obs_global_index,obs_id,chunk_id_assigned,total_chunks,run_tag,center_index,center_az,scenario_name,scenario_index,trial_id,planned_flag,completed_flag
1,cp00p00_easy_noncoherent_t0001,1,120,formal_tps30,1,0,easy_noncoherent,1,1,0,0
2,cp00p00_easy_noncoherent_t0002,2,120,formal_tps30,1,0,easy_noncoherent,1,2,0,0
3,cp00p00_easy_noncoherent_t0003,3,120,formal_tps30,1,0,easy_noncoherent,1,3,0,0
4,cp00p00_easy_noncoherent_t0004,4,120,formal_tps30,1,0,easy_noncoherent,1,4,0,0
5,cp00p00_easy_noncoherent_t0005,5,120,formal_tps30,1,0,easy_noncoherent,1,5,0,0
6,cp00p00_easy_noncoherent_t0006,6,120,formal_tps30,1,0,easy_noncoherent,1,6,0,0
7,cp00p00_easy_noncoherent_t0007,7,120,formal_tps30,1,0,easy_noncoherent,1,7,0,0
8,cp00p00_easy_noncoherent_t0008,8,120,formal_tps30,1,0,easy_noncoherent,1,8,0,0
9,cp00p00_easy_noncoherent_t0009,9,120,formal_tps30,1,0,easy_noncoherent,1,9,0,0
10,cp00p00_easy_noncoherent_t0010,10,120,formal_tps30,1,0,easy_noncoherent,1,10,0,0
11,cp00p00_easy_noncoherent_t0011,11,120,formal_tps30,1,0,easy_noncoherent,1,11,0,0
12,cp00p00_easy_noncoherent_t0012,12,120,formal_tps30,1,0,easy_noncoherent,1,12,0,0
13,cp00p00_easy_noncoherent_t0013,13,120,formal_tps30,1,0,easy_noncoherent,1,13,0,0
14,cp00p00_easy_noncoherent_t0014,14,120,formal_tps30,1,0,easy_noncoherent,1,14,0,0
15,cp00p00_easy_noncoherent_t0015,15,120,formal_tps30,1,0,easy_noncoherent,1,15,0,0
16,cp00p00_easy_noncoherent_t0016,16,120,formal_tps30,1,0,easy_noncoherent,1,16,0,0
17,cp00p00_easy_noncoherent_t0017,17,120,formal_tps30,1,0,easy_noncoherent,1,17,0,0
18,cp00p00_easy_noncoherent_t0018,18,120,formal_tps30,1,0,easy_noncoherent,1,18,0,0
19,cp00p00_easy_noncoherent_t0019,19,120,formal_tps30,1,0,easy_noncoherent,1,19,0,0
20,cp00p00_easy_noncoherent_t0020,20,120,formal_tps30,1,0,easy_noncoherent,1,20,0,0
21,cp00p00_easy_noncoherent_t0021,21,120,formal_tps30,1,0,easy_noncoherent,1,21,0,0
22,cp00p00_easy_noncoherent_t0022,22,120,formal_tps30,1,0,easy_noncoherent,1,22,0,0
23,cp00p00_easy_noncoherent_t0023,23,120,formal_tps30,1,0,easy_noncoherent,1,23,0,0
24,cp00p00_easy_noncoherent_t0024,24,120,formal_tps30,1,0,easy_noncoherent,1,24,0,0
25,cp00p00_easy_noncoherent_t0025,25,120,formal_tps30,1,0,easy_noncoherent,1,25,0,0
26,cp00p00_easy_noncoherent_t0026,26,120,formal_tps30,1,0,easy_noncoherent,1,26,0,0
27,cp00p00_easy_noncoherent_t0027,27,120,formal_tps30,1,0,easy_noncoherent,1,27,0,0
28,cp00p00_easy_noncoherent_t0028,28,120,formal_tps30,1,0,easy_noncoherent,1,28,0,0
29,cp00p00_easy_noncoherent_t0029,29,120,formal_tps30,1,0,easy_noncoherent,1,29,0,0
30,cp00p00_easy_noncoherent_t0030,30,120,formal_tps30,1,0,easy_noncoherent,1,30,0,0
31,cp00p00_strong_coherent_t0001,31,120,formal_tps30,1,0,strong_coherent,2,1,0,0
32,cp00p00_strong_coherent_t0002,32,120,formal_tps30,1,0,strong_coherent,2,2,0,0
33,cp00p00_strong_coherent_t0003,33,120,formal_tps30,1,0,strong_coherent,2,3,0,0
34,cp00p00_strong_coherent_t0004,34,120,formal_tps30,1,0,strong_coherent,2,4,0,0
35,cp00p00_strong_coherent_t0005,35,120,formal_tps30,1,0,strong_coherent,2,5,0,0
36,cp00p00_strong_coherent_t0006,36,120,formal_tps30,1,0,strong_coherent,2,6,0,0
37,cp00p00_strong_coherent_t0007,37,120,formal_tps30,1,0,strong_coherent,2,7,0,0
38,cp00p00_strong_coherent_t0008,38,120,formal_tps30,1,0,strong_coherent,2,8,0,0
39,cp00p00_strong_coherent_t0009,39,120,formal_tps30,1,0,strong_coherent,2,9,0,0
40,cp00p00_strong_coherent_t0010,40,120,formal_tps30,1,0,strong_coherent,2,10,0,0
41,cp00p00_strong_coherent_t0011,41,120,formal_tps30,1,0,strong_coherent,2,11,0,0
42,cp00p00_strong_coherent_t0012,42,120,formal_tps30,1,0,strong_coherent,2,12,0,0
43,cp00p00_strong_coherent_t0013,43,120,formal_tps30,1,0,strong_coherent,2,13,0,0
44,cp00p00_strong_coherent_t0014,44,120,formal_tps30,1,0,strong_coherent,2,14,0,0
45,cp00p00_strong_coherent_t0015,45,120,formal_tps30,1,0,strong_coherent,2,15,0,0
46,cp00p00_strong_coherent_t0016,46,120,formal_tps30,1,0,strong_coherent,2,16,0,0
47,cp00p00_strong_coherent_t0017,47,120,formal_tps30,1,0,strong_coherent,2,17,0,0
48,cp00p00_strong_coherent_t0018,48,120,formal_tps30,1,0,strong_coherent,2,18,0,0
49,cp00p00_strong_coherent_t0019,49,120,formal_tps30,1,0,strong_coherent,2,19,0,0
50,cp00p00_strong_coherent_t0020,50,120,formal_tps30,1,0,strong_coherent,2,20,0,0
51,cp00p00_strong_coherent_t0021,51,120,formal_tps30,1,0,strong_coherent,2,21,0,0
52,cp00p00_strong_coherent_t0022,52,120,formal_tps30,1,0,strong_coherent,2,22,0,0
53,cp00p00_strong_coherent_t0023,53,120,formal_tps30,1,0,strong_coherent,2,23,0,0
54,cp00p00_strong_coherent_t0024,54,120,formal_tps30,1,0,strong_coherent,2,24,0,0
55,cp00p00_strong_coherent_t0025,55,120,formal_tps30,1,0,strong_coherent,2,25,0,0
56,cp00p00_strong_coherent_t0026,56,120,formal_tps30,1,0,strong_coherent,2,26,0,0
57,cp00p00_strong_coherent_t0027,57,120,formal_tps30,1,0,strong_coherent,2,27,0,0
58,cp00p00_strong_coherent_t0028,58,120,formal_tps30,1,0,strong_coherent,2,28,0,0
59,cp00p00_strong_coherent_t0029,59,120,formal_tps30,1,0,strong_coherent,2,29,0,0
60,cp00p00_strong_coherent_t0030,60,120,formal_tps30,1,0,strong_coherent,2,30,0,0
61,cp00p00_hard_phase_t0001,61,120,formal_tps30,1,0,hard_phase,3,1,0,0
62,cp00p00_hard_phase_t0002,62,120,formal_tps30,1,0,hard_phase,3,2,0,0
63,cp00p00_hard_phase_t0003,63,120,formal_tps30,1,0,hard_phase,3,3,0,0
64,cp00p00_hard_phase_t0004,64,120,formal_tps30,1,0,hard_phase,3,4,0,0
65,cp00p00_hard_phase_t0005,65,120,formal_tps30,1,0,hard_phase,3,5,0,0
66,cp00p00_hard_phase_t0006,66,120,formal_tps30,1,0,hard_phase,3,6,0,0
67,cp00p00_hard_phase_t0007,67,120,formal_tps30,1,0,hard_phase,3,7,0,0
68,cp00p00_hard_phase_t0008,68,120,formal_tps30,1,0,hard_phase,3,8,0,0
69,cp00p00_hard_phase_t0009,69,120,formal_tps30,1,0,hard_phase,3,9,0,0
70,cp00p00_hard_phase_t0010,70,120,formal_tps30,1,0,hard_phase,3,10,0,0
71,cp00p00_hard_phase_t0011,71,120,formal_tps30,1,0,hard_phase,3,11,0,0
72,cp00p00_hard_phase_t0012,72,120,formal_tps30,1,0,hard_phase,3,12,0,0
73,cp00p00_hard_phase_t0013,73,120,formal_tps30,1,0,hard_phase,3,13,0,0
74,cp00p00_hard_phase_t0014,74,120,formal_tps30,1,0,hard_phase,3,14,0,0
75,cp00p00_hard_phase_t0015,75,120,formal_tps30,1,0,hard_phase,3,15,0,0
76,cp00p00_hard_phase_t0016,76,120,formal_tps30,1,0,hard_phase,3,16,0,0
77,cp00p00_hard_phase_t0017,77,120,formal_tps30,1,0,hard_phase,3,17,0,0
78,cp00p00_hard_phase_t0018,78,120,formal_tps30,1,0,hard_phase,3,18,0,0
79,cp00p00_hard_phase_t0019,79,120,formal_tps30,1,0,hard_phase,3,19,0,0
80,cp00p00_hard_phase_t0020,80,120,formal_tps30,1,0,hard_phase,3,20,0,0
81,cp00p00_hard_phase_t0021,81,120,formal_tps30,1,0,hard_phase,3,21,0,0
82,cp00p00_hard_phase_t0022,82,120,formal_tps30,1,0,hard_phase,3,22,0,0
83,cp00p00_hard_phase_t0023,83,120,formal_tps30,1,0,hard_phase,3,23,0,0
84,cp00p00_hard_phase_t0024,84,120,formal_tps30,1,0,hard_phase,3,24,0,0
85,cp00p00_hard_phase_t0025,85,120,formal_tps30,1,0,hard_phase,3,25,0,0
86,cp00p00_hard_phase_t0026,86,120,formal_tps30,1,0,hard_phase,3,26,0,0
87,cp00p00_hard_phase_t0027,87,120,formal_tps30,1,0,hard_phase,3,27,0,0
88,cp00p00_hard_phase_t0028,88,120,formal_tps30,1,0,hard_phase,3,28,0,0
89,cp00p00_hard_phase_t0029,89,120,formal_tps30,1,0,hard_phase,3,29,0,0
90,cp00p00_hard_phase_t0030,90,120,formal_tps30,1,0,hard_phase,3,30,0,0
91,cp00p00_weak_secondary_t0001,91,120,formal_tps30,1,0,weak_secondary,4,1,0,0
92,cp00p00_weak_secondary_t0002,92,120,formal_tps30,1,0,weak_secondary,4,2,0,0
93,cp00p00_weak_secondary_t0003,93,120,formal_tps30,1,0,weak_secondary,4,3,0,0
94,cp00p00_weak_secondary_t0004,94,120,formal_tps30,1,0,weak_secondary,4,4,0,0
95,cp00p00_weak_secondary_t0005,95,120,formal_tps30,1,0,weak_secondary,4,5,0,0
96,cp00p00_weak_secondary_t0006,96,120,formal_tps30,1,0,weak_secondary,4,6,0,0
97,cp00p00_weak_secondary_t0007,97,120,formal_tps30,1,0,weak_secondary,4,7,0,0
98,cp00p00_weak_secondary_t0008,98,120,formal_tps30,1,0,weak_secondary,4,8,0,0
99,cp00p00_weak_secondary_t0009,99,120,formal_tps30,1,0,weak_secondary,4,9,0,0
100,cp00p00_weak_secondary_t0010,100,120,formal_tps30,1,0,weak_secondary,4,10,0,0
101,cp00p00_weak_secondary_t0011,101,120,formal_tps30,1,0,weak_secondary,4,11,0,0
102,cp00p00_weak_secondary_t0012,102,120,formal_tps30,1,0,weak_secondary,4,12,0,0
103,cp00p00_weak_secondary_t0013,103,120,formal_tps30,1,0,weak_secondary,4,13,0,0
104,cp00p00_weak_secondary_t0014,104,120,formal_tps30,1,0,weak_secondary,4,14,0,0
105,cp00p00_weak_secondary_t0015,105,120,formal_tps30,1,0,weak_secondary,4,15,0,0
106,cp00p00_weak_secondary_t0016,106,120,formal_tps30,1,0,weak_secondary,4,16,0,0
107,cp00p00_weak_secondary_t0017,107,120,formal_tps30,1,0,weak_secondary,4,17,0,0
108,cp00p00_weak_secondary_t0018,108,120,formal_tps30,1,0,weak_secondary,4,18,0,0
109,cp00p00_weak_secondary_t0019,109,120,formal_tps30,1,0,weak_secondary,4,19,0,0
110,cp00p00_weak_secondary_t0020,110,120,formal_tps30,1,0,weak_secondary,4,20,0,0
111,cp00p00_weak_secondary_t0021,111,120,formal_tps30,1,0,weak_secondary,4,21,0,0
112,cp00p00_weak_secondary_t0022,112,120,formal_tps30,1,0,weak_secondary,4,22,0,0
113,cp00p00_weak_secondary_t0023,113,120,formal_tps30,1,0,weak_secondary,4,23,0,0
114,cp00p00_weak_secondary_t0024,114,120,formal_tps30,1,0,weak_secondary,4,24,1,0
115,cp00p00_weak_secondary_t0025,115,120,formal_tps30,1,0,weak_secondary,4,25,0,0
116,cp00p00_weak_secondary_t0026,116,120,formal_tps30,1,0,weak_secondary,4,26,0,0
117,cp00p00_weak_secondary_t0027,117,120,formal_tps30,1,0,weak_secondary,4,27,0,0
118,cp00p00_weak_secondary_t0028,118,120,formal_tps30,1,0,weak_secondary,4,28,0,0
119,cp00p00_weak_secondary_t0029,119,120,formal_tps30,1,0,weak_secondary,4,29,0,0
120,cp00p00_weak_secondary_t0030,120,120,formal_tps30,1,0,weak_secondary,4,30,0,0
121,cp00p00_low_snr_hard_t0001,1,120,formal_tps30,1,0,low_snr_hard,5,1,0,0
122,cp00p00_low_snr_hard_t0002,2,120,formal_tps30,1,0,low_snr_hard,5,2,0,0
123,cp00p00_low_snr_hard_t0003,3,120,formal_tps30,1,0,low_snr_hard,5,3,0,0
124,cp00p00_low_snr_hard_t0004,4,120,formal_tps30,1,0,low_snr_hard,5,4,0,0
125,cp00p00_low_snr_hard_t0005,5,120,formal_tps30,1,0,low_snr_hard,5,5,0,0
126,cp00p00_low_snr_hard_t0006,6,120,formal_tps30,1,0,low_snr_hard,5,6,0,0
127,cp00p00_low_snr_hard_t0007,7,120,formal_tps30,1,0,low_snr_hard,5,7,0,0
128,cp00p00_low_snr_hard_t0008,8,120,formal_tps30,1,0,low_snr_hard,5,8,0,0
129,cp00p00_low_snr_hard_t0009,9,120,formal_tps30,1,0,low_snr_hard,5,9,0,0
130,cp00p00_low_snr_hard_t0010,10,120,formal_tps30,1,0,low_snr_hard,5,10,0,0
131,cp00p00_low_snr_hard_t0011,11,120,formal_tps30,1,0,low_snr_hard,5,11,0,0
132,cp00p00_low_snr_hard_t0012,12,120,formal_tps30,1,0,low_snr_hard,5,12,0,0
133,cp00p00_low_snr_hard_t0013,13,120,formal_tps30,1,0,low_snr_hard,5,13,0,0
134,cp00p00_low_snr_hard_t0014,14,120,formal_tps30,1,0,low_snr_hard,5,14,0,0
135,cp00p00_low_snr_hard_t0015,15,120,formal_tps30,1,0,low_snr_hard,5,15,0,0
136,cp00p00_low_snr_hard_t0016,16,120,formal_tps30,1,0,low_snr_hard,5,16,0,0
137,cp00p00_low_snr_hard_t0017,17,120,formal_tps30,1,0,low_snr_hard,5,17,0,0
138,cp00p00_low_snr_hard_t0018,18,120,formal_tps30,1,0,low_snr_hard,5,18,0,0
139,cp00p00_low_snr_hard_t0019,19,120,formal_tps30,1,0,low_snr_hard,5,19,0,0
140,cp00p00_low_snr_hard_t0020,20,120,formal_tps30,1,0,low_snr_hard,5,20,0,0
141,cp00p00_low_snr_hard_t0021,21,120,formal_tps30,1,0,low_snr_hard,5,21,0,0
142,cp00p00_low_snr_hard_t0022,22,120,formal_tps30,1,0,low_snr_hard,5,22,0,0
143,cp00p00_low_snr_hard_t0023,23,120,formal_tps30,1,0,low_snr_hard,5,23,0,0
144,cp00p00_low_snr_hard_t0024,24,120,formal_tps30,1,0,low_snr_hard,5,24,0,0
145,cp00p00_low_snr_hard_t0025,25,120,formal_tps30,1,0,low_snr_hard,5,25,0,0
146,cp00p00_low_snr_hard_t0026,26,120,formal_tps30,1,0,low_snr_hard,5,26,0,0
147,cp00p00_low_snr_hard_t0027,27,120,formal_tps30,1,0,low_snr_hard,5,27,0,0
148,cp00p00_low_snr_hard_t0028,28,120,formal_tps30,1,0,low_snr_hard,5,28,0,0
149,cp00p00_low_snr_hard_t0029,29,120,formal_tps30,1,0,low_snr_hard,5,29,0,0
150,cp00p00_low_snr_hard_t0030,30,120,formal_tps30,1,0,low_snr_hard,5,30,0,0
151,cp00p00_near_tie_close_sep_t0001,31,120,formal_tps30,1,0,near_tie_close_sep,6,1,0,0
152,cp00p00_near_tie_close_sep_t0002,32,120,formal_tps30,1,0,near_tie_close_sep,6,2,0,0
153,cp00p00_near_tie_close_sep_t0003,33,120,formal_tps30,1,0,near_tie_close_sep,6,3,0,0
154,cp00p00_near_tie_close_sep_t0004,34,120,formal_tps30,1,0,near_tie_close_sep,6,4,0,0
155,cp00p00_near_tie_close_sep_t0005,35,120,formal_tps30,1,0,near_tie_close_sep,6,5,0,0
156,cp00p00_near_tie_close_sep_t0006,36,120,formal_tps30,1,0,near_tie_close_sep,6,6,0,0
157,cp00p00_near_tie_close_sep_t0007,37,120,formal_tps30,1,0,near_tie_close_sep,6,7,0,0
158,cp00p00_near_tie_close_sep_t0008,38,120,formal_tps30,1,0,near_tie_close_sep,6,8,0,0
159,cp00p00_near_tie_close_sep_t0009,39,120,formal_tps30,1,0,near_tie_close_sep,6,9,0,0
160,cp00p00_near_tie_close_sep_t0010,40,120,formal_tps30,1,0,near_tie_close_sep,6,10,0,0
161,cp00p00_near_tie_close_sep_t0011,41,120,formal_tps30,1,0,near_tie_close_sep,6,11,0,0
162,cp00p00_near_tie_close_sep_t0012,42,120,formal_tps30,1,0,near_tie_close_sep,6,12,0,0
163,cp00p00_near_tie_close_sep_t0013,43,120,formal_tps30,1,0,near_tie_close_sep,6,13,0,0
164,cp00p00_near_tie_close_sep_t0014,44,120,formal_tps30,1,0,near_tie_close_sep,6,14,0,0
165,cp00p00_near_tie_close_sep_t0015,45,120,formal_tps30,1,0,near_tie_close_sep,6,15,0,0
166,cp00p00_near_tie_close_sep_t0016,46,120,formal_tps30,1,0,near_tie_close_sep,6,16,0,0
167,cp00p00_near_tie_close_sep_t0017,47,120,formal_tps30,1,0,near_tie_close_sep,6,17,0,0
168,cp00p00_near_tie_close_sep_t0018,48,120,formal_tps30,1,0,near_tie_close_sep,6,18,0,0
169,cp00p00_near_tie_close_sep_t0019,49,120,formal_tps30,1,0,near_tie_close_sep,6,19,0,0
170,cp00p00_near_tie_close_sep_t0020,50,120,formal_tps30,1,0,near_tie_close_sep,6,20,0,0
171,cp00p00_near_tie_close_sep_t0021,51,120,formal_tps30,1,0,near_tie_close_sep,6,21,0,0
172,cp00p00_near_tie_close_sep_t0022,52,120,formal_tps30,1,0,near_tie_close_sep,6,22,0,0
173,cp00p00_near_tie_close_sep_t0023,53,120,formal_tps30,1,0,near_tie_close_sep,6,23,0,0
174,cp00p00_near_tie_close_sep_t0024,54,120,formal_tps30,1,0,near_tie_close_sep,6,24,0,0
175,cp00p00_near_tie_close_sep_t0025,55,120,formal_tps30,1,0,near_tie_close_sep,6,25,0,0
176,cp00p00_near_tie_close_sep_t0026,56,120,formal_tps30,1,0,near_tie_close_sep,6,26,0,0
177,cp00p00_near_tie_close_sep_t0027,57,120,formal_tps30,1,0,near_tie_close_sep,6,27,0,0
178,cp00p00_near_tie_close_sep_t0028,58,120,formal_tps30,1,0,near_tie_close_sep,6,28,0,0
179,cp00p00_near_tie_close_sep_t0029,59,120,formal_tps30,1,0,near_tie_close_sep,6,29,0,0
180,cp00p00_near_tie_close_sep_t0030,60,120,formal_tps30,1,0,near_tie_close_sep,6,30,0,0
181,cp00p00_medium_beta_coherent_t0001,61,120,formal_tps30,1,0,medium_beta_coherent,7,1,0,0
182,cp00p00_medium_beta_coherent_t0002,62,120,formal_tps30,1,0,medium_beta_coherent,7,2,0,0
183,cp00p00_medium_beta_coherent_t0003,63,120,formal_tps30,1,0,medium_beta_coherent,7,3,0,0
184,cp00p00_medium_beta_coherent_t0004,64,120,formal_tps30,1,0,medium_beta_coherent,7,4,0,0
185,cp00p00_medium_beta_coherent_t0005,65,120,formal_tps30,1,0,medium_beta_coherent,7,5,0,0
186,cp00p00_medium_beta_coherent_t0006,66,120,formal_tps30,1,0,medium_beta_coherent,7,6,0,0
187,cp00p00_medium_beta_coherent_t0007,67,120,formal_tps30,1,0,medium_beta_coherent,7,7,0,0
188,cp00p00_medium_beta_coherent_t0008,68,120,formal_tps30,1,0,medium_beta_coherent,7,8,0,0
189,cp00p00_medium_beta_coherent_t0009,69,120,formal_tps30,1,0,medium_beta_coherent,7,9,0,0
190,cp00p00_medium_beta_coherent_t0010,70,120,formal_tps30,1,0,medium_beta_coherent,7,10,0,0
191,cp00p00_medium_beta_coherent_t0011,71,120,formal_tps30,1,0,medium_beta_coherent,7,11,0,0
192,cp00p00_medium_beta_coherent_t0012,72,120,formal_tps30,1,0,medium_beta_coherent,7,12,0,0
193,cp00p00_medium_beta_coherent_t0013,73,120,formal_tps30,1,0,medium_beta_coherent,7,13,0,0
194,cp00p00_medium_beta_coherent_t0014,74,120,formal_tps30,1,0,medium_beta_coherent,7,14,0,0
195,cp00p00_medium_beta_coherent_t0015,75,120,formal_tps30,1,0,medium_beta_coherent,7,15,0,0
196,cp00p00_medium_beta_coherent_t0016,76,120,formal_tps30,1,0,medium_beta_coherent,7,16,0,0
197,cp00p00_medium_beta_coherent_t0017,77,120,formal_tps30,1,0,medium_beta_coherent,7,17,0,0
198,cp00p00_medium_beta_coherent_t0018,78,120,formal_tps30,1,0,medium_beta_coherent,7,18,0,0
199,cp00p00_medium_beta_coherent_t0019,79,120,formal_tps30,1,0,medium_beta_coherent,7,19,0,0
200,cp00p00_medium_beta_coherent_t0020,80,120,formal_tps30,1,0,medium_beta_coherent,7,20,0,0
201,cp00p00_medium_beta_coherent_t0021,81,120,formal_tps30,1,0,medium_beta_coherent,7,21,0,0
202,cp00p00_medium_beta_coherent_t0022,82,120,formal_tps30,1,0,medium_beta_coherent,7,22,0,0
203,cp00p00_medium_beta_coherent_t0023,83,120,formal_tps30,1,0,medium_beta_coherent,7,23,0,0
204,cp00p00_medium_beta_coherent_t0024,84,120,formal_tps30,1,0,medium_beta_coherent,7,24,0,0
205,cp00p00_medium_beta_coherent_t0025,85,120,formal_tps30,1,0,medium_beta_coherent,7,25,0,0
206,cp00p00_medium_beta_coherent_t0026,86,120,formal_tps30,1,0,medium_beta_coherent,7,26,0,0
207,cp00p00_medium_beta_coherent_t0027,87,120,formal_tps30,1,0,medium_beta_coherent,7,27,0,0
208,cp00p00_medium_beta_coherent_t0028,88,120,formal_tps30,1,0,medium_beta_coherent,7,28,0,0
209,cp00p00_medium_beta_coherent_t0029,89,120,formal_tps30,1,0,medium_beta_coherent,7,29,0,0
210,cp00p00_medium_beta_coherent_t0030,90,120,formal_tps30,1,0,medium_beta_coherent,7,30,0,0
211,cp00p00_large_el_pair_t0001,91,120,formal_tps30,1,0,large_el_pair,8,1,0,0
212,cp00p00_large_el_pair_t0002,92,120,formal_tps30,1,0,large_el_pair,8,2,0,0
213,cp00p00_large_el_pair_t0003,93,120,formal_tps30,1,0,large_el_pair,8,3,0,0
214,cp00p00_large_el_pair_t0004,94,120,formal_tps30,1,0,large_el_pair,8,4,0,0
215,cp00p00_large_el_pair_t0005,95,120,formal_tps30,1,0,large_el_pair,8,5,0,0
216,cp00p00_large_el_pair_t0006,96,120,formal_tps30,1,0,large_el_pair,8,6,0,0
217,cp00p00_large_el_pair_t0007,97,120,formal_tps30,1,0,large_el_pair,8,7,0,0
218,cp00p00_large_el_pair_t0008,98,120,formal_tps30,1,0,large_el_pair,8,8,0,0
219,cp00p00_large_el_pair_t0009,99,120,formal_tps30,1,0,large_el_pair,8,9,0,0
220,cp00p00_large_el_pair_t0010,100,120,formal_tps30,1,0,large_el_pair,8,10,0,0
221,cp00p00_large_el_pair_t0011,101,120,formal_tps30,1,0,large_el_pair,8,11,0,0
222,cp00p00_large_el_pair_t0012,102,120,formal_tps30,1,0,large_el_pair,8,12,0,0
223,cp00p00_large_el_pair_t0013,103,120,formal_tps30,1,0,large_el_pair,8,13,0,0
224,cp00p00_large_el_pair_t0014,104,120,formal_tps30,1,0,large_el_pair,8,14,0,0
225,cp00p00_large_el_pair_t0015,105,120,formal_tps30,1,0,large_el_pair,8,15,0,0
226,cp00p00_large_el_pair_t0016,106,120,formal_tps30,1,0,large_el_pair,8,16,0,0
227,cp00p00_large_el_pair_t0017,107,120,formal_tps30,1,0,large_el_pair,8,17,0,0
228,cp00p00_large_el_pair_t0018,108,120,formal_tps30,1,0,large_el_pair,8,18,0,0
229,cp00p00_large_el_pair_t0019,109,120,formal_tps30,1,0,large_el_pair,8,19,0,0
230,cp00p00_large_el_pair_t0020,110,120,formal_tps30,1,0,large_el_pair,8,20,0,0
231,cp00p00_large_el_pair_t0021,111,120,formal_tps30,1,0,large_el_pair,8,21,0,0
232,cp00p00_large_el_pair_t0022,112,120,formal_tps30,1,0,large_el_pair,8,22,0,0
233,cp00p00_large_el_pair_t0023,113,120,formal_tps30,1,0,large_el_pair,8,23,0,0
234,cp00p00_large_el_pair_t0024,114,120,formal_tps30,1,0,large_el_pair,8,24,1,0
235,cp00p00_large_el_pair_t0025,115,120,formal_tps30,1,0,large_el_pair,8,25,0,0
236,cp00p00_large_el_pair_t0026,116,120,formal_tps30,1,0,large_el_pair,8,26,0,0
237,cp00p00_large_el_pair_t0027,117,120,formal_tps30,1,0,large_el_pair,8,27,0,0
238,cp00p00_large_el_pair_t0028,118,120,formal_tps30,1,0,large_el_pair,8,28,0,0
239,cp00p00_large_el_pair_t0029,119,120,formal_tps30,1,0,large_el_pair,8,29,0,0
240,cp00p00_large_el_pair_t0030,120,120,formal_tps30,1,0,large_el_pair,8,30,0,0
241,cp00p00_cache_boundary_center_t0001,1,120,formal_tps30,1,0,cache_boundary_center,9,1,0,0
242,cp00p00_cache_boundary_center_t0002,2,120,formal_tps30,1,0,cache_boundary_center,9,2,0,0
243,cp00p00_cache_boundary_center_t0003,3,120,formal_tps30,1,0,cache_boundary_center,9,3,0,0
244,cp00p00_cache_boundary_center_t0004,4,120,formal_tps30,1,0,cache_boundary_center,9,4,0,0
245,cp00p00_cache_boundary_center_t0005,5,120,formal_tps30,1,0,cache_boundary_center,9,5,0,0
246,cp00p00_cache_boundary_center_t0006,6,120,formal_tps30,1,0,cache_boundary_center,9,6,0,0
247,cp00p00_cache_boundary_center_t0007,7,120,formal_tps30,1,0,cache_boundary_center,9,7,0,0
248,cp00p00_cache_boundary_center_t0008,8,120,formal_tps30,1,0,cache_boundary_center,9,8,0,0
249,cp00p00_cache_boundary_center_t0009,9,120,formal_tps30,1,0,cache_boundary_center,9,9,0,0
250,cp00p00_cache_boundary_center_t0010,10,120,formal_tps30,1,0,cache_boundary_center,9,10,0,0
251,cp00p00_cache_boundary_center_t0011,11,120,formal_tps30,1,0,cache_boundary_center,9,11,0,0
252,cp00p00_cache_boundary_center_t0012,12,120,formal_tps30,1,0,cache_boundary_center,9,12,0,0
253,cp00p00_cache_boundary_center_t0013,13,120,formal_tps30,1,0,cache_boundary_center,9,13,0,0
254,cp00p00_cache_boundary_center_t0014,14,120,formal_tps30,1,0,cache_boundary_center,9,14,0,0
255,cp00p00_cache_boundary_center_t0015,15,120,formal_tps30,1,0,cache_boundary_center,9,15,0,0
256,cp00p00_cache_boundary_center_t0016,16,120,formal_tps30,1,0,cache_boundary_center,9,16,0,0
257,cp00p00_cache_boundary_center_t0017,17,120,formal_tps30,1,0,cache_boundary_center,9,17,0,0
258,cp00p00_cache_boundary_center_t0018,18,120,formal_tps30,1,0,cache_boundary_center,9,18,0,0
259,cp00p00_cache_boundary_center_t0019,19,120,formal_tps30,1,0,cache_boundary_center,9,19,0,0
260,cp00p00_cache_boundary_center_t0020,20,120,formal_tps30,1,0,cache_boundary_center,9,20,0,0
261,cp00p00_cache_boundary_center_t0021,21,120,formal_tps30,1,0,cache_boundary_center,9,21,0,0
262,cp00p00_cache_boundary_center_t0022,22,120,formal_tps30,1,0,cache_boundary_center,9,22,0,0
263,cp00p00_cache_boundary_center_t0023,23,120,formal_tps30,1,0,cache_boundary_center,9,23,0,0
264,cp00p00_cache_boundary_center_t0024,24,120,formal_tps30,1,0,cache_boundary_center,9,24,0,0
265,cp00p00_cache_boundary_center_t0025,25,120,formal_tps30,1,0,cache_boundary_center,9,25,0,0
266,cp00p00_cache_boundary_center_t0026,26,120,formal_tps30,1,0,cache_boundary_center,9,26,0,0
267,cp00p00_cache_boundary_center_t0027,27,120,formal_tps30,1,0,cache_boundary_center,9,27,0,0
268,cp00p00_cache_boundary_center_t0028,28,120,formal_tps30,1,0,cache_boundary_center,9,28,0,0
269,cp00p00_cache_boundary_center_t0029,29,120,formal_tps30,1,0,cache_boundary_center,9,29,0,0
270,cp00p00_cache_boundary_center_t0030,30,120,formal_tps30,1,0,cache_boundary_center,9,30,0,0
271,cp00p00_low_margin_score_gap_t0001,31,120,formal_tps30,1,0,low_margin_score_gap,10,1,0,0
272,cp00p00_low_margin_score_gap_t0002,32,120,formal_tps30,1,0,low_margin_score_gap,10,2,0,0
273,cp00p00_low_margin_score_gap_t0003,33,120,formal_tps30,1,0,low_margin_score_gap,10,3,0,0
274,cp00p00_low_margin_score_gap_t0004,34,120,formal_tps30,1,0,low_margin_score_gap,10,4,0,0
275,cp00p00_low_margin_score_gap_t0005,35,120,formal_tps30,1,0,low_margin_score_gap,10,5,0,0
276,cp00p00_low_margin_score_gap_t0006,36,120,formal_tps30,1,0,low_margin_score_gap,10,6,0,0
277,cp00p00_low_margin_score_gap_t0007,37,120,formal_tps30,1,0,low_margin_score_gap,10,7,0,0
278,cp00p00_low_margin_score_gap_t0008,38,120,formal_tps30,1,0,low_margin_score_gap,10,8,0,0
279,cp00p00_low_margin_score_gap_t0009,39,120,formal_tps30,1,0,low_margin_score_gap,10,9,0,0
280,cp00p00_low_margin_score_gap_t0010,40,120,formal_tps30,1,0,low_margin_score_gap,10,10,0,0
281,cp00p00_low_margin_score_gap_t0011,41,120,formal_tps30,1,0,low_margin_score_gap,10,11,0,0
282,cp00p00_low_margin_score_gap_t0012,42,120,formal_tps30,1,0,low_margin_score_gap,10,12,0,0
283,cp00p00_low_margin_score_gap_t0013,43,120,formal_tps30,1,0,low_margin_score_gap,10,13,0,0
284,cp00p00_low_margin_score_gap_t0014,44,120,formal_tps30,1,0,low_margin_score_gap,10,14,0,0
285,cp00p00_low_margin_score_gap_t0015,45,120,formal_tps30,1,0,low_margin_score_gap,10,15,0,0
286,cp00p00_low_margin_score_gap_t0016,46,120,formal_tps30,1,0,low_margin_score_gap,10,16,0,0
287,cp00p00_low_margin_score_gap_t0017,47,120,formal_tps30,1,0,low_margin_score_gap,10,17,0,0
288,cp00p00_low_margin_score_gap_t0018,48,120,formal_tps30,1,0,low_margin_score_gap,10,18,0,0
289,cp00p00_low_margin_score_gap_t0019,49,120,formal_tps30,1,0,low_margin_score_gap,10,19,0,0
290,cp00p00_low_margin_score_gap_t0020,50,120,formal_tps30,1,0,low_margin_score_gap,10,20,0,0
291,cp00p00_low_margin_score_gap_t0021,51,120,formal_tps30,1,0,low_margin_score_gap,10,21,0,0
292,cp00p00_low_margin_score_gap_t0022,52,120,formal_tps30,1,0,low_margin_score_gap,10,22,0,0
293,cp00p00_low_margin_score_gap_t0023,53,120,formal_tps30,1,0,low_margin_score_gap,10,23,0,0
294,cp00p00_low_margin_score_gap_t0024,54,120,formal_tps30,1,0,low_margin_score_gap,10,24,0,0
295,cp00p00_low_margin_score_gap_t0025,55,120,formal_tps30,1,0,low_margin_score_gap,10,25,0,0
296,cp00p00_low_margin_score_gap_t0026,56,120,formal_tps30,1,0,low_margin_score_gap,10,26,0,0
297,cp00p00_low_margin_score_gap_t0027,57,120,formal_tps30,1,0,low_margin_score_gap,10,27,0,0
298,cp00p00_low_margin_score_gap_t0028,58,120,formal_tps30,1,0,low_margin_score_gap,10,28,0,0
299,cp00p00_low_margin_score_gap_t0029,59,120,formal_tps30,1,0,low_margin_score_gap,10,29,0,0
300,cp00p00_low_margin_score_gap_t0030,60,120,formal_tps30,1,0,low_margin_score_gap,10,30,0,0
301,cp04p00_easy_noncoherent_t0001,61,120,formal_tps30,2,4,easy_noncoherent,1,1,0,0
302,cp04p00_easy_noncoherent_t0002,62,120,formal_tps30,2,4,easy_noncoherent,1,2,0,0
303,cp04p00_easy_noncoherent_t0003,63,120,formal_tps30,2,4,easy_noncoherent,1,3,0,0
304,cp04p00_easy_noncoherent_t0004,64,120,formal_tps30,2,4,easy_noncoherent,1,4,0,0
305,cp04p00_easy_noncoherent_t0005,65,120,formal_tps30,2,4,easy_noncoherent,1,5,0,0
306,cp04p00_easy_noncoherent_t0006,66,120,formal_tps30,2,4,easy_noncoherent,1,6,0,0
307,cp04p00_easy_noncoherent_t0007,67,120,formal_tps30,2,4,easy_noncoherent,1,7,0,0
308,cp04p00_easy_noncoherent_t0008,68,120,formal_tps30,2,4,easy_noncoherent,1,8,0,0
309,cp04p00_easy_noncoherent_t0009,69,120,formal_tps30,2,4,easy_noncoherent,1,9,0,0
310,cp04p00_easy_noncoherent_t0010,70,120,formal_tps30,2,4,easy_noncoherent,1,10,0,0
311,cp04p00_easy_noncoherent_t0011,71,120,formal_tps30,2,4,easy_noncoherent,1,11,0,0
312,cp04p00_easy_noncoherent_t0012,72,120,formal_tps30,2,4,easy_noncoherent,1,12,0,0
313,cp04p00_easy_noncoherent_t0013,73,120,formal_tps30,2,4,easy_noncoherent,1,13,0,0
314,cp04p00_easy_noncoherent_t0014,74,120,formal_tps30,2,4,easy_noncoherent,1,14,0,0
315,cp04p00_easy_noncoherent_t0015,75,120,formal_tps30,2,4,easy_noncoherent,1,15,0,0
316,cp04p00_easy_noncoherent_t0016,76,120,formal_tps30,2,4,easy_noncoherent,1,16,0,0
317,cp04p00_easy_noncoherent_t0017,77,120,formal_tps30,2,4,easy_noncoherent,1,17,0,0
318,cp04p00_easy_noncoherent_t0018,78,120,formal_tps30,2,4,easy_noncoherent,1,18,0,0
319,cp04p00_easy_noncoherent_t0019,79,120,formal_tps30,2,4,easy_noncoherent,1,19,0,0
320,cp04p00_easy_noncoherent_t0020,80,120,formal_tps30,2,4,easy_noncoherent,1,20,0,0
321,cp04p00_easy_noncoherent_t0021,81,120,formal_tps30,2,4,easy_noncoherent,1,21,0,0
322,cp04p00_easy_noncoherent_t0022,82,120,formal_tps30,2,4,easy_noncoherent,1,22,0,0
323,cp04p00_easy_noncoherent_t0023,83,120,formal_tps30,2,4,easy_noncoherent,1,23,0,0
324,cp04p00_easy_noncoherent_t0024,84,120,formal_tps30,2,4,easy_noncoherent,1,24,0,0
325,cp04p00_easy_noncoherent_t0025,85,120,formal_tps30,2,4,easy_noncoherent,1,25,0,0
326,cp04p00_easy_noncoherent_t0026,86,120,formal_tps30,2,4,easy_noncoherent,1,26,0,0
327,cp04p00_easy_noncoherent_t0027,87,120,formal_tps30,2,4,easy_noncoherent,1,27,0,0
328,cp04p00_easy_noncoherent_t0028,88,120,formal_tps30,2,4,easy_noncoherent,1,28,0,0
329,cp04p00_easy_noncoherent_t0029,89,120,formal_tps30,2,4,easy_noncoherent,1,29,0,0
330,cp04p00_easy_noncoherent_t0030,90,120,formal_tps30,2,4,easy_noncoherent,1,30,0,0
331,cp04p00_strong_coherent_t0001,91,120,formal_tps30,2,4,strong_coherent,2,1,0,0
332,cp04p00_strong_coherent_t0002,92,120,formal_tps30,2,4,strong_coherent,2,2,0,0
333,cp04p00_strong_coherent_t0003,93,120,formal_tps30,2,4,strong_coherent,2,3,0,0
334,cp04p00_strong_coherent_t0004,94,120,formal_tps30,2,4,strong_coherent,2,4,0,0
335,cp04p00_strong_coherent_t0005,95,120,formal_tps30,2,4,strong_coherent,2,5,0,0
336,cp04p00_strong_coherent_t0006,96,120,formal_tps30,2,4,strong_coherent,2,6,0,0
337,cp04p00_strong_coherent_t0007,97,120,formal_tps30,2,4,strong_coherent,2,7,0,0
338,cp04p00_strong_coherent_t0008,98,120,formal_tps30,2,4,strong_coherent,2,8,0,0
339,cp04p00_strong_coherent_t0009,99,120,formal_tps30,2,4,strong_coherent,2,9,0,0
340,cp04p00_strong_coherent_t0010,100,120,formal_tps30,2,4,strong_coherent,2,10,0,0
341,cp04p00_strong_coherent_t0011,101,120,formal_tps30,2,4,strong_coherent,2,11,0,0
342,cp04p00_strong_coherent_t0012,102,120,formal_tps30,2,4,strong_coherent,2,12,0,0
343,cp04p00_strong_coherent_t0013,103,120,formal_tps30,2,4,strong_coherent,2,13,0,0
344,cp04p00_strong_coherent_t0014,104,120,formal_tps30,2,4,strong_coherent,2,14,0,0
345,cp04p00_strong_coherent_t0015,105,120,formal_tps30,2,4,strong_coherent,2,15,0,0
346,cp04p00_strong_coherent_t0016,106,120,formal_tps30,2,4,strong_coherent,2,16,0,0
347,cp04p00_strong_coherent_t0017,107,120,formal_tps30,2,4,strong_coherent,2,17,0,0
348,cp04p00_strong_coherent_t0018,108,120,formal_tps30,2,4,strong_coherent,2,18,0,0
349,cp04p00_strong_coherent_t0019,109,120,formal_tps30,2,4,strong_coherent,2,19,0,0
350,cp04p00_strong_coherent_t0020,110,120,formal_tps30,2,4,strong_coherent,2,20,0,0
351,cp04p00_strong_coherent_t0021,111,120,formal_tps30,2,4,strong_coherent,2,21,0,0
352,cp04p00_strong_coherent_t0022,112,120,formal_tps30,2,4,strong_coherent,2,22,0,0
353,cp04p00_strong_coherent_t0023,113,120,formal_tps30,2,4,strong_coherent,2,23,0,0
354,cp04p00_strong_coherent_t0024,114,120,formal_tps30,2,4,strong_coherent,2,24,1,0
355,cp04p00_strong_coherent_t0025,115,120,formal_tps30,2,4,strong_coherent,2,25,0,0
356,cp04p00_strong_coherent_t0026,116,120,formal_tps30,2,4,strong_coherent,2,26,0,0
357,cp04p00_strong_coherent_t0027,117,120,formal_tps30,2,4,strong_coherent,2,27,0,0
358,cp04p00_strong_coherent_t0028,118,120,formal_tps30,2,4,strong_coherent,2,28,0,0
359,cp04p00_strong_coherent_t0029,119,120,formal_tps30,2,4,strong_coherent,2,29,0,0
360,cp04p00_strong_coherent_t0030,120,120,formal_tps30,2,4,strong_coherent,2,30,0,0
361,cp04p00_hard_phase_t0001,1,120,formal_tps30,2,4,hard_phase,3,1,0,0
362,cp04p00_hard_phase_t0002,2,120,formal_tps30,2,4,hard_phase,3,2,0,0
363,cp04p00_hard_phase_t0003,3,120,formal_tps30,2,4,hard_phase,3,3,0,0
364,cp04p00_hard_phase_t0004,4,120,formal_tps30,2,4,hard_phase,3,4,0,0
365,cp04p00_hard_phase_t0005,5,120,formal_tps30,2,4,hard_phase,3,5,0,0
366,cp04p00_hard_phase_t0006,6,120,formal_tps30,2,4,hard_phase,3,6,0,0
367,cp04p00_hard_phase_t0007,7,120,formal_tps30,2,4,hard_phase,3,7,0,0
368,cp04p00_hard_phase_t0008,8,120,formal_tps30,2,4,hard_phase,3,8,0,0
369,cp04p00_hard_phase_t0009,9,120,formal_tps30,2,4,hard_phase,3,9,0,0
370,cp04p00_hard_phase_t0010,10,120,formal_tps30,2,4,hard_phase,3,10,0,0
371,cp04p00_hard_phase_t0011,11,120,formal_tps30,2,4,hard_phase,3,11,0,0
372,cp04p00_hard_phase_t0012,12,120,formal_tps30,2,4,hard_phase,3,12,0,0
373,cp04p00_hard_phase_t0013,13,120,formal_tps30,2,4,hard_phase,3,13,0,0
374,cp04p00_hard_phase_t0014,14,120,formal_tps30,2,4,hard_phase,3,14,0,0
375,cp04p00_hard_phase_t0015,15,120,formal_tps30,2,4,hard_phase,3,15,0,0
376,cp04p00_hard_phase_t0016,16,120,formal_tps30,2,4,hard_phase,3,16,0,0
377,cp04p00_hard_phase_t0017,17,120,formal_tps30,2,4,hard_phase,3,17,0,0
378,cp04p00_hard_phase_t0018,18,120,formal_tps30,2,4,hard_phase,3,18,0,0
379,cp04p00_hard_phase_t0019,19,120,formal_tps30,2,4,hard_phase,3,19,0,0
380,cp04p00_hard_phase_t0020,20,120,formal_tps30,2,4,hard_phase,3,20,0,0
381,cp04p00_hard_phase_t0021,21,120,formal_tps30,2,4,hard_phase,3,21,0,0
382,cp04p00_hard_phase_t0022,22,120,formal_tps30,2,4,hard_phase,3,22,0,0
383,cp04p00_hard_phase_t0023,23,120,formal_tps30,2,4,hard_phase,3,23,0,0
384,cp04p00_hard_phase_t0024,24,120,formal_tps30,2,4,hard_phase,3,24,0,0
385,cp04p00_hard_phase_t0025,25,120,formal_tps30,2,4,hard_phase,3,25,0,0
386,cp04p00_hard_phase_t0026,26,120,formal_tps30,2,4,hard_phase,3,26,0,0
387,cp04p00_hard_phase_t0027,27,120,formal_tps30,2,4,hard_phase,3,27,0,0
388,cp04p00_hard_phase_t0028,28,120,formal_tps30,2,4,hard_phase,3,28,0,0
389,cp04p00_hard_phase_t0029,29,120,formal_tps30,2,4,hard_phase,3,29,0,0
390,cp04p00_hard_phase_t0030,30,120,formal_tps30,2,4,hard_phase,3,30,0,0
391,cp04p00_weak_secondary_t0001,31,120,formal_tps30,2,4,weak_secondary,4,1,0,0
392,cp04p00_weak_secondary_t0002,32,120,formal_tps30,2,4,weak_secondary,4,2,0,0
393,cp04p00_weak_secondary_t0003,33,120,formal_tps30,2,4,weak_secondary,4,3,0,0
394,cp04p00_weak_secondary_t0004,34,120,formal_tps30,2,4,weak_secondary,4,4,0,0
395,cp04p00_weak_secondary_t0005,35,120,formal_tps30,2,4,weak_secondary,4,5,0,0
396,cp04p00_weak_secondary_t0006,36,120,formal_tps30,2,4,weak_secondary,4,6,0,0
397,cp04p00_weak_secondary_t0007,37,120,formal_tps30,2,4,weak_secondary,4,7,0,0
398,cp04p00_weak_secondary_t0008,38,120,formal_tps30,2,4,weak_secondary,4,8,0,0
399,cp04p00_weak_secondary_t0009,39,120,formal_tps30,2,4,weak_secondary,4,9,0,0
400,cp04p00_weak_secondary_t0010,40,120,formal_tps30,2,4,weak_secondary,4,10,0,0
401,cp04p00_weak_secondary_t0011,41,120,formal_tps30,2,4,weak_secondary,4,11,0,0
402,cp04p00_weak_secondary_t0012,42,120,formal_tps30,2,4,weak_secondary,4,12,0,0
403,cp04p00_weak_secondary_t0013,43,120,formal_tps30,2,4,weak_secondary,4,13,0,0
404,cp04p00_weak_secondary_t0014,44,120,formal_tps30,2,4,weak_secondary,4,14,0,0
405,cp04p00_weak_secondary_t0015,45,120,formal_tps30,2,4,weak_secondary,4,15,0,0
406,cp04p00_weak_secondary_t0016,46,120,formal_tps30,2,4,weak_secondary,4,16,0,0
407,cp04p00_weak_secondary_t0017,47,120,formal_tps30,2,4,weak_secondary,4,17,0,0
408,cp04p00_weak_secondary_t0018,48,120,formal_tps30,2,4,weak_secondary,4,18,0,0
409,cp04p00_weak_secondary_t0019,49,120,formal_tps30,2,4,weak_secondary,4,19,0,0
410,cp04p00_weak_secondary_t0020,50,120,formal_tps30,2,4,weak_secondary,4,20,0,0
411,cp04p00_weak_secondary_t0021,51,120,formal_tps30,2,4,weak_secondary,4,21,0,0
412,cp04p00_weak_secondary_t0022,52,120,formal_tps30,2,4,weak_secondary,4,22,0,0
413,cp04p00_weak_secondary_t0023,53,120,formal_tps30,2,4,weak_secondary,4,23,0,0
414,cp04p00_weak_secondary_t0024,54,120,formal_tps30,2,4,weak_secondary,4,24,0,0
415,cp04p00_weak_secondary_t0025,55,120,formal_tps30,2,4,weak_secondary,4,25,0,0
416,cp04p00_weak_secondary_t0026,56,120,formal_tps30,2,4,weak_secondary,4,26,0,0
417,cp04p00_weak_secondary_t0027,57,120,formal_tps30,2,4,weak_secondary,4,27,0,0
418,cp04p00_weak_secondary_t0028,58,120,formal_tps30,2,4,weak_secondary,4,28,0,0
419,cp04p00_weak_secondary_t0029,59,120,formal_tps30,2,4,weak_secondary,4,29,0,0
420,cp04p00_weak_secondary_t0030,60,120,formal_tps30,2,4,weak_secondary,4,30,0,0
421,cp04p00_low_snr_hard_t0001,61,120,formal_tps30,2,4,low_snr_hard,5,1,0,0
422,cp04p00_low_snr_hard_t0002,62,120,formal_tps30,2,4,low_snr_hard,5,2,0,0
423,cp04p00_low_snr_hard_t0003,63,120,formal_tps30,2,4,low_snr_hard,5,3,0,0
424,cp04p00_low_snr_hard_t0004,64,120,formal_tps30,2,4,low_snr_hard,5,4,0,0
425,cp04p00_low_snr_hard_t0005,65,120,formal_tps30,2,4,low_snr_hard,5,5,0,0
426,cp04p00_low_snr_hard_t0006,66,120,formal_tps30,2,4,low_snr_hard,5,6,0,0
427,cp04p00_low_snr_hard_t0007,67,120,formal_tps30,2,4,low_snr_hard,5,7,0,0
428,cp04p00_low_snr_hard_t0008,68,120,formal_tps30,2,4,low_snr_hard,5,8,0,0
429,cp04p00_low_snr_hard_t0009,69,120,formal_tps30,2,4,low_snr_hard,5,9,0,0
430,cp04p00_low_snr_hard_t0010,70,120,formal_tps30,2,4,low_snr_hard,5,10,0,0
431,cp04p00_low_snr_hard_t0011,71,120,formal_tps30,2,4,low_snr_hard,5,11,0,0
432,cp04p00_low_snr_hard_t0012,72,120,formal_tps30,2,4,low_snr_hard,5,12,0,0
433,cp04p00_low_snr_hard_t0013,73,120,formal_tps30,2,4,low_snr_hard,5,13,0,0
434,cp04p00_low_snr_hard_t0014,74,120,formal_tps30,2,4,low_snr_hard,5,14,0,0
435,cp04p00_low_snr_hard_t0015,75,120,formal_tps30,2,4,low_snr_hard,5,15,0,0
436,cp04p00_low_snr_hard_t0016,76,120,formal_tps30,2,4,low_snr_hard,5,16,0,0
437,cp04p00_low_snr_hard_t0017,77,120,formal_tps30,2,4,low_snr_hard,5,17,0,0
438,cp04p00_low_snr_hard_t0018,78,120,formal_tps30,2,4,low_snr_hard,5,18,0,0
439,cp04p00_low_snr_hard_t0019,79,120,formal_tps30,2,4,low_snr_hard,5,19,0,0
440,cp04p00_low_snr_hard_t0020,80,120,formal_tps30,2,4,low_snr_hard,5,20,0,0
441,cp04p00_low_snr_hard_t0021,81,120,formal_tps30,2,4,low_snr_hard,5,21,0,0
442,cp04p00_low_snr_hard_t0022,82,120,formal_tps30,2,4,low_snr_hard,5,22,0,0
443,cp04p00_low_snr_hard_t0023,83,120,formal_tps30,2,4,low_snr_hard,5,23,0,0
444,cp04p00_low_snr_hard_t0024,84,120,formal_tps30,2,4,low_snr_hard,5,24,0,0
445,cp04p00_low_snr_hard_t0025,85,120,formal_tps30,2,4,low_snr_hard,5,25,0,0
446,cp04p00_low_snr_hard_t0026,86,120,formal_tps30,2,4,low_snr_hard,5,26,0,0
447,cp04p00_low_snr_hard_t0027,87,120,formal_tps30,2,4,low_snr_hard,5,27,0,0
448,cp04p00_low_snr_hard_t0028,88,120,formal_tps30,2,4,low_snr_hard,5,28,0,0
449,cp04p00_low_snr_hard_t0029,89,120,formal_tps30,2,4,low_snr_hard,5,29,0,0
450,cp04p00_low_snr_hard_t0030,90,120,formal_tps30,2,4,low_snr_hard,5,30,0,0
451,cp04p00_near_tie_close_sep_t0001,91,120,formal_tps30,2,4,near_tie_close_sep,6,1,0,0
452,cp04p00_near_tie_close_sep_t0002,92,120,formal_tps30,2,4,near_tie_close_sep,6,2,0,0
453,cp04p00_near_tie_close_sep_t0003,93,120,formal_tps30,2,4,near_tie_close_sep,6,3,0,0
454,cp04p00_near_tie_close_sep_t0004,94,120,formal_tps30,2,4,near_tie_close_sep,6,4,0,0
455,cp04p00_near_tie_close_sep_t0005,95,120,formal_tps30,2,4,near_tie_close_sep,6,5,0,0
456,cp04p00_near_tie_close_sep_t0006,96,120,formal_tps30,2,4,near_tie_close_sep,6,6,0,0
457,cp04p00_near_tie_close_sep_t0007,97,120,formal_tps30,2,4,near_tie_close_sep,6,7,0,0
458,cp04p00_near_tie_close_sep_t0008,98,120,formal_tps30,2,4,near_tie_close_sep,6,8,0,0
459,cp04p00_near_tie_close_sep_t0009,99,120,formal_tps30,2,4,near_tie_close_sep,6,9,0,0
460,cp04p00_near_tie_close_sep_t0010,100,120,formal_tps30,2,4,near_tie_close_sep,6,10,0,0
461,cp04p00_near_tie_close_sep_t0011,101,120,formal_tps30,2,4,near_tie_close_sep,6,11,0,0
462,cp04p00_near_tie_close_sep_t0012,102,120,formal_tps30,2,4,near_tie_close_sep,6,12,0,0
463,cp04p00_near_tie_close_sep_t0013,103,120,formal_tps30,2,4,near_tie_close_sep,6,13,0,0
464,cp04p00_near_tie_close_sep_t0014,104,120,formal_tps30,2,4,near_tie_close_sep,6,14,0,0
465,cp04p00_near_tie_close_sep_t0015,105,120,formal_tps30,2,4,near_tie_close_sep,6,15,0,0
466,cp04p00_near_tie_close_sep_t0016,106,120,formal_tps30,2,4,near_tie_close_sep,6,16,0,0
467,cp04p00_near_tie_close_sep_t0017,107,120,formal_tps30,2,4,near_tie_close_sep,6,17,0,0
468,cp04p00_near_tie_close_sep_t0018,108,120,formal_tps30,2,4,near_tie_close_sep,6,18,0,0
469,cp04p00_near_tie_close_sep_t0019,109,120,formal_tps30,2,4,near_tie_close_sep,6,19,0,0
470,cp04p00_near_tie_close_sep_t0020,110,120,formal_tps30,2,4,near_tie_close_sep,6,20,0,0
471,cp04p00_near_tie_close_sep_t0021,111,120,formal_tps30,2,4,near_tie_close_sep,6,21,0,0
472,cp04p00_near_tie_close_sep_t0022,112,120,formal_tps30,2,4,near_tie_close_sep,6,22,0,0
473,cp04p00_near_tie_close_sep_t0023,113,120,formal_tps30,2,4,near_tie_close_sep,6,23,0,0
474,cp04p00_near_tie_close_sep_t0024,114,120,formal_tps30,2,4,near_tie_close_sep,6,24,1,0
475,cp04p00_near_tie_close_sep_t0025,115,120,formal_tps30,2,4,near_tie_close_sep,6,25,0,0
476,cp04p00_near_tie_close_sep_t0026,116,120,formal_tps30,2,4,near_tie_close_sep,6,26,0,0
477,cp04p00_near_tie_close_sep_t0027,117,120,formal_tps30,2,4,near_tie_close_sep,6,27,0,0
478,cp04p00_near_tie_close_sep_t0028,118,120,formal_tps30,2,4,near_tie_close_sep,6,28,0,0
479,cp04p00_near_tie_close_sep_t0029,119,120,formal_tps30,2,4,near_tie_close_sep,6,29,0,0
480,cp04p00_near_tie_close_sep_t0030,120,120,formal_tps30,2,4,near_tie_close_sep,6,30,0,0
481,cp04p00_medium_beta_coherent_t0001,1,120,formal_tps30,2,4,medium_beta_coherent,7,1,0,0
482,cp04p00_medium_beta_coherent_t0002,2,120,formal_tps30,2,4,medium_beta_coherent,7,2,0,0
483,cp04p00_medium_beta_coherent_t0003,3,120,formal_tps30,2,4,medium_beta_coherent,7,3,0,0
484,cp04p00_medium_beta_coherent_t0004,4,120,formal_tps30,2,4,medium_beta_coherent,7,4,0,0
485,cp04p00_medium_beta_coherent_t0005,5,120,formal_tps30,2,4,medium_beta_coherent,7,5,0,0
486,cp04p00_medium_beta_coherent_t0006,6,120,formal_tps30,2,4,medium_beta_coherent,7,6,0,0
487,cp04p00_medium_beta_coherent_t0007,7,120,formal_tps30,2,4,medium_beta_coherent,7,7,0,0
488,cp04p00_medium_beta_coherent_t0008,8,120,formal_tps30,2,4,medium_beta_coherent,7,8,0,0
489,cp04p00_medium_beta_coherent_t0009,9,120,formal_tps30,2,4,medium_beta_coherent,7,9,0,0
490,cp04p00_medium_beta_coherent_t0010,10,120,formal_tps30,2,4,medium_beta_coherent,7,10,0,0
491,cp04p00_medium_beta_coherent_t0011,11,120,formal_tps30,2,4,medium_beta_coherent,7,11,0,0
492,cp04p00_medium_beta_coherent_t0012,12,120,formal_tps30,2,4,medium_beta_coherent,7,12,0,0
493,cp04p00_medium_beta_coherent_t0013,13,120,formal_tps30,2,4,medium_beta_coherent,7,13,0,0
494,cp04p00_medium_beta_coherent_t0014,14,120,formal_tps30,2,4,medium_beta_coherent,7,14,0,0
495,cp04p00_medium_beta_coherent_t0015,15,120,formal_tps30,2,4,medium_beta_coherent,7,15,0,0
496,cp04p00_medium_beta_coherent_t0016,16,120,formal_tps30,2,4,medium_beta_coherent,7,16,0,0
497,cp04p00_medium_beta_coherent_t0017,17,120,formal_tps30,2,4,medium_beta_coherent,7,17,0,0
498,cp04p00_medium_beta_coherent_t0018,18,120,formal_tps30,2,4,medium_beta_coherent,7,18,0,0
499,cp04p00_medium_beta_coherent_t0019,19,120,formal_tps30,2,4,medium_beta_coherent,7,19,0,0
500,cp04p00_medium_beta_coherent_t0020,20,120,formal_tps30,2,4,medium_beta_coherent,7,20,0,0
501,cp04p00_medium_beta_coherent_t0021,21,120,formal_tps30,2,4,medium_beta_coherent,7,21,0,0
502,cp04p00_medium_beta_coherent_t0022,22,120,formal_tps30,2,4,medium_beta_coherent,7,22,0,0
503,cp04p00_medium_beta_coherent_t0023,23,120,formal_tps30,2,4,medium_beta_coherent,7,23,0,0
504,cp04p00_medium_beta_coherent_t0024,24,120,formal_tps30,2,4,medium_beta_coherent,7,24,0,0
505,cp04p00_medium_beta_coherent_t0025,25,120,formal_tps30,2,4,medium_beta_coherent,7,25,0,0
506,cp04p00_medium_beta_coherent_t0026,26,120,formal_tps30,2,4,medium_beta_coherent,7,26,0,0
507,cp04p00_medium_beta_coherent_t0027,27,120,formal_tps30,2,4,medium_beta_coherent,7,27,0,0
508,cp04p00_medium_beta_coherent_t0028,28,120,formal_tps30,2,4,medium_beta_coherent,7,28,0,0
509,cp04p00_medium_beta_coherent_t0029,29,120,formal_tps30,2,4,medium_beta_coherent,7,29,0,0
510,cp04p00_medium_beta_coherent_t0030,30,120,formal_tps30,2,4,medium_beta_coherent,7,30,0,0
511,cp04p00_large_el_pair_t0001,31,120,formal_tps30,2,4,large_el_pair,8,1,0,0
512,cp04p00_large_el_pair_t0002,32,120,formal_tps30,2,4,large_el_pair,8,2,0,0
513,cp04p00_large_el_pair_t0003,33,120,formal_tps30,2,4,large_el_pair,8,3,0,0
514,cp04p00_large_el_pair_t0004,34,120,formal_tps30,2,4,large_el_pair,8,4,0,0
515,cp04p00_large_el_pair_t0005,35,120,formal_tps30,2,4,large_el_pair,8,5,0,0
516,cp04p00_large_el_pair_t0006,36,120,formal_tps30,2,4,large_el_pair,8,6,0,0
517,cp04p00_large_el_pair_t0007,37,120,formal_tps30,2,4,large_el_pair,8,7,0,0
518,cp04p00_large_el_pair_t0008,38,120,formal_tps30,2,4,large_el_pair,8,8,0,0
519,cp04p00_large_el_pair_t0009,39,120,formal_tps30,2,4,large_el_pair,8,9,0,0
520,cp04p00_large_el_pair_t0010,40,120,formal_tps30,2,4,large_el_pair,8,10,0,0
521,cp04p00_large_el_pair_t0011,41,120,formal_tps30,2,4,large_el_pair,8,11,0,0
522,cp04p00_large_el_pair_t0012,42,120,formal_tps30,2,4,large_el_pair,8,12,0,0
523,cp04p00_large_el_pair_t0013,43,120,formal_tps30,2,4,large_el_pair,8,13,0,0
524,cp04p00_large_el_pair_t0014,44,120,formal_tps30,2,4,large_el_pair,8,14,0,0
525,cp04p00_large_el_pair_t0015,45,120,formal_tps30,2,4,large_el_pair,8,15,0,0
526,cp04p00_large_el_pair_t0016,46,120,formal_tps30,2,4,large_el_pair,8,16,0,0
527,cp04p00_large_el_pair_t0017,47,120,formal_tps30,2,4,large_el_pair,8,17,0,0
528,cp04p00_large_el_pair_t0018,48,120,formal_tps30,2,4,large_el_pair,8,18,0,0
529,cp04p00_large_el_pair_t0019,49,120,formal_tps30,2,4,large_el_pair,8,19,0,0
530,cp04p00_large_el_pair_t0020,50,120,formal_tps30,2,4,large_el_pair,8,20,0,0
531,cp04p00_large_el_pair_t0021,51,120,formal_tps30,2,4,large_el_pair,8,21,0,0
532,cp04p00_large_el_pair_t0022,52,120,formal_tps30,2,4,large_el_pair,8,22,0,0
533,cp04p00_large_el_pair_t0023,53,120,formal_tps30,2,4,large_el_pair,8,23,0,0
534,cp04p00_large_el_pair_t0024,54,120,formal_tps30,2,4,large_el_pair,8,24,0,0
535,cp04p00_large_el_pair_t0025,55,120,formal_tps30,2,4,large_el_pair,8,25,0,0
536,cp04p00_large_el_pair_t0026,56,120,formal_tps30,2,4,large_el_pair,8,26,0,0
537,cp04p00_large_el_pair_t0027,57,120,formal_tps30,2,4,large_el_pair,8,27,0,0
538,cp04p00_large_el_pair_t0028,58,120,formal_tps30,2,4,large_el_pair,8,28,0,0
539,cp04p00_large_el_pair_t0029,59,120,formal_tps30,2,4,large_el_pair,8,29,0,0
540,cp04p00_large_el_pair_t0030,60,120,formal_tps30,2,4,large_el_pair,8,30,0,0
541,cp04p00_cache_boundary_center_t0001,61,120,formal_tps30,2,4,cache_boundary_center,9,1,0,0
542,cp04p00_cache_boundary_center_t0002,62,120,formal_tps30,2,4,cache_boundary_center,9,2,0,0
543,cp04p00_cache_boundary_center_t0003,63,120,formal_tps30,2,4,cache_boundary_center,9,3,0,0
544,cp04p00_cache_boundary_center_t0004,64,120,formal_tps30,2,4,cache_boundary_center,9,4,0,0
545,cp04p00_cache_boundary_center_t0005,65,120,formal_tps30,2,4,cache_boundary_center,9,5,0,0
546,cp04p00_cache_boundary_center_t0006,66,120,formal_tps30,2,4,cache_boundary_center,9,6,0,0
547,cp04p00_cache_boundary_center_t0007,67,120,formal_tps30,2,4,cache_boundary_center,9,7,0,0
548,cp04p00_cache_boundary_center_t0008,68,120,formal_tps30,2,4,cache_boundary_center,9,8,0,0
549,cp04p00_cache_boundary_center_t0009,69,120,formal_tps30,2,4,cache_boundary_center,9,9,0,0
550,cp04p00_cache_boundary_center_t0010,70,120,formal_tps30,2,4,cache_boundary_center,9,10,0,0
551,cp04p00_cache_boundary_center_t0011,71,120,formal_tps30,2,4,cache_boundary_center,9,11,0,0
552,cp04p00_cache_boundary_center_t0012,72,120,formal_tps30,2,4,cache_boundary_center,9,12,0,0
553,cp04p00_cache_boundary_center_t0013,73,120,formal_tps30,2,4,cache_boundary_center,9,13,0,0
554,cp04p00_cache_boundary_center_t0014,74,120,formal_tps30,2,4,cache_boundary_center,9,14,0,0
555,cp04p00_cache_boundary_center_t0015,75,120,formal_tps30,2,4,cache_boundary_center,9,15,0,0
556,cp04p00_cache_boundary_center_t0016,76,120,formal_tps30,2,4,cache_boundary_center,9,16,0,0
557,cp04p00_cache_boundary_center_t0017,77,120,formal_tps30,2,4,cache_boundary_center,9,17,0,0
558,cp04p00_cache_boundary_center_t0018,78,120,formal_tps30,2,4,cache_boundary_center,9,18,0,0
559,cp04p00_cache_boundary_center_t0019,79,120,formal_tps30,2,4,cache_boundary_center,9,19,0,0
560,cp04p00_cache_boundary_center_t0020,80,120,formal_tps30,2,4,cache_boundary_center,9,20,0,0
561,cp04p00_cache_boundary_center_t0021,81,120,formal_tps30,2,4,cache_boundary_center,9,21,0,0
562,cp04p00_cache_boundary_center_t0022,82,120,formal_tps30,2,4,cache_boundary_center,9,22,0,0
563,cp04p00_cache_boundary_center_t0023,83,120,formal_tps30,2,4,cache_boundary_center,9,23,0,0
564,cp04p00_cache_boundary_center_t0024,84,120,formal_tps30,2,4,cache_boundary_center,9,24,0,0
565,cp04p00_cache_boundary_center_t0025,85,120,formal_tps30,2,4,cache_boundary_center,9,25,0,0
566,cp04p00_cache_boundary_center_t0026,86,120,formal_tps30,2,4,cache_boundary_center,9,26,0,0
567,cp04p00_cache_boundary_center_t0027,87,120,formal_tps30,2,4,cache_boundary_center,9,27,0,0
568,cp04p00_cache_boundary_center_t0028,88,120,formal_tps30,2,4,cache_boundary_center,9,28,0,0
569,cp04p00_cache_boundary_center_t0029,89,120,formal_tps30,2,4,cache_boundary_center,9,29,0,0
570,cp04p00_cache_boundary_center_t0030,90,120,formal_tps30,2,4,cache_boundary_center,9,30,0,0
571,cp04p00_low_margin_score_gap_t0001,91,120,formal_tps30,2,4,low_margin_score_gap,10,1,0,0
572,cp04p00_low_margin_score_gap_t0002,92,120,formal_tps30,2,4,low_margin_score_gap,10,2,0,0
573,cp04p00_low_margin_score_gap_t0003,93,120,formal_tps30,2,4,low_margin_score_gap,10,3,0,0
574,cp04p00_low_margin_score_gap_t0004,94,120,formal_tps30,2,4,low_margin_score_gap,10,4,0,0
575,cp04p00_low_margin_score_gap_t0005,95,120,formal_tps30,2,4,low_margin_score_gap,10,5,0,0
576,cp04p00_low_margin_score_gap_t0006,96,120,formal_tps30,2,4,low_margin_score_gap,10,6,0,0
577,cp04p00_low_margin_score_gap_t0007,97,120,formal_tps30,2,4,low_margin_score_gap,10,7,0,0
578,cp04p00_low_margin_score_gap_t0008,98,120,formal_tps30,2,4,low_margin_score_gap,10,8,0,0
579,cp04p00_low_margin_score_gap_t0009,99,120,formal_tps30,2,4,low_margin_score_gap,10,9,0,0
580,cp04p00_low_margin_score_gap_t0010,100,120,formal_tps30,2,4,low_margin_score_gap,10,10,0,0
581,cp04p00_low_margin_score_gap_t0011,101,120,formal_tps30,2,4,low_margin_score_gap,10,11,0,0
582,cp04p00_low_margin_score_gap_t0012,102,120,formal_tps30,2,4,low_margin_score_gap,10,12,0,0
583,cp04p00_low_margin_score_gap_t0013,103,120,formal_tps30,2,4,low_margin_score_gap,10,13,0,0
584,cp04p00_low_margin_score_gap_t0014,104,120,formal_tps30,2,4,low_margin_score_gap,10,14,0,0
585,cp04p00_low_margin_score_gap_t0015,105,120,formal_tps30,2,4,low_margin_score_gap,10,15,0,0
586,cp04p00_low_margin_score_gap_t0016,106,120,formal_tps30,2,4,low_margin_score_gap,10,16,0,0
587,cp04p00_low_margin_score_gap_t0017,107,120,formal_tps30,2,4,low_margin_score_gap,10,17,0,0
588,cp04p00_low_margin_score_gap_t0018,108,120,formal_tps30,2,4,low_margin_score_gap,10,18,0,0
589,cp04p00_low_margin_score_gap_t0019,109,120,formal_tps30,2,4,low_margin_score_gap,10,19,0,0
590,cp04p00_low_margin_score_gap_t0020,110,120,formal_tps30,2,4,low_margin_score_gap,10,20,0,0
591,cp04p00_low_margin_score_gap_t0021,111,120,formal_tps30,2,4,low_margin_score_gap,10,21,0,0
592,cp04p00_low_margin_score_gap_t0022,112,120,formal_tps30,2,4,low_margin_score_gap,10,22,0,0
593,cp04p00_low_margin_score_gap_t0023,113,120,formal_tps30,2,4,low_margin_score_gap,10,23,0,0
594,cp04p00_low_margin_score_gap_t0024,114,120,formal_tps30,2,4,low_margin_score_gap,10,24,1,0
595,cp04p00_low_margin_score_gap_t0025,115,120,formal_tps30,2,4,low_margin_score_gap,10,25,0,0
596,cp04p00_low_margin_score_gap_t0026,116,120,formal_tps30,2,4,low_margin_score_gap,10,26,0,0
597,cp04p00_low_margin_score_gap_t0027,117,120,formal_tps30,2,4,low_margin_score_gap,10,27,0,0
598,cp04p00_low_margin_score_gap_t0028,118,120,formal_tps30,2,4,low_margin_score_gap,10,28,0,0
599,cp04p00_low_margin_score_gap_t0029,119,120,formal_tps30,2,4,low_margin_score_gap,10,29,0,0
600,cp04p00_low_margin_score_gap_t0030,120,120,formal_tps30,2,4,low_margin_score_gap,10,30,0,0
601,cp08p00_easy_noncoherent_t0001,1,120,formal_tps30,3,8,easy_noncoherent,1,1,0,0
602,cp08p00_easy_noncoherent_t0002,2,120,formal_tps30,3,8,easy_noncoherent,1,2,0,0
603,cp08p00_easy_noncoherent_t0003,3,120,formal_tps30,3,8,easy_noncoherent,1,3,0,0
604,cp08p00_easy_noncoherent_t0004,4,120,formal_tps30,3,8,easy_noncoherent,1,4,0,0
605,cp08p00_easy_noncoherent_t0005,5,120,formal_tps30,3,8,easy_noncoherent,1,5,0,0
606,cp08p00_easy_noncoherent_t0006,6,120,formal_tps30,3,8,easy_noncoherent,1,6,0,0
607,cp08p00_easy_noncoherent_t0007,7,120,formal_tps30,3,8,easy_noncoherent,1,7,0,0
608,cp08p00_easy_noncoherent_t0008,8,120,formal_tps30,3,8,easy_noncoherent,1,8,0,0
609,cp08p00_easy_noncoherent_t0009,9,120,formal_tps30,3,8,easy_noncoherent,1,9,0,0
610,cp08p00_easy_noncoherent_t0010,10,120,formal_tps30,3,8,easy_noncoherent,1,10,0,0
611,cp08p00_easy_noncoherent_t0011,11,120,formal_tps30,3,8,easy_noncoherent,1,11,0,0
612,cp08p00_easy_noncoherent_t0012,12,120,formal_tps30,3,8,easy_noncoherent,1,12,0,0
613,cp08p00_easy_noncoherent_t0013,13,120,formal_tps30,3,8,easy_noncoherent,1,13,0,0
614,cp08p00_easy_noncoherent_t0014,14,120,formal_tps30,3,8,easy_noncoherent,1,14,0,0
615,cp08p00_easy_noncoherent_t0015,15,120,formal_tps30,3,8,easy_noncoherent,1,15,0,0
616,cp08p00_easy_noncoherent_t0016,16,120,formal_tps30,3,8,easy_noncoherent,1,16,0,0
617,cp08p00_easy_noncoherent_t0017,17,120,formal_tps30,3,8,easy_noncoherent,1,17,0,0
618,cp08p00_easy_noncoherent_t0018,18,120,formal_tps30,3,8,easy_noncoherent,1,18,0,0
619,cp08p00_easy_noncoherent_t0019,19,120,formal_tps30,3,8,easy_noncoherent,1,19,0,0
620,cp08p00_easy_noncoherent_t0020,20,120,formal_tps30,3,8,easy_noncoherent,1,20,0,0
621,cp08p00_easy_noncoherent_t0021,21,120,formal_tps30,3,8,easy_noncoherent,1,21,0,0
622,cp08p00_easy_noncoherent_t0022,22,120,formal_tps30,3,8,easy_noncoherent,1,22,0,0
623,cp08p00_easy_noncoherent_t0023,23,120,formal_tps30,3,8,easy_noncoherent,1,23,0,0
624,cp08p00_easy_noncoherent_t0024,24,120,formal_tps30,3,8,easy_noncoherent,1,24,0,0
625,cp08p00_easy_noncoherent_t0025,25,120,formal_tps30,3,8,easy_noncoherent,1,25,0,0
626,cp08p00_easy_noncoherent_t0026,26,120,formal_tps30,3,8,easy_noncoherent,1,26,0,0
627,cp08p00_easy_noncoherent_t0027,27,120,formal_tps30,3,8,easy_noncoherent,1,27,0,0
628,cp08p00_easy_noncoherent_t0028,28,120,formal_tps30,3,8,easy_noncoherent,1,28,0,0
629,cp08p00_easy_noncoherent_t0029,29,120,formal_tps30,3,8,easy_noncoherent,1,29,0,0
630,cp08p00_easy_noncoherent_t0030,30,120,formal_tps30,3,8,easy_noncoherent,1,30,0,0
631,cp08p00_strong_coherent_t0001,31,120,formal_tps30,3,8,strong_coherent,2,1,0,0
632,cp08p00_strong_coherent_t0002,32,120,formal_tps30,3,8,strong_coherent,2,2,0,0
633,cp08p00_strong_coherent_t0003,33,120,formal_tps30,3,8,strong_coherent,2,3,0,0
634,cp08p00_strong_coherent_t0004,34,120,formal_tps30,3,8,strong_coherent,2,4,0,0
635,cp08p00_strong_coherent_t0005,35,120,formal_tps30,3,8,strong_coherent,2,5,0,0
636,cp08p00_strong_coherent_t0006,36,120,formal_tps30,3,8,strong_coherent,2,6,0,0
637,cp08p00_strong_coherent_t0007,37,120,formal_tps30,3,8,strong_coherent,2,7,0,0
638,cp08p00_strong_coherent_t0008,38,120,formal_tps30,3,8,strong_coherent,2,8,0,0
639,cp08p00_strong_coherent_t0009,39,120,formal_tps30,3,8,strong_coherent,2,9,0,0
640,cp08p00_strong_coherent_t0010,40,120,formal_tps30,3,8,strong_coherent,2,10,0,0
641,cp08p00_strong_coherent_t0011,41,120,formal_tps30,3,8,strong_coherent,2,11,0,0
642,cp08p00_strong_coherent_t0012,42,120,formal_tps30,3,8,strong_coherent,2,12,0,0
643,cp08p00_strong_coherent_t0013,43,120,formal_tps30,3,8,strong_coherent,2,13,0,0
644,cp08p00_strong_coherent_t0014,44,120,formal_tps30,3,8,strong_coherent,2,14,0,0
645,cp08p00_strong_coherent_t0015,45,120,formal_tps30,3,8,strong_coherent,2,15,0,0
646,cp08p00_strong_coherent_t0016,46,120,formal_tps30,3,8,strong_coherent,2,16,0,0
647,cp08p00_strong_coherent_t0017,47,120,formal_tps30,3,8,strong_coherent,2,17,0,0
648,cp08p00_strong_coherent_t0018,48,120,formal_tps30,3,8,strong_coherent,2,18,0,0
649,cp08p00_strong_coherent_t0019,49,120,formal_tps30,3,8,strong_coherent,2,19,0,0
650,cp08p00_strong_coherent_t0020,50,120,formal_tps30,3,8,strong_coherent,2,20,0,0
651,cp08p00_strong_coherent_t0021,51,120,formal_tps30,3,8,strong_coherent,2,21,0,0
652,cp08p00_strong_coherent_t0022,52,120,formal_tps30,3,8,strong_coherent,2,22,0,0
653,cp08p00_strong_coherent_t0023,53,120,formal_tps30,3,8,strong_coherent,2,23,0,0
654,cp08p00_strong_coherent_t0024,54,120,formal_tps30,3,8,strong_coherent,2,24,0,0
655,cp08p00_strong_coherent_t0025,55,120,formal_tps30,3,8,strong_coherent,2,25,0,0
656,cp08p00_strong_coherent_t0026,56,120,formal_tps30,3,8,strong_coherent,2,26,0,0
657,cp08p00_strong_coherent_t0027,57,120,formal_tps30,3,8,strong_coherent,2,27,0,0
658,cp08p00_strong_coherent_t0028,58,120,formal_tps30,3,8,strong_coherent,2,28,0,0
659,cp08p00_strong_coherent_t0029,59,120,formal_tps30,3,8,strong_coherent,2,29,0,0
660,cp08p00_strong_coherent_t0030,60,120,formal_tps30,3,8,strong_coherent,2,30,0,0
661,cp08p00_hard_phase_t0001,61,120,formal_tps30,3,8,hard_phase,3,1,0,0
662,cp08p00_hard_phase_t0002,62,120,formal_tps30,3,8,hard_phase,3,2,0,0
663,cp08p00_hard_phase_t0003,63,120,formal_tps30,3,8,hard_phase,3,3,0,0
664,cp08p00_hard_phase_t0004,64,120,formal_tps30,3,8,hard_phase,3,4,0,0
665,cp08p00_hard_phase_t0005,65,120,formal_tps30,3,8,hard_phase,3,5,0,0
666,cp08p00_hard_phase_t0006,66,120,formal_tps30,3,8,hard_phase,3,6,0,0
667,cp08p00_hard_phase_t0007,67,120,formal_tps30,3,8,hard_phase,3,7,0,0
668,cp08p00_hard_phase_t0008,68,120,formal_tps30,3,8,hard_phase,3,8,0,0
669,cp08p00_hard_phase_t0009,69,120,formal_tps30,3,8,hard_phase,3,9,0,0
670,cp08p00_hard_phase_t0010,70,120,formal_tps30,3,8,hard_phase,3,10,0,0
671,cp08p00_hard_phase_t0011,71,120,formal_tps30,3,8,hard_phase,3,11,0,0
672,cp08p00_hard_phase_t0012,72,120,formal_tps30,3,8,hard_phase,3,12,0,0
673,cp08p00_hard_phase_t0013,73,120,formal_tps30,3,8,hard_phase,3,13,0,0
674,cp08p00_hard_phase_t0014,74,120,formal_tps30,3,8,hard_phase,3,14,0,0
675,cp08p00_hard_phase_t0015,75,120,formal_tps30,3,8,hard_phase,3,15,0,0
676,cp08p00_hard_phase_t0016,76,120,formal_tps30,3,8,hard_phase,3,16,0,0
677,cp08p00_hard_phase_t0017,77,120,formal_tps30,3,8,hard_phase,3,17,0,0
678,cp08p00_hard_phase_t0018,78,120,formal_tps30,3,8,hard_phase,3,18,0,0
679,cp08p00_hard_phase_t0019,79,120,formal_tps30,3,8,hard_phase,3,19,0,0
680,cp08p00_hard_phase_t0020,80,120,formal_tps30,3,8,hard_phase,3,20,0,0
681,cp08p00_hard_phase_t0021,81,120,formal_tps30,3,8,hard_phase,3,21,0,0
682,cp08p00_hard_phase_t0022,82,120,formal_tps30,3,8,hard_phase,3,22,0,0
683,cp08p00_hard_phase_t0023,83,120,formal_tps30,3,8,hard_phase,3,23,0,0
684,cp08p00_hard_phase_t0024,84,120,formal_tps30,3,8,hard_phase,3,24,0,0
685,cp08p00_hard_phase_t0025,85,120,formal_tps30,3,8,hard_phase,3,25,0,0
686,cp08p00_hard_phase_t0026,86,120,formal_tps30,3,8,hard_phase,3,26,0,0
687,cp08p00_hard_phase_t0027,87,120,formal_tps30,3,8,hard_phase,3,27,0,0
688,cp08p00_hard_phase_t0028,88,120,formal_tps30,3,8,hard_phase,3,28,0,0
689,cp08p00_hard_phase_t0029,89,120,formal_tps30,3,8,hard_phase,3,29,0,0
690,cp08p00_hard_phase_t0030,90,120,formal_tps30,3,8,hard_phase,3,30,0,0
691,cp08p00_weak_secondary_t0001,91,120,formal_tps30,3,8,weak_secondary,4,1,0,0
692,cp08p00_weak_secondary_t0002,92,120,formal_tps30,3,8,weak_secondary,4,2,0,0
693,cp08p00_weak_secondary_t0003,93,120,formal_tps30,3,8,weak_secondary,4,3,0,0
694,cp08p00_weak_secondary_t0004,94,120,formal_tps30,3,8,weak_secondary,4,4,0,0
695,cp08p00_weak_secondary_t0005,95,120,formal_tps30,3,8,weak_secondary,4,5,0,0
696,cp08p00_weak_secondary_t0006,96,120,formal_tps30,3,8,weak_secondary,4,6,0,0
697,cp08p00_weak_secondary_t0007,97,120,formal_tps30,3,8,weak_secondary,4,7,0,0
698,cp08p00_weak_secondary_t0008,98,120,formal_tps30,3,8,weak_secondary,4,8,0,0
699,cp08p00_weak_secondary_t0009,99,120,formal_tps30,3,8,weak_secondary,4,9,0,0
700,cp08p00_weak_secondary_t0010,100,120,formal_tps30,3,8,weak_secondary,4,10,0,0
701,cp08p00_weak_secondary_t0011,101,120,formal_tps30,3,8,weak_secondary,4,11,0,0
702,cp08p00_weak_secondary_t0012,102,120,formal_tps30,3,8,weak_secondary,4,12,0,0
703,cp08p00_weak_secondary_t0013,103,120,formal_tps30,3,8,weak_secondary,4,13,0,0
704,cp08p00_weak_secondary_t0014,104,120,formal_tps30,3,8,weak_secondary,4,14,0,0
705,cp08p00_weak_secondary_t0015,105,120,formal_tps30,3,8,weak_secondary,4,15,0,0
706,cp08p00_weak_secondary_t0016,106,120,formal_tps30,3,8,weak_secondary,4,16,0,0
707,cp08p00_weak_secondary_t0017,107,120,formal_tps30,3,8,weak_secondary,4,17,0,0
708,cp08p00_weak_secondary_t0018,108,120,formal_tps30,3,8,weak_secondary,4,18,0,0
709,cp08p00_weak_secondary_t0019,109,120,formal_tps30,3,8,weak_secondary,4,19,0,0
710,cp08p00_weak_secondary_t0020,110,120,formal_tps30,3,8,weak_secondary,4,20,0,0
711,cp08p00_weak_secondary_t0021,111,120,formal_tps30,3,8,weak_secondary,4,21,0,0
712,cp08p00_weak_secondary_t0022,112,120,formal_tps30,3,8,weak_secondary,4,22,0,0
713,cp08p00_weak_secondary_t0023,113,120,formal_tps30,3,8,weak_secondary,4,23,0,0
714,cp08p00_weak_secondary_t0024,114,120,formal_tps30,3,8,weak_secondary,4,24,1,0
715,cp08p00_weak_secondary_t0025,115,120,formal_tps30,3,8,weak_secondary,4,25,0,0
716,cp08p00_weak_secondary_t0026,116,120,formal_tps30,3,8,weak_secondary,4,26,0,0
717,cp08p00_weak_secondary_t0027,117,120,formal_tps30,3,8,weak_secondary,4,27,0,0
718,cp08p00_weak_secondary_t0028,118,120,formal_tps30,3,8,weak_secondary,4,28,0,0
719,cp08p00_weak_secondary_t0029,119,120,formal_tps30,3,8,weak_secondary,4,29,0,0
720,cp08p00_weak_secondary_t0030,120,120,formal_tps30,3,8,weak_secondary,4,30,0,0
721,cp08p00_low_snr_hard_t0001,1,120,formal_tps30,3,8,low_snr_hard,5,1,0,0
722,cp08p00_low_snr_hard_t0002,2,120,formal_tps30,3,8,low_snr_hard,5,2,0,0
723,cp08p00_low_snr_hard_t0003,3,120,formal_tps30,3,8,low_snr_hard,5,3,0,0
724,cp08p00_low_snr_hard_t0004,4,120,formal_tps30,3,8,low_snr_hard,5,4,0,0
725,cp08p00_low_snr_hard_t0005,5,120,formal_tps30,3,8,low_snr_hard,5,5,0,0
726,cp08p00_low_snr_hard_t0006,6,120,formal_tps30,3,8,low_snr_hard,5,6,0,0
727,cp08p00_low_snr_hard_t0007,7,120,formal_tps30,3,8,low_snr_hard,5,7,0,0
728,cp08p00_low_snr_hard_t0008,8,120,formal_tps30,3,8,low_snr_hard,5,8,0,0
729,cp08p00_low_snr_hard_t0009,9,120,formal_tps30,3,8,low_snr_hard,5,9,0,0
730,cp08p00_low_snr_hard_t0010,10,120,formal_tps30,3,8,low_snr_hard,5,10,0,0
731,cp08p00_low_snr_hard_t0011,11,120,formal_tps30,3,8,low_snr_hard,5,11,0,0
732,cp08p00_low_snr_hard_t0012,12,120,formal_tps30,3,8,low_snr_hard,5,12,0,0
733,cp08p00_low_snr_hard_t0013,13,120,formal_tps30,3,8,low_snr_hard,5,13,0,0
734,cp08p00_low_snr_hard_t0014,14,120,formal_tps30,3,8,low_snr_hard,5,14,0,0
735,cp08p00_low_snr_hard_t0015,15,120,formal_tps30,3,8,low_snr_hard,5,15,0,0
736,cp08p00_low_snr_hard_t0016,16,120,formal_tps30,3,8,low_snr_hard,5,16,0,0
737,cp08p00_low_snr_hard_t0017,17,120,formal_tps30,3,8,low_snr_hard,5,17,0,0
738,cp08p00_low_snr_hard_t0018,18,120,formal_tps30,3,8,low_snr_hard,5,18,0,0
739,cp08p00_low_snr_hard_t0019,19,120,formal_tps30,3,8,low_snr_hard,5,19,0,0
740,cp08p00_low_snr_hard_t0020,20,120,formal_tps30,3,8,low_snr_hard,5,20,0,0
741,cp08p00_low_snr_hard_t0021,21,120,formal_tps30,3,8,low_snr_hard,5,21,0,0
742,cp08p00_low_snr_hard_t0022,22,120,formal_tps30,3,8,low_snr_hard,5,22,0,0
743,cp08p00_low_snr_hard_t0023,23,120,formal_tps30,3,8,low_snr_hard,5,23,0,0
744,cp08p00_low_snr_hard_t0024,24,120,formal_tps30,3,8,low_snr_hard,5,24,0,0
745,cp08p00_low_snr_hard_t0025,25,120,formal_tps30,3,8,low_snr_hard,5,25,0,0
746,cp08p00_low_snr_hard_t0026,26,120,formal_tps30,3,8,low_snr_hard,5,26,0,0
747,cp08p00_low_snr_hard_t0027,27,120,formal_tps30,3,8,low_snr_hard,5,27,0,0
748,cp08p00_low_snr_hard_t0028,28,120,formal_tps30,3,8,low_snr_hard,5,28,0,0
749,cp08p00_low_snr_hard_t0029,29,120,formal_tps30,3,8,low_snr_hard,5,29,0,0
750,cp08p00_low_snr_hard_t0030,30,120,formal_tps30,3,8,low_snr_hard,5,30,0,0
751,cp08p00_near_tie_close_sep_t0001,31,120,formal_tps30,3,8,near_tie_close_sep,6,1,0,0
752,cp08p00_near_tie_close_sep_t0002,32,120,formal_tps30,3,8,near_tie_close_sep,6,2,0,0
753,cp08p00_near_tie_close_sep_t0003,33,120,formal_tps30,3,8,near_tie_close_sep,6,3,0,0
754,cp08p00_near_tie_close_sep_t0004,34,120,formal_tps30,3,8,near_tie_close_sep,6,4,0,0
755,cp08p00_near_tie_close_sep_t0005,35,120,formal_tps30,3,8,near_tie_close_sep,6,5,0,0
756,cp08p00_near_tie_close_sep_t0006,36,120,formal_tps30,3,8,near_tie_close_sep,6,6,0,0
757,cp08p00_near_tie_close_sep_t0007,37,120,formal_tps30,3,8,near_tie_close_sep,6,7,0,0
758,cp08p00_near_tie_close_sep_t0008,38,120,formal_tps30,3,8,near_tie_close_sep,6,8,0,0
759,cp08p00_near_tie_close_sep_t0009,39,120,formal_tps30,3,8,near_tie_close_sep,6,9,0,0
760,cp08p00_near_tie_close_sep_t0010,40,120,formal_tps30,3,8,near_tie_close_sep,6,10,0,0
761,cp08p00_near_tie_close_sep_t0011,41,120,formal_tps30,3,8,near_tie_close_sep,6,11,0,0
762,cp08p00_near_tie_close_sep_t0012,42,120,formal_tps30,3,8,near_tie_close_sep,6,12,0,0
763,cp08p00_near_tie_close_sep_t0013,43,120,formal_tps30,3,8,near_tie_close_sep,6,13,0,0
764,cp08p00_near_tie_close_sep_t0014,44,120,formal_tps30,3,8,near_tie_close_sep,6,14,0,0
765,cp08p00_near_tie_close_sep_t0015,45,120,formal_tps30,3,8,near_tie_close_sep,6,15,0,0
766,cp08p00_near_tie_close_sep_t0016,46,120,formal_tps30,3,8,near_tie_close_sep,6,16,0,0
767,cp08p00_near_tie_close_sep_t0017,47,120,formal_tps30,3,8,near_tie_close_sep,6,17,0,0
768,cp08p00_near_tie_close_sep_t0018,48,120,formal_tps30,3,8,near_tie_close_sep,6,18,0,0
769,cp08p00_near_tie_close_sep_t0019,49,120,formal_tps30,3,8,near_tie_close_sep,6,19,0,0
770,cp08p00_near_tie_close_sep_t0020,50,120,formal_tps30,3,8,near_tie_close_sep,6,20,0,0
771,cp08p00_near_tie_close_sep_t0021,51,120,formal_tps30,3,8,near_tie_close_sep,6,21,0,0
772,cp08p00_near_tie_close_sep_t0022,52,120,formal_tps30,3,8,near_tie_close_sep,6,22,0,0
773,cp08p00_near_tie_close_sep_t0023,53,120,formal_tps30,3,8,near_tie_close_sep,6,23,0,0
774,cp08p00_near_tie_close_sep_t0024,54,120,formal_tps30,3,8,near_tie_close_sep,6,24,0,0
775,cp08p00_near_tie_close_sep_t0025,55,120,formal_tps30,3,8,near_tie_close_sep,6,25,0,0
776,cp08p00_near_tie_close_sep_t0026,56,120,formal_tps30,3,8,near_tie_close_sep,6,26,0,0
777,cp08p00_near_tie_close_sep_t0027,57,120,formal_tps30,3,8,near_tie_close_sep,6,27,0,0
778,cp08p00_near_tie_close_sep_t0028,58,120,formal_tps30,3,8,near_tie_close_sep,6,28,0,0
779,cp08p00_near_tie_close_sep_t0029,59,120,formal_tps30,3,8,near_tie_close_sep,6,29,0,0
780,cp08p00_near_tie_close_sep_t0030,60,120,formal_tps30,3,8,near_tie_close_sep,6,30,0,0
781,cp08p00_medium_beta_coherent_t0001,61,120,formal_tps30,3,8,medium_beta_coherent,7,1,0,0
782,cp08p00_medium_beta_coherent_t0002,62,120,formal_tps30,3,8,medium_beta_coherent,7,2,0,0
783,cp08p00_medium_beta_coherent_t0003,63,120,formal_tps30,3,8,medium_beta_coherent,7,3,0,0
784,cp08p00_medium_beta_coherent_t0004,64,120,formal_tps30,3,8,medium_beta_coherent,7,4,0,0
785,cp08p00_medium_beta_coherent_t0005,65,120,formal_tps30,3,8,medium_beta_coherent,7,5,0,0
786,cp08p00_medium_beta_coherent_t0006,66,120,formal_tps30,3,8,medium_beta_coherent,7,6,0,0
787,cp08p00_medium_beta_coherent_t0007,67,120,formal_tps30,3,8,medium_beta_coherent,7,7,0,0
788,cp08p00_medium_beta_coherent_t0008,68,120,formal_tps30,3,8,medium_beta_coherent,7,8,0,0
789,cp08p00_medium_beta_coherent_t0009,69,120,formal_tps30,3,8,medium_beta_coherent,7,9,0,0
790,cp08p00_medium_beta_coherent_t0010,70,120,formal_tps30,3,8,medium_beta_coherent,7,10,0,0
791,cp08p00_medium_beta_coherent_t0011,71,120,formal_tps30,3,8,medium_beta_coherent,7,11,0,0
792,cp08p00_medium_beta_coherent_t0012,72,120,formal_tps30,3,8,medium_beta_coherent,7,12,0,0
793,cp08p00_medium_beta_coherent_t0013,73,120,formal_tps30,3,8,medium_beta_coherent,7,13,0,0
794,cp08p00_medium_beta_coherent_t0014,74,120,formal_tps30,3,8,medium_beta_coherent,7,14,0,0
795,cp08p00_medium_beta_coherent_t0015,75,120,formal_tps30,3,8,medium_beta_coherent,7,15,0,0
796,cp08p00_medium_beta_coherent_t0016,76,120,formal_tps30,3,8,medium_beta_coherent,7,16,0,0
797,cp08p00_medium_beta_coherent_t0017,77,120,formal_tps30,3,8,medium_beta_coherent,7,17,0,0
798,cp08p00_medium_beta_coherent_t0018,78,120,formal_tps30,3,8,medium_beta_coherent,7,18,0,0
799,cp08p00_medium_beta_coherent_t0019,79,120,formal_tps30,3,8,medium_beta_coherent,7,19,0,0
800,cp08p00_medium_beta_coherent_t0020,80,120,formal_tps30,3,8,medium_beta_coherent,7,20,0,0
801,cp08p00_medium_beta_coherent_t0021,81,120,formal_tps30,3,8,medium_beta_coherent,7,21,0,0
802,cp08p00_medium_beta_coherent_t0022,82,120,formal_tps30,3,8,medium_beta_coherent,7,22,0,0
803,cp08p00_medium_beta_coherent_t0023,83,120,formal_tps30,3,8,medium_beta_coherent,7,23,0,0
804,cp08p00_medium_beta_coherent_t0024,84,120,formal_tps30,3,8,medium_beta_coherent,7,24,0,0
805,cp08p00_medium_beta_coherent_t0025,85,120,formal_tps30,3,8,medium_beta_coherent,7,25,0,0
806,cp08p00_medium_beta_coherent_t0026,86,120,formal_tps30,3,8,medium_beta_coherent,7,26,0,0
807,cp08p00_medium_beta_coherent_t0027,87,120,formal_tps30,3,8,medium_beta_coherent,7,27,0,0
808,cp08p00_medium_beta_coherent_t0028,88,120,formal_tps30,3,8,medium_beta_coherent,7,28,0,0
809,cp08p00_medium_beta_coherent_t0029,89,120,formal_tps30,3,8,medium_beta_coherent,7,29,0,0
810,cp08p00_medium_beta_coherent_t0030,90,120,formal_tps30,3,8,medium_beta_coherent,7,30,0,0
811,cp08p00_large_el_pair_t0001,91,120,formal_tps30,3,8,large_el_pair,8,1,0,0
812,cp08p00_large_el_pair_t0002,92,120,formal_tps30,3,8,large_el_pair,8,2,0,0
813,cp08p00_large_el_pair_t0003,93,120,formal_tps30,3,8,large_el_pair,8,3,0,0
814,cp08p00_large_el_pair_t0004,94,120,formal_tps30,3,8,large_el_pair,8,4,0,0
815,cp08p00_large_el_pair_t0005,95,120,formal_tps30,3,8,large_el_pair,8,5,0,0
816,cp08p00_large_el_pair_t0006,96,120,formal_tps30,3,8,large_el_pair,8,6,0,0
817,cp08p00_large_el_pair_t0007,97,120,formal_tps30,3,8,large_el_pair,8,7,0,0
818,cp08p00_large_el_pair_t0008,98,120,formal_tps30,3,8,large_el_pair,8,8,0,0
819,cp08p00_large_el_pair_t0009,99,120,formal_tps30,3,8,large_el_pair,8,9,0,0
820,cp08p00_large_el_pair_t0010,100,120,formal_tps30,3,8,large_el_pair,8,10,0,0
821,cp08p00_large_el_pair_t0011,101,120,formal_tps30,3,8,large_el_pair,8,11,0,0
822,cp08p00_large_el_pair_t0012,102,120,formal_tps30,3,8,large_el_pair,8,12,0,0
823,cp08p00_large_el_pair_t0013,103,120,formal_tps30,3,8,large_el_pair,8,13,0,0
824,cp08p00_large_el_pair_t0014,104,120,formal_tps30,3,8,large_el_pair,8,14,0,0
825,cp08p00_large_el_pair_t0015,105,120,formal_tps30,3,8,large_el_pair,8,15,0,0
826,cp08p00_large_el_pair_t0016,106,120,formal_tps30,3,8,large_el_pair,8,16,0,0
827,cp08p00_large_el_pair_t0017,107,120,formal_tps30,3,8,large_el_pair,8,17,0,0
828,cp08p00_large_el_pair_t0018,108,120,formal_tps30,3,8,large_el_pair,8,18,0,0
829,cp08p00_large_el_pair_t0019,109,120,formal_tps30,3,8,large_el_pair,8,19,0,0
830,cp08p00_large_el_pair_t0020,110,120,formal_tps30,3,8,large_el_pair,8,20,0,0
831,cp08p00_large_el_pair_t0021,111,120,formal_tps30,3,8,large_el_pair,8,21,0,0
832,cp08p00_large_el_pair_t0022,112,120,formal_tps30,3,8,large_el_pair,8,22,0,0
833,cp08p00_large_el_pair_t0023,113,120,formal_tps30,3,8,large_el_pair,8,23,0,0
834,cp08p00_large_el_pair_t0024,114,120,formal_tps30,3,8,large_el_pair,8,24,1,0
835,cp08p00_large_el_pair_t0025,115,120,formal_tps30,3,8,large_el_pair,8,25,0,0
836,cp08p00_large_el_pair_t0026,116,120,formal_tps30,3,8,large_el_pair,8,26,0,0
837,cp08p00_large_el_pair_t0027,117,120,formal_tps30,3,8,large_el_pair,8,27,0,0
838,cp08p00_large_el_pair_t0028,118,120,formal_tps30,3,8,large_el_pair,8,28,0,0
839,cp08p00_large_el_pair_t0029,119,120,formal_tps30,3,8,large_el_pair,8,29,0,0
840,cp08p00_large_el_pair_t0030,120,120,formal_tps30,3,8,large_el_pair,8,30,0,0
841,cp08p00_cache_boundary_center_t0001,1,120,formal_tps30,3,8,cache_boundary_center,9,1,0,0
842,cp08p00_cache_boundary_center_t0002,2,120,formal_tps30,3,8,cache_boundary_center,9,2,0,0
843,cp08p00_cache_boundary_center_t0003,3,120,formal_tps30,3,8,cache_boundary_center,9,3,0,0
844,cp08p00_cache_boundary_center_t0004,4,120,formal_tps30,3,8,cache_boundary_center,9,4,0,0
845,cp08p00_cache_boundary_center_t0005,5,120,formal_tps30,3,8,cache_boundary_center,9,5,0,0
846,cp08p00_cache_boundary_center_t0006,6,120,formal_tps30,3,8,cache_boundary_center,9,6,0,0
847,cp08p00_cache_boundary_center_t0007,7,120,formal_tps30,3,8,cache_boundary_center,9,7,0,0
848,cp08p00_cache_boundary_center_t0008,8,120,formal_tps30,3,8,cache_boundary_center,9,8,0,0
849,cp08p00_cache_boundary_center_t0009,9,120,formal_tps30,3,8,cache_boundary_center,9,9,0,0
850,cp08p00_cache_boundary_center_t0010,10,120,formal_tps30,3,8,cache_boundary_center,9,10,0,0
851,cp08p00_cache_boundary_center_t0011,11,120,formal_tps30,3,8,cache_boundary_center,9,11,0,0
852,cp08p00_cache_boundary_center_t0012,12,120,formal_tps30,3,8,cache_boundary_center,9,12,0,0
853,cp08p00_cache_boundary_center_t0013,13,120,formal_tps30,3,8,cache_boundary_center,9,13,0,0
854,cp08p00_cache_boundary_center_t0014,14,120,formal_tps30,3,8,cache_boundary_center,9,14,0,0
855,cp08p00_cache_boundary_center_t0015,15,120,formal_tps30,3,8,cache_boundary_center,9,15,0,0
856,cp08p00_cache_boundary_center_t0016,16,120,formal_tps30,3,8,cache_boundary_center,9,16,0,0
857,cp08p00_cache_boundary_center_t0017,17,120,formal_tps30,3,8,cache_boundary_center,9,17,0,0
858,cp08p00_cache_boundary_center_t0018,18,120,formal_tps30,3,8,cache_boundary_center,9,18,0,0
859,cp08p00_cache_boundary_center_t0019,19,120,formal_tps30,3,8,cache_boundary_center,9,19,0,0
860,cp08p00_cache_boundary_center_t0020,20,120,formal_tps30,3,8,cache_boundary_center,9,20,0,0
861,cp08p00_cache_boundary_center_t0021,21,120,formal_tps30,3,8,cache_boundary_center,9,21,0,0
862,cp08p00_cache_boundary_center_t0022,22,120,formal_tps30,3,8,cache_boundary_center,9,22,0,0
863,cp08p00_cache_boundary_center_t0023,23,120,formal_tps30,3,8,cache_boundary_center,9,23,0,0
864,cp08p00_cache_boundary_center_t0024,24,120,formal_tps30,3,8,cache_boundary_center,9,24,0,0
865,cp08p00_cache_boundary_center_t0025,25,120,formal_tps30,3,8,cache_boundary_center,9,25,0,0
866,cp08p00_cache_boundary_center_t0026,26,120,formal_tps30,3,8,cache_boundary_center,9,26,0,0
867,cp08p00_cache_boundary_center_t0027,27,120,formal_tps30,3,8,cache_boundary_center,9,27,0,0
868,cp08p00_cache_boundary_center_t0028,28,120,formal_tps30,3,8,cache_boundary_center,9,28,0,0
869,cp08p00_cache_boundary_center_t0029,29,120,formal_tps30,3,8,cache_boundary_center,9,29,0,0
870,cp08p00_cache_boundary_center_t0030,30,120,formal_tps30,3,8,cache_boundary_center,9,30,0,0
871,cp08p00_low_margin_score_gap_t0001,31,120,formal_tps30,3,8,low_margin_score_gap,10,1,0,0
872,cp08p00_low_margin_score_gap_t0002,32,120,formal_tps30,3,8,low_margin_score_gap,10,2,0,0
873,cp08p00_low_margin_score_gap_t0003,33,120,formal_tps30,3,8,low_margin_score_gap,10,3,0,0
874,cp08p00_low_margin_score_gap_t0004,34,120,formal_tps30,3,8,low_margin_score_gap,10,4,0,0
875,cp08p00_low_margin_score_gap_t0005,35,120,formal_tps30,3,8,low_margin_score_gap,10,5,0,0
876,cp08p00_low_margin_score_gap_t0006,36,120,formal_tps30,3,8,low_margin_score_gap,10,6,0,0
877,cp08p00_low_margin_score_gap_t0007,37,120,formal_tps30,3,8,low_margin_score_gap,10,7,0,0
878,cp08p00_low_margin_score_gap_t0008,38,120,formal_tps30,3,8,low_margin_score_gap,10,8,0,0
879,cp08p00_low_margin_score_gap_t0009,39,120,formal_tps30,3,8,low_margin_score_gap,10,9,0,0
880,cp08p00_low_margin_score_gap_t0010,40,120,formal_tps30,3,8,low_margin_score_gap,10,10,0,0
881,cp08p00_low_margin_score_gap_t0011,41,120,formal_tps30,3,8,low_margin_score_gap,10,11,0,0
882,cp08p00_low_margin_score_gap_t0012,42,120,formal_tps30,3,8,low_margin_score_gap,10,12,0,0
883,cp08p00_low_margin_score_gap_t0013,43,120,formal_tps30,3,8,low_margin_score_gap,10,13,0,0
884,cp08p00_low_margin_score_gap_t0014,44,120,formal_tps30,3,8,low_margin_score_gap,10,14,0,0
885,cp08p00_low_margin_score_gap_t0015,45,120,formal_tps30,3,8,low_margin_score_gap,10,15,0,0
886,cp08p00_low_margin_score_gap_t0016,46,120,formal_tps30,3,8,low_margin_score_gap,10,16,0,0
887,cp08p00_low_margin_score_gap_t0017,47,120,formal_tps30,3,8,low_margin_score_gap,10,17,0,0
888,cp08p00_low_margin_score_gap_t0018,48,120,formal_tps30,3,8,low_margin_score_gap,10,18,0,0
889,cp08p00_low_margin_score_gap_t0019,49,120,formal_tps30,3,8,low_margin_score_gap,10,19,0,0
890,cp08p00_low_margin_score_gap_t0020,50,120,formal_tps30,3,8,low_margin_score_gap,10,20,0,0
891,cp08p00_low_margin_score_gap_t0021,51,120,formal_tps30,3,8,low_margin_score_gap,10,21,0,0
892,cp08p00_low_margin_score_gap_t0022,52,120,formal_tps30,3,8,low_margin_score_gap,10,22,0,0
893,cp08p00_low_margin_score_gap_t0023,53,120,formal_tps30,3,8,low_margin_score_gap,10,23,0,0
894,cp08p00_low_margin_score_gap_t0024,54,120,formal_tps30,3,8,low_margin_score_gap,10,24,0,0
895,cp08p00_low_margin_score_gap_t0025,55,120,formal_tps30,3,8,low_margin_score_gap,10,25,0,0
896,cp08p00_low_margin_score_gap_t0026,56,120,formal_tps30,3,8,low_margin_score_gap,10,26,0,0
897,cp08p00_low_margin_score_gap_t0027,57,120,formal_tps30,3,8,low_margin_score_gap,10,27,0,0
898,cp08p00_low_margin_score_gap_t0028,58,120,formal_tps30,3,8,low_margin_score_gap,10,28,0,0
899,cp08p00_low_margin_score_gap_t0029,59,120,formal_tps30,3,8,low_margin_score_gap,10,29,0,0
900,cp08p00_low_margin_score_gap_t0030,60,120,formal_tps30,3,8,low_margin_score_gap,10,30,0,0
901,cp15p00_easy_noncoherent_t0001,61,120,formal_tps30,4,15,easy_noncoherent,1,1,0,0
902,cp15p00_easy_noncoherent_t0002,62,120,formal_tps30,4,15,easy_noncoherent,1,2,0,0
903,cp15p00_easy_noncoherent_t0003,63,120,formal_tps30,4,15,easy_noncoherent,1,3,0,0
904,cp15p00_easy_noncoherent_t0004,64,120,formal_tps30,4,15,easy_noncoherent,1,4,0,0
905,cp15p00_easy_noncoherent_t0005,65,120,formal_tps30,4,15,easy_noncoherent,1,5,0,0
906,cp15p00_easy_noncoherent_t0006,66,120,formal_tps30,4,15,easy_noncoherent,1,6,0,0
907,cp15p00_easy_noncoherent_t0007,67,120,formal_tps30,4,15,easy_noncoherent,1,7,0,0
908,cp15p00_easy_noncoherent_t0008,68,120,formal_tps30,4,15,easy_noncoherent,1,8,0,0
909,cp15p00_easy_noncoherent_t0009,69,120,formal_tps30,4,15,easy_noncoherent,1,9,0,0
910,cp15p00_easy_noncoherent_t0010,70,120,formal_tps30,4,15,easy_noncoherent,1,10,0,0
911,cp15p00_easy_noncoherent_t0011,71,120,formal_tps30,4,15,easy_noncoherent,1,11,0,0
912,cp15p00_easy_noncoherent_t0012,72,120,formal_tps30,4,15,easy_noncoherent,1,12,0,0
913,cp15p00_easy_noncoherent_t0013,73,120,formal_tps30,4,15,easy_noncoherent,1,13,0,0
914,cp15p00_easy_noncoherent_t0014,74,120,formal_tps30,4,15,easy_noncoherent,1,14,0,0
915,cp15p00_easy_noncoherent_t0015,75,120,formal_tps30,4,15,easy_noncoherent,1,15,0,0
916,cp15p00_easy_noncoherent_t0016,76,120,formal_tps30,4,15,easy_noncoherent,1,16,0,0
917,cp15p00_easy_noncoherent_t0017,77,120,formal_tps30,4,15,easy_noncoherent,1,17,0,0
918,cp15p00_easy_noncoherent_t0018,78,120,formal_tps30,4,15,easy_noncoherent,1,18,0,0
919,cp15p00_easy_noncoherent_t0019,79,120,formal_tps30,4,15,easy_noncoherent,1,19,0,0
920,cp15p00_easy_noncoherent_t0020,80,120,formal_tps30,4,15,easy_noncoherent,1,20,0,0
921,cp15p00_easy_noncoherent_t0021,81,120,formal_tps30,4,15,easy_noncoherent,1,21,0,0
922,cp15p00_easy_noncoherent_t0022,82,120,formal_tps30,4,15,easy_noncoherent,1,22,0,0
923,cp15p00_easy_noncoherent_t0023,83,120,formal_tps30,4,15,easy_noncoherent,1,23,0,0
924,cp15p00_easy_noncoherent_t0024,84,120,formal_tps30,4,15,easy_noncoherent,1,24,0,0
925,cp15p00_easy_noncoherent_t0025,85,120,formal_tps30,4,15,easy_noncoherent,1,25,0,0
926,cp15p00_easy_noncoherent_t0026,86,120,formal_tps30,4,15,easy_noncoherent,1,26,0,0
927,cp15p00_easy_noncoherent_t0027,87,120,formal_tps30,4,15,easy_noncoherent,1,27,0,0
928,cp15p00_easy_noncoherent_t0028,88,120,formal_tps30,4,15,easy_noncoherent,1,28,0,0
929,cp15p00_easy_noncoherent_t0029,89,120,formal_tps30,4,15,easy_noncoherent,1,29,0,0
930,cp15p00_easy_noncoherent_t0030,90,120,formal_tps30,4,15,easy_noncoherent,1,30,0,0
931,cp15p00_strong_coherent_t0001,91,120,formal_tps30,4,15,strong_coherent,2,1,0,0
932,cp15p00_strong_coherent_t0002,92,120,formal_tps30,4,15,strong_coherent,2,2,0,0
933,cp15p00_strong_coherent_t0003,93,120,formal_tps30,4,15,strong_coherent,2,3,0,0
934,cp15p00_strong_coherent_t0004,94,120,formal_tps30,4,15,strong_coherent,2,4,0,0
935,cp15p00_strong_coherent_t0005,95,120,formal_tps30,4,15,strong_coherent,2,5,0,0
936,cp15p00_strong_coherent_t0006,96,120,formal_tps30,4,15,strong_coherent,2,6,0,0
937,cp15p00_strong_coherent_t0007,97,120,formal_tps30,4,15,strong_coherent,2,7,0,0
938,cp15p00_strong_coherent_t0008,98,120,formal_tps30,4,15,strong_coherent,2,8,0,0
939,cp15p00_strong_coherent_t0009,99,120,formal_tps30,4,15,strong_coherent,2,9,0,0
940,cp15p00_strong_coherent_t0010,100,120,formal_tps30,4,15,strong_coherent,2,10,0,0
941,cp15p00_strong_coherent_t0011,101,120,formal_tps30,4,15,strong_coherent,2,11,0,0
942,cp15p00_strong_coherent_t0012,102,120,formal_tps30,4,15,strong_coherent,2,12,0,0
943,cp15p00_strong_coherent_t0013,103,120,formal_tps30,4,15,strong_coherent,2,13,0,0
944,cp15p00_strong_coherent_t0014,104,120,formal_tps30,4,15,strong_coherent,2,14,0,0
945,cp15p00_strong_coherent_t0015,105,120,formal_tps30,4,15,strong_coherent,2,15,0,0
946,cp15p00_strong_coherent_t0016,106,120,formal_tps30,4,15,strong_coherent,2,16,0,0
947,cp15p00_strong_coherent_t0017,107,120,formal_tps30,4,15,strong_coherent,2,17,0,0
948,cp15p00_strong_coherent_t0018,108,120,formal_tps30,4,15,strong_coherent,2,18,0,0
949,cp15p00_strong_coherent_t0019,109,120,formal_tps30,4,15,strong_coherent,2,19,0,0
950,cp15p00_strong_coherent_t0020,110,120,formal_tps30,4,15,strong_coherent,2,20,0,0
951,cp15p00_strong_coherent_t0021,111,120,formal_tps30,4,15,strong_coherent,2,21,0,0
952,cp15p00_strong_coherent_t0022,112,120,formal_tps30,4,15,strong_coherent,2,22,0,0
953,cp15p00_strong_coherent_t0023,113,120,formal_tps30,4,15,strong_coherent,2,23,0,0
954,cp15p00_strong_coherent_t0024,114,120,formal_tps30,4,15,strong_coherent,2,24,1,0
955,cp15p00_strong_coherent_t0025,115,120,formal_tps30,4,15,strong_coherent,2,25,0,0
956,cp15p00_strong_coherent_t0026,116,120,formal_tps30,4,15,strong_coherent,2,26,0,0
957,cp15p00_strong_coherent_t0027,117,120,formal_tps30,4,15,strong_coherent,2,27,0,0
958,cp15p00_strong_coherent_t0028,118,120,formal_tps30,4,15,strong_coherent,2,28,0,0
959,cp15p00_strong_coherent_t0029,119,120,formal_tps30,4,15,strong_coherent,2,29,0,0
960,cp15p00_strong_coherent_t0030,120,120,formal_tps30,4,15,strong_coherent,2,30,0,0
961,cp15p00_hard_phase_t0001,1,120,formal_tps30,4,15,hard_phase,3,1,0,0
962,cp15p00_hard_phase_t0002,2,120,formal_tps30,4,15,hard_phase,3,2,0,0
963,cp15p00_hard_phase_t0003,3,120,formal_tps30,4,15,hard_phase,3,3,0,0
964,cp15p00_hard_phase_t0004,4,120,formal_tps30,4,15,hard_phase,3,4,0,0
965,cp15p00_hard_phase_t0005,5,120,formal_tps30,4,15,hard_phase,3,5,0,0
966,cp15p00_hard_phase_t0006,6,120,formal_tps30,4,15,hard_phase,3,6,0,0
967,cp15p00_hard_phase_t0007,7,120,formal_tps30,4,15,hard_phase,3,7,0,0
968,cp15p00_hard_phase_t0008,8,120,formal_tps30,4,15,hard_phase,3,8,0,0
969,cp15p00_hard_phase_t0009,9,120,formal_tps30,4,15,hard_phase,3,9,0,0
970,cp15p00_hard_phase_t0010,10,120,formal_tps30,4,15,hard_phase,3,10,0,0
971,cp15p00_hard_phase_t0011,11,120,formal_tps30,4,15,hard_phase,3,11,0,0
972,cp15p00_hard_phase_t0012,12,120,formal_tps30,4,15,hard_phase,3,12,0,0
973,cp15p00_hard_phase_t0013,13,120,formal_tps30,4,15,hard_phase,3,13,0,0
974,cp15p00_hard_phase_t0014,14,120,formal_tps30,4,15,hard_phase,3,14,0,0
975,cp15p00_hard_phase_t0015,15,120,formal_tps30,4,15,hard_phase,3,15,0,0
976,cp15p00_hard_phase_t0016,16,120,formal_tps30,4,15,hard_phase,3,16,0,0
977,cp15p00_hard_phase_t0017,17,120,formal_tps30,4,15,hard_phase,3,17,0,0
978,cp15p00_hard_phase_t0018,18,120,formal_tps30,4,15,hard_phase,3,18,0,0
979,cp15p00_hard_phase_t0019,19,120,formal_tps30,4,15,hard_phase,3,19,0,0
980,cp15p00_hard_phase_t0020,20,120,formal_tps30,4,15,hard_phase,3,20,0,0
981,cp15p00_hard_phase_t0021,21,120,formal_tps30,4,15,hard_phase,3,21,0,0
982,cp15p00_hard_phase_t0022,22,120,formal_tps30,4,15,hard_phase,3,22,0,0
983,cp15p00_hard_phase_t0023,23,120,formal_tps30,4,15,hard_phase,3,23,0,0
984,cp15p00_hard_phase_t0024,24,120,formal_tps30,4,15,hard_phase,3,24,0,0
985,cp15p00_hard_phase_t0025,25,120,formal_tps30,4,15,hard_phase,3,25,0,0
986,cp15p00_hard_phase_t0026,26,120,formal_tps30,4,15,hard_phase,3,26,0,0
987,cp15p00_hard_phase_t0027,27,120,formal_tps30,4,15,hard_phase,3,27,0,0
988,cp15p00_hard_phase_t0028,28,120,formal_tps30,4,15,hard_phase,3,28,0,0
989,cp15p00_hard_phase_t0029,29,120,formal_tps30,4,15,hard_phase,3,29,0,0
990,cp15p00_hard_phase_t0030,30,120,formal_tps30,4,15,hard_phase,3,30,0,0
991,cp15p00_weak_secondary_t0001,31,120,formal_tps30,4,15,weak_secondary,4,1,0,0
992,cp15p00_weak_secondary_t0002,32,120,formal_tps30,4,15,weak_secondary,4,2,0,0
993,cp15p00_weak_secondary_t0003,33,120,formal_tps30,4,15,weak_secondary,4,3,0,0
994,cp15p00_weak_secondary_t0004,34,120,formal_tps30,4,15,weak_secondary,4,4,0,0
995,cp15p00_weak_secondary_t0005,35,120,formal_tps30,4,15,weak_secondary,4,5,0,0
996,cp15p00_weak_secondary_t0006,36,120,formal_tps30,4,15,weak_secondary,4,6,0,0
997,cp15p00_weak_secondary_t0007,37,120,formal_tps30,4,15,weak_secondary,4,7,0,0
998,cp15p00_weak_secondary_t0008,38,120,formal_tps30,4,15,weak_secondary,4,8,0,0
999,cp15p00_weak_secondary_t0009,39,120,formal_tps30,4,15,weak_secondary,4,9,0,0
1000,cp15p00_weak_secondary_t0010,40,120,formal_tps30,4,15,weak_secondary,4,10,0,0
1001,cp15p00_weak_secondary_t0011,41,120,formal_tps30,4,15,weak_secondary,4,11,0,0
1002,cp15p00_weak_secondary_t0012,42,120,formal_tps30,4,15,weak_secondary,4,12,0,0
1003,cp15p00_weak_secondary_t0013,43,120,formal_tps30,4,15,weak_secondary,4,13,0,0
1004,cp15p00_weak_secondary_t0014,44,120,formal_tps30,4,15,weak_secondary,4,14,0,0
1005,cp15p00_weak_secondary_t0015,45,120,formal_tps30,4,15,weak_secondary,4,15,0,0
1006,cp15p00_weak_secondary_t0016,46,120,formal_tps30,4,15,weak_secondary,4,16,0,0
1007,cp15p00_weak_secondary_t0017,47,120,formal_tps30,4,15,weak_secondary,4,17,0,0
1008,cp15p00_weak_secondary_t0018,48,120,formal_tps30,4,15,weak_secondary,4,18,0,0
1009,cp15p00_weak_secondary_t0019,49,120,formal_tps30,4,15,weak_secondary,4,19,0,0
1010,cp15p00_weak_secondary_t0020,50,120,formal_tps30,4,15,weak_secondary,4,20,0,0
1011,cp15p00_weak_secondary_t0021,51,120,formal_tps30,4,15,weak_secondary,4,21,0,0
1012,cp15p00_weak_secondary_t0022,52,120,formal_tps30,4,15,weak_secondary,4,22,0,0
1013,cp15p00_weak_secondary_t0023,53,120,formal_tps30,4,15,weak_secondary,4,23,0,0
1014,cp15p00_weak_secondary_t0024,54,120,formal_tps30,4,15,weak_secondary,4,24,0,0
1015,cp15p00_weak_secondary_t0025,55,120,formal_tps30,4,15,weak_secondary,4,25,0,0
1016,cp15p00_weak_secondary_t0026,56,120,formal_tps30,4,15,weak_secondary,4,26,0,0
1017,cp15p00_weak_secondary_t0027,57,120,formal_tps30,4,15,weak_secondary,4,27,0,0
1018,cp15p00_weak_secondary_t0028,58,120,formal_tps30,4,15,weak_secondary,4,28,0,0
1019,cp15p00_weak_secondary_t0029,59,120,formal_tps30,4,15,weak_secondary,4,29,0,0
1020,cp15p00_weak_secondary_t0030,60,120,formal_tps30,4,15,weak_secondary,4,30,0,0
1021,cp15p00_low_snr_hard_t0001,61,120,formal_tps30,4,15,low_snr_hard,5,1,0,0
1022,cp15p00_low_snr_hard_t0002,62,120,formal_tps30,4,15,low_snr_hard,5,2,0,0
1023,cp15p00_low_snr_hard_t0003,63,120,formal_tps30,4,15,low_snr_hard,5,3,0,0
1024,cp15p00_low_snr_hard_t0004,64,120,formal_tps30,4,15,low_snr_hard,5,4,0,0
1025,cp15p00_low_snr_hard_t0005,65,120,formal_tps30,4,15,low_snr_hard,5,5,0,0
1026,cp15p00_low_snr_hard_t0006,66,120,formal_tps30,4,15,low_snr_hard,5,6,0,0
1027,cp15p00_low_snr_hard_t0007,67,120,formal_tps30,4,15,low_snr_hard,5,7,0,0
1028,cp15p00_low_snr_hard_t0008,68,120,formal_tps30,4,15,low_snr_hard,5,8,0,0
1029,cp15p00_low_snr_hard_t0009,69,120,formal_tps30,4,15,low_snr_hard,5,9,0,0
1030,cp15p00_low_snr_hard_t0010,70,120,formal_tps30,4,15,low_snr_hard,5,10,0,0
1031,cp15p00_low_snr_hard_t0011,71,120,formal_tps30,4,15,low_snr_hard,5,11,0,0
1032,cp15p00_low_snr_hard_t0012,72,120,formal_tps30,4,15,low_snr_hard,5,12,0,0
1033,cp15p00_low_snr_hard_t0013,73,120,formal_tps30,4,15,low_snr_hard,5,13,0,0
1034,cp15p00_low_snr_hard_t0014,74,120,formal_tps30,4,15,low_snr_hard,5,14,0,0
1035,cp15p00_low_snr_hard_t0015,75,120,formal_tps30,4,15,low_snr_hard,5,15,0,0
1036,cp15p00_low_snr_hard_t0016,76,120,formal_tps30,4,15,low_snr_hard,5,16,0,0
1037,cp15p00_low_snr_hard_t0017,77,120,formal_tps30,4,15,low_snr_hard,5,17,0,0
1038,cp15p00_low_snr_hard_t0018,78,120,formal_tps30,4,15,low_snr_hard,5,18,0,0
1039,cp15p00_low_snr_hard_t0019,79,120,formal_tps30,4,15,low_snr_hard,5,19,0,0
1040,cp15p00_low_snr_hard_t0020,80,120,formal_tps30,4,15,low_snr_hard,5,20,0,0
1041,cp15p00_low_snr_hard_t0021,81,120,formal_tps30,4,15,low_snr_hard,5,21,0,0
1042,cp15p00_low_snr_hard_t0022,82,120,formal_tps30,4,15,low_snr_hard,5,22,0,0
1043,cp15p00_low_snr_hard_t0023,83,120,formal_tps30,4,15,low_snr_hard,5,23,0,0
1044,cp15p00_low_snr_hard_t0024,84,120,formal_tps30,4,15,low_snr_hard,5,24,0,0
1045,cp15p00_low_snr_hard_t0025,85,120,formal_tps30,4,15,low_snr_hard,5,25,0,0
1046,cp15p00_low_snr_hard_t0026,86,120,formal_tps30,4,15,low_snr_hard,5,26,0,0
1047,cp15p00_low_snr_hard_t0027,87,120,formal_tps30,4,15,low_snr_hard,5,27,0,0
1048,cp15p00_low_snr_hard_t0028,88,120,formal_tps30,4,15,low_snr_hard,5,28,0,0
1049,cp15p00_low_snr_hard_t0029,89,120,formal_tps30,4,15,low_snr_hard,5,29,0,0
1050,cp15p00_low_snr_hard_t0030,90,120,formal_tps30,4,15,low_snr_hard,5,30,0,0
1051,cp15p00_near_tie_close_sep_t0001,91,120,formal_tps30,4,15,near_tie_close_sep,6,1,0,0
1052,cp15p00_near_tie_close_sep_t0002,92,120,formal_tps30,4,15,near_tie_close_sep,6,2,0,0
1053,cp15p00_near_tie_close_sep_t0003,93,120,formal_tps30,4,15,near_tie_close_sep,6,3,0,0
1054,cp15p00_near_tie_close_sep_t0004,94,120,formal_tps30,4,15,near_tie_close_sep,6,4,0,0
1055,cp15p00_near_tie_close_sep_t0005,95,120,formal_tps30,4,15,near_tie_close_sep,6,5,0,0
1056,cp15p00_near_tie_close_sep_t0006,96,120,formal_tps30,4,15,near_tie_close_sep,6,6,0,0
1057,cp15p00_near_tie_close_sep_t0007,97,120,formal_tps30,4,15,near_tie_close_sep,6,7,0,0
1058,cp15p00_near_tie_close_sep_t0008,98,120,formal_tps30,4,15,near_tie_close_sep,6,8,0,0
1059,cp15p00_near_tie_close_sep_t0009,99,120,formal_tps30,4,15,near_tie_close_sep,6,9,0,0
1060,cp15p00_near_tie_close_sep_t0010,100,120,formal_tps30,4,15,near_tie_close_sep,6,10,0,0
1061,cp15p00_near_tie_close_sep_t0011,101,120,formal_tps30,4,15,near_tie_close_sep,6,11,0,0
1062,cp15p00_near_tie_close_sep_t0012,102,120,formal_tps30,4,15,near_tie_close_sep,6,12,0,0
1063,cp15p00_near_tie_close_sep_t0013,103,120,formal_tps30,4,15,near_tie_close_sep,6,13,0,0
1064,cp15p00_near_tie_close_sep_t0014,104,120,formal_tps30,4,15,near_tie_close_sep,6,14,0,0
1065,cp15p00_near_tie_close_sep_t0015,105,120,formal_tps30,4,15,near_tie_close_sep,6,15,0,0
1066,cp15p00_near_tie_close_sep_t0016,106,120,formal_tps30,4,15,near_tie_close_sep,6,16,0,0
1067,cp15p00_near_tie_close_sep_t0017,107,120,formal_tps30,4,15,near_tie_close_sep,6,17,0,0
1068,cp15p00_near_tie_close_sep_t0018,108,120,formal_tps30,4,15,near_tie_close_sep,6,18,0,0
1069,cp15p00_near_tie_close_sep_t0019,109,120,formal_tps30,4,15,near_tie_close_sep,6,19,0,0
1070,cp15p00_near_tie_close_sep_t0020,110,120,formal_tps30,4,15,near_tie_close_sep,6,20,0,0
1071,cp15p00_near_tie_close_sep_t0021,111,120,formal_tps30,4,15,near_tie_close_sep,6,21,0,0
1072,cp15p00_near_tie_close_sep_t0022,112,120,formal_tps30,4,15,near_tie_close_sep,6,22,0,0
1073,cp15p00_near_tie_close_sep_t0023,113,120,formal_tps30,4,15,near_tie_close_sep,6,23,0,0
1074,cp15p00_near_tie_close_sep_t0024,114,120,formal_tps30,4,15,near_tie_close_sep,6,24,1,0
1075,cp15p00_near_tie_close_sep_t0025,115,120,formal_tps30,4,15,near_tie_close_sep,6,25,0,0
1076,cp15p00_near_tie_close_sep_t0026,116,120,formal_tps30,4,15,near_tie_close_sep,6,26,0,0
1077,cp15p00_near_tie_close_sep_t0027,117,120,formal_tps30,4,15,near_tie_close_sep,6,27,0,0
1078,cp15p00_near_tie_close_sep_t0028,118,120,formal_tps30,4,15,near_tie_close_sep,6,28,0,0
1079,cp15p00_near_tie_close_sep_t0029,119,120,formal_tps30,4,15,near_tie_close_sep,6,29,0,0
1080,cp15p00_near_tie_close_sep_t0030,120,120,formal_tps30,4,15,near_tie_close_sep,6,30,0,0
1081,cp15p00_medium_beta_coherent_t0001,1,120,formal_tps30,4,15,medium_beta_coherent,7,1,0,0
1082,cp15p00_medium_beta_coherent_t0002,2,120,formal_tps30,4,15,medium_beta_coherent,7,2,0,0
1083,cp15p00_medium_beta_coherent_t0003,3,120,formal_tps30,4,15,medium_beta_coherent,7,3,0,0
1084,cp15p00_medium_beta_coherent_t0004,4,120,formal_tps30,4,15,medium_beta_coherent,7,4,0,0
1085,cp15p00_medium_beta_coherent_t0005,5,120,formal_tps30,4,15,medium_beta_coherent,7,5,0,0
1086,cp15p00_medium_beta_coherent_t0006,6,120,formal_tps30,4,15,medium_beta_coherent,7,6,0,0
1087,cp15p00_medium_beta_coherent_t0007,7,120,formal_tps30,4,15,medium_beta_coherent,7,7,0,0
1088,cp15p00_medium_beta_coherent_t0008,8,120,formal_tps30,4,15,medium_beta_coherent,7,8,0,0
1089,cp15p00_medium_beta_coherent_t0009,9,120,formal_tps30,4,15,medium_beta_coherent,7,9,0,0
1090,cp15p00_medium_beta_coherent_t0010,10,120,formal_tps30,4,15,medium_beta_coherent,7,10,0,0
1091,cp15p00_medium_beta_coherent_t0011,11,120,formal_tps30,4,15,medium_beta_coherent,7,11,0,0
1092,cp15p00_medium_beta_coherent_t0012,12,120,formal_tps30,4,15,medium_beta_coherent,7,12,0,0
1093,cp15p00_medium_beta_coherent_t0013,13,120,formal_tps30,4,15,medium_beta_coherent,7,13,0,0
1094,cp15p00_medium_beta_coherent_t0014,14,120,formal_tps30,4,15,medium_beta_coherent,7,14,0,0
1095,cp15p00_medium_beta_coherent_t0015,15,120,formal_tps30,4,15,medium_beta_coherent,7,15,0,0
1096,cp15p00_medium_beta_coherent_t0016,16,120,formal_tps30,4,15,medium_beta_coherent,7,16,0,0
1097,cp15p00_medium_beta_coherent_t0017,17,120,formal_tps30,4,15,medium_beta_coherent,7,17,0,0
1098,cp15p00_medium_beta_coherent_t0018,18,120,formal_tps30,4,15,medium_beta_coherent,7,18,0,0
1099,cp15p00_medium_beta_coherent_t0019,19,120,formal_tps30,4,15,medium_beta_coherent,7,19,0,0
1100,cp15p00_medium_beta_coherent_t0020,20,120,formal_tps30,4,15,medium_beta_coherent,7,20,0,0
1101,cp15p00_medium_beta_coherent_t0021,21,120,formal_tps30,4,15,medium_beta_coherent,7,21,0,0
1102,cp15p00_medium_beta_coherent_t0022,22,120,formal_tps30,4,15,medium_beta_coherent,7,22,0,0
1103,cp15p00_medium_beta_coherent_t0023,23,120,formal_tps30,4,15,medium_beta_coherent,7,23,0,0
1104,cp15p00_medium_beta_coherent_t0024,24,120,formal_tps30,4,15,medium_beta_coherent,7,24,0,0
1105,cp15p00_medium_beta_coherent_t0025,25,120,formal_tps30,4,15,medium_beta_coherent,7,25,0,0
1106,cp15p00_medium_beta_coherent_t0026,26,120,formal_tps30,4,15,medium_beta_coherent,7,26,0,0
1107,cp15p00_medium_beta_coherent_t0027,27,120,formal_tps30,4,15,medium_beta_coherent,7,27,0,0
1108,cp15p00_medium_beta_coherent_t0028,28,120,formal_tps30,4,15,medium_beta_coherent,7,28,0,0
1109,cp15p00_medium_beta_coherent_t0029,29,120,formal_tps30,4,15,medium_beta_coherent,7,29,0,0
1110,cp15p00_medium_beta_coherent_t0030,30,120,formal_tps30,4,15,medium_beta_coherent,7,30,0,0
1111,cp15p00_large_el_pair_t0001,31,120,formal_tps30,4,15,large_el_pair,8,1,0,0
1112,cp15p00_large_el_pair_t0002,32,120,formal_tps30,4,15,large_el_pair,8,2,0,0
1113,cp15p00_large_el_pair_t0003,33,120,formal_tps30,4,15,large_el_pair,8,3,0,0
1114,cp15p00_large_el_pair_t0004,34,120,formal_tps30,4,15,large_el_pair,8,4,0,0
1115,cp15p00_large_el_pair_t0005,35,120,formal_tps30,4,15,large_el_pair,8,5,0,0
1116,cp15p00_large_el_pair_t0006,36,120,formal_tps30,4,15,large_el_pair,8,6,0,0
1117,cp15p00_large_el_pair_t0007,37,120,formal_tps30,4,15,large_el_pair,8,7,0,0
1118,cp15p00_large_el_pair_t0008,38,120,formal_tps30,4,15,large_el_pair,8,8,0,0
1119,cp15p00_large_el_pair_t0009,39,120,formal_tps30,4,15,large_el_pair,8,9,0,0
1120,cp15p00_large_el_pair_t0010,40,120,formal_tps30,4,15,large_el_pair,8,10,0,0
1121,cp15p00_large_el_pair_t0011,41,120,formal_tps30,4,15,large_el_pair,8,11,0,0
1122,cp15p00_large_el_pair_t0012,42,120,formal_tps30,4,15,large_el_pair,8,12,0,0
1123,cp15p00_large_el_pair_t0013,43,120,formal_tps30,4,15,large_el_pair,8,13,0,0
1124,cp15p00_large_el_pair_t0014,44,120,formal_tps30,4,15,large_el_pair,8,14,0,0
1125,cp15p00_large_el_pair_t0015,45,120,formal_tps30,4,15,large_el_pair,8,15,0,0
1126,cp15p00_large_el_pair_t0016,46,120,formal_tps30,4,15,large_el_pair,8,16,0,0
1127,cp15p00_large_el_pair_t0017,47,120,formal_tps30,4,15,large_el_pair,8,17,0,0
1128,cp15p00_large_el_pair_t0018,48,120,formal_tps30,4,15,large_el_pair,8,18,0,0
1129,cp15p00_large_el_pair_t0019,49,120,formal_tps30,4,15,large_el_pair,8,19,0,0
1130,cp15p00_large_el_pair_t0020,50,120,formal_tps30,4,15,large_el_pair,8,20,0,0
1131,cp15p00_large_el_pair_t0021,51,120,formal_tps30,4,15,large_el_pair,8,21,0,0
1132,cp15p00_large_el_pair_t0022,52,120,formal_tps30,4,15,large_el_pair,8,22,0,0
1133,cp15p00_large_el_pair_t0023,53,120,formal_tps30,4,15,large_el_pair,8,23,0,0
1134,cp15p00_large_el_pair_t0024,54,120,formal_tps30,4,15,large_el_pair,8,24,0,0
1135,cp15p00_large_el_pair_t0025,55,120,formal_tps30,4,15,large_el_pair,8,25,0,0
1136,cp15p00_large_el_pair_t0026,56,120,formal_tps30,4,15,large_el_pair,8,26,0,0
1137,cp15p00_large_el_pair_t0027,57,120,formal_tps30,4,15,large_el_pair,8,27,0,0
1138,cp15p00_large_el_pair_t0028,58,120,formal_tps30,4,15,large_el_pair,8,28,0,0
1139,cp15p00_large_el_pair_t0029,59,120,formal_tps30,4,15,large_el_pair,8,29,0,0
1140,cp15p00_large_el_pair_t0030,60,120,formal_tps30,4,15,large_el_pair,8,30,0,0
1141,cp15p00_cache_boundary_center_t0001,61,120,formal_tps30,4,15,cache_boundary_center,9,1,0,0
1142,cp15p00_cache_boundary_center_t0002,62,120,formal_tps30,4,15,cache_boundary_center,9,2,0,0
1143,cp15p00_cache_boundary_center_t0003,63,120,formal_tps30,4,15,cache_boundary_center,9,3,0,0
1144,cp15p00_cache_boundary_center_t0004,64,120,formal_tps30,4,15,cache_boundary_center,9,4,0,0
1145,cp15p00_cache_boundary_center_t0005,65,120,formal_tps30,4,15,cache_boundary_center,9,5,0,0
1146,cp15p00_cache_boundary_center_t0006,66,120,formal_tps30,4,15,cache_boundary_center,9,6,0,0
1147,cp15p00_cache_boundary_center_t0007,67,120,formal_tps30,4,15,cache_boundary_center,9,7,0,0
1148,cp15p00_cache_boundary_center_t0008,68,120,formal_tps30,4,15,cache_boundary_center,9,8,0,0
1149,cp15p00_cache_boundary_center_t0009,69,120,formal_tps30,4,15,cache_boundary_center,9,9,0,0
1150,cp15p00_cache_boundary_center_t0010,70,120,formal_tps30,4,15,cache_boundary_center,9,10,0,0
1151,cp15p00_cache_boundary_center_t0011,71,120,formal_tps30,4,15,cache_boundary_center,9,11,0,0
1152,cp15p00_cache_boundary_center_t0012,72,120,formal_tps30,4,15,cache_boundary_center,9,12,0,0
1153,cp15p00_cache_boundary_center_t0013,73,120,formal_tps30,4,15,cache_boundary_center,9,13,0,0
1154,cp15p00_cache_boundary_center_t0014,74,120,formal_tps30,4,15,cache_boundary_center,9,14,0,0
1155,cp15p00_cache_boundary_center_t0015,75,120,formal_tps30,4,15,cache_boundary_center,9,15,0,0
1156,cp15p00_cache_boundary_center_t0016,76,120,formal_tps30,4,15,cache_boundary_center,9,16,0,0
1157,cp15p00_cache_boundary_center_t0017,77,120,formal_tps30,4,15,cache_boundary_center,9,17,0,0
1158,cp15p00_cache_boundary_center_t0018,78,120,formal_tps30,4,15,cache_boundary_center,9,18,0,0
1159,cp15p00_cache_boundary_center_t0019,79,120,formal_tps30,4,15,cache_boundary_center,9,19,0,0
1160,cp15p00_cache_boundary_center_t0020,80,120,formal_tps30,4,15,cache_boundary_center,9,20,0,0
1161,cp15p00_cache_boundary_center_t0021,81,120,formal_tps30,4,15,cache_boundary_center,9,21,0,0
1162,cp15p00_cache_boundary_center_t0022,82,120,formal_tps30,4,15,cache_boundary_center,9,22,0,0
1163,cp15p00_cache_boundary_center_t0023,83,120,formal_tps30,4,15,cache_boundary_center,9,23,0,0
1164,cp15p00_cache_boundary_center_t0024,84,120,formal_tps30,4,15,cache_boundary_center,9,24,0,0
1165,cp15p00_cache_boundary_center_t0025,85,120,formal_tps30,4,15,cache_boundary_center,9,25,0,0
1166,cp15p00_cache_boundary_center_t0026,86,120,formal_tps30,4,15,cache_boundary_center,9,26,0,0
1167,cp15p00_cache_boundary_center_t0027,87,120,formal_tps30,4,15,cache_boundary_center,9,27,0,0
1168,cp15p00_cache_boundary_center_t0028,88,120,formal_tps30,4,15,cache_boundary_center,9,28,0,0
1169,cp15p00_cache_boundary_center_t0029,89,120,formal_tps30,4,15,cache_boundary_center,9,29,0,0
1170,cp15p00_cache_boundary_center_t0030,90,120,formal_tps30,4,15,cache_boundary_center,9,30,0,0
1171,cp15p00_low_margin_score_gap_t0001,91,120,formal_tps30,4,15,low_margin_score_gap,10,1,0,0
1172,cp15p00_low_margin_score_gap_t0002,92,120,formal_tps30,4,15,low_margin_score_gap,10,2,0,0
1173,cp15p00_low_margin_score_gap_t0003,93,120,formal_tps30,4,15,low_margin_score_gap,10,3,0,0
1174,cp15p00_low_margin_score_gap_t0004,94,120,formal_tps30,4,15,low_margin_score_gap,10,4,0,0
1175,cp15p00_low_margin_score_gap_t0005,95,120,formal_tps30,4,15,low_margin_score_gap,10,5,0,0
1176,cp15p00_low_margin_score_gap_t0006,96,120,formal_tps30,4,15,low_margin_score_gap,10,6,0,0
1177,cp15p00_low_margin_score_gap_t0007,97,120,formal_tps30,4,15,low_margin_score_gap,10,7,0,0
1178,cp15p00_low_margin_score_gap_t0008,98,120,formal_tps30,4,15,low_margin_score_gap,10,8,0,0
1179,cp15p00_low_margin_score_gap_t0009,99,120,formal_tps30,4,15,low_margin_score_gap,10,9,0,0
1180,cp15p00_low_margin_score_gap_t0010,100,120,formal_tps30,4,15,low_margin_score_gap,10,10,0,0
1181,cp15p00_low_margin_score_gap_t0011,101,120,formal_tps30,4,15,low_margin_score_gap,10,11,0,0
1182,cp15p00_low_margin_score_gap_t0012,102,120,formal_tps30,4,15,low_margin_score_gap,10,12,0,0
1183,cp15p00_low_margin_score_gap_t0013,103,120,formal_tps30,4,15,low_margin_score_gap,10,13,0,0
1184,cp15p00_low_margin_score_gap_t0014,104,120,formal_tps30,4,15,low_margin_score_gap,10,14,0,0
1185,cp15p00_low_margin_score_gap_t0015,105,120,formal_tps30,4,15,low_margin_score_gap,10,15,0,0
1186,cp15p00_low_margin_score_gap_t0016,106,120,formal_tps30,4,15,low_margin_score_gap,10,16,0,0
1187,cp15p00_low_margin_score_gap_t0017,107,120,formal_tps30,4,15,low_margin_score_gap,10,17,0,0
1188,cp15p00_low_margin_score_gap_t0018,108,120,formal_tps30,4,15,low_margin_score_gap,10,18,0,0
1189,cp15p00_low_margin_score_gap_t0019,109,120,formal_tps30,4,15,low_margin_score_gap,10,19,0,0
1190,cp15p00_low_margin_score_gap_t0020,110,120,formal_tps30,4,15,low_margin_score_gap,10,20,0,0
1191,cp15p00_low_margin_score_gap_t0021,111,120,formal_tps30,4,15,low_margin_score_gap,10,21,0,0
1192,cp15p00_low_margin_score_gap_t0022,112,120,formal_tps30,4,15,low_margin_score_gap,10,22,0,0
1193,cp15p00_low_margin_score_gap_t0023,113,120,formal_tps30,4,15,low_margin_score_gap,10,23,0,0
1194,cp15p00_low_margin_score_gap_t0024,114,120,formal_tps30,4,15,low_margin_score_gap,10,24,1,0
1195,cp15p00_low_margin_score_gap_t0025,115,120,formal_tps30,4,15,low_margin_score_gap,10,25,0,0
1196,cp15p00_low_margin_score_gap_t0026,116,120,formal_tps30,4,15,low_margin_score_gap,10,26,0,0
1197,cp15p00_low_margin_score_gap_t0027,117,120,formal_tps30,4,15,low_margin_score_gap,10,27,0,0
1198,cp15p00_low_margin_score_gap_t0028,118,120,formal_tps30,4,15,low_margin_score_gap,10,28,0,0
1199,cp15p00_low_margin_score_gap_t0029,119,120,formal_tps30,4,15,low_margin_score_gap,10,29,0,0
1200,cp15p00_low_margin_score_gap_t0030,120,120,formal_tps30,4,15,low_margin_score_gap,10,30,0,0
