trial_global_id,trial_id,seed,topK,coarse_az_step,coarse_el_step,fine_az_step,fine_el_step,local_az_half_width,local_el_center_half_width,az_center_search,el_center_search,az_center_bias_deg,el_center_bias_deg,rho,phase_deg,beta,az_sep_deg,el_sep_deg,snr_db,source_corr_empirical,true_orientation,az_hat_1,az_hat_2,el_hat_1,el_hat_2,az_true_1,az_true_2,el_true_1,el_true_2,az_rmse,el_rmse,boundary_hit,num_pairs,full_num_pairs,coarse_num_pairs,refine_num_pairs,reduction_ratio_vs_full,full_grid_match,topK_miss,max_score,cond_best_GHG,B,L,phase_factor,phase_sign,az_bound_min,az_bound_max,el_bound_min,el_bound_max,az_diff_vs_full,el_diff_vs_full,score_gap_vs_full,combined_rmse,full_combined_rmse,full_success_test_fail,full_el_sep_hat,test_el_sep_hat,el_sep_diff_vs_full,scenario_name,search_method,config_name,coarse_config_name,refine_config_name,sweep_phase,W_method,whitening_mode,search_param_mode,full_el_sep_deg_list_text,coarse_el_sep_deg_list_text,fine_el_sep_deg_list_text,joint_success
1,1,20271625,3,0.16,0.24,0.08,0.12,0.32,0.48,8,10,0,0,0,0,1,1.27,0.67,30,0.0780619873467016,1,7.38,8.66,10,10.72,7.365,8.635,9.975,10.645,0.0206155281280884,0.0559016994374932,0,131461,131461,0,0,1,1,0,204875.425277923,1.31288222681484,7,64,2,1,6.5,9.5,8.8,11.2,0,0,0,0.0595818764390635,0.0595818764390635,0,0.72,0.72,0,easy_noncoherent,full_fine,default_config,default_coarse,default_refine,single,greedy_combined_B7,white,degree_based_el_sep,"[0,0.24,0.36,0.48,0.6,0.72]","[0,0.36,0.72]","[0,0.24,0.36,0.48,0.6,0.72]",1
2,1,20271625,3,0.16,0.24,0.08,0.12,0.32,0.48,8,10,0,0,0,0,1,1.27,0.67,30,0.0780619873467016,1,7.38,8.66,10,10.72,7.365,8.635,9.975,10.645,0.0206155281280884,0.0559016994374943,0,18612,131461,7353,11259,7.06323877068558,1,0,204875.425277923,1.31288222681484,7,64,2,1,6.5,9.5,8.8,11.2,0,1.77635683940025e-15,0,0.0595818764390646,0.0595818764390635,0,0.72,0.72,0,easy_noncoherent,coarse_to_fine,default_config,default_coarse,default_refine,single,greedy_combined_B7,white,degree_based_el_sep,"[0,0.24,0.36,0.48,0.6,0.72]","[0,0.36,0.72]","[0,0.24,0.36,0.48,0.6,0.72]",1
3,2,20271626,3,0.16,0.24,0.08,0.12,0.32,0.48,8,10,0,0,0,0,1,1.27,0.67,30,0.0335972159019392,-1,7.38,8.66,10.72,10,7.365,8.635,10.645,9.975,0.0206155281280884,0.0559016994374932,0,131461,131461,0,0,1,1,0,202435.223005151,1.37541412436198,7,64,2,1,6.5,9.5,8.8,11.2,0,0,0,0.0595818764390635,0.0595818764390635,0,0.72,0.72,0,easy_noncoherent,full_fine,default_config,default_coarse,default_refine,single,greedy_combined_B7,white,degree_based_el_sep,"[0,0.24,0.36,0.48,0.6,0.72]","[0,0.36,0.72]","[0,0.24,0.36,0.48,0.6,0.72]",1
4,2,20271626,3,0.16,0.24,0.08,0.12,0.32,0.48,8,10,0,0,0,0,1,1.27,0.67,30,0.0335972159019392,-1,7.38,8.66,10.72,10,7.365,8.635,10.645,9.975,0.0206155281280884,0.0559016994374943,0,17154,131461,7353,9801,7.66357700827795,1,0,202435.223005151,1.37541412436198,7,64,2,1,6.5,9.5,8.8,11.2,0,1.77635683940025e-15,0,0.0595818764390646,0.0595818764390635,0,0.72,0.72,0,easy_noncoherent,coarse_to_fine,default_config,default_coarse,default_refine,single,greedy_combined_B7,white,degree_based_el_sep,"[0,0.24,0.36,0.48,0.6,0.72]","[0,0.36,0.72]","[0,0.24,0.36,0.48,0.6,0.72]",1
5,3,20271627,3,0.16,0.24,0.08,0.12,0.32,0.48,8,10,0,0,0,0,1,1.27,0.67,30,0.0159450699787031,1,7.38,8.66,10,10.72,7.365,8.635,9.975,10.645,0.0206155281280884,0.0559016994374932,0,131461,131461,0,0,1,1,0,205530.840643863,1.31288222681484,7,64,2,1,6.5,9.5,8.8,11.2,0,0,0,0.0595818764390635,0.0595818764390635,0,0.72,0.72,0,easy_noncoherent,full_fine,default_config,default_coarse,default_refine,single,greedy_combined_B7,white,degree_based_el_sep,"[0,0.24,0.36,0.48,0.6,0.72]","[0,0.36,0.72]","[0,0.24,0.36,0.48,0.6,0.72]",1
6,3,20271627,3,0.16,0.24,0.08,0.12,0.32,0.48,8,10,0,0,0,0,1,1.27,0.67,30,0.0159450699787031,1,7.38,8.66,10,10.72,7.365,8.635,9.975,10.645,0.0206155281280884,0.0559016994374943,0,18612,131461,7353,11259,7.06323877068558,1,0,205530.840643863,1.31288222681484,7,64,2,1,6.5,9.5,8.8,11.2,0,1.77635683940025e-15,0,0.0595818764390646,0.0595818764390635,0,0.72,0.72,0,easy_noncoherent,coarse_to_fine,default_config,default_coarse,default_refine,single,greedy_combined_B7,white,degree_based_el_sep,"[0,0.24,0.36,0.48,0.6,0.72]","[0,0.36,0.72]","[0,0.24,0.36,0.48,0.6,0.72]",1
7,4,20271628,3,0.16,0.24,0.08,0.12,0.32,0.48,8,10,0,0,0,0,1,1.27,0.67,30,0.057481360431853,-1,7.38,8.66,10.72,10,7.365,8.635,10.645,9.975,0.0206155281280884,0.0559016994374932,0,131461,131461,0,0,1,1,0,202465.347718793,1.37541412436198,7,64,2,1,6.5,9.5,8.8,11.2,0,0,0,0.0595818764390635,0.0595818764390635,0,0.72,0.72,0,easy_noncoherent,full_fine,default_config,default_coarse,default_refine,single,greedy_combined_B7,white,degree_based_el_sep,"[0,0.24,0.36,0.48,0.6,0.72]","[0,0.36,0.72]","[0,0.24,0.36,0.48,0.6,0.72]",1
8,4,20271628,3,0.16,0.24,0.08,0.12,0.32,0.48,8,10,0,0,0,0,1,1.27,0.67,30,0.057481360431853,-1,7.38,8.66,10.72,10,7.365,8.635,10.645,9.975,0.0206155281280884,0.0559016994374943,0,17154,131461,7353,9801,7.66357700827795,1,0,202465.347718793,1.37541412436198,7,64,2,1,6.5,9.5,8.8,11.2,0,1.77635683940025e-15,0,0.0595818764390646,0.0595818764390635,0,0.72,0.72,0,easy_noncoherent,coarse_to_fine,default_config,default_coarse,default_refine,single,greedy_combined_B7,white,degree_based_el_sep,"[0,0.24,0.36,0.48,0.6,0.72]","[0,0.36,0.72]","[0,0.24,0.36,0.48,0.6,0.72]",1
9,5,20271629,3,0.16,0.24,0.08,0.12,0.32,0.48,8,10,0,0,0,0,1,1.27,0.67,30,0.108326064154068,1,7.38,8.66,10,10.72,7.365,8.635,9.975,10.645,0.0206155281280884,0.0559016994374932,0,131461,131461,0,0,1,1,0,203956.625501472,1.31288222681484,7,64,2,1,6.5,9.5,8.8,11.2,0,0,0,0.0595818764390635,0.0595818764390635,0,0.72,0.72,0,easy_noncoherent,full_fine,default_config,default_coarse,default_refine,single,greedy_combined_B7,white,degree_based_el_sep,"[0,0.24,0.36,0.48,0.6,0.72]","[0,0.36,0.72]","[0,0.24,0.36,0.48,0.6,0.72]",1
10,5,20271629,3,0.16,0.24,0.08,0.12,0.32,0.48,8,10,0,0,0,0,1,1.27,0.67,30,0.108326064154068,1,7.38,8.66,10,10.72,7.365,8.635,9.975,10.645,0.0206155281280884,0.0559016994374943,0,18612,131461,7353,11259,7.06323877068558,1,0,203956.625501472,1.31288222681484,7,64,2,1,6.5,9.5,8.8,11.2,0,1.77635683940025e-15,-5.82076609134674e-11,0.0595818764390646,0.0595818764390635,0,0.72,0.72,0,easy_noncoherent,coarse_to_fine,default_config,default_coarse,default_refine,single,greedy_combined_B7,white,degree_based_el_sep,"[0,0.24,0.36,0.48,0.6,0.72]","[0,0.36,0.72]","[0,0.24,0.36,0.48,0.6,0.72]",1
11,6,20271630,3,0.16,0.24,0.08,0.12,0.32,0.48,8,10,0,0,0,0,1,1.27,0.67,30,0.0932490699506003,-1,7.38,8.66,10.72,10,7.365,8.635,10.645,9.975,0.0206155281280884,0.0559016994374932,0,131461,131461,0,0,1,1,0,202583.236454717,1.37541412436198,7,64,2,1,6.5,9.5,8.8,11.2,0,0,0,0.0595818764390635,0.0595818764390635,0,0.72,0.72,0,easy_noncoherent,full_fine,default_config,default_coarse,default_refine,single,greedy_combined_B7,white,degree_based_el_sep,"[0,0.24,0.36,0.48,0.6,0.72]","[0,0.36,0.72]","[0,0.24,0.36,0.48,0.6,0.72]",1
12,6,20271630,3,0.16,0.24,0.08,0.12,0.32,0.48,8,10,0,0,0,0,1,1.27,0.67,30,0.0932490699506003,-1,7.38,8.66,10.72,10,7.365,8.635,10.645,9.975,0.0206155281280884,0.0559016994374943,0,17154,131461,7353,9801,7.66357700827795,1,0,202583.236454717,1.37541412436198,7,64,2,1,6.5,9.5,8.8,11.2,0,1.77635683940025e-15,2.91038304567337e-11,0.0595818764390646,0.0595818764390635,0,0.72,0.72,0,easy_noncoherent,coarse_to_fine,default_config,default_coarse,default_refine,single,greedy_combined_B7,white,degree_based_el_sep,"[0,0.24,0.36,0.48,0.6,0.72]","[0,0.36,0.72]","[0,0.24,0.36,0.48,0.6,0.72]",1
13,7,20271631,3,0.16,0.24,0.08,0.12,0.32,0.48,8,10,0,0,0,0,1,1.27,0.67,30,0.080141187875821,1,7.38,8.66,10,10.72,7.365,8.635,9.975,10.645,0.0206155281280884,0.0559016994374932,0,131461,131461,0,0,1,1,0,206655.888044594,1.31288222681484,7,64,2,1,6.5,9.5,8.8,11.2,0,0,0,0.0595818764390635,0.0595818764390635,0,0.72,0.72,0,easy_noncoherent,full_fine,default_config,default_coarse,default_refine,single,greedy_combined_B7,white,degree_based_el_sep,"[0,0.24,0.36,0.48,0.6,0.72]","[0,0.36,0.72]","[0,0.24,0.36,0.48,0.6,0.72]",1
14,7,20271631,3,0.16,0.24,0.08,0.12,0.32,0.48,8,10,0,0,0,0,1,1.27,0.67,30,0.080141187875821,1,7.38,8.66,10,10.72,7.365,8.635,9.975,10.645,0.0206155281280884,0.0559016994374943,0,18612,131461,7353,11259,7.06323877068558,1,0,206655.888044594,1.31288222681484,7,64,2,1,6.5,9.5,8.8,11.2,0,1.77635683940025e-15,2.91038304567337e-11,0.0595818764390646,0.0595818764390635,0,0.72,0.72,0,easy_noncoherent,coarse_to_fine,default_config,default_coarse,default_refine,single,greedy_combined_B7,white,degree_based_el_sep,"[0,0.24,0.36,0.48,0.6,0.72]","[0,0.36,0.72]","[0,0.24,0.36,0.48,0.6,0.72]",1
15,8,20271632,3,0.16,0.24,0.08,0.12,0.32,0.48,8,10,0,0,0,0,1,1.27,0.67,30,0.00671288269315199,-1,7.38,8.66,10.72,10,7.365,8.635,10.645,9.975,0.0206155281280884,0.0559016994374932,0,131461,131461,0,0,1,1,0,203308.782906718,1.37541412436198,7,64,2,1,6.5,9.5,8.8,11.2,0,0,0,0.0595818764390635,0.0595818764390635,0,0.72,0.72,0,easy_noncoherent,full_fine,default_config,default_coarse,default_refine,single,greedy_combined_B7,white,degree_based_el_sep,"[0,0.24,0.36,0.48,0.6,0.72]","[0,0.36,0.72]","[0,0.24,0.36,0.48,0.6,0.72]",1
16,8,20271632,3,0.16,0.24,0.08,0.12,0.32,0.48,8,10,0,0,0,0,1,1.27,0.67,30,0.00671288269315199,-1,7.38,8.66,10.72,10,7.365,8.635,10.645,9.975,0.0206155281280884,0.0559016994374943,0,17154,131461,7353,9801,7.66357700827795,1,0,203308.782906718,1.37541412436198,7,64,2,1,6.5,9.5,8.8,11.2,0,1.77635683940025e-15,-2.91038304567337e-11,0.0595818764390646,0.0595818764390635,0,0.72,0.72,0,easy_noncoherent,coarse_to_fine,default_config,default_coarse,default_refine,single,greedy_combined_B7,white,degree_based_el_sep,"[0,0.24,0.36,0.48,0.6,0.72]","[0,0.36,0.72]","[0,0.24,0.36,0.48,0.6,0.72]",1
17,9,20271633,3,0.16,0.24,0.08,0.12,0.32,0.48,8,10,0,0,0,0,1,1.27,0.67,30,0.0328446317792529,1,7.38,8.66,10,10.72,7.365,8.635,9.975,10.645,0.0206155281280884,0.0559016994374932,0,131461,131461,0,0,1,1,0,205168.325353948,1.31288222681484,7,64,2,1,6.5,9.5,8.8,11.2,0,0,0,0.0595818764390635,0.0595818764390635,0,0.72,0.72,0,easy_noncoherent,full_fine,default_config,default_coarse,default_refine,single,greedy_combined_B7,white,degree_based_el_sep,"[0,0.24,0.36,0.48,0.6,0.72]","[0,0.36,0.72]","[0,0.24,0.36,0.48,0.6,0.72]",1
18,9,20271633,3,0.16,0.24,0.08,0.12,0.32,0.48,8,10,0,0,0,0,1,1.27,0.67,30,0.0328446317792529,1,7.38,8.66,10,10.72,7.365,8.635,9.975,10.645,0.0206155281280884,0.0559016994374943,0,18612,131461,7353,11259,7.06323877068558,1,0,205168.325353948,1.31288222681484,7,64,2,1,6.5,9.5,8.8,11.2,0,1.77635683940025e-15,0,0.0595818764390646,0.0595818764390635,0,0.72,0.72,0,easy_noncoherent,coarse_to_fine,default_config,default_coarse,default_refine,single,greedy_combined_B7,white,degree_based_el_sep,"[0,0.24,0.36,0.48,0.6,0.72]","[0,0.36,0.72]","[0,0.24,0.36,0.48,0.6,0.72]",1
19,10,20271634,3,0.16,0.24,0.08,0.12,0.32,0.48,8,10,0,0,0,0,1,1.27,0.67,30,0.135857689675788,-1,7.38,8.66,10.72,10,7.365,8.635,10.645,9.975,0.0206155281280884,0.0559016994374932,0,131461,131461,0,0,1,1,0,202864.002620492,1.37541412436198,7,64,2,1,6.5,9.5,8.8,11.2,0,0,0,0.0595818764390635,0.0595818764390635,0,0.72,0.72,0,easy_noncoherent,full_fine,default_config,default_coarse,default_refine,single,greedy_combined_B7,white,degree_based_el_sep,"[0,0.24,0.36,0.48,0.6,0.72]","[0,0.36,0.72]","[0,0.24,0.36,0.48,0.6,0.72]",1
20,10,20271634,3,0.16,0.24,0.08,0.12,0.32,0.48,8,10,0,0,0,0,1,1.27,0.67,30,0.135857689675788,-1,7.38,8.66,10.72,10,7.365,8.635,10.645,9.975,0.0206155281280884,0.0559016994374943,0,17154,131461,7353,9801,7.66357700827795,1,0,202864.002620492,1.37541412436198,7,64,2,1,6.5,9.5,8.8,11.2,0,1.77635683940025e-15,0,0.0595818764390646,0.0595818764390635,0,0.72,0.72,0,easy_noncoherent,coarse_to_fine,default_config,default_coarse,default_refine,single,greedy_combined_B7,white,degree_based_el_sep,"[0,0.24,0.36,0.48,0.6,0.72]","[0,0.36,0.72]","[0,0.24,0.36,0.48,0.6,0.72]",1
21,1,20272625,3,0.16,0.24,0.08,0.12,0.32,0.48,8,10,0,0,0.99,5,1,1.27,0.37,30,0.990846168385333,1,7.38,8.66,10.18,10.54,7.365,8.635,10.125,10.495,0.0206155281280884,0.0502493781056035,0,131461,131461,0,0,1,1,0,200021.112802764,1.28086444896792,7,64,2,1,6.5,9.5,8.8,11.2,0,0,0,0.0543139024560002,0.0543139024560002,0,0.36,0.36,0,strong_coherent,full_fine,default_config,default_coarse,default_refine,single,greedy_combined_B7,white,degree_based_el_sep,"[0,0.24,0.36,0.48,0.6,0.72]","[0,0.36,0.72]","[0,0.24,0.36,0.48,0.6,0.72]",1
22,1,20272625,3,0.16,0.24,0.08,0.12,0.32,0.48,8,10,0,0,0.99,5,1,1.27,0.37,30,0.990846168385333,1,7.38,8.66,10.18,10.54,7.365,8.635,10.125,10.495,0.0206155281280884,0.0502493781056035,0,19998,131461,7353,12645,6.57370737073707,1,0,200021.112802764,1.28086444896792,7,64,2,1,6.5,9.5,8.8,11.2,0,0,2.91038304567337e-11,0.0543139024560002,0.0543139024560002,0,0.36,0.36,0,strong_coherent,coarse_to_fine,default_config,default_coarse,default_refine,single,greedy_combined_B7,white,degree_based_el_sep,"[0,0.24,0.36,0.48,0.6,0.72]","[0,0.36,0.72]","[0,0.24,0.36,0.48,0.6,0.72]",1
23,2,20272626,3,0.16,0.24,0.08,0.12,0.32,0.48,8,10,0,0,0.99,5,1,1.27,0.37,30,0.989934523380124,-1,7.38,8.66,10.54,10.18,7.365,8.635,10.495,10.125,0.0206155281280884,0.0502493781056035,0,131461,131461,0,0,1,1,0,191910.274183176,1.31128580084684,7,64,2,1,6.5,9.5,8.8,11.2,0,0,0,0.0543139024560002,0.0543139024560002,0,0.36,0.36,0,strong_coherent,full_fine,default_config,default_coarse,default_refine,single,greedy_combined_B7,white,degree_based_el_sep,"[0,0.24,0.36,0.48,0.6,0.72]","[0,0.36,0.72]","[0,0.24,0.36,0.48,0.6,0.72]",1
24,2,20272626,3,0.16,0.24,0.08,0.12,0.32,0.48,8,10,0,0,0.99,5,1,1.27,0.37,30,0.989934523380124,-1,7.38,8.66,10.54,10.18,7.365,8.635,10.495,10.125,0.0206155281280884,0.0502493781056035,0,19998,131461,7353,12645,6.57370737073707,1,0,191910.274183176,1.31128580084684,7,64,2,1,6.5,9.5,8.8,11.2,0,0,0,0.0543139024560002,0.0543139024560002,0,0.36,0.36,0,strong_coherent,coarse_to_fine,default_config,default_coarse,default_refine,single,greedy_combined_B7,white,degree_based_el_sep,"[0,0.24,0.36,0.48,0.6,0.72]","[0,0.36,0.72]","[0,0.24,0.36,0.48,0.6,0.72]",1
25,3,20272627,3,0.16,0.24,0.08,0.12,0.32,0.48,8,10,0,0,0.99,5,1,1.27,0.37,30,0.990178698112439,1,7.38,8.66,10.18,10.54,7.365,8.635,10.125,10.495,0.0206155281280884,0.0502493781056035,0,131461,131461,0,0,1,1,0,199548.436368285,1.28086444896792,7,64,2,1,6.5,9.5,8.8,11.2,0,0,0,0.0543139024560002,0.0543139024560002,0,0.36,0.36,0,strong_coherent,full_fine,default_config,default_coarse,default_refine,single,greedy_combined_B7,white,degree_based_el_sep,"[0,0.24,0.36,0.48,0.6,0.72]","[0,0.36,0.72]","[0,0.24,0.36,0.48,0.6,0.72]",1
26,3,20272627,3,0.16,0.24,0.08,0.12,0.32,0.48,8,10,0,0,0.99,5,1,1.27,0.37,30,0.990178698112439,1,7.38,8.66,10.18,10.54,7.365,8.635,10.125,10.495,0.0206155281280884,0.0502493781056035,0,19998,131461,7353,12645,6.57370737073707,1,0,199548.436368285,1.28086444896792,7,64,2,1,6.5,9.5,8.8,11.2,0,0,-2.91038304567337e-11,0.0543139024560002,0.0543139024560002,0,0.36,0.36,0,strong_coherent,coarse_to_fine,default_config,default_coarse,default_refine,single,greedy_combined_B7,white,degree_based_el_sep,"[0,0.24,0.36,0.48,0.6,0.72]","[0,0.36,0.72]","[0,0.24,0.36,0.48,0.6,0.72]",1
27,4,20272628,3,0.16,0.24,0.08,0.12,0.32,0.48,8,10,0,0,0.99,5,1,1.27,0.37,30,0.990921469350893,-1,7.38,8.66,10.54,10.18,7.365,8.635,10.495,10.125,0.0206155281280884,0.0502493781056035,0,131461,131461,0,0,1,1,0,191877.179625793,1.31128580084684,7,64,2,1,6.5,9.5,8.8,11.2,0,0,0,0.0543139024560002,0.0543139024560002,0,0.36,0.36,0,strong_coherent,full_fine,default_config,default_coarse,default_refine,single,greedy_combined_B7,white,degree_based_el_sep,"[0,0.24,0.36,0.48,0.6,0.72]","[0,0.36,0.72]","[0,0.24,0.36,0.48,0.6,0.72]",1
28,4,20272628,3,0.16,0.24,0.08,0.12,0.32,0.48,8,10,0,0,0.99,5,1,1.27,0.37,30,0.990921469350893,-1,7.38,8.66,10.54,10.18,7.365,8.635,10.495,10.125,0.0206155281280884,0.0502493781056035,0,19998,131461,7353,12645,6.57370737073707,1,0,191877.179625793,1.31128580084684,7,64,2,1,6.5,9.5,8.8,11.2,0,0,0,0.0543139024560002,0.0543139024560002,0,0.36,0.36,0,strong_coherent,coarse_to_fine,default_config,default_coarse,default_refine,single,greedy_combined_B7,white,degree_based_el_sep,"[0,0.24,0.36,0.48,0.6,0.72]","[0,0.36,0.72]","[0,0.24,0.36,0.48,0.6,0.72]",1
29,5,20272629,3,0.16,0.24,0.08,0.12,0.32,0.48,8,10,0,0,0.99,5,1,1.27,0.37,30,0.990213510599462,1,7.38,8.66,10.18,10.54,7.365,8.635,10.125,10.495,0.0206155281280884,0.0502493781056035,0,131461,131461,0,0,1,1,0,199373.573328786,1.28086444896792,7,64,2,1,6.5,9.5,8.8,11.2,0,0,0,0.0543139024560002,0.0543139024560002,0,0.36,0.36,0,strong_coherent,full_fine,default_config,default_coarse,default_refine,single,greedy_combined_B7,white,degree_based_el_sep,"[0,0.24,0.36,0.48,0.6,0.72]","[0,0.36,0.72]","[0,0.24,0.36,0.48,0.6,0.72]",1
30,5,20272629,3,0.16,0.24,0.08,0.12,0.32,0.48,8,10,0,0,0.99,5,1,1.27,0.37,30,0.990213510599462,1,7.38,8.66,10.18,10.54,7.365,8.635,10.125,10.495,0.0206155281280884,0.0502493781056035,0,19998,131461,7353,12645,6.57370737073707,1,0,199373.573328786,1.28086444896792,7,64,2,1,6.5,9.5,8.8,11.2,0,0,0,0.0543139024560002,0.0543139024560002,0,0.36,0.36,0,strong_coherent,coarse_to_fine,default_config,default_coarse,default_refine,single,greedy_combined_B7,white,degree_based_el_sep,"[0,0.24,0.36,0.48,0.6,0.72]","[0,0.36,0.72]","[0,0.24,0.36,0.48,0.6,0.72]",1
31,6,20272630,3,0.16,0.24,0.08,0.12,0.32,0.48,8,10,0,0,0.99,5,1,1.27,0.37,30,0.990871466954186,-1,7.38,8.66,10.54,10.18,7.365,8.635,10.495,10.125,0.0206155281280884,0.0502493781056035,0,131461,131461,0,0,1,1,0,192420.161139261,1.31128580084684,7,64,2,1,6.5,9.5,8.8,11.2,0,0,0,0.0543139024560002,0.0543139024560002,0,0.36,0.36,0,strong_coherent,full_fine,default_config,default_coarse,default_refine,single,greedy_combined_B7,white,degree_based_el_sep,"[0,0.24,0.36,0.48,0.6,0.72]","[0,0.36,0.72]","[0,0.24,0.36,0.48,0.6,0.72]",1
32,6,20272630,3,0.16,0.24,0.08,0.12,0.32,0.48,8,10,0,0,0.99,5,1,1.27,0.37,30,0.990871466954186,-1,7.38,8.66,10.54,10.18,7.365,8.635,10.495,10.125,0.0206155281280884,0.0502493781056035,0,19998,131461,7353,12645,6.57370737073707,1,0,192420.161139261,1.31128580084684,7,64,2,1,6.5,9.5,8.8,11.2,0,0,0,0.0543139024560002,0.0543139024560002,0,0.36,0.36,0,strong_coherent,coarse_to_fine,default_config,default_coarse,default_refine,single,greedy_combined_B7,white,degree_based_el_sep,"[0,0.24,0.36,0.48,0.6,0.72]","[0,0.36,0.72]","[0,0.24,0.36,0.48,0.6,0.72]",1
33,7,20272631,3,0.16,0.24,0.08,0.12,0.32,0.48,8,10,0,0,0.99,5,1,1.27,0.37,30,0.989934745317303,1,7.38,8.66,10.18,10.54,7.365,8.635,10.125,10.495,0.0206155281280884,0.0502493781056035,0,131461,131461,0,0,1,1,0,199322.444751364,1.28086444896792,7,64,2,1,6.5,9.5,8.8,11.2,0,0,0,0.0543139024560002,0.0543139024560002,0,0.36,0.36,0,strong_coherent,full_fine,default_config,default_coarse,default_refine,single,greedy_combined_B7,white,degree_based_el_sep,"[0,0.24,0.36,0.48,0.6,0.72]","[0,0.36,0.72]","[0,0.24,0.36,0.48,0.6,0.72]",1
34,7,20272631,3,0.16,0.24,0.08,0.12,0.32,0.48,8,10,0,0,0.99,5,1,1.27,0.37,30,0.989934745317303,1,7.38,8.66,10.18,10.54,7.365,8.635,10.125,10.495,0.0206155281280884,0.0502493781056035,0,19998,131461,7353,12645,6.57370737073707,1,0,199322.444751364,1.28086444896792,7,64,2,1,6.5,9.5,8.8,11.2,0,0,-2.91038304567337e-11,0.0543139024560002,0.0543139024560002,0,0.36,0.36,0,strong_coherent,coarse_to_fine,default_config,default_coarse,default_refine,single,greedy_combined_B7,white,degree_based_el_sep,"[0,0.24,0.36,0.48,0.6,0.72]","[0,0.36,0.72]","[0,0.24,0.36,0.48,0.6,0.72]",1
35,8,20272632,3,0.16,0.24,0.08,0.12,0.32,0.48,8,10,0,0,0.99,5,1,1.27,0.37,30,0.990106173608376,-1,7.38,8.66,10.54,10.18,7.365,8.635,10.495,10.125,0.0206155281280884,0.0502493781056035,0,131461,131461,0,0,1,1,0,192074.937331884,1.31128580084684,7,64,2,1,6.5,9.5,8.8,11.2,0,0,0,0.0543139024560002,0.0543139024560002,0,0.36,0.36,0,strong_coherent,full_fine,default_config,default_coarse,default_refine,single,greedy_combined_B7,white,degree_based_el_sep,"[0,0.24,0.36,0.48,0.6,0.72]","[0,0.36,0.72]","[0,0.24,0.36,0.48,0.6,0.72]",1
36,8,20272632,3,0.16,0.24,0.08,0.12,0.32,0.48,8,10,0,0,0.99,5,1,1.27,0.37,30,0.990106173608376,-1,7.38,8.66,10.54,10.18,7.365,8.635,10.495,10.125,0.0206155281280884,0.0502493781056035,0,19998,131461,7353,12645,6.57370737073707,1,0,192074.937331884,1.31128580084684,7,64,2,1,6.5,9.5,8.8,11.2,0,0,0,0.0543139024560002,0.0543139024560002,0,0.36,0.36,0,strong_coherent,coarse_to_fine,default_config,default_coarse,default_refine,single,greedy_combined_B7,white,degree_based_el_sep,"[0,0.24,0.36,0.48,0.6,0.72]","[0,0.36,0.72]","[0,0.24,0.36,0.48,0.6,0.72]",1
37,9,20272633,3,0.16,0.24,0.08,0.12,0.32,0.48,8,10,0,0,0.99,5,1,1.27,0.37,30,0.990279420537468,1,7.38,8.66,10.18,10.54,7.365,8.635,10.125,10.495,0.0206155281280884,0.0502493781056035,0,131461,131461,0,0,1,1,0,199612.654664296,1.28086444896792,7,64,2,1,6.5,9.5,8.8,11.2,0,0,0,0.0543139024560002,0.0543139024560002,0,0.36,0.36,0,strong_coherent,full_fine,default_config,default_coarse,default_refine,single,greedy_combined_B7,white,degree_based_el_sep,"[0,0.24,0.36,0.48,0.6,0.72]","[0,0.36,0.72]","[0,0.24,0.36,0.48,0.6,0.72]",1
38,9,20272633,3,0.16,0.24,0.08,0.12,0.32,0.48,8,10,0,0,0.99,5,1,1.27,0.37,30,0.990279420537468,1,7.38,8.66,10.18,10.54,7.365,8.635,10.125,10.495,0.0206155281280884,0.0502493781056035,0,19998,131461,7353,12645,6.57370737073707,1,0,199612.654664296,1.28086444896792,7,64,2,1,6.5,9.5,8.8,11.2,0,0,2.91038304567337e-11,0.0543139024560002,0.0543139024560002,0,0.36,0.36,0,strong_coherent,coarse_to_fine,default_config,default_coarse,default_refine,single,greedy_combined_B7,white,degree_based_el_sep,"[0,0.24,0.36,0.48,0.6,0.72]","[0,0.36,0.72]","[0,0.24,0.36,0.48,0.6,0.72]",1
39,10,20272634,3,0.16,0.24,0.08,0.12,0.32,0.48,8,10,0,0,0.99,5,1,1.27,0.37,30,0.990345386370164,-1,7.38,8.66,10.54,10.18,7.365,8.635,10.495,10.125,0.0206155281280884,0.0502493781056035,0,131461,131461,0,0,1,1,0,192585.873570983,1.31128580084684,7,64,2,1,6.5,9.5,8.8,11.2,0,0,0,0.0543139024560002,0.0543139024560002,0,0.36,0.36,0,strong_coherent,full_fine,default_config,default_coarse,default_refine,single,greedy_combined_B7,white,degree_based_el_sep,"[0,0.24,0.36,0.48,0.6,0.72]","[0,0.36,0.72]","[0,0.24,0.36,0.48,0.6,0.72]",1
40,10,20272634,3,0.16,0.24,0.08,0.12,0.32,0.48,8,10,0,0,0.99,5,1,1.27,0.37,30,0.990345386370164,-1,7.38,8.66,10.54,10.18,7.365,8.635,10.495,10.125,0.0206155281280884,0.0502493781056035,0,19998,131461,7353,12645,6.57370737073707,1,0,192585.873570983,1.31128580084684,7,64,2,1,6.5,9.5,8.8,11.2,0,0,0,0.0543139024560002,0.0543139024560002,0,0.36,0.36,0,strong_coherent,coarse_to_fine,default_config,default_coarse,default_refine,single,greedy_combined_B7,white,degree_based_el_sep,"[0,0.24,0.36,0.48,0.6,0.72]","[0,0.36,0.72]","[0,0.24,0.36,0.48,0.6,0.72]",1
41,1,20273625,3,0.16,0.24,0.08,0.12,0.32,0.48,8,10,0,0,0.99,150,1,0.83,0.37,30,0.989997333898649,1,7.62,8.42,10.18,10.54,7.585,8.415,10.125,10.495,0.0250000000000002,0.0502493781056035,0,131461,131461,0,0,1,1,0,140968.416792183,2.28987992352813,7,64,2,1,6.5,9.5,8.8,11.2,0,0,0,0.0561248608016083,0.0561248608016083,0,0.36,0.36,0,hard_phase,full_fine,default_config,default_coarse,default_refine,single,greedy_combined_B7,white,degree_based_el_sep,"[0,0.24,0.36,0.48,0.6,0.72]","[0,0.36,0.72]","[0,0.24,0.36,0.48,0.6,0.72]",1
42,1,20273625,3,0.16,0.24,0.08,0.12,0.32,0.48,8,10,0,0,0.99,150,1,0.83,0.37,30,0.989997333898649,1,7.62,8.42,10.18,10.54,7.585,8.415,10.125,10.495,0.0250000000000002,0.0502493781056035,0,18936,131461,7353,11583,6.94238487536967,1,0,140968.416792183,2.28987992352813,7,64,2,1,6.5,9.5,8.8,11.2,0,0,0,0.0561248608016083,0.0561248608016083,0,0.36,0.36,0,hard_phase,coarse_to_fine,default_config,default_coarse,default_refine,single,greedy_combined_B7,white,degree_based_el_sep,"[0,0.24,0.36,0.48,0.6,0.72]","[0,0.36,0.72]","[0,0.24,0.36,0.48,0.6,0.72]",1
43,2,20273626,3,0.16,0.24,0.08,0.12,0.32,0.48,8,10,0,0,0.99,150,1,0.83,0.37,30,0.990995416472214,-1,7.62,8.42,10.54,10.18,7.585,8.415,10.495,10.125,0.0250000000000002,0.0502493781056035,0,131461,131461,0,0,1,1,0,179053.607551379,2.24628871307059,7,64,2,1,6.5,9.5,8.8,11.2,0,0,0,0.0561248608016083,0.0561248608016083,0,0.36,0.36,0,hard_phase,full_fine,default_config,default_coarse,default_refine,single,greedy_combined_B7,white,degree_based_el_sep,"[0,0.24,0.36,0.48,0.6,0.72]","[0,0.36,0.72]","[0,0.24,0.36,0.48,0.6,0.72]",1
44,2,20273626,3,0.16,0.24,0.08,0.12,0.32,0.48,8,10,0,0,0.99,150,1,0.83,0.37,30,0.990995416472214,-1,7.62,8.42,10.54,10.18,7.585,8.415,10.495,10.125,0.0250000000000002,0.0502493781056035,0,18612,131461,7353,11259,7.06323877068558,1,0,179053.607551379,2.24628871307059,7,64,2,1,6.5,9.5,8.8,11.2,0,0,-8.73114913702011e-11,0.0561248608016083,0.0561248608016083,0,0.36,0.36,0,hard_phase,coarse_to_fine,default_config,default_coarse,default_refine,single,greedy_combined_B7,white,degree_based_el_sep,"[0,0.24,0.36,0.48,0.6,0.72]","[0,0.36,0.72]","[0,0.24,0.36,0.48,0.6,0.72]",1
45,3,20273627,3,0.16,0.24,0.08,0.12,0.32,0.48,8,10,0,0,0.99,150,1,0.83,0.37,30,0.990409992662069,1,7.62,8.42,10.18,10.54,7.585,8.415,10.125,10.495,0.0250000000000002,0.0502493781056035,0,131461,131461,0,0,1,1,0,141028.914252949,2.28987992352813,7,64,2,1,6.5,9.5,8.8,11.2,0,0,0,0.0561248608016083,0.0561248608016083,0,0.36,0.36,0,hard_phase,full_fine,default_config,default_coarse,default_refine,single,greedy_combined_B7,white,degree_based_el_sep,"[0,0.24,0.36,0.48,0.6,0.72]","[0,0.36,0.72]","[0,0.24,0.36,0.48,0.6,0.72]",1
46,3,20273627,3,0.16,0.24,0.08,0.12,0.32,0.48,8,10,0,0,0.99,150,1,0.83,0.37,30,0.990409992662069,1,7.62,8.42,10.18,10.54,7.585,8.415,10.125,10.495,0.0250000000000002,0.0502493781056035,0,18936,131461,7353,11583,6.94238487536967,1,0,141028.914252949,2.28987992352813,7,64,2,1,6.5,9.5,8.8,11.2,0,0,0,0.0561248608016083,0.0561248608016083,0,0.36,0.36,0,hard_phase,coarse_to_fine,default_config,default_coarse,default_refine,single,greedy_combined_B7,white,degree_based_el_sep,"[0,0.24,0.36,0.48,0.6,0.72]","[0,0.36,0.72]","[0,0.24,0.36,0.48,0.6,0.72]",1
47,4,20273628,3,0.16,0.24,0.08,0.12,0.32,0.48,8,10,0,0,0.99,150,1,0.83,0.37,30,0.990974488145338,-1,7.62,8.42,10.54,10.18,7.585,8.415,10.495,10.125,0.0250000000000002,0.0502493781056035,0,131461,131461,0,0,1,1,0,179297.145032959,2.24628871307059,7,64,2,1,6.5,9.5,8.8,11.2,0,0,0,0.0561248608016083,0.0561248608016083,0,0.36,0.36,0,hard_phase,full_fine,default_config,default_coarse,default_refine,single,greedy_combined_B7,white,degree_based_el_sep,"[0,0.24,0.36,0.48,0.6,0.72]","[0,0.36,0.72]","[0,0.24,0.36,0.48,0.6,0.72]",1
48,4,20273628,3,0.16,0.24,0.08,0.12,0.32,0.48,8,10,0,0,0.99,150,1,0.83,0.37,30,0.990974488145338,-1,7.62,8.42,10.54,10.18,7.585,8.415,10.495,10.125,0.0250000000000002,0.0502493781056035,0,18612,131461,7353,11259,7.06323877068558,1,0,179297.145032959,2.24628871307059,7,64,2,1,6.5,9.5,8.8,11.2,0,0,-2.91038304567337e-11,0.0561248608016083,0.0561248608016083,0,0.36,0.36,0,hard_phase,coarse_to_fine,default_config,default_coarse,default_refine,single,greedy_combined_B7,white,degree_based_el_sep,"[0,0.24,0.36,0.48,0.6,0.72]","[0,0.36,0.72]","[0,0.24,0.36,0.48,0.6,0.72]",1
49,5,20273629,3,0.16,0.24,0.08,0.12,0.32,0.48,8,10,0,0,0.99,150,1,0.83,0.37,30,0.990219612090615,1,7.62,8.42,10.18,10.54,7.585,8.415,10.125,10.495,0.0250000000000002,0.0502493781056035,0,131461,131461,0,0,1,1,0,140988.928095367,2.28987992352813,7,64,2,1,6.5,9.5,8.8,11.2,0,0,0,0.0561248608016083,0.0561248608016083,0,0.36,0.36,0,hard_phase,full_fine,default_config,default_coarse,default_refine,single,greedy_combined_B7,white,degree_based_el_sep,"[0,0.24,0.36,0.48,0.6,0.72]","[0,0.36,0.72]","[0,0.24,0.36,0.48,0.6,0.72]",1
50,5,20273629,3,0.16,0.24,0.08,0.12,0.32,0.48,8,10,0,0,0.99,150,1,0.83,0.37,30,0.990219612090615,1,7.62,8.42,10.18,10.54,7.585,8.415,10.125,10.495,0.0250000000000002,0.0502493781056035,0,18936,131461,7353,11583,6.94238487536967,1,0,140988.928095367,2.28987992352813,7,64,2,1,6.5,9.5,8.8,11.2,0,0,-5.82076609134674e-11,0.0561248608016083,0.0561248608016083,0,0.36,0.36,0,hard_phase,coarse_to_fine,default_config,default_coarse,default_refine,single,greedy_combined_B7,white,degree_based_el_sep,"[0,0.24,0.36,0.48,0.6,0.72]","[0,0.36,0.72]","[0,0.24,0.36,0.48,0.6,0.72]",1
51,6,20273630,3,0.16,0.24,0.08,0.12,0.32,0.48,8,10,0,0,0.99,150,1,0.83,0.37,30,0.990183482497543,-1,7.62,8.42,10.54,10.18,7.585,8.415,10.495,10.125,0.0250000000000002,0.0502493781056035,0,131461,131461,0,0,1,1,0,178151.501099293,2.24628871307059,7,64,2,1,6.5,9.5,8.8,11.2,0,0,0,0.0561248608016083,0.0561248608016083,0,0.36,0.36,0,hard_phase,full_fine,default_config,default_coarse,default_refine,single,greedy_combined_B7,white,degree_based_el_sep,"[0,0.24,0.36,0.48,0.6,0.72]","[0,0.36,0.72]","[0,0.24,0.36,0.48,0.6,0.72]",1
52,6,20273630,3,0.16,0.24,0.08,0.12,0.32,0.48,8,10,0,0,0.99,150,1,0.83,0.37,30,0.990183482497543,-1,7.62,8.42,10.54,10.18,7.585,8.415,10.495,10.125,0.0250000000000002,0.0502493781056035,0,18612,131461,7353,11259,7.06323877068558,1,0,178151.501099293,2.24628871307059,7,64,2,1,6.5,9.5,8.8,11.2,0,0,2.91038304567337e-11,0.0561248608016083,0.0561248608016083,0,0.36,0.36,0,hard_phase,coarse_to_fine,default_config,default_coarse,default_refine,single,greedy_combined_B7,white,degree_based_el_sep,"[0,0.24,0.36,0.48,0.6,0.72]","[0,0.36,0.72]","[0,0.24,0.36,0.48,0.6,0.72]",1
53,7,20273631,3,0.16,0.24,0.08,0.12,0.32,0.48,8,10,0,0,0.99,150,1,0.83,0.37,30,0.99015939680296,1,7.62,8.42,10.18,10.54,7.585,8.415,10.125,10.495,0.0250000000000002,0.0502493781056035,0,131461,131461,0,0,1,1,0,140998.599368512,2.28987992352813,7,64,2,1,6.5,9.5,8.8,11.2,0,0,0,0.0561248608016083,0.0561248608016083,0,0.36,0.36,0,hard_phase,full_fine,default_config,default_coarse,default_refine,single,greedy_combined_B7,white,degree_based_el_sep,"[0,0.24,0.36,0.48,0.6,0.72]","[0,0.36,0.72]","[0,0.24,0.36,0.48,0.6,0.72]",1
54,7,20273631,3,0.16,0.24,0.08,0.12,0.32,0.48,8,10,0,0,0.99,150,1,0.83,0.37,30,0.99015939680296,1,7.62,8.42,10.18,10.54,7.585,8.415,10.125,10.495,0.0250000000000002,0.0502493781056035,0,18936,131461,7353,11583,6.94238487536967,1,0,140998.599368512,2.28987992352813,7,64,2,1,6.5,9.5,8.8,11.2,0,0,0,0.0561248608016083,0.0561248608016083,0,0.36,0.36,0,hard_phase,coarse_to_fine,default_config,default_coarse,default_refine,single,greedy_combined_B7,white,degree_based_el_sep,"[0,0.24,0.36,0.48,0.6,0.72]","[0,0.36,0.72]","[0,0.24,0.36,0.48,0.6,0.72]",1
55,8,20273632,3,0.16,0.24,0.08,0.12,0.32,0.48,8,10,0,0,0.99,150,1,0.83,0.37,30,0.989976139456796,-1,7.62,8.42,10.54,10.18,7.585,8.415,10.495,10.125,0.0250000000000002,0.0502493781056035,0,131461,131461,0,0,1,1,0,178611.886607089,2.24628871307059,7,64,2,1,6.5,9.5,8.8,11.2,0,0,0,0.0561248608016083,0.0561248608016083,0,0.36,0.36,0,hard_phase,full_fine,default_config,default_coarse,default_refine,single,greedy_combined_B7,white,degree_based_el_sep,"[0,0.24,0.36,0.48,0.6,0.72]","[0,0.36,0.72]","[0,0.24,0.36,0.48,0.6,0.72]",1
56,8,20273632,3,0.16,0.24,0.08,0.12,0.32,0.48,8,10,0,0,0.99,150,1,0.83,0.37,30,0.989976139456796,-1,7.62,8.42,10.54,10.18,7.585,8.415,10.495,10.125,0.0250000000000002,0.0502493781056035,0,18612,131461,7353,11259,7.06323877068558,1,0,178611.886607089,2.24628871307059,7,64,2,1,6.5,9.5,8.8,11.2,0,0,0,0.0561248608016083,0.0561248608016083,0,0.36,0.36,0,hard_phase,coarse_to_fine,default_config,default_coarse,default_refine,single,greedy_combined_B7,white,degree_based_el_sep,"[0,0.24,0.36,0.48,0.6,0.72]","[0,0.36,0.72]","[0,0.24,0.36,0.48,0.6,0.72]",1
57,9,20273633,3,0.16,0.24,0.08,0.12,0.32,0.48,8,10,0,0,0.99,150,1,0.83,0.37,30,0.989796052304039,1,7.62,8.42,10.18,10.54,7.585,8.415,10.125,10.495,0.0250000000000002,0.0502493781056035,0,131461,131461,0,0,1,1,0,141030.943291499,2.28987992352813,7,64,2,1,6.5,9.5,8.8,11.2,0,0,0,0.0561248608016083,0.0561248608016083,0,0.36,0.36,0,hard_phase,full_fine,default_config,default_coarse,default_refine,single,greedy_combined_B7,white,degree_based_el_sep,"[0,0.24,0.36,0.48,0.6,0.72]","[0,0.36,0.72]","[0,0.24,0.36,0.48,0.6,0.72]",1
58,9,20273633,3,0.16,0.24,0.08,0.12,0.32,0.48,8,10,0,0,0.99,150,1,0.83,0.37,30,0.989796052304039,1,7.62,8.42,10.18,10.54,7.585,8.415,10.125,10.495,0.0250000000000002,0.0502493781056035,0,18936,131461,7353,11583,6.94238487536967,1,0,141030.943291499,2.28987992352813,7,64,2,1,6.5,9.5,8.8,11.2,0,0,2.91038304567337e-11,0.0561248608016083,0.0561248608016083,0,0.36,0.36,0,hard_phase,coarse_to_fine,default_config,default_coarse,default_refine,single,greedy_combined_B7,white,degree_based_el_sep,"[0,0.24,0.36,0.48,0.6,0.72]","[0,0.36,0.72]","[0,0.24,0.36,0.48,0.6,0.72]",1
59,10,20273634,3,0.16,0.24,0.08,0.12,0.32,0.48,8,10,0,0,0.99,150,1,0.83,0.37,30,0.989982377317386,-1,7.62,8.42,10.54,10.18,7.585,8.415,10.495,10.125,0.0250000000000002,0.0502493781056035,0,131461,131461,0,0,1,1,0,179081.423694282,2.24628871307059,7,64,2,1,6.5,9.5,8.8,11.2,0,0,0,0.0561248608016083,0.0561248608016083,0,0.36,0.36,0,hard_phase,full_fine,default_config,default_coarse,default_refine,single,greedy_combined_B7,white,degree_based_el_sep,"[0,0.24,0.36,0.48,0.6,0.72]","[0,0.36,0.72]","[0,0.24,0.36,0.48,0.6,0.72]",1
60,10,20273634,3,0.16,0.24,0.08,0.12,0.32,0.48,8,10,0,0,0.99,150,1,0.83,0.37,30,0.989982377317386,-1,7.62,8.42,10.54,10.18,7.585,8.415,10.495,10.125,0.0250000000000002,0.0502493781056035,0,18612,131461,7353,11259,7.06323877068558,1,0,179081.423694282,2.24628871307059,7,64,2,1,6.5,9.5,8.8,11.2,0,0,-8.73114913702011e-11,0.0561248608016083,0.0561248608016083,0,0.36,0.36,0,hard_phase,coarse_to_fine,default_config,default_coarse,default_refine,single,greedy_combined_B7,white,degree_based_el_sep,"[0,0.24,0.36,0.48,0.6,0.72]","[0,0.36,0.72]","[0,0.24,0.36,0.48,0.6,0.72]",1
61,1,20274625,3,0.16,0.24,0.08,0.12,0.32,0.48,8,10,0,0,0.99,150,0.3,0.83,0.37,30,0.990397759964746,1,7.62,8.34,10.12,10.36,7.585,8.415,10.125,10.495,0.0585234995535977,0.0955248658727151,0,131461,131461,0,0,1,1,0,93450.6047312644,2.77083697576869,7,64,2,1,6.5,9.5,8.8,11.2,0,0,0,0.112026782512041,0.112026782512041,0,0.24,0.24,0,weak_secondary,full_fine,default_config,default_coarse,default_refine,single,greedy_combined_B7,white,degree_based_el_sep,"[0,0.24,0.36,0.48,0.6,0.72]","[0,0.36,0.72]","[0,0.24,0.36,0.48,0.6,0.72]",1
62,1,20274625,3,0.16,0.24,0.08,0.12,0.32,0.48,8,10,0,0,0.99,150,0.3,0.83,0.37,30,0.990397759964746,1,7.62,8.34,10.12,10.36,7.585,8.415,10.125,10.495,0.0585234995535977,0.0955248658727151,0,18513,131461,7353,11160,7.1010101010101,1,0,93450.6047312643,2.77083697576869,7,64,2,1,6.5,9.5,8.8,11.2,0,1.77635683940025e-15,2.91038304567337e-11,0.112026782512041,0.112026782512041,0,0.24,0.24,0,weak_secondary,coarse_to_fine,default_config,default_coarse,default_refine,single,greedy_combined_B7,white,degree_based_el_sep,"[0,0.24,0.36,0.48,0.6,0.72]","[0,0.36,0.72]","[0,0.24,0.36,0.48,0.6,0.72]",1
63,2,20274626,3,0.16,0.24,0.08,0.12,0.32,0.48,8,10,0,0,0.99,150,0.3,0.83,0.37,30,0.990654384688227,-1,7.62,8.34,10.48,10.24,7.585,8.415,10.495,10.125,0.0585234995535977,0.082006097334284,0,131461,131461,0,0,1,1,0,98861.4853575507,2.76039510542158,7,64,2,1,6.5,9.5,8.8,11.2,0,0,0,0.100747208398049,0.100747208398049,0,0.24,0.24,0,weak_secondary,full_fine,default_config,default_coarse,default_refine,single,greedy_combined_B7,white,degree_based_el_sep,"[0,0.24,0.36,0.48,0.6,0.72]","[0,0.36,0.72]","[0,0.24,0.36,0.48,0.6,0.72]",1
64,2,20274626,3,0.16,0.24,0.08,0.12,0.32,0.48,8,10,0,0,0.99,150,0.3,0.83,0.37,30,0.990654384688227,-1,7.62,8.34,10.48,10.24,7.585,8.415,10.495,10.125,0.0585234995535977,0.0820060973342838,0,18513,131461,7353,11160,7.1010101010101,1,0,98861.4853575507,2.76039510542158,7,64,2,1,6.5,9.5,8.8,11.2,0,1.77635683940025e-15,0,0.100747208398049,0.100747208398049,0,0.24,0.24,0,weak_secondary,coarse_to_fine,default_config,default_coarse,default_refine,single,greedy_combined_B7,white,degree_based_el_sep,"[0,0.24,0.36,0.48,0.6,0.72]","[0,0.36,0.72]","[0,0.24,0.36,0.48,0.6,0.72]",1
65,3,20274627,3,0.16,0.24,0.08,0.12,0.32,0.48,8,10,0,0,0.99,150,0.3,0.83,0.37,30,0.989957483813266,1,7.62,8.34,10.12,10.36,7.585,8.415,10.125,10.495,0.0585234995535977,0.0955248658727151,0,131461,131461,0,0,1,1,0,93410.7027505901,2.77083697576869,7,64,2,1,6.5,9.5,8.8,11.2,0,0,0,0.112026782512041,0.112026782512041,0,0.24,0.24,0,weak_secondary,full_fine,default_config,default_coarse,default_refine,single,greedy_combined_B7,white,degree_based_el_sep,"[0,0.24,0.36,0.48,0.6,0.72]","[0,0.36,0.72]","[0,0.24,0.36,0.48,0.6,0.72]",1
66,3,20274627,3,0.16,0.24,0.08,0.12,0.32,0.48,8,10,0,0,0.99,150,0.3,0.83,0.37,30,0.989957483813266,1,7.62,8.34,10.12,10.36,7.585,8.415,10.125,10.495,0.0585234995535977,0.0955248658727151,0,18513,131461,7353,11160,7.1010101010101,1,0,93410.7027505901,2.77083697576869,7,64,2,1,6.5,9.5,8.8,11.2,0,1.77635683940025e-15,0,0.112026782512041,0.112026782512041,0,0.24,0.24,0,weak_secondary,coarse_to_fine,default_config,default_coarse,default_refine,single,greedy_combined_B7,white,degree_based_el_sep,"[0,0.24,0.36,0.48,0.6,0.72]","[0,0.36,0.72]","[0,0.24,0.36,0.48,0.6,0.72]",1
67,4,20274628,3,0.16,0.24,0.08,0.12,0.32,0.48,8,10,0,0,0.99,150,0.3,0.83,0.37,30,0.990327909199443,-1,7.62,8.34,10.48,10.24,7.585,8.415,10.495,10.125,0.0585234995535977,0.082006097334284,0,131461,131461,0,0,1,1,0,99479.331649406,2.76039510542158,7,64,2,1,6.5,9.5,8.8,11.2,0,0,0,0.100747208398049,0.100747208398049,0,0.24,0.24,0,weak_secondary,full_fine,default_config,default_coarse,default_refine,single,greedy_combined_B7,white,degree_based_el_sep,"[0,0.24,0.36,0.48,0.6,0.72]","[0,0.36,0.72]","[0,0.24,0.36,0.48,0.6,0.72]",1
68,4,20274628,3,0.16,0.24,0.08,0.12,0.32,0.48,8,10,0,0,0.99,150,0.3,0.83,0.37,30,0.990327909199443,-1,7.62,8.34,10.48,10.24,7.585,8.415,10.495,10.125,0.0585234995535977,0.0820060973342838,0,18513,131461,7353,11160,7.1010101010101,1,0,99479.331649406,2.76039510542158,7,64,2,1,6.5,9.5,8.8,11.2,0,1.77635683940025e-15,0,0.100747208398049,0.100747208398049,0,0.24,0.24,0,weak_secondary,coarse_to_fine,default_config,default_coarse,default_refine,single,greedy_combined_B7,white,degree_based_el_sep,"[0,0.24,0.36,0.48,0.6,0.72]","[0,0.36,0.72]","[0,0.24,0.36,0.48,0.6,0.72]",1
69,5,20274629,3,0.16,0.24,0.08,0.12,0.32,0.48,8,10,0,0,0.99,150,0.3,0.83,0.37,30,0.990243880364156,1,7.62,8.34,10.12,10.36,7.585,8.415,10.125,10.495,0.0585234995535977,0.0955248658727151,0,131461,131461,0,0,1,1,0,93417.0634854335,2.77083697576869,7,64,2,1,6.5,9.5,8.8,11.2,0,0,0,0.112026782512041,0.112026782512041,0,0.24,0.24,0,weak_secondary,full_fine,default_config,default_coarse,default_refine,single,greedy_combined_B7,white,degree_based_el_sep,"[0,0.24,0.36,0.48,0.6,0.72]","[0,0.36,0.72]","[0,0.24,0.36,0.48,0.6,0.72]",1
70,5,20274629,3,0.16,0.24,0.08,0.12,0.32,0.48,8,10,0,0,0.99,150,0.3,0.83,0.37,30,0.990243880364156,1,7.62,8.34,10.12,10.36,7.585,8.415,10.125,10.495,0.0585234995535977,0.0955248658727151,0,18513,131461,7353,11160,7.1010101010101,1,0,93417.0634854334,2.77083697576869,7,64,2,1,6.5,9.5,8.8,11.2,0,1.77635683940025e-15,4.36557456851006e-11,0.112026782512041,0.112026782512041,0,0.24,0.24,0,weak_secondary,coarse_to_fine,default_config,default_coarse,default_refine,single,greedy_combined_B7,white,degree_based_el_sep,"[0,0.24,0.36,0.48,0.6,0.72]","[0,0.36,0.72]","[0,0.24,0.36,0.48,0.6,0.72]",1
71,6,20274630,3,0.16,0.24,0.08,0.12,0.32,0.48,8,10,0,0,0.99,150,0.3,0.83,0.37,30,0.990311822236902,-1,7.62,8.34,10.48,10.24,7.585,8.415,10.495,10.125,0.0585234995535977,0.082006097334284,0,131461,131461,0,0,1,1,0,99079.7103371648,2.76039510542158,7,64,2,1,6.5,9.5,8.8,11.2,0,0,0,0.100747208398049,0.100747208398049,0,0.24,0.24,0,weak_secondary,full_fine,default_config,default_coarse,default_refine,single,greedy_combined_B7,white,degree_based_el_sep,"[0,0.24,0.36,0.48,0.6,0.72]","[0,0.36,0.72]","[0,0.24,0.36,0.48,0.6,0.72]",1
72,6,20274630,3,0.16,0.24,0.08,0.12,0.32,0.48,8,10,0,0,0.99,150,0.3,0.83,0.37,30,0.990311822236902,-1,7.62,8.34,10.48,10.24,7.585,8.415,10.495,10.125,0.0585234995535977,0.0820060973342838,0,18513,131461,7353,11160,7.1010101010101,1,0,99079.7103371648,2.76039510542158,7,64,2,1,6.5,9.5,8.8,11.2,0,1.77635683940025e-15,0,0.100747208398049,0.100747208398049,0,0.24,0.24,0,weak_secondary,coarse_to_fine,default_config,default_coarse,default_refine,single,greedy_combined_B7,white,degree_based_el_sep,"[0,0.24,0.36,0.48,0.6,0.72]","[0,0.36,0.72]","[0,0.24,0.36,0.48,0.6,0.72]",1
73,7,20274631,3,0.16,0.24,0.08,0.12,0.32,0.48,8,10,0,0,0.99,150,0.3,0.83,0.37,30,0.989934086610976,1,7.62,8.34,10.12,10.36,7.585,8.415,10.125,10.495,0.0585234995535977,0.0955248658727151,0,131461,131461,0,0,1,1,0,93425.5050046788,2.77083697576869,7,64,2,1,6.5,9.5,8.8,11.2,0,0,0,0.112026782512041,0.112026782512041,0,0.24,0.24,0,weak_secondary,full_fine,default_config,default_coarse,default_refine,single,greedy_combined_B7,white,degree_based_el_sep,"[0,0.24,0.36,0.48,0.6,0.72]","[0,0.36,0.72]","[0,0.24,0.36,0.48,0.6,0.72]",1
74,7,20274631,3,0.16,0.24,0.08,0.12,0.32,0.48,8,10,0,0,0.99,150,0.3,0.83,0.37,30,0.989934086610976,1,7.62,8.34,10.12,10.36,7.585,8.415,10.125,10.495,0.0585234995535977,0.0955248658727151,0,18513,131461,7353,11160,7.1010101010101,1,0,93425.5050046788,2.77083697576869,7,64,2,1,6.5,9.5,8.8,11.2,0,1.77635683940025e-15,2.91038304567337e-11,0.112026782512041,0.112026782512041,0,0.24,0.24,0,weak_secondary,coarse_to_fine,default_config,default_coarse,default_refine,single,greedy_combined_B7,white,degree_based_el_sep,"[0,0.24,0.36,0.48,0.6,0.72]","[0,0.36,0.72]","[0,0.24,0.36,0.48,0.6,0.72]",1
75,8,20274632,3,0.16,0.24,0.08,0.12,0.32,0.48,8,10,0,0,0.99,150,0.3,0.83,0.37,30,0.990241800811427,-1,7.62,8.34,10.48,10.24,7.585,8.415,10.495,10.125,0.0585234995535977,0.082006097334284,0,131461,131461,0,0,1,1,0,99652.9213703362,2.76039510542158,7,64,2,1,6.5,9.5,8.8,11.2,0,0,0,0.100747208398049,0.100747208398049,0,0.24,0.24,0,weak_secondary,full_fine,default_config,default_coarse,default_refine,single,greedy_combined_B7,white,degree_based_el_sep,"[0,0.24,0.36,0.48,0.6,0.72]","[0,0.36,0.72]","[0,0.24,0.36,0.48,0.6,0.72]",1
76,8,20274632,3,0.16,0.24,0.08,0.12,0.32,0.48,8,10,0,0,0.99,150,0.3,0.83,0.37,30,0.990241800811427,-1,7.62,8.34,10.48,10.24,7.585,8.415,10.495,10.125,0.0585234995535977,0.0820060973342838,0,18513,131461,7353,11160,7.1010101010101,1,0,99652.9213703363,2.76039510542158,7,64,2,1,6.5,9.5,8.8,11.2,0,1.77635683940025e-15,-5.82076609134674e-11,0.100747208398049,0.100747208398049,0,0.24,0.24,0,weak_secondary,coarse_to_fine,default_config,default_coarse,default_refine,single,greedy_combined_B7,white,degree_based_el_sep,"[0,0.24,0.36,0.48,0.6,0.72]","[0,0.36,0.72]","[0,0.24,0.36,0.48,0.6,0.72]",1
77,9,20274633,3,0.16,0.24,0.08,0.12,0.32,0.48,8,10,0,0,0.99,150,0.3,0.83,0.37,30,0.989931695957167,1,7.62,8.34,10.12,10.36,7.585,8.415,10.125,10.495,0.0585234995535977,0.0955248658727151,0,131461,131461,0,0,1,1,0,93446.1717858942,2.77083697576869,7,64,2,1,6.5,9.5,8.8,11.2,0,0,0,0.112026782512041,0.112026782512041,0,0.24,0.24,0,weak_secondary,full_fine,default_config,default_coarse,default_refine,single,greedy_combined_B7,white,degree_based_el_sep,"[0,0.24,0.36,0.48,0.6,0.72]","[0,0.36,0.72]","[0,0.24,0.36,0.48,0.6,0.72]",1
78,9,20274633,3,0.16,0.24,0.08,0.12,0.32,0.48,8,10,0,0,0.99,150,0.3,0.83,0.37,30,0.989931695957167,1,7.62,8.34,10.12,10.36,7.585,8.415,10.125,10.495,0.0585234995535977,0.0955248658727151,0,18513,131461,7353,11160,7.1010101010101,1,0,93446.1717858941,2.77083697576869,7,64,2,1,6.5,9.5,8.8,11.2,0,1.77635683940025e-15,2.91038304567337e-11,0.112026782512041,0.112026782512041,0,0.24,0.24,0,weak_secondary,coarse_to_fine,default_config,default_coarse,default_refine,single,greedy_combined_B7,white,degree_based_el_sep,"[0,0.24,0.36,0.48,0.6,0.72]","[0,0.36,0.72]","[0,0.24,0.36,0.48,0.6,0.72]",1
79,10,20274634,3,0.16,0.24,0.08,0.12,0.32,0.48,8,10,0,0,0.99,150,0.3,0.83,0.37,30,0.990608355634124,-1,7.62,8.34,10.48,10.24,7.585,8.415,10.495,10.125,0.0585234995535977,0.082006097334284,0,131461,131461,0,0,1,1,0,98486.1459903003,2.76039510542158,7,64,2,1,6.5,9.5,8.8,11.2,0,0,0,0.100747208398049,0.100747208398049,0,0.24,0.24,0,weak_secondary,full_fine,default_config,default_coarse,default_refine,single,greedy_combined_B7,white,degree_based_el_sep,"[0,0.24,0.36,0.48,0.6,0.72]","[0,0.36,0.72]","[0,0.24,0.36,0.48,0.6,0.72]",1
80,10,20274634,3,0.16,0.24,0.08,0.12,0.32,0.48,8,10,0,0,0.99,150,0.3,0.83,0.37,30,0.990608355634124,-1,7.62,8.34,10.48,10.24,7.585,8.415,10.495,10.125,0.0585234995535977,0.0820060973342838,0,18513,131461,7353,11160,7.1010101010101,1,0,98486.1459903003,2.76039510542158,7,64,2,1,6.5,9.5,8.8,11.2,0,1.77635683940025e-15,-2.91038304567337e-11,0.100747208398049,0.100747208398049,0,0.24,0.24,0,weak_secondary,coarse_to_fine,default_config,default_coarse,default_refine,single,greedy_combined_B7,white,degree_based_el_sep,"[0,0.24,0.36,0.48,0.6,0.72]","[0,0.36,0.72]","[0,0.24,0.36,0.48,0.6,0.72]",1
81,1,20275625,3,0.16,0.24,0.08,0.12,0.32,0.48,8,10,0,0,1,150,0.3,0.83,0.37,20,1,1,7.62,8.34,10.12,10.36,7.585,8.415,10.125,10.495,0.0585234995535977,0.0955248658727151,0,131461,131461,0,0,1,1,0,93273.4750678944,2.77083697576869,7,64,2,1,6.5,9.5,8.8,11.2,0,0,0,0.112026782512041,0.112026782512041,0,0.24,0.24,0,low_snr_hard,full_fine,default_config,default_coarse,default_refine,single,greedy_combined_B7,white,degree_based_el_sep,"[0,0.24,0.36,0.48,0.6,0.72]","[0,0.36,0.72]","[0,0.24,0.36,0.48,0.6,0.72]",1
82,1,20275625,3,0.16,0.24,0.08,0.12,0.32,0.48,8,10,0,0,1,150,0.3,0.83,0.37,20,1,1,7.62,8.34,10.12,10.36,7.585,8.415,10.125,10.495,0.0585234995535977,0.0955248658727151,0,22770,131461,7353,15417,5.77342995169082,1,0,93273.4750678944,2.77083697576869,7,64,2,1,6.5,9.5,8.8,11.2,0,1.77635683940025e-15,0,0.112026782512041,0.112026782512041,0,0.24,0.24,0,low_snr_hard,coarse_to_fine,default_config,default_coarse,default_refine,single,greedy_combined_B7,white,degree_based_el_sep,"[0,0.24,0.36,0.48,0.6,0.72]","[0,0.36,0.72]","[0,0.24,0.36,0.48,0.6,0.72]",1
83,2,20275626,3,0.16,0.24,0.08,0.12,0.32,0.48,8,10,0,0,1,150,0.3,0.83,0.37,20,1,-1,7.62,8.34,10.48,10.24,7.585,8.415,10.495,10.125,0.0585234995535977,0.082006097334284,0,131461,131461,0,0,1,1,0,99019.7832973663,2.76039510542158,7,64,2,1,6.5,9.5,8.8,11.2,0,0,0,0.100747208398049,0.100747208398049,0,0.24,0.24,0,low_snr_hard,full_fine,default_config,default_coarse,default_refine,single,greedy_combined_B7,white,degree_based_el_sep,"[0,0.24,0.36,0.48,0.6,0.72]","[0,0.36,0.72]","[0,0.24,0.36,0.48,0.6,0.72]",1
84,2,20275626,3,0.16,0.24,0.08,0.12,0.32,0.48,8,10,0,0,1,150,0.3,0.83,0.37,20,1,-1,7.62,8.34,10.48,10.24,7.585,8.415,10.495,10.125,0.0585234995535977,0.0820060973342838,0,18513,131461,7353,11160,7.1010101010101,1,0,99019.7832973663,2.76039510542158,7,64,2,1,6.5,9.5,8.8,11.2,0,1.77635683940025e-15,5.82076609134674e-11,0.100747208398049,0.100747208398049,0,0.24,0.24,0,low_snr_hard,coarse_to_fine,default_config,default_coarse,default_refine,single,greedy_combined_B7,white,degree_based_el_sep,"[0,0.24,0.36,0.48,0.6,0.72]","[0,0.36,0.72]","[0,0.24,0.36,0.48,0.6,0.72]",1
85,3,20275627,3,0.16,0.24,0.08,0.12,0.32,0.48,8,10,0,0,1,150,0.3,0.83,0.37,20,1,1,7.62,8.34,10.12,10.36,7.585,8.415,10.125,10.495,0.0585234995535977,0.0955248658727151,0,131461,131461,0,0,1,1,0,93137.4661732925,2.77083697576869,7,64,2,1,6.5,9.5,8.8,11.2,0,0,0,0.112026782512041,0.112026782512041,0,0.24,0.24,0,low_snr_hard,full_fine,default_config,default_coarse,default_refine,single,greedy_combined_B7,white,degree_based_el_sep,"[0,0.24,0.36,0.48,0.6,0.72]","[0,0.36,0.72]","[0,0.24,0.36,0.48,0.6,0.72]",1
86,3,20275627,3,0.16,0.24,0.08,0.12,0.32,0.48,8,10,0,0,1,150,0.3,0.83,0.37,20,1,1,7.62,8.34,10.12,10.36,7.585,8.415,10.125,10.495,0.0585234995535977,0.0955248658727151,0,22770,131461,7353,15417,5.77342995169082,1,0,93137.4661732925,2.77083697576869,7,64,2,1,6.5,9.5,8.8,11.2,0,1.77635683940025e-15,0,0.112026782512041,0.112026782512041,0,0.24,0.24,0,low_snr_hard,coarse_to_fine,default_config,default_coarse,default_refine,single,greedy_combined_B7,white,degree_based_el_sep,"[0,0.24,0.36,0.48,0.6,0.72]","[0,0.36,0.72]","[0,0.24,0.36,0.48,0.6,0.72]",1
87,4,20275628,3,0.16,0.24,0.08,0.12,0.32,0.48,8,10,0,0,1,150,0.3,0.83,0.37,20,1,-1,7.62,8.34,10.48,10.24,7.585,8.415,10.495,10.125,0.0585234995535977,0.082006097334284,0,131461,131461,0,0,1,1,0,99016.3143050713,2.76039510542158,7,64,2,1,6.5,9.5,8.8,11.2,0,0,0,0.100747208398049,0.100747208398049,0,0.24,0.24,0,low_snr_hard,full_fine,default_config,default_coarse,default_refine,single,greedy_combined_B7,white,degree_based_el_sep,"[0,0.24,0.36,0.48,0.6,0.72]","[0,0.36,0.72]","[0,0.24,0.36,0.48,0.6,0.72]",1
88,4,20275628,3,0.16,0.24,0.08,0.12,0.32,0.48,8,10,0,0,1,150,0.3,0.83,0.37,20,1,-1,7.62,8.34,10.48,10.24,7.585,8.415,10.495,10.125,0.0585234995535977,0.0820060973342838,0,18513,131461,7353,11160,7.1010101010101,1,0,99016.3143050713,2.76039510542158,7,64,2,1,6.5,9.5,8.8,11.2,0,1.77635683940025e-15,0,0.100747208398049,0.100747208398049,0,0.24,0.24,0,low_snr_hard,coarse_to_fine,default_config,default_coarse,default_refine,single,greedy_combined_B7,white,degree_based_el_sep,"[0,0.24,0.36,0.48,0.6,0.72]","[0,0.36,0.72]","[0,0.24,0.36,0.48,0.6,0.72]",1
89,5,20275629,3,0.16,0.24,0.08,0.12,0.32,0.48,8,10,0,0,1,150,0.3,0.83,0.37,20,1,1,7.62,8.34,10.12,10.36,7.585,8.415,10.125,10.495,0.0585234995535977,0.0955248658727151,0,131461,131461,0,0,1,1,0,93161.4036864287,2.77083697576869,7,64,2,1,6.5,9.5,8.8,11.2,0,0,0,0.112026782512041,0.112026782512041,0,0.24,0.24,0,low_snr_hard,full_fine,default_config,default_coarse,default_refine,single,greedy_combined_B7,white,degree_based_el_sep,"[0,0.24,0.36,0.48,0.6,0.72]","[0,0.36,0.72]","[0,0.24,0.36,0.48,0.6,0.72]",1
90,5,20275629,3,0.16,0.24,0.08,0.12,0.32,0.48,8,10,0,0,1,150,0.3,0.83,0.37,20,1,1,7.62,8.34,10.12,10.36,7.585,8.415,10.125,10.495,0.0585234995535977,0.0955248658727151,0,22770,131461,7353,15417,5.77342995169082,1,0,93161.4036864287,2.77083697576869,7,64,2,1,6.5,9.5,8.8,11.2,0,1.77635683940025e-15,0,0.112026782512041,0.112026782512041,0,0.24,0.24,0,low_snr_hard,coarse_to_fine,default_config,default_coarse,default_refine,single,greedy_combined_B7,white,degree_based_el_sep,"[0,0.24,0.36,0.48,0.6,0.72]","[0,0.36,0.72]","[0,0.24,0.36,0.48,0.6,0.72]",1
91,6,20275630,3,0.16,0.24,0.08,0.12,0.32,0.48,8,10,0,0,1,150,0.3,0.83,0.37,20,0.999999999999999,-1,7.62,8.34,10.48,10.24,7.585,8.415,10.495,10.125,0.0585234995535977,0.082006097334284,0,131461,131461,0,0,1,1,0,99140.3855154612,2.76039510542158,7,64,2,1,6.5,9.5,8.8,11.2,0,0,0,0.100747208398049,0.100747208398049,0,0.24,0.24,0,low_snr_hard,full_fine,default_config,default_coarse,default_refine,single,greedy_combined_B7,white,degree_based_el_sep,"[0,0.24,0.36,0.48,0.6,0.72]","[0,0.36,0.72]","[0,0.24,0.36,0.48,0.6,0.72]",1
92,6,20275630,3,0.16,0.24,0.08,0.12,0.32,0.48,8,10,0,0,1,150,0.3,0.83,0.37,20,0.999999999999999,-1,7.62,8.34,10.48,10.24,7.585,8.415,10.495,10.125,0.0585234995535977,0.0820060973342838,0,18513,131461,7353,11160,7.1010101010101,1,0,99140.3855154612,2.76039510542158,7,64,2,1,6.5,9.5,8.8,11.2,0,1.77635683940025e-15,-2.91038304567337e-11,0.100747208398049,0.100747208398049,0,0.24,0.24,0,low_snr_hard,coarse_to_fine,default_config,default_coarse,default_refine,single,greedy_combined_B7,white,degree_based_el_sep,"[0,0.24,0.36,0.48,0.6,0.72]","[0,0.36,0.72]","[0,0.24,0.36,0.48,0.6,0.72]",1
93,7,20275631,3,0.16,0.24,0.08,0.12,0.32,0.48,8,10,0,0,1,150,0.3,0.83,0.37,20,1,1,7.62,8.34,10.12,10.36,7.585,8.415,10.125,10.495,0.0585234995535977,0.0955248658727151,0,131461,131461,0,0,1,1,0,93219.8786367064,2.77083697576869,7,64,2,1,6.5,9.5,8.8,11.2,0,0,0,0.112026782512041,0.112026782512041,0,0.24,0.24,0,low_snr_hard,full_fine,default_config,default_coarse,default_refine,single,greedy_combined_B7,white,degree_based_el_sep,"[0,0.24,0.36,0.48,0.6,0.72]","[0,0.36,0.72]","[0,0.24,0.36,0.48,0.6,0.72]",1
94,7,20275631,3,0.16,0.24,0.08,0.12,0.32,0.48,8,10,0,0,1,150,0.3,0.83,0.37,20,1,1,7.62,8.34,10.12,10.36,7.585,8.415,10.125,10.495,0.0585234995535977,0.0955248658727151,0,22770,131461,7353,15417,5.77342995169082,1,0,93219.8786367064,2.77083697576869,7,64,2,1,6.5,9.5,8.8,11.2,0,1.77635683940025e-15,0,0.112026782512041,0.112026782512041,0,0.24,0.24,0,low_snr_hard,coarse_to_fine,default_config,default_coarse,default_refine,single,greedy_combined_B7,white,degree_based_el_sep,"[0,0.24,0.36,0.48,0.6,0.72]","[0,0.36,0.72]","[0,0.24,0.36,0.48,0.6,0.72]",1
95,8,20275632,3,0.16,0.24,0.08,0.12,0.32,0.48,8,10,0,0,1,150,0.3,0.83,0.37,20,1,-1,7.62,8.34,10.48,10.24,7.585,8.415,10.495,10.125,0.0585234995535977,0.082006097334284,0,131461,131461,0,0,1,1,0,99017.4599477768,2.76039510542158,7,64,2,1,6.5,9.5,8.8,11.2,0,0,0,0.100747208398049,0.100747208398049,0,0.24,0.24,0,low_snr_hard,full_fine,default_config,default_coarse,default_refine,single,greedy_combined_B7,white,degree_based_el_sep,"[0,0.24,0.36,0.48,0.6,0.72]","[0,0.36,0.72]","[0,0.24,0.36,0.48,0.6,0.72]",1
96,8,20275632,3,0.16,0.24,0.08,0.12,0.32,0.48,8,10,0,0,1,150,0.3,0.83,0.37,20,1,-1,7.62,8.34,10.48,10.24,7.585,8.415,10.495,10.125,0.0585234995535977,0.0820060973342838,0,18513,131461,7353,11160,7.1010101010101,1,0,99017.4599477768,2.76039510542158,7,64,2,1,6.5,9.5,8.8,11.2,0,1.77635683940025e-15,0,0.100747208398049,0.100747208398049,0,0.24,0.24,0,low_snr_hard,coarse_to_fine,default_config,default_coarse,default_refine,single,greedy_combined_B7,white,degree_based_el_sep,"[0,0.24,0.36,0.48,0.6,0.72]","[0,0.36,0.72]","[0,0.24,0.36,0.48,0.6,0.72]",1
97,9,20275633,3,0.16,0.24,0.08,0.12,0.32,0.48,8,10,0,0,1,150,0.3,0.83,0.37,20,1,1,7.62,8.34,10.12,10.36,7.585,8.415,10.125,10.495,0.0585234995535977,0.0955248658727151,0,131461,131461,0,0,1,1,0,93246.7179847628,2.77083697576869,7,64,2,1,6.5,9.5,8.8,11.2,0,0,0,0.112026782512041,0.112026782512041,0,0.24,0.24,0,low_snr_hard,full_fine,default_config,default_coarse,default_refine,single,greedy_combined_B7,white,degree_based_el_sep,"[0,0.24,0.36,0.48,0.6,0.72]","[0,0.36,0.72]","[0,0.24,0.36,0.48,0.6,0.72]",1
98,9,20275633,3,0.16,0.24,0.08,0.12,0.32,0.48,8,10,0,0,1,150,0.3,0.83,0.37,20,1,1,7.62,8.34,10.12,10.36,7.585,8.415,10.125,10.495,0.0585234995535977,0.0955248658727151,0,22770,131461,7353,15417,5.77342995169082,1,0,93246.7179847628,2.77083697576869,7,64,2,1,6.5,9.5,8.8,11.2,0,1.77635683940025e-15,0,0.112026782512041,0.112026782512041,0,0.24,0.24,0,low_snr_hard,coarse_to_fine,default_config,default_coarse,default_refine,single,greedy_combined_B7,white,degree_based_el_sep,"[0,0.24,0.36,0.48,0.6,0.72]","[0,0.36,0.72]","[0,0.24,0.36,0.48,0.6,0.72]",1
99,10,20275634,3,0.16,0.24,0.08,0.12,0.32,0.48,8,10,0,0,1,150,0.3,0.83,0.37,20,1,-1,7.62,8.34,10.48,10.24,7.585,8.415,10.495,10.125,0.0585234995535977,0.082006097334284,0,131461,131461,0,0,1,1,0,99025.7351479471,2.76039510542158,7,64,2,1,6.5,9.5,8.8,11.2,0,0,0,0.100747208398049,0.100747208398049,0,0.24,0.24,0,low_snr_hard,full_fine,default_config,default_coarse,default_refine,single,greedy_combined_B7,white,degree_based_el_sep,"[0,0.24,0.36,0.48,0.6,0.72]","[0,0.36,0.72]","[0,0.24,0.36,0.48,0.6,0.72]",1
100,10,20275634,3,0.16,0.24,0.08,0.12,0.32,0.48,8,10,0,0,1,150,0.3,0.83,0.37,20,1,-1,7.62,8.34,10.48,10.24,7.585,8.415,10.495,10.125,0.0585234995535977,0.0820060973342838,0,18513,131461,7353,11160,7.1010101010101,1,0,99025.7351479471,2.76039510542158,7,64,2,1,6.5,9.5,8.8,11.2,0,1.77635683940025e-15,0,0.100747208398049,0.100747208398049,0,0.24,0.24,0,low_snr_hard,coarse_to_fine,default_config,default_coarse,default_refine,single,greedy_combined_B7,white,degree_based_el_sep,"[0,0.24,0.36,0.48,0.6,0.72]","[0,0.36,0.72]","[0,0.24,0.36,0.48,0.6,0.72]",1
1,1,20281625,3,0.16,0.24,0.08,0.12,0.32,0.48,8.2,10,0.2,0,0,0,1,1.27,0.67,30,0.199729360733283,1,7.34,8.62,10,10.72,7.365,8.635,9.975,10.645,0.0206155281280887,0.0559016994374932,0,131461,131461,0,0,1,1,0,201211.699574586,1.33120649256714,7,64,2,1,6.7,9.7,8.8,11.2,0,0,0,0.0595818764390636,0.0595818764390636,0,0.72,0.72,0,easy_noncoherent,full_fine,default_config,default_coarse,default_refine,single,greedy_combined_B7,white,degree_based_el_sep,"[0,0.24,0.36,0.48,0.6,0.72]","[0,0.36,0.72]","[0,0.24,0.36,0.48,0.6,0.72]",1
2,1,20281625,3,0.16,0.24,0.08,0.12,0.32,0.48,8.2,10,0.2,0,0,0,1,1.27,0.67,30,0.199729360733283,1,7.34,8.62,10,10.72,7.365,8.635,9.975,10.645,0.0206155281280887,0.0559016994374943,0,16830,131461,7353,9477,7.81111111111111,1,0,201211.699574586,1.33120649256714,7,64,2,1,6.7,9.7,8.8,11.2,0,1.77635683940025e-15,0,0.0595818764390647,0.0595818764390636,0,0.72,0.72,0,easy_noncoherent,coarse_to_fine,default_config,default_coarse,default_refine,single,greedy_combined_B7,white,degree_based_el_sep,"[0,0.24,0.36,0.48,0.6,0.72]","[0,0.36,0.72]","[0,0.24,0.36,0.48,0.6,0.72]",1
3,2,20281626,3,0.16,0.24,0.08,0.12,0.32,0.48,8.2,10,0.2,0,0,0,1,1.27,0.67,30,0.0422546028379856,-1,7.34,8.62,10.72,10,7.365,8.635,10.645,9.975,0.0206155281280887,0.0559016994374932,0,131461,131461,0,0,1,1,0,204363.053689718,1.39929177353864,7,64,2,1,6.7,9.7,8.8,11.2,0,0,0,0.0595818764390636,0.0595818764390636,0,0.72,0.72,0,easy_noncoherent,full_fine,default_config,default_coarse,default_refine,single,greedy_combined_B7,white,degree_based_el_sep,"[0,0.24,0.36,0.48,0.6,0.72]","[0,0.36,0.72]","[0,0.24,0.36,0.48,0.6,0.72]",1
4,2,20281626,3,0.16,0.24,0.08,0.12,0.32,0.48,8.2,10,0.2,0,0,0,1,1.27,0.67,30,0.0422546028379856,-1,7.34,8.62,10.72,10,7.365,8.635,10.645,9.975,0.0206155281280887,0.0559016994374943,0,16830,131461,7353,9477,7.81111111111111,1,0,204363.053689718,1.39929177353864,7,64,2,1,6.7,9.7,8.8,11.2,0,1.77635683940025e-15,0,0.0595818764390647,0.0595818764390636,0,0.72,0.72,0,easy_noncoherent,coarse_to_fine,default_config,default_coarse,default_refine,single,greedy_combined_B7,white,degree_based_el_sep,"[0,0.24,0.36,0.48,0.6,0.72]","[0,0.36,0.72]","[0,0.24,0.36,0.48,0.6,0.72]",1
5,3,20281627,3,0.16,0.24,0.08,0.12,0.32,0.48,8.2,10,0.2,0,0,0,1,1.27,0.67,30,0.0777811731217342,1,7.34,8.62,10,10.72,7.365,8.635,9.975,10.645,0.0206155281280887,0.0559016994374932,0,131461,131461,0,0,1,1,0,206097.609448896,1.33120649256714,7,64,2,1,6.7,9.7,8.8,11.2,0,0,0,0.0595818764390636,0.0595818764390636,0,0.72,0.72,0,easy_noncoherent,full_fine,default_config,default_coarse,default_refine,single,greedy_combined_B7,white,degree_based_el_sep,"[0,0.24,0.36,0.48,0.6,0.72]","[0,0.36,0.72]","[0,0.24,0.36,0.48,0.6,0.72]",1
6,3,20281627,3,0.16,0.24,0.08,0.12,0.32,0.48,8.2,10,0.2,0,0,0,1,1.27,0.67,30,0.0777811731217342,1,7.34,8.62,10,10.72,7.365,8.635,9.975,10.645,0.0206155281280887,0.0559016994374943,0,16830,131461,7353,9477,7.81111111111111,1,0,206097.609448896,1.33120649256714,7,64,2,1,6.7,9.7,8.8,11.2,0,1.77635683940025e-15,2.91038304567337e-11,0.0595818764390647,0.0595818764390636,0,0.72,0.72,0,easy_noncoherent,coarse_to_fine,default_config,default_coarse,default_refine,single,greedy_combined_B7,white,degree_based_el_sep,"[0,0.24,0.36,0.48,0.6,0.72]","[0,0.36,0.72]","[0,0.24,0.36,0.48,0.6,0.72]",1
7,4,20281628,3,0.16,0.24,0.08,0.12,0.32,0.48,8.2,10,0.2,0,0,0,1,1.27,0.67,30,0.107040508853101,-1,7.34,8.62,10.72,10,7.365,8.635,10.645,9.975,0.0206155281280887,0.0559016994374932,0,131461,131461,0,0,1,1,0,202890.401315087,1.39929177353864,7,64,2,1,6.7,9.7,8.8,11.2,0,0,0,0.0595818764390636,0.0595818764390636,0,0.72,0.72,0,easy_noncoherent,full_fine,default_config,default_coarse,default_refine,single,greedy_combined_B7,white,degree_based_el_sep,"[0,0.24,0.36,0.48,0.6,0.72]","[0,0.36,0.72]","[0,0.24,0.36,0.48,0.6,0.72]",1
8,4,20281628,3,0.16,0.24,0.08,0.12,0.32,0.48,8.2,10,0.2,0,0,0,1,1.27,0.67,30,0.107040508853101,-1,7.34,8.62,10.72,10,7.365,8.635,10.645,9.975,0.0206155281280887,0.0559016994374943,0,16830,131461,7353,9477,7.81111111111111,1,0,202890.401315087,1.39929177353864,7,64,2,1,6.7,9.7,8.8,11.2,0,1.77635683940025e-15,0,0.0595818764390647,0.0595818764390636,0,0.72,0.72,0,easy_noncoherent,coarse_to_fine,default_config,default_coarse,default_refine,single,greedy_combined_B7,white,degree_based_el_sep,"[0,0.24,0.36,0.48,0.6,0.72]","[0,0.36,0.72]","[0,0.24,0.36,0.48,0.6,0.72]",1
9,5,20281629,3,0.16,0.24,0.08,0.12,0.32,0.48,8.2,10,0.2,0,0,0,1,1.27,0.67,30,0.0859038745508691,1,7.34,8.62,10,10.72,7.365,8.635,9.975,10.645,0.0206155281280887,0.0559016994374932,0,131461,131461,0,0,1,1,0,203681.150108023,1.33120649256714,7,64,2,1,6.7,9.7,8.8,11.2,0,0,0,0.0595818764390636,0.0595818764390636,0,0.72,0.72,0,easy_noncoherent,full_fine,default_config,default_coarse,default_refine,single,greedy_combined_B7,white,degree_based_el_sep,"[0,0.24,0.36,0.48,0.6,0.72]","[0,0.36,0.72]","[0,0.24,0.36,0.48,0.6,0.72]",1
10,5,20281629,3,0.16,0.24,0.08,0.12,0.32,0.48,8.2,10,0.2,0,0,0,1,1.27,0.67,30,0.0859038745508691,1,7.34,8.62,10,10.72,7.365,8.635,9.975,10.645,0.0206155281280887,0.0559016994374943,0,16830,131461,7353,9477,7.81111111111111,1,0,203681.150108023,1.33120649256714,7,64,2,1,6.7,9.7,8.8,11.2,0,1.77635683940025e-15,0,0.0595818764390647,0.0595818764390636,0,0.72,0.72,0,easy_noncoherent,coarse_to_fine,default_config,default_coarse,default_refine,single,greedy_combined_B7,white,degree_based_el_sep,"[0,0.24,0.36,0.48,0.6,0.72]","[0,0.36,0.72]","[0,0.24,0.36,0.48,0.6,0.72]",1
11,6,20281630,3,0.16,0.24,0.08,0.12,0.32,0.48,8.2,10,0.2,0,0,0,1,1.27,0.67,30,0.0517296741411027,-1,7.34,8.62,10.72,10,7.365,8.635,10.645,9.975,0.0206155281280887,0.0559016994374932,0,131461,131461,0,0,1,1,0,202223.344867931,1.39929177353864,7,64,2,1,6.7,9.7,8.8,11.2,0,0,0,0.0595818764390636,0.0595818764390636,0,0.72,0.72,0,easy_noncoherent,full_fine,default_config,default_coarse,default_refine,single,greedy_combined_B7,white,degree_based_el_sep,"[0,0.24,0.36,0.48,0.6,0.72]","[0,0.36,0.72]","[0,0.24,0.36,0.48,0.6,0.72]",1
12,6,20281630,3,0.16,0.24,0.08,0.12,0.32,0.48,8.2,10,0.2,0,0,0,1,1.27,0.67,30,0.0517296741411027,-1,7.34,8.62,10.72,10,7.365,8.635,10.645,9.975,0.0206155281280887,0.0559016994374943,0,16830,131461,7353,9477,7.81111111111111,1,0,202223.344867931,1.39929177353864,7,64,2,1,6.7,9.7,8.8,11.2,0,1.77635683940025e-15,2.91038304567337e-11,0.0595818764390647,0.0595818764390636,0,0.72,0.72,0,easy_noncoherent,coarse_to_fine,default_config,default_coarse,default_refine,single,greedy_combined_B7,white,degree_based_el_sep,"[0,0.24,0.36,0.48,0.6,0.72]","[0,0.36,0.72]","[0,0.24,0.36,0.48,0.6,0.72]",1
13,7,20281631,3,0.16,0.24,0.08,0.12,0.32,0.48,8.2,10,0.2,0,0,0,1,1.27,0.67,30,0.127276276257502,1,7.34,8.62,10,10.72,7.365,8.635,9.975,10.645,0.0206155281280887,0.0559016994374932,0,131461,131461,0,0,1,1,0,202784.83840537,1.33120649256714,7,64,2,1,6.7,9.7,8.8,11.2,0,0,0,0.0595818764390636,0.0595818764390636,0,0.72,0.72,0,easy_noncoherent,full_fine,default_config,default_coarse,default_refine,single,greedy_combined_B7,white,degree_based_el_sep,"[0,0.24,0.36,0.48,0.6,0.72]","[0,0.36,0.72]","[0,0.24,0.36,0.48,0.6,0.72]",1
14,7,20281631,3,0.16,0.24,0.08,0.12,0.32,0.48,8.2,10,0.2,0,0,0,1,1.27,0.67,30,0.127276276257502,1,7.34,8.62,10,10.72,7.365,8.635,9.975,10.645,0.0206155281280887,0.0559016994374943,0,16830,131461,7353,9477,7.81111111111111,1,0,202784.83840537,1.33120649256714,7,64,2,1,6.7,9.7,8.8,11.2,0,1.77635683940025e-15,0,0.0595818764390647,0.0595818764390636,0,0.72,0.72,0,easy_noncoherent,coarse_to_fine,default_config,default_coarse,default_refine,single,greedy_combined_B7,white,degree_based_el_sep,"[0,0.24,0.36,0.48,0.6,0.72]","[0,0.36,0.72]","[0,0.24,0.36,0.48,0.6,0.72]",1
15,8,20281632,3,0.16,0.24,0.08,0.12,0.32,0.48,8.2,10,0.2,0,0,0,1,1.27,0.67,30,0.037700338232185,-1,7.34,8.62,10.72,10,7.365,8.635,10.645,9.975,0.0206155281280887,0.0559016994374932,0,131461,131461,0,0,1,1,0,204050.445934819,1.39929177353864,7,64,2,1,6.7,9.7,8.8,11.2,0,0,0,0.0595818764390636,0.0595818764390636,0,0.72,0.72,0,easy_noncoherent,full_fine,default_config,default_coarse,default_refine,single,greedy_combined_B7,white,degree_based_el_sep,"[0,0.24,0.36,0.48,0.6,0.72]","[0,0.36,0.72]","[0,0.24,0.36,0.48,0.6,0.72]",1
16,8,20281632,3,0.16,0.24,0.08,0.12,0.32,0.48,8.2,10,0.2,0,0,0,1,1.27,0.67,30,0.037700338232185,-1,7.34,8.62,10.72,10,7.365,8.635,10.645,9.975,0.0206155281280887,0.0559016994374943,0,16830,131461,7353,9477,7.81111111111111,1,0,204050.445934819,1.39929177353864,7,64,2,1,6.7,9.7,8.8,11.2,0,1.77635683940025e-15,-5.82076609134674e-11,0.0595818764390647,0.0595818764390636,0,0.72,0.72,0,easy_noncoherent,coarse_to_fine,default_config,default_coarse,default_refine,single,greedy_combined_B7,white,degree_based_el_sep,"[0,0.24,0.36,0.48,0.6,0.72]","[0,0.36,0.72]","[0,0.24,0.36,0.48,0.6,0.72]",1
17,9,20281633,3,0.16,0.24,0.08,0.12,0.32,0.48,8.2,10,0.2,0,0,0,1,1.27,0.67,30,0.0815102117686697,1,7.34,8.62,10,10.72,7.365,8.635,9.975,10.645,0.0206155281280887,0.0559016994374932,0,131461,131461,0,0,1,1,0,204717.606180974,1.33120649256714,7,64,2,1,6.7,9.7,8.8,11.2,0,0,0,0.0595818764390636,0.0595818764390636,0,0.72,0.72,0,easy_noncoherent,full_fine,default_config,default_coarse,default_refine,single,greedy_combined_B7,white,degree_based_el_sep,"[0,0.24,0.36,0.48,0.6,0.72]","[0,0.36,0.72]","[0,0.24,0.36,0.48,0.6,0.72]",1
18,9,20281633,3,0.16,0.24,0.08,0.12,0.32,0.48,8.2,10,0.2,0,0,0,1,1.27,0.67,30,0.0815102117686697,1,7.34,8.62,10,10.72,7.365,8.635,9.975,10.645,0.0206155281280887,0.0559016994374943,0,16830,131461,7353,9477,7.81111111111111,1,0,204717.606180974,1.33120649256714,7,64,2,1,6.7,9.7,8.8,11.2,0,1.77635683940025e-15,0,0.0595818764390647,0.0595818764390636,0,0.72,0.72,0,easy_noncoherent,coarse_to_fine,default_config,default_coarse,default_refine,single,greedy_combined_B7,white,degree_based_el_sep,"[0,0.24,0.36,0.48,0.6,0.72]","[0,0.36,0.72]","[0,0.24,0.36,0.48,0.6,0.72]",1
19,10,20281634,3,0.16,0.24,0.08,0.12,0.32,0.48,8.2,10,0.2,0,0,0,1,1.27,0.67,30,0.0476932622907164,-1,7.34,8.62,10.72,10,7.365,8.635,10.645,9.975,0.0206155281280887,0.0559016994374932,0,131461,131461,0,0,1,1,0,202807.482486882,1.39929177353864,7,64,2,1,6.7,9.7,8.8,11.2,0,0,0,0.0595818764390636,0.0595818764390636,0,0.72,0.72,0,easy_noncoherent,full_fine,default_config,default_coarse,default_refine,single,greedy_combined_B7,white,degree_based_el_sep,"[0,0.24,0.36,0.48,0.6,0.72]","[0,0.36,0.72]","[0,0.24,0.36,0.48,0.6,0.72]",1
20,10,20281634,3,0.16,0.24,0.08,0.12,0.32,0.48,8.2,10,0.2,0,0,0,1,1.27,0.67,30,0.0476932622907164,-1,7.34,8.62,10.72,10,7.365,8.635,10.645,9.975,0.0206155281280887,0.0559016994374943,0,16830,131461,7353,9477,7.81111111111111,1,0,202807.482486882,1.39929177353864,7,64,2,1,6.7,9.7,8.8,11.2,0,1.77635683940025e-15,0,0.0595818764390647,0.0595818764390636,0,0.72,0.72,0,easy_noncoherent,coarse_to_fine,default_config,default_coarse,default_refine,single,greedy_combined_B7,white,degree_based_el_sep,"[0,0.24,0.36,0.48,0.6,0.72]","[0,0.36,0.72]","[0,0.24,0.36,0.48,0.6,0.72]",1
21,1,20282625,3,0.16,0.24,0.08,0.12,0.32,0.48,8.2,10,0.2,0,0.99,5,1,1.27,0.37,30,0.989862204454047,1,7.34,8.62,10.18,10.54,7.365,8.635,10.125,10.495,0.0206155281280887,0.0502493781056035,0,131461,131461,0,0,1,1,0,199420.324204501,1.30127211658809,7,64,2,1,6.7,9.7,8.8,11.2,0,0,0,0.0543139024560003,0.0543139024560003,0,0.36,0.36,0,strong_coherent,full_fine,default_config,default_coarse,default_refine,single,greedy_combined_B7,white,degree_based_el_sep,"[0,0.24,0.36,0.48,0.6,0.72]","[0,0.36,0.72]","[0,0.24,0.36,0.48,0.6,0.72]",1
22,1,20282625,3,0.16,0.24,0.08,0.12,0.32,0.48,8.2,10,0.2,0,0.99,5,1,1.27,0.37,30,0.989862204454047,1,7.34,8.62,10.18,10.54,7.365,8.635,10.125,10.495,0.0206155281280887,0.0502493781056035,0,16830,131461,7353,9477,7.81111111111111,1,0,199420.324204501,1.30127211658809,7,64,2,1,6.7,9.7,8.8,11.2,0,0,0,0.0543139024560003,0.0543139024560003,0,0.36,0.36,0,strong_coherent,coarse_to_fine,default_config,default_coarse,default_refine,single,greedy_combined_B7,white,degree_based_el_sep,"[0,0.24,0.36,0.48,0.6,0.72]","[0,0.36,0.72]","[0,0.24,0.36,0.48,0.6,0.72]",1
23,2,20282626,3,0.16,0.24,0.08,0.12,0.32,0.48,8.2,10,0.2,0,0.99,5,1,1.27,0.37,30,0.990425823169431,-1,7.34,8.62,10.54,10.18,7.365,8.635,10.495,10.125,0.0206155281280887,0.0502493781056035,0,131461,131461,0,0,1,1,0,191923.109372381,1.33581280312205,7,64,2,1,6.7,9.7,8.8,11.2,0,0,0,0.0543139024560003,0.0543139024560003,0,0.36,0.36,0,strong_coherent,full_fine,default_config,default_coarse,default_refine,single,greedy_combined_B7,white,degree_based_el_sep,"[0,0.24,0.36,0.48,0.6,0.72]","[0,0.36,0.72]","[0,0.24,0.36,0.48,0.6,0.72]",1
24,2,20282626,3,0.16,0.24,0.08,0.12,0.32,0.48,8.2,10,0.2,0,0.99,5,1,1.27,0.37,30,0.990425823169431,-1,7.34,8.62,10.54,10.18,7.365,8.635,10.495,10.125,0.0206155281280887,0.0502493781056035,0,16830,131461,7353,9477,7.81111111111111,1,0,191923.109372381,1.33581280312205,7,64,2,1,6.7,9.7,8.8,11.2,0,0,-2.91038304567337e-11,0.0543139024560003,0.0543139024560003,0,0.36,0.36,0,strong_coherent,coarse_to_fine,default_config,default_coarse,default_refine,single,greedy_combined_B7,white,degree_based_el_sep,"[0,0.24,0.36,0.48,0.6,0.72]","[0,0.36,0.72]","[0,0.24,0.36,0.48,0.6,0.72]",1
25,3,20282627,3,0.16,0.24,0.08,0.12,0.32,0.48,8.2,10,0.2,0,0.99,5,1,1.27,0.37,30,0.989925396504894,1,7.34,8.62,10.18,10.54,7.365,8.635,10.125,10.495,0.0206155281280887,0.0502493781056035,0,131461,131461,0,0,1,1,0,199416.377128027,1.30127211658809,7,64,2,1,6.7,9.7,8.8,11.2,0,0,0,0.0543139024560003,0.0543139024560003,0,0.36,0.36,0,strong_coherent,full_fine,default_config,default_coarse,default_refine,single,greedy_combined_B7,white,degree_based_el_sep,"[0,0.24,0.36,0.48,0.6,0.72]","[0,0.36,0.72]","[0,0.24,0.36,0.48,0.6,0.72]",1
26,3,20282627,3,0.16,0.24,0.08,0.12,0.32,0.48,8.2,10,0.2,0,0.99,5,1,1.27,0.37,30,0.989925396504894,1,7.34,8.62,10.18,10.54,7.365,8.635,10.125,10.495,0.0206155281280887,0.0502493781056035,0,16830,131461,7353,9477,7.81111111111111,1,0,199416.377128027,1.30127211658809,7,64,2,1,6.7,9.7,8.8,11.2,0,0,5.82076609134674e-11,0.0543139024560003,0.0543139024560003,0,0.36,0.36,0,strong_coherent,coarse_to_fine,default_config,default_coarse,default_refine,single,greedy_combined_B7,white,degree_based_el_sep,"[0,0.24,0.36,0.48,0.6,0.72]","[0,0.36,0.72]","[0,0.24,0.36,0.48,0.6,0.72]",1
27,4,20282628,3,0.16,0.24,0.08,0.12,0.32,0.48,8.2,10,0.2,0,0.99,5,1,1.27,0.37,30,0.990551772985188,-1,7.34,8.62,10.54,10.18,7.365,8.635,10.495,10.125,0.0206155281280887,0.0502493781056035,0,131461,131461,0,0,1,1,0,192244.310312847,1.33581280312205,7,64,2,1,6.7,9.7,8.8,11.2,0,0,0,0.0543139024560003,0.0543139024560003,0,0.36,0.36,0,strong_coherent,full_fine,default_config,default_coarse,default_refine,single,greedy_combined_B7,white,degree_based_el_sep,"[0,0.24,0.36,0.48,0.6,0.72]","[0,0.36,0.72]","[0,0.24,0.36,0.48,0.6,0.72]",1
28,4,20282628,3,0.16,0.24,0.08,0.12,0.32,0.48,8.2,10,0.2,0,0.99,5,1,1.27,0.37,30,0.990551772985188,-1,7.34,8.62,10.54,10.18,7.365,8.635,10.495,10.125,0.0206155281280887,0.0502493781056035,0,16830,131461,7353,9477,7.81111111111111,1,0,192244.310312847,1.33581280312205,7,64,2,1,6.7,9.7,8.8,11.2,0,0,2.91038304567337e-11,0.0543139024560003,0.0543139024560003,0,0.36,0.36,0,strong_coherent,coarse_to_fine,default_config,default_coarse,default_refine,single,greedy_combined_B7,white,degree_based_el_sep,"[0,0.24,0.36,0.48,0.6,0.72]","[0,0.36,0.72]","[0,0.24,0.36,0.48,0.6,0.72]",1
29,5,20282629,3,0.16,0.24,0.08,0.12,0.32,0.48,8.2,10,0.2,0,0.99,5,1,1.27,0.37,30,0.989815913051026,1,7.34,8.62,10.18,10.54,7.365,8.635,10.125,10.495,0.0206155281280887,0.0502493781056035,0,131461,131461,0,0,1,1,0,199234.001057517,1.30127211658809,7,64,2,1,6.7,9.7,8.8,11.2,0,0,0,0.0543139024560003,0.0543139024560003,0,0.36,0.36,0,strong_coherent,full_fine,default_config,default_coarse,default_refine,single,greedy_combined_B7,white,degree_based_el_sep,"[0,0.24,0.36,0.48,0.6,0.72]","[0,0.36,0.72]","[0,0.24,0.36,0.48,0.6,0.72]",1
30,5,20282629,3,0.16,0.24,0.08,0.12,0.32,0.48,8.2,10,0.2,0,0.99,5,1,1.27,0.37,30,0.989815913051026,1,7.34,8.62,10.18,10.54,7.365,8.635,10.125,10.495,0.0206155281280887,0.0502493781056035,0,16830,131461,7353,9477,7.81111111111111,1,0,199234.001057517,1.30127211658809,7,64,2,1,6.7,9.7,8.8,11.2,0,0,0,0.0543139024560003,0.0543139024560003,0,0.36,0.36,0,strong_coherent,coarse_to_fine,default_config,default_coarse,default_refine,single,greedy_combined_B7,white,degree_based_el_sep,"[0,0.24,0.36,0.48,0.6,0.72]","[0,0.36,0.72]","[0,0.24,0.36,0.48,0.6,0.72]",1
31,6,20282630,3,0.16,0.24,0.08,0.12,0.32,0.48,8.2,10,0.2,0,0.99,5,1,1.27,0.37,30,0.990129444056459,-1,7.34,8.62,10.54,10.18,7.365,8.635,10.495,10.125,0.0206155281280887,0.0502493781056035,0,131461,131461,0,0,1,1,0,191835.35393573,1.33581280312205,7,64,2,1,6.7,9.7,8.8,11.2,0,0,0,0.0543139024560003,0.0543139024560003,0,0.36,0.36,0,strong_coherent,full_fine,default_config,default_coarse,default_refine,single,greedy_combined_B7,white,degree_based_el_sep,"[0,0.24,0.36,0.48,0.6,0.72]","[0,0.36,0.72]","[0,0.24,0.36,0.48,0.6,0.72]",1
32,6,20282630,3,0.16,0.24,0.08,0.12,0.32,0.48,8.2,10,0.2,0,0.99,5,1,1.27,0.37,30,0.990129444056459,-1,7.34,8.62,10.54,10.18,7.365,8.635,10.495,10.125,0.0206155281280887,0.0502493781056035,0,16830,131461,7353,9477,7.81111111111111,1,0,191835.35393573,1.33581280312205,7,64,2,1,6.7,9.7,8.8,11.2,0,0,0,0.0543139024560003,0.0543139024560003,0,0.36,0.36,0,strong_coherent,coarse_to_fine,default_config,default_coarse,default_refine,single,greedy_combined_B7,white,degree_based_el_sep,"[0,0.24,0.36,0.48,0.6,0.72]","[0,0.36,0.72]","[0,0.24,0.36,0.48,0.6,0.72]",1
33,7,20282631,3,0.16,0.24,0.08,0.12,0.32,0.48,8.2,10,0.2,0,0.99,5,1,1.27,0.37,30,0.990228577235136,1,7.34,8.62,10.18,10.54,7.365,8.635,10.125,10.495,0.0206155281280887,0.0502493781056035,0,131461,131461,0,0,1,1,0,199355.127153639,1.30127211658809,7,64,2,1,6.7,9.7,8.8,11.2,0,0,0,0.0543139024560003,0.0543139024560003,0,0.36,0.36,0,strong_coherent,full_fine,default_config,default_coarse,default_refine,single,greedy_combined_B7,white,degree_based_el_sep,"[0,0.24,0.36,0.48,0.6,0.72]","[0,0.36,0.72]","[0,0.24,0.36,0.48,0.6,0.72]",1
34,7,20282631,3,0.16,0.24,0.08,0.12,0.32,0.48,8.2,10,0.2,0,0.99,5,1,1.27,0.37,30,0.990228577235136,1,7.34,8.62,10.18,10.54,7.365,8.635,10.125,10.495,0.0206155281280887,0.0502493781056035,0,16830,131461,7353,9477,7.81111111111111,1,0,199355.127153639,1.30127211658809,7,64,2,1,6.7,9.7,8.8,11.2,0,0,0,0.0543139024560003,0.0543139024560003,0,0.36,0.36,0,strong_coherent,coarse_to_fine,default_config,default_coarse,default_refine,single,greedy_combined_B7,white,degree_based_el_sep,"[0,0.24,0.36,0.48,0.6,0.72]","[0,0.36,0.72]","[0,0.24,0.36,0.48,0.6,0.72]",1
35,8,20282632,3,0.16,0.24,0.08,0.12,0.32,0.48,8.2,10,0.2,0,0.99,5,1,1.27,0.37,30,0.989972037567085,-1,7.34,8.62,10.54,10.18,7.365,8.635,10.495,10.125,0.0206155281280887,0.0502493781056035,0,131461,131461,0,0,1,1,0,191903.616267556,1.33581280312205,7,64,2,1,6.7,9.7,8.8,11.2,0,0,0,0.0543139024560003,0.0543139024560003,0,0.36,0.36,0,strong_coherent,full_fine,default_config,default_coarse,default_refine,single,greedy_combined_B7,white,degree_based_el_sep,"[0,0.24,0.36,0.48,0.6,0.72]","[0,0.36,0.72]","[0,0.24,0.36,0.48,0.6,0.72]",1
36,8,20282632,3,0.16,0.24,0.08,0.12,0.32,0.48,8.2,10,0.2,0,0.99,5,1,1.27,0.37,30,0.989972037567085,-1,7.34,8.62,10.54,10.18,7.365,8.635,10.495,10.125,0.0206155281280887,0.0502493781056035,0,16830,131461,7353,9477,7.81111111111111,1,0,191903.616267556,1.33581280312205,7,64,2,1,6.7,9.7,8.8,11.2,0,0,2.91038304567337e-11,0.0543139024560003,0.0543139024560003,0,0.36,0.36,0,strong_coherent,coarse_to_fine,default_config,default_coarse,default_refine,single,greedy_combined_B7,white,degree_based_el_sep,"[0,0.24,0.36,0.48,0.6,0.72]","[0,0.36,0.72]","[0,0.24,0.36,0.48,0.6,0.72]",1
37,9,20282633,3,0.16,0.24,0.08,0.12,0.32,0.48,8.2,10,0.2,0,0.99,5,1,1.27,0.37,30,0.9902421704813,1,7.34,8.62,10.18,10.54,7.365,8.635,10.125,10.495,0.0206155281280887,0.0502493781056035,0,131461,131461,0,0,1,1,0,199419.645114245,1.30127211658809,7,64,2,1,6.7,9.7,8.8,11.2,0,0,0,0.0543139024560003,0.0543139024560003,0,0.36,0.36,0,strong_coherent,full_fine,default_config,default_coarse,default_refine,single,greedy_combined_B7,white,degree_based_el_sep,"[0,0.24,0.36,0.48,0.6,0.72]","[0,0.36,0.72]","[0,0.24,0.36,0.48,0.6,0.72]",1
38,9,20282633,3,0.16,0.24,0.08,0.12,0.32,0.48,8.2,10,0.2,0,0.99,5,1,1.27,0.37,30,0.9902421704813,1,7.34,8.62,10.18,10.54,7.365,8.635,10.125,10.495,0.0206155281280887,0.0502493781056035,0,16830,131461,7353,9477,7.81111111111111,1,0,199419.645114245,1.30127211658809,7,64,2,1,6.7,9.7,8.8,11.2,0,0,0,0.0543139024560003,0.0543139024560003,0,0.36,0.36,0,strong_coherent,coarse_to_fine,default_config,default_coarse,default_refine,single,greedy_combined_B7,white,degree_based_el_sep,"[0,0.24,0.36,0.48,0.6,0.72]","[0,0.36,0.72]","[0,0.24,0.36,0.48,0.6,0.72]",1
39,10,20282634,3,0.16,0.24,0.08,0.12,0.32,0.48,8.2,10,0.2,0,0.99,5,1,1.27,0.37,30,0.989945493599183,-1,7.34,8.62,10.54,10.18,7.365,8.635,10.495,10.125,0.0206155281280887,0.0502493781056035,0,131461,131461,0,0,1,1,0,192365.355997243,1.33581280312205,7,64,2,1,6.7,9.7,8.8,11.2,0,0,0,0.0543139024560003,0.0543139024560003,0,0.36,0.36,0,strong_coherent,full_fine,default_config,default_coarse,default_refine,single,greedy_combined_B7,white,degree_based_el_sep,"[0,0.24,0.36,0.48,0.6,0.72]","[0,0.36,0.72]","[0,0.24,0.36,0.48,0.6,0.72]",1
40,10,20282634,3,0.16,0.24,0.08,0.12,0.32,0.48,8.2,10,0.2,0,0.99,5,1,1.27,0.37,30,0.989945493599183,-1,7.34,8.62,10.54,10.18,7.365,8.635,10.495,10.125,0.0206155281280887,0.0502493781056035,0,16830,131461,7353,9477,7.81111111111111,1,0,192365.355997243,1.33581280312205,7,64,2,1,6.7,9.7,8.8,11.2,0,0,5.82076609134674e-11,0.0543139024560003,0.0543139024560003,0,0.36,0.36,0,strong_coherent,coarse_to_fine,default_config,default_coarse,default_refine,single,greedy_combined_B7,white,degree_based_el_sep,"[0,0.24,0.36,0.48,0.6,0.72]","[0,0.36,0.72]","[0,0.24,0.36,0.48,0.6,0.72]",1
41,1,20283625,3,0.16,0.24,0.08,0.12,0.32,0.48,8.2,10,0.2,0,0.99,150,1,0.83,0.37,30,0.990008923497627,1,7.58,8.38,10.18,10.54,7.585,8.415,10.125,10.495,0.0249999999999988,0.0502493781056035,0,131461,131461,0,0,1,1,0,140947.924446665,2.22292936434994,7,64,2,1,6.7,9.7,8.8,11.2,0,0,0,0.0561248608016077,0.0561248608016077,0,0.36,0.36,0,hard_phase,full_fine,default_config,default_coarse,default_refine,single,greedy_combined_B7,white,degree_based_el_sep,"[0,0.24,0.36,0.48,0.6,0.72]","[0,0.36,0.72]","[0,0.24,0.36,0.48,0.6,0.72]",1
42,1,20283625,3,0.16,0.24,0.08,0.12,0.32,0.48,8.2,10,0.2,0,0.99,150,1,0.83,0.37,30,0.990008923497627,1,7.58,8.38,10.18,10.54,7.585,8.415,10.125,10.495,0.0249999999999988,0.0502493781056035,0,19881,131461,7353,12528,6.61239374276948,1,0,140947.924446665,2.22292936434994,7,64,2,1,6.7,9.7,8.8,11.2,0,0,2.91038304567337e-11,0.0561248608016077,0.0561248608016077,0,0.36,0.36,0,hard_phase,coarse_to_fine,default_config,default_coarse,default_refine,single,greedy_combined_B7,white,degree_based_el_sep,"[0,0.24,0.36,0.48,0.6,0.72]","[0,0.36,0.72]","[0,0.24,0.36,0.48,0.6,0.72]",1
43,2,20283626,3,0.16,0.24,0.08,0.12,0.32,0.48,8.2,10,0.2,0,0.99,150,1,0.83,0.37,30,0.990134754125442,-1,7.58,8.46,10.54,10.18,7.585,8.415,10.495,10.125,0.0320156211871654,0.0502493781056035,0,131461,131461,0,0,1,1,0,179163.424970588,1.82475105545851,7,64,2,1,6.7,9.7,8.8,11.2,0,0,0,0.0595818764390647,0.0595818764390647,0,0.36,0.36,0,hard_phase,full_fine,default_config,default_coarse,default_refine,single,greedy_combined_B7,white,degree_based_el_sep,"[0,0.24,0.36,0.48,0.6,0.72]","[0,0.36,0.72]","[0,0.24,0.36,0.48,0.6,0.72]",1
44,2,20283626,3,0.16,0.24,0.08,0.12,0.32,0.48,8.2,10,0.2,0,0.99,150,1,0.83,0.37,30,0.990134754125442,-1,7.58,8.46,10.54,10.18,7.585,8.415,10.495,10.125,0.0320156211871654,0.0502493781056035,0,18837,131461,7353,11484,6.97887137017572,1,0,179163.424970588,1.82475105545851,7,64,2,1,6.7,9.7,8.8,11.2,0,0,0,0.0595818764390647,0.0595818764390647,0,0.36,0.36,0,hard_phase,coarse_to_fine,default_config,default_coarse,default_refine,single,greedy_combined_B7,white,degree_based_el_sep,"[0,0.24,0.36,0.48,0.6,0.72]","[0,0.36,0.72]","[0,0.24,0.36,0.48,0.6,0.72]",1
45,3,20283627,3,0.16,0.24,0.08,0.12,0.32,0.48,8.2,10,0.2,0,0.99,150,1,0.83,0.37,30,0.990047565371834,1,7.58,8.38,10.18,10.54,7.585,8.415,10.125,10.495,0.0249999999999988,0.0502493781056035,0,131461,131461,0,0,1,1,0,141035.533858443,2.22292936434994,7,64,2,1,6.7,9.7,8.8,11.2,0,0,0,0.0561248608016077,0.0561248608016077,0,0.36,0.36,0,hard_phase,full_fine,default_config,default_coarse,default_refine,single,greedy_combined_B7,white,degree_based_el_sep,"[0,0.24,0.36,0.48,0.6,0.72]","[0,0.36,0.72]","[0,0.24,0.36,0.48,0.6,0.72]",1
46,3,20283627,3,0.16,0.24,0.08,0.12,0.32,0.48,8.2,10,0.2,0,0.99,150,1,0.83,0.37,30,0.990047565371834,1,7.58,8.38,10.18,10.54,7.585,8.415,10.125,10.495,0.0249999999999988,0.0502493781056035,0,19881,131461,7353,12528,6.61239374276948,1,0,141035.533858443,2.22292936434994,7,64,2,1,6.7,9.7,8.8,11.2,0,0,2.91038304567337e-11,0.0561248608016077,0.0561248608016077,0,0.36,0.36,0,hard_phase,coarse_to_fine,default_config,default_coarse,default_refine,single,greedy_combined_B7,white,degree_based_el_sep,"[0,0.24,0.36,0.48,0.6,0.72]","[0,0.36,0.72]","[0,0.24,0.36,0.48,0.6,0.72]",1
47,4,20283628,3,0.16,0.24,0.08,0.12,0.32,0.48,8.2,10,0.2,0,0.99,150,1,0.83,0.37,30,0.989943920747423,-1,7.58,8.46,10.54,10.18,7.585,8.415,10.495,10.125,0.0320156211871654,0.0502493781056035,0,131461,131461,0,0,1,1,0,177061.581983058,1.82475105545851,7,64,2,1,6.7,9.7,8.8,11.2,0,0,0,0.0595818764390647,0.0595818764390647,0,0.36,0.36,0,hard_phase,full_fine,default_config,default_coarse,default_refine,single,greedy_combined_B7,white,degree_based_el_sep,"[0,0.24,0.36,0.48,0.6,0.72]","[0,0.36,0.72]","[0,0.24,0.36,0.48,0.6,0.72]",1
48,4,20283628,3,0.16,0.24,0.08,0.12,0.32,0.48,8.2,10,0.2,0,0.99,150,1,0.83,0.37,30,0.989943920747423,-1,7.58,8.46,10.54,10.18,7.585,8.415,10.495,10.125,0.0320156211871654,0.0502493781056035,0,18837,131461,7353,11484,6.97887137017572,1,0,177061.581983058,1.82475105545851,7,64,2,1,6.7,9.7,8.8,11.2,0,0,2.91038304567337e-11,0.0595818764390647,0.0595818764390647,0,0.36,0.36,0,hard_phase,coarse_to_fine,default_config,default_coarse,default_refine,single,greedy_combined_B7,white,degree_based_el_sep,"[0,0.24,0.36,0.48,0.6,0.72]","[0,0.36,0.72]","[0,0.24,0.36,0.48,0.6,0.72]",1
49,5,20283629,3,0.16,0.24,0.08,0.12,0.32,0.48,8.2,10,0.2,0,0.99,150,1,0.83,0.37,30,0.990263006643645,1,7.58,8.38,10.18,10.54,7.585,8.415,10.125,10.495,0.0249999999999988,0.0502493781056035,0,131461,131461,0,0,1,1,0,141116.787912592,2.22292936434994,7,64,2,1,6.7,9.7,8.8,11.2,0,0,0,0.0561248608016077,0.0561248608016077,0,0.36,0.36,0,hard_phase,full_fine,default_config,default_coarse,default_refine,single,greedy_combined_B7,white,degree_based_el_sep,"[0,0.24,0.36,0.48,0.6,0.72]","[0,0.36,0.72]","[0,0.24,0.36,0.48,0.6,0.72]",1
50,5,20283629,3,0.16,0.24,0.08,0.12,0.32,0.48,8.2,10,0.2,0,0.99,150,1,0.83,0.37,30,0.990263006643645,1,7.58,8.38,10.18,10.54,7.585,8.415,10.125,10.495,0.0249999999999988,0.0502493781056035,0,19881,131461,7353,12528,6.61239374276948,1,0,141116.787912592,2.22292936434994,7,64,2,1,6.7,9.7,8.8,11.2,0,0,2.91038304567337e-11,0.0561248608016077,0.0561248608016077,0,0.36,0.36,0,hard_phase,coarse_to_fine,default_config,default_coarse,default_refine,single,greedy_combined_B7,white,degree_based_el_sep,"[0,0.24,0.36,0.48,0.6,0.72]","[0,0.36,0.72]","[0,0.24,0.36,0.48,0.6,0.72]",1
51,6,20283630,3,0.16,0.24,0.08,0.12,0.32,0.48,8.2,10,0.2,0,0.99,150,1,0.83,0.37,30,0.989976368175357,-1,7.58,8.46,10.54,10.18,7.585,8.415,10.495,10.125,0.0320156211871654,0.0502493781056035,0,131461,131461,0,0,1,1,0,177321.832771134,1.82475105545851,7,64,2,1,6.7,9.7,8.8,11.2,0,0,0,0.0595818764390647,0.0595818764390647,0,0.36,0.36,0,hard_phase,full_fine,default_config,default_coarse,default_refine,single,greedy_combined_B7,white,degree_based_el_sep,"[0,0.24,0.36,0.48,0.6,0.72]","[0,0.36,0.72]","[0,0.24,0.36,0.48,0.6,0.72]",1
52,6,20283630,3,0.16,0.24,0.08,0.12,0.32,0.48,8.2,10,0.2,0,0.99,150,1,0.83,0.37,30,0.989976368175357,-1,7.58,8.46,10.54,10.18,7.585,8.415,10.495,10.125,0.0320156211871654,0.0502493781056035,0,18837,131461,7353,11484,6.97887137017572,1,0,177321.832771134,1.82475105545851,7,64,2,1,6.7,9.7,8.8,11.2,0,0,-5.82076609134674e-11,0.0595818764390647,0.0595818764390647,0,0.36,0.36,0,hard_phase,coarse_to_fine,default_config,default_coarse,default_refine,single,greedy_combined_B7,white,degree_based_el_sep,"[0,0.24,0.36,0.48,0.6,0.72]","[0,0.36,0.72]","[0,0.24,0.36,0.48,0.6,0.72]",1
53,7,20283631,3,0.16,0.24,0.08,0.12,0.32,0.48,8.2,10,0.2,0,0.99,150,1,0.83,0.37,30,0.990584298683148,1,7.58,8.38,10.18,10.54,7.585,8.415,10.125,10.495,0.0249999999999988,0.0502493781056035,0,131461,131461,0,0,1,1,0,140924.423175821,2.22292936434994,7,64,2,1,6.7,9.7,8.8,11.2,0,0,0,0.0561248608016077,0.0561248608016077,0,0.36,0.36,0,hard_phase,full_fine,default_config,default_coarse,default_refine,single,greedy_combined_B7,white,degree_based_el_sep,"[0,0.24,0.36,0.48,0.6,0.72]","[0,0.36,0.72]","[0,0.24,0.36,0.48,0.6,0.72]",1
54,7,20283631,3,0.16,0.24,0.08,0.12,0.32,0.48,8.2,10,0.2,0,0.99,150,1,0.83,0.37,30,0.990584298683148,1,7.58,8.38,10.18,10.54,7.585,8.415,10.125,10.495,0.0249999999999988,0.0502493781056035,0,19881,131461,7353,12528,6.61239374276948,1,0,140924.423175821,2.22292936434994,7,64,2,1,6.7,9.7,8.8,11.2,0,0,2.91038304567337e-11,0.0561248608016077,0.0561248608016077,0,0.36,0.36,0,hard_phase,coarse_to_fine,default_config,default_coarse,default_refine,single,greedy_combined_B7,white,degree_based_el_sep,"[0,0.24,0.36,0.48,0.6,0.72]","[0,0.36,0.72]","[0,0.24,0.36,0.48,0.6,0.72]",1
55,8,20283632,3,0.16,0.24,0.08,0.12,0.32,0.48,8.2,10,0.2,0,0.99,150,1,0.83,0.37,30,0.990070960008766,-1,7.58,8.46,10.54,10.18,7.585,8.415,10.495,10.125,0.0320156211871654,0.0502493781056035,0,131461,131461,0,0,1,1,0,176624.53003476,1.82475105545851,7,64,2,1,6.7,9.7,8.8,11.2,0,0,0,0.0595818764390647,0.0595818764390647,0,0.36,0.36,0,hard_phase,full_fine,default_config,default_coarse,default_refine,single,greedy_combined_B7,white,degree_based_el_sep,"[0,0.24,0.36,0.48,0.6,0.72]","[0,0.36,0.72]","[0,0.24,0.36,0.48,0.6,0.72]",1
56,8,20283632,3,0.16,0.24,0.08,0.12,0.32,0.48,8.2,10,0.2,0,0.99,150,1,0.83,0.37,30,0.990070960008766,-1,7.58,8.46,10.54,10.18,7.585,8.415,10.495,10.125,0.0320156211871654,0.0502493781056035,0,18837,131461,7353,11484,6.97887137017572,1,0,176624.53003476,1.82475105545851,7,64,2,1,6.7,9.7,8.8,11.2,0,0,5.82076609134674e-11,0.0595818764390647,0.0595818764390647,0,0.36,0.36,0,hard_phase,coarse_to_fine,default_config,default_coarse,default_refine,single,greedy_combined_B7,white,degree_based_el_sep,"[0,0.24,0.36,0.48,0.6,0.72]","[0,0.36,0.72]","[0,0.24,0.36,0.48,0.6,0.72]",1
57,9,20283633,3,0.16,0.24,0.08,0.12,0.32,0.48,8.2,10,0.2,0,0.99,150,1,0.83,0.37,30,0.989835486292567,1,7.58,8.38,10.18,10.54,7.585,8.415,10.125,10.495,0.0249999999999988,0.0502493781056035,0,131461,131461,0,0,1,1,0,140979.814705686,2.22292936434994,7,64,2,1,6.7,9.7,8.8,11.2,0,0,0,0.0561248608016077,0.0561248608016077,0,0.36,0.36,0,hard_phase,full_fine,default_config,default_coarse,default_refine,single,greedy_combined_B7,white,degree_based_el_sep,"[0,0.24,0.36,0.48,0.6,0.72]","[0,0.36,0.72]","[0,0.24,0.36,0.48,0.6,0.72]",1
58,9,20283633,3,0.16,0.24,0.08,0.12,0.32,0.48,8.2,10,0.2,0,0.99,150,1,0.83,0.37,30,0.989835486292567,1,7.58,8.38,10.18,10.54,7.585,8.415,10.125,10.495,0.0249999999999988,0.0502493781056035,0,19881,131461,7353,12528,6.61239374276948,1,0,140979.814705686,2.22292936434994,7,64,2,1,6.7,9.7,8.8,11.2,0,0,2.91038304567337e-11,0.0561248608016077,0.0561248608016077,0,0.36,0.36,0,hard_phase,coarse_to_fine,default_config,default_coarse,default_refine,single,greedy_combined_B7,white,degree_based_el_sep,"[0,0.24,0.36,0.48,0.6,0.72]","[0,0.36,0.72]","[0,0.24,0.36,0.48,0.6,0.72]",1
59,10,20283634,3,0.16,0.24,0.08,0.12,0.32,0.48,8.2,10,0.2,0,0.99,150,1,0.83,0.37,30,0.989973699205618,-1,7.58,8.46,10.54,10.18,7.585,8.415,10.495,10.125,0.0320156211871654,0.0502493781056035,0,131461,131461,0,0,1,1,0,178862.098908151,1.82475105545851,7,64,2,1,6.7,9.7,8.8,11.2,0,0,0,0.0595818764390647,0.0595818764390647,0,0.36,0.36,0,hard_phase,full_fine,default_config,default_coarse,default_refine,single,greedy_combined_B7,white,degree_based_el_sep,"[0,0.24,0.36,0.48,0.6,0.72]","[0,0.36,0.72]","[0,0.24,0.36,0.48,0.6,0.72]",1
60,10,20283634,3,0.16,0.24,0.08,0.12,0.32,0.48,8.2,10,0.2,0,0.99,150,1,0.83,0.37,30,0.989973699205618,-1,7.58,8.46,10.54,10.18,7.585,8.415,10.495,10.125,0.0320156211871654,0.0502493781056035,0,18837,131461,7353,11484,6.97887137017572,1,0,178862.098908151,1.82475105545851,7,64,2,1,6.7,9.7,8.8,11.2,0,0,0,0.0595818764390647,0.0595818764390647,0,0.36,0.36,0,hard_phase,coarse_to_fine,default_config,default_coarse,default_refine,single,greedy_combined_B7,white,degree_based_el_sep,"[0,0.24,0.36,0.48,0.6,0.72]","[0,0.36,0.72]","[0,0.24,0.36,0.48,0.6,0.72]",1
61,1,20284625,3,0.16,0.24,0.08,0.12,0.32,0.48,8.2,10,0.2,0,0.99,150,0.3,0.83,0.37,30,0.990144924500291,1,7.58,8.46,10.12,10.6,7.585,8.415,10.125,10.495,0.0320156211871654,0.0743303437365916,0,131461,131461,0,0,1,1,0,93437.6469151457,1.85965839290034,7,64,2,1,6.7,9.7,8.8,11.2,0,0,0,0.0809320702811928,0.0809320702811928,0,0.48,0.48,0,weak_secondary,full_fine,default_config,default_coarse,default_refine,single,greedy_combined_B7,white,degree_based_el_sep,"[0,0.24,0.36,0.48,0.6,0.72]","[0,0.36,0.72]","[0,0.24,0.36,0.48,0.6,0.72]",1
62,1,20284625,3,0.16,0.24,0.08,0.12,0.32,0.48,8.2,10,0.2,0,0.99,150,0.3,0.83,0.37,30,0.990144924500291,1,7.58,8.46,10.12,10.6,7.585,8.415,10.125,10.495,0.0320156211871654,0.0743303437365916,0,18612,131461,7353,11259,7.06323877068558,1,0,93437.6469151457,1.85965839290034,7,64,2,1,6.7,9.7,8.8,11.2,0,0,-1.45519152283669e-11,0.0809320702811928,0.0809320702811928,0,0.48,0.48,0,weak_secondary,coarse_to_fine,default_config,default_coarse,default_refine,single,greedy_combined_B7,white,degree_based_el_sep,"[0,0.24,0.36,0.48,0.6,0.72]","[0,0.36,0.72]","[0,0.24,0.36,0.48,0.6,0.72]",1
63,2,20284626,3,0.16,0.24,0.08,0.12,0.32,0.48,8.2,10,0.2,0,0.99,150,0.3,0.83,0.37,30,0.990480986836327,-1,7.58,8.46,10.54,10.18,7.585,8.415,10.495,10.125,0.0320156211871654,0.0502493781056035,0,131461,131461,0,0,1,1,0,98810.7456927898,1.82475105545851,7,64,2,1,6.7,9.7,8.8,11.2,0,0,0,0.0595818764390647,0.0595818764390647,0,0.36,0.36,0,weak_secondary,full_fine,default_config,default_coarse,default_refine,single,greedy_combined_B7,white,degree_based_el_sep,"[0,0.24,0.36,0.48,0.6,0.72]","[0,0.36,0.72]","[0,0.24,0.36,0.48,0.6,0.72]",1
64,2,20284626,3,0.16,0.24,0.08,0.12,0.32,0.48,8.2,10,0.2,0,0.99,150,0.3,0.83,0.37,30,0.990480986836327,-1,7.58,8.46,10.54,10.18,7.585,8.415,10.495,10.125,0.0320156211871654,0.0502493781056035,0,18000,131461,7353,10647,7.30338888888889,1,0,98810.7456927898,1.82475105545851,7,64,2,1,6.7,9.7,8.8,11.2,0,0,0,0.0595818764390647,0.0595818764390647,0,0.36,0.36,0,weak_secondary,coarse_to_fine,default_config,default_coarse,default_refine,single,greedy_combined_B7,white,degree_based_el_sep,"[0,0.24,0.36,0.48,0.6,0.72]","[0,0.36,0.72]","[0,0.24,0.36,0.48,0.6,0.72]",1
65,3,20284627,3,0.16,0.24,0.08,0.12,0.32,0.48,8.2,10,0.2,0,0.99,150,0.3,0.83,0.37,30,0.989970136717253,1,7.58,8.46,10.12,10.6,7.585,8.415,10.125,10.495,0.0320156211871654,0.0743303437365916,0,131461,131461,0,0,1,1,0,93413.3276594812,1.85965839290034,7,64,2,1,6.7,9.7,8.8,11.2,0,0,0,0.0809320702811928,0.0809320702811928,0,0.48,0.48,0,weak_secondary,full_fine,default_config,default_coarse,default_refine,single,greedy_combined_B7,white,degree_based_el_sep,"[0,0.24,0.36,0.48,0.6,0.72]","[0,0.36,0.72]","[0,0.24,0.36,0.48,0.6,0.72]",1
66,3,20284627,3,0.16,0.24,0.08,0.12,0.32,0.48,8.2,10,0.2,0,0.99,150,0.3,0.83,0.37,30,0.989970136717253,1,7.58,8.46,10.12,10.6,7.585,8.415,10.125,10.495,0.0320156211871654,0.0743303437365916,0,18612,131461,7353,11259,7.06323877068558,1,0,93413.3276594812,1.85965839290034,7,64,2,1,6.7,9.7,8.8,11.2,0,0,0,0.0809320702811928,0.0809320702811928,0,0.48,0.48,0,weak_secondary,coarse_to_fine,default_config,default_coarse,default_refine,single,greedy_combined_B7,white,degree_based_el_sep,"[0,0.24,0.36,0.48,0.6,0.72]","[0,0.36,0.72]","[0,0.24,0.36,0.48,0.6,0.72]",1
67,4,20284628,3,0.16,0.24,0.08,0.12,0.32,0.48,8.2,10,0.2,0,0.99,150,0.3,0.83,0.37,30,0.990575284935385,-1,7.58,8.46,10.54,10.18,7.585,8.415,10.495,10.125,0.0320156211871654,0.0502493781056035,0,131461,131461,0,0,1,1,0,99520.3735885668,1.82475105545851,7,64,2,1,6.7,9.7,8.8,11.2,0,0,0,0.0595818764390647,0.0595818764390647,0,0.36,0.36,0,weak_secondary,full_fine,default_config,default_coarse,default_refine,single,greedy_combined_B7,white,degree_based_el_sep,"[0,0.24,0.36,0.48,0.6,0.72]","[0,0.36,0.72]","[0,0.24,0.36,0.48,0.6,0.72]",1
68,4,20284628,3,0.16,0.24,0.08,0.12,0.32,0.48,8.2,10,0.2,0,0.99,150,0.3,0.83,0.37,30,0.990575284935385,-1,7.58,8.46,10.54,10.18,7.585,8.415,10.495,10.125,0.0320156211871654,0.0502493781056035,0,18000,131461,7353,10647,7.30338888888889,1,0,99520.3735885668,1.82475105545851,7,64,2,1,6.7,9.7,8.8,11.2,0,0,0,0.0595818764390647,0.0595818764390647,0,0.36,0.36,0,weak_secondary,coarse_to_fine,default_config,default_coarse,default_refine,single,greedy_combined_B7,white,degree_based_el_sep,"[0,0.24,0.36,0.48,0.6,0.72]","[0,0.36,0.72]","[0,0.24,0.36,0.48,0.6,0.72]",1
69,5,20284629,3,0.16,0.24,0.08,0.12,0.32,0.48,8.2,10,0.2,0,0.99,150,0.3,0.83,0.37,30,0.99010418662115,1,7.58,8.46,10.12,10.6,7.585,8.415,10.125,10.495,0.0320156211871654,0.0743303437365916,0,131461,131461,0,0,1,1,0,93467.7899841907,1.85965839290034,7,64,2,1,6.7,9.7,8.8,11.2,0,0,0,0.0809320702811928,0.0809320702811928,0,0.48,0.48,0,weak_secondary,full_fine,default_config,default_coarse,default_refine,single,greedy_combined_B7,white,degree_based_el_sep,"[0,0.24,0.36,0.48,0.6,0.72]","[0,0.36,0.72]","[0,0.24,0.36,0.48,0.6,0.72]",1
70,5,20284629,3,0.16,0.24,0.08,0.12,0.32,0.48,8.2,10,0.2,0,0.99,150,0.3,0.83,0.37,30,0.99010418662115,1,7.58,8.46,10.12,10.6,7.585,8.415,10.125,10.495,0.0320156211871654,0.0743303437365916,0,18612,131461,7353,11259,7.06323877068558,1,0,93467.7899841907,1.85965839290034,7,64,2,1,6.7,9.7,8.8,11.2,0,0,0,0.0809320702811928,0.0809320702811928,0,0.48,0.48,0,weak_secondary,coarse_to_fine,default_config,default_coarse,default_refine,single,greedy_combined_B7,white,degree_based_el_sep,"[0,0.24,0.36,0.48,0.6,0.72]","[0,0.36,0.72]","[0,0.24,0.36,0.48,0.6,0.72]",1
71,6,20284630,3,0.16,0.24,0.08,0.12,0.32,0.48,8.2,10,0.2,0,0.99,150,0.3,0.83,0.37,30,0.990146736901135,-1,7.58,8.46,10.54,10.18,7.585,8.415,10.495,10.125,0.0320156211871654,0.0502493781056035,0,131461,131461,0,0,1,1,0,99064.6586524278,1.82475105545851,7,64,2,1,6.7,9.7,8.8,11.2,0,0,0,0.0595818764390647,0.0595818764390647,0,0.36,0.36,0,weak_secondary,full_fine,default_config,default_coarse,default_refine,single,greedy_combined_B7,white,degree_based_el_sep,"[0,0.24,0.36,0.48,0.6,0.72]","[0,0.36,0.72]","[0,0.24,0.36,0.48,0.6,0.72]",1
72,6,20284630,3,0.16,0.24,0.08,0.12,0.32,0.48,8.2,10,0.2,0,0.99,150,0.3,0.83,0.37,30,0.990146736901135,-1,7.58,8.46,10.54,10.18,7.585,8.415,10.495,10.125,0.0320156211871654,0.0502493781056035,0,18000,131461,7353,10647,7.30338888888889,1,0,99064.6586524278,1.82475105545851,7,64,2,1,6.7,9.7,8.8,11.2,0,0,2.91038304567337e-11,0.0595818764390647,0.0595818764390647,0,0.36,0.36,0,weak_secondary,coarse_to_fine,default_config,default_coarse,default_refine,single,greedy_combined_B7,white,degree_based_el_sep,"[0,0.24,0.36,0.48,0.6,0.72]","[0,0.36,0.72]","[0,0.24,0.36,0.48,0.6,0.72]",1
73,7,20284631,3,0.16,0.24,0.08,0.12,0.32,0.48,8.2,10,0.2,0,0.99,150,0.3,0.83,0.37,30,0.990129225027815,1,7.58,8.46,10.12,10.6,7.585,8.415,10.125,10.495,0.0320156211871654,0.0743303437365916,0,131461,131461,0,0,1,1,0,93435.0906368074,1.85965839290034,7,64,2,1,6.7,9.7,8.8,11.2,0,0,0,0.0809320702811928,0.0809320702811928,0,0.48,0.48,0,weak_secondary,full_fine,default_config,default_coarse,default_refine,single,greedy_combined_B7,white,degree_based_el_sep,"[0,0.24,0.36,0.48,0.6,0.72]","[0,0.36,0.72]","[0,0.24,0.36,0.48,0.6,0.72]",1
74,7,20284631,3,0.16,0.24,0.08,0.12,0.32,0.48,8.2,10,0.2,0,0.99,150,0.3,0.83,0.37,30,0.990129225027815,1,7.58,8.46,10.12,10.6,7.585,8.415,10.125,10.495,0.0320156211871654,0.0743303437365916,0,18612,131461,7353,11259,7.06323877068558,1,0,93435.0906368074,1.85965839290034,7,64,2,1,6.7,9.7,8.8,11.2,0,0,1.45519152283669e-11,0.0809320702811928,0.0809320702811928,0,0.48,0.48,0,weak_secondary,coarse_to_fine,default_config,default_coarse,default_refine,single,greedy_combined_B7,white,degree_based_el_sep,"[0,0.24,0.36,0.48,0.6,0.72]","[0,0.36,0.72]","[0,0.24,0.36,0.48,0.6,0.72]",1
75,8,20284632,3,0.16,0.24,0.08,0.12,0.32,0.48,8.2,10,0.2,0,0.99,150,0.3,0.83,0.37,30,0.989918810293714,-1,7.58,8.46,10.54,10.18,7.585,8.415,10.495,10.125,0.0320156211871654,0.0502493781056035,0,131461,131461,0,0,1,1,0,99215.6298609225,1.82475105545851,7,64,2,1,6.7,9.7,8.8,11.2,0,0,0,0.0595818764390647,0.0595818764390647,0,0.36,0.36,0,weak_secondary,full_fine,default_config,default_coarse,default_refine,single,greedy_combined_B7,white,degree_based_el_sep,"[0,0.24,0.36,0.48,0.6,0.72]","[0,0.36,0.72]","[0,0.24,0.36,0.48,0.6,0.72]",1
76,8,20284632,3,0.16,0.24,0.08,0.12,0.32,0.48,8.2,10,0.2,0,0.99,150,0.3,0.83,0.37,30,0.989918810293714,-1,7.58,8.46,10.54,10.18,7.585,8.415,10.495,10.125,0.0320156211871654,0.0502493781056035,0,18000,131461,7353,10647,7.30338888888889,1,0,99215.6298609225,1.82475105545851,7,64,2,1,6.7,9.7,8.8,11.2,0,0,0,0.0595818764390647,0.0595818764390647,0,0.36,0.36,0,weak_secondary,coarse_to_fine,default_config,default_coarse,default_refine,single,greedy_combined_B7,white,degree_based_el_sep,"[0,0.24,0.36,0.48,0.6,0.72]","[0,0.36,0.72]","[0,0.24,0.36,0.48,0.6,0.72]",1
77,9,20284633,3,0.16,0.24,0.08,0.12,0.32,0.48,8.2,10,0.2,0,0.99,150,0.3,0.83,0.37,30,0.989836294087074,1,7.58,8.46,10.12,10.6,7.585,8.415,10.125,10.495,0.0320156211871654,0.0743303437365916,0,131461,131461,0,0,1,1,0,93454.9504667316,1.85965839290034,7,64,2,1,6.7,9.7,8.8,11.2,0,0,0,0.0809320702811928,0.0809320702811928,0,0.48,0.48,0,weak_secondary,full_fine,default_config,default_coarse,default_refine,single,greedy_combined_B7,white,degree_based_el_sep,"[0,0.24,0.36,0.48,0.6,0.72]","[0,0.36,0.72]","[0,0.24,0.36,0.48,0.6,0.72]",1
78,9,20284633,3,0.16,0.24,0.08,0.12,0.32,0.48,8.2,10,0.2,0,0.99,150,0.3,0.83,0.37,30,0.989836294087074,1,7.58,8.46,10.12,10.6,7.585,8.415,10.125,10.495,0.0320156211871654,0.0743303437365916,0,18612,131461,7353,11259,7.06323877068558,1,0,93454.9504667317,1.85965839290034,7,64,2,1,6.7,9.7,8.8,11.2,0,0,-2.91038304567337e-11,0.0809320702811928,0.0809320702811928,0,0.48,0.48,0,weak_secondary,coarse_to_fine,default_config,default_coarse,default_refine,single,greedy_combined_B7,white,degree_based_el_sep,"[0,0.24,0.36,0.48,0.6,0.72]","[0,0.36,0.72]","[0,0.24,0.36,0.48,0.6,0.72]",1
79,10,20284634,3,0.16,0.24,0.08,0.12,0.32,0.48,8.2,10,0.2,0,0.99,150,0.3,0.83,0.37,30,0.990156213373984,-1,7.58,8.46,10.54,10.18,7.585,8.415,10.495,10.125,0.0320156211871654,0.0502493781056035,0,131461,131461,0,0,1,1,0,99313.0246925942,1.82475105545851,7,64,2,1,6.7,9.7,8.8,11.2,0,0,0,0.0595818764390647,0.0595818764390647,0,0.36,0.36,0,weak_secondary,full_fine,default_config,default_coarse,default_refine,single,greedy_combined_B7,white,degree_based_el_sep,"[0,0.24,0.36,0.48,0.6,0.72]","[0,0.36,0.72]","[0,0.24,0.36,0.48,0.6,0.72]",1
80,10,20284634,3,0.16,0.24,0.08,0.12,0.32,0.48,8.2,10,0.2,0,0.99,150,0.3,0.83,0.37,30,0.990156213373984,-1,7.58,8.46,10.54,10.18,7.585,8.415,10.495,10.125,0.0320156211871654,0.0502493781056035,0,18000,131461,7353,10647,7.30338888888889,1,0,99313.0246925942,1.82475105545851,7,64,2,1,6.7,9.7,8.8,11.2,0,0,0,0.0595818764390647,0.0595818764390647,0,0.36,0.36,0,weak_secondary,coarse_to_fine,default_config,default_coarse,default_refine,single,greedy_combined_B7,white,degree_based_el_sep,"[0,0.24,0.36,0.48,0.6,0.72]","[0,0.36,0.72]","[0,0.24,0.36,0.48,0.6,0.72]",1
81,1,20285625,3,0.16,0.24,0.08,0.12,0.32,0.48,8.2,10,0.2,0,1,150,0.3,0.83,0.37,20,1,1,7.58,8.46,10.12,10.6,7.585,8.415,10.125,10.495,0.0320156211871654,0.0743303437365916,0,131461,131461,0,0,1,1,0,93290.9165487102,1.85965839290034,7,64,2,1,6.7,9.7,8.8,11.2,0,0,0,0.0809320702811928,0.0809320702811928,0,0.48,0.48,0,low_snr_hard,full_fine,default_config,default_coarse,default_refine,single,greedy_combined_B7,white,degree_based_el_sep,"[0,0.24,0.36,0.48,0.6,0.72]","[0,0.36,0.72]","[0,0.24,0.36,0.48,0.6,0.72]",1
82,1,20285625,3,0.16,0.24,0.08,0.12,0.32,0.48,8.2,10,0.2,0,1,150,0.3,0.83,0.37,20,1,1,7.58,8.46,10.12,10.6,7.585,8.415,10.125,10.495,0.0320156211871654,0.0743303437365916,0,18612,131461,7353,11259,7.06323877068558,1,0,93290.9165487102,1.85965839290034,7,64,2,1,6.7,9.7,8.8,11.2,0,0,-1.45519152283669e-11,0.0809320702811928,0.0809320702811928,0,0.48,0.48,0,low_snr_hard,coarse_to_fine,default_config,default_coarse,default_refine,single,greedy_combined_B7,white,degree_based_el_sep,"[0,0.24,0.36,0.48,0.6,0.72]","[0,0.36,0.72]","[0,0.24,0.36,0.48,0.6,0.72]",1
83,2,20285626,3,0.16,0.24,0.08,0.12,0.32,0.48,8.2,10,0.2,0,1,150,0.3,0.83,0.37,20,1,-1,7.58,8.46,10.54,10.18,7.585,8.415,10.495,10.125,0.0320156211871654,0.0502493781056035,0,131461,131461,0,0,1,1,0,99070.1541655898,1.82475105545851,7,64,2,1,6.7,9.7,8.8,11.2,0,0,0,0.0595818764390647,0.0595818764390647,0,0.36,0.36,0,low_snr_hard,full_fine,default_config,default_coarse,default_refine,single,greedy_combined_B7,white,degree_based_el_sep,"[0,0.24,0.36,0.48,0.6,0.72]","[0,0.36,0.72]","[0,0.24,0.36,0.48,0.6,0.72]",1
84,2,20285626,3,0.16,0.24,0.08,0.12,0.32,0.48,8.2,10,0.2,0,1,150,0.3,0.83,0.37,20,1,-1,7.58,8.46,10.54,10.18,7.585,8.415,10.495,10.125,0.0320156211871654,0.0502493781056035,0,18000,131461,7353,10647,7.30338888888889,1,0,99070.1541655898,1.82475105545851,7,64,2,1,6.7,9.7,8.8,11.2,0,0,1.45519152283669e-11,0.0595818764390647,0.0595818764390647,0,0.36,0.36,0,low_snr_hard,coarse_to_fine,default_config,default_coarse,default_refine,single,greedy_combined_B7,white,degree_based_el_sep,"[0,0.24,0.36,0.48,0.6,0.72]","[0,0.36,0.72]","[0,0.24,0.36,0.48,0.6,0.72]",1
85,3,20285627,3,0.16,0.24,0.08,0.12,0.32,0.48,8.2,10,0.2,0,1,150,0.3,0.83,0.37,20,1,1,7.58,8.46,10.12,10.6,7.585,8.415,10.125,10.495,0.0320156211871654,0.0743303437365916,0,131461,131461,0,0,1,1,0,93162.7158556039,1.85965839290034,7,64,2,1,6.7,9.7,8.8,11.2,0,0,0,0.0809320702811928,0.0809320702811928,0,0.48,0.48,0,low_snr_hard,full_fine,default_config,default_coarse,default_refine,single,greedy_combined_B7,white,degree_based_el_sep,"[0,0.24,0.36,0.48,0.6,0.72]","[0,0.36,0.72]","[0,0.24,0.36,0.48,0.6,0.72]",1
86,3,20285627,3,0.16,0.24,0.08,0.12,0.32,0.48,8.2,10,0.2,0,1,150,0.3,0.83,0.37,20,1,1,7.58,8.46,10.12,10.6,7.585,8.415,10.125,10.495,0.0320156211871654,0.0743303437365916,0,18612,131461,7353,11259,7.06323877068558,1,0,93162.7158556039,1.85965839290034,7,64,2,1,6.7,9.7,8.8,11.2,0,0,-1.45519152283669e-11,0.0809320702811928,0.0809320702811928,0,0.48,0.48,0,low_snr_hard,coarse_to_fine,default_config,default_coarse,default_refine,single,greedy_combined_B7,white,degree_based_el_sep,"[0,0.24,0.36,0.48,0.6,0.72]","[0,0.36,0.72]","[0,0.24,0.36,0.48,0.6,0.72]",1
87,4,20285628,3,0.16,0.24,0.08,0.12,0.32,0.48,8.2,10,0.2,0,1,150,0.3,0.83,0.37,20,1,-1,7.58,8.46,10.54,10.18,7.585,8.415,10.495,10.125,0.0320156211871654,0.0502493781056035,0,131461,131461,0,0,1,1,0,99041.8814449677,1.82475105545851,7,64,2,1,6.7,9.7,8.8,11.2,0,0,0,0.0595818764390647,0.0595818764390647,0,0.36,0.36,0,low_snr_hard,full_fine,default_config,default_coarse,default_refine,single,greedy_combined_B7,white,degree_based_el_sep,"[0,0.24,0.36,0.48,0.6,0.72]","[0,0.36,0.72]","[0,0.24,0.36,0.48,0.6,0.72]",1
88,4,20285628,3,0.16,0.24,0.08,0.12,0.32,0.48,8.2,10,0.2,0,1,150,0.3,0.83,0.37,20,1,-1,7.58,8.46,10.54,10.18,7.585,8.415,10.495,10.125,0.0320156211871654,0.0502493781056035,0,18000,131461,7353,10647,7.30338888888889,1,0,99041.8814449677,1.82475105545851,7,64,2,1,6.7,9.7,8.8,11.2,0,0,2.91038304567337e-11,0.0595818764390647,0.0595818764390647,0,0.36,0.36,0,low_snr_hard,coarse_to_fine,default_config,default_coarse,default_refine,single,greedy_combined_B7,white,degree_based_el_sep,"[0,0.24,0.36,0.48,0.6,0.72]","[0,0.36,0.72]","[0,0.24,0.36,0.48,0.6,0.72]",1
89,5,20285629,3,0.16,0.24,0.08,0.12,0.32,0.48,8.2,10,0.2,0,1,150,0.3,0.83,0.37,20,1,1,7.58,8.46,10.12,10.6,7.585,8.415,10.125,10.495,0.0320156211871654,0.0743303437365916,0,131461,131461,0,0,1,1,0,93197.8441836677,1.85965839290034,7,64,2,1,6.7,9.7,8.8,11.2,0,0,0,0.0809320702811928,0.0809320702811928,0,0.48,0.48,0,low_snr_hard,full_fine,default_config,default_coarse,default_refine,single,greedy_combined_B7,white,degree_based_el_sep,"[0,0.24,0.36,0.48,0.6,0.72]","[0,0.36,0.72]","[0,0.24,0.36,0.48,0.6,0.72]",1
90,5,20285629,3,0.16,0.24,0.08,0.12,0.32,0.48,8.2,10,0.2,0,1,150,0.3,0.83,0.37,20,1,1,7.58,8.46,10.12,10.6,7.585,8.415,10.125,10.495,0.0320156211871654,0.0743303437365916,0,18612,131461,7353,11259,7.06323877068558,1,0,93197.8441836677,1.85965839290034,7,64,2,1,6.7,9.7,8.8,11.2,0,0,-1.45519152283669e-11,0.0809320702811928,0.0809320702811928,0,0.48,0.48,0,low_snr_hard,coarse_to_fine,default_config,default_coarse,default_refine,single,greedy_combined_B7,white,degree_based_el_sep,"[0,0.24,0.36,0.48,0.6,0.72]","[0,0.36,0.72]","[0,0.24,0.36,0.48,0.6,0.72]",1
91,6,20285630,3,0.16,0.24,0.08,0.12,0.32,0.48,8.2,10,0.2,0,1,150,0.3,0.83,0.37,20,1,-1,7.58,8.46,10.54,10.18,7.585,8.415,10.495,10.125,0.0320156211871654,0.0502493781056035,0,131461,131461,0,0,1,1,0,99075.886561166,1.82475105545851,7,64,2,1,6.7,9.7,8.8,11.2,0,0,0,0.0595818764390647,0.0595818764390647,0,0.36,0.36,0,low_snr_hard,full_fine,default_config,default_coarse,default_refine,single,greedy_combined_B7,white,degree_based_el_sep,"[0,0.24,0.36,0.48,0.6,0.72]","[0,0.36,0.72]","[0,0.24,0.36,0.48,0.6,0.72]",1
92,6,20285630,3,0.16,0.24,0.08,0.12,0.32,0.48,8.2,10,0.2,0,1,150,0.3,0.83,0.37,20,1,-1,7.58,8.46,10.54,10.18,7.585,8.415,10.495,10.125,0.0320156211871654,0.0502493781056035,0,18000,131461,7353,10647,7.30338888888889,1,0,99075.886561166,1.82475105545851,7,64,2,1,6.7,9.7,8.8,11.2,0,0,0,0.0595818764390647,0.0595818764390647,0,0.36,0.36,0,low_snr_hard,coarse_to_fine,default_config,default_coarse,default_refine,single,greedy_combined_B7,white,degree_based_el_sep,"[0,0.24,0.36,0.48,0.6,0.72]","[0,0.36,0.72]","[0,0.24,0.36,0.48,0.6,0.72]",1
93,7,20285631,3,0.16,0.24,0.08,0.12,0.32,0.48,8.2,10,0.2,0,1,150,0.3,0.83,0.37,20,1,1,7.58,8.46,10.12,10.6,7.585,8.415,10.125,10.495,0.0320156211871654,0.0743303437365916,0,131461,131461,0,0,1,1,0,93203.864450978,1.85965839290034,7,64,2,1,6.7,9.7,8.8,11.2,0,0,0,0.0809320702811928,0.0809320702811928,0,0.48,0.48,0,low_snr_hard,full_fine,default_config,default_coarse,default_refine,single,greedy_combined_B7,white,degree_based_el_sep,"[0,0.24,0.36,0.48,0.6,0.72]","[0,0.36,0.72]","[0,0.24,0.36,0.48,0.6,0.72]",1
94,7,20285631,3,0.16,0.24,0.08,0.12,0.32,0.48,8.2,10,0.2,0,1,150,0.3,0.83,0.37,20,1,1,7.58,8.46,10.12,10.6,7.585,8.415,10.125,10.495,0.0320156211871654,0.0743303437365916,0,18612,131461,7353,11259,7.06323877068558,1,0,93203.864450978,1.85965839290034,7,64,2,1,6.7,9.7,8.8,11.2,0,0,0,0.0809320702811928,0.0809320702811928,0,0.48,0.48,0,low_snr_hard,coarse_to_fine,default_config,default_coarse,default_refine,single,greedy_combined_B7,white,degree_based_el_sep,"[0,0.24,0.36,0.48,0.6,0.72]","[0,0.36,0.72]","[0,0.24,0.36,0.48,0.6,0.72]",1
95,8,20285632,3,0.16,0.24,0.08,0.12,0.32,0.48,8.2,10,0.2,0,1,150,0.3,0.83,0.37,20,1,-1,7.58,8.46,10.54,10.18,7.585,8.415,10.495,10.125,0.0320156211871654,0.0502493781056035,0,131461,131461,0,0,1,1,0,99044.2288249645,1.82475105545851,7,64,2,1,6.7,9.7,8.8,11.2,0,0,0,0.0595818764390647,0.0595818764390647,0,0.36,0.36,0,low_snr_hard,full_fine,default_config,default_coarse,default_refine,single,greedy_combined_B7,white,degree_based_el_sep,"[0,0.24,0.36,0.48,0.6,0.72]","[0,0.36,0.72]","[0,0.24,0.36,0.48,0.6,0.72]",1
96,8,20285632,3,0.16,0.24,0.08,0.12,0.32,0.48,8.2,10,0.2,0,1,150,0.3,0.83,0.37,20,1,-1,7.58,8.46,10.54,10.18,7.585,8.415,10.495,10.125,0.0320156211871654,0.0502493781056035,0,18000,131461,7353,10647,7.30338888888889,1,0,99044.2288249645,1.82475105545851,7,64,2,1,6.7,9.7,8.8,11.2,0,0,0,0.0595818764390647,0.0595818764390647,0,0.36,0.36,0,low_snr_hard,coarse_to_fine,default_config,default_coarse,default_refine,single,greedy_combined_B7,white,degree_based_el_sep,"[0,0.24,0.36,0.48,0.6,0.72]","[0,0.36,0.72]","[0,0.24,0.36,0.48,0.6,0.72]",1
97,9,20285633,3,0.16,0.24,0.08,0.12,0.32,0.48,8.2,10,0.2,0,1,150,0.3,0.83,0.37,20,1,1,7.58,8.46,10.12,10.6,7.585,8.415,10.125,10.495,0.0320156211871654,0.0743303437365916,0,131461,131461,0,0,1,1,0,93235.0196240464,1.85965839290034,7,64,2,1,6.7,9.7,8.8,11.2,0,0,0,0.0809320702811928,0.0809320702811928,0,0.48,0.48,0,low_snr_hard,full_fine,default_config,default_coarse,default_refine,single,greedy_combined_B7,white,degree_based_el_sep,"[0,0.24,0.36,0.48,0.6,0.72]","[0,0.36,0.72]","[0,0.24,0.36,0.48,0.6,0.72]",1
98,9,20285633,3,0.16,0.24,0.08,0.12,0.32,0.48,8.2,10,0.2,0,1,150,0.3,0.83,0.37,20,1,1,7.58,8.46,10.12,10.6,7.585,8.415,10.125,10.495,0.0320156211871654,0.0743303437365916,0,18612,131461,7353,11259,7.06323877068558,1,0,93235.0196240464,1.85965839290034,7,64,2,1,6.7,9.7,8.8,11.2,0,0,0,0.0809320702811928,0.0809320702811928,0,0.48,0.48,0,low_snr_hard,coarse_to_fine,default_config,default_coarse,default_refine,single,greedy_combined_B7,white,degree_based_el_sep,"[0,0.24,0.36,0.48,0.6,0.72]","[0,0.36,0.72]","[0,0.24,0.36,0.48,0.6,0.72]",1
99,10,20285634,3,0.16,0.24,0.08,0.12,0.32,0.48,8.2,10,0.2,0,1,150,0.3,0.83,0.37,20,1,-1,7.58,8.46,10.54,10.18,7.585,8.415,10.495,10.125,0.0320156211871654,0.0502493781056035,0,131461,131461,0,0,1,1,0,99038.4012585212,1.82475105545851,7,64,2,1,6.7,9.7,8.8,11.2,0,0,0,0.0595818764390647,0.0595818764390647,0,0.36,0.36,0,low_snr_hard,full_fine,default_config,default_coarse,default_refine,single,greedy_combined_B7,white,degree_based_el_sep,"[0,0.24,0.36,0.48,0.6,0.72]","[0,0.36,0.72]","[0,0.24,0.36,0.48,0.6,0.72]",1
100,10,20285634,3,0.16,0.24,0.08,0.12,0.32,0.48,8.2,10,0.2,0,1,150,0.3,0.83,0.37,20,1,-1,7.58,8.46,10.54,10.18,7.585,8.415,10.495,10.125,0.0320156211871654,0.0502493781056035,0,18000,131461,7353,10647,7.30338888888889,1,0,99038.4012585213,1.82475105545851,7,64,2,1,6.7,9.7,8.8,11.2,0,0,-1.45519152283669e-11,0.0595818764390647,0.0595818764390647,0,0.36,0.36,0,low_snr_hard,coarse_to_fine,default_config,default_coarse,default_refine,single,greedy_combined_B7,white,degree_based_el_sep,"[0,0.24,0.36,0.48,0.6,0.72]","[0,0.36,0.72]","[0,0.24,0.36,0.48,0.6,0.72]",1
1,1,20291625,3,0.16,0.24,0.08,0.12,0.32,0.48,8,10.2,0,0.2,0,0,1,1.27,0.67,30,0.0292369515445228,1,7.38,8.66,9.96,10.68,7.365,8.635,9.975,10.645,0.0206155281280884,0.0269258240356711,0,131461,131461,0,0,1,1,0,205531.939900349,1.28796411232818,7,64,2,1,6.5,9.5,9,11.4,0,0,0,0.0339116499156253,0.0339116499156253,0,0.72,0.72,0,easy_noncoherent,full_fine,default_config,default_coarse,default_refine,single,greedy_combined_B7,white,degree_based_el_sep,"[0,0.24,0.36,0.48,0.6,0.72]","[0,0.36,0.72]","[0,0.24,0.36,0.48,0.6,0.72]",1
2,1,20291625,3,0.16,0.24,0.08,0.12,0.32,0.48,8,10.2,0,0.2,0,0,1,1.27,0.67,30,0.0292369515445228,1,7.38,8.66,9.96,10.68,7.365,8.635,9.975,10.645,0.0206155281280884,0.0269258240356711,0,18936,131461,7353,11583,6.94238487536967,1,0,205531.939900349,1.28796411232818,7,64,2,1,6.5,9.5,9,11.4,0,0,0,0.0339116499156253,0.0339116499156253,0,0.72,0.72,0,easy_noncoherent,coarse_to_fine,default_config,default_coarse,default_refine,single,greedy_combined_B7,white,degree_based_el_sep,"[0,0.24,0.36,0.48,0.6,0.72]","[0,0.36,0.72]","[0,0.24,0.36,0.48,0.6,0.72]",1
3,2,20291626,3,0.16,0.24,0.08,0.12,0.32,0.48,8,10.2,0,0.2,0,0,1,1.27,0.67,30,0.201622580713166,-1,7.38,8.66,10.68,9.96,7.365,8.635,10.645,9.975,0.0206155281280884,0.0269258240356711,0,131461,131461,0,0,1,1,0,202109.409796309,1.34974137857096,7,64,2,1,6.5,9.5,9,11.4,0,0,0,0.0339116499156253,0.0339116499156253,0,0.72,0.72,0,easy_noncoherent,full_fine,default_config,default_coarse,default_refine,single,greedy_combined_B7,white,degree_based_el_sep,"[0,0.24,0.36,0.48,0.6,0.72]","[0,0.36,0.72]","[0,0.24,0.36,0.48,0.6,0.72]",1
4,2,20291626,3,0.16,0.24,0.08,0.12,0.32,0.48,8,10.2,0,0.2,0,0,1,1.27,0.67,30,0.201622580713166,-1,7.38,8.66,10.68,9.96,7.365,8.635,10.645,9.975,0.0206155281280884,0.0269258240356711,0,17154,131461,7353,9801,7.66357700827795,1,0,202109.409796309,1.34974137857096,7,64,2,1,6.5,9.5,9,11.4,0,0,-5.82076609134674e-11,0.0339116499156253,0.0339116499156253,0,0.72,0.72,0,easy_noncoherent,coarse_to_fine,default_config,default_coarse,default_refine,single,greedy_combined_B7,white,degree_based_el_sep,"[0,0.24,0.36,0.48,0.6,0.72]","[0,0.36,0.72]","[0,0.24,0.36,0.48,0.6,0.72]",1
5,3,20291627,3,0.16,0.24,0.08,0.12,0.32,0.48,8,10.2,0,0.2,0,0,1,1.27,0.67,30,0.108121049369525,1,7.38,8.66,9.96,10.68,7.365,8.635,9.975,10.645,0.0206155281280884,0.0269258240356711,0,131461,131461,0,0,1,1,0,205929.901360594,1.28796411232818,7,64,2,1,6.5,9.5,9,11.4,0,0,0,0.0339116499156253,0.0339116499156253,0,0.72,0.72,0,easy_noncoherent,full_fine,default_config,default_coarse,default_refine,single,greedy_combined_B7,white,degree_based_el_sep,"[0,0.24,0.36,0.48,0.6,0.72]","[0,0.36,0.72]","[0,0.24,0.36,0.48,0.6,0.72]",1
6,3,20291627,3,0.16,0.24,0.08,0.12,0.32,0.48,8,10.2,0,0.2,0,0,1,1.27,0.67,30,0.108121049369525,1,7.38,8.66,9.96,10.68,7.365,8.635,9.975,10.645,0.0206155281280884,0.0269258240356711,0,18936,131461,7353,11583,6.94238487536967,1,0,205929.901360594,1.28796411232818,7,64,2,1,6.5,9.5,9,11.4,0,0,0,0.0339116499156253,0.0339116499156253,0,0.72,0.72,0,easy_noncoherent,coarse_to_fine,default_config,default_coarse,default_refine,single,greedy_combined_B7,white,degree_based_el_sep,"[0,0.24,0.36,0.48,0.6,0.72]","[0,0.36,0.72]","[0,0.24,0.36,0.48,0.6,0.72]",1
7,4,20291628,3,0.16,0.24,0.08,0.12,0.32,0.48,8,10.2,0,0.2,0,0,1,1.27,0.67,30,0.076638615226207,-1,7.38,8.66,10.68,9.96,7.365,8.635,10.645,9.975,0.0206155281280884,0.0269258240356711,0,131461,131461,0,0,1,1,0,204595.278783374,1.34974137857096,7,64,2,1,6.5,9.5,9,11.4,0,0,0,0.0339116499156253,0.0339116499156253,0,0.72,0.72,0,easy_noncoherent,full_fine,default_config,default_coarse,default_refine,single,greedy_combined_B7,white,degree_based_el_sep,"[0,0.24,0.36,0.48,0.6,0.72]","[0,0.36,0.72]","[0,0.24,0.36,0.48,0.6,0.72]",1
8,4,20291628,3,0.16,0.24,0.08,0.12,0.32,0.48,8,10.2,0,0.2,0,0,1,1.27,0.67,30,0.076638615226207,-1,7.38,8.66,10.68,9.96,7.365,8.635,10.645,9.975,0.0206155281280884,0.0269258240356711,0,17154,131461,7353,9801,7.66357700827795,1,0,204595.278783374,1.34974137857096,7,64,2,1,6.5,9.5,9,11.4,0,0,0,0.0339116499156253,0.0339116499156253,0,0.72,0.72,0,easy_noncoherent,coarse_to_fine,default_config,default_coarse,default_refine,single,greedy_combined_B7,white,degree_based_el_sep,"[0,0.24,0.36,0.48,0.6,0.72]","[0,0.36,0.72]","[0,0.24,0.36,0.48,0.6,0.72]",1
9,5,20291629,3,0.16,0.24,0.08,0.12,0.32,0.48,8,10.2,0,0.2,0,0,1,1.27,0.67,30,0.124851647773818,1,7.38,8.66,9.96,10.68,7.365,8.635,9.975,10.645,0.0206155281280884,0.0269258240356711,0,131461,131461,0,0,1,1,0,206178.170876994,1.28796411232818,7,64,2,1,6.5,9.5,9,11.4,0,0,0,0.0339116499156253,0.0339116499156253,0,0.72,0.72,0,easy_noncoherent,full_fine,default_config,default_coarse,default_refine,single,greedy_combined_B7,white,degree_based_el_sep,"[0,0.24,0.36,0.48,0.6,0.72]","[0,0.36,0.72]","[0,0.24,0.36,0.48,0.6,0.72]",1
10,5,20291629,3,0.16,0.24,0.08,0.12,0.32,0.48,8,10.2,0,0.2,0,0,1,1.27,0.67,30,0.124851647773818,1,7.38,8.66,9.96,10.68,7.365,8.635,9.975,10.645,0.0206155281280884,0.0269258240356711,0,18936,131461,7353,11583,6.94238487536967,1,0,206178.170876994,1.28796411232818,7,64,2,1,6.5,9.5,9,11.4,0,0,-5.82076609134674e-11,0.0339116499156253,0.0339116499156253,0,0.72,0.72,0,easy_noncoherent,coarse_to_fine,default_config,default_coarse,default_refine,single,greedy_combined_B7,white,degree_based_el_sep,"[0,0.24,0.36,0.48,0.6,0.72]","[0,0.36,0.72]","[0,0.24,0.36,0.48,0.6,0.72]",1
11,6,20291630,3,0.16,0.24,0.08,0.12,0.32,0.48,8,10.2,0,0.2,0,0,1,1.27,0.67,30,0.21930280477895,-1,7.38,8.66,10.68,9.96,7.365,8.635,10.645,9.975,0.0206155281280884,0.0269258240356711,0,131461,131461,0,0,1,1,0,199542.244977883,1.34974137857096,7,64,2,1,6.5,9.5,9,11.4,0,0,0,0.0339116499156253,0.0339116499156253,0,0.72,0.72,0,easy_noncoherent,full_fine,default_config,default_coarse,default_refine,single,greedy_combined_B7,white,degree_based_el_sep,"[0,0.24,0.36,0.48,0.6,0.72]","[0,0.36,0.72]","[0,0.24,0.36,0.48,0.6,0.72]",1
12,6,20291630,3,0.16,0.24,0.08,0.12,0.32,0.48,8,10.2,0,0.2,0,0,1,1.27,0.67,30,0.21930280477895,-1,7.38,8.66,10.68,9.96,7.365,8.635,10.645,9.975,0.0206155281280884,0.0269258240356711,0,17154,131461,7353,9801,7.66357700827795,1,0,199542.244977883,1.34974137857096,7,64,2,1,6.5,9.5,9,11.4,0,0,0,0.0339116499156253,0.0339116499156253,0,0.72,0.72,0,easy_noncoherent,coarse_to_fine,default_config,default_coarse,default_refine,single,greedy_combined_B7,white,degree_based_el_sep,"[0,0.24,0.36,0.48,0.6,0.72]","[0,0.36,0.72]","[0,0.24,0.36,0.48,0.6,0.72]",1
13,7,20291631,3,0.16,0.24,0.08,0.12,0.32,0.48,8,10.2,0,0.2,0,0,1,1.27,0.67,30,0.0965592164579983,1,7.38,8.66,9.96,10.68,7.365,8.635,9.975,10.645,0.0206155281280884,0.0269258240356711,0,131461,131461,0,0,1,1,0,207383.549429856,1.28796411232818,7,64,2,1,6.5,9.5,9,11.4,0,0,0,0.0339116499156253,0.0339116499156253,0,0.72,0.72,0,easy_noncoherent,full_fine,default_config,default_coarse,default_refine,single,greedy_combined_B7,white,degree_based_el_sep,"[0,0.24,0.36,0.48,0.6,0.72]","[0,0.36,0.72]","[0,0.24,0.36,0.48,0.6,0.72]",1
14,7,20291631,3,0.16,0.24,0.08,0.12,0.32,0.48,8,10.2,0,0.2,0,0,1,1.27,0.67,30,0.0965592164579983,1,7.38,8.66,9.96,10.68,7.365,8.635,9.975,10.645,0.0206155281280884,0.0269258240356711,0,18936,131461,7353,11583,6.94238487536967,1,0,207383.549429856,1.28796411232818,7,64,2,1,6.5,9.5,9,11.4,0,0,0,0.0339116499156253,0.0339116499156253,0,0.72,0.72,0,easy_noncoherent,coarse_to_fine,default_config,default_coarse,default_refine,single,greedy_combined_B7,white,degree_based_el_sep,"[0,0.24,0.36,0.48,0.6,0.72]","[0,0.36,0.72]","[0,0.24,0.36,0.48,0.6,0.72]",1
15,8,20291632,3,0.16,0.24,0.08,0.12,0.32,0.48,8,10.2,0,0.2,0,0,1,1.27,0.67,30,0.0907021034428348,-1,7.38,8.66,10.68,9.96,7.365,8.635,10.645,9.975,0.0206155281280884,0.0269258240356711,0,131461,131461,0,0,1,1,0,204875.954110892,1.34974137857096,7,64,2,1,6.5,9.5,9,11.4,0,0,0,0.0339116499156253,0.0339116499156253,0,0.72,0.72,0,easy_noncoherent,full_fine,default_config,default_coarse,default_refine,single,greedy_combined_B7,white,degree_based_el_sep,"[0,0.24,0.36,0.48,0.6,0.72]","[0,0.36,0.72]","[0,0.24,0.36,0.48,0.6,0.72]",1
16,8,20291632,3,0.16,0.24,0.08,0.12,0.32,0.48,8,10.2,0,0.2,0,0,1,1.27,0.67,30,0.0907021034428348,-1,7.38,8.66,10.68,9.96,7.365,8.635,10.645,9.975,0.0206155281280884,0.0269258240356711,0,17154,131461,7353,9801,7.66357700827795,1,0,204875.954110892,1.34974137857096,7,64,2,1,6.5,9.5,9,11.4,0,0,0,0.0339116499156253,0.0339116499156253,0,0.72,0.72,0,easy_noncoherent,coarse_to_fine,default_config,default_coarse,default_refine,single,greedy_combined_B7,white,degree_based_el_sep,"[0,0.24,0.36,0.48,0.6,0.72]","[0,0.36,0.72]","[0,0.24,0.36,0.48,0.6,0.72]",1
17,9,20291633,3,0.16,0.24,0.08,0.12,0.32,0.48,8,10.2,0,0.2,0,0,1,1.27,0.67,30,0.088770271677289,1,7.38,8.66,9.96,10.68,7.365,8.635,9.975,10.645,0.0206155281280884,0.0269258240356711,0,131461,131461,0,0,1,1,0,205772.994854205,1.28796411232818,7,64,2,1,6.5,9.5,9,11.4,0,0,0,0.0339116499156253,0.0339116499156253,0,0.72,0.72,0,easy_noncoherent,full_fine,default_config,default_coarse,default_refine,single,greedy_combined_B7,white,degree_based_el_sep,"[0,0.24,0.36,0.48,0.6,0.72]","[0,0.36,0.72]","[0,0.24,0.36,0.48,0.6,0.72]",1
18,9,20291633,3,0.16,0.24,0.08,0.12,0.32,0.48,8,10.2,0,0.2,0,0,1,1.27,0.67,30,0.088770271677289,1,7.38,8.66,9.96,10.68,7.365,8.635,9.975,10.645,0.0206155281280884,0.0269258240356711,0,18936,131461,7353,11583,6.94238487536967,1,0,205772.994854205,1.28796411232818,7,64,2,1,6.5,9.5,9,11.4,0,0,0,0.0339116499156253,0.0339116499156253,0,0.72,0.72,0,easy_noncoherent,coarse_to_fine,default_config,default_coarse,default_refine,single,greedy_combined_B7,white,degree_based_el_sep,"[0,0.24,0.36,0.48,0.6,0.72]","[0,0.36,0.72]","[0,0.24,0.36,0.48,0.6,0.72]",1
19,10,20291634,3,0.16,0.24,0.08,0.12,0.32,0.48,8,10.2,0,0.2,0,0,1,1.27,0.67,30,0.122552422775438,-1,7.38,8.66,10.68,9.96,7.365,8.635,10.645,9.975,0.0206155281280884,0.0269258240356711,0,131461,131461,0,0,1,1,0,204967.168257915,1.34974137857096,7,64,2,1,6.5,9.5,9,11.4,0,0,0,0.0339116499156253,0.0339116499156253,0,0.72,0.72,0,easy_noncoherent,full_fine,default_config,default_coarse,default_refine,single,greedy_combined_B7,white,degree_based_el_sep,"[0,0.24,0.36,0.48,0.6,0.72]","[0,0.36,0.72]","[0,0.24,0.36,0.48,0.6,0.72]",1
20,10,20291634,3,0.16,0.24,0.08,0.12,0.32,0.48,8,10.2,0,0.2,0,0,1,1.27,0.67,30,0.122552422775438,-1,7.38,8.66,10.68,9.96,7.365,8.635,10.645,9.975,0.0206155281280884,0.0269258240356711,0,17154,131461,7353,9801,7.66357700827795,1,0,204967.168257915,1.34974137857096,7,64,2,1,6.5,9.5,9,11.4,0,0,0,0.0339116499156253,0.0339116499156253,0,0.72,0.72,0,easy_noncoherent,coarse_to_fine,default_config,default_coarse,default_refine,single,greedy_combined_B7,white,degree_based_el_sep,"[0,0.24,0.36,0.48,0.6,0.72]","[0,0.36,0.72]","[0,0.24,0.36,0.48,0.6,0.72]",1
21,1,20292625,3,0.16,0.24,0.08,0.12,0.32,0.48,8,10.2,0,0.2,0.99,5,1,1.27,0.37,30,0.990258030852622,1,7.38,8.66,10.14,10.5,7.365,8.635,10.125,10.495,0.0206155281280884,0.0111803398874991,0,131461,131461,0,0,1,1,0,199373.76093068,1.27654670505361,7,64,2,1,6.5,9.5,9,11.4,0,0,0,0.0234520787991173,0.0234520787991173,0,0.36,0.36,0,strong_coherent,full_fine,default_config,default_coarse,default_refine,single,greedy_combined_B7,white,degree_based_el_sep,"[0,0.24,0.36,0.48,0.6,0.72]","[0,0.36,0.72]","[0,0.24,0.36,0.48,0.6,0.72]",1
22,1,20292625,3,0.16,0.24,0.08,0.12,0.32,0.48,8,10.2,0,0.2,0.99,5,1,1.27,0.37,30,0.990258030852622,1,7.38,8.66,10.14,10.5,7.365,8.635,10.125,10.495,0.0206155281280884,0.0111803398874991,0,17154,131461,7353,9801,7.66357700827795,1,0,199373.76093068,1.27654670505361,7,64,2,1,6.5,9.5,9,11.4,0,0,0,0.0234520787991173,0.0234520787991173,0,0.36,0.36,0,strong_coherent,coarse_to_fine,default_config,default_coarse,default_refine,single,greedy_combined_B7,white,degree_based_el_sep,"[0,0.24,0.36,0.48,0.6,0.72]","[0,0.36,0.72]","[0,0.24,0.36,0.48,0.6,0.72]",1
23,2,20292626,3,0.16,0.24,0.08,0.12,0.32,0.48,8,10.2,0,0.2,0.99,5,1,1.27,0.37,30,0.990009104415589,-1,7.38,8.66,10.5,10.14,7.365,8.635,10.495,10.125,0.0206155281280884,0.0111803398874991,0,131461,131461,0,0,1,1,0,192166.629778664,1.3076302606691,7,64,2,1,6.5,9.5,9,11.4,0,0,0,0.0234520787991173,0.0234520787991173,0,0.36,0.36,0,strong_coherent,full_fine,default_config,default_coarse,default_refine,single,greedy_combined_B7,white,degree_based_el_sep,"[0,0.24,0.36,0.48,0.6,0.72]","[0,0.36,0.72]","[0,0.24,0.36,0.48,0.6,0.72]",1
24,2,20292626,3,0.16,0.24,0.08,0.12,0.32,0.48,8,10.2,0,0.2,0.99,5,1,1.27,0.37,30,0.990009104415589,-1,7.38,8.66,10.5,10.14,7.365,8.635,10.495,10.125,0.0206155281280884,0.0111803398874991,0,17154,131461,7353,9801,7.66357700827795,1,0,192166.629778664,1.3076302606691,7,64,2,1,6.5,9.5,9,11.4,0,0,-5.82076609134674e-11,0.0234520787991173,0.0234520787991173,0,0.36,0.36,0,strong_coherent,coarse_to_fine,default_config,default_coarse,default_refine,single,greedy_combined_B7,white,degree_based_el_sep,"[0,0.24,0.36,0.48,0.6,0.72]","[0,0.36,0.72]","[0,0.24,0.36,0.48,0.6,0.72]",1
25,3,20292627,3,0.16,0.24,0.08,0.12,0.32,0.48,8,10.2,0,0.2,0.99,5,1,1.27,0.37,30,0.990300177684663,1,7.38,8.66,10.14,10.5,7.365,8.635,10.125,10.495,0.0206155281280884,0.0111803398874991,0,131461,131461,0,0,1,1,0,199489.252096398,1.27654670505361,7,64,2,1,6.5,9.5,9,11.4,0,0,0,0.0234520787991173,0.0234520787991173,0,0.36,0.36,0,strong_coherent,full_fine,default_config,default_coarse,default_refine,single,greedy_combined_B7,white,degree_based_el_sep,"[0,0.24,0.36,0.48,0.6,0.72]","[0,0.36,0.72]","[0,0.24,0.36,0.48,0.6,0.72]",1
26,3,20292627,3,0.16,0.24,0.08,0.12,0.32,0.48,8,10.2,0,0.2,0.99,5,1,1.27,0.37,30,0.990300177684663,1,7.38,8.66,10.14,10.5,7.365,8.635,10.125,10.495,0.0206155281280884,0.0111803398874991,0,17154,131461,7353,9801,7.66357700827795,1,0,199489.252096398,1.27654670505361,7,64,2,1,6.5,9.5,9,11.4,0,0,0,0.0234520787991173,0.0234520787991173,0,0.36,0.36,0,strong_coherent,coarse_to_fine,default_config,default_coarse,default_refine,single,greedy_combined_B7,white,degree_based_el_sep,"[0,0.24,0.36,0.48,0.6,0.72]","[0,0.36,0.72]","[0,0.24,0.36,0.48,0.6,0.72]",1
27,4,20292628,3,0.16,0.24,0.08,0.12,0.32,0.48,8,10.2,0,0.2,0.99,5,1,1.27,0.37,30,0.990344744247295,-1,7.38,8.66,10.5,10.14,7.365,8.635,10.495,10.125,0.0206155281280884,0.0111803398874991,0,131461,131461,0,0,1,1,0,192190.619762244,1.3076302606691,7,64,2,1,6.5,9.5,9,11.4,0,0,0,0.0234520787991173,0.0234520787991173,0,0.36,0.36,0,strong_coherent,full_fine,default_config,default_coarse,default_refine,single,greedy_combined_B7,white,degree_based_el_sep,"[0,0.24,0.36,0.48,0.6,0.72]","[0,0.36,0.72]","[0,0.24,0.36,0.48,0.6,0.72]",1
28,4,20292628,3,0.16,0.24,0.08,0.12,0.32,0.48,8,10.2,0,0.2,0.99,5,1,1.27,0.37,30,0.990344744247295,-1,7.38,8.66,10.5,10.14,7.365,8.635,10.495,10.125,0.0206155281280884,0.0111803398874991,0,17154,131461,7353,9801,7.66357700827795,1,0,192190.619762244,1.3076302606691,7,64,2,1,6.5,9.5,9,11.4,0,0,0,0.0234520787991173,0.0234520787991173,0,0.36,0.36,0,strong_coherent,coarse_to_fine,default_config,default_coarse,default_refine,single,greedy_combined_B7,white,degree_based_el_sep,"[0,0.24,0.36,0.48,0.6,0.72]","[0,0.36,0.72]","[0,0.24,0.36,0.48,0.6,0.72]",1
29,5,20292629,3,0.16,0.24,0.08,0.12,0.32,0.48,8,10.2,0,0.2,0.99,5,1,1.27,0.37,30,0.990213931459234,1,7.38,8.66,10.14,10.5,7.365,8.635,10.125,10.495,0.0206155281280884,0.0111803398874991,0,131461,131461,0,0,1,1,0,199736.352197666,1.27654670505361,7,64,2,1,6.5,9.5,9,11.4,0,0,0,0.0234520787991173,0.0234520787991173,0,0.36,0.36,0,strong_coherent,full_fine,default_config,default_coarse,default_refine,single,greedy_combined_B7,white,degree_based_el_sep,"[0,0.24,0.36,0.48,0.6,0.72]","[0,0.36,0.72]","[0,0.24,0.36,0.48,0.6,0.72]",1
30,5,20292629,3,0.16,0.24,0.08,0.12,0.32,0.48,8,10.2,0,0.2,0.99,5,1,1.27,0.37,30,0.990213931459234,1,7.38,8.66,10.14,10.5,7.365,8.635,10.125,10.495,0.0206155281280884,0.0111803398874991,0,17154,131461,7353,9801,7.66357700827795,1,0,199736.352197666,1.27654670505361,7,64,2,1,6.5,9.5,9,11.4,0,0,-2.91038304567337e-11,0.0234520787991173,0.0234520787991173,0,0.36,0.36,0,strong_coherent,coarse_to_fine,default_config,default_coarse,default_refine,single,greedy_combined_B7,white,degree_based_el_sep,"[0,0.24,0.36,0.48,0.6,0.72]","[0,0.36,0.72]","[0,0.24,0.36,0.48,0.6,0.72]",1
31,6,20292630,3,0.16,0.24,0.08,0.12,0.32,0.48,8,10.2,0,0.2,0.99,5,1,1.27,0.37,30,0.990206167818771,-1,7.38,8.66,10.5,10.14,7.365,8.635,10.495,10.125,0.0206155281280884,0.0111803398874991,0,131461,131461,0,0,1,1,0,192080.85655708,1.3076302606691,7,64,2,1,6.5,9.5,9,11.4,0,0,0,0.0234520787991173,0.0234520787991173,0,0.36,0.36,0,strong_coherent,full_fine,default_config,default_coarse,default_refine,single,greedy_combined_B7,white,degree_based_el_sep,"[0,0.24,0.36,0.48,0.6,0.72]","[0,0.36,0.72]","[0,0.24,0.36,0.48,0.6,0.72]",1
32,6,20292630,3,0.16,0.24,0.08,0.12,0.32,0.48,8,10.2,0,0.2,0.99,5,1,1.27,0.37,30,0.990206167818771,-1,7.38,8.66,10.5,10.14,7.365,8.635,10.495,10.125,0.0206155281280884,0.0111803398874991,0,17154,131461,7353,9801,7.66357700827795,1,0,192080.85655708,1.3076302606691,7,64,2,1,6.5,9.5,9,11.4,0,0,0,0.0234520787991173,0.0234520787991173,0,0.36,0.36,0,strong_coherent,coarse_to_fine,default_config,default_coarse,default_refine,single,greedy_combined_B7,white,degree_based_el_sep,"[0,0.24,0.36,0.48,0.6,0.72]","[0,0.36,0.72]","[0,0.24,0.36,0.48,0.6,0.72]",1
33,7,20292631,3,0.16,0.24,0.08,0.12,0.32,0.48,8,10.2,0,0.2,0.99,5,1,1.27,0.37,30,0.990146575921441,1,7.38,8.66,10.14,10.5,7.365,8.635,10.125,10.495,0.0206155281280884,0.0111803398874991,0,131461,131461,0,0,1,1,0,199304.378490623,1.27654670505361,7,64,2,1,6.5,9.5,9,11.4,0,0,0,0.0234520787991173,0.0234520787991173,0,0.36,0.36,0,strong_coherent,full_fine,default_config,default_coarse,default_refine,single,greedy_combined_B7,white,degree_based_el_sep,"[0,0.24,0.36,0.48,0.6,0.72]","[0,0.36,0.72]","[0,0.24,0.36,0.48,0.6,0.72]",1
34,7,20292631,3,0.16,0.24,0.08,0.12,0.32,0.48,8,10.2,0,0.2,0.99,5,1,1.27,0.37,30,0.990146575921441,1,7.38,8.66,10.14,10.5,7.365,8.635,10.125,10.495,0.0206155281280884,0.0111803398874991,0,17154,131461,7353,9801,7.66357700827795,1,0,199304.378490623,1.27654670505361,7,64,2,1,6.5,9.5,9,11.4,0,0,0,0.0234520787991173,0.0234520787991173,0,0.36,0.36,0,strong_coherent,coarse_to_fine,default_config,default_coarse,default_refine,single,greedy_combined_B7,white,degree_based_el_sep,"[0,0.24,0.36,0.48,0.6,0.72]","[0,0.36,0.72]","[0,0.24,0.36,0.48,0.6,0.72]",1
35,8,20292632,3,0.16,0.24,0.08,0.12,0.32,0.48,8,10.2,0,0.2,0.99,5,1,1.27,0.37,30,0.990013746239159,-1,7.38,8.66,10.5,10.14,7.365,8.635,10.495,10.125,0.0206155281280884,0.0111803398874991,0,131461,131461,0,0,1,1,0,192406.804915513,1.3076302606691,7,64,2,1,6.5,9.5,9,11.4,0,0,0,0.0234520787991173,0.0234520787991173,0,0.36,0.36,0,strong_coherent,full_fine,default_config,default_coarse,default_refine,single,greedy_combined_B7,white,degree_based_el_sep,"[0,0.24,0.36,0.48,0.6,0.72]","[0,0.36,0.72]","[0,0.24,0.36,0.48,0.6,0.72]",1
36,8,20292632,3,0.16,0.24,0.08,0.12,0.32,0.48,8,10.2,0,0.2,0.99,5,1,1.27,0.37,30,0.990013746239159,-1,7.38,8.66,10.5,10.14,7.365,8.635,10.495,10.125,0.0206155281280884,0.0111803398874991,0,17154,131461,7353,9801,7.66357700827795,1,0,192406.804915513,1.3076302606691,7,64,2,1,6.5,9.5,9,11.4,0,0,0,0.0234520787991173,0.0234520787991173,0,0.36,0.36,0,strong_coherent,coarse_to_fine,default_config,default_coarse,default_refine,single,greedy_combined_B7,white,degree_based_el_sep,"[0,0.24,0.36,0.48,0.6,0.72]","[0,0.36,0.72]","[0,0.24,0.36,0.48,0.6,0.72]",1
37,9,20292633,3,0.16,0.24,0.08,0.12,0.32,0.48,8,10.2,0,0.2,0.99,5,1,1.27,0.37,30,0.989963582974043,1,7.38,8.66,10.14,10.5,7.365,8.635,10.125,10.495,0.0206155281280884,0.0111803398874991,0,131461,131461,0,0,1,1,0,199520.483495544,1.27654670505361,7,64,2,1,6.5,9.5,9,11.4,0,0,0,0.0234520787991173,0.0234520787991173,0,0.36,0.36,0,strong_coherent,full_fine,default_config,default_coarse,default_refine,single,greedy_combined_B7,white,degree_based_el_sep,"[0,0.24,0.36,0.48,0.6,0.72]","[0,0.36,0.72]","[0,0.24,0.36,0.48,0.6,0.72]",1
38,9,20292633,3,0.16,0.24,0.08,0.12,0.32,0.48,8,10.2,0,0.2,0.99,5,1,1.27,0.37,30,0.989963582974043,1,7.38,8.66,10.14,10.5,7.365,8.635,10.125,10.495,0.0206155281280884,0.0111803398874991,0,17154,131461,7353,9801,7.66357700827795,1,0,199520.483495544,1.27654670505361,7,64,2,1,6.5,9.5,9,11.4,0,0,5.82076609134674e-11,0.0234520787991173,0.0234520787991173,0,0.36,0.36,0,strong_coherent,coarse_to_fine,default_config,default_coarse,default_refine,single,greedy_combined_B7,white,degree_based_el_sep,"[0,0.24,0.36,0.48,0.6,0.72]","[0,0.36,0.72]","[0,0.24,0.36,0.48,0.6,0.72]",1
39,10,20292634,3,0.16,0.24,0.08,0.12,0.32,0.48,8,10.2,0,0.2,0.99,5,1,1.27,0.37,30,0.990118082226953,-1,7.38,8.66,10.5,10.14,7.365,8.635,10.495,10.125,0.0206155281280884,0.0111803398874991,0,131461,131461,0,0,1,1,0,192047.478690638,1.3076302606691,7,64,2,1,6.5,9.5,9,11.4,0,0,0,0.0234520787991173,0.0234520787991173,0,0.36,0.36,0,strong_coherent,full_fine,default_config,default_coarse,default_refine,single,greedy_combined_B7,white,degree_based_el_sep,"[0,0.24,0.36,0.48,0.6,0.72]","[0,0.36,0.72]","[0,0.24,0.36,0.48,0.6,0.72]",1
40,10,20292634,3,0.16,0.24,0.08,0.12,0.32,0.48,8,10.2,0,0.2,0.99,5,1,1.27,0.37,30,0.990118082226953,-1,7.38,8.66,10.5,10.14,7.365,8.635,10.495,10.125,0.0206155281280884,0.0111803398874991,0,17154,131461,7353,9801,7.66357700827795,1,0,192047.478690638,1.3076302606691,7,64,2,1,6.5,9.5,9,11.4,0,0,0,0.0234520787991173,0.0234520787991173,0,0.36,0.36,0,strong_coherent,coarse_to_fine,default_config,default_coarse,default_refine,single,greedy_combined_B7,white,degree_based_el_sep,"[0,0.24,0.36,0.48,0.6,0.72]","[0,0.36,0.72]","[0,0.24,0.36,0.48,0.6,0.72]",1
41,1,20293625,3,0.16,0.24,0.08,0.12,0.32,0.48,8,10.2,0,0.2,0.99,150,1,0.83,0.37,30,0.989863639363891,1,7.62,8.42,10.14,10.5,7.585,8.415,10.125,10.495,0.0250000000000002,0.0111803398874991,0,131461,131461,0,0,1,1,0,140999.45106443,2.28098793998534,7,64,2,1,6.5,9.5,9,11.4,0,0,0,0.0273861278752585,0.0273861278752585,0,0.36,0.36,0,hard_phase,full_fine,default_config,default_coarse,default_refine,single,greedy_combined_B7,white,degree_based_el_sep,"[0,0.24,0.36,0.48,0.6,0.72]","[0,0.36,0.72]","[0,0.24,0.36,0.48,0.6,0.72]",1
42,1,20293625,3,0.16,0.24,0.08,0.12,0.32,0.48,8,10.2,0,0.2,0.99,150,1,0.83,0.37,30,0.989863639363891,1,7.62,8.42,10.14,10.5,7.585,8.415,10.125,10.495,0.0250000000000002,0.0111803398874991,0,20322,131461,7353,12969,6.46890069875012,1,0,140999.45106443,2.28098793998534,7,64,2,1,6.5,9.5,9,11.4,0,0,2.91038304567337e-11,0.0273861278752585,0.0273861278752585,0,0.36,0.36,0,hard_phase,coarse_to_fine,default_config,default_coarse,default_refine,single,greedy_combined_B7,white,degree_based_el_sep,"[0,0.24,0.36,0.48,0.6,0.72]","[0,0.36,0.72]","[0,0.24,0.36,0.48,0.6,0.72]",1
43,2,20293626,3,0.16,0.24,0.08,0.12,0.32,0.48,8,10.2,0,0.2,0.99,150,1,0.83,0.37,30,0.989982884102187,-1,7.62,8.42,10.5,10.14,7.585,8.415,10.495,10.125,0.0250000000000002,0.0111803398874991,0,131461,131461,0,0,1,1,0,178711.870840128,2.22889394513154,7,64,2,1,6.5,9.5,9,11.4,0,0,0,0.0273861278752585,0.0273861278752585,0,0.36,0.36,0,hard_phase,full_fine,default_config,default_coarse,default_refine,single,greedy_combined_B7,white,degree_based_el_sep,"[0,0.24,0.36,0.48,0.6,0.72]","[0,0.36,0.72]","[0,0.24,0.36,0.48,0.6,0.72]",1
44,2,20293626,3,0.16,0.24,0.08,0.12,0.32,0.48,8,10.2,0,0.2,0.99,150,1,0.83,0.37,30,0.989982884102187,-1,7.62,8.42,10.5,10.14,7.585,8.415,10.495,10.125,0.0250000000000002,0.0111803398874991,0,18936,131461,7353,11583,6.94238487536967,1,0,178711.870840128,2.22889394513154,7,64,2,1,6.5,9.5,9,11.4,0,0,0,0.0273861278752585,0.0273861278752585,0,0.36,0.36,0,hard_phase,coarse_to_fine,default_config,default_coarse,default_refine,single,greedy_combined_B7,white,degree_based_el_sep,"[0,0.24,0.36,0.48,0.6,0.72]","[0,0.36,0.72]","[0,0.24,0.36,0.48,0.6,0.72]",1
45,3,20293627,3,0.16,0.24,0.08,0.12,0.32,0.48,8,10.2,0,0.2,0.99,150,1,0.83,0.37,30,0.990043796970767,1,7.62,8.42,10.14,10.5,7.585,8.415,10.125,10.495,0.0250000000000002,0.0111803398874991,0,131461,131461,0,0,1,1,0,140990.269415026,2.28098793998534,7,64,2,1,6.5,9.5,9,11.4,0,0,0,0.0273861278752585,0.0273861278752585,0,0.36,0.36,0,hard_phase,full_fine,default_config,default_coarse,default_refine,single,greedy_combined_B7,white,degree_based_el_sep,"[0,0.24,0.36,0.48,0.6,0.72]","[0,0.36,0.72]","[0,0.24,0.36,0.48,0.6,0.72]",1
46,3,20293627,3,0.16,0.24,0.08,0.12,0.32,0.48,8,10.2,0,0.2,0.99,150,1,0.83,0.37,30,0.990043796970767,1,7.62,8.42,10.14,10.5,7.585,8.415,10.125,10.495,0.0250000000000002,0.0111803398874991,0,20322,131461,7353,12969,6.46890069875012,1,0,140990.269415026,2.28098793998534,7,64,2,1,6.5,9.5,9,11.4,0,0,0,0.0273861278752585,0.0273861278752585,0,0.36,0.36,0,hard_phase,coarse_to_fine,default_config,default_coarse,default_refine,single,greedy_combined_B7,white,degree_based_el_sep,"[0,0.24,0.36,0.48,0.6,0.72]","[0,0.36,0.72]","[0,0.24,0.36,0.48,0.6,0.72]",1
47,4,20293628,3,0.16,0.24,0.08,0.12,0.32,0.48,8,10.2,0,0.2,0.99,150,1,0.83,0.37,30,0.990409583605312,-1,7.62,8.42,10.5,10.14,7.585,8.415,10.495,10.125,0.0250000000000002,0.0111803398874991,0,131461,131461,0,0,1,1,0,179097.184048637,2.22889394513154,7,64,2,1,6.5,9.5,9,11.4,0,0,0,0.0273861278752585,0.0273861278752585,0,0.36,0.36,0,hard_phase,full_fine,default_config,default_coarse,default_refine,single,greedy_combined_B7,white,degree_based_el_sep,"[0,0.24,0.36,0.48,0.6,0.72]","[0,0.36,0.72]","[0,0.24,0.36,0.48,0.6,0.72]",1
48,4,20293628,3,0.16,0.24,0.08,0.12,0.32,0.48,8,10.2,0,0.2,0.99,150,1,0.83,0.37,30,0.990409583605312,-1,7.62,8.42,10.5,10.14,7.585,8.415,10.495,10.125,0.0250000000000002,0.0111803398874991,0,18936,131461,7353,11583,6.94238487536967,1,0,179097.184048637,2.22889394513154,7,64,2,1,6.5,9.5,9,11.4,0,0,5.82076609134674e-11,0.0273861278752585,0.0273861278752585,0,0.36,0.36,0,hard_phase,coarse_to_fine,default_config,default_coarse,default_refine,single,greedy_combined_B7,white,degree_based_el_sep,"[0,0.24,0.36,0.48,0.6,0.72]","[0,0.36,0.72]","[0,0.24,0.36,0.48,0.6,0.72]",1
49,5,20293629,3,0.16,0.24,0.08,0.12,0.32,0.48,8,10.2,0,0.2,0.99,150,1,0.83,0.37,30,0.989906470561166,1,7.62,8.42,10.14,10.5,7.585,8.415,10.125,10.495,0.0250000000000002,0.0111803398874991,0,131461,131461,0,0,1,1,0,141029.238278582,2.28098793998534,7,64,2,1,6.5,9.5,9,11.4,0,0,0,0.0273861278752585,0.0273861278752585,0,0.36,0.36,0,hard_phase,full_fine,default_config,default_coarse,default_refine,single,greedy_combined_B7,white,degree_based_el_sep,"[0,0.24,0.36,0.48,0.6,0.72]","[0,0.36,0.72]","[0,0.24,0.36,0.48,0.6,0.72]",1
50,5,20293629,3,0.16,0.24,0.08,0.12,0.32,0.48,8,10.2,0,0.2,0.99,150,1,0.83,0.37,30,0.989906470561166,1,7.62,8.42,10.14,10.5,7.585,8.415,10.125,10.495,0.0250000000000002,0.0111803398874991,0,20322,131461,7353,12969,6.46890069875012,1,0,141029.238278582,2.28098793998534,7,64,2,1,6.5,9.5,9,11.4,0,0,-2.91038304567337e-11,0.0273861278752585,0.0273861278752585,0,0.36,0.36,0,hard_phase,coarse_to_fine,default_config,default_coarse,default_refine,single,greedy_combined_B7,white,degree_based_el_sep,"[0,0.24,0.36,0.48,0.6,0.72]","[0,0.36,0.72]","[0,0.24,0.36,0.48,0.6,0.72]",1
51,6,20293630,3,0.16,0.24,0.08,0.12,0.32,0.48,8,10.2,0,0.2,0.99,150,1,0.83,0.37,30,0.989952787408084,-1,7.62,8.42,10.5,10.14,7.585,8.415,10.495,10.125,0.0250000000000002,0.0111803398874991,0,131461,131461,0,0,1,1,0,178066.959296712,2.22889394513154,7,64,2,1,6.5,9.5,9,11.4,0,0,0,0.0273861278752585,0.0273861278752585,0,0.36,0.36,0,hard_phase,full_fine,default_config,default_coarse,default_refine,single,greedy_combined_B7,white,degree_based_el_sep,"[0,0.24,0.36,0.48,0.6,0.72]","[0,0.36,0.72]","[0,0.24,0.36,0.48,0.6,0.72]",1
52,6,20293630,3,0.16,0.24,0.08,0.12,0.32,0.48,8,10.2,0,0.2,0.99,150,1,0.83,0.37,30,0.989952787408084,-1,7.62,8.42,10.5,10.14,7.585,8.415,10.495,10.125,0.0250000000000002,0.0111803398874991,0,18936,131461,7353,11583,6.94238487536967,1,0,178066.959296712,2.22889394513154,7,64,2,1,6.5,9.5,9,11.4,0,0,0,0.0273861278752585,0.0273861278752585,0,0.36,0.36,0,hard_phase,coarse_to_fine,default_config,default_coarse,default_refine,single,greedy_combined_B7,white,degree_based_el_sep,"[0,0.24,0.36,0.48,0.6,0.72]","[0,0.36,0.72]","[0,0.24,0.36,0.48,0.6,0.72]",1
53,7,20293631,3,0.16,0.24,0.08,0.12,0.32,0.48,8,10.2,0,0.2,0.99,150,1,0.83,0.37,30,0.991142498660698,1,7.62,8.42,10.14,10.5,7.585,8.415,10.125,10.495,0.0250000000000002,0.0111803398874991,0,131461,131461,0,0,1,1,0,140844.177274853,2.28098793998534,7,64,2,1,6.5,9.5,9,11.4,0,0,0,0.0273861278752585,0.0273861278752585,0,0.36,0.36,0,hard_phase,full_fine,default_config,default_coarse,default_refine,single,greedy_combined_B7,white,degree_based_el_sep,"[0,0.24,0.36,0.48,0.6,0.72]","[0,0.36,0.72]","[0,0.24,0.36,0.48,0.6,0.72]",1
54,7,20293631,3,0.16,0.24,0.08,0.12,0.32,0.48,8,10.2,0,0.2,0.99,150,1,0.83,0.37,30,0.991142498660698,1,7.62,8.42,10.14,10.5,7.585,8.415,10.125,10.495,0.0250000000000002,0.0111803398874991,0,20322,131461,7353,12969,6.46890069875012,1,0,140844.177274853,2.28098793998534,7,64,2,1,6.5,9.5,9,11.4,0,0,0,0.0273861278752585,0.0273861278752585,0,0.36,0.36,0,hard_phase,coarse_to_fine,default_config,default_coarse,default_refine,single,greedy_combined_B7,white,degree_based_el_sep,"[0,0.24,0.36,0.48,0.6,0.72]","[0,0.36,0.72]","[0,0.24,0.36,0.48,0.6,0.72]",1
55,8,20293632,3,0.16,0.24,0.08,0.12,0.32,0.48,8,10.2,0,0.2,0.99,150,1,0.83,0.37,30,0.989915259267121,-1,7.62,8.42,10.5,10.14,7.585,8.415,10.495,10.125,0.0250000000000002,0.0111803398874991,0,131461,131461,0,0,1,1,0,177964.031848469,2.22889394513154,7,64,2,1,6.5,9.5,9,11.4,0,0,0,0.0273861278752585,0.0273861278752585,0,0.36,0.36,0,hard_phase,full_fine,default_config,default_coarse,default_refine,single,greedy_combined_B7,white,degree_based_el_sep,"[0,0.24,0.36,0.48,0.6,0.72]","[0,0.36,0.72]","[0,0.24,0.36,0.48,0.6,0.72]",1
56,8,20293632,3,0.16,0.24,0.08,0.12,0.32,0.48,8,10.2,0,0.2,0.99,150,1,0.83,0.37,30,0.989915259267121,-1,7.62,8.42,10.5,10.14,7.585,8.415,10.495,10.125,0.0250000000000002,0.0111803398874991,0,18936,131461,7353,11583,6.94238487536967,1,0,177964.031848469,2.22889394513154,7,64,2,1,6.5,9.5,9,11.4,0,0,0,0.0273861278752585,0.0273861278752585,0,0.36,0.36,0,hard_phase,coarse_to_fine,default_config,default_coarse,default_refine,single,greedy_combined_B7,white,degree_based_el_sep,"[0,0.24,0.36,0.48,0.6,0.72]","[0,0.36,0.72]","[0,0.24,0.36,0.48,0.6,0.72]",1
57,9,20293633,3,0.16,0.24,0.08,0.12,0.32,0.48,8,10.2,0,0.2,0.99,150,1,0.83,0.37,30,0.990047117535896,1,7.62,8.42,10.14,10.5,7.585,8.415,10.125,10.495,0.0250000000000002,0.0111803398874991,0,131461,131461,0,0,1,1,0,140987.466560882,2.28098793998534,7,64,2,1,6.5,9.5,9,11.4,0,0,0,0.0273861278752585,0.0273861278752585,0,0.36,0.36,0,hard_phase,full_fine,default_config,default_coarse,default_refine,single,greedy_combined_B7,white,degree_based_el_sep,"[0,0.24,0.36,0.48,0.6,0.72]","[0,0.36,0.72]","[0,0.24,0.36,0.48,0.6,0.72]",1
58,9,20293633,3,0.16,0.24,0.08,0.12,0.32,0.48,8,10.2,0,0.2,0.99,150,1,0.83,0.37,30,0.990047117535896,1,7.62,8.42,10.14,10.5,7.585,8.415,10.125,10.495,0.0250000000000002,0.0111803398874991,0,20322,131461,7353,12969,6.46890069875012,1,0,140987.466560882,2.28098793998534,7,64,2,1,6.5,9.5,9,11.4,0,0,0,0.0273861278752585,0.0273861278752585,0,0.36,0.36,0,hard_phase,coarse_to_fine,default_config,default_coarse,default_refine,single,greedy_combined_B7,white,degree_based_el_sep,"[0,0.24,0.36,0.48,0.6,0.72]","[0,0.36,0.72]","[0,0.24,0.36,0.48,0.6,0.72]",1
59,10,20293634,3,0.16,0.24,0.08,0.12,0.32,0.48,8,10.2,0,0.2,0.99,150,1,0.83,0.37,30,0.990135520759141,-1,7.62,8.42,10.5,10.14,7.585,8.415,10.495,10.125,0.0250000000000002,0.0111803398874991,0,131461,131461,0,0,1,1,0,176549.670732389,2.22889394513154,7,64,2,1,6.5,9.5,9,11.4,0,0,0,0.0273861278752585,0.0273861278752585,0,0.36,0.36,0,hard_phase,full_fine,default_config,default_coarse,default_refine,single,greedy_combined_B7,white,degree_based_el_sep,"[0,0.24,0.36,0.48,0.6,0.72]","[0,0.36,0.72]","[0,0.24,0.36,0.48,0.6,0.72]",1
60,10,20293634,3,0.16,0.24,0.08,0.12,0.32,0.48,8,10.2,0,0.2,0.99,150,1,0.83,0.37,30,0.990135520759141,-1,7.62,8.42,10.5,10.14,7.585,8.415,10.495,10.125,0.0250000000000002,0.0111803398874991,0,18936,131461,7353,11583,6.94238487536967,1,0,176549.670732389,2.22889394513154,7,64,2,1,6.5,9.5,9,11.4,0,0,5.82076609134674e-11,0.0273861278752585,0.0273861278752585,0,0.36,0.36,0,hard_phase,coarse_to_fine,default_config,default_coarse,default_refine,single,greedy_combined_B7,white,degree_based_el_sep,"[0,0.24,0.36,0.48,0.6,0.72]","[0,0.36,0.72]","[0,0.24,0.36,0.48,0.6,0.72]",1
61,1,20294625,3,0.16,0.24,0.08,0.12,0.32,0.48,8,10.2,0,0.2,0.99,150,0.3,0.83,0.37,30,0.990128573620104,1,7.62,8.34,10.14,10.5,7.585,8.415,10.125,10.495,0.0585234995535977,0.0111803398874991,0,131461,131461,0,0,1,1,0,93413.3147194519,2.77947343894224,7,64,2,1,6.5,9.5,9,11.4,0,0,0,0.0595818764390645,0.0595818764390645,0,0.36,0.36,0,weak_secondary,full_fine,default_config,default_coarse,default_refine,single,greedy_combined_B7,white,degree_based_el_sep,"[0,0.24,0.36,0.48,0.6,0.72]","[0,0.36,0.72]","[0,0.24,0.36,0.48,0.6,0.72]",1
62,1,20294625,3,0.16,0.24,0.08,0.12,0.32,0.48,8,10.2,0,0.2,0.99,150,0.3,0.83,0.37,30,0.990128573620104,1,7.62,8.34,10.14,10.5,7.585,8.415,10.125,10.495,0.0585234995535977,0.0111803398874991,0,18342,131461,7353,10989,7.16721186348272,1,0,93413.3147194519,2.77947343894224,7,64,2,1,6.5,9.5,9,11.4,0,0,0,0.0595818764390645,0.0595818764390645,0,0.36,0.36,0,weak_secondary,coarse_to_fine,default_config,default_coarse,default_refine,single,greedy_combined_B7,white,degree_based_el_sep,"[0,0.24,0.36,0.48,0.6,0.72]","[0,0.36,0.72]","[0,0.24,0.36,0.48,0.6,0.72]",1
63,2,20294626,3,0.16,0.24,0.08,0.12,0.32,0.48,8,10.2,0,0.2,0.99,150,0.3,0.83,0.37,30,0.990129481306382,-1,7.62,8.34,10.5,10.14,7.585,8.415,10.495,10.125,0.0585234995535977,0.0111803398874991,0,131461,131461,0,0,1,1,0,99158.8762970888,2.71983532443747,7,64,2,1,6.5,9.5,9,11.4,0,0,0,0.0595818764390645,0.0595818764390645,0,0.36,0.36,0,weak_secondary,full_fine,default_config,default_coarse,default_refine,single,greedy_combined_B7,white,degree_based_el_sep,"[0,0.24,0.36,0.48,0.6,0.72]","[0,0.36,0.72]","[0,0.24,0.36,0.48,0.6,0.72]",1
64,2,20294626,3,0.16,0.24,0.08,0.12,0.32,0.48,8,10.2,0,0.2,0.99,150,0.3,0.83,0.37,30,0.990129481306382,-1,7.62,8.34,10.5,10.14,7.585,8.415,10.495,10.125,0.0585234995535977,0.0111803398874991,0,18837,131461,7353,11484,6.97887137017572,1,0,99158.8762970888,2.71983532443747,7,64,2,1,6.5,9.5,9,11.4,0,0,0,0.0595818764390645,0.0595818764390645,0,0.36,0.36,0,weak_secondary,coarse_to_fine,default_config,default_coarse,default_refine,single,greedy_combined_B7,white,degree_based_el_sep,"[0,0.24,0.36,0.48,0.6,0.72]","[0,0.36,0.72]","[0,0.24,0.36,0.48,0.6,0.72]",1
65,3,20294627,3,0.16,0.24,0.08,0.12,0.32,0.48,8,10.2,0,0.2,0.99,150,0.3,0.83,0.37,30,0.99032556779946,1,7.62,8.34,10.14,10.5,7.585,8.415,10.125,10.495,0.0585234995535977,0.0111803398874991,0,131461,131461,0,0,1,1,0,93450.8490775764,2.77947343894224,7,64,2,1,6.5,9.5,9,11.4,0,0,0,0.0595818764390645,0.0595818764390645,0,0.36,0.36,0,weak_secondary,full_fine,default_config,default_coarse,default_refine,single,greedy_combined_B7,white,degree_based_el_sep,"[0,0.24,0.36,0.48,0.6,0.72]","[0,0.36,0.72]","[0,0.24,0.36,0.48,0.6,0.72]",1
66,3,20294627,3,0.16,0.24,0.08,0.12,0.32,0.48,8,10.2,0,0.2,0.99,150,0.3,0.83,0.37,30,0.99032556779946,1,7.62,8.34,10.14,10.5,7.585,8.415,10.125,10.495,0.0585234995535977,0.0111803398874991,0,18342,131461,7353,10989,7.16721186348272,1,0,93450.8490775765,2.77947343894224,7,64,2,1,6.5,9.5,9,11.4,0,0,-1.45519152283669e-11,0.0595818764390645,0.0595818764390645,0,0.36,0.36,0,weak_secondary,coarse_to_fine,default_config,default_coarse,default_refine,single,greedy_combined_B7,white,degree_based_el_sep,"[0,0.24,0.36,0.48,0.6,0.72]","[0,0.36,0.72]","[0,0.24,0.36,0.48,0.6,0.72]",1
67,4,20294628,3,0.16,0.24,0.08,0.12,0.32,0.48,8,10.2,0,0.2,0.99,150,0.3,0.83,0.37,30,0.989859513881868,-1,7.62,8.34,10.5,10.14,7.585,8.415,10.495,10.125,0.0585234995535977,0.0111803398874991,0,131461,131461,0,0,1,1,0,99359.8765497198,2.71983532443747,7,64,2,1,6.5,9.5,9,11.4,0,0,0,0.0595818764390645,0.0595818764390645,0,0.36,0.36,0,weak_secondary,full_fine,default_config,default_coarse,default_refine,single,greedy_combined_B7,white,degree_based_el_sep,"[0,0.24,0.36,0.48,0.6,0.72]","[0,0.36,0.72]","[0,0.24,0.36,0.48,0.6,0.72]",1
68,4,20294628,3,0.16,0.24,0.08,0.12,0.32,0.48,8,10.2,0,0.2,0.99,150,0.3,0.83,0.37,30,0.989859513881868,-1,7.62,8.34,10.5,10.14,7.585,8.415,10.495,10.125,0.0585234995535977,0.0111803398874991,0,18837,131461,7353,11484,6.97887137017572,1,0,99359.8765497197,2.71983532443747,7,64,2,1,6.5,9.5,9,11.4,0,0,2.91038304567337e-11,0.0595818764390645,0.0595818764390645,0,0.36,0.36,0,weak_secondary,coarse_to_fine,default_config,default_coarse,default_refine,single,greedy_combined_B7,white,degree_based_el_sep,"[0,0.24,0.36,0.48,0.6,0.72]","[0,0.36,0.72]","[0,0.24,0.36,0.48,0.6,0.72]",1
69,5,20294629,3,0.16,0.24,0.08,0.12,0.32,0.48,8,10.2,0,0.2,0.99,150,0.3,0.83,0.37,30,0.990054458385324,1,7.62,8.34,10.14,10.5,7.585,8.415,10.125,10.495,0.0585234995535977,0.0111803398874991,0,131461,131461,0,0,1,1,0,93419.3925167062,2.77947343894224,7,64,2,1,6.5,9.5,9,11.4,0,0,0,0.0595818764390645,0.0595818764390645,0,0.36,0.36,0,weak_secondary,full_fine,default_config,default_coarse,default_refine,single,greedy_combined_B7,white,degree_based_el_sep,"[0,0.24,0.36,0.48,0.6,0.72]","[0,0.36,0.72]","[0,0.24,0.36,0.48,0.6,0.72]",1
70,5,20294629,3,0.16,0.24,0.08,0.12,0.32,0.48,8,10.2,0,0.2,0.99,150,0.3,0.83,0.37,30,0.990054458385324,1,7.62,8.34,10.14,10.5,7.585,8.415,10.125,10.495,0.0585234995535977,0.0111803398874991,0,18342,131461,7353,10989,7.16721186348272,1,0,93419.3925167062,2.77947343894224,7,64,2,1,6.5,9.5,9,11.4,0,0,0,0.0595818764390645,0.0595818764390645,0,0.36,0.36,0,weak_secondary,coarse_to_fine,default_config,default_coarse,default_refine,single,greedy_combined_B7,white,degree_based_el_sep,"[0,0.24,0.36,0.48,0.6,0.72]","[0,0.36,0.72]","[0,0.24,0.36,0.48,0.6,0.72]",1
71,6,20294630,3,0.16,0.24,0.08,0.12,0.32,0.48,8,10.2,0,0.2,0.99,150,0.3,0.83,0.37,30,0.989907210404218,-1,7.62,8.34,10.5,10.14,7.585,8.415,10.495,10.125,0.0585234995535977,0.0111803398874991,0,131461,131461,0,0,1,1,0,99362.8074846617,2.71983532443747,7,64,2,1,6.5,9.5,9,11.4,0,0,0,0.0595818764390645,0.0595818764390645,0,0.36,0.36,0,weak_secondary,full_fine,default_config,default_coarse,default_refine,single,greedy_combined_B7,white,degree_based_el_sep,"[0,0.24,0.36,0.48,0.6,0.72]","[0,0.36,0.72]","[0,0.24,0.36,0.48,0.6,0.72]",1
72,6,20294630,3,0.16,0.24,0.08,0.12,0.32,0.48,8,10.2,0,0.2,0.99,150,0.3,0.83,0.37,30,0.989907210404218,-1,7.62,8.34,10.5,10.14,7.585,8.415,10.495,10.125,0.0585234995535977,0.0111803398874991,0,18837,131461,7353,11484,6.97887137017572,1,0,99362.8074846617,2.71983532443747,7,64,2,1,6.5,9.5,9,11.4,0,0,0,0.0595818764390645,0.0595818764390645,0,0.36,0.36,0,weak_secondary,coarse_to_fine,default_config,default_coarse,default_refine,single,greedy_combined_B7,white,degree_based_el_sep,"[0,0.24,0.36,0.48,0.6,0.72]","[0,0.36,0.72]","[0,0.24,0.36,0.48,0.6,0.72]",1
73,7,20294631,3,0.16,0.24,0.08,0.12,0.32,0.48,8,10.2,0,0.2,0.99,150,0.3,0.83,0.37,30,0.989961427024878,1,7.62,8.34,10.14,10.5,7.585,8.415,10.125,10.495,0.0585234995535977,0.0111803398874991,0,131461,131461,0,0,1,1,0,93421.7629987024,2.77947343894224,7,64,2,1,6.5,9.5,9,11.4,0,0,0,0.0595818764390645,0.0595818764390645,0,0.36,0.36,0,weak_secondary,full_fine,default_config,default_coarse,default_refine,single,greedy_combined_B7,white,degree_based_el_sep,"[0,0.24,0.36,0.48,0.6,0.72]","[0,0.36,0.72]","[0,0.24,0.36,0.48,0.6,0.72]",1
74,7,20294631,3,0.16,0.24,0.08,0.12,0.32,0.48,8,10.2,0,0.2,0.99,150,0.3,0.83,0.37,30,0.989961427024878,1,7.62,8.34,10.14,10.5,7.585,8.415,10.125,10.495,0.0585234995535977,0.0111803398874991,0,18342,131461,7353,10989,7.16721186348272,1,0,93421.7629987025,2.77947343894224,7,64,2,1,6.5,9.5,9,11.4,0,0,-2.91038304567337e-11,0.0595818764390645,0.0595818764390645,0,0.36,0.36,0,weak_secondary,coarse_to_fine,default_config,default_coarse,default_refine,single,greedy_combined_B7,white,degree_based_el_sep,"[0,0.24,0.36,0.48,0.6,0.72]","[0,0.36,0.72]","[0,0.24,0.36,0.48,0.6,0.72]",1
75,8,20294632,3,0.16,0.24,0.08,0.12,0.32,0.48,8,10.2,0,0.2,0.99,150,0.3,0.83,0.37,30,0.989931525870258,-1,7.62,8.34,10.5,10.14,7.585,8.415,10.495,10.125,0.0585234995535977,0.0111803398874991,0,131461,131461,0,0,1,1,0,99141.6462930519,2.71983532443747,7,64,2,1,6.5,9.5,9,11.4,0,0,0,0.0595818764390645,0.0595818764390645,0,0.36,0.36,0,weak_secondary,full_fine,default_config,default_coarse,default_refine,single,greedy_combined_B7,white,degree_based_el_sep,"[0,0.24,0.36,0.48,0.6,0.72]","[0,0.36,0.72]","[0,0.24,0.36,0.48,0.6,0.72]",1
76,8,20294632,3,0.16,0.24,0.08,0.12,0.32,0.48,8,10.2,0,0.2,0.99,150,0.3,0.83,0.37,30,0.989931525870258,-1,7.62,8.34,10.5,10.14,7.585,8.415,10.495,10.125,0.0585234995535977,0.0111803398874991,0,18837,131461,7353,11484,6.97887137017572,1,0,99141.6462930519,2.71983532443747,7,64,2,1,6.5,9.5,9,11.4,0,0,2.91038304567337e-11,0.0595818764390645,0.0595818764390645,0,0.36,0.36,0,weak_secondary,coarse_to_fine,default_config,default_coarse,default_refine,single,greedy_combined_B7,white,degree_based_el_sep,"[0,0.24,0.36,0.48,0.6,0.72]","[0,0.36,0.72]","[0,0.24,0.36,0.48,0.6,0.72]",1
77,9,20294633,3,0.16,0.24,0.08,0.12,0.32,0.48,8,10.2,0,0.2,0.99,150,0.3,0.83,0.37,30,0.989893756866237,1,7.62,8.34,10.14,10.5,7.585,8.415,10.125,10.495,0.0585234995535977,0.0111803398874991,0,131461,131461,0,0,1,1,0,93416.9177634116,2.77947343894224,7,64,2,1,6.5,9.5,9,11.4,0,0,0,0.0595818764390645,0.0595818764390645,0,0.36,0.36,0,weak_secondary,full_fine,default_config,default_coarse,default_refine,single,greedy_combined_B7,white,degree_based_el_sep,"[0,0.24,0.36,0.48,0.6,0.72]","[0,0.36,0.72]","[0,0.24,0.36,0.48,0.6,0.72]",1
78,9,20294633,3,0.16,0.24,0.08,0.12,0.32,0.48,8,10.2,0,0.2,0.99,150,0.3,0.83,0.37,30,0.989893756866237,1,7.62,8.34,10.14,10.5,7.585,8.415,10.125,10.495,0.0585234995535977,0.0111803398874991,0,18342,131461,7353,10989,7.16721186348272,1,0,93416.9177634116,2.77947343894224,7,64,2,1,6.5,9.5,9,11.4,0,0,0,0.0595818764390645,0.0595818764390645,0,0.36,0.36,0,weak_secondary,coarse_to_fine,default_config,default_coarse,default_refine,single,greedy_combined_B7,white,degree_based_el_sep,"[0,0.24,0.36,0.48,0.6,0.72]","[0,0.36,0.72]","[0,0.24,0.36,0.48,0.6,0.72]",1
79,10,20294634,3,0.16,0.24,0.08,0.12,0.32,0.48,8,10.2,0,0.2,0.99,150,0.3,0.83,0.37,30,0.990305278233052,-1,7.62,8.34,10.5,10.14,7.585,8.415,10.495,10.125,0.0585234995535977,0.0111803398874991,0,131461,131461,0,0,1,1,0,99149.4387880412,2.71983532443747,7,64,2,1,6.5,9.5,9,11.4,0,0,0,0.0595818764390645,0.0595818764390645,0,0.36,0.36,0,weak_secondary,full_fine,default_config,default_coarse,default_refine,single,greedy_combined_B7,white,degree_based_el_sep,"[0,0.24,0.36,0.48,0.6,0.72]","[0,0.36,0.72]","[0,0.24,0.36,0.48,0.6,0.72]",1
80,10,20294634,3,0.16,0.24,0.08,0.12,0.32,0.48,8,10.2,0,0.2,0.99,150,0.3,0.83,0.37,30,0.990305278233052,-1,7.62,8.34,10.5,10.14,7.585,8.415,10.495,10.125,0.0585234995535977,0.0111803398874991,0,18837,131461,7353,11484,6.97887137017572,1,0,99149.4387880412,2.71983532443747,7,64,2,1,6.5,9.5,9,11.4,0,0,1.45519152283669e-11,0.0595818764390645,0.0595818764390645,0,0.36,0.36,0,weak_secondary,coarse_to_fine,default_config,default_coarse,default_refine,single,greedy_combined_B7,white,degree_based_el_sep,"[0,0.24,0.36,0.48,0.6,0.72]","[0,0.36,0.72]","[0,0.24,0.36,0.48,0.6,0.72]",1
81,1,20295625,3,0.16,0.24,0.08,0.12,0.32,0.48,8,10.2,0,0.2,1,150,0.3,0.83,0.37,20,1,1,7.62,8.34,10.14,10.5,7.585,8.415,10.125,10.495,0.0585234995535977,0.0111803398874991,0,131461,131461,0,0,1,1,0,93165.0373851133,2.77947343894224,7,64,2,1,6.5,9.5,9,11.4,0,0,0,0.0595818764390645,0.0595818764390645,0,0.36,0.36,0,low_snr_hard,full_fine,default_config,default_coarse,default_refine,single,greedy_combined_B7,white,degree_based_el_sep,"[0,0.24,0.36,0.48,0.6,0.72]","[0,0.36,0.72]","[0,0.24,0.36,0.48,0.6,0.72]",1
82,1,20295625,3,0.16,0.24,0.08,0.12,0.32,0.48,8,10.2,0,0.2,1,150,0.3,0.83,0.37,20,1,1,7.62,8.34,10.14,10.5,7.585,8.415,10.125,10.495,0.0585234995535977,0.0111803398874991,0,18342,131461,7353,10989,7.16721186348272,1,0,93165.0373851133,2.77947343894224,7,64,2,1,6.5,9.5,9,11.4,0,0,-1.45519152283669e-11,0.0595818764390645,0.0595818764390645,0,0.36,0.36,0,low_snr_hard,coarse_to_fine,default_config,default_coarse,default_refine,single,greedy_combined_B7,white,degree_based_el_sep,"[0,0.24,0.36,0.48,0.6,0.72]","[0,0.36,0.72]","[0,0.24,0.36,0.48,0.6,0.72]",1
83,2,20295626,3,0.16,0.24,0.08,0.12,0.32,0.48,8,10.2,0,0.2,1,150,0.3,0.83,0.37,20,1,-1,7.62,8.34,10.5,10.14,7.585,8.415,10.495,10.125,0.0585234995535977,0.0111803398874991,0,131461,131461,0,0,1,1,0,99077.7107187672,2.71983532443747,7,64,2,1,6.5,9.5,9,11.4,0,0,0,0.0595818764390645,0.0595818764390645,0,0.36,0.36,0,low_snr_hard,full_fine,default_config,default_coarse,default_refine,single,greedy_combined_B7,white,degree_based_el_sep,"[0,0.24,0.36,0.48,0.6,0.72]","[0,0.36,0.72]","[0,0.24,0.36,0.48,0.6,0.72]",1
84,2,20295626,3,0.16,0.24,0.08,0.12,0.32,0.48,8,10.2,0,0.2,1,150,0.3,0.83,0.37,20,1,-1,7.62,8.34,10.5,10.14,7.585,8.415,10.495,10.125,0.0585234995535977,0.0111803398874991,0,18837,131461,7353,11484,6.97887137017572,1,0,99077.7107187671,2.71983532443747,7,64,2,1,6.5,9.5,9,11.4,0,0,2.91038304567337e-11,0.0595818764390645,0.0595818764390645,0,0.36,0.36,0,low_snr_hard,coarse_to_fine,default_config,default_coarse,default_refine,single,greedy_combined_B7,white,degree_based_el_sep,"[0,0.24,0.36,0.48,0.6,0.72]","[0,0.36,0.72]","[0,0.24,0.36,0.48,0.6,0.72]",1
85,3,20295627,3,0.16,0.24,0.08,0.12,0.32,0.48,8,10.2,0,0.2,1,150,0.3,0.83,0.37,20,1,1,7.62,8.34,10.14,10.5,7.585,8.415,10.125,10.495,0.0585234995535977,0.0111803398874991,0,131461,131461,0,0,1,1,0,93176.352875611,2.77947343894224,7,64,2,1,6.5,9.5,9,11.4,0,0,0,0.0595818764390645,0.0595818764390645,0,0.36,0.36,0,low_snr_hard,full_fine,default_config,default_coarse,default_refine,single,greedy_combined_B7,white,degree_based_el_sep,"[0,0.24,0.36,0.48,0.6,0.72]","[0,0.36,0.72]","[0,0.24,0.36,0.48,0.6,0.72]",1
86,3,20295627,3,0.16,0.24,0.08,0.12,0.32,0.48,8,10.2,0,0.2,1,150,0.3,0.83,0.37,20,1,1,7.62,8.34,10.14,10.5,7.585,8.415,10.125,10.495,0.0585234995535977,0.0111803398874991,0,18342,131461,7353,10989,7.16721186348272,1,0,93176.352875611,2.77947343894224,7,64,2,1,6.5,9.5,9,11.4,0,0,2.91038304567337e-11,0.0595818764390645,0.0595818764390645,0,0.36,0.36,0,low_snr_hard,coarse_to_fine,default_config,default_coarse,default_refine,single,greedy_combined_B7,white,degree_based_el_sep,"[0,0.24,0.36,0.48,0.6,0.72]","[0,0.36,0.72]","[0,0.24,0.36,0.48,0.6,0.72]",1
87,4,20295628,3,0.16,0.24,0.08,0.12,0.32,0.48,8,10.2,0,0.2,1,150,0.3,0.83,0.37,20,1,-1,7.62,8.34,10.5,10.14,7.585,8.415,10.495,10.125,0.0585234995535977,0.0111803398874991,0,131461,131461,0,0,1,1,0,99071.5359732517,2.71983532443747,7,64,2,1,6.5,9.5,9,11.4,0,0,0,0.0595818764390645,0.0595818764390645,0,0.36,0.36,0,low_snr_hard,full_fine,default_config,default_coarse,default_refine,single,greedy_combined_B7,white,degree_based_el_sep,"[0,0.24,0.36,0.48,0.6,0.72]","[0,0.36,0.72]","[0,0.24,0.36,0.48,0.6,0.72]",1
88,4,20295628,3,0.16,0.24,0.08,0.12,0.32,0.48,8,10.2,0,0.2,1,150,0.3,0.83,0.37,20,1,-1,7.62,8.34,10.5,10.14,7.585,8.415,10.495,10.125,0.0585234995535977,0.0111803398874991,0,18837,131461,7353,11484,6.97887137017572,1,0,99071.5359732517,2.71983532443747,7,64,2,1,6.5,9.5,9,11.4,0,0,-1.45519152283669e-11,0.0595818764390645,0.0595818764390645,0,0.36,0.36,0,low_snr_hard,coarse_to_fine,default_config,default_coarse,default_refine,single,greedy_combined_B7,white,degree_based_el_sep,"[0,0.24,0.36,0.48,0.6,0.72]","[0,0.36,0.72]","[0,0.24,0.36,0.48,0.6,0.72]",1
89,5,20295629,3,0.16,0.24,0.08,0.12,0.32,0.48,8,10.2,0,0.2,1,150,0.3,0.83,0.37,20,1,1,7.62,8.34,10.14,10.5,7.585,8.415,10.125,10.495,0.0585234995535977,0.0111803398874991,0,131461,131461,0,0,1,1,0,93193.5712939434,2.77947343894224,7,64,2,1,6.5,9.5,9,11.4,0,0,0,0.0595818764390645,0.0595818764390645,0,0.36,0.36,0,low_snr_hard,full_fine,default_config,default_coarse,default_refine,single,greedy_combined_B7,white,degree_based_el_sep,"[0,0.24,0.36,0.48,0.6,0.72]","[0,0.36,0.72]","[0,0.24,0.36,0.48,0.6,0.72]",1
90,5,20295629,3,0.16,0.24,0.08,0.12,0.32,0.48,8,10.2,0,0.2,1,150,0.3,0.83,0.37,20,1,1,7.62,8.34,10.14,10.5,7.585,8.415,10.125,10.495,0.0585234995535977,0.0111803398874991,0,18342,131461,7353,10989,7.16721186348272,1,0,93193.5712939434,2.77947343894224,7,64,2,1,6.5,9.5,9,11.4,0,0,-1.45519152283669e-11,0.0595818764390645,0.0595818764390645,0,0.36,0.36,0,low_snr_hard,coarse_to_fine,default_config,default_coarse,default_refine,single,greedy_combined_B7,white,degree_based_el_sep,"[0,0.24,0.36,0.48,0.6,0.72]","[0,0.36,0.72]","[0,0.24,0.36,0.48,0.6,0.72]",1
91,6,20295630,3,0.16,0.24,0.08,0.12,0.32,0.48,8,10.2,0,0.2,1,150,0.3,0.83,0.37,20,1,-1,7.62,8.34,10.5,10.14,7.585,8.415,10.495,10.125,0.0585234995535977,0.0111803398874991,0,131461,131461,0,0,1,1,0,99064.401447894,2.71983532443747,7,64,2,1,6.5,9.5,9,11.4,0,0,0,0.0595818764390645,0.0595818764390645,0,0.36,0.36,0,low_snr_hard,full_fine,default_config,default_coarse,default_refine,single,greedy_combined_B7,white,degree_based_el_sep,"[0,0.24,0.36,0.48,0.6,0.72]","[0,0.36,0.72]","[0,0.24,0.36,0.48,0.6,0.72]",1
92,6,20295630,3,0.16,0.24,0.08,0.12,0.32,0.48,8,10.2,0,0.2,1,150,0.3,0.83,0.37,20,1,-1,7.62,8.34,10.5,10.14,7.585,8.415,10.495,10.125,0.0585234995535977,0.0111803398874991,0,18837,131461,7353,11484,6.97887137017572,1,0,99064.401447894,2.71983532443747,7,64,2,1,6.5,9.5,9,11.4,0,0,2.91038304567337e-11,0.0595818764390645,0.0595818764390645,0,0.36,0.36,0,low_snr_hard,coarse_to_fine,default_config,default_coarse,default_refine,single,greedy_combined_B7,white,degree_based_el_sep,"[0,0.24,0.36,0.48,0.6,0.72]","[0,0.36,0.72]","[0,0.24,0.36,0.48,0.6,0.72]",1
93,7,20295631,3,0.16,0.24,0.08,0.12,0.32,0.48,8,10.2,0,0.2,1,150,0.3,0.83,0.37,20,1,1,7.62,8.34,10.14,10.5,7.585,8.415,10.125,10.495,0.0585234995535977,0.0111803398874991,0,131461,131461,0,0,1,1,0,93289.4655549828,2.77947343894224,7,64,2,1,6.5,9.5,9,11.4,0,0,0,0.0595818764390645,0.0595818764390645,0,0.36,0.36,0,low_snr_hard,full_fine,default_config,default_coarse,default_refine,single,greedy_combined_B7,white,degree_based_el_sep,"[0,0.24,0.36,0.48,0.6,0.72]","[0,0.36,0.72]","[0,0.24,0.36,0.48,0.6,0.72]",1
94,7,20295631,3,0.16,0.24,0.08,0.12,0.32,0.48,8,10.2,0,0.2,1,150,0.3,0.83,0.37,20,1,1,7.62,8.34,10.14,10.5,7.585,8.415,10.125,10.495,0.0585234995535977,0.0111803398874991,0,18342,131461,7353,10989,7.16721186348272,1,0,93289.4655549828,2.77947343894224,7,64,2,1,6.5,9.5,9,11.4,0,0,-2.91038304567337e-11,0.0595818764390645,0.0595818764390645,0,0.36,0.36,0,low_snr_hard,coarse_to_fine,default_config,default_coarse,default_refine,single,greedy_combined_B7,white,degree_based_el_sep,"[0,0.24,0.36,0.48,0.6,0.72]","[0,0.36,0.72]","[0,0.24,0.36,0.48,0.6,0.72]",1
95,8,20295632,3,0.16,0.24,0.08,0.12,0.32,0.48,8,10.2,0,0.2,1,150,0.3,0.83,0.37,20,1,-1,7.62,8.34,10.5,10.14,7.585,8.415,10.495,10.125,0.0585234995535977,0.0111803398874991,0,131461,131461,0,0,1,1,0,99025.8115129374,2.71983532443747,7,64,2,1,6.5,9.5,9,11.4,0,0,0,0.0595818764390645,0.0595818764390645,0,0.36,0.36,0,low_snr_hard,full_fine,default_config,default_coarse,default_refine,single,greedy_combined_B7,white,degree_based_el_sep,"[0,0.24,0.36,0.48,0.6,0.72]","[0,0.36,0.72]","[0,0.24,0.36,0.48,0.6,0.72]",1
96,8,20295632,3,0.16,0.24,0.08,0.12,0.32,0.48,8,10.2,0,0.2,1,150,0.3,0.83,0.37,20,1,-1,7.62,8.34,10.5,10.14,7.585,8.415,10.495,10.125,0.0585234995535977,0.0111803398874991,0,18837,131461,7353,11484,6.97887137017572,1,0,99025.8115129374,2.71983532443747,7,64,2,1,6.5,9.5,9,11.4,0,0,0,0.0595818764390645,0.0595818764390645,0,0.36,0.36,0,low_snr_hard,coarse_to_fine,default_config,default_coarse,default_refine,single,greedy_combined_B7,white,degree_based_el_sep,"[0,0.24,0.36,0.48,0.6,0.72]","[0,0.36,0.72]","[0,0.24,0.36,0.48,0.6,0.72]",1
97,9,20295633,3,0.16,0.24,0.08,0.12,0.32,0.48,8,10.2,0,0.2,1,150,0.3,0.83,0.37,20,1,1,7.62,8.34,10.14,10.5,7.585,8.415,10.125,10.495,0.0585234995535977,0.0111803398874991,0,131461,131461,0,0,1,1,0,93234.8506000851,2.77947343894224,7,64,2,1,6.5,9.5,9,11.4,0,0,0,0.0595818764390645,0.0595818764390645,0,0.36,0.36,0,low_snr_hard,full_fine,default_config,default_coarse,default_refine,single,greedy_combined_B7,white,degree_based_el_sep,"[0,0.24,0.36,0.48,0.6,0.72]","[0,0.36,0.72]","[0,0.24,0.36,0.48,0.6,0.72]",1
98,9,20295633,3,0.16,0.24,0.08,0.12,0.32,0.48,8,10.2,0,0.2,1,150,0.3,0.83,0.37,20,1,1,7.62,8.34,10.14,10.5,7.585,8.415,10.125,10.495,0.0585234995535977,0.0111803398874991,0,18342,131461,7353,10989,7.16721186348272,1,0,93234.8506000851,2.77947343894224,7,64,2,1,6.5,9.5,9,11.4,0,0,0,0.0595818764390645,0.0595818764390645,0,0.36,0.36,0,low_snr_hard,coarse_to_fine,default_config,default_coarse,default_refine,single,greedy_combined_B7,white,degree_based_el_sep,"[0,0.24,0.36,0.48,0.6,0.72]","[0,0.36,0.72]","[0,0.24,0.36,0.48,0.6,0.72]",1
99,10,20295634,3,0.16,0.24,0.08,0.12,0.32,0.48,8,10.2,0,0.2,1,150,0.3,0.83,0.37,20,1,-1,7.62,8.34,10.5,10.14,7.585,8.415,10.495,10.125,0.0585234995535977,0.0111803398874991,0,131461,131461,0,0,1,1,0,99007.334372637,2.71983532443747,7,64,2,1,6.5,9.5,9,11.4,0,0,0,0.0595818764390645,0.0595818764390645,0,0.36,0.36,0,low_snr_hard,full_fine,default_config,default_coarse,default_refine,single,greedy_combined_B7,white,degree_based_el_sep,"[0,0.24,0.36,0.48,0.6,0.72]","[0,0.36,0.72]","[0,0.24,0.36,0.48,0.6,0.72]",1
100,10,20295634,3,0.16,0.24,0.08,0.12,0.32,0.48,8,10.2,0,0.2,1,150,0.3,0.83,0.37,20,1,-1,7.62,8.34,10.5,10.14,7.585,8.415,10.495,10.125,0.0585234995535977,0.0111803398874991,0,18837,131461,7353,11484,6.97887137017572,1,0,99007.334372637,2.71983532443747,7,64,2,1,6.5,9.5,9,11.4,0,0,0,0.0595818764390645,0.0595818764390645,0,0.36,0.36,0,low_snr_hard,coarse_to_fine,default_config,default_coarse,default_refine,single,greedy_combined_B7,white,degree_based_el_sep,"[0,0.24,0.36,0.48,0.6,0.72]","[0,0.36,0.72]","[0,0.24,0.36,0.48,0.6,0.72]",1
1,1,20301625,3,0.16,0.24,0.08,0.12,0.32,0.48,8.2,10.2,0.2,0.2,0,0,1,1.27,0.67,30,0.120427530242288,1,7.34,8.62,9.96,10.68,7.365,8.635,9.975,10.645,0.0206155281280887,0.0269258240356711,0,131461,131461,0,0,1,1,0,204676.925335625,1.3073202313934,7,64,2,1,6.7,9.7,9,11.4,0,0,0,0.0339116499156255,0.0339116499156255,0,0.72,0.72,0,easy_noncoherent,full_fine,default_config,default_coarse,default_refine,single,greedy_combined_B7,white,degree_based_el_sep,"[0,0.24,0.36,0.48,0.6,0.72]","[0,0.36,0.72]","[0,0.24,0.36,0.48,0.6,0.72]",1
2,1,20301625,3,0.16,0.24,0.08,0.12,0.32,0.48,8.2,10.2,0.2,0.2,0,0,1,1.27,0.67,30,0.120427530242288,1,7.34,8.62,9.96,10.68,7.365,8.635,9.975,10.645,0.0206155281280887,0.0269258240356711,0,17154,131461,7353,9801,7.66357700827795,1,0,204676.925335625,1.3073202313934,7,64,2,1,6.7,9.7,9,11.4,0,0,-2.91038304567337e-11,0.0339116499156255,0.0339116499156255,0,0.72,0.72,0,easy_noncoherent,coarse_to_fine,default_config,default_coarse,default_refine,single,greedy_combined_B7,white,degree_based_el_sep,"[0,0.24,0.36,0.48,0.6,0.72]","[0,0.36,0.72]","[0,0.24,0.36,0.48,0.6,0.72]",1
3,2,20301626,3,0.16,0.24,0.08,0.12,0.32,0.48,8.2,10.2,0.2,0.2,0,0,1,1.27,0.67,30,0.18092376487837,-1,7.34,8.62,10.68,9.96,7.365,8.635,10.645,9.975,0.0206155281280887,0.0269258240356711,0,131461,131461,0,0,1,1,0,208107.705198354,1.37272612862217,7,64,2,1,6.7,9.7,9,11.4,0,0,0,0.0339116499156255,0.0339116499156255,0,0.72,0.72,0,easy_noncoherent,full_fine,default_config,default_coarse,default_refine,single,greedy_combined_B7,white,degree_based_el_sep,"[0,0.24,0.36,0.48,0.6,0.72]","[0,0.36,0.72]","[0,0.24,0.36,0.48,0.6,0.72]",1
4,2,20301626,3,0.16,0.24,0.08,0.12,0.32,0.48,8.2,10.2,0.2,0.2,0,0,1,1.27,0.67,30,0.18092376487837,-1,7.34,8.62,10.68,9.96,7.365,8.635,10.645,9.975,0.0206155281280887,0.0269258240356711,0,17154,131461,7353,9801,7.66357700827795,1,0,208107.705198354,1.37272612862217,7,64,2,1,6.7,9.7,9,11.4,0,0,-2.91038304567337e-11,0.0339116499156255,0.0339116499156255,0,0.72,0.72,0,easy_noncoherent,coarse_to_fine,default_config,default_coarse,default_refine,single,greedy_combined_B7,white,degree_based_el_sep,"[0,0.24,0.36,0.48,0.6,0.72]","[0,0.36,0.72]","[0,0.24,0.36,0.48,0.6,0.72]",1
5,3,20301627,3,0.16,0.24,0.08,0.12,0.32,0.48,8.2,10.2,0.2,0.2,0,0,1,1.27,0.67,30,0.0472641902874286,1,7.34,8.62,9.96,10.68,7.365,8.635,9.975,10.645,0.0206155281280887,0.0269258240356711,0,131461,131461,0,0,1,1,0,205719.965827223,1.3073202313934,7,64,2,1,6.7,9.7,9,11.4,0,0,0,0.0339116499156255,0.0339116499156255,0,0.72,0.72,0,easy_noncoherent,full_fine,default_config,default_coarse,default_refine,single,greedy_combined_B7,white,degree_based_el_sep,"[0,0.24,0.36,0.48,0.6,0.72]","[0,0.36,0.72]","[0,0.24,0.36,0.48,0.6,0.72]",1
6,3,20301627,3,0.16,0.24,0.08,0.12,0.32,0.48,8.2,10.2,0.2,0.2,0,0,1,1.27,0.67,30,0.0472641902874286,1,7.34,8.62,9.96,10.68,7.365,8.635,9.975,10.645,0.0206155281280887,0.0269258240356711,0,17154,131461,7353,9801,7.66357700827795,1,0,205719.965827223,1.3073202313934,7,64,2,1,6.7,9.7,9,11.4,0,0,0,0.0339116499156255,0.0339116499156255,0,0.72,0.72,0,easy_noncoherent,coarse_to_fine,default_config,default_coarse,default_refine,single,greedy_combined_B7,white,degree_based_el_sep,"[0,0.24,0.36,0.48,0.6,0.72]","[0,0.36,0.72]","[0,0.24,0.36,0.48,0.6,0.72]",1
7,4,20301628,3,0.16,0.24,0.08,0.12,0.32,0.48,8.2,10.2,0.2,0.2,0,0,1,1.27,0.67,30,0.0604503449350546,-1,7.34,8.62,10.68,9.96,7.365,8.635,10.645,9.975,0.0206155281280887,0.0269258240356711,0,131461,131461,0,0,1,1,0,201767.277392521,1.37272612862217,7,64,2,1,6.7,9.7,9,11.4,0,0,0,0.0339116499156255,0.0339116499156255,0,0.72,0.72,0,easy_noncoherent,full_fine,default_config,default_coarse,default_refine,single,greedy_combined_B7,white,degree_based_el_sep,"[0,0.24,0.36,0.48,0.6,0.72]","[0,0.36,0.72]","[0,0.24,0.36,0.48,0.6,0.72]",1
8,4,20301628,3,0.16,0.24,0.08,0.12,0.32,0.48,8.2,10.2,0.2,0.2,0,0,1,1.27,0.67,30,0.0604503449350546,-1,7.34,8.62,10.68,9.96,7.365,8.635,10.645,9.975,0.0206155281280887,0.0269258240356711,0,17154,131461,7353,9801,7.66357700827795,1,0,201767.277392521,1.37272612862217,7,64,2,1,6.7,9.7,9,11.4,0,0,-2.91038304567337e-11,0.0339116499156255,0.0339116499156255,0,0.72,0.72,0,easy_noncoherent,coarse_to_fine,default_config,default_coarse,default_refine,single,greedy_combined_B7,white,degree_based_el_sep,"[0,0.24,0.36,0.48,0.6,0.72]","[0,0.36,0.72]","[0,0.24,0.36,0.48,0.6,0.72]",1
9,5,20301629,3,0.16,0.24,0.08,0.12,0.32,0.48,8.2,10.2,0.2,0.2,0,0,1,1.27,0.67,30,0.0904041978462991,1,7.34,8.62,9.96,10.68,7.365,8.635,9.975,10.645,0.0206155281280887,0.0269258240356711,0,131461,131461,0,0,1,1,0,206960.344154575,1.3073202313934,7,64,2,1,6.7,9.7,9,11.4,0,0,0,0.0339116499156255,0.0339116499156255,0,0.72,0.72,0,easy_noncoherent,full_fine,default_config,default_coarse,default_refine,single,greedy_combined_B7,white,degree_based_el_sep,"[0,0.24,0.36,0.48,0.6,0.72]","[0,0.36,0.72]","[0,0.24,0.36,0.48,0.6,0.72]",1
10,5,20301629,3,0.16,0.24,0.08,0.12,0.32,0.48,8.2,10.2,0.2,0.2,0,0,1,1.27,0.67,30,0.0904041978462991,1,7.34,8.62,9.96,10.68,7.365,8.635,9.975,10.645,0.0206155281280887,0.0269258240356711,0,17154,131461,7353,9801,7.66357700827795,1,0,206960.344154575,1.3073202313934,7,64,2,1,6.7,9.7,9,11.4,0,0,0,0.0339116499156255,0.0339116499156255,0,0.72,0.72,0,easy_noncoherent,coarse_to_fine,default_config,default_coarse,default_refine,single,greedy_combined_B7,white,degree_based_el_sep,"[0,0.24,0.36,0.48,0.6,0.72]","[0,0.36,0.72]","[0,0.24,0.36,0.48,0.6,0.72]",1
11,6,20301630,3,0.16,0.24,0.08,0.12,0.32,0.48,8.2,10.2,0.2,0.2,0,0,1,1.27,0.67,30,0.14743884362762,-1,7.34,8.62,10.68,9.96,7.365,8.635,10.645,9.975,0.0206155281280887,0.0269258240356711,0,131461,131461,0,0,1,1,0,207172.287532172,1.37272612862217,7,64,2,1,6.7,9.7,9,11.4,0,0,0,0.0339116499156255,0.0339116499156255,0,0.72,0.72,0,easy_noncoherent,full_fine,default_config,default_coarse,default_refine,single,greedy_combined_B7,white,degree_based_el_sep,"[0,0.24,0.36,0.48,0.6,0.72]","[0,0.36,0.72]","[0,0.24,0.36,0.48,0.6,0.72]",1
12,6,20301630,3,0.16,0.24,0.08,0.12,0.32,0.48,8.2,10.2,0.2,0.2,0,0,1,1.27,0.67,30,0.14743884362762,-1,7.34,8.62,10.68,9.96,7.365,8.635,10.645,9.975,0.0206155281280887,0.0269258240356711,0,17154,131461,7353,9801,7.66357700827795,1,0,207172.287532172,1.37272612862217,7,64,2,1,6.7,9.7,9,11.4,0,0,0,0.0339116499156255,0.0339116499156255,0,0.72,0.72,0,easy_noncoherent,coarse_to_fine,default_config,default_coarse,default_refine,single,greedy_combined_B7,white,degree_based_el_sep,"[0,0.24,0.36,0.48,0.6,0.72]","[0,0.36,0.72]","[0,0.24,0.36,0.48,0.6,0.72]",1
13,7,20301631,3,0.16,0.24,0.08,0.12,0.32,0.48,8.2,10.2,0.2,0.2,0,0,1,1.27,0.67,30,0.0614939176387961,1,7.34,8.62,9.96,10.68,7.365,8.635,9.975,10.645,0.0206155281280887,0.0269258240356711,0,131461,131461,0,0,1,1,0,206357.916632631,1.3073202313934,7,64,2,1,6.7,9.7,9,11.4,0,0,0,0.0339116499156255,0.0339116499156255,0,0.72,0.72,0,easy_noncoherent,full_fine,default_config,default_coarse,default_refine,single,greedy_combined_B7,white,degree_based_el_sep,"[0,0.24,0.36,0.48,0.6,0.72]","[0,0.36,0.72]","[0,0.24,0.36,0.48,0.6,0.72]",1
14,7,20301631,3,0.16,0.24,0.08,0.12,0.32,0.48,8.2,10.2,0.2,0.2,0,0,1,1.27,0.67,30,0.0614939176387961,1,7.34,8.62,9.96,10.68,7.365,8.635,9.975,10.645,0.0206155281280887,0.0269258240356711,0,17154,131461,7353,9801,7.66357700827795,1,0,206357.916632631,1.3073202313934,7,64,2,1,6.7,9.7,9,11.4,0,0,-2.91038304567337e-11,0.0339116499156255,0.0339116499156255,0,0.72,0.72,0,easy_noncoherent,coarse_to_fine,default_config,default_coarse,default_refine,single,greedy_combined_B7,white,degree_based_el_sep,"[0,0.24,0.36,0.48,0.6,0.72]","[0,0.36,0.72]","[0,0.24,0.36,0.48,0.6,0.72]",1
15,8,20301632,3,0.16,0.24,0.08,0.12,0.32,0.48,8.2,10.2,0.2,0.2,0,0,1,1.27,0.67,30,0.118555262008024,-1,7.34,8.62,10.68,9.96,7.365,8.635,10.645,9.975,0.0206155281280887,0.0269258240356711,0,131461,131461,0,0,1,1,0,203708.200920906,1.37272612862217,7,64,2,1,6.7,9.7,9,11.4,0,0,0,0.0339116499156255,0.0339116499156255,0,0.72,0.72,0,easy_noncoherent,full_fine,default_config,default_coarse,default_refine,single,greedy_combined_B7,white,degree_based_el_sep,"[0,0.24,0.36,0.48,0.6,0.72]","[0,0.36,0.72]","[0,0.24,0.36,0.48,0.6,0.72]",1
16,8,20301632,3,0.16,0.24,0.08,0.12,0.32,0.48,8.2,10.2,0.2,0.2,0,0,1,1.27,0.67,30,0.118555262008024,-1,7.34,8.62,10.68,9.96,7.365,8.635,10.645,9.975,0.0206155281280887,0.0269258240356711,0,17154,131461,7353,9801,7.66357700827795,1,0,203708.200920906,1.37272612862217,7,64,2,1,6.7,9.7,9,11.4,0,0,5.82076609134674e-11,0.0339116499156255,0.0339116499156255,0,0.72,0.72,0,easy_noncoherent,coarse_to_fine,default_config,default_coarse,default_refine,single,greedy_combined_B7,white,degree_based_el_sep,"[0,0.24,0.36,0.48,0.6,0.72]","[0,0.36,0.72]","[0,0.24,0.36,0.48,0.6,0.72]",1
17,9,20301633,3,0.16,0.24,0.08,0.12,0.32,0.48,8.2,10.2,0.2,0.2,0,0,1,1.27,0.67,30,0.133343828829416,1,7.34,8.62,9.96,10.68,7.365,8.635,9.975,10.645,0.0206155281280887,0.0269258240356711,0,131461,131461,0,0,1,1,0,206637.032999046,1.3073202313934,7,64,2,1,6.7,9.7,9,11.4,0,0,0,0.0339116499156255,0.0339116499156255,0,0.72,0.72,0,easy_noncoherent,full_fine,default_config,default_coarse,default_refine,single,greedy_combined_B7,white,degree_based_el_sep,"[0,0.24,0.36,0.48,0.6,0.72]","[0,0.36,0.72]","[0,0.24,0.36,0.48,0.6,0.72]",1
18,9,20301633,3,0.16,0.24,0.08,0.12,0.32,0.48,8.2,10.2,0.2,0.2,0,0,1,1.27,0.67,30,0.133343828829416,1,7.34,8.62,9.96,10.68,7.365,8.635,9.975,10.645,0.0206155281280887,0.0269258240356711,0,17154,131461,7353,9801,7.66357700827795,1,0,206637.032999045,1.3073202313934,7,64,2,1,6.7,9.7,9,11.4,0,0,5.82076609134674e-11,0.0339116499156255,0.0339116499156255,0,0.72,0.72,0,easy_noncoherent,coarse_to_fine,default_config,default_coarse,default_refine,single,greedy_combined_B7,white,degree_based_el_sep,"[0,0.24,0.36,0.48,0.6,0.72]","[0,0.36,0.72]","[0,0.24,0.36,0.48,0.6,0.72]",1
19,10,20301634,3,0.16,0.24,0.08,0.12,0.32,0.48,8.2,10.2,0.2,0.2,0,0,1,1.27,0.67,30,0.187166034345197,-1,7.34,8.62,10.68,9.96,7.365,8.635,10.645,9.975,0.0206155281280887,0.0269258240356711,0,131461,131461,0,0,1,1,0,207569.643087769,1.37272612862217,7,64,2,1,6.7,9.7,9,11.4,0,0,0,0.0339116499156255,0.0339116499156255,0,0.72,0.72,0,easy_noncoherent,full_fine,default_config,default_coarse,default_refine,single,greedy_combined_B7,white,degree_based_el_sep,"[0,0.24,0.36,0.48,0.6,0.72]","[0,0.36,0.72]","[0,0.24,0.36,0.48,0.6,0.72]",1
20,10,20301634,3,0.16,0.24,0.08,0.12,0.32,0.48,8.2,10.2,0.2,0.2,0,0,1,1.27,0.67,30,0.187166034345197,-1,7.34,8.62,10.68,9.96,7.365,8.635,10.645,9.975,0.0206155281280887,0.0269258240356711,0,17154,131461,7353,9801,7.66357700827795,1,0,207569.643087769,1.37272612862217,7,64,2,1,6.7,9.7,9,11.4,0,0,-5.82076609134674e-11,0.0339116499156255,0.0339116499156255,0,0.72,0.72,0,easy_noncoherent,coarse_to_fine,default_config,default_coarse,default_refine,single,greedy_combined_B7,white,degree_based_el_sep,"[0,0.24,0.36,0.48,0.6,0.72]","[0,0.36,0.72]","[0,0.24,0.36,0.48,0.6,0.72]",1
21,1,20302625,3,0.16,0.24,0.08,0.12,0.32,0.48,8.2,10.2,0.2,0.2,0.99,5,1,1.27,0.37,30,0.989860536043505,1,7.34,8.62,10.14,10.5,7.365,8.635,10.125,10.495,0.0206155281280887,0.0111803398874991,0,131461,131461,0,0,1,1,0,199553.619818672,1.29755403232306,7,64,2,1,6.7,9.7,9,11.4,0,0,0,0.0234520787991176,0.0234520787991176,0,0.36,0.36,0,strong_coherent,full_fine,default_config,default_coarse,default_refine,single,greedy_combined_B7,white,degree_based_el_sep,"[0,0.24,0.36,0.48,0.6,0.72]","[0,0.36,0.72]","[0,0.24,0.36,0.48,0.6,0.72]",1
22,1,20302625,3,0.16,0.24,0.08,0.12,0.32,0.48,8.2,10.2,0.2,0.2,0.99,5,1,1.27,0.37,30,0.989860536043505,1,7.34,8.62,10.14,10.5,7.365,8.635,10.125,10.495,0.0206155281280887,0.0111803398874991,0,17154,131461,7353,9801,7.66357700827795,1,0,199553.619818672,1.29755403232306,7,64,2,1,6.7,9.7,9,11.4,0,0,0,0.0234520787991176,0.0234520787991176,0,0.36,0.36,0,strong_coherent,coarse_to_fine,default_config,default_coarse,default_refine,single,greedy_combined_B7,white,degree_based_el_sep,"[0,0.24,0.36,0.48,0.6,0.72]","[0,0.36,0.72]","[0,0.24,0.36,0.48,0.6,0.72]",1
23,2,20302626,3,0.16,0.24,0.08,0.12,0.32,0.48,8.2,10.2,0.2,0.2,0.99,5,1,1.27,0.37,30,0.990242692584409,-1,7.34,8.62,10.5,10.14,7.365,8.635,10.495,10.125,0.0206155281280887,0.0111803398874991,0,131461,131461,0,0,1,1,0,192267.151213144,1.33123169410075,7,64,2,1,6.7,9.7,9,11.4,0,0,0,0.0234520787991176,0.0234520787991176,0,0.36,0.36,0,strong_coherent,full_fine,default_config,default_coarse,default_refine,single,greedy_combined_B7,white,degree_based_el_sep,"[0,0.24,0.36,0.48,0.6,0.72]","[0,0.36,0.72]","[0,0.24,0.36,0.48,0.6,0.72]",1
24,2,20302626,3,0.16,0.24,0.08,0.12,0.32,0.48,8.2,10.2,0.2,0.2,0.99,5,1,1.27,0.37,30,0.990242692584409,-1,7.34,8.62,10.5,10.14,7.365,8.635,10.495,10.125,0.0206155281280887,0.0111803398874991,0,17154,131461,7353,9801,7.66357700827795,1,0,192267.151213144,1.33123169410075,7,64,2,1,6.7,9.7,9,11.4,0,0,5.82076609134674e-11,0.0234520787991176,0.0234520787991176,0,0.36,0.36,0,strong_coherent,coarse_to_fine,default_config,default_coarse,default_refine,single,greedy_combined_B7,white,degree_based_el_sep,"[0,0.24,0.36,0.48,0.6,0.72]","[0,0.36,0.72]","[0,0.24,0.36,0.48,0.6,0.72]",1
25,3,20302627,3,0.16,0.24,0.08,0.12,0.32,0.48,8.2,10.2,0.2,0.2,0.99,5,1,1.27,0.37,30,0.990025454752316,1,7.34,8.62,10.14,10.5,7.365,8.635,10.125,10.495,0.0206155281280887,0.0111803398874991,0,131461,131461,0,0,1,1,0,199464.625412771,1.29755403232306,7,64,2,1,6.7,9.7,9,11.4,0,0,0,0.0234520787991176,0.0234520787991176,0,0.36,0.36,0,strong_coherent,full_fine,default_config,default_coarse,default_refine,single,greedy_combined_B7,white,degree_based_el_sep,"[0,0.24,0.36,0.48,0.6,0.72]","[0,0.36,0.72]","[0,0.24,0.36,0.48,0.6,0.72]",1
26,3,20302627,3,0.16,0.24,0.08,0.12,0.32,0.48,8.2,10.2,0.2,0.2,0.99,5,1,1.27,0.37,30,0.990025454752316,1,7.34,8.62,10.14,10.5,7.365,8.635,10.125,10.495,0.0206155281280887,0.0111803398874991,0,17154,131461,7353,9801,7.66357700827795,1,0,199464.625412771,1.29755403232306,7,64,2,1,6.7,9.7,9,11.4,0,0,-2.91038304567337e-11,0.0234520787991176,0.0234520787991176,0,0.36,0.36,0,strong_coherent,coarse_to_fine,default_config,default_coarse,default_refine,single,greedy_combined_B7,white,degree_based_el_sep,"[0,0.24,0.36,0.48,0.6,0.72]","[0,0.36,0.72]","[0,0.24,0.36,0.48,0.6,0.72]",1
27,4,20302628,3,0.16,0.24,0.08,0.12,0.32,0.48,8.2,10.2,0.2,0.2,0.99,5,1,1.27,0.37,30,0.990659900499943,-1,7.34,8.62,10.5,10.14,7.365,8.635,10.495,10.125,0.0206155281280887,0.0111803398874991,0,131461,131461,0,0,1,1,0,192227.404159215,1.33123169410075,7,64,2,1,6.7,9.7,9,11.4,0,0,0,0.0234520787991176,0.0234520787991176,0,0.36,0.36,0,strong_coherent,full_fine,default_config,default_coarse,default_refine,single,greedy_combined_B7,white,degree_based_el_sep,"[0,0.24,0.36,0.48,0.6,0.72]","[0,0.36,0.72]","[0,0.24,0.36,0.48,0.6,0.72]",1
28,4,20302628,3,0.16,0.24,0.08,0.12,0.32,0.48,8.2,10.2,0.2,0.2,0.99,5,1,1.27,0.37,30,0.990659900499943,-1,7.34,8.62,10.5,10.14,7.365,8.635,10.495,10.125,0.0206155281280887,0.0111803398874991,0,17154,131461,7353,9801,7.66357700827795,1,0,192227.404159215,1.33123169410075,7,64,2,1,6.7,9.7,9,11.4,0,0,5.82076609134674e-11,0.0234520787991176,0.0234520787991176,0,0.36,0.36,0,strong_coherent,coarse_to_fine,default_config,default_coarse,default_refine,single,greedy_combined_B7,white,degree_based_el_sep,"[0,0.24,0.36,0.48,0.6,0.72]","[0,0.36,0.72]","[0,0.24,0.36,0.48,0.6,0.72]",1
29,5,20302629,3,0.16,0.24,0.08,0.12,0.32,0.48,8.2,10.2,0.2,0.2,0.99,5,1,1.27,0.37,30,0.990470363113934,1,7.34,8.62,10.14,10.5,7.365,8.635,10.125,10.495,0.0206155281280887,0.0111803398874991,0,131461,131461,0,0,1,1,0,199778.403971092,1.29755403232306,7,64,2,1,6.7,9.7,9,11.4,0,0,0,0.0234520787991176,0.0234520787991176,0,0.36,0.36,0,strong_coherent,full_fine,default_config,default_coarse,default_refine,single,greedy_combined_B7,white,degree_based_el_sep,"[0,0.24,0.36,0.48,0.6,0.72]","[0,0.36,0.72]","[0,0.24,0.36,0.48,0.6,0.72]",1
30,5,20302629,3,0.16,0.24,0.08,0.12,0.32,0.48,8.2,10.2,0.2,0.2,0.99,5,1,1.27,0.37,30,0.990470363113934,1,7.34,8.62,10.14,10.5,7.365,8.635,10.125,10.495,0.0206155281280887,0.0111803398874991,0,17154,131461,7353,9801,7.66357700827795,1,0,199778.403971092,1.29755403232306,7,64,2,1,6.7,9.7,9,11.4,0,0,0,0.0234520787991176,0.0234520787991176,0,0.36,0.36,0,strong_coherent,coarse_to_fine,default_config,default_coarse,default_refine,single,greedy_combined_B7,white,degree_based_el_sep,"[0,0.24,0.36,0.48,0.6,0.72]","[0,0.36,0.72]","[0,0.24,0.36,0.48,0.6,0.72]",1
31,6,20302630,3,0.16,0.24,0.08,0.12,0.32,0.48,8.2,10.2,0.2,0.2,0.99,5,1,1.27,0.37,30,0.989871155033168,-1,7.34,8.62,10.5,10.14,7.365,8.635,10.495,10.125,0.0206155281280887,0.0111803398874991,0,131461,131461,0,0,1,1,0,192049.859190334,1.33123169410075,7,64,2,1,6.7,9.7,9,11.4,0,0,0,0.0234520787991176,0.0234520787991176,0,0.36,0.36,0,strong_coherent,full_fine,default_config,default_coarse,default_refine,single,greedy_combined_B7,white,degree_based_el_sep,"[0,0.24,0.36,0.48,0.6,0.72]","[0,0.36,0.72]","[0,0.24,0.36,0.48,0.6,0.72]",1
32,6,20302630,3,0.16,0.24,0.08,0.12,0.32,0.48,8.2,10.2,0.2,0.2,0.99,5,1,1.27,0.37,30,0.989871155033168,-1,7.34,8.62,10.5,10.14,7.365,8.635,10.495,10.125,0.0206155281280887,0.0111803398874991,0,17154,131461,7353,9801,7.66357700827795,1,0,192049.859190334,1.33123169410075,7,64,2,1,6.7,9.7,9,11.4,0,0,5.82076609134674e-11,0.0234520787991176,0.0234520787991176,0,0.36,0.36,0,strong_coherent,coarse_to_fine,default_config,default_coarse,default_refine,single,greedy_combined_B7,white,degree_based_el_sep,"[0,0.24,0.36,0.48,0.6,0.72]","[0,0.36,0.72]","[0,0.24,0.36,0.48,0.6,0.72]",1
33,7,20302631,3,0.16,0.24,0.08,0.12,0.32,0.48,8.2,10.2,0.2,0.2,0.99,5,1,1.27,0.37,30,0.990373079620312,1,7.34,8.62,10.14,10.5,7.365,8.635,10.125,10.495,0.0206155281280887,0.0111803398874991,0,131461,131461,0,0,1,1,0,199451.770057834,1.29755403232306,7,64,2,1,6.7,9.7,9,11.4,0,0,0,0.0234520787991176,0.0234520787991176,0,0.36,0.36,0,strong_coherent,full_fine,default_config,default_coarse,default_refine,single,greedy_combined_B7,white,degree_based_el_sep,"[0,0.24,0.36,0.48,0.6,0.72]","[0,0.36,0.72]","[0,0.24,0.36,0.48,0.6,0.72]",1
34,7,20302631,3,0.16,0.24,0.08,0.12,0.32,0.48,8.2,10.2,0.2,0.2,0.99,5,1,1.27,0.37,30,0.990373079620312,1,7.34,8.62,10.14,10.5,7.365,8.635,10.125,10.495,0.0206155281280887,0.0111803398874991,0,17154,131461,7353,9801,7.66357700827795,1,0,199451.770057834,1.29755403232306,7,64,2,1,6.7,9.7,9,11.4,0,0,2.91038304567337e-11,0.0234520787991176,0.0234520787991176,0,0.36,0.36,0,strong_coherent,coarse_to_fine,default_config,default_coarse,default_refine,single,greedy_combined_B7,white,degree_based_el_sep,"[0,0.24,0.36,0.48,0.6,0.72]","[0,0.36,0.72]","[0,0.24,0.36,0.48,0.6,0.72]",1
35,8,20302632,3,0.16,0.24,0.08,0.12,0.32,0.48,8.2,10.2,0.2,0.2,0.99,5,1,1.27,0.37,30,0.990559448290208,-1,7.34,8.62,10.5,10.14,7.365,8.635,10.495,10.125,0.0206155281280887,0.0111803398874991,0,131461,131461,0,0,1,1,0,192510.438165111,1.33123169410075,7,64,2,1,6.7,9.7,9,11.4,0,0,0,0.0234520787991176,0.0234520787991176,0,0.36,0.36,0,strong_coherent,full_fine,default_config,default_coarse,default_refine,single,greedy_combined_B7,white,degree_based_el_sep,"[0,0.24,0.36,0.48,0.6,0.72]","[0,0.36,0.72]","[0,0.24,0.36,0.48,0.6,0.72]",1
36,8,20302632,3,0.16,0.24,0.08,0.12,0.32,0.48,8.2,10.2,0.2,0.2,0.99,5,1,1.27,0.37,30,0.990559448290208,-1,7.34,8.62,10.5,10.14,7.365,8.635,10.495,10.125,0.0206155281280887,0.0111803398874991,0,17154,131461,7353,9801,7.66357700827795,1,0,192510.438165111,1.33123169410075,7,64,2,1,6.7,9.7,9,11.4,0,0,0,0.0234520787991176,0.0234520787991176,0,0.36,0.36,0,strong_coherent,coarse_to_fine,default_config,default_coarse,default_refine,single,greedy_combined_B7,white,degree_based_el_sep,"[0,0.24,0.36,0.48,0.6,0.72]","[0,0.36,0.72]","[0,0.24,0.36,0.48,0.6,0.72]",1
37,9,20302633,3,0.16,0.24,0.08,0.12,0.32,0.48,8.2,10.2,0.2,0.2,0.99,5,1,1.27,0.37,30,0.990148972274331,1,7.34,8.62,10.14,10.5,7.365,8.635,10.125,10.495,0.0206155281280887,0.0111803398874991,0,131461,131461,0,0,1,1,0,199409.252624576,1.29755403232306,7,64,2,1,6.7,9.7,9,11.4,0,0,0,0.0234520787991176,0.0234520787991176,0,0.36,0.36,0,strong_coherent,full_fine,default_config,default_coarse,default_refine,single,greedy_combined_B7,white,degree_based_el_sep,"[0,0.24,0.36,0.48,0.6,0.72]","[0,0.36,0.72]","[0,0.24,0.36,0.48,0.6,0.72]",1
38,9,20302633,3,0.16,0.24,0.08,0.12,0.32,0.48,8.2,10.2,0.2,0.2,0.99,5,1,1.27,0.37,30,0.990148972274331,1,7.34,8.62,10.14,10.5,7.365,8.635,10.125,10.495,0.0206155281280887,0.0111803398874991,0,17154,131461,7353,9801,7.66357700827795,1,0,199409.252624576,1.29755403232306,7,64,2,1,6.7,9.7,9,11.4,0,0,5.82076609134674e-11,0.0234520787991176,0.0234520787991176,0,0.36,0.36,0,strong_coherent,coarse_to_fine,default_config,default_coarse,default_refine,single,greedy_combined_B7,white,degree_based_el_sep,"[0,0.24,0.36,0.48,0.6,0.72]","[0,0.36,0.72]","[0,0.24,0.36,0.48,0.6,0.72]",1
39,10,20302634,3,0.16,0.24,0.08,0.12,0.32,0.48,8.2,10.2,0.2,0.2,0.99,5,1,1.27,0.37,30,0.989922045576005,-1,7.34,8.62,10.5,10.14,7.365,8.635,10.495,10.125,0.0206155281280887,0.0111803398874991,0,131461,131461,0,0,1,1,0,192325.480898609,1.33123169410075,7,64,2,1,6.7,9.7,9,11.4,0,0,0,0.0234520787991176,0.0234520787991176,0,0.36,0.36,0,strong_coherent,full_fine,default_config,default_coarse,default_refine,single,greedy_combined_B7,white,degree_based_el_sep,"[0,0.24,0.36,0.48,0.6,0.72]","[0,0.36,0.72]","[0,0.24,0.36,0.48,0.6,0.72]",1
40,10,20302634,3,0.16,0.24,0.08,0.12,0.32,0.48,8.2,10.2,0.2,0.2,0.99,5,1,1.27,0.37,30,0.989922045576005,-1,7.34,8.62,10.5,10.14,7.365,8.635,10.495,10.125,0.0206155281280887,0.0111803398874991,0,17154,131461,7353,9801,7.66357700827795,1,0,192325.480898609,1.33123169410075,7,64,2,1,6.7,9.7,9,11.4,0,0,-2.91038304567337e-11,0.0234520787991176,0.0234520787991176,0,0.36,0.36,0,strong_coherent,coarse_to_fine,default_config,default_coarse,default_refine,single,greedy_combined_B7,white,degree_based_el_sep,"[0,0.24,0.36,0.48,0.6,0.72]","[0,0.36,0.72]","[0,0.24,0.36,0.48,0.6,0.72]",1
41,1,20303625,3,0.16,0.24,0.08,0.12,0.32,0.48,8.2,10.2,0.2,0.2,0.99,150,1,0.83,0.37,30,0.989950824529778,1,7.58,8.38,10.14,10.5,7.585,8.415,10.125,10.495,0.0249999999999988,0.0111803398874991,0,131461,131461,0,0,1,1,0,141129.914972045,2.21497442246672,7,64,2,1,6.7,9.7,9,11.4,0,0,0,0.0273861278752573,0.0273861278752573,0,0.36,0.36,0,hard_phase,full_fine,default_config,default_coarse,default_refine,single,greedy_combined_B7,white,degree_based_el_sep,"[0,0.24,0.36,0.48,0.6,0.72]","[0,0.36,0.72]","[0,0.24,0.36,0.48,0.6,0.72]",1
42,1,20303625,3,0.16,0.24,0.08,0.12,0.32,0.48,8.2,10.2,0.2,0.2,0.99,150,1,0.83,0.37,30,0.989950824529778,1,7.58,8.38,10.14,10.5,7.585,8.415,10.125,10.495,0.0249999999999988,0.0111803398874991,0,20223,131461,7353,12870,6.50056865944716,1,0,141129.914972045,2.21497442246672,7,64,2,1,6.7,9.7,9,11.4,0,0,0,0.0273861278752573,0.0273861278752573,0,0.36,0.36,0,hard_phase,coarse_to_fine,default_config,default_coarse,default_refine,single,greedy_combined_B7,white,degree_based_el_sep,"[0,0.24,0.36,0.48,0.6,0.72]","[0,0.36,0.72]","[0,0.24,0.36,0.48,0.6,0.72]",1
43,2,20303626,3,0.16,0.24,0.08,0.12,0.32,0.48,8.2,10.2,0.2,0.2,0.99,150,1,0.83,0.37,30,0.990445637359996,-1,7.58,8.38,10.5,10.14,7.585,8.415,10.495,10.125,0.0249999999999988,0.0111803398874991,0,131461,131461,0,0,1,1,0,178037.915991073,2.16974011326684,7,64,2,1,6.7,9.7,9,11.4,0,0,0,0.0273861278752573,0.0273861278752573,0,0.36,0.36,0,hard_phase,full_fine,default_config,default_coarse,default_refine,single,greedy_combined_B7,white,degree_based_el_sep,"[0,0.24,0.36,0.48,0.6,0.72]","[0,0.36,0.72]","[0,0.24,0.36,0.48,0.6,0.72]",1
44,2,20303626,3,0.16,0.24,0.08,0.12,0.32,0.48,8.2,10.2,0.2,0.2,0.99,150,1,0.83,0.37,30,0.990445637359996,-1,7.58,8.38,10.5,10.14,7.585,8.415,10.495,10.125,0.0249999999999988,0.0111803398874991,0,18936,131461,7353,11583,6.94238487536967,1,0,178037.915991073,2.16974011326684,7,64,2,1,6.7,9.7,9,11.4,0,0,-2.91038304567337e-11,0.0273861278752573,0.0273861278752573,0,0.36,0.36,0,hard_phase,coarse_to_fine,default_config,default_coarse,default_refine,single,greedy_combined_B7,white,degree_based_el_sep,"[0,0.24,0.36,0.48,0.6,0.72]","[0,0.36,0.72]","[0,0.24,0.36,0.48,0.6,0.72]",1
45,3,20303627,3,0.16,0.24,0.08,0.12,0.32,0.48,8.2,10.2,0.2,0.2,0.99,150,1,0.83,0.37,30,0.990195601494419,1,7.58,8.38,10.14,10.5,7.585,8.415,10.125,10.495,0.0249999999999988,0.0111803398874991,0,131461,131461,0,0,1,1,0,141001.207944361,2.21497442246672,7,64,2,1,6.7,9.7,9,11.4,0,0,0,0.0273861278752573,0.0273861278752573,0,0.36,0.36,0,hard_phase,full_fine,default_config,default_coarse,default_refine,single,greedy_combined_B7,white,degree_based_el_sep,"[0,0.24,0.36,0.48,0.6,0.72]","[0,0.36,0.72]","[0,0.24,0.36,0.48,0.6,0.72]",1
46,3,20303627,3,0.16,0.24,0.08,0.12,0.32,0.48,8.2,10.2,0.2,0.2,0.99,150,1,0.83,0.37,30,0.990195601494419,1,7.58,8.38,10.14,10.5,7.585,8.415,10.125,10.495,0.0249999999999988,0.0111803398874991,0,20223,131461,7353,12870,6.50056865944716,1,0,141001.207944361,2.21497442246672,7,64,2,1,6.7,9.7,9,11.4,0,0,5.82076609134674e-11,0.0273861278752573,0.0273861278752573,0,0.36,0.36,0,hard_phase,coarse_to_fine,default_config,default_coarse,default_refine,single,greedy_combined_B7,white,degree_based_el_sep,"[0,0.24,0.36,0.48,0.6,0.72]","[0,0.36,0.72]","[0,0.24,0.36,0.48,0.6,0.72]",1
47,4,20303628,3,0.16,0.24,0.08,0.12,0.32,0.48,8.2,10.2,0.2,0.2,0.99,150,1,0.83,0.37,30,0.990070849033899,-1,7.58,8.38,10.5,10.14,7.585,8.415,10.495,10.125,0.0249999999999988,0.0111803398874991,0,131461,131461,0,0,1,1,0,178383.095259672,2.16974011326684,7,64,2,1,6.7,9.7,9,11.4,0,0,0,0.0273861278752573,0.0273861278752573,0,0.36,0.36,0,hard_phase,full_fine,default_config,default_coarse,default_refine,single,greedy_combined_B7,white,degree_based_el_sep,"[0,0.24,0.36,0.48,0.6,0.72]","[0,0.36,0.72]","[0,0.24,0.36,0.48,0.6,0.72]",1
48,4,20303628,3,0.16,0.24,0.08,0.12,0.32,0.48,8.2,10.2,0.2,0.2,0.99,150,1,0.83,0.37,30,0.990070849033899,-1,7.58,8.38,10.5,10.14,7.585,8.415,10.495,10.125,0.0249999999999988,0.0111803398874991,0,18936,131461,7353,11583,6.94238487536967,1,0,178383.095259672,2.16974011326684,7,64,2,1,6.7,9.7,9,11.4,0,0,-2.91038304567337e-11,0.0273861278752573,0.0273861278752573,0,0.36,0.36,0,hard_phase,coarse_to_fine,default_config,default_coarse,default_refine,single,greedy_combined_B7,white,degree_based_el_sep,"[0,0.24,0.36,0.48,0.6,0.72]","[0,0.36,0.72]","[0,0.24,0.36,0.48,0.6,0.72]",1
49,5,20303629,3,0.16,0.24,0.08,0.12,0.32,0.48,8.2,10.2,0.2,0.2,0.99,150,1,0.83,0.37,30,0.989860544414392,1,7.58,8.38,10.14,10.5,7.585,8.415,10.125,10.495,0.0249999999999988,0.0111803398874991,0,131461,131461,0,0,1,1,0,141074.798956135,2.21497442246672,7,64,2,1,6.7,9.7,9,11.4,0,0,0,0.0273861278752573,0.0273861278752573,0,0.36,0.36,0,hard_phase,full_fine,default_config,default_coarse,default_refine,single,greedy_combined_B7,white,degree_based_el_sep,"[0,0.24,0.36,0.48,0.6,0.72]","[0,0.36,0.72]","[0,0.24,0.36,0.48,0.6,0.72]",1
50,5,20303629,3,0.16,0.24,0.08,0.12,0.32,0.48,8.2,10.2,0.2,0.2,0.99,150,1,0.83,0.37,30,0.989860544414392,1,7.58,8.38,10.14,10.5,7.585,8.415,10.125,10.495,0.0249999999999988,0.0111803398874991,0,20223,131461,7353,12870,6.50056865944716,1,0,141074.798956135,2.21497442246672,7,64,2,1,6.7,9.7,9,11.4,0,0,2.91038304567337e-11,0.0273861278752573,0.0273861278752573,0,0.36,0.36,0,hard_phase,coarse_to_fine,default_config,default_coarse,default_refine,single,greedy_combined_B7,white,degree_based_el_sep,"[0,0.24,0.36,0.48,0.6,0.72]","[0,0.36,0.72]","[0,0.24,0.36,0.48,0.6,0.72]",1
51,6,20303630,3,0.16,0.24,0.08,0.12,0.32,0.48,8.2,10.2,0.2,0.2,0.99,150,1,0.83,0.37,30,0.990018343285758,-1,7.58,8.38,10.5,10.14,7.585,8.415,10.495,10.125,0.0249999999999988,0.0111803398874991,0,131461,131461,0,0,1,1,0,178131.357186584,2.16974011326684,7,64,2,1,6.7,9.7,9,11.4,0,0,0,0.0273861278752573,0.0273861278752573,0,0.36,0.36,0,hard_phase,full_fine,default_config,default_coarse,default_refine,single,greedy_combined_B7,white,degree_based_el_sep,"[0,0.24,0.36,0.48,0.6,0.72]","[0,0.36,0.72]","[0,0.24,0.36,0.48,0.6,0.72]",1
52,6,20303630,3,0.16,0.24,0.08,0.12,0.32,0.48,8.2,10.2,0.2,0.2,0.99,150,1,0.83,0.37,30,0.990018343285758,-1,7.58,8.38,10.5,10.14,7.585,8.415,10.495,10.125,0.0249999999999988,0.0111803398874991,0,18936,131461,7353,11583,6.94238487536967,1,0,178131.357186584,2.16974011326684,7,64,2,1,6.7,9.7,9,11.4,0,0,2.91038304567337e-11,0.0273861278752573,0.0273861278752573,0,0.36,0.36,0,hard_phase,coarse_to_fine,default_config,default_coarse,default_refine,single,greedy_combined_B7,white,degree_based_el_sep,"[0,0.24,0.36,0.48,0.6,0.72]","[0,0.36,0.72]","[0,0.24,0.36,0.48,0.6,0.72]",1
53,7,20303631,3,0.16,0.24,0.08,0.12,0.32,0.48,8.2,10.2,0.2,0.2,0.99,150,1,0.83,0.37,30,0.990375459733982,1,7.58,8.38,10.14,10.5,7.585,8.415,10.125,10.495,0.0249999999999988,0.0111803398874991,0,131461,131461,0,0,1,1,0,141133.440389632,2.21497442246672,7,64,2,1,6.7,9.7,9,11.4,0,0,0,0.0273861278752573,0.0273861278752573,0,0.36,0.36,0,hard_phase,full_fine,default_config,default_coarse,default_refine,single,greedy_combined_B7,white,degree_based_el_sep,"[0,0.24,0.36,0.48,0.6,0.72]","[0,0.36,0.72]","[0,0.24,0.36,0.48,0.6,0.72]",1
54,7,20303631,3,0.16,0.24,0.08,0.12,0.32,0.48,8.2,10.2,0.2,0.2,0.99,150,1,0.83,0.37,30,0.990375459733982,1,7.58,8.38,10.14,10.5,7.585,8.415,10.125,10.495,0.0249999999999988,0.0111803398874991,0,20223,131461,7353,12870,6.50056865944716,1,0,141133.440389632,2.21497442246672,7,64,2,1,6.7,9.7,9,11.4,0,0,2.91038304567337e-11,0.0273861278752573,0.0273861278752573,0,0.36,0.36,0,hard_phase,coarse_to_fine,default_config,default_coarse,default_refine,single,greedy_combined_B7,white,degree_based_el_sep,"[0,0.24,0.36,0.48,0.6,0.72]","[0,0.36,0.72]","[0,0.24,0.36,0.48,0.6,0.72]",1
55,8,20303632,3,0.16,0.24,0.08,0.12,0.32,0.48,8.2,10.2,0.2,0.2,0.99,150,1,0.83,0.37,30,0.990484889711096,-1,7.58,8.38,10.5,10.14,7.585,8.415,10.495,10.125,0.0249999999999988,0.0111803398874991,0,131461,131461,0,0,1,1,0,178472.643783778,2.16974011326684,7,64,2,1,6.7,9.7,9,11.4,0,0,0,0.0273861278752573,0.0273861278752573,0,0.36,0.36,0,hard_phase,full_fine,default_config,default_coarse,default_refine,single,greedy_combined_B7,white,degree_based_el_sep,"[0,0.24,0.36,0.48,0.6,0.72]","[0,0.36,0.72]","[0,0.24,0.36,0.48,0.6,0.72]",1
56,8,20303632,3,0.16,0.24,0.08,0.12,0.32,0.48,8.2,10.2,0.2,0.2,0.99,150,1,0.83,0.37,30,0.990484889711096,-1,7.58,8.38,10.5,10.14,7.585,8.415,10.495,10.125,0.0249999999999988,0.0111803398874991,0,18936,131461,7353,11583,6.94238487536967,1,0,178472.643783778,2.16974011326684,7,64,2,1,6.7,9.7,9,11.4,0,0,8.73114913702011e-11,0.0273861278752573,0.0273861278752573,0,0.36,0.36,0,hard_phase,coarse_to_fine,default_config,default_coarse,default_refine,single,greedy_combined_B7,white,degree_based_el_sep,"[0,0.24,0.36,0.48,0.6,0.72]","[0,0.36,0.72]","[0,0.24,0.36,0.48,0.6,0.72]",1
57,9,20303633,3,0.16,0.24,0.08,0.12,0.32,0.48,8.2,10.2,0.2,0.2,0.99,150,1,0.83,0.37,30,0.989825952488624,1,7.58,8.38,10.14,10.5,7.585,8.415,10.125,10.495,0.0249999999999988,0.0111803398874991,0,131461,131461,0,0,1,1,0,141010.353878827,2.21497442246672,7,64,2,1,6.7,9.7,9,11.4,0,0,0,0.0273861278752573,0.0273861278752573,0,0.36,0.36,0,hard_phase,full_fine,default_config,default_coarse,default_refine,single,greedy_combined_B7,white,degree_based_el_sep,"[0,0.24,0.36,0.48,0.6,0.72]","[0,0.36,0.72]","[0,0.24,0.36,0.48,0.6,0.72]",1
58,9,20303633,3,0.16,0.24,0.08,0.12,0.32,0.48,8.2,10.2,0.2,0.2,0.99,150,1,0.83,0.37,30,0.989825952488624,1,7.58,8.38,10.14,10.5,7.585,8.415,10.125,10.495,0.0249999999999988,0.0111803398874991,0,20223,131461,7353,12870,6.50056865944716,1,0,141010.353878827,2.21497442246672,7,64,2,1,6.7,9.7,9,11.4,0,0,2.91038304567337e-11,0.0273861278752573,0.0273861278752573,0,0.36,0.36,0,hard_phase,coarse_to_fine,default_config,default_coarse,default_refine,single,greedy_combined_B7,white,degree_based_el_sep,"[0,0.24,0.36,0.48,0.6,0.72]","[0,0.36,0.72]","[0,0.24,0.36,0.48,0.6,0.72]",1
59,10,20303634,3,0.16,0.24,0.08,0.12,0.32,0.48,8.2,10.2,0.2,0.2,0.99,150,1,0.83,0.37,30,0.990011614524874,-1,7.58,8.38,10.5,10.14,7.585,8.415,10.495,10.125,0.0249999999999988,0.0111803398874991,0,131461,131461,0,0,1,1,0,179343.996454005,2.16974011326684,7,64,2,1,6.7,9.7,9,11.4,0,0,0,0.0273861278752573,0.0273861278752573,0,0.36,0.36,0,hard_phase,full_fine,default_config,default_coarse,default_refine,single,greedy_combined_B7,white,degree_based_el_sep,"[0,0.24,0.36,0.48,0.6,0.72]","[0,0.36,0.72]","[0,0.24,0.36,0.48,0.6,0.72]",1
60,10,20303634,3,0.16,0.24,0.08,0.12,0.32,0.48,8.2,10.2,0.2,0.2,0.99,150,1,0.83,0.37,30,0.990011614524874,-1,7.58,8.38,10.5,10.14,7.585,8.415,10.495,10.125,0.0249999999999988,0.0111803398874991,0,18936,131461,7353,11583,6.94238487536967,1,0,179343.996454005,2.16974011326684,7,64,2,1,6.7,9.7,9,11.4,0,0,0,0.0273861278752573,0.0273861278752573,0,0.36,0.36,0,hard_phase,coarse_to_fine,default_config,default_coarse,default_refine,single,greedy_combined_B7,white,degree_based_el_sep,"[0,0.24,0.36,0.48,0.6,0.72]","[0,0.36,0.72]","[0,0.24,0.36,0.48,0.6,0.72]",1
61,1,20304625,3,0.16,0.24,0.08,0.12,0.32,0.48,8.2,10.2,0.2,0.2,0.99,150,0.3,0.83,0.37,30,0.989921896032092,1,7.58,8.38,10.14,10.5,7.585,8.415,10.125,10.495,0.0249999999999988,0.0111803398874991,0,131461,131461,0,0,1,1,0,93447.7463469774,2.21497442246672,7,64,2,1,6.7,9.7,9,11.4,0,0,0,0.0273861278752573,0.0273861278752573,0,0.36,0.36,0,weak_secondary,full_fine,default_config,default_coarse,default_refine,single,greedy_combined_B7,white,degree_based_el_sep,"[0,0.24,0.36,0.48,0.6,0.72]","[0,0.36,0.72]","[0,0.24,0.36,0.48,0.6,0.72]",1
62,1,20304625,3,0.16,0.24,0.08,0.12,0.32,0.48,8.2,10.2,0.2,0.2,0.99,150,0.3,0.83,0.37,30,0.989921896032092,1,7.58,8.38,10.14,10.5,7.585,8.415,10.125,10.495,0.0249999999999988,0.0111803398874991,0,22500,131461,7353,15147,5.84271111111111,1,0,93447.7463469774,2.21497442246672,7,64,2,1,6.7,9.7,9,11.4,0,0,4.36557456851006e-11,0.0273861278752573,0.0273861278752573,0,0.36,0.36,0,weak_secondary,coarse_to_fine,default_config,default_coarse,default_refine,single,greedy_combined_B7,white,degree_based_el_sep,"[0,0.24,0.36,0.48,0.6,0.72]","[0,0.36,0.72]","[0,0.24,0.36,0.48,0.6,0.72]",1
63,2,20304626,3,0.16,0.24,0.08,0.12,0.32,0.48,8.2,10.2,0.2,0.2,0.99,150,0.3,0.83,0.37,30,0.990009192531582,-1,7.58,8.46,10.5,10.14,7.585,8.415,10.495,10.125,0.0320156211871654,0.0111803398874991,0,131461,131461,0,0,1,1,0,99408.4381427661,1.80899830050065,7,64,2,1,6.7,9.7,9,11.4,0,0,0,0.0339116499156275,0.0339116499156275,0,0.36,0.36,0,weak_secondary,full_fine,default_config,default_coarse,default_refine,single,greedy_combined_B7,white,degree_based_el_sep,"[0,0.24,0.36,0.48,0.6,0.72]","[0,0.36,0.72]","[0,0.24,0.36,0.48,0.6,0.72]",1
64,2,20304626,3,0.16,0.24,0.08,0.12,0.32,0.48,8.2,10.2,0.2,0.2,0.99,150,0.3,0.83,0.37,30,0.990009192531582,-1,7.58,8.46,10.5,10.14,7.585,8.415,10.495,10.125,0.0320156211871654,0.0111803398874991,0,18320,131461,7353,10967,7.17581877729258,1,0,99408.4381427661,1.80899830050065,7,64,2,1,6.7,9.7,9,11.4,0,0,-2.91038304567337e-11,0.0339116499156275,0.0339116499156275,0,0.36,0.36,0,weak_secondary,coarse_to_fine,default_config,default_coarse,default_refine,single,greedy_combined_B7,white,degree_based_el_sep,"[0,0.24,0.36,0.48,0.6,0.72]","[0,0.36,0.72]","[0,0.24,0.36,0.48,0.6,0.72]",1
65,3,20304627,3,0.16,0.24,0.08,0.12,0.32,0.48,8.2,10.2,0.2,0.2,0.99,150,0.3,0.83,0.37,30,0.989929374079126,1,7.58,8.38,10.14,10.5,7.585,8.415,10.125,10.495,0.0249999999999988,0.0111803398874991,0,131461,131461,0,0,1,1,0,93449.911601986,2.21497442246672,7,64,2,1,6.7,9.7,9,11.4,0,0,0,0.0273861278752573,0.0273861278752573,0,0.36,0.36,0,weak_secondary,full_fine,default_config,default_coarse,default_refine,single,greedy_combined_B7,white,degree_based_el_sep,"[0,0.24,0.36,0.48,0.6,0.72]","[0,0.36,0.72]","[0,0.24,0.36,0.48,0.6,0.72]",1
66,3,20304627,3,0.16,0.24,0.08,0.12,0.32,0.48,8.2,10.2,0.2,0.2,0.99,150,0.3,0.83,0.37,30,0.989929374079126,1,7.58,8.38,10.14,10.5,7.585,8.415,10.125,10.495,0.0249999999999988,0.0111803398874991,0,22500,131461,7353,15147,5.84271111111111,1,0,93449.911601986,2.21497442246672,7,64,2,1,6.7,9.7,9,11.4,0,0,0,0.0273861278752573,0.0273861278752573,0,0.36,0.36,0,weak_secondary,coarse_to_fine,default_config,default_coarse,default_refine,single,greedy_combined_B7,white,degree_based_el_sep,"[0,0.24,0.36,0.48,0.6,0.72]","[0,0.36,0.72]","[0,0.24,0.36,0.48,0.6,0.72]",1
67,4,20304628,3,0.16,0.24,0.08,0.12,0.32,0.48,8.2,10.2,0.2,0.2,0.99,150,0.3,0.83,0.37,30,0.990023460746357,-1,7.58,8.46,10.5,10.14,7.585,8.415,10.495,10.125,0.0320156211871654,0.0111803398874991,0,131461,131461,0,0,1,1,0,99361.7817371338,1.80899830050065,7,64,2,1,6.7,9.7,9,11.4,0,0,0,0.0339116499156275,0.0339116499156275,0,0.36,0.36,0,weak_secondary,full_fine,default_config,default_coarse,default_refine,single,greedy_combined_B7,white,degree_based_el_sep,"[0,0.24,0.36,0.48,0.6,0.72]","[0,0.36,0.72]","[0,0.24,0.36,0.48,0.6,0.72]",1
68,4,20304628,3,0.16,0.24,0.08,0.12,0.32,0.48,8.2,10.2,0.2,0.2,0.99,150,0.3,0.83,0.37,30,0.990023460746357,-1,7.58,8.46,10.5,10.14,7.585,8.415,10.495,10.125,0.0320156211871654,0.0111803398874991,0,18320,131461,7353,10967,7.17581877729258,1,0,99361.7817371338,1.80899830050065,7,64,2,1,6.7,9.7,9,11.4,0,0,-1.45519152283669e-11,0.0339116499156275,0.0339116499156275,0,0.36,0.36,0,weak_secondary,coarse_to_fine,default_config,default_coarse,default_refine,single,greedy_combined_B7,white,degree_based_el_sep,"[0,0.24,0.36,0.48,0.6,0.72]","[0,0.36,0.72]","[0,0.24,0.36,0.48,0.6,0.72]",1
69,5,20304629,3,0.16,0.24,0.08,0.12,0.32,0.48,8.2,10.2,0.2,0.2,0.99,150,0.3,0.83,0.37,30,0.990772065733403,1,7.58,8.38,10.14,10.5,7.585,8.415,10.125,10.495,0.0249999999999988,0.0111803398874991,0,131461,131461,0,0,1,1,0,93440.019503197,2.21497442246672,7,64,2,1,6.7,9.7,9,11.4,0,0,0,0.0273861278752573,0.0273861278752573,0,0.36,0.36,0,weak_secondary,full_fine,default_config,default_coarse,default_refine,single,greedy_combined_B7,white,degree_based_el_sep,"[0,0.24,0.36,0.48,0.6,0.72]","[0,0.36,0.72]","[0,0.24,0.36,0.48,0.6,0.72]",1
70,5,20304629,3,0.16,0.24,0.08,0.12,0.32,0.48,8.2,10.2,0.2,0.2,0.99,150,0.3,0.83,0.37,30,0.990772065733403,1,7.58,8.38,10.14,10.5,7.585,8.415,10.125,10.495,0.0249999999999988,0.0111803398874991,0,22500,131461,7353,15147,5.84271111111111,1,0,93440.019503197,2.21497442246672,7,64,2,1,6.7,9.7,9,11.4,0,0,-2.91038304567337e-11,0.0273861278752573,0.0273861278752573,0,0.36,0.36,0,weak_secondary,coarse_to_fine,default_config,default_coarse,default_refine,single,greedy_combined_B7,white,degree_based_el_sep,"[0,0.24,0.36,0.48,0.6,0.72]","[0,0.36,0.72]","[0,0.24,0.36,0.48,0.6,0.72]",1
71,6,20304630,3,0.16,0.24,0.08,0.12,0.32,0.48,8.2,10.2,0.2,0.2,0.99,150,0.3,0.83,0.37,30,0.990273712441763,-1,7.58,8.46,10.5,10.14,7.585,8.415,10.495,10.125,0.0320156211871654,0.0111803398874991,0,131461,131461,0,0,1,1,0,99051.6291928264,1.80899830050065,7,64,2,1,6.7,9.7,9,11.4,0,0,0,0.0339116499156275,0.0339116499156275,0,0.36,0.36,0,weak_secondary,full_fine,default_config,default_coarse,default_refine,single,greedy_combined_B7,white,degree_based_el_sep,"[0,0.24,0.36,0.48,0.6,0.72]","[0,0.36,0.72]","[0,0.24,0.36,0.48,0.6,0.72]",1
72,6,20304630,3,0.16,0.24,0.08,0.12,0.32,0.48,8.2,10.2,0.2,0.2,0.99,150,0.3,0.83,0.37,30,0.990273712441763,-1,7.58,8.46,10.5,10.14,7.585,8.415,10.495,10.125,0.0320156211871654,0.0111803398874991,0,18320,131461,7353,10967,7.17581877729258,1,0,99051.6291928264,1.80899830050065,7,64,2,1,6.7,9.7,9,11.4,0,0,0,0.0339116499156275,0.0339116499156275,0,0.36,0.36,0,weak_secondary,coarse_to_fine,default_config,default_coarse,default_refine,single,greedy_combined_B7,white,degree_based_el_sep,"[0,0.24,0.36,0.48,0.6,0.72]","[0,0.36,0.72]","[0,0.24,0.36,0.48,0.6,0.72]",1
73,7,20304631,3,0.16,0.24,0.08,0.12,0.32,0.48,8.2,10.2,0.2,0.2,0.99,150,0.3,0.83,0.37,30,0.989944705550397,1,7.58,8.38,10.14,10.5,7.585,8.415,10.125,10.495,0.0249999999999988,0.0111803398874991,0,131461,131461,0,0,1,1,0,93470.7533721299,2.21497442246672,7,64,2,1,6.7,9.7,9,11.4,0,0,0,0.0273861278752573,0.0273861278752573,0,0.36,0.36,0,weak_secondary,full_fine,default_config,default_coarse,default_refine,single,greedy_combined_B7,white,degree_based_el_sep,"[0,0.24,0.36,0.48,0.6,0.72]","[0,0.36,0.72]","[0,0.24,0.36,0.48,0.6,0.72]",1
74,7,20304631,3,0.16,0.24,0.08,0.12,0.32,0.48,8.2,10.2,0.2,0.2,0.99,150,0.3,0.83,0.37,30,0.989944705550397,1,7.58,8.38,10.14,10.5,7.585,8.415,10.125,10.495,0.0249999999999988,0.0111803398874991,0,22500,131461,7353,15147,5.84271111111111,1,0,93470.7533721299,2.21497442246672,7,64,2,1,6.7,9.7,9,11.4,0,0,-1.45519152283669e-11,0.0273861278752573,0.0273861278752573,0,0.36,0.36,0,weak_secondary,coarse_to_fine,default_config,default_coarse,default_refine,single,greedy_combined_B7,white,degree_based_el_sep,"[0,0.24,0.36,0.48,0.6,0.72]","[0,0.36,0.72]","[0,0.24,0.36,0.48,0.6,0.72]",1
75,8,20304632,3,0.16,0.24,0.08,0.12,0.32,0.48,8.2,10.2,0.2,0.2,0.99,150,0.3,0.83,0.37,30,0.990982205911065,-1,7.58,8.46,10.5,10.14,7.585,8.415,10.495,10.125,0.0320156211871654,0.0111803398874991,0,131461,131461,0,0,1,1,0,99825.9252096868,1.80899830050065,7,64,2,1,6.7,9.7,9,11.4,0,0,0,0.0339116499156275,0.0339116499156275,0,0.36,0.36,0,weak_secondary,full_fine,default_config,default_coarse,default_refine,single,greedy_combined_B7,white,degree_based_el_sep,"[0,0.24,0.36,0.48,0.6,0.72]","[0,0.36,0.72]","[0,0.24,0.36,0.48,0.6,0.72]",1
76,8,20304632,3,0.16,0.24,0.08,0.12,0.32,0.48,8.2,10.2,0.2,0.2,0.99,150,0.3,0.83,0.37,30,0.990982205911065,-1,7.58,8.46,10.5,10.14,7.585,8.415,10.495,10.125,0.0320156211871654,0.0111803398874991,0,18320,131461,7353,10967,7.17581877729258,1,0,99825.9252096868,1.80899830050065,7,64,2,1,6.7,9.7,9,11.4,0,0,0,0.0339116499156275,0.0339116499156275,0,0.36,0.36,0,weak_secondary,coarse_to_fine,default_config,default_coarse,default_refine,single,greedy_combined_B7,white,degree_based_el_sep,"[0,0.24,0.36,0.48,0.6,0.72]","[0,0.36,0.72]","[0,0.24,0.36,0.48,0.6,0.72]",1
77,9,20304633,3,0.16,0.24,0.08,0.12,0.32,0.48,8.2,10.2,0.2,0.2,0.99,150,0.3,0.83,0.37,30,0.990065594544843,1,7.58,8.38,10.14,10.5,7.585,8.415,10.125,10.495,0.0249999999999988,0.0111803398874991,0,131461,131461,0,0,1,1,0,93454.7955896169,2.21497442246672,7,64,2,1,6.7,9.7,9,11.4,0,0,0,0.0273861278752573,0.0273861278752573,0,0.36,0.36,0,weak_secondary,full_fine,default_config,default_coarse,default_refine,single,greedy_combined_B7,white,degree_based_el_sep,"[0,0.24,0.36,0.48,0.6,0.72]","[0,0.36,0.72]","[0,0.24,0.36,0.48,0.6,0.72]",1
78,9,20304633,3,0.16,0.24,0.08,0.12,0.32,0.48,8.2,10.2,0.2,0.2,0.99,150,0.3,0.83,0.37,30,0.990065594544843,1,7.58,8.38,10.14,10.5,7.585,8.415,10.125,10.495,0.0249999999999988,0.0111803398874991,0,22500,131461,7353,15147,5.84271111111111,1,0,93454.7955896169,2.21497442246672,7,64,2,1,6.7,9.7,9,11.4,0,0,1.45519152283669e-11,0.0273861278752573,0.0273861278752573,0,0.36,0.36,0,weak_secondary,coarse_to_fine,default_config,default_coarse,default_refine,single,greedy_combined_B7,white,degree_based_el_sep,"[0,0.24,0.36,0.48,0.6,0.72]","[0,0.36,0.72]","[0,0.24,0.36,0.48,0.6,0.72]",1
79,10,20304634,3,0.16,0.24,0.08,0.12,0.32,0.48,8.2,10.2,0.2,0.2,0.99,150,0.3,0.83,0.37,30,0.99000097553394,-1,7.58,8.46,10.5,10.14,7.585,8.415,10.495,10.125,0.0320156211871654,0.0111803398874991,0,131461,131461,0,0,1,1,0,99402.3151025536,1.80899830050065,7,64,2,1,6.7,9.7,9,11.4,0,0,0,0.0339116499156275,0.0339116499156275,0,0.36,0.36,0,weak_secondary,full_fine,default_config,default_coarse,default_refine,single,greedy_combined_B7,white,degree_based_el_sep,"[0,0.24,0.36,0.48,0.6,0.72]","[0,0.36,0.72]","[0,0.24,0.36,0.48,0.6,0.72]",1
80,10,20304634,3,0.16,0.24,0.08,0.12,0.32,0.48,8.2,10.2,0.2,0.2,0.99,150,0.3,0.83,0.37,30,0.99000097553394,-1,7.58,8.46,10.5,10.14,7.585,8.415,10.495,10.125,0.0320156211871654,0.0111803398874991,0,18320,131461,7353,10967,7.17581877729258,1,0,99402.3151025536,1.80899830050065,7,64,2,1,6.7,9.7,9,11.4,0,0,-1.45519152283669e-11,0.0339116499156275,0.0339116499156275,0,0.36,0.36,0,weak_secondary,coarse_to_fine,default_config,default_coarse,default_refine,single,greedy_combined_B7,white,degree_based_el_sep,"[0,0.24,0.36,0.48,0.6,0.72]","[0,0.36,0.72]","[0,0.24,0.36,0.48,0.6,0.72]",1
81,1,20305625,3,0.16,0.24,0.08,0.12,0.32,0.48,8.2,10.2,0.2,0.2,1,150,0.3,0.83,0.37,20,1,1,7.58,8.38,10.14,10.5,7.585,8.415,10.125,10.495,0.0249999999999988,0.0111803398874991,0,131461,131461,0,0,1,1,0,93242.575635211,2.21497442246672,7,64,2,1,6.7,9.7,9,11.4,0,0,0,0.0273861278752573,0.0273861278752573,0,0.36,0.36,0,low_snr_hard,full_fine,default_config,default_coarse,default_refine,single,greedy_combined_B7,white,degree_based_el_sep,"[0,0.24,0.36,0.48,0.6,0.72]","[0,0.36,0.72]","[0,0.24,0.36,0.48,0.6,0.72]",1
82,1,20305625,3,0.16,0.24,0.08,0.12,0.32,0.48,8.2,10.2,0.2,0.2,1,150,0.3,0.83,0.37,20,1,1,7.58,8.38,10.14,10.5,7.585,8.415,10.125,10.495,0.0249999999999988,0.0111803398874991,0,22500,131461,7353,15147,5.84271111111111,1,0,93242.575635211,2.21497442246672,7,64,2,1,6.7,9.7,9,11.4,0,0,-1.45519152283669e-11,0.0273861278752573,0.0273861278752573,0,0.36,0.36,0,low_snr_hard,coarse_to_fine,default_config,default_coarse,default_refine,single,greedy_combined_B7,white,degree_based_el_sep,"[0,0.24,0.36,0.48,0.6,0.72]","[0,0.36,0.72]","[0,0.24,0.36,0.48,0.6,0.72]",1
83,2,20305626,3,0.16,0.24,0.08,0.12,0.32,0.48,8.2,10.2,0.2,0.2,1,150,0.3,0.83,0.37,20,1,-1,7.58,8.46,10.5,10.14,7.585,8.415,10.495,10.125,0.0320156211871654,0.0111803398874991,0,131461,131461,0,0,1,1,0,99003.906141764,1.80899830050065,7,64,2,1,6.7,9.7,9,11.4,0,0,0,0.0339116499156275,0.0339116499156275,0,0.36,0.36,0,low_snr_hard,full_fine,default_config,default_coarse,default_refine,single,greedy_combined_B7,white,degree_based_el_sep,"[0,0.24,0.36,0.48,0.6,0.72]","[0,0.36,0.72]","[0,0.24,0.36,0.48,0.6,0.72]",1
84,2,20305626,3,0.16,0.24,0.08,0.12,0.32,0.48,8.2,10.2,0.2,0.2,1,150,0.3,0.83,0.37,20,1,-1,7.58,8.46,10.5,10.14,7.585,8.415,10.495,10.125,0.0320156211871654,0.0111803398874991,0,18320,131461,7353,10967,7.17581877729258,1,0,99003.906141764,1.80899830050065,7,64,2,1,6.7,9.7,9,11.4,0,0,2.91038304567337e-11,0.0339116499156275,0.0339116499156275,0,0.36,0.36,0,low_snr_hard,coarse_to_fine,default_config,default_coarse,default_refine,single,greedy_combined_B7,white,degree_based_el_sep,"[0,0.24,0.36,0.48,0.6,0.72]","[0,0.36,0.72]","[0,0.24,0.36,0.48,0.6,0.72]",1
85,3,20305627,3,0.16,0.24,0.08,0.12,0.32,0.48,8.2,10.2,0.2,0.2,1,150,0.3,0.83,0.37,20,1,1,7.58,8.38,10.14,10.5,7.585,8.415,10.125,10.495,0.0249999999999988,0.0111803398874991,0,131461,131461,0,0,1,1,0,93251.6490622757,2.21497442246672,7,64,2,1,6.7,9.7,9,11.4,0,0,0,0.0273861278752573,0.0273861278752573,0,0.36,0.36,0,low_snr_hard,full_fine,default_config,default_coarse,default_refine,single,greedy_combined_B7,white,degree_based_el_sep,"[0,0.24,0.36,0.48,0.6,0.72]","[0,0.36,0.72]","[0,0.24,0.36,0.48,0.6,0.72]",1
86,3,20305627,3,0.16,0.24,0.08,0.12,0.32,0.48,8.2,10.2,0.2,0.2,1,150,0.3,0.83,0.37,20,1,1,7.58,8.38,10.14,10.5,7.585,8.415,10.125,10.495,0.0249999999999988,0.0111803398874991,0,22500,131461,7353,15147,5.84271111111111,1,0,93251.6490622757,2.21497442246672,7,64,2,1,6.7,9.7,9,11.4,0,0,2.91038304567337e-11,0.0273861278752573,0.0273861278752573,0,0.36,0.36,0,low_snr_hard,coarse_to_fine,default_config,default_coarse,default_refine,single,greedy_combined_B7,white,degree_based_el_sep,"[0,0.24,0.36,0.48,0.6,0.72]","[0,0.36,0.72]","[0,0.24,0.36,0.48,0.6,0.72]",1
87,4,20305628,3,0.16,0.24,0.08,0.12,0.32,0.48,8.2,10.2,0.2,0.2,1,150,0.3,0.83,0.37,20,1,-1,7.58,8.46,10.5,10.14,7.585,8.415,10.495,10.125,0.0320156211871654,0.0111803398874991,0,131461,131461,0,0,1,1,0,99135.6223329871,1.80899830050065,7,64,2,1,6.7,9.7,9,11.4,0,0,0,0.0339116499156275,0.0339116499156275,0,0.36,0.36,0,low_snr_hard,full_fine,default_config,default_coarse,default_refine,single,greedy_combined_B7,white,degree_based_el_sep,"[0,0.24,0.36,0.48,0.6,0.72]","[0,0.36,0.72]","[0,0.24,0.36,0.48,0.6,0.72]",1
88,4,20305628,3,0.16,0.24,0.08,0.12,0.32,0.48,8.2,10.2,0.2,0.2,1,150,0.3,0.83,0.37,20,1,-1,7.58,8.46,10.5,10.14,7.585,8.415,10.495,10.125,0.0320156211871654,0.0111803398874991,0,18320,131461,7353,10967,7.17581877729258,1,0,99135.6223329872,1.80899830050065,7,64,2,1,6.7,9.7,9,11.4,0,0,-1.45519152283669e-11,0.0339116499156275,0.0339116499156275,0,0.36,0.36,0,low_snr_hard,coarse_to_fine,default_config,default_coarse,default_refine,single,greedy_combined_B7,white,degree_based_el_sep,"[0,0.24,0.36,0.48,0.6,0.72]","[0,0.36,0.72]","[0,0.24,0.36,0.48,0.6,0.72]",1
89,5,20305629,3,0.16,0.24,0.08,0.12,0.32,0.48,8.2,10.2,0.2,0.2,1,150,0.3,0.83,0.37,20,1,1,7.58,8.38,10.14,10.5,7.585,8.415,10.125,10.495,0.0249999999999988,0.0111803398874991,0,131461,131461,0,0,1,1,0,93212.2983298611,2.21497442246672,7,64,2,1,6.7,9.7,9,11.4,0,0,0,0.0273861278752573,0.0273861278752573,0,0.36,0.36,0,low_snr_hard,full_fine,default_config,default_coarse,default_refine,single,greedy_combined_B7,white,degree_based_el_sep,"[0,0.24,0.36,0.48,0.6,0.72]","[0,0.36,0.72]","[0,0.24,0.36,0.48,0.6,0.72]",1
90,5,20305629,3,0.16,0.24,0.08,0.12,0.32,0.48,8.2,10.2,0.2,0.2,1,150,0.3,0.83,0.37,20,1,1,7.58,8.38,10.14,10.5,7.585,8.415,10.125,10.495,0.0249999999999988,0.0111803398874991,0,22500,131461,7353,15147,5.84271111111111,1,0,93212.298329861,2.21497442246672,7,64,2,1,6.7,9.7,9,11.4,0,0,2.91038304567337e-11,0.0273861278752573,0.0273861278752573,0,0.36,0.36,0,low_snr_hard,coarse_to_fine,default_config,default_coarse,default_refine,single,greedy_combined_B7,white,degree_based_el_sep,"[0,0.24,0.36,0.48,0.6,0.72]","[0,0.36,0.72]","[0,0.24,0.36,0.48,0.6,0.72]",1
91,6,20305630,3,0.16,0.24,0.08,0.12,0.32,0.48,8.2,10.2,0.2,0.2,1,150,0.3,0.83,0.37,20,1,-1,7.58,8.46,10.5,10.14,7.585,8.415,10.495,10.125,0.0320156211871654,0.0111803398874991,0,131461,131461,0,0,1,1,0,99064.9940079801,1.80899830050065,7,64,2,1,6.7,9.7,9,11.4,0,0,0,0.0339116499156275,0.0339116499156275,0,0.36,0.36,0,low_snr_hard,full_fine,default_config,default_coarse,default_refine,single,greedy_combined_B7,white,degree_based_el_sep,"[0,0.24,0.36,0.48,0.6,0.72]","[0,0.36,0.72]","[0,0.24,0.36,0.48,0.6,0.72]",1
92,6,20305630,3,0.16,0.24,0.08,0.12,0.32,0.48,8.2,10.2,0.2,0.2,1,150,0.3,0.83,0.37,20,1,-1,7.58,8.46,10.5,10.14,7.585,8.415,10.495,10.125,0.0320156211871654,0.0111803398874991,0,18320,131461,7353,10967,7.17581877729258,1,0,99064.9940079801,1.80899830050065,7,64,2,1,6.7,9.7,9,11.4,0,0,0,0.0339116499156275,0.0339116499156275,0,0.36,0.36,0,low_snr_hard,coarse_to_fine,default_config,default_coarse,default_refine,single,greedy_combined_B7,white,degree_based_el_sep,"[0,0.24,0.36,0.48,0.6,0.72]","[0,0.36,0.72]","[0,0.24,0.36,0.48,0.6,0.72]",1
93,7,20305631,3,0.16,0.24,0.08,0.12,0.32,0.48,8.2,10.2,0.2,0.2,1,150,0.3,0.83,0.37,20,1,1,7.58,8.38,10.14,10.5,7.585,8.415,10.125,10.495,0.0249999999999988,0.0111803398874991,0,131461,131461,0,0,1,1,0,93167.4521684462,2.21497442246672,7,64,2,1,6.7,9.7,9,11.4,0,0,0,0.0273861278752573,0.0273861278752573,0,0.36,0.36,0,low_snr_hard,full_fine,default_config,default_coarse,default_refine,single,greedy_combined_B7,white,degree_based_el_sep,"[0,0.24,0.36,0.48,0.6,0.72]","[0,0.36,0.72]","[0,0.24,0.36,0.48,0.6,0.72]",1
94,7,20305631,3,0.16,0.24,0.08,0.12,0.32,0.48,8.2,10.2,0.2,0.2,1,150,0.3,0.83,0.37,20,1,1,7.58,8.38,10.14,10.5,7.585,8.415,10.125,10.495,0.0249999999999988,0.0111803398874991,0,22500,131461,7353,15147,5.84271111111111,1,0,93167.4521684462,2.21497442246672,7,64,2,1,6.7,9.7,9,11.4,0,0,1.45519152283669e-11,0.0273861278752573,0.0273861278752573,0,0.36,0.36,0,low_snr_hard,coarse_to_fine,default_config,default_coarse,default_refine,single,greedy_combined_B7,white,degree_based_el_sep,"[0,0.24,0.36,0.48,0.6,0.72]","[0,0.36,0.72]","[0,0.24,0.36,0.48,0.6,0.72]",1
95,8,20305632,3,0.16,0.24,0.08,0.12,0.32,0.48,8.2,10.2,0.2,0.2,1,150,0.3,0.83,0.37,20,1,-1,7.58,8.46,10.5,10.14,7.585,8.415,10.495,10.125,0.0320156211871654,0.0111803398874991,0,131461,131461,0,0,1,1,0,99184.567582721,1.80899830050065,7,64,2,1,6.7,9.7,9,11.4,0,0,0,0.0339116499156275,0.0339116499156275,0,0.36,0.36,0,low_snr_hard,full_fine,default_config,default_coarse,default_refine,single,greedy_combined_B7,white,degree_based_el_sep,"[0,0.24,0.36,0.48,0.6,0.72]","[0,0.36,0.72]","[0,0.24,0.36,0.48,0.6,0.72]",1
96,8,20305632,3,0.16,0.24,0.08,0.12,0.32,0.48,8.2,10.2,0.2,0.2,1,150,0.3,0.83,0.37,20,1,-1,7.58,8.46,10.5,10.14,7.585,8.415,10.495,10.125,0.0320156211871654,0.0111803398874991,0,18320,131461,7353,10967,7.17581877729258,1,0,99184.567582721,1.80899830050065,7,64,2,1,6.7,9.7,9,11.4,0,0,0,0.0339116499156275,0.0339116499156275,0,0.36,0.36,0,low_snr_hard,coarse_to_fine,default_config,default_coarse,default_refine,single,greedy_combined_B7,white,degree_based_el_sep,"[0,0.24,0.36,0.48,0.6,0.72]","[0,0.36,0.72]","[0,0.24,0.36,0.48,0.6,0.72]",1
97,9,20305633,3,0.16,0.24,0.08,0.12,0.32,0.48,8.2,10.2,0.2,0.2,1,150,0.3,0.83,0.37,20,1,1,7.58,8.38,10.14,10.5,7.585,8.415,10.125,10.495,0.0249999999999988,0.0111803398874991,0,131461,131461,0,0,1,1,0,93258.9790146407,2.21497442246672,7,64,2,1,6.7,9.7,9,11.4,0,0,0,0.0273861278752573,0.0273861278752573,0,0.36,0.36,0,low_snr_hard,full_fine,default_config,default_coarse,default_refine,single,greedy_combined_B7,white,degree_based_el_sep,"[0,0.24,0.36,0.48,0.6,0.72]","[0,0.36,0.72]","[0,0.24,0.36,0.48,0.6,0.72]",1
98,9,20305633,3,0.16,0.24,0.08,0.12,0.32,0.48,8.2,10.2,0.2,0.2,1,150,0.3,0.83,0.37,20,1,1,7.58,8.38,10.14,10.5,7.585,8.415,10.125,10.495,0.0249999999999988,0.0111803398874991,0,22500,131461,7353,15147,5.84271111111111,1,0,93258.9790146407,2.21497442246672,7,64,2,1,6.7,9.7,9,11.4,0,0,1.45519152283669e-11,0.0273861278752573,0.0273861278752573,0,0.36,0.36,0,low_snr_hard,coarse_to_fine,default_config,default_coarse,default_refine,single,greedy_combined_B7,white,degree_based_el_sep,"[0,0.24,0.36,0.48,0.6,0.72]","[0,0.36,0.72]","[0,0.24,0.36,0.48,0.6,0.72]",1
99,10,20305634,3,0.16,0.24,0.08,0.12,0.32,0.48,8.2,10.2,0.2,0.2,1,150,0.3,0.83,0.37,20,1,-1,7.58,8.46,10.5,10.14,7.585,8.415,10.495,10.125,0.0320156211871654,0.0111803398874991,0,131461,131461,0,0,1,1,0,99057.1703273669,1.80899830050065,7,64,2,1,6.7,9.7,9,11.4,0,0,0,0.0339116499156275,0.0339116499156275,0,0.36,0.36,0,low_snr_hard,full_fine,default_config,default_coarse,default_refine,single,greedy_combined_B7,white,degree_based_el_sep,"[0,0.24,0.36,0.48,0.6,0.72]","[0,0.36,0.72]","[0,0.24,0.36,0.48,0.6,0.72]",1
100,10,20305634,3,0.16,0.24,0.08,0.12,0.32,0.48,8.2,10.2,0.2,0.2,1,150,0.3,0.83,0.37,20,1,-1,7.58,8.46,10.5,10.14,7.585,8.415,10.495,10.125,0.0320156211871654,0.0111803398874991,0,18320,131461,7353,10967,7.17581877729258,1,0,99057.1703273669,1.80899830050065,7,64,2,1,6.7,9.7,9,11.4,0,0,0,0.0339116499156275,0.0339116499156275,0,0.36,0.36,0,low_snr_hard,coarse_to_fine,default_config,default_coarse,default_refine,single,greedy_combined_B7,white,degree_based_el_sep,"[0,0.24,0.36,0.48,0.6,0.72]","[0,0.36,0.72]","[0,0.24,0.36,0.48,0.6,0.72]",1
1,1,20311625,3,0.16,0.24,0.08,0.12,0.32,0.48,7.8,10,-0.2,0,0,0,1,1.27,0.67,30,0.0361125158207968,1,7.34,8.62,10,10.72,7.365,8.635,9.975,10.645,0.0206155281280887,0.0559016994374932,0,131461,131461,0,0,1,1,0,205158.573914149,1.33120649256714,7,64,2,1,6.3,9.3,8.8,11.2,0,0,0,0.0595818764390636,0.0595818764390636,0,0.72,0.72,0,easy_noncoherent,full_fine,default_config,default_coarse,default_refine,single,greedy_combined_B7,white,degree_based_el_sep,"[0,0.24,0.36,0.48,0.6,0.72]","[0,0.36,0.72]","[0,0.24,0.36,0.48,0.6,0.72]",1
2,1,20311625,3,0.16,0.24,0.08,0.12,0.32,0.48,7.8,10,-0.2,0,0,0,1,1.27,0.67,30,0.0361125158207968,1,7.34,8.62,10,10.72,7.365,8.635,9.975,10.645,0.0206155281280887,0.0559016994374943,0,17154,131461,7353,9801,7.66357700827795,1,0,205158.573914149,1.33120649256714,7,64,2,1,6.3,9.3,8.8,11.2,0,1.77635683940025e-15,0,0.0595818764390647,0.0595818764390636,0,0.72,0.72,0,easy_noncoherent,coarse_to_fine,default_config,default_coarse,default_refine,single,greedy_combined_B7,white,degree_based_el_sep,"[0,0.24,0.36,0.48,0.6,0.72]","[0,0.36,0.72]","[0,0.24,0.36,0.48,0.6,0.72]",1
3,2,20311626,3,0.16,0.24,0.08,0.12,0.32,0.48,7.8,10,-0.2,0,0,0,1,1.27,0.67,30,0.00699556974923483,-1,7.34,8.62,10.72,10,7.365,8.635,10.645,9.975,0.0206155281280887,0.0559016994374932,0,131461,131461,0,0,1,1,0,203443.175705095,1.39929177353864,7,64,2,1,6.3,9.3,8.8,11.2,0,0,0,0.0595818764390636,0.0595818764390636,0,0.72,0.72,0,easy_noncoherent,full_fine,default_config,default_coarse,default_refine,single,greedy_combined_B7,white,degree_based_el_sep,"[0,0.24,0.36,0.48,0.6,0.72]","[0,0.36,0.72]","[0,0.24,0.36,0.48,0.6,0.72]",1
4,2,20311626,3,0.16,0.24,0.08,0.12,0.32,0.48,7.8,10,-0.2,0,0,0,1,1.27,0.67,30,0.00699556974923483,-1,7.34,8.62,10.72,10,7.365,8.635,10.645,9.975,0.0206155281280887,0.0559016994374943,0,18612,131461,7353,11259,7.06323877068558,1,0,203443.175705095,1.39929177353864,7,64,2,1,6.3,9.3,8.8,11.2,0,1.77635683940025e-15,0,0.0595818764390647,0.0595818764390636,0,0.72,0.72,0,easy_noncoherent,coarse_to_fine,default_config,default_coarse,default_refine,single,greedy_combined_B7,white,degree_based_el_sep,"[0,0.24,0.36,0.48,0.6,0.72]","[0,0.36,0.72]","[0,0.24,0.36,0.48,0.6,0.72]",1
5,3,20311627,3,0.16,0.24,0.08,0.12,0.32,0.48,7.8,10,-0.2,0,0,0,1,1.27,0.67,30,0.0630037145341415,1,7.34,8.62,10,10.72,7.365,8.635,9.975,10.645,0.0206155281280887,0.0559016994374932,0,131461,131461,0,0,1,1,0,203986.20761882,1.33120649256714,7,64,2,1,6.3,9.3,8.8,11.2,0,0,0,0.0595818764390636,0.0595818764390636,0,0.72,0.72,0,easy_noncoherent,full_fine,default_config,default_coarse,default_refine,single,greedy_combined_B7,white,degree_based_el_sep,"[0,0.24,0.36,0.48,0.6,0.72]","[0,0.36,0.72]","[0,0.24,0.36,0.48,0.6,0.72]",1
6,3,20311627,3,0.16,0.24,0.08,0.12,0.32,0.48,7.8,10,-0.2,0,0,0,1,1.27,0.67,30,0.0630037145341415,1,7.34,8.62,10,10.72,7.365,8.635,9.975,10.645,0.0206155281280887,0.0559016994374943,0,17154,131461,7353,9801,7.66357700827795,1,0,203986.20761882,1.33120649256714,7,64,2,1,6.3,9.3,8.8,11.2,0,1.77635683940025e-15,0,0.0595818764390647,0.0595818764390636,0,0.72,0.72,0,easy_noncoherent,coarse_to_fine,default_config,default_coarse,default_refine,single,greedy_combined_B7,white,degree_based_el_sep,"[0,0.24,0.36,0.48,0.6,0.72]","[0,0.36,0.72]","[0,0.24,0.36,0.48,0.6,0.72]",1
7,4,20311628,3,0.16,0.24,0.08,0.12,0.32,0.48,7.8,10,-0.2,0,0,0,1,1.27,0.67,30,0.162191862861911,-1,7.34,8.62,10.72,10,7.365,8.635,10.645,9.975,0.0206155281280887,0.0559016994374932,0,131461,131461,0,0,1,1,0,206347.913701904,1.39929177353864,7,64,2,1,6.3,9.3,8.8,11.2,0,0,0,0.0595818764390636,0.0595818764390636,0,0.72,0.72,0,easy_noncoherent,full_fine,default_config,default_coarse,default_refine,single,greedy_combined_B7,white,degree_based_el_sep,"[0,0.24,0.36,0.48,0.6,0.72]","[0,0.36,0.72]","[0,0.24,0.36,0.48,0.6,0.72]",1
8,4,20311628,3,0.16,0.24,0.08,0.12,0.32,0.48,7.8,10,-0.2,0,0,0,1,1.27,0.67,30,0.162191862861911,-1,7.34,8.62,10.72,10,7.365,8.635,10.645,9.975,0.0206155281280887,0.0559016994374943,0,18612,131461,7353,11259,7.06323877068558,1,0,206347.913701904,1.39929177353864,7,64,2,1,6.3,9.3,8.8,11.2,0,1.77635683940025e-15,2.91038304567337e-11,0.0595818764390647,0.0595818764390636,0,0.72,0.72,0,easy_noncoherent,coarse_to_fine,default_config,default_coarse,default_refine,single,greedy_combined_B7,white,degree_based_el_sep,"[0,0.24,0.36,0.48,0.6,0.72]","[0,0.36,0.72]","[0,0.24,0.36,0.48,0.6,0.72]",1
9,5,20311629,3,0.16,0.24,0.08,0.12,0.32,0.48,7.8,10,-0.2,0,0,0,1,1.27,0.67,30,0.155413377684911,1,7.34,8.62,10,10.72,7.365,8.635,9.975,10.645,0.0206155281280887,0.0559016994374932,0,131461,131461,0,0,1,1,0,202631.178661933,1.33120649256714,7,64,2,1,6.3,9.3,8.8,11.2,0,0,0,0.0595818764390636,0.0595818764390636,0,0.72,0.72,0,easy_noncoherent,full_fine,default_config,default_coarse,default_refine,single,greedy_combined_B7,white,degree_based_el_sep,"[0,0.24,0.36,0.48,0.6,0.72]","[0,0.36,0.72]","[0,0.24,0.36,0.48,0.6,0.72]",1
10,5,20311629,3,0.16,0.24,0.08,0.12,0.32,0.48,7.8,10,-0.2,0,0,0,1,1.27,0.67,30,0.155413377684911,1,7.34,8.62,10,10.72,7.365,8.635,9.975,10.645,0.0206155281280887,0.0559016994374943,0,17154,131461,7353,9801,7.66357700827795,1,0,202631.178661933,1.33120649256714,7,64,2,1,6.3,9.3,8.8,11.2,0,1.77635683940025e-15,-2.91038304567337e-11,0.0595818764390647,0.0595818764390636,0,0.72,0.72,0,easy_noncoherent,coarse_to_fine,default_config,default_coarse,default_refine,single,greedy_combined_B7,white,degree_based_el_sep,"[0,0.24,0.36,0.48,0.6,0.72]","[0,0.36,0.72]","[0,0.24,0.36,0.48,0.6,0.72]",1
11,6,20311630,3,0.16,0.24,0.08,0.12,0.32,0.48,7.8,10,-0.2,0,0,0,1,1.27,0.67,30,0.0975461209892608,-1,7.34,8.62,10.72,10,7.365,8.635,10.645,9.975,0.0206155281280887,0.0559016994374932,0,131461,131461,0,0,1,1,0,201771.199805412,1.39929177353864,7,64,2,1,6.3,9.3,8.8,11.2,0,0,0,0.0595818764390636,0.0595818764390636,0,0.72,0.72,0,easy_noncoherent,full_fine,default_config,default_coarse,default_refine,single,greedy_combined_B7,white,degree_based_el_sep,"[0,0.24,0.36,0.48,0.6,0.72]","[0,0.36,0.72]","[0,0.24,0.36,0.48,0.6,0.72]",1
12,6,20311630,3,0.16,0.24,0.08,0.12,0.32,0.48,7.8,10,-0.2,0,0,0,1,1.27,0.67,30,0.0975461209892608,-1,7.34,8.62,10.72,10,7.365,8.635,10.645,9.975,0.0206155281280887,0.0559016994374943,0,18612,131461,7353,11259,7.06323877068558,1,0,201771.199805412,1.39929177353864,7,64,2,1,6.3,9.3,8.8,11.2,0,1.77635683940025e-15,-2.91038304567337e-11,0.0595818764390647,0.0595818764390636,0,0.72,0.72,0,easy_noncoherent,coarse_to_fine,default_config,default_coarse,default_refine,single,greedy_combined_B7,white,degree_based_el_sep,"[0,0.24,0.36,0.48,0.6,0.72]","[0,0.36,0.72]","[0,0.24,0.36,0.48,0.6,0.72]",1
13,7,20311631,3,0.16,0.24,0.08,0.12,0.32,0.48,7.8,10,-0.2,0,0,0,1,1.27,0.67,30,0.0631396490357908,1,7.34,8.62,10,10.72,7.365,8.635,9.975,10.645,0.0206155281280887,0.0559016994374932,0,131461,131461,0,0,1,1,0,204070.803143162,1.33120649256714,7,64,2,1,6.3,9.3,8.8,11.2,0,0,0,0.0595818764390636,0.0595818764390636,0,0.72,0.72,0,easy_noncoherent,full_fine,default_config,default_coarse,default_refine,single,greedy_combined_B7,white,degree_based_el_sep,"[0,0.24,0.36,0.48,0.6,0.72]","[0,0.36,0.72]","[0,0.24,0.36,0.48,0.6,0.72]",1
14,7,20311631,3,0.16,0.24,0.08,0.12,0.32,0.48,7.8,10,-0.2,0,0,0,1,1.27,0.67,30,0.0631396490357908,1,7.34,8.62,10,10.72,7.365,8.635,9.975,10.645,0.0206155281280887,0.0559016994374943,0,17154,131461,7353,9801,7.66357700827795,1,0,204070.803143162,1.33120649256714,7,64,2,1,6.3,9.3,8.8,11.2,0,1.77635683940025e-15,-5.82076609134674e-11,0.0595818764390647,0.0595818764390636,0,0.72,0.72,0,easy_noncoherent,coarse_to_fine,default_config,default_coarse,default_refine,single,greedy_combined_B7,white,degree_based_el_sep,"[0,0.24,0.36,0.48,0.6,0.72]","[0,0.36,0.72]","[0,0.24,0.36,0.48,0.6,0.72]",1
15,8,20311632,3,0.16,0.24,0.08,0.12,0.32,0.48,7.8,10,-0.2,0,0,0,1,1.27,0.67,30,0.163475208975789,-1,7.34,8.62,10.72,10,7.365,8.635,10.645,9.975,0.0206155281280887,0.0559016994374932,0,131461,131461,0,0,1,1,0,200608.191886627,1.39929177353864,7,64,2,1,6.3,9.3,8.8,11.2,0,0,0,0.0595818764390636,0.0595818764390636,0,0.72,0.72,0,easy_noncoherent,full_fine,default_config,default_coarse,default_refine,single,greedy_combined_B7,white,degree_based_el_sep,"[0,0.24,0.36,0.48,0.6,0.72]","[0,0.36,0.72]","[0,0.24,0.36,0.48,0.6,0.72]",1
16,8,20311632,3,0.16,0.24,0.08,0.12,0.32,0.48,7.8,10,-0.2,0,0,0,1,1.27,0.67,30,0.163475208975789,-1,7.34,8.62,10.72,10,7.365,8.635,10.645,9.975,0.0206155281280887,0.0559016994374943,0,18612,131461,7353,11259,7.06323877068558,1,0,200608.191886627,1.39929177353864,7,64,2,1,6.3,9.3,8.8,11.2,0,1.77635683940025e-15,-2.91038304567337e-11,0.0595818764390647,0.0595818764390636,0,0.72,0.72,0,easy_noncoherent,coarse_to_fine,default_config,default_coarse,default_refine,single,greedy_combined_B7,white,degree_based_el_sep,"[0,0.24,0.36,0.48,0.6,0.72]","[0,0.36,0.72]","[0,0.24,0.36,0.48,0.6,0.72]",1
17,9,20311633,3,0.16,0.24,0.08,0.12,0.32,0.48,7.8,10,-0.2,0,0,0,1,1.27,0.67,30,0.122168061001851,1,7.34,8.62,10,10.72,7.365,8.635,9.975,10.645,0.0206155281280887,0.0559016994374932,0,131461,131461,0,0,1,1,0,203857.561546082,1.33120649256714,7,64,2,1,6.3,9.3,8.8,11.2,0,0,0,0.0595818764390636,0.0595818764390636,0,0.72,0.72,0,easy_noncoherent,full_fine,default_config,default_coarse,default_refine,single,greedy_combined_B7,white,degree_based_el_sep,"[0,0.24,0.36,0.48,0.6,0.72]","[0,0.36,0.72]","[0,0.24,0.36,0.48,0.6,0.72]",1
18,9,20311633,3,0.16,0.24,0.08,0.12,0.32,0.48,7.8,10,-0.2,0,0,0,1,1.27,0.67,30,0.122168061001851,1,7.34,8.62,10,10.72,7.365,8.635,9.975,10.645,0.0206155281280887,0.0559016994374943,0,17154,131461,7353,9801,7.66357700827795,1,0,203857.561546082,1.33120649256714,7,64,2,1,6.3,9.3,8.8,11.2,0,1.77635683940025e-15,0,0.0595818764390647,0.0595818764390636,0,0.72,0.72,0,easy_noncoherent,coarse_to_fine,default_config,default_coarse,default_refine,single,greedy_combined_B7,white,degree_based_el_sep,"[0,0.24,0.36,0.48,0.6,0.72]","[0,0.36,0.72]","[0,0.24,0.36,0.48,0.6,0.72]",1
19,10,20311634,3,0.16,0.24,0.08,0.12,0.32,0.48,7.8,10,-0.2,0,0,0,1,1.27,0.67,30,0.103904833274802,-1,7.34,8.62,10.72,10,7.365,8.635,10.645,9.975,0.0206155281280887,0.0559016994374932,0,131461,131461,0,0,1,1,0,206008.964531496,1.39929177353864,7,64,2,1,6.3,9.3,8.8,11.2,0,0,0,0.0595818764390636,0.0595818764390636,0,0.72,0.72,0,easy_noncoherent,full_fine,default_config,default_coarse,default_refine,single,greedy_combined_B7,white,degree_based_el_sep,"[0,0.24,0.36,0.48,0.6,0.72]","[0,0.36,0.72]","[0,0.24,0.36,0.48,0.6,0.72]",1
20,10,20311634,3,0.16,0.24,0.08,0.12,0.32,0.48,7.8,10,-0.2,0,0,0,1,1.27,0.67,30,0.103904833274802,-1,7.34,8.62,10.72,10,7.365,8.635,10.645,9.975,0.0206155281280887,0.0559016994374943,0,18612,131461,7353,11259,7.06323877068558,1,0,206008.964531496,1.39929177353864,7,64,2,1,6.3,9.3,8.8,11.2,0,1.77635683940025e-15,0,0.0595818764390647,0.0595818764390636,0,0.72,0.72,0,easy_noncoherent,coarse_to_fine,default_config,default_coarse,default_refine,single,greedy_combined_B7,white,degree_based_el_sep,"[0,0.24,0.36,0.48,0.6,0.72]","[0,0.36,0.72]","[0,0.24,0.36,0.48,0.6,0.72]",1
21,1,20312625,3,0.16,0.24,0.08,0.12,0.32,0.48,7.8,10,-0.2,0,0.99,5,1,1.27,0.37,30,0.989986487590615,1,7.34,8.62,10.18,10.54,7.365,8.635,10.125,10.495,0.0206155281280887,0.0502493781056035,0,131461,131461,0,0,1,1,0,199513.538265725,1.30127211658809,7,64,2,1,6.3,9.3,8.8,11.2,0,0,0,0.0543139024560003,0.0543139024560003,0,0.36,0.36,0,strong_coherent,full_fine,default_config,default_coarse,default_refine,single,greedy_combined_B7,white,degree_based_el_sep,"[0,0.24,0.36,0.48,0.6,0.72]","[0,0.36,0.72]","[0,0.24,0.36,0.48,0.6,0.72]",1
22,1,20312625,3,0.16,0.24,0.08,0.12,0.32,0.48,7.8,10,-0.2,0,0.99,5,1,1.27,0.37,30,0.989986487590615,1,7.34,8.62,10.18,10.54,7.365,8.635,10.125,10.495,0.0206155281280887,0.0502493781056035,0,19998,131461,7353,12645,6.57370737073707,1,0,199513.538265725,1.30127211658809,7,64,2,1,6.3,9.3,8.8,11.2,0,0,-5.82076609134674e-11,0.0543139024560003,0.0543139024560003,0,0.36,0.36,0,strong_coherent,coarse_to_fine,default_config,default_coarse,default_refine,single,greedy_combined_B7,white,degree_based_el_sep,"[0,0.24,0.36,0.48,0.6,0.72]","[0,0.36,0.72]","[0,0.24,0.36,0.48,0.6,0.72]",1
23,2,20312626,3,0.16,0.24,0.08,0.12,0.32,0.48,7.8,10,-0.2,0,0.99,5,1,1.27,0.37,30,0.99010676264332,-1,7.34,8.62,10.54,10.18,7.365,8.635,10.495,10.125,0.0206155281280887,0.0502493781056035,0,131461,131461,0,0,1,1,0,192114.761155682,1.33581280312205,7,64,2,1,6.3,9.3,8.8,11.2,0,0,0,0.0543139024560003,0.0543139024560003,0,0.36,0.36,0,strong_coherent,full_fine,default_config,default_coarse,default_refine,single,greedy_combined_B7,white,degree_based_el_sep,"[0,0.24,0.36,0.48,0.6,0.72]","[0,0.36,0.72]","[0,0.24,0.36,0.48,0.6,0.72]",1
24,2,20312626,3,0.16,0.24,0.08,0.12,0.32,0.48,7.8,10,-0.2,0,0.99,5,1,1.27,0.37,30,0.99010676264332,-1,7.34,8.62,10.54,10.18,7.365,8.635,10.495,10.125,0.0206155281280887,0.0502493781056035,0,19998,131461,7353,12645,6.57370737073707,1,0,192114.761155682,1.33581280312205,7,64,2,1,6.3,9.3,8.8,11.2,0,0,0,0.0543139024560003,0.0543139024560003,0,0.36,0.36,0,strong_coherent,coarse_to_fine,default_config,default_coarse,default_refine,single,greedy_combined_B7,white,degree_based_el_sep,"[0,0.24,0.36,0.48,0.6,0.72]","[0,0.36,0.72]","[0,0.24,0.36,0.48,0.6,0.72]",1
25,3,20312627,3,0.16,0.24,0.08,0.12,0.32,0.48,7.8,10,-0.2,0,0.99,5,1,1.27,0.37,30,0.990154489571726,1,7.34,8.62,10.18,10.54,7.365,8.635,10.125,10.495,0.0206155281280887,0.0502493781056035,0,131461,131461,0,0,1,1,0,198985.035093266,1.30127211658809,7,64,2,1,6.3,9.3,8.8,11.2,0,0,0,0.0543139024560003,0.0543139024560003,0,0.36,0.36,0,strong_coherent,full_fine,default_config,default_coarse,default_refine,single,greedy_combined_B7,white,degree_based_el_sep,"[0,0.24,0.36,0.48,0.6,0.72]","[0,0.36,0.72]","[0,0.24,0.36,0.48,0.6,0.72]",1
26,3,20312627,3,0.16,0.24,0.08,0.12,0.32,0.48,7.8,10,-0.2,0,0.99,5,1,1.27,0.37,30,0.990154489571726,1,7.34,8.62,10.18,10.54,7.365,8.635,10.125,10.495,0.0206155281280887,0.0502493781056035,0,19998,131461,7353,12645,6.57370737073707,1,0,198985.035093266,1.30127211658809,7,64,2,1,6.3,9.3,8.8,11.2,0,0,0,0.0543139024560003,0.0543139024560003,0,0.36,0.36,0,strong_coherent,coarse_to_fine,default_config,default_coarse,default_refine,single,greedy_combined_B7,white,degree_based_el_sep,"[0,0.24,0.36,0.48,0.6,0.72]","[0,0.36,0.72]","[0,0.24,0.36,0.48,0.6,0.72]",1
27,4,20312628,3,0.16,0.24,0.08,0.12,0.32,0.48,7.8,10,-0.2,0,0.99,5,1,1.27,0.37,30,0.989976166069479,-1,7.34,8.62,10.54,10.18,7.365,8.635,10.495,10.125,0.0206155281280887,0.0502493781056035,0,131461,131461,0,0,1,1,0,192198.088887709,1.33581280312205,7,64,2,1,6.3,9.3,8.8,11.2,0,0,0,0.0543139024560003,0.0543139024560003,0,0.36,0.36,0,strong_coherent,full_fine,default_config,default_coarse,default_refine,single,greedy_combined_B7,white,degree_based_el_sep,"[0,0.24,0.36,0.48,0.6,0.72]","[0,0.36,0.72]","[0,0.24,0.36,0.48,0.6,0.72]",1
28,4,20312628,3,0.16,0.24,0.08,0.12,0.32,0.48,7.8,10,-0.2,0,0.99,5,1,1.27,0.37,30,0.989976166069479,-1,7.34,8.62,10.54,10.18,7.365,8.635,10.495,10.125,0.0206155281280887,0.0502493781056035,0,19998,131461,7353,12645,6.57370737073707,1,0,192198.088887709,1.33581280312205,7,64,2,1,6.3,9.3,8.8,11.2,0,0,0,0.0543139024560003,0.0543139024560003,0,0.36,0.36,0,strong_coherent,coarse_to_fine,default_config,default_coarse,default_refine,single,greedy_combined_B7,white,degree_based_el_sep,"[0,0.24,0.36,0.48,0.6,0.72]","[0,0.36,0.72]","[0,0.24,0.36,0.48,0.6,0.72]",1
29,5,20312629,3,0.16,0.24,0.08,0.12,0.32,0.48,7.8,10,-0.2,0,0.99,5,1,1.27,0.37,30,0.990029400228734,1,7.34,8.62,10.18,10.54,7.365,8.635,10.125,10.495,0.0206155281280887,0.0502493781056035,0,131461,131461,0,0,1,1,0,199479.856605382,1.30127211658809,7,64,2,1,6.3,9.3,8.8,11.2,0,0,0,0.0543139024560003,0.0543139024560003,0,0.36,0.36,0,strong_coherent,full_fine,default_config,default_coarse,default_refine,single,greedy_combined_B7,white,degree_based_el_sep,"[0,0.24,0.36,0.48,0.6,0.72]","[0,0.36,0.72]","[0,0.24,0.36,0.48,0.6,0.72]",1
30,5,20312629,3,0.16,0.24,0.08,0.12,0.32,0.48,7.8,10,-0.2,0,0.99,5,1,1.27,0.37,30,0.990029400228734,1,7.34,8.62,10.18,10.54,7.365,8.635,10.125,10.495,0.0206155281280887,0.0502493781056035,0,19998,131461,7353,12645,6.57370737073707,1,0,199479.856605382,1.30127211658809,7,64,2,1,6.3,9.3,8.8,11.2,0,0,-5.82076609134674e-11,0.0543139024560003,0.0543139024560003,0,0.36,0.36,0,strong_coherent,coarse_to_fine,default_config,default_coarse,default_refine,single,greedy_combined_B7,white,degree_based_el_sep,"[0,0.24,0.36,0.48,0.6,0.72]","[0,0.36,0.72]","[0,0.24,0.36,0.48,0.6,0.72]",1
31,6,20312630,3,0.16,0.24,0.08,0.12,0.32,0.48,7.8,10,-0.2,0,0.99,5,1,1.27,0.37,30,0.990585893133362,-1,7.34,8.62,10.54,10.18,7.365,8.635,10.495,10.125,0.0206155281280887,0.0502493781056035,0,131461,131461,0,0,1,1,0,192113.987974445,1.33581280312205,7,64,2,1,6.3,9.3,8.8,11.2,0,0,0,0.0543139024560003,0.0543139024560003,0,0.36,0.36,0,strong_coherent,full_fine,default_config,default_coarse,default_refine,single,greedy_combined_B7,white,degree_based_el_sep,"[0,0.24,0.36,0.48,0.6,0.72]","[0,0.36,0.72]","[0,0.24,0.36,0.48,0.6,0.72]",1
32,6,20312630,3,0.16,0.24,0.08,0.12,0.32,0.48,7.8,10,-0.2,0,0.99,5,1,1.27,0.37,30,0.990585893133362,-1,7.34,8.62,10.54,10.18,7.365,8.635,10.495,10.125,0.0206155281280887,0.0502493781056035,0,19998,131461,7353,12645,6.57370737073707,1,0,192113.987974445,1.33581280312205,7,64,2,1,6.3,9.3,8.8,11.2,0,0,-5.82076609134674e-11,0.0543139024560003,0.0543139024560003,0,0.36,0.36,0,strong_coherent,coarse_to_fine,default_config,default_coarse,default_refine,single,greedy_combined_B7,white,degree_based_el_sep,"[0,0.24,0.36,0.48,0.6,0.72]","[0,0.36,0.72]","[0,0.24,0.36,0.48,0.6,0.72]",1
33,7,20312631,3,0.16,0.24,0.08,0.12,0.32,0.48,7.8,10,-0.2,0,0.99,5,1,1.27,0.37,30,0.99043114494155,1,7.34,8.62,10.18,10.54,7.365,8.635,10.125,10.495,0.0206155281280887,0.0502493781056035,0,131461,131461,0,0,1,1,0,199896.575720669,1.30127211658809,7,64,2,1,6.3,9.3,8.8,11.2,0,0,0,0.0543139024560003,0.0543139024560003,0,0.36,0.36,0,strong_coherent,full_fine,default_config,default_coarse,default_refine,single,greedy_combined_B7,white,degree_based_el_sep,"[0,0.24,0.36,0.48,0.6,0.72]","[0,0.36,0.72]","[0,0.24,0.36,0.48,0.6,0.72]",1
34,7,20312631,3,0.16,0.24,0.08,0.12,0.32,0.48,7.8,10,-0.2,0,0.99,5,1,1.27,0.37,30,0.99043114494155,1,7.34,8.62,10.18,10.54,7.365,8.635,10.125,10.495,0.0206155281280887,0.0502493781056035,0,19998,131461,7353,12645,6.57370737073707,1,0,199896.575720669,1.30127211658809,7,64,2,1,6.3,9.3,8.8,11.2,0,0,0,0.0543139024560003,0.0543139024560003,0,0.36,0.36,0,strong_coherent,coarse_to_fine,default_config,default_coarse,default_refine,single,greedy_combined_B7,white,degree_based_el_sep,"[0,0.24,0.36,0.48,0.6,0.72]","[0,0.36,0.72]","[0,0.24,0.36,0.48,0.6,0.72]",1
35,8,20312632,3,0.16,0.24,0.08,0.12,0.32,0.48,7.8,10,-0.2,0,0.99,5,1,1.27,0.37,30,0.989856355033791,-1,7.34,8.62,10.54,10.18,7.365,8.635,10.495,10.125,0.0206155281280887,0.0502493781056035,0,131461,131461,0,0,1,1,0,192018.875599914,1.33581280312205,7,64,2,1,6.3,9.3,8.8,11.2,0,0,0,0.0543139024560003,0.0543139024560003,0,0.36,0.36,0,strong_coherent,full_fine,default_config,default_coarse,default_refine,single,greedy_combined_B7,white,degree_based_el_sep,"[0,0.24,0.36,0.48,0.6,0.72]","[0,0.36,0.72]","[0,0.24,0.36,0.48,0.6,0.72]",1
36,8,20312632,3,0.16,0.24,0.08,0.12,0.32,0.48,7.8,10,-0.2,0,0.99,5,1,1.27,0.37,30,0.989856355033791,-1,7.34,8.62,10.54,10.18,7.365,8.635,10.495,10.125,0.0206155281280887,0.0502493781056035,0,19998,131461,7353,12645,6.57370737073707,1,0,192018.875599914,1.33581280312205,7,64,2,1,6.3,9.3,8.8,11.2,0,0,0,0.0543139024560003,0.0543139024560003,0,0.36,0.36,0,strong_coherent,coarse_to_fine,default_config,default_coarse,default_refine,single,greedy_combined_B7,white,degree_based_el_sep,"[0,0.24,0.36,0.48,0.6,0.72]","[0,0.36,0.72]","[0,0.24,0.36,0.48,0.6,0.72]",1
37,9,20312633,3,0.16,0.24,0.08,0.12,0.32,0.48,7.8,10,-0.2,0,0.99,5,1,1.27,0.37,30,0.989916637121677,1,7.34,8.62,10.18,10.54,7.365,8.635,10.125,10.495,0.0206155281280887,0.0502493781056035,0,131461,131461,0,0,1,1,0,199636.426660229,1.30127211658809,7,64,2,1,6.3,9.3,8.8,11.2,0,0,0,0.0543139024560003,0.0543139024560003,0,0.36,0.36,0,strong_coherent,full_fine,default_config,default_coarse,default_refine,single,greedy_combined_B7,white,degree_based_el_sep,"[0,0.24,0.36,0.48,0.6,0.72]","[0,0.36,0.72]","[0,0.24,0.36,0.48,0.6,0.72]",1
38,9,20312633,3,0.16,0.24,0.08,0.12,0.32,0.48,7.8,10,-0.2,0,0.99,5,1,1.27,0.37,30,0.989916637121677,1,7.34,8.62,10.18,10.54,7.365,8.635,10.125,10.495,0.0206155281280887,0.0502493781056035,0,19998,131461,7353,12645,6.57370737073707,1,0,199636.426660229,1.30127211658809,7,64,2,1,6.3,9.3,8.8,11.2,0,0,0,0.0543139024560003,0.0543139024560003,0,0.36,0.36,0,strong_coherent,coarse_to_fine,default_config,default_coarse,default_refine,single,greedy_combined_B7,white,degree_based_el_sep,"[0,0.24,0.36,0.48,0.6,0.72]","[0,0.36,0.72]","[0,0.24,0.36,0.48,0.6,0.72]",1
39,10,20312634,3,0.16,0.24,0.08,0.12,0.32,0.48,7.8,10,-0.2,0,0.99,5,1,1.27,0.37,30,0.98990962076674,-1,7.34,8.62,10.54,10.18,7.365,8.635,10.495,10.125,0.0206155281280887,0.0502493781056035,0,131461,131461,0,0,1,1,0,192034.69463425,1.33581280312205,7,64,2,1,6.3,9.3,8.8,11.2,0,0,0,0.0543139024560003,0.0543139024560003,0,0.36,0.36,0,strong_coherent,full_fine,default_config,default_coarse,default_refine,single,greedy_combined_B7,white,degree_based_el_sep,"[0,0.24,0.36,0.48,0.6,0.72]","[0,0.36,0.72]","[0,0.24,0.36,0.48,0.6,0.72]",1
40,10,20312634,3,0.16,0.24,0.08,0.12,0.32,0.48,7.8,10,-0.2,0,0.99,5,1,1.27,0.37,30,0.98990962076674,-1,7.34,8.62,10.54,10.18,7.365,8.635,10.495,10.125,0.0206155281280887,0.0502493781056035,0,19998,131461,7353,12645,6.57370737073707,1,0,192034.69463425,1.33581280312205,7,64,2,1,6.3,9.3,8.8,11.2,0,0,2.91038304567337e-11,0.0543139024560003,0.0543139024560003,0,0.36,0.36,0,strong_coherent,coarse_to_fine,default_config,default_coarse,default_refine,single,greedy_combined_B7,white,degree_based_el_sep,"[0,0.24,0.36,0.48,0.6,0.72]","[0,0.36,0.72]","[0,0.24,0.36,0.48,0.6,0.72]",1
41,1,20313625,3,0.16,0.24,0.08,0.12,0.32,0.48,7.8,10,-0.2,0,0.99,150,1,0.83,0.37,30,0.989832357943387,1,7.58,8.38,10.18,10.54,7.585,8.415,10.125,10.495,0.0249999999999988,0.0502493781056035,0,131461,131461,0,0,1,1,0,141005.779030562,2.22292936434994,7,64,2,1,6.3,9.3,8.8,11.2,0,0,0,0.0561248608016077,0.0561248608016077,0,0.36,0.36,0,hard_phase,full_fine,default_config,default_coarse,default_refine,single,greedy_combined_B7,white,degree_based_el_sep,"[0,0.24,0.36,0.48,0.6,0.72]","[0,0.36,0.72]","[0,0.24,0.36,0.48,0.6,0.72]",1
42,1,20313625,3,0.16,0.24,0.08,0.12,0.32,0.48,7.8,10,-0.2,0,0.99,150,1,0.83,0.37,30,0.989832357943387,1,7.58,8.38,10.18,10.54,7.585,8.415,10.125,10.495,0.0249999999999988,0.0502493781056035,0,19998,131461,7353,12645,6.57370737073707,1,0,141005.779030562,2.22292936434994,7,64,2,1,6.3,9.3,8.8,11.2,0,0,5.82076609134674e-11,0.0561248608016077,0.0561248608016077,0,0.36,0.36,0,hard_phase,coarse_to_fine,default_config,default_coarse,default_refine,single,greedy_combined_B7,white,degree_based_el_sep,"[0,0.24,0.36,0.48,0.6,0.72]","[0,0.36,0.72]","[0,0.24,0.36,0.48,0.6,0.72]",1
43,2,20313626,3,0.16,0.24,0.08,0.12,0.32,0.48,7.8,10,-0.2,0,0.99,150,1,0.83,0.37,30,0.990173729090233,-1,7.58,8.46,10.54,10.18,7.585,8.415,10.495,10.125,0.0320156211871654,0.0502493781056035,0,131461,131461,0,0,1,1,0,178992.824619503,1.82475105545851,7,64,2,1,6.3,9.3,8.8,11.2,0,0,0,0.0595818764390647,0.0595818764390647,0,0.36,0.36,0,hard_phase,full_fine,default_config,default_coarse,default_refine,single,greedy_combined_B7,white,degree_based_el_sep,"[0,0.24,0.36,0.48,0.6,0.72]","[0,0.36,0.72]","[0,0.24,0.36,0.48,0.6,0.72]",1
44,2,20313626,3,0.16,0.24,0.08,0.12,0.32,0.48,7.8,10,-0.2,0,0.99,150,1,0.83,0.37,30,0.990173729090233,-1,7.58,8.46,10.54,10.18,7.585,8.415,10.495,10.125,0.0320156211871654,0.0502493781056035,0,18513,131461,7353,11160,7.1010101010101,1,0,178992.824619503,1.82475105545851,7,64,2,1,6.3,9.3,8.8,11.2,0,0,0,0.0595818764390647,0.0595818764390647,0,0.36,0.36,0,hard_phase,coarse_to_fine,default_config,default_coarse,default_refine,single,greedy_combined_B7,white,degree_based_el_sep,"[0,0.24,0.36,0.48,0.6,0.72]","[0,0.36,0.72]","[0,0.24,0.36,0.48,0.6,0.72]",1
45,3,20313627,3,0.16,0.24,0.08,0.12,0.32,0.48,7.8,10,-0.2,0,0.99,150,1,0.83,0.37,30,0.990050564457446,1,7.58,8.38,10.18,10.54,7.585,8.415,10.125,10.495,0.0249999999999988,0.0502493781056035,0,131461,131461,0,0,1,1,0,141061.21918286,2.22292936434994,7,64,2,1,6.3,9.3,8.8,11.2,0,0,0,0.0561248608016077,0.0561248608016077,0,0.36,0.36,0,hard_phase,full_fine,default_config,default_coarse,default_refine,single,greedy_combined_B7,white,degree_based_el_sep,"[0,0.24,0.36,0.48,0.6,0.72]","[0,0.36,0.72]","[0,0.24,0.36,0.48,0.6,0.72]",1
46,3,20313627,3,0.16,0.24,0.08,0.12,0.32,0.48,7.8,10,-0.2,0,0.99,150,1,0.83,0.37,30,0.990050564457446,1,7.58,8.38,10.18,10.54,7.585,8.415,10.125,10.495,0.0249999999999988,0.0502493781056035,0,19998,131461,7353,12645,6.57370737073707,1,0,141061.21918286,2.22292936434994,7,64,2,1,6.3,9.3,8.8,11.2,0,0,2.91038304567337e-11,0.0561248608016077,0.0561248608016077,0,0.36,0.36,0,hard_phase,coarse_to_fine,default_config,default_coarse,default_refine,single,greedy_combined_B7,white,degree_based_el_sep,"[0,0.24,0.36,0.48,0.6,0.72]","[0,0.36,0.72]","[0,0.24,0.36,0.48,0.6,0.72]",1
47,4,20313628,3,0.16,0.24,0.08,0.12,0.32,0.48,7.8,10,-0.2,0,0.99,150,1,0.83,0.37,30,0.989799634843041,-1,7.58,8.46,10.54,10.18,7.585,8.415,10.495,10.125,0.0320156211871654,0.0502493781056035,0,131461,131461,0,0,1,1,0,178088.587761582,1.82475105545851,7,64,2,1,6.3,9.3,8.8,11.2,0,0,0,0.0595818764390647,0.0595818764390647,0,0.36,0.36,0,hard_phase,full_fine,default_config,default_coarse,default_refine,single,greedy_combined_B7,white,degree_based_el_sep,"[0,0.24,0.36,0.48,0.6,0.72]","[0,0.36,0.72]","[0,0.24,0.36,0.48,0.6,0.72]",1
48,4,20313628,3,0.16,0.24,0.08,0.12,0.32,0.48,7.8,10,-0.2,0,0.99,150,1,0.83,0.37,30,0.989799634843041,-1,7.58,8.46,10.54,10.18,7.585,8.415,10.495,10.125,0.0320156211871654,0.0502493781056035,0,18513,131461,7353,11160,7.1010101010101,1,0,178088.587761582,1.82475105545851,7,64,2,1,6.3,9.3,8.8,11.2,0,0,2.91038304567337e-11,0.0595818764390647,0.0595818764390647,0,0.36,0.36,0,hard_phase,coarse_to_fine,default_config,default_coarse,default_refine,single,greedy_combined_B7,white,degree_based_el_sep,"[0,0.24,0.36,0.48,0.6,0.72]","[0,0.36,0.72]","[0,0.24,0.36,0.48,0.6,0.72]",1
49,5,20313629,3,0.16,0.24,0.08,0.12,0.32,0.48,7.8,10,-0.2,0,0.99,150,1,0.83,0.37,30,0.990213083657433,1,7.58,8.38,10.18,10.54,7.585,8.415,10.125,10.495,0.0249999999999988,0.0502493781056035,0,131461,131461,0,0,1,1,0,140939.092379732,2.22292936434994,7,64,2,1,6.3,9.3,8.8,11.2,0,0,0,0.0561248608016077,0.0561248608016077,0,0.36,0.36,0,hard_phase,full_fine,default_config,default_coarse,default_refine,single,greedy_combined_B7,white,degree_based_el_sep,"[0,0.24,0.36,0.48,0.6,0.72]","[0,0.36,0.72]","[0,0.24,0.36,0.48,0.6,0.72]",1
50,5,20313629,3,0.16,0.24,0.08,0.12,0.32,0.48,7.8,10,-0.2,0,0.99,150,1,0.83,0.37,30,0.990213083657433,1,7.58,8.38,10.18,10.54,7.585,8.415,10.125,10.495,0.0249999999999988,0.0502493781056035,0,19998,131461,7353,12645,6.57370737073707,1,0,140939.092379732,2.22292936434994,7,64,2,1,6.3,9.3,8.8,11.2,0,0,2.91038304567337e-11,0.0561248608016077,0.0561248608016077,0,0.36,0.36,0,hard_phase,coarse_to_fine,default_config,default_coarse,default_refine,single,greedy_combined_B7,white,degree_based_el_sep,"[0,0.24,0.36,0.48,0.6,0.72]","[0,0.36,0.72]","[0,0.24,0.36,0.48,0.6,0.72]",1
51,6,20313630,3,0.16,0.24,0.08,0.12,0.32,0.48,7.8,10,-0.2,0,0.99,150,1,0.83,0.37,30,0.990136388729679,-1,7.58,8.46,10.54,10.18,7.585,8.415,10.495,10.125,0.0320156211871654,0.0502493781056035,0,131461,131461,0,0,1,1,0,176998.485502522,1.82475105545851,7,64,2,1,6.3,9.3,8.8,11.2,0,0,0,0.0595818764390647,0.0595818764390647,0,0.36,0.36,0,hard_phase,full_fine,default_config,default_coarse,default_refine,single,greedy_combined_B7,white,degree_based_el_sep,"[0,0.24,0.36,0.48,0.6,0.72]","[0,0.36,0.72]","[0,0.24,0.36,0.48,0.6,0.72]",1
52,6,20313630,3,0.16,0.24,0.08,0.12,0.32,0.48,7.8,10,-0.2,0,0.99,150,1,0.83,0.37,30,0.990136388729679,-1,7.58,8.46,10.54,10.18,7.585,8.415,10.495,10.125,0.0320156211871654,0.0502493781056035,0,18513,131461,7353,11160,7.1010101010101,1,0,176998.485502522,1.82475105545851,7,64,2,1,6.3,9.3,8.8,11.2,0,0,0,0.0595818764390647,0.0595818764390647,0,0.36,0.36,0,hard_phase,coarse_to_fine,default_config,default_coarse,default_refine,single,greedy_combined_B7,white,degree_based_el_sep,"[0,0.24,0.36,0.48,0.6,0.72]","[0,0.36,0.72]","[0,0.24,0.36,0.48,0.6,0.72]",1
53,7,20313631,3,0.16,0.24,0.08,0.12,0.32,0.48,7.8,10,-0.2,0,0.99,150,1,0.83,0.37,30,0.989803465747149,1,7.58,8.38,10.18,10.54,7.585,8.415,10.125,10.495,0.0249999999999988,0.0502493781056035,0,131461,131461,0,0,1,1,0,140976.584295796,2.22292936434994,7,64,2,1,6.3,9.3,8.8,11.2,0,0,0,0.0561248608016077,0.0561248608016077,0,0.36,0.36,0,hard_phase,full_fine,default_config,default_coarse,default_refine,single,greedy_combined_B7,white,degree_based_el_sep,"[0,0.24,0.36,0.48,0.6,0.72]","[0,0.36,0.72]","[0,0.24,0.36,0.48,0.6,0.72]",1
54,7,20313631,3,0.16,0.24,0.08,0.12,0.32,0.48,7.8,10,-0.2,0,0.99,150,1,0.83,0.37,30,0.989803465747149,1,7.58,8.38,10.18,10.54,7.585,8.415,10.125,10.495,0.0249999999999988,0.0502493781056035,0,19998,131461,7353,12645,6.57370737073707,1,0,140976.584295796,2.22292936434994,7,64,2,1,6.3,9.3,8.8,11.2,0,0,2.91038304567337e-11,0.0561248608016077,0.0561248608016077,0,0.36,0.36,0,hard_phase,coarse_to_fine,default_config,default_coarse,default_refine,single,greedy_combined_B7,white,degree_based_el_sep,"[0,0.24,0.36,0.48,0.6,0.72]","[0,0.36,0.72]","[0,0.24,0.36,0.48,0.6,0.72]",1
55,8,20313632,3,0.16,0.24,0.08,0.12,0.32,0.48,7.8,10,-0.2,0,0.99,150,1,0.83,0.37,30,0.989998430882493,-1,7.58,8.46,10.54,10.18,7.585,8.415,10.495,10.125,0.0320156211871654,0.0502493781056035,0,131461,131461,0,0,1,1,0,177868.66247013,1.82475105545851,7,64,2,1,6.3,9.3,8.8,11.2,0,0,0,0.0595818764390647,0.0595818764390647,0,0.36,0.36,0,hard_phase,full_fine,default_config,default_coarse,default_refine,single,greedy_combined_B7,white,degree_based_el_sep,"[0,0.24,0.36,0.48,0.6,0.72]","[0,0.36,0.72]","[0,0.24,0.36,0.48,0.6,0.72]",1
56,8,20313632,3,0.16,0.24,0.08,0.12,0.32,0.48,7.8,10,-0.2,0,0.99,150,1,0.83,0.37,30,0.989998430882493,-1,7.58,8.46,10.54,10.18,7.585,8.415,10.495,10.125,0.0320156211871654,0.0502493781056035,0,18513,131461,7353,11160,7.1010101010101,1,0,177868.66247013,1.82475105545851,7,64,2,1,6.3,9.3,8.8,11.2,0,0,-2.91038304567337e-11,0.0595818764390647,0.0595818764390647,0,0.36,0.36,0,hard_phase,coarse_to_fine,default_config,default_coarse,default_refine,single,greedy_combined_B7,white,degree_based_el_sep,"[0,0.24,0.36,0.48,0.6,0.72]","[0,0.36,0.72]","[0,0.24,0.36,0.48,0.6,0.72]",1
57,9,20313633,3,0.16,0.24,0.08,0.12,0.32,0.48,7.8,10,-0.2,0,0.99,150,1,0.83,0.37,30,0.990310555173754,1,7.58,8.38,10.18,10.54,7.585,8.415,10.125,10.495,0.0249999999999988,0.0502493781056035,0,131461,131461,0,0,1,1,0,141050.809638482,2.22292936434994,7,64,2,1,6.3,9.3,8.8,11.2,0,0,0,0.0561248608016077,0.0561248608016077,0,0.36,0.36,0,hard_phase,full_fine,default_config,default_coarse,default_refine,single,greedy_combined_B7,white,degree_based_el_sep,"[0,0.24,0.36,0.48,0.6,0.72]","[0,0.36,0.72]","[0,0.24,0.36,0.48,0.6,0.72]",1
58,9,20313633,3,0.16,0.24,0.08,0.12,0.32,0.48,7.8,10,-0.2,0,0.99,150,1,0.83,0.37,30,0.990310555173754,1,7.58,8.38,10.18,10.54,7.585,8.415,10.125,10.495,0.0249999999999988,0.0502493781056035,0,19998,131461,7353,12645,6.57370737073707,1,0,141050.809638482,2.22292936434994,7,64,2,1,6.3,9.3,8.8,11.2,0,0,2.91038304567337e-11,0.0561248608016077,0.0561248608016077,0,0.36,0.36,0,hard_phase,coarse_to_fine,default_config,default_coarse,default_refine,single,greedy_combined_B7,white,degree_based_el_sep,"[0,0.24,0.36,0.48,0.6,0.72]","[0,0.36,0.72]","[0,0.24,0.36,0.48,0.6,0.72]",1
59,10,20313634,3,0.16,0.24,0.08,0.12,0.32,0.48,7.8,10,-0.2,0,0.99,150,1,0.83,0.37,30,0.989809966471351,-1,7.58,8.46,10.54,10.18,7.585,8.415,10.495,10.125,0.0320156211871654,0.0502493781056035,0,131461,131461,0,0,1,1,0,178274.089428349,1.82475105545851,7,64,2,1,6.3,9.3,8.8,11.2,0,0,0,0.0595818764390647,0.0595818764390647,0,0.36,0.36,0,hard_phase,full_fine,default_config,default_coarse,default_refine,single,greedy_combined_B7,white,degree_based_el_sep,"[0,0.24,0.36,0.48,0.6,0.72]","[0,0.36,0.72]","[0,0.24,0.36,0.48,0.6,0.72]",1
60,10,20313634,3,0.16,0.24,0.08,0.12,0.32,0.48,7.8,10,-0.2,0,0.99,150,1,0.83,0.37,30,0.989809966471351,-1,7.58,8.46,10.54,10.18,7.585,8.415,10.495,10.125,0.0320156211871654,0.0502493781056035,0,18513,131461,7353,11160,7.1010101010101,1,0,178274.089428349,1.82475105545851,7,64,2,1,6.3,9.3,8.8,11.2,0,0,0,0.0595818764390647,0.0595818764390647,0,0.36,0.36,0,hard_phase,coarse_to_fine,default_config,default_coarse,default_refine,single,greedy_combined_B7,white,degree_based_el_sep,"[0,0.24,0.36,0.48,0.6,0.72]","[0,0.36,0.72]","[0,0.24,0.36,0.48,0.6,0.72]",1
61,1,20314625,3,0.16,0.24,0.08,0.12,0.32,0.48,7.8,10,-0.2,0,0.99,150,0.3,0.83,0.37,30,0.990162035815562,1,7.58,8.46,10.12,10.6,7.585,8.415,10.125,10.495,0.0320156211871654,0.0743303437365916,0,131461,131461,0,0,1,1,0,93421.7408262409,1.85965839290034,7,64,2,1,6.3,9.3,8.8,11.2,0,0,0,0.0809320702811928,0.0809320702811928,0,0.48,0.48,0,weak_secondary,full_fine,default_config,default_coarse,default_refine,single,greedy_combined_B7,white,degree_based_el_sep,"[0,0.24,0.36,0.48,0.6,0.72]","[0,0.36,0.72]","[0,0.24,0.36,0.48,0.6,0.72]",1
62,1,20314625,3,0.16,0.24,0.08,0.12,0.32,0.48,7.8,10,-0.2,0,0.99,150,0.3,0.83,0.37,30,0.990162035815562,1,7.58,8.46,10.12,10.6,7.585,8.415,10.125,10.495,0.0320156211871654,0.0743303437365916,0,18612,131461,7353,11259,7.06323877068558,1,0,93421.7408262409,1.85965839290034,7,64,2,1,6.3,9.3,8.8,11.2,0,0,-1.45519152283669e-11,0.0809320702811928,0.0809320702811928,0,0.48,0.48,0,weak_secondary,coarse_to_fine,default_config,default_coarse,default_refine,single,greedy_combined_B7,white,degree_based_el_sep,"[0,0.24,0.36,0.48,0.6,0.72]","[0,0.36,0.72]","[0,0.24,0.36,0.48,0.6,0.72]",1
63,2,20314626,3,0.16,0.24,0.08,0.12,0.32,0.48,7.8,10,-0.2,0,0.99,150,0.3,0.83,0.37,30,0.989957048163877,-1,7.58,8.46,10.54,10.18,7.585,8.415,10.495,10.125,0.0320156211871654,0.0502493781056035,0,131461,131461,0,0,1,1,0,98896.0032658534,1.82475105545851,7,64,2,1,6.3,9.3,8.8,11.2,0,0,0,0.0595818764390647,0.0595818764390647,0,0.36,0.36,0,weak_secondary,full_fine,default_config,default_coarse,default_refine,single,greedy_combined_B7,white,degree_based_el_sep,"[0,0.24,0.36,0.48,0.6,0.72]","[0,0.36,0.72]","[0,0.24,0.36,0.48,0.6,0.72]",1
64,2,20314626,3,0.16,0.24,0.08,0.12,0.32,0.48,7.8,10,-0.2,0,0.99,150,0.3,0.83,0.37,30,0.989957048163877,-1,7.58,8.46,10.54,10.18,7.585,8.415,10.495,10.125,0.0320156211871654,0.0502493781056035,0,18837,131461,7353,11484,6.97887137017572,1,0,98896.0032658534,1.82475105545851,7,64,2,1,6.3,9.3,8.8,11.2,0,0,0,0.0595818764390647,0.0595818764390647,0,0.36,0.36,0,weak_secondary,coarse_to_fine,default_config,default_coarse,default_refine,single,greedy_combined_B7,white,degree_based_el_sep,"[0,0.24,0.36,0.48,0.6,0.72]","[0,0.36,0.72]","[0,0.24,0.36,0.48,0.6,0.72]",1
65,3,20314627,3,0.16,0.24,0.08,0.12,0.32,0.48,7.8,10,-0.2,0,0.99,150,0.3,0.83,0.37,30,0.98981919690867,1,7.58,8.46,10.12,10.6,7.585,8.415,10.125,10.495,0.0320156211871654,0.0743303437365916,0,131461,131461,0,0,1,1,0,93446.0533519181,1.85965839290034,7,64,2,1,6.3,9.3,8.8,11.2,0,0,0,0.0809320702811928,0.0809320702811928,0,0.48,0.48,0,weak_secondary,full_fine,default_config,default_coarse,default_refine,single,greedy_combined_B7,white,degree_based_el_sep,"[0,0.24,0.36,0.48,0.6,0.72]","[0,0.36,0.72]","[0,0.24,0.36,0.48,0.6,0.72]",1
66,3,20314627,3,0.16,0.24,0.08,0.12,0.32,0.48,7.8,10,-0.2,0,0.99,150,0.3,0.83,0.37,30,0.98981919690867,1,7.58,8.46,10.12,10.6,7.585,8.415,10.125,10.495,0.0320156211871654,0.0743303437365916,0,18612,131461,7353,11259,7.06323877068558,1,0,93446.0533519181,1.85965839290034,7,64,2,1,6.3,9.3,8.8,11.2,0,0,-2.91038304567337e-11,0.0809320702811928,0.0809320702811928,0,0.48,0.48,0,weak_secondary,coarse_to_fine,default_config,default_coarse,default_refine,single,greedy_combined_B7,white,degree_based_el_sep,"[0,0.24,0.36,0.48,0.6,0.72]","[0,0.36,0.72]","[0,0.24,0.36,0.48,0.6,0.72]",1
67,4,20314628,3,0.16,0.24,0.08,0.12,0.32,0.48,7.8,10,-0.2,0,0.99,150,0.3,0.83,0.37,30,0.990015503768947,-1,7.58,8.46,10.54,10.18,7.585,8.415,10.495,10.125,0.0320156211871654,0.0502493781056035,0,131461,131461,0,0,1,1,0,98975.2322322106,1.82475105545851,7,64,2,1,6.3,9.3,8.8,11.2,0,0,0,0.0595818764390647,0.0595818764390647,0,0.36,0.36,0,weak_secondary,full_fine,default_config,default_coarse,default_refine,single,greedy_combined_B7,white,degree_based_el_sep,"[0,0.24,0.36,0.48,0.6,0.72]","[0,0.36,0.72]","[0,0.24,0.36,0.48,0.6,0.72]",1
68,4,20314628,3,0.16,0.24,0.08,0.12,0.32,0.48,7.8,10,-0.2,0,0.99,150,0.3,0.83,0.37,30,0.990015503768947,-1,7.58,8.46,10.54,10.18,7.585,8.415,10.495,10.125,0.0320156211871654,0.0502493781056035,0,18837,131461,7353,11484,6.97887137017572,1,0,98975.2322322106,1.82475105545851,7,64,2,1,6.3,9.3,8.8,11.2,0,0,-1.45519152283669e-11,0.0595818764390647,0.0595818764390647,0,0.36,0.36,0,weak_secondary,coarse_to_fine,default_config,default_coarse,default_refine,single,greedy_combined_B7,white,degree_based_el_sep,"[0,0.24,0.36,0.48,0.6,0.72]","[0,0.36,0.72]","[0,0.24,0.36,0.48,0.6,0.72]",1
69,5,20314629,3,0.16,0.24,0.08,0.12,0.32,0.48,7.8,10,-0.2,0,0.99,150,0.3,0.83,0.37,30,0.990332045187566,1,7.58,8.46,10.12,10.6,7.585,8.415,10.125,10.495,0.0320156211871654,0.0743303437365916,0,131461,131461,0,0,1,1,0,93447.4696654112,1.85965839290034,7,64,2,1,6.3,9.3,8.8,11.2,0,0,0,0.0809320702811928,0.0809320702811928,0,0.48,0.48,0,weak_secondary,full_fine,default_config,default_coarse,default_refine,single,greedy_combined_B7,white,degree_based_el_sep,"[0,0.24,0.36,0.48,0.6,0.72]","[0,0.36,0.72]","[0,0.24,0.36,0.48,0.6,0.72]",1
70,5,20314629,3,0.16,0.24,0.08,0.12,0.32,0.48,7.8,10,-0.2,0,0.99,150,0.3,0.83,0.37,30,0.990332045187566,1,7.58,8.46,10.12,10.6,7.585,8.415,10.125,10.495,0.0320156211871654,0.0743303437365916,0,18612,131461,7353,11259,7.06323877068558,1,0,93447.4696654112,1.85965839290034,7,64,2,1,6.3,9.3,8.8,11.2,0,0,0,0.0809320702811928,0.0809320702811928,0,0.48,0.48,0,weak_secondary,coarse_to_fine,default_config,default_coarse,default_refine,single,greedy_combined_B7,white,degree_based_el_sep,"[0,0.24,0.36,0.48,0.6,0.72]","[0,0.36,0.72]","[0,0.24,0.36,0.48,0.6,0.72]",1
71,6,20314630,3,0.16,0.24,0.08,0.12,0.32,0.48,7.8,10,-0.2,0,0.99,150,0.3,0.83,0.37,30,0.989879736859574,-1,7.58,8.46,10.54,10.18,7.585,8.415,10.495,10.125,0.0320156211871654,0.0502493781056035,0,131461,131461,0,0,1,1,0,98958.9749293031,1.82475105545851,7,64,2,1,6.3,9.3,8.8,11.2,0,0,0,0.0595818764390647,0.0595818764390647,0,0.36,0.36,0,weak_secondary,full_fine,default_config,default_coarse,default_refine,single,greedy_combined_B7,white,degree_based_el_sep,"[0,0.24,0.36,0.48,0.6,0.72]","[0,0.36,0.72]","[0,0.24,0.36,0.48,0.6,0.72]",1
72,6,20314630,3,0.16,0.24,0.08,0.12,0.32,0.48,7.8,10,-0.2,0,0.99,150,0.3,0.83,0.37,30,0.989879736859574,-1,7.58,8.46,10.54,10.18,7.585,8.415,10.495,10.125,0.0320156211871654,0.0502493781056035,0,18837,131461,7353,11484,6.97887137017572,1,0,98958.9749293031,1.82475105545851,7,64,2,1,6.3,9.3,8.8,11.2,0,0,2.91038304567337e-11,0.0595818764390647,0.0595818764390647,0,0.36,0.36,0,weak_secondary,coarse_to_fine,default_config,default_coarse,default_refine,single,greedy_combined_B7,white,degree_based_el_sep,"[0,0.24,0.36,0.48,0.6,0.72]","[0,0.36,0.72]","[0,0.24,0.36,0.48,0.6,0.72]",1
73,7,20314631,3,0.16,0.24,0.08,0.12,0.32,0.48,7.8,10,-0.2,0,0.99,150,0.3,0.83,0.37,30,0.99039748209966,1,7.58,8.46,10.12,10.6,7.585,8.415,10.125,10.495,0.0320156211871654,0.0743303437365916,0,131461,131461,0,0,1,1,0,93439.7564110048,1.85965839290034,7,64,2,1,6.3,9.3,8.8,11.2,0,0,0,0.0809320702811928,0.0809320702811928,0,0.48,0.48,0,weak_secondary,full_fine,default_config,default_coarse,default_refine,single,greedy_combined_B7,white,degree_based_el_sep,"[0,0.24,0.36,0.48,0.6,0.72]","[0,0.36,0.72]","[0,0.24,0.36,0.48,0.6,0.72]",1
74,7,20314631,3,0.16,0.24,0.08,0.12,0.32,0.48,7.8,10,-0.2,0,0.99,150,0.3,0.83,0.37,30,0.99039748209966,1,7.58,8.46,10.12,10.6,7.585,8.415,10.125,10.495,0.0320156211871654,0.0743303437365916,0,18612,131461,7353,11259,7.06323877068558,1,0,93439.7564110048,1.85965839290034,7,64,2,1,6.3,9.3,8.8,11.2,0,0,-1.45519152283669e-11,0.0809320702811928,0.0809320702811928,0,0.48,0.48,0,weak_secondary,coarse_to_fine,default_config,default_coarse,default_refine,single,greedy_combined_B7,white,degree_based_el_sep,"[0,0.24,0.36,0.48,0.6,0.72]","[0,0.36,0.72]","[0,0.24,0.36,0.48,0.6,0.72]",1
75,8,20314632,3,0.16,0.24,0.08,0.12,0.32,0.48,7.8,10,-0.2,0,0.99,150,0.3,0.83,0.37,30,0.990251905101559,-1,7.58,8.46,10.54,10.18,7.585,8.415,10.495,10.125,0.0320156211871654,0.0502493781056035,0,131461,131461,0,0,1,1,0,99262.4111641024,1.82475105545851,7,64,2,1,6.3,9.3,8.8,11.2,0,0,0,0.0595818764390647,0.0595818764390647,0,0.36,0.36,0,weak_secondary,full_fine,default_config,default_coarse,default_refine,single,greedy_combined_B7,white,degree_based_el_sep,"[0,0.24,0.36,0.48,0.6,0.72]","[0,0.36,0.72]","[0,0.24,0.36,0.48,0.6,0.72]",1
76,8,20314632,3,0.16,0.24,0.08,0.12,0.32,0.48,7.8,10,-0.2,0,0.99,150,0.3,0.83,0.37,30,0.990251905101559,-1,7.58,8.46,10.54,10.18,7.585,8.415,10.495,10.125,0.0320156211871654,0.0502493781056035,0,18837,131461,7353,11484,6.97887137017572,1,0,99262.4111641024,1.82475105545851,7,64,2,1,6.3,9.3,8.8,11.2,0,0,0,0.0595818764390647,0.0595818764390647,0,0.36,0.36,0,weak_secondary,coarse_to_fine,default_config,default_coarse,default_refine,single,greedy_combined_B7,white,degree_based_el_sep,"[0,0.24,0.36,0.48,0.6,0.72]","[0,0.36,0.72]","[0,0.24,0.36,0.48,0.6,0.72]",1
77,9,20314633,3,0.16,0.24,0.08,0.12,0.32,0.48,7.8,10,-0.2,0,0.99,150,0.3,0.83,0.37,30,0.989973417675103,1,7.58,8.46,10.12,10.6,7.585,8.415,10.125,10.495,0.0320156211871654,0.0743303437365916,0,131461,131461,0,0,1,1,0,93454.3908750127,1.85965839290034,7,64,2,1,6.3,9.3,8.8,11.2,0,0,0,0.0809320702811928,0.0809320702811928,0,0.48,0.48,0,weak_secondary,full_fine,default_config,default_coarse,default_refine,single,greedy_combined_B7,white,degree_based_el_sep,"[0,0.24,0.36,0.48,0.6,0.72]","[0,0.36,0.72]","[0,0.24,0.36,0.48,0.6,0.72]",1
78,9,20314633,3,0.16,0.24,0.08,0.12,0.32,0.48,7.8,10,-0.2,0,0.99,150,0.3,0.83,0.37,30,0.989973417675103,1,7.58,8.46,10.12,10.6,7.585,8.415,10.125,10.495,0.0320156211871654,0.0743303437365916,0,18612,131461,7353,11259,7.06323877068558,1,0,93454.3908750127,1.85965839290034,7,64,2,1,6.3,9.3,8.8,11.2,0,0,2.91038304567337e-11,0.0809320702811928,0.0809320702811928,0,0.48,0.48,0,weak_secondary,coarse_to_fine,default_config,default_coarse,default_refine,single,greedy_combined_B7,white,degree_based_el_sep,"[0,0.24,0.36,0.48,0.6,0.72]","[0,0.36,0.72]","[0,0.24,0.36,0.48,0.6,0.72]",1
79,10,20314634,3,0.16,0.24,0.08,0.12,0.32,0.48,7.8,10,-0.2,0,0.99,150,0.3,0.83,0.37,30,0.989889625362295,-1,7.58,8.46,10.54,10.18,7.585,8.415,10.495,10.125,0.0320156211871654,0.0502493781056035,0,131461,131461,0,0,1,1,0,99057.4235067187,1.82475105545851,7,64,2,1,6.3,9.3,8.8,11.2,0,0,0,0.0595818764390647,0.0595818764390647,0,0.36,0.36,0,weak_secondary,full_fine,default_config,default_coarse,default_refine,single,greedy_combined_B7,white,degree_based_el_sep,"[0,0.24,0.36,0.48,0.6,0.72]","[0,0.36,0.72]","[0,0.24,0.36,0.48,0.6,0.72]",1
80,10,20314634,3,0.16,0.24,0.08,0.12,0.32,0.48,7.8,10,-0.2,0,0.99,150,0.3,0.83,0.37,30,0.989889625362295,-1,7.58,8.46,10.54,10.18,7.585,8.415,10.495,10.125,0.0320156211871654,0.0502493781056035,0,18837,131461,7353,11484,6.97887137017572,1,0,99057.4235067187,1.82475105545851,7,64,2,1,6.3,9.3,8.8,11.2,0,0,0,0.0595818764390647,0.0595818764390647,0,0.36,0.36,0,weak_secondary,coarse_to_fine,default_config,default_coarse,default_refine,single,greedy_combined_B7,white,degree_based_el_sep,"[0,0.24,0.36,0.48,0.6,0.72]","[0,0.36,0.72]","[0,0.24,0.36,0.48,0.6,0.72]",1
81,1,20315625,3,0.16,0.24,0.08,0.12,0.32,0.48,7.8,10,-0.2,0,1,150,0.3,0.83,0.37,20,1,1,7.58,8.46,10.12,10.6,7.585,8.415,10.125,10.495,0.0320156211871654,0.0743303437365916,0,131461,131461,0,0,1,1,0,93215.3915938949,1.85965839290034,7,64,2,1,6.3,9.3,8.8,11.2,0,0,0,0.0809320702811928,0.0809320702811928,0,0.48,0.48,0,low_snr_hard,full_fine,default_config,default_coarse,default_refine,single,greedy_combined_B7,white,degree_based_el_sep,"[0,0.24,0.36,0.48,0.6,0.72]","[0,0.36,0.72]","[0,0.24,0.36,0.48,0.6,0.72]",1
82,1,20315625,3,0.16,0.24,0.08,0.12,0.32,0.48,7.8,10,-0.2,0,1,150,0.3,0.83,0.37,20,1,1,7.58,8.46,10.12,10.6,7.585,8.415,10.125,10.495,0.0320156211871654,0.0743303437365916,0,18612,131461,7353,11259,7.06323877068558,1,0,93215.3915938949,1.85965839290034,7,64,2,1,6.3,9.3,8.8,11.2,0,0,1.45519152283669e-11,0.0809320702811928,0.0809320702811928,0,0.48,0.48,0,low_snr_hard,coarse_to_fine,default_config,default_coarse,default_refine,single,greedy_combined_B7,white,degree_based_el_sep,"[0,0.24,0.36,0.48,0.6,0.72]","[0,0.36,0.72]","[0,0.24,0.36,0.48,0.6,0.72]",1
83,2,20315626,3,0.16,0.24,0.08,0.12,0.32,0.48,7.8,10,-0.2,0,1,150,0.3,0.83,0.37,20,1,-1,7.58,8.46,10.54,10.18,7.585,8.415,10.495,10.125,0.0320156211871654,0.0502493781056035,0,131461,131461,0,0,1,1,0,99094.7691108194,1.82475105545851,7,64,2,1,6.3,9.3,8.8,11.2,0,0,0,0.0595818764390647,0.0595818764390647,0,0.36,0.36,0,low_snr_hard,full_fine,default_config,default_coarse,default_refine,single,greedy_combined_B7,white,degree_based_el_sep,"[0,0.24,0.36,0.48,0.6,0.72]","[0,0.36,0.72]","[0,0.24,0.36,0.48,0.6,0.72]",1
84,2,20315626,3,0.16,0.24,0.08,0.12,0.32,0.48,7.8,10,-0.2,0,1,150,0.3,0.83,0.37,20,1,-1,7.58,8.46,10.54,10.18,7.585,8.415,10.495,10.125,0.0320156211871654,0.0502493781056035,0,18837,131461,7353,11484,6.97887137017572,1,0,99094.7691108194,1.82475105545851,7,64,2,1,6.3,9.3,8.8,11.2,0,0,0,0.0595818764390647,0.0595818764390647,0,0.36,0.36,0,low_snr_hard,coarse_to_fine,default_config,default_coarse,default_refine,single,greedy_combined_B7,white,degree_based_el_sep,"[0,0.24,0.36,0.48,0.6,0.72]","[0,0.36,0.72]","[0,0.24,0.36,0.48,0.6,0.72]",1
85,3,20315627,3,0.16,0.24,0.08,0.12,0.32,0.48,7.8,10,-0.2,0,1,150,0.3,0.83,0.37,20,1,1,7.58,8.46,10.12,10.6,7.585,8.415,10.125,10.495,0.0320156211871654,0.0743303437365916,0,131461,131461,0,0,1,1,0,93201.102393673,1.85965839290034,7,64,2,1,6.3,9.3,8.8,11.2,0,0,0,0.0809320702811928,0.0809320702811928,0,0.48,0.48,0,low_snr_hard,full_fine,default_config,default_coarse,default_refine,single,greedy_combined_B7,white,degree_based_el_sep,"[0,0.24,0.36,0.48,0.6,0.72]","[0,0.36,0.72]","[0,0.24,0.36,0.48,0.6,0.72]",1
86,3,20315627,3,0.16,0.24,0.08,0.12,0.32,0.48,7.8,10,-0.2,0,1,150,0.3,0.83,0.37,20,1,1,7.58,8.46,10.12,10.6,7.585,8.415,10.125,10.495,0.0320156211871654,0.0743303437365916,0,18612,131461,7353,11259,7.06323877068558,1,0,93201.102393673,1.85965839290034,7,64,2,1,6.3,9.3,8.8,11.2,0,0,2.91038304567337e-11,0.0809320702811928,0.0809320702811928,0,0.48,0.48,0,low_snr_hard,coarse_to_fine,default_config,default_coarse,default_refine,single,greedy_combined_B7,white,degree_based_el_sep,"[0,0.24,0.36,0.48,0.6,0.72]","[0,0.36,0.72]","[0,0.24,0.36,0.48,0.6,0.72]",1
87,4,20315628,3,0.16,0.24,0.08,0.12,0.32,0.48,7.8,10,-0.2,0,1,150,0.3,0.83,0.37,20,1,-1,7.58,8.46,10.54,10.18,7.585,8.415,10.495,10.125,0.0320156211871654,0.0502493781056035,0,131461,131461,0,0,1,1,0,99086.3893296931,1.82475105545851,7,64,2,1,6.3,9.3,8.8,11.2,0,0,0,0.0595818764390647,0.0595818764390647,0,0.36,0.36,0,low_snr_hard,full_fine,default_config,default_coarse,default_refine,single,greedy_combined_B7,white,degree_based_el_sep,"[0,0.24,0.36,0.48,0.6,0.72]","[0,0.36,0.72]","[0,0.24,0.36,0.48,0.6,0.72]",1
88,4,20315628,3,0.16,0.24,0.08,0.12,0.32,0.48,7.8,10,-0.2,0,1,150,0.3,0.83,0.37,20,1,-1,7.58,8.46,10.54,10.18,7.585,8.415,10.495,10.125,0.0320156211871654,0.0502493781056035,0,18837,131461,7353,11484,6.97887137017572,1,0,99086.3893296931,1.82475105545851,7,64,2,1,6.3,9.3,8.8,11.2,0,0,0,0.0595818764390647,0.0595818764390647,0,0.36,0.36,0,low_snr_hard,coarse_to_fine,default_config,default_coarse,default_refine,single,greedy_combined_B7,white,degree_based_el_sep,"[0,0.24,0.36,0.48,0.6,0.72]","[0,0.36,0.72]","[0,0.24,0.36,0.48,0.6,0.72]",1
89,5,20315629,3,0.16,0.24,0.08,0.12,0.32,0.48,7.8,10,-0.2,0,1,150,0.3,0.83,0.37,20,1,1,7.58,8.46,10.12,10.6,7.585,8.415,10.125,10.495,0.0320156211871654,0.0743303437365916,0,131461,131461,0,0,1,1,0,93246.20973454,1.85965839290034,7,64,2,1,6.3,9.3,8.8,11.2,0,0,0,0.0809320702811928,0.0809320702811928,0,0.48,0.48,0,low_snr_hard,full_fine,default_config,default_coarse,default_refine,single,greedy_combined_B7,white,degree_based_el_sep,"[0,0.24,0.36,0.48,0.6,0.72]","[0,0.36,0.72]","[0,0.24,0.36,0.48,0.6,0.72]",1
90,5,20315629,3,0.16,0.24,0.08,0.12,0.32,0.48,7.8,10,-0.2,0,1,150,0.3,0.83,0.37,20,1,1,7.58,8.46,10.12,10.6,7.585,8.415,10.125,10.495,0.0320156211871654,0.0743303437365916,0,18612,131461,7353,11259,7.06323877068558,1,0,93246.20973454,1.85965839290034,7,64,2,1,6.3,9.3,8.8,11.2,0,0,0,0.0809320702811928,0.0809320702811928,0,0.48,0.48,0,low_snr_hard,coarse_to_fine,default_config,default_coarse,default_refine,single,greedy_combined_B7,white,degree_based_el_sep,"[0,0.24,0.36,0.48,0.6,0.72]","[0,0.36,0.72]","[0,0.24,0.36,0.48,0.6,0.72]",1
91,6,20315630,3,0.16,0.24,0.08,0.12,0.32,0.48,7.8,10,-0.2,0,1,150,0.3,0.83,0.37,20,1,-1,7.58,8.46,10.54,10.18,7.585,8.415,10.495,10.125,0.0320156211871654,0.0502493781056035,0,131461,131461,0,0,1,1,0,99138.0462413216,1.82475105545851,7,64,2,1,6.3,9.3,8.8,11.2,0,0,0,0.0595818764390647,0.0595818764390647,0,0.36,0.36,0,low_snr_hard,full_fine,default_config,default_coarse,default_refine,single,greedy_combined_B7,white,degree_based_el_sep,"[0,0.24,0.36,0.48,0.6,0.72]","[0,0.36,0.72]","[0,0.24,0.36,0.48,0.6,0.72]",1
92,6,20315630,3,0.16,0.24,0.08,0.12,0.32,0.48,7.8,10,-0.2,0,1,150,0.3,0.83,0.37,20,1,-1,7.58,8.46,10.54,10.18,7.585,8.415,10.495,10.125,0.0320156211871654,0.0502493781056035,0,18837,131461,7353,11484,6.97887137017572,1,0,99138.0462413216,1.82475105545851,7,64,2,1,6.3,9.3,8.8,11.2,0,0,0,0.0595818764390647,0.0595818764390647,0,0.36,0.36,0,low_snr_hard,coarse_to_fine,default_config,default_coarse,default_refine,single,greedy_combined_B7,white,degree_based_el_sep,"[0,0.24,0.36,0.48,0.6,0.72]","[0,0.36,0.72]","[0,0.24,0.36,0.48,0.6,0.72]",1
93,7,20315631,3,0.16,0.24,0.08,0.12,0.32,0.48,7.8,10,-0.2,0,1,150,0.3,0.83,0.37,20,1,1,7.58,8.46,10.12,10.6,7.585,8.415,10.125,10.495,0.0320156211871654,0.0743303437365916,0,131461,131461,0,0,1,1,0,93219.1014570017,1.85965839290034,7,64,2,1,6.3,9.3,8.8,11.2,0,0,0,0.0809320702811928,0.0809320702811928,0,0.48,0.48,0,low_snr_hard,full_fine,default_config,default_coarse,default_refine,single,greedy_combined_B7,white,degree_based_el_sep,"[0,0.24,0.36,0.48,0.6,0.72]","[0,0.36,0.72]","[0,0.24,0.36,0.48,0.6,0.72]",1
94,7,20315631,3,0.16,0.24,0.08,0.12,0.32,0.48,7.8,10,-0.2,0,1,150,0.3,0.83,0.37,20,1,1,7.58,8.46,10.12,10.6,7.585,8.415,10.125,10.495,0.0320156211871654,0.0743303437365916,0,18612,131461,7353,11259,7.06323877068558,1,0,93219.1014570017,1.85965839290034,7,64,2,1,6.3,9.3,8.8,11.2,0,0,0,0.0809320702811928,0.0809320702811928,0,0.48,0.48,0,low_snr_hard,coarse_to_fine,default_config,default_coarse,default_refine,single,greedy_combined_B7,white,degree_based_el_sep,"[0,0.24,0.36,0.48,0.6,0.72]","[0,0.36,0.72]","[0,0.24,0.36,0.48,0.6,0.72]",1
95,8,20315632,3,0.16,0.24,0.08,0.12,0.32,0.48,7.8,10,-0.2,0,1,150,0.3,0.83,0.37,20,1,-1,7.58,8.46,10.54,10.18,7.585,8.415,10.495,10.125,0.0320156211871654,0.0502493781056035,0,131461,131461,0,0,1,1,0,99079.5428317148,1.82475105545851,7,64,2,1,6.3,9.3,8.8,11.2,0,0,0,0.0595818764390647,0.0595818764390647,0,0.36,0.36,0,low_snr_hard,full_fine,default_config,default_coarse,default_refine,single,greedy_combined_B7,white,degree_based_el_sep,"[0,0.24,0.36,0.48,0.6,0.72]","[0,0.36,0.72]","[0,0.24,0.36,0.48,0.6,0.72]",1
96,8,20315632,3,0.16,0.24,0.08,0.12,0.32,0.48,7.8,10,-0.2,0,1,150,0.3,0.83,0.37,20,1,-1,7.58,8.46,10.54,10.18,7.585,8.415,10.495,10.125,0.0320156211871654,0.0502493781056035,0,18837,131461,7353,11484,6.97887137017572,1,0,99079.5428317148,1.82475105545851,7,64,2,1,6.3,9.3,8.8,11.2,0,0,0,0.0595818764390647,0.0595818764390647,0,0.36,0.36,0,low_snr_hard,coarse_to_fine,default_config,default_coarse,default_refine,single,greedy_combined_B7,white,degree_based_el_sep,"[0,0.24,0.36,0.48,0.6,0.72]","[0,0.36,0.72]","[0,0.24,0.36,0.48,0.6,0.72]",1
97,9,20315633,3,0.16,0.24,0.08,0.12,0.32,0.48,7.8,10,-0.2,0,1,150,0.3,0.83,0.37,20,1,1,7.58,8.46,10.12,10.6,7.585,8.415,10.125,10.495,0.0320156211871654,0.0743303437365916,0,131461,131461,0,0,1,1,0,93244.0023504631,1.85965839290034,7,64,2,1,6.3,9.3,8.8,11.2,0,0,0,0.0809320702811928,0.0809320702811928,0,0.48,0.48,0,low_snr_hard,full_fine,default_config,default_coarse,default_refine,single,greedy_combined_B7,white,degree_based_el_sep,"[0,0.24,0.36,0.48,0.6,0.72]","[0,0.36,0.72]","[0,0.24,0.36,0.48,0.6,0.72]",1
98,9,20315633,3,0.16,0.24,0.08,0.12,0.32,0.48,7.8,10,-0.2,0,1,150,0.3,0.83,0.37,20,1,1,7.58,8.46,10.12,10.6,7.585,8.415,10.125,10.495,0.0320156211871654,0.0743303437365916,0,18612,131461,7353,11259,7.06323877068558,1,0,93244.0023504631,1.85965839290034,7,64,2,1,6.3,9.3,8.8,11.2,0,0,-1.45519152283669e-11,0.0809320702811928,0.0809320702811928,0,0.48,0.48,0,low_snr_hard,coarse_to_fine,default_config,default_coarse,default_refine,single,greedy_combined_B7,white,degree_based_el_sep,"[0,0.24,0.36,0.48,0.6,0.72]","[0,0.36,0.72]","[0,0.24,0.36,0.48,0.6,0.72]",1
99,10,20315634,3,0.16,0.24,0.08,0.12,0.32,0.48,7.8,10,-0.2,0,1,150,0.3,0.83,0.37,20,1,-1,7.58,8.46,10.54,10.18,7.585,8.415,10.495,10.125,0.0320156211871654,0.0502493781056035,0,131461,131461,0,0,1,1,0,98965.7636724431,1.82475105545851,7,64,2,1,6.3,9.3,8.8,11.2,0,0,0,0.0595818764390647,0.0595818764390647,0,0.36,0.36,0,low_snr_hard,full_fine,default_config,default_coarse,default_refine,single,greedy_combined_B7,white,degree_based_el_sep,"[0,0.24,0.36,0.48,0.6,0.72]","[0,0.36,0.72]","[0,0.24,0.36,0.48,0.6,0.72]",1
100,10,20315634,3,0.16,0.24,0.08,0.12,0.32,0.48,7.8,10,-0.2,0,1,150,0.3,0.83,0.37,20,1,-1,7.58,8.46,10.54,10.18,7.585,8.415,10.495,10.125,0.0320156211871654,0.0502493781056035,0,18837,131461,7353,11484,6.97887137017572,1,0,98965.7636724431,1.82475105545851,7,64,2,1,6.3,9.3,8.8,11.2,0,0,1.45519152283669e-11,0.0595818764390647,0.0595818764390647,0,0.36,0.36,0,low_snr_hard,coarse_to_fine,default_config,default_coarse,default_refine,single,greedy_combined_B7,white,degree_based_el_sep,"[0,0.24,0.36,0.48,0.6,0.72]","[0,0.36,0.72]","[0,0.24,0.36,0.48,0.6,0.72]",1
1,1,20321625,3,0.16,0.24,0.08,0.12,0.32,0.48,8,9.8,0,-0.2,0,0,1,1.27,0.67,30,0.235477444288188,1,7.38,8.66,9.98,10.58,7.365,8.635,9.975,10.645,0.0206155281280884,0.0460977222864653,0,131461,131461,0,0,1,1,0,204924.419776841,1.26913251801264,7,64,2,1,6.5,9.5,8.6,11,0,0,0,0.0504975246918112,0.0504975246918112,0,0.6,0.6,0,easy_noncoherent,full_fine,default_config,default_coarse,default_refine,single,greedy_combined_B7,white,degree_based_el_sep,"[0,0.24,0.36,0.48,0.6,0.72]","[0,0.36,0.72]","[0,0.24,0.36,0.48,0.6,0.72]",1
2,1,20321625,3,0.16,0.24,0.08,0.12,0.32,0.48,8,9.8,0,-0.2,0,0,1,1.27,0.67,30,0.235477444288188,1,7.38,8.66,9.98,10.58,7.365,8.635,9.975,10.645,0.0206155281280884,0.0460977222864654,0,16758,131461,7353,9405,7.84467120181406,1,0,204924.419776841,1.26913251801264,7,64,2,1,6.5,9.5,8.6,11,0,1.77635683940025e-15,0,0.0504975246918113,0.0504975246918112,0,0.6,0.6,0,easy_noncoherent,coarse_to_fine,default_config,default_coarse,default_refine,single,greedy_combined_B7,white,degree_based_el_sep,"[0,0.24,0.36,0.48,0.6,0.72]","[0,0.36,0.72]","[0,0.24,0.36,0.48,0.6,0.72]",1
3,2,20321626,3,0.16,0.24,0.08,0.12,0.32,0.48,8,9.8,0,-0.2,0,0,1,1.27,0.67,30,0.171793458515927,-1,7.38,8.66,10.58,9.98,7.365,8.635,10.645,9.975,0.0206155281280884,0.0460977222864653,0,131461,131461,0,0,1,1,0,198765.730334877,1.321309619944,7,64,2,1,6.5,9.5,8.6,11,0,0,0,0.0504975246918112,0.0504975246918112,0,0.6,0.6,0,easy_noncoherent,full_fine,default_config,default_coarse,default_refine,single,greedy_combined_B7,white,degree_based_el_sep,"[0,0.24,0.36,0.48,0.6,0.72]","[0,0.36,0.72]","[0,0.24,0.36,0.48,0.6,0.72]",1
4,2,20321626,3,0.16,0.24,0.08,0.12,0.32,0.48,8,9.8,0,-0.2,0,0,1,1.27,0.67,30,0.171793458515927,-1,7.38,8.66,10.58,9.98,7.365,8.635,10.645,9.975,0.0206155281280884,0.0460977222864654,0,16758,131461,7353,9405,7.84467120181406,1,0,198765.730334877,1.321309619944,7,64,2,1,6.5,9.5,8.6,11,0,1.77635683940025e-15,-2.91038304567337e-11,0.0504975246918113,0.0504975246918112,0,0.6,0.6,0,easy_noncoherent,coarse_to_fine,default_config,default_coarse,default_refine,single,greedy_combined_B7,white,degree_based_el_sep,"[0,0.24,0.36,0.48,0.6,0.72]","[0,0.36,0.72]","[0,0.24,0.36,0.48,0.6,0.72]",1
5,3,20321627,3,0.16,0.24,0.08,0.12,0.32,0.48,8,9.8,0,-0.2,0,0,1,1.27,0.67,30,0.0736166027347776,1,7.38,8.66,9.98,10.58,7.365,8.635,9.975,10.645,0.0206155281280884,0.0460977222864653,0,131461,131461,0,0,1,1,0,205206.453220696,1.26913251801264,7,64,2,1,6.5,9.5,8.6,11,0,0,0,0.0504975246918112,0.0504975246918112,0,0.6,0.6,0,easy_noncoherent,full_fine,default_config,default_coarse,default_refine,single,greedy_combined_B7,white,degree_based_el_sep,"[0,0.24,0.36,0.48,0.6,0.72]","[0,0.36,0.72]","[0,0.24,0.36,0.48,0.6,0.72]",1
6,3,20321627,3,0.16,0.24,0.08,0.12,0.32,0.48,8,9.8,0,-0.2,0,0,1,1.27,0.67,30,0.0736166027347776,1,7.38,8.66,9.98,10.58,7.365,8.635,9.975,10.645,0.0206155281280884,0.0460977222864654,0,16758,131461,7353,9405,7.84467120181406,1,0,205206.453220696,1.26913251801264,7,64,2,1,6.5,9.5,8.6,11,0,1.77635683940025e-15,0,0.0504975246918113,0.0504975246918112,0,0.6,0.6,0,easy_noncoherent,coarse_to_fine,default_config,default_coarse,default_refine,single,greedy_combined_B7,white,degree_based_el_sep,"[0,0.24,0.36,0.48,0.6,0.72]","[0,0.36,0.72]","[0,0.24,0.36,0.48,0.6,0.72]",1
7,4,20321628,3,0.16,0.24,0.08,0.12,0.32,0.48,8,9.8,0,-0.2,0,0,1,1.27,0.67,30,0.109966905415788,-1,7.38,8.66,10.58,9.98,7.365,8.635,10.645,9.975,0.0206155281280884,0.0460977222864653,0,131461,131461,0,0,1,1,0,204483.286029841,1.321309619944,7,64,2,1,6.5,9.5,8.6,11,0,0,0,0.0504975246918112,0.0504975246918112,0,0.6,0.6,0,easy_noncoherent,full_fine,default_config,default_coarse,default_refine,single,greedy_combined_B7,white,degree_based_el_sep,"[0,0.24,0.36,0.48,0.6,0.72]","[0,0.36,0.72]","[0,0.24,0.36,0.48,0.6,0.72]",1
8,4,20321628,3,0.16,0.24,0.08,0.12,0.32,0.48,8,9.8,0,-0.2,0,0,1,1.27,0.67,30,0.109966905415788,-1,7.38,8.66,10.58,9.98,7.365,8.635,10.645,9.975,0.0206155281280884,0.0460977222864654,0,16758,131461,7353,9405,7.84467120181406,1,0,204483.286029841,1.321309619944,7,64,2,1,6.5,9.5,8.6,11,0,1.77635683940025e-15,5.82076609134674e-11,0.0504975246918113,0.0504975246918112,0,0.6,0.6,0,easy_noncoherent,coarse_to_fine,default_config,default_coarse,default_refine,single,greedy_combined_B7,white,degree_based_el_sep,"[0,0.24,0.36,0.48,0.6,0.72]","[0,0.36,0.72]","[0,0.24,0.36,0.48,0.6,0.72]",1
9,5,20321629,3,0.16,0.24,0.08,0.12,0.32,0.48,8,9.8,0,-0.2,0,0,1,1.27,0.67,30,0.0398224746449605,1,7.38,8.66,9.98,10.58,7.365,8.635,9.975,10.645,0.0206155281280884,0.0460977222864653,0,131461,131461,0,0,1,1,0,204665.235299302,1.26913251801264,7,64,2,1,6.5,9.5,8.6,11,0,0,0,0.0504975246918112,0.0504975246918112,0,0.6,0.6,0,easy_noncoherent,full_fine,default_config,default_coarse,default_refine,single,greedy_combined_B7,white,degree_based_el_sep,"[0,0.24,0.36,0.48,0.6,0.72]","[0,0.36,0.72]","[0,0.24,0.36,0.48,0.6,0.72]",1
10,5,20321629,3,0.16,0.24,0.08,0.12,0.32,0.48,8,9.8,0,-0.2,0,0,1,1.27,0.67,30,0.0398224746449605,1,7.38,8.66,9.98,10.58,7.365,8.635,9.975,10.645,0.0206155281280884,0.0460977222864654,0,16758,131461,7353,9405,7.84467120181406,1,0,204665.235299302,1.26913251801264,7,64,2,1,6.5,9.5,8.6,11,0,1.77635683940025e-15,-2.91038304567337e-11,0.0504975246918113,0.0504975246918112,0,0.6,0.6,0,easy_noncoherent,coarse_to_fine,default_config,default_coarse,default_refine,single,greedy_combined_B7,white,degree_based_el_sep,"[0,0.24,0.36,0.48,0.6,0.72]","[0,0.36,0.72]","[0,0.24,0.36,0.48,0.6,0.72]",1
11,6,20321630,3,0.16,0.24,0.08,0.12,0.32,0.48,8,9.8,0,-0.2,0,0,1,1.27,0.67,30,0.00608836186836922,-1,7.38,8.66,10.58,9.98,7.365,8.635,10.645,9.975,0.0206155281280884,0.0460977222864653,0,131461,131461,0,0,1,1,0,203496.081336421,1.321309619944,7,64,2,1,6.5,9.5,8.6,11,0,0,0,0.0504975246918112,0.0504975246918112,0,0.6,0.6,0,easy_noncoherent,full_fine,default_config,default_coarse,default_refine,single,greedy_combined_B7,white,degree_based_el_sep,"[0,0.24,0.36,0.48,0.6,0.72]","[0,0.36,0.72]","[0,0.24,0.36,0.48,0.6,0.72]",1
12,6,20321630,3,0.16,0.24,0.08,0.12,0.32,0.48,8,9.8,0,-0.2,0,0,1,1.27,0.67,30,0.00608836186836922,-1,7.38,8.66,10.58,9.98,7.365,8.635,10.645,9.975,0.0206155281280884,0.0460977222864654,0,16758,131461,7353,9405,7.84467120181406,1,0,203496.081336421,1.321309619944,7,64,2,1,6.5,9.5,8.6,11,0,1.77635683940025e-15,0,0.0504975246918113,0.0504975246918112,0,0.6,0.6,0,easy_noncoherent,coarse_to_fine,default_config,default_coarse,default_refine,single,greedy_combined_B7,white,degree_based_el_sep,"[0,0.24,0.36,0.48,0.6,0.72]","[0,0.36,0.72]","[0,0.24,0.36,0.48,0.6,0.72]",1
13,7,20321631,3,0.16,0.24,0.08,0.12,0.32,0.48,8,9.8,0,-0.2,0,0,1,1.27,0.67,30,0.0714718682105424,1,7.38,8.66,9.98,10.58,7.365,8.635,9.975,10.645,0.0206155281280884,0.0460977222864653,0,131461,131461,0,0,1,1,0,203989.529742022,1.26913251801264,7,64,2,1,6.5,9.5,8.6,11,0,0,0,0.0504975246918112,0.0504975246918112,0,0.6,0.6,0,easy_noncoherent,full_fine,default_config,default_coarse,default_refine,single,greedy_combined_B7,white,degree_based_el_sep,"[0,0.24,0.36,0.48,0.6,0.72]","[0,0.36,0.72]","[0,0.24,0.36,0.48,0.6,0.72]",1
14,7,20321631,3,0.16,0.24,0.08,0.12,0.32,0.48,8,9.8,0,-0.2,0,0,1,1.27,0.67,30,0.0714718682105424,1,7.38,8.66,9.98,10.58,7.365,8.635,9.975,10.645,0.0206155281280884,0.0460977222864654,0,16758,131461,7353,9405,7.84467120181406,1,0,203989.529742022,1.26913251801264,7,64,2,1,6.5,9.5,8.6,11,0,1.77635683940025e-15,-2.91038304567337e-11,0.0504975246918113,0.0504975246918112,0,0.6,0.6,0,easy_noncoherent,coarse_to_fine,default_config,default_coarse,default_refine,single,greedy_combined_B7,white,degree_based_el_sep,"[0,0.24,0.36,0.48,0.6,0.72]","[0,0.36,0.72]","[0,0.24,0.36,0.48,0.6,0.72]",1
15,8,20321632,3,0.16,0.24,0.08,0.12,0.32,0.48,8,9.8,0,-0.2,0,0,1,1.27,0.67,30,0.0558367022104498,-1,7.38,8.66,10.58,9.98,7.365,8.635,10.645,9.975,0.0206155281280884,0.0460977222864653,0,131461,131461,0,0,1,1,0,204607.075477934,1.321309619944,7,64,2,1,6.5,9.5,8.6,11,0,0,0,0.0504975246918112,0.0504975246918112,0,0.6,0.6,0,easy_noncoherent,full_fine,default_config,default_coarse,default_refine,single,greedy_combined_B7,white,degree_based_el_sep,"[0,0.24,0.36,0.48,0.6,0.72]","[0,0.36,0.72]","[0,0.24,0.36,0.48,0.6,0.72]",1
16,8,20321632,3,0.16,0.24,0.08,0.12,0.32,0.48,8,9.8,0,-0.2,0,0,1,1.27,0.67,30,0.0558367022104498,-1,7.38,8.66,10.58,9.98,7.365,8.635,10.645,9.975,0.0206155281280884,0.0460977222864654,0,16758,131461,7353,9405,7.84467120181406,1,0,204607.075477934,1.321309619944,7,64,2,1,6.5,9.5,8.6,11,0,1.77635683940025e-15,2.91038304567337e-11,0.0504975246918113,0.0504975246918112,0,0.6,0.6,0,easy_noncoherent,coarse_to_fine,default_config,default_coarse,default_refine,single,greedy_combined_B7,white,degree_based_el_sep,"[0,0.24,0.36,0.48,0.6,0.72]","[0,0.36,0.72]","[0,0.24,0.36,0.48,0.6,0.72]",1
17,9,20321633,3,0.16,0.24,0.08,0.12,0.32,0.48,8,9.8,0,-0.2,0,0,1,1.27,0.67,30,0.072960803280055,1,7.38,8.66,9.98,10.58,7.365,8.635,9.975,10.645,0.0206155281280884,0.0460977222864653,0,131461,131461,0,0,1,1,0,206917.564190002,1.26913251801264,7,64,2,1,6.5,9.5,8.6,11,0,0,0,0.0504975246918112,0.0504975246918112,0,0.6,0.6,0,easy_noncoherent,full_fine,default_config,default_coarse,default_refine,single,greedy_combined_B7,white,degree_based_el_sep,"[0,0.24,0.36,0.48,0.6,0.72]","[0,0.36,0.72]","[0,0.24,0.36,0.48,0.6,0.72]",1
18,9,20321633,3,0.16,0.24,0.08,0.12,0.32,0.48,8,9.8,0,-0.2,0,0,1,1.27,0.67,30,0.072960803280055,1,7.38,8.66,9.98,10.58,7.365,8.635,9.975,10.645,0.0206155281280884,0.0460977222864654,0,16758,131461,7353,9405,7.84467120181406,1,0,206917.564190002,1.26913251801264,7,64,2,1,6.5,9.5,8.6,11,0,1.77635683940025e-15,5.82076609134674e-11,0.0504975246918113,0.0504975246918112,0,0.6,0.6,0,easy_noncoherent,coarse_to_fine,default_config,default_coarse,default_refine,single,greedy_combined_B7,white,degree_based_el_sep,"[0,0.24,0.36,0.48,0.6,0.72]","[0,0.36,0.72]","[0,0.24,0.36,0.48,0.6,0.72]",1
19,10,20321634,3,0.16,0.24,0.08,0.12,0.32,0.48,8,9.8,0,-0.2,0,0,1,1.27,0.67,30,0.0433663086102033,-1,7.38,8.66,10.58,9.98,7.365,8.635,10.645,9.975,0.0206155281280884,0.0460977222864653,0,131461,131461,0,0,1,1,0,204392.618825589,1.321309619944,7,64,2,1,6.5,9.5,8.6,11,0,0,0,0.0504975246918112,0.0504975246918112,0,0.6,0.6,0,easy_noncoherent,full_fine,default_config,default_coarse,default_refine,single,greedy_combined_B7,white,degree_based_el_sep,"[0,0.24,0.36,0.48,0.6,0.72]","[0,0.36,0.72]","[0,0.24,0.36,0.48,0.6,0.72]",1
20,10,20321634,3,0.16,0.24,0.08,0.12,0.32,0.48,8,9.8,0,-0.2,0,0,1,1.27,0.67,30,0.0433663086102033,-1,7.38,8.66,10.58,9.98,7.365,8.635,10.645,9.975,0.0206155281280884,0.0460977222864654,0,16758,131461,7353,9405,7.84467120181406,1,0,204392.618825589,1.321309619944,7,64,2,1,6.5,9.5,8.6,11,0,1.77635683940025e-15,0,0.0504975246918113,0.0504975246918112,0,0.6,0.6,0,easy_noncoherent,coarse_to_fine,default_config,default_coarse,default_refine,single,greedy_combined_B7,white,degree_based_el_sep,"[0,0.24,0.36,0.48,0.6,0.72]","[0,0.36,0.72]","[0,0.24,0.36,0.48,0.6,0.72]",1
21,1,20322625,3,0.16,0.24,0.08,0.12,0.32,0.48,8,9.8,0,-0.2,0.99,5,1,1.27,0.37,30,0.990216488522369,1,7.38,8.66,10.1,10.46,7.365,8.635,10.125,10.495,0.0206155281280884,0.0304138126514923,0,131461,131461,0,0,1,1,0,199648.835864027,1.2741007631434,7,64,2,1,6.5,9.5,8.6,11,0,0,0,0.0367423461417488,0.0367423461417488,0,0.36,0.36,0,strong_coherent,full_fine,default_config,default_coarse,default_refine,single,greedy_combined_B7,white,degree_based_el_sep,"[0,0.24,0.36,0.48,0.6,0.72]","[0,0.36,0.72]","[0,0.24,0.36,0.48,0.6,0.72]",1
22,1,20322625,3,0.16,0.24,0.08,0.12,0.32,0.48,8,9.8,0,-0.2,0.99,5,1,1.27,0.37,30,0.990216488522369,1,7.38,8.66,10.1,10.46,7.365,8.635,10.125,10.495,0.0206155281280884,0.0304138126514913,0,18412,131461,7353,11059,7.13996306756463,1,0,199648.835864027,1.2741007631434,7,64,2,1,6.5,9.5,8.6,11,0,1.77635683940025e-15,5.82076609134674e-11,0.0367423461417479,0.0367423461417488,0,0.36,0.36,0,strong_coherent,coarse_to_fine,default_config,default_coarse,default_refine,single,greedy_combined_B7,white,degree_based_el_sep,"[0,0.24,0.36,0.48,0.6,0.72]","[0,0.36,0.72]","[0,0.24,0.36,0.48,0.6,0.72]",1
23,2,20322626,3,0.16,0.24,0.08,0.12,0.32,0.48,8,9.8,0,-0.2,0.99,5,1,1.27,0.37,30,0.989808394552484,-1,7.38,8.66,10.46,10.1,7.365,8.635,10.495,10.125,0.0206155281280884,0.0304138126514923,0,131461,131461,0,0,1,1,0,192180.121379497,1.30643052808875,7,64,2,1,6.5,9.5,8.6,11,0,0,0,0.0367423461417488,0.0367423461417488,0,0.36,0.36,0,strong_coherent,full_fine,default_config,default_coarse,default_refine,single,greedy_combined_B7,white,degree_based_el_sep,"[0,0.24,0.36,0.48,0.6,0.72]","[0,0.36,0.72]","[0,0.24,0.36,0.48,0.6,0.72]",1
24,2,20322626,3,0.16,0.24,0.08,0.12,0.32,0.48,8,9.8,0,-0.2,0.99,5,1,1.27,0.37,30,0.989808394552484,-1,7.38,8.66,10.46,10.1,7.365,8.635,10.495,10.125,0.0206155281280884,0.0304138126514913,0,18412,131461,7353,11059,7.13996306756463,1,0,192180.121379497,1.30643052808875,7,64,2,1,6.5,9.5,8.6,11,0,1.77635683940025e-15,0,0.0367423461417479,0.0367423461417488,0,0.36,0.36,0,strong_coherent,coarse_to_fine,default_config,default_coarse,default_refine,single,greedy_combined_B7,white,degree_based_el_sep,"[0,0.24,0.36,0.48,0.6,0.72]","[0,0.36,0.72]","[0,0.24,0.36,0.48,0.6,0.72]",1
25,3,20322627,3,0.16,0.24,0.08,0.12,0.32,0.48,8,9.8,0,-0.2,0.99,5,1,1.27,0.37,30,0.989809326683452,1,7.38,8.66,10.1,10.46,7.365,8.635,10.125,10.495,0.0206155281280884,0.0304138126514923,0,131461,131461,0,0,1,1,0,199480.319615535,1.2741007631434,7,64,2,1,6.5,9.5,8.6,11,0,0,0,0.0367423461417488,0.0367423461417488,0,0.36,0.36,0,strong_coherent,full_fine,default_config,default_coarse,default_refine,single,greedy_combined_B7,white,degree_based_el_sep,"[0,0.24,0.36,0.48,0.6,0.72]","[0,0.36,0.72]","[0,0.24,0.36,0.48,0.6,0.72]",1
26,3,20322627,3,0.16,0.24,0.08,0.12,0.32,0.48,8,9.8,0,-0.2,0.99,5,1,1.27,0.37,30,0.989809326683452,1,7.38,8.66,10.1,10.46,7.365,8.635,10.125,10.495,0.0206155281280884,0.0304138126514913,0,18412,131461,7353,11059,7.13996306756463,1,0,199480.319615535,1.2741007631434,7,64,2,1,6.5,9.5,8.6,11,0,1.77635683940025e-15,0,0.0367423461417479,0.0367423461417488,0,0.36,0.36,0,strong_coherent,coarse_to_fine,default_config,default_coarse,default_refine,single,greedy_combined_B7,white,degree_based_el_sep,"[0,0.24,0.36,0.48,0.6,0.72]","[0,0.36,0.72]","[0,0.24,0.36,0.48,0.6,0.72]",1
27,4,20322628,3,0.16,0.24,0.08,0.12,0.32,0.48,8,9.8,0,-0.2,0.99,5,1,1.27,0.37,30,0.98999808750891,-1,7.38,8.66,10.46,10.1,7.365,8.635,10.495,10.125,0.0206155281280884,0.0304138126514923,0,131461,131461,0,0,1,1,0,192215.018226529,1.30643052808875,7,64,2,1,6.5,9.5,8.6,11,0,0,0,0.0367423461417488,0.0367423461417488,0,0.36,0.36,0,strong_coherent,full_fine,default_config,default_coarse,default_refine,single,greedy_combined_B7,white,degree_based_el_sep,"[0,0.24,0.36,0.48,0.6,0.72]","[0,0.36,0.72]","[0,0.24,0.36,0.48,0.6,0.72]",1
28,4,20322628,3,0.16,0.24,0.08,0.12,0.32,0.48,8,9.8,0,-0.2,0.99,5,1,1.27,0.37,30,0.98999808750891,-1,7.38,8.66,10.46,10.1,7.365,8.635,10.495,10.125,0.0206155281280884,0.0304138126514913,0,18412,131461,7353,11059,7.13996306756463,1,0,192215.018226529,1.30643052808875,7,64,2,1,6.5,9.5,8.6,11,0,1.77635683940025e-15,2.91038304567337e-11,0.0367423461417479,0.0367423461417488,0,0.36,0.36,0,strong_coherent,coarse_to_fine,default_config,default_coarse,default_refine,single,greedy_combined_B7,white,degree_based_el_sep,"[0,0.24,0.36,0.48,0.6,0.72]","[0,0.36,0.72]","[0,0.24,0.36,0.48,0.6,0.72]",1
29,5,20322629,3,0.16,0.24,0.08,0.12,0.32,0.48,8,9.8,0,-0.2,0.99,5,1,1.27,0.37,30,0.990043799788569,1,7.38,8.66,10.1,10.46,7.365,8.635,10.125,10.495,0.0206155281280884,0.0304138126514923,0,131461,131461,0,0,1,1,0,199243.264265547,1.2741007631434,7,64,2,1,6.5,9.5,8.6,11,0,0,0,0.0367423461417488,0.0367423461417488,0,0.36,0.36,0,strong_coherent,full_fine,default_config,default_coarse,default_refine,single,greedy_combined_B7,white,degree_based_el_sep,"[0,0.24,0.36,0.48,0.6,0.72]","[0,0.36,0.72]","[0,0.24,0.36,0.48,0.6,0.72]",1
30,5,20322629,3,0.16,0.24,0.08,0.12,0.32,0.48,8,9.8,0,-0.2,0.99,5,1,1.27,0.37,30,0.990043799788569,1,7.38,8.66,10.1,10.46,7.365,8.635,10.125,10.495,0.0206155281280884,0.0304138126514913,0,18412,131461,7353,11059,7.13996306756463,1,0,199243.264265547,1.2741007631434,7,64,2,1,6.5,9.5,8.6,11,0,1.77635683940025e-15,0,0.0367423461417479,0.0367423461417488,0,0.36,0.36,0,strong_coherent,coarse_to_fine,default_config,default_coarse,default_refine,single,greedy_combined_B7,white,degree_based_el_sep,"[0,0.24,0.36,0.48,0.6,0.72]","[0,0.36,0.72]","[0,0.24,0.36,0.48,0.6,0.72]",1
31,6,20322630,3,0.16,0.24,0.08,0.12,0.32,0.48,8,9.8,0,-0.2,0.99,5,1,1.27,0.37,30,0.990080169654445,-1,7.38,8.66,10.46,10.1,7.365,8.635,10.495,10.125,0.0206155281280884,0.0304138126514923,0,131461,131461,0,0,1,1,0,192376.604144833,1.30643052808875,7,64,2,1,6.5,9.5,8.6,11,0,0,0,0.0367423461417488,0.0367423461417488,0,0.36,0.36,0,strong_coherent,full_fine,default_config,default_coarse,default_refine,single,greedy_combined_B7,white,degree_based_el_sep,"[0,0.24,0.36,0.48,0.6,0.72]","[0,0.36,0.72]","[0,0.24,0.36,0.48,0.6,0.72]",1
32,6,20322630,3,0.16,0.24,0.08,0.12,0.32,0.48,8,9.8,0,-0.2,0.99,5,1,1.27,0.37,30,0.990080169654445,-1,7.38,8.66,10.46,10.1,7.365,8.635,10.495,10.125,0.0206155281280884,0.0304138126514913,0,18412,131461,7353,11059,7.13996306756463,1,0,192376.604144833,1.30643052808875,7,64,2,1,6.5,9.5,8.6,11,0,1.77635683940025e-15,-2.91038304567337e-11,0.0367423461417479,0.0367423461417488,0,0.36,0.36,0,strong_coherent,coarse_to_fine,default_config,default_coarse,default_refine,single,greedy_combined_B7,white,degree_based_el_sep,"[0,0.24,0.36,0.48,0.6,0.72]","[0,0.36,0.72]","[0,0.24,0.36,0.48,0.6,0.72]",1
33,7,20322631,3,0.16,0.24,0.08,0.12,0.32,0.48,8,9.8,0,-0.2,0.99,5,1,1.27,0.37,30,0.991271262551135,1,7.38,8.66,10.1,10.46,7.365,8.635,10.125,10.495,0.0206155281280884,0.0304138126514923,0,131461,131461,0,0,1,1,0,199718.274375619,1.2741007631434,7,64,2,1,6.5,9.5,8.6,11,0,0,0,0.0367423461417488,0.0367423461417488,0,0.36,0.36,0,strong_coherent,full_fine,default_config,default_coarse,default_refine,single,greedy_combined_B7,white,degree_based_el_sep,"[0,0.24,0.36,0.48,0.6,0.72]","[0,0.36,0.72]","[0,0.24,0.36,0.48,0.6,0.72]",1
34,7,20322631,3,0.16,0.24,0.08,0.12,0.32,0.48,8,9.8,0,-0.2,0.99,5,1,1.27,0.37,30,0.991271262551135,1,7.38,8.66,10.1,10.46,7.365,8.635,10.125,10.495,0.0206155281280884,0.0304138126514913,0,18412,131461,7353,11059,7.13996306756463,1,0,199718.274375619,1.2741007631434,7,64,2,1,6.5,9.5,8.6,11,0,1.77635683940025e-15,0,0.0367423461417479,0.0367423461417488,0,0.36,0.36,0,strong_coherent,coarse_to_fine,default_config,default_coarse,default_refine,single,greedy_combined_B7,white,degree_based_el_sep,"[0,0.24,0.36,0.48,0.6,0.72]","[0,0.36,0.72]","[0,0.24,0.36,0.48,0.6,0.72]",1
35,8,20322632,3,0.16,0.24,0.08,0.12,0.32,0.48,8,9.8,0,-0.2,0.99,5,1,1.27,0.37,30,0.989824498097886,-1,7.38,8.66,10.46,10.1,7.365,8.635,10.495,10.125,0.0206155281280884,0.0304138126514923,0,131461,131461,0,0,1,1,0,192129.061052079,1.30643052808875,7,64,2,1,6.5,9.5,8.6,11,0,0,0,0.0367423461417488,0.0367423461417488,0,0.36,0.36,0,strong_coherent,full_fine,default_config,default_coarse,default_refine,single,greedy_combined_B7,white,degree_based_el_sep,"[0,0.24,0.36,0.48,0.6,0.72]","[0,0.36,0.72]","[0,0.24,0.36,0.48,0.6,0.72]",1
36,8,20322632,3,0.16,0.24,0.08,0.12,0.32,0.48,8,9.8,0,-0.2,0.99,5,1,1.27,0.37,30,0.989824498097886,-1,7.38,8.66,10.46,10.1,7.365,8.635,10.495,10.125,0.0206155281280884,0.0304138126514913,0,18412,131461,7353,11059,7.13996306756463,1,0,192129.061052079,1.30643052808875,7,64,2,1,6.5,9.5,8.6,11,0,1.77635683940025e-15,0,0.0367423461417479,0.0367423461417488,0,0.36,0.36,0,strong_coherent,coarse_to_fine,default_config,default_coarse,default_refine,single,greedy_combined_B7,white,degree_based_el_sep,"[0,0.24,0.36,0.48,0.6,0.72]","[0,0.36,0.72]","[0,0.24,0.36,0.48,0.6,0.72]",1
37,9,20322633,3,0.16,0.24,0.08,0.12,0.32,0.48,8,9.8,0,-0.2,0.99,5,1,1.27,0.37,30,0.98981265217827,1,7.38,8.66,10.1,10.46,7.365,8.635,10.125,10.495,0.0206155281280884,0.0304138126514923,0,131461,131461,0,0,1,1,0,199339.388909476,1.2741007631434,7,64,2,1,6.5,9.5,8.6,11,0,0,0,0.0367423461417488,0.0367423461417488,0,0.36,0.36,0,strong_coherent,full_fine,default_config,default_coarse,default_refine,single,greedy_combined_B7,white,degree_based_el_sep,"[0,0.24,0.36,0.48,0.6,0.72]","[0,0.36,0.72]","[0,0.24,0.36,0.48,0.6,0.72]",1
38,9,20322633,3,0.16,0.24,0.08,0.12,0.32,0.48,8,9.8,0,-0.2,0.99,5,1,1.27,0.37,30,0.98981265217827,1,7.38,8.66,10.1,10.46,7.365,8.635,10.125,10.495,0.0206155281280884,0.0304138126514913,0,18412,131461,7353,11059,7.13996306756463,1,0,199339.388909476,1.2741007631434,7,64,2,1,6.5,9.5,8.6,11,0,1.77635683940025e-15,8.73114913702011e-11,0.0367423461417479,0.0367423461417488,0,0.36,0.36,0,strong_coherent,coarse_to_fine,default_config,default_coarse,default_refine,single,greedy_combined_B7,white,degree_based_el_sep,"[0,0.24,0.36,0.48,0.6,0.72]","[0,0.36,0.72]","[0,0.24,0.36,0.48,0.6,0.72]",1
39,10,20322634,3,0.16,0.24,0.08,0.12,0.32,0.48,8,9.8,0,-0.2,0.99,5,1,1.27,0.37,30,0.989810793266981,-1,7.38,8.66,10.46,10.1,7.365,8.635,10.495,10.125,0.0206155281280884,0.0304138126514923,0,131461,131461,0,0,1,1,0,192229.357893621,1.30643052808875,7,64,2,1,6.5,9.5,8.6,11,0,0,0,0.0367423461417488,0.0367423461417488,0,0.36,0.36,0,strong_coherent,full_fine,default_config,default_coarse,default_refine,single,greedy_combined_B7,white,degree_based_el_sep,"[0,0.24,0.36,0.48,0.6,0.72]","[0,0.36,0.72]","[0,0.24,0.36,0.48,0.6,0.72]",1
40,10,20322634,3,0.16,0.24,0.08,0.12,0.32,0.48,8,9.8,0,-0.2,0.99,5,1,1.27,0.37,30,0.989810793266981,-1,7.38,8.66,10.46,10.1,7.365,8.635,10.495,10.125,0.0206155281280884,0.0304138126514913,0,18412,131461,7353,11059,7.13996306756463,1,0,192229.357893621,1.30643052808875,7,64,2,1,6.5,9.5,8.6,11,0,1.77635683940025e-15,0,0.0367423461417479,0.0367423461417488,0,0.36,0.36,0,strong_coherent,coarse_to_fine,default_config,default_coarse,default_refine,single,greedy_combined_B7,white,degree_based_el_sep,"[0,0.24,0.36,0.48,0.6,0.72]","[0,0.36,0.72]","[0,0.24,0.36,0.48,0.6,0.72]",1
41,1,20323625,3,0.16,0.24,0.08,0.12,0.32,0.48,8,9.8,0,-0.2,0.99,150,1,0.83,0.37,30,0.990053559539018,1,7.54,8.42,10.1,10.46,7.585,8.415,10.125,10.495,0.0320156211871643,0.0304138126514923,0,131461,131461,0,0,1,1,0,141083.902518369,1.79265304664004,7,64,2,1,6.5,9.5,8.6,11,0,0,0,0.0441588043316401,0.0441588043316401,0,0.36,0.36,0,hard_phase,full_fine,default_config,default_coarse,default_refine,single,greedy_combined_B7,white,degree_based_el_sep,"[0,0.24,0.36,0.48,0.6,0.72]","[0,0.36,0.72]","[0,0.24,0.36,0.48,0.6,0.72]",1
42,1,20323625,3,0.16,0.24,0.08,0.12,0.32,0.48,8,9.8,0,-0.2,0.99,150,1,0.83,0.37,30,0.990053559539018,1,7.54,8.42,10.1,10.46,7.585,8.415,10.125,10.495,0.0320156211871643,0.0304138126514913,0,18468,131461,7353,11115,7.11831275720165,1,0,141083.902518369,1.79265304664004,7,64,2,1,6.5,9.5,8.6,11,0,1.77635683940025e-15,-2.91038304567337e-11,0.0441588043316394,0.0441588043316401,0,0.36,0.36,0,hard_phase,coarse_to_fine,default_config,default_coarse,default_refine,single,greedy_combined_B7,white,degree_based_el_sep,"[0,0.24,0.36,0.48,0.6,0.72]","[0,0.36,0.72]","[0,0.24,0.36,0.48,0.6,0.72]",1
43,2,20323626,3,0.16,0.24,0.08,0.12,0.32,0.48,8,9.8,0,-0.2,0.99,150,1,0.83,0.37,30,0.989930425825959,-1,7.62,8.42,10.46,10.1,7.585,8.415,10.495,10.125,0.0250000000000002,0.0304138126514923,0,131461,131461,0,0,1,1,0,177390.873824997,2.21251028182538,7,64,2,1,6.5,9.5,8.6,11,0,0,0,0.0393700393700601,0.0393700393700601,0,0.36,0.36,0,hard_phase,full_fine,default_config,default_coarse,default_refine,single,greedy_combined_B7,white,degree_based_el_sep,"[0,0.24,0.36,0.48,0.6,0.72]","[0,0.36,0.72]","[0,0.24,0.36,0.48,0.6,0.72]",1
44,2,20323626,3,0.16,0.24,0.08,0.12,0.32,0.48,8,9.8,0,-0.2,0.99,150,1,0.83,0.37,30,0.989930425825959,-1,7.62,8.42,10.46,10.1,7.585,8.415,10.495,10.125,0.0250000000000002,0.0304138126514913,0,18373,131461,7353,11020,7.15511892450879,1,0,177390.873824997,2.21251028182538,7,64,2,1,6.5,9.5,8.6,11,0,1.77635683940025e-15,2.91038304567337e-11,0.0393700393700593,0.0393700393700601,0,0.36,0.36,0,hard_phase,coarse_to_fine,default_config,default_coarse,default_refine,single,greedy_combined_B7,white,degree_based_el_sep,"[0,0.24,0.36,0.48,0.6,0.72]","[0,0.36,0.72]","[0,0.24,0.36,0.48,0.6,0.72]",1
45,3,20323627,3,0.16,0.24,0.08,0.12,0.32,0.48,8,9.8,0,-0.2,0.99,150,1,0.83,0.37,30,0.989944824949964,1,7.54,8.42,10.1,10.46,7.585,8.415,10.125,10.495,0.0320156211871643,0.0304138126514923,0,131461,131461,0,0,1,1,0,141032.740659061,1.79265304664004,7,64,2,1,6.5,9.5,8.6,11,0,0,0,0.0441588043316401,0.0441588043316401,0,0.36,0.36,0,hard_phase,full_fine,default_config,default_coarse,default_refine,single,greedy_combined_B7,white,degree_based_el_sep,"[0,0.24,0.36,0.48,0.6,0.72]","[0,0.36,0.72]","[0,0.24,0.36,0.48,0.6,0.72]",1
46,3,20323627,3,0.16,0.24,0.08,0.12,0.32,0.48,8,9.8,0,-0.2,0.99,150,1,0.83,0.37,30,0.989944824949964,1,7.54,8.42,10.1,10.46,7.585,8.415,10.125,10.495,0.0320156211871643,0.0304138126514913,0,18468,131461,7353,11115,7.11831275720165,1,0,141032.740659061,1.79265304664004,7,64,2,1,6.5,9.5,8.6,11,0,1.77635683940025e-15,0,0.0441588043316394,0.0441588043316401,0,0.36,0.36,0,hard_phase,coarse_to_fine,default_config,default_coarse,default_refine,single,greedy_combined_B7,white,degree_based_el_sep,"[0,0.24,0.36,0.48,0.6,0.72]","[0,0.36,0.72]","[0,0.24,0.36,0.48,0.6,0.72]",1
47,4,20323628,3,0.16,0.24,0.08,0.12,0.32,0.48,8,9.8,0,-0.2,0.99,150,1,0.83,0.37,30,0.989865915831769,-1,7.62,8.42,10.46,10.1,7.585,8.415,10.495,10.125,0.0250000000000002,0.0304138126514923,0,131461,131461,0,0,1,1,0,178483.227849225,2.21251028182538,7,64,2,1,6.5,9.5,8.6,11,0,0,0,0.0393700393700601,0.0393700393700601,0,0.36,0.36,0,hard_phase,full_fine,default_config,default_coarse,default_refine,single,greedy_combined_B7,white,degree_based_el_sep,"[0,0.24,0.36,0.48,0.6,0.72]","[0,0.36,0.72]","[0,0.24,0.36,0.48,0.6,0.72]",1
48,4,20323628,3,0.16,0.24,0.08,0.12,0.32,0.48,8,9.8,0,-0.2,0.99,150,1,0.83,0.37,30,0.989865915831769,-1,7.62,8.42,10.46,10.1,7.585,8.415,10.495,10.125,0.0250000000000002,0.0304138126514913,0,18373,131461,7353,11020,7.15511892450879,1,0,178483.227849225,2.21251028182538,7,64,2,1,6.5,9.5,8.6,11,0,1.77635683940025e-15,-5.82076609134674e-11,0.0393700393700593,0.0393700393700601,0,0.36,0.36,0,hard_phase,coarse_to_fine,default_config,default_coarse,default_refine,single,greedy_combined_B7,white,degree_based_el_sep,"[0,0.24,0.36,0.48,0.6,0.72]","[0,0.36,0.72]","[0,0.24,0.36,0.48,0.6,0.72]",1
49,5,20323629,3,0.16,0.24,0.08,0.12,0.32,0.48,8,9.8,0,-0.2,0.99,150,1,0.83,0.37,30,0.989982552155322,1,7.54,8.42,10.1,10.46,7.585,8.415,10.125,10.495,0.0320156211871643,0.0304138126514923,0,131461,131461,0,0,1,1,0,141123.681406149,1.79265304664004,7,64,2,1,6.5,9.5,8.6,11,0,0,0,0.0441588043316401,0.0441588043316401,0,0.36,0.36,0,hard_phase,full_fine,default_config,default_coarse,default_refine,single,greedy_combined_B7,white,degree_based_el_sep,"[0,0.24,0.36,0.48,0.6,0.72]","[0,0.36,0.72]","[0,0.24,0.36,0.48,0.6,0.72]",1
50,5,20323629,3,0.16,0.24,0.08,0.12,0.32,0.48,8,9.8,0,-0.2,0.99,150,1,0.83,0.37,30,0.989982552155322,1,7.54,8.42,10.1,10.46,7.585,8.415,10.125,10.495,0.0320156211871643,0.0304138126514913,0,18468,131461,7353,11115,7.11831275720165,1,0,141123.681406149,1.79265304664004,7,64,2,1,6.5,9.5,8.6,11,0,1.77635683940025e-15,2.91038304567337e-11,0.0441588043316394,0.0441588043316401,0,0.36,0.36,0,hard_phase,coarse_to_fine,default_config,default_coarse,default_refine,single,greedy_combined_B7,white,degree_based_el_sep,"[0,0.24,0.36,0.48,0.6,0.72]","[0,0.36,0.72]","[0,0.24,0.36,0.48,0.6,0.72]",1
51,6,20323630,3,0.16,0.24,0.08,0.12,0.32,0.48,8,9.8,0,-0.2,0.99,150,1,0.83,0.37,30,0.990344791455553,-1,7.62,8.42,10.46,10.1,7.585,8.415,10.495,10.125,0.0250000000000002,0.0304138126514923,0,131461,131461,0,0,1,1,0,176713.185207014,2.21251028182538,7,64,2,1,6.5,9.5,8.6,11,0,0,0,0.0393700393700601,0.0393700393700601,0,0.36,0.36,0,hard_phase,full_fine,default_config,default_coarse,default_refine,single,greedy_combined_B7,white,degree_based_el_sep,"[0,0.24,0.36,0.48,0.6,0.72]","[0,0.36,0.72]","[0,0.24,0.36,0.48,0.6,0.72]",1
52,6,20323630,3,0.16,0.24,0.08,0.12,0.32,0.48,8,9.8,0,-0.2,0.99,150,1,0.83,0.37,30,0.990344791455553,-1,7.62,8.42,10.46,10.1,7.585,8.415,10.495,10.125,0.0250000000000002,0.0304138126514913,0,18373,131461,7353,11020,7.15511892450879,1,0,176713.185207014,2.21251028182538,7,64,2,1,6.5,9.5,8.6,11,0,1.77635683940025e-15,5.82076609134674e-11,0.0393700393700593,0.0393700393700601,0,0.36,0.36,0,hard_phase,coarse_to_fine,default_config,default_coarse,default_refine,single,greedy_combined_B7,white,degree_based_el_sep,"[0,0.24,0.36,0.48,0.6,0.72]","[0,0.36,0.72]","[0,0.24,0.36,0.48,0.6,0.72]",1
53,7,20323631,3,0.16,0.24,0.08,0.12,0.32,0.48,8,9.8,0,-0.2,0.99,150,1,0.83,0.37,30,0.990052923933039,1,7.54,8.42,10.1,10.46,7.585,8.415,10.125,10.495,0.0320156211871643,0.0304138126514923,0,131461,131461,0,0,1,1,0,140993.168871439,1.79265304664004,7,64,2,1,6.5,9.5,8.6,11,0,0,0,0.0441588043316401,0.0441588043316401,0,0.36,0.36,0,hard_phase,full_fine,default_config,default_coarse,default_refine,single,greedy_combined_B7,white,degree_based_el_sep,"[0,0.24,0.36,0.48,0.6,0.72]","[0,0.36,0.72]","[0,0.24,0.36,0.48,0.6,0.72]",1
54,7,20323631,3,0.16,0.24,0.08,0.12,0.32,0.48,8,9.8,0,-0.2,0.99,150,1,0.83,0.37,30,0.990052923933039,1,7.54,8.42,10.1,10.46,7.585,8.415,10.125,10.495,0.0320156211871643,0.0304138126514913,0,18468,131461,7353,11115,7.11831275720165,1,0,140993.168871439,1.79265304664004,7,64,2,1,6.5,9.5,8.6,11,0,1.77635683940025e-15,0,0.0441588043316394,0.0441588043316401,0,0.36,0.36,0,hard_phase,coarse_to_fine,default_config,default_coarse,default_refine,single,greedy_combined_B7,white,degree_based_el_sep,"[0,0.24,0.36,0.48,0.6,0.72]","[0,0.36,0.72]","[0,0.24,0.36,0.48,0.6,0.72]",1
55,8,20323632,3,0.16,0.24,0.08,0.12,0.32,0.48,8,9.8,0,-0.2,0.99,150,1,0.83,0.37,30,0.99017986015346,-1,7.62,8.42,10.46,10.1,7.585,8.415,10.495,10.125,0.0250000000000002,0.0304138126514923,0,131461,131461,0,0,1,1,0,177720.674601324,2.21251028182538,7,64,2,1,6.5,9.5,8.6,11,0,0,0,0.0393700393700601,0.0393700393700601,0,0.36,0.36,0,hard_phase,full_fine,default_config,default_coarse,default_refine,single,greedy_combined_B7,white,degree_based_el_sep,"[0,0.24,0.36,0.48,0.6,0.72]","[0,0.36,0.72]","[0,0.24,0.36,0.48,0.6,0.72]",1
56,8,20323632,3,0.16,0.24,0.08,0.12,0.32,0.48,8,9.8,0,-0.2,0.99,150,1,0.83,0.37,30,0.99017986015346,-1,7.62,8.42,10.46,10.1,7.585,8.415,10.495,10.125,0.0250000000000002,0.0304138126514913,0,18373,131461,7353,11020,7.15511892450879,1,0,177720.674601324,2.21251028182538,7,64,2,1,6.5,9.5,8.6,11,0,1.77635683940025e-15,0,0.0393700393700593,0.0393700393700601,0,0.36,0.36,0,hard_phase,coarse_to_fine,default_config,default_coarse,default_refine,single,greedy_combined_B7,white,degree_based_el_sep,"[0,0.24,0.36,0.48,0.6,0.72]","[0,0.36,0.72]","[0,0.24,0.36,0.48,0.6,0.72]",1
57,9,20323633,3,0.16,0.24,0.08,0.12,0.32,0.48,8,9.8,0,-0.2,0.99,150,1,0.83,0.37,30,0.989929120499405,1,7.54,8.42,10.1,10.46,7.585,8.415,10.125,10.495,0.0320156211871643,0.0304138126514923,0,131461,131461,0,0,1,1,0,140978.444506316,1.79265304664004,7,64,2,1,6.5,9.5,8.6,11,0,0,0,0.0441588043316401,0.0441588043316401,0,0.36,0.36,0,hard_phase,full_fine,default_config,default_coarse,default_refine,single,greedy_combined_B7,white,degree_based_el_sep,"[0,0.24,0.36,0.48,0.6,0.72]","[0,0.36,0.72]","[0,0.24,0.36,0.48,0.6,0.72]",1
58,9,20323633,3,0.16,0.24,0.08,0.12,0.32,0.48,8,9.8,0,-0.2,0.99,150,1,0.83,0.37,30,0.989929120499405,1,7.54,8.42,10.1,10.46,7.585,8.415,10.125,10.495,0.0320156211871643,0.0304138126514913,0,18468,131461,7353,11115,7.11831275720165,1,0,140978.444506316,1.79265304664004,7,64,2,1,6.5,9.5,8.6,11,0,1.77635683940025e-15,0,0.0441588043316394,0.0441588043316401,0,0.36,0.36,0,hard_phase,coarse_to_fine,default_config,default_coarse,default_refine,single,greedy_combined_B7,white,degree_based_el_sep,"[0,0.24,0.36,0.48,0.6,0.72]","[0,0.36,0.72]","[0,0.24,0.36,0.48,0.6,0.72]",1
59,10,20323634,3,0.16,0.24,0.08,0.12,0.32,0.48,8,9.8,0,-0.2,0.99,150,1,0.83,0.37,30,0.989862606422162,-1,7.62,8.42,10.46,10.1,7.585,8.415,10.495,10.125,0.0250000000000002,0.0304138126514923,0,131461,131461,0,0,1,1,0,177317.874528881,2.21251028182538,7,64,2,1,6.5,9.5,8.6,11,0,0,0,0.0393700393700601,0.0393700393700601,0,0.36,0.36,0,hard_phase,full_fine,default_config,default_coarse,default_refine,single,greedy_combined_B7,white,degree_based_el_sep,"[0,0.24,0.36,0.48,0.6,0.72]","[0,0.36,0.72]","[0,0.24,0.36,0.48,0.6,0.72]",1
60,10,20323634,3,0.16,0.24,0.08,0.12,0.32,0.48,8,9.8,0,-0.2,0.99,150,1,0.83,0.37,30,0.989862606422162,-1,7.62,8.42,10.46,10.1,7.585,8.415,10.495,10.125,0.0250000000000002,0.0304138126514913,0,18373,131461,7353,11020,7.15511892450879,1,0,177317.874528881,2.21251028182538,7,64,2,1,6.5,9.5,8.6,11,0,1.77635683940025e-15,2.91038304567337e-11,0.0393700393700593,0.0393700393700601,0,0.36,0.36,0,hard_phase,coarse_to_fine,default_config,default_coarse,default_refine,single,greedy_combined_B7,white,degree_based_el_sep,"[0,0.24,0.36,0.48,0.6,0.72]","[0,0.36,0.72]","[0,0.24,0.36,0.48,0.6,0.72]",1
61,1,20324625,3,0.16,0.24,0.08,0.12,0.32,0.48,8,9.8,0,-0.2,0.99,150,0.3,0.83,0.37,30,0.989853299168829,1,7.62,8.34,10.16,10.4,7.585,8.415,10.125,10.495,0.0585234995535977,0.0715891053163834,0,131461,131461,0,0,1,1,0,93408.5935841047,2.77924228182609,7,64,2,1,6.5,9.5,8.6,11,0,0,0,0.0924662100445356,0.0924662100445356,0,0.24,0.24,0,weak_secondary,full_fine,default_config,default_coarse,default_refine,single,greedy_combined_B7,white,degree_based_el_sep,"[0,0.24,0.36,0.48,0.6,0.72]","[0,0.36,0.72]","[0,0.24,0.36,0.48,0.6,0.72]",1
62,1,20324625,3,0.16,0.24,0.08,0.12,0.32,0.48,8,9.8,0,-0.2,0.99,150,0.3,0.83,0.37,30,0.989853299168829,1,7.62,8.34,10.16,10.4,7.585,8.415,10.125,10.495,0.0585234995535977,0.0715891053163822,0,16987,131461,7353,9634,7.73891799611468,1,0,93408.5935841048,2.77924228182609,7,64,2,1,6.5,9.5,8.6,11,0,1.77635683940025e-15,-2.91038304567337e-11,0.0924662100445347,0.0924662100445356,0,0.24,0.24,0,weak_secondary,coarse_to_fine,default_config,default_coarse,default_refine,single,greedy_combined_B7,white,degree_based_el_sep,"[0,0.24,0.36,0.48,0.6,0.72]","[0,0.36,0.72]","[0,0.24,0.36,0.48,0.6,0.72]",1
63,2,20324626,3,0.16,0.24,0.08,0.12,0.32,0.48,8,9.8,0,-0.2,0.99,150,0.3,0.83,0.37,30,0.989899155568597,-1,7.62,8.34,10.46,10.1,7.585,8.415,10.495,10.125,0.0585234995535977,0.0304138126514923,0,131461,131461,0,0,1,1,0,98938.8050533174,2.70260741189129,7,64,2,1,6.5,9.5,8.6,11,0,0,0,0.0659545297913648,0.0659545297913648,0,0.36,0.36,0,weak_secondary,full_fine,default_config,default_coarse,default_refine,single,greedy_combined_B7,white,degree_based_el_sep,"[0,0.24,0.36,0.48,0.6,0.72]","[0,0.36,0.72]","[0,0.24,0.36,0.48,0.6,0.72]",1
64,2,20324626,3,0.16,0.24,0.08,0.12,0.32,0.48,8,9.8,0,-0.2,0.99,150,0.3,0.83,0.37,30,0.989899155568597,-1,7.62,8.34,10.46,10.1,7.585,8.415,10.495,10.125,0.0585234995535977,0.0304138126514913,0,16987,131461,7353,9634,7.73891799611468,1,0,98938.8050533174,2.70260741189129,7,64,2,1,6.5,9.5,8.6,11,0,1.77635683940025e-15,1.45519152283669e-11,0.0659545297913643,0.0659545297913648,0,0.36,0.36,0,weak_secondary,coarse_to_fine,default_config,default_coarse,default_refine,single,greedy_combined_B7,white,degree_based_el_sep,"[0,0.24,0.36,0.48,0.6,0.72]","[0,0.36,0.72]","[0,0.24,0.36,0.48,0.6,0.72]",1
65,3,20324627,3,0.16,0.24,0.08,0.12,0.32,0.48,8,9.8,0,-0.2,0.99,150,0.3,0.83,0.37,30,0.990020139168824,1,7.62,8.34,10.16,10.4,7.585,8.415,10.125,10.495,0.0585234995535977,0.0715891053163834,0,131461,131461,0,0,1,1,0,93442.8147121698,2.77924228182609,7,64,2,1,6.5,9.5,8.6,11,0,0,0,0.0924662100445356,0.0924662100445356,0,0.24,0.24,0,weak_secondary,full_fine,default_config,default_coarse,default_refine,single,greedy_combined_B7,white,degree_based_el_sep,"[0,0.24,0.36,0.48,0.6,0.72]","[0,0.36,0.72]","[0,0.24,0.36,0.48,0.6,0.72]",1
66,3,20324627,3,0.16,0.24,0.08,0.12,0.32,0.48,8,9.8,0,-0.2,0.99,150,0.3,0.83,0.37,30,0.990020139168824,1,7.62,8.34,10.16,10.4,7.585,8.415,10.125,10.495,0.0585234995535977,0.0715891053163822,0,16987,131461,7353,9634,7.73891799611468,1,0,93442.8147121699,2.77924228182609,7,64,2,1,6.5,9.5,8.6,11,0,1.77635683940025e-15,-2.91038304567337e-11,0.0924662100445347,0.0924662100445356,0,0.24,0.24,0,weak_secondary,coarse_to_fine,default_config,default_coarse,default_refine,single,greedy_combined_B7,white,degree_based_el_sep,"[0,0.24,0.36,0.48,0.6,0.72]","[0,0.36,0.72]","[0,0.24,0.36,0.48,0.6,0.72]",1
67,4,20324628,3,0.16,0.24,0.08,0.12,0.32,0.48,8,9.8,0,-0.2,0.99,150,0.3,0.83,0.37,30,0.99008502427759,-1,7.62,8.34,10.46,10.1,7.585,8.415,10.495,10.125,0.0585234995535977,0.0304138126514923,0,131461,131461,0,0,1,1,0,98763.8277273023,2.70260741189129,7,64,2,1,6.5,9.5,8.6,11,0,0,0,0.0659545297913648,0.0659545297913648,0,0.36,0.36,0,weak_secondary,full_fine,default_config,default_coarse,default_refine,single,greedy_combined_B7,white,degree_based_el_sep,"[0,0.24,0.36,0.48,0.6,0.72]","[0,0.36,0.72]","[0,0.24,0.36,0.48,0.6,0.72]",1
68,4,20324628,3,0.16,0.24,0.08,0.12,0.32,0.48,8,9.8,0,-0.2,0.99,150,0.3,0.83,0.37,30,0.99008502427759,-1,7.62,8.34,10.46,10.1,7.585,8.415,10.495,10.125,0.0585234995535977,0.0304138126514913,0,16987,131461,7353,9634,7.73891799611468,1,0,98763.8277273022,2.70260741189129,7,64,2,1,6.5,9.5,8.6,11,0,1.77635683940025e-15,4.36557456851006e-11,0.0659545297913643,0.0659545297913648,0,0.36,0.36,0,weak_secondary,coarse_to_fine,default_config,default_coarse,default_refine,single,greedy_combined_B7,white,degree_based_el_sep,"[0,0.24,0.36,0.48,0.6,0.72]","[0,0.36,0.72]","[0,0.24,0.36,0.48,0.6,0.72]",1
69,5,20324629,3,0.16,0.24,0.08,0.12,0.32,0.48,8,9.8,0,-0.2,0.99,150,0.3,0.83,0.37,30,0.990585996118492,1,7.62,8.34,10.16,10.4,7.585,8.415,10.125,10.495,0.0585234995535977,0.0715891053163834,0,131461,131461,0,0,1,1,0,93411.900943361,2.77924228182609,7,64,2,1,6.5,9.5,8.6,11,0,0,0,0.0924662100445356,0.0924662100445356,0,0.24,0.24,0,weak_secondary,full_fine,default_config,default_coarse,default_refine,single,greedy_combined_B7,white,degree_based_el_sep,"[0,0.24,0.36,0.48,0.6,0.72]","[0,0.36,0.72]","[0,0.24,0.36,0.48,0.6,0.72]",1
70,5,20324629,3,0.16,0.24,0.08,0.12,0.32,0.48,8,9.8,0,-0.2,0.99,150,0.3,0.83,0.37,30,0.990585996118492,1,7.62,8.34,10.16,10.4,7.585,8.415,10.125,10.495,0.0585234995535977,0.0715891053163822,0,16987,131461,7353,9634,7.73891799611468,1,0,93411.900943361,2.77924228182609,7,64,2,1,6.5,9.5,8.6,11,0,1.77635683940025e-15,0,0.0924662100445347,0.0924662100445356,0,0.24,0.24,0,weak_secondary,coarse_to_fine,default_config,default_coarse,default_refine,single,greedy_combined_B7,white,degree_based_el_sep,"[0,0.24,0.36,0.48,0.6,0.72]","[0,0.36,0.72]","[0,0.24,0.36,0.48,0.6,0.72]",1
71,6,20324630,3,0.16,0.24,0.08,0.12,0.32,0.48,8,9.8,0,-0.2,0.99,150,0.3,0.83,0.37,30,0.98986177748927,-1,7.62,8.34,10.46,10.1,7.585,8.415,10.495,10.125,0.0585234995535977,0.0304138126514923,0,131461,131461,0,0,1,1,0,98951.3226501351,2.70260741189129,7,64,2,1,6.5,9.5,8.6,11,0,0,0,0.0659545297913648,0.0659545297913648,0,0.36,0.36,0,weak_secondary,full_fine,default_config,default_coarse,default_refine,single,greedy_combined_B7,white,degree_based_el_sep,"[0,0.24,0.36,0.48,0.6,0.72]","[0,0.36,0.72]","[0,0.24,0.36,0.48,0.6,0.72]",1
72,6,20324630,3,0.16,0.24,0.08,0.12,0.32,0.48,8,9.8,0,-0.2,0.99,150,0.3,0.83,0.37,30,0.98986177748927,-1,7.62,8.34,10.46,10.1,7.585,8.415,10.495,10.125,0.0585234995535977,0.0304138126514913,0,16987,131461,7353,9634,7.73891799611468,1,0,98951.3226501351,2.70260741189129,7,64,2,1,6.5,9.5,8.6,11,0,1.77635683940025e-15,0,0.0659545297913643,0.0659545297913648,0,0.36,0.36,0,weak_secondary,coarse_to_fine,default_config,default_coarse,default_refine,single,greedy_combined_B7,white,degree_based_el_sep,"[0,0.24,0.36,0.48,0.6,0.72]","[0,0.36,0.72]","[0,0.24,0.36,0.48,0.6,0.72]",1
73,7,20324631,3,0.16,0.24,0.08,0.12,0.32,0.48,8,9.8,0,-0.2,0.99,150,0.3,0.83,0.37,30,0.989875198212908,1,7.62,8.34,10.16,10.4,7.585,8.415,10.125,10.495,0.0585234995535977,0.0715891053163834,0,131461,131461,0,0,1,1,0,93437.4268738799,2.77924228182609,7,64,2,1,6.5,9.5,8.6,11,0,0,0,0.0924662100445356,0.0924662100445356,0,0.24,0.24,0,weak_secondary,full_fine,default_config,default_coarse,default_refine,single,greedy_combined_B7,white,degree_based_el_sep,"[0,0.24,0.36,0.48,0.6,0.72]","[0,0.36,0.72]","[0,0.24,0.36,0.48,0.6,0.72]",1
74,7,20324631,3,0.16,0.24,0.08,0.12,0.32,0.48,8,9.8,0,-0.2,0.99,150,0.3,0.83,0.37,30,0.989875198212908,1,7.62,8.34,10.16,10.4,7.585,8.415,10.125,10.495,0.0585234995535977,0.0715891053163822,0,16987,131461,7353,9634,7.73891799611468,1,0,93437.4268738799,2.77924228182609,7,64,2,1,6.5,9.5,8.6,11,0,1.77635683940025e-15,1.45519152283669e-11,0.0924662100445347,0.0924662100445356,0,0.24,0.24,0,weak_secondary,coarse_to_fine,default_config,default_coarse,default_refine,single,greedy_combined_B7,white,degree_based_el_sep,"[0,0.24,0.36,0.48,0.6,0.72]","[0,0.36,0.72]","[0,0.24,0.36,0.48,0.6,0.72]",1
75,8,20324632,3,0.16,0.24,0.08,0.12,0.32,0.48,8,9.8,0,-0.2,0.99,150,0.3,0.83,0.37,30,0.990314815678148,-1,7.62,8.34,10.46,10.1,7.585,8.415,10.495,10.125,0.0585234995535977,0.0304138126514923,0,131461,131461,0,0,1,1,0,99163.7767129793,2.70260741189129,7,64,2,1,6.5,9.5,8.6,11,0,0,0,0.0659545297913648,0.0659545297913648,0,0.36,0.36,0,weak_secondary,full_fine,default_config,default_coarse,default_refine,single,greedy_combined_B7,white,degree_based_el_sep,"[0,0.24,0.36,0.48,0.6,0.72]","[0,0.36,0.72]","[0,0.24,0.36,0.48,0.6,0.72]",1
76,8,20324632,3,0.16,0.24,0.08,0.12,0.32,0.48,8,9.8,0,-0.2,0.99,150,0.3,0.83,0.37,30,0.990314815678148,-1,7.62,8.34,10.46,10.1,7.585,8.415,10.495,10.125,0.0585234995535977,0.0304138126514913,0,16987,131461,7353,9634,7.73891799611468,1,0,99163.7767129793,2.70260741189129,7,64,2,1,6.5,9.5,8.6,11,0,1.77635683940025e-15,0,0.0659545297913643,0.0659545297913648,0,0.36,0.36,0,weak_secondary,coarse_to_fine,default_config,default_coarse,default_refine,single,greedy_combined_B7,white,degree_based_el_sep,"[0,0.24,0.36,0.48,0.6,0.72]","[0,0.36,0.72]","[0,0.24,0.36,0.48,0.6,0.72]",1
77,9,20324633,3,0.16,0.24,0.08,0.12,0.32,0.48,8,9.8,0,-0.2,0.99,150,0.3,0.83,0.37,30,0.989980002866543,1,7.62,8.34,10.16,10.4,7.585,8.415,10.125,10.495,0.0585234995535977,0.0715891053163834,0,131461,131461,0,0,1,1,0,93430.327480705,2.77924228182609,7,64,2,1,6.5,9.5,8.6,11,0,0,0,0.0924662100445356,0.0924662100445356,0,0.24,0.24,0,weak_secondary,full_fine,default_config,default_coarse,default_refine,single,greedy_combined_B7,white,degree_based_el_sep,"[0,0.24,0.36,0.48,0.6,0.72]","[0,0.36,0.72]","[0,0.24,0.36,0.48,0.6,0.72]",1
78,9,20324633,3,0.16,0.24,0.08,0.12,0.32,0.48,8,9.8,0,-0.2,0.99,150,0.3,0.83,0.37,30,0.989980002866543,1,7.62,8.34,10.16,10.4,7.585,8.415,10.125,10.495,0.0585234995535977,0.0715891053163822,0,16987,131461,7353,9634,7.73891799611468,1,0,93430.327480705,2.77924228182609,7,64,2,1,6.5,9.5,8.6,11,0,1.77635683940025e-15,-2.91038304567337e-11,0.0924662100445347,0.0924662100445356,0,0.24,0.24,0,weak_secondary,coarse_to_fine,default_config,default_coarse,default_refine,single,greedy_combined_B7,white,degree_based_el_sep,"[0,0.24,0.36,0.48,0.6,0.72]","[0,0.36,0.72]","[0,0.24,0.36,0.48,0.6,0.72]",1
79,10,20324634,3,0.16,0.24,0.08,0.12,0.32,0.48,8,9.8,0,-0.2,0.99,150,0.3,0.83,0.37,30,0.990317937085423,-1,7.62,8.34,10.46,10.1,7.585,8.415,10.495,10.125,0.0585234995535977,0.0304138126514923,0,131461,131461,0,0,1,1,0,98836.2842692229,2.70260741189129,7,64,2,1,6.5,9.5,8.6,11,0,0,0,0.0659545297913648,0.0659545297913648,0,0.36,0.36,0,weak_secondary,full_fine,default_config,default_coarse,default_refine,single,greedy_combined_B7,white,degree_based_el_sep,"[0,0.24,0.36,0.48,0.6,0.72]","[0,0.36,0.72]","[0,0.24,0.36,0.48,0.6,0.72]",1
80,10,20324634,3,0.16,0.24,0.08,0.12,0.32,0.48,8,9.8,0,-0.2,0.99,150,0.3,0.83,0.37,30,0.990317937085423,-1,7.62,8.34,10.46,10.1,7.585,8.415,10.495,10.125,0.0585234995535977,0.0304138126514913,0,16987,131461,7353,9634,7.73891799611468,1,0,98836.2842692229,2.70260741189129,7,64,2,1,6.5,9.5,8.6,11,0,1.77635683940025e-15,2.91038304567337e-11,0.0659545297913643,0.0659545297913648,0,0.36,0.36,0,weak_secondary,coarse_to_fine,default_config,default_coarse,default_refine,single,greedy_combined_B7,white,degree_based_el_sep,"[0,0.24,0.36,0.48,0.6,0.72]","[0,0.36,0.72]","[0,0.24,0.36,0.48,0.6,0.72]",1
81,1,20325625,3,0.16,0.24,0.08,0.12,0.32,0.48,8,9.8,0,-0.2,1,150,0.3,0.83,0.37,20,1,1,7.62,8.26,10.16,10.4,7.585,8.415,10.125,10.495,0.112361025271221,0.0715891053163834,0,131461,131461,0,0,1,1,0,93197.041477494,3.48060834580924,7,64,2,1,6.5,9.5,8.6,11,0,0,0,0.133229125944743,0.133229125944743,0,0.24,0.24,0,low_snr_hard,full_fine,default_config,default_coarse,default_refine,single,greedy_combined_B7,white,degree_based_el_sep,"[0,0.24,0.36,0.48,0.6,0.72]","[0,0.36,0.72]","[0,0.24,0.36,0.48,0.6,0.72]",0
82,1,20325625,3,0.16,0.24,0.08,0.12,0.32,0.48,8,9.8,0,-0.2,1,150,0.3,0.83,0.37,20,1,1,7.62,8.26,10.16,10.4,7.585,8.415,10.125,10.495,0.112361025271221,0.0715891053163822,0,16987,131461,7353,9634,7.73891799611468,1,0,93197.041477494,3.48060834580924,7,64,2,1,6.5,9.5,8.6,11,0,1.77635683940025e-15,0,0.133229125944742,0.133229125944743,0,0.24,0.24,0,low_snr_hard,coarse_to_fine,default_config,default_coarse,default_refine,single,greedy_combined_B7,white,degree_based_el_sep,"[0,0.24,0.36,0.48,0.6,0.72]","[0,0.36,0.72]","[0,0.24,0.36,0.48,0.6,0.72]",0
83,2,20325626,3,0.16,0.24,0.08,0.12,0.32,0.48,8,9.8,0,-0.2,1,150,0.3,0.83,0.37,20,1,-1,7.62,8.34,10.46,10.1,7.585,8.415,10.495,10.125,0.0585234995535977,0.0304138126514923,0,131461,131461,0,0,1,1,0,99069.7385576959,2.70260741189129,7,64,2,1,6.5,9.5,8.6,11,0,0,0,0.0659545297913648,0.0659545297913648,0,0.36,0.36,0,low_snr_hard,full_fine,default_config,default_coarse,default_refine,single,greedy_combined_B7,white,degree_based_el_sep,"[0,0.24,0.36,0.48,0.6,0.72]","[0,0.36,0.72]","[0,0.24,0.36,0.48,0.6,0.72]",1
84,2,20325626,3,0.16,0.24,0.08,0.12,0.32,0.48,8,9.8,0,-0.2,1,150,0.3,0.83,0.37,20,1,-1,7.62,8.34,10.46,10.1,7.585,8.415,10.495,10.125,0.0585234995535977,0.0304138126514913,0,16987,131461,7353,9634,7.73891799611468,1,0,99069.7385576959,2.70260741189129,7,64,2,1,6.5,9.5,8.6,11,0,1.77635683940025e-15,0,0.0659545297913643,0.0659545297913648,0,0.36,0.36,0,low_snr_hard,coarse_to_fine,default_config,default_coarse,default_refine,single,greedy_combined_B7,white,degree_based_el_sep,"[0,0.24,0.36,0.48,0.6,0.72]","[0,0.36,0.72]","[0,0.24,0.36,0.48,0.6,0.72]",1
85,3,20325627,3,0.16,0.24,0.08,0.12,0.32,0.48,8,9.8,0,-0.2,1,150,0.3,0.83,0.37,20,1,1,7.62,8.26,10.16,10.4,7.585,8.415,10.125,10.495,0.112361025271221,0.0715891053163834,0,131461,131461,0,0,1,1,0,93155.3940753191,3.48060834580924,7,64,2,1,6.5,9.5,8.6,11,0,0,0,0.133229125944743,0.133229125944743,0,0.24,0.24,0,low_snr_hard,full_fine,default_config,default_coarse,default_refine,single,greedy_combined_B7,white,degree_based_el_sep,"[0,0.24,0.36,0.48,0.6,0.72]","[0,0.36,0.72]","[0,0.24,0.36,0.48,0.6,0.72]",0
86,3,20325627,3,0.16,0.24,0.08,0.12,0.32,0.48,8,9.8,0,-0.2,1,150,0.3,0.83,0.37,20,1,1,7.62,8.26,10.16,10.4,7.585,8.415,10.125,10.495,0.112361025271221,0.0715891053163822,0,16987,131461,7353,9634,7.73891799611468,1,0,93155.3940753191,3.48060834580924,7,64,2,1,6.5,9.5,8.6,11,0,1.77635683940025e-15,-1.45519152283669e-11,0.133229125944742,0.133229125944743,0,0.24,0.24,0,low_snr_hard,coarse_to_fine,default_config,default_coarse,default_refine,single,greedy_combined_B7,white,degree_based_el_sep,"[0,0.24,0.36,0.48,0.6,0.72]","[0,0.36,0.72]","[0,0.24,0.36,0.48,0.6,0.72]",0
87,4,20325628,3,0.16,0.24,0.08,0.12,0.32,0.48,8,9.8,0,-0.2,1,150,0.3,0.83,0.37,20,1,-1,7.62,8.34,10.46,10.1,7.585,8.415,10.495,10.125,0.0585234995535977,0.0304138126514923,0,131461,131461,0,0,1,1,0,99048.6080138009,2.70260741189129,7,64,2,1,6.5,9.5,8.6,11,0,0,0,0.0659545297913648,0.0659545297913648,0,0.36,0.36,0,low_snr_hard,full_fine,default_config,default_coarse,default_refine,single,greedy_combined_B7,white,degree_based_el_sep,"[0,0.24,0.36,0.48,0.6,0.72]","[0,0.36,0.72]","[0,0.24,0.36,0.48,0.6,0.72]",1
88,4,20325628,3,0.16,0.24,0.08,0.12,0.32,0.48,8,9.8,0,-0.2,1,150,0.3,0.83,0.37,20,1,-1,7.62,8.34,10.46,10.1,7.585,8.415,10.495,10.125,0.0585234995535977,0.0304138126514913,0,16987,131461,7353,9634,7.73891799611468,1,0,99048.6080138009,2.70260741189129,7,64,2,1,6.5,9.5,8.6,11,0,1.77635683940025e-15,1.45519152283669e-11,0.0659545297913643,0.0659545297913648,0,0.36,0.36,0,low_snr_hard,coarse_to_fine,default_config,default_coarse,default_refine,single,greedy_combined_B7,white,degree_based_el_sep,"[0,0.24,0.36,0.48,0.6,0.72]","[0,0.36,0.72]","[0,0.24,0.36,0.48,0.6,0.72]",1
89,5,20325629,3,0.16,0.24,0.08,0.12,0.32,0.48,8,9.8,0,-0.2,1,150,0.3,0.83,0.37,20,1,1,7.62,8.34,10.16,10.4,7.585,8.415,10.125,10.495,0.0585234995535977,0.0715891053163834,0,131461,131461,0,0,1,1,0,93144.9894835831,2.77924228182609,7,64,2,1,6.5,9.5,8.6,11,0,0,0,0.0924662100445356,0.0924662100445356,0,0.24,0.24,0,low_snr_hard,full_fine,default_config,default_coarse,default_refine,single,greedy_combined_B7,white,degree_based_el_sep,"[0,0.24,0.36,0.48,0.6,0.72]","[0,0.36,0.72]","[0,0.24,0.36,0.48,0.6,0.72]",1
90,5,20325629,3,0.16,0.24,0.08,0.12,0.32,0.48,8,9.8,0,-0.2,1,150,0.3,0.83,0.37,20,1,1,7.62,8.34,10.16,10.4,7.585,8.415,10.125,10.495,0.0585234995535977,0.0715891053163822,0,16987,131461,7353,9634,7.73891799611468,1,0,93144.9894835831,2.77924228182609,7,64,2,1,6.5,9.5,8.6,11,0,1.77635683940025e-15,-2.91038304567337e-11,0.0924662100445347,0.0924662100445356,0,0.24,0.24,0,low_snr_hard,coarse_to_fine,default_config,default_coarse,default_refine,single,greedy_combined_B7,white,degree_based_el_sep,"[0,0.24,0.36,0.48,0.6,0.72]","[0,0.36,0.72]","[0,0.24,0.36,0.48,0.6,0.72]",1
91,6,20325630,3,0.16,0.24,0.08,0.12,0.32,0.48,8,9.8,0,-0.2,1,150,0.3,0.83,0.37,20,1,-1,7.62,8.34,10.46,10.1,7.585,8.415,10.495,10.125,0.0585234995535977,0.0304138126514923,0,131461,131461,0,0,1,1,0,98947.5072389785,2.70260741189129,7,64,2,1,6.5,9.5,8.6,11,0,0,0,0.0659545297913648,0.0659545297913648,0,0.36,0.36,0,low_snr_hard,full_fine,default_config,default_coarse,default_refine,single,greedy_combined_B7,white,degree_based_el_sep,"[0,0.24,0.36,0.48,0.6,0.72]","[0,0.36,0.72]","[0,0.24,0.36,0.48,0.6,0.72]",1
92,6,20325630,3,0.16,0.24,0.08,0.12,0.32,0.48,8,9.8,0,-0.2,1,150,0.3,0.83,0.37,20,1,-1,7.62,8.34,10.46,10.1,7.585,8.415,10.495,10.125,0.0585234995535977,0.0304138126514913,0,16987,131461,7353,9634,7.73891799611468,1,0,98947.5072389785,2.70260741189129,7,64,2,1,6.5,9.5,8.6,11,0,1.77635683940025e-15,1.45519152283669e-11,0.0659545297913643,0.0659545297913648,0,0.36,0.36,0,low_snr_hard,coarse_to_fine,default_config,default_coarse,default_refine,single,greedy_combined_B7,white,degree_based_el_sep,"[0,0.24,0.36,0.48,0.6,0.72]","[0,0.36,0.72]","[0,0.24,0.36,0.48,0.6,0.72]",1
93,7,20325631,3,0.16,0.24,0.08,0.12,0.32,0.48,8,9.8,0,-0.2,1,150,0.3,0.83,0.37,20,1,1,7.62,8.34,10.16,10.4,7.585,8.415,10.125,10.495,0.0585234995535977,0.0715891053163834,0,131461,131461,0,0,1,1,0,93212.7203449722,2.77924228182609,7,64,2,1,6.5,9.5,8.6,11,0,0,0,0.0924662100445356,0.0924662100445356,0,0.24,0.24,0,low_snr_hard,full_fine,default_config,default_coarse,default_refine,single,greedy_combined_B7,white,degree_based_el_sep,"[0,0.24,0.36,0.48,0.6,0.72]","[0,0.36,0.72]","[0,0.24,0.36,0.48,0.6,0.72]",1
94,7,20325631,3,0.16,0.24,0.08,0.12,0.32,0.48,8,9.8,0,-0.2,1,150,0.3,0.83,0.37,20,1,1,7.62,8.34,10.16,10.4,7.585,8.415,10.125,10.495,0.0585234995535977,0.0715891053163822,0,16987,131461,7353,9634,7.73891799611468,1,0,93212.7203449722,2.77924228182609,7,64,2,1,6.5,9.5,8.6,11,0,1.77635683940025e-15,0,0.0924662100445347,0.0924662100445356,0,0.24,0.24,0,low_snr_hard,coarse_to_fine,default_config,default_coarse,default_refine,single,greedy_combined_B7,white,degree_based_el_sep,"[0,0.24,0.36,0.48,0.6,0.72]","[0,0.36,0.72]","[0,0.24,0.36,0.48,0.6,0.72]",1
95,8,20325632,3,0.16,0.24,0.08,0.12,0.32,0.48,8,9.8,0,-0.2,1,150,0.3,0.83,0.37,20,1,-1,7.62,8.34,10.46,10.1,7.585,8.415,10.495,10.125,0.0585234995535977,0.0304138126514923,0,131461,131461,0,0,1,1,0,99037.7183025893,2.70260741189129,7,64,2,1,6.5,9.5,8.6,11,0,0,0,0.0659545297913648,0.0659545297913648,0,0.36,0.36,0,low_snr_hard,full_fine,default_config,default_coarse,default_refine,single,greedy_combined_B7,white,degree_based_el_sep,"[0,0.24,0.36,0.48,0.6,0.72]","[0,0.36,0.72]","[0,0.24,0.36,0.48,0.6,0.72]",1
96,8,20325632,3,0.16,0.24,0.08,0.12,0.32,0.48,8,9.8,0,-0.2,1,150,0.3,0.83,0.37,20,1,-1,7.62,8.34,10.46,10.1,7.585,8.415,10.495,10.125,0.0585234995535977,0.0304138126514913,0,16987,131461,7353,9634,7.73891799611468,1,0,99037.7183025893,2.70260741189129,7,64,2,1,6.5,9.5,8.6,11,0,1.77635683940025e-15,-2.91038304567337e-11,0.0659545297913643,0.0659545297913648,0,0.36,0.36,0,low_snr_hard,coarse_to_fine,default_config,default_coarse,default_refine,single,greedy_combined_B7,white,degree_based_el_sep,"[0,0.24,0.36,0.48,0.6,0.72]","[0,0.36,0.72]","[0,0.24,0.36,0.48,0.6,0.72]",1
97,9,20325633,3,0.16,0.24,0.08,0.12,0.32,0.48,8,9.8,0,-0.2,1,150,0.3,0.83,0.37,20,1,1,7.62,8.26,10.16,10.4,7.585,8.415,10.125,10.495,0.112361025271221,0.0715891053163834,0,131461,131461,0,0,1,1,0,93256.5973799811,3.48060834580924,7,64,2,1,6.5,9.5,8.6,11,0,0,0,0.133229125944743,0.133229125944743,0,0.24,0.24,0,low_snr_hard,full_fine,default_config,default_coarse,default_refine,single,greedy_combined_B7,white,degree_based_el_sep,"[0,0.24,0.36,0.48,0.6,0.72]","[0,0.36,0.72]","[0,0.24,0.36,0.48,0.6,0.72]",0
98,9,20325633,3,0.16,0.24,0.08,0.12,0.32,0.48,8,9.8,0,-0.2,1,150,0.3,0.83,0.37,20,1,1,7.62,8.26,10.16,10.4,7.585,8.415,10.125,10.495,0.112361025271221,0.0715891053163822,0,16987,131461,7353,9634,7.73891799611468,1,0,93256.5973799811,3.48060834580924,7,64,2,1,6.5,9.5,8.6,11,0,1.77635683940025e-15,1.45519152283669e-11,0.133229125944742,0.133229125944743,0,0.24,0.24,0,low_snr_hard,coarse_to_fine,default_config,default_coarse,default_refine,single,greedy_combined_B7,white,degree_based_el_sep,"[0,0.24,0.36,0.48,0.6,0.72]","[0,0.36,0.72]","[0,0.24,0.36,0.48,0.6,0.72]",0
99,10,20325634,3,0.16,0.24,0.08,0.12,0.32,0.48,8,9.8,0,-0.2,1,150,0.3,0.83,0.37,20,1,-1,7.62,8.34,10.46,10.1,7.585,8.415,10.495,10.125,0.0585234995535977,0.0304138126514923,0,131461,131461,0,0,1,1,0,99069.9919332041,2.70260741189129,7,64,2,1,6.5,9.5,8.6,11,0,0,0,0.0659545297913648,0.0659545297913648,0,0.36,0.36,0,low_snr_hard,full_fine,default_config,default_coarse,default_refine,single,greedy_combined_B7,white,degree_based_el_sep,"[0,0.24,0.36,0.48,0.6,0.72]","[0,0.36,0.72]","[0,0.24,0.36,0.48,0.6,0.72]",1
100,10,20325634,3,0.16,0.24,0.08,0.12,0.32,0.48,8,9.8,0,-0.2,1,150,0.3,0.83,0.37,20,1,-1,7.62,8.34,10.46,10.1,7.585,8.415,10.495,10.125,0.0585234995535977,0.0304138126514913,0,16987,131461,7353,9634,7.73891799611468,1,0,99069.9919332041,2.70260741189129,7,64,2,1,6.5,9.5,8.6,11,0,1.77635683940025e-15,0,0.0659545297913643,0.0659545297913648,0,0.36,0.36,0,low_snr_hard,coarse_to_fine,default_config,default_coarse,default_refine,single,greedy_combined_B7,white,degree_based_el_sep,"[0,0.24,0.36,0.48,0.6,0.72]","[0,0.36,0.72]","[0,0.24,0.36,0.48,0.6,0.72]",1
