route_name,phase_offset_deg,sep_factor,theta_sep_deg,theta_a_deg,theta_b_deg,snr_db,raw_success_rate,tol_success_rate,tol_success_rate_rel,rmse_deg,snr90_db,snr90_rel_db,mean_bias_deg,max_bias_deg,lambda2_over_noise,degraded_sample_count,num_peaks_found
verify_coh_phase00_completely_inphase_baseline,0,1,5.450000,-2.725000,2.725000,-4,1.000000,1.000000,1.000000,0.050746,-4.000000,-4.000000,0.001757,0.050685,15.746036,0,2.000000
verify_coh_phase00_completely_inphase_baseline,0,1,5.450000,-2.725000,2.725000,-2,1.000000,1.000000,1.000000,0.050294,-4.000000,-4.000000,0.000820,0.050105,24.505209,0,2.000000
verify_coh_phase00_completely_inphase_baseline,0,1,5.450000,-2.725000,2.725000,0,1.000000,1.000000,1.000000,0.049909,-4.000000,-4.000000,0.000790,0.050090,38.171113,0,2.000000
verify_coh_phase00_completely_inphase_baseline,0,1,5.450000,-2.725000,2.725000,2,1.000000,1.000000,1.000000,0.049377,-4.000000,-4.000000,0.000940,0.049903,60.077646,0,2.000000
verify_coh_phase00_completely_inphase_baseline,0,1,5.450000,-2.725000,2.725000,4,1.000000,1.000000,1.000000,0.049497,-4.000000,-4.000000,0.000771,0.049996,94.702564,0,2.000000
verify_coh_phase00_completely_inphase_baseline,0,1,5.450000,-2.725000,2.725000,6,1.000000,1.000000,1.000000,0.049470,-4.000000,-4.000000,0.001227,0.050504,149.313542,0,2.000000
verify_coh_phase00_completely_inphase_baseline,0,1,5.450000,-2.725000,2.725000,8,1.000000,1.000000,1.000000,0.049400,-4.000000,-4.000000,0.001303,0.050589,236.409031,0,2.000000
verify_coh_phase00_completely_inphase_baseline,0,1,5.450000,-2.725000,2.725000,10,1.000000,1.000000,1.000000,0.049261,-4.000000,-4.000000,0.001383,0.050569,373.136297,0,2.000000
verify_coh_phase00_completely_inphase_baseline,0,1,5.450000,-2.725000,2.725000,12,1.000000,1.000000,1.000000,0.049219,-4.000000,-4.000000,0.001262,0.050428,590.897156,0,2.000000
verify_coh_phase00_completely_inphase_baseline,0,1,5.450000,-2.725000,2.725000,14,1.000000,1.000000,1.000000,0.049192,-4.000000,-4.000000,0.001257,0.050407,932.862056,0,2.000000
verify_coh_phase00_completely_inphase_baseline,0,1,5.450000,-2.725000,2.725000,16,1.000000,1.000000,1.000000,0.049290,-4.000000,-4.000000,0.001206,0.050464,1469.093834,0,2.000000
verify_coh_phase00_completely_inphase_baseline,0,1,5.450000,-2.725000,2.725000,18,1.000000,1.000000,1.000000,0.049240,-4.000000,-4.000000,0.001203,0.050419,2295.536315,0,2.000000
verify_coh_phase00_completely_inphase_baseline,0,1,5.450000,-2.725000,2.725000,20,1.000000,1.000000,1.000000,0.049248,-4.000000,-4.000000,0.001214,0.050441,3561.604235,0,2.000000
verify_coh_phase00_completely_inphase_baseline,0,1,5.450000,-2.725000,2.725000,22,1.000000,1.000000,1.000000,0.049213,-4.000000,-4.000000,0.001219,0.050412,5435.538146,0,2.000000
verify_coh_phase00_completely_inphase_baseline,0,1,5.450000,-2.725000,2.725000,24,1.000000,1.000000,1.000000,0.049236,-4.000000,-4.000000,0.001195,0.050413,8121.253117,0,2.000000
verify_coh_phase00_completely_inphase_baseline,0,1,5.450000,-2.725000,2.725000,26,1.000000,1.000000,1.000000,0.049226,-4.000000,-4.000000,0.001247,0.050455,11728.161471,0,2.000000
verify_coh_phase00_completely_inphase_baseline,0,1,5.450000,-2.725000,2.725000,28,1.000000,1.000000,1.000000,0.049223,-4.000000,-4.000000,0.001229,0.050435,16311.774470,0,2.000000
verify_coh_phase00_completely_inphase_baseline,0,1,5.450000,-2.725000,2.725000,30,1.000000,1.000000,1.000000,0.049222,-4.000000,-4.000000,0.001191,0.050397,21627.879871,0,2.000000
verify_coh_phase00_completely_inphase_baseline,0,2,2.725000,-1.362500,1.362500,-4,1.000000,0.200000,1.000000,0.151653,4.000000,-4.000000,-0.016801,0.084830,1.702293,0,2.000000
verify_coh_phase00_completely_inphase_baseline,0,2,2.725000,-1.362500,1.362500,-2,1.000000,0.435000,1.000000,0.094931,4.000000,-4.000000,-0.011207,0.062214,2.182946,0,2.000000
verify_coh_phase00_completely_inphase_baseline,0,2,2.725000,-1.362500,1.362500,0,1.000000,0.715000,1.000000,0.070308,4.000000,-4.000000,-0.012702,0.054551,2.936368,0,2.000000
verify_coh_phase00_completely_inphase_baseline,0,2,2.725000,-1.362500,1.362500,2,1.000000,0.880000,1.000000,0.055544,4.000000,-4.000000,-0.010082,0.046526,4.155721,0,2.000000
verify_coh_phase00_completely_inphase_baseline,0,2,2.725000,-1.362500,1.362500,4,1.000000,0.965000,1.000000,0.047042,4.000000,-4.000000,-0.009319,0.043642,6.046702,0,2.000000
verify_coh_phase00_completely_inphase_baseline,0,2,2.725000,-1.362500,1.362500,6,1.000000,0.995000,1.000000,0.041572,4.000000,-4.000000,-0.012001,0.044291,9.102319,0,2.000000
verify_coh_phase00_completely_inphase_baseline,0,2,2.725000,-1.362500,1.362500,8,1.000000,1.000000,1.000000,0.037611,4.000000,-4.000000,-0.010040,0.041460,13.887143,0,2.000000
verify_coh_phase00_completely_inphase_baseline,0,2,2.725000,-1.362500,1.362500,10,1.000000,1.000000,1.000000,0.035941,4.000000,-4.000000,-0.011411,0.042687,21.517107,0,2.000000
verify_coh_phase00_completely_inphase_baseline,0,2,2.725000,-1.362500,1.362500,12,1.000000,1.000000,1.000000,0.033658,4.000000,-4.000000,-0.010545,0.040902,33.539111,0,2.000000
verify_coh_phase00_completely_inphase_baseline,0,2,2.725000,-1.362500,1.362500,14,1.000000,1.000000,1.000000,0.033002,4.000000,-4.000000,-0.010624,0.040945,52.584738,0,2.000000
verify_coh_phase00_completely_inphase_baseline,0,2,2.725000,-1.362500,1.362500,16,1.000000,1.000000,1.000000,0.032950,4.000000,-4.000000,-0.011707,0.041907,82.758793,0,2.000000
verify_coh_phase00_completely_inphase_baseline,0,2,2.725000,-1.362500,1.362500,18,1.000000,1.000000,1.000000,0.032278,4.000000,-4.000000,-0.010501,0.040620,130.880501,0,2.000000
verify_coh_phase00_completely_inphase_baseline,0,2,2.725000,-1.362500,1.362500,20,1.000000,1.000000,1.000000,0.032175,4.000000,-4.000000,-0.011017,0.040985,207.140255,0,2.000000
verify_coh_phase00_completely_inphase_baseline,0,2,2.725000,-1.362500,1.362500,22,1.000000,1.000000,1.000000,0.031989,4.000000,-4.000000,-0.010615,0.040635,325.949436,0,2.000000
verify_coh_phase00_completely_inphase_baseline,0,2,2.725000,-1.362500,1.362500,24,1.000000,1.000000,1.000000,0.032141,4.000000,-4.000000,-0.011188,0.041220,512.976135,0,2.000000
verify_coh_phase00_completely_inphase_baseline,0,2,2.725000,-1.362500,1.362500,26,1.000000,1.000000,1.000000,0.032124,4.000000,-4.000000,-0.011276,0.041285,801.526604,0,2.000000
verify_coh_phase00_completely_inphase_baseline,0,2,2.725000,-1.362500,1.362500,28,1.000000,1.000000,1.000000,0.032024,4.000000,-4.000000,-0.011201,0.041160,1245.821263,0,2.000000
verify_coh_phase00_completely_inphase_baseline,0,2,2.725000,-1.362500,1.362500,30,1.000000,1.000000,1.000000,0.031989,4.000000,-4.000000,-0.011104,0.041079,1908.946758,0,2.000000
verify_coh_phase00_completely_inphase_baseline,0,3,1.816667,-0.908333,0.908333,-4,0.945000,0.000000,0.000000,17.067505,12.000000,2.000000,-0.756644,8.377185,1.090449,151,1.890000
verify_coh_phase00_completely_inphase_baseline,0,3,1.816667,-0.908333,0.908333,-2,0.990000,0.000000,0.055000,9.883794,12.000000,2.000000,-1.206802,3.068994,1.147930,52,1.980000
verify_coh_phase00_completely_inphase_baseline,0,3,1.816667,-0.908333,0.908333,0,1.000000,0.000000,0.450000,0.421816,12.000000,2.000000,-0.063003,0.332485,1.273861,0,2.000000
verify_coh_phase00_completely_inphase_baseline,0,3,1.816667,-0.908333,0.908333,2,1.000000,0.005000,0.950000,0.234361,12.000000,2.000000,-0.003029,0.146149,1.475428,0,2.000000
verify_coh_phase00_completely_inphase_baseline,0,3,1.816667,-0.908333,0.908333,4,1.000000,0.090000,1.000000,0.152391,12.000000,2.000000,-0.011674,0.096199,1.821570,0,2.000000
verify_coh_phase00_completely_inphase_baseline,0,3,1.816667,-0.908333,0.908333,6,1.000000,0.375000,1.000000,0.101598,12.000000,2.000000,-0.010884,0.064749,2.358787,0,2.000000
verify_coh_phase00_completely_inphase_baseline,0,3,1.816667,-0.908333,0.908333,8,1.000000,0.620000,1.000000,0.075036,12.000000,2.000000,-0.016223,0.057509,3.232692,0,2.000000
verify_coh_phase00_completely_inphase_baseline,0,3,1.816667,-0.908333,0.908333,10,1.000000,0.895000,1.000000,0.052939,12.000000,2.000000,-0.014333,0.049083,4.595423,0,2.000000
verify_coh_phase00_completely_inphase_baseline,0,3,1.816667,-0.908333,0.908333,12,1.000000,0.985000,1.000000,0.045148,12.000000,2.000000,-0.016740,0.046217,6.802734,0,2.000000
verify_coh_phase00_completely_inphase_baseline,0,3,1.816667,-0.908333,0.908333,14,1.000000,1.000000,1.000000,0.038444,12.000000,2.000000,-0.015901,0.043344,10.229503,0,2.000000
verify_coh_phase00_completely_inphase_baseline,0,3,1.816667,-0.908333,0.908333,16,1.000000,1.000000,1.000000,0.033775,12.000000,2.000000,-0.013158,0.039252,15.662417,0,2.000000
verify_coh_phase00_completely_inphase_baseline,0,3,1.816667,-0.908333,0.908333,18,1.000000,1.000000,1.000000,0.031617,12.000000,2.000000,-0.014141,0.039306,24.350190,0,2.000000
verify_coh_phase00_completely_inphase_baseline,0,3,1.816667,-0.908333,0.908333,20,1.000000,1.000000,1.000000,0.029776,12.000000,2.000000,-0.013955,0.038573,38.153700,0,2.000000
verify_coh_phase00_completely_inphase_baseline,0,3,1.816667,-0.908333,0.908333,22,1.000000,1.000000,1.000000,0.029023,12.000000,2.000000,-0.013929,0.038139,59.733380,0,2.000000
verify_coh_phase00_completely_inphase_baseline,0,3,1.816667,-0.908333,0.908333,24,1.000000,1.000000,1.000000,0.028337,12.000000,2.000000,-0.013507,0.037615,94.190849,0,2.000000
verify_coh_phase00_completely_inphase_baseline,0,3,1.816667,-0.908333,0.908333,26,1.000000,1.000000,1.000000,0.028171,12.000000,2.000000,-0.014009,0.037914,148.568773,0,2.000000
verify_coh_phase00_completely_inphase_baseline,0,3,1.816667,-0.908333,0.908333,28,1.000000,1.000000,1.000000,0.027730,12.000000,2.000000,-0.013601,0.037501,234.653117,0,2.000000
verify_coh_phase00_completely_inphase_baseline,0,3,1.816667,-0.908333,0.908333,30,1.000000,1.000000,1.000000,0.027598,12.000000,2.000000,-0.013707,0.037501,369.657412,0,2.000000
verify_coh_phase00_completely_inphase_baseline,0,5,1.090000,-0.545000,0.545000,-4,0.880000,0.000000,0.000000,25.044289,22.000000,14.000000,0.101226,14.558016,1.071995,200,1.760000
verify_coh_phase00_completely_inphase_baseline,0,5,1.090000,-0.545000,0.545000,-2,0.865000,0.000000,0.000000,26.633601,22.000000,14.000000,0.649374,16.012088,1.072371,200,1.730000
verify_coh_phase00_completely_inphase_baseline,0,5,1.090000,-0.545000,0.545000,0,0.885000,0.000000,0.000000,26.709298,22.000000,14.000000,0.268573,15.295994,1.071981,199,1.770000
verify_coh_phase00_completely_inphase_baseline,0,5,1.090000,-0.545000,0.545000,2,0.870000,0.000000,0.000000,25.626582,22.000000,14.000000,-0.196996,14.130229,1.075041,194,1.740000
verify_coh_phase00_completely_inphase_baseline,0,5,1.090000,-0.545000,0.545000,4,0.925000,0.000000,0.000000,23.263125,22.000000,14.000000,0.647726,12.416431,1.078890,187,1.850000
verify_coh_phase00_completely_inphase_baseline,0,5,1.090000,-0.545000,0.545000,6,0.925000,0.000000,0.000000,15.610784,22.000000,14.000000,-1.074186,6.823635,1.106039,133,1.850000
verify_coh_phase00_completely_inphase_baseline,0,5,1.090000,-0.545000,0.545000,8,1.000000,0.000000,0.000000,3.906761,22.000000,14.000000,-0.005482,0.259291,1.200124,14,2.000000
verify_coh_phase00_completely_inphase_baseline,0,5,1.090000,-0.545000,0.545000,10,1.000000,0.000000,0.050000,0.369069,22.000000,14.000000,-0.012786,0.258130,1.349879,0,2.000000
verify_coh_phase00_completely_inphase_baseline,0,5,1.090000,-0.545000,0.545000,12,1.000000,0.010000,0.355000,0.267191,22.000000,14.000000,-0.017035,0.195618,1.608790,0,2.000000
verify_coh_phase00_completely_inphase_baseline,0,5,1.090000,-0.545000,0.545000,14,1.000000,0.075000,0.900000,0.155741,22.000000,14.000000,-0.018804,0.123524,2.040300,0,2.000000
verify_coh_phase00_completely_inphase_baseline,0,5,1.090000,-0.545000,0.545000,16,1.000000,0.300000,1.000000,0.101772,22.000000,14.000000,-0.014861,0.084052,2.710935,0,2.000000
verify_coh_phase00_completely_inphase_baseline,0,5,1.090000,-0.545000,0.545000,18,1.000000,0.685000,1.000000,0.071214,22.000000,14.000000,-0.020606,0.068947,3.777464,0,2.000000
verify_coh_phase00_completely_inphase_baseline,0,5,1.090000,-0.545000,0.545000,20,1.000000,0.890000,1.000000,0.055659,22.000000,14.000000,-0.018077,0.055838,5.473054,0,2.000000
verify_coh_phase00_completely_inphase_baseline,0,5,1.090000,-0.545000,0.545000,22,1.000000,0.980000,1.000000,0.042903,22.000000,14.000000,-0.013512,0.044479,8.138744,0,2.000000
verify_coh_phase00_completely_inphase_baseline,0,5,1.090000,-0.545000,0.545000,24,1.000000,1.000000,1.000000,0.036267,22.000000,14.000000,-0.013808,0.041501,12.439041,0,2.000000
verify_coh_phase00_completely_inphase_baseline,0,5,1.090000,-0.545000,0.545000,26,1.000000,1.000000,1.000000,0.033255,22.000000,14.000000,-0.016235,0.041380,19.126781,0,2.000000
verify_coh_phase00_completely_inphase_baseline,0,5,1.090000,-0.545000,0.545000,28,1.000000,1.000000,1.000000,0.031341,22.000000,14.000000,-0.016922,0.040549,29.847767,0,2.000000
verify_coh_phase00_completely_inphase_baseline,0,5,1.090000,-0.545000,0.545000,30,1.000000,1.000000,1.000000,0.028196,22.000000,14.000000,-0.013566,0.036694,46.651162,0,2.000000
verify_coh_phase00_completely_inphase_baseline,0,7,0.778571,-0.389286,0.389286,-4,0.875000,0.000000,0.000000,28.171015,28.000000,24.000000,1.897714,18.453072,1.071114,200,1.750000
verify_coh_phase00_completely_inphase_baseline,0,7,0.778571,-0.389286,0.389286,-2,0.870000,0.000000,0.000000,27.234797,28.000000,24.000000,3.418696,19.334563,1.072531,200,1.740000
verify_coh_phase00_completely_inphase_baseline,0,7,0.778571,-0.389286,0.389286,0,0.890000,0.000000,0.000000,28.367721,28.000000,24.000000,-1.105232,17.991643,1.071840,200,1.780000
verify_coh_phase00_completely_inphase_baseline,0,7,0.778571,-0.389286,0.389286,2,0.910000,0.000000,0.000000,27.477864,28.000000,24.000000,1.440517,17.841196,1.072312,200,1.820000
verify_coh_phase00_completely_inphase_baseline,0,7,0.778571,-0.389286,0.389286,4,0.865000,0.000000,0.000000,25.967905,28.000000,24.000000,-2.225626,17.524193,1.070107,200,1.730000
verify_coh_phase00_completely_inphase_baseline,0,7,0.778571,-0.389286,0.389286,6,0.900000,0.000000,0.000000,27.673030,28.000000,24.000000,-1.090224,17.440739,1.070581,200,1.800000
verify_coh_phase00_completely_inphase_baseline,0,7,0.778571,-0.389286,0.389286,8,0.845000,0.000000,0.000000,24.186333,28.000000,24.000000,-0.488409,13.952764,1.073136,200,1.690000
verify_coh_phase00_completely_inphase_baseline,0,7,0.778571,-0.389286,0.389286,10,0.930000,0.000000,0.000000,21.713839,28.000000,24.000000,0.491934,11.695567,1.081074,191,1.860000
verify_coh_phase00_completely_inphase_baseline,0,7,0.778571,-0.389286,0.389286,12,0.960000,0.000000,0.000000,13.845440,28.000000,24.000000,-0.450906,5.740538,1.112362,139,1.920000
verify_coh_phase00_completely_inphase_baseline,0,7,0.778571,-0.389286,0.389286,14,0.995000,0.000000,0.000000,1.964569,28.000000,24.000000,-0.137894,0.329172,1.195407,23,1.990000
verify_coh_phase00_completely_inphase_baseline,0,7,0.778571,-0.389286,0.389286,16,1.000000,0.000000,0.000000,0.348317,28.000000,24.000000,-0.007322,0.141950,1.362343,4,2.000000
verify_coh_phase00_completely_inphase_baseline,0,7,0.778571,-0.389286,0.389286,18,1.000000,0.000000,0.055000,0.253314,28.000000,24.000000,0.001480,0.185959,1.626226,0,2.000000
verify_coh_phase00_completely_inphase_baseline,0,7,0.778571,-0.389286,0.389286,20,1.000000,0.015000,0.330000,0.197435,28.000000,24.000000,-0.011901,0.151870,2.058792,0,2.000000
verify_coh_phase00_completely_inphase_baseline,0,7,0.778571,-0.389286,0.389286,22,1.000000,0.170000,0.820000,0.125646,28.000000,24.000000,-0.013079,0.104006,2.743580,0,2.000000
verify_coh_phase00_completely_inphase_baseline,0,7,0.778571,-0.389286,0.389286,24,1.000000,0.505000,0.995000,0.082763,28.000000,24.000000,-0.012668,0.074242,3.841112,0,2.000000
verify_coh_phase00_completely_inphase_baseline,0,7,0.778571,-0.389286,0.389286,26,1.000000,0.870000,1.000000,0.060341,28.000000,24.000000,-0.015781,0.061557,5.568586,0,2.000000
verify_coh_phase00_completely_inphase_baseline,0,7,0.778571,-0.389286,0.389286,28,1.000000,0.990000,1.000000,0.048306,28.000000,24.000000,-0.016464,0.054252,8.318036,0,2.000000
verify_coh_phase00_completely_inphase_baseline,0,7,0.778571,-0.389286,0.389286,30,1.000000,0.995000,1.000000,0.042075,28.000000,24.000000,-0.016157,0.048845,12.660534,0,2.000000
verify_coh_phase00_completely_inphase_baseline,0,10,0.545000,-0.272500,0.272500,-4,0.880000,0.000000,0.000000,27.143015,NaN,NaN,-0.577119,16.852033,1.072766,200,1.760000
verify_coh_phase00_completely_inphase_baseline,0,10,0.545000,-0.272500,0.272500,-2,0.885000,0.000000,0.000000,28.472678,NaN,NaN,-3.256823,20.411159,1.072574,200,1.770000
verify_coh_phase00_completely_inphase_baseline,0,10,0.545000,-0.272500,0.272500,0,0.880000,0.000000,0.000000,27.235403,NaN,NaN,0.049278,16.380958,1.072213,200,1.760000
verify_coh_phase00_completely_inphase_baseline,0,10,0.545000,-0.272500,0.272500,2,0.855000,0.000000,0.000000,31.266867,NaN,NaN,-1.329082,20.134480,1.069103,200,1.710000
verify_coh_phase00_completely_inphase_baseline,0,10,0.545000,-0.272500,0.272500,4,0.905000,0.000000,0.000000,27.668524,NaN,NaN,1.228308,17.862408,1.072920,200,1.810000
verify_coh_phase00_completely_inphase_baseline,0,10,0.545000,-0.272500,0.272500,6,0.860000,0.000000,0.000000,29.570641,NaN,NaN,-0.285781,17.713003,1.072111,200,1.720000
verify_coh_phase00_completely_inphase_baseline,0,10,0.545000,-0.272500,0.272500,8,0.880000,0.000000,0.000000,26.513224,NaN,NaN,-0.031652,15.848119,1.074740,200,1.760000
verify_coh_phase00_completely_inphase_baseline,0,10,0.545000,-0.272500,0.272500,10,0.835000,0.000000,0.000000,26.462177,NaN,NaN,-1.248112,16.466548,1.074776,200,1.670000
verify_coh_phase00_completely_inphase_baseline,0,10,0.545000,-0.272500,0.272500,12,0.885000,0.000000,0.000000,28.351312,NaN,NaN,0.269373,16.591199,1.073014,200,1.770000
verify_coh_phase00_completely_inphase_baseline,0,10,0.545000,-0.272500,0.272500,14,0.885000,0.000000,0.000000,26.087417,NaN,NaN,-0.129068,14.913268,1.074165,200,1.770000
verify_coh_phase00_completely_inphase_baseline,0,10,0.545000,-0.272500,0.272500,16,0.890000,0.000000,0.000000,23.186122,NaN,NaN,-0.973343,12.963388,1.080089,192,1.780000
verify_coh_phase00_completely_inphase_baseline,0,10,0.545000,-0.272500,0.272500,18,0.965000,0.000000,0.000000,16.234022,NaN,NaN,-0.371960,7.436726,1.103383,157,1.930000
verify_coh_phase00_completely_inphase_baseline,0,10,0.545000,-0.272500,0.272500,20,1.000000,0.000000,0.000000,2.722166,NaN,NaN,-0.055760,0.541747,1.185384,42,2.000000
verify_coh_phase00_completely_inphase_baseline,0,10,0.545000,-0.272500,0.272500,22,1.000000,0.000000,0.000000,0.341479,NaN,NaN,-0.014604,0.048536,1.336717,4,2.000000
verify_coh_phase00_completely_inphase_baseline,0,10,0.545000,-0.272500,0.272500,24,1.000000,0.000000,0.000000,0.224641,NaN,NaN,-0.020990,0.143537,1.598875,0,2.000000
verify_coh_phase00_completely_inphase_baseline,0,10,0.545000,-0.272500,0.272500,26,1.000000,0.005000,0.030000,0.189627,NaN,NaN,-0.011054,0.149109,2.005561,0,2.000000
verify_coh_phase00_completely_inphase_baseline,0,10,0.545000,-0.272500,0.272500,28,1.000000,0.030000,0.115000,0.157982,NaN,NaN,-0.012758,0.137516,2.650455,0,2.000000
verify_coh_phase00_completely_inphase_baseline,0,10,0.545000,-0.272500,0.272500,30,1.000000,0.170000,0.525000,0.120344,NaN,NaN,-0.012919,0.110476,3.685537,0,2.000000
verify_coh_phase05_near_inphase,5,1,5.450000,-2.725000,2.725000,-4,1.000000,1.000000,1.000000,0.050144,-4.000000,-4.000000,0.001909,0.050361,14.324216,0,2.000000
verify_coh_phase05_near_inphase,5,1,5.450000,-2.725000,2.725000,-2,1.000000,1.000000,1.000000,0.049725,-4.000000,-4.000000,0.000645,0.049435,22.238093,0,2.000000
verify_coh_phase05_near_inphase,5,1,5.450000,-2.725000,2.725000,0,1.000000,1.000000,1.000000,0.049313,-4.000000,-4.000000,0.000440,0.049208,34.595141,0,2.000000
verify_coh_phase05_near_inphase,5,1,5.450000,-2.725000,2.725000,2,1.000000,1.000000,1.000000,0.048783,-4.000000,-4.000000,0.000753,0.049164,54.397529,0,2.000000
verify_coh_phase05_near_inphase,5,1,5.450000,-2.725000,2.725000,4,1.000000,1.000000,1.000000,0.048895,-4.000000,-4.000000,0.000817,0.049469,85.685899,0,2.000000
verify_coh_phase05_near_inphase,5,1,5.450000,-2.725000,2.725000,6,1.000000,1.000000,1.000000,0.048928,-4.000000,-4.000000,0.001056,0.049814,135.059228,0,2.000000
verify_coh_phase05_near_inphase,5,1,5.450000,-2.725000,2.725000,8,1.000000,1.000000,1.000000,0.048852,-4.000000,-4.000000,0.001105,0.049858,213.710953,0,2.000000
verify_coh_phase05_near_inphase,5,1,5.450000,-2.725000,2.725000,10,1.000000,1.000000,1.000000,0.048669,-4.000000,-4.000000,0.001252,0.049848,337.190375,0,2.000000
verify_coh_phase05_near_inphase,5,1,5.450000,-2.725000,2.725000,12,1.000000,1.000000,1.000000,0.048648,-4.000000,-4.000000,0.001036,0.049640,533.484584,0,2.000000
verify_coh_phase05_near_inphase,5,1,5.450000,-2.725000,2.725000,14,1.000000,1.000000,1.000000,0.048629,-4.000000,-4.000000,0.001093,0.049686,840.381837,0,2.000000
verify_coh_phase05_near_inphase,5,1,5.450000,-2.725000,2.725000,16,1.000000,1.000000,1.000000,0.048718,-4.000000,-4.000000,0.000994,0.049687,1319.461306,0,2.000000
verify_coh_phase05_near_inphase,5,1,5.450000,-2.725000,2.725000,18,1.000000,1.000000,1.000000,0.048682,-4.000000,-4.000000,0.001017,0.049680,2048.630848,0,2.000000
verify_coh_phase05_near_inphase,5,1,5.450000,-2.725000,2.725000,20,1.000000,1.000000,1.000000,0.048687,-4.000000,-4.000000,0.001055,0.049725,3148.472447,0,2.000000
verify_coh_phase05_near_inphase,5,1,5.450000,-2.725000,2.725000,22,1.000000,1.000000,1.000000,0.048654,-4.000000,-4.000000,0.001065,0.049703,4733.945076,0,2.000000
verify_coh_phase05_near_inphase,5,1,5.450000,-2.725000,2.725000,24,1.000000,1.000000,1.000000,0.048671,-4.000000,-4.000000,0.001049,0.049707,6931.698069,0,2.000000
verify_coh_phase05_near_inphase,5,1,5.450000,-2.725000,2.725000,26,1.000000,1.000000,1.000000,0.048667,-4.000000,-4.000000,0.001083,0.049737,9763.664530,0,2.000000
verify_coh_phase05_near_inphase,5,1,5.450000,-2.725000,2.725000,28,1.000000,1.000000,1.000000,0.048657,-4.000000,-4.000000,0.001064,0.049708,13205.580794,0,2.000000
verify_coh_phase05_near_inphase,5,1,5.450000,-2.725000,2.725000,30,1.000000,1.000000,1.000000,0.048660,-4.000000,-4.000000,0.001037,0.049685,16925.019704,0,2.000000
verify_coh_phase05_near_inphase,5,2,2.725000,-1.362500,1.362500,-4,1.000000,0.085000,1.000000,0.161345,4.000000,-4.000000,0.005311,0.080119,1.627962,0,2.000000
verify_coh_phase05_near_inphase,5,2,2.725000,-1.362500,1.362500,-2,1.000000,0.390000,1.000000,0.100722,4.000000,-4.000000,0.012997,0.068060,2.066324,0,2.000000
verify_coh_phase05_near_inphase,5,2,2.725000,-1.362500,1.362500,0,1.000000,0.710000,1.000000,0.070805,4.000000,-4.000000,0.003560,0.047623,2.755259,0,2.000000
verify_coh_phase05_near_inphase,5,2,2.725000,-1.362500,1.362500,2,1.000000,0.865000,1.000000,0.056263,4.000000,-4.000000,0.005693,0.043711,3.859315,0,2.000000
verify_coh_phase05_near_inphase,5,2,2.725000,-1.362500,1.362500,4,1.000000,0.945000,1.000000,0.048529,4.000000,-4.000000,0.005805,0.041097,5.590528,0,2.000000
verify_coh_phase05_near_inphase,5,2,2.725000,-1.362500,1.362500,6,1.000000,1.000000,1.000000,0.038957,4.000000,-4.000000,0.004875,0.037691,8.366911,0,2.000000
verify_coh_phase05_near_inphase,5,2,2.725000,-1.362500,1.362500,8,1.000000,1.000000,1.000000,0.037117,4.000000,-4.000000,0.007053,0.038977,12.718273,0,2.000000
verify_coh_phase05_near_inphase,5,2,2.725000,-1.362500,1.362500,10,1.000000,1.000000,1.000000,0.034558,4.000000,-4.000000,0.004709,0.036431,19.660887,0,2.000000
verify_coh_phase05_near_inphase,5,2,2.725000,-1.362500,1.362500,12,1.000000,1.000000,1.000000,0.032358,4.000000,-4.000000,0.005102,0.035751,30.633611,0,2.000000
verify_coh_phase05_near_inphase,5,2,2.725000,-1.362500,1.362500,14,1.000000,1.000000,1.000000,0.031906,4.000000,-4.000000,0.005626,0.036232,47.943520,0,2.000000
verify_coh_phase05_near_inphase,5,2,2.725000,-1.362500,1.362500,16,1.000000,1.000000,1.000000,0.031479,4.000000,-4.000000,0.005372,0.035868,75.397308,0,2.000000
verify_coh_phase05_near_inphase,5,2,2.725000,-1.362500,1.362500,18,1.000000,1.000000,1.000000,0.031365,4.000000,-4.000000,0.005828,0.036325,119.051556,0,2.000000
verify_coh_phase05_near_inphase,5,2,2.725000,-1.362500,1.362500,20,1.000000,1.000000,1.000000,0.030999,4.000000,-4.000000,0.005435,0.035747,188.035401,0,2.000000
verify_coh_phase05_near_inphase,5,2,2.725000,-1.362500,1.362500,22,1.000000,1.000000,1.000000,0.031016,4.000000,-4.000000,0.005615,0.035954,295.306933,0,2.000000
verify_coh_phase05_near_inphase,5,2,2.725000,-1.362500,1.362500,24,1.000000,1.000000,1.000000,0.030932,4.000000,-4.000000,0.005469,0.035831,462.238727,0,2.000000
verify_coh_phase05_near_inphase,5,2,2.725000,-1.362500,1.362500,26,1.000000,1.000000,1.000000,0.030819,4.000000,-4.000000,0.005163,0.035477,717.722818,0,2.000000
verify_coh_phase05_near_inphase,5,2,2.725000,-1.362500,1.362500,28,1.000000,1.000000,1.000000,0.030781,4.000000,-4.000000,0.005267,0.035557,1102.333288,0,2.000000
verify_coh_phase05_near_inphase,5,2,2.725000,-1.362500,1.362500,30,1.000000,1.000000,1.000000,0.030793,4.000000,-4.000000,0.005389,0.035686,1662.556898,0,2.000000
verify_coh_phase05_near_inphase,5,3,1.816667,-0.908333,0.908333,-4,0.955000,0.000000,0.000000,16.490837,10.000000,2.000000,-0.711076,7.663187,1.093501,138,1.910000
verify_coh_phase05_near_inphase,5,3,1.816667,-0.908333,0.908333,-2,0.990000,0.000000,0.065000,6.870060,10.000000,2.000000,-0.551226,1.453498,1.155508,38,1.980000
verify_coh_phase05_near_inphase,5,3,1.816667,-0.908333,0.908333,0,1.000000,0.000000,0.510000,0.398056,10.000000,2.000000,-0.027664,0.274026,1.287147,0,2.000000
verify_coh_phase05_near_inphase,5,3,1.816667,-0.908333,0.908333,2,1.000000,0.010000,0.970000,0.226626,10.000000,2.000000,0.022649,0.154734,1.498743,0,2.000000
verify_coh_phase05_near_inphase,5,3,1.816667,-0.908333,0.908333,4,1.000000,0.125000,1.000000,0.145094,10.000000,2.000000,0.023085,0.104208,1.851470,0,2.000000
verify_coh_phase05_near_inphase,5,3,1.816667,-0.908333,0.908333,6,1.000000,0.435000,1.000000,0.095748,10.000000,2.000000,0.015567,0.068140,2.407289,0,2.000000
verify_coh_phase05_near_inphase,5,3,1.816667,-0.908333,0.908333,8,1.000000,0.665000,1.000000,0.071031,10.000000,2.000000,0.014944,0.055090,3.319383,0,2.000000
verify_coh_phase05_near_inphase,5,3,1.816667,-0.908333,0.908333,10,1.000000,0.915000,1.000000,0.053203,10.000000,2.000000,0.014562,0.048043,4.727908,0,2.000000
verify_coh_phase05_near_inphase,5,3,1.816667,-0.908333,0.908333,12,1.000000,0.985000,1.000000,0.042504,10.000000,2.000000,0.014657,0.043605,6.990729,0,2.000000
verify_coh_phase05_near_inphase,5,3,1.816667,-0.908333,0.908333,14,1.000000,1.000000,1.000000,0.036706,10.000000,2.000000,0.012687,0.039614,10.548742,0,2.000000
verify_coh_phase05_near_inphase,5,3,1.816667,-0.908333,0.908333,16,1.000000,1.000000,1.000000,0.033808,10.000000,2.000000,0.015247,0.040909,16.187240,0,2.000000
verify_coh_phase05_near_inphase,5,3,1.816667,-0.908333,0.908333,18,1.000000,1.000000,1.000000,0.032181,10.000000,2.000000,0.016258,0.041009,25.179650,0,2.000000
verify_coh_phase05_near_inphase,5,3,1.816667,-0.908333,0.908333,20,1.000000,1.000000,1.000000,0.030949,10.000000,2.000000,0.016152,0.040435,39.458073,0,2.000000
verify_coh_phase05_near_inphase,5,3,1.816667,-0.908333,0.908333,22,1.000000,1.000000,1.000000,0.028995,10.000000,2.000000,0.014626,0.038538,61.751493,0,2.000000
verify_coh_phase05_near_inphase,5,3,1.816667,-0.908333,0.908333,24,1.000000,1.000000,1.000000,0.028929,10.000000,2.000000,0.015160,0.038988,97.227364,0,2.000000
verify_coh_phase05_near_inphase,5,3,1.816667,-0.908333,0.908333,26,1.000000,1.000000,1.000000,0.028253,10.000000,2.000000,0.014702,0.038329,153.162521,0,2.000000
verify_coh_phase05_near_inphase,5,3,1.816667,-0.908333,0.908333,28,1.000000,1.000000,1.000000,0.028034,10.000000,2.000000,0.014704,0.038331,241.095414,0,2.000000
verify_coh_phase05_near_inphase,5,3,1.816667,-0.908333,0.908333,30,1.000000,1.000000,1.000000,0.028023,10.000000,2.000000,0.014934,0.038451,377.096105,0,2.000000
verify_coh_phase05_near_inphase,5,5,1.090000,-0.545000,0.545000,-4,0.880000,0.000000,0.000000,24.892631,20.000000,12.000000,0.135324,14.352791,1.072126,200,1.760000
verify_coh_phase05_near_inphase,5,5,1.090000,-0.545000,0.545000,-2,0.860000,0.000000,0.000000,26.407886,20.000000,12.000000,0.364221,15.521259,1.072337,200,1.720000
verify_coh_phase05_near_inphase,5,5,1.090000,-0.545000,0.545000,0,0.900000,0.000000,0.000000,26.518444,20.000000,12.000000,-0.187739,14.783069,1.072980,198,1.800000
verify_coh_phase05_near_inphase,5,5,1.090000,-0.545000,0.545000,2,0.900000,0.000000,0.000000,21.726736,20.000000,12.000000,-0.827076,11.507932,1.084766,181,1.800000
verify_coh_phase05_near_inphase,5,5,1.090000,-0.545000,0.545000,4,0.980000,0.000000,0.000000,14.678696,20.000000,12.000000,0.727156,5.953121,1.111965,123,1.960000
verify_coh_phase05_near_inphase,5,5,1.090000,-0.545000,0.545000,6,1.000000,0.000000,0.000000,3.696553,20.000000,12.000000,0.215650,0.606284,1.195681,23,2.000000
verify_coh_phase05_near_inphase,5,5,1.090000,-0.545000,0.545000,8,1.000000,0.000000,0.085000,0.361201,20.000000,12.000000,0.036512,0.276697,1.369711,0,2.000000
verify_coh_phase05_near_inphase,5,5,1.090000,-0.545000,0.545000,10,1.000000,0.005000,0.545000,0.232579,20.000000,12.000000,0.029274,0.167105,1.634569,0,2.000000
verify_coh_phase05_near_inphase,5,5,1.090000,-0.545000,0.545000,12,1.000000,0.100000,0.940000,0.147329,20.000000,12.000000,0.022957,0.107721,2.061863,0,2.000000
verify_coh_phase05_near_inphase,5,5,1.090000,-0.545000,0.545000,14,1.000000,0.355000,1.000000,0.097303,20.000000,12.000000,0.020505,0.073569,2.754532,0,2.000000
verify_coh_phase05_near_inphase,5,5,1.090000,-0.545000,0.545000,16,1.000000,0.710000,1.000000,0.073188,20.000000,12.000000,0.023730,0.060738,3.845532,0,2.000000
verify_coh_phase05_near_inphase,5,5,1.090000,-0.545000,0.545000,18,1.000000,0.855000,1.000000,0.058595,20.000000,12.000000,0.029703,0.057900,5.580495,0,2.000000
verify_coh_phase05_near_inphase,5,5,1.090000,-0.545000,0.545000,20,1.000000,0.980000,1.000000,0.044465,20.000000,12.000000,0.022261,0.045354,8.322586,0,2.000000
verify_coh_phase05_near_inphase,5,5,1.090000,-0.545000,0.545000,22,1.000000,0.995000,1.000000,0.039903,20.000000,12.000000,0.025644,0.046096,12.699728,0,2.000000
verify_coh_phase05_near_inphase,5,5,1.090000,-0.545000,0.545000,24,1.000000,1.000000,1.000000,0.035414,20.000000,12.000000,0.023210,0.041872,19.634207,0,2.000000
verify_coh_phase05_near_inphase,5,5,1.090000,-0.545000,0.545000,26,1.000000,1.000000,1.000000,0.031770,20.000000,12.000000,0.021940,0.039783,30.508368,0,2.000000
verify_coh_phase05_near_inphase,5,5,1.090000,-0.545000,0.545000,28,1.000000,1.000000,1.000000,0.029973,20.000000,12.000000,0.021391,0.038708,47.863381,0,2.000000
verify_coh_phase05_near_inphase,5,5,1.090000,-0.545000,0.545000,30,1.000000,1.000000,1.000000,0.030220,20.000000,12.000000,0.023279,0.040065,75.256426,0,2.000000
verify_coh_phase05_near_inphase,5,7,0.778571,-0.389286,0.389286,-4,0.875000,0.000000,0.000000,27.958124,22.000000,18.000000,1.605473,17.970941,1.071123,200,1.750000
verify_coh_phase05_near_inphase,5,7,0.778571,-0.389286,0.389286,-2,0.870000,0.000000,0.000000,27.505972,22.000000,18.000000,3.196725,19.273738,1.072323,199,1.740000
verify_coh_phase05_near_inphase,5,7,0.778571,-0.389286,0.389286,0,0.875000,0.000000,0.000000,27.677833,22.000000,18.000000,0.121085,16.446355,1.071556,200,1.750000
verify_coh_phase05_near_inphase,5,7,0.778571,-0.389286,0.389286,2,0.910000,0.000000,0.000000,26.283571,22.000000,18.000000,0.765997,16.097650,1.072639,198,1.820000
verify_coh_phase05_near_inphase,5,7,0.778571,-0.389286,0.389286,4,0.895000,0.000000,0.000000,23.608710,22.000000,18.000000,-1.743186,15.087712,1.071966,197,1.790000
verify_coh_phase05_near_inphase,5,7,0.778571,-0.389286,0.389286,6,0.930000,0.000000,0.000000,21.647797,22.000000,18.000000,-0.596819,11.530819,1.082304,179,1.860000
verify_coh_phase05_near_inphase,5,7,0.778571,-0.389286,0.389286,8,0.955000,0.000000,0.000000,11.784361,22.000000,18.000000,0.186217,4.671476,1.115857,133,1.910000
verify_coh_phase05_near_inphase,5,7,0.778571,-0.389286,0.389286,10,1.000000,0.000000,0.000000,3.537388,22.000000,18.000000,-0.269613,0.505781,1.215328,22,2.000000
verify_coh_phase05_near_inphase,5,7,0.778571,-0.389286,0.389286,12,1.000000,0.000000,0.005000,0.333811,22.000000,18.000000,0.018247,0.165244,1.393367,2,2.000000
verify_coh_phase05_near_inphase,5,7,0.778571,-0.389286,0.389286,14,1.000000,0.000000,0.130000,0.240058,22.000000,18.000000,0.005603,0.157116,1.674113,0,2.000000
verify_coh_phase05_near_inphase,5,7,0.778571,-0.389286,0.389286,16,1.000000,0.085000,0.605000,0.153492,22.000000,18.000000,0.030437,0.123540,2.135721,0,2.000000
verify_coh_phase05_near_inphase,5,7,0.778571,-0.389286,0.389286,18,1.000000,0.360000,0.960000,0.101575,22.000000,18.000000,0.024717,0.078954,2.867952,0,2.000000
verify_coh_phase05_near_inphase,5,7,0.778571,-0.389286,0.389286,20,1.000000,0.680000,0.995000,0.075162,22.000000,18.000000,0.017965,0.053895,3.999771,0,2.000000
verify_coh_phase05_near_inphase,5,7,0.778571,-0.389286,0.389286,22,1.000000,0.925000,1.000000,0.052185,22.000000,18.000000,0.020913,0.047445,5.864411,0,2.000000
verify_coh_phase05_near_inphase,5,7,0.778571,-0.389286,0.389286,24,1.000000,0.950000,1.000000,0.046834,22.000000,18.000000,0.022261,0.042287,8.770400,0,2.000000
verify_coh_phase05_near_inphase,5,7,0.778571,-0.389286,0.389286,26,1.000000,0.990000,1.000000,0.041097,22.000000,18.000000,0.025919,0.042423,13.382619,0,2.000000
verify_coh_phase05_near_inphase,5,7,0.778571,-0.389286,0.389286,28,1.000000,1.000000,1.000000,0.033850,22.000000,18.000000,0.023037,0.038029,20.741416,0,2.000000
verify_coh_phase05_near_inphase,5,7,0.778571,-0.389286,0.389286,30,1.000000,1.000000,1.000000,0.030584,22.000000,18.000000,0.023315,0.037025,32.222298,0,2.000000
verify_coh_phase05_near_inphase,5,10,0.545000,-0.272500,0.272500,-4,0.875000,0.000000,0.000000,27.075345,26.000000,24.000000,-0.718774,16.951754,1.072698,200,1.750000
verify_coh_phase05_near_inphase,5,10,0.545000,-0.272500,0.272500,-2,0.880000,0.000000,0.000000,28.609053,26.000000,24.000000,-3.714694,21.008633,1.072375,200,1.760000
verify_coh_phase05_near_inphase,5,10,0.545000,-0.272500,0.272500,0,0.880000,0.000000,0.000000,26.681444,26.000000,24.000000,-0.015571,15.811832,1.072354,200,1.760000
verify_coh_phase05_near_inphase,5,10,0.545000,-0.272500,0.272500,2,0.860000,0.000000,0.000000,30.983037,26.000000,24.000000,-1.307403,19.796102,1.068769,200,1.720000
verify_coh_phase05_near_inphase,5,10,0.545000,-0.272500,0.272500,4,0.900000,0.000000,0.000000,26.887757,26.000000,24.000000,0.639610,16.526327,1.072424,200,1.800000
verify_coh_phase05_near_inphase,5,10,0.545000,-0.272500,0.272500,6,0.855000,0.000000,0.000000,28.558721,26.000000,24.000000,0.088734,16.547530,1.072635,200,1.710000
verify_coh_phase05_near_inphase,5,10,0.545000,-0.272500,0.272500,8,0.890000,0.000000,0.000000,23.349574,26.000000,24.000000,-0.938383,13.750991,1.078510,196,1.780000
verify_coh_phase05_near_inphase,5,10,0.545000,-0.272500,0.272500,10,0.910000,0.000000,0.000000,18.151827,26.000000,24.000000,-1.203461,9.775395,1.090867,174,1.820000
verify_coh_phase05_near_inphase,5,10,0.545000,-0.272500,0.272500,12,0.980000,0.000000,0.000000,11.353037,26.000000,24.000000,-0.437283,3.628777,1.139694,96,1.960000
verify_coh_phase05_near_inphase,5,10,0.545000,-0.272500,0.272500,14,1.000000,0.000000,0.000000,0.712197,26.000000,24.000000,-0.015391,0.049144,1.256193,15,2.000000
verify_coh_phase05_near_inphase,5,10,0.545000,-0.272500,0.272500,16,1.000000,0.000000,0.000000,0.259872,26.000000,24.000000,0.008356,0.078720,1.459933,1,2.000000
verify_coh_phase05_near_inphase,5,10,0.545000,-0.272500,0.272500,18,1.000000,0.005000,0.015000,0.204138,26.000000,24.000000,0.017049,0.117479,1.783797,0,2.000000
verify_coh_phase05_near_inphase,5,10,0.545000,-0.272500,0.272500,20,1.000000,0.055000,0.190000,0.151575,26.000000,24.000000,0.023901,0.104224,2.316524,0,2.000000
verify_coh_phase05_near_inphase,5,10,0.545000,-0.272500,0.272500,22,1.000000,0.290000,0.620000,0.109079,26.000000,24.000000,0.021078,0.077164,3.136547,0,2.000000
verify_coh_phase05_near_inphase,5,10,0.545000,-0.272500,0.272500,24,1.000000,0.710000,0.910000,0.074677,26.000000,24.000000,0.021510,0.054758,4.464610,0,2.000000
verify_coh_phase05_near_inphase,5,10,0.545000,-0.272500,0.272500,26,1.000000,0.935000,0.995000,0.052754,26.000000,24.000000,0.019409,0.043325,6.570738,0,2.000000
verify_coh_phase05_near_inphase,5,10,0.545000,-0.272500,0.272500,28,1.000000,1.000000,1.000000,0.042799,26.000000,24.000000,0.021154,0.039227,9.887346,0,2.000000
verify_coh_phase05_near_inphase,5,10,0.545000,-0.272500,0.272500,30,1.000000,1.000000,1.000000,0.035084,26.000000,24.000000,0.019064,0.033336,15.142758,0,2.000000
verify_coh_phase15_mild_decoherence,15,1,5.450000,-2.725000,2.725000,-4,1.000000,1.000000,1.000000,0.054776,-4.000000,-4.000000,0.001860,0.055126,16.152246,0,2.000000
verify_coh_phase15_mild_decoherence,15,1,5.450000,-2.725000,2.725000,-2,1.000000,1.000000,1.000000,0.054490,-4.000000,-4.000000,0.000409,0.053942,25.126836,0,2.000000
verify_coh_phase15_mild_decoherence,15,1,5.450000,-2.725000,2.725000,0,1.000000,1.000000,1.000000,0.054061,-4.000000,-4.000000,0.000000,0.053510,39.156559,0,2.000000
verify_coh_phase15_mild_decoherence,15,1,5.450000,-2.725000,2.725000,2,1.000000,1.000000,1.000000,0.053556,-4.000000,-4.000000,0.000478,0.053676,61.613395,0,2.000000
verify_coh_phase15_mild_decoherence,15,1,5.450000,-2.725000,2.725000,4,1.000000,1.000000,1.000000,0.053570,-4.000000,-4.000000,0.000963,0.054278,97.037711,0,2.000000
verify_coh_phase15_mild_decoherence,15,1,5.450000,-2.725000,2.725000,6,1.000000,1.000000,1.000000,0.053704,-4.000000,-4.000000,0.000752,0.054289,152.881493,0,2.000000
verify_coh_phase15_mild_decoherence,15,1,5.450000,-2.725000,2.725000,8,1.000000,1.000000,1.000000,0.053610,-4.000000,-4.000000,0.000739,0.054253,241.216178,0,2.000000
verify_coh_phase15_mild_decoherence,15,1,5.450000,-2.725000,2.725000,10,1.000000,1.000000,1.000000,0.053329,-4.000000,-4.000000,0.000924,0.054179,378.670039,0,2.000000
verify_coh_phase15_mild_decoherence,15,1,5.450000,-2.725000,2.725000,12,1.000000,1.000000,1.000000,0.053356,-4.000000,-4.000000,0.000598,0.053915,592.421868,0,2.000000
verify_coh_phase15_mild_decoherence,15,1,5.450000,-2.725000,2.725000,14,1.000000,1.000000,1.000000,0.053349,-4.000000,-4.000000,0.000757,0.054076,916.368612,0,2.000000
verify_coh_phase15_mild_decoherence,15,1,5.450000,-2.725000,2.725000,16,1.000000,1.000000,1.000000,0.053399,-4.000000,-4.000000,0.000611,0.053994,1401.849966,0,2.000000
verify_coh_phase15_mild_decoherence,15,1,5.450000,-2.725000,2.725000,18,1.000000,1.000000,1.000000,0.053396,-4.000000,-4.000000,0.000670,0.054051,2092.373111,0,2.000000
verify_coh_phase15_mild_decoherence,15,1,5.450000,-2.725000,2.725000,20,1.000000,1.000000,1.000000,0.053396,-4.000000,-4.000000,0.000754,0.054139,3041.303786,0,2.000000
verify_coh_phase15_mild_decoherence,15,1,5.450000,-2.725000,2.725000,22,1.000000,1.000000,1.000000,0.053374,-4.000000,-4.000000,0.000767,0.054132,4241.961112,0,2.000000
verify_coh_phase15_mild_decoherence,15,1,5.450000,-2.725000,2.725000,24,1.000000,1.000000,1.000000,0.053372,-4.000000,-4.000000,0.000769,0.054133,5660.432238,0,2.000000
verify_coh_phase15_mild_decoherence,15,1,5.450000,-2.725000,2.725000,26,1.000000,1.000000,1.000000,0.053379,-4.000000,-4.000000,0.000759,0.054131,7143.265323,0,2.000000
verify_coh_phase15_mild_decoherence,15,1,5.450000,-2.725000,2.725000,28,1.000000,1.000000,1.000000,0.053358,-4.000000,-4.000000,0.000742,0.054095,8595.107099,0,2.000000
verify_coh_phase15_mild_decoherence,15,1,5.450000,-2.725000,2.725000,30,1.000000,1.000000,1.000000,0.053368,-4.000000,-4.000000,0.000745,0.054107,9833.450636,0,2.000000
verify_coh_phase15_mild_decoherence,15,2,2.725000,-1.362500,1.362500,-4,1.000000,0.470000,1.000000,0.093514,2.000000,-4.000000,0.022471,0.068086,2.577552,0,2.000000
verify_coh_phase15_mild_decoherence,15,2,2.725000,-1.362500,1.362500,-2,1.000000,0.605000,1.000000,0.074877,2.000000,-4.000000,0.027447,0.069229,3.584530,0,2.000000
verify_coh_phase15_mild_decoherence,15,2,2.725000,-1.362500,1.362500,0,1.000000,0.825000,1.000000,0.058800,2.000000,-4.000000,0.016787,0.055691,5.171979,0,2.000000
verify_coh_phase15_mild_decoherence,15,2,2.725000,-1.362500,1.362500,2,1.000000,0.945000,1.000000,0.050500,2.000000,-4.000000,0.016852,0.054560,7.680803,0,2.000000
verify_coh_phase15_mild_decoherence,15,2,2.725000,-1.362500,1.362500,4,1.000000,0.970000,1.000000,0.047437,2.000000,-4.000000,0.016469,0.053283,11.659904,0,2.000000
verify_coh_phase15_mild_decoherence,15,2,2.725000,-1.362500,1.362500,6,1.000000,0.995000,1.000000,0.044005,2.000000,-4.000000,0.017610,0.053202,17.990865,0,2.000000
verify_coh_phase15_mild_decoherence,15,2,2.725000,-1.362500,1.362500,8,1.000000,1.000000,1.000000,0.042838,2.000000,-4.000000,0.018539,0.054016,27.932834,0,2.000000
verify_coh_phase15_mild_decoherence,15,2,2.725000,-1.362500,1.362500,10,1.000000,1.000000,1.000000,0.041310,2.000000,-4.000000,0.017093,0.052862,43.796316,0,2.000000
verify_coh_phase15_mild_decoherence,15,2,2.725000,-1.362500,1.362500,12,1.000000,1.000000,1.000000,0.039855,2.000000,-4.000000,0.016465,0.051452,68.893634,0,2.000000
verify_coh_phase15_mild_decoherence,15,2,2.725000,-1.362500,1.362500,14,1.000000,1.000000,1.000000,0.039793,2.000000,-4.000000,0.017338,0.052485,108.370876,0,2.000000
verify_coh_phase15_mild_decoherence,15,2,2.725000,-1.362500,1.362500,16,1.000000,1.000000,1.000000,0.039895,2.000000,-4.000000,0.018009,0.053127,170.886780,0,2.000000
verify_coh_phase15_mild_decoherence,15,2,2.725000,-1.362500,1.362500,18,1.000000,1.000000,1.000000,0.039666,2.000000,-4.000000,0.017493,0.052800,269.633823,0,2.000000
verify_coh_phase15_mild_decoherence,15,2,2.725000,-1.362500,1.362500,20,1.000000,1.000000,1.000000,0.039396,2.000000,-4.000000,0.017427,0.052574,423.970769,0,2.000000
verify_coh_phase15_mild_decoherence,15,2,2.725000,-1.362500,1.362500,22,1.000000,1.000000,1.000000,0.039317,2.000000,-4.000000,0.017305,0.052464,660.915167,0,2.000000
verify_coh_phase15_mild_decoherence,15,2,2.725000,-1.362500,1.362500,24,1.000000,1.000000,1.000000,0.039451,2.000000,-4.000000,0.017665,0.052858,1021.716292,0,2.000000
verify_coh_phase15_mild_decoherence,15,2,2.725000,-1.362500,1.362500,26,1.000000,1.000000,1.000000,0.039243,2.000000,-4.000000,0.017351,0.052492,1556.795356,0,2.000000
verify_coh_phase15_mild_decoherence,15,2,2.725000,-1.362500,1.362500,28,1.000000,1.000000,1.000000,0.039258,2.000000,-4.000000,0.017404,0.052567,2324.161154,0,2.000000
verify_coh_phase15_mild_decoherence,15,2,2.725000,-1.362500,1.362500,30,1.000000,1.000000,1.000000,0.039278,2.000000,-4.000000,0.017473,0.052634,3370.120420,0,2.000000
verify_coh_phase15_mild_decoherence,15,3,1.816667,-0.908333,0.908333,-4,1.000000,0.055000,0.955000,0.221876,6.000000,-4.000000,-0.002829,0.108461,1.508178,0,2.000000
verify_coh_phase15_mild_decoherence,15,3,1.816667,-0.908333,0.908333,-2,1.000000,0.190000,0.995000,0.153008,6.000000,-4.000000,0.024366,0.088193,1.869621,0,2.000000
verify_coh_phase15_mild_decoherence,15,3,1.816667,-0.908333,0.908333,0,1.000000,0.395000,1.000000,0.109228,6.000000,-4.000000,0.009238,0.051949,2.443584,0,2.000000
verify_coh_phase15_mild_decoherence,15,3,1.816667,-0.908333,0.908333,2,1.000000,0.605000,1.000000,0.081931,6.000000,-4.000000,0.015781,0.051311,3.348343,0,2.000000
verify_coh_phase15_mild_decoherence,15,3,1.816667,-0.908333,0.908333,4,1.000000,0.855000,1.000000,0.059042,6.000000,-4.000000,0.022090,0.052944,4.773412,0,2.000000
verify_coh_phase15_mild_decoherence,15,3,1.816667,-0.908333,0.908333,6,1.000000,0.930000,1.000000,0.050830,6.000000,-4.000000,0.015945,0.044181,7.047094,0,2.000000
verify_coh_phase15_mild_decoherence,15,3,1.816667,-0.908333,0.908333,8,1.000000,0.965000,1.000000,0.044407,6.000000,-4.000000,0.018391,0.045217,10.703748,0,2.000000
verify_coh_phase15_mild_decoherence,15,3,1.816667,-0.908333,0.908333,10,1.000000,1.000000,1.000000,0.039151,6.000000,-4.000000,0.017377,0.044025,16.408134,0,2.000000
verify_coh_phase15_mild_decoherence,15,3,1.816667,-0.908333,0.908333,12,1.000000,1.000000,1.000000,0.036353,6.000000,-4.000000,0.018415,0.044118,25.510427,0,2.000000
verify_coh_phase15_mild_decoherence,15,3,1.816667,-0.908333,0.908333,14,1.000000,1.000000,1.000000,0.033539,6.000000,-4.000000,0.016559,0.042070,39.875901,0,2.000000
verify_coh_phase15_mild_decoherence,15,3,1.816667,-0.908333,0.908333,16,1.000000,1.000000,1.000000,0.032664,6.000000,-4.000000,0.017215,0.042560,62.641093,0,2.000000
verify_coh_phase15_mild_decoherence,15,3,1.816667,-0.908333,0.908333,18,1.000000,1.000000,1.000000,0.032498,6.000000,-4.000000,0.018430,0.043567,98.861124,0,2.000000
verify_coh_phase15_mild_decoherence,15,3,1.816667,-0.908333,0.908333,20,1.000000,1.000000,1.000000,0.031939,6.000000,-4.000000,0.018294,0.043425,156.381598,0,2.000000
verify_coh_phase15_mild_decoherence,15,3,1.816667,-0.908333,0.908333,22,1.000000,1.000000,1.000000,0.030803,6.000000,-4.000000,0.017127,0.042099,246.082614,0,2.000000
verify_coh_phase15_mild_decoherence,15,3,1.816667,-0.908333,0.908333,24,1.000000,1.000000,1.000000,0.030908,6.000000,-4.000000,0.017410,0.042531,388.579182,0,2.000000
verify_coh_phase15_mild_decoherence,15,3,1.816667,-0.908333,0.908333,26,1.000000,1.000000,1.000000,0.030607,6.000000,-4.000000,0.017238,0.042233,611.811899,0,2.000000
verify_coh_phase15_mild_decoherence,15,3,1.816667,-0.908333,0.908333,28,1.000000,1.000000,1.000000,0.030483,6.000000,-4.000000,0.017114,0.042195,960.354738,0,2.000000
verify_coh_phase15_mild_decoherence,15,3,1.816667,-0.908333,0.908333,30,1.000000,1.000000,1.000000,0.030485,6.000000,-4.000000,0.017289,0.042303,1492.617163,0,2.000000
verify_coh_phase15_mild_decoherence,15,5,1.090000,-0.545000,0.545000,-4,0.985000,0.000000,0.000000,12.483947,12.000000,4.000000,-0.440265,4.273727,1.123366,102,1.970000
verify_coh_phase15_mild_decoherence,15,5,1.090000,-0.545000,0.545000,-2,1.000000,0.000000,0.010000,1.832462,12.000000,4.000000,-0.154488,0.229522,1.224149,11,2.000000
verify_coh_phase15_mild_decoherence,15,5,1.090000,-0.545000,0.545000,0,1.000000,0.005000,0.180000,0.316922,12.000000,4.000000,0.022061,0.191022,1.415914,0,2.000000
verify_coh_phase15_mild_decoherence,15,5,1.090000,-0.545000,0.545000,2,1.000000,0.040000,0.750000,0.194503,12.000000,4.000000,0.007814,0.107446,1.731207,0,2.000000
verify_coh_phase15_mild_decoherence,15,5,1.090000,-0.545000,0.545000,4,1.000000,0.180000,0.965000,0.132826,12.000000,4.000000,0.020412,0.077083,2.205838,0,2.000000
verify_coh_phase15_mild_decoherence,15,5,1.090000,-0.545000,0.545000,6,1.000000,0.530000,1.000000,0.093190,12.000000,4.000000,0.012064,0.048250,2.969697,0,2.000000
verify_coh_phase15_mild_decoherence,15,5,1.090000,-0.545000,0.545000,8,1.000000,0.760000,1.000000,0.065878,12.000000,4.000000,0.013433,0.042142,4.199438,0,2.000000
verify_coh_phase15_mild_decoherence,15,5,1.090000,-0.545000,0.545000,10,1.000000,0.890000,1.000000,0.056143,12.000000,4.000000,0.014452,0.037389,6.140051,0,2.000000
verify_coh_phase15_mild_decoherence,15,5,1.090000,-0.545000,0.545000,12,1.000000,0.960000,1.000000,0.045625,12.000000,4.000000,0.012285,0.032000,9.199318,0,2.000000
verify_coh_phase15_mild_decoherence,15,5,1.090000,-0.545000,0.545000,14,1.000000,1.000000,1.000000,0.035512,12.000000,4.000000,0.011915,0.030190,14.067210,0,2.000000
verify_coh_phase15_mild_decoherence,15,5,1.090000,-0.545000,0.545000,16,1.000000,1.000000,1.000000,0.031189,12.000000,4.000000,0.012742,0.030040,21.792354,0,2.000000
verify_coh_phase15_mild_decoherence,15,5,1.090000,-0.545000,0.545000,18,1.000000,1.000000,1.000000,0.028752,12.000000,4.000000,0.016089,0.032660,34.031200,0,2.000000
verify_coh_phase15_mild_decoherence,15,5,1.090000,-0.545000,0.545000,20,1.000000,1.000000,1.000000,0.024023,12.000000,4.000000,0.012455,0.028600,53.411350,0,2.000000
verify_coh_phase15_mild_decoherence,15,5,1.090000,-0.545000,0.545000,22,1.000000,1.000000,1.000000,0.023103,12.000000,4.000000,0.013094,0.028904,84.126558,0,2.000000
verify_coh_phase15_mild_decoherence,15,5,1.090000,-0.545000,0.545000,24,1.000000,1.000000,1.000000,0.021631,12.000000,4.000000,0.012095,0.027759,133.089066,0,2.000000
verify_coh_phase15_mild_decoherence,15,5,1.090000,-0.545000,0.545000,26,1.000000,1.000000,1.000000,0.020671,12.000000,4.000000,0.011980,0.027595,209.741509,0,2.000000
verify_coh_phase15_mild_decoherence,15,5,1.090000,-0.545000,0.545000,28,1.000000,1.000000,1.000000,0.020401,12.000000,4.000000,0.011915,0.027536,332.030792,0,2.000000
verify_coh_phase15_mild_decoherence,15,5,1.090000,-0.545000,0.545000,30,1.000000,1.000000,1.000000,0.020205,12.000000,4.000000,0.012116,0.027662,524.780663,0,2.000000
verify_coh_phase15_mild_decoherence,15,7,0.778571,-0.389286,0.389286,-4,0.930000,0.000000,0.000000,20.699210,14.000000,10.000000,0.740164,11.187678,1.080895,185,1.860000
verify_coh_phase15_mild_decoherence,15,7,0.778571,-0.389286,0.389286,-2,0.940000,0.000000,0.000000,17.373784,14.000000,10.000000,0.696849,7.748085,1.104496,152,1.880000
verify_coh_phase15_mild_decoherence,15,7,0.778571,-0.389286,0.389286,0,1.000000,0.000000,0.000000,7.357947,14.000000,10.000000,-0.343665,1.875284,1.171264,49,2.000000
verify_coh_phase15_mild_decoherence,15,7,0.778571,-0.389286,0.389286,2,1.000000,0.000000,0.000000,0.537571,14.000000,10.000000,0.029533,0.138219,1.316660,5,2.000000
verify_coh_phase15_mild_decoherence,15,7,0.778571,-0.389286,0.389286,4,1.000000,0.005000,0.065000,0.251027,14.000000,10.000000,0.010746,0.140550,1.561675,0,2.000000
verify_coh_phase15_mild_decoherence,15,7,0.778571,-0.389286,0.389286,6,1.000000,0.065000,0.520000,0.177602,14.000000,10.000000,0.017283,0.108679,1.963116,0,2.000000
verify_coh_phase15_mild_decoherence,15,7,0.778571,-0.389286,0.389286,8,1.000000,0.270000,0.880000,0.119109,14.000000,10.000000,0.006085,0.055053,2.576317,0,2.000000
verify_coh_phase15_mild_decoherence,15,7,0.778571,-0.389286,0.389286,10,1.000000,0.635000,0.990000,0.080092,14.000000,10.000000,0.005147,0.039323,3.575827,0,2.000000
verify_coh_phase15_mild_decoherence,15,7,0.778571,-0.389286,0.389286,12,1.000000,0.855000,1.000000,0.060287,14.000000,10.000000,0.007287,0.032273,5.154834,0,2.000000
verify_coh_phase15_mild_decoherence,15,7,0.778571,-0.389286,0.389286,14,1.000000,0.960000,1.000000,0.044358,14.000000,10.000000,0.004369,0.024162,7.643723,0,2.000000
verify_coh_phase15_mild_decoherence,15,7,0.778571,-0.389286,0.389286,16,1.000000,1.000000,1.000000,0.033747,14.000000,10.000000,0.010736,0.026232,11.613041,0,2.000000
verify_coh_phase15_mild_decoherence,15,7,0.778571,-0.389286,0.389286,18,1.000000,1.000000,1.000000,0.029984,14.000000,10.000000,0.008737,0.022824,17.906620,0,2.000000
verify_coh_phase15_mild_decoherence,15,7,0.778571,-0.389286,0.389286,20,1.000000,1.000000,1.000000,0.026111,14.000000,10.000000,0.007451,0.020660,27.689397,0,2.000000
verify_coh_phase15_mild_decoherence,15,7,0.778571,-0.389286,0.389286,22,1.000000,1.000000,1.000000,0.020698,14.000000,10.000000,0.008398,0.020862,43.563903,0,2.000000
verify_coh_phase15_mild_decoherence,15,7,0.778571,-0.389286,0.389286,24,1.000000,1.000000,1.000000,0.019554,14.000000,10.000000,0.008926,0.020913,68.426090,0,2.000000
verify_coh_phase15_mild_decoherence,15,7,0.778571,-0.389286,0.389286,26,1.000000,1.000000,1.000000,0.018439,14.000000,10.000000,0.010310,0.021799,107.952288,0,2.000000
verify_coh_phase15_mild_decoherence,15,7,0.778571,-0.389286,0.389286,28,1.000000,1.000000,1.000000,0.016570,14.000000,10.000000,0.009460,0.020978,170.866700,0,2.000000
verify_coh_phase15_mild_decoherence,15,7,0.778571,-0.389286,0.389286,30,1.000000,1.000000,1.000000,0.015759,14.000000,10.000000,0.009455,0.020771,269.482585,0,2.000000
verify_coh_phase15_mild_decoherence,15,10,0.545000,-0.272500,0.272500,-4,0.905000,0.000000,0.000000,26.284770,16.000000,14.000000,-0.949669,16.514930,1.072817,199,1.810000
verify_coh_phase15_mild_decoherence,15,10,0.545000,-0.272500,0.272500,-2,0.890000,0.000000,0.000000,26.556706,16.000000,14.000000,-4.310708,19.659398,1.071711,200,1.780000
verify_coh_phase15_mild_decoherence,15,10,0.545000,-0.272500,0.272500,0,0.940000,0.000000,0.000000,19.926359,16.000000,14.000000,-0.108301,9.669446,1.088961,178,1.880000
verify_coh_phase15_mild_decoherence,15,10,0.545000,-0.272500,0.272500,2,0.985000,0.000000,0.000000,9.938315,16.000000,14.000000,-0.489557,3.608156,1.125638,104,1.970000
verify_coh_phase15_mild_decoherence,15,10,0.545000,-0.272500,0.272500,4,1.000000,0.000000,0.000000,0.999032,16.000000,14.000000,-0.005786,0.108856,1.239454,15,2.000000
verify_coh_phase15_mild_decoherence,15,10,0.545000,-0.272500,0.272500,6,1.000000,0.000000,0.000000,0.262178,16.000000,14.000000,0.012124,0.092535,1.426278,0,2.000000
verify_coh_phase15_mild_decoherence,15,10,0.545000,-0.272500,0.272500,8,1.000000,0.020000,0.060000,0.214666,16.000000,14.000000,0.028124,0.129639,1.736684,0,2.000000
verify_coh_phase15_mild_decoherence,15,10,0.545000,-0.272500,0.272500,10,1.000000,0.095000,0.265000,0.153445,16.000000,14.000000,-0.009184,0.093845,2.232006,0,2.000000
verify_coh_phase15_mild_decoherence,15,10,0.545000,-0.272500,0.272500,12,1.000000,0.385000,0.660000,0.104893,16.000000,14.000000,0.006368,0.059549,2.998077,0,2.000000
verify_coh_phase15_mild_decoherence,15,10,0.545000,-0.272500,0.272500,14,1.000000,0.725000,0.920000,0.073878,16.000000,14.000000,0.008810,0.040302,4.246427,0,2.000000
verify_coh_phase15_mild_decoherence,15,10,0.545000,-0.272500,0.272500,16,1.000000,0.930000,0.995000,0.052103,16.000000,14.000000,0.001991,0.025268,6.217346,0,2.000000
verify_coh_phase15_mild_decoherence,15,10,0.545000,-0.272500,0.272500,18,1.000000,0.985000,1.000000,0.042780,16.000000,14.000000,0.005377,0.022324,9.328150,0,2.000000
verify_coh_phase15_mild_decoherence,15,10,0.545000,-0.272500,0.272500,20,1.000000,1.000000,1.000000,0.034444,16.000000,14.000000,0.008649,0.021741,14.281395,0,2.000000
verify_coh_phase15_mild_decoherence,15,10,0.545000,-0.272500,0.272500,22,1.000000,1.000000,1.000000,0.026733,16.000000,14.000000,0.007300,0.019010,22.069894,0,2.000000
verify_coh_phase15_mild_decoherence,15,10,0.545000,-0.272500,0.272500,24,1.000000,1.000000,1.000000,0.022531,16.000000,14.000000,0.007723,0.017787,34.493061,0,2.000000
verify_coh_phase15_mild_decoherence,15,10,0.545000,-0.272500,0.272500,26,1.000000,1.000000,1.000000,0.018198,16.000000,14.000000,0.006578,0.015905,54.234298,0,2.000000
verify_coh_phase15_mild_decoherence,15,10,0.545000,-0.272500,0.272500,28,1.000000,1.000000,1.000000,0.015650,16.000000,14.000000,0.007283,0.016294,85.350728,0,2.000000
verify_coh_phase15_mild_decoherence,15,10,0.545000,-0.272500,0.272500,30,1.000000,1.000000,1.000000,0.014011,16.000000,14.000000,0.006688,0.015461,134.781533,0,2.000000
verify_coh_phase30_typical_multipath,30,1,5.450000,-2.725000,2.725000,-4,1.000000,1.000000,1.000000,0.062930,-4.000000,-4.000000,0.001235,0.063039,30.072647,0,2.000000
verify_coh_phase30_typical_multipath,30,1,5.450000,-2.725000,2.725000,-2,1.000000,1.000000,1.000000,0.062806,-4.000000,-4.000000,0.000314,0.062332,47.219801,0,2.000000
verify_coh_phase30_typical_multipath,30,1,5.450000,-2.725000,2.725000,0,1.000000,1.000000,1.000000,0.062539,-4.000000,-4.000000,0.000022,0.062112,74.020396,0,2.000000
verify_coh_phase30_typical_multipath,30,1,5.450000,-2.725000,2.725000,2,1.000000,1.000000,1.000000,0.062163,-4.000000,-4.000000,0.000357,0.062232,116.864521,0,2.000000
verify_coh_phase30_typical_multipath,30,1,5.450000,-2.725000,2.725000,4,1.000000,1.000000,1.000000,0.062049,-4.000000,-4.000000,0.000914,0.062748,184.271244,0,2.000000
verify_coh_phase30_typical_multipath,30,1,5.450000,-2.725000,2.725000,6,1.000000,1.000000,1.000000,0.062254,-4.000000,-4.000000,0.000547,0.062668,290.104518,0,2.000000
verify_coh_phase30_typical_multipath,30,1,5.450000,-2.725000,2.725000,8,1.000000,1.000000,1.000000,0.062184,-4.000000,-4.000000,0.000507,0.062612,455.780818,0,2.000000
verify_coh_phase30_typical_multipath,30,1,5.450000,-2.725000,2.725000,10,1.000000,1.000000,1.000000,0.061880,-4.000000,-4.000000,0.000591,0.062418,709.846202,0,2.000000
verify_coh_phase30_typical_multipath,30,1,5.450000,-2.725000,2.725000,12,1.000000,1.000000,1.000000,0.061940,-4.000000,-4.000000,0.000328,0.062236,1097.417402,0,2.000000
verify_coh_phase30_typical_multipath,30,1,5.450000,-2.725000,2.725000,14,1.000000,1.000000,1.000000,0.061937,-4.000000,-4.000000,0.000487,0.062404,1668.169866,0,2.000000
verify_coh_phase30_typical_multipath,30,1,5.450000,-2.725000,2.725000,16,1.000000,1.000000,1.000000,0.061961,-4.000000,-4.000000,0.000385,0.062335,2489.697055,0,2.000000
verify_coh_phase30_typical_multipath,30,1,5.450000,-2.725000,2.725000,18,1.000000,1.000000,1.000000,0.061967,-4.000000,-4.000000,0.000437,0.062394,3591.311388,0,2.000000
verify_coh_phase30_typical_multipath,30,1,5.450000,-2.725000,2.725000,20,1.000000,1.000000,1.000000,0.061970,-4.000000,-4.000000,0.000525,0.062488,4987.991522,0,2.000000
verify_coh_phase30_typical_multipath,30,1,5.450000,-2.725000,2.725000,22,1.000000,1.000000,1.000000,0.061960,-4.000000,-4.000000,0.000532,0.062486,6586.171571,0,2.000000
verify_coh_phase30_typical_multipath,30,1,5.450000,-2.725000,2.725000,24,1.000000,1.000000,1.000000,0.061941,-4.000000,-4.000000,0.000542,0.062479,8274.325856,0,2.000000
verify_coh_phase30_typical_multipath,30,1,5.450000,-2.725000,2.725000,26,1.000000,1.000000,1.000000,0.061955,-4.000000,-4.000000,0.000506,0.062457,9833.101037,0,2.000000
verify_coh_phase30_typical_multipath,30,1,5.450000,-2.725000,2.725000,28,1.000000,1.000000,1.000000,0.061936,-4.000000,-4.000000,0.000499,0.062431,11182.732633,0,2.000000
verify_coh_phase30_typical_multipath,30,1,5.450000,-2.725000,2.725000,30,1.000000,1.000000,1.000000,0.061944,-4.000000,-4.000000,0.000519,0.062459,12229.549157,0,2.000000
verify_coh_phase30_typical_multipath,30,2,2.725000,-1.362500,1.362500,-4,1.000000,0.860000,1.000000,0.056125,-2.000000,-4.000000,0.014714,0.052826,6.838414,0,2.000000
verify_coh_phase30_typical_multipath,30,2,2.725000,-1.362500,1.362500,-2,1.000000,0.945000,1.000000,0.051556,-2.000000,-4.000000,0.016906,0.054812,10.357960,0,2.000000
verify_coh_phase30_typical_multipath,30,2,2.725000,-1.362500,1.362500,0,1.000000,0.980000,1.000000,0.046254,-2.000000,-4.000000,0.011468,0.049274,15.916817,0,2.000000
verify_coh_phase30_typical_multipath,30,2,2.725000,-1.362500,1.362500,2,1.000000,1.000000,1.000000,0.042480,-2.000000,-4.000000,0.010932,0.048531,24.708566,0,2.000000
verify_coh_phase30_typical_multipath,30,2,2.725000,-1.362500,1.362500,4,1.000000,1.000000,1.000000,0.041463,-2.000000,-4.000000,0.010757,0.048216,38.620954,0,2.000000
verify_coh_phase30_typical_multipath,30,2,2.725000,-1.362500,1.362500,6,1.000000,1.000000,1.000000,0.040453,-2.000000,-4.000000,0.011635,0.048482,60.794797,0,2.000000
verify_coh_phase30_typical_multipath,30,2,2.725000,-1.362500,1.362500,8,1.000000,1.000000,1.000000,0.039835,-2.000000,-4.000000,0.011844,0.048730,95.628520,0,2.000000
verify_coh_phase30_typical_multipath,30,2,2.725000,-1.362500,1.362500,10,1.000000,1.000000,1.000000,0.039635,-2.000000,-4.000000,0.011426,0.048705,151.187002,0,2.000000
verify_coh_phase30_typical_multipath,30,2,2.725000,-1.362500,1.362500,12,1.000000,1.000000,1.000000,0.038730,-2.000000,-4.000000,0.010722,0.047450,238.939060,0,2.000000
verify_coh_phase30_typical_multipath,30,2,2.725000,-1.362500,1.362500,14,1.000000,1.000000,1.000000,0.038845,-2.000000,-4.000000,0.011317,0.048222,377.198649,0,2.000000
verify_coh_phase30_typical_multipath,30,2,2.725000,-1.362500,1.362500,16,1.000000,1.000000,1.000000,0.038880,-2.000000,-4.000000,0.011818,0.048678,595.830182,0,2.000000
verify_coh_phase30_typical_multipath,30,2,2.725000,-1.362500,1.362500,18,1.000000,1.000000,1.000000,0.038864,-2.000000,-4.000000,0.011394,0.048437,941.199766,0,2.000000
verify_coh_phase30_typical_multipath,30,2,2.725000,-1.362500,1.362500,20,1.000000,1.000000,1.000000,0.038705,-2.000000,-4.000000,0.011381,0.048302,1479.903075,0,2.000000
verify_coh_phase30_typical_multipath,30,2,2.725000,-1.362500,1.362500,22,1.000000,1.000000,1.000000,0.038677,-2.000000,-4.000000,0.011282,0.048226,2304.199405,0,2.000000
verify_coh_phase30_typical_multipath,30,2,2.725000,-1.362500,1.362500,24,1.000000,1.000000,1.000000,0.038757,-2.000000,-4.000000,0.011569,0.048527,3556.967571,0,2.000000
verify_coh_phase30_typical_multipath,30,2,2.725000,-1.362500,1.362500,26,1.000000,1.000000,1.000000,0.038667,-2.000000,-4.000000,0.011399,0.048326,5397.549235,0,2.000000
verify_coh_phase30_typical_multipath,30,2,2.725000,-1.362500,1.362500,28,1.000000,1.000000,1.000000,0.038677,-2.000000,-4.000000,0.011412,0.048357,8012.779302,0,2.000000
verify_coh_phase30_typical_multipath,30,2,2.725000,-1.362500,1.362500,30,1.000000,1.000000,1.000000,0.038681,-2.000000,-4.000000,0.011441,0.048385,11517.688450,0,2.000000
verify_coh_phase30_typical_multipath,30,3,1.816667,-0.908333,0.908333,-4,1.000000,0.665000,1.000000,0.074958,2.000000,-4.000000,0.003930,0.035961,3.392347,0,2.000000
verify_coh_phase30_typical_multipath,30,3,1.816667,-0.908333,0.908333,-2,1.000000,0.845000,1.000000,0.064175,2.000000,-4.000000,0.013327,0.042109,4.859961,0,2.000000
verify_coh_phase30_typical_multipath,30,3,1.816667,-0.908333,0.908333,0,1.000000,0.870000,1.000000,0.054593,2.000000,-4.000000,0.008295,0.035561,7.185564,0,2.000000
verify_coh_phase30_typical_multipath,30,3,1.816667,-0.908333,0.908333,2,1.000000,0.970000,1.000000,0.044234,2.000000,-4.000000,0.007996,0.034399,10.881263,0,2.000000
verify_coh_phase30_typical_multipath,30,3,1.816667,-0.908333,0.908333,4,1.000000,0.995000,1.000000,0.035471,2.000000,-4.000000,0.011535,0.036959,16.680185,0,2.000000
verify_coh_phase30_typical_multipath,30,3,1.816667,-0.908333,0.908333,6,1.000000,1.000000,1.000000,0.033388,2.000000,-4.000000,0.008331,0.033554,25.921557,0,2.000000
verify_coh_phase30_typical_multipath,30,3,1.816667,-0.908333,0.908333,8,1.000000,1.000000,1.000000,0.031150,2.000000,-4.000000,0.009997,0.035006,40.678259,0,2.000000
verify_coh_phase30_typical_multipath,30,3,1.816667,-0.908333,0.908333,10,1.000000,1.000000,1.000000,0.029676,2.000000,-4.000000,0.009555,0.034952,63.828328,0,2.000000
verify_coh_phase30_typical_multipath,30,3,1.816667,-0.908333,0.908333,12,1.000000,1.000000,1.000000,0.028629,2.000000,-4.000000,0.010063,0.035035,100.804879,0,2.000000
verify_coh_phase30_typical_multipath,30,3,1.816667,-0.908333,0.908333,14,1.000000,1.000000,1.000000,0.027647,2.000000,-4.000000,0.009110,0.034099,158.986304,0,2.000000
verify_coh_phase30_typical_multipath,30,3,1.816667,-0.908333,0.908333,16,1.000000,1.000000,1.000000,0.027392,2.000000,-4.000000,0.009320,0.034320,251.202297,0,2.000000
verify_coh_phase30_typical_multipath,30,3,1.816667,-0.908333,0.908333,18,1.000000,1.000000,1.000000,0.027278,2.000000,-4.000000,0.009976,0.034886,397.934474,0,2.000000
verify_coh_phase30_typical_multipath,30,3,1.816667,-0.908333,0.908333,20,1.000000,1.000000,1.000000,0.027127,2.000000,-4.000000,0.009913,0.034856,630.971951,0,2.000000
verify_coh_phase30_typical_multipath,30,3,1.816667,-0.908333,0.908333,22,1.000000,1.000000,1.000000,0.026714,2.000000,-4.000000,0.009299,0.034151,994.246231,0,2.000000
verify_coh_phase30_typical_multipath,30,3,1.816667,-0.908333,0.908333,24,1.000000,1.000000,1.000000,0.026849,2.000000,-4.000000,0.009477,0.034474,1571.752423,0,2.000000
verify_coh_phase30_typical_multipath,30,3,1.816667,-0.908333,0.908333,26,1.000000,1.000000,1.000000,0.026688,2.000000,-4.000000,0.009374,0.034273,2474.863259,0,2.000000
verify_coh_phase30_typical_multipath,30,3,1.816667,-0.908333,0.908333,28,1.000000,1.000000,1.000000,0.026720,2.000000,-4.000000,0.009337,0.034327,3882.589294,0,2.000000
verify_coh_phase30_typical_multipath,30,3,1.816667,-0.908333,0.908333,30,1.000000,1.000000,1.000000,0.026668,2.000000,-4.000000,0.009397,0.034327,6022.493804,0,2.000000
verify_coh_phase30_typical_multipath,30,5,1.090000,-0.545000,0.545000,-4,1.000000,0.065000,0.795000,0.182026,4.000000,-2.000000,0.003891,0.090109,1.775635,0,2.000000
verify_coh_phase30_typical_multipath,30,5,1.090000,-0.545000,0.545000,-2,1.000000,0.320000,0.965000,0.118998,4.000000,-2.000000,-0.001890,0.050670,2.285360,0,2.000000
verify_coh_phase30_typical_multipath,30,5,1.090000,-0.545000,0.545000,0,1.000000,0.590000,1.000000,0.085334,4.000000,-2.000000,0.012763,0.046212,3.129934,0,2.000000
verify_coh_phase30_typical_multipath,30,5,1.090000,-0.545000,0.545000,2,1.000000,0.790000,1.000000,0.065838,4.000000,-2.000000,0.003477,0.027909,4.465870,0,2.000000
verify_coh_phase30_typical_multipath,30,5,1.090000,-0.545000,0.545000,4,1.000000,0.925000,1.000000,0.051390,4.000000,-2.000000,0.009741,0.031475,6.529896,0,2.000000
verify_coh_phase30_typical_multipath,30,5,1.090000,-0.545000,0.545000,6,1.000000,0.980000,1.000000,0.041621,4.000000,-2.000000,0.005623,0.023944,9.821844,0,2.000000
verify_coh_phase30_typical_multipath,30,5,1.090000,-0.545000,0.545000,8,1.000000,1.000000,1.000000,0.031813,4.000000,-2.000000,0.006122,0.023084,15.067913,0,2.000000
verify_coh_phase30_typical_multipath,30,5,1.090000,-0.545000,0.545000,10,1.000000,1.000000,1.000000,0.029015,4.000000,-2.000000,0.007146,0.023420,23.365566,0,2.000000
verify_coh_phase30_typical_multipath,30,5,1.090000,-0.545000,0.545000,12,1.000000,1.000000,1.000000,0.025800,4.000000,-2.000000,0.006285,0.022089,36.473483,0,2.000000
verify_coh_phase30_typical_multipath,30,5,1.090000,-0.545000,0.545000,14,1.000000,1.000000,1.000000,0.021601,4.000000,-2.000000,0.006093,0.021526,57.315228,0,2.000000
verify_coh_phase30_typical_multipath,30,5,1.090000,-0.545000,0.545000,16,1.000000,1.000000,1.000000,0.020229,4.000000,-2.000000,0.006564,0.022062,90.393151,0,2.000000
verify_coh_phase30_typical_multipath,30,5,1.090000,-0.545000,0.545000,18,1.000000,1.000000,1.000000,0.019147,4.000000,-2.000000,0.008110,0.023214,142.751121,0,2.000000
verify_coh_phase30_typical_multipath,30,5,1.090000,-0.545000,0.545000,20,1.000000,1.000000,1.000000,0.017443,4.000000,-2.000000,0.006273,0.021238,225.735246,0,2.000000
verify_coh_phase30_typical_multipath,30,5,1.090000,-0.545000,0.545000,22,1.000000,1.000000,1.000000,0.017103,4.000000,-2.000000,0.006485,0.021354,356.838266,0,2.000000
verify_coh_phase30_typical_multipath,30,5,1.090000,-0.545000,0.545000,24,1.000000,1.000000,1.000000,0.016576,4.000000,-2.000000,0.005997,0.020825,566.443815,0,2.000000
verify_coh_phase30_typical_multipath,30,5,1.090000,-0.545000,0.545000,26,1.000000,1.000000,1.000000,0.016325,4.000000,-2.000000,0.006008,0.020849,893.971742,0,2.000000
verify_coh_phase30_typical_multipath,30,5,1.090000,-0.545000,0.545000,28,1.000000,1.000000,1.000000,0.016297,4.000000,-2.000000,0.006021,0.020910,1416.315371,0,2.000000
verify_coh_phase30_typical_multipath,30,5,1.090000,-0.545000,0.545000,30,1.000000,1.000000,1.000000,0.016189,4.000000,-2.000000,0.006034,0.020885,2236.998643,0,2.000000
verify_coh_phase30_typical_multipath,30,7,0.778571,-0.389286,0.389286,-4,1.000000,0.000000,0.010000,0.341659,8.000000,2.000000,0.012038,0.134503,1.358542,2,2.000000
verify_coh_phase30_typical_multipath,30,7,0.778571,-0.389286,0.389286,-2,1.000000,0.015000,0.160000,0.243645,8.000000,2.000000,-0.020305,0.139106,1.617120,0,2.000000
verify_coh_phase30_typical_multipath,30,7,0.778571,-0.389286,0.389286,0,1.000000,0.110000,0.570000,0.162618,8.000000,2.000000,0.007256,0.088136,2.036693,0,2.000000
verify_coh_phase30_typical_multipath,30,7,0.778571,-0.389286,0.389286,2,1.000000,0.375000,0.905000,0.107538,8.000000,2.000000,0.003604,0.053273,2.707312,0,2.000000
verify_coh_phase30_typical_multipath,30,7,0.778571,-0.389286,0.389286,4,1.000000,0.695000,0.995000,0.075124,8.000000,2.000000,0.004001,0.034739,3.783502,0,2.000000
verify_coh_phase30_typical_multipath,30,7,0.778571,-0.389286,0.389286,6,1.000000,0.870000,0.995000,0.059246,8.000000,2.000000,0.009317,0.030270,5.493797,0,2.000000
verify_coh_phase30_typical_multipath,30,7,0.778571,-0.389286,0.389286,8,1.000000,0.960000,1.000000,0.046775,8.000000,2.000000,0.003910,0.019892,8.174231,0,2.000000
verify_coh_phase30_typical_multipath,30,7,0.778571,-0.389286,0.389286,10,1.000000,0.995000,1.000000,0.035156,8.000000,2.000000,0.003208,0.017477,12.445387,0,2.000000
verify_coh_phase30_typical_multipath,30,7,0.778571,-0.389286,0.389286,12,1.000000,1.000000,1.000000,0.028145,8.000000,2.000000,0.003563,0.016434,19.221770,0,2.000000
verify_coh_phase30_typical_multipath,30,7,0.778571,-0.389286,0.389286,14,1.000000,1.000000,1.000000,0.022529,8.000000,2.000000,0.002400,0.014790,29.935344,0,2.000000
verify_coh_phase30_typical_multipath,30,7,0.778571,-0.389286,0.389286,16,1.000000,1.000000,1.000000,0.018258,8.000000,2.000000,0.004875,0.015918,46.981613,0,2.000000
verify_coh_phase30_typical_multipath,30,7,0.778571,-0.389286,0.389286,18,1.000000,1.000000,1.000000,0.017143,8.000000,2.000000,0.004189,0.015400,73.997643,0,2.000000
verify_coh_phase30_typical_multipath,30,7,0.778571,-0.389286,0.389286,20,1.000000,1.000000,1.000000,0.015770,8.000000,2.000000,0.003789,0.014978,116.138903,0,2.000000
verify_coh_phase30_typical_multipath,30,7,0.778571,-0.389286,0.389286,22,1.000000,1.000000,1.000000,0.013705,8.000000,2.000000,0.004154,0.015055,184.145914,0,2.000000
verify_coh_phase30_typical_multipath,30,7,0.778571,-0.389286,0.389286,24,1.000000,1.000000,1.000000,0.013193,8.000000,2.000000,0.004392,0.015155,290.938365,0,2.000000
verify_coh_phase30_typical_multipath,30,7,0.778571,-0.389286,0.389286,26,1.000000,1.000000,1.000000,0.012657,8.000000,2.000000,0.004976,0.015471,460.636327,0,2.000000
verify_coh_phase30_typical_multipath,30,7,0.778571,-0.389286,0.389286,28,1.000000,1.000000,1.000000,0.012135,8.000000,2.000000,0.004652,0.015271,730.424131,0,2.000000
verify_coh_phase30_typical_multipath,30,7,0.778571,-0.389286,0.389286,30,1.000000,1.000000,1.000000,0.011804,8.000000,2.000000,0.004601,0.015105,1153.784276,0,2.000000
verify_coh_phase30_typical_multipath,30,10,0.545000,-0.272500,0.272500,-4,0.985000,0.000000,0.000000,10.375652,10.000000,8.000000,0.470763,3.441168,1.137503,90,1.970000
verify_coh_phase30_typical_multipath,30,10,0.545000,-0.272500,0.272500,-2,1.000000,0.000000,0.000000,1.113440,10.000000,8.000000,0.029781,0.100684,1.244349,16,2.000000
verify_coh_phase30_typical_multipath,30,10,0.545000,-0.272500,0.272500,0,1.000000,0.000000,0.010000,0.269618,10.000000,8.000000,0.003440,0.066983,1.464753,0,2.000000
verify_coh_phase30_typical_multipath,30,10,0.545000,-0.272500,0.272500,2,1.000000,0.020000,0.065000,0.198150,10.000000,8.000000,-0.000780,0.092660,1.785659,0,2.000000
verify_coh_phase30_typical_multipath,30,10,0.545000,-0.272500,0.272500,4,1.000000,0.195000,0.365000,0.147416,10.000000,8.000000,-0.003391,0.071604,2.324082,0,2.000000
verify_coh_phase30_typical_multipath,30,10,0.545000,-0.272500,0.272500,6,1.000000,0.475000,0.785000,0.094549,10.000000,8.000000,0.006669,0.053706,3.167063,0,2.000000
verify_coh_phase30_typical_multipath,30,10,0.545000,-0.272500,0.272500,8,1.000000,0.715000,0.920000,0.072303,10.000000,8.000000,0.013618,0.043785,4.502601,0,2.000000
verify_coh_phase30_typical_multipath,30,10,0.545000,-0.272500,0.272500,10,1.000000,0.925000,0.995000,0.051356,10.000000,8.000000,-0.002971,0.024952,6.620186,0,2.000000
verify_coh_phase30_typical_multipath,30,10,0.545000,-0.272500,0.272500,12,1.000000,0.985000,1.000000,0.039243,10.000000,8.000000,0.002731,0.017800,9.935875,0,2.000000
verify_coh_phase30_typical_multipath,30,10,0.545000,-0.272500,0.272500,14,1.000000,1.000000,1.000000,0.031230,10.000000,8.000000,0.004325,0.015642,15.264884,0,2.000000
verify_coh_phase30_typical_multipath,30,10,0.545000,-0.272500,0.272500,16,1.000000,1.000000,1.000000,0.024181,10.000000,8.000000,0.000948,0.011645,23.689417,0,2.000000
verify_coh_phase30_typical_multipath,30,10,0.545000,-0.272500,0.272500,18,1.000000,1.000000,1.000000,0.021106,10.000000,8.000000,0.002802,0.012589,36.994552,0,2.000000
verify_coh_phase30_typical_multipath,30,10,0.545000,-0.272500,0.272500,20,1.000000,1.000000,1.000000,0.017443,10.000000,8.000000,0.004180,0.012621,58.150937,0,2.000000
verify_coh_phase30_typical_multipath,30,10,0.545000,-0.272500,0.272500,22,1.000000,1.000000,1.000000,0.014447,10.000000,8.000000,0.003661,0.012170,91.520405,0,2.000000
verify_coh_phase30_typical_multipath,30,10,0.545000,-0.272500,0.272500,24,1.000000,1.000000,1.000000,0.012618,10.000000,8.000000,0.003781,0.011725,144.638938,0,2.000000
verify_coh_phase30_typical_multipath,30,10,0.545000,-0.272500,0.272500,26,1.000000,1.000000,1.000000,0.010910,10.000000,8.000000,0.003128,0.010830,228.998164,0,2.000000
verify_coh_phase30_typical_multipath,30,10,0.545000,-0.272500,0.272500,28,1.000000,1.000000,1.000000,0.009970,10.000000,8.000000,0.003517,0.011218,361.983222,0,2.000000
verify_coh_phase30_typical_multipath,30,10,0.545000,-0.272500,0.272500,30,1.000000,1.000000,1.000000,0.009428,10.000000,8.000000,0.003286,0.011011,573.336893,0,2.000000
verify_coh_phase60_strong_multipath,60,1,5.450000,-2.725000,2.725000,-4,1.000000,1.000000,1.000000,0.066764,-4.000000,-4.000000,0.000327,0.066540,87.717343,0,2.000000
verify_coh_phase60_strong_multipath,60,1,5.450000,-2.725000,2.725000,-2,1.000000,1.000000,1.000000,0.066866,-4.000000,-4.000000,0.000054,0.066514,138.770885,0,2.000000
verify_coh_phase60_strong_multipath,60,1,5.450000,-2.725000,2.725000,0,1.000000,1.000000,1.000000,0.066863,-4.000000,-4.000000,0.000017,0.066661,218.512586,0,2.000000
verify_coh_phase60_strong_multipath,60,1,5.450000,-2.725000,2.725000,2,1.000000,1.000000,1.000000,0.066607,-4.000000,-4.000000,0.000099,0.066557,346.054581,0,2.000000
verify_coh_phase60_strong_multipath,60,1,5.450000,-2.725000,2.725000,4,1.000000,1.000000,1.000000,0.066416,-4.000000,-4.000000,0.000435,0.066750,546.667463,0,2.000000
verify_coh_phase60_strong_multipath,60,1,5.450000,-2.725000,2.725000,6,1.000000,1.000000,1.000000,0.066693,-4.000000,-4.000000,0.000237,0.066867,861.834803,0,2.000000
verify_coh_phase60_strong_multipath,60,1,5.450000,-2.725000,2.725000,8,1.000000,1.000000,1.000000,0.066677,-4.000000,-4.000000,0.000216,0.066853,1356.094174,0,2.000000
verify_coh_phase60_strong_multipath,60,1,5.450000,-2.725000,2.725000,10,1.000000,1.000000,1.000000,0.066427,-4.000000,-4.000000,0.000187,0.066591,2113.406428,0,2.000000
verify_coh_phase60_strong_multipath,60,1,5.450000,-2.725000,2.725000,12,1.000000,1.000000,1.000000,0.066494,-4.000000,-4.000000,0.000054,0.066533,3272.695195,0,2.000000
verify_coh_phase60_strong_multipath,60,1,5.450000,-2.725000,2.725000,14,1.000000,1.000000,1.000000,0.066479,-4.000000,-4.000000,0.000142,0.066611,4986.080514,0,2.000000
verify_coh_phase60_strong_multipath,60,1,5.450000,-2.725000,2.725000,16,1.000000,1.000000,1.000000,0.066510,-4.000000,-4.000000,0.000118,0.066623,7462.620853,0,2.000000
verify_coh_phase60_strong_multipath,60,1,5.450000,-2.725000,2.725000,18,1.000000,1.000000,1.000000,0.066502,-4.000000,-4.000000,0.000135,0.066632,10818.141880,0,2.000000
verify_coh_phase60_strong_multipath,60,1,5.450000,-2.725000,2.725000,20,1.000000,1.000000,1.000000,0.066507,-4.000000,-4.000000,0.000195,0.066699,15112.711042,0,2.000000
verify_coh_phase60_strong_multipath,60,1,5.450000,-2.725000,2.725000,22,1.000000,1.000000,1.000000,0.066500,-4.000000,-4.000000,0.000191,0.066689,20086.154824,0,2.000000
verify_coh_phase60_strong_multipath,60,1,5.450000,-2.725000,2.725000,24,1.000000,1.000000,1.000000,0.066478,-4.000000,-4.000000,0.000199,0.066676,25351.047160,0,2.000000
verify_coh_phase60_strong_multipath,60,1,5.450000,-2.725000,2.725000,26,1.000000,1.000000,1.000000,0.066493,-4.000000,-4.000000,0.000168,0.066660,30266.475647,0,2.000000
verify_coh_phase60_strong_multipath,60,1,5.450000,-2.725000,2.725000,28,1.000000,1.000000,1.000000,0.066483,-4.000000,-4.000000,0.000169,0.066651,34515.385786,0,2.000000
verify_coh_phase60_strong_multipath,60,1,5.450000,-2.725000,2.725000,30,1.000000,1.000000,1.000000,0.066482,-4.000000,-4.000000,0.000183,0.066665,37881.876420,0,2.000000
verify_coh_phase60_strong_multipath,60,2,2.725000,-1.362500,1.362500,-4,1.000000,0.995000,1.000000,0.041190,-4.000000,-4.000000,0.006953,0.042162,26.654307,0,2.000000
verify_coh_phase60_strong_multipath,60,2,2.725000,-1.362500,1.362500,-2,1.000000,1.000000,1.000000,0.039648,-4.000000,-4.000000,0.007784,0.043054,41.825057,0,2.000000
verify_coh_phase60_strong_multipath,60,2,2.725000,-1.362500,1.362500,0,1.000000,1.000000,1.000000,0.039017,-4.000000,-4.000000,0.005834,0.042019,65.792707,0,2.000000
verify_coh_phase60_strong_multipath,60,2,2.725000,-1.362500,1.362500,2,1.000000,1.000000,1.000000,0.037452,-4.000000,-4.000000,0.005275,0.041294,103.806412,0,2.000000
verify_coh_phase60_strong_multipath,60,2,2.725000,-1.362500,1.362500,4,1.000000,1.000000,1.000000,0.037345,-4.000000,-4.000000,0.005334,0.041491,163.749482,0,2.000000
verify_coh_phase60_strong_multipath,60,2,2.725000,-1.362500,1.362500,6,1.000000,1.000000,1.000000,0.036735,-4.000000,-4.000000,0.005703,0.041400,259.521119,0,2.000000
verify_coh_phase60_strong_multipath,60,2,2.725000,-1.362500,1.362500,8,1.000000,1.000000,1.000000,0.036502,-4.000000,-4.000000,0.005677,0.041381,409.932976,0,2.000000
verify_coh_phase60_strong_multipath,60,2,2.725000,-1.362500,1.362500,10,1.000000,1.000000,1.000000,0.036775,-4.000000,-4.000000,0.005730,0.041842,649.734160,0,2.000000
verify_coh_phase60_strong_multipath,60,2,2.725000,-1.362500,1.362500,12,1.000000,1.000000,1.000000,0.036224,-4.000000,-4.000000,0.005180,0.040886,1028.009512,0,2.000000
verify_coh_phase60_strong_multipath,60,2,2.725000,-1.362500,1.362500,14,1.000000,1.000000,1.000000,0.036341,-4.000000,-4.000000,0.005528,0.041364,1624.505363,0,2.000000
verify_coh_phase60_strong_multipath,60,2,2.725000,-1.362500,1.362500,16,1.000000,1.000000,1.000000,0.036256,-4.000000,-4.000000,0.005758,0.041497,2566.570071,0,2.000000
verify_coh_phase60_strong_multipath,60,2,2.725000,-1.362500,1.362500,18,1.000000,1.000000,1.000000,0.036369,-4.000000,-4.000000,0.005554,0.041460,4054.511000,0,2.000000
verify_coh_phase60_strong_multipath,60,2,2.725000,-1.362500,1.362500,20,1.000000,1.000000,1.000000,0.036252,-4.000000,-4.000000,0.005524,0.041328,6368.364713,0,2.000000
verify_coh_phase60_strong_multipath,60,2,2.725000,-1.362500,1.362500,22,1.000000,1.000000,1.000000,0.036281,-4.000000,-4.000000,0.005493,0.041340,9873.600707,0,2.000000
verify_coh_phase60_strong_multipath,60,2,2.725000,-1.362500,1.362500,24,1.000000,1.000000,1.000000,0.036281,-4.000000,-4.000000,0.005641,0.041470,15111.159823,0,2.000000
verify_coh_phase60_strong_multipath,60,2,2.725000,-1.362500,1.362500,26,1.000000,1.000000,1.000000,0.036260,-4.000000,-4.000000,0.005566,0.041390,22608.435782,0,2.000000
verify_coh_phase60_strong_multipath,60,2,2.725000,-1.362500,1.362500,28,1.000000,1.000000,1.000000,0.036260,-4.000000,-4.000000,0.005561,0.041390,32968.955069,0,2.000000
verify_coh_phase60_strong_multipath,60,2,2.725000,-1.362500,1.362500,30,1.000000,1.000000,1.000000,0.036262,-4.000000,-4.000000,0.005575,0.041403,46317.967522,0,2.000000
verify_coh_phase60_strong_multipath,60,3,1.816667,-0.908333,0.908333,-4,1.000000,0.990000,1.000000,0.039409,-4.000000,-4.000000,0.002279,0.024673,12.458778,0,2.000000
verify_coh_phase60_strong_multipath,60,3,1.816667,-0.908333,0.908333,-2,1.000000,0.995000,1.000000,0.035105,-4.000000,-4.000000,0.005927,0.028337,19.199110,0,2.000000
verify_coh_phase60_strong_multipath,60,3,1.816667,-0.908333,0.908333,0,1.000000,1.000000,1.000000,0.033001,-4.000000,-4.000000,0.004686,0.028116,29.898978,0,2.000000
verify_coh_phase60_strong_multipath,60,3,1.816667,-0.908333,0.908333,2,1.000000,1.000000,1.000000,0.029181,-4.000000,-4.000000,0.003591,0.026927,46.948720,0,2.000000
verify_coh_phase60_strong_multipath,60,3,1.816667,-0.908333,0.908333,4,1.000000,1.000000,1.000000,0.026030,-4.000000,-4.000000,0.005185,0.027969,73.740702,0,2.000000
verify_coh_phase60_strong_multipath,60,3,1.816667,-0.908333,0.908333,6,1.000000,1.000000,1.000000,0.025605,-4.000000,-4.000000,0.003724,0.026793,116.348717,0,2.000000
verify_coh_phase60_strong_multipath,60,3,1.816667,-0.908333,0.908333,8,1.000000,1.000000,1.000000,0.024741,-4.000000,-4.000000,0.004608,0.027590,184.196518,0,2.000000
verify_coh_phase60_strong_multipath,60,3,1.816667,-0.908333,0.908333,10,1.000000,1.000000,1.000000,0.024684,-4.000000,-4.000000,0.004566,0.028001,290.881421,0,2.000000
verify_coh_phase60_strong_multipath,60,3,1.816667,-0.908333,0.908333,12,1.000000,1.000000,1.000000,0.024114,-4.000000,-4.000000,0.004676,0.027768,461.451030,0,2.000000
verify_coh_phase60_strong_multipath,60,3,1.816667,-0.908333,0.908333,14,1.000000,1.000000,1.000000,0.023923,-4.000000,-4.000000,0.004266,0.027464,729.163833,0,2.000000
verify_coh_phase60_strong_multipath,60,3,1.816667,-0.908333,0.908333,16,1.000000,1.000000,1.000000,0.023885,-4.000000,-4.000000,0.004359,0.027609,1153.357383,0,2.000000
verify_coh_phase60_strong_multipath,60,3,1.816667,-0.908333,0.908333,18,1.000000,1.000000,1.000000,0.023755,-4.000000,-4.000000,0.004655,0.027815,1827.807592,0,2.000000
verify_coh_phase60_strong_multipath,60,3,1.816667,-0.908333,0.908333,20,1.000000,1.000000,1.000000,0.023746,-4.000000,-4.000000,0.004636,0.027834,2896.008817,0,2.000000
verify_coh_phase60_strong_multipath,60,3,1.816667,-0.908333,0.908333,22,1.000000,1.000000,1.000000,0.023634,-4.000000,-4.000000,0.004345,0.027517,4552.047833,0,2.000000
verify_coh_phase60_strong_multipath,60,3,1.816667,-0.908333,0.908333,24,1.000000,1.000000,1.000000,0.023752,-4.000000,-4.000000,0.004470,0.027761,7156.113128,0,2.000000
verify_coh_phase60_strong_multipath,60,3,1.816667,-0.908333,0.908333,26,1.000000,1.000000,1.000000,0.023644,-4.000000,-4.000000,0.004391,0.027598,11153.945458,0,2.000000
verify_coh_phase60_strong_multipath,60,3,1.816667,-0.908333,0.908333,28,1.000000,1.000000,1.000000,0.023728,-4.000000,-4.000000,0.004413,0.027714,17180.913162,0,2.000000
verify_coh_phase60_strong_multipath,60,3,1.816667,-0.908333,0.908333,30,1.000000,1.000000,1.000000,0.023661,-4.000000,-4.000000,0.004411,0.027648,25934.100415,0,2.000000
verify_coh_phase60_strong_multipath,60,5,1.090000,-0.545000,0.545000,-4,1.000000,0.845000,1.000000,0.063460,-2.000000,-4.000000,0.003762,0.021004,5.088104,0,2.000000
verify_coh_phase60_strong_multipath,60,5,1.090000,-0.545000,0.545000,-2,1.000000,0.935000,1.000000,0.048699,-2.000000,-4.000000,0.000239,0.015035,7.515805,0,2.000000
verify_coh_phase60_strong_multipath,60,5,1.090000,-0.545000,0.545000,0,1.000000,0.990000,1.000000,0.037719,-2.000000,-4.000000,0.005635,0.019136,11.463405,0,2.000000
verify_coh_phase60_strong_multipath,60,5,1.090000,-0.545000,0.545000,2,1.000000,1.000000,1.000000,0.032315,-2.000000,-4.000000,0.001534,0.015654,17.719161,0,2.000000
verify_coh_phase60_strong_multipath,60,5,1.090000,-0.545000,0.545000,4,1.000000,1.000000,1.000000,0.026524,-2.000000,-4.000000,0.004714,0.019287,27.485358,0,2.000000
verify_coh_phase60_strong_multipath,60,5,1.090000,-0.545000,0.545000,6,1.000000,1.000000,1.000000,0.022855,-2.000000,-4.000000,0.002636,0.016500,42.989499,0,2.000000
verify_coh_phase60_strong_multipath,60,5,1.090000,-0.545000,0.545000,8,1.000000,1.000000,1.000000,0.018718,-2.000000,-4.000000,0.002675,0.015917,67.709396,0,2.000000
verify_coh_phase60_strong_multipath,60,5,1.090000,-0.545000,0.545000,10,1.000000,1.000000,1.000000,0.017780,-2.000000,-4.000000,0.003302,0.016533,106.727743,0,2.000000
verify_coh_phase60_strong_multipath,60,5,1.090000,-0.545000,0.545000,12,1.000000,1.000000,1.000000,0.016827,-2.000000,-4.000000,0.003043,0.016419,168.471646,0,2.000000
verify_coh_phase60_strong_multipath,60,5,1.090000,-0.545000,0.545000,14,1.000000,1.000000,1.000000,0.015201,-2.000000,-4.000000,0.002889,0.016072,266.686145,0,2.000000
verify_coh_phase60_strong_multipath,60,5,1.090000,-0.545000,0.545000,16,1.000000,1.000000,1.000000,0.014957,-2.000000,-4.000000,0.003229,0.016669,422.423166,0,2.000000
verify_coh_phase60_strong_multipath,60,5,1.090000,-0.545000,0.545000,18,1.000000,1.000000,1.000000,0.014240,-2.000000,-4.000000,0.003776,0.016792,668.781058,0,2.000000
verify_coh_phase60_strong_multipath,60,5,1.090000,-0.545000,0.545000,20,1.000000,1.000000,1.000000,0.013774,-2.000000,-4.000000,0.002905,0.015942,1059.148411,0,2.000000
verify_coh_phase60_strong_multipath,60,5,1.090000,-0.545000,0.545000,22,1.000000,1.000000,1.000000,0.013624,-2.000000,-4.000000,0.002983,0.015983,1674.020641,0,2.000000
verify_coh_phase60_strong_multipath,60,5,1.090000,-0.545000,0.545000,24,1.000000,1.000000,1.000000,0.013472,-2.000000,-4.000000,0.002755,0.015760,2655.936747,0,2.000000
verify_coh_phase60_strong_multipath,60,5,1.090000,-0.545000,0.545000,26,1.000000,1.000000,1.000000,0.013427,-2.000000,-4.000000,0.002789,0.015819,4178.336518,0,2.000000
verify_coh_phase60_strong_multipath,60,5,1.090000,-0.545000,0.545000,28,1.000000,1.000000,1.000000,0.013458,-2.000000,-4.000000,0.002823,0.015906,6571.749182,0,2.000000
verify_coh_phase60_strong_multipath,60,5,1.090000,-0.545000,0.545000,30,1.000000,1.000000,1.000000,0.013405,-2.000000,-4.000000,0.002801,0.015858,10247.022863,0,2.000000
verify_coh_phase60_strong_multipath,60,7,0.778571,-0.389286,0.389286,-4,1.000000,0.475000,0.905000,0.101195,2.000000,-4.000000,0.008407,0.038366,3.058967,0,2.000000
verify_coh_phase60_strong_multipath,60,7,0.778571,-0.389286,0.389286,-2,1.000000,0.690000,0.995000,0.073346,2.000000,-4.000000,-0.004754,0.025898,4.319347,0,2.000000
verify_coh_phase60_strong_multipath,60,7,0.778571,-0.389286,0.389286,0,1.000000,0.885000,1.000000,0.055419,2.000000,-4.000000,0.004188,0.022423,6.333535,0,2.000000
verify_coh_phase60_strong_multipath,60,7,0.778571,-0.389286,0.389286,2,1.000000,0.970000,1.000000,0.042572,2.000000,-4.000000,0.001882,0.014834,9.516334,0,2.000000
verify_coh_phase60_strong_multipath,60,7,0.778571,-0.389286,0.389286,4,1.000000,0.995000,1.000000,0.033971,2.000000,-4.000000,0.001736,0.013209,14.581902,0,2.000000
verify_coh_phase60_strong_multipath,60,7,0.778571,-0.389286,0.389286,6,1.000000,1.000000,1.000000,0.028342,2.000000,-4.000000,0.004462,0.014344,22.601347,0,2.000000
verify_coh_phase60_strong_multipath,60,7,0.778571,-0.389286,0.389286,8,1.000000,1.000000,1.000000,0.022883,2.000000,-4.000000,0.002015,0.011353,35.307559,0,2.000000
verify_coh_phase60_strong_multipath,60,7,0.778571,-0.389286,0.389286,10,1.000000,1.000000,1.000000,0.018529,2.000000,-4.000000,0.001576,0.010722,55.405009,0,2.000000
verify_coh_phase60_strong_multipath,60,7,0.778571,-0.389286,0.389286,12,1.000000,1.000000,1.000000,0.015344,2.000000,-4.000000,0.001582,0.010544,87.349663,0,2.000000
verify_coh_phase60_strong_multipath,60,7,0.778571,-0.389286,0.389286,14,1.000000,1.000000,1.000000,0.013301,2.000000,-4.000000,0.001271,0.010623,137.907118,0,2.000000
verify_coh_phase60_strong_multipath,60,7,0.778571,-0.389286,0.389286,16,1.000000,1.000000,1.000000,0.011260,2.000000,-4.000000,0.001997,0.010462,218.282668,0,2.000000
verify_coh_phase60_strong_multipath,60,7,0.778571,-0.389286,0.389286,18,1.000000,1.000000,1.000000,0.011138,2.000000,-4.000000,0.001946,0.010929,345.614622,0,2.000000
verify_coh_phase60_strong_multipath,60,7,0.778571,-0.389286,0.389286,20,1.000000,1.000000,1.000000,0.010747,2.000000,-4.000000,0.001892,0.011049,544.535709,0,2.000000
verify_coh_phase60_strong_multipath,60,7,0.778571,-0.389286,0.389286,22,1.000000,1.000000,1.000000,0.009920,2.000000,-4.000000,0.001971,0.010917,864.277470,0,2.000000
verify_coh_phase60_strong_multipath,60,7,0.778571,-0.389286,0.389286,24,1.000000,1.000000,1.000000,0.009662,2.000000,-4.000000,0.002056,0.010930,1367.154009,0,2.000000
verify_coh_phase60_strong_multipath,60,7,0.778571,-0.389286,0.389286,26,1.000000,1.000000,1.000000,0.009278,2.000000,-4.000000,0.002226,0.010857,2163.715493,0,2.000000
verify_coh_phase60_strong_multipath,60,7,0.778571,-0.389286,0.389286,28,1.000000,1.000000,1.000000,0.009239,2.000000,-4.000000,0.002151,0.010940,3421.648166,0,2.000000
verify_coh_phase60_strong_multipath,60,7,0.778571,-0.389286,0.389286,30,1.000000,1.000000,1.000000,0.009069,2.000000,-4.000000,0.002089,0.010791,5378.632069,0,2.000000
verify_coh_phase60_strong_multipath,60,10,0.545000,-0.272500,0.272500,-4,1.000000,0.120000,0.250000,0.173642,4.000000,2.000000,-0.005865,0.074817,1.952383,0,2.000000
verify_coh_phase60_strong_multipath,60,10,0.545000,-0.272500,0.272500,-2,1.000000,0.335000,0.530000,0.123734,4.000000,2.000000,0.009750,0.058404,2.561056,0,2.000000
verify_coh_phase60_strong_multipath,60,10,0.545000,-0.272500,0.272500,0,1.000000,0.545000,0.745000,0.092317,4.000000,2.000000,0.002025,0.036188,3.580825,0,2.000000
verify_coh_phase60_strong_multipath,60,10,0.545000,-0.272500,0.272500,2,1.000000,0.780000,0.965000,0.064859,4.000000,2.000000,0.000241,0.018242,5.132609,0,2.000000
verify_coh_phase60_strong_multipath,60,10,0.545000,-0.272500,0.272500,4,1.000000,0.930000,0.985000,0.050004,4.000000,2.000000,-0.000144,0.010600,7.634323,0,2.000000
verify_coh_phase60_strong_multipath,60,10,0.545000,-0.272500,0.272500,6,1.000000,0.990000,1.000000,0.035860,4.000000,2.000000,0.002889,0.012047,11.618858,0,2.000000
verify_coh_phase60_strong_multipath,60,10,0.545000,-0.272500,0.272500,8,1.000000,0.995000,1.000000,0.031508,4.000000,2.000000,0.006503,0.015288,17.891940,0,2.000000
verify_coh_phase60_strong_multipath,60,10,0.545000,-0.272500,0.272500,10,1.000000,1.000000,1.000000,0.024635,4.000000,2.000000,-0.000817,0.009254,27.838187,0,2.000000
verify_coh_phase60_strong_multipath,60,10,0.545000,-0.272500,0.272500,12,1.000000,1.000000,1.000000,0.019445,4.000000,2.000000,0.001200,0.008188,43.533792,0,2.000000
verify_coh_phase60_strong_multipath,60,10,0.545000,-0.272500,0.272500,14,1.000000,1.000000,1.000000,0.015661,4.000000,2.000000,0.001803,0.007646,68.575970,0,2.000000
verify_coh_phase60_strong_multipath,60,10,0.545000,-0.272500,0.272500,16,1.000000,1.000000,1.000000,0.012876,4.000000,2.000000,0.000598,0.007323,108.214030,0,2.000000
verify_coh_phase60_strong_multipath,60,10,0.545000,-0.272500,0.272500,18,1.000000,1.000000,1.000000,0.011421,4.000000,2.000000,0.001537,0.008174,170.822165,0,2.000000
verify_coh_phase60_strong_multipath,60,10,0.545000,-0.272500,0.272500,20,1.000000,1.000000,1.000000,0.009589,4.000000,2.000000,0.001857,0.007614,270.359645,0,2.000000
verify_coh_phase60_strong_multipath,60,10,0.545000,-0.272500,0.272500,22,1.000000,1.000000,1.000000,0.008520,4.000000,2.000000,0.001798,0.007946,427.486666,0,2.000000
verify_coh_phase60_strong_multipath,60,10,0.545000,-0.272500,0.272500,24,1.000000,1.000000,1.000000,0.007582,4.000000,2.000000,0.001743,0.007577,677.354552,0,2.000000
verify_coh_phase60_strong_multipath,60,10,0.545000,-0.272500,0.272500,26,1.000000,1.000000,1.000000,0.006922,4.000000,2.000000,0.001389,0.007134,1073.638128,0,2.000000
verify_coh_phase60_strong_multipath,60,10,0.545000,-0.272500,0.272500,28,1.000000,1.000000,1.000000,0.006599,4.000000,2.000000,0.001603,0.007388,1697.315255,0,2.000000
verify_coh_phase60_strong_multipath,60,10,0.545000,-0.272500,0.272500,30,1.000000,1.000000,1.000000,0.006477,4.000000,2.000000,0.001548,0.007432,2684.896727,0,2.000000
verify_coh_phase90_quadrature,90,1,5.450000,-2.725000,2.725000,-4,1.000000,1.000000,1.000000,0.067006,-4.000000,-4.000000,-0.000400,0.066962,156.157775,0,2.000000
verify_coh_phase90_quadrature,90,1,5.450000,-2.725000,2.725000,-2,1.000000,1.000000,1.000000,0.067210,-4.000000,-4.000000,-0.000431,0.067309,247.713691,0,2.000000
verify_coh_phase90_quadrature,90,1,5.450000,-2.725000,2.725000,0,1.000000,1.000000,1.000000,0.067309,-4.000000,-4.000000,-0.000350,0.067482,390.736486,0,2.000000
verify_coh_phase90_quadrature,90,1,5.450000,-2.725000,2.725000,2,1.000000,1.000000,1.000000,0.067046,-4.000000,-4.000000,-0.000380,0.067301,619.547621,0,2.000000
verify_coh_phase90_quadrature,90,1,5.450000,-2.725000,2.725000,4,1.000000,1.000000,1.000000,0.066784,-4.000000,-4.000000,-0.000157,0.066861,979.921178,0,2.000000
verify_coh_phase90_quadrature,90,1,5.450000,-2.725000,2.725000,6,1.000000,1.000000,1.000000,0.067134,-4.000000,-4.000000,-0.000245,0.067327,1547.662931,0,2.000000
verify_coh_phase90_quadrature,90,1,5.450000,-2.725000,2.725000,8,1.000000,1.000000,1.000000,0.067140,-4.000000,-4.000000,-0.000249,0.067355,2444.499588,0,2.000000
verify_coh_phase90_quadrature,90,1,5.450000,-2.725000,2.725000,10,1.000000,1.000000,1.000000,0.066909,-4.000000,-4.000000,-0.000308,0.067199,3829.936247,0,2.000000
verify_coh_phase90_quadrature,90,1,5.450000,-2.725000,2.725000,12,1.000000,1.000000,1.000000,0.066985,-4.000000,-4.000000,-0.000392,0.067364,5975.362615,0,2.000000
verify_coh_phase90_quadrature,90,1,5.450000,-2.725000,2.725000,14,1.000000,1.000000,1.000000,0.066948,-4.000000,-4.000000,-0.000344,0.067284,9207.959940,0,2.000000
verify_coh_phase90_quadrature,90,1,5.450000,-2.725000,2.725000,16,1.000000,1.000000,1.000000,0.066995,-4.000000,-4.000000,-0.000330,0.067320,13995.181282,0,2.000000
verify_coh_phase90_quadrature,90,1,5.450000,-2.725000,2.725000,18,1.000000,1.000000,1.000000,0.066973,-4.000000,-4.000000,-0.000335,0.067303,20740.700643,0,2.000000
verify_coh_phase90_quadrature,90,1,5.450000,-2.725000,2.725000,20,1.000000,1.000000,1.000000,0.066973,-4.000000,-4.000000,-0.000288,0.067258,29826.205975,0,2.000000
verify_coh_phase90_quadrature,90,1,5.450000,-2.725000,2.725000,22,1.000000,1.000000,1.000000,0.066964,-4.000000,-4.000000,-0.000297,0.067260,41036.046267,0,2.000000
verify_coh_phase90_quadrature,90,1,5.450000,-2.725000,2.725000,24,1.000000,1.000000,1.000000,0.066942,-4.000000,-4.000000,-0.000290,0.067231,53696.970488,0,2.000000
verify_coh_phase90_quadrature,90,1,5.450000,-2.725000,2.725000,26,1.000000,1.000000,1.000000,0.066962,-4.000000,-4.000000,-0.000315,0.067276,66468.050053,0,2.000000
verify_coh_phase90_quadrature,90,1,5.450000,-2.725000,2.725000,28,1.000000,1.000000,1.000000,0.066955,-4.000000,-4.000000,-0.000311,0.067265,78273.634256,0,2.000000
verify_coh_phase90_quadrature,90,1,5.450000,-2.725000,2.725000,30,1.000000,1.000000,1.000000,0.066947,-4.000000,-4.000000,-0.000303,0.067249,88190.414546,0,2.000000
verify_coh_phase90_quadrature,90,2,2.725000,-1.362500,1.362500,-4,1.000000,0.995000,1.000000,0.036228,-4.000000,-4.000000,0.003836,0.036225,65.131049,0,2.000000
verify_coh_phase90_quadrature,90,2,2.725000,-1.362500,1.362500,-2,1.000000,1.000000,1.000000,0.034918,-4.000000,-4.000000,0.004223,0.036539,102.902942,0,2.000000
verify_coh_phase90_quadrature,90,2,2.725000,-1.362500,1.362500,0,1.000000,1.000000,1.000000,0.035448,-4.000000,-4.000000,0.003481,0.037223,162.579375,0,2.000000
verify_coh_phase90_quadrature,90,2,2.725000,-1.362500,1.362500,2,1.000000,1.000000,1.000000,0.034430,-4.000000,-4.000000,0.002981,0.036587,257.335645,0,2.000000
verify_coh_phase90_quadrature,90,2,2.725000,-1.362500,1.362500,4,1.000000,1.000000,1.000000,0.034503,-4.000000,-4.000000,0.003135,0.036968,406.518051,0,2.000000
verify_coh_phase90_quadrature,90,2,2.725000,-1.362500,1.362500,6,1.000000,1.000000,1.000000,0.033873,-4.000000,-4.000000,0.003294,0.036641,645.088074,0,2.000000
verify_coh_phase90_quadrature,90,2,2.725000,-1.362500,1.362500,8,1.000000,1.000000,1.000000,0.033716,-4.000000,-4.000000,0.003218,0.036560,1019.597639,0,2.000000
verify_coh_phase90_quadrature,90,2,2.725000,-1.362500,1.362500,10,1.000000,1.000000,1.000000,0.034057,-4.000000,-4.000000,0.003385,0.037134,1616.276473,0,2.000000
verify_coh_phase90_quadrature,90,2,2.725000,-1.362500,1.362500,12,1.000000,1.000000,1.000000,0.033662,-4.000000,-4.000000,0.002946,0.036386,2556.592083,0,2.000000
verify_coh_phase90_quadrature,90,2,2.725000,-1.362500,1.362500,14,1.000000,1.000000,1.000000,0.033722,-4.000000,-4.000000,0.003188,0.036706,4035.686994,0,2.000000
verify_coh_phase90_quadrature,90,2,2.725000,-1.362500,1.362500,16,1.000000,1.000000,1.000000,0.033569,-4.000000,-4.000000,0.003299,0.036670,6360.218445,0,2.000000
verify_coh_phase90_quadrature,90,2,2.725000,-1.362500,1.362500,18,1.000000,1.000000,1.000000,0.033730,-4.000000,-4.000000,0.003188,0.036744,9995.275792,0,2.000000
verify_coh_phase90_quadrature,90,2,2.725000,-1.362500,1.362500,20,1.000000,1.000000,1.000000,0.033623,-4.000000,-4.000000,0.003150,0.036609,15554.308299,0,2.000000
verify_coh_phase90_quadrature,90,2,2.725000,-1.362500,1.362500,22,1.000000,1.000000,1.000000,0.033675,-4.000000,-4.000000,0.003149,0.036667,23781.584749,0,2.000000
verify_coh_phase90_quadrature,90,2,2.725000,-1.362500,1.362500,24,1.000000,1.000000,1.000000,0.033633,-4.000000,-4.000000,0.003234,0.036705,35679.213936,0,2.000000
verify_coh_phase90_quadrature,90,2,2.725000,-1.362500,1.362500,26,1.000000,1.000000,1.000000,0.033637,-4.000000,-4.000000,0.003195,0.036676,51952.334509,0,2.000000
verify_coh_phase90_quadrature,90,2,2.725000,-1.362500,1.362500,28,1.000000,1.000000,1.000000,0.033633,-4.000000,-4.000000,0.003184,0.036664,73164.114362,0,2.000000
verify_coh_phase90_quadrature,90,2,2.725000,-1.362500,1.362500,30,1.000000,1.000000,1.000000,0.033634,-4.000000,-4.000000,0.003194,0.036674,98409.256436,0,2.000000
verify_coh_phase90_quadrature,90,3,1.816667,-0.908333,0.908333,-4,1.000000,1.000000,1.000000,0.030137,-4.000000,-4.000000,0.001073,0.019978,32.783701,0,2.000000
verify_coh_phase90_quadrature,90,3,1.816667,-0.908333,0.908333,-2,1.000000,1.000000,1.000000,0.026755,-4.000000,-4.000000,0.003135,0.022108,51.335272,0,2.000000
verify_coh_phase90_quadrature,90,3,1.816667,-0.908333,0.908333,0,1.000000,1.000000,1.000000,0.026082,-4.000000,-4.000000,0.002945,0.023403,80.784076,0,2.000000
verify_coh_phase90_quadrature,90,3,1.816667,-0.908333,0.908333,2,1.000000,1.000000,1.000000,0.023985,-4.000000,-4.000000,0.002017,0.022653,127.754422,0,2.000000
verify_coh_phase90_quadrature,90,3,1.816667,-0.908333,0.908333,4,1.000000,1.000000,1.000000,0.021896,-4.000000,-4.000000,0.002882,0.022858,201.632753,0,2.000000
verify_coh_phase90_quadrature,90,3,1.816667,-0.908333,0.908333,6,1.000000,1.000000,1.000000,0.021970,-4.000000,-4.000000,0.002059,0.022549,318.980288,0,2.000000
verify_coh_phase90_quadrature,90,3,1.816667,-0.908333,0.908333,8,1.000000,1.000000,1.000000,0.021263,-4.000000,-4.000000,0.002598,0.022906,505.687714,0,2.000000
verify_coh_phase90_quadrature,90,3,1.816667,-0.908333,0.908333,10,1.000000,1.000000,1.000000,0.021418,-4.000000,-4.000000,0.002676,0.023447,799.339490,0,2.000000
verify_coh_phase90_quadrature,90,3,1.816667,-0.908333,0.908333,12,1.000000,1.000000,1.000000,0.020931,-4.000000,-4.000000,0.002649,0.023071,1268.688387,0,2.000000
verify_coh_phase90_quadrature,90,3,1.816667,-0.908333,0.908333,14,1.000000,1.000000,1.000000,0.020951,-4.000000,-4.000000,0.002439,0.023034,2003.800015,0,2.000000
verify_coh_phase90_quadrature,90,3,1.816667,-0.908333,0.908333,16,1.000000,1.000000,1.000000,0.020941,-4.000000,-4.000000,0.002505,0.023154,3165.465105,0,2.000000
verify_coh_phase90_quadrature,90,3,1.816667,-0.908333,0.908333,18,1.000000,1.000000,1.000000,0.020782,-4.000000,-4.000000,0.002666,0.023194,5000.304462,0,2.000000
verify_coh_phase90_quadrature,90,3,1.816667,-0.908333,0.908333,20,1.000000,1.000000,1.000000,0.020793,-4.000000,-4.000000,0.002660,0.023227,7867.198261,0,2.000000
verify_coh_phase90_quadrature,90,3,1.816667,-0.908333,0.908333,22,1.000000,1.000000,1.000000,0.020779,-4.000000,-4.000000,0.002497,0.023089,12221.624660,0,2.000000
verify_coh_phase90_quadrature,90,3,1.816667,-0.908333,0.908333,24,1.000000,1.000000,1.000000,0.020870,-4.000000,-4.000000,0.002592,0.023278,18861.950750,0,2.000000
verify_coh_phase90_quadrature,90,3,1.816667,-0.908333,0.908333,26,1.000000,1.000000,1.000000,0.020784,-4.000000,-4.000000,0.002525,0.023141,28640.070078,0,2.000000
verify_coh_phase90_quadrature,90,3,1.816667,-0.908333,0.908333,28,1.000000,1.000000,1.000000,0.020873,-4.000000,-4.000000,0.002564,0.023271,42504.617428,0,2.000000
verify_coh_phase90_quadrature,90,3,1.816667,-0.908333,0.908333,30,1.000000,1.000000,1.000000,0.020804,-4.000000,-4.000000,0.002543,0.023187,60964.105544,0,2.000000
verify_coh_phase90_quadrature,90,5,1.090000,-0.545000,0.545000,-4,1.000000,0.965000,1.000000,0.041398,-4.000000,-4.000000,0.002019,0.010002,13.149309,0,2.000000
verify_coh_phase90_quadrature,90,5,1.090000,-0.545000,0.545000,-2,1.000000,1.000000,1.000000,0.033244,-4.000000,-4.000000,0.000035,0.008846,20.245538,0,2.000000
verify_coh_phase90_quadrature,90,5,1.090000,-0.545000,0.545000,0,1.000000,1.000000,1.000000,0.026356,-4.000000,-4.000000,0.002851,0.011123,31.699506,0,2.000000
verify_coh_phase90_quadrature,90,5,1.090000,-0.545000,0.545000,2,1.000000,1.000000,1.000000,0.022299,-4.000000,-4.000000,0.000861,0.011357,49.890690,0,2.000000
verify_coh_phase90_quadrature,90,5,1.090000,-0.545000,0.545000,4,1.000000,1.000000,1.000000,0.019268,-4.000000,-4.000000,0.002881,0.013793,78.383683,0,2.000000
verify_coh_phase90_quadrature,90,5,1.090000,-0.545000,0.545000,6,1.000000,1.000000,1.000000,0.016815,-4.000000,-4.000000,0.001598,0.012461,123.512269,0,2.000000
verify_coh_phase90_quadrature,90,5,1.090000,-0.545000,0.545000,8,1.000000,1.000000,1.000000,0.013987,-4.000000,-4.000000,0.001511,0.011880,195.560039,0,2.000000
verify_coh_phase90_quadrature,90,5,1.090000,-0.545000,0.545000,10,1.000000,1.000000,1.000000,0.013291,-4.000000,-4.000000,0.001901,0.012272,309.115323,0,2.000000
verify_coh_phase90_quadrature,90,5,1.090000,-0.545000,0.545000,12,1.000000,1.000000,1.000000,0.012710,-4.000000,-4.000000,0.001828,0.012477,488.869100,0,2.000000
verify_coh_phase90_quadrature,90,5,1.090000,-0.545000,0.545000,14,1.000000,1.000000,1.000000,0.011727,-4.000000,-4.000000,0.001701,0.012208,774.845685,0,2.000000
verify_coh_phase90_quadrature,90,5,1.090000,-0.545000,0.545000,16,1.000000,1.000000,1.000000,0.011635,-4.000000,-4.000000,0.001970,0.012714,1227.598018,0,2.000000
verify_coh_phase90_quadrature,90,5,1.090000,-0.545000,0.545000,18,1.000000,1.000000,1.000000,0.010934,-4.000000,-4.000000,0.002162,0.012417,1942.680435,0,2.000000
verify_coh_phase90_quadrature,90,5,1.090000,-0.545000,0.545000,20,1.000000,1.000000,1.000000,0.010816,-4.000000,-4.000000,0.001667,0.012074,3071.469125,0,2.000000
verify_coh_phase90_quadrature,90,5,1.090000,-0.545000,0.545000,22,1.000000,1.000000,1.000000,0.010697,-4.000000,-4.000000,0.001714,0.012094,4833.395802,0,2.000000
verify_coh_phase90_quadrature,90,5,1.090000,-0.545000,0.545000,24,1.000000,1.000000,1.000000,0.010651,-4.000000,-4.000000,0.001583,0.012000,7607.897399,0,2.000000
verify_coh_phase90_quadrature,90,5,1.090000,-0.545000,0.545000,26,1.000000,1.000000,1.000000,0.010628,-4.000000,-4.000000,0.001616,0.012054,11802.374747,0,2.000000
verify_coh_phase90_quadrature,90,5,1.090000,-0.545000,0.545000,28,1.000000,1.000000,1.000000,0.010660,-4.000000,-4.000000,0.001649,0.012135,18170.804940,0,2.000000
verify_coh_phase90_quadrature,90,5,1.090000,-0.545000,0.545000,30,1.000000,1.000000,1.000000,0.010625,-4.000000,-4.000000,0.001627,0.012095,27503.576071,0,2.000000
verify_coh_phase90_quadrature,90,7,0.778571,-0.389286,0.389286,-4,1.000000,0.810000,1.000000,0.059596,-2.000000,-4.000000,0.005347,0.010653,7.311797,0,2.000000
verify_coh_phase90_quadrature,90,7,0.778571,-0.389286,0.389286,-2,1.000000,0.940000,1.000000,0.046093,-2.000000,-4.000000,-0.001914,0.008847,11.057318,0,2.000000
verify_coh_phase90_quadrature,90,7,0.778571,-0.389286,0.389286,0,1.000000,0.995000,1.000000,0.035316,-2.000000,-4.000000,0.002975,0.011720,17.028803,0,2.000000
verify_coh_phase90_quadrature,90,7,0.778571,-0.389286,0.389286,2,1.000000,1.000000,1.000000,0.028650,-2.000000,-4.000000,0.001131,0.007356,26.457706,0,2.000000
verify_coh_phase90_quadrature,90,7,0.778571,-0.389286,0.389286,4,1.000000,1.000000,1.000000,0.023423,-2.000000,-4.000000,0.001057,0.007657,41.430305,0,2.000000
verify_coh_phase90_quadrature,90,7,0.778571,-0.389286,0.389286,6,1.000000,1.000000,1.000000,0.018871,-2.000000,-4.000000,0.002554,0.008245,65.106339,0,2.000000
verify_coh_phase90_quadrature,90,7,0.778571,-0.389286,0.389286,8,1.000000,1.000000,1.000000,0.015494,-2.000000,-4.000000,0.001200,0.007258,102.756454,0,2.000000
verify_coh_phase90_quadrature,90,7,0.778571,-0.389286,0.389286,10,1.000000,1.000000,1.000000,0.012662,-2.000000,-4.000000,0.000918,0.007025,162.167847,0,2.000000
verify_coh_phase90_quadrature,90,7,0.778571,-0.389286,0.389286,12,1.000000,1.000000,1.000000,0.010548,-2.000000,-4.000000,0.000882,0.007007,256.645491,0,2.000000
verify_coh_phase90_quadrature,90,7,0.778571,-0.389286,0.389286,14,1.000000,1.000000,1.000000,0.009376,-2.000000,-4.000000,0.000843,0.007509,406.173267,0,2.000000
verify_coh_phase90_quadrature,90,7,0.778571,-0.389286,0.389286,16,1.000000,1.000000,1.000000,0.007830,-2.000000,-4.000000,0.001023,0.006827,643.762872,0,2.000000
verify_coh_phase90_quadrature,90,7,0.778571,-0.389286,0.389286,18,1.000000,1.000000,1.000000,0.007845,-2.000000,-4.000000,0.001146,0.007513,1019.958235,0,2.000000
verify_coh_phase90_quadrature,90,7,0.778571,-0.389286,0.389286,20,1.000000,1.000000,1.000000,0.007667,-2.000000,-4.000000,0.001181,0.007756,1606.966574,0,2.000000
verify_coh_phase90_quadrature,90,7,0.778571,-0.389286,0.389286,22,1.000000,1.000000,1.000000,0.007042,-2.000000,-4.000000,0.001174,0.007546,2545.505369,0,2.000000
verify_coh_phase90_quadrature,90,7,0.778571,-0.389286,0.389286,24,1.000000,1.000000,1.000000,0.006816,-2.000000,-4.000000,0.001205,0.007511,4017.468615,0,2.000000
verify_coh_phase90_quadrature,90,7,0.778571,-0.389286,0.389286,26,1.000000,1.000000,1.000000,0.006437,-2.000000,-4.000000,0.001241,0.007294,6313.893369,0,2.000000
verify_coh_phase90_quadrature,90,7,0.778571,-0.389286,0.389286,28,1.000000,1.000000,1.000000,0.006486,-2.000000,-4.000000,0.001241,0.007459,9858.703082,0,2.000000
verify_coh_phase90_quadrature,90,7,0.778571,-0.389286,0.389286,30,1.000000,1.000000,1.000000,0.006353,-2.000000,-4.000000,0.001184,0.007334,15217.216537,0,2.000000
verify_coh_phase90_quadrature,90,10,0.545000,-0.272500,0.272500,-4,1.000000,0.635000,0.820000,0.082296,0.000000,-2.000000,-0.004365,0.014593,4.077421,0,2.000000
verify_coh_phase90_quadrature,90,10,0.545000,-0.272500,0.272500,-2,1.000000,0.785000,0.900000,0.067656,0.000000,-2.000000,0.004873,0.009525,5.923562,0,2.000000
verify_coh_phase90_quadrature,90,10,0.545000,-0.272500,0.272500,0,1.000000,0.910000,0.980000,0.050235,0.000000,-2.000000,0.001831,0.009091,8.923941,0,2.000000
verify_coh_phase90_quadrature,90,10,0.545000,-0.272500,0.272500,2,1.000000,0.980000,0.995000,0.040282,0.000000,-2.000000,0.000064,0.003284,13.584743,0,2.000000
verify_coh_phase90_quadrature,90,10,0.545000,-0.272500,0.272500,4,1.000000,0.995000,1.000000,0.031863,0.000000,-2.000000,-0.000128,0.001565,21.006572,0,2.000000
verify_coh_phase90_quadrature,90,10,0.545000,-0.272500,0.272500,6,1.000000,1.000000,1.000000,0.023830,0.000000,-2.000000,0.001351,0.003230,32.883063,0,2.000000
verify_coh_phase90_quadrature,90,10,0.545000,-0.272500,0.272500,8,1.000000,1.000000,1.000000,0.020573,0.000000,-2.000000,0.003759,0.006712,51.579705,0,2.000000
verify_coh_phase90_quadrature,90,10,0.545000,-0.272500,0.272500,10,1.000000,1.000000,1.000000,0.017074,0.000000,-2.000000,-0.000197,0.004478,81.210495,0,2.000000
verify_coh_phase90_quadrature,90,10,0.545000,-0.272500,0.272500,12,1.000000,1.000000,1.000000,0.013351,0.000000,-2.000000,0.000699,0.004200,128.117257,0,2.000000
verify_coh_phase90_quadrature,90,10,0.545000,-0.272500,0.272500,14,1.000000,1.000000,1.000000,0.010361,0.000000,-2.000000,0.000896,0.003585,202.723823,0,2.000000
verify_coh_phase90_quadrature,90,10,0.545000,-0.272500,0.272500,16,1.000000,1.000000,1.000000,0.008753,0.000000,-2.000000,0.000490,0.004425,320.894279,0,2.000000
verify_coh_phase90_quadrature,90,10,0.545000,-0.272500,0.272500,18,1.000000,1.000000,1.000000,0.007397,0.000000,-2.000000,0.001037,0.004896,507.481444,0,2.000000
verify_coh_phase90_quadrature,90,10,0.545000,-0.272500,0.272500,20,1.000000,1.000000,1.000000,0.006237,0.000000,-2.000000,0.001013,0.004070,803.985744,0,2.000000
verify_coh_phase90_quadrature,90,10,0.545000,-0.272500,0.272500,22,1.000000,1.000000,1.000000,0.005366,0.000000,-2.000000,0.001092,0.004580,1271.631899,0,2.000000
verify_coh_phase90_quadrature,90,10,0.545000,-0.272500,0.272500,24,1.000000,1.000000,1.000000,0.004620,0.000000,-2.000000,0.000994,0.004233,2013.975893,0,2.000000
verify_coh_phase90_quadrature,90,10,0.545000,-0.272500,0.272500,26,1.000000,1.000000,1.000000,0.004165,0.000000,-2.000000,0.000775,0.003998,3184.984727,0,2.000000
verify_coh_phase90_quadrature,90,10,0.545000,-0.272500,0.272500,28,1.000000,1.000000,1.000000,0.003879,0.000000,-2.000000,0.000911,0.004153,5009.369216,0,2.000000
verify_coh_phase90_quadrature,90,10,0.545000,-0.272500,0.272500,30,1.000000,1.000000,1.000000,0.003823,0.000000,-2.000000,0.000909,0.004266,7846.457695,0,2.000000
verify_coh_phase180_antiphase,180,1,5.450000,-2.725000,2.725000,-4,1.000000,0.980000,1.000000,0.061334,-4.000000,-4.000000,-0.002033,0.061036,9.047693,0,2.000000
verify_coh_phase180_antiphase,180,1,5.450000,-2.725000,2.725000,-2,1.000000,1.000000,1.000000,0.060291,-4.000000,-4.000000,-0.001569,0.060444,13.857981,0,2.000000
verify_coh_phase180_antiphase,180,1,5.450000,-2.725000,2.725000,0,1.000000,1.000000,1.000000,0.059479,-4.000000,-4.000000,-0.001394,0.060107,21.381901,0,2.000000
verify_coh_phase180_antiphase,180,1,5.450000,-2.725000,2.725000,2,1.000000,1.000000,1.000000,0.059648,-4.000000,-4.000000,-0.001809,0.060941,33.459784,0,2.000000
verify_coh_phase180_antiphase,180,1,5.450000,-2.725000,2.725000,4,1.000000,1.000000,1.000000,0.059307,-4.000000,-4.000000,-0.001493,0.060454,52.471285,0,2.000000
verify_coh_phase180_antiphase,180,1,5.450000,-2.725000,2.725000,6,1.000000,1.000000,1.000000,0.059811,-4.000000,-4.000000,-0.001416,0.061002,82.515540,0,2.000000
verify_coh_phase180_antiphase,180,1,5.450000,-2.725000,2.725000,8,1.000000,1.000000,1.000000,0.059766,-4.000000,-4.000000,-0.001397,0.061033,130.327567,0,2.000000
verify_coh_phase180_antiphase,180,1,5.450000,-2.725000,2.725000,10,1.000000,1.000000,1.000000,0.059854,-4.000000,-4.000000,-0.001515,0.061284,205.307636,0,2.000000
verify_coh_phase180_antiphase,180,1,5.450000,-2.725000,2.725000,12,1.000000,1.000000,1.000000,0.059689,-4.000000,-4.000000,-0.001544,0.061170,324.427117,0,2.000000
verify_coh_phase180_antiphase,180,1,5.450000,-2.725000,2.725000,14,1.000000,1.000000,1.000000,0.059672,-4.000000,-4.000000,-0.001558,0.061179,510.019688,0,2.000000
verify_coh_phase180_antiphase,180,1,5.450000,-2.725000,2.725000,16,1.000000,1.000000,1.000000,0.059613,-4.000000,-4.000000,-0.001422,0.060998,798.666939,0,2.000000
verify_coh_phase180_antiphase,180,1,5.450000,-2.725000,2.725000,18,1.000000,1.000000,1.000000,0.059594,-4.000000,-4.000000,-0.001472,0.061037,1235.884267,0,2.000000
verify_coh_phase180_antiphase,180,1,5.450000,-2.725000,2.725000,20,1.000000,1.000000,1.000000,0.059608,-4.000000,-4.000000,-0.001458,0.061041,1891.879135,0,2.000000
verify_coh_phase180_antiphase,180,1,5.450000,-2.725000,2.725000,22,1.000000,1.000000,1.000000,0.059617,-4.000000,-4.000000,-0.001499,0.061091,2828.842588,0,2.000000
verify_coh_phase180_antiphase,180,1,5.450000,-2.725000,2.725000,24,1.000000,1.000000,1.000000,0.059584,-4.000000,-4.000000,-0.001468,0.061030,4110.761703,0,2.000000
verify_coh_phase180_antiphase,180,1,5.450000,-2.725000,2.725000,26,1.000000,1.000000,1.000000,0.059644,-4.000000,-4.000000,-0.001480,0.061105,5729.803266,0,2.000000
verify_coh_phase180_antiphase,180,1,5.450000,-2.725000,2.725000,28,1.000000,1.000000,1.000000,0.059624,-4.000000,-4.000000,-0.001483,0.061088,7674.098184,0,2.000000
verify_coh_phase180_antiphase,180,1,5.450000,-2.725000,2.725000,30,1.000000,1.000000,1.000000,0.059579,-4.000000,-4.000000,-0.001482,0.061042,9732.926746,0,2.000000
verify_coh_phase180_antiphase,180,2,2.725000,-1.362500,1.362500,-4,1.000000,0.410000,1.000000,0.105802,10.000000,-4.000000,-0.000765,0.100102,8.576366,0,2.000000
verify_coh_phase180_antiphase,180,2,2.725000,-1.362500,1.362500,-2,1.000000,0.485000,1.000000,0.101983,10.000000,-4.000000,-0.000650,0.098457,13.077048,0,2.000000
verify_coh_phase180_antiphase,180,2,2.725000,-1.362500,1.362500,0,1.000000,0.515000,1.000000,0.096028,10.000000,-4.000000,-0.000438,0.093925,20.238908,0,2.000000
verify_coh_phase180_antiphase,180,2,2.725000,-1.362500,1.362500,2,1.000000,0.650000,1.000000,0.092416,10.000000,-4.000000,-0.000453,0.091308,31.569170,0,2.000000
verify_coh_phase180_antiphase,180,2,2.725000,-1.362500,1.362500,4,1.000000,0.675000,1.000000,0.090917,10.000000,-4.000000,-0.000200,0.090268,49.427257,0,2.000000
verify_coh_phase180_antiphase,180,2,2.725000,-1.362500,1.362500,6,1.000000,0.700000,1.000000,0.092055,10.000000,-4.000000,-0.000431,0.091813,77.988848,0,2.000000
verify_coh_phase180_antiphase,180,2,2.725000,-1.362500,1.362500,8,1.000000,0.830000,1.000000,0.090464,10.000000,-4.000000,-0.000513,0.090516,122.866053,0,2.000000
verify_coh_phase180_antiphase,180,2,2.725000,-1.362500,1.362500,10,1.000000,0.905000,1.000000,0.090478,10.000000,-4.000000,-0.000185,0.090414,194.487963,0,2.000000
verify_coh_phase180_antiphase,180,2,2.725000,-1.362500,1.362500,12,1.000000,0.945000,1.000000,0.089998,10.000000,-4.000000,-0.000581,0.090429,307.430479,0,2.000000
verify_coh_phase180_antiphase,180,2,2.725000,-1.362500,1.362500,14,1.000000,0.990000,1.000000,0.089765,10.000000,-4.000000,-0.000453,0.090135,486.240904,0,2.000000
verify_coh_phase180_antiphase,180,2,2.725000,-1.362500,1.362500,16,1.000000,0.995000,1.000000,0.090383,10.000000,-4.000000,-0.000424,0.090755,769.566224,0,2.000000
verify_coh_phase180_antiphase,180,2,2.725000,-1.362500,1.362500,18,1.000000,1.000000,1.000000,0.089695,10.000000,-4.000000,-0.000455,0.090111,1221.419051,0,2.000000
verify_coh_phase180_antiphase,180,2,2.725000,-1.362500,1.362500,20,1.000000,1.000000,1.000000,0.089918,10.000000,-4.000000,-0.000521,0.090414,1937.769350,0,2.000000
verify_coh_phase180_antiphase,180,2,2.725000,-1.362500,1.362500,22,1.000000,1.000000,1.000000,0.089691,10.000000,-4.000000,-0.000457,0.090132,3059.362042,0,2.000000
verify_coh_phase180_antiphase,180,2,2.725000,-1.362500,1.362500,24,1.000000,1.000000,1.000000,0.089955,10.000000,-4.000000,-0.000428,0.090372,4834.800880,0,2.000000
verify_coh_phase180_antiphase,180,2,2.725000,-1.362500,1.362500,26,1.000000,1.000000,1.000000,0.090000,10.000000,-4.000000,-0.000432,0.090424,7611.089508,0,2.000000
verify_coh_phase180_antiphase,180,2,2.725000,-1.362500,1.362500,28,1.000000,1.000000,1.000000,0.089950,10.000000,-4.000000,-0.000470,0.090414,11949.995262,0,2.000000
verify_coh_phase180_antiphase,180,2,2.725000,-1.362500,1.362500,30,1.000000,1.000000,1.000000,0.089900,10.000000,-4.000000,-0.000453,0.090350,18563.590219,0,2.000000
verify_coh_phase180_antiphase,180,3,1.816667,-0.908333,0.908333,-4,1.000000,0.010000,1.000000,0.217464,NaN,-4.000000,-0.001541,0.212986,8.772361,0,2.000000
verify_coh_phase180_antiphase,180,3,1.816667,-0.908333,0.908333,-2,1.000000,0.000000,1.000000,0.204621,NaN,-4.000000,-0.001174,0.202251,13.374392,0,2.000000
verify_coh_phase180_antiphase,180,3,1.816667,-0.908333,0.908333,0,1.000000,0.000000,1.000000,0.200588,NaN,-4.000000,0.000129,0.198697,20.632421,0,2.000000
verify_coh_phase180_antiphase,180,3,1.816667,-0.908333,0.908333,2,1.000000,0.000000,1.000000,0.190807,NaN,-4.000000,-0.000444,0.189982,32.264857,0,2.000000
verify_coh_phase180_antiphase,180,3,1.816667,-0.908333,0.908333,4,1.000000,0.000000,1.000000,0.191067,NaN,-4.000000,-0.000232,0.190519,50.586743,0,2.000000
verify_coh_phase180_antiphase,180,3,1.816667,-0.908333,0.908333,6,1.000000,0.000000,1.000000,0.186992,NaN,-4.000000,-0.000631,0.187075,79.595685,0,2.000000
verify_coh_phase180_antiphase,180,3,1.816667,-0.908333,0.908333,8,1.000000,0.000000,1.000000,0.188768,NaN,-4.000000,-0.000271,0.188626,125.815525,0,2.000000
verify_coh_phase180_antiphase,180,3,1.816667,-0.908333,0.908333,10,1.000000,0.000000,1.000000,0.186202,NaN,-4.000000,-0.000125,0.186112,198.510333,0,2.000000
verify_coh_phase180_antiphase,180,3,1.816667,-0.908333,0.908333,12,1.000000,0.000000,1.000000,0.187013,NaN,-4.000000,-0.000335,0.187195,315.063233,0,2.000000
verify_coh_phase180_antiphase,180,3,1.816667,-0.908333,0.908333,14,1.000000,0.000000,1.000000,0.185856,NaN,-4.000000,-0.000306,0.186084,497.670677,0,2.000000
verify_coh_phase180_antiphase,180,3,1.816667,-0.908333,0.908333,16,1.000000,0.000000,1.000000,0.185368,NaN,-4.000000,-0.000264,0.185576,787.392197,0,2.000000
verify_coh_phase180_antiphase,180,3,1.816667,-0.908333,0.908333,18,1.000000,0.000000,1.000000,0.185496,NaN,-4.000000,-0.000235,0.185694,1248.959747,0,2.000000
verify_coh_phase180_antiphase,180,3,1.816667,-0.908333,0.908333,20,1.000000,0.000000,1.000000,0.185321,NaN,-4.000000,-0.000208,0.185511,1982.797405,0,2.000000
verify_coh_phase180_antiphase,180,3,1.816667,-0.908333,0.908333,22,1.000000,0.000000,1.000000,0.185381,NaN,-4.000000,-0.000227,0.185594,3129.700421,0,2.000000
verify_coh_phase180_antiphase,180,3,1.816667,-0.908333,0.908333,24,1.000000,0.000000,1.000000,0.185221,NaN,-4.000000,-0.000181,0.185393,4962.453271,0,2.000000
verify_coh_phase180_antiphase,180,3,1.816667,-0.908333,0.908333,26,1.000000,0.000000,1.000000,0.185380,NaN,-4.000000,-0.000237,0.185611,7859.402647,0,2.000000
verify_coh_phase180_antiphase,180,3,1.816667,-0.908333,0.908333,28,1.000000,0.000000,1.000000,0.185227,NaN,-4.000000,-0.000194,0.185418,12456.578851,0,2.000000
verify_coh_phase180_antiphase,180,3,1.816667,-0.908333,0.908333,30,1.000000,0.000000,1.000000,0.185262,NaN,-4.000000,-0.000229,0.185489,19697.785492,0,2.000000
verify_coh_phase180_antiphase,180,5,1.090000,-0.545000,0.545000,-4,1.000000,0.000000,0.060000,0.365554,NaN,NaN,0.000279,0.361228,8.861137,0,2.000000
verify_coh_phase180_antiphase,180,5,1.090000,-0.545000,0.545000,-2,1.000000,0.000000,0.050000,0.341374,NaN,NaN,-0.000348,0.338775,13.503595,0,2.000000
verify_coh_phase180_antiphase,180,5,1.090000,-0.545000,0.545000,0,1.000000,0.000000,0.035000,0.335033,NaN,NaN,-0.000534,0.333579,20.902541,0,2.000000
verify_coh_phase180_antiphase,180,5,1.090000,-0.545000,0.545000,2,1.000000,0.000000,0.045000,0.324014,NaN,NaN,-0.000435,0.323149,32.729239,0,2.000000
verify_coh_phase180_antiphase,180,5,1.090000,-0.545000,0.545000,4,1.000000,0.000000,0.035000,0.316226,NaN,NaN,0.000511,0.315872,51.283654,0,2.000000
verify_coh_phase180_antiphase,180,5,1.090000,-0.545000,0.545000,6,1.000000,0.000000,0.000000,0.314686,NaN,NaN,-0.000038,0.314197,80.585863,0,2.000000
verify_coh_phase180_antiphase,180,5,1.090000,-0.545000,0.545000,8,1.000000,0.000000,0.005000,0.311771,NaN,NaN,0.000078,0.311467,127.507063,0,2.000000
verify_coh_phase180_antiphase,180,5,1.090000,-0.545000,0.545000,10,1.000000,0.000000,0.000000,0.310373,NaN,NaN,0.000031,0.310176,201.351675,0,2.000000
verify_coh_phase180_antiphase,180,5,1.090000,-0.545000,0.545000,12,1.000000,0.000000,0.000000,0.310000,NaN,NaN,-0.000072,0.309917,318.304148,0,2.000000
verify_coh_phase180_antiphase,180,5,1.090000,-0.545000,0.545000,14,1.000000,0.000000,0.000000,0.309278,NaN,NaN,-0.000045,0.309224,504.729287,0,2.000000
verify_coh_phase180_antiphase,180,5,1.090000,-0.545000,0.545000,16,1.000000,0.000000,0.000000,0.309868,NaN,NaN,0.000089,0.309897,799.856232,0,2.000000
verify_coh_phase180_antiphase,180,5,1.090000,-0.545000,0.545000,18,1.000000,0.000000,0.000000,0.310543,NaN,NaN,-0.000018,0.310524,1267.069870,0,2.000000
verify_coh_phase180_antiphase,180,5,1.090000,-0.545000,0.545000,20,1.000000,0.000000,0.000000,0.309678,NaN,NaN,-0.000132,0.309785,2008.646673,0,2.000000
verify_coh_phase180_antiphase,180,5,1.090000,-0.545000,0.545000,22,1.000000,0.000000,0.000000,0.309226,NaN,NaN,-0.000070,0.309281,3177.599638,0,2.000000
verify_coh_phase180_antiphase,180,5,1.090000,-0.545000,0.545000,24,1.000000,0.000000,0.000000,0.309098,NaN,NaN,-0.000119,0.309208,5051.593692,0,2.000000
verify_coh_phase180_antiphase,180,5,1.090000,-0.545000,0.545000,26,1.000000,0.000000,0.000000,0.309338,NaN,NaN,-0.000086,0.309420,7980.815054,0,2.000000
verify_coh_phase180_antiphase,180,5,1.090000,-0.545000,0.545000,28,1.000000,0.000000,0.000000,0.309390,NaN,NaN,-0.000050,0.309437,12658.677744,0,2.000000
verify_coh_phase180_antiphase,180,5,1.090000,-0.545000,0.545000,30,1.000000,0.000000,0.000000,0.309024,NaN,NaN,-0.000082,0.309104,20035.102859,0,2.000000
verify_coh_phase180_antiphase,180,7,0.778571,-0.389286,0.389286,-4,1.000000,0.000000,0.000000,0.450356,NaN,NaN,0.000783,0.445866,8.903139,0,2.000000
verify_coh_phase180_antiphase,180,7,0.778571,-0.389286,0.389286,-2,1.000000,0.000000,0.000000,0.421661,NaN,NaN,-0.000366,0.418189,13.603529,0,2.000000
verify_coh_phase180_antiphase,180,7,0.778571,-0.389286,0.389286,0,1.000000,0.000000,0.000000,0.414816,NaN,NaN,0.000876,0.413759,21.042370,0,2.000000
verify_coh_phase180_antiphase,180,7,0.778571,-0.389286,0.389286,2,1.000000,0.000000,0.000000,0.401930,NaN,NaN,-0.000385,0.400966,32.813678,0,2.000000
verify_coh_phase180_antiphase,180,7,0.778571,-0.389286,0.389286,4,1.000000,0.000000,0.000000,0.395461,NaN,NaN,-0.000211,0.395005,51.511589,0,2.000000
verify_coh_phase180_antiphase,180,7,0.778571,-0.389286,0.389286,6,1.000000,0.000000,0.000000,0.394327,NaN,NaN,0.000153,0.393932,80.994379,0,2.000000
verify_coh_phase180_antiphase,180,7,0.778571,-0.389286,0.389286,8,1.000000,0.000000,0.000000,0.390499,NaN,NaN,-0.000081,0.390208,128.135680,0,2.000000
verify_coh_phase180_antiphase,180,7,0.778571,-0.389286,0.389286,10,1.000000,0.000000,0.000000,0.389231,NaN,NaN,0.000010,0.388998,202.278216,0,2.000000
verify_coh_phase180_antiphase,180,7,0.778571,-0.389286,0.389286,12,1.000000,0.000000,0.000000,0.386914,NaN,NaN,-0.000174,0.386956,320.235738,0,2.000000
verify_coh_phase180_antiphase,180,7,0.778571,-0.389286,0.389286,14,1.000000,0.000000,0.000000,0.386508,NaN,NaN,-0.000056,0.386478,507.095796,0,2.000000
verify_coh_phase180_antiphase,180,7,0.778571,-0.389286,0.389286,16,1.000000,0.000000,0.000000,0.387195,NaN,NaN,-0.000169,0.387320,804.100586,0,2.000000
verify_coh_phase180_antiphase,180,7,0.778571,-0.389286,0.389286,18,1.000000,0.000000,0.000000,0.386594,NaN,NaN,-0.000043,0.386602,1274.608794,0,2.000000
verify_coh_phase180_antiphase,180,7,0.778571,-0.389286,0.389286,20,1.000000,0.000000,0.000000,0.385974,NaN,NaN,-0.000001,0.385950,2011.007553,0,2.000000
verify_coh_phase180_antiphase,180,7,0.778571,-0.389286,0.389286,22,1.000000,0.000000,0.000000,0.386469,NaN,NaN,-0.000013,0.386468,3193.624766,0,2.000000
verify_coh_phase180_antiphase,180,7,0.778571,-0.389286,0.389286,24,1.000000,0.000000,0.000000,0.386091,NaN,NaN,-0.000012,0.386094,5055.965890,0,2.000000
verify_coh_phase180_antiphase,180,7,0.778571,-0.389286,0.389286,26,1.000000,0.000000,0.000000,0.386369,NaN,NaN,-0.000067,0.386430,8016.069265,0,2.000000
verify_coh_phase180_antiphase,180,7,0.778571,-0.389286,0.389286,28,1.000000,0.000000,0.000000,0.386324,NaN,NaN,-0.000037,0.386358,12722.188761,0,2.000000
verify_coh_phase180_antiphase,180,7,0.778571,-0.389286,0.389286,30,1.000000,0.000000,0.000000,0.386235,NaN,NaN,-0.000061,0.386294,20124.878048,0,2.000000
verify_coh_phase180_antiphase,180,10,0.545000,-0.272500,0.272500,-4,1.000000,0.000000,0.000000,0.521533,NaN,NaN,-0.000907,0.518099,8.917116,0,2.000000
verify_coh_phase180_antiphase,180,10,0.545000,-0.272500,0.272500,-2,1.000000,0.000000,0.000000,0.504785,NaN,NaN,0.000189,0.501876,13.628052,0,2.000000
verify_coh_phase180_antiphase,180,10,0.545000,-0.272500,0.272500,0,1.000000,0.000000,0.000000,0.485186,NaN,NaN,0.000509,0.483833,21.065606,0,2.000000
verify_coh_phase180_antiphase,180,10,0.545000,-0.272500,0.272500,2,1.000000,0.000000,0.000000,0.476029,NaN,NaN,0.000055,0.474859,32.872703,0,2.000000
verify_coh_phase180_antiphase,180,10,0.545000,-0.272500,0.272500,4,1.000000,0.000000,0.000000,0.469820,NaN,NaN,-0.000357,0.469338,51.461014,0,2.000000
verify_coh_phase180_antiphase,180,10,0.545000,-0.272500,0.272500,6,1.000000,0.000000,0.000000,0.465997,NaN,NaN,-0.000249,0.465722,81.197749,0,2.000000
verify_coh_phase180_antiphase,180,10,0.545000,-0.272500,0.272500,8,1.000000,0.000000,0.000000,0.462903,NaN,NaN,0.000423,0.463042,128.199724,0,2.000000
verify_coh_phase180_antiphase,180,10,0.545000,-0.272500,0.272500,10,1.000000,0.000000,0.000000,0.461123,NaN,NaN,0.000019,0.460915,202.400305,0,2.000000
verify_coh_phase180_antiphase,180,10,0.545000,-0.272500,0.272500,12,1.000000,0.000000,0.000000,0.459067,NaN,NaN,-0.000115,0.459043,320.599540,0,2.000000
verify_coh_phase180_antiphase,180,10,0.545000,-0.272500,0.272500,14,1.000000,0.000000,0.000000,0.459568,NaN,NaN,-0.000029,0.459504,507.693779,0,2.000000
verify_coh_phase180_antiphase,180,10,0.545000,-0.272500,0.272500,16,1.000000,0.000000,0.000000,0.458231,NaN,NaN,0.000017,0.458196,804.908636,0,2.000000
verify_coh_phase180_antiphase,180,10,0.545000,-0.272500,0.272500,18,1.000000,0.000000,0.000000,0.457988,NaN,NaN,0.000092,0.458053,1273.804008,0,2.000000
verify_coh_phase180_antiphase,180,10,0.545000,-0.272500,0.272500,20,1.000000,0.000000,0.000000,0.457627,NaN,NaN,-0.000029,0.457634,2020.266922,0,2.000000
verify_coh_phase180_antiphase,180,10,0.545000,-0.272500,0.272500,22,1.000000,0.000000,0.000000,0.458014,NaN,NaN,0.000026,0.458025,3198.727548,0,2.000000
verify_coh_phase180_antiphase,180,10,0.545000,-0.272500,0.272500,24,1.000000,0.000000,0.000000,0.457981,NaN,NaN,-0.000008,0.457981,5072.190484,0,2.000000
verify_coh_phase180_antiphase,180,10,0.545000,-0.272500,0.272500,26,1.000000,0.000000,0.000000,0.457808,NaN,NaN,-0.000047,0.457849,8048.221587,0,2.000000
verify_coh_phase180_antiphase,180,10,0.545000,-0.272500,0.272500,28,1.000000,0.000000,0.000000,0.457841,NaN,NaN,-0.000016,0.457854,12740.412711,0,2.000000
verify_coh_phase180_antiphase,180,10,0.545000,-0.272500,0.272500,30,1.000000,0.000000,0.000000,0.457798,NaN,NaN,-0.000016,0.457813,20208.447519,0,2.000000
