group,case_name,SNR,mc,full_route,lazy_route,full_success,lazy_success,route_agreement_full_vs_lazy,lazy_false_high_confidence,lazy_false_medium_high_confidence,lazy_boundary_missed,lazy_low_confidence,lazy_boundary_unreliable,full_runtime_sec,lazy_runtime_sec,runtime_speedup,runtime_reduction,full_t_level2_music,full_t_level2_rank1,full_t_refocus,full_t_2dmusic,full_t_pair_local,full_t_dispatch,lazy_t_level2_music,lazy_t_refocus,lazy_t_level2_rank1,lazy_t_2dmusic,lazy_t_pair_local,executed_level2_music,executed_refocus,executed_level2_rank1,executed_2dmusic,executed_pair_local,executed_stage_count,early_stop_stage,early_stop_flag,confidence_flag,failure_reason
rho_scan,rho_1,0,1,common_el_refocus_power_rank1,level2_rank1_fallback,1,1,0,0,0,0,0,0,0.713746,0.1239392,5.75883981823346,0.826353913016675,0.0096725,0.0122581,0.1247383,0.5638605,0,0.0027376,0.0099739,0.1072954,0.0041435,0,0,1,1,1,0,0,3,3,1,medium,music_single_rank1_fallback
rho_scan,rho_1,0,2,common_el_refocus_power_rank1,level2_rank1_fallback,1,1,0,0,0,0,0,0,0.6799202,0.136646,4.9757782884241,0.79902641515872,0.0150449,0.0048734,0.1108038,0.5445428,0,0.0035978,0.0081762,0.1192244,0.0049517,0,0,1,1,1,0,0,3,3,1,medium,music_single_rank1_fallback
rho_scan,rho_1,0,3,common_el_refocus_power_rank1,level2_rank1_fallback,1,1,0,0,0,0,0,0,0.6878514,0.1172596,5.86605616938826,0.829527714852365,0.0078816,0.0044981,0.1078967,0.566534,0,0.0007455,0.0068216,0.1047376,0.0044236,0,0,1,1,1,0,0,3,3,1,medium,music_single_rank1_fallback
rho_scan,rho_1,0,4,common_el_refocus_power_rank1,level2_rank1_fallback,1,1,0,0,0,0,0,0,0.6733469,0.119708,5.62491145119791,0.822219423598742,0.0083348,0.0048735,0.0988695,0.5552893,0,0.0047326,0.0078315,0.1015798,0.0047072,0,0,1,1,1,0,0,3,3,1,medium,music_single_rank1_fallback
rho_scan,rho_1,0,5,common_el_refocus_power_rank1,level2_rank1_fallback,1,1,0,0,0,0,0,0,0.656306,0.1112316,5.90035565432845,0.830518690976465,0.0074613,0.0047485,0.0968387,0.5465211,0,0.0005793,0.0071011,0.0987555,0.0046549,0,0,1,1,1,0,0,3,3,1,medium,music_single_rank1_fallback
rho_scan,rho_1,0,6,common_el_refocus_power_rank1,level2_rank1_fallback,1,1,0,0,0,0,0,0,0.641442,0.1158575,5.53647368534622,0.819379616551458,0.0071519,0.003827,0.0966932,0.5333644,0,0.0002756,0.0072741,0.1043939,0.0038291,0,0,1,1,1,0,0,3,3,1,medium,music_single_rank1_fallback
rho_scan,rho_1,0,7,common_el_refocus_power_rank1,level2_rank1_fallback,1,1,0,0,0,0,0,0,0.6650253,0.092532,7.18697639735443,0.860859428957064,0.0076841,0.005219,0.1035662,0.5481873,0,0.0002336,0.006482,0.082395,0.0033642,0,0,1,1,1,0,0,3,3,1,medium,music_single_rank1_fallback
rho_scan,rho_1,0,8,common_el_refocus_power_rank1,level2_rank1_fallback,1,1,0,0,0,0,0,0,0.6119572,0.0921129,6.64355589716533,0.849478198802138,0.006455,0.0037366,0.0829902,0.5184863,0,0.0001889,0.0064346,0.0818539,0.0035742,0,0,1,1,1,0,0,3,3,1,medium,music_single_rank1_fallback
rho_scan,rho_1,0,9,common_el_refocus_power_rank1,level2_rank1_fallback,1,1,0,0,0,0,0,0,0.6052126,0.0926698,6.53085039570604,0.846880583781633,0.0067784,0.0039071,0.0797383,0.5142114,0,0.000401,0.0074043,0.0818765,0.0031256,0,0,1,1,1,0,0,3,3,1,medium,music_single_rank1_fallback
rho_scan,rho_1,0,10,common_el_refocus_power_rank1,level2_rank1_fallback,1,1,0,0,0,0,0,0,0.6055572,0.0887568,6.82265696825483,0.853429535640894,0.0065634,0.0037268,0.0826566,0.5123384,0,0.0001776,0.0066343,0.0782305,0.0036586,0,0,1,1,1,0,0,3,3,1,medium,music_single_rank1_fallback
rho_scan,rho_1,0,11,common_el_refocus_power_rank1,level2_rank1_fallback,1,1,0,0,0,0,0,0,0.5996953,0.0907014,6.61175351207368,0.848754192337342,0.0064495,0.0031581,0.0816444,0.5080108,0,0.0002595,0.0063592,0.080722,0.0033293,0,0,1,1,1,0,0,3,3,1,medium,music_single_rank1_fallback
rho_scan,rho_1,0,12,common_el_refocus_power_rank1,level2_rank1_fallback,1,1,0,0,0,0,0,0,0.6075859,0.0913341,6.65234452411531,0.849677058009411,0.0065486,0.0038537,0.0789833,0.5177538,0,0.00029,0.0061769,0.081259,0.0036093,0,0,1,1,1,0,0,3,3,1,medium,music_single_rank1_fallback
rho_scan,rho_1,0,13,common_el_refocus_power_rank1,level2_rank1_fallback,1,1,0,0,0,0,0,0,0.6134037,0.0921555,6.65618112863584,0.849763703740294,0.0065654,0.003308,0.0796833,0.5235537,0,0.0001961,0.0063121,0.0817821,0.0038023,0,0,1,1,1,0,0,3,3,1,medium,music_single_rank1_fallback
rho_scan,rho_1,0,14,common_el_refocus_power_rank1,level2_rank1_fallback,1,1,0,0,0,0,0,0,0.6179787,0.0938214,6.58675632638183,0.848180204269176,0.006738,0.0039762,0.0828236,0.5241056,0,0.000219,0.0065675,0.0833488,0.0036433,0,0,1,1,1,0,0,3,3,1,medium,music_single_rank1_fallback
rho_scan,rho_1,0,15,common_el_refocus_power_rank1,level2_rank1_fallback,1,1,0,0,0,0,0,0,0.6132367,0.1031773,5.94352343005681,0.831749632727461,0.0065939,0.0037891,0.0828027,0.5195824,0,0.0003184,0.0069367,0.0916736,0.0042703,0,0,1,1,1,0,0,3,3,1,medium,music_single_rank1_fallback
rho_scan,rho_1,0,16,common_el_refocus_power_rank1,level2_rank1_fallback,1,1,0,0,0,0,0,0,0.628711,0.0964924,6.51565304625027,0.846523442408356,0.0071741,0.003895,0.0941906,0.5228979,0,0.0004616,0.0067555,0.0856905,0.0037916,0,0,1,1,1,0,0,3,3,1,medium,music_single_rank1_fallback
rho_scan,rho_1,0,17,common_el_refocus_power_rank1,level2_rank1_fallback,1,1,0,0,0,0,0,0,0.6242509,0.1059537,5.89173289842639,0.830270649189292,0.0065438,0.0040591,0.0898836,0.523453,0,0.0001955,0.0078905,0.0936009,0.0041727,0,0,1,1,1,0,0,3,3,1,medium,music_single_rank1_fallback
rho_scan,rho_1,0,18,common_el_refocus_power_rank1,level2_rank1_fallback,1,1,0,0,0,0,0,0,0.6275115,0.0948803,6.61371749456947,0.84879910567376,0.0068922,0.004022,0.0907526,0.5255414,0,0.0001857,0.0073365,0.0834787,0.0038133,0,0,1,1,1,0,0,3,3,1,medium,music_single_rank1_fallback
rho_scan,rho_1,0,19,common_el_refocus_power_rank1,level2_rank1_fallback,1,1,0,0,0,0,0,0,0.6278173,0.0910823,6.89285733891217,0.854922283919223,0.0062908,0.0033355,0.0830637,0.5348459,0,0.0001838,0.0068372,0.0807105,0.0032516,0,0,1,1,1,0,0,3,3,1,medium,music_single_rank1_fallback
rho_scan,rho_1,0,20,common_el_refocus_power_rank1,level2_rank1_fallback,1,1,0,0,0,0,0,0,0.6100948,0.0910124,6.70342502779841,0.850822527908777,0.0066139,0.0037206,0.0825297,0.5169444,0,0.0001846,0.0065324,0.0805272,0.003709,0,0,1,1,1,0,0,3,3,1,medium,music_single_rank1_fallback
rho_scan,rho_1,0,21,common_el_refocus_power_rank1,level2_rank1_fallback,1,1,0,0,0,0,0,0,0.6141704,0.0918639,6.68565562750983,0.850426038115806,0.006543,0.0033862,0.08288,0.5210923,0,0.0001762,0.0067324,0.0814156,0.0034713,0,0,1,1,1,0,0,3,3,1,medium,music_single_rank1_fallback
rho_scan,rho_1,0,22,common_el_refocus_power_rank1,level2_rank1_fallback,1,1,0,0,0,0,0,0,0.6093925,0.0900191,6.76959112010673,0.852280590916363,0.0067393,0.0040582,0.0818753,0.5163164,0,0.0002685,0.0058975,0.0804084,0.0034595,0,0,1,1,1,0,0,3,3,1,medium,music_single_rank1_fallback
rho_scan,rho_1,0,23,common_el_refocus_power_rank1,level2_rank1_fallback,1,1,0,0,0,0,0,0,0.6175842,0.0969776,6.36831804457937,0.842972666723015,0.0069613,0.0035219,0.0798031,0.5270171,0,0.0001825,0.0065557,0.0867463,0.0034316,0,0,1,1,1,0,0,3,3,1,medium,music_single_rank1_fallback
rho_scan,rho_1,0,24,common_el_refocus_power_rank1,level2_rank1_fallback,1,1,0,0,0,0,0,0,0.5993217,0.0935728,6.40487085990801,0.843868827042305,0.0065548,0.0037282,0.080228,0.5085101,0,0.0002041,0.0064084,0.0837028,0.0031247,0,0,1,1,1,0,0,3,3,1,medium,music_single_rank1_fallback
rho_scan,rho_1,0,25,common_el_refocus_power_rank1,level2_rank1_fallback,1,1,0,0,0,0,0,0,0.615515,0.0904772,6.80298461932951,0.853005694418495,0.0068594,0.0036891,0.0796194,0.5250184,0,0.0002284,0.0062596,0.0802677,0.00373,0,0,1,1,1,0,0,3,3,1,medium,music_single_rank1_fallback
rho_scan,rho_1,0,26,common_el_refocus_power_rank1,level2_rank1_fallback,1,1,0,0,0,0,0,0,0.6424592,0.0950202,6.76129075712322,0.852099246146681,0.0068861,0.0034785,0.0849613,0.5466883,0,0.0002774,0.0067259,0.0847281,0.0032563,0,0,1,1,1,0,0,3,3,1,medium,music_single_rank1_fallback
rho_scan,rho_1,0,27,common_el_refocus_power_rank1,level2_rank1_fallback,1,1,0,0,0,0,0,0,0.6254341,0.089499,6.98816858288919,0.856900990847797,0.0064166,0.003802,0.0865169,0.5283923,0,0.0002065,0.0078958,0.0777033,0.0036239,0,0,1,1,1,0,0,3,3,1,medium,music_single_rank1_fallback
rho_scan,rho_1,0,28,common_el_refocus_power_rank1,level2_rank1_fallback,1,1,0,0,0,0,0,0,0.6232521,0.0996957,6.25154444976062,0.840039528145994,0.0061356,0.0035099,0.0904916,0.5226671,0,0.0002752,0.0074392,0.088289,0.0036673,0,0,1,1,1,0,0,3,3,1,medium,music_single_rank1_fallback
rho_scan,rho_1,0,29,common_el_refocus_power_rank1,level2_rank1_fallback,1,1,0,0,0,0,0,0,0.6185405,0.0959723,6.44498985644816,0.844840717786467,0.007269,0.0035949,0.0857457,0.5215566,0,0.0002767,0.0064071,0.0857858,0.0034561,0,0,1,1,1,0,0,3,3,1,medium,music_single_rank1_fallback
rho_scan,rho_1,0,30,common_el_refocus_power_rank1,level2_rank1_fallback,1,1,0,0,0,0,0,0,0.6048462,0.0879421,6.87777753772084,0.854604195248313,0.0060235,0.0038587,0.0840193,0.5106653,0,0.0001832,0.0065287,0.0779118,0.0032447,0,0,1,1,1,0,0,3,3,1,medium,music_single_rank1_fallback
rho_scan,rho_1,8,1,common_el_refocus_power_rank1,level2_rank1_fallback,1,1,0,0,0,0,0,0,0.6408547,0.091721,6.98700079589189,0.856877073695488,0.0108844,0.007211,0.0973106,0.5251412,0,0.0002043,0.0063774,0.0810121,0.0040539,0,0,1,1,1,0,0,3,3,1,medium,music_single_rank1_fallback
rho_scan,rho_1,8,2,common_el_refocus_power_rank1,level2_rank1_fallback,1,1,0,0,0,0,0,0,0.6190556,0.0885428,6.99159728402535,0.856971167048646,0.0066363,0.0041047,0.09228,0.5157464,0,0.0001912,0.0062642,0.0786891,0.0033327,0,0,1,1,1,0,0,3,3,1,medium,music_single_rank1_fallback
rho_scan,rho_1,8,3,common_el_refocus_power_rank1,level2_rank1_fallback,1,1,0,0,0,0,0,0,0.6095295,0.0884072,6.89456854192871,0.854958291600324,0.0062415,0.0033152,0.0802809,0.5194137,0,0.0001804,0.0063945,0.078397,0.0033679,0,0,1,1,1,0,0,3,3,1,medium,music_single_rank1_fallback
rho_scan,rho_1,8,4,common_el_refocus_power_rank1,level2_rank1_fallback,1,1,0,0,0,0,0,0,0.6034036,0.0970384,6.21819403452654,0.83918160249624,0.0067574,0.0037973,0.0814688,0.5110858,0,0.0001818,0.0062356,0.0867358,0.0038062,0,0,1,1,1,0,0,3,3,1,medium,music_single_rank1_fallback
rho_scan,rho_1,8,5,low_confidence,low_confidence,0,0,1,0,0,0,1,0,0.6057588,0.6083223,0.995785950967111,-0.00423188239279382,0.0067207,0.0042183,0.0800779,0.5136511,0,0.0009861,0.0064156,0.084973,0.0039135,0.5115611,0,1,1,1,1,0,4,6,0,low,no_reliable_observable_route
rho_scan,rho_1,8,6,low_confidence,low_confidence,0,0,1,0,0,0,1,0,0.6035838,0.6012709,1.00384668541252,0.00383194512510099,0.0066737,0.0035013,0.0832621,0.5095744,0,0.0004739,0.0064294,0.0813313,0.0035064,0.5092461,0,1,1,1,1,0,4,6,0,low,no_reliable_observable_route
rho_scan,rho_1,8,7,common_el_refocus_power_rank1,level2_rank1_fallback,1,1,0,0,0,0,0,0,0.6042624,0.0892961,6.76695174817265,0.85222297465472,0.0064857,0.0042775,0.0796579,0.5135061,0,0.0001987,0.0064653,0.079003,0.0035576,0,0,1,1,1,0,0,3,3,1,medium,music_single_rank1_fallback
rho_scan,rho_1,8,8,common_el_refocus_power_rank1,level2_rank1_fallback,1,1,0,0,0,0,0,0,0.5992579,0.0895655,6.6907224321865,0.850539308701646,0.0063971,0.0034113,0.0816604,0.5072467,0,0.0003265,0.0066105,0.079375,0.0032845,0,0,1,1,1,0,0,3,3,1,medium,music_single_rank1_fallback
rho_scan,rho_1,8,9,common_el_refocus_power_rank1,level2_rank1_fallback,1,1,0,0,0,0,0,0,0.6029045,0.0909169,6.63137986446964,0.849201822179135,0.006217,0.0036537,0.0849733,0.5076248,0,0.0002746,0.0063843,0.0809354,0.0033101,0,0,1,1,1,0,0,3,3,1,medium,music_single_rank1_fallback
rho_scan,rho_1,8,10,low_confidence,low_confidence,0,0,1,0,0,0,1,0,0.6033927,0.6227338,0.968941624816254,-0.0320539177885315,0.0067171,0.0036804,0.0840989,0.507052,0,0.0017114,0.0065192,0.0830243,0.0033955,0.5290406,0,1,1,1,1,0,4,6,0,low,no_reliable_observable_route
rho_scan,rho_1,8,11,common_el_refocus_power_rank1,level2_rank1_fallback,1,1,0,0,0,0,0,0,0.6002451,0.0915673,6.55523423754987,0.84745014994708,0.006483,0.00349,0.0828029,0.5071847,0,0.0001844,0.0062265,0.0812852,0.0038261,0,0,1,1,1,0,0,3,3,1,medium,music_single_rank1_fallback
rho_scan,rho_1,8,12,common_el_refocus_power_rank1,level2_rank1_fallback,1,1,0,0,0,0,0,0,0.5970823,0.0909779,6.56293781236982,0.847629212924248,0.0061953,0.0034023,0.0805445,0.50665,0,0.0001923,0.0068352,0.0806565,0.0032629,0,0,1,1,1,0,0,3,3,1,medium,music_single_rank1_fallback
rho_scan,rho_1,8,13,common_el_refocus_power_rank1,level2_rank1_fallback,1,1,0,0,0,0,0,0,0.5966411,0.0928184,6.42804767158236,0.84443176978589,0.0062162,0.0037573,0.0805324,0.5058025,0,0.0002128,0.0058201,0.0824628,0.0042975,0,0,1,1,1,0,0,3,3,1,medium,music_single_rank1_fallback
rho_scan,rho_1,8,14,low_confidence,low_confidence,0,0,1,0,0,0,1,0,0.609606,0.6058573,1.00618743060453,0.00614938173180701,0.0065047,0.0042266,0.0856382,0.5128364,0,0.0003035,0.0065735,0.0799236,0.0031826,0.5156201,0,1,1,1,1,0,4,6,0,low,no_reliable_observable_route
rho_scan,rho_1,8,15,low_confidence,low_confidence,0,0,1,0,0,0,1,0,0.5922236,0.6115689,0.968367750551083,-0.0326655337612347,0.0066683,0.0041971,0.0797973,0.5008761,0,0.0005839,0.006236,0.0830648,0.003233,0.5179442,0,1,1,1,1,0,4,6,0,low,no_reliable_observable_route
rho_scan,rho_1,8,16,low_confidence,low_confidence,0,0,1,0,0,0,1,0,0.6086115,0.60502,1.00593616739942,0.00590113726079766,0.0064532,0.0032645,0.0833679,0.5151724,0,0.0002492,0.0061269,0.0792981,0.0039148,0.5150984,0,1,1,1,1,0,4,6,0,low,no_reliable_observable_route
rho_scan,rho_1,8,17,low_confidence,low_confidence,0,0,1,0,0,0,1,0,0.618696,0.6054819,1.02182410407314,0.021357985181737,0.0062564,0.0037881,0.0789101,0.5293982,0,0.000237,0.0071549,0.0819393,0.0034001,0.5125559,0,1,1,1,1,0,4,6,0,low,no_reliable_observable_route
rho_scan,rho_1,8,18,common_el_refocus_power_rank1,level2_rank1_fallback,1,1,0,0,0,0,0,0,0.6149051,0.0931349,6.60230590251345,0.848537766234172,0.0071725,0.0037057,0.0828364,0.5208886,0,0.0002025,0.0064271,0.0829662,0.0034919,0,0,1,1,1,0,0,3,3,1,medium,music_single_rank1_fallback
rho_scan,rho_1,8,19,common_el_refocus_power_rank1,level2_rank1_fallback,1,1,0,0,0,0,0,0,0.609731,0.0947527,6.43497230158085,0.844599175702072,0.0073025,0.0036587,0.0819084,0.5165011,0,0.0002583,0.0078837,0.0832418,0.0033382,0,0,1,1,1,0,0,3,3,1,medium,music_single_rank1_fallback
rho_scan,rho_1,8,20,low_confidence,low_confidence,0,0,1,0,0,0,1,0,0.6006,0.605902,0.991249409970589,-0.00882783882783889,0.006423,0.0039466,0.0809615,0.508956,0,0.0002145,0.0070924,0.0824317,0.0035625,0.5123453,0,1,1,1,1,0,4,6,0,low,no_reliable_observable_route
rho_scan,rho_1,8,21,low_confidence,low_confidence,0,0,1,0,0,0,1,0,0.6157479,0.6047093,1.01825439099415,0.0179271419358474,0.0063178,0.0037577,0.0804949,0.5248078,0,0.0002506,0.0064329,0.0806364,0.0035481,0.5135802,0,1,1,1,1,0,4,6,0,low,no_reliable_observable_route
rho_scan,rho_1,8,22,low_confidence,low_confidence,0,0,1,0,0,0,1,0,0.6088214,0.6104578,0.997319388825894,-0.00268781616414948,0.0067184,0.0035137,0.0812199,0.517037,0,0.0002303,0.0065254,0.0813051,0.0038113,0.5182838,0,1,1,1,1,0,4,6,0,low,no_reliable_observable_route
rho_scan,rho_1,8,23,low_confidence,low_confidence,0,0,1,0,0,0,1,0,0.6055156,0.604031,1.00245782087343,0.00245179480099289,0.0066934,0.0036872,0.0795619,0.515267,0,0.000212,0.0063068,0.0812205,0.00321,0.5128941,0,1,1,1,1,0,4,6,0,low,no_reliable_observable_route
rho_scan,rho_1,8,24,low_confidence,low_confidence,0,0,1,0,0,0,1,0,0.603422,0.6032165,1.00034067370505,0.0003405576859975,0.0064668,0.0032971,0.0792261,0.5141267,0,0.0002094,0.006761,0.0827396,0.0038946,0.509306,0,1,1,1,1,0,4,6,0,low,no_reliable_observable_route
rho_scan,rho_1,8,25,low_confidence,low_confidence,0,0,1,0,0,0,1,0,0.6021348,0.6117437,0.984292604893193,-0.015958054575155,0.0061897,0.0035972,0.0822587,0.5097581,0,0.0002351,0.0068496,0.0825407,0.0035173,0.5184084,0,1,1,1,1,0,4,6,0,low,no_reliable_observable_route
rho_scan,rho_1,8,26,common_el_refocus_power_rank1,level2_rank1_fallback,1,1,0,0,0,0,0,0,0.6013709,0.0902008,6.66702401752534,0.850008039963357,0.006127,0.0039565,0.0803702,0.5106236,0,0.000183,0.0067996,0.0796993,0.0034633,0,0,1,1,1,0,0,3,3,1,medium,music_single_rank1_fallback
rho_scan,rho_1,8,27,common_el_refocus_power_rank1,level2_rank1_fallback,1,1,0,0,0,0,0,0,0.613892,0.0915171,6.7079485691745,0.850923126543431,0.0061691,0.0034746,0.0818073,0.5221672,0,0.0001767,0.0068878,0.0807004,0.003695,0,0,1,1,1,0,0,3,3,1,medium,music_single_rank1_fallback
rho_scan,rho_1,8,28,low_confidence,low_confidence,0,0,1,0,0,0,1,0,0.6289285,0.6376501,0.986322279256288,-0.013867395101351,0.0068002,0.0036974,0.0783502,0.5397613,0,0.0002222,0.0068416,0.0878411,0.0033925,0.5391244,0,1,1,1,1,0,4,6,0,low,no_reliable_observable_route
rho_scan,rho_1,8,29,low_confidence,low_confidence,0,0,1,0,0,0,1,0,0.6265552,0.597485,1.04865427583956,0.0463968697410858,0.0065557,0.0038251,0.0863263,0.5294435,0,0.0002697,0.0066365,0.0809026,0.0035173,0.505999,0,1,1,1,1,0,4,6,0,low,no_reliable_observable_route
rho_scan,rho_1,8,30,common_el_refocus_power_rank1,level2_rank1_fallback,1,1,0,0,0,0,0,0,0.5967215,0.0887686,6.72221371070401,0.85123948106445,0.0065473,0.0037762,0.0808529,0.5052346,0,0.0002016,0.006636,0.0785328,0.0033349,0,0,1,1,1,0,0,3,3,1,medium,music_single_rank1_fallback
rho_scan,rho_1,16,1,low_confidence,low_confidence,0,0,1,0,0,0,1,0,0.6421585,0.6235941,1.02977000584194,0.0289093736203755,0.0086635,0.0048694,0.0995966,0.5286955,0,0.0002307,0.0061344,0.0808414,0.0039753,0.5322076,0,1,1,1,1,0,4,6,0,low,no_reliable_observable_route
rho_scan,rho_1,16,2,low_confidence,low_confidence,0,0,1,0,0,0,1,0,0.6061783,0.6041349,1.00338235715235,0.00337095537732035,0.00645,0.0040502,0.0784923,0.5168454,0,0.0002406,0.0064561,0.0831052,0.0037524,0.51033,0,1,1,1,1,0,4,6,0,low,no_reliable_observable_route
rho_scan,rho_1,16,3,low_confidence,low_confidence,0,0,1,0,0,0,1,0,0.6068882,0.5957903,1.01862719147996,0.0182865641480588,0.006668,0.0038575,0.0833496,0.5125111,0,0.0003474,0.0063912,0.0793667,0.0031613,0.5063882,0,1,1,1,1,0,4,6,0,low,no_reliable_observable_route
rho_scan,rho_1,16,4,common_el_refocus_power_rank1,level2_rank1_fallback,1,1,0,0,0,0,0,0,0.5978707,0.0892306,6.70028779364926,0.850752679467316,0.0063347,0.0033933,0.0803177,0.5074436,0,0.0002566,0.006393,0.0789457,0.0036467,0,0,1,1,1,0,0,3,3,1,medium,music_single_rank1_fallback
rho_scan,rho_1,16,5,low_confidence,low_confidence,0,0,1,0,0,0,1,0,0.6028705,0.6022831,1.00097528886333,0.000974338601739566,0.0106401,0.0035855,0.0788803,0.5094032,0,0.0002542,0.0062667,0.0784076,0.0035063,0.5136639,0,1,1,1,1,0,4,6,0,low,no_reliable_observable_route
rho_scan,rho_1,16,6,low_confidence,low_confidence,0,0,1,0,0,0,1,0,0.5969622,0.608201,0.981521240510949,-0.0188266526758309,0.006681,0.0035843,0.0797993,0.506581,0,0.0002203,0.0063262,0.0824288,0.0033898,0.5156491,0,1,1,1,1,0,4,6,0,low,no_reliable_observable_route
rho_scan,rho_1,16,7,low_confidence,low_confidence,0,0,1,0,0,0,1,0,0.5998843,0.6145159,0.976190038370041,-0.0243907033406274,0.0060461,0.0036486,0.0808514,0.5090363,0,0.0002081,0.0064228,0.0844764,0.003713,0.519381,0,1,1,1,1,0,4,6,0,low,no_reliable_observable_route
rho_scan,rho_1,16,8,low_confidence,low_confidence,0,0,1,0,0,0,1,0,0.6519602,0.6056721,1.07642435568685,0.0709983523534105,0.0070034,0.0043941,0.090158,0.5500626,0,0.0002377,0.0065368,0.0789754,0.0033949,0.5163226,0,1,1,1,1,0,4,6,0,low,no_reliable_observable_route
rho_scan,rho_1,16,9,common_el_refocus_power_rank1,level2_rank1_fallback,1,1,0,0,0,0,0,0,0.6005535,0.0868631,6.91379308359936,0.85536159559473,0.0063277,0.0033704,0.0818183,0.5087346,0,0.0001945,0.0062765,0.0765458,0.0037852,0,0,1,1,1,0,0,3,3,1,medium,music_single_rank1_fallback
rho_scan,rho_1,16,10,common_el_refocus_power_rank1,level2_rank1_fallback,1,1,0,0,0,0,0,0,0.597677,0.0911973,6.55366990031503,0.847413736851175,0.0063966,0.0032631,0.0770027,0.5107022,0,0.0002131,0.0066536,0.080968,0.0032929,0,0,1,1,1,0,0,3,3,1,medium,music_single_rank1_fallback
rho_scan,rho_1,16,11,common_el_refocus_power_rank1,level2_rank1_fallback,1,1,0,0,0,0,0,0,0.5981172,0.1102261,5.42627562800462,0.815711536133721,0.0067687,0.0042592,0.0859382,0.500853,0,0.0001883,0.0065862,0.0999879,0.0033833,0,0,1,1,1,0,0,3,3,1,medium,music_single_rank1_fallback
rho_scan,rho_1,16,12,low_confidence,low_confidence,0,0,1,0,0,0,1,0,0.607478,0.6088235,0.997789999893237,-0.00221489502500494,0.0062317,0.0045982,0.0823399,0.5139358,0,0.0002518,0.0066392,0.0807112,0.0031999,0.517777,0,1,1,1,1,0,4,6,0,low,no_reliable_observable_route
rho_scan,rho_1,16,13,common_el_refocus_power_rank1,level2_rank1_fallback,1,1,0,0,0,0,0,0,0.5998502,0.0910068,6.59126790525543,0.84828412160236,0.0064312,0.0034113,0.0808886,0.5086813,0,0.0002672,0.0064718,0.0810157,0.0032238,0,0,1,1,1,0,0,3,3,1,medium,music_single_rank1_fallback
rho_scan,rho_1,16,14,low_confidence,low_confidence,0,0,1,0,0,0,1,0,0.6173003,0.6114102,1.00963363058058,0.00954170927828812,0.0064354,0.0037808,0.0787289,0.5280338,0,0.0002246,0.0066628,0.0817144,0.0031581,0.5193749,0,1,1,1,1,0,4,6,0,low,no_reliable_observable_route
rho_scan,rho_1,16,15,low_confidence,low_confidence,0,0,1,0,0,0,1,0,0.6169988,0.6085482,1.01388649247504,0.0136962989231098,0.0063157,0.003418,0.0791127,0.5276991,0,0.00031,0.0062704,0.0797478,0.003369,0.5187212,0,1,1,1,1,0,4,6,0,low,no_reliable_observable_route
rho_scan,rho_1,16,16,low_confidence,low_confidence,0,0,1,0,0,0,1,0,0.6049516,0.6092706,0.99291119578066,-0.00713941412833674,0.0061682,0.0034366,0.0786415,0.5163345,0,0.0002629,0.0066684,0.0790575,0.0033224,0.5197498,0,1,1,1,1,0,4,6,0,low,no_reliable_observable_route
rho_scan,rho_1,16,17,common_el_refocus_power_rank1,level2_rank1_fallback,1,1,0,0,0,0,0,0,0.6144486,0.0878505,6.99425273618249,0.857025469664997,0.0066062,0.003775,0.0843961,0.5192926,0,0.0002644,0.0062517,0.0780152,0.0032938,0,0,1,1,1,0,0,3,3,1,medium,music_single_rank1_fallback
rho_scan,rho_1,16,18,common_el_refocus_power_rank1,level2_rank1_fallback,1,1,0,0,0,0,0,0,0.6022216,0.096425,6.24549235156858,0.839884520913896,0.0059994,0.0043969,0.0800253,0.5112867,0,0.0002861,0.0065265,0.0864308,0.0031975,0,0,1,1,1,0,0,3,3,1,medium,music_single_rank1_fallback
rho_scan,rho_1,16,19,low_confidence,low_confidence,0,0,1,0,0,0,1,0,0.6022851,0.6088114,0.989280259863728,-0.0108358981485679,0.0069146,0.0035335,0.0799347,0.5114478,0,0.0003535,0.0063351,0.0805351,0.0036858,0.5177579,0,1,1,1,1,0,4,6,0,low,no_reliable_observable_route
rho_scan,rho_1,16,20,common_el_refocus_power_rank1,level2_rank1_fallback,1,1,0,0,0,0,0,0,0.6206446,0.0943961,6.57489663238206,0.847906354135684,0.0059716,0.0035891,0.0818224,0.5288425,0,0.0002689,0.0064635,0.0837783,0.0038677,0,0,1,1,1,0,0,3,3,1,medium,music_single_rank1_fallback
rho_scan,rho_1,16,21,low_confidence,low_confidence,0,0,1,0,0,0,1,0,0.5998071,0.6055307,0.990547795512267,-0.00954240121532401,0.0062947,0.0039639,0.0775612,0.5116711,0,0.0002207,0.0061834,0.0783413,0.003282,0.5172875,0,1,1,1,1,0,4,6,0,low,no_reliable_observable_route
rho_scan,rho_1,16,22,low_confidence,low_confidence,0,0,1,0,0,0,1,0,0.6292531,0.5951935,1.05722441525319,0.0541270277413015,0.0093053,0.0050613,0.0903045,0.5242055,0,0.0002636,0.0063957,0.0802116,0.0036453,0.5043963,0,1,1,1,1,0,4,6,0,low,no_reliable_observable_route
rho_scan,rho_1,16,23,low_confidence,low_confidence,0,0,1,0,0,0,1,0,0.6241564,0.6122465,1.01945278576521,0.0190815955744424,0.007023,0.0033049,0.0797327,0.5337215,0,0.0002647,0.006546,0.0801325,0.0032651,0.5218428,0,1,1,1,1,0,4,6,0,low,no_reliable_observable_route
rho_scan,rho_1,16,24,low_confidence,low_confidence,0,0,1,0,0,0,1,0,0.6109638,0.605965,1.00824932133044,0.00818182681199764,0.0064948,0.0033036,0.0818713,0.5189808,0,0.0002172,0.0067901,0.0790298,0.0033546,0.516337,0,1,1,1,1,0,4,6,0,low,no_reliable_observable_route
rho_scan,rho_1,16,25,common_el_refocus_power_rank1,level2_rank1_fallback,1,1,0,0,0,0,0,0,0.6121184,0.0900454,6.79788639952735,0.852895452905843,0.0067626,0.003985,0.0912481,0.5098505,0,0.0001776,0.0066456,0.0794883,0.0036636,0,0,1,1,1,0,0,3,3,1,medium,music_single_rank1_fallback
rho_scan,rho_1,16,26,common_el_refocus_power_rank1,level2_rank1_fallback,1,1,0,0,0,0,0,0,0.6170017,0.0914443,6.74729534809715,0.851792466698228,0.0062532,0.0036302,0.0812844,0.5254975,0,0.0001901,0.0063867,0.0809069,0.0039165,0,0,1,1,1,0,0,3,3,1,medium,music_single_rank1_fallback
rho_scan,rho_1,16,27,low_confidence,low_confidence,0,0,1,0,0,0,1,0,0.6456165,0.6397475,1.00917393190282,0.00909053594510056,0.0064583,0.0034958,0.0806594,0.5546698,0,0.0002344,0.007069,0.086922,0.0031659,0.5421905,0,1,1,1,1,0,4,6,0,low,no_reliable_observable_route
rho_scan,rho_1,16,28,common_el_refocus_power_rank1,level2_rank1_fallback,1,1,0,0,0,0,0,0,0.6272642,0.0884959,7.08805944682183,0.858917661808214,0.0067939,0.0044444,0.082973,0.5325724,0,0.0003115,0.0063898,0.0785847,0.0032319,0,0,1,1,1,0,0,3,3,1,medium,music_single_rank1_fallback
rho_scan,rho_1,16,29,low_confidence,low_confidence,0,0,1,0,0,0,1,0,0.6091489,0.6167057,0.987746505342824,-0.0124055054519512,0.0066987,0.0039875,0.0802826,0.5177042,0,0.0003375,0.0073406,0.0806893,0.003484,0.5247506,0,1,1,1,1,0,4,6,0,low,no_reliable_observable_route
rho_scan,rho_1,16,30,common_el_refocus_power_rank1,level2_rank1_fallback,1,1,0,0,0,0,0,0,0.6075528,0.0902776,6.72982888335534,0.851407811798415,0.0059816,0.0033122,0.08176,0.5162181,0,0.0001852,0.0065311,0.080449,0.0030728,0,0,1,1,1,0,0,3,3,1,medium,music_single_rank1_fallback
rho_scan,rho_0.7,0,1,common_el_refocus_power_rank1,level2_rank1_fallback,1,1,0,0,0,0,0,0,0.6387476,0.0912982,6.99627813034649,0.857066860212077,0.0073471,0.0038733,0.0959506,0.5312854,0,0.0001889,0.0063228,0.0808809,0.003872,0,0,1,1,1,0,0,3,3,1,medium,music_single_rank1_fallback
rho_scan,rho_0.7,0,2,common_el_refocus_power_rank1,level2_rank1_fallback,1,1,0,0,0,0,0,0,0.6323968,0.0915317,6.90904681110479,0.855262234091001,0.0063634,0.0036831,0.0885684,0.5334953,0,0.000189,0.0066407,0.081321,0.0033204,0,0,1,1,1,0,0,3,3,1,medium,music_single_rank1_fallback
rho_scan,rho_0.7,0,3,common_el_refocus_power_rank1,level2_rank1_fallback,1,1,0,0,0,0,0,0,0.6063549,0.08978,6.75378592114057,0.851934898192461,0.0063328,0.0039426,0.0820235,0.5137512,0,0.0002112,0.0066947,0.0789123,0.003928,0,0,1,1,1,0,0,3,3,1,medium,music_single_rank1_fallback
rho_scan,rho_0.7,0,4,common_el_refocus_power_rank1,level2_rank1_fallback,1,1,0,0,0,0,0,0,0.6136481,0.0949876,6.46029692296679,0.845208353126165,0.0063595,0.0032162,0.0797222,0.5240572,0,0.0001891,0.0071442,0.0835308,0.0040152,0,0,1,1,1,0,0,3,3,1,medium,music_single_rank1_fallback
rho_scan,rho_0.7,0,5,common_el_refocus_power_rank1,level2_rank1_fallback,1,1,0,0,0,0,0,0,0.6170261,0.0961973,6.41417274705215,0.844095249779547,0.0062343,0.0037272,0.0826787,0.524114,0,0.0001767,0.0070801,0.0850061,0.0038209,0,0,1,1,1,0,0,3,3,1,medium,music_single_rank1_fallback
rho_scan,rho_0.7,0,6,common_el_refocus_power_rank1,level2_rank1_fallback,1,1,0,0,0,0,0,0,0.6107563,0.0913307,6.68730558289819,0.850462942420733,0.0063894,0.0042154,0.0796772,0.5201874,0,0.0001848,0.0063946,0.0806976,0.0039955,0,0,1,1,1,0,0,3,3,1,medium,music_single_rank1_fallback
rho_scan,rho_0.7,0,7,common_el_refocus_power_rank1,level2_rank1_fallback,1,1,0,0,0,0,0,0,0.6254689,0.096821,6.46005412049039,0.845202535249954,0.0066491,0.0033411,0.0963944,0.5188013,0,0.0001839,0.0065978,0.0859723,0.0039959,0,0,1,1,1,0,0,3,3,1,medium,music_single_rank1_fallback
rho_scan,rho_0.7,0,8,common_el_refocus_power_rank1,level2_rank1_fallback,1,1,0,0,0,0,0,0,0.6137056,0.0899366,6.82375806957345,0.853453186674523,0.0065437,0.0039514,0.0827218,0.5202004,0,0.000179,0.0067739,0.0794877,0.0034227,0,0,1,1,1,0,0,3,3,1,medium,music_single_rank1_fallback
rho_scan,rho_0.7,0,9,common_el_refocus_power_rank1,level2_rank1_fallback,1,1,0,0,0,0,0,0,0.612016,0.0904588,6.76568780483491,0.852195367441374,0.0062174,0.0039765,0.08096,0.5205731,0,0.0001828,0.0063771,0.079801,0.0040465,0,0,1,1,1,0,0,3,3,1,medium,music_single_rank1_fallback
rho_scan,rho_0.7,0,10,common_el_refocus_power_rank1,level2_rank1_fallback,1,1,0,0,0,0,0,0,0.6102804,0.0892769,6.83581531168757,0.853711670897509,0.0062979,0.003841,0.0869049,0.512935,0,0.0002035,0.0060435,0.0798301,0.0031634,0,0,1,1,1,0,0,3,3,1,medium,music_single_rank1_fallback
rho_scan,rho_0.7,0,11,common_el_refocus_power_rank1,level2_rank1_fallback,1,1,0,0,0,0,0,0,0.6145866,0.0882747,6.96220547903306,0.856367353274543,0.0063092,0.0036413,0.0823515,0.5219658,0,0.000196,0.0064147,0.0782705,0.0033309,0,0,1,1,1,0,0,3,3,1,medium,music_single_rank1_fallback
rho_scan,rho_0.7,0,12,common_el_refocus_power_rank1,level2_rank1_fallback,1,1,0,0,0,0,0,0,0.6273511,0.0922608,6.79975786032638,0.852935939699476,0.0071822,0.0035569,0.0803954,0.5359363,0,0.0001823,0.0061237,0.0818517,0.004055,0,0,1,1,1,0,0,3,3,1,medium,music_single_rank1_fallback
rho_scan,rho_0.7,0,13,common_el_refocus_power_rank1,level2_rank1_fallback,1,1,0,0,0,0,0,0,0.6007249,0.0900908,6.66799384620849,0.850029855596131,0.006546,0.0036603,0.0803296,0.5099136,0,0.0001802,0.0065124,0.0795119,0.0038393,0,0,1,1,1,0,0,3,3,1,medium,music_single_rank1_fallback
rho_scan,rho_0.7,0,14,common_el_refocus_power_rank1,level2_rank1_fallback,1,1,0,0,0,0,0,0,0.6290259,0.0901555,6.97712175075287,0.856674423104041,0.0067458,0.0033818,0.0806024,0.5379901,0,0.0002012,0.0064518,0.0803595,0.0030945,0,0,1,1,1,0,0,3,3,1,medium,music_single_rank1_fallback
rho_scan,rho_0.7,0,15,common_el_refocus_power_rank1,level2_rank1_fallback,1,1,0,0,0,0,0,0,0.6155003,0.0909923,6.76431192529478,0.852165303574994,0.0065998,0.0038106,0.0803227,0.5243568,0,0.0002662,0.0071,0.0796997,0.0039363,0,0,1,1,1,0,0,3,3,1,medium,music_single_rank1_fallback
rho_scan,rho_0.7,0,16,common_el_refocus_power_rank1,level2_rank1_fallback,1,1,0,0,0,0,0,0,0.6200606,0.0946972,6.547824011692,0.847277508037118,0.006438,0.0035156,0.0815714,0.528248,0,0.0001853,0.0060379,0.0850039,0.0034232,0,0,1,1,1,0,0,3,3,1,medium,music_single_rank1_fallback
rho_scan,rho_0.7,0,17,common_el_refocus_power_rank1,level2_rank1_fallback,1,1,0,0,0,0,0,0,0.6128064,0.0898223,6.82243051001811,0.853424670499525,0.0066104,0.0035626,0.0824284,0.519915,0,0.0001888,0.0061707,0.0802076,0.0031617,0,0,1,1,1,0,0,3,3,1,medium,music_single_rank1_fallback
rho_scan,rho_0.7,0,18,common_el_refocus_power_rank1,level2_rank1_fallback,1,1,0,0,0,0,0,0,0.612092,0.1067119,5.73593010713894,0.8256603582468,0.0071211,0.0033893,0.0801514,0.5210738,0,0.0002601,0.006849,0.0958487,0.0037158,0,0,1,1,1,0,0,3,3,1,medium,music_single_rank1_fallback
rho_scan,rho_0.7,0,19,common_el_refocus_power_rank1,level2_rank1_fallback,1,1,0,0,0,0,0,0,0.6209826,0.0900964,6.89242411461501,0.854913165038763,0.0060832,0.0034674,0.0802134,0.5309518,0,0.0001757,0.0070858,0.0794428,0.0033235,0,0,1,1,1,0,0,3,3,1,medium,music_single_rank1_fallback
rho_scan,rho_0.7,0,20,common_el_refocus_power_rank1,level2_rank1_fallback,1,1,0,0,0,0,0,0,0.6070099,0.0971054,6.25104165164862,0.840026661838629,0.0063886,0.0038309,0.078557,0.5179596,0,0.0001815,0.0067081,0.086422,0.0037434,0,0,1,1,1,0,0,3,3,1,medium,music_single_rank1_fallback
rho_scan,rho_0.7,0,21,common_el_refocus_power_rank1,level2_rank1_fallback,1,1,0,0,0,0,0,0,0.6113345,0.0937157,6.52328798696483,0.846703073358366,0.0066741,0.0046571,0.0903968,0.5093268,0,0.0001818,0.0065635,0.0833963,0.0035123,0,0,1,1,1,0,0,3,3,1,medium,music_single_rank1_fallback
rho_scan,rho_0.7,0,22,common_el_refocus_power_rank1,level2_rank1_fallback,1,1,0,0,0,0,0,0,0.6189857,0.0926774,6.67892819608664,0.850275377928763,0.0068497,0.0037988,0.0805681,0.527412,0,0.000252,0.00614,0.0825325,0.0037081,0,0,1,1,1,0,0,3,3,1,medium,music_single_rank1_fallback
rho_scan,rho_0.7,0,23,common_el_refocus_power_rank1,level2_rank1_fallback,1,1,0,0,0,0,0,0,0.6117642,0.0884454,6.91685717968374,0.855425668909688,0.006877,0.0035072,0.0823886,0.5186119,0,0.0002368,0.0062436,0.0784183,0.0035394,0,0,1,1,1,0,0,3,3,1,medium,music_single_rank1_fallback
rho_scan,rho_0.7,0,24,common_el_refocus_power_rank1,level2_rank1_fallback,1,1,0,0,0,0,0,0,0.6229002,0.1019073,6.11241981683353,0.836398671889975,0.0064427,0.0039487,0.080425,0.531768,0,0.0002009,0.0065537,0.0914477,0.0036526,0,0,1,1,1,0,0,3,3,1,medium,music_single_rank1_fallback
rho_scan,rho_0.7,0,25,common_el_refocus_power_rank1,level2_rank1_fallback,1,1,0,0,0,0,0,0,0.603767,0.0870979,6.93205002646447,0.855742529816966,0.0069145,0.0034349,0.0804786,0.5126557,0,0.0001823,0.0061782,0.0777663,0.0029348,0,0,1,1,1,0,0,3,3,1,medium,music_single_rank1_fallback
rho_scan,rho_0.7,0,26,common_el_refocus_power_rank1,level2_rank1_fallback,1,1,0,0,0,0,0,0,0.6118088,0.0917778,6.66619596460146,0.849989408455714,0.0066384,0.0039444,0.0805303,0.5204138,0,0.0001884,0.0064391,0.0819338,0.003196,0,0,1,1,1,0,0,3,3,1,medium,music_single_rank1_fallback
rho_scan,rho_0.7,0,27,common_el_refocus_power_rank1,level2_rank1_fallback,1,1,0,0,0,0,0,0,0.6079834,0.0922445,6.5909989213449,0.84827792995664,0.0065294,0.003677,0.0781034,0.5193826,0,0.0001851,0.0064282,0.0819844,0.0035342,0,0,1,1,1,0,0,3,3,1,medium,music_single_rank1_fallback
rho_scan,rho_0.7,0,28,common_el_refocus_power_rank1,level2_rank1_fallback,1,1,0,0,0,0,0,0,0.606004,0.092348,6.56217784900593,0.84761156692035,0.006509,0.0036382,0.0801554,0.5153824,0,0.0002025,0.0060425,0.0824531,0.0036204,0,0,1,1,1,0,0,3,3,1,medium,music_single_rank1_fallback
rho_scan,rho_0.7,0,29,low_confidence,low_confidence,0,0,1,0,0,0,1,0,0.6144922,0.6099495,1.00744766574938,0.00739260807541575,0.0065873,0.0032409,0.0778399,0.5265091,0,0.000221,0.0064171,0.0796662,0.0034802,0.5199378,0,1,1,1,1,0,4,6,0,low,no_reliable_observable_route
rho_scan,rho_0.7,0,30,low_confidence,low_confidence,0,0,1,0,0,0,1,0,0.6062465,0.6189103,0.979538553486668,-0.0208888628635382,0.0067746,0.0035518,0.0829259,0.5126444,0,0.0002433,0.0059228,0.078986,0.0034363,0.5300388,0,1,1,1,1,0,4,6,0,low,no_reliable_observable_route
rho_scan,rho_0.7,8,1,common_el_refocus_power_rank1,level2_rank1_fallback,1,1,0,0,0,0,0,0,0.6390788,0.0943887,6.7707130196729,0.852305067857047,0.006413,0.0043756,0.0971143,0.5308597,0,0.0002079,0.006357,0.0840088,0.0037579,0,0,1,1,1,0,0,3,3,1,medium,music_single_rank1_fallback
rho_scan,rho_0.7,8,2,common_el_refocus_power_rank1,level2_rank1_fallback,1,1,0,0,0,0,0,0,0.6369585,0.0901498,7.06555644050236,0.858468330354332,0.006895,0.0048355,0.0883816,0.5365651,0,0.0001848,0.0065396,0.0795945,0.003764,0,0,1,1,1,0,0,3,3,1,medium,music_single_rank1_fallback
rho_scan,rho_0.7,8,3,common_el_refocus_power_rank1,level2_rank1_fallback,1,1,0,0,0,0,0,0,0.6115006,0.0894474,6.83642677148805,0.853724755135154,0.0061851,0.0039366,0.081273,0.5198186,0,0.0001853,0.006068,0.0799444,0.0032004,0,0,1,1,1,0,0,3,3,1,medium,music_single_rank1_fallback
rho_scan,rho_0.7,8,4,low_confidence,low_confidence,0,0,1,0,0,0,1,0,0.6142226,0.6270258,0.979581063490529,-0.0208445602620289,0.0067697,0.0034094,0.0782209,0.5255116,0,0.0002159,0.006178,0.0820167,0.0036864,0.5346632,0,1,1,1,1,0,4,6,0,low,no_reliable_observable_route
rho_scan,rho_0.7,8,5,low_confidence,low_confidence,0,0,1,0,0,0,1,0,0.6430604,0.6289037,1.022510123569,0.0220145728146222,0.0072269,0.0038524,0.0917265,0.5396341,0,0.0004427,0.0069097,0.0850432,0.0038831,0.5325554,0,1,1,1,1,0,4,6,0,low,no_reliable_observable_route
rho_scan,rho_0.7,8,6,common_el_refocus_power_rank1,level2_rank1_fallback,1,1,0,0,0,0,0,0,0.6115831,0.0897213,6.81647613220049,0.853296632951434,0.0073843,0.0035124,0.0805455,0.5198493,0,0.0001868,0.0067325,0.0789856,0.0037567,0,0,1,1,1,0,0,3,3,1,medium,music_single_rank1_fallback
rho_scan,rho_0.7,8,7,low_confidence,low_confidence,0,0,1,0,0,0,1,0,0.6123815,0.6243675,0.98080297260828,-0.0195727663229539,0.0065736,0.0038412,0.0826092,0.5188665,0,0.000338,0.0075142,0.0914954,0.0036906,0.5211901,0,1,1,1,1,0,4,6,0,low,no_reliable_observable_route
rho_scan,rho_0.7,8,8,low_confidence,low_confidence,0,0,1,0,0,0,1,0,0.6034043,0.60492,0.997494379422072,-0.00251191448254517,0.0066447,0.0040267,0.080802,0.5114592,0,0.0003262,0.0062509,0.0765691,0.003904,0.5177455,0,1,1,1,1,0,4,6,0,low,no_reliable_observable_route
rho_scan,rho_0.7,8,9,common_el_refocus_power_rank1,level2_rank1_fallback,1,1,0,0,0,0,0,0,0.6239139,0.094797,6.58157853096617,0.848060766076858,0.0065689,0.0038975,0.0822631,0.5308969,0,0.0001858,0.0069532,0.0838324,0.0037858,0,0,1,1,1,0,0,3,3,1,medium,music_single_rank1_fallback
rho_scan,rho_0.7,8,10,low_confidence,low_confidence,0,0,1,0,0,0,1,0,0.6138491,0.6013701,1.02075094854234,0.0203291004254955,0.0063809,0.0035823,0.0856936,0.5178713,0,0.0002192,0.0066535,0.0812953,0.003406,0.5095847,0,1,1,1,1,0,4,6,0,low,no_reliable_observable_route
rho_scan,rho_0.7,8,11,low_confidence,low_confidence,0,0,1,0,0,0,1,0,0.5978545,0.6228891,0.959808896960952,-0.0418740680215672,0.0063012,0.0040676,0.07879,0.5083159,0,0.0002529,0.006033,0.083438,0.0035441,0.5293155,0,1,1,1,1,0,4,6,0,low,no_reliable_observable_route
rho_scan,rho_0.7,8,12,low_confidence,low_confidence,0,0,1,0,0,0,1,0,0.6071956,0.6161152,0.985522837287572,-0.0146898297681999,0.0065996,0.0032846,0.0779625,0.5189708,0,0.0002739,0.0070708,0.0856833,0.0038594,0.5190854,0,1,1,1,1,0,4,6,0,low,no_reliable_observable_route
rho_scan,rho_0.7,8,13,common_el_refocus_power_rank1,common_el_refocus_power_rank1,1,1,1,0,0,0,0,0,0.6207846,0.0874378,7.09972803524334,0.859149534315123,0.009141,0.0037688,0.0821421,0.5231737,0,0.0024642,0.0062799,0.0801238,0,0,0,1,1,0,0,0,2,2,1,medium,ok
rho_scan,rho_0.7,8,14,common_el_refocus_power_rank1,level2_rank1_fallback,1,1,0,0,0,0,0,0,0.614042,0.0982216,6.25159842641537,0.840040909253764,0.00717,0.0037963,0.0799517,0.5228104,0,0.0002085,0.0070164,0.0874227,0.00351,0,0,1,1,1,0,0,3,3,1,medium,music_single_rank1_fallback
rho_scan,rho_0.7,8,15,low_confidence,low_confidence,0,0,1,0,0,0,1,0,0.6048623,0.6151631,0.983255172490027,-0.0170299917849071,0.0070757,0.0038669,0.0790152,0.5143661,0,0.000372,0.0063721,0.0799216,0.0031032,0.5253012,0,1,1,1,1,0,4,6,0,low,no_reliable_observable_route
rho_scan,rho_0.7,8,16,common_el_refocus_power_rank1,level2_rank1_fallback,1,1,0,0,0,0,0,0,0.6035804,0.0971955,6.20996239537839,0.838968429060983,0.0060093,0.0033729,0.080178,0.5136724,0,0.0002051,0.0063417,0.0866165,0.0039741,0,0,1,1,1,0,0,3,3,1,medium,music_single_rank1_fallback
rho_scan,rho_0.7,8,17,common_el_refocus_power_rank1,level2_rank1_fallback,1,1,0,0,0,0,0,0,0.6134316,0.0903116,6.79238990340111,0.852776413865865,0.0062343,0.0035715,0.0799891,0.5233098,0,0.0001947,0.0063559,0.0802314,0.0034711,0,0,1,1,1,0,0,3,3,1,medium,music_single_rank1_fallback
rho_scan,rho_0.7,8,18,low_confidence,low_confidence,0,0,1,0,0,0,1,0,0.6059643,0.6252401,0.96917056343635,-0.0318101247878793,0.0065738,0.0037445,0.0815413,0.513685,0,0.0002579,0.0066676,0.0780737,0.0033665,0.5364707,0,1,1,1,1,0,4,6,0,low,no_reliable_observable_route
rho_scan,rho_0.7,8,19,low_confidence,low_confidence,0,0,1,0,0,0,1,0,0.6037871,0.6044383,0.998922636106944,-0.00107852585787271,0.0065477,0.0037922,0.0808231,0.5121491,0,0.0003656,0.0062282,0.0796732,0.0035198,0.5145731,0,1,1,1,1,0,4,6,0,low,no_reliable_observable_route
rho_scan,rho_0.7,8,20,low_confidence,low_confidence,0,0,1,0,0,0,1,0,0.6065343,0.6042682,1.00375015597379,0.00373614484786755,0.0063563,0.0039896,0.0801084,0.5157507,0,0.0002308,0.0061466,0.0806469,0.0040116,0.5129861,0,1,1,1,1,0,4,6,0,low,no_reliable_observable_route
rho_scan,rho_0.7,8,21,low_confidence,low_confidence,0,0,1,0,0,0,1,0,0.5953321,0.600647,0.991151375100517,-0.0089276220785004,0.0065219,0.0034113,0.0787031,0.506365,0,0.0002316,0.0061879,0.0798376,0.0038353,0.5103696,0,1,1,1,1,0,4,6,0,low,no_reliable_observable_route
rho_scan,rho_0.7,8,22,low_confidence,low_confidence,0,0,1,0,0,0,1,0,0.6120194,0.6007458,1.0187660071864,0.0184203311202227,0.0060741,0.0032684,0.0797534,0.5224332,0,0.0003552,0.0064055,0.0807781,0.0035954,0.5095205,0,1,1,1,1,0,4,6,0,low,no_reliable_observable_route
rho_scan,rho_0.7,8,23,low_confidence,low_confidence,0,0,1,0,0,0,1,0,0.6038534,0.5977255,1.01025203040526,0.010147992873767,0.0062848,0.0033937,0.0807935,0.5126937,0,0.0005259,0.0065477,0.0818778,0.0036162,0.5049577,0,1,1,1,1,0,4,6,0,low,no_reliable_observable_route
rho_scan,rho_0.7,8,24,common_el_refocus_power_rank1,level2_rank1_fallback,1,1,0,0,0,0,0,0,0.5999215,0.0875815,6.84986555379846,0.85401173320176,0.0064547,0.0039303,0.0791854,0.510068,0,0.0001872,0.0062051,0.0778804,0.0032539,0,0,1,1,1,0,0,3,3,1,medium,music_single_rank1_fallback
rho_scan,rho_0.7,8,25,common_el_refocus_power_rank1,level2_rank1_fallback,1,1,0,0,0,0,0,0,0.6173683,0.0917671,6.72755595414914,0.851357609388108,0.0062876,0.0041149,0.0838322,0.5228362,0,0.0001914,0.0067595,0.0815864,0.0031978,0,0,1,1,1,0,0,3,3,1,medium,music_single_rank1_fallback
rho_scan,rho_0.7,8,26,common_el_refocus_power_rank1,level2_rank1_fallback,1,1,0,0,0,0,0,0,0.6135807,0.0888594,6.90507363317781,0.855178952010713,0.0061433,0.0035592,0.0804002,0.5231965,0,0.0001842,0.006537,0.0781489,0.0039482,0,0,1,1,1,0,0,3,3,1,medium,music_single_rank1_fallback
rho_scan,rho_0.7,8,27,common_el_refocus_power_rank1,level2_rank1_fallback,1,1,0,0,0,0,0,0,0.6426128,0.0919877,6.9858557176666,0.85685361387137,0.0062378,0.003624,0.0813358,0.5510566,0,0.0002481,0.0064623,0.0820426,0.0032354,0,0,1,1,1,0,0,3,3,1,medium,music_single_rank1_fallback
rho_scan,rho_0.7,8,28,common_el_refocus_power_rank1,level2_rank1_fallback,1,1,0,0,0,0,0,0,0.6118562,0.0903644,6.77098724719026,0.852311049557069,0.0062919,0.003937,0.0807101,0.5206282,0,0.0001849,0.0065699,0.0798252,0.0037252,0,0,1,1,1,0,0,3,3,1,medium,music_single_rank1_fallback
rho_scan,rho_0.7,8,29,common_el_refocus_power_rank1,level2_rank1_fallback,1,1,0,0,0,0,0,0,0.6001505,0.0979587,6.12656660408928,0.836776441909154,0.006261,0.003513,0.0787322,0.5113394,0,0.0001979,0.007425,0.0866545,0.0036138,0,0,1,1,1,0,0,3,3,1,medium,music_single_rank1_fallback
rho_scan,rho_0.7,8,30,common_el_refocus_power_rank1,level2_rank1_fallback,1,1,0,0,0,0,0,0,0.6128263,0.0920655,6.65641635574672,0.849769012850787,0.0062581,0.0035148,0.0800858,0.5226802,0,0.0001891,0.0064902,0.0820016,0.0033194,0,0,1,1,1,0,0,3,3,1,medium,music_single_rank1_fallback
rho_scan,rho_0.7,16,1,level2_music_or_center_real,level2_music_or_center_real,1,1,1,0,0,0,0,0,0.7097594,0.1018209,6.97066515813551,0.856541667500282,0.0080105,0.004029,0.094137,0.5404188,0.0600104,0.0025513,0.0073124,0.0937133,0,0,0,1,1,0,0,0,2,1,1,medium,ok
rho_scan,rho_0.7,16,2,level2_music_or_center_real,level2_music_or_center_real,1,1,1,0,0,0,0,0,0.6546945,0.0890024,7.35591961565081,0.864055066905251,0.0077936,0.0038535,0.0918956,0.5151996,0.0342538,0.0016009,0.0069719,0.0810739,0,0,0,1,1,0,0,0,2,1,1,medium,ok
rho_scan,rho_0.7,16,3,low_confidence,low_confidence,1,1,1,0,0,0,1,0,0.600655,0.5917331,1.01507757467007,0.0148536181335376,0.0062028,0.0034627,0.0797172,0.5109012,0,0.0002712,0.0064883,0.0771177,0.0030152,0.5045753,0,1,1,1,1,0,4,6,0,low,no_reliable_observable_route
rho_scan,rho_0.7,16,4,level2_music_or_center_real,level2_music_or_center_real,1,1,1,0,0,0,0,0,0.6459127,0.0889548,7.26113374432858,0.862280459882582,0.0071919,0.0037802,0.0811014,0.5180497,0.03244,0.0032342,0.0067478,0.0817755,0,0,0,1,1,0,0,0,2,1,1,medium,ok
rho_scan,rho_0.7,16,5,level2_music_or_center_real,level2_music_or_center_real,1,1,1,0,0,0,0,0,0.6164767,0.0879721,7.00763878547858,0.857298580789834,0.0069827,0.0036246,0.0818486,0.5232204,0,0.0007039,0.0068847,0.080706,0,0,0,1,1,0,0,0,2,1,1,medium,ok
rho_scan,rho_0.7,16,6,level2_music_or_center_real,level2_music_or_center_real,1,1,1,0,0,0,0,0,0.6814482,0.0910742,7.48234077268864,0.866351983907214,0.0064065,0.0036692,0.0800996,0.5536187,0.0369124,0.0006261,0.0065217,0.0837271,0,0,0,1,1,0,0,0,2,1,1,medium,ok
rho_scan,rho_0.7,16,7,low_confidence,low_confidence,1,1,1,0,0,0,1,0,0.6715059,0.6098673,1.1010688718677,0.0917915985548302,0.00642,0.0036121,0.0831503,0.5379288,0.0393365,0.0004075,0.0062412,0.0835248,0.00372,0.515912,0,1,1,1,1,0,4,6,0,low,no_reliable_observable_route
rho_scan,rho_0.7,16,8,low_confidence,low_confidence,1,1,1,0,0,0,1,0,0.6436119,0.6067219,1.06080215663882,0.057317150288862,0.0062868,0.0040595,0.0810643,0.520123,0.031727,0.0002701,0.0064969,0.0813955,0.0030828,0.5153049,0,1,1,1,1,0,4,6,0,low,no_reliable_observable_route
rho_scan,rho_0.7,16,9,level2_music_or_center_real,level2_music_or_center_real,1,1,1,0,0,0,0,0,0.6460012,0.0880025,7.34071418425613,0.863773472866614,0.0062943,0.0040129,0.0839957,0.5192395,0.03218,0.0002314,0.0061581,0.0815846,0,0,0,1,1,0,0,0,2,1,1,medium,ok
rho_scan,rho_0.7,16,10,level2_music_or_center_real,level2_music_or_center_real,1,1,1,0,0,0,0,0,0.620329,0.0853946,7.26426495352165,0.862339822900429,0.0067721,0.0036824,0.0791713,0.5296033,0,0.0009532,0.0061573,0.0789611,0,0,0,1,1,0,0,0,2,1,1,medium,ok
rho_scan,rho_0.7,16,11,common_el_refocus_power_rank1,common_el_refocus_power_rank1,1,1,1,0,0,0,0,0,0.6100921,0.0912422,6.68651238133232,0.850445203273407,0.0063359,0.0033789,0.0779835,0.5221113,0,0.00019,0.006814,0.0841402,0,0,0,1,1,0,0,0,2,2,1,medium,ok
rho_scan,rho_0.7,16,12,level2_music_or_center_real,level2_music_or_center_real,1,1,1,0,0,0,0,0,0.641409,0.0859552,7.4621314359108,0.865990031321668,0.0063317,0.0036979,0.0774461,0.5220999,0.0315252,0.0002605,0.006334,0.0794009,0,0,0,1,1,0,0,0,2,1,1,medium,ok
rho_scan,rho_0.7,16,13,level2_music_or_center_real,level2_music_or_center_real,1,1,1,0,0,0,0,0,0.6034753,0.0830019,7.27062031110131,0.862460153713002,0.0064286,0.0036792,0.0776678,0.5152318,0,0.0003169,0.006399,0.076354,0,0,0,1,1,0,0,0,2,1,1,medium,ok
rho_scan,rho_0.7,16,14,level2_music_or_center_real,level2_music_or_center_real,1,1,1,0,0,0,0,0,0.6445875,0.0883205,7.2982772968903,0.862981364050653,0.0066776,0.0041529,0.0816907,0.5186473,0.033014,0.0003351,0.0065012,0.0815729,0,0,0,1,1,0,0,0,2,1,1,medium,ok
rho_scan,rho_0.7,16,15,level2_music_or_center_real,level2_music_or_center_real,1,1,1,0,0,0,0,0,0.6138554,0.0858659,7.1490009421668,0.860120314979717,0.0064692,0.0036665,0.0789318,0.5244925,0,0.000194,0.0064026,0.0792515,0,0,0,1,1,0,0,0,2,1,1,medium,ok
rho_scan,rho_0.7,16,16,level2_music_or_center_real,level2_music_or_center_real,1,1,1,0,0,0,0,0,0.6579403,0.0945486,6.95875242996723,0.856296080358659,0.0065874,0.0036357,0.0830694,0.5281201,0.0361834,0.0002961,0.0070093,0.0872528,0,0,0,1,1,0,0,0,2,1,1,medium,ok
rho_scan,rho_0.7,16,17,level2_music_or_center_real,level2_music_or_center_real,1,1,1,0,0,0,0,0,0.656077,0.0875961,7.48979692018252,0.866485031482585,0.0071228,0.0035609,0.088866,0.5266657,0.0295835,0.0002342,0.0062227,0.0811816,0,0,0,1,1,0,0,0,2,1,1,medium,ok
rho_scan,rho_0.7,16,18,level2_music_or_center_real,level2_music_or_center_real,1,1,1,0,0,0,0,0,0.6333961,0.0861234,7.35451805200445,0.864029159636442,0.006405,0.0039044,0.0790475,0.5121204,0.0316599,0.0002156,0.006201,0.0797064,0,0,0,1,1,0,0,0,2,1,1,medium,ok
rho_scan,rho_0.7,16,19,level2_music_or_center_real,level2_music_or_center_real,1,1,1,0,0,0,0,0,0.6450543,0.1001761,6.43920356252639,0.844701291038599,0.0062454,0.0034694,0.0794704,0.5243872,0.0311961,0.0002362,0.0070397,0.0928792,0,0,0,1,1,0,0,0,2,1,1,medium,ok
rho_scan,rho_0.7,16,20,common_el_refocus_power_rank1,common_el_refocus_power_rank1,1,1,1,0,0,0,0,0,0.655495,0.0869272,7.54073523592155,0.867386936589905,0.0082125,0.0043539,0.0967663,0.5458607,0,0.0001964,0.0063684,0.0802801,0,0,0,1,1,0,0,0,2,2,1,medium,ok
rho_scan,rho_0.7,16,21,level2_music_or_center_real,level2_music_or_center_real,1,1,1,0,0,0,0,0,0.630898,0.0867856,7.26961615751922,0.862441155305612,0.0061498,0.003688,0.0786834,0.5110592,0.0310081,0.0002645,0.0069487,0.0796091,0,0,0,1,1,0,0,0,2,1,1,medium,ok
rho_scan,rho_0.7,16,22,low_confidence,low_confidence,1,1,1,0,0,0,1,0,0.6480229,0.6286678,1.03078748426434,0.0298679259637274,0.0067779,0.0035893,0.0809972,0.5261102,0.030173,0.0003271,0.0073376,0.0800905,0.00315,0.5376206,0,1,1,1,1,0,4,6,0,low,no_reliable_observable_route
rho_scan,rho_0.7,16,23,level2_music_or_center_real,level2_music_or_center_real,1,1,1,0,0,0,0,0,0.6407925,0.0839551,7.63256192893582,0.868982392896296,0.0061702,0.0039535,0.079959,0.5178626,0.0325773,0.0002271,0.0063448,0.0773587,0,0,0,1,1,0,0,0,2,1,1,medium,ok
rho_scan,rho_0.7,16,24,level2_music_or_center_real,level2_music_or_center_real,1,1,1,0,0,0,0,0,0.6590651,0.0885825,7.44012756469957,0.865593702352013,0.0071958,0.0034735,0.0818919,0.5367552,0.0294289,0.000272,0.00637,0.0819903,0,0,0,1,1,0,0,0,2,1,1,medium,ok
rho_scan,rho_0.7,16,25,level2_music_or_center_real,level2_music_or_center_real,1,1,1,0,0,0,0,0,0.6045437,0.0872007,6.93278494324013,0.855757821973829,0.0068987,0.0034469,0.0804233,0.5134924,0,0.0001873,0.0064958,0.0805356,0,0,0,1,1,0,0,0,2,1,1,medium,ok
rho_scan,rho_0.7,16,26,low_confidence,low_confidence,1,1,1,0,0,0,1,0,0.6020621,0.6051599,0.994881022354588,-0.00514531640506832,0.0071317,0.0036894,0.0798759,0.5108538,0,0.0003439,0.0064105,0.0793919,0.0031216,0.5157779,0,1,1,1,1,0,4,6,0,low,no_reliable_observable_route
rho_scan,rho_0.7,16,27,level2_music_or_center_real,level2_music_or_center_real,1,1,1,0,0,0,0,0,0.6164737,0.0946658,6.51210574463006,0.84643984001264,0.0060841,0.0041945,0.0787163,0.5271338,0,0.0002232,0.0070782,0.0873584,0,0,0,1,1,0,0,0,2,1,1,medium,ok
rho_scan,rho_0.7,16,28,common_el_refocus_power_rank1,common_el_refocus_power_rank1,1,1,1,0,0,0,0,0,0.6112716,0.0876711,6.9723272549335,0.856575865785356,0.0066315,0.0038949,0.0829455,0.5174853,0,0.0002044,0.0059462,0.0814735,0,0,0,1,1,0,0,0,2,2,1,medium,ok
rho_scan,rho_0.7,16,29,level2_music_or_center_real,level2_music_or_center_real,1,1,1,0,0,0,0,0,0.646923,0.0874584,7.39692242254603,0.864808640286402,0.0063878,0.0037361,0.08107,0.5235586,0.0318547,0.0002661,0.0072691,0.0799705,0,0,0,1,1,0,0,0,2,1,1,medium,ok
rho_scan,rho_0.7,16,30,level2_music_or_center_real,level2_music_or_center_real,1,1,1,0,0,0,0,0,0.6460138,0.086695,7.45156929465367,0.865800080431718,0.0068201,0.0038499,0.0809681,0.5238031,0.0302499,0.0002778,0.0061518,0.0803217,0,0,0,1,1,0,0,0,2,1,1,medium,ok
rho_scan,rho_0.5,0,1,common_el_refocus_power_rank1,level2_rank1_fallback,1,1,0,0,0,0,0,0,0.6528171,0.0912906,7.15097830444756,0.86015899399694,0.0073366,0.0039128,0.0931512,0.5481438,0,0.0001781,0.0063185,0.0809924,0.0037195,0,0,1,1,1,0,0,3,3,1,medium,music_single_rank1_fallback
rho_scan,rho_0.5,0,2,common_el_refocus_power_rank1,level2_rank1_fallback,1,1,0,0,0,0,0,0,0.6487246,0.1051246,6.17100659598229,0.837951882817454,0.0069455,0.003979,0.0972514,0.5402436,0,0.0001975,0.00687,0.0943364,0.0036761,0,0,1,1,1,0,0,3,3,1,medium,music_single_rank1_fallback
rho_scan,rho_0.5,0,3,common_el_refocus_power_rank1,level2_rank1_fallback,1,1,0,0,0,0,0,0,0.6129581,0.0922651,6.64344481282738,0.849475681943023,0.0066697,0.0033645,0.0821598,0.5204836,0,0.0001862,0.0063161,0.0822184,0.0034917,0,0,1,1,1,0,0,3,3,1,medium,music_single_rank1_fallback
rho_scan,rho_0.5,0,4,common_el_refocus_power_rank1,level2_rank1_fallback,1,1,0,0,0,0,0,0,0.6124748,0.0934883,6.55135241522201,0.847359760760769,0.0076777,0.0035506,0.0780799,0.5228533,0,0.0001919,0.0069968,0.0827963,0.0034453,0,0,1,1,1,0,0,3,3,1,medium,music_single_rank1_fallback
rho_scan,rho_0.5,0,5,common_el_refocus_power_rank1,level2_rank1_fallback,1,1,0,0,0,0,0,0,0.6521144,0.0907105,7.18896268899411,0.860897873133916,0.007038,0.0044388,0.092192,0.5480867,0,0.0002334,0.0061463,0.0809399,0.003364,0,0,1,1,1,0,0,3,3,1,medium,music_single_rank1_fallback
rho_scan,rho_0.5,0,6,common_el_refocus_power_rank1,level2_rank1_fallback,1,1,0,0,0,0,0,0,0.612657,0.0912766,6.71209269407493,0.851015168356846,0.006899,0.0035017,0.0840523,0.5177487,0,0.0002792,0.0064065,0.0811178,0.0034569,0,0,1,1,1,0,0,3,3,1,medium,music_single_rank1_fallback
rho_scan,rho_0.5,0,7,common_el_refocus_power_rank1,level2_rank1_fallback,1,1,0,0,0,0,0,0,0.6077418,0.0885297,6.86483519090204,0.854330078990782,0.0061872,0.0040719,0.080835,0.5163361,0,0.000202,0.0063297,0.0787376,0.0032121,0,0,1,1,1,0,0,3,3,1,medium,music_single_rank1_fallback
rho_scan,rho_0.5,0,8,common_el_refocus_power_rank1,level2_rank1_fallback,1,1,0,0,0,0,0,0,0.6001331,0.0924756,6.48963726647894,0.845908182701471,0.0066262,0.0039538,0.0807813,0.5084919,0,0.0001812,0.0067456,0.0822684,0.0032211,0,0,1,1,1,0,0,3,3,1,medium,music_single_rank1_fallback
rho_scan,rho_0.5,0,9,common_el_refocus_power_rank1,level2_rank1_fallback,1,1,0,0,0,0,0,0,0.6142434,0.0890709,6.89611758722546,0.85499087169679,0.0068837,0.0036054,0.0814352,0.5219394,0,0.0002411,0.0064216,0.0791163,0.0032653,0,0,1,1,1,0,0,3,3,1,medium,music_single_rank1_fallback
rho_scan,rho_0.5,0,10,common_el_refocus_power_rank1,level2_rank1_fallback,1,1,0,0,0,0,0,0,0.6149972,0.0945835,6.50216158209413,0.846204990851991,0.0069563,0.0037705,0.0790645,0.5249011,0,0.0001991,0.0067058,0.08452,0.0030388,0,0,1,1,1,0,0,3,3,1,medium,music_single_rank1_fallback
rho_scan,rho_0.5,0,11,common_el_refocus_power_rank1,level2_rank1_fallback,1,1,0,0,0,0,0,0,0.5995991,0.0890579,6.73268850938547,0.85147092448938,0.0066334,0.003792,0.0779146,0.5109814,0,0.0001821,0.0062932,0.0787864,0.0037459,0,0,1,1,1,0,0,3,3,1,medium,music_single_rank1_fallback
rho_scan,rho_0.5,0,12,common_el_refocus_power_rank1,level2_rank1_fallback,1,1,0,0,0,0,0,0,0.6105393,0.0937656,6.51133571373723,0.846421679980306,0.0065699,0.0032281,0.0803073,0.5201455,0,0.0001866,0.0065296,0.0828054,0.0042,0,0,1,1,1,0,0,3,3,1,medium,music_single_rank1_fallback
rho_scan,rho_0.5,0,13,common_el_refocus_power_rank1,level2_rank1_fallback,1,1,0,0,0,0,0,0,0.6070534,0.0960716,6.31876017470303,0.841741105477706,0.006556,0.0033644,0.0835377,0.5132931,0,0.0001928,0.006118,0.0856972,0.0039854,0,0,1,1,1,0,0,3,3,1,medium,music_single_rank1_fallback
rho_scan,rho_0.5,0,14,common_el_refocus_power_rank1,level2_rank1_fallback,1,1,0,0,0,0,0,0,0.6489365,0.0939415,6.90787883949053,0.855237762092285,0.0073498,0.0042095,0.0944175,0.5425427,0,0.0002447,0.0067166,0.0829972,0.0039377,0,0,1,1,1,0,0,3,3,1,medium,music_single_rank1_fallback
rho_scan,rho_0.5,0,15,common_el_refocus_power_rank1,level2_rank1_fallback,1,1,0,0,0,0,0,0,0.6574013,0.0916311,7.17443422593421,0.860616186794885,0.007075,0.0042373,0.0900803,0.555638,0,0.0002367,0.0064485,0.0812837,0.0036552,0,0,1,1,1,0,0,3,3,1,medium,music_single_rank1_fallback
rho_scan,rho_0.5,0,16,common_el_refocus_power_rank1,level2_rank1_fallback,1,1,0,0,0,0,0,0,0.6041626,0.0906974,6.66130010342083,0.849879155048657,0.0066719,0.003359,0.0830049,0.5108215,0,0.0002114,0.0064932,0.0806271,0.0033208,0,0,1,1,1,0,0,3,3,1,medium,music_single_rank1_fallback
rho_scan,rho_0.5,0,17,common_el_refocus_power_rank1,level2_rank1_fallback,1,1,0,0,0,0,0,0,0.5967141,0.090857,6.56761834531186,0.847737802743391,0.0067598,0.0038787,0.0797372,0.5060464,0,0.0001921,0.0064895,0.0807019,0.0033766,0,0,1,1,1,0,0,3,3,1,medium,music_single_rank1_fallback
rho_scan,rho_0.5,0,18,common_el_refocus_power_rank1,level2_rank1_fallback,1,1,0,0,0,0,0,0,0.6100245,0.0923593,6.60490605710524,0.848597392399813,0.0063589,0.0035186,0.0837656,0.5161044,0,0.0001838,0.0067594,0.0821628,0.0031772,0,0,1,1,1,0,0,3,3,1,medium,music_single_rank1_fallback
rho_scan,rho_0.5,0,19,common_el_refocus_power_rank1,level2_rank1_fallback,1,1,0,0,0,0,0,0,0.6086349,0.0927791,6.56004315627119,0.84756197845375,0.0065073,0.0036353,0.0794093,0.5187625,0,0.0001916,0.0061895,0.0827474,0.0036002,0,0,1,1,1,0,0,3,3,1,medium,music_single_rank1_fallback
rho_scan,rho_0.5,0,20,common_el_refocus_power_rank1,level2_rank1_fallback,1,1,0,0,0,0,0,0,0.6044683,0.0902252,6.69955067985441,0.850736258625969,0.0064816,0.0035204,0.0811391,0.5128953,0,0.0002821,0.0063036,0.0799816,0.0036678,0,0,1,1,1,0,0,3,3,1,medium,music_single_rank1_fallback
rho_scan,rho_0.5,0,21,common_el_refocus_power_rank1,level2_rank1_fallback,1,1,0,0,0,0,0,0,0.6108282,0.0929113,6.57431550306583,0.847892909986802,0.0064709,0.0035541,0.0805396,0.519968,0,0.0001947,0.0071663,0.0817753,0.0037151,0,0,1,1,1,0,0,3,3,1,medium,music_single_rank1_fallback
rho_scan,rho_0.5,0,22,common_el_refocus_power_rank1,level2_rank1_fallback,1,1,0,0,0,0,0,0,0.6167489,0.0911905,6.76330209835454,0.852143230413544,0.0063924,0.0035951,0.0816746,0.5247876,0,0.0002012,0.0063105,0.0815326,0.0031172,0,0,1,1,1,0,0,3,3,1,medium,music_single_rank1_fallback
rho_scan,rho_0.5,0,23,common_el_refocus_power_rank1,level2_rank1_fallback,1,1,0,0,0,0,0,0,0.6153262,0.0970862,6.33793680255278,0.842219947728538,0.0064724,0.0039418,0.078892,0.5257372,0,0.0001869,0.0063012,0.0865153,0.004036,0,0,1,1,1,0,0,3,3,1,medium,music_single_rank1_fallback
rho_scan,rho_0.5,0,24,common_el_refocus_power_rank1,level2_rank1_fallback,1,1,0,0,0,0,0,0,0.6034593,0.0907888,6.64684740849092,0.849552737027998,0.0064845,0.0034913,0.085849,0.5073437,0,0.0001855,0.0068528,0.080517,0.0031821,0,0,1,1,1,0,0,3,3,1,medium,music_single_rank1_fallback
rho_scan,rho_0.5,0,25,common_el_refocus_power_rank1,level2_rank1_fallback,1,1,0,0,0,0,0,0,0.6104204,0.0891587,6.84644796301427,0.853938859186226,0.0061114,0.0038918,0.0804222,0.5196155,0,0.0002622,0.006337,0.0792274,0.0032882,0,0,1,1,1,0,0,3,3,1,medium,music_single_rank1_fallback
rho_scan,rho_0.5,0,26,common_el_refocus_power_rank1,level2_rank1_fallback,1,1,0,0,0,0,0,0,0.6121088,0.1076382,5.68672460148906,0.824151850128605,0.0070038,0.0036832,0.0791609,0.5218172,0,0.0003418,0.0082054,0.0954635,0.0036872,0,0,1,1,1,0,0,3,3,1,medium,music_single_rank1_fallback
rho_scan,rho_0.5,0,27,common_el_refocus_power_rank1,level2_rank1_fallback,1,1,0,0,0,0,0,0,0.6117634,0.0936922,6.5295019222518,0.846848961542976,0.007024,0.0039719,0.0813543,0.5190791,0,0.0002306,0.0067482,0.0834176,0.0032558,0,0,1,1,1,0,0,3,3,1,medium,music_single_rank1_fallback
rho_scan,rho_0.5,0,28,common_el_refocus_power_rank1,level2_rank1_fallback,1,1,0,0,0,0,0,0,0.6080835,0.0907753,6.69877709024371,0.850719021318618,0.0065749,0.0034737,0.0808437,0.5169117,0,0.0001838,0.0062257,0.0804303,0.0038839,0,0,1,1,1,0,0,3,3,1,medium,music_single_rank1_fallback
rho_scan,rho_0.5,0,29,common_el_refocus_power_rank1,level2_rank1_fallback,1,1,0,0,0,0,0,0,0.6084453,0.0913971,6.65716198872831,0.849785839417282,0.0068914,0.0029576,0.0788653,0.5194573,0,0.0001813,0.006306,0.0811806,0.0036242,0,0,1,1,1,0,0,3,3,1,medium,music_single_rank1_fallback
rho_scan,rho_0.5,0,30,common_el_refocus_power_rank1,level2_rank1_fallback,1,1,0,0,0,0,0,0,0.6092503,0.0912471,6.67692781469219,0.85023052101903,0.0062139,0.0039914,0.0815802,0.5171494,0,0.0002038,0.006205,0.0814385,0.0033426,0,0,1,1,1,0,0,3,3,1,medium,music_single_rank1_fallback
rho_scan,rho_0.5,8,1,common_el_refocus_power_rank1,common_el_refocus_power_rank1,1,1,1,0,0,0,0,0,0.6295463,0.0891149,7.06443366934149,0.858445836311007,0.0074151,0.0040397,0.094895,0.5229006,0,0.0001982,0.0062311,0.0822377,0,0,0,1,1,0,0,0,2,2,1,medium,ok
rho_scan,rho_0.5,8,2,common_el_refocus_power_rank1,level2_rank1_fallback,1,1,0,0,0,0,0,0,0.6586387,0.1058273,6.22371259589917,0.839324200050802,0.0073632,0.0041627,0.0987697,0.5480355,0,0.000201,0.0076592,0.0936087,0.0042731,0,0,1,1,1,0,0,3,3,1,medium,music_single_rank1_fallback
rho_scan,rho_0.5,8,3,level2_music_or_center_real,level2_music_or_center_real,1,1,1,0,0,0,0,0,0.6403362,0.0870723,7.35407471721776,0.864020962738012,0.0072661,0.0042039,0.0886149,0.5399143,0,0.0002187,0.0063349,0.0805307,0,0,0,1,1,0,0,0,2,1,1,medium,ok
rho_scan,rho_0.5,8,4,level2_music_or_center_real,level2_music_or_center_real,1,1,1,0,0,0,0,0,0.6140741,0.0876219,7.0082262539388,0.857310542815598,0.0066071,0.0033238,0.0793021,0.5245548,0,0.0001901,0.0064243,0.081,0,0,0,1,1,0,0,0,2,1,1,medium,ok
rho_scan,rho_0.5,8,5,low_confidence,low_confidence,1,1,1,0,0,0,1,0,0.6187114,0.6147498,1.00644424772485,0.00640298530138605,0.0067379,0.0038186,0.083869,0.5239701,0,0.0002241,0.0067525,0.0811123,0.0031739,0.5232739,0,1,1,1,1,0,4,6,0,low,no_reliable_observable_route
rho_scan,rho_0.5,8,6,level2_music_or_center_real,level2_music_or_center_real,1,1,1,0,0,0,0,0,0.6194545,0.0895706,6.91582394223104,0.855404069225423,0.0067471,0.0037656,0.0871358,0.5214415,0,0.0002033,0.0064397,0.0829263,0,0,0,1,1,0,0,0,2,1,1,medium,ok
rho_scan,rho_0.5,8,7,level2_music_or_center_real,level2_music_or_center_real,1,1,1,0,0,0,0,0,0.6200489,0.0880632,7.04095354245587,0.857973782390389,0.0065671,0.0036179,0.0857028,0.5237839,0,0.0002235,0.0062848,0.0815829,0,0,0,1,1,0,0,0,2,1,1,medium,ok
rho_scan,rho_0.5,8,8,low_confidence,low_confidence,1,1,1,0,0,0,1,0,0.6279059,0.6014201,1.04403876757694,0.0421811612217691,0.0066779,0.0040857,0.0837443,0.533051,0,0.0002446,0.0063158,0.0805831,0.0035718,0.5105387,0,1,1,1,1,0,4,6,0,low,no_reliable_observable_route
rho_scan,rho_0.5,8,9,common_el_refocus_power_rank1,level2_rank1_fallback,1,1,0,0,0,0,0,0,0.6245115,0.0895725,6.97213430461358,0.856571896594378,0.0062707,0.0040035,0.0832836,0.5306706,0,0.0001817,0.0063063,0.0794883,0.0035494,0,0,1,1,1,0,0,3,3,1,medium,music_single_rank1_fallback
rho_scan,rho_0.5,8,10,common_el_refocus_power_rank1,level2_rank1_fallback,1,1,0,0,0,0,0,0,0.6082089,0.088486,6.87350428316344,0.854513802741131,0.0067103,0.0034386,0.0807523,0.5169257,0,0.0002395,0.0064018,0.078723,0.0030559,0,0,1,1,1,0,0,3,3,1,medium,music_single_rank1_fallback
rho_scan,rho_0.5,8,11,common_el_refocus_power_rank1,common_el_refocus_power_rank1,1,1,1,0,0,0,0,0,0.6158853,0.0985805,6.24753678465822,0.83993691682526,0.0066457,0.0038207,0.0805116,0.5246284,0,0.0001836,0.0066041,0.0917521,0,0,0,1,1,0,0,0,2,2,1,medium,ok
rho_scan,rho_0.5,8,12,common_el_refocus_power_rank1,level2_rank1_fallback,1,1,0,0,0,0,0,0,0.6172379,0.0985638,6.26231841710648,0.840314731159574,0.0064434,0.0038758,0.0807684,0.5258527,0,0.0001962,0.0067436,0.0880322,0.0035404,0,0,1,1,1,0,0,3,3,1,medium,music_single_rank1_fallback
rho_scan,rho_0.5,8,13,level2_music_or_center_real,level2_music_or_center_real,1,1,1,0,0,0,0,0,0.6126749,0.087475,7.004,0.857224443175328,0.0072309,0.0039153,0.0891036,0.5121387,0,0.0001896,0.0067847,0.0804983,0,0,0,1,1,0,0,0,2,1,1,medium,ok
rho_scan,rho_0.5,8,14,common_el_refocus_power_rank1,common_el_refocus_power_rank1,1,1,1,0,0,0,0,0,0.6273645,0.0874943,7.1703470968966,0.860536737415011,0.0068777,0.0040326,0.0881181,0.5280383,0,0.0001976,0.0064581,0.0808493,0,0,0,1,1,0,0,0,2,2,1,medium,ok
rho_scan,rho_0.5,8,15,level2_music_or_center_real,level2_music_or_center_real,1,1,1,0,0,0,0,0,0.6160353,0.0870354,7.07798550934447,0.858716862491484,0.0070217,0.0036663,0.0828386,0.5222112,0,0.0001936,0.0063652,0.0804811,0,0,0,1,1,0,0,0,2,1,1,medium,ok
rho_scan,rho_0.5,8,16,low_confidence,low_confidence,0,0,1,0,0,0,1,0,0.6212706,0.6193505,1.00310018317576,0.00309060174423192,0.0067853,0.0039482,0.0790083,0.5310708,0,0.0002971,0.0067066,0.0797906,0.0030139,0.5294135,0,1,1,1,1,0,4,6,0,low,no_reliable_observable_route
rho_scan,rho_0.5,8,17,common_el_refocus_power_rank1,common_el_refocus_power_rank1,1,1,1,0,0,0,0,0,0.6248702,0.0872622,7.16083481736651,0.860351477794908,0.0064051,0.0034876,0.081309,0.5333438,0,0.0002047,0.0071434,0.079934,0,0,0,1,1,0,0,0,2,2,1,medium,ok
rho_scan,rho_0.5,8,18,level2_music_or_center_real,level2_music_or_center_real,1,1,1,0,0,0,0,0,0.6230079,0.0856976,7.26984069565542,0.862445403982839,0.0065657,0.0039038,0.0906958,0.5215384,0,0.0002047,0.0062115,0.0793225,0,0,0,1,1,0,0,0,2,1,1,medium,ok
rho_scan,rho_0.5,8,19,common_el_refocus_power_rank1,common_el_refocus_power_rank1,1,1,1,0,0,0,0,0,0.6039866,0.0860235,7.02118142135579,0.857573826969009,0.0064676,0.0036601,0.0819265,0.5114989,0,0.0002684,0.0066613,0.079184,0,0,0,1,1,0,0,0,2,2,1,medium,ok
rho_scan,rho_0.5,8,20,common_el_refocus_power_rank1,common_el_refocus_power_rank1,1,1,1,0,0,0,0,0,0.6140677,0.0888962,6.90769346721232,0.855233877307014,0.0066047,0.0034657,0.082541,0.5211159,0,0.0002022,0.0064973,0.0822112,0,0,0,1,1,0,0,0,2,2,1,medium,ok
rho_scan,rho_0.5,8,21,common_el_refocus_power_rank1,common_el_refocus_power_rank1,1,1,1,0,0,0,0,0,0.6120755,0.0918844,6.66136471479381,0.849880611133757,0.0066106,0.0035128,0.0802511,0.5211932,0,0.0004098,0.0070488,0.0844978,0,0,0,1,1,0,0,0,2,2,1,medium,ok
rho_scan,rho_0.5,8,22,common_el_refocus_power_rank1,level2_rank1_fallback,1,1,0,0,0,0,0,0,0.6406622,0.091862,6.9741808364721,0.856613984717687,0.0068837,0.0042297,0.0890414,0.5402189,0,0.0001854,0.0066193,0.0809228,0.00406,0,0,1,1,1,0,0,3,3,1,medium,music_single_rank1_fallback
rho_scan,rho_0.5,8,23,common_el_refocus_power_rank1,level2_rank1_fallback,1,1,0,0,0,0,0,0,0.6470954,0.0980212,6.60158618747781,0.848521253589502,0.006755,0.0040358,0.0942281,0.5417831,0,0.0001873,0.0065518,0.0877273,0.0034865,0,0,1,1,1,0,0,3,3,1,medium,music_single_rank1_fallback
rho_scan,rho_0.5,8,24,common_el_refocus_power_rank1,common_el_refocus_power_rank1,1,1,1,0,0,0,0,0,0.6353949,0.0942825,6.73926656590566,0.851615900599769,0.00605,0.0038811,0.0837001,0.5414612,0,0.000198,0.0067298,0.0873622,0,0,0,1,1,0,0,0,2,2,1,medium,ok
rho_scan,rho_0.5,8,25,common_el_refocus_power_rank1,level2_rank1_fallback,1,1,0,0,0,0,0,0,0.6062999,0.0894702,6.7765568870976,0.85243243483959,0.006473,0.004077,0.0800219,0.5154508,0,0.000181,0.0062034,0.0793196,0.0037099,0,0,1,1,1,0,0,3,3,1,medium,music_single_rank1_fallback
rho_scan,rho_0.5,8,26,level2_music_or_center_real,level2_music_or_center_real,1,1,1,0,0,0,0,0,0.618739,0.0869663,7.11469845215906,0.859445905300943,0.006923,0.0036223,0.0829611,0.5249426,0,0.0001915,0.0061605,0.0806268,0,0,0,1,1,0,0,0,2,1,1,medium,ok
rho_scan,rho_0.5,8,27,common_el_refocus_power_rank1,common_el_refocus_power_rank1,1,1,1,0,0,0,0,0,0.6336249,0.0877638,7.21966118148941,0.861489344878965,0.0065143,0.0039872,0.0818449,0.5409907,0,0.0001877,0.0066676,0.0809248,0,0,0,1,1,0,0,0,2,2,1,medium,ok
rho_scan,rho_0.5,8,28,common_el_refocus_power_rank1,level2_rank1_fallback,1,1,0,0,0,0,0,0,0.6035852,0.0909801,6.63425518327634,0.849267178850641,0.006663,0.0041135,0.0812947,0.5112342,0,0.0001804,0.0067017,0.0800655,0.0039638,0,0,1,1,1,0,0,3,3,1,medium,music_single_rank1_fallback
rho_scan,rho_0.5,8,29,common_el_refocus_power_rank1,common_el_refocus_power_rank1,1,1,1,0,0,0,0,0,0.6067976,0.0871986,6.95879979724445,0.856297058524951,0.0066538,0.0032255,0.0820806,0.5145334,0,0.0001984,0.0064295,0.0806034,0,0,0,1,1,0,0,0,2,2,1,medium,ok
rho_scan,rho_0.5,8,30,level2_music_or_center_real,level2_music_or_center_real,1,1,1,0,0,0,0,0,0.6131643,0.0856282,7.16077530533165,0.860350317198832,0.00644,0.0037648,0.0798468,0.5227248,0,0.0002523,0.0068086,0.0785935,0,0,0,1,1,0,0,0,2,1,1,medium,ok
rho_scan,rho_0.5,16,1,level2_music_or_center_real,level2_music_or_center_real,1,1,1,0,0,0,0,0,0.6863031,0.0904671,7.58621753101404,0.868182002966328,0.0066955,0.0043944,0.0947256,0.5485858,0.0315942,0.000261,0.0066917,0.0835706,0,0,0,1,1,0,0,0,2,1,1,medium,ok
rho_scan,rho_0.5,16,2,level2_music_or_center_real,level2_music_or_center_real,1,1,1,0,0,0,0,0,0.6728437,0.0909686,7.39643899103647,0.864799804174432,0.0072715,0.0040527,0.0875391,0.5411371,0.0325799,0.0002187,0.0066484,0.0841124,0,0,0,1,1,0,0,0,2,1,1,medium,ok
rho_scan,rho_0.5,16,3,common_el_refocus_power_rank1,common_el_refocus_power_rank1,1,1,1,0,0,0,0,0,0.6595398,0.0969234,6.80475303177561,0.853043895152347,0.0068487,0.0039017,0.0807166,0.5329628,0.0347894,0.0002724,0.006949,0.0897415,0,0,0,1,1,0,0,0,2,2,1,medium,ok
rho_scan,rho_0.5,16,4,level2_music_or_center_real,level2_music_or_center_real,1,1,1,0,0,0,0,0,0.6622617,0.0856049,7.73625925618744,0.870738561508238,0.0077921,0.0046383,0.088133,0.5277927,0.0336485,0.0002133,0.006733,0.0786752,0,0,0,1,1,0,0,0,2,1,1,medium,ok
rho_scan,rho_0.5,16,5,level2_music_or_center_real,level2_music_or_center_real,1,1,1,0,0,0,0,0,0.6361472,0.0866443,7.3420548149157,0.863798347300751,0.0066231,0.0038715,0.0812299,0.514749,0.0293696,0.0002568,0.0062634,0.0801415,0,0,0,1,1,0,0,0,2,1,1,medium,ok
rho_scan,rho_0.5,16,6,level2_music_or_center_real,level2_music_or_center_real,1,1,1,0,0,0,0,0,0.6480472,0.0871686,7.43441101497558,0.865490353171806,0.0069429,0.0037751,0.0813623,0.5258981,0.0297667,0.0002556,0.0066514,0.0802882,0,0,0,1,1,0,0,0,2,1,1,medium,ok
rho_scan,rho_0.5,16,7,level2_music_or_center_real,level2_music_or_center_real,1,1,1,0,0,0,0,0,0.6404801,0.0898275,7.13011160279424,0.859749740858459,0.0066301,0.0035653,0.0800705,0.5186855,0.0312196,0.0002617,0.007004,0.0826218,0,0,0,1,1,0,0,0,2,1,1,medium,ok
rho_scan,rho_0.5,16,8,level2_music_or_center_real,level2_music_or_center_real,1,1,1,0,0,0,0,0,0.6479289,0.0939662,6.89534002652017,0.854974519580775,0.0063914,0.0033077,0.0813039,0.5252231,0.0314053,0.0002444,0.0065636,0.0871525,0,0,0,1,1,0,0,0,2,1,1,medium,ok
rho_scan,rho_0.5,16,9,common_el_refocus_power_rank1,common_el_refocus_power_rank1,1,1,1,0,0,0,0,0,0.6453006,0.0854075,7.55554957117349,0.867646953993224,0.0070056,0.0043224,0.0812852,0.5234029,0.0290132,0.0002274,0.006494,0.0787044,0,0,0,1,1,0,0,0,2,2,1,medium,ok
rho_scan,rho_0.5,16,10,common_el_refocus_power_rank1,common_el_refocus_power_rank1,1,1,1,0,0,0,0,0,0.6491199,0.0966045,6.71935468844619,0.851176184861995,0.0067557,0.0033533,0.080914,0.5245831,0.0331984,0.0002688,0.0066005,0.0897483,0,0,0,1,1,0,0,0,2,2,1,medium,ok
rho_scan,rho_0.5,16,11,level2_music_or_center_real,level2_music_or_center_real,1,1,1,0,0,0,0,0,0.6419235,0.0880039,7.29426195884501,0.862905938168645,0.0061214,0.0033542,0.0793255,0.5211816,0.0316684,0.0002293,0.0066585,0.0811441,0,0,0,1,1,0,0,0,2,1,1,medium,ok
rho_scan,rho_0.5,16,12,level2_music_or_center_real,level2_music_or_center_real,1,1,1,0,0,0,0,0,0.6412009,0.0858514,7.46872968874124,0.866108422492857,0.0063197,0.0034211,0.0804238,0.5205683,0.0301642,0.0002578,0.006173,0.0794737,0,0,0,1,1,0,0,0,2,1,1,medium,ok
rho_scan,rho_0.5,16,13,level2_music_or_center_real,level2_music_or_center_real,1,1,1,0,0,0,0,0,0.6542485,0.0869981,7.52026193675494,0.867025908351337,0.0065201,0.0031143,0.0862002,0.5276888,0.0303538,0.0003232,0.0067869,0.0799754,0,0,0,1,1,0,0,0,2,1,1,medium,ok
rho_scan,rho_0.5,16,14,level2_music_or_center_real,level2_music_or_center_real,1,1,1,0,0,0,0,0,0.6409476,0.0889363,7.20681656421506,0.861242479104376,0.0065105,0.0035586,0.0821873,0.5162499,0.0321207,0.0002722,0.0063689,0.0823576,0,0,0,1,1,0,0,0,2,1,1,medium,ok
rho_scan,rho_0.5,16,15,common_el_refocus_power_rank1,common_el_refocus_power_rank1,1,1,1,0,0,0,0,0,0.6434344,0.0885401,7.26715239761419,0.862394519161549,0.0071797,0.0040179,0.0811375,0.5188252,0.0319464,0.0002792,0.006407,0.0819031,0,0,0,1,1,0,0,0,2,2,1,medium,ok
rho_scan,rho_0.5,16,16,level2_music_or_center_real,level2_music_or_center_real,1,1,1,0,0,0,0,0,0.6530844,0.0839835,7.77634178142135,0.871404829146126,0.0065296,0.0037124,0.0790867,0.5332254,0.0302592,0.0002274,0.0061762,0.0775931,0,0,0,1,1,0,0,0,2,1,1,medium,ok
rho_scan,rho_0.5,16,17,level2_music_or_center_real,level2_music_or_center_real,1,1,1,0,0,0,0,0,0.6516179,0.0880723,7.39867018347426,0.864840576049246,0.0069154,0.0038023,0.0802054,0.5291761,0.0312143,0.0002574,0.0064887,0.0813642,0,0,0,1,1,0,0,0,2,1,1,medium,ok
rho_scan,rho_0.5,16,18,level2_music_or_center_real,level2_music_or_center_real,1,1,1,0,0,0,0,0,0.6384988,0.0922093,6.92445122129764,0.855584223494234,0.0062925,0.0038429,0.0785374,0.5172101,0.0323348,0.0002366,0.0063983,0.0855604,0,0,0,1,1,0,0,0,2,1,1,medium,ok
rho_scan,rho_0.5,16,19,level2_music_or_center_real,level2_music_or_center_real,1,1,1,0,0,0,0,0,0.6426461,0.0863991,7.4381110451382,0.865557263943561,0.006486,0.0031676,0.0829141,0.5172459,0.0324932,0.0002911,0.0061834,0.0799933,0,0,0,1,1,0,0,0,2,1,1,medium,ok
rho_scan,rho_0.5,16,20,common_el_refocus_power_rank1,common_el_refocus_power_rank1,1,1,1,0,0,0,0,0,0.6401481,0.0862899,7.41857505919001,0.865203224066431,0.0064699,0.004727,0.0831427,0.5139934,0.0315173,0.0002502,0.0065196,0.0795689,0,0,0,1,1,0,0,0,2,2,1,medium,ok
rho_scan,rho_0.5,16,21,level2_music_or_center_real,level2_music_or_center_real,1,1,1,0,0,0,0,0,0.6465415,0.0889483,7.2687336351566,0.862424453805363,0.0065679,0.0033246,0.0820128,0.5228538,0.0314043,0.0003329,0.0067155,0.0819998,0,0,0,1,1,0,0,0,2,1,1,medium,ok
rho_scan,rho_0.5,16,22,level2_music_or_center_real,level2_music_or_center_real,1,1,1,0,0,0,0,0,0.6355566,0.0985643,6.44814197432539,0.844916566046203,0.0064773,0.0040816,0.0771599,0.5150031,0.0325188,0.00027,0.0065857,0.0917131,0,0,0,1,1,0,0,0,2,1,1,medium,ok
rho_scan,rho_0.5,16,23,level2_music_or_center_real,level2_music_or_center_real,1,1,1,0,0,0,0,0,0.6427824,0.0893667,7.19263886884041,0.860968968658756,0.0062862,0.0036349,0.0814016,0.5209603,0.0302363,0.0002189,0.0066943,0.0824824,0,0,0,1,1,0,0,0,2,1,1,medium,ok
rho_scan,rho_0.5,16,24,level2_music_or_center_real,level2_music_or_center_real,1,1,1,0,0,0,0,0,0.6379209,0.0893112,7.14267527476957,0.859996435294721,0.006759,0.0035729,0.082236,0.5141926,0.0308488,0.0002635,0.0067919,0.0822872,0,0,0,1,1,0,0,0,2,1,1,medium,ok
rho_scan,rho_0.5,16,25,level2_music_or_center_real,level2_music_or_center_real,1,1,1,0,0,0,0,0,0.687294,0.0879446,7.81507903839463,0.872042241020582,0.0071823,0.0042269,0.0912125,0.5519456,0.032419,0.0002584,0.0066657,0.0810525,0,0,0,1,1,0,0,0,2,1,1,medium,ok
rho_scan,rho_0.5,16,26,level2_music_or_center_real,level2_music_or_center_real,1,1,1,0,0,0,0,0,0.644042,0.0859246,7.49543204158064,0.866585409026119,0.0065211,0.0033819,0.0806225,0.5195897,0.0336178,0.0002614,0.0071103,0.0785901,0,0,0,1,1,0,0,0,2,1,1,medium,ok
rho_scan,rho_0.5,16,27,low_confidence,low_confidence,1,1,1,0,0,0,1,0,0.646546,0.6269537,1.03124999501558,0.0303030256161201,0.0064362,0.0036344,0.0818498,0.5226452,0.0315956,0.0003353,0.0063386,0.0803816,0.0037505,0.535984,0,1,1,1,1,0,4,6,0,low,no_reliable_observable_route
rho_scan,rho_0.5,16,28,level2_music_or_center_real,level2_music_or_center_real,1,1,1,0,0,0,0,0,0.6756579,0.0895936,7.54136344560326,0.86739798350615,0.0064185,0.0038143,0.0915561,0.5412957,0.0322567,0.0002656,0.0064373,0.0829416,0,0,0,1,1,0,0,0,2,1,1,medium,ok
rho_scan,rho_0.5,16,29,common_el_refocus_power_rank1,common_el_refocus_power_rank1,1,1,1,0,0,0,0,0,0.6601556,0.0868992,7.59679720871999,0.868365579266464,0.0068736,0.0042638,0.097322,0.5200113,0.0314251,0.0002163,0.0065508,0.0801417,0,0,0,1,1,0,0,0,2,2,1,medium,ok
rho_scan,rho_0.5,16,30,level2_music_or_center_real,level2_music_or_center_real,1,1,1,0,0,0,0,0,0.6268686,0.0872241,7.18687381125171,0.86085744285166,0.0064286,0.0040542,0.0828521,0.5013677,0.0318441,0.000275,0.0060405,0.0809553,0,0,0,1,1,0,0,0,2,1,1,medium,ok
beta_scan,beta_1,0,1,common_el_refocus_power_rank1,level2_rank1_fallback,1,1,0,0,0,0,0,0,0.6341835,0.0905187,7.00610481591097,0.857267336662023,0.0067074,0.004309,0.0947224,0.5281566,0,0.000185,0.0060194,0.0807537,0.003519,0,0,1,1,1,0,0,3,3,1,medium,music_single_rank1_fallback
beta_scan,beta_1,0,2,low_confidence,low_confidence,0,0,1,0,0,0,1,0,0.666531,0.6223403,1.07100729295532,0.0662995419567882,0.0066889,0.0033706,0.0897508,0.5662403,0,0.0003303,0.0064874,0.0850105,0.0034418,0.5268546,0,1,1,1,1,0,4,6,0,low,no_reliable_observable_route
beta_scan,beta_1,0,3,common_el_refocus_power_rank1,level2_rank1_fallback,1,1,0,0,0,0,0,0,0.6216794,0.0891707,6.97179006108509,0.856564814597363,0.0068072,0.0039814,0.0890166,0.521477,0,0.0002541,0.0063532,0.0795218,0.0030541,0,0,1,1,1,0,0,3,3,1,medium,music_single_rank1_fallback
beta_scan,beta_1,0,4,common_el_refocus_power_rank1,level2_rank1_fallback,1,1,0,0,0,0,0,0,0.6135149,0.0904167,6.78541574731217,0.852625095168838,0.0069447,0.003823,0.0814545,0.5208947,0,0.0002444,0.0064148,0.080761,0.002928,0,0,1,1,1,0,0,3,3,1,medium,music_single_rank1_fallback
beta_scan,beta_1,0,5,common_el_refocus_power_rank1,level2_rank1_fallback,1,1,0,0,0,0,0,0,0.6093733,0.0894111,6.81540994350813,0.85327368297889,0.0066099,0.0037064,0.0805031,0.518285,0,0.0001758,0.006085,0.079569,0.0035173,0,0,1,1,1,0,0,3,3,1,medium,music_single_rank1_fallback
beta_scan,beta_1,0,6,common_el_refocus_power_rank1,level2_rank1_fallback,1,1,0,0,0,0,0,0,0.6114313,0.0953961,6.40939514298803,0.843979037383268,0.0062575,0.0034606,0.079383,0.5219676,0,0.0002648,0.0065289,0.0849344,0.0036467,0,0,1,1,1,0,0,3,3,1,medium,music_single_rank1_fallback
beta_scan,beta_1,0,7,common_el_refocus_power_rank1,level2_rank1_fallback,1,1,0,0,0,0,0,0,0.6159287,0.0916702,6.71896319632771,0.851167513382637,0.0064348,0.004353,0.0868014,0.5179753,0,0.000252,0.0064111,0.0809548,0.0040628,0,0,1,1,1,0,0,3,3,1,medium,music_single_rank1_fallback
beta_scan,beta_1,0,8,common_el_refocus_power_rank1,level2_rank1_fallback,1,1,0,0,0,0,0,0,0.6027201,0.0968799,6.22131216072684,0.839262204794564,0.0062645,0.0033359,0.0826807,0.5101536,0,0.000184,0.0066077,0.0866486,0.0033763,0,0,1,1,1,0,0,3,3,1,medium,music_single_rank1_fallback
beta_scan,beta_1,0,9,common_el_refocus_power_rank1,level2_rank1_fallback,1,1,0,0,0,0,0,0,0.6003478,0.0897183,6.69147542920452,0.85055612763135,0.006637,0.0041129,0.0811367,0.5080644,0,0.0002533,0.0076052,0.07826,0.0035868,0,0,1,1,1,0,0,3,3,1,medium,music_single_rank1_fallback
beta_scan,beta_1,0,10,common_el_refocus_power_rank1,level2_rank1_fallback,1,1,0,0,0,0,0,0,0.605007,0.0897295,6.74256515415777,0.851688492860413,0.006526,0.003742,0.0810197,0.5133003,0,0.0002588,0.0063718,0.0799907,0.0031149,0,0,1,1,1,0,0,3,3,1,medium,music_single_rank1_fallback
beta_scan,beta_1,0,11,common_el_refocus_power_rank1,level2_rank1_fallback,1,1,0,0,0,0,0,0,0.6089836,0.0900405,6.76344089604123,0.852146264694156,0.0068931,0.0038048,0.0799382,0.5180615,0,0.0001908,0.006191,0.0799081,0.0036943,0,0,1,1,1,0,0,3,3,1,medium,music_single_rank1_fallback
beta_scan,beta_1,0,12,common_el_refocus_power_rank1,level2_rank1_fallback,1,1,0,0,0,0,0,0,0.608013,0.0902994,6.73330055349205,0.851484425497481,0.0062742,0.003396,0.0809224,0.5171346,0,0.0001828,0.0065114,0.0798016,0.0037533,0,0,1,1,1,0,0,3,3,1,medium,music_single_rank1_fallback
beta_scan,beta_1,0,13,low_confidence,low_confidence,0,0,1,0,0,0,1,0,0.6051907,0.6134145,0.986593404622812,-0.013588774579649,0.0066545,0.0032214,0.0800523,0.5146842,0,0.0004514,0.0066253,0.0863869,0.0032829,0.5165678,0,1,1,1,1,0,4,6,0,low,no_reliable_observable_route
beta_scan,beta_1,0,14,common_el_refocus_power_rank1,level2_rank1_fallback,1,1,0,0,0,0,0,0,0.6069039,0.0903804,6.71499462272794,0.851079553122002,0.0065196,0.0034475,0.0787126,0.5178939,0,0.0002058,0.0064888,0.0799478,0.0036922,0,0,1,1,1,0,0,3,3,1,medium,music_single_rank1_fallback
beta_scan,beta_1,0,15,common_el_refocus_power_rank1,level2_rank1_fallback,1,1,0,0,0,0,0,0,0.6101553,0.0925997,6.5891714551991,0.848235850774385,0.0067059,0.0040449,0.088667,0.5103904,0,0.0002425,0.0063406,0.0820791,0.0038957,0,0,1,1,1,0,0,3,3,1,medium,music_single_rank1_fallback
beta_scan,beta_1,0,16,common_el_refocus_power_rank1,level2_rank1_fallback,1,1,0,0,0,0,0,0,0.6233224,0.0894354,6.96952660803217,0.856518231977545,0.0062645,0.0035946,0.0796003,0.5334712,0,0.0002549,0.0063788,0.0796283,0.0031875,0,0,1,1,1,0,0,3,3,1,medium,music_single_rank1_fallback
beta_scan,beta_1,0,17,common_el_refocus_power_rank1,level2_rank1_fallback,1,1,0,0,0,0,0,0,0.586131,0.089002,6.58559358216669,0.848153399154796,0.0068796,0.003535,0.0792037,0.4962289,0,0.0001821,0.0061613,0.0789263,0.003673,0,0,1,1,1,0,0,3,3,1,medium,music_single_rank1_fallback
beta_scan,beta_1,0,18,common_el_refocus_power_rank1,level2_rank1_fallback,1,1,0,0,0,0,0,0,0.6025344,0.0927525,6.49615266434867,0.846062731024154,0.007112,0.0041255,0.0817751,0.509194,0,0.0002169,0.0065248,0.0828377,0.0030742,0,0,1,1,1,0,0,3,3,1,medium,music_single_rank1_fallback
beta_scan,beta_1,0,19,common_el_refocus_power_rank1,level2_rank1_fallback,1,1,0,0,0,0,0,0,0.615764,0.0913907,6.73770963566315,0.851581612435933,0.0061297,0.0036847,0.0833304,0.5223138,0,0.0001986,0.0061098,0.0813668,0.0036722,0,0,1,1,1,0,0,3,3,1,medium,music_single_rank1_fallback
beta_scan,beta_1,0,20,common_el_refocus_power_rank1,level2_rank1_fallback,1,1,0,0,0,0,0,0,0.6061782,0.0901329,6.72538218563921,0.851309565405024,0.0063789,0.00339,0.0814405,0.5146126,0,0.0002545,0.0061789,0.0803032,0.0033751,0,0,1,1,1,0,0,3,3,1,medium,music_single_rank1_fallback
beta_scan,beta_1,0,21,common_el_refocus_power_rank1,level2_rank1_fallback,1,1,0,0,0,0,0,0,0.6000408,0.0880775,6.81264568136017,0.853214148104596,0.0066419,0.0033726,0.0790336,0.5106183,0,0.0002417,0.0061596,0.078012,0.0036104,0,0,1,1,1,0,0,3,3,1,medium,music_single_rank1_fallback
beta_scan,beta_1,0,22,common_el_refocus_power_rank1,level2_rank1_fallback,1,1,0,0,0,0,0,0,0.6065623,0.0899352,6.74443710582731,0.851729657448213,0.0060506,0.0035726,0.0816658,0.515003,0,0.0001787,0.0061466,0.0796835,0.0038775,0,0,1,1,1,0,0,3,3,1,medium,music_single_rank1_fallback
beta_scan,beta_1,0,23,common_el_refocus_power_rank1,level2_rank1_fallback,1,1,0,0,0,0,0,0,0.6254819,0.0946749,6.60662857842997,0.848636867030045,0.0071793,0.0045903,0.0915377,0.5218102,0,0.000222,0.0064351,0.084711,0.0032698,0,0,1,1,1,0,0,3,3,1,medium,music_single_rank1_fallback
beta_scan,beta_1,0,24,common_el_refocus_power_rank1,level2_rank1_fallback,1,1,0,0,0,0,0,0,0.5979135,0.0925374,6.46131726199353,0.845232797051747,0.0065666,0.0034229,0.081592,0.5060617,0,0.0001803,0.0062071,0.0828148,0.0032804,0,0,1,1,1,0,0,3,3,1,medium,music_single_rank1_fallback
beta_scan,beta_1,0,25,common_el_refocus_power_rank1,level2_rank1_fallback,1,1,0,0,0,0,0,0,0.5923673,0.0901944,6.56767271582271,0.847739063246739,0.0074343,0.0036764,0.080819,0.5001431,0,0.000188,0.006883,0.0795174,0.0035552,0,0,1,1,1,0,0,3,3,1,medium,music_single_rank1_fallback
beta_scan,beta_1,0,26,common_el_refocus_power_rank1,level2_rank1_fallback,1,1,0,0,0,0,0,0,0.6001807,0.0898808,6.67751844665379,0.850243768251795,0.0067616,0.0040386,0.0818463,0.5072582,0,0.0001824,0.0062624,0.079731,0.0036731,0,0,1,1,1,0,0,3,3,1,medium,music_single_rank1_fallback
beta_scan,beta_1,0,27,common_el_refocus_power_rank1,level2_rank1_fallback,1,1,0,0,0,0,0,0,0.5981566,0.0891024,6.71313679541741,0.851038340126983,0.0066645,0.0032332,0.0818319,0.5061323,0,0.0001944,0.0061371,0.0791301,0.0035886,0,0,1,1,1,0,0,3,3,1,medium,music_single_rank1_fallback
beta_scan,beta_1,0,28,common_el_refocus_power_rank1,level2_rank1_fallback,1,1,0,0,0,0,0,0,0.600158,0.0881364,6.8094226675925,0.853144671903066,0.0063394,0.0040612,0.078934,0.5105413,0,0.0001807,0.0061653,0.0784026,0.0033251,0,0,1,1,1,0,0,3,3,1,medium,music_single_rank1_fallback
beta_scan,beta_1,0,29,common_el_refocus_power_rank1,level2_rank1_fallback,1,1,0,0,0,0,0,0,0.607349,0.0893265,6.79920292410427,0.852923936649274,0.0062876,0.0037661,0.0816059,0.5153978,0,0.000192,0.0057915,0.0802459,0.0030645,0,0,1,1,1,0,0,3,3,1,medium,music_single_rank1_fallback
beta_scan,beta_1,0,30,common_el_refocus_power_rank1,level2_rank1_fallback,1,1,0,0,0,0,0,0,0.6070903,0.0905448,6.70486101907564,0.850854477497005,0.0065877,0.0037711,0.080413,0.5160284,0,0.0001927,0.0069034,0.0800803,0.0033171,0,0,1,1,1,0,0,3,3,1,medium,music_single_rank1_fallback
beta_scan,beta_1,8,1,low_confidence,low_confidence,0,0,1,0,0,0,1,0,0.6297338,0.6211023,1.01389706655409,0.0137065852269642,0.0090044,0.004477,0.0999643,0.5159646,0,0.0002165,0.0063563,0.0810121,0.0040525,0.5291493,0,1,1,1,1,0,4,6,0,low,no_reliable_observable_route
beta_scan,beta_1,8,2,low_confidence,low_confidence,0,0,1,0,0,0,1,0,0.6049041,0.5947588,1.01705783924509,0.0167717494392912,0.0067564,0.0040753,0.0849342,0.5088158,0,0.000224,0.0063905,0.082703,0.0031875,0.5020963,0,1,1,1,1,0,4,6,0,low,no_reliable_observable_route
beta_scan,beta_1,8,3,low_confidence,low_confidence,0,0,1,0,0,0,1,0,0.6050836,0.5913938,1.0231483657759,0.0226246422808354,0.0061096,0.0037163,0.0812704,0.5136388,0,0.0002512,0.0062942,0.0788908,0.0037663,0.5019781,0,1,1,1,1,0,4,6,0,low,no_reliable_observable_route
beta_scan,beta_1,8,4,common_el_refocus_power_rank1,level2_rank1_fallback,1,1,0,0,0,0,0,0,0.6122977,0.0956588,6.40085073197657,0.843770767063146,0.0079151,0.0033941,0.0905525,0.5100407,0,0.0002641,0.0066108,0.0850959,0.0036701,0,0,1,1,1,0,0,3,3,1,medium,music_single_rank1_fallback
beta_scan,beta_1,8,5,low_confidence,low_confidence,0,0,1,0,0,0,1,0,0.6064208,0.5968189,1.01608846502683,0.0158337247007357,0.006454,0.0043909,0.084632,0.5106295,0,0.0002163,0.006371,0.0800461,0.0034289,0.5065464,0,1,1,1,1,0,4,6,0,low,no_reliable_observable_route
beta_scan,beta_1,8,6,common_el_refocus_power_rank1,level2_rank1_fallback,1,1,0,0,0,0,0,0,0.6022081,0.0882991,6.82009329653417,0.853374439832344,0.0066186,0.0033411,0.0831505,0.5087873,0,0.0001895,0.0062442,0.0786622,0.0031559,0,0,1,1,1,0,0,3,3,1,medium,music_single_rank1_fallback
beta_scan,beta_1,8,7,common_el_refocus_power_rank1,level2_rank1_fallback,1,1,0,0,0,0,0,0,0.6010535,0.0877096,6.85276754197944,0.85407355584819,0.0066555,0.003783,0.0810793,0.5091637,0,0.0002277,0.006334,0.0775774,0.0035522,0,0,1,1,1,0,0,3,3,1,medium,music_single_rank1_fallback
beta_scan,beta_1,8,8,low_confidence,low_confidence,0,0,1,0,0,0,1,0,0.6125449,0.6029581,1.01589961226161,0.0156507710700063,0.0063367,0.0035465,0.0815902,0.5207578,0,0.0002194,0.0058478,0.0894571,0.0033651,0.5037494,0,1,1,1,1,0,4,6,0,low,no_reliable_observable_route
beta_scan,beta_1,8,9,low_confidence,low_confidence,0,0,1,0,0,0,1,0,0.6540869,0.6438848,1.01584460450068,0.0155974687767023,0.0066123,0.0037861,0.0901579,0.5530535,0,0.0003372,0.0076775,0.0924634,0.0041967,0.5389472,0,1,1,1,1,0,4,6,0,low,no_reliable_observable_route
beta_scan,beta_1,8,10,common_el_refocus_power_rank1,level2_rank1_fallback,1,1,0,0,0,0,0,0,0.5971916,0.0883607,6.75856574246243,0.852039613417201,0.0064982,0.0036183,0.0816463,0.5051386,0,0.0001917,0.0060945,0.0791045,0.0029274,0,0,1,1,1,0,0,3,3,1,medium,music_single_rank1_fallback
beta_scan,beta_1,8,11,low_confidence,low_confidence,0,0,1,0,0,0,1,0,0.6123926,0.5975293,1.02487459610767,0.0242708680673148,0.0063516,0.0048585,0.0800248,0.5208367,0,0.0002203,0.0064423,0.0824724,0.0031914,0.5049935,0,1,1,1,1,0,4,6,0,low,no_reliable_observable_route
beta_scan,beta_1,8,12,low_confidence,low_confidence,0,0,1,0,0,0,1,0,0.61977,0.6156794,1.00664404233762,0.00660019039321047,0.0064298,0.0040642,0.083851,0.5251019,0,0.0002186,0.0062566,0.0810826,0.0041833,0.5236928,0,1,1,1,1,0,4,6,0,low,no_reliable_observable_route
beta_scan,beta_1,8,13,low_confidence,low_confidence,0,0,1,0,0,0,1,0,0.5957384,0.6149535,0.968753572424582,-0.0322542579091762,0.0063009,0.00409,0.0784671,0.5063628,0,0.0003607,0.0060451,0.0783319,0.0034899,0.5266451,0,1,1,1,1,0,4,6,0,low,no_reliable_observable_route
beta_scan,beta_1,8,14,low_confidence,low_confidence,0,0,1,0,0,0,1,0,0.5983491,0.5977102,1.00106891266035,0.00106777130608204,0.0063319,0.003974,0.0806159,0.5069594,0,0.0003189,0.0063123,0.0801447,0.0041522,0.506657,0,1,1,1,1,0,4,6,0,low,no_reliable_observable_route
beta_scan,beta_1,8,15,common_el_refocus_power_rank1,level2_rank1_fallback,1,1,0,0,0,0,0,0,0.6073158,0.0904169,6.71683944041435,0.851120454959347,0.0061249,0.0042967,0.0803303,0.5162656,0,0.0001916,0.006664,0.0802544,0.0032657,0,0,1,1,1,0,0,3,3,1,medium,music_single_rank1_fallback
beta_scan,beta_1,8,16,low_confidence,low_confidence,0,0,1,0,0,0,1,0,0.6010723,0.6079161,0.988742196497181,-0.011385984681044,0.0066213,0.0035203,0.0794815,0.51112,0,0.0002236,0.0068984,0.0795246,0.0031677,0.5178707,0,1,1,1,1,0,4,6,0,low,no_reliable_observable_route
beta_scan,beta_1,8,17,low_confidence,low_confidence,0,0,1,0,0,0,1,0,0.5995811,0.5988667,1.00119291989353,0.00119149853122458,0.0063552,0.0034853,0.078807,0.5105077,0,0.000326,0.0064204,0.0793696,0.0033458,0.5092991,0,1,1,1,1,0,4,6,0,low,no_reliable_observable_route
beta_scan,beta_1,8,18,common_el_refocus_power_rank1,level2_rank1_fallback,1,1,0,0,0,0,0,0,0.6058795,0.0895403,6.76655651142558,0.852214342951032,0.0061916,0.0040568,0.0781927,0.5171607,0,0.0001827,0.0066012,0.0791546,0.0035702,0,0,1,1,1,0,0,3,3,1,medium,music_single_rank1_fallback
beta_scan,beta_1,8,19,low_confidence,low_confidence,0,0,1,0,0,0,1,0,0.6139798,0.6146149,0.998966670023782,-0.0010343988515582,0.0064809,0.0036607,0.081302,0.5222165,0,0.0002207,0.0064967,0.0881086,0.0031221,0.5163917,0,1,1,1,1,0,4,6,0,low,no_reliable_observable_route
beta_scan,beta_1,8,20,common_el_refocus_power_rank1,level2_rank1_fallback,1,1,0,0,0,0,0,0,0.6047075,0.0913776,6.61767763653237,0.848889587114431,0.0067714,0.0033299,0.0845179,0.5097499,0,0.0002402,0.0066168,0.0812193,0.003294,0,0,1,1,1,0,0,3,3,1,medium,music_single_rank1_fallback
beta_scan,beta_1,8,21,low_confidence,low_confidence,0,0,1,0,0,0,1,0,0.5942873,0.604008,0.983906338988888,-0.0163569034707625,0.0067013,0.0041993,0.0800335,0.5030424,0,0.0002146,0.0064773,0.0843196,0.0039062,0.508888,0,1,1,1,1,0,4,6,0,low,no_reliable_observable_route
beta_scan,beta_1,8,22,low_confidence,low_confidence,0,0,1,0,0,0,1,0,0.621025,0.5999578,1.0351144697177,0.0339232720099836,0.00624,0.003286,0.080659,0.5305233,0,0.0002151,0.0063957,0.0782448,0.0037206,0.5111939,0,1,1,1,1,0,4,6,0,low,no_reliable_observable_route
beta_scan,beta_1,8,23,low_confidence,low_confidence,0,0,1,0,0,0,1,0,0.6060991,0.6007336,1.00893157965527,0.00885251273265386,0.0065791,0.0041723,0.0832195,0.5118001,0,0.0002289,0.0065643,0.082392,0.0032003,0.508173,0,1,1,1,1,0,4,6,0,low,no_reliable_observable_route
beta_scan,beta_1,8,24,low_confidence,low_confidence,0,0,1,0,0,0,1,0,0.5967444,0.6001874,0.994263458379833,-0.00576963939669994,0.0063412,0.0040889,0.0811832,0.5047884,0,0.0002394,0.0060615,0.0788469,0.003311,0.5115262,0,1,1,1,1,0,4,6,0,low,no_reliable_observable_route
beta_scan,beta_1,8,25,low_confidence,low_confidence,0,0,1,0,0,0,1,0,0.6077668,0.6012978,1.01075839625557,0.0106438851217278,0.0062751,0.0038409,0.0810381,0.5162186,0,0.0002815,0.0063429,0.0813966,0.003342,0.5098218,0,1,1,1,1,0,4,6,0,low,no_reliable_observable_route
beta_scan,beta_1,8,26,low_confidence,low_confidence,0,0,1,0,0,0,1,0,0.6068895,0.6013362,1.00923493380242,0.00915043018539619,0.0065094,0.0035456,0.0801116,0.5164096,0,0.0002171,0.0060436,0.0804785,0.004066,0.5103407,0,1,1,1,1,0,4,6,0,low,no_reliable_observable_route
beta_scan,beta_1,8,27,low_confidence,low_confidence,0,0,1,0,0,0,1,0,0.6030392,0.6042175,0.998049874424359,-0.00195393599620042,0.0062118,0.0041495,0.0814493,0.5108597,0,0.0002582,0.0062871,0.079872,0.0031197,0.5144748,0,1,1,1,1,0,4,6,0,low,no_reliable_observable_route
beta_scan,beta_1,8,28,low_confidence,low_confidence,0,0,1,0,0,0,1,0,0.6064234,0.5959808,1.01752170539722,0.0172199819466069,0.0066266,0.0038257,0.0841954,0.5114615,0,0.0002176,0.0061552,0.0797603,0.0030696,0.5065942,0,1,1,1,1,0,4,6,0,low,no_reliable_observable_route
beta_scan,beta_1,8,29,low_confidence,low_confidence,0,0,1,0,0,0,1,0,0.5973582,0.6156905,0.970224812629072,-0.0306889568101687,0.0063512,0.0043318,0.0797543,0.5065837,0,0.0002381,0.0065663,0.0835126,0.0033212,0.5218815,0,1,1,1,1,0,4,6,0,low,no_reliable_observable_route
beta_scan,beta_1,8,30,low_confidence,low_confidence,0,0,1,0,0,0,1,0,0.6198692,0.6242462,0.992988343381185,-0.00706116709783289,0.0065734,0.0039145,0.0791452,0.5297978,0,0.0003251,0.007478,0.0928166,0.0037026,0.519763,0,1,1,1,1,0,4,6,0,low,no_reliable_observable_route
beta_scan,beta_1,16,1,common_el_refocus_power_rank1,level2_rank1_fallback,1,1,0,0,0,0,0,0,0.6302477,0.0923417,6.82516891068715,0.853483479590644,0.007483,0.0037509,0.0959774,0.5227062,0,0.000236,0.0067428,0.081326,0.0038851,0,0,1,1,1,0,0,3,3,1,medium,music_single_rank1_fallback
beta_scan,beta_1,16,2,common_el_refocus_power_rank1,level2_rank1_fallback,1,1,0,0,0,0,0,0,0.6318833,0.0912008,6.92848417996333,0.855668285583746,0.0069721,0.0040461,0.0920053,0.5285271,0,0.0001886,0.0068286,0.0808599,0.0032831,0,0,1,1,1,0,0,3,3,1,medium,music_single_rank1_fallback
beta_scan,beta_1,16,3,common_el_refocus_power_rank1,level2_rank1_fallback,1,1,0,0,0,0,0,0,0.5987347,0.0926887,6.45962992252561,0.845192369842603,0.0068532,0.003809,0.0810143,0.5067839,0,0.0001781,0.0065692,0.0826994,0.0032,0,0,1,1,1,0,0,3,3,1,medium,music_single_rank1_fallback
beta_scan,beta_1,16,4,low_confidence,low_confidence,0,0,1,0,0,0,1,0,0.6157643,0.6138322,1.00314760287909,0.0031377265619329,0.0069093,0.0036555,0.0807916,0.524091,0,0.0002213,0.0060565,0.0815028,0.0036046,0.5221894,0,1,1,1,1,0,4,6,0,low,no_reliable_observable_route
beta_scan,beta_1,16,5,low_confidence,low_confidence,0,0,1,0,0,0,1,0,0.6058664,0.6078291,0.996770967365663,-0.00323949306315718,0.0061121,0.0040204,0.0805058,0.5149131,0,0.0002168,0.0068772,0.0817282,0.0029867,0.5157362,0,1,1,1,1,0,4,6,0,low,no_reliable_observable_route
beta_scan,beta_1,16,6,low_confidence,low_confidence,0,0,1,0,0,0,1,0,0.6345863,0.6320003,1.0040917702096,0.00407509585378707,0.0067864,0.0040471,0.0782665,0.5450349,0,0.0003152,0.0068441,0.0855608,0.0036783,0.535367,0,1,1,1,1,0,4,6,0,low,no_reliable_observable_route
beta_scan,beta_1,16,7,common_el_refocus_power_rank1,level2_rank1_fallback,1,1,0,0,0,0,0,0,0.6262184,0.0911717,6.86856118729825,0.854409100722687,0.0061614,0.0041666,0.0864068,0.5291824,0,0.0001935,0.0067679,0.0810392,0.0031114,0,0,1,1,1,0,0,3,3,1,medium,music_single_rank1_fallback
beta_scan,beta_1,16,8,common_el_refocus_power_rank1,level2_rank1_fallback,1,1,0,0,0,0,0,0,0.6282763,0.1151167,5.45773376060989,0.816773766573719,0.0068318,0.0039206,0.0819054,0.5353378,0,0.0001848,0.0064987,0.1035431,0.0048173,0,0,1,1,1,0,0,3,3,1,medium,music_single_rank1_fallback
beta_scan,beta_1,16,9,low_confidence,low_confidence,0,0,1,0,0,0,1,0,0.6585975,0.5991971,1.09913332357583,0.0901922646229296,0.0070419,0.0041747,0.1058059,0.5408383,0,0.0005418,0.006306,0.0794107,0.0036569,0.5092531,0,1,1,1,1,0,4,6,0,low,no_reliable_observable_route
beta_scan,beta_1,16,10,common_el_refocus_power_rank1,level2_rank1_fallback,1,1,0,0,0,0,0,0,0.6079788,0.092131,6.59906871736983,0.848463466160333,0.0068066,0.0032727,0.08464,0.5129699,0,0.0001869,0.0061785,0.0824523,0.0032682,0,0,1,1,1,0,0,3,3,1,medium,music_single_rank1_fallback
beta_scan,beta_1,16,11,low_confidence,low_confidence,0,0,1,0,0,0,1,0,0.6058159,0.6079692,0.996458208738206,-0.00355438013429499,0.0062007,0.0039244,0.0823834,0.5129811,0,0.0002282,0.006473,0.082206,0.0031645,0.5155788,0,1,1,1,1,0,4,6,0,low,no_reliable_observable_route
beta_scan,beta_1,16,12,low_confidence,low_confidence,0,0,1,0,0,0,1,0,0.6063635,0.6077095,0.997785125952449,-0.00221979060415078,0.006421,0.0038392,0.0834499,0.512344,0,0.0002135,0.0071328,0.083555,0.0046615,0.5119183,0,1,1,1,1,0,4,6,0,low,no_reliable_observable_route
beta_scan,beta_1,16,13,low_confidence,low_confidence,0,0,1,0,0,0,1,0,0.6050572,0.5929329,1.02044801359479,0.0200382707618387,0.0060362,0.0039317,0.0825497,0.5122214,0,0.0002194,0.0064332,0.0788942,0.0035036,0.5036928,0,1,1,1,1,0,4,6,0,low,no_reliable_observable_route
beta_scan,beta_1,16,14,low_confidence,low_confidence,0,0,1,0,0,0,1,0,0.5986511,0.5952533,1.00570815819081,0.00567576005456272,0.0063876,0.0033281,0.0800462,0.5085411,0,0.0002396,0.0061659,0.0795859,0.002944,0.5061131,0,1,1,1,1,0,4,6,0,low,no_reliable_observable_route
beta_scan,beta_1,16,15,common_el_refocus_power_rank1,level2_rank1_fallback,1,1,0,0,0,0,0,0,0.6053432,0.0920638,6.57525759310391,0.847914703592937,0.0062974,0.0032513,0.0852787,0.5101309,0,0.0002468,0.0061986,0.0818114,0.0038107,0,0,1,1,1,0,0,3,3,1,medium,music_single_rank1_fallback
beta_scan,beta_1,16,16,common_el_refocus_power_rank1,level2_rank1_fallback,1,1,0,0,0,0,0,0,0.6212857,0.0897388,6.92326730466643,0.855559527605416,0.0063722,0.0030988,0.0844677,0.5270646,0,0.000189,0.0065771,0.0793837,0.0035306,0,0,1,1,1,0,0,3,3,1,medium,music_single_rank1_fallback
beta_scan,beta_1,16,17,low_confidence,low_confidence,0,0,1,0,0,0,1,0,0.6062348,0.5992675,1.01162636051513,0.0114927417561644,0.0063091,0.003939,0.0772467,0.5184227,0,0.000216,0.0061107,0.0800874,0.0038492,0.5088256,0,1,1,1,1,0,4,6,0,low,no_reliable_observable_route
beta_scan,beta_1,16,18,low_confidence,low_confidence,0,0,1,0,0,0,1,0,0.6072868,0.5968159,1.01754460630154,0.0172421004375528,0.0063787,0.0031906,0.0798271,0.517521,0,0.0002689,0.0064711,0.0786668,0.0030692,0.5081692,0,1,1,1,1,0,4,6,0,low,no_reliable_observable_route
beta_scan,beta_1,16,19,low_confidence,low_confidence,0,0,1,0,0,0,1,0,0.6111653,0.6097747,1.00228051442607,0.00227532551340859,0.0072746,0.0036698,0.0876936,0.5122017,0,0.0002271,0.006326,0.0809707,0.0035662,0.518443,0,1,1,1,1,0,4,6,0,low,no_reliable_observable_route
beta_scan,beta_1,16,20,low_confidence,low_confidence,0,0,1,0,0,0,1,0,0.5977059,0.5991985,0.997509005780222,-0.00249721476732945,0.006212,0.003364,0.0794991,0.508295,0,0.0002346,0.006675,0.0804258,0.0033408,0.5083515,0,1,1,1,1,0,4,6,0,low,no_reliable_observable_route
beta_scan,beta_1,16,21,low_confidence,low_confidence,0,0,1,0,0,0,1,0,0.5873182,0.598847,0.980748338056298,-0.0196295636675314,0.0062941,0.0036329,0.077544,0.4994956,0,0.0002573,0.006056,0.0801904,0.0033601,0.5088213,0,1,1,1,1,0,4,6,0,low,no_reliable_observable_route
beta_scan,beta_1,16,22,low_confidence,low_confidence,0,0,1,0,0,0,1,0,0.6163866,0.6004968,1.0264610902173,0.0257789510673982,0.0066925,0.0035769,0.0815201,0.524276,0,0.0002207,0.0064297,0.0812343,0.0033571,0.509057,0,1,1,1,1,0,4,6,0,low,no_reliable_observable_route
beta_scan,beta_1,16,23,common_el_refocus_power_rank1,level2_rank1_fallback,1,1,0,0,0,0,0,0,0.6015276,0.0888333,6.77142017689313,0.852320492027299,0.0062673,0.0037486,0.0792928,0.5119058,0,0.0002092,0.0066919,0.078236,0.0036236,0,0,1,1,1,0,0,3,3,1,medium,music_single_rank1_fallback
beta_scan,beta_1,16,24,low_confidence,low_confidence,0,0,1,0,0,0,1,0,0.6059667,0.6012934,1.00777207932101,0.00771213995752573,0.0065861,0.0037214,0.0816083,0.5137375,0,0.0002177,0.006252,0.080223,0.004085,0.5103329,0,1,1,1,1,0,4,6,0,low,no_reliable_observable_route
beta_scan,beta_1,16,25,low_confidence,low_confidence,0,0,1,0,0,0,1,0,0.6003295,0.6077387,0.987808576284512,-0.0123418889126721,0.0067087,0.0038507,0.079439,0.51002,0,0.0002142,0.0061546,0.0786397,0.0035979,0.5189371,0,1,1,1,1,0,4,6,0,low,no_reliable_observable_route
beta_scan,beta_1,16,26,low_confidence,low_confidence,0,0,1,0,0,0,1,0,0.6166439,0.6114836,1.00843898348214,0.00836836300496935,0.0066151,0.0036015,0.0800557,0.5260631,0,0.0002138,0.006432,0.081102,0.0033193,0.5201449,0,1,1,1,1,0,4,6,0,low,no_reliable_observable_route
beta_scan,beta_1,16,27,low_confidence,low_confidence,0,0,1,0,0,0,1,0,0.6122542,0.5984664,1.02303855320867,0.0225197311835509,0.0069152,0.0033695,0.0801048,0.5214187,0,0.0003,0.0062657,0.0793572,0.0033066,0.5090607,0,1,1,1,1,0,4,6,0,low,no_reliable_observable_route
beta_scan,beta_1,16,28,low_confidence,low_confidence,0,0,1,0,0,0,1,0,0.605366,0.607766,0.996051111776572,-0.00396454376360755,0.0064658,0.0036195,0.0777465,0.5172206,0,0.0002168,0.0068073,0.0809535,0.0033662,0.5161133,0,1,1,1,1,0,4,6,0,low,no_reliable_observable_route
beta_scan,beta_1,16,29,low_confidence,low_confidence,0,0,1,0,0,0,1,0,0.6092343,0.6127231,0.994306073983501,-0.00572653246870702,0.00658,0.0034671,0.080649,0.5182152,0,0.0002269,0.0064194,0.0798441,0.0037809,0.5222792,0,1,1,1,1,0,4,6,0,low,no_reliable_observable_route
beta_scan,beta_1,16,30,common_el_refocus_power_rank1,level2_rank1_fallback,1,1,0,0,0,0,0,0,0.6090062,0.0897332,6.7868548095911,0.852656344056924,0.0065518,0.0039565,0.0796287,0.5184318,0,0.0002931,0.0066124,0.079789,0.0030421,0,0,1,1,1,0,0,3,3,1,medium,music_single_rank1_fallback
beta_scan,beta_0.5,0,1,common_el_refocus_power_rank1,level2_rank1_fallback,1,1,0,0,0,0,0,0,0.6369293,0.0992052,6.42032171700677,0.844244565291627,0.0072816,0.0035981,0.096001,0.5296603,0,0.0002478,0.0064623,0.088224,0.0042684,0,0,1,1,1,0,0,3,3,1,medium,music_single_rank1_fallback
beta_scan,beta_0.5,0,2,common_el_refocus_power_rank1,level2_rank1_fallback,1,1,0,0,0,0,0,0,0.6086086,0.0951807,6.39424379102066,0.843609341044474,0.0065495,0.0035515,0.0807819,0.5174477,0,0.0001824,0.0063718,0.0849659,0.0035978,0,0,1,1,1,0,0,3,3,1,medium,music_single_rank1_fallback
beta_scan,beta_0.5,0,3,common_el_refocus_power_rank1,level2_rank1_fallback,0,0,0,0,1,0,0,0,0.6179067,0.0982345,6.2901190518606,0.841020497107411,0.0063594,0.0037976,0.0823597,0.5251009,0,0.0001886,0.0067104,0.0879787,0.0033034,0,0,1,1,1,0,0,3,3,1,medium,music_single_rank1_fallback
beta_scan,beta_0.5,0,4,common_el_refocus_power_rank1,level2_rank1_fallback,1,1,0,0,0,0,0,0,0.6054817,0.0914357,6.62193978938205,0.848986847992268,0.0068752,0.0042543,0.079141,0.5147529,0,0.0003508,0.0066768,0.0808078,0.0036838,0,0,1,1,1,0,0,3,3,1,medium,music_single_rank1_fallback
beta_scan,beta_0.5,0,5,common_el_refocus_power_rank1,level2_rank1_fallback,1,1,0,0,0,0,0,0,0.644446,0.1070513,6.01997360144155,0.833886314757171,0.006365,0.0037406,0.0803306,0.553719,0,0.0001911,0.0076628,0.0945391,0.0045321,0,0,1,1,1,0,0,3,3,1,medium,music_single_rank1_fallback
beta_scan,beta_0.5,0,6,common_el_refocus_power_rank1,level2_rank1_fallback,0,0,0,0,1,0,0,0,0.6182202,0.094041,6.5739432800587,0.847884297536703,0.0077066,0.0035199,0.0875554,0.5191525,0,0.0001849,0.0069152,0.0831218,0.0037912,0,0,1,1,1,0,0,3,3,1,medium,music_single_rank1_fallback
beta_scan,beta_0.5,0,7,common_el_refocus_power_rank1,level2_rank1_fallback,1,1,0,0,0,0,0,0,0.6543805,0.0933441,7.01041094188063,0.857355009814626,0.0066883,0.0038612,0.091112,0.5524158,0,0.000203,0.006279,0.0832971,0.0034833,0,0,1,1,1,0,0,3,3,1,medium,music_single_rank1_fallback
beta_scan,beta_0.5,0,8,common_el_refocus_power_rank1,level2_rank1_fallback,1,1,0,0,0,0,0,0,0.6222572,0.0893937,6.96086189518948,0.856339629336551,0.0067449,0.003966,0.0898317,0.5214353,0,0.0001831,0.0064476,0.0794711,0.0032421,0,0,1,1,1,0,0,3,3,1,medium,music_single_rank1_fallback
beta_scan,beta_0.5,0,9,common_el_refocus_power_rank1,level2_rank1_fallback,1,1,0,0,0,0,0,0,0.6034851,0.0921153,6.55141002634741,0.847361103033033,0.0068028,0.0041698,0.0787462,0.513467,0,0.0001848,0.006615,0.0817079,0.00355,0,0,1,1,1,0,0,3,3,1,medium,music_single_rank1_fallback
beta_scan,beta_0.5,0,10,common_el_refocus_power_rank1,level2_rank1_fallback,1,1,0,0,0,0,0,0,0.6107797,0.0912672,6.69221472774447,0.850572636909838,0.0063709,0.0033269,0.0813275,0.5193055,0,0.0002741,0.0063744,0.0811492,0.0034516,0,0,1,1,1,0,0,3,3,1,medium,music_single_rank1_fallback
beta_scan,beta_0.5,0,11,common_el_refocus_power_rank1,level2_rank1_fallback,0,0,0,0,1,0,0,0,0.6086575,0.0892459,6.8200051767084,0.853372545314894,0.0066622,0.0033677,0.0817368,0.5166034,0,0.000191,0.006114,0.0794424,0.0034353,0,0,1,1,1,0,0,3,3,1,medium,music_single_rank1_fallback
beta_scan,beta_0.5,0,12,common_el_refocus_power_rank1,level2_rank1_fallback,1,1,0,0,0,0,0,0,0.6133879,0.0903454,6.78936503684748,0.852710821325298,0.0067014,0.0037514,0.0794108,0.5231035,0,0.0002813,0.006234,0.0803395,0.0035052,0,0,1,1,1,0,0,3,3,1,medium,music_single_rank1_fallback
beta_scan,beta_0.5,0,13,common_el_refocus_power_rank1,level2_rank1_fallback,1,1,0,0,0,0,0,0,0.5974649,0.0918423,6.50533468782903,0.846280007411314,0.0070924,0.0033292,0.0797173,0.5070404,0,0.0001844,0.0062944,0.0818577,0.0034353,0,0,1,1,1,0,0,3,3,1,medium,music_single_rank1_fallback
beta_scan,beta_0.5,0,14,common_el_refocus_power_rank1,level2_rank1_fallback,1,1,0,0,0,0,0,0,0.6091418,0.0906382,6.72058580157152,0.851203447210485,0.0061147,0.0038201,0.0805207,0.5182903,0,0.0002554,0.0064435,0.0806698,0.0032654,0,0,1,1,1,0,0,3,3,1,medium,music_single_rank1_fallback
beta_scan,beta_0.5,0,15,common_el_refocus_power_rank1,level2_rank1_fallback,1,1,0,0,0,0,0,0,0.608721,0.092316,6.59388405043546,0.84834431537601,0.0068284,0.0039453,0.0820307,0.5153037,0,0.0005036,0.005743,0.0824059,0.0039142,0,0,1,1,1,0,0,3,3,1,medium,music_single_rank1_fallback
beta_scan,beta_0.5,0,16,common_el_refocus_power_rank1,level2_rank1_fallback,1,1,0,0,0,0,0,0,0.6029607,0.1014589,5.94290594516597,0.831732151034056,0.0063077,0.0036124,0.0807277,0.5120054,0,0.0001886,0.0071092,0.0902178,0.0038583,0,0,1,1,1,0,0,3,3,1,medium,music_single_rank1_fallback
beta_scan,beta_0.5,0,17,common_el_refocus_power_rank1,level2_rank1_fallback,1,1,0,0,0,0,0,0,0.601443,0.0922796,6.51761602781113,0.846569666618449,0.0066372,0.004011,0.081962,0.5085514,0,0.0001816,0.0067215,0.0817644,0.0035155,0,0,1,1,1,0,0,3,3,1,medium,music_single_rank1_fallback
beta_scan,beta_0.5,0,18,common_el_refocus_power_rank1,level2_rank1_fallback,1,1,0,0,0,0,0,0,0.6089081,0.0909008,6.69860001232112,0.850715075066336,0.006683,0.0035629,0.0829077,0.5154696,0,0.000187,0.0065856,0.0802327,0.0038472,0,0,1,1,1,0,0,3,3,1,medium,music_single_rank1_fallback
beta_scan,beta_0.5,0,19,common_el_refocus_power_rank1,level2_rank1_fallback,0,0,0,0,1,0,0,0,0.6072775,0.0879172,6.90737989835891,0.855227305474021,0.0066348,0.0038064,0.079874,0.5166749,0,0.000186,0.006499,0.0780318,0.0031301,0,0,1,1,1,0,0,3,3,1,medium,music_single_rank1_fallback
beta_scan,beta_0.5,0,20,common_el_refocus_power_rank1,level2_rank1_fallback,1,1,0,0,0,0,0,0,0.5970798,0.094212,6.33761941153993,0.842212046028018,0.0067044,0.0034757,0.0798936,0.5067197,0,0.0001859,0.0062369,0.0844037,0.0033184,0,0,1,1,1,0,0,3,3,1,medium,music_single_rank1_fallback
beta_scan,beta_0.5,0,21,common_el_refocus_power_rank1,level2_rank1_fallback,1,1,0,0,0,0,0,0,0.6195997,0.0900014,6.88433402147078,0.854742666918657,0.0067095,0.0033405,0.080666,0.5285238,0,0.000228,0.0062131,0.080051,0.0035171,0,0,1,1,1,0,0,3,3,1,medium,music_single_rank1_fallback
beta_scan,beta_0.5,0,22,common_el_refocus_power_rank1,level2_rank1_fallback,0,0,0,0,1,0,0,0,0.6042689,0.0896089,6.74340272004232,0.851706913925241,0.0063792,0.0033414,0.0803004,0.5137808,0,0.0003575,0.0064212,0.0789546,0.0039251,0,0,1,1,1,0,0,3,3,1,medium,music_single_rank1_fallback
beta_scan,beta_0.5,0,23,common_el_refocus_power_rank1,level2_rank1_fallback,0,0,0,0,1,0,0,0,0.6076151,0.0893574,6.79982967275234,0.852937492830576,0.0065364,0.0036654,0.078217,0.5189204,0,0.0001816,0.006322,0.079348,0.0034506,0,0,1,1,1,0,0,3,3,1,medium,music_single_rank1_fallback
beta_scan,beta_0.5,0,24,common_el_refocus_power_rank1,level2_rank1_fallback,1,1,0,0,0,0,0,0,0.595538,0.0902824,6.59639088017155,0.848401949161934,0.0065053,0.0036703,0.0788451,0.5062434,0,0.0001811,0.0067825,0.0799452,0.003335,0,0,1,1,1,0,0,3,3,1,medium,music_single_rank1_fallback
beta_scan,beta_0.5,0,25,common_el_refocus_power_rank1,level2_rank1_fallback,1,1,0,0,0,0,0,0,0.6260064,0.0908605,6.88975297296405,0.854856915200867,0.006027,0.0033222,0.0857463,0.5306306,0,0.0001792,0.0066516,0.0805361,0.0034255,0,0,1,1,1,0,0,3,3,1,medium,music_single_rank1_fallback
beta_scan,beta_0.5,0,26,common_el_refocus_power_rank1,level2_rank1_fallback,1,1,0,0,0,0,0,0,0.6049123,0.0889936,6.79725620718793,0.852881814438225,0.0069301,0.0035964,0.0819637,0.5121255,0,0.0001887,0.0062797,0.078951,0.0035178,0,0,1,1,1,0,0,3,3,1,medium,music_single_rank1_fallback
beta_scan,beta_0.5,0,27,common_el_refocus_power_rank1,level2_rank1_fallback,0,0,0,0,1,0,0,0,0.6209318,0.0993099,6.25246626972739,0.840063111600984,0.0063318,0.003254,0.080238,0.5308185,0,0.0001872,0.0068741,0.088674,0.0035371,0,0,1,1,1,0,0,3,3,1,medium,music_single_rank1_fallback
beta_scan,beta_0.5,0,28,common_el_refocus_power_rank1,level2_rank1_fallback,1,1,0,0,0,0,0,0,0.6035088,0.0925188,6.52309368474299,0.846698507130302,0.0069336,0.0033471,0.0811854,0.5117403,0,0.000187,0.0068086,0.0823144,0.0031677,0,0,1,1,1,0,0,3,3,1,medium,music_single_rank1_fallback
beta_scan,beta_0.5,0,29,common_el_refocus_power_rank1,level2_rank1_fallback,1,1,0,0,0,0,0,0,0.6069705,0.0897648,6.76178747125822,0.852110110787921,0.0066511,0.0036926,0.0807015,0.5155278,0,0.000254,0.0063826,0.0799669,0.0031381,0,0,1,1,1,0,0,3,3,1,medium,music_single_rank1_fallback
beta_scan,beta_0.5,0,30,common_el_refocus_power_rank1,level2_rank1_fallback,1,1,0,0,0,0,0,0,0.618985,0.0930109,6.65497269674845,0.849736423338207,0.0066834,0.0042997,0.0855387,0.5221755,0,0.0001828,0.0065996,0.0827107,0.003429,0,0,1,1,1,0,0,3,3,1,medium,music_single_rank1_fallback
beta_scan,beta_0.5,8,1,common_el_refocus_power_rank1,level2_rank1_fallback,1,1,0,0,0,0,0,0,0.6425519,0.1011347,6.35342666760271,0.842604620731804,0.0071356,0.0039409,0.0972003,0.5339853,0,0.0001871,0.0061111,0.0899556,0.0048118,0,0,1,1,1,0,0,3,3,1,medium,music_single_rank1_fallback
beta_scan,beta_0.5,8,2,common_el_refocus_power_rank1,level2_rank1_fallback,1,1,0,0,0,0,0,0,0.6411609,0.0895439,7.16029679296971,0.860340984610883,0.0076396,0.0040254,0.0924789,0.5367386,0,0.0001789,0.006423,0.0792752,0.0035905,0,0,1,1,1,0,0,3,3,1,medium,music_single_rank1_fallback
beta_scan,beta_0.5,8,3,common_el_refocus_power_rank1,level2_rank1_fallback,1,1,0,0,0,0,0,0,0.6379449,0.0931071,6.85173203762119,0.854051501940058,0.0077639,0.0036217,0.0901227,0.5360494,0,0.0002401,0.0068092,0.0820355,0.004025,0,0,1,1,1,0,0,3,3,1,medium,music_single_rank1_fallback
beta_scan,beta_0.5,8,4,common_el_refocus_power_rank1,level2_rank1_fallback,0,0,0,0,1,0,0,0,0.6365168,0.1073776,5.92783597323837,0.831304374055799,0.0072557,0.0049402,0.0959345,0.5280813,0,0.0002009,0.0076066,0.0956562,0.0038618,0,0,1,1,1,0,0,3,3,1,medium,music_single_rank1_fallback
beta_scan,beta_0.5,8,5,common_el_refocus_power_rank1,level2_rank1_fallback,1,1,0,0,0,0,0,0,0.6367382,0.0947768,6.71829181825088,0.85115264012745,0.0073031,0.0038044,0.0887267,0.536601,0,0.0002027,0.0062315,0.0849232,0.0033934,0,0,1,1,1,0,0,3,3,1,medium,music_single_rank1_fallback
beta_scan,beta_0.5,8,6,common_el_refocus_power_rank1,level2_rank1_fallback,1,1,0,0,0,0,0,0,0.5974896,0.0980623,6.09295927180986,0.835876139099325,0.0069285,0.0042741,0.0802917,0.5055808,0,0.0002715,0.0064597,0.0878808,0.003453,0,0,1,1,1,0,0,3,3,1,medium,music_single_rank1_fallback
beta_scan,beta_0.5,8,7,common_el_refocus_power_rank1,level2_rank1_fallback,1,1,0,0,0,0,0,0,0.6182323,0.0909473,6.79769822743501,0.852891380796506,0.0068476,0.0044608,0.0884612,0.5181754,0,0.0001826,0.007467,0.0800233,0.003213,0,0,1,1,1,0,0,3,3,1,medium,music_single_rank1_fallback
beta_scan,beta_0.5,8,8,common_el_refocus_power_rank1,level2_rank1_fallback,1,1,0,0,0,0,0,0,0.6209238,0.0970486,6.39807065738197,0.84370288270477,0.0062599,0.0040783,0.0798034,0.5303276,0,0.0003116,0.0075885,0.0859751,0.0032032,0,0,1,1,1,0,0,3,3,1,medium,music_single_rank1_fallback
beta_scan,beta_0.5,8,9,common_el_refocus_power_rank1,level2_rank1_fallback,1,1,0,0,0,0,0,0,0.5930826,0.089753,6.60794179581741,0.848666947909111,0.0064357,0.0036898,0.0778963,0.5047608,0,0.0002074,0.0066884,0.0792236,0.0035993,0,0,1,1,1,0,0,3,3,1,medium,music_single_rank1_fallback
beta_scan,beta_0.5,8,10,common_el_refocus_power_rank1,level2_rank1_fallback,0,0,0,0,1,0,0,0,0.6091427,0.0886346,6.87251592493225,0.85449287991139,0.0065561,0.0042532,0.0863385,0.5115834,0,0.0002678,0.0064573,0.0786939,0.0032164,0,0,1,1,1,0,0,3,3,1,medium,music_single_rank1_fallback
beta_scan,beta_0.5,8,11,common_el_refocus_power_rank1,level2_rank1_fallback,1,1,0,0,0,0,0,0,0.6079362,0.0892242,6.81357972388657,0.853234270306654,0.0060078,0.0034793,0.0777596,0.5204071,0,0.0001846,0.0069675,0.0785697,0.0034423,0,0,1,1,1,0,0,3,3,1,medium,music_single_rank1_fallback
beta_scan,beta_0.5,8,12,common_el_refocus_power_rank1,level2_rank1_fallback,1,1,0,0,0,0,0,0,0.5961019,0.099834,5.97093074503676,0.832521922845742,0.0060144,0.0038526,0.0785773,0.5073743,0,0.0001841,0.0064094,0.0894377,0.003739,0,0,1,1,1,0,0,3,3,1,medium,music_single_rank1_fallback
beta_scan,beta_0.5,8,13,common_el_refocus_power_rank1,level2_rank1_fallback,1,1,0,0,0,0,0,0,0.6038399,0.0911467,6.6249233378718,0.849054857090431,0.0070096,0.0034631,0.0883533,0.5047294,0,0.0001844,0.0065676,0.0810829,0.0032469,0,0,1,1,1,0,0,3,3,1,medium,music_single_rank1_fallback
beta_scan,beta_0.5,8,14,common_el_refocus_power_rank1,level2_rank1_fallback,1,1,0,0,0,0,0,0,0.5980966,0.089592,6.67578131976069,0.850204799692892,0.0062809,0.0039456,0.078475,0.5091084,0,0.0001863,0.006265,0.0796628,0.0034128,0,0,1,1,1,0,0,3,3,1,medium,music_single_rank1_fallback
beta_scan,beta_0.5,8,15,common_el_refocus_power_rank1,level2_rank1_fallback,0,0,0,0,1,0,0,0,0.5990737,0.0920839,6.50573770224763,0.846289529986043,0.006421,0.0036401,0.0792109,0.5095252,0,0.0001782,0.00675,0.0820391,0.0030697,0,0,1,1,1,0,0,3,3,1,medium,music_single_rank1_fallback
beta_scan,beta_0.5,8,16,common_el_refocus_power_rank1,level2_rank1_fallback,1,1,0,0,0,0,0,0,0.6130523,0.0997237,6.14750856616832,0.837332475548987,0.0065393,0.0036114,0.0809651,0.5216319,0,0.0002011,0.0063542,0.0892354,0.0038933,0,0,1,1,1,0,0,3,3,1,medium,music_single_rank1_fallback
beta_scan,beta_0.5,8,17,common_el_refocus_power_rank1,level2_rank1_fallback,1,1,0,0,0,0,0,0,0.6490089,0.0979548,6.62559568290681,0.849070174538439,0.0068347,0.0042777,0.0928077,0.5446427,0,0.0003079,0.0070227,0.0870383,0.0035986,0,0,1,1,1,0,0,3,3,1,medium,music_single_rank1_fallback
beta_scan,beta_0.5,8,18,common_el_refocus_power_rank1,level2_rank1_fallback,1,1,0,0,0,0,0,0,0.6487964,0.0920793,7.04606138404614,0.858076740253183,0.0073951,0.0036086,0.0943673,0.54299,0,0.0002866,0.0073501,0.0810339,0.0033803,0,0,1,1,1,0,0,3,3,1,medium,music_single_rank1_fallback
beta_scan,beta_0.5,8,19,common_el_refocus_power_rank1,level2_rank1_fallback,1,1,0,0,0,0,0,0,0.6419051,0.0908663,7.06428125718776,0.858442782274202,0.0073717,0.0039192,0.0902101,0.5401135,0,0.0001831,0.0068719,0.0805223,0.0032255,0,0,1,1,1,0,0,3,3,1,medium,music_single_rank1_fallback
beta_scan,beta_0.5,8,20,common_el_refocus_power_rank1,level2_rank1_fallback,0,0,0,0,1,0,0,0,0.6025384,0.0918532,6.55979759006763,0.847556271932212,0.0064712,0.0040091,0.0798509,0.5118483,0,0.0002638,0.0064144,0.0817835,0.0033425,0,0,1,1,1,0,0,3,3,1,medium,music_single_rank1_fallback
beta_scan,beta_0.5,8,21,common_el_refocus_power_rank1,level2_rank1_fallback,0,0,0,0,1,0,0,0,0.6022364,0.0887053,6.78918170616637,0.852706844023377,0.0068025,0.0037187,0.0819714,0.509412,0,0.0001891,0.0063632,0.0790901,0.0030194,0,0,1,1,1,0,0,3,3,1,medium,music_single_rank1_fallback
beta_scan,beta_0.5,8,22,common_el_refocus_power_rank1,level2_rank1_fallback,1,1,0,0,0,0,0,0,0.6039774,0.0892606,6.76645014709738,0.852212019853723,0.0067863,0.0039818,0.0798214,0.5130967,0,0.0001882,0.0064368,0.0793669,0.0032455,0,0,1,1,1,0,0,3,3,1,medium,music_single_rank1_fallback
beta_scan,beta_0.5,8,23,common_el_refocus_power_rank1,level2_rank1_fallback,1,1,0,0,0,0,0,0,0.6125085,0.0926716,6.60945208672344,0.84870152822369,0.0068426,0.0036897,0.0795105,0.5221252,0,0.0002328,0.0066908,0.0823614,0.0033459,0,0,1,1,1,0,0,3,3,1,medium,music_single_rank1_fallback
beta_scan,beta_0.5,8,24,common_el_refocus_power_rank1,level2_rank1_fallback,1,1,0,0,0,0,0,0,0.6024691,0.0890202,6.76777967247883,0.852241052694653,0.0064719,0.0036156,0.0797031,0.5124025,0,0.0001811,0.0059929,0.0793353,0.003459,0,0,1,1,1,0,0,3,3,1,medium,music_single_rank1_fallback
beta_scan,beta_0.5,8,25,common_el_refocus_power_rank1,level2_rank1_fallback,1,1,0,0,0,0,0,0,0.591885,0.0928625,6.37377843585947,0.843107191430768,0.0069268,0.0035664,0.0792533,0.5018661,0,0.0001783,0.0064008,0.0829537,0.0032984,0,0,1,1,1,0,0,3,3,1,medium,music_single_rank1_fallback
beta_scan,beta_0.5,8,26,common_el_refocus_power_rank1,level2_rank1_fallback,0,0,0,0,1,0,0,0,0.6187917,0.0888328,6.96580204609108,0.856441513355787,0.0069128,0.0042785,0.089667,0.5176319,0,0.0001956,0.0066507,0.0781301,0.0037666,0,0,1,1,1,0,0,3,3,1,medium,music_single_rank1_fallback
beta_scan,beta_0.5,8,27,common_el_refocus_power_rank1,level2_rank1_fallback,1,1,0,0,0,0,0,0,0.6119094,0.0943511,6.48545062007756,0.845808709590015,0.0064281,0.0037126,0.0808722,0.520581,0,0.0002194,0.0065322,0.0842243,0.0033335,0,0,1,1,1,0,0,3,3,1,medium,music_single_rank1_fallback
beta_scan,beta_0.5,8,28,common_el_refocus_power_rank1,level2_rank1_fallback,1,1,0,0,0,0,0,0,0.6065168,0.0905142,6.70079169898204,0.850763902994938,0.0063652,0.0043216,0.0813485,0.5141882,0,0.0001915,0.0071658,0.0799686,0.0031214,0,0,1,1,1,0,0,3,3,1,medium,music_single_rank1_fallback
beta_scan,beta_0.5,8,29,common_el_refocus_power_rank1,level2_rank1_fallback,0,0,0,0,1,0,0,0,0.6124755,0.091285,6.70948677219696,0.850957303598266,0.0067544,0.0036398,0.078563,0.5231315,0,0.0002494,0.0066632,0.080654,0.0036932,0,0,1,1,1,0,0,3,3,1,medium,music_single_rank1_fallback
beta_scan,beta_0.5,8,30,common_el_refocus_power_rank1,level2_rank1_fallback,1,1,0,0,0,0,0,0,0.6277488,0.0938069,6.69192564726049,0.850566181886767,0.0063892,0.0035408,0.0822536,0.5351585,0,0.0002606,0.0063674,0.083144,0.0040156,0,0,1,1,1,0,0,3,3,1,medium,music_single_rank1_fallback
beta_scan,beta_0.5,16,1,common_el_refocus_power_rank1,level2_rank1_fallback,1,1,0,0,0,0,0,0,0.6286836,0.0903945,6.95488774206395,0.856216227049664,0.0068705,0.0043409,0.0945407,0.5226478,0,0.0001834,0.006175,0.0800862,0.003892,0,0,1,1,1,0,0,3,3,1,medium,music_single_rank1_fallback
beta_scan,beta_0.5,16,2,common_el_refocus_power_rank1,level2_rank1_fallback,1,1,0,0,0,0,0,0,0.6345258,0.0893322,7.10299085883925,0.85921423526041,0.0065735,0.0034946,0.0879339,0.536126,0,0.0002691,0.0065812,0.0793642,0.0031161,0,0,1,1,1,0,0,3,3,1,medium,music_single_rank1_fallback
beta_scan,beta_0.5,16,3,common_el_refocus_power_rank1,level2_rank1_fallback,1,1,0,0,0,0,0,0,0.6112741,0.0904509,6.75807648127327,0.852028901600771,0.0066453,0.0040873,0.0767264,0.5235096,0,0.0002037,0.0063647,0.0801915,0.0036838,0,0,1,1,1,0,0,3,3,1,medium,music_single_rank1_fallback
beta_scan,beta_0.5,16,4,low_confidence,low_confidence,0,0,1,0,0,0,1,0,0.6117306,0.6069737,1.00783707761967,0.00777613544262801,0.0063434,0.0032059,0.0784671,0.5233127,0,0.0002812,0.007001,0.0815474,0.0040567,0.5139469,0,1,1,1,1,0,4,6,0,low,no_reliable_observable_route
beta_scan,beta_0.5,16,5,common_el_refocus_power_rank1,level2_rank1_fallback,1,1,0,0,0,0,0,0,0.6146104,0.0960384,6.39963181394109,0.843741010565392,0.0060823,0.0031721,0.0795639,0.5255019,0,0.0001871,0.0061746,0.0855994,0.0040391,0,0,1,1,1,0,0,3,3,1,medium,music_single_rank1_fallback
beta_scan,beta_0.5,16,6,common_el_refocus_power_rank1,level2_rank1_fallback,1,1,0,0,0,0,0,0,0.6080062,0.0875279,6.94642736773075,0.856041106159773,0.0062629,0.003539,0.0796539,0.5182781,0,0.0001772,0.0060658,0.0779206,0.0032989,0,0,1,1,1,0,0,3,3,1,medium,music_single_rank1_fallback
beta_scan,beta_0.5,16,7,common_el_refocus_power_rank1,level2_rank1_fallback,1,1,0,0,0,0,0,0,0.6077479,0.0888568,6.83963298250668,0.853793324501821,0.0067308,0.0035723,0.0819477,0.515176,0,0.0001865,0.0062289,0.0792116,0.0031601,0,0,1,1,1,0,0,3,3,1,medium,music_single_rank1_fallback
beta_scan,beta_0.5,16,8,common_el_refocus_power_rank1,level2_rank1_fallback,1,1,0,0,0,0,0,0,0.6073441,0.0901666,6.73579906528582,0.851539514420244,0.0066629,0.0039565,0.078514,0.5177876,0,0.0002817,0.006736,0.0801638,0.0030268,0,0,1,1,1,0,0,3,3,1,medium,music_single_rank1_fallback
beta_scan,beta_0.5,16,9,common_el_refocus_power_rank1,level2_rank1_fallback,1,1,0,0,0,0,0,0,0.6109055,0.089214,6.84764162575381,0.85396432017718,0.0065316,0.0039072,0.0792567,0.5209121,0,0.0001864,0.0065474,0.0786618,0.0037335,0,0,1,1,1,0,0,3,3,1,medium,music_single_rank1_fallback
beta_scan,beta_0.5,16,10,common_el_refocus_power_rank1,level2_rank1_fallback,1,1,0,0,0,0,0,0,0.6159048,0.0919747,6.69645891750666,0.850667343394629,0.0066351,0.0038548,0.0806356,0.5243525,0,0.0002782,0.0065773,0.0817004,0.0034099,0,0,1,1,1,0,0,3,3,1,medium,music_single_rank1_fallback
beta_scan,beta_0.5,16,11,common_el_refocus_power_rank1,level2_rank1_fallback,1,1,0,0,0,0,0,0,0.6052753,0.0891698,6.7878956776846,0.852678937997305,0.0074483,0.0033974,0.0800445,0.5141,0,0.0001861,0.0064163,0.0786853,0.0038345,0,0,1,1,1,0,0,3,3,1,medium,music_single_rank1_fallback
beta_scan,beta_0.5,16,12,common_el_refocus_power_rank1,level2_rank1_fallback,1,1,0,0,0,0,0,0,0.6221674,0.0944436,6.58771372544037,0.848202268392719,0.0066305,0.0036558,0.0810173,0.5305357,0,0.000212,0.006834,0.0843889,0.0029842,0,0,1,1,1,0,0,3,3,1,medium,music_single_rank1_fallback
beta_scan,beta_0.5,16,13,common_el_refocus_power_rank1,level2_rank1_fallback,1,1,0,0,0,0,0,0,0.6167552,0.0911215,6.76849261700038,0.85225661656359,0.0067682,0.0042531,0.0790242,0.5264305,0,0.000182,0.0065317,0.0800717,0.004271,0,0,1,1,1,0,0,3,3,1,medium,music_single_rank1_fallback
beta_scan,beta_0.5,16,14,common_el_refocus_power_rank1,level2_rank1_fallback,1,1,0,0,0,0,0,0,0.6069192,0.0910784,6.66370072377205,0.849933236582398,0.0070472,0.003929,0.0847419,0.5109267,0,0.0001807,0.0061824,0.0808756,0.0037485,0,0,1,1,1,0,0,3,3,1,medium,music_single_rank1_fallback
beta_scan,beta_0.5,16,15,common_el_refocus_power_rank1,level2_rank1_fallback,1,1,0,0,0,0,0,0,0.6120465,0.0913194,6.70226151288773,0.850796630648162,0.0066576,0.0042982,0.0812526,0.5195484,0,0.0001851,0.0063734,0.0809164,0.0037939,0,0,1,1,1,0,0,3,3,1,medium,music_single_rank1_fallback
beta_scan,beta_0.5,16,16,common_el_refocus_power_rank1,level2_rank1_fallback,1,1,0,0,0,0,0,0,0.6184044,0.0897506,6.89025365847136,0.854867462133193,0.0067499,0.0035418,0.0796035,0.5282339,0,0.0001771,0.0060539,0.0798898,0.0035664,0,0,1,1,1,0,0,3,3,1,medium,music_single_rank1_fallback
beta_scan,beta_0.5,16,17,common_el_refocus_power_rank1,level2_rank1_fallback,0,0,0,0,1,0,0,0,0.6072279,0.0893031,6.79962845634698,0.852933140917932,0.006324,0.0033721,0.0820225,0.5152048,0,0.0001988,0.0058098,0.0798726,0.0033687,0,0,1,1,1,0,0,3,3,1,medium,music_single_rank1_fallback
beta_scan,beta_0.5,16,18,common_el_refocus_power_rank1,level2_rank1_fallback,0,0,0,0,1,0,0,0,0.6230278,0.0903617,6.89482158923526,0.854963614785729,0.006825,0.0035553,0.080476,0.5317214,0,0.0002553,0.0063446,0.0797822,0.0039398,0,0,1,1,1,0,0,3,3,1,medium,music_single_rank1_fallback
beta_scan,beta_0.5,16,19,common_el_refocus_power_rank1,level2_rank1_fallback,1,1,0,0,0,0,0,0,0.6017922,0.0898076,6.70090504589812,0.850766427348178,0.0062324,0.0033674,0.0786263,0.5131782,0,0.0002489,0.0066381,0.0789278,0.0039655,0,0,1,1,1,0,0,3,3,1,medium,music_single_rank1_fallback
beta_scan,beta_0.5,16,20,common_el_refocus_power_rank1,level2_rank1_fallback,1,1,0,0,0,0,0,0,0.6077911,0.0964641,6.30069735787718,0.841287409440513,0.0061082,0.0035713,0.0837207,0.5140801,0,0.0002102,0.00701,0.085164,0.0040464,0,0,1,1,1,0,0,3,3,1,medium,music_single_rank1_fallback
beta_scan,beta_0.5,16,21,common_el_refocus_power_rank1,level2_rank1_fallback,1,1,0,0,0,0,0,0,0.6259646,0.0913433,6.85287919310995,0.854075933367478,0.006347,0.0039625,0.0807006,0.5346801,0,0.00018,0.0066602,0.0810913,0.0033528,0,0,1,1,1,0,0,3,3,1,medium,music_single_rank1_fallback
beta_scan,beta_0.5,16,22,common_el_refocus_power_rank1,level2_rank1_fallback,1,1,0,0,0,0,0,0,0.6147595,0.0897992,6.84593515309713,0.853927918153359,0.0066189,0.0038541,0.0805528,0.5233742,0,0.0002346,0.0064975,0.0798669,0.003172,0,0,1,1,1,0,0,3,3,1,medium,music_single_rank1_fallback
beta_scan,beta_0.5,16,23,common_el_refocus_power_rank1,level2_rank1_fallback,1,1,0,0,0,0,0,0,0.6132745,0.091423,6.70809861850956,0.850926461152388,0.0067604,0.0036267,0.0819977,0.5204727,0,0.0002635,0.0066276,0.0810656,0.0034492,0,0,1,1,1,0,0,3,3,1,medium,music_single_rank1_fallback
beta_scan,beta_0.5,16,24,common_el_refocus_power_rank1,level2_rank1_fallback,1,1,0,0,0,0,0,0,0.5988003,0.0917043,6.5296861761117,0.846853283139638,0.0061749,0.0032698,0.079453,0.5095469,0,0.0002509,0.007143,0.0807512,0.0035488,0,0,1,1,1,0,0,3,3,1,medium,music_single_rank1_fallback
beta_scan,beta_0.5,16,25,common_el_refocus_power_rank1,level2_rank1_fallback,1,1,0,0,0,0,0,0,0.6116512,0.1034775,5.91095842091276,0.830822697642055,0.0067955,0.0034703,0.0870726,0.5139168,0,0.0002971,0.0072441,0.0922182,0.0037366,0,0,1,1,1,0,0,3,3,1,medium,music_single_rank1_fallback
beta_scan,beta_0.5,16,26,common_el_refocus_power_rank1,level2_rank1_fallback,1,1,0,0,0,0,0,0,0.6209884,0.0896089,6.9299857491834,0.855699558961166,0.0073547,0.0040035,0.0859144,0.5233509,0,0.0002235,0.0062994,0.0796527,0.0034343,0,0,1,1,1,0,0,3,3,1,medium,music_single_rank1_fallback
beta_scan,beta_0.5,16,27,common_el_refocus_power_rank1,level2_rank1_fallback,1,1,0,0,0,0,0,0,0.6394449,0.1006874,6.35079364448779,0.842539365002364,0.0072037,0.0034494,0.0800127,0.5483883,0,0.0002819,0.0080693,0.0888615,0.003478,0,0,1,1,1,0,0,3,3,1,medium,music_single_rank1_fallback
beta_scan,beta_0.5,16,28,common_el_refocus_power_rank1,level2_rank1_fallback,1,1,0,0,0,0,0,0,0.6560187,0.0987994,6.6399057079294,0.849395451684533,0.0072651,0.0033557,0.0841287,0.5608116,0,0.0003237,0.0075193,0.0870396,0.0039991,0,0,1,1,1,0,0,3,3,1,medium,music_single_rank1_fallback
beta_scan,beta_0.5,16,29,common_el_refocus_power_rank1,level2_rank1_fallback,1,1,0,0,0,0,0,0,0.6120933,0.1029669,5.9445637384441,0.831779076817211,0.0064676,0.0038827,0.089941,0.5113222,0,0.00038,0.0071643,0.0913843,0.0041304,0,0,1,1,1,0,0,3,3,1,medium,music_single_rank1_fallback
beta_scan,beta_0.5,16,30,common_el_refocus_power_rank1,level2_rank1_fallback,1,1,0,0,0,0,0,0,0.614007,0.089857,6.83315712743581,0.853654762893583,0.0064536,0.0034273,0.0837001,0.5200977,0,0.0002309,0.0067692,0.0792572,0.0035878,0,0,1,1,1,0,0,3,3,1,medium,music_single_rank1_fallback
beta_scan,beta_0.3,0,1,low_confidence,low_confidence,0,0,1,0,0,0,1,0,0.6489592,0.6352469,1.02158578026906,0.021129679647041,0.0075189,0.003751,0.0940378,0.5433307,0,0.0002203,0.0063631,0.0830022,0.0033586,0.5421118,0,1,1,1,1,0,4,6,0,low,no_reliable_observable_route
beta_scan,beta_0.3,0,2,low_confidence,low_confidence,0,0,1,0,0,0,1,0,0.6064549,0.6080314,0.997407206272571,-0.00259953378231415,0.0063252,0.0038348,0.0812036,0.514769,0,0.0002219,0.0062422,0.0807178,0.003635,0.5170123,0,1,1,1,1,0,4,6,0,low,no_reliable_observable_route
beta_scan,beta_0.3,0,3,common_el_refocus_power_rank1,level2_rank1_fallback,1,1,0,0,0,0,0,0,0.614029,0.0897344,6.84273812495542,0.853859671123025,0.0064414,0.0039225,0.0902589,0.513083,0,0.0002113,0.0061467,0.0803003,0.0030146,0,0,1,1,1,0,0,3,3,1,medium,music_single_rank1_fallback
beta_scan,beta_0.3,0,4,boundary_unreliable,level2_rank1_fallback,0,0,0,0,1,0,0,0,0.6107113,0.0884965,6.90096557490974,0.855092741856913,0.006639,0.0038571,0.0796461,0.5198264,0,0.0006402,0.0065577,0.0783,0.0033869,0,0,1,1,1,0,0,3,3,1,medium,music_single_rank1_fallback
beta_scan,beta_0.3,0,5,boundary_unreliable,level2_rank1_fallback,0,0,0,0,1,0,0,0,0.6174895,0.0936311,6.59491878232767,0.848368109903083,0.0067834,0.0031021,0.0810116,0.5261489,0,0.0003171,0.0064032,0.0832366,0.0037491,0,0,1,1,1,0,0,3,3,1,medium,music_single_rank1_fallback
beta_scan,beta_0.3,0,6,common_el_refocus_power_rank1,level2_rank1_fallback,0,0,0,0,1,0,0,0,0.6010711,0.0912683,6.58575978735224,0.848157231315896,0.0066562,0.0036201,0.0810463,0.5094706,0,0.0001793,0.006276,0.0813384,0.003381,0,0,1,1,1,0,0,3,3,1,medium,music_single_rank1_fallback
beta_scan,beta_0.3,0,7,common_el_refocus_power_rank1,level2_rank1_fallback,0,0,0,0,1,0,0,0,0.6155849,0.0900602,6.83526019262671,0.853699790232022,0.0067656,0.0040115,0.0783722,0.5260968,0,0.000224,0.0061171,0.0801542,0.0035601,0,0,1,1,1,0,0,3,3,1,medium,music_single_rank1_fallback
beta_scan,beta_0.3,0,8,common_el_refocus_power_rank1,level2_rank1_fallback,0,0,0,0,1,0,0,0,0.6082532,0.0897047,6.78061684616302,0.852520792327932,0.0064181,0.0036681,0.0820534,0.5157447,0,0.0002358,0.0064533,0.0795353,0.0034716,0,0,1,1,1,0,0,3,3,1,medium,music_single_rank1_fallback
beta_scan,beta_0.3,0,9,low_confidence,low_confidence,0,0,1,0,0,0,1,0,0.6021292,0.6065314,0.992742008080703,-0.00731105550104538,0.0062751,0.0039378,0.0798679,0.5117174,0,0.000227,0.0066876,0.0803259,0.003062,0.5159698,0,1,1,1,1,0,4,6,0,low,no_reliable_observable_route
beta_scan,beta_0.3,0,10,low_confidence,low_confidence,0,0,1,0,0,0,1,0,0.6128039,0.6043948,1.0139132566991,0.0137223343389296,0.0060042,0.0032072,0.0799379,0.5231689,0,0.0003631,0.0060139,0.0794845,0.0034281,0.5150202,0,1,1,1,1,0,4,6,0,low,no_reliable_observable_route
beta_scan,beta_0.3,0,11,boundary_unreliable,level2_rank1_fallback,0,0,0,0,1,0,0,0,0.6177838,0.0891658,6.92848379087049,0.855668277478302,0.0064941,0.0040954,0.082195,0.524606,0,0.0002899,0.0063065,0.0789839,0.0036723,0,0,1,1,1,0,0,3,3,1,medium,music_single_rank1_fallback
beta_scan,beta_0.3,0,12,common_el_refocus_power_rank1,level2_rank1_fallback,0,0,0,0,1,0,0,0,0.6104175,0.09028,6.76138125830749,0.852101225800374,0.0060937,0.0031522,0.0783695,0.5223692,0,0.0002723,0.0062135,0.080784,0.0029959,0,0,1,1,1,0,0,3,3,1,medium,music_single_rank1_fallback
beta_scan,beta_0.3,0,13,common_el_refocus_power_rank1,level2_rank1_fallback,0,0,0,0,1,0,0,0,0.6160518,0.0884114,6.96801317477158,0.856487068132907,0.0065223,0.0038256,0.0788595,0.5265592,0,0.0001866,0.0061239,0.0788256,0.0032236,0,0,1,1,1,0,0,3,3,1,medium,music_single_rank1_fallback
beta_scan,beta_0.3,0,14,low_confidence,low_confidence,0,0,1,0,0,0,1,0,0.6198695,0.6034914,1.02713891200438,0.0264218516962037,0.0067567,0.0037126,0.0810534,0.5278542,0,0.0003212,0.0068766,0.079193,0.0032734,0.5137279,0,1,1,1,1,0,4,6,0,low,no_reliable_observable_route
beta_scan,beta_0.3,0,15,common_el_refocus_power_rank1,level2_rank1_fallback,0,0,0,0,1,0,0,0,0.6089411,0.0881727,6.90623174746832,0.855203237226063,0.0066292,0.0037067,0.079829,0.5183812,0,0.0002561,0.0061747,0.0785111,0.0032261,0,0,1,1,1,0,0,3,3,1,medium,music_single_rank1_fallback
beta_scan,beta_0.3,0,16,low_confidence,low_confidence,0,0,1,0,0,0,1,0,0.6090767,0.603632,1.00901989954144,0.00893926823994429,0.0065503,0.0035546,0.0803589,0.5182792,0,0.0002299,0.0060795,0.0810334,0.0032009,0.5129088,0,1,1,1,1,0,4,6,0,low,no_reliable_observable_route
beta_scan,beta_0.3,0,17,low_confidence,low_confidence,0,0,1,0,0,0,1,0,0.6178241,0.620863,0.995105361408233,-0.00491871391873522,0.0066056,0.0037194,0.0805454,0.5265806,0,0.0002727,0.0064626,0.0807373,0.0036388,0.5295309,0,1,1,1,1,0,4,6,0,low,no_reliable_observable_route
beta_scan,beta_0.3,0,18,low_confidence,low_confidence,0,0,1,0,0,0,1,0,0.6032198,0.6112194,0.986912064636692,-0.0132615010316306,0.0067063,0.0036813,0.0798127,0.5126701,0,0.0002365,0.0063705,0.0815347,0.0042821,0.5185396,0,1,1,1,1,0,4,6,0,low,no_reliable_observable_route
beta_scan,beta_0.3,0,19,low_confidence,low_confidence,0,0,1,0,0,0,1,0,0.6095651,0.6108615,0.997877751339706,-0.00212676217847774,0.0062234,0.0031385,0.081006,0.5188761,0,0.0002204,0.0068317,0.0799591,0.0033326,0.5202585,0,1,1,1,1,0,4,6,0,low,no_reliable_observable_route
beta_scan,beta_0.3,0,20,low_confidence,low_confidence,0,0,1,0,0,0,1,0,0.6074927,0.6137713,0.98977045684606,-0.0103352682262685,0.0061317,0.0030696,0.0809692,0.5170079,0,0.0002157,0.0058394,0.0783894,0.0033922,0.5257388,0,1,1,1,1,0,4,6,0,low,no_reliable_observable_route
beta_scan,beta_0.3,0,21,common_el_refocus_power_rank1,level2_rank1_fallback,0,0,0,0,1,0,0,0,0.6062296,0.0880921,6.88177032900794,0.854688553643702,0.0069811,0.0040735,0.0861457,0.5087483,0,0.0001796,0.0064327,0.0785093,0.0029298,0,0,1,1,1,0,0,3,3,1,medium,music_single_rank1_fallback
beta_scan,beta_0.3,0,22,low_confidence,low_confidence,0,0,1,0,0,0,1,0,0.6143158,0.6146261,0.999495140216141,-0.000505114796005568,0.0060648,0.0035086,0.0806114,0.5236634,0,0.0003335,0.0063739,0.0808564,0.003313,0.5236563,0,1,1,1,1,0,4,6,0,low,no_reliable_observable_route
beta_scan,beta_0.3,0,23,common_el_refocus_power_rank1,level2_rank1_fallback,0,0,0,0,1,0,0,0,0.6162411,0.0907405,6.79124646657226,0.852751625946403,0.0064619,0.0037623,0.083866,0.5217535,0,0.0002506,0.0060182,0.0811423,0.0032861,0,0,1,1,1,0,0,3,3,1,medium,music_single_rank1_fallback
beta_scan,beta_0.3,0,24,common_el_refocus_power_rank1,level2_rank1_fallback,0,0,0,0,1,0,0,0,0.6056774,0.087722,6.90450970110121,0.855167123620594,0.006535,0.0035232,0.0805702,0.5147701,0,0.0001784,0.0065856,0.0770007,0.0039162,0,0,1,1,1,0,0,3,3,1,medium,music_single_rank1_fallback
beta_scan,beta_0.3,0,25,low_confidence,low_confidence,0,0,1,0,0,0,1,0,0.6029958,0.6142291,0.981711547043277,-0.018629151314155,0.0071237,0.0037723,0.0797633,0.5119945,0,0.0002371,0.0069079,0.0869535,0.0033716,0.5165568,0,1,1,1,1,0,4,6,0,low,no_reliable_observable_route
beta_scan,beta_0.3,0,26,low_confidence,low_confidence,0,0,1,0,0,0,1,0,0.6177157,0.6191146,0.997740482941284,-0.00226463403795618,0.006569,0.0040965,0.0800936,0.5266285,0,0.0002255,0.0068363,0.0873288,0.0032943,0.5212536,0,1,1,1,1,0,4,6,0,low,no_reliable_observable_route
beta_scan,beta_0.3,0,27,common_el_refocus_power_rank1,level2_rank1_fallback,0,0,0,0,1,0,0,0,0.6150534,0.087315,7.04407490121972,0.858036716811906,0.0066835,0.0037395,0.0798251,0.5245241,0,0.0001821,0.0062383,0.0778764,0.0029881,0,0,1,1,1,0,0,3,3,1,medium,music_single_rank1_fallback
beta_scan,beta_0.3,0,28,common_el_refocus_power_rank1,level2_rank1_fallback,1,1,0,0,0,0,0,0,0.6166631,0.0901952,6.83698356453559,0.853736667558023,0.0073798,0.0039654,0.0829474,0.5220831,0,0.0001843,0.006459,0.0799323,0.0035559,0,0,1,1,1,0,0,3,3,1,medium,music_single_rank1_fallback
beta_scan,beta_0.3,0,29,low_confidence,low_confidence,0,0,1,0,0,0,1,0,0.6429499,0.6355517,1.01164059509242,0.011506650829248,0.0062585,0.0033665,0.0794933,0.5533123,0,0.0003462,0.0072208,0.0960788,0.0034502,0.5283401,0,1,1,1,1,0,4,6,0,low,no_reliable_observable_route
beta_scan,beta_0.3,0,30,common_el_refocus_power_rank1,level2_rank1_fallback,1,1,0,0,0,0,0,0,0.638378,0.0920406,6.93583049219584,0.855821159250475,0.0071323,0.0038818,0.086895,0.539676,0,0.0004764,0.0073755,0.0803032,0.0040379,0,0,1,1,1,0,0,3,3,1,medium,music_single_rank1_fallback
beta_scan,beta_0.3,8,1,common_el_refocus_power_rank1,level2_rank1_fallback,1,1,0,0,0,0,0,0,0.6443544,0.0929765,6.93029313858878,0.855705959329214,0.0069769,0.0042339,0.094675,0.5381997,0,0.0001735,0.0063373,0.0829303,0.0034233,0,0,1,1,1,0,0,3,3,1,medium,music_single_rank1_fallback
beta_scan,beta_0.3,8,2,common_el_refocus_power_rank1,level2_rank1_fallback,0,0,0,0,1,0,0,0,0.622683,0.0926508,6.72075146679791,0.85120711501679,0.0067368,0.0041389,0.0894581,0.5220692,0,0.0001774,0.0065448,0.0821636,0.0036984,0,0,1,1,1,0,0,3,3,1,medium,music_single_rank1_fallback
beta_scan,beta_0.3,8,3,common_el_refocus_power_rank1,level2_rank1_fallback,1,1,0,0,0,0,0,0,0.6122795,0.0871351,7.0267836956634,0.85768737970159,0.0065757,0.0034629,0.0813793,0.5205326,0,0.0001896,0.0062165,0.0771793,0.0034937,0,0,1,1,1,0,0,3,3,1,medium,music_single_rank1_fallback
beta_scan,beta_0.3,8,4,common_el_refocus_power_rank1,level2_rank1_fallback,0,0,0,0,1,0,0,0,0.6166178,0.0908633,6.78621401599986,0.852642431016425,0.006344,0.0041643,0.0816191,0.5241586,0,0.0002187,0.0062257,0.0809563,0.0034251,0,0,1,1,1,0,0,3,3,1,medium,music_single_rank1_fallback
beta_scan,beta_0.3,8,5,low_confidence,low_confidence,0,0,1,0,0,0,1,0,0.6507215,0.6268605,1.03806429022087,0.036668528702371,0.0066485,0.0035195,0.0856526,0.5545722,0,0.0002248,0.0068469,0.0863409,0.0038532,0.5292654,0,1,1,1,1,0,4,6,0,low,no_reliable_observable_route
beta_scan,beta_0.3,8,6,boundary_unreliable,level2_rank1_fallback,0,0,0,0,1,0,0,0,0.6129407,0.0900006,6.81040681951009,0.853165893535867,0.0068077,0.0041442,0.0816968,0.5197743,0,0.0004142,0.0067338,0.0798937,0.0030861,0,0,1,1,1,0,0,3,3,1,medium,music_single_rank1_fallback
beta_scan,beta_0.3,8,7,common_el_refocus_power_rank1,level2_rank1_fallback,0,0,0,0,1,0,0,0,0.6355313,0.0981863,6.4727085143243,0.845505170241025,0.006786,0.0038581,0.1016872,0.5229204,0,0.000181,0.0065299,0.0883495,0.00303,0,0,1,1,1,0,0,3,3,1,medium,music_single_rank1_fallback
beta_scan,beta_0.3,8,8,common_el_refocus_power_rank1,level2_rank1_fallback,1,1,0,0,0,0,0,0,0.6112225,0.0901593,6.77936164100653,0.852493486414522,0.0063082,0.0037457,0.0802993,0.5205943,0,0.0001788,0.0064531,0.0795882,0.0038835,0,0,1,1,1,0,0,3,3,1,medium,music_single_rank1_fallback
beta_scan,beta_0.3,8,9,low_confidence,low_confidence,0,0,1,0,0,0,1,0,0.6051496,0.5918371,1.02249352059883,0.0219986925547004,0.0065501,0.003176,0.0843163,0.5106551,0,0.0003129,0.0058865,0.0776188,0.0040236,0.5038576,0,1,1,1,1,0,4,6,0,low,no_reliable_observable_route
beta_scan,beta_0.3,8,10,common_el_refocus_power_rank1,level2_rank1_fallback,0,0,0,0,1,0,0,0,0.6255104,0.0925714,6.75705887563546,0.852006617316035,0.0064129,0.0037147,0.0812125,0.5338811,0,0.0001843,0.0073305,0.0815121,0.0034865,0,0,1,1,1,0,0,3,3,1,medium,music_single_rank1_fallback
beta_scan,beta_0.3,8,11,common_el_refocus_power_rank1,level2_rank1_fallback,0,0,0,0,1,0,0,0,0.612932,0.0908756,6.74473676102276,0.851736244803665,0.0069157,0.0034913,0.0782553,0.5238854,0,0.0002445,0.0062461,0.0809082,0.003463,0,0,1,1,1,0,0,3,3,1,medium,music_single_rank1_fallback
beta_scan,beta_0.3,8,12,common_el_refocus_power_rank1,level2_rank1_fallback,0,0,0,0,1,0,0,0,0.6127042,0.0919273,6.66509513495991,0.849964632199355,0.0066867,0.0035082,0.079206,0.523,0,0.0001929,0.005839,0.08234,0.003459,0,0,1,1,1,0,0,3,3,1,medium,music_single_rank1_fallback
beta_scan,beta_0.3,8,13,common_el_refocus_power_rank1,level2_rank1_fallback,1,1,0,0,0,0,0,0,0.6102433,0.0892212,6.83966702980906,0.853794052306678,0.0065205,0.0033151,0.0812452,0.5188809,0,0.0001775,0.0062491,0.0788855,0.003865,0,0,1,1,1,0,0,3,3,1,medium,music_single_rank1_fallback
beta_scan,beta_0.3,8,14,common_el_refocus_power_rank1,level2_rank1_fallback,0,0,0,0,1,0,0,0,0.6083351,0.0940815,6.46604380244788,0.845345928584427,0.0061913,0.003355,0.0832851,0.5151262,0,0.0002387,0.0067743,0.0831376,0.0038797,0,0,1,1,1,0,0,3,3,1,medium,music_single_rank1_fallback
beta_scan,beta_0.3,8,15,low_confidence,low_confidence,0,0,1,0,0,0,1,0,0.6506108,0.6136781,1.06018252891866,0.0567661957040985,0.0071594,0.0038063,0.0924313,0.5468965,0,0.0002199,0.0068297,0.0804091,0.0036441,0.5223529,0,1,1,1,1,0,4,6,0,low,no_reliable_observable_route
beta_scan,beta_0.3,8,16,low_confidence,low_confidence,0,0,1,0,0,0,1,0,0.6511802,0.6166127,1.05606031144023,0.0530843843224963,0.0073723,0.0040464,0.0955562,0.5438915,0,0.0002153,0.0061371,0.0798923,0.0038853,0.5262707,0,1,1,1,1,0,4,6,0,low,no_reliable_observable_route
beta_scan,beta_0.3,8,17,common_el_refocus_power_rank1,level2_rank1_fallback,0,0,0,0,1,0,0,0,0.6118222,0.0961663,6.36212685732944,0.842819858449072,0.0065981,0.0032587,0.0812118,0.5203475,0,0.0002735,0.0064233,0.0861114,0.0033334,0,0,1,1,1,0,0,3,3,1,medium,music_single_rank1_fallback
beta_scan,beta_0.3,8,18,low_confidence,low_confidence,0,0,1,0,0,0,1,0,0.606279,0.6215445,0.975439409406728,-0.0251790017467206,0.0062881,0.0037701,0.086844,0.5090678,0,0.0002121,0.006789,0.0860393,0.0033924,0.5248214,0,1,1,1,1,0,4,6,0,low,no_reliable_observable_route
beta_scan,beta_0.3,8,19,common_el_refocus_power_rank1,level2_rank1_fallback,1,1,0,0,0,0,0,0,0.609581,0.0873529,6.97837163963646,0.856700093998993,0.0065195,0.0035274,0.079388,0.5198728,0,0.0001763,0.006316,0.0774777,0.0033052,0,0,1,1,1,0,0,3,3,1,medium,music_single_rank1_fallback
beta_scan,beta_0.3,8,20,common_el_refocus_power_rank1,level2_rank1_fallback,1,1,0,0,0,0,0,0,0.6070522,0.0897795,6.76159034077935,0.852105799138855,0.006015,0.0035704,0.0826406,0.5144459,0,0.0002066,0.0064065,0.0800542,0.0030605,0,0,1,1,1,0,0,3,3,1,medium,music_single_rank1_fallback
beta_scan,beta_0.3,8,21,common_el_refocus_power_rank1,level2_rank1_fallback,1,1,0,0,0,0,0,0,0.6157291,0.1057936,5.82009781310023,0.828181581802777,0.0066115,0.0038966,0.0807833,0.5241539,0,0.0001829,0.0075429,0.0944565,0.0034486,0,0,1,1,1,0,0,3,3,1,medium,music_single_rank1_fallback
beta_scan,beta_0.3,8,22,common_el_refocus_power_rank1,level2_rank1_fallback,1,1,0,0,0,0,0,0,0.6234792,0.0997276,6.25182196302729,0.840046628660587,0.0077504,0.0035904,0.0935813,0.5182792,0,0.0001792,0.0066331,0.0890802,0.0037699,0,0,1,1,1,0,0,3,3,1,medium,music_single_rank1_fallback
beta_scan,beta_0.3,8,23,boundary_unreliable,level2_rank1_fallback,0,0,0,0,1,0,0,0,0.6310845,0.1024304,6.16110549211953,0.837691466039809,0.0072426,0.0039963,0.0900094,0.5289348,0,0.0007476,0.006539,0.0917109,0.003867,0,0,1,1,1,0,0,3,3,1,medium,music_single_rank1_fallback
beta_scan,beta_0.3,8,24,low_confidence,low_confidence,0,0,1,0,0,0,1,0,0.6054934,0.5940207,1.01931363671333,0.0189476879516771,0.0072252,0.0037888,0.0842147,0.5099499,0,0.0002166,0.0070868,0.0816615,0.0033591,0.501505,0,1,1,1,1,0,4,6,0,low,no_reliable_observable_route
beta_scan,beta_0.3,8,25,common_el_refocus_power_rank1,level2_rank1_fallback,1,1,0,0,0,0,0,0,0.6090172,0.0898992,6.77444515635289,0.852386435062918,0.0065716,0.0040201,0.0816266,0.5165061,0,0.0001839,0.0061409,0.0801066,0.0034246,0,0,1,1,1,0,0,3,3,1,medium,music_single_rank1_fallback
beta_scan,beta_0.3,8,26,common_el_refocus_power_rank1,level2_rank1_fallback,1,1,0,0,0,0,0,0,0.6031887,0.090606,6.65727104165287,0.849788300079229,0.0066335,0.0037442,0.0810983,0.5114315,0,0.0001809,0.0064141,0.0800735,0.0038846,0,0,1,1,1,0,0,3,3,1,medium,music_single_rank1_fallback
beta_scan,beta_0.3,8,27,boundary_unreliable,level2_rank1_fallback,0,0,0,0,1,0,0,0,0.6172572,0.0906334,6.81048266974427,0.853167528868031,0.0063481,0.0032412,0.0784506,0.5287656,0,0.0003132,0.0059194,0.0809022,0.0034934,0,0,1,1,1,0,0,3,3,1,medium,music_single_rank1_fallback
beta_scan,beta_0.3,8,28,common_el_refocus_power_rank1,level2_rank1_fallback,1,1,0,0,0,0,0,0,0.6203738,0.090026,6.89105147401862,0.854884264938332,0.0067914,0.0034223,0.0784257,0.5312698,0,0.0002799,0.0062094,0.0802042,0.0033464,0,0,1,1,1,0,0,3,3,1,medium,music_single_rank1_fallback
beta_scan,beta_0.3,8,29,common_el_refocus_power_rank1,level2_rank1_fallback,0,0,0,0,1,0,0,0,0.6162998,0.0910976,6.76526933750176,0.852186224950909,0.0065598,0.0036063,0.0847407,0.521112,0,0.000184,0.0062089,0.0808903,0.0037501,0,0,1,1,1,0,0,3,3,1,medium,music_single_rank1_fallback
beta_scan,beta_0.3,8,30,low_confidence,low_confidence,0,0,1,0,0,0,1,0,0.6031181,0.6080398,0.991905628546026,-0.00816042496486191,0.0067758,0.0037197,0.079971,0.5121472,0,0.0003416,0.0068089,0.0777169,0.0035923,0.5194545,0,1,1,1,1,0,4,6,0,low,no_reliable_observable_route
beta_scan,beta_0.3,16,1,low_confidence,low_confidence,0,0,1,0,0,0,1,0,0.6359546,0.6339349,1.00318597382791,0.0031758556349778,0.0073421,0.0038432,0.0970084,0.5274232,0,0.0002364,0.0062033,0.0783631,0.0029755,0.5458627,0,1,1,1,1,0,4,6,0,low,no_reliable_observable_route
beta_scan,beta_0.3,16,2,common_el_refocus_power_rank1,level2_rank1_fallback,1,1,0,0,0,0,0,0,0.618726,0.0919507,6.7288884152051,0.851387043699473,0.0063019,0.0037142,0.0797561,0.5285875,0,0.0002543,0.0064724,0.0816504,0.0035462,0,0,1,1,1,0,0,3,3,1,medium,music_single_rank1_fallback
beta_scan,beta_0.3,16,3,boundary_unreliable,level2_rank1_fallback,0,0,0,0,1,0,0,0,0.6139565,0.0890157,6.8971709484956,0.855013018023264,0.0065942,0.0036361,0.0830693,0.5203414,0,0.000217,0.0063403,0.0793141,0.0031315,0,0,1,1,1,0,0,3,3,1,medium,music_single_rank1_fallback
beta_scan,beta_0.3,16,4,common_el_refocus_power_rank1,level2_rank1_fallback,0,0,0,0,1,0,0,0,0.6534481,0.0979442,6.67163650323347,0.850111738024795,0.0077836,0.003914,0.0955936,0.5458653,0,0.0001884,0.0070989,0.0872331,0.0033685,0,0,1,1,1,0,0,3,3,1,medium,music_single_rank1_fallback
beta_scan,beta_0.3,16,5,common_el_refocus_power_rank1,level2_rank1_fallback,0,0,0,0,1,0,0,0,0.6342112,0.0906869,6.99341580757529,0.857008359360415,0.0066352,0.0037556,0.0859289,0.5376076,0,0.0001828,0.0063165,0.0802021,0.0038913,0,0,1,1,1,0,0,3,3,1,medium,music_single_rank1_fallback
beta_scan,beta_0.3,16,6,common_el_refocus_power_rank1,level2_rank1_fallback,0,0,0,0,1,0,0,0,0.6194805,0.090649,6.83383710796589,0.853669324538868,0.006116,0.0035263,0.0795473,0.530011,0,0.0001746,0.0062139,0.0805763,0.0036136,0,0,1,1,1,0,0,3,3,1,medium,music_single_rank1_fallback
beta_scan,beta_0.3,16,7,common_el_refocus_power_rank1,level2_rank1_fallback,0,0,0,0,1,0,0,0,0.6242926,0.0942892,6.62104037365891,0.848966334055537,0.0065427,0.0042777,0.0798331,0.5333279,0,0.0001912,0.0064842,0.0842079,0.0033492,0,0,1,1,1,0,0,3,3,1,medium,music_single_rank1_fallback
beta_scan,beta_0.3,16,8,common_el_refocus_power_rank1,level2_rank1_fallback,1,1,0,0,0,0,0,0,0.6083179,0.0922533,6.59399609553263,0.84834689230746,0.0068314,0.0038407,0.080107,0.5171266,0,0.0002511,0.0073537,0.0805968,0.0040303,0,0,1,1,1,0,0,3,3,1,medium,music_single_rank1_fallback
beta_scan,beta_0.3,16,9,common_el_refocus_power_rank1,level2_rank1_fallback,1,1,0,0,0,0,0,0,0.6188994,0.0922593,6.70826030546514,0.850930054222059,0.0065606,0.0034247,0.081369,0.5272536,0,0.0001787,0.0064048,0.0822392,0.0033692,0,0,1,1,1,0,0,3,3,1,medium,music_single_rank1_fallback
beta_scan,beta_0.3,16,10,common_el_refocus_power_rank1,level2_rank1_fallback,0,0,0,0,1,0,0,0,0.6100154,0.0874537,6.97529549921844,0.856636898019296,0.0063511,0.0039157,0.077639,0.5216955,0,0.0002348,0.0064025,0.0771984,0.0035801,0,0,1,1,1,0,0,3,3,1,medium,music_single_rank1_fallback
beta_scan,beta_0.3,16,11,common_el_refocus_power_rank1,level2_rank1_fallback,1,1,0,0,0,0,0,0,0.6156083,0.0899943,6.84052545550107,0.853812399865304,0.0071057,0.0045929,0.0865818,0.5170334,0,0.0001922,0.0060183,0.0805735,0.0031658,0,0,1,1,1,0,0,3,3,1,medium,music_single_rank1_fallback
beta_scan,beta_0.3,16,12,common_el_refocus_power_rank1,level2_rank1_fallback,0,0,0,0,1,0,0,0,0.5992814,0.0898375,6.6707265896758,0.850091292671523,0.0069251,0.0036591,0.0803784,0.5080337,0,0.0001776,0.0064557,0.0791657,0.0039772,0,0,1,1,1,0,0,3,3,1,medium,music_single_rank1_fallback
beta_scan,beta_0.3,16,13,common_el_refocus_power_rank1,level2_rank1_fallback,1,1,0,0,0,0,0,0,0.602576,0.0909276,6.62698674549862,0.849101856031438,0.0063089,0.0034949,0.0812013,0.5112802,0,0.0001779,0.0064965,0.0811485,0.0030552,0,0,1,1,1,0,0,3,3,1,medium,music_single_rank1_fallback
beta_scan,beta_0.3,16,14,low_confidence,low_confidence,0,0,1,0,0,0,1,0,0.6039077,0.6240963,0.967651466608599,-0.0334299430194382,0.006526,0.0041412,0.0823147,0.5102603,0,0.0002329,0.007113,0.0908994,0.003803,0.5217959,0,1,1,1,1,0,4,6,0,low,no_reliable_observable_route
beta_scan,beta_0.3,16,15,common_el_refocus_power_rank1,level2_rank1_fallback,0,0,0,0,1,0,0,0,0.6107673,0.0910859,6.70539896954413,0.85086644291533,0.0064713,0.0032235,0.0791862,0.521294,0,0.0003383,0.007007,0.0804649,0.003347,0,0,1,1,1,0,0,3,3,1,medium,music_single_rank1_fallback
beta_scan,beta_0.3,16,16,common_el_refocus_power_rank1,level2_rank1_fallback,0,0,0,0,1,0,0,0,0.6208216,0.0912755,6.80162365585508,0.852976281753083,0.0065976,0.0040553,0.0794248,0.5302913,0,0.0002617,0.007093,0.0799276,0.0040033,0,0,1,1,1,0,0,3,3,1,medium,music_single_rank1_fallback
beta_scan,beta_0.3,16,17,common_el_refocus_power_rank1,level2_rank1_fallback,1,1,0,0,0,0,0,0,0.6166877,0.0912872,6.75546736015564,0.8519717516662,0.0062195,0.0032711,0.0820111,0.5247488,0,0.000252,0.0063419,0.0812426,0.0034436,0,0,1,1,1,0,0,3,3,1,medium,music_single_rank1_fallback
beta_scan,beta_0.3,16,18,common_el_refocus_power_rank1,level2_rank1_fallback,1,1,0,0,0,0,0,0,0.6182462,0.0965818,6.40127021861262,0.843781005042975,0.0067807,0.0033462,0.0796014,0.5282224,0,0.000192,0.0059306,0.0860264,0.0042101,0,0,1,1,1,0,0,3,3,1,medium,music_single_rank1_fallback
beta_scan,beta_0.3,16,19,common_el_refocus_power_rank1,level2_rank1_fallback,0,0,0,0,1,0,0,0,0.6195738,0.0908725,6.8180560675672,0.853330628247999,0.007077,0.0035388,0.0891178,0.5193259,0,0.0003807,0.0062307,0.0807614,0.0036224,0,0,1,1,1,0,0,3,3,1,medium,music_single_rank1_fallback
beta_scan,beta_0.3,16,20,low_confidence,low_confidence,0,0,1,0,0,0,1,0,0.6071939,0.6150815,0.987176333542791,-0.0129902490785891,0.0063196,0.0031997,0.0835327,0.5137999,0,0.0002451,0.0063379,0.0808928,0.0041701,0.5231565,0,1,1,1,1,0,4,6,0,low,no_reliable_observable_route
beta_scan,beta_0.3,16,21,common_el_refocus_power_rank1,level2_rank1_fallback,1,1,0,0,0,0,0,0,0.6033858,0.0895595,6.73726182035407,0.851571747296672,0.0064835,0.0037913,0.0791545,0.5136773,0,0.0001798,0.0061172,0.0794718,0.0037304,0,0,1,1,1,0,0,3,3,1,medium,music_single_rank1_fallback
beta_scan,beta_0.3,16,22,low_confidence,low_confidence,0,0,1,0,0,0,1,0,0.6058008,0.6107671,0.991868749970324,-0.00819790927974995,0.0063857,0.0034472,0.0802892,0.515179,0,0.0003436,0.0070392,0.0802883,0.0032555,0.5197199,0,1,1,1,1,0,4,6,0,low,no_reliable_observable_route
beta_scan,beta_0.3,16,23,common_el_refocus_power_rank1,level2_rank1_fallback,0,0,0,0,1,0,0,0,0.6157243,0.0907399,6.78559597266473,0.852629009444649,0.0059362,0.0039965,0.0879777,0.5175176,0,0.0001915,0.0058701,0.0813951,0.0032431,0,0,1,1,1,0,0,3,3,1,medium,music_single_rank1_fallback
beta_scan,beta_0.3,16,24,common_el_refocus_power_rank1,level2_rank1_fallback,0,0,0,0,1,0,0,0,0.5966719,0.0899124,6.63614696081964,0.849310148508753,0.0067197,0.0035665,0.0822078,0.5039052,0,0.0001765,0.0064402,0.0796493,0.0035909,0,0,1,1,1,0,0,3,3,1,medium,music_single_rank1_fallback
beta_scan,beta_0.3,16,25,common_el_refocus_power_rank1,level2_rank1_fallback,0,0,0,0,1,0,0,0,0.6150427,0.0901241,6.82439769162743,0.853466921890139,0.0066734,0.0032713,0.0794737,0.525349,0,0.0001789,0.0064305,0.079572,0.0038973,0,0,1,1,1,0,0,3,3,1,medium,music_single_rank1_fallback
beta_scan,beta_0.3,16,26,common_el_refocus_power_rank1,level2_rank1_fallback,1,1,0,0,0,0,0,0,0.6197426,0.0871823,7.10858282013666,0.85932498427573,0.006431,0.0032956,0.0791501,0.5305914,0,0.0001757,0.0061064,0.0777453,0.0031069,0,0,1,1,1,0,0,3,3,1,medium,music_single_rank1_fallback
beta_scan,beta_0.3,16,27,boundary_unreliable,level2_rank1_fallback,0,0,0,0,1,0,0,0,0.5987453,0.0872565,6.86189911353309,0.854267749575654,0.0065315,0.0037936,0.0800746,0.5079855,0,0.0002468,0.0061098,0.0780638,0.0028572,0,0,1,1,1,0,0,3,3,1,medium,music_single_rank1_fallback
beta_scan,beta_0.3,16,28,common_el_refocus_power_rank1,level2_rank1_fallback,1,1,0,0,0,0,0,0,0.6149257,0.0929747,6.61390356731455,0.848803359495302,0.0071183,0.0052431,0.0802579,0.5219191,0,0.0002463,0.0065952,0.0824224,0.003588,0,0,1,1,1,0,0,3,3,1,medium,music_single_rank1_fallback
beta_scan,beta_0.3,16,29,common_el_refocus_power_rank1,level2_rank1_fallback,1,1,0,0,0,0,0,0,0.6241882,0.0899107,6.94231276143996,0.855955783848525,0.0067525,0.004463,0.0876327,0.5250632,0,0.0001819,0.0065894,0.0793784,0.0036816,0,0,1,1,1,0,0,3,3,1,medium,music_single_rank1_fallback
beta_scan,beta_0.3,16,30,common_el_refocus_power_rank1,level2_rank1_fallback,0,0,0,0,1,0,0,0,0.5983322,0.0918957,6.51099235328748,0.846413580950515,0.0068656,0.0033579,0.0779435,0.5098026,0,0.0002212,0.006868,0.0816013,0.0031622,0,0,1,1,1,0,0,3,3,1,medium,music_single_rank1_fallback
beta_scan,beta_0.1,0,1,boundary_unreliable,level2_rank1_fallback,0,0,0,0,1,0,0,0,0.6350486,0.0923091,6.87958825294581,0.854642463584677,0.0070666,0.0038425,0.0939336,0.5298738,0,0.0002257,0.0056341,0.0820576,0.0043722,0,0,1,1,1,0,0,3,3,1,medium,music_single_rank1_fallback
beta_scan,beta_0.1,0,2,low_confidence,low_confidence,0,0,1,0,0,0,1,0,0.6316221,0.6021934,1.04886918388677,0.0465922582506216,0.0066445,0.0035168,0.0876089,0.5335356,0,0.0002193,0.0065083,0.079635,0.0035985,0.5119143,0,1,1,1,1,0,4,6,0,low,no_reliable_observable_route
beta_scan,beta_0.1,0,3,common_el_refocus_power_rank1,level2_rank1_fallback,0,0,0,0,1,0,0,0,0.6306404,0.0903557,6.97953089843806,0.856723895265828,0.0064101,0.0033755,0.0807193,0.5397812,0,0.0002065,0.0065869,0.0801184,0.0034029,0,0,1,1,1,0,0,3,3,1,medium,music_single_rank1_fallback
beta_scan,beta_0.1,0,4,low_confidence,low_confidence,0,0,1,0,0,0,1,0,0.6524126,0.6019843,1.08377012490193,0.0772951043557405,0.0069991,0.0044452,0.0912636,0.5492503,0,0.0002906,0.0063045,0.0798323,0.0032879,0.5121481,0,1,1,1,1,0,4,6,0,low,no_reliable_observable_route
beta_scan,beta_0.1,0,5,common_el_refocus_power_rank1,level2_rank1_fallback,0,0,0,0,1,0,0,0,0.6071025,0.0881717,6.88545757879229,0.854766369764578,0.0063666,0.0034501,0.0815833,0.5154296,0,0.0001754,0.0062607,0.0781621,0.0035112,0,0,1,1,1,0,0,3,3,1,medium,music_single_rank1_fallback
beta_scan,beta_0.1,0,6,low_confidence,low_confidence,0,0,1,0,0,0,1,0,0.6034473,0.5996848,1.00627412934261,0.00623501008290206,0.0063212,0.0035013,0.0798263,0.5134912,0,0.000212,0.0062496,0.0748927,0.0037343,0.5143858,0,1,1,1,1,0,4,6,0,low,no_reliable_observable_route
beta_scan,beta_0.1,0,7,low_confidence,low_confidence,0,0,1,0,0,0,1,0,0.6039511,0.605001,0.998264630967552,-0.00173838577328533,0.0062418,0.0037813,0.0796549,0.5139398,0,0.0002285,0.0061904,0.0811042,0.0032587,0.513946,0,1,1,1,1,0,4,6,0,low,no_reliable_observable_route
beta_scan,beta_0.1,0,8,low_confidence,low_confidence,0,0,1,0,0,0,1,0,0.6051082,0.5978605,1.01212272762626,0.0119775273248651,0.0064711,0.0039442,0.0783413,0.5160469,0,0.000211,0.006076,0.0785317,0.0036088,0.5092291,0,1,1,1,1,0,4,6,0,low,no_reliable_observable_route
beta_scan,beta_0.1,0,9,common_el_refocus_power_rank1,level2_rank1_fallback,0,0,0,0,1,0,0,0,0.602225,0.1040391,5.78844876589667,0.827242143717049,0.0064138,0.0030423,0.0780564,0.5144365,0,0.0001774,0.0061296,0.0937508,0.0039197,0,0,1,1,1,0,0,3,3,1,medium,music_single_rank1_fallback
beta_scan,beta_0.1,0,10,low_confidence,low_confidence,0,0,1,0,0,0,1,0,0.6455105,0.6375363,1.01250783680866,0.0123533234548471,0.0063491,0.0042367,0.0886643,0.545788,0,0.0003313,0.0063344,0.0866407,0.0036439,0.5404848,0,1,1,1,1,0,4,6,0,low,no_reliable_observable_route
beta_scan,beta_0.1,0,11,common_el_refocus_power_rank1,level2_rank1_fallback,0,0,0,0,1,0,0,0,0.620334,0.0910262,6.81489505219376,0.853262597246,0.0062351,0.0032722,0.0820537,0.5284795,0,0.0001843,0.0062751,0.0811064,0.0034145,0,0,1,1,1,0,0,3,3,1,medium,music_single_rank1_fallback
beta_scan,beta_0.1,0,12,low_confidence,low_confidence,0,0,1,0,0,0,1,0,0.6048891,0.6108375,0.990261894530051,-0.00983386872072933,0.0064,0.0037904,0.0799732,0.5142853,0,0.0002459,0.0062956,0.0775695,0.0038369,0.5225875,0,1,1,1,1,0,4,6,0,low,no_reliable_observable_route
beta_scan,beta_0.1,0,13,low_confidence,low_confidence,0,0,1,0,0,0,1,0,0.6225175,0.6095549,1.02126568090914,0.0208228684334174,0.0067564,0.0035,0.085081,0.5268557,0,0.0002283,0.0061159,0.0796315,0.0039041,0.5194614,0,1,1,1,1,0,4,6,0,low,no_reliable_observable_route
beta_scan,beta_0.1,0,14,low_confidence,low_confidence,0,0,1,0,0,0,1,0,0.6238625,0.621081,1.00447848187273,0.00445851449638346,0.0062477,0.0035861,0.0881813,0.5254908,0,0.0002367,0.0066434,0.0918476,0.0036423,0.5185462,0,1,1,1,1,0,4,6,0,low,no_reliable_observable_route
beta_scan,beta_0.1,0,15,boundary_unreliable,level2_rank1_fallback,0,0,0,0,1,0,0,0,0.6088144,0.0909025,6.69744396468744,0.850689306954632,0.0067521,0.0035508,0.0796535,0.5185332,0,0.0002242,0.0061574,0.0806673,0.0038367,0,0,1,1,1,0,0,3,3,1,medium,music_single_rank1_fallback
beta_scan,beta_0.1,0,16,low_confidence,low_confidence,0,0,1,0,0,0,1,0,0.6103715,0.6033571,1.01162561938858,0.011492017566351,0.0066019,0.0039863,0.0836894,0.5157653,0,0.0002285,0.0057974,0.0825228,0.0039542,0.5106722,0,1,1,1,1,0,4,6,0,low,no_reliable_observable_route
beta_scan,beta_0.1,0,17,common_el_refocus_power_rank1,level2_rank1_fallback,0,0,0,0,1,0,0,0,0.6111104,0.0906021,6.74499156200574,0.851741845663239,0.0063728,0.0035957,0.080674,0.5201956,0,0.000178,0.0062184,0.0804884,0.0036667,0,0,1,1,1,0,0,3,3,1,medium,music_single_rank1_fallback
beta_scan,beta_0.1,0,18,low_confidence,low_confidence,0,0,1,0,0,0,1,0,0.6060227,0.6299769,0.961976066106551,-0.0395269022100986,0.0062967,0.0033116,0.0796581,0.5164275,0,0.0002225,0.005991,0.0814649,0.0034183,0.5386137,0,1,1,1,1,0,4,6,0,low,no_reliable_observable_route
beta_scan,beta_0.1,0,19,low_confidence,low_confidence,0,0,1,0,0,0,1,0,0.6107359,0.6102977,1.0007180102432,0.000717495074384789,0.0070205,0.0036605,0.0849447,0.5147967,0,0.0002212,0.0070075,0.081248,0.0030921,0.5185255,0,1,1,1,1,0,4,6,0,low,no_reliable_observable_route
beta_scan,beta_0.1,0,20,common_el_refocus_power_rank1,level2_rank1_fallback,0,0,0,0,1,0,0,0,0.5995459,0.0900438,6.65838069917085,0.849813333724741,0.0061022,0.0034512,0.07711,0.5124493,0,0.0002733,0.0067001,0.0795041,0.0035812,0,0,1,1,1,0,0,3,3,1,medium,music_single_rank1_fallback
beta_scan,beta_0.1,0,21,low_confidence,low_confidence,0,0,1,0,0,0,1,0,0.6105561,0.6052822,1.00871312587748,0.00863786308907577,0.0059661,0.0036434,0.079179,0.5214076,0,0.0002604,0.0065043,0.0817594,0.0032147,0.5133899,0,1,1,1,1,0,4,6,0,low,no_reliable_observable_route
beta_scan,beta_0.1,0,22,common_el_refocus_power_rank1,level2_rank1_fallback,0,0,0,0,1,0,0,0,0.613186,0.0911579,6.72663587028661,0.851337277759114,0.0069343,0.0043265,0.0816858,0.5199714,0,0.0001733,0.0065958,0.0815113,0.0028558,0,0,1,1,1,0,0,3,3,1,medium,music_single_rank1_fallback
beta_scan,beta_0.1,0,23,low_confidence,low_confidence,0,0,1,0,0,0,1,0,0.6023062,0.6038574,0.997431181600159,-0.00257543422265938,0.0063166,0.0038198,0.0808284,0.5109527,0,0.0002751,0.0066554,0.0817865,0.0032384,0.5117342,0,1,1,1,1,0,4,6,0,low,no_reliable_observable_route
beta_scan,beta_0.1,0,24,low_confidence,low_confidence,0,0,1,0,0,0,1,0,0.6102593,0.6076708,1.00425970772333,0.00424163957845458,0.0062334,0.0036801,0.0792824,0.520736,0,0.0002244,0.0070014,0.0784643,0.0033894,0.5184205,0,1,1,1,1,0,4,6,0,low,no_reliable_observable_route
beta_scan,beta_0.1,0,25,common_el_refocus_power_rank1,level2_rank1_fallback,0,0,0,0,1,0,0,0,0.6043927,0.0913977,6.61277800207226,0.848777624216838,0.0064827,0.0040153,0.078036,0.5155812,0,0.0001805,0.0062409,0.0813135,0.0036314,0,0,1,1,1,0,0,3,3,1,medium,music_single_rank1_fallback
beta_scan,beta_0.1,0,26,low_confidence,low_confidence,0,0,1,0,0,0,1,0,0.6123876,0.6207513,0.986526488144286,-0.0136575267036758,0.0063949,0.0040464,0.0813196,0.5203116,0,0.0002189,0.0065682,0.081851,0.0038146,0.5280866,0,1,1,1,1,0,4,6,0,low,no_reliable_observable_route
beta_scan,beta_0.1,0,27,common_el_refocus_power_rank1,level2_rank1_fallback,0,0,0,0,1,0,0,0,0.6016584,0.0886126,6.78976127548453,0.852719416865118,0.0068925,0.0038515,0.0817517,0.5087814,0,0.0002428,0.0063631,0.0785184,0.0034721,0,0,1,1,1,0,0,3,3,1,medium,music_single_rank1_fallback
beta_scan,beta_0.1,0,28,common_el_refocus_power_rank1,level2_rank1_fallback,0,0,0,0,1,0,0,0,0.6111247,0.0897155,6.81180732426392,0.853196082567109,0.0059069,0.0033299,0.07895,0.522535,0,0.000268,0.0064999,0.0793419,0.0036414,0,0,1,1,1,0,0,3,3,1,medium,music_single_rank1_fallback
beta_scan,beta_0.1,0,29,low_confidence,low_confidence,0,0,1,0,0,0,1,0,0.6049585,0.5915626,1.0226449407045,0.0221435024055368,0.0066221,0.0033935,0.080881,0.5137427,0,0.0002155,0.0066756,0.0796181,0.0033472,0.501534,0,1,1,1,1,0,4,6,0,low,no_reliable_observable_route
beta_scan,beta_0.1,0,30,common_el_refocus_power_rank1,level2_rank1_fallback,0,0,0,0,1,0,0,0,0.6148443,0.0920026,6.68290135278786,0.850364393066667,0.0063203,0.0033218,0.0805138,0.524401,0,0.0001796,0.0067093,0.0820426,0.0030132,0,0,1,1,1,0,0,3,3,1,medium,music_single_rank1_fallback
beta_scan,beta_0.1,8,1,common_el_refocus_power_rank1,level2_rank1_fallback,0,0,0,0,1,0,0,0,0.6281382,0.0914403,6.869380349802,0.854426462202108,0.0068803,0.0035776,0.0955088,0.5218994,0,0.0001745,0.0066199,0.0813503,0.0032697,0,0,1,1,1,0,0,3,3,1,medium,music_single_rank1_fallback
beta_scan,beta_0.1,8,2,low_confidence,low_confidence,0,0,1,0,0,0,1,0,0.6340717,0.6061909,1.045993432102,0.0439710524850739,0.007504,0.0037468,0.0904728,0.5320326,0,0.0002141,0.0063434,0.07923,0.0032959,0.5169203,0,1,1,1,1,0,4,6,0,low,no_reliable_observable_route
beta_scan,beta_0.1,8,3,low_confidence,low_confidence,0,0,1,0,0,0,1,0,0.6523978,0.6071182,1.07458119357977,0.0694048937626706,0.0066334,0.0034537,0.0884178,0.5535563,0,0.0002326,0.0093961,0.0852841,0.0031356,0.5088035,0,1,1,1,1,0,4,6,0,low,no_reliable_observable_route
beta_scan,beta_0.1,8,4,low_confidence,low_confidence,0,0,1,0,0,0,1,0,0.6077706,0.6105912,0.995380542660949,-0.00464089575902471,0.0064099,0.0038464,0.0804264,0.5166549,0,0.000263,0.0061837,0.0817445,0.0034474,0.5188181,0,1,1,1,1,0,4,6,0,low,no_reliable_observable_route
beta_scan,beta_0.1,8,5,low_confidence,low_confidence,0,0,1,0,0,0,1,0,0.5990017,0.5976295,1.0022960713954,0.00229081152858157,0.0065661,0.0039306,0.0804136,0.5077736,0,0.0002161,0.0065309,0.0794465,0.0039837,0.5071711,0,1,1,1,1,0,4,6,0,low,no_reliable_observable_route
beta_scan,beta_0.1,8,6,low_confidence,low_confidence,0,0,1,0,0,0,1,0,0.6188328,0.6105837,1.01351018705544,0.0133300949788053,0.006771,0.0036932,0.0878559,0.5201091,0,0.0002553,0.0063447,0.0789493,0.0031803,0.5216925,0,1,1,1,1,0,4,6,0,low,no_reliable_observable_route
beta_scan,beta_0.1,8,7,common_el_refocus_power_rank1,level2_rank1_fallback,0,0,0,0,1,0,0,0,0.6014331,0.0892119,6.74162415552185,0.85166779148005,0.0059518,0.0037541,0.0766689,0.5147856,0,0.0001785,0.0065772,0.078916,0.003514,0,0,1,1,1,0,0,3,3,1,medium,music_single_rank1_fallback
beta_scan,beta_0.1,8,8,low_confidence,low_confidence,0,0,1,0,0,0,1,0,0.6044355,0.6460812,0.935541074403651,-0.0689001555997291,0.0062428,0.0035608,0.0817401,0.5124049,0,0.000344,0.0058728,0.0826933,0.0037468,0.5532847,0,1,1,1,1,0,4,6,0,low,no_reliable_observable_route
beta_scan,beta_0.1,8,9,common_el_refocus_power_rank1,level2_rank1_fallback,0,0,0,0,1,0,0,0,0.6254553,0.0971112,6.44060932209673,0.844735187310748,0.0066889,0.004031,0.0837437,0.5306308,0,0.0002367,0.0068051,0.0866054,0.003427,0,0,1,1,1,0,0,3,3,1,medium,music_single_rank1_fallback
beta_scan,beta_0.1,8,10,low_confidence,low_confidence,0,0,1,0,0,0,1,0,0.6151582,0.6363341,0.966722041141595,-0.0344235027672557,0.0067614,0.003682,0.088814,0.5155037,0,0.000262,0.00696,0.1024204,0.0040853,0.5224013,0,1,1,1,1,0,4,6,0,low,no_reliable_observable_route
beta_scan,beta_0.1,8,11,common_el_refocus_power_rank1,level2_rank1_fallback,0,0,0,0,1,0,0,0,0.6059259,0.0904082,6.70211219778737,0.850793306574286,0.0064585,0.0030392,0.0801937,0.5159488,0,0.0001857,0.006381,0.0799417,0.0038565,0,0,1,1,1,0,0,3,3,1,medium,music_single_rank1_fallback
beta_scan,beta_0.1,8,12,low_confidence,low_confidence,0,0,1,0,0,0,1,0,0.6104457,0.6252485,0.976324933206557,-0.0242491674525678,0.006666,0.0032751,0.0805385,0.5196551,0,0.0002166,0.0063282,0.0802564,0.0032462,0.5348309,0,1,1,1,1,0,4,6,0,low,no_reliable_observable_route
beta_scan,beta_0.1,8,13,low_confidence,low_confidence,0,0,1,0,0,0,1,0,0.5937053,0.6056826,0.98022512121035,-0.0201738135064653,0.0063693,0.0033975,0.0797896,0.5036864,0,0.0003287,0.0072212,0.086973,0.0035675,0.5073833,0,1,1,1,1,0,4,6,0,low,no_reliable_observable_route
beta_scan,beta_0.1,8,14,low_confidence,low_confidence,0,0,1,0,0,0,1,0,0.6055408,0.6127095,0.988300001876909,-0.0118385086521007,0.0068494,0.003853,0.0804603,0.514075,0,0.000211,0.0065928,0.0922485,0.0034571,0.5099178,0,1,1,1,1,0,4,6,0,low,no_reliable_observable_route
beta_scan,beta_0.1,8,15,low_confidence,low_confidence,0,0,1,0,0,0,1,0,0.6144114,0.6127983,1.00263235064458,0.00262543956703931,0.0067588,0.0040988,0.0803694,0.5227809,0,0.0002666,0.0065302,0.0807653,0.0033888,0.5216314,0,1,1,1,1,0,4,6,0,low,no_reliable_observable_route
beta_scan,beta_0.1,8,16,low_confidence,low_confidence,0,0,1,0,0,0,1,0,0.6207906,0.6102957,1.01719641806423,0.016905700569564,0.0066232,0.0033961,0.0863921,0.5240512,0,0.0002276,0.0063856,0.0803332,0.0035896,0.519498,0,1,1,1,1,0,4,6,0,low,no_reliable_observable_route
beta_scan,beta_0.1,8,17,low_confidence,low_confidence,0,0,1,0,0,0,1,0,0.6128447,0.6175951,0.992308229129409,-0.00775139280799841,0.0069904,0.0034861,0.0825559,0.5194988,0,0.0002181,0.0070025,0.0780853,0.0038268,0.5282334,0,1,1,1,1,0,4,6,0,low,no_reliable_observable_route
beta_scan,beta_0.1,8,18,low_confidence,low_confidence,0,0,1,0,0,0,1,0,0.6137539,0.6347943,0.966854774845962,-0.0342814929567048,0.0061702,0.0038084,0.0795178,0.5239558,0,0.0002089,0.006405,0.0899885,0.005041,0.5329031,0,1,1,1,1,0,4,6,0,low,no_reliable_observable_route
beta_scan,beta_0.1,8,19,low_confidence,low_confidence,0,0,1,0,0,0,1,0,0.6097232,0.5985615,1.01864754081243,0.018306175654789,0.0063406,0.0037876,0.0799888,0.5190839,0,0.0003597,0.0061548,0.0779114,0.0033474,0.510736,0,1,1,1,1,0,4,6,0,low,no_reliable_observable_route
beta_scan,beta_0.1,8,20,low_confidence,low_confidence,0,0,1,0,0,0,1,0,0.6037808,0.6131041,0.984793283881155,-0.0154415310987035,0.0057412,0.0035584,0.080112,0.5140581,0,0.0002119,0.0062596,0.0801744,0.0034375,0.5228389,0,1,1,1,1,0,4,6,0,low,no_reliable_observable_route
beta_scan,beta_0.1,8,21,low_confidence,low_confidence,0,0,1,0,0,0,1,0,0.6072309,0.6172694,0.983737246654378,-0.0165316027231157,0.0065342,0.0031304,0.0806975,0.5165615,0,0.0002138,0.0060853,0.0821208,0.0033342,0.525264,0,1,1,1,1,0,4,6,0,low,no_reliable_observable_route
beta_scan,beta_0.1,8,22,low_confidence,low_confidence,0,0,1,0,0,0,1,0,0.609265,0.6076445,1.0026668553735,0.00265976217245356,0.0062254,0.0034702,0.08103,0.5181972,0,0.0002311,0.0061144,0.08173,0.0038424,0.5155384,0,1,1,1,1,0,4,6,0,low,no_reliable_observable_route
beta_scan,beta_0.1,8,23,low_confidence,low_confidence,0,0,1,0,0,0,1,0,0.6027748,0.6139778,0.981753411931181,-0.0185857139349555,0.006125,0.0035705,0.0813126,0.5112505,0,0.0003586,0.0062598,0.081432,0.0036085,0.5222481,0,1,1,1,1,0,4,6,0,low,no_reliable_observable_route
beta_scan,beta_0.1,8,24,low_confidence,low_confidence,0,0,1,0,0,0,1,0,0.6045209,0.6180907,0.978045616929684,-0.0224471974418088,0.0068539,0.0034814,0.0794621,0.514233,0,0.0003337,0.0094825,0.0876907,0.0034178,0.5170359,0,1,1,1,1,0,4,6,0,low,no_reliable_observable_route
beta_scan,beta_0.1,8,25,common_el_refocus_power_rank1,level2_rank1_fallback,0,0,0,0,1,0,0,0,0.6131902,0.0900693,6.80798229807493,0.853113601619856,0.007547,0.0039134,0.0865956,0.5147049,0,0.0002787,0.0061526,0.0806285,0.0030277,0,0,1,1,1,0,0,3,3,1,medium,music_single_rank1_fallback
beta_scan,beta_0.1,8,26,common_el_refocus_power_rank1,level2_rank1_fallback,0,0,0,0,1,0,0,0,0.6108781,0.0920726,6.63474366966937,0.849278276631623,0.0072917,0.0034749,0.0819557,0.5178713,0,0.00018,0.0065381,0.0821424,0.0031823,0,0,1,1,1,0,0,3,3,1,medium,music_single_rank1_fallback
beta_scan,beta_0.1,8,27,boundary_unreliable,level2_rank1_fallback,0,0,0,0,1,0,0,0,0.6286601,0.0899806,6.98661822659551,0.856869236651093,0.0068607,0.0040631,0.0871625,0.5301086,0,0.0003561,0.0059781,0.0800706,0.0036627,0,0,1,1,1,0,0,3,3,1,medium,music_single_rank1_fallback
beta_scan,beta_0.1,8,28,boundary_unreliable,level2_rank1_fallback,0,0,0,0,1,0,0,0,0.6028756,0.0920596,6.54875319901455,0.847299177475419,0.0066866,0.0036255,0.0805645,0.5116739,0,0.0002206,0.0069958,0.0815436,0.0032948,0,0,1,1,1,0,0,3,3,1,medium,music_single_rank1_fallback
beta_scan,beta_0.1,8,29,low_confidence,low_confidence,0,0,1,0,0,0,1,0,0.6123673,0.6145706,0.996414895213015,-0.00359800400837873,0.0066246,0.0036479,0.0833978,0.5182769,0,0.0003255,0.0065853,0.0787701,0.0034884,0.525176,0,1,1,1,1,0,4,6,0,low,no_reliable_observable_route
beta_scan,beta_0.1,8,30,common_el_refocus_power_rank1,level2_rank1_fallback,0,0,0,0,1,0,0,0,0.6309456,0.0933199,6.76110454468983,0.852095172705856,0.0060833,0.0036011,0.0801303,0.5408603,0,0.0001756,0.0064674,0.082706,0.0039085,0,0,1,1,1,0,0,3,3,1,medium,music_single_rank1_fallback
beta_scan,beta_0.1,16,1,low_confidence,low_confidence,0,0,1,0,0,0,1,0,0.6595747,0.6396062,1.0312199913009,0.0302748119356305,0.006848,0.0040375,0.0972012,0.5510962,0,0.000288,0.006253,0.0815381,0.0040418,0.5473378,0,1,1,1,1,0,4,6,0,low,no_reliable_observable_route
beta_scan,beta_0.1,16,2,low_confidence,low_confidence,0,0,1,0,0,0,1,0,0.6141661,0.5986609,1.025899804046,0.0252459391685734,0.0061872,0.003877,0.0802994,0.5233628,0,0.0003159,0.0059446,0.0812954,0.0032497,0.5077565,0,1,1,1,1,0,4,6,0,low,no_reliable_observable_route
beta_scan,beta_0.1,16,3,common_el_refocus_power_rank1,level2_rank1_fallback,0,0,0,0,1,0,0,0,0.6279728,0.0925065,6.78841811115976,0.852690275757167,0.0063667,0.0040534,0.0792409,0.5379697,0,0.0002121,0.0069316,0.081975,0.0033708,0,0,1,1,1,0,0,3,3,1,medium,music_single_rank1_fallback
beta_scan,beta_0.1,16,4,common_el_refocus_power_rank1,level2_rank1_fallback,0,0,0,0,1,0,0,0,0.6035216,0.0909695,6.63432908832081,0.849268857982879,0.0064391,0.0036451,0.0807035,0.512392,0,0.0001995,0.0063424,0.0805411,0.0038244,0,0,1,1,1,0,0,3,3,1,medium,music_single_rank1_fallback
beta_scan,beta_0.1,16,5,low_confidence,low_confidence,0,0,1,0,0,0,1,0,0.6085678,0.615902,0.988091936704216,-0.0120515742042218,0.0068159,0.0042211,0.0825836,0.5146292,0,0.0002165,0.0059743,0.0818162,0.0043256,0.5233229,0,1,1,1,1,0,4,6,0,low,no_reliable_observable_route
beta_scan,beta_0.1,16,6,common_el_refocus_power_rank1,level2_rank1_fallback,0,0,0,0,1,0,0,0,0.6146624,0.100233,6.13233565791705,0.836929996043356,0.0066741,0.0044059,0.0777987,0.5252974,0,0.000295,0.007552,0.088964,0.0034187,0,0,1,1,1,0,0,3,3,1,medium,music_single_rank1_fallback
beta_scan,beta_0.1,16,7,low_confidence,low_confidence,0,0,1,0,0,0,1,0,0.6439116,0.6297638,1.0224652480819,0.0219716495245621,0.0066595,0.0039818,0.0945181,0.5384326,0,0.0002202,0.0074808,0.0852663,0.0034393,0.5331014,0,1,1,1,1,0,4,6,0,low,no_reliable_observable_route
beta_scan,beta_0.1,16,8,low_confidence,low_confidence,0,0,1,0,0,0,1,0,0.6025272,0.6009596,1.00260849481396,0.00260170827142747,0.0067017,0.0037953,0.0821589,0.5094126,0,0.0003104,0.0061603,0.0800553,0.0032087,0.5111129,0,1,1,1,1,0,4,6,0,low,no_reliable_observable_route
beta_scan,beta_0.1,16,9,low_confidence,low_confidence,0,0,1,0,0,0,1,0,0.6128317,0.6208996,0.98700611177717,-0.0131649521393884,0.0066832,0.0034314,0.081013,0.5213559,0,0.0002448,0.0067448,0.0853229,0.0041917,0.5242336,0,1,1,1,1,0,4,6,0,low,no_reliable_observable_route
beta_scan,beta_0.1,16,10,common_el_refocus_power_rank1,level2_rank1_fallback,0,0,0,0,1,0,0,0,0.6090452,0.0893807,6.81405717341663,0.853244553934585,0.006881,0.0035035,0.0797244,0.5186524,0,0.0001848,0.0061923,0.0797284,0.0032307,0,0,1,1,1,0,0,3,3,1,medium,music_single_rank1_fallback
beta_scan,beta_0.1,16,11,low_confidence,low_confidence,0,0,1,0,0,0,1,0,0.6098962,0.6230812,0.978839034141939,-0.0216184327759379,0.0065559,0.0032442,0.0774319,0.5223146,0,0.0002467,0.0082516,0.103643,0.0035805,0.5071851,0,1,1,1,1,0,4,6,0,low,no_reliable_observable_route
beta_scan,beta_0.1,16,12,boundary_unreliable,level2_rank1_fallback,0,0,0,0,1,0,0,0,0.6048616,0.0920389,6.57180387857743,0.847834777410237,0.0064948,0.00316,0.0814258,0.5134211,0,0.0002551,0.0058397,0.0819174,0.0040308,0,0,1,1,1,0,0,3,3,1,medium,music_single_rank1_fallback
beta_scan,beta_0.1,16,13,low_confidence,low_confidence,0,0,1,0,0,0,1,0,0.6130526,0.6043689,1.01436821120346,0.0141646899466701,0.0064877,0.0043658,0.0871198,0.5147692,0,0.0002194,0.0065754,0.0836217,0.003746,0.5100425,0,1,1,1,1,0,4,6,0,low,no_reliable_observable_route
beta_scan,beta_0.1,16,14,low_confidence,low_confidence,0,0,1,0,0,0,1,0,0.6072885,0.6034065,1.00643347395164,0.00639234894123641,0.0063653,0.0036934,0.0797448,0.5171768,0,0.0002077,0.0066816,0.0792777,0.0036941,0.5133155,0,1,1,1,1,0,4,6,0,low,no_reliable_observable_route
beta_scan,beta_0.1,16,15,common_el_refocus_power_rank1,level2_rank1_fallback,0,0,0,0,1,0,0,0,0.6088509,0.0987629,6.16477341187835,0.837788036447018,0.0064723,0.0032154,0.0817485,0.5171435,0,0.0001761,0.0065824,0.0884805,0.003423,0,0,1,1,1,0,0,3,3,1,medium,music_single_rank1_fallback
beta_scan,beta_0.1,16,16,low_confidence,low_confidence,0,0,1,0,0,0,1,0,0.6234438,0.611316,1.01983883948727,0.0194529162051175,0.0069838,0.0037014,0.0876889,0.5246002,0,0.0003248,0.0066624,0.0824247,0.0038551,0.5178036,0,1,1,1,1,0,4,6,0,low,no_reliable_observable_route
beta_scan,beta_0.1,16,17,low_confidence,low_confidence,0,0,1,0,0,0,1,0,0.6036213,0.6051358,0.99749725598783,-0.00250902345560045,0.0065965,0.0037588,0.0786817,0.5142596,0,0.0002237,0.0062961,0.0793483,0.0034238,0.5156532,0,1,1,1,1,0,4,6,0,low,no_reliable_observable_route
beta_scan,beta_0.1,16,18,low_confidence,low_confidence,0,0,1,0,0,0,1,0,0.6048522,0.6426126,0.941239247409715,-0.06242913558056,0.0065173,0.003333,0.0813715,0.5132858,0,0.0002288,0.0068207,0.0856352,0.0037414,0.545896,0,1,1,1,1,0,4,6,0,low,no_reliable_observable_route
beta_scan,beta_0.1,16,19,common_el_refocus_power_rank1,level2_rank1_fallback,0,0,0,0,1,0,0,0,0.6148275,0.0890039,6.90787145282398,0.855237607296355,0.0064598,0.0043403,0.0830423,0.5206715,0,0.0002067,0.0060373,0.0795727,0.0031687,0,0,1,1,1,0,0,3,3,1,medium,music_single_rank1_fallback
beta_scan,beta_0.1,16,20,low_confidence,low_confidence,0,0,1,0,0,0,1,0,0.6152181,0.6220114,0.98907849598898,-0.0110421003543297,0.006612,0.0043371,0.0821284,0.5218029,0,0.000233,0.0064843,0.0787227,0.0030889,0.5333067,0,1,1,1,1,0,4,6,0,low,no_reliable_observable_route
beta_scan,beta_0.1,16,21,low_confidence,low_confidence,0,0,1,0,0,0,1,0,0.6026537,0.6029333,0.999536267112797,-0.00046394803516514,0.0062517,0.00394,0.0813221,0.5107779,0,0.0002653,0.0062272,0.0833121,0.0034797,0.5095017,0,1,1,1,1,0,4,6,0,low,no_reliable_observable_route
beta_scan,beta_0.1,16,22,common_el_refocus_power_rank1,level2_rank1_fallback,0,0,0,0,1,0,0,0,0.6218324,0.0895173,6.94650531238096,0.856042721479293,0.0059655,0.0040748,0.0800425,0.5314541,0,0.0001958,0.0066866,0.0793056,0.0033091,0,0,1,1,1,0,0,3,3,1,medium,music_single_rank1_fallback
beta_scan,beta_0.1,16,23,low_confidence,low_confidence,0,0,1,0,0,0,1,0,0.6134545,0.6051793,1.01367396406321,0.0134895090018902,0.006802,0.0039463,0.0822933,0.5199269,0,0.0003396,0.0062236,0.0824645,0.0036026,0.512443,0,1,1,1,1,0,4,6,0,low,no_reliable_observable_route
beta_scan,beta_0.1,16,24,common_el_refocus_power_rank1,level2_rank1_fallback,0,0,0,0,1,0,0,0,0.6136464,0.0911624,6.73135415478311,0.851441481608953,0.0064519,0.0041437,0.0799268,0.5227635,0,0.0002471,0.0062109,0.0815151,0.0031764,0,0,1,1,1,0,0,3,3,1,medium,music_single_rank1_fallback
beta_scan,beta_0.1,16,25,low_confidence,low_confidence,0,0,1,0,0,0,1,0,0.6238144,0.6231972,1.00099037672185,0.000989396846241442,0.0065292,0.0037002,0.0798113,0.5334438,0,0.0002273,0.0070422,0.08706,0.0034773,0.5252017,0,1,1,1,1,0,4,6,0,low,no_reliable_observable_route
beta_scan,beta_0.1,16,26,low_confidence,low_confidence,0,0,1,0,0,0,1,0,0.6034554,0.616778,0.978399683516597,-0.0220771907915649,0.0059203,0.0032812,0.0794596,0.51425,0,0.0003361,0.0066808,0.0860175,0.0033142,0.5203138,0,1,1,1,1,0,4,6,0,low,no_reliable_observable_route
beta_scan,beta_0.1,16,27,common_el_refocus_power_rank1,level2_rank1_fallback,0,0,0,0,1,0,0,0,0.6099362,0.0885296,6.88963013500569,0.854854327387028,0.0060914,0.0039557,0.0787934,0.5208048,0,0.0001907,0.0060945,0.0791247,0.0030609,0,0,1,1,1,0,0,3,3,1,medium,music_single_rank1_fallback
beta_scan,beta_0.1,16,28,common_el_refocus_power_rank1,level2_rank1_fallback,0,0,0,0,1,0,0,0,0.6105261,0.0937756,6.51050059930302,0.846401980193803,0.006105,0.0039108,0.0795518,0.5206769,0,0.0001843,0.0066018,0.0838306,0.0031149,0,0,1,1,1,0,0,3,3,1,medium,music_single_rank1_fallback
beta_scan,beta_0.1,16,29,low_confidence,low_confidence,0,0,1,0,0,0,1,0,0.627794,0.6023536,1.04223499286798,0.0405234838179401,0.0071118,0.0036405,0.0803557,0.536371,0,0.0002166,0.0062957,0.0807103,0.0039309,0.5110258,0,1,1,1,1,0,4,6,0,low,no_reliable_observable_route
beta_scan,beta_0.1,16,30,low_confidence,low_confidence,0,0,1,0,0,0,1,0,0.6073168,0.6102329,0.995221332707561,-0.00480161260152845,0.0061261,0.0042509,0.0793521,0.5172749,0,0.0002173,0.0061798,0.0833599,0.0039409,0.5163583,0,1,1,1,1,0,4,6,0,low,no_reliable_observable_route
phase_scan,phase_0,0,1,common_el_refocus_power_rank1,level2_rank1_fallback,1,1,0,0,0,0,0,0,0.6331788,0.0899029,7.04291852654364,0.858013407903107,0.0070253,0.0040511,0.0939749,0.5277906,0,0.0001998,0.0060922,0.0802529,0.0033034,0,0,1,1,1,0,0,3,3,1,medium,music_single_rank1_fallback
phase_scan,phase_0,0,2,common_el_refocus_power_rank1,level2_rank1_fallback,1,1,0,0,0,0,0,0,0.6259304,0.093045,6.72717932183352,0.85134928739681,0.0066118,0.0035211,0.0887302,0.5267994,0,0.0001755,0.0059939,0.0835125,0.0032909,0,0,1,1,1,0,0,3,3,1,medium,music_single_rank1_fallback
phase_scan,phase_0,0,3,common_el_refocus_power_rank1,level2_rank1_fallback,1,1,0,0,0,0,0,0,0.6177048,0.0892924,6.91777575695132,0.855444866220887,0.0067776,0.0036776,0.0797291,0.5272507,0,0.0001745,0.0064539,0.0788374,0.0037762,0,0,1,1,1,0,0,3,3,1,medium,music_single_rank1_fallback
phase_scan,phase_0,0,4,common_el_refocus_power_rank1,level2_rank1_fallback,1,1,0,0,0,0,0,0,0.5941287,0.0968923,6.13184639027043,0.836916984485011,0.0063231,0.0033765,0.0775309,0.5066206,0,0.0001814,0.0071915,0.0852959,0.0041745,0,0,1,1,1,0,0,3,3,1,medium,music_single_rank1_fallback
phase_scan,phase_0,0,5,common_el_refocus_power_rank1,level2_rank1_fallback,1,1,0,0,0,0,0,0,0.6135184,0.0911821,6.72849605350173,0.851378377567812,0.0066208,0.0037137,0.0808147,0.5220049,0,0.0002329,0.006887,0.0808112,0.0032406,0,0,1,1,1,0,0,3,3,1,medium,music_single_rank1_fallback
phase_scan,phase_0,0,6,common_el_refocus_power_rank1,level2_rank1_fallback,1,1,0,0,0,0,0,0,0.6164265,0.0956127,6.44711947262236,0.844891970088891,0.0068646,0.0038067,0.0801897,0.5252751,0,0.0001864,0.0063944,0.0849101,0.004047,0,0,1,1,1,0,0,3,3,1,medium,music_single_rank1_fallback
phase_scan,phase_0,0,7,common_el_refocus_power_rank1,level2_rank1_fallback,1,1,0,0,0,0,0,0,0.6501287,0.0960634,6.76770445351716,0.852239410442886,0.0072483,0.0043015,0.0890928,0.5492048,0,0.0001792,0.0069054,0.0847239,0.0042084,0,0,1,1,1,0,0,3,3,1,medium,music_single_rank1_fallback
phase_scan,phase_0,0,8,common_el_refocus_power_rank1,level2_rank1_fallback,1,1,0,0,0,0,0,0,0.624948,0.0919358,6.79765662560178,0.852890480487977,0.006552,0.0040902,0.0856356,0.5283595,0,0.0002188,0.0070702,0.0813985,0.0032372,0,0,1,1,1,0,0,3,3,1,medium,music_single_rank1_fallback
phase_scan,phase_0,0,9,common_el_refocus_power_rank1,level2_rank1_fallback,1,1,0,0,0,0,0,0,0.6120068,0.0924793,6.6177706794926,0.84889171166072,0.0064898,0.0039299,0.0837893,0.5175273,0,0.0001771,0.0066006,0.0822241,0.0034197,0,0,1,1,1,0,0,3,3,1,medium,music_single_rank1_fallback
phase_scan,phase_0,0,10,common_el_refocus_power_rank1,level2_rank1_fallback,1,1,0,0,0,0,0,0,0.5999083,0.0901414,6.6551917321009,0.849741368805866,0.0066224,0.0035662,0.0796097,0.5097871,0,0.0002025,0.0062159,0.0806471,0.0030321,0,0,1,1,1,0,0,3,3,1,medium,music_single_rank1_fallback
phase_scan,phase_0,0,11,common_el_refocus_power_rank1,level2_rank1_fallback,1,1,0,0,0,0,0,0,0.6166066,0.0921421,6.6919095614274,0.850565822681755,0.00629,0.0039433,0.0810827,0.5249265,0,0.0002139,0.0065407,0.0819289,0.003422,0,0,1,1,1,0,0,3,3,1,medium,music_single_rank1_fallback
phase_scan,phase_0,0,12,common_el_refocus_power_rank1,level2_rank1_fallback,1,1,0,0,0,0,0,0,0.6078771,0.0902389,6.73630884241718,0.851550749320874,0.0059339,0.0039205,0.0812586,0.5164851,0,0.0001796,0.0070527,0.0797426,0.0032169,0,0,1,1,1,0,0,3,3,1,medium,music_single_rank1_fallback
phase_scan,phase_0,0,13,common_el_refocus_power_rank1,level2_rank1_fallback,1,1,0,0,0,0,0,0,0.6149925,0.0909043,6.76527402994138,0.852186327475538,0.0064699,0.0039089,0.0817909,0.5224937,0,0.0002112,0.005988,0.0806716,0.0039744,0,0,1,1,1,0,0,3,3,1,medium,music_single_rank1_fallback
phase_scan,phase_0,0,14,common_el_refocus_power_rank1,level2_rank1_fallback,1,1,0,0,0,0,0,0,0.6017384,0.0895234,6.72157670508493,0.851225382990349,0.0063417,0.0035287,0.080148,0.5114407,0,0.0001812,0.0061808,0.0798343,0.0032456,0,0,1,1,1,0,0,3,3,1,medium,music_single_rank1_fallback
phase_scan,phase_0,0,15,common_el_refocus_power_rank1,level2_rank1_fallback,1,1,0,0,0,0,0,0,0.618681,0.0903297,6.84914264079256,0.853996324438604,0.0064182,0.0036079,0.0786675,0.5296048,0,0.0002451,0.0066456,0.0803467,0.0031021,0,0,1,1,1,0,0,3,3,1,medium,music_single_rank1_fallback
phase_scan,phase_0,0,16,common_el_refocus_power_rank1,level2_rank1_fallback,1,1,0,0,0,0,0,0,0.6086676,0.0925485,6.57674192450445,0.847949028336649,0.0062803,0.0039345,0.0798803,0.5181053,0,0.0002948,0.0067137,0.0820838,0.003522,0,0,1,1,1,0,0,3,3,1,medium,music_single_rank1_fallback
phase_scan,phase_0,0,17,common_el_refocus_power_rank1,level2_rank1_fallback,1,1,0,0,0,0,0,0,0.6055753,0.0969313,6.24746908377377,0.8399351822969,0.0064966,0.0032937,0.0832682,0.5122366,0,0.0001834,0.006324,0.0863154,0.0039845,0,0,1,1,1,0,0,3,3,1,medium,music_single_rank1_fallback
phase_scan,phase_0,0,18,common_el_refocus_power_rank1,level2_rank1_fallback,1,1,0,0,0,0,0,0,0.6086315,0.0878302,6.92963809714654,0.855692319572681,0.0068957,0.0034669,0.0823935,0.5155946,0,0.0001789,0.0063409,0.0777327,0.0035363,0,0,1,1,1,0,0,3,3,1,medium,music_single_rank1_fallback
phase_scan,phase_0,0,19,common_el_refocus_power_rank1,level2_rank1_fallback,1,1,0,0,0,0,0,0,0.6277756,0.0896457,7.00285233982221,0.857201044449641,0.006801,0.0033632,0.0811568,0.5361778,0,0.000181,0.0063314,0.0793098,0.0037879,0,0,1,1,1,0,0,3,3,1,medium,music_single_rank1_fallback
phase_scan,phase_0,0,20,common_el_refocus_power_rank1,level2_rank1_fallback,1,1,0,0,0,0,0,0,0.6079947,0.0951031,6.39300611651986,0.843579064093815,0.006458,0.0042991,0.0825609,0.5144004,0,0.0001784,0.0061093,0.0851933,0.0035682,0,0,1,1,1,0,0,3,3,1,medium,music_single_rank1_fallback
phase_scan,phase_0,0,21,low_confidence,low_confidence,0,0,1,0,0,0,1,0,0.6080325,0.6267161,0.970188096332614,-0.0307279627322552,0.0066789,0.003278,0.079317,0.5184375,0,0.0002249,0.0061412,0.0809673,0.0036078,0.5355771,0,1,1,1,1,0,4,6,0,low,no_reliable_observable_route
phase_scan,phase_0,0,22,common_el_refocus_power_rank1,level2_rank1_fallback,1,1,0,0,0,0,0,0,0.6012533,0.0935406,6.42772550101239,0.844423972392334,0.0063383,0.0038937,0.0797623,0.5109592,0,0.0001959,0.0060791,0.083268,0.0039525,0,0,1,1,1,0,0,3,3,1,medium,music_single_rank1_fallback
phase_scan,phase_0,0,23,common_el_refocus_power_rank1,level2_rank1_fallback,1,1,0,0,0,0,0,0,0.6119895,0.089,6.87628651685393,0.854572668321924,0.0062008,0.0033858,0.08065,0.5213927,0,0.000208,0.0061071,0.0797013,0.0029472,0,0,1,1,1,0,0,3,3,1,medium,music_single_rank1_fallback
phase_scan,phase_0,0,24,common_el_refocus_power_rank1,level2_rank1_fallback,1,1,0,0,0,0,0,0,0.6045121,0.0895291,6.75212975445972,0.851898580690114,0.006746,0.003603,0.0790948,0.5147907,0,0.0001799,0.0062639,0.079282,0.0037552,0,0,1,1,1,0,0,3,3,1,medium,music_single_rank1_fallback
phase_scan,phase_0,0,25,common_el_refocus_power_rank1,level2_rank1_fallback,1,1,0,0,0,0,0,0,0.6017052,0.0941741,6.38928537676495,0.843487973844999,0.007244,0.0040019,0.0794856,0.5106959,0,0.0001797,0.0060164,0.0840644,0.0038647,0,0,1,1,1,0,0,3,3,1,medium,music_single_rank1_fallback
phase_scan,phase_0,0,26,common_el_refocus_power_rank1,level2_rank1_fallback,1,1,0,0,0,0,0,0,0.6150797,0.0922682,6.66621544584158,0.849989846844238,0.0067118,0.0038817,0.0875167,0.5166921,0,0.0001837,0.0062861,0.082093,0.003628,0,0,1,1,1,0,0,3,3,1,medium,music_single_rank1_fallback
phase_scan,phase_0,0,27,common_el_refocus_power_rank1,level2_rank1_fallback,1,1,0,0,0,0,0,0,0.620566,0.0909415,6.82379331768225,0.853453943657887,0.0063284,0.0037958,0.0840864,0.5259541,0,0.0002592,0.0068749,0.0803465,0.0034349,0,0,1,1,1,0,0,3,3,1,medium,music_single_rank1_fallback
phase_scan,phase_0,0,28,common_el_refocus_power_rank1,level2_rank1_fallback,1,1,0,0,0,0,0,0,0.6103885,0.0897694,6.7995163162503,0.852930715437791,0.0069683,0.0037686,0.0819081,0.5174581,0,0.0001849,0.0063787,0.079157,0.0040089,0,0,1,1,1,0,0,3,3,1,medium,music_single_rank1_fallback
phase_scan,phase_0,0,29,common_el_refocus_power_rank1,level2_rank1_fallback,1,1,0,0,0,0,0,0,0.6096925,0.1058184,5.76168700339449,0.826439721662969,0.0068671,0.0035972,0.0793955,0.5194562,0,0.0002432,0.0094627,0.0926218,0.0034081,0,0,1,1,1,0,0,3,3,1,medium,music_single_rank1_fallback
phase_scan,phase_0,0,30,common_el_refocus_power_rank1,level2_rank1_fallback,1,1,0,0,0,0,0,0,0.6218636,0.0898605,6.9203220547404,0.855498054557302,0.0064179,0.0033651,0.0813466,0.5304012,0,0.0001997,0.0072048,0.078874,0.0034972,0,0,1,1,1,0,0,3,3,1,medium,music_single_rank1_fallback
phase_scan,phase_0,8,1,common_el_refocus_power_rank1,level2_rank1_fallback,1,1,0,0,0,0,0,0,0.6405141,0.0914218,7.00614186113159,0.857268091365982,0.0076908,0.0040007,0.0984707,0.5300682,0,0.0001769,0.006258,0.0813033,0.0036261,0,0,1,1,1,0,0,3,3,1,medium,music_single_rank1_fallback
phase_scan,phase_0,8,2,low_confidence,low_confidence,0,0,1,0,0,0,1,0,0.6315689,0.6132357,1.02989584592026,0.0290280284542193,0.0066038,0.0046424,0.0877149,0.5322478,0,0.0002457,0.0066352,0.0819622,0.0032124,0.520898,0,1,1,1,1,0,4,6,0,low,no_reliable_observable_route
phase_scan,phase_0,8,3,common_el_refocus_power_rank1,level2_rank1_fallback,1,1,0,0,0,0,0,0,0.6258347,0.0993502,6.29927971961808,0.841251691540913,0.006459,0.0040645,0.0866494,0.5282265,0,0.0002826,0.0075117,0.0873396,0.0041942,0,0,1,1,1,0,0,3,3,1,medium,music_single_rank1_fallback
phase_scan,phase_0,8,4,low_confidence,low_confidence,0,0,1,0,0,0,1,0,0.6465381,0.6146783,1.05183166544191,0.0492775290427586,0.0071465,0.0044991,0.0862893,0.5482835,0,0.0002212,0.0062126,0.0814694,0.0037557,0.5228334,0,1,1,1,1,0,4,6,0,low,no_reliable_observable_route
phase_scan,phase_0,8,5,low_confidence,low_confidence,0,0,1,0,0,0,1,0,0.6073486,0.6052523,1.00346351430635,0.00345155977967193,0.0063391,0.0037407,0.0827124,0.5142237,0,0.0002193,0.0066067,0.0804717,0.003225,0.5145058,0,1,1,1,1,0,4,6,0,low,no_reliable_observable_route
phase_scan,phase_0,8,6,low_confidence,low_confidence,0,0,1,0,0,0,1,0,0.6228786,0.616588,1.01020227445231,0.010099239241804,0.0062019,0.0036791,0.080313,0.532345,0,0.0002403,0.0064003,0.0861584,0.0039423,0.5196417,0,1,1,1,1,0,4,6,0,low,no_reliable_observable_route
phase_scan,phase_0,8,7,common_el_refocus_power_rank1,level2_rank1_fallback,1,1,0,0,0,0,0,0,0.5991869,0.0911322,6.57491973199374,0.847906888485045,0.0064415,0.0033435,0.0792506,0.5098526,0,0.0002029,0.0064162,0.0812026,0.003271,0,0,1,1,1,0,0,3,3,1,medium,music_single_rank1_fallback
phase_scan,phase_0,8,8,common_el_refocus_power_rank1,level2_rank1_fallback,1,1,0,0,0,0,0,0,0.6097115,0.089884,6.78331516176405,0.852579457661533,0.0066144,0.00368,0.0814573,0.5176846,0,0.0001817,0.0061631,0.079879,0.0036347,0,0,1,1,1,0,0,3,3,1,medium,music_single_rank1_fallback
phase_scan,phase_0,8,9,common_el_refocus_power_rank1,level2_rank1_fallback,1,1,0,0,0,0,0,0,0.6072494,0.0901961,6.7325460856955,0.851467782430086,0.0064026,0.0032887,0.0783294,0.5189401,0,0.0001842,0.0061745,0.0803022,0.0034731,0,0,1,1,1,0,0,3,3,1,medium,music_single_rank1_fallback
phase_scan,phase_0,8,10,common_el_refocus_power_rank1,level2_rank1_fallback,1,1,0,0,0,0,0,0,0.6127703,0.0898057,6.82328961302011,0.853443125425629,0.0059593,0.0036099,0.0783276,0.5245199,0,0.0002065,0.0061156,0.0802482,0.0032057,0,0,1,1,1,0,0,3,3,1,medium,music_single_rank1_fallback
phase_scan,phase_0,8,11,low_confidence,low_confidence,0,0,1,0,0,0,1,0,0.6075681,0.6002353,1.01221654241262,0.0120690997437161,0.0063173,0.0040243,0.0826283,0.5142613,0,0.0002324,0.0061207,0.0805745,0.0032009,0.5097806,0,1,1,1,1,0,4,6,0,low,no_reliable_observable_route
phase_scan,phase_0,8,12,low_confidence,low_confidence,0,0,1,0,0,0,1,0,0.633018,0.608151,1.04088951592614,0.039283243130527,0.006749,0.0034714,0.078934,0.5435497,0,0.0002157,0.0062205,0.0791183,0.0033358,0.5190725,0,1,1,1,1,0,4,6,0,low,no_reliable_observable_route
phase_scan,phase_0,8,13,common_el_refocus_power_rank1,level2_rank1_fallback,1,1,0,0,0,0,0,0,0.6566804,0.0940923,6.97910881124173,0.85671523011803,0.0073294,0.0039379,0.0901271,0.5548688,0,0.0002728,0.0067403,0.0835821,0.0034843,0,0,1,1,1,0,0,3,3,1,medium,music_single_rank1_fallback
phase_scan,phase_0,8,14,common_el_refocus_power_rank1,level2_rank1_fallback,1,1,0,0,0,0,0,0,0.637863,0.0945,6.74987301587302,0.851849064767826,0.006485,0.0041229,0.0854478,0.5414983,0,0.0002108,0.0065707,0.0839346,0.0037321,0,0,1,1,1,0,0,3,3,1,medium,music_single_rank1_fallback
phase_scan,phase_0,8,15,low_confidence,low_confidence,0,0,1,0,0,0,1,0,0.6214303,0.619114,1.00374131420062,0.003727368942261,0.0063324,0.003371,0.0815174,0.5298614,0,0.0002533,0.0064895,0.0812544,0.002992,0.5278973,0,1,1,1,1,0,4,6,0,low,no_reliable_observable_route
phase_scan,phase_0,8,16,low_confidence,low_confidence,0,0,1,0,0,0,1,0,0.6044167,0.6160744,0.981077447788774,-0.0192875213408232,0.0061016,0.0040446,0.0798839,0.5140648,0,0.0002187,0.0065219,0.0863268,0.0039306,0.5188541,0,1,1,1,1,0,4,6,0,low,no_reliable_observable_route
phase_scan,phase_0,8,17,common_el_refocus_power_rank1,level2_rank1_fallback,1,1,0,0,0,0,0,0,0.6055671,0.0903438,6.70291818586334,0.850811247836945,0.0064293,0.0037037,0.0787763,0.5163855,0,0.0001753,0.0063909,0.0803689,0.0033423,0,0,1,1,1,0,0,3,3,1,medium,music_single_rank1_fallback
phase_scan,phase_0,8,18,low_confidence,low_confidence,0,0,1,0,0,0,1,0,0.6213691,0.6184603,1.00470329300038,0.00468127558966169,0.0062552,0.0035487,0.0792456,0.5319071,0,0.0002875,0.0060839,0.0808532,0.0030384,0.528045,0,1,1,1,1,0,4,6,0,low,no_reliable_observable_route
phase_scan,phase_0,8,19,common_el_refocus_power_rank1,level2_rank1_fallback,1,1,0,0,0,0,0,0,0.6155757,0.1010165,6.09381338692194,0.8358991428674,0.0062238,0.0038335,0.0809907,0.524151,0,0.0002429,0.006703,0.0900427,0.0040042,0,0,1,1,1,0,0,3,3,1,medium,music_single_rank1_fallback
phase_scan,phase_0,8,20,low_confidence,low_confidence,0,0,1,0,0,0,1,0,0.6376924,0.6020373,1.05922407133246,0.0559126939571494,0.0061384,0.0035305,0.078185,0.5495186,0,0.0002215,0.0062246,0.0796082,0.0030619,0.512772,0,1,1,1,1,0,4,6,0,low,no_reliable_observable_route
phase_scan,phase_0,8,21,common_el_refocus_power_rank1,level2_rank1_fallback,1,1,0,0,0,0,0,0,0.606657,0.0878129,6.90851799678635,0.855251155100823,0.0060242,0.0035983,0.0801715,0.516573,0,0.000188,0.006514,0.0779481,0.0031081,0,0,1,1,1,0,0,3,3,1,medium,music_single_rank1_fallback
phase_scan,phase_0,8,22,common_el_refocus_power_rank1,level2_rank1_fallback,1,1,0,0,0,0,0,0,0.5974357,0.0949588,6.29152537732153,0.841056033310363,0.0064029,0.0035153,0.0790198,0.5082042,0,0.0001854,0.0065441,0.0849296,0.0031959,0,0,1,1,1,0,0,3,3,1,medium,music_single_rank1_fallback
phase_scan,phase_0,8,23,common_el_refocus_power_rank1,level2_rank1_fallback,1,1,0,0,0,0,0,0,0.6248052,0.0909964,6.86626284116734,0.854360367039199,0.0068119,0.0037955,0.0812182,0.5327083,0,0.0001752,0.0071232,0.0806108,0.0030365,0,0,1,1,1,0,0,3,3,1,medium,music_single_rank1_fallback
phase_scan,phase_0,8,24,common_el_refocus_power_rank1,level2_rank1_fallback,1,1,0,0,0,0,0,0,0.6060544,0.0898515,6.7450671385564,0.85174350685351,0.0066168,0.0042433,0.0831831,0.5117384,0,0.0001781,0.0066291,0.079609,0.0033771,0,0,1,1,1,0,0,3,3,1,medium,music_single_rank1_fallback
phase_scan,phase_0,8,25,common_el_refocus_power_rank1,level2_rank1_fallback,1,1,0,0,0,0,0,0,0.5945842,0.0900571,6.60230231708549,0.848537683981512,0.0063438,0.0038767,0.080827,0.5032614,0,0.0001794,0.0064155,0.079742,0.0036841,0,0,1,1,1,0,0,3,3,1,medium,music_single_rank1_fallback
phase_scan,phase_0,8,26,low_confidence,low_confidence,0,0,1,0,0,0,1,0,0.604942,0.6067373,0.997041058791012,-0.0029677225254654,0.0069194,0.0033322,0.0778024,0.5165768,0,0.0002137,0.0058065,0.0809981,0.0032235,0.5162827,0,1,1,1,1,0,4,6,0,low,no_reliable_observable_route
phase_scan,phase_0,8,27,common_el_refocus_power_rank1,level2_rank1_fallback,1,1,0,0,0,0,0,0,0.6129755,0.0912296,6.7190418460675,0.851169255541208,0.0063086,0.0032124,0.0786732,0.5244454,0,0.0002229,0.0060362,0.0812978,0.003646,0,0,1,1,1,0,0,3,3,1,medium,music_single_rank1_fallback
phase_scan,phase_0,8,28,common_el_refocus_power_rank1,level2_rank1_fallback,1,1,0,0,0,0,0,0,0.607265,0.0895563,6.78081832322238,0.852525174347278,0.006228,0.0032362,0.0833975,0.5141238,0,0.0001817,0.0065272,0.0791352,0.0036502,0,0,1,1,1,0,0,3,3,1,medium,music_single_rank1_fallback
phase_scan,phase_0,8,29,common_el_refocus_power_rank1,level2_rank1_fallback,1,1,0,0,0,0,0,0,0.6120343,0.0924953,6.61692323826184,0.848872358951124,0.0064427,0.003399,0.0793586,0.5223852,0,0.0002843,0.0061293,0.0824695,0.0036456,0,0,1,1,1,0,0,3,3,1,medium,music_single_rank1_fallback
phase_scan,phase_0,8,30,common_el_refocus_power_rank1,level2_rank1_fallback,1,1,0,0,0,0,0,0,0.5995298,0.0892836,6.71489276866076,0.851077294239586,0.0061746,0.003211,0.0800866,0.5097491,0,0.0002011,0.0062706,0.0798367,0.0029333,0,0,1,1,1,0,0,3,3,1,medium,music_single_rank1_fallback
phase_scan,phase_0,16,1,low_confidence,low_confidence,0,0,1,0,0,0,1,0,0.6452759,0.6426504,1.00408542498379,0.00406880219763373,0.006785,0.0046924,0.09447,0.5387824,0,0.0003866,0.0092387,0.0914362,0.0038227,0.5376446,0,1,1,1,1,0,4,6,0,low,no_reliable_observable_route
phase_scan,phase_0,16,2,common_el_refocus_power_rank1,level2_rank1_fallback,1,1,0,0,0,0,0,0,0.6115698,0.0909092,6.72725972728833,0.851351064097671,0.0065557,0.0032635,0.0798066,0.5216211,0,0.0001985,0.0067938,0.0804598,0.0034272,0,0,1,1,1,0,0,3,3,1,medium,music_single_rank1_fallback
phase_scan,phase_0,16,3,common_el_refocus_power_rank1,level2_rank1_fallback,1,1,0,0,0,0,0,0,0.6102176,0.0953784,6.39785947342375,0.843697723566151,0.0068621,0.0034337,0.0823437,0.5173042,0,0.0001756,0.0064927,0.084637,0.0040312,0,0,1,1,1,0,0,3,3,1,medium,music_single_rank1_fallback
phase_scan,phase_0,16,4,common_el_refocus_power_rank1,level2_rank1_fallback,1,1,0,0,0,0,0,0,0.6061743,0.0891209,6.80170756803399,0.852978095574161,0.006565,0.0036739,0.0788226,0.5168321,0,0.0001782,0.0061152,0.0795956,0.0031924,0,0,1,1,1,0,0,3,3,1,medium,music_single_rank1_fallback
phase_scan,phase_0,16,5,low_confidence,low_confidence,0,0,1,0,0,0,1,0,0.6087209,0.597234,1.01923349976726,0.0188705529907055,0.0068018,0.0035745,0.080043,0.5178145,0,0.0003329,0.006796,0.0788922,0.0032689,0.5078437,0,1,1,1,1,0,4,6,0,low,no_reliable_observable_route
phase_scan,phase_0,16,6,low_confidence,low_confidence,0,0,1,0,0,0,1,0,0.5944737,0.6113643,0.972372282778043,-0.0284126951284809,0.0067088,0.0043087,0.0799584,0.5031739,0,0.0002204,0.0069848,0.0797424,0.0029715,0.5212451,0,1,1,1,1,0,4,6,0,low,no_reliable_observable_route
phase_scan,phase_0,16,7,low_confidence,low_confidence,0,0,1,0,0,0,1,0,0.6056548,0.6077567,0.996541543680226,-0.00347045874976959,0.0063277,0.0037691,0.0805445,0.5146983,0,0.0002168,0.0061271,0.0805129,0.0037692,0.5169394,0,1,1,1,1,0,4,6,0,low,no_reliable_observable_route
phase_scan,phase_0,16,8,low_confidence,low_confidence,0,0,1,0,0,0,1,0,0.6075075,0.6013197,1.01029036633924,0.0101855532647744,0.0064384,0.0037749,0.0792592,0.5176257,0,0.0003071,0.0067893,0.0801571,0.0032858,0.5106627,0,1,1,1,1,0,4,6,0,low,no_reliable_observable_route
phase_scan,phase_0,16,9,low_confidence,low_confidence,0,0,1,0,0,0,1,0,0.6034312,0.5982933,1.00858759407802,0.00851447522103588,0.0060829,0.0033364,0.0803127,0.5133925,0,0.0002107,0.00634,0.0794747,0.0038206,0.5082357,0,1,1,1,1,0,4,6,0,low,no_reliable_observable_route
phase_scan,phase_0,16,10,common_el_refocus_power_rank1,level2_rank1_fallback,1,1,0,0,0,0,0,0,0.6221005,0.0897567,6.9309644851025,0.855719935926751,0.0087078,0.0050896,0.0917789,0.5161325,0,0.0002486,0.0063407,0.0800406,0.0031327,0,0,1,1,1,0,0,3,3,1,medium,music_single_rank1_fallback
phase_scan,phase_0,16,11,low_confidence,low_confidence,0,0,1,0,0,0,1,0,0.5962702,0.6004207,0.993087346921916,-0.00696077046949539,0.0066667,0.0038565,0.081671,0.5035356,0,0.0003784,0.0061273,0.0793654,0.0030687,0.5113786,0,1,1,1,1,0,4,6,0,low,no_reliable_observable_route
phase_scan,phase_0,16,12,common_el_refocus_power_rank1,level2_rank1_fallback,1,1,0,0,0,0,0,0,0.6053664,0.091144,6.64186781356974,0.849439942487723,0.0066443,0.0032263,0.0803144,0.5148684,0,0.0002061,0.0072764,0.0802028,0.0034307,0,0,1,1,1,0,0,3,3,1,medium,music_single_rank1_fallback
phase_scan,phase_0,16,13,common_el_refocus_power_rank1,level2_rank1_fallback,1,1,0,0,0,0,0,0,0.6099093,0.0888993,6.8606760683155,0.854241770046792,0.0063533,0.0038821,0.0817179,0.5176843,0,0.0001783,0.0063637,0.0789748,0.0033301,0,0,1,1,1,0,0,3,3,1,medium,music_single_rank1_fallback
phase_scan,phase_0,16,14,low_confidence,low_confidence,0,0,1,0,0,0,1,0,0.6138799,0.6072119,1.01098133946321,0.0108620595005635,0.0065323,0.0033685,0.0868657,0.5167834,0,0.0002281,0.0061892,0.0792021,0.0035749,0.5178524,0,1,1,1,1,0,4,6,0,low,no_reliable_observable_route
phase_scan,phase_0,16,15,low_confidence,low_confidence,0,0,1,0,0,0,1,0,0.6473583,0.6313249,1.02539643216987,0.0247674278679985,0.0063773,0.0033871,0.0803411,0.5567856,0,0.0003198,0.0068183,0.085459,0.0035221,0.5350737,0,1,1,1,1,0,4,6,0,low,no_reliable_observable_route
phase_scan,phase_0,16,16,low_confidence,low_confidence,0,0,1,0,0,0,1,0,0.6195602,0.6277437,0.986963628627416,-0.0132085631065391,0.0067909,0.0041013,0.0883842,0.5198375,0,0.0003117,0.0067778,0.0884799,0.0031365,0.528846,0,1,1,1,1,0,4,6,0,low,no_reliable_observable_route
phase_scan,phase_0,16,17,low_confidence,low_confidence,0,0,1,0,0,0,1,0,0.6105732,0.6125344,0.99679822063871,-0.0032120636804891,0.0065142,0.0037128,0.0823784,0.5176631,0,0.0002082,0.0065727,0.0815705,0.003149,0.5207523,0,1,1,1,1,0,4,6,0,low,no_reliable_observable_route
phase_scan,phase_0,16,18,common_el_refocus_power_rank1,level2_rank1_fallback,1,1,0,0,0,0,0,0,0.6111031,0.091982,6.64372485921159,0.849482026846206,0.0070266,0.0035459,0.0806636,0.5195935,0,0.0001753,0.0067553,0.0815647,0.0034627,0,0,1,1,1,0,0,3,3,1,medium,music_single_rank1_fallback
phase_scan,phase_0,16,19,low_confidence,low_confidence,0,0,1,0,0,0,1,0,0.6178171,0.6222819,0.992825116719609,-0.0072267342551704,0.006539,0.0042178,0.0794368,0.5270651,0,0.0003889,0.0082749,0.0879814,0.0040208,0.5215336,0,1,1,1,1,0,4,6,0,low,no_reliable_observable_route
phase_scan,phase_0,16,20,common_el_refocus_power_rank1,level2_rank1_fallback,1,1,0,0,0,0,0,0,0.606034,0.0912478,6.64162862008728,0.849434520175436,0.0061562,0.0031292,0.0785647,0.5178647,0,0.0002149,0.0061311,0.0808676,0.004004,0,0,1,1,1,0,0,3,3,1,medium,music_single_rank1_fallback
phase_scan,phase_0,16,21,low_confidence,low_confidence,0,0,1,0,0,0,1,0,0.6080072,0.6028092,1.00862296063166,0.00854924086425279,0.0074551,0.0034691,0.0880233,0.5087428,0,0.0002219,0.0059696,0.0805176,0.0042066,0.5117164,0,1,1,1,1,0,4,6,0,low,no_reliable_observable_route
phase_scan,phase_0,16,22,common_el_refocus_power_rank1,level2_rank1_fallback,1,1,0,0,0,0,0,0,0.6041043,0.0951672,6.34782046755605,0.842465613967654,0.0067751,0.0039056,0.0801831,0.5129559,0,0.0001834,0.0062782,0.0850874,0.0035685,0,0,1,1,1,0,0,3,3,1,medium,music_single_rank1_fallback
phase_scan,phase_0,16,23,low_confidence,low_confidence,0,0,1,0,0,0,1,0,0.6004761,0.6195612,0.969195779206316,-0.0317832799673461,0.0058478,0.0037483,0.0827609,0.5077837,0,0.0002326,0.0063244,0.0810094,0.0032912,0.5284982,0,1,1,1,1,0,4,6,0,low,no_reliable_observable_route
phase_scan,phase_0,16,24,low_confidence,low_confidence,0,0,1,0,0,0,1,0,0.5993832,0.6007964,0.997647788834953,-0.00235775710764008,0.0065888,0.0032223,0.0789984,0.5102432,0,0.0002243,0.0066043,0.0800749,0.0031666,0.5104461,0,1,1,1,1,0,4,6,0,low,no_reliable_observable_route
phase_scan,phase_0,16,25,low_confidence,low_confidence,0,0,1,0,0,0,1,0,0.6189554,0.6131186,1.00951985472305,0.00943008171509629,0.0066986,0.0035254,0.0794632,0.5287373,0,0.0003599,0.0069604,0.0846987,0.0030692,0.51796,0,1,1,1,1,0,4,6,0,low,no_reliable_observable_route
phase_scan,phase_0,16,26,low_confidence,low_confidence,0,0,1,0,0,0,1,0,0.6018845,0.6030662,0.99804051362852,-0.00196333349670907,0.0063587,0.0032953,0.0804344,0.5114708,0,0.0002261,0.006182,0.0790354,0.0034768,0.5138888,0,1,1,1,1,0,4,6,0,low,no_reliable_observable_route
phase_scan,phase_0,16,27,low_confidence,low_confidence,0,0,1,0,0,0,1,0,0.6144635,0.6068497,1.01254643447958,0.0123909719617195,0.0065422,0.0036938,0.080837,0.5229909,0,0.0002473,0.0065137,0.0801294,0.0043665,0.5153344,0,1,1,1,1,0,4,6,0,low,no_reliable_observable_route
phase_scan,phase_0,16,28,low_confidence,low_confidence,0,0,1,0,0,0,1,0,0.6116244,0.6129726,0.997800554217268,-0.00220429400789124,0.0064648,0.0040973,0.0868556,0.5138768,0,0.0002287,0.0062664,0.079687,0.0032701,0.5233384,0,1,1,1,1,0,4,6,0,low,no_reliable_observable_route
phase_scan,phase_0,16,29,low_confidence,low_confidence,0,0,1,0,0,0,1,0,0.6031926,0.5929555,1.01726453334188,0.01697152783373,0.0064513,0.0034164,0.0812005,0.5117006,0,0.000305,0.0065491,0.0811136,0.003188,0.50165,0,1,1,1,1,0,4,6,0,low,no_reliable_observable_route
phase_scan,phase_0,16,30,low_confidence,low_confidence,0,0,1,0,0,0,1,0,0.6308162,0.5968374,1.05693141884205,0.0538648183099928,0.0069898,0.0038462,0.0888809,0.5306161,0,0.0003365,0.0065252,0.0829455,0.0039916,0.5029471,0,1,1,1,1,0,4,6,0,low,no_reliable_observable_route
phase_scan,phase_120,0,1,common_el_refocus_power_rank1,common_el_refocus_power_rank1,1,1,1,0,0,0,0,0,0.6361001,0.087957,7.23194401809975,0.861724593346236,0.0065153,0.0040503,0.0922885,0.5329677,0,0.0001789,0.0065084,0.0812417,0,0,0,1,1,0,0,0,2,2,1,medium,ok
phase_scan,phase_120,0,2,common_el_refocus_power_rank1,common_el_refocus_power_rank1,1,1,1,0,0,0,0,0,0.6242972,0.0861369,7.2477323887904,0.86202581078371,0.0065324,0.0031015,0.0894945,0.5248271,0,0.0001973,0.0062049,0.0797734,0,0,0,1,1,0,0,0,2,2,1,medium,ok
phase_scan,phase_120,0,3,common_el_refocus_power_rank1,common_el_refocus_power_rank1,1,1,1,0,0,0,0,0,0.6257985,0.0882034,7.09494758705447,0.859054631802409,0.0065991,0.0034707,0.0808604,0.5345868,0,0.0001835,0.0062505,0.0817603,0,0,0,1,1,0,0,0,2,2,1,medium,ok
phase_scan,phase_120,0,4,level2_music_or_center_real,level2_music_or_center_real,1,1,1,0,0,0,0,0,0.6090346,0.0839852,7.25168958340279,0.862101102301905,0.0065853,0.0034086,0.079365,0.5193786,0,0.0001939,0.0059457,0.0778803,0,0,0,1,1,0,0,0,2,1,1,medium,ok
phase_scan,phase_120,0,5,level2_music_or_center_real,level2_music_or_center_real,1,1,1,0,0,0,0,0,0.6030836,0.0867771,6.94980127245552,0.856110993567061,0.006306,0.0035302,0.0816208,0.5113407,0,0.0001896,0.0064486,0.0801414,0,0,0,1,1,0,0,0,2,1,1,medium,ok
phase_scan,phase_120,0,6,low_confidence,low_confidence,1,1,1,0,0,0,1,0,0.6080509,0.5968621,1.01874603865784,0.0184010910928674,0.0065708,0.0037355,0.0803869,0.5168746,0,0.0002772,0.0058992,0.0808228,0.0032747,0.5064425,0,1,1,1,1,0,4,6,0,low,no_reliable_observable_route
phase_scan,phase_120,0,7,level2_music_or_center_real,level2_music_or_center_real,1,1,1,0,0,0,0,0,0.6082321,0.0897611,6.77612128193616,0.852422948410648,0.0061328,0.0032353,0.0821263,0.5163205,0,0.0002661,0.007721,0.0818464,0,0,0,1,1,0,0,0,2,1,1,medium,ok
phase_scan,phase_120,0,8,level2_music_or_center_real,level2_music_or_center_real,1,1,1,0,0,0,0,0,0.6135313,0.0885377,6.92960512866271,0.85569163301041,0.0066087,0.0038737,0.080124,0.5226384,0,0.0001843,0.0069108,0.0814056,0,0,0,1,1,0,0,0,2,1,1,medium,ok
phase_scan,phase_120,0,9,common_el_refocus_power_rank1,common_el_refocus_power_rank1,1,1,1,0,0,0,0,0,0.6170498,0.0945312,6.52747241122508,0.846801344073039,0.0069049,0.0033763,0.0827892,0.5235552,0,0.0003044,0.0065588,0.0877785,0,0,0,1,1,0,0,0,2,2,1,medium,ok
phase_scan,phase_120,0,10,level2_music_or_center_real,level2_music_or_center_real,1,1,1,0,0,0,0,0,0.6095251,0.0900759,6.76679444779347,0.852219539441444,0.0071131,0.0039313,0.084996,0.5131937,0,0.0001938,0.0067148,0.0831761,0,0,0,1,1,0,0,0,2,1,1,medium,ok
phase_scan,phase_120,0,11,level2_music_or_center_real,level2_music_or_center_real,1,1,1,0,0,0,0,0,0.6017058,0.0836667,7.19169992362553,0.860950816827759,0.0064353,0.0032708,0.0790431,0.5126752,0,0.0001857,0.0061992,0.0772597,0,0,0,1,1,0,0,0,2,1,1,medium,ok
phase_scan,phase_120,0,12,level2_music_or_center_real,level2_music_or_center_real,1,1,1,0,0,0,0,0,0.6121882,0.0879437,6.96113763691998,0.856345319952263,0.0064134,0.0034191,0.0797464,0.5222057,0,0.0002393,0.0066744,0.0810677,0,0,0,1,1,0,0,0,2,1,1,medium,ok
phase_scan,phase_120,0,13,level2_music_or_center_real,level2_music_or_center_real,1,1,1,0,0,0,0,0,0.6106126,0.0868947,7.02704077463873,0.857692586101237,0.0061219,0.0031976,0.0876852,0.5132896,0,0.0002211,0.0060968,0.080618,0,0,0,1,1,0,0,0,2,1,1,medium,ok
phase_scan,phase_120,0,14,common_el_refocus_power_rank1,common_el_refocus_power_rank1,1,1,1,0,0,0,0,0,0.5965718,0.0827204,7.21190661553861,0.861340412000701,0.0065876,0.0037175,0.0801258,0.5058524,0,0.0001814,0.0064346,0.0761146,0,0,0,1,1,0,0,0,2,2,1,medium,ok
phase_scan,phase_120,0,15,common_el_refocus_power_rank1,common_el_refocus_power_rank1,1,1,1,0,0,0,0,0,0.5999097,0.0882494,6.79788984401027,0.852895527443547,0.0063202,0.0034524,0.0817012,0.5081475,0,0.0001897,0.0064145,0.0815818,0,0,0,1,1,0,0,0,2,2,1,medium,ok
phase_scan,phase_120,0,16,low_confidence,low_confidence,1,1,1,0,0,0,1,0,0.6024689,0.6682183,0.901604909653028,-0.109133268123882,0.0073495,0.0033352,0.0771556,0.514276,0,0.0002327,0.006641,0.093618,0.0044828,0.563052,0,1,1,1,1,0,4,6,0,low,no_reliable_observable_route
phase_scan,phase_120,0,17,common_el_refocus_power_rank1,common_el_refocus_power_rank1,1,1,1,0,0,0,0,0,0.6382086,0.0964976,6.61372510818922,0.84879927973393,0.0069545,0.0034098,0.0867053,0.540818,0,0.0002069,0.0107644,0.0855487,0,0,0,1,1,0,0,0,2,2,1,medium,ok
phase_scan,phase_120,0,18,common_el_refocus_power_rank1,common_el_refocus_power_rank1,1,1,1,0,0,0,0,0,0.6033002,0.0889292,6.78405068301525,0.852595440876698,0.0066109,0.0034364,0.0815968,0.5113807,0,0.0001805,0.0068158,0.0819431,0,0,0,1,1,0,0,0,2,2,1,medium,ok
phase_scan,phase_120,0,19,common_el_refocus_power_rank1,common_el_refocus_power_rank1,1,1,1,0,0,0,0,0,0.6077725,0.0855319,7.10579912290035,0.859269874829809,0.0062948,0.0036508,0.0784765,0.5190761,0,0.0001801,0.0065877,0.0787954,0,0,0,1,1,0,0,0,2,2,1,medium,ok
phase_scan,phase_120,0,20,level2_music_or_center_real,level2_music_or_center_real,1,1,1,0,0,0,0,0,0.6385101,0.0855085,7.46721203155242,0.866081209991823,0.0063905,0.0039527,0.0880685,0.5397581,0,0.0002257,0.0060863,0.0792179,0,0,0,1,1,0,0,0,2,1,1,medium,ok
phase_scan,phase_120,0,21,level2_music_or_center_real,level2_music_or_center_real,1,1,1,0,0,0,0,0,0.6043991,0.0866661,6.97388136768587,0.856607827510001,0.0058919,0.0038209,0.0785322,0.515864,0,0.0001958,0.0068858,0.0795769,0,0,0,1,1,0,0,0,2,1,1,medium,ok
phase_scan,phase_120,0,22,common_el_refocus_power_rank1,common_el_refocus_power_rank1,1,1,1,0,0,0,0,0,0.6027903,0.0845121,7.13259166438889,0.859798507042997,0.0071521,0.0036057,0.078822,0.5129268,0,0.000182,0.006194,0.0781656,0,0,0,1,1,0,0,0,2,2,1,medium,ok
phase_scan,phase_120,0,23,level2_music_or_center_real,level2_music_or_center_real,1,1,1,0,0,0,0,0,0.6085283,0.0876498,6.94272320073748,0.855964299441784,0.0064115,0.0032362,0.0827694,0.5158212,0,0.0001889,0.0061573,0.0813053,0,0,0,1,1,0,0,0,2,1,1,medium,ok
phase_scan,phase_120,0,24,level2_music_or_center_real,level2_music_or_center_real,1,1,1,0,0,0,0,0,0.6060905,0.0861943,7.0316772686825,0.857786419684849,0.006329,0.0035709,0.0803216,0.5155275,0,0.0002403,0.0067475,0.0792252,0,0,0,1,1,0,0,0,2,1,1,medium,ok
phase_scan,phase_120,0,25,common_el_refocus_power_rank1,common_el_refocus_power_rank1,1,1,1,0,0,0,0,0,0.6011362,0.0855646,7.02552457441512,0.857661874297372,0.0066303,0.0033582,0.0846673,0.5061733,0,0.0001957,0.0059481,0.0794534,0,0,0,1,1,0,0,0,2,2,1,medium,ok
phase_scan,phase_120,0,26,level2_music_or_center_real,level2_music_or_center_real,1,1,1,0,0,0,0,0,0.602614,0.0847477,7.11068264979463,0.85936652649955,0.0061903,0.0032605,0.0797011,0.5131801,0,0.0001856,0.0059426,0.0786299,0,0,0,1,1,0,0,0,2,1,1,medium,ok
phase_scan,phase_120,0,27,level2_music_or_center_real,level2_music_or_center_real,1,1,1,0,0,0,0,0,0.6056868,0.0847305,7.14839166533893,0.860108392654421,0.0064247,0.0036302,0.0787191,0.5165807,0,0.0002267,0.0062572,0.0782487,0,0,0,1,1,0,0,0,2,1,1,medium,ok
phase_scan,phase_120,0,28,level2_music_or_center_real,level2_music_or_center_real,1,1,1,0,0,0,0,0,0.6091626,0.0911208,6.68522005952538,0.850416292792762,0.0065582,0.0033033,0.0806175,0.5183975,0,0.0001854,0.0070161,0.0839394,0,0,0,1,1,0,0,0,2,1,1,medium,ok
phase_scan,phase_120,0,29,low_confidence,low_confidence,1,1,1,0,0,0,1,0,0.6292099,0.6079226,1.035016464267,0.0338317944457008,0.0059399,0.0033915,0.0886751,0.5308433,0,0.0002403,0.0065287,0.0818765,0.0034728,0.515622,0,1,1,1,1,0,4,6,0,low,no_reliable_observable_route
phase_scan,phase_120,0,30,level2_music_or_center_real,level2_music_or_center_real,1,1,1,0,0,0,0,0,0.6350066,0.0861214,7.37338919246552,0.864377157654739,0.0061774,0.0036094,0.0783033,0.5466315,0,0.0001878,0.0059648,0.0799709,0,0,0,1,1,0,0,0,2,1,1,medium,ok
phase_scan,phase_120,8,1,common_el_refocus_power_rank1,common_el_refocus_power_rank1,1,1,1,0,0,0,0,0,0.6672704,0.0894505,7.45966092978798,0.865945649619704,0.0072489,0.0041155,0.0950856,0.5311543,0.0294185,0.000202,0.0064275,0.0828323,0,0,0,1,1,0,0,0,2,2,1,medium,ok
phase_scan,phase_120,8,2,common_el_refocus_power_rank1,common_el_refocus_power_rank1,1,1,1,0,0,0,0,0,0.6601602,0.0859358,7.6820161097005,0.869825839243263,0.0066044,0.0035714,0.0870279,0.5332789,0.0293998,0.0002334,0.0064897,0.0792399,0,0,0,1,1,0,0,0,2,2,1,medium,ok
phase_scan,phase_120,8,3,level2_music_or_center_real,level2_music_or_center_real,1,1,1,0,0,0,0,0,0.65233,0.0873298,7.46972969135392,0.866126347094262,0.0070082,0.0039129,0.0873159,0.5227852,0.030955,0.0002989,0.0060273,0.0810916,0,0,0,1,1,0,0,0,2,1,1,medium,ok
phase_scan,phase_120,8,4,level2_music_or_center_real,level2_music_or_center_real,1,1,1,0,0,0,0,0,0.6535571,0.0877755,7.44578042847947,0.865695744105603,0.0066304,0.0034486,0.081525,0.5300325,0.0316594,0.0002168,0.0062654,0.081312,0,0,0,1,1,0,0,0,2,1,1,medium,ok
phase_scan,phase_120,8,5,level2_music_or_center_real,level2_music_or_center_real,1,1,1,0,0,0,0,0,0.6397296,0.0851582,7.51224896721631,0.866884071020006,0.0067109,0.0037075,0.0790997,0.5207455,0.0292122,0.0002087,0.0063093,0.0786479,0,0,0,1,1,0,0,0,2,1,1,medium,ok
phase_scan,phase_120,8,6,level2_music_or_center_real,level2_music_or_center_real,1,1,1,0,0,0,0,0,0.6545422,0.0883912,7.40506068477405,0.864957217426164,0.0061341,0.0032007,0.0808377,0.5337789,0.030337,0.0002109,0.0066265,0.0815629,0,0,0,1,1,0,0,0,2,1,1,medium,ok
phase_scan,phase_120,8,7,level2_music_or_center_real,level2_music_or_center_real,1,1,1,0,0,0,0,0,0.6457049,0.0859223,7.51498621428896,0.866932556962166,0.0063681,0.0043143,0.0796685,0.525135,0.029899,0.0002701,0.0063607,0.0793425,0,0,0,1,1,0,0,0,2,1,1,medium,ok
phase_scan,phase_120,8,8,common_el_refocus_power_rank1,common_el_refocus_power_rank1,1,1,1,0,0,0,0,0,0.6365772,0.0931664,6.83269075546549,0.853644773956717,0.0065631,0.0035746,0.0812737,0.5134165,0.0315001,0.0002007,0.0064423,0.0865328,0,0,0,1,1,0,0,0,2,2,1,medium,ok
phase_scan,phase_120,8,9,common_el_refocus_power_rank1,common_el_refocus_power_rank1,1,1,1,0,0,0,0,0,0.6407553,0.0872551,7.34347104066123,0.863824614482315,0.0061661,0.0043144,0.0848732,0.5152901,0.0298156,0.0002503,0.0065641,0.080453,0,0,0,1,1,0,0,0,2,2,1,medium,ok
phase_scan,phase_120,8,10,level2_music_or_center_real,level2_music_or_center_real,1,1,1,0,0,0,0,0,0.6309284,0.0861505,7.32356051328779,0.863454395142143,0.0065056,0.0036501,0.0808059,0.5105841,0.0291336,0.0002058,0.0064353,0.0795054,0,0,0,1,1,0,0,0,2,1,1,medium,ok
phase_scan,phase_120,8,11,common_el_refocus_power_rank1,common_el_refocus_power_rank1,1,1,1,0,0,0,0,0,0.6427149,0.0859586,7.47702847649915,0.866257029360919,0.0065957,0.0040166,0.0796378,0.5221315,0.0300836,0.0002005,0.0064446,0.0793274,0,0,0,1,1,0,0,0,2,2,1,medium,ok
phase_scan,phase_120,8,12,common_el_refocus_power_rank1,common_el_refocus_power_rank1,1,1,1,0,0,0,0,0,0.6372337,0.0865134,7.36572253546849,0.864235993796311,0.0067364,0.0039642,0.0799192,0.5175066,0.0288114,0.0002488,0.0067037,0.0795764,0,0,0,1,1,0,0,0,2,2,1,medium,ok
phase_scan,phase_120,8,13,level2_music_or_center_real,level2_music_or_center_real,1,1,1,0,0,0,0,0,0.6412554,0.0860893,7.44872359282745,0.865748810848221,0.0071297,0.0042844,0.0814399,0.5175853,0.0305655,0.0002047,0.0068103,0.0790999,0,0,0,1,1,0,0,0,2,1,1,medium,ok
phase_scan,phase_120,8,14,level2_music_or_center_real,level2_music_or_center_real,1,1,1,0,0,0,0,0,0.6377282,0.0927889,6.87289320166529,0.854500867297385,0.00647,0.0042693,0.0794099,0.5173235,0.0299872,0.0002211,0.0063405,0.0861299,0,0,0,1,1,0,0,0,2,1,1,medium,ok
phase_scan,phase_120,8,15,level2_music_or_center_real,level2_music_or_center_real,1,1,1,0,0,0,0,0,0.6503227,0.0865701,7.51209366744407,0.866881319074361,0.0063659,0.0034714,0.0807531,0.5291854,0.0302514,0.0002477,0.0064801,0.0799036,0,0,0,1,1,0,0,0,2,1,1,medium,ok
phase_scan,phase_120,8,16,common_el_refocus_power_rank1,common_el_refocus_power_rank1,1,1,1,0,0,0,0,0,0.6443065,0.0868459,7.41896278350504,0.865210268715278,0.0065273,0.0037447,0.0804968,0.5224904,0.030749,0.0002505,0.0068402,0.079789,0,0,0,1,1,0,0,0,2,2,1,medium,ok
phase_scan,phase_120,8,17,level2_music_or_center_real,level2_music_or_center_real,1,1,1,0,0,0,0,0,0.6491655,0.0861354,7.53657032996886,0.86731365114135,0.006715,0.0037047,0.0853187,0.5239462,0.0291558,0.0002738,0.0061946,0.0797314,0,0,0,1,1,0,0,0,2,1,1,medium,ok
phase_scan,phase_120,8,18,level2_music_or_center_real,level2_music_or_center_real,1,1,1,0,0,0,0,0,0.6434679,0.0852575,7.54734656775064,0.867503103107397,0.0066724,0.0032017,0.0823467,0.5220097,0.0289911,0.0002017,0.0065892,0.0784856,0,0,0,1,1,0,0,0,2,1,1,medium,ok
phase_scan,phase_120,8,19,level2_music_or_center_real,level2_music_or_center_real,1,1,1,0,0,0,0,0,0.6301745,0.0949612,6.63612612309027,0.849309675335959,0.0068859,0.0034934,0.0796655,0.5098546,0.0300154,0.0002102,0.0063962,0.0883166,0,0,0,1,1,0,0,0,2,1,1,medium,ok
phase_scan,phase_120,8,20,common_el_refocus_power_rank1,common_el_refocus_power_rank1,1,1,1,0,0,0,0,0,0.6644772,0.0979582,6.78327286536502,0.852578538435931,0.0067168,0.0040832,0.0840743,0.5331792,0.0361189,0.0002568,0.0069593,0.0907702,0,0,0,1,1,0,0,0,2,2,1,medium,ok
phase_scan,phase_120,8,21,level2_music_or_center_real,level2_music_or_center_real,1,1,1,0,0,0,0,0,0.7275528,0.1065018,6.83136623042991,0.85361639732539,0.0074097,0.0043975,0.1137695,0.5665348,0.0351003,0.0002841,0.0077093,0.0985297,0,0,0,1,1,0,0,0,2,1,1,medium,ok
phase_scan,phase_120,8,22,level2_music_or_center_real,level2_music_or_center_real,1,1,1,0,0,0,0,0,0.661711,0.0899205,7.35884475731341,0.864109105032257,0.007307,0.0038331,0.085197,0.5332158,0.0318373,0.0002744,0.0066666,0.0829954,0,0,0,1,1,0,0,0,2,1,1,medium,ok
phase_scan,phase_120,8,23,common_el_refocus_power_rank1,common_el_refocus_power_rank1,1,1,1,0,0,0,0,0,0.7400253,0.0895959,8.25958888743793,0.878928598792501,0.0069214,0.004216,0.0978191,0.5981006,0.0326556,0.0002529,0.0067617,0.0826154,0,0,0,1,1,0,0,0,2,2,1,medium,ok
phase_scan,phase_120,8,24,level2_music_or_center_real,level2_music_or_center_real,1,1,1,0,0,0,0,0,0.6395304,0.0869096,7.35857028452553,0.864104036336662,0.0066243,0.0036385,0.0799816,0.5192885,0.0297438,0.0002099,0.0064078,0.0803268,0,0,0,1,1,0,0,0,2,1,1,medium,ok
phase_scan,phase_120,8,25,common_el_refocus_power_rank1,common_el_refocus_power_rank1,1,1,1,0,0,0,0,0,0.6525016,0.0943255,6.91755251761189,0.85544020121943,0.0059767,0.0039429,0.0816238,0.5265851,0.0340912,0.000234,0.0064743,0.0875041,0,0,0,1,1,0,0,0,2,2,1,medium,ok
phase_scan,phase_120,8,26,common_el_refocus_power_rank1,common_el_refocus_power_rank1,1,1,1,0,0,0,0,0,0.6749688,0.0948616,7.11530060635705,0.859457800123502,0.006946,0.0040927,0.0928749,0.5394006,0.0313592,0.0002431,0.0068088,0.087835,0,0,0,1,1,0,0,0,2,2,1,medium,ok
phase_scan,phase_120,8,27,level2_music_or_center_real,level2_music_or_center_real,1,1,1,0,0,0,0,0,0.6580735,0.1098827,5.98887267968479,0.833023666809255,0.0068648,0.0039506,0.0906946,0.5246559,0.031589,0.0002707,0.0098085,0.0998305,0,0,0,1,1,0,0,0,2,1,1,medium,ok
phase_scan,phase_120,8,28,common_el_refocus_power_rank1,common_el_refocus_power_rank1,1,1,1,0,0,0,0,0,0.6464042,0.0894446,7.22686668619458,0.861627446108797,0.0068391,0.0036473,0.0826514,0.5215163,0.0314568,0.0002468,0.0068301,0.0824074,0,0,0,1,1,0,0,0,2,2,1,medium,ok
phase_scan,phase_120,8,29,level2_music_or_center_real,level2_music_or_center_real,1,1,1,0,0,0,0,0,0.637551,0.092227,6.91284547908964,0.855341768736932,0.0071665,0.0037931,0.0801673,0.5159636,0.0302165,0.0002011,0.0064575,0.0855763,0,0,0,1,1,0,0,0,2,1,1,medium,ok
phase_scan,phase_120,8,30,common_el_refocus_power_rank1,common_el_refocus_power_rank1,1,1,1,0,0,0,0,0,0.6287987,0.0870601,7.22258187160364,0.861545356248351,0.0064295,0.003719,0.0825525,0.5049834,0.0308583,0.0002115,0.0058388,0.0810392,0,0,0,1,1,0,0,0,2,2,1,medium,ok
phase_scan,phase_120,16,1,level2_music_or_center_real,level2_music_or_center_real,1,1,1,0,0,0,0,0,0.6783725,0.1005902,6.74392237017125,0.851718340587214,0.0073842,0.0039883,0.0947159,0.5352998,0.0366164,0.0003215,0.0075533,0.0928222,0,0,0,1,1,0,0,0,2,1,1,medium,ok
phase_scan,phase_120,16,2,level2_music_or_center_real,level2_music_or_center_real,1,1,1,0,0,0,0,0,0.6966884,0.0862377,8.07869875935931,0.876217689285483,0.007938,0.0045941,0.1074413,0.5449315,0.03149,0.0002398,0.0059846,0.0800363,0,0,0,1,1,0,0,0,2,1,1,medium,ok
phase_scan,phase_120,16,3,level2_music_or_center_real,level2_music_or_center_real,1,1,1,0,0,0,0,0,0.6386044,0.0897375,7.11636049589079,0.859478732060099,0.0064914,0.0033391,0.0818498,0.5151271,0.031503,0.0002471,0.0069365,0.0825969,0,0,0,1,1,0,0,0,2,1,1,medium,ok
phase_scan,phase_120,16,4,low_confidence,low_confidence,1,1,1,0,0,0,1,0,0.6356664,0.6117882,1.03903017416812,0.0375640430263421,0.0066096,0.0034547,0.0810852,0.5127661,0.0313904,0.0003123,0.0062279,0.0806263,0.0031617,0.5213308,0,1,1,1,1,0,4,6,0,low,no_reliable_observable_route
phase_scan,phase_120,16,5,level2_music_or_center_real,level2_music_or_center_real,1,1,1,0,0,0,0,0,0.6673114,0.0866822,7.69836713881281,0.870102324042419,0.0059973,0.0033852,0.0823402,0.5461965,0.0289753,0.0003608,0.0061862,0.0802646,0,0,0,1,1,0,0,0,2,1,1,medium,ok
phase_scan,phase_120,16,6,level2_music_or_center_real,level2_music_or_center_real,1,1,1,0,0,0,0,0,0.6324127,0.0876288,7.21695036335086,0.861437317751525,0.0063879,0.0033191,0.0804633,0.5102972,0.0316432,0.0002455,0.006255,0.0811719,0,0,0,1,1,0,0,0,2,1,1,medium,ok
phase_scan,phase_120,16,7,level2_music_or_center_real,level2_music_or_center_real,1,1,1,0,0,0,0,0,0.6373149,0.0861253,7.39985695260278,0.864862252553643,0.0062711,0.0037934,0.0818342,0.5141927,0.0309382,0.0002396,0.0065444,0.0793466,0,0,0,1,1,0,0,0,2,1,1,medium,ok
phase_scan,phase_120,16,8,level2_music_or_center_real,level2_music_or_center_real,1,1,1,0,0,0,0,0,0.6368887,0.0863875,7.37246360873969,0.864360130741839,0.0063371,0.0034575,0.0802861,0.5176469,0.0288452,0.0002562,0.0060759,0.0800783,0,0,0,1,1,0,0,0,2,1,1,medium,ok
phase_scan,phase_120,16,9,level2_music_or_center_real,level2_music_or_center_real,1,1,1,0,0,0,0,0,0.6423785,0.08955,7.17340591848129,0.860596206130809,0.0063722,0.0032899,0.0799401,0.5182305,0.0342339,0.0002529,0.0061656,0.0831505,0,0,0,1,1,0,0,0,2,1,1,medium,ok
phase_scan,phase_120,16,10,level2_music_or_center_real,level2_music_or_center_real,1,1,1,0,0,0,0,0,0.6388875,0.0847062,7.54239359102403,0.867416094382814,0.0067405,0.0038406,0.0828909,0.5156517,0.0295125,0.0002077,0.0058984,0.0785394,0,0,0,1,1,0,0,0,2,1,1,medium,ok
phase_scan,phase_120,16,11,level2_music_or_center_real,level2_music_or_center_real,1,1,1,0,0,0,0,0,0.6381099,0.0868193,7.34986230020283,0.86394302924935,0.0059815,0.0033276,0.0787165,0.5179136,0.0318933,0.0002321,0.0065339,0.0800681,0,0,0,1,1,0,0,0,2,1,1,medium,ok
phase_scan,phase_120,16,12,level2_music_or_center_real,level2_music_or_center_real,1,1,1,0,0,0,0,0,0.6410564,0.08815,7.27233579126489,0.86249259815517,0.0061353,0.003906,0.0801594,0.5200155,0.0305949,0.0001995,0.0064319,0.0815109,0,0,0,1,1,0,0,0,2,1,1,medium,ok
phase_scan,phase_120,16,13,level2_music_or_center_real,level2_music_or_center_real,1,1,1,0,0,0,0,0,0.6349014,0.0882801,7.19189715462488,0.86095463012052,0.0066276,0.003835,0.0805094,0.5116074,0.0320745,0.0002029,0.0065146,0.0815571,0,0,0,1,1,0,0,0,2,1,1,medium,ok
phase_scan,phase_120,16,14,level2_music_or_center_real,level2_music_or_center_real,1,1,1,0,0,0,0,0,0.643499,0.0879663,7.31529005994341,0.863300020668253,0.0066376,0.0038801,0.0855265,0.5154149,0.031746,0.0002409,0.0066143,0.0811424,0,0,0,1,1,0,0,0,2,1,1,medium,ok
phase_scan,phase_120,16,15,level2_music_or_center_real,level2_music_or_center_real,1,1,1,0,0,0,0,0,0.6373561,0.0891311,7.15077116741519,0.860154943209926,0.0066834,0.0041107,0.081418,0.5139815,0.0308676,0.0002457,0.0067201,0.0821922,0,0,0,1,1,0,0,0,2,1,1,medium,ok
phase_scan,phase_120,16,16,level2_music_or_center_real,level2_music_or_center_real,1,1,1,0,0,0,0,0,0.6495442,0.0878889,7.3905146156113,0.864691425156286,0.0067273,0.0036896,0.0947714,0.5130078,0.0310587,0.0002419,0.0064616,0.0811981,0,0,0,1,1,0,0,0,2,1,1,medium,ok
phase_scan,phase_120,16,17,level2_music_or_center_real,level2_music_or_center_real,1,1,1,0,0,0,0,0,0.6227408,0.0978742,6.36266554413727,0.842833165901447,0.0065549,0.0034279,0.0787721,0.502818,0.0308723,0.0002484,0.0069689,0.0906133,0,0,0,1,1,0,0,0,2,1,1,medium,ok
phase_scan,phase_120,16,18,level2_music_or_center_real,level2_music_or_center_real,1,1,1,0,0,0,0,0,0.635454,0.0887585,7.15935938529831,0.860322698417195,0.0065812,0.0035766,0.0814785,0.5135435,0.0300269,0.0002023,0.006027,0.0825438,0,0,0,1,1,0,0,0,2,1,1,medium,ok
phase_scan,phase_120,16,19,level2_music_or_center_real,level2_music_or_center_real,1,1,1,0,0,0,0,0,0.6365776,0.0854699,7.44797408210376,0.865735300770872,0.0061606,0.003327,0.0820682,0.5154039,0.029333,0.0002379,0.0060333,0.0792221,0,0,0,1,1,0,0,0,2,1,1,medium,ok
phase_scan,phase_120,16,20,level2_music_or_center_real,level2_music_or_center_real,1,1,1,0,0,0,0,0,0.635965,0.0877291,7.24919097540041,0.862053572130542,0.0064497,0.0033115,0.0799271,0.5161284,0.0298522,0.0002484,0.0061044,0.0814,0,0,0,1,1,0,0,0,2,1,1,medium,ok
phase_scan,phase_120,16,21,common_el_refocus_power_rank1,common_el_refocus_power_rank1,1,1,1,0,0,0,0,0,0.6400867,0.0918463,6.96910708433546,0.856509594715841,0.0069592,0.0040647,0.0812288,0.5185075,0.0290828,0.0001999,0.0064315,0.0852005,0,0,0,1,1,0,0,0,2,2,1,medium,ok
phase_scan,phase_120,16,22,low_confidence,low_confidence,1,1,1,0,0,0,1,0,0.6393648,0.6114402,1.04567020617879,0.0436755354689529,0.006694,0.0034609,0.0815375,0.5166934,0.0306317,0.0003019,0.0065037,0.0818381,0.0031276,0.5195369,0,1,1,1,1,0,4,6,0,low,no_reliable_observable_route
phase_scan,phase_120,16,23,level2_music_or_center_real,level2_music_or_center_real,1,1,1,0,0,0,0,0,0.6118695,0.0899751,6.80043145270191,0.852950506603124,0.0058218,0.0034977,0.0788265,0.4934066,0.0300312,0.0002401,0.0062273,0.083537,0,0,0,1,1,0,0,0,2,1,1,medium,ok
phase_scan,phase_120,16,24,common_el_refocus_power_rank1,common_el_refocus_power_rank1,1,1,1,0,0,0,0,0,0.6233137,0.0882869,7.06009272043757,0.858358800713028,0.0062424,0.0034214,0.0824087,0.50225,0.028745,0.0002022,0.0064416,0.0816688,0,0,0,1,1,0,0,0,2,2,1,medium,ok
phase_scan,phase_120,16,25,level2_music_or_center_real,level2_music_or_center_real,1,1,1,0,0,0,0,0,0.6346446,0.0864947,7.33738136556344,0.863711595434673,0.0063754,0.0044051,0.07992,0.5139364,0.0297371,0.0002133,0.0065877,0.0797058,0,0,0,1,1,0,0,0,2,1,1,medium,ok
phase_scan,phase_120,16,26,level2_music_or_center_real,level2_music_or_center_real,1,1,1,0,0,0,0,0,0.6630024,0.0865809,7.65760577679373,0.869410879960616,0.0064016,0.0037645,0.0885564,0.5364739,0.0275504,0.0002115,0.0063247,0.0800124,0,0,0,1,1,0,0,0,2,1,1,medium,ok
phase_scan,phase_120,16,27,level2_music_or_center_real,level2_music_or_center_real,1,1,1,0,0,0,0,0,0.634714,0.0916789,6.92322879092136,0.855558724086754,0.0063926,0.0033522,0.0799762,0.5153704,0.0293207,0.0002435,0.0070074,0.0844259,0,0,0,1,1,0,0,0,2,1,1,medium,ok
phase_scan,phase_120,16,28,level2_music_or_center_real,level2_music_or_center_real,1,1,1,0,0,0,0,0,0.6317254,0.0860384,7.34236573436977,0.863804114889159,0.0071626,0.003834,0.0823541,0.5078053,0.0302666,0.0002497,0.0060068,0.0798217,0,0,0,1,1,0,0,0,2,1,1,medium,ok
phase_scan,phase_120,16,29,level2_music_or_center_real,level2_music_or_center_real,1,1,1,0,0,0,0,0,0.6345748,0.0878003,7.2274787215989,0.861639163736095,0.0060579,0.003318,0.0790825,0.5160244,0.0296716,0.0003714,0.0064599,0.0810771,0,0,0,1,1,0,0,0,2,1,1,medium,ok
phase_scan,phase_120,16,30,level2_music_or_center_real,level2_music_or_center_real,1,1,1,0,0,0,0,0,0.6329261,0.0899977,7.03269194657197,0.857806938282368,0.0065501,0.0033642,0.0786095,0.5144104,0.0296854,0.0002585,0.0073947,0.0823852,0,0,0,1,1,0,0,0,2,1,1,medium,ok
phase_scan,phase_150,0,1,boundary_unreliable,boundary_unreliable,0,0,1,0,0,0,1,1,0.659968,0.6317609,1.04464837884079,0.0427401025504267,0.0074989,0.0036923,0.0949725,0.5229636,0.0303518,0.0004409,0.0067834,0.0834821,0.0041381,0.5364233,0,1,1,1,1,0,4,6,0,low,boundary_unreliable
phase_scan,phase_150,0,2,boundary_unreliable,boundary_unreliable,0,0,1,0,0,0,1,1,0.6333991,0.6131929,1.03295243633773,0.0319012136266059,0.006542,0.0037566,0.0810623,0.5106738,0.0309733,0.0003449,0.0065652,0.08102,0.0035185,0.5212052,0,1,1,1,1,0,4,6,0,low,boundary_unreliable
phase_scan,phase_150,0,3,boundary_unreliable,boundary_unreliable,1,1,1,0,0,0,1,1,0.6898033,0.6367526,1.08331446153498,0.0769069965307502,0.0065555,0.0043723,0.0901679,0.5549952,0.0333861,0.0002808,0.0064083,0.0852956,0.0033865,0.5411597,0,1,1,1,1,0,4,6,0,low,boundary_unreliable
phase_scan,phase_150,0,4,boundary_unreliable,common_el_refocus_power_rank1,0,0,0,0,1,0,0,0,0.7739447,0.1101083,7.0289405975753,0.857731049776554,0.0063526,0.0038089,0.0809478,0.6477158,0.0347625,0.0003074,0.007392,0.1024967,0,0,0,1,1,0,0,0,2,2,1,medium,ok
phase_scan,phase_150,0,5,level2_music_or_center_real,level2_music_or_center_real,1,1,1,0,0,0,0,0,0.7088712,0.091868,7.71619279836287,0.870402408787379,0.0088105,0.0053879,0.1013922,0.5585945,0.0341887,0.000449,0.0066517,0.0849992,0,0,0,1,1,0,0,0,2,1,1,medium,ok
phase_scan,phase_150,0,6,level2_music_or_center_real,level2_music_or_center_real,1,1,1,0,0,0,0,0,0.6686104,0.0926014,7.22030552453851,0.861501705627074,0.0066434,0.0036671,0.0913209,0.5348922,0.0318299,0.0002123,0.0066284,0.0857536,0,0,0,1,1,0,0,0,2,1,1,medium,ok
phase_scan,phase_150,0,7,boundary_unreliable,boundary_unreliable,1,1,1,0,0,0,1,1,0.6849006,0.6215191,1.10197836237052,0.0925411658275668,0.0066409,0.0034572,0.0837021,0.5597112,0.0310892,0.0002532,0.0062115,0.0872003,0.0040481,0.5235252,0,1,1,1,1,0,4,6,0,low,boundary_unreliable
phase_scan,phase_150,0,8,boundary_unreliable,common_el_refocus_power_rank1,0,0,0,0,1,0,0,0,0.6442041,0.0927891,6.94266999033292,0.85596319551521,0.0073373,0.0041036,0.0850612,0.5171208,0.0300838,0.0004448,0.00644,0.0861618,0,0,0,1,1,0,0,0,2,2,1,medium,ok
phase_scan,phase_150,0,9,boundary_unreliable,common_el_refocus_power_rank1,1,0,0,0,1,0,0,0,0.6765784,0.0900758,7.51121166839484,0.866865687701529,0.0067661,0.0034168,0.0812305,0.5552201,0.0294812,0.0004139,0.0065126,0.0833805,0,0,0,1,1,0,0,0,2,2,1,medium,ok
phase_scan,phase_150,0,10,level2_music_or_center_real,level2_music_or_center_real,1,1,1,0,0,0,0,0,0.642484,0.0886077,7.25088225966818,0.862085748438872,0.0066685,0.0041851,0.0823737,0.5181414,0.0307859,0.0002825,0.006479,0.081918,0,0,0,1,1,0,0,0,2,1,1,medium,ok
phase_scan,phase_150,0,11,boundary_unreliable,low_confidence,0,0,0,0,0,0,1,0,0.6516989,0.6173882,1.05557394844929,0.0526480864092297,0.0065037,0.0035304,0.0812391,0.5314564,0.0286328,0.0002914,0.0069531,0.0835277,0.0039494,0.5225372,0,1,1,1,1,0,4,6,0,low,no_reliable_observable_route
phase_scan,phase_150,0,12,level2_music_or_center_real,level2_music_or_center_real,0,0,1,0,1,0,0,0,0.6346867,0.0875934,7.24582788200938,0.861989545393026,0.006115,0.003742,0.0778641,0.515774,0.0308629,0.0002815,0.0060924,0.0813123,0,0,0,1,1,0,0,0,2,1,1,medium,ok
phase_scan,phase_150,0,13,low_confidence,low_confidence,1,1,1,0,0,0,1,0,0.6432628,0.6081597,1.05772020079594,0.0545703870952899,0.0068578,0.0037747,0.087202,0.5143212,0.0307487,0.0003097,0.0067347,0.0854017,0.003265,0.5122775,0,1,1,1,1,0,4,6,0,low,no_reliable_observable_route
phase_scan,phase_150,0,14,low_confidence,low_confidence,0,0,1,0,0,0,1,0,0.6335137,0.6007504,1.05453729202677,0.0517167979161303,0.0064845,0.0032236,0.0781023,0.5144315,0.0309308,0.0002953,0.0070179,0.0808894,0.0030808,0.5093437,0,1,1,1,1,0,4,6,0,low,no_reliable_observable_route
phase_scan,phase_150,0,15,boundary_unreliable,boundary_unreliable,1,1,1,0,0,0,1,1,0.6356347,0.6173544,1.02961070658928,0.0287591284742637,0.0062813,0.0041791,0.0807555,0.5139764,0.0301055,0.0002897,0.0062345,0.0875981,0.0036998,0.5190556,0,1,1,1,1,0,4,6,0,low,boundary_unreliable
phase_scan,phase_150,0,16,boundary_unreliable,boundary_unreliable,0,0,1,0,0,0,1,1,0.6335629,0.6105286,1.03772845367113,0.036356768996417,0.0064029,0.0032291,0.0818701,0.5127232,0.0290461,0.0002484,0.00695,0.078818,0.0034406,0.5208873,0,1,1,1,1,0,4,6,0,low,boundary_unreliable
phase_scan,phase_150,0,17,boundary_unreliable,common_el_refocus_power_rank1,0,0,0,0,1,0,0,0,0.629432,0.0919949,6.84203146043965,0.853844577333215,0.0060914,0.0033897,0.0812024,0.5081222,0.0302721,0.0003082,0.0064559,0.0853435,0,0,0,1,1,0,0,0,2,2,1,medium,ok
phase_scan,phase_150,0,18,boundary_unreliable,boundary_unreliable,1,1,1,0,0,0,1,1,0.6485337,0.6102871,1.06266984833859,0.0589739592560881,0.0063594,0.0034483,0.0827134,0.5237228,0.0319361,0.0003035,0.0070222,0.0847216,0.0030747,0.5150089,0,1,1,1,1,0,4,6,0,low,boundary_unreliable
phase_scan,phase_150,0,19,boundary_unreliable,boundary_unreliable,1,1,1,0,0,0,1,1,0.634812,0.6021481,1.05424562495506,0.0514544463557716,0.0062332,0.003791,0.0805674,0.510021,0.033878,0.0002754,0.0063445,0.0806123,0.0033821,0.5113726,0,1,1,1,1,0,4,6,0,low,boundary_unreliable
phase_scan,phase_150,0,20,boundary_unreliable,boundary_unreliable,0,0,1,0,0,0,1,1,0.635409,0.5995924,1.05973491325107,0.0563677883064294,0.006236,0.003155,0.08026,0.5163851,0.0290809,0.0002495,0.0062797,0.0818619,0.0038782,0.5071362,0,1,1,1,1,0,4,6,0,low,boundary_unreliable
phase_scan,phase_150,0,21,level2_music_or_center_real,level2_music_or_center_real,1,1,1,0,0,0,0,0,0.6404,0.0857875,7.46495701588227,0.866040755777639,0.0067433,0.0041126,0.083354,0.5143599,0.0313762,0.0004052,0.0061713,0.0794116,0,0,0,1,1,0,0,0,2,1,1,medium,ok
phase_scan,phase_150,0,22,level2_music_or_center_real,level2_music_or_center_real,1,1,1,0,0,0,0,0,0.6363645,0.0862689,7.3765227098062,0.86443476969567,0.0066885,0.003602,0.0811135,0.5151438,0.0295138,0.0002572,0.0062024,0.0798605,0,0,0,1,1,0,0,0,2,1,1,medium,ok
phase_scan,phase_150,0,23,boundary_unreliable,low_confidence,1,1,0,0,0,0,1,0,0.6319066,0.6090498,1.03752862245419,0.0361711683340544,0.0060378,0.0037123,0.0776623,0.5124513,0.0317573,0.0002425,0.0061197,0.0805551,0.0039765,0.5179515,0,1,1,1,1,0,4,6,0,low,no_reliable_observable_route
phase_scan,phase_150,0,24,boundary_unreliable,boundary_unreliable,0,0,1,0,0,0,1,1,0.6547803,0.6074909,1.07784379980013,0.0722217818709574,0.0065573,0.0034019,0.0798391,0.5333484,0.0312787,0.0003021,0.0062549,0.0797539,0.0032856,0.5177612,0,1,1,1,1,0,4,6,0,low,boundary_unreliable
phase_scan,phase_150,0,25,boundary_unreliable,boundary_unreliable,1,1,1,0,0,0,1,1,0.6305087,0.6121547,1.0299826171391,0.0291098283021313,0.0063306,0.0035586,0.0829314,0.5076861,0.0296685,0.0002873,0.0064356,0.0812991,0.003687,0.5202378,0,1,1,1,1,0,4,6,0,low,boundary_unreliable
phase_scan,phase_150,0,26,boundary_unreliable,boundary_unreliable,1,1,1,0,0,0,1,1,0.6351964,0.6107811,1.0399738957214,0.0384374029827625,0.0063285,0.0038048,0.0792132,0.5148231,0.030688,0.0002941,0.0063175,0.0813319,0.0037868,0.5188274,0,1,1,1,1,0,4,6,0,low,boundary_unreliable
phase_scan,phase_150,0,27,boundary_unreliable,boundary_unreliable,0,0,1,0,0,0,1,1,0.6505133,0.6090639,1.0680542714812,0.0637179900856754,0.0062471,0.0033403,0.0778514,0.5249506,0.037786,0.0002929,0.0060885,0.0791265,0.0038658,0.5195451,0,1,1,1,1,0,4,6,0,low,boundary_unreliable
phase_scan,phase_150,0,28,boundary_unreliable,boundary_unreliable,0,0,1,0,0,0,1,1,0.6302051,0.6029968,1.04512179832463,0.0431737223326183,0.0065658,0.0041348,0.0799465,0.5091712,0.0301082,0.0002361,0.0068316,0.0795978,0.0033542,0.5127497,0,1,1,1,1,0,4,6,0,low,boundary_unreliable
phase_scan,phase_150,0,29,boundary_unreliable,boundary_unreliable,0,0,1,0,0,0,1,1,0.6572202,0.6076786,1.08152599087741,0.0753805193449624,0.0065011,0.0035031,0.0893789,0.5269006,0.0305985,0.0002918,0.0063851,0.0803202,0.0036753,0.5168559,0,1,1,1,1,0,4,6,0,low,boundary_unreliable
phase_scan,phase_150,0,30,boundary_unreliable,boundary_unreliable,0,0,1,0,0,0,1,1,0.6622304,0.6454252,1.02603740913742,0.0253766664894876,0.0065104,0.0037355,0.0829569,0.531644,0.0369083,0.0004248,0.0072445,0.0924728,0.00425,0.5408403,0,1,1,1,1,0,4,6,0,low,boundary_unreliable
phase_scan,phase_150,8,1,level2_music_or_center_real,level2_music_or_center_real,1,1,1,0,0,0,0,0,0.6652223,0.0874973,7.60277517134814,0.868469081688933,0.0085253,0.0043451,0.0982769,0.523175,0.0306529,0.0001999,0.0061708,0.0810622,0,0,0,1,1,0,0,0,2,1,1,medium,ok
phase_scan,phase_150,8,2,boundary_unreliable,boundary_unreliable,1,1,1,0,0,0,1,1,0.6615613,0.6188332,1.06904623087449,0.0645867586269028,0.0069401,0.0040793,0.0909607,0.5254756,0.0335439,0.00051,0.0068712,0.0844176,0.003486,0.5235522,0,1,1,1,1,0,4,6,0,low,boundary_unreliable
phase_scan,phase_150,8,3,boundary_unreliable,boundary_unreliable,0,0,1,0,0,0,1,1,0.6338497,0.6104265,1.03837185967516,0.0369538709255522,0.0068299,0.0038236,0.0812507,0.5111493,0.0304489,0.0002996,0.0066241,0.0823203,0.0032262,0.5178242,0,1,1,1,1,0,4,6,0,low,boundary_unreliable
phase_scan,phase_150,8,4,boundary_unreliable,boundary_unreliable,1,1,1,0,0,0,1,1,0.6470983,0.6188245,1.04568952909912,0.043693207044432,0.0062775,0.0032893,0.0834462,0.523841,0.029821,0.0003688,0.0064357,0.0883832,0.0040001,0.5195012,0,1,1,1,1,0,4,6,0,low,boundary_unreliable
phase_scan,phase_150,8,5,level2_music_or_center_real,level2_music_or_center_real,1,1,1,0,0,0,0,0,0.6407477,0.0879148,7.28828024405447,0.86279342087377,0.0065353,0.0039341,0.0799394,0.5200512,0.0299524,0.0002893,0.0063525,0.0813137,0,0,0,1,1,0,0,0,2,1,1,medium,ok
phase_scan,phase_150,8,6,low_confidence,low_confidence,0,0,1,0,0,0,1,0,0.6403823,0.6108637,1.04832272731216,0.0460952777739172,0.0067282,0.0035734,0.0873733,0.5121119,0.0302308,0.0003031,0.0063243,0.0810074,0.0034515,0.5196477,0,1,1,1,1,0,4,6,0,low,no_reliable_observable_route
phase_scan,phase_150,8,7,level2_music_or_center_real,level2_music_or_center_real,1,1,1,0,0,0,0,0,0.6384568,0.088833,7.18715792554569,0.860862943271965,0.0069249,0.0039729,0.0810391,0.514512,0.0317112,0.0002487,0.0069935,0.0816249,0,0,0,1,1,0,0,0,2,1,1,medium,ok
phase_scan,phase_150,8,8,boundary_unreliable,boundary_unreliable,0,0,1,0,0,0,1,1,0.6408828,0.607268,1.05535414347537,0.0524507757112532,0.0065511,0.0034913,0.083707,0.5160334,0.0307666,0.000287,0.0063131,0.0794178,0.0035201,0.5175477,0,1,1,1,1,0,4,6,0,low,boundary_unreliable
phase_scan,phase_150,8,9,boundary_unreliable,boundary_unreliable,1,1,1,0,0,0,1,1,0.623723,0.6270994,0.994615845590029,-0.0054133004554906,0.0067382,0.003535,0.0798577,0.5030156,0.0302174,0.0003118,0.0068538,0.0830042,0.0034905,0.5332562,0,1,1,1,1,0,4,6,0,low,boundary_unreliable
phase_scan,phase_150,8,10,boundary_unreliable,common_el_refocus_power_rank1,0,0,0,0,1,0,0,0,0.6365265,0.0885018,7.19224354758886,0.860961326826142,0.0061056,0.0035933,0.0801027,0.5156193,0.0307732,0.0002881,0.0063099,0.0820006,0,0,0,1,1,0,0,0,2,2,1,medium,ok
phase_scan,phase_150,8,11,level2_music_or_center_real,level2_music_or_center_real,1,1,1,0,0,0,0,0,0.6468459,0.0885321,7.30634312300284,0.863132625560431,0.0071252,0.003269,0.0828361,0.5222371,0.031137,0.0001979,0.0063746,0.081964,0,0,0,1,1,0,0,0,2,1,1,medium,ok
phase_scan,phase_150,8,12,boundary_unreliable,boundary_unreliable,1,1,1,0,0,0,1,1,0.6462003,0.6000324,1.07694234511336,0.0714451850300905,0.0065708,0.0033557,0.0840081,0.5212687,0.0306944,0.0002602,0.006323,0.0806141,0.0031078,0.5095685,0,1,1,1,1,0,4,6,0,low,boundary_unreliable
phase_scan,phase_150,8,13,level2_music_or_center_real,level2_music_or_center_real,1,1,1,0,0,0,0,0,0.6310621,0.0872299,7.23447006129779,0.86177287465053,0.0060265,0.0034528,0.0778703,0.512729,0.0306995,0.0002375,0.0065771,0.0804335,0,0,0,1,1,0,0,0,2,1,1,medium,ok
phase_scan,phase_150,8,14,level2_music_or_center_real,level2_music_or_center_real,1,1,1,0,0,0,0,0,0.6523175,0.0865441,7.53740000762617,0.86732825656218,0.0071222,0.0033637,0.0925605,0.5189434,0.0300518,0.0002292,0.0063916,0.07992,0,0,0,1,1,0,0,0,2,1,1,medium,ok
phase_scan,phase_150,8,15,boundary_unreliable,boundary_unreliable,0,0,1,0,0,0,1,1,0.640421,0.614702,1.04183978578238,0.0401595200657069,0.007012,0.0036754,0.0834527,0.5163824,0.0295619,0.0002911,0.006461,0.0814786,0.0035735,0.5227497,0,1,1,1,1,0,4,6,0,low,boundary_unreliable
phase_scan,phase_150,8,16,low_confidence,low_confidence,1,1,1,0,0,0,1,0,0.6256262,0.6107333,1.02438527586428,0.0238047895052989,0.0066989,0.0038899,0.0788386,0.5071578,0.0286377,0.0003475,0.0060069,0.0814358,0.0034723,0.5194118,0,1,1,1,1,0,4,6,0,low,no_reliable_observable_route
phase_scan,phase_150,8,17,boundary_unreliable,boundary_unreliable,1,1,1,0,0,0,1,1,0.6400025,0.6251177,1.02381119587559,0.0232574091507456,0.0064591,0.0037672,0.0852355,0.5136037,0.0305895,0.0002991,0.0062684,0.0806148,0.0033795,0.5342951,0,1,1,1,1,0,4,6,0,low,boundary_unreliable
phase_scan,phase_150,8,18,level2_music_or_center_real,level2_music_or_center_real,1,1,1,0,0,0,0,0,0.6276182,0.0873136,7.18809211852449,0.860881026076044,0.0059494,0.0034161,0.0790553,0.5087715,0.0301241,0.0002504,0.0062803,0.0808279,0,0,0,1,1,0,0,0,2,1,1,medium,ok
phase_scan,phase_150,8,19,level2_music_or_center_real,level2_music_or_center_real,1,1,1,0,0,0,0,0,0.6480936,0.088794,7.29884451652139,0.862992012264895,0.0067587,0.0032934,0.0818759,0.5264501,0.0294695,0.0002041,0.0062387,0.0823615,0,0,0,1,1,0,0,0,2,1,1,medium,ok
phase_scan,phase_150,8,20,level2_music_or_center_real,level2_music_or_center_real,1,1,1,0,0,0,0,0,0.6388974,0.085559,7.46733131523276,0.866083349220078,0.0069882,0.0039133,0.0795831,0.5176303,0.030486,0.0002451,0.0062084,0.0791092,0,0,0,1,1,0,0,0,2,1,1,medium,ok
phase_scan,phase_150,8,21,level2_music_or_center_real,level2_music_or_center_real,1,1,1,0,0,0,0,0,0.6365743,0.0872191,7.29856533717959,0.862986771536331,0.0065287,0.0032637,0.0818365,0.5149847,0.0296666,0.0002469,0.0064555,0.0805597,0,0,0,1,1,0,0,0,2,1,1,medium,ok
phase_scan,phase_150,8,22,level2_music_or_center_real,level2_music_or_center_real,1,1,1,0,0,0,0,0,0.6361131,0.0872208,7.29313535303506,0.862884760587386,0.0064263,0.0037887,0.0786509,0.5146928,0.0322714,0.0002352,0.0062836,0.0807249,0,0,0,1,1,0,0,0,2,1,1,medium,ok
phase_scan,phase_150,8,23,level2_music_or_center_real,level2_music_or_center_real,1,1,1,0,0,0,0,0,0.6440822,0.0885988,7.26964925032845,0.862441781499318,0.0065983,0.00375,0.0806985,0.5215745,0.0311572,0.0002541,0.0065583,0.0818334,0,0,0,1,1,0,0,0,2,1,1,medium,ok
phase_scan,phase_150,8,24,level2_music_or_center_real,level2_music_or_center_real,1,1,1,0,0,0,0,0,0.6477156,0.0864306,7.49405418914135,0.866560879497113,0.0069011,0.0038173,0.0798829,0.5239898,0.0328404,0.0002374,0.0065528,0.0796607,0,0,0,1,1,0,0,0,2,1,1,medium,ok
phase_scan,phase_150,8,25,level2_music_or_center_real,level2_music_or_center_real,1,1,1,0,0,0,0,0,0.630881,0.0888475,7.10071752159599,0.859169161854613,0.0062687,0.0038706,0.0783446,0.5113205,0.030781,0.0002435,0.0064644,0.082182,0,0,0,1,1,0,0,0,2,1,1,medium,ok
phase_scan,phase_150,8,26,level2_music_or_center_real,level2_music_or_center_real,1,1,1,0,0,0,0,0,0.6391045,0.0894036,7.14853205016353,0.86011113988401,0.0069775,0.0034529,0.0816531,0.516358,0.0303775,0.0002378,0.0063353,0.0828733,0,0,0,1,1,0,0,0,2,1,1,medium,ok
phase_scan,phase_150,8,27,boundary_unreliable,boundary_unreliable,1,1,1,0,0,0,1,1,0.6389488,0.6073243,1.05207185024541,0.0494945760912298,0.0064367,0.0033496,0.081442,0.5168815,0.0305134,0.00028,0.006208,0.0791492,0.0035814,0.5179681,0,1,1,1,1,0,4,6,0,low,boundary_unreliable
phase_scan,phase_150,8,28,low_confidence,low_confidence,1,1,1,0,0,0,1,0,0.6526931,0.6107338,1.06870309126497,0.0642864157748873,0.0063782,0.004203,0.0946939,0.5164501,0.0306715,0.0002518,0.0061284,0.0821268,0.0035274,0.5183938,0,1,1,1,1,0,4,6,0,low,no_reliable_observable_route
phase_scan,phase_150,8,29,level2_music_or_center_real,level2_music_or_center_real,1,1,1,0,0,0,0,0,0.6266592,0.0873493,7.17417540838908,0.860611158345716,0.0070024,0.0035512,0.0806006,0.505055,0.0302118,0.0001952,0.0065463,0.0805707,0,0,0,1,1,0,0,0,2,1,1,medium,ok
phase_scan,phase_150,8,30,level2_music_or_center_real,level2_music_or_center_real,1,1,1,0,0,0,0,0,0.6325611,0.0873759,7.23953744682458,0.861869628088101,0.0066552,0.0038216,0.0791129,0.5113887,0.0312907,0.0002459,0.0065725,0.080587,0,0,0,1,1,0,0,0,2,1,1,medium,ok
phase_scan,phase_150,16,1,level2_music_or_center_real,level2_music_or_center_real,1,1,1,0,0,0,0,0,0.6967021,0.1079764,6.45235532949793,0.845017834738836,0.0072617,0.0041026,0.0939125,0.5532187,0.037856,0.0002948,0.0084584,0.0992771,0,0,0,1,1,0,0,0,2,1,1,medium,ok
phase_scan,phase_150,16,2,level2_music_or_center_real,level2_music_or_center_real,1,1,1,0,0,0,0,0,0.6829934,0.0949008,7.19691930942626,0.86105165877152,0.0067098,0.0039415,0.09025,0.5492276,0.0325785,0.0002321,0.0067275,0.0879492,0,0,0,1,1,0,0,0,2,1,1,medium,ok
phase_scan,phase_150,16,3,level2_music_or_center_real,level2_music_or_center_real,1,1,1,0,0,0,0,0,0.6457786,0.0882746,7.31556529284755,0.863305163720198,0.0074432,0.0038533,0.0878488,0.515854,0.0305373,0.000197,0.0062393,0.0818243,0,0,0,1,1,0,0,0,2,1,1,medium,ok
phase_scan,phase_150,16,4,level2_music_or_center_real,level2_music_or_center_real,1,1,1,0,0,0,0,0,0.6266079,0.0877773,7.13860986838283,0.859916703890902,0.0067332,0.0039666,0.0824802,0.5029706,0.0302152,0.0001962,0.0063371,0.0812362,0,0,0,1,1,0,0,0,2,1,1,medium,ok
phase_scan,phase_150,16,5,level2_music_or_center_real,level2_music_or_center_real,1,1,1,0,0,0,0,0,0.6441994,0.0975064,6.6067396601659,0.848639411958471,0.0062031,0.0038112,0.0810466,0.5189519,0.0339307,0.0002082,0.0077291,0.0895662,0,0,0,1,1,0,0,0,2,1,1,medium,ok
phase_scan,phase_150,16,6,level2_music_or_center_real,level2_music_or_center_real,1,1,1,0,0,0,0,0,0.6389924,0.0842692,7.58275146791473,0.868121749178864,0.0069507,0.0039069,0.0809641,0.5145922,0.032286,0.0002435,0.0061482,0.0778972,0,0,0,1,1,0,0,0,2,1,1,medium,ok
phase_scan,phase_150,16,7,boundary_unreliable,boundary_unreliable,1,1,1,0,0,0,1,1,0.6450927,0.6027137,1.0703136497478,0.065694434303783,0.0059163,0.0035683,0.0809391,0.5230625,0.0312582,0.000297,0.0061669,0.0815432,0.0035466,0.5110328,0,1,1,1,1,0,4,6,0,low,boundary_unreliable
phase_scan,phase_150,16,8,low_confidence,low_confidence,1,1,1,0,0,0,1,0,0.6416521,0.613005,1.04673224525085,0.0446458446874871,0.0068896,0.0039322,0.0818257,0.5179822,0.0306704,0.0003034,0.0067053,0.0802537,0.0035394,0.522051,0,1,1,1,1,0,4,6,0,low,no_reliable_observable_route
phase_scan,phase_150,16,9,level2_music_or_center_real,level2_music_or_center_real,1,1,1,0,0,0,0,0,0.6484716,0.0852195,7.60942741978068,0.86858406752123,0.0058712,0.003795,0.0813921,0.5228157,0.0343585,0.0001939,0.0063721,0.0786529,0,0,0,1,1,0,0,0,2,1,1,medium,ok
phase_scan,phase_150,16,10,level2_music_or_center_real,level2_music_or_center_real,1,1,1,0,0,0,0,0,0.6258245,0.0873338,7.16589109829184,0.860450014341081,0.0067905,0.0036864,0.0786718,0.505957,0.0304428,0.0002317,0.0064574,0.0806714,0,0,0,1,1,0,0,0,2,1,1,medium,ok
phase_scan,phase_150,16,11,level2_music_or_center_real,level2_music_or_center_real,1,1,1,0,0,0,0,0,0.643018,0.0853668,7.5324130692494,0.86724041939728,0.0065191,0.003612,0.0798179,0.5214364,0.031339,0.0002458,0.0062264,0.0789078,0,0,0,1,1,0,0,0,2,1,1,medium,ok
phase_scan,phase_150,16,12,level2_music_or_center_real,level2_music_or_center_real,1,1,1,0,0,0,0,0,0.6389183,0.0957735,6.67113867614737,0.85010055276238,0.0065451,0.0037845,0.0812565,0.5179912,0.0290959,0.0001972,0.0063769,0.0891561,0,0,0,1,1,0,0,0,2,1,1,medium,ok
phase_scan,phase_150,16,13,level2_music_or_center_real,level2_music_or_center_real,1,1,1,0,0,0,0,0,0.6421949,0.0858871,7.477198554847,0.866260071514115,0.0070897,0.0040749,0.0857994,0.5140433,0.0308199,0.0003074,0.0063086,0.0793027,0,0,0,1,1,0,0,0,2,1,1,medium,ok
phase_scan,phase_150,16,14,level2_music_or_center_real,level2_music_or_center_real,1,1,1,0,0,0,0,0,0.6433205,0.087522,7.35038618861543,0.86395272651812,0.0065518,0.0035281,0.0807431,0.5218873,0.0303131,0.0002473,0.0060688,0.0812528,0,0,0,1,1,0,0,0,2,1,1,medium,ok
phase_scan,phase_150,16,15,boundary_unreliable,boundary_unreliable,1,1,1,0,0,0,1,1,0.6299878,0.6065734,1.03860109922394,0.0371664340166586,0.0067936,0.0040538,0.0806634,0.5081476,0.0300186,0.0002671,0.0067106,0.0808134,0.0036542,0.5149511,0,1,1,1,1,0,4,6,0,low,boundary_unreliable
phase_scan,phase_150,16,16,level2_music_or_center_real,level2_music_or_center_real,1,1,1,0,0,0,0,0,0.6464747,0.1041904,6.20474343125662,0.838832981398963,0.0062567,0.003518,0.0820787,0.5226108,0.0317189,0.0002443,0.0063475,0.0976081,0,0,0,1,1,0,0,0,2,1,1,medium,ok
phase_scan,phase_150,16,17,level2_music_or_center_real,level2_music_or_center_real,1,1,1,0,0,0,0,0,0.6389713,0.0876986,7.28599202267767,0.862750330100898,0.0064692,0.0031717,0.0814481,0.5164376,0.0311668,0.000231,0.0063991,0.0810792,0,0,0,1,1,0,0,0,2,1,1,medium,ok
phase_scan,phase_150,16,18,level2_music_or_center_real,level2_music_or_center_real,1,1,1,0,0,0,0,0,0.6366043,0.0877365,7.25586614464904,0.862180478517032,0.0067477,0.0035673,0.0818102,0.5148559,0.0293237,0.0002476,0.0063935,0.081116,0,0,0,1,1,0,0,0,2,1,1,medium,ok
phase_scan,phase_150,16,19,level2_music_or_center_real,level2_music_or_center_real,1,1,1,0,0,0,0,0,0.6339826,0.085725,7.39553922426363,0.864783355252968,0.0062212,0.0033172,0.0821693,0.5094535,0.0324636,0.0003075,0.0063537,0.079049,0,0,0,1,1,0,0,0,2,1,1,medium,ok
phase_scan,phase_150,16,20,level2_music_or_center_real,level2_music_or_center_real,1,1,1,0,0,0,0,0,0.6385951,0.0875604,7.29319532574086,0.8628858881003,0.0065363,0.0035226,0.0805361,0.5150886,0.0326559,0.0002028,0.0063497,0.0810311,0,0,0,1,1,0,0,0,2,1,1,medium,ok
phase_scan,phase_150,16,21,level2_music_or_center_real,level2_music_or_center_real,1,1,1,0,0,0,0,0,0.6345028,0.0875057,7.25098822133872,0.862087763836503,0.0061652,0.0038374,0.0816153,0.5124597,0.0301762,0.0002041,0.0064904,0.0808173,0,0,0,1,1,0,0,0,2,1,1,medium,ok
phase_scan,phase_150,16,22,level2_music_or_center_real,level2_music_or_center_real,1,1,1,0,0,0,0,0,0.6416579,0.0871812,7.36004895550876,0.864131338521664,0.0060407,0.0036985,0.0805161,0.5200813,0.0310341,0.0002422,0.006624,0.0803261,0,0,0,1,1,0,0,0,2,1,1,medium,ok
phase_scan,phase_150,16,23,level2_music_or_center_real,level2_music_or_center_real,1,1,1,0,0,0,0,0,0.6354227,0.0901667,7.04719924317958,0.858099655552123,0.0065108,0.0037699,0.0811162,0.5128948,0.0308805,0.0001985,0.0072044,0.0827602,0,0,0,1,1,0,0,0,2,1,1,medium,ok
phase_scan,phase_150,16,24,level2_music_or_center_real,level2_music_or_center_real,1,1,1,0,0,0,0,0,0.6304928,0.0956261,6.59331291352465,0.848331178405209,0.0064495,0.0032544,0.0822542,0.5080238,0.0302679,0.0001987,0.0066495,0.0886939,0,0,0,1,1,0,0,0,2,1,1,medium,ok
phase_scan,phase_150,16,25,level2_music_or_center_real,level2_music_or_center_real,1,1,1,0,0,0,0,0,0.6403449,0.0870491,7.35613464125419,0.864059040682607,0.0065448,0.0036392,0.0831771,0.5175115,0.0291948,0.0002317,0.006739,0.0800882,0,0,0,1,1,0,0,0,2,1,1,medium,ok
phase_scan,phase_150,16,26,level2_music_or_center_real,level2_music_or_center_real,1,1,1,0,0,0,0,0,0.6460343,0.0870728,7.41947313052985,0.865219540200884,0.006855,0.0034348,0.0796996,0.526223,0.0295632,0.0002136,0.0061853,0.0806777,0,0,0,1,1,0,0,0,2,1,1,medium,ok
phase_scan,phase_150,16,27,level2_music_or_center_real,level2_music_or_center_real,1,1,1,0,0,0,0,0,0.6630599,0.0902017,7.35085813238553,0.863961461098763,0.0068292,0.0037639,0.0801456,0.5404281,0.031561,0.0002793,0.0064313,0.0835636,0,0,0,1,1,0,0,0,2,1,1,medium,ok
phase_scan,phase_150,16,28,level2_music_or_center_real,level2_music_or_center_real,1,1,1,0,0,0,0,0,0.6449974,0.0870482,7.40965809746784,0.865041006366847,0.0065067,0.0038792,0.0819232,0.5207835,0.0316533,0.0002046,0.0066611,0.080181,0,0,0,1,1,0,0,0,2,1,1,medium,ok
phase_scan,phase_150,16,29,level2_music_or_center_real,level2_music_or_center_real,1,1,1,0,0,0,0,0,0.6365074,0.0868562,7.32828974788213,0.863542513409899,0.0063765,0.0037281,0.0846261,0.5141628,0.0273767,0.0001941,0.0063155,0.0803673,0,0,0,1,1,0,0,0,2,1,1,medium,ok
phase_scan,phase_150,16,30,level2_music_or_center_real,level2_music_or_center_real,1,1,1,0,0,0,0,0,0.6398044,0.0879143,7.27759192759312,0.86259191090277,0.0066656,0.0039457,0.0805622,0.5190075,0.029338,0.0002385,0.0064996,0.0811998,0,0,0,1,1,0,0,0,2,1,1,medium,ok
phase_scan,phase_180,0,1,boundary_unreliable,boundary_unreliable,0,0,1,0,0,0,1,1,0.6287201,0.627401,1.00210248310092,0.0020980719401209,0.0081599,0.0037085,0.0946495,0.5217425,0,0.0003613,0.0066692,0.0900684,0.0046531,0.5251292,0,1,1,1,1,0,4,6,0,low,boundary_unreliable
phase_scan,phase_180,0,2,boundary_unreliable,boundary_unreliable,0,0,1,0,0,0,1,1,0.6101057,0.5954235,1.02465841539677,0.0240650103744318,0.006395,0.0031034,0.0794029,0.5206969,0,0.0004077,0.0070307,0.0791955,0.0033216,0.5054454,0,1,1,1,1,0,4,6,0,low,boundary_unreliable
phase_scan,phase_180,0,3,boundary_unreliable,boundary_unreliable,0,0,1,0,0,0,1,1,0.607064,0.617059,0.983802197196702,-0.0164644913880578,0.0059413,0.0034708,0.0819049,0.5153143,0,0.0003334,0.0065588,0.0816605,0.0031283,0.5252558,0,1,1,1,1,0,4,6,0,low,boundary_unreliable
phase_scan,phase_180,0,4,boundary_unreliable,boundary_unreliable,0,0,1,0,0,0,1,1,0.6049862,0.6188924,0.977530504494804,-0.0229859788537325,0.0061058,0.0035755,0.0812983,0.5136578,0,0.000235,0.0063353,0.0797615,0.0037841,0.5285948,0,1,1,1,1,0,4,6,0,low,boundary_unreliable
phase_scan,phase_180,0,5,boundary_unreliable,boundary_unreliable,0,0,1,0,0,0,1,1,0.6040718,0.6026039,1.0024359284764,0.00243000914791935,0.0064009,0.0041711,0.0808696,0.5121968,0,0.0003,0.0060186,0.0839046,0.0037488,0.5084922,0,1,1,1,1,0,4,6,0,low,boundary_unreliable
phase_scan,phase_180,0,6,boundary_unreliable,boundary_unreliable,0,0,1,0,0,0,1,1,0.6408377,0.6294799,1.01804314959064,0.0177233642777258,0.0063034,0.0037485,0.0821806,0.5481502,0,0.0003164,0.0066754,0.0854745,0.0032549,0.5336081,0,1,1,1,1,0,4,6,0,low,boundary_unreliable
phase_scan,phase_180,0,7,boundary_unreliable,boundary_unreliable,0,0,1,0,0,0,1,1,0.6190844,0.6086822,1.01708970625394,0.0168025555158554,0.0070025,0.0034753,0.0869958,0.5211644,0,0.0003082,0.0067055,0.0824999,0.0034872,0.5155579,0,1,1,1,1,0,4,6,0,low,boundary_unreliable
phase_scan,phase_180,0,8,boundary_unreliable,boundary_unreliable,0,0,1,0,0,0,1,1,0.6014761,0.6085295,0.988409107528887,-0.0117268167430093,0.0063527,0.0036577,0.0832066,0.5079545,0,0.0002113,0.0065772,0.0804585,0.0036952,0.5173561,0,1,1,1,1,0,4,6,0,low,boundary_unreliable
phase_scan,phase_180,0,9,boundary_unreliable,boundary_unreliable,0,0,1,0,0,0,1,1,0.6133778,0.6070274,1.01046147175564,0.0103531624392014,0.006528,0.0036717,0.0810558,0.5215713,0,0.0004063,0.0060877,0.0810465,0.0036185,0.5156387,0,1,1,1,1,0,4,6,0,low,boundary_unreliable
phase_scan,phase_180,0,10,boundary_unreliable,boundary_unreliable,0,0,1,0,0,0,1,1,0.6052975,0.6161134,0.982444952503874,-0.0178687339696595,0.0065605,0.0034938,0.0834686,0.5114444,0,0.0002253,0.006079,0.078787,0.0033668,0.5274539,0,1,1,1,1,0,4,6,0,low,boundary_unreliable
phase_scan,phase_180,0,11,boundary_unreliable,boundary_unreliable,0,0,1,0,0,0,1,1,0.6040648,0.6075719,0.994227679061523,-0.00580583407607937,0.0064897,0.0039114,0.0817164,0.5116313,0,0.0002178,0.0063397,0.0814614,0.0036161,0.5157067,0,1,1,1,1,0,4,6,0,low,boundary_unreliable
phase_scan,phase_180,0,12,boundary_unreliable,boundary_unreliable,0,0,1,0,0,0,1,1,0.6088964,0.6238728,0.975994465538488,-0.0245959739620729,0.0064745,0.0037653,0.0789539,0.5192511,0,0.0002853,0.0059936,0.0874086,0.0038682,0.5260653,0,1,1,1,1,0,4,6,0,low,boundary_unreliable
phase_scan,phase_180,0,13,boundary_unreliable,boundary_unreliable,0,0,1,0,0,0,1,1,0.6066402,0.6009945,1.00939392956175,0.00930650491015927,0.006306,0.0037552,0.0795028,0.5167662,0,0.0002123,0.0067381,0.0810278,0.0032469,0.5094407,0,1,1,1,1,0,4,6,0,low,boundary_unreliable
phase_scan,phase_180,0,14,boundary_unreliable,boundary_unreliable,0,0,1,0,0,0,1,1,0.608839,0.615309,0.98948495796421,-0.010626783106864,0.0067917,0.0035603,0.0785748,0.5195733,0,0.0002311,0.0064557,0.081072,0.0039161,0.5234515,0,1,1,1,1,0,4,6,0,low,boundary_unreliable
phase_scan,phase_180,0,15,boundary_unreliable,boundary_unreliable,0,0,1,0,0,0,1,1,0.616123,0.6053133,1.01785802492693,0.0175447110398409,0.0068045,0.0035604,0.0812139,0.5242425,0,0.0002065,0.0058203,0.080687,0.0036044,0.5148035,0,1,1,1,1,0,4,6,0,low,boundary_unreliable
phase_scan,phase_180,0,16,boundary_unreliable,boundary_unreliable,0,0,1,0,0,0,1,1,0.5975416,0.6282604,0.951104987677084,-0.0514086383274404,0.0060081,0.0033623,0.0831202,0.5047408,0,0.0002164,0.0074059,0.0814558,0.0037298,0.5352306,0,1,1,1,1,0,4,6,0,low,boundary_unreliable
phase_scan,phase_180,0,17,boundary_unreliable,boundary_unreliable,0,0,1,0,0,0,1,1,0.6191085,0.6177772,1.00215498402984,0.00215035005980357,0.0063492,0.0032762,0.0793751,0.5298043,0,0.0002095,0.0062859,0.0813925,0.0036317,0.5259828,0,1,1,1,1,0,4,6,0,low,boundary_unreliable
phase_scan,phase_180,0,18,boundary_unreliable,boundary_unreliable,0,0,1,0,0,0,1,1,0.6031284,0.6129023,0.984053086438083,-0.0162053386973653,0.0064941,0.0036718,0.0835144,0.5090777,0,0.0002682,0.0063993,0.0847208,0.00357,0.5177454,0,1,1,1,1,0,4,6,0,low,boundary_unreliable
phase_scan,phase_180,0,19,boundary_unreliable,boundary_unreliable,0,0,1,0,0,0,1,1,0.6090792,0.6074057,1.00275516018371,0.00274759013277748,0.0063546,0.00363,0.080944,0.5178383,0,0.0002146,0.0063026,0.0808693,0.0040089,0.5158292,0,1,1,1,1,0,4,6,0,low,boundary_unreliable
phase_scan,phase_180,0,20,boundary_unreliable,boundary_unreliable,0,0,1,0,0,0,1,1,0.6206307,0.6142314,1.01041838629546,0.0103109627029407,0.006559,0.0039455,0.0837791,0.5260381,0,0.0002067,0.006782,0.0796649,0.0031352,0.5241987,0,1,1,1,1,0,4,6,0,low,boundary_unreliable
phase_scan,phase_180,0,21,boundary_unreliable,boundary_unreliable,0,0,1,0,0,0,1,1,0.6012169,0.6169364,0.974520063980663,-0.0261461379412322,0.0064827,0.0032872,0.0796034,0.5114416,0,0.0002713,0.0061819,0.0807683,0.0036535,0.5257807,0,1,1,1,1,0,4,6,0,low,boundary_unreliable
phase_scan,phase_180,0,22,boundary_unreliable,boundary_unreliable,0,0,1,0,0,0,1,1,0.6250067,0.6093955,1.02561751768761,0.024977652239568,0.0064031,0.0033717,0.0815339,0.5332682,0,0.0002993,0.0060469,0.0787083,0.003271,0.5209393,0,1,1,1,1,0,4,6,0,low,boundary_unreliable
phase_scan,phase_180,0,23,boundary_unreliable,boundary_unreliable,0,0,1,0,0,0,1,1,0.6139228,0.605513,1.01388871915219,0.0136984650187287,0.0065419,0.0039824,0.0804445,0.5226486,0,0.0002067,0.0064392,0.0790606,0.0038562,0.5157163,0,1,1,1,1,0,4,6,0,low,boundary_unreliable
phase_scan,phase_180,0,24,boundary_unreliable,boundary_unreliable,0,0,1,0,0,0,1,1,0.60805,0.6152952,0.988224839069117,-0.0119154674780035,0.0065825,0.0039545,0.0809536,0.5161896,0,0.0002476,0.0069911,0.081344,0.0035689,0.5229518,0,1,1,1,1,0,4,6,0,low,boundary_unreliable
phase_scan,phase_180,0,25,boundary_unreliable,boundary_unreliable,0,0,1,0,0,0,1,1,0.6211803,0.6204916,1.0011099263874,0.0011086958166574,0.0067068,0.0035631,0.0819653,0.5286445,0,0.000206,0.0066641,0.081719,0.0037063,0.5279438,0,1,1,1,1,0,4,6,0,low,boundary_unreliable
phase_scan,phase_180,0,26,boundary_unreliable,boundary_unreliable,0,0,1,0,0,0,1,1,0.6089079,0.5980947,1.01807941117017,0.0177583506471175,0.0062739,0.0032967,0.07792,0.5211072,0,0.000214,0.0063155,0.0819526,0.0029338,0.5065151,0,1,1,1,1,0,4,6,0,low,boundary_unreliable
phase_scan,phase_180,0,27,boundary_unreliable,boundary_unreliable,0,0,1,0,0,0,1,1,0.6152936,0.6230948,0.987479914773803,-0.0126788251982468,0.0062534,0.0033382,0.0791163,0.5261502,0,0.0003027,0.0068939,0.0815319,0.0033384,0.53088,0,1,1,1,1,0,4,6,0,low,boundary_unreliable
phase_scan,phase_180,0,28,boundary_unreliable,boundary_unreliable,0,0,1,0,0,0,1,1,0.6029515,0.6092157,0.989717599201728,-0.010389226994211,0.0065311,0.0040534,0.0802889,0.5116177,0,0.0003206,0.0066816,0.0797867,0.0031655,0.5191325,0,1,1,1,1,0,4,6,0,low,boundary_unreliable
phase_scan,phase_180,0,29,boundary_unreliable,boundary_unreliable,0,0,1,0,0,0,1,1,0.6029021,0.6053367,0.995978106068904,-0.00403813488126836,0.0062297,0.0038934,0.0812775,0.5110561,0,0.0003467,0.0065077,0.0814549,0.0036963,0.5132384,0,1,1,1,1,0,4,6,0,low,boundary_unreliable
phase_scan,phase_180,0,30,boundary_unreliable,boundary_unreliable,0,0,1,0,0,0,1,1,0.634264,0.6492708,0.97688668580198,-0.0236601793574915,0.0068866,0.0037756,0.0778651,0.5452638,0,0.0003214,0.0078306,0.0991886,0.0035678,0.5382122,0,1,1,1,1,0,4,6,0,low,boundary_unreliable
phase_scan,phase_180,8,1,boundary_unreliable,boundary_unreliable,0,0,1,0,0,0,1,1,0.645989,0.6276583,1.0292049033686,0.0283761797801511,0.009501,0.0051013,0.0980968,0.5329674,0,0.0002195,0.0060956,0.0828403,0.0039848,0.534326,0,1,1,1,1,0,4,6,0,low,boundary_unreliable
phase_scan,phase_180,8,2,boundary_unreliable,boundary_unreliable,0,0,1,0,0,0,1,1,0.6127615,0.6161098,0.994565416748768,-0.00546427933217086,0.0057932,0.003941,0.0866622,0.516054,0,0.0002144,0.006427,0.0800235,0.0039878,0.5252569,0,1,1,1,1,0,4,6,0,low,boundary_unreliable
phase_scan,phase_180,8,3,boundary_unreliable,boundary_unreliable,0,0,1,0,0,0,1,1,0.599935,0.6080566,0.98664334866195,-0.0135374665588772,0.0063712,0.0033441,0.0799859,0.5097329,0,0.000334,0.0060531,0.080684,0.0031812,0.5176054,0,1,1,1,1,0,4,6,0,low,boundary_unreliable
phase_scan,phase_180,8,4,boundary_unreliable,boundary_unreliable,0,0,1,0,0,0,1,1,0.6061978,0.6059215,1.00045599966332,0.000455791822405183,0.0062863,0.0039328,0.0832022,0.5124527,0,0.0002219,0.0066297,0.0824272,0.0033243,0.5131437,0,1,1,1,1,0,4,6,0,low,boundary_unreliable
phase_scan,phase_180,8,5,boundary_unreliable,boundary_unreliable,0,0,1,0,0,0,1,1,0.6133253,0.6035912,1.01612697468088,0.0158710230932916,0.0067203,0.0037746,0.0821192,0.5204099,0,0.000206,0.0062092,0.0815388,0.003202,0.5122346,0,1,1,1,1,0,4,6,0,low,boundary_unreliable
phase_scan,phase_180,8,6,boundary_unreliable,boundary_unreliable,0,0,1,0,0,0,1,1,0.6102666,0.6152287,0.991934544015908,-0.00813103650109626,0.0065046,0.0036745,0.0791265,0.5206458,0,0.0002214,0.0067176,0.0790767,0.0034827,0.5254666,0,1,1,1,1,0,4,6,0,low,boundary_unreliable
phase_scan,phase_180,8,7,boundary_unreliable,boundary_unreliable,0,0,1,0,0,0,1,1,0.6027745,0.6096583,0.988708757020121,-0.0114201911328367,0.0065934,0.0033683,0.0801266,0.5123837,0,0.0002086,0.0062159,0.0816235,0.0033947,0.5180069,0,1,1,1,1,0,4,6,0,low,boundary_unreliable
phase_scan,phase_180,8,8,boundary_unreliable,boundary_unreliable,0,0,1,0,0,0,1,1,0.6028545,0.6109612,0.986731235960647,-0.0134471916523804,0.0065601,0.0038741,0.0823259,0.509791,0,0.0002098,0.0059636,0.0844774,0.0029861,0.5170795,0,1,1,1,1,0,4,6,0,low,boundary_unreliable
phase_scan,phase_180,8,9,boundary_unreliable,boundary_unreliable,0,0,1,0,0,0,1,1,0.6041168,0.6074297,0.994546035533001,-0.00548387331721267,0.0063175,0.003513,0.0789201,0.5150525,0,0.0002194,0.0061692,0.0807421,0.003547,0.5165583,0,1,1,1,1,0,4,6,0,low,boundary_unreliable
phase_scan,phase_180,8,10,boundary_unreliable,boundary_unreliable,0,0,1,0,0,0,1,1,0.6229766,0.6225247,1.00072591497173,0.000725388401426219,0.0066488,0.004144,0.0824772,0.529255,0,0.0003176,0.0072672,0.0821223,0.0031544,0.5294448,0,1,1,1,1,0,4,6,0,low,boundary_unreliable
phase_scan,phase_180,8,11,boundary_unreliable,boundary_unreliable,0,0,1,0,0,0,1,1,0.6001536,0.5990561,1.00183204878475,0.00182869851984557,0.0063965,0.0034389,0.0805028,0.5094841,0,0.0002256,0.0060846,0.0813674,0.0033626,0.5078047,0,1,1,1,1,0,4,6,0,low,boundary_unreliable
phase_scan,phase_180,8,12,boundary_unreliable,boundary_unreliable,0,0,1,0,0,0,1,1,0.6143587,0.6167404,0.996138245524373,-0.00387672543743567,0.0064195,0.0037047,0.0785205,0.5253702,0,0.0002344,0.0062289,0.0805679,0.003774,0.5257371,0,1,1,1,1,0,4,6,0,low,boundary_unreliable
phase_scan,phase_180,8,13,boundary_unreliable,boundary_unreliable,0,0,1,0,0,0,1,1,0.6260634,0.6096249,1.02696494188476,0.0262569254168188,0.0064911,0.004156,0.1014282,0.5135207,0,0.0003243,0.0074096,0.0802268,0.0035182,0.5180221,0,1,1,1,1,0,4,6,0,low,boundary_unreliable
phase_scan,phase_180,8,14,boundary_unreliable,boundary_unreliable,0,0,1,0,0,0,1,1,0.6191196,0.6243277,0.991658066749241,-0.00841210648152635,0.0062082,0.0042144,0.0826552,0.5257379,0,0.0002064,0.0064825,0.0830299,0.003396,0.5310208,0,1,1,1,1,0,4,6,0,low,boundary_unreliable
phase_scan,phase_180,8,15,boundary_unreliable,boundary_unreliable,0,0,1,0,0,0,1,1,0.6001481,0.619101,0.969386416755909,-0.0315803715782821,0.0069203,0.0037884,0.0798237,0.5092376,0,0.00028,0.007151,0.086352,0.0037899,0.5212801,0,1,1,1,1,0,4,6,0,low,boundary_unreliable
phase_scan,phase_180,8,16,boundary_unreliable,boundary_unreliable,0,0,1,0,0,0,1,1,0.617832,0.6060219,1.01948790959535,0.0191153905916173,0.0069322,0.0036947,0.0822434,0.5246511,0,0.000212,0.0065791,0.0819775,0.0032805,0.5136981,0,1,1,1,1,0,4,6,0,low,boundary_unreliable
phase_scan,phase_180,8,17,boundary_unreliable,boundary_unreliable,0,0,1,0,0,0,1,1,0.6096242,0.6081042,1.00249957161947,0.00249333933921914,0.0067103,0.0035337,0.0804181,0.5186358,0,0.0002263,0.0065969,0.0808308,0.0037984,0.5164791,0,1,1,1,1,0,4,6,0,low,boundary_unreliable
phase_scan,phase_180,8,18,boundary_unreliable,boundary_unreliable,0,0,1,0,0,0,1,1,0.6196961,0.6135088,1.01008510391375,0.00998441010037021,0.0065159,0.0039079,0.0917214,0.5172347,0,0.0002185,0.0073677,0.082666,0.0035862,0.5194445,0,1,1,1,1,0,4,6,0,low,boundary_unreliable
phase_scan,phase_180,8,19,boundary_unreliable,boundary_unreliable,0,0,1,0,0,0,1,1,0.5980915,0.6143686,0.97350597019444,-0.0272150665909816,0.0068282,0.0041649,0.0774407,0.5093512,0,0.0002116,0.0063262,0.0808811,0.0038398,0.5229138,0,1,1,1,1,0,4,6,0,low,boundary_unreliable
phase_scan,phase_180,8,20,boundary_unreliable,boundary_unreliable,0,0,1,0,0,0,1,1,0.6110637,0.6213826,0.983393645074709,-0.0168867828345882,0.0065554,0.0034094,0.0784949,0.5223008,0,0.0002116,0.0062837,0.0811629,0.0034481,0.5299394,0,1,1,1,1,0,4,6,0,low,boundary_unreliable
phase_scan,phase_180,8,21,boundary_unreliable,boundary_unreliable,0,0,1,0,0,0,1,1,0.6100939,0.6057986,1.00709031021201,0.00704039165118686,0.0064793,0.0033324,0.0824365,0.5175347,0,0.0002125,0.0063728,0.0830887,0.0035695,0.5123037,0,1,1,1,1,0,4,6,0,low,boundary_unreliable
phase_scan,phase_180,8,22,boundary_unreliable,boundary_unreliable,0,0,1,0,0,0,1,1,0.6260434,0.6073528,1.03077387640264,0.0298551186706865,0.0062022,0.0036115,0.0815979,0.5343333,0,0.0002059,0.0065131,0.0814248,0.0031787,0.5156911,0,1,1,1,1,0,4,6,0,low,boundary_unreliable
phase_scan,phase_180,8,23,boundary_unreliable,boundary_unreliable,0,0,1,0,0,0,1,1,0.6174714,0.6168977,1.00092997591011,0.00092911185846023,0.0064747,0.0042015,0.0911092,0.5153738,0,0.0002179,0.0067807,0.0813479,0.0032026,0.5251606,0,1,1,1,1,0,4,6,0,low,boundary_unreliable
phase_scan,phase_180,8,24,boundary_unreliable,boundary_unreliable,0,0,1,0,0,0,1,1,0.6153935,0.6441265,0.955392302598946,-0.0466904509066151,0.0065089,0.0035712,0.0806165,0.5242486,0,0.0003106,0.0069266,0.0868229,0.0036238,0.5462329,0,1,1,1,1,0,4,6,0,low,boundary_unreliable
phase_scan,phase_180,8,25,boundary_unreliable,boundary_unreliable,0,0,1,0,0,0,1,1,0.6238075,0.6116036,1.019953937485,0.0195635672863823,0.0065149,0.0040032,0.0876544,0.5252234,0,0.0002837,0.0063407,0.0812134,0.0040928,0.5195208,0,1,1,1,1,0,4,6,0,low,boundary_unreliable
phase_scan,phase_180,8,26,boundary_unreliable,boundary_unreliable,0,0,1,0,0,0,1,1,0.6168081,0.5996577,1.02860031648055,0.0278050823262536,0.0067672,0.003155,0.0802301,0.5261869,0,0.000342,0.0063588,0.0806022,0.0029514,0.5092461,0,1,1,1,1,0,4,6,0,low,boundary_unreliable
phase_scan,phase_180,8,27,boundary_unreliable,boundary_unreliable,0,0,1,0,0,0,1,1,0.6237991,0.6123188,1.01874889355022,0.018403841877938,0.0068884,0.0044287,0.0939063,0.5182577,0,0.0002217,0.0065651,0.082318,0.003387,0.5196394,0,1,1,1,1,0,4,6,0,low,boundary_unreliable
phase_scan,phase_180,8,28,boundary_unreliable,boundary_unreliable,0,0,1,0,0,0,1,1,0.6131997,0.6094378,1.00617273821873,0.00613486927668094,0.0063905,0.0033777,0.0788463,0.524276,0,0.0002094,0.0062176,0.0805715,0.0036004,0.5186152,0,1,1,1,1,0,4,6,0,low,boundary_unreliable
phase_scan,phase_180,8,29,boundary_unreliable,boundary_unreliable,0,0,1,0,0,0,1,1,0.5971274,0.5955328,1.00267760230839,0.00267045190021431,0.0063414,0.0042813,0.079506,0.5066935,0,0.0002112,0.0059368,0.0787837,0.003031,0.507381,0,1,1,1,1,0,4,6,0,low,boundary_unreliable
phase_scan,phase_180,8,30,boundary_unreliable,boundary_unreliable,0,0,1,0,0,0,1,1,0.605885,0.6092799,0.994428012478337,-0.00560320852967133,0.0063801,0.0039141,0.081989,0.5132666,0,0.000229,0.0068106,0.0815482,0.0031701,0.5173546,0,1,1,1,1,0,4,6,0,low,boundary_unreliable
phase_scan,phase_180,16,1,boundary_unreliable,boundary_unreliable,0,0,1,0,0,0,1,1,0.6340117,0.6462654,0.981039213920473,-0.0193272458536649,0.0071597,0.0041915,0.0965711,0.5257502,0,0.000232,0.0065482,0.0829686,0.0039187,0.5523966,0,1,1,1,1,0,4,6,0,low,boundary_unreliable
phase_scan,phase_180,16,2,boundary_unreliable,boundary_unreliable,0,0,1,0,0,0,1,1,0.6022324,0.6086837,0.989401227599819,-0.0107123097329205,0.0064664,0.0039862,0.0789273,0.512416,0,0.0003082,0.0066173,0.0798236,0.0034738,0.5183094,0,1,1,1,1,0,4,6,0,low,boundary_unreliable
phase_scan,phase_180,16,3,boundary_unreliable,boundary_unreliable,0,0,1,0,0,0,1,1,0.6122999,0.6169633,0.992441365637146,-0.00761620245242556,0.0063112,0.0032698,0.0808746,0.5215094,0,0.0002299,0.0062224,0.0829345,0.0034941,0.523767,0,1,1,1,1,0,4,6,0,low,boundary_unreliable
phase_scan,phase_180,16,4,boundary_unreliable,boundary_unreliable,0,0,1,0,0,0,1,1,0.6054634,0.6046122,1.00140784456549,0.00140586532563314,0.0066512,0.0035307,0.0817684,0.5130518,0,0.0003418,0.006168,0.0810881,0.003162,0.5137762,0,1,1,1,1,0,4,6,0,low,boundary_unreliable
phase_scan,phase_180,16,5,boundary_unreliable,boundary_unreliable,0,0,1,0,0,0,1,1,0.6057973,0.6122957,0.989386827312359,-0.0107270204076513,0.0061727,0.0037247,0.0824953,0.5131057,0,0.0002058,0.0064448,0.0786657,0.003133,0.5236692,0,1,1,1,1,0,4,6,0,low,boundary_unreliable
phase_scan,phase_180,16,6,boundary_unreliable,boundary_unreliable,0,0,1,0,0,0,1,1,0.5958696,0.6050166,0.984881406559754,-0.0153506740400919,0.0062685,0.0039352,0.0798326,0.5055137,0,0.0002198,0.0063532,0.082672,0.0036792,0.5118434,0,1,1,1,1,0,4,6,0,low,boundary_unreliable
phase_scan,phase_180,16,7,boundary_unreliable,boundary_unreliable,0,0,1,0,0,0,1,1,0.6093152,0.600765,1.01423218729453,0.0140324744893939,0.0067984,0.0040343,0.0818365,0.5162349,0,0.0003088,0.0067197,0.0802948,0.0038378,0.5094573,0,1,1,1,1,0,4,6,0,low,boundary_unreliable
phase_scan,phase_180,16,8,boundary_unreliable,boundary_unreliable,0,0,1,0,0,0,1,1,0.6097867,0.6156858,0.990418651851318,-0.00967403847935677,0.0061925,0.0031502,0.0790874,0.5209967,0,0.0002599,0.006456,0.0809194,0.0032927,0.524538,0,1,1,1,1,0,4,6,0,low,boundary_unreliable
phase_scan,phase_180,16,9,boundary_unreliable,boundary_unreliable,0,0,1,0,0,0,1,1,0.608383,0.6154697,0.988485704495282,-0.0116484188414205,0.0072864,0.0039415,0.0815454,0.5152507,0,0.0002294,0.0061544,0.0791505,0.003095,0.5266556,0,1,1,1,1,0,4,6,0,low,boundary_unreliable
phase_scan,phase_180,16,10,boundary_unreliable,boundary_unreliable,0,0,1,0,0,0,1,1,0.6086878,0.6172519,0.986125437604971,-0.014069774357232,0.0073758,0.0033338,0.0817545,0.5158438,0,0.0002338,0.0061732,0.0814524,0.004163,0.5248374,0,1,1,1,1,0,4,6,0,low,boundary_unreliable
phase_scan,phase_180,16,11,boundary_unreliable,boundary_unreliable,0,0,1,0,0,0,1,1,0.601982,0.6043676,0.996052733468836,-0.00396290918997577,0.0068974,0.0031485,0.0778585,0.5137527,0,0.0002255,0.0062324,0.082219,0.0038621,0.5116153,0,1,1,1,1,0,4,6,0,low,boundary_unreliable
phase_scan,phase_180,16,12,boundary_unreliable,boundary_unreliable,0,0,1,0,0,0,1,1,0.6124699,0.6164245,0.993584615796419,-0.00645680710186736,0.0066713,0.0039399,0.0786875,0.5228621,0,0.0002141,0.0064418,0.0799431,0.0036178,0.5260057,0,1,1,1,1,0,4,6,0,low,boundary_unreliable
phase_scan,phase_180,16,13,boundary_unreliable,boundary_unreliable,0,0,1,0,0,0,1,1,0.614129,0.6032517,1.01803111371257,0.0177117511141798,0.0062739,0.0034244,0.0792952,0.5246958,0,0.0003031,0.0069973,0.078466,0.0035846,0.5137697,0,1,1,1,1,0,4,6,0,low,boundary_unreliable
phase_scan,phase_180,16,14,boundary_unreliable,boundary_unreliable,0,0,1,0,0,0,1,1,0.6009505,0.6161658,0.975306484066464,-0.0253187242543269,0.0061199,0.0032693,0.0807735,0.5104651,0,0.0002213,0.0062009,0.0802679,0.0037861,0.5253622,0,1,1,1,1,0,4,6,0,low,boundary_unreliable
phase_scan,phase_180,16,15,boundary_unreliable,boundary_unreliable,0,0,1,0,0,0,1,1,0.599074,0.6181271,0.969176080453357,-0.0318042512277281,0.0070476,0.0034203,0.0784983,0.5098029,0,0.0002097,0.0064326,0.0801181,0.0036572,0.5274473,0,1,1,1,1,0,4,6,0,low,boundary_unreliable
phase_scan,phase_180,16,16,boundary_unreliable,boundary_unreliable,0,0,1,0,0,0,1,1,0.6108431,0.6040803,1.0111952003732,0.0110712554500492,0.0073926,0.0034471,0.0843657,0.5151776,0,0.0003271,0.0070864,0.0810603,0.0034002,0.5120351,0,1,1,1,1,0,4,6,0,low,boundary_unreliable
phase_scan,phase_180,16,17,boundary_unreliable,boundary_unreliable,0,0,1,0,0,0,1,1,0.6064186,0.5980008,1.01407656979723,0.0138811705313788,0.0063106,0.0036791,0.0814897,0.5146292,0,0.0002115,0.0067207,0.0807313,0.0032489,0.506886,0,1,1,1,1,0,4,6,0,low,boundary_unreliable
phase_scan,phase_180,16,18,boundary_unreliable,boundary_unreliable,0,0,1,0,0,0,1,1,0.61085,0.6511065,0.938172173062318,-0.0659024310387166,0.0068154,0.0036175,0.0818113,0.5182711,0,0.0002278,0.0062751,0.087963,0.0034455,0.5529099,0,1,1,1,1,0,4,6,0,low,boundary_unreliable
phase_scan,phase_180,16,19,boundary_unreliable,boundary_unreliable,0,0,1,0,0,0,1,1,0.6397017,0.6148234,1.04046413978388,0.0388904703551671,0.0070172,0.00412,0.0860731,0.5419706,0,0.0003743,0.0072313,0.086868,0.0038407,0.5164151,0,1,1,1,1,0,4,6,0,low,boundary_unreliable
phase_scan,phase_180,16,20,boundary_unreliable,boundary_unreliable,0,0,1,0,0,0,1,1,0.6119881,0.6284106,0.97386660887006,-0.0268346721120885,0.0061946,0.003751,0.0794624,0.5222618,0,0.0002166,0.0064577,0.0825919,0.0032559,0.5356628,0,1,1,1,1,0,4,6,0,low,boundary_unreliable
phase_scan,phase_180,16,21,boundary_unreliable,boundary_unreliable,0,0,1,0,0,0,1,1,0.6176663,0.6045503,1.02169546520778,0.0212347670578757,0.0065232,0.0038355,0.0870861,0.5198749,0,0.00025,0.0063236,0.0795811,0.0033805,0.5148482,0,1,1,1,1,0,4,6,0,low,boundary_unreliable
phase_scan,phase_180,16,22,boundary_unreliable,boundary_unreliable,0,0,1,0,0,0,1,1,0.603181,0.6041058,0.998469142325732,-0.00153320479259134,0.0064751,0.0039038,0.080232,0.512096,0,0.0003362,0.0065399,0.0787828,0.0030551,0.5152937,0,1,1,1,1,0,4,6,0,low,boundary_unreliable
phase_scan,phase_180,16,23,boundary_unreliable,boundary_unreliable,0,0,1,0,0,0,1,1,0.6175905,0.6170636,1.00085388280884,0.000853154315035631,0.0063141,0.0040513,0.0816353,0.5252799,0,0.0002112,0.0062472,0.0861563,0.0037399,0.5204451,0,1,1,1,1,0,4,6,0,low,boundary_unreliable
phase_scan,phase_180,16,24,boundary_unreliable,boundary_unreliable,0,0,1,0,0,0,1,1,0.6146147,0.6041817,1.01726798411802,0.0169748624626126,0.0064255,0.0034069,0.0812665,0.5232051,0,0.0002085,0.006117,0.0818114,0.0032303,0.5126477,0,1,1,1,1,0,4,6,0,low,boundary_unreliable
phase_scan,phase_180,16,25,boundary_unreliable,boundary_unreliable,0,0,1,0,0,0,1,1,0.6064454,0.6057622,1.00112783531227,0.0011265647327855,0.0056744,0.0034182,0.0786722,0.5183596,0,0.0002211,0.0063069,0.0793609,0.003311,0.5163519,0,1,1,1,1,0,4,6,0,low,boundary_unreliable
phase_scan,phase_180,16,26,boundary_unreliable,boundary_unreliable,0,0,1,0,0,0,1,1,0.6161746,0.6063681,1.01617251962958,0.0159151318473694,0.0065965,0.0038785,0.0863669,0.5190127,0,0.0002138,0.0068481,0.0799523,0.0032416,0.5159186,0,1,1,1,1,0,4,6,0,low,boundary_unreliable
phase_scan,phase_180,16,27,boundary_unreliable,boundary_unreliable,0,0,1,0,0,0,1,1,0.6235641,0.6025941,1.03479954417078,0.0336292612098739,0.00638,0.0037301,0.080288,0.5328609,0,0.0002107,0.0064257,0.0802305,0.0033694,0.5121279,0,1,1,1,1,0,4,6,0,low,boundary_unreliable
phase_scan,phase_180,16,28,boundary_unreliable,boundary_unreliable,0,0,1,0,0,0,1,1,0.6183666,0.6214261,0.995076647086436,-0.00494771224707158,0.0062713,0.0036706,0.0829084,0.5251824,0,0.0002273,0.0062424,0.0810699,0.0033082,0.5304047,0,1,1,1,1,0,4,6,0,low,boundary_unreliable
phase_scan,phase_180,16,29,boundary_unreliable,boundary_unreliable,0,0,1,0,0,0,1,1,0.6066037,0.6094633,0.995308002959325,-0.00471411565738888,0.0063997,0.0035447,0.0853561,0.5109842,0,0.000222,0.006264,0.0826529,0.0030792,0.5170353,0,1,1,1,1,0,4,6,0,low,boundary_unreliable
phase_scan,phase_180,16,30,boundary_unreliable,boundary_unreliable,0,0,1,0,0,0,1,1,0.6304844,0.5995153,1.05165689682982,0.0491195341232867,0.0069159,0.0033973,0.0900365,0.5296921,0,0.0003028,0.0067394,0.0798001,0.0032063,0.5093205,0,1,1,1,1,0,4,6,0,low,boundary_unreliable
large_el,A_el2_beta1_phase0_rho1,0,1,pair_el_local_covfit,pair_el_local_covfit,1,1,1,0,0,0,0,0,0.6655586,0.6532372,1.01886206113185,0.0185128702416286,0.0066223,0.0042602,0.093629,0.5292678,0.0303951,0.0013395,0.0063817,0.0860503,0.0033306,0.523872,0.0310389,1,1,1,1,1,5,5,1,medium,ok
large_el,A_el2_beta1_phase0_rho1,0,2,pair_el_local_covfit,pair_el_local_covfit,1,1,1,0,0,0,0,0,0.6434701,0.6559446,0.9809823878419,-0.0193862931626503,0.0064591,0.0036736,0.0809291,0.5208259,0.0307285,0.0008052,0.0065697,0.082199,0.0033783,0.5330892,0.0298893,1,1,1,1,1,5,5,1,medium,ok
large_el,A_el2_beta1_phase0_rho1,0,3,pair_el_local_covfit,pair_el_local_covfit,1,1,1,0,0,0,0,0,0.6426772,0.6466505,0.993855568038685,-0.00618241941677722,0.0058194,0.003521,0.0818226,0.5188612,0.0321974,0.0004111,0.0064282,0.0846803,0.0041844,0.5184266,0.0316477,1,1,1,1,1,5,5,1,medium,ok
large_el,A_el2_beta1_phase0_rho1,0,4,pair_el_local_covfit,pair_el_local_covfit,1,1,1,0,0,0,0,0,0.6337214,0.6402139,0.989858858109766,-0.0102450382770725,0.00612,0.0036881,0.0800261,0.5140143,0.0293549,0.0004706,0.0065,0.0800065,0.0035677,0.5194244,0.0299409,1,1,1,1,1,5,5,1,medium,ok
large_el,A_el2_beta1_phase0_rho1,0,5,pair_el_local_covfit,pair_el_local_covfit,1,1,1,0,0,0,0,0,0.639385,0.6349098,1.00704856028368,0.00699922581856005,0.0065265,0.0034486,0.0826444,0.5142827,0.030956,0.001483,0.0063635,0.0832574,0.0038317,0.5049195,0.0339633,1,1,1,1,1,5,5,1,medium,ok
large_el,A_el2_beta1_phase0_rho1,0,6,pair_el_local_covfit,pair_el_local_covfit,1,1,1,0,0,0,0,0,0.6498912,0.6381517,1.01839609610066,0.0180637928317848,0.0067372,0.0040849,0.0856158,0.5229358,0.0302087,0.0002616,0.006612,0.0817744,0.0039538,0.5147639,0.0303608,1,1,1,1,1,5,5,1,medium,ok
large_el,A_el2_beta1_phase0_rho1,0,7,pair_el_local_covfit,pair_el_local_covfit,1,1,1,0,0,0,0,0,0.6307518,0.6327139,0.996898914343434,-0.00311073230389525,0.0065329,0.0036471,0.0801896,0.508924,0.0311759,0.0002366,0.0063141,0.0818062,0.0032118,0.5113318,0.0296621,1,1,1,1,1,5,5,1,medium,ok
large_el,A_el2_beta1_phase0_rho1,0,8,pair_el_local_covfit,pair_el_local_covfit,1,1,1,0,0,0,0,0,0.6405869,0.6360666,1.00710664575062,0.00705649772107408,0.006574,0.0034263,0.0810406,0.5173564,0.031919,0.0002231,0.0073659,0.0865336,0.0031304,0.5086926,0.0299557,1,1,1,1,1,5,5,1,medium,ok
large_el,A_el2_beta1_phase0_rho1,0,9,pair_el_local_covfit,pair_el_local_covfit,1,1,1,0,0,0,0,0,0.6471607,0.6341005,1.02059641965272,0.0201807680843414,0.0062321,0.0038751,0.081678,0.5244979,0.0306449,0.0001888,0.0068497,0.0828448,0.0042443,0.5103963,0.0293086,1,1,1,1,1,5,5,1,medium,ok
large_el,A_el2_beta1_phase0_rho1,0,10,pair_el_local_covfit,pair_el_local_covfit,1,1,1,0,0,0,0,0,0.6319865,0.6463588,0.977764207743439,-0.0227414667876609,0.0065065,0.0036177,0.0823684,0.5104572,0.02876,0.0002273,0.0063405,0.0795806,0.0036582,0.5259956,0.0303429,1,1,1,1,1,5,5,1,medium,ok
large_el,A_el2_beta1_phase0_rho1,0,11,pair_el_local_covfit,pair_el_local_covfit,1,1,1,0,0,0,0,0,0.6465115,0.6473773,0.998662603708842,-0.0013391873153068,0.0090296,0.0044765,0.0816757,0.5203254,0.0307345,0.0002222,0.0067,0.0833114,0.0040399,0.5229064,0.0300534,1,1,1,1,1,5,5,1,medium,ok
large_el,A_el2_beta1_phase0_rho1,0,12,pair_el_local_covfit,pair_el_local_covfit,1,1,1,0,0,0,0,0,0.6864085,0.6754433,1.01623407915957,0.0159747439025012,0.0068825,0.0040966,0.0810078,0.5585189,0.0356657,0.0001922,0.0067718,0.0856075,0.0035746,0.5442797,0.034797,1,1,1,1,1,5,5,1,medium,ok
large_el,A_el2_beta1_phase0_rho1,0,13,pair_el_local_covfit,pair_el_local_covfit,1,1,1,0,0,0,0,0,0.7053473,0.6576063,1.07259814877078,0.0676843875350484,0.0088078,0.0043536,0.0963603,0.5624931,0.0328042,0.000374,0.006742,0.0919601,0.0039536,0.5226242,0.0317008,1,1,1,1,1,5,5,1,medium,ok
large_el,A_el2_beta1_phase0_rho1,0,14,pair_el_local_covfit,pair_el_local_covfit,1,1,1,0,0,0,0,0,0.6444338,0.657619,0.979950092682845,-0.0204601310483714,0.0070504,0.0041742,0.0881437,0.5157465,0.029086,0.0001861,0.0073899,0.0848677,0.0033848,0.5272023,0.0342504,1,1,1,1,1,5,5,1,medium,ok
large_el,A_el2_beta1_phase0_rho1,0,15,pair_el_local_covfit,pair_el_local_covfit,1,1,1,0,0,0,0,0,0.6480417,0.6387113,1.01460816490956,0.0143978389045027,0.0067587,0.0039066,0.0906326,0.5159396,0.0305339,0.0002253,0.0061466,0.0835284,0.0033783,0.5145788,0.0307069,1,1,1,1,1,5,5,1,medium,ok
large_el,A_el2_beta1_phase0_rho1,0,16,pair_el_local_covfit,pair_el_local_covfit,1,1,1,0,0,0,0,0,0.6337633,0.6313269,1.00385917343297,0.00384433746794743,0.00641,0.0036041,0.0818719,0.5112313,0.0301648,0.0004374,0.0061917,0.0804257,0.0034271,0.5098479,0.0310384,1,1,1,1,1,5,5,1,medium,ok
large_el,A_el2_beta1_phase0_rho1,0,17,pair_el_local_covfit,pair_el_local_covfit,1,1,1,0,0,0,0,0,0.6536014,0.6375408,1.02519148578413,0.0245724687860216,0.0067246,0.003663,0.0822995,0.5292663,0.0313804,0.0002208,0.0061678,0.0818211,0.0036283,0.5122085,0.0333269,1,1,1,1,1,5,5,1,medium,ok
large_el,A_el2_beta1_phase0_rho1,0,18,pair_el_local_covfit,pair_el_local_covfit,1,1,1,0,0,0,0,0,0.6483903,0.6430524,1.00830087874643,0.00823254141834018,0.006448,0.0040731,0.0888282,0.5166377,0.0321401,0.000217,0.0060369,0.0821268,0.0037328,0.5200497,0.0307277,1,1,1,1,1,5,5,1,medium,ok
large_el,A_el2_beta1_phase0_rho1,0,19,pair_el_local_covfit,pair_el_local_covfit,1,1,1,0,0,0,0,0,0.6299254,0.6395364,0.984971926539287,-0.0152573622209868,0.0064027,0.0035387,0.0818296,0.5081448,0.0297627,0.0002041,0.006504,0.0802995,0.003415,0.5207685,0.0281874,1,1,1,1,1,5,5,1,medium,ok
large_el,A_el2_beta1_phase0_rho1,0,20,pair_el_local_covfit,pair_el_local_covfit,1,1,1,0,0,0,0,0,0.6483801,0.6334642,1.02354655559067,0.0230048701371309,0.0062149,0.0036636,0.080639,0.5237784,0.0338113,0.0002294,0.0067766,0.0816501,0.0029345,0.5110164,0.0307011,1,1,1,1,1,5,5,1,medium,ok
large_el,A_el2_beta1_phase0_rho1,0,21,pair_el_local_covfit,pair_el_local_covfit,1,1,1,0,0,0,0,0,0.6390921,0.6260194,1.02088226019833,0.020455111242965,0.0068489,0.0037932,0.0821296,0.5133642,0.0326911,0.0002216,0.0063663,0.0813847,0.0039057,0.5038757,0.0301099,1,1,1,1,1,5,5,1,medium,ok
large_el,A_el2_beta1_phase0_rho1,0,22,pair_el_local_covfit,pair_el_local_covfit,1,1,1,0,0,0,0,0,0.640024,0.6363445,1.00578224530895,0.00574900316238147,0.0061982,0.0035754,0.08346,0.5171994,0.0293151,0.0002302,0.006476,0.0818435,0.0033676,0.5131473,0.0311098,1,1,1,1,1,5,5,1,medium,ok
large_el,A_el2_beta1_phase0_rho1,0,23,pair_el_local_covfit,pair_el_local_covfit,1,1,1,0,0,0,0,0,0.6260446,0.6332001,0.988699464829522,-0.011429696861853,0.006941,0.0037981,0.0817391,0.5023619,0.0309386,0.0002179,0.0064212,0.079657,0.0032527,0.5136648,0.0298395,1,1,1,1,1,5,5,1,medium,ok
large_el,A_el2_beta1_phase0_rho1,0,24,pair_el_local_covfit,pair_el_local_covfit,1,1,1,0,0,0,0,0,0.6282083,0.6523141,0.963045716779693,-0.0383723042182027,0.0060638,0.0036228,0.0792254,0.5081152,0.0308992,0.0002357,0.0062875,0.0925771,0.0051393,0.5171591,0.030714,1,1,1,1,1,5,5,1,medium,ok
large_el,A_el2_beta1_phase0_rho1,0,25,pair_el_local_covfit,pair_el_local_covfit,1,1,1,0,0,0,0,0,0.6489879,0.6343554,1.0230667225344,0.022546645322663,0.006204,0.0036812,0.0804073,0.5269234,0.0315134,0.0002155,0.0064811,0.0821424,0.0031159,0.511651,0.03062,1,1,1,1,1,5,5,1,medium,ok
large_el,A_el2_beta1_phase0_rho1,0,26,pair_el_local_covfit,pair_el_local_covfit,1,1,1,0,0,0,0,0,0.6336779,0.6308727,1.00444653889763,0.00442685471593707,0.0063441,0.0037423,0.0823575,0.5101849,0.030786,0.000221,0.0069902,0.0783985,0.0040051,0.5123824,0.0287026,1,1,1,1,1,5,5,1,medium,ok
large_el,A_el2_beta1_phase0_rho1,0,27,pair_el_local_covfit,pair_el_local_covfit,1,1,1,0,0,0,0,0,0.629794,0.6513431,0.966915900391054,-0.0342161087593722,0.0063923,0.0036724,0.0810599,0.5082134,0.0301924,0.0002202,0.0066485,0.0873369,0.0035436,0.5219504,0.031417,1,1,1,1,1,5,5,1,medium,ok
large_el,A_el2_beta1_phase0_rho1,0,28,pair_el_local_covfit,pair_el_local_covfit,1,1,1,0,0,0,0,0,0.6311903,0.6424533,0.982468764655735,-0.0178440638267097,0.0069973,0.0035398,0.0818223,0.5074123,0.0311275,0.0002441,0.0064077,0.0817092,0.0036314,0.5200448,0.0301868,1,1,1,1,1,5,5,1,medium,ok
large_el,A_el2_beta1_phase0_rho1,0,29,pair_el_local_covfit,pair_el_local_covfit,1,1,1,0,0,0,0,0,0.6338533,0.6330893,1.00120678078116,0.00120532621664982,0.0070045,0.0038994,0.0810388,0.5108352,0.0308008,0.0002286,0.0063644,0.0788463,0.0034246,0.5122755,0.0318048,1,1,1,1,1,5,5,1,medium,ok
large_el,A_el2_beta1_phase0_rho1,0,30,pair_el_local_covfit,pair_el_local_covfit,1,1,1,0,0,0,0,0,0.6401245,0.6392773,1.00132524649319,0.00132349253934183,0.0068274,0.0036183,0.081533,0.5169663,0.0309191,0.0002181,0.0058644,0.0827327,0.0035646,0.5158557,0.0308554,1,1,1,1,1,5,5,1,medium,ok
large_el,A_el2_beta1_phase0_rho1,8,1,pair_el_local_covfit,pair_el_local_covfit,1,1,1,0,0,0,0,0,0.6833037,0.6601973,1.0349992343198,0.0338157103495854,0.012468,0.0045523,0.10428,0.5291871,0.0325368,0.0002322,0.0066659,0.0854002,0.0031945,0.5336487,0.0306282,1,1,1,1,1,5,5,1,medium,ok
large_el,A_el2_beta1_phase0_rho1,8,2,pair_el_local_covfit,pair_el_local_covfit,1,1,1,0,0,0,0,0,0.63269,0.6496046,0.973961699162845,-0.026734419700011,0.0066125,0.0035801,0.07942,0.5133663,0.0294634,0.0002042,0.0059493,0.0866993,0.0035987,0.522826,0.0299735,1,1,1,1,1,5,5,1,medium,ok
large_el,A_el2_beta1_phase0_rho1,8,3,pair_el_local_covfit,pair_el_local_covfit,1,1,1,0,0,0,0,0,0.6351431,0.6341203,1.00161294315921,0.00161034576302566,0.0073033,0.003515,0.0832646,0.5099785,0.0308053,0.0002287,0.0060888,0.0811351,0.0036214,0.512816,0.030069,1,1,1,1,1,5,5,1,medium,ok
large_el,A_el2_beta1_phase0_rho1,8,4,pair_el_local_covfit,pair_el_local_covfit,1,1,1,0,0,0,0,0,0.6308682,0.6278501,1.00480703913243,0.00478404205506,0.0065273,0.003902,0.0812192,0.5101169,0.0288727,0.0001894,0.0067003,0.078957,0.0038144,0.5042414,0.0336631,1,1,1,1,1,5,5,1,medium,ok
large_el,A_el2_beta1_phase0_rho1,8,5,pair_el_local_covfit,pair_el_local_covfit,1,1,1,0,0,0,0,0,0.6708088,0.6546728,1.02464742692838,0.0240545443053221,0.0066505,0.0033166,0.0853231,0.5427637,0.032518,0.0001933,0.0068344,0.0848655,0.0034892,0.527465,0.0315713,1,1,1,1,1,5,5,1,medium,ok
large_el,A_el2_beta1_phase0_rho1,8,6,pair_el_local_covfit,pair_el_local_covfit,1,1,1,0,0,0,0,0,0.6490215,0.6385947,1.01632772711706,0.0160654153984114,0.0076769,0.0043456,0.0904116,0.5151359,0.0311577,0.0002527,0.0064642,0.0823295,0.0038058,0.5167044,0.0289163,1,1,1,1,1,5,5,1,medium,ok
large_el,A_el2_beta1_phase0_rho1,8,7,pair_el_local_covfit,pair_el_local_covfit,1,1,1,0,0,0,0,0,0.6309246,0.6309462,0.999965765702369,-3.42354696585279e-05,0.0066052,0.00324,0.0799557,0.5106097,0.0302823,0.0001892,0.006344,0.0806339,0.0034536,0.5099637,0.0301062,1,1,1,1,1,5,5,1,medium,ok
large_el,A_el2_beta1_phase0_rho1,8,8,pair_el_local_covfit,pair_el_local_covfit,1,1,1,0,0,0,0,0,0.6330788,0.6268326,1.00996470189968,0.00986638630135794,0.0060568,0.0033487,0.0787041,0.5139869,0.0307221,0.0002194,0.0069548,0.078214,0.0041213,0.5067258,0.0301574,1,1,1,1,1,5,5,1,medium,ok
large_el,A_el2_beta1_phase0_rho1,8,9,pair_el_local_covfit,pair_el_local_covfit,1,1,1,0,0,0,0,0,0.6314395,0.6497259,0.971855208480992,-0.0289598607625907,0.0064976,0.0034703,0.0841773,0.5061775,0.0308411,0.00023,0.0063685,0.0805634,0.0034228,0.5267717,0.0322021,1,1,1,1,1,5,5,1,medium,ok
large_el,A_el2_beta1_phase0_rho1,8,10,pair_el_local_covfit,pair_el_local_covfit,1,1,1,0,0,0,0,0,0.6493962,0.652225,0.995662846410364,-0.00435604643205489,0.0070067,0.003965,0.0858281,0.5231184,0.0292502,0.0001863,0.0063139,0.1000658,0.0032772,0.5122733,0.0299239,1,1,1,1,1,5,5,1,medium,ok
large_el,A_el2_beta1_phase0_rho1,8,11,pair_el_local_covfit,pair_el_local_covfit,1,1,1,0,0,0,0,0,0.6330418,0.6380831,0.992099304933793,-0.00796361314529315,0.006995,0.0035966,0.0802562,0.5094763,0.032435,0.0002297,0.0064032,0.0818421,0.0034727,0.5157431,0.030242,1,1,1,1,1,5,5,1,medium,ok
large_el,A_el2_beta1_phase0_rho1,8,12,pair_el_local_covfit,pair_el_local_covfit,1,1,1,0,0,0,0,0,0.6417049,0.6341699,1.01188167398043,0.0117421574932653,0.0057507,0.0034554,0.0817596,0.5207674,0.0297383,0.0001933,0.0067373,0.0813102,0.00359,0.5135439,0.0286298,1,1,1,1,1,5,5,1,medium,ok
large_el,A_el2_beta1_phase0_rho1,8,13,pair_el_local_covfit,pair_el_local_covfit,1,1,1,0,0,0,0,0,0.6454631,0.6177498,1.04486168995927,0.0429355295446013,0.0064318,0.0039512,0.0867797,0.5160304,0.0320371,0.0001927,0.0059592,0.0801217,0.0032626,0.4976506,0.0303754,1,1,1,1,1,5,5,1,medium,ok
large_el,A_el2_beta1_phase0_rho1,8,14,pair_el_local_covfit,pair_el_local_covfit,1,1,1,0,0,0,0,0,0.6327503,0.6356741,0.99540047329284,-0.00462078010867795,0.0066687,0.0034684,0.0803115,0.5103401,0.0317208,0.0001934,0.0066868,0.0794585,0.0032705,0.517611,0.0282795,1,1,1,1,1,5,5,1,medium,ok
large_el,A_el2_beta1_phase0_rho1,8,15,pair_el_local_covfit,pair_el_local_covfit,1,1,1,0,0,0,0,0,0.6376336,0.6319749,1.00895399485011,0.00887453233330238,0.0066865,0.0034874,0.0819671,0.515256,0.0298698,0.0003142,0.0066752,0.0808556,0.0035461,0.5099931,0.0304948,1,1,1,1,1,5,5,1,medium,ok
large_el,A_el2_beta1_phase0_rho1,8,16,pair_el_local_covfit,pair_el_local_covfit,1,1,1,0,0,0,0,0,0.6298892,0.6475758,0.97268798494323,-0.0280789065759501,0.0064761,0.0032831,0.0820619,0.5085548,0.0292237,0.000244,0.0063395,0.0780508,0.003684,0.5279523,0.0311378,1,1,1,1,1,5,5,1,medium,ok
large_el,A_el2_beta1_phase0_rho1,8,17,pair_el_local_covfit,pair_el_local_covfit,1,1,1,0,0,0,0,0,0.6313088,0.631007,1.00047828312523,0.000478054479836176,0.0066982,0.0037092,0.0811677,0.5108134,0.0286412,0.0002311,0.0068402,0.0814549,0.0038078,0.5082464,0.0302653,1,1,1,1,1,5,5,1,medium,ok
large_el,A_el2_beta1_phase0_rho1,8,18,pair_el_local_covfit,pair_el_local_covfit,1,1,1,0,0,0,0,0,0.6312746,0.6231998,1.01295700030712,0.0127912638968842,0.0061132,0.0040313,0.0790212,0.5088399,0.0329904,0.0002359,0.0065299,0.0818122,0.0034443,0.5019855,0.0290084,1,1,1,1,1,5,5,1,medium,ok
large_el,A_el2_beta1_phase0_rho1,8,19,pair_el_local_covfit,pair_el_local_covfit,1,1,1,0,0,0,0,0,0.6289564,0.635285,0.990038171844133,-0.0100620647154557,0.0062132,0.003762,0.0801212,0.507241,0.0313446,0.0002264,0.0063358,0.0811823,0.0037877,0.5125535,0.03106,1,1,1,1,1,5,5,1,medium,ok
large_el,A_el2_beta1_phase0_rho1,8,20,pair_el_local_covfit,pair_el_local_covfit,1,1,1,0,0,0,0,0,0.6263414,0.6356497,0.985356242597141,-0.0148613839034111,0.0070103,0.0038135,0.0845008,0.5006662,0.0300703,0.0002362,0.0064252,0.0813985,0.0041419,0.5135246,0.0297689,1,1,1,1,1,5,5,1,medium,ok
large_el,A_el2_beta1_phase0_rho1,8,21,pair_el_local_covfit,pair_el_local_covfit,1,1,1,0,0,0,0,0,0.6390712,0.6358556,1.00505712303234,0.00503167722156783,0.0069545,0.0034361,0.0795029,0.5199342,0.028979,0.0002214,0.0061802,0.0819388,0.0038413,0.5137167,0.0297211,1,1,1,1,1,5,5,1,medium,ok
large_el,A_el2_beta1_phase0_rho1,8,22,pair_el_local_covfit,pair_el_local_covfit,1,1,1,0,0,0,0,0,0.645671,0.640367,1.00828275036034,0.00821470996838947,0.0063452,0.003266,0.0856604,0.5192276,0.0309029,0.0002248,0.0066194,0.0826558,0.0032867,0.5190362,0.0283979,1,1,1,1,1,5,5,1,medium,ok
large_el,A_el2_beta1_phase0_rho1,8,23,pair_el_local_covfit,pair_el_local_covfit,1,1,1,0,0,0,0,0,0.6323552,0.6490533,0.974273145210108,-0.026406203349004,0.0062278,0.0033284,0.0828309,0.5104063,0.029342,0.00018,0.0066504,0.0810744,0.0032414,0.5275405,0.030005,1,1,1,1,1,5,5,1,medium,ok
large_el,A_el2_beta1_phase0_rho1,8,24,pair_el_local_covfit,pair_el_local_covfit,1,1,1,0,0,0,0,0,0.6350779,0.6689473,0.949369105757658,-0.0533310952876804,0.0061597,0.003642,0.082156,0.5096893,0.0331028,0.0002779,0.006972,0.0902098,0.0034426,0.5374731,0.0304619,1,1,1,1,1,5,5,1,medium,ok
large_el,A_el2_beta1_phase0_rho1,8,25,pair_el_local_covfit,pair_el_local_covfit,1,1,1,0,0,0,0,0,0.6306527,0.624797,1.00937216407889,0.0092851422026734,0.0062858,0.0035316,0.0801225,0.5096688,0.030818,0.0001845,0.0065055,0.0797119,0.0034163,0.5042907,0.0305288,1,1,1,1,1,5,5,1,medium,ok
large_el,A_el2_beta1_phase0_rho1,8,26,pair_el_local_covfit,pair_el_local_covfit,1,1,1,0,0,0,0,0,0.6442765,0.6345197,1.01537666994421,0.0151438085977061,0.0063106,0.0034668,0.0811578,0.5218864,0.0312262,0.0001904,0.0064596,0.0798739,0.0032827,0.5106728,0.0338421,1,1,1,1,1,5,5,1,medium,ok
large_el,A_el2_beta1_phase0_rho1,8,27,pair_el_local_covfit,pair_el_local_covfit,1,1,1,0,0,0,0,0,0.6278401,0.6318453,0.993661106603151,-0.00637933129788948,0.0070294,0.0040183,0.0807596,0.5072174,0.0285261,0.0002447,0.0060143,0.0795209,0.0032035,0.5137055,0.0290015,1,1,1,1,1,5,5,1,medium,ok
large_el,A_el2_beta1_phase0_rho1,8,28,pair_el_local_covfit,pair_el_local_covfit,1,1,1,0,0,0,0,0,0.6461133,0.7096098,0.910519133191227,-0.0982745595857568,0.0066803,0.0033402,0.0807682,0.5201098,0.0349343,0.0002343,0.0068331,0.0943808,0.0042837,0.5647535,0.0388872,1,1,1,1,1,5,5,1,medium,ok
large_el,A_el2_beta1_phase0_rho1,8,29,pair_el_local_covfit,pair_el_local_covfit,1,1,1,0,0,0,0,0,0.665776,0.6358946,1.04699112085556,0.0448820624354138,0.0075583,0.0039474,0.0964236,0.52788,0.0297435,0.0001835,0.0068724,0.0826935,0.0036322,0.5141699,0.0281734,1,1,1,1,1,5,5,1,medium,ok
large_el,A_el2_beta1_phase0_rho1,8,30,pair_el_local_covfit,pair_el_local_covfit,1,1,1,0,0,0,0,0,0.6366731,0.6338383,1.00447243405771,0.00445252045358913,0.0061792,0.0037374,0.0819125,0.513738,0.0308811,0.000185,0.0063851,0.0795305,0.0038429,0.5134472,0.030277,1,1,1,1,1,5,5,1,medium,ok
large_el,A_el2_beta1_phase0_rho1,16,1,pair_el_local_covfit,pair_el_local_covfit,1,1,1,0,0,0,0,0,0.6727516,0.6597684,1.01967842048816,0.019298653470315,0.0109451,0.005646,0.1023046,0.5232997,0.0303226,0.0001883,0.0063368,0.0864739,0.0036224,0.533145,0.0298055,1,1,1,1,1,5,5,1,medium,ok
large_el,A_el2_beta1_phase0_rho1,16,2,pair_el_local_covfit,pair_el_local_covfit,1,1,1,0,0,0,0,0,0.6422586,0.6353906,1.01080909915885,0.0106935119280613,0.0066798,0.0039463,0.0834292,0.518738,0.0291967,0.0002232,0.0063014,0.0838007,0.0030959,0.5107264,0.0310439,1,1,1,1,1,5,5,1,medium,ok
large_el,A_el2_beta1_phase0_rho1,16,3,pair_el_local_covfit,pair_el_local_covfit,1,1,1,0,0,0,0,0,0.6332431,0.6309737,1.00359666337916,0.00358377375134444,0.0064441,0.0034129,0.0812598,0.5114748,0.0304121,0.0001967,0.0067902,0.0803677,0.0033902,0.5086649,0.0313879,1,1,1,1,1,5,5,1,medium,ok
large_el,A_el2_beta1_phase0_rho1,16,4,pair_el_local_covfit,pair_el_local_covfit,1,1,1,0,0,0,0,0,0.6365156,0.6270404,1.01511098806393,0.0148860452124031,0.006371,0.0038861,0.0805937,0.5149703,0.0304468,0.0001844,0.0069605,0.0807314,0.0032445,0.5048321,0.0308788,1,1,1,1,1,5,5,1,medium,ok
large_el,A_el2_beta1_phase0_rho1,16,5,pair_el_local_covfit,pair_el_local_covfit,1,1,1,0,0,0,0,0,0.6399833,0.6217848,1.02926816480557,0.02843589824922,0.0065094,0.0039429,0.079302,0.5186775,0.0312678,0.0002343,0.0064216,0.0810704,0.0038415,0.5002366,0.0298241,1,1,1,1,1,5,5,1,medium,ok
large_el,A_el2_beta1_phase0_rho1,16,6,pair_el_local_covfit,pair_el_local_covfit,1,1,1,0,0,0,0,0,0.623009,0.6340731,0.98255075006336,-0.0177591334956637,0.0071102,0.0037789,0.079502,0.5029986,0.029352,0.0002223,0.0063442,0.0801716,0.0035656,0.5115334,0.0320091,1,1,1,1,1,5,5,1,medium,ok
large_el,A_el2_beta1_phase0_rho1,16,7,pair_el_local_covfit,pair_el_local_covfit,1,1,1,0,0,0,0,0,0.6364676,0.6433667,0.989276566536627,-0.0108396719644486,0.0065615,0.0034679,0.0809626,0.5131812,0.0320103,0.0002334,0.0061459,0.0819918,0.0035595,0.5195444,0.0317575,1,1,1,1,1,5,5,1,medium,ok
large_el,A_el2_beta1_phase0_rho1,16,8,pair_el_local_covfit,pair_el_local_covfit,1,1,1,0,0,0,0,0,0.6327313,0.6437157,0.982935945169583,-0.0173602918015909,0.0063312,0.0034113,0.0806532,0.511495,0.0305688,0.0002257,0.0062935,0.0890386,0.0040892,0.5133229,0.0305324,1,1,1,1,1,5,5,1,medium,ok
large_el,A_el2_beta1_phase0_rho1,16,9,pair_el_local_covfit,pair_el_local_covfit,1,1,1,0,0,0,0,0,0.6384266,0.6385134,0.999864059235092,-0.000135959247312245,0.0063365,0.0039814,0.0889052,0.507413,0.0315107,0.0002322,0.0063416,0.080398,0.0033701,0.517684,0.0303417,1,1,1,1,1,5,5,1,medium,ok
large_el,A_el2_beta1_phase0_rho1,16,10,pair_el_local_covfit,pair_el_local_covfit,1,1,1,0,0,0,0,0,0.633415,0.6365653,0.995051096878828,-0.00497351657286305,0.0062572,0.0038199,0.082683,0.5107372,0.0295957,0.0002673,0.006385,0.0807156,0.0033262,0.5153204,0.0304337,1,1,1,1,1,5,5,1,medium,ok
large_el,A_el2_beta1_phase0_rho1,16,11,pair_el_local_covfit,pair_el_local_covfit,1,1,1,0,0,0,0,0,0.6302291,0.6396665,0.985246374477951,-0.0149745544913746,0.0070514,0.0035038,0.081311,0.5037648,0.0343211,0.0002282,0.006977,0.0878933,0.0038107,0.5101242,0.0304685,1,1,1,1,1,5,5,1,medium,ok
large_el,A_el2_beta1_phase0_rho1,16,12,pair_el_local_covfit,pair_el_local_covfit,1,1,1,0,0,0,0,0,0.6352379,0.6290786,1.00979098637277,0.00969605245530847,0.0063386,0.0032348,0.0812765,0.5140892,0.0300214,0.0002333,0.0062027,0.0818088,0.0037138,0.506911,0.0300515,1,1,1,1,1,5,5,1,medium,ok
large_el,A_el2_beta1_phase0_rho1,16,13,pair_el_local_covfit,pair_el_local_covfit,1,1,1,0,0,0,0,0,0.6310787,0.6450722,0.978307079424598,-0.0221739380524173,0.0061687,0.0041124,0.079314,0.5111403,0.0300717,0.0002288,0.0068768,0.0815216,0.0034954,0.5179488,0.0348367,1,1,1,1,1,5,5,1,medium,ok
large_el,A_el2_beta1_phase0_rho1,16,14,pair_el_local_covfit,pair_el_local_covfit,1,1,1,0,0,0,0,0,0.6303714,0.6434807,0.979627516411914,-0.0207961528711487,0.0073354,0.0036218,0.0815757,0.5077676,0.0297978,0.0002267,0.0063202,0.0825143,0.0035113,0.5202162,0.0305304,1,1,1,1,1,5,5,1,medium,ok
large_el,A_el2_beta1_phase0_rho1,16,15,pair_el_local_covfit,pair_el_local_covfit,1,1,1,0,0,0,0,0,0.6177055,0.6303565,0.979930404461602,-0.0204806335705283,0.0066598,0.0032794,0.0793009,0.500649,0.0275287,0.0002437,0.0063034,0.0822013,0.0035241,0.509431,0.0284878,1,1,1,1,1,5,5,1,medium,ok
large_el,A_el2_beta1_phase0_rho1,16,16,pair_el_local_covfit,pair_el_local_covfit,1,1,1,0,0,0,0,0,0.6384147,0.6289877,1.0149875744788,0.0147662639973671,0.0066621,0.003665,0.078894,0.5176192,0.0313043,0.0002245,0.0062456,0.0789707,0.0035198,0.510786,0.0290715,1,1,1,1,1,5,5,1,medium,ok
large_el,A_el2_beta1_phase0_rho1,16,17,pair_el_local_covfit,pair_el_local_covfit,1,1,1,0,0,0,0,0,0.6321326,0.6384012,0.990180782868203,-0.00991659028501291,0.0066243,0.0039017,0.081579,0.5081875,0.0315534,0.0002335,0.0062444,0.0840273,0.0036457,0.5127734,0.0312603,1,1,1,1,1,5,5,1,medium,ok
large_el,A_el2_beta1_phase0_rho1,16,18,pair_el_local_covfit,pair_el_local_covfit,1,1,1,0,0,0,0,0,0.6365057,0.6409669,0.993039890203379,-0.00700889245767966,0.0064643,0.0037648,0.0800297,0.5173912,0.0285901,0.0002196,0.0060962,0.0799305,0.0032936,0.5206754,0.0305895,1,1,1,1,1,5,5,1,medium,ok
large_el,A_el2_beta1_phase0_rho1,16,19,pair_el_local_covfit,pair_el_local_covfit,1,1,1,0,0,0,0,0,0.6435831,0.6298699,1.02177148011042,0.0213075825017779,0.0067684,0.0041256,0.0810458,0.5204622,0.0309136,0.0002236,0.0067996,0.0819559,0.0033604,0.5071039,0.0302739,1,1,1,1,1,5,5,1,medium,ok
large_el,A_el2_beta1_phase0_rho1,16,20,pair_el_local_covfit,pair_el_local_covfit,1,1,1,0,0,0,0,0,0.6514993,0.6382859,1.02070138162225,0.0202815260123841,0.0066137,0.0041136,0.079686,0.5303966,0.0303533,0.0002944,0.0061533,0.0803557,0.0034249,0.5161576,0.0317815,1,1,1,1,1,5,5,1,medium,ok
large_el,A_el2_beta1_phase0_rho1,16,21,pair_el_local_covfit,pair_el_local_covfit,1,1,1,0,0,0,0,0,0.6398785,0.6699004,0.95518453190952,-0.0469181258629567,0.0061804,0.0040229,0.080692,0.5181781,0.030476,0.0002832,0.006426,0.0887803,0.0041702,0.5366214,0.0335038,1,1,1,1,1,5,5,1,medium,ok
large_el,A_el2_beta1_phase0_rho1,16,22,pair_el_local_covfit,pair_el_local_covfit,1,1,1,0,0,0,0,0,0.6704122,0.6315278,1.06157195296866,0.0580007344735075,0.0063552,0.0032867,0.0838731,0.5407257,0.0358528,0.0002669,0.0075545,0.0808727,0.0036282,0.5100023,0.0289787,1,1,1,1,1,5,5,1,medium,ok
large_el,A_el2_beta1_phase0_rho1,16,23,pair_el_local_covfit,pair_el_local_covfit,1,1,1,0,0,0,0,0,0.6362629,0.6438193,0.988263166388457,-0.0118762228632221,0.0064948,0.0038251,0.0815081,0.5135915,0.0305706,0.0002271,0.0067165,0.0801393,0.0030762,0.521535,0.0319881,1,1,1,1,1,5,5,1,medium,ok
large_el,A_el2_beta1_phase0_rho1,16,24,pair_el_local_covfit,pair_el_local_covfit,1,1,1,0,0,0,0,0,0.6355406,0.6267773,1.01398152102828,0.0137887335600589,0.0070675,0.0043304,0.0874149,0.5062565,0.0302504,0.0001805,0.0065995,0.0795176,0.0034408,0.505538,0.0312693,1,1,1,1,1,5,5,1,medium,ok
large_el,A_el2_beta1_phase0_rho1,16,25,pair_el_local_covfit,pair_el_local_covfit,1,1,1,0,0,0,0,0,0.6324126,0.6306047,1.00286693074124,0.00285873494614108,0.006752,0.003763,0.0808458,0.5096531,0.0311173,0.000235,0.0057563,0.0820824,0.0042726,0.5085747,0.0295579,1,1,1,1,1,5,5,1,medium,ok
large_el,A_el2_beta1_phase0_rho1,16,26,pair_el_local_covfit,pair_el_local_covfit,1,1,1,0,0,0,0,0,0.6431974,0.6277492,1.02460887246053,0.0240178209675599,0.0070891,0.0034215,0.0821859,0.5199067,0.0303691,0.0001842,0.0067856,0.0797645,0.0032575,0.5066445,0.03091,1,1,1,1,1,5,5,1,medium,ok
large_el,A_el2_beta1_phase0_rho1,16,27,pair_el_local_covfit,pair_el_local_covfit,1,1,1,0,0,0,0,0,0.6366153,0.6412112,0.992832470799013,-0.00721927355500251,0.0063396,0.0037237,0.0793382,0.5155688,0.0314119,0.0001923,0.0063033,0.0812707,0.0034462,0.5194075,0.0304158,1,1,1,1,1,5,5,1,medium,ok
large_el,A_el2_beta1_phase0_rho1,16,28,pair_el_local_covfit,pair_el_local_covfit,1,1,1,0,0,0,0,0,0.6415163,0.6461992,0.992753163420815,-0.00729973657723115,0.0065556,0.0033688,0.0803247,0.5199792,0.0310383,0.0002067,0.0060539,0.0875632,0.0036911,0.5184627,0.0300452,1,1,1,1,1,5,5,1,medium,ok
large_el,A_el2_beta1_phase0_rho1,16,29,pair_el_local_covfit,pair_el_local_covfit,1,1,1,0,0,0,0,0,0.6382275,0.6309062,1.01160441916722,0.0114713013776435,0.0062126,0.0038425,0.081985,0.5158753,0.0300065,0.0002622,0.0069019,0.0814629,0.0035895,0.5116151,0.0269493,1,1,1,1,1,5,5,1,medium,ok
large_el,A_el2_beta1_phase0_rho1,16,30,pair_el_local_covfit,pair_el_local_covfit,1,1,1,0,0,0,0,0,0.6402265,0.6371342,1.00485345159623,0.00483000937949307,0.0062978,0.0040375,0.0809359,0.5179375,0.0307503,0.0002249,0.0066538,0.0808259,0.0035301,0.5084306,0.0372967,1,1,1,1,1,5,5,1,medium,ok
large_el,B_el5_beta1_phase0_rho1,0,1,pair_el_local_covfit,pair_el_local_covfit,1,1,1,0,0,0,0,0,0.6680281,0.6672446,1.00117423205823,0.00117285485445906,0.0073276,0.0037735,0.1002113,0.5270636,0.0294268,0.0001843,0.0063771,0.0852822,0.0037053,0.5402867,0.0312171,1,1,1,1,1,5,5,1,medium,ok
large_el,B_el5_beta1_phase0_rho1,0,2,pair_el_local_covfit,pair_el_local_covfit,1,1,1,0,0,0,0,0,0.6282475,0.6402309,0.98128269035437,-0.0190743297824505,0.0064181,0.0033667,0.0802244,0.5069008,0.0311079,0.0001886,0.007048,0.0801535,0.0031888,0.5188381,0.0306206,1,1,1,1,1,5,5,1,medium,ok
large_el,B_el5_beta1_phase0_rho1,0,3,pair_el_local_covfit,pair_el_local_covfit,1,1,1,0,0,0,0,0,0.6460187,0.6301093,1.02524863543515,0.0246268412973184,0.0065464,0.0033282,0.0796624,0.5248777,0.0313379,0.0002195,0.0064068,0.0782936,0.0037802,0.5124868,0.028749,1,1,1,1,1,5,5,1,medium,ok
large_el,B_el5_beta1_phase0_rho1,0,4,pair_el_local_covfit,pair_el_local_covfit,1,1,1,0,0,0,0,0,0.6387523,0.6422393,0.994570559602939,-0.00545908014734331,0.0061151,0.0042438,0.0835704,0.5144399,0.0301482,0.0001928,0.0056976,0.0811914,0.0033699,0.5201535,0.0314338,1,1,1,1,1,5,5,1,medium,ok
large_el,B_el5_beta1_phase0_rho1,0,5,pair_el_local_covfit,pair_el_local_covfit,1,1,1,0,0,0,0,0,0.6366972,0.6383309,0.997440669094979,-0.00256589788678219,0.0069611,0.0033919,0.0810377,0.5134984,0.0315294,0.0002354,0.0063914,0.0819605,0.0042271,0.5162169,0.029151,1,1,1,1,1,5,5,1,medium,ok
large_el,B_el5_beta1_phase0_rho1,0,6,pair_el_local_covfit,pair_el_local_covfit,1,1,1,0,0,0,0,0,0.634657,0.6225312,1.01947822052935,0.0191060683172172,0.0065385,0.0035485,0.0803604,0.5125522,0.0313904,0.0002217,0.0066611,0.0822229,0.0034714,0.49941,0.0303843,1,1,1,1,1,5,5,1,medium,ok
large_el,B_el5_beta1_phase0_rho1,0,7,pair_el_local_covfit,pair_el_local_covfit,1,1,1,0,0,0,0,0,0.6220083,0.635607,0.978605175839788,-0.0218625700010757,0.0064378,0.0039898,0.0795887,0.5036103,0.0280981,0.0002388,0.006213,0.0801892,0.0031568,0.5143549,0.0313058,1,1,1,1,1,5,5,1,medium,ok
large_el,B_el5_beta1_phase0_rho1,0,8,pair_el_local_covfit,pair_el_local_covfit,1,1,1,0,0,0,0,0,0.653525,0.6404007,1.02049388765503,0.0200823227879576,0.0064666,0.0037361,0.0814732,0.5307041,0.0308868,0.0002155,0.0062727,0.0794647,0.0036285,0.5191861,0.0314764,1,1,1,1,1,5,5,1,medium,ok
large_el,B_el5_beta1_phase0_rho1,0,9,pair_el_local_covfit,pair_el_local_covfit,1,1,1,0,0,0,0,0,0.6280816,0.6343689,0.990088889918784,-0.0100103234993669,0.006792,0.0036138,0.0848097,0.5000885,0.0325098,0.0002226,0.0068812,0.0824804,0.0032833,0.5111814,0.0301864,1,1,1,1,1,5,5,1,medium,ok
large_el,B_el5_beta1_phase0_rho1,0,10,pair_el_local_covfit,pair_el_local_covfit,1,1,1,0,0,0,0,0,0.6391831,0.6403888,0.998117237528202,-0.00188631395291883,0.006306,0.0033787,0.0793656,0.5190669,0.0308466,0.000179,0.0063285,0.0804394,0.0037466,0.5196229,0.0298862,1,1,1,1,1,5,5,1,medium,ok
large_el,B_el5_beta1_phase0_rho1,0,11,pair_el_local_covfit,pair_el_local_covfit,1,1,1,0,0,0,0,0,0.6280839,0.6387696,0.983271433080096,-0.0170131729216432,0.0069653,0.0034274,0.0808221,0.5076934,0.0289492,0.0001855,0.0062057,0.0803297,0.003445,0.5185945,0.0298036,1,1,1,1,1,5,5,1,medium,ok
large_el,B_el5_beta1_phase0_rho1,0,12,pair_el_local_covfit,pair_el_local_covfit,1,1,1,0,0,0,0,0,0.6242416,0.6456775,0.966800918415153,-0.0343391084477549,0.0070191,0.0045367,0.0799651,0.5012636,0.0311863,0.0002242,0.0065608,0.0815782,0.0039176,0.5223365,0.0308548,1,1,1,1,1,5,5,1,medium,ok
large_el,B_el5_beta1_phase0_rho1,0,13,pair_el_local_covfit,pair_el_local_covfit,1,1,1,0,0,0,0,0,0.6277078,0.6275709,1.00021814268316,0.000218095107309524,0.0065018,0.0032915,0.0807866,0.5077667,0.0291298,0.0001908,0.0066601,0.0801344,0.0032312,0.506897,0.0302559,1,1,1,1,1,5,5,1,medium,ok
large_el,B_el5_beta1_phase0_rho1,0,14,pair_el_local_covfit,pair_el_local_covfit,1,1,1,0,0,0,0,0,0.6328207,0.6697726,0.944829185308566,-0.0583923692761632,0.0061447,0.0035845,0.0832816,0.5093017,0.0302825,0.0001828,0.0064063,0.0820024,0.0033155,0.5443782,0.0332794,1,1,1,1,1,5,5,1,medium,ok
large_el,B_el5_beta1_phase0_rho1,0,15,pair_el_local_covfit,pair_el_local_covfit,1,1,1,0,0,0,0,0,0.6647335,0.6609517,1.00572174941074,0.00568919724972483,0.0068049,0.0036466,0.0868728,0.5347015,0.0324757,0.0001893,0.0068685,0.0903854,0.0044175,0.527781,0.0311244,1,1,1,1,1,5,5,1,medium,ok
large_el,B_el5_beta1_phase0_rho1,0,16,pair_el_local_covfit,pair_el_local_covfit,1,1,1,0,0,0,0,0,0.6226892,0.646378,0.963351475452444,-0.038042734641937,0.0062617,0.003711,0.076458,0.5077084,0.028268,0.0002367,0.0067039,0.0807251,0.0036376,0.5232833,0.0316377,1,1,1,1,1,5,5,1,medium,ok
large_el,B_el5_beta1_phase0_rho1,0,17,pair_el_local_covfit,pair_el_local_covfit,1,1,1,0,0,0,0,0,0.6271139,0.6297356,0.995836824216386,-0.00418058027417345,0.0063022,0.0039377,0.0804336,0.5069705,0.0291999,0.0002278,0.0064069,0.0814176,0.0039762,0.5081993,0.0293523,1,1,1,1,1,5,5,1,medium,ok
large_el,B_el5_beta1_phase0_rho1,0,18,pair_el_local_covfit,pair_el_local_covfit,1,1,1,0,0,0,0,0,0.6378089,0.6388789,0.998325191206033,-0.00167761848415737,0.0068387,0.003838,0.0858674,0.5105467,0.0304634,0.0002116,0.0064339,0.0822299,0.0036612,0.5159557,0.0302103,1,1,1,1,1,5,5,1,medium,ok
large_el,B_el5_beta1_phase0_rho1,0,19,pair_el_local_covfit,pair_el_local_covfit,1,1,1,0,0,0,0,0,0.6314658,0.6330513,0.997495463637781,-0.00251082481426557,0.0062278,0.0038124,0.079713,0.5097063,0.0316635,0.0002901,0.00674,0.0821556,0.0035405,0.5103421,0.0298622,1,1,1,1,1,5,5,1,medium,ok
large_el,B_el5_beta1_phase0_rho1,0,20,pair_el_local_covfit,pair_el_local_covfit,1,1,1,0,0,0,0,0,0.643354,0.6387269,1.0072442541562,0.0071921523764521,0.0065354,0.0032897,0.0797781,0.5199634,0.0327295,0.0010104,0.0067288,0.0854156,0.0034564,0.5123337,0.0303836,1,1,1,1,1,5,5,1,medium,ok
large_el,B_el5_beta1_phase0_rho1,0,21,pair_el_local_covfit,pair_el_local_covfit,1,1,1,0,0,0,0,0,0.6345289,0.635882,0.99787208947572,-0.00213244818321123,0.0061843,0.0040272,0.0836619,0.5097477,0.030682,0.0001845,0.0061097,0.0821413,0.0035206,0.512223,0.0314986,1,1,1,1,1,5,5,1,medium,ok
large_el,B_el5_beta1_phase0_rho1,0,22,pair_el_local_covfit,pair_el_local_covfit,1,1,1,0,0,0,0,0,0.6397126,0.6339951,1.00901820850035,0.00893760729427551,0.0063377,0.0033273,0.0801904,0.5185885,0.0310056,0.0002176,0.006373,0.0780344,0.0035987,0.5119674,0.0336328,1,1,1,1,1,5,5,1,medium,ok
large_el,B_el5_beta1_phase0_rho1,0,23,pair_el_local_covfit,pair_el_local_covfit,1,1,1,0,0,0,0,0,0.6555486,0.6357298,1.03117487964226,0.0302323885673771,0.0065007,0.0034769,0.0806209,0.5335188,0.0311597,0.0002246,0.0064721,0.08229,0.0037179,0.5118554,0.0309686,1,1,1,1,1,5,5,1,medium,ok
large_el,B_el5_beta1_phase0_rho1,0,24,pair_el_local_covfit,pair_el_local_covfit,1,1,1,0,0,0,0,0,0.6346762,0.6284798,1.00985934631471,0.00976308864268105,0.0063798,0.0034788,0.0791499,0.5151681,0.0302744,0.0001844,0.0067413,0.0783755,0.0035498,0.5077402,0.0316532,1,1,1,1,1,5,5,1,medium,ok
large_el,B_el5_beta1_phase0_rho1,0,25,pair_el_local_covfit,pair_el_local_covfit,1,1,1,0,0,0,0,0,0.6404293,0.6429884,0.996019990407292,-0.00399591336623728,0.0066358,0.0036616,0.0816433,0.5178205,0.0304394,0.0001855,0.0065399,0.0802626,0.003378,0.5221182,0.0302414,1,1,1,1,1,5,5,1,medium,ok
large_el,B_el5_beta1_phase0_rho1,0,26,pair_el_local_covfit,pair_el_local_covfit,1,1,1,0,0,0,0,0,0.6295006,0.6272628,1.00356756370695,0.00355488144093896,0.0065032,0.0036635,0.0799117,0.5096671,0.0295157,0.0001951,0.0065199,0.0802176,0.0035374,0.506749,0.0298874,1,1,1,1,1,5,5,1,medium,ok
large_el,B_el5_beta1_phase0_rho1,0,27,pair_el_local_covfit,pair_el_local_covfit,1,1,1,0,0,0,0,0,0.6398867,0.6331136,1.01069808009179,0.0105848425979161,0.0069026,0.0034524,0.0822749,0.516066,0.0309306,0.0002172,0.0060574,0.0815046,0.0035748,0.5124874,0.0290882,1,1,1,1,1,5,5,1,medium,ok
large_el,B_el5_beta1_phase0_rho1,0,28,pair_el_local_covfit,pair_el_local_covfit,1,1,1,0,0,0,0,0,0.6451588,0.6278575,1.02755609354033,0.0268171185140775,0.006497,0.0041187,0.0905602,0.5137479,0.0300033,0.000189,0.0062174,0.0807071,0.003453,0.5074025,0.0297036,1,1,1,1,1,5,5,1,medium,ok
large_el,B_el5_beta1_phase0_rho1,0,29,pair_el_local_covfit,pair_el_local_covfit,1,1,1,0,0,0,0,0,0.6382599,0.6524422,0.978262748792154,-0.0222202585498477,0.0061292,0.0035635,0.080688,0.5175965,0.0300585,0.0001857,0.006248,0.0831366,0.0042762,0.5280179,0.0303702,1,1,1,1,1,5,5,1,medium,ok
large_el,B_el5_beta1_phase0_rho1,0,30,pair_el_local_covfit,pair_el_local_covfit,1,1,1,0,0,0,0,0,0.644489,0.6333394,1.01760446294672,0.0172999073684733,0.0068164,0.0039096,0.0812162,0.5222544,0.0300339,0.0002166,0.0066145,0.0795741,0.0036569,0.5132929,0.0298204,1,1,1,1,1,5,5,1,medium,ok
large_el,B_el5_beta1_phase0_rho1,8,1,pair_el_local_covfit,pair_el_local_covfit,1,1,1,0,0,0,0,0,0.659031,0.6477028,1.01748981168524,0.0171891762299498,0.0072957,0.0036402,0.0948937,0.5219002,0.0310346,0.0002222,0.006673,0.0809105,0.0031066,0.5248544,0.0317852,1,1,1,1,1,5,5,1,medium,ok
large_el,B_el5_beta1_phase0_rho1,8,2,pair_el_local_covfit,pair_el_local_covfit,1,1,1,0,0,0,0,0,0.6325017,0.6452373,0.980262145415338,-0.0201352818498355,0.0062974,0.0040977,0.0816684,0.5103772,0.0297824,0.000233,0.0063694,0.0813542,0.0036598,0.5233571,0.0300977,1,1,1,1,1,5,5,1,medium,ok
large_el,B_el5_beta1_phase0_rho1,8,3,pair_el_local_covfit,pair_el_local_covfit,1,1,1,0,0,0,0,0,0.6315323,0.628548,1.00474792696819,0.00472549068353278,0.006206,0.0034242,0.0803121,0.512586,0.0287743,0.0001842,0.0064186,0.0796758,0.0036326,0.5070821,0.0313722,1,1,1,1,1,5,5,1,medium,ok
large_el,B_el5_beta1_phase0_rho1,8,4,pair_el_local_covfit,pair_el_local_covfit,1,1,1,0,0,0,0,0,0.6337628,0.6418962,0.987329103989087,-0.0128335080569577,0.0067645,0.0034981,0.0785925,0.5145147,0.0301671,0.0001827,0.0062549,0.0793536,0.0036652,0.5239289,0.0283538,1,1,1,1,1,5,5,1,medium,ok
large_el,B_el5_beta1_phase0_rho1,8,5,pair_el_local_covfit,pair_el_local_covfit,1,1,1,0,0,0,0,0,0.6444583,0.6427775,1.00261490173505,0.00260808185727457,0.0065173,0.0035405,0.0837564,0.5193407,0.0310289,0.0002295,0.0065554,0.0824948,0.0030529,0.5210506,0.0292349,1,1,1,1,1,5,5,1,medium,ok
large_el,B_el5_beta1_phase0_rho1,8,6,pair_el_local_covfit,pair_el_local_covfit,1,1,1,0,0,0,0,0,0.6397499,0.6339723,1.00911333192318,0.0090310291568626,0.0061515,0.0037751,0.0803434,0.5164055,0.0327714,0.000255,0.0065665,0.085258,0.0032132,0.5076287,0.0309272,1,1,1,1,1,5,5,1,medium,ok
large_el,B_el5_beta1_phase0_rho1,8,7,pair_el_local_covfit,pair_el_local_covfit,1,1,1,0,0,0,0,0,0.6310605,0.6548511,0.963670214496089,-0.0376993964920955,0.0062133,0.0039267,0.0779245,0.5098037,0.0329666,0.0001853,0.0068941,0.0886917,0.0036267,0.5224461,0.0328184,1,1,1,1,1,5,5,1,medium,ok
large_el,B_el5_beta1_phase0_rho1,8,8,pair_el_local_covfit,pair_el_local_covfit,1,1,1,0,0,0,0,0,0.6604719,0.6573132,1.00480547172946,0.00478248961083727,0.0065751,0.0041284,0.0906094,0.5270407,0.0318538,0.0002197,0.0070468,0.0873837,0.0031767,0.5284701,0.0308132,1,1,1,1,1,5,5,1,medium,ok
large_el,B_el5_beta1_phase0_rho1,8,9,pair_el_local_covfit,pair_el_local_covfit,1,1,1,0,0,0,0,0,0.6331082,0.643641,0.983635598105155,-0.0166366507336344,0.0065296,0.0034829,0.0815063,0.5111793,0.030152,0.0002152,0.0063848,0.0850816,0.0040233,0.5153122,0.0324508,1,1,1,1,1,5,5,1,medium,ok
large_el,B_el5_beta1_phase0_rho1,8,10,pair_el_local_covfit,pair_el_local_covfit,1,1,1,0,0,0,0,0,0.6259262,0.645165,0.970180031464819,-0.0307365309200989,0.0064016,0.0036859,0.0786303,0.5059747,0.0309666,0.000221,0.0069526,0.0792767,0.0031179,0.5256385,0.0297581,1,1,1,1,1,5,5,1,medium,ok
large_el,B_el5_beta1_phase0_rho1,8,11,pair_el_local_covfit,pair_el_local_covfit,1,1,1,0,0,0,0,0,0.6390901,0.6343504,1.00747173801735,0.0074163251785625,0.0065881,0.0033242,0.0800903,0.5182363,0.0305505,0.0002592,0.0065877,0.0798018,0.0036859,0.5131384,0.0307562,1,1,1,1,1,5,5,1,medium,ok
large_el,B_el5_beta1_phase0_rho1,8,12,pair_el_local_covfit,pair_el_local_covfit,1,1,1,0,0,0,0,0,0.6523032,0.6286698,1.03759270765034,0.0362306976265026,0.0064046,0.0034014,0.0786033,0.5332382,0.0303815,0.0002317,0.0062127,0.0802035,0.0036532,0.5073665,0.0308337,1,1,1,1,1,5,5,1,medium,ok
large_el,B_el5_beta1_phase0_rho1,8,13,pair_el_local_covfit,pair_el_local_covfit,1,1,1,0,0,0,0,0,0.6390253,0.6323326,1.01058414511604,0.0104732942498521,0.0060515,0.0033444,0.082755,0.5173319,0.0293189,0.0001833,0.0069124,0.0814591,0.0031106,0.5101887,0.0302689,1,1,1,1,1,5,5,1,medium,ok
large_el,B_el5_beta1_phase0_rho1,8,14,pair_el_local_covfit,pair_el_local_covfit,1,1,1,0,0,0,0,0,0.6353392,0.6431589,0.987841729314482,-0.0123079136310178,0.0062357,0.0038792,0.0796139,0.5147169,0.0306276,0.0002234,0.0063704,0.080456,0.0034258,0.520128,0.0323492,1,1,1,1,1,5,5,1,medium,ok
large_el,B_el5_beta1_phase0_rho1,8,15,pair_el_local_covfit,pair_el_local_covfit,1,1,1,0,0,0,0,0,0.6359435,0.6426221,0.989607266852478,-0.0105018763459332,0.0063374,0.0039189,0.0804899,0.5158622,0.0290812,0.0002121,0.0064883,0.0807369,0.0037945,0.5164452,0.0347812,1,1,1,1,1,5,5,1,medium,ok
large_el,B_el5_beta1_phase0_rho1,8,16,pair_el_local_covfit,pair_el_local_covfit,1,1,1,0,0,0,0,0,0.6413538,0.6470232,0.991237717596525,-0.0088397386902519,0.0063703,0.0033786,0.0804498,0.5200155,0.0308543,0.0002259,0.0068864,0.0876453,0.0037117,0.517608,0.0307811,1,1,1,1,1,5,5,1,medium,ok
large_el,B_el5_beta1_phase0_rho1,8,17,pair_el_local_covfit,pair_el_local_covfit,1,1,1,0,0,0,0,0,0.6320786,0.6350019,0.995396391727332,-0.00462489949825851,0.0062805,0.0037608,0.0786301,0.5124877,0.0306937,0.0001848,0.0064216,0.081873,0.0031869,0.5127508,0.0304182,1,1,1,1,1,5,5,1,medium,ok
large_el,B_el5_beta1_phase0_rho1,8,18,pair_el_local_covfit,pair_el_local_covfit,1,1,1,0,0,0,0,0,0.640692,0.6409581,0.999584840257109,-0.000415332172088778,0.0061878,0.0034874,0.0846275,0.5140166,0.0319909,0.0003291,0.0069478,0.0816725,0.0037397,0.5187488,0.029388,1,1,1,1,1,5,5,1,medium,ok
large_el,B_el5_beta1_phase0_rho1,8,19,pair_el_local_covfit,pair_el_local_covfit,1,1,1,0,0,0,0,0,0.6338635,0.6395538,0.991102703165864,-0.0089771693747942,0.0057153,0.0038566,0.0778292,0.5154691,0.0307289,0.0002209,0.0060249,0.0820927,0.0037117,0.5155995,0.0316925,1,1,1,1,1,5,5,1,medium,ok
large_el,B_el5_beta1_phase0_rho1,8,20,pair_el_local_covfit,pair_el_local_covfit,1,1,1,0,0,0,0,0,0.6300656,0.6254092,1.00744536537038,0.00739034157713103,0.0065626,0.0038952,0.0802388,0.5085552,0.0305354,0.0002344,0.0061421,0.0817241,0.0035557,0.5032931,0.0303114,1,1,1,1,1,5,5,1,medium,ok
large_el,B_el5_beta1_phase0_rho1,8,21,pair_el_local_covfit,pair_el_local_covfit,1,1,1,0,0,0,0,0,0.6402615,0.64299,0.995756543647646,-0.0042615400113859,0.0069626,0.0043767,0.0813238,0.516492,0.0308362,0.0002254,0.0064838,0.0813229,0.0036989,0.5204671,0.0306529,1,1,1,1,1,5,5,1,medium,ok
large_el,B_el5_beta1_phase0_rho1,8,22,pair_el_local_covfit,pair_el_local_covfit,1,1,1,0,0,0,0,0,0.6423885,0.6500391,0.988230554131282,-0.0119096154429912,0.0063434,0.0035938,0.0842365,0.5173887,0.0305496,0.0002311,0.0063009,0.0826986,0.0033877,0.5258934,0.031396,1,1,1,1,1,5,5,1,medium,ok
large_el,B_el5_beta1_phase0_rho1,8,23,pair_el_local_covfit,pair_el_local_covfit,1,1,1,0,0,0,0,0,0.6356105,0.6324328,1.00502456545581,0.00499944541507724,0.0065442,0.0037103,0.0801684,0.5121524,0.0327649,0.0002258,0.0062614,0.0793286,0.0033322,0.5128736,0.0302812,1,1,1,1,1,5,5,1,medium,ok
large_el,B_el5_beta1_phase0_rho1,8,24,pair_el_local_covfit,pair_el_local_covfit,1,1,1,0,0,0,0,0,0.6302296,0.6344925,0.99328140206543,-0.00676404281868082,0.0063639,0.0036983,0.080931,0.5080581,0.0309469,0.0001905,0.0073305,0.0874562,0.003814,0.5059478,0.0295709,1,1,1,1,1,5,5,1,medium,ok
large_el,B_el5_beta1_phase0_rho1,8,25,pair_el_local_covfit,pair_el_local_covfit,1,1,1,0,0,0,0,0,0.6371031,0.6384526,0.997886295709345,-0.00211818149998022,0.0063496,0.0039789,0.0855982,0.5137515,0.0271039,0.0002658,0.0064444,0.0826572,0.0037119,0.5145755,0.0306576,1,1,1,1,1,5,5,1,medium,ok
large_el,B_el5_beta1_phase0_rho1,8,26,pair_el_local_covfit,pair_el_local_covfit,1,1,1,0,0,0,0,0,0.6351923,0.6360847,0.998597042186363,-0.00140492886957211,0.0061636,0.0030082,0.0814935,0.5135772,0.0307052,0.0002019,0.0060093,0.0798869,0.0031374,0.5131036,0.0335526,1,1,1,1,1,5,5,1,medium,ok
large_el,B_el5_beta1_phase0_rho1,8,27,pair_el_local_covfit,pair_el_local_covfit,1,1,1,0,0,0,0,0,0.6354479,0.6211382,1.02303786822321,0.0225190767016462,0.0069514,0.0037324,0.0852643,0.5095441,0.0296879,0.0002256,0.0065317,0.0812167,0.0032022,0.5002864,0.029557,1,1,1,1,1,5,5,1,medium,ok
large_el,B_el5_beta1_phase0_rho1,8,28,pair_el_local_covfit,pair_el_local_covfit,1,1,1,0,0,0,0,0,0.6286955,0.6323094,0.994284601810443,-0.00574825173712878,0.006471,0.003491,0.0804856,0.5071253,0.0308588,0.0002202,0.0065194,0.079552,0.0035022,0.5121858,0.0301361,1,1,1,1,1,5,5,1,medium,ok
large_el,B_el5_beta1_phase0_rho1,8,29,pair_el_local_covfit,pair_el_local_covfit,1,1,1,0,0,0,0,0,0.6327578,0.6323408,1.00065945452199,0.000659019928320181,0.0065508,0.0034213,0.0802243,0.5088769,0.0334114,0.0002247,0.006602,0.0800835,0.0035536,0.5116178,0.0301019,1,1,1,1,1,5,5,1,medium,ok
large_el,B_el5_beta1_phase0_rho1,8,30,pair_el_local_covfit,pair_el_local_covfit,1,1,1,0,0,0,0,0,0.6361074,0.6476866,0.98212221775161,-0.0182032153689771,0.0061369,0.0037183,0.081405,0.5120892,0.0325282,0.0001876,0.0064576,0.0813957,0.0034068,0.5268115,0.0292274,1,1,1,1,1,5,5,1,medium,ok
large_el,B_el5_beta1_phase0_rho1,16,1,pair_el_local_covfit,pair_el_local_covfit,1,1,1,0,0,0,0,0,0.7162619,0.6865501,1.04327695822927,0.0414817540902287,0.0067231,0.0039821,0.0993767,0.5709506,0.0349412,0.0002386,0.0068646,0.0932431,0.003954,0.5507439,0.0313532,1,1,1,1,1,5,5,1,medium,ok
large_el,B_el5_beta1_phase0_rho1,16,2,pair_el_local_covfit,pair_el_local_covfit,1,1,1,0,0,0,0,0,0.6301532,0.6351198,0.992180057998507,-0.00788157546450607,0.0062828,0.0039614,0.0804109,0.5088013,0.03034,0.0003122,0.0063345,0.0793403,0.0036627,0.5132293,0.0321634,1,1,1,1,1,5,5,1,medium,ok
large_el,B_el5_beta1_phase0_rho1,16,3,pair_el_local_covfit,pair_el_local_covfit,1,1,1,0,0,0,0,0,0.6409419,0.6368063,1.00649428248433,0.00645237891297157,0.0061988,0.0031241,0.080231,0.5177528,0.0332807,0.0003121,0.0064385,0.081233,0.0030152,0.5169294,0.0287679,1,1,1,1,1,5,5,1,medium,ok
large_el,B_el5_beta1_phase0_rho1,16,4,pair_el_local_covfit,pair_el_local_covfit,1,1,1,0,0,0,0,0,0.6421647,0.6377728,1.0068863081022,0.00683921118678743,0.0066414,0.0041665,0.0804594,0.5200247,0.030645,0.0001896,0.0069536,0.0814202,0.0031024,0.5150531,0.0309135,1,1,1,1,1,5,5,1,medium,ok
large_el,B_el5_beta1_phase0_rho1,16,5,pair_el_local_covfit,pair_el_local_covfit,1,1,1,0,0,0,0,0,0.6313641,0.6269659,1.00701505456676,0.00696618638912161,0.0064169,0.0043602,0.0836724,0.5060678,0.0305742,0.0002299,0.0064263,0.0807059,0.003358,0.5062603,0.0298408,1,1,1,1,1,5,5,1,medium,ok
large_el,B_el5_beta1_phase0_rho1,16,6,pair_el_local_covfit,pair_el_local_covfit,1,1,1,0,0,0,0,0,0.6257562,0.6360981,0.983741658715849,-0.0165270435994083,0.0071795,0.0034356,0.0792485,0.5032134,0.0323604,0.0002693,0.0063529,0.0802965,0.0033069,0.5144759,0.0312863,1,1,1,1,1,5,5,1,medium,ok
large_el,B_el5_beta1_phase0_rho1,16,7,pair_el_local_covfit,pair_el_local_covfit,1,1,1,0,0,0,0,0,0.6367545,0.6312945,1.0086488952462,0.00857473327632552,0.006499,0.0034279,0.0831266,0.5127519,0.0306277,0.0002735,0.0061791,0.0797556,0.0033407,0.5100911,0.0315143,1,1,1,1,1,5,5,1,medium,ok
large_el,B_el5_beta1_phase0_rho1,16,8,pair_el_local_covfit,pair_el_local_covfit,1,1,1,0,0,0,0,0,0.6296778,0.6305993,0.99853869168583,-0.00146344686123601,0.0061882,0.0035392,0.0833279,0.5074672,0.0288574,0.0002417,0.0062516,0.0801585,0.0030347,0.5102826,0.0304538,1,1,1,1,1,5,5,1,medium,ok
large_el,B_el5_beta1_phase0_rho1,16,9,pair_el_local_covfit,pair_el_local_covfit,1,1,1,0,0,0,0,0,0.6486049,0.6339668,1.02308969491778,0.0225685929908948,0.0064065,0.0034139,0.0817494,0.525294,0.0314328,0.0002594,0.0065507,0.0812417,0.0036875,0.5118661,0.0302445,1,1,1,1,1,5,5,1,medium,ok
large_el,B_el5_beta1_phase0_rho1,16,10,pair_el_local_covfit,pair_el_local_covfit,1,1,1,0,0,0,0,0,0.6406202,0.6392367,1.00216430001594,0.00215962593748997,0.0066156,0.0039983,0.0810499,0.5165434,0.0321495,0.0002199,0.0060861,0.0821035,0.0035644,0.5168227,0.0302978,1,1,1,1,1,5,5,1,medium,ok
large_el,B_el5_beta1_phase0_rho1,16,11,pair_el_local_covfit,pair_el_local_covfit,1,1,1,0,0,0,0,0,0.6361446,0.6412573,0.992027069321472,-0.00803700919570804,0.0060754,0.0034385,0.0803237,0.5145418,0.0315023,0.00022,0.0061763,0.0853914,0.003802,0.5145525,0.0309521,1,1,1,1,1,5,5,1,medium,ok
large_el,B_el5_beta1_phase0_rho1,16,12,pair_el_local_covfit,pair_el_local_covfit,1,1,1,0,0,0,0,0,0.6416192,0.6319775,1.01525639757745,0.0150271375918924,0.0064079,0.0035192,0.0877699,0.5136407,0.0289326,0.0013063,0.006107,0.0809224,0.00298,0.5120149,0.0295551,1,1,1,1,1,5,5,1,medium,ok
large_el,B_el5_beta1_phase0_rho1,16,13,pair_el_local_covfit,pair_el_local_covfit,1,1,1,0,0,0,0,0,0.6401599,0.6421136,0.996957391963042,-0.00305189375341985,0.0063586,0.0032735,0.0825338,0.517932,0.0298284,0.0001919,0.0064564,0.0847619,0.0038763,0.513278,0.0332677,1,1,1,1,1,5,5,1,medium,ok
large_el,B_el5_beta1_phase0_rho1,16,14,pair_el_local_covfit,pair_el_local_covfit,1,1,1,0,0,0,0,0,0.6479697,0.6351114,1.02024573956632,0.0198439834455222,0.007186,0.0038457,0.0880475,0.5176946,0.0309729,0.0001831,0.006736,0.0798599,0.0034612,0.513759,0.0309288,1,1,1,1,1,5,5,1,medium,ok
large_el,B_el5_beta1_phase0_rho1,16,15,pair_el_local_covfit,pair_el_local_covfit,1,1,1,0,0,0,0,0,0.6412307,0.6492066,0.987714388609112,-0.0124384250473346,0.0067971,0.0038392,0.0784888,0.5219455,0.0299266,0.00019,0.0061273,0.0802203,0.0032242,0.5292691,0.029996,1,1,1,1,1,5,5,1,medium,ok
large_el,B_el5_beta1_phase0_rho1,16,16,pair_el_local_covfit,pair_el_local_covfit,1,1,1,0,0,0,0,0,0.637318,0.6383208,0.998429003096875,-0.00157346881776443,0.0064395,0.0034088,0.0809887,0.5128851,0.0333603,0.0001922,0.0066028,0.0865806,0.0033493,0.5103392,0.0311042,1,1,1,1,1,5,5,1,medium,ok
large_el,B_el5_beta1_phase0_rho1,16,17,pair_el_local_covfit,pair_el_local_covfit,1,1,1,0,0,0,0,0,0.6359683,0.6264558,1.0151846307433,0.0149575065298067,0.006639,0.0035626,0.0808372,0.5150318,0.0295879,0.0002658,0.006526,0.079298,0.0035972,0.5054885,0.031168,1,1,1,1,1,5,5,1,medium,ok
large_el,B_el5_beta1_phase0_rho1,16,18,pair_el_local_covfit,pair_el_local_covfit,1,1,1,0,0,0,0,0,0.6449633,0.6435996,1.00211886396449,0.00211438387269469,0.0066276,0.0038414,0.0797669,0.5235565,0.0308719,0.0002508,0.0061947,0.0801287,0.0029827,0.5224114,0.0314572,1,1,1,1,1,5,5,1,medium,ok
large_el,B_el5_beta1_phase0_rho1,16,19,pair_el_local_covfit,pair_el_local_covfit,1,1,1,0,0,0,0,0,0.632793,0.6404178,0.988094022371021,-0.0120494379678662,0.0064443,0.0034167,0.0818522,0.5102036,0.030603,0.0002236,0.006578,0.0812302,0.0036079,0.5189487,0.0296793,1,1,1,1,1,5,5,1,medium,ok
large_el,B_el5_beta1_phase0_rho1,16,20,pair_el_local_covfit,pair_el_local_covfit,1,1,1,0,0,0,0,0,0.6389214,0.6321887,1.01064982654704,0.0105376029038938,0.0065817,0.003641,0.0796593,0.518854,0.0299091,0.0002305,0.0068994,0.0800094,0.0037748,0.5110511,0.0300949,1,1,1,1,1,5,5,1,medium,ok
large_el,B_el5_beta1_phase0_rho1,16,21,pair_el_local_covfit,pair_el_local_covfit,1,1,1,0,0,0,0,0,0.6413599,0.6435473,0.99660102683983,-0.00341056558104125,0.0061233,0.0036414,0.0799757,0.520413,0.0309322,0.0002277,0.0062126,0.0796235,0.0033399,0.5248236,0.0291142,1,1,1,1,1,5,5,1,medium,ok
large_el,B_el5_beta1_phase0_rho1,16,22,pair_el_local_covfit,pair_el_local_covfit,1,1,1,0,0,0,0,0,0.6332575,0.6372514,0.993732614789077,-0.00630691306459052,0.0064589,0.003524,0.0835197,0.508194,0.0313337,0.000187,0.0068209,0.0808119,0.0032108,0.5155255,0.0304879,1,1,1,1,1,5,5,1,medium,ok
large_el,B_el5_beta1_phase0_rho1,16,23,pair_el_local_covfit,pair_el_local_covfit,1,1,1,0,0,0,0,0,0.6333218,0.6415332,0.98720035065995,-0.0129656045315352,0.0064441,0.0041486,0.082236,0.5112948,0.0288841,0.0002692,0.0070043,0.0805825,0.0037023,0.5193314,0.0305406,1,1,1,1,1,5,5,1,medium,ok
large_el,B_el5_beta1_phase0_rho1,16,24,pair_el_local_covfit,pair_el_local_covfit,1,1,1,0,0,0,0,0,0.6653177,0.6535342,1.01803042595169,0.0177110875000019,0.0068598,0.0037455,0.0817786,0.5399981,0.0327022,0.0001887,0.0066499,0.0857268,0.0035614,0.522767,0.0344227,1,1,1,1,1,5,5,1,medium,ok
large_el,B_el5_beta1_phase0_rho1,16,25,pair_el_local_covfit,pair_el_local_covfit,1,1,1,0,0,0,0,0,0.6524006,0.6435668,1.01372631403609,0.0135404535188962,0.0066587,0.0044367,0.0872227,0.5229336,0.0308463,0.0002616,0.0064602,0.0831399,0.0034027,0.5190328,0.0311165,1,1,1,1,1,5,5,1,medium,ok
large_el,B_el5_beta1_phase0_rho1,16,26,pair_el_local_covfit,pair_el_local_covfit,1,1,1,0,0,0,0,0,0.6423145,0.6273362,1.02387603329762,0.0233192618257878,0.0059895,0.0032167,0.0829694,0.5184518,0.0314482,0.0001962,0.0065588,0.0811416,0.0037688,0.5047807,0.0306843,1,1,1,1,1,5,5,1,medium,ok
large_el,B_el5_beta1_phase0_rho1,16,27,pair_el_local_covfit,pair_el_local_covfit,1,1,1,0,0,0,0,0,0.6235835,0.6297413,0.990221698973848,-0.00987486038357321,0.0061849,0.0038698,0.0792703,0.5044755,0.0295423,0.0002013,0.0061503,0.0789594,0.0035888,0.5105748,0.0300697,1,1,1,1,1,5,5,1,medium,ok
large_el,B_el5_beta1_phase0_rho1,16,28,pair_el_local_covfit,pair_el_local_covfit,1,1,1,0,0,0,0,0,0.6338261,0.6431916,0.985439020036953,-0.0147761349682507,0.0070957,0.0034131,0.0821369,0.5106512,0.0302681,0.0002165,0.0070825,0.088777,0.0037506,0.5112655,0.0319101,1,1,1,1,1,5,5,1,medium,ok
large_el,B_el5_beta1_phase0_rho1,16,29,pair_el_local_covfit,pair_el_local_covfit,1,1,1,0,0,0,0,0,0.6365885,0.6348585,1.00272501667694,0.00271761114126312,0.0068005,0.0039437,0.0813594,0.5135184,0.0306927,0.0002283,0.0067656,0.0822312,0.0036278,0.5119774,0.0298944,1,1,1,1,1,5,5,1,medium,ok
large_el,B_el5_beta1_phase0_rho1,16,30,pair_el_local_covfit,pair_el_local_covfit,1,1,1,0,0,0,0,0,0.623751,0.6283898,0.992617957834453,-0.00743694198486256,0.0062205,0.0034191,0.0810285,0.5041866,0.0286698,0.0001855,0.0061856,0.0805689,0.0036253,0.5048011,0.0328254,1,1,1,1,1,5,5,1,medium,ok
large_el,C_el5_beta05_phase0_rho1,0,1,pair_el_local_covfit,pair_el_local_covfit,1,1,1,0,0,0,0,0,0.677506,0.6516777,1.03963354891536,0.0381226144122709,0.0072621,0.0040684,0.101113,0.5339384,0.0308263,0.0002479,0.006604,0.084727,0.0037505,0.5262747,0.0299079,1,1,1,1,1,5,5,1,medium,ok
large_el,C_el5_beta05_phase0_rho1,0,2,pair_el_local_covfit,pair_el_local_covfit,1,1,1,0,0,0,0,0,0.6512902,0.6243748,1.04310776155604,0.0413262782090074,0.0066233,0.0038939,0.0841928,0.5251209,0.0312158,0.0002029,0.0063737,0.0813083,0.0035652,0.5023732,0.0303646,1,1,1,1,1,5,5,1,medium,ok
large_el,C_el5_beta05_phase0_rho1,0,3,pair_el_local_covfit,pair_el_local_covfit,1,1,1,0,0,0,0,0,0.6384526,0.6329137,1.00875143009229,0.00867550699926667,0.0067058,0.0034122,0.0794859,0.5163922,0.0321865,0.0002258,0.0062763,0.0802904,0.0035923,0.5132139,0.0291484,1,1,1,1,1,5,5,1,medium,ok
large_el,C_el5_beta05_phase0_rho1,0,4,pair_el_local_covfit,pair_el_local_covfit,1,1,1,0,0,0,0,0,0.6347836,0.6304096,1.00693834611656,0.0068905371846405,0.0064259,0.003926,0.0816485,0.5113488,0.0311931,0.0001999,0.0063211,0.0825705,0.0036156,0.5081636,0.0293371,1,1,1,1,1,5,5,1,medium,ok
large_el,C_el5_beta05_phase0_rho1,0,5,pair_el_local_covfit,pair_el_local_covfit,1,1,1,0,0,0,0,0,0.6352476,0.644802,0.985182428094206,-0.0150404346273798,0.0064232,0.0032922,0.0801215,0.5148575,0.0303068,0.0001989,0.0061913,0.0811101,0.0034269,0.5236389,0.0300115,1,1,1,1,1,5,5,1,medium,ok
large_el,C_el5_beta05_phase0_rho1,0,6,pair_el_local_covfit,pair_el_local_covfit,1,1,1,0,0,0,0,0,0.6251807,0.6271024,0.99693558819102,-0.00307383129389627,0.0060391,0.0033137,0.0809348,0.5034438,0.0311778,0.0002266,0.006111,0.0798652,0.0034865,0.5063141,0.0309521,1,1,1,1,1,5,5,1,medium,ok
large_el,C_el5_beta05_phase0_rho1,0,7,pair_el_local_covfit,pair_el_local_covfit,1,1,1,0,0,0,0,0,0.6298877,0.6463157,0.974582081171786,-0.0260808394893248,0.0064322,0.0038679,0.0799524,0.5080534,0.0313461,0.0001929,0.0068015,0.0905575,0.0039634,0.5154351,0.0291987,1,1,1,1,1,5,5,1,medium,ok
large_el,C_el5_beta05_phase0_rho1,0,8,pair_el_local_covfit,pair_el_local_covfit,1,1,1,0,0,0,0,0,0.6425418,0.6440119,0.997717278205574,-0.00228794453528147,0.0071544,0.0032639,0.0822596,0.5189405,0.0305711,0.0002973,0.0062854,0.0810802,0.0033001,0.523106,0.0298134,1,1,1,1,1,5,5,1,medium,ok
large_el,C_el5_beta05_phase0_rho1,0,9,pair_el_local_covfit,pair_el_local_covfit,1,1,1,0,0,0,0,0,0.6420195,0.6386732,1.0052394557968,0.00521214698307437,0.0067842,0.003479,0.0803636,0.5228123,0.0282853,0.0002536,0.0064365,0.0807105,0.0033992,0.5172424,0.0304904,1,1,1,1,1,5,5,1,medium,ok
large_el,C_el5_beta05_phase0_rho1,0,10,pair_el_local_covfit,pair_el_local_covfit,1,1,1,0,0,0,0,0,0.6440888,0.6430162,1.00166807616978,0.00166529832532403,0.0064226,0.0033791,0.0812496,0.522838,0.0299428,0.0002121,0.0067078,0.085242,0.0039068,0.5158178,0.0309714,1,1,1,1,1,5,5,1,medium,ok
large_el,C_el5_beta05_phase0_rho1,0,11,pair_el_local_covfit,pair_el_local_covfit,1,1,1,0,0,0,0,0,0.6325621,0.6223001,1.01649043604525,0.016222913133746,0.0070534,0.0039031,0.0802593,0.5108246,0.0302552,0.0002235,0.0066484,0.0801057,0.0032401,0.5017884,0.0301455,1,1,1,1,1,5,5,1,medium,ok
large_el,C_el5_beta05_phase0_rho1,0,12,pair_el_local_covfit,pair_el_local_covfit,1,1,1,0,0,0,0,0,0.6319617,0.621392,1.0170097136751,0.0167252224304097,0.0062222,0.0031979,0.0810422,0.5113972,0.0298456,0.0002121,0.0064071,0.077793,0.003184,0.5039605,0.0296489,1,1,1,1,1,5,5,1,medium,ok
large_el,C_el5_beta05_phase0_rho1,0,13,pair_el_local_covfit,pair_el_local_covfit,1,1,1,0,0,0,0,0,0.6395653,0.6382593,1.00204619031795,0.00204201197281972,0.0063727,0.0040238,0.0806647,0.5169927,0.0312401,0.000222,0.0061347,0.0832351,0.0035954,0.5133561,0.0315296,1,1,1,1,1,5,5,1,medium,ok
large_el,C_el5_beta05_phase0_rho1,0,14,pair_el_local_covfit,pair_el_local_covfit,1,1,1,0,0,0,0,0,0.6399351,0.6227605,1.02757817812787,0.0268380340443897,0.0064433,0.003786,0.0807321,0.5173881,0.0312945,0.0002423,0.0060902,0.0788903,0.0032403,0.5040027,0.0301376,1,1,1,1,1,5,5,1,medium,ok
large_el,C_el5_beta05_phase0_rho1,0,15,pair_el_local_covfit,pair_el_local_covfit,1,1,1,0,0,0,0,0,0.6250061,0.6337934,0.986135387335999,-0.0140595427788623,0.0068008,0.0038305,0.0804148,0.5048971,0.028829,0.0001937,0.0062288,0.0782043,0.0039967,0.5139397,0.0310622,1,1,1,1,1,5,5,1,medium,ok
large_el,C_el5_beta05_phase0_rho1,0,16,pair_el_local_covfit,pair_el_local_covfit,1,1,1,0,0,0,0,0,0.6335483,0.6478029,0.977995467448509,-0.0224996263110484,0.0063348,0.0030686,0.0826335,0.5105805,0.0307079,0.0001825,0.0063068,0.0826551,0.0033924,0.524136,0.0309383,1,1,1,1,1,5,5,1,medium,ok
large_el,C_el5_beta05_phase0_rho1,0,17,pair_el_local_covfit,pair_el_local_covfit,1,1,1,0,0,0,0,0,0.6568592,0.6934364,0.947252264230721,-0.055684993070052,0.0061189,0.003815,0.0806657,0.525242,0.0407744,0.0001998,0.006802,0.0912124,0.0032947,0.5569725,0.0347518,1,1,1,1,1,5,5,1,medium,ok
large_el,C_el5_beta05_phase0_rho1,0,18,pair_el_local_covfit,pair_el_local_covfit,1,1,1,0,0,0,0,0,0.6614038,0.6326348,1.04547489325595,0.0434968773992528,0.0069968,0.0041274,0.0898265,0.5296861,0.0305337,0.0001884,0.0064094,0.0807686,0.0033541,0.512098,0.0296331,1,1,1,1,1,5,5,1,medium,ok
large_el,C_el5_beta05_phase0_rho1,0,19,pair_el_local_covfit,pair_el_local_covfit,1,1,1,0,0,0,0,0,0.6398185,0.6326367,1.01135217100114,0.0112247457677449,0.0062613,0.0041111,0.083537,0.5145653,0.0310779,0.000222,0.0065905,0.08037,0.0038462,0.5094297,0.0320525,1,1,1,1,1,5,5,1,medium,ok
large_el,C_el5_beta05_phase0_rho1,0,20,pair_el_local_covfit,pair_el_local_covfit,1,1,1,0,0,0,0,0,0.6337612,0.6283016,1.00868945741981,0.00861460120941449,0.0063884,0.0039435,0.0802485,0.51004,0.0328496,0.0002446,0.0062958,0.0825197,0.0037467,0.506154,0.0291826,1,1,1,1,1,5,5,1,medium,ok
large_el,C_el5_beta05_phase0_rho1,0,21,pair_el_local_covfit,pair_el_local_covfit,1,1,1,0,0,0,0,0,0.6307832,0.6599577,0.955793378878677,-0.0462512318019883,0.0062523,0.0038121,0.0802446,0.506612,0.0335928,0.0002247,0.0068657,0.0810937,0.0031074,0.5232446,0.0452273,1,1,1,1,1,5,5,1,medium,ok
large_el,C_el5_beta05_phase0_rho1,0,22,pair_el_local_covfit,pair_el_local_covfit,1,1,1,0,0,0,0,0,0.6264399,0.642373,0.975196497984816,-0.0254343632964629,0.0062775,0.0036739,0.0805631,0.5051625,0.0304609,0.0002543,0.0065982,0.0825033,0.0041998,0.5182852,0.0303599,1,1,1,1,1,5,5,1,medium,ok
large_el,C_el5_beta05_phase0_rho1,0,23,pair_el_local_covfit,pair_el_local_covfit,1,1,1,0,0,0,0,0,0.6437404,0.6389552,1.00748910095731,0.00743343124029505,0.0068555,0.0039125,0.0831737,0.518126,0.0314294,0.0002007,0.005829,0.0788039,0.0034118,0.5190409,0.0314941,1,1,1,1,1,5,5,1,medium,ok
large_el,C_el5_beta05_phase0_rho1,0,24,pair_el_local_covfit,pair_el_local_covfit,1,1,1,0,0,0,0,0,0.6302528,0.6317979,0.997554439481359,-0.00245155594707414,0.006409,0.0035991,0.0797676,0.5090525,0.0311598,0.0002203,0.0064809,0.0811018,0.0036099,0.5109619,0.0292827,1,1,1,1,1,5,5,1,medium,ok
large_el,C_el5_beta05_phase0_rho1,0,25,pair_el_local_covfit,pair_el_local_covfit,1,1,1,0,0,0,0,0,0.6368012,0.6325762,1.00667903724484,0.00663472367828444,0.0062675,0.0034724,0.0808431,0.5149937,0.0309523,0.000227,0.0065595,0.078808,0.0033793,0.5131063,0.0303322,1,1,1,1,1,5,5,1,medium,ok
large_el,C_el5_beta05_phase0_rho1,0,26,pair_el_local_covfit,pair_el_local_covfit,1,1,1,0,0,0,0,0,0.6342153,0.6310818,1.00496528342285,0.00494075119285209,0.0064637,0.0040729,0.0862461,0.5060188,0.0311412,0.0002271,0.0061906,0.0788097,0.0031415,0.5127944,0.0297584,1,1,1,1,1,5,5,1,medium,ok
large_el,C_el5_beta05_phase0_rho1,0,27,pair_el_local_covfit,pair_el_local_covfit,1,1,1,0,0,0,0,0,0.6332076,0.6345778,0.997840769090882,-0.0021639032759555,0.0059074,0.0030372,0.0831084,0.5098761,0.0310206,0.0002158,0.006429,0.0810738,0.0031467,0.5128779,0.0307025,1,1,1,1,1,5,5,1,medium,ok
large_el,C_el5_beta05_phase0_rho1,0,28,pair_el_local_covfit,pair_el_local_covfit,1,1,1,0,0,0,0,0,0.6319902,0.6333685,0.997823857675271,-0.00218088824795082,0.0062943,0.0034179,0.0822258,0.5090004,0.0307921,0.0002156,0.0069611,0.0823753,0.0032444,0.5116362,0.0287676,1,1,1,1,1,5,5,1,medium,ok
large_el,C_el5_beta05_phase0_rho1,0,29,pair_el_local_covfit,pair_el_local_covfit,1,1,1,0,0,0,0,0,0.6473002,0.6408124,1.01012433592109,0.0100228611083389,0.0064899,0.0035048,0.0811242,0.5257345,0.0302145,0.0001891,0.0065653,0.082315,0.0030972,0.5167922,0.0316819,1,1,1,1,1,5,5,1,medium,ok
large_el,C_el5_beta05_phase0_rho1,0,30,pair_el_local_covfit,pair_el_local_covfit,1,1,1,0,0,0,0,0,0.6396847,0.6434843,0.99409527163289,-0.00593980128022453,0.0065472,0.0033489,0.0831384,0.5154963,0.0308254,0.0002859,0.0065103,0.0816591,0.0039074,0.5207563,0.0302287,1,1,1,1,1,5,5,1,medium,ok
large_el,C_el5_beta05_phase0_rho1,8,1,pair_el_local_covfit,pair_el_local_covfit,1,1,1,0,0,0,0,0,0.6641602,0.6587111,1.00827236705135,0.00820449644528531,0.0065656,0.003807,0.0954691,0.5274762,0.0305727,0.0002236,0.0069047,0.0840001,0.003888,0.5329399,0.0305581,1,1,1,1,1,5,5,1,medium,ok
large_el,C_el5_beta05_phase0_rho1,8,2,pair_el_local_covfit,pair_el_local_covfit,1,1,1,0,0,0,0,0,0.6300151,0.6423857,0.980742722012648,-0.0196354023895615,0.0063285,0.0033653,0.0813756,0.5081017,0.0305836,0.0002193,0.0062903,0.082404,0.0035176,0.5155861,0.0341943,1,1,1,1,1,5,5,1,medium,ok
large_el,C_el5_beta05_phase0_rho1,8,3,pair_el_local_covfit,pair_el_local_covfit,1,1,1,0,0,0,0,0,0.637802,0.6522159,0.97790010945762,-0.0225993333354237,0.006296,0.0039681,0.0817899,0.5142606,0.0312231,0.0002211,0.0062937,0.0820328,0.0035034,0.528382,0.0316008,1,1,1,1,1,5,5,1,medium,ok
large_el,C_el5_beta05_phase0_rho1,8,4,pair_el_local_covfit,pair_el_local_covfit,1,1,1,0,0,0,0,0,0.6409116,0.6249255,1.02558080923246,0.0249427534156037,0.0067657,0.0033704,0.080346,0.5198312,0.0303694,0.0001884,0.0068422,0.0789725,0.003747,0.5040192,0.0309726,1,1,1,1,1,5,5,1,medium,ok
large_el,C_el5_beta05_phase0_rho1,8,5,pair_el_local_covfit,pair_el_local_covfit,1,1,1,0,0,0,0,0,0.6515768,0.6463776,1.00804359557014,0.00797941240387923,0.0059157,0.0037201,0.0877382,0.5226138,0.0313034,0.0002397,0.0058821,0.080382,0.0030194,0.5266196,0.0301067,1,1,1,1,1,5,5,1,medium,ok
large_el,C_el5_beta05_phase0_rho1,8,6,pair_el_local_covfit,pair_el_local_covfit,1,1,1,0,0,0,0,0,0.6431235,0.6312819,1.01875802236687,0.0184126376971142,0.006331,0.0040974,0.0911983,0.5101849,0.03108,0.0001892,0.0066257,0.0810741,0.0032119,0.5091502,0.0308685,1,1,1,1,1,5,5,1,medium,ok
large_el,C_el5_beta05_phase0_rho1,8,7,pair_el_local_covfit,pair_el_local_covfit,1,1,1,0,0,0,0,0,0.6398779,0.641072,0.998137338707665,-0.00186613727400187,0.0067089,0.0044646,0.0784184,0.5159298,0.0340705,0.0002405,0.0068864,0.0846942,0.003392,0.5112192,0.0344546,1,1,1,1,1,5,5,1,medium,ok
large_el,C_el5_beta05_phase0_rho1,8,8,pair_el_local_covfit,pair_el_local_covfit,1,1,1,0,0,0,0,0,0.6303667,0.6398423,0.985190725902304,-0.0150318854089215,0.0065097,0.003603,0.0789342,0.5126433,0.0284049,0.0002279,0.007402,0.0811046,0.0032413,0.5165296,0.0311744,1,1,1,1,1,5,5,1,medium,ok
large_el,C_el5_beta05_phase0_rho1,8,9,pair_el_local_covfit,pair_el_local_covfit,1,1,1,0,0,0,0,0,0.644565,0.6474801,0.995497776688427,-0.00452258499918545,0.0070479,0.0036346,0.0826364,0.5194307,0.0315468,0.0002245,0.0066861,0.0929049,0.003982,0.5126899,0.0307594,1,1,1,1,1,5,5,1,medium,ok
large_el,C_el5_beta05_phase0_rho1,8,10,pair_el_local_covfit,pair_el_local_covfit,1,1,1,0,0,0,0,0,0.6468437,0.663838,0.974399928898316,-0.0262726528835329,0.0064362,0.0033883,0.0815088,0.52067,0.0344484,0.0003259,0.0073685,0.0927904,0.0037842,0.5275613,0.0318937,1,1,1,1,1,5,5,1,medium,ok
large_el,C_el5_beta05_phase0_rho1,8,11,pair_el_local_covfit,pair_el_local_covfit,1,1,1,0,0,0,0,0,0.6525656,0.6273879,1.04013099391939,0.0385826344508505,0.0063258,0.0039369,0.0828993,0.5290667,0.0301082,0.0001872,0.0062816,0.0811571,0.0037524,0.5074581,0.028361,1,1,1,1,1,5,5,1,medium,ok
large_el,C_el5_beta05_phase0_rho1,8,12,pair_el_local_covfit,pair_el_local_covfit,1,1,1,0,0,0,0,0,0.6536584,0.6329975,1.03263978135775,0.0316080998882596,0.0063502,0.0039686,0.0818314,0.5298499,0.0314258,0.0001909,0.0066443,0.0805375,0.003755,0.5117369,0.0299467,1,1,1,1,1,5,5,1,medium,ok
large_el,C_el5_beta05_phase0_rho1,8,13,pair_el_local_covfit,pair_el_local_covfit,1,1,1,0,0,0,0,0,0.6302809,0.6391815,0.986075003735246,-0.0141216400496984,0.006744,0.0038959,0.0810917,0.5080729,0.0302081,0.0002246,0.0067735,0.0815529,0.0031448,0.5171615,0.0301811,1,1,1,1,1,5,5,1,medium,ok
large_el,C_el5_beta05_phase0_rho1,8,14,pair_el_local_covfit,pair_el_local_covfit,1,1,1,0,0,0,0,0,0.6263906,0.6400005,0.978734547863635,-0.0217274971878569,0.0063129,0.0041276,0.078662,0.5052768,0.0317311,0.0002303,0.006655,0.0821131,0.0039445,0.5161787,0.0307231,1,1,1,1,1,5,5,1,medium,ok
large_el,C_el5_beta05_phase0_rho1,8,15,pair_el_local_covfit,pair_el_local_covfit,1,1,1,0,0,0,0,0,0.631058,0.6274008,1.00582912868457,0.00579534686193661,0.0062268,0.003448,0.0800761,0.5093151,0.0317653,0.0001866,0.0068402,0.0804514,0.0034151,0.5061102,0.0301993,1,1,1,1,1,5,5,1,medium,ok
large_el,C_el5_beta05_phase0_rho1,8,16,pair_el_local_covfit,pair_el_local_covfit,1,1,1,0,0,0,0,0,0.6414508,0.6452669,0.994086013090087,-0.00594917022474672,0.0066748,0.0034639,0.0818857,0.5190655,0.0301363,0.0001827,0.0063396,0.0788101,0.00387,0.5252095,0.0306702,1,1,1,1,1,5,5,1,medium,ok
large_el,C_el5_beta05_phase0_rho1,8,17,pair_el_local_covfit,pair_el_local_covfit,1,1,1,0,0,0,0,0,0.6316646,0.6277393,1.00625307352909,0.0062142155821302,0.0064531,0.0035278,0.0791234,0.512282,0.0300405,0.0001921,0.0064414,0.0812931,0.0037796,0.505031,0.0307569,1,1,1,1,1,5,5,1,medium,ok
large_el,C_el5_beta05_phase0_rho1,8,18,pair_el_local_covfit,pair_el_local_covfit,1,1,1,0,0,0,0,0,0.6358455,0.630426,1.00859656803495,0.00852329693298126,0.0063178,0.0039348,0.0818326,0.5117467,0.0317458,0.0002239,0.0063409,0.0821879,0.0035601,0.5074298,0.0304964,1,1,1,1,1,5,5,1,medium,ok
large_el,C_el5_beta05_phase0_rho1,8,19,pair_el_local_covfit,pair_el_local_covfit,1,1,1,0,0,0,0,0,0.6305959,0.6371157,0.989766693867378,-0.0103391094042951,0.0065075,0.0034536,0.0792177,0.5100435,0.03111,0.0002192,0.0063673,0.0804302,0.003839,0.5151471,0.0309644,1,1,1,1,1,5,5,1,medium,ok
large_el,C_el5_beta05_phase0_rho1,8,20,pair_el_local_covfit,pair_el_local_covfit,1,1,1,0,0,0,0,0,0.6319732,0.6394191,0.988355211785197,-0.0117819869576747,0.006158,0.003401,0.0815837,0.5101894,0.0304139,0.0001851,0.0066795,0.0823831,0.003415,0.5162146,0.0303501,1,1,1,1,1,5,5,1,medium,ok
large_el,C_el5_beta05_phase0_rho1,8,21,pair_el_local_covfit,pair_el_local_covfit,1,1,1,0,0,0,0,0,0.6447111,0.6474819,0.995720652577315,-0.00429773894074437,0.0067377,0.0034197,0.0827051,0.5190769,0.0324975,0.0002281,0.0067071,0.0897669,0.0030015,0.5171954,0.030454,1,1,1,1,1,5,5,1,medium,ok
large_el,C_el5_beta05_phase0_rho1,8,22,pair_el_local_covfit,pair_el_local_covfit,1,1,1,0,0,0,0,0,0.6468664,0.6374118,1.01483279725917,0.0146160010784298,0.006825,0.0034027,0.0866897,0.5188404,0.0308484,0.0002171,0.006219,0.0814949,0.0032418,0.5161563,0.0299428,1,1,1,1,1,5,5,1,medium,ok
large_el,C_el5_beta05_phase0_rho1,8,23,pair_el_local_covfit,pair_el_local_covfit,1,1,1,0,0,0,0,0,0.64376,0.6302789,1.02138910250684,0.0209411892630794,0.0065223,0.003309,0.0803622,0.5224541,0.0308511,0.0002183,0.006271,0.0792468,0.0036588,0.5095795,0.0310847,1,1,1,1,1,5,5,1,medium,ok
large_el,C_el5_beta05_phase0_rho1,8,24,pair_el_local_covfit,pair_el_local_covfit,1,1,1,0,0,0,0,0,0.6371852,0.6460621,0.986259989558279,-0.0139314284135914,0.0068485,0.0037694,0.0818982,0.5119259,0.0324677,0.0002294,0.0064807,0.0889518,0.0040349,0.5154176,0.0307958,1,1,1,1,1,5,5,1,medium,ok
large_el,C_el5_beta05_phase0_rho1,8,25,pair_el_local_covfit,pair_el_local_covfit,1,1,1,0,0,0,0,0,0.6202884,0.627984,0.987745547657265,-0.0124064870469931,0.006093,0.0033554,0.0808855,0.5002768,0.0294101,0.0002235,0.0061045,0.0799151,0.0036266,0.5076431,0.0303292,1,1,1,1,1,5,5,1,medium,ok
large_el,C_el5_beta05_phase0_rho1,8,26,pair_el_local_covfit,pair_el_local_covfit,1,1,1,0,0,0,0,0,0.6320754,0.6384736,0.98997891220561,-0.0101225265213611,0.006606,0.0034723,0.0804028,0.5105275,0.0308033,0.0002175,0.0064257,0.0796932,0.0032122,0.5167889,0.0319706,1,1,1,1,1,5,5,1,medium,ok
large_el,C_el5_beta05_phase0_rho1,8,27,pair_el_local_covfit,pair_el_local_covfit,1,1,1,0,0,0,0,0,0.6342725,0.6319807,1.00362637656498,0.00361327347472906,0.0066242,0.004182,0.0817583,0.5104347,0.0310075,0.0002211,0.0061727,0.0809373,0.0042298,0.5086281,0.031613,1,1,1,1,1,5,5,1,medium,ok
large_el,C_el5_beta05_phase0_rho1,8,28,pair_el_local_covfit,pair_el_local_covfit,1,1,1,0,0,0,0,0,0.63305,0.6442806,0.982568775157905,-0.0177404628386384,0.006266,0.0035006,0.0801724,0.5110882,0.0318018,0.0001787,0.0066273,0.0813244,0.0032742,0.5226927,0.0299918,1,1,1,1,1,5,5,1,medium,ok
large_el,C_el5_beta05_phase0_rho1,8,29,pair_el_local_covfit,pair_el_local_covfit,1,1,1,0,0,0,0,0,0.6339887,0.6370451,0.995202223516043,-0.00482090611394193,0.0064616,0.0039075,0.0798545,0.5132817,0.0302437,0.0001899,0.0062257,0.0796481,0.0037724,0.5164845,0.0305781,1,1,1,1,1,5,5,1,medium,ok
large_el,C_el5_beta05_phase0_rho1,8,30,pair_el_local_covfit,pair_el_local_covfit,1,1,1,0,0,0,0,0,0.6350756,0.6285602,1.01036559425812,0.0102592510246023,0.0062406,0.0035969,0.0827345,0.5116863,0.0305717,0.0002019,0.0063746,0.0817986,0.0038709,0.504724,0.031401,1,1,1,1,1,5,5,1,medium,ok
large_el,C_el5_beta05_phase0_rho1,16,1,pair_el_local_covfit,pair_el_local_covfit,1,1,1,0,0,0,0,0,0.6756626,0.6578905,1.02701376596865,0.0263032170198557,0.0090715,0.0051841,0.1034932,0.5261311,0.0315395,0.0001898,0.0057968,0.0850281,0.0031262,0.532034,0.031534,1,1,1,1,1,5,5,1,medium,ok
large_el,C_el5_beta05_phase0_rho1,16,2,pair_el_local_covfit,pair_el_local_covfit,1,1,1,0,0,0,0,0,0.6337043,0.6268916,1.01086742907386,0.0107505977156854,0.0065237,0.0040391,0.0796276,0.5122153,0.0310678,0.0001872,0.0062391,0.0782775,0.0038397,0.5087703,0.0294094,1,1,1,1,1,5,5,1,medium,ok
large_el,C_el5_beta05_phase0_rho1,16,3,pair_el_local_covfit,pair_el_local_covfit,1,1,1,0,0,0,0,0,0.6312938,0.6657226,0.948283564355484,-0.0545368891631757,0.0065564,0.0038416,0.0811465,0.5097324,0.0297577,0.0002172,0.0066202,0.0826045,0.0031212,0.5391023,0.0338821,1,1,1,1,1,5,5,1,medium,ok
large_el,C_el5_beta05_phase0_rho1,16,4,pair_el_local_covfit,pair_el_local_covfit,1,1,1,0,0,0,0,0,0.673346,0.6535365,1.03031123739837,0.0294194960688858,0.0064734,0.0039985,0.0863953,0.5411516,0.0350458,0.000236,0.0065717,0.0866879,0.0040914,0.5269273,0.0288801,1,1,1,1,1,5,5,1,medium,ok
large_el,C_el5_beta05_phase0_rho1,16,5,pair_el_local_covfit,pair_el_local_covfit,1,1,1,0,0,0,0,0,0.6361159,0.6309403,1.00820299479998,0.00813625315763988,0.0062918,0.003335,0.0826307,0.5141403,0.0294556,0.0002186,0.00651,0.0796806,0.0034848,0.5094298,0.0314691,1,1,1,1,1,5,5,1,medium,ok
large_el,C_el5_beta05_phase0_rho1,16,6,pair_el_local_covfit,pair_el_local_covfit,1,1,1,0,0,0,0,0,0.6308687,0.6473516,0.974537948156767,-0.0261273066804553,0.0064496,0.0032727,0.0826273,0.5076958,0.0305626,0.000218,0.007546,0.0825729,0.0030511,0.5216114,0.0322043,1,1,1,1,1,5,5,1,medium,ok
large_el,C_el5_beta05_phase0_rho1,16,7,pair_el_local_covfit,pair_el_local_covfit,1,1,1,0,0,0,0,0,0.631207,0.634547,0.994736402504464,-0.00529144955616778,0.0063993,0.0034836,0.0790406,0.5115989,0.0304154,0.0002237,0.0064389,0.0799875,0.00315,0.5137049,0.0308436,1,1,1,1,1,5,5,1,medium,ok
large_el,C_el5_beta05_phase0_rho1,16,8,pair_el_local_covfit,pair_el_local_covfit,1,1,1,0,0,0,0,0,0.6408465,0.6152712,1.04156752339456,0.0399086208631864,0.006295,0.0042472,0.081719,0.5176656,0.0306522,0.0002221,0.0060503,0.0787512,0.0031764,0.4999454,0.0269694,1,1,1,1,1,5,5,1,medium,ok
large_el,C_el5_beta05_phase0_rho1,16,9,pair_el_local_covfit,pair_el_local_covfit,1,1,1,0,0,0,0,0,0.6439379,0.6394268,1.00705491230583,0.00700548919391142,0.0064874,0.0040605,0.0842172,0.5191992,0.0296947,0.0002325,0.0061639,0.0810135,0.003407,0.5177161,0.0307556,1,1,1,1,1,5,5,1,medium,ok
large_el,C_el5_beta05_phase0_rho1,16,10,pair_el_local_covfit,pair_el_local_covfit,1,1,1,0,0,0,0,0,0.6477542,0.6304412,1.02746172045862,0.0267277309819063,0.0069804,0.0038223,0.0900043,0.5170131,0.0296699,0.0002178,0.0061518,0.0814358,0.0037799,0.5086955,0.0300082,1,1,1,1,1,5,5,1,medium,ok
large_el,C_el5_beta05_phase0_rho1,16,11,pair_el_local_covfit,pair_el_local_covfit,1,1,1,0,0,0,0,0,0.654104,0.6400774,1.02191391228623,0.0214439905580764,0.0064151,0.0035192,0.0981733,0.5121967,0.0335221,0.0002325,0.0069603,0.0913008,0.003313,0.5077443,0.0303621,1,1,1,1,1,5,5,1,medium,ok
large_el,C_el5_beta05_phase0_rho1,16,12,pair_el_local_covfit,pair_el_local_covfit,1,1,1,0,0,0,0,0,0.6368625,0.6335567,1.00521784395935,0.00519075938683788,0.0061388,0.0034079,0.0796054,0.5163322,0.0311559,0.0001836,0.0064584,0.0808099,0.0035317,0.5125449,0.0298326,1,1,1,1,1,5,5,1,medium,ok
large_el,C_el5_beta05_phase0_rho1,16,13,pair_el_local_covfit,pair_el_local_covfit,1,1,1,0,0,0,0,0,0.6452665,0.644461,1.00124988168407,0.00124832142998288,0.0062427,0.0040613,0.0811764,0.5212444,0.0322606,0.000224,0.0062507,0.0822155,0.0037989,0.5199302,0.0318612,1,1,1,1,1,5,5,1,medium,ok
large_el,C_el5_beta05_phase0_rho1,16,14,pair_el_local_covfit,pair_el_local_covfit,1,1,1,0,0,0,0,0,0.6311391,0.628869,1.0036098138086,0.0035968299222785,0.006389,0.0034219,0.0812324,0.5106967,0.0291712,0.0001871,0.0064376,0.0805768,0.0036006,0.5071727,0.0307255,1,1,1,1,1,5,5,1,medium,ok
large_el,C_el5_beta05_phase0_rho1,16,15,pair_el_local_covfit,pair_el_local_covfit,1,1,1,0,0,0,0,0,0.6339282,0.6570433,0.964819517983061,-0.0364632777024274,0.0067663,0.0032544,0.0806516,0.5131953,0.0298007,0.0002163,0.0066325,0.0809867,0.0032102,0.5336748,0.0321682,1,1,1,1,1,5,5,1,medium,ok
large_el,C_el5_beta05_phase0_rho1,16,16,pair_el_local_covfit,pair_el_local_covfit,1,1,1,0,0,0,0,0,0.6567885,0.6368263,1.03134638126597,0.030393650315132,0.0070332,0.0039716,0.084363,0.5314507,0.0296961,0.0002287,0.0064804,0.0805996,0.0033967,0.5150928,0.0308884,1,1,1,1,1,5,5,1,medium,ok
large_el,C_el5_beta05_phase0_rho1,16,17,pair_el_local_covfit,pair_el_local_covfit,1,1,1,0,0,0,0,0,0.6371877,0.6265343,1.01700369796195,0.0167194062283375,0.0062588,0.0036178,0.081094,0.5155012,0.0304417,0.0002278,0.006255,0.080377,0.0033929,0.5054907,0.0306473,1,1,1,1,1,5,5,1,medium,ok
large_el,C_el5_beta05_phase0_rho1,16,18,pair_el_local_covfit,pair_el_local_covfit,1,1,1,0,0,0,0,0,0.6494397,0.6409169,1.01329782378964,0.0131233122951984,0.0063003,0.0036347,0.095934,0.5120663,0.0312512,0.0002107,0.0066428,0.0798732,0.0040258,0.5194282,0.0305762,1,1,1,1,1,5,5,1,medium,ok
large_el,C_el5_beta05_phase0_rho1,16,19,pair_el_local_covfit,pair_el_local_covfit,1,1,1,0,0,0,0,0,0.6428237,0.6326809,1.01603146230588,0.015778509722028,0.0066855,0.0034256,0.0831538,0.5180362,0.0312484,0.0002276,0.0061881,0.0835184,0.003497,0.5081396,0.0309009,1,1,1,1,1,5,5,1,medium,ok
large_el,C_el5_beta05_phase0_rho1,16,20,pair_el_local_covfit,pair_el_local_covfit,1,1,1,0,0,0,0,0,0.6356419,0.6336785,1.0030984166261,0.00308884609400351,0.0058868,0.0038644,0.0816494,0.5116545,0.0323545,0.0001897,0.0060781,0.0795784,0.0032536,0.5133033,0.0311008,1,1,1,1,1,5,5,1,medium,ok
large_el,C_el5_beta05_phase0_rho1,16,21,pair_el_local_covfit,pair_el_local_covfit,1,1,1,0,0,0,0,0,0.6373457,0.6257743,1.01849133145928,0.0181556100558927,0.006376,0.0044614,0.0820573,0.5126076,0.0315755,0.0002231,0.0069621,0.0826517,0.0041459,0.4998896,0.0317049,1,1,1,1,1,5,5,1,medium,ok
large_el,C_el5_beta05_phase0_rho1,16,22,pair_el_local_covfit,pair_el_local_covfit,1,1,1,0,0,0,0,0,0.6426666,0.6313413,1.01793847479961,0.0176223565998295,0.0065621,0.0040801,0.082647,0.5198079,0.0293028,0.0002154,0.0064605,0.0822207,0.0033299,0.5087667,0.0301695,1,1,1,1,1,5,5,1,medium,ok
large_el,C_el5_beta05_phase0_rho1,16,23,pair_el_local_covfit,pair_el_local_covfit,1,1,1,0,0,0,0,0,0.6282054,0.640794,0.98035468496896,-0.0200389872484381,0.0070537,0.0041522,0.0813235,0.506895,0.0285076,0.0002292,0.0065883,0.081516,0.0034322,0.5183327,0.0305142,1,1,1,1,1,5,5,1,medium,ok
large_el,C_el5_beta05_phase0_rho1,16,24,pair_el_local_covfit,pair_el_local_covfit,1,1,1,0,0,0,0,0,0.6383389,0.6413748,0.99526657424021,-0.00475593763751503,0.0062449,0.0039508,0.0793406,0.516809,0.0317572,0.0001897,0.00632,0.0821624,0.0047085,0.5164276,0.0313713,1,1,1,1,1,5,5,1,medium,ok
large_el,C_el5_beta05_phase0_rho1,16,25,pair_el_local_covfit,pair_el_local_covfit,1,1,1,0,0,0,0,0,0.6344886,0.6316945,1.00442318240858,0.00440370402242041,0.0070197,0.0037368,0.0814137,0.5097084,0.0323696,0.0001962,0.0067048,0.0840327,0.0035715,0.5069099,0.0300825,1,1,1,1,1,5,5,1,medium,ok
large_el,C_el5_beta05_phase0_rho1,16,26,pair_el_local_covfit,pair_el_local_covfit,1,1,1,0,0,0,0,0,0.6371079,0.6493447,0.981155155343533,-0.0192067937000939,0.006351,0.003929,0.0809476,0.5159545,0.02966,0.000221,0.0066872,0.0817218,0.0031224,0.5246519,0.0328048,1,1,1,1,1,5,5,1,medium,ok
large_el,C_el5_beta05_phase0_rho1,16,27,pair_el_local_covfit,pair_el_local_covfit,1,1,1,0,0,0,0,0,0.6802322,0.639849,1.06311364087464,0.0593667868119151,0.0068489,0.0051442,0.0936185,0.5380968,0.0361295,0.0003423,0.007002,0.0883377,0.0039806,0.5107676,0.0293576,1,1,1,1,1,5,5,1,medium,ok
large_el,C_el5_beta05_phase0_rho1,16,28,pair_el_local_covfit,pair_el_local_covfit,1,1,1,0,0,0,0,0,0.6465881,0.6525399,0.990879025175319,-0.00920493278487489,0.0061309,0.0035302,0.0826057,0.5202991,0.0337366,0.0002366,0.0071941,0.0965537,0.0035819,0.5144011,0.0304423,1,1,1,1,1,5,5,1,medium,ok
large_el,C_el5_beta05_phase0_rho1,16,29,pair_el_local_covfit,pair_el_local_covfit,1,1,1,0,0,0,0,0,0.6330776,0.6357462,0.995802412975492,-0.00421528103347835,0.0061938,0.0038328,0.0773597,0.5148847,0.0305013,0.0002519,0.0061626,0.0794169,0.0032888,0.5146953,0.0317319,1,1,1,1,1,5,5,1,medium,ok
large_el,C_el5_beta05_phase0_rho1,16,30,pair_el_local_covfit,pair_el_local_covfit,1,1,1,0,0,0,0,0,0.6311368,0.6338735,0.995682577044158,-0.00433614392315573,0.0064484,0.0038668,0.084184,0.5062133,0.0301536,0.0002262,0.0062787,0.0779934,0.00392,0.5127294,0.0325358,1,1,1,1,1,5,5,1,medium,ok
large_el,D_el5_beta1_phase180_rho1,0,1,pair_el_local_covfit,pair_el_local_covfit,1,1,1,0,0,0,0,0,0.6824084,0.659471,1.03478151427432,0.0336124232937344,0.0114186,0.0072843,0.1016078,0.5329662,0.0288613,0.0002198,0.0069679,0.084284,0.0042163,0.5314701,0.0320289,1,1,1,1,1,5,5,1,medium,ok
large_el,D_el5_beta1_phase180_rho1,0,2,pair_el_local_covfit,pair_el_local_covfit,1,1,1,0,0,0,0,0,0.6283866,0.6232516,1.00823904824312,0.00817172103924557,0.0068643,0.0040828,0.0792131,0.5077404,0.0302216,0.0002209,0.006088,0.0796897,0.00337,0.5046212,0.0291145,1,1,1,1,1,5,5,1,medium,ok
large_el,D_el5_beta1_phase180_rho1,0,3,pair_el_local_covfit,pair_el_local_covfit,1,1,1,0,0,0,0,0,0.6609615,0.6380776,1.03586381969842,0.0346221375980295,0.0064292,0.0041493,0.0802579,0.5378559,0.0319971,0.0002278,0.0071018,0.0839349,0.0035478,0.5120008,0.0310398,1,1,1,1,1,5,5,1,medium,ok
large_el,D_el5_beta1_phase180_rho1,0,4,pair_el_local_covfit,pair_el_local_covfit,1,1,1,0,0,0,0,0,0.6635175,0.6458353,1.0273788069497,0.0266491840833135,0.0067389,0.0036443,0.0820266,0.5340039,0.0368171,0.0002402,0.0066006,0.0880267,0.0034394,0.5180109,0.0293275,1,1,1,1,1,5,5,1,medium,ok
large_el,D_el5_beta1_phase180_rho1,0,5,pair_el_local_covfit,pair_el_local_covfit,1,1,1,0,0,0,0,0,0.6410809,0.6318053,1.01468110508095,0.0144686887411557,0.0062844,0.0042948,0.0787272,0.5194415,0.0320131,0.0002681,0.0065138,0.0788187,0.0035728,0.5117146,0.0308199,1,1,1,1,1,5,5,1,medium,ok
large_el,D_el5_beta1_phase180_rho1,0,6,pair_el_local_covfit,pair_el_local_covfit,1,1,1,0,0,0,0,0,0.6402874,0.6527352,0.980929785922377,-0.0194409572951146,0.0063152,0.0035486,0.0795082,0.5186437,0.032044,0.0001885,0.0062512,0.0800565,0.0035198,0.5287024,0.0336883,1,1,1,1,1,5,5,1,medium,ok
large_el,D_el5_beta1_phase180_rho1,0,7,pair_el_local_covfit,pair_el_local_covfit,1,1,1,0,0,0,0,0,0.6512624,0.648963,1.00354319121429,0.00353068133520384,0.0066934,0.0040653,0.0816542,0.5244913,0.0341035,0.0002063,0.0066077,0.0895606,0.0035805,0.5196633,0.0291497,1,1,1,1,1,5,5,1,medium,ok
large_el,D_el5_beta1_phase180_rho1,0,8,pair_el_local_covfit,pair_el_local_covfit,1,1,1,0,0,0,0,0,0.6367133,0.623878,1.02057341339172,0.0201586805238716,0.0064638,0.0036212,0.079108,0.5154453,0.0318065,0.0002243,0.0061019,0.0772443,0.0036966,0.5060063,0.0304167,1,1,1,1,1,5,5,1,medium,ok
large_el,D_el5_beta1_phase180_rho1,0,9,pair_el_local_covfit,pair_el_local_covfit,1,1,1,0,0,0,0,0,0.6335353,0.6313267,1.00349834721072,0.00348615144254794,0.0063934,0.0040289,0.080479,0.5120138,0.0303445,0.0002343,0.0062788,0.0800519,0.0035234,0.5101784,0.0309265,1,1,1,1,1,5,5,1,medium,ok
large_el,D_el5_beta1_phase180_rho1,0,10,pair_el_local_covfit,pair_el_local_covfit,1,1,1,0,0,0,0,0,0.6298921,0.6459234,0.975180803172636,-0.0254508669024427,0.0063553,0.003548,0.0855704,0.5046369,0.0295538,0.0001863,0.0062105,0.0808787,0.0033073,0.524433,0.0307488,1,1,1,1,1,5,5,1,medium,ok
large_el,D_el5_beta1_phase180_rho1,0,11,pair_el_local_covfit,pair_el_local_covfit,1,1,1,0,0,0,0,0,0.6353497,0.6266226,1.0139272027533,0.0137359000877784,0.0061723,0.0041177,0.0801765,0.5165994,0.0280244,0.0002165,0.0062988,0.0804678,0.0041537,0.5038546,0.0314472,1,1,1,1,1,5,5,1,medium,ok
large_el,D_el5_beta1_phase180_rho1,0,12,pair_el_local_covfit,pair_el_local_covfit,1,1,1,0,0,0,0,0,0.6247221,0.6419185,0.973210929424841,-0.0275264793737888,0.0067471,0.0040538,0.0808578,0.5018565,0.0309464,0.0002175,0.0064278,0.0833982,0.0035031,0.5015255,0.0467045,1,1,1,1,1,5,5,1,medium,ok
large_el,D_el5_beta1_phase180_rho1,0,13,pair_el_local_covfit,pair_el_local_covfit,1,1,1,0,0,0,0,0,0.6418251,0.6297241,1.01921635205005,0.0188540460633279,0.0059907,0.0036505,0.085125,0.5182464,0.0285411,0.0002278,0.0061886,0.0800162,0.0042731,0.5089103,0.029982,1,1,1,1,1,5,5,1,medium,ok
large_el,D_el5_beta1_phase180_rho1,0,14,pair_el_local_covfit,pair_el_local_covfit,1,1,1,0,0,0,0,0,0.6335901,0.6386879,0.992018323816687,-0.00804589591914384,0.0065603,0.0032949,0.0802304,0.5130756,0.0301667,0.0002184,0.0067956,0.0818152,0.0033892,0.5157819,0.0304984,1,1,1,1,1,5,5,1,medium,ok
large_el,D_el5_beta1_phase180_rho1,0,15,pair_el_local_covfit,pair_el_local_covfit,1,1,1,0,0,0,0,0,0.6344156,0.6614354,0.959149752190463,-0.0425900624133455,0.0066298,0.0035767,0.0809232,0.5130457,0.0300172,0.0001817,0.0068091,0.0861833,0.0041624,0.5334918,0.0304133,1,1,1,1,1,5,5,1,medium,ok
large_el,D_el5_beta1_phase180_rho1,0,16,pair_el_local_covfit,pair_el_local_covfit,1,1,1,0,0,0,0,0,0.6382622,0.6435726,0.991748561079201,-0.00832009164885528,0.0063799,0.0038763,0.0809046,0.5155582,0.0313196,0.000183,0.0062607,0.0836442,0.0037718,0.5173179,0.0322103,1,1,1,1,1,5,5,1,medium,ok
large_el,D_el5_beta1_phase180_rho1,0,17,pair_el_local_covfit,pair_el_local_covfit,1,1,1,0,0,0,0,0,0.6286153,0.6471142,0.971413237416209,-0.0294280142401879,0.0067304,0.0034345,0.0785786,0.5085186,0.0310842,0.0002259,0.0064446,0.0791135,0.0039375,0.5237485,0.0334668,1,1,1,1,1,5,5,1,medium,ok
large_el,D_el5_beta1_phase180_rho1,0,18,pair_el_local_covfit,pair_el_local_covfit,1,1,1,0,0,0,0,0,0.6298078,0.6356447,0.990817354411985,-0.0092677480336063,0.0069229,0.0041204,0.0818426,0.5053798,0.0312712,0.0002246,0.0062993,0.0830236,0.0032906,0.5116462,0.0310095,1,1,1,1,1,5,5,1,medium,ok
large_el,D_el5_beta1_phase180_rho1,0,19,pair_el_local_covfit,pair_el_local_covfit,1,1,1,0,0,0,0,0,0.6470091,0.6557426,0.986681511922514,-0.0134982645530024,0.006412,0.0033996,0.0849148,0.5216274,0.0303439,0.0002657,0.0065028,0.0822204,0.0031606,0.5264727,0.0369576,1,1,1,1,1,5,5,1,medium,ok
large_el,D_el5_beta1_phase180_rho1,0,20,pair_el_local_covfit,pair_el_local_covfit,1,1,1,0,0,0,0,0,0.6770786,0.6797121,0.996125565515164,-0.00388950411370281,0.0070321,0.0041868,0.090558,0.5413012,0.0337648,0.0001939,0.0064031,0.0862779,0.0038191,0.5522679,0.030588,1,1,1,1,1,5,5,1,medium,ok
large_el,D_el5_beta1_phase180_rho1,0,21,pair_el_local_covfit,pair_el_local_covfit,1,1,1,0,0,0,0,0,0.6347479,0.6324951,1.00356176672357,0.00354912556622877,0.0062244,0.003324,0.0875325,0.5061092,0.031275,0.0002369,0.0065411,0.0833281,0.0036843,0.5088303,0.0296815,1,1,1,1,1,5,5,1,medium,ok
large_el,D_el5_beta1_phase180_rho1,0,22,pair_el_local_covfit,pair_el_local_covfit,1,1,1,0,0,0,0,0,0.7007154,0.7058926,0.992665739802344,-0.00738844900511682,0.0068043,0.0042127,0.0896641,0.557171,0.0425484,0.000265,0.006765,0.0945952,0.0039106,0.5664012,0.0338136,1,1,1,1,1,5,5,1,medium,ok
large_el,D_el5_beta1_phase180_rho1,0,23,pair_el_local_covfit,pair_el_local_covfit,1,1,1,0,0,0,0,0,0.6229451,0.6325368,0.984836139177989,-0.0153973440035085,0.0065249,0.0038882,0.0782812,0.5061888,0.0278286,0.0001919,0.0064693,0.078865,0.0027784,0.5155626,0.0285209,1,1,1,1,1,5,5,1,medium,ok
large_el,D_el5_beta1_phase180_rho1,0,24,pair_el_local_covfit,pair_el_local_covfit,1,1,1,0,0,0,0,0,0.6381175,0.6248095,1.02129929202421,0.0208550933017821,0.0062969,0.0037263,0.0798219,0.5169694,0.0310237,0.0002349,0.0062811,0.0811303,0.0041624,0.502699,0.0300804,1,1,1,1,1,5,5,1,medium,ok
large_el,D_el5_beta1_phase180_rho1,0,25,pair_el_local_covfit,pair_el_local_covfit,1,1,1,0,0,0,0,0,0.6341001,0.6299539,1.00658175145832,0.00653871525962557,0.0061215,0.0035287,0.0799224,0.5140813,0.0301844,0.0002205,0.0062155,0.0791025,0.0034433,0.5101963,0.0306296,1,1,1,1,1,5,5,1,medium,ok
large_el,D_el5_beta1_phase180_rho1,0,26,pair_el_local_covfit,pair_el_local_covfit,1,1,1,0,0,0,0,0,0.6356177,0.6405047,0.992370079407692,-0.00768858387675508,0.006349,0.0035916,0.0793322,0.5144222,0.0316154,0.0002601,0.0062412,0.0813949,0.0035953,0.5187602,0.0301421,1,1,1,1,1,5,5,1,medium,ok
large_el,D_el5_beta1_phase180_rho1,0,27,pair_el_local_covfit,pair_el_local_covfit,1,1,1,0,0,0,0,0,0.6232731,0.6376609,0.977436596786788,-0.0230842627413248,0.0064236,0.0040834,0.0816101,0.4998133,0.0310264,0.0002269,0.0069618,0.0884383,0.0033036,0.5087051,0.029878,1,1,1,1,1,5,5,1,medium,ok
large_el,D_el5_beta1_phase180_rho1,0,28,pair_el_local_covfit,pair_el_local_covfit,1,1,1,0,0,0,0,0,0.6401573,0.6344396,1.00901220541719,0.00893171100290513,0.0068911,0.0040747,0.0825606,0.5143996,0.0319366,0.0002449,0.0060917,0.0800602,0.0032367,0.513965,0.0307172,1,1,1,1,1,5,5,1,medium,ok
large_el,D_el5_beta1_phase180_rho1,0,29,pair_el_local_covfit,pair_el_local_covfit,1,1,1,0,0,0,0,0,0.6415576,0.6337607,1.01230259307654,0.0121530786947267,0.0065468,0.0036476,0.0794754,0.522307,0.0293101,0.0002264,0.0064059,0.0786923,0.003544,0.5131754,0.0315377,1,1,1,1,1,5,5,1,medium,ok
large_el,D_el5_beta1_phase180_rho1,0,30,pair_el_local_covfit,pair_el_local_covfit,1,1,1,0,0,0,0,0,0.6479347,0.6309696,1.02688734924789,0.0261833484145856,0.0067345,0.004199,0.0946599,0.5110943,0.0309927,0.0002093,0.006316,0.0827498,0.003528,0.5078025,0.0302058,1,1,1,1,1,5,5,1,medium,ok
large_el,D_el5_beta1_phase180_rho1,8,1,pair_el_local_covfit,pair_el_local_covfit,1,1,1,0,0,0,0,0,0.6841324,0.691104,0.989912372088716,-0.0101904251282354,0.0073648,0.0043919,0.0945153,0.5429623,0.0346255,0.0002282,0.0071726,0.1041547,0.0039797,0.543597,0.0317661,1,1,1,1,1,5,5,1,medium,ok
large_el,D_el5_beta1_phase180_rho1,8,2,pair_el_local_covfit,pair_el_local_covfit,1,1,1,0,0,0,0,0,0.6633261,0.647351,1.02467764782938,0.0240833279438274,0.0067746,0.003626,0.0817388,0.5406052,0.0303202,0.0002159,0.0068323,0.0914918,0.0043915,0.5108267,0.0334269,1,1,1,1,1,5,5,1,medium,ok
large_el,D_el5_beta1_phase180_rho1,8,3,pair_el_local_covfit,pair_el_local_covfit,1,1,1,0,0,0,0,0,0.6376952,0.6344345,1.00513953765125,0.00511325786990402,0.0080287,0.0036313,0.0824633,0.5125156,0.0307761,0.0002311,0.0064236,0.0814554,0.0031919,0.5118063,0.0311749,1,1,1,1,1,5,5,1,medium,ok
large_el,D_el5_beta1_phase180_rho1,8,4,pair_el_local_covfit,pair_el_local_covfit,1,1,1,0,0,0,0,0,0.6657488,0.6544504,1.01726395155385,0.0169709656254732,0.0072862,0.0035991,0.087022,0.5367359,0.0308706,0.0001925,0.0066836,0.0952266,0.0036706,0.5180534,0.0304009,1,1,1,1,1,5,5,1,medium,ok
large_el,D_el5_beta1_phase180_rho1,8,5,pair_el_local_covfit,pair_el_local_covfit,1,1,1,0,0,0,0,0,0.6269912,0.6216128,1.00865233148352,0.00857811082515991,0.0065649,0.0039418,0.0831263,0.5038506,0.0292792,0.0001857,0.0063498,0.0801965,0.0034574,0.5009108,0.0303442,1,1,1,1,1,5,5,1,medium,ok
large_el,D_el5_beta1_phase180_rho1,8,6,pair_el_local_covfit,pair_el_local_covfit,1,1,1,0,0,0,0,0,0.6284636,0.6303866,0.996949490994891,-0.00305984308399077,0.0066436,0.0043537,0.0847422,0.5026887,0.0298025,0.0001917,0.0059206,0.0815507,0.0039423,0.5079475,0.0306709,1,1,1,1,1,5,5,1,medium,ok
large_el,D_el5_beta1_phase180_rho1,8,7,pair_el_local_covfit,pair_el_local_covfit,1,1,1,0,0,0,0,0,0.6309173,0.6393681,0.986782574857895,-0.013394465486998,0.0064701,0.0030216,0.078127,0.5122278,0.0307972,0.000231,0.0063847,0.0812475,0.0039181,0.5170317,0.0304276,1,1,1,1,1,5,5,1,medium,ok
large_el,D_el5_beta1_phase180_rho1,8,8,pair_el_local_covfit,pair_el_local_covfit,1,1,1,0,0,0,0,0,0.6299052,0.6320208,0.996652641811788,-0.00335860062752302,0.0062504,0.0039639,0.0801638,0.5082102,0.0310502,0.0002235,0.0062241,0.0814238,0.0033996,0.51047,0.0301226,1,1,1,1,1,5,5,1,medium,ok
large_el,D_el5_beta1_phase180_rho1,8,9,pair_el_local_covfit,pair_el_local_covfit,1,1,1,0,0,0,0,0,0.6339996,0.6382175,0.993391124499093,-0.00665284331409666,0.0061294,0.0045672,0.0806507,0.5108692,0.0315147,0.0002205,0.0065066,0.0798485,0.0035048,0.5181729,0.0298118,1,1,1,1,1,5,5,1,medium,ok
large_el,D_el5_beta1_phase180_rho1,8,10,pair_el_local_covfit,pair_el_local_covfit,1,1,1,0,0,0,0,0,0.6261613,0.6407848,0.977178765788452,-0.0233542060168841,0.0063571,0.0036196,0.0782074,0.5077678,0.0299832,0.0001854,0.0067412,0.0805122,0.0030947,0.5194479,0.0306457,1,1,1,1,1,5,5,1,medium,ok
large_el,D_el5_beta1_phase180_rho1,8,11,pair_el_local_covfit,pair_el_local_covfit,1,1,1,0,0,0,0,0,0.6226323,0.6232407,0.99902381214834,-0.00097714172554153,0.0063346,0.0032752,0.0788739,0.5022316,0.0316299,0.0002346,0.0062182,0.0821212,0.0033778,0.5027971,0.0283387,1,1,1,1,1,5,5,1,medium,ok
large_el,D_el5_beta1_phase180_rho1,8,12,pair_el_local_covfit,pair_el_local_covfit,1,1,1,0,0,0,0,0,0.6348195,0.6416184,0.989403514612424,-0.0107099734648983,0.0064431,0.0039458,0.0792563,0.5165397,0.0284141,0.000183,0.0061733,0.0796492,0.0034206,0.5169069,0.0351081,1,1,1,1,1,5,5,1,medium,ok
large_el,D_el5_beta1_phase180_rho1,8,13,pair_el_local_covfit,pair_el_local_covfit,1,1,1,0,0,0,0,0,0.6861989,0.6500234,1.05565261189059,0.0527186796714479,0.0070543,0.0038924,0.091909,0.5469624,0.0361447,0.0001918,0.0072654,0.0880475,0.0040567,0.51821,0.0320767,1,1,1,1,1,5,5,1,medium,ok
large_el,D_el5_beta1_phase180_rho1,8,14,pair_el_local_covfit,pair_el_local_covfit,1,1,1,0,0,0,0,0,0.6780878,0.6417148,1.05668094299835,0.0536405462537447,0.0070556,0.0043098,0.0891965,0.5462099,0.0310706,0.0002026,0.0072907,0.0878644,0.003699,0.5123269,0.0301036,1,1,1,1,1,5,5,1,medium,ok
large_el,D_el5_beta1_phase180_rho1,8,15,pair_el_local_covfit,pair_el_local_covfit,1,1,1,0,0,0,0,0,0.6320364,0.6291328,1.00461524180586,0.0045940392040712,0.0064657,0.0033936,0.0817823,0.510648,0.0295154,0.0001914,0.0064364,0.0806274,0.0035432,0.5068513,0.0312432,1,1,1,1,1,5,5,1,medium,ok
large_el,D_el5_beta1_phase180_rho1,8,16,pair_el_local_covfit,pair_el_local_covfit,1,1,1,0,0,0,0,0,0.6498898,0.6396244,1.01604910631927,0.0157956010388223,0.0069966,0.0036412,0.0806888,0.5276949,0.0305956,0.0002239,0.0060809,0.0780034,0.0033701,0.5197124,0.0320704,1,1,1,1,1,5,5,1,medium,ok
large_el,D_el5_beta1_phase180_rho1,8,17,pair_el_local_covfit,pair_el_local_covfit,1,1,1,0,0,0,0,0,0.6253728,0.6297345,0.993073747746074,-0.00697455981456185,0.0065187,0.0038871,0.0813178,0.5029025,0.03052,0.0001865,0.0068157,0.0800128,0.0032225,0.5089967,0.0303014,1,1,1,1,1,5,5,1,medium,ok
large_el,D_el5_beta1_phase180_rho1,8,18,pair_el_local_covfit,pair_el_local_covfit,1,1,1,0,0,0,0,0,0.6231611,0.6356173,0.980402987772674,-0.0199887316457976,0.0064444,0.0036337,0.0799949,0.5019049,0.0309222,0.0002197,0.0063133,0.0811828,0.0038493,0.513815,0.0300847,1,1,1,1,1,5,5,1,medium,ok
large_el,D_el5_beta1_phase180_rho1,8,19,pair_el_local_covfit,pair_el_local_covfit,1,1,1,0,0,0,0,0,0.6410418,0.6360479,1.00785145269719,0.00779028762242961,0.0067628,0.0034543,0.0806506,0.5164622,0.0334086,0.0002418,0.0066812,0.0813534,0.0031302,0.5130253,0.0315092,1,1,1,1,1,5,5,1,medium,ok
large_el,D_el5_beta1_phase180_rho1,8,20,pair_el_local_covfit,pair_el_local_covfit,1,1,1,0,0,0,0,0,0.6323218,0.6337951,0.99767543169709,-0.00232998451105093,0.0067033,0.0034097,0.0793631,0.5132848,0.0292979,0.0002193,0.0064745,0.0823132,0.0036557,0.5092299,0.0317319,1,1,1,1,1,5,5,1,medium,ok
large_el,D_el5_beta1_phase180_rho1,8,21,pair_el_local_covfit,pair_el_local_covfit,1,1,1,0,0,0,0,0,0.6247663,0.6424442,0.972483368983641,-0.0282952201487181,0.0066091,0.0033667,0.0798669,0.5055756,0.0290775,0.0002264,0.0060717,0.0804632,0.0038928,0.5206384,0.0309836,1,1,1,1,1,5,5,1,medium,ok
large_el,D_el5_beta1_phase180_rho1,8,22,pair_el_local_covfit,pair_el_local_covfit,1,1,1,0,0,0,0,0,0.6310599,0.6303836,1.00107283882385,0.00107168907420674,0.0064977,0.0032509,0.0803498,0.5113234,0.0293797,0.000216,0.0062375,0.0802278,0.0035382,0.5108852,0.0291117,1,1,1,1,1,5,5,1,medium,ok
large_el,D_el5_beta1_phase180_rho1,8,23,pair_el_local_covfit,pair_el_local_covfit,1,1,1,0,0,0,0,0,0.6373205,0.6322661,1.00799410248312,0.00793070362556969,0.0064551,0.0034674,0.0815101,0.5135205,0.0321005,0.0002231,0.006362,0.0805534,0.0032979,0.510749,0.0309425,1,1,1,1,1,5,5,1,medium,ok
large_el,D_el5_beta1_phase180_rho1,8,24,pair_el_local_covfit,pair_el_local_covfit,1,1,1,0,0,0,0,0,0.639804,0.6407327,0.998550565625884,-0.00145153828359934,0.006583,0.0037877,0.0793553,0.5196112,0.03014,0.0002736,0.0063891,0.0818055,0.0036615,0.5177507,0.0307307,1,1,1,1,1,5,5,1,medium,ok
large_el,D_el5_beta1_phase180_rho1,8,25,pair_el_local_covfit,pair_el_local_covfit,1,1,1,0,0,0,0,0,0.6278581,0.6244288,1.00549189915648,0.00546190293634818,0.0064062,0.0040007,0.0803615,0.5048475,0.0319727,0.0002247,0.0061557,0.0802333,0.0032475,0.5038261,0.0305743,1,1,1,1,1,5,5,1,medium,ok
large_el,D_el5_beta1_phase180_rho1,8,26,pair_el_local_covfit,pair_el_local_covfit,1,1,1,0,0,0,0,0,0.6403382,0.6336927,1.01048694422391,0.0103781095677252,0.0064691,0.0032868,0.0850892,0.5149527,0.0303199,0.0001804,0.0064849,0.0826165,0.0032309,0.5109613,0.0300229,1,1,1,1,1,5,5,1,medium,ok
large_el,D_el5_beta1_phase180_rho1,8,27,pair_el_local_covfit,pair_el_local_covfit,1,1,1,0,0,0,0,0,0.6310373,0.6467082,0.975768205815235,-0.0248335557977317,0.0067543,0.0043367,0.0792231,0.5091496,0.0313141,0.0002179,0.0061899,0.0786509,0.0038801,0.5280375,0.029601,1,1,1,1,1,5,5,1,medium,ok
large_el,D_el5_beta1_phase180_rho1,8,28,pair_el_local_covfit,pair_el_local_covfit,1,1,1,0,0,0,0,0,0.6247217,0.6352924,0.983360890197962,-0.0169206544290041,0.0061974,0.0033668,0.078598,0.5057741,0.0305567,0.0001876,0.0064319,0.0819482,0.0044154,0.5106694,0.0314437,1,1,1,1,1,5,5,1,medium,ok
large_el,D_el5_beta1_phase180_rho1,8,29,pair_el_local_covfit,pair_el_local_covfit,1,1,1,0,0,0,0,0,0.6433934,0.6264031,1.02712358862847,0.0264073271500764,0.0067228,0.0037637,0.0813106,0.5205125,0.0306958,0.0003377,0.0064873,0.0824659,0.0037962,0.50343,0.0298284,1,1,1,1,1,5,5,1,medium,ok
large_el,D_el5_beta1_phase180_rho1,8,30,pair_el_local_covfit,pair_el_local_covfit,1,1,1,0,0,0,0,0,0.6233176,0.6319382,0.986358476192767,-0.0138301886550292,0.0064351,0.0036571,0.0784335,0.5054423,0.0290333,0.0002673,0.0069608,0.0814271,0.0034732,0.5089514,0.0307052,1,1,1,1,1,5,5,1,medium,ok
large_el,D_el5_beta1_phase180_rho1,16,1,pair_el_local_covfit,pair_el_local_covfit,1,1,1,0,0,0,0,0,0.6548488,0.6593309,0.993202047712309,-0.00684448074120314,0.0073012,0.0040911,0.0966144,0.516287,0.0303239,0.0001859,0.0065009,0.0826216,0.0036672,0.5355011,0.0306501,1,1,1,1,1,5,5,1,medium,ok
large_el,D_el5_beta1_phase180_rho1,16,2,pair_el_local_covfit,pair_el_local_covfit,1,1,1,0,0,0,0,0,0.6833415,0.6249514,1.09343142522763,0.0854479056225913,0.0066891,0.0037459,0.0894959,0.5517098,0.0314271,0.0002238,0.0065096,0.0807662,0.0033967,0.5050643,0.0288603,1,1,1,1,1,5,5,1,medium,ok
large_el,D_el5_beta1_phase180_rho1,16,3,pair_el_local_covfit,pair_el_local_covfit,1,1,1,0,0,0,0,0,0.6334109,0.6328719,1.0008516731427,0.000850948412791652,0.0075266,0.0036012,0.083542,0.5067583,0.0317111,0.0002267,0.0064508,0.080471,0.0038289,0.5101825,0.0315496,1,1,1,1,1,5,5,1,medium,ok
large_el,D_el5_beta1_phase180_rho1,16,4,pair_el_local_covfit,pair_el_local_covfit,1,1,1,0,0,0,0,0,0.6334872,0.6344117,0.998542744403989,-0.00145938228901854,0.0069615,0.0038506,0.0829731,0.5087379,0.030718,0.0002034,0.0063341,0.0819337,0.0037381,0.5114679,0.0305617,1,1,1,1,1,5,5,1,medium,ok
large_el,D_el5_beta1_phase180_rho1,16,5,pair_el_local_covfit,pair_el_local_covfit,1,1,1,0,0,0,0,0,0.6333722,0.6283359,1.00801529882345,0.00795156465661129,0.0066079,0.0039531,0.078832,0.5117831,0.0318585,0.0002932,0.0066477,0.0779219,0.0028439,0.5098477,0.0306355,1,1,1,1,1,5,5,1,medium,ok
large_el,D_el5_beta1_phase180_rho1,16,6,pair_el_local_covfit,pair_el_local_covfit,1,1,1,0,0,0,0,0,0.6804388,0.6794285,1.00148698501756,0.00148477717613993,0.0065069,0.0041059,0.0795742,0.555538,0.0343554,0.0002844,0.0069111,0.0957683,0.0038735,0.53573,0.036688,1,1,1,1,1,5,5,1,medium,ok
large_el,D_el5_beta1_phase180_rho1,16,7,pair_el_local_covfit,pair_el_local_covfit,1,1,1,0,0,0,0,0,0.6354304,0.6298411,1.00887414301798,0.00879608529903497,0.0064995,0.0034242,0.0864633,0.5078557,0.0309298,0.000216,0.0060379,0.0806948,0.003096,0.5086715,0.0309341,1,1,1,1,1,5,5,1,medium,ok
large_el,D_el5_beta1_phase180_rho1,16,8,pair_el_local_covfit,pair_el_local_covfit,1,1,1,0,0,0,0,0,0.6326849,0.657966,0.961576889991276,-0.0399584374465078,0.006437,0.0038632,0.0795015,0.5131274,0.0294806,0.0002285,0.0061258,0.0830114,0.0040688,0.5310007,0.0333655,1,1,1,1,1,5,5,1,medium,ok
large_el,D_el5_beta1_phase180_rho1,16,9,pair_el_local_covfit,pair_el_local_covfit,1,1,1,0,0,0,0,0,0.6318791,0.6335599,0.997347054319568,-0.00266000252263443,0.0063597,0.0039312,0.0827745,0.5074621,0.0310758,0.0002339,0.0063598,0.0791212,0.003358,0.5129919,0.0313569,1,1,1,1,1,5,5,1,medium,ok
large_el,D_el5_beta1_phase180_rho1,16,10,pair_el_local_covfit,pair_el_local_covfit,1,1,1,0,0,0,0,0,0.6304506,0.6275422,1.0046345887177,0.00461320839412305,0.0062948,0.0034896,0.0839915,0.5067449,0.0297015,0.000186,0.0064896,0.0795764,0.0030554,0.5071946,0.0308653,1,1,1,1,1,5,5,1,medium,ok
large_el,D_el5_beta1_phase180_rho1,16,11,pair_el_local_covfit,pair_el_local_covfit,1,1,1,0,0,0,0,0,0.6342928,0.6282391,1.00963598095056,0.00954401500379631,0.0061342,0.0042028,0.0792077,0.5125272,0.0319953,0.0001837,0.0061035,0.0792727,0.0039083,0.5085495,0.0299681,1,1,1,1,1,5,5,1,medium,ok
large_el,D_el5_beta1_phase180_rho1,16,12,pair_el_local_covfit,pair_el_local_covfit,1,1,1,0,0,0,0,0,0.6403564,0.62551,1.02373487234417,0.0231845890819551,0.0065575,0.0039226,0.0805072,0.5187523,0.0303903,0.0001857,0.0062871,0.0797527,0.0034704,0.50441,0.0312116,1,1,1,1,1,5,5,1,medium,ok
large_el,D_el5_beta1_phase180_rho1,16,13,pair_el_local_covfit,pair_el_local_covfit,1,1,1,0,0,0,0,0,0.6300364,0.6302988,0.999583689513608,-0.000416483872995199,0.006304,0.0034345,0.081359,0.5078813,0.0307858,0.000227,0.0061884,0.0799289,0.00378,0.5094445,0.030597,1,1,1,1,1,5,5,1,medium,ok
large_el,D_el5_beta1_phase180_rho1,16,14,pair_el_local_covfit,pair_el_local_covfit,1,1,1,0,0,0,0,0,0.6322124,0.6244933,1.0123605809702,0.0122096624488858,0.0072131,0.0040191,0.0848451,0.5058619,0.0300107,0.0002211,0.0061801,0.0785507,0.0036363,0.5061536,0.0296237,1,1,1,1,1,5,5,1,medium,ok
large_el,D_el5_beta1_phase180_rho1,16,15,pair_el_local_covfit,pair_el_local_covfit,1,1,1,0,0,0,0,0,0.6438612,0.6320779,1.0186421642016,0.0183009940651806,0.0064195,0.0036165,0.0924998,0.5103285,0.030767,0.0001871,0.0064037,0.080948,0.0035183,0.5130672,0.0277397,1,1,1,1,1,5,5,1,medium,ok
large_el,D_el5_beta1_phase180_rho1,16,16,pair_el_local_covfit,pair_el_local_covfit,1,1,1,0,0,0,0,0,0.6460747,0.6279258,1.02890293725787,0.0280910241493747,0.0064832,0.0035866,0.081612,0.523984,0.0301862,0.0001823,0.0064147,0.0814663,0.0037779,0.5044233,0.0314827,1,1,1,1,1,5,5,1,medium,ok
large_el,D_el5_beta1_phase180_rho1,16,17,pair_el_local_covfit,pair_el_local_covfit,1,1,1,0,0,0,0,0,0.6364281,0.6357097,1.00113007556751,0.00112879993828052,0.0065471,0.0040083,0.0789145,0.5154393,0.0312938,0.0001842,0.00634,0.0808561,0.0031362,0.5140867,0.0309341,1,1,1,1,1,5,5,1,medium,ok
large_el,D_el5_beta1_phase180_rho1,16,18,pair_el_local_covfit,pair_el_local_covfit,1,1,1,0,0,0,0,0,0.6250267,0.6334626,0.986682875989838,-0.0134968634139949,0.006312,0.0035543,0.0825263,0.5035573,0.0288469,0.000188,0.0062594,0.0806135,0.0038447,0.51078,0.0315689,1,1,1,1,1,5,5,1,medium,ok
large_el,D_el5_beta1_phase180_rho1,16,19,pair_el_local_covfit,pair_el_local_covfit,1,1,1,0,0,0,0,0,0.6283511,0.6295285,0.998129711363346,-0.00187379317072889,0.0066833,0.003376,0.0795381,0.5083476,0.0301351,0.0002215,0.006292,0.0805559,0.0033529,0.5097523,0.0292144,1,1,1,1,1,5,5,1,medium,ok
large_el,D_el5_beta1_phase180_rho1,16,20,pair_el_local_covfit,pair_el_local_covfit,1,1,1,0,0,0,0,0,0.6342175,0.639939,0.991059304089921,-0.00902135308470675,0.0062605,0.0032871,0.0787051,0.5149378,0.0307907,0.0001938,0.0066475,0.0777232,0.0034549,0.5204541,0.0312588,1,1,1,1,1,5,5,1,medium,ok
large_el,D_el5_beta1_phase180_rho1,16,21,pair_el_local_covfit,pair_el_local_covfit,1,1,1,0,0,0,0,0,0.6503778,0.636439,1.02190123483947,0.0214318508411573,0.0068508,0.0038311,0.0818831,0.5234371,0.0341051,0.0002237,0.0069352,0.0810784,0.0037141,0.5143162,0.0300177,1,1,1,1,1,5,5,1,medium,ok
large_el,D_el5_beta1_phase180_rho1,16,22,pair_el_local_covfit,pair_el_local_covfit,1,1,1,0,0,0,0,0,0.6251652,0.6399963,0.976826272276887,-0.0237234894072798,0.0065511,0.0033606,0.0808362,0.5057182,0.0284711,0.0001868,0.0065459,0.0837571,0.0033867,0.5150679,0.0308453,1,1,1,1,1,5,5,1,medium,ok
large_el,D_el5_beta1_phase180_rho1,16,23,pair_el_local_covfit,pair_el_local_covfit,1,1,1,0,0,0,0,0,0.6270921,0.6297198,0.995827191712886,-0.00419029357888578,0.0067745,0.0034071,0.079098,0.5077567,0.0297914,0.0002185,0.0060776,0.079381,0.0031759,0.5090772,0.0316078,1,1,1,1,1,5,5,1,medium,ok
large_el,D_el5_beta1_phase180_rho1,16,24,pair_el_local_covfit,pair_el_local_covfit,1,1,1,0,0,0,0,0,0.6254859,0.6330988,0.987975178597717,-0.0121711776396558,0.0064192,0.0037733,0.0822853,0.5025045,0.0302482,0.0002124,0.0062609,0.0808319,0.0033112,0.5118698,0.0304281,1,1,1,1,1,5,5,1,medium,ok
large_el,D_el5_beta1_phase180_rho1,16,25,pair_el_local_covfit,pair_el_local_covfit,1,1,1,0,0,0,0,0,0.6236767,0.6270658,0.994595304033484,-0.00543406543807068,0.0065292,0.0036217,0.0791362,0.5040603,0.0300598,0.0002241,0.0064506,0.0800113,0.003589,0.5067107,0.0299212,1,1,1,1,1,5,5,1,medium,ok
large_el,D_el5_beta1_phase180_rho1,16,26,pair_el_local_covfit,pair_el_local_covfit,1,1,1,0,0,0,0,0,0.6361445,0.629823,1.01003694688825,0.00993720766272443,0.0061831,0.003796,0.0800548,0.5127134,0.0331585,0.0001949,0.0066679,0.0827893,0.003062,0.5069884,0.029948,1,1,1,1,1,5,5,1,medium,ok
large_el,D_el5_beta1_phase180_rho1,16,27,pair_el_local_covfit,pair_el_local_covfit,1,1,1,0,0,0,0,0,0.6312988,0.6390971,0.987797941815101,-0.0123527876181611,0.0060783,0.0032796,0.0824264,0.5083491,0.0309126,0.0002104,0.0068154,0.0838765,0.0031524,0.5140752,0.0308039,1,1,1,1,1,5,5,1,medium,ok
large_el,D_el5_beta1_phase180_rho1,16,28,pair_el_local_covfit,pair_el_local_covfit,1,1,1,0,0,0,0,0,0.6442779,0.6351543,1.01436438358364,0.0141609699789486,0.0074046,0.0042152,0.0970031,0.5049517,0.0304285,0.0002312,0.0064328,0.0816602,0.0037765,0.5131635,0.0297317,1,1,1,1,1,5,5,1,medium,ok
large_el,D_el5_beta1_phase180_rho1,16,29,pair_el_local_covfit,pair_el_local_covfit,1,1,1,0,0,0,0,0,0.6431711,0.6826543,0.942162233505304,-0.0613883304147218,0.0063697,0.003742,0.0806316,0.5127751,0.0394168,0.000192,0.007008,0.0910071,0.0044156,0.5466538,0.0331635,1,1,1,1,1,5,5,1,medium,ok
large_el,D_el5_beta1_phase180_rho1,16,30,pair_el_local_covfit,pair_el_local_covfit,1,1,1,0,0,0,0,0,0.6400924,0.6403157,0.999651265774055,-0.000348855883931742,0.0067581,0.0037473,0.0877606,0.5111274,0.0304043,0.0002356,0.0074735,0.0798424,0.0032807,0.5142274,0.0350941,1,1,1,1,1,5,5,1,medium,ok
large_el,E_el5_beta1_phase0_rho07,0,1,pair_el_local_covfit,pair_el_local_covfit,1,1,1,0,0,0,0,0,0.6654025,0.6555853,1.01497471038475,0.0147537768493505,0.0074755,0.0038569,0.098891,0.5252143,0.0297016,0.0002181,0.0066529,0.0826882,0.0030838,0.5316056,0.031173,1,1,1,1,1,5,5,1,medium,ok
large_el,E_el5_beta1_phase0_rho07,0,2,pair_el_local_covfit,pair_el_local_covfit,1,1,1,0,0,0,0,0,0.6308016,0.6434229,0.980384129940044,-0.0200083512787539,0.0065341,0.0036392,0.0807683,0.5091192,0.0304779,0.0002179,0.0062148,0.0944241,0.0034202,0.5084729,0.0305196,1,1,1,1,1,5,5,1,medium,ok
large_el,E_el5_beta1_phase0_rho07,0,3,pair_el_local_covfit,pair_el_local_covfit,1,1,1,0,0,0,0,0,0.6759927,0.6379446,1.05964169929489,0.0562847794066416,0.0073849,0.0041747,0.0892896,0.5442983,0.0305689,0.0002309,0.0061617,0.0822568,0.0033943,0.5161702,0.0295926,1,1,1,1,1,5,5,1,medium,ok
large_el,E_el5_beta1_phase0_rho07,0,4,pair_el_local_covfit,pair_el_local_covfit,1,1,1,0,0,0,0,0,0.6517838,0.6327011,1.03016068725027,0.0292776531113538,0.0066104,0.0035146,0.0862333,0.5244048,0.0307911,0.0001886,0.0064885,0.0811523,0.0034381,0.5131971,0.028056,1,1,1,1,1,5,5,1,medium,ok
large_el,E_el5_beta1_phase0_rho07,0,5,pair_el_local_covfit,pair_el_local_covfit,1,1,1,0,0,0,0,0,0.6314526,0.6631999,0.952130119440609,-0.050276616170398,0.0066961,0.0037398,0.0792068,0.5100558,0.0313965,0.0003113,0.0067292,0.0810034,0.0037277,0.5279837,0.0432955,1,1,1,1,1,5,5,1,medium,ok
large_el,E_el5_beta1_phase0_rho07,0,6,pair_el_local_covfit,pair_el_local_covfit,1,1,1,0,0,0,0,0,0.6420831,0.6322024,1.01562901374623,0.0153885065655831,0.0066148,0.0032278,0.0803081,0.5229428,0.0287147,0.0002305,0.0064168,0.0812851,0.0032542,0.5104862,0.0303824,1,1,1,1,1,5,5,1,medium,ok
large_el,E_el5_beta1_phase0_rho07,0,7,pair_el_local_covfit,pair_el_local_covfit,1,1,1,0,0,0,0,0,0.6404974,0.6379503,1.0039926307739,0.00397675306722556,0.00625,0.0032664,0.0830938,0.5173058,0.030355,0.000186,0.0066371,0.0801387,0.0030335,0.5192981,0.0284198,1,1,1,1,1,5,5,1,medium,ok
large_el,E_el5_beta1_phase0_rho07,0,8,pair_el_local_covfit,pair_el_local_covfit,1,1,1,0,0,0,0,0,0.6642275,0.6406322,1.03683127385729,0.0355229194816534,0.006821,0.0034059,0.0825466,0.5408775,0.0303516,0.000183,0.006515,0.0813452,0.0036041,0.5186244,0.0301973,1,1,1,1,1,5,5,1,medium,ok
large_el,E_el5_beta1_phase0_rho07,0,9,pair_el_local_covfit,pair_el_local_covfit,1,1,1,0,0,0,0,0,0.6475486,0.6404272,1.01111976505682,0.0109974757107035,0.0065965,0.0032281,0.079537,0.528446,0.0295049,0.0001919,0.0063761,0.0797549,0.0032464,0.5202859,0.0303564,1,1,1,1,1,5,5,1,medium,ok
large_el,E_el5_beta1_phase0_rho07,0,10,pair_el_local_covfit,pair_el_local_covfit,1,1,1,0,0,0,0,0,0.6353307,0.6468707,0.982160267886612,-0.0181637688844565,0.0062399,0.0035371,0.0788233,0.5165989,0.0299054,0.0001853,0.0066301,0.0804138,0.003633,0.5235246,0.0322901,1,1,1,1,1,5,5,1,medium,ok
large_el,E_el5_beta1_phase0_rho07,0,11,pair_el_local_covfit,pair_el_local_covfit,1,1,1,0,0,0,0,0,0.6424782,0.6520801,0.985274968519972,-0.0149450985263002,0.0065761,0.0032711,0.0797713,0.5238309,0.0287115,0.0002614,0.0062029,0.080971,0.0033801,0.5308161,0.030287,1,1,1,1,1,5,5,1,medium,ok
large_el,E_el5_beta1_phase0_rho07,0,12,pair_el_local_covfit,pair_el_local_covfit,1,1,1,0,0,0,0,0,0.6364666,0.6441901,0.988010526706325,-0.0121349651340699,0.0062671,0.0034424,0.0784602,0.5171188,0.0309234,0.0002125,0.0064451,0.0837493,0.0032275,0.5203848,0.029995,1,1,1,1,1,5,5,1,medium,ok
large_el,E_el5_beta1_phase0_rho07,0,13,pair_el_local_covfit,pair_el_local_covfit,1,1,1,0,0,0,0,0,0.6544524,0.6464326,1.01240624312573,0.0122542143630309,0.0069499,0.0041179,0.086567,0.5261507,0.0304464,0.0001806,0.006105,0.0783485,0.003366,0.5269636,0.0312812,1,1,1,1,1,5,5,1,medium,ok
large_el,E_el5_beta1_phase0_rho07,0,14,pair_el_local_covfit,pair_el_local_covfit,1,1,1,0,0,0,0,0,0.6514444,0.636745,1.0230852224988,0.0225643201476596,0.0068647,0.0034,0.0826488,0.5271306,0.0311384,0.0002183,0.0063903,0.079089,0.0039895,0.51761,0.0292935,1,1,1,1,1,5,5,1,medium,ok
large_el,E_el5_beta1_phase0_rho07,0,15,pair_el_local_covfit,pair_el_local_covfit,1,1,1,0,0,0,0,0,0.6610403,0.6438407,1.02671406141302,0.0260189885548581,0.0066994,0.0035782,0.0792958,0.537717,0.0334761,0.0002259,0.0068464,0.0857643,0.0040729,0.5169919,0.0297961,1,1,1,1,1,5,5,1,medium,ok
large_el,E_el5_beta1_phase0_rho07,0,16,pair_el_local_covfit,pair_el_local_covfit,1,1,1,0,0,0,0,0,0.6479457,0.647099,1.00130845512047,0.00130674530288566,0.006518,0.004181,0.0822746,0.5261398,0.0285723,0.0002168,0.0060731,0.0792211,0.0037364,0.5270356,0.0306688,1,1,1,1,1,5,5,1,medium,ok
large_el,E_el5_beta1_phase0_rho07,0,17,pair_el_local_covfit,pair_el_local_covfit,1,1,1,0,0,0,0,0,0.6355372,0.6416625,0.990454015935168,-0.00963798814609129,0.0061702,0.0032296,0.0790129,0.5171115,0.0296959,0.0002652,0.0062603,0.0774872,0.0038437,0.5231131,0.0305583,1,1,1,1,1,5,5,1,medium,ok
large_el,E_el5_beta1_phase0_rho07,0,18,pair_el_local_covfit,pair_el_local_covfit,1,1,1,0,0,0,0,0,0.6404568,0.6361448,1.00677833097119,0.00673269453927272,0.0061644,0.0036442,0.0799214,0.5195703,0.0308872,0.0002256,0.0062263,0.0815032,0.003654,0.5136892,0.0306921,1,1,1,1,1,5,5,1,medium,ok
large_el,E_el5_beta1_phase0_rho07,0,19,pair_el_local_covfit,pair_el_local_covfit,1,1,1,0,0,0,0,0,0.6501507,0.6318079,1.02903224223692,0.0282131511970993,0.0062349,0.0032323,0.0807241,0.5282792,0.0314107,0.0002248,0.0063495,0.0789885,0.0034874,0.5123626,0.0302605,1,1,1,1,1,5,5,1,medium,ok
large_el,E_el5_beta1_phase0_rho07,0,20,pair_el_local_covfit,pair_el_local_covfit,1,1,1,0,0,0,0,0,0.6486268,0.6374469,1.017538558898,0.0172362597413488,0.006459,0.0039561,0.0780288,0.5298251,0.0301288,0.0001887,0.0068423,0.0799601,0.0039959,0.5070045,0.0392592,1,1,1,1,1,5,5,1,medium,ok
large_el,E_el5_beta1_phase0_rho07,0,21,pair_el_local_covfit,pair_el_local_covfit,1,1,1,0,0,0,0,0,0.6551954,0.6561692,0.998515931561554,-0.00148627417103353,0.0077444,0.004257,0.0819122,0.5274396,0.0335532,0.000242,0.0069321,0.0871876,0.0036538,0.5276575,0.0302637,1,1,1,1,1,5,5,1,medium,ok
large_el,E_el5_beta1_phase0_rho07,0,22,pair_el_local_covfit,pair_el_local_covfit,1,1,1,0,0,0,0,0,0.6783934,0.6669533,1.01715277516432,0.0168635190141886,0.0063153,0.0038839,0.0806392,0.5508007,0.0364743,0.0002348,0.0075023,0.0862225,0.0034959,0.533008,0.0363086,1,1,1,1,1,5,5,1,medium,ok
large_el,E_el5_beta1_phase0_rho07,0,23,pair_el_local_covfit,pair_el_local_covfit,1,1,1,0,0,0,0,0,0.6589228,0.6385941,1.03183352304696,0.030851413853034,0.0064863,0.0038428,0.0868413,0.5321658,0.0293263,0.0002154,0.0062547,0.0813467,0.0037161,0.5147954,0.032106,1,1,1,1,1,5,5,1,medium,ok
large_el,E_el5_beta1_phase0_rho07,0,24,pair_el_local_covfit,pair_el_local_covfit,1,1,1,0,0,0,0,0,0.6495111,0.629715,1.03143660227246,0.0304784629546746,0.0065573,0.0032827,0.0814777,0.5275588,0.0303673,0.0002222,0.0064066,0.0816232,0.0035667,0.5074094,0.0303188,1,1,1,1,1,5,5,1,medium,ok
large_el,E_el5_beta1_phase0_rho07,0,25,pair_el_local_covfit,pair_el_local_covfit,1,1,1,0,0,0,0,0,0.6529527,0.6356059,1.02729175421436,0.0265667023047766,0.0062171,0.0033327,0.0888397,0.5213657,0.0329243,0.0002297,0.0062028,0.0785829,0.0037197,0.5165053,0.0301832,1,1,1,1,1,5,5,1,medium,ok
large_el,E_el5_beta1_phase0_rho07,0,26,pair_el_local_covfit,pair_el_local_covfit,1,1,1,0,0,0,0,0,0.647546,0.647407,1.00021470265227,0.00021465656493902,0.006253,0.0041412,0.0809223,0.5251413,0.0308633,0.0001831,0.0064706,0.0783628,0.003367,0.5273257,0.0315106,1,1,1,1,1,5,5,1,medium,ok
large_el,E_el5_beta1_phase0_rho07,0,27,pair_el_local_covfit,pair_el_local_covfit,1,1,1,0,0,0,0,0,0.6585775,0.6571541,1.00216600642072,0.00216132497693899,0.0066636,0.0033964,0.087306,0.5247312,0.0362205,0.0002174,0.0075042,0.0911496,0.0037557,0.5235797,0.0307665,1,1,1,1,1,5,5,1,medium,ok
large_el,E_el5_beta1_phase0_rho07,0,28,pair_el_local_covfit,pair_el_local_covfit,1,1,1,0,0,0,0,0,0.6369352,0.6381031,0.998169731505771,-0.00183362451941727,0.0063406,0.0032288,0.0816535,0.5141913,0.0312412,0.0002322,0.0061513,0.0832621,0.0034812,0.5132912,0.0315507,1,1,1,1,1,5,5,1,medium,ok
large_el,E_el5_beta1_phase0_rho07,0,29,pair_el_local_covfit,pair_el_local_covfit,1,1,1,0,0,0,0,0,0.6368482,0.636509,1.00053290684028,0.000532623001839316,0.0065344,0.0031744,0.0806739,0.5151289,0.0310697,0.0002223,0.0064593,0.0781574,0.0031011,0.5175541,0.0308629,1,1,1,1,1,5,5,1,medium,ok
large_el,E_el5_beta1_phase0_rho07,0,30,pair_el_local_covfit,pair_el_local_covfit,1,1,1,0,0,0,0,0,0.6519968,0.6427319,1.01441487500465,0.0142100390676765,0.00641,0.0033584,0.0831522,0.5284305,0.0303794,0.0002218,0.0063756,0.0808117,0.0035502,0.5220969,0.029477,1,1,1,1,1,5,5,1,medium,ok
large_el,E_el5_beta1_phase0_rho07,8,1,pair_el_local_covfit,pair_el_local_covfit,1,1,1,0,0,0,0,0,0.6723118,0.662437,1.01490677604059,0.0146878278798617,0.0064764,0.0039067,0.0938279,0.5373652,0.0304688,0.0002236,0.0064102,0.0821801,0.003661,0.5397224,0.030087,1,1,1,1,1,5,5,1,medium,ok
large_el,E_el5_beta1_phase0_rho07,8,2,pair_el_local_covfit,pair_el_local_covfit,1,1,1,0,0,0,0,0,0.6527967,0.6467923,1.00928335108504,0.00919796316372312,0.0066336,0.0038119,0.0800102,0.5304405,0.0316387,0.0001835,0.0065373,0.0805334,0.0031724,0.5250003,0.0311824,1,1,1,1,1,5,5,1,medium,ok
large_el,E_el5_beta1_phase0_rho07,8,3,pair_el_local_covfit,pair_el_local_covfit,1,1,1,0,0,0,0,0,0.6401368,0.6451591,0.992215408571312,-0.00784566673873455,0.0074211,0.0037212,0.0802564,0.5178896,0.0305851,0.0002194,0.0062854,0.0820591,0.0039725,0.5219846,0.030451,1,1,1,1,1,5,5,1,medium,ok
large_el,E_el5_beta1_phase0_rho07,8,4,pair_el_local_covfit,pair_el_local_covfit,1,1,1,0,0,0,0,0,0.6501103,0.6617775,0.982369905292942,-0.0179464930797129,0.0067845,0.0043406,0.0809618,0.5265217,0.0311249,0.0003275,0.0064691,0.0875249,0.0038108,0.5349403,0.0286303,1,1,1,1,1,5,5,1,medium,ok
large_el,E_el5_beta1_phase0_rho07,8,5,pair_el_local_covfit,pair_el_local_covfit,1,1,1,0,0,0,0,0,0.642051,0.6436006,0.997592295594504,-0.0024135154372471,0.0067572,0.0037624,0.0823396,0.5174622,0.031499,0.0001907,0.0066639,0.0785464,0.0038685,0.5251416,0.0290096,1,1,1,1,1,5,5,1,medium,ok
large_el,E_el5_beta1_phase0_rho07,8,6,pair_el_local_covfit,pair_el_local_covfit,1,1,1,0,0,0,0,0,0.6523872,0.6370142,1.02413290002013,0.0235642268885716,0.0071317,0.0034891,0.0830041,0.5273868,0.0311535,0.0001811,0.0061469,0.0804237,0.0037308,0.5144362,0.0319251,1,1,1,1,1,5,5,1,medium,ok
large_el,E_el5_beta1_phase0_rho07,8,7,pair_el_local_covfit,pair_el_local_covfit,1,1,1,0,0,0,0,0,0.6902588,0.6485514,1.06430854979266,0.0604228443012967,0.0064986,0.003776,0.0829724,0.5637718,0.033,0.0001971,0.007175,0.0893236,0.0031861,0.5184813,0.0300544,1,1,1,1,1,5,5,1,medium,ok
large_el,E_el5_beta1_phase0_rho07,8,8,pair_el_local_covfit,pair_el_local_covfit,1,1,1,0,0,0,0,0,0.6548914,0.6484144,1.00998898235449,0.00989018942682718,0.0064179,0.0034533,0.0813836,0.5315514,0.0318143,0.0002253,0.0061355,0.0790389,0.0030117,0.5290208,0.0308327,1,1,1,1,1,5,5,1,medium,ok
large_el,E_el5_beta1_phase0_rho07,8,9,pair_el_local_covfit,pair_el_local_covfit,1,1,1,0,0,0,0,0,0.6544423,0.6465397,1.01222291531363,0.0120753197035094,0.0064905,0.0033819,0.0831563,0.5275387,0.0336019,0.0002269,0.0065236,0.0836123,0.0035947,0.5223446,0.0300631,1,1,1,1,1,5,5,1,medium,ok
large_el,E_el5_beta1_phase0_rho07,8,10,pair_el_local_covfit,pair_el_local_covfit,1,1,1,0,0,0,0,0,0.6460922,0.6438947,1.00341282510945,0.00340121734947418,0.0065762,0.0040716,0.0797913,0.5252374,0.0301576,0.0002132,0.0063049,0.0816147,0.004102,0.5214612,0.0300083,1,1,1,1,1,5,5,1,medium,ok
large_el,E_el5_beta1_phase0_rho07,8,11,pair_el_local_covfit,pair_el_local_covfit,1,1,1,0,0,0,0,0,0.6481438,0.6458174,1.00360225661309,0.00358932693639913,0.0064968,0.0032884,0.0795312,0.5287458,0.029839,0.0001986,0.0062632,0.0791191,0.003119,0.5209339,0.0360251,1,1,1,1,1,5,5,1,medium,ok
large_el,E_el5_beta1_phase0_rho07,8,12,pair_el_local_covfit,pair_el_local_covfit,1,1,1,0,0,0,0,0,0.6616685,0.6519704,1.01487506181262,0.0146570374742035,0.0071407,0.0041604,0.0916584,0.5266089,0.0317776,0.0002726,0.007178,0.0880359,0.0035766,0.5210116,0.0317577,1,1,1,1,1,5,5,1,medium,ok
large_el,E_el5_beta1_phase0_rho07,8,13,pair_el_local_covfit,pair_el_local_covfit,1,1,1,0,0,0,0,0,0.6867468,0.6880123,0.998160643348963,-0.00184274611836566,0.0062233,0.0033838,0.083591,0.5525973,0.0406623,0.0002401,0.0079758,0.0977386,0.0034216,0.5471108,0.0313234,1,1,1,1,1,5,5,1,medium,ok
large_el,E_el5_beta1_phase0_rho07,8,14,pair_el_local_covfit,pair_el_local_covfit,1,1,1,0,0,0,0,0,0.6558825,0.6464356,1.01461383005515,0.014403342062031,0.0064349,0.0034757,0.0825055,0.5325405,0.030685,0.000198,0.0062518,0.0804395,0.0034617,0.5250314,0.0308594,1,1,1,1,1,5,5,1,medium,ok
large_el,E_el5_beta1_phase0_rho07,8,15,pair_el_local_covfit,pair_el_local_covfit,1,1,1,0,0,0,0,0,0.6886582,0.6739487,1.02182584520157,0.0213596527275796,0.0062221,0.0038192,0.0871603,0.5578148,0.0333687,0.000229,0.0066334,0.0831227,0.003172,0.5456015,0.0350421,1,1,1,1,1,5,5,1,medium,ok
large_el,E_el5_beta1_phase0_rho07,8,16,pair_el_local_covfit,pair_el_local_covfit,1,1,1,0,0,0,0,0,0.6418592,0.66298,0.968142628736915,-0.0329056590604295,0.0062148,0.0034668,0.081158,0.5215692,0.0291752,0.0002301,0.0061944,0.0901716,0.0035989,0.5316179,0.0309831,1,1,1,1,1,5,5,1,medium,ok
large_el,E_el5_beta1_phase0_rho07,8,17,pair_el_local_covfit,pair_el_local_covfit,1,1,1,0,0,0,0,0,0.6567899,0.6540844,1.00413631635306,0.00411927771727305,0.0063483,0.0032839,0.0819819,0.5307481,0.0341518,0.0002276,0.0067463,0.0793956,0.0035294,0.5325916,0.0314309,1,1,1,1,1,5,5,1,medium,ok
large_el,E_el5_beta1_phase0_rho07,8,18,pair_el_local_covfit,pair_el_local_covfit,1,1,1,0,0,0,0,0,0.6442665,0.6779659,0.950293370212278,-0.0523066153524978,0.0066961,0.0037698,0.0795478,0.5241611,0.0298252,0.000222,0.0067289,0.0792422,0.0035391,0.5563787,0.0316667,1,1,1,1,1,5,5,1,medium,ok
large_el,E_el5_beta1_phase0_rho07,8,19,pair_el_local_covfit,pair_el_local_covfit,1,1,1,0,0,0,0,0,0.6674093,0.6409941,1.04120973968403,0.0395787112945534,0.006504,0.0038522,0.0795576,0.5427679,0.0344335,0.0002446,0.0072082,0.0823009,0.0032074,0.5186413,0.029246,1,1,1,1,1,5,5,1,medium,ok
large_el,E_el5_beta1_phase0_rho07,8,20,pair_el_local_covfit,pair_el_local_covfit,1,1,1,0,0,0,0,0,0.6408168,0.6435696,0.995722607158573,-0.00429576752669414,0.0063191,0.0033717,0.0851987,0.5171314,0.028465,0.0002805,0.0063871,0.080824,0.0035363,0.5220827,0.0303659,1,1,1,1,1,5,5,1,medium,ok
large_el,E_el5_beta1_phase0_rho07,8,21,pair_el_local_covfit,pair_el_local_covfit,1,1,1,0,0,0,0,0,0.653897,0.6458287,1.01249294123968,0.0123387934185352,0.0066937,0.0032428,0.0796877,0.5327692,0.0311727,0.0002827,0.0064834,0.0786717,0.003353,0.5259772,0.0309633,1,1,1,1,1,5,5,1,medium,ok
large_el,E_el5_beta1_phase0_rho07,8,22,pair_el_local_covfit,pair_el_local_covfit,1,1,1,0,0,0,0,0,0.6501712,0.6486394,1.00236155867189,0.00235599485181748,0.006656,0.0036844,0.0824775,0.5272191,0.0298745,0.0002191,0.0064655,0.0792148,0.0036962,0.5280301,0.0308558,1,1,1,1,1,5,5,1,medium,ok
large_el,E_el5_beta1_phase0_rho07,8,23,pair_el_local_covfit,pair_el_local_covfit,1,1,1,0,0,0,0,0,0.646763,0.6616808,0.977454688121523,-0.0230653268662555,0.0064943,0.0040289,0.0815189,0.523215,0.0312462,0.0002149,0.0061587,0.0825264,0.0034742,0.5374537,0.0317145,1,1,1,1,1,5,5,1,medium,ok
large_el,E_el5_beta1_phase0_rho07,8,24,pair_el_local_covfit,pair_el_local_covfit,1,1,1,0,0,0,0,0,0.6368677,0.6503705,0.979238295709907,-0.0212018916958734,0.0064313,0.0032973,0.0799823,0.5166735,0.0302248,0.0002153,0.0062579,0.0792709,0.0032371,0.5292795,0.0319403,1,1,1,1,1,5,5,1,medium,ok
large_el,E_el5_beta1_phase0_rho07,8,25,pair_el_local_covfit,pair_el_local_covfit,1,1,1,0,0,0,0,0,0.6641887,0.6819745,0.973920139242743,-0.0267782333544671,0.0065595,0.0040245,0.0812533,0.5390799,0.0329643,0.000256,0.0066424,0.0863806,0.0034856,0.5539476,0.0310848,1,1,1,1,1,5,5,1,medium,ok
large_el,E_el5_beta1_phase0_rho07,8,26,pair_el_local_covfit,pair_el_local_covfit,1,1,1,0,0,0,0,0,0.6623299,0.6398395,1.03515006497723,0.033956492074418,0.0065914,0.0041412,0.0850913,0.5382762,0.0279639,0.0002219,0.0065714,0.0816554,0.0031469,0.5179098,0.0301785,1,1,1,1,1,5,5,1,medium,ok
large_el,E_el5_beta1_phase0_rho07,8,27,pair_el_local_covfit,pair_el_local_covfit,1,1,1,0,0,0,0,0,0.6398408,0.653486,0.979119369045397,-0.0213259298250441,0.0063726,0.0032514,0.079561,0.520132,0.0302613,0.0002201,0.0059997,0.0802805,0.0032334,0.5313228,0.0322658,1,1,1,1,1,5,5,1,medium,ok
large_el,E_el5_beta1_phase0_rho07,8,28,pair_el_local_covfit,pair_el_local_covfit,1,1,1,0,0,0,0,0,0.6648899,0.6624925,1.0036187579482,0.00360570975735985,0.0068281,0.0039108,0.0798323,0.5404613,0.0336286,0.0001876,0.0067628,0.0846766,0.0034774,0.5372726,0.0299528,1,1,1,1,1,5,5,1,medium,ok
large_el,E_el5_beta1_phase0_rho07,8,29,pair_el_local_covfit,pair_el_local_covfit,1,1,1,0,0,0,0,0,0.6641246,0.6453591,1.02907760965949,0.0282559929266285,0.0063162,0.0032142,0.0811427,0.5428275,0.0303244,0.0002511,0.0064994,0.0796475,0.0032832,0.5280735,0.0274388,1,1,1,1,1,5,5,1,medium,ok
large_el,E_el5_beta1_phase0_rho07,8,30,pair_el_local_covfit,pair_el_local_covfit,1,1,1,0,0,0,0,0,0.6562846,0.659006,0.99587044731004,-0.00414667660950752,0.0062012,0.0034791,0.0793074,0.5362886,0.0307429,0.0002217,0.006471,0.0795487,0.0039249,0.5345137,0.0341437,1,1,1,1,1,5,5,1,medium,ok
large_el,E_el5_beta1_phase0_rho07,16,1,pair_el_local_covfit,pair_el_local_covfit,1,1,1,0,0,0,0,0,0.6683577,0.6709426,0.996147360444843,-0.00386753979194054,0.0074292,0.0040637,0.096221,0.5315176,0.0289043,0.0001822,0.00687,0.0844758,0.0039885,0.5460678,0.0291768,1,1,1,1,1,5,5,1,medium,ok
large_el,E_el5_beta1_phase0_rho07,16,2,pair_el_local_covfit,pair_el_local_covfit,1,1,1,0,0,0,0,0,0.6378658,0.6381478,0.999558096102502,-0.000442099262885742,0.0061211,0.0032637,0.0787179,0.520211,0.0292765,0.0002311,0.0064437,0.0787636,0.0034101,0.5213746,0.0277585,1,1,1,1,1,5,5,1,medium,ok
large_el,E_el5_beta1_phase0_rho07,16,3,pair_el_local_covfit,pair_el_local_covfit,1,1,1,0,0,0,0,0,0.6467339,0.6689534,0.966784681862742,-0.0343564795350917,0.0064111,0.0036023,0.0789724,0.5276375,0.0298387,0.0002282,0.0060009,0.0822694,0.0034186,0.5448269,0.0320595,1,1,1,1,1,5,5,1,medium,ok
large_el,E_el5_beta1_phase0_rho07,16,4,pair_el_local_covfit,pair_el_local_covfit,1,1,1,0,0,0,0,0,0.6495702,0.6466682,1.00448761822524,0.0044675694790185,0.0069124,0.0044929,0.0828669,0.5245381,0.0305194,0.0001989,0.0063581,0.0816356,0.0036395,0.5238897,0.0307729,1,1,1,1,1,5,5,1,medium,ok
large_el,E_el5_beta1_phase0_rho07,16,5,pair_el_local_covfit,pair_el_local_covfit,1,1,1,0,0,0,0,0,0.6422796,0.655082,0.980456797774935,-0.0199327520288672,0.0066003,0.0040222,0.0799374,0.5209982,0.0304833,0.0001979,0.0066975,0.081186,0.0038479,0.5330901,0.0298916,1,1,1,1,1,5,5,1,medium,ok
large_el,E_el5_beta1_phase0_rho07,16,6,pair_el_local_covfit,pair_el_local_covfit,1,1,1,0,0,0,0,0,0.6483406,0.641611,1.01048859823164,0.0103797294199993,0.0068962,0.0035298,0.0783382,0.5294948,0.0298152,0.000223,0.0065113,0.0802925,0.0037622,0.5187099,0.0319449,1,1,1,1,1,5,5,1,medium,ok
large_el,E_el5_beta1_phase0_rho07,16,7,pair_el_local_covfit,pair_el_local_covfit,1,1,1,0,0,0,0,0,0.6538444,0.6934956,0.942824150578605,-0.0606431744311031,0.006509,0.0036563,0.0903001,0.5227772,0.0303324,0.0002262,0.0070072,0.0814235,0.003477,0.5654029,0.0358096,1,1,1,1,1,5,5,1,medium,ok
large_el,E_el5_beta1_phase0_rho07,16,8,pair_el_local_covfit,pair_el_local_covfit,1,1,1,0,0,0,0,0,0.6818869,0.6575538,1.0370054891326,0.035684950099496,0.0067169,0.0037601,0.088746,0.5450612,0.0373682,0.000192,0.0067537,0.0890196,0.0037144,0.5281259,0.0295611,1,1,1,1,1,5,5,1,medium,ok
large_el,E_el5_beta1_phase0_rho07,16,9,pair_el_local_covfit,pair_el_local_covfit,1,1,1,0,0,0,0,0,0.6568542,0.6504854,1.00979084234635,0.00969591120830171,0.0062831,0.0036552,0.0788031,0.5387325,0.0291127,0.0002253,0.0063247,0.0817367,0.0034455,0.5277039,0.0309029,1,1,1,1,1,5,5,1,medium,ok
large_el,E_el5_beta1_phase0_rho07,16,10,pair_el_local_covfit,pair_el_local_covfit,1,1,1,0,0,0,0,0,0.6521478,0.6538879,0.997338840495443,-0.00266826017047039,0.007593,0.0039628,0.08623,0.5244266,0.0296645,0.000228,0.006352,0.0825925,0.0035091,0.5296722,0.0313856,1,1,1,1,1,5,5,1,medium,ok
large_el,E_el5_beta1_phase0_rho07,16,11,pair_el_local_covfit,pair_el_local_covfit,1,1,1,0,0,0,0,0,0.6548933,0.6491553,1.00883917916098,0.00876173263644631,0.0065588,0.0033703,0.082234,0.5328274,0.0296716,0.0001891,0.0065517,0.0861372,0.003295,0.5225492,0.0302526,1,1,1,1,1,5,5,1,medium,ok
large_el,E_el5_beta1_phase0_rho07,16,12,pair_el_local_covfit,pair_el_local_covfit,1,1,1,0,0,0,0,0,0.6372144,0.6508897,0.978989834990475,-0.0214610655377532,0.0066228,0.0032292,0.0816689,0.5157001,0.0297366,0.0002064,0.0061061,0.0798511,0.0032443,0.5298653,0.031454,1,1,1,1,1,5,5,1,medium,ok
large_el,E_el5_beta1_phase0_rho07,16,13,pair_el_local_covfit,pair_el_local_covfit,1,1,1,0,0,0,0,0,0.6595606,0.6395883,1.03122680636903,0.0302812205580504,0.0065348,0.0034615,0.0903198,0.5280669,0.0309108,0.0002248,0.006415,0.082528,0.0033807,0.5188594,0.0280133,1,1,1,1,1,5,5,1,medium,ok
large_el,E_el5_beta1_phase0_rho07,16,14,pair_el_local_covfit,pair_el_local_covfit,1,1,1,0,0,0,0,0,0.6372963,0.6488719,0.982160423343961,-0.0181636077284615,0.0064872,0.0035117,0.0804611,0.5157984,0.0307715,0.0002234,0.0064132,0.0823161,0.0048266,0.5238675,0.0310716,1,1,1,1,1,5,5,1,medium,ok
large_el,E_el5_beta1_phase0_rho07,16,15,pair_el_local_covfit,pair_el_local_covfit,1,1,1,0,0,0,0,0,0.6520265,0.6639571,0.982031067971108,-0.0182977225618897,0.0065904,0.0035911,0.0804799,0.5293262,0.031804,0.0001939,0.0061734,0.0849373,0.0051434,0.5355392,0.0317065,1,1,1,1,1,5,5,1,medium,ok
large_el,E_el5_beta1_phase0_rho07,16,16,pair_el_local_covfit,pair_el_local_covfit,1,1,1,0,0,0,0,0,0.6601484,0.6585068,1.00249291275352,0.00248671359348906,0.0068256,0.0042634,0.0846012,0.5324128,0.0318125,0.0001919,0.0067136,0.0824088,0.0036187,0.5346537,0.0307673,1,1,1,1,1,5,5,1,medium,ok
large_el,E_el5_beta1_phase0_rho07,16,17,pair_el_local_covfit,pair_el_local_covfit,1,1,1,0,0,0,0,0,0.6565767,0.6578154,0.998116948919104,-0.00188660365194204,0.0062402,0.003346,0.0793749,0.5333016,0.0340597,0.0002053,0.0065897,0.0867426,0.0036637,0.5290571,0.0313676,1,1,1,1,1,5,5,1,medium,ok
large_el,E_el5_beta1_phase0_rho07,16,18,pair_el_local_covfit,pair_el_local_covfit,1,1,1,0,0,0,0,0,0.6540425,0.6448928,1.01418793945288,0.0139894578716214,0.0066808,0.0038123,0.0820185,0.5305656,0.0306802,0.0002387,0.0065568,0.0810106,0.0031953,0.5221508,0.0315779,1,1,1,1,1,5,5,1,medium,ok
large_el,E_el5_beta1_phase0_rho07,16,19,pair_el_local_covfit,pair_el_local_covfit,1,1,1,0,0,0,0,0,0.6508692,0.6503725,1.00076371617804,0.000763133360742851,0.0064617,0.0033077,0.083156,0.5257709,0.0319066,0.0002224,0.0064562,0.0828116,0.0030135,0.5280078,0.029709,1,1,1,1,1,5,5,1,medium,ok
large_el,E_el5_beta1_phase0_rho07,16,20,pair_el_local_covfit,pair_el_local_covfit,1,1,1,0,0,0,0,0,0.6425122,0.6488348,0.990255454855381,-0.00984043571468374,0.006584,0.0035936,0.0782865,0.5232369,0.0304758,0.0002896,0.0061918,0.0793854,0.0030943,0.5276384,0.0321104,1,1,1,1,1,5,5,1,medium,ok
large_el,E_el5_beta1_phase0_rho07,16,21,pair_el_local_covfit,pair_el_local_covfit,1,1,1,0,0,0,0,0,0.643252,0.6580157,0.97756330130117,-0.0229516581370908,0.0067965,0.0039035,0.0778732,0.5229243,0.0314678,0.0002395,0.0062552,0.0812926,0.003269,0.5342554,0.032543,1,1,1,1,1,5,5,1,medium,ok
large_el,E_el5_beta1_phase0_rho07,16,22,pair_el_local_covfit,pair_el_local_covfit,1,1,1,0,0,0,0,0,0.6735022,0.6674901,1.0090070249731,0.00892662265988153,0.0105467,0.0045602,0.0911173,0.535224,0.0317079,0.000296,0.0072404,0.0845404,0.0039959,0.5417055,0.0295406,1,1,1,1,1,5,5,1,medium,ok
large_el,E_el5_beta1_phase0_rho07,16,23,pair_el_local_covfit,pair_el_local_covfit,1,1,1,0,0,0,0,0,0.6773482,0.6548722,1.03432120038078,0.0331823425529143,0.0066811,0.0038343,0.0875281,0.5472351,0.0318164,0.0002077,0.0062888,0.0819261,0.003913,0.5345879,0.0277965,1,1,1,1,1,5,5,1,medium,ok
large_el,E_el5_beta1_phase0_rho07,16,24,pair_el_local_covfit,pair_el_local_covfit,1,1,1,0,0,0,0,0,0.649713,0.6629467,0.980038063391823,-0.0203685319518003,0.0064288,0.0033239,0.0818986,0.5261376,0.0316226,0.0002575,0.0065416,0.0792237,0.003263,0.5416252,0.0319208,1,1,1,1,1,5,5,1,medium,ok
large_el,E_el5_beta1_phase0_rho07,16,25,pair_el_local_covfit,pair_el_local_covfit,1,1,1,0,0,0,0,0,0.6474214,0.662236,0.977629425159611,-0.022882468821698,0.0068602,0.004082,0.0806919,0.5250297,0.0304511,0.0002639,0.0067395,0.0808745,0.003656,0.5397256,0.0308623,1,1,1,1,1,5,5,1,medium,ok
large_el,E_el5_beta1_phase0_rho07,16,26,pair_el_local_covfit,pair_el_local_covfit,1,1,1,0,0,0,0,0,0.6461271,0.6575685,0.982600443908125,-0.0177076615421332,0.0062658,0.0038758,0.0800797,0.5243025,0.0312975,0.0002605,0.006348,0.0797599,0.0031342,0.5348135,0.0331205,1,1,1,1,1,5,5,1,medium,ok
large_el,E_el5_beta1_phase0_rho07,16,27,pair_el_local_covfit,pair_el_local_covfit,1,1,1,0,0,0,0,0,0.6577054,0.651775,1.00909884546047,0.00901680296375851,0.0066347,0.0043499,0.0849504,0.5293922,0.032107,0.0002269,0.0062159,0.0776774,0.0036163,0.5327112,0.0311697,1,1,1,1,1,5,5,1,medium,ok
large_el,E_el5_beta1_phase0_rho07,16,28,pair_el_local_covfit,pair_el_local_covfit,1,1,1,0,0,0,0,0,0.6716312,0.6622558,1.01415676540696,0.0139591490091586,0.0065707,0.0037845,0.0808127,0.5492068,0.030979,0.0002283,0.006194,0.0827495,0.0033501,0.5383907,0.0312043,1,1,1,1,1,5,5,1,medium,ok
large_el,E_el5_beta1_phase0_rho07,16,29,pair_el_local_covfit,pair_el_local_covfit,1,1,1,0,0,0,0,0,0.6482289,0.6471385,1.00168495615699,0.00168212185541261,0.0064159,0.0036999,0.0791224,0.5278898,0.0308291,0.0002273,0.0065269,0.0815537,0.0035743,0.5240578,0.0310372,1,1,1,1,1,5,5,1,medium,ok
large_el,E_el5_beta1_phase0_rho07,16,30,pair_el_local_covfit,pair_el_local_covfit,1,1,1,0,0,0,0,0,0.6921085,0.6838552,1.01206878298213,0.0119248643818129,0.006353,0.0037507,0.078555,0.5679257,0.0352154,0.0002577,0.0066496,0.0876805,0.0042233,0.5523827,0.0325229,1,1,1,1,1,5,5,1,medium,ok
large_el,F_el10_beta05_phase180_rho07,0,1,pair_el_local_covfit,pair_el_local_covfit,1,1,1,0,0,0,0,0,0.699443,0.6773694,1.03258724117151,0.031558826094478,0.0081142,0.0037905,0.1025356,0.5547938,0.0299793,0.0001862,0.0063761,0.0868268,0.0042059,0.5485649,0.0309583,1,1,1,1,1,5,5,1,medium,ok
large_el,F_el10_beta05_phase180_rho07,0,2,pair_el_local_covfit,pair_el_local_covfit,1,1,1,0,0,0,0,0,0.6725482,0.6501462,1.03445686524046,0.0333091368023883,0.0064784,0.0034583,0.0806091,0.5505118,0.0312547,0.0001921,0.0067684,0.0797973,0.0030616,0.5288808,0.0312566,1,1,1,1,1,5,5,1,medium,ok
large_el,F_el10_beta05_phase180_rho07,0,3,pair_el_local_covfit,pair_el_local_covfit,1,1,1,0,0,0,0,0,0.651353,0.6454393,1.00916228683317,0.00907910150102931,0.0065805,0.0031804,0.0815843,0.528731,0.0310509,0.0001875,0.006384,0.0818747,0.0033977,0.5192083,0.0342026,1,1,1,1,1,5,5,1,medium,ok
large_el,F_el10_beta05_phase180_rho07,0,4,pair_el_local_covfit,pair_el_local_covfit,1,1,1,0,0,0,0,0,0.6818097,0.6581674,1.03592140844411,0.0346758047003438,0.0074186,0.003873,0.0957593,0.5420432,0.0324622,0.0002091,0.0066822,0.0885967,0.0039644,0.5278093,0.0307156,1,1,1,1,1,5,5,1,medium,ok
large_el,F_el10_beta05_phase180_rho07,0,5,pair_el_local_covfit,pair_el_local_covfit,1,1,1,0,0,0,0,0,0.6456316,0.6558239,0.984458785353812,-0.0157865569157396,0.0062743,0.0034617,0.0798088,0.5262803,0.0294912,0.0002641,0.0064048,0.0829095,0.0040762,0.5296804,0.0323602,1,1,1,1,1,5,5,1,medium,ok
large_el,F_el10_beta05_phase180_rho07,0,6,pair_el_local_covfit,pair_el_local_covfit,1,1,1,0,0,0,0,0,0.6575469,0.6486455,1.01372305828068,0.0135372853251989,0.0068394,0.0035307,0.0825827,0.5325627,0.0317567,0.0002293,0.0064945,0.0804562,0.0035334,0.5269522,0.0308438,1,1,1,1,1,5,5,1,medium,ok
large_el,F_el10_beta05_phase180_rho07,0,7,pair_el_local_covfit,pair_el_local_covfit,1,1,1,0,0,0,0,0,0.6684348,0.6403457,1.04386552451277,0.0420221987245427,0.007492,0.0042885,0.0879342,0.5376348,0.0308645,0.0001802,0.0063265,0.0812916,0.0038259,0.5189971,0.0295449,1,1,1,1,1,5,5,1,medium,ok
large_el,F_el10_beta05_phase180_rho07,0,8,pair_el_local_covfit,pair_el_local_covfit,1,1,1,0,0,0,0,0,0.6386166,0.6631399,0.96301941716974,-0.0384006616802632,0.0066409,0.0031708,0.0805142,0.5174619,0.03061,0.0001783,0.0068147,0.0839183,0.0034965,0.5365178,0.0320432,1,1,1,1,1,5,5,1,medium,ok
large_el,F_el10_beta05_phase180_rho07,0,9,pair_el_local_covfit,pair_el_local_covfit,1,1,1,0,0,0,0,0,0.6556414,0.6431117,1.01948292963726,0.0191105991781484,0.0066438,0.0041133,0.0799681,0.5335318,0.0311041,0.0002374,0.006582,0.0816169,0.0034108,0.5194054,0.0316347,1,1,1,1,1,5,5,1,medium,ok
large_el,F_el10_beta05_phase180_rho07,0,10,pair_el_local_covfit,pair_el_local_covfit,1,1,1,0,0,0,0,0,0.6599876,0.6956922,0.948677590463139,-0.0540988951913641,0.0065721,0.0039146,0.0886393,0.5271712,0.0334065,0.0002351,0.0076208,0.0908237,0.0038108,0.5592837,0.0337651,1,1,1,1,1,5,5,1,medium,ok
large_el,F_el10_beta05_phase180_rho07,0,11,pair_el_local_covfit,pair_el_local_covfit,1,1,1,0,0,0,0,0,0.6576714,0.6541777,1.00534059782227,0.00531222735244385,0.0065904,0.0035972,0.0815367,0.5345741,0.0310874,0.0002411,0.0065246,0.0833008,0.0038064,0.5292378,0.030932,1,1,1,1,1,5,5,1,medium,ok
large_el,F_el10_beta05_phase180_rho07,0,12,pair_el_local_covfit,pair_el_local_covfit,1,1,1,0,0,0,0,0,0.6549724,0.6619801,0.989414032234504,-0.0106992294637147,0.0064315,0.0038312,0.0812777,0.5321484,0.0310587,0.0001829,0.0063324,0.0798832,0.0037055,0.5400858,0.0315947,1,1,1,1,1,5,5,1,medium,ok
large_el,F_el10_beta05_phase180_rho07,0,13,pair_el_local_covfit,pair_el_local_covfit,1,1,1,0,0,0,0,0,0.6587488,0.6555082,1.00494364525112,0.00491932584924637,0.0077314,0.0037221,0.0890864,0.5252341,0.0326914,0.0002341,0.0068826,0.0841324,0.003657,0.5294549,0.0309887,1,1,1,1,1,5,5,1,medium,ok
large_el,F_el10_beta05_phase180_rho07,0,14,pair_el_local_covfit,pair_el_local_covfit,1,1,1,0,0,0,0,0,0.6560393,0.6503477,1.00875162624547,0.0086756997637184,0.006349,0.0036446,0.0785225,0.5354729,0.0317858,0.0002207,0.006263,0.0832602,0.0034807,0.5269649,0.0299703,1,1,1,1,1,5,5,1,medium,ok
large_el,F_el10_beta05_phase180_rho07,0,15,pair_el_local_covfit,pair_el_local_covfit,1,1,1,0,0,0,0,0,0.6529294,0.6576699,0.992791976643602,-0.00726035617327092,0.006837,0.0035913,0.0802192,0.5305676,0.0314473,0.000224,0.0064455,0.0815563,0.0029531,0.536073,0.0302741,1,1,1,1,1,5,5,1,medium,ok
large_el,F_el10_beta05_phase180_rho07,0,16,pair_el_local_covfit,pair_el_local_covfit,1,1,1,0,0,0,0,0,0.6541503,0.6708433,0.975116394544001,-0.0255186002360621,0.0069658,0.00353,0.090114,0.5202644,0.032988,0.0002404,0.007908,0.0881404,0.0044639,0.538486,0.0314639,1,1,1,1,1,5,5,1,medium,ok
large_el,F_el10_beta05_phase180_rho07,0,17,pair_el_local_covfit,pair_el_local_covfit,1,1,1,0,0,0,0,0,0.6609211,0.6661934,0.992085931802987,-0.00797720030424198,0.0066536,0.0036414,0.0828672,0.535184,0.0323497,0.0001821,0.006329,0.0857422,0.0037148,0.5389362,0.0311157,1,1,1,1,1,5,5,1,medium,ok
large_el,F_el10_beta05_phase180_rho07,0,18,pair_el_local_covfit,pair_el_local_covfit,1,1,1,0,0,0,0,0,0.6455808,0.6606188,0.97723649402651,-0.0232937534697439,0.0064657,0.0033383,0.0830228,0.521055,0.0314299,0.0002235,0.0061585,0.0799722,0.0034391,0.5386498,0.0320022,1,1,1,1,1,5,5,1,medium,ok
large_el,F_el10_beta05_phase180_rho07,0,19,pair_el_local_covfit,pair_el_local_covfit,1,1,1,0,0,0,0,0,0.6748851,0.6562252,1.02843520791338,0.0276490027709902,0.0064249,0.0041109,0.0898241,0.5433599,0.0308911,0.0002302,0.00654,0.0782381,0.0036885,0.536788,0.0305929,1,1,1,1,1,5,5,1,medium,ok
large_el,F_el10_beta05_phase180_rho07,0,20,pair_el_local_covfit,pair_el_local_covfit,1,1,1,0,0,0,0,0,0.6325696,0.6496706,0.973677429762098,-0.0270341793219275,0.0066496,0.0031719,0.0801925,0.5139549,0.0283719,0.0001883,0.0065765,0.0852963,0.0037714,0.5232243,0.0304349,1,1,1,1,1,5,5,1,medium,ok
large_el,F_el10_beta05_phase180_rho07,0,21,pair_el_local_covfit,pair_el_local_covfit,1,1,1,0,0,0,0,0,0.6503332,0.6546163,0.993457083179872,-0.00658600852609115,0.0061523,0.0034921,0.0801313,0.5294129,0.0309195,0.0001844,0.006848,0.0818548,0.0034777,0.5325507,0.0295406,1,1,1,1,1,5,5,1,medium,ok
large_el,F_el10_beta05_phase180_rho07,0,22,pair_el_local_covfit,pair_el_local_covfit,1,1,1,0,0,0,0,0,0.6601523,0.7103265,0.929364595013701,-0.0760039766581135,0.0066576,0.0043188,0.0873817,0.5281954,0.0333521,0.0002037,0.006917,0.0896706,0.0036132,0.573692,0.0360327,1,1,1,1,1,5,5,1,medium,ok
large_el,F_el10_beta05_phase180_rho07,0,23,pair_el_local_covfit,pair_el_local_covfit,1,1,1,0,0,0,0,0,0.6815098,0.6613975,1.03040879350164,0.0295113878039612,0.0069751,0.0042109,0.0867674,0.545636,0.03763,0.0002441,0.0069105,0.0848282,0.0033832,0.5365924,0.029244,1,1,1,1,1,5,5,1,medium,ok
large_el,F_el10_beta05_phase180_rho07,0,24,pair_el_local_covfit,pair_el_local_covfit,1,1,1,0,0,0,0,0,0.6563262,0.6707588,0.978483174577807,-0.0219899799825147,0.0063315,0.0033735,0.0781222,0.5373653,0.0309101,0.0001826,0.0062519,0.0806542,0.0037286,0.5473257,0.0324317,1,1,1,1,1,5,5,1,medium,ok
large_el,F_el10_beta05_phase180_rho07,0,25,pair_el_local_covfit,pair_el_local_covfit,1,1,1,0,0,0,0,0,0.6531738,0.6660907,0.980607896191915,-0.0197755941833553,0.0075503,0.003996,0.0797555,0.5292111,0.0323765,0.0002336,0.0063408,0.08173,0.0034253,0.5441878,0.0299498,1,1,1,1,1,5,5,1,medium,ok
large_el,F_el10_beta05_phase180_rho07,0,26,pair_el_local_covfit,pair_el_local_covfit,1,1,1,0,0,0,0,0,0.6463111,0.6656296,0.97097710197984,-0.0298904041722323,0.006441,0.0040792,0.0807187,0.5192766,0.0355713,0.0001841,0.0070164,0.0808692,0.0034574,0.5426141,0.0312958,1,1,1,1,1,5,5,1,medium,ok
large_el,F_el10_beta05_phase180_rho07,0,27,pair_el_local_covfit,pair_el_local_covfit,1,1,1,0,0,0,0,0,0.6476034,0.6520214,0.993224148777939,-0.00682207659811529,0.0064583,0.003348,0.079615,0.5268059,0.0311526,0.000183,0.0064629,0.0818842,0.0033811,0.5274638,0.0324295,1,1,1,1,1,5,5,1,medium,ok
large_el,F_el10_beta05_phase180_rho07,0,28,pair_el_local_covfit,pair_el_local_covfit,1,1,1,0,0,0,0,0,0.6670806,0.678778,0.982766972412188,-0.017535212386629,0.0068527,0.0037964,0.0853405,0.5369443,0.033867,0.0002322,0.0070887,0.0882977,0.0034522,0.5491063,0.0304379,1,1,1,1,1,5,5,1,medium,ok
large_el,F_el10_beta05_phase180_rho07,0,29,pair_el_local_covfit,pair_el_local_covfit,1,1,1,0,0,0,0,0,0.6449582,0.6508489,0.990949204953715,-0.00913346012191174,0.0063242,0.0033852,0.0835522,0.5191655,0.032266,0.00022,0.0068485,0.0816699,0.0029647,0.5247024,0.0343053,1,1,1,1,1,5,5,1,medium,ok
large_el,F_el10_beta05_phase180_rho07,0,30,pair_el_local_covfit,pair_el_local_covfit,1,1,1,0,0,0,0,0,0.6746798,0.6408437,1.05279930192027,0.0501513458680696,0.0067828,0.0041729,0.1014021,0.5310649,0.0309974,0.0002178,0.0065365,0.0803125,0.0036176,0.5165762,0.0334203,1,1,1,1,1,5,5,1,medium,ok
large_el,F_el10_beta05_phase180_rho07,8,1,pair_el_local_covfit,pair_el_local_covfit,1,1,1,0,0,0,0,0,0.6680649,0.687696,0.97145381098625,-0.0293850193297089,0.0072696,0.0037161,0.0939066,0.5322206,0.0307286,0.0001797,0.0066339,0.1004629,0.0041219,0.5445652,0.0315268,1,1,1,1,1,5,5,1,medium,ok
large_el,F_el10_beta05_phase180_rho07,8,2,pair_el_local_covfit,pair_el_local_covfit,1,1,1,0,0,0,0,0,0.6500103,0.6321919,1.02818511277984,0.0274124886944099,0.0063397,0.0037411,0.0803323,0.5285079,0.0308051,0.00024,0.0065591,0.0827783,0.0040382,0.5064004,0.0319966,1,1,1,1,1,5,5,1,medium,ok
large_el,F_el10_beta05_phase180_rho07,8,3,pair_el_local_covfit,pair_el_local_covfit,1,1,1,0,0,0,0,0,0.6516886,0.6492149,1.00381029455732,0.00379583132189198,0.0064301,0.003472,0.0814314,0.5295939,0.0304913,0.0002236,0.0062802,0.0786188,0.0034534,0.5286262,0.0318668,1,1,1,1,1,5,5,1,medium,ok
large_el,F_el10_beta05_phase180_rho07,8,4,pair_el_local_covfit,pair_el_local_covfit,1,1,1,0,0,0,0,0,0.6461344,0.6690234,0.965787444803874,-0.0354245184902708,0.006841,0.00373,0.0810701,0.5238223,0.0303986,0.0002281,0.0063924,0.0814646,0.0040391,0.5318522,0.044881,1,1,1,1,1,5,5,1,medium,ok
large_el,F_el10_beta05_phase180_rho07,8,5,pair_el_local_covfit,pair_el_local_covfit,1,1,1,0,0,0,0,0,0.6481965,0.6417074,1.01011224118656,0.0100110074645573,0.0065723,0.0036532,0.0796354,0.5258245,0.0322365,0.0002308,0.0065724,0.0793291,0.0033085,0.521008,0.0311201,1,1,1,1,1,5,5,1,medium,ok
large_el,F_el10_beta05_phase180_rho07,8,6,pair_el_local_covfit,pair_el_local_covfit,1,1,1,0,0,0,0,0,0.6504356,0.6541309,0.994350824888413,-0.00568126959840454,0.006266,0.0033137,0.0817047,0.5279359,0.0308984,0.0002628,0.0064703,0.0802616,0.0034905,0.5325009,0.0310276,1,1,1,1,1,5,5,1,medium,ok
large_el,F_el10_beta05_phase180_rho07,8,7,pair_el_local_covfit,pair_el_local_covfit,1,1,1,0,0,0,0,0,0.6584571,0.6590896,0.999040342921509,-0.000960578904836806,0.0077118,0.004128,0.0859148,0.5294335,0.0309441,0.0002724,0.0061312,0.0823093,0.0033415,0.5351971,0.0316839,1,1,1,1,1,5,5,1,medium,ok
large_el,F_el10_beta05_phase180_rho07,8,8,pair_el_local_covfit,pair_el_local_covfit,1,1,1,0,0,0,0,0,0.6362711,0.6499647,0.978931778910455,-0.0215216438401806,0.006661,0.0040346,0.0797916,0.5166198,0.028938,0.0001862,0.0068301,0.0847222,0.0036243,0.5252675,0.0291682,1,1,1,1,1,5,5,1,medium,ok
large_el,F_el10_beta05_phase180_rho07,8,9,pair_el_local_covfit,pair_el_local_covfit,1,1,1,0,0,0,0,0,0.653204,0.6598984,0.989855408044632,-0.0102485594086992,0.0070175,0.0033978,0.0804889,0.5278523,0.0341598,0.000243,0.0067971,0.0872911,0.0033077,0.5318712,0.030254,1,1,1,1,1,5,5,1,medium,ok
large_el,F_el10_beta05_phase180_rho07,8,10,pair_el_local_covfit,pair_el_local_covfit,1,1,1,0,0,0,0,0,0.6746989,0.6594074,1.02318976098843,0.0226641839789572,0.0061738,0.0031559,0.0867413,0.5475582,0.0308119,0.0002172,0.0065585,0.0812907,0.0031933,0.5371211,0.0308291,1,1,1,1,1,5,5,1,medium,ok
large_el,F_el10_beta05_phase180_rho07,8,11,pair_el_local_covfit,pair_el_local_covfit,1,1,1,0,0,0,0,0,0.6428974,0.6668916,0.964020839368797,-0.0373219739261663,0.0063046,0.0035101,0.0794904,0.5221545,0.0311679,0.0002255,0.0063714,0.083244,0.0033662,0.5428324,0.0306945,1,1,1,1,1,5,5,1,medium,ok
large_el,F_el10_beta05_phase180_rho07,8,12,pair_el_local_covfit,pair_el_local_covfit,1,1,1,0,0,0,0,0,0.6531718,0.6619991,0.986665691841575,-0.0135145148642364,0.0062231,0.0035696,0.0801686,0.532759,0.030175,0.000233,0.0065977,0.0804905,0.0031531,0.5416823,0.0296814,1,1,1,1,1,5,5,1,medium,ok
large_el,F_el10_beta05_phase180_rho07,8,13,pair_el_local_covfit,pair_el_local_covfit,1,1,1,0,0,0,0,0,0.6580903,0.6630982,0.992447724937272,-0.00760974595735564,0.0066346,0.0036981,0.0879414,0.5287266,0.0308698,0.0001808,0.0062626,0.0804804,0.0037153,0.5411594,0.0311094,1,1,1,1,1,5,5,1,medium,ok
large_el,F_el10_beta05_phase180_rho07,8,14,pair_el_local_covfit,pair_el_local_covfit,1,1,1,0,0,0,0,0,0.6468359,0.6549381,0.987629059906577,-0.0125258972175168,0.0065616,0.0039411,0.0814574,0.523102,0.0315068,0.0002245,0.0064506,0.0850253,0.0033276,0.5281343,0.0316208,1,1,1,1,1,5,5,1,medium,ok
large_el,F_el10_beta05_phase180_rho07,8,15,pair_el_local_covfit,pair_el_local_covfit,1,1,1,0,0,0,0,0,0.6748807,0.6738724,1.00149627733678,0.00149404183583846,0.0064852,0.0036056,0.0804786,0.5510655,0.0329716,0.0002278,0.0072194,0.0858918,0.0032887,0.5441478,0.0329275,1,1,1,1,1,5,5,1,medium,ok
large_el,F_el10_beta05_phase180_rho07,8,16,pair_el_local_covfit,pair_el_local_covfit,1,1,1,0,0,0,0,0,0.6754373,0.6587429,1.02534281583908,0.0247164318582939,0.0073156,0.0042962,0.0895748,0.542013,0.0319655,0.0002293,0.0067528,0.0863715,0.0038888,0.5292801,0.0320503,1,1,1,1,1,5,5,1,medium,ok
large_el,F_el10_beta05_phase180_rho07,8,17,pair_el_local_covfit,pair_el_local_covfit,1,1,1,0,0,0,0,0,0.6488258,0.660279,0.982653999294238,-0.0176521957049178,0.0061688,0.0036613,0.0823549,0.5249696,0.0314045,0.0002229,0.0063168,0.0855839,0.0032351,0.5331762,0.0315709,1,1,1,1,1,5,5,1,medium,ok
large_el,F_el10_beta05_phase180_rho07,8,18,pair_el_local_covfit,pair_el_local_covfit,1,1,1,0,0,0,0,0,0.6644346,0.6637715,1.00099898835669,0.000997991374922402,0.006577,0.0035148,0.0850822,0.5379741,0.0310623,0.0001832,0.0067851,0.0798111,0.0037,0.5379851,0.0351273,1,1,1,1,1,5,5,1,medium,ok
large_el,F_el10_beta05_phase180_rho07,8,19,pair_el_local_covfit,pair_el_local_covfit,1,1,1,0,0,0,0,0,0.6428461,0.6537108,0.983379959456077,-0.0169009347649463,0.0068398,0.0036369,0.0818214,0.5192448,0.0310332,0.0002226,0.006279,0.0808809,0.003826,0.5295411,0.0327908,1,1,1,1,1,5,5,1,medium,ok
large_el,F_el10_beta05_phase180_rho07,8,20,pair_el_local_covfit,pair_el_local_covfit,1,1,1,0,0,0,0,0,0.6482975,0.6412845,1.01093586387945,0.0108175644669306,0.0066007,0.003553,0.0805562,0.5263479,0.0309574,0.0002367,0.0063387,0.0847001,0.0033948,0.5189956,0.0274245,1,1,1,1,1,5,5,1,medium,ok
large_el,F_el10_beta05_phase180_rho07,8,21,pair_el_local_covfit,pair_el_local_covfit,1,1,1,0,0,0,0,0,0.6523421,0.6577218,0.991820705958051,-0.00824674660733993,0.0062036,0.0039059,0.0818034,0.5281119,0.0320541,0.0002164,0.0062886,0.0830555,0.0033397,0.532856,0.0317865,1,1,1,1,1,5,5,1,medium,ok
large_el,F_el10_beta05_phase180_rho07,8,22,pair_el_local_covfit,pair_el_local_covfit,1,1,1,0,0,0,0,0,0.6502581,0.6477619,1.0038535764453,0.00383878340000676,0.0065852,0.0039164,0.0852075,0.5235578,0.0307172,0.0002269,0.006272,0.081216,0.0034598,0.5244085,0.0320069,1,1,1,1,1,5,5,1,medium,ok
large_el,F_el10_beta05_phase180_rho07,8,23,pair_el_local_covfit,pair_el_local_covfit,1,1,1,0,0,0,0,0,0.65171,0.6466194,1.00787263728864,0.00781114299304919,0.0063744,0.0039884,0.0805779,0.5276262,0.0328755,0.0002228,0.0062391,0.0833653,0.0034924,0.5256302,0.027511,1,1,1,1,1,5,5,1,medium,ok
large_el,F_el10_beta05_phase180_rho07,8,24,pair_el_local_covfit,pair_el_local_covfit,1,1,1,0,0,0,0,0,0.6515087,0.6614504,0.984969848079312,-0.0152595045929547,0.006571,0.0041884,0.0830888,0.5262017,0.031194,0.000219,0.0062702,0.0980246,0.0033878,0.5215159,0.031853,1,1,1,1,1,5,5,1,medium,ok
large_el,F_el10_beta05_phase180_rho07,8,25,pair_el_local_covfit,pair_el_local_covfit,1,1,1,0,0,0,0,0,0.6509251,0.6572982,0.990304096375131,-0.00979083461369057,0.0063614,0.0032797,0.082303,0.5272519,0.0314637,0.0002228,0.0068424,0.0825225,0.0031926,0.5315098,0.0328397,1,1,1,1,1,5,5,1,medium,ok
large_el,F_el10_beta05_phase180_rho07,8,26,pair_el_local_covfit,pair_el_local_covfit,1,1,1,0,0,0,0,0,0.6559151,0.6460466,1.01527521389324,0.0150453923076325,0.0072476,0.0034189,0.0866444,0.5265042,0.0318217,0.0002269,0.0061973,0.0820775,0.0040713,0.5206226,0.0326283,1,1,1,1,1,5,5,1,medium,ok
large_el,F_el10_beta05_phase180_rho07,8,27,pair_el_local_covfit,pair_el_local_covfit,1,1,1,0,0,0,0,0,0.6489971,0.6459738,1.00468022077676,0.00465841835040548,0.0065465,0.0036992,0.0806666,0.5273135,0.0305474,0.0001836,0.0066883,0.0807166,0.0032912,0.5229545,0.0318899,1,1,1,1,1,5,5,1,medium,ok
large_el,F_el10_beta05_phase180_rho07,8,28,pair_el_local_covfit,pair_el_local_covfit,1,1,1,0,0,0,0,0,0.6582703,0.6600345,0.99732710941625,-0.0026800540750509,0.0070477,0.0040172,0.0830199,0.5303293,0.0336154,0.0001939,0.0065099,0.0883428,0.0032895,0.529718,0.0318063,1,1,1,1,1,5,5,1,medium,ok
large_el,F_el10_beta05_phase180_rho07,8,29,pair_el_local_covfit,pair_el_local_covfit,1,1,1,0,0,0,0,0,0.6535098,0.6548977,0.997880737709111,-0.00212376310194573,0.0063075,0.0035386,0.0795067,0.5318642,0.0320621,0.000189,0.0067671,0.0804109,0.0041507,0.5323175,0.0308561,1,1,1,1,1,5,5,1,medium,ok
large_el,F_el10_beta05_phase180_rho07,8,30,pair_el_local_covfit,pair_el_local_covfit,1,1,1,0,0,0,0,0,0.6451499,0.6602874,0.977074377006134,-0.0234635392487854,0.0065174,0.0033958,0.0826886,0.5206143,0.031643,0.0002453,0.0097685,0.0900335,0.0033886,0.5273793,0.0293274,1,1,1,1,1,5,5,1,medium,ok
large_el,F_el10_beta05_phase180_rho07,16,1,pair_el_local_covfit,pair_el_local_covfit,1,1,1,0,0,0,0,0,0.6814578,0.6747682,1.00991392303312,0.00981660199648449,0.00731,0.004009,0.0973068,0.5414139,0.0311245,0.00025,0.0062389,0.0826278,0.0036793,0.5514265,0.0303727,1,1,1,1,1,5,5,1,medium,ok
large_el,F_el10_beta05_phase180_rho07,16,2,pair_el_local_covfit,pair_el_local_covfit,1,1,1,0,0,0,0,0,0.6396247,0.6432801,0.994317560888328,-0.00571491376114763,0.0067686,0.0033001,0.0797834,0.5178183,0.0317286,0.0001859,0.006717,0.080376,0.0034216,0.5212027,0.0312155,1,1,1,1,1,5,5,1,medium,ok
large_el,F_el10_beta05_phase180_rho07,16,3,pair_el_local_covfit,pair_el_local_covfit,1,1,1,0,0,0,0,0,0.6529426,0.6497758,1.00487368104506,0.00485004348008544,0.0065285,0.0042937,0.0788218,0.5333846,0.0296477,0.0002236,0.0064785,0.0806284,0.0035468,0.527653,0.0311211,1,1,1,1,1,5,5,1,medium,ok
large_el,F_el10_beta05_phase180_rho07,16,4,pair_el_local_covfit,pair_el_local_covfit,1,1,1,0,0,0,0,0,0.6550474,0.6523802,1.00408841347423,0.00407176640957585,0.0064579,0.0039042,0.0834305,0.5293243,0.0316632,0.0002238,0.0063011,0.0821176,0.0032596,0.5280913,0.03224,1,1,1,1,1,5,5,1,medium,ok
large_el,F_el10_beta05_phase180_rho07,16,5,pair_el_local_covfit,pair_el_local_covfit,1,1,1,0,0,0,0,0,0.6389056,0.6533042,0.977960343741859,-0.0225363496579152,0.0063415,0.0034281,0.0806606,0.5168672,0.0313328,0.0002312,0.006654,0.0830708,0.0034085,0.5302911,0.0295304,1,1,1,1,1,5,5,1,medium,ok
large_el,F_el10_beta05_phase180_rho07,16,6,pair_el_local_covfit,pair_el_local_covfit,1,1,1,0,0,0,0,0,0.6383966,0.6911643,0.923653898212046,-0.082656611892983,0.0065623,0.0034034,0.0786755,0.5206919,0.0288382,0.0001836,0.0062674,0.0813743,0.0040432,0.5637244,0.0353621,1,1,1,1,1,5,5,1,medium,ok
large_el,F_el10_beta05_phase180_rho07,16,7,pair_el_local_covfit,pair_el_local_covfit,1,1,1,0,0,0,0,0,0.7493568,0.7137905,1.04982736531237,0.047462437119407,0.0071905,0.0042584,0.0943737,0.6107652,0.0324753,0.0002427,0.0071415,0.0841575,0.0037984,0.5817845,0.0365084,1,1,1,1,1,5,5,1,medium,ok
large_el,F_el10_beta05_phase180_rho07,16,8,pair_el_local_covfit,pair_el_local_covfit,1,1,1,0,0,0,0,0,0.7012703,0.6734556,1.04130146070506,0.0396633081423811,0.0071435,0.0035156,0.0952855,0.5569007,0.0381321,0.0002474,0.0065045,0.092891,0.0045515,0.5393265,0.0296894,1,1,1,1,1,5,5,1,medium,ok
large_el,F_el10_beta05_phase180_rho07,16,9,pair_el_local_covfit,pair_el_local_covfit,1,1,1,0,0,0,0,0,0.6510809,0.6599722,0.986527765866502,-0.013656213843779,0.0061684,0.0037614,0.0831131,0.5255974,0.0322035,0.0001924,0.0069728,0.0813138,0.0036755,0.5342942,0.0333417,1,1,1,1,1,5,5,1,medium,ok
large_el,F_el10_beta05_phase180_rho07,16,10,pair_el_local_covfit,pair_el_local_covfit,1,1,1,0,0,0,0,0,0.6527224,0.6501935,1.00388945752303,0.00387438825448627,0.00647,0.0035517,0.0830826,0.5275668,0.0317883,0.0002204,0.006725,0.0802558,0.003528,0.5286483,0.0306059,1,1,1,1,1,5,5,1,medium,ok
large_el,F_el10_beta05_phase180_rho07,16,11,pair_el_local_covfit,pair_el_local_covfit,1,1,1,0,0,0,0,0,0.6453441,0.6516787,0.990279565681677,-0.00981584863021157,0.0068439,0.0040385,0.0795894,0.5224931,0.0321044,0.0002304,0.0063818,0.0783894,0.0033364,0.531348,0.0317961,1,1,1,1,1,5,5,1,medium,ok
large_el,F_el10_beta05_phase180_rho07,16,12,pair_el_local_covfit,pair_el_local_covfit,1,1,1,0,0,0,0,0,0.6588231,0.6581551,1.00101495832821,0.00101392923229315,0.0064848,0.0038656,0.0800578,0.5364619,0.0316884,0.0002219,0.0070307,0.0836359,0.0036658,0.531627,0.0317776,1,1,1,1,1,5,5,1,medium,ok
large_el,F_el10_beta05_phase180_rho07,16,13,pair_el_local_covfit,pair_el_local_covfit,1,1,1,0,0,0,0,0,0.6442091,0.661394,0.974017151652419,-0.0266759659247287,0.0072355,0.0035343,0.0803649,0.5224186,0.030395,0.0002151,0.0065233,0.0855098,0.0031871,0.5355838,0.0302101,1,1,1,1,1,5,5,1,medium,ok
large_el,F_el10_beta05_phase180_rho07,16,14,pair_el_local_covfit,pair_el_local_covfit,1,1,1,0,0,0,0,0,0.6662668,0.6503449,1.02448224011598,0.0238971835306818,0.0061097,0.003391,0.0801665,0.5441215,0.0322009,0.0002294,0.0070035,0.0812496,0.0040017,0.5254351,0.0322698,1,1,1,1,1,5,5,1,medium,ok
large_el,F_el10_beta05_phase180_rho07,16,15,pair_el_local_covfit,pair_el_local_covfit,1,1,1,0,0,0,0,0,0.6426659,0.6503843,0.988132554860257,-0.0120099728334739,0.0068253,0.0042334,0.0803587,0.5194735,0.0315158,0.000216,0.006271,0.0807223,0.0038315,0.5271088,0.0320161,1,1,1,1,1,5,5,1,medium,ok
large_el,F_el10_beta05_phase180_rho07,16,16,pair_el_local_covfit,pair_el_local_covfit,1,1,1,0,0,0,0,0,0.6491581,0.6534711,0.993399861141526,-0.00664399011581307,0.0068284,0.0038285,0.0808518,0.5258188,0.0315666,0.0002216,0.0064725,0.0809781,0.0030118,0.5309692,0.0316913,1,1,1,1,1,5,5,1,medium,ok
large_el,F_el10_beta05_phase180_rho07,16,17,pair_el_local_covfit,pair_el_local_covfit,1,1,1,0,0,0,0,0,0.6354197,0.6467544,0.982474491089663,-0.017838131238298,0.0064157,0.0037432,0.0794714,0.5159024,0.0296584,0.0001845,0.0062789,0.0831125,0.0032384,0.5219833,0.0317811,1,1,1,1,1,5,5,1,medium,ok
large_el,F_el10_beta05_phase180_rho07,16,18,pair_el_local_covfit,pair_el_local_covfit,1,1,1,0,0,0,0,0,0.6531918,0.6466416,1.01012956790902,0.010027988716331,0.0067585,0.0039799,0.0807608,0.5306956,0.0307389,0.0002154,0.0064557,0.0814135,0.0032657,0.5246019,0.0305179,1,1,1,1,1,5,5,1,medium,ok
large_el,F_el10_beta05_phase180_rho07,16,19,pair_el_local_covfit,pair_el_local_covfit,1,1,1,0,0,0,0,0,0.6510291,0.6788004,0.959087678793354,-0.0426575401929037,0.0065087,0.0032126,0.083023,0.5273336,0.0306888,0.0002197,0.0063497,0.0799478,0.0036871,0.5419188,0.0465352,1,1,1,1,1,5,5,1,medium,ok
large_el,F_el10_beta05_phase180_rho07,16,20,pair_el_local_covfit,pair_el_local_covfit,1,1,1,0,0,0,0,0,0.6388635,0.650091,0.982729340969188,-0.0175741766433675,0.0064377,0.0033465,0.0804087,0.5178998,0.0305045,0.0002212,0.007116,0.0810531,0.0036895,0.5297033,0.0281536,1,1,1,1,1,5,5,1,medium,ok
large_el,F_el10_beta05_phase180_rho07,16,21,pair_el_local_covfit,pair_el_local_covfit,1,1,1,0,0,0,0,0,0.6324486,0.6392338,0.989385417354339,-0.0107284607792633,0.0065644,0.0036817,0.0785757,0.5119904,0.0313663,0.0001949,0.0064434,0.0819864,0.0036138,0.5171398,0.0296764,1,1,1,1,1,5,5,1,medium,ok
large_el,F_el10_beta05_phase180_rho07,16,22,pair_el_local_covfit,pair_el_local_covfit,1,1,1,0,0,0,0,0,0.6584299,0.6583038,1.00019155289701,0.000191516211520804,0.006642,0.0038581,0.0803743,0.5378378,0.0294378,0.0002353,0.0064526,0.0799389,0.0030494,0.5369533,0.0315375,1,1,1,1,1,5,5,1,medium,ok
large_el,F_el10_beta05_phase180_rho07,16,23,pair_el_local_covfit,pair_el_local_covfit,1,1,1,0,0,0,0,0,0.6550796,0.6488858,1.0095452851642,0.00945503416684024,0.0066697,0.0039484,0.0813313,0.5329935,0.0299096,0.0001857,0.0067541,0.0798743,0.0036832,0.5272571,0.0309595,1,1,1,1,1,5,5,1,medium,ok
large_el,F_el10_beta05_phase180_rho07,16,24,pair_el_local_covfit,pair_el_local_covfit,1,1,1,0,0,0,0,0,0.6545328,0.6543774,1.00023747763905,0.000237421256811032,0.00646,0.0037086,0.0805863,0.5339818,0.0295154,0.0002377,0.0065916,0.088853,0.0032541,0.5237429,0.0315559,1,1,1,1,1,5,5,1,medium,ok
large_el,F_el10_beta05_phase180_rho07,16,25,pair_el_local_covfit,pair_el_local_covfit,1,1,1,0,0,0,0,0,0.652011,0.6717357,0.970636218977196,-0.030252096973824,0.0065468,0.0033709,0.082225,0.5285368,0.0311059,0.0001856,0.0064889,0.0811864,0.0030742,0.5492619,0.0313895,1,1,1,1,1,5,5,1,medium,ok
large_el,F_el10_beta05_phase180_rho07,16,26,pair_el_local_covfit,pair_el_local_covfit,1,1,1,0,0,0,0,0,0.6472372,0.6574408,0.984479819323656,-0.0157648540596864,0.0062666,0.0036361,0.0801886,0.5254018,0.0314788,0.0002213,0.0062794,0.0833226,0.0030915,0.5332248,0.0311488,1,1,1,1,1,5,5,1,medium,ok
large_el,F_el10_beta05_phase180_rho07,16,27,pair_el_local_covfit,pair_el_local_covfit,1,1,1,0,0,0,0,0,0.6518941,0.6444051,1.01162157158595,0.0114880622481475,0.0063559,0.0038169,0.0818898,0.5309854,0.0285721,0.0002301,0.0065168,0.079945,0.0033064,0.5230695,0.0311995,1,1,1,1,1,5,5,1,medium,ok
large_el,F_el10_beta05_phase180_rho07,16,28,pair_el_local_covfit,pair_el_local_covfit,1,1,1,0,0,0,0,0,0.6428806,0.6489886,0.990588432524084,-0.00950098665288701,0.0064779,0.0034611,0.0798429,0.5228455,0.0300287,0.0001836,0.0065754,0.0799257,0.0036303,0.5266209,0.0318869,1,1,1,1,1,5,5,1,medium,ok
large_el,F_el10_beta05_phase180_rho07,16,29,pair_el_local_covfit,pair_el_local_covfit,1,1,1,0,0,0,0,0,0.6500754,0.6477976,1.00351622173346,0.00350390123976385,0.0067291,0.0037895,0.0834332,0.5244338,0.0314266,0.0002195,0.00678,0.081062,0.0033951,0.5260599,0.0301103,1,1,1,1,1,5,5,1,medium,ok
large_el,F_el10_beta05_phase180_rho07,16,30,pair_el_local_covfit,pair_el_local_covfit,1,1,1,0,0,0,0,0,0.6809033,0.6896107,0.987373455777296,-0.0127880126296935,0.0062626,0.0033942,0.0798426,0.5506225,0.0405543,0.0001838,0.0070509,0.0925289,0.0034085,0.554609,0.0316223,1,1,1,1,1,5,5,1,medium,ok
