Copyright 1986-2022 Xilinx, Inc. All Rights Reserved. Copyright 2022-2024 Advanced Micro Devices, Inc. All Rights Reserved.
----------------------------------------------------------------------------------------------------------------------------------------------------------------------------
| Tool Version : Vivado v.2024.2 (win64) Build 5239630 Fri Nov 08 22:35:27 MST 2024
| Date         : Sun Jun 21 13:40:10 2026
| Host         : Aurora running 64-bit major release  (build 9200)
| Command      : report_timing_summary -file <STEP14_DIR>/results_step14_dbf_ip_soc_integration/reference_bd_timing/strategy_4_timing_summary.rpt -max_paths 20 -report_unconstrained
| Design       : dbf_reference_bd_wrapper
| Device       : 7z020-clg400
| Speed File   : -1  PRODUCTION 1.12 2019-11-22
| Design State : Routed
----------------------------------------------------------------------------------------------------------------------------------------------------------------------------

Timing Summary Report

------------------------------------------------------------------------------------------------
| Timer Settings
| --------------
------------------------------------------------------------------------------------------------

  Enable Multi Corner Analysis               :  Yes
  Enable Pessimism Removal                   :  Yes
  Pessimism Removal Resolution               :  Nearest Common Node
  Enable Input Delay Default Clock           :  No
  Enable Preset / Clear Arcs                 :  No
  Disable Flight Delays                      :  No
  Ignore I/O Paths                           :  No
  Timing Early Launch at Borrowing Latches   :  No
  Borrow Time for Max Delay Exceptions       :  Yes
  Merge Timing Exceptions                    :  Yes
  Inter-SLR Compensation                     :  Conservative

  Corner  Analyze    Analyze    
  Name    Max Paths  Min Paths  
  ------  ---------  ---------  
  Slow    Yes        Yes        
  Fast    Yes        Yes        


------------------------------------------------------------------------------------------------
| Report Methodology
| ------------------
------------------------------------------------------------------------------------------------

Rule       Severity  Description                    Violations  
---------  --------  -----------------------------  ----------  
TIMING-18  Warning   Missing input or output delay  153         

Note: This report is based on the most recent report_methodology run and may not be up-to-date. Run report_methodology on the current design for the latest report.



check_timing report

Table of Contents
-----------------
1. checking no_clock (0)
2. checking constant_clock (0)
3. checking pulse_width_clock (0)
4. checking unconstrained_internal_endpoints (0)
5. checking no_input_delay (40)
6. checking no_output_delay (114)
7. checking multiple_clock (0)
8. checking generated_clocks (0)
9. checking loops (0)
10. checking partial_input_delay (0)
11. checking partial_output_delay (0)
12. checking latch_loops (0)

1. checking no_clock (0)
------------------------
 There are 0 register/latch pins with no clock.


2. checking constant_clock (0)
------------------------------
 There are 0 register/latch pins with constant_clock.


3. checking pulse_width_clock (0)
---------------------------------
 There are 0 register/latch pins which need pulse_width check


4. checking unconstrained_internal_endpoints (0)
------------------------------------------------
 There are 0 pins that are not constrained for maximum delay.

 There are 0 pins that are not constrained for maximum delay due to constant clock.


5. checking no_input_delay (40)
-------------------------------
 There are 39 input ports with no input delay specified. (HIGH)

 There is 1 input port with no input delay but user has a false path constraint. (MEDIUM)


6. checking no_output_delay (114)
---------------------------------
 There are 114 ports with no output delay specified. (HIGH)

 There are 0 ports with no output delay but user has a false path constraint

 There are 0 ports with no output delay but with a timing clock defined on it or propagating through it


7. checking multiple_clock (0)
------------------------------
 There are 0 register/latch pins with multiple clocks.


8. checking generated_clocks (0)
--------------------------------
 There are 0 generated clocks that are not connected to a clock source.


9. checking loops (0)
---------------------
 There are 0 combinational loops in the design.


10. checking partial_input_delay (0)
------------------------------------
 There are 0 input ports with partial input delay specified.


11. checking partial_output_delay (0)
-------------------------------------
 There are 0 ports with partial output delay specified.


12. checking latch_loops (0)
----------------------------
 There are 0 combinational latch loops in the design through latch input



------------------------------------------------------------------------------------------------
| Design Timing Summary
| ---------------------
------------------------------------------------------------------------------------------------

    WNS(ns)      TNS(ns)  TNS Failing Endpoints  TNS Total Endpoints      WHS(ns)      THS(ns)  THS Failing Endpoints  THS Total Endpoints     WPWS(ns)     TPWS(ns)  TPWS Failing Endpoints  TPWS Total Endpoints  
    -------      -------  ---------------------  -------------------      -------      -------  ---------------------  -------------------     --------     --------  ----------------------  --------------------  
      0.205        0.000                      0                13401        0.093        0.000                      0                13401        1.116        0.000                       0                  5079  


All user specified timing constraints are met.


------------------------------------------------------------------------------------------------
| Clock Summary
| -------------
------------------------------------------------------------------------------------------------

Clock  Waveform(ns)         Period(ns)      Frequency(MHz)
-----  ------------         ----------      --------------
aclk   {0.000 2.500}        5.000           200.000         


------------------------------------------------------------------------------------------------
| Intra Clock Table
| -----------------
------------------------------------------------------------------------------------------------

Clock             WNS(ns)      TNS(ns)  TNS Failing Endpoints  TNS Total Endpoints      WHS(ns)      THS(ns)  THS Failing Endpoints  THS Total Endpoints     WPWS(ns)     TPWS(ns)  TPWS Failing Endpoints  TPWS Total Endpoints  
-----             -------      -------  ---------------------  -------------------      -------      -------  ---------------------  -------------------     --------     --------  ----------------------  --------------------  
aclk                0.205        0.000                      0                13401        0.093        0.000                      0                13401        1.116        0.000                       0                  5079  


------------------------------------------------------------------------------------------------
| Inter Clock Table
| -----------------
------------------------------------------------------------------------------------------------

From Clock    To Clock          WNS(ns)      TNS(ns)  TNS Failing Endpoints  TNS Total Endpoints      WHS(ns)      THS(ns)  THS Failing Endpoints  THS Total Endpoints  
----------    --------          -------      -------  ---------------------  -------------------      -------      -------  ---------------------  -------------------  


------------------------------------------------------------------------------------------------
| Other Path Groups Table
| -----------------------
------------------------------------------------------------------------------------------------

Path Group    From Clock    To Clock          WNS(ns)      TNS(ns)  TNS Failing Endpoints  TNS Total Endpoints      WHS(ns)      THS(ns)  THS Failing Endpoints  THS Total Endpoints  
----------    ----------    --------          -------      -------  ---------------------  -------------------      -------      -------  ---------------------  -------------------  


------------------------------------------------------------------------------------------------
| User Ignored Path Table
| -----------------------
------------------------------------------------------------------------------------------------

Path Group    From Clock    To Clock    
----------    ----------    --------    
(none)                      aclk          


------------------------------------------------------------------------------------------------
| Unconstrained Path Table
| ------------------------
------------------------------------------------------------------------------------------------

Path Group    From Clock    To Clock    
----------    ----------    --------    
(none)        aclk                        
(none)                      aclk          


------------------------------------------------------------------------------------------------
| Timing Details
| --------------
------------------------------------------------------------------------------------------------


---------------------------------------------------------------------------------------------------
From Clock:  aclk
  To Clock:  aclk

Setup :            0  Failing Endpoints,  Worst Slack        0.205ns,  Total Violation        0.000ns
Hold  :            0  Failing Endpoints,  Worst Slack        0.093ns,  Total Violation        0.000ns
PW    :            0  Failing Endpoints,  Worst Slack        1.116ns,  Total Violation        0.000ns
---------------------------------------------------------------------------------------------------


Max Delay Paths
--------------------------------------------------------------------------------------
Slack (MET) :             0.205ns  (required time - arrival time)
  Source:                 dbf_reference_bd_i/dbf_axis_0/inst/u_system/u_datapath/u_core/gen_lane[5].u_lane/acc_re_q_reg[47]/C
                            (rising edge-triggered cell FDRE clocked by aclk  {rise@0.000ns fall@2.500ns period=5.000ns})
  Destination:            dbf_reference_bd_i/dbf_axis_0/inst/u_system/u_datapath/u_core/gen_lane[5].u_lane/u_quant_re/abs_s1_reg[47]/D
                            (rising edge-triggered cell FDRE clocked by aclk  {rise@0.000ns fall@2.500ns period=5.000ns})
  Path Group:             aclk
  Path Type:              Setup (Max at Slow Process Corner)
  Requirement:            5.000ns  (aclk rise@5.000ns - aclk rise@0.000ns)
  Data Path Delay:        4.513ns  (logic 2.252ns (49.897%)  route 2.261ns (50.103%))
  Logic Levels:           12  (CARRY4=11 LUT2=1)
  Clock Path Skew:        -0.049ns (DCD - SCD + CPR)
    Destination Clock Delay (DCD):    0.924ns = ( 5.924 - 5.000 ) 
    Source Clock Delay      (SCD):    0.973ns
    Clock Pessimism Removal (CPR):    0.000ns
  Clock Uncertainty:      0.035ns  ((TSJ^2 + TIJ^2)^1/2 + DJ) / 2 + PE
    Total System Jitter     (TSJ):    0.071ns
    Total Input Jitter      (TIJ):    0.000ns
    Discrete Jitter          (DJ):    0.000ns
    Phase Error              (PE):    0.000ns

    Location             Delay type                Incr(ns)  Path(ns)    Netlist Resource(s)
  -------------------------------------------------------------------    -------------------
                         (clock aclk rise edge)       0.000     0.000 r  
                                                      0.000     0.000 r  aclk (IN)
                         net (fo=5092, unset)         0.973     0.973    dbf_reference_bd_i/dbf_axis_0/inst/u_system/u_datapath/u_core/gen_lane[5].u_lane/aclk
    SLICE_X9Y28          FDRE                                         r  dbf_reference_bd_i/dbf_axis_0/inst/u_system/u_datapath/u_core/gen_lane[5].u_lane/acc_re_q_reg[47]/C
  -------------------------------------------------------------------    -------------------
    SLICE_X9Y28          FDRE (Prop_fdre_C_Q)         0.456     1.429 r  dbf_reference_bd_i/dbf_axis_0/inst/u_system/u_datapath/u_core/gen_lane[5].u_lane/acc_re_q_reg[47]/Q
                         net (fo=48, routed)          2.252     3.681    dbf_reference_bd_i/dbf_axis_0/inst/u_system/u_datapath/u_core/gen_lane[5].u_lane/u_quant_re/Q[47]
    SLICE_X9Y17          LUT2 (Prop_lut2_I0_O)        0.124     3.805 r  dbf_reference_bd_i/dbf_axis_0/inst/u_system/u_datapath/u_core/gen_lane[5].u_lane/u_quant_re/abs_s1[19]_i_21/O
                         net (fo=1, routed)           0.000     3.805    dbf_reference_bd_i/dbf_axis_0/inst/u_system/u_datapath/u_core/gen_lane[5].u_lane/u_quant_re/abs_s1[19]_i_21_n_0
    SLICE_X9Y17          CARRY4 (Prop_carry4_S[0]_CO[3])
                                                      0.532     4.337 r  dbf_reference_bd_i/dbf_axis_0/inst/u_system/u_datapath/u_core/gen_lane[5].u_lane/u_quant_re/abs_s1_reg[19]_i_12__9/CO[3]
                         net (fo=1, routed)           0.000     4.337    dbf_reference_bd_i/dbf_axis_0/inst/u_system/u_datapath/u_core/gen_lane[5].u_lane/u_quant_re/abs_s1_reg[19]_i_12__9_n_0
    SLICE_X9Y18          CARRY4 (Prop_carry4_CI_CO[3])
                                                      0.114     4.451 r  dbf_reference_bd_i/dbf_axis_0/inst/u_system/u_datapath/u_core/gen_lane[5].u_lane/u_quant_re/abs_s1_reg[19]_i_7__9/CO[3]
                         net (fo=1, routed)           0.000     4.451    dbf_reference_bd_i/dbf_axis_0/inst/u_system/u_datapath/u_core/gen_lane[5].u_lane/u_quant_re/abs_s1_reg[19]_i_7__9_n_0
    SLICE_X9Y19          CARRY4 (Prop_carry4_CI_CO[3])
                                                      0.114     4.565 r  dbf_reference_bd_i/dbf_axis_0/inst/u_system/u_datapath/u_core/gen_lane[5].u_lane/u_quant_re/abs_s1_reg[19]_i_2__9/CO[3]
                         net (fo=1, routed)           0.000     4.565    dbf_reference_bd_i/dbf_axis_0/inst/u_system/u_datapath/u_core/gen_lane[5].u_lane/u_quant_re/abs_s1_reg[19]_i_2__9_n_0
    SLICE_X9Y20          CARRY4 (Prop_carry4_CI_CO[3])
                                                      0.114     4.679 r  dbf_reference_bd_i/dbf_axis_0/inst/u_system/u_datapath/u_core/gen_lane[5].u_lane/u_quant_re/abs_s1_reg[19]_i_1__9/CO[3]
                         net (fo=1, routed)           0.000     4.679    dbf_reference_bd_i/dbf_axis_0/inst/u_system/u_datapath/u_core/gen_lane[5].u_lane/u_quant_re/abs_s1_reg[19]_i_1__9_n_0
    SLICE_X9Y21          CARRY4 (Prop_carry4_CI_CO[3])
                                                      0.114     4.793 r  dbf_reference_bd_i/dbf_axis_0/inst/u_system/u_datapath/u_core/gen_lane[5].u_lane/u_quant_re/abs_s1_reg[23]_i_1__9/CO[3]
                         net (fo=1, routed)           0.000     4.793    dbf_reference_bd_i/dbf_axis_0/inst/u_system/u_datapath/u_core/gen_lane[5].u_lane/u_quant_re/abs_s1_reg[23]_i_1__9_n_0
    SLICE_X9Y22          CARRY4 (Prop_carry4_CI_CO[3])
                                                      0.114     4.907 r  dbf_reference_bd_i/dbf_axis_0/inst/u_system/u_datapath/u_core/gen_lane[5].u_lane/u_quant_re/abs_s1_reg[27]_i_1__9/CO[3]
                         net (fo=1, routed)           0.000     4.907    dbf_reference_bd_i/dbf_axis_0/inst/u_system/u_datapath/u_core/gen_lane[5].u_lane/u_quant_re/abs_s1_reg[27]_i_1__9_n_0
    SLICE_X9Y23          CARRY4 (Prop_carry4_CI_CO[3])
                                                      0.114     5.021 r  dbf_reference_bd_i/dbf_axis_0/inst/u_system/u_datapath/u_core/gen_lane[5].u_lane/u_quant_re/abs_s1_reg[31]_i_1__9/CO[3]
                         net (fo=1, routed)           0.000     5.021    dbf_reference_bd_i/dbf_axis_0/inst/u_system/u_datapath/u_core/gen_lane[5].u_lane/u_quant_re/abs_s1_reg[31]_i_1__9_n_0
    SLICE_X9Y24          CARRY4 (Prop_carry4_CI_CO[3])
                                                      0.114     5.135 r  dbf_reference_bd_i/dbf_axis_0/inst/u_system/u_datapath/u_core/gen_lane[5].u_lane/u_quant_re/abs_s1_reg[35]_i_1__9/CO[3]
                         net (fo=1, routed)           0.009     5.144    dbf_reference_bd_i/dbf_axis_0/inst/u_system/u_datapath/u_core/gen_lane[5].u_lane/u_quant_re/abs_s1_reg[35]_i_1__9_n_0
    SLICE_X9Y25          CARRY4 (Prop_carry4_CI_CO[3])
                                                      0.114     5.258 r  dbf_reference_bd_i/dbf_axis_0/inst/u_system/u_datapath/u_core/gen_lane[5].u_lane/u_quant_re/abs_s1_reg[39]_i_1__9/CO[3]
                         net (fo=1, routed)           0.000     5.258    dbf_reference_bd_i/dbf_axis_0/inst/u_system/u_datapath/u_core/gen_lane[5].u_lane/u_quant_re/abs_s1_reg[39]_i_1__9_n_0
    SLICE_X9Y26          CARRY4 (Prop_carry4_CI_CO[3])
                                                      0.114     5.372 r  dbf_reference_bd_i/dbf_axis_0/inst/u_system/u_datapath/u_core/gen_lane[5].u_lane/u_quant_re/abs_s1_reg[43]_i_1__9/CO[3]
                         net (fo=1, routed)           0.000     5.372    dbf_reference_bd_i/dbf_axis_0/inst/u_system/u_datapath/u_core/gen_lane[5].u_lane/u_quant_re/abs_s1_reg[43]_i_1__9_n_0
    SLICE_X9Y27          CARRY4 (Prop_carry4_CI_CO[3])
                                                      0.114     5.486 r  dbf_reference_bd_i/dbf_axis_0/inst/u_system/u_datapath/u_core/gen_lane[5].u_lane/u_quant_re/abs_s1_reg[47]_i_1__9/CO[3]
                         net (fo=1, routed)           0.000     5.486    dbf_reference_bd_i/dbf_axis_0/inst/u_system/u_datapath/u_core/gen_lane[5].u_lane/u_quant_re/abs_s1_reg[47]_i_1__9_n_0
    SLICE_X9Y27          FDRE                                         r  dbf_reference_bd_i/dbf_axis_0/inst/u_system/u_datapath/u_core/gen_lane[5].u_lane/u_quant_re/abs_s1_reg[47]/D
  -------------------------------------------------------------------    -------------------

                         (clock aclk rise edge)       5.000     5.000 r  
                                                      0.000     5.000 r  aclk (IN)
                         net (fo=5092, unset)         0.924     5.924    dbf_reference_bd_i/dbf_axis_0/inst/u_system/u_datapath/u_core/gen_lane[5].u_lane/u_quant_re/aclk
    SLICE_X9Y27          FDRE                                         r  dbf_reference_bd_i/dbf_axis_0/inst/u_system/u_datapath/u_core/gen_lane[5].u_lane/u_quant_re/abs_s1_reg[47]/C
                         clock pessimism              0.000     5.924    
                         clock uncertainty           -0.035     5.889    
    SLICE_X9Y27          FDRE (Setup_fdre_C_D)       -0.198     5.691    dbf_reference_bd_i/dbf_axis_0/inst/u_system/u_datapath/u_core/gen_lane[5].u_lane/u_quant_re/abs_s1_reg[47]
  -------------------------------------------------------------------
                         required time                          5.691    
                         arrival time                          -5.486    
  -------------------------------------------------------------------
                         slack                                  0.205    

Slack (MET) :             0.225ns  (required time - arrival time)
  Source:                 dbf_reference_bd_i/dbf_axis_0/inst/u_system/u_datapath/u_core/gen_lane[5].u_lane/acc_im_q_reg[47]/C
                            (rising edge-triggered cell FDRE clocked by aclk  {rise@0.000ns fall@2.500ns period=5.000ns})
  Destination:            dbf_reference_bd_i/dbf_axis_0/inst/u_system/u_datapath/u_core/gen_lane[5].u_lane/u_quant_im/abs_s1_reg[47]/D
                            (rising edge-triggered cell FDRE clocked by aclk  {rise@0.000ns fall@2.500ns period=5.000ns})
  Path Group:             aclk
  Path Type:              Setup (Max at Slow Process Corner)
  Requirement:            5.000ns  (aclk rise@5.000ns - aclk rise@0.000ns)
  Data Path Delay:        4.493ns  (logic 2.218ns (49.370%)  route 2.275ns (50.630%))
  Logic Levels:           11  (CARRY4=10 LUT2=1)
  Clock Path Skew:        -0.049ns (DCD - SCD + CPR)
    Destination Clock Delay (DCD):    0.924ns = ( 5.924 - 5.000 ) 
    Source Clock Delay      (SCD):    0.973ns
    Clock Pessimism Removal (CPR):    0.000ns
  Clock Uncertainty:      0.035ns  ((TSJ^2 + TIJ^2)^1/2 + DJ) / 2 + PE
    Total System Jitter     (TSJ):    0.071ns
    Total Input Jitter      (TIJ):    0.000ns
    Discrete Jitter          (DJ):    0.000ns
    Phase Error              (PE):    0.000ns

    Location             Delay type                Incr(ns)  Path(ns)    Netlist Resource(s)
  -------------------------------------------------------------------    -------------------
                         (clock aclk rise edge)       0.000     0.000 r  
                                                      0.000     0.000 r  aclk (IN)
                         net (fo=5092, unset)         0.973     0.973    dbf_reference_bd_i/dbf_axis_0/inst/u_system/u_datapath/u_core/gen_lane[5].u_lane/aclk
    SLICE_X6Y25          FDRE                                         r  dbf_reference_bd_i/dbf_axis_0/inst/u_system/u_datapath/u_core/gen_lane[5].u_lane/acc_im_q_reg[47]/C
  -------------------------------------------------------------------    -------------------
    SLICE_X6Y25          FDRE (Prop_fdre_C_Q)         0.518     1.491 r  dbf_reference_bd_i/dbf_axis_0/inst/u_system/u_datapath/u_core/gen_lane[5].u_lane/acc_im_q_reg[47]/Q
                         net (fo=48, routed)          2.266     3.757    dbf_reference_bd_i/dbf_axis_0/inst/u_system/u_datapath/u_core/gen_lane[5].u_lane/u_quant_im/Q[47]
    SLICE_X7Y16          LUT2 (Prop_lut2_I0_O)        0.124     3.881 r  dbf_reference_bd_i/dbf_axis_0/inst/u_system/u_datapath/u_core/gen_lane[5].u_lane/u_quant_im/abs_s1[19]_i_15/O
                         net (fo=1, routed)           0.000     3.881    dbf_reference_bd_i/dbf_axis_0/inst/u_system/u_datapath/u_core/gen_lane[5].u_lane/u_quant_im/abs_s1[19]_i_15_n_0
    SLICE_X7Y16          CARRY4 (Prop_carry4_S[1]_CO[3])
                                                      0.550     4.431 r  dbf_reference_bd_i/dbf_axis_0/inst/u_system/u_datapath/u_core/gen_lane[5].u_lane/u_quant_im/abs_s1_reg[19]_i_7__10/CO[3]
                         net (fo=1, routed)           0.000     4.431    dbf_reference_bd_i/dbf_axis_0/inst/u_system/u_datapath/u_core/gen_lane[5].u_lane/u_quant_im/abs_s1_reg[19]_i_7__10_n_0
    SLICE_X7Y17          CARRY4 (Prop_carry4_CI_CO[3])
                                                      0.114     4.545 r  dbf_reference_bd_i/dbf_axis_0/inst/u_system/u_datapath/u_core/gen_lane[5].u_lane/u_quant_im/abs_s1_reg[19]_i_2__10/CO[3]
                         net (fo=1, routed)           0.000     4.545    dbf_reference_bd_i/dbf_axis_0/inst/u_system/u_datapath/u_core/gen_lane[5].u_lane/u_quant_im/abs_s1_reg[19]_i_2__10_n_0
    SLICE_X7Y18          CARRY4 (Prop_carry4_CI_CO[3])
                                                      0.114     4.659 r  dbf_reference_bd_i/dbf_axis_0/inst/u_system/u_datapath/u_core/gen_lane[5].u_lane/u_quant_im/abs_s1_reg[19]_i_1__10/CO[3]
                         net (fo=1, routed)           0.000     4.659    dbf_reference_bd_i/dbf_axis_0/inst/u_system/u_datapath/u_core/gen_lane[5].u_lane/u_quant_im/abs_s1_reg[19]_i_1__10_n_0
    SLICE_X7Y19          CARRY4 (Prop_carry4_CI_CO[3])
                                                      0.114     4.773 r  dbf_reference_bd_i/dbf_axis_0/inst/u_system/u_datapath/u_core/gen_lane[5].u_lane/u_quant_im/abs_s1_reg[23]_i_1__10/CO[3]
                         net (fo=1, routed)           0.000     4.773    dbf_reference_bd_i/dbf_axis_0/inst/u_system/u_datapath/u_core/gen_lane[5].u_lane/u_quant_im/abs_s1_reg[23]_i_1__10_n_0
    SLICE_X7Y20          CARRY4 (Prop_carry4_CI_CO[3])
                                                      0.114     4.887 r  dbf_reference_bd_i/dbf_axis_0/inst/u_system/u_datapath/u_core/gen_lane[5].u_lane/u_quant_im/abs_s1_reg[27]_i_1__10/CO[3]
                         net (fo=1, routed)           0.000     4.887    dbf_reference_bd_i/dbf_axis_0/inst/u_system/u_datapath/u_core/gen_lane[5].u_lane/u_quant_im/abs_s1_reg[27]_i_1__10_n_0
    SLICE_X7Y21          CARRY4 (Prop_carry4_CI_CO[3])
                                                      0.114     5.001 r  dbf_reference_bd_i/dbf_axis_0/inst/u_system/u_datapath/u_core/gen_lane[5].u_lane/u_quant_im/abs_s1_reg[31]_i_1__10/CO[3]
                         net (fo=1, routed)           0.000     5.001    dbf_reference_bd_i/dbf_axis_0/inst/u_system/u_datapath/u_core/gen_lane[5].u_lane/u_quant_im/abs_s1_reg[31]_i_1__10_n_0
    SLICE_X7Y22          CARRY4 (Prop_carry4_CI_CO[3])
                                                      0.114     5.115 r  dbf_reference_bd_i/dbf_axis_0/inst/u_system/u_datapath/u_core/gen_lane[5].u_lane/u_quant_im/abs_s1_reg[35]_i_1__10/CO[3]
                         net (fo=1, routed)           0.000     5.115    dbf_reference_bd_i/dbf_axis_0/inst/u_system/u_datapath/u_core/gen_lane[5].u_lane/u_quant_im/abs_s1_reg[35]_i_1__10_n_0
    SLICE_X7Y23          CARRY4 (Prop_carry4_CI_CO[3])
                                                      0.114     5.229 r  dbf_reference_bd_i/dbf_axis_0/inst/u_system/u_datapath/u_core/gen_lane[5].u_lane/u_quant_im/abs_s1_reg[39]_i_1__10/CO[3]
                         net (fo=1, routed)           0.000     5.229    dbf_reference_bd_i/dbf_axis_0/inst/u_system/u_datapath/u_core/gen_lane[5].u_lane/u_quant_im/abs_s1_reg[39]_i_1__10_n_0
    SLICE_X7Y24          CARRY4 (Prop_carry4_CI_CO[3])
                                                      0.114     5.343 r  dbf_reference_bd_i/dbf_axis_0/inst/u_system/u_datapath/u_core/gen_lane[5].u_lane/u_quant_im/abs_s1_reg[43]_i_1__10/CO[3]
                         net (fo=1, routed)           0.009     5.352    dbf_reference_bd_i/dbf_axis_0/inst/u_system/u_datapath/u_core/gen_lane[5].u_lane/u_quant_im/abs_s1_reg[43]_i_1__10_n_0
    SLICE_X7Y25          CARRY4 (Prop_carry4_CI_CO[3])
                                                      0.114     5.466 r  dbf_reference_bd_i/dbf_axis_0/inst/u_system/u_datapath/u_core/gen_lane[5].u_lane/u_quant_im/abs_s1_reg[47]_i_1__10/CO[3]
                         net (fo=1, routed)           0.000     5.466    dbf_reference_bd_i/dbf_axis_0/inst/u_system/u_datapath/u_core/gen_lane[5].u_lane/u_quant_im/abs_s1_reg[47]_i_1__10_n_0
    SLICE_X7Y25          FDRE                                         r  dbf_reference_bd_i/dbf_axis_0/inst/u_system/u_datapath/u_core/gen_lane[5].u_lane/u_quant_im/abs_s1_reg[47]/D
  -------------------------------------------------------------------    -------------------

                         (clock aclk rise edge)       5.000     5.000 r  
                                                      0.000     5.000 r  aclk (IN)
                         net (fo=5092, unset)         0.924     5.924    dbf_reference_bd_i/dbf_axis_0/inst/u_system/u_datapath/u_core/gen_lane[5].u_lane/u_quant_im/aclk
    SLICE_X7Y25          FDRE                                         r  dbf_reference_bd_i/dbf_axis_0/inst/u_system/u_datapath/u_core/gen_lane[5].u_lane/u_quant_im/abs_s1_reg[47]/C
                         clock pessimism              0.000     5.924    
                         clock uncertainty           -0.035     5.889    
    SLICE_X7Y25          FDRE (Setup_fdre_C_D)       -0.198     5.691    dbf_reference_bd_i/dbf_axis_0/inst/u_system/u_datapath/u_core/gen_lane[5].u_lane/u_quant_im/abs_s1_reg[47]
  -------------------------------------------------------------------
                         required time                          5.691    
                         arrival time                          -5.466    
  -------------------------------------------------------------------
                         slack                                  0.225    

Slack (MET) :             0.235ns  (required time - arrival time)
  Source:                 dbf_reference_bd_i/dbf_axis_0/inst/u_system/u_w_provider/u_re3/u_main_sprom/xpm_memory_base_inst/gen_rd_a.gen_rd_a_synth_template.gen_rf_narrow_reg.douta_reg_reg/CLKARDCLK
                            (rising edge-triggered cell RAMB36E1 clocked by aclk  {rise@0.000ns fall@2.500ns period=5.000ns})
  Destination:            dbf_reference_bd_i/dbf_axis_0/inst/u_system/u_datapath/u_core/gen_lane[3].u_lane/u_accum/u_mac/wr_yi_s1_reg/A[15]
                            (rising edge-triggered cell DSP48E1 clocked by aclk  {rise@0.000ns fall@2.500ns period=5.000ns})
  Path Group:             aclk
  Path Type:              Setup (Max at Slow Process Corner)
  Requirement:            5.000ns  (aclk rise@5.000ns - aclk rise@0.000ns)
  Data Path Delay:        4.319ns  (logic 2.578ns (59.685%)  route 1.741ns (40.315%))
  Logic Levels:           1  (LUT4=1)
  Clock Path Skew:        -0.049ns (DCD - SCD + CPR)
    Destination Clock Delay (DCD):    0.924ns = ( 5.924 - 5.000 ) 
    Source Clock Delay      (SCD):    0.973ns
    Clock Pessimism Removal (CPR):    0.000ns
  Clock Uncertainty:      0.035ns  ((TSJ^2 + TIJ^2)^1/2 + DJ) / 2 + PE
    Total System Jitter     (TSJ):    0.071ns
    Total Input Jitter      (TIJ):    0.000ns
    Discrete Jitter          (DJ):    0.000ns
    Phase Error              (PE):    0.000ns

    Location             Delay type                Incr(ns)  Path(ns)    Netlist Resource(s)
  -------------------------------------------------------------------    -------------------
                         (clock aclk rise edge)       0.000     0.000 r  
                                                      0.000     0.000 r  aclk (IN)
                         net (fo=5092, unset)         0.973     0.973    dbf_reference_bd_i/dbf_axis_0/inst/u_system/u_w_provider/u_re3/u_main_sprom/xpm_memory_base_inst/clka
    RAMB36_X1Y5          RAMB36E1                                     r  dbf_reference_bd_i/dbf_axis_0/inst/u_system/u_w_provider/u_re3/u_main_sprom/xpm_memory_base_inst/gen_rd_a.gen_rd_a_synth_template.gen_rf_narrow_reg.douta_reg_reg/CLKARDCLK
  -------------------------------------------------------------------    -------------------
    RAMB36_X1Y5          RAMB36E1 (Prop_ramb36e1_CLKARDCLK_DOADO[15])
                                                      2.454     3.427 r  dbf_reference_bd_i/dbf_axis_0/inst/u_system/u_w_provider/u_re3/u_main_sprom/xpm_memory_base_inst/gen_rd_a.gen_rd_a_synth_template.gen_rf_narrow_reg.douta_reg_reg/DOADO[15]
                         net (fo=1, routed)           1.069     4.496    dbf_reference_bd_i/dbf_axis_0/inst/u_system/u_w_provider/main_dout_9[15]
    SLICE_X20Y25         LUT4 (Prop_lut4_I1_O)        0.124     4.620 r  dbf_reference_bd_i/dbf_axis_0/inst/u_system/u_w_provider/wr_yr_s1_reg_i_3__2/O
                         net (fo=2, routed)           0.673     5.292    dbf_reference_bd_i/dbf_axis_0/inst/u_system/u_datapath/u_core/gen_lane[3].u_lane/u_accum/u_mac/w_re_bus[15]
    DSP48_X1Y11          DSP48E1                                      r  dbf_reference_bd_i/dbf_axis_0/inst/u_system/u_datapath/u_core/gen_lane[3].u_lane/u_accum/u_mac/wr_yi_s1_reg/A[15]
  -------------------------------------------------------------------    -------------------

                         (clock aclk rise edge)       5.000     5.000 r  
                                                      0.000     5.000 r  aclk (IN)
                         net (fo=5092, unset)         0.924     5.924    dbf_reference_bd_i/dbf_axis_0/inst/u_system/u_datapath/u_core/gen_lane[3].u_lane/u_accum/u_mac/aclk
    DSP48_X1Y11          DSP48E1                                      r  dbf_reference_bd_i/dbf_axis_0/inst/u_system/u_datapath/u_core/gen_lane[3].u_lane/u_accum/u_mac/wr_yi_s1_reg/CLK
                         clock pessimism              0.000     5.924    
                         clock uncertainty           -0.035     5.889    
    DSP48_X1Y11          DSP48E1 (Setup_dsp48e1_CLK_A[15])
                                                     -0.362     5.527    dbf_reference_bd_i/dbf_axis_0/inst/u_system/u_datapath/u_core/gen_lane[3].u_lane/u_accum/u_mac/wr_yi_s1_reg
  -------------------------------------------------------------------
                         required time                          5.527    
                         arrival time                          -5.292    
  -------------------------------------------------------------------
                         slack                                  0.235    

Slack (MET) :             0.244ns  (required time - arrival time)
  Source:                 dbf_reference_bd_i/dbf_axis_0/inst/u_system/u_datapath/u_core/gen_lane[6].u_lane/acc_im_q_reg[47]/C
                            (rising edge-triggered cell FDRE clocked by aclk  {rise@0.000ns fall@2.500ns period=5.000ns})
  Destination:            dbf_reference_bd_i/dbf_axis_0/inst/u_system/u_datapath/u_core/gen_lane[6].u_lane/u_quant_im/abs_s1_reg[47]/D
                            (rising edge-triggered cell FDRE clocked by aclk  {rise@0.000ns fall@2.500ns period=5.000ns})
  Path Group:             aclk
  Path Type:              Setup (Max at Slow Process Corner)
  Requirement:            5.000ns  (aclk rise@5.000ns - aclk rise@0.000ns)
  Data Path Delay:        4.522ns  (logic 2.071ns (45.802%)  route 2.451ns (54.198%))
  Logic Levels:           11  (CARRY4=10 LUT2=1)
  Clock Path Skew:        -0.049ns (DCD - SCD + CPR)
    Destination Clock Delay (DCD):    0.924ns = ( 5.924 - 5.000 ) 
    Source Clock Delay      (SCD):    0.973ns
    Clock Pessimism Removal (CPR):    0.000ns
  Clock Uncertainty:      0.035ns  ((TSJ^2 + TIJ^2)^1/2 + DJ) / 2 + PE
    Total System Jitter     (TSJ):    0.071ns
    Total Input Jitter      (TIJ):    0.000ns
    Discrete Jitter          (DJ):    0.000ns
    Phase Error              (PE):    0.000ns

    Location             Delay type                Incr(ns)  Path(ns)    Netlist Resource(s)
  -------------------------------------------------------------------    -------------------
                         (clock aclk rise edge)       0.000     0.000 r  
                                                      0.000     0.000 r  aclk (IN)
                         net (fo=5092, unset)         0.973     0.973    dbf_reference_bd_i/dbf_axis_0/inst/u_system/u_datapath/u_core/gen_lane[6].u_lane/aclk
    SLICE_X12Y43         FDRE                                         r  dbf_reference_bd_i/dbf_axis_0/inst/u_system/u_datapath/u_core/gen_lane[6].u_lane/acc_im_q_reg[47]/C
  -------------------------------------------------------------------    -------------------
    SLICE_X12Y43         FDRE (Prop_fdre_C_Q)         0.518     1.491 r  dbf_reference_bd_i/dbf_axis_0/inst/u_system/u_datapath/u_core/gen_lane[6].u_lane/acc_im_q_reg[47]/Q
                         net (fo=48, routed)          2.451     3.942    dbf_reference_bd_i/dbf_axis_0/inst/u_system/u_datapath/u_core/gen_lane[6].u_lane/u_quant_im/Q[47]
    SLICE_X10Y32         LUT2 (Prop_lut2_I0_O)        0.124     4.066 r  dbf_reference_bd_i/dbf_axis_0/inst/u_system/u_datapath/u_core/gen_lane[6].u_lane/u_quant_im/abs_s1[19]_i_13/O
                         net (fo=1, routed)           0.000     4.066    dbf_reference_bd_i/dbf_axis_0/inst/u_system/u_datapath/u_core/gen_lane[6].u_lane/u_quant_im/abs_s1[19]_i_13_n_0
    SLICE_X10Y32         CARRY4 (Prop_carry4_S[3]_CO[3])
                                                      0.376     4.442 r  dbf_reference_bd_i/dbf_axis_0/inst/u_system/u_datapath/u_core/gen_lane[6].u_lane/u_quant_im/abs_s1_reg[19]_i_7__12/CO[3]
                         net (fo=1, routed)           0.000     4.442    dbf_reference_bd_i/dbf_axis_0/inst/u_system/u_datapath/u_core/gen_lane[6].u_lane/u_quant_im/abs_s1_reg[19]_i_7__12_n_0
    SLICE_X10Y33         CARRY4 (Prop_carry4_CI_CO[3])
                                                      0.117     4.559 r  dbf_reference_bd_i/dbf_axis_0/inst/u_system/u_datapath/u_core/gen_lane[6].u_lane/u_quant_im/abs_s1_reg[19]_i_2__12/CO[3]
                         net (fo=1, routed)           0.000     4.559    dbf_reference_bd_i/dbf_axis_0/inst/u_system/u_datapath/u_core/gen_lane[6].u_lane/u_quant_im/abs_s1_reg[19]_i_2__12_n_0
    SLICE_X10Y34         CARRY4 (Prop_carry4_CI_CO[3])
                                                      0.117     4.676 r  dbf_reference_bd_i/dbf_axis_0/inst/u_system/u_datapath/u_core/gen_lane[6].u_lane/u_quant_im/abs_s1_reg[19]_i_1__12/CO[3]
                         net (fo=1, routed)           0.000     4.676    dbf_reference_bd_i/dbf_axis_0/inst/u_system/u_datapath/u_core/gen_lane[6].u_lane/u_quant_im/abs_s1_reg[19]_i_1__12_n_0
    SLICE_X10Y35         CARRY4 (Prop_carry4_CI_CO[3])
                                                      0.117     4.793 r  dbf_reference_bd_i/dbf_axis_0/inst/u_system/u_datapath/u_core/gen_lane[6].u_lane/u_quant_im/abs_s1_reg[23]_i_1__12/CO[3]
                         net (fo=1, routed)           0.000     4.793    dbf_reference_bd_i/dbf_axis_0/inst/u_system/u_datapath/u_core/gen_lane[6].u_lane/u_quant_im/abs_s1_reg[23]_i_1__12_n_0
    SLICE_X10Y36         CARRY4 (Prop_carry4_CI_CO[3])
                                                      0.117     4.910 r  dbf_reference_bd_i/dbf_axis_0/inst/u_system/u_datapath/u_core/gen_lane[6].u_lane/u_quant_im/abs_s1_reg[27]_i_1__12/CO[3]
                         net (fo=1, routed)           0.000     4.910    dbf_reference_bd_i/dbf_axis_0/inst/u_system/u_datapath/u_core/gen_lane[6].u_lane/u_quant_im/abs_s1_reg[27]_i_1__12_n_0
    SLICE_X10Y37         CARRY4 (Prop_carry4_CI_CO[3])
                                                      0.117     5.027 r  dbf_reference_bd_i/dbf_axis_0/inst/u_system/u_datapath/u_core/gen_lane[6].u_lane/u_quant_im/abs_s1_reg[31]_i_1__12/CO[3]
                         net (fo=1, routed)           0.000     5.027    dbf_reference_bd_i/dbf_axis_0/inst/u_system/u_datapath/u_core/gen_lane[6].u_lane/u_quant_im/abs_s1_reg[31]_i_1__12_n_0
    SLICE_X10Y38         CARRY4 (Prop_carry4_CI_CO[3])
                                                      0.117     5.144 r  dbf_reference_bd_i/dbf_axis_0/inst/u_system/u_datapath/u_core/gen_lane[6].u_lane/u_quant_im/abs_s1_reg[35]_i_1__12/CO[3]
                         net (fo=1, routed)           0.000     5.144    dbf_reference_bd_i/dbf_axis_0/inst/u_system/u_datapath/u_core/gen_lane[6].u_lane/u_quant_im/abs_s1_reg[35]_i_1__12_n_0
    SLICE_X10Y39         CARRY4 (Prop_carry4_CI_CO[3])
                                                      0.117     5.261 r  dbf_reference_bd_i/dbf_axis_0/inst/u_system/u_datapath/u_core/gen_lane[6].u_lane/u_quant_im/abs_s1_reg[39]_i_1__12/CO[3]
                         net (fo=1, routed)           0.000     5.261    dbf_reference_bd_i/dbf_axis_0/inst/u_system/u_datapath/u_core/gen_lane[6].u_lane/u_quant_im/abs_s1_reg[39]_i_1__12_n_0
    SLICE_X10Y40         CARRY4 (Prop_carry4_CI_CO[3])
                                                      0.117     5.378 r  dbf_reference_bd_i/dbf_axis_0/inst/u_system/u_datapath/u_core/gen_lane[6].u_lane/u_quant_im/abs_s1_reg[43]_i_1__12/CO[3]
                         net (fo=1, routed)           0.000     5.378    dbf_reference_bd_i/dbf_axis_0/inst/u_system/u_datapath/u_core/gen_lane[6].u_lane/u_quant_im/abs_s1_reg[43]_i_1__12_n_0
    SLICE_X10Y41         CARRY4 (Prop_carry4_CI_CO[3])
                                                      0.117     5.495 r  dbf_reference_bd_i/dbf_axis_0/inst/u_system/u_datapath/u_core/gen_lane[6].u_lane/u_quant_im/abs_s1_reg[47]_i_1__12/CO[3]
                         net (fo=1, routed)           0.000     5.495    dbf_reference_bd_i/dbf_axis_0/inst/u_system/u_datapath/u_core/gen_lane[6].u_lane/u_quant_im/abs_s1_reg[47]_i_1__12_n_0
    SLICE_X10Y41         FDRE                                         r  dbf_reference_bd_i/dbf_axis_0/inst/u_system/u_datapath/u_core/gen_lane[6].u_lane/u_quant_im/abs_s1_reg[47]/D
  -------------------------------------------------------------------    -------------------

                         (clock aclk rise edge)       5.000     5.000 r  
                                                      0.000     5.000 r  aclk (IN)
                         net (fo=5092, unset)         0.924     5.924    dbf_reference_bd_i/dbf_axis_0/inst/u_system/u_datapath/u_core/gen_lane[6].u_lane/u_quant_im/aclk
    SLICE_X10Y41         FDRE                                         r  dbf_reference_bd_i/dbf_axis_0/inst/u_system/u_datapath/u_core/gen_lane[6].u_lane/u_quant_im/abs_s1_reg[47]/C
                         clock pessimism              0.000     5.924    
                         clock uncertainty           -0.035     5.889    
    SLICE_X10Y41         FDRE (Setup_fdre_C_D)       -0.150     5.739    dbf_reference_bd_i/dbf_axis_0/inst/u_system/u_datapath/u_core/gen_lane[6].u_lane/u_quant_im/abs_s1_reg[47]
  -------------------------------------------------------------------
                         required time                          5.739    
                         arrival time                          -5.495    
  -------------------------------------------------------------------
                         slack                                  0.244    

Slack (MET) :             0.245ns  (required time - arrival time)
  Source:                 dbf_reference_bd_i/dbf_axis_0/inst/u_system/u_datapath/u_core/gen_lane[5].u_lane/acc_re_q_reg[47]/C
                            (rising edge-triggered cell FDRE clocked by aclk  {rise@0.000ns fall@2.500ns period=5.000ns})
  Destination:            dbf_reference_bd_i/dbf_axis_0/inst/u_system/u_datapath/u_core/gen_lane[5].u_lane/u_quant_re/abs_s1_reg[45]/D
                            (rising edge-triggered cell FDRE clocked by aclk  {rise@0.000ns fall@2.500ns period=5.000ns})
  Path Group:             aclk
  Path Type:              Setup (Max at Slow Process Corner)
  Requirement:            5.000ns  (aclk rise@5.000ns - aclk rise@0.000ns)
  Data Path Delay:        4.733ns  (logic 2.472ns (52.226%)  route 2.261ns (47.774%))
  Logic Levels:           12  (CARRY4=11 LUT2=1)
  Clock Path Skew:        -0.049ns (DCD - SCD + CPR)
    Destination Clock Delay (DCD):    0.924ns = ( 5.924 - 5.000 ) 
    Source Clock Delay      (SCD):    0.973ns
    Clock Pessimism Removal (CPR):    0.000ns
  Clock Uncertainty:      0.035ns  ((TSJ^2 + TIJ^2)^1/2 + DJ) / 2 + PE
    Total System Jitter     (TSJ):    0.071ns
    Total Input Jitter      (TIJ):    0.000ns
    Discrete Jitter          (DJ):    0.000ns
    Phase Error              (PE):    0.000ns

    Location             Delay type                Incr(ns)  Path(ns)    Netlist Resource(s)
  -------------------------------------------------------------------    -------------------
                         (clock aclk rise edge)       0.000     0.000 r  
                                                      0.000     0.000 r  aclk (IN)
                         net (fo=5092, unset)         0.973     0.973    dbf_reference_bd_i/dbf_axis_0/inst/u_system/u_datapath/u_core/gen_lane[5].u_lane/aclk
    SLICE_X9Y28          FDRE                                         r  dbf_reference_bd_i/dbf_axis_0/inst/u_system/u_datapath/u_core/gen_lane[5].u_lane/acc_re_q_reg[47]/C
  -------------------------------------------------------------------    -------------------
    SLICE_X9Y28          FDRE (Prop_fdre_C_Q)         0.456     1.429 r  dbf_reference_bd_i/dbf_axis_0/inst/u_system/u_datapath/u_core/gen_lane[5].u_lane/acc_re_q_reg[47]/Q
                         net (fo=48, routed)          2.252     3.681    dbf_reference_bd_i/dbf_axis_0/inst/u_system/u_datapath/u_core/gen_lane[5].u_lane/u_quant_re/Q[47]
    SLICE_X9Y17          LUT2 (Prop_lut2_I0_O)        0.124     3.805 r  dbf_reference_bd_i/dbf_axis_0/inst/u_system/u_datapath/u_core/gen_lane[5].u_lane/u_quant_re/abs_s1[19]_i_21/O
                         net (fo=1, routed)           0.000     3.805    dbf_reference_bd_i/dbf_axis_0/inst/u_system/u_datapath/u_core/gen_lane[5].u_lane/u_quant_re/abs_s1[19]_i_21_n_0
    SLICE_X9Y17          CARRY4 (Prop_carry4_S[0]_CO[3])
                                                      0.532     4.337 r  dbf_reference_bd_i/dbf_axis_0/inst/u_system/u_datapath/u_core/gen_lane[5].u_lane/u_quant_re/abs_s1_reg[19]_i_12__9/CO[3]
                         net (fo=1, routed)           0.000     4.337    dbf_reference_bd_i/dbf_axis_0/inst/u_system/u_datapath/u_core/gen_lane[5].u_lane/u_quant_re/abs_s1_reg[19]_i_12__9_n_0
    SLICE_X9Y18          CARRY4 (Prop_carry4_CI_CO[3])
                                                      0.114     4.451 r  dbf_reference_bd_i/dbf_axis_0/inst/u_system/u_datapath/u_core/gen_lane[5].u_lane/u_quant_re/abs_s1_reg[19]_i_7__9/CO[3]
                         net (fo=1, routed)           0.000     4.451    dbf_reference_bd_i/dbf_axis_0/inst/u_system/u_datapath/u_core/gen_lane[5].u_lane/u_quant_re/abs_s1_reg[19]_i_7__9_n_0
    SLICE_X9Y19          CARRY4 (Prop_carry4_CI_CO[3])
                                                      0.114     4.565 r  dbf_reference_bd_i/dbf_axis_0/inst/u_system/u_datapath/u_core/gen_lane[5].u_lane/u_quant_re/abs_s1_reg[19]_i_2__9/CO[3]
                         net (fo=1, routed)           0.000     4.565    dbf_reference_bd_i/dbf_axis_0/inst/u_system/u_datapath/u_core/gen_lane[5].u_lane/u_quant_re/abs_s1_reg[19]_i_2__9_n_0
    SLICE_X9Y20          CARRY4 (Prop_carry4_CI_CO[3])
                                                      0.114     4.679 r  dbf_reference_bd_i/dbf_axis_0/inst/u_system/u_datapath/u_core/gen_lane[5].u_lane/u_quant_re/abs_s1_reg[19]_i_1__9/CO[3]
                         net (fo=1, routed)           0.000     4.679    dbf_reference_bd_i/dbf_axis_0/inst/u_system/u_datapath/u_core/gen_lane[5].u_lane/u_quant_re/abs_s1_reg[19]_i_1__9_n_0
    SLICE_X9Y21          CARRY4 (Prop_carry4_CI_CO[3])
                                                      0.114     4.793 r  dbf_reference_bd_i/dbf_axis_0/inst/u_system/u_datapath/u_core/gen_lane[5].u_lane/u_quant_re/abs_s1_reg[23]_i_1__9/CO[3]
                         net (fo=1, routed)           0.000     4.793    dbf_reference_bd_i/dbf_axis_0/inst/u_system/u_datapath/u_core/gen_lane[5].u_lane/u_quant_re/abs_s1_reg[23]_i_1__9_n_0
    SLICE_X9Y22          CARRY4 (Prop_carry4_CI_CO[3])
                                                      0.114     4.907 r  dbf_reference_bd_i/dbf_axis_0/inst/u_system/u_datapath/u_core/gen_lane[5].u_lane/u_quant_re/abs_s1_reg[27]_i_1__9/CO[3]
                         net (fo=1, routed)           0.000     4.907    dbf_reference_bd_i/dbf_axis_0/inst/u_system/u_datapath/u_core/gen_lane[5].u_lane/u_quant_re/abs_s1_reg[27]_i_1__9_n_0
    SLICE_X9Y23          CARRY4 (Prop_carry4_CI_CO[3])
                                                      0.114     5.021 r  dbf_reference_bd_i/dbf_axis_0/inst/u_system/u_datapath/u_core/gen_lane[5].u_lane/u_quant_re/abs_s1_reg[31]_i_1__9/CO[3]
                         net (fo=1, routed)           0.000     5.021    dbf_reference_bd_i/dbf_axis_0/inst/u_system/u_datapath/u_core/gen_lane[5].u_lane/u_quant_re/abs_s1_reg[31]_i_1__9_n_0
    SLICE_X9Y24          CARRY4 (Prop_carry4_CI_CO[3])
                                                      0.114     5.135 r  dbf_reference_bd_i/dbf_axis_0/inst/u_system/u_datapath/u_core/gen_lane[5].u_lane/u_quant_re/abs_s1_reg[35]_i_1__9/CO[3]
                         net (fo=1, routed)           0.009     5.144    dbf_reference_bd_i/dbf_axis_0/inst/u_system/u_datapath/u_core/gen_lane[5].u_lane/u_quant_re/abs_s1_reg[35]_i_1__9_n_0
    SLICE_X9Y25          CARRY4 (Prop_carry4_CI_CO[3])
                                                      0.114     5.258 r  dbf_reference_bd_i/dbf_axis_0/inst/u_system/u_datapath/u_core/gen_lane[5].u_lane/u_quant_re/abs_s1_reg[39]_i_1__9/CO[3]
                         net (fo=1, routed)           0.000     5.258    dbf_reference_bd_i/dbf_axis_0/inst/u_system/u_datapath/u_core/gen_lane[5].u_lane/u_quant_re/abs_s1_reg[39]_i_1__9_n_0
    SLICE_X9Y26          CARRY4 (Prop_carry4_CI_CO[3])
                                                      0.114     5.372 r  dbf_reference_bd_i/dbf_axis_0/inst/u_system/u_datapath/u_core/gen_lane[5].u_lane/u_quant_re/abs_s1_reg[43]_i_1__9/CO[3]
                         net (fo=1, routed)           0.000     5.372    dbf_reference_bd_i/dbf_axis_0/inst/u_system/u_datapath/u_core/gen_lane[5].u_lane/u_quant_re/abs_s1_reg[43]_i_1__9_n_0
    SLICE_X9Y27          CARRY4 (Prop_carry4_CI_O[1])
                                                      0.334     5.706 r  dbf_reference_bd_i/dbf_axis_0/inst/u_system/u_datapath/u_core/gen_lane[5].u_lane/u_quant_re/abs_s1_reg[47]_i_1__9/O[1]
                         net (fo=1, routed)           0.000     5.706    dbf_reference_bd_i/dbf_axis_0/inst/u_system/u_datapath/u_core/gen_lane[5].u_lane/u_quant_re/abs_s1_reg[47]_i_1__9_n_6
    SLICE_X9Y27          FDRE                                         r  dbf_reference_bd_i/dbf_axis_0/inst/u_system/u_datapath/u_core/gen_lane[5].u_lane/u_quant_re/abs_s1_reg[45]/D
  -------------------------------------------------------------------    -------------------

                         (clock aclk rise edge)       5.000     5.000 r  
                                                      0.000     5.000 r  aclk (IN)
                         net (fo=5092, unset)         0.924     5.924    dbf_reference_bd_i/dbf_axis_0/inst/u_system/u_datapath/u_core/gen_lane[5].u_lane/u_quant_re/aclk
    SLICE_X9Y27          FDRE                                         r  dbf_reference_bd_i/dbf_axis_0/inst/u_system/u_datapath/u_core/gen_lane[5].u_lane/u_quant_re/abs_s1_reg[45]/C
                         clock pessimism              0.000     5.924    
                         clock uncertainty           -0.035     5.889    
    SLICE_X9Y27          FDRE (Setup_fdre_C_D)        0.062     5.951    dbf_reference_bd_i/dbf_axis_0/inst/u_system/u_datapath/u_core/gen_lane[5].u_lane/u_quant_re/abs_s1_reg[45]
  -------------------------------------------------------------------
                         required time                          5.951    
                         arrival time                          -5.706    
  -------------------------------------------------------------------
                         slack                                  0.245    

Slack (MET) :             0.247ns  (required time - arrival time)
  Source:                 dbf_reference_bd_i/dbf_axis_0/inst/u_system/u_datapath/u_core/gen_lane[3].u_lane/acc_re_q_reg[47]/C
                            (rising edge-triggered cell FDRE clocked by aclk  {rise@0.000ns fall@2.500ns period=5.000ns})
  Destination:            dbf_reference_bd_i/dbf_axis_0/inst/u_system/u_datapath/u_core/gen_lane[3].u_lane/u_quant_re/abs_s1_reg[47]/D
                            (rising edge-triggered cell FDRE clocked by aclk  {rise@0.000ns fall@2.500ns period=5.000ns})
  Path Group:             aclk
  Path Type:              Setup (Max at Slow Process Corner)
  Requirement:            5.000ns  (aclk rise@5.000ns - aclk rise@0.000ns)
  Data Path Delay:        4.471ns  (logic 2.578ns (57.654%)  route 1.893ns (42.346%))
  Logic Levels:           13  (CARRY4=12 LUT2=1)
  Clock Path Skew:        -0.049ns (DCD - SCD + CPR)
    Destination Clock Delay (DCD):    0.924ns = ( 5.924 - 5.000 ) 
    Source Clock Delay      (SCD):    0.973ns
    Clock Pessimism Removal (CPR):    0.000ns
  Clock Uncertainty:      0.035ns  ((TSJ^2 + TIJ^2)^1/2 + DJ) / 2 + PE
    Total System Jitter     (TSJ):    0.071ns
    Total Input Jitter      (TIJ):    0.000ns
    Discrete Jitter          (DJ):    0.000ns
    Phase Error              (PE):    0.000ns

    Location             Delay type                Incr(ns)  Path(ns)    Netlist Resource(s)
  -------------------------------------------------------------------    -------------------
                         (clock aclk rise edge)       0.000     0.000 r  
                                                      0.000     0.000 r  aclk (IN)
                         net (fo=5092, unset)         0.973     0.973    dbf_reference_bd_i/dbf_axis_0/inst/u_system/u_datapath/u_core/gen_lane[3].u_lane/aclk
    SLICE_X16Y31         FDRE                                         r  dbf_reference_bd_i/dbf_axis_0/inst/u_system/u_datapath/u_core/gen_lane[3].u_lane/acc_re_q_reg[47]/C
  -------------------------------------------------------------------    -------------------
    SLICE_X16Y31         FDRE (Prop_fdre_C_Q)         0.478     1.451 r  dbf_reference_bd_i/dbf_axis_0/inst/u_system/u_datapath/u_core/gen_lane[3].u_lane/acc_re_q_reg[47]/Q
                         net (fo=48, routed)          1.893     3.344    dbf_reference_bd_i/dbf_axis_0/inst/u_system/u_datapath/u_core/gen_lane[3].u_lane/u_quant_re/Q[47]
    SLICE_X21Y25         LUT2 (Prop_lut2_I0_O)        0.296     3.640 r  dbf_reference_bd_i/dbf_axis_0/inst/u_system/u_datapath/u_core/gen_lane[3].u_lane/u_quant_re/abs_s1[19]_i_24/O
                         net (fo=1, routed)           0.000     3.640    dbf_reference_bd_i/dbf_axis_0/inst/u_system/u_datapath/u_core/gen_lane[3].u_lane/u_quant_re/abs_s1[19]_i_24_n_0
    SLICE_X21Y25         CARRY4 (Prop_carry4_S[1]_CO[3])
                                                      0.550     4.190 r  dbf_reference_bd_i/dbf_axis_0/inst/u_system/u_datapath/u_core/gen_lane[3].u_lane/u_quant_re/abs_s1_reg[19]_i_17__5/CO[3]
                         net (fo=1, routed)           0.000     4.190    dbf_reference_bd_i/dbf_axis_0/inst/u_system/u_datapath/u_core/gen_lane[3].u_lane/u_quant_re/abs_s1_reg[19]_i_17__5_n_0
    SLICE_X21Y26         CARRY4 (Prop_carry4_CI_CO[3])
                                                      0.114     4.304 r  dbf_reference_bd_i/dbf_axis_0/inst/u_system/u_datapath/u_core/gen_lane[3].u_lane/u_quant_re/abs_s1_reg[19]_i_12__5/CO[3]
                         net (fo=1, routed)           0.000     4.304    dbf_reference_bd_i/dbf_axis_0/inst/u_system/u_datapath/u_core/gen_lane[3].u_lane/u_quant_re/abs_s1_reg[19]_i_12__5_n_0
    SLICE_X21Y27         CARRY4 (Prop_carry4_CI_CO[3])
                                                      0.114     4.418 r  dbf_reference_bd_i/dbf_axis_0/inst/u_system/u_datapath/u_core/gen_lane[3].u_lane/u_quant_re/abs_s1_reg[19]_i_7__5/CO[3]
                         net (fo=1, routed)           0.000     4.418    dbf_reference_bd_i/dbf_axis_0/inst/u_system/u_datapath/u_core/gen_lane[3].u_lane/u_quant_re/abs_s1_reg[19]_i_7__5_n_0
    SLICE_X21Y28         CARRY4 (Prop_carry4_CI_CO[3])
                                                      0.114     4.532 r  dbf_reference_bd_i/dbf_axis_0/inst/u_system/u_datapath/u_core/gen_lane[3].u_lane/u_quant_re/abs_s1_reg[19]_i_2__5/CO[3]
                         net (fo=1, routed)           0.000     4.532    dbf_reference_bd_i/dbf_axis_0/inst/u_system/u_datapath/u_core/gen_lane[3].u_lane/u_quant_re/abs_s1_reg[19]_i_2__5_n_0
    SLICE_X21Y29         CARRY4 (Prop_carry4_CI_CO[3])
                                                      0.114     4.646 r  dbf_reference_bd_i/dbf_axis_0/inst/u_system/u_datapath/u_core/gen_lane[3].u_lane/u_quant_re/abs_s1_reg[19]_i_1__5/CO[3]
                         net (fo=1, routed)           0.000     4.646    dbf_reference_bd_i/dbf_axis_0/inst/u_system/u_datapath/u_core/gen_lane[3].u_lane/u_quant_re/abs_s1_reg[19]_i_1__5_n_0
    SLICE_X21Y30         CARRY4 (Prop_carry4_CI_CO[3])
                                                      0.114     4.760 r  dbf_reference_bd_i/dbf_axis_0/inst/u_system/u_datapath/u_core/gen_lane[3].u_lane/u_quant_re/abs_s1_reg[23]_i_1__5/CO[3]
                         net (fo=1, routed)           0.000     4.760    dbf_reference_bd_i/dbf_axis_0/inst/u_system/u_datapath/u_core/gen_lane[3].u_lane/u_quant_re/abs_s1_reg[23]_i_1__5_n_0
    SLICE_X21Y31         CARRY4 (Prop_carry4_CI_CO[3])
                                                      0.114     4.874 r  dbf_reference_bd_i/dbf_axis_0/inst/u_system/u_datapath/u_core/gen_lane[3].u_lane/u_quant_re/abs_s1_reg[27]_i_1__5/CO[3]
                         net (fo=1, routed)           0.000     4.874    dbf_reference_bd_i/dbf_axis_0/inst/u_system/u_datapath/u_core/gen_lane[3].u_lane/u_quant_re/abs_s1_reg[27]_i_1__5_n_0
    SLICE_X21Y32         CARRY4 (Prop_carry4_CI_CO[3])
                                                      0.114     4.988 r  dbf_reference_bd_i/dbf_axis_0/inst/u_system/u_datapath/u_core/gen_lane[3].u_lane/u_quant_re/abs_s1_reg[31]_i_1__5/CO[3]
                         net (fo=1, routed)           0.000     4.988    dbf_reference_bd_i/dbf_axis_0/inst/u_system/u_datapath/u_core/gen_lane[3].u_lane/u_quant_re/abs_s1_reg[31]_i_1__5_n_0
    SLICE_X21Y33         CARRY4 (Prop_carry4_CI_CO[3])
                                                      0.114     5.102 r  dbf_reference_bd_i/dbf_axis_0/inst/u_system/u_datapath/u_core/gen_lane[3].u_lane/u_quant_re/abs_s1_reg[35]_i_1__5/CO[3]
                         net (fo=1, routed)           0.000     5.102    dbf_reference_bd_i/dbf_axis_0/inst/u_system/u_datapath/u_core/gen_lane[3].u_lane/u_quant_re/abs_s1_reg[35]_i_1__5_n_0
    SLICE_X21Y34         CARRY4 (Prop_carry4_CI_CO[3])
                                                      0.114     5.216 r  dbf_reference_bd_i/dbf_axis_0/inst/u_system/u_datapath/u_core/gen_lane[3].u_lane/u_quant_re/abs_s1_reg[39]_i_1__5/CO[3]
                         net (fo=1, routed)           0.000     5.216    dbf_reference_bd_i/dbf_axis_0/inst/u_system/u_datapath/u_core/gen_lane[3].u_lane/u_quant_re/abs_s1_reg[39]_i_1__5_n_0
    SLICE_X21Y35         CARRY4 (Prop_carry4_CI_CO[3])
                                                      0.114     5.330 r  dbf_reference_bd_i/dbf_axis_0/inst/u_system/u_datapath/u_core/gen_lane[3].u_lane/u_quant_re/abs_s1_reg[43]_i_1__5/CO[3]
                         net (fo=1, routed)           0.000     5.330    dbf_reference_bd_i/dbf_axis_0/inst/u_system/u_datapath/u_core/gen_lane[3].u_lane/u_quant_re/abs_s1_reg[43]_i_1__5_n_0
    SLICE_X21Y36         CARRY4 (Prop_carry4_CI_CO[3])
                                                      0.114     5.444 r  dbf_reference_bd_i/dbf_axis_0/inst/u_system/u_datapath/u_core/gen_lane[3].u_lane/u_quant_re/abs_s1_reg[47]_i_1__5/CO[3]
                         net (fo=1, routed)           0.000     5.444    dbf_reference_bd_i/dbf_axis_0/inst/u_system/u_datapath/u_core/gen_lane[3].u_lane/u_quant_re/abs_s1_reg[47]_i_1__5_n_0
    SLICE_X21Y36         FDRE                                         r  dbf_reference_bd_i/dbf_axis_0/inst/u_system/u_datapath/u_core/gen_lane[3].u_lane/u_quant_re/abs_s1_reg[47]/D
  -------------------------------------------------------------------    -------------------

                         (clock aclk rise edge)       5.000     5.000 r  
                                                      0.000     5.000 r  aclk (IN)
                         net (fo=5092, unset)         0.924     5.924    dbf_reference_bd_i/dbf_axis_0/inst/u_system/u_datapath/u_core/gen_lane[3].u_lane/u_quant_re/aclk
    SLICE_X21Y36         FDRE                                         r  dbf_reference_bd_i/dbf_axis_0/inst/u_system/u_datapath/u_core/gen_lane[3].u_lane/u_quant_re/abs_s1_reg[47]/C
                         clock pessimism              0.000     5.924    
                         clock uncertainty           -0.035     5.889    
    SLICE_X21Y36         FDRE (Setup_fdre_C_D)       -0.198     5.691    dbf_reference_bd_i/dbf_axis_0/inst/u_system/u_datapath/u_core/gen_lane[3].u_lane/u_quant_re/abs_s1_reg[47]
  -------------------------------------------------------------------
                         required time                          5.691    
                         arrival time                          -5.444    
  -------------------------------------------------------------------
                         slack                                  0.247    

Slack (MET) :             0.252ns  (required time - arrival time)
  Source:                 dbf_reference_bd_i/dbf_axis_0/inst/u_system/u_datapath/u_core/gen_lane[6].u_lane/u_quant_re/valid_s3_reg/C
                            (rising edge-triggered cell FDRE clocked by aclk  {rise@0.000ns fall@2.500ns period=5.000ns})
  Destination:            dbf_reference_bd_i/dbf_axis_0/inst/u_system/u_datapath/u_core/gen_lane[0].u_lane/u_quant_im/clip_pos_s4_reg/CE
                            (rising edge-triggered cell FDRE clocked by aclk  {rise@0.000ns fall@2.500ns period=5.000ns})
  Path Group:             aclk
  Path Type:              Setup (Max at Slow Process Corner)
  Requirement:            5.000ns  (aclk rise@5.000ns - aclk rise@0.000ns)
  Data Path Delay:        4.459ns  (logic 0.456ns (10.226%)  route 4.003ns (89.774%))
  Logic Levels:           0  
  Clock Path Skew:        -0.049ns (DCD - SCD + CPR)
    Destination Clock Delay (DCD):    0.924ns = ( 5.924 - 5.000 ) 
    Source Clock Delay      (SCD):    0.973ns
    Clock Pessimism Removal (CPR):    0.000ns
  Clock Uncertainty:      0.035ns  ((TSJ^2 + TIJ^2)^1/2 + DJ) / 2 + PE
    Total System Jitter     (TSJ):    0.071ns
    Total Input Jitter      (TIJ):    0.000ns
    Discrete Jitter          (DJ):    0.000ns
    Phase Error              (PE):    0.000ns

    Location             Delay type                Incr(ns)  Path(ns)    Netlist Resource(s)
  -------------------------------------------------------------------    -------------------
                         (clock aclk rise edge)       0.000     0.000 r  
                                                      0.000     0.000 r  aclk (IN)
                         net (fo=5092, unset)         0.973     0.973    dbf_reference_bd_i/dbf_axis_0/inst/u_system/u_datapath/u_core/gen_lane[6].u_lane/u_quant_re/aclk
    SLICE_X29Y38         FDRE                                         r  dbf_reference_bd_i/dbf_axis_0/inst/u_system/u_datapath/u_core/gen_lane[6].u_lane/u_quant_re/valid_s3_reg/C
  -------------------------------------------------------------------    -------------------
    SLICE_X29Y38         FDRE (Prop_fdre_C_Q)         0.456     1.429 r  dbf_reference_bd_i/dbf_axis_0/inst/u_system/u_datapath/u_core/gen_lane[6].u_lane/u_quant_re/valid_s3_reg/Q
                         net (fo=715, routed)         4.003     5.432    dbf_reference_bd_i/dbf_axis_0/inst/u_system/u_datapath/u_core/gen_lane[0].u_lane/u_quant_im/valid_s3
    SLICE_X29Y20         FDRE                                         r  dbf_reference_bd_i/dbf_axis_0/inst/u_system/u_datapath/u_core/gen_lane[0].u_lane/u_quant_im/clip_pos_s4_reg/CE
  -------------------------------------------------------------------    -------------------

                         (clock aclk rise edge)       5.000     5.000 r  
                                                      0.000     5.000 r  aclk (IN)
                         net (fo=5092, unset)         0.924     5.924    dbf_reference_bd_i/dbf_axis_0/inst/u_system/u_datapath/u_core/gen_lane[0].u_lane/u_quant_im/aclk
    SLICE_X29Y20         FDRE                                         r  dbf_reference_bd_i/dbf_axis_0/inst/u_system/u_datapath/u_core/gen_lane[0].u_lane/u_quant_im/clip_pos_s4_reg/C
                         clock pessimism              0.000     5.924    
                         clock uncertainty           -0.035     5.889    
    SLICE_X29Y20         FDRE (Setup_fdre_C_CE)      -0.205     5.684    dbf_reference_bd_i/dbf_axis_0/inst/u_system/u_datapath/u_core/gen_lane[0].u_lane/u_quant_im/clip_pos_s4_reg
  -------------------------------------------------------------------
                         required time                          5.684    
                         arrival time                          -5.432    
  -------------------------------------------------------------------
                         slack                                  0.252    

Slack (MET) :             0.252ns  (required time - arrival time)
  Source:                 dbf_reference_bd_i/dbf_axis_0/inst/u_system/u_datapath/u_core/gen_lane[6].u_lane/u_quant_re/valid_s3_reg/C
                            (rising edge-triggered cell FDRE clocked by aclk  {rise@0.000ns fall@2.500ns period=5.000ns})
  Destination:            dbf_reference_bd_i/dbf_axis_0/inst/u_system/u_datapath/u_core/gen_lane[4].u_lane/u_quant_im/pos_word_s4_reg[21]/CE
                            (rising edge-triggered cell FDRE clocked by aclk  {rise@0.000ns fall@2.500ns period=5.000ns})
  Path Group:             aclk
  Path Type:              Setup (Max at Slow Process Corner)
  Requirement:            5.000ns  (aclk rise@5.000ns - aclk rise@0.000ns)
  Data Path Delay:        4.459ns  (logic 0.456ns (10.226%)  route 4.003ns (89.774%))
  Logic Levels:           0  
  Clock Path Skew:        -0.049ns (DCD - SCD + CPR)
    Destination Clock Delay (DCD):    0.924ns = ( 5.924 - 5.000 ) 
    Source Clock Delay      (SCD):    0.973ns
    Clock Pessimism Removal (CPR):    0.000ns
  Clock Uncertainty:      0.035ns  ((TSJ^2 + TIJ^2)^1/2 + DJ) / 2 + PE
    Total System Jitter     (TSJ):    0.071ns
    Total Input Jitter      (TIJ):    0.000ns
    Discrete Jitter          (DJ):    0.000ns
    Phase Error              (PE):    0.000ns

    Location             Delay type                Incr(ns)  Path(ns)    Netlist Resource(s)
  -------------------------------------------------------------------    -------------------
                         (clock aclk rise edge)       0.000     0.000 r  
                                                      0.000     0.000 r  aclk (IN)
                         net (fo=5092, unset)         0.973     0.973    dbf_reference_bd_i/dbf_axis_0/inst/u_system/u_datapath/u_core/gen_lane[6].u_lane/u_quant_re/aclk
    SLICE_X29Y38         FDRE                                         r  dbf_reference_bd_i/dbf_axis_0/inst/u_system/u_datapath/u_core/gen_lane[6].u_lane/u_quant_re/valid_s3_reg/C
  -------------------------------------------------------------------    -------------------
    SLICE_X29Y38         FDRE (Prop_fdre_C_Q)         0.456     1.429 r  dbf_reference_bd_i/dbf_axis_0/inst/u_system/u_datapath/u_core/gen_lane[6].u_lane/u_quant_re/valid_s3_reg/Q
                         net (fo=715, routed)         4.003     5.432    dbf_reference_bd_i/dbf_axis_0/inst/u_system/u_datapath/u_core/gen_lane[4].u_lane/u_quant_im/valid_s3
    SLICE_X29Y20         FDRE                                         r  dbf_reference_bd_i/dbf_axis_0/inst/u_system/u_datapath/u_core/gen_lane[4].u_lane/u_quant_im/pos_word_s4_reg[21]/CE
  -------------------------------------------------------------------    -------------------

                         (clock aclk rise edge)       5.000     5.000 r  
                                                      0.000     5.000 r  aclk (IN)
                         net (fo=5092, unset)         0.924     5.924    dbf_reference_bd_i/dbf_axis_0/inst/u_system/u_datapath/u_core/gen_lane[4].u_lane/u_quant_im/aclk
    SLICE_X29Y20         FDRE                                         r  dbf_reference_bd_i/dbf_axis_0/inst/u_system/u_datapath/u_core/gen_lane[4].u_lane/u_quant_im/pos_word_s4_reg[21]/C
                         clock pessimism              0.000     5.924    
                         clock uncertainty           -0.035     5.889    
    SLICE_X29Y20         FDRE (Setup_fdre_C_CE)      -0.205     5.684    dbf_reference_bd_i/dbf_axis_0/inst/u_system/u_datapath/u_core/gen_lane[4].u_lane/u_quant_im/pos_word_s4_reg[21]
  -------------------------------------------------------------------
                         required time                          5.684    
                         arrival time                          -5.432    
  -------------------------------------------------------------------
                         slack                                  0.252    

Slack (MET) :             0.265ns  (required time - arrival time)
  Source:                 dbf_reference_bd_i/dbf_axis_0/inst/u_system/u_datapath/u_core/gen_lane[5].u_lane/acc_im_q_reg[47]/C
                            (rising edge-triggered cell FDRE clocked by aclk  {rise@0.000ns fall@2.500ns period=5.000ns})
  Destination:            dbf_reference_bd_i/dbf_axis_0/inst/u_system/u_datapath/u_core/gen_lane[5].u_lane/u_quant_im/abs_s1_reg[45]/D
                            (rising edge-triggered cell FDRE clocked by aclk  {rise@0.000ns fall@2.500ns period=5.000ns})
  Path Group:             aclk
  Path Type:              Setup (Max at Slow Process Corner)
  Requirement:            5.000ns  (aclk rise@5.000ns - aclk rise@0.000ns)
  Data Path Delay:        4.713ns  (logic 2.438ns (51.734%)  route 2.275ns (48.266%))
  Logic Levels:           11  (CARRY4=10 LUT2=1)
  Clock Path Skew:        -0.049ns (DCD - SCD + CPR)
    Destination Clock Delay (DCD):    0.924ns = ( 5.924 - 5.000 ) 
    Source Clock Delay      (SCD):    0.973ns
    Clock Pessimism Removal (CPR):    0.000ns
  Clock Uncertainty:      0.035ns  ((TSJ^2 + TIJ^2)^1/2 + DJ) / 2 + PE
    Total System Jitter     (TSJ):    0.071ns
    Total Input Jitter      (TIJ):    0.000ns
    Discrete Jitter          (DJ):    0.000ns
    Phase Error              (PE):    0.000ns

    Location             Delay type                Incr(ns)  Path(ns)    Netlist Resource(s)
  -------------------------------------------------------------------    -------------------
                         (clock aclk rise edge)       0.000     0.000 r  
                                                      0.000     0.000 r  aclk (IN)
                         net (fo=5092, unset)         0.973     0.973    dbf_reference_bd_i/dbf_axis_0/inst/u_system/u_datapath/u_core/gen_lane[5].u_lane/aclk
    SLICE_X6Y25          FDRE                                         r  dbf_reference_bd_i/dbf_axis_0/inst/u_system/u_datapath/u_core/gen_lane[5].u_lane/acc_im_q_reg[47]/C
  -------------------------------------------------------------------    -------------------
    SLICE_X6Y25          FDRE (Prop_fdre_C_Q)         0.518     1.491 r  dbf_reference_bd_i/dbf_axis_0/inst/u_system/u_datapath/u_core/gen_lane[5].u_lane/acc_im_q_reg[47]/Q
                         net (fo=48, routed)          2.266     3.757    dbf_reference_bd_i/dbf_axis_0/inst/u_system/u_datapath/u_core/gen_lane[5].u_lane/u_quant_im/Q[47]
    SLICE_X7Y16          LUT2 (Prop_lut2_I0_O)        0.124     3.881 r  dbf_reference_bd_i/dbf_axis_0/inst/u_system/u_datapath/u_core/gen_lane[5].u_lane/u_quant_im/abs_s1[19]_i_15/O
                         net (fo=1, routed)           0.000     3.881    dbf_reference_bd_i/dbf_axis_0/inst/u_system/u_datapath/u_core/gen_lane[5].u_lane/u_quant_im/abs_s1[19]_i_15_n_0
    SLICE_X7Y16          CARRY4 (Prop_carry4_S[1]_CO[3])
                                                      0.550     4.431 r  dbf_reference_bd_i/dbf_axis_0/inst/u_system/u_datapath/u_core/gen_lane[5].u_lane/u_quant_im/abs_s1_reg[19]_i_7__10/CO[3]
                         net (fo=1, routed)           0.000     4.431    dbf_reference_bd_i/dbf_axis_0/inst/u_system/u_datapath/u_core/gen_lane[5].u_lane/u_quant_im/abs_s1_reg[19]_i_7__10_n_0
    SLICE_X7Y17          CARRY4 (Prop_carry4_CI_CO[3])
                                                      0.114     4.545 r  dbf_reference_bd_i/dbf_axis_0/inst/u_system/u_datapath/u_core/gen_lane[5].u_lane/u_quant_im/abs_s1_reg[19]_i_2__10/CO[3]
                         net (fo=1, routed)           0.000     4.545    dbf_reference_bd_i/dbf_axis_0/inst/u_system/u_datapath/u_core/gen_lane[5].u_lane/u_quant_im/abs_s1_reg[19]_i_2__10_n_0
    SLICE_X7Y18          CARRY4 (Prop_carry4_CI_CO[3])
                                                      0.114     4.659 r  dbf_reference_bd_i/dbf_axis_0/inst/u_system/u_datapath/u_core/gen_lane[5].u_lane/u_quant_im/abs_s1_reg[19]_i_1__10/CO[3]
                         net (fo=1, routed)           0.000     4.659    dbf_reference_bd_i/dbf_axis_0/inst/u_system/u_datapath/u_core/gen_lane[5].u_lane/u_quant_im/abs_s1_reg[19]_i_1__10_n_0
    SLICE_X7Y19          CARRY4 (Prop_carry4_CI_CO[3])
                                                      0.114     4.773 r  dbf_reference_bd_i/dbf_axis_0/inst/u_system/u_datapath/u_core/gen_lane[5].u_lane/u_quant_im/abs_s1_reg[23]_i_1__10/CO[3]
                         net (fo=1, routed)           0.000     4.773    dbf_reference_bd_i/dbf_axis_0/inst/u_system/u_datapath/u_core/gen_lane[5].u_lane/u_quant_im/abs_s1_reg[23]_i_1__10_n_0
    SLICE_X7Y20          CARRY4 (Prop_carry4_CI_CO[3])
                                                      0.114     4.887 r  dbf_reference_bd_i/dbf_axis_0/inst/u_system/u_datapath/u_core/gen_lane[5].u_lane/u_quant_im/abs_s1_reg[27]_i_1__10/CO[3]
                         net (fo=1, routed)           0.000     4.887    dbf_reference_bd_i/dbf_axis_0/inst/u_system/u_datapath/u_core/gen_lane[5].u_lane/u_quant_im/abs_s1_reg[27]_i_1__10_n_0
    SLICE_X7Y21          CARRY4 (Prop_carry4_CI_CO[3])
                                                      0.114     5.001 r  dbf_reference_bd_i/dbf_axis_0/inst/u_system/u_datapath/u_core/gen_lane[5].u_lane/u_quant_im/abs_s1_reg[31]_i_1__10/CO[3]
                         net (fo=1, routed)           0.000     5.001    dbf_reference_bd_i/dbf_axis_0/inst/u_system/u_datapath/u_core/gen_lane[5].u_lane/u_quant_im/abs_s1_reg[31]_i_1__10_n_0
    SLICE_X7Y22          CARRY4 (Prop_carry4_CI_CO[3])
                                                      0.114     5.115 r  dbf_reference_bd_i/dbf_axis_0/inst/u_system/u_datapath/u_core/gen_lane[5].u_lane/u_quant_im/abs_s1_reg[35]_i_1__10/CO[3]
                         net (fo=1, routed)           0.000     5.115    dbf_reference_bd_i/dbf_axis_0/inst/u_system/u_datapath/u_core/gen_lane[5].u_lane/u_quant_im/abs_s1_reg[35]_i_1__10_n_0
    SLICE_X7Y23          CARRY4 (Prop_carry4_CI_CO[3])
                                                      0.114     5.229 r  dbf_reference_bd_i/dbf_axis_0/inst/u_system/u_datapath/u_core/gen_lane[5].u_lane/u_quant_im/abs_s1_reg[39]_i_1__10/CO[3]
                         net (fo=1, routed)           0.000     5.229    dbf_reference_bd_i/dbf_axis_0/inst/u_system/u_datapath/u_core/gen_lane[5].u_lane/u_quant_im/abs_s1_reg[39]_i_1__10_n_0
    SLICE_X7Y24          CARRY4 (Prop_carry4_CI_CO[3])
                                                      0.114     5.343 r  dbf_reference_bd_i/dbf_axis_0/inst/u_system/u_datapath/u_core/gen_lane[5].u_lane/u_quant_im/abs_s1_reg[43]_i_1__10/CO[3]
                         net (fo=1, routed)           0.009     5.352    dbf_reference_bd_i/dbf_axis_0/inst/u_system/u_datapath/u_core/gen_lane[5].u_lane/u_quant_im/abs_s1_reg[43]_i_1__10_n_0
    SLICE_X7Y25          CARRY4 (Prop_carry4_CI_O[1])
                                                      0.334     5.686 r  dbf_reference_bd_i/dbf_axis_0/inst/u_system/u_datapath/u_core/gen_lane[5].u_lane/u_quant_im/abs_s1_reg[47]_i_1__10/O[1]
                         net (fo=1, routed)           0.000     5.686    dbf_reference_bd_i/dbf_axis_0/inst/u_system/u_datapath/u_core/gen_lane[5].u_lane/u_quant_im/abs_s1_reg[47]_i_1__10_n_6
    SLICE_X7Y25          FDRE                                         r  dbf_reference_bd_i/dbf_axis_0/inst/u_system/u_datapath/u_core/gen_lane[5].u_lane/u_quant_im/abs_s1_reg[45]/D
  -------------------------------------------------------------------    -------------------

                         (clock aclk rise edge)       5.000     5.000 r  
                                                      0.000     5.000 r  aclk (IN)
                         net (fo=5092, unset)         0.924     5.924    dbf_reference_bd_i/dbf_axis_0/inst/u_system/u_datapath/u_core/gen_lane[5].u_lane/u_quant_im/aclk
    SLICE_X7Y25          FDRE                                         r  dbf_reference_bd_i/dbf_axis_0/inst/u_system/u_datapath/u_core/gen_lane[5].u_lane/u_quant_im/abs_s1_reg[45]/C
                         clock pessimism              0.000     5.924    
                         clock uncertainty           -0.035     5.889    
    SLICE_X7Y25          FDRE (Setup_fdre_C_D)        0.062     5.951    dbf_reference_bd_i/dbf_axis_0/inst/u_system/u_datapath/u_core/gen_lane[5].u_lane/u_quant_im/abs_s1_reg[45]
  -------------------------------------------------------------------
                         required time                          5.951    
                         arrival time                          -5.686    
  -------------------------------------------------------------------
                         slack                                  0.265    

Slack (MET) :             0.266ns  (required time - arrival time)
  Source:                 dbf_reference_bd_i/dbf_axis_0/inst/u_system/u_datapath/u_core/gen_lane[6].u_lane/acc_re_q_reg[47]/C
                            (rising edge-triggered cell FDRE clocked by aclk  {rise@0.000ns fall@2.500ns period=5.000ns})
  Destination:            dbf_reference_bd_i/dbf_axis_0/inst/u_system/u_datapath/u_core/gen_lane[6].u_lane/u_quant_re/abs_s1_reg[47]/D
                            (rising edge-triggered cell FDRE clocked by aclk  {rise@0.000ns fall@2.500ns period=5.000ns})
  Path Group:             aclk
  Path Type:              Setup (Max at Slow Process Corner)
  Requirement:            5.000ns  (aclk rise@5.000ns - aclk rise@0.000ns)
  Data Path Delay:        4.500ns  (logic 2.146ns (47.689%)  route 2.354ns (52.311%))
  Logic Levels:           11  (CARRY4=10 LUT2=1)
  Clock Path Skew:        -0.049ns (DCD - SCD + CPR)
    Destination Clock Delay (DCD):    0.924ns = ( 5.924 - 5.000 ) 
    Source Clock Delay      (SCD):    0.973ns
    Clock Pessimism Removal (CPR):    0.000ns
  Clock Uncertainty:      0.035ns  ((TSJ^2 + TIJ^2)^1/2 + DJ) / 2 + PE
    Total System Jitter     (TSJ):    0.071ns
    Total Input Jitter      (TIJ):    0.000ns
    Discrete Jitter          (DJ):    0.000ns
    Phase Error              (PE):    0.000ns

    Location             Delay type                Incr(ns)  Path(ns)    Netlist Resource(s)
  -------------------------------------------------------------------    -------------------
                         (clock aclk rise edge)       0.000     0.000 r  
                                                      0.000     0.000 r  aclk (IN)
                         net (fo=5092, unset)         0.973     0.973    dbf_reference_bd_i/dbf_axis_0/inst/u_system/u_datapath/u_core/gen_lane[6].u_lane/aclk
    SLICE_X13Y44         FDRE                                         r  dbf_reference_bd_i/dbf_axis_0/inst/u_system/u_datapath/u_core/gen_lane[6].u_lane/acc_re_q_reg[47]/C
  -------------------------------------------------------------------    -------------------
    SLICE_X13Y44         FDRE (Prop_fdre_C_Q)         0.456     1.429 r  dbf_reference_bd_i/dbf_axis_0/inst/u_system/u_datapath/u_core/gen_lane[6].u_lane/acc_re_q_reg[47]/Q
                         net (fo=48, routed)          2.354     3.783    dbf_reference_bd_i/dbf_axis_0/inst/u_system/u_datapath/u_core/gen_lane[6].u_lane/u_quant_re/Q[47]
    SLICE_X14Y34         LUT2 (Prop_lut2_I0_O)        0.124     3.907 r  dbf_reference_bd_i/dbf_axis_0/inst/u_system/u_datapath/u_core/gen_lane[6].u_lane/u_quant_re/abs_s1[19]_i_16/O
                         net (fo=1, routed)           0.000     3.907    dbf_reference_bd_i/dbf_axis_0/inst/u_system/u_datapath/u_core/gen_lane[6].u_lane/u_quant_re/abs_s1[19]_i_16_n_0
    SLICE_X14Y34         CARRY4 (Prop_carry4_S[0]_CO[3])
                                                      0.513     4.420 r  dbf_reference_bd_i/dbf_axis_0/inst/u_system/u_datapath/u_core/gen_lane[6].u_lane/u_quant_re/abs_s1_reg[19]_i_7__11/CO[3]
                         net (fo=1, routed)           0.000     4.420    dbf_reference_bd_i/dbf_axis_0/inst/u_system/u_datapath/u_core/gen_lane[6].u_lane/u_quant_re/abs_s1_reg[19]_i_7__11_n_0
    SLICE_X14Y35         CARRY4 (Prop_carry4_CI_CO[3])
                                                      0.117     4.537 r  dbf_reference_bd_i/dbf_axis_0/inst/u_system/u_datapath/u_core/gen_lane[6].u_lane/u_quant_re/abs_s1_reg[19]_i_2__11/CO[3]
                         net (fo=1, routed)           0.000     4.537    dbf_reference_bd_i/dbf_axis_0/inst/u_system/u_datapath/u_core/gen_lane[6].u_lane/u_quant_re/abs_s1_reg[19]_i_2__11_n_0
    SLICE_X14Y36         CARRY4 (Prop_carry4_CI_CO[3])
                                                      0.117     4.654 r  dbf_reference_bd_i/dbf_axis_0/inst/u_system/u_datapath/u_core/gen_lane[6].u_lane/u_quant_re/abs_s1_reg[19]_i_1__11/CO[3]
                         net (fo=1, routed)           0.000     4.654    dbf_reference_bd_i/dbf_axis_0/inst/u_system/u_datapath/u_core/gen_lane[6].u_lane/u_quant_re/abs_s1_reg[19]_i_1__11_n_0
    SLICE_X14Y37         CARRY4 (Prop_carry4_CI_CO[3])
                                                      0.117     4.771 r  dbf_reference_bd_i/dbf_axis_0/inst/u_system/u_datapath/u_core/gen_lane[6].u_lane/u_quant_re/abs_s1_reg[23]_i_1__11/CO[3]
                         net (fo=1, routed)           0.000     4.771    dbf_reference_bd_i/dbf_axis_0/inst/u_system/u_datapath/u_core/gen_lane[6].u_lane/u_quant_re/abs_s1_reg[23]_i_1__11_n_0
    SLICE_X14Y38         CARRY4 (Prop_carry4_CI_CO[3])
                                                      0.117     4.888 r  dbf_reference_bd_i/dbf_axis_0/inst/u_system/u_datapath/u_core/gen_lane[6].u_lane/u_quant_re/abs_s1_reg[27]_i_1__11/CO[3]
                         net (fo=1, routed)           0.000     4.888    dbf_reference_bd_i/dbf_axis_0/inst/u_system/u_datapath/u_core/gen_lane[6].u_lane/u_quant_re/abs_s1_reg[27]_i_1__11_n_0
    SLICE_X14Y39         CARRY4 (Prop_carry4_CI_CO[3])
                                                      0.117     5.005 r  dbf_reference_bd_i/dbf_axis_0/inst/u_system/u_datapath/u_core/gen_lane[6].u_lane/u_quant_re/abs_s1_reg[31]_i_1__11/CO[3]
                         net (fo=1, routed)           0.000     5.005    dbf_reference_bd_i/dbf_axis_0/inst/u_system/u_datapath/u_core/gen_lane[6].u_lane/u_quant_re/abs_s1_reg[31]_i_1__11_n_0
    SLICE_X14Y40         CARRY4 (Prop_carry4_CI_CO[3])
                                                      0.117     5.122 r  dbf_reference_bd_i/dbf_axis_0/inst/u_system/u_datapath/u_core/gen_lane[6].u_lane/u_quant_re/abs_s1_reg[35]_i_1__11/CO[3]
                         net (fo=1, routed)           0.000     5.122    dbf_reference_bd_i/dbf_axis_0/inst/u_system/u_datapath/u_core/gen_lane[6].u_lane/u_quant_re/abs_s1_reg[35]_i_1__11_n_0
    SLICE_X14Y41         CARRY4 (Prop_carry4_CI_CO[3])
                                                      0.117     5.239 r  dbf_reference_bd_i/dbf_axis_0/inst/u_system/u_datapath/u_core/gen_lane[6].u_lane/u_quant_re/abs_s1_reg[39]_i_1__11/CO[3]
                         net (fo=1, routed)           0.000     5.239    dbf_reference_bd_i/dbf_axis_0/inst/u_system/u_datapath/u_core/gen_lane[6].u_lane/u_quant_re/abs_s1_reg[39]_i_1__11_n_0
    SLICE_X14Y42         CARRY4 (Prop_carry4_CI_CO[3])
                                                      0.117     5.356 r  dbf_reference_bd_i/dbf_axis_0/inst/u_system/u_datapath/u_core/gen_lane[6].u_lane/u_quant_re/abs_s1_reg[43]_i_1__11/CO[3]
                         net (fo=1, routed)           0.000     5.356    dbf_reference_bd_i/dbf_axis_0/inst/u_system/u_datapath/u_core/gen_lane[6].u_lane/u_quant_re/abs_s1_reg[43]_i_1__11_n_0
    SLICE_X14Y43         CARRY4 (Prop_carry4_CI_CO[3])
                                                      0.117     5.473 r  dbf_reference_bd_i/dbf_axis_0/inst/u_system/u_datapath/u_core/gen_lane[6].u_lane/u_quant_re/abs_s1_reg[47]_i_1__11/CO[3]
                         net (fo=1, routed)           0.000     5.473    dbf_reference_bd_i/dbf_axis_0/inst/u_system/u_datapath/u_core/gen_lane[6].u_lane/u_quant_re/abs_s1_reg[47]_i_1__11_n_0
    SLICE_X14Y43         FDRE                                         r  dbf_reference_bd_i/dbf_axis_0/inst/u_system/u_datapath/u_core/gen_lane[6].u_lane/u_quant_re/abs_s1_reg[47]/D
  -------------------------------------------------------------------    -------------------

                         (clock aclk rise edge)       5.000     5.000 r  
                                                      0.000     5.000 r  aclk (IN)
                         net (fo=5092, unset)         0.924     5.924    dbf_reference_bd_i/dbf_axis_0/inst/u_system/u_datapath/u_core/gen_lane[6].u_lane/u_quant_re/aclk
    SLICE_X14Y43         FDRE                                         r  dbf_reference_bd_i/dbf_axis_0/inst/u_system/u_datapath/u_core/gen_lane[6].u_lane/u_quant_re/abs_s1_reg[47]/C
                         clock pessimism              0.000     5.924    
                         clock uncertainty           -0.035     5.889    
    SLICE_X14Y43         FDRE (Setup_fdre_C_D)       -0.150     5.739    dbf_reference_bd_i/dbf_axis_0/inst/u_system/u_datapath/u_core/gen_lane[6].u_lane/u_quant_re/abs_s1_reg[47]
  -------------------------------------------------------------------
                         required time                          5.739    
                         arrival time                          -5.473    
  -------------------------------------------------------------------
                         slack                                  0.266    

Slack (MET) :             0.278ns  (required time - arrival time)
  Source:                 dbf_reference_bd_i/dbf_axis_0/inst/u_system/u_datapath/u_core/gen_lane[6].u_lane/u_quant_re/valid_s3_reg/C
                            (rising edge-triggered cell FDRE clocked by aclk  {rise@0.000ns fall@2.500ns period=5.000ns})
  Destination:            dbf_reference_bd_i/dbf_axis_0/inst/u_system/u_datapath/u_core/gen_lane[4].u_lane/u_quant_im/neg_word_s4_reg[20]/CE
                            (rising edge-triggered cell FDRE clocked by aclk  {rise@0.000ns fall@2.500ns period=5.000ns})
  Path Group:             aclk
  Path Type:              Setup (Max at Slow Process Corner)
  Requirement:            5.000ns  (aclk rise@5.000ns - aclk rise@0.000ns)
  Data Path Delay:        4.433ns  (logic 0.456ns (10.286%)  route 3.977ns (89.714%))
  Logic Levels:           0  
  Clock Path Skew:        -0.049ns (DCD - SCD + CPR)
    Destination Clock Delay (DCD):    0.924ns = ( 5.924 - 5.000 ) 
    Source Clock Delay      (SCD):    0.973ns
    Clock Pessimism Removal (CPR):    0.000ns
  Clock Uncertainty:      0.035ns  ((TSJ^2 + TIJ^2)^1/2 + DJ) / 2 + PE
    Total System Jitter     (TSJ):    0.071ns
    Total Input Jitter      (TIJ):    0.000ns
    Discrete Jitter          (DJ):    0.000ns
    Phase Error              (PE):    0.000ns

    Location             Delay type                Incr(ns)  Path(ns)    Netlist Resource(s)
  -------------------------------------------------------------------    -------------------
                         (clock aclk rise edge)       0.000     0.000 r  
                                                      0.000     0.000 r  aclk (IN)
                         net (fo=5092, unset)         0.973     0.973    dbf_reference_bd_i/dbf_axis_0/inst/u_system/u_datapath/u_core/gen_lane[6].u_lane/u_quant_re/aclk
    SLICE_X29Y38         FDRE                                         r  dbf_reference_bd_i/dbf_axis_0/inst/u_system/u_datapath/u_core/gen_lane[6].u_lane/u_quant_re/valid_s3_reg/C
  -------------------------------------------------------------------    -------------------
    SLICE_X29Y38         FDRE (Prop_fdre_C_Q)         0.456     1.429 r  dbf_reference_bd_i/dbf_axis_0/inst/u_system/u_datapath/u_core/gen_lane[6].u_lane/u_quant_re/valid_s3_reg/Q
                         net (fo=715, routed)         3.977     5.406    dbf_reference_bd_i/dbf_axis_0/inst/u_system/u_datapath/u_core/gen_lane[4].u_lane/u_quant_im/valid_s3
    SLICE_X24Y19         FDRE                                         r  dbf_reference_bd_i/dbf_axis_0/inst/u_system/u_datapath/u_core/gen_lane[4].u_lane/u_quant_im/neg_word_s4_reg[20]/CE
  -------------------------------------------------------------------    -------------------

                         (clock aclk rise edge)       5.000     5.000 r  
                                                      0.000     5.000 r  aclk (IN)
                         net (fo=5092, unset)         0.924     5.924    dbf_reference_bd_i/dbf_axis_0/inst/u_system/u_datapath/u_core/gen_lane[4].u_lane/u_quant_im/aclk
    SLICE_X24Y19         FDRE                                         r  dbf_reference_bd_i/dbf_axis_0/inst/u_system/u_datapath/u_core/gen_lane[4].u_lane/u_quant_im/neg_word_s4_reg[20]/C
                         clock pessimism              0.000     5.924    
                         clock uncertainty           -0.035     5.889    
    SLICE_X24Y19         FDRE (Setup_fdre_C_CE)      -0.205     5.684    dbf_reference_bd_i/dbf_axis_0/inst/u_system/u_datapath/u_core/gen_lane[4].u_lane/u_quant_im/neg_word_s4_reg[20]
  -------------------------------------------------------------------
                         required time                          5.684    
                         arrival time                          -5.406    
  -------------------------------------------------------------------
                         slack                                  0.278    

Slack (MET) :             0.278ns  (required time - arrival time)
  Source:                 dbf_reference_bd_i/dbf_axis_0/inst/u_system/u_datapath/u_core/gen_lane[6].u_lane/u_quant_re/valid_s3_reg/C
                            (rising edge-triggered cell FDRE clocked by aclk  {rise@0.000ns fall@2.500ns period=5.000ns})
  Destination:            dbf_reference_bd_i/dbf_axis_0/inst/u_system/u_datapath/u_core/gen_lane[4].u_lane/u_quant_im/neg_word_s4_reg[21]/CE
                            (rising edge-triggered cell FDRE clocked by aclk  {rise@0.000ns fall@2.500ns period=5.000ns})
  Path Group:             aclk
  Path Type:              Setup (Max at Slow Process Corner)
  Requirement:            5.000ns  (aclk rise@5.000ns - aclk rise@0.000ns)
  Data Path Delay:        4.433ns  (logic 0.456ns (10.286%)  route 3.977ns (89.714%))
  Logic Levels:           0  
  Clock Path Skew:        -0.049ns (DCD - SCD + CPR)
    Destination Clock Delay (DCD):    0.924ns = ( 5.924 - 5.000 ) 
    Source Clock Delay      (SCD):    0.973ns
    Clock Pessimism Removal (CPR):    0.000ns
  Clock Uncertainty:      0.035ns  ((TSJ^2 + TIJ^2)^1/2 + DJ) / 2 + PE
    Total System Jitter     (TSJ):    0.071ns
    Total Input Jitter      (TIJ):    0.000ns
    Discrete Jitter          (DJ):    0.000ns
    Phase Error              (PE):    0.000ns

    Location             Delay type                Incr(ns)  Path(ns)    Netlist Resource(s)
  -------------------------------------------------------------------    -------------------
                         (clock aclk rise edge)       0.000     0.000 r  
                                                      0.000     0.000 r  aclk (IN)
                         net (fo=5092, unset)         0.973     0.973    dbf_reference_bd_i/dbf_axis_0/inst/u_system/u_datapath/u_core/gen_lane[6].u_lane/u_quant_re/aclk
    SLICE_X29Y38         FDRE                                         r  dbf_reference_bd_i/dbf_axis_0/inst/u_system/u_datapath/u_core/gen_lane[6].u_lane/u_quant_re/valid_s3_reg/C
  -------------------------------------------------------------------    -------------------
    SLICE_X29Y38         FDRE (Prop_fdre_C_Q)         0.456     1.429 r  dbf_reference_bd_i/dbf_axis_0/inst/u_system/u_datapath/u_core/gen_lane[6].u_lane/u_quant_re/valid_s3_reg/Q
                         net (fo=715, routed)         3.977     5.406    dbf_reference_bd_i/dbf_axis_0/inst/u_system/u_datapath/u_core/gen_lane[4].u_lane/u_quant_im/valid_s3
    SLICE_X24Y19         FDRE                                         r  dbf_reference_bd_i/dbf_axis_0/inst/u_system/u_datapath/u_core/gen_lane[4].u_lane/u_quant_im/neg_word_s4_reg[21]/CE
  -------------------------------------------------------------------    -------------------

                         (clock aclk rise edge)       5.000     5.000 r  
                                                      0.000     5.000 r  aclk (IN)
                         net (fo=5092, unset)         0.924     5.924    dbf_reference_bd_i/dbf_axis_0/inst/u_system/u_datapath/u_core/gen_lane[4].u_lane/u_quant_im/aclk
    SLICE_X24Y19         FDRE                                         r  dbf_reference_bd_i/dbf_axis_0/inst/u_system/u_datapath/u_core/gen_lane[4].u_lane/u_quant_im/neg_word_s4_reg[21]/C
                         clock pessimism              0.000     5.924    
                         clock uncertainty           -0.035     5.889    
    SLICE_X24Y19         FDRE (Setup_fdre_C_CE)      -0.205     5.684    dbf_reference_bd_i/dbf_axis_0/inst/u_system/u_datapath/u_core/gen_lane[4].u_lane/u_quant_im/neg_word_s4_reg[21]
  -------------------------------------------------------------------
                         required time                          5.684    
                         arrival time                          -5.406    
  -------------------------------------------------------------------
                         slack                                  0.278    

Slack (MET) :             0.278ns  (required time - arrival time)
  Source:                 dbf_reference_bd_i/dbf_axis_0/inst/u_system/u_datapath/u_core/gen_lane[6].u_lane/u_quant_re/valid_s3_reg/C
                            (rising edge-triggered cell FDRE clocked by aclk  {rise@0.000ns fall@2.500ns period=5.000ns})
  Destination:            dbf_reference_bd_i/dbf_axis_0/inst/u_system/u_datapath/u_core/gen_lane[4].u_lane/u_quant_im/neg_word_s4_reg[22]/CE
                            (rising edge-triggered cell FDRE clocked by aclk  {rise@0.000ns fall@2.500ns period=5.000ns})
  Path Group:             aclk
  Path Type:              Setup (Max at Slow Process Corner)
  Requirement:            5.000ns  (aclk rise@5.000ns - aclk rise@0.000ns)
  Data Path Delay:        4.433ns  (logic 0.456ns (10.286%)  route 3.977ns (89.714%))
  Logic Levels:           0  
  Clock Path Skew:        -0.049ns (DCD - SCD + CPR)
    Destination Clock Delay (DCD):    0.924ns = ( 5.924 - 5.000 ) 
    Source Clock Delay      (SCD):    0.973ns
    Clock Pessimism Removal (CPR):    0.000ns
  Clock Uncertainty:      0.035ns  ((TSJ^2 + TIJ^2)^1/2 + DJ) / 2 + PE
    Total System Jitter     (TSJ):    0.071ns
    Total Input Jitter      (TIJ):    0.000ns
    Discrete Jitter          (DJ):    0.000ns
    Phase Error              (PE):    0.000ns

    Location             Delay type                Incr(ns)  Path(ns)    Netlist Resource(s)
  -------------------------------------------------------------------    -------------------
                         (clock aclk rise edge)       0.000     0.000 r  
                                                      0.000     0.000 r  aclk (IN)
                         net (fo=5092, unset)         0.973     0.973    dbf_reference_bd_i/dbf_axis_0/inst/u_system/u_datapath/u_core/gen_lane[6].u_lane/u_quant_re/aclk
    SLICE_X29Y38         FDRE                                         r  dbf_reference_bd_i/dbf_axis_0/inst/u_system/u_datapath/u_core/gen_lane[6].u_lane/u_quant_re/valid_s3_reg/C
  -------------------------------------------------------------------    -------------------
    SLICE_X29Y38         FDRE (Prop_fdre_C_Q)         0.456     1.429 r  dbf_reference_bd_i/dbf_axis_0/inst/u_system/u_datapath/u_core/gen_lane[6].u_lane/u_quant_re/valid_s3_reg/Q
                         net (fo=715, routed)         3.977     5.406    dbf_reference_bd_i/dbf_axis_0/inst/u_system/u_datapath/u_core/gen_lane[4].u_lane/u_quant_im/valid_s3
    SLICE_X24Y19         FDRE                                         r  dbf_reference_bd_i/dbf_axis_0/inst/u_system/u_datapath/u_core/gen_lane[4].u_lane/u_quant_im/neg_word_s4_reg[22]/CE
  -------------------------------------------------------------------    -------------------

                         (clock aclk rise edge)       5.000     5.000 r  
                                                      0.000     5.000 r  aclk (IN)
                         net (fo=5092, unset)         0.924     5.924    dbf_reference_bd_i/dbf_axis_0/inst/u_system/u_datapath/u_core/gen_lane[4].u_lane/u_quant_im/aclk
    SLICE_X24Y19         FDRE                                         r  dbf_reference_bd_i/dbf_axis_0/inst/u_system/u_datapath/u_core/gen_lane[4].u_lane/u_quant_im/neg_word_s4_reg[22]/C
                         clock pessimism              0.000     5.924    
                         clock uncertainty           -0.035     5.889    
    SLICE_X24Y19         FDRE (Setup_fdre_C_CE)      -0.205     5.684    dbf_reference_bd_i/dbf_axis_0/inst/u_system/u_datapath/u_core/gen_lane[4].u_lane/u_quant_im/neg_word_s4_reg[22]
  -------------------------------------------------------------------
                         required time                          5.684    
                         arrival time                          -5.406    
  -------------------------------------------------------------------
                         slack                                  0.278    

Slack (MET) :             0.278ns  (required time - arrival time)
  Source:                 dbf_reference_bd_i/dbf_axis_0/inst/u_system/u_datapath/u_core/gen_lane[6].u_lane/u_quant_re/valid_s3_reg/C
                            (rising edge-triggered cell FDRE clocked by aclk  {rise@0.000ns fall@2.500ns period=5.000ns})
  Destination:            dbf_reference_bd_i/dbf_axis_0/inst/u_system/u_datapath/u_core/gen_lane[4].u_lane/u_quant_im/neg_word_s4_reg[23]/CE
                            (rising edge-triggered cell FDRE clocked by aclk  {rise@0.000ns fall@2.500ns period=5.000ns})
  Path Group:             aclk
  Path Type:              Setup (Max at Slow Process Corner)
  Requirement:            5.000ns  (aclk rise@5.000ns - aclk rise@0.000ns)
  Data Path Delay:        4.433ns  (logic 0.456ns (10.286%)  route 3.977ns (89.714%))
  Logic Levels:           0  
  Clock Path Skew:        -0.049ns (DCD - SCD + CPR)
    Destination Clock Delay (DCD):    0.924ns = ( 5.924 - 5.000 ) 
    Source Clock Delay      (SCD):    0.973ns
    Clock Pessimism Removal (CPR):    0.000ns
  Clock Uncertainty:      0.035ns  ((TSJ^2 + TIJ^2)^1/2 + DJ) / 2 + PE
    Total System Jitter     (TSJ):    0.071ns
    Total Input Jitter      (TIJ):    0.000ns
    Discrete Jitter          (DJ):    0.000ns
    Phase Error              (PE):    0.000ns

    Location             Delay type                Incr(ns)  Path(ns)    Netlist Resource(s)
  -------------------------------------------------------------------    -------------------
                         (clock aclk rise edge)       0.000     0.000 r  
                                                      0.000     0.000 r  aclk (IN)
                         net (fo=5092, unset)         0.973     0.973    dbf_reference_bd_i/dbf_axis_0/inst/u_system/u_datapath/u_core/gen_lane[6].u_lane/u_quant_re/aclk
    SLICE_X29Y38         FDRE                                         r  dbf_reference_bd_i/dbf_axis_0/inst/u_system/u_datapath/u_core/gen_lane[6].u_lane/u_quant_re/valid_s3_reg/C
  -------------------------------------------------------------------    -------------------
    SLICE_X29Y38         FDRE (Prop_fdre_C_Q)         0.456     1.429 r  dbf_reference_bd_i/dbf_axis_0/inst/u_system/u_datapath/u_core/gen_lane[6].u_lane/u_quant_re/valid_s3_reg/Q
                         net (fo=715, routed)         3.977     5.406    dbf_reference_bd_i/dbf_axis_0/inst/u_system/u_datapath/u_core/gen_lane[4].u_lane/u_quant_im/valid_s3
    SLICE_X24Y19         FDRE                                         r  dbf_reference_bd_i/dbf_axis_0/inst/u_system/u_datapath/u_core/gen_lane[4].u_lane/u_quant_im/neg_word_s4_reg[23]/CE
  -------------------------------------------------------------------    -------------------

                         (clock aclk rise edge)       5.000     5.000 r  
                                                      0.000     5.000 r  aclk (IN)
                         net (fo=5092, unset)         0.924     5.924    dbf_reference_bd_i/dbf_axis_0/inst/u_system/u_datapath/u_core/gen_lane[4].u_lane/u_quant_im/aclk
    SLICE_X24Y19         FDRE                                         r  dbf_reference_bd_i/dbf_axis_0/inst/u_system/u_datapath/u_core/gen_lane[4].u_lane/u_quant_im/neg_word_s4_reg[23]/C
                         clock pessimism              0.000     5.924    
                         clock uncertainty           -0.035     5.889    
    SLICE_X24Y19         FDRE (Setup_fdre_C_CE)      -0.205     5.684    dbf_reference_bd_i/dbf_axis_0/inst/u_system/u_datapath/u_core/gen_lane[4].u_lane/u_quant_im/neg_word_s4_reg[23]
  -------------------------------------------------------------------
                         required time                          5.684    
                         arrival time                          -5.406    
  -------------------------------------------------------------------
                         slack                                  0.278    

Slack (MET) :             0.278ns  (required time - arrival time)
  Source:                 dbf_reference_bd_i/dbf_axis_0/inst/u_system/u_datapath/u_core/gen_lane[6].u_lane/u_quant_re/valid_s3_reg/C
                            (rising edge-triggered cell FDRE clocked by aclk  {rise@0.000ns fall@2.500ns period=5.000ns})
  Destination:            dbf_reference_bd_i/dbf_axis_0/inst/u_system/u_datapath/u_core/gen_lane[4].u_lane/u_quant_im/pos_word_s4_reg[18]/CE
                            (rising edge-triggered cell FDRE clocked by aclk  {rise@0.000ns fall@2.500ns period=5.000ns})
  Path Group:             aclk
  Path Type:              Setup (Max at Slow Process Corner)
  Requirement:            5.000ns  (aclk rise@5.000ns - aclk rise@0.000ns)
  Data Path Delay:        4.433ns  (logic 0.456ns (10.286%)  route 3.977ns (89.714%))
  Logic Levels:           0  
  Clock Path Skew:        -0.049ns (DCD - SCD + CPR)
    Destination Clock Delay (DCD):    0.924ns = ( 5.924 - 5.000 ) 
    Source Clock Delay      (SCD):    0.973ns
    Clock Pessimism Removal (CPR):    0.000ns
  Clock Uncertainty:      0.035ns  ((TSJ^2 + TIJ^2)^1/2 + DJ) / 2 + PE
    Total System Jitter     (TSJ):    0.071ns
    Total Input Jitter      (TIJ):    0.000ns
    Discrete Jitter          (DJ):    0.000ns
    Phase Error              (PE):    0.000ns

    Location             Delay type                Incr(ns)  Path(ns)    Netlist Resource(s)
  -------------------------------------------------------------------    -------------------
                         (clock aclk rise edge)       0.000     0.000 r  
                                                      0.000     0.000 r  aclk (IN)
                         net (fo=5092, unset)         0.973     0.973    dbf_reference_bd_i/dbf_axis_0/inst/u_system/u_datapath/u_core/gen_lane[6].u_lane/u_quant_re/aclk
    SLICE_X29Y38         FDRE                                         r  dbf_reference_bd_i/dbf_axis_0/inst/u_system/u_datapath/u_core/gen_lane[6].u_lane/u_quant_re/valid_s3_reg/C
  -------------------------------------------------------------------    -------------------
    SLICE_X29Y38         FDRE (Prop_fdre_C_Q)         0.456     1.429 r  dbf_reference_bd_i/dbf_axis_0/inst/u_system/u_datapath/u_core/gen_lane[6].u_lane/u_quant_re/valid_s3_reg/Q
                         net (fo=715, routed)         3.977     5.406    dbf_reference_bd_i/dbf_axis_0/inst/u_system/u_datapath/u_core/gen_lane[4].u_lane/u_quant_im/valid_s3
    SLICE_X24Y19         FDRE                                         r  dbf_reference_bd_i/dbf_axis_0/inst/u_system/u_datapath/u_core/gen_lane[4].u_lane/u_quant_im/pos_word_s4_reg[18]/CE
  -------------------------------------------------------------------    -------------------

                         (clock aclk rise edge)       5.000     5.000 r  
                                                      0.000     5.000 r  aclk (IN)
                         net (fo=5092, unset)         0.924     5.924    dbf_reference_bd_i/dbf_axis_0/inst/u_system/u_datapath/u_core/gen_lane[4].u_lane/u_quant_im/aclk
    SLICE_X24Y19         FDRE                                         r  dbf_reference_bd_i/dbf_axis_0/inst/u_system/u_datapath/u_core/gen_lane[4].u_lane/u_quant_im/pos_word_s4_reg[18]/C
                         clock pessimism              0.000     5.924    
                         clock uncertainty           -0.035     5.889    
    SLICE_X24Y19         FDRE (Setup_fdre_C_CE)      -0.205     5.684    dbf_reference_bd_i/dbf_axis_0/inst/u_system/u_datapath/u_core/gen_lane[4].u_lane/u_quant_im/pos_word_s4_reg[18]
  -------------------------------------------------------------------
                         required time                          5.684    
                         arrival time                          -5.406    
  -------------------------------------------------------------------
                         slack                                  0.278    

Slack (MET) :             0.278ns  (required time - arrival time)
  Source:                 dbf_reference_bd_i/dbf_axis_0/inst/u_system/u_datapath/u_core/gen_lane[6].u_lane/u_quant_re/valid_s3_reg/C
                            (rising edge-triggered cell FDRE clocked by aclk  {rise@0.000ns fall@2.500ns period=5.000ns})
  Destination:            dbf_reference_bd_i/dbf_axis_0/inst/u_system/u_datapath/u_core/gen_lane[4].u_lane/u_quant_im/pos_word_s4_reg[20]/CE
                            (rising edge-triggered cell FDRE clocked by aclk  {rise@0.000ns fall@2.500ns period=5.000ns})
  Path Group:             aclk
  Path Type:              Setup (Max at Slow Process Corner)
  Requirement:            5.000ns  (aclk rise@5.000ns - aclk rise@0.000ns)
  Data Path Delay:        4.433ns  (logic 0.456ns (10.286%)  route 3.977ns (89.714%))
  Logic Levels:           0  
  Clock Path Skew:        -0.049ns (DCD - SCD + CPR)
    Destination Clock Delay (DCD):    0.924ns = ( 5.924 - 5.000 ) 
    Source Clock Delay      (SCD):    0.973ns
    Clock Pessimism Removal (CPR):    0.000ns
  Clock Uncertainty:      0.035ns  ((TSJ^2 + TIJ^2)^1/2 + DJ) / 2 + PE
    Total System Jitter     (TSJ):    0.071ns
    Total Input Jitter      (TIJ):    0.000ns
    Discrete Jitter          (DJ):    0.000ns
    Phase Error              (PE):    0.000ns

    Location             Delay type                Incr(ns)  Path(ns)    Netlist Resource(s)
  -------------------------------------------------------------------    -------------------
                         (clock aclk rise edge)       0.000     0.000 r  
                                                      0.000     0.000 r  aclk (IN)
                         net (fo=5092, unset)         0.973     0.973    dbf_reference_bd_i/dbf_axis_0/inst/u_system/u_datapath/u_core/gen_lane[6].u_lane/u_quant_re/aclk
    SLICE_X29Y38         FDRE                                         r  dbf_reference_bd_i/dbf_axis_0/inst/u_system/u_datapath/u_core/gen_lane[6].u_lane/u_quant_re/valid_s3_reg/C
  -------------------------------------------------------------------    -------------------
    SLICE_X29Y38         FDRE (Prop_fdre_C_Q)         0.456     1.429 r  dbf_reference_bd_i/dbf_axis_0/inst/u_system/u_datapath/u_core/gen_lane[6].u_lane/u_quant_re/valid_s3_reg/Q
                         net (fo=715, routed)         3.977     5.406    dbf_reference_bd_i/dbf_axis_0/inst/u_system/u_datapath/u_core/gen_lane[4].u_lane/u_quant_im/valid_s3
    SLICE_X24Y19         FDRE                                         r  dbf_reference_bd_i/dbf_axis_0/inst/u_system/u_datapath/u_core/gen_lane[4].u_lane/u_quant_im/pos_word_s4_reg[20]/CE
  -------------------------------------------------------------------    -------------------

                         (clock aclk rise edge)       5.000     5.000 r  
                                                      0.000     5.000 r  aclk (IN)
                         net (fo=5092, unset)         0.924     5.924    dbf_reference_bd_i/dbf_axis_0/inst/u_system/u_datapath/u_core/gen_lane[4].u_lane/u_quant_im/aclk
    SLICE_X24Y19         FDRE                                         r  dbf_reference_bd_i/dbf_axis_0/inst/u_system/u_datapath/u_core/gen_lane[4].u_lane/u_quant_im/pos_word_s4_reg[20]/C
                         clock pessimism              0.000     5.924    
                         clock uncertainty           -0.035     5.889    
    SLICE_X24Y19         FDRE (Setup_fdre_C_CE)      -0.205     5.684    dbf_reference_bd_i/dbf_axis_0/inst/u_system/u_datapath/u_core/gen_lane[4].u_lane/u_quant_im/pos_word_s4_reg[20]
  -------------------------------------------------------------------
                         required time                          5.684    
                         arrival time                          -5.406    
  -------------------------------------------------------------------
                         slack                                  0.278    

Slack (MET) :             0.278ns  (required time - arrival time)
  Source:                 dbf_reference_bd_i/dbf_axis_0/inst/u_system/u_datapath/u_core/gen_lane[6].u_lane/u_quant_re/valid_s3_reg/C
                            (rising edge-triggered cell FDRE clocked by aclk  {rise@0.000ns fall@2.500ns period=5.000ns})
  Destination:            dbf_reference_bd_i/dbf_axis_0/inst/u_system/u_datapath/u_core/gen_lane[4].u_lane/u_quant_im/pos_word_s4_reg[22]/CE
                            (rising edge-triggered cell FDRE clocked by aclk  {rise@0.000ns fall@2.500ns period=5.000ns})
  Path Group:             aclk
  Path Type:              Setup (Max at Slow Process Corner)
  Requirement:            5.000ns  (aclk rise@5.000ns - aclk rise@0.000ns)
  Data Path Delay:        4.433ns  (logic 0.456ns (10.286%)  route 3.977ns (89.714%))
  Logic Levels:           0  
  Clock Path Skew:        -0.049ns (DCD - SCD + CPR)
    Destination Clock Delay (DCD):    0.924ns = ( 5.924 - 5.000 ) 
    Source Clock Delay      (SCD):    0.973ns
    Clock Pessimism Removal (CPR):    0.000ns
  Clock Uncertainty:      0.035ns  ((TSJ^2 + TIJ^2)^1/2 + DJ) / 2 + PE
    Total System Jitter     (TSJ):    0.071ns
    Total Input Jitter      (TIJ):    0.000ns
    Discrete Jitter          (DJ):    0.000ns
    Phase Error              (PE):    0.000ns

    Location             Delay type                Incr(ns)  Path(ns)    Netlist Resource(s)
  -------------------------------------------------------------------    -------------------
                         (clock aclk rise edge)       0.000     0.000 r  
                                                      0.000     0.000 r  aclk (IN)
                         net (fo=5092, unset)         0.973     0.973    dbf_reference_bd_i/dbf_axis_0/inst/u_system/u_datapath/u_core/gen_lane[6].u_lane/u_quant_re/aclk
    SLICE_X29Y38         FDRE                                         r  dbf_reference_bd_i/dbf_axis_0/inst/u_system/u_datapath/u_core/gen_lane[6].u_lane/u_quant_re/valid_s3_reg/C
  -------------------------------------------------------------------    -------------------
    SLICE_X29Y38         FDRE (Prop_fdre_C_Q)         0.456     1.429 r  dbf_reference_bd_i/dbf_axis_0/inst/u_system/u_datapath/u_core/gen_lane[6].u_lane/u_quant_re/valid_s3_reg/Q
                         net (fo=715, routed)         3.977     5.406    dbf_reference_bd_i/dbf_axis_0/inst/u_system/u_datapath/u_core/gen_lane[4].u_lane/u_quant_im/valid_s3
    SLICE_X24Y19         FDRE                                         r  dbf_reference_bd_i/dbf_axis_0/inst/u_system/u_datapath/u_core/gen_lane[4].u_lane/u_quant_im/pos_word_s4_reg[22]/CE
  -------------------------------------------------------------------    -------------------

                         (clock aclk rise edge)       5.000     5.000 r  
                                                      0.000     5.000 r  aclk (IN)
                         net (fo=5092, unset)         0.924     5.924    dbf_reference_bd_i/dbf_axis_0/inst/u_system/u_datapath/u_core/gen_lane[4].u_lane/u_quant_im/aclk
    SLICE_X24Y19         FDRE                                         r  dbf_reference_bd_i/dbf_axis_0/inst/u_system/u_datapath/u_core/gen_lane[4].u_lane/u_quant_im/pos_word_s4_reg[22]/C
                         clock pessimism              0.000     5.924    
                         clock uncertainty           -0.035     5.889    
    SLICE_X24Y19         FDRE (Setup_fdre_C_CE)      -0.205     5.684    dbf_reference_bd_i/dbf_axis_0/inst/u_system/u_datapath/u_core/gen_lane[4].u_lane/u_quant_im/pos_word_s4_reg[22]
  -------------------------------------------------------------------
                         required time                          5.684    
                         arrival time                          -5.406    
  -------------------------------------------------------------------
                         slack                                  0.278    

Slack (MET) :             0.278ns  (required time - arrival time)
  Source:                 dbf_reference_bd_i/dbf_axis_0/inst/u_system/u_datapath/u_core/gen_lane[6].u_lane/u_quant_re/valid_s3_reg/C
                            (rising edge-triggered cell FDRE clocked by aclk  {rise@0.000ns fall@2.500ns period=5.000ns})
  Destination:            dbf_reference_bd_i/dbf_axis_0/inst/u_system/u_datapath/u_core/gen_lane[4].u_lane/u_quant_im/pos_word_s4_reg[23]/CE
                            (rising edge-triggered cell FDRE clocked by aclk  {rise@0.000ns fall@2.500ns period=5.000ns})
  Path Group:             aclk
  Path Type:              Setup (Max at Slow Process Corner)
  Requirement:            5.000ns  (aclk rise@5.000ns - aclk rise@0.000ns)
  Data Path Delay:        4.433ns  (logic 0.456ns (10.286%)  route 3.977ns (89.714%))
  Logic Levels:           0  
  Clock Path Skew:        -0.049ns (DCD - SCD + CPR)
    Destination Clock Delay (DCD):    0.924ns = ( 5.924 - 5.000 ) 
    Source Clock Delay      (SCD):    0.973ns
    Clock Pessimism Removal (CPR):    0.000ns
  Clock Uncertainty:      0.035ns  ((TSJ^2 + TIJ^2)^1/2 + DJ) / 2 + PE
    Total System Jitter     (TSJ):    0.071ns
    Total Input Jitter      (TIJ):    0.000ns
    Discrete Jitter          (DJ):    0.000ns
    Phase Error              (PE):    0.000ns

    Location             Delay type                Incr(ns)  Path(ns)    Netlist Resource(s)
  -------------------------------------------------------------------    -------------------
                         (clock aclk rise edge)       0.000     0.000 r  
                                                      0.000     0.000 r  aclk (IN)
                         net (fo=5092, unset)         0.973     0.973    dbf_reference_bd_i/dbf_axis_0/inst/u_system/u_datapath/u_core/gen_lane[6].u_lane/u_quant_re/aclk
    SLICE_X29Y38         FDRE                                         r  dbf_reference_bd_i/dbf_axis_0/inst/u_system/u_datapath/u_core/gen_lane[6].u_lane/u_quant_re/valid_s3_reg/C
  -------------------------------------------------------------------    -------------------
    SLICE_X29Y38         FDRE (Prop_fdre_C_Q)         0.456     1.429 r  dbf_reference_bd_i/dbf_axis_0/inst/u_system/u_datapath/u_core/gen_lane[6].u_lane/u_quant_re/valid_s3_reg/Q
                         net (fo=715, routed)         3.977     5.406    dbf_reference_bd_i/dbf_axis_0/inst/u_system/u_datapath/u_core/gen_lane[4].u_lane/u_quant_im/valid_s3
    SLICE_X24Y19         FDRE                                         r  dbf_reference_bd_i/dbf_axis_0/inst/u_system/u_datapath/u_core/gen_lane[4].u_lane/u_quant_im/pos_word_s4_reg[23]/CE
  -------------------------------------------------------------------    -------------------

                         (clock aclk rise edge)       5.000     5.000 r  
                                                      0.000     5.000 r  aclk (IN)
                         net (fo=5092, unset)         0.924     5.924    dbf_reference_bd_i/dbf_axis_0/inst/u_system/u_datapath/u_core/gen_lane[4].u_lane/u_quant_im/aclk
    SLICE_X24Y19         FDRE                                         r  dbf_reference_bd_i/dbf_axis_0/inst/u_system/u_datapath/u_core/gen_lane[4].u_lane/u_quant_im/pos_word_s4_reg[23]/C
                         clock pessimism              0.000     5.924    
                         clock uncertainty           -0.035     5.889    
    SLICE_X24Y19         FDRE (Setup_fdre_C_CE)      -0.205     5.684    dbf_reference_bd_i/dbf_axis_0/inst/u_system/u_datapath/u_core/gen_lane[4].u_lane/u_quant_im/pos_word_s4_reg[23]
  -------------------------------------------------------------------
                         required time                          5.684    
                         arrival time                          -5.406    
  -------------------------------------------------------------------
                         slack                                  0.278    

Slack (MET) :             0.280ns  (required time - arrival time)
  Source:                 dbf_reference_bd_i/dbf_axis_0/inst/u_system/u_datapath/u_core/gen_lane[6].u_lane/u_quant_re/valid_s2_reg/C
                            (rising edge-triggered cell FDRE clocked by aclk  {rise@0.000ns fall@2.500ns period=5.000ns})
  Destination:            dbf_reference_bd_i/dbf_axis_0/inst/u_system/u_datapath/u_core/gen_lane[5].u_lane/u_quant_im/abs_lower_s3_reg[18]/CE
                            (rising edge-triggered cell FDRE clocked by aclk  {rise@0.000ns fall@2.500ns period=5.000ns})
  Path Group:             aclk
  Path Type:              Setup (Max at Slow Process Corner)
  Requirement:            5.000ns  (aclk rise@5.000ns - aclk rise@0.000ns)
  Data Path Delay:        4.467ns  (logic 0.518ns (11.595%)  route 3.949ns (88.405%))
  Logic Levels:           0  
  Clock Path Skew:        -0.049ns (DCD - SCD + CPR)
    Destination Clock Delay (DCD):    0.924ns = ( 5.924 - 5.000 ) 
    Source Clock Delay      (SCD):    0.973ns
    Clock Pessimism Removal (CPR):    0.000ns
  Clock Uncertainty:      0.035ns  ((TSJ^2 + TIJ^2)^1/2 + DJ) / 2 + PE
    Total System Jitter     (TSJ):    0.071ns
    Total Input Jitter      (TIJ):    0.000ns
    Discrete Jitter          (DJ):    0.000ns
    Phase Error              (PE):    0.000ns

    Location             Delay type                Incr(ns)  Path(ns)    Netlist Resource(s)
  -------------------------------------------------------------------    -------------------
                         (clock aclk rise edge)       0.000     0.000 r  
                                                      0.000     0.000 r  aclk (IN)
                         net (fo=5092, unset)         0.973     0.973    dbf_reference_bd_i/dbf_axis_0/inst/u_system/u_datapath/u_core/gen_lane[6].u_lane/u_quant_re/aclk
    SLICE_X38Y41         FDRE                                         r  dbf_reference_bd_i/dbf_axis_0/inst/u_system/u_datapath/u_core/gen_lane[6].u_lane/u_quant_re/valid_s2_reg/C
  -------------------------------------------------------------------    -------------------
    SLICE_X38Y41         FDRE (Prop_fdre_C_Q)         0.518     1.491 r  dbf_reference_bd_i/dbf_axis_0/inst/u_system/u_datapath/u_core/gen_lane[6].u_lane/u_quant_re/valid_s2_reg/Q
                         net (fo=379, routed)         3.949     5.440    dbf_reference_bd_i/dbf_axis_0/inst/u_system/u_datapath/u_core/gen_lane[5].u_lane/u_quant_im/valid_s2
    SLICE_X14Y24         FDRE                                         r  dbf_reference_bd_i/dbf_axis_0/inst/u_system/u_datapath/u_core/gen_lane[5].u_lane/u_quant_im/abs_lower_s3_reg[18]/CE
  -------------------------------------------------------------------    -------------------

                         (clock aclk rise edge)       5.000     5.000 r  
                                                      0.000     5.000 r  aclk (IN)
                         net (fo=5092, unset)         0.924     5.924    dbf_reference_bd_i/dbf_axis_0/inst/u_system/u_datapath/u_core/gen_lane[5].u_lane/u_quant_im/aclk
    SLICE_X14Y24         FDRE                                         r  dbf_reference_bd_i/dbf_axis_0/inst/u_system/u_datapath/u_core/gen_lane[5].u_lane/u_quant_im/abs_lower_s3_reg[18]/C
                         clock pessimism              0.000     5.924    
                         clock uncertainty           -0.035     5.889    
    SLICE_X14Y24         FDRE (Setup_fdre_C_CE)      -0.169     5.720    dbf_reference_bd_i/dbf_axis_0/inst/u_system/u_datapath/u_core/gen_lane[5].u_lane/u_quant_im/abs_lower_s3_reg[18]
  -------------------------------------------------------------------
                         required time                          5.720    
                         arrival time                          -5.440    
  -------------------------------------------------------------------
                         slack                                  0.280    

Slack (MET) :             0.280ns  (required time - arrival time)
  Source:                 dbf_reference_bd_i/dbf_axis_0/inst/u_system/u_datapath/u_core/gen_lane[6].u_lane/u_quant_re/valid_s2_reg/C
                            (rising edge-triggered cell FDRE clocked by aclk  {rise@0.000ns fall@2.500ns period=5.000ns})
  Destination:            dbf_reference_bd_i/dbf_axis_0/inst/u_system/u_datapath/u_core/gen_lane[5].u_lane/u_quant_re/abs_lower_s3_reg[15]/CE
                            (rising edge-triggered cell FDRE clocked by aclk  {rise@0.000ns fall@2.500ns period=5.000ns})
  Path Group:             aclk
  Path Type:              Setup (Max at Slow Process Corner)
  Requirement:            5.000ns  (aclk rise@5.000ns - aclk rise@0.000ns)
  Data Path Delay:        4.467ns  (logic 0.518ns (11.595%)  route 3.949ns (88.405%))
  Logic Levels:           0  
  Clock Path Skew:        -0.049ns (DCD - SCD + CPR)
    Destination Clock Delay (DCD):    0.924ns = ( 5.924 - 5.000 ) 
    Source Clock Delay      (SCD):    0.973ns
    Clock Pessimism Removal (CPR):    0.000ns
  Clock Uncertainty:      0.035ns  ((TSJ^2 + TIJ^2)^1/2 + DJ) / 2 + PE
    Total System Jitter     (TSJ):    0.071ns
    Total Input Jitter      (TIJ):    0.000ns
    Discrete Jitter          (DJ):    0.000ns
    Phase Error              (PE):    0.000ns

    Location             Delay type                Incr(ns)  Path(ns)    Netlist Resource(s)
  -------------------------------------------------------------------    -------------------
                         (clock aclk rise edge)       0.000     0.000 r  
                                                      0.000     0.000 r  aclk (IN)
                         net (fo=5092, unset)         0.973     0.973    dbf_reference_bd_i/dbf_axis_0/inst/u_system/u_datapath/u_core/gen_lane[6].u_lane/u_quant_re/aclk
    SLICE_X38Y41         FDRE                                         r  dbf_reference_bd_i/dbf_axis_0/inst/u_system/u_datapath/u_core/gen_lane[6].u_lane/u_quant_re/valid_s2_reg/C
  -------------------------------------------------------------------    -------------------
    SLICE_X38Y41         FDRE (Prop_fdre_C_Q)         0.518     1.491 r  dbf_reference_bd_i/dbf_axis_0/inst/u_system/u_datapath/u_core/gen_lane[6].u_lane/u_quant_re/valid_s2_reg/Q
                         net (fo=379, routed)         3.949     5.440    dbf_reference_bd_i/dbf_axis_0/inst/u_system/u_datapath/u_core/gen_lane[5].u_lane/u_quant_re/valid_s2
    SLICE_X14Y24         FDRE                                         r  dbf_reference_bd_i/dbf_axis_0/inst/u_system/u_datapath/u_core/gen_lane[5].u_lane/u_quant_re/abs_lower_s3_reg[15]/CE
  -------------------------------------------------------------------    -------------------

                         (clock aclk rise edge)       5.000     5.000 r  
                                                      0.000     5.000 r  aclk (IN)
                         net (fo=5092, unset)         0.924     5.924    dbf_reference_bd_i/dbf_axis_0/inst/u_system/u_datapath/u_core/gen_lane[5].u_lane/u_quant_re/aclk
    SLICE_X14Y24         FDRE                                         r  dbf_reference_bd_i/dbf_axis_0/inst/u_system/u_datapath/u_core/gen_lane[5].u_lane/u_quant_re/abs_lower_s3_reg[15]/C
                         clock pessimism              0.000     5.924    
                         clock uncertainty           -0.035     5.889    
    SLICE_X14Y24         FDRE (Setup_fdre_C_CE)      -0.169     5.720    dbf_reference_bd_i/dbf_axis_0/inst/u_system/u_datapath/u_core/gen_lane[5].u_lane/u_quant_re/abs_lower_s3_reg[15]
  -------------------------------------------------------------------
                         required time                          5.720    
                         arrival time                          -5.440    
  -------------------------------------------------------------------
                         slack                                  0.280    





Min Delay Paths
--------------------------------------------------------------------------------------
Slack (MET) :             0.093ns  (arrival time - required time)
  Source:                 dbf_reference_bd_i/dbf_axis_0/inst/u_system/u_datapath/u_serializer/m_axis_z_tdata_reg[46]/C
                            (rising edge-triggered cell FDRE clocked by aclk  {rise@0.000ns fall@2.500ns period=5.000ns})
  Destination:            dbf_reference_bd_i/axis_out_fifo_0/inst/gen_fifo.xpm_fifo_axis_inst/xpm_fifo_base_inst/gen_sdpram.xpm_memory_base_inst/gen_wr_a.gen_word_narrow.mem_reg_0/DIBDI[14]
                            (rising edge-triggered cell RAMB36E1 clocked by aclk  {rise@0.000ns fall@2.500ns period=5.000ns})
  Path Group:             aclk
  Path Type:              Hold (Min at Fast Process Corner)
  Requirement:            0.000ns  (aclk rise@0.000ns - aclk rise@0.000ns)
  Data Path Delay:        0.270ns  (logic 0.164ns (60.728%)  route 0.106ns (39.272%))
  Logic Levels:           0  
  Clock Path Skew:        0.022ns (DCD - SCD - CPR)
    Destination Clock Delay (DCD):    0.432ns
    Source Clock Delay      (SCD):    0.410ns
    Clock Pessimism Removal (CPR):    -0.000ns

    Location             Delay type                Incr(ns)  Path(ns)    Netlist Resource(s)
  -------------------------------------------------------------------    -------------------
                         (clock aclk rise edge)       0.000     0.000 r  
                                                      0.000     0.000 r  aclk (IN)
                         net (fo=5092, unset)         0.410     0.410    dbf_reference_bd_i/dbf_axis_0/inst/u_system/u_datapath/u_serializer/aclk
    SLICE_X32Y28         FDRE                                         r  dbf_reference_bd_i/dbf_axis_0/inst/u_system/u_datapath/u_serializer/m_axis_z_tdata_reg[46]/C
  -------------------------------------------------------------------    -------------------
    SLICE_X32Y28         FDRE (Prop_fdre_C_Q)         0.164     0.574 r  dbf_reference_bd_i/dbf_axis_0/inst/u_system/u_datapath/u_serializer/m_axis_z_tdata_reg[46]/Q
                         net (fo=1, routed)           0.106     0.680    dbf_reference_bd_i/axis_out_fifo_0/inst/gen_fifo.xpm_fifo_axis_inst/xpm_fifo_base_inst/gen_sdpram.xpm_memory_base_inst/dina[46]
    RAMB36_X2Y5          RAMB36E1                                     r  dbf_reference_bd_i/axis_out_fifo_0/inst/gen_fifo.xpm_fifo_axis_inst/xpm_fifo_base_inst/gen_sdpram.xpm_memory_base_inst/gen_wr_a.gen_word_narrow.mem_reg_0/DIBDI[14]
  -------------------------------------------------------------------    -------------------

                         (clock aclk rise edge)       0.000     0.000 r  
                                                      0.000     0.000 r  aclk (IN)
                         net (fo=5092, unset)         0.432     0.432    dbf_reference_bd_i/axis_out_fifo_0/inst/gen_fifo.xpm_fifo_axis_inst/xpm_fifo_base_inst/gen_sdpram.xpm_memory_base_inst/clka
    RAMB36_X2Y5          RAMB36E1                                     r  dbf_reference_bd_i/axis_out_fifo_0/inst/gen_fifo.xpm_fifo_axis_inst/xpm_fifo_base_inst/gen_sdpram.xpm_memory_base_inst/gen_wr_a.gen_word_narrow.mem_reg_0/CLKBWRCLK
                         clock pessimism              0.000     0.432    
    RAMB36_X2Y5          RAMB36E1 (Hold_ramb36e1_CLKBWRCLK_DIBDI[14])
                                                      0.155     0.587    dbf_reference_bd_i/axis_out_fifo_0/inst/gen_fifo.xpm_fifo_axis_inst/xpm_fifo_base_inst/gen_sdpram.xpm_memory_base_inst/gen_wr_a.gen_word_narrow.mem_reg_0
  -------------------------------------------------------------------
                         required time                         -0.587    
                         arrival time                           0.680    
  -------------------------------------------------------------------
                         slack                                  0.093    

Slack (MET) :             0.093ns  (arrival time - required time)
  Source:                 dbf_reference_bd_i/dbf_axis_0/inst/u_system/u_datapath/u_serializer/m_axis_z_tdata_reg[35]/C
                            (rising edge-triggered cell FDRE clocked by aclk  {rise@0.000ns fall@2.500ns period=5.000ns})
  Destination:            dbf_reference_bd_i/axis_out_fifo_0/inst/gen_fifo.xpm_fifo_axis_inst/xpm_fifo_base_inst/gen_sdpram.xpm_memory_base_inst/gen_wr_a.gen_word_narrow.mem_reg_0/DIBDI[3]
                            (rising edge-triggered cell RAMB36E1 clocked by aclk  {rise@0.000ns fall@2.500ns period=5.000ns})
  Path Group:             aclk
  Path Type:              Hold (Min at Fast Process Corner)
  Requirement:            0.000ns  (aclk rise@0.000ns - aclk rise@0.000ns)
  Data Path Delay:        0.270ns  (logic 0.164ns (60.728%)  route 0.106ns (39.272%))
  Logic Levels:           0  
  Clock Path Skew:        0.022ns (DCD - SCD - CPR)
    Destination Clock Delay (DCD):    0.432ns
    Source Clock Delay      (SCD):    0.410ns
    Clock Pessimism Removal (CPR):    -0.000ns

    Location             Delay type                Incr(ns)  Path(ns)    Netlist Resource(s)
  -------------------------------------------------------------------    -------------------
                         (clock aclk rise edge)       0.000     0.000 r  
                                                      0.000     0.000 r  aclk (IN)
                         net (fo=5092, unset)         0.410     0.410    dbf_reference_bd_i/dbf_axis_0/inst/u_system/u_datapath/u_serializer/aclk
    SLICE_X32Y27         FDRE                                         r  dbf_reference_bd_i/dbf_axis_0/inst/u_system/u_datapath/u_serializer/m_axis_z_tdata_reg[35]/C
  -------------------------------------------------------------------    -------------------
    SLICE_X32Y27         FDRE (Prop_fdre_C_Q)         0.164     0.574 r  dbf_reference_bd_i/dbf_axis_0/inst/u_system/u_datapath/u_serializer/m_axis_z_tdata_reg[35]/Q
                         net (fo=1, routed)           0.106     0.680    dbf_reference_bd_i/axis_out_fifo_0/inst/gen_fifo.xpm_fifo_axis_inst/xpm_fifo_base_inst/gen_sdpram.xpm_memory_base_inst/dina[35]
    RAMB36_X2Y5          RAMB36E1                                     r  dbf_reference_bd_i/axis_out_fifo_0/inst/gen_fifo.xpm_fifo_axis_inst/xpm_fifo_base_inst/gen_sdpram.xpm_memory_base_inst/gen_wr_a.gen_word_narrow.mem_reg_0/DIBDI[3]
  -------------------------------------------------------------------    -------------------

                         (clock aclk rise edge)       0.000     0.000 r  
                                                      0.000     0.000 r  aclk (IN)
                         net (fo=5092, unset)         0.432     0.432    dbf_reference_bd_i/axis_out_fifo_0/inst/gen_fifo.xpm_fifo_axis_inst/xpm_fifo_base_inst/gen_sdpram.xpm_memory_base_inst/clka
    RAMB36_X2Y5          RAMB36E1                                     r  dbf_reference_bd_i/axis_out_fifo_0/inst/gen_fifo.xpm_fifo_axis_inst/xpm_fifo_base_inst/gen_sdpram.xpm_memory_base_inst/gen_wr_a.gen_word_narrow.mem_reg_0/CLKBWRCLK
                         clock pessimism              0.000     0.432    
    RAMB36_X2Y5          RAMB36E1 (Hold_ramb36e1_CLKBWRCLK_DIBDI[3])
                                                      0.155     0.587    dbf_reference_bd_i/axis_out_fifo_0/inst/gen_fifo.xpm_fifo_axis_inst/xpm_fifo_base_inst/gen_sdpram.xpm_memory_base_inst/gen_wr_a.gen_word_narrow.mem_reg_0
  -------------------------------------------------------------------
                         required time                         -0.587    
                         arrival time                           0.680    
  -------------------------------------------------------------------
                         slack                                  0.093    

Slack (MET) :             0.096ns  (arrival time - required time)
  Source:                 dbf_reference_bd_i/dbf_axis_0/inst/u_system/u_datapath/u_core/gen_lane[1].u_lane/u_quant_im/neg_word_s4_reg[9]/C
                            (rising edge-triggered cell FDRE clocked by aclk  {rise@0.000ns fall@2.500ns period=5.000ns})
  Destination:            dbf_reference_bd_i/dbf_axis_0/inst/u_system/u_datapath/u_core/gen_lane[1].u_lane/u_quant_im/z_out_reg[9]/D
                            (rising edge-triggered cell FDRE clocked by aclk  {rise@0.000ns fall@2.500ns period=5.000ns})
  Path Group:             aclk
  Path Type:              Hold (Min at Fast Process Corner)
  Requirement:            0.000ns  (aclk rise@0.000ns - aclk rise@0.000ns)
  Data Path Delay:        0.238ns  (logic 0.186ns (78.117%)  route 0.052ns (21.883%))
  Logic Levels:           1  (LUT4=1)
  Clock Path Skew:        0.022ns (DCD - SCD - CPR)
    Destination Clock Delay (DCD):    0.432ns
    Source Clock Delay      (SCD):    0.410ns
    Clock Pessimism Removal (CPR):    -0.000ns

    Location             Delay type                Incr(ns)  Path(ns)    Netlist Resource(s)
  -------------------------------------------------------------------    -------------------
                         (clock aclk rise edge)       0.000     0.000 r  
                                                      0.000     0.000 r  aclk (IN)
                         net (fo=5092, unset)         0.410     0.410    dbf_reference_bd_i/dbf_axis_0/inst/u_system/u_datapath/u_core/gen_lane[1].u_lane/u_quant_im/aclk
    SLICE_X47Y34         FDRE                                         r  dbf_reference_bd_i/dbf_axis_0/inst/u_system/u_datapath/u_core/gen_lane[1].u_lane/u_quant_im/neg_word_s4_reg[9]/C
  -------------------------------------------------------------------    -------------------
    SLICE_X47Y34         FDRE (Prop_fdre_C_Q)         0.141     0.551 r  dbf_reference_bd_i/dbf_axis_0/inst/u_system/u_datapath/u_core/gen_lane[1].u_lane/u_quant_im/neg_word_s4_reg[9]/Q
                         net (fo=1, routed)           0.052     0.603    dbf_reference_bd_i/dbf_axis_0/inst/u_system/u_datapath/u_core/gen_lane[1].u_lane/u_quant_im/neg_word_s4_reg_n_0_[9]
    SLICE_X46Y34         LUT4 (Prop_lut4_I3_O)        0.045     0.648 r  dbf_reference_bd_i/dbf_axis_0/inst/u_system/u_datapath/u_core/gen_lane[1].u_lane/u_quant_im/z_out[9]_i_1/O
                         net (fo=1, routed)           0.000     0.648    dbf_reference_bd_i/dbf_axis_0/inst/u_system/u_datapath/u_core/gen_lane[1].u_lane/u_quant_im/z_out[9]_i_1_n_0
    SLICE_X46Y34         FDRE                                         r  dbf_reference_bd_i/dbf_axis_0/inst/u_system/u_datapath/u_core/gen_lane[1].u_lane/u_quant_im/z_out_reg[9]/D
  -------------------------------------------------------------------    -------------------

                         (clock aclk rise edge)       0.000     0.000 r  
                                                      0.000     0.000 r  aclk (IN)
                         net (fo=5092, unset)         0.432     0.432    dbf_reference_bd_i/dbf_axis_0/inst/u_system/u_datapath/u_core/gen_lane[1].u_lane/u_quant_im/aclk
    SLICE_X46Y34         FDRE                                         r  dbf_reference_bd_i/dbf_axis_0/inst/u_system/u_datapath/u_core/gen_lane[1].u_lane/u_quant_im/z_out_reg[9]/C
                         clock pessimism              0.000     0.432    
    SLICE_X46Y34         FDRE (Hold_fdre_C_D)         0.121     0.553    dbf_reference_bd_i/dbf_axis_0/inst/u_system/u_datapath/u_core/gen_lane[1].u_lane/u_quant_im/z_out_reg[9]
  -------------------------------------------------------------------
                         required time                         -0.553    
                         arrival time                           0.648    
  -------------------------------------------------------------------
                         slack                                  0.096    

Slack (MET) :             0.096ns  (arrival time - required time)
  Source:                 dbf_reference_bd_i/dbf_axis_0/inst/u_system/u_datapath/u_core/gen_lane[3].u_lane/u_quant_re/neg_word_s4_reg[9]/C
                            (rising edge-triggered cell FDRE clocked by aclk  {rise@0.000ns fall@2.500ns period=5.000ns})
  Destination:            dbf_reference_bd_i/dbf_axis_0/inst/u_system/u_datapath/u_core/gen_lane[3].u_lane/u_quant_re/z_out_reg[9]/D
                            (rising edge-triggered cell FDRE clocked by aclk  {rise@0.000ns fall@2.500ns period=5.000ns})
  Path Group:             aclk
  Path Type:              Hold (Min at Fast Process Corner)
  Requirement:            0.000ns  (aclk rise@0.000ns - aclk rise@0.000ns)
  Data Path Delay:        0.238ns  (logic 0.186ns (78.117%)  route 0.052ns (21.883%))
  Logic Levels:           1  (LUT4=1)
  Clock Path Skew:        0.022ns (DCD - SCD - CPR)
    Destination Clock Delay (DCD):    0.432ns
    Source Clock Delay      (SCD):    0.410ns
    Clock Pessimism Removal (CPR):    -0.000ns

    Location             Delay type                Incr(ns)  Path(ns)    Netlist Resource(s)
  -------------------------------------------------------------------    -------------------
                         (clock aclk rise edge)       0.000     0.000 r  
                                                      0.000     0.000 r  aclk (IN)
                         net (fo=5092, unset)         0.410     0.410    dbf_reference_bd_i/dbf_axis_0/inst/u_system/u_datapath/u_core/gen_lane[3].u_lane/u_quant_re/aclk
    SLICE_X31Y34         FDRE                                         r  dbf_reference_bd_i/dbf_axis_0/inst/u_system/u_datapath/u_core/gen_lane[3].u_lane/u_quant_re/neg_word_s4_reg[9]/C
  -------------------------------------------------------------------    -------------------
    SLICE_X31Y34         FDRE (Prop_fdre_C_Q)         0.141     0.551 r  dbf_reference_bd_i/dbf_axis_0/inst/u_system/u_datapath/u_core/gen_lane[3].u_lane/u_quant_re/neg_word_s4_reg[9]/Q
                         net (fo=1, routed)           0.052     0.603    dbf_reference_bd_i/dbf_axis_0/inst/u_system/u_datapath/u_core/gen_lane[3].u_lane/u_quant_re/neg_word_s4[9]
    SLICE_X30Y34         LUT4 (Prop_lut4_I3_O)        0.045     0.648 r  dbf_reference_bd_i/dbf_axis_0/inst/u_system/u_datapath/u_core/gen_lane[3].u_lane/u_quant_re/z_out[9]_i_1/O
                         net (fo=1, routed)           0.000     0.648    dbf_reference_bd_i/dbf_axis_0/inst/u_system/u_datapath/u_core/gen_lane[3].u_lane/u_quant_re/z_out[9]_i_1_n_0
    SLICE_X30Y34         FDRE                                         r  dbf_reference_bd_i/dbf_axis_0/inst/u_system/u_datapath/u_core/gen_lane[3].u_lane/u_quant_re/z_out_reg[9]/D
  -------------------------------------------------------------------    -------------------

                         (clock aclk rise edge)       0.000     0.000 r  
                                                      0.000     0.000 r  aclk (IN)
                         net (fo=5092, unset)         0.432     0.432    dbf_reference_bd_i/dbf_axis_0/inst/u_system/u_datapath/u_core/gen_lane[3].u_lane/u_quant_re/aclk
    SLICE_X30Y34         FDRE                                         r  dbf_reference_bd_i/dbf_axis_0/inst/u_system/u_datapath/u_core/gen_lane[3].u_lane/u_quant_re/z_out_reg[9]/C
                         clock pessimism              0.000     0.432    
    SLICE_X30Y34         FDRE (Hold_fdre_C_D)         0.121     0.553    dbf_reference_bd_i/dbf_axis_0/inst/u_system/u_datapath/u_core/gen_lane[3].u_lane/u_quant_re/z_out_reg[9]
  -------------------------------------------------------------------
                         required time                         -0.553    
                         arrival time                           0.648    
  -------------------------------------------------------------------
                         slack                                  0.096    

Slack (MET) :             0.096ns  (arrival time - required time)
  Source:                 dbf_reference_bd_i/dbf_axis_0/inst/u_system/u_datapath/u_core/gen_lane[4].u_lane/u_accum/acc_im_reg[38]/C
                            (rising edge-triggered cell FDRE clocked by aclk  {rise@0.000ns fall@2.500ns period=5.000ns})
  Destination:            dbf_reference_bd_i/dbf_axis_0/inst/u_system/u_datapath/u_core/gen_lane[4].u_lane/acc_im_q_reg[38]/D
                            (rising edge-triggered cell FDRE clocked by aclk  {rise@0.000ns fall@2.500ns period=5.000ns})
  Path Group:             aclk
  Path Type:              Hold (Min at Fast Process Corner)
  Requirement:            0.000ns  (aclk rise@0.000ns - aclk rise@0.000ns)
  Data Path Delay:        0.193ns  (logic 0.141ns (73.018%)  route 0.052ns (26.982%))
  Logic Levels:           0  
  Clock Path Skew:        0.022ns (DCD - SCD - CPR)
    Destination Clock Delay (DCD):    0.432ns
    Source Clock Delay      (SCD):    0.410ns
    Clock Pessimism Removal (CPR):    -0.000ns

    Location             Delay type                Incr(ns)  Path(ns)    Netlist Resource(s)
  -------------------------------------------------------------------    -------------------
                         (clock aclk rise edge)       0.000     0.000 r  
                                                      0.000     0.000 r  aclk (IN)
                         net (fo=5092, unset)         0.410     0.410    dbf_reference_bd_i/dbf_axis_0/inst/u_system/u_datapath/u_core/gen_lane[4].u_lane/u_accum/aclk
    SLICE_X15Y14         FDRE                                         r  dbf_reference_bd_i/dbf_axis_0/inst/u_system/u_datapath/u_core/gen_lane[4].u_lane/u_accum/acc_im_reg[38]/C
  -------------------------------------------------------------------    -------------------
    SLICE_X15Y14         FDRE (Prop_fdre_C_Q)         0.141     0.551 r  dbf_reference_bd_i/dbf_axis_0/inst/u_system/u_datapath/u_core/gen_lane[4].u_lane/u_accum/acc_im_reg[38]/Q
                         net (fo=1, routed)           0.052     0.603    dbf_reference_bd_i/dbf_axis_0/inst/u_system/u_datapath/u_core/gen_lane[4].u_lane/u_accum_n_57
    SLICE_X14Y14         FDRE                                         r  dbf_reference_bd_i/dbf_axis_0/inst/u_system/u_datapath/u_core/gen_lane[4].u_lane/acc_im_q_reg[38]/D
  -------------------------------------------------------------------    -------------------

                         (clock aclk rise edge)       0.000     0.000 r  
                                                      0.000     0.000 r  aclk (IN)
                         net (fo=5092, unset)         0.432     0.432    dbf_reference_bd_i/dbf_axis_0/inst/u_system/u_datapath/u_core/gen_lane[4].u_lane/aclk
    SLICE_X14Y14         FDRE                                         r  dbf_reference_bd_i/dbf_axis_0/inst/u_system/u_datapath/u_core/gen_lane[4].u_lane/acc_im_q_reg[38]/C
                         clock pessimism              0.000     0.432    
    SLICE_X14Y14         FDRE (Hold_fdre_C_D)         0.076     0.508    dbf_reference_bd_i/dbf_axis_0/inst/u_system/u_datapath/u_core/gen_lane[4].u_lane/acc_im_q_reg[38]
  -------------------------------------------------------------------
                         required time                         -0.508    
                         arrival time                           0.603    
  -------------------------------------------------------------------
                         slack                                  0.096    

Slack (MET) :             0.098ns  (arrival time - required time)
  Source:                 dbf_reference_bd_i/dbf_axis_0/inst/u_system/u_datapath/u_core/gen_lane[1].u_lane/u_quant_im/neg_word_s4_reg[6]/C
                            (rising edge-triggered cell FDRE clocked by aclk  {rise@0.000ns fall@2.500ns period=5.000ns})
  Destination:            dbf_reference_bd_i/dbf_axis_0/inst/u_system/u_datapath/u_core/gen_lane[1].u_lane/u_quant_im/z_out_reg[6]/D
                            (rising edge-triggered cell FDRE clocked by aclk  {rise@0.000ns fall@2.500ns period=5.000ns})
  Path Group:             aclk
  Path Type:              Hold (Min at Fast Process Corner)
  Requirement:            0.000ns  (aclk rise@0.000ns - aclk rise@0.000ns)
  Data Path Delay:        0.240ns  (logic 0.186ns (77.466%)  route 0.054ns (22.534%))
  Logic Levels:           1  (LUT4=1)
  Clock Path Skew:        0.022ns (DCD - SCD - CPR)
    Destination Clock Delay (DCD):    0.432ns
    Source Clock Delay      (SCD):    0.410ns
    Clock Pessimism Removal (CPR):    -0.000ns

    Location             Delay type                Incr(ns)  Path(ns)    Netlist Resource(s)
  -------------------------------------------------------------------    -------------------
                         (clock aclk rise edge)       0.000     0.000 r  
                                                      0.000     0.000 r  aclk (IN)
                         net (fo=5092, unset)         0.410     0.410    dbf_reference_bd_i/dbf_axis_0/inst/u_system/u_datapath/u_core/gen_lane[1].u_lane/u_quant_im/aclk
    SLICE_X47Y33         FDRE                                         r  dbf_reference_bd_i/dbf_axis_0/inst/u_system/u_datapath/u_core/gen_lane[1].u_lane/u_quant_im/neg_word_s4_reg[6]/C
  -------------------------------------------------------------------    -------------------
    SLICE_X47Y33         FDRE (Prop_fdre_C_Q)         0.141     0.551 r  dbf_reference_bd_i/dbf_axis_0/inst/u_system/u_datapath/u_core/gen_lane[1].u_lane/u_quant_im/neg_word_s4_reg[6]/Q
                         net (fo=1, routed)           0.054     0.605    dbf_reference_bd_i/dbf_axis_0/inst/u_system/u_datapath/u_core/gen_lane[1].u_lane/u_quant_im/neg_word_s4_reg_n_0_[6]
    SLICE_X46Y33         LUT4 (Prop_lut4_I3_O)        0.045     0.650 r  dbf_reference_bd_i/dbf_axis_0/inst/u_system/u_datapath/u_core/gen_lane[1].u_lane/u_quant_im/z_out[6]_i_1/O
                         net (fo=1, routed)           0.000     0.650    dbf_reference_bd_i/dbf_axis_0/inst/u_system/u_datapath/u_core/gen_lane[1].u_lane/u_quant_im/z_out[6]_i_1_n_0
    SLICE_X46Y33         FDRE                                         r  dbf_reference_bd_i/dbf_axis_0/inst/u_system/u_datapath/u_core/gen_lane[1].u_lane/u_quant_im/z_out_reg[6]/D
  -------------------------------------------------------------------    -------------------

                         (clock aclk rise edge)       0.000     0.000 r  
                                                      0.000     0.000 r  aclk (IN)
                         net (fo=5092, unset)         0.432     0.432    dbf_reference_bd_i/dbf_axis_0/inst/u_system/u_datapath/u_core/gen_lane[1].u_lane/u_quant_im/aclk
    SLICE_X46Y33         FDRE                                         r  dbf_reference_bd_i/dbf_axis_0/inst/u_system/u_datapath/u_core/gen_lane[1].u_lane/u_quant_im/z_out_reg[6]/C
                         clock pessimism              0.000     0.432    
    SLICE_X46Y33         FDRE (Hold_fdre_C_D)         0.121     0.553    dbf_reference_bd_i/dbf_axis_0/inst/u_system/u_datapath/u_core/gen_lane[1].u_lane/u_quant_im/z_out_reg[6]
  -------------------------------------------------------------------
                         required time                         -0.553    
                         arrival time                           0.650    
  -------------------------------------------------------------------
                         slack                                  0.098    

Slack (MET) :             0.098ns  (arrival time - required time)
  Source:                 dbf_reference_bd_i/dbf_axis_0/inst/u_system/u_datapath/u_core/gen_lane[2].u_lane/u_accum/acc_re_reg[28]/C
                            (rising edge-triggered cell FDRE clocked by aclk  {rise@0.000ns fall@2.500ns period=5.000ns})
  Destination:            dbf_reference_bd_i/dbf_axis_0/inst/u_system/u_datapath/u_core/gen_lane[2].u_lane/acc_re_q_reg[28]/D
                            (rising edge-triggered cell FDRE clocked by aclk  {rise@0.000ns fall@2.500ns period=5.000ns})
  Path Group:             aclk
  Path Type:              Hold (Min at Fast Process Corner)
  Requirement:            0.000ns  (aclk rise@0.000ns - aclk rise@0.000ns)
  Data Path Delay:        0.195ns  (logic 0.141ns (72.269%)  route 0.054ns (27.731%))
  Logic Levels:           0  
  Clock Path Skew:        0.022ns (DCD - SCD - CPR)
    Destination Clock Delay (DCD):    0.432ns
    Source Clock Delay      (SCD):    0.410ns
    Clock Pessimism Removal (CPR):    -0.000ns

    Location             Delay type                Incr(ns)  Path(ns)    Netlist Resource(s)
  -------------------------------------------------------------------    -------------------
                         (clock aclk rise edge)       0.000     0.000 r  
                                                      0.000     0.000 r  aclk (IN)
                         net (fo=5092, unset)         0.410     0.410    dbf_reference_bd_i/dbf_axis_0/inst/u_system/u_datapath/u_core/gen_lane[2].u_lane/u_accum/aclk
    SLICE_X35Y16         FDRE                                         r  dbf_reference_bd_i/dbf_axis_0/inst/u_system/u_datapath/u_core/gen_lane[2].u_lane/u_accum/acc_re_reg[28]/C
  -------------------------------------------------------------------    -------------------
    SLICE_X35Y16         FDRE (Prop_fdre_C_Q)         0.141     0.551 r  dbf_reference_bd_i/dbf_axis_0/inst/u_system/u_datapath/u_core/gen_lane[2].u_lane/u_accum/acc_re_reg[28]/Q
                         net (fo=1, routed)           0.054     0.605    dbf_reference_bd_i/dbf_axis_0/inst/u_system/u_datapath/u_core/gen_lane[2].u_lane/u_accum_n_19
    SLICE_X34Y16         FDRE                                         r  dbf_reference_bd_i/dbf_axis_0/inst/u_system/u_datapath/u_core/gen_lane[2].u_lane/acc_re_q_reg[28]/D
  -------------------------------------------------------------------    -------------------

                         (clock aclk rise edge)       0.000     0.000 r  
                                                      0.000     0.000 r  aclk (IN)
                         net (fo=5092, unset)         0.432     0.432    dbf_reference_bd_i/dbf_axis_0/inst/u_system/u_datapath/u_core/gen_lane[2].u_lane/aclk
    SLICE_X34Y16         FDRE                                         r  dbf_reference_bd_i/dbf_axis_0/inst/u_system/u_datapath/u_core/gen_lane[2].u_lane/acc_re_q_reg[28]/C
                         clock pessimism              0.000     0.432    
    SLICE_X34Y16         FDRE (Hold_fdre_C_D)         0.076     0.508    dbf_reference_bd_i/dbf_axis_0/inst/u_system/u_datapath/u_core/gen_lane[2].u_lane/acc_re_q_reg[28]
  -------------------------------------------------------------------
                         required time                         -0.508    
                         arrival time                           0.605    
  -------------------------------------------------------------------
                         slack                                  0.098    

Slack (MET) :             0.098ns  (arrival time - required time)
  Source:                 dbf_reference_bd_i/dbf_axis_0/inst/u_system/u_datapath/u_core/gen_lane[3].u_lane/u_quant_re/neg_word_s4_reg[2]/C
                            (rising edge-triggered cell FDRE clocked by aclk  {rise@0.000ns fall@2.500ns period=5.000ns})
  Destination:            dbf_reference_bd_i/dbf_axis_0/inst/u_system/u_datapath/u_core/gen_lane[3].u_lane/u_quant_re/z_out_reg[2]/D
                            (rising edge-triggered cell FDRE clocked by aclk  {rise@0.000ns fall@2.500ns period=5.000ns})
  Path Group:             aclk
  Path Type:              Hold (Min at Fast Process Corner)
  Requirement:            0.000ns  (aclk rise@0.000ns - aclk rise@0.000ns)
  Data Path Delay:        0.240ns  (logic 0.186ns (77.466%)  route 0.054ns (22.534%))
  Logic Levels:           1  (LUT4=1)
  Clock Path Skew:        0.022ns (DCD - SCD - CPR)
    Destination Clock Delay (DCD):    0.432ns
    Source Clock Delay      (SCD):    0.410ns
    Clock Pessimism Removal (CPR):    -0.000ns

    Location             Delay type                Incr(ns)  Path(ns)    Netlist Resource(s)
  -------------------------------------------------------------------    -------------------
                         (clock aclk rise edge)       0.000     0.000 r  
                                                      0.000     0.000 r  aclk (IN)
                         net (fo=5092, unset)         0.410     0.410    dbf_reference_bd_i/dbf_axis_0/inst/u_system/u_datapath/u_core/gen_lane[3].u_lane/u_quant_re/aclk
    SLICE_X31Y32         FDRE                                         r  dbf_reference_bd_i/dbf_axis_0/inst/u_system/u_datapath/u_core/gen_lane[3].u_lane/u_quant_re/neg_word_s4_reg[2]/C
  -------------------------------------------------------------------    -------------------
    SLICE_X31Y32         FDRE (Prop_fdre_C_Q)         0.141     0.551 r  dbf_reference_bd_i/dbf_axis_0/inst/u_system/u_datapath/u_core/gen_lane[3].u_lane/u_quant_re/neg_word_s4_reg[2]/Q
                         net (fo=1, routed)           0.054     0.605    dbf_reference_bd_i/dbf_axis_0/inst/u_system/u_datapath/u_core/gen_lane[3].u_lane/u_quant_re/neg_word_s4[2]
    SLICE_X30Y32         LUT4 (Prop_lut4_I3_O)        0.045     0.650 r  dbf_reference_bd_i/dbf_axis_0/inst/u_system/u_datapath/u_core/gen_lane[3].u_lane/u_quant_re/z_out[2]_i_1/O
                         net (fo=1, routed)           0.000     0.650    dbf_reference_bd_i/dbf_axis_0/inst/u_system/u_datapath/u_core/gen_lane[3].u_lane/u_quant_re/z_out[2]_i_1_n_0
    SLICE_X30Y32         FDRE                                         r  dbf_reference_bd_i/dbf_axis_0/inst/u_system/u_datapath/u_core/gen_lane[3].u_lane/u_quant_re/z_out_reg[2]/D
  -------------------------------------------------------------------    -------------------

                         (clock aclk rise edge)       0.000     0.000 r  
                                                      0.000     0.000 r  aclk (IN)
                         net (fo=5092, unset)         0.432     0.432    dbf_reference_bd_i/dbf_axis_0/inst/u_system/u_datapath/u_core/gen_lane[3].u_lane/u_quant_re/aclk
    SLICE_X30Y32         FDRE                                         r  dbf_reference_bd_i/dbf_axis_0/inst/u_system/u_datapath/u_core/gen_lane[3].u_lane/u_quant_re/z_out_reg[2]/C
                         clock pessimism              0.000     0.432    
    SLICE_X30Y32         FDRE (Hold_fdre_C_D)         0.121     0.553    dbf_reference_bd_i/dbf_axis_0/inst/u_system/u_datapath/u_core/gen_lane[3].u_lane/u_quant_re/z_out_reg[2]
  -------------------------------------------------------------------
                         required time                         -0.553    
                         arrival time                           0.650    
  -------------------------------------------------------------------
                         slack                                  0.098    

Slack (MET) :             0.098ns  (arrival time - required time)
  Source:                 dbf_reference_bd_i/dbf_axis_0/inst/u_system/u_datapath/u_core/gen_lane[3].u_lane/u_quant_re/neg_word_s4_reg[6]/C
                            (rising edge-triggered cell FDRE clocked by aclk  {rise@0.000ns fall@2.500ns period=5.000ns})
  Destination:            dbf_reference_bd_i/dbf_axis_0/inst/u_system/u_datapath/u_core/gen_lane[3].u_lane/u_quant_re/z_out_reg[6]/D
                            (rising edge-triggered cell FDRE clocked by aclk  {rise@0.000ns fall@2.500ns period=5.000ns})
  Path Group:             aclk
  Path Type:              Hold (Min at Fast Process Corner)
  Requirement:            0.000ns  (aclk rise@0.000ns - aclk rise@0.000ns)
  Data Path Delay:        0.240ns  (logic 0.186ns (77.466%)  route 0.054ns (22.534%))
  Logic Levels:           1  (LUT4=1)
  Clock Path Skew:        0.022ns (DCD - SCD - CPR)
    Destination Clock Delay (DCD):    0.432ns
    Source Clock Delay      (SCD):    0.410ns
    Clock Pessimism Removal (CPR):    -0.000ns

    Location             Delay type                Incr(ns)  Path(ns)    Netlist Resource(s)
  -------------------------------------------------------------------    -------------------
                         (clock aclk rise edge)       0.000     0.000 r  
                                                      0.000     0.000 r  aclk (IN)
                         net (fo=5092, unset)         0.410     0.410    dbf_reference_bd_i/dbf_axis_0/inst/u_system/u_datapath/u_core/gen_lane[3].u_lane/u_quant_re/aclk
    SLICE_X31Y33         FDRE                                         r  dbf_reference_bd_i/dbf_axis_0/inst/u_system/u_datapath/u_core/gen_lane[3].u_lane/u_quant_re/neg_word_s4_reg[6]/C
  -------------------------------------------------------------------    -------------------
    SLICE_X31Y33         FDRE (Prop_fdre_C_Q)         0.141     0.551 r  dbf_reference_bd_i/dbf_axis_0/inst/u_system/u_datapath/u_core/gen_lane[3].u_lane/u_quant_re/neg_word_s4_reg[6]/Q
                         net (fo=1, routed)           0.054     0.605    dbf_reference_bd_i/dbf_axis_0/inst/u_system/u_datapath/u_core/gen_lane[3].u_lane/u_quant_re/neg_word_s4[6]
    SLICE_X30Y33         LUT4 (Prop_lut4_I3_O)        0.045     0.650 r  dbf_reference_bd_i/dbf_axis_0/inst/u_system/u_datapath/u_core/gen_lane[3].u_lane/u_quant_re/z_out[6]_i_1/O
                         net (fo=1, routed)           0.000     0.650    dbf_reference_bd_i/dbf_axis_0/inst/u_system/u_datapath/u_core/gen_lane[3].u_lane/u_quant_re/z_out[6]_i_1_n_0
    SLICE_X30Y33         FDRE                                         r  dbf_reference_bd_i/dbf_axis_0/inst/u_system/u_datapath/u_core/gen_lane[3].u_lane/u_quant_re/z_out_reg[6]/D
  -------------------------------------------------------------------    -------------------

                         (clock aclk rise edge)       0.000     0.000 r  
                                                      0.000     0.000 r  aclk (IN)
                         net (fo=5092, unset)         0.432     0.432    dbf_reference_bd_i/dbf_axis_0/inst/u_system/u_datapath/u_core/gen_lane[3].u_lane/u_quant_re/aclk
    SLICE_X30Y33         FDRE                                         r  dbf_reference_bd_i/dbf_axis_0/inst/u_system/u_datapath/u_core/gen_lane[3].u_lane/u_quant_re/z_out_reg[6]/C
                         clock pessimism              0.000     0.432    
    SLICE_X30Y33         FDRE (Hold_fdre_C_D)         0.121     0.553    dbf_reference_bd_i/dbf_axis_0/inst/u_system/u_datapath/u_core/gen_lane[3].u_lane/u_quant_re/z_out_reg[6]
  -------------------------------------------------------------------
                         required time                         -0.553    
                         arrival time                           0.650    
  -------------------------------------------------------------------
                         slack                                  0.098    

Slack (MET) :             0.100ns  (arrival time - required time)
  Source:                 dbf_reference_bd_i/axis_out_fifo_0/inst/gen_fifo.xpm_fifo_axis_inst/gaxis_rst_sync.xpm_cdc_sync_rst_inst/syncstages_ff_reg[0]/C
                            (rising edge-triggered cell FDRE clocked by aclk  {rise@0.000ns fall@2.500ns period=5.000ns})
  Destination:            dbf_reference_bd_i/axis_out_fifo_0/inst/gen_fifo.xpm_fifo_axis_inst/gaxis_rst_sync.xpm_cdc_sync_rst_inst/syncstages_ff_reg[1]/D
                            (rising edge-triggered cell FDRE clocked by aclk  {rise@0.000ns fall@2.500ns period=5.000ns})
  Path Group:             aclk
  Path Type:              Hold (Min at Fast Process Corner)
  Requirement:            0.000ns  (aclk rise@0.000ns - aclk rise@0.000ns)
  Data Path Delay:        0.197ns  (logic 0.141ns (71.611%)  route 0.056ns (28.389%))
  Logic Levels:           0  
  Clock Path Skew:        0.022ns (DCD - SCD - CPR)
    Destination Clock Delay (DCD):    0.432ns
    Source Clock Delay      (SCD):    0.410ns
    Clock Pessimism Removal (CPR):    -0.000ns

    Location             Delay type                Incr(ns)  Path(ns)    Netlist Resource(s)
  -------------------------------------------------------------------    -------------------
                         (clock aclk rise edge)       0.000     0.000 r  
                                                      0.000     0.000 r  aclk (IN)
                         net (fo=5092, unset)         0.410     0.410    dbf_reference_bd_i/axis_out_fifo_0/inst/gen_fifo.xpm_fifo_axis_inst/gaxis_rst_sync.xpm_cdc_sync_rst_inst/dest_clk
    SLICE_X33Y39         FDRE                                         r  dbf_reference_bd_i/axis_out_fifo_0/inst/gen_fifo.xpm_fifo_axis_inst/gaxis_rst_sync.xpm_cdc_sync_rst_inst/syncstages_ff_reg[0]/C
  -------------------------------------------------------------------    -------------------
    SLICE_X33Y39         FDRE (Prop_fdre_C_Q)         0.141     0.551 r  dbf_reference_bd_i/axis_out_fifo_0/inst/gen_fifo.xpm_fifo_axis_inst/gaxis_rst_sync.xpm_cdc_sync_rst_inst/syncstages_ff_reg[0]/Q
                         net (fo=1, routed)           0.056     0.607    dbf_reference_bd_i/axis_out_fifo_0/inst/gen_fifo.xpm_fifo_axis_inst/gaxis_rst_sync.xpm_cdc_sync_rst_inst/syncstages_ff[0]
    SLICE_X33Y39         FDRE                                         r  dbf_reference_bd_i/axis_out_fifo_0/inst/gen_fifo.xpm_fifo_axis_inst/gaxis_rst_sync.xpm_cdc_sync_rst_inst/syncstages_ff_reg[1]/D
  -------------------------------------------------------------------    -------------------

                         (clock aclk rise edge)       0.000     0.000 r  
                                                      0.000     0.000 r  aclk (IN)
                         net (fo=5092, unset)         0.432     0.432    dbf_reference_bd_i/axis_out_fifo_0/inst/gen_fifo.xpm_fifo_axis_inst/gaxis_rst_sync.xpm_cdc_sync_rst_inst/dest_clk
    SLICE_X33Y39         FDRE                                         r  dbf_reference_bd_i/axis_out_fifo_0/inst/gen_fifo.xpm_fifo_axis_inst/gaxis_rst_sync.xpm_cdc_sync_rst_inst/syncstages_ff_reg[1]/C
                         clock pessimism              0.000     0.432    
    SLICE_X33Y39         FDRE (Hold_fdre_C_D)         0.075     0.507    dbf_reference_bd_i/axis_out_fifo_0/inst/gen_fifo.xpm_fifo_axis_inst/gaxis_rst_sync.xpm_cdc_sync_rst_inst/syncstages_ff_reg[1]
  -------------------------------------------------------------------
                         required time                         -0.507    
                         arrival time                           0.607    
  -------------------------------------------------------------------
                         slack                                  0.100    

Slack (MET) :             0.101ns  (arrival time - required time)
  Source:                 dbf_reference_bd_i/dbf_axis_0/inst/u_system/u_datapath/u_core/gen_lane[1].u_lane/u_quant_re/neg_word_s4_reg[2]/C
                            (rising edge-triggered cell FDRE clocked by aclk  {rise@0.000ns fall@2.500ns period=5.000ns})
  Destination:            dbf_reference_bd_i/dbf_axis_0/inst/u_system/u_datapath/u_core/gen_lane[1].u_lane/u_quant_re/z_out_reg[2]/D
                            (rising edge-triggered cell FDRE clocked by aclk  {rise@0.000ns fall@2.500ns period=5.000ns})
  Path Group:             aclk
  Path Type:              Hold (Min at Fast Process Corner)
  Requirement:            0.000ns  (aclk rise@0.000ns - aclk rise@0.000ns)
  Data Path Delay:        0.242ns  (logic 0.186ns (76.826%)  route 0.056ns (23.173%))
  Logic Levels:           1  (LUT4=1)
  Clock Path Skew:        0.022ns (DCD - SCD - CPR)
    Destination Clock Delay (DCD):    0.432ns
    Source Clock Delay      (SCD):    0.410ns
    Clock Pessimism Removal (CPR):    -0.000ns

    Location             Delay type                Incr(ns)  Path(ns)    Netlist Resource(s)
  -------------------------------------------------------------------    -------------------
                         (clock aclk rise edge)       0.000     0.000 r  
                                                      0.000     0.000 r  aclk (IN)
                         net (fo=5092, unset)         0.410     0.410    dbf_reference_bd_i/dbf_axis_0/inst/u_system/u_datapath/u_core/gen_lane[1].u_lane/u_quant_re/aclk
    SLICE_X43Y34         FDRE                                         r  dbf_reference_bd_i/dbf_axis_0/inst/u_system/u_datapath/u_core/gen_lane[1].u_lane/u_quant_re/neg_word_s4_reg[2]/C
  -------------------------------------------------------------------    -------------------
    SLICE_X43Y34         FDRE (Prop_fdre_C_Q)         0.141     0.551 r  dbf_reference_bd_i/dbf_axis_0/inst/u_system/u_datapath/u_core/gen_lane[1].u_lane/u_quant_re/neg_word_s4_reg[2]/Q
                         net (fo=1, routed)           0.056     0.607    dbf_reference_bd_i/dbf_axis_0/inst/u_system/u_datapath/u_core/gen_lane[1].u_lane/u_quant_re/neg_word_s4[2]
    SLICE_X42Y34         LUT4 (Prop_lut4_I3_O)        0.045     0.652 r  dbf_reference_bd_i/dbf_axis_0/inst/u_system/u_datapath/u_core/gen_lane[1].u_lane/u_quant_re/z_out[2]_i_1/O
                         net (fo=1, routed)           0.000     0.652    dbf_reference_bd_i/dbf_axis_0/inst/u_system/u_datapath/u_core/gen_lane[1].u_lane/u_quant_re/z_out[2]_i_1_n_0
    SLICE_X42Y34         FDRE                                         r  dbf_reference_bd_i/dbf_axis_0/inst/u_system/u_datapath/u_core/gen_lane[1].u_lane/u_quant_re/z_out_reg[2]/D
  -------------------------------------------------------------------    -------------------

                         (clock aclk rise edge)       0.000     0.000 r  
                                                      0.000     0.000 r  aclk (IN)
                         net (fo=5092, unset)         0.432     0.432    dbf_reference_bd_i/dbf_axis_0/inst/u_system/u_datapath/u_core/gen_lane[1].u_lane/u_quant_re/aclk
    SLICE_X42Y34         FDRE                                         r  dbf_reference_bd_i/dbf_axis_0/inst/u_system/u_datapath/u_core/gen_lane[1].u_lane/u_quant_re/z_out_reg[2]/C
                         clock pessimism              0.000     0.432    
    SLICE_X42Y34         FDRE (Hold_fdre_C_D)         0.120     0.552    dbf_reference_bd_i/dbf_axis_0/inst/u_system/u_datapath/u_core/gen_lane[1].u_lane/u_quant_re/z_out_reg[2]
  -------------------------------------------------------------------
                         required time                         -0.552    
                         arrival time                           0.652    
  -------------------------------------------------------------------
                         slack                                  0.101    

Slack (MET) :             0.101ns  (arrival time - required time)
  Source:                 dbf_reference_bd_i/dbf_axis_0/inst/u_system/u_datapath/u_core/gen_lane[3].u_lane/u_quant_re/neg_word_s4_reg[10]/C
                            (rising edge-triggered cell FDRE clocked by aclk  {rise@0.000ns fall@2.500ns period=5.000ns})
  Destination:            dbf_reference_bd_i/dbf_axis_0/inst/u_system/u_datapath/u_core/gen_lane[3].u_lane/u_quant_re/z_out_reg[10]/D
                            (rising edge-triggered cell FDRE clocked by aclk  {rise@0.000ns fall@2.500ns period=5.000ns})
  Path Group:             aclk
  Path Type:              Hold (Min at Fast Process Corner)
  Requirement:            0.000ns  (aclk rise@0.000ns - aclk rise@0.000ns)
  Data Path Delay:        0.242ns  (logic 0.186ns (76.826%)  route 0.056ns (23.173%))
  Logic Levels:           1  (LUT4=1)
  Clock Path Skew:        0.022ns (DCD - SCD - CPR)
    Destination Clock Delay (DCD):    0.432ns
    Source Clock Delay      (SCD):    0.410ns
    Clock Pessimism Removal (CPR):    -0.000ns

    Location             Delay type                Incr(ns)  Path(ns)    Netlist Resource(s)
  -------------------------------------------------------------------    -------------------
                         (clock aclk rise edge)       0.000     0.000 r  
                                                      0.000     0.000 r  aclk (IN)
                         net (fo=5092, unset)         0.410     0.410    dbf_reference_bd_i/dbf_axis_0/inst/u_system/u_datapath/u_core/gen_lane[3].u_lane/u_quant_re/aclk
    SLICE_X31Y34         FDRE                                         r  dbf_reference_bd_i/dbf_axis_0/inst/u_system/u_datapath/u_core/gen_lane[3].u_lane/u_quant_re/neg_word_s4_reg[10]/C
  -------------------------------------------------------------------    -------------------
    SLICE_X31Y34         FDRE (Prop_fdre_C_Q)         0.141     0.551 r  dbf_reference_bd_i/dbf_axis_0/inst/u_system/u_datapath/u_core/gen_lane[3].u_lane/u_quant_re/neg_word_s4_reg[10]/Q
                         net (fo=1, routed)           0.056     0.607    dbf_reference_bd_i/dbf_axis_0/inst/u_system/u_datapath/u_core/gen_lane[3].u_lane/u_quant_re/neg_word_s4[10]
    SLICE_X30Y34         LUT4 (Prop_lut4_I3_O)        0.045     0.652 r  dbf_reference_bd_i/dbf_axis_0/inst/u_system/u_datapath/u_core/gen_lane[3].u_lane/u_quant_re/z_out[10]_i_1/O
                         net (fo=1, routed)           0.000     0.652    dbf_reference_bd_i/dbf_axis_0/inst/u_system/u_datapath/u_core/gen_lane[3].u_lane/u_quant_re/z_out[10]_i_1_n_0
    SLICE_X30Y34         FDRE                                         r  dbf_reference_bd_i/dbf_axis_0/inst/u_system/u_datapath/u_core/gen_lane[3].u_lane/u_quant_re/z_out_reg[10]/D
  -------------------------------------------------------------------    -------------------

                         (clock aclk rise edge)       0.000     0.000 r  
                                                      0.000     0.000 r  aclk (IN)
                         net (fo=5092, unset)         0.432     0.432    dbf_reference_bd_i/dbf_axis_0/inst/u_system/u_datapath/u_core/gen_lane[3].u_lane/u_quant_re/aclk
    SLICE_X30Y34         FDRE                                         r  dbf_reference_bd_i/dbf_axis_0/inst/u_system/u_datapath/u_core/gen_lane[3].u_lane/u_quant_re/z_out_reg[10]/C
                         clock pessimism              0.000     0.432    
    SLICE_X30Y34         FDRE (Hold_fdre_C_D)         0.120     0.552    dbf_reference_bd_i/dbf_axis_0/inst/u_system/u_datapath/u_core/gen_lane[3].u_lane/u_quant_re/z_out_reg[10]
  -------------------------------------------------------------------
                         required time                         -0.552    
                         arrival time                           0.652    
  -------------------------------------------------------------------
                         slack                                  0.101    

Slack (MET) :             0.101ns  (arrival time - required time)
  Source:                 dbf_reference_bd_i/dbf_axis_0/inst/u_system/u_datapath/u_core/gen_lane[4].u_lane/u_quant_re/neg_word_s4_reg[10]/C
                            (rising edge-triggered cell FDRE clocked by aclk  {rise@0.000ns fall@2.500ns period=5.000ns})
  Destination:            dbf_reference_bd_i/dbf_axis_0/inst/u_system/u_datapath/u_core/gen_lane[4].u_lane/u_quant_re/z_out_reg[10]/D
                            (rising edge-triggered cell FDRE clocked by aclk  {rise@0.000ns fall@2.500ns period=5.000ns})
  Path Group:             aclk
  Path Type:              Hold (Min at Fast Process Corner)
  Requirement:            0.000ns  (aclk rise@0.000ns - aclk rise@0.000ns)
  Data Path Delay:        0.242ns  (logic 0.186ns (76.826%)  route 0.056ns (23.173%))
  Logic Levels:           1  (LUT4=1)
  Clock Path Skew:        0.022ns (DCD - SCD - CPR)
    Destination Clock Delay (DCD):    0.432ns
    Source Clock Delay      (SCD):    0.410ns
    Clock Pessimism Removal (CPR):    -0.000ns

    Location             Delay type                Incr(ns)  Path(ns)    Netlist Resource(s)
  -------------------------------------------------------------------    -------------------
                         (clock aclk rise edge)       0.000     0.000 r  
                                                      0.000     0.000 r  aclk (IN)
                         net (fo=5092, unset)         0.410     0.410    dbf_reference_bd_i/dbf_axis_0/inst/u_system/u_datapath/u_core/gen_lane[4].u_lane/u_quant_re/aclk
    SLICE_X19Y18         FDRE                                         r  dbf_reference_bd_i/dbf_axis_0/inst/u_system/u_datapath/u_core/gen_lane[4].u_lane/u_quant_re/neg_word_s4_reg[10]/C
  -------------------------------------------------------------------    -------------------
    SLICE_X19Y18         FDRE (Prop_fdre_C_Q)         0.141     0.551 r  dbf_reference_bd_i/dbf_axis_0/inst/u_system/u_datapath/u_core/gen_lane[4].u_lane/u_quant_re/neg_word_s4_reg[10]/Q
                         net (fo=1, routed)           0.056     0.607    dbf_reference_bd_i/dbf_axis_0/inst/u_system/u_datapath/u_core/gen_lane[4].u_lane/u_quant_re/neg_word_s4[10]
    SLICE_X18Y18         LUT4 (Prop_lut4_I3_O)        0.045     0.652 r  dbf_reference_bd_i/dbf_axis_0/inst/u_system/u_datapath/u_core/gen_lane[4].u_lane/u_quant_re/z_out[10]_i_1/O
                         net (fo=1, routed)           0.000     0.652    dbf_reference_bd_i/dbf_axis_0/inst/u_system/u_datapath/u_core/gen_lane[4].u_lane/u_quant_re/z_out[10]_i_1_n_0
    SLICE_X18Y18         FDRE                                         r  dbf_reference_bd_i/dbf_axis_0/inst/u_system/u_datapath/u_core/gen_lane[4].u_lane/u_quant_re/z_out_reg[10]/D
  -------------------------------------------------------------------    -------------------

                         (clock aclk rise edge)       0.000     0.000 r  
                                                      0.000     0.000 r  aclk (IN)
                         net (fo=5092, unset)         0.432     0.432    dbf_reference_bd_i/dbf_axis_0/inst/u_system/u_datapath/u_core/gen_lane[4].u_lane/u_quant_re/aclk
    SLICE_X18Y18         FDRE                                         r  dbf_reference_bd_i/dbf_axis_0/inst/u_system/u_datapath/u_core/gen_lane[4].u_lane/u_quant_re/z_out_reg[10]/C
                         clock pessimism              0.000     0.432    
    SLICE_X18Y18         FDRE (Hold_fdre_C_D)         0.120     0.552    dbf_reference_bd_i/dbf_axis_0/inst/u_system/u_datapath/u_core/gen_lane[4].u_lane/u_quant_re/z_out_reg[10]
  -------------------------------------------------------------------
                         required time                         -0.552    
                         arrival time                           0.652    
  -------------------------------------------------------------------
                         slack                                  0.101    

Slack (MET) :             0.106ns  (arrival time - required time)
  Source:                 dbf_reference_bd_i/dbf_axis_0/inst/u_system/u_datapath/u_serializer/m_axis_z_tdata_reg[51]/C
                            (rising edge-triggered cell FDRE clocked by aclk  {rise@0.000ns fall@2.500ns period=5.000ns})
  Destination:            dbf_reference_bd_i/axis_out_fifo_0/inst/gen_fifo.xpm_fifo_axis_inst/xpm_fifo_base_inst/gen_sdpram.xpm_memory_base_inst/gen_wr_a.gen_word_narrow.mem_reg_0/DIBDI[19]
                            (rising edge-triggered cell RAMB36E1 clocked by aclk  {rise@0.000ns fall@2.500ns period=5.000ns})
  Path Group:             aclk
  Path Type:              Hold (Min at Fast Process Corner)
  Requirement:            0.000ns  (aclk rise@0.000ns - aclk rise@0.000ns)
  Data Path Delay:        0.283ns  (logic 0.164ns (57.948%)  route 0.119ns (42.052%))
  Logic Levels:           0  
  Clock Path Skew:        0.022ns (DCD - SCD - CPR)
    Destination Clock Delay (DCD):    0.432ns
    Source Clock Delay      (SCD):    0.410ns
    Clock Pessimism Removal (CPR):    -0.000ns

    Location             Delay type                Incr(ns)  Path(ns)    Netlist Resource(s)
  -------------------------------------------------------------------    -------------------
                         (clock aclk rise edge)       0.000     0.000 r  
                                                      0.000     0.000 r  aclk (IN)
                         net (fo=5092, unset)         0.410     0.410    dbf_reference_bd_i/dbf_axis_0/inst/u_system/u_datapath/u_serializer/aclk
    SLICE_X32Y28         FDRE                                         r  dbf_reference_bd_i/dbf_axis_0/inst/u_system/u_datapath/u_serializer/m_axis_z_tdata_reg[51]/C
  -------------------------------------------------------------------    -------------------
    SLICE_X32Y28         FDRE (Prop_fdre_C_Q)         0.164     0.574 r  dbf_reference_bd_i/dbf_axis_0/inst/u_system/u_datapath/u_serializer/m_axis_z_tdata_reg[51]/Q
                         net (fo=2, routed)           0.119     0.693    dbf_reference_bd_i/axis_out_fifo_0/inst/gen_fifo.xpm_fifo_axis_inst/xpm_fifo_base_inst/gen_sdpram.xpm_memory_base_inst/dina[51]
    RAMB36_X2Y5          RAMB36E1                                     r  dbf_reference_bd_i/axis_out_fifo_0/inst/gen_fifo.xpm_fifo_axis_inst/xpm_fifo_base_inst/gen_sdpram.xpm_memory_base_inst/gen_wr_a.gen_word_narrow.mem_reg_0/DIBDI[19]
  -------------------------------------------------------------------    -------------------

                         (clock aclk rise edge)       0.000     0.000 r  
                                                      0.000     0.000 r  aclk (IN)
                         net (fo=5092, unset)         0.432     0.432    dbf_reference_bd_i/axis_out_fifo_0/inst/gen_fifo.xpm_fifo_axis_inst/xpm_fifo_base_inst/gen_sdpram.xpm_memory_base_inst/clka
    RAMB36_X2Y5          RAMB36E1                                     r  dbf_reference_bd_i/axis_out_fifo_0/inst/gen_fifo.xpm_fifo_axis_inst/xpm_fifo_base_inst/gen_sdpram.xpm_memory_base_inst/gen_wr_a.gen_word_narrow.mem_reg_0/CLKBWRCLK
                         clock pessimism              0.000     0.432    
    RAMB36_X2Y5          RAMB36E1 (Hold_ramb36e1_CLKBWRCLK_DIBDI[19])
                                                      0.155     0.587    dbf_reference_bd_i/axis_out_fifo_0/inst/gen_fifo.xpm_fifo_axis_inst/xpm_fifo_base_inst/gen_sdpram.xpm_memory_base_inst/gen_wr_a.gen_word_narrow.mem_reg_0
  -------------------------------------------------------------------
                         required time                         -0.587    
                         arrival time                           0.693    
  -------------------------------------------------------------------
                         slack                                  0.106    

Slack (MET) :             0.122ns  (arrival time - required time)
  Source:                 dbf_reference_bd_i/dbf_axis_0/inst/u_system/u_datapath/u_core/gen_lane[4].u_lane/u_accum/acc_im_reg[11]/C
                            (rising edge-triggered cell FDRE clocked by aclk  {rise@0.000ns fall@2.500ns period=5.000ns})
  Destination:            dbf_reference_bd_i/dbf_axis_0/inst/u_system/u_datapath/u_core/gen_lane[4].u_lane/acc_im_q_reg[11]/D
                            (rising edge-triggered cell FDRE clocked by aclk  {rise@0.000ns fall@2.500ns period=5.000ns})
  Path Group:             aclk
  Path Type:              Hold (Min at Fast Process Corner)
  Requirement:            0.000ns  (aclk rise@0.000ns - aclk rise@0.000ns)
  Data Path Delay:        0.228ns  (logic 0.141ns (61.814%)  route 0.087ns (38.186%))
  Logic Levels:           0  
  Clock Path Skew:        0.022ns (DCD - SCD - CPR)
    Destination Clock Delay (DCD):    0.432ns
    Source Clock Delay      (SCD):    0.410ns
    Clock Pessimism Removal (CPR):    -0.000ns

    Location             Delay type                Incr(ns)  Path(ns)    Netlist Resource(s)
  -------------------------------------------------------------------    -------------------
                         (clock aclk rise edge)       0.000     0.000 r  
                                                      0.000     0.000 r  aclk (IN)
                         net (fo=5092, unset)         0.410     0.410    dbf_reference_bd_i/dbf_axis_0/inst/u_system/u_datapath/u_core/gen_lane[4].u_lane/u_accum/aclk
    SLICE_X11Y8          FDRE                                         r  dbf_reference_bd_i/dbf_axis_0/inst/u_system/u_datapath/u_core/gen_lane[4].u_lane/u_accum/acc_im_reg[11]/C
  -------------------------------------------------------------------    -------------------
    SLICE_X11Y8          FDRE (Prop_fdre_C_Q)         0.141     0.551 r  dbf_reference_bd_i/dbf_axis_0/inst/u_system/u_datapath/u_core/gen_lane[4].u_lane/u_accum/acc_im_reg[11]/Q
                         net (fo=1, routed)           0.087     0.638    dbf_reference_bd_i/dbf_axis_0/inst/u_system/u_datapath/u_core/gen_lane[4].u_lane/u_accum_n_84
    SLICE_X10Y8          FDRE                                         r  dbf_reference_bd_i/dbf_axis_0/inst/u_system/u_datapath/u_core/gen_lane[4].u_lane/acc_im_q_reg[11]/D
  -------------------------------------------------------------------    -------------------

                         (clock aclk rise edge)       0.000     0.000 r  
                                                      0.000     0.000 r  aclk (IN)
                         net (fo=5092, unset)         0.432     0.432    dbf_reference_bd_i/dbf_axis_0/inst/u_system/u_datapath/u_core/gen_lane[4].u_lane/aclk
    SLICE_X10Y8          FDRE                                         r  dbf_reference_bd_i/dbf_axis_0/inst/u_system/u_datapath/u_core/gen_lane[4].u_lane/acc_im_q_reg[11]/C
                         clock pessimism              0.000     0.432    
    SLICE_X10Y8          FDRE (Hold_fdre_C_D)         0.085     0.517    dbf_reference_bd_i/dbf_axis_0/inst/u_system/u_datapath/u_core/gen_lane[4].u_lane/acc_im_q_reg[11]
  -------------------------------------------------------------------
                         required time                         -0.517    
                         arrival time                           0.638    
  -------------------------------------------------------------------
                         slack                                  0.122    

Slack (MET) :             0.124ns  (arrival time - required time)
  Source:                 dbf_reference_bd_i/dbf_axis_0/inst/u_system/u_datapath/u_core/gen_lane[1].u_lane/u_quant_im/neg_word_s4_reg[19]/C
                            (rising edge-triggered cell FDRE clocked by aclk  {rise@0.000ns fall@2.500ns period=5.000ns})
  Destination:            dbf_reference_bd_i/dbf_axis_0/inst/u_system/u_datapath/u_core/gen_lane[1].u_lane/u_quant_im/z_out_reg[19]/D
                            (rising edge-triggered cell FDRE clocked by aclk  {rise@0.000ns fall@2.500ns period=5.000ns})
  Path Group:             aclk
  Path Type:              Hold (Min at Fast Process Corner)
  Requirement:            0.000ns  (aclk rise@0.000ns - aclk rise@0.000ns)
  Data Path Delay:        0.266ns  (logic 0.186ns (69.897%)  route 0.080ns (30.103%))
  Logic Levels:           1  (LUT4=1)
  Clock Path Skew:        0.022ns (DCD - SCD - CPR)
    Destination Clock Delay (DCD):    0.432ns
    Source Clock Delay      (SCD):    0.410ns
    Clock Pessimism Removal (CPR):    -0.000ns

    Location             Delay type                Incr(ns)  Path(ns)    Netlist Resource(s)
  -------------------------------------------------------------------    -------------------
                         (clock aclk rise edge)       0.000     0.000 r  
                                                      0.000     0.000 r  aclk (IN)
                         net (fo=5092, unset)         0.410     0.410    dbf_reference_bd_i/dbf_axis_0/inst/u_system/u_datapath/u_core/gen_lane[1].u_lane/u_quant_im/aclk
    SLICE_X47Y36         FDRE                                         r  dbf_reference_bd_i/dbf_axis_0/inst/u_system/u_datapath/u_core/gen_lane[1].u_lane/u_quant_im/neg_word_s4_reg[19]/C
  -------------------------------------------------------------------    -------------------
    SLICE_X47Y36         FDRE (Prop_fdre_C_Q)         0.141     0.551 r  dbf_reference_bd_i/dbf_axis_0/inst/u_system/u_datapath/u_core/gen_lane[1].u_lane/u_quant_im/neg_word_s4_reg[19]/Q
                         net (fo=1, routed)           0.080     0.631    dbf_reference_bd_i/dbf_axis_0/inst/u_system/u_datapath/u_core/gen_lane[1].u_lane/u_quant_im/neg_word_s4_reg_n_0_[19]
    SLICE_X46Y36         LUT4 (Prop_lut4_I3_O)        0.045     0.676 r  dbf_reference_bd_i/dbf_axis_0/inst/u_system/u_datapath/u_core/gen_lane[1].u_lane/u_quant_im/z_out[19]_i_1/O
                         net (fo=1, routed)           0.000     0.676    dbf_reference_bd_i/dbf_axis_0/inst/u_system/u_datapath/u_core/gen_lane[1].u_lane/u_quant_im/z_out[19]_i_1_n_0
    SLICE_X46Y36         FDRE                                         r  dbf_reference_bd_i/dbf_axis_0/inst/u_system/u_datapath/u_core/gen_lane[1].u_lane/u_quant_im/z_out_reg[19]/D
  -------------------------------------------------------------------    -------------------

                         (clock aclk rise edge)       0.000     0.000 r  
                                                      0.000     0.000 r  aclk (IN)
                         net (fo=5092, unset)         0.432     0.432    dbf_reference_bd_i/dbf_axis_0/inst/u_system/u_datapath/u_core/gen_lane[1].u_lane/u_quant_im/aclk
    SLICE_X46Y36         FDRE                                         r  dbf_reference_bd_i/dbf_axis_0/inst/u_system/u_datapath/u_core/gen_lane[1].u_lane/u_quant_im/z_out_reg[19]/C
                         clock pessimism              0.000     0.432    
    SLICE_X46Y36         FDRE (Hold_fdre_C_D)         0.121     0.553    dbf_reference_bd_i/dbf_axis_0/inst/u_system/u_datapath/u_core/gen_lane[1].u_lane/u_quant_im/z_out_reg[19]
  -------------------------------------------------------------------
                         required time                         -0.553    
                         arrival time                           0.676    
  -------------------------------------------------------------------
                         slack                                  0.124    

Slack (MET) :             0.124ns  (arrival time - required time)
  Source:                 dbf_reference_bd_i/dbf_axis_0/inst/u_system/u_datapath/u_core/gen_lane[4].u_lane/u_quant_re/neg_word_s4_reg[15]/C
                            (rising edge-triggered cell FDRE clocked by aclk  {rise@0.000ns fall@2.500ns period=5.000ns})
  Destination:            dbf_reference_bd_i/dbf_axis_0/inst/u_system/u_datapath/u_core/gen_lane[4].u_lane/u_quant_re/z_out_reg[15]/D
                            (rising edge-triggered cell FDRE clocked by aclk  {rise@0.000ns fall@2.500ns period=5.000ns})
  Path Group:             aclk
  Path Type:              Hold (Min at Fast Process Corner)
  Requirement:            0.000ns  (aclk rise@0.000ns - aclk rise@0.000ns)
  Data Path Delay:        0.266ns  (logic 0.186ns (69.897%)  route 0.080ns (30.103%))
  Logic Levels:           1  (LUT4=1)
  Clock Path Skew:        0.022ns (DCD - SCD - CPR)
    Destination Clock Delay (DCD):    0.432ns
    Source Clock Delay      (SCD):    0.410ns
    Clock Pessimism Removal (CPR):    -0.000ns

    Location             Delay type                Incr(ns)  Path(ns)    Netlist Resource(s)
  -------------------------------------------------------------------    -------------------
                         (clock aclk rise edge)       0.000     0.000 r  
                                                      0.000     0.000 r  aclk (IN)
                         net (fo=5092, unset)         0.410     0.410    dbf_reference_bd_i/dbf_axis_0/inst/u_system/u_datapath/u_core/gen_lane[4].u_lane/u_quant_re/aclk
    SLICE_X19Y19         FDRE                                         r  dbf_reference_bd_i/dbf_axis_0/inst/u_system/u_datapath/u_core/gen_lane[4].u_lane/u_quant_re/neg_word_s4_reg[15]/C
  -------------------------------------------------------------------    -------------------
    SLICE_X19Y19         FDRE (Prop_fdre_C_Q)         0.141     0.551 r  dbf_reference_bd_i/dbf_axis_0/inst/u_system/u_datapath/u_core/gen_lane[4].u_lane/u_quant_re/neg_word_s4_reg[15]/Q
                         net (fo=1, routed)           0.080     0.631    dbf_reference_bd_i/dbf_axis_0/inst/u_system/u_datapath/u_core/gen_lane[4].u_lane/u_quant_re/neg_word_s4[15]
    SLICE_X18Y19         LUT4 (Prop_lut4_I3_O)        0.045     0.676 r  dbf_reference_bd_i/dbf_axis_0/inst/u_system/u_datapath/u_core/gen_lane[4].u_lane/u_quant_re/z_out[15]_i_1/O
                         net (fo=1, routed)           0.000     0.676    dbf_reference_bd_i/dbf_axis_0/inst/u_system/u_datapath/u_core/gen_lane[4].u_lane/u_quant_re/z_out[15]_i_1_n_0
    SLICE_X18Y19         FDRE                                         r  dbf_reference_bd_i/dbf_axis_0/inst/u_system/u_datapath/u_core/gen_lane[4].u_lane/u_quant_re/z_out_reg[15]/D
  -------------------------------------------------------------------    -------------------

                         (clock aclk rise edge)       0.000     0.000 r  
                                                      0.000     0.000 r  aclk (IN)
                         net (fo=5092, unset)         0.432     0.432    dbf_reference_bd_i/dbf_axis_0/inst/u_system/u_datapath/u_core/gen_lane[4].u_lane/u_quant_re/aclk
    SLICE_X18Y19         FDRE                                         r  dbf_reference_bd_i/dbf_axis_0/inst/u_system/u_datapath/u_core/gen_lane[4].u_lane/u_quant_re/z_out_reg[15]/C
                         clock pessimism              0.000     0.432    
    SLICE_X18Y19         FDRE (Hold_fdre_C_D)         0.121     0.553    dbf_reference_bd_i/dbf_axis_0/inst/u_system/u_datapath/u_core/gen_lane[4].u_lane/u_quant_re/z_out_reg[15]
  -------------------------------------------------------------------
                         required time                         -0.553    
                         arrival time                           0.676    
  -------------------------------------------------------------------
                         slack                                  0.124    

Slack (MET) :             0.125ns  (arrival time - required time)
  Source:                 dbf_reference_bd_i/dbf_axis_0/inst/u_system/u_datapath/u_core/gen_lane[2].u_lane/u_quant_im/neg_word_s4_reg[14]/C
                            (rising edge-triggered cell FDRE clocked by aclk  {rise@0.000ns fall@2.500ns period=5.000ns})
  Destination:            dbf_reference_bd_i/dbf_axis_0/inst/u_system/u_datapath/u_core/gen_lane[2].u_lane/u_quant_im/z_out_reg[14]/D
                            (rising edge-triggered cell FDRE clocked by aclk  {rise@0.000ns fall@2.500ns period=5.000ns})
  Path Group:             aclk
  Path Type:              Hold (Min at Fast Process Corner)
  Requirement:            0.000ns  (aclk rise@0.000ns - aclk rise@0.000ns)
  Data Path Delay:        0.239ns  (logic 0.186ns (77.839%)  route 0.053ns (22.161%))
  Logic Levels:           1  (LUT4=1)
  Clock Path Skew:        0.022ns (DCD - SCD - CPR)
    Destination Clock Delay (DCD):    0.432ns
    Source Clock Delay      (SCD):    0.410ns
    Clock Pessimism Removal (CPR):    -0.000ns

    Location             Delay type                Incr(ns)  Path(ns)    Netlist Resource(s)
  -------------------------------------------------------------------    -------------------
                         (clock aclk rise edge)       0.000     0.000 r  
                                                      0.000     0.000 r  aclk (IN)
                         net (fo=5092, unset)         0.410     0.410    dbf_reference_bd_i/dbf_axis_0/inst/u_system/u_datapath/u_core/gen_lane[2].u_lane/u_quant_im/aclk
    SLICE_X48Y20         FDRE                                         r  dbf_reference_bd_i/dbf_axis_0/inst/u_system/u_datapath/u_core/gen_lane[2].u_lane/u_quant_im/neg_word_s4_reg[14]/C
  -------------------------------------------------------------------    -------------------
    SLICE_X48Y20         FDRE (Prop_fdre_C_Q)         0.141     0.551 r  dbf_reference_bd_i/dbf_axis_0/inst/u_system/u_datapath/u_core/gen_lane[2].u_lane/u_quant_im/neg_word_s4_reg[14]/Q
                         net (fo=1, routed)           0.053     0.604    dbf_reference_bd_i/dbf_axis_0/inst/u_system/u_datapath/u_core/gen_lane[2].u_lane/u_quant_im/neg_word_s4_reg_n_0_[14]
    SLICE_X49Y20         LUT4 (Prop_lut4_I3_O)        0.045     0.649 r  dbf_reference_bd_i/dbf_axis_0/inst/u_system/u_datapath/u_core/gen_lane[2].u_lane/u_quant_im/z_out[14]_i_1/O
                         net (fo=1, routed)           0.000     0.649    dbf_reference_bd_i/dbf_axis_0/inst/u_system/u_datapath/u_core/gen_lane[2].u_lane/u_quant_im/z_out[14]_i_1_n_0
    SLICE_X49Y20         FDRE                                         r  dbf_reference_bd_i/dbf_axis_0/inst/u_system/u_datapath/u_core/gen_lane[2].u_lane/u_quant_im/z_out_reg[14]/D
  -------------------------------------------------------------------    -------------------

                         (clock aclk rise edge)       0.000     0.000 r  
                                                      0.000     0.000 r  aclk (IN)
                         net (fo=5092, unset)         0.432     0.432    dbf_reference_bd_i/dbf_axis_0/inst/u_system/u_datapath/u_core/gen_lane[2].u_lane/u_quant_im/aclk
    SLICE_X49Y20         FDRE                                         r  dbf_reference_bd_i/dbf_axis_0/inst/u_system/u_datapath/u_core/gen_lane[2].u_lane/u_quant_im/z_out_reg[14]/C
                         clock pessimism              0.000     0.432    
    SLICE_X49Y20         FDRE (Hold_fdre_C_D)         0.092     0.524    dbf_reference_bd_i/dbf_axis_0/inst/u_system/u_datapath/u_core/gen_lane[2].u_lane/u_quant_im/z_out_reg[14]
  -------------------------------------------------------------------
                         required time                         -0.524    
                         arrival time                           0.649    
  -------------------------------------------------------------------
                         slack                                  0.125    

Slack (MET) :             0.125ns  (arrival time - required time)
  Source:                 dbf_reference_bd_i/dbf_axis_0/inst/u_system/u_datapath/u_core/gen_lane[2].u_lane/u_quant_re/neg_word_s4_reg[14]/C
                            (rising edge-triggered cell FDRE clocked by aclk  {rise@0.000ns fall@2.500ns period=5.000ns})
  Destination:            dbf_reference_bd_i/dbf_axis_0/inst/u_system/u_datapath/u_core/gen_lane[2].u_lane/u_quant_re/z_out_reg[14]/D
                            (rising edge-triggered cell FDRE clocked by aclk  {rise@0.000ns fall@2.500ns period=5.000ns})
  Path Group:             aclk
  Path Type:              Hold (Min at Fast Process Corner)
  Requirement:            0.000ns  (aclk rise@0.000ns - aclk rise@0.000ns)
  Data Path Delay:        0.239ns  (logic 0.186ns (77.839%)  route 0.053ns (22.161%))
  Logic Levels:           1  (LUT4=1)
  Clock Path Skew:        0.022ns (DCD - SCD - CPR)
    Destination Clock Delay (DCD):    0.432ns
    Source Clock Delay      (SCD):    0.410ns
    Clock Pessimism Removal (CPR):    -0.000ns

    Location             Delay type                Incr(ns)  Path(ns)    Netlist Resource(s)
  -------------------------------------------------------------------    -------------------
                         (clock aclk rise edge)       0.000     0.000 r  
                                                      0.000     0.000 r  aclk (IN)
                         net (fo=5092, unset)         0.410     0.410    dbf_reference_bd_i/dbf_axis_0/inst/u_system/u_datapath/u_core/gen_lane[2].u_lane/u_quant_re/aclk
    SLICE_X44Y21         FDRE                                         r  dbf_reference_bd_i/dbf_axis_0/inst/u_system/u_datapath/u_core/gen_lane[2].u_lane/u_quant_re/neg_word_s4_reg[14]/C
  -------------------------------------------------------------------    -------------------
    SLICE_X44Y21         FDRE (Prop_fdre_C_Q)         0.141     0.551 r  dbf_reference_bd_i/dbf_axis_0/inst/u_system/u_datapath/u_core/gen_lane[2].u_lane/u_quant_re/neg_word_s4_reg[14]/Q
                         net (fo=1, routed)           0.053     0.604    dbf_reference_bd_i/dbf_axis_0/inst/u_system/u_datapath/u_core/gen_lane[2].u_lane/u_quant_re/neg_word_s4[14]
    SLICE_X45Y21         LUT4 (Prop_lut4_I3_O)        0.045     0.649 r  dbf_reference_bd_i/dbf_axis_0/inst/u_system/u_datapath/u_core/gen_lane[2].u_lane/u_quant_re/z_out[14]_i_1/O
                         net (fo=1, routed)           0.000     0.649    dbf_reference_bd_i/dbf_axis_0/inst/u_system/u_datapath/u_core/gen_lane[2].u_lane/u_quant_re/z_out[14]_i_1_n_0
    SLICE_X45Y21         FDRE                                         r  dbf_reference_bd_i/dbf_axis_0/inst/u_system/u_datapath/u_core/gen_lane[2].u_lane/u_quant_re/z_out_reg[14]/D
  -------------------------------------------------------------------    -------------------

                         (clock aclk rise edge)       0.000     0.000 r  
                                                      0.000     0.000 r  aclk (IN)
                         net (fo=5092, unset)         0.432     0.432    dbf_reference_bd_i/dbf_axis_0/inst/u_system/u_datapath/u_core/gen_lane[2].u_lane/u_quant_re/aclk
    SLICE_X45Y21         FDRE                                         r  dbf_reference_bd_i/dbf_axis_0/inst/u_system/u_datapath/u_core/gen_lane[2].u_lane/u_quant_re/z_out_reg[14]/C
                         clock pessimism              0.000     0.432    
    SLICE_X45Y21         FDRE (Hold_fdre_C_D)         0.092     0.524    dbf_reference_bd_i/dbf_axis_0/inst/u_system/u_datapath/u_core/gen_lane[2].u_lane/u_quant_re/z_out_reg[14]
  -------------------------------------------------------------------
                         required time                         -0.524    
                         arrival time                           0.649    
  -------------------------------------------------------------------
                         slack                                  0.125    

Slack (MET) :             0.125ns  (arrival time - required time)
  Source:                 dbf_reference_bd_i/dbf_axis_0/inst/u_system/u_datapath/u_core/gen_lane[4].u_lane/u_quant_im/neg_word_s4_reg[2]/C
                            (rising edge-triggered cell FDRE clocked by aclk  {rise@0.000ns fall@2.500ns period=5.000ns})
  Destination:            dbf_reference_bd_i/dbf_axis_0/inst/u_system/u_datapath/u_core/gen_lane[4].u_lane/u_quant_im/z_out_reg[2]/D
                            (rising edge-triggered cell FDRE clocked by aclk  {rise@0.000ns fall@2.500ns period=5.000ns})
  Path Group:             aclk
  Path Type:              Hold (Min at Fast Process Corner)
  Requirement:            0.000ns  (aclk rise@0.000ns - aclk rise@0.000ns)
  Data Path Delay:        0.239ns  (logic 0.186ns (77.839%)  route 0.053ns (22.161%))
  Logic Levels:           1  (LUT4=1)
  Clock Path Skew:        0.022ns (DCD - SCD - CPR)
    Destination Clock Delay (DCD):    0.432ns
    Source Clock Delay      (SCD):    0.410ns
    Clock Pessimism Removal (CPR):    -0.000ns

    Location             Delay type                Incr(ns)  Path(ns)    Netlist Resource(s)
  -------------------------------------------------------------------    -------------------
                         (clock aclk rise edge)       0.000     0.000 r  
                                                      0.000     0.000 r  aclk (IN)
                         net (fo=5092, unset)         0.410     0.410    dbf_reference_bd_i/dbf_axis_0/inst/u_system/u_datapath/u_core/gen_lane[4].u_lane/u_quant_im/aclk
    SLICE_X24Y14         FDRE                                         r  dbf_reference_bd_i/dbf_axis_0/inst/u_system/u_datapath/u_core/gen_lane[4].u_lane/u_quant_im/neg_word_s4_reg[2]/C
  -------------------------------------------------------------------    -------------------
    SLICE_X24Y14         FDRE (Prop_fdre_C_Q)         0.141     0.551 r  dbf_reference_bd_i/dbf_axis_0/inst/u_system/u_datapath/u_core/gen_lane[4].u_lane/u_quant_im/neg_word_s4_reg[2]/Q
                         net (fo=1, routed)           0.053     0.604    dbf_reference_bd_i/dbf_axis_0/inst/u_system/u_datapath/u_core/gen_lane[4].u_lane/u_quant_im/neg_word_s4_reg_n_0_[2]
    SLICE_X25Y14         LUT4 (Prop_lut4_I3_O)        0.045     0.649 r  dbf_reference_bd_i/dbf_axis_0/inst/u_system/u_datapath/u_core/gen_lane[4].u_lane/u_quant_im/z_out[2]_i_1/O
                         net (fo=1, routed)           0.000     0.649    dbf_reference_bd_i/dbf_axis_0/inst/u_system/u_datapath/u_core/gen_lane[4].u_lane/u_quant_im/z_out[2]_i_1_n_0
    SLICE_X25Y14         FDRE                                         r  dbf_reference_bd_i/dbf_axis_0/inst/u_system/u_datapath/u_core/gen_lane[4].u_lane/u_quant_im/z_out_reg[2]/D
  -------------------------------------------------------------------    -------------------

                         (clock aclk rise edge)       0.000     0.000 r  
                                                      0.000     0.000 r  aclk (IN)
                         net (fo=5092, unset)         0.432     0.432    dbf_reference_bd_i/dbf_axis_0/inst/u_system/u_datapath/u_core/gen_lane[4].u_lane/u_quant_im/aclk
    SLICE_X25Y14         FDRE                                         r  dbf_reference_bd_i/dbf_axis_0/inst/u_system/u_datapath/u_core/gen_lane[4].u_lane/u_quant_im/z_out_reg[2]/C
                         clock pessimism              0.000     0.432    
    SLICE_X25Y14         FDRE (Hold_fdre_C_D)         0.092     0.524    dbf_reference_bd_i/dbf_axis_0/inst/u_system/u_datapath/u_core/gen_lane[4].u_lane/u_quant_im/z_out_reg[2]
  -------------------------------------------------------------------
                         required time                         -0.524    
                         arrival time                           0.649    
  -------------------------------------------------------------------
                         slack                                  0.125    





Pulse Width Checks
--------------------------------------------------------------------------------------
Clock Name:         aclk
Waveform(ns):       { 0.000 2.500 }
Period(ns):         5.000
Sources:            { aclk }

Check Type        Corner  Lib Pin             Reference Pin  Required(ns)  Actual(ns)  Slack(ns)  Location      Pin
Min Period        n/a     DSP48E1/CLK         n/a            3.884         5.000       1.116      DSP48_X1Y5    dbf_reference_bd_i/dbf_axis_0/inst/u_system/u_datapath/u_core/gen_lane[0].u_lane/u_accum/u_mac/wr_yi_s1_reg/CLK
Min Period        n/a     DSP48E1/CLK         n/a            3.884         5.000       1.116      DSP48_X1Y2    dbf_reference_bd_i/dbf_axis_0/inst/u_system/u_datapath/u_core/gen_lane[0].u_lane/u_accum/u_mac/wr_yr_s1_reg/CLK
Min Period        n/a     DSP48E1/CLK         n/a            3.884         5.000       1.116      DSP48_X2Y11   dbf_reference_bd_i/dbf_axis_0/inst/u_system/u_datapath/u_core/gen_lane[1].u_lane/u_accum/u_mac/wr_yi_s1_reg/CLK
Min Period        n/a     DSP48E1/CLK         n/a            3.884         5.000       1.116      DSP48_X2Y8    dbf_reference_bd_i/dbf_axis_0/inst/u_system/u_datapath/u_core/gen_lane[1].u_lane/u_accum/u_mac/wr_yr_s1_reg/CLK
Min Period        n/a     DSP48E1/CLK         n/a            3.884         5.000       1.116      DSP48_X2Y2    dbf_reference_bd_i/dbf_axis_0/inst/u_system/u_datapath/u_core/gen_lane[2].u_lane/u_accum/u_mac/wr_yi_s1_reg/CLK
Min Period        n/a     DSP48E1/CLK         n/a            3.884         5.000       1.116      DSP48_X2Y5    dbf_reference_bd_i/dbf_axis_0/inst/u_system/u_datapath/u_core/gen_lane[2].u_lane/u_accum/u_mac/wr_yr_s1_reg/CLK
Min Period        n/a     DSP48E1/CLK         n/a            3.884         5.000       1.116      DSP48_X1Y11   dbf_reference_bd_i/dbf_axis_0/inst/u_system/u_datapath/u_core/gen_lane[3].u_lane/u_accum/u_mac/wr_yi_s1_reg/CLK
Min Period        n/a     DSP48E1/CLK         n/a            3.884         5.000       1.116      DSP48_X1Y8    dbf_reference_bd_i/dbf_axis_0/inst/u_system/u_datapath/u_core/gen_lane[3].u_lane/u_accum/u_mac/wr_yr_s1_reg/CLK
Min Period        n/a     DSP48E1/CLK         n/a            3.884         5.000       1.116      DSP48_X0Y3    dbf_reference_bd_i/dbf_axis_0/inst/u_system/u_datapath/u_core/gen_lane[4].u_lane/u_accum/u_mac/wr_yi_s1_reg/CLK
Min Period        n/a     DSP48E1/CLK         n/a            3.884         5.000       1.116      DSP48_X0Y0    dbf_reference_bd_i/dbf_axis_0/inst/u_system/u_datapath/u_core/gen_lane[4].u_lane/u_accum/u_mac/wr_yr_s1_reg/CLK
Min Period        n/a     DSP48E1/CLK         n/a            3.884         5.000       1.116      DSP48_X0Y6    dbf_reference_bd_i/dbf_axis_0/inst/u_system/u_datapath/u_core/gen_lane[5].u_lane/u_accum/u_mac/wr_yi_s1_reg/CLK
Min Period        n/a     DSP48E1/CLK         n/a            3.884         5.000       1.116      DSP48_X0Y9    dbf_reference_bd_i/dbf_axis_0/inst/u_system/u_datapath/u_core/gen_lane[5].u_lane/u_accum/u_mac/wr_yr_s1_reg/CLK
Min Period        n/a     DSP48E1/CLK         n/a            3.884         5.000       1.116      DSP48_X0Y14   dbf_reference_bd_i/dbf_axis_0/inst/u_system/u_datapath/u_core/gen_lane[6].u_lane/u_accum/u_mac/wr_yi_s1_reg/CLK
Min Period        n/a     DSP48E1/CLK         n/a            3.884         5.000       1.116      DSP48_X0Y17   dbf_reference_bd_i/dbf_axis_0/inst/u_system/u_datapath/u_core/gen_lane[6].u_lane/u_accum/u_mac/wr_yr_s1_reg/CLK
Min Period        n/a     RAMB36E1/CLKARDCLK  n/a            2.944         5.000       2.056      RAMB36_X0Y6   dbf_reference_bd_i/axis_in_fifo_0/inst/gen_fifo.xpm_fifo_axis_inst/xpm_fifo_base_inst/gen_sdpram.xpm_memory_base_inst/gen_wr_a.gen_word_narrow.mem_reg/CLKARDCLK
Min Period        n/a     RAMB36E1/CLKBWRCLK  n/a            2.944         5.000       2.056      RAMB36_X0Y6   dbf_reference_bd_i/axis_in_fifo_0/inst/gen_fifo.xpm_fifo_axis_inst/xpm_fifo_base_inst/gen_sdpram.xpm_memory_base_inst/gen_wr_a.gen_word_narrow.mem_reg/CLKBWRCLK
Min Period        n/a     RAMB36E1/CLKARDCLK  n/a            2.944         5.000       2.056      RAMB36_X2Y5   dbf_reference_bd_i/axis_out_fifo_0/inst/gen_fifo.xpm_fifo_axis_inst/xpm_fifo_base_inst/gen_sdpram.xpm_memory_base_inst/gen_wr_a.gen_word_narrow.mem_reg_0/CLKARDCLK
Min Period        n/a     RAMB36E1/CLKBWRCLK  n/a            2.944         5.000       2.056      RAMB36_X2Y5   dbf_reference_bd_i/axis_out_fifo_0/inst/gen_fifo.xpm_fifo_axis_inst/xpm_fifo_base_inst/gen_sdpram.xpm_memory_base_inst/gen_wr_a.gen_word_narrow.mem_reg_0/CLKBWRCLK
Min Period        n/a     RAMB18E1/CLKARDCLK  n/a            2.944         5.000       2.056      RAMB18_X2Y12  dbf_reference_bd_i/axis_out_fifo_0/inst/gen_fifo.xpm_fifo_axis_inst/xpm_fifo_base_inst/gen_sdpram.xpm_memory_base_inst/gen_wr_a.gen_word_narrow.mem_reg_1/CLKARDCLK
Min Period        n/a     RAMB18E1/CLKBWRCLK  n/a            2.944         5.000       2.056      RAMB18_X2Y12  dbf_reference_bd_i/axis_out_fifo_0/inst/gen_fifo.xpm_fifo_axis_inst/xpm_fifo_base_inst/gen_sdpram.xpm_memory_base_inst/gen_wr_a.gen_word_narrow.mem_reg_1/CLKBWRCLK
Low Pulse Width   Slow    FDRE/C              n/a            0.500         2.500       2.000      SLICE_X14Y13  dbf_reference_bd_i/axis_in_fifo_0/inst/gen_fifo.xpm_fifo_axis_inst/gaxis_rst_sync.xpm_cdc_sync_rst_inst/syncstages_ff_reg[0]/C
Low Pulse Width   Fast    FDRE/C              n/a            0.500         2.500       2.000      SLICE_X14Y13  dbf_reference_bd_i/axis_in_fifo_0/inst/gen_fifo.xpm_fifo_axis_inst/gaxis_rst_sync.xpm_cdc_sync_rst_inst/syncstages_ff_reg[0]/C
Low Pulse Width   Slow    FDRE/C              n/a            0.500         2.500       2.000      SLICE_X14Y13  dbf_reference_bd_i/axis_in_fifo_0/inst/gen_fifo.xpm_fifo_axis_inst/gaxis_rst_sync.xpm_cdc_sync_rst_inst/syncstages_ff_reg[1]/C
Low Pulse Width   Fast    FDRE/C              n/a            0.500         2.500       2.000      SLICE_X14Y13  dbf_reference_bd_i/axis_in_fifo_0/inst/gen_fifo.xpm_fifo_axis_inst/gaxis_rst_sync.xpm_cdc_sync_rst_inst/syncstages_ff_reg[1]/C
Low Pulse Width   Slow    FDRE/C              n/a            0.500         2.500       2.000      SLICE_X14Y13  dbf_reference_bd_i/axis_in_fifo_0/inst/gen_fifo.xpm_fifo_axis_inst/gaxis_rst_sync.xpm_cdc_sync_rst_inst/syncstages_ff_reg[2]/C
Low Pulse Width   Fast    FDRE/C              n/a            0.500         2.500       2.000      SLICE_X14Y13  dbf_reference_bd_i/axis_in_fifo_0/inst/gen_fifo.xpm_fifo_axis_inst/gaxis_rst_sync.xpm_cdc_sync_rst_inst/syncstages_ff_reg[2]/C
Low Pulse Width   Slow    FDRE/C              n/a            0.500         2.500       2.000      SLICE_X14Y13  dbf_reference_bd_i/axis_in_fifo_0/inst/gen_fifo.xpm_fifo_axis_inst/gaxis_rst_sync.xpm_cdc_sync_rst_inst/syncstages_ff_reg[3]/C
Low Pulse Width   Fast    FDRE/C              n/a            0.500         2.500       2.000      SLICE_X14Y13  dbf_reference_bd_i/axis_in_fifo_0/inst/gen_fifo.xpm_fifo_axis_inst/gaxis_rst_sync.xpm_cdc_sync_rst_inst/syncstages_ff_reg[3]/C
Low Pulse Width   Slow    FDRE/C              n/a            0.500         2.500       2.000      SLICE_X12Y31  dbf_reference_bd_i/axis_in_fifo_0/inst/gen_fifo.xpm_fifo_axis_inst/xpm_fifo_base_inst/FSM_sequential_gen_fwft.curr_fwft_state_reg[0]/C
Low Pulse Width   Fast    FDRE/C              n/a            0.500         2.500       2.000      SLICE_X12Y31  dbf_reference_bd_i/axis_in_fifo_0/inst/gen_fifo.xpm_fifo_axis_inst/xpm_fifo_base_inst/FSM_sequential_gen_fwft.curr_fwft_state_reg[0]/C
Low Pulse Width   Slow    FDRE/C              n/a            0.500         2.500       2.000      SLICE_X12Y31  dbf_reference_bd_i/axis_in_fifo_0/inst/gen_fifo.xpm_fifo_axis_inst/xpm_fifo_base_inst/FSM_sequential_gen_fwft.curr_fwft_state_reg[1]/C
Low Pulse Width   Fast    FDRE/C              n/a            0.500         2.500       2.000      SLICE_X12Y31  dbf_reference_bd_i/axis_in_fifo_0/inst/gen_fifo.xpm_fifo_axis_inst/xpm_fifo_base_inst/FSM_sequential_gen_fwft.curr_fwft_state_reg[1]/C
Low Pulse Width   Slow    FDSE/C              n/a            0.500         2.500       2.000      SLICE_X17Y22  dbf_reference_bd_i/axis_in_fifo_0/inst/gen_fifo.xpm_fifo_axis_inst/xpm_fifo_base_inst/gen_fwft.empty_fwft_i_reg/C
Low Pulse Width   Fast    FDSE/C              n/a            0.500         2.500       2.000      SLICE_X17Y22  dbf_reference_bd_i/axis_in_fifo_0/inst/gen_fifo.xpm_fifo_axis_inst/xpm_fifo_base_inst/gen_fwft.empty_fwft_i_reg/C
Low Pulse Width   Slow    FDRE/C              n/a            0.500         2.500       2.000      SLICE_X21Y22  dbf_reference_bd_i/axis_in_fifo_0/inst/gen_fifo.xpm_fifo_axis_inst/xpm_fifo_base_inst/gen_fwft.gdvld_fwft.data_valid_fwft_reg/C
Low Pulse Width   Fast    FDRE/C              n/a            0.500         2.500       2.000      SLICE_X21Y22  dbf_reference_bd_i/axis_in_fifo_0/inst/gen_fifo.xpm_fifo_axis_inst/xpm_fifo_base_inst/gen_fwft.gdvld_fwft.data_valid_fwft_reg/C
Low Pulse Width   Slow    FDSE/C              n/a            0.500         2.500       2.000      SLICE_X12Y31  dbf_reference_bd_i/axis_in_fifo_0/inst/gen_fifo.xpm_fifo_axis_inst/xpm_fifo_base_inst/gen_pntr_flags_cc.gen_full_rst_val.ram_full_i_reg/C
Low Pulse Width   Fast    FDSE/C              n/a            0.500         2.500       2.000      SLICE_X12Y31  dbf_reference_bd_i/axis_in_fifo_0/inst/gen_fifo.xpm_fifo_axis_inst/xpm_fifo_base_inst/gen_pntr_flags_cc.gen_full_rst_val.ram_full_i_reg/C
Low Pulse Width   Slow    FDRE/C              n/a            0.500         2.500       2.000      SLICE_X12Y31  dbf_reference_bd_i/axis_in_fifo_0/inst/gen_fifo.xpm_fifo_axis_inst/xpm_fifo_base_inst/gen_pntr_flags_cc.gen_full_rst_val.ram_full_n_reg/C
Low Pulse Width   Fast    FDRE/C              n/a            0.500         2.500       2.000      SLICE_X12Y31  dbf_reference_bd_i/axis_in_fifo_0/inst/gen_fifo.xpm_fifo_axis_inst/xpm_fifo_base_inst/gen_pntr_flags_cc.gen_full_rst_val.ram_full_n_reg/C
High Pulse Width  Slow    FDRE/C              n/a            0.500         2.500       2.000      SLICE_X14Y13  dbf_reference_bd_i/axis_in_fifo_0/inst/gen_fifo.xpm_fifo_axis_inst/gaxis_rst_sync.xpm_cdc_sync_rst_inst/syncstages_ff_reg[0]/C
High Pulse Width  Fast    FDRE/C              n/a            0.500         2.500       2.000      SLICE_X14Y13  dbf_reference_bd_i/axis_in_fifo_0/inst/gen_fifo.xpm_fifo_axis_inst/gaxis_rst_sync.xpm_cdc_sync_rst_inst/syncstages_ff_reg[0]/C
High Pulse Width  Slow    FDRE/C              n/a            0.500         2.500       2.000      SLICE_X14Y13  dbf_reference_bd_i/axis_in_fifo_0/inst/gen_fifo.xpm_fifo_axis_inst/gaxis_rst_sync.xpm_cdc_sync_rst_inst/syncstages_ff_reg[1]/C
High Pulse Width  Fast    FDRE/C              n/a            0.500         2.500       2.000      SLICE_X14Y13  dbf_reference_bd_i/axis_in_fifo_0/inst/gen_fifo.xpm_fifo_axis_inst/gaxis_rst_sync.xpm_cdc_sync_rst_inst/syncstages_ff_reg[1]/C
High Pulse Width  Slow    FDRE/C              n/a            0.500         2.500       2.000      SLICE_X14Y13  dbf_reference_bd_i/axis_in_fifo_0/inst/gen_fifo.xpm_fifo_axis_inst/gaxis_rst_sync.xpm_cdc_sync_rst_inst/syncstages_ff_reg[2]/C
High Pulse Width  Fast    FDRE/C              n/a            0.500         2.500       2.000      SLICE_X14Y13  dbf_reference_bd_i/axis_in_fifo_0/inst/gen_fifo.xpm_fifo_axis_inst/gaxis_rst_sync.xpm_cdc_sync_rst_inst/syncstages_ff_reg[2]/C
High Pulse Width  Slow    FDRE/C              n/a            0.500         2.500       2.000      SLICE_X14Y13  dbf_reference_bd_i/axis_in_fifo_0/inst/gen_fifo.xpm_fifo_axis_inst/gaxis_rst_sync.xpm_cdc_sync_rst_inst/syncstages_ff_reg[3]/C
High Pulse Width  Fast    FDRE/C              n/a            0.500         2.500       2.000      SLICE_X14Y13  dbf_reference_bd_i/axis_in_fifo_0/inst/gen_fifo.xpm_fifo_axis_inst/gaxis_rst_sync.xpm_cdc_sync_rst_inst/syncstages_ff_reg[3]/C
High Pulse Width  Slow    FDRE/C              n/a            0.500         2.500       2.000      SLICE_X12Y31  dbf_reference_bd_i/axis_in_fifo_0/inst/gen_fifo.xpm_fifo_axis_inst/xpm_fifo_base_inst/FSM_sequential_gen_fwft.curr_fwft_state_reg[0]/C
High Pulse Width  Fast    FDRE/C              n/a            0.500         2.500       2.000      SLICE_X12Y31  dbf_reference_bd_i/axis_in_fifo_0/inst/gen_fifo.xpm_fifo_axis_inst/xpm_fifo_base_inst/FSM_sequential_gen_fwft.curr_fwft_state_reg[0]/C
High Pulse Width  Slow    FDRE/C              n/a            0.500         2.500       2.000      SLICE_X12Y31  dbf_reference_bd_i/axis_in_fifo_0/inst/gen_fifo.xpm_fifo_axis_inst/xpm_fifo_base_inst/FSM_sequential_gen_fwft.curr_fwft_state_reg[1]/C
High Pulse Width  Fast    FDRE/C              n/a            0.500         2.500       2.000      SLICE_X12Y31  dbf_reference_bd_i/axis_in_fifo_0/inst/gen_fifo.xpm_fifo_axis_inst/xpm_fifo_base_inst/FSM_sequential_gen_fwft.curr_fwft_state_reg[1]/C
High Pulse Width  Slow    FDSE/C              n/a            0.500         2.500       2.000      SLICE_X17Y22  dbf_reference_bd_i/axis_in_fifo_0/inst/gen_fifo.xpm_fifo_axis_inst/xpm_fifo_base_inst/gen_fwft.empty_fwft_i_reg/C
High Pulse Width  Fast    FDSE/C              n/a            0.500         2.500       2.000      SLICE_X17Y22  dbf_reference_bd_i/axis_in_fifo_0/inst/gen_fifo.xpm_fifo_axis_inst/xpm_fifo_base_inst/gen_fwft.empty_fwft_i_reg/C
High Pulse Width  Slow    FDRE/C              n/a            0.500         2.500       2.000      SLICE_X21Y22  dbf_reference_bd_i/axis_in_fifo_0/inst/gen_fifo.xpm_fifo_axis_inst/xpm_fifo_base_inst/gen_fwft.gdvld_fwft.data_valid_fwft_reg/C
High Pulse Width  Fast    FDRE/C              n/a            0.500         2.500       2.000      SLICE_X21Y22  dbf_reference_bd_i/axis_in_fifo_0/inst/gen_fifo.xpm_fifo_axis_inst/xpm_fifo_base_inst/gen_fwft.gdvld_fwft.data_valid_fwft_reg/C
High Pulse Width  Slow    FDSE/C              n/a            0.500         2.500       2.000      SLICE_X12Y31  dbf_reference_bd_i/axis_in_fifo_0/inst/gen_fifo.xpm_fifo_axis_inst/xpm_fifo_base_inst/gen_pntr_flags_cc.gen_full_rst_val.ram_full_i_reg/C
High Pulse Width  Fast    FDSE/C              n/a            0.500         2.500       2.000      SLICE_X12Y31  dbf_reference_bd_i/axis_in_fifo_0/inst/gen_fifo.xpm_fifo_axis_inst/xpm_fifo_base_inst/gen_pntr_flags_cc.gen_full_rst_val.ram_full_i_reg/C
High Pulse Width  Slow    FDRE/C              n/a            0.500         2.500       2.000      SLICE_X12Y31  dbf_reference_bd_i/axis_in_fifo_0/inst/gen_fifo.xpm_fifo_axis_inst/xpm_fifo_base_inst/gen_pntr_flags_cc.gen_full_rst_val.ram_full_n_reg/C
High Pulse Width  Fast    FDRE/C              n/a            0.500         2.500       2.000      SLICE_X12Y31  dbf_reference_bd_i/axis_in_fifo_0/inst/gen_fifo.xpm_fifo_axis_inst/xpm_fifo_base_inst/gen_pntr_flags_cc.gen_full_rst_val.ram_full_n_reg/C



--------------------------------------------------------------------------------------
Path Group:  (none)
From Clock:  
  To Clock:  aclk

Max Delay          5727 Endpoints
Min Delay          5727 Endpoints
--------------------------------------------------------------------------------------


Max Delay Paths
--------------------------------------------------------------------------------------
Slack:                    inf
  Source:                 aresetn
                            (input port)
  Destination:            dbf_reference_bd_i/dbf_axis_0/inst/u_system/u_datapath/u_core/gen_lane[0].u_lane/u_accum/u_mac/wr_yr_s1_reg/RSTA
                            (rising edge-triggered cell DSP48E1 clocked by aclk  {rise@0.000ns fall@2.500ns period=5.000ns})
  Path Group:             (none)
  Path Type:              Setup (Max at Slow Process Corner)
  Data Path Delay:        17.555ns  (logic 0.124ns (0.706%)  route 17.431ns (99.294%))
  Logic Levels:           1  (LUT1=1)
  Clock Path Skew:        0.924ns (DCD - SCD + CPR)
    Destination Clock Delay (DCD):    0.924ns
    Source Clock Delay      (SCD):    0.000ns
    Clock Pessimism Removal (CPR):    0.000ns
  Clock Uncertainty:      0.025ns  ((TSJ^2 + TIJ^2)^1/2 + DJ) / 2 + PE
    Total System Jitter     (TSJ):    0.050ns
    Total Input Jitter      (TIJ):    0.000ns
    Discrete Jitter          (DJ):    0.000ns
    Phase Error              (PE):    0.000ns
  Timing Exception:       False Path

    Location             Delay type                Incr(ns)  Path(ns)    Netlist Resource(s)
  -------------------------------------------------------------------    -------------------
                                                      0.000     0.000 f  aresetn (IN)
                         net (fo=67, unset)           0.973     0.973    dbf_reference_bd_i/dbf_axis_0/inst/u_system/u_datapath/u_core/gen_lane[6].u_lane/u_quant_re/aresetn
    SLICE_X48Y43         LUT1 (Prop_lut1_I0_O)        0.124     1.097 r  dbf_reference_bd_i/dbf_axis_0/inst/u_system/u_datapath/u_core/gen_lane[6].u_lane/u_quant_re/m_axis_z_tdata[51]_i_1/O
                         net (fo=4488, routed)       16.458    17.555    dbf_reference_bd_i/dbf_axis_0/inst/u_system/u_datapath/u_core/gen_lane[0].u_lane/u_accum/u_mac/wr_yi_s1_reg_0
    DSP48_X1Y2           DSP48E1                                      r  dbf_reference_bd_i/dbf_axis_0/inst/u_system/u_datapath/u_core/gen_lane[0].u_lane/u_accum/u_mac/wr_yr_s1_reg/RSTA
  -------------------------------------------------------------------    -------------------

                         (clock aclk rise edge)       0.000     0.000 r  
                                                      0.000     0.000 r  aclk (IN)
                         net (fo=5092, unset)         0.924     0.924    dbf_reference_bd_i/dbf_axis_0/inst/u_system/u_datapath/u_core/gen_lane[0].u_lane/u_accum/u_mac/aclk
    DSP48_X1Y2           DSP48E1                                      r  dbf_reference_bd_i/dbf_axis_0/inst/u_system/u_datapath/u_core/gen_lane[0].u_lane/u_accum/u_mac/wr_yr_s1_reg/CLK

Slack:                    inf
  Source:                 aresetn
                            (input port)
  Destination:            dbf_reference_bd_i/dbf_axis_0/inst/u_system/u_datapath/u_core/gen_lane[0].u_lane/u_accum/u_mac/p_re_reg/RSTB
                            (rising edge-triggered cell DSP48E1 clocked by aclk  {rise@0.000ns fall@2.500ns period=5.000ns})
  Path Group:             (none)
  Path Type:              Setup (Max at Slow Process Corner)
  Data Path Delay:        17.517ns  (logic 0.124ns (0.708%)  route 17.393ns (99.292%))
  Logic Levels:           1  (LUT1=1)
  Clock Path Skew:        0.924ns (DCD - SCD + CPR)
    Destination Clock Delay (DCD):    0.924ns
    Source Clock Delay      (SCD):    0.000ns
    Clock Pessimism Removal (CPR):    0.000ns
  Clock Uncertainty:      0.025ns  ((TSJ^2 + TIJ^2)^1/2 + DJ) / 2 + PE
    Total System Jitter     (TSJ):    0.050ns
    Total Input Jitter      (TIJ):    0.000ns
    Discrete Jitter          (DJ):    0.000ns
    Phase Error              (PE):    0.000ns
  Timing Exception:       False Path

    Location             Delay type                Incr(ns)  Path(ns)    Netlist Resource(s)
  -------------------------------------------------------------------    -------------------
                                                      0.000     0.000 f  aresetn (IN)
                         net (fo=67, unset)           0.973     0.973    dbf_reference_bd_i/dbf_axis_0/inst/u_system/u_datapath/u_core/gen_lane[6].u_lane/u_quant_re/aresetn
    SLICE_X48Y43         LUT1 (Prop_lut1_I0_O)        0.124     1.097 r  dbf_reference_bd_i/dbf_axis_0/inst/u_system/u_datapath/u_core/gen_lane[6].u_lane/u_quant_re/m_axis_z_tdata[51]_i_1/O
                         net (fo=4488, routed)       16.420    17.517    dbf_reference_bd_i/dbf_axis_0/inst/u_system/u_datapath/u_core/gen_lane[0].u_lane/u_accum/u_mac/wr_yi_s1_reg_0
    DSP48_X1Y3           DSP48E1                                      r  dbf_reference_bd_i/dbf_axis_0/inst/u_system/u_datapath/u_core/gen_lane[0].u_lane/u_accum/u_mac/p_re_reg/RSTB
  -------------------------------------------------------------------    -------------------

                         (clock aclk rise edge)       0.000     0.000 r  
                                                      0.000     0.000 r  aclk (IN)
                         net (fo=5092, unset)         0.924     0.924    dbf_reference_bd_i/dbf_axis_0/inst/u_system/u_datapath/u_core/gen_lane[0].u_lane/u_accum/u_mac/aclk
    DSP48_X1Y3           DSP48E1                                      r  dbf_reference_bd_i/dbf_axis_0/inst/u_system/u_datapath/u_core/gen_lane[0].u_lane/u_accum/u_mac/p_re_reg/CLK

Slack:                    inf
  Source:                 aresetn
                            (input port)
  Destination:            dbf_reference_bd_i/dbf_axis_0/inst/u_system/u_datapath/u_core/gen_lane[0].u_lane/acc_re_q_reg[1]/R
                            (rising edge-triggered cell FDRE clocked by aclk  {rise@0.000ns fall@2.500ns period=5.000ns})
  Path Group:             (none)
  Path Type:              Setup (Max at Slow Process Corner)
  Data Path Delay:        17.423ns  (logic 0.124ns (0.712%)  route 17.299ns (99.288%))
  Logic Levels:           1  (LUT1=1)
  Clock Path Skew:        0.924ns (DCD - SCD + CPR)
    Destination Clock Delay (DCD):    0.924ns
    Source Clock Delay      (SCD):    0.000ns
    Clock Pessimism Removal (CPR):    0.000ns
  Clock Uncertainty:      0.025ns  ((TSJ^2 + TIJ^2)^1/2 + DJ) / 2 + PE
    Total System Jitter     (TSJ):    0.050ns
    Total Input Jitter      (TIJ):    0.000ns
    Discrete Jitter          (DJ):    0.000ns
    Phase Error              (PE):    0.000ns
  Timing Exception:       False Path

    Location             Delay type                Incr(ns)  Path(ns)    Netlist Resource(s)
  -------------------------------------------------------------------    -------------------
                                                      0.000     0.000 f  aresetn (IN)
                         net (fo=67, unset)           0.973     0.973    dbf_reference_bd_i/dbf_axis_0/inst/u_system/u_datapath/u_core/gen_lane[6].u_lane/u_quant_re/aresetn
    SLICE_X48Y43         LUT1 (Prop_lut1_I0_O)        0.124     1.097 r  dbf_reference_bd_i/dbf_axis_0/inst/u_system/u_datapath/u_core/gen_lane[6].u_lane/u_quant_re/m_axis_z_tdata[51]_i_1/O
                         net (fo=4488, routed)       16.326    17.423    dbf_reference_bd_i/dbf_axis_0/inst/u_system/u_datapath/u_core/gen_lane[0].u_lane/clip_flag_reg
    SLICE_X26Y9          FDRE                                         r  dbf_reference_bd_i/dbf_axis_0/inst/u_system/u_datapath/u_core/gen_lane[0].u_lane/acc_re_q_reg[1]/R
  -------------------------------------------------------------------    -------------------

                         (clock aclk rise edge)       0.000     0.000 r  
                                                      0.000     0.000 r  aclk (IN)
                         net (fo=5092, unset)         0.924     0.924    dbf_reference_bd_i/dbf_axis_0/inst/u_system/u_datapath/u_core/gen_lane[0].u_lane/aclk
    SLICE_X26Y9          FDRE                                         r  dbf_reference_bd_i/dbf_axis_0/inst/u_system/u_datapath/u_core/gen_lane[0].u_lane/acc_re_q_reg[1]/C

Slack:                    inf
  Source:                 aresetn
                            (input port)
  Destination:            dbf_reference_bd_i/dbf_axis_0/inst/u_system/u_datapath/u_core/gen_lane[0].u_lane/acc_re_q_reg[2]/R
                            (rising edge-triggered cell FDRE clocked by aclk  {rise@0.000ns fall@2.500ns period=5.000ns})
  Path Group:             (none)
  Path Type:              Setup (Max at Slow Process Corner)
  Data Path Delay:        17.423ns  (logic 0.124ns (0.712%)  route 17.299ns (99.288%))
  Logic Levels:           1  (LUT1=1)
  Clock Path Skew:        0.924ns (DCD - SCD + CPR)
    Destination Clock Delay (DCD):    0.924ns
    Source Clock Delay      (SCD):    0.000ns
    Clock Pessimism Removal (CPR):    0.000ns
  Clock Uncertainty:      0.025ns  ((TSJ^2 + TIJ^2)^1/2 + DJ) / 2 + PE
    Total System Jitter     (TSJ):    0.050ns
    Total Input Jitter      (TIJ):    0.000ns
    Discrete Jitter          (DJ):    0.000ns
    Phase Error              (PE):    0.000ns
  Timing Exception:       False Path

    Location             Delay type                Incr(ns)  Path(ns)    Netlist Resource(s)
  -------------------------------------------------------------------    -------------------
                                                      0.000     0.000 f  aresetn (IN)
                         net (fo=67, unset)           0.973     0.973    dbf_reference_bd_i/dbf_axis_0/inst/u_system/u_datapath/u_core/gen_lane[6].u_lane/u_quant_re/aresetn
    SLICE_X48Y43         LUT1 (Prop_lut1_I0_O)        0.124     1.097 r  dbf_reference_bd_i/dbf_axis_0/inst/u_system/u_datapath/u_core/gen_lane[6].u_lane/u_quant_re/m_axis_z_tdata[51]_i_1/O
                         net (fo=4488, routed)       16.326    17.423    dbf_reference_bd_i/dbf_axis_0/inst/u_system/u_datapath/u_core/gen_lane[0].u_lane/clip_flag_reg
    SLICE_X26Y9          FDRE                                         r  dbf_reference_bd_i/dbf_axis_0/inst/u_system/u_datapath/u_core/gen_lane[0].u_lane/acc_re_q_reg[2]/R
  -------------------------------------------------------------------    -------------------

                         (clock aclk rise edge)       0.000     0.000 r  
                                                      0.000     0.000 r  aclk (IN)
                         net (fo=5092, unset)         0.924     0.924    dbf_reference_bd_i/dbf_axis_0/inst/u_system/u_datapath/u_core/gen_lane[0].u_lane/aclk
    SLICE_X26Y9          FDRE                                         r  dbf_reference_bd_i/dbf_axis_0/inst/u_system/u_datapath/u_core/gen_lane[0].u_lane/acc_re_q_reg[2]/C

Slack:                    inf
  Source:                 aresetn
                            (input port)
  Destination:            dbf_reference_bd_i/dbf_axis_0/inst/u_system/u_datapath/u_core/gen_lane[0].u_lane/acc_re_q_reg[3]/R
                            (rising edge-triggered cell FDRE clocked by aclk  {rise@0.000ns fall@2.500ns period=5.000ns})
  Path Group:             (none)
  Path Type:              Setup (Max at Slow Process Corner)
  Data Path Delay:        17.423ns  (logic 0.124ns (0.712%)  route 17.299ns (99.288%))
  Logic Levels:           1  (LUT1=1)
  Clock Path Skew:        0.924ns (DCD - SCD + CPR)
    Destination Clock Delay (DCD):    0.924ns
    Source Clock Delay      (SCD):    0.000ns
    Clock Pessimism Removal (CPR):    0.000ns
  Clock Uncertainty:      0.025ns  ((TSJ^2 + TIJ^2)^1/2 + DJ) / 2 + PE
    Total System Jitter     (TSJ):    0.050ns
    Total Input Jitter      (TIJ):    0.000ns
    Discrete Jitter          (DJ):    0.000ns
    Phase Error              (PE):    0.000ns
  Timing Exception:       False Path

    Location             Delay type                Incr(ns)  Path(ns)    Netlist Resource(s)
  -------------------------------------------------------------------    -------------------
                                                      0.000     0.000 f  aresetn (IN)
                         net (fo=67, unset)           0.973     0.973    dbf_reference_bd_i/dbf_axis_0/inst/u_system/u_datapath/u_core/gen_lane[6].u_lane/u_quant_re/aresetn
    SLICE_X48Y43         LUT1 (Prop_lut1_I0_O)        0.124     1.097 r  dbf_reference_bd_i/dbf_axis_0/inst/u_system/u_datapath/u_core/gen_lane[6].u_lane/u_quant_re/m_axis_z_tdata[51]_i_1/O
                         net (fo=4488, routed)       16.326    17.423    dbf_reference_bd_i/dbf_axis_0/inst/u_system/u_datapath/u_core/gen_lane[0].u_lane/clip_flag_reg
    SLICE_X26Y9          FDRE                                         r  dbf_reference_bd_i/dbf_axis_0/inst/u_system/u_datapath/u_core/gen_lane[0].u_lane/acc_re_q_reg[3]/R
  -------------------------------------------------------------------    -------------------

                         (clock aclk rise edge)       0.000     0.000 r  
                                                      0.000     0.000 r  aclk (IN)
                         net (fo=5092, unset)         0.924     0.924    dbf_reference_bd_i/dbf_axis_0/inst/u_system/u_datapath/u_core/gen_lane[0].u_lane/aclk
    SLICE_X26Y9          FDRE                                         r  dbf_reference_bd_i/dbf_axis_0/inst/u_system/u_datapath/u_core/gen_lane[0].u_lane/acc_re_q_reg[3]/C

Slack:                    inf
  Source:                 aresetn
                            (input port)
  Destination:            dbf_reference_bd_i/dbf_axis_0/inst/u_system/u_datapath/u_core/gen_lane[0].u_lane/acc_re_q_reg[7]/R
                            (rising edge-triggered cell FDRE clocked by aclk  {rise@0.000ns fall@2.500ns period=5.000ns})
  Path Group:             (none)
  Path Type:              Setup (Max at Slow Process Corner)
  Data Path Delay:        17.423ns  (logic 0.124ns (0.712%)  route 17.299ns (99.288%))
  Logic Levels:           1  (LUT1=1)
  Clock Path Skew:        0.924ns (DCD - SCD + CPR)
    Destination Clock Delay (DCD):    0.924ns
    Source Clock Delay      (SCD):    0.000ns
    Clock Pessimism Removal (CPR):    0.000ns
  Clock Uncertainty:      0.025ns  ((TSJ^2 + TIJ^2)^1/2 + DJ) / 2 + PE
    Total System Jitter     (TSJ):    0.050ns
    Total Input Jitter      (TIJ):    0.000ns
    Discrete Jitter          (DJ):    0.000ns
    Phase Error              (PE):    0.000ns
  Timing Exception:       False Path

    Location             Delay type                Incr(ns)  Path(ns)    Netlist Resource(s)
  -------------------------------------------------------------------    -------------------
                                                      0.000     0.000 f  aresetn (IN)
                         net (fo=67, unset)           0.973     0.973    dbf_reference_bd_i/dbf_axis_0/inst/u_system/u_datapath/u_core/gen_lane[6].u_lane/u_quant_re/aresetn
    SLICE_X48Y43         LUT1 (Prop_lut1_I0_O)        0.124     1.097 r  dbf_reference_bd_i/dbf_axis_0/inst/u_system/u_datapath/u_core/gen_lane[6].u_lane/u_quant_re/m_axis_z_tdata[51]_i_1/O
                         net (fo=4488, routed)       16.326    17.423    dbf_reference_bd_i/dbf_axis_0/inst/u_system/u_datapath/u_core/gen_lane[0].u_lane/clip_flag_reg
    SLICE_X26Y9          FDRE                                         r  dbf_reference_bd_i/dbf_axis_0/inst/u_system/u_datapath/u_core/gen_lane[0].u_lane/acc_re_q_reg[7]/R
  -------------------------------------------------------------------    -------------------

                         (clock aclk rise edge)       0.000     0.000 r  
                                                      0.000     0.000 r  aclk (IN)
                         net (fo=5092, unset)         0.924     0.924    dbf_reference_bd_i/dbf_axis_0/inst/u_system/u_datapath/u_core/gen_lane[0].u_lane/aclk
    SLICE_X26Y9          FDRE                                         r  dbf_reference_bd_i/dbf_axis_0/inst/u_system/u_datapath/u_core/gen_lane[0].u_lane/acc_re_q_reg[7]/C

Slack:                    inf
  Source:                 aresetn
                            (input port)
  Destination:            dbf_reference_bd_i/dbf_axis_0/inst/u_system/u_w_provider/p_re_reg_i_7_psdsp_1/R
                            (rising edge-triggered cell FDRE clocked by aclk  {rise@0.000ns fall@2.500ns period=5.000ns})
  Path Group:             (none)
  Path Type:              Setup (Max at Slow Process Corner)
  Data Path Delay:        17.423ns  (logic 0.124ns (0.712%)  route 17.299ns (99.288%))
  Logic Levels:           1  (LUT1=1)
  Clock Path Skew:        0.924ns (DCD - SCD + CPR)
    Destination Clock Delay (DCD):    0.924ns
    Source Clock Delay      (SCD):    0.000ns
    Clock Pessimism Removal (CPR):    0.000ns
  Clock Uncertainty:      0.025ns  ((TSJ^2 + TIJ^2)^1/2 + DJ) / 2 + PE
    Total System Jitter     (TSJ):    0.050ns
    Total Input Jitter      (TIJ):    0.000ns
    Discrete Jitter          (DJ):    0.000ns
    Phase Error              (PE):    0.000ns
  Timing Exception:       False Path

    Location             Delay type                Incr(ns)  Path(ns)    Netlist Resource(s)
  -------------------------------------------------------------------    -------------------
                                                      0.000     0.000 f  aresetn (IN)
                         net (fo=67, unset)           0.973     0.973    dbf_reference_bd_i/dbf_axis_0/inst/u_system/u_datapath/u_core/gen_lane[6].u_lane/u_quant_re/aresetn
    SLICE_X48Y43         LUT1 (Prop_lut1_I0_O)        0.124     1.097 r  dbf_reference_bd_i/dbf_axis_0/inst/u_system/u_datapath/u_core/gen_lane[6].u_lane/u_quant_re/m_axis_z_tdata[51]_i_1/O
                         net (fo=4488, routed)       16.326    17.423    dbf_reference_bd_i/dbf_axis_0/inst/u_system/u_w_provider/rst
    SLICE_X27Y9          FDRE                                         r  dbf_reference_bd_i/dbf_axis_0/inst/u_system/u_w_provider/p_re_reg_i_7_psdsp_1/R
  -------------------------------------------------------------------    -------------------

                         (clock aclk rise edge)       0.000     0.000 r  
                                                      0.000     0.000 r  aclk (IN)
                         net (fo=5092, unset)         0.924     0.924    dbf_reference_bd_i/dbf_axis_0/inst/u_system/u_w_provider/aclk
    SLICE_X27Y9          FDRE                                         r  dbf_reference_bd_i/dbf_axis_0/inst/u_system/u_w_provider/p_re_reg_i_7_psdsp_1/C

Slack:                    inf
  Source:                 aresetn
                            (input port)
  Destination:            dbf_reference_bd_i/dbf_axis_0/inst/u_system/u_datapath/u_core/gen_lane[0].u_lane/u_accum/u_mac/wr_yr_s1_reg/RSTP
                            (rising edge-triggered cell DSP48E1 clocked by aclk  {rise@0.000ns fall@2.500ns period=5.000ns})
  Path Group:             (none)
  Path Type:              Setup (Max at Slow Process Corner)
  Data Path Delay:        17.358ns  (logic 0.124ns (0.714%)  route 17.234ns (99.286%))
  Logic Levels:           1  (LUT1=1)
  Clock Path Skew:        0.924ns (DCD - SCD + CPR)
    Destination Clock Delay (DCD):    0.924ns
    Source Clock Delay      (SCD):    0.000ns
    Clock Pessimism Removal (CPR):    0.000ns
  Clock Uncertainty:      0.025ns  ((TSJ^2 + TIJ^2)^1/2 + DJ) / 2 + PE
    Total System Jitter     (TSJ):    0.050ns
    Total Input Jitter      (TIJ):    0.000ns
    Discrete Jitter          (DJ):    0.000ns
    Phase Error              (PE):    0.000ns
  Timing Exception:       False Path

    Location             Delay type                Incr(ns)  Path(ns)    Netlist Resource(s)
  -------------------------------------------------------------------    -------------------
                                                      0.000     0.000 f  aresetn (IN)
                         net (fo=67, unset)           0.973     0.973    dbf_reference_bd_i/dbf_axis_0/inst/u_system/u_datapath/u_core/gen_lane[6].u_lane/u_quant_re/aresetn
    SLICE_X48Y43         LUT1 (Prop_lut1_I0_O)        0.124     1.097 r  dbf_reference_bd_i/dbf_axis_0/inst/u_system/u_datapath/u_core/gen_lane[6].u_lane/u_quant_re/m_axis_z_tdata[51]_i_1/O
                         net (fo=4488, routed)       16.261    17.358    dbf_reference_bd_i/dbf_axis_0/inst/u_system/u_datapath/u_core/gen_lane[0].u_lane/u_accum/u_mac/wr_yi_s1_reg_0
    DSP48_X1Y2           DSP48E1                                      r  dbf_reference_bd_i/dbf_axis_0/inst/u_system/u_datapath/u_core/gen_lane[0].u_lane/u_accum/u_mac/wr_yr_s1_reg/RSTP
  -------------------------------------------------------------------    -------------------

                         (clock aclk rise edge)       0.000     0.000 r  
                                                      0.000     0.000 r  aclk (IN)
                         net (fo=5092, unset)         0.924     0.924    dbf_reference_bd_i/dbf_axis_0/inst/u_system/u_datapath/u_core/gen_lane[0].u_lane/u_accum/u_mac/aclk
    DSP48_X1Y2           DSP48E1                                      r  dbf_reference_bd_i/dbf_axis_0/inst/u_system/u_datapath/u_core/gen_lane[0].u_lane/u_accum/u_mac/wr_yr_s1_reg/CLK

Slack:                    inf
  Source:                 aresetn
                            (input port)
  Destination:            dbf_reference_bd_i/dbf_axis_0/inst/u_system/u_datapath/u_core/gen_lane[0].u_lane/u_accum/u_mac/p_re_reg/RSTP
                            (rising edge-triggered cell DSP48E1 clocked by aclk  {rise@0.000ns fall@2.500ns period=5.000ns})
  Path Group:             (none)
  Path Type:              Setup (Max at Slow Process Corner)
  Data Path Delay:        17.320ns  (logic 0.124ns (0.716%)  route 17.196ns (99.284%))
  Logic Levels:           1  (LUT1=1)
  Clock Path Skew:        0.924ns (DCD - SCD + CPR)
    Destination Clock Delay (DCD):    0.924ns
    Source Clock Delay      (SCD):    0.000ns
    Clock Pessimism Removal (CPR):    0.000ns
  Clock Uncertainty:      0.025ns  ((TSJ^2 + TIJ^2)^1/2 + DJ) / 2 + PE
    Total System Jitter     (TSJ):    0.050ns
    Total Input Jitter      (TIJ):    0.000ns
    Discrete Jitter          (DJ):    0.000ns
    Phase Error              (PE):    0.000ns
  Timing Exception:       False Path

    Location             Delay type                Incr(ns)  Path(ns)    Netlist Resource(s)
  -------------------------------------------------------------------    -------------------
                                                      0.000     0.000 f  aresetn (IN)
                         net (fo=67, unset)           0.973     0.973    dbf_reference_bd_i/dbf_axis_0/inst/u_system/u_datapath/u_core/gen_lane[6].u_lane/u_quant_re/aresetn
    SLICE_X48Y43         LUT1 (Prop_lut1_I0_O)        0.124     1.097 r  dbf_reference_bd_i/dbf_axis_0/inst/u_system/u_datapath/u_core/gen_lane[6].u_lane/u_quant_re/m_axis_z_tdata[51]_i_1/O
                         net (fo=4488, routed)       16.223    17.320    dbf_reference_bd_i/dbf_axis_0/inst/u_system/u_datapath/u_core/gen_lane[0].u_lane/u_accum/u_mac/wr_yi_s1_reg_0
    DSP48_X1Y3           DSP48E1                                      r  dbf_reference_bd_i/dbf_axis_0/inst/u_system/u_datapath/u_core/gen_lane[0].u_lane/u_accum/u_mac/p_re_reg/RSTP
  -------------------------------------------------------------------    -------------------

                         (clock aclk rise edge)       0.000     0.000 r  
                                                      0.000     0.000 r  aclk (IN)
                         net (fo=5092, unset)         0.924     0.924    dbf_reference_bd_i/dbf_axis_0/inst/u_system/u_datapath/u_core/gen_lane[0].u_lane/u_accum/u_mac/aclk
    DSP48_X1Y3           DSP48E1                                      r  dbf_reference_bd_i/dbf_axis_0/inst/u_system/u_datapath/u_core/gen_lane[0].u_lane/u_accum/u_mac/p_re_reg/CLK

Slack:                    inf
  Source:                 aresetn
                            (input port)
  Destination:            dbf_reference_bd_i/dbf_axis_0/inst/u_system/u_datapath/u_core/gen_lane[0].u_lane/acc_re_q_reg[0]/R
                            (rising edge-triggered cell FDRE clocked by aclk  {rise@0.000ns fall@2.500ns period=5.000ns})
  Path Group:             (none)
  Path Type:              Setup (Max at Slow Process Corner)
  Data Path Delay:        17.268ns  (logic 0.124ns (0.718%)  route 17.144ns (99.282%))
  Logic Levels:           1  (LUT1=1)
  Clock Path Skew:        0.924ns (DCD - SCD + CPR)
    Destination Clock Delay (DCD):    0.924ns
    Source Clock Delay      (SCD):    0.000ns
    Clock Pessimism Removal (CPR):    0.000ns
  Clock Uncertainty:      0.025ns  ((TSJ^2 + TIJ^2)^1/2 + DJ) / 2 + PE
    Total System Jitter     (TSJ):    0.050ns
    Total Input Jitter      (TIJ):    0.000ns
    Discrete Jitter          (DJ):    0.000ns
    Phase Error              (PE):    0.000ns
  Timing Exception:       False Path

    Location             Delay type                Incr(ns)  Path(ns)    Netlist Resource(s)
  -------------------------------------------------------------------    -------------------
                                                      0.000     0.000 f  aresetn (IN)
                         net (fo=67, unset)           0.973     0.973    dbf_reference_bd_i/dbf_axis_0/inst/u_system/u_datapath/u_core/gen_lane[6].u_lane/u_quant_re/aresetn
    SLICE_X48Y43         LUT1 (Prop_lut1_I0_O)        0.124     1.097 r  dbf_reference_bd_i/dbf_axis_0/inst/u_system/u_datapath/u_core/gen_lane[6].u_lane/u_quant_re/m_axis_z_tdata[51]_i_1/O
                         net (fo=4488, routed)       16.171    17.268    dbf_reference_bd_i/dbf_axis_0/inst/u_system/u_datapath/u_core/gen_lane[0].u_lane/clip_flag_reg
    SLICE_X26Y10         FDRE                                         r  dbf_reference_bd_i/dbf_axis_0/inst/u_system/u_datapath/u_core/gen_lane[0].u_lane/acc_re_q_reg[0]/R
  -------------------------------------------------------------------    -------------------

                         (clock aclk rise edge)       0.000     0.000 r  
                                                      0.000     0.000 r  aclk (IN)
                         net (fo=5092, unset)         0.924     0.924    dbf_reference_bd_i/dbf_axis_0/inst/u_system/u_datapath/u_core/gen_lane[0].u_lane/aclk
    SLICE_X26Y10         FDRE                                         r  dbf_reference_bd_i/dbf_axis_0/inst/u_system/u_datapath/u_core/gen_lane[0].u_lane/acc_re_q_reg[0]/C

Slack:                    inf
  Source:                 aresetn
                            (input port)
  Destination:            dbf_reference_bd_i/dbf_axis_0/inst/u_system/u_datapath/u_core/gen_lane[0].u_lane/acc_re_q_reg[20]/R
                            (rising edge-triggered cell FDRE clocked by aclk  {rise@0.000ns fall@2.500ns period=5.000ns})
  Path Group:             (none)
  Path Type:              Setup (Max at Slow Process Corner)
  Data Path Delay:        17.268ns  (logic 0.124ns (0.718%)  route 17.144ns (99.282%))
  Logic Levels:           1  (LUT1=1)
  Clock Path Skew:        0.924ns (DCD - SCD + CPR)
    Destination Clock Delay (DCD):    0.924ns
    Source Clock Delay      (SCD):    0.000ns
    Clock Pessimism Removal (CPR):    0.000ns
  Clock Uncertainty:      0.025ns  ((TSJ^2 + TIJ^2)^1/2 + DJ) / 2 + PE
    Total System Jitter     (TSJ):    0.050ns
    Total Input Jitter      (TIJ):    0.000ns
    Discrete Jitter          (DJ):    0.000ns
    Phase Error              (PE):    0.000ns
  Timing Exception:       False Path

    Location             Delay type                Incr(ns)  Path(ns)    Netlist Resource(s)
  -------------------------------------------------------------------    -------------------
                                                      0.000     0.000 f  aresetn (IN)
                         net (fo=67, unset)           0.973     0.973    dbf_reference_bd_i/dbf_axis_0/inst/u_system/u_datapath/u_core/gen_lane[6].u_lane/u_quant_re/aresetn
    SLICE_X48Y43         LUT1 (Prop_lut1_I0_O)        0.124     1.097 r  dbf_reference_bd_i/dbf_axis_0/inst/u_system/u_datapath/u_core/gen_lane[6].u_lane/u_quant_re/m_axis_z_tdata[51]_i_1/O
                         net (fo=4488, routed)       16.171    17.268    dbf_reference_bd_i/dbf_axis_0/inst/u_system/u_datapath/u_core/gen_lane[0].u_lane/clip_flag_reg
    SLICE_X26Y10         FDRE                                         r  dbf_reference_bd_i/dbf_axis_0/inst/u_system/u_datapath/u_core/gen_lane[0].u_lane/acc_re_q_reg[20]/R
  -------------------------------------------------------------------    -------------------

                         (clock aclk rise edge)       0.000     0.000 r  
                                                      0.000     0.000 r  aclk (IN)
                         net (fo=5092, unset)         0.924     0.924    dbf_reference_bd_i/dbf_axis_0/inst/u_system/u_datapath/u_core/gen_lane[0].u_lane/aclk
    SLICE_X26Y10         FDRE                                         r  dbf_reference_bd_i/dbf_axis_0/inst/u_system/u_datapath/u_core/gen_lane[0].u_lane/acc_re_q_reg[20]/C

Slack:                    inf
  Source:                 aresetn
                            (input port)
  Destination:            dbf_reference_bd_i/dbf_axis_0/inst/u_system/u_datapath/u_core/gen_lane[0].u_lane/acc_re_q_reg[22]/R
                            (rising edge-triggered cell FDRE clocked by aclk  {rise@0.000ns fall@2.500ns period=5.000ns})
  Path Group:             (none)
  Path Type:              Setup (Max at Slow Process Corner)
  Data Path Delay:        17.268ns  (logic 0.124ns (0.718%)  route 17.144ns (99.282%))
  Logic Levels:           1  (LUT1=1)
  Clock Path Skew:        0.924ns (DCD - SCD + CPR)
    Destination Clock Delay (DCD):    0.924ns
    Source Clock Delay      (SCD):    0.000ns
    Clock Pessimism Removal (CPR):    0.000ns
  Clock Uncertainty:      0.025ns  ((TSJ^2 + TIJ^2)^1/2 + DJ) / 2 + PE
    Total System Jitter     (TSJ):    0.050ns
    Total Input Jitter      (TIJ):    0.000ns
    Discrete Jitter          (DJ):    0.000ns
    Phase Error              (PE):    0.000ns
  Timing Exception:       False Path

    Location             Delay type                Incr(ns)  Path(ns)    Netlist Resource(s)
  -------------------------------------------------------------------    -------------------
                                                      0.000     0.000 f  aresetn (IN)
                         net (fo=67, unset)           0.973     0.973    dbf_reference_bd_i/dbf_axis_0/inst/u_system/u_datapath/u_core/gen_lane[6].u_lane/u_quant_re/aresetn
    SLICE_X48Y43         LUT1 (Prop_lut1_I0_O)        0.124     1.097 r  dbf_reference_bd_i/dbf_axis_0/inst/u_system/u_datapath/u_core/gen_lane[6].u_lane/u_quant_re/m_axis_z_tdata[51]_i_1/O
                         net (fo=4488, routed)       16.171    17.268    dbf_reference_bd_i/dbf_axis_0/inst/u_system/u_datapath/u_core/gen_lane[0].u_lane/clip_flag_reg
    SLICE_X26Y10         FDRE                                         r  dbf_reference_bd_i/dbf_axis_0/inst/u_system/u_datapath/u_core/gen_lane[0].u_lane/acc_re_q_reg[22]/R
  -------------------------------------------------------------------    -------------------

                         (clock aclk rise edge)       0.000     0.000 r  
                                                      0.000     0.000 r  aclk (IN)
                         net (fo=5092, unset)         0.924     0.924    dbf_reference_bd_i/dbf_axis_0/inst/u_system/u_datapath/u_core/gen_lane[0].u_lane/aclk
    SLICE_X26Y10         FDRE                                         r  dbf_reference_bd_i/dbf_axis_0/inst/u_system/u_datapath/u_core/gen_lane[0].u_lane/acc_re_q_reg[22]/C

Slack:                    inf
  Source:                 aresetn
                            (input port)
  Destination:            dbf_reference_bd_i/dbf_axis_0/inst/u_system/u_datapath/u_core/gen_lane[0].u_lane/acc_re_q_reg[6]/R
                            (rising edge-triggered cell FDRE clocked by aclk  {rise@0.000ns fall@2.500ns period=5.000ns})
  Path Group:             (none)
  Path Type:              Setup (Max at Slow Process Corner)
  Data Path Delay:        17.268ns  (logic 0.124ns (0.718%)  route 17.144ns (99.282%))
  Logic Levels:           1  (LUT1=1)
  Clock Path Skew:        0.924ns (DCD - SCD + CPR)
    Destination Clock Delay (DCD):    0.924ns
    Source Clock Delay      (SCD):    0.000ns
    Clock Pessimism Removal (CPR):    0.000ns
  Clock Uncertainty:      0.025ns  ((TSJ^2 + TIJ^2)^1/2 + DJ) / 2 + PE
    Total System Jitter     (TSJ):    0.050ns
    Total Input Jitter      (TIJ):    0.000ns
    Discrete Jitter          (DJ):    0.000ns
    Phase Error              (PE):    0.000ns
  Timing Exception:       False Path

    Location             Delay type                Incr(ns)  Path(ns)    Netlist Resource(s)
  -------------------------------------------------------------------    -------------------
                                                      0.000     0.000 f  aresetn (IN)
                         net (fo=67, unset)           0.973     0.973    dbf_reference_bd_i/dbf_axis_0/inst/u_system/u_datapath/u_core/gen_lane[6].u_lane/u_quant_re/aresetn
    SLICE_X48Y43         LUT1 (Prop_lut1_I0_O)        0.124     1.097 r  dbf_reference_bd_i/dbf_axis_0/inst/u_system/u_datapath/u_core/gen_lane[6].u_lane/u_quant_re/m_axis_z_tdata[51]_i_1/O
                         net (fo=4488, routed)       16.171    17.268    dbf_reference_bd_i/dbf_axis_0/inst/u_system/u_datapath/u_core/gen_lane[0].u_lane/clip_flag_reg
    SLICE_X26Y10         FDRE                                         r  dbf_reference_bd_i/dbf_axis_0/inst/u_system/u_datapath/u_core/gen_lane[0].u_lane/acc_re_q_reg[6]/R
  -------------------------------------------------------------------    -------------------

                         (clock aclk rise edge)       0.000     0.000 r  
                                                      0.000     0.000 r  aclk (IN)
                         net (fo=5092, unset)         0.924     0.924    dbf_reference_bd_i/dbf_axis_0/inst/u_system/u_datapath/u_core/gen_lane[0].u_lane/aclk
    SLICE_X26Y10         FDRE                                         r  dbf_reference_bd_i/dbf_axis_0/inst/u_system/u_datapath/u_core/gen_lane[0].u_lane/acc_re_q_reg[6]/C

Slack:                    inf
  Source:                 aresetn
                            (input port)
  Destination:            dbf_reference_bd_i/dbf_axis_0/inst/u_system/u_datapath/u_core/gen_lane[0].u_lane/u_accum/acc_re_reg[17]/R
                            (rising edge-triggered cell FDRE clocked by aclk  {rise@0.000ns fall@2.500ns period=5.000ns})
  Path Group:             (none)
  Path Type:              Setup (Max at Slow Process Corner)
  Data Path Delay:        17.268ns  (logic 0.124ns (0.718%)  route 17.144ns (99.282%))
  Logic Levels:           1  (LUT1=1)
  Clock Path Skew:        0.924ns (DCD - SCD + CPR)
    Destination Clock Delay (DCD):    0.924ns
    Source Clock Delay      (SCD):    0.000ns
    Clock Pessimism Removal (CPR):    0.000ns
  Clock Uncertainty:      0.025ns  ((TSJ^2 + TIJ^2)^1/2 + DJ) / 2 + PE
    Total System Jitter     (TSJ):    0.050ns
    Total Input Jitter      (TIJ):    0.000ns
    Discrete Jitter          (DJ):    0.000ns
    Phase Error              (PE):    0.000ns
  Timing Exception:       False Path

    Location             Delay type                Incr(ns)  Path(ns)    Netlist Resource(s)
  -------------------------------------------------------------------    -------------------
                                                      0.000     0.000 f  aresetn (IN)
                         net (fo=67, unset)           0.973     0.973    dbf_reference_bd_i/dbf_axis_0/inst/u_system/u_datapath/u_core/gen_lane[6].u_lane/u_quant_re/aresetn
    SLICE_X48Y43         LUT1 (Prop_lut1_I0_O)        0.124     1.097 r  dbf_reference_bd_i/dbf_axis_0/inst/u_system/u_datapath/u_core/gen_lane[6].u_lane/u_quant_re/m_axis_z_tdata[51]_i_1/O
                         net (fo=4488, routed)       16.171    17.268    dbf_reference_bd_i/dbf_axis_0/inst/u_system/u_datapath/u_core/gen_lane[0].u_lane/u_accum/wr_yi_s1_reg
    SLICE_X27Y10         FDRE                                         r  dbf_reference_bd_i/dbf_axis_0/inst/u_system/u_datapath/u_core/gen_lane[0].u_lane/u_accum/acc_re_reg[17]/R
  -------------------------------------------------------------------    -------------------

                         (clock aclk rise edge)       0.000     0.000 r  
                                                      0.000     0.000 r  aclk (IN)
                         net (fo=5092, unset)         0.924     0.924    dbf_reference_bd_i/dbf_axis_0/inst/u_system/u_datapath/u_core/gen_lane[0].u_lane/u_accum/aclk
    SLICE_X27Y10         FDRE                                         r  dbf_reference_bd_i/dbf_axis_0/inst/u_system/u_datapath/u_core/gen_lane[0].u_lane/u_accum/acc_re_reg[17]/C

Slack:                    inf
  Source:                 aresetn
                            (input port)
  Destination:            dbf_reference_bd_i/dbf_axis_0/inst/u_system/u_datapath/u_core/gen_lane[0].u_lane/u_accum/acc_re_reg[26]/R
                            (rising edge-triggered cell FDRE clocked by aclk  {rise@0.000ns fall@2.500ns period=5.000ns})
  Path Group:             (none)
  Path Type:              Setup (Max at Slow Process Corner)
  Data Path Delay:        17.268ns  (logic 0.124ns (0.718%)  route 17.144ns (99.282%))
  Logic Levels:           1  (LUT1=1)
  Clock Path Skew:        0.924ns (DCD - SCD + CPR)
    Destination Clock Delay (DCD):    0.924ns
    Source Clock Delay      (SCD):    0.000ns
    Clock Pessimism Removal (CPR):    0.000ns
  Clock Uncertainty:      0.025ns  ((TSJ^2 + TIJ^2)^1/2 + DJ) / 2 + PE
    Total System Jitter     (TSJ):    0.050ns
    Total Input Jitter      (TIJ):    0.000ns
    Discrete Jitter          (DJ):    0.000ns
    Phase Error              (PE):    0.000ns
  Timing Exception:       False Path

    Location             Delay type                Incr(ns)  Path(ns)    Netlist Resource(s)
  -------------------------------------------------------------------    -------------------
                                                      0.000     0.000 f  aresetn (IN)
                         net (fo=67, unset)           0.973     0.973    dbf_reference_bd_i/dbf_axis_0/inst/u_system/u_datapath/u_core/gen_lane[6].u_lane/u_quant_re/aresetn
    SLICE_X48Y43         LUT1 (Prop_lut1_I0_O)        0.124     1.097 r  dbf_reference_bd_i/dbf_axis_0/inst/u_system/u_datapath/u_core/gen_lane[6].u_lane/u_quant_re/m_axis_z_tdata[51]_i_1/O
                         net (fo=4488, routed)       16.171    17.268    dbf_reference_bd_i/dbf_axis_0/inst/u_system/u_datapath/u_core/gen_lane[0].u_lane/u_accum/wr_yi_s1_reg
    SLICE_X27Y10         FDRE                                         r  dbf_reference_bd_i/dbf_axis_0/inst/u_system/u_datapath/u_core/gen_lane[0].u_lane/u_accum/acc_re_reg[26]/R
  -------------------------------------------------------------------    -------------------

                         (clock aclk rise edge)       0.000     0.000 r  
                                                      0.000     0.000 r  aclk (IN)
                         net (fo=5092, unset)         0.924     0.924    dbf_reference_bd_i/dbf_axis_0/inst/u_system/u_datapath/u_core/gen_lane[0].u_lane/u_accum/aclk
    SLICE_X27Y10         FDRE                                         r  dbf_reference_bd_i/dbf_axis_0/inst/u_system/u_datapath/u_core/gen_lane[0].u_lane/u_accum/acc_re_reg[26]/C

Slack:                    inf
  Source:                 aresetn
                            (input port)
  Destination:            dbf_reference_bd_i/dbf_axis_0/inst/u_system/u_datapath/u_core/gen_lane[0].u_lane/u_accum/acc_re_reg[29]/R
                            (rising edge-triggered cell FDRE clocked by aclk  {rise@0.000ns fall@2.500ns period=5.000ns})
  Path Group:             (none)
  Path Type:              Setup (Max at Slow Process Corner)
  Data Path Delay:        17.268ns  (logic 0.124ns (0.718%)  route 17.144ns (99.282%))
  Logic Levels:           1  (LUT1=1)
  Clock Path Skew:        0.924ns (DCD - SCD + CPR)
    Destination Clock Delay (DCD):    0.924ns
    Source Clock Delay      (SCD):    0.000ns
    Clock Pessimism Removal (CPR):    0.000ns
  Clock Uncertainty:      0.025ns  ((TSJ^2 + TIJ^2)^1/2 + DJ) / 2 + PE
    Total System Jitter     (TSJ):    0.050ns
    Total Input Jitter      (TIJ):    0.000ns
    Discrete Jitter          (DJ):    0.000ns
    Phase Error              (PE):    0.000ns
  Timing Exception:       False Path

    Location             Delay type                Incr(ns)  Path(ns)    Netlist Resource(s)
  -------------------------------------------------------------------    -------------------
                                                      0.000     0.000 f  aresetn (IN)
                         net (fo=67, unset)           0.973     0.973    dbf_reference_bd_i/dbf_axis_0/inst/u_system/u_datapath/u_core/gen_lane[6].u_lane/u_quant_re/aresetn
    SLICE_X48Y43         LUT1 (Prop_lut1_I0_O)        0.124     1.097 r  dbf_reference_bd_i/dbf_axis_0/inst/u_system/u_datapath/u_core/gen_lane[6].u_lane/u_quant_re/m_axis_z_tdata[51]_i_1/O
                         net (fo=4488, routed)       16.171    17.268    dbf_reference_bd_i/dbf_axis_0/inst/u_system/u_datapath/u_core/gen_lane[0].u_lane/u_accum/wr_yi_s1_reg
    SLICE_X27Y10         FDRE                                         r  dbf_reference_bd_i/dbf_axis_0/inst/u_system/u_datapath/u_core/gen_lane[0].u_lane/u_accum/acc_re_reg[29]/R
  -------------------------------------------------------------------    -------------------

                         (clock aclk rise edge)       0.000     0.000 r  
                                                      0.000     0.000 r  aclk (IN)
                         net (fo=5092, unset)         0.924     0.924    dbf_reference_bd_i/dbf_axis_0/inst/u_system/u_datapath/u_core/gen_lane[0].u_lane/u_accum/aclk
    SLICE_X27Y10         FDRE                                         r  dbf_reference_bd_i/dbf_axis_0/inst/u_system/u_datapath/u_core/gen_lane[0].u_lane/u_accum/acc_re_reg[29]/C

Slack:                    inf
  Source:                 aresetn
                            (input port)
  Destination:            dbf_reference_bd_i/dbf_axis_0/inst/u_system/u_datapath/u_core/gen_lane[0].u_lane/u_accum/acc_re_reg[41]/R
                            (rising edge-triggered cell FDRE clocked by aclk  {rise@0.000ns fall@2.500ns period=5.000ns})
  Path Group:             (none)
  Path Type:              Setup (Max at Slow Process Corner)
  Data Path Delay:        17.268ns  (logic 0.124ns (0.718%)  route 17.144ns (99.282%))
  Logic Levels:           1  (LUT1=1)
  Clock Path Skew:        0.924ns (DCD - SCD + CPR)
    Destination Clock Delay (DCD):    0.924ns
    Source Clock Delay      (SCD):    0.000ns
    Clock Pessimism Removal (CPR):    0.000ns
  Clock Uncertainty:      0.025ns  ((TSJ^2 + TIJ^2)^1/2 + DJ) / 2 + PE
    Total System Jitter     (TSJ):    0.050ns
    Total Input Jitter      (TIJ):    0.000ns
    Discrete Jitter          (DJ):    0.000ns
    Phase Error              (PE):    0.000ns
  Timing Exception:       False Path

    Location             Delay type                Incr(ns)  Path(ns)    Netlist Resource(s)
  -------------------------------------------------------------------    -------------------
                                                      0.000     0.000 f  aresetn (IN)
                         net (fo=67, unset)           0.973     0.973    dbf_reference_bd_i/dbf_axis_0/inst/u_system/u_datapath/u_core/gen_lane[6].u_lane/u_quant_re/aresetn
    SLICE_X48Y43         LUT1 (Prop_lut1_I0_O)        0.124     1.097 r  dbf_reference_bd_i/dbf_axis_0/inst/u_system/u_datapath/u_core/gen_lane[6].u_lane/u_quant_re/m_axis_z_tdata[51]_i_1/O
                         net (fo=4488, routed)       16.171    17.268    dbf_reference_bd_i/dbf_axis_0/inst/u_system/u_datapath/u_core/gen_lane[0].u_lane/u_accum/wr_yi_s1_reg
    SLICE_X27Y10         FDRE                                         r  dbf_reference_bd_i/dbf_axis_0/inst/u_system/u_datapath/u_core/gen_lane[0].u_lane/u_accum/acc_re_reg[41]/R
  -------------------------------------------------------------------    -------------------

                         (clock aclk rise edge)       0.000     0.000 r  
                                                      0.000     0.000 r  aclk (IN)
                         net (fo=5092, unset)         0.924     0.924    dbf_reference_bd_i/dbf_axis_0/inst/u_system/u_datapath/u_core/gen_lane[0].u_lane/u_accum/aclk
    SLICE_X27Y10         FDRE                                         r  dbf_reference_bd_i/dbf_axis_0/inst/u_system/u_datapath/u_core/gen_lane[0].u_lane/u_accum/acc_re_reg[41]/C

Slack:                    inf
  Source:                 aresetn
                            (input port)
  Destination:            dbf_reference_bd_i/dbf_axis_0/inst/u_system/u_datapath/u_core/gen_lane[0].u_lane/u_accum/acc_re_reg[42]/R
                            (rising edge-triggered cell FDRE clocked by aclk  {rise@0.000ns fall@2.500ns period=5.000ns})
  Path Group:             (none)
  Path Type:              Setup (Max at Slow Process Corner)
  Data Path Delay:        17.268ns  (logic 0.124ns (0.718%)  route 17.144ns (99.282%))
  Logic Levels:           1  (LUT1=1)
  Clock Path Skew:        0.924ns (DCD - SCD + CPR)
    Destination Clock Delay (DCD):    0.924ns
    Source Clock Delay      (SCD):    0.000ns
    Clock Pessimism Removal (CPR):    0.000ns
  Clock Uncertainty:      0.025ns  ((TSJ^2 + TIJ^2)^1/2 + DJ) / 2 + PE
    Total System Jitter     (TSJ):    0.050ns
    Total Input Jitter      (TIJ):    0.000ns
    Discrete Jitter          (DJ):    0.000ns
    Phase Error              (PE):    0.000ns
  Timing Exception:       False Path

    Location             Delay type                Incr(ns)  Path(ns)    Netlist Resource(s)
  -------------------------------------------------------------------    -------------------
                                                      0.000     0.000 f  aresetn (IN)
                         net (fo=67, unset)           0.973     0.973    dbf_reference_bd_i/dbf_axis_0/inst/u_system/u_datapath/u_core/gen_lane[6].u_lane/u_quant_re/aresetn
    SLICE_X48Y43         LUT1 (Prop_lut1_I0_O)        0.124     1.097 r  dbf_reference_bd_i/dbf_axis_0/inst/u_system/u_datapath/u_core/gen_lane[6].u_lane/u_quant_re/m_axis_z_tdata[51]_i_1/O
                         net (fo=4488, routed)       16.171    17.268    dbf_reference_bd_i/dbf_axis_0/inst/u_system/u_datapath/u_core/gen_lane[0].u_lane/u_accum/wr_yi_s1_reg
    SLICE_X27Y10         FDRE                                         r  dbf_reference_bd_i/dbf_axis_0/inst/u_system/u_datapath/u_core/gen_lane[0].u_lane/u_accum/acc_re_reg[42]/R
  -------------------------------------------------------------------    -------------------

                         (clock aclk rise edge)       0.000     0.000 r  
                                                      0.000     0.000 r  aclk (IN)
                         net (fo=5092, unset)         0.924     0.924    dbf_reference_bd_i/dbf_axis_0/inst/u_system/u_datapath/u_core/gen_lane[0].u_lane/u_accum/aclk
    SLICE_X27Y10         FDRE                                         r  dbf_reference_bd_i/dbf_axis_0/inst/u_system/u_datapath/u_core/gen_lane[0].u_lane/u_accum/acc_re_reg[42]/C

Slack:                    inf
  Source:                 aresetn
                            (input port)
  Destination:            dbf_reference_bd_i/dbf_axis_0/inst/u_system/u_datapath/u_core/gen_lane[0].u_lane/u_accum/acc_re_reg[43]/R
                            (rising edge-triggered cell FDRE clocked by aclk  {rise@0.000ns fall@2.500ns period=5.000ns})
  Path Group:             (none)
  Path Type:              Setup (Max at Slow Process Corner)
  Data Path Delay:        17.268ns  (logic 0.124ns (0.718%)  route 17.144ns (99.282%))
  Logic Levels:           1  (LUT1=1)
  Clock Path Skew:        0.924ns (DCD - SCD + CPR)
    Destination Clock Delay (DCD):    0.924ns
    Source Clock Delay      (SCD):    0.000ns
    Clock Pessimism Removal (CPR):    0.000ns
  Clock Uncertainty:      0.025ns  ((TSJ^2 + TIJ^2)^1/2 + DJ) / 2 + PE
    Total System Jitter     (TSJ):    0.050ns
    Total Input Jitter      (TIJ):    0.000ns
    Discrete Jitter          (DJ):    0.000ns
    Phase Error              (PE):    0.000ns
  Timing Exception:       False Path

    Location             Delay type                Incr(ns)  Path(ns)    Netlist Resource(s)
  -------------------------------------------------------------------    -------------------
                                                      0.000     0.000 f  aresetn (IN)
                         net (fo=67, unset)           0.973     0.973    dbf_reference_bd_i/dbf_axis_0/inst/u_system/u_datapath/u_core/gen_lane[6].u_lane/u_quant_re/aresetn
    SLICE_X48Y43         LUT1 (Prop_lut1_I0_O)        0.124     1.097 r  dbf_reference_bd_i/dbf_axis_0/inst/u_system/u_datapath/u_core/gen_lane[6].u_lane/u_quant_re/m_axis_z_tdata[51]_i_1/O
                         net (fo=4488, routed)       16.171    17.268    dbf_reference_bd_i/dbf_axis_0/inst/u_system/u_datapath/u_core/gen_lane[0].u_lane/u_accum/wr_yi_s1_reg
    SLICE_X27Y10         FDRE                                         r  dbf_reference_bd_i/dbf_axis_0/inst/u_system/u_datapath/u_core/gen_lane[0].u_lane/u_accum/acc_re_reg[43]/R
  -------------------------------------------------------------------    -------------------

                         (clock aclk rise edge)       0.000     0.000 r  
                                                      0.000     0.000 r  aclk (IN)
                         net (fo=5092, unset)         0.924     0.924    dbf_reference_bd_i/dbf_axis_0/inst/u_system/u_datapath/u_core/gen_lane[0].u_lane/u_accum/aclk
    SLICE_X27Y10         FDRE                                         r  dbf_reference_bd_i/dbf_axis_0/inst/u_system/u_datapath/u_core/gen_lane[0].u_lane/u_accum/acc_re_reg[43]/C

Slack:                    inf
  Source:                 aresetn
                            (input port)
  Destination:            dbf_reference_bd_i/dbf_axis_0/inst/u_system/u_w_provider/p_re_reg_i_12__1_psdsp/R
                            (rising edge-triggered cell FDRE clocked by aclk  {rise@0.000ns fall@2.500ns period=5.000ns})
  Path Group:             (none)
  Path Type:              Setup (Max at Slow Process Corner)
  Data Path Delay:        17.152ns  (logic 0.124ns (0.723%)  route 17.028ns (99.277%))
  Logic Levels:           1  (LUT1=1)
  Clock Path Skew:        0.924ns (DCD - SCD + CPR)
    Destination Clock Delay (DCD):    0.924ns
    Source Clock Delay      (SCD):    0.000ns
    Clock Pessimism Removal (CPR):    0.000ns
  Clock Uncertainty:      0.025ns  ((TSJ^2 + TIJ^2)^1/2 + DJ) / 2 + PE
    Total System Jitter     (TSJ):    0.050ns
    Total Input Jitter      (TIJ):    0.000ns
    Discrete Jitter          (DJ):    0.000ns
    Phase Error              (PE):    0.000ns
  Timing Exception:       False Path

    Location             Delay type                Incr(ns)  Path(ns)    Netlist Resource(s)
  -------------------------------------------------------------------    -------------------
                                                      0.000     0.000 f  aresetn (IN)
                         net (fo=67, unset)           0.973     0.973    dbf_reference_bd_i/dbf_axis_0/inst/u_system/u_datapath/u_core/gen_lane[6].u_lane/u_quant_re/aresetn
    SLICE_X48Y43         LUT1 (Prop_lut1_I0_O)        0.124     1.097 r  dbf_reference_bd_i/dbf_axis_0/inst/u_system/u_datapath/u_core/gen_lane[6].u_lane/u_quant_re/m_axis_z_tdata[51]_i_1/O
                         net (fo=4488, routed)       16.055    17.152    dbf_reference_bd_i/dbf_axis_0/inst/u_system/u_w_provider/rst
    SLICE_X32Y9          FDRE                                         r  dbf_reference_bd_i/dbf_axis_0/inst/u_system/u_w_provider/p_re_reg_i_12__1_psdsp/R
  -------------------------------------------------------------------    -------------------

                         (clock aclk rise edge)       0.000     0.000 r  
                                                      0.000     0.000 r  aclk (IN)
                         net (fo=5092, unset)         0.924     0.924    dbf_reference_bd_i/dbf_axis_0/inst/u_system/u_w_provider/aclk
    SLICE_X32Y9          FDRE                                         r  dbf_reference_bd_i/dbf_axis_0/inst/u_system/u_w_provider/p_re_reg_i_12__1_psdsp/C





Min Delay Paths
--------------------------------------------------------------------------------------
Slack:                    inf
  Source:                 aresetn
                            (input port)
  Destination:            dbf_reference_bd_i/dbf_axis_0/inst/u_system/u_w_provider/u_im0/u_main_sprom/xpm_memory_base_inst/gen_rd_a.gen_rd_a_synth_template.gen_rf_narrow_reg.douta_reg_reg/RSTRAMARSTRAM
                            (rising edge-triggered cell RAMB36E1 clocked by aclk  {rise@0.000ns fall@2.500ns period=5.000ns})
  Path Group:             (none)
  Path Type:              Hold (Min at Fast Process Corner)
  Data Path Delay:        0.410ns  (logic 0.000ns (0.000%)  route 0.410ns (100.000%))
  Logic Levels:           0  
  Clock Path Skew:        0.432ns (DCD - SCD - CPR)
    Destination Clock Delay (DCD):    0.432ns
    Source Clock Delay      (SCD):    0.000ns
    Clock Pessimism Removal (CPR):    -0.000ns
  Timing Exception:       False Path

    Location             Delay type                Incr(ns)  Path(ns)    Netlist Resource(s)
  -------------------------------------------------------------------    -------------------
                                                      0.000     0.000 f  aresetn (IN)
                         net (fo=67, unset)           0.410     0.410    dbf_reference_bd_i/dbf_axis_0/inst/u_system/u_w_provider/u_im0/u_main_sprom/xpm_memory_base_inst/lopt
    RAMB36_X1Y1          RAMB36E1                                     r  dbf_reference_bd_i/dbf_axis_0/inst/u_system/u_w_provider/u_im0/u_main_sprom/xpm_memory_base_inst/gen_rd_a.gen_rd_a_synth_template.gen_rf_narrow_reg.douta_reg_reg/RSTRAMARSTRAM  (IS_INVERTED)
  -------------------------------------------------------------------    -------------------

                         (clock aclk rise edge)       0.000     0.000 r  
                                                      0.000     0.000 r  aclk (IN)
                         net (fo=5092, unset)         0.432     0.432    dbf_reference_bd_i/dbf_axis_0/inst/u_system/u_w_provider/u_im0/u_main_sprom/xpm_memory_base_inst/clka
    RAMB36_X1Y1          RAMB36E1                                     r  dbf_reference_bd_i/dbf_axis_0/inst/u_system/u_w_provider/u_im0/u_main_sprom/xpm_memory_base_inst/gen_rd_a.gen_rd_a_synth_template.gen_rf_narrow_reg.douta_reg_reg/CLKARDCLK

Slack:                    inf
  Source:                 aresetn
                            (input port)
  Destination:            dbf_reference_bd_i/dbf_axis_0/inst/u_system/u_w_provider/u_im1/u_main_sprom/xpm_memory_base_inst/gen_rd_a.gen_rd_a_synth_template.gen_rf_narrow_reg.douta_reg_reg/RSTRAMARSTRAM
                            (rising edge-triggered cell RAMB36E1 clocked by aclk  {rise@0.000ns fall@2.500ns period=5.000ns})
  Path Group:             (none)
  Path Type:              Hold (Min at Fast Process Corner)
  Data Path Delay:        0.410ns  (logic 0.000ns (0.000%)  route 0.410ns (100.000%))
  Logic Levels:           0  
  Clock Path Skew:        0.432ns (DCD - SCD - CPR)
    Destination Clock Delay (DCD):    0.432ns
    Source Clock Delay      (SCD):    0.000ns
    Clock Pessimism Removal (CPR):    -0.000ns
  Timing Exception:       False Path

    Location             Delay type                Incr(ns)  Path(ns)    Netlist Resource(s)
  -------------------------------------------------------------------    -------------------
                                                      0.000     0.000 f  aresetn (IN)
                         net (fo=67, unset)           0.410     0.410    dbf_reference_bd_i/dbf_axis_0/inst/u_system/u_w_provider/u_im1/u_main_sprom/xpm_memory_base_inst/lopt
    RAMB36_X2Y4          RAMB36E1                                     r  dbf_reference_bd_i/dbf_axis_0/inst/u_system/u_w_provider/u_im1/u_main_sprom/xpm_memory_base_inst/gen_rd_a.gen_rd_a_synth_template.gen_rf_narrow_reg.douta_reg_reg/RSTRAMARSTRAM  (IS_INVERTED)
  -------------------------------------------------------------------    -------------------

                         (clock aclk rise edge)       0.000     0.000 r  
                                                      0.000     0.000 r  aclk (IN)
                         net (fo=5092, unset)         0.432     0.432    dbf_reference_bd_i/dbf_axis_0/inst/u_system/u_w_provider/u_im1/u_main_sprom/xpm_memory_base_inst/clka
    RAMB36_X2Y4          RAMB36E1                                     r  dbf_reference_bd_i/dbf_axis_0/inst/u_system/u_w_provider/u_im1/u_main_sprom/xpm_memory_base_inst/gen_rd_a.gen_rd_a_synth_template.gen_rf_narrow_reg.douta_reg_reg/CLKARDCLK

Slack:                    inf
  Source:                 aresetn
                            (input port)
  Destination:            dbf_reference_bd_i/dbf_axis_0/inst/u_system/u_w_provider/u_im2/u_main_sprom/xpm_memory_base_inst/gen_rd_a.gen_rd_a_synth_template.gen_rf_narrow_reg.douta_reg_reg/RSTRAMARSTRAM
                            (rising edge-triggered cell RAMB36E1 clocked by aclk  {rise@0.000ns fall@2.500ns period=5.000ns})
  Path Group:             (none)
  Path Type:              Hold (Min at Fast Process Corner)
  Data Path Delay:        0.410ns  (logic 0.000ns (0.000%)  route 0.410ns (100.000%))
  Logic Levels:           0  
  Clock Path Skew:        0.432ns (DCD - SCD - CPR)
    Destination Clock Delay (DCD):    0.432ns
    Source Clock Delay      (SCD):    0.000ns
    Clock Pessimism Removal (CPR):    -0.000ns
  Timing Exception:       False Path

    Location             Delay type                Incr(ns)  Path(ns)    Netlist Resource(s)
  -------------------------------------------------------------------    -------------------
                                                      0.000     0.000 f  aresetn (IN)
                         net (fo=67, unset)           0.410     0.410    dbf_reference_bd_i/dbf_axis_0/inst/u_system/u_w_provider/u_im2/u_main_sprom/xpm_memory_base_inst/lopt
    RAMB36_X2Y2          RAMB36E1                                     r  dbf_reference_bd_i/dbf_axis_0/inst/u_system/u_w_provider/u_im2/u_main_sprom/xpm_memory_base_inst/gen_rd_a.gen_rd_a_synth_template.gen_rf_narrow_reg.douta_reg_reg/RSTRAMARSTRAM  (IS_INVERTED)
  -------------------------------------------------------------------    -------------------

                         (clock aclk rise edge)       0.000     0.000 r  
                                                      0.000     0.000 r  aclk (IN)
                         net (fo=5092, unset)         0.432     0.432    dbf_reference_bd_i/dbf_axis_0/inst/u_system/u_w_provider/u_im2/u_main_sprom/xpm_memory_base_inst/clka
    RAMB36_X2Y2          RAMB36E1                                     r  dbf_reference_bd_i/dbf_axis_0/inst/u_system/u_w_provider/u_im2/u_main_sprom/xpm_memory_base_inst/gen_rd_a.gen_rd_a_synth_template.gen_rf_narrow_reg.douta_reg_reg/CLKARDCLK

Slack:                    inf
  Source:                 aresetn
                            (input port)
  Destination:            dbf_reference_bd_i/dbf_axis_0/inst/u_system/u_w_provider/u_im3/u_main_sprom/xpm_memory_base_inst/gen_rd_a.gen_rd_a_synth_template.gen_rf_narrow_reg.douta_reg_reg/RSTRAMARSTRAM
                            (rising edge-triggered cell RAMB36E1 clocked by aclk  {rise@0.000ns fall@2.500ns period=5.000ns})
  Path Group:             (none)
  Path Type:              Hold (Min at Fast Process Corner)
  Data Path Delay:        0.410ns  (logic 0.000ns (0.000%)  route 0.410ns (100.000%))
  Logic Levels:           0  
  Clock Path Skew:        0.432ns (DCD - SCD - CPR)
    Destination Clock Delay (DCD):    0.432ns
    Source Clock Delay      (SCD):    0.000ns
    Clock Pessimism Removal (CPR):    -0.000ns
  Timing Exception:       False Path

    Location             Delay type                Incr(ns)  Path(ns)    Netlist Resource(s)
  -------------------------------------------------------------------    -------------------
                                                      0.000     0.000 f  aresetn (IN)
                         net (fo=67, unset)           0.410     0.410    dbf_reference_bd_i/dbf_axis_0/inst/u_system/u_w_provider/u_im3/u_main_sprom/xpm_memory_base_inst/lopt
    RAMB36_X1Y4          RAMB36E1                                     r  dbf_reference_bd_i/dbf_axis_0/inst/u_system/u_w_provider/u_im3/u_main_sprom/xpm_memory_base_inst/gen_rd_a.gen_rd_a_synth_template.gen_rf_narrow_reg.douta_reg_reg/RSTRAMARSTRAM  (IS_INVERTED)
  -------------------------------------------------------------------    -------------------

                         (clock aclk rise edge)       0.000     0.000 r  
                                                      0.000     0.000 r  aclk (IN)
                         net (fo=5092, unset)         0.432     0.432    dbf_reference_bd_i/dbf_axis_0/inst/u_system/u_w_provider/u_im3/u_main_sprom/xpm_memory_base_inst/clka
    RAMB36_X1Y4          RAMB36E1                                     r  dbf_reference_bd_i/dbf_axis_0/inst/u_system/u_w_provider/u_im3/u_main_sprom/xpm_memory_base_inst/gen_rd_a.gen_rd_a_synth_template.gen_rf_narrow_reg.douta_reg_reg/CLKARDCLK

Slack:                    inf
  Source:                 aresetn
                            (input port)
  Destination:            dbf_reference_bd_i/dbf_axis_0/inst/u_system/u_w_provider/u_im4/u_main_sprom/xpm_memory_base_inst/gen_rd_a.gen_rd_a_synth_template.gen_rf_narrow_reg.douta_reg_reg/RSTRAMARSTRAM
                            (rising edge-triggered cell RAMB36E1 clocked by aclk  {rise@0.000ns fall@2.500ns period=5.000ns})
  Path Group:             (none)
  Path Type:              Hold (Min at Fast Process Corner)
  Data Path Delay:        0.410ns  (logic 0.000ns (0.000%)  route 0.410ns (100.000%))
  Logic Levels:           0  
  Clock Path Skew:        0.432ns (DCD - SCD - CPR)
    Destination Clock Delay (DCD):    0.432ns
    Source Clock Delay      (SCD):    0.000ns
    Clock Pessimism Removal (CPR):    -0.000ns
  Timing Exception:       False Path

    Location             Delay type                Incr(ns)  Path(ns)    Netlist Resource(s)
  -------------------------------------------------------------------    -------------------
                                                      0.000     0.000 f  aresetn (IN)
                         net (fo=67, unset)           0.410     0.410    dbf_reference_bd_i/dbf_axis_0/inst/u_system/u_w_provider/u_im4/u_main_sprom/xpm_memory_base_inst/lopt
    RAMB36_X0Y2          RAMB36E1                                     r  dbf_reference_bd_i/dbf_axis_0/inst/u_system/u_w_provider/u_im4/u_main_sprom/xpm_memory_base_inst/gen_rd_a.gen_rd_a_synth_template.gen_rf_narrow_reg.douta_reg_reg/RSTRAMARSTRAM  (IS_INVERTED)
  -------------------------------------------------------------------    -------------------

                         (clock aclk rise edge)       0.000     0.000 r  
                                                      0.000     0.000 r  aclk (IN)
                         net (fo=5092, unset)         0.432     0.432    dbf_reference_bd_i/dbf_axis_0/inst/u_system/u_w_provider/u_im4/u_main_sprom/xpm_memory_base_inst/clka
    RAMB36_X0Y2          RAMB36E1                                     r  dbf_reference_bd_i/dbf_axis_0/inst/u_system/u_w_provider/u_im4/u_main_sprom/xpm_memory_base_inst/gen_rd_a.gen_rd_a_synth_template.gen_rf_narrow_reg.douta_reg_reg/CLKARDCLK

Slack:                    inf
  Source:                 aresetn
                            (input port)
  Destination:            dbf_reference_bd_i/dbf_axis_0/inst/u_system/u_w_provider/u_im5/u_main_sprom/xpm_memory_base_inst/gen_rd_a.gen_rd_a_synth_template.gen_rf_narrow_reg.douta_reg_reg/RSTRAMARSTRAM
                            (rising edge-triggered cell RAMB36E1 clocked by aclk  {rise@0.000ns fall@2.500ns period=5.000ns})
  Path Group:             (none)
  Path Type:              Hold (Min at Fast Process Corner)
  Data Path Delay:        0.410ns  (logic 0.000ns (0.000%)  route 0.410ns (100.000%))
  Logic Levels:           0  
  Clock Path Skew:        0.432ns (DCD - SCD - CPR)
    Destination Clock Delay (DCD):    0.432ns
    Source Clock Delay      (SCD):    0.000ns
    Clock Pessimism Removal (CPR):    -0.000ns
  Timing Exception:       False Path

    Location             Delay type                Incr(ns)  Path(ns)    Netlist Resource(s)
  -------------------------------------------------------------------    -------------------
                                                      0.000     0.000 f  aresetn (IN)
                         net (fo=67, unset)           0.410     0.410    dbf_reference_bd_i/dbf_axis_0/inst/u_system/u_w_provider/u_im5/u_main_sprom/xpm_memory_base_inst/lopt
    RAMB36_X0Y3          RAMB36E1                                     r  dbf_reference_bd_i/dbf_axis_0/inst/u_system/u_w_provider/u_im5/u_main_sprom/xpm_memory_base_inst/gen_rd_a.gen_rd_a_synth_template.gen_rf_narrow_reg.douta_reg_reg/RSTRAMARSTRAM  (IS_INVERTED)
  -------------------------------------------------------------------    -------------------

                         (clock aclk rise edge)       0.000     0.000 r  
                                                      0.000     0.000 r  aclk (IN)
                         net (fo=5092, unset)         0.432     0.432    dbf_reference_bd_i/dbf_axis_0/inst/u_system/u_w_provider/u_im5/u_main_sprom/xpm_memory_base_inst/clka
    RAMB36_X0Y3          RAMB36E1                                     r  dbf_reference_bd_i/dbf_axis_0/inst/u_system/u_w_provider/u_im5/u_main_sprom/xpm_memory_base_inst/gen_rd_a.gen_rd_a_synth_template.gen_rf_narrow_reg.douta_reg_reg/CLKARDCLK

Slack:                    inf
  Source:                 aresetn
                            (input port)
  Destination:            dbf_reference_bd_i/dbf_axis_0/inst/u_system/u_w_provider/u_im6/u_main_sprom/xpm_memory_base_inst/gen_rd_a.gen_rd_a_synth_template.gen_rf_narrow_reg.douta_reg_reg/RSTRAMARSTRAM
                            (rising edge-triggered cell RAMB36E1 clocked by aclk  {rise@0.000ns fall@2.500ns period=5.000ns})
  Path Group:             (none)
  Path Type:              Hold (Min at Fast Process Corner)
  Data Path Delay:        0.410ns  (logic 0.000ns (0.000%)  route 0.410ns (100.000%))
  Logic Levels:           0  
  Clock Path Skew:        0.432ns (DCD - SCD - CPR)
    Destination Clock Delay (DCD):    0.432ns
    Source Clock Delay      (SCD):    0.000ns
    Clock Pessimism Removal (CPR):    -0.000ns
  Timing Exception:       False Path

    Location             Delay type                Incr(ns)  Path(ns)    Netlist Resource(s)
  -------------------------------------------------------------------    -------------------
                                                      0.000     0.000 f  aresetn (IN)
                         net (fo=67, unset)           0.410     0.410    dbf_reference_bd_i/dbf_axis_0/inst/u_system/u_w_provider/u_im6/u_main_sprom/xpm_memory_base_inst/lopt
    RAMB36_X0Y8          RAMB36E1                                     r  dbf_reference_bd_i/dbf_axis_0/inst/u_system/u_w_provider/u_im6/u_main_sprom/xpm_memory_base_inst/gen_rd_a.gen_rd_a_synth_template.gen_rf_narrow_reg.douta_reg_reg/RSTRAMARSTRAM  (IS_INVERTED)
  -------------------------------------------------------------------    -------------------

                         (clock aclk rise edge)       0.000     0.000 r  
                                                      0.000     0.000 r  aclk (IN)
                         net (fo=5092, unset)         0.432     0.432    dbf_reference_bd_i/dbf_axis_0/inst/u_system/u_w_provider/u_im6/u_main_sprom/xpm_memory_base_inst/clka
    RAMB36_X0Y8          RAMB36E1                                     r  dbf_reference_bd_i/dbf_axis_0/inst/u_system/u_w_provider/u_im6/u_main_sprom/xpm_memory_base_inst/gen_rd_a.gen_rd_a_synth_template.gen_rf_narrow_reg.douta_reg_reg/CLKARDCLK

Slack:                    inf
  Source:                 aresetn
                            (input port)
  Destination:            dbf_reference_bd_i/dbf_axis_0/inst/u_system/u_w_provider/u_re0/u_main_sprom/xpm_memory_base_inst/gen_rd_a.gen_rd_a_synth_template.gen_rf_narrow_reg.douta_reg_reg/RSTRAMARSTRAM
                            (rising edge-triggered cell RAMB36E1 clocked by aclk  {rise@0.000ns fall@2.500ns period=5.000ns})
  Path Group:             (none)
  Path Type:              Hold (Min at Fast Process Corner)
  Data Path Delay:        0.410ns  (logic 0.000ns (0.000%)  route 0.410ns (100.000%))
  Logic Levels:           0  
  Clock Path Skew:        0.432ns (DCD - SCD - CPR)
    Destination Clock Delay (DCD):    0.432ns
    Source Clock Delay      (SCD):    0.000ns
    Clock Pessimism Removal (CPR):    -0.000ns
  Timing Exception:       False Path

    Location             Delay type                Incr(ns)  Path(ns)    Netlist Resource(s)
  -------------------------------------------------------------------    -------------------
                                                      0.000     0.000 f  aresetn (IN)
                         net (fo=67, unset)           0.410     0.410    dbf_reference_bd_i/dbf_axis_0/inst/u_system/u_w_provider/u_re0/u_main_sprom/xpm_memory_base_inst/lopt
    RAMB36_X1Y2          RAMB36E1                                     r  dbf_reference_bd_i/dbf_axis_0/inst/u_system/u_w_provider/u_re0/u_main_sprom/xpm_memory_base_inst/gen_rd_a.gen_rd_a_synth_template.gen_rf_narrow_reg.douta_reg_reg/RSTRAMARSTRAM  (IS_INVERTED)
  -------------------------------------------------------------------    -------------------

                         (clock aclk rise edge)       0.000     0.000 r  
                                                      0.000     0.000 r  aclk (IN)
                         net (fo=5092, unset)         0.432     0.432    dbf_reference_bd_i/dbf_axis_0/inst/u_system/u_w_provider/u_re0/u_main_sprom/xpm_memory_base_inst/clka
    RAMB36_X1Y2          RAMB36E1                                     r  dbf_reference_bd_i/dbf_axis_0/inst/u_system/u_w_provider/u_re0/u_main_sprom/xpm_memory_base_inst/gen_rd_a.gen_rd_a_synth_template.gen_rf_narrow_reg.douta_reg_reg/CLKARDCLK

Slack:                    inf
  Source:                 aresetn
                            (input port)
  Destination:            dbf_reference_bd_i/dbf_axis_0/inst/u_system/u_w_provider/u_re1/u_main_sprom/xpm_memory_base_inst/gen_rd_a.gen_rd_a_synth_template.gen_rf_narrow_reg.douta_reg_reg/RSTRAMARSTRAM
                            (rising edge-triggered cell RAMB36E1 clocked by aclk  {rise@0.000ns fall@2.500ns period=5.000ns})
  Path Group:             (none)
  Path Type:              Hold (Min at Fast Process Corner)
  Data Path Delay:        0.410ns  (logic 0.000ns (0.000%)  route 0.410ns (100.000%))
  Logic Levels:           0  
  Clock Path Skew:        0.432ns (DCD - SCD - CPR)
    Destination Clock Delay (DCD):    0.432ns
    Source Clock Delay      (SCD):    0.000ns
    Clock Pessimism Removal (CPR):    -0.000ns
  Timing Exception:       False Path

    Location             Delay type                Incr(ns)  Path(ns)    Netlist Resource(s)
  -------------------------------------------------------------------    -------------------
                                                      0.000     0.000 f  aresetn (IN)
                         net (fo=67, unset)           0.410     0.410    dbf_reference_bd_i/dbf_axis_0/inst/u_system/u_w_provider/u_re1/u_main_sprom/xpm_memory_base_inst/lopt
    RAMB36_X2Y3          RAMB36E1                                     r  dbf_reference_bd_i/dbf_axis_0/inst/u_system/u_w_provider/u_re1/u_main_sprom/xpm_memory_base_inst/gen_rd_a.gen_rd_a_synth_template.gen_rf_narrow_reg.douta_reg_reg/RSTRAMARSTRAM  (IS_INVERTED)
  -------------------------------------------------------------------    -------------------

                         (clock aclk rise edge)       0.000     0.000 r  
                                                      0.000     0.000 r  aclk (IN)
                         net (fo=5092, unset)         0.432     0.432    dbf_reference_bd_i/dbf_axis_0/inst/u_system/u_w_provider/u_re1/u_main_sprom/xpm_memory_base_inst/clka
    RAMB36_X2Y3          RAMB36E1                                     r  dbf_reference_bd_i/dbf_axis_0/inst/u_system/u_w_provider/u_re1/u_main_sprom/xpm_memory_base_inst/gen_rd_a.gen_rd_a_synth_template.gen_rf_narrow_reg.douta_reg_reg/CLKARDCLK

Slack:                    inf
  Source:                 aresetn
                            (input port)
  Destination:            dbf_reference_bd_i/dbf_axis_0/inst/u_system/u_w_provider/u_re2/u_main_sprom/xpm_memory_base_inst/gen_rd_a.gen_rd_a_synth_template.gen_rf_narrow_reg.douta_reg_reg/RSTRAMARSTRAM
                            (rising edge-triggered cell RAMB36E1 clocked by aclk  {rise@0.000ns fall@2.500ns period=5.000ns})
  Path Group:             (none)
  Path Type:              Hold (Min at Fast Process Corner)
  Data Path Delay:        0.410ns  (logic 0.000ns (0.000%)  route 0.410ns (100.000%))
  Logic Levels:           0  
  Clock Path Skew:        0.432ns (DCD - SCD - CPR)
    Destination Clock Delay (DCD):    0.432ns
    Source Clock Delay      (SCD):    0.000ns
    Clock Pessimism Removal (CPR):    -0.000ns
  Timing Exception:       False Path

    Location             Delay type                Incr(ns)  Path(ns)    Netlist Resource(s)
  -------------------------------------------------------------------    -------------------
                                                      0.000     0.000 f  aresetn (IN)
                         net (fo=67, unset)           0.410     0.410    dbf_reference_bd_i/dbf_axis_0/inst/u_system/u_w_provider/u_re2/u_main_sprom/xpm_memory_base_inst/lopt
    RAMB36_X2Y1          RAMB36E1                                     r  dbf_reference_bd_i/dbf_axis_0/inst/u_system/u_w_provider/u_re2/u_main_sprom/xpm_memory_base_inst/gen_rd_a.gen_rd_a_synth_template.gen_rf_narrow_reg.douta_reg_reg/RSTRAMARSTRAM  (IS_INVERTED)
  -------------------------------------------------------------------    -------------------

                         (clock aclk rise edge)       0.000     0.000 r  
                                                      0.000     0.000 r  aclk (IN)
                         net (fo=5092, unset)         0.432     0.432    dbf_reference_bd_i/dbf_axis_0/inst/u_system/u_w_provider/u_re2/u_main_sprom/xpm_memory_base_inst/clka
    RAMB36_X2Y1          RAMB36E1                                     r  dbf_reference_bd_i/dbf_axis_0/inst/u_system/u_w_provider/u_re2/u_main_sprom/xpm_memory_base_inst/gen_rd_a.gen_rd_a_synth_template.gen_rf_narrow_reg.douta_reg_reg/CLKARDCLK

Slack:                    inf
  Source:                 aresetn
                            (input port)
  Destination:            dbf_reference_bd_i/dbf_axis_0/inst/u_system/u_w_provider/u_re3/u_main_sprom/xpm_memory_base_inst/gen_rd_a.gen_rd_a_synth_template.gen_rf_narrow_reg.douta_reg_reg/RSTRAMARSTRAM
                            (rising edge-triggered cell RAMB36E1 clocked by aclk  {rise@0.000ns fall@2.500ns period=5.000ns})
  Path Group:             (none)
  Path Type:              Hold (Min at Fast Process Corner)
  Data Path Delay:        0.410ns  (logic 0.000ns (0.000%)  route 0.410ns (100.000%))
  Logic Levels:           0  
  Clock Path Skew:        0.432ns (DCD - SCD - CPR)
    Destination Clock Delay (DCD):    0.432ns
    Source Clock Delay      (SCD):    0.000ns
    Clock Pessimism Removal (CPR):    -0.000ns
  Timing Exception:       False Path

    Location             Delay type                Incr(ns)  Path(ns)    Netlist Resource(s)
  -------------------------------------------------------------------    -------------------
                                                      0.000     0.000 f  aresetn (IN)
                         net (fo=67, unset)           0.410     0.410    dbf_reference_bd_i/dbf_axis_0/inst/u_system/u_w_provider/u_re3/u_main_sprom/xpm_memory_base_inst/lopt
    RAMB36_X1Y5          RAMB36E1                                     r  dbf_reference_bd_i/dbf_axis_0/inst/u_system/u_w_provider/u_re3/u_main_sprom/xpm_memory_base_inst/gen_rd_a.gen_rd_a_synth_template.gen_rf_narrow_reg.douta_reg_reg/RSTRAMARSTRAM  (IS_INVERTED)
  -------------------------------------------------------------------    -------------------

                         (clock aclk rise edge)       0.000     0.000 r  
                                                      0.000     0.000 r  aclk (IN)
                         net (fo=5092, unset)         0.432     0.432    dbf_reference_bd_i/dbf_axis_0/inst/u_system/u_w_provider/u_re3/u_main_sprom/xpm_memory_base_inst/clka
    RAMB36_X1Y5          RAMB36E1                                     r  dbf_reference_bd_i/dbf_axis_0/inst/u_system/u_w_provider/u_re3/u_main_sprom/xpm_memory_base_inst/gen_rd_a.gen_rd_a_synth_template.gen_rf_narrow_reg.douta_reg_reg/CLKARDCLK

Slack:                    inf
  Source:                 aresetn
                            (input port)
  Destination:            dbf_reference_bd_i/dbf_axis_0/inst/u_system/u_w_provider/u_re4/u_main_sprom/xpm_memory_base_inst/gen_rd_a.gen_rd_a_synth_template.gen_rf_narrow_reg.douta_reg_reg/RSTRAMARSTRAM
                            (rising edge-triggered cell RAMB36E1 clocked by aclk  {rise@0.000ns fall@2.500ns period=5.000ns})
  Path Group:             (none)
  Path Type:              Hold (Min at Fast Process Corner)
  Data Path Delay:        0.410ns  (logic 0.000ns (0.000%)  route 0.410ns (100.000%))
  Logic Levels:           0  
  Clock Path Skew:        0.432ns (DCD - SCD - CPR)
    Destination Clock Delay (DCD):    0.432ns
    Source Clock Delay      (SCD):    0.000ns
    Clock Pessimism Removal (CPR):    -0.000ns
  Timing Exception:       False Path

    Location             Delay type                Incr(ns)  Path(ns)    Netlist Resource(s)
  -------------------------------------------------------------------    -------------------
                                                      0.000     0.000 f  aresetn (IN)
                         net (fo=67, unset)           0.410     0.410    dbf_reference_bd_i/dbf_axis_0/inst/u_system/u_w_provider/u_re4/u_main_sprom/xpm_memory_base_inst/lopt
    RAMB36_X0Y1          RAMB36E1                                     r  dbf_reference_bd_i/dbf_axis_0/inst/u_system/u_w_provider/u_re4/u_main_sprom/xpm_memory_base_inst/gen_rd_a.gen_rd_a_synth_template.gen_rf_narrow_reg.douta_reg_reg/RSTRAMARSTRAM  (IS_INVERTED)
  -------------------------------------------------------------------    -------------------

                         (clock aclk rise edge)       0.000     0.000 r  
                                                      0.000     0.000 r  aclk (IN)
                         net (fo=5092, unset)         0.432     0.432    dbf_reference_bd_i/dbf_axis_0/inst/u_system/u_w_provider/u_re4/u_main_sprom/xpm_memory_base_inst/clka
    RAMB36_X0Y1          RAMB36E1                                     r  dbf_reference_bd_i/dbf_axis_0/inst/u_system/u_w_provider/u_re4/u_main_sprom/xpm_memory_base_inst/gen_rd_a.gen_rd_a_synth_template.gen_rf_narrow_reg.douta_reg_reg/CLKARDCLK

Slack:                    inf
  Source:                 aresetn
                            (input port)
  Destination:            dbf_reference_bd_i/dbf_axis_0/inst/u_system/u_w_provider/u_re5/u_main_sprom/xpm_memory_base_inst/gen_rd_a.gen_rd_a_synth_template.gen_rf_narrow_reg.douta_reg_reg/RSTRAMARSTRAM
                            (rising edge-triggered cell RAMB36E1 clocked by aclk  {rise@0.000ns fall@2.500ns period=5.000ns})
  Path Group:             (none)
  Path Type:              Hold (Min at Fast Process Corner)
  Data Path Delay:        0.410ns  (logic 0.000ns (0.000%)  route 0.410ns (100.000%))
  Logic Levels:           0  
  Clock Path Skew:        0.432ns (DCD - SCD - CPR)
    Destination Clock Delay (DCD):    0.432ns
    Source Clock Delay      (SCD):    0.000ns
    Clock Pessimism Removal (CPR):    -0.000ns
  Timing Exception:       False Path

    Location             Delay type                Incr(ns)  Path(ns)    Netlist Resource(s)
  -------------------------------------------------------------------    -------------------
                                                      0.000     0.000 f  aresetn (IN)
                         net (fo=67, unset)           0.410     0.410    dbf_reference_bd_i/dbf_axis_0/inst/u_system/u_w_provider/u_re5/u_main_sprom/xpm_memory_base_inst/lopt
    RAMB36_X0Y4          RAMB36E1                                     r  dbf_reference_bd_i/dbf_axis_0/inst/u_system/u_w_provider/u_re5/u_main_sprom/xpm_memory_base_inst/gen_rd_a.gen_rd_a_synth_template.gen_rf_narrow_reg.douta_reg_reg/RSTRAMARSTRAM  (IS_INVERTED)
  -------------------------------------------------------------------    -------------------

                         (clock aclk rise edge)       0.000     0.000 r  
                                                      0.000     0.000 r  aclk (IN)
                         net (fo=5092, unset)         0.432     0.432    dbf_reference_bd_i/dbf_axis_0/inst/u_system/u_w_provider/u_re5/u_main_sprom/xpm_memory_base_inst/clka
    RAMB36_X0Y4          RAMB36E1                                     r  dbf_reference_bd_i/dbf_axis_0/inst/u_system/u_w_provider/u_re5/u_main_sprom/xpm_memory_base_inst/gen_rd_a.gen_rd_a_synth_template.gen_rf_narrow_reg.douta_reg_reg/CLKARDCLK

Slack:                    inf
  Source:                 aresetn
                            (input port)
  Destination:            dbf_reference_bd_i/dbf_axis_0/inst/u_system/u_w_provider/u_re6/u_main_sprom/xpm_memory_base_inst/gen_rd_a.gen_rd_a_synth_template.gen_rf_narrow_reg.douta_reg_reg/RSTRAMARSTRAM
                            (rising edge-triggered cell RAMB36E1 clocked by aclk  {rise@0.000ns fall@2.500ns period=5.000ns})
  Path Group:             (none)
  Path Type:              Hold (Min at Fast Process Corner)
  Data Path Delay:        0.410ns  (logic 0.000ns (0.000%)  route 0.410ns (100.000%))
  Logic Levels:           0  
  Clock Path Skew:        0.432ns (DCD - SCD - CPR)
    Destination Clock Delay (DCD):    0.432ns
    Source Clock Delay      (SCD):    0.000ns
    Clock Pessimism Removal (CPR):    -0.000ns
  Timing Exception:       False Path

    Location             Delay type                Incr(ns)  Path(ns)    Netlist Resource(s)
  -------------------------------------------------------------------    -------------------
                                                      0.000     0.000 f  aresetn (IN)
                         net (fo=67, unset)           0.410     0.410    dbf_reference_bd_i/dbf_axis_0/inst/u_system/u_w_provider/u_re6/u_main_sprom/xpm_memory_base_inst/lopt
    RAMB36_X0Y7          RAMB36E1                                     r  dbf_reference_bd_i/dbf_axis_0/inst/u_system/u_w_provider/u_re6/u_main_sprom/xpm_memory_base_inst/gen_rd_a.gen_rd_a_synth_template.gen_rf_narrow_reg.douta_reg_reg/RSTRAMARSTRAM  (IS_INVERTED)
  -------------------------------------------------------------------    -------------------

                         (clock aclk rise edge)       0.000     0.000 r  
                                                      0.000     0.000 r  aclk (IN)
                         net (fo=5092, unset)         0.432     0.432    dbf_reference_bd_i/dbf_axis_0/inst/u_system/u_w_provider/u_re6/u_main_sprom/xpm_memory_base_inst/clka
    RAMB36_X0Y7          RAMB36E1                                     r  dbf_reference_bd_i/dbf_axis_0/inst/u_system/u_w_provider/u_re6/u_main_sprom/xpm_memory_base_inst/gen_rd_a.gen_rd_a_synth_template.gen_rf_narrow_reg.douta_reg_reg/CLKARDCLK

Slack:                    inf
  Source:                 aresetn
                            (input port)
  Destination:            dbf_reference_bd_i/dbf_axis_0/inst/u_system/u_datapath/u_core/gen_lane[0].u_lane/u_quant_im/z_out_reg[23]/D
                            (rising edge-triggered cell FDRE clocked by aclk  {rise@0.000ns fall@2.500ns period=5.000ns})
  Path Group:             (none)
  Path Type:              Hold (Min at Fast Process Corner)
  Data Path Delay:        0.455ns  (logic 0.045ns (9.887%)  route 0.410ns (90.113%))
  Logic Levels:           1  (LUT6=1)
  Clock Path Skew:        0.432ns (DCD - SCD - CPR)
    Destination Clock Delay (DCD):    0.432ns
    Source Clock Delay      (SCD):    0.000ns
    Clock Pessimism Removal (CPR):    -0.000ns
  Timing Exception:       False Path

    Location             Delay type                Incr(ns)  Path(ns)    Netlist Resource(s)
  -------------------------------------------------------------------    -------------------
                                                      0.000     0.000 r  aresetn (IN)
                         net (fo=67, unset)           0.410     0.410    dbf_reference_bd_i/dbf_axis_0/inst/u_system/u_datapath/u_core/gen_lane[0].u_lane/u_quant_im/aresetn
    SLICE_X34Y24         LUT6 (Prop_lut6_I1_O)        0.045     0.455 r  dbf_reference_bd_i/dbf_axis_0/inst/u_system/u_datapath/u_core/gen_lane[0].u_lane/u_quant_im/z_out[23]_i_1/O
                         net (fo=1, routed)           0.000     0.455    dbf_reference_bd_i/dbf_axis_0/inst/u_system/u_datapath/u_core/gen_lane[0].u_lane/u_quant_im/z_out[23]_i_1_n_0
    SLICE_X34Y24         FDRE                                         r  dbf_reference_bd_i/dbf_axis_0/inst/u_system/u_datapath/u_core/gen_lane[0].u_lane/u_quant_im/z_out_reg[23]/D
  -------------------------------------------------------------------    -------------------

                         (clock aclk rise edge)       0.000     0.000 r  
                                                      0.000     0.000 r  aclk (IN)
                         net (fo=5092, unset)         0.432     0.432    dbf_reference_bd_i/dbf_axis_0/inst/u_system/u_datapath/u_core/gen_lane[0].u_lane/u_quant_im/aclk
    SLICE_X34Y24         FDRE                                         r  dbf_reference_bd_i/dbf_axis_0/inst/u_system/u_datapath/u_core/gen_lane[0].u_lane/u_quant_im/z_out_reg[23]/C

Slack:                    inf
  Source:                 aresetn
                            (input port)
  Destination:            dbf_reference_bd_i/dbf_axis_0/inst/u_system/u_datapath/u_core/gen_lane[0].u_lane/u_quant_re/z_out_reg[23]/D
                            (rising edge-triggered cell FDRE clocked by aclk  {rise@0.000ns fall@2.500ns period=5.000ns})
  Path Group:             (none)
  Path Type:              Hold (Min at Fast Process Corner)
  Data Path Delay:        0.455ns  (logic 0.045ns (9.887%)  route 0.410ns (90.113%))
  Logic Levels:           1  (LUT6=1)
  Clock Path Skew:        0.432ns (DCD - SCD - CPR)
    Destination Clock Delay (DCD):    0.432ns
    Source Clock Delay      (SCD):    0.000ns
    Clock Pessimism Removal (CPR):    -0.000ns
  Timing Exception:       False Path

    Location             Delay type                Incr(ns)  Path(ns)    Netlist Resource(s)
  -------------------------------------------------------------------    -------------------
                                                      0.000     0.000 r  aresetn (IN)
                         net (fo=67, unset)           0.410     0.410    dbf_reference_bd_i/dbf_axis_0/inst/u_system/u_datapath/u_core/gen_lane[0].u_lane/u_quant_re/aresetn
    SLICE_X37Y23         LUT6 (Prop_lut6_I1_O)        0.045     0.455 r  dbf_reference_bd_i/dbf_axis_0/inst/u_system/u_datapath/u_core/gen_lane[0].u_lane/u_quant_re/z_out[23]_i_2/O
                         net (fo=1, routed)           0.000     0.455    dbf_reference_bd_i/dbf_axis_0/inst/u_system/u_datapath/u_core/gen_lane[0].u_lane/u_quant_re/z_out[23]
    SLICE_X37Y23         FDRE                                         r  dbf_reference_bd_i/dbf_axis_0/inst/u_system/u_datapath/u_core/gen_lane[0].u_lane/u_quant_re/z_out_reg[23]/D
  -------------------------------------------------------------------    -------------------

                         (clock aclk rise edge)       0.000     0.000 r  
                                                      0.000     0.000 r  aclk (IN)
                         net (fo=5092, unset)         0.432     0.432    dbf_reference_bd_i/dbf_axis_0/inst/u_system/u_datapath/u_core/gen_lane[0].u_lane/u_quant_re/aclk
    SLICE_X37Y23         FDRE                                         r  dbf_reference_bd_i/dbf_axis_0/inst/u_system/u_datapath/u_core/gen_lane[0].u_lane/u_quant_re/z_out_reg[23]/C

Slack:                    inf
  Source:                 aresetn
                            (input port)
  Destination:            dbf_reference_bd_i/dbf_axis_0/inst/u_system/u_datapath/u_core/gen_lane[1].u_lane/u_quant_im/z_out_reg[23]/D
                            (rising edge-triggered cell FDRE clocked by aclk  {rise@0.000ns fall@2.500ns period=5.000ns})
  Path Group:             (none)
  Path Type:              Hold (Min at Fast Process Corner)
  Data Path Delay:        0.455ns  (logic 0.045ns (9.887%)  route 0.410ns (90.113%))
  Logic Levels:           1  (LUT6=1)
  Clock Path Skew:        0.432ns (DCD - SCD - CPR)
    Destination Clock Delay (DCD):    0.432ns
    Source Clock Delay      (SCD):    0.000ns
    Clock Pessimism Removal (CPR):    -0.000ns
  Timing Exception:       False Path

    Location             Delay type                Incr(ns)  Path(ns)    Netlist Resource(s)
  -------------------------------------------------------------------    -------------------
                                                      0.000     0.000 r  aresetn (IN)
                         net (fo=67, unset)           0.410     0.410    dbf_reference_bd_i/dbf_axis_0/inst/u_system/u_datapath/u_core/gen_lane[1].u_lane/u_quant_im/aresetn
    SLICE_X45Y37         LUT6 (Prop_lut6_I1_O)        0.045     0.455 r  dbf_reference_bd_i/dbf_axis_0/inst/u_system/u_datapath/u_core/gen_lane[1].u_lane/u_quant_im/z_out[23]_i_1/O
                         net (fo=1, routed)           0.000     0.455    dbf_reference_bd_i/dbf_axis_0/inst/u_system/u_datapath/u_core/gen_lane[1].u_lane/u_quant_im/z_out[23]_i_1_n_0
    SLICE_X45Y37         FDRE                                         r  dbf_reference_bd_i/dbf_axis_0/inst/u_system/u_datapath/u_core/gen_lane[1].u_lane/u_quant_im/z_out_reg[23]/D
  -------------------------------------------------------------------    -------------------

                         (clock aclk rise edge)       0.000     0.000 r  
                                                      0.000     0.000 r  aclk (IN)
                         net (fo=5092, unset)         0.432     0.432    dbf_reference_bd_i/dbf_axis_0/inst/u_system/u_datapath/u_core/gen_lane[1].u_lane/u_quant_im/aclk
    SLICE_X45Y37         FDRE                                         r  dbf_reference_bd_i/dbf_axis_0/inst/u_system/u_datapath/u_core/gen_lane[1].u_lane/u_quant_im/z_out_reg[23]/C

Slack:                    inf
  Source:                 aresetn
                            (input port)
  Destination:            dbf_reference_bd_i/dbf_axis_0/inst/u_system/u_datapath/u_core/gen_lane[1].u_lane/u_quant_re/z_out_reg[23]/D
                            (rising edge-triggered cell FDRE clocked by aclk  {rise@0.000ns fall@2.500ns period=5.000ns})
  Path Group:             (none)
  Path Type:              Hold (Min at Fast Process Corner)
  Data Path Delay:        0.455ns  (logic 0.045ns (9.887%)  route 0.410ns (90.113%))
  Logic Levels:           1  (LUT6=1)
  Clock Path Skew:        0.432ns (DCD - SCD - CPR)
    Destination Clock Delay (DCD):    0.432ns
    Source Clock Delay      (SCD):    0.000ns
    Clock Pessimism Removal (CPR):    -0.000ns
  Timing Exception:       False Path

    Location             Delay type                Incr(ns)  Path(ns)    Netlist Resource(s)
  -------------------------------------------------------------------    -------------------
                                                      0.000     0.000 r  aresetn (IN)
                         net (fo=67, unset)           0.410     0.410    dbf_reference_bd_i/dbf_axis_0/inst/u_system/u_datapath/u_core/gen_lane[1].u_lane/u_quant_re/aresetn
    SLICE_X45Y39         LUT6 (Prop_lut6_I1_O)        0.045     0.455 r  dbf_reference_bd_i/dbf_axis_0/inst/u_system/u_datapath/u_core/gen_lane[1].u_lane/u_quant_re/z_out[23]_i_1/O
                         net (fo=1, routed)           0.000     0.455    dbf_reference_bd_i/dbf_axis_0/inst/u_system/u_datapath/u_core/gen_lane[1].u_lane/u_quant_re/z_out[23]
    SLICE_X45Y39         FDRE                                         r  dbf_reference_bd_i/dbf_axis_0/inst/u_system/u_datapath/u_core/gen_lane[1].u_lane/u_quant_re/z_out_reg[23]/D
  -------------------------------------------------------------------    -------------------

                         (clock aclk rise edge)       0.000     0.000 r  
                                                      0.000     0.000 r  aclk (IN)
                         net (fo=5092, unset)         0.432     0.432    dbf_reference_bd_i/dbf_axis_0/inst/u_system/u_datapath/u_core/gen_lane[1].u_lane/u_quant_re/aclk
    SLICE_X45Y39         FDRE                                         r  dbf_reference_bd_i/dbf_axis_0/inst/u_system/u_datapath/u_core/gen_lane[1].u_lane/u_quant_re/z_out_reg[23]/C

Slack:                    inf
  Source:                 aresetn
                            (input port)
  Destination:            dbf_reference_bd_i/dbf_axis_0/inst/u_system/u_datapath/u_core/gen_lane[2].u_lane/u_quant_im/z_out_reg[23]/D
                            (rising edge-triggered cell FDRE clocked by aclk  {rise@0.000ns fall@2.500ns period=5.000ns})
  Path Group:             (none)
  Path Type:              Hold (Min at Fast Process Corner)
  Data Path Delay:        0.455ns  (logic 0.045ns (9.887%)  route 0.410ns (90.113%))
  Logic Levels:           1  (LUT6=1)
  Clock Path Skew:        0.432ns (DCD - SCD - CPR)
    Destination Clock Delay (DCD):    0.432ns
    Source Clock Delay      (SCD):    0.000ns
    Clock Pessimism Removal (CPR):    -0.000ns
  Timing Exception:       False Path

    Location             Delay type                Incr(ns)  Path(ns)    Netlist Resource(s)
  -------------------------------------------------------------------    -------------------
                                                      0.000     0.000 r  aresetn (IN)
                         net (fo=67, unset)           0.410     0.410    dbf_reference_bd_i/dbf_axis_0/inst/u_system/u_datapath/u_core/gen_lane[2].u_lane/u_quant_im/aresetn
    SLICE_X49Y22         LUT6 (Prop_lut6_I1_O)        0.045     0.455 r  dbf_reference_bd_i/dbf_axis_0/inst/u_system/u_datapath/u_core/gen_lane[2].u_lane/u_quant_im/z_out[23]_i_1/O
                         net (fo=1, routed)           0.000     0.455    dbf_reference_bd_i/dbf_axis_0/inst/u_system/u_datapath/u_core/gen_lane[2].u_lane/u_quant_im/z_out[23]_i_1_n_0
    SLICE_X49Y22         FDRE                                         r  dbf_reference_bd_i/dbf_axis_0/inst/u_system/u_datapath/u_core/gen_lane[2].u_lane/u_quant_im/z_out_reg[23]/D
  -------------------------------------------------------------------    -------------------

                         (clock aclk rise edge)       0.000     0.000 r  
                                                      0.000     0.000 r  aclk (IN)
                         net (fo=5092, unset)         0.432     0.432    dbf_reference_bd_i/dbf_axis_0/inst/u_system/u_datapath/u_core/gen_lane[2].u_lane/u_quant_im/aclk
    SLICE_X49Y22         FDRE                                         r  dbf_reference_bd_i/dbf_axis_0/inst/u_system/u_datapath/u_core/gen_lane[2].u_lane/u_quant_im/z_out_reg[23]/C

Slack:                    inf
  Source:                 aresetn
                            (input port)
  Destination:            dbf_reference_bd_i/dbf_axis_0/inst/u_system/u_datapath/u_core/gen_lane[2].u_lane/u_quant_re/z_out_reg[23]/D
                            (rising edge-triggered cell FDRE clocked by aclk  {rise@0.000ns fall@2.500ns period=5.000ns})
  Path Group:             (none)
  Path Type:              Hold (Min at Fast Process Corner)
  Data Path Delay:        0.455ns  (logic 0.045ns (9.887%)  route 0.410ns (90.113%))
  Logic Levels:           1  (LUT6=1)
  Clock Path Skew:        0.432ns (DCD - SCD - CPR)
    Destination Clock Delay (DCD):    0.432ns
    Source Clock Delay      (SCD):    0.000ns
    Clock Pessimism Removal (CPR):    -0.000ns
  Timing Exception:       False Path

    Location             Delay type                Incr(ns)  Path(ns)    Netlist Resource(s)
  -------------------------------------------------------------------    -------------------
                                                      0.000     0.000 r  aresetn (IN)
                         net (fo=67, unset)           0.410     0.410    dbf_reference_bd_i/dbf_axis_0/inst/u_system/u_datapath/u_core/gen_lane[2].u_lane/u_quant_re/aresetn
    SLICE_X46Y23         LUT6 (Prop_lut6_I1_O)        0.045     0.455 r  dbf_reference_bd_i/dbf_axis_0/inst/u_system/u_datapath/u_core/gen_lane[2].u_lane/u_quant_re/z_out[23]_i_1/O
                         net (fo=1, routed)           0.000     0.455    dbf_reference_bd_i/dbf_axis_0/inst/u_system/u_datapath/u_core/gen_lane[2].u_lane/u_quant_re/z_out[23]
    SLICE_X46Y23         FDRE                                         r  dbf_reference_bd_i/dbf_axis_0/inst/u_system/u_datapath/u_core/gen_lane[2].u_lane/u_quant_re/z_out_reg[23]/D
  -------------------------------------------------------------------    -------------------

                         (clock aclk rise edge)       0.000     0.000 r  
                                                      0.000     0.000 r  aclk (IN)
                         net (fo=5092, unset)         0.432     0.432    dbf_reference_bd_i/dbf_axis_0/inst/u_system/u_datapath/u_core/gen_lane[2].u_lane/u_quant_re/aclk
    SLICE_X46Y23         FDRE                                         r  dbf_reference_bd_i/dbf_axis_0/inst/u_system/u_datapath/u_core/gen_lane[2].u_lane/u_quant_re/z_out_reg[23]/C





--------------------------------------------------------------------------------------
Path Group:  (none)
From Clock:  aclk
  To Clock:  

Max Delay           114 Endpoints
Min Delay           114 Endpoints
--------------------------------------------------------------------------------------


Max Delay Paths
--------------------------------------------------------------------------------------
Slack:                    inf
  Source:                 dbf_reference_bd_i/dbf_axis_0/inst/u_system/u_datapath/FSM_sequential_state_reg[1]/C
                            (rising edge-triggered cell FDRE clocked by aclk  {rise@0.000ns fall@2.500ns period=5.000ns})
  Destination:            dbf_status_busy
                            (output port)
  Path Group:             (none)
  Path Type:              Max at Slow Process Corner
  Data Path Delay:        3.326ns  (logic 0.642ns (19.304%)  route 2.684ns (80.696%))
  Logic Levels:           1  (LUT4=1)
  Clock Uncertainty:      0.025ns  ((TSJ^2 + TIJ^2)^1/2 + DJ) / 2 + PE
    Total System Jitter     (TSJ):    0.050ns
    Total Input Jitter      (TIJ):    0.000ns
    Discrete Jitter          (DJ):    0.000ns
    Phase Error              (PE):    0.000ns

    Location             Delay type                Incr(ns)  Path(ns)    Netlist Resource(s)
  -------------------------------------------------------------------    -------------------
                         (clock aclk rise edge)       0.000     0.000 r  
                                                      0.000     0.000 r  aclk (IN)
                         net (fo=5092, unset)         0.973     0.973    dbf_reference_bd_i/dbf_axis_0/inst/u_system/u_datapath/aclk
    SLICE_X20Y22         FDRE                                         r  dbf_reference_bd_i/dbf_axis_0/inst/u_system/u_datapath/FSM_sequential_state_reg[1]/C
  -------------------------------------------------------------------    -------------------
    SLICE_X20Y22         FDRE (Prop_fdre_C_Q)         0.518     1.491 r  dbf_reference_bd_i/dbf_axis_0/inst/u_system/u_datapath/FSM_sequential_state_reg[1]/Q
                         net (fo=15, routed)          1.711     3.202    dbf_reference_bd_i/dbf_axis_0/inst/u_system/u_datapath/u_serializer/state__0[1]
    SLICE_X30Y23         LUT4 (Prop_lut4_I2_O)        0.124     3.326 r  dbf_reference_bd_i/dbf_axis_0/inst/u_system/u_datapath/u_serializer/status_busy_INST_0/O
                         net (fo=0)                   0.973     4.299    dbf_status_busy
                                                                      r  dbf_status_busy (OUT)
  -------------------------------------------------------------------    -------------------

Slack:                    inf
  Source:                 dbf_reference_bd_i/axis_out_fifo_0/inst/gen_fifo.xpm_fifo_axis_inst/xpm_fifo_base_inst/gen_sdpram.xpm_memory_base_inst/gen_wr_a.gen_word_narrow.mem_reg_0/CLKARDCLK
                            (rising edge-triggered cell RAMB36E1 clocked by aclk  {rise@0.000ns fall@2.500ns period=5.000ns})
  Destination:            M_AXIS_Z_tdata[0]
                            (output port)
  Path Group:             (none)
  Path Type:              Max at Slow Process Corner
  Data Path Delay:        1.855ns  (logic 0.882ns (47.547%)  route 0.973ns (52.453%))
  Logic Levels:           0  
  Clock Uncertainty:      0.025ns  ((TSJ^2 + TIJ^2)^1/2 + DJ) / 2 + PE
    Total System Jitter     (TSJ):    0.050ns
    Total Input Jitter      (TIJ):    0.000ns
    Discrete Jitter          (DJ):    0.000ns
    Phase Error              (PE):    0.000ns

    Location             Delay type                Incr(ns)  Path(ns)    Netlist Resource(s)
  -------------------------------------------------------------------    -------------------
                         (clock aclk rise edge)       0.000     0.000 r  
                                                      0.000     0.000 r  aclk (IN)
                         net (fo=5092, unset)         0.973     0.973    dbf_reference_bd_i/axis_out_fifo_0/inst/gen_fifo.xpm_fifo_axis_inst/xpm_fifo_base_inst/gen_sdpram.xpm_memory_base_inst/clka
    RAMB36_X2Y5          RAMB36E1                                     r  dbf_reference_bd_i/axis_out_fifo_0/inst/gen_fifo.xpm_fifo_axis_inst/xpm_fifo_base_inst/gen_sdpram.xpm_memory_base_inst/gen_wr_a.gen_word_narrow.mem_reg_0/CLKARDCLK
  -------------------------------------------------------------------    -------------------
    RAMB36_X2Y5          RAMB36E1 (Prop_ramb36e1_CLKARDCLK_DOADO[0])
                                                      0.882     1.855 r  dbf_reference_bd_i/axis_out_fifo_0/inst/gen_fifo.xpm_fifo_axis_inst/xpm_fifo_base_inst/gen_sdpram.xpm_memory_base_inst/gen_wr_a.gen_word_narrow.mem_reg_0/DOADO[0]
                         net (fo=0)                   0.973     2.828    M_AXIS_Z_tdata[0]
                                                                      r  M_AXIS_Z_tdata[0] (OUT)
  -------------------------------------------------------------------    -------------------

Slack:                    inf
  Source:                 dbf_reference_bd_i/axis_out_fifo_0/inst/gen_fifo.xpm_fifo_axis_inst/xpm_fifo_base_inst/gen_sdpram.xpm_memory_base_inst/gen_wr_a.gen_word_narrow.mem_reg_0/CLKARDCLK
                            (rising edge-triggered cell RAMB36E1 clocked by aclk  {rise@0.000ns fall@2.500ns period=5.000ns})
  Destination:            M_AXIS_Z_tdata[10]
                            (output port)
  Path Group:             (none)
  Path Type:              Max at Slow Process Corner
  Data Path Delay:        1.855ns  (logic 0.882ns (47.547%)  route 0.973ns (52.453%))
  Logic Levels:           0  
  Clock Uncertainty:      0.025ns  ((TSJ^2 + TIJ^2)^1/2 + DJ) / 2 + PE
    Total System Jitter     (TSJ):    0.050ns
    Total Input Jitter      (TIJ):    0.000ns
    Discrete Jitter          (DJ):    0.000ns
    Phase Error              (PE):    0.000ns

    Location             Delay type                Incr(ns)  Path(ns)    Netlist Resource(s)
  -------------------------------------------------------------------    -------------------
                         (clock aclk rise edge)       0.000     0.000 r  
                                                      0.000     0.000 r  aclk (IN)
                         net (fo=5092, unset)         0.973     0.973    dbf_reference_bd_i/axis_out_fifo_0/inst/gen_fifo.xpm_fifo_axis_inst/xpm_fifo_base_inst/gen_sdpram.xpm_memory_base_inst/clka
    RAMB36_X2Y5          RAMB36E1                                     r  dbf_reference_bd_i/axis_out_fifo_0/inst/gen_fifo.xpm_fifo_axis_inst/xpm_fifo_base_inst/gen_sdpram.xpm_memory_base_inst/gen_wr_a.gen_word_narrow.mem_reg_0/CLKARDCLK
  -------------------------------------------------------------------    -------------------
    RAMB36_X2Y5          RAMB36E1 (Prop_ramb36e1_CLKARDCLK_DOADO[10])
                                                      0.882     1.855 r  dbf_reference_bd_i/axis_out_fifo_0/inst/gen_fifo.xpm_fifo_axis_inst/xpm_fifo_base_inst/gen_sdpram.xpm_memory_base_inst/gen_wr_a.gen_word_narrow.mem_reg_0/DOADO[10]
                         net (fo=0)                   0.973     2.828    M_AXIS_Z_tdata[10]
                                                                      r  M_AXIS_Z_tdata[10] (OUT)
  -------------------------------------------------------------------    -------------------

Slack:                    inf
  Source:                 dbf_reference_bd_i/axis_out_fifo_0/inst/gen_fifo.xpm_fifo_axis_inst/xpm_fifo_base_inst/gen_sdpram.xpm_memory_base_inst/gen_wr_a.gen_word_narrow.mem_reg_0/CLKARDCLK
                            (rising edge-triggered cell RAMB36E1 clocked by aclk  {rise@0.000ns fall@2.500ns period=5.000ns})
  Destination:            M_AXIS_Z_tdata[11]
                            (output port)
  Path Group:             (none)
  Path Type:              Max at Slow Process Corner
  Data Path Delay:        1.855ns  (logic 0.882ns (47.547%)  route 0.973ns (52.453%))
  Logic Levels:           0  
  Clock Uncertainty:      0.025ns  ((TSJ^2 + TIJ^2)^1/2 + DJ) / 2 + PE
    Total System Jitter     (TSJ):    0.050ns
    Total Input Jitter      (TIJ):    0.000ns
    Discrete Jitter          (DJ):    0.000ns
    Phase Error              (PE):    0.000ns

    Location             Delay type                Incr(ns)  Path(ns)    Netlist Resource(s)
  -------------------------------------------------------------------    -------------------
                         (clock aclk rise edge)       0.000     0.000 r  
                                                      0.000     0.000 r  aclk (IN)
                         net (fo=5092, unset)         0.973     0.973    dbf_reference_bd_i/axis_out_fifo_0/inst/gen_fifo.xpm_fifo_axis_inst/xpm_fifo_base_inst/gen_sdpram.xpm_memory_base_inst/clka
    RAMB36_X2Y5          RAMB36E1                                     r  dbf_reference_bd_i/axis_out_fifo_0/inst/gen_fifo.xpm_fifo_axis_inst/xpm_fifo_base_inst/gen_sdpram.xpm_memory_base_inst/gen_wr_a.gen_word_narrow.mem_reg_0/CLKARDCLK
  -------------------------------------------------------------------    -------------------
    RAMB36_X2Y5          RAMB36E1 (Prop_ramb36e1_CLKARDCLK_DOADO[11])
                                                      0.882     1.855 r  dbf_reference_bd_i/axis_out_fifo_0/inst/gen_fifo.xpm_fifo_axis_inst/xpm_fifo_base_inst/gen_sdpram.xpm_memory_base_inst/gen_wr_a.gen_word_narrow.mem_reg_0/DOADO[11]
                         net (fo=0)                   0.973     2.828    M_AXIS_Z_tdata[11]
                                                                      r  M_AXIS_Z_tdata[11] (OUT)
  -------------------------------------------------------------------    -------------------

Slack:                    inf
  Source:                 dbf_reference_bd_i/axis_out_fifo_0/inst/gen_fifo.xpm_fifo_axis_inst/xpm_fifo_base_inst/gen_sdpram.xpm_memory_base_inst/gen_wr_a.gen_word_narrow.mem_reg_0/CLKARDCLK
                            (rising edge-triggered cell RAMB36E1 clocked by aclk  {rise@0.000ns fall@2.500ns period=5.000ns})
  Destination:            M_AXIS_Z_tdata[12]
                            (output port)
  Path Group:             (none)
  Path Type:              Max at Slow Process Corner
  Data Path Delay:        1.855ns  (logic 0.882ns (47.547%)  route 0.973ns (52.453%))
  Logic Levels:           0  
  Clock Uncertainty:      0.025ns  ((TSJ^2 + TIJ^2)^1/2 + DJ) / 2 + PE
    Total System Jitter     (TSJ):    0.050ns
    Total Input Jitter      (TIJ):    0.000ns
    Discrete Jitter          (DJ):    0.000ns
    Phase Error              (PE):    0.000ns

    Location             Delay type                Incr(ns)  Path(ns)    Netlist Resource(s)
  -------------------------------------------------------------------    -------------------
                         (clock aclk rise edge)       0.000     0.000 r  
                                                      0.000     0.000 r  aclk (IN)
                         net (fo=5092, unset)         0.973     0.973    dbf_reference_bd_i/axis_out_fifo_0/inst/gen_fifo.xpm_fifo_axis_inst/xpm_fifo_base_inst/gen_sdpram.xpm_memory_base_inst/clka
    RAMB36_X2Y5          RAMB36E1                                     r  dbf_reference_bd_i/axis_out_fifo_0/inst/gen_fifo.xpm_fifo_axis_inst/xpm_fifo_base_inst/gen_sdpram.xpm_memory_base_inst/gen_wr_a.gen_word_narrow.mem_reg_0/CLKARDCLK
  -------------------------------------------------------------------    -------------------
    RAMB36_X2Y5          RAMB36E1 (Prop_ramb36e1_CLKARDCLK_DOADO[12])
                                                      0.882     1.855 r  dbf_reference_bd_i/axis_out_fifo_0/inst/gen_fifo.xpm_fifo_axis_inst/xpm_fifo_base_inst/gen_sdpram.xpm_memory_base_inst/gen_wr_a.gen_word_narrow.mem_reg_0/DOADO[12]
                         net (fo=0)                   0.973     2.828    M_AXIS_Z_tdata[12]
                                                                      r  M_AXIS_Z_tdata[12] (OUT)
  -------------------------------------------------------------------    -------------------

Slack:                    inf
  Source:                 dbf_reference_bd_i/axis_out_fifo_0/inst/gen_fifo.xpm_fifo_axis_inst/xpm_fifo_base_inst/gen_sdpram.xpm_memory_base_inst/gen_wr_a.gen_word_narrow.mem_reg_0/CLKARDCLK
                            (rising edge-triggered cell RAMB36E1 clocked by aclk  {rise@0.000ns fall@2.500ns period=5.000ns})
  Destination:            M_AXIS_Z_tdata[13]
                            (output port)
  Path Group:             (none)
  Path Type:              Max at Slow Process Corner
  Data Path Delay:        1.855ns  (logic 0.882ns (47.547%)  route 0.973ns (52.453%))
  Logic Levels:           0  
  Clock Uncertainty:      0.025ns  ((TSJ^2 + TIJ^2)^1/2 + DJ) / 2 + PE
    Total System Jitter     (TSJ):    0.050ns
    Total Input Jitter      (TIJ):    0.000ns
    Discrete Jitter          (DJ):    0.000ns
    Phase Error              (PE):    0.000ns

    Location             Delay type                Incr(ns)  Path(ns)    Netlist Resource(s)
  -------------------------------------------------------------------    -------------------
                         (clock aclk rise edge)       0.000     0.000 r  
                                                      0.000     0.000 r  aclk (IN)
                         net (fo=5092, unset)         0.973     0.973    dbf_reference_bd_i/axis_out_fifo_0/inst/gen_fifo.xpm_fifo_axis_inst/xpm_fifo_base_inst/gen_sdpram.xpm_memory_base_inst/clka
    RAMB36_X2Y5          RAMB36E1                                     r  dbf_reference_bd_i/axis_out_fifo_0/inst/gen_fifo.xpm_fifo_axis_inst/xpm_fifo_base_inst/gen_sdpram.xpm_memory_base_inst/gen_wr_a.gen_word_narrow.mem_reg_0/CLKARDCLK
  -------------------------------------------------------------------    -------------------
    RAMB36_X2Y5          RAMB36E1 (Prop_ramb36e1_CLKARDCLK_DOADO[13])
                                                      0.882     1.855 r  dbf_reference_bd_i/axis_out_fifo_0/inst/gen_fifo.xpm_fifo_axis_inst/xpm_fifo_base_inst/gen_sdpram.xpm_memory_base_inst/gen_wr_a.gen_word_narrow.mem_reg_0/DOADO[13]
                         net (fo=0)                   0.973     2.828    M_AXIS_Z_tdata[13]
                                                                      r  M_AXIS_Z_tdata[13] (OUT)
  -------------------------------------------------------------------    -------------------

Slack:                    inf
  Source:                 dbf_reference_bd_i/axis_out_fifo_0/inst/gen_fifo.xpm_fifo_axis_inst/xpm_fifo_base_inst/gen_sdpram.xpm_memory_base_inst/gen_wr_a.gen_word_narrow.mem_reg_0/CLKARDCLK
                            (rising edge-triggered cell RAMB36E1 clocked by aclk  {rise@0.000ns fall@2.500ns period=5.000ns})
  Destination:            M_AXIS_Z_tdata[14]
                            (output port)
  Path Group:             (none)
  Path Type:              Max at Slow Process Corner
  Data Path Delay:        1.855ns  (logic 0.882ns (47.547%)  route 0.973ns (52.453%))
  Logic Levels:           0  
  Clock Uncertainty:      0.025ns  ((TSJ^2 + TIJ^2)^1/2 + DJ) / 2 + PE
    Total System Jitter     (TSJ):    0.050ns
    Total Input Jitter      (TIJ):    0.000ns
    Discrete Jitter          (DJ):    0.000ns
    Phase Error              (PE):    0.000ns

    Location             Delay type                Incr(ns)  Path(ns)    Netlist Resource(s)
  -------------------------------------------------------------------    -------------------
                         (clock aclk rise edge)       0.000     0.000 r  
                                                      0.000     0.000 r  aclk (IN)
                         net (fo=5092, unset)         0.973     0.973    dbf_reference_bd_i/axis_out_fifo_0/inst/gen_fifo.xpm_fifo_axis_inst/xpm_fifo_base_inst/gen_sdpram.xpm_memory_base_inst/clka
    RAMB36_X2Y5          RAMB36E1                                     r  dbf_reference_bd_i/axis_out_fifo_0/inst/gen_fifo.xpm_fifo_axis_inst/xpm_fifo_base_inst/gen_sdpram.xpm_memory_base_inst/gen_wr_a.gen_word_narrow.mem_reg_0/CLKARDCLK
  -------------------------------------------------------------------    -------------------
    RAMB36_X2Y5          RAMB36E1 (Prop_ramb36e1_CLKARDCLK_DOADO[14])
                                                      0.882     1.855 r  dbf_reference_bd_i/axis_out_fifo_0/inst/gen_fifo.xpm_fifo_axis_inst/xpm_fifo_base_inst/gen_sdpram.xpm_memory_base_inst/gen_wr_a.gen_word_narrow.mem_reg_0/DOADO[14]
                         net (fo=0)                   0.973     2.828    M_AXIS_Z_tdata[14]
                                                                      r  M_AXIS_Z_tdata[14] (OUT)
  -------------------------------------------------------------------    -------------------

Slack:                    inf
  Source:                 dbf_reference_bd_i/axis_out_fifo_0/inst/gen_fifo.xpm_fifo_axis_inst/xpm_fifo_base_inst/gen_sdpram.xpm_memory_base_inst/gen_wr_a.gen_word_narrow.mem_reg_0/CLKARDCLK
                            (rising edge-triggered cell RAMB36E1 clocked by aclk  {rise@0.000ns fall@2.500ns period=5.000ns})
  Destination:            M_AXIS_Z_tdata[15]
                            (output port)
  Path Group:             (none)
  Path Type:              Max at Slow Process Corner
  Data Path Delay:        1.855ns  (logic 0.882ns (47.547%)  route 0.973ns (52.453%))
  Logic Levels:           0  
  Clock Uncertainty:      0.025ns  ((TSJ^2 + TIJ^2)^1/2 + DJ) / 2 + PE
    Total System Jitter     (TSJ):    0.050ns
    Total Input Jitter      (TIJ):    0.000ns
    Discrete Jitter          (DJ):    0.000ns
    Phase Error              (PE):    0.000ns

    Location             Delay type                Incr(ns)  Path(ns)    Netlist Resource(s)
  -------------------------------------------------------------------    -------------------
                         (clock aclk rise edge)       0.000     0.000 r  
                                                      0.000     0.000 r  aclk (IN)
                         net (fo=5092, unset)         0.973     0.973    dbf_reference_bd_i/axis_out_fifo_0/inst/gen_fifo.xpm_fifo_axis_inst/xpm_fifo_base_inst/gen_sdpram.xpm_memory_base_inst/clka
    RAMB36_X2Y5          RAMB36E1                                     r  dbf_reference_bd_i/axis_out_fifo_0/inst/gen_fifo.xpm_fifo_axis_inst/xpm_fifo_base_inst/gen_sdpram.xpm_memory_base_inst/gen_wr_a.gen_word_narrow.mem_reg_0/CLKARDCLK
  -------------------------------------------------------------------    -------------------
    RAMB36_X2Y5          RAMB36E1 (Prop_ramb36e1_CLKARDCLK_DOADO[15])
                                                      0.882     1.855 r  dbf_reference_bd_i/axis_out_fifo_0/inst/gen_fifo.xpm_fifo_axis_inst/xpm_fifo_base_inst/gen_sdpram.xpm_memory_base_inst/gen_wr_a.gen_word_narrow.mem_reg_0/DOADO[15]
                         net (fo=0)                   0.973     2.828    M_AXIS_Z_tdata[15]
                                                                      r  M_AXIS_Z_tdata[15] (OUT)
  -------------------------------------------------------------------    -------------------

Slack:                    inf
  Source:                 dbf_reference_bd_i/axis_out_fifo_0/inst/gen_fifo.xpm_fifo_axis_inst/xpm_fifo_base_inst/gen_sdpram.xpm_memory_base_inst/gen_wr_a.gen_word_narrow.mem_reg_0/CLKARDCLK
                            (rising edge-triggered cell RAMB36E1 clocked by aclk  {rise@0.000ns fall@2.500ns period=5.000ns})
  Destination:            M_AXIS_Z_tdata[16]
                            (output port)
  Path Group:             (none)
  Path Type:              Max at Slow Process Corner
  Data Path Delay:        1.855ns  (logic 0.882ns (47.547%)  route 0.973ns (52.453%))
  Logic Levels:           0  
  Clock Uncertainty:      0.025ns  ((TSJ^2 + TIJ^2)^1/2 + DJ) / 2 + PE
    Total System Jitter     (TSJ):    0.050ns
    Total Input Jitter      (TIJ):    0.000ns
    Discrete Jitter          (DJ):    0.000ns
    Phase Error              (PE):    0.000ns

    Location             Delay type                Incr(ns)  Path(ns)    Netlist Resource(s)
  -------------------------------------------------------------------    -------------------
                         (clock aclk rise edge)       0.000     0.000 r  
                                                      0.000     0.000 r  aclk (IN)
                         net (fo=5092, unset)         0.973     0.973    dbf_reference_bd_i/axis_out_fifo_0/inst/gen_fifo.xpm_fifo_axis_inst/xpm_fifo_base_inst/gen_sdpram.xpm_memory_base_inst/clka
    RAMB36_X2Y5          RAMB36E1                                     r  dbf_reference_bd_i/axis_out_fifo_0/inst/gen_fifo.xpm_fifo_axis_inst/xpm_fifo_base_inst/gen_sdpram.xpm_memory_base_inst/gen_wr_a.gen_word_narrow.mem_reg_0/CLKARDCLK
  -------------------------------------------------------------------    -------------------
    RAMB36_X2Y5          RAMB36E1 (Prop_ramb36e1_CLKARDCLK_DOADO[16])
                                                      0.882     1.855 r  dbf_reference_bd_i/axis_out_fifo_0/inst/gen_fifo.xpm_fifo_axis_inst/xpm_fifo_base_inst/gen_sdpram.xpm_memory_base_inst/gen_wr_a.gen_word_narrow.mem_reg_0/DOADO[16]
                         net (fo=0)                   0.973     2.828    M_AXIS_Z_tdata[16]
                                                                      r  M_AXIS_Z_tdata[16] (OUT)
  -------------------------------------------------------------------    -------------------

Slack:                    inf
  Source:                 dbf_reference_bd_i/axis_out_fifo_0/inst/gen_fifo.xpm_fifo_axis_inst/xpm_fifo_base_inst/gen_sdpram.xpm_memory_base_inst/gen_wr_a.gen_word_narrow.mem_reg_0/CLKARDCLK
                            (rising edge-triggered cell RAMB36E1 clocked by aclk  {rise@0.000ns fall@2.500ns period=5.000ns})
  Destination:            M_AXIS_Z_tdata[17]
                            (output port)
  Path Group:             (none)
  Path Type:              Max at Slow Process Corner
  Data Path Delay:        1.855ns  (logic 0.882ns (47.547%)  route 0.973ns (52.453%))
  Logic Levels:           0  
  Clock Uncertainty:      0.025ns  ((TSJ^2 + TIJ^2)^1/2 + DJ) / 2 + PE
    Total System Jitter     (TSJ):    0.050ns
    Total Input Jitter      (TIJ):    0.000ns
    Discrete Jitter          (DJ):    0.000ns
    Phase Error              (PE):    0.000ns

    Location             Delay type                Incr(ns)  Path(ns)    Netlist Resource(s)
  -------------------------------------------------------------------    -------------------
                         (clock aclk rise edge)       0.000     0.000 r  
                                                      0.000     0.000 r  aclk (IN)
                         net (fo=5092, unset)         0.973     0.973    dbf_reference_bd_i/axis_out_fifo_0/inst/gen_fifo.xpm_fifo_axis_inst/xpm_fifo_base_inst/gen_sdpram.xpm_memory_base_inst/clka
    RAMB36_X2Y5          RAMB36E1                                     r  dbf_reference_bd_i/axis_out_fifo_0/inst/gen_fifo.xpm_fifo_axis_inst/xpm_fifo_base_inst/gen_sdpram.xpm_memory_base_inst/gen_wr_a.gen_word_narrow.mem_reg_0/CLKARDCLK
  -------------------------------------------------------------------    -------------------
    RAMB36_X2Y5          RAMB36E1 (Prop_ramb36e1_CLKARDCLK_DOADO[17])
                                                      0.882     1.855 r  dbf_reference_bd_i/axis_out_fifo_0/inst/gen_fifo.xpm_fifo_axis_inst/xpm_fifo_base_inst/gen_sdpram.xpm_memory_base_inst/gen_wr_a.gen_word_narrow.mem_reg_0/DOADO[17]
                         net (fo=0)                   0.973     2.828    M_AXIS_Z_tdata[17]
                                                                      r  M_AXIS_Z_tdata[17] (OUT)
  -------------------------------------------------------------------    -------------------

Slack:                    inf
  Source:                 dbf_reference_bd_i/axis_out_fifo_0/inst/gen_fifo.xpm_fifo_axis_inst/xpm_fifo_base_inst/gen_sdpram.xpm_memory_base_inst/gen_wr_a.gen_word_narrow.mem_reg_0/CLKARDCLK
                            (rising edge-triggered cell RAMB36E1 clocked by aclk  {rise@0.000ns fall@2.500ns period=5.000ns})
  Destination:            M_AXIS_Z_tdata[18]
                            (output port)
  Path Group:             (none)
  Path Type:              Max at Slow Process Corner
  Data Path Delay:        1.855ns  (logic 0.882ns (47.547%)  route 0.973ns (52.453%))
  Logic Levels:           0  
  Clock Uncertainty:      0.025ns  ((TSJ^2 + TIJ^2)^1/2 + DJ) / 2 + PE
    Total System Jitter     (TSJ):    0.050ns
    Total Input Jitter      (TIJ):    0.000ns
    Discrete Jitter          (DJ):    0.000ns
    Phase Error              (PE):    0.000ns

    Location             Delay type                Incr(ns)  Path(ns)    Netlist Resource(s)
  -------------------------------------------------------------------    -------------------
                         (clock aclk rise edge)       0.000     0.000 r  
                                                      0.000     0.000 r  aclk (IN)
                         net (fo=5092, unset)         0.973     0.973    dbf_reference_bd_i/axis_out_fifo_0/inst/gen_fifo.xpm_fifo_axis_inst/xpm_fifo_base_inst/gen_sdpram.xpm_memory_base_inst/clka
    RAMB36_X2Y5          RAMB36E1                                     r  dbf_reference_bd_i/axis_out_fifo_0/inst/gen_fifo.xpm_fifo_axis_inst/xpm_fifo_base_inst/gen_sdpram.xpm_memory_base_inst/gen_wr_a.gen_word_narrow.mem_reg_0/CLKARDCLK
  -------------------------------------------------------------------    -------------------
    RAMB36_X2Y5          RAMB36E1 (Prop_ramb36e1_CLKARDCLK_DOADO[18])
                                                      0.882     1.855 r  dbf_reference_bd_i/axis_out_fifo_0/inst/gen_fifo.xpm_fifo_axis_inst/xpm_fifo_base_inst/gen_sdpram.xpm_memory_base_inst/gen_wr_a.gen_word_narrow.mem_reg_0/DOADO[18]
                         net (fo=0)                   0.973     2.828    M_AXIS_Z_tdata[18]
                                                                      r  M_AXIS_Z_tdata[18] (OUT)
  -------------------------------------------------------------------    -------------------

Slack:                    inf
  Source:                 dbf_reference_bd_i/axis_out_fifo_0/inst/gen_fifo.xpm_fifo_axis_inst/xpm_fifo_base_inst/gen_sdpram.xpm_memory_base_inst/gen_wr_a.gen_word_narrow.mem_reg_0/CLKARDCLK
                            (rising edge-triggered cell RAMB36E1 clocked by aclk  {rise@0.000ns fall@2.500ns period=5.000ns})
  Destination:            M_AXIS_Z_tdata[19]
                            (output port)
  Path Group:             (none)
  Path Type:              Max at Slow Process Corner
  Data Path Delay:        1.855ns  (logic 0.882ns (47.547%)  route 0.973ns (52.453%))
  Logic Levels:           0  
  Clock Uncertainty:      0.025ns  ((TSJ^2 + TIJ^2)^1/2 + DJ) / 2 + PE
    Total System Jitter     (TSJ):    0.050ns
    Total Input Jitter      (TIJ):    0.000ns
    Discrete Jitter          (DJ):    0.000ns
    Phase Error              (PE):    0.000ns

    Location             Delay type                Incr(ns)  Path(ns)    Netlist Resource(s)
  -------------------------------------------------------------------    -------------------
                         (clock aclk rise edge)       0.000     0.000 r  
                                                      0.000     0.000 r  aclk (IN)
                         net (fo=5092, unset)         0.973     0.973    dbf_reference_bd_i/axis_out_fifo_0/inst/gen_fifo.xpm_fifo_axis_inst/xpm_fifo_base_inst/gen_sdpram.xpm_memory_base_inst/clka
    RAMB36_X2Y5          RAMB36E1                                     r  dbf_reference_bd_i/axis_out_fifo_0/inst/gen_fifo.xpm_fifo_axis_inst/xpm_fifo_base_inst/gen_sdpram.xpm_memory_base_inst/gen_wr_a.gen_word_narrow.mem_reg_0/CLKARDCLK
  -------------------------------------------------------------------    -------------------
    RAMB36_X2Y5          RAMB36E1 (Prop_ramb36e1_CLKARDCLK_DOADO[19])
                                                      0.882     1.855 r  dbf_reference_bd_i/axis_out_fifo_0/inst/gen_fifo.xpm_fifo_axis_inst/xpm_fifo_base_inst/gen_sdpram.xpm_memory_base_inst/gen_wr_a.gen_word_narrow.mem_reg_0/DOADO[19]
                         net (fo=0)                   0.973     2.828    M_AXIS_Z_tdata[19]
                                                                      r  M_AXIS_Z_tdata[19] (OUT)
  -------------------------------------------------------------------    -------------------

Slack:                    inf
  Source:                 dbf_reference_bd_i/axis_out_fifo_0/inst/gen_fifo.xpm_fifo_axis_inst/xpm_fifo_base_inst/gen_sdpram.xpm_memory_base_inst/gen_wr_a.gen_word_narrow.mem_reg_0/CLKARDCLK
                            (rising edge-triggered cell RAMB36E1 clocked by aclk  {rise@0.000ns fall@2.500ns period=5.000ns})
  Destination:            M_AXIS_Z_tdata[1]
                            (output port)
  Path Group:             (none)
  Path Type:              Max at Slow Process Corner
  Data Path Delay:        1.855ns  (logic 0.882ns (47.547%)  route 0.973ns (52.453%))
  Logic Levels:           0  
  Clock Uncertainty:      0.025ns  ((TSJ^2 + TIJ^2)^1/2 + DJ) / 2 + PE
    Total System Jitter     (TSJ):    0.050ns
    Total Input Jitter      (TIJ):    0.000ns
    Discrete Jitter          (DJ):    0.000ns
    Phase Error              (PE):    0.000ns

    Location             Delay type                Incr(ns)  Path(ns)    Netlist Resource(s)
  -------------------------------------------------------------------    -------------------
                         (clock aclk rise edge)       0.000     0.000 r  
                                                      0.000     0.000 r  aclk (IN)
                         net (fo=5092, unset)         0.973     0.973    dbf_reference_bd_i/axis_out_fifo_0/inst/gen_fifo.xpm_fifo_axis_inst/xpm_fifo_base_inst/gen_sdpram.xpm_memory_base_inst/clka
    RAMB36_X2Y5          RAMB36E1                                     r  dbf_reference_bd_i/axis_out_fifo_0/inst/gen_fifo.xpm_fifo_axis_inst/xpm_fifo_base_inst/gen_sdpram.xpm_memory_base_inst/gen_wr_a.gen_word_narrow.mem_reg_0/CLKARDCLK
  -------------------------------------------------------------------    -------------------
    RAMB36_X2Y5          RAMB36E1 (Prop_ramb36e1_CLKARDCLK_DOADO[1])
                                                      0.882     1.855 r  dbf_reference_bd_i/axis_out_fifo_0/inst/gen_fifo.xpm_fifo_axis_inst/xpm_fifo_base_inst/gen_sdpram.xpm_memory_base_inst/gen_wr_a.gen_word_narrow.mem_reg_0/DOADO[1]
                         net (fo=0)                   0.973     2.828    M_AXIS_Z_tdata[1]
                                                                      r  M_AXIS_Z_tdata[1] (OUT)
  -------------------------------------------------------------------    -------------------

Slack:                    inf
  Source:                 dbf_reference_bd_i/axis_out_fifo_0/inst/gen_fifo.xpm_fifo_axis_inst/xpm_fifo_base_inst/gen_sdpram.xpm_memory_base_inst/gen_wr_a.gen_word_narrow.mem_reg_0/CLKARDCLK
                            (rising edge-triggered cell RAMB36E1 clocked by aclk  {rise@0.000ns fall@2.500ns period=5.000ns})
  Destination:            M_AXIS_Z_tdata[20]
                            (output port)
  Path Group:             (none)
  Path Type:              Max at Slow Process Corner
  Data Path Delay:        1.855ns  (logic 0.882ns (47.547%)  route 0.973ns (52.453%))
  Logic Levels:           0  
  Clock Uncertainty:      0.025ns  ((TSJ^2 + TIJ^2)^1/2 + DJ) / 2 + PE
    Total System Jitter     (TSJ):    0.050ns
    Total Input Jitter      (TIJ):    0.000ns
    Discrete Jitter          (DJ):    0.000ns
    Phase Error              (PE):    0.000ns

    Location             Delay type                Incr(ns)  Path(ns)    Netlist Resource(s)
  -------------------------------------------------------------------    -------------------
                         (clock aclk rise edge)       0.000     0.000 r  
                                                      0.000     0.000 r  aclk (IN)
                         net (fo=5092, unset)         0.973     0.973    dbf_reference_bd_i/axis_out_fifo_0/inst/gen_fifo.xpm_fifo_axis_inst/xpm_fifo_base_inst/gen_sdpram.xpm_memory_base_inst/clka
    RAMB36_X2Y5          RAMB36E1                                     r  dbf_reference_bd_i/axis_out_fifo_0/inst/gen_fifo.xpm_fifo_axis_inst/xpm_fifo_base_inst/gen_sdpram.xpm_memory_base_inst/gen_wr_a.gen_word_narrow.mem_reg_0/CLKARDCLK
  -------------------------------------------------------------------    -------------------
    RAMB36_X2Y5          RAMB36E1 (Prop_ramb36e1_CLKARDCLK_DOADO[20])
                                                      0.882     1.855 r  dbf_reference_bd_i/axis_out_fifo_0/inst/gen_fifo.xpm_fifo_axis_inst/xpm_fifo_base_inst/gen_sdpram.xpm_memory_base_inst/gen_wr_a.gen_word_narrow.mem_reg_0/DOADO[20]
                         net (fo=0)                   0.973     2.828    M_AXIS_Z_tdata[20]
                                                                      r  M_AXIS_Z_tdata[20] (OUT)
  -------------------------------------------------------------------    -------------------

Slack:                    inf
  Source:                 dbf_reference_bd_i/axis_out_fifo_0/inst/gen_fifo.xpm_fifo_axis_inst/xpm_fifo_base_inst/gen_sdpram.xpm_memory_base_inst/gen_wr_a.gen_word_narrow.mem_reg_0/CLKARDCLK
                            (rising edge-triggered cell RAMB36E1 clocked by aclk  {rise@0.000ns fall@2.500ns period=5.000ns})
  Destination:            M_AXIS_Z_tdata[21]
                            (output port)
  Path Group:             (none)
  Path Type:              Max at Slow Process Corner
  Data Path Delay:        1.855ns  (logic 0.882ns (47.547%)  route 0.973ns (52.453%))
  Logic Levels:           0  
  Clock Uncertainty:      0.025ns  ((TSJ^2 + TIJ^2)^1/2 + DJ) / 2 + PE
    Total System Jitter     (TSJ):    0.050ns
    Total Input Jitter      (TIJ):    0.000ns
    Discrete Jitter          (DJ):    0.000ns
    Phase Error              (PE):    0.000ns

    Location             Delay type                Incr(ns)  Path(ns)    Netlist Resource(s)
  -------------------------------------------------------------------    -------------------
                         (clock aclk rise edge)       0.000     0.000 r  
                                                      0.000     0.000 r  aclk (IN)
                         net (fo=5092, unset)         0.973     0.973    dbf_reference_bd_i/axis_out_fifo_0/inst/gen_fifo.xpm_fifo_axis_inst/xpm_fifo_base_inst/gen_sdpram.xpm_memory_base_inst/clka
    RAMB36_X2Y5          RAMB36E1                                     r  dbf_reference_bd_i/axis_out_fifo_0/inst/gen_fifo.xpm_fifo_axis_inst/xpm_fifo_base_inst/gen_sdpram.xpm_memory_base_inst/gen_wr_a.gen_word_narrow.mem_reg_0/CLKARDCLK
  -------------------------------------------------------------------    -------------------
    RAMB36_X2Y5          RAMB36E1 (Prop_ramb36e1_CLKARDCLK_DOADO[21])
                                                      0.882     1.855 r  dbf_reference_bd_i/axis_out_fifo_0/inst/gen_fifo.xpm_fifo_axis_inst/xpm_fifo_base_inst/gen_sdpram.xpm_memory_base_inst/gen_wr_a.gen_word_narrow.mem_reg_0/DOADO[21]
                         net (fo=0)                   0.973     2.828    M_AXIS_Z_tdata[21]
                                                                      r  M_AXIS_Z_tdata[21] (OUT)
  -------------------------------------------------------------------    -------------------

Slack:                    inf
  Source:                 dbf_reference_bd_i/axis_out_fifo_0/inst/gen_fifo.xpm_fifo_axis_inst/xpm_fifo_base_inst/gen_sdpram.xpm_memory_base_inst/gen_wr_a.gen_word_narrow.mem_reg_0/CLKARDCLK
                            (rising edge-triggered cell RAMB36E1 clocked by aclk  {rise@0.000ns fall@2.500ns period=5.000ns})
  Destination:            M_AXIS_Z_tdata[22]
                            (output port)
  Path Group:             (none)
  Path Type:              Max at Slow Process Corner
  Data Path Delay:        1.855ns  (logic 0.882ns (47.547%)  route 0.973ns (52.453%))
  Logic Levels:           0  
  Clock Uncertainty:      0.025ns  ((TSJ^2 + TIJ^2)^1/2 + DJ) / 2 + PE
    Total System Jitter     (TSJ):    0.050ns
    Total Input Jitter      (TIJ):    0.000ns
    Discrete Jitter          (DJ):    0.000ns
    Phase Error              (PE):    0.000ns

    Location             Delay type                Incr(ns)  Path(ns)    Netlist Resource(s)
  -------------------------------------------------------------------    -------------------
                         (clock aclk rise edge)       0.000     0.000 r  
                                                      0.000     0.000 r  aclk (IN)
                         net (fo=5092, unset)         0.973     0.973    dbf_reference_bd_i/axis_out_fifo_0/inst/gen_fifo.xpm_fifo_axis_inst/xpm_fifo_base_inst/gen_sdpram.xpm_memory_base_inst/clka
    RAMB36_X2Y5          RAMB36E1                                     r  dbf_reference_bd_i/axis_out_fifo_0/inst/gen_fifo.xpm_fifo_axis_inst/xpm_fifo_base_inst/gen_sdpram.xpm_memory_base_inst/gen_wr_a.gen_word_narrow.mem_reg_0/CLKARDCLK
  -------------------------------------------------------------------    -------------------
    RAMB36_X2Y5          RAMB36E1 (Prop_ramb36e1_CLKARDCLK_DOADO[22])
                                                      0.882     1.855 r  dbf_reference_bd_i/axis_out_fifo_0/inst/gen_fifo.xpm_fifo_axis_inst/xpm_fifo_base_inst/gen_sdpram.xpm_memory_base_inst/gen_wr_a.gen_word_narrow.mem_reg_0/DOADO[22]
                         net (fo=0)                   0.973     2.828    M_AXIS_Z_tdata[22]
                                                                      r  M_AXIS_Z_tdata[22] (OUT)
  -------------------------------------------------------------------    -------------------

Slack:                    inf
  Source:                 dbf_reference_bd_i/axis_out_fifo_0/inst/gen_fifo.xpm_fifo_axis_inst/xpm_fifo_base_inst/gen_sdpram.xpm_memory_base_inst/gen_wr_a.gen_word_narrow.mem_reg_0/CLKARDCLK
                            (rising edge-triggered cell RAMB36E1 clocked by aclk  {rise@0.000ns fall@2.500ns period=5.000ns})
  Destination:            M_AXIS_Z_tdata[23]
                            (output port)
  Path Group:             (none)
  Path Type:              Max at Slow Process Corner
  Data Path Delay:        1.855ns  (logic 0.882ns (47.547%)  route 0.973ns (52.453%))
  Logic Levels:           0  
  Clock Uncertainty:      0.025ns  ((TSJ^2 + TIJ^2)^1/2 + DJ) / 2 + PE
    Total System Jitter     (TSJ):    0.050ns
    Total Input Jitter      (TIJ):    0.000ns
    Discrete Jitter          (DJ):    0.000ns
    Phase Error              (PE):    0.000ns

    Location             Delay type                Incr(ns)  Path(ns)    Netlist Resource(s)
  -------------------------------------------------------------------    -------------------
                         (clock aclk rise edge)       0.000     0.000 r  
                                                      0.000     0.000 r  aclk (IN)
                         net (fo=5092, unset)         0.973     0.973    dbf_reference_bd_i/axis_out_fifo_0/inst/gen_fifo.xpm_fifo_axis_inst/xpm_fifo_base_inst/gen_sdpram.xpm_memory_base_inst/clka
    RAMB36_X2Y5          RAMB36E1                                     r  dbf_reference_bd_i/axis_out_fifo_0/inst/gen_fifo.xpm_fifo_axis_inst/xpm_fifo_base_inst/gen_sdpram.xpm_memory_base_inst/gen_wr_a.gen_word_narrow.mem_reg_0/CLKARDCLK
  -------------------------------------------------------------------    -------------------
    RAMB36_X2Y5          RAMB36E1 (Prop_ramb36e1_CLKARDCLK_DOADO[23])
                                                      0.882     1.855 r  dbf_reference_bd_i/axis_out_fifo_0/inst/gen_fifo.xpm_fifo_axis_inst/xpm_fifo_base_inst/gen_sdpram.xpm_memory_base_inst/gen_wr_a.gen_word_narrow.mem_reg_0/DOADO[23]
                         net (fo=0)                   0.973     2.828    M_AXIS_Z_tdata[23]
                                                                      r  M_AXIS_Z_tdata[23] (OUT)
  -------------------------------------------------------------------    -------------------

Slack:                    inf
  Source:                 dbf_reference_bd_i/axis_out_fifo_0/inst/gen_fifo.xpm_fifo_axis_inst/xpm_fifo_base_inst/gen_sdpram.xpm_memory_base_inst/gen_wr_a.gen_word_narrow.mem_reg_0/CLKARDCLK
                            (rising edge-triggered cell RAMB36E1 clocked by aclk  {rise@0.000ns fall@2.500ns period=5.000ns})
  Destination:            M_AXIS_Z_tdata[24]
                            (output port)
  Path Group:             (none)
  Path Type:              Max at Slow Process Corner
  Data Path Delay:        1.855ns  (logic 0.882ns (47.547%)  route 0.973ns (52.453%))
  Logic Levels:           0  
  Clock Uncertainty:      0.025ns  ((TSJ^2 + TIJ^2)^1/2 + DJ) / 2 + PE
    Total System Jitter     (TSJ):    0.050ns
    Total Input Jitter      (TIJ):    0.000ns
    Discrete Jitter          (DJ):    0.000ns
    Phase Error              (PE):    0.000ns

    Location             Delay type                Incr(ns)  Path(ns)    Netlist Resource(s)
  -------------------------------------------------------------------    -------------------
                         (clock aclk rise edge)       0.000     0.000 r  
                                                      0.000     0.000 r  aclk (IN)
                         net (fo=5092, unset)         0.973     0.973    dbf_reference_bd_i/axis_out_fifo_0/inst/gen_fifo.xpm_fifo_axis_inst/xpm_fifo_base_inst/gen_sdpram.xpm_memory_base_inst/clka
    RAMB36_X2Y5          RAMB36E1                                     r  dbf_reference_bd_i/axis_out_fifo_0/inst/gen_fifo.xpm_fifo_axis_inst/xpm_fifo_base_inst/gen_sdpram.xpm_memory_base_inst/gen_wr_a.gen_word_narrow.mem_reg_0/CLKARDCLK
  -------------------------------------------------------------------    -------------------
    RAMB36_X2Y5          RAMB36E1 (Prop_ramb36e1_CLKARDCLK_DOADO[24])
                                                      0.882     1.855 r  dbf_reference_bd_i/axis_out_fifo_0/inst/gen_fifo.xpm_fifo_axis_inst/xpm_fifo_base_inst/gen_sdpram.xpm_memory_base_inst/gen_wr_a.gen_word_narrow.mem_reg_0/DOADO[24]
                         net (fo=0)                   0.973     2.828    M_AXIS_Z_tdata[24]
                                                                      r  M_AXIS_Z_tdata[24] (OUT)
  -------------------------------------------------------------------    -------------------

Slack:                    inf
  Source:                 dbf_reference_bd_i/axis_out_fifo_0/inst/gen_fifo.xpm_fifo_axis_inst/xpm_fifo_base_inst/gen_sdpram.xpm_memory_base_inst/gen_wr_a.gen_word_narrow.mem_reg_0/CLKARDCLK
                            (rising edge-triggered cell RAMB36E1 clocked by aclk  {rise@0.000ns fall@2.500ns period=5.000ns})
  Destination:            M_AXIS_Z_tdata[25]
                            (output port)
  Path Group:             (none)
  Path Type:              Max at Slow Process Corner
  Data Path Delay:        1.855ns  (logic 0.882ns (47.547%)  route 0.973ns (52.453%))
  Logic Levels:           0  
  Clock Uncertainty:      0.025ns  ((TSJ^2 + TIJ^2)^1/2 + DJ) / 2 + PE
    Total System Jitter     (TSJ):    0.050ns
    Total Input Jitter      (TIJ):    0.000ns
    Discrete Jitter          (DJ):    0.000ns
    Phase Error              (PE):    0.000ns

    Location             Delay type                Incr(ns)  Path(ns)    Netlist Resource(s)
  -------------------------------------------------------------------    -------------------
                         (clock aclk rise edge)       0.000     0.000 r  
                                                      0.000     0.000 r  aclk (IN)
                         net (fo=5092, unset)         0.973     0.973    dbf_reference_bd_i/axis_out_fifo_0/inst/gen_fifo.xpm_fifo_axis_inst/xpm_fifo_base_inst/gen_sdpram.xpm_memory_base_inst/clka
    RAMB36_X2Y5          RAMB36E1                                     r  dbf_reference_bd_i/axis_out_fifo_0/inst/gen_fifo.xpm_fifo_axis_inst/xpm_fifo_base_inst/gen_sdpram.xpm_memory_base_inst/gen_wr_a.gen_word_narrow.mem_reg_0/CLKARDCLK
  -------------------------------------------------------------------    -------------------
    RAMB36_X2Y5          RAMB36E1 (Prop_ramb36e1_CLKARDCLK_DOADO[25])
                                                      0.882     1.855 r  dbf_reference_bd_i/axis_out_fifo_0/inst/gen_fifo.xpm_fifo_axis_inst/xpm_fifo_base_inst/gen_sdpram.xpm_memory_base_inst/gen_wr_a.gen_word_narrow.mem_reg_0/DOADO[25]
                         net (fo=0)                   0.973     2.828    M_AXIS_Z_tdata[25]
                                                                      r  M_AXIS_Z_tdata[25] (OUT)
  -------------------------------------------------------------------    -------------------

Slack:                    inf
  Source:                 dbf_reference_bd_i/axis_out_fifo_0/inst/gen_fifo.xpm_fifo_axis_inst/xpm_fifo_base_inst/gen_sdpram.xpm_memory_base_inst/gen_wr_a.gen_word_narrow.mem_reg_0/CLKARDCLK
                            (rising edge-triggered cell RAMB36E1 clocked by aclk  {rise@0.000ns fall@2.500ns period=5.000ns})
  Destination:            M_AXIS_Z_tdata[26]
                            (output port)
  Path Group:             (none)
  Path Type:              Max at Slow Process Corner
  Data Path Delay:        1.855ns  (logic 0.882ns (47.547%)  route 0.973ns (52.453%))
  Logic Levels:           0  
  Clock Uncertainty:      0.025ns  ((TSJ^2 + TIJ^2)^1/2 + DJ) / 2 + PE
    Total System Jitter     (TSJ):    0.050ns
    Total Input Jitter      (TIJ):    0.000ns
    Discrete Jitter          (DJ):    0.000ns
    Phase Error              (PE):    0.000ns

    Location             Delay type                Incr(ns)  Path(ns)    Netlist Resource(s)
  -------------------------------------------------------------------    -------------------
                         (clock aclk rise edge)       0.000     0.000 r  
                                                      0.000     0.000 r  aclk (IN)
                         net (fo=5092, unset)         0.973     0.973    dbf_reference_bd_i/axis_out_fifo_0/inst/gen_fifo.xpm_fifo_axis_inst/xpm_fifo_base_inst/gen_sdpram.xpm_memory_base_inst/clka
    RAMB36_X2Y5          RAMB36E1                                     r  dbf_reference_bd_i/axis_out_fifo_0/inst/gen_fifo.xpm_fifo_axis_inst/xpm_fifo_base_inst/gen_sdpram.xpm_memory_base_inst/gen_wr_a.gen_word_narrow.mem_reg_0/CLKARDCLK
  -------------------------------------------------------------------    -------------------
    RAMB36_X2Y5          RAMB36E1 (Prop_ramb36e1_CLKARDCLK_DOADO[26])
                                                      0.882     1.855 r  dbf_reference_bd_i/axis_out_fifo_0/inst/gen_fifo.xpm_fifo_axis_inst/xpm_fifo_base_inst/gen_sdpram.xpm_memory_base_inst/gen_wr_a.gen_word_narrow.mem_reg_0/DOADO[26]
                         net (fo=0)                   0.973     2.828    M_AXIS_Z_tdata[26]
                                                                      r  M_AXIS_Z_tdata[26] (OUT)
  -------------------------------------------------------------------    -------------------





Min Delay Paths
--------------------------------------------------------------------------------------
Slack:                    inf
  Source:                 dbf_reference_bd_i/axis_out_fifo_0/inst/gen_fifo.xpm_fifo_axis_inst/xpm_fifo_base_inst/gen_fwft.gdvld_fwft.data_valid_fwft_reg/C
                            (rising edge-triggered cell FDRE clocked by aclk  {rise@0.000ns fall@2.500ns period=5.000ns})
  Destination:            M_AXIS_Z_tvalid
                            (output port)
  Path Group:             (none)
  Path Type:              Min at Fast Process Corner
  Data Path Delay:        0.551ns  (logic 0.141ns (25.583%)  route 0.410ns (74.417%))
  Logic Levels:           0  
  Clock Uncertainty:      0.025ns  ((TSJ^2 + TIJ^2)^1/2 + DJ) / 2 + PE
    Total System Jitter     (TSJ):    0.050ns
    Total Input Jitter      (TIJ):    0.000ns
    Discrete Jitter          (DJ):    0.000ns
    Phase Error              (PE):    0.000ns

    Location             Delay type                Incr(ns)  Path(ns)    Netlist Resource(s)
  -------------------------------------------------------------------    -------------------
                         (clock aclk rise edge)       0.000     0.000 r  
                                                      0.000     0.000 r  aclk (IN)
                         net (fo=5092, unset)         0.410     0.410    dbf_reference_bd_i/axis_out_fifo_0/inst/gen_fifo.xpm_fifo_axis_inst/xpm_fifo_base_inst/wr_clk
    SLICE_X29Y35         FDRE                                         r  dbf_reference_bd_i/axis_out_fifo_0/inst/gen_fifo.xpm_fifo_axis_inst/xpm_fifo_base_inst/gen_fwft.gdvld_fwft.data_valid_fwft_reg/C
  -------------------------------------------------------------------    -------------------
    SLICE_X29Y35         FDRE (Prop_fdre_C_Q)         0.141     0.551 r  dbf_reference_bd_i/axis_out_fifo_0/inst/gen_fifo.xpm_fifo_axis_inst/xpm_fifo_base_inst/gen_fwft.gdvld_fwft.data_valid_fwft_reg/Q
                         net (fo=1, unset)            0.410     0.961    M_AXIS_Z_tvalid
                                                                      r  M_AXIS_Z_tvalid (OUT)
  -------------------------------------------------------------------    -------------------

Slack:                    inf
  Source:                 dbf_reference_bd_i/dbf_axis_0/inst/u_system/u_datapath/status_clip_seen_reg/C
                            (rising edge-triggered cell FDRE clocked by aclk  {rise@0.000ns fall@2.500ns period=5.000ns})
  Destination:            dbf_status_clip_seen
                            (output port)
  Path Group:             (none)
  Path Type:              Min at Fast Process Corner
  Data Path Delay:        0.551ns  (logic 0.141ns (25.583%)  route 0.410ns (74.417%))
  Logic Levels:           0  
  Clock Uncertainty:      0.025ns  ((TSJ^2 + TIJ^2)^1/2 + DJ) / 2 + PE
    Total System Jitter     (TSJ):    0.050ns
    Total Input Jitter      (TIJ):    0.000ns
    Discrete Jitter          (DJ):    0.000ns
    Phase Error              (PE):    0.000ns

    Location             Delay type                Incr(ns)  Path(ns)    Netlist Resource(s)
  -------------------------------------------------------------------    -------------------
                         (clock aclk rise edge)       0.000     0.000 r  
                                                      0.000     0.000 r  aclk (IN)
                         net (fo=5092, unset)         0.410     0.410    dbf_reference_bd_i/dbf_axis_0/inst/u_system/u_datapath/aclk
    SLICE_X25Y22         FDRE                                         r  dbf_reference_bd_i/dbf_axis_0/inst/u_system/u_datapath/status_clip_seen_reg/C
  -------------------------------------------------------------------    -------------------
    SLICE_X25Y22         FDRE (Prop_fdre_C_Q)         0.141     0.551 r  dbf_reference_bd_i/dbf_axis_0/inst/u_system/u_datapath/status_clip_seen_reg/Q
                         net (fo=1, unset)            0.410     0.961    dbf_status_clip_seen
                                                                      r  dbf_status_clip_seen (OUT)
  -------------------------------------------------------------------    -------------------

Slack:                    inf
  Source:                 dbf_reference_bd_i/dbf_axis_0/inst/u_system/u_datapath/status_frame_count_reg[0]/C
                            (rising edge-triggered cell FDRE clocked by aclk  {rise@0.000ns fall@2.500ns period=5.000ns})
  Destination:            dbf_status_frame_count[0]
                            (output port)
  Path Group:             (none)
  Path Type:              Min at Fast Process Corner
  Data Path Delay:        0.551ns  (logic 0.141ns (25.583%)  route 0.410ns (74.417%))
  Logic Levels:           0  
  Clock Uncertainty:      0.025ns  ((TSJ^2 + TIJ^2)^1/2 + DJ) / 2 + PE
    Total System Jitter     (TSJ):    0.050ns
    Total Input Jitter      (TIJ):    0.000ns
    Discrete Jitter          (DJ):    0.000ns
    Phase Error              (PE):    0.000ns

    Location             Delay type                Incr(ns)  Path(ns)    Netlist Resource(s)
  -------------------------------------------------------------------    -------------------
                         (clock aclk rise edge)       0.000     0.000 r  
                                                      0.000     0.000 r  aclk (IN)
                         net (fo=5092, unset)         0.410     0.410    dbf_reference_bd_i/dbf_axis_0/inst/u_system/u_datapath/aclk
    SLICE_X23Y16         FDRE                                         r  dbf_reference_bd_i/dbf_axis_0/inst/u_system/u_datapath/status_frame_count_reg[0]/C
  -------------------------------------------------------------------    -------------------
    SLICE_X23Y16         FDRE (Prop_fdre_C_Q)         0.141     0.551 r  dbf_reference_bd_i/dbf_axis_0/inst/u_system/u_datapath/status_frame_count_reg[0]/Q
                         net (fo=1, unset)            0.410     0.961    dbf_status_frame_count[0]
                                                                      r  dbf_status_frame_count[0] (OUT)
  -------------------------------------------------------------------    -------------------

Slack:                    inf
  Source:                 dbf_reference_bd_i/dbf_axis_0/inst/u_system/u_datapath/status_frame_count_reg[10]/C
                            (rising edge-triggered cell FDRE clocked by aclk  {rise@0.000ns fall@2.500ns period=5.000ns})
  Destination:            dbf_status_frame_count[10]
                            (output port)
  Path Group:             (none)
  Path Type:              Min at Fast Process Corner
  Data Path Delay:        0.551ns  (logic 0.141ns (25.583%)  route 0.410ns (74.417%))
  Logic Levels:           0  
  Clock Uncertainty:      0.025ns  ((TSJ^2 + TIJ^2)^1/2 + DJ) / 2 + PE
    Total System Jitter     (TSJ):    0.050ns
    Total Input Jitter      (TIJ):    0.000ns
    Discrete Jitter          (DJ):    0.000ns
    Phase Error              (PE):    0.000ns

    Location             Delay type                Incr(ns)  Path(ns)    Netlist Resource(s)
  -------------------------------------------------------------------    -------------------
                         (clock aclk rise edge)       0.000     0.000 r  
                                                      0.000     0.000 r  aclk (IN)
                         net (fo=5092, unset)         0.410     0.410    dbf_reference_bd_i/dbf_axis_0/inst/u_system/u_datapath/aclk
    SLICE_X23Y18         FDRE                                         r  dbf_reference_bd_i/dbf_axis_0/inst/u_system/u_datapath/status_frame_count_reg[10]/C
  -------------------------------------------------------------------    -------------------
    SLICE_X23Y18         FDRE (Prop_fdre_C_Q)         0.141     0.551 r  dbf_reference_bd_i/dbf_axis_0/inst/u_system/u_datapath/status_frame_count_reg[10]/Q
                         net (fo=1, unset)            0.410     0.961    dbf_status_frame_count[10]
                                                                      r  dbf_status_frame_count[10] (OUT)
  -------------------------------------------------------------------    -------------------

Slack:                    inf
  Source:                 dbf_reference_bd_i/dbf_axis_0/inst/u_system/u_datapath/status_frame_count_reg[11]/C
                            (rising edge-triggered cell FDRE clocked by aclk  {rise@0.000ns fall@2.500ns period=5.000ns})
  Destination:            dbf_status_frame_count[11]
                            (output port)
  Path Group:             (none)
  Path Type:              Min at Fast Process Corner
  Data Path Delay:        0.551ns  (logic 0.141ns (25.583%)  route 0.410ns (74.417%))
  Logic Levels:           0  
  Clock Uncertainty:      0.025ns  ((TSJ^2 + TIJ^2)^1/2 + DJ) / 2 + PE
    Total System Jitter     (TSJ):    0.050ns
    Total Input Jitter      (TIJ):    0.000ns
    Discrete Jitter          (DJ):    0.000ns
    Phase Error              (PE):    0.000ns

    Location             Delay type                Incr(ns)  Path(ns)    Netlist Resource(s)
  -------------------------------------------------------------------    -------------------
                         (clock aclk rise edge)       0.000     0.000 r  
                                                      0.000     0.000 r  aclk (IN)
                         net (fo=5092, unset)         0.410     0.410    dbf_reference_bd_i/dbf_axis_0/inst/u_system/u_datapath/aclk
    SLICE_X23Y18         FDRE                                         r  dbf_reference_bd_i/dbf_axis_0/inst/u_system/u_datapath/status_frame_count_reg[11]/C
  -------------------------------------------------------------------    -------------------
    SLICE_X23Y18         FDRE (Prop_fdre_C_Q)         0.141     0.551 r  dbf_reference_bd_i/dbf_axis_0/inst/u_system/u_datapath/status_frame_count_reg[11]/Q
                         net (fo=1, unset)            0.410     0.961    dbf_status_frame_count[11]
                                                                      r  dbf_status_frame_count[11] (OUT)
  -------------------------------------------------------------------    -------------------

Slack:                    inf
  Source:                 dbf_reference_bd_i/dbf_axis_0/inst/u_system/u_datapath/status_frame_count_reg[12]/C
                            (rising edge-triggered cell FDRE clocked by aclk  {rise@0.000ns fall@2.500ns period=5.000ns})
  Destination:            dbf_status_frame_count[12]
                            (output port)
  Path Group:             (none)
  Path Type:              Min at Fast Process Corner
  Data Path Delay:        0.551ns  (logic 0.141ns (25.583%)  route 0.410ns (74.417%))
  Logic Levels:           0  
  Clock Uncertainty:      0.025ns  ((TSJ^2 + TIJ^2)^1/2 + DJ) / 2 + PE
    Total System Jitter     (TSJ):    0.050ns
    Total Input Jitter      (TIJ):    0.000ns
    Discrete Jitter          (DJ):    0.000ns
    Phase Error              (PE):    0.000ns

    Location             Delay type                Incr(ns)  Path(ns)    Netlist Resource(s)
  -------------------------------------------------------------------    -------------------
                         (clock aclk rise edge)       0.000     0.000 r  
                                                      0.000     0.000 r  aclk (IN)
                         net (fo=5092, unset)         0.410     0.410    dbf_reference_bd_i/dbf_axis_0/inst/u_system/u_datapath/aclk
    SLICE_X23Y19         FDRE                                         r  dbf_reference_bd_i/dbf_axis_0/inst/u_system/u_datapath/status_frame_count_reg[12]/C
  -------------------------------------------------------------------    -------------------
    SLICE_X23Y19         FDRE (Prop_fdre_C_Q)         0.141     0.551 r  dbf_reference_bd_i/dbf_axis_0/inst/u_system/u_datapath/status_frame_count_reg[12]/Q
                         net (fo=1, unset)            0.410     0.961    dbf_status_frame_count[12]
                                                                      r  dbf_status_frame_count[12] (OUT)
  -------------------------------------------------------------------    -------------------

Slack:                    inf
  Source:                 dbf_reference_bd_i/dbf_axis_0/inst/u_system/u_datapath/status_frame_count_reg[13]/C
                            (rising edge-triggered cell FDRE clocked by aclk  {rise@0.000ns fall@2.500ns period=5.000ns})
  Destination:            dbf_status_frame_count[13]
                            (output port)
  Path Group:             (none)
  Path Type:              Min at Fast Process Corner
  Data Path Delay:        0.551ns  (logic 0.141ns (25.583%)  route 0.410ns (74.417%))
  Logic Levels:           0  
  Clock Uncertainty:      0.025ns  ((TSJ^2 + TIJ^2)^1/2 + DJ) / 2 + PE
    Total System Jitter     (TSJ):    0.050ns
    Total Input Jitter      (TIJ):    0.000ns
    Discrete Jitter          (DJ):    0.000ns
    Phase Error              (PE):    0.000ns

    Location             Delay type                Incr(ns)  Path(ns)    Netlist Resource(s)
  -------------------------------------------------------------------    -------------------
                         (clock aclk rise edge)       0.000     0.000 r  
                                                      0.000     0.000 r  aclk (IN)
                         net (fo=5092, unset)         0.410     0.410    dbf_reference_bd_i/dbf_axis_0/inst/u_system/u_datapath/aclk
    SLICE_X23Y19         FDRE                                         r  dbf_reference_bd_i/dbf_axis_0/inst/u_system/u_datapath/status_frame_count_reg[13]/C
  -------------------------------------------------------------------    -------------------
    SLICE_X23Y19         FDRE (Prop_fdre_C_Q)         0.141     0.551 r  dbf_reference_bd_i/dbf_axis_0/inst/u_system/u_datapath/status_frame_count_reg[13]/Q
                         net (fo=1, unset)            0.410     0.961    dbf_status_frame_count[13]
                                                                      r  dbf_status_frame_count[13] (OUT)
  -------------------------------------------------------------------    -------------------

Slack:                    inf
  Source:                 dbf_reference_bd_i/dbf_axis_0/inst/u_system/u_datapath/status_frame_count_reg[14]/C
                            (rising edge-triggered cell FDRE clocked by aclk  {rise@0.000ns fall@2.500ns period=5.000ns})
  Destination:            dbf_status_frame_count[14]
                            (output port)
  Path Group:             (none)
  Path Type:              Min at Fast Process Corner
  Data Path Delay:        0.551ns  (logic 0.141ns (25.583%)  route 0.410ns (74.417%))
  Logic Levels:           0  
  Clock Uncertainty:      0.025ns  ((TSJ^2 + TIJ^2)^1/2 + DJ) / 2 + PE
    Total System Jitter     (TSJ):    0.050ns
    Total Input Jitter      (TIJ):    0.000ns
    Discrete Jitter          (DJ):    0.000ns
    Phase Error              (PE):    0.000ns

    Location             Delay type                Incr(ns)  Path(ns)    Netlist Resource(s)
  -------------------------------------------------------------------    -------------------
                         (clock aclk rise edge)       0.000     0.000 r  
                                                      0.000     0.000 r  aclk (IN)
                         net (fo=5092, unset)         0.410     0.410    dbf_reference_bd_i/dbf_axis_0/inst/u_system/u_datapath/aclk
    SLICE_X23Y19         FDRE                                         r  dbf_reference_bd_i/dbf_axis_0/inst/u_system/u_datapath/status_frame_count_reg[14]/C
  -------------------------------------------------------------------    -------------------
    SLICE_X23Y19         FDRE (Prop_fdre_C_Q)         0.141     0.551 r  dbf_reference_bd_i/dbf_axis_0/inst/u_system/u_datapath/status_frame_count_reg[14]/Q
                         net (fo=1, unset)            0.410     0.961    dbf_status_frame_count[14]
                                                                      r  dbf_status_frame_count[14] (OUT)
  -------------------------------------------------------------------    -------------------

Slack:                    inf
  Source:                 dbf_reference_bd_i/dbf_axis_0/inst/u_system/u_datapath/status_frame_count_reg[15]/C
                            (rising edge-triggered cell FDRE clocked by aclk  {rise@0.000ns fall@2.500ns period=5.000ns})
  Destination:            dbf_status_frame_count[15]
                            (output port)
  Path Group:             (none)
  Path Type:              Min at Fast Process Corner
  Data Path Delay:        0.551ns  (logic 0.141ns (25.583%)  route 0.410ns (74.417%))
  Logic Levels:           0  
  Clock Uncertainty:      0.025ns  ((TSJ^2 + TIJ^2)^1/2 + DJ) / 2 + PE
    Total System Jitter     (TSJ):    0.050ns
    Total Input Jitter      (TIJ):    0.000ns
    Discrete Jitter          (DJ):    0.000ns
    Phase Error              (PE):    0.000ns

    Location             Delay type                Incr(ns)  Path(ns)    Netlist Resource(s)
  -------------------------------------------------------------------    -------------------
                         (clock aclk rise edge)       0.000     0.000 r  
                                                      0.000     0.000 r  aclk (IN)
                         net (fo=5092, unset)         0.410     0.410    dbf_reference_bd_i/dbf_axis_0/inst/u_system/u_datapath/aclk
    SLICE_X23Y19         FDRE                                         r  dbf_reference_bd_i/dbf_axis_0/inst/u_system/u_datapath/status_frame_count_reg[15]/C
  -------------------------------------------------------------------    -------------------
    SLICE_X23Y19         FDRE (Prop_fdre_C_Q)         0.141     0.551 r  dbf_reference_bd_i/dbf_axis_0/inst/u_system/u_datapath/status_frame_count_reg[15]/Q
                         net (fo=1, unset)            0.410     0.961    dbf_status_frame_count[15]
                                                                      r  dbf_status_frame_count[15] (OUT)
  -------------------------------------------------------------------    -------------------

Slack:                    inf
  Source:                 dbf_reference_bd_i/dbf_axis_0/inst/u_system/u_datapath/status_frame_count_reg[16]/C
                            (rising edge-triggered cell FDRE clocked by aclk  {rise@0.000ns fall@2.500ns period=5.000ns})
  Destination:            dbf_status_frame_count[16]
                            (output port)
  Path Group:             (none)
  Path Type:              Min at Fast Process Corner
  Data Path Delay:        0.551ns  (logic 0.141ns (25.583%)  route 0.410ns (74.417%))
  Logic Levels:           0  
  Clock Uncertainty:      0.025ns  ((TSJ^2 + TIJ^2)^1/2 + DJ) / 2 + PE
    Total System Jitter     (TSJ):    0.050ns
    Total Input Jitter      (TIJ):    0.000ns
    Discrete Jitter          (DJ):    0.000ns
    Phase Error              (PE):    0.000ns

    Location             Delay type                Incr(ns)  Path(ns)    Netlist Resource(s)
  -------------------------------------------------------------------    -------------------
                         (clock aclk rise edge)       0.000     0.000 r  
                                                      0.000     0.000 r  aclk (IN)
                         net (fo=5092, unset)         0.410     0.410    dbf_reference_bd_i/dbf_axis_0/inst/u_system/u_datapath/aclk
    SLICE_X23Y20         FDRE                                         r  dbf_reference_bd_i/dbf_axis_0/inst/u_system/u_datapath/status_frame_count_reg[16]/C
  -------------------------------------------------------------------    -------------------
    SLICE_X23Y20         FDRE (Prop_fdre_C_Q)         0.141     0.551 r  dbf_reference_bd_i/dbf_axis_0/inst/u_system/u_datapath/status_frame_count_reg[16]/Q
                         net (fo=1, unset)            0.410     0.961    dbf_status_frame_count[16]
                                                                      r  dbf_status_frame_count[16] (OUT)
  -------------------------------------------------------------------    -------------------

Slack:                    inf
  Source:                 dbf_reference_bd_i/dbf_axis_0/inst/u_system/u_datapath/status_frame_count_reg[17]/C
                            (rising edge-triggered cell FDRE clocked by aclk  {rise@0.000ns fall@2.500ns period=5.000ns})
  Destination:            dbf_status_frame_count[17]
                            (output port)
  Path Group:             (none)
  Path Type:              Min at Fast Process Corner
  Data Path Delay:        0.551ns  (logic 0.141ns (25.583%)  route 0.410ns (74.417%))
  Logic Levels:           0  
  Clock Uncertainty:      0.025ns  ((TSJ^2 + TIJ^2)^1/2 + DJ) / 2 + PE
    Total System Jitter     (TSJ):    0.050ns
    Total Input Jitter      (TIJ):    0.000ns
    Discrete Jitter          (DJ):    0.000ns
    Phase Error              (PE):    0.000ns

    Location             Delay type                Incr(ns)  Path(ns)    Netlist Resource(s)
  -------------------------------------------------------------------    -------------------
                         (clock aclk rise edge)       0.000     0.000 r  
                                                      0.000     0.000 r  aclk (IN)
                         net (fo=5092, unset)         0.410     0.410    dbf_reference_bd_i/dbf_axis_0/inst/u_system/u_datapath/aclk
    SLICE_X23Y20         FDRE                                         r  dbf_reference_bd_i/dbf_axis_0/inst/u_system/u_datapath/status_frame_count_reg[17]/C
  -------------------------------------------------------------------    -------------------
    SLICE_X23Y20         FDRE (Prop_fdre_C_Q)         0.141     0.551 r  dbf_reference_bd_i/dbf_axis_0/inst/u_system/u_datapath/status_frame_count_reg[17]/Q
                         net (fo=1, unset)            0.410     0.961    dbf_status_frame_count[17]
                                                                      r  dbf_status_frame_count[17] (OUT)
  -------------------------------------------------------------------    -------------------

Slack:                    inf
  Source:                 dbf_reference_bd_i/dbf_axis_0/inst/u_system/u_datapath/status_frame_count_reg[18]/C
                            (rising edge-triggered cell FDRE clocked by aclk  {rise@0.000ns fall@2.500ns period=5.000ns})
  Destination:            dbf_status_frame_count[18]
                            (output port)
  Path Group:             (none)
  Path Type:              Min at Fast Process Corner
  Data Path Delay:        0.551ns  (logic 0.141ns (25.583%)  route 0.410ns (74.417%))
  Logic Levels:           0  
  Clock Uncertainty:      0.025ns  ((TSJ^2 + TIJ^2)^1/2 + DJ) / 2 + PE
    Total System Jitter     (TSJ):    0.050ns
    Total Input Jitter      (TIJ):    0.000ns
    Discrete Jitter          (DJ):    0.000ns
    Phase Error              (PE):    0.000ns

    Location             Delay type                Incr(ns)  Path(ns)    Netlist Resource(s)
  -------------------------------------------------------------------    -------------------
                         (clock aclk rise edge)       0.000     0.000 r  
                                                      0.000     0.000 r  aclk (IN)
                         net (fo=5092, unset)         0.410     0.410    dbf_reference_bd_i/dbf_axis_0/inst/u_system/u_datapath/aclk
    SLICE_X23Y20         FDRE                                         r  dbf_reference_bd_i/dbf_axis_0/inst/u_system/u_datapath/status_frame_count_reg[18]/C
  -------------------------------------------------------------------    -------------------
    SLICE_X23Y20         FDRE (Prop_fdre_C_Q)         0.141     0.551 r  dbf_reference_bd_i/dbf_axis_0/inst/u_system/u_datapath/status_frame_count_reg[18]/Q
                         net (fo=1, unset)            0.410     0.961    dbf_status_frame_count[18]
                                                                      r  dbf_status_frame_count[18] (OUT)
  -------------------------------------------------------------------    -------------------

Slack:                    inf
  Source:                 dbf_reference_bd_i/dbf_axis_0/inst/u_system/u_datapath/status_frame_count_reg[19]/C
                            (rising edge-triggered cell FDRE clocked by aclk  {rise@0.000ns fall@2.500ns period=5.000ns})
  Destination:            dbf_status_frame_count[19]
                            (output port)
  Path Group:             (none)
  Path Type:              Min at Fast Process Corner
  Data Path Delay:        0.551ns  (logic 0.141ns (25.583%)  route 0.410ns (74.417%))
  Logic Levels:           0  
  Clock Uncertainty:      0.025ns  ((TSJ^2 + TIJ^2)^1/2 + DJ) / 2 + PE
    Total System Jitter     (TSJ):    0.050ns
    Total Input Jitter      (TIJ):    0.000ns
    Discrete Jitter          (DJ):    0.000ns
    Phase Error              (PE):    0.000ns

    Location             Delay type                Incr(ns)  Path(ns)    Netlist Resource(s)
  -------------------------------------------------------------------    -------------------
                         (clock aclk rise edge)       0.000     0.000 r  
                                                      0.000     0.000 r  aclk (IN)
                         net (fo=5092, unset)         0.410     0.410    dbf_reference_bd_i/dbf_axis_0/inst/u_system/u_datapath/aclk
    SLICE_X23Y20         FDRE                                         r  dbf_reference_bd_i/dbf_axis_0/inst/u_system/u_datapath/status_frame_count_reg[19]/C
  -------------------------------------------------------------------    -------------------
    SLICE_X23Y20         FDRE (Prop_fdre_C_Q)         0.141     0.551 r  dbf_reference_bd_i/dbf_axis_0/inst/u_system/u_datapath/status_frame_count_reg[19]/Q
                         net (fo=1, unset)            0.410     0.961    dbf_status_frame_count[19]
                                                                      r  dbf_status_frame_count[19] (OUT)
  -------------------------------------------------------------------    -------------------

Slack:                    inf
  Source:                 dbf_reference_bd_i/dbf_axis_0/inst/u_system/u_datapath/status_frame_count_reg[1]/C
                            (rising edge-triggered cell FDRE clocked by aclk  {rise@0.000ns fall@2.500ns period=5.000ns})
  Destination:            dbf_status_frame_count[1]
                            (output port)
  Path Group:             (none)
  Path Type:              Min at Fast Process Corner
  Data Path Delay:        0.551ns  (logic 0.141ns (25.583%)  route 0.410ns (74.417%))
  Logic Levels:           0  
  Clock Uncertainty:      0.025ns  ((TSJ^2 + TIJ^2)^1/2 + DJ) / 2 + PE
    Total System Jitter     (TSJ):    0.050ns
    Total Input Jitter      (TIJ):    0.000ns
    Discrete Jitter          (DJ):    0.000ns
    Phase Error              (PE):    0.000ns

    Location             Delay type                Incr(ns)  Path(ns)    Netlist Resource(s)
  -------------------------------------------------------------------    -------------------
                         (clock aclk rise edge)       0.000     0.000 r  
                                                      0.000     0.000 r  aclk (IN)
                         net (fo=5092, unset)         0.410     0.410    dbf_reference_bd_i/dbf_axis_0/inst/u_system/u_datapath/aclk
    SLICE_X23Y16         FDRE                                         r  dbf_reference_bd_i/dbf_axis_0/inst/u_system/u_datapath/status_frame_count_reg[1]/C
  -------------------------------------------------------------------    -------------------
    SLICE_X23Y16         FDRE (Prop_fdre_C_Q)         0.141     0.551 r  dbf_reference_bd_i/dbf_axis_0/inst/u_system/u_datapath/status_frame_count_reg[1]/Q
                         net (fo=1, unset)            0.410     0.961    dbf_status_frame_count[1]
                                                                      r  dbf_status_frame_count[1] (OUT)
  -------------------------------------------------------------------    -------------------

Slack:                    inf
  Source:                 dbf_reference_bd_i/dbf_axis_0/inst/u_system/u_datapath/status_frame_count_reg[20]/C
                            (rising edge-triggered cell FDRE clocked by aclk  {rise@0.000ns fall@2.500ns period=5.000ns})
  Destination:            dbf_status_frame_count[20]
                            (output port)
  Path Group:             (none)
  Path Type:              Min at Fast Process Corner
  Data Path Delay:        0.551ns  (logic 0.141ns (25.583%)  route 0.410ns (74.417%))
  Logic Levels:           0  
  Clock Uncertainty:      0.025ns  ((TSJ^2 + TIJ^2)^1/2 + DJ) / 2 + PE
    Total System Jitter     (TSJ):    0.050ns
    Total Input Jitter      (TIJ):    0.000ns
    Discrete Jitter          (DJ):    0.000ns
    Phase Error              (PE):    0.000ns

    Location             Delay type                Incr(ns)  Path(ns)    Netlist Resource(s)
  -------------------------------------------------------------------    -------------------
                         (clock aclk rise edge)       0.000     0.000 r  
                                                      0.000     0.000 r  aclk (IN)
                         net (fo=5092, unset)         0.410     0.410    dbf_reference_bd_i/dbf_axis_0/inst/u_system/u_datapath/aclk
    SLICE_X23Y21         FDRE                                         r  dbf_reference_bd_i/dbf_axis_0/inst/u_system/u_datapath/status_frame_count_reg[20]/C
  -------------------------------------------------------------------    -------------------
    SLICE_X23Y21         FDRE (Prop_fdre_C_Q)         0.141     0.551 r  dbf_reference_bd_i/dbf_axis_0/inst/u_system/u_datapath/status_frame_count_reg[20]/Q
                         net (fo=1, unset)            0.410     0.961    dbf_status_frame_count[20]
                                                                      r  dbf_status_frame_count[20] (OUT)
  -------------------------------------------------------------------    -------------------

Slack:                    inf
  Source:                 dbf_reference_bd_i/dbf_axis_0/inst/u_system/u_datapath/status_frame_count_reg[21]/C
                            (rising edge-triggered cell FDRE clocked by aclk  {rise@0.000ns fall@2.500ns period=5.000ns})
  Destination:            dbf_status_frame_count[21]
                            (output port)
  Path Group:             (none)
  Path Type:              Min at Fast Process Corner
  Data Path Delay:        0.551ns  (logic 0.141ns (25.583%)  route 0.410ns (74.417%))
  Logic Levels:           0  
  Clock Uncertainty:      0.025ns  ((TSJ^2 + TIJ^2)^1/2 + DJ) / 2 + PE
    Total System Jitter     (TSJ):    0.050ns
    Total Input Jitter      (TIJ):    0.000ns
    Discrete Jitter          (DJ):    0.000ns
    Phase Error              (PE):    0.000ns

    Location             Delay type                Incr(ns)  Path(ns)    Netlist Resource(s)
  -------------------------------------------------------------------    -------------------
                         (clock aclk rise edge)       0.000     0.000 r  
                                                      0.000     0.000 r  aclk (IN)
                         net (fo=5092, unset)         0.410     0.410    dbf_reference_bd_i/dbf_axis_0/inst/u_system/u_datapath/aclk
    SLICE_X23Y21         FDRE                                         r  dbf_reference_bd_i/dbf_axis_0/inst/u_system/u_datapath/status_frame_count_reg[21]/C
  -------------------------------------------------------------------    -------------------
    SLICE_X23Y21         FDRE (Prop_fdre_C_Q)         0.141     0.551 r  dbf_reference_bd_i/dbf_axis_0/inst/u_system/u_datapath/status_frame_count_reg[21]/Q
                         net (fo=1, unset)            0.410     0.961    dbf_status_frame_count[21]
                                                                      r  dbf_status_frame_count[21] (OUT)
  -------------------------------------------------------------------    -------------------

Slack:                    inf
  Source:                 dbf_reference_bd_i/dbf_axis_0/inst/u_system/u_datapath/status_frame_count_reg[22]/C
                            (rising edge-triggered cell FDRE clocked by aclk  {rise@0.000ns fall@2.500ns period=5.000ns})
  Destination:            dbf_status_frame_count[22]
                            (output port)
  Path Group:             (none)
  Path Type:              Min at Fast Process Corner
  Data Path Delay:        0.551ns  (logic 0.141ns (25.583%)  route 0.410ns (74.417%))
  Logic Levels:           0  
  Clock Uncertainty:      0.025ns  ((TSJ^2 + TIJ^2)^1/2 + DJ) / 2 + PE
    Total System Jitter     (TSJ):    0.050ns
    Total Input Jitter      (TIJ):    0.000ns
    Discrete Jitter          (DJ):    0.000ns
    Phase Error              (PE):    0.000ns

    Location             Delay type                Incr(ns)  Path(ns)    Netlist Resource(s)
  -------------------------------------------------------------------    -------------------
                         (clock aclk rise edge)       0.000     0.000 r  
                                                      0.000     0.000 r  aclk (IN)
                         net (fo=5092, unset)         0.410     0.410    dbf_reference_bd_i/dbf_axis_0/inst/u_system/u_datapath/aclk
    SLICE_X23Y21         FDRE                                         r  dbf_reference_bd_i/dbf_axis_0/inst/u_system/u_datapath/status_frame_count_reg[22]/C
  -------------------------------------------------------------------    -------------------
    SLICE_X23Y21         FDRE (Prop_fdre_C_Q)         0.141     0.551 r  dbf_reference_bd_i/dbf_axis_0/inst/u_system/u_datapath/status_frame_count_reg[22]/Q
                         net (fo=1, unset)            0.410     0.961    dbf_status_frame_count[22]
                                                                      r  dbf_status_frame_count[22] (OUT)
  -------------------------------------------------------------------    -------------------

Slack:                    inf
  Source:                 dbf_reference_bd_i/dbf_axis_0/inst/u_system/u_datapath/status_frame_count_reg[23]/C
                            (rising edge-triggered cell FDRE clocked by aclk  {rise@0.000ns fall@2.500ns period=5.000ns})
  Destination:            dbf_status_frame_count[23]
                            (output port)
  Path Group:             (none)
  Path Type:              Min at Fast Process Corner
  Data Path Delay:        0.551ns  (logic 0.141ns (25.583%)  route 0.410ns (74.417%))
  Logic Levels:           0  
  Clock Uncertainty:      0.025ns  ((TSJ^2 + TIJ^2)^1/2 + DJ) / 2 + PE
    Total System Jitter     (TSJ):    0.050ns
    Total Input Jitter      (TIJ):    0.000ns
    Discrete Jitter          (DJ):    0.000ns
    Phase Error              (PE):    0.000ns

    Location             Delay type                Incr(ns)  Path(ns)    Netlist Resource(s)
  -------------------------------------------------------------------    -------------------
                         (clock aclk rise edge)       0.000     0.000 r  
                                                      0.000     0.000 r  aclk (IN)
                         net (fo=5092, unset)         0.410     0.410    dbf_reference_bd_i/dbf_axis_0/inst/u_system/u_datapath/aclk
    SLICE_X23Y21         FDRE                                         r  dbf_reference_bd_i/dbf_axis_0/inst/u_system/u_datapath/status_frame_count_reg[23]/C
  -------------------------------------------------------------------    -------------------
    SLICE_X23Y21         FDRE (Prop_fdre_C_Q)         0.141     0.551 r  dbf_reference_bd_i/dbf_axis_0/inst/u_system/u_datapath/status_frame_count_reg[23]/Q
                         net (fo=1, unset)            0.410     0.961    dbf_status_frame_count[23]
                                                                      r  dbf_status_frame_count[23] (OUT)
  -------------------------------------------------------------------    -------------------

Slack:                    inf
  Source:                 dbf_reference_bd_i/dbf_axis_0/inst/u_system/u_datapath/status_frame_count_reg[24]/C
                            (rising edge-triggered cell FDRE clocked by aclk  {rise@0.000ns fall@2.500ns period=5.000ns})
  Destination:            dbf_status_frame_count[24]
                            (output port)
  Path Group:             (none)
  Path Type:              Min at Fast Process Corner
  Data Path Delay:        0.551ns  (logic 0.141ns (25.583%)  route 0.410ns (74.417%))
  Logic Levels:           0  
  Clock Uncertainty:      0.025ns  ((TSJ^2 + TIJ^2)^1/2 + DJ) / 2 + PE
    Total System Jitter     (TSJ):    0.050ns
    Total Input Jitter      (TIJ):    0.000ns
    Discrete Jitter          (DJ):    0.000ns
    Phase Error              (PE):    0.000ns

    Location             Delay type                Incr(ns)  Path(ns)    Netlist Resource(s)
  -------------------------------------------------------------------    -------------------
                         (clock aclk rise edge)       0.000     0.000 r  
                                                      0.000     0.000 r  aclk (IN)
                         net (fo=5092, unset)         0.410     0.410    dbf_reference_bd_i/dbf_axis_0/inst/u_system/u_datapath/aclk
    SLICE_X23Y22         FDRE                                         r  dbf_reference_bd_i/dbf_axis_0/inst/u_system/u_datapath/status_frame_count_reg[24]/C
  -------------------------------------------------------------------    -------------------
    SLICE_X23Y22         FDRE (Prop_fdre_C_Q)         0.141     0.551 r  dbf_reference_bd_i/dbf_axis_0/inst/u_system/u_datapath/status_frame_count_reg[24]/Q
                         net (fo=1, unset)            0.410     0.961    dbf_status_frame_count[24]
                                                                      r  dbf_status_frame_count[24] (OUT)
  -------------------------------------------------------------------    -------------------

Slack:                    inf
  Source:                 dbf_reference_bd_i/dbf_axis_0/inst/u_system/u_datapath/status_frame_count_reg[25]/C
                            (rising edge-triggered cell FDRE clocked by aclk  {rise@0.000ns fall@2.500ns period=5.000ns})
  Destination:            dbf_status_frame_count[25]
                            (output port)
  Path Group:             (none)
  Path Type:              Min at Fast Process Corner
  Data Path Delay:        0.551ns  (logic 0.141ns (25.583%)  route 0.410ns (74.417%))
  Logic Levels:           0  
  Clock Uncertainty:      0.025ns  ((TSJ^2 + TIJ^2)^1/2 + DJ) / 2 + PE
    Total System Jitter     (TSJ):    0.050ns
    Total Input Jitter      (TIJ):    0.000ns
    Discrete Jitter          (DJ):    0.000ns
    Phase Error              (PE):    0.000ns

    Location             Delay type                Incr(ns)  Path(ns)    Netlist Resource(s)
  -------------------------------------------------------------------    -------------------
                         (clock aclk rise edge)       0.000     0.000 r  
                                                      0.000     0.000 r  aclk (IN)
                         net (fo=5092, unset)         0.410     0.410    dbf_reference_bd_i/dbf_axis_0/inst/u_system/u_datapath/aclk
    SLICE_X23Y22         FDRE                                         r  dbf_reference_bd_i/dbf_axis_0/inst/u_system/u_datapath/status_frame_count_reg[25]/C
  -------------------------------------------------------------------    -------------------
    SLICE_X23Y22         FDRE (Prop_fdre_C_Q)         0.141     0.551 r  dbf_reference_bd_i/dbf_axis_0/inst/u_system/u_datapath/status_frame_count_reg[25]/Q
                         net (fo=1, unset)            0.410     0.961    dbf_status_frame_count[25]
                                                                      r  dbf_status_frame_count[25] (OUT)
  -------------------------------------------------------------------    -------------------





--------------------------------------------------------------------------------------
Path Group:  (none)
From Clock:  
  To Clock:  aclk

Max Delay            86 Endpoints
Min Delay            86 Endpoints
--------------------------------------------------------------------------------------


Max Delay Paths
--------------------------------------------------------------------------------------
Slack:                    inf
  Source:                 M_AXIS_Z_tready
                            (input port)
  Destination:            dbf_reference_bd_i/axis_out_fifo_0/inst/gen_fifo.xpm_fifo_axis_inst/xpm_fifo_base_inst/gen_pntr_flags_cc.gen_full_rst_val.ram_full_n_reg/D
                            (rising edge-triggered cell FDRE clocked by aclk  {rise@0.000ns fall@2.500ns period=5.000ns})
  Path Group:             (none)
  Path Type:              Setup (Max at Slow Process Corner)
  Data Path Delay:        3.301ns  (logic 0.573ns (17.359%)  route 2.728ns (82.641%))
  Logic Levels:           3  (LUT2=1 LUT4=1 LUT6=1)
  Clock Path Skew:        0.924ns (DCD - SCD + CPR)
    Destination Clock Delay (DCD):    0.924ns
    Source Clock Delay      (SCD):    0.000ns
    Clock Pessimism Removal (CPR):    0.000ns
  Clock Uncertainty:      0.025ns  ((TSJ^2 + TIJ^2)^1/2 + DJ) / 2 + PE
    Total System Jitter     (TSJ):    0.050ns
    Total Input Jitter      (TIJ):    0.000ns
    Discrete Jitter          (DJ):    0.000ns
    Phase Error              (PE):    0.000ns

    Location             Delay type                Incr(ns)  Path(ns)    Netlist Resource(s)
  -------------------------------------------------------------------    -------------------
                                                      0.000     0.000 r  M_AXIS_Z_tready (IN)
                         net (fo=0)                   0.973     0.973    dbf_reference_bd_i/axis_out_fifo_0/inst/gen_fifo.xpm_fifo_axis_inst/m_axis_tready
    SLICE_X29Y35         LUT2 (Prop_lut2_I1_O)        0.124     1.097 r  dbf_reference_bd_i/axis_out_fifo_0/inst/gen_fifo.xpm_fifo_axis_inst/xpm_fifo_base_inst_i_1/O
                         net (fo=10, routed)          0.463     1.560    dbf_reference_bd_i/axis_out_fifo_0/inst/gen_fifo.xpm_fifo_axis_inst/xpm_fifo_base_inst/rdp_inst/rd_en
    SLICE_X29Y34         LUT4 (Prop_lut4_I2_O)        0.117     1.677 r  dbf_reference_bd_i/axis_out_fifo_0/inst/gen_fifo.xpm_fifo_axis_inst/xpm_fifo_base_inst/rdp_inst/gen_sdpram.xpm_memory_base_inst_i_2/O
                         net (fo=13, routed)          1.292     2.969    dbf_reference_bd_i/axis_out_fifo_0/inst/gen_fifo.xpm_fifo_axis_inst/xpm_fifo_base_inst/rdp_inst/FSM_sequential_gen_fwft.curr_fwft_state_reg[1]
    SLICE_X30Y38         LUT6 (Prop_lut6_I2_O)        0.332     3.301 r  dbf_reference_bd_i/axis_out_fifo_0/inst/gen_fifo.xpm_fifo_axis_inst/xpm_fifo_base_inst/rdp_inst/gen_pntr_flags_cc.gen_full_rst_val.ram_full_n_i_1/O
                         net (fo=1, routed)           0.000     3.301    dbf_reference_bd_i/axis_out_fifo_0/inst/gen_fifo.xpm_fifo_axis_inst/xpm_fifo_base_inst/rdp_inst_n_7
    SLICE_X30Y38         FDRE                                         r  dbf_reference_bd_i/axis_out_fifo_0/inst/gen_fifo.xpm_fifo_axis_inst/xpm_fifo_base_inst/gen_pntr_flags_cc.gen_full_rst_val.ram_full_n_reg/D
  -------------------------------------------------------------------    -------------------

                         (clock aclk rise edge)       0.000     0.000 r  
                                                      0.000     0.000 r  aclk (IN)
                         net (fo=5092, unset)         0.924     0.924    dbf_reference_bd_i/axis_out_fifo_0/inst/gen_fifo.xpm_fifo_axis_inst/xpm_fifo_base_inst/wr_clk
    SLICE_X30Y38         FDRE                                         r  dbf_reference_bd_i/axis_out_fifo_0/inst/gen_fifo.xpm_fifo_axis_inst/xpm_fifo_base_inst/gen_pntr_flags_cc.gen_full_rst_val.ram_full_n_reg/C

Slack:                    inf
  Source:                 M_AXIS_Z_tready
                            (input port)
  Destination:            dbf_reference_bd_i/axis_out_fifo_0/inst/gen_fifo.xpm_fifo_axis_inst/xpm_fifo_base_inst/gen_pntr_flags_cc.ram_empty_i_reg/D
                            (rising edge-triggered cell FDSE clocked by aclk  {rise@0.000ns fall@2.500ns period=5.000ns})
  Path Group:             (none)
  Path Type:              Setup (Max at Slow Process Corner)
  Data Path Delay:        3.001ns  (logic 0.573ns (19.096%)  route 2.428ns (80.904%))
  Logic Levels:           3  (LUT2=1 LUT4=1 LUT5=1)
  Clock Path Skew:        0.924ns (DCD - SCD + CPR)
    Destination Clock Delay (DCD):    0.924ns
    Source Clock Delay      (SCD):    0.000ns
    Clock Pessimism Removal (CPR):    0.000ns
  Clock Uncertainty:      0.025ns  ((TSJ^2 + TIJ^2)^1/2 + DJ) / 2 + PE
    Total System Jitter     (TSJ):    0.050ns
    Total Input Jitter      (TIJ):    0.000ns
    Discrete Jitter          (DJ):    0.000ns
    Phase Error              (PE):    0.000ns

    Location             Delay type                Incr(ns)  Path(ns)    Netlist Resource(s)
  -------------------------------------------------------------------    -------------------
                                                      0.000     0.000 r  M_AXIS_Z_tready (IN)
                         net (fo=0)                   0.973     0.973    dbf_reference_bd_i/axis_out_fifo_0/inst/gen_fifo.xpm_fifo_axis_inst/m_axis_tready
    SLICE_X29Y35         LUT2 (Prop_lut2_I1_O)        0.124     1.097 r  dbf_reference_bd_i/axis_out_fifo_0/inst/gen_fifo.xpm_fifo_axis_inst/xpm_fifo_base_inst_i_1/O
                         net (fo=10, routed)          0.463     1.560    dbf_reference_bd_i/axis_out_fifo_0/inst/gen_fifo.xpm_fifo_axis_inst/xpm_fifo_base_inst/rdp_inst/rd_en
    SLICE_X29Y34         LUT4 (Prop_lut4_I2_O)        0.117     1.677 r  dbf_reference_bd_i/axis_out_fifo_0/inst/gen_fifo.xpm_fifo_axis_inst/xpm_fifo_base_inst/rdp_inst/gen_sdpram.xpm_memory_base_inst_i_2/O
                         net (fo=13, routed)          0.992     2.669    dbf_reference_bd_i/axis_out_fifo_0/inst/gen_fifo.xpm_fifo_axis_inst/xpm_fifo_base_inst/wrp_inst/gen_pntr_flags_cc.ram_empty_i_reg
    SLICE_X30Y36         LUT5 (Prop_lut5_I0_O)        0.332     3.001 r  dbf_reference_bd_i/axis_out_fifo_0/inst/gen_fifo.xpm_fifo_axis_inst/xpm_fifo_base_inst/wrp_inst/gen_pntr_flags_cc.ram_empty_i_i_1/O
                         net (fo=1, routed)           0.000     3.001    dbf_reference_bd_i/axis_out_fifo_0/inst/gen_fifo.xpm_fifo_axis_inst/xpm_fifo_base_inst/ram_empty_i0
    SLICE_X30Y36         FDSE                                         r  dbf_reference_bd_i/axis_out_fifo_0/inst/gen_fifo.xpm_fifo_axis_inst/xpm_fifo_base_inst/gen_pntr_flags_cc.ram_empty_i_reg/D
  -------------------------------------------------------------------    -------------------

                         (clock aclk rise edge)       0.000     0.000 r  
                                                      0.000     0.000 r  aclk (IN)
                         net (fo=5092, unset)         0.924     0.924    dbf_reference_bd_i/axis_out_fifo_0/inst/gen_fifo.xpm_fifo_axis_inst/xpm_fifo_base_inst/wr_clk
    SLICE_X30Y36         FDSE                                         r  dbf_reference_bd_i/axis_out_fifo_0/inst/gen_fifo.xpm_fifo_axis_inst/xpm_fifo_base_inst/gen_pntr_flags_cc.ram_empty_i_reg/C

Slack:                    inf
  Source:                 M_AXIS_Z_tready
                            (input port)
  Destination:            dbf_reference_bd_i/axis_out_fifo_0/inst/gen_fifo.xpm_fifo_axis_inst/xpm_fifo_base_inst/gen_pntr_flags_cc.gen_full_rst_val.ram_full_i_reg/D
                            (rising edge-triggered cell FDSE clocked by aclk  {rise@0.000ns fall@2.500ns period=5.000ns})
  Path Group:             (none)
  Path Type:              Setup (Max at Slow Process Corner)
  Data Path Delay:        2.944ns  (logic 0.573ns (19.464%)  route 2.371ns (80.536%))
  Logic Levels:           3  (LUT2=1 LUT4=1 LUT6=1)
  Clock Path Skew:        0.924ns (DCD - SCD + CPR)
    Destination Clock Delay (DCD):    0.924ns
    Source Clock Delay      (SCD):    0.000ns
    Clock Pessimism Removal (CPR):    0.000ns
  Clock Uncertainty:      0.025ns  ((TSJ^2 + TIJ^2)^1/2 + DJ) / 2 + PE
    Total System Jitter     (TSJ):    0.050ns
    Total Input Jitter      (TIJ):    0.000ns
    Discrete Jitter          (DJ):    0.000ns
    Phase Error              (PE):    0.000ns

    Location             Delay type                Incr(ns)  Path(ns)    Netlist Resource(s)
  -------------------------------------------------------------------    -------------------
                                                      0.000     0.000 f  M_AXIS_Z_tready (IN)
                         net (fo=0)                   0.973     0.973    dbf_reference_bd_i/axis_out_fifo_0/inst/gen_fifo.xpm_fifo_axis_inst/m_axis_tready
    SLICE_X29Y35         LUT2 (Prop_lut2_I1_O)        0.124     1.097 f  dbf_reference_bd_i/axis_out_fifo_0/inst/gen_fifo.xpm_fifo_axis_inst/xpm_fifo_base_inst_i_1/O
                         net (fo=10, routed)          0.463     1.560    dbf_reference_bd_i/axis_out_fifo_0/inst/gen_fifo.xpm_fifo_axis_inst/xpm_fifo_base_inst/rdp_inst/rd_en
    SLICE_X29Y34         LUT4 (Prop_lut4_I2_O)        0.117     1.677 f  dbf_reference_bd_i/axis_out_fifo_0/inst/gen_fifo.xpm_fifo_axis_inst/xpm_fifo_base_inst/rdp_inst/gen_sdpram.xpm_memory_base_inst_i_2/O
                         net (fo=13, routed)          0.935     2.612    dbf_reference_bd_i/axis_out_fifo_0/inst/gen_fifo.xpm_fifo_axis_inst/xpm_fifo_base_inst/rdp_inst/FSM_sequential_gen_fwft.curr_fwft_state_reg[1]
    SLICE_X30Y38         LUT6 (Prop_lut6_I3_O)        0.332     2.944 r  dbf_reference_bd_i/axis_out_fifo_0/inst/gen_fifo.xpm_fifo_axis_inst/xpm_fifo_base_inst/rdp_inst/gen_pntr_flags_cc.gen_full_rst_val.ram_full_i_i_1/O
                         net (fo=1, routed)           0.000     2.944    dbf_reference_bd_i/axis_out_fifo_0/inst/gen_fifo.xpm_fifo_axis_inst/xpm_fifo_base_inst/rdp_inst_n_5
    SLICE_X30Y38         FDSE                                         r  dbf_reference_bd_i/axis_out_fifo_0/inst/gen_fifo.xpm_fifo_axis_inst/xpm_fifo_base_inst/gen_pntr_flags_cc.gen_full_rst_val.ram_full_i_reg/D
  -------------------------------------------------------------------    -------------------

                         (clock aclk rise edge)       0.000     0.000 r  
                                                      0.000     0.000 r  aclk (IN)
                         net (fo=5092, unset)         0.924     0.924    dbf_reference_bd_i/axis_out_fifo_0/inst/gen_fifo.xpm_fifo_axis_inst/xpm_fifo_base_inst/wr_clk
    SLICE_X30Y38         FDSE                                         r  dbf_reference_bd_i/axis_out_fifo_0/inst/gen_fifo.xpm_fifo_axis_inst/xpm_fifo_base_inst/gen_pntr_flags_cc.gen_full_rst_val.ram_full_i_reg/C

Slack:                    inf
  Source:                 M_AXIS_Z_tready
                            (input port)
  Destination:            dbf_reference_bd_i/axis_out_fifo_0/inst/gen_fifo.xpm_fifo_axis_inst/xpm_fifo_base_inst/gen_sdpram.xpm_memory_base_inst/gen_wr_a.gen_word_narrow.mem_reg_0/REGCEAREGCE
                            (rising edge-triggered cell RAMB36E1 clocked by aclk  {rise@0.000ns fall@2.500ns period=5.000ns})
  Path Group:             (none)
  Path Type:              Setup (Max at Slow Process Corner)
  Data Path Delay:        2.676ns  (logic 0.248ns (9.269%)  route 2.428ns (90.731%))
  Logic Levels:           2  (LUT2=1 LUT3=1)
  Clock Path Skew:        0.924ns (DCD - SCD + CPR)
    Destination Clock Delay (DCD):    0.924ns
    Source Clock Delay      (SCD):    0.000ns
    Clock Pessimism Removal (CPR):    0.000ns
  Clock Uncertainty:      0.025ns  ((TSJ^2 + TIJ^2)^1/2 + DJ) / 2 + PE
    Total System Jitter     (TSJ):    0.050ns
    Total Input Jitter      (TIJ):    0.000ns
    Discrete Jitter          (DJ):    0.000ns
    Phase Error              (PE):    0.000ns

    Location             Delay type                Incr(ns)  Path(ns)    Netlist Resource(s)
  -------------------------------------------------------------------    -------------------
                                                      0.000     0.000 r  M_AXIS_Z_tready (IN)
                         net (fo=0)                   0.973     0.973    dbf_reference_bd_i/axis_out_fifo_0/inst/gen_fifo.xpm_fifo_axis_inst/m_axis_tready
    SLICE_X29Y35         LUT2 (Prop_lut2_I1_O)        0.124     1.097 r  dbf_reference_bd_i/axis_out_fifo_0/inst/gen_fifo.xpm_fifo_axis_inst/xpm_fifo_base_inst_i_1/O
                         net (fo=10, routed)          0.463     1.560    dbf_reference_bd_i/axis_out_fifo_0/inst/gen_fifo.xpm_fifo_axis_inst/xpm_fifo_base_inst/rd_en
    SLICE_X29Y34         LUT3 (Prop_lut3_I2_O)        0.124     1.684 r  dbf_reference_bd_i/axis_out_fifo_0/inst/gen_fifo.xpm_fifo_axis_inst/xpm_fifo_base_inst/gen_sdpram.xpm_memory_base_inst_i_3/O
                         net (fo=2, routed)           0.992     2.676    dbf_reference_bd_i/axis_out_fifo_0/inst/gen_fifo.xpm_fifo_axis_inst/xpm_fifo_base_inst/gen_sdpram.xpm_memory_base_inst/regceb
    RAMB36_X2Y5          RAMB36E1                                     r  dbf_reference_bd_i/axis_out_fifo_0/inst/gen_fifo.xpm_fifo_axis_inst/xpm_fifo_base_inst/gen_sdpram.xpm_memory_base_inst/gen_wr_a.gen_word_narrow.mem_reg_0/REGCEAREGCE
  -------------------------------------------------------------------    -------------------

                         (clock aclk rise edge)       0.000     0.000 r  
                                                      0.000     0.000 r  aclk (IN)
                         net (fo=5092, unset)         0.924     0.924    dbf_reference_bd_i/axis_out_fifo_0/inst/gen_fifo.xpm_fifo_axis_inst/xpm_fifo_base_inst/gen_sdpram.xpm_memory_base_inst/clka
    RAMB36_X2Y5          RAMB36E1                                     r  dbf_reference_bd_i/axis_out_fifo_0/inst/gen_fifo.xpm_fifo_axis_inst/xpm_fifo_base_inst/gen_sdpram.xpm_memory_base_inst/gen_wr_a.gen_word_narrow.mem_reg_0/CLKARDCLK

Slack:                    inf
  Source:                 M_AXIS_Z_tready
                            (input port)
  Destination:            dbf_reference_bd_i/axis_out_fifo_0/inst/gen_fifo.xpm_fifo_axis_inst/xpm_fifo_base_inst/gen_sdpram.xpm_memory_base_inst/gen_wr_a.gen_word_narrow.mem_reg_0/ENARDEN
                            (rising edge-triggered cell RAMB36E1 clocked by aclk  {rise@0.000ns fall@2.500ns period=5.000ns})
  Path Group:             (none)
  Path Type:              Setup (Max at Slow Process Corner)
  Data Path Delay:        2.663ns  (logic 0.241ns (9.048%)  route 2.422ns (90.952%))
  Logic Levels:           2  (LUT2=1 LUT4=1)
  Clock Path Skew:        0.924ns (DCD - SCD + CPR)
    Destination Clock Delay (DCD):    0.924ns
    Source Clock Delay      (SCD):    0.000ns
    Clock Pessimism Removal (CPR):    0.000ns
  Clock Uncertainty:      0.025ns  ((TSJ^2 + TIJ^2)^1/2 + DJ) / 2 + PE
    Total System Jitter     (TSJ):    0.050ns
    Total Input Jitter      (TIJ):    0.000ns
    Discrete Jitter          (DJ):    0.000ns
    Phase Error              (PE):    0.000ns

    Location             Delay type                Incr(ns)  Path(ns)    Netlist Resource(s)
  -------------------------------------------------------------------    -------------------
                                                      0.000     0.000 r  M_AXIS_Z_tready (IN)
                         net (fo=0)                   0.973     0.973    dbf_reference_bd_i/axis_out_fifo_0/inst/gen_fifo.xpm_fifo_axis_inst/m_axis_tready
    SLICE_X29Y35         LUT2 (Prop_lut2_I1_O)        0.124     1.097 r  dbf_reference_bd_i/axis_out_fifo_0/inst/gen_fifo.xpm_fifo_axis_inst/xpm_fifo_base_inst_i_1/O
                         net (fo=10, routed)          0.463     1.560    dbf_reference_bd_i/axis_out_fifo_0/inst/gen_fifo.xpm_fifo_axis_inst/xpm_fifo_base_inst/rdp_inst/rd_en
    SLICE_X29Y34         LUT4 (Prop_lut4_I2_O)        0.117     1.677 r  dbf_reference_bd_i/axis_out_fifo_0/inst/gen_fifo.xpm_fifo_axis_inst/xpm_fifo_base_inst/rdp_inst/gen_sdpram.xpm_memory_base_inst_i_2/O
                         net (fo=13, routed)          0.986     2.663    dbf_reference_bd_i/axis_out_fifo_0/inst/gen_fifo.xpm_fifo_axis_inst/xpm_fifo_base_inst/gen_sdpram.xpm_memory_base_inst/enb
    RAMB36_X2Y5          RAMB36E1                                     r  dbf_reference_bd_i/axis_out_fifo_0/inst/gen_fifo.xpm_fifo_axis_inst/xpm_fifo_base_inst/gen_sdpram.xpm_memory_base_inst/gen_wr_a.gen_word_narrow.mem_reg_0/ENARDEN
  -------------------------------------------------------------------    -------------------

                         (clock aclk rise edge)       0.000     0.000 r  
                                                      0.000     0.000 r  aclk (IN)
                         net (fo=5092, unset)         0.924     0.924    dbf_reference_bd_i/axis_out_fifo_0/inst/gen_fifo.xpm_fifo_axis_inst/xpm_fifo_base_inst/gen_sdpram.xpm_memory_base_inst/clka
    RAMB36_X2Y5          RAMB36E1                                     r  dbf_reference_bd_i/axis_out_fifo_0/inst/gen_fifo.xpm_fifo_axis_inst/xpm_fifo_base_inst/gen_sdpram.xpm_memory_base_inst/gen_wr_a.gen_word_narrow.mem_reg_0/CLKARDCLK

Slack:                    inf
  Source:                 S_AXIS_Y_tvalid
                            (input port)
  Destination:            dbf_reference_bd_i/axis_in_fifo_0/inst/gen_fifo.xpm_fifo_axis_inst/xpm_fifo_base_inst/gen_pntr_flags_cc.gen_full_rst_val.ram_full_n_reg/D
                            (rising edge-triggered cell FDRE clocked by aclk  {rise@0.000ns fall@2.500ns period=5.000ns})
  Path Group:             (none)
  Path Type:              Setup (Max at Slow Process Corner)
  Data Path Delay:        2.580ns  (logic 0.481ns (18.646%)  route 2.099ns (81.354%))
  Logic Levels:           2  (LUT4=1 LUT6=1)
  Clock Path Skew:        0.924ns (DCD - SCD + CPR)
    Destination Clock Delay (DCD):    0.924ns
    Source Clock Delay      (SCD):    0.000ns
    Clock Pessimism Removal (CPR):    0.000ns
  Clock Uncertainty:      0.025ns  ((TSJ^2 + TIJ^2)^1/2 + DJ) / 2 + PE
    Total System Jitter     (TSJ):    0.050ns
    Total Input Jitter      (TIJ):    0.000ns
    Discrete Jitter          (DJ):    0.000ns
    Phase Error              (PE):    0.000ns

    Location             Delay type                Incr(ns)  Path(ns)    Netlist Resource(s)
  -------------------------------------------------------------------    -------------------
                                                      0.000     0.000 f  S_AXIS_Y_tvalid (IN)
                         net (fo=2, unset)            0.973     0.973    dbf_reference_bd_i/axis_in_fifo_0/inst/gen_fifo.xpm_fifo_axis_inst/xpm_fifo_base_inst/xpm_fifo_rst_inst/wr_en
    SLICE_X13Y31         LUT4 (Prop_lut4_I0_O)        0.149     1.122 f  dbf_reference_bd_i/axis_in_fifo_0/inst/gen_fifo.xpm_fifo_axis_inst/xpm_fifo_base_inst/xpm_fifo_rst_inst/gen_sdpram.xpm_memory_base_inst_i_1/O
                         net (fo=24, routed)          1.126     2.248    dbf_reference_bd_i/axis_in_fifo_0/inst/gen_fifo.xpm_fifo_axis_inst/xpm_fifo_base_inst/rdp_inst/ram_wr_en_i
    SLICE_X12Y31         LUT6 (Prop_lut6_I5_O)        0.332     2.580 r  dbf_reference_bd_i/axis_in_fifo_0/inst/gen_fifo.xpm_fifo_axis_inst/xpm_fifo_base_inst/rdp_inst/gen_pntr_flags_cc.gen_full_rst_val.ram_full_n_i_1/O
                         net (fo=1, routed)           0.000     2.580    dbf_reference_bd_i/axis_in_fifo_0/inst/gen_fifo.xpm_fifo_axis_inst/xpm_fifo_base_inst/rdp_inst_n_9
    SLICE_X12Y31         FDRE                                         r  dbf_reference_bd_i/axis_in_fifo_0/inst/gen_fifo.xpm_fifo_axis_inst/xpm_fifo_base_inst/gen_pntr_flags_cc.gen_full_rst_val.ram_full_n_reg/D
  -------------------------------------------------------------------    -------------------

                         (clock aclk rise edge)       0.000     0.000 r  
                                                      0.000     0.000 r  aclk (IN)
                         net (fo=5092, unset)         0.924     0.924    dbf_reference_bd_i/axis_in_fifo_0/inst/gen_fifo.xpm_fifo_axis_inst/xpm_fifo_base_inst/wr_clk
    SLICE_X12Y31         FDRE                                         r  dbf_reference_bd_i/axis_in_fifo_0/inst/gen_fifo.xpm_fifo_axis_inst/xpm_fifo_base_inst/gen_pntr_flags_cc.gen_full_rst_val.ram_full_n_reg/C

Slack:                    inf
  Source:                 M_AXIS_Z_tready
                            (input port)
  Destination:            dbf_reference_bd_i/axis_out_fifo_0/inst/gen_fifo.xpm_fifo_axis_inst/xpm_fifo_base_inst/gen_sdpram.xpm_memory_base_inst/gen_wr_a.gen_word_narrow.mem_reg_1/REGCEAREGCE
                            (rising edge-triggered cell RAMB18E1 clocked by aclk  {rise@0.000ns fall@2.500ns period=5.000ns})
  Path Group:             (none)
  Path Type:              Setup (Max at Slow Process Corner)
  Data Path Delay:        2.475ns  (logic 0.248ns (10.022%)  route 2.227ns (89.978%))
  Logic Levels:           2  (LUT2=1 LUT3=1)
  Clock Path Skew:        0.924ns (DCD - SCD + CPR)
    Destination Clock Delay (DCD):    0.924ns
    Source Clock Delay      (SCD):    0.000ns
    Clock Pessimism Removal (CPR):    0.000ns
  Clock Uncertainty:      0.025ns  ((TSJ^2 + TIJ^2)^1/2 + DJ) / 2 + PE
    Total System Jitter     (TSJ):    0.050ns
    Total Input Jitter      (TIJ):    0.000ns
    Discrete Jitter          (DJ):    0.000ns
    Phase Error              (PE):    0.000ns

    Location             Delay type                Incr(ns)  Path(ns)    Netlist Resource(s)
  -------------------------------------------------------------------    -------------------
                                                      0.000     0.000 r  M_AXIS_Z_tready (IN)
                         net (fo=0)                   0.973     0.973    dbf_reference_bd_i/axis_out_fifo_0/inst/gen_fifo.xpm_fifo_axis_inst/m_axis_tready
    SLICE_X29Y35         LUT2 (Prop_lut2_I1_O)        0.124     1.097 r  dbf_reference_bd_i/axis_out_fifo_0/inst/gen_fifo.xpm_fifo_axis_inst/xpm_fifo_base_inst_i_1/O
                         net (fo=10, routed)          0.463     1.560    dbf_reference_bd_i/axis_out_fifo_0/inst/gen_fifo.xpm_fifo_axis_inst/xpm_fifo_base_inst/rd_en
    SLICE_X29Y34         LUT3 (Prop_lut3_I2_O)        0.124     1.684 r  dbf_reference_bd_i/axis_out_fifo_0/inst/gen_fifo.xpm_fifo_axis_inst/xpm_fifo_base_inst/gen_sdpram.xpm_memory_base_inst_i_3/O
                         net (fo=2, routed)           0.791     2.475    dbf_reference_bd_i/axis_out_fifo_0/inst/gen_fifo.xpm_fifo_axis_inst/xpm_fifo_base_inst/gen_sdpram.xpm_memory_base_inst/regceb
    RAMB18_X2Y12         RAMB18E1                                     r  dbf_reference_bd_i/axis_out_fifo_0/inst/gen_fifo.xpm_fifo_axis_inst/xpm_fifo_base_inst/gen_sdpram.xpm_memory_base_inst/gen_wr_a.gen_word_narrow.mem_reg_1/REGCEAREGCE
  -------------------------------------------------------------------    -------------------

                         (clock aclk rise edge)       0.000     0.000 r  
                                                      0.000     0.000 r  aclk (IN)
                         net (fo=5092, unset)         0.924     0.924    dbf_reference_bd_i/axis_out_fifo_0/inst/gen_fifo.xpm_fifo_axis_inst/xpm_fifo_base_inst/gen_sdpram.xpm_memory_base_inst/clka
    RAMB18_X2Y12         RAMB18E1                                     r  dbf_reference_bd_i/axis_out_fifo_0/inst/gen_fifo.xpm_fifo_axis_inst/xpm_fifo_base_inst/gen_sdpram.xpm_memory_base_inst/gen_wr_a.gen_word_narrow.mem_reg_1/CLKARDCLK

Slack:                    inf
  Source:                 M_AXIS_Z_tready
                            (input port)
  Destination:            dbf_reference_bd_i/axis_out_fifo_0/inst/gen_fifo.xpm_fifo_axis_inst/xpm_fifo_base_inst/rdp_inst/count_value_i_reg[0]/CE
                            (rising edge-triggered cell FDRE clocked by aclk  {rise@0.000ns fall@2.500ns period=5.000ns})
  Path Group:             (none)
  Path Type:              Setup (Max at Slow Process Corner)
  Data Path Delay:        2.340ns  (logic 0.241ns (10.301%)  route 2.099ns (89.699%))
  Logic Levels:           2  (LUT2=1 LUT4=1)
  Clock Path Skew:        0.924ns (DCD - SCD + CPR)
    Destination Clock Delay (DCD):    0.924ns
    Source Clock Delay      (SCD):    0.000ns
    Clock Pessimism Removal (CPR):    0.000ns
  Clock Uncertainty:      0.025ns  ((TSJ^2 + TIJ^2)^1/2 + DJ) / 2 + PE
    Total System Jitter     (TSJ):    0.050ns
    Total Input Jitter      (TIJ):    0.000ns
    Discrete Jitter          (DJ):    0.000ns
    Phase Error              (PE):    0.000ns

    Location             Delay type                Incr(ns)  Path(ns)    Netlist Resource(s)
  -------------------------------------------------------------------    -------------------
                                                      0.000     0.000 r  M_AXIS_Z_tready (IN)
                         net (fo=0)                   0.973     0.973    dbf_reference_bd_i/axis_out_fifo_0/inst/gen_fifo.xpm_fifo_axis_inst/m_axis_tready
    SLICE_X29Y35         LUT2 (Prop_lut2_I1_O)        0.124     1.097 r  dbf_reference_bd_i/axis_out_fifo_0/inst/gen_fifo.xpm_fifo_axis_inst/xpm_fifo_base_inst_i_1/O
                         net (fo=10, routed)          0.463     1.560    dbf_reference_bd_i/axis_out_fifo_0/inst/gen_fifo.xpm_fifo_axis_inst/xpm_fifo_base_inst/rdp_inst/rd_en
    SLICE_X29Y34         LUT4 (Prop_lut4_I2_O)        0.117     1.677 r  dbf_reference_bd_i/axis_out_fifo_0/inst/gen_fifo.xpm_fifo_axis_inst/xpm_fifo_base_inst/rdp_inst/gen_sdpram.xpm_memory_base_inst_i_2/O
                         net (fo=13, routed)          0.663     2.340    dbf_reference_bd_i/axis_out_fifo_0/inst/gen_fifo.xpm_fifo_axis_inst/xpm_fifo_base_inst/rdp_inst/FSM_sequential_gen_fwft.curr_fwft_state_reg[1]
    SLICE_X29Y34         FDRE                                         r  dbf_reference_bd_i/axis_out_fifo_0/inst/gen_fifo.xpm_fifo_axis_inst/xpm_fifo_base_inst/rdp_inst/count_value_i_reg[0]/CE
  -------------------------------------------------------------------    -------------------

                         (clock aclk rise edge)       0.000     0.000 r  
                                                      0.000     0.000 r  aclk (IN)
                         net (fo=5092, unset)         0.924     0.924    dbf_reference_bd_i/axis_out_fifo_0/inst/gen_fifo.xpm_fifo_axis_inst/xpm_fifo_base_inst/rdp_inst/wr_clk
    SLICE_X29Y34         FDRE                                         r  dbf_reference_bd_i/axis_out_fifo_0/inst/gen_fifo.xpm_fifo_axis_inst/xpm_fifo_base_inst/rdp_inst/count_value_i_reg[0]/C

Slack:                    inf
  Source:                 M_AXIS_Z_tready
                            (input port)
  Destination:            dbf_reference_bd_i/axis_out_fifo_0/inst/gen_fifo.xpm_fifo_axis_inst/xpm_fifo_base_inst/rdp_inst/count_value_i_reg[1]/CE
                            (rising edge-triggered cell FDRE clocked by aclk  {rise@0.000ns fall@2.500ns period=5.000ns})
  Path Group:             (none)
  Path Type:              Setup (Max at Slow Process Corner)
  Data Path Delay:        2.340ns  (logic 0.241ns (10.301%)  route 2.099ns (89.699%))
  Logic Levels:           2  (LUT2=1 LUT4=1)
  Clock Path Skew:        0.924ns (DCD - SCD + CPR)
    Destination Clock Delay (DCD):    0.924ns
    Source Clock Delay      (SCD):    0.000ns
    Clock Pessimism Removal (CPR):    0.000ns
  Clock Uncertainty:      0.025ns  ((TSJ^2 + TIJ^2)^1/2 + DJ) / 2 + PE
    Total System Jitter     (TSJ):    0.050ns
    Total Input Jitter      (TIJ):    0.000ns
    Discrete Jitter          (DJ):    0.000ns
    Phase Error              (PE):    0.000ns

    Location             Delay type                Incr(ns)  Path(ns)    Netlist Resource(s)
  -------------------------------------------------------------------    -------------------
                                                      0.000     0.000 r  M_AXIS_Z_tready (IN)
                         net (fo=0)                   0.973     0.973    dbf_reference_bd_i/axis_out_fifo_0/inst/gen_fifo.xpm_fifo_axis_inst/m_axis_tready
    SLICE_X29Y35         LUT2 (Prop_lut2_I1_O)        0.124     1.097 r  dbf_reference_bd_i/axis_out_fifo_0/inst/gen_fifo.xpm_fifo_axis_inst/xpm_fifo_base_inst_i_1/O
                         net (fo=10, routed)          0.463     1.560    dbf_reference_bd_i/axis_out_fifo_0/inst/gen_fifo.xpm_fifo_axis_inst/xpm_fifo_base_inst/rdp_inst/rd_en
    SLICE_X29Y34         LUT4 (Prop_lut4_I2_O)        0.117     1.677 r  dbf_reference_bd_i/axis_out_fifo_0/inst/gen_fifo.xpm_fifo_axis_inst/xpm_fifo_base_inst/rdp_inst/gen_sdpram.xpm_memory_base_inst_i_2/O
                         net (fo=13, routed)          0.663     2.340    dbf_reference_bd_i/axis_out_fifo_0/inst/gen_fifo.xpm_fifo_axis_inst/xpm_fifo_base_inst/rdp_inst/FSM_sequential_gen_fwft.curr_fwft_state_reg[1]
    SLICE_X29Y34         FDRE                                         r  dbf_reference_bd_i/axis_out_fifo_0/inst/gen_fifo.xpm_fifo_axis_inst/xpm_fifo_base_inst/rdp_inst/count_value_i_reg[1]/CE
  -------------------------------------------------------------------    -------------------

                         (clock aclk rise edge)       0.000     0.000 r  
                                                      0.000     0.000 r  aclk (IN)
                         net (fo=5092, unset)         0.924     0.924    dbf_reference_bd_i/axis_out_fifo_0/inst/gen_fifo.xpm_fifo_axis_inst/xpm_fifo_base_inst/rdp_inst/wr_clk
    SLICE_X29Y34         FDRE                                         r  dbf_reference_bd_i/axis_out_fifo_0/inst/gen_fifo.xpm_fifo_axis_inst/xpm_fifo_base_inst/rdp_inst/count_value_i_reg[1]/C

Slack:                    inf
  Source:                 M_AXIS_Z_tready
                            (input port)
  Destination:            dbf_reference_bd_i/axis_out_fifo_0/inst/gen_fifo.xpm_fifo_axis_inst/xpm_fifo_base_inst/rdpp1_inst/count_value_i_reg[0]/CE
                            (rising edge-triggered cell FDSE clocked by aclk  {rise@0.000ns fall@2.500ns period=5.000ns})
  Path Group:             (none)
  Path Type:              Setup (Max at Slow Process Corner)
  Data Path Delay:        2.340ns  (logic 0.241ns (10.301%)  route 2.099ns (89.699%))
  Logic Levels:           2  (LUT2=1 LUT4=1)
  Clock Path Skew:        0.924ns (DCD - SCD + CPR)
    Destination Clock Delay (DCD):    0.924ns
    Source Clock Delay      (SCD):    0.000ns
    Clock Pessimism Removal (CPR):    0.000ns
  Clock Uncertainty:      0.025ns  ((TSJ^2 + TIJ^2)^1/2 + DJ) / 2 + PE
    Total System Jitter     (TSJ):    0.050ns
    Total Input Jitter      (TIJ):    0.000ns
    Discrete Jitter          (DJ):    0.000ns
    Phase Error              (PE):    0.000ns

    Location             Delay type                Incr(ns)  Path(ns)    Netlist Resource(s)
  -------------------------------------------------------------------    -------------------
                                                      0.000     0.000 r  M_AXIS_Z_tready (IN)
                         net (fo=0)                   0.973     0.973    dbf_reference_bd_i/axis_out_fifo_0/inst/gen_fifo.xpm_fifo_axis_inst/m_axis_tready
    SLICE_X29Y35         LUT2 (Prop_lut2_I1_O)        0.124     1.097 r  dbf_reference_bd_i/axis_out_fifo_0/inst/gen_fifo.xpm_fifo_axis_inst/xpm_fifo_base_inst_i_1/O
                         net (fo=10, routed)          0.463     1.560    dbf_reference_bd_i/axis_out_fifo_0/inst/gen_fifo.xpm_fifo_axis_inst/xpm_fifo_base_inst/rdp_inst/rd_en
    SLICE_X29Y34         LUT4 (Prop_lut4_I2_O)        0.117     1.677 r  dbf_reference_bd_i/axis_out_fifo_0/inst/gen_fifo.xpm_fifo_axis_inst/xpm_fifo_base_inst/rdp_inst/gen_sdpram.xpm_memory_base_inst_i_2/O
                         net (fo=13, routed)          0.663     2.340    dbf_reference_bd_i/axis_out_fifo_0/inst/gen_fifo.xpm_fifo_axis_inst/xpm_fifo_base_inst/rdpp1_inst/E[0]
    SLICE_X29Y34         FDSE                                         r  dbf_reference_bd_i/axis_out_fifo_0/inst/gen_fifo.xpm_fifo_axis_inst/xpm_fifo_base_inst/rdpp1_inst/count_value_i_reg[0]/CE
  -------------------------------------------------------------------    -------------------

                         (clock aclk rise edge)       0.000     0.000 r  
                                                      0.000     0.000 r  aclk (IN)
                         net (fo=5092, unset)         0.924     0.924    dbf_reference_bd_i/axis_out_fifo_0/inst/gen_fifo.xpm_fifo_axis_inst/xpm_fifo_base_inst/rdpp1_inst/wr_clk
    SLICE_X29Y34         FDSE                                         r  dbf_reference_bd_i/axis_out_fifo_0/inst/gen_fifo.xpm_fifo_axis_inst/xpm_fifo_base_inst/rdpp1_inst/count_value_i_reg[0]/C

Slack:                    inf
  Source:                 M_AXIS_Z_tready
                            (input port)
  Destination:            dbf_reference_bd_i/axis_out_fifo_0/inst/gen_fifo.xpm_fifo_axis_inst/xpm_fifo_base_inst/rdpp1_inst/count_value_i_reg[1]/CE
                            (rising edge-triggered cell FDRE clocked by aclk  {rise@0.000ns fall@2.500ns period=5.000ns})
  Path Group:             (none)
  Path Type:              Setup (Max at Slow Process Corner)
  Data Path Delay:        2.340ns  (logic 0.241ns (10.301%)  route 2.099ns (89.699%))
  Logic Levels:           2  (LUT2=1 LUT4=1)
  Clock Path Skew:        0.924ns (DCD - SCD + CPR)
    Destination Clock Delay (DCD):    0.924ns
    Source Clock Delay      (SCD):    0.000ns
    Clock Pessimism Removal (CPR):    0.000ns
  Clock Uncertainty:      0.025ns  ((TSJ^2 + TIJ^2)^1/2 + DJ) / 2 + PE
    Total System Jitter     (TSJ):    0.050ns
    Total Input Jitter      (TIJ):    0.000ns
    Discrete Jitter          (DJ):    0.000ns
    Phase Error              (PE):    0.000ns

    Location             Delay type                Incr(ns)  Path(ns)    Netlist Resource(s)
  -------------------------------------------------------------------    -------------------
                                                      0.000     0.000 r  M_AXIS_Z_tready (IN)
                         net (fo=0)                   0.973     0.973    dbf_reference_bd_i/axis_out_fifo_0/inst/gen_fifo.xpm_fifo_axis_inst/m_axis_tready
    SLICE_X29Y35         LUT2 (Prop_lut2_I1_O)        0.124     1.097 r  dbf_reference_bd_i/axis_out_fifo_0/inst/gen_fifo.xpm_fifo_axis_inst/xpm_fifo_base_inst_i_1/O
                         net (fo=10, routed)          0.463     1.560    dbf_reference_bd_i/axis_out_fifo_0/inst/gen_fifo.xpm_fifo_axis_inst/xpm_fifo_base_inst/rdp_inst/rd_en
    SLICE_X29Y34         LUT4 (Prop_lut4_I2_O)        0.117     1.677 r  dbf_reference_bd_i/axis_out_fifo_0/inst/gen_fifo.xpm_fifo_axis_inst/xpm_fifo_base_inst/rdp_inst/gen_sdpram.xpm_memory_base_inst_i_2/O
                         net (fo=13, routed)          0.663     2.340    dbf_reference_bd_i/axis_out_fifo_0/inst/gen_fifo.xpm_fifo_axis_inst/xpm_fifo_base_inst/rdpp1_inst/E[0]
    SLICE_X29Y34         FDRE                                         r  dbf_reference_bd_i/axis_out_fifo_0/inst/gen_fifo.xpm_fifo_axis_inst/xpm_fifo_base_inst/rdpp1_inst/count_value_i_reg[1]/CE
  -------------------------------------------------------------------    -------------------

                         (clock aclk rise edge)       0.000     0.000 r  
                                                      0.000     0.000 r  aclk (IN)
                         net (fo=5092, unset)         0.924     0.924    dbf_reference_bd_i/axis_out_fifo_0/inst/gen_fifo.xpm_fifo_axis_inst/xpm_fifo_base_inst/rdpp1_inst/wr_clk
    SLICE_X29Y34         FDRE                                         r  dbf_reference_bd_i/axis_out_fifo_0/inst/gen_fifo.xpm_fifo_axis_inst/xpm_fifo_base_inst/rdpp1_inst/count_value_i_reg[1]/C

Slack:                    inf
  Source:                 S_AXIS_Y_tvalid
                            (input port)
  Destination:            dbf_reference_bd_i/axis_in_fifo_0/inst/gen_fifo.xpm_fifo_axis_inst/xpm_fifo_base_inst/gen_pntr_flags_cc.ram_empty_i_reg/D
                            (rising edge-triggered cell FDSE clocked by aclk  {rise@0.000ns fall@2.500ns period=5.000ns})
  Path Group:             (none)
  Path Type:              Setup (Max at Slow Process Corner)
  Data Path Delay:        2.326ns  (logic 0.481ns (20.683%)  route 1.845ns (79.317%))
  Logic Levels:           2  (LUT4=1 LUT6=1)
  Clock Path Skew:        0.924ns (DCD - SCD + CPR)
    Destination Clock Delay (DCD):    0.924ns
    Source Clock Delay      (SCD):    0.000ns
    Clock Pessimism Removal (CPR):    0.000ns
  Clock Uncertainty:      0.025ns  ((TSJ^2 + TIJ^2)^1/2 + DJ) / 2 + PE
    Total System Jitter     (TSJ):    0.050ns
    Total Input Jitter      (TIJ):    0.000ns
    Discrete Jitter          (DJ):    0.000ns
    Phase Error              (PE):    0.000ns

    Location             Delay type                Incr(ns)  Path(ns)    Netlist Resource(s)
  -------------------------------------------------------------------    -------------------
                                                      0.000     0.000 f  S_AXIS_Y_tvalid (IN)
                         net (fo=2, unset)            0.973     0.973    dbf_reference_bd_i/axis_in_fifo_0/inst/gen_fifo.xpm_fifo_axis_inst/xpm_fifo_base_inst/xpm_fifo_rst_inst/wr_en
    SLICE_X13Y31         LUT4 (Prop_lut4_I0_O)        0.149     1.122 f  dbf_reference_bd_i/axis_in_fifo_0/inst/gen_fifo.xpm_fifo_axis_inst/xpm_fifo_base_inst/xpm_fifo_rst_inst/gen_sdpram.xpm_memory_base_inst_i_1/O
                         net (fo=24, routed)          0.872     1.994    dbf_reference_bd_i/axis_in_fifo_0/inst/gen_fifo.xpm_fifo_axis_inst/xpm_fifo_base_inst/wrp_inst/E[0]
    SLICE_X13Y30         LUT6 (Prop_lut6_I4_O)        0.332     2.326 r  dbf_reference_bd_i/axis_in_fifo_0/inst/gen_fifo.xpm_fifo_axis_inst/xpm_fifo_base_inst/wrp_inst/gen_pntr_flags_cc.ram_empty_i_i_1/O
                         net (fo=1, routed)           0.000     2.326    dbf_reference_bd_i/axis_in_fifo_0/inst/gen_fifo.xpm_fifo_axis_inst/xpm_fifo_base_inst/ram_empty_i0
    SLICE_X13Y30         FDSE                                         r  dbf_reference_bd_i/axis_in_fifo_0/inst/gen_fifo.xpm_fifo_axis_inst/xpm_fifo_base_inst/gen_pntr_flags_cc.ram_empty_i_reg/D
  -------------------------------------------------------------------    -------------------

                         (clock aclk rise edge)       0.000     0.000 r  
                                                      0.000     0.000 r  aclk (IN)
                         net (fo=5092, unset)         0.924     0.924    dbf_reference_bd_i/axis_in_fifo_0/inst/gen_fifo.xpm_fifo_axis_inst/xpm_fifo_base_inst/wr_clk
    SLICE_X13Y30         FDSE                                         r  dbf_reference_bd_i/axis_in_fifo_0/inst/gen_fifo.xpm_fifo_axis_inst/xpm_fifo_base_inst/gen_pntr_flags_cc.ram_empty_i_reg/C

Slack:                    inf
  Source:                 M_AXIS_Z_tready
                            (input port)
  Destination:            dbf_reference_bd_i/axis_out_fifo_0/inst/gen_fifo.xpm_fifo_axis_inst/xpm_fifo_base_inst/gen_sdpram.xpm_memory_base_inst/gen_wr_a.gen_word_narrow.mem_reg_1/ENARDEN
                            (rising edge-triggered cell RAMB18E1 clocked by aclk  {rise@0.000ns fall@2.500ns period=5.000ns})
  Path Group:             (none)
  Path Type:              Setup (Max at Slow Process Corner)
  Data Path Delay:        2.311ns  (logic 0.241ns (10.429%)  route 2.070ns (89.571%))
  Logic Levels:           2  (LUT2=1 LUT4=1)
  Clock Path Skew:        0.924ns (DCD - SCD + CPR)
    Destination Clock Delay (DCD):    0.924ns
    Source Clock Delay      (SCD):    0.000ns
    Clock Pessimism Removal (CPR):    0.000ns
  Clock Uncertainty:      0.025ns  ((TSJ^2 + TIJ^2)^1/2 + DJ) / 2 + PE
    Total System Jitter     (TSJ):    0.050ns
    Total Input Jitter      (TIJ):    0.000ns
    Discrete Jitter          (DJ):    0.000ns
    Phase Error              (PE):    0.000ns

    Location             Delay type                Incr(ns)  Path(ns)    Netlist Resource(s)
  -------------------------------------------------------------------    -------------------
                                                      0.000     0.000 r  M_AXIS_Z_tready (IN)
                         net (fo=0)                   0.973     0.973    dbf_reference_bd_i/axis_out_fifo_0/inst/gen_fifo.xpm_fifo_axis_inst/m_axis_tready
    SLICE_X29Y35         LUT2 (Prop_lut2_I1_O)        0.124     1.097 r  dbf_reference_bd_i/axis_out_fifo_0/inst/gen_fifo.xpm_fifo_axis_inst/xpm_fifo_base_inst_i_1/O
                         net (fo=10, routed)          0.463     1.560    dbf_reference_bd_i/axis_out_fifo_0/inst/gen_fifo.xpm_fifo_axis_inst/xpm_fifo_base_inst/rdp_inst/rd_en
    SLICE_X29Y34         LUT4 (Prop_lut4_I2_O)        0.117     1.677 r  dbf_reference_bd_i/axis_out_fifo_0/inst/gen_fifo.xpm_fifo_axis_inst/xpm_fifo_base_inst/rdp_inst/gen_sdpram.xpm_memory_base_inst_i_2/O
                         net (fo=13, routed)          0.634     2.311    dbf_reference_bd_i/axis_out_fifo_0/inst/gen_fifo.xpm_fifo_axis_inst/xpm_fifo_base_inst/gen_sdpram.xpm_memory_base_inst/enb
    RAMB18_X2Y12         RAMB18E1                                     r  dbf_reference_bd_i/axis_out_fifo_0/inst/gen_fifo.xpm_fifo_axis_inst/xpm_fifo_base_inst/gen_sdpram.xpm_memory_base_inst/gen_wr_a.gen_word_narrow.mem_reg_1/ENARDEN
  -------------------------------------------------------------------    -------------------

                         (clock aclk rise edge)       0.000     0.000 r  
                                                      0.000     0.000 r  aclk (IN)
                         net (fo=5092, unset)         0.924     0.924    dbf_reference_bd_i/axis_out_fifo_0/inst/gen_fifo.xpm_fifo_axis_inst/xpm_fifo_base_inst/gen_sdpram.xpm_memory_base_inst/clka
    RAMB18_X2Y12         RAMB18E1                                     r  dbf_reference_bd_i/axis_out_fifo_0/inst/gen_fifo.xpm_fifo_axis_inst/xpm_fifo_base_inst/gen_sdpram.xpm_memory_base_inst/gen_wr_a.gen_word_narrow.mem_reg_1/CLKARDCLK

Slack:                    inf
  Source:                 M_AXIS_Z_tready
                            (input port)
  Destination:            dbf_reference_bd_i/axis_out_fifo_0/inst/gen_fifo.xpm_fifo_axis_inst/xpm_fifo_base_inst/rdp_inst/count_value_i_reg[2]/CE
                            (rising edge-triggered cell FDRE clocked by aclk  {rise@0.000ns fall@2.500ns period=5.000ns})
  Path Group:             (none)
  Path Type:              Setup (Max at Slow Process Corner)
  Data Path Delay:        2.261ns  (logic 0.241ns (10.661%)  route 2.020ns (89.339%))
  Logic Levels:           2  (LUT2=1 LUT4=1)
  Clock Path Skew:        0.924ns (DCD - SCD + CPR)
    Destination Clock Delay (DCD):    0.924ns
    Source Clock Delay      (SCD):    0.000ns
    Clock Pessimism Removal (CPR):    0.000ns
  Clock Uncertainty:      0.025ns  ((TSJ^2 + TIJ^2)^1/2 + DJ) / 2 + PE
    Total System Jitter     (TSJ):    0.050ns
    Total Input Jitter      (TIJ):    0.000ns
    Discrete Jitter          (DJ):    0.000ns
    Phase Error              (PE):    0.000ns

    Location             Delay type                Incr(ns)  Path(ns)    Netlist Resource(s)
  -------------------------------------------------------------------    -------------------
                                                      0.000     0.000 r  M_AXIS_Z_tready (IN)
                         net (fo=0)                   0.973     0.973    dbf_reference_bd_i/axis_out_fifo_0/inst/gen_fifo.xpm_fifo_axis_inst/m_axis_tready
    SLICE_X29Y35         LUT2 (Prop_lut2_I1_O)        0.124     1.097 r  dbf_reference_bd_i/axis_out_fifo_0/inst/gen_fifo.xpm_fifo_axis_inst/xpm_fifo_base_inst_i_1/O
                         net (fo=10, routed)          0.463     1.560    dbf_reference_bd_i/axis_out_fifo_0/inst/gen_fifo.xpm_fifo_axis_inst/xpm_fifo_base_inst/rdp_inst/rd_en
    SLICE_X29Y34         LUT4 (Prop_lut4_I2_O)        0.117     1.677 r  dbf_reference_bd_i/axis_out_fifo_0/inst/gen_fifo.xpm_fifo_axis_inst/xpm_fifo_base_inst/rdp_inst/gen_sdpram.xpm_memory_base_inst_i_2/O
                         net (fo=13, routed)          0.584     2.261    dbf_reference_bd_i/axis_out_fifo_0/inst/gen_fifo.xpm_fifo_axis_inst/xpm_fifo_base_inst/rdp_inst/FSM_sequential_gen_fwft.curr_fwft_state_reg[1]
    SLICE_X32Y34         FDRE                                         r  dbf_reference_bd_i/axis_out_fifo_0/inst/gen_fifo.xpm_fifo_axis_inst/xpm_fifo_base_inst/rdp_inst/count_value_i_reg[2]/CE
  -------------------------------------------------------------------    -------------------

                         (clock aclk rise edge)       0.000     0.000 r  
                                                      0.000     0.000 r  aclk (IN)
                         net (fo=5092, unset)         0.924     0.924    dbf_reference_bd_i/axis_out_fifo_0/inst/gen_fifo.xpm_fifo_axis_inst/xpm_fifo_base_inst/rdp_inst/wr_clk
    SLICE_X32Y34         FDRE                                         r  dbf_reference_bd_i/axis_out_fifo_0/inst/gen_fifo.xpm_fifo_axis_inst/xpm_fifo_base_inst/rdp_inst/count_value_i_reg[2]/C

Slack:                    inf
  Source:                 M_AXIS_Z_tready
                            (input port)
  Destination:            dbf_reference_bd_i/axis_out_fifo_0/inst/gen_fifo.xpm_fifo_axis_inst/xpm_fifo_base_inst/rdp_inst/count_value_i_reg[3]/CE
                            (rising edge-triggered cell FDRE clocked by aclk  {rise@0.000ns fall@2.500ns period=5.000ns})
  Path Group:             (none)
  Path Type:              Setup (Max at Slow Process Corner)
  Data Path Delay:        2.261ns  (logic 0.241ns (10.661%)  route 2.020ns (89.339%))
  Logic Levels:           2  (LUT2=1 LUT4=1)
  Clock Path Skew:        0.924ns (DCD - SCD + CPR)
    Destination Clock Delay (DCD):    0.924ns
    Source Clock Delay      (SCD):    0.000ns
    Clock Pessimism Removal (CPR):    0.000ns
  Clock Uncertainty:      0.025ns  ((TSJ^2 + TIJ^2)^1/2 + DJ) / 2 + PE
    Total System Jitter     (TSJ):    0.050ns
    Total Input Jitter      (TIJ):    0.000ns
    Discrete Jitter          (DJ):    0.000ns
    Phase Error              (PE):    0.000ns

    Location             Delay type                Incr(ns)  Path(ns)    Netlist Resource(s)
  -------------------------------------------------------------------    -------------------
                                                      0.000     0.000 r  M_AXIS_Z_tready (IN)
                         net (fo=0)                   0.973     0.973    dbf_reference_bd_i/axis_out_fifo_0/inst/gen_fifo.xpm_fifo_axis_inst/m_axis_tready
    SLICE_X29Y35         LUT2 (Prop_lut2_I1_O)        0.124     1.097 r  dbf_reference_bd_i/axis_out_fifo_0/inst/gen_fifo.xpm_fifo_axis_inst/xpm_fifo_base_inst_i_1/O
                         net (fo=10, routed)          0.463     1.560    dbf_reference_bd_i/axis_out_fifo_0/inst/gen_fifo.xpm_fifo_axis_inst/xpm_fifo_base_inst/rdp_inst/rd_en
    SLICE_X29Y34         LUT4 (Prop_lut4_I2_O)        0.117     1.677 r  dbf_reference_bd_i/axis_out_fifo_0/inst/gen_fifo.xpm_fifo_axis_inst/xpm_fifo_base_inst/rdp_inst/gen_sdpram.xpm_memory_base_inst_i_2/O
                         net (fo=13, routed)          0.584     2.261    dbf_reference_bd_i/axis_out_fifo_0/inst/gen_fifo.xpm_fifo_axis_inst/xpm_fifo_base_inst/rdp_inst/FSM_sequential_gen_fwft.curr_fwft_state_reg[1]
    SLICE_X32Y34         FDRE                                         r  dbf_reference_bd_i/axis_out_fifo_0/inst/gen_fifo.xpm_fifo_axis_inst/xpm_fifo_base_inst/rdp_inst/count_value_i_reg[3]/CE
  -------------------------------------------------------------------    -------------------

                         (clock aclk rise edge)       0.000     0.000 r  
                                                      0.000     0.000 r  aclk (IN)
                         net (fo=5092, unset)         0.924     0.924    dbf_reference_bd_i/axis_out_fifo_0/inst/gen_fifo.xpm_fifo_axis_inst/xpm_fifo_base_inst/rdp_inst/wr_clk
    SLICE_X32Y34         FDRE                                         r  dbf_reference_bd_i/axis_out_fifo_0/inst/gen_fifo.xpm_fifo_axis_inst/xpm_fifo_base_inst/rdp_inst/count_value_i_reg[3]/C

Slack:                    inf
  Source:                 M_AXIS_Z_tready
                            (input port)
  Destination:            dbf_reference_bd_i/axis_out_fifo_0/inst/gen_fifo.xpm_fifo_axis_inst/xpm_fifo_base_inst/rdpp1_inst/count_value_i_reg[2]/CE
                            (rising edge-triggered cell FDRE clocked by aclk  {rise@0.000ns fall@2.500ns period=5.000ns})
  Path Group:             (none)
  Path Type:              Setup (Max at Slow Process Corner)
  Data Path Delay:        2.261ns  (logic 0.241ns (10.661%)  route 2.020ns (89.339%))
  Logic Levels:           2  (LUT2=1 LUT4=1)
  Clock Path Skew:        0.924ns (DCD - SCD + CPR)
    Destination Clock Delay (DCD):    0.924ns
    Source Clock Delay      (SCD):    0.000ns
    Clock Pessimism Removal (CPR):    0.000ns
  Clock Uncertainty:      0.025ns  ((TSJ^2 + TIJ^2)^1/2 + DJ) / 2 + PE
    Total System Jitter     (TSJ):    0.050ns
    Total Input Jitter      (TIJ):    0.000ns
    Discrete Jitter          (DJ):    0.000ns
    Phase Error              (PE):    0.000ns

    Location             Delay type                Incr(ns)  Path(ns)    Netlist Resource(s)
  -------------------------------------------------------------------    -------------------
                                                      0.000     0.000 r  M_AXIS_Z_tready (IN)
                         net (fo=0)                   0.973     0.973    dbf_reference_bd_i/axis_out_fifo_0/inst/gen_fifo.xpm_fifo_axis_inst/m_axis_tready
    SLICE_X29Y35         LUT2 (Prop_lut2_I1_O)        0.124     1.097 r  dbf_reference_bd_i/axis_out_fifo_0/inst/gen_fifo.xpm_fifo_axis_inst/xpm_fifo_base_inst_i_1/O
                         net (fo=10, routed)          0.463     1.560    dbf_reference_bd_i/axis_out_fifo_0/inst/gen_fifo.xpm_fifo_axis_inst/xpm_fifo_base_inst/rdp_inst/rd_en
    SLICE_X29Y34         LUT4 (Prop_lut4_I2_O)        0.117     1.677 r  dbf_reference_bd_i/axis_out_fifo_0/inst/gen_fifo.xpm_fifo_axis_inst/xpm_fifo_base_inst/rdp_inst/gen_sdpram.xpm_memory_base_inst_i_2/O
                         net (fo=13, routed)          0.584     2.261    dbf_reference_bd_i/axis_out_fifo_0/inst/gen_fifo.xpm_fifo_axis_inst/xpm_fifo_base_inst/rdpp1_inst/E[0]
    SLICE_X32Y34         FDRE                                         r  dbf_reference_bd_i/axis_out_fifo_0/inst/gen_fifo.xpm_fifo_axis_inst/xpm_fifo_base_inst/rdpp1_inst/count_value_i_reg[2]/CE
  -------------------------------------------------------------------    -------------------

                         (clock aclk rise edge)       0.000     0.000 r  
                                                      0.000     0.000 r  aclk (IN)
                         net (fo=5092, unset)         0.924     0.924    dbf_reference_bd_i/axis_out_fifo_0/inst/gen_fifo.xpm_fifo_axis_inst/xpm_fifo_base_inst/rdpp1_inst/wr_clk
    SLICE_X32Y34         FDRE                                         r  dbf_reference_bd_i/axis_out_fifo_0/inst/gen_fifo.xpm_fifo_axis_inst/xpm_fifo_base_inst/rdpp1_inst/count_value_i_reg[2]/C

Slack:                    inf
  Source:                 M_AXIS_Z_tready
                            (input port)
  Destination:            dbf_reference_bd_i/axis_out_fifo_0/inst/gen_fifo.xpm_fifo_axis_inst/xpm_fifo_base_inst/rdpp1_inst/count_value_i_reg[3]/CE
                            (rising edge-triggered cell FDRE clocked by aclk  {rise@0.000ns fall@2.500ns period=5.000ns})
  Path Group:             (none)
  Path Type:              Setup (Max at Slow Process Corner)
  Data Path Delay:        2.261ns  (logic 0.241ns (10.661%)  route 2.020ns (89.339%))
  Logic Levels:           2  (LUT2=1 LUT4=1)
  Clock Path Skew:        0.924ns (DCD - SCD + CPR)
    Destination Clock Delay (DCD):    0.924ns
    Source Clock Delay      (SCD):    0.000ns
    Clock Pessimism Removal (CPR):    0.000ns
  Clock Uncertainty:      0.025ns  ((TSJ^2 + TIJ^2)^1/2 + DJ) / 2 + PE
    Total System Jitter     (TSJ):    0.050ns
    Total Input Jitter      (TIJ):    0.000ns
    Discrete Jitter          (DJ):    0.000ns
    Phase Error              (PE):    0.000ns

    Location             Delay type                Incr(ns)  Path(ns)    Netlist Resource(s)
  -------------------------------------------------------------------    -------------------
                                                      0.000     0.000 r  M_AXIS_Z_tready (IN)
                         net (fo=0)                   0.973     0.973    dbf_reference_bd_i/axis_out_fifo_0/inst/gen_fifo.xpm_fifo_axis_inst/m_axis_tready
    SLICE_X29Y35         LUT2 (Prop_lut2_I1_O)        0.124     1.097 r  dbf_reference_bd_i/axis_out_fifo_0/inst/gen_fifo.xpm_fifo_axis_inst/xpm_fifo_base_inst_i_1/O
                         net (fo=10, routed)          0.463     1.560    dbf_reference_bd_i/axis_out_fifo_0/inst/gen_fifo.xpm_fifo_axis_inst/xpm_fifo_base_inst/rdp_inst/rd_en
    SLICE_X29Y34         LUT4 (Prop_lut4_I2_O)        0.117     1.677 r  dbf_reference_bd_i/axis_out_fifo_0/inst/gen_fifo.xpm_fifo_axis_inst/xpm_fifo_base_inst/rdp_inst/gen_sdpram.xpm_memory_base_inst_i_2/O
                         net (fo=13, routed)          0.584     2.261    dbf_reference_bd_i/axis_out_fifo_0/inst/gen_fifo.xpm_fifo_axis_inst/xpm_fifo_base_inst/rdpp1_inst/E[0]
    SLICE_X32Y34         FDRE                                         r  dbf_reference_bd_i/axis_out_fifo_0/inst/gen_fifo.xpm_fifo_axis_inst/xpm_fifo_base_inst/rdpp1_inst/count_value_i_reg[3]/CE
  -------------------------------------------------------------------    -------------------

                         (clock aclk rise edge)       0.000     0.000 r  
                                                      0.000     0.000 r  aclk (IN)
                         net (fo=5092, unset)         0.924     0.924    dbf_reference_bd_i/axis_out_fifo_0/inst/gen_fifo.xpm_fifo_axis_inst/xpm_fifo_base_inst/rdpp1_inst/wr_clk
    SLICE_X32Y34         FDRE                                         r  dbf_reference_bd_i/axis_out_fifo_0/inst/gen_fifo.xpm_fifo_axis_inst/xpm_fifo_base_inst/rdpp1_inst/count_value_i_reg[3]/C

Slack:                    inf
  Source:                 S_AXIS_Y_tvalid
                            (input port)
  Destination:            dbf_reference_bd_i/axis_in_fifo_0/inst/gen_fifo.xpm_fifo_axis_inst/xpm_fifo_base_inst/gen_sdpram.xpm_memory_base_inst/gen_wr_a.gen_word_narrow.mem_reg/ENBWREN
                            (rising edge-triggered cell RAMB36E1 clocked by aclk  {rise@0.000ns fall@2.500ns period=5.000ns})
  Path Group:             (none)
  Path Type:              Setup (Max at Slow Process Corner)
  Data Path Delay:        2.197ns  (logic 0.149ns (6.781%)  route 2.048ns (93.219%))
  Logic Levels:           1  (LUT4=1)
  Clock Path Skew:        0.924ns (DCD - SCD + CPR)
    Destination Clock Delay (DCD):    0.924ns
    Source Clock Delay      (SCD):    0.000ns
    Clock Pessimism Removal (CPR):    0.000ns
  Clock Uncertainty:      0.025ns  ((TSJ^2 + TIJ^2)^1/2 + DJ) / 2 + PE
    Total System Jitter     (TSJ):    0.050ns
    Total Input Jitter      (TIJ):    0.000ns
    Discrete Jitter          (DJ):    0.000ns
    Phase Error              (PE):    0.000ns

    Location             Delay type                Incr(ns)  Path(ns)    Netlist Resource(s)
  -------------------------------------------------------------------    -------------------
                                                      0.000     0.000 r  S_AXIS_Y_tvalid (IN)
                         net (fo=2, unset)            0.973     0.973    dbf_reference_bd_i/axis_in_fifo_0/inst/gen_fifo.xpm_fifo_axis_inst/xpm_fifo_base_inst/xpm_fifo_rst_inst/wr_en
    SLICE_X13Y31         LUT4 (Prop_lut4_I0_O)        0.149     1.122 r  dbf_reference_bd_i/axis_in_fifo_0/inst/gen_fifo.xpm_fifo_axis_inst/xpm_fifo_base_inst/xpm_fifo_rst_inst/gen_sdpram.xpm_memory_base_inst_i_1/O
                         net (fo=24, routed)          1.075     2.197    dbf_reference_bd_i/axis_in_fifo_0/inst/gen_fifo.xpm_fifo_axis_inst/xpm_fifo_base_inst/gen_sdpram.xpm_memory_base_inst/wea[0]
    RAMB36_X0Y6          RAMB36E1                                     r  dbf_reference_bd_i/axis_in_fifo_0/inst/gen_fifo.xpm_fifo_axis_inst/xpm_fifo_base_inst/gen_sdpram.xpm_memory_base_inst/gen_wr_a.gen_word_narrow.mem_reg/ENBWREN
  -------------------------------------------------------------------    -------------------

                         (clock aclk rise edge)       0.000     0.000 r  
                                                      0.000     0.000 r  aclk (IN)
                         net (fo=5092, unset)         0.924     0.924    dbf_reference_bd_i/axis_in_fifo_0/inst/gen_fifo.xpm_fifo_axis_inst/xpm_fifo_base_inst/gen_sdpram.xpm_memory_base_inst/clka
    RAMB36_X0Y6          RAMB36E1                                     r  dbf_reference_bd_i/axis_in_fifo_0/inst/gen_fifo.xpm_fifo_axis_inst/xpm_fifo_base_inst/gen_sdpram.xpm_memory_base_inst/gen_wr_a.gen_word_narrow.mem_reg/CLKBWRCLK

Slack:                    inf
  Source:                 S_AXIS_Y_tvalid
                            (input port)
  Destination:            dbf_reference_bd_i/axis_in_fifo_0/inst/gen_fifo.xpm_fifo_axis_inst/xpm_fifo_base_inst/gen_pntr_flags_cc.gen_full_rst_val.ram_full_i_reg/D
                            (rising edge-triggered cell FDSE clocked by aclk  {rise@0.000ns fall@2.500ns period=5.000ns})
  Path Group:             (none)
  Path Type:              Setup (Max at Slow Process Corner)
  Data Path Delay:        2.173ns  (logic 0.481ns (22.139%)  route 1.692ns (77.861%))
  Logic Levels:           2  (LUT4=1 LUT6=1)
  Clock Path Skew:        0.924ns (DCD - SCD + CPR)
    Destination Clock Delay (DCD):    0.924ns
    Source Clock Delay      (SCD):    0.000ns
    Clock Pessimism Removal (CPR):    0.000ns
  Clock Uncertainty:      0.025ns  ((TSJ^2 + TIJ^2)^1/2 + DJ) / 2 + PE
    Total System Jitter     (TSJ):    0.050ns
    Total Input Jitter      (TIJ):    0.000ns
    Discrete Jitter          (DJ):    0.000ns
    Phase Error              (PE):    0.000ns

    Location             Delay type                Incr(ns)  Path(ns)    Netlist Resource(s)
  -------------------------------------------------------------------    -------------------
                                                      0.000     0.000 r  S_AXIS_Y_tvalid (IN)
                         net (fo=2, unset)            0.973     0.973    dbf_reference_bd_i/axis_in_fifo_0/inst/gen_fifo.xpm_fifo_axis_inst/xpm_fifo_base_inst/xpm_fifo_rst_inst/wr_en
    SLICE_X13Y31         LUT4 (Prop_lut4_I0_O)        0.149     1.122 r  dbf_reference_bd_i/axis_in_fifo_0/inst/gen_fifo.xpm_fifo_axis_inst/xpm_fifo_base_inst/xpm_fifo_rst_inst/gen_sdpram.xpm_memory_base_inst_i_1/O
                         net (fo=24, routed)          0.719     1.841    dbf_reference_bd_i/axis_in_fifo_0/inst/gen_fifo.xpm_fifo_axis_inst/xpm_fifo_base_inst/rdp_inst/ram_wr_en_i
    SLICE_X12Y31         LUT6 (Prop_lut6_I0_O)        0.332     2.173 r  dbf_reference_bd_i/axis_in_fifo_0/inst/gen_fifo.xpm_fifo_axis_inst/xpm_fifo_base_inst/rdp_inst/gen_pntr_flags_cc.gen_full_rst_val.ram_full_i_i_1/O
                         net (fo=1, routed)           0.000     2.173    dbf_reference_bd_i/axis_in_fifo_0/inst/gen_fifo.xpm_fifo_axis_inst/xpm_fifo_base_inst/rdp_inst_n_7
    SLICE_X12Y31         FDSE                                         r  dbf_reference_bd_i/axis_in_fifo_0/inst/gen_fifo.xpm_fifo_axis_inst/xpm_fifo_base_inst/gen_pntr_flags_cc.gen_full_rst_val.ram_full_i_reg/D
  -------------------------------------------------------------------    -------------------

                         (clock aclk rise edge)       0.000     0.000 r  
                                                      0.000     0.000 r  aclk (IN)
                         net (fo=5092, unset)         0.924     0.924    dbf_reference_bd_i/axis_in_fifo_0/inst/gen_fifo.xpm_fifo_axis_inst/xpm_fifo_base_inst/wr_clk
    SLICE_X12Y31         FDSE                                         r  dbf_reference_bd_i/axis_in_fifo_0/inst/gen_fifo.xpm_fifo_axis_inst/xpm_fifo_base_inst/gen_pntr_flags_cc.gen_full_rst_val.ram_full_i_reg/C

Slack:                    inf
  Source:                 M_AXIS_Z_tready
                            (input port)
  Destination:            dbf_reference_bd_i/axis_out_fifo_0/inst/gen_fifo.xpm_fifo_axis_inst/xpm_fifo_base_inst/rdp_inst/count_value_i_reg[1]/D
                            (rising edge-triggered cell FDRE clocked by aclk  {rise@0.000ns fall@2.500ns period=5.000ns})
  Path Group:             (none)
  Path Type:              Setup (Max at Slow Process Corner)
  Data Path Delay:        2.115ns  (logic 0.276ns (13.050%)  route 1.839ns (86.950%))
  Logic Levels:           2  (LUT2=1 LUT5=1)
  Clock Path Skew:        0.924ns (DCD - SCD + CPR)
    Destination Clock Delay (DCD):    0.924ns
    Source Clock Delay      (SCD):    0.000ns
    Clock Pessimism Removal (CPR):    0.000ns
  Clock Uncertainty:      0.025ns  ((TSJ^2 + TIJ^2)^1/2 + DJ) / 2 + PE
    Total System Jitter     (TSJ):    0.050ns
    Total Input Jitter      (TIJ):    0.000ns
    Discrete Jitter          (DJ):    0.000ns
    Phase Error              (PE):    0.000ns

    Location             Delay type                Incr(ns)  Path(ns)    Netlist Resource(s)
  -------------------------------------------------------------------    -------------------
                                                      0.000     0.000 r  M_AXIS_Z_tready (IN)
                         net (fo=0)                   0.973     0.973    dbf_reference_bd_i/axis_out_fifo_0/inst/gen_fifo.xpm_fifo_axis_inst/m_axis_tready
    SLICE_X29Y35         LUT2 (Prop_lut2_I1_O)        0.124     1.097 r  dbf_reference_bd_i/axis_out_fifo_0/inst/gen_fifo.xpm_fifo_axis_inst/xpm_fifo_base_inst_i_1/O
                         net (fo=10, routed)          0.866     1.963    dbf_reference_bd_i/axis_out_fifo_0/inst/gen_fifo.xpm_fifo_axis_inst/xpm_fifo_base_inst/rdp_inst/rd_en
    SLICE_X29Y34         LUT5 (Prop_lut5_I2_O)        0.152     2.115 r  dbf_reference_bd_i/axis_out_fifo_0/inst/gen_fifo.xpm_fifo_axis_inst/xpm_fifo_base_inst/rdp_inst/count_value_i[1]_i_1__1/O
                         net (fo=1, routed)           0.000     2.115    dbf_reference_bd_i/axis_out_fifo_0/inst/gen_fifo.xpm_fifo_axis_inst/xpm_fifo_base_inst/rdp_inst/count_value_i[1]_i_1__1_n_0
    SLICE_X29Y34         FDRE                                         r  dbf_reference_bd_i/axis_out_fifo_0/inst/gen_fifo.xpm_fifo_axis_inst/xpm_fifo_base_inst/rdp_inst/count_value_i_reg[1]/D
  -------------------------------------------------------------------    -------------------

                         (clock aclk rise edge)       0.000     0.000 r  
                                                      0.000     0.000 r  aclk (IN)
                         net (fo=5092, unset)         0.924     0.924    dbf_reference_bd_i/axis_out_fifo_0/inst/gen_fifo.xpm_fifo_axis_inst/xpm_fifo_base_inst/rdp_inst/wr_clk
    SLICE_X29Y34         FDRE                                         r  dbf_reference_bd_i/axis_out_fifo_0/inst/gen_fifo.xpm_fifo_axis_inst/xpm_fifo_base_inst/rdp_inst/count_value_i_reg[1]/C





Min Delay Paths
--------------------------------------------------------------------------------------
Slack:                    inf
  Source:                 S_AXIS_Y_tdata[0]
                            (input port)
  Destination:            dbf_reference_bd_i/axis_in_fifo_0/inst/gen_fifo.xpm_fifo_axis_inst/xpm_fifo_base_inst/gen_sdpram.xpm_memory_base_inst/gen_wr_a.gen_word_narrow.mem_reg/DIADI[0]
                            (rising edge-triggered cell RAMB36E1 clocked by aclk  {rise@0.000ns fall@2.500ns period=5.000ns})
  Path Group:             (none)
  Path Type:              Hold (Min at Fast Process Corner)
  Data Path Delay:        0.410ns  (logic 0.000ns (0.000%)  route 0.410ns (100.000%))
  Logic Levels:           0  
  Clock Path Skew:        0.432ns (DCD - SCD - CPR)
    Destination Clock Delay (DCD):    0.432ns
    Source Clock Delay      (SCD):    0.000ns
    Clock Pessimism Removal (CPR):    -0.000ns

    Location             Delay type                Incr(ns)  Path(ns)    Netlist Resource(s)
  -------------------------------------------------------------------    -------------------
                                                      0.000     0.000 r  S_AXIS_Y_tdata[0] (IN)
                         net (fo=0)                   0.410     0.410    dbf_reference_bd_i/axis_in_fifo_0/inst/gen_fifo.xpm_fifo_axis_inst/xpm_fifo_base_inst/gen_sdpram.xpm_memory_base_inst/dina[0]
    RAMB36_X0Y6          RAMB36E1                                     r  dbf_reference_bd_i/axis_in_fifo_0/inst/gen_fifo.xpm_fifo_axis_inst/xpm_fifo_base_inst/gen_sdpram.xpm_memory_base_inst/gen_wr_a.gen_word_narrow.mem_reg/DIADI[0]
  -------------------------------------------------------------------    -------------------

                         (clock aclk rise edge)       0.000     0.000 r  
                                                      0.000     0.000 r  aclk (IN)
                         net (fo=5092, unset)         0.432     0.432    dbf_reference_bd_i/axis_in_fifo_0/inst/gen_fifo.xpm_fifo_axis_inst/xpm_fifo_base_inst/gen_sdpram.xpm_memory_base_inst/clka
    RAMB36_X0Y6          RAMB36E1                                     r  dbf_reference_bd_i/axis_in_fifo_0/inst/gen_fifo.xpm_fifo_axis_inst/xpm_fifo_base_inst/gen_sdpram.xpm_memory_base_inst/gen_wr_a.gen_word_narrow.mem_reg/CLKBWRCLK

Slack:                    inf
  Source:                 S_AXIS_Y_tdata[10]
                            (input port)
  Destination:            dbf_reference_bd_i/axis_in_fifo_0/inst/gen_fifo.xpm_fifo_axis_inst/xpm_fifo_base_inst/gen_sdpram.xpm_memory_base_inst/gen_wr_a.gen_word_narrow.mem_reg/DIADI[10]
                            (rising edge-triggered cell RAMB36E1 clocked by aclk  {rise@0.000ns fall@2.500ns period=5.000ns})
  Path Group:             (none)
  Path Type:              Hold (Min at Fast Process Corner)
  Data Path Delay:        0.410ns  (logic 0.000ns (0.000%)  route 0.410ns (100.000%))
  Logic Levels:           0  
  Clock Path Skew:        0.432ns (DCD - SCD - CPR)
    Destination Clock Delay (DCD):    0.432ns
    Source Clock Delay      (SCD):    0.000ns
    Clock Pessimism Removal (CPR):    -0.000ns

    Location             Delay type                Incr(ns)  Path(ns)    Netlist Resource(s)
  -------------------------------------------------------------------    -------------------
                                                      0.000     0.000 r  S_AXIS_Y_tdata[10] (IN)
                         net (fo=0)                   0.410     0.410    dbf_reference_bd_i/axis_in_fifo_0/inst/gen_fifo.xpm_fifo_axis_inst/xpm_fifo_base_inst/gen_sdpram.xpm_memory_base_inst/dina[10]
    RAMB36_X0Y6          RAMB36E1                                     r  dbf_reference_bd_i/axis_in_fifo_0/inst/gen_fifo.xpm_fifo_axis_inst/xpm_fifo_base_inst/gen_sdpram.xpm_memory_base_inst/gen_wr_a.gen_word_narrow.mem_reg/DIADI[10]
  -------------------------------------------------------------------    -------------------

                         (clock aclk rise edge)       0.000     0.000 r  
                                                      0.000     0.000 r  aclk (IN)
                         net (fo=5092, unset)         0.432     0.432    dbf_reference_bd_i/axis_in_fifo_0/inst/gen_fifo.xpm_fifo_axis_inst/xpm_fifo_base_inst/gen_sdpram.xpm_memory_base_inst/clka
    RAMB36_X0Y6          RAMB36E1                                     r  dbf_reference_bd_i/axis_in_fifo_0/inst/gen_fifo.xpm_fifo_axis_inst/xpm_fifo_base_inst/gen_sdpram.xpm_memory_base_inst/gen_wr_a.gen_word_narrow.mem_reg/CLKBWRCLK

Slack:                    inf
  Source:                 S_AXIS_Y_tdata[11]
                            (input port)
  Destination:            dbf_reference_bd_i/axis_in_fifo_0/inst/gen_fifo.xpm_fifo_axis_inst/xpm_fifo_base_inst/gen_sdpram.xpm_memory_base_inst/gen_wr_a.gen_word_narrow.mem_reg/DIADI[11]
                            (rising edge-triggered cell RAMB36E1 clocked by aclk  {rise@0.000ns fall@2.500ns period=5.000ns})
  Path Group:             (none)
  Path Type:              Hold (Min at Fast Process Corner)
  Data Path Delay:        0.410ns  (logic 0.000ns (0.000%)  route 0.410ns (100.000%))
  Logic Levels:           0  
  Clock Path Skew:        0.432ns (DCD - SCD - CPR)
    Destination Clock Delay (DCD):    0.432ns
    Source Clock Delay      (SCD):    0.000ns
    Clock Pessimism Removal (CPR):    -0.000ns

    Location             Delay type                Incr(ns)  Path(ns)    Netlist Resource(s)
  -------------------------------------------------------------------    -------------------
                                                      0.000     0.000 r  S_AXIS_Y_tdata[11] (IN)
                         net (fo=0)                   0.410     0.410    dbf_reference_bd_i/axis_in_fifo_0/inst/gen_fifo.xpm_fifo_axis_inst/xpm_fifo_base_inst/gen_sdpram.xpm_memory_base_inst/dina[11]
    RAMB36_X0Y6          RAMB36E1                                     r  dbf_reference_bd_i/axis_in_fifo_0/inst/gen_fifo.xpm_fifo_axis_inst/xpm_fifo_base_inst/gen_sdpram.xpm_memory_base_inst/gen_wr_a.gen_word_narrow.mem_reg/DIADI[11]
  -------------------------------------------------------------------    -------------------

                         (clock aclk rise edge)       0.000     0.000 r  
                                                      0.000     0.000 r  aclk (IN)
                         net (fo=5092, unset)         0.432     0.432    dbf_reference_bd_i/axis_in_fifo_0/inst/gen_fifo.xpm_fifo_axis_inst/xpm_fifo_base_inst/gen_sdpram.xpm_memory_base_inst/clka
    RAMB36_X0Y6          RAMB36E1                                     r  dbf_reference_bd_i/axis_in_fifo_0/inst/gen_fifo.xpm_fifo_axis_inst/xpm_fifo_base_inst/gen_sdpram.xpm_memory_base_inst/gen_wr_a.gen_word_narrow.mem_reg/CLKBWRCLK

Slack:                    inf
  Source:                 S_AXIS_Y_tdata[12]
                            (input port)
  Destination:            dbf_reference_bd_i/axis_in_fifo_0/inst/gen_fifo.xpm_fifo_axis_inst/xpm_fifo_base_inst/gen_sdpram.xpm_memory_base_inst/gen_wr_a.gen_word_narrow.mem_reg/DIADI[12]
                            (rising edge-triggered cell RAMB36E1 clocked by aclk  {rise@0.000ns fall@2.500ns period=5.000ns})
  Path Group:             (none)
  Path Type:              Hold (Min at Fast Process Corner)
  Data Path Delay:        0.410ns  (logic 0.000ns (0.000%)  route 0.410ns (100.000%))
  Logic Levels:           0  
  Clock Path Skew:        0.432ns (DCD - SCD - CPR)
    Destination Clock Delay (DCD):    0.432ns
    Source Clock Delay      (SCD):    0.000ns
    Clock Pessimism Removal (CPR):    -0.000ns

    Location             Delay type                Incr(ns)  Path(ns)    Netlist Resource(s)
  -------------------------------------------------------------------    -------------------
                                                      0.000     0.000 r  S_AXIS_Y_tdata[12] (IN)
                         net (fo=0)                   0.410     0.410    dbf_reference_bd_i/axis_in_fifo_0/inst/gen_fifo.xpm_fifo_axis_inst/xpm_fifo_base_inst/gen_sdpram.xpm_memory_base_inst/dina[12]
    RAMB36_X0Y6          RAMB36E1                                     r  dbf_reference_bd_i/axis_in_fifo_0/inst/gen_fifo.xpm_fifo_axis_inst/xpm_fifo_base_inst/gen_sdpram.xpm_memory_base_inst/gen_wr_a.gen_word_narrow.mem_reg/DIADI[12]
  -------------------------------------------------------------------    -------------------

                         (clock aclk rise edge)       0.000     0.000 r  
                                                      0.000     0.000 r  aclk (IN)
                         net (fo=5092, unset)         0.432     0.432    dbf_reference_bd_i/axis_in_fifo_0/inst/gen_fifo.xpm_fifo_axis_inst/xpm_fifo_base_inst/gen_sdpram.xpm_memory_base_inst/clka
    RAMB36_X0Y6          RAMB36E1                                     r  dbf_reference_bd_i/axis_in_fifo_0/inst/gen_fifo.xpm_fifo_axis_inst/xpm_fifo_base_inst/gen_sdpram.xpm_memory_base_inst/gen_wr_a.gen_word_narrow.mem_reg/CLKBWRCLK

Slack:                    inf
  Source:                 S_AXIS_Y_tdata[13]
                            (input port)
  Destination:            dbf_reference_bd_i/axis_in_fifo_0/inst/gen_fifo.xpm_fifo_axis_inst/xpm_fifo_base_inst/gen_sdpram.xpm_memory_base_inst/gen_wr_a.gen_word_narrow.mem_reg/DIADI[13]
                            (rising edge-triggered cell RAMB36E1 clocked by aclk  {rise@0.000ns fall@2.500ns period=5.000ns})
  Path Group:             (none)
  Path Type:              Hold (Min at Fast Process Corner)
  Data Path Delay:        0.410ns  (logic 0.000ns (0.000%)  route 0.410ns (100.000%))
  Logic Levels:           0  
  Clock Path Skew:        0.432ns (DCD - SCD - CPR)
    Destination Clock Delay (DCD):    0.432ns
    Source Clock Delay      (SCD):    0.000ns
    Clock Pessimism Removal (CPR):    -0.000ns

    Location             Delay type                Incr(ns)  Path(ns)    Netlist Resource(s)
  -------------------------------------------------------------------    -------------------
                                                      0.000     0.000 r  S_AXIS_Y_tdata[13] (IN)
                         net (fo=0)                   0.410     0.410    dbf_reference_bd_i/axis_in_fifo_0/inst/gen_fifo.xpm_fifo_axis_inst/xpm_fifo_base_inst/gen_sdpram.xpm_memory_base_inst/dina[13]
    RAMB36_X0Y6          RAMB36E1                                     r  dbf_reference_bd_i/axis_in_fifo_0/inst/gen_fifo.xpm_fifo_axis_inst/xpm_fifo_base_inst/gen_sdpram.xpm_memory_base_inst/gen_wr_a.gen_word_narrow.mem_reg/DIADI[13]
  -------------------------------------------------------------------    -------------------

                         (clock aclk rise edge)       0.000     0.000 r  
                                                      0.000     0.000 r  aclk (IN)
                         net (fo=5092, unset)         0.432     0.432    dbf_reference_bd_i/axis_in_fifo_0/inst/gen_fifo.xpm_fifo_axis_inst/xpm_fifo_base_inst/gen_sdpram.xpm_memory_base_inst/clka
    RAMB36_X0Y6          RAMB36E1                                     r  dbf_reference_bd_i/axis_in_fifo_0/inst/gen_fifo.xpm_fifo_axis_inst/xpm_fifo_base_inst/gen_sdpram.xpm_memory_base_inst/gen_wr_a.gen_word_narrow.mem_reg/CLKBWRCLK

Slack:                    inf
  Source:                 S_AXIS_Y_tdata[14]
                            (input port)
  Destination:            dbf_reference_bd_i/axis_in_fifo_0/inst/gen_fifo.xpm_fifo_axis_inst/xpm_fifo_base_inst/gen_sdpram.xpm_memory_base_inst/gen_wr_a.gen_word_narrow.mem_reg/DIADI[14]
                            (rising edge-triggered cell RAMB36E1 clocked by aclk  {rise@0.000ns fall@2.500ns period=5.000ns})
  Path Group:             (none)
  Path Type:              Hold (Min at Fast Process Corner)
  Data Path Delay:        0.410ns  (logic 0.000ns (0.000%)  route 0.410ns (100.000%))
  Logic Levels:           0  
  Clock Path Skew:        0.432ns (DCD - SCD - CPR)
    Destination Clock Delay (DCD):    0.432ns
    Source Clock Delay      (SCD):    0.000ns
    Clock Pessimism Removal (CPR):    -0.000ns

    Location             Delay type                Incr(ns)  Path(ns)    Netlist Resource(s)
  -------------------------------------------------------------------    -------------------
                                                      0.000     0.000 r  S_AXIS_Y_tdata[14] (IN)
                         net (fo=0)                   0.410     0.410    dbf_reference_bd_i/axis_in_fifo_0/inst/gen_fifo.xpm_fifo_axis_inst/xpm_fifo_base_inst/gen_sdpram.xpm_memory_base_inst/dina[14]
    RAMB36_X0Y6          RAMB36E1                                     r  dbf_reference_bd_i/axis_in_fifo_0/inst/gen_fifo.xpm_fifo_axis_inst/xpm_fifo_base_inst/gen_sdpram.xpm_memory_base_inst/gen_wr_a.gen_word_narrow.mem_reg/DIADI[14]
  -------------------------------------------------------------------    -------------------

                         (clock aclk rise edge)       0.000     0.000 r  
                                                      0.000     0.000 r  aclk (IN)
                         net (fo=5092, unset)         0.432     0.432    dbf_reference_bd_i/axis_in_fifo_0/inst/gen_fifo.xpm_fifo_axis_inst/xpm_fifo_base_inst/gen_sdpram.xpm_memory_base_inst/clka
    RAMB36_X0Y6          RAMB36E1                                     r  dbf_reference_bd_i/axis_in_fifo_0/inst/gen_fifo.xpm_fifo_axis_inst/xpm_fifo_base_inst/gen_sdpram.xpm_memory_base_inst/gen_wr_a.gen_word_narrow.mem_reg/CLKBWRCLK

Slack:                    inf
  Source:                 S_AXIS_Y_tdata[15]
                            (input port)
  Destination:            dbf_reference_bd_i/axis_in_fifo_0/inst/gen_fifo.xpm_fifo_axis_inst/xpm_fifo_base_inst/gen_sdpram.xpm_memory_base_inst/gen_wr_a.gen_word_narrow.mem_reg/DIADI[15]
                            (rising edge-triggered cell RAMB36E1 clocked by aclk  {rise@0.000ns fall@2.500ns period=5.000ns})
  Path Group:             (none)
  Path Type:              Hold (Min at Fast Process Corner)
  Data Path Delay:        0.410ns  (logic 0.000ns (0.000%)  route 0.410ns (100.000%))
  Logic Levels:           0  
  Clock Path Skew:        0.432ns (DCD - SCD - CPR)
    Destination Clock Delay (DCD):    0.432ns
    Source Clock Delay      (SCD):    0.000ns
    Clock Pessimism Removal (CPR):    -0.000ns

    Location             Delay type                Incr(ns)  Path(ns)    Netlist Resource(s)
  -------------------------------------------------------------------    -------------------
                                                      0.000     0.000 r  S_AXIS_Y_tdata[15] (IN)
                         net (fo=0)                   0.410     0.410    dbf_reference_bd_i/axis_in_fifo_0/inst/gen_fifo.xpm_fifo_axis_inst/xpm_fifo_base_inst/gen_sdpram.xpm_memory_base_inst/dina[15]
    RAMB36_X0Y6          RAMB36E1                                     r  dbf_reference_bd_i/axis_in_fifo_0/inst/gen_fifo.xpm_fifo_axis_inst/xpm_fifo_base_inst/gen_sdpram.xpm_memory_base_inst/gen_wr_a.gen_word_narrow.mem_reg/DIADI[15]
  -------------------------------------------------------------------    -------------------

                         (clock aclk rise edge)       0.000     0.000 r  
                                                      0.000     0.000 r  aclk (IN)
                         net (fo=5092, unset)         0.432     0.432    dbf_reference_bd_i/axis_in_fifo_0/inst/gen_fifo.xpm_fifo_axis_inst/xpm_fifo_base_inst/gen_sdpram.xpm_memory_base_inst/clka
    RAMB36_X0Y6          RAMB36E1                                     r  dbf_reference_bd_i/axis_in_fifo_0/inst/gen_fifo.xpm_fifo_axis_inst/xpm_fifo_base_inst/gen_sdpram.xpm_memory_base_inst/gen_wr_a.gen_word_narrow.mem_reg/CLKBWRCLK

Slack:                    inf
  Source:                 S_AXIS_Y_tdata[16]
                            (input port)
  Destination:            dbf_reference_bd_i/axis_in_fifo_0/inst/gen_fifo.xpm_fifo_axis_inst/xpm_fifo_base_inst/gen_sdpram.xpm_memory_base_inst/gen_wr_a.gen_word_narrow.mem_reg/DIADI[16]
                            (rising edge-triggered cell RAMB36E1 clocked by aclk  {rise@0.000ns fall@2.500ns period=5.000ns})
  Path Group:             (none)
  Path Type:              Hold (Min at Fast Process Corner)
  Data Path Delay:        0.410ns  (logic 0.000ns (0.000%)  route 0.410ns (100.000%))
  Logic Levels:           0  
  Clock Path Skew:        0.432ns (DCD - SCD - CPR)
    Destination Clock Delay (DCD):    0.432ns
    Source Clock Delay      (SCD):    0.000ns
    Clock Pessimism Removal (CPR):    -0.000ns

    Location             Delay type                Incr(ns)  Path(ns)    Netlist Resource(s)
  -------------------------------------------------------------------    -------------------
                                                      0.000     0.000 r  S_AXIS_Y_tdata[16] (IN)
                         net (fo=0)                   0.410     0.410    dbf_reference_bd_i/axis_in_fifo_0/inst/gen_fifo.xpm_fifo_axis_inst/xpm_fifo_base_inst/gen_sdpram.xpm_memory_base_inst/dina[16]
    RAMB36_X0Y6          RAMB36E1                                     r  dbf_reference_bd_i/axis_in_fifo_0/inst/gen_fifo.xpm_fifo_axis_inst/xpm_fifo_base_inst/gen_sdpram.xpm_memory_base_inst/gen_wr_a.gen_word_narrow.mem_reg/DIADI[16]
  -------------------------------------------------------------------    -------------------

                         (clock aclk rise edge)       0.000     0.000 r  
                                                      0.000     0.000 r  aclk (IN)
                         net (fo=5092, unset)         0.432     0.432    dbf_reference_bd_i/axis_in_fifo_0/inst/gen_fifo.xpm_fifo_axis_inst/xpm_fifo_base_inst/gen_sdpram.xpm_memory_base_inst/clka
    RAMB36_X0Y6          RAMB36E1                                     r  dbf_reference_bd_i/axis_in_fifo_0/inst/gen_fifo.xpm_fifo_axis_inst/xpm_fifo_base_inst/gen_sdpram.xpm_memory_base_inst/gen_wr_a.gen_word_narrow.mem_reg/CLKBWRCLK

Slack:                    inf
  Source:                 S_AXIS_Y_tdata[17]
                            (input port)
  Destination:            dbf_reference_bd_i/axis_in_fifo_0/inst/gen_fifo.xpm_fifo_axis_inst/xpm_fifo_base_inst/gen_sdpram.xpm_memory_base_inst/gen_wr_a.gen_word_narrow.mem_reg/DIADI[17]
                            (rising edge-triggered cell RAMB36E1 clocked by aclk  {rise@0.000ns fall@2.500ns period=5.000ns})
  Path Group:             (none)
  Path Type:              Hold (Min at Fast Process Corner)
  Data Path Delay:        0.410ns  (logic 0.000ns (0.000%)  route 0.410ns (100.000%))
  Logic Levels:           0  
  Clock Path Skew:        0.432ns (DCD - SCD - CPR)
    Destination Clock Delay (DCD):    0.432ns
    Source Clock Delay      (SCD):    0.000ns
    Clock Pessimism Removal (CPR):    -0.000ns

    Location             Delay type                Incr(ns)  Path(ns)    Netlist Resource(s)
  -------------------------------------------------------------------    -------------------
                                                      0.000     0.000 r  S_AXIS_Y_tdata[17] (IN)
                         net (fo=0)                   0.410     0.410    dbf_reference_bd_i/axis_in_fifo_0/inst/gen_fifo.xpm_fifo_axis_inst/xpm_fifo_base_inst/gen_sdpram.xpm_memory_base_inst/dina[17]
    RAMB36_X0Y6          RAMB36E1                                     r  dbf_reference_bd_i/axis_in_fifo_0/inst/gen_fifo.xpm_fifo_axis_inst/xpm_fifo_base_inst/gen_sdpram.xpm_memory_base_inst/gen_wr_a.gen_word_narrow.mem_reg/DIADI[17]
  -------------------------------------------------------------------    -------------------

                         (clock aclk rise edge)       0.000     0.000 r  
                                                      0.000     0.000 r  aclk (IN)
                         net (fo=5092, unset)         0.432     0.432    dbf_reference_bd_i/axis_in_fifo_0/inst/gen_fifo.xpm_fifo_axis_inst/xpm_fifo_base_inst/gen_sdpram.xpm_memory_base_inst/clka
    RAMB36_X0Y6          RAMB36E1                                     r  dbf_reference_bd_i/axis_in_fifo_0/inst/gen_fifo.xpm_fifo_axis_inst/xpm_fifo_base_inst/gen_sdpram.xpm_memory_base_inst/gen_wr_a.gen_word_narrow.mem_reg/CLKBWRCLK

Slack:                    inf
  Source:                 S_AXIS_Y_tdata[18]
                            (input port)
  Destination:            dbf_reference_bd_i/axis_in_fifo_0/inst/gen_fifo.xpm_fifo_axis_inst/xpm_fifo_base_inst/gen_sdpram.xpm_memory_base_inst/gen_wr_a.gen_word_narrow.mem_reg/DIADI[18]
                            (rising edge-triggered cell RAMB36E1 clocked by aclk  {rise@0.000ns fall@2.500ns period=5.000ns})
  Path Group:             (none)
  Path Type:              Hold (Min at Fast Process Corner)
  Data Path Delay:        0.410ns  (logic 0.000ns (0.000%)  route 0.410ns (100.000%))
  Logic Levels:           0  
  Clock Path Skew:        0.432ns (DCD - SCD - CPR)
    Destination Clock Delay (DCD):    0.432ns
    Source Clock Delay      (SCD):    0.000ns
    Clock Pessimism Removal (CPR):    -0.000ns

    Location             Delay type                Incr(ns)  Path(ns)    Netlist Resource(s)
  -------------------------------------------------------------------    -------------------
                                                      0.000     0.000 r  S_AXIS_Y_tdata[18] (IN)
                         net (fo=0)                   0.410     0.410    dbf_reference_bd_i/axis_in_fifo_0/inst/gen_fifo.xpm_fifo_axis_inst/xpm_fifo_base_inst/gen_sdpram.xpm_memory_base_inst/dina[18]
    RAMB36_X0Y6          RAMB36E1                                     r  dbf_reference_bd_i/axis_in_fifo_0/inst/gen_fifo.xpm_fifo_axis_inst/xpm_fifo_base_inst/gen_sdpram.xpm_memory_base_inst/gen_wr_a.gen_word_narrow.mem_reg/DIADI[18]
  -------------------------------------------------------------------    -------------------

                         (clock aclk rise edge)       0.000     0.000 r  
                                                      0.000     0.000 r  aclk (IN)
                         net (fo=5092, unset)         0.432     0.432    dbf_reference_bd_i/axis_in_fifo_0/inst/gen_fifo.xpm_fifo_axis_inst/xpm_fifo_base_inst/gen_sdpram.xpm_memory_base_inst/clka
    RAMB36_X0Y6          RAMB36E1                                     r  dbf_reference_bd_i/axis_in_fifo_0/inst/gen_fifo.xpm_fifo_axis_inst/xpm_fifo_base_inst/gen_sdpram.xpm_memory_base_inst/gen_wr_a.gen_word_narrow.mem_reg/CLKBWRCLK

Slack:                    inf
  Source:                 S_AXIS_Y_tdata[19]
                            (input port)
  Destination:            dbf_reference_bd_i/axis_in_fifo_0/inst/gen_fifo.xpm_fifo_axis_inst/xpm_fifo_base_inst/gen_sdpram.xpm_memory_base_inst/gen_wr_a.gen_word_narrow.mem_reg/DIADI[19]
                            (rising edge-triggered cell RAMB36E1 clocked by aclk  {rise@0.000ns fall@2.500ns period=5.000ns})
  Path Group:             (none)
  Path Type:              Hold (Min at Fast Process Corner)
  Data Path Delay:        0.410ns  (logic 0.000ns (0.000%)  route 0.410ns (100.000%))
  Logic Levels:           0  
  Clock Path Skew:        0.432ns (DCD - SCD - CPR)
    Destination Clock Delay (DCD):    0.432ns
    Source Clock Delay      (SCD):    0.000ns
    Clock Pessimism Removal (CPR):    -0.000ns

    Location             Delay type                Incr(ns)  Path(ns)    Netlist Resource(s)
  -------------------------------------------------------------------    -------------------
                                                      0.000     0.000 r  S_AXIS_Y_tdata[19] (IN)
                         net (fo=0)                   0.410     0.410    dbf_reference_bd_i/axis_in_fifo_0/inst/gen_fifo.xpm_fifo_axis_inst/xpm_fifo_base_inst/gen_sdpram.xpm_memory_base_inst/dina[19]
    RAMB36_X0Y6          RAMB36E1                                     r  dbf_reference_bd_i/axis_in_fifo_0/inst/gen_fifo.xpm_fifo_axis_inst/xpm_fifo_base_inst/gen_sdpram.xpm_memory_base_inst/gen_wr_a.gen_word_narrow.mem_reg/DIADI[19]
  -------------------------------------------------------------------    -------------------

                         (clock aclk rise edge)       0.000     0.000 r  
                                                      0.000     0.000 r  aclk (IN)
                         net (fo=5092, unset)         0.432     0.432    dbf_reference_bd_i/axis_in_fifo_0/inst/gen_fifo.xpm_fifo_axis_inst/xpm_fifo_base_inst/gen_sdpram.xpm_memory_base_inst/clka
    RAMB36_X0Y6          RAMB36E1                                     r  dbf_reference_bd_i/axis_in_fifo_0/inst/gen_fifo.xpm_fifo_axis_inst/xpm_fifo_base_inst/gen_sdpram.xpm_memory_base_inst/gen_wr_a.gen_word_narrow.mem_reg/CLKBWRCLK

Slack:                    inf
  Source:                 S_AXIS_Y_tdata[1]
                            (input port)
  Destination:            dbf_reference_bd_i/axis_in_fifo_0/inst/gen_fifo.xpm_fifo_axis_inst/xpm_fifo_base_inst/gen_sdpram.xpm_memory_base_inst/gen_wr_a.gen_word_narrow.mem_reg/DIADI[1]
                            (rising edge-triggered cell RAMB36E1 clocked by aclk  {rise@0.000ns fall@2.500ns period=5.000ns})
  Path Group:             (none)
  Path Type:              Hold (Min at Fast Process Corner)
  Data Path Delay:        0.410ns  (logic 0.000ns (0.000%)  route 0.410ns (100.000%))
  Logic Levels:           0  
  Clock Path Skew:        0.432ns (DCD - SCD - CPR)
    Destination Clock Delay (DCD):    0.432ns
    Source Clock Delay      (SCD):    0.000ns
    Clock Pessimism Removal (CPR):    -0.000ns

    Location             Delay type                Incr(ns)  Path(ns)    Netlist Resource(s)
  -------------------------------------------------------------------    -------------------
                                                      0.000     0.000 r  S_AXIS_Y_tdata[1] (IN)
                         net (fo=0)                   0.410     0.410    dbf_reference_bd_i/axis_in_fifo_0/inst/gen_fifo.xpm_fifo_axis_inst/xpm_fifo_base_inst/gen_sdpram.xpm_memory_base_inst/dina[1]
    RAMB36_X0Y6          RAMB36E1                                     r  dbf_reference_bd_i/axis_in_fifo_0/inst/gen_fifo.xpm_fifo_axis_inst/xpm_fifo_base_inst/gen_sdpram.xpm_memory_base_inst/gen_wr_a.gen_word_narrow.mem_reg/DIADI[1]
  -------------------------------------------------------------------    -------------------

                         (clock aclk rise edge)       0.000     0.000 r  
                                                      0.000     0.000 r  aclk (IN)
                         net (fo=5092, unset)         0.432     0.432    dbf_reference_bd_i/axis_in_fifo_0/inst/gen_fifo.xpm_fifo_axis_inst/xpm_fifo_base_inst/gen_sdpram.xpm_memory_base_inst/clka
    RAMB36_X0Y6          RAMB36E1                                     r  dbf_reference_bd_i/axis_in_fifo_0/inst/gen_fifo.xpm_fifo_axis_inst/xpm_fifo_base_inst/gen_sdpram.xpm_memory_base_inst/gen_wr_a.gen_word_narrow.mem_reg/CLKBWRCLK

Slack:                    inf
  Source:                 S_AXIS_Y_tdata[20]
                            (input port)
  Destination:            dbf_reference_bd_i/axis_in_fifo_0/inst/gen_fifo.xpm_fifo_axis_inst/xpm_fifo_base_inst/gen_sdpram.xpm_memory_base_inst/gen_wr_a.gen_word_narrow.mem_reg/DIADI[20]
                            (rising edge-triggered cell RAMB36E1 clocked by aclk  {rise@0.000ns fall@2.500ns period=5.000ns})
  Path Group:             (none)
  Path Type:              Hold (Min at Fast Process Corner)
  Data Path Delay:        0.410ns  (logic 0.000ns (0.000%)  route 0.410ns (100.000%))
  Logic Levels:           0  
  Clock Path Skew:        0.432ns (DCD - SCD - CPR)
    Destination Clock Delay (DCD):    0.432ns
    Source Clock Delay      (SCD):    0.000ns
    Clock Pessimism Removal (CPR):    -0.000ns

    Location             Delay type                Incr(ns)  Path(ns)    Netlist Resource(s)
  -------------------------------------------------------------------    -------------------
                                                      0.000     0.000 r  S_AXIS_Y_tdata[20] (IN)
                         net (fo=0)                   0.410     0.410    dbf_reference_bd_i/axis_in_fifo_0/inst/gen_fifo.xpm_fifo_axis_inst/xpm_fifo_base_inst/gen_sdpram.xpm_memory_base_inst/dina[20]
    RAMB36_X0Y6          RAMB36E1                                     r  dbf_reference_bd_i/axis_in_fifo_0/inst/gen_fifo.xpm_fifo_axis_inst/xpm_fifo_base_inst/gen_sdpram.xpm_memory_base_inst/gen_wr_a.gen_word_narrow.mem_reg/DIADI[20]
  -------------------------------------------------------------------    -------------------

                         (clock aclk rise edge)       0.000     0.000 r  
                                                      0.000     0.000 r  aclk (IN)
                         net (fo=5092, unset)         0.432     0.432    dbf_reference_bd_i/axis_in_fifo_0/inst/gen_fifo.xpm_fifo_axis_inst/xpm_fifo_base_inst/gen_sdpram.xpm_memory_base_inst/clka
    RAMB36_X0Y6          RAMB36E1                                     r  dbf_reference_bd_i/axis_in_fifo_0/inst/gen_fifo.xpm_fifo_axis_inst/xpm_fifo_base_inst/gen_sdpram.xpm_memory_base_inst/gen_wr_a.gen_word_narrow.mem_reg/CLKBWRCLK

Slack:                    inf
  Source:                 S_AXIS_Y_tdata[21]
                            (input port)
  Destination:            dbf_reference_bd_i/axis_in_fifo_0/inst/gen_fifo.xpm_fifo_axis_inst/xpm_fifo_base_inst/gen_sdpram.xpm_memory_base_inst/gen_wr_a.gen_word_narrow.mem_reg/DIADI[21]
                            (rising edge-triggered cell RAMB36E1 clocked by aclk  {rise@0.000ns fall@2.500ns period=5.000ns})
  Path Group:             (none)
  Path Type:              Hold (Min at Fast Process Corner)
  Data Path Delay:        0.410ns  (logic 0.000ns (0.000%)  route 0.410ns (100.000%))
  Logic Levels:           0  
  Clock Path Skew:        0.432ns (DCD - SCD - CPR)
    Destination Clock Delay (DCD):    0.432ns
    Source Clock Delay      (SCD):    0.000ns
    Clock Pessimism Removal (CPR):    -0.000ns

    Location             Delay type                Incr(ns)  Path(ns)    Netlist Resource(s)
  -------------------------------------------------------------------    -------------------
                                                      0.000     0.000 r  S_AXIS_Y_tdata[21] (IN)
                         net (fo=0)                   0.410     0.410    dbf_reference_bd_i/axis_in_fifo_0/inst/gen_fifo.xpm_fifo_axis_inst/xpm_fifo_base_inst/gen_sdpram.xpm_memory_base_inst/dina[21]
    RAMB36_X0Y6          RAMB36E1                                     r  dbf_reference_bd_i/axis_in_fifo_0/inst/gen_fifo.xpm_fifo_axis_inst/xpm_fifo_base_inst/gen_sdpram.xpm_memory_base_inst/gen_wr_a.gen_word_narrow.mem_reg/DIADI[21]
  -------------------------------------------------------------------    -------------------

                         (clock aclk rise edge)       0.000     0.000 r  
                                                      0.000     0.000 r  aclk (IN)
                         net (fo=5092, unset)         0.432     0.432    dbf_reference_bd_i/axis_in_fifo_0/inst/gen_fifo.xpm_fifo_axis_inst/xpm_fifo_base_inst/gen_sdpram.xpm_memory_base_inst/clka
    RAMB36_X0Y6          RAMB36E1                                     r  dbf_reference_bd_i/axis_in_fifo_0/inst/gen_fifo.xpm_fifo_axis_inst/xpm_fifo_base_inst/gen_sdpram.xpm_memory_base_inst/gen_wr_a.gen_word_narrow.mem_reg/CLKBWRCLK

Slack:                    inf
  Source:                 S_AXIS_Y_tdata[22]
                            (input port)
  Destination:            dbf_reference_bd_i/axis_in_fifo_0/inst/gen_fifo.xpm_fifo_axis_inst/xpm_fifo_base_inst/gen_sdpram.xpm_memory_base_inst/gen_wr_a.gen_word_narrow.mem_reg/DIADI[22]
                            (rising edge-triggered cell RAMB36E1 clocked by aclk  {rise@0.000ns fall@2.500ns period=5.000ns})
  Path Group:             (none)
  Path Type:              Hold (Min at Fast Process Corner)
  Data Path Delay:        0.410ns  (logic 0.000ns (0.000%)  route 0.410ns (100.000%))
  Logic Levels:           0  
  Clock Path Skew:        0.432ns (DCD - SCD - CPR)
    Destination Clock Delay (DCD):    0.432ns
    Source Clock Delay      (SCD):    0.000ns
    Clock Pessimism Removal (CPR):    -0.000ns

    Location             Delay type                Incr(ns)  Path(ns)    Netlist Resource(s)
  -------------------------------------------------------------------    -------------------
                                                      0.000     0.000 r  S_AXIS_Y_tdata[22] (IN)
                         net (fo=0)                   0.410     0.410    dbf_reference_bd_i/axis_in_fifo_0/inst/gen_fifo.xpm_fifo_axis_inst/xpm_fifo_base_inst/gen_sdpram.xpm_memory_base_inst/dina[22]
    RAMB36_X0Y6          RAMB36E1                                     r  dbf_reference_bd_i/axis_in_fifo_0/inst/gen_fifo.xpm_fifo_axis_inst/xpm_fifo_base_inst/gen_sdpram.xpm_memory_base_inst/gen_wr_a.gen_word_narrow.mem_reg/DIADI[22]
  -------------------------------------------------------------------    -------------------

                         (clock aclk rise edge)       0.000     0.000 r  
                                                      0.000     0.000 r  aclk (IN)
                         net (fo=5092, unset)         0.432     0.432    dbf_reference_bd_i/axis_in_fifo_0/inst/gen_fifo.xpm_fifo_axis_inst/xpm_fifo_base_inst/gen_sdpram.xpm_memory_base_inst/clka
    RAMB36_X0Y6          RAMB36E1                                     r  dbf_reference_bd_i/axis_in_fifo_0/inst/gen_fifo.xpm_fifo_axis_inst/xpm_fifo_base_inst/gen_sdpram.xpm_memory_base_inst/gen_wr_a.gen_word_narrow.mem_reg/CLKBWRCLK

Slack:                    inf
  Source:                 S_AXIS_Y_tdata[23]
                            (input port)
  Destination:            dbf_reference_bd_i/axis_in_fifo_0/inst/gen_fifo.xpm_fifo_axis_inst/xpm_fifo_base_inst/gen_sdpram.xpm_memory_base_inst/gen_wr_a.gen_word_narrow.mem_reg/DIADI[23]
                            (rising edge-triggered cell RAMB36E1 clocked by aclk  {rise@0.000ns fall@2.500ns period=5.000ns})
  Path Group:             (none)
  Path Type:              Hold (Min at Fast Process Corner)
  Data Path Delay:        0.410ns  (logic 0.000ns (0.000%)  route 0.410ns (100.000%))
  Logic Levels:           0  
  Clock Path Skew:        0.432ns (DCD - SCD - CPR)
    Destination Clock Delay (DCD):    0.432ns
    Source Clock Delay      (SCD):    0.000ns
    Clock Pessimism Removal (CPR):    -0.000ns

    Location             Delay type                Incr(ns)  Path(ns)    Netlist Resource(s)
  -------------------------------------------------------------------    -------------------
                                                      0.000     0.000 r  S_AXIS_Y_tdata[23] (IN)
                         net (fo=0)                   0.410     0.410    dbf_reference_bd_i/axis_in_fifo_0/inst/gen_fifo.xpm_fifo_axis_inst/xpm_fifo_base_inst/gen_sdpram.xpm_memory_base_inst/dina[23]
    RAMB36_X0Y6          RAMB36E1                                     r  dbf_reference_bd_i/axis_in_fifo_0/inst/gen_fifo.xpm_fifo_axis_inst/xpm_fifo_base_inst/gen_sdpram.xpm_memory_base_inst/gen_wr_a.gen_word_narrow.mem_reg/DIADI[23]
  -------------------------------------------------------------------    -------------------

                         (clock aclk rise edge)       0.000     0.000 r  
                                                      0.000     0.000 r  aclk (IN)
                         net (fo=5092, unset)         0.432     0.432    dbf_reference_bd_i/axis_in_fifo_0/inst/gen_fifo.xpm_fifo_axis_inst/xpm_fifo_base_inst/gen_sdpram.xpm_memory_base_inst/clka
    RAMB36_X0Y6          RAMB36E1                                     r  dbf_reference_bd_i/axis_in_fifo_0/inst/gen_fifo.xpm_fifo_axis_inst/xpm_fifo_base_inst/gen_sdpram.xpm_memory_base_inst/gen_wr_a.gen_word_narrow.mem_reg/CLKBWRCLK

Slack:                    inf
  Source:                 S_AXIS_Y_tdata[24]
                            (input port)
  Destination:            dbf_reference_bd_i/axis_in_fifo_0/inst/gen_fifo.xpm_fifo_axis_inst/xpm_fifo_base_inst/gen_sdpram.xpm_memory_base_inst/gen_wr_a.gen_word_narrow.mem_reg/DIADI[24]
                            (rising edge-triggered cell RAMB36E1 clocked by aclk  {rise@0.000ns fall@2.500ns period=5.000ns})
  Path Group:             (none)
  Path Type:              Hold (Min at Fast Process Corner)
  Data Path Delay:        0.410ns  (logic 0.000ns (0.000%)  route 0.410ns (100.000%))
  Logic Levels:           0  
  Clock Path Skew:        0.432ns (DCD - SCD - CPR)
    Destination Clock Delay (DCD):    0.432ns
    Source Clock Delay      (SCD):    0.000ns
    Clock Pessimism Removal (CPR):    -0.000ns

    Location             Delay type                Incr(ns)  Path(ns)    Netlist Resource(s)
  -------------------------------------------------------------------    -------------------
                                                      0.000     0.000 r  S_AXIS_Y_tdata[24] (IN)
                         net (fo=0)                   0.410     0.410    dbf_reference_bd_i/axis_in_fifo_0/inst/gen_fifo.xpm_fifo_axis_inst/xpm_fifo_base_inst/gen_sdpram.xpm_memory_base_inst/dina[24]
    RAMB36_X0Y6          RAMB36E1                                     r  dbf_reference_bd_i/axis_in_fifo_0/inst/gen_fifo.xpm_fifo_axis_inst/xpm_fifo_base_inst/gen_sdpram.xpm_memory_base_inst/gen_wr_a.gen_word_narrow.mem_reg/DIADI[24]
  -------------------------------------------------------------------    -------------------

                         (clock aclk rise edge)       0.000     0.000 r  
                                                      0.000     0.000 r  aclk (IN)
                         net (fo=5092, unset)         0.432     0.432    dbf_reference_bd_i/axis_in_fifo_0/inst/gen_fifo.xpm_fifo_axis_inst/xpm_fifo_base_inst/gen_sdpram.xpm_memory_base_inst/clka
    RAMB36_X0Y6          RAMB36E1                                     r  dbf_reference_bd_i/axis_in_fifo_0/inst/gen_fifo.xpm_fifo_axis_inst/xpm_fifo_base_inst/gen_sdpram.xpm_memory_base_inst/gen_wr_a.gen_word_narrow.mem_reg/CLKBWRCLK

Slack:                    inf
  Source:                 S_AXIS_Y_tdata[25]
                            (input port)
  Destination:            dbf_reference_bd_i/axis_in_fifo_0/inst/gen_fifo.xpm_fifo_axis_inst/xpm_fifo_base_inst/gen_sdpram.xpm_memory_base_inst/gen_wr_a.gen_word_narrow.mem_reg/DIADI[25]
                            (rising edge-triggered cell RAMB36E1 clocked by aclk  {rise@0.000ns fall@2.500ns period=5.000ns})
  Path Group:             (none)
  Path Type:              Hold (Min at Fast Process Corner)
  Data Path Delay:        0.410ns  (logic 0.000ns (0.000%)  route 0.410ns (100.000%))
  Logic Levels:           0  
  Clock Path Skew:        0.432ns (DCD - SCD - CPR)
    Destination Clock Delay (DCD):    0.432ns
    Source Clock Delay      (SCD):    0.000ns
    Clock Pessimism Removal (CPR):    -0.000ns

    Location             Delay type                Incr(ns)  Path(ns)    Netlist Resource(s)
  -------------------------------------------------------------------    -------------------
                                                      0.000     0.000 r  S_AXIS_Y_tdata[25] (IN)
                         net (fo=0)                   0.410     0.410    dbf_reference_bd_i/axis_in_fifo_0/inst/gen_fifo.xpm_fifo_axis_inst/xpm_fifo_base_inst/gen_sdpram.xpm_memory_base_inst/dina[25]
    RAMB36_X0Y6          RAMB36E1                                     r  dbf_reference_bd_i/axis_in_fifo_0/inst/gen_fifo.xpm_fifo_axis_inst/xpm_fifo_base_inst/gen_sdpram.xpm_memory_base_inst/gen_wr_a.gen_word_narrow.mem_reg/DIADI[25]
  -------------------------------------------------------------------    -------------------

                         (clock aclk rise edge)       0.000     0.000 r  
                                                      0.000     0.000 r  aclk (IN)
                         net (fo=5092, unset)         0.432     0.432    dbf_reference_bd_i/axis_in_fifo_0/inst/gen_fifo.xpm_fifo_axis_inst/xpm_fifo_base_inst/gen_sdpram.xpm_memory_base_inst/clka
    RAMB36_X0Y6          RAMB36E1                                     r  dbf_reference_bd_i/axis_in_fifo_0/inst/gen_fifo.xpm_fifo_axis_inst/xpm_fifo_base_inst/gen_sdpram.xpm_memory_base_inst/gen_wr_a.gen_word_narrow.mem_reg/CLKBWRCLK

Slack:                    inf
  Source:                 S_AXIS_Y_tdata[26]
                            (input port)
  Destination:            dbf_reference_bd_i/axis_in_fifo_0/inst/gen_fifo.xpm_fifo_axis_inst/xpm_fifo_base_inst/gen_sdpram.xpm_memory_base_inst/gen_wr_a.gen_word_narrow.mem_reg/DIADI[26]
                            (rising edge-triggered cell RAMB36E1 clocked by aclk  {rise@0.000ns fall@2.500ns period=5.000ns})
  Path Group:             (none)
  Path Type:              Hold (Min at Fast Process Corner)
  Data Path Delay:        0.410ns  (logic 0.000ns (0.000%)  route 0.410ns (100.000%))
  Logic Levels:           0  
  Clock Path Skew:        0.432ns (DCD - SCD - CPR)
    Destination Clock Delay (DCD):    0.432ns
    Source Clock Delay      (SCD):    0.000ns
    Clock Pessimism Removal (CPR):    -0.000ns

    Location             Delay type                Incr(ns)  Path(ns)    Netlist Resource(s)
  -------------------------------------------------------------------    -------------------
                                                      0.000     0.000 r  S_AXIS_Y_tdata[26] (IN)
                         net (fo=0)                   0.410     0.410    dbf_reference_bd_i/axis_in_fifo_0/inst/gen_fifo.xpm_fifo_axis_inst/xpm_fifo_base_inst/gen_sdpram.xpm_memory_base_inst/dina[26]
    RAMB36_X0Y6          RAMB36E1                                     r  dbf_reference_bd_i/axis_in_fifo_0/inst/gen_fifo.xpm_fifo_axis_inst/xpm_fifo_base_inst/gen_sdpram.xpm_memory_base_inst/gen_wr_a.gen_word_narrow.mem_reg/DIADI[26]
  -------------------------------------------------------------------    -------------------

                         (clock aclk rise edge)       0.000     0.000 r  
                                                      0.000     0.000 r  aclk (IN)
                         net (fo=5092, unset)         0.432     0.432    dbf_reference_bd_i/axis_in_fifo_0/inst/gen_fifo.xpm_fifo_axis_inst/xpm_fifo_base_inst/gen_sdpram.xpm_memory_base_inst/clka
    RAMB36_X0Y6          RAMB36E1                                     r  dbf_reference_bd_i/axis_in_fifo_0/inst/gen_fifo.xpm_fifo_axis_inst/xpm_fifo_base_inst/gen_sdpram.xpm_memory_base_inst/gen_wr_a.gen_word_narrow.mem_reg/CLKBWRCLK

Slack:                    inf
  Source:                 S_AXIS_Y_tdata[27]
                            (input port)
  Destination:            dbf_reference_bd_i/axis_in_fifo_0/inst/gen_fifo.xpm_fifo_axis_inst/xpm_fifo_base_inst/gen_sdpram.xpm_memory_base_inst/gen_wr_a.gen_word_narrow.mem_reg/DIADI[27]
                            (rising edge-triggered cell RAMB36E1 clocked by aclk  {rise@0.000ns fall@2.500ns period=5.000ns})
  Path Group:             (none)
  Path Type:              Hold (Min at Fast Process Corner)
  Data Path Delay:        0.410ns  (logic 0.000ns (0.000%)  route 0.410ns (100.000%))
  Logic Levels:           0  
  Clock Path Skew:        0.432ns (DCD - SCD - CPR)
    Destination Clock Delay (DCD):    0.432ns
    Source Clock Delay      (SCD):    0.000ns
    Clock Pessimism Removal (CPR):    -0.000ns

    Location             Delay type                Incr(ns)  Path(ns)    Netlist Resource(s)
  -------------------------------------------------------------------    -------------------
                                                      0.000     0.000 r  S_AXIS_Y_tdata[27] (IN)
                         net (fo=0)                   0.410     0.410    dbf_reference_bd_i/axis_in_fifo_0/inst/gen_fifo.xpm_fifo_axis_inst/xpm_fifo_base_inst/gen_sdpram.xpm_memory_base_inst/dina[27]
    RAMB36_X0Y6          RAMB36E1                                     r  dbf_reference_bd_i/axis_in_fifo_0/inst/gen_fifo.xpm_fifo_axis_inst/xpm_fifo_base_inst/gen_sdpram.xpm_memory_base_inst/gen_wr_a.gen_word_narrow.mem_reg/DIADI[27]
  -------------------------------------------------------------------    -------------------

                         (clock aclk rise edge)       0.000     0.000 r  
                                                      0.000     0.000 r  aclk (IN)
                         net (fo=5092, unset)         0.432     0.432    dbf_reference_bd_i/axis_in_fifo_0/inst/gen_fifo.xpm_fifo_axis_inst/xpm_fifo_base_inst/gen_sdpram.xpm_memory_base_inst/clka
    RAMB36_X0Y6          RAMB36E1                                     r  dbf_reference_bd_i/axis_in_fifo_0/inst/gen_fifo.xpm_fifo_axis_inst/xpm_fifo_base_inst/gen_sdpram.xpm_memory_base_inst/gen_wr_a.gen_word_narrow.mem_reg/CLKBWRCLK





