Copyright 1986-2022 Xilinx, Inc. All Rights Reserved. Copyright 2022-2024 Advanced Micro Devices, Inc. All Rights Reserved.
------------------------------------------------------------------------------------------------------------------------------------------------------------------------------------
| Tool Version : Vivado v.2024.2 (win64) Build 5239630 Fri Nov 08 22:35:27 MST 2024
| Date         : Sun Jun 21 13:25:54 2026
| Host         : Aurora running 64-bit major release  (build 9200)
| Command      : report_timing_summary -file <STEP14_DIR>/results_step14_dbf_ip_soc_integration/reference_bd_timing/step14_3b_baseline_timing_summary.rpt -max_paths 20 -report_unconstrained
| Design       : dbf_reference_bd_wrapper
| Device       : 7z020-clg400
| Speed File   : -1  PRODUCTION 1.12 2019-11-22
| Design State : Routed
------------------------------------------------------------------------------------------------------------------------------------------------------------------------------------

Timing Summary Report

------------------------------------------------------------------------------------------------
| Timer Settings
| --------------
------------------------------------------------------------------------------------------------

  Enable Multi Corner Analysis               :  Yes
  Enable Pessimism Removal                   :  Yes
  Pessimism Removal Resolution               :  Nearest Common Node
  Enable Input Delay Default Clock           :  No
  Enable Preset / Clear Arcs                 :  No
  Disable Flight Delays                      :  No
  Ignore I/O Paths                           :  No
  Timing Early Launch at Borrowing Latches   :  No
  Borrow Time for Max Delay Exceptions       :  Yes
  Merge Timing Exceptions                    :  Yes
  Inter-SLR Compensation                     :  Conservative

  Corner  Analyze    Analyze    
  Name    Max Paths  Min Paths  
  ------  ---------  ---------  
  Slow    Yes        Yes        
  Fast    Yes        Yes        


------------------------------------------------------------------------------------------------
| Report Methodology
| ------------------
------------------------------------------------------------------------------------------------

Rule       Severity  Description                    Violations  
---------  --------  -----------------------------  ----------  
TIMING-18  Warning   Missing input or output delay  153         

Note: This report is based on the most recent report_methodology run and may not be up-to-date. Run report_methodology on the current design for the latest report.



check_timing report

Table of Contents
-----------------
1. checking no_clock (0)
2. checking constant_clock (0)
3. checking pulse_width_clock (0)
4. checking unconstrained_internal_endpoints (0)
5. checking no_input_delay (40)
6. checking no_output_delay (114)
7. checking multiple_clock (0)
8. checking generated_clocks (0)
9. checking loops (0)
10. checking partial_input_delay (0)
11. checking partial_output_delay (0)
12. checking latch_loops (0)

1. checking no_clock (0)
------------------------
 There are 0 register/latch pins with no clock.


2. checking constant_clock (0)
------------------------------
 There are 0 register/latch pins with constant_clock.


3. checking pulse_width_clock (0)
---------------------------------
 There are 0 register/latch pins which need pulse_width check


4. checking unconstrained_internal_endpoints (0)
------------------------------------------------
 There are 0 pins that are not constrained for maximum delay.

 There are 0 pins that are not constrained for maximum delay due to constant clock.


5. checking no_input_delay (40)
-------------------------------
 There are 39 input ports with no input delay specified. (HIGH)

 There is 1 input port with no input delay but user has a false path constraint. (MEDIUM)


6. checking no_output_delay (114)
---------------------------------
 There are 114 ports with no output delay specified. (HIGH)

 There are 0 ports with no output delay but user has a false path constraint

 There are 0 ports with no output delay but with a timing clock defined on it or propagating through it


7. checking multiple_clock (0)
------------------------------
 There are 0 register/latch pins with multiple clocks.


8. checking generated_clocks (0)
--------------------------------
 There are 0 generated clocks that are not connected to a clock source.


9. checking loops (0)
---------------------
 There are 0 combinational loops in the design.


10. checking partial_input_delay (0)
------------------------------------
 There are 0 input ports with partial input delay specified.


11. checking partial_output_delay (0)
-------------------------------------
 There are 0 ports with partial output delay specified.


12. checking latch_loops (0)
----------------------------
 There are 0 combinational latch loops in the design through latch input



------------------------------------------------------------------------------------------------
| Design Timing Summary
| ---------------------
------------------------------------------------------------------------------------------------

    WNS(ns)      TNS(ns)  TNS Failing Endpoints  TNS Total Endpoints      WHS(ns)      THS(ns)  THS Failing Endpoints  THS Total Endpoints     WPWS(ns)     TPWS(ns)  TPWS Failing Endpoints  TPWS Total Endpoints  
    -------      -------  ---------------------  -------------------      -------      -------  ---------------------  -------------------     --------     --------  ----------------------  --------------------  
     -0.076       -0.079                      2                13471        0.096        0.000                      0                13471        1.116        0.000                       0                  5160  


Timing constraints are not met.


------------------------------------------------------------------------------------------------
| Clock Summary
| -------------
------------------------------------------------------------------------------------------------

Clock  Waveform(ns)         Period(ns)      Frequency(MHz)
-----  ------------         ----------      --------------
aclk   {0.000 2.500}        5.000           200.000         


------------------------------------------------------------------------------------------------
| Intra Clock Table
| -----------------
------------------------------------------------------------------------------------------------

Clock             WNS(ns)      TNS(ns)  TNS Failing Endpoints  TNS Total Endpoints      WHS(ns)      THS(ns)  THS Failing Endpoints  THS Total Endpoints     WPWS(ns)     TPWS(ns)  TPWS Failing Endpoints  TPWS Total Endpoints  
-----             -------      -------  ---------------------  -------------------      -------      -------  ---------------------  -------------------     --------     --------  ----------------------  --------------------  
aclk               -0.076       -0.079                      2                13471        0.096        0.000                      0                13471        1.116        0.000                       0                  5160  


------------------------------------------------------------------------------------------------
| Inter Clock Table
| -----------------
------------------------------------------------------------------------------------------------

From Clock    To Clock          WNS(ns)      TNS(ns)  TNS Failing Endpoints  TNS Total Endpoints      WHS(ns)      THS(ns)  THS Failing Endpoints  THS Total Endpoints  
----------    --------          -------      -------  ---------------------  -------------------      -------      -------  ---------------------  -------------------  


------------------------------------------------------------------------------------------------
| Other Path Groups Table
| -----------------------
------------------------------------------------------------------------------------------------

Path Group    From Clock    To Clock          WNS(ns)      TNS(ns)  TNS Failing Endpoints  TNS Total Endpoints      WHS(ns)      THS(ns)  THS Failing Endpoints  THS Total Endpoints  
----------    ----------    --------          -------      -------  ---------------------  -------------------      -------      -------  ---------------------  -------------------  


------------------------------------------------------------------------------------------------
| User Ignored Path Table
| -----------------------
------------------------------------------------------------------------------------------------

Path Group    From Clock    To Clock    
----------    ----------    --------    
(none)                      aclk          


------------------------------------------------------------------------------------------------
| Unconstrained Path Table
| ------------------------
------------------------------------------------------------------------------------------------

Path Group    From Clock    To Clock    
----------    ----------    --------    
(none)        aclk                        
(none)                      aclk          


------------------------------------------------------------------------------------------------
| Timing Details
| --------------
------------------------------------------------------------------------------------------------


---------------------------------------------------------------------------------------------------
From Clock:  aclk
  To Clock:  aclk

Setup :            2  Failing Endpoints,  Worst Slack       -0.076ns,  Total Violation       -0.079ns
Hold  :            0  Failing Endpoints,  Worst Slack        0.096ns,  Total Violation        0.000ns
PW    :            0  Failing Endpoints,  Worst Slack        1.116ns,  Total Violation        0.000ns
---------------------------------------------------------------------------------------------------


Max Delay Paths
--------------------------------------------------------------------------------------
Slack (VIOLATED) :        -0.076ns  (required time - arrival time)
  Source:                 dbf_reference_bd_i/dbf_axis_0/inst/u_system/u_w_provider/wr_yr_s1_reg_i_10__2_psdsp_1/C
                            (rising edge-triggered cell FDRE clocked by aclk  {rise@0.000ns fall@2.500ns period=5.000ns})
  Destination:            dbf_reference_bd_i/dbf_axis_0/inst/u_system/u_datapath/u_core/gen_lane[3].u_lane/u_accum/u_mac/wr_yi_s1_reg/A[8]
                            (rising edge-triggered cell DSP48E1 clocked by aclk  {rise@0.000ns fall@2.500ns period=5.000ns})
  Path Group:             aclk
  Path Type:              Setup (Max at Slow Process Corner)
  Requirement:            5.000ns  (aclk rise@5.000ns - aclk rise@0.000ns)
  Data Path Delay:        1.270ns  (logic 0.456ns (35.904%)  route 0.814ns (64.096%))
  Logic Levels:           0  
  Clock Path Skew:        -0.049ns (DCD - SCD + CPR)
    Destination Clock Delay (DCD):    0.924ns = ( 5.924 - 5.000 ) 
    Source Clock Delay      (SCD):    0.973ns
    Clock Pessimism Removal (CPR):    0.000ns
  Clock Uncertainty:      0.035ns  ((TSJ^2 + TIJ^2)^1/2 + DJ) / 2 + PE
    Total System Jitter     (TSJ):    0.071ns
    Total Input Jitter      (TIJ):    0.000ns
    Discrete Jitter          (DJ):    0.000ns
    Phase Error              (PE):    0.000ns

    Location             Delay type                Incr(ns)  Path(ns)    Netlist Resource(s)
  -------------------------------------------------------------------    -------------------
                         (clock aclk rise edge)       0.000     0.000 r  
                                                      0.000     0.000 r  aclk (IN)
                         net (fo=5173, unset)         0.973     0.973    dbf_reference_bd_i/dbf_axis_0/inst/u_system/u_w_provider/aclk
    SLICE_X11Y27         FDRE                                         r  dbf_reference_bd_i/dbf_axis_0/inst/u_system/u_w_provider/wr_yr_s1_reg_i_10__2_psdsp_1/C
  -------------------------------------------------------------------    -------------------
    SLICE_X11Y27         FDRE (Prop_fdre_C_Q)         0.456     1.429 r  dbf_reference_bd_i/dbf_axis_0/inst/u_system/u_w_provider/wr_yr_s1_reg_i_10__2_psdsp_1/Q
                         net (fo=1, routed)           0.814     2.243    dbf_reference_bd_i/dbf_axis_0/inst/u_system/u_datapath/u_core/gen_lane[3].u_lane/u_accum/u_mac/wr_yr_s1_reg_i_10__2_psdsp_n_1_alias
    DSP48_X0Y13          DSP48E1                                      r  dbf_reference_bd_i/dbf_axis_0/inst/u_system/u_datapath/u_core/gen_lane[3].u_lane/u_accum/u_mac/wr_yi_s1_reg/A[8]
  -------------------------------------------------------------------    -------------------

                         (clock aclk rise edge)       5.000     5.000 r  
                                                      0.000     5.000 r  aclk (IN)
                         net (fo=5173, unset)         0.924     5.924    dbf_reference_bd_i/dbf_axis_0/inst/u_system/u_datapath/u_core/gen_lane[3].u_lane/u_accum/u_mac/aclk
    DSP48_X0Y13          DSP48E1                                      r  dbf_reference_bd_i/dbf_axis_0/inst/u_system/u_datapath/u_core/gen_lane[3].u_lane/u_accum/u_mac/wr_yi_s1_reg/CLK
                         clock pessimism              0.000     5.924    
                         clock uncertainty           -0.035     5.889    
    DSP48_X0Y13          DSP48E1 (Setup_dsp48e1_CLK_A[8])
                                                     -3.722     2.167    dbf_reference_bd_i/dbf_axis_0/inst/u_system/u_datapath/u_core/gen_lane[3].u_lane/u_accum/u_mac/wr_yi_s1_reg
  -------------------------------------------------------------------
                         required time                          2.167    
                         arrival time                          -2.243    
  -------------------------------------------------------------------
                         slack                                 -0.076    

Slack (VIOLATED) :        -0.003ns  (required time - arrival time)
  Source:                 dbf_reference_bd_i/dbf_axis_0/inst/u_system/u_w_provider/wr_yr_s1_reg_i_17__2_psdsp_1/C
                            (rising edge-triggered cell FDRE clocked by aclk  {rise@0.000ns fall@2.500ns period=5.000ns})
  Destination:            dbf_reference_bd_i/dbf_axis_0/inst/u_system/u_datapath/u_core/gen_lane[3].u_lane/u_accum/u_mac/wr_yi_s1_reg/A[1]
                            (rising edge-triggered cell DSP48E1 clocked by aclk  {rise@0.000ns fall@2.500ns period=5.000ns})
  Path Group:             aclk
  Path Type:              Setup (Max at Slow Process Corner)
  Requirement:            5.000ns  (aclk rise@5.000ns - aclk rise@0.000ns)
  Data Path Delay:        1.197ns  (logic 0.456ns (38.110%)  route 0.741ns (61.890%))
  Logic Levels:           0  
  Clock Path Skew:        -0.049ns (DCD - SCD + CPR)
    Destination Clock Delay (DCD):    0.924ns = ( 5.924 - 5.000 ) 
    Source Clock Delay      (SCD):    0.973ns
    Clock Pessimism Removal (CPR):    0.000ns
  Clock Uncertainty:      0.035ns  ((TSJ^2 + TIJ^2)^1/2 + DJ) / 2 + PE
    Total System Jitter     (TSJ):    0.071ns
    Total Input Jitter      (TIJ):    0.000ns
    Discrete Jitter          (DJ):    0.000ns
    Phase Error              (PE):    0.000ns

    Location             Delay type                Incr(ns)  Path(ns)    Netlist Resource(s)
  -------------------------------------------------------------------    -------------------
                         (clock aclk rise edge)       0.000     0.000 r  
                                                      0.000     0.000 r  aclk (IN)
                         net (fo=5173, unset)         0.973     0.973    dbf_reference_bd_i/dbf_axis_0/inst/u_system/u_w_provider/aclk
    SLICE_X19Y25         FDRE                                         r  dbf_reference_bd_i/dbf_axis_0/inst/u_system/u_w_provider/wr_yr_s1_reg_i_17__2_psdsp_1/C
  -------------------------------------------------------------------    -------------------
    SLICE_X19Y25         FDRE (Prop_fdre_C_Q)         0.456     1.429 r  dbf_reference_bd_i/dbf_axis_0/inst/u_system/u_w_provider/wr_yr_s1_reg_i_17__2_psdsp_1/Q
                         net (fo=1, routed)           0.741     2.170    dbf_reference_bd_i/dbf_axis_0/inst/u_system/u_datapath/u_core/gen_lane[3].u_lane/u_accum/u_mac/wr_yr_s1_reg_i_17__2_psdsp_n_1_alias
    DSP48_X0Y13          DSP48E1                                      r  dbf_reference_bd_i/dbf_axis_0/inst/u_system/u_datapath/u_core/gen_lane[3].u_lane/u_accum/u_mac/wr_yi_s1_reg/A[1]
  -------------------------------------------------------------------    -------------------

                         (clock aclk rise edge)       5.000     5.000 r  
                                                      0.000     5.000 r  aclk (IN)
                         net (fo=5173, unset)         0.924     5.924    dbf_reference_bd_i/dbf_axis_0/inst/u_system/u_datapath/u_core/gen_lane[3].u_lane/u_accum/u_mac/aclk
    DSP48_X0Y13          DSP48E1                                      r  dbf_reference_bd_i/dbf_axis_0/inst/u_system/u_datapath/u_core/gen_lane[3].u_lane/u_accum/u_mac/wr_yi_s1_reg/CLK
                         clock pessimism              0.000     5.924    
                         clock uncertainty           -0.035     5.889    
    DSP48_X0Y13          DSP48E1 (Setup_dsp48e1_CLK_A[1])
                                                     -3.722     2.167    dbf_reference_bd_i/dbf_axis_0/inst/u_system/u_datapath/u_core/gen_lane[3].u_lane/u_accum/u_mac/wr_yi_s1_reg
  -------------------------------------------------------------------
                         required time                          2.167    
                         arrival time                          -2.170    
  -------------------------------------------------------------------
                         slack                                 -0.003    

Slack (MET) :             0.000ns  (required time - arrival time)
  Source:                 dbf_reference_bd_i/dbf_axis_0/inst/u_system/u_w_provider/wr_yr_s1_reg_i_1__1_psdsp_1/C
                            (rising edge-triggered cell FDRE clocked by aclk  {rise@0.000ns fall@2.500ns period=5.000ns})
  Destination:            dbf_reference_bd_i/dbf_axis_0/inst/u_system/u_datapath/u_core/gen_lane[3].u_lane/u_accum/u_mac/wr_yi_s1_reg/A[25]
                            (rising edge-triggered cell DSP48E1 clocked by aclk  {rise@0.000ns fall@2.500ns period=5.000ns})
  Path Group:             aclk
  Path Type:              Setup (Max at Slow Process Corner)
  Requirement:            5.000ns  (aclk rise@5.000ns - aclk rise@0.000ns)
  Data Path Delay:        1.194ns  (logic 0.456ns (38.204%)  route 0.738ns (61.796%))
  Logic Levels:           0  
  Clock Path Skew:        -0.049ns (DCD - SCD + CPR)
    Destination Clock Delay (DCD):    0.924ns = ( 5.924 - 5.000 ) 
    Source Clock Delay      (SCD):    0.973ns
    Clock Pessimism Removal (CPR):    0.000ns
  Clock Uncertainty:      0.035ns  ((TSJ^2 + TIJ^2)^1/2 + DJ) / 2 + PE
    Total System Jitter     (TSJ):    0.071ns
    Total Input Jitter      (TIJ):    0.000ns
    Discrete Jitter          (DJ):    0.000ns
    Phase Error              (PE):    0.000ns

    Location             Delay type                Incr(ns)  Path(ns)    Netlist Resource(s)
  -------------------------------------------------------------------    -------------------
                         (clock aclk rise edge)       0.000     0.000 r  
                                                      0.000     0.000 r  aclk (IN)
                         net (fo=5173, unset)         0.973     0.973    dbf_reference_bd_i/dbf_axis_0/inst/u_system/u_w_provider/aclk
    SLICE_X11Y28         FDRE                                         r  dbf_reference_bd_i/dbf_axis_0/inst/u_system/u_w_provider/wr_yr_s1_reg_i_1__1_psdsp_1/C
  -------------------------------------------------------------------    -------------------
    SLICE_X11Y28         FDRE (Prop_fdre_C_Q)         0.456     1.429 r  dbf_reference_bd_i/dbf_axis_0/inst/u_system/u_w_provider/wr_yr_s1_reg_i_1__1_psdsp_1/Q
                         net (fo=13, routed)          0.738     2.167    dbf_reference_bd_i/dbf_axis_0/inst/u_system/u_datapath/u_core/gen_lane[3].u_lane/u_accum/u_mac/wr_yr_s1_reg_i_1__1_psdsp_n_1_alias
    DSP48_X0Y13          DSP48E1                                      r  dbf_reference_bd_i/dbf_axis_0/inst/u_system/u_datapath/u_core/gen_lane[3].u_lane/u_accum/u_mac/wr_yi_s1_reg/A[25]
  -------------------------------------------------------------------    -------------------

                         (clock aclk rise edge)       5.000     5.000 r  
                                                      0.000     5.000 r  aclk (IN)
                         net (fo=5173, unset)         0.924     5.924    dbf_reference_bd_i/dbf_axis_0/inst/u_system/u_datapath/u_core/gen_lane[3].u_lane/u_accum/u_mac/aclk
    DSP48_X0Y13          DSP48E1                                      r  dbf_reference_bd_i/dbf_axis_0/inst/u_system/u_datapath/u_core/gen_lane[3].u_lane/u_accum/u_mac/wr_yi_s1_reg/CLK
                         clock pessimism              0.000     5.924    
                         clock uncertainty           -0.035     5.889    
    DSP48_X0Y13          DSP48E1 (Setup_dsp48e1_CLK_A[25])
                                                     -3.722     2.167    dbf_reference_bd_i/dbf_axis_0/inst/u_system/u_datapath/u_core/gen_lane[3].u_lane/u_accum/u_mac/wr_yi_s1_reg
  -------------------------------------------------------------------
                         required time                          2.167    
                         arrival time                          -2.167    
  -------------------------------------------------------------------
                         slack                                  0.000    

Slack (MET) :             0.000ns  (required time - arrival time)
  Source:                 dbf_reference_bd_i/dbf_axis_0/inst/u_system/u_w_provider/wr_yr_s1_reg_i_1__1_psdsp_1/C
                            (rising edge-triggered cell FDRE clocked by aclk  {rise@0.000ns fall@2.500ns period=5.000ns})
  Destination:            dbf_reference_bd_i/dbf_axis_0/inst/u_system/u_datapath/u_core/gen_lane[3].u_lane/u_accum/u_mac/wr_yi_s1_reg/A[26]
                            (rising edge-triggered cell DSP48E1 clocked by aclk  {rise@0.000ns fall@2.500ns period=5.000ns})
  Path Group:             aclk
  Path Type:              Setup (Max at Slow Process Corner)
  Requirement:            5.000ns  (aclk rise@5.000ns - aclk rise@0.000ns)
  Data Path Delay:        1.194ns  (logic 0.456ns (38.204%)  route 0.738ns (61.796%))
  Logic Levels:           0  
  Clock Path Skew:        -0.049ns (DCD - SCD + CPR)
    Destination Clock Delay (DCD):    0.924ns = ( 5.924 - 5.000 ) 
    Source Clock Delay      (SCD):    0.973ns
    Clock Pessimism Removal (CPR):    0.000ns
  Clock Uncertainty:      0.035ns  ((TSJ^2 + TIJ^2)^1/2 + DJ) / 2 + PE
    Total System Jitter     (TSJ):    0.071ns
    Total Input Jitter      (TIJ):    0.000ns
    Discrete Jitter          (DJ):    0.000ns
    Phase Error              (PE):    0.000ns

    Location             Delay type                Incr(ns)  Path(ns)    Netlist Resource(s)
  -------------------------------------------------------------------    -------------------
                         (clock aclk rise edge)       0.000     0.000 r  
                                                      0.000     0.000 r  aclk (IN)
                         net (fo=5173, unset)         0.973     0.973    dbf_reference_bd_i/dbf_axis_0/inst/u_system/u_w_provider/aclk
    SLICE_X11Y28         FDRE                                         r  dbf_reference_bd_i/dbf_axis_0/inst/u_system/u_w_provider/wr_yr_s1_reg_i_1__1_psdsp_1/C
  -------------------------------------------------------------------    -------------------
    SLICE_X11Y28         FDRE (Prop_fdre_C_Q)         0.456     1.429 r  dbf_reference_bd_i/dbf_axis_0/inst/u_system/u_w_provider/wr_yr_s1_reg_i_1__1_psdsp_1/Q
                         net (fo=13, routed)          0.738     2.167    dbf_reference_bd_i/dbf_axis_0/inst/u_system/u_datapath/u_core/gen_lane[3].u_lane/u_accum/u_mac/wr_yr_s1_reg_i_1__1_psdsp_n_1_alias
    DSP48_X0Y13          DSP48E1                                      r  dbf_reference_bd_i/dbf_axis_0/inst/u_system/u_datapath/u_core/gen_lane[3].u_lane/u_accum/u_mac/wr_yi_s1_reg/A[26]
  -------------------------------------------------------------------    -------------------

                         (clock aclk rise edge)       5.000     5.000 r  
                                                      0.000     5.000 r  aclk (IN)
                         net (fo=5173, unset)         0.924     5.924    dbf_reference_bd_i/dbf_axis_0/inst/u_system/u_datapath/u_core/gen_lane[3].u_lane/u_accum/u_mac/aclk
    DSP48_X0Y13          DSP48E1                                      r  dbf_reference_bd_i/dbf_axis_0/inst/u_system/u_datapath/u_core/gen_lane[3].u_lane/u_accum/u_mac/wr_yi_s1_reg/CLK
                         clock pessimism              0.000     5.924    
                         clock uncertainty           -0.035     5.889    
    DSP48_X0Y13          DSP48E1 (Setup_dsp48e1_CLK_A[26])
                                                     -3.722     2.167    dbf_reference_bd_i/dbf_axis_0/inst/u_system/u_datapath/u_core/gen_lane[3].u_lane/u_accum/u_mac/wr_yi_s1_reg
  -------------------------------------------------------------------
                         required time                          2.167    
                         arrival time                          -2.167    
  -------------------------------------------------------------------
                         slack                                  0.000    

Slack (MET) :             0.000ns  (required time - arrival time)
  Source:                 dbf_reference_bd_i/dbf_axis_0/inst/u_system/u_w_provider/wr_yr_s1_reg_i_1__1_psdsp_1/C
                            (rising edge-triggered cell FDRE clocked by aclk  {rise@0.000ns fall@2.500ns period=5.000ns})
  Destination:            dbf_reference_bd_i/dbf_axis_0/inst/u_system/u_datapath/u_core/gen_lane[3].u_lane/u_accum/u_mac/wr_yi_s1_reg/A[27]
                            (rising edge-triggered cell DSP48E1 clocked by aclk  {rise@0.000ns fall@2.500ns period=5.000ns})
  Path Group:             aclk
  Path Type:              Setup (Max at Slow Process Corner)
  Requirement:            5.000ns  (aclk rise@5.000ns - aclk rise@0.000ns)
  Data Path Delay:        1.194ns  (logic 0.456ns (38.204%)  route 0.738ns (61.796%))
  Logic Levels:           0  
  Clock Path Skew:        -0.049ns (DCD - SCD + CPR)
    Destination Clock Delay (DCD):    0.924ns = ( 5.924 - 5.000 ) 
    Source Clock Delay      (SCD):    0.973ns
    Clock Pessimism Removal (CPR):    0.000ns
  Clock Uncertainty:      0.035ns  ((TSJ^2 + TIJ^2)^1/2 + DJ) / 2 + PE
    Total System Jitter     (TSJ):    0.071ns
    Total Input Jitter      (TIJ):    0.000ns
    Discrete Jitter          (DJ):    0.000ns
    Phase Error              (PE):    0.000ns

    Location             Delay type                Incr(ns)  Path(ns)    Netlist Resource(s)
  -------------------------------------------------------------------    -------------------
                         (clock aclk rise edge)       0.000     0.000 r  
                                                      0.000     0.000 r  aclk (IN)
                         net (fo=5173, unset)         0.973     0.973    dbf_reference_bd_i/dbf_axis_0/inst/u_system/u_w_provider/aclk
    SLICE_X11Y28         FDRE                                         r  dbf_reference_bd_i/dbf_axis_0/inst/u_system/u_w_provider/wr_yr_s1_reg_i_1__1_psdsp_1/C
  -------------------------------------------------------------------    -------------------
    SLICE_X11Y28         FDRE (Prop_fdre_C_Q)         0.456     1.429 r  dbf_reference_bd_i/dbf_axis_0/inst/u_system/u_w_provider/wr_yr_s1_reg_i_1__1_psdsp_1/Q
                         net (fo=13, routed)          0.738     2.167    dbf_reference_bd_i/dbf_axis_0/inst/u_system/u_datapath/u_core/gen_lane[3].u_lane/u_accum/u_mac/wr_yr_s1_reg_i_1__1_psdsp_n_1_alias
    DSP48_X0Y13          DSP48E1                                      r  dbf_reference_bd_i/dbf_axis_0/inst/u_system/u_datapath/u_core/gen_lane[3].u_lane/u_accum/u_mac/wr_yi_s1_reg/A[27]
  -------------------------------------------------------------------    -------------------

                         (clock aclk rise edge)       5.000     5.000 r  
                                                      0.000     5.000 r  aclk (IN)
                         net (fo=5173, unset)         0.924     5.924    dbf_reference_bd_i/dbf_axis_0/inst/u_system/u_datapath/u_core/gen_lane[3].u_lane/u_accum/u_mac/aclk
    DSP48_X0Y13          DSP48E1                                      r  dbf_reference_bd_i/dbf_axis_0/inst/u_system/u_datapath/u_core/gen_lane[3].u_lane/u_accum/u_mac/wr_yi_s1_reg/CLK
                         clock pessimism              0.000     5.924    
                         clock uncertainty           -0.035     5.889    
    DSP48_X0Y13          DSP48E1 (Setup_dsp48e1_CLK_A[27])
                                                     -3.722     2.167    dbf_reference_bd_i/dbf_axis_0/inst/u_system/u_datapath/u_core/gen_lane[3].u_lane/u_accum/u_mac/wr_yi_s1_reg
  -------------------------------------------------------------------
                         required time                          2.167    
                         arrival time                          -2.167    
  -------------------------------------------------------------------
                         slack                                  0.000    

Slack (MET) :             0.002ns  (required time - arrival time)
  Source:                 dbf_reference_bd_i/dbf_axis_0/inst/u_system/u_w_provider/wr_yr_s1_reg_i_1__1_psdsp_1/C
                            (rising edge-triggered cell FDRE clocked by aclk  {rise@0.000ns fall@2.500ns period=5.000ns})
  Destination:            dbf_reference_bd_i/dbf_axis_0/inst/u_system/u_datapath/u_core/gen_lane[3].u_lane/u_accum/u_mac/wr_yi_s1_reg/A[28]
                            (rising edge-triggered cell DSP48E1 clocked by aclk  {rise@0.000ns fall@2.500ns period=5.000ns})
  Path Group:             aclk
  Path Type:              Setup (Max at Slow Process Corner)
  Requirement:            5.000ns  (aclk rise@5.000ns - aclk rise@0.000ns)
  Data Path Delay:        1.192ns  (logic 0.456ns (38.265%)  route 0.736ns (61.735%))
  Logic Levels:           0  
  Clock Path Skew:        -0.049ns (DCD - SCD + CPR)
    Destination Clock Delay (DCD):    0.924ns = ( 5.924 - 5.000 ) 
    Source Clock Delay      (SCD):    0.973ns
    Clock Pessimism Removal (CPR):    0.000ns
  Clock Uncertainty:      0.035ns  ((TSJ^2 + TIJ^2)^1/2 + DJ) / 2 + PE
    Total System Jitter     (TSJ):    0.071ns
    Total Input Jitter      (TIJ):    0.000ns
    Discrete Jitter          (DJ):    0.000ns
    Phase Error              (PE):    0.000ns

    Location             Delay type                Incr(ns)  Path(ns)    Netlist Resource(s)
  -------------------------------------------------------------------    -------------------
                         (clock aclk rise edge)       0.000     0.000 r  
                                                      0.000     0.000 r  aclk (IN)
                         net (fo=5173, unset)         0.973     0.973    dbf_reference_bd_i/dbf_axis_0/inst/u_system/u_w_provider/aclk
    SLICE_X11Y28         FDRE                                         r  dbf_reference_bd_i/dbf_axis_0/inst/u_system/u_w_provider/wr_yr_s1_reg_i_1__1_psdsp_1/C
  -------------------------------------------------------------------    -------------------
    SLICE_X11Y28         FDRE (Prop_fdre_C_Q)         0.456     1.429 r  dbf_reference_bd_i/dbf_axis_0/inst/u_system/u_w_provider/wr_yr_s1_reg_i_1__1_psdsp_1/Q
                         net (fo=13, routed)          0.736     2.165    dbf_reference_bd_i/dbf_axis_0/inst/u_system/u_datapath/u_core/gen_lane[3].u_lane/u_accum/u_mac/wr_yr_s1_reg_i_1__1_psdsp_n_1_alias
    DSP48_X0Y13          DSP48E1                                      r  dbf_reference_bd_i/dbf_axis_0/inst/u_system/u_datapath/u_core/gen_lane[3].u_lane/u_accum/u_mac/wr_yi_s1_reg/A[28]
  -------------------------------------------------------------------    -------------------

                         (clock aclk rise edge)       5.000     5.000 r  
                                                      0.000     5.000 r  aclk (IN)
                         net (fo=5173, unset)         0.924     5.924    dbf_reference_bd_i/dbf_axis_0/inst/u_system/u_datapath/u_core/gen_lane[3].u_lane/u_accum/u_mac/aclk
    DSP48_X0Y13          DSP48E1                                      r  dbf_reference_bd_i/dbf_axis_0/inst/u_system/u_datapath/u_core/gen_lane[3].u_lane/u_accum/u_mac/wr_yi_s1_reg/CLK
                         clock pessimism              0.000     5.924    
                         clock uncertainty           -0.035     5.889    
    DSP48_X0Y13          DSP48E1 (Setup_dsp48e1_CLK_A[28])
                                                     -3.722     2.167    dbf_reference_bd_i/dbf_axis_0/inst/u_system/u_datapath/u_core/gen_lane[3].u_lane/u_accum/u_mac/wr_yi_s1_reg
  -------------------------------------------------------------------
                         required time                          2.167    
                         arrival time                          -2.165    
  -------------------------------------------------------------------
                         slack                                  0.002    

Slack (MET) :             0.008ns  (required time - arrival time)
  Source:                 dbf_reference_bd_i/dbf_axis_0/inst/u_system/u_w_provider/wr_yr_s1_reg_i_18__2_psdsp/C
                            (rising edge-triggered cell FDRE clocked by aclk  {rise@0.000ns fall@2.500ns period=5.000ns})
  Destination:            dbf_reference_bd_i/dbf_axis_0/inst/u_system/u_datapath/u_core/gen_lane[3].u_lane/u_accum/u_mac/wr_yr_s1_reg/A[0]
                            (rising edge-triggered cell DSP48E1 clocked by aclk  {rise@0.000ns fall@2.500ns period=5.000ns})
  Path Group:             aclk
  Path Type:              Setup (Max at Slow Process Corner)
  Requirement:            5.000ns  (aclk rise@5.000ns - aclk rise@0.000ns)
  Data Path Delay:        1.186ns  (logic 0.456ns (38.450%)  route 0.730ns (61.550%))
  Logic Levels:           0  
  Clock Path Skew:        -0.049ns (DCD - SCD + CPR)
    Destination Clock Delay (DCD):    0.924ns = ( 5.924 - 5.000 ) 
    Source Clock Delay      (SCD):    0.973ns
    Clock Pessimism Removal (CPR):    0.000ns
  Clock Uncertainty:      0.035ns  ((TSJ^2 + TIJ^2)^1/2 + DJ) / 2 + PE
    Total System Jitter     (TSJ):    0.071ns
    Total Input Jitter      (TIJ):    0.000ns
    Discrete Jitter          (DJ):    0.000ns
    Phase Error              (PE):    0.000ns

    Location             Delay type                Incr(ns)  Path(ns)    Netlist Resource(s)
  -------------------------------------------------------------------    -------------------
                         (clock aclk rise edge)       0.000     0.000 r  
                                                      0.000     0.000 r  aclk (IN)
                         net (fo=5173, unset)         0.973     0.973    dbf_reference_bd_i/dbf_axis_0/inst/u_system/u_w_provider/aclk
    SLICE_X43Y18         FDRE                                         r  dbf_reference_bd_i/dbf_axis_0/inst/u_system/u_w_provider/wr_yr_s1_reg_i_18__2_psdsp/C
  -------------------------------------------------------------------    -------------------
    SLICE_X43Y18         FDRE (Prop_fdre_C_Q)         0.456     1.429 r  dbf_reference_bd_i/dbf_axis_0/inst/u_system/u_w_provider/wr_yr_s1_reg_i_18__2_psdsp/Q
                         net (fo=1, routed)           0.730     2.159    dbf_reference_bd_i/dbf_axis_0/inst/u_system/u_datapath/u_core/gen_lane[3].u_lane/u_accum/u_mac/wr_yr_s1_reg_i_18__2_psdsp_n_alias
    DSP48_X2Y7           DSP48E1                                      r  dbf_reference_bd_i/dbf_axis_0/inst/u_system/u_datapath/u_core/gen_lane[3].u_lane/u_accum/u_mac/wr_yr_s1_reg/A[0]
  -------------------------------------------------------------------    -------------------

                         (clock aclk rise edge)       5.000     5.000 r  
                                                      0.000     5.000 r  aclk (IN)
                         net (fo=5173, unset)         0.924     5.924    dbf_reference_bd_i/dbf_axis_0/inst/u_system/u_datapath/u_core/gen_lane[3].u_lane/u_accum/u_mac/aclk
    DSP48_X2Y7           DSP48E1                                      r  dbf_reference_bd_i/dbf_axis_0/inst/u_system/u_datapath/u_core/gen_lane[3].u_lane/u_accum/u_mac/wr_yr_s1_reg/CLK
                         clock pessimism              0.000     5.924    
                         clock uncertainty           -0.035     5.889    
    DSP48_X2Y7           DSP48E1 (Setup_dsp48e1_CLK_A[0])
                                                     -3.722     2.167    dbf_reference_bd_i/dbf_axis_0/inst/u_system/u_datapath/u_core/gen_lane[3].u_lane/u_accum/u_mac/wr_yr_s1_reg
  -------------------------------------------------------------------
                         required time                          2.167    
                         arrival time                          -2.159    
  -------------------------------------------------------------------
                         slack                                  0.008    

Slack (MET) :             0.009ns  (required time - arrival time)
  Source:                 dbf_reference_bd_i/dbf_axis_0/inst/u_system/u_w_provider/wr_yr_s1_reg_i_1__1_psdsp/C
                            (rising edge-triggered cell FDRE clocked by aclk  {rise@0.000ns fall@2.500ns period=5.000ns})
  Destination:            dbf_reference_bd_i/dbf_axis_0/inst/u_system/u_datapath/u_core/gen_lane[3].u_lane/u_accum/u_mac/wr_yr_s1_reg/A[20]
                            (rising edge-triggered cell DSP48E1 clocked by aclk  {rise@0.000ns fall@2.500ns period=5.000ns})
  Path Group:             aclk
  Path Type:              Setup (Max at Slow Process Corner)
  Requirement:            5.000ns  (aclk rise@5.000ns - aclk rise@0.000ns)
  Data Path Delay:        1.185ns  (logic 0.456ns (38.466%)  route 0.729ns (61.534%))
  Logic Levels:           0  
  Clock Path Skew:        -0.049ns (DCD - SCD + CPR)
    Destination Clock Delay (DCD):    0.924ns = ( 5.924 - 5.000 ) 
    Source Clock Delay      (SCD):    0.973ns
    Clock Pessimism Removal (CPR):    0.000ns
  Clock Uncertainty:      0.035ns  ((TSJ^2 + TIJ^2)^1/2 + DJ) / 2 + PE
    Total System Jitter     (TSJ):    0.071ns
    Total Input Jitter      (TIJ):    0.000ns
    Discrete Jitter          (DJ):    0.000ns
    Phase Error              (PE):    0.000ns

    Location             Delay type                Incr(ns)  Path(ns)    Netlist Resource(s)
  -------------------------------------------------------------------    -------------------
                         (clock aclk rise edge)       0.000     0.000 r  
                                                      0.000     0.000 r  aclk (IN)
                         net (fo=5173, unset)         0.973     0.973    dbf_reference_bd_i/dbf_axis_0/inst/u_system/u_w_provider/aclk
    SLICE_X35Y18         FDRE                                         r  dbf_reference_bd_i/dbf_axis_0/inst/u_system/u_w_provider/wr_yr_s1_reg_i_1__1_psdsp/C
  -------------------------------------------------------------------    -------------------
    SLICE_X35Y18         FDRE (Prop_fdre_C_Q)         0.456     1.429 r  dbf_reference_bd_i/dbf_axis_0/inst/u_system/u_w_provider/wr_yr_s1_reg_i_1__1_psdsp/Q
                         net (fo=13, routed)          0.729     2.158    dbf_reference_bd_i/dbf_axis_0/inst/u_system/u_datapath/u_core/gen_lane[3].u_lane/u_accum/u_mac/wr_yr_s1_reg_i_1__1_psdsp_n_alias
    DSP48_X2Y7           DSP48E1                                      r  dbf_reference_bd_i/dbf_axis_0/inst/u_system/u_datapath/u_core/gen_lane[3].u_lane/u_accum/u_mac/wr_yr_s1_reg/A[20]
  -------------------------------------------------------------------    -------------------

                         (clock aclk rise edge)       5.000     5.000 r  
                                                      0.000     5.000 r  aclk (IN)
                         net (fo=5173, unset)         0.924     5.924    dbf_reference_bd_i/dbf_axis_0/inst/u_system/u_datapath/u_core/gen_lane[3].u_lane/u_accum/u_mac/aclk
    DSP48_X2Y7           DSP48E1                                      r  dbf_reference_bd_i/dbf_axis_0/inst/u_system/u_datapath/u_core/gen_lane[3].u_lane/u_accum/u_mac/wr_yr_s1_reg/CLK
                         clock pessimism              0.000     5.924    
                         clock uncertainty           -0.035     5.889    
    DSP48_X2Y7           DSP48E1 (Setup_dsp48e1_CLK_A[20])
                                                     -3.722     2.167    dbf_reference_bd_i/dbf_axis_0/inst/u_system/u_datapath/u_core/gen_lane[3].u_lane/u_accum/u_mac/wr_yr_s1_reg
  -------------------------------------------------------------------
                         required time                          2.167    
                         arrival time                          -2.158    
  -------------------------------------------------------------------
                         slack                                  0.009    

Slack (MET) :             0.009ns  (required time - arrival time)
  Source:                 dbf_reference_bd_i/dbf_axis_0/inst/u_system/u_w_provider/wr_yr_s1_reg_i_1__1_psdsp/C
                            (rising edge-triggered cell FDRE clocked by aclk  {rise@0.000ns fall@2.500ns period=5.000ns})
  Destination:            dbf_reference_bd_i/dbf_axis_0/inst/u_system/u_datapath/u_core/gen_lane[3].u_lane/u_accum/u_mac/wr_yr_s1_reg/A[21]
                            (rising edge-triggered cell DSP48E1 clocked by aclk  {rise@0.000ns fall@2.500ns period=5.000ns})
  Path Group:             aclk
  Path Type:              Setup (Max at Slow Process Corner)
  Requirement:            5.000ns  (aclk rise@5.000ns - aclk rise@0.000ns)
  Data Path Delay:        1.185ns  (logic 0.456ns (38.466%)  route 0.729ns (61.534%))
  Logic Levels:           0  
  Clock Path Skew:        -0.049ns (DCD - SCD + CPR)
    Destination Clock Delay (DCD):    0.924ns = ( 5.924 - 5.000 ) 
    Source Clock Delay      (SCD):    0.973ns
    Clock Pessimism Removal (CPR):    0.000ns
  Clock Uncertainty:      0.035ns  ((TSJ^2 + TIJ^2)^1/2 + DJ) / 2 + PE
    Total System Jitter     (TSJ):    0.071ns
    Total Input Jitter      (TIJ):    0.000ns
    Discrete Jitter          (DJ):    0.000ns
    Phase Error              (PE):    0.000ns

    Location             Delay type                Incr(ns)  Path(ns)    Netlist Resource(s)
  -------------------------------------------------------------------    -------------------
                         (clock aclk rise edge)       0.000     0.000 r  
                                                      0.000     0.000 r  aclk (IN)
                         net (fo=5173, unset)         0.973     0.973    dbf_reference_bd_i/dbf_axis_0/inst/u_system/u_w_provider/aclk
    SLICE_X35Y18         FDRE                                         r  dbf_reference_bd_i/dbf_axis_0/inst/u_system/u_w_provider/wr_yr_s1_reg_i_1__1_psdsp/C
  -------------------------------------------------------------------    -------------------
    SLICE_X35Y18         FDRE (Prop_fdre_C_Q)         0.456     1.429 r  dbf_reference_bd_i/dbf_axis_0/inst/u_system/u_w_provider/wr_yr_s1_reg_i_1__1_psdsp/Q
                         net (fo=13, routed)          0.729     2.158    dbf_reference_bd_i/dbf_axis_0/inst/u_system/u_datapath/u_core/gen_lane[3].u_lane/u_accum/u_mac/wr_yr_s1_reg_i_1__1_psdsp_n_alias
    DSP48_X2Y7           DSP48E1                                      r  dbf_reference_bd_i/dbf_axis_0/inst/u_system/u_datapath/u_core/gen_lane[3].u_lane/u_accum/u_mac/wr_yr_s1_reg/A[21]
  -------------------------------------------------------------------    -------------------

                         (clock aclk rise edge)       5.000     5.000 r  
                                                      0.000     5.000 r  aclk (IN)
                         net (fo=5173, unset)         0.924     5.924    dbf_reference_bd_i/dbf_axis_0/inst/u_system/u_datapath/u_core/gen_lane[3].u_lane/u_accum/u_mac/aclk
    DSP48_X2Y7           DSP48E1                                      r  dbf_reference_bd_i/dbf_axis_0/inst/u_system/u_datapath/u_core/gen_lane[3].u_lane/u_accum/u_mac/wr_yr_s1_reg/CLK
                         clock pessimism              0.000     5.924    
                         clock uncertainty           -0.035     5.889    
    DSP48_X2Y7           DSP48E1 (Setup_dsp48e1_CLK_A[21])
                                                     -3.722     2.167    dbf_reference_bd_i/dbf_axis_0/inst/u_system/u_datapath/u_core/gen_lane[3].u_lane/u_accum/u_mac/wr_yr_s1_reg
  -------------------------------------------------------------------
                         required time                          2.167    
                         arrival time                          -2.158    
  -------------------------------------------------------------------
                         slack                                  0.009    

Slack (MET) :             0.009ns  (required time - arrival time)
  Source:                 dbf_reference_bd_i/dbf_axis_0/inst/u_system/u_w_provider/wr_yr_s1_reg_i_1__1_psdsp/C
                            (rising edge-triggered cell FDRE clocked by aclk  {rise@0.000ns fall@2.500ns period=5.000ns})
  Destination:            dbf_reference_bd_i/dbf_axis_0/inst/u_system/u_datapath/u_core/gen_lane[3].u_lane/u_accum/u_mac/wr_yr_s1_reg/A[22]
                            (rising edge-triggered cell DSP48E1 clocked by aclk  {rise@0.000ns fall@2.500ns period=5.000ns})
  Path Group:             aclk
  Path Type:              Setup (Max at Slow Process Corner)
  Requirement:            5.000ns  (aclk rise@5.000ns - aclk rise@0.000ns)
  Data Path Delay:        1.185ns  (logic 0.456ns (38.466%)  route 0.729ns (61.534%))
  Logic Levels:           0  
  Clock Path Skew:        -0.049ns (DCD - SCD + CPR)
    Destination Clock Delay (DCD):    0.924ns = ( 5.924 - 5.000 ) 
    Source Clock Delay      (SCD):    0.973ns
    Clock Pessimism Removal (CPR):    0.000ns
  Clock Uncertainty:      0.035ns  ((TSJ^2 + TIJ^2)^1/2 + DJ) / 2 + PE
    Total System Jitter     (TSJ):    0.071ns
    Total Input Jitter      (TIJ):    0.000ns
    Discrete Jitter          (DJ):    0.000ns
    Phase Error              (PE):    0.000ns

    Location             Delay type                Incr(ns)  Path(ns)    Netlist Resource(s)
  -------------------------------------------------------------------    -------------------
                         (clock aclk rise edge)       0.000     0.000 r  
                                                      0.000     0.000 r  aclk (IN)
                         net (fo=5173, unset)         0.973     0.973    dbf_reference_bd_i/dbf_axis_0/inst/u_system/u_w_provider/aclk
    SLICE_X35Y18         FDRE                                         r  dbf_reference_bd_i/dbf_axis_0/inst/u_system/u_w_provider/wr_yr_s1_reg_i_1__1_psdsp/C
  -------------------------------------------------------------------    -------------------
    SLICE_X35Y18         FDRE (Prop_fdre_C_Q)         0.456     1.429 r  dbf_reference_bd_i/dbf_axis_0/inst/u_system/u_w_provider/wr_yr_s1_reg_i_1__1_psdsp/Q
                         net (fo=13, routed)          0.729     2.158    dbf_reference_bd_i/dbf_axis_0/inst/u_system/u_datapath/u_core/gen_lane[3].u_lane/u_accum/u_mac/wr_yr_s1_reg_i_1__1_psdsp_n_alias
    DSP48_X2Y7           DSP48E1                                      r  dbf_reference_bd_i/dbf_axis_0/inst/u_system/u_datapath/u_core/gen_lane[3].u_lane/u_accum/u_mac/wr_yr_s1_reg/A[22]
  -------------------------------------------------------------------    -------------------

                         (clock aclk rise edge)       5.000     5.000 r  
                                                      0.000     5.000 r  aclk (IN)
                         net (fo=5173, unset)         0.924     5.924    dbf_reference_bd_i/dbf_axis_0/inst/u_system/u_datapath/u_core/gen_lane[3].u_lane/u_accum/u_mac/aclk
    DSP48_X2Y7           DSP48E1                                      r  dbf_reference_bd_i/dbf_axis_0/inst/u_system/u_datapath/u_core/gen_lane[3].u_lane/u_accum/u_mac/wr_yr_s1_reg/CLK
                         clock pessimism              0.000     5.924    
                         clock uncertainty           -0.035     5.889    
    DSP48_X2Y7           DSP48E1 (Setup_dsp48e1_CLK_A[22])
                                                     -3.722     2.167    dbf_reference_bd_i/dbf_axis_0/inst/u_system/u_datapath/u_core/gen_lane[3].u_lane/u_accum/u_mac/wr_yr_s1_reg
  -------------------------------------------------------------------
                         required time                          2.167    
                         arrival time                          -2.158    
  -------------------------------------------------------------------
                         slack                                  0.009    

Slack (MET) :             0.009ns  (required time - arrival time)
  Source:                 dbf_reference_bd_i/dbf_axis_0/inst/u_system/u_w_provider/wr_yr_s1_reg_i_1__1_psdsp/C
                            (rising edge-triggered cell FDRE clocked by aclk  {rise@0.000ns fall@2.500ns period=5.000ns})
  Destination:            dbf_reference_bd_i/dbf_axis_0/inst/u_system/u_datapath/u_core/gen_lane[3].u_lane/u_accum/u_mac/wr_yr_s1_reg/A[24]
                            (rising edge-triggered cell DSP48E1 clocked by aclk  {rise@0.000ns fall@2.500ns period=5.000ns})
  Path Group:             aclk
  Path Type:              Setup (Max at Slow Process Corner)
  Requirement:            5.000ns  (aclk rise@5.000ns - aclk rise@0.000ns)
  Data Path Delay:        1.185ns  (logic 0.456ns (38.483%)  route 0.729ns (61.517%))
  Logic Levels:           0  
  Clock Path Skew:        -0.049ns (DCD - SCD + CPR)
    Destination Clock Delay (DCD):    0.924ns = ( 5.924 - 5.000 ) 
    Source Clock Delay      (SCD):    0.973ns
    Clock Pessimism Removal (CPR):    0.000ns
  Clock Uncertainty:      0.035ns  ((TSJ^2 + TIJ^2)^1/2 + DJ) / 2 + PE
    Total System Jitter     (TSJ):    0.071ns
    Total Input Jitter      (TIJ):    0.000ns
    Discrete Jitter          (DJ):    0.000ns
    Phase Error              (PE):    0.000ns

    Location             Delay type                Incr(ns)  Path(ns)    Netlist Resource(s)
  -------------------------------------------------------------------    -------------------
                         (clock aclk rise edge)       0.000     0.000 r  
                                                      0.000     0.000 r  aclk (IN)
                         net (fo=5173, unset)         0.973     0.973    dbf_reference_bd_i/dbf_axis_0/inst/u_system/u_w_provider/aclk
    SLICE_X35Y18         FDRE                                         r  dbf_reference_bd_i/dbf_axis_0/inst/u_system/u_w_provider/wr_yr_s1_reg_i_1__1_psdsp/C
  -------------------------------------------------------------------    -------------------
    SLICE_X35Y18         FDRE (Prop_fdre_C_Q)         0.456     1.429 r  dbf_reference_bd_i/dbf_axis_0/inst/u_system/u_w_provider/wr_yr_s1_reg_i_1__1_psdsp/Q
                         net (fo=13, routed)          0.729     2.158    dbf_reference_bd_i/dbf_axis_0/inst/u_system/u_datapath/u_core/gen_lane[3].u_lane/u_accum/u_mac/wr_yr_s1_reg_i_1__1_psdsp_n_alias
    DSP48_X2Y7           DSP48E1                                      r  dbf_reference_bd_i/dbf_axis_0/inst/u_system/u_datapath/u_core/gen_lane[3].u_lane/u_accum/u_mac/wr_yr_s1_reg/A[24]
  -------------------------------------------------------------------    -------------------

                         (clock aclk rise edge)       5.000     5.000 r  
                                                      0.000     5.000 r  aclk (IN)
                         net (fo=5173, unset)         0.924     5.924    dbf_reference_bd_i/dbf_axis_0/inst/u_system/u_datapath/u_core/gen_lane[3].u_lane/u_accum/u_mac/aclk
    DSP48_X2Y7           DSP48E1                                      r  dbf_reference_bd_i/dbf_axis_0/inst/u_system/u_datapath/u_core/gen_lane[3].u_lane/u_accum/u_mac/wr_yr_s1_reg/CLK
                         clock pessimism              0.000     5.924    
                         clock uncertainty           -0.035     5.889    
    DSP48_X2Y7           DSP48E1 (Setup_dsp48e1_CLK_A[24])
                                                     -3.722     2.167    dbf_reference_bd_i/dbf_axis_0/inst/u_system/u_datapath/u_core/gen_lane[3].u_lane/u_accum/u_mac/wr_yr_s1_reg
  -------------------------------------------------------------------
                         required time                          2.167    
                         arrival time                          -2.158    
  -------------------------------------------------------------------
                         slack                                  0.009    

Slack (MET) :             0.009ns  (required time - arrival time)
  Source:                 dbf_reference_bd_i/dbf_axis_0/inst/u_system/u_w_provider/wr_yr_s1_reg_i_1__1_psdsp/C
                            (rising edge-triggered cell FDRE clocked by aclk  {rise@0.000ns fall@2.500ns period=5.000ns})
  Destination:            dbf_reference_bd_i/dbf_axis_0/inst/u_system/u_datapath/u_core/gen_lane[3].u_lane/u_accum/u_mac/wr_yr_s1_reg/A[25]
                            (rising edge-triggered cell DSP48E1 clocked by aclk  {rise@0.000ns fall@2.500ns period=5.000ns})
  Path Group:             aclk
  Path Type:              Setup (Max at Slow Process Corner)
  Requirement:            5.000ns  (aclk rise@5.000ns - aclk rise@0.000ns)
  Data Path Delay:        1.185ns  (logic 0.456ns (38.483%)  route 0.729ns (61.517%))
  Logic Levels:           0  
  Clock Path Skew:        -0.049ns (DCD - SCD + CPR)
    Destination Clock Delay (DCD):    0.924ns = ( 5.924 - 5.000 ) 
    Source Clock Delay      (SCD):    0.973ns
    Clock Pessimism Removal (CPR):    0.000ns
  Clock Uncertainty:      0.035ns  ((TSJ^2 + TIJ^2)^1/2 + DJ) / 2 + PE
    Total System Jitter     (TSJ):    0.071ns
    Total Input Jitter      (TIJ):    0.000ns
    Discrete Jitter          (DJ):    0.000ns
    Phase Error              (PE):    0.000ns

    Location             Delay type                Incr(ns)  Path(ns)    Netlist Resource(s)
  -------------------------------------------------------------------    -------------------
                         (clock aclk rise edge)       0.000     0.000 r  
                                                      0.000     0.000 r  aclk (IN)
                         net (fo=5173, unset)         0.973     0.973    dbf_reference_bd_i/dbf_axis_0/inst/u_system/u_w_provider/aclk
    SLICE_X35Y18         FDRE                                         r  dbf_reference_bd_i/dbf_axis_0/inst/u_system/u_w_provider/wr_yr_s1_reg_i_1__1_psdsp/C
  -------------------------------------------------------------------    -------------------
    SLICE_X35Y18         FDRE (Prop_fdre_C_Q)         0.456     1.429 r  dbf_reference_bd_i/dbf_axis_0/inst/u_system/u_w_provider/wr_yr_s1_reg_i_1__1_psdsp/Q
                         net (fo=13, routed)          0.729     2.158    dbf_reference_bd_i/dbf_axis_0/inst/u_system/u_datapath/u_core/gen_lane[3].u_lane/u_accum/u_mac/wr_yr_s1_reg_i_1__1_psdsp_n_alias
    DSP48_X2Y7           DSP48E1                                      r  dbf_reference_bd_i/dbf_axis_0/inst/u_system/u_datapath/u_core/gen_lane[3].u_lane/u_accum/u_mac/wr_yr_s1_reg/A[25]
  -------------------------------------------------------------------    -------------------

                         (clock aclk rise edge)       5.000     5.000 r  
                                                      0.000     5.000 r  aclk (IN)
                         net (fo=5173, unset)         0.924     5.924    dbf_reference_bd_i/dbf_axis_0/inst/u_system/u_datapath/u_core/gen_lane[3].u_lane/u_accum/u_mac/aclk
    DSP48_X2Y7           DSP48E1                                      r  dbf_reference_bd_i/dbf_axis_0/inst/u_system/u_datapath/u_core/gen_lane[3].u_lane/u_accum/u_mac/wr_yr_s1_reg/CLK
                         clock pessimism              0.000     5.924    
                         clock uncertainty           -0.035     5.889    
    DSP48_X2Y7           DSP48E1 (Setup_dsp48e1_CLK_A[25])
                                                     -3.722     2.167    dbf_reference_bd_i/dbf_axis_0/inst/u_system/u_datapath/u_core/gen_lane[3].u_lane/u_accum/u_mac/wr_yr_s1_reg
  -------------------------------------------------------------------
                         required time                          2.167    
                         arrival time                          -2.158    
  -------------------------------------------------------------------
                         slack                                  0.009    

Slack (MET) :             0.009ns  (required time - arrival time)
  Source:                 dbf_reference_bd_i/dbf_axis_0/inst/u_system/u_w_provider/wr_yr_s1_reg_i_1__1_psdsp/C
                            (rising edge-triggered cell FDRE clocked by aclk  {rise@0.000ns fall@2.500ns period=5.000ns})
  Destination:            dbf_reference_bd_i/dbf_axis_0/inst/u_system/u_datapath/u_core/gen_lane[3].u_lane/u_accum/u_mac/wr_yr_s1_reg/A[26]
                            (rising edge-triggered cell DSP48E1 clocked by aclk  {rise@0.000ns fall@2.500ns period=5.000ns})
  Path Group:             aclk
  Path Type:              Setup (Max at Slow Process Corner)
  Requirement:            5.000ns  (aclk rise@5.000ns - aclk rise@0.000ns)
  Data Path Delay:        1.185ns  (logic 0.456ns (38.483%)  route 0.729ns (61.517%))
  Logic Levels:           0  
  Clock Path Skew:        -0.049ns (DCD - SCD + CPR)
    Destination Clock Delay (DCD):    0.924ns = ( 5.924 - 5.000 ) 
    Source Clock Delay      (SCD):    0.973ns
    Clock Pessimism Removal (CPR):    0.000ns
  Clock Uncertainty:      0.035ns  ((TSJ^2 + TIJ^2)^1/2 + DJ) / 2 + PE
    Total System Jitter     (TSJ):    0.071ns
    Total Input Jitter      (TIJ):    0.000ns
    Discrete Jitter          (DJ):    0.000ns
    Phase Error              (PE):    0.000ns

    Location             Delay type                Incr(ns)  Path(ns)    Netlist Resource(s)
  -------------------------------------------------------------------    -------------------
                         (clock aclk rise edge)       0.000     0.000 r  
                                                      0.000     0.000 r  aclk (IN)
                         net (fo=5173, unset)         0.973     0.973    dbf_reference_bd_i/dbf_axis_0/inst/u_system/u_w_provider/aclk
    SLICE_X35Y18         FDRE                                         r  dbf_reference_bd_i/dbf_axis_0/inst/u_system/u_w_provider/wr_yr_s1_reg_i_1__1_psdsp/C
  -------------------------------------------------------------------    -------------------
    SLICE_X35Y18         FDRE (Prop_fdre_C_Q)         0.456     1.429 r  dbf_reference_bd_i/dbf_axis_0/inst/u_system/u_w_provider/wr_yr_s1_reg_i_1__1_psdsp/Q
                         net (fo=13, routed)          0.729     2.158    dbf_reference_bd_i/dbf_axis_0/inst/u_system/u_datapath/u_core/gen_lane[3].u_lane/u_accum/u_mac/wr_yr_s1_reg_i_1__1_psdsp_n_alias
    DSP48_X2Y7           DSP48E1                                      r  dbf_reference_bd_i/dbf_axis_0/inst/u_system/u_datapath/u_core/gen_lane[3].u_lane/u_accum/u_mac/wr_yr_s1_reg/A[26]
  -------------------------------------------------------------------    -------------------

                         (clock aclk rise edge)       5.000     5.000 r  
                                                      0.000     5.000 r  aclk (IN)
                         net (fo=5173, unset)         0.924     5.924    dbf_reference_bd_i/dbf_axis_0/inst/u_system/u_datapath/u_core/gen_lane[3].u_lane/u_accum/u_mac/aclk
    DSP48_X2Y7           DSP48E1                                      r  dbf_reference_bd_i/dbf_axis_0/inst/u_system/u_datapath/u_core/gen_lane[3].u_lane/u_accum/u_mac/wr_yr_s1_reg/CLK
                         clock pessimism              0.000     5.924    
                         clock uncertainty           -0.035     5.889    
    DSP48_X2Y7           DSP48E1 (Setup_dsp48e1_CLK_A[26])
                                                     -3.722     2.167    dbf_reference_bd_i/dbf_axis_0/inst/u_system/u_datapath/u_core/gen_lane[3].u_lane/u_accum/u_mac/wr_yr_s1_reg
  -------------------------------------------------------------------
                         required time                          2.167    
                         arrival time                          -2.158    
  -------------------------------------------------------------------
                         slack                                  0.009    

Slack (MET) :             0.012ns  (required time - arrival time)
  Source:                 dbf_reference_bd_i/dbf_axis_0/inst/u_system/u_w_provider/wr_yr_s1_reg_i_2_psdsp/C
                            (rising edge-triggered cell FDRE clocked by aclk  {rise@0.000ns fall@2.500ns period=5.000ns})
  Destination:            dbf_reference_bd_i/dbf_axis_0/inst/u_system/u_datapath/u_core/gen_lane[0].u_lane/u_accum/u_mac/wr_yi_s1_reg/A[20]
                            (rising edge-triggered cell DSP48E1 clocked by aclk  {rise@0.000ns fall@2.500ns period=5.000ns})
  Path Group:             aclk
  Path Type:              Setup (Max at Slow Process Corner)
  Requirement:            5.000ns  (aclk rise@5.000ns - aclk rise@0.000ns)
  Data Path Delay:        1.182ns  (logic 0.456ns (38.573%)  route 0.726ns (61.427%))
  Logic Levels:           0  
  Clock Path Skew:        -0.049ns (DCD - SCD + CPR)
    Destination Clock Delay (DCD):    0.924ns = ( 5.924 - 5.000 ) 
    Source Clock Delay      (SCD):    0.973ns
    Clock Pessimism Removal (CPR):    0.000ns
  Clock Uncertainty:      0.035ns  ((TSJ^2 + TIJ^2)^1/2 + DJ) / 2 + PE
    Total System Jitter     (TSJ):    0.071ns
    Total Input Jitter      (TIJ):    0.000ns
    Discrete Jitter          (DJ):    0.000ns
    Phase Error              (PE):    0.000ns

    Location             Delay type                Incr(ns)  Path(ns)    Netlist Resource(s)
  -------------------------------------------------------------------    -------------------
                         (clock aclk rise edge)       0.000     0.000 r  
                                                      0.000     0.000 r  aclk (IN)
                         net (fo=5173, unset)         0.973     0.973    dbf_reference_bd_i/dbf_axis_0/inst/u_system/u_w_provider/aclk
    SLICE_X35Y33         FDRE                                         r  dbf_reference_bd_i/dbf_axis_0/inst/u_system/u_w_provider/wr_yr_s1_reg_i_2_psdsp/C
  -------------------------------------------------------------------    -------------------
    SLICE_X35Y33         FDRE (Prop_fdre_C_Q)         0.456     1.429 r  dbf_reference_bd_i/dbf_axis_0/inst/u_system/u_w_provider/wr_yr_s1_reg_i_2_psdsp/Q
                         net (fo=13, routed)          0.726     2.155    dbf_reference_bd_i/dbf_axis_0/inst/u_system/u_datapath/u_core/gen_lane[0].u_lane/u_accum/u_mac/wr_yr_s1_reg_i_2_psdsp_n_alias
    DSP48_X2Y13          DSP48E1                                      r  dbf_reference_bd_i/dbf_axis_0/inst/u_system/u_datapath/u_core/gen_lane[0].u_lane/u_accum/u_mac/wr_yi_s1_reg/A[20]
  -------------------------------------------------------------------    -------------------

                         (clock aclk rise edge)       5.000     5.000 r  
                                                      0.000     5.000 r  aclk (IN)
                         net (fo=5173, unset)         0.924     5.924    dbf_reference_bd_i/dbf_axis_0/inst/u_system/u_datapath/u_core/gen_lane[0].u_lane/u_accum/u_mac/aclk
    DSP48_X2Y13          DSP48E1                                      r  dbf_reference_bd_i/dbf_axis_0/inst/u_system/u_datapath/u_core/gen_lane[0].u_lane/u_accum/u_mac/wr_yi_s1_reg/CLK
                         clock pessimism              0.000     5.924    
                         clock uncertainty           -0.035     5.889    
    DSP48_X2Y13          DSP48E1 (Setup_dsp48e1_CLK_A[20])
                                                     -3.722     2.167    dbf_reference_bd_i/dbf_axis_0/inst/u_system/u_datapath/u_core/gen_lane[0].u_lane/u_accum/u_mac/wr_yi_s1_reg
  -------------------------------------------------------------------
                         required time                          2.167    
                         arrival time                          -2.155    
  -------------------------------------------------------------------
                         slack                                  0.012    

Slack (MET) :             0.012ns  (required time - arrival time)
  Source:                 dbf_reference_bd_i/dbf_axis_0/inst/u_system/u_w_provider/wr_yr_s1_reg_i_2_psdsp/C
                            (rising edge-triggered cell FDRE clocked by aclk  {rise@0.000ns fall@2.500ns period=5.000ns})
  Destination:            dbf_reference_bd_i/dbf_axis_0/inst/u_system/u_datapath/u_core/gen_lane[0].u_lane/u_accum/u_mac/wr_yi_s1_reg/A[21]
                            (rising edge-triggered cell DSP48E1 clocked by aclk  {rise@0.000ns fall@2.500ns period=5.000ns})
  Path Group:             aclk
  Path Type:              Setup (Max at Slow Process Corner)
  Requirement:            5.000ns  (aclk rise@5.000ns - aclk rise@0.000ns)
  Data Path Delay:        1.182ns  (logic 0.456ns (38.573%)  route 0.726ns (61.427%))
  Logic Levels:           0  
  Clock Path Skew:        -0.049ns (DCD - SCD + CPR)
    Destination Clock Delay (DCD):    0.924ns = ( 5.924 - 5.000 ) 
    Source Clock Delay      (SCD):    0.973ns
    Clock Pessimism Removal (CPR):    0.000ns
  Clock Uncertainty:      0.035ns  ((TSJ^2 + TIJ^2)^1/2 + DJ) / 2 + PE
    Total System Jitter     (TSJ):    0.071ns
    Total Input Jitter      (TIJ):    0.000ns
    Discrete Jitter          (DJ):    0.000ns
    Phase Error              (PE):    0.000ns

    Location             Delay type                Incr(ns)  Path(ns)    Netlist Resource(s)
  -------------------------------------------------------------------    -------------------
                         (clock aclk rise edge)       0.000     0.000 r  
                                                      0.000     0.000 r  aclk (IN)
                         net (fo=5173, unset)         0.973     0.973    dbf_reference_bd_i/dbf_axis_0/inst/u_system/u_w_provider/aclk
    SLICE_X35Y33         FDRE                                         r  dbf_reference_bd_i/dbf_axis_0/inst/u_system/u_w_provider/wr_yr_s1_reg_i_2_psdsp/C
  -------------------------------------------------------------------    -------------------
    SLICE_X35Y33         FDRE (Prop_fdre_C_Q)         0.456     1.429 r  dbf_reference_bd_i/dbf_axis_0/inst/u_system/u_w_provider/wr_yr_s1_reg_i_2_psdsp/Q
                         net (fo=13, routed)          0.726     2.155    dbf_reference_bd_i/dbf_axis_0/inst/u_system/u_datapath/u_core/gen_lane[0].u_lane/u_accum/u_mac/wr_yr_s1_reg_i_2_psdsp_n_alias
    DSP48_X2Y13          DSP48E1                                      r  dbf_reference_bd_i/dbf_axis_0/inst/u_system/u_datapath/u_core/gen_lane[0].u_lane/u_accum/u_mac/wr_yi_s1_reg/A[21]
  -------------------------------------------------------------------    -------------------

                         (clock aclk rise edge)       5.000     5.000 r  
                                                      0.000     5.000 r  aclk (IN)
                         net (fo=5173, unset)         0.924     5.924    dbf_reference_bd_i/dbf_axis_0/inst/u_system/u_datapath/u_core/gen_lane[0].u_lane/u_accum/u_mac/aclk
    DSP48_X2Y13          DSP48E1                                      r  dbf_reference_bd_i/dbf_axis_0/inst/u_system/u_datapath/u_core/gen_lane[0].u_lane/u_accum/u_mac/wr_yi_s1_reg/CLK
                         clock pessimism              0.000     5.924    
                         clock uncertainty           -0.035     5.889    
    DSP48_X2Y13          DSP48E1 (Setup_dsp48e1_CLK_A[21])
                                                     -3.722     2.167    dbf_reference_bd_i/dbf_axis_0/inst/u_system/u_datapath/u_core/gen_lane[0].u_lane/u_accum/u_mac/wr_yi_s1_reg
  -------------------------------------------------------------------
                         required time                          2.167    
                         arrival time                          -2.155    
  -------------------------------------------------------------------
                         slack                                  0.012    

Slack (MET) :             0.012ns  (required time - arrival time)
  Source:                 dbf_reference_bd_i/dbf_axis_0/inst/u_system/u_w_provider/wr_yr_s1_reg_i_2_psdsp/C
                            (rising edge-triggered cell FDRE clocked by aclk  {rise@0.000ns fall@2.500ns period=5.000ns})
  Destination:            dbf_reference_bd_i/dbf_axis_0/inst/u_system/u_datapath/u_core/gen_lane[0].u_lane/u_accum/u_mac/wr_yi_s1_reg/A[22]
                            (rising edge-triggered cell DSP48E1 clocked by aclk  {rise@0.000ns fall@2.500ns period=5.000ns})
  Path Group:             aclk
  Path Type:              Setup (Max at Slow Process Corner)
  Requirement:            5.000ns  (aclk rise@5.000ns - aclk rise@0.000ns)
  Data Path Delay:        1.182ns  (logic 0.456ns (38.573%)  route 0.726ns (61.427%))
  Logic Levels:           0  
  Clock Path Skew:        -0.049ns (DCD - SCD + CPR)
    Destination Clock Delay (DCD):    0.924ns = ( 5.924 - 5.000 ) 
    Source Clock Delay      (SCD):    0.973ns
    Clock Pessimism Removal (CPR):    0.000ns
  Clock Uncertainty:      0.035ns  ((TSJ^2 + TIJ^2)^1/2 + DJ) / 2 + PE
    Total System Jitter     (TSJ):    0.071ns
    Total Input Jitter      (TIJ):    0.000ns
    Discrete Jitter          (DJ):    0.000ns
    Phase Error              (PE):    0.000ns

    Location             Delay type                Incr(ns)  Path(ns)    Netlist Resource(s)
  -------------------------------------------------------------------    -------------------
                         (clock aclk rise edge)       0.000     0.000 r  
                                                      0.000     0.000 r  aclk (IN)
                         net (fo=5173, unset)         0.973     0.973    dbf_reference_bd_i/dbf_axis_0/inst/u_system/u_w_provider/aclk
    SLICE_X35Y33         FDRE                                         r  dbf_reference_bd_i/dbf_axis_0/inst/u_system/u_w_provider/wr_yr_s1_reg_i_2_psdsp/C
  -------------------------------------------------------------------    -------------------
    SLICE_X35Y33         FDRE (Prop_fdre_C_Q)         0.456     1.429 r  dbf_reference_bd_i/dbf_axis_0/inst/u_system/u_w_provider/wr_yr_s1_reg_i_2_psdsp/Q
                         net (fo=13, routed)          0.726     2.155    dbf_reference_bd_i/dbf_axis_0/inst/u_system/u_datapath/u_core/gen_lane[0].u_lane/u_accum/u_mac/wr_yr_s1_reg_i_2_psdsp_n_alias
    DSP48_X2Y13          DSP48E1                                      r  dbf_reference_bd_i/dbf_axis_0/inst/u_system/u_datapath/u_core/gen_lane[0].u_lane/u_accum/u_mac/wr_yi_s1_reg/A[22]
  -------------------------------------------------------------------    -------------------

                         (clock aclk rise edge)       5.000     5.000 r  
                                                      0.000     5.000 r  aclk (IN)
                         net (fo=5173, unset)         0.924     5.924    dbf_reference_bd_i/dbf_axis_0/inst/u_system/u_datapath/u_core/gen_lane[0].u_lane/u_accum/u_mac/aclk
    DSP48_X2Y13          DSP48E1                                      r  dbf_reference_bd_i/dbf_axis_0/inst/u_system/u_datapath/u_core/gen_lane[0].u_lane/u_accum/u_mac/wr_yi_s1_reg/CLK
                         clock pessimism              0.000     5.924    
                         clock uncertainty           -0.035     5.889    
    DSP48_X2Y13          DSP48E1 (Setup_dsp48e1_CLK_A[22])
                                                     -3.722     2.167    dbf_reference_bd_i/dbf_axis_0/inst/u_system/u_datapath/u_core/gen_lane[0].u_lane/u_accum/u_mac/wr_yi_s1_reg
  -------------------------------------------------------------------
                         required time                          2.167    
                         arrival time                          -2.155    
  -------------------------------------------------------------------
                         slack                                  0.012    

Slack (MET) :             0.013ns  (required time - arrival time)
  Source:                 dbf_reference_bd_i/dbf_axis_0/inst/u_system/u_w_provider/wr_yr_s1_reg_i_15__2_psdsp/C
                            (rising edge-triggered cell FDRE clocked by aclk  {rise@0.000ns fall@2.500ns period=5.000ns})
  Destination:            dbf_reference_bd_i/dbf_axis_0/inst/u_system/u_datapath/u_core/gen_lane[3].u_lane/u_accum/u_mac/wr_yr_s1_reg/A[3]
                            (rising edge-triggered cell DSP48E1 clocked by aclk  {rise@0.000ns fall@2.500ns period=5.000ns})
  Path Group:             aclk
  Path Type:              Setup (Max at Slow Process Corner)
  Requirement:            5.000ns  (aclk rise@5.000ns - aclk rise@0.000ns)
  Data Path Delay:        1.181ns  (logic 0.456ns (38.606%)  route 0.725ns (61.394%))
  Logic Levels:           0  
  Clock Path Skew:        -0.049ns (DCD - SCD + CPR)
    Destination Clock Delay (DCD):    0.924ns = ( 5.924 - 5.000 ) 
    Source Clock Delay      (SCD):    0.973ns
    Clock Pessimism Removal (CPR):    0.000ns
  Clock Uncertainty:      0.035ns  ((TSJ^2 + TIJ^2)^1/2 + DJ) / 2 + PE
    Total System Jitter     (TSJ):    0.071ns
    Total Input Jitter      (TIJ):    0.000ns
    Discrete Jitter          (DJ):    0.000ns
    Phase Error              (PE):    0.000ns

    Location             Delay type                Incr(ns)  Path(ns)    Netlist Resource(s)
  -------------------------------------------------------------------    -------------------
                         (clock aclk rise edge)       0.000     0.000 r  
                                                      0.000     0.000 r  aclk (IN)
                         net (fo=5173, unset)         0.973     0.973    dbf_reference_bd_i/dbf_axis_0/inst/u_system/u_w_provider/aclk
    SLICE_X43Y18         FDRE                                         r  dbf_reference_bd_i/dbf_axis_0/inst/u_system/u_w_provider/wr_yr_s1_reg_i_15__2_psdsp/C
  -------------------------------------------------------------------    -------------------
    SLICE_X43Y18         FDRE (Prop_fdre_C_Q)         0.456     1.429 r  dbf_reference_bd_i/dbf_axis_0/inst/u_system/u_w_provider/wr_yr_s1_reg_i_15__2_psdsp/Q
                         net (fo=1, routed)           0.725     2.154    dbf_reference_bd_i/dbf_axis_0/inst/u_system/u_datapath/u_core/gen_lane[3].u_lane/u_accum/u_mac/wr_yr_s1_reg_i_15__2_psdsp_n_alias
    DSP48_X2Y7           DSP48E1                                      r  dbf_reference_bd_i/dbf_axis_0/inst/u_system/u_datapath/u_core/gen_lane[3].u_lane/u_accum/u_mac/wr_yr_s1_reg/A[3]
  -------------------------------------------------------------------    -------------------

                         (clock aclk rise edge)       5.000     5.000 r  
                                                      0.000     5.000 r  aclk (IN)
                         net (fo=5173, unset)         0.924     5.924    dbf_reference_bd_i/dbf_axis_0/inst/u_system/u_datapath/u_core/gen_lane[3].u_lane/u_accum/u_mac/aclk
    DSP48_X2Y7           DSP48E1                                      r  dbf_reference_bd_i/dbf_axis_0/inst/u_system/u_datapath/u_core/gen_lane[3].u_lane/u_accum/u_mac/wr_yr_s1_reg/CLK
                         clock pessimism              0.000     5.924    
                         clock uncertainty           -0.035     5.889    
    DSP48_X2Y7           DSP48E1 (Setup_dsp48e1_CLK_A[3])
                                                     -3.722     2.167    dbf_reference_bd_i/dbf_axis_0/inst/u_system/u_datapath/u_core/gen_lane[3].u_lane/u_accum/u_mac/wr_yr_s1_reg
  -------------------------------------------------------------------
                         required time                          2.167    
                         arrival time                          -2.154    
  -------------------------------------------------------------------
                         slack                                  0.013    

Slack (MET) :             0.014ns  (required time - arrival time)
  Source:                 dbf_reference_bd_i/dbf_axis_0/inst/u_system/u_w_provider/wr_yr_s1_reg_i_17__2_psdsp/C
                            (rising edge-triggered cell FDRE clocked by aclk  {rise@0.000ns fall@2.500ns period=5.000ns})
  Destination:            dbf_reference_bd_i/dbf_axis_0/inst/u_system/u_datapath/u_core/gen_lane[3].u_lane/u_accum/u_mac/wr_yr_s1_reg/A[1]
                            (rising edge-triggered cell DSP48E1 clocked by aclk  {rise@0.000ns fall@2.500ns period=5.000ns})
  Path Group:             aclk
  Path Type:              Setup (Max at Slow Process Corner)
  Requirement:            5.000ns  (aclk rise@5.000ns - aclk rise@0.000ns)
  Data Path Delay:        1.180ns  (logic 0.456ns (38.646%)  route 0.724ns (61.354%))
  Logic Levels:           0  
  Clock Path Skew:        -0.049ns (DCD - SCD + CPR)
    Destination Clock Delay (DCD):    0.924ns = ( 5.924 - 5.000 ) 
    Source Clock Delay      (SCD):    0.973ns
    Clock Pessimism Removal (CPR):    0.000ns
  Clock Uncertainty:      0.035ns  ((TSJ^2 + TIJ^2)^1/2 + DJ) / 2 + PE
    Total System Jitter     (TSJ):    0.071ns
    Total Input Jitter      (TIJ):    0.000ns
    Discrete Jitter          (DJ):    0.000ns
    Phase Error              (PE):    0.000ns

    Location             Delay type                Incr(ns)  Path(ns)    Netlist Resource(s)
  -------------------------------------------------------------------    -------------------
                         (clock aclk rise edge)       0.000     0.000 r  
                                                      0.000     0.000 r  aclk (IN)
                         net (fo=5173, unset)         0.973     0.973    dbf_reference_bd_i/dbf_axis_0/inst/u_system/u_w_provider/aclk
    SLICE_X43Y17         FDRE                                         r  dbf_reference_bd_i/dbf_axis_0/inst/u_system/u_w_provider/wr_yr_s1_reg_i_17__2_psdsp/C
  -------------------------------------------------------------------    -------------------
    SLICE_X43Y17         FDRE (Prop_fdre_C_Q)         0.456     1.429 r  dbf_reference_bd_i/dbf_axis_0/inst/u_system/u_w_provider/wr_yr_s1_reg_i_17__2_psdsp/Q
                         net (fo=1, routed)           0.724     2.153    dbf_reference_bd_i/dbf_axis_0/inst/u_system/u_datapath/u_core/gen_lane[3].u_lane/u_accum/u_mac/wr_yr_s1_reg_i_17__2_psdsp_n_alias
    DSP48_X2Y7           DSP48E1                                      r  dbf_reference_bd_i/dbf_axis_0/inst/u_system/u_datapath/u_core/gen_lane[3].u_lane/u_accum/u_mac/wr_yr_s1_reg/A[1]
  -------------------------------------------------------------------    -------------------

                         (clock aclk rise edge)       5.000     5.000 r  
                                                      0.000     5.000 r  aclk (IN)
                         net (fo=5173, unset)         0.924     5.924    dbf_reference_bd_i/dbf_axis_0/inst/u_system/u_datapath/u_core/gen_lane[3].u_lane/u_accum/u_mac/aclk
    DSP48_X2Y7           DSP48E1                                      r  dbf_reference_bd_i/dbf_axis_0/inst/u_system/u_datapath/u_core/gen_lane[3].u_lane/u_accum/u_mac/wr_yr_s1_reg/CLK
                         clock pessimism              0.000     5.924    
                         clock uncertainty           -0.035     5.889    
    DSP48_X2Y7           DSP48E1 (Setup_dsp48e1_CLK_A[1])
                                                     -3.722     2.167    dbf_reference_bd_i/dbf_axis_0/inst/u_system/u_datapath/u_core/gen_lane[3].u_lane/u_accum/u_mac/wr_yr_s1_reg
  -------------------------------------------------------------------
                         required time                          2.167    
                         arrival time                          -2.153    
  -------------------------------------------------------------------
                         slack                                  0.014    

Slack (MET) :             0.015ns  (required time - arrival time)
  Source:                 dbf_reference_bd_i/dbf_axis_0/inst/u_system/u_w_provider/wr_yr_s1_reg_i_2_psdsp/C
                            (rising edge-triggered cell FDRE clocked by aclk  {rise@0.000ns fall@2.500ns period=5.000ns})
  Destination:            dbf_reference_bd_i/dbf_axis_0/inst/u_system/u_datapath/u_core/gen_lane[0].u_lane/u_accum/u_mac/wr_yi_s1_reg/A[24]
                            (rising edge-triggered cell DSP48E1 clocked by aclk  {rise@0.000ns fall@2.500ns period=5.000ns})
  Path Group:             aclk
  Path Type:              Setup (Max at Slow Process Corner)
  Requirement:            5.000ns  (aclk rise@5.000ns - aclk rise@0.000ns)
  Data Path Delay:        1.179ns  (logic 0.456ns (38.677%)  route 0.723ns (61.323%))
  Logic Levels:           0  
  Clock Path Skew:        -0.049ns (DCD - SCD + CPR)
    Destination Clock Delay (DCD):    0.924ns = ( 5.924 - 5.000 ) 
    Source Clock Delay      (SCD):    0.973ns
    Clock Pessimism Removal (CPR):    0.000ns
  Clock Uncertainty:      0.035ns  ((TSJ^2 + TIJ^2)^1/2 + DJ) / 2 + PE
    Total System Jitter     (TSJ):    0.071ns
    Total Input Jitter      (TIJ):    0.000ns
    Discrete Jitter          (DJ):    0.000ns
    Phase Error              (PE):    0.000ns

    Location             Delay type                Incr(ns)  Path(ns)    Netlist Resource(s)
  -------------------------------------------------------------------    -------------------
                         (clock aclk rise edge)       0.000     0.000 r  
                                                      0.000     0.000 r  aclk (IN)
                         net (fo=5173, unset)         0.973     0.973    dbf_reference_bd_i/dbf_axis_0/inst/u_system/u_w_provider/aclk
    SLICE_X35Y33         FDRE                                         r  dbf_reference_bd_i/dbf_axis_0/inst/u_system/u_w_provider/wr_yr_s1_reg_i_2_psdsp/C
  -------------------------------------------------------------------    -------------------
    SLICE_X35Y33         FDRE (Prop_fdre_C_Q)         0.456     1.429 r  dbf_reference_bd_i/dbf_axis_0/inst/u_system/u_w_provider/wr_yr_s1_reg_i_2_psdsp/Q
                         net (fo=13, routed)          0.723     2.152    dbf_reference_bd_i/dbf_axis_0/inst/u_system/u_datapath/u_core/gen_lane[0].u_lane/u_accum/u_mac/wr_yr_s1_reg_i_2_psdsp_n_alias
    DSP48_X2Y13          DSP48E1                                      r  dbf_reference_bd_i/dbf_axis_0/inst/u_system/u_datapath/u_core/gen_lane[0].u_lane/u_accum/u_mac/wr_yi_s1_reg/A[24]
  -------------------------------------------------------------------    -------------------

                         (clock aclk rise edge)       5.000     5.000 r  
                                                      0.000     5.000 r  aclk (IN)
                         net (fo=5173, unset)         0.924     5.924    dbf_reference_bd_i/dbf_axis_0/inst/u_system/u_datapath/u_core/gen_lane[0].u_lane/u_accum/u_mac/aclk
    DSP48_X2Y13          DSP48E1                                      r  dbf_reference_bd_i/dbf_axis_0/inst/u_system/u_datapath/u_core/gen_lane[0].u_lane/u_accum/u_mac/wr_yi_s1_reg/CLK
                         clock pessimism              0.000     5.924    
                         clock uncertainty           -0.035     5.889    
    DSP48_X2Y13          DSP48E1 (Setup_dsp48e1_CLK_A[24])
                                                     -3.722     2.167    dbf_reference_bd_i/dbf_axis_0/inst/u_system/u_datapath/u_core/gen_lane[0].u_lane/u_accum/u_mac/wr_yi_s1_reg
  -------------------------------------------------------------------
                         required time                          2.167    
                         arrival time                          -2.152    
  -------------------------------------------------------------------
                         slack                                  0.015    

Slack (MET) :             0.015ns  (required time - arrival time)
  Source:                 dbf_reference_bd_i/dbf_axis_0/inst/u_system/u_w_provider/wr_yr_s1_reg_i_2_psdsp/C
                            (rising edge-triggered cell FDRE clocked by aclk  {rise@0.000ns fall@2.500ns period=5.000ns})
  Destination:            dbf_reference_bd_i/dbf_axis_0/inst/u_system/u_datapath/u_core/gen_lane[0].u_lane/u_accum/u_mac/wr_yi_s1_reg/A[25]
                            (rising edge-triggered cell DSP48E1 clocked by aclk  {rise@0.000ns fall@2.500ns period=5.000ns})
  Path Group:             aclk
  Path Type:              Setup (Max at Slow Process Corner)
  Requirement:            5.000ns  (aclk rise@5.000ns - aclk rise@0.000ns)
  Data Path Delay:        1.179ns  (logic 0.456ns (38.677%)  route 0.723ns (61.323%))
  Logic Levels:           0  
  Clock Path Skew:        -0.049ns (DCD - SCD + CPR)
    Destination Clock Delay (DCD):    0.924ns = ( 5.924 - 5.000 ) 
    Source Clock Delay      (SCD):    0.973ns
    Clock Pessimism Removal (CPR):    0.000ns
  Clock Uncertainty:      0.035ns  ((TSJ^2 + TIJ^2)^1/2 + DJ) / 2 + PE
    Total System Jitter     (TSJ):    0.071ns
    Total Input Jitter      (TIJ):    0.000ns
    Discrete Jitter          (DJ):    0.000ns
    Phase Error              (PE):    0.000ns

    Location             Delay type                Incr(ns)  Path(ns)    Netlist Resource(s)
  -------------------------------------------------------------------    -------------------
                         (clock aclk rise edge)       0.000     0.000 r  
                                                      0.000     0.000 r  aclk (IN)
                         net (fo=5173, unset)         0.973     0.973    dbf_reference_bd_i/dbf_axis_0/inst/u_system/u_w_provider/aclk
    SLICE_X35Y33         FDRE                                         r  dbf_reference_bd_i/dbf_axis_0/inst/u_system/u_w_provider/wr_yr_s1_reg_i_2_psdsp/C
  -------------------------------------------------------------------    -------------------
    SLICE_X35Y33         FDRE (Prop_fdre_C_Q)         0.456     1.429 r  dbf_reference_bd_i/dbf_axis_0/inst/u_system/u_w_provider/wr_yr_s1_reg_i_2_psdsp/Q
                         net (fo=13, routed)          0.723     2.152    dbf_reference_bd_i/dbf_axis_0/inst/u_system/u_datapath/u_core/gen_lane[0].u_lane/u_accum/u_mac/wr_yr_s1_reg_i_2_psdsp_n_alias
    DSP48_X2Y13          DSP48E1                                      r  dbf_reference_bd_i/dbf_axis_0/inst/u_system/u_datapath/u_core/gen_lane[0].u_lane/u_accum/u_mac/wr_yi_s1_reg/A[25]
  -------------------------------------------------------------------    -------------------

                         (clock aclk rise edge)       5.000     5.000 r  
                                                      0.000     5.000 r  aclk (IN)
                         net (fo=5173, unset)         0.924     5.924    dbf_reference_bd_i/dbf_axis_0/inst/u_system/u_datapath/u_core/gen_lane[0].u_lane/u_accum/u_mac/aclk
    DSP48_X2Y13          DSP48E1                                      r  dbf_reference_bd_i/dbf_axis_0/inst/u_system/u_datapath/u_core/gen_lane[0].u_lane/u_accum/u_mac/wr_yi_s1_reg/CLK
                         clock pessimism              0.000     5.924    
                         clock uncertainty           -0.035     5.889    
    DSP48_X2Y13          DSP48E1 (Setup_dsp48e1_CLK_A[25])
                                                     -3.722     2.167    dbf_reference_bd_i/dbf_axis_0/inst/u_system/u_datapath/u_core/gen_lane[0].u_lane/u_accum/u_mac/wr_yi_s1_reg
  -------------------------------------------------------------------
                         required time                          2.167    
                         arrival time                          -2.152    
  -------------------------------------------------------------------
                         slack                                  0.015    





Min Delay Paths
--------------------------------------------------------------------------------------
Slack (MET) :             0.096ns  (arrival time - required time)
  Source:                 dbf_reference_bd_i/dbf_axis_0/inst/u_system/u_datapath/u_core/gen_lane[5].u_lane/u_quant_re/neg_word_s4_reg[17]/C
                            (rising edge-triggered cell FDRE clocked by aclk  {rise@0.000ns fall@2.500ns period=5.000ns})
  Destination:            dbf_reference_bd_i/dbf_axis_0/inst/u_system/u_datapath/u_core/gen_lane[5].u_lane/u_quant_re/z_out_reg[17]/D
                            (rising edge-triggered cell FDRE clocked by aclk  {rise@0.000ns fall@2.500ns period=5.000ns})
  Path Group:             aclk
  Path Type:              Hold (Min at Fast Process Corner)
  Requirement:            0.000ns  (aclk rise@0.000ns - aclk rise@0.000ns)
  Data Path Delay:        0.238ns  (logic 0.186ns (78.117%)  route 0.052ns (21.883%))
  Logic Levels:           1  (LUT4=1)
  Clock Path Skew:        0.022ns (DCD - SCD - CPR)
    Destination Clock Delay (DCD):    0.432ns
    Source Clock Delay      (SCD):    0.410ns
    Clock Pessimism Removal (CPR):    -0.000ns

    Location             Delay type                Incr(ns)  Path(ns)    Netlist Resource(s)
  -------------------------------------------------------------------    -------------------
                         (clock aclk rise edge)       0.000     0.000 r  
                                                      0.000     0.000 r  aclk (IN)
                         net (fo=5173, unset)         0.410     0.410    dbf_reference_bd_i/dbf_axis_0/inst/u_system/u_datapath/u_core/gen_lane[5].u_lane/u_quant_re/aclk
    SLICE_X19Y19         FDRE                                         r  dbf_reference_bd_i/dbf_axis_0/inst/u_system/u_datapath/u_core/gen_lane[5].u_lane/u_quant_re/neg_word_s4_reg[17]/C
  -------------------------------------------------------------------    -------------------
    SLICE_X19Y19         FDRE (Prop_fdre_C_Q)         0.141     0.551 r  dbf_reference_bd_i/dbf_axis_0/inst/u_system/u_datapath/u_core/gen_lane[5].u_lane/u_quant_re/neg_word_s4_reg[17]/Q
                         net (fo=1, routed)           0.052     0.603    dbf_reference_bd_i/dbf_axis_0/inst/u_system/u_datapath/u_core/gen_lane[5].u_lane/u_quant_re/neg_word_s4[17]
    SLICE_X18Y19         LUT4 (Prop_lut4_I3_O)        0.045     0.648 r  dbf_reference_bd_i/dbf_axis_0/inst/u_system/u_datapath/u_core/gen_lane[5].u_lane/u_quant_re/z_out[17]_i_1/O
                         net (fo=1, routed)           0.000     0.648    dbf_reference_bd_i/dbf_axis_0/inst/u_system/u_datapath/u_core/gen_lane[5].u_lane/u_quant_re/z_out[17]_i_1_n_0
    SLICE_X18Y19         FDRE                                         r  dbf_reference_bd_i/dbf_axis_0/inst/u_system/u_datapath/u_core/gen_lane[5].u_lane/u_quant_re/z_out_reg[17]/D
  -------------------------------------------------------------------    -------------------

                         (clock aclk rise edge)       0.000     0.000 r  
                                                      0.000     0.000 r  aclk (IN)
                         net (fo=5173, unset)         0.432     0.432    dbf_reference_bd_i/dbf_axis_0/inst/u_system/u_datapath/u_core/gen_lane[5].u_lane/u_quant_re/aclk
    SLICE_X18Y19         FDRE                                         r  dbf_reference_bd_i/dbf_axis_0/inst/u_system/u_datapath/u_core/gen_lane[5].u_lane/u_quant_re/z_out_reg[17]/C
                         clock pessimism              0.000     0.432    
    SLICE_X18Y19         FDRE (Hold_fdre_C_D)         0.121     0.553    dbf_reference_bd_i/dbf_axis_0/inst/u_system/u_datapath/u_core/gen_lane[5].u_lane/u_quant_re/z_out_reg[17]
  -------------------------------------------------------------------
                         required time                         -0.553    
                         arrival time                           0.648    
  -------------------------------------------------------------------
                         slack                                  0.096    

Slack (MET) :             0.098ns  (arrival time - required time)
  Source:                 dbf_reference_bd_i/dbf_axis_0/inst/u_system/u_datapath/u_core/gen_lane[4].u_lane/u_accum/acc_re_reg[11]/C
                            (rising edge-triggered cell FDRE clocked by aclk  {rise@0.000ns fall@2.500ns period=5.000ns})
  Destination:            dbf_reference_bd_i/dbf_axis_0/inst/u_system/u_datapath/u_core/gen_lane[4].u_lane/acc_re_q_reg[11]/D
                            (rising edge-triggered cell FDRE clocked by aclk  {rise@0.000ns fall@2.500ns period=5.000ns})
  Path Group:             aclk
  Path Type:              Hold (Min at Fast Process Corner)
  Requirement:            0.000ns  (aclk rise@0.000ns - aclk rise@0.000ns)
  Data Path Delay:        0.195ns  (logic 0.141ns (72.269%)  route 0.054ns (27.731%))
  Logic Levels:           0  
  Clock Path Skew:        0.022ns (DCD - SCD - CPR)
    Destination Clock Delay (DCD):    0.432ns
    Source Clock Delay      (SCD):    0.410ns
    Clock Pessimism Removal (CPR):    -0.000ns

    Location             Delay type                Incr(ns)  Path(ns)    Netlist Resource(s)
  -------------------------------------------------------------------    -------------------
                         (clock aclk rise edge)       0.000     0.000 r  
                                                      0.000     0.000 r  aclk (IN)
                         net (fo=5173, unset)         0.410     0.410    dbf_reference_bd_i/dbf_axis_0/inst/u_system/u_datapath/u_core/gen_lane[4].u_lane/u_accum/aclk
    SLICE_X11Y23         FDRE                                         r  dbf_reference_bd_i/dbf_axis_0/inst/u_system/u_datapath/u_core/gen_lane[4].u_lane/u_accum/acc_re_reg[11]/C
  -------------------------------------------------------------------    -------------------
    SLICE_X11Y23         FDRE (Prop_fdre_C_Q)         0.141     0.551 r  dbf_reference_bd_i/dbf_axis_0/inst/u_system/u_datapath/u_core/gen_lane[4].u_lane/u_accum/acc_re_reg[11]/Q
                         net (fo=1, routed)           0.054     0.605    dbf_reference_bd_i/dbf_axis_0/inst/u_system/u_datapath/u_core/gen_lane[4].u_lane/u_accum_n_36
    SLICE_X10Y23         FDRE                                         r  dbf_reference_bd_i/dbf_axis_0/inst/u_system/u_datapath/u_core/gen_lane[4].u_lane/acc_re_q_reg[11]/D
  -------------------------------------------------------------------    -------------------

                         (clock aclk rise edge)       0.000     0.000 r  
                                                      0.000     0.000 r  aclk (IN)
                         net (fo=5173, unset)         0.432     0.432    dbf_reference_bd_i/dbf_axis_0/inst/u_system/u_datapath/u_core/gen_lane[4].u_lane/aclk
    SLICE_X10Y23         FDRE                                         r  dbf_reference_bd_i/dbf_axis_0/inst/u_system/u_datapath/u_core/gen_lane[4].u_lane/acc_re_q_reg[11]/C
                         clock pessimism              0.000     0.432    
    SLICE_X10Y23         FDRE (Hold_fdre_C_D)         0.076     0.508    dbf_reference_bd_i/dbf_axis_0/inst/u_system/u_datapath/u_core/gen_lane[4].u_lane/acc_re_q_reg[11]
  -------------------------------------------------------------------
                         required time                         -0.508    
                         arrival time                           0.605    
  -------------------------------------------------------------------
                         slack                                  0.098    

Slack (MET) :             0.100ns  (arrival time - required time)
  Source:                 dbf_reference_bd_i/axis_in_fifo_0/inst/gen_fifo.xpm_fifo_axis_inst/gaxis_rst_sync.xpm_cdc_sync_rst_inst/syncstages_ff_reg[0]/C
                            (rising edge-triggered cell FDRE clocked by aclk  {rise@0.000ns fall@2.500ns period=5.000ns})
  Destination:            dbf_reference_bd_i/axis_in_fifo_0/inst/gen_fifo.xpm_fifo_axis_inst/gaxis_rst_sync.xpm_cdc_sync_rst_inst/syncstages_ff_reg[1]/D
                            (rising edge-triggered cell FDRE clocked by aclk  {rise@0.000ns fall@2.500ns period=5.000ns})
  Path Group:             aclk
  Path Type:              Hold (Min at Fast Process Corner)
  Requirement:            0.000ns  (aclk rise@0.000ns - aclk rise@0.000ns)
  Data Path Delay:        0.197ns  (logic 0.141ns (71.611%)  route 0.056ns (28.389%))
  Logic Levels:           0  
  Clock Path Skew:        0.022ns (DCD - SCD - CPR)
    Destination Clock Delay (DCD):    0.432ns
    Source Clock Delay      (SCD):    0.410ns
    Clock Pessimism Removal (CPR):    -0.000ns

    Location             Delay type                Incr(ns)  Path(ns)    Netlist Resource(s)
  -------------------------------------------------------------------    -------------------
                         (clock aclk rise edge)       0.000     0.000 r  
                                                      0.000     0.000 r  aclk (IN)
                         net (fo=5173, unset)         0.410     0.410    dbf_reference_bd_i/axis_in_fifo_0/inst/gen_fifo.xpm_fifo_axis_inst/gaxis_rst_sync.xpm_cdc_sync_rst_inst/dest_clk
    SLICE_X15Y7          FDRE                                         r  dbf_reference_bd_i/axis_in_fifo_0/inst/gen_fifo.xpm_fifo_axis_inst/gaxis_rst_sync.xpm_cdc_sync_rst_inst/syncstages_ff_reg[0]/C
  -------------------------------------------------------------------    -------------------
    SLICE_X15Y7          FDRE (Prop_fdre_C_Q)         0.141     0.551 r  dbf_reference_bd_i/axis_in_fifo_0/inst/gen_fifo.xpm_fifo_axis_inst/gaxis_rst_sync.xpm_cdc_sync_rst_inst/syncstages_ff_reg[0]/Q
                         net (fo=1, routed)           0.056     0.607    dbf_reference_bd_i/axis_in_fifo_0/inst/gen_fifo.xpm_fifo_axis_inst/gaxis_rst_sync.xpm_cdc_sync_rst_inst/syncstages_ff[0]
    SLICE_X15Y7          FDRE                                         r  dbf_reference_bd_i/axis_in_fifo_0/inst/gen_fifo.xpm_fifo_axis_inst/gaxis_rst_sync.xpm_cdc_sync_rst_inst/syncstages_ff_reg[1]/D
  -------------------------------------------------------------------    -------------------

                         (clock aclk rise edge)       0.000     0.000 r  
                                                      0.000     0.000 r  aclk (IN)
                         net (fo=5173, unset)         0.432     0.432    dbf_reference_bd_i/axis_in_fifo_0/inst/gen_fifo.xpm_fifo_axis_inst/gaxis_rst_sync.xpm_cdc_sync_rst_inst/dest_clk
    SLICE_X15Y7          FDRE                                         r  dbf_reference_bd_i/axis_in_fifo_0/inst/gen_fifo.xpm_fifo_axis_inst/gaxis_rst_sync.xpm_cdc_sync_rst_inst/syncstages_ff_reg[1]/C
                         clock pessimism              0.000     0.432    
    SLICE_X15Y7          FDRE (Hold_fdre_C_D)         0.075     0.507    dbf_reference_bd_i/axis_in_fifo_0/inst/gen_fifo.xpm_fifo_axis_inst/gaxis_rst_sync.xpm_cdc_sync_rst_inst/syncstages_ff_reg[1]
  -------------------------------------------------------------------
                         required time                         -0.507    
                         arrival time                           0.607    
  -------------------------------------------------------------------
                         slack                                  0.100    

Slack (MET) :             0.112ns  (arrival time - required time)
  Source:                 dbf_reference_bd_i/dbf_axis_0/inst/u_system/u_datapath/u_core/gen_lane[0].u_lane/u_quant_re/rounded_abs_s2_reg[28]/C
                            (rising edge-triggered cell FDRE clocked by aclk  {rise@0.000ns fall@2.500ns period=5.000ns})
  Destination:            dbf_reference_bd_i/dbf_axis_0/inst/u_system/u_datapath/u_core/gen_lane[0].u_lane/u_quant_re/clip_pos_s3_reg/D
                            (rising edge-triggered cell FDRE clocked by aclk  {rise@0.000ns fall@2.500ns period=5.000ns})
  Path Group:             aclk
  Path Type:              Hold (Min at Fast Process Corner)
  Requirement:            0.000ns  (aclk rise@0.000ns - aclk rise@0.000ns)
  Data Path Delay:        0.254ns  (logic 0.186ns (73.093%)  route 0.068ns (26.907%))
  Logic Levels:           1  (LUT6=1)
  Clock Path Skew:        0.022ns (DCD - SCD - CPR)
    Destination Clock Delay (DCD):    0.432ns
    Source Clock Delay      (SCD):    0.410ns
    Clock Pessimism Removal (CPR):    -0.000ns

    Location             Delay type                Incr(ns)  Path(ns)    Netlist Resource(s)
  -------------------------------------------------------------------    -------------------
                         (clock aclk rise edge)       0.000     0.000 r  
                                                      0.000     0.000 r  aclk (IN)
                         net (fo=5173, unset)         0.410     0.410    dbf_reference_bd_i/dbf_axis_0/inst/u_system/u_datapath/u_core/gen_lane[0].u_lane/u_quant_re/aclk
    SLICE_X43Y31         FDRE                                         r  dbf_reference_bd_i/dbf_axis_0/inst/u_system/u_datapath/u_core/gen_lane[0].u_lane/u_quant_re/rounded_abs_s2_reg[28]/C
  -------------------------------------------------------------------    -------------------
    SLICE_X43Y31         FDRE (Prop_fdre_C_Q)         0.141     0.551 r  dbf_reference_bd_i/dbf_axis_0/inst/u_system/u_datapath/u_core/gen_lane[0].u_lane/u_quant_re/rounded_abs_s2_reg[28]/Q
                         net (fo=2, routed)           0.068     0.620    dbf_reference_bd_i/dbf_axis_0/inst/u_system/u_datapath/u_core/gen_lane[0].u_lane/u_quant_re/rounded_abs_s2_reg_n_0_[28]
    SLICE_X42Y31         LUT6 (Prop_lut6_I1_O)        0.045     0.665 r  dbf_reference_bd_i/dbf_axis_0/inst/u_system/u_datapath/u_core/gen_lane[0].u_lane/u_quant_re/clip_pos_s3_i_1/O
                         net (fo=1, routed)           0.000     0.665    dbf_reference_bd_i/dbf_axis_0/inst/u_system/u_datapath/u_core/gen_lane[0].u_lane/u_quant_re/pos_clip_next
    SLICE_X42Y31         FDRE                                         r  dbf_reference_bd_i/dbf_axis_0/inst/u_system/u_datapath/u_core/gen_lane[0].u_lane/u_quant_re/clip_pos_s3_reg/D
  -------------------------------------------------------------------    -------------------

                         (clock aclk rise edge)       0.000     0.000 r  
                                                      0.000     0.000 r  aclk (IN)
                         net (fo=5173, unset)         0.432     0.432    dbf_reference_bd_i/dbf_axis_0/inst/u_system/u_datapath/u_core/gen_lane[0].u_lane/u_quant_re/aclk
    SLICE_X42Y31         FDRE                                         r  dbf_reference_bd_i/dbf_axis_0/inst/u_system/u_datapath/u_core/gen_lane[0].u_lane/u_quant_re/clip_pos_s3_reg/C
                         clock pessimism              0.000     0.432    
    SLICE_X42Y31         FDRE (Hold_fdre_C_D)         0.121     0.553    dbf_reference_bd_i/dbf_axis_0/inst/u_system/u_datapath/u_core/gen_lane[0].u_lane/u_quant_re/clip_pos_s3_reg
  -------------------------------------------------------------------
                         required time                         -0.553    
                         arrival time                           0.665    
  -------------------------------------------------------------------
                         slack                                  0.112    

Slack (MET) :             0.118ns  (arrival time - required time)
  Source:                 dbf_reference_bd_i/axis_out_fifo_0/inst/gen_fifo.xpm_fifo_axis_inst/xpm_fifo_base_inst/wrp_inst/count_value_i_reg[2]/C
                            (rising edge-triggered cell FDRE clocked by aclk  {rise@0.000ns fall@2.500ns period=5.000ns})
  Destination:            dbf_reference_bd_i/axis_out_fifo_0/inst/gen_fifo.xpm_fifo_axis_inst/xpm_fifo_base_inst/gen_sdpram.xpm_memory_base_inst/gen_wr_a.gen_word_narrow.mem_reg_1/ADDRBWRADDR[7]
                            (rising edge-triggered cell RAMB18E1 clocked by aclk  {rise@0.000ns fall@2.500ns period=5.000ns})
  Path Group:             aclk
  Path Type:              Hold (Min at Fast Process Corner)
  Requirement:            0.000ns  (aclk rise@0.000ns - aclk rise@0.000ns)
  Data Path Delay:        0.323ns  (logic 0.141ns (43.682%)  route 0.182ns (56.318%))
  Logic Levels:           0  
  Clock Path Skew:        0.022ns (DCD - SCD - CPR)
    Destination Clock Delay (DCD):    0.432ns
    Source Clock Delay      (SCD):    0.410ns
    Clock Pessimism Removal (CPR):    -0.000ns

    Location             Delay type                Incr(ns)  Path(ns)    Netlist Resource(s)
  -------------------------------------------------------------------    -------------------
                         (clock aclk rise edge)       0.000     0.000 r  
                                                      0.000     0.000 r  aclk (IN)
                         net (fo=5173, unset)         0.410     0.410    dbf_reference_bd_i/axis_out_fifo_0/inst/gen_fifo.xpm_fifo_axis_inst/xpm_fifo_base_inst/wrp_inst/wr_clk
    SLICE_X33Y31         FDRE                                         r  dbf_reference_bd_i/axis_out_fifo_0/inst/gen_fifo.xpm_fifo_axis_inst/xpm_fifo_base_inst/wrp_inst/count_value_i_reg[2]/C
  -------------------------------------------------------------------    -------------------
    SLICE_X33Y31         FDRE (Prop_fdre_C_Q)         0.141     0.551 r  dbf_reference_bd_i/axis_out_fifo_0/inst/gen_fifo.xpm_fifo_axis_inst/xpm_fifo_base_inst/wrp_inst/count_value_i_reg[2]/Q
                         net (fo=6, routed)           0.182     0.733    dbf_reference_bd_i/axis_out_fifo_0/inst/gen_fifo.xpm_fifo_axis_inst/xpm_fifo_base_inst/gen_sdpram.xpm_memory_base_inst/addra[2]
    RAMB18_X2Y12         RAMB18E1                                     r  dbf_reference_bd_i/axis_out_fifo_0/inst/gen_fifo.xpm_fifo_axis_inst/xpm_fifo_base_inst/gen_sdpram.xpm_memory_base_inst/gen_wr_a.gen_word_narrow.mem_reg_1/ADDRBWRADDR[7]
  -------------------------------------------------------------------    -------------------

                         (clock aclk rise edge)       0.000     0.000 r  
                                                      0.000     0.000 r  aclk (IN)
                         net (fo=5173, unset)         0.432     0.432    dbf_reference_bd_i/axis_out_fifo_0/inst/gen_fifo.xpm_fifo_axis_inst/xpm_fifo_base_inst/gen_sdpram.xpm_memory_base_inst/clka
    RAMB18_X2Y12         RAMB18E1                                     r  dbf_reference_bd_i/axis_out_fifo_0/inst/gen_fifo.xpm_fifo_axis_inst/xpm_fifo_base_inst/gen_sdpram.xpm_memory_base_inst/gen_wr_a.gen_word_narrow.mem_reg_1/CLKBWRCLK
                         clock pessimism              0.000     0.432    
    RAMB18_X2Y12         RAMB18E1 (Hold_ramb18e1_CLKBWRCLK_ADDRBWRADDR[7])
                                                      0.183     0.615    dbf_reference_bd_i/axis_out_fifo_0/inst/gen_fifo.xpm_fifo_axis_inst/xpm_fifo_base_inst/gen_sdpram.xpm_memory_base_inst/gen_wr_a.gen_word_narrow.mem_reg_1
  -------------------------------------------------------------------
                         required time                         -0.615    
                         arrival time                           0.733    
  -------------------------------------------------------------------
                         slack                                  0.118    

Slack (MET) :             0.122ns  (arrival time - required time)
  Source:                 dbf_reference_bd_i/dbf_axis_0/inst/u_system/u_datapath/u_core/gen_lane[4].u_lane/u_accum/acc_re_reg[0]/C
                            (rising edge-triggered cell FDRE clocked by aclk  {rise@0.000ns fall@2.500ns period=5.000ns})
  Destination:            dbf_reference_bd_i/dbf_axis_0/inst/u_system/u_datapath/u_core/gen_lane[4].u_lane/acc_re_q_reg[0]/D
                            (rising edge-triggered cell FDRE clocked by aclk  {rise@0.000ns fall@2.500ns period=5.000ns})
  Path Group:             aclk
  Path Type:              Hold (Min at Fast Process Corner)
  Requirement:            0.000ns  (aclk rise@0.000ns - aclk rise@0.000ns)
  Data Path Delay:        0.228ns  (logic 0.141ns (61.814%)  route 0.087ns (38.186%))
  Logic Levels:           0  
  Clock Path Skew:        0.022ns (DCD - SCD - CPR)
    Destination Clock Delay (DCD):    0.432ns
    Source Clock Delay      (SCD):    0.410ns
    Clock Pessimism Removal (CPR):    -0.000ns

    Location             Delay type                Incr(ns)  Path(ns)    Netlist Resource(s)
  -------------------------------------------------------------------    -------------------
                         (clock aclk rise edge)       0.000     0.000 r  
                                                      0.000     0.000 r  aclk (IN)
                         net (fo=5173, unset)         0.410     0.410    dbf_reference_bd_i/dbf_axis_0/inst/u_system/u_datapath/u_core/gen_lane[4].u_lane/u_accum/aclk
    SLICE_X13Y21         FDRE                                         r  dbf_reference_bd_i/dbf_axis_0/inst/u_system/u_datapath/u_core/gen_lane[4].u_lane/u_accum/acc_re_reg[0]/C
  -------------------------------------------------------------------    -------------------
    SLICE_X13Y21         FDRE (Prop_fdre_C_Q)         0.141     0.551 r  dbf_reference_bd_i/dbf_axis_0/inst/u_system/u_datapath/u_core/gen_lane[4].u_lane/u_accum/acc_re_reg[0]/Q
                         net (fo=1, routed)           0.087     0.638    dbf_reference_bd_i/dbf_axis_0/inst/u_system/u_datapath/u_core/gen_lane[4].u_lane/u_accum_n_47
    SLICE_X12Y21         FDRE                                         r  dbf_reference_bd_i/dbf_axis_0/inst/u_system/u_datapath/u_core/gen_lane[4].u_lane/acc_re_q_reg[0]/D
  -------------------------------------------------------------------    -------------------

                         (clock aclk rise edge)       0.000     0.000 r  
                                                      0.000     0.000 r  aclk (IN)
                         net (fo=5173, unset)         0.432     0.432    dbf_reference_bd_i/dbf_axis_0/inst/u_system/u_datapath/u_core/gen_lane[4].u_lane/aclk
    SLICE_X12Y21         FDRE                                         r  dbf_reference_bd_i/dbf_axis_0/inst/u_system/u_datapath/u_core/gen_lane[4].u_lane/acc_re_q_reg[0]/C
                         clock pessimism              0.000     0.432    
    SLICE_X12Y21         FDRE (Hold_fdre_C_D)         0.085     0.517    dbf_reference_bd_i/dbf_axis_0/inst/u_system/u_datapath/u_core/gen_lane[4].u_lane/acc_re_q_reg[0]
  -------------------------------------------------------------------
                         required time                         -0.517    
                         arrival time                           0.638    
  -------------------------------------------------------------------
                         slack                                  0.122    

Slack (MET) :             0.123ns  (arrival time - required time)
  Source:                 dbf_reference_bd_i/dbf_axis_0/inst/u_system/u_datapath/u_core/gen_lane[0].u_lane/u_quant_im/neg_word_s4_reg[17]/C
                            (rising edge-triggered cell FDRE clocked by aclk  {rise@0.000ns fall@2.500ns period=5.000ns})
  Destination:            dbf_reference_bd_i/dbf_axis_0/inst/u_system/u_datapath/u_core/gen_lane[0].u_lane/u_quant_im/z_out_reg[17]/D
                            (rising edge-triggered cell FDRE clocked by aclk  {rise@0.000ns fall@2.500ns period=5.000ns})
  Path Group:             aclk
  Path Type:              Hold (Min at Fast Process Corner)
  Requirement:            0.000ns  (aclk rise@0.000ns - aclk rise@0.000ns)
  Data Path Delay:        0.237ns  (logic 0.186ns (78.504%)  route 0.051ns (21.496%))
  Logic Levels:           1  (LUT4=1)
  Clock Path Skew:        0.022ns (DCD - SCD - CPR)
    Destination Clock Delay (DCD):    0.432ns
    Source Clock Delay      (SCD):    0.410ns
    Clock Pessimism Removal (CPR):    -0.000ns

    Location             Delay type                Incr(ns)  Path(ns)    Netlist Resource(s)
  -------------------------------------------------------------------    -------------------
                         (clock aclk rise edge)       0.000     0.000 r  
                                                      0.000     0.000 r  aclk (IN)
                         net (fo=5173, unset)         0.410     0.410    dbf_reference_bd_i/dbf_axis_0/inst/u_system/u_datapath/u_core/gen_lane[0].u_lane/u_quant_im/aclk
    SLICE_X48Y27         FDRE                                         r  dbf_reference_bd_i/dbf_axis_0/inst/u_system/u_datapath/u_core/gen_lane[0].u_lane/u_quant_im/neg_word_s4_reg[17]/C
  -------------------------------------------------------------------    -------------------
    SLICE_X48Y27         FDRE (Prop_fdre_C_Q)         0.141     0.551 r  dbf_reference_bd_i/dbf_axis_0/inst/u_system/u_datapath/u_core/gen_lane[0].u_lane/u_quant_im/neg_word_s4_reg[17]/Q
                         net (fo=1, routed)           0.051     0.602    dbf_reference_bd_i/dbf_axis_0/inst/u_system/u_datapath/u_core/gen_lane[0].u_lane/u_quant_im/neg_word_s4_reg_n_0_[17]
    SLICE_X49Y27         LUT4 (Prop_lut4_I3_O)        0.045     0.647 r  dbf_reference_bd_i/dbf_axis_0/inst/u_system/u_datapath/u_core/gen_lane[0].u_lane/u_quant_im/z_out[17]_i_1/O
                         net (fo=1, routed)           0.000     0.647    dbf_reference_bd_i/dbf_axis_0/inst/u_system/u_datapath/u_core/gen_lane[0].u_lane/u_quant_im/z_out[17]_i_1_n_0
    SLICE_X49Y27         FDRE                                         r  dbf_reference_bd_i/dbf_axis_0/inst/u_system/u_datapath/u_core/gen_lane[0].u_lane/u_quant_im/z_out_reg[17]/D
  -------------------------------------------------------------------    -------------------

                         (clock aclk rise edge)       0.000     0.000 r  
                                                      0.000     0.000 r  aclk (IN)
                         net (fo=5173, unset)         0.432     0.432    dbf_reference_bd_i/dbf_axis_0/inst/u_system/u_datapath/u_core/gen_lane[0].u_lane/u_quant_im/aclk
    SLICE_X49Y27         FDRE                                         r  dbf_reference_bd_i/dbf_axis_0/inst/u_system/u_datapath/u_core/gen_lane[0].u_lane/u_quant_im/z_out_reg[17]/C
                         clock pessimism              0.000     0.432    
    SLICE_X49Y27         FDRE (Hold_fdre_C_D)         0.092     0.524    dbf_reference_bd_i/dbf_axis_0/inst/u_system/u_datapath/u_core/gen_lane[0].u_lane/u_quant_im/z_out_reg[17]
  -------------------------------------------------------------------
                         required time                         -0.524    
                         arrival time                           0.647    
  -------------------------------------------------------------------
                         slack                                  0.123    

Slack (MET) :             0.123ns  (arrival time - required time)
  Source:                 dbf_reference_bd_i/dbf_axis_0/inst/u_system/u_datapath/u_core/gen_lane[2].u_lane/u_accum/acc_im_reg[31]/C
                            (rising edge-triggered cell FDRE clocked by aclk  {rise@0.000ns fall@2.500ns period=5.000ns})
  Destination:            dbf_reference_bd_i/dbf_axis_0/inst/u_system/u_datapath/u_core/gen_lane[2].u_lane/acc_im_q_reg[31]/D
                            (rising edge-triggered cell FDRE clocked by aclk  {rise@0.000ns fall@2.500ns period=5.000ns})
  Path Group:             aclk
  Path Type:              Hold (Min at Fast Process Corner)
  Requirement:            0.000ns  (aclk rise@0.000ns - aclk rise@0.000ns)
  Data Path Delay:        0.192ns  (logic 0.141ns (73.465%)  route 0.051ns (26.535%))
  Logic Levels:           0  
  Clock Path Skew:        0.022ns (DCD - SCD - CPR)
    Destination Clock Delay (DCD):    0.432ns
    Source Clock Delay      (SCD):    0.410ns
    Clock Pessimism Removal (CPR):    -0.000ns

    Location             Delay type                Incr(ns)  Path(ns)    Netlist Resource(s)
  -------------------------------------------------------------------    -------------------
                         (clock aclk rise edge)       0.000     0.000 r  
                                                      0.000     0.000 r  aclk (IN)
                         net (fo=5173, unset)         0.410     0.410    dbf_reference_bd_i/dbf_axis_0/inst/u_system/u_datapath/u_core/gen_lane[2].u_lane/u_accum/aclk
    SLICE_X40Y12         FDRE                                         r  dbf_reference_bd_i/dbf_axis_0/inst/u_system/u_datapath/u_core/gen_lane[2].u_lane/u_accum/acc_im_reg[31]/C
  -------------------------------------------------------------------    -------------------
    SLICE_X40Y12         FDRE (Prop_fdre_C_Q)         0.141     0.551 r  dbf_reference_bd_i/dbf_axis_0/inst/u_system/u_datapath/u_core/gen_lane[2].u_lane/u_accum/acc_im_reg[31]/Q
                         net (fo=1, routed)           0.051     0.602    dbf_reference_bd_i/dbf_axis_0/inst/u_system/u_datapath/u_core/gen_lane[2].u_lane/u_accum_n_64
    SLICE_X41Y12         FDRE                                         r  dbf_reference_bd_i/dbf_axis_0/inst/u_system/u_datapath/u_core/gen_lane[2].u_lane/acc_im_q_reg[31]/D
  -------------------------------------------------------------------    -------------------

                         (clock aclk rise edge)       0.000     0.000 r  
                                                      0.000     0.000 r  aclk (IN)
                         net (fo=5173, unset)         0.432     0.432    dbf_reference_bd_i/dbf_axis_0/inst/u_system/u_datapath/u_core/gen_lane[2].u_lane/aclk
    SLICE_X41Y12         FDRE                                         r  dbf_reference_bd_i/dbf_axis_0/inst/u_system/u_datapath/u_core/gen_lane[2].u_lane/acc_im_q_reg[31]/C
                         clock pessimism              0.000     0.432    
    SLICE_X41Y12         FDRE (Hold_fdre_C_D)         0.047     0.479    dbf_reference_bd_i/dbf_axis_0/inst/u_system/u_datapath/u_core/gen_lane[2].u_lane/acc_im_q_reg[31]
  -------------------------------------------------------------------
                         required time                         -0.479    
                         arrival time                           0.602    
  -------------------------------------------------------------------
                         slack                                  0.123    

Slack (MET) :             0.125ns  (arrival time - required time)
  Source:                 dbf_reference_bd_i/dbf_axis_0/inst/u_system/u_datapath/u_core/gen_lane[0].u_lane/u_accum/acc_re_reg[11]/C
                            (rising edge-triggered cell FDRE clocked by aclk  {rise@0.000ns fall@2.500ns period=5.000ns})
  Destination:            dbf_reference_bd_i/dbf_axis_0/inst/u_system/u_datapath/u_core/gen_lane[0].u_lane/acc_re_q_reg[11]/D
                            (rising edge-triggered cell FDRE clocked by aclk  {rise@0.000ns fall@2.500ns period=5.000ns})
  Path Group:             aclk
  Path Type:              Hold (Min at Fast Process Corner)
  Requirement:            0.000ns  (aclk rise@0.000ns - aclk rise@0.000ns)
  Data Path Delay:        0.194ns  (logic 0.141ns (72.697%)  route 0.053ns (27.303%))
  Logic Levels:           0  
  Clock Path Skew:        0.022ns (DCD - SCD - CPR)
    Destination Clock Delay (DCD):    0.432ns
    Source Clock Delay      (SCD):    0.410ns
    Clock Pessimism Removal (CPR):    -0.000ns

    Location             Delay type                Incr(ns)  Path(ns)    Netlist Resource(s)
  -------------------------------------------------------------------    -------------------
                         (clock aclk rise edge)       0.000     0.000 r  
                                                      0.000     0.000 r  aclk (IN)
                         net (fo=5173, unset)         0.410     0.410    dbf_reference_bd_i/dbf_axis_0/inst/u_system/u_datapath/u_core/gen_lane[0].u_lane/u_accum/aclk
    SLICE_X44Y23         FDRE                                         r  dbf_reference_bd_i/dbf_axis_0/inst/u_system/u_datapath/u_core/gen_lane[0].u_lane/u_accum/acc_re_reg[11]/C
  -------------------------------------------------------------------    -------------------
    SLICE_X44Y23         FDRE (Prop_fdre_C_Q)         0.141     0.551 r  dbf_reference_bd_i/dbf_axis_0/inst/u_system/u_datapath/u_core/gen_lane[0].u_lane/u_accum/acc_re_reg[11]/Q
                         net (fo=1, routed)           0.053     0.604    dbf_reference_bd_i/dbf_axis_0/inst/u_system/u_datapath/u_core/gen_lane[0].u_lane/u_accum_n_36
    SLICE_X45Y23         FDRE                                         r  dbf_reference_bd_i/dbf_axis_0/inst/u_system/u_datapath/u_core/gen_lane[0].u_lane/acc_re_q_reg[11]/D
  -------------------------------------------------------------------    -------------------

                         (clock aclk rise edge)       0.000     0.000 r  
                                                      0.000     0.000 r  aclk (IN)
                         net (fo=5173, unset)         0.432     0.432    dbf_reference_bd_i/dbf_axis_0/inst/u_system/u_datapath/u_core/gen_lane[0].u_lane/aclk
    SLICE_X45Y23         FDRE                                         r  dbf_reference_bd_i/dbf_axis_0/inst/u_system/u_datapath/u_core/gen_lane[0].u_lane/acc_re_q_reg[11]/C
                         clock pessimism              0.000     0.432    
    SLICE_X45Y23         FDRE (Hold_fdre_C_D)         0.047     0.479    dbf_reference_bd_i/dbf_axis_0/inst/u_system/u_datapath/u_core/gen_lane[0].u_lane/acc_re_q_reg[11]
  -------------------------------------------------------------------
                         required time                         -0.479    
                         arrival time                           0.604    
  -------------------------------------------------------------------
                         slack                                  0.125    

Slack (MET) :             0.125ns  (arrival time - required time)
  Source:                 dbf_reference_bd_i/dbf_axis_0/inst/u_system/u_datapath/u_core/gen_lane[6].u_lane/u_quant_re/neg_word_s4_reg[14]/C
                            (rising edge-triggered cell FDRE clocked by aclk  {rise@0.000ns fall@2.500ns period=5.000ns})
  Destination:            dbf_reference_bd_i/dbf_axis_0/inst/u_system/u_datapath/u_core/gen_lane[6].u_lane/u_quant_re/z_out_reg[14]/D
                            (rising edge-triggered cell FDRE clocked by aclk  {rise@0.000ns fall@2.500ns period=5.000ns})
  Path Group:             aclk
  Path Type:              Hold (Min at Fast Process Corner)
  Requirement:            0.000ns  (aclk rise@0.000ns - aclk rise@0.000ns)
  Data Path Delay:        0.239ns  (logic 0.186ns (77.839%)  route 0.053ns (22.161%))
  Logic Levels:           1  (LUT4=1)
  Clock Path Skew:        0.022ns (DCD - SCD - CPR)
    Destination Clock Delay (DCD):    0.432ns
    Source Clock Delay      (SCD):    0.410ns
    Clock Pessimism Removal (CPR):    -0.000ns

    Location             Delay type                Incr(ns)  Path(ns)    Netlist Resource(s)
  -------------------------------------------------------------------    -------------------
                         (clock aclk rise edge)       0.000     0.000 r  
                                                      0.000     0.000 r  aclk (IN)
                         net (fo=5173, unset)         0.410     0.410    dbf_reference_bd_i/dbf_axis_0/inst/u_system/u_datapath/u_core/gen_lane[6].u_lane/u_quant_re/aclk
    SLICE_X28Y32         FDRE                                         r  dbf_reference_bd_i/dbf_axis_0/inst/u_system/u_datapath/u_core/gen_lane[6].u_lane/u_quant_re/neg_word_s4_reg[14]/C
  -------------------------------------------------------------------    -------------------
    SLICE_X28Y32         FDRE (Prop_fdre_C_Q)         0.141     0.551 r  dbf_reference_bd_i/dbf_axis_0/inst/u_system/u_datapath/u_core/gen_lane[6].u_lane/u_quant_re/neg_word_s4_reg[14]/Q
                         net (fo=1, routed)           0.053     0.604    dbf_reference_bd_i/dbf_axis_0/inst/u_system/u_datapath/u_core/gen_lane[6].u_lane/u_quant_re/neg_word_s4[14]
    SLICE_X29Y32         LUT4 (Prop_lut4_I3_O)        0.045     0.649 r  dbf_reference_bd_i/dbf_axis_0/inst/u_system/u_datapath/u_core/gen_lane[6].u_lane/u_quant_re/z_out[14]_i_1/O
                         net (fo=1, routed)           0.000     0.649    dbf_reference_bd_i/dbf_axis_0/inst/u_system/u_datapath/u_core/gen_lane[6].u_lane/u_quant_re/z_out[14]_i_1_n_0
    SLICE_X29Y32         FDRE                                         r  dbf_reference_bd_i/dbf_axis_0/inst/u_system/u_datapath/u_core/gen_lane[6].u_lane/u_quant_re/z_out_reg[14]/D
  -------------------------------------------------------------------    -------------------

                         (clock aclk rise edge)       0.000     0.000 r  
                                                      0.000     0.000 r  aclk (IN)
                         net (fo=5173, unset)         0.432     0.432    dbf_reference_bd_i/dbf_axis_0/inst/u_system/u_datapath/u_core/gen_lane[6].u_lane/u_quant_re/aclk
    SLICE_X29Y32         FDRE                                         r  dbf_reference_bd_i/dbf_axis_0/inst/u_system/u_datapath/u_core/gen_lane[6].u_lane/u_quant_re/z_out_reg[14]/C
                         clock pessimism              0.000     0.432    
    SLICE_X29Y32         FDRE (Hold_fdre_C_D)         0.092     0.524    dbf_reference_bd_i/dbf_axis_0/inst/u_system/u_datapath/u_core/gen_lane[6].u_lane/u_quant_re/z_out_reg[14]
  -------------------------------------------------------------------
                         required time                         -0.524    
                         arrival time                           0.649    
  -------------------------------------------------------------------
                         slack                                  0.125    

Slack (MET) :             0.125ns  (arrival time - required time)
  Source:                 dbf_reference_bd_i/dbf_axis_0/inst/u_system/u_datapath/u_core/gen_lane[6].u_lane/u_quant_re/neg_word_s4_reg[18]/C
                            (rising edge-triggered cell FDRE clocked by aclk  {rise@0.000ns fall@2.500ns period=5.000ns})
  Destination:            dbf_reference_bd_i/dbf_axis_0/inst/u_system/u_datapath/u_core/gen_lane[6].u_lane/u_quant_re/z_out_reg[18]/D
                            (rising edge-triggered cell FDRE clocked by aclk  {rise@0.000ns fall@2.500ns period=5.000ns})
  Path Group:             aclk
  Path Type:              Hold (Min at Fast Process Corner)
  Requirement:            0.000ns  (aclk rise@0.000ns - aclk rise@0.000ns)
  Data Path Delay:        0.239ns  (logic 0.186ns (77.839%)  route 0.053ns (22.161%))
  Logic Levels:           1  (LUT4=1)
  Clock Path Skew:        0.022ns (DCD - SCD - CPR)
    Destination Clock Delay (DCD):    0.432ns
    Source Clock Delay      (SCD):    0.410ns
    Clock Pessimism Removal (CPR):    -0.000ns

    Location             Delay type                Incr(ns)  Path(ns)    Netlist Resource(s)
  -------------------------------------------------------------------    -------------------
                         (clock aclk rise edge)       0.000     0.000 r  
                                                      0.000     0.000 r  aclk (IN)
                         net (fo=5173, unset)         0.410     0.410    dbf_reference_bd_i/dbf_axis_0/inst/u_system/u_datapath/u_core/gen_lane[6].u_lane/u_quant_re/aclk
    SLICE_X28Y33         FDRE                                         r  dbf_reference_bd_i/dbf_axis_0/inst/u_system/u_datapath/u_core/gen_lane[6].u_lane/u_quant_re/neg_word_s4_reg[18]/C
  -------------------------------------------------------------------    -------------------
    SLICE_X28Y33         FDRE (Prop_fdre_C_Q)         0.141     0.551 r  dbf_reference_bd_i/dbf_axis_0/inst/u_system/u_datapath/u_core/gen_lane[6].u_lane/u_quant_re/neg_word_s4_reg[18]/Q
                         net (fo=1, routed)           0.053     0.604    dbf_reference_bd_i/dbf_axis_0/inst/u_system/u_datapath/u_core/gen_lane[6].u_lane/u_quant_re/neg_word_s4[18]
    SLICE_X29Y33         LUT4 (Prop_lut4_I3_O)        0.045     0.649 r  dbf_reference_bd_i/dbf_axis_0/inst/u_system/u_datapath/u_core/gen_lane[6].u_lane/u_quant_re/z_out[18]_i_1/O
                         net (fo=1, routed)           0.000     0.649    dbf_reference_bd_i/dbf_axis_0/inst/u_system/u_datapath/u_core/gen_lane[6].u_lane/u_quant_re/z_out[18]_i_1_n_0
    SLICE_X29Y33         FDRE                                         r  dbf_reference_bd_i/dbf_axis_0/inst/u_system/u_datapath/u_core/gen_lane[6].u_lane/u_quant_re/z_out_reg[18]/D
  -------------------------------------------------------------------    -------------------

                         (clock aclk rise edge)       0.000     0.000 r  
                                                      0.000     0.000 r  aclk (IN)
                         net (fo=5173, unset)         0.432     0.432    dbf_reference_bd_i/dbf_axis_0/inst/u_system/u_datapath/u_core/gen_lane[6].u_lane/u_quant_re/aclk
    SLICE_X29Y33         FDRE                                         r  dbf_reference_bd_i/dbf_axis_0/inst/u_system/u_datapath/u_core/gen_lane[6].u_lane/u_quant_re/z_out_reg[18]/C
                         clock pessimism              0.000     0.432    
    SLICE_X29Y33         FDRE (Hold_fdre_C_D)         0.092     0.524    dbf_reference_bd_i/dbf_axis_0/inst/u_system/u_datapath/u_core/gen_lane[6].u_lane/u_quant_re/z_out_reg[18]
  -------------------------------------------------------------------
                         required time                         -0.524    
                         arrival time                           0.649    
  -------------------------------------------------------------------
                         slack                                  0.125    

Slack (MET) :             0.127ns  (arrival time - required time)
  Source:                 dbf_reference_bd_i/dbf_axis_0/inst/u_system/u_datapath/u_core/gen_lane[2].u_lane/u_quant_re/pos_word_s4_reg[13]/C
                            (rising edge-triggered cell FDRE clocked by aclk  {rise@0.000ns fall@2.500ns period=5.000ns})
  Destination:            dbf_reference_bd_i/dbf_axis_0/inst/u_system/u_datapath/u_core/gen_lane[2].u_lane/u_quant_re/z_out_reg[13]/D
                            (rising edge-triggered cell FDRE clocked by aclk  {rise@0.000ns fall@2.500ns period=5.000ns})
  Path Group:             aclk
  Path Type:              Hold (Min at Fast Process Corner)
  Requirement:            0.000ns  (aclk rise@0.000ns - aclk rise@0.000ns)
  Data Path Delay:        0.240ns  (logic 0.186ns (77.515%)  route 0.054ns (22.485%))
  Logic Levels:           1  (LUT4=1)
  Clock Path Skew:        0.022ns (DCD - SCD - CPR)
    Destination Clock Delay (DCD):    0.432ns
    Source Clock Delay      (SCD):    0.410ns
    Clock Pessimism Removal (CPR):    -0.000ns

    Location             Delay type                Incr(ns)  Path(ns)    Netlist Resource(s)
  -------------------------------------------------------------------    -------------------
                         (clock aclk rise edge)       0.000     0.000 r  
                                                      0.000     0.000 r  aclk (IN)
                         net (fo=5173, unset)         0.410     0.410    dbf_reference_bd_i/dbf_axis_0/inst/u_system/u_datapath/u_core/gen_lane[2].u_lane/u_quant_re/aclk
    SLICE_X40Y15         FDRE                                         r  dbf_reference_bd_i/dbf_axis_0/inst/u_system/u_datapath/u_core/gen_lane[2].u_lane/u_quant_re/pos_word_s4_reg[13]/C
  -------------------------------------------------------------------    -------------------
    SLICE_X40Y15         FDRE (Prop_fdre_C_Q)         0.141     0.551 r  dbf_reference_bd_i/dbf_axis_0/inst/u_system/u_datapath/u_core/gen_lane[2].u_lane/u_quant_re/pos_word_s4_reg[13]/Q
                         net (fo=1, routed)           0.054     0.605    dbf_reference_bd_i/dbf_axis_0/inst/u_system/u_datapath/u_core/gen_lane[2].u_lane/u_quant_re/pos_word_s4[13]
    SLICE_X41Y15         LUT4 (Prop_lut4_I1_O)        0.045     0.650 r  dbf_reference_bd_i/dbf_axis_0/inst/u_system/u_datapath/u_core/gen_lane[2].u_lane/u_quant_re/z_out[13]_i_1/O
                         net (fo=1, routed)           0.000     0.650    dbf_reference_bd_i/dbf_axis_0/inst/u_system/u_datapath/u_core/gen_lane[2].u_lane/u_quant_re/z_out[13]_i_1_n_0
    SLICE_X41Y15         FDRE                                         r  dbf_reference_bd_i/dbf_axis_0/inst/u_system/u_datapath/u_core/gen_lane[2].u_lane/u_quant_re/z_out_reg[13]/D
  -------------------------------------------------------------------    -------------------

                         (clock aclk rise edge)       0.000     0.000 r  
                                                      0.000     0.000 r  aclk (IN)
                         net (fo=5173, unset)         0.432     0.432    dbf_reference_bd_i/dbf_axis_0/inst/u_system/u_datapath/u_core/gen_lane[2].u_lane/u_quant_re/aclk
    SLICE_X41Y15         FDRE                                         r  dbf_reference_bd_i/dbf_axis_0/inst/u_system/u_datapath/u_core/gen_lane[2].u_lane/u_quant_re/z_out_reg[13]/C
                         clock pessimism              0.000     0.432    
    SLICE_X41Y15         FDRE (Hold_fdre_C_D)         0.091     0.523    dbf_reference_bd_i/dbf_axis_0/inst/u_system/u_datapath/u_core/gen_lane[2].u_lane/u_quant_re/z_out_reg[13]
  -------------------------------------------------------------------
                         required time                         -0.523    
                         arrival time                           0.650    
  -------------------------------------------------------------------
                         slack                                  0.127    

Slack (MET) :             0.127ns  (arrival time - required time)
  Source:                 dbf_reference_bd_i/dbf_axis_0/inst/u_system/u_datapath/u_core/gen_lane[4].u_lane/u_quant_re/pos_word_s4_reg[23]/C
                            (rising edge-triggered cell FDRE clocked by aclk  {rise@0.000ns fall@2.500ns period=5.000ns})
  Destination:            dbf_reference_bd_i/dbf_axis_0/inst/u_system/u_datapath/u_core/gen_lane[4].u_lane/u_quant_re/z_out_reg[23]/D
                            (rising edge-triggered cell FDRE clocked by aclk  {rise@0.000ns fall@2.500ns period=5.000ns})
  Path Group:             aclk
  Path Type:              Hold (Min at Fast Process Corner)
  Requirement:            0.000ns  (aclk rise@0.000ns - aclk rise@0.000ns)
  Data Path Delay:        0.240ns  (logic 0.186ns (77.515%)  route 0.054ns (22.485%))
  Logic Levels:           1  (LUT6=1)
  Clock Path Skew:        0.022ns (DCD - SCD - CPR)
    Destination Clock Delay (DCD):    0.432ns
    Source Clock Delay      (SCD):    0.410ns
    Clock Pessimism Removal (CPR):    -0.000ns

    Location             Delay type                Incr(ns)  Path(ns)    Netlist Resource(s)
  -------------------------------------------------------------------    -------------------
                         (clock aclk rise edge)       0.000     0.000 r  
                                                      0.000     0.000 r  aclk (IN)
                         net (fo=5173, unset)         0.410     0.410    dbf_reference_bd_i/dbf_axis_0/inst/u_system/u_datapath/u_core/gen_lane[4].u_lane/u_quant_re/aclk
    SLICE_X24Y26         FDRE                                         r  dbf_reference_bd_i/dbf_axis_0/inst/u_system/u_datapath/u_core/gen_lane[4].u_lane/u_quant_re/pos_word_s4_reg[23]/C
  -------------------------------------------------------------------    -------------------
    SLICE_X24Y26         FDRE (Prop_fdre_C_Q)         0.141     0.551 r  dbf_reference_bd_i/dbf_axis_0/inst/u_system/u_datapath/u_core/gen_lane[4].u_lane/u_quant_re/pos_word_s4_reg[23]/Q
                         net (fo=1, routed)           0.054     0.605    dbf_reference_bd_i/dbf_axis_0/inst/u_system/u_datapath/u_core/gen_lane[4].u_lane/u_quant_re/pos_word_s4[23]
    SLICE_X25Y26         LUT6 (Prop_lut6_I4_O)        0.045     0.650 r  dbf_reference_bd_i/dbf_axis_0/inst/u_system/u_datapath/u_core/gen_lane[4].u_lane/u_quant_re/z_out[23]_i_1/O
                         net (fo=1, routed)           0.000     0.650    dbf_reference_bd_i/dbf_axis_0/inst/u_system/u_datapath/u_core/gen_lane[4].u_lane/u_quant_re/z_out[23]
    SLICE_X25Y26         FDRE                                         r  dbf_reference_bd_i/dbf_axis_0/inst/u_system/u_datapath/u_core/gen_lane[4].u_lane/u_quant_re/z_out_reg[23]/D
  -------------------------------------------------------------------    -------------------

                         (clock aclk rise edge)       0.000     0.000 r  
                                                      0.000     0.000 r  aclk (IN)
                         net (fo=5173, unset)         0.432     0.432    dbf_reference_bd_i/dbf_axis_0/inst/u_system/u_datapath/u_core/gen_lane[4].u_lane/u_quant_re/aclk
    SLICE_X25Y26         FDRE                                         r  dbf_reference_bd_i/dbf_axis_0/inst/u_system/u_datapath/u_core/gen_lane[4].u_lane/u_quant_re/z_out_reg[23]/C
                         clock pessimism              0.000     0.432    
    SLICE_X25Y26         FDRE (Hold_fdre_C_D)         0.091     0.523    dbf_reference_bd_i/dbf_axis_0/inst/u_system/u_datapath/u_core/gen_lane[4].u_lane/u_quant_re/z_out_reg[23]
  -------------------------------------------------------------------
                         required time                         -0.523    
                         arrival time                           0.650    
  -------------------------------------------------------------------
                         slack                                  0.127    

Slack (MET) :             0.132ns  (arrival time - required time)
  Source:                 dbf_reference_bd_i/dbf_axis_0/inst/u_system/u_datapath/u_core/gen_lane[4].u_lane/u_quant_re/neg_word_s4_reg[12]/C
                            (rising edge-triggered cell FDRE clocked by aclk  {rise@0.000ns fall@2.500ns period=5.000ns})
  Destination:            dbf_reference_bd_i/dbf_axis_0/inst/u_system/u_datapath/u_core/gen_lane[4].u_lane/u_quant_re/z_out_reg[12]/D
                            (rising edge-triggered cell FDRE clocked by aclk  {rise@0.000ns fall@2.500ns period=5.000ns})
  Path Group:             aclk
  Path Type:              Hold (Min at Fast Process Corner)
  Requirement:            0.000ns  (aclk rise@0.000ns - aclk rise@0.000ns)
  Data Path Delay:        0.273ns  (logic 0.186ns (68.106%)  route 0.087ns (31.894%))
  Logic Levels:           1  (LUT4=1)
  Clock Path Skew:        0.022ns (DCD - SCD - CPR)
    Destination Clock Delay (DCD):    0.432ns
    Source Clock Delay      (SCD):    0.410ns
    Clock Pessimism Removal (CPR):    -0.000ns

    Location             Delay type                Incr(ns)  Path(ns)    Netlist Resource(s)
  -------------------------------------------------------------------    -------------------
                         (clock aclk rise edge)       0.000     0.000 r  
                                                      0.000     0.000 r  aclk (IN)
                         net (fo=5173, unset)         0.410     0.410    dbf_reference_bd_i/dbf_axis_0/inst/u_system/u_datapath/u_core/gen_lane[4].u_lane/u_quant_re/aclk
    SLICE_X21Y23         FDRE                                         r  dbf_reference_bd_i/dbf_axis_0/inst/u_system/u_datapath/u_core/gen_lane[4].u_lane/u_quant_re/neg_word_s4_reg[12]/C
  -------------------------------------------------------------------    -------------------
    SLICE_X21Y23         FDRE (Prop_fdre_C_Q)         0.141     0.551 r  dbf_reference_bd_i/dbf_axis_0/inst/u_system/u_datapath/u_core/gen_lane[4].u_lane/u_quant_re/neg_word_s4_reg[12]/Q
                         net (fo=1, routed)           0.087     0.638    dbf_reference_bd_i/dbf_axis_0/inst/u_system/u_datapath/u_core/gen_lane[4].u_lane/u_quant_re/neg_word_s4[12]
    SLICE_X20Y23         LUT4 (Prop_lut4_I3_O)        0.045     0.683 r  dbf_reference_bd_i/dbf_axis_0/inst/u_system/u_datapath/u_core/gen_lane[4].u_lane/u_quant_re/z_out[12]_i_1/O
                         net (fo=1, routed)           0.000     0.683    dbf_reference_bd_i/dbf_axis_0/inst/u_system/u_datapath/u_core/gen_lane[4].u_lane/u_quant_re/z_out[12]_i_1_n_0
    SLICE_X20Y23         FDRE                                         r  dbf_reference_bd_i/dbf_axis_0/inst/u_system/u_datapath/u_core/gen_lane[4].u_lane/u_quant_re/z_out_reg[12]/D
  -------------------------------------------------------------------    -------------------

                         (clock aclk rise edge)       0.000     0.000 r  
                                                      0.000     0.000 r  aclk (IN)
                         net (fo=5173, unset)         0.432     0.432    dbf_reference_bd_i/dbf_axis_0/inst/u_system/u_datapath/u_core/gen_lane[4].u_lane/u_quant_re/aclk
    SLICE_X20Y23         FDRE                                         r  dbf_reference_bd_i/dbf_axis_0/inst/u_system/u_datapath/u_core/gen_lane[4].u_lane/u_quant_re/z_out_reg[12]/C
                         clock pessimism              0.000     0.432    
    SLICE_X20Y23         FDRE (Hold_fdre_C_D)         0.120     0.552    dbf_reference_bd_i/dbf_axis_0/inst/u_system/u_datapath/u_core/gen_lane[4].u_lane/u_quant_re/z_out_reg[12]
  -------------------------------------------------------------------
                         required time                         -0.552    
                         arrival time                           0.683    
  -------------------------------------------------------------------
                         slack                                  0.132    

Slack (MET) :             0.133ns  (arrival time - required time)
  Source:                 dbf_reference_bd_i/dbf_axis_0/inst/u_system/u_datapath/u_core/gen_lane[4].u_lane/u_quant_re/neg_word_s4_reg[15]/C
                            (rising edge-triggered cell FDRE clocked by aclk  {rise@0.000ns fall@2.500ns period=5.000ns})
  Destination:            dbf_reference_bd_i/dbf_axis_0/inst/u_system/u_datapath/u_core/gen_lane[4].u_lane/u_quant_re/z_out_reg[15]/D
                            (rising edge-triggered cell FDRE clocked by aclk  {rise@0.000ns fall@2.500ns period=5.000ns})
  Path Group:             aclk
  Path Type:              Hold (Min at Fast Process Corner)
  Requirement:            0.000ns  (aclk rise@0.000ns - aclk rise@0.000ns)
  Data Path Delay:        0.275ns  (logic 0.186ns (67.611%)  route 0.089ns (32.389%))
  Logic Levels:           1  (LUT4=1)
  Clock Path Skew:        0.022ns (DCD - SCD - CPR)
    Destination Clock Delay (DCD):    0.432ns
    Source Clock Delay      (SCD):    0.410ns
    Clock Pessimism Removal (CPR):    -0.000ns

    Location             Delay type                Incr(ns)  Path(ns)    Netlist Resource(s)
  -------------------------------------------------------------------    -------------------
                         (clock aclk rise edge)       0.000     0.000 r  
                                                      0.000     0.000 r  aclk (IN)
                         net (fo=5173, unset)         0.410     0.410    dbf_reference_bd_i/dbf_axis_0/inst/u_system/u_datapath/u_core/gen_lane[4].u_lane/u_quant_re/aclk
    SLICE_X21Y23         FDRE                                         r  dbf_reference_bd_i/dbf_axis_0/inst/u_system/u_datapath/u_core/gen_lane[4].u_lane/u_quant_re/neg_word_s4_reg[15]/C
  -------------------------------------------------------------------    -------------------
    SLICE_X21Y23         FDRE (Prop_fdre_C_Q)         0.141     0.551 r  dbf_reference_bd_i/dbf_axis_0/inst/u_system/u_datapath/u_core/gen_lane[4].u_lane/u_quant_re/neg_word_s4_reg[15]/Q
                         net (fo=1, routed)           0.089     0.640    dbf_reference_bd_i/dbf_axis_0/inst/u_system/u_datapath/u_core/gen_lane[4].u_lane/u_quant_re/neg_word_s4[15]
    SLICE_X20Y23         LUT4 (Prop_lut4_I3_O)        0.045     0.685 r  dbf_reference_bd_i/dbf_axis_0/inst/u_system/u_datapath/u_core/gen_lane[4].u_lane/u_quant_re/z_out[15]_i_1/O
                         net (fo=1, routed)           0.000     0.685    dbf_reference_bd_i/dbf_axis_0/inst/u_system/u_datapath/u_core/gen_lane[4].u_lane/u_quant_re/z_out[15]_i_1_n_0
    SLICE_X20Y23         FDRE                                         r  dbf_reference_bd_i/dbf_axis_0/inst/u_system/u_datapath/u_core/gen_lane[4].u_lane/u_quant_re/z_out_reg[15]/D
  -------------------------------------------------------------------    -------------------

                         (clock aclk rise edge)       0.000     0.000 r  
                                                      0.000     0.000 r  aclk (IN)
                         net (fo=5173, unset)         0.432     0.432    dbf_reference_bd_i/dbf_axis_0/inst/u_system/u_datapath/u_core/gen_lane[4].u_lane/u_quant_re/aclk
    SLICE_X20Y23         FDRE                                         r  dbf_reference_bd_i/dbf_axis_0/inst/u_system/u_datapath/u_core/gen_lane[4].u_lane/u_quant_re/z_out_reg[15]/C
                         clock pessimism              0.000     0.432    
    SLICE_X20Y23         FDRE (Hold_fdre_C_D)         0.121     0.553    dbf_reference_bd_i/dbf_axis_0/inst/u_system/u_datapath/u_core/gen_lane[4].u_lane/u_quant_re/z_out_reg[15]
  -------------------------------------------------------------------
                         required time                         -0.553    
                         arrival time                           0.685    
  -------------------------------------------------------------------
                         slack                                  0.133    

Slack (MET) :             0.133ns  (arrival time - required time)
  Source:                 dbf_reference_bd_i/dbf_axis_0/inst/u_system/u_datapath/u_core/gen_lane[6].u_lane/u_quant_im/neg_word_s4_reg[7]/C
                            (rising edge-triggered cell FDRE clocked by aclk  {rise@0.000ns fall@2.500ns period=5.000ns})
  Destination:            dbf_reference_bd_i/dbf_axis_0/inst/u_system/u_datapath/u_core/gen_lane[6].u_lane/u_quant_im/z_out_reg[7]/D
                            (rising edge-triggered cell FDRE clocked by aclk  {rise@0.000ns fall@2.500ns period=5.000ns})
  Path Group:             aclk
  Path Type:              Hold (Min at Fast Process Corner)
  Requirement:            0.000ns  (aclk rise@0.000ns - aclk rise@0.000ns)
  Data Path Delay:        0.275ns  (logic 0.186ns (67.611%)  route 0.089ns (32.389%))
  Logic Levels:           1  (LUT4=1)
  Clock Path Skew:        0.022ns (DCD - SCD - CPR)
    Destination Clock Delay (DCD):    0.432ns
    Source Clock Delay      (SCD):    0.410ns
    Clock Pessimism Removal (CPR):    -0.000ns

    Location             Delay type                Incr(ns)  Path(ns)    Netlist Resource(s)
  -------------------------------------------------------------------    -------------------
                         (clock aclk rise edge)       0.000     0.000 r  
                                                      0.000     0.000 r  aclk (IN)
                         net (fo=5173, unset)         0.410     0.410    dbf_reference_bd_i/dbf_axis_0/inst/u_system/u_datapath/u_core/gen_lane[6].u_lane/u_quant_im/aclk
    SLICE_X23Y26         FDRE                                         r  dbf_reference_bd_i/dbf_axis_0/inst/u_system/u_datapath/u_core/gen_lane[6].u_lane/u_quant_im/neg_word_s4_reg[7]/C
  -------------------------------------------------------------------    -------------------
    SLICE_X23Y26         FDRE (Prop_fdre_C_Q)         0.141     0.551 r  dbf_reference_bd_i/dbf_axis_0/inst/u_system/u_datapath/u_core/gen_lane[6].u_lane/u_quant_im/neg_word_s4_reg[7]/Q
                         net (fo=1, routed)           0.089     0.640    dbf_reference_bd_i/dbf_axis_0/inst/u_system/u_datapath/u_core/gen_lane[6].u_lane/u_quant_im/neg_word_s4_reg_n_0_[7]
    SLICE_X22Y26         LUT4 (Prop_lut4_I3_O)        0.045     0.685 r  dbf_reference_bd_i/dbf_axis_0/inst/u_system/u_datapath/u_core/gen_lane[6].u_lane/u_quant_im/z_out[7]_i_1/O
                         net (fo=1, routed)           0.000     0.685    dbf_reference_bd_i/dbf_axis_0/inst/u_system/u_datapath/u_core/gen_lane[6].u_lane/u_quant_im/z_out[7]_i_1_n_0
    SLICE_X22Y26         FDRE                                         r  dbf_reference_bd_i/dbf_axis_0/inst/u_system/u_datapath/u_core/gen_lane[6].u_lane/u_quant_im/z_out_reg[7]/D
  -------------------------------------------------------------------    -------------------

                         (clock aclk rise edge)       0.000     0.000 r  
                                                      0.000     0.000 r  aclk (IN)
                         net (fo=5173, unset)         0.432     0.432    dbf_reference_bd_i/dbf_axis_0/inst/u_system/u_datapath/u_core/gen_lane[6].u_lane/u_quant_im/aclk
    SLICE_X22Y26         FDRE                                         r  dbf_reference_bd_i/dbf_axis_0/inst/u_system/u_datapath/u_core/gen_lane[6].u_lane/u_quant_im/z_out_reg[7]/C
                         clock pessimism              0.000     0.432    
    SLICE_X22Y26         FDRE (Hold_fdre_C_D)         0.121     0.553    dbf_reference_bd_i/dbf_axis_0/inst/u_system/u_datapath/u_core/gen_lane[6].u_lane/u_quant_im/z_out_reg[7]
  -------------------------------------------------------------------
                         required time                         -0.553    
                         arrival time                           0.685    
  -------------------------------------------------------------------
                         slack                                  0.133    

Slack (MET) :             0.135ns  (arrival time - required time)
  Source:                 dbf_reference_bd_i/dbf_axis_0/inst/u_system/u_datapath/u_core/gen_lane[2].u_lane/u_quant_re/neg_word_s4_reg[8]/C
                            (rising edge-triggered cell FDRE clocked by aclk  {rise@0.000ns fall@2.500ns period=5.000ns})
  Destination:            dbf_reference_bd_i/dbf_axis_0/inst/u_system/u_datapath/u_core/gen_lane[2].u_lane/u_quant_re/z_out_reg[8]/D
                            (rising edge-triggered cell FDRE clocked by aclk  {rise@0.000ns fall@2.500ns period=5.000ns})
  Path Group:             aclk
  Path Type:              Hold (Min at Fast Process Corner)
  Requirement:            0.000ns  (aclk rise@0.000ns - aclk rise@0.000ns)
  Data Path Delay:        0.277ns  (logic 0.186ns (67.123%)  route 0.091ns (32.877%))
  Logic Levels:           1  (LUT4=1)
  Clock Path Skew:        0.022ns (DCD - SCD - CPR)
    Destination Clock Delay (DCD):    0.432ns
    Source Clock Delay      (SCD):    0.410ns
    Clock Pessimism Removal (CPR):    -0.000ns

    Location             Delay type                Incr(ns)  Path(ns)    Netlist Resource(s)
  -------------------------------------------------------------------    -------------------
                         (clock aclk rise edge)       0.000     0.000 r  
                                                      0.000     0.000 r  aclk (IN)
                         net (fo=5173, unset)         0.410     0.410    dbf_reference_bd_i/dbf_axis_0/inst/u_system/u_datapath/u_core/gen_lane[2].u_lane/u_quant_re/aclk
    SLICE_X37Y13         FDRE                                         r  dbf_reference_bd_i/dbf_axis_0/inst/u_system/u_datapath/u_core/gen_lane[2].u_lane/u_quant_re/neg_word_s4_reg[8]/C
  -------------------------------------------------------------------    -------------------
    SLICE_X37Y13         FDRE (Prop_fdre_C_Q)         0.141     0.551 r  dbf_reference_bd_i/dbf_axis_0/inst/u_system/u_datapath/u_core/gen_lane[2].u_lane/u_quant_re/neg_word_s4_reg[8]/Q
                         net (fo=1, routed)           0.091     0.642    dbf_reference_bd_i/dbf_axis_0/inst/u_system/u_datapath/u_core/gen_lane[2].u_lane/u_quant_re/neg_word_s4[8]
    SLICE_X36Y13         LUT4 (Prop_lut4_I3_O)        0.045     0.687 r  dbf_reference_bd_i/dbf_axis_0/inst/u_system/u_datapath/u_core/gen_lane[2].u_lane/u_quant_re/z_out[8]_i_1/O
                         net (fo=1, routed)           0.000     0.687    dbf_reference_bd_i/dbf_axis_0/inst/u_system/u_datapath/u_core/gen_lane[2].u_lane/u_quant_re/z_out[8]_i_1_n_0
    SLICE_X36Y13         FDRE                                         r  dbf_reference_bd_i/dbf_axis_0/inst/u_system/u_datapath/u_core/gen_lane[2].u_lane/u_quant_re/z_out_reg[8]/D
  -------------------------------------------------------------------    -------------------

                         (clock aclk rise edge)       0.000     0.000 r  
                                                      0.000     0.000 r  aclk (IN)
                         net (fo=5173, unset)         0.432     0.432    dbf_reference_bd_i/dbf_axis_0/inst/u_system/u_datapath/u_core/gen_lane[2].u_lane/u_quant_re/aclk
    SLICE_X36Y13         FDRE                                         r  dbf_reference_bd_i/dbf_axis_0/inst/u_system/u_datapath/u_core/gen_lane[2].u_lane/u_quant_re/z_out_reg[8]/C
                         clock pessimism              0.000     0.432    
    SLICE_X36Y13         FDRE (Hold_fdre_C_D)         0.121     0.553    dbf_reference_bd_i/dbf_axis_0/inst/u_system/u_datapath/u_core/gen_lane[2].u_lane/u_quant_re/z_out_reg[8]
  -------------------------------------------------------------------
                         required time                         -0.553    
                         arrival time                           0.687    
  -------------------------------------------------------------------
                         slack                                  0.135    

Slack (MET) :             0.135ns  (arrival time - required time)
  Source:                 dbf_reference_bd_i/dbf_axis_0/inst/u_system/u_datapath/u_serializer/overflow_im_hold_reg[0]/C
                            (rising edge-triggered cell FDRE clocked by aclk  {rise@0.000ns fall@2.500ns period=5.000ns})
  Destination:            dbf_reference_bd_i/dbf_axis_0/inst/u_system/u_datapath/u_serializer/m_axis_z_tdata_reg[51]/D
                            (rising edge-triggered cell FDRE clocked by aclk  {rise@0.000ns fall@2.500ns period=5.000ns})
  Path Group:             aclk
  Path Type:              Hold (Min at Fast Process Corner)
  Requirement:            0.000ns  (aclk rise@0.000ns - aclk rise@0.000ns)
  Data Path Delay:        0.277ns  (logic 0.186ns (67.123%)  route 0.091ns (32.877%))
  Logic Levels:           1  (LUT6=1)
  Clock Path Skew:        0.022ns (DCD - SCD - CPR)
    Destination Clock Delay (DCD):    0.432ns
    Source Clock Delay      (SCD):    0.410ns
    Clock Pessimism Removal (CPR):    -0.000ns

    Location             Delay type                Incr(ns)  Path(ns)    Netlist Resource(s)
  -------------------------------------------------------------------    -------------------
                         (clock aclk rise edge)       0.000     0.000 r  
                                                      0.000     0.000 r  aclk (IN)
                         net (fo=5173, unset)         0.410     0.410    dbf_reference_bd_i/dbf_axis_0/inst/u_system/u_datapath/u_serializer/aclk
    SLICE_X33Y29         FDRE                                         r  dbf_reference_bd_i/dbf_axis_0/inst/u_system/u_datapath/u_serializer/overflow_im_hold_reg[0]/C
  -------------------------------------------------------------------    -------------------
    SLICE_X33Y29         FDRE (Prop_fdre_C_Q)         0.141     0.551 r  dbf_reference_bd_i/dbf_axis_0/inst/u_system/u_datapath/u_serializer/overflow_im_hold_reg[0]/Q
                         net (fo=1, routed)           0.091     0.642    dbf_reference_bd_i/dbf_axis_0/inst/u_system/u_datapath/u_serializer/overflow_im_hold[0]
    SLICE_X32Y29         LUT6 (Prop_lut6_I5_O)        0.045     0.687 r  dbf_reference_bd_i/dbf_axis_0/inst/u_system/u_datapath/u_serializer/m_axis_z_tdata[51]_i_3/O
                         net (fo=1, routed)           0.000     0.687    dbf_reference_bd_i/dbf_axis_0/inst/u_system/u_datapath/u_serializer/m_axis_z_tdata[51]_i_3_n_0
    SLICE_X32Y29         FDRE                                         r  dbf_reference_bd_i/dbf_axis_0/inst/u_system/u_datapath/u_serializer/m_axis_z_tdata_reg[51]/D
  -------------------------------------------------------------------    -------------------

                         (clock aclk rise edge)       0.000     0.000 r  
                                                      0.000     0.000 r  aclk (IN)
                         net (fo=5173, unset)         0.432     0.432    dbf_reference_bd_i/dbf_axis_0/inst/u_system/u_datapath/u_serializer/aclk
    SLICE_X32Y29         FDRE                                         r  dbf_reference_bd_i/dbf_axis_0/inst/u_system/u_datapath/u_serializer/m_axis_z_tdata_reg[51]/C
                         clock pessimism              0.000     0.432    
    SLICE_X32Y29         FDRE (Hold_fdre_C_D)         0.121     0.553    dbf_reference_bd_i/dbf_axis_0/inst/u_system/u_datapath/u_serializer/m_axis_z_tdata_reg[51]
  -------------------------------------------------------------------
                         required time                         -0.553    
                         arrival time                           0.687    
  -------------------------------------------------------------------
                         slack                                  0.135    

Slack (MET) :             0.138ns  (arrival time - required time)
  Source:                 dbf_reference_bd_i/axis_out_fifo_0/inst/gen_fifo.xpm_fifo_axis_inst/gaxis_rst_sync.xpm_cdc_sync_rst_inst/syncstages_ff_reg[0]/C
                            (rising edge-triggered cell FDRE clocked by aclk  {rise@0.000ns fall@2.500ns period=5.000ns})
  Destination:            dbf_reference_bd_i/axis_out_fifo_0/inst/gen_fifo.xpm_fifo_axis_inst/gaxis_rst_sync.xpm_cdc_sync_rst_inst/syncstages_ff_reg[1]/D
                            (rising edge-triggered cell FDRE clocked by aclk  {rise@0.000ns fall@2.500ns period=5.000ns})
  Path Group:             aclk
  Path Type:              Hold (Min at Fast Process Corner)
  Requirement:            0.000ns  (aclk rise@0.000ns - aclk rise@0.000ns)
  Data Path Delay:        0.220ns  (logic 0.164ns (74.580%)  route 0.056ns (25.420%))
  Logic Levels:           0  
  Clock Path Skew:        0.022ns (DCD - SCD - CPR)
    Destination Clock Delay (DCD):    0.432ns
    Source Clock Delay      (SCD):    0.410ns
    Clock Pessimism Removal (CPR):    -0.000ns

    Location             Delay type                Incr(ns)  Path(ns)    Netlist Resource(s)
  -------------------------------------------------------------------    -------------------
                         (clock aclk rise edge)       0.000     0.000 r  
                                                      0.000     0.000 r  aclk (IN)
                         net (fo=5173, unset)         0.410     0.410    dbf_reference_bd_i/axis_out_fifo_0/inst/gen_fifo.xpm_fifo_axis_inst/gaxis_rst_sync.xpm_cdc_sync_rst_inst/dest_clk
    SLICE_X34Y33         FDRE                                         r  dbf_reference_bd_i/axis_out_fifo_0/inst/gen_fifo.xpm_fifo_axis_inst/gaxis_rst_sync.xpm_cdc_sync_rst_inst/syncstages_ff_reg[0]/C
  -------------------------------------------------------------------    -------------------
    SLICE_X34Y33         FDRE (Prop_fdre_C_Q)         0.164     0.574 r  dbf_reference_bd_i/axis_out_fifo_0/inst/gen_fifo.xpm_fifo_axis_inst/gaxis_rst_sync.xpm_cdc_sync_rst_inst/syncstages_ff_reg[0]/Q
                         net (fo=1, routed)           0.056     0.630    dbf_reference_bd_i/axis_out_fifo_0/inst/gen_fifo.xpm_fifo_axis_inst/gaxis_rst_sync.xpm_cdc_sync_rst_inst/syncstages_ff[0]
    SLICE_X34Y33         FDRE                                         r  dbf_reference_bd_i/axis_out_fifo_0/inst/gen_fifo.xpm_fifo_axis_inst/gaxis_rst_sync.xpm_cdc_sync_rst_inst/syncstages_ff_reg[1]/D
  -------------------------------------------------------------------    -------------------

                         (clock aclk rise edge)       0.000     0.000 r  
                                                      0.000     0.000 r  aclk (IN)
                         net (fo=5173, unset)         0.432     0.432    dbf_reference_bd_i/axis_out_fifo_0/inst/gen_fifo.xpm_fifo_axis_inst/gaxis_rst_sync.xpm_cdc_sync_rst_inst/dest_clk
    SLICE_X34Y33         FDRE                                         r  dbf_reference_bd_i/axis_out_fifo_0/inst/gen_fifo.xpm_fifo_axis_inst/gaxis_rst_sync.xpm_cdc_sync_rst_inst/syncstages_ff_reg[1]/C
                         clock pessimism              0.000     0.432    
    SLICE_X34Y33         FDRE (Hold_fdre_C_D)         0.060     0.492    dbf_reference_bd_i/axis_out_fifo_0/inst/gen_fifo.xpm_fifo_axis_inst/gaxis_rst_sync.xpm_cdc_sync_rst_inst/syncstages_ff_reg[1]
  -------------------------------------------------------------------
                         required time                         -0.492    
                         arrival time                           0.630    
  -------------------------------------------------------------------
                         slack                                  0.138    

Slack (MET) :             0.142ns  (arrival time - required time)
  Source:                 dbf_reference_bd_i/dbf_axis_0/inst/u_system/u_datapath/u_core/gen_lane[1].u_lane/u_quant_re/neg_word_s4_reg[20]/C
                            (rising edge-triggered cell FDRE clocked by aclk  {rise@0.000ns fall@2.500ns period=5.000ns})
  Destination:            dbf_reference_bd_i/dbf_axis_0/inst/u_system/u_datapath/u_core/gen_lane[1].u_lane/u_quant_re/z_out_reg[20]/D
                            (rising edge-triggered cell FDRE clocked by aclk  {rise@0.000ns fall@2.500ns period=5.000ns})
  Path Group:             aclk
  Path Type:              Hold (Min at Fast Process Corner)
  Requirement:            0.000ns  (aclk rise@0.000ns - aclk rise@0.000ns)
  Data Path Delay:        0.284ns  (logic 0.186ns (65.453%)  route 0.098ns (34.547%))
  Logic Levels:           1  (LUT4=1)
  Clock Path Skew:        0.022ns (DCD - SCD - CPR)
    Destination Clock Delay (DCD):    0.432ns
    Source Clock Delay      (SCD):    0.410ns
    Clock Pessimism Removal (CPR):    -0.000ns

    Location             Delay type                Incr(ns)  Path(ns)    Netlist Resource(s)
  -------------------------------------------------------------------    -------------------
                         (clock aclk rise edge)       0.000     0.000 r  
                                                      0.000     0.000 r  aclk (IN)
                         net (fo=5173, unset)         0.410     0.410    dbf_reference_bd_i/dbf_axis_0/inst/u_system/u_datapath/u_core/gen_lane[1].u_lane/u_quant_re/aclk
    SLICE_X25Y16         FDRE                                         r  dbf_reference_bd_i/dbf_axis_0/inst/u_system/u_datapath/u_core/gen_lane[1].u_lane/u_quant_re/neg_word_s4_reg[20]/C
  -------------------------------------------------------------------    -------------------
    SLICE_X25Y16         FDRE (Prop_fdre_C_Q)         0.141     0.551 r  dbf_reference_bd_i/dbf_axis_0/inst/u_system/u_datapath/u_core/gen_lane[1].u_lane/u_quant_re/neg_word_s4_reg[20]/Q
                         net (fo=1, routed)           0.098     0.649    dbf_reference_bd_i/dbf_axis_0/inst/u_system/u_datapath/u_core/gen_lane[1].u_lane/u_quant_re/neg_word_s4[20]
    SLICE_X26Y16         LUT4 (Prop_lut4_I3_O)        0.045     0.694 r  dbf_reference_bd_i/dbf_axis_0/inst/u_system/u_datapath/u_core/gen_lane[1].u_lane/u_quant_re/z_out[20]_i_1/O
                         net (fo=1, routed)           0.000     0.694    dbf_reference_bd_i/dbf_axis_0/inst/u_system/u_datapath/u_core/gen_lane[1].u_lane/u_quant_re/z_out[20]_i_1_n_0
    SLICE_X26Y16         FDRE                                         r  dbf_reference_bd_i/dbf_axis_0/inst/u_system/u_datapath/u_core/gen_lane[1].u_lane/u_quant_re/z_out_reg[20]/D
  -------------------------------------------------------------------    -------------------

                         (clock aclk rise edge)       0.000     0.000 r  
                                                      0.000     0.000 r  aclk (IN)
                         net (fo=5173, unset)         0.432     0.432    dbf_reference_bd_i/dbf_axis_0/inst/u_system/u_datapath/u_core/gen_lane[1].u_lane/u_quant_re/aclk
    SLICE_X26Y16         FDRE                                         r  dbf_reference_bd_i/dbf_axis_0/inst/u_system/u_datapath/u_core/gen_lane[1].u_lane/u_quant_re/z_out_reg[20]/C
                         clock pessimism              0.000     0.432    
    SLICE_X26Y16         FDRE (Hold_fdre_C_D)         0.121     0.553    dbf_reference_bd_i/dbf_axis_0/inst/u_system/u_datapath/u_core/gen_lane[1].u_lane/u_quant_re/z_out_reg[20]
  -------------------------------------------------------------------
                         required time                         -0.553    
                         arrival time                           0.694    
  -------------------------------------------------------------------
                         slack                                  0.142    





Pulse Width Checks
--------------------------------------------------------------------------------------
Clock Name:         aclk
Waveform(ns):       { 0.000 2.500 }
Period(ns):         5.000
Sources:            { aclk }

Check Type        Corner  Lib Pin             Reference Pin  Required(ns)  Actual(ns)  Slack(ns)  Location      Pin
Min Period        n/a     DSP48E1/CLK         n/a            3.884         5.000       1.116      DSP48_X1Y2    dbf_reference_bd_i/dbf_axis_0/inst/u_system/u_datapath/u_core/gen_lane[1].u_lane/u_accum/u_mac/wr_yi_s1_reg/CLK
Min Period        n/a     DSP48E1/CLK         n/a            3.884         5.000       1.116      DSP48_X1Y5    dbf_reference_bd_i/dbf_axis_0/inst/u_system/u_datapath/u_core/gen_lane[1].u_lane/u_accum/u_mac/wr_yr_s1_reg/CLK
Min Period        n/a     DSP48E1/CLK         n/a            3.884         5.000       1.116      DSP48_X2Y3    dbf_reference_bd_i/dbf_axis_0/inst/u_system/u_datapath/u_core/gen_lane[2].u_lane/u_accum/u_mac/wr_yi_s1_reg/CLK
Min Period        n/a     DSP48E1/CLK         n/a            3.884         5.000       1.116      DSP48_X2Y0    dbf_reference_bd_i/dbf_axis_0/inst/u_system/u_datapath/u_core/gen_lane[2].u_lane/u_accum/u_mac/wr_yr_s1_reg/CLK
Min Period        n/a     DSP48E1/CLK         n/a            3.884         5.000       1.116      DSP48_X1Y8    dbf_reference_bd_i/dbf_axis_0/inst/u_system/u_datapath/u_core/gen_lane[4].u_lane/u_accum/u_mac/wr_yi_s1_reg/CLK
Min Period        n/a     DSP48E1/CLK         n/a            3.884         5.000       1.116      DSP48_X0Y7    dbf_reference_bd_i/dbf_axis_0/inst/u_system/u_datapath/u_core/gen_lane[4].u_lane/u_accum/u_mac/wr_yr_s1_reg/CLK
Min Period        n/a     DSP48E1/CLK         n/a            3.884         5.000       1.116      DSP48_X0Y4    dbf_reference_bd_i/dbf_axis_0/inst/u_system/u_datapath/u_core/gen_lane[5].u_lane/u_accum/u_mac/wr_yr_s1_reg/CLK
Min Period        n/a     DSP48E1/CLK         n/a            3.884         5.000       1.116      DSP48_X1Y11   dbf_reference_bd_i/dbf_axis_0/inst/u_system/u_datapath/u_core/gen_lane[6].u_lane/u_accum/u_mac/wr_yi_s1_reg/CLK
Min Period        n/a     DSP48E1/CLK         n/a            3.884         5.000       1.116      DSP48_X0Y10   dbf_reference_bd_i/dbf_axis_0/inst/u_system/u_datapath/u_core/gen_lane[6].u_lane/u_accum/u_mac/wr_yr_s1_reg/CLK
Min Period        n/a     DSP48E1/CLK         n/a            3.687         5.000       1.313      DSP48_X2Y13   dbf_reference_bd_i/dbf_axis_0/inst/u_system/u_datapath/u_core/gen_lane[0].u_lane/u_accum/u_mac/wr_yi_s1_reg/CLK
Min Period        n/a     DSP48E1/CLK         n/a            3.687         5.000       1.313      DSP48_X2Y10   dbf_reference_bd_i/dbf_axis_0/inst/u_system/u_datapath/u_core/gen_lane[0].u_lane/u_accum/u_mac/wr_yr_s1_reg/CLK
Min Period        n/a     DSP48E1/CLK         n/a            3.687         5.000       1.313      DSP48_X0Y13   dbf_reference_bd_i/dbf_axis_0/inst/u_system/u_datapath/u_core/gen_lane[3].u_lane/u_accum/u_mac/wr_yi_s1_reg/CLK
Min Period        n/a     DSP48E1/CLK         n/a            3.687         5.000       1.313      DSP48_X2Y7    dbf_reference_bd_i/dbf_axis_0/inst/u_system/u_datapath/u_core/gen_lane[3].u_lane/u_accum/u_mac/wr_yr_s1_reg/CLK
Min Period        n/a     DSP48E1/CLK         n/a            3.687         5.000       1.313      DSP48_X0Y0    dbf_reference_bd_i/dbf_axis_0/inst/u_system/u_datapath/u_core/gen_lane[5].u_lane/u_accum/u_mac/wr_yi_s1_reg/CLK
Min Period        n/a     RAMB36E1/CLKARDCLK  n/a            2.944         5.000       2.056      RAMB36_X1Y3   dbf_reference_bd_i/axis_in_fifo_0/inst/gen_fifo.xpm_fifo_axis_inst/xpm_fifo_base_inst/gen_sdpram.xpm_memory_base_inst/gen_wr_a.gen_word_narrow.mem_reg/CLKARDCLK
Min Period        n/a     RAMB36E1/CLKBWRCLK  n/a            2.944         5.000       2.056      RAMB36_X1Y3   dbf_reference_bd_i/axis_in_fifo_0/inst/gen_fifo.xpm_fifo_axis_inst/xpm_fifo_base_inst/gen_sdpram.xpm_memory_base_inst/gen_wr_a.gen_word_narrow.mem_reg/CLKBWRCLK
Min Period        n/a     RAMB36E1/CLKARDCLK  n/a            2.944         5.000       2.056      RAMB36_X2Y4   dbf_reference_bd_i/axis_out_fifo_0/inst/gen_fifo.xpm_fifo_axis_inst/xpm_fifo_base_inst/gen_sdpram.xpm_memory_base_inst/gen_wr_a.gen_word_narrow.mem_reg_0/CLKARDCLK
Min Period        n/a     RAMB36E1/CLKBWRCLK  n/a            2.944         5.000       2.056      RAMB36_X2Y4   dbf_reference_bd_i/axis_out_fifo_0/inst/gen_fifo.xpm_fifo_axis_inst/xpm_fifo_base_inst/gen_sdpram.xpm_memory_base_inst/gen_wr_a.gen_word_narrow.mem_reg_0/CLKBWRCLK
Min Period        n/a     RAMB18E1/CLKARDCLK  n/a            2.944         5.000       2.056      RAMB18_X2Y12  dbf_reference_bd_i/axis_out_fifo_0/inst/gen_fifo.xpm_fifo_axis_inst/xpm_fifo_base_inst/gen_sdpram.xpm_memory_base_inst/gen_wr_a.gen_word_narrow.mem_reg_1/CLKARDCLK
Min Period        n/a     RAMB18E1/CLKBWRCLK  n/a            2.944         5.000       2.056      RAMB18_X2Y12  dbf_reference_bd_i/axis_out_fifo_0/inst/gen_fifo.xpm_fifo_axis_inst/xpm_fifo_base_inst/gen_sdpram.xpm_memory_base_inst/gen_wr_a.gen_word_narrow.mem_reg_1/CLKBWRCLK
Low Pulse Width   Slow    FDRE/C              n/a            0.500         2.500       2.000      SLICE_X15Y7   dbf_reference_bd_i/axis_in_fifo_0/inst/gen_fifo.xpm_fifo_axis_inst/gaxis_rst_sync.xpm_cdc_sync_rst_inst/syncstages_ff_reg[0]/C
Low Pulse Width   Fast    FDRE/C              n/a            0.500         2.500       2.000      SLICE_X15Y7   dbf_reference_bd_i/axis_in_fifo_0/inst/gen_fifo.xpm_fifo_axis_inst/gaxis_rst_sync.xpm_cdc_sync_rst_inst/syncstages_ff_reg[0]/C
Low Pulse Width   Slow    FDRE/C              n/a            0.500         2.500       2.000      SLICE_X15Y7   dbf_reference_bd_i/axis_in_fifo_0/inst/gen_fifo.xpm_fifo_axis_inst/gaxis_rst_sync.xpm_cdc_sync_rst_inst/syncstages_ff_reg[1]/C
Low Pulse Width   Fast    FDRE/C              n/a            0.500         2.500       2.000      SLICE_X15Y7   dbf_reference_bd_i/axis_in_fifo_0/inst/gen_fifo.xpm_fifo_axis_inst/gaxis_rst_sync.xpm_cdc_sync_rst_inst/syncstages_ff_reg[1]/C
Low Pulse Width   Slow    FDRE/C              n/a            0.500         2.500       2.000      SLICE_X15Y7   dbf_reference_bd_i/axis_in_fifo_0/inst/gen_fifo.xpm_fifo_axis_inst/gaxis_rst_sync.xpm_cdc_sync_rst_inst/syncstages_ff_reg[2]/C
Low Pulse Width   Fast    FDRE/C              n/a            0.500         2.500       2.000      SLICE_X15Y7   dbf_reference_bd_i/axis_in_fifo_0/inst/gen_fifo.xpm_fifo_axis_inst/gaxis_rst_sync.xpm_cdc_sync_rst_inst/syncstages_ff_reg[2]/C
Low Pulse Width   Slow    FDRE/C              n/a            0.500         2.500       2.000      SLICE_X15Y7   dbf_reference_bd_i/axis_in_fifo_0/inst/gen_fifo.xpm_fifo_axis_inst/gaxis_rst_sync.xpm_cdc_sync_rst_inst/syncstages_ff_reg[3]/C
Low Pulse Width   Fast    FDRE/C              n/a            0.500         2.500       2.000      SLICE_X15Y7   dbf_reference_bd_i/axis_in_fifo_0/inst/gen_fifo.xpm_fifo_axis_inst/gaxis_rst_sync.xpm_cdc_sync_rst_inst/syncstages_ff_reg[3]/C
Low Pulse Width   Slow    FDRE/C              n/a            0.500         2.500       2.000      SLICE_X23Y14  dbf_reference_bd_i/axis_in_fifo_0/inst/gen_fifo.xpm_fifo_axis_inst/xpm_fifo_base_inst/FSM_sequential_gen_fwft.curr_fwft_state_reg[0]/C
Low Pulse Width   Fast    FDRE/C              n/a            0.500         2.500       2.000      SLICE_X23Y14  dbf_reference_bd_i/axis_in_fifo_0/inst/gen_fifo.xpm_fifo_axis_inst/xpm_fifo_base_inst/FSM_sequential_gen_fwft.curr_fwft_state_reg[0]/C
Low Pulse Width   Slow    FDRE/C              n/a            0.500         2.500       2.000      SLICE_X23Y14  dbf_reference_bd_i/axis_in_fifo_0/inst/gen_fifo.xpm_fifo_axis_inst/xpm_fifo_base_inst/FSM_sequential_gen_fwft.curr_fwft_state_reg[1]/C
Low Pulse Width   Fast    FDRE/C              n/a            0.500         2.500       2.000      SLICE_X23Y14  dbf_reference_bd_i/axis_in_fifo_0/inst/gen_fifo.xpm_fifo_axis_inst/xpm_fifo_base_inst/FSM_sequential_gen_fwft.curr_fwft_state_reg[1]/C
Low Pulse Width   Slow    FDSE/C              n/a            0.500         2.500       2.000      SLICE_X27Y12  dbf_reference_bd_i/axis_in_fifo_0/inst/gen_fifo.xpm_fifo_axis_inst/xpm_fifo_base_inst/gen_fwft.empty_fwft_i_reg/C
Low Pulse Width   Fast    FDSE/C              n/a            0.500         2.500       2.000      SLICE_X27Y12  dbf_reference_bd_i/axis_in_fifo_0/inst/gen_fifo.xpm_fifo_axis_inst/xpm_fifo_base_inst/gen_fwft.empty_fwft_i_reg/C
Low Pulse Width   Slow    FDRE/C              n/a            0.500         2.500       2.000      SLICE_X27Y12  dbf_reference_bd_i/axis_in_fifo_0/inst/gen_fifo.xpm_fifo_axis_inst/xpm_fifo_base_inst/gen_fwft.gdvld_fwft.data_valid_fwft_reg/C
Low Pulse Width   Fast    FDRE/C              n/a            0.500         2.500       2.000      SLICE_X27Y12  dbf_reference_bd_i/axis_in_fifo_0/inst/gen_fifo.xpm_fifo_axis_inst/xpm_fifo_base_inst/gen_fwft.gdvld_fwft.data_valid_fwft_reg/C
Low Pulse Width   Slow    FDSE/C              n/a            0.500         2.500       2.000      SLICE_X16Y13  dbf_reference_bd_i/axis_in_fifo_0/inst/gen_fifo.xpm_fifo_axis_inst/xpm_fifo_base_inst/gen_pntr_flags_cc.gen_full_rst_val.ram_full_i_reg/C
Low Pulse Width   Fast    FDSE/C              n/a            0.500         2.500       2.000      SLICE_X16Y13  dbf_reference_bd_i/axis_in_fifo_0/inst/gen_fifo.xpm_fifo_axis_inst/xpm_fifo_base_inst/gen_pntr_flags_cc.gen_full_rst_val.ram_full_i_reg/C
Low Pulse Width   Slow    FDRE/C              n/a            0.500         2.500       2.000      SLICE_X16Y13  dbf_reference_bd_i/axis_in_fifo_0/inst/gen_fifo.xpm_fifo_axis_inst/xpm_fifo_base_inst/gen_pntr_flags_cc.gen_full_rst_val.ram_full_n_reg/C
Low Pulse Width   Fast    FDRE/C              n/a            0.500         2.500       2.000      SLICE_X16Y13  dbf_reference_bd_i/axis_in_fifo_0/inst/gen_fifo.xpm_fifo_axis_inst/xpm_fifo_base_inst/gen_pntr_flags_cc.gen_full_rst_val.ram_full_n_reg/C
High Pulse Width  Slow    FDRE/C              n/a            0.500         2.500       2.000      SLICE_X15Y7   dbf_reference_bd_i/axis_in_fifo_0/inst/gen_fifo.xpm_fifo_axis_inst/gaxis_rst_sync.xpm_cdc_sync_rst_inst/syncstages_ff_reg[0]/C
High Pulse Width  Fast    FDRE/C              n/a            0.500         2.500       2.000      SLICE_X15Y7   dbf_reference_bd_i/axis_in_fifo_0/inst/gen_fifo.xpm_fifo_axis_inst/gaxis_rst_sync.xpm_cdc_sync_rst_inst/syncstages_ff_reg[0]/C
High Pulse Width  Slow    FDRE/C              n/a            0.500         2.500       2.000      SLICE_X15Y7   dbf_reference_bd_i/axis_in_fifo_0/inst/gen_fifo.xpm_fifo_axis_inst/gaxis_rst_sync.xpm_cdc_sync_rst_inst/syncstages_ff_reg[1]/C
High Pulse Width  Fast    FDRE/C              n/a            0.500         2.500       2.000      SLICE_X15Y7   dbf_reference_bd_i/axis_in_fifo_0/inst/gen_fifo.xpm_fifo_axis_inst/gaxis_rst_sync.xpm_cdc_sync_rst_inst/syncstages_ff_reg[1]/C
High Pulse Width  Slow    FDRE/C              n/a            0.500         2.500       2.000      SLICE_X15Y7   dbf_reference_bd_i/axis_in_fifo_0/inst/gen_fifo.xpm_fifo_axis_inst/gaxis_rst_sync.xpm_cdc_sync_rst_inst/syncstages_ff_reg[2]/C
High Pulse Width  Fast    FDRE/C              n/a            0.500         2.500       2.000      SLICE_X15Y7   dbf_reference_bd_i/axis_in_fifo_0/inst/gen_fifo.xpm_fifo_axis_inst/gaxis_rst_sync.xpm_cdc_sync_rst_inst/syncstages_ff_reg[2]/C
High Pulse Width  Slow    FDRE/C              n/a            0.500         2.500       2.000      SLICE_X15Y7   dbf_reference_bd_i/axis_in_fifo_0/inst/gen_fifo.xpm_fifo_axis_inst/gaxis_rst_sync.xpm_cdc_sync_rst_inst/syncstages_ff_reg[3]/C
High Pulse Width  Fast    FDRE/C              n/a            0.500         2.500       2.000      SLICE_X15Y7   dbf_reference_bd_i/axis_in_fifo_0/inst/gen_fifo.xpm_fifo_axis_inst/gaxis_rst_sync.xpm_cdc_sync_rst_inst/syncstages_ff_reg[3]/C
High Pulse Width  Slow    FDRE/C              n/a            0.500         2.500       2.000      SLICE_X23Y14  dbf_reference_bd_i/axis_in_fifo_0/inst/gen_fifo.xpm_fifo_axis_inst/xpm_fifo_base_inst/FSM_sequential_gen_fwft.curr_fwft_state_reg[0]/C
High Pulse Width  Fast    FDRE/C              n/a            0.500         2.500       2.000      SLICE_X23Y14  dbf_reference_bd_i/axis_in_fifo_0/inst/gen_fifo.xpm_fifo_axis_inst/xpm_fifo_base_inst/FSM_sequential_gen_fwft.curr_fwft_state_reg[0]/C
High Pulse Width  Slow    FDRE/C              n/a            0.500         2.500       2.000      SLICE_X23Y14  dbf_reference_bd_i/axis_in_fifo_0/inst/gen_fifo.xpm_fifo_axis_inst/xpm_fifo_base_inst/FSM_sequential_gen_fwft.curr_fwft_state_reg[1]/C
High Pulse Width  Fast    FDRE/C              n/a            0.500         2.500       2.000      SLICE_X23Y14  dbf_reference_bd_i/axis_in_fifo_0/inst/gen_fifo.xpm_fifo_axis_inst/xpm_fifo_base_inst/FSM_sequential_gen_fwft.curr_fwft_state_reg[1]/C
High Pulse Width  Slow    FDSE/C              n/a            0.500         2.500       2.000      SLICE_X27Y12  dbf_reference_bd_i/axis_in_fifo_0/inst/gen_fifo.xpm_fifo_axis_inst/xpm_fifo_base_inst/gen_fwft.empty_fwft_i_reg/C
High Pulse Width  Fast    FDSE/C              n/a            0.500         2.500       2.000      SLICE_X27Y12  dbf_reference_bd_i/axis_in_fifo_0/inst/gen_fifo.xpm_fifo_axis_inst/xpm_fifo_base_inst/gen_fwft.empty_fwft_i_reg/C
High Pulse Width  Slow    FDRE/C              n/a            0.500         2.500       2.000      SLICE_X27Y12  dbf_reference_bd_i/axis_in_fifo_0/inst/gen_fifo.xpm_fifo_axis_inst/xpm_fifo_base_inst/gen_fwft.gdvld_fwft.data_valid_fwft_reg/C
High Pulse Width  Fast    FDRE/C              n/a            0.500         2.500       2.000      SLICE_X27Y12  dbf_reference_bd_i/axis_in_fifo_0/inst/gen_fifo.xpm_fifo_axis_inst/xpm_fifo_base_inst/gen_fwft.gdvld_fwft.data_valid_fwft_reg/C
High Pulse Width  Slow    FDSE/C              n/a            0.500         2.500       2.000      SLICE_X16Y13  dbf_reference_bd_i/axis_in_fifo_0/inst/gen_fifo.xpm_fifo_axis_inst/xpm_fifo_base_inst/gen_pntr_flags_cc.gen_full_rst_val.ram_full_i_reg/C
High Pulse Width  Fast    FDSE/C              n/a            0.500         2.500       2.000      SLICE_X16Y13  dbf_reference_bd_i/axis_in_fifo_0/inst/gen_fifo.xpm_fifo_axis_inst/xpm_fifo_base_inst/gen_pntr_flags_cc.gen_full_rst_val.ram_full_i_reg/C
High Pulse Width  Slow    FDRE/C              n/a            0.500         2.500       2.000      SLICE_X16Y13  dbf_reference_bd_i/axis_in_fifo_0/inst/gen_fifo.xpm_fifo_axis_inst/xpm_fifo_base_inst/gen_pntr_flags_cc.gen_full_rst_val.ram_full_n_reg/C
High Pulse Width  Fast    FDRE/C              n/a            0.500         2.500       2.000      SLICE_X16Y13  dbf_reference_bd_i/axis_in_fifo_0/inst/gen_fifo.xpm_fifo_axis_inst/xpm_fifo_base_inst/gen_pntr_flags_cc.gen_full_rst_val.ram_full_n_reg/C



--------------------------------------------------------------------------------------
Path Group:  (none)
From Clock:  
  To Clock:  aclk

Max Delay          5803 Endpoints
Min Delay          5803 Endpoints
--------------------------------------------------------------------------------------


Max Delay Paths
--------------------------------------------------------------------------------------
Slack:                    inf
  Source:                 aresetn
                            (input port)
  Destination:            dbf_reference_bd_i/dbf_axis_0/inst/u_system/u_datapath/u_core/gen_lane[0].u_lane/u_quant_im/abs_s1_reg[36]/R
                            (rising edge-triggered cell FDRE clocked by aclk  {rise@0.000ns fall@2.500ns period=5.000ns})
  Path Group:             (none)
  Path Type:              Setup (Max at Slow Process Corner)
  Data Path Delay:        13.340ns  (logic 0.124ns (0.930%)  route 13.216ns (99.070%))
  Logic Levels:           1  (LUT1=1)
  Clock Path Skew:        0.924ns (DCD - SCD + CPR)
    Destination Clock Delay (DCD):    0.924ns
    Source Clock Delay      (SCD):    0.000ns
    Clock Pessimism Removal (CPR):    0.000ns
  Clock Uncertainty:      0.025ns  ((TSJ^2 + TIJ^2)^1/2 + DJ) / 2 + PE
    Total System Jitter     (TSJ):    0.050ns
    Total Input Jitter      (TIJ):    0.000ns
    Discrete Jitter          (DJ):    0.000ns
    Phase Error              (PE):    0.000ns
  Timing Exception:       False Path

    Location             Delay type                Incr(ns)  Path(ns)    Netlist Resource(s)
  -------------------------------------------------------------------    -------------------
                                                      0.000     0.000 f  aresetn (IN)
                         net (fo=67, unset)           0.973     0.973    dbf_reference_bd_i/dbf_axis_0/inst/u_system/u_datapath/u_core/gen_lane[6].u_lane/u_quant_re/aresetn
    SLICE_X26Y31         LUT1 (Prop_lut1_I0_O)        0.124     1.097 r  dbf_reference_bd_i/dbf_axis_0/inst/u_system/u_datapath/u_core/gen_lane[6].u_lane/u_quant_re/m_axis_z_tdata[51]_i_1/O
                         net (fo=4569, routed)       12.243    13.340    dbf_reference_bd_i/dbf_axis_0/inst/u_system/u_datapath/u_core/gen_lane[0].u_lane/u_quant_im/clip_flag_reg_1
    SLICE_X47Y29         FDRE                                         r  dbf_reference_bd_i/dbf_axis_0/inst/u_system/u_datapath/u_core/gen_lane[0].u_lane/u_quant_im/abs_s1_reg[36]/R
  -------------------------------------------------------------------    -------------------

                         (clock aclk rise edge)       0.000     0.000 r  
                                                      0.000     0.000 r  aclk (IN)
                         net (fo=5173, unset)         0.924     0.924    dbf_reference_bd_i/dbf_axis_0/inst/u_system/u_datapath/u_core/gen_lane[0].u_lane/u_quant_im/aclk
    SLICE_X47Y29         FDRE                                         r  dbf_reference_bd_i/dbf_axis_0/inst/u_system/u_datapath/u_core/gen_lane[0].u_lane/u_quant_im/abs_s1_reg[36]/C

Slack:                    inf
  Source:                 aresetn
                            (input port)
  Destination:            dbf_reference_bd_i/dbf_axis_0/inst/u_system/u_datapath/u_core/gen_lane[0].u_lane/u_quant_im/abs_s1_reg[37]/R
                            (rising edge-triggered cell FDRE clocked by aclk  {rise@0.000ns fall@2.500ns period=5.000ns})
  Path Group:             (none)
  Path Type:              Setup (Max at Slow Process Corner)
  Data Path Delay:        13.340ns  (logic 0.124ns (0.930%)  route 13.216ns (99.070%))
  Logic Levels:           1  (LUT1=1)
  Clock Path Skew:        0.924ns (DCD - SCD + CPR)
    Destination Clock Delay (DCD):    0.924ns
    Source Clock Delay      (SCD):    0.000ns
    Clock Pessimism Removal (CPR):    0.000ns
  Clock Uncertainty:      0.025ns  ((TSJ^2 + TIJ^2)^1/2 + DJ) / 2 + PE
    Total System Jitter     (TSJ):    0.050ns
    Total Input Jitter      (TIJ):    0.000ns
    Discrete Jitter          (DJ):    0.000ns
    Phase Error              (PE):    0.000ns
  Timing Exception:       False Path

    Location             Delay type                Incr(ns)  Path(ns)    Netlist Resource(s)
  -------------------------------------------------------------------    -------------------
                                                      0.000     0.000 f  aresetn (IN)
                         net (fo=67, unset)           0.973     0.973    dbf_reference_bd_i/dbf_axis_0/inst/u_system/u_datapath/u_core/gen_lane[6].u_lane/u_quant_re/aresetn
    SLICE_X26Y31         LUT1 (Prop_lut1_I0_O)        0.124     1.097 r  dbf_reference_bd_i/dbf_axis_0/inst/u_system/u_datapath/u_core/gen_lane[6].u_lane/u_quant_re/m_axis_z_tdata[51]_i_1/O
                         net (fo=4569, routed)       12.243    13.340    dbf_reference_bd_i/dbf_axis_0/inst/u_system/u_datapath/u_core/gen_lane[0].u_lane/u_quant_im/clip_flag_reg_1
    SLICE_X47Y29         FDRE                                         r  dbf_reference_bd_i/dbf_axis_0/inst/u_system/u_datapath/u_core/gen_lane[0].u_lane/u_quant_im/abs_s1_reg[37]/R
  -------------------------------------------------------------------    -------------------

                         (clock aclk rise edge)       0.000     0.000 r  
                                                      0.000     0.000 r  aclk (IN)
                         net (fo=5173, unset)         0.924     0.924    dbf_reference_bd_i/dbf_axis_0/inst/u_system/u_datapath/u_core/gen_lane[0].u_lane/u_quant_im/aclk
    SLICE_X47Y29         FDRE                                         r  dbf_reference_bd_i/dbf_axis_0/inst/u_system/u_datapath/u_core/gen_lane[0].u_lane/u_quant_im/abs_s1_reg[37]/C

Slack:                    inf
  Source:                 aresetn
                            (input port)
  Destination:            dbf_reference_bd_i/dbf_axis_0/inst/u_system/u_datapath/u_core/gen_lane[0].u_lane/u_quant_im/abs_s1_reg[38]/R
                            (rising edge-triggered cell FDRE clocked by aclk  {rise@0.000ns fall@2.500ns period=5.000ns})
  Path Group:             (none)
  Path Type:              Setup (Max at Slow Process Corner)
  Data Path Delay:        13.340ns  (logic 0.124ns (0.930%)  route 13.216ns (99.070%))
  Logic Levels:           1  (LUT1=1)
  Clock Path Skew:        0.924ns (DCD - SCD + CPR)
    Destination Clock Delay (DCD):    0.924ns
    Source Clock Delay      (SCD):    0.000ns
    Clock Pessimism Removal (CPR):    0.000ns
  Clock Uncertainty:      0.025ns  ((TSJ^2 + TIJ^2)^1/2 + DJ) / 2 + PE
    Total System Jitter     (TSJ):    0.050ns
    Total Input Jitter      (TIJ):    0.000ns
    Discrete Jitter          (DJ):    0.000ns
    Phase Error              (PE):    0.000ns
  Timing Exception:       False Path

    Location             Delay type                Incr(ns)  Path(ns)    Netlist Resource(s)
  -------------------------------------------------------------------    -------------------
                                                      0.000     0.000 f  aresetn (IN)
                         net (fo=67, unset)           0.973     0.973    dbf_reference_bd_i/dbf_axis_0/inst/u_system/u_datapath/u_core/gen_lane[6].u_lane/u_quant_re/aresetn
    SLICE_X26Y31         LUT1 (Prop_lut1_I0_O)        0.124     1.097 r  dbf_reference_bd_i/dbf_axis_0/inst/u_system/u_datapath/u_core/gen_lane[6].u_lane/u_quant_re/m_axis_z_tdata[51]_i_1/O
                         net (fo=4569, routed)       12.243    13.340    dbf_reference_bd_i/dbf_axis_0/inst/u_system/u_datapath/u_core/gen_lane[0].u_lane/u_quant_im/clip_flag_reg_1
    SLICE_X47Y29         FDRE                                         r  dbf_reference_bd_i/dbf_axis_0/inst/u_system/u_datapath/u_core/gen_lane[0].u_lane/u_quant_im/abs_s1_reg[38]/R
  -------------------------------------------------------------------    -------------------

                         (clock aclk rise edge)       0.000     0.000 r  
                                                      0.000     0.000 r  aclk (IN)
                         net (fo=5173, unset)         0.924     0.924    dbf_reference_bd_i/dbf_axis_0/inst/u_system/u_datapath/u_core/gen_lane[0].u_lane/u_quant_im/aclk
    SLICE_X47Y29         FDRE                                         r  dbf_reference_bd_i/dbf_axis_0/inst/u_system/u_datapath/u_core/gen_lane[0].u_lane/u_quant_im/abs_s1_reg[38]/C

Slack:                    inf
  Source:                 aresetn
                            (input port)
  Destination:            dbf_reference_bd_i/dbf_axis_0/inst/u_system/u_datapath/u_core/gen_lane[0].u_lane/u_quant_im/abs_s1_reg[39]/R
                            (rising edge-triggered cell FDRE clocked by aclk  {rise@0.000ns fall@2.500ns period=5.000ns})
  Path Group:             (none)
  Path Type:              Setup (Max at Slow Process Corner)
  Data Path Delay:        13.340ns  (logic 0.124ns (0.930%)  route 13.216ns (99.070%))
  Logic Levels:           1  (LUT1=1)
  Clock Path Skew:        0.924ns (DCD - SCD + CPR)
    Destination Clock Delay (DCD):    0.924ns
    Source Clock Delay      (SCD):    0.000ns
    Clock Pessimism Removal (CPR):    0.000ns
  Clock Uncertainty:      0.025ns  ((TSJ^2 + TIJ^2)^1/2 + DJ) / 2 + PE
    Total System Jitter     (TSJ):    0.050ns
    Total Input Jitter      (TIJ):    0.000ns
    Discrete Jitter          (DJ):    0.000ns
    Phase Error              (PE):    0.000ns
  Timing Exception:       False Path

    Location             Delay type                Incr(ns)  Path(ns)    Netlist Resource(s)
  -------------------------------------------------------------------    -------------------
                                                      0.000     0.000 f  aresetn (IN)
                         net (fo=67, unset)           0.973     0.973    dbf_reference_bd_i/dbf_axis_0/inst/u_system/u_datapath/u_core/gen_lane[6].u_lane/u_quant_re/aresetn
    SLICE_X26Y31         LUT1 (Prop_lut1_I0_O)        0.124     1.097 r  dbf_reference_bd_i/dbf_axis_0/inst/u_system/u_datapath/u_core/gen_lane[6].u_lane/u_quant_re/m_axis_z_tdata[51]_i_1/O
                         net (fo=4569, routed)       12.243    13.340    dbf_reference_bd_i/dbf_axis_0/inst/u_system/u_datapath/u_core/gen_lane[0].u_lane/u_quant_im/clip_flag_reg_1
    SLICE_X47Y29         FDRE                                         r  dbf_reference_bd_i/dbf_axis_0/inst/u_system/u_datapath/u_core/gen_lane[0].u_lane/u_quant_im/abs_s1_reg[39]/R
  -------------------------------------------------------------------    -------------------

                         (clock aclk rise edge)       0.000     0.000 r  
                                                      0.000     0.000 r  aclk (IN)
                         net (fo=5173, unset)         0.924     0.924    dbf_reference_bd_i/dbf_axis_0/inst/u_system/u_datapath/u_core/gen_lane[0].u_lane/u_quant_im/aclk
    SLICE_X47Y29         FDRE                                         r  dbf_reference_bd_i/dbf_axis_0/inst/u_system/u_datapath/u_core/gen_lane[0].u_lane/u_quant_im/abs_s1_reg[39]/C

Slack:                    inf
  Source:                 aresetn
                            (input port)
  Destination:            dbf_reference_bd_i/dbf_axis_0/inst/u_system/u_datapath/u_core/gen_lane[0].u_lane/u_quant_im/rounded_abs_s2_reg[18]/R
                            (rising edge-triggered cell FDRE clocked by aclk  {rise@0.000ns fall@2.500ns period=5.000ns})
  Path Group:             (none)
  Path Type:              Setup (Max at Slow Process Corner)
  Data Path Delay:        13.340ns  (logic 0.124ns (0.930%)  route 13.216ns (99.070%))
  Logic Levels:           1  (LUT1=1)
  Clock Path Skew:        0.924ns (DCD - SCD + CPR)
    Destination Clock Delay (DCD):    0.924ns
    Source Clock Delay      (SCD):    0.000ns
    Clock Pessimism Removal (CPR):    0.000ns
  Clock Uncertainty:      0.025ns  ((TSJ^2 + TIJ^2)^1/2 + DJ) / 2 + PE
    Total System Jitter     (TSJ):    0.050ns
    Total Input Jitter      (TIJ):    0.000ns
    Discrete Jitter          (DJ):    0.000ns
    Phase Error              (PE):    0.000ns
  Timing Exception:       False Path

    Location             Delay type                Incr(ns)  Path(ns)    Netlist Resource(s)
  -------------------------------------------------------------------    -------------------
                                                      0.000     0.000 f  aresetn (IN)
                         net (fo=67, unset)           0.973     0.973    dbf_reference_bd_i/dbf_axis_0/inst/u_system/u_datapath/u_core/gen_lane[6].u_lane/u_quant_re/aresetn
    SLICE_X26Y31         LUT1 (Prop_lut1_I0_O)        0.124     1.097 r  dbf_reference_bd_i/dbf_axis_0/inst/u_system/u_datapath/u_core/gen_lane[6].u_lane/u_quant_re/m_axis_z_tdata[51]_i_1/O
                         net (fo=4569, routed)       12.243    13.340    dbf_reference_bd_i/dbf_axis_0/inst/u_system/u_datapath/u_core/gen_lane[0].u_lane/u_quant_im/clip_flag_reg_1
    SLICE_X46Y29         FDRE                                         r  dbf_reference_bd_i/dbf_axis_0/inst/u_system/u_datapath/u_core/gen_lane[0].u_lane/u_quant_im/rounded_abs_s2_reg[18]/R
  -------------------------------------------------------------------    -------------------

                         (clock aclk rise edge)       0.000     0.000 r  
                                                      0.000     0.000 r  aclk (IN)
                         net (fo=5173, unset)         0.924     0.924    dbf_reference_bd_i/dbf_axis_0/inst/u_system/u_datapath/u_core/gen_lane[0].u_lane/u_quant_im/aclk
    SLICE_X46Y29         FDRE                                         r  dbf_reference_bd_i/dbf_axis_0/inst/u_system/u_datapath/u_core/gen_lane[0].u_lane/u_quant_im/rounded_abs_s2_reg[18]/C

Slack:                    inf
  Source:                 aresetn
                            (input port)
  Destination:            dbf_reference_bd_i/dbf_axis_0/inst/u_system/u_datapath/u_core/gen_lane[0].u_lane/u_quant_im/rounded_abs_s2_reg[19]/R
                            (rising edge-triggered cell FDRE clocked by aclk  {rise@0.000ns fall@2.500ns period=5.000ns})
  Path Group:             (none)
  Path Type:              Setup (Max at Slow Process Corner)
  Data Path Delay:        13.340ns  (logic 0.124ns (0.930%)  route 13.216ns (99.070%))
  Logic Levels:           1  (LUT1=1)
  Clock Path Skew:        0.924ns (DCD - SCD + CPR)
    Destination Clock Delay (DCD):    0.924ns
    Source Clock Delay      (SCD):    0.000ns
    Clock Pessimism Removal (CPR):    0.000ns
  Clock Uncertainty:      0.025ns  ((TSJ^2 + TIJ^2)^1/2 + DJ) / 2 + PE
    Total System Jitter     (TSJ):    0.050ns
    Total Input Jitter      (TIJ):    0.000ns
    Discrete Jitter          (DJ):    0.000ns
    Phase Error              (PE):    0.000ns
  Timing Exception:       False Path

    Location             Delay type                Incr(ns)  Path(ns)    Netlist Resource(s)
  -------------------------------------------------------------------    -------------------
                                                      0.000     0.000 f  aresetn (IN)
                         net (fo=67, unset)           0.973     0.973    dbf_reference_bd_i/dbf_axis_0/inst/u_system/u_datapath/u_core/gen_lane[6].u_lane/u_quant_re/aresetn
    SLICE_X26Y31         LUT1 (Prop_lut1_I0_O)        0.124     1.097 r  dbf_reference_bd_i/dbf_axis_0/inst/u_system/u_datapath/u_core/gen_lane[6].u_lane/u_quant_re/m_axis_z_tdata[51]_i_1/O
                         net (fo=4569, routed)       12.243    13.340    dbf_reference_bd_i/dbf_axis_0/inst/u_system/u_datapath/u_core/gen_lane[0].u_lane/u_quant_im/clip_flag_reg_1
    SLICE_X46Y29         FDRE                                         r  dbf_reference_bd_i/dbf_axis_0/inst/u_system/u_datapath/u_core/gen_lane[0].u_lane/u_quant_im/rounded_abs_s2_reg[19]/R
  -------------------------------------------------------------------    -------------------

                         (clock aclk rise edge)       0.000     0.000 r  
                                                      0.000     0.000 r  aclk (IN)
                         net (fo=5173, unset)         0.924     0.924    dbf_reference_bd_i/dbf_axis_0/inst/u_system/u_datapath/u_core/gen_lane[0].u_lane/u_quant_im/aclk
    SLICE_X46Y29         FDRE                                         r  dbf_reference_bd_i/dbf_axis_0/inst/u_system/u_datapath/u_core/gen_lane[0].u_lane/u_quant_im/rounded_abs_s2_reg[19]/C

Slack:                    inf
  Source:                 aresetn
                            (input port)
  Destination:            dbf_reference_bd_i/dbf_axis_0/inst/u_system/u_datapath/u_core/gen_lane[0].u_lane/u_quant_im/rounded_abs_s2_reg[20]/R
                            (rising edge-triggered cell FDRE clocked by aclk  {rise@0.000ns fall@2.500ns period=5.000ns})
  Path Group:             (none)
  Path Type:              Setup (Max at Slow Process Corner)
  Data Path Delay:        13.340ns  (logic 0.124ns (0.930%)  route 13.216ns (99.070%))
  Logic Levels:           1  (LUT1=1)
  Clock Path Skew:        0.924ns (DCD - SCD + CPR)
    Destination Clock Delay (DCD):    0.924ns
    Source Clock Delay      (SCD):    0.000ns
    Clock Pessimism Removal (CPR):    0.000ns
  Clock Uncertainty:      0.025ns  ((TSJ^2 + TIJ^2)^1/2 + DJ) / 2 + PE
    Total System Jitter     (TSJ):    0.050ns
    Total Input Jitter      (TIJ):    0.000ns
    Discrete Jitter          (DJ):    0.000ns
    Phase Error              (PE):    0.000ns
  Timing Exception:       False Path

    Location             Delay type                Incr(ns)  Path(ns)    Netlist Resource(s)
  -------------------------------------------------------------------    -------------------
                                                      0.000     0.000 f  aresetn (IN)
                         net (fo=67, unset)           0.973     0.973    dbf_reference_bd_i/dbf_axis_0/inst/u_system/u_datapath/u_core/gen_lane[6].u_lane/u_quant_re/aresetn
    SLICE_X26Y31         LUT1 (Prop_lut1_I0_O)        0.124     1.097 r  dbf_reference_bd_i/dbf_axis_0/inst/u_system/u_datapath/u_core/gen_lane[6].u_lane/u_quant_re/m_axis_z_tdata[51]_i_1/O
                         net (fo=4569, routed)       12.243    13.340    dbf_reference_bd_i/dbf_axis_0/inst/u_system/u_datapath/u_core/gen_lane[0].u_lane/u_quant_im/clip_flag_reg_1
    SLICE_X46Y29         FDRE                                         r  dbf_reference_bd_i/dbf_axis_0/inst/u_system/u_datapath/u_core/gen_lane[0].u_lane/u_quant_im/rounded_abs_s2_reg[20]/R
  -------------------------------------------------------------------    -------------------

                         (clock aclk rise edge)       0.000     0.000 r  
                                                      0.000     0.000 r  aclk (IN)
                         net (fo=5173, unset)         0.924     0.924    dbf_reference_bd_i/dbf_axis_0/inst/u_system/u_datapath/u_core/gen_lane[0].u_lane/u_quant_im/aclk
    SLICE_X46Y29         FDRE                                         r  dbf_reference_bd_i/dbf_axis_0/inst/u_system/u_datapath/u_core/gen_lane[0].u_lane/u_quant_im/rounded_abs_s2_reg[20]/C

Slack:                    inf
  Source:                 aresetn
                            (input port)
  Destination:            dbf_reference_bd_i/dbf_axis_0/inst/u_system/u_datapath/u_core/gen_lane[0].u_lane/u_quant_im/rounded_abs_s2_reg[21]/R
                            (rising edge-triggered cell FDRE clocked by aclk  {rise@0.000ns fall@2.500ns period=5.000ns})
  Path Group:             (none)
  Path Type:              Setup (Max at Slow Process Corner)
  Data Path Delay:        13.340ns  (logic 0.124ns (0.930%)  route 13.216ns (99.070%))
  Logic Levels:           1  (LUT1=1)
  Clock Path Skew:        0.924ns (DCD - SCD + CPR)
    Destination Clock Delay (DCD):    0.924ns
    Source Clock Delay      (SCD):    0.000ns
    Clock Pessimism Removal (CPR):    0.000ns
  Clock Uncertainty:      0.025ns  ((TSJ^2 + TIJ^2)^1/2 + DJ) / 2 + PE
    Total System Jitter     (TSJ):    0.050ns
    Total Input Jitter      (TIJ):    0.000ns
    Discrete Jitter          (DJ):    0.000ns
    Phase Error              (PE):    0.000ns
  Timing Exception:       False Path

    Location             Delay type                Incr(ns)  Path(ns)    Netlist Resource(s)
  -------------------------------------------------------------------    -------------------
                                                      0.000     0.000 f  aresetn (IN)
                         net (fo=67, unset)           0.973     0.973    dbf_reference_bd_i/dbf_axis_0/inst/u_system/u_datapath/u_core/gen_lane[6].u_lane/u_quant_re/aresetn
    SLICE_X26Y31         LUT1 (Prop_lut1_I0_O)        0.124     1.097 r  dbf_reference_bd_i/dbf_axis_0/inst/u_system/u_datapath/u_core/gen_lane[6].u_lane/u_quant_re/m_axis_z_tdata[51]_i_1/O
                         net (fo=4569, routed)       12.243    13.340    dbf_reference_bd_i/dbf_axis_0/inst/u_system/u_datapath/u_core/gen_lane[0].u_lane/u_quant_im/clip_flag_reg_1
    SLICE_X46Y29         FDRE                                         r  dbf_reference_bd_i/dbf_axis_0/inst/u_system/u_datapath/u_core/gen_lane[0].u_lane/u_quant_im/rounded_abs_s2_reg[21]/R
  -------------------------------------------------------------------    -------------------

                         (clock aclk rise edge)       0.000     0.000 r  
                                                      0.000     0.000 r  aclk (IN)
                         net (fo=5173, unset)         0.924     0.924    dbf_reference_bd_i/dbf_axis_0/inst/u_system/u_datapath/u_core/gen_lane[0].u_lane/u_quant_im/aclk
    SLICE_X46Y29         FDRE                                         r  dbf_reference_bd_i/dbf_axis_0/inst/u_system/u_datapath/u_core/gen_lane[0].u_lane/u_quant_im/rounded_abs_s2_reg[21]/C

Slack:                    inf
  Source:                 aresetn
                            (input port)
  Destination:            dbf_reference_bd_i/dbf_axis_0/inst/u_system/u_datapath/u_core/gen_lane[0].u_lane/u_quant_im/abs_s1_reg[32]/R
                            (rising edge-triggered cell FDRE clocked by aclk  {rise@0.000ns fall@2.500ns period=5.000ns})
  Path Group:             (none)
  Path Type:              Setup (Max at Slow Process Corner)
  Data Path Delay:        13.194ns  (logic 0.124ns (0.940%)  route 13.070ns (99.060%))
  Logic Levels:           1  (LUT1=1)
  Clock Path Skew:        0.924ns (DCD - SCD + CPR)
    Destination Clock Delay (DCD):    0.924ns
    Source Clock Delay      (SCD):    0.000ns
    Clock Pessimism Removal (CPR):    0.000ns
  Clock Uncertainty:      0.025ns  ((TSJ^2 + TIJ^2)^1/2 + DJ) / 2 + PE
    Total System Jitter     (TSJ):    0.050ns
    Total Input Jitter      (TIJ):    0.000ns
    Discrete Jitter          (DJ):    0.000ns
    Phase Error              (PE):    0.000ns
  Timing Exception:       False Path

    Location             Delay type                Incr(ns)  Path(ns)    Netlist Resource(s)
  -------------------------------------------------------------------    -------------------
                                                      0.000     0.000 f  aresetn (IN)
                         net (fo=67, unset)           0.973     0.973    dbf_reference_bd_i/dbf_axis_0/inst/u_system/u_datapath/u_core/gen_lane[6].u_lane/u_quant_re/aresetn
    SLICE_X26Y31         LUT1 (Prop_lut1_I0_O)        0.124     1.097 r  dbf_reference_bd_i/dbf_axis_0/inst/u_system/u_datapath/u_core/gen_lane[6].u_lane/u_quant_re/m_axis_z_tdata[51]_i_1/O
                         net (fo=4569, routed)       12.097    13.194    dbf_reference_bd_i/dbf_axis_0/inst/u_system/u_datapath/u_core/gen_lane[0].u_lane/u_quant_im/clip_flag_reg_1
    SLICE_X47Y28         FDRE                                         r  dbf_reference_bd_i/dbf_axis_0/inst/u_system/u_datapath/u_core/gen_lane[0].u_lane/u_quant_im/abs_s1_reg[32]/R
  -------------------------------------------------------------------    -------------------

                         (clock aclk rise edge)       0.000     0.000 r  
                                                      0.000     0.000 r  aclk (IN)
                         net (fo=5173, unset)         0.924     0.924    dbf_reference_bd_i/dbf_axis_0/inst/u_system/u_datapath/u_core/gen_lane[0].u_lane/u_quant_im/aclk
    SLICE_X47Y28         FDRE                                         r  dbf_reference_bd_i/dbf_axis_0/inst/u_system/u_datapath/u_core/gen_lane[0].u_lane/u_quant_im/abs_s1_reg[32]/C

Slack:                    inf
  Source:                 aresetn
                            (input port)
  Destination:            dbf_reference_bd_i/dbf_axis_0/inst/u_system/u_datapath/u_core/gen_lane[0].u_lane/u_quant_im/abs_s1_reg[33]/R
                            (rising edge-triggered cell FDRE clocked by aclk  {rise@0.000ns fall@2.500ns period=5.000ns})
  Path Group:             (none)
  Path Type:              Setup (Max at Slow Process Corner)
  Data Path Delay:        13.194ns  (logic 0.124ns (0.940%)  route 13.070ns (99.060%))
  Logic Levels:           1  (LUT1=1)
  Clock Path Skew:        0.924ns (DCD - SCD + CPR)
    Destination Clock Delay (DCD):    0.924ns
    Source Clock Delay      (SCD):    0.000ns
    Clock Pessimism Removal (CPR):    0.000ns
  Clock Uncertainty:      0.025ns  ((TSJ^2 + TIJ^2)^1/2 + DJ) / 2 + PE
    Total System Jitter     (TSJ):    0.050ns
    Total Input Jitter      (TIJ):    0.000ns
    Discrete Jitter          (DJ):    0.000ns
    Phase Error              (PE):    0.000ns
  Timing Exception:       False Path

    Location             Delay type                Incr(ns)  Path(ns)    Netlist Resource(s)
  -------------------------------------------------------------------    -------------------
                                                      0.000     0.000 f  aresetn (IN)
                         net (fo=67, unset)           0.973     0.973    dbf_reference_bd_i/dbf_axis_0/inst/u_system/u_datapath/u_core/gen_lane[6].u_lane/u_quant_re/aresetn
    SLICE_X26Y31         LUT1 (Prop_lut1_I0_O)        0.124     1.097 r  dbf_reference_bd_i/dbf_axis_0/inst/u_system/u_datapath/u_core/gen_lane[6].u_lane/u_quant_re/m_axis_z_tdata[51]_i_1/O
                         net (fo=4569, routed)       12.097    13.194    dbf_reference_bd_i/dbf_axis_0/inst/u_system/u_datapath/u_core/gen_lane[0].u_lane/u_quant_im/clip_flag_reg_1
    SLICE_X47Y28         FDRE                                         r  dbf_reference_bd_i/dbf_axis_0/inst/u_system/u_datapath/u_core/gen_lane[0].u_lane/u_quant_im/abs_s1_reg[33]/R
  -------------------------------------------------------------------    -------------------

                         (clock aclk rise edge)       0.000     0.000 r  
                                                      0.000     0.000 r  aclk (IN)
                         net (fo=5173, unset)         0.924     0.924    dbf_reference_bd_i/dbf_axis_0/inst/u_system/u_datapath/u_core/gen_lane[0].u_lane/u_quant_im/aclk
    SLICE_X47Y28         FDRE                                         r  dbf_reference_bd_i/dbf_axis_0/inst/u_system/u_datapath/u_core/gen_lane[0].u_lane/u_quant_im/abs_s1_reg[33]/C

Slack:                    inf
  Source:                 aresetn
                            (input port)
  Destination:            dbf_reference_bd_i/dbf_axis_0/inst/u_system/u_datapath/u_core/gen_lane[0].u_lane/u_quant_im/abs_s1_reg[34]/R
                            (rising edge-triggered cell FDRE clocked by aclk  {rise@0.000ns fall@2.500ns period=5.000ns})
  Path Group:             (none)
  Path Type:              Setup (Max at Slow Process Corner)
  Data Path Delay:        13.194ns  (logic 0.124ns (0.940%)  route 13.070ns (99.060%))
  Logic Levels:           1  (LUT1=1)
  Clock Path Skew:        0.924ns (DCD - SCD + CPR)
    Destination Clock Delay (DCD):    0.924ns
    Source Clock Delay      (SCD):    0.000ns
    Clock Pessimism Removal (CPR):    0.000ns
  Clock Uncertainty:      0.025ns  ((TSJ^2 + TIJ^2)^1/2 + DJ) / 2 + PE
    Total System Jitter     (TSJ):    0.050ns
    Total Input Jitter      (TIJ):    0.000ns
    Discrete Jitter          (DJ):    0.000ns
    Phase Error              (PE):    0.000ns
  Timing Exception:       False Path

    Location             Delay type                Incr(ns)  Path(ns)    Netlist Resource(s)
  -------------------------------------------------------------------    -------------------
                                                      0.000     0.000 f  aresetn (IN)
                         net (fo=67, unset)           0.973     0.973    dbf_reference_bd_i/dbf_axis_0/inst/u_system/u_datapath/u_core/gen_lane[6].u_lane/u_quant_re/aresetn
    SLICE_X26Y31         LUT1 (Prop_lut1_I0_O)        0.124     1.097 r  dbf_reference_bd_i/dbf_axis_0/inst/u_system/u_datapath/u_core/gen_lane[6].u_lane/u_quant_re/m_axis_z_tdata[51]_i_1/O
                         net (fo=4569, routed)       12.097    13.194    dbf_reference_bd_i/dbf_axis_0/inst/u_system/u_datapath/u_core/gen_lane[0].u_lane/u_quant_im/clip_flag_reg_1
    SLICE_X47Y28         FDRE                                         r  dbf_reference_bd_i/dbf_axis_0/inst/u_system/u_datapath/u_core/gen_lane[0].u_lane/u_quant_im/abs_s1_reg[34]/R
  -------------------------------------------------------------------    -------------------

                         (clock aclk rise edge)       0.000     0.000 r  
                                                      0.000     0.000 r  aclk (IN)
                         net (fo=5173, unset)         0.924     0.924    dbf_reference_bd_i/dbf_axis_0/inst/u_system/u_datapath/u_core/gen_lane[0].u_lane/u_quant_im/aclk
    SLICE_X47Y28         FDRE                                         r  dbf_reference_bd_i/dbf_axis_0/inst/u_system/u_datapath/u_core/gen_lane[0].u_lane/u_quant_im/abs_s1_reg[34]/C

Slack:                    inf
  Source:                 aresetn
                            (input port)
  Destination:            dbf_reference_bd_i/dbf_axis_0/inst/u_system/u_datapath/u_core/gen_lane[0].u_lane/u_quant_im/abs_s1_reg[35]/R
                            (rising edge-triggered cell FDRE clocked by aclk  {rise@0.000ns fall@2.500ns period=5.000ns})
  Path Group:             (none)
  Path Type:              Setup (Max at Slow Process Corner)
  Data Path Delay:        13.194ns  (logic 0.124ns (0.940%)  route 13.070ns (99.060%))
  Logic Levels:           1  (LUT1=1)
  Clock Path Skew:        0.924ns (DCD - SCD + CPR)
    Destination Clock Delay (DCD):    0.924ns
    Source Clock Delay      (SCD):    0.000ns
    Clock Pessimism Removal (CPR):    0.000ns
  Clock Uncertainty:      0.025ns  ((TSJ^2 + TIJ^2)^1/2 + DJ) / 2 + PE
    Total System Jitter     (TSJ):    0.050ns
    Total Input Jitter      (TIJ):    0.000ns
    Discrete Jitter          (DJ):    0.000ns
    Phase Error              (PE):    0.000ns
  Timing Exception:       False Path

    Location             Delay type                Incr(ns)  Path(ns)    Netlist Resource(s)
  -------------------------------------------------------------------    -------------------
                                                      0.000     0.000 f  aresetn (IN)
                         net (fo=67, unset)           0.973     0.973    dbf_reference_bd_i/dbf_axis_0/inst/u_system/u_datapath/u_core/gen_lane[6].u_lane/u_quant_re/aresetn
    SLICE_X26Y31         LUT1 (Prop_lut1_I0_O)        0.124     1.097 r  dbf_reference_bd_i/dbf_axis_0/inst/u_system/u_datapath/u_core/gen_lane[6].u_lane/u_quant_re/m_axis_z_tdata[51]_i_1/O
                         net (fo=4569, routed)       12.097    13.194    dbf_reference_bd_i/dbf_axis_0/inst/u_system/u_datapath/u_core/gen_lane[0].u_lane/u_quant_im/clip_flag_reg_1
    SLICE_X47Y28         FDRE                                         r  dbf_reference_bd_i/dbf_axis_0/inst/u_system/u_datapath/u_core/gen_lane[0].u_lane/u_quant_im/abs_s1_reg[35]/R
  -------------------------------------------------------------------    -------------------

                         (clock aclk rise edge)       0.000     0.000 r  
                                                      0.000     0.000 r  aclk (IN)
                         net (fo=5173, unset)         0.924     0.924    dbf_reference_bd_i/dbf_axis_0/inst/u_system/u_datapath/u_core/gen_lane[0].u_lane/u_quant_im/aclk
    SLICE_X47Y28         FDRE                                         r  dbf_reference_bd_i/dbf_axis_0/inst/u_system/u_datapath/u_core/gen_lane[0].u_lane/u_quant_im/abs_s1_reg[35]/C

Slack:                    inf
  Source:                 aresetn
                            (input port)
  Destination:            dbf_reference_bd_i/dbf_axis_0/inst/u_system/u_datapath/u_core/gen_lane[0].u_lane/u_quant_im/rounded_abs_s2_reg[14]/R
                            (rising edge-triggered cell FDRE clocked by aclk  {rise@0.000ns fall@2.500ns period=5.000ns})
  Path Group:             (none)
  Path Type:              Setup (Max at Slow Process Corner)
  Data Path Delay:        13.194ns  (logic 0.124ns (0.940%)  route 13.070ns (99.060%))
  Logic Levels:           1  (LUT1=1)
  Clock Path Skew:        0.924ns (DCD - SCD + CPR)
    Destination Clock Delay (DCD):    0.924ns
    Source Clock Delay      (SCD):    0.000ns
    Clock Pessimism Removal (CPR):    0.000ns
  Clock Uncertainty:      0.025ns  ((TSJ^2 + TIJ^2)^1/2 + DJ) / 2 + PE
    Total System Jitter     (TSJ):    0.050ns
    Total Input Jitter      (TIJ):    0.000ns
    Discrete Jitter          (DJ):    0.000ns
    Phase Error              (PE):    0.000ns
  Timing Exception:       False Path

    Location             Delay type                Incr(ns)  Path(ns)    Netlist Resource(s)
  -------------------------------------------------------------------    -------------------
                                                      0.000     0.000 f  aresetn (IN)
                         net (fo=67, unset)           0.973     0.973    dbf_reference_bd_i/dbf_axis_0/inst/u_system/u_datapath/u_core/gen_lane[6].u_lane/u_quant_re/aresetn
    SLICE_X26Y31         LUT1 (Prop_lut1_I0_O)        0.124     1.097 r  dbf_reference_bd_i/dbf_axis_0/inst/u_system/u_datapath/u_core/gen_lane[6].u_lane/u_quant_re/m_axis_z_tdata[51]_i_1/O
                         net (fo=4569, routed)       12.097    13.194    dbf_reference_bd_i/dbf_axis_0/inst/u_system/u_datapath/u_core/gen_lane[0].u_lane/u_quant_im/clip_flag_reg_1
    SLICE_X46Y28         FDRE                                         r  dbf_reference_bd_i/dbf_axis_0/inst/u_system/u_datapath/u_core/gen_lane[0].u_lane/u_quant_im/rounded_abs_s2_reg[14]/R
  -------------------------------------------------------------------    -------------------

                         (clock aclk rise edge)       0.000     0.000 r  
                                                      0.000     0.000 r  aclk (IN)
                         net (fo=5173, unset)         0.924     0.924    dbf_reference_bd_i/dbf_axis_0/inst/u_system/u_datapath/u_core/gen_lane[0].u_lane/u_quant_im/aclk
    SLICE_X46Y28         FDRE                                         r  dbf_reference_bd_i/dbf_axis_0/inst/u_system/u_datapath/u_core/gen_lane[0].u_lane/u_quant_im/rounded_abs_s2_reg[14]/C

Slack:                    inf
  Source:                 aresetn
                            (input port)
  Destination:            dbf_reference_bd_i/dbf_axis_0/inst/u_system/u_datapath/u_core/gen_lane[0].u_lane/u_quant_im/rounded_abs_s2_reg[15]/R
                            (rising edge-triggered cell FDRE clocked by aclk  {rise@0.000ns fall@2.500ns period=5.000ns})
  Path Group:             (none)
  Path Type:              Setup (Max at Slow Process Corner)
  Data Path Delay:        13.194ns  (logic 0.124ns (0.940%)  route 13.070ns (99.060%))
  Logic Levels:           1  (LUT1=1)
  Clock Path Skew:        0.924ns (DCD - SCD + CPR)
    Destination Clock Delay (DCD):    0.924ns
    Source Clock Delay      (SCD):    0.000ns
    Clock Pessimism Removal (CPR):    0.000ns
  Clock Uncertainty:      0.025ns  ((TSJ^2 + TIJ^2)^1/2 + DJ) / 2 + PE
    Total System Jitter     (TSJ):    0.050ns
    Total Input Jitter      (TIJ):    0.000ns
    Discrete Jitter          (DJ):    0.000ns
    Phase Error              (PE):    0.000ns
  Timing Exception:       False Path

    Location             Delay type                Incr(ns)  Path(ns)    Netlist Resource(s)
  -------------------------------------------------------------------    -------------------
                                                      0.000     0.000 f  aresetn (IN)
                         net (fo=67, unset)           0.973     0.973    dbf_reference_bd_i/dbf_axis_0/inst/u_system/u_datapath/u_core/gen_lane[6].u_lane/u_quant_re/aresetn
    SLICE_X26Y31         LUT1 (Prop_lut1_I0_O)        0.124     1.097 r  dbf_reference_bd_i/dbf_axis_0/inst/u_system/u_datapath/u_core/gen_lane[6].u_lane/u_quant_re/m_axis_z_tdata[51]_i_1/O
                         net (fo=4569, routed)       12.097    13.194    dbf_reference_bd_i/dbf_axis_0/inst/u_system/u_datapath/u_core/gen_lane[0].u_lane/u_quant_im/clip_flag_reg_1
    SLICE_X46Y28         FDRE                                         r  dbf_reference_bd_i/dbf_axis_0/inst/u_system/u_datapath/u_core/gen_lane[0].u_lane/u_quant_im/rounded_abs_s2_reg[15]/R
  -------------------------------------------------------------------    -------------------

                         (clock aclk rise edge)       0.000     0.000 r  
                                                      0.000     0.000 r  aclk (IN)
                         net (fo=5173, unset)         0.924     0.924    dbf_reference_bd_i/dbf_axis_0/inst/u_system/u_datapath/u_core/gen_lane[0].u_lane/u_quant_im/aclk
    SLICE_X46Y28         FDRE                                         r  dbf_reference_bd_i/dbf_axis_0/inst/u_system/u_datapath/u_core/gen_lane[0].u_lane/u_quant_im/rounded_abs_s2_reg[15]/C

Slack:                    inf
  Source:                 aresetn
                            (input port)
  Destination:            dbf_reference_bd_i/dbf_axis_0/inst/u_system/u_datapath/u_core/gen_lane[0].u_lane/u_quant_im/rounded_abs_s2_reg[16]/R
                            (rising edge-triggered cell FDRE clocked by aclk  {rise@0.000ns fall@2.500ns period=5.000ns})
  Path Group:             (none)
  Path Type:              Setup (Max at Slow Process Corner)
  Data Path Delay:        13.194ns  (logic 0.124ns (0.940%)  route 13.070ns (99.060%))
  Logic Levels:           1  (LUT1=1)
  Clock Path Skew:        0.924ns (DCD - SCD + CPR)
    Destination Clock Delay (DCD):    0.924ns
    Source Clock Delay      (SCD):    0.000ns
    Clock Pessimism Removal (CPR):    0.000ns
  Clock Uncertainty:      0.025ns  ((TSJ^2 + TIJ^2)^1/2 + DJ) / 2 + PE
    Total System Jitter     (TSJ):    0.050ns
    Total Input Jitter      (TIJ):    0.000ns
    Discrete Jitter          (DJ):    0.000ns
    Phase Error              (PE):    0.000ns
  Timing Exception:       False Path

    Location             Delay type                Incr(ns)  Path(ns)    Netlist Resource(s)
  -------------------------------------------------------------------    -------------------
                                                      0.000     0.000 f  aresetn (IN)
                         net (fo=67, unset)           0.973     0.973    dbf_reference_bd_i/dbf_axis_0/inst/u_system/u_datapath/u_core/gen_lane[6].u_lane/u_quant_re/aresetn
    SLICE_X26Y31         LUT1 (Prop_lut1_I0_O)        0.124     1.097 r  dbf_reference_bd_i/dbf_axis_0/inst/u_system/u_datapath/u_core/gen_lane[6].u_lane/u_quant_re/m_axis_z_tdata[51]_i_1/O
                         net (fo=4569, routed)       12.097    13.194    dbf_reference_bd_i/dbf_axis_0/inst/u_system/u_datapath/u_core/gen_lane[0].u_lane/u_quant_im/clip_flag_reg_1
    SLICE_X46Y28         FDRE                                         r  dbf_reference_bd_i/dbf_axis_0/inst/u_system/u_datapath/u_core/gen_lane[0].u_lane/u_quant_im/rounded_abs_s2_reg[16]/R
  -------------------------------------------------------------------    -------------------

                         (clock aclk rise edge)       0.000     0.000 r  
                                                      0.000     0.000 r  aclk (IN)
                         net (fo=5173, unset)         0.924     0.924    dbf_reference_bd_i/dbf_axis_0/inst/u_system/u_datapath/u_core/gen_lane[0].u_lane/u_quant_im/aclk
    SLICE_X46Y28         FDRE                                         r  dbf_reference_bd_i/dbf_axis_0/inst/u_system/u_datapath/u_core/gen_lane[0].u_lane/u_quant_im/rounded_abs_s2_reg[16]/C

Slack:                    inf
  Source:                 aresetn
                            (input port)
  Destination:            dbf_reference_bd_i/dbf_axis_0/inst/u_system/u_datapath/u_core/gen_lane[0].u_lane/u_quant_im/rounded_abs_s2_reg[17]/R
                            (rising edge-triggered cell FDRE clocked by aclk  {rise@0.000ns fall@2.500ns period=5.000ns})
  Path Group:             (none)
  Path Type:              Setup (Max at Slow Process Corner)
  Data Path Delay:        13.194ns  (logic 0.124ns (0.940%)  route 13.070ns (99.060%))
  Logic Levels:           1  (LUT1=1)
  Clock Path Skew:        0.924ns (DCD - SCD + CPR)
    Destination Clock Delay (DCD):    0.924ns
    Source Clock Delay      (SCD):    0.000ns
    Clock Pessimism Removal (CPR):    0.000ns
  Clock Uncertainty:      0.025ns  ((TSJ^2 + TIJ^2)^1/2 + DJ) / 2 + PE
    Total System Jitter     (TSJ):    0.050ns
    Total Input Jitter      (TIJ):    0.000ns
    Discrete Jitter          (DJ):    0.000ns
    Phase Error              (PE):    0.000ns
  Timing Exception:       False Path

    Location             Delay type                Incr(ns)  Path(ns)    Netlist Resource(s)
  -------------------------------------------------------------------    -------------------
                                                      0.000     0.000 f  aresetn (IN)
                         net (fo=67, unset)           0.973     0.973    dbf_reference_bd_i/dbf_axis_0/inst/u_system/u_datapath/u_core/gen_lane[6].u_lane/u_quant_re/aresetn
    SLICE_X26Y31         LUT1 (Prop_lut1_I0_O)        0.124     1.097 r  dbf_reference_bd_i/dbf_axis_0/inst/u_system/u_datapath/u_core/gen_lane[6].u_lane/u_quant_re/m_axis_z_tdata[51]_i_1/O
                         net (fo=4569, routed)       12.097    13.194    dbf_reference_bd_i/dbf_axis_0/inst/u_system/u_datapath/u_core/gen_lane[0].u_lane/u_quant_im/clip_flag_reg_1
    SLICE_X46Y28         FDRE                                         r  dbf_reference_bd_i/dbf_axis_0/inst/u_system/u_datapath/u_core/gen_lane[0].u_lane/u_quant_im/rounded_abs_s2_reg[17]/R
  -------------------------------------------------------------------    -------------------

                         (clock aclk rise edge)       0.000     0.000 r  
                                                      0.000     0.000 r  aclk (IN)
                         net (fo=5173, unset)         0.924     0.924    dbf_reference_bd_i/dbf_axis_0/inst/u_system/u_datapath/u_core/gen_lane[0].u_lane/u_quant_im/aclk
    SLICE_X46Y28         FDRE                                         r  dbf_reference_bd_i/dbf_axis_0/inst/u_system/u_datapath/u_core/gen_lane[0].u_lane/u_quant_im/rounded_abs_s2_reg[17]/C

Slack:                    inf
  Source:                 aresetn
                            (input port)
  Destination:            dbf_reference_bd_i/dbf_axis_0/inst/u_system/u_datapath/u_core/gen_lane[2].u_lane/u_quant_im/pos_word_s4_reg[16]/R
                            (rising edge-triggered cell FDRE clocked by aclk  {rise@0.000ns fall@2.500ns period=5.000ns})
  Path Group:             (none)
  Path Type:              Setup (Max at Slow Process Corner)
  Data Path Delay:        13.186ns  (logic 0.124ns (0.940%)  route 13.062ns (99.060%))
  Logic Levels:           1  (LUT1=1)
  Clock Path Skew:        0.924ns (DCD - SCD + CPR)
    Destination Clock Delay (DCD):    0.924ns
    Source Clock Delay      (SCD):    0.000ns
    Clock Pessimism Removal (CPR):    0.000ns
  Clock Uncertainty:      0.025ns  ((TSJ^2 + TIJ^2)^1/2 + DJ) / 2 + PE
    Total System Jitter     (TSJ):    0.050ns
    Total Input Jitter      (TIJ):    0.000ns
    Discrete Jitter          (DJ):    0.000ns
    Phase Error              (PE):    0.000ns
  Timing Exception:       False Path

    Location             Delay type                Incr(ns)  Path(ns)    Netlist Resource(s)
  -------------------------------------------------------------------    -------------------
                                                      0.000     0.000 f  aresetn (IN)
                         net (fo=67, unset)           0.973     0.973    dbf_reference_bd_i/dbf_axis_0/inst/u_system/u_datapath/u_core/gen_lane[6].u_lane/u_quant_re/aresetn
    SLICE_X26Y31         LUT1 (Prop_lut1_I0_O)        0.124     1.097 r  dbf_reference_bd_i/dbf_axis_0/inst/u_system/u_datapath/u_core/gen_lane[6].u_lane/u_quant_re/m_axis_z_tdata[51]_i_1/O
                         net (fo=4569, routed)       12.089    13.186    dbf_reference_bd_i/dbf_axis_0/inst/u_system/u_datapath/u_core/gen_lane[2].u_lane/u_quant_im/clip_flag_reg_1
    SLICE_X48Y15         FDRE                                         r  dbf_reference_bd_i/dbf_axis_0/inst/u_system/u_datapath/u_core/gen_lane[2].u_lane/u_quant_im/pos_word_s4_reg[16]/R
  -------------------------------------------------------------------    -------------------

                         (clock aclk rise edge)       0.000     0.000 r  
                                                      0.000     0.000 r  aclk (IN)
                         net (fo=5173, unset)         0.924     0.924    dbf_reference_bd_i/dbf_axis_0/inst/u_system/u_datapath/u_core/gen_lane[2].u_lane/u_quant_im/aclk
    SLICE_X48Y15         FDRE                                         r  dbf_reference_bd_i/dbf_axis_0/inst/u_system/u_datapath/u_core/gen_lane[2].u_lane/u_quant_im/pos_word_s4_reg[16]/C

Slack:                    inf
  Source:                 aresetn
                            (input port)
  Destination:            dbf_reference_bd_i/dbf_axis_0/inst/u_system/u_datapath/u_core/gen_lane[2].u_lane/u_quant_im/pos_word_s4_reg[11]/R
                            (rising edge-triggered cell FDRE clocked by aclk  {rise@0.000ns fall@2.500ns period=5.000ns})
  Path Group:             (none)
  Path Type:              Setup (Max at Slow Process Corner)
  Data Path Delay:        13.048ns  (logic 0.124ns (0.950%)  route 12.924ns (99.050%))
  Logic Levels:           1  (LUT1=1)
  Clock Path Skew:        0.924ns (DCD - SCD + CPR)
    Destination Clock Delay (DCD):    0.924ns
    Source Clock Delay      (SCD):    0.000ns
    Clock Pessimism Removal (CPR):    0.000ns
  Clock Uncertainty:      0.025ns  ((TSJ^2 + TIJ^2)^1/2 + DJ) / 2 + PE
    Total System Jitter     (TSJ):    0.050ns
    Total Input Jitter      (TIJ):    0.000ns
    Discrete Jitter          (DJ):    0.000ns
    Phase Error              (PE):    0.000ns
  Timing Exception:       False Path

    Location             Delay type                Incr(ns)  Path(ns)    Netlist Resource(s)
  -------------------------------------------------------------------    -------------------
                                                      0.000     0.000 f  aresetn (IN)
                         net (fo=67, unset)           0.973     0.973    dbf_reference_bd_i/dbf_axis_0/inst/u_system/u_datapath/u_core/gen_lane[6].u_lane/u_quant_re/aresetn
    SLICE_X26Y31         LUT1 (Prop_lut1_I0_O)        0.124     1.097 r  dbf_reference_bd_i/dbf_axis_0/inst/u_system/u_datapath/u_core/gen_lane[6].u_lane/u_quant_re/m_axis_z_tdata[51]_i_1/O
                         net (fo=4569, routed)       11.951    13.048    dbf_reference_bd_i/dbf_axis_0/inst/u_system/u_datapath/u_core/gen_lane[2].u_lane/u_quant_im/clip_flag_reg_1
    SLICE_X48Y14         FDRE                                         r  dbf_reference_bd_i/dbf_axis_0/inst/u_system/u_datapath/u_core/gen_lane[2].u_lane/u_quant_im/pos_word_s4_reg[11]/R
  -------------------------------------------------------------------    -------------------

                         (clock aclk rise edge)       0.000     0.000 r  
                                                      0.000     0.000 r  aclk (IN)
                         net (fo=5173, unset)         0.924     0.924    dbf_reference_bd_i/dbf_axis_0/inst/u_system/u_datapath/u_core/gen_lane[2].u_lane/u_quant_im/aclk
    SLICE_X48Y14         FDRE                                         r  dbf_reference_bd_i/dbf_axis_0/inst/u_system/u_datapath/u_core/gen_lane[2].u_lane/u_quant_im/pos_word_s4_reg[11]/C

Slack:                    inf
  Source:                 aresetn
                            (input port)
  Destination:            dbf_reference_bd_i/dbf_axis_0/inst/u_system/u_datapath/u_core/gen_lane[0].u_lane/u_quant_re/neg_word_s4_reg[20]/R
                            (rising edge-triggered cell FDRE clocked by aclk  {rise@0.000ns fall@2.500ns period=5.000ns})
  Path Group:             (none)
  Path Type:              Setup (Max at Slow Process Corner)
  Data Path Delay:        13.048ns  (logic 0.124ns (0.950%)  route 12.924ns (99.050%))
  Logic Levels:           1  (LUT1=1)
  Clock Path Skew:        0.924ns (DCD - SCD + CPR)
    Destination Clock Delay (DCD):    0.924ns
    Source Clock Delay      (SCD):    0.000ns
    Clock Pessimism Removal (CPR):    0.000ns
  Clock Uncertainty:      0.025ns  ((TSJ^2 + TIJ^2)^1/2 + DJ) / 2 + PE
    Total System Jitter     (TSJ):    0.050ns
    Total Input Jitter      (TIJ):    0.000ns
    Discrete Jitter          (DJ):    0.000ns
    Phase Error              (PE):    0.000ns
  Timing Exception:       False Path

    Location             Delay type                Incr(ns)  Path(ns)    Netlist Resource(s)
  -------------------------------------------------------------------    -------------------
                                                      0.000     0.000 f  aresetn (IN)
                         net (fo=67, unset)           0.973     0.973    dbf_reference_bd_i/dbf_axis_0/inst/u_system/u_datapath/u_core/gen_lane[6].u_lane/u_quant_re/aresetn
    SLICE_X26Y31         LUT1 (Prop_lut1_I0_O)        0.124     1.097 r  dbf_reference_bd_i/dbf_axis_0/inst/u_system/u_datapath/u_core/gen_lane[6].u_lane/u_quant_re/m_axis_z_tdata[51]_i_1/O
                         net (fo=4569, routed)       11.951    13.048    dbf_reference_bd_i/dbf_axis_0/inst/u_system/u_datapath/u_core/gen_lane[0].u_lane/u_quant_re/clip_flag_reg_0
    SLICE_X42Y29         FDRE                                         r  dbf_reference_bd_i/dbf_axis_0/inst/u_system/u_datapath/u_core/gen_lane[0].u_lane/u_quant_re/neg_word_s4_reg[20]/R
  -------------------------------------------------------------------    -------------------

                         (clock aclk rise edge)       0.000     0.000 r  
                                                      0.000     0.000 r  aclk (IN)
                         net (fo=5173, unset)         0.924     0.924    dbf_reference_bd_i/dbf_axis_0/inst/u_system/u_datapath/u_core/gen_lane[0].u_lane/u_quant_re/aclk
    SLICE_X42Y29         FDRE                                         r  dbf_reference_bd_i/dbf_axis_0/inst/u_system/u_datapath/u_core/gen_lane[0].u_lane/u_quant_re/neg_word_s4_reg[20]/C

Slack:                    inf
  Source:                 aresetn
                            (input port)
  Destination:            dbf_reference_bd_i/dbf_axis_0/inst/u_system/u_datapath/u_core/gen_lane[0].u_lane/u_quant_re/neg_word_s4_reg[21]/R
                            (rising edge-triggered cell FDRE clocked by aclk  {rise@0.000ns fall@2.500ns period=5.000ns})
  Path Group:             (none)
  Path Type:              Setup (Max at Slow Process Corner)
  Data Path Delay:        13.048ns  (logic 0.124ns (0.950%)  route 12.924ns (99.050%))
  Logic Levels:           1  (LUT1=1)
  Clock Path Skew:        0.924ns (DCD - SCD + CPR)
    Destination Clock Delay (DCD):    0.924ns
    Source Clock Delay      (SCD):    0.000ns
    Clock Pessimism Removal (CPR):    0.000ns
  Clock Uncertainty:      0.025ns  ((TSJ^2 + TIJ^2)^1/2 + DJ) / 2 + PE
    Total System Jitter     (TSJ):    0.050ns
    Total Input Jitter      (TIJ):    0.000ns
    Discrete Jitter          (DJ):    0.000ns
    Phase Error              (PE):    0.000ns
  Timing Exception:       False Path

    Location             Delay type                Incr(ns)  Path(ns)    Netlist Resource(s)
  -------------------------------------------------------------------    -------------------
                                                      0.000     0.000 f  aresetn (IN)
                         net (fo=67, unset)           0.973     0.973    dbf_reference_bd_i/dbf_axis_0/inst/u_system/u_datapath/u_core/gen_lane[6].u_lane/u_quant_re/aresetn
    SLICE_X26Y31         LUT1 (Prop_lut1_I0_O)        0.124     1.097 r  dbf_reference_bd_i/dbf_axis_0/inst/u_system/u_datapath/u_core/gen_lane[6].u_lane/u_quant_re/m_axis_z_tdata[51]_i_1/O
                         net (fo=4569, routed)       11.951    13.048    dbf_reference_bd_i/dbf_axis_0/inst/u_system/u_datapath/u_core/gen_lane[0].u_lane/u_quant_re/clip_flag_reg_0
    SLICE_X42Y29         FDRE                                         r  dbf_reference_bd_i/dbf_axis_0/inst/u_system/u_datapath/u_core/gen_lane[0].u_lane/u_quant_re/neg_word_s4_reg[21]/R
  -------------------------------------------------------------------    -------------------

                         (clock aclk rise edge)       0.000     0.000 r  
                                                      0.000     0.000 r  aclk (IN)
                         net (fo=5173, unset)         0.924     0.924    dbf_reference_bd_i/dbf_axis_0/inst/u_system/u_datapath/u_core/gen_lane[0].u_lane/u_quant_re/aclk
    SLICE_X42Y29         FDRE                                         r  dbf_reference_bd_i/dbf_axis_0/inst/u_system/u_datapath/u_core/gen_lane[0].u_lane/u_quant_re/neg_word_s4_reg[21]/C





Min Delay Paths
--------------------------------------------------------------------------------------
Slack:                    inf
  Source:                 aresetn
                            (input port)
  Destination:            dbf_reference_bd_i/dbf_axis_0/inst/u_system/u_w_provider/u_im0/u_main_sprom/xpm_memory_base_inst/gen_rd_a.gen_rd_a_synth_template.gen_rf_narrow_reg.douta_reg_reg/RSTRAMARSTRAM
                            (rising edge-triggered cell RAMB36E1 clocked by aclk  {rise@0.000ns fall@2.500ns period=5.000ns})
  Path Group:             (none)
  Path Type:              Hold (Min at Fast Process Corner)
  Data Path Delay:        0.410ns  (logic 0.000ns (0.000%)  route 0.410ns (100.000%))
  Logic Levels:           0  
  Clock Path Skew:        0.432ns (DCD - SCD - CPR)
    Destination Clock Delay (DCD):    0.432ns
    Source Clock Delay      (SCD):    0.000ns
    Clock Pessimism Removal (CPR):    -0.000ns
  Timing Exception:       False Path

    Location             Delay type                Incr(ns)  Path(ns)    Netlist Resource(s)
  -------------------------------------------------------------------    -------------------
                                                      0.000     0.000 f  aresetn (IN)
                         net (fo=67, unset)           0.410     0.410    dbf_reference_bd_i/dbf_axis_0/inst/u_system/u_w_provider/u_im0/u_main_sprom/xpm_memory_base_inst/lopt
    RAMB36_X2Y5          RAMB36E1                                     r  dbf_reference_bd_i/dbf_axis_0/inst/u_system/u_w_provider/u_im0/u_main_sprom/xpm_memory_base_inst/gen_rd_a.gen_rd_a_synth_template.gen_rf_narrow_reg.douta_reg_reg/RSTRAMARSTRAM  (IS_INVERTED)
  -------------------------------------------------------------------    -------------------

                         (clock aclk rise edge)       0.000     0.000 r  
                                                      0.000     0.000 r  aclk (IN)
                         net (fo=5173, unset)         0.432     0.432    dbf_reference_bd_i/dbf_axis_0/inst/u_system/u_w_provider/u_im0/u_main_sprom/xpm_memory_base_inst/clka
    RAMB36_X2Y5          RAMB36E1                                     r  dbf_reference_bd_i/dbf_axis_0/inst/u_system/u_w_provider/u_im0/u_main_sprom/xpm_memory_base_inst/gen_rd_a.gen_rd_a_synth_template.gen_rf_narrow_reg.douta_reg_reg/CLKARDCLK

Slack:                    inf
  Source:                 aresetn
                            (input port)
  Destination:            dbf_reference_bd_i/dbf_axis_0/inst/u_system/u_w_provider/u_im1/u_main_sprom/xpm_memory_base_inst/gen_rd_a.gen_rd_a_synth_template.gen_rf_narrow_reg.douta_reg_reg/RSTRAMARSTRAM
                            (rising edge-triggered cell RAMB36E1 clocked by aclk  {rise@0.000ns fall@2.500ns period=5.000ns})
  Path Group:             (none)
  Path Type:              Hold (Min at Fast Process Corner)
  Data Path Delay:        0.410ns  (logic 0.000ns (0.000%)  route 0.410ns (100.000%))
  Logic Levels:           0  
  Clock Path Skew:        0.432ns (DCD - SCD - CPR)
    Destination Clock Delay (DCD):    0.432ns
    Source Clock Delay      (SCD):    0.000ns
    Clock Pessimism Removal (CPR):    -0.000ns
  Timing Exception:       False Path

    Location             Delay type                Incr(ns)  Path(ns)    Netlist Resource(s)
  -------------------------------------------------------------------    -------------------
                                                      0.000     0.000 f  aresetn (IN)
                         net (fo=67, unset)           0.410     0.410    dbf_reference_bd_i/dbf_axis_0/inst/u_system/u_w_provider/u_im1/u_main_sprom/xpm_memory_base_inst/lopt
    RAMB36_X1Y1          RAMB36E1                                     r  dbf_reference_bd_i/dbf_axis_0/inst/u_system/u_w_provider/u_im1/u_main_sprom/xpm_memory_base_inst/gen_rd_a.gen_rd_a_synth_template.gen_rf_narrow_reg.douta_reg_reg/RSTRAMARSTRAM  (IS_INVERTED)
  -------------------------------------------------------------------    -------------------

                         (clock aclk rise edge)       0.000     0.000 r  
                                                      0.000     0.000 r  aclk (IN)
                         net (fo=5173, unset)         0.432     0.432    dbf_reference_bd_i/dbf_axis_0/inst/u_system/u_w_provider/u_im1/u_main_sprom/xpm_memory_base_inst/clka
    RAMB36_X1Y1          RAMB36E1                                     r  dbf_reference_bd_i/dbf_axis_0/inst/u_system/u_w_provider/u_im1/u_main_sprom/xpm_memory_base_inst/gen_rd_a.gen_rd_a_synth_template.gen_rf_narrow_reg.douta_reg_reg/CLKARDCLK

Slack:                    inf
  Source:                 aresetn
                            (input port)
  Destination:            dbf_reference_bd_i/dbf_axis_0/inst/u_system/u_w_provider/u_im2/u_main_sprom/xpm_memory_base_inst/gen_rd_a.gen_rd_a_synth_template.gen_rf_narrow_reg.douta_reg_reg/RSTRAMARSTRAM
                            (rising edge-triggered cell RAMB36E1 clocked by aclk  {rise@0.000ns fall@2.500ns period=5.000ns})
  Path Group:             (none)
  Path Type:              Hold (Min at Fast Process Corner)
  Data Path Delay:        0.410ns  (logic 0.000ns (0.000%)  route 0.410ns (100.000%))
  Logic Levels:           0  
  Clock Path Skew:        0.432ns (DCD - SCD - CPR)
    Destination Clock Delay (DCD):    0.432ns
    Source Clock Delay      (SCD):    0.000ns
    Clock Pessimism Removal (CPR):    -0.000ns
  Timing Exception:       False Path

    Location             Delay type                Incr(ns)  Path(ns)    Netlist Resource(s)
  -------------------------------------------------------------------    -------------------
                                                      0.000     0.000 f  aresetn (IN)
                         net (fo=67, unset)           0.410     0.410    dbf_reference_bd_i/dbf_axis_0/inst/u_system/u_w_provider/u_im2/u_main_sprom/xpm_memory_base_inst/lopt
    RAMB36_X2Y0          RAMB36E1                                     r  dbf_reference_bd_i/dbf_axis_0/inst/u_system/u_w_provider/u_im2/u_main_sprom/xpm_memory_base_inst/gen_rd_a.gen_rd_a_synth_template.gen_rf_narrow_reg.douta_reg_reg/RSTRAMARSTRAM  (IS_INVERTED)
  -------------------------------------------------------------------    -------------------

                         (clock aclk rise edge)       0.000     0.000 r  
                                                      0.000     0.000 r  aclk (IN)
                         net (fo=5173, unset)         0.432     0.432    dbf_reference_bd_i/dbf_axis_0/inst/u_system/u_w_provider/u_im2/u_main_sprom/xpm_memory_base_inst/clka
    RAMB36_X2Y0          RAMB36E1                                     r  dbf_reference_bd_i/dbf_axis_0/inst/u_system/u_w_provider/u_im2/u_main_sprom/xpm_memory_base_inst/gen_rd_a.gen_rd_a_synth_template.gen_rf_narrow_reg.douta_reg_reg/CLKARDCLK

Slack:                    inf
  Source:                 aresetn
                            (input port)
  Destination:            dbf_reference_bd_i/dbf_axis_0/inst/u_system/u_w_provider/u_im3/u_main_sprom/xpm_memory_base_inst/gen_rd_a.gen_rd_a_synth_template.gen_rf_narrow_reg.douta_reg_reg/RSTRAMARSTRAM
                            (rising edge-triggered cell RAMB36E1 clocked by aclk  {rise@0.000ns fall@2.500ns period=5.000ns})
  Path Group:             (none)
  Path Type:              Hold (Min at Fast Process Corner)
  Data Path Delay:        0.410ns  (logic 0.000ns (0.000%)  route 0.410ns (100.000%))
  Logic Levels:           0  
  Clock Path Skew:        0.432ns (DCD - SCD - CPR)
    Destination Clock Delay (DCD):    0.432ns
    Source Clock Delay      (SCD):    0.000ns
    Clock Pessimism Removal (CPR):    -0.000ns
  Timing Exception:       False Path

    Location             Delay type                Incr(ns)  Path(ns)    Netlist Resource(s)
  -------------------------------------------------------------------    -------------------
                                                      0.000     0.000 f  aresetn (IN)
                         net (fo=67, unset)           0.410     0.410    dbf_reference_bd_i/dbf_axis_0/inst/u_system/u_w_provider/u_im3/u_main_sprom/xpm_memory_base_inst/lopt
    RAMB36_X1Y5          RAMB36E1                                     r  dbf_reference_bd_i/dbf_axis_0/inst/u_system/u_w_provider/u_im3/u_main_sprom/xpm_memory_base_inst/gen_rd_a.gen_rd_a_synth_template.gen_rf_narrow_reg.douta_reg_reg/RSTRAMARSTRAM  (IS_INVERTED)
  -------------------------------------------------------------------    -------------------

                         (clock aclk rise edge)       0.000     0.000 r  
                                                      0.000     0.000 r  aclk (IN)
                         net (fo=5173, unset)         0.432     0.432    dbf_reference_bd_i/dbf_axis_0/inst/u_system/u_w_provider/u_im3/u_main_sprom/xpm_memory_base_inst/clka
    RAMB36_X1Y5          RAMB36E1                                     r  dbf_reference_bd_i/dbf_axis_0/inst/u_system/u_w_provider/u_im3/u_main_sprom/xpm_memory_base_inst/gen_rd_a.gen_rd_a_synth_template.gen_rf_narrow_reg.douta_reg_reg/CLKARDCLK

Slack:                    inf
  Source:                 aresetn
                            (input port)
  Destination:            dbf_reference_bd_i/dbf_axis_0/inst/u_system/u_w_provider/u_im4/u_main_sprom/xpm_memory_base_inst/gen_rd_a.gen_rd_a_synth_template.gen_rf_narrow_reg.douta_reg_reg/RSTRAMARSTRAM
                            (rising edge-triggered cell RAMB36E1 clocked by aclk  {rise@0.000ns fall@2.500ns period=5.000ns})
  Path Group:             (none)
  Path Type:              Hold (Min at Fast Process Corner)
  Data Path Delay:        0.410ns  (logic 0.000ns (0.000%)  route 0.410ns (100.000%))
  Logic Levels:           0  
  Clock Path Skew:        0.432ns (DCD - SCD - CPR)
    Destination Clock Delay (DCD):    0.432ns
    Source Clock Delay      (SCD):    0.000ns
    Clock Pessimism Removal (CPR):    -0.000ns
  Timing Exception:       False Path

    Location             Delay type                Incr(ns)  Path(ns)    Netlist Resource(s)
  -------------------------------------------------------------------    -------------------
                                                      0.000     0.000 f  aresetn (IN)
                         net (fo=67, unset)           0.410     0.410    dbf_reference_bd_i/dbf_axis_0/inst/u_system/u_w_provider/u_im4/u_main_sprom/xpm_memory_base_inst/lopt
    RAMB36_X0Y4          RAMB36E1                                     r  dbf_reference_bd_i/dbf_axis_0/inst/u_system/u_w_provider/u_im4/u_main_sprom/xpm_memory_base_inst/gen_rd_a.gen_rd_a_synth_template.gen_rf_narrow_reg.douta_reg_reg/RSTRAMARSTRAM  (IS_INVERTED)
  -------------------------------------------------------------------    -------------------

                         (clock aclk rise edge)       0.000     0.000 r  
                                                      0.000     0.000 r  aclk (IN)
                         net (fo=5173, unset)         0.432     0.432    dbf_reference_bd_i/dbf_axis_0/inst/u_system/u_w_provider/u_im4/u_main_sprom/xpm_memory_base_inst/clka
    RAMB36_X0Y4          RAMB36E1                                     r  dbf_reference_bd_i/dbf_axis_0/inst/u_system/u_w_provider/u_im4/u_main_sprom/xpm_memory_base_inst/gen_rd_a.gen_rd_a_synth_template.gen_rf_narrow_reg.douta_reg_reg/CLKARDCLK

Slack:                    inf
  Source:                 aresetn
                            (input port)
  Destination:            dbf_reference_bd_i/dbf_axis_0/inst/u_system/u_w_provider/u_im5/u_main_sprom/xpm_memory_base_inst/gen_rd_a.gen_rd_a_synth_template.gen_rf_narrow_reg.douta_reg_reg/RSTRAMARSTRAM
                            (rising edge-triggered cell RAMB36E1 clocked by aclk  {rise@0.000ns fall@2.500ns period=5.000ns})
  Path Group:             (none)
  Path Type:              Hold (Min at Fast Process Corner)
  Data Path Delay:        0.410ns  (logic 0.000ns (0.000%)  route 0.410ns (100.000%))
  Logic Levels:           0  
  Clock Path Skew:        0.432ns (DCD - SCD - CPR)
    Destination Clock Delay (DCD):    0.432ns
    Source Clock Delay      (SCD):    0.000ns
    Clock Pessimism Removal (CPR):    -0.000ns
  Timing Exception:       False Path

    Location             Delay type                Incr(ns)  Path(ns)    Netlist Resource(s)
  -------------------------------------------------------------------    -------------------
                                                      0.000     0.000 f  aresetn (IN)
                         net (fo=67, unset)           0.410     0.410    dbf_reference_bd_i/dbf_axis_0/inst/u_system/u_w_provider/u_im5/u_main_sprom/xpm_memory_base_inst/lopt
    RAMB36_X0Y2          RAMB36E1                                     r  dbf_reference_bd_i/dbf_axis_0/inst/u_system/u_w_provider/u_im5/u_main_sprom/xpm_memory_base_inst/gen_rd_a.gen_rd_a_synth_template.gen_rf_narrow_reg.douta_reg_reg/RSTRAMARSTRAM  (IS_INVERTED)
  -------------------------------------------------------------------    -------------------

                         (clock aclk rise edge)       0.000     0.000 r  
                                                      0.000     0.000 r  aclk (IN)
                         net (fo=5173, unset)         0.432     0.432    dbf_reference_bd_i/dbf_axis_0/inst/u_system/u_w_provider/u_im5/u_main_sprom/xpm_memory_base_inst/clka
    RAMB36_X0Y2          RAMB36E1                                     r  dbf_reference_bd_i/dbf_axis_0/inst/u_system/u_w_provider/u_im5/u_main_sprom/xpm_memory_base_inst/gen_rd_a.gen_rd_a_synth_template.gen_rf_narrow_reg.douta_reg_reg/CLKARDCLK

Slack:                    inf
  Source:                 aresetn
                            (input port)
  Destination:            dbf_reference_bd_i/dbf_axis_0/inst/u_system/u_w_provider/u_im6/u_main_sprom/xpm_memory_base_inst/gen_rd_a.gen_rd_a_synth_template.gen_rf_narrow_reg.douta_reg_reg/RSTRAMARSTRAM
                            (rising edge-triggered cell RAMB36E1 clocked by aclk  {rise@0.000ns fall@2.500ns period=5.000ns})
  Path Group:             (none)
  Path Type:              Hold (Min at Fast Process Corner)
  Data Path Delay:        0.410ns  (logic 0.000ns (0.000%)  route 0.410ns (100.000%))
  Logic Levels:           0  
  Clock Path Skew:        0.432ns (DCD - SCD - CPR)
    Destination Clock Delay (DCD):    0.432ns
    Source Clock Delay      (SCD):    0.000ns
    Clock Pessimism Removal (CPR):    -0.000ns
  Timing Exception:       False Path

    Location             Delay type                Incr(ns)  Path(ns)    Netlist Resource(s)
  -------------------------------------------------------------------    -------------------
                                                      0.000     0.000 f  aresetn (IN)
                         net (fo=67, unset)           0.410     0.410    dbf_reference_bd_i/dbf_axis_0/inst/u_system/u_w_provider/u_im6/u_main_sprom/xpm_memory_base_inst/lopt
    RAMB36_X0Y6          RAMB36E1                                     r  dbf_reference_bd_i/dbf_axis_0/inst/u_system/u_w_provider/u_im6/u_main_sprom/xpm_memory_base_inst/gen_rd_a.gen_rd_a_synth_template.gen_rf_narrow_reg.douta_reg_reg/RSTRAMARSTRAM  (IS_INVERTED)
  -------------------------------------------------------------------    -------------------

                         (clock aclk rise edge)       0.000     0.000 r  
                                                      0.000     0.000 r  aclk (IN)
                         net (fo=5173, unset)         0.432     0.432    dbf_reference_bd_i/dbf_axis_0/inst/u_system/u_w_provider/u_im6/u_main_sprom/xpm_memory_base_inst/clka
    RAMB36_X0Y6          RAMB36E1                                     r  dbf_reference_bd_i/dbf_axis_0/inst/u_system/u_w_provider/u_im6/u_main_sprom/xpm_memory_base_inst/gen_rd_a.gen_rd_a_synth_template.gen_rf_narrow_reg.douta_reg_reg/CLKARDCLK

Slack:                    inf
  Source:                 aresetn
                            (input port)
  Destination:            dbf_reference_bd_i/dbf_axis_0/inst/u_system/u_w_provider/u_re0/u_main_sprom/xpm_memory_base_inst/gen_rd_a.gen_rd_a_synth_template.gen_rf_narrow_reg.douta_reg_reg/RSTRAMARSTRAM
                            (rising edge-triggered cell RAMB36E1 clocked by aclk  {rise@0.000ns fall@2.500ns period=5.000ns})
  Path Group:             (none)
  Path Type:              Hold (Min at Fast Process Corner)
  Data Path Delay:        0.410ns  (logic 0.000ns (0.000%)  route 0.410ns (100.000%))
  Logic Levels:           0  
  Clock Path Skew:        0.432ns (DCD - SCD - CPR)
    Destination Clock Delay (DCD):    0.432ns
    Source Clock Delay      (SCD):    0.000ns
    Clock Pessimism Removal (CPR):    -0.000ns
  Timing Exception:       False Path

    Location             Delay type                Incr(ns)  Path(ns)    Netlist Resource(s)
  -------------------------------------------------------------------    -------------------
                                                      0.000     0.000 f  aresetn (IN)
                         net (fo=67, unset)           0.410     0.410    dbf_reference_bd_i/dbf_axis_0/inst/u_system/u_w_provider/u_re0/u_main_sprom/xpm_memory_base_inst/lopt
    RAMB36_X3Y5          RAMB36E1                                     r  dbf_reference_bd_i/dbf_axis_0/inst/u_system/u_w_provider/u_re0/u_main_sprom/xpm_memory_base_inst/gen_rd_a.gen_rd_a_synth_template.gen_rf_narrow_reg.douta_reg_reg/RSTRAMARSTRAM  (IS_INVERTED)
  -------------------------------------------------------------------    -------------------

                         (clock aclk rise edge)       0.000     0.000 r  
                                                      0.000     0.000 r  aclk (IN)
                         net (fo=5173, unset)         0.432     0.432    dbf_reference_bd_i/dbf_axis_0/inst/u_system/u_w_provider/u_re0/u_main_sprom/xpm_memory_base_inst/clka
    RAMB36_X3Y5          RAMB36E1                                     r  dbf_reference_bd_i/dbf_axis_0/inst/u_system/u_w_provider/u_re0/u_main_sprom/xpm_memory_base_inst/gen_rd_a.gen_rd_a_synth_template.gen_rf_narrow_reg.douta_reg_reg/CLKARDCLK

Slack:                    inf
  Source:                 aresetn
                            (input port)
  Destination:            dbf_reference_bd_i/dbf_axis_0/inst/u_system/u_w_provider/u_re1/u_main_sprom/xpm_memory_base_inst/gen_rd_a.gen_rd_a_synth_template.gen_rf_narrow_reg.douta_reg_reg/RSTRAMARSTRAM
                            (rising edge-triggered cell RAMB36E1 clocked by aclk  {rise@0.000ns fall@2.500ns period=5.000ns})
  Path Group:             (none)
  Path Type:              Hold (Min at Fast Process Corner)
  Data Path Delay:        0.410ns  (logic 0.000ns (0.000%)  route 0.410ns (100.000%))
  Logic Levels:           0  
  Clock Path Skew:        0.432ns (DCD - SCD - CPR)
    Destination Clock Delay (DCD):    0.432ns
    Source Clock Delay      (SCD):    0.000ns
    Clock Pessimism Removal (CPR):    -0.000ns
  Timing Exception:       False Path

    Location             Delay type                Incr(ns)  Path(ns)    Netlist Resource(s)
  -------------------------------------------------------------------    -------------------
                                                      0.000     0.000 f  aresetn (IN)
                         net (fo=67, unset)           0.410     0.410    dbf_reference_bd_i/dbf_axis_0/inst/u_system/u_w_provider/u_re1/u_main_sprom/xpm_memory_base_inst/lopt
    RAMB36_X1Y0          RAMB36E1                                     r  dbf_reference_bd_i/dbf_axis_0/inst/u_system/u_w_provider/u_re1/u_main_sprom/xpm_memory_base_inst/gen_rd_a.gen_rd_a_synth_template.gen_rf_narrow_reg.douta_reg_reg/RSTRAMARSTRAM  (IS_INVERTED)
  -------------------------------------------------------------------    -------------------

                         (clock aclk rise edge)       0.000     0.000 r  
                                                      0.000     0.000 r  aclk (IN)
                         net (fo=5173, unset)         0.432     0.432    dbf_reference_bd_i/dbf_axis_0/inst/u_system/u_w_provider/u_re1/u_main_sprom/xpm_memory_base_inst/clka
    RAMB36_X1Y0          RAMB36E1                                     r  dbf_reference_bd_i/dbf_axis_0/inst/u_system/u_w_provider/u_re1/u_main_sprom/xpm_memory_base_inst/gen_rd_a.gen_rd_a_synth_template.gen_rf_narrow_reg.douta_reg_reg/CLKARDCLK

Slack:                    inf
  Source:                 aresetn
                            (input port)
  Destination:            dbf_reference_bd_i/dbf_axis_0/inst/u_system/u_w_provider/u_re2/u_main_sprom/xpm_memory_base_inst/gen_rd_a.gen_rd_a_synth_template.gen_rf_narrow_reg.douta_reg_reg/RSTRAMARSTRAM
                            (rising edge-triggered cell RAMB36E1 clocked by aclk  {rise@0.000ns fall@2.500ns period=5.000ns})
  Path Group:             (none)
  Path Type:              Hold (Min at Fast Process Corner)
  Data Path Delay:        0.410ns  (logic 0.000ns (0.000%)  route 0.410ns (100.000%))
  Logic Levels:           0  
  Clock Path Skew:        0.432ns (DCD - SCD - CPR)
    Destination Clock Delay (DCD):    0.432ns
    Source Clock Delay      (SCD):    0.000ns
    Clock Pessimism Removal (CPR):    -0.000ns
  Timing Exception:       False Path

    Location             Delay type                Incr(ns)  Path(ns)    Netlist Resource(s)
  -------------------------------------------------------------------    -------------------
                                                      0.000     0.000 f  aresetn (IN)
                         net (fo=67, unset)           0.410     0.410    dbf_reference_bd_i/dbf_axis_0/inst/u_system/u_w_provider/u_re2/u_main_sprom/xpm_memory_base_inst/lopt
    RAMB36_X2Y1          RAMB36E1                                     r  dbf_reference_bd_i/dbf_axis_0/inst/u_system/u_w_provider/u_re2/u_main_sprom/xpm_memory_base_inst/gen_rd_a.gen_rd_a_synth_template.gen_rf_narrow_reg.douta_reg_reg/RSTRAMARSTRAM  (IS_INVERTED)
  -------------------------------------------------------------------    -------------------

                         (clock aclk rise edge)       0.000     0.000 r  
                                                      0.000     0.000 r  aclk (IN)
                         net (fo=5173, unset)         0.432     0.432    dbf_reference_bd_i/dbf_axis_0/inst/u_system/u_w_provider/u_re2/u_main_sprom/xpm_memory_base_inst/clka
    RAMB36_X2Y1          RAMB36E1                                     r  dbf_reference_bd_i/dbf_axis_0/inst/u_system/u_w_provider/u_re2/u_main_sprom/xpm_memory_base_inst/gen_rd_a.gen_rd_a_synth_template.gen_rf_narrow_reg.douta_reg_reg/CLKARDCLK

Slack:                    inf
  Source:                 aresetn
                            (input port)
  Destination:            dbf_reference_bd_i/dbf_axis_0/inst/u_system/u_w_provider/u_re3/u_main_sprom/xpm_memory_base_inst/gen_rd_a.gen_rd_a_synth_template.gen_rf_narrow_reg.douta_reg_reg/RSTRAMARSTRAM
                            (rising edge-triggered cell RAMB36E1 clocked by aclk  {rise@0.000ns fall@2.500ns period=5.000ns})
  Path Group:             (none)
  Path Type:              Hold (Min at Fast Process Corner)
  Data Path Delay:        0.410ns  (logic 0.000ns (0.000%)  route 0.410ns (100.000%))
  Logic Levels:           0  
  Clock Path Skew:        0.432ns (DCD - SCD - CPR)
    Destination Clock Delay (DCD):    0.432ns
    Source Clock Delay      (SCD):    0.000ns
    Clock Pessimism Removal (CPR):    -0.000ns
  Timing Exception:       False Path

    Location             Delay type                Incr(ns)  Path(ns)    Netlist Resource(s)
  -------------------------------------------------------------------    -------------------
                                                      0.000     0.000 f  aresetn (IN)
                         net (fo=67, unset)           0.410     0.410    dbf_reference_bd_i/dbf_axis_0/inst/u_system/u_w_provider/u_re3/u_main_sprom/xpm_memory_base_inst/lopt
    RAMB36_X1Y4          RAMB36E1                                     r  dbf_reference_bd_i/dbf_axis_0/inst/u_system/u_w_provider/u_re3/u_main_sprom/xpm_memory_base_inst/gen_rd_a.gen_rd_a_synth_template.gen_rf_narrow_reg.douta_reg_reg/RSTRAMARSTRAM  (IS_INVERTED)
  -------------------------------------------------------------------    -------------------

                         (clock aclk rise edge)       0.000     0.000 r  
                                                      0.000     0.000 r  aclk (IN)
                         net (fo=5173, unset)         0.432     0.432    dbf_reference_bd_i/dbf_axis_0/inst/u_system/u_w_provider/u_re3/u_main_sprom/xpm_memory_base_inst/clka
    RAMB36_X1Y4          RAMB36E1                                     r  dbf_reference_bd_i/dbf_axis_0/inst/u_system/u_w_provider/u_re3/u_main_sprom/xpm_memory_base_inst/gen_rd_a.gen_rd_a_synth_template.gen_rf_narrow_reg.douta_reg_reg/CLKARDCLK

Slack:                    inf
  Source:                 aresetn
                            (input port)
  Destination:            dbf_reference_bd_i/dbf_axis_0/inst/u_system/u_w_provider/u_re4/u_main_sprom/xpm_memory_base_inst/gen_rd_a.gen_rd_a_synth_template.gen_rf_narrow_reg.douta_reg_reg/RSTRAMARSTRAM
                            (rising edge-triggered cell RAMB36E1 clocked by aclk  {rise@0.000ns fall@2.500ns period=5.000ns})
  Path Group:             (none)
  Path Type:              Hold (Min at Fast Process Corner)
  Data Path Delay:        0.410ns  (logic 0.000ns (0.000%)  route 0.410ns (100.000%))
  Logic Levels:           0  
  Clock Path Skew:        0.432ns (DCD - SCD - CPR)
    Destination Clock Delay (DCD):    0.432ns
    Source Clock Delay      (SCD):    0.000ns
    Clock Pessimism Removal (CPR):    -0.000ns
  Timing Exception:       False Path

    Location             Delay type                Incr(ns)  Path(ns)    Netlist Resource(s)
  -------------------------------------------------------------------    -------------------
                                                      0.000     0.000 f  aresetn (IN)
                         net (fo=67, unset)           0.410     0.410    dbf_reference_bd_i/dbf_axis_0/inst/u_system/u_w_provider/u_re4/u_main_sprom/xpm_memory_base_inst/lopt
    RAMB36_X0Y3          RAMB36E1                                     r  dbf_reference_bd_i/dbf_axis_0/inst/u_system/u_w_provider/u_re4/u_main_sprom/xpm_memory_base_inst/gen_rd_a.gen_rd_a_synth_template.gen_rf_narrow_reg.douta_reg_reg/RSTRAMARSTRAM  (IS_INVERTED)
  -------------------------------------------------------------------    -------------------

                         (clock aclk rise edge)       0.000     0.000 r  
                                                      0.000     0.000 r  aclk (IN)
                         net (fo=5173, unset)         0.432     0.432    dbf_reference_bd_i/dbf_axis_0/inst/u_system/u_w_provider/u_re4/u_main_sprom/xpm_memory_base_inst/clka
    RAMB36_X0Y3          RAMB36E1                                     r  dbf_reference_bd_i/dbf_axis_0/inst/u_system/u_w_provider/u_re4/u_main_sprom/xpm_memory_base_inst/gen_rd_a.gen_rd_a_synth_template.gen_rf_narrow_reg.douta_reg_reg/CLKARDCLK

Slack:                    inf
  Source:                 aresetn
                            (input port)
  Destination:            dbf_reference_bd_i/dbf_axis_0/inst/u_system/u_w_provider/u_re5/u_main_sprom/xpm_memory_base_inst/gen_rd_a.gen_rd_a_synth_template.gen_rf_narrow_reg.douta_reg_reg/RSTRAMARSTRAM
                            (rising edge-triggered cell RAMB36E1 clocked by aclk  {rise@0.000ns fall@2.500ns period=5.000ns})
  Path Group:             (none)
  Path Type:              Hold (Min at Fast Process Corner)
  Data Path Delay:        0.410ns  (logic 0.000ns (0.000%)  route 0.410ns (100.000%))
  Logic Levels:           0  
  Clock Path Skew:        0.432ns (DCD - SCD - CPR)
    Destination Clock Delay (DCD):    0.432ns
    Source Clock Delay      (SCD):    0.000ns
    Clock Pessimism Removal (CPR):    -0.000ns
  Timing Exception:       False Path

    Location             Delay type                Incr(ns)  Path(ns)    Netlist Resource(s)
  -------------------------------------------------------------------    -------------------
                                                      0.000     0.000 f  aresetn (IN)
                         net (fo=67, unset)           0.410     0.410    dbf_reference_bd_i/dbf_axis_0/inst/u_system/u_w_provider/u_re5/u_main_sprom/xpm_memory_base_inst/lopt
    RAMB36_X0Y1          RAMB36E1                                     r  dbf_reference_bd_i/dbf_axis_0/inst/u_system/u_w_provider/u_re5/u_main_sprom/xpm_memory_base_inst/gen_rd_a.gen_rd_a_synth_template.gen_rf_narrow_reg.douta_reg_reg/RSTRAMARSTRAM  (IS_INVERTED)
  -------------------------------------------------------------------    -------------------

                         (clock aclk rise edge)       0.000     0.000 r  
                                                      0.000     0.000 r  aclk (IN)
                         net (fo=5173, unset)         0.432     0.432    dbf_reference_bd_i/dbf_axis_0/inst/u_system/u_w_provider/u_re5/u_main_sprom/xpm_memory_base_inst/clka
    RAMB36_X0Y1          RAMB36E1                                     r  dbf_reference_bd_i/dbf_axis_0/inst/u_system/u_w_provider/u_re5/u_main_sprom/xpm_memory_base_inst/gen_rd_a.gen_rd_a_synth_template.gen_rf_narrow_reg.douta_reg_reg/CLKARDCLK

Slack:                    inf
  Source:                 aresetn
                            (input port)
  Destination:            dbf_reference_bd_i/dbf_axis_0/inst/u_system/u_w_provider/u_re6/u_main_sprom/xpm_memory_base_inst/gen_rd_a.gen_rd_a_synth_template.gen_rf_narrow_reg.douta_reg_reg/RSTRAMARSTRAM
                            (rising edge-triggered cell RAMB36E1 clocked by aclk  {rise@0.000ns fall@2.500ns period=5.000ns})
  Path Group:             (none)
  Path Type:              Hold (Min at Fast Process Corner)
  Data Path Delay:        0.410ns  (logic 0.000ns (0.000%)  route 0.410ns (100.000%))
  Logic Levels:           0  
  Clock Path Skew:        0.432ns (DCD - SCD - CPR)
    Destination Clock Delay (DCD):    0.432ns
    Source Clock Delay      (SCD):    0.000ns
    Clock Pessimism Removal (CPR):    -0.000ns
  Timing Exception:       False Path

    Location             Delay type                Incr(ns)  Path(ns)    Netlist Resource(s)
  -------------------------------------------------------------------    -------------------
                                                      0.000     0.000 f  aresetn (IN)
                         net (fo=67, unset)           0.410     0.410    dbf_reference_bd_i/dbf_axis_0/inst/u_system/u_w_provider/u_re6/u_main_sprom/xpm_memory_base_inst/lopt
    RAMB36_X0Y5          RAMB36E1                                     r  dbf_reference_bd_i/dbf_axis_0/inst/u_system/u_w_provider/u_re6/u_main_sprom/xpm_memory_base_inst/gen_rd_a.gen_rd_a_synth_template.gen_rf_narrow_reg.douta_reg_reg/RSTRAMARSTRAM  (IS_INVERTED)
  -------------------------------------------------------------------    -------------------

                         (clock aclk rise edge)       0.000     0.000 r  
                                                      0.000     0.000 r  aclk (IN)
                         net (fo=5173, unset)         0.432     0.432    dbf_reference_bd_i/dbf_axis_0/inst/u_system/u_w_provider/u_re6/u_main_sprom/xpm_memory_base_inst/clka
    RAMB36_X0Y5          RAMB36E1                                     r  dbf_reference_bd_i/dbf_axis_0/inst/u_system/u_w_provider/u_re6/u_main_sprom/xpm_memory_base_inst/gen_rd_a.gen_rd_a_synth_template.gen_rf_narrow_reg.douta_reg_reg/CLKARDCLK

Slack:                    inf
  Source:                 aresetn
                            (input port)
  Destination:            dbf_reference_bd_i/dbf_axis_0/inst/u_system/u_datapath/u_core/gen_lane[0].u_lane/u_quant_im/z_out_reg[23]/D
                            (rising edge-triggered cell FDRE clocked by aclk  {rise@0.000ns fall@2.500ns period=5.000ns})
  Path Group:             (none)
  Path Type:              Hold (Min at Fast Process Corner)
  Data Path Delay:        0.455ns  (logic 0.045ns (9.887%)  route 0.410ns (90.113%))
  Logic Levels:           1  (LUT6=1)
  Clock Path Skew:        0.432ns (DCD - SCD - CPR)
    Destination Clock Delay (DCD):    0.432ns
    Source Clock Delay      (SCD):    0.000ns
    Clock Pessimism Removal (CPR):    -0.000ns
  Timing Exception:       False Path

    Location             Delay type                Incr(ns)  Path(ns)    Netlist Resource(s)
  -------------------------------------------------------------------    -------------------
                                                      0.000     0.000 r  aresetn (IN)
                         net (fo=67, unset)           0.410     0.410    dbf_reference_bd_i/dbf_axis_0/inst/u_system/u_datapath/u_core/gen_lane[0].u_lane/u_quant_im/aresetn
    SLICE_X45Y29         LUT6 (Prop_lut6_I1_O)        0.045     0.455 r  dbf_reference_bd_i/dbf_axis_0/inst/u_system/u_datapath/u_core/gen_lane[0].u_lane/u_quant_im/z_out[23]_i_1/O
                         net (fo=1, routed)           0.000     0.455    dbf_reference_bd_i/dbf_axis_0/inst/u_system/u_datapath/u_core/gen_lane[0].u_lane/u_quant_im/z_out[23]_i_1_n_0
    SLICE_X45Y29         FDRE                                         r  dbf_reference_bd_i/dbf_axis_0/inst/u_system/u_datapath/u_core/gen_lane[0].u_lane/u_quant_im/z_out_reg[23]/D
  -------------------------------------------------------------------    -------------------

                         (clock aclk rise edge)       0.000     0.000 r  
                                                      0.000     0.000 r  aclk (IN)
                         net (fo=5173, unset)         0.432     0.432    dbf_reference_bd_i/dbf_axis_0/inst/u_system/u_datapath/u_core/gen_lane[0].u_lane/u_quant_im/aclk
    SLICE_X45Y29         FDRE                                         r  dbf_reference_bd_i/dbf_axis_0/inst/u_system/u_datapath/u_core/gen_lane[0].u_lane/u_quant_im/z_out_reg[23]/C

Slack:                    inf
  Source:                 aresetn
                            (input port)
  Destination:            dbf_reference_bd_i/dbf_axis_0/inst/u_system/u_datapath/u_core/gen_lane[0].u_lane/u_quant_re/z_out_reg[23]/D
                            (rising edge-triggered cell FDRE clocked by aclk  {rise@0.000ns fall@2.500ns period=5.000ns})
  Path Group:             (none)
  Path Type:              Hold (Min at Fast Process Corner)
  Data Path Delay:        0.455ns  (logic 0.045ns (9.887%)  route 0.410ns (90.113%))
  Logic Levels:           1  (LUT6=1)
  Clock Path Skew:        0.432ns (DCD - SCD - CPR)
    Destination Clock Delay (DCD):    0.432ns
    Source Clock Delay      (SCD):    0.000ns
    Clock Pessimism Removal (CPR):    -0.000ns
  Timing Exception:       False Path

    Location             Delay type                Incr(ns)  Path(ns)    Netlist Resource(s)
  -------------------------------------------------------------------    -------------------
                                                      0.000     0.000 r  aresetn (IN)
                         net (fo=67, unset)           0.410     0.410    dbf_reference_bd_i/dbf_axis_0/inst/u_system/u_datapath/u_core/gen_lane[0].u_lane/u_quant_re/aresetn
    SLICE_X45Y29         LUT6 (Prop_lut6_I1_O)        0.045     0.455 r  dbf_reference_bd_i/dbf_axis_0/inst/u_system/u_datapath/u_core/gen_lane[0].u_lane/u_quant_re/z_out[23]_i_2/O
                         net (fo=1, routed)           0.000     0.455    dbf_reference_bd_i/dbf_axis_0/inst/u_system/u_datapath/u_core/gen_lane[0].u_lane/u_quant_re/z_out[23]
    SLICE_X45Y29         FDRE                                         r  dbf_reference_bd_i/dbf_axis_0/inst/u_system/u_datapath/u_core/gen_lane[0].u_lane/u_quant_re/z_out_reg[23]/D
  -------------------------------------------------------------------    -------------------

                         (clock aclk rise edge)       0.000     0.000 r  
                                                      0.000     0.000 r  aclk (IN)
                         net (fo=5173, unset)         0.432     0.432    dbf_reference_bd_i/dbf_axis_0/inst/u_system/u_datapath/u_core/gen_lane[0].u_lane/u_quant_re/aclk
    SLICE_X45Y29         FDRE                                         r  dbf_reference_bd_i/dbf_axis_0/inst/u_system/u_datapath/u_core/gen_lane[0].u_lane/u_quant_re/z_out_reg[23]/C

Slack:                    inf
  Source:                 aresetn
                            (input port)
  Destination:            dbf_reference_bd_i/dbf_axis_0/inst/u_system/u_datapath/u_core/gen_lane[1].u_lane/u_quant_im/z_out_reg[23]/D
                            (rising edge-triggered cell FDRE clocked by aclk  {rise@0.000ns fall@2.500ns period=5.000ns})
  Path Group:             (none)
  Path Type:              Hold (Min at Fast Process Corner)
  Data Path Delay:        0.455ns  (logic 0.045ns (9.887%)  route 0.410ns (90.113%))
  Logic Levels:           1  (LUT6=1)
  Clock Path Skew:        0.432ns (DCD - SCD - CPR)
    Destination Clock Delay (DCD):    0.432ns
    Source Clock Delay      (SCD):    0.000ns
    Clock Pessimism Removal (CPR):    -0.000ns
  Timing Exception:       False Path

    Location             Delay type                Incr(ns)  Path(ns)    Netlist Resource(s)
  -------------------------------------------------------------------    -------------------
                                                      0.000     0.000 r  aresetn (IN)
                         net (fo=67, unset)           0.410     0.410    dbf_reference_bd_i/dbf_axis_0/inst/u_system/u_datapath/u_core/gen_lane[1].u_lane/u_quant_im/aresetn
    SLICE_X27Y16         LUT6 (Prop_lut6_I1_O)        0.045     0.455 r  dbf_reference_bd_i/dbf_axis_0/inst/u_system/u_datapath/u_core/gen_lane[1].u_lane/u_quant_im/z_out[23]_i_1/O
                         net (fo=1, routed)           0.000     0.455    dbf_reference_bd_i/dbf_axis_0/inst/u_system/u_datapath/u_core/gen_lane[1].u_lane/u_quant_im/z_out[23]_i_1_n_0
    SLICE_X27Y16         FDRE                                         r  dbf_reference_bd_i/dbf_axis_0/inst/u_system/u_datapath/u_core/gen_lane[1].u_lane/u_quant_im/z_out_reg[23]/D
  -------------------------------------------------------------------    -------------------

                         (clock aclk rise edge)       0.000     0.000 r  
                                                      0.000     0.000 r  aclk (IN)
                         net (fo=5173, unset)         0.432     0.432    dbf_reference_bd_i/dbf_axis_0/inst/u_system/u_datapath/u_core/gen_lane[1].u_lane/u_quant_im/aclk
    SLICE_X27Y16         FDRE                                         r  dbf_reference_bd_i/dbf_axis_0/inst/u_system/u_datapath/u_core/gen_lane[1].u_lane/u_quant_im/z_out_reg[23]/C

Slack:                    inf
  Source:                 aresetn
                            (input port)
  Destination:            dbf_reference_bd_i/dbf_axis_0/inst/u_system/u_datapath/u_core/gen_lane[1].u_lane/u_quant_re/z_out_reg[23]/D
                            (rising edge-triggered cell FDRE clocked by aclk  {rise@0.000ns fall@2.500ns period=5.000ns})
  Path Group:             (none)
  Path Type:              Hold (Min at Fast Process Corner)
  Data Path Delay:        0.455ns  (logic 0.045ns (9.887%)  route 0.410ns (90.113%))
  Logic Levels:           1  (LUT6=1)
  Clock Path Skew:        0.432ns (DCD - SCD - CPR)
    Destination Clock Delay (DCD):    0.432ns
    Source Clock Delay      (SCD):    0.000ns
    Clock Pessimism Removal (CPR):    -0.000ns
  Timing Exception:       False Path

    Location             Delay type                Incr(ns)  Path(ns)    Netlist Resource(s)
  -------------------------------------------------------------------    -------------------
                                                      0.000     0.000 r  aresetn (IN)
                         net (fo=67, unset)           0.410     0.410    dbf_reference_bd_i/dbf_axis_0/inst/u_system/u_datapath/u_core/gen_lane[1].u_lane/u_quant_re/aresetn
    SLICE_X27Y16         LUT6 (Prop_lut6_I1_O)        0.045     0.455 r  dbf_reference_bd_i/dbf_axis_0/inst/u_system/u_datapath/u_core/gen_lane[1].u_lane/u_quant_re/z_out[23]_i_1/O
                         net (fo=1, routed)           0.000     0.455    dbf_reference_bd_i/dbf_axis_0/inst/u_system/u_datapath/u_core/gen_lane[1].u_lane/u_quant_re/z_out[23]
    SLICE_X27Y16         FDRE                                         r  dbf_reference_bd_i/dbf_axis_0/inst/u_system/u_datapath/u_core/gen_lane[1].u_lane/u_quant_re/z_out_reg[23]/D
  -------------------------------------------------------------------    -------------------

                         (clock aclk rise edge)       0.000     0.000 r  
                                                      0.000     0.000 r  aclk (IN)
                         net (fo=5173, unset)         0.432     0.432    dbf_reference_bd_i/dbf_axis_0/inst/u_system/u_datapath/u_core/gen_lane[1].u_lane/u_quant_re/aclk
    SLICE_X27Y16         FDRE                                         r  dbf_reference_bd_i/dbf_axis_0/inst/u_system/u_datapath/u_core/gen_lane[1].u_lane/u_quant_re/z_out_reg[23]/C

Slack:                    inf
  Source:                 aresetn
                            (input port)
  Destination:            dbf_reference_bd_i/dbf_axis_0/inst/u_system/u_datapath/u_core/gen_lane[2].u_lane/u_quant_im/z_out_reg[23]/D
                            (rising edge-triggered cell FDRE clocked by aclk  {rise@0.000ns fall@2.500ns period=5.000ns})
  Path Group:             (none)
  Path Type:              Hold (Min at Fast Process Corner)
  Data Path Delay:        0.455ns  (logic 0.045ns (9.887%)  route 0.410ns (90.113%))
  Logic Levels:           1  (LUT6=1)
  Clock Path Skew:        0.432ns (DCD - SCD - CPR)
    Destination Clock Delay (DCD):    0.432ns
    Source Clock Delay      (SCD):    0.000ns
    Clock Pessimism Removal (CPR):    -0.000ns
  Timing Exception:       False Path

    Location             Delay type                Incr(ns)  Path(ns)    Netlist Resource(s)
  -------------------------------------------------------------------    -------------------
                                                      0.000     0.000 r  aresetn (IN)
                         net (fo=67, unset)           0.410     0.410    dbf_reference_bd_i/dbf_axis_0/inst/u_system/u_datapath/u_core/gen_lane[2].u_lane/u_quant_im/aresetn
    SLICE_X45Y16         LUT6 (Prop_lut6_I1_O)        0.045     0.455 r  dbf_reference_bd_i/dbf_axis_0/inst/u_system/u_datapath/u_core/gen_lane[2].u_lane/u_quant_im/z_out[23]_i_1/O
                         net (fo=1, routed)           0.000     0.455    dbf_reference_bd_i/dbf_axis_0/inst/u_system/u_datapath/u_core/gen_lane[2].u_lane/u_quant_im/z_out[23]_i_1_n_0
    SLICE_X45Y16         FDRE                                         r  dbf_reference_bd_i/dbf_axis_0/inst/u_system/u_datapath/u_core/gen_lane[2].u_lane/u_quant_im/z_out_reg[23]/D
  -------------------------------------------------------------------    -------------------

                         (clock aclk rise edge)       0.000     0.000 r  
                                                      0.000     0.000 r  aclk (IN)
                         net (fo=5173, unset)         0.432     0.432    dbf_reference_bd_i/dbf_axis_0/inst/u_system/u_datapath/u_core/gen_lane[2].u_lane/u_quant_im/aclk
    SLICE_X45Y16         FDRE                                         r  dbf_reference_bd_i/dbf_axis_0/inst/u_system/u_datapath/u_core/gen_lane[2].u_lane/u_quant_im/z_out_reg[23]/C

Slack:                    inf
  Source:                 aresetn
                            (input port)
  Destination:            dbf_reference_bd_i/dbf_axis_0/inst/u_system/u_datapath/u_core/gen_lane[2].u_lane/u_quant_re/z_out_reg[23]/D
                            (rising edge-triggered cell FDRE clocked by aclk  {rise@0.000ns fall@2.500ns period=5.000ns})
  Path Group:             (none)
  Path Type:              Hold (Min at Fast Process Corner)
  Data Path Delay:        0.455ns  (logic 0.045ns (9.887%)  route 0.410ns (90.113%))
  Logic Levels:           1  (LUT6=1)
  Clock Path Skew:        0.432ns (DCD - SCD - CPR)
    Destination Clock Delay (DCD):    0.432ns
    Source Clock Delay      (SCD):    0.000ns
    Clock Pessimism Removal (CPR):    -0.000ns
  Timing Exception:       False Path

    Location             Delay type                Incr(ns)  Path(ns)    Netlist Resource(s)
  -------------------------------------------------------------------    -------------------
                                                      0.000     0.000 r  aresetn (IN)
                         net (fo=67, unset)           0.410     0.410    dbf_reference_bd_i/dbf_axis_0/inst/u_system/u_datapath/u_core/gen_lane[2].u_lane/u_quant_re/aresetn
    SLICE_X41Y16         LUT6 (Prop_lut6_I1_O)        0.045     0.455 r  dbf_reference_bd_i/dbf_axis_0/inst/u_system/u_datapath/u_core/gen_lane[2].u_lane/u_quant_re/z_out[23]_i_1/O
                         net (fo=1, routed)           0.000     0.455    dbf_reference_bd_i/dbf_axis_0/inst/u_system/u_datapath/u_core/gen_lane[2].u_lane/u_quant_re/z_out[23]
    SLICE_X41Y16         FDRE                                         r  dbf_reference_bd_i/dbf_axis_0/inst/u_system/u_datapath/u_core/gen_lane[2].u_lane/u_quant_re/z_out_reg[23]/D
  -------------------------------------------------------------------    -------------------

                         (clock aclk rise edge)       0.000     0.000 r  
                                                      0.000     0.000 r  aclk (IN)
                         net (fo=5173, unset)         0.432     0.432    dbf_reference_bd_i/dbf_axis_0/inst/u_system/u_datapath/u_core/gen_lane[2].u_lane/u_quant_re/aclk
    SLICE_X41Y16         FDRE                                         r  dbf_reference_bd_i/dbf_axis_0/inst/u_system/u_datapath/u_core/gen_lane[2].u_lane/u_quant_re/z_out_reg[23]/C





--------------------------------------------------------------------------------------
Path Group:  (none)
From Clock:  aclk
  To Clock:  

Max Delay           114 Endpoints
Min Delay           114 Endpoints
--------------------------------------------------------------------------------------


Max Delay Paths
--------------------------------------------------------------------------------------
Slack:                    inf
  Source:                 dbf_reference_bd_i/dbf_axis_0/inst/u_system/u_datapath/FSM_sequential_state_reg[0]/C
                            (rising edge-triggered cell FDRE clocked by aclk  {rise@0.000ns fall@2.500ns period=5.000ns})
  Destination:            dbf_status_busy
                            (output port)
  Path Group:             (none)
  Path Type:              Max at Slow Process Corner
  Data Path Delay:        3.062ns  (logic 0.580ns (18.945%)  route 2.482ns (81.055%))
  Logic Levels:           1  (LUT4=1)
  Clock Uncertainty:      0.025ns  ((TSJ^2 + TIJ^2)^1/2 + DJ) / 2 + PE
    Total System Jitter     (TSJ):    0.050ns
    Total Input Jitter      (TIJ):    0.000ns
    Discrete Jitter          (DJ):    0.000ns
    Phase Error              (PE):    0.000ns

    Location             Delay type                Incr(ns)  Path(ns)    Netlist Resource(s)
  -------------------------------------------------------------------    -------------------
                         (clock aclk rise edge)       0.000     0.000 r  
                                                      0.000     0.000 r  aclk (IN)
                         net (fo=5173, unset)         0.973     0.973    dbf_reference_bd_i/dbf_axis_0/inst/u_system/u_datapath/aclk
    SLICE_X27Y15         FDRE                                         r  dbf_reference_bd_i/dbf_axis_0/inst/u_system/u_datapath/FSM_sequential_state_reg[0]/C
  -------------------------------------------------------------------    -------------------
    SLICE_X27Y15         FDRE (Prop_fdre_C_Q)         0.456     1.429 r  dbf_reference_bd_i/dbf_axis_0/inst/u_system/u_datapath/FSM_sequential_state_reg[0]/Q
                         net (fo=15, routed)          1.509     2.938    dbf_reference_bd_i/dbf_axis_0/inst/u_system/u_datapath/u_serializer/state__0[0]
    SLICE_X29Y22         LUT4 (Prop_lut4_I3_O)        0.124     3.062 r  dbf_reference_bd_i/dbf_axis_0/inst/u_system/u_datapath/u_serializer/status_busy_INST_0/O
                         net (fo=0)                   0.973     4.035    dbf_status_busy
                                                                      r  dbf_status_busy (OUT)
  -------------------------------------------------------------------    -------------------

Slack:                    inf
  Source:                 dbf_reference_bd_i/axis_out_fifo_0/inst/gen_fifo.xpm_fifo_axis_inst/xpm_fifo_base_inst/gen_sdpram.xpm_memory_base_inst/gen_wr_a.gen_word_narrow.mem_reg_0/CLKARDCLK
                            (rising edge-triggered cell RAMB36E1 clocked by aclk  {rise@0.000ns fall@2.500ns period=5.000ns})
  Destination:            M_AXIS_Z_tdata[0]
                            (output port)
  Path Group:             (none)
  Path Type:              Max at Slow Process Corner
  Data Path Delay:        1.855ns  (logic 0.882ns (47.547%)  route 0.973ns (52.453%))
  Logic Levels:           0  
  Clock Uncertainty:      0.025ns  ((TSJ^2 + TIJ^2)^1/2 + DJ) / 2 + PE
    Total System Jitter     (TSJ):    0.050ns
    Total Input Jitter      (TIJ):    0.000ns
    Discrete Jitter          (DJ):    0.000ns
    Phase Error              (PE):    0.000ns

    Location             Delay type                Incr(ns)  Path(ns)    Netlist Resource(s)
  -------------------------------------------------------------------    -------------------
                         (clock aclk rise edge)       0.000     0.000 r  
                                                      0.000     0.000 r  aclk (IN)
                         net (fo=5173, unset)         0.973     0.973    dbf_reference_bd_i/axis_out_fifo_0/inst/gen_fifo.xpm_fifo_axis_inst/xpm_fifo_base_inst/gen_sdpram.xpm_memory_base_inst/clka
    RAMB36_X2Y4          RAMB36E1                                     r  dbf_reference_bd_i/axis_out_fifo_0/inst/gen_fifo.xpm_fifo_axis_inst/xpm_fifo_base_inst/gen_sdpram.xpm_memory_base_inst/gen_wr_a.gen_word_narrow.mem_reg_0/CLKARDCLK
  -------------------------------------------------------------------    -------------------
    RAMB36_X2Y4          RAMB36E1 (Prop_ramb36e1_CLKARDCLK_DOADO[0])
                                                      0.882     1.855 r  dbf_reference_bd_i/axis_out_fifo_0/inst/gen_fifo.xpm_fifo_axis_inst/xpm_fifo_base_inst/gen_sdpram.xpm_memory_base_inst/gen_wr_a.gen_word_narrow.mem_reg_0/DOADO[0]
                         net (fo=0)                   0.973     2.828    M_AXIS_Z_tdata[0]
                                                                      r  M_AXIS_Z_tdata[0] (OUT)
  -------------------------------------------------------------------    -------------------

Slack:                    inf
  Source:                 dbf_reference_bd_i/axis_out_fifo_0/inst/gen_fifo.xpm_fifo_axis_inst/xpm_fifo_base_inst/gen_sdpram.xpm_memory_base_inst/gen_wr_a.gen_word_narrow.mem_reg_0/CLKARDCLK
                            (rising edge-triggered cell RAMB36E1 clocked by aclk  {rise@0.000ns fall@2.500ns period=5.000ns})
  Destination:            M_AXIS_Z_tdata[10]
                            (output port)
  Path Group:             (none)
  Path Type:              Max at Slow Process Corner
  Data Path Delay:        1.855ns  (logic 0.882ns (47.547%)  route 0.973ns (52.453%))
  Logic Levels:           0  
  Clock Uncertainty:      0.025ns  ((TSJ^2 + TIJ^2)^1/2 + DJ) / 2 + PE
    Total System Jitter     (TSJ):    0.050ns
    Total Input Jitter      (TIJ):    0.000ns
    Discrete Jitter          (DJ):    0.000ns
    Phase Error              (PE):    0.000ns

    Location             Delay type                Incr(ns)  Path(ns)    Netlist Resource(s)
  -------------------------------------------------------------------    -------------------
                         (clock aclk rise edge)       0.000     0.000 r  
                                                      0.000     0.000 r  aclk (IN)
                         net (fo=5173, unset)         0.973     0.973    dbf_reference_bd_i/axis_out_fifo_0/inst/gen_fifo.xpm_fifo_axis_inst/xpm_fifo_base_inst/gen_sdpram.xpm_memory_base_inst/clka
    RAMB36_X2Y4          RAMB36E1                                     r  dbf_reference_bd_i/axis_out_fifo_0/inst/gen_fifo.xpm_fifo_axis_inst/xpm_fifo_base_inst/gen_sdpram.xpm_memory_base_inst/gen_wr_a.gen_word_narrow.mem_reg_0/CLKARDCLK
  -------------------------------------------------------------------    -------------------
    RAMB36_X2Y4          RAMB36E1 (Prop_ramb36e1_CLKARDCLK_DOADO[10])
                                                      0.882     1.855 r  dbf_reference_bd_i/axis_out_fifo_0/inst/gen_fifo.xpm_fifo_axis_inst/xpm_fifo_base_inst/gen_sdpram.xpm_memory_base_inst/gen_wr_a.gen_word_narrow.mem_reg_0/DOADO[10]
                         net (fo=0)                   0.973     2.828    M_AXIS_Z_tdata[10]
                                                                      r  M_AXIS_Z_tdata[10] (OUT)
  -------------------------------------------------------------------    -------------------

Slack:                    inf
  Source:                 dbf_reference_bd_i/axis_out_fifo_0/inst/gen_fifo.xpm_fifo_axis_inst/xpm_fifo_base_inst/gen_sdpram.xpm_memory_base_inst/gen_wr_a.gen_word_narrow.mem_reg_0/CLKARDCLK
                            (rising edge-triggered cell RAMB36E1 clocked by aclk  {rise@0.000ns fall@2.500ns period=5.000ns})
  Destination:            M_AXIS_Z_tdata[11]
                            (output port)
  Path Group:             (none)
  Path Type:              Max at Slow Process Corner
  Data Path Delay:        1.855ns  (logic 0.882ns (47.547%)  route 0.973ns (52.453%))
  Logic Levels:           0  
  Clock Uncertainty:      0.025ns  ((TSJ^2 + TIJ^2)^1/2 + DJ) / 2 + PE
    Total System Jitter     (TSJ):    0.050ns
    Total Input Jitter      (TIJ):    0.000ns
    Discrete Jitter          (DJ):    0.000ns
    Phase Error              (PE):    0.000ns

    Location             Delay type                Incr(ns)  Path(ns)    Netlist Resource(s)
  -------------------------------------------------------------------    -------------------
                         (clock aclk rise edge)       0.000     0.000 r  
                                                      0.000     0.000 r  aclk (IN)
                         net (fo=5173, unset)         0.973     0.973    dbf_reference_bd_i/axis_out_fifo_0/inst/gen_fifo.xpm_fifo_axis_inst/xpm_fifo_base_inst/gen_sdpram.xpm_memory_base_inst/clka
    RAMB36_X2Y4          RAMB36E1                                     r  dbf_reference_bd_i/axis_out_fifo_0/inst/gen_fifo.xpm_fifo_axis_inst/xpm_fifo_base_inst/gen_sdpram.xpm_memory_base_inst/gen_wr_a.gen_word_narrow.mem_reg_0/CLKARDCLK
  -------------------------------------------------------------------    -------------------
    RAMB36_X2Y4          RAMB36E1 (Prop_ramb36e1_CLKARDCLK_DOADO[11])
                                                      0.882     1.855 r  dbf_reference_bd_i/axis_out_fifo_0/inst/gen_fifo.xpm_fifo_axis_inst/xpm_fifo_base_inst/gen_sdpram.xpm_memory_base_inst/gen_wr_a.gen_word_narrow.mem_reg_0/DOADO[11]
                         net (fo=0)                   0.973     2.828    M_AXIS_Z_tdata[11]
                                                                      r  M_AXIS_Z_tdata[11] (OUT)
  -------------------------------------------------------------------    -------------------

Slack:                    inf
  Source:                 dbf_reference_bd_i/axis_out_fifo_0/inst/gen_fifo.xpm_fifo_axis_inst/xpm_fifo_base_inst/gen_sdpram.xpm_memory_base_inst/gen_wr_a.gen_word_narrow.mem_reg_0/CLKARDCLK
                            (rising edge-triggered cell RAMB36E1 clocked by aclk  {rise@0.000ns fall@2.500ns period=5.000ns})
  Destination:            M_AXIS_Z_tdata[12]
                            (output port)
  Path Group:             (none)
  Path Type:              Max at Slow Process Corner
  Data Path Delay:        1.855ns  (logic 0.882ns (47.547%)  route 0.973ns (52.453%))
  Logic Levels:           0  
  Clock Uncertainty:      0.025ns  ((TSJ^2 + TIJ^2)^1/2 + DJ) / 2 + PE
    Total System Jitter     (TSJ):    0.050ns
    Total Input Jitter      (TIJ):    0.000ns
    Discrete Jitter          (DJ):    0.000ns
    Phase Error              (PE):    0.000ns

    Location             Delay type                Incr(ns)  Path(ns)    Netlist Resource(s)
  -------------------------------------------------------------------    -------------------
                         (clock aclk rise edge)       0.000     0.000 r  
                                                      0.000     0.000 r  aclk (IN)
                         net (fo=5173, unset)         0.973     0.973    dbf_reference_bd_i/axis_out_fifo_0/inst/gen_fifo.xpm_fifo_axis_inst/xpm_fifo_base_inst/gen_sdpram.xpm_memory_base_inst/clka
    RAMB36_X2Y4          RAMB36E1                                     r  dbf_reference_bd_i/axis_out_fifo_0/inst/gen_fifo.xpm_fifo_axis_inst/xpm_fifo_base_inst/gen_sdpram.xpm_memory_base_inst/gen_wr_a.gen_word_narrow.mem_reg_0/CLKARDCLK
  -------------------------------------------------------------------    -------------------
    RAMB36_X2Y4          RAMB36E1 (Prop_ramb36e1_CLKARDCLK_DOADO[12])
                                                      0.882     1.855 r  dbf_reference_bd_i/axis_out_fifo_0/inst/gen_fifo.xpm_fifo_axis_inst/xpm_fifo_base_inst/gen_sdpram.xpm_memory_base_inst/gen_wr_a.gen_word_narrow.mem_reg_0/DOADO[12]
                         net (fo=0)                   0.973     2.828    M_AXIS_Z_tdata[12]
                                                                      r  M_AXIS_Z_tdata[12] (OUT)
  -------------------------------------------------------------------    -------------------

Slack:                    inf
  Source:                 dbf_reference_bd_i/axis_out_fifo_0/inst/gen_fifo.xpm_fifo_axis_inst/xpm_fifo_base_inst/gen_sdpram.xpm_memory_base_inst/gen_wr_a.gen_word_narrow.mem_reg_0/CLKARDCLK
                            (rising edge-triggered cell RAMB36E1 clocked by aclk  {rise@0.000ns fall@2.500ns period=5.000ns})
  Destination:            M_AXIS_Z_tdata[13]
                            (output port)
  Path Group:             (none)
  Path Type:              Max at Slow Process Corner
  Data Path Delay:        1.855ns  (logic 0.882ns (47.547%)  route 0.973ns (52.453%))
  Logic Levels:           0  
  Clock Uncertainty:      0.025ns  ((TSJ^2 + TIJ^2)^1/2 + DJ) / 2 + PE
    Total System Jitter     (TSJ):    0.050ns
    Total Input Jitter      (TIJ):    0.000ns
    Discrete Jitter          (DJ):    0.000ns
    Phase Error              (PE):    0.000ns

    Location             Delay type                Incr(ns)  Path(ns)    Netlist Resource(s)
  -------------------------------------------------------------------    -------------------
                         (clock aclk rise edge)       0.000     0.000 r  
                                                      0.000     0.000 r  aclk (IN)
                         net (fo=5173, unset)         0.973     0.973    dbf_reference_bd_i/axis_out_fifo_0/inst/gen_fifo.xpm_fifo_axis_inst/xpm_fifo_base_inst/gen_sdpram.xpm_memory_base_inst/clka
    RAMB36_X2Y4          RAMB36E1                                     r  dbf_reference_bd_i/axis_out_fifo_0/inst/gen_fifo.xpm_fifo_axis_inst/xpm_fifo_base_inst/gen_sdpram.xpm_memory_base_inst/gen_wr_a.gen_word_narrow.mem_reg_0/CLKARDCLK
  -------------------------------------------------------------------    -------------------
    RAMB36_X2Y4          RAMB36E1 (Prop_ramb36e1_CLKARDCLK_DOADO[13])
                                                      0.882     1.855 r  dbf_reference_bd_i/axis_out_fifo_0/inst/gen_fifo.xpm_fifo_axis_inst/xpm_fifo_base_inst/gen_sdpram.xpm_memory_base_inst/gen_wr_a.gen_word_narrow.mem_reg_0/DOADO[13]
                         net (fo=0)                   0.973     2.828    M_AXIS_Z_tdata[13]
                                                                      r  M_AXIS_Z_tdata[13] (OUT)
  -------------------------------------------------------------------    -------------------

Slack:                    inf
  Source:                 dbf_reference_bd_i/axis_out_fifo_0/inst/gen_fifo.xpm_fifo_axis_inst/xpm_fifo_base_inst/gen_sdpram.xpm_memory_base_inst/gen_wr_a.gen_word_narrow.mem_reg_0/CLKARDCLK
                            (rising edge-triggered cell RAMB36E1 clocked by aclk  {rise@0.000ns fall@2.500ns period=5.000ns})
  Destination:            M_AXIS_Z_tdata[14]
                            (output port)
  Path Group:             (none)
  Path Type:              Max at Slow Process Corner
  Data Path Delay:        1.855ns  (logic 0.882ns (47.547%)  route 0.973ns (52.453%))
  Logic Levels:           0  
  Clock Uncertainty:      0.025ns  ((TSJ^2 + TIJ^2)^1/2 + DJ) / 2 + PE
    Total System Jitter     (TSJ):    0.050ns
    Total Input Jitter      (TIJ):    0.000ns
    Discrete Jitter          (DJ):    0.000ns
    Phase Error              (PE):    0.000ns

    Location             Delay type                Incr(ns)  Path(ns)    Netlist Resource(s)
  -------------------------------------------------------------------    -------------------
                         (clock aclk rise edge)       0.000     0.000 r  
                                                      0.000     0.000 r  aclk (IN)
                         net (fo=5173, unset)         0.973     0.973    dbf_reference_bd_i/axis_out_fifo_0/inst/gen_fifo.xpm_fifo_axis_inst/xpm_fifo_base_inst/gen_sdpram.xpm_memory_base_inst/clka
    RAMB36_X2Y4          RAMB36E1                                     r  dbf_reference_bd_i/axis_out_fifo_0/inst/gen_fifo.xpm_fifo_axis_inst/xpm_fifo_base_inst/gen_sdpram.xpm_memory_base_inst/gen_wr_a.gen_word_narrow.mem_reg_0/CLKARDCLK
  -------------------------------------------------------------------    -------------------
    RAMB36_X2Y4          RAMB36E1 (Prop_ramb36e1_CLKARDCLK_DOADO[14])
                                                      0.882     1.855 r  dbf_reference_bd_i/axis_out_fifo_0/inst/gen_fifo.xpm_fifo_axis_inst/xpm_fifo_base_inst/gen_sdpram.xpm_memory_base_inst/gen_wr_a.gen_word_narrow.mem_reg_0/DOADO[14]
                         net (fo=0)                   0.973     2.828    M_AXIS_Z_tdata[14]
                                                                      r  M_AXIS_Z_tdata[14] (OUT)
  -------------------------------------------------------------------    -------------------

Slack:                    inf
  Source:                 dbf_reference_bd_i/axis_out_fifo_0/inst/gen_fifo.xpm_fifo_axis_inst/xpm_fifo_base_inst/gen_sdpram.xpm_memory_base_inst/gen_wr_a.gen_word_narrow.mem_reg_0/CLKARDCLK
                            (rising edge-triggered cell RAMB36E1 clocked by aclk  {rise@0.000ns fall@2.500ns period=5.000ns})
  Destination:            M_AXIS_Z_tdata[15]
                            (output port)
  Path Group:             (none)
  Path Type:              Max at Slow Process Corner
  Data Path Delay:        1.855ns  (logic 0.882ns (47.547%)  route 0.973ns (52.453%))
  Logic Levels:           0  
  Clock Uncertainty:      0.025ns  ((TSJ^2 + TIJ^2)^1/2 + DJ) / 2 + PE
    Total System Jitter     (TSJ):    0.050ns
    Total Input Jitter      (TIJ):    0.000ns
    Discrete Jitter          (DJ):    0.000ns
    Phase Error              (PE):    0.000ns

    Location             Delay type                Incr(ns)  Path(ns)    Netlist Resource(s)
  -------------------------------------------------------------------    -------------------
                         (clock aclk rise edge)       0.000     0.000 r  
                                                      0.000     0.000 r  aclk (IN)
                         net (fo=5173, unset)         0.973     0.973    dbf_reference_bd_i/axis_out_fifo_0/inst/gen_fifo.xpm_fifo_axis_inst/xpm_fifo_base_inst/gen_sdpram.xpm_memory_base_inst/clka
    RAMB36_X2Y4          RAMB36E1                                     r  dbf_reference_bd_i/axis_out_fifo_0/inst/gen_fifo.xpm_fifo_axis_inst/xpm_fifo_base_inst/gen_sdpram.xpm_memory_base_inst/gen_wr_a.gen_word_narrow.mem_reg_0/CLKARDCLK
  -------------------------------------------------------------------    -------------------
    RAMB36_X2Y4          RAMB36E1 (Prop_ramb36e1_CLKARDCLK_DOADO[15])
                                                      0.882     1.855 r  dbf_reference_bd_i/axis_out_fifo_0/inst/gen_fifo.xpm_fifo_axis_inst/xpm_fifo_base_inst/gen_sdpram.xpm_memory_base_inst/gen_wr_a.gen_word_narrow.mem_reg_0/DOADO[15]
                         net (fo=0)                   0.973     2.828    M_AXIS_Z_tdata[15]
                                                                      r  M_AXIS_Z_tdata[15] (OUT)
  -------------------------------------------------------------------    -------------------

Slack:                    inf
  Source:                 dbf_reference_bd_i/axis_out_fifo_0/inst/gen_fifo.xpm_fifo_axis_inst/xpm_fifo_base_inst/gen_sdpram.xpm_memory_base_inst/gen_wr_a.gen_word_narrow.mem_reg_0/CLKARDCLK
                            (rising edge-triggered cell RAMB36E1 clocked by aclk  {rise@0.000ns fall@2.500ns period=5.000ns})
  Destination:            M_AXIS_Z_tdata[16]
                            (output port)
  Path Group:             (none)
  Path Type:              Max at Slow Process Corner
  Data Path Delay:        1.855ns  (logic 0.882ns (47.547%)  route 0.973ns (52.453%))
  Logic Levels:           0  
  Clock Uncertainty:      0.025ns  ((TSJ^2 + TIJ^2)^1/2 + DJ) / 2 + PE
    Total System Jitter     (TSJ):    0.050ns
    Total Input Jitter      (TIJ):    0.000ns
    Discrete Jitter          (DJ):    0.000ns
    Phase Error              (PE):    0.000ns

    Location             Delay type                Incr(ns)  Path(ns)    Netlist Resource(s)
  -------------------------------------------------------------------    -------------------
                         (clock aclk rise edge)       0.000     0.000 r  
                                                      0.000     0.000 r  aclk (IN)
                         net (fo=5173, unset)         0.973     0.973    dbf_reference_bd_i/axis_out_fifo_0/inst/gen_fifo.xpm_fifo_axis_inst/xpm_fifo_base_inst/gen_sdpram.xpm_memory_base_inst/clka
    RAMB36_X2Y4          RAMB36E1                                     r  dbf_reference_bd_i/axis_out_fifo_0/inst/gen_fifo.xpm_fifo_axis_inst/xpm_fifo_base_inst/gen_sdpram.xpm_memory_base_inst/gen_wr_a.gen_word_narrow.mem_reg_0/CLKARDCLK
  -------------------------------------------------------------------    -------------------
    RAMB36_X2Y4          RAMB36E1 (Prop_ramb36e1_CLKARDCLK_DOADO[16])
                                                      0.882     1.855 r  dbf_reference_bd_i/axis_out_fifo_0/inst/gen_fifo.xpm_fifo_axis_inst/xpm_fifo_base_inst/gen_sdpram.xpm_memory_base_inst/gen_wr_a.gen_word_narrow.mem_reg_0/DOADO[16]
                         net (fo=0)                   0.973     2.828    M_AXIS_Z_tdata[16]
                                                                      r  M_AXIS_Z_tdata[16] (OUT)
  -------------------------------------------------------------------    -------------------

Slack:                    inf
  Source:                 dbf_reference_bd_i/axis_out_fifo_0/inst/gen_fifo.xpm_fifo_axis_inst/xpm_fifo_base_inst/gen_sdpram.xpm_memory_base_inst/gen_wr_a.gen_word_narrow.mem_reg_0/CLKARDCLK
                            (rising edge-triggered cell RAMB36E1 clocked by aclk  {rise@0.000ns fall@2.500ns period=5.000ns})
  Destination:            M_AXIS_Z_tdata[17]
                            (output port)
  Path Group:             (none)
  Path Type:              Max at Slow Process Corner
  Data Path Delay:        1.855ns  (logic 0.882ns (47.547%)  route 0.973ns (52.453%))
  Logic Levels:           0  
  Clock Uncertainty:      0.025ns  ((TSJ^2 + TIJ^2)^1/2 + DJ) / 2 + PE
    Total System Jitter     (TSJ):    0.050ns
    Total Input Jitter      (TIJ):    0.000ns
    Discrete Jitter          (DJ):    0.000ns
    Phase Error              (PE):    0.000ns

    Location             Delay type                Incr(ns)  Path(ns)    Netlist Resource(s)
  -------------------------------------------------------------------    -------------------
                         (clock aclk rise edge)       0.000     0.000 r  
                                                      0.000     0.000 r  aclk (IN)
                         net (fo=5173, unset)         0.973     0.973    dbf_reference_bd_i/axis_out_fifo_0/inst/gen_fifo.xpm_fifo_axis_inst/xpm_fifo_base_inst/gen_sdpram.xpm_memory_base_inst/clka
    RAMB36_X2Y4          RAMB36E1                                     r  dbf_reference_bd_i/axis_out_fifo_0/inst/gen_fifo.xpm_fifo_axis_inst/xpm_fifo_base_inst/gen_sdpram.xpm_memory_base_inst/gen_wr_a.gen_word_narrow.mem_reg_0/CLKARDCLK
  -------------------------------------------------------------------    -------------------
    RAMB36_X2Y4          RAMB36E1 (Prop_ramb36e1_CLKARDCLK_DOADO[17])
                                                      0.882     1.855 r  dbf_reference_bd_i/axis_out_fifo_0/inst/gen_fifo.xpm_fifo_axis_inst/xpm_fifo_base_inst/gen_sdpram.xpm_memory_base_inst/gen_wr_a.gen_word_narrow.mem_reg_0/DOADO[17]
                         net (fo=0)                   0.973     2.828    M_AXIS_Z_tdata[17]
                                                                      r  M_AXIS_Z_tdata[17] (OUT)
  -------------------------------------------------------------------    -------------------

Slack:                    inf
  Source:                 dbf_reference_bd_i/axis_out_fifo_0/inst/gen_fifo.xpm_fifo_axis_inst/xpm_fifo_base_inst/gen_sdpram.xpm_memory_base_inst/gen_wr_a.gen_word_narrow.mem_reg_0/CLKARDCLK
                            (rising edge-triggered cell RAMB36E1 clocked by aclk  {rise@0.000ns fall@2.500ns period=5.000ns})
  Destination:            M_AXIS_Z_tdata[18]
                            (output port)
  Path Group:             (none)
  Path Type:              Max at Slow Process Corner
  Data Path Delay:        1.855ns  (logic 0.882ns (47.547%)  route 0.973ns (52.453%))
  Logic Levels:           0  
  Clock Uncertainty:      0.025ns  ((TSJ^2 + TIJ^2)^1/2 + DJ) / 2 + PE
    Total System Jitter     (TSJ):    0.050ns
    Total Input Jitter      (TIJ):    0.000ns
    Discrete Jitter          (DJ):    0.000ns
    Phase Error              (PE):    0.000ns

    Location             Delay type                Incr(ns)  Path(ns)    Netlist Resource(s)
  -------------------------------------------------------------------    -------------------
                         (clock aclk rise edge)       0.000     0.000 r  
                                                      0.000     0.000 r  aclk (IN)
                         net (fo=5173, unset)         0.973     0.973    dbf_reference_bd_i/axis_out_fifo_0/inst/gen_fifo.xpm_fifo_axis_inst/xpm_fifo_base_inst/gen_sdpram.xpm_memory_base_inst/clka
    RAMB36_X2Y4          RAMB36E1                                     r  dbf_reference_bd_i/axis_out_fifo_0/inst/gen_fifo.xpm_fifo_axis_inst/xpm_fifo_base_inst/gen_sdpram.xpm_memory_base_inst/gen_wr_a.gen_word_narrow.mem_reg_0/CLKARDCLK
  -------------------------------------------------------------------    -------------------
    RAMB36_X2Y4          RAMB36E1 (Prop_ramb36e1_CLKARDCLK_DOADO[18])
                                                      0.882     1.855 r  dbf_reference_bd_i/axis_out_fifo_0/inst/gen_fifo.xpm_fifo_axis_inst/xpm_fifo_base_inst/gen_sdpram.xpm_memory_base_inst/gen_wr_a.gen_word_narrow.mem_reg_0/DOADO[18]
                         net (fo=0)                   0.973     2.828    M_AXIS_Z_tdata[18]
                                                                      r  M_AXIS_Z_tdata[18] (OUT)
  -------------------------------------------------------------------    -------------------

Slack:                    inf
  Source:                 dbf_reference_bd_i/axis_out_fifo_0/inst/gen_fifo.xpm_fifo_axis_inst/xpm_fifo_base_inst/gen_sdpram.xpm_memory_base_inst/gen_wr_a.gen_word_narrow.mem_reg_0/CLKARDCLK
                            (rising edge-triggered cell RAMB36E1 clocked by aclk  {rise@0.000ns fall@2.500ns period=5.000ns})
  Destination:            M_AXIS_Z_tdata[19]
                            (output port)
  Path Group:             (none)
  Path Type:              Max at Slow Process Corner
  Data Path Delay:        1.855ns  (logic 0.882ns (47.547%)  route 0.973ns (52.453%))
  Logic Levels:           0  
  Clock Uncertainty:      0.025ns  ((TSJ^2 + TIJ^2)^1/2 + DJ) / 2 + PE
    Total System Jitter     (TSJ):    0.050ns
    Total Input Jitter      (TIJ):    0.000ns
    Discrete Jitter          (DJ):    0.000ns
    Phase Error              (PE):    0.000ns

    Location             Delay type                Incr(ns)  Path(ns)    Netlist Resource(s)
  -------------------------------------------------------------------    -------------------
                         (clock aclk rise edge)       0.000     0.000 r  
                                                      0.000     0.000 r  aclk (IN)
                         net (fo=5173, unset)         0.973     0.973    dbf_reference_bd_i/axis_out_fifo_0/inst/gen_fifo.xpm_fifo_axis_inst/xpm_fifo_base_inst/gen_sdpram.xpm_memory_base_inst/clka
    RAMB36_X2Y4          RAMB36E1                                     r  dbf_reference_bd_i/axis_out_fifo_0/inst/gen_fifo.xpm_fifo_axis_inst/xpm_fifo_base_inst/gen_sdpram.xpm_memory_base_inst/gen_wr_a.gen_word_narrow.mem_reg_0/CLKARDCLK
  -------------------------------------------------------------------    -------------------
    RAMB36_X2Y4          RAMB36E1 (Prop_ramb36e1_CLKARDCLK_DOADO[19])
                                                      0.882     1.855 r  dbf_reference_bd_i/axis_out_fifo_0/inst/gen_fifo.xpm_fifo_axis_inst/xpm_fifo_base_inst/gen_sdpram.xpm_memory_base_inst/gen_wr_a.gen_word_narrow.mem_reg_0/DOADO[19]
                         net (fo=0)                   0.973     2.828    M_AXIS_Z_tdata[19]
                                                                      r  M_AXIS_Z_tdata[19] (OUT)
  -------------------------------------------------------------------    -------------------

Slack:                    inf
  Source:                 dbf_reference_bd_i/axis_out_fifo_0/inst/gen_fifo.xpm_fifo_axis_inst/xpm_fifo_base_inst/gen_sdpram.xpm_memory_base_inst/gen_wr_a.gen_word_narrow.mem_reg_0/CLKARDCLK
                            (rising edge-triggered cell RAMB36E1 clocked by aclk  {rise@0.000ns fall@2.500ns period=5.000ns})
  Destination:            M_AXIS_Z_tdata[1]
                            (output port)
  Path Group:             (none)
  Path Type:              Max at Slow Process Corner
  Data Path Delay:        1.855ns  (logic 0.882ns (47.547%)  route 0.973ns (52.453%))
  Logic Levels:           0  
  Clock Uncertainty:      0.025ns  ((TSJ^2 + TIJ^2)^1/2 + DJ) / 2 + PE
    Total System Jitter     (TSJ):    0.050ns
    Total Input Jitter      (TIJ):    0.000ns
    Discrete Jitter          (DJ):    0.000ns
    Phase Error              (PE):    0.000ns

    Location             Delay type                Incr(ns)  Path(ns)    Netlist Resource(s)
  -------------------------------------------------------------------    -------------------
                         (clock aclk rise edge)       0.000     0.000 r  
                                                      0.000     0.000 r  aclk (IN)
                         net (fo=5173, unset)         0.973     0.973    dbf_reference_bd_i/axis_out_fifo_0/inst/gen_fifo.xpm_fifo_axis_inst/xpm_fifo_base_inst/gen_sdpram.xpm_memory_base_inst/clka
    RAMB36_X2Y4          RAMB36E1                                     r  dbf_reference_bd_i/axis_out_fifo_0/inst/gen_fifo.xpm_fifo_axis_inst/xpm_fifo_base_inst/gen_sdpram.xpm_memory_base_inst/gen_wr_a.gen_word_narrow.mem_reg_0/CLKARDCLK
  -------------------------------------------------------------------    -------------------
    RAMB36_X2Y4          RAMB36E1 (Prop_ramb36e1_CLKARDCLK_DOADO[1])
                                                      0.882     1.855 r  dbf_reference_bd_i/axis_out_fifo_0/inst/gen_fifo.xpm_fifo_axis_inst/xpm_fifo_base_inst/gen_sdpram.xpm_memory_base_inst/gen_wr_a.gen_word_narrow.mem_reg_0/DOADO[1]
                         net (fo=0)                   0.973     2.828    M_AXIS_Z_tdata[1]
                                                                      r  M_AXIS_Z_tdata[1] (OUT)
  -------------------------------------------------------------------    -------------------

Slack:                    inf
  Source:                 dbf_reference_bd_i/axis_out_fifo_0/inst/gen_fifo.xpm_fifo_axis_inst/xpm_fifo_base_inst/gen_sdpram.xpm_memory_base_inst/gen_wr_a.gen_word_narrow.mem_reg_0/CLKARDCLK
                            (rising edge-triggered cell RAMB36E1 clocked by aclk  {rise@0.000ns fall@2.500ns period=5.000ns})
  Destination:            M_AXIS_Z_tdata[20]
                            (output port)
  Path Group:             (none)
  Path Type:              Max at Slow Process Corner
  Data Path Delay:        1.855ns  (logic 0.882ns (47.547%)  route 0.973ns (52.453%))
  Logic Levels:           0  
  Clock Uncertainty:      0.025ns  ((TSJ^2 + TIJ^2)^1/2 + DJ) / 2 + PE
    Total System Jitter     (TSJ):    0.050ns
    Total Input Jitter      (TIJ):    0.000ns
    Discrete Jitter          (DJ):    0.000ns
    Phase Error              (PE):    0.000ns

    Location             Delay type                Incr(ns)  Path(ns)    Netlist Resource(s)
  -------------------------------------------------------------------    -------------------
                         (clock aclk rise edge)       0.000     0.000 r  
                                                      0.000     0.000 r  aclk (IN)
                         net (fo=5173, unset)         0.973     0.973    dbf_reference_bd_i/axis_out_fifo_0/inst/gen_fifo.xpm_fifo_axis_inst/xpm_fifo_base_inst/gen_sdpram.xpm_memory_base_inst/clka
    RAMB36_X2Y4          RAMB36E1                                     r  dbf_reference_bd_i/axis_out_fifo_0/inst/gen_fifo.xpm_fifo_axis_inst/xpm_fifo_base_inst/gen_sdpram.xpm_memory_base_inst/gen_wr_a.gen_word_narrow.mem_reg_0/CLKARDCLK
  -------------------------------------------------------------------    -------------------
    RAMB36_X2Y4          RAMB36E1 (Prop_ramb36e1_CLKARDCLK_DOADO[20])
                                                      0.882     1.855 r  dbf_reference_bd_i/axis_out_fifo_0/inst/gen_fifo.xpm_fifo_axis_inst/xpm_fifo_base_inst/gen_sdpram.xpm_memory_base_inst/gen_wr_a.gen_word_narrow.mem_reg_0/DOADO[20]
                         net (fo=0)                   0.973     2.828    M_AXIS_Z_tdata[20]
                                                                      r  M_AXIS_Z_tdata[20] (OUT)
  -------------------------------------------------------------------    -------------------

Slack:                    inf
  Source:                 dbf_reference_bd_i/axis_out_fifo_0/inst/gen_fifo.xpm_fifo_axis_inst/xpm_fifo_base_inst/gen_sdpram.xpm_memory_base_inst/gen_wr_a.gen_word_narrow.mem_reg_0/CLKARDCLK
                            (rising edge-triggered cell RAMB36E1 clocked by aclk  {rise@0.000ns fall@2.500ns period=5.000ns})
  Destination:            M_AXIS_Z_tdata[21]
                            (output port)
  Path Group:             (none)
  Path Type:              Max at Slow Process Corner
  Data Path Delay:        1.855ns  (logic 0.882ns (47.547%)  route 0.973ns (52.453%))
  Logic Levels:           0  
  Clock Uncertainty:      0.025ns  ((TSJ^2 + TIJ^2)^1/2 + DJ) / 2 + PE
    Total System Jitter     (TSJ):    0.050ns
    Total Input Jitter      (TIJ):    0.000ns
    Discrete Jitter          (DJ):    0.000ns
    Phase Error              (PE):    0.000ns

    Location             Delay type                Incr(ns)  Path(ns)    Netlist Resource(s)
  -------------------------------------------------------------------    -------------------
                         (clock aclk rise edge)       0.000     0.000 r  
                                                      0.000     0.000 r  aclk (IN)
                         net (fo=5173, unset)         0.973     0.973    dbf_reference_bd_i/axis_out_fifo_0/inst/gen_fifo.xpm_fifo_axis_inst/xpm_fifo_base_inst/gen_sdpram.xpm_memory_base_inst/clka
    RAMB36_X2Y4          RAMB36E1                                     r  dbf_reference_bd_i/axis_out_fifo_0/inst/gen_fifo.xpm_fifo_axis_inst/xpm_fifo_base_inst/gen_sdpram.xpm_memory_base_inst/gen_wr_a.gen_word_narrow.mem_reg_0/CLKARDCLK
  -------------------------------------------------------------------    -------------------
    RAMB36_X2Y4          RAMB36E1 (Prop_ramb36e1_CLKARDCLK_DOADO[21])
                                                      0.882     1.855 r  dbf_reference_bd_i/axis_out_fifo_0/inst/gen_fifo.xpm_fifo_axis_inst/xpm_fifo_base_inst/gen_sdpram.xpm_memory_base_inst/gen_wr_a.gen_word_narrow.mem_reg_0/DOADO[21]
                         net (fo=0)                   0.973     2.828    M_AXIS_Z_tdata[21]
                                                                      r  M_AXIS_Z_tdata[21] (OUT)
  -------------------------------------------------------------------    -------------------

Slack:                    inf
  Source:                 dbf_reference_bd_i/axis_out_fifo_0/inst/gen_fifo.xpm_fifo_axis_inst/xpm_fifo_base_inst/gen_sdpram.xpm_memory_base_inst/gen_wr_a.gen_word_narrow.mem_reg_0/CLKARDCLK
                            (rising edge-triggered cell RAMB36E1 clocked by aclk  {rise@0.000ns fall@2.500ns period=5.000ns})
  Destination:            M_AXIS_Z_tdata[22]
                            (output port)
  Path Group:             (none)
  Path Type:              Max at Slow Process Corner
  Data Path Delay:        1.855ns  (logic 0.882ns (47.547%)  route 0.973ns (52.453%))
  Logic Levels:           0  
  Clock Uncertainty:      0.025ns  ((TSJ^2 + TIJ^2)^1/2 + DJ) / 2 + PE
    Total System Jitter     (TSJ):    0.050ns
    Total Input Jitter      (TIJ):    0.000ns
    Discrete Jitter          (DJ):    0.000ns
    Phase Error              (PE):    0.000ns

    Location             Delay type                Incr(ns)  Path(ns)    Netlist Resource(s)
  -------------------------------------------------------------------    -------------------
                         (clock aclk rise edge)       0.000     0.000 r  
                                                      0.000     0.000 r  aclk (IN)
                         net (fo=5173, unset)         0.973     0.973    dbf_reference_bd_i/axis_out_fifo_0/inst/gen_fifo.xpm_fifo_axis_inst/xpm_fifo_base_inst/gen_sdpram.xpm_memory_base_inst/clka
    RAMB36_X2Y4          RAMB36E1                                     r  dbf_reference_bd_i/axis_out_fifo_0/inst/gen_fifo.xpm_fifo_axis_inst/xpm_fifo_base_inst/gen_sdpram.xpm_memory_base_inst/gen_wr_a.gen_word_narrow.mem_reg_0/CLKARDCLK
  -------------------------------------------------------------------    -------------------
    RAMB36_X2Y4          RAMB36E1 (Prop_ramb36e1_CLKARDCLK_DOADO[22])
                                                      0.882     1.855 r  dbf_reference_bd_i/axis_out_fifo_0/inst/gen_fifo.xpm_fifo_axis_inst/xpm_fifo_base_inst/gen_sdpram.xpm_memory_base_inst/gen_wr_a.gen_word_narrow.mem_reg_0/DOADO[22]
                         net (fo=0)                   0.973     2.828    M_AXIS_Z_tdata[22]
                                                                      r  M_AXIS_Z_tdata[22] (OUT)
  -------------------------------------------------------------------    -------------------

Slack:                    inf
  Source:                 dbf_reference_bd_i/axis_out_fifo_0/inst/gen_fifo.xpm_fifo_axis_inst/xpm_fifo_base_inst/gen_sdpram.xpm_memory_base_inst/gen_wr_a.gen_word_narrow.mem_reg_0/CLKARDCLK
                            (rising edge-triggered cell RAMB36E1 clocked by aclk  {rise@0.000ns fall@2.500ns period=5.000ns})
  Destination:            M_AXIS_Z_tdata[23]
                            (output port)
  Path Group:             (none)
  Path Type:              Max at Slow Process Corner
  Data Path Delay:        1.855ns  (logic 0.882ns (47.547%)  route 0.973ns (52.453%))
  Logic Levels:           0  
  Clock Uncertainty:      0.025ns  ((TSJ^2 + TIJ^2)^1/2 + DJ) / 2 + PE
    Total System Jitter     (TSJ):    0.050ns
    Total Input Jitter      (TIJ):    0.000ns
    Discrete Jitter          (DJ):    0.000ns
    Phase Error              (PE):    0.000ns

    Location             Delay type                Incr(ns)  Path(ns)    Netlist Resource(s)
  -------------------------------------------------------------------    -------------------
                         (clock aclk rise edge)       0.000     0.000 r  
                                                      0.000     0.000 r  aclk (IN)
                         net (fo=5173, unset)         0.973     0.973    dbf_reference_bd_i/axis_out_fifo_0/inst/gen_fifo.xpm_fifo_axis_inst/xpm_fifo_base_inst/gen_sdpram.xpm_memory_base_inst/clka
    RAMB36_X2Y4          RAMB36E1                                     r  dbf_reference_bd_i/axis_out_fifo_0/inst/gen_fifo.xpm_fifo_axis_inst/xpm_fifo_base_inst/gen_sdpram.xpm_memory_base_inst/gen_wr_a.gen_word_narrow.mem_reg_0/CLKARDCLK
  -------------------------------------------------------------------    -------------------
    RAMB36_X2Y4          RAMB36E1 (Prop_ramb36e1_CLKARDCLK_DOADO[23])
                                                      0.882     1.855 r  dbf_reference_bd_i/axis_out_fifo_0/inst/gen_fifo.xpm_fifo_axis_inst/xpm_fifo_base_inst/gen_sdpram.xpm_memory_base_inst/gen_wr_a.gen_word_narrow.mem_reg_0/DOADO[23]
                         net (fo=0)                   0.973     2.828    M_AXIS_Z_tdata[23]
                                                                      r  M_AXIS_Z_tdata[23] (OUT)
  -------------------------------------------------------------------    -------------------

Slack:                    inf
  Source:                 dbf_reference_bd_i/axis_out_fifo_0/inst/gen_fifo.xpm_fifo_axis_inst/xpm_fifo_base_inst/gen_sdpram.xpm_memory_base_inst/gen_wr_a.gen_word_narrow.mem_reg_0/CLKARDCLK
                            (rising edge-triggered cell RAMB36E1 clocked by aclk  {rise@0.000ns fall@2.500ns period=5.000ns})
  Destination:            M_AXIS_Z_tdata[24]
                            (output port)
  Path Group:             (none)
  Path Type:              Max at Slow Process Corner
  Data Path Delay:        1.855ns  (logic 0.882ns (47.547%)  route 0.973ns (52.453%))
  Logic Levels:           0  
  Clock Uncertainty:      0.025ns  ((TSJ^2 + TIJ^2)^1/2 + DJ) / 2 + PE
    Total System Jitter     (TSJ):    0.050ns
    Total Input Jitter      (TIJ):    0.000ns
    Discrete Jitter          (DJ):    0.000ns
    Phase Error              (PE):    0.000ns

    Location             Delay type                Incr(ns)  Path(ns)    Netlist Resource(s)
  -------------------------------------------------------------------    -------------------
                         (clock aclk rise edge)       0.000     0.000 r  
                                                      0.000     0.000 r  aclk (IN)
                         net (fo=5173, unset)         0.973     0.973    dbf_reference_bd_i/axis_out_fifo_0/inst/gen_fifo.xpm_fifo_axis_inst/xpm_fifo_base_inst/gen_sdpram.xpm_memory_base_inst/clka
    RAMB36_X2Y4          RAMB36E1                                     r  dbf_reference_bd_i/axis_out_fifo_0/inst/gen_fifo.xpm_fifo_axis_inst/xpm_fifo_base_inst/gen_sdpram.xpm_memory_base_inst/gen_wr_a.gen_word_narrow.mem_reg_0/CLKARDCLK
  -------------------------------------------------------------------    -------------------
    RAMB36_X2Y4          RAMB36E1 (Prop_ramb36e1_CLKARDCLK_DOADO[24])
                                                      0.882     1.855 r  dbf_reference_bd_i/axis_out_fifo_0/inst/gen_fifo.xpm_fifo_axis_inst/xpm_fifo_base_inst/gen_sdpram.xpm_memory_base_inst/gen_wr_a.gen_word_narrow.mem_reg_0/DOADO[24]
                         net (fo=0)                   0.973     2.828    M_AXIS_Z_tdata[24]
                                                                      r  M_AXIS_Z_tdata[24] (OUT)
  -------------------------------------------------------------------    -------------------

Slack:                    inf
  Source:                 dbf_reference_bd_i/axis_out_fifo_0/inst/gen_fifo.xpm_fifo_axis_inst/xpm_fifo_base_inst/gen_sdpram.xpm_memory_base_inst/gen_wr_a.gen_word_narrow.mem_reg_0/CLKARDCLK
                            (rising edge-triggered cell RAMB36E1 clocked by aclk  {rise@0.000ns fall@2.500ns period=5.000ns})
  Destination:            M_AXIS_Z_tdata[25]
                            (output port)
  Path Group:             (none)
  Path Type:              Max at Slow Process Corner
  Data Path Delay:        1.855ns  (logic 0.882ns (47.547%)  route 0.973ns (52.453%))
  Logic Levels:           0  
  Clock Uncertainty:      0.025ns  ((TSJ^2 + TIJ^2)^1/2 + DJ) / 2 + PE
    Total System Jitter     (TSJ):    0.050ns
    Total Input Jitter      (TIJ):    0.000ns
    Discrete Jitter          (DJ):    0.000ns
    Phase Error              (PE):    0.000ns

    Location             Delay type                Incr(ns)  Path(ns)    Netlist Resource(s)
  -------------------------------------------------------------------    -------------------
                         (clock aclk rise edge)       0.000     0.000 r  
                                                      0.000     0.000 r  aclk (IN)
                         net (fo=5173, unset)         0.973     0.973    dbf_reference_bd_i/axis_out_fifo_0/inst/gen_fifo.xpm_fifo_axis_inst/xpm_fifo_base_inst/gen_sdpram.xpm_memory_base_inst/clka
    RAMB36_X2Y4          RAMB36E1                                     r  dbf_reference_bd_i/axis_out_fifo_0/inst/gen_fifo.xpm_fifo_axis_inst/xpm_fifo_base_inst/gen_sdpram.xpm_memory_base_inst/gen_wr_a.gen_word_narrow.mem_reg_0/CLKARDCLK
  -------------------------------------------------------------------    -------------------
    RAMB36_X2Y4          RAMB36E1 (Prop_ramb36e1_CLKARDCLK_DOADO[25])
                                                      0.882     1.855 r  dbf_reference_bd_i/axis_out_fifo_0/inst/gen_fifo.xpm_fifo_axis_inst/xpm_fifo_base_inst/gen_sdpram.xpm_memory_base_inst/gen_wr_a.gen_word_narrow.mem_reg_0/DOADO[25]
                         net (fo=0)                   0.973     2.828    M_AXIS_Z_tdata[25]
                                                                      r  M_AXIS_Z_tdata[25] (OUT)
  -------------------------------------------------------------------    -------------------

Slack:                    inf
  Source:                 dbf_reference_bd_i/axis_out_fifo_0/inst/gen_fifo.xpm_fifo_axis_inst/xpm_fifo_base_inst/gen_sdpram.xpm_memory_base_inst/gen_wr_a.gen_word_narrow.mem_reg_0/CLKARDCLK
                            (rising edge-triggered cell RAMB36E1 clocked by aclk  {rise@0.000ns fall@2.500ns period=5.000ns})
  Destination:            M_AXIS_Z_tdata[26]
                            (output port)
  Path Group:             (none)
  Path Type:              Max at Slow Process Corner
  Data Path Delay:        1.855ns  (logic 0.882ns (47.547%)  route 0.973ns (52.453%))
  Logic Levels:           0  
  Clock Uncertainty:      0.025ns  ((TSJ^2 + TIJ^2)^1/2 + DJ) / 2 + PE
    Total System Jitter     (TSJ):    0.050ns
    Total Input Jitter      (TIJ):    0.000ns
    Discrete Jitter          (DJ):    0.000ns
    Phase Error              (PE):    0.000ns

    Location             Delay type                Incr(ns)  Path(ns)    Netlist Resource(s)
  -------------------------------------------------------------------    -------------------
                         (clock aclk rise edge)       0.000     0.000 r  
                                                      0.000     0.000 r  aclk (IN)
                         net (fo=5173, unset)         0.973     0.973    dbf_reference_bd_i/axis_out_fifo_0/inst/gen_fifo.xpm_fifo_axis_inst/xpm_fifo_base_inst/gen_sdpram.xpm_memory_base_inst/clka
    RAMB36_X2Y4          RAMB36E1                                     r  dbf_reference_bd_i/axis_out_fifo_0/inst/gen_fifo.xpm_fifo_axis_inst/xpm_fifo_base_inst/gen_sdpram.xpm_memory_base_inst/gen_wr_a.gen_word_narrow.mem_reg_0/CLKARDCLK
  -------------------------------------------------------------------    -------------------
    RAMB36_X2Y4          RAMB36E1 (Prop_ramb36e1_CLKARDCLK_DOADO[26])
                                                      0.882     1.855 r  dbf_reference_bd_i/axis_out_fifo_0/inst/gen_fifo.xpm_fifo_axis_inst/xpm_fifo_base_inst/gen_sdpram.xpm_memory_base_inst/gen_wr_a.gen_word_narrow.mem_reg_0/DOADO[26]
                         net (fo=0)                   0.973     2.828    M_AXIS_Z_tdata[26]
                                                                      r  M_AXIS_Z_tdata[26] (OUT)
  -------------------------------------------------------------------    -------------------





Min Delay Paths
--------------------------------------------------------------------------------------
Slack:                    inf
  Source:                 dbf_reference_bd_i/dbf_axis_0/inst/u_system/u_datapath/status_missing_tlast_reg/C
                            (rising edge-triggered cell FDRE clocked by aclk  {rise@0.000ns fall@2.500ns period=5.000ns})
  Destination:            dbf_status_missing_tlast
                            (output port)
  Path Group:             (none)
  Path Type:              Min at Fast Process Corner
  Data Path Delay:        0.538ns  (logic 0.128ns (23.786%)  route 0.410ns (76.214%))
  Logic Levels:           0  
  Clock Uncertainty:      0.025ns  ((TSJ^2 + TIJ^2)^1/2 + DJ) / 2 + PE
    Total System Jitter     (TSJ):    0.050ns
    Total Input Jitter      (TIJ):    0.000ns
    Discrete Jitter          (DJ):    0.000ns
    Phase Error              (PE):    0.000ns

    Location             Delay type                Incr(ns)  Path(ns)    Netlist Resource(s)
  -------------------------------------------------------------------    -------------------
                         (clock aclk rise edge)       0.000     0.000 r  
                                                      0.000     0.000 r  aclk (IN)
                         net (fo=5173, unset)         0.410     0.410    dbf_reference_bd_i/dbf_axis_0/inst/u_system/u_datapath/aclk
    SLICE_X27Y15         FDRE                                         r  dbf_reference_bd_i/dbf_axis_0/inst/u_system/u_datapath/status_missing_tlast_reg/C
  -------------------------------------------------------------------    -------------------
    SLICE_X27Y15         FDRE (Prop_fdre_C_Q)         0.128     0.538 r  dbf_reference_bd_i/dbf_axis_0/inst/u_system/u_datapath/status_missing_tlast_reg/Q
                         net (fo=2, unset)            0.410     0.948    dbf_status_missing_tlast
                                                                      r  dbf_status_missing_tlast (OUT)
  -------------------------------------------------------------------    -------------------

Slack:                    inf
  Source:                 dbf_reference_bd_i/axis_out_fifo_0/inst/gen_fifo.xpm_fifo_axis_inst/xpm_fifo_base_inst/gen_fwft.gdvld_fwft.data_valid_fwft_reg/C
                            (rising edge-triggered cell FDRE clocked by aclk  {rise@0.000ns fall@2.500ns period=5.000ns})
  Destination:            M_AXIS_Z_tvalid
                            (output port)
  Path Group:             (none)
  Path Type:              Min at Fast Process Corner
  Data Path Delay:        0.551ns  (logic 0.141ns (25.583%)  route 0.410ns (74.417%))
  Logic Levels:           0  
  Clock Uncertainty:      0.025ns  ((TSJ^2 + TIJ^2)^1/2 + DJ) / 2 + PE
    Total System Jitter     (TSJ):    0.050ns
    Total Input Jitter      (TIJ):    0.000ns
    Discrete Jitter          (DJ):    0.000ns
    Phase Error              (PE):    0.000ns

    Location             Delay type                Incr(ns)  Path(ns)    Netlist Resource(s)
  -------------------------------------------------------------------    -------------------
                         (clock aclk rise edge)       0.000     0.000 r  
                                                      0.000     0.000 r  aclk (IN)
                         net (fo=5173, unset)         0.410     0.410    dbf_reference_bd_i/axis_out_fifo_0/inst/gen_fifo.xpm_fifo_axis_inst/xpm_fifo_base_inst/wr_clk
    SLICE_X33Y34         FDRE                                         r  dbf_reference_bd_i/axis_out_fifo_0/inst/gen_fifo.xpm_fifo_axis_inst/xpm_fifo_base_inst/gen_fwft.gdvld_fwft.data_valid_fwft_reg/C
  -------------------------------------------------------------------    -------------------
    SLICE_X33Y34         FDRE (Prop_fdre_C_Q)         0.141     0.551 r  dbf_reference_bd_i/axis_out_fifo_0/inst/gen_fifo.xpm_fifo_axis_inst/xpm_fifo_base_inst/gen_fwft.gdvld_fwft.data_valid_fwft_reg/Q
                         net (fo=1, unset)            0.410     0.961    M_AXIS_Z_tvalid
                                                                      r  M_AXIS_Z_tvalid (OUT)
  -------------------------------------------------------------------    -------------------

Slack:                    inf
  Source:                 dbf_reference_bd_i/dbf_axis_0/inst/u_system/u_datapath/status_bad_tkeep_reg/C
                            (rising edge-triggered cell FDRE clocked by aclk  {rise@0.000ns fall@2.500ns period=5.000ns})
  Destination:            dbf_status_bad_tkeep
                            (output port)
  Path Group:             (none)
  Path Type:              Min at Fast Process Corner
  Data Path Delay:        0.551ns  (logic 0.141ns (25.583%)  route 0.410ns (74.417%))
  Logic Levels:           0  
  Clock Uncertainty:      0.025ns  ((TSJ^2 + TIJ^2)^1/2 + DJ) / 2 + PE
    Total System Jitter     (TSJ):    0.050ns
    Total Input Jitter      (TIJ):    0.000ns
    Discrete Jitter          (DJ):    0.000ns
    Phase Error              (PE):    0.000ns

    Location             Delay type                Incr(ns)  Path(ns)    Netlist Resource(s)
  -------------------------------------------------------------------    -------------------
                         (clock aclk rise edge)       0.000     0.000 r  
                                                      0.000     0.000 r  aclk (IN)
                         net (fo=5173, unset)         0.410     0.410    dbf_reference_bd_i/dbf_axis_0/inst/u_system/u_datapath/aclk
    SLICE_X24Y17         FDRE                                         r  dbf_reference_bd_i/dbf_axis_0/inst/u_system/u_datapath/status_bad_tkeep_reg/C
  -------------------------------------------------------------------    -------------------
    SLICE_X24Y17         FDRE (Prop_fdre_C_Q)         0.141     0.551 r  dbf_reference_bd_i/dbf_axis_0/inst/u_system/u_datapath/status_bad_tkeep_reg/Q
                         net (fo=2, unset)            0.410     0.961    dbf_status_bad_tkeep
                                                                      r  dbf_status_bad_tkeep (OUT)
  -------------------------------------------------------------------    -------------------

Slack:                    inf
  Source:                 dbf_reference_bd_i/dbf_axis_0/inst/u_system/u_datapath/status_clip_seen_reg/C
                            (rising edge-triggered cell FDRE clocked by aclk  {rise@0.000ns fall@2.500ns period=5.000ns})
  Destination:            dbf_status_clip_seen
                            (output port)
  Path Group:             (none)
  Path Type:              Min at Fast Process Corner
  Data Path Delay:        0.551ns  (logic 0.141ns (25.583%)  route 0.410ns (74.417%))
  Logic Levels:           0  
  Clock Uncertainty:      0.025ns  ((TSJ^2 + TIJ^2)^1/2 + DJ) / 2 + PE
    Total System Jitter     (TSJ):    0.050ns
    Total Input Jitter      (TIJ):    0.000ns
    Discrete Jitter          (DJ):    0.000ns
    Phase Error              (PE):    0.000ns

    Location             Delay type                Incr(ns)  Path(ns)    Netlist Resource(s)
  -------------------------------------------------------------------    -------------------
                         (clock aclk rise edge)       0.000     0.000 r  
                                                      0.000     0.000 r  aclk (IN)
                         net (fo=5173, unset)         0.410     0.410    dbf_reference_bd_i/dbf_axis_0/inst/u_system/u_datapath/aclk
    SLICE_X27Y17         FDRE                                         r  dbf_reference_bd_i/dbf_axis_0/inst/u_system/u_datapath/status_clip_seen_reg/C
  -------------------------------------------------------------------    -------------------
    SLICE_X27Y17         FDRE (Prop_fdre_C_Q)         0.141     0.551 r  dbf_reference_bd_i/dbf_axis_0/inst/u_system/u_datapath/status_clip_seen_reg/Q
                         net (fo=1, unset)            0.410     0.961    dbf_status_clip_seen
                                                                      r  dbf_status_clip_seen (OUT)
  -------------------------------------------------------------------    -------------------

Slack:                    inf
  Source:                 dbf_reference_bd_i/dbf_axis_0/inst/u_system/u_datapath/status_early_tlast_reg/C
                            (rising edge-triggered cell FDRE clocked by aclk  {rise@0.000ns fall@2.500ns period=5.000ns})
  Destination:            dbf_status_early_tlast
                            (output port)
  Path Group:             (none)
  Path Type:              Min at Fast Process Corner
  Data Path Delay:        0.551ns  (logic 0.141ns (25.583%)  route 0.410ns (74.417%))
  Logic Levels:           0  
  Clock Uncertainty:      0.025ns  ((TSJ^2 + TIJ^2)^1/2 + DJ) / 2 + PE
    Total System Jitter     (TSJ):    0.050ns
    Total Input Jitter      (TIJ):    0.000ns
    Discrete Jitter          (DJ):    0.000ns
    Phase Error              (PE):    0.000ns

    Location             Delay type                Incr(ns)  Path(ns)    Netlist Resource(s)
  -------------------------------------------------------------------    -------------------
                         (clock aclk rise edge)       0.000     0.000 r  
                                                      0.000     0.000 r  aclk (IN)
                         net (fo=5173, unset)         0.410     0.410    dbf_reference_bd_i/dbf_axis_0/inst/u_system/u_datapath/aclk
    SLICE_X27Y15         FDRE                                         r  dbf_reference_bd_i/dbf_axis_0/inst/u_system/u_datapath/status_early_tlast_reg/C
  -------------------------------------------------------------------    -------------------
    SLICE_X27Y15         FDRE (Prop_fdre_C_Q)         0.141     0.551 r  dbf_reference_bd_i/dbf_axis_0/inst/u_system/u_datapath/status_early_tlast_reg/Q
                         net (fo=2, unset)            0.410     0.961    dbf_status_early_tlast
                                                                      r  dbf_status_early_tlast (OUT)
  -------------------------------------------------------------------    -------------------

Slack:                    inf
  Source:                 dbf_reference_bd_i/dbf_axis_0/inst/u_system/u_datapath/status_frame_count_reg[0]/C
                            (rising edge-triggered cell FDRE clocked by aclk  {rise@0.000ns fall@2.500ns period=5.000ns})
  Destination:            dbf_status_frame_count[0]
                            (output port)
  Path Group:             (none)
  Path Type:              Min at Fast Process Corner
  Data Path Delay:        0.551ns  (logic 0.141ns (25.583%)  route 0.410ns (74.417%))
  Logic Levels:           0  
  Clock Uncertainty:      0.025ns  ((TSJ^2 + TIJ^2)^1/2 + DJ) / 2 + PE
    Total System Jitter     (TSJ):    0.050ns
    Total Input Jitter      (TIJ):    0.000ns
    Discrete Jitter          (DJ):    0.000ns
    Phase Error              (PE):    0.000ns

    Location             Delay type                Incr(ns)  Path(ns)    Netlist Resource(s)
  -------------------------------------------------------------------    -------------------
                         (clock aclk rise edge)       0.000     0.000 r  
                                                      0.000     0.000 r  aclk (IN)
                         net (fo=5173, unset)         0.410     0.410    dbf_reference_bd_i/dbf_axis_0/inst/u_system/u_datapath/aclk
    SLICE_X28Y12         FDRE                                         r  dbf_reference_bd_i/dbf_axis_0/inst/u_system/u_datapath/status_frame_count_reg[0]/C
  -------------------------------------------------------------------    -------------------
    SLICE_X28Y12         FDRE (Prop_fdre_C_Q)         0.141     0.551 r  dbf_reference_bd_i/dbf_axis_0/inst/u_system/u_datapath/status_frame_count_reg[0]/Q
                         net (fo=1, unset)            0.410     0.961    dbf_status_frame_count[0]
                                                                      r  dbf_status_frame_count[0] (OUT)
  -------------------------------------------------------------------    -------------------

Slack:                    inf
  Source:                 dbf_reference_bd_i/dbf_axis_0/inst/u_system/u_datapath/status_frame_count_reg[10]/C
                            (rising edge-triggered cell FDRE clocked by aclk  {rise@0.000ns fall@2.500ns period=5.000ns})
  Destination:            dbf_status_frame_count[10]
                            (output port)
  Path Group:             (none)
  Path Type:              Min at Fast Process Corner
  Data Path Delay:        0.551ns  (logic 0.141ns (25.583%)  route 0.410ns (74.417%))
  Logic Levels:           0  
  Clock Uncertainty:      0.025ns  ((TSJ^2 + TIJ^2)^1/2 + DJ) / 2 + PE
    Total System Jitter     (TSJ):    0.050ns
    Total Input Jitter      (TIJ):    0.000ns
    Discrete Jitter          (DJ):    0.000ns
    Phase Error              (PE):    0.000ns

    Location             Delay type                Incr(ns)  Path(ns)    Netlist Resource(s)
  -------------------------------------------------------------------    -------------------
                         (clock aclk rise edge)       0.000     0.000 r  
                                                      0.000     0.000 r  aclk (IN)
                         net (fo=5173, unset)         0.410     0.410    dbf_reference_bd_i/dbf_axis_0/inst/u_system/u_datapath/aclk
    SLICE_X28Y14         FDRE                                         r  dbf_reference_bd_i/dbf_axis_0/inst/u_system/u_datapath/status_frame_count_reg[10]/C
  -------------------------------------------------------------------    -------------------
    SLICE_X28Y14         FDRE (Prop_fdre_C_Q)         0.141     0.551 r  dbf_reference_bd_i/dbf_axis_0/inst/u_system/u_datapath/status_frame_count_reg[10]/Q
                         net (fo=1, unset)            0.410     0.961    dbf_status_frame_count[10]
                                                                      r  dbf_status_frame_count[10] (OUT)
  -------------------------------------------------------------------    -------------------

Slack:                    inf
  Source:                 dbf_reference_bd_i/dbf_axis_0/inst/u_system/u_datapath/status_frame_count_reg[11]/C
                            (rising edge-triggered cell FDRE clocked by aclk  {rise@0.000ns fall@2.500ns period=5.000ns})
  Destination:            dbf_status_frame_count[11]
                            (output port)
  Path Group:             (none)
  Path Type:              Min at Fast Process Corner
  Data Path Delay:        0.551ns  (logic 0.141ns (25.583%)  route 0.410ns (74.417%))
  Logic Levels:           0  
  Clock Uncertainty:      0.025ns  ((TSJ^2 + TIJ^2)^1/2 + DJ) / 2 + PE
    Total System Jitter     (TSJ):    0.050ns
    Total Input Jitter      (TIJ):    0.000ns
    Discrete Jitter          (DJ):    0.000ns
    Phase Error              (PE):    0.000ns

    Location             Delay type                Incr(ns)  Path(ns)    Netlist Resource(s)
  -------------------------------------------------------------------    -------------------
                         (clock aclk rise edge)       0.000     0.000 r  
                                                      0.000     0.000 r  aclk (IN)
                         net (fo=5173, unset)         0.410     0.410    dbf_reference_bd_i/dbf_axis_0/inst/u_system/u_datapath/aclk
    SLICE_X28Y14         FDRE                                         r  dbf_reference_bd_i/dbf_axis_0/inst/u_system/u_datapath/status_frame_count_reg[11]/C
  -------------------------------------------------------------------    -------------------
    SLICE_X28Y14         FDRE (Prop_fdre_C_Q)         0.141     0.551 r  dbf_reference_bd_i/dbf_axis_0/inst/u_system/u_datapath/status_frame_count_reg[11]/Q
                         net (fo=1, unset)            0.410     0.961    dbf_status_frame_count[11]
                                                                      r  dbf_status_frame_count[11] (OUT)
  -------------------------------------------------------------------    -------------------

Slack:                    inf
  Source:                 dbf_reference_bd_i/dbf_axis_0/inst/u_system/u_datapath/status_frame_count_reg[12]/C
                            (rising edge-triggered cell FDRE clocked by aclk  {rise@0.000ns fall@2.500ns period=5.000ns})
  Destination:            dbf_status_frame_count[12]
                            (output port)
  Path Group:             (none)
  Path Type:              Min at Fast Process Corner
  Data Path Delay:        0.551ns  (logic 0.141ns (25.583%)  route 0.410ns (74.417%))
  Logic Levels:           0  
  Clock Uncertainty:      0.025ns  ((TSJ^2 + TIJ^2)^1/2 + DJ) / 2 + PE
    Total System Jitter     (TSJ):    0.050ns
    Total Input Jitter      (TIJ):    0.000ns
    Discrete Jitter          (DJ):    0.000ns
    Phase Error              (PE):    0.000ns

    Location             Delay type                Incr(ns)  Path(ns)    Netlist Resource(s)
  -------------------------------------------------------------------    -------------------
                         (clock aclk rise edge)       0.000     0.000 r  
                                                      0.000     0.000 r  aclk (IN)
                         net (fo=5173, unset)         0.410     0.410    dbf_reference_bd_i/dbf_axis_0/inst/u_system/u_datapath/aclk
    SLICE_X28Y15         FDRE                                         r  dbf_reference_bd_i/dbf_axis_0/inst/u_system/u_datapath/status_frame_count_reg[12]/C
  -------------------------------------------------------------------    -------------------
    SLICE_X28Y15         FDRE (Prop_fdre_C_Q)         0.141     0.551 r  dbf_reference_bd_i/dbf_axis_0/inst/u_system/u_datapath/status_frame_count_reg[12]/Q
                         net (fo=1, unset)            0.410     0.961    dbf_status_frame_count[12]
                                                                      r  dbf_status_frame_count[12] (OUT)
  -------------------------------------------------------------------    -------------------

Slack:                    inf
  Source:                 dbf_reference_bd_i/dbf_axis_0/inst/u_system/u_datapath/status_frame_count_reg[13]/C
                            (rising edge-triggered cell FDRE clocked by aclk  {rise@0.000ns fall@2.500ns period=5.000ns})
  Destination:            dbf_status_frame_count[13]
                            (output port)
  Path Group:             (none)
  Path Type:              Min at Fast Process Corner
  Data Path Delay:        0.551ns  (logic 0.141ns (25.583%)  route 0.410ns (74.417%))
  Logic Levels:           0  
  Clock Uncertainty:      0.025ns  ((TSJ^2 + TIJ^2)^1/2 + DJ) / 2 + PE
    Total System Jitter     (TSJ):    0.050ns
    Total Input Jitter      (TIJ):    0.000ns
    Discrete Jitter          (DJ):    0.000ns
    Phase Error              (PE):    0.000ns

    Location             Delay type                Incr(ns)  Path(ns)    Netlist Resource(s)
  -------------------------------------------------------------------    -------------------
                         (clock aclk rise edge)       0.000     0.000 r  
                                                      0.000     0.000 r  aclk (IN)
                         net (fo=5173, unset)         0.410     0.410    dbf_reference_bd_i/dbf_axis_0/inst/u_system/u_datapath/aclk
    SLICE_X28Y15         FDRE                                         r  dbf_reference_bd_i/dbf_axis_0/inst/u_system/u_datapath/status_frame_count_reg[13]/C
  -------------------------------------------------------------------    -------------------
    SLICE_X28Y15         FDRE (Prop_fdre_C_Q)         0.141     0.551 r  dbf_reference_bd_i/dbf_axis_0/inst/u_system/u_datapath/status_frame_count_reg[13]/Q
                         net (fo=1, unset)            0.410     0.961    dbf_status_frame_count[13]
                                                                      r  dbf_status_frame_count[13] (OUT)
  -------------------------------------------------------------------    -------------------

Slack:                    inf
  Source:                 dbf_reference_bd_i/dbf_axis_0/inst/u_system/u_datapath/status_frame_count_reg[14]/C
                            (rising edge-triggered cell FDRE clocked by aclk  {rise@0.000ns fall@2.500ns period=5.000ns})
  Destination:            dbf_status_frame_count[14]
                            (output port)
  Path Group:             (none)
  Path Type:              Min at Fast Process Corner
  Data Path Delay:        0.551ns  (logic 0.141ns (25.583%)  route 0.410ns (74.417%))
  Logic Levels:           0  
  Clock Uncertainty:      0.025ns  ((TSJ^2 + TIJ^2)^1/2 + DJ) / 2 + PE
    Total System Jitter     (TSJ):    0.050ns
    Total Input Jitter      (TIJ):    0.000ns
    Discrete Jitter          (DJ):    0.000ns
    Phase Error              (PE):    0.000ns

    Location             Delay type                Incr(ns)  Path(ns)    Netlist Resource(s)
  -------------------------------------------------------------------    -------------------
                         (clock aclk rise edge)       0.000     0.000 r  
                                                      0.000     0.000 r  aclk (IN)
                         net (fo=5173, unset)         0.410     0.410    dbf_reference_bd_i/dbf_axis_0/inst/u_system/u_datapath/aclk
    SLICE_X28Y15         FDRE                                         r  dbf_reference_bd_i/dbf_axis_0/inst/u_system/u_datapath/status_frame_count_reg[14]/C
  -------------------------------------------------------------------    -------------------
    SLICE_X28Y15         FDRE (Prop_fdre_C_Q)         0.141     0.551 r  dbf_reference_bd_i/dbf_axis_0/inst/u_system/u_datapath/status_frame_count_reg[14]/Q
                         net (fo=1, unset)            0.410     0.961    dbf_status_frame_count[14]
                                                                      r  dbf_status_frame_count[14] (OUT)
  -------------------------------------------------------------------    -------------------

Slack:                    inf
  Source:                 dbf_reference_bd_i/dbf_axis_0/inst/u_system/u_datapath/status_frame_count_reg[15]/C
                            (rising edge-triggered cell FDRE clocked by aclk  {rise@0.000ns fall@2.500ns period=5.000ns})
  Destination:            dbf_status_frame_count[15]
                            (output port)
  Path Group:             (none)
  Path Type:              Min at Fast Process Corner
  Data Path Delay:        0.551ns  (logic 0.141ns (25.583%)  route 0.410ns (74.417%))
  Logic Levels:           0  
  Clock Uncertainty:      0.025ns  ((TSJ^2 + TIJ^2)^1/2 + DJ) / 2 + PE
    Total System Jitter     (TSJ):    0.050ns
    Total Input Jitter      (TIJ):    0.000ns
    Discrete Jitter          (DJ):    0.000ns
    Phase Error              (PE):    0.000ns

    Location             Delay type                Incr(ns)  Path(ns)    Netlist Resource(s)
  -------------------------------------------------------------------    -------------------
                         (clock aclk rise edge)       0.000     0.000 r  
                                                      0.000     0.000 r  aclk (IN)
                         net (fo=5173, unset)         0.410     0.410    dbf_reference_bd_i/dbf_axis_0/inst/u_system/u_datapath/aclk
    SLICE_X28Y15         FDRE                                         r  dbf_reference_bd_i/dbf_axis_0/inst/u_system/u_datapath/status_frame_count_reg[15]/C
  -------------------------------------------------------------------    -------------------
    SLICE_X28Y15         FDRE (Prop_fdre_C_Q)         0.141     0.551 r  dbf_reference_bd_i/dbf_axis_0/inst/u_system/u_datapath/status_frame_count_reg[15]/Q
                         net (fo=1, unset)            0.410     0.961    dbf_status_frame_count[15]
                                                                      r  dbf_status_frame_count[15] (OUT)
  -------------------------------------------------------------------    -------------------

Slack:                    inf
  Source:                 dbf_reference_bd_i/dbf_axis_0/inst/u_system/u_datapath/status_frame_count_reg[16]/C
                            (rising edge-triggered cell FDRE clocked by aclk  {rise@0.000ns fall@2.500ns period=5.000ns})
  Destination:            dbf_status_frame_count[16]
                            (output port)
  Path Group:             (none)
  Path Type:              Min at Fast Process Corner
  Data Path Delay:        0.551ns  (logic 0.141ns (25.583%)  route 0.410ns (74.417%))
  Logic Levels:           0  
  Clock Uncertainty:      0.025ns  ((TSJ^2 + TIJ^2)^1/2 + DJ) / 2 + PE
    Total System Jitter     (TSJ):    0.050ns
    Total Input Jitter      (TIJ):    0.000ns
    Discrete Jitter          (DJ):    0.000ns
    Phase Error              (PE):    0.000ns

    Location             Delay type                Incr(ns)  Path(ns)    Netlist Resource(s)
  -------------------------------------------------------------------    -------------------
                         (clock aclk rise edge)       0.000     0.000 r  
                                                      0.000     0.000 r  aclk (IN)
                         net (fo=5173, unset)         0.410     0.410    dbf_reference_bd_i/dbf_axis_0/inst/u_system/u_datapath/aclk
    SLICE_X28Y16         FDRE                                         r  dbf_reference_bd_i/dbf_axis_0/inst/u_system/u_datapath/status_frame_count_reg[16]/C
  -------------------------------------------------------------------    -------------------
    SLICE_X28Y16         FDRE (Prop_fdre_C_Q)         0.141     0.551 r  dbf_reference_bd_i/dbf_axis_0/inst/u_system/u_datapath/status_frame_count_reg[16]/Q
                         net (fo=1, unset)            0.410     0.961    dbf_status_frame_count[16]
                                                                      r  dbf_status_frame_count[16] (OUT)
  -------------------------------------------------------------------    -------------------

Slack:                    inf
  Source:                 dbf_reference_bd_i/dbf_axis_0/inst/u_system/u_datapath/status_frame_count_reg[17]/C
                            (rising edge-triggered cell FDRE clocked by aclk  {rise@0.000ns fall@2.500ns period=5.000ns})
  Destination:            dbf_status_frame_count[17]
                            (output port)
  Path Group:             (none)
  Path Type:              Min at Fast Process Corner
  Data Path Delay:        0.551ns  (logic 0.141ns (25.583%)  route 0.410ns (74.417%))
  Logic Levels:           0  
  Clock Uncertainty:      0.025ns  ((TSJ^2 + TIJ^2)^1/2 + DJ) / 2 + PE
    Total System Jitter     (TSJ):    0.050ns
    Total Input Jitter      (TIJ):    0.000ns
    Discrete Jitter          (DJ):    0.000ns
    Phase Error              (PE):    0.000ns

    Location             Delay type                Incr(ns)  Path(ns)    Netlist Resource(s)
  -------------------------------------------------------------------    -------------------
                         (clock aclk rise edge)       0.000     0.000 r  
                                                      0.000     0.000 r  aclk (IN)
                         net (fo=5173, unset)         0.410     0.410    dbf_reference_bd_i/dbf_axis_0/inst/u_system/u_datapath/aclk
    SLICE_X28Y16         FDRE                                         r  dbf_reference_bd_i/dbf_axis_0/inst/u_system/u_datapath/status_frame_count_reg[17]/C
  -------------------------------------------------------------------    -------------------
    SLICE_X28Y16         FDRE (Prop_fdre_C_Q)         0.141     0.551 r  dbf_reference_bd_i/dbf_axis_0/inst/u_system/u_datapath/status_frame_count_reg[17]/Q
                         net (fo=1, unset)            0.410     0.961    dbf_status_frame_count[17]
                                                                      r  dbf_status_frame_count[17] (OUT)
  -------------------------------------------------------------------    -------------------

Slack:                    inf
  Source:                 dbf_reference_bd_i/dbf_axis_0/inst/u_system/u_datapath/status_frame_count_reg[18]/C
                            (rising edge-triggered cell FDRE clocked by aclk  {rise@0.000ns fall@2.500ns period=5.000ns})
  Destination:            dbf_status_frame_count[18]
                            (output port)
  Path Group:             (none)
  Path Type:              Min at Fast Process Corner
  Data Path Delay:        0.551ns  (logic 0.141ns (25.583%)  route 0.410ns (74.417%))
  Logic Levels:           0  
  Clock Uncertainty:      0.025ns  ((TSJ^2 + TIJ^2)^1/2 + DJ) / 2 + PE
    Total System Jitter     (TSJ):    0.050ns
    Total Input Jitter      (TIJ):    0.000ns
    Discrete Jitter          (DJ):    0.000ns
    Phase Error              (PE):    0.000ns

    Location             Delay type                Incr(ns)  Path(ns)    Netlist Resource(s)
  -------------------------------------------------------------------    -------------------
                         (clock aclk rise edge)       0.000     0.000 r  
                                                      0.000     0.000 r  aclk (IN)
                         net (fo=5173, unset)         0.410     0.410    dbf_reference_bd_i/dbf_axis_0/inst/u_system/u_datapath/aclk
    SLICE_X28Y16         FDRE                                         r  dbf_reference_bd_i/dbf_axis_0/inst/u_system/u_datapath/status_frame_count_reg[18]/C
  -------------------------------------------------------------------    -------------------
    SLICE_X28Y16         FDRE (Prop_fdre_C_Q)         0.141     0.551 r  dbf_reference_bd_i/dbf_axis_0/inst/u_system/u_datapath/status_frame_count_reg[18]/Q
                         net (fo=1, unset)            0.410     0.961    dbf_status_frame_count[18]
                                                                      r  dbf_status_frame_count[18] (OUT)
  -------------------------------------------------------------------    -------------------

Slack:                    inf
  Source:                 dbf_reference_bd_i/dbf_axis_0/inst/u_system/u_datapath/status_frame_count_reg[19]/C
                            (rising edge-triggered cell FDRE clocked by aclk  {rise@0.000ns fall@2.500ns period=5.000ns})
  Destination:            dbf_status_frame_count[19]
                            (output port)
  Path Group:             (none)
  Path Type:              Min at Fast Process Corner
  Data Path Delay:        0.551ns  (logic 0.141ns (25.583%)  route 0.410ns (74.417%))
  Logic Levels:           0  
  Clock Uncertainty:      0.025ns  ((TSJ^2 + TIJ^2)^1/2 + DJ) / 2 + PE
    Total System Jitter     (TSJ):    0.050ns
    Total Input Jitter      (TIJ):    0.000ns
    Discrete Jitter          (DJ):    0.000ns
    Phase Error              (PE):    0.000ns

    Location             Delay type                Incr(ns)  Path(ns)    Netlist Resource(s)
  -------------------------------------------------------------------    -------------------
                         (clock aclk rise edge)       0.000     0.000 r  
                                                      0.000     0.000 r  aclk (IN)
                         net (fo=5173, unset)         0.410     0.410    dbf_reference_bd_i/dbf_axis_0/inst/u_system/u_datapath/aclk
    SLICE_X28Y16         FDRE                                         r  dbf_reference_bd_i/dbf_axis_0/inst/u_system/u_datapath/status_frame_count_reg[19]/C
  -------------------------------------------------------------------    -------------------
    SLICE_X28Y16         FDRE (Prop_fdre_C_Q)         0.141     0.551 r  dbf_reference_bd_i/dbf_axis_0/inst/u_system/u_datapath/status_frame_count_reg[19]/Q
                         net (fo=1, unset)            0.410     0.961    dbf_status_frame_count[19]
                                                                      r  dbf_status_frame_count[19] (OUT)
  -------------------------------------------------------------------    -------------------

Slack:                    inf
  Source:                 dbf_reference_bd_i/dbf_axis_0/inst/u_system/u_datapath/status_frame_count_reg[1]/C
                            (rising edge-triggered cell FDRE clocked by aclk  {rise@0.000ns fall@2.500ns period=5.000ns})
  Destination:            dbf_status_frame_count[1]
                            (output port)
  Path Group:             (none)
  Path Type:              Min at Fast Process Corner
  Data Path Delay:        0.551ns  (logic 0.141ns (25.583%)  route 0.410ns (74.417%))
  Logic Levels:           0  
  Clock Uncertainty:      0.025ns  ((TSJ^2 + TIJ^2)^1/2 + DJ) / 2 + PE
    Total System Jitter     (TSJ):    0.050ns
    Total Input Jitter      (TIJ):    0.000ns
    Discrete Jitter          (DJ):    0.000ns
    Phase Error              (PE):    0.000ns

    Location             Delay type                Incr(ns)  Path(ns)    Netlist Resource(s)
  -------------------------------------------------------------------    -------------------
                         (clock aclk rise edge)       0.000     0.000 r  
                                                      0.000     0.000 r  aclk (IN)
                         net (fo=5173, unset)         0.410     0.410    dbf_reference_bd_i/dbf_axis_0/inst/u_system/u_datapath/aclk
    SLICE_X28Y12         FDRE                                         r  dbf_reference_bd_i/dbf_axis_0/inst/u_system/u_datapath/status_frame_count_reg[1]/C
  -------------------------------------------------------------------    -------------------
    SLICE_X28Y12         FDRE (Prop_fdre_C_Q)         0.141     0.551 r  dbf_reference_bd_i/dbf_axis_0/inst/u_system/u_datapath/status_frame_count_reg[1]/Q
                         net (fo=1, unset)            0.410     0.961    dbf_status_frame_count[1]
                                                                      r  dbf_status_frame_count[1] (OUT)
  -------------------------------------------------------------------    -------------------

Slack:                    inf
  Source:                 dbf_reference_bd_i/dbf_axis_0/inst/u_system/u_datapath/status_frame_count_reg[20]/C
                            (rising edge-triggered cell FDRE clocked by aclk  {rise@0.000ns fall@2.500ns period=5.000ns})
  Destination:            dbf_status_frame_count[20]
                            (output port)
  Path Group:             (none)
  Path Type:              Min at Fast Process Corner
  Data Path Delay:        0.551ns  (logic 0.141ns (25.583%)  route 0.410ns (74.417%))
  Logic Levels:           0  
  Clock Uncertainty:      0.025ns  ((TSJ^2 + TIJ^2)^1/2 + DJ) / 2 + PE
    Total System Jitter     (TSJ):    0.050ns
    Total Input Jitter      (TIJ):    0.000ns
    Discrete Jitter          (DJ):    0.000ns
    Phase Error              (PE):    0.000ns

    Location             Delay type                Incr(ns)  Path(ns)    Netlist Resource(s)
  -------------------------------------------------------------------    -------------------
                         (clock aclk rise edge)       0.000     0.000 r  
                                                      0.000     0.000 r  aclk (IN)
                         net (fo=5173, unset)         0.410     0.410    dbf_reference_bd_i/dbf_axis_0/inst/u_system/u_datapath/aclk
    SLICE_X28Y17         FDRE                                         r  dbf_reference_bd_i/dbf_axis_0/inst/u_system/u_datapath/status_frame_count_reg[20]/C
  -------------------------------------------------------------------    -------------------
    SLICE_X28Y17         FDRE (Prop_fdre_C_Q)         0.141     0.551 r  dbf_reference_bd_i/dbf_axis_0/inst/u_system/u_datapath/status_frame_count_reg[20]/Q
                         net (fo=1, unset)            0.410     0.961    dbf_status_frame_count[20]
                                                                      r  dbf_status_frame_count[20] (OUT)
  -------------------------------------------------------------------    -------------------

Slack:                    inf
  Source:                 dbf_reference_bd_i/dbf_axis_0/inst/u_system/u_datapath/status_frame_count_reg[21]/C
                            (rising edge-triggered cell FDRE clocked by aclk  {rise@0.000ns fall@2.500ns period=5.000ns})
  Destination:            dbf_status_frame_count[21]
                            (output port)
  Path Group:             (none)
  Path Type:              Min at Fast Process Corner
  Data Path Delay:        0.551ns  (logic 0.141ns (25.583%)  route 0.410ns (74.417%))
  Logic Levels:           0  
  Clock Uncertainty:      0.025ns  ((TSJ^2 + TIJ^2)^1/2 + DJ) / 2 + PE
    Total System Jitter     (TSJ):    0.050ns
    Total Input Jitter      (TIJ):    0.000ns
    Discrete Jitter          (DJ):    0.000ns
    Phase Error              (PE):    0.000ns

    Location             Delay type                Incr(ns)  Path(ns)    Netlist Resource(s)
  -------------------------------------------------------------------    -------------------
                         (clock aclk rise edge)       0.000     0.000 r  
                                                      0.000     0.000 r  aclk (IN)
                         net (fo=5173, unset)         0.410     0.410    dbf_reference_bd_i/dbf_axis_0/inst/u_system/u_datapath/aclk
    SLICE_X28Y17         FDRE                                         r  dbf_reference_bd_i/dbf_axis_0/inst/u_system/u_datapath/status_frame_count_reg[21]/C
  -------------------------------------------------------------------    -------------------
    SLICE_X28Y17         FDRE (Prop_fdre_C_Q)         0.141     0.551 r  dbf_reference_bd_i/dbf_axis_0/inst/u_system/u_datapath/status_frame_count_reg[21]/Q
                         net (fo=1, unset)            0.410     0.961    dbf_status_frame_count[21]
                                                                      r  dbf_status_frame_count[21] (OUT)
  -------------------------------------------------------------------    -------------------

Slack:                    inf
  Source:                 dbf_reference_bd_i/dbf_axis_0/inst/u_system/u_datapath/status_frame_count_reg[22]/C
                            (rising edge-triggered cell FDRE clocked by aclk  {rise@0.000ns fall@2.500ns period=5.000ns})
  Destination:            dbf_status_frame_count[22]
                            (output port)
  Path Group:             (none)
  Path Type:              Min at Fast Process Corner
  Data Path Delay:        0.551ns  (logic 0.141ns (25.583%)  route 0.410ns (74.417%))
  Logic Levels:           0  
  Clock Uncertainty:      0.025ns  ((TSJ^2 + TIJ^2)^1/2 + DJ) / 2 + PE
    Total System Jitter     (TSJ):    0.050ns
    Total Input Jitter      (TIJ):    0.000ns
    Discrete Jitter          (DJ):    0.000ns
    Phase Error              (PE):    0.000ns

    Location             Delay type                Incr(ns)  Path(ns)    Netlist Resource(s)
  -------------------------------------------------------------------    -------------------
                         (clock aclk rise edge)       0.000     0.000 r  
                                                      0.000     0.000 r  aclk (IN)
                         net (fo=5173, unset)         0.410     0.410    dbf_reference_bd_i/dbf_axis_0/inst/u_system/u_datapath/aclk
    SLICE_X28Y17         FDRE                                         r  dbf_reference_bd_i/dbf_axis_0/inst/u_system/u_datapath/status_frame_count_reg[22]/C
  -------------------------------------------------------------------    -------------------
    SLICE_X28Y17         FDRE (Prop_fdre_C_Q)         0.141     0.551 r  dbf_reference_bd_i/dbf_axis_0/inst/u_system/u_datapath/status_frame_count_reg[22]/Q
                         net (fo=1, unset)            0.410     0.961    dbf_status_frame_count[22]
                                                                      r  dbf_status_frame_count[22] (OUT)
  -------------------------------------------------------------------    -------------------





--------------------------------------------------------------------------------------
Path Group:  (none)
From Clock:  
  To Clock:  aclk

Max Delay            85 Endpoints
Min Delay            85 Endpoints
--------------------------------------------------------------------------------------


Max Delay Paths
--------------------------------------------------------------------------------------
Slack:                    inf
  Source:                 M_AXIS_Z_tready
                            (input port)
  Destination:            dbf_reference_bd_i/axis_out_fifo_0/inst/gen_fifo.xpm_fifo_axis_inst/xpm_fifo_base_inst/gen_sdpram.xpm_memory_base_inst/gen_wr_a.gen_word_narrow.mem_reg_0/ENARDEN
                            (rising edge-triggered cell RAMB36E1 clocked by aclk  {rise@0.000ns fall@2.500ns period=5.000ns})
  Path Group:             (none)
  Path Type:              Setup (Max at Slow Process Corner)
  Data Path Delay:        2.952ns  (logic 0.241ns (8.164%)  route 2.711ns (91.836%))
  Logic Levels:           2  (LUT2=1 LUT4=1)
  Clock Path Skew:        0.924ns (DCD - SCD + CPR)
    Destination Clock Delay (DCD):    0.924ns
    Source Clock Delay      (SCD):    0.000ns
    Clock Pessimism Removal (CPR):    0.000ns
  Clock Uncertainty:      0.025ns  ((TSJ^2 + TIJ^2)^1/2 + DJ) / 2 + PE
    Total System Jitter     (TSJ):    0.050ns
    Total Input Jitter      (TIJ):    0.000ns
    Discrete Jitter          (DJ):    0.000ns
    Phase Error              (PE):    0.000ns

    Location             Delay type                Incr(ns)  Path(ns)    Netlist Resource(s)
  -------------------------------------------------------------------    -------------------
                                                      0.000     0.000 r  M_AXIS_Z_tready (IN)
                         net (fo=0)                   0.973     0.973    dbf_reference_bd_i/axis_out_fifo_0/inst/gen_fifo.xpm_fifo_axis_inst/m_axis_tready
    SLICE_X33Y34         LUT2 (Prop_lut2_I1_O)        0.124     1.097 r  dbf_reference_bd_i/axis_out_fifo_0/inst/gen_fifo.xpm_fifo_axis_inst/xpm_fifo_base_inst_i_1/O
                         net (fo=10, routed)          0.530     1.627    dbf_reference_bd_i/axis_out_fifo_0/inst/gen_fifo.xpm_fifo_axis_inst/xpm_fifo_base_inst/rdp_inst/rd_en
    SLICE_X32Y34         LUT4 (Prop_lut4_I2_O)        0.117     1.744 r  dbf_reference_bd_i/axis_out_fifo_0/inst/gen_fifo.xpm_fifo_axis_inst/xpm_fifo_base_inst/rdp_inst/gen_sdpram.xpm_memory_base_inst_i_2/O
                         net (fo=13, routed)          1.208     2.952    dbf_reference_bd_i/axis_out_fifo_0/inst/gen_fifo.xpm_fifo_axis_inst/xpm_fifo_base_inst/gen_sdpram.xpm_memory_base_inst/enb
    RAMB36_X2Y4          RAMB36E1                                     r  dbf_reference_bd_i/axis_out_fifo_0/inst/gen_fifo.xpm_fifo_axis_inst/xpm_fifo_base_inst/gen_sdpram.xpm_memory_base_inst/gen_wr_a.gen_word_narrow.mem_reg_0/ENARDEN
  -------------------------------------------------------------------    -------------------

                         (clock aclk rise edge)       0.000     0.000 r  
                                                      0.000     0.000 r  aclk (IN)
                         net (fo=5173, unset)         0.924     0.924    dbf_reference_bd_i/axis_out_fifo_0/inst/gen_fifo.xpm_fifo_axis_inst/xpm_fifo_base_inst/gen_sdpram.xpm_memory_base_inst/clka
    RAMB36_X2Y4          RAMB36E1                                     r  dbf_reference_bd_i/axis_out_fifo_0/inst/gen_fifo.xpm_fifo_axis_inst/xpm_fifo_base_inst/gen_sdpram.xpm_memory_base_inst/gen_wr_a.gen_word_narrow.mem_reg_0/CLKARDCLK

Slack:                    inf
  Source:                 M_AXIS_Z_tready
                            (input port)
  Destination:            dbf_reference_bd_i/axis_out_fifo_0/inst/gen_fifo.xpm_fifo_axis_inst/xpm_fifo_base_inst/gen_pntr_flags_cc.ram_empty_i_reg/D
                            (rising edge-triggered cell FDSE clocked by aclk  {rise@0.000ns fall@2.500ns period=5.000ns})
  Path Group:             (none)
  Path Type:              Setup (Max at Slow Process Corner)
  Data Path Delay:        2.936ns  (logic 0.572ns (19.479%)  route 2.364ns (80.521%))
  Logic Levels:           3  (LUT2=1 LUT4=1 LUT5=1)
  Clock Path Skew:        0.924ns (DCD - SCD + CPR)
    Destination Clock Delay (DCD):    0.924ns
    Source Clock Delay      (SCD):    0.000ns
    Clock Pessimism Removal (CPR):    0.000ns
  Clock Uncertainty:      0.025ns  ((TSJ^2 + TIJ^2)^1/2 + DJ) / 2 + PE
    Total System Jitter     (TSJ):    0.050ns
    Total Input Jitter      (TIJ):    0.000ns
    Discrete Jitter          (DJ):    0.000ns
    Phase Error              (PE):    0.000ns

    Location             Delay type                Incr(ns)  Path(ns)    Netlist Resource(s)
  -------------------------------------------------------------------    -------------------
                                                      0.000     0.000 r  M_AXIS_Z_tready (IN)
                         net (fo=0)                   0.973     0.973    dbf_reference_bd_i/axis_out_fifo_0/inst/gen_fifo.xpm_fifo_axis_inst/m_axis_tready
    SLICE_X33Y34         LUT2 (Prop_lut2_I1_O)        0.124     1.097 r  dbf_reference_bd_i/axis_out_fifo_0/inst/gen_fifo.xpm_fifo_axis_inst/xpm_fifo_base_inst_i_1/O
                         net (fo=10, routed)          0.530     1.627    dbf_reference_bd_i/axis_out_fifo_0/inst/gen_fifo.xpm_fifo_axis_inst/xpm_fifo_base_inst/rdp_inst/rd_en
    SLICE_X32Y34         LUT4 (Prop_lut4_I2_O)        0.117     1.744 r  dbf_reference_bd_i/axis_out_fifo_0/inst/gen_fifo.xpm_fifo_axis_inst/xpm_fifo_base_inst/rdp_inst/gen_sdpram.xpm_memory_base_inst_i_2/O
                         net (fo=13, routed)          0.861     2.605    dbf_reference_bd_i/axis_out_fifo_0/inst/gen_fifo.xpm_fifo_axis_inst/xpm_fifo_base_inst/wrp_inst/gen_pntr_flags_cc.ram_empty_i_reg
    SLICE_X32Y34         LUT5 (Prop_lut5_I0_O)        0.331     2.936 r  dbf_reference_bd_i/axis_out_fifo_0/inst/gen_fifo.xpm_fifo_axis_inst/xpm_fifo_base_inst/wrp_inst/gen_pntr_flags_cc.ram_empty_i_i_1/O
                         net (fo=1, routed)           0.000     2.936    dbf_reference_bd_i/axis_out_fifo_0/inst/gen_fifo.xpm_fifo_axis_inst/xpm_fifo_base_inst/ram_empty_i0
    SLICE_X32Y34         FDSE                                         r  dbf_reference_bd_i/axis_out_fifo_0/inst/gen_fifo.xpm_fifo_axis_inst/xpm_fifo_base_inst/gen_pntr_flags_cc.ram_empty_i_reg/D
  -------------------------------------------------------------------    -------------------

                         (clock aclk rise edge)       0.000     0.000 r  
                                                      0.000     0.000 r  aclk (IN)
                         net (fo=5173, unset)         0.924     0.924    dbf_reference_bd_i/axis_out_fifo_0/inst/gen_fifo.xpm_fifo_axis_inst/xpm_fifo_base_inst/wr_clk
    SLICE_X32Y34         FDSE                                         r  dbf_reference_bd_i/axis_out_fifo_0/inst/gen_fifo.xpm_fifo_axis_inst/xpm_fifo_base_inst/gen_pntr_flags_cc.ram_empty_i_reg/C

Slack:                    inf
  Source:                 M_AXIS_Z_tready
                            (input port)
  Destination:            dbf_reference_bd_i/axis_out_fifo_0/inst/gen_fifo.xpm_fifo_axis_inst/xpm_fifo_base_inst/gen_pntr_flags_cc.gen_full_rst_val.ram_full_i_reg/D
                            (rising edge-triggered cell FDSE clocked by aclk  {rise@0.000ns fall@2.500ns period=5.000ns})
  Path Group:             (none)
  Path Type:              Setup (Max at Slow Process Corner)
  Data Path Delay:        2.869ns  (logic 0.572ns (19.937%)  route 2.297ns (80.063%))
  Logic Levels:           3  (LUT2=1 LUT4=1 LUT6=1)
  Clock Path Skew:        0.924ns (DCD - SCD + CPR)
    Destination Clock Delay (DCD):    0.924ns
    Source Clock Delay      (SCD):    0.000ns
    Clock Pessimism Removal (CPR):    0.000ns
  Clock Uncertainty:      0.025ns  ((TSJ^2 + TIJ^2)^1/2 + DJ) / 2 + PE
    Total System Jitter     (TSJ):    0.050ns
    Total Input Jitter      (TIJ):    0.000ns
    Discrete Jitter          (DJ):    0.000ns
    Phase Error              (PE):    0.000ns

    Location             Delay type                Incr(ns)  Path(ns)    Netlist Resource(s)
  -------------------------------------------------------------------    -------------------
                                                      0.000     0.000 f  M_AXIS_Z_tready (IN)
                         net (fo=0)                   0.973     0.973    dbf_reference_bd_i/axis_out_fifo_0/inst/gen_fifo.xpm_fifo_axis_inst/m_axis_tready
    SLICE_X33Y34         LUT2 (Prop_lut2_I1_O)        0.124     1.097 f  dbf_reference_bd_i/axis_out_fifo_0/inst/gen_fifo.xpm_fifo_axis_inst/xpm_fifo_base_inst_i_1/O
                         net (fo=10, routed)          0.530     1.627    dbf_reference_bd_i/axis_out_fifo_0/inst/gen_fifo.xpm_fifo_axis_inst/xpm_fifo_base_inst/rdp_inst/rd_en
    SLICE_X32Y34         LUT4 (Prop_lut4_I2_O)        0.117     1.744 f  dbf_reference_bd_i/axis_out_fifo_0/inst/gen_fifo.xpm_fifo_axis_inst/xpm_fifo_base_inst/rdp_inst/gen_sdpram.xpm_memory_base_inst_i_2/O
                         net (fo=13, routed)          0.794     2.538    dbf_reference_bd_i/axis_out_fifo_0/inst/gen_fifo.xpm_fifo_axis_inst/xpm_fifo_base_inst/rdp_inst/FSM_sequential_gen_fwft.curr_fwft_state_reg[1]
    SLICE_X32Y31         LUT6 (Prop_lut6_I3_O)        0.331     2.869 r  dbf_reference_bd_i/axis_out_fifo_0/inst/gen_fifo.xpm_fifo_axis_inst/xpm_fifo_base_inst/rdp_inst/gen_pntr_flags_cc.gen_full_rst_val.ram_full_i_i_1/O
                         net (fo=1, routed)           0.000     2.869    dbf_reference_bd_i/axis_out_fifo_0/inst/gen_fifo.xpm_fifo_axis_inst/xpm_fifo_base_inst/rdp_inst_n_5
    SLICE_X32Y31         FDSE                                         r  dbf_reference_bd_i/axis_out_fifo_0/inst/gen_fifo.xpm_fifo_axis_inst/xpm_fifo_base_inst/gen_pntr_flags_cc.gen_full_rst_val.ram_full_i_reg/D
  -------------------------------------------------------------------    -------------------

                         (clock aclk rise edge)       0.000     0.000 r  
                                                      0.000     0.000 r  aclk (IN)
                         net (fo=5173, unset)         0.924     0.924    dbf_reference_bd_i/axis_out_fifo_0/inst/gen_fifo.xpm_fifo_axis_inst/xpm_fifo_base_inst/wr_clk
    SLICE_X32Y31         FDSE                                         r  dbf_reference_bd_i/axis_out_fifo_0/inst/gen_fifo.xpm_fifo_axis_inst/xpm_fifo_base_inst/gen_pntr_flags_cc.gen_full_rst_val.ram_full_i_reg/C

Slack:                    inf
  Source:                 M_AXIS_Z_tready
                            (input port)
  Destination:            dbf_reference_bd_i/axis_out_fifo_0/inst/gen_fifo.xpm_fifo_axis_inst/xpm_fifo_base_inst/gen_pntr_flags_cc.gen_full_rst_val.ram_full_n_reg/D
                            (rising edge-triggered cell FDRE clocked by aclk  {rise@0.000ns fall@2.500ns period=5.000ns})
  Path Group:             (none)
  Path Type:              Setup (Max at Slow Process Corner)
  Data Path Delay:        2.866ns  (logic 0.572ns (19.958%)  route 2.294ns (80.042%))
  Logic Levels:           3  (LUT2=1 LUT4=1 LUT6=1)
  Clock Path Skew:        0.924ns (DCD - SCD + CPR)
    Destination Clock Delay (DCD):    0.924ns
    Source Clock Delay      (SCD):    0.000ns
    Clock Pessimism Removal (CPR):    0.000ns
  Clock Uncertainty:      0.025ns  ((TSJ^2 + TIJ^2)^1/2 + DJ) / 2 + PE
    Total System Jitter     (TSJ):    0.050ns
    Total Input Jitter      (TIJ):    0.000ns
    Discrete Jitter          (DJ):    0.000ns
    Phase Error              (PE):    0.000ns

    Location             Delay type                Incr(ns)  Path(ns)    Netlist Resource(s)
  -------------------------------------------------------------------    -------------------
                                                      0.000     0.000 r  M_AXIS_Z_tready (IN)
                         net (fo=0)                   0.973     0.973    dbf_reference_bd_i/axis_out_fifo_0/inst/gen_fifo.xpm_fifo_axis_inst/m_axis_tready
    SLICE_X33Y34         LUT2 (Prop_lut2_I1_O)        0.124     1.097 r  dbf_reference_bd_i/axis_out_fifo_0/inst/gen_fifo.xpm_fifo_axis_inst/xpm_fifo_base_inst_i_1/O
                         net (fo=10, routed)          0.530     1.627    dbf_reference_bd_i/axis_out_fifo_0/inst/gen_fifo.xpm_fifo_axis_inst/xpm_fifo_base_inst/rdp_inst/rd_en
    SLICE_X32Y34         LUT4 (Prop_lut4_I2_O)        0.117     1.744 r  dbf_reference_bd_i/axis_out_fifo_0/inst/gen_fifo.xpm_fifo_axis_inst/xpm_fifo_base_inst/rdp_inst/gen_sdpram.xpm_memory_base_inst_i_2/O
                         net (fo=13, routed)          0.791     2.535    dbf_reference_bd_i/axis_out_fifo_0/inst/gen_fifo.xpm_fifo_axis_inst/xpm_fifo_base_inst/rdp_inst/FSM_sequential_gen_fwft.curr_fwft_state_reg[1]
    SLICE_X32Y31         LUT6 (Prop_lut6_I2_O)        0.331     2.866 r  dbf_reference_bd_i/axis_out_fifo_0/inst/gen_fifo.xpm_fifo_axis_inst/xpm_fifo_base_inst/rdp_inst/gen_pntr_flags_cc.gen_full_rst_val.ram_full_n_i_1/O
                         net (fo=1, routed)           0.000     2.866    dbf_reference_bd_i/axis_out_fifo_0/inst/gen_fifo.xpm_fifo_axis_inst/xpm_fifo_base_inst/rdp_inst_n_7
    SLICE_X32Y31         FDRE                                         r  dbf_reference_bd_i/axis_out_fifo_0/inst/gen_fifo.xpm_fifo_axis_inst/xpm_fifo_base_inst/gen_pntr_flags_cc.gen_full_rst_val.ram_full_n_reg/D
  -------------------------------------------------------------------    -------------------

                         (clock aclk rise edge)       0.000     0.000 r  
                                                      0.000     0.000 r  aclk (IN)
                         net (fo=5173, unset)         0.924     0.924    dbf_reference_bd_i/axis_out_fifo_0/inst/gen_fifo.xpm_fifo_axis_inst/xpm_fifo_base_inst/wr_clk
    SLICE_X32Y31         FDRE                                         r  dbf_reference_bd_i/axis_out_fifo_0/inst/gen_fifo.xpm_fifo_axis_inst/xpm_fifo_base_inst/gen_pntr_flags_cc.gen_full_rst_val.ram_full_n_reg/C

Slack:                    inf
  Source:                 S_AXIS_Y_tvalid
                            (input port)
  Destination:            dbf_reference_bd_i/axis_in_fifo_0/inst/gen_fifo.xpm_fifo_axis_inst/xpm_fifo_base_inst/gen_pntr_flags_cc.ram_empty_i_reg/D
                            (rising edge-triggered cell FDSE clocked by aclk  {rise@0.000ns fall@2.500ns period=5.000ns})
  Path Group:             (none)
  Path Type:              Setup (Max at Slow Process Corner)
  Data Path Delay:        2.560ns  (logic 0.478ns (18.670%)  route 2.082ns (81.330%))
  Logic Levels:           2  (LUT4=1 LUT6=1)
  Clock Path Skew:        0.924ns (DCD - SCD + CPR)
    Destination Clock Delay (DCD):    0.924ns
    Source Clock Delay      (SCD):    0.000ns
    Clock Pessimism Removal (CPR):    0.000ns
  Clock Uncertainty:      0.025ns  ((TSJ^2 + TIJ^2)^1/2 + DJ) / 2 + PE
    Total System Jitter     (TSJ):    0.050ns
    Total Input Jitter      (TIJ):    0.000ns
    Discrete Jitter          (DJ):    0.000ns
    Phase Error              (PE):    0.000ns

    Location             Delay type                Incr(ns)  Path(ns)    Netlist Resource(s)
  -------------------------------------------------------------------    -------------------
                                                      0.000     0.000 f  S_AXIS_Y_tvalid (IN)
                         net (fo=2, unset)            0.973     0.973    dbf_reference_bd_i/axis_in_fifo_0/inst/gen_fifo.xpm_fifo_axis_inst/xpm_fifo_base_inst/xpm_fifo_rst_inst/wr_en
    SLICE_X17Y13         LUT4 (Prop_lut4_I0_O)        0.152     1.125 f  dbf_reference_bd_i/axis_in_fifo_0/inst/gen_fifo.xpm_fifo_axis_inst/xpm_fifo_base_inst/xpm_fifo_rst_inst/gen_sdpram.xpm_memory_base_inst_i_1/O
                         net (fo=23, routed)          1.109     2.234    dbf_reference_bd_i/axis_in_fifo_0/inst/gen_fifo.xpm_fifo_axis_inst/xpm_fifo_base_inst/wrp_inst/E[0]
    SLICE_X16Y13         LUT6 (Prop_lut6_I4_O)        0.326     2.560 r  dbf_reference_bd_i/axis_in_fifo_0/inst/gen_fifo.xpm_fifo_axis_inst/xpm_fifo_base_inst/wrp_inst/gen_pntr_flags_cc.ram_empty_i_i_1/O
                         net (fo=1, routed)           0.000     2.560    dbf_reference_bd_i/axis_in_fifo_0/inst/gen_fifo.xpm_fifo_axis_inst/xpm_fifo_base_inst/ram_empty_i0
    SLICE_X16Y13         FDSE                                         r  dbf_reference_bd_i/axis_in_fifo_0/inst/gen_fifo.xpm_fifo_axis_inst/xpm_fifo_base_inst/gen_pntr_flags_cc.ram_empty_i_reg/D
  -------------------------------------------------------------------    -------------------

                         (clock aclk rise edge)       0.000     0.000 r  
                                                      0.000     0.000 r  aclk (IN)
                         net (fo=5173, unset)         0.924     0.924    dbf_reference_bd_i/axis_in_fifo_0/inst/gen_fifo.xpm_fifo_axis_inst/xpm_fifo_base_inst/wr_clk
    SLICE_X16Y13         FDSE                                         r  dbf_reference_bd_i/axis_in_fifo_0/inst/gen_fifo.xpm_fifo_axis_inst/xpm_fifo_base_inst/gen_pntr_flags_cc.ram_empty_i_reg/C

Slack:                    inf
  Source:                 S_AXIS_Y_tvalid
                            (input port)
  Destination:            dbf_reference_bd_i/axis_in_fifo_0/inst/gen_fifo.xpm_fifo_axis_inst/xpm_fifo_base_inst/gen_pntr_flags_cc.gen_full_rst_val.ram_full_i_reg/D
                            (rising edge-triggered cell FDSE clocked by aclk  {rise@0.000ns fall@2.500ns period=5.000ns})
  Path Group:             (none)
  Path Type:              Setup (Max at Slow Process Corner)
  Data Path Delay:        2.551ns  (logic 0.478ns (18.736%)  route 2.073ns (81.264%))
  Logic Levels:           2  (LUT4=1 LUT6=1)
  Clock Path Skew:        0.924ns (DCD - SCD + CPR)
    Destination Clock Delay (DCD):    0.924ns
    Source Clock Delay      (SCD):    0.000ns
    Clock Pessimism Removal (CPR):    0.000ns
  Clock Uncertainty:      0.025ns  ((TSJ^2 + TIJ^2)^1/2 + DJ) / 2 + PE
    Total System Jitter     (TSJ):    0.050ns
    Total Input Jitter      (TIJ):    0.000ns
    Discrete Jitter          (DJ):    0.000ns
    Phase Error              (PE):    0.000ns

    Location             Delay type                Incr(ns)  Path(ns)    Netlist Resource(s)
  -------------------------------------------------------------------    -------------------
                                                      0.000     0.000 r  S_AXIS_Y_tvalid (IN)
                         net (fo=2, unset)            0.973     0.973    dbf_reference_bd_i/axis_in_fifo_0/inst/gen_fifo.xpm_fifo_axis_inst/xpm_fifo_base_inst/xpm_fifo_rst_inst/wr_en
    SLICE_X17Y13         LUT4 (Prop_lut4_I0_O)        0.152     1.125 r  dbf_reference_bd_i/axis_in_fifo_0/inst/gen_fifo.xpm_fifo_axis_inst/xpm_fifo_base_inst/xpm_fifo_rst_inst/gen_sdpram.xpm_memory_base_inst_i_1/O
                         net (fo=23, routed)          1.100     2.225    dbf_reference_bd_i/axis_in_fifo_0/inst/gen_fifo.xpm_fifo_axis_inst/xpm_fifo_base_inst/rdp_inst/ram_wr_en_i
    SLICE_X16Y13         LUT6 (Prop_lut6_I0_O)        0.326     2.551 r  dbf_reference_bd_i/axis_in_fifo_0/inst/gen_fifo.xpm_fifo_axis_inst/xpm_fifo_base_inst/rdp_inst/gen_pntr_flags_cc.gen_full_rst_val.ram_full_i_i_1/O
                         net (fo=1, routed)           0.000     2.551    dbf_reference_bd_i/axis_in_fifo_0/inst/gen_fifo.xpm_fifo_axis_inst/xpm_fifo_base_inst/rdp_inst_n_7
    SLICE_X16Y13         FDSE                                         r  dbf_reference_bd_i/axis_in_fifo_0/inst/gen_fifo.xpm_fifo_axis_inst/xpm_fifo_base_inst/gen_pntr_flags_cc.gen_full_rst_val.ram_full_i_reg/D
  -------------------------------------------------------------------    -------------------

                         (clock aclk rise edge)       0.000     0.000 r  
                                                      0.000     0.000 r  aclk (IN)
                         net (fo=5173, unset)         0.924     0.924    dbf_reference_bd_i/axis_in_fifo_0/inst/gen_fifo.xpm_fifo_axis_inst/xpm_fifo_base_inst/wr_clk
    SLICE_X16Y13         FDSE                                         r  dbf_reference_bd_i/axis_in_fifo_0/inst/gen_fifo.xpm_fifo_axis_inst/xpm_fifo_base_inst/gen_pntr_flags_cc.gen_full_rst_val.ram_full_i_reg/C

Slack:                    inf
  Source:                 S_AXIS_Y_tvalid
                            (input port)
  Destination:            dbf_reference_bd_i/axis_in_fifo_0/inst/gen_fifo.xpm_fifo_axis_inst/xpm_fifo_base_inst/gen_pntr_flags_cc.gen_full_rst_val.ram_full_n_reg/D
                            (rising edge-triggered cell FDRE clocked by aclk  {rise@0.000ns fall@2.500ns period=5.000ns})
  Path Group:             (none)
  Path Type:              Setup (Max at Slow Process Corner)
  Data Path Delay:        2.543ns  (logic 0.478ns (18.795%)  route 2.065ns (81.205%))
  Logic Levels:           2  (LUT4=1 LUT6=1)
  Clock Path Skew:        0.924ns (DCD - SCD + CPR)
    Destination Clock Delay (DCD):    0.924ns
    Source Clock Delay      (SCD):    0.000ns
    Clock Pessimism Removal (CPR):    0.000ns
  Clock Uncertainty:      0.025ns  ((TSJ^2 + TIJ^2)^1/2 + DJ) / 2 + PE
    Total System Jitter     (TSJ):    0.050ns
    Total Input Jitter      (TIJ):    0.000ns
    Discrete Jitter          (DJ):    0.000ns
    Phase Error              (PE):    0.000ns

    Location             Delay type                Incr(ns)  Path(ns)    Netlist Resource(s)
  -------------------------------------------------------------------    -------------------
                                                      0.000     0.000 f  S_AXIS_Y_tvalid (IN)
                         net (fo=2, unset)            0.973     0.973    dbf_reference_bd_i/axis_in_fifo_0/inst/gen_fifo.xpm_fifo_axis_inst/xpm_fifo_base_inst/xpm_fifo_rst_inst/wr_en
    SLICE_X17Y13         LUT4 (Prop_lut4_I0_O)        0.152     1.125 f  dbf_reference_bd_i/axis_in_fifo_0/inst/gen_fifo.xpm_fifo_axis_inst/xpm_fifo_base_inst/xpm_fifo_rst_inst/gen_sdpram.xpm_memory_base_inst_i_1/O
                         net (fo=23, routed)          1.092     2.217    dbf_reference_bd_i/axis_in_fifo_0/inst/gen_fifo.xpm_fifo_axis_inst/xpm_fifo_base_inst/rdp_inst/ram_wr_en_i
    SLICE_X16Y13         LUT6 (Prop_lut6_I5_O)        0.326     2.543 r  dbf_reference_bd_i/axis_in_fifo_0/inst/gen_fifo.xpm_fifo_axis_inst/xpm_fifo_base_inst/rdp_inst/gen_pntr_flags_cc.gen_full_rst_val.ram_full_n_i_1/O
                         net (fo=1, routed)           0.000     2.543    dbf_reference_bd_i/axis_in_fifo_0/inst/gen_fifo.xpm_fifo_axis_inst/xpm_fifo_base_inst/rdp_inst_n_9
    SLICE_X16Y13         FDRE                                         r  dbf_reference_bd_i/axis_in_fifo_0/inst/gen_fifo.xpm_fifo_axis_inst/xpm_fifo_base_inst/gen_pntr_flags_cc.gen_full_rst_val.ram_full_n_reg/D
  -------------------------------------------------------------------    -------------------

                         (clock aclk rise edge)       0.000     0.000 r  
                                                      0.000     0.000 r  aclk (IN)
                         net (fo=5173, unset)         0.924     0.924    dbf_reference_bd_i/axis_in_fifo_0/inst/gen_fifo.xpm_fifo_axis_inst/xpm_fifo_base_inst/wr_clk
    SLICE_X16Y13         FDRE                                         r  dbf_reference_bd_i/axis_in_fifo_0/inst/gen_fifo.xpm_fifo_axis_inst/xpm_fifo_base_inst/gen_pntr_flags_cc.gen_full_rst_val.ram_full_n_reg/C

Slack:                    inf
  Source:                 M_AXIS_Z_tready
                            (input port)
  Destination:            dbf_reference_bd_i/axis_out_fifo_0/inst/gen_fifo.xpm_fifo_axis_inst/xpm_fifo_base_inst/gen_sdpram.xpm_memory_base_inst/gen_wr_a.gen_word_narrow.mem_reg_0/REGCEAREGCE
                            (rising edge-triggered cell RAMB36E1 clocked by aclk  {rise@0.000ns fall@2.500ns period=5.000ns})
  Path Group:             (none)
  Path Type:              Setup (Max at Slow Process Corner)
  Data Path Delay:        2.543ns  (logic 0.248ns (9.754%)  route 2.295ns (90.246%))
  Logic Levels:           2  (LUT2=1 LUT3=1)
  Clock Path Skew:        0.924ns (DCD - SCD + CPR)
    Destination Clock Delay (DCD):    0.924ns
    Source Clock Delay      (SCD):    0.000ns
    Clock Pessimism Removal (CPR):    0.000ns
  Clock Uncertainty:      0.025ns  ((TSJ^2 + TIJ^2)^1/2 + DJ) / 2 + PE
    Total System Jitter     (TSJ):    0.050ns
    Total Input Jitter      (TIJ):    0.000ns
    Discrete Jitter          (DJ):    0.000ns
    Phase Error              (PE):    0.000ns

    Location             Delay type                Incr(ns)  Path(ns)    Netlist Resource(s)
  -------------------------------------------------------------------    -------------------
                                                      0.000     0.000 r  M_AXIS_Z_tready (IN)
                         net (fo=0)                   0.973     0.973    dbf_reference_bd_i/axis_out_fifo_0/inst/gen_fifo.xpm_fifo_axis_inst/m_axis_tready
    SLICE_X33Y34         LUT2 (Prop_lut2_I1_O)        0.124     1.097 r  dbf_reference_bd_i/axis_out_fifo_0/inst/gen_fifo.xpm_fifo_axis_inst/xpm_fifo_base_inst_i_1/O
                         net (fo=10, routed)          0.530     1.627    dbf_reference_bd_i/axis_out_fifo_0/inst/gen_fifo.xpm_fifo_axis_inst/xpm_fifo_base_inst/rd_en
    SLICE_X32Y34         LUT3 (Prop_lut3_I2_O)        0.124     1.751 r  dbf_reference_bd_i/axis_out_fifo_0/inst/gen_fifo.xpm_fifo_axis_inst/xpm_fifo_base_inst/gen_sdpram.xpm_memory_base_inst_i_3/O
                         net (fo=2, routed)           0.791     2.543    dbf_reference_bd_i/axis_out_fifo_0/inst/gen_fifo.xpm_fifo_axis_inst/xpm_fifo_base_inst/gen_sdpram.xpm_memory_base_inst/regceb
    RAMB36_X2Y4          RAMB36E1                                     r  dbf_reference_bd_i/axis_out_fifo_0/inst/gen_fifo.xpm_fifo_axis_inst/xpm_fifo_base_inst/gen_sdpram.xpm_memory_base_inst/gen_wr_a.gen_word_narrow.mem_reg_0/REGCEAREGCE
  -------------------------------------------------------------------    -------------------

                         (clock aclk rise edge)       0.000     0.000 r  
                                                      0.000     0.000 r  aclk (IN)
                         net (fo=5173, unset)         0.924     0.924    dbf_reference_bd_i/axis_out_fifo_0/inst/gen_fifo.xpm_fifo_axis_inst/xpm_fifo_base_inst/gen_sdpram.xpm_memory_base_inst/clka
    RAMB36_X2Y4          RAMB36E1                                     r  dbf_reference_bd_i/axis_out_fifo_0/inst/gen_fifo.xpm_fifo_axis_inst/xpm_fifo_base_inst/gen_sdpram.xpm_memory_base_inst/gen_wr_a.gen_word_narrow.mem_reg_0/CLKARDCLK

Slack:                    inf
  Source:                 M_AXIS_Z_tready
                            (input port)
  Destination:            dbf_reference_bd_i/axis_out_fifo_0/inst/gen_fifo.xpm_fifo_axis_inst/xpm_fifo_base_inst/gen_sdpram.xpm_memory_base_inst/gen_wr_a.gen_word_narrow.mem_reg_1/ENARDEN
                            (rising edge-triggered cell RAMB18E1 clocked by aclk  {rise@0.000ns fall@2.500ns period=5.000ns})
  Path Group:             (none)
  Path Type:              Setup (Max at Slow Process Corner)
  Data Path Delay:        2.475ns  (logic 0.241ns (9.737%)  route 2.234ns (90.263%))
  Logic Levels:           2  (LUT2=1 LUT4=1)
  Clock Path Skew:        0.924ns (DCD - SCD + CPR)
    Destination Clock Delay (DCD):    0.924ns
    Source Clock Delay      (SCD):    0.000ns
    Clock Pessimism Removal (CPR):    0.000ns
  Clock Uncertainty:      0.025ns  ((TSJ^2 + TIJ^2)^1/2 + DJ) / 2 + PE
    Total System Jitter     (TSJ):    0.050ns
    Total Input Jitter      (TIJ):    0.000ns
    Discrete Jitter          (DJ):    0.000ns
    Phase Error              (PE):    0.000ns

    Location             Delay type                Incr(ns)  Path(ns)    Netlist Resource(s)
  -------------------------------------------------------------------    -------------------
                                                      0.000     0.000 r  M_AXIS_Z_tready (IN)
                         net (fo=0)                   0.973     0.973    dbf_reference_bd_i/axis_out_fifo_0/inst/gen_fifo.xpm_fifo_axis_inst/m_axis_tready
    SLICE_X33Y34         LUT2 (Prop_lut2_I1_O)        0.124     1.097 r  dbf_reference_bd_i/axis_out_fifo_0/inst/gen_fifo.xpm_fifo_axis_inst/xpm_fifo_base_inst_i_1/O
                         net (fo=10, routed)          0.530     1.627    dbf_reference_bd_i/axis_out_fifo_0/inst/gen_fifo.xpm_fifo_axis_inst/xpm_fifo_base_inst/rdp_inst/rd_en
    SLICE_X32Y34         LUT4 (Prop_lut4_I2_O)        0.117     1.744 r  dbf_reference_bd_i/axis_out_fifo_0/inst/gen_fifo.xpm_fifo_axis_inst/xpm_fifo_base_inst/rdp_inst/gen_sdpram.xpm_memory_base_inst_i_2/O
                         net (fo=13, routed)          0.731     2.475    dbf_reference_bd_i/axis_out_fifo_0/inst/gen_fifo.xpm_fifo_axis_inst/xpm_fifo_base_inst/gen_sdpram.xpm_memory_base_inst/enb
    RAMB18_X2Y12         RAMB18E1                                     r  dbf_reference_bd_i/axis_out_fifo_0/inst/gen_fifo.xpm_fifo_axis_inst/xpm_fifo_base_inst/gen_sdpram.xpm_memory_base_inst/gen_wr_a.gen_word_narrow.mem_reg_1/ENARDEN
  -------------------------------------------------------------------    -------------------

                         (clock aclk rise edge)       0.000     0.000 r  
                                                      0.000     0.000 r  aclk (IN)
                         net (fo=5173, unset)         0.924     0.924    dbf_reference_bd_i/axis_out_fifo_0/inst/gen_fifo.xpm_fifo_axis_inst/xpm_fifo_base_inst/gen_sdpram.xpm_memory_base_inst/clka
    RAMB18_X2Y12         RAMB18E1                                     r  dbf_reference_bd_i/axis_out_fifo_0/inst/gen_fifo.xpm_fifo_axis_inst/xpm_fifo_base_inst/gen_sdpram.xpm_memory_base_inst/gen_wr_a.gen_word_narrow.mem_reg_1/CLKARDCLK

Slack:                    inf
  Source:                 M_AXIS_Z_tready
                            (input port)
  Destination:            dbf_reference_bd_i/axis_out_fifo_0/inst/gen_fifo.xpm_fifo_axis_inst/xpm_fifo_base_inst/rdp_inst/count_value_i_reg[2]/CE
                            (rising edge-triggered cell FDRE clocked by aclk  {rise@0.000ns fall@2.500ns period=5.000ns})
  Path Group:             (none)
  Path Type:              Setup (Max at Slow Process Corner)
  Data Path Delay:        2.462ns  (logic 0.241ns (9.790%)  route 2.221ns (90.210%))
  Logic Levels:           2  (LUT2=1 LUT4=1)
  Clock Path Skew:        0.924ns (DCD - SCD + CPR)
    Destination Clock Delay (DCD):    0.924ns
    Source Clock Delay      (SCD):    0.000ns
    Clock Pessimism Removal (CPR):    0.000ns
  Clock Uncertainty:      0.025ns  ((TSJ^2 + TIJ^2)^1/2 + DJ) / 2 + PE
    Total System Jitter     (TSJ):    0.050ns
    Total Input Jitter      (TIJ):    0.000ns
    Discrete Jitter          (DJ):    0.000ns
    Phase Error              (PE):    0.000ns

    Location             Delay type                Incr(ns)  Path(ns)    Netlist Resource(s)
  -------------------------------------------------------------------    -------------------
                                                      0.000     0.000 r  M_AXIS_Z_tready (IN)
                         net (fo=0)                   0.973     0.973    dbf_reference_bd_i/axis_out_fifo_0/inst/gen_fifo.xpm_fifo_axis_inst/m_axis_tready
    SLICE_X33Y34         LUT2 (Prop_lut2_I1_O)        0.124     1.097 r  dbf_reference_bd_i/axis_out_fifo_0/inst/gen_fifo.xpm_fifo_axis_inst/xpm_fifo_base_inst_i_1/O
                         net (fo=10, routed)          0.530     1.627    dbf_reference_bd_i/axis_out_fifo_0/inst/gen_fifo.xpm_fifo_axis_inst/xpm_fifo_base_inst/rdp_inst/rd_en
    SLICE_X32Y34         LUT4 (Prop_lut4_I2_O)        0.117     1.744 r  dbf_reference_bd_i/axis_out_fifo_0/inst/gen_fifo.xpm_fifo_axis_inst/xpm_fifo_base_inst/rdp_inst/gen_sdpram.xpm_memory_base_inst_i_2/O
                         net (fo=13, routed)          0.717     2.462    dbf_reference_bd_i/axis_out_fifo_0/inst/gen_fifo.xpm_fifo_axis_inst/xpm_fifo_base_inst/rdp_inst/FSM_sequential_gen_fwft.curr_fwft_state_reg[1]
    SLICE_X32Y32         FDRE                                         r  dbf_reference_bd_i/axis_out_fifo_0/inst/gen_fifo.xpm_fifo_axis_inst/xpm_fifo_base_inst/rdp_inst/count_value_i_reg[2]/CE
  -------------------------------------------------------------------    -------------------

                         (clock aclk rise edge)       0.000     0.000 r  
                                                      0.000     0.000 r  aclk (IN)
                         net (fo=5173, unset)         0.924     0.924    dbf_reference_bd_i/axis_out_fifo_0/inst/gen_fifo.xpm_fifo_axis_inst/xpm_fifo_base_inst/rdp_inst/wr_clk
    SLICE_X32Y32         FDRE                                         r  dbf_reference_bd_i/axis_out_fifo_0/inst/gen_fifo.xpm_fifo_axis_inst/xpm_fifo_base_inst/rdp_inst/count_value_i_reg[2]/C

Slack:                    inf
  Source:                 M_AXIS_Z_tready
                            (input port)
  Destination:            dbf_reference_bd_i/axis_out_fifo_0/inst/gen_fifo.xpm_fifo_axis_inst/xpm_fifo_base_inst/rdp_inst/count_value_i_reg[3]/CE
                            (rising edge-triggered cell FDRE clocked by aclk  {rise@0.000ns fall@2.500ns period=5.000ns})
  Path Group:             (none)
  Path Type:              Setup (Max at Slow Process Corner)
  Data Path Delay:        2.462ns  (logic 0.241ns (9.790%)  route 2.221ns (90.210%))
  Logic Levels:           2  (LUT2=1 LUT4=1)
  Clock Path Skew:        0.924ns (DCD - SCD + CPR)
    Destination Clock Delay (DCD):    0.924ns
    Source Clock Delay      (SCD):    0.000ns
    Clock Pessimism Removal (CPR):    0.000ns
  Clock Uncertainty:      0.025ns  ((TSJ^2 + TIJ^2)^1/2 + DJ) / 2 + PE
    Total System Jitter     (TSJ):    0.050ns
    Total Input Jitter      (TIJ):    0.000ns
    Discrete Jitter          (DJ):    0.000ns
    Phase Error              (PE):    0.000ns

    Location             Delay type                Incr(ns)  Path(ns)    Netlist Resource(s)
  -------------------------------------------------------------------    -------------------
                                                      0.000     0.000 r  M_AXIS_Z_tready (IN)
                         net (fo=0)                   0.973     0.973    dbf_reference_bd_i/axis_out_fifo_0/inst/gen_fifo.xpm_fifo_axis_inst/m_axis_tready
    SLICE_X33Y34         LUT2 (Prop_lut2_I1_O)        0.124     1.097 r  dbf_reference_bd_i/axis_out_fifo_0/inst/gen_fifo.xpm_fifo_axis_inst/xpm_fifo_base_inst_i_1/O
                         net (fo=10, routed)          0.530     1.627    dbf_reference_bd_i/axis_out_fifo_0/inst/gen_fifo.xpm_fifo_axis_inst/xpm_fifo_base_inst/rdp_inst/rd_en
    SLICE_X32Y34         LUT4 (Prop_lut4_I2_O)        0.117     1.744 r  dbf_reference_bd_i/axis_out_fifo_0/inst/gen_fifo.xpm_fifo_axis_inst/xpm_fifo_base_inst/rdp_inst/gen_sdpram.xpm_memory_base_inst_i_2/O
                         net (fo=13, routed)          0.717     2.462    dbf_reference_bd_i/axis_out_fifo_0/inst/gen_fifo.xpm_fifo_axis_inst/xpm_fifo_base_inst/rdp_inst/FSM_sequential_gen_fwft.curr_fwft_state_reg[1]
    SLICE_X32Y32         FDRE                                         r  dbf_reference_bd_i/axis_out_fifo_0/inst/gen_fifo.xpm_fifo_axis_inst/xpm_fifo_base_inst/rdp_inst/count_value_i_reg[3]/CE
  -------------------------------------------------------------------    -------------------

                         (clock aclk rise edge)       0.000     0.000 r  
                                                      0.000     0.000 r  aclk (IN)
                         net (fo=5173, unset)         0.924     0.924    dbf_reference_bd_i/axis_out_fifo_0/inst/gen_fifo.xpm_fifo_axis_inst/xpm_fifo_base_inst/rdp_inst/wr_clk
    SLICE_X32Y32         FDRE                                         r  dbf_reference_bd_i/axis_out_fifo_0/inst/gen_fifo.xpm_fifo_axis_inst/xpm_fifo_base_inst/rdp_inst/count_value_i_reg[3]/C

Slack:                    inf
  Source:                 M_AXIS_Z_tready
                            (input port)
  Destination:            dbf_reference_bd_i/axis_out_fifo_0/inst/gen_fifo.xpm_fifo_axis_inst/xpm_fifo_base_inst/rdpp1_inst/count_value_i_reg[2]/CE
                            (rising edge-triggered cell FDRE clocked by aclk  {rise@0.000ns fall@2.500ns period=5.000ns})
  Path Group:             (none)
  Path Type:              Setup (Max at Slow Process Corner)
  Data Path Delay:        2.462ns  (logic 0.241ns (9.790%)  route 2.221ns (90.210%))
  Logic Levels:           2  (LUT2=1 LUT4=1)
  Clock Path Skew:        0.924ns (DCD - SCD + CPR)
    Destination Clock Delay (DCD):    0.924ns
    Source Clock Delay      (SCD):    0.000ns
    Clock Pessimism Removal (CPR):    0.000ns
  Clock Uncertainty:      0.025ns  ((TSJ^2 + TIJ^2)^1/2 + DJ) / 2 + PE
    Total System Jitter     (TSJ):    0.050ns
    Total Input Jitter      (TIJ):    0.000ns
    Discrete Jitter          (DJ):    0.000ns
    Phase Error              (PE):    0.000ns

    Location             Delay type                Incr(ns)  Path(ns)    Netlist Resource(s)
  -------------------------------------------------------------------    -------------------
                                                      0.000     0.000 r  M_AXIS_Z_tready (IN)
                         net (fo=0)                   0.973     0.973    dbf_reference_bd_i/axis_out_fifo_0/inst/gen_fifo.xpm_fifo_axis_inst/m_axis_tready
    SLICE_X33Y34         LUT2 (Prop_lut2_I1_O)        0.124     1.097 r  dbf_reference_bd_i/axis_out_fifo_0/inst/gen_fifo.xpm_fifo_axis_inst/xpm_fifo_base_inst_i_1/O
                         net (fo=10, routed)          0.530     1.627    dbf_reference_bd_i/axis_out_fifo_0/inst/gen_fifo.xpm_fifo_axis_inst/xpm_fifo_base_inst/rdp_inst/rd_en
    SLICE_X32Y34         LUT4 (Prop_lut4_I2_O)        0.117     1.744 r  dbf_reference_bd_i/axis_out_fifo_0/inst/gen_fifo.xpm_fifo_axis_inst/xpm_fifo_base_inst/rdp_inst/gen_sdpram.xpm_memory_base_inst_i_2/O
                         net (fo=13, routed)          0.717     2.462    dbf_reference_bd_i/axis_out_fifo_0/inst/gen_fifo.xpm_fifo_axis_inst/xpm_fifo_base_inst/rdpp1_inst/E[0]
    SLICE_X32Y32         FDRE                                         r  dbf_reference_bd_i/axis_out_fifo_0/inst/gen_fifo.xpm_fifo_axis_inst/xpm_fifo_base_inst/rdpp1_inst/count_value_i_reg[2]/CE
  -------------------------------------------------------------------    -------------------

                         (clock aclk rise edge)       0.000     0.000 r  
                                                      0.000     0.000 r  aclk (IN)
                         net (fo=5173, unset)         0.924     0.924    dbf_reference_bd_i/axis_out_fifo_0/inst/gen_fifo.xpm_fifo_axis_inst/xpm_fifo_base_inst/rdpp1_inst/wr_clk
    SLICE_X32Y32         FDRE                                         r  dbf_reference_bd_i/axis_out_fifo_0/inst/gen_fifo.xpm_fifo_axis_inst/xpm_fifo_base_inst/rdpp1_inst/count_value_i_reg[2]/C

Slack:                    inf
  Source:                 M_AXIS_Z_tready
                            (input port)
  Destination:            dbf_reference_bd_i/axis_out_fifo_0/inst/gen_fifo.xpm_fifo_axis_inst/xpm_fifo_base_inst/rdpp1_inst/count_value_i_reg[3]/CE
                            (rising edge-triggered cell FDRE clocked by aclk  {rise@0.000ns fall@2.500ns period=5.000ns})
  Path Group:             (none)
  Path Type:              Setup (Max at Slow Process Corner)
  Data Path Delay:        2.462ns  (logic 0.241ns (9.790%)  route 2.221ns (90.210%))
  Logic Levels:           2  (LUT2=1 LUT4=1)
  Clock Path Skew:        0.924ns (DCD - SCD + CPR)
    Destination Clock Delay (DCD):    0.924ns
    Source Clock Delay      (SCD):    0.000ns
    Clock Pessimism Removal (CPR):    0.000ns
  Clock Uncertainty:      0.025ns  ((TSJ^2 + TIJ^2)^1/2 + DJ) / 2 + PE
    Total System Jitter     (TSJ):    0.050ns
    Total Input Jitter      (TIJ):    0.000ns
    Discrete Jitter          (DJ):    0.000ns
    Phase Error              (PE):    0.000ns

    Location             Delay type                Incr(ns)  Path(ns)    Netlist Resource(s)
  -------------------------------------------------------------------    -------------------
                                                      0.000     0.000 r  M_AXIS_Z_tready (IN)
                         net (fo=0)                   0.973     0.973    dbf_reference_bd_i/axis_out_fifo_0/inst/gen_fifo.xpm_fifo_axis_inst/m_axis_tready
    SLICE_X33Y34         LUT2 (Prop_lut2_I1_O)        0.124     1.097 r  dbf_reference_bd_i/axis_out_fifo_0/inst/gen_fifo.xpm_fifo_axis_inst/xpm_fifo_base_inst_i_1/O
                         net (fo=10, routed)          0.530     1.627    dbf_reference_bd_i/axis_out_fifo_0/inst/gen_fifo.xpm_fifo_axis_inst/xpm_fifo_base_inst/rdp_inst/rd_en
    SLICE_X32Y34         LUT4 (Prop_lut4_I2_O)        0.117     1.744 r  dbf_reference_bd_i/axis_out_fifo_0/inst/gen_fifo.xpm_fifo_axis_inst/xpm_fifo_base_inst/rdp_inst/gen_sdpram.xpm_memory_base_inst_i_2/O
                         net (fo=13, routed)          0.717     2.462    dbf_reference_bd_i/axis_out_fifo_0/inst/gen_fifo.xpm_fifo_axis_inst/xpm_fifo_base_inst/rdpp1_inst/E[0]
    SLICE_X32Y32         FDRE                                         r  dbf_reference_bd_i/axis_out_fifo_0/inst/gen_fifo.xpm_fifo_axis_inst/xpm_fifo_base_inst/rdpp1_inst/count_value_i_reg[3]/CE
  -------------------------------------------------------------------    -------------------

                         (clock aclk rise edge)       0.000     0.000 r  
                                                      0.000     0.000 r  aclk (IN)
                         net (fo=5173, unset)         0.924     0.924    dbf_reference_bd_i/axis_out_fifo_0/inst/gen_fifo.xpm_fifo_axis_inst/xpm_fifo_base_inst/rdpp1_inst/wr_clk
    SLICE_X32Y32         FDRE                                         r  dbf_reference_bd_i/axis_out_fifo_0/inst/gen_fifo.xpm_fifo_axis_inst/xpm_fifo_base_inst/rdpp1_inst/count_value_i_reg[3]/C

Slack:                    inf
  Source:                 M_AXIS_Z_tready
                            (input port)
  Destination:            dbf_reference_bd_i/axis_out_fifo_0/inst/gen_fifo.xpm_fifo_axis_inst/xpm_fifo_base_inst/gen_sdpram.xpm_memory_base_inst/gen_wr_a.gen_word_narrow.mem_reg_1/REGCEAREGCE
                            (rising edge-triggered cell RAMB18E1 clocked by aclk  {rise@0.000ns fall@2.500ns period=5.000ns})
  Path Group:             (none)
  Path Type:              Setup (Max at Slow Process Corner)
  Data Path Delay:        2.393ns  (logic 0.248ns (10.365%)  route 2.145ns (89.635%))
  Logic Levels:           2  (LUT2=1 LUT3=1)
  Clock Path Skew:        0.924ns (DCD - SCD + CPR)
    Destination Clock Delay (DCD):    0.924ns
    Source Clock Delay      (SCD):    0.000ns
    Clock Pessimism Removal (CPR):    0.000ns
  Clock Uncertainty:      0.025ns  ((TSJ^2 + TIJ^2)^1/2 + DJ) / 2 + PE
    Total System Jitter     (TSJ):    0.050ns
    Total Input Jitter      (TIJ):    0.000ns
    Discrete Jitter          (DJ):    0.000ns
    Phase Error              (PE):    0.000ns

    Location             Delay type                Incr(ns)  Path(ns)    Netlist Resource(s)
  -------------------------------------------------------------------    -------------------
                                                      0.000     0.000 r  M_AXIS_Z_tready (IN)
                         net (fo=0)                   0.973     0.973    dbf_reference_bd_i/axis_out_fifo_0/inst/gen_fifo.xpm_fifo_axis_inst/m_axis_tready
    SLICE_X33Y34         LUT2 (Prop_lut2_I1_O)        0.124     1.097 r  dbf_reference_bd_i/axis_out_fifo_0/inst/gen_fifo.xpm_fifo_axis_inst/xpm_fifo_base_inst_i_1/O
                         net (fo=10, routed)          0.530     1.627    dbf_reference_bd_i/axis_out_fifo_0/inst/gen_fifo.xpm_fifo_axis_inst/xpm_fifo_base_inst/rd_en
    SLICE_X32Y34         LUT3 (Prop_lut3_I2_O)        0.124     1.751 r  dbf_reference_bd_i/axis_out_fifo_0/inst/gen_fifo.xpm_fifo_axis_inst/xpm_fifo_base_inst/gen_sdpram.xpm_memory_base_inst_i_3/O
                         net (fo=2, routed)           0.641     2.393    dbf_reference_bd_i/axis_out_fifo_0/inst/gen_fifo.xpm_fifo_axis_inst/xpm_fifo_base_inst/gen_sdpram.xpm_memory_base_inst/regceb
    RAMB18_X2Y12         RAMB18E1                                     r  dbf_reference_bd_i/axis_out_fifo_0/inst/gen_fifo.xpm_fifo_axis_inst/xpm_fifo_base_inst/gen_sdpram.xpm_memory_base_inst/gen_wr_a.gen_word_narrow.mem_reg_1/REGCEAREGCE
  -------------------------------------------------------------------    -------------------

                         (clock aclk rise edge)       0.000     0.000 r  
                                                      0.000     0.000 r  aclk (IN)
                         net (fo=5173, unset)         0.924     0.924    dbf_reference_bd_i/axis_out_fifo_0/inst/gen_fifo.xpm_fifo_axis_inst/xpm_fifo_base_inst/gen_sdpram.xpm_memory_base_inst/clka
    RAMB18_X2Y12         RAMB18E1                                     r  dbf_reference_bd_i/axis_out_fifo_0/inst/gen_fifo.xpm_fifo_axis_inst/xpm_fifo_base_inst/gen_sdpram.xpm_memory_base_inst/gen_wr_a.gen_word_narrow.mem_reg_1/CLKARDCLK

Slack:                    inf
  Source:                 S_AXIS_Y_tvalid
                            (input port)
  Destination:            dbf_reference_bd_i/axis_in_fifo_0/inst/gen_fifo.xpm_fifo_axis_inst/xpm_fifo_base_inst/gen_sdpram.xpm_memory_base_inst/gen_wr_a.gen_word_narrow.mem_reg/WEBWE[3]
                            (rising edge-triggered cell RAMB36E1 clocked by aclk  {rise@0.000ns fall@2.500ns period=5.000ns})
  Path Group:             (none)
  Path Type:              Setup (Max at Slow Process Corner)
  Data Path Delay:        2.290ns  (logic 0.152ns (6.639%)  route 2.138ns (93.361%))
  Logic Levels:           1  (LUT4=1)
  Clock Path Skew:        0.924ns (DCD - SCD + CPR)
    Destination Clock Delay (DCD):    0.924ns
    Source Clock Delay      (SCD):    0.000ns
    Clock Pessimism Removal (CPR):    0.000ns
  Clock Uncertainty:      0.025ns  ((TSJ^2 + TIJ^2)^1/2 + DJ) / 2 + PE
    Total System Jitter     (TSJ):    0.050ns
    Total Input Jitter      (TIJ):    0.000ns
    Discrete Jitter          (DJ):    0.000ns
    Phase Error              (PE):    0.000ns

    Location             Delay type                Incr(ns)  Path(ns)    Netlist Resource(s)
  -------------------------------------------------------------------    -------------------
                                                      0.000     0.000 r  S_AXIS_Y_tvalid (IN)
                         net (fo=2, unset)            0.973     0.973    dbf_reference_bd_i/axis_in_fifo_0/inst/gen_fifo.xpm_fifo_axis_inst/xpm_fifo_base_inst/xpm_fifo_rst_inst/wr_en
    SLICE_X17Y13         LUT4 (Prop_lut4_I0_O)        0.152     1.125 r  dbf_reference_bd_i/axis_in_fifo_0/inst/gen_fifo.xpm_fifo_axis_inst/xpm_fifo_base_inst/xpm_fifo_rst_inst/gen_sdpram.xpm_memory_base_inst_i_1/O
                         net (fo=23, routed)          1.165     2.290    dbf_reference_bd_i/axis_in_fifo_0/inst/gen_fifo.xpm_fifo_axis_inst/xpm_fifo_base_inst/gen_sdpram.xpm_memory_base_inst/wea[0]
    RAMB36_X1Y3          RAMB36E1                                     r  dbf_reference_bd_i/axis_in_fifo_0/inst/gen_fifo.xpm_fifo_axis_inst/xpm_fifo_base_inst/gen_sdpram.xpm_memory_base_inst/gen_wr_a.gen_word_narrow.mem_reg/WEBWE[3]
  -------------------------------------------------------------------    -------------------

                         (clock aclk rise edge)       0.000     0.000 r  
                                                      0.000     0.000 r  aclk (IN)
                         net (fo=5173, unset)         0.924     0.924    dbf_reference_bd_i/axis_in_fifo_0/inst/gen_fifo.xpm_fifo_axis_inst/xpm_fifo_base_inst/gen_sdpram.xpm_memory_base_inst/clka
    RAMB36_X1Y3          RAMB36E1                                     r  dbf_reference_bd_i/axis_in_fifo_0/inst/gen_fifo.xpm_fifo_axis_inst/xpm_fifo_base_inst/gen_sdpram.xpm_memory_base_inst/gen_wr_a.gen_word_narrow.mem_reg/CLKBWRCLK

Slack:                    inf
  Source:                 S_AXIS_Y_tvalid
                            (input port)
  Destination:            dbf_reference_bd_i/axis_in_fifo_0/inst/gen_fifo.xpm_fifo_axis_inst/xpm_fifo_base_inst/gen_sdpram.xpm_memory_base_inst/gen_wr_a.gen_word_narrow.mem_reg/WEBWE[4]
                            (rising edge-triggered cell RAMB36E1 clocked by aclk  {rise@0.000ns fall@2.500ns period=5.000ns})
  Path Group:             (none)
  Path Type:              Setup (Max at Slow Process Corner)
  Data Path Delay:        2.290ns  (logic 0.152ns (6.639%)  route 2.138ns (93.361%))
  Logic Levels:           1  (LUT4=1)
  Clock Path Skew:        0.924ns (DCD - SCD + CPR)
    Destination Clock Delay (DCD):    0.924ns
    Source Clock Delay      (SCD):    0.000ns
    Clock Pessimism Removal (CPR):    0.000ns
  Clock Uncertainty:      0.025ns  ((TSJ^2 + TIJ^2)^1/2 + DJ) / 2 + PE
    Total System Jitter     (TSJ):    0.050ns
    Total Input Jitter      (TIJ):    0.000ns
    Discrete Jitter          (DJ):    0.000ns
    Phase Error              (PE):    0.000ns

    Location             Delay type                Incr(ns)  Path(ns)    Netlist Resource(s)
  -------------------------------------------------------------------    -------------------
                                                      0.000     0.000 r  S_AXIS_Y_tvalid (IN)
                         net (fo=2, unset)            0.973     0.973    dbf_reference_bd_i/axis_in_fifo_0/inst/gen_fifo.xpm_fifo_axis_inst/xpm_fifo_base_inst/xpm_fifo_rst_inst/wr_en
    SLICE_X17Y13         LUT4 (Prop_lut4_I0_O)        0.152     1.125 r  dbf_reference_bd_i/axis_in_fifo_0/inst/gen_fifo.xpm_fifo_axis_inst/xpm_fifo_base_inst/xpm_fifo_rst_inst/gen_sdpram.xpm_memory_base_inst_i_1/O
                         net (fo=23, routed)          1.165     2.290    dbf_reference_bd_i/axis_in_fifo_0/inst/gen_fifo.xpm_fifo_axis_inst/xpm_fifo_base_inst/gen_sdpram.xpm_memory_base_inst/wea[0]
    RAMB36_X1Y3          RAMB36E1                                     r  dbf_reference_bd_i/axis_in_fifo_0/inst/gen_fifo.xpm_fifo_axis_inst/xpm_fifo_base_inst/gen_sdpram.xpm_memory_base_inst/gen_wr_a.gen_word_narrow.mem_reg/WEBWE[4]
  -------------------------------------------------------------------    -------------------

                         (clock aclk rise edge)       0.000     0.000 r  
                                                      0.000     0.000 r  aclk (IN)
                         net (fo=5173, unset)         0.924     0.924    dbf_reference_bd_i/axis_in_fifo_0/inst/gen_fifo.xpm_fifo_axis_inst/xpm_fifo_base_inst/gen_sdpram.xpm_memory_base_inst/clka
    RAMB36_X1Y3          RAMB36E1                                     r  dbf_reference_bd_i/axis_in_fifo_0/inst/gen_fifo.xpm_fifo_axis_inst/xpm_fifo_base_inst/gen_sdpram.xpm_memory_base_inst/gen_wr_a.gen_word_narrow.mem_reg/CLKBWRCLK

Slack:                    inf
  Source:                 S_AXIS_Y_tvalid
                            (input port)
  Destination:            dbf_reference_bd_i/axis_in_fifo_0/inst/gen_fifo.xpm_fifo_axis_inst/xpm_fifo_base_inst/gen_sdpram.xpm_memory_base_inst/gen_wr_a.gen_word_narrow.mem_reg/WEBWE[7]
                            (rising edge-triggered cell RAMB36E1 clocked by aclk  {rise@0.000ns fall@2.500ns period=5.000ns})
  Path Group:             (none)
  Path Type:              Setup (Max at Slow Process Corner)
  Data Path Delay:        2.290ns  (logic 0.152ns (6.639%)  route 2.138ns (93.361%))
  Logic Levels:           1  (LUT4=1)
  Clock Path Skew:        0.924ns (DCD - SCD + CPR)
    Destination Clock Delay (DCD):    0.924ns
    Source Clock Delay      (SCD):    0.000ns
    Clock Pessimism Removal (CPR):    0.000ns
  Clock Uncertainty:      0.025ns  ((TSJ^2 + TIJ^2)^1/2 + DJ) / 2 + PE
    Total System Jitter     (TSJ):    0.050ns
    Total Input Jitter      (TIJ):    0.000ns
    Discrete Jitter          (DJ):    0.000ns
    Phase Error              (PE):    0.000ns

    Location             Delay type                Incr(ns)  Path(ns)    Netlist Resource(s)
  -------------------------------------------------------------------    -------------------
                                                      0.000     0.000 r  S_AXIS_Y_tvalid (IN)
                         net (fo=2, unset)            0.973     0.973    dbf_reference_bd_i/axis_in_fifo_0/inst/gen_fifo.xpm_fifo_axis_inst/xpm_fifo_base_inst/xpm_fifo_rst_inst/wr_en
    SLICE_X17Y13         LUT4 (Prop_lut4_I0_O)        0.152     1.125 r  dbf_reference_bd_i/axis_in_fifo_0/inst/gen_fifo.xpm_fifo_axis_inst/xpm_fifo_base_inst/xpm_fifo_rst_inst/gen_sdpram.xpm_memory_base_inst_i_1/O
                         net (fo=23, routed)          1.165     2.290    dbf_reference_bd_i/axis_in_fifo_0/inst/gen_fifo.xpm_fifo_axis_inst/xpm_fifo_base_inst/gen_sdpram.xpm_memory_base_inst/wea[0]
    RAMB36_X1Y3          RAMB36E1                                     r  dbf_reference_bd_i/axis_in_fifo_0/inst/gen_fifo.xpm_fifo_axis_inst/xpm_fifo_base_inst/gen_sdpram.xpm_memory_base_inst/gen_wr_a.gen_word_narrow.mem_reg/WEBWE[7]
  -------------------------------------------------------------------    -------------------

                         (clock aclk rise edge)       0.000     0.000 r  
                                                      0.000     0.000 r  aclk (IN)
                         net (fo=5173, unset)         0.924     0.924    dbf_reference_bd_i/axis_in_fifo_0/inst/gen_fifo.xpm_fifo_axis_inst/xpm_fifo_base_inst/gen_sdpram.xpm_memory_base_inst/clka
    RAMB36_X1Y3          RAMB36E1                                     r  dbf_reference_bd_i/axis_in_fifo_0/inst/gen_fifo.xpm_fifo_axis_inst/xpm_fifo_base_inst/gen_sdpram.xpm_memory_base_inst/gen_wr_a.gen_word_narrow.mem_reg/CLKBWRCLK

Slack:                    inf
  Source:                 S_AXIS_Y_tvalid
                            (input port)
  Destination:            dbf_reference_bd_i/axis_in_fifo_0/inst/gen_fifo.xpm_fifo_axis_inst/xpm_fifo_base_inst/wrpp1_inst/count_value_i_reg[5]/D
                            (rising edge-triggered cell FDRE clocked by aclk  {rise@0.000ns fall@2.500ns period=5.000ns})
  Path Group:             (none)
  Path Type:              Setup (Max at Slow Process Corner)
  Data Path Delay:        2.232ns  (logic 0.248ns (11.110%)  route 1.984ns (88.890%))
  Logic Levels:           2  (LUT5=1 LUT6=1)
  Clock Path Skew:        0.924ns (DCD - SCD + CPR)
    Destination Clock Delay (DCD):    0.924ns
    Source Clock Delay      (SCD):    0.000ns
    Clock Pessimism Removal (CPR):    0.000ns
  Clock Uncertainty:      0.025ns  ((TSJ^2 + TIJ^2)^1/2 + DJ) / 2 + PE
    Total System Jitter     (TSJ):    0.050ns
    Total Input Jitter      (TIJ):    0.000ns
    Discrete Jitter          (DJ):    0.000ns
    Phase Error              (PE):    0.000ns

    Location             Delay type                Incr(ns)  Path(ns)    Netlist Resource(s)
  -------------------------------------------------------------------    -------------------
                                                      0.000     0.000 r  S_AXIS_Y_tvalid (IN)
                         net (fo=2, unset)            0.973     0.973    dbf_reference_bd_i/axis_in_fifo_0/inst/gen_fifo.xpm_fifo_axis_inst/xpm_fifo_base_inst/wrpp1_inst/wr_en
    SLICE_X17Y13         LUT6 (Prop_lut6_I1_O)        0.124     1.097 r  dbf_reference_bd_i/axis_in_fifo_0/inst/gen_fifo.xpm_fifo_axis_inst/xpm_fifo_base_inst/wrpp1_inst/count_value_i[5]_i_2/O
                         net (fo=1, routed)           1.011     2.108    dbf_reference_bd_i/axis_in_fifo_0/inst/gen_fifo.xpm_fifo_axis_inst/xpm_fifo_base_inst/wrpp1_inst/count_value_i[5]_i_2_n_0
    SLICE_X21Y13         LUT5 (Prop_lut5_I1_O)        0.124     2.232 r  dbf_reference_bd_i/axis_in_fifo_0/inst/gen_fifo.xpm_fifo_axis_inst/xpm_fifo_base_inst/wrpp1_inst/count_value_i[5]_i_1/O
                         net (fo=1, routed)           0.000     2.232    dbf_reference_bd_i/axis_in_fifo_0/inst/gen_fifo.xpm_fifo_axis_inst/xpm_fifo_base_inst/wrpp1_inst/count_value_i[5]_i_1_n_0
    SLICE_X21Y13         FDRE                                         r  dbf_reference_bd_i/axis_in_fifo_0/inst/gen_fifo.xpm_fifo_axis_inst/xpm_fifo_base_inst/wrpp1_inst/count_value_i_reg[5]/D
  -------------------------------------------------------------------    -------------------

                         (clock aclk rise edge)       0.000     0.000 r  
                                                      0.000     0.000 r  aclk (IN)
                         net (fo=5173, unset)         0.924     0.924    dbf_reference_bd_i/axis_in_fifo_0/inst/gen_fifo.xpm_fifo_axis_inst/xpm_fifo_base_inst/wrpp1_inst/wr_clk
    SLICE_X21Y13         FDRE                                         r  dbf_reference_bd_i/axis_in_fifo_0/inst/gen_fifo.xpm_fifo_axis_inst/xpm_fifo_base_inst/wrpp1_inst/count_value_i_reg[5]/C

Slack:                    inf
  Source:                 S_AXIS_Y_tvalid
                            (input port)
  Destination:            dbf_reference_bd_i/axis_in_fifo_0/inst/gen_fifo.xpm_fifo_axis_inst/xpm_fifo_base_inst/gen_sdpram.xpm_memory_base_inst/gen_wr_a.gen_word_narrow.mem_reg/WEBWE[2]
                            (rising edge-triggered cell RAMB36E1 clocked by aclk  {rise@0.000ns fall@2.500ns period=5.000ns})
  Path Group:             (none)
  Path Type:              Setup (Max at Slow Process Corner)
  Data Path Delay:        2.193ns  (logic 0.152ns (6.930%)  route 2.041ns (93.070%))
  Logic Levels:           1  (LUT4=1)
  Clock Path Skew:        0.924ns (DCD - SCD + CPR)
    Destination Clock Delay (DCD):    0.924ns
    Source Clock Delay      (SCD):    0.000ns
    Clock Pessimism Removal (CPR):    0.000ns
  Clock Uncertainty:      0.025ns  ((TSJ^2 + TIJ^2)^1/2 + DJ) / 2 + PE
    Total System Jitter     (TSJ):    0.050ns
    Total Input Jitter      (TIJ):    0.000ns
    Discrete Jitter          (DJ):    0.000ns
    Phase Error              (PE):    0.000ns

    Location             Delay type                Incr(ns)  Path(ns)    Netlist Resource(s)
  -------------------------------------------------------------------    -------------------
                                                      0.000     0.000 r  S_AXIS_Y_tvalid (IN)
                         net (fo=2, unset)            0.973     0.973    dbf_reference_bd_i/axis_in_fifo_0/inst/gen_fifo.xpm_fifo_axis_inst/xpm_fifo_base_inst/xpm_fifo_rst_inst/wr_en
    SLICE_X17Y13         LUT4 (Prop_lut4_I0_O)        0.152     1.125 r  dbf_reference_bd_i/axis_in_fifo_0/inst/gen_fifo.xpm_fifo_axis_inst/xpm_fifo_base_inst/xpm_fifo_rst_inst/gen_sdpram.xpm_memory_base_inst_i_1/O
                         net (fo=23, routed)          1.068     2.193    dbf_reference_bd_i/axis_in_fifo_0/inst/gen_fifo.xpm_fifo_axis_inst/xpm_fifo_base_inst/gen_sdpram.xpm_memory_base_inst/wea[0]
    RAMB36_X1Y3          RAMB36E1                                     r  dbf_reference_bd_i/axis_in_fifo_0/inst/gen_fifo.xpm_fifo_axis_inst/xpm_fifo_base_inst/gen_sdpram.xpm_memory_base_inst/gen_wr_a.gen_word_narrow.mem_reg/WEBWE[2]
  -------------------------------------------------------------------    -------------------

                         (clock aclk rise edge)       0.000     0.000 r  
                                                      0.000     0.000 r  aclk (IN)
                         net (fo=5173, unset)         0.924     0.924    dbf_reference_bd_i/axis_in_fifo_0/inst/gen_fifo.xpm_fifo_axis_inst/xpm_fifo_base_inst/gen_sdpram.xpm_memory_base_inst/clka
    RAMB36_X1Y3          RAMB36E1                                     r  dbf_reference_bd_i/axis_in_fifo_0/inst/gen_fifo.xpm_fifo_axis_inst/xpm_fifo_base_inst/gen_sdpram.xpm_memory_base_inst/gen_wr_a.gen_word_narrow.mem_reg/CLKBWRCLK

Slack:                    inf
  Source:                 S_AXIS_Y_tvalid
                            (input port)
  Destination:            dbf_reference_bd_i/axis_in_fifo_0/inst/gen_fifo.xpm_fifo_axis_inst/xpm_fifo_base_inst/gen_sdpram.xpm_memory_base_inst/gen_wr_a.gen_word_narrow.mem_reg/WEBWE[5]
                            (rising edge-triggered cell RAMB36E1 clocked by aclk  {rise@0.000ns fall@2.500ns period=5.000ns})
  Path Group:             (none)
  Path Type:              Setup (Max at Slow Process Corner)
  Data Path Delay:        2.193ns  (logic 0.152ns (6.930%)  route 2.041ns (93.070%))
  Logic Levels:           1  (LUT4=1)
  Clock Path Skew:        0.924ns (DCD - SCD + CPR)
    Destination Clock Delay (DCD):    0.924ns
    Source Clock Delay      (SCD):    0.000ns
    Clock Pessimism Removal (CPR):    0.000ns
  Clock Uncertainty:      0.025ns  ((TSJ^2 + TIJ^2)^1/2 + DJ) / 2 + PE
    Total System Jitter     (TSJ):    0.050ns
    Total Input Jitter      (TIJ):    0.000ns
    Discrete Jitter          (DJ):    0.000ns
    Phase Error              (PE):    0.000ns

    Location             Delay type                Incr(ns)  Path(ns)    Netlist Resource(s)
  -------------------------------------------------------------------    -------------------
                                                      0.000     0.000 r  S_AXIS_Y_tvalid (IN)
                         net (fo=2, unset)            0.973     0.973    dbf_reference_bd_i/axis_in_fifo_0/inst/gen_fifo.xpm_fifo_axis_inst/xpm_fifo_base_inst/xpm_fifo_rst_inst/wr_en
    SLICE_X17Y13         LUT4 (Prop_lut4_I0_O)        0.152     1.125 r  dbf_reference_bd_i/axis_in_fifo_0/inst/gen_fifo.xpm_fifo_axis_inst/xpm_fifo_base_inst/xpm_fifo_rst_inst/gen_sdpram.xpm_memory_base_inst_i_1/O
                         net (fo=23, routed)          1.068     2.193    dbf_reference_bd_i/axis_in_fifo_0/inst/gen_fifo.xpm_fifo_axis_inst/xpm_fifo_base_inst/gen_sdpram.xpm_memory_base_inst/wea[0]
    RAMB36_X1Y3          RAMB36E1                                     r  dbf_reference_bd_i/axis_in_fifo_0/inst/gen_fifo.xpm_fifo_axis_inst/xpm_fifo_base_inst/gen_sdpram.xpm_memory_base_inst/gen_wr_a.gen_word_narrow.mem_reg/WEBWE[5]
  -------------------------------------------------------------------    -------------------

                         (clock aclk rise edge)       0.000     0.000 r  
                                                      0.000     0.000 r  aclk (IN)
                         net (fo=5173, unset)         0.924     0.924    dbf_reference_bd_i/axis_in_fifo_0/inst/gen_fifo.xpm_fifo_axis_inst/xpm_fifo_base_inst/gen_sdpram.xpm_memory_base_inst/clka
    RAMB36_X1Y3          RAMB36E1                                     r  dbf_reference_bd_i/axis_in_fifo_0/inst/gen_fifo.xpm_fifo_axis_inst/xpm_fifo_base_inst/gen_sdpram.xpm_memory_base_inst/gen_wr_a.gen_word_narrow.mem_reg/CLKBWRCLK





Min Delay Paths
--------------------------------------------------------------------------------------
Slack:                    inf
  Source:                 S_AXIS_Y_tdata[0]
                            (input port)
  Destination:            dbf_reference_bd_i/axis_in_fifo_0/inst/gen_fifo.xpm_fifo_axis_inst/xpm_fifo_base_inst/gen_sdpram.xpm_memory_base_inst/gen_wr_a.gen_word_narrow.mem_reg/DIADI[0]
                            (rising edge-triggered cell RAMB36E1 clocked by aclk  {rise@0.000ns fall@2.500ns period=5.000ns})
  Path Group:             (none)
  Path Type:              Hold (Min at Fast Process Corner)
  Data Path Delay:        0.410ns  (logic 0.000ns (0.000%)  route 0.410ns (100.000%))
  Logic Levels:           0  
  Clock Path Skew:        0.432ns (DCD - SCD - CPR)
    Destination Clock Delay (DCD):    0.432ns
    Source Clock Delay      (SCD):    0.000ns
    Clock Pessimism Removal (CPR):    -0.000ns

    Location             Delay type                Incr(ns)  Path(ns)    Netlist Resource(s)
  -------------------------------------------------------------------    -------------------
                                                      0.000     0.000 r  S_AXIS_Y_tdata[0] (IN)
                         net (fo=0)                   0.410     0.410    dbf_reference_bd_i/axis_in_fifo_0/inst/gen_fifo.xpm_fifo_axis_inst/xpm_fifo_base_inst/gen_sdpram.xpm_memory_base_inst/dina[0]
    RAMB36_X1Y3          RAMB36E1                                     r  dbf_reference_bd_i/axis_in_fifo_0/inst/gen_fifo.xpm_fifo_axis_inst/xpm_fifo_base_inst/gen_sdpram.xpm_memory_base_inst/gen_wr_a.gen_word_narrow.mem_reg/DIADI[0]
  -------------------------------------------------------------------    -------------------

                         (clock aclk rise edge)       0.000     0.000 r  
                                                      0.000     0.000 r  aclk (IN)
                         net (fo=5173, unset)         0.432     0.432    dbf_reference_bd_i/axis_in_fifo_0/inst/gen_fifo.xpm_fifo_axis_inst/xpm_fifo_base_inst/gen_sdpram.xpm_memory_base_inst/clka
    RAMB36_X1Y3          RAMB36E1                                     r  dbf_reference_bd_i/axis_in_fifo_0/inst/gen_fifo.xpm_fifo_axis_inst/xpm_fifo_base_inst/gen_sdpram.xpm_memory_base_inst/gen_wr_a.gen_word_narrow.mem_reg/CLKBWRCLK

Slack:                    inf
  Source:                 S_AXIS_Y_tdata[10]
                            (input port)
  Destination:            dbf_reference_bd_i/axis_in_fifo_0/inst/gen_fifo.xpm_fifo_axis_inst/xpm_fifo_base_inst/gen_sdpram.xpm_memory_base_inst/gen_wr_a.gen_word_narrow.mem_reg/DIADI[10]
                            (rising edge-triggered cell RAMB36E1 clocked by aclk  {rise@0.000ns fall@2.500ns period=5.000ns})
  Path Group:             (none)
  Path Type:              Hold (Min at Fast Process Corner)
  Data Path Delay:        0.410ns  (logic 0.000ns (0.000%)  route 0.410ns (100.000%))
  Logic Levels:           0  
  Clock Path Skew:        0.432ns (DCD - SCD - CPR)
    Destination Clock Delay (DCD):    0.432ns
    Source Clock Delay      (SCD):    0.000ns
    Clock Pessimism Removal (CPR):    -0.000ns

    Location             Delay type                Incr(ns)  Path(ns)    Netlist Resource(s)
  -------------------------------------------------------------------    -------------------
                                                      0.000     0.000 r  S_AXIS_Y_tdata[10] (IN)
                         net (fo=0)                   0.410     0.410    dbf_reference_bd_i/axis_in_fifo_0/inst/gen_fifo.xpm_fifo_axis_inst/xpm_fifo_base_inst/gen_sdpram.xpm_memory_base_inst/dina[10]
    RAMB36_X1Y3          RAMB36E1                                     r  dbf_reference_bd_i/axis_in_fifo_0/inst/gen_fifo.xpm_fifo_axis_inst/xpm_fifo_base_inst/gen_sdpram.xpm_memory_base_inst/gen_wr_a.gen_word_narrow.mem_reg/DIADI[10]
  -------------------------------------------------------------------    -------------------

                         (clock aclk rise edge)       0.000     0.000 r  
                                                      0.000     0.000 r  aclk (IN)
                         net (fo=5173, unset)         0.432     0.432    dbf_reference_bd_i/axis_in_fifo_0/inst/gen_fifo.xpm_fifo_axis_inst/xpm_fifo_base_inst/gen_sdpram.xpm_memory_base_inst/clka
    RAMB36_X1Y3          RAMB36E1                                     r  dbf_reference_bd_i/axis_in_fifo_0/inst/gen_fifo.xpm_fifo_axis_inst/xpm_fifo_base_inst/gen_sdpram.xpm_memory_base_inst/gen_wr_a.gen_word_narrow.mem_reg/CLKBWRCLK

Slack:                    inf
  Source:                 S_AXIS_Y_tdata[11]
                            (input port)
  Destination:            dbf_reference_bd_i/axis_in_fifo_0/inst/gen_fifo.xpm_fifo_axis_inst/xpm_fifo_base_inst/gen_sdpram.xpm_memory_base_inst/gen_wr_a.gen_word_narrow.mem_reg/DIADI[11]
                            (rising edge-triggered cell RAMB36E1 clocked by aclk  {rise@0.000ns fall@2.500ns period=5.000ns})
  Path Group:             (none)
  Path Type:              Hold (Min at Fast Process Corner)
  Data Path Delay:        0.410ns  (logic 0.000ns (0.000%)  route 0.410ns (100.000%))
  Logic Levels:           0  
  Clock Path Skew:        0.432ns (DCD - SCD - CPR)
    Destination Clock Delay (DCD):    0.432ns
    Source Clock Delay      (SCD):    0.000ns
    Clock Pessimism Removal (CPR):    -0.000ns

    Location             Delay type                Incr(ns)  Path(ns)    Netlist Resource(s)
  -------------------------------------------------------------------    -------------------
                                                      0.000     0.000 r  S_AXIS_Y_tdata[11] (IN)
                         net (fo=0)                   0.410     0.410    dbf_reference_bd_i/axis_in_fifo_0/inst/gen_fifo.xpm_fifo_axis_inst/xpm_fifo_base_inst/gen_sdpram.xpm_memory_base_inst/dina[11]
    RAMB36_X1Y3          RAMB36E1                                     r  dbf_reference_bd_i/axis_in_fifo_0/inst/gen_fifo.xpm_fifo_axis_inst/xpm_fifo_base_inst/gen_sdpram.xpm_memory_base_inst/gen_wr_a.gen_word_narrow.mem_reg/DIADI[11]
  -------------------------------------------------------------------    -------------------

                         (clock aclk rise edge)       0.000     0.000 r  
                                                      0.000     0.000 r  aclk (IN)
                         net (fo=5173, unset)         0.432     0.432    dbf_reference_bd_i/axis_in_fifo_0/inst/gen_fifo.xpm_fifo_axis_inst/xpm_fifo_base_inst/gen_sdpram.xpm_memory_base_inst/clka
    RAMB36_X1Y3          RAMB36E1                                     r  dbf_reference_bd_i/axis_in_fifo_0/inst/gen_fifo.xpm_fifo_axis_inst/xpm_fifo_base_inst/gen_sdpram.xpm_memory_base_inst/gen_wr_a.gen_word_narrow.mem_reg/CLKBWRCLK

Slack:                    inf
  Source:                 S_AXIS_Y_tdata[12]
                            (input port)
  Destination:            dbf_reference_bd_i/axis_in_fifo_0/inst/gen_fifo.xpm_fifo_axis_inst/xpm_fifo_base_inst/gen_sdpram.xpm_memory_base_inst/gen_wr_a.gen_word_narrow.mem_reg/DIADI[12]
                            (rising edge-triggered cell RAMB36E1 clocked by aclk  {rise@0.000ns fall@2.500ns period=5.000ns})
  Path Group:             (none)
  Path Type:              Hold (Min at Fast Process Corner)
  Data Path Delay:        0.410ns  (logic 0.000ns (0.000%)  route 0.410ns (100.000%))
  Logic Levels:           0  
  Clock Path Skew:        0.432ns (DCD - SCD - CPR)
    Destination Clock Delay (DCD):    0.432ns
    Source Clock Delay      (SCD):    0.000ns
    Clock Pessimism Removal (CPR):    -0.000ns

    Location             Delay type                Incr(ns)  Path(ns)    Netlist Resource(s)
  -------------------------------------------------------------------    -------------------
                                                      0.000     0.000 r  S_AXIS_Y_tdata[12] (IN)
                         net (fo=0)                   0.410     0.410    dbf_reference_bd_i/axis_in_fifo_0/inst/gen_fifo.xpm_fifo_axis_inst/xpm_fifo_base_inst/gen_sdpram.xpm_memory_base_inst/dina[12]
    RAMB36_X1Y3          RAMB36E1                                     r  dbf_reference_bd_i/axis_in_fifo_0/inst/gen_fifo.xpm_fifo_axis_inst/xpm_fifo_base_inst/gen_sdpram.xpm_memory_base_inst/gen_wr_a.gen_word_narrow.mem_reg/DIADI[12]
  -------------------------------------------------------------------    -------------------

                         (clock aclk rise edge)       0.000     0.000 r  
                                                      0.000     0.000 r  aclk (IN)
                         net (fo=5173, unset)         0.432     0.432    dbf_reference_bd_i/axis_in_fifo_0/inst/gen_fifo.xpm_fifo_axis_inst/xpm_fifo_base_inst/gen_sdpram.xpm_memory_base_inst/clka
    RAMB36_X1Y3          RAMB36E1                                     r  dbf_reference_bd_i/axis_in_fifo_0/inst/gen_fifo.xpm_fifo_axis_inst/xpm_fifo_base_inst/gen_sdpram.xpm_memory_base_inst/gen_wr_a.gen_word_narrow.mem_reg/CLKBWRCLK

Slack:                    inf
  Source:                 S_AXIS_Y_tdata[13]
                            (input port)
  Destination:            dbf_reference_bd_i/axis_in_fifo_0/inst/gen_fifo.xpm_fifo_axis_inst/xpm_fifo_base_inst/gen_sdpram.xpm_memory_base_inst/gen_wr_a.gen_word_narrow.mem_reg/DIADI[13]
                            (rising edge-triggered cell RAMB36E1 clocked by aclk  {rise@0.000ns fall@2.500ns period=5.000ns})
  Path Group:             (none)
  Path Type:              Hold (Min at Fast Process Corner)
  Data Path Delay:        0.410ns  (logic 0.000ns (0.000%)  route 0.410ns (100.000%))
  Logic Levels:           0  
  Clock Path Skew:        0.432ns (DCD - SCD - CPR)
    Destination Clock Delay (DCD):    0.432ns
    Source Clock Delay      (SCD):    0.000ns
    Clock Pessimism Removal (CPR):    -0.000ns

    Location             Delay type                Incr(ns)  Path(ns)    Netlist Resource(s)
  -------------------------------------------------------------------    -------------------
                                                      0.000     0.000 r  S_AXIS_Y_tdata[13] (IN)
                         net (fo=0)                   0.410     0.410    dbf_reference_bd_i/axis_in_fifo_0/inst/gen_fifo.xpm_fifo_axis_inst/xpm_fifo_base_inst/gen_sdpram.xpm_memory_base_inst/dina[13]
    RAMB36_X1Y3          RAMB36E1                                     r  dbf_reference_bd_i/axis_in_fifo_0/inst/gen_fifo.xpm_fifo_axis_inst/xpm_fifo_base_inst/gen_sdpram.xpm_memory_base_inst/gen_wr_a.gen_word_narrow.mem_reg/DIADI[13]
  -------------------------------------------------------------------    -------------------

                         (clock aclk rise edge)       0.000     0.000 r  
                                                      0.000     0.000 r  aclk (IN)
                         net (fo=5173, unset)         0.432     0.432    dbf_reference_bd_i/axis_in_fifo_0/inst/gen_fifo.xpm_fifo_axis_inst/xpm_fifo_base_inst/gen_sdpram.xpm_memory_base_inst/clka
    RAMB36_X1Y3          RAMB36E1                                     r  dbf_reference_bd_i/axis_in_fifo_0/inst/gen_fifo.xpm_fifo_axis_inst/xpm_fifo_base_inst/gen_sdpram.xpm_memory_base_inst/gen_wr_a.gen_word_narrow.mem_reg/CLKBWRCLK

Slack:                    inf
  Source:                 S_AXIS_Y_tdata[14]
                            (input port)
  Destination:            dbf_reference_bd_i/axis_in_fifo_0/inst/gen_fifo.xpm_fifo_axis_inst/xpm_fifo_base_inst/gen_sdpram.xpm_memory_base_inst/gen_wr_a.gen_word_narrow.mem_reg/DIADI[14]
                            (rising edge-triggered cell RAMB36E1 clocked by aclk  {rise@0.000ns fall@2.500ns period=5.000ns})
  Path Group:             (none)
  Path Type:              Hold (Min at Fast Process Corner)
  Data Path Delay:        0.410ns  (logic 0.000ns (0.000%)  route 0.410ns (100.000%))
  Logic Levels:           0  
  Clock Path Skew:        0.432ns (DCD - SCD - CPR)
    Destination Clock Delay (DCD):    0.432ns
    Source Clock Delay      (SCD):    0.000ns
    Clock Pessimism Removal (CPR):    -0.000ns

    Location             Delay type                Incr(ns)  Path(ns)    Netlist Resource(s)
  -------------------------------------------------------------------    -------------------
                                                      0.000     0.000 r  S_AXIS_Y_tdata[14] (IN)
                         net (fo=0)                   0.410     0.410    dbf_reference_bd_i/axis_in_fifo_0/inst/gen_fifo.xpm_fifo_axis_inst/xpm_fifo_base_inst/gen_sdpram.xpm_memory_base_inst/dina[14]
    RAMB36_X1Y3          RAMB36E1                                     r  dbf_reference_bd_i/axis_in_fifo_0/inst/gen_fifo.xpm_fifo_axis_inst/xpm_fifo_base_inst/gen_sdpram.xpm_memory_base_inst/gen_wr_a.gen_word_narrow.mem_reg/DIADI[14]
  -------------------------------------------------------------------    -------------------

                         (clock aclk rise edge)       0.000     0.000 r  
                                                      0.000     0.000 r  aclk (IN)
                         net (fo=5173, unset)         0.432     0.432    dbf_reference_bd_i/axis_in_fifo_0/inst/gen_fifo.xpm_fifo_axis_inst/xpm_fifo_base_inst/gen_sdpram.xpm_memory_base_inst/clka
    RAMB36_X1Y3          RAMB36E1                                     r  dbf_reference_bd_i/axis_in_fifo_0/inst/gen_fifo.xpm_fifo_axis_inst/xpm_fifo_base_inst/gen_sdpram.xpm_memory_base_inst/gen_wr_a.gen_word_narrow.mem_reg/CLKBWRCLK

Slack:                    inf
  Source:                 S_AXIS_Y_tdata[15]
                            (input port)
  Destination:            dbf_reference_bd_i/axis_in_fifo_0/inst/gen_fifo.xpm_fifo_axis_inst/xpm_fifo_base_inst/gen_sdpram.xpm_memory_base_inst/gen_wr_a.gen_word_narrow.mem_reg/DIADI[15]
                            (rising edge-triggered cell RAMB36E1 clocked by aclk  {rise@0.000ns fall@2.500ns period=5.000ns})
  Path Group:             (none)
  Path Type:              Hold (Min at Fast Process Corner)
  Data Path Delay:        0.410ns  (logic 0.000ns (0.000%)  route 0.410ns (100.000%))
  Logic Levels:           0  
  Clock Path Skew:        0.432ns (DCD - SCD - CPR)
    Destination Clock Delay (DCD):    0.432ns
    Source Clock Delay      (SCD):    0.000ns
    Clock Pessimism Removal (CPR):    -0.000ns

    Location             Delay type                Incr(ns)  Path(ns)    Netlist Resource(s)
  -------------------------------------------------------------------    -------------------
                                                      0.000     0.000 r  S_AXIS_Y_tdata[15] (IN)
                         net (fo=0)                   0.410     0.410    dbf_reference_bd_i/axis_in_fifo_0/inst/gen_fifo.xpm_fifo_axis_inst/xpm_fifo_base_inst/gen_sdpram.xpm_memory_base_inst/dina[15]
    RAMB36_X1Y3          RAMB36E1                                     r  dbf_reference_bd_i/axis_in_fifo_0/inst/gen_fifo.xpm_fifo_axis_inst/xpm_fifo_base_inst/gen_sdpram.xpm_memory_base_inst/gen_wr_a.gen_word_narrow.mem_reg/DIADI[15]
  -------------------------------------------------------------------    -------------------

                         (clock aclk rise edge)       0.000     0.000 r  
                                                      0.000     0.000 r  aclk (IN)
                         net (fo=5173, unset)         0.432     0.432    dbf_reference_bd_i/axis_in_fifo_0/inst/gen_fifo.xpm_fifo_axis_inst/xpm_fifo_base_inst/gen_sdpram.xpm_memory_base_inst/clka
    RAMB36_X1Y3          RAMB36E1                                     r  dbf_reference_bd_i/axis_in_fifo_0/inst/gen_fifo.xpm_fifo_axis_inst/xpm_fifo_base_inst/gen_sdpram.xpm_memory_base_inst/gen_wr_a.gen_word_narrow.mem_reg/CLKBWRCLK

Slack:                    inf
  Source:                 S_AXIS_Y_tdata[16]
                            (input port)
  Destination:            dbf_reference_bd_i/axis_in_fifo_0/inst/gen_fifo.xpm_fifo_axis_inst/xpm_fifo_base_inst/gen_sdpram.xpm_memory_base_inst/gen_wr_a.gen_word_narrow.mem_reg/DIADI[16]
                            (rising edge-triggered cell RAMB36E1 clocked by aclk  {rise@0.000ns fall@2.500ns period=5.000ns})
  Path Group:             (none)
  Path Type:              Hold (Min at Fast Process Corner)
  Data Path Delay:        0.410ns  (logic 0.000ns (0.000%)  route 0.410ns (100.000%))
  Logic Levels:           0  
  Clock Path Skew:        0.432ns (DCD - SCD - CPR)
    Destination Clock Delay (DCD):    0.432ns
    Source Clock Delay      (SCD):    0.000ns
    Clock Pessimism Removal (CPR):    -0.000ns

    Location             Delay type                Incr(ns)  Path(ns)    Netlist Resource(s)
  -------------------------------------------------------------------    -------------------
                                                      0.000     0.000 r  S_AXIS_Y_tdata[16] (IN)
                         net (fo=0)                   0.410     0.410    dbf_reference_bd_i/axis_in_fifo_0/inst/gen_fifo.xpm_fifo_axis_inst/xpm_fifo_base_inst/gen_sdpram.xpm_memory_base_inst/dina[16]
    RAMB36_X1Y3          RAMB36E1                                     r  dbf_reference_bd_i/axis_in_fifo_0/inst/gen_fifo.xpm_fifo_axis_inst/xpm_fifo_base_inst/gen_sdpram.xpm_memory_base_inst/gen_wr_a.gen_word_narrow.mem_reg/DIADI[16]
  -------------------------------------------------------------------    -------------------

                         (clock aclk rise edge)       0.000     0.000 r  
                                                      0.000     0.000 r  aclk (IN)
                         net (fo=5173, unset)         0.432     0.432    dbf_reference_bd_i/axis_in_fifo_0/inst/gen_fifo.xpm_fifo_axis_inst/xpm_fifo_base_inst/gen_sdpram.xpm_memory_base_inst/clka
    RAMB36_X1Y3          RAMB36E1                                     r  dbf_reference_bd_i/axis_in_fifo_0/inst/gen_fifo.xpm_fifo_axis_inst/xpm_fifo_base_inst/gen_sdpram.xpm_memory_base_inst/gen_wr_a.gen_word_narrow.mem_reg/CLKBWRCLK

Slack:                    inf
  Source:                 S_AXIS_Y_tdata[17]
                            (input port)
  Destination:            dbf_reference_bd_i/axis_in_fifo_0/inst/gen_fifo.xpm_fifo_axis_inst/xpm_fifo_base_inst/gen_sdpram.xpm_memory_base_inst/gen_wr_a.gen_word_narrow.mem_reg/DIADI[17]
                            (rising edge-triggered cell RAMB36E1 clocked by aclk  {rise@0.000ns fall@2.500ns period=5.000ns})
  Path Group:             (none)
  Path Type:              Hold (Min at Fast Process Corner)
  Data Path Delay:        0.410ns  (logic 0.000ns (0.000%)  route 0.410ns (100.000%))
  Logic Levels:           0  
  Clock Path Skew:        0.432ns (DCD - SCD - CPR)
    Destination Clock Delay (DCD):    0.432ns
    Source Clock Delay      (SCD):    0.000ns
    Clock Pessimism Removal (CPR):    -0.000ns

    Location             Delay type                Incr(ns)  Path(ns)    Netlist Resource(s)
  -------------------------------------------------------------------    -------------------
                                                      0.000     0.000 r  S_AXIS_Y_tdata[17] (IN)
                         net (fo=0)                   0.410     0.410    dbf_reference_bd_i/axis_in_fifo_0/inst/gen_fifo.xpm_fifo_axis_inst/xpm_fifo_base_inst/gen_sdpram.xpm_memory_base_inst/dina[17]
    RAMB36_X1Y3          RAMB36E1                                     r  dbf_reference_bd_i/axis_in_fifo_0/inst/gen_fifo.xpm_fifo_axis_inst/xpm_fifo_base_inst/gen_sdpram.xpm_memory_base_inst/gen_wr_a.gen_word_narrow.mem_reg/DIADI[17]
  -------------------------------------------------------------------    -------------------

                         (clock aclk rise edge)       0.000     0.000 r  
                                                      0.000     0.000 r  aclk (IN)
                         net (fo=5173, unset)         0.432     0.432    dbf_reference_bd_i/axis_in_fifo_0/inst/gen_fifo.xpm_fifo_axis_inst/xpm_fifo_base_inst/gen_sdpram.xpm_memory_base_inst/clka
    RAMB36_X1Y3          RAMB36E1                                     r  dbf_reference_bd_i/axis_in_fifo_0/inst/gen_fifo.xpm_fifo_axis_inst/xpm_fifo_base_inst/gen_sdpram.xpm_memory_base_inst/gen_wr_a.gen_word_narrow.mem_reg/CLKBWRCLK

Slack:                    inf
  Source:                 S_AXIS_Y_tdata[18]
                            (input port)
  Destination:            dbf_reference_bd_i/axis_in_fifo_0/inst/gen_fifo.xpm_fifo_axis_inst/xpm_fifo_base_inst/gen_sdpram.xpm_memory_base_inst/gen_wr_a.gen_word_narrow.mem_reg/DIADI[18]
                            (rising edge-triggered cell RAMB36E1 clocked by aclk  {rise@0.000ns fall@2.500ns period=5.000ns})
  Path Group:             (none)
  Path Type:              Hold (Min at Fast Process Corner)
  Data Path Delay:        0.410ns  (logic 0.000ns (0.000%)  route 0.410ns (100.000%))
  Logic Levels:           0  
  Clock Path Skew:        0.432ns (DCD - SCD - CPR)
    Destination Clock Delay (DCD):    0.432ns
    Source Clock Delay      (SCD):    0.000ns
    Clock Pessimism Removal (CPR):    -0.000ns

    Location             Delay type                Incr(ns)  Path(ns)    Netlist Resource(s)
  -------------------------------------------------------------------    -------------------
                                                      0.000     0.000 r  S_AXIS_Y_tdata[18] (IN)
                         net (fo=0)                   0.410     0.410    dbf_reference_bd_i/axis_in_fifo_0/inst/gen_fifo.xpm_fifo_axis_inst/xpm_fifo_base_inst/gen_sdpram.xpm_memory_base_inst/dina[18]
    RAMB36_X1Y3          RAMB36E1                                     r  dbf_reference_bd_i/axis_in_fifo_0/inst/gen_fifo.xpm_fifo_axis_inst/xpm_fifo_base_inst/gen_sdpram.xpm_memory_base_inst/gen_wr_a.gen_word_narrow.mem_reg/DIADI[18]
  -------------------------------------------------------------------    -------------------

                         (clock aclk rise edge)       0.000     0.000 r  
                                                      0.000     0.000 r  aclk (IN)
                         net (fo=5173, unset)         0.432     0.432    dbf_reference_bd_i/axis_in_fifo_0/inst/gen_fifo.xpm_fifo_axis_inst/xpm_fifo_base_inst/gen_sdpram.xpm_memory_base_inst/clka
    RAMB36_X1Y3          RAMB36E1                                     r  dbf_reference_bd_i/axis_in_fifo_0/inst/gen_fifo.xpm_fifo_axis_inst/xpm_fifo_base_inst/gen_sdpram.xpm_memory_base_inst/gen_wr_a.gen_word_narrow.mem_reg/CLKBWRCLK

Slack:                    inf
  Source:                 S_AXIS_Y_tdata[19]
                            (input port)
  Destination:            dbf_reference_bd_i/axis_in_fifo_0/inst/gen_fifo.xpm_fifo_axis_inst/xpm_fifo_base_inst/gen_sdpram.xpm_memory_base_inst/gen_wr_a.gen_word_narrow.mem_reg/DIADI[19]
                            (rising edge-triggered cell RAMB36E1 clocked by aclk  {rise@0.000ns fall@2.500ns period=5.000ns})
  Path Group:             (none)
  Path Type:              Hold (Min at Fast Process Corner)
  Data Path Delay:        0.410ns  (logic 0.000ns (0.000%)  route 0.410ns (100.000%))
  Logic Levels:           0  
  Clock Path Skew:        0.432ns (DCD - SCD - CPR)
    Destination Clock Delay (DCD):    0.432ns
    Source Clock Delay      (SCD):    0.000ns
    Clock Pessimism Removal (CPR):    -0.000ns

    Location             Delay type                Incr(ns)  Path(ns)    Netlist Resource(s)
  -------------------------------------------------------------------    -------------------
                                                      0.000     0.000 r  S_AXIS_Y_tdata[19] (IN)
                         net (fo=0)                   0.410     0.410    dbf_reference_bd_i/axis_in_fifo_0/inst/gen_fifo.xpm_fifo_axis_inst/xpm_fifo_base_inst/gen_sdpram.xpm_memory_base_inst/dina[19]
    RAMB36_X1Y3          RAMB36E1                                     r  dbf_reference_bd_i/axis_in_fifo_0/inst/gen_fifo.xpm_fifo_axis_inst/xpm_fifo_base_inst/gen_sdpram.xpm_memory_base_inst/gen_wr_a.gen_word_narrow.mem_reg/DIADI[19]
  -------------------------------------------------------------------    -------------------

                         (clock aclk rise edge)       0.000     0.000 r  
                                                      0.000     0.000 r  aclk (IN)
                         net (fo=5173, unset)         0.432     0.432    dbf_reference_bd_i/axis_in_fifo_0/inst/gen_fifo.xpm_fifo_axis_inst/xpm_fifo_base_inst/gen_sdpram.xpm_memory_base_inst/clka
    RAMB36_X1Y3          RAMB36E1                                     r  dbf_reference_bd_i/axis_in_fifo_0/inst/gen_fifo.xpm_fifo_axis_inst/xpm_fifo_base_inst/gen_sdpram.xpm_memory_base_inst/gen_wr_a.gen_word_narrow.mem_reg/CLKBWRCLK

Slack:                    inf
  Source:                 S_AXIS_Y_tdata[1]
                            (input port)
  Destination:            dbf_reference_bd_i/axis_in_fifo_0/inst/gen_fifo.xpm_fifo_axis_inst/xpm_fifo_base_inst/gen_sdpram.xpm_memory_base_inst/gen_wr_a.gen_word_narrow.mem_reg/DIADI[1]
                            (rising edge-triggered cell RAMB36E1 clocked by aclk  {rise@0.000ns fall@2.500ns period=5.000ns})
  Path Group:             (none)
  Path Type:              Hold (Min at Fast Process Corner)
  Data Path Delay:        0.410ns  (logic 0.000ns (0.000%)  route 0.410ns (100.000%))
  Logic Levels:           0  
  Clock Path Skew:        0.432ns (DCD - SCD - CPR)
    Destination Clock Delay (DCD):    0.432ns
    Source Clock Delay      (SCD):    0.000ns
    Clock Pessimism Removal (CPR):    -0.000ns

    Location             Delay type                Incr(ns)  Path(ns)    Netlist Resource(s)
  -------------------------------------------------------------------    -------------------
                                                      0.000     0.000 r  S_AXIS_Y_tdata[1] (IN)
                         net (fo=0)                   0.410     0.410    dbf_reference_bd_i/axis_in_fifo_0/inst/gen_fifo.xpm_fifo_axis_inst/xpm_fifo_base_inst/gen_sdpram.xpm_memory_base_inst/dina[1]
    RAMB36_X1Y3          RAMB36E1                                     r  dbf_reference_bd_i/axis_in_fifo_0/inst/gen_fifo.xpm_fifo_axis_inst/xpm_fifo_base_inst/gen_sdpram.xpm_memory_base_inst/gen_wr_a.gen_word_narrow.mem_reg/DIADI[1]
  -------------------------------------------------------------------    -------------------

                         (clock aclk rise edge)       0.000     0.000 r  
                                                      0.000     0.000 r  aclk (IN)
                         net (fo=5173, unset)         0.432     0.432    dbf_reference_bd_i/axis_in_fifo_0/inst/gen_fifo.xpm_fifo_axis_inst/xpm_fifo_base_inst/gen_sdpram.xpm_memory_base_inst/clka
    RAMB36_X1Y3          RAMB36E1                                     r  dbf_reference_bd_i/axis_in_fifo_0/inst/gen_fifo.xpm_fifo_axis_inst/xpm_fifo_base_inst/gen_sdpram.xpm_memory_base_inst/gen_wr_a.gen_word_narrow.mem_reg/CLKBWRCLK

Slack:                    inf
  Source:                 S_AXIS_Y_tdata[20]
                            (input port)
  Destination:            dbf_reference_bd_i/axis_in_fifo_0/inst/gen_fifo.xpm_fifo_axis_inst/xpm_fifo_base_inst/gen_sdpram.xpm_memory_base_inst/gen_wr_a.gen_word_narrow.mem_reg/DIADI[20]
                            (rising edge-triggered cell RAMB36E1 clocked by aclk  {rise@0.000ns fall@2.500ns period=5.000ns})
  Path Group:             (none)
  Path Type:              Hold (Min at Fast Process Corner)
  Data Path Delay:        0.410ns  (logic 0.000ns (0.000%)  route 0.410ns (100.000%))
  Logic Levels:           0  
  Clock Path Skew:        0.432ns (DCD - SCD - CPR)
    Destination Clock Delay (DCD):    0.432ns
    Source Clock Delay      (SCD):    0.000ns
    Clock Pessimism Removal (CPR):    -0.000ns

    Location             Delay type                Incr(ns)  Path(ns)    Netlist Resource(s)
  -------------------------------------------------------------------    -------------------
                                                      0.000     0.000 r  S_AXIS_Y_tdata[20] (IN)
                         net (fo=0)                   0.410     0.410    dbf_reference_bd_i/axis_in_fifo_0/inst/gen_fifo.xpm_fifo_axis_inst/xpm_fifo_base_inst/gen_sdpram.xpm_memory_base_inst/dina[20]
    RAMB36_X1Y3          RAMB36E1                                     r  dbf_reference_bd_i/axis_in_fifo_0/inst/gen_fifo.xpm_fifo_axis_inst/xpm_fifo_base_inst/gen_sdpram.xpm_memory_base_inst/gen_wr_a.gen_word_narrow.mem_reg/DIADI[20]
  -------------------------------------------------------------------    -------------------

                         (clock aclk rise edge)       0.000     0.000 r  
                                                      0.000     0.000 r  aclk (IN)
                         net (fo=5173, unset)         0.432     0.432    dbf_reference_bd_i/axis_in_fifo_0/inst/gen_fifo.xpm_fifo_axis_inst/xpm_fifo_base_inst/gen_sdpram.xpm_memory_base_inst/clka
    RAMB36_X1Y3          RAMB36E1                                     r  dbf_reference_bd_i/axis_in_fifo_0/inst/gen_fifo.xpm_fifo_axis_inst/xpm_fifo_base_inst/gen_sdpram.xpm_memory_base_inst/gen_wr_a.gen_word_narrow.mem_reg/CLKBWRCLK

Slack:                    inf
  Source:                 S_AXIS_Y_tdata[21]
                            (input port)
  Destination:            dbf_reference_bd_i/axis_in_fifo_0/inst/gen_fifo.xpm_fifo_axis_inst/xpm_fifo_base_inst/gen_sdpram.xpm_memory_base_inst/gen_wr_a.gen_word_narrow.mem_reg/DIADI[21]
                            (rising edge-triggered cell RAMB36E1 clocked by aclk  {rise@0.000ns fall@2.500ns period=5.000ns})
  Path Group:             (none)
  Path Type:              Hold (Min at Fast Process Corner)
  Data Path Delay:        0.410ns  (logic 0.000ns (0.000%)  route 0.410ns (100.000%))
  Logic Levels:           0  
  Clock Path Skew:        0.432ns (DCD - SCD - CPR)
    Destination Clock Delay (DCD):    0.432ns
    Source Clock Delay      (SCD):    0.000ns
    Clock Pessimism Removal (CPR):    -0.000ns

    Location             Delay type                Incr(ns)  Path(ns)    Netlist Resource(s)
  -------------------------------------------------------------------    -------------------
                                                      0.000     0.000 r  S_AXIS_Y_tdata[21] (IN)
                         net (fo=0)                   0.410     0.410    dbf_reference_bd_i/axis_in_fifo_0/inst/gen_fifo.xpm_fifo_axis_inst/xpm_fifo_base_inst/gen_sdpram.xpm_memory_base_inst/dina[21]
    RAMB36_X1Y3          RAMB36E1                                     r  dbf_reference_bd_i/axis_in_fifo_0/inst/gen_fifo.xpm_fifo_axis_inst/xpm_fifo_base_inst/gen_sdpram.xpm_memory_base_inst/gen_wr_a.gen_word_narrow.mem_reg/DIADI[21]
  -------------------------------------------------------------------    -------------------

                         (clock aclk rise edge)       0.000     0.000 r  
                                                      0.000     0.000 r  aclk (IN)
                         net (fo=5173, unset)         0.432     0.432    dbf_reference_bd_i/axis_in_fifo_0/inst/gen_fifo.xpm_fifo_axis_inst/xpm_fifo_base_inst/gen_sdpram.xpm_memory_base_inst/clka
    RAMB36_X1Y3          RAMB36E1                                     r  dbf_reference_bd_i/axis_in_fifo_0/inst/gen_fifo.xpm_fifo_axis_inst/xpm_fifo_base_inst/gen_sdpram.xpm_memory_base_inst/gen_wr_a.gen_word_narrow.mem_reg/CLKBWRCLK

Slack:                    inf
  Source:                 S_AXIS_Y_tdata[22]
                            (input port)
  Destination:            dbf_reference_bd_i/axis_in_fifo_0/inst/gen_fifo.xpm_fifo_axis_inst/xpm_fifo_base_inst/gen_sdpram.xpm_memory_base_inst/gen_wr_a.gen_word_narrow.mem_reg/DIADI[22]
                            (rising edge-triggered cell RAMB36E1 clocked by aclk  {rise@0.000ns fall@2.500ns period=5.000ns})
  Path Group:             (none)
  Path Type:              Hold (Min at Fast Process Corner)
  Data Path Delay:        0.410ns  (logic 0.000ns (0.000%)  route 0.410ns (100.000%))
  Logic Levels:           0  
  Clock Path Skew:        0.432ns (DCD - SCD - CPR)
    Destination Clock Delay (DCD):    0.432ns
    Source Clock Delay      (SCD):    0.000ns
    Clock Pessimism Removal (CPR):    -0.000ns

    Location             Delay type                Incr(ns)  Path(ns)    Netlist Resource(s)
  -------------------------------------------------------------------    -------------------
                                                      0.000     0.000 r  S_AXIS_Y_tdata[22] (IN)
                         net (fo=0)                   0.410     0.410    dbf_reference_bd_i/axis_in_fifo_0/inst/gen_fifo.xpm_fifo_axis_inst/xpm_fifo_base_inst/gen_sdpram.xpm_memory_base_inst/dina[22]
    RAMB36_X1Y3          RAMB36E1                                     r  dbf_reference_bd_i/axis_in_fifo_0/inst/gen_fifo.xpm_fifo_axis_inst/xpm_fifo_base_inst/gen_sdpram.xpm_memory_base_inst/gen_wr_a.gen_word_narrow.mem_reg/DIADI[22]
  -------------------------------------------------------------------    -------------------

                         (clock aclk rise edge)       0.000     0.000 r  
                                                      0.000     0.000 r  aclk (IN)
                         net (fo=5173, unset)         0.432     0.432    dbf_reference_bd_i/axis_in_fifo_0/inst/gen_fifo.xpm_fifo_axis_inst/xpm_fifo_base_inst/gen_sdpram.xpm_memory_base_inst/clka
    RAMB36_X1Y3          RAMB36E1                                     r  dbf_reference_bd_i/axis_in_fifo_0/inst/gen_fifo.xpm_fifo_axis_inst/xpm_fifo_base_inst/gen_sdpram.xpm_memory_base_inst/gen_wr_a.gen_word_narrow.mem_reg/CLKBWRCLK

Slack:                    inf
  Source:                 S_AXIS_Y_tdata[23]
                            (input port)
  Destination:            dbf_reference_bd_i/axis_in_fifo_0/inst/gen_fifo.xpm_fifo_axis_inst/xpm_fifo_base_inst/gen_sdpram.xpm_memory_base_inst/gen_wr_a.gen_word_narrow.mem_reg/DIADI[23]
                            (rising edge-triggered cell RAMB36E1 clocked by aclk  {rise@0.000ns fall@2.500ns period=5.000ns})
  Path Group:             (none)
  Path Type:              Hold (Min at Fast Process Corner)
  Data Path Delay:        0.410ns  (logic 0.000ns (0.000%)  route 0.410ns (100.000%))
  Logic Levels:           0  
  Clock Path Skew:        0.432ns (DCD - SCD - CPR)
    Destination Clock Delay (DCD):    0.432ns
    Source Clock Delay      (SCD):    0.000ns
    Clock Pessimism Removal (CPR):    -0.000ns

    Location             Delay type                Incr(ns)  Path(ns)    Netlist Resource(s)
  -------------------------------------------------------------------    -------------------
                                                      0.000     0.000 r  S_AXIS_Y_tdata[23] (IN)
                         net (fo=0)                   0.410     0.410    dbf_reference_bd_i/axis_in_fifo_0/inst/gen_fifo.xpm_fifo_axis_inst/xpm_fifo_base_inst/gen_sdpram.xpm_memory_base_inst/dina[23]
    RAMB36_X1Y3          RAMB36E1                                     r  dbf_reference_bd_i/axis_in_fifo_0/inst/gen_fifo.xpm_fifo_axis_inst/xpm_fifo_base_inst/gen_sdpram.xpm_memory_base_inst/gen_wr_a.gen_word_narrow.mem_reg/DIADI[23]
  -------------------------------------------------------------------    -------------------

                         (clock aclk rise edge)       0.000     0.000 r  
                                                      0.000     0.000 r  aclk (IN)
                         net (fo=5173, unset)         0.432     0.432    dbf_reference_bd_i/axis_in_fifo_0/inst/gen_fifo.xpm_fifo_axis_inst/xpm_fifo_base_inst/gen_sdpram.xpm_memory_base_inst/clka
    RAMB36_X1Y3          RAMB36E1                                     r  dbf_reference_bd_i/axis_in_fifo_0/inst/gen_fifo.xpm_fifo_axis_inst/xpm_fifo_base_inst/gen_sdpram.xpm_memory_base_inst/gen_wr_a.gen_word_narrow.mem_reg/CLKBWRCLK

Slack:                    inf
  Source:                 S_AXIS_Y_tdata[24]
                            (input port)
  Destination:            dbf_reference_bd_i/axis_in_fifo_0/inst/gen_fifo.xpm_fifo_axis_inst/xpm_fifo_base_inst/gen_sdpram.xpm_memory_base_inst/gen_wr_a.gen_word_narrow.mem_reg/DIADI[24]
                            (rising edge-triggered cell RAMB36E1 clocked by aclk  {rise@0.000ns fall@2.500ns period=5.000ns})
  Path Group:             (none)
  Path Type:              Hold (Min at Fast Process Corner)
  Data Path Delay:        0.410ns  (logic 0.000ns (0.000%)  route 0.410ns (100.000%))
  Logic Levels:           0  
  Clock Path Skew:        0.432ns (DCD - SCD - CPR)
    Destination Clock Delay (DCD):    0.432ns
    Source Clock Delay      (SCD):    0.000ns
    Clock Pessimism Removal (CPR):    -0.000ns

    Location             Delay type                Incr(ns)  Path(ns)    Netlist Resource(s)
  -------------------------------------------------------------------    -------------------
                                                      0.000     0.000 r  S_AXIS_Y_tdata[24] (IN)
                         net (fo=0)                   0.410     0.410    dbf_reference_bd_i/axis_in_fifo_0/inst/gen_fifo.xpm_fifo_axis_inst/xpm_fifo_base_inst/gen_sdpram.xpm_memory_base_inst/dina[24]
    RAMB36_X1Y3          RAMB36E1                                     r  dbf_reference_bd_i/axis_in_fifo_0/inst/gen_fifo.xpm_fifo_axis_inst/xpm_fifo_base_inst/gen_sdpram.xpm_memory_base_inst/gen_wr_a.gen_word_narrow.mem_reg/DIADI[24]
  -------------------------------------------------------------------    -------------------

                         (clock aclk rise edge)       0.000     0.000 r  
                                                      0.000     0.000 r  aclk (IN)
                         net (fo=5173, unset)         0.432     0.432    dbf_reference_bd_i/axis_in_fifo_0/inst/gen_fifo.xpm_fifo_axis_inst/xpm_fifo_base_inst/gen_sdpram.xpm_memory_base_inst/clka
    RAMB36_X1Y3          RAMB36E1                                     r  dbf_reference_bd_i/axis_in_fifo_0/inst/gen_fifo.xpm_fifo_axis_inst/xpm_fifo_base_inst/gen_sdpram.xpm_memory_base_inst/gen_wr_a.gen_word_narrow.mem_reg/CLKBWRCLK

Slack:                    inf
  Source:                 S_AXIS_Y_tdata[25]
                            (input port)
  Destination:            dbf_reference_bd_i/axis_in_fifo_0/inst/gen_fifo.xpm_fifo_axis_inst/xpm_fifo_base_inst/gen_sdpram.xpm_memory_base_inst/gen_wr_a.gen_word_narrow.mem_reg/DIADI[25]
                            (rising edge-triggered cell RAMB36E1 clocked by aclk  {rise@0.000ns fall@2.500ns period=5.000ns})
  Path Group:             (none)
  Path Type:              Hold (Min at Fast Process Corner)
  Data Path Delay:        0.410ns  (logic 0.000ns (0.000%)  route 0.410ns (100.000%))
  Logic Levels:           0  
  Clock Path Skew:        0.432ns (DCD - SCD - CPR)
    Destination Clock Delay (DCD):    0.432ns
    Source Clock Delay      (SCD):    0.000ns
    Clock Pessimism Removal (CPR):    -0.000ns

    Location             Delay type                Incr(ns)  Path(ns)    Netlist Resource(s)
  -------------------------------------------------------------------    -------------------
                                                      0.000     0.000 r  S_AXIS_Y_tdata[25] (IN)
                         net (fo=0)                   0.410     0.410    dbf_reference_bd_i/axis_in_fifo_0/inst/gen_fifo.xpm_fifo_axis_inst/xpm_fifo_base_inst/gen_sdpram.xpm_memory_base_inst/dina[25]
    RAMB36_X1Y3          RAMB36E1                                     r  dbf_reference_bd_i/axis_in_fifo_0/inst/gen_fifo.xpm_fifo_axis_inst/xpm_fifo_base_inst/gen_sdpram.xpm_memory_base_inst/gen_wr_a.gen_word_narrow.mem_reg/DIADI[25]
  -------------------------------------------------------------------    -------------------

                         (clock aclk rise edge)       0.000     0.000 r  
                                                      0.000     0.000 r  aclk (IN)
                         net (fo=5173, unset)         0.432     0.432    dbf_reference_bd_i/axis_in_fifo_0/inst/gen_fifo.xpm_fifo_axis_inst/xpm_fifo_base_inst/gen_sdpram.xpm_memory_base_inst/clka
    RAMB36_X1Y3          RAMB36E1                                     r  dbf_reference_bd_i/axis_in_fifo_0/inst/gen_fifo.xpm_fifo_axis_inst/xpm_fifo_base_inst/gen_sdpram.xpm_memory_base_inst/gen_wr_a.gen_word_narrow.mem_reg/CLKBWRCLK

Slack:                    inf
  Source:                 S_AXIS_Y_tdata[26]
                            (input port)
  Destination:            dbf_reference_bd_i/axis_in_fifo_0/inst/gen_fifo.xpm_fifo_axis_inst/xpm_fifo_base_inst/gen_sdpram.xpm_memory_base_inst/gen_wr_a.gen_word_narrow.mem_reg/DIADI[26]
                            (rising edge-triggered cell RAMB36E1 clocked by aclk  {rise@0.000ns fall@2.500ns period=5.000ns})
  Path Group:             (none)
  Path Type:              Hold (Min at Fast Process Corner)
  Data Path Delay:        0.410ns  (logic 0.000ns (0.000%)  route 0.410ns (100.000%))
  Logic Levels:           0  
  Clock Path Skew:        0.432ns (DCD - SCD - CPR)
    Destination Clock Delay (DCD):    0.432ns
    Source Clock Delay      (SCD):    0.000ns
    Clock Pessimism Removal (CPR):    -0.000ns

    Location             Delay type                Incr(ns)  Path(ns)    Netlist Resource(s)
  -------------------------------------------------------------------    -------------------
                                                      0.000     0.000 r  S_AXIS_Y_tdata[26] (IN)
                         net (fo=0)                   0.410     0.410    dbf_reference_bd_i/axis_in_fifo_0/inst/gen_fifo.xpm_fifo_axis_inst/xpm_fifo_base_inst/gen_sdpram.xpm_memory_base_inst/dina[26]
    RAMB36_X1Y3          RAMB36E1                                     r  dbf_reference_bd_i/axis_in_fifo_0/inst/gen_fifo.xpm_fifo_axis_inst/xpm_fifo_base_inst/gen_sdpram.xpm_memory_base_inst/gen_wr_a.gen_word_narrow.mem_reg/DIADI[26]
  -------------------------------------------------------------------    -------------------

                         (clock aclk rise edge)       0.000     0.000 r  
                                                      0.000     0.000 r  aclk (IN)
                         net (fo=5173, unset)         0.432     0.432    dbf_reference_bd_i/axis_in_fifo_0/inst/gen_fifo.xpm_fifo_axis_inst/xpm_fifo_base_inst/gen_sdpram.xpm_memory_base_inst/clka
    RAMB36_X1Y3          RAMB36E1                                     r  dbf_reference_bd_i/axis_in_fifo_0/inst/gen_fifo.xpm_fifo_axis_inst/xpm_fifo_base_inst/gen_sdpram.xpm_memory_base_inst/gen_wr_a.gen_word_narrow.mem_reg/CLKBWRCLK

Slack:                    inf
  Source:                 S_AXIS_Y_tdata[27]
                            (input port)
  Destination:            dbf_reference_bd_i/axis_in_fifo_0/inst/gen_fifo.xpm_fifo_axis_inst/xpm_fifo_base_inst/gen_sdpram.xpm_memory_base_inst/gen_wr_a.gen_word_narrow.mem_reg/DIADI[27]
                            (rising edge-triggered cell RAMB36E1 clocked by aclk  {rise@0.000ns fall@2.500ns period=5.000ns})
  Path Group:             (none)
  Path Type:              Hold (Min at Fast Process Corner)
  Data Path Delay:        0.410ns  (logic 0.000ns (0.000%)  route 0.410ns (100.000%))
  Logic Levels:           0  
  Clock Path Skew:        0.432ns (DCD - SCD - CPR)
    Destination Clock Delay (DCD):    0.432ns
    Source Clock Delay      (SCD):    0.000ns
    Clock Pessimism Removal (CPR):    -0.000ns

    Location             Delay type                Incr(ns)  Path(ns)    Netlist Resource(s)
  -------------------------------------------------------------------    -------------------
                                                      0.000     0.000 r  S_AXIS_Y_tdata[27] (IN)
                         net (fo=0)                   0.410     0.410    dbf_reference_bd_i/axis_in_fifo_0/inst/gen_fifo.xpm_fifo_axis_inst/xpm_fifo_base_inst/gen_sdpram.xpm_memory_base_inst/dina[27]
    RAMB36_X1Y3          RAMB36E1                                     r  dbf_reference_bd_i/axis_in_fifo_0/inst/gen_fifo.xpm_fifo_axis_inst/xpm_fifo_base_inst/gen_sdpram.xpm_memory_base_inst/gen_wr_a.gen_word_narrow.mem_reg/DIADI[27]
  -------------------------------------------------------------------    -------------------

                         (clock aclk rise edge)       0.000     0.000 r  
                                                      0.000     0.000 r  aclk (IN)
                         net (fo=5173, unset)         0.432     0.432    dbf_reference_bd_i/axis_in_fifo_0/inst/gen_fifo.xpm_fifo_axis_inst/xpm_fifo_base_inst/gen_sdpram.xpm_memory_base_inst/clka
    RAMB36_X1Y3          RAMB36E1                                     r  dbf_reference_bd_i/axis_in_fifo_0/inst/gen_fifo.xpm_fifo_axis_inst/xpm_fifo_base_inst/gen_sdpram.xpm_memory_base_inst/gen_wr_a.gen_word_narrow.mem_reg/CLKBWRCLK





