route_name,K_fbss,phase_offset_deg,sep_factor,theta_sep_deg,theta_a_deg,theta_b_deg,snr_db,raw_success_rate,tol_success_rate,tol_success_rate_rel,rmse_deg,snr90_db,snr90_rel_db,mean_bias_deg,max_bias_deg,lambda2_over_noise,degraded_sample_count
verify_joint_K28_phase00,28,0,1,5.450000,-2.725000,2.725000,-4,1.000000,1.000000,1.000000,0.050746,-4.000000,-4.000000,0.001757,0.050685,15.746036,0
verify_joint_K28_phase00,28,0,1,5.450000,-2.725000,2.725000,-2,1.000000,1.000000,1.000000,0.050294,-4.000000,-4.000000,0.000820,0.050105,24.505209,0
verify_joint_K28_phase00,28,0,1,5.450000,-2.725000,2.725000,0,1.000000,1.000000,1.000000,0.049909,-4.000000,-4.000000,0.000790,0.050090,38.171113,0
verify_joint_K28_phase00,28,0,1,5.450000,-2.725000,2.725000,2,1.000000,1.000000,1.000000,0.049377,-4.000000,-4.000000,0.000940,0.049903,60.077646,0
verify_joint_K28_phase00,28,0,1,5.450000,-2.725000,2.725000,4,1.000000,1.000000,1.000000,0.049497,-4.000000,-4.000000,0.000771,0.049996,94.702564,0
verify_joint_K28_phase00,28,0,1,5.450000,-2.725000,2.725000,6,1.000000,1.000000,1.000000,0.049470,-4.000000,-4.000000,0.001227,0.050504,149.313542,0
verify_joint_K28_phase00,28,0,1,5.450000,-2.725000,2.725000,8,1.000000,1.000000,1.000000,0.049400,-4.000000,-4.000000,0.001303,0.050589,236.409031,0
verify_joint_K28_phase00,28,0,1,5.450000,-2.725000,2.725000,10,1.000000,1.000000,1.000000,0.049261,-4.000000,-4.000000,0.001383,0.050569,373.136297,0
verify_joint_K28_phase00,28,0,1,5.450000,-2.725000,2.725000,12,1.000000,1.000000,1.000000,0.049219,-4.000000,-4.000000,0.001262,0.050428,590.897156,0
verify_joint_K28_phase00,28,0,1,5.450000,-2.725000,2.725000,14,1.000000,1.000000,1.000000,0.049192,-4.000000,-4.000000,0.001257,0.050407,932.862056,0
verify_joint_K28_phase00,28,0,1,5.450000,-2.725000,2.725000,16,1.000000,1.000000,1.000000,0.049290,-4.000000,-4.000000,0.001206,0.050464,1469.093834,0
verify_joint_K28_phase00,28,0,1,5.450000,-2.725000,2.725000,18,1.000000,1.000000,1.000000,0.049240,-4.000000,-4.000000,0.001203,0.050419,2295.536315,0
verify_joint_K28_phase00,28,0,1,5.450000,-2.725000,2.725000,20,1.000000,1.000000,1.000000,0.049248,-4.000000,-4.000000,0.001214,0.050441,3561.604235,0
verify_joint_K28_phase00,28,0,1,5.450000,-2.725000,2.725000,22,1.000000,1.000000,1.000000,0.049213,-4.000000,-4.000000,0.001219,0.050412,5435.538146,0
verify_joint_K28_phase00,28,0,1,5.450000,-2.725000,2.725000,24,1.000000,1.000000,1.000000,0.049236,-4.000000,-4.000000,0.001195,0.050413,8121.253117,0
verify_joint_K28_phase00,28,0,1,5.450000,-2.725000,2.725000,26,1.000000,1.000000,1.000000,0.049226,-4.000000,-4.000000,0.001247,0.050455,11728.161471,0
verify_joint_K28_phase00,28,0,1,5.450000,-2.725000,2.725000,28,1.000000,1.000000,1.000000,0.049223,-4.000000,-4.000000,0.001229,0.050435,16311.774470,0
verify_joint_K28_phase00,28,0,1,5.450000,-2.725000,2.725000,30,1.000000,1.000000,1.000000,0.049222,-4.000000,-4.000000,0.001191,0.050397,21627.879871,0
verify_joint_K28_phase00,28,0,2,2.725000,-1.362500,1.362500,-4,1.000000,0.200000,1.000000,0.151653,4.000000,-4.000000,-0.016801,0.084830,1.702293,0
verify_joint_K28_phase00,28,0,2,2.725000,-1.362500,1.362500,-2,1.000000,0.435000,1.000000,0.094931,4.000000,-4.000000,-0.011207,0.062214,2.182946,0
verify_joint_K28_phase00,28,0,2,2.725000,-1.362500,1.362500,0,1.000000,0.715000,1.000000,0.070308,4.000000,-4.000000,-0.012702,0.054551,2.936368,0
verify_joint_K28_phase00,28,0,2,2.725000,-1.362500,1.362500,2,1.000000,0.880000,1.000000,0.055544,4.000000,-4.000000,-0.010082,0.046526,4.155721,0
verify_joint_K28_phase00,28,0,2,2.725000,-1.362500,1.362500,4,1.000000,0.965000,1.000000,0.047042,4.000000,-4.000000,-0.009319,0.043642,6.046702,0
verify_joint_K28_phase00,28,0,2,2.725000,-1.362500,1.362500,6,1.000000,0.995000,1.000000,0.041572,4.000000,-4.000000,-0.012001,0.044291,9.102319,0
verify_joint_K28_phase00,28,0,2,2.725000,-1.362500,1.362500,8,1.000000,1.000000,1.000000,0.037611,4.000000,-4.000000,-0.010040,0.041460,13.887143,0
verify_joint_K28_phase00,28,0,2,2.725000,-1.362500,1.362500,10,1.000000,1.000000,1.000000,0.035941,4.000000,-4.000000,-0.011411,0.042687,21.517107,0
verify_joint_K28_phase00,28,0,2,2.725000,-1.362500,1.362500,12,1.000000,1.000000,1.000000,0.033658,4.000000,-4.000000,-0.010545,0.040902,33.539111,0
verify_joint_K28_phase00,28,0,2,2.725000,-1.362500,1.362500,14,1.000000,1.000000,1.000000,0.033002,4.000000,-4.000000,-0.010624,0.040945,52.584738,0
verify_joint_K28_phase00,28,0,2,2.725000,-1.362500,1.362500,16,1.000000,1.000000,1.000000,0.032950,4.000000,-4.000000,-0.011707,0.041907,82.758793,0
verify_joint_K28_phase00,28,0,2,2.725000,-1.362500,1.362500,18,1.000000,1.000000,1.000000,0.032278,4.000000,-4.000000,-0.010501,0.040620,130.880501,0
verify_joint_K28_phase00,28,0,2,2.725000,-1.362500,1.362500,20,1.000000,1.000000,1.000000,0.032175,4.000000,-4.000000,-0.011017,0.040985,207.140255,0
verify_joint_K28_phase00,28,0,2,2.725000,-1.362500,1.362500,22,1.000000,1.000000,1.000000,0.031989,4.000000,-4.000000,-0.010615,0.040635,325.949436,0
verify_joint_K28_phase00,28,0,2,2.725000,-1.362500,1.362500,24,1.000000,1.000000,1.000000,0.032141,4.000000,-4.000000,-0.011188,0.041220,512.976135,0
verify_joint_K28_phase00,28,0,2,2.725000,-1.362500,1.362500,26,1.000000,1.000000,1.000000,0.032124,4.000000,-4.000000,-0.011276,0.041285,801.526604,0
verify_joint_K28_phase00,28,0,2,2.725000,-1.362500,1.362500,28,1.000000,1.000000,1.000000,0.032024,4.000000,-4.000000,-0.011201,0.041160,1245.821263,0
verify_joint_K28_phase00,28,0,2,2.725000,-1.362500,1.362500,30,1.000000,1.000000,1.000000,0.031989,4.000000,-4.000000,-0.011104,0.041079,1908.946758,0
verify_joint_K28_phase00,28,0,3,1.816667,-0.908333,0.908333,-4,0.945000,0.000000,0.000000,17.067505,12.000000,2.000000,-0.756644,8.377185,1.090449,151
verify_joint_K28_phase00,28,0,3,1.816667,-0.908333,0.908333,-2,0.990000,0.000000,0.055000,9.883794,12.000000,2.000000,-1.206802,3.068994,1.147930,52
verify_joint_K28_phase00,28,0,3,1.816667,-0.908333,0.908333,0,1.000000,0.000000,0.450000,0.421816,12.000000,2.000000,-0.063003,0.332485,1.273861,0
verify_joint_K28_phase00,28,0,3,1.816667,-0.908333,0.908333,2,1.000000,0.005000,0.950000,0.234361,12.000000,2.000000,-0.003029,0.146149,1.475428,0
verify_joint_K28_phase00,28,0,3,1.816667,-0.908333,0.908333,4,1.000000,0.090000,1.000000,0.152391,12.000000,2.000000,-0.011674,0.096199,1.821570,0
verify_joint_K28_phase00,28,0,3,1.816667,-0.908333,0.908333,6,1.000000,0.375000,1.000000,0.101598,12.000000,2.000000,-0.010884,0.064749,2.358787,0
verify_joint_K28_phase00,28,0,3,1.816667,-0.908333,0.908333,8,1.000000,0.620000,1.000000,0.075036,12.000000,2.000000,-0.016223,0.057509,3.232692,0
verify_joint_K28_phase00,28,0,3,1.816667,-0.908333,0.908333,10,1.000000,0.895000,1.000000,0.052939,12.000000,2.000000,-0.014333,0.049083,4.595423,0
verify_joint_K28_phase00,28,0,3,1.816667,-0.908333,0.908333,12,1.000000,0.985000,1.000000,0.045148,12.000000,2.000000,-0.016740,0.046217,6.802734,0
verify_joint_K28_phase00,28,0,3,1.816667,-0.908333,0.908333,14,1.000000,1.000000,1.000000,0.038444,12.000000,2.000000,-0.015901,0.043344,10.229503,0
verify_joint_K28_phase00,28,0,3,1.816667,-0.908333,0.908333,16,1.000000,1.000000,1.000000,0.033775,12.000000,2.000000,-0.013158,0.039252,15.662417,0
verify_joint_K28_phase00,28,0,3,1.816667,-0.908333,0.908333,18,1.000000,1.000000,1.000000,0.031617,12.000000,2.000000,-0.014141,0.039306,24.350190,0
verify_joint_K28_phase00,28,0,3,1.816667,-0.908333,0.908333,20,1.000000,1.000000,1.000000,0.029776,12.000000,2.000000,-0.013955,0.038573,38.153700,0
verify_joint_K28_phase00,28,0,3,1.816667,-0.908333,0.908333,22,1.000000,1.000000,1.000000,0.029023,12.000000,2.000000,-0.013929,0.038139,59.733380,0
verify_joint_K28_phase00,28,0,3,1.816667,-0.908333,0.908333,24,1.000000,1.000000,1.000000,0.028337,12.000000,2.000000,-0.013507,0.037615,94.190849,0
verify_joint_K28_phase00,28,0,3,1.816667,-0.908333,0.908333,26,1.000000,1.000000,1.000000,0.028171,12.000000,2.000000,-0.014009,0.037914,148.568773,0
verify_joint_K28_phase00,28,0,3,1.816667,-0.908333,0.908333,28,1.000000,1.000000,1.000000,0.027730,12.000000,2.000000,-0.013601,0.037501,234.653117,0
verify_joint_K28_phase00,28,0,3,1.816667,-0.908333,0.908333,30,1.000000,1.000000,1.000000,0.027598,12.000000,2.000000,-0.013707,0.037501,369.657412,0
verify_joint_K28_phase00,28,0,5,1.090000,-0.545000,0.545000,-4,0.880000,0.000000,0.000000,25.044289,22.000000,14.000000,0.101226,14.558016,1.071995,200
verify_joint_K28_phase00,28,0,5,1.090000,-0.545000,0.545000,-2,0.865000,0.000000,0.000000,26.633601,22.000000,14.000000,0.649374,16.012088,1.072371,200
verify_joint_K28_phase00,28,0,5,1.090000,-0.545000,0.545000,0,0.885000,0.000000,0.000000,26.709298,22.000000,14.000000,0.268573,15.295994,1.071981,199
verify_joint_K28_phase00,28,0,5,1.090000,-0.545000,0.545000,2,0.870000,0.000000,0.000000,25.626582,22.000000,14.000000,-0.196996,14.130229,1.075041,194
verify_joint_K28_phase00,28,0,5,1.090000,-0.545000,0.545000,4,0.925000,0.000000,0.000000,23.263125,22.000000,14.000000,0.647726,12.416431,1.078890,187
verify_joint_K28_phase00,28,0,5,1.090000,-0.545000,0.545000,6,0.925000,0.000000,0.000000,15.610784,22.000000,14.000000,-1.074186,6.823635,1.106039,133
verify_joint_K28_phase00,28,0,5,1.090000,-0.545000,0.545000,8,1.000000,0.000000,0.000000,3.906761,22.000000,14.000000,-0.005482,0.259291,1.200124,14
verify_joint_K28_phase00,28,0,5,1.090000,-0.545000,0.545000,10,1.000000,0.000000,0.050000,0.369069,22.000000,14.000000,-0.012786,0.258130,1.349879,0
verify_joint_K28_phase00,28,0,5,1.090000,-0.545000,0.545000,12,1.000000,0.010000,0.355000,0.267191,22.000000,14.000000,-0.017035,0.195618,1.608790,0
verify_joint_K28_phase00,28,0,5,1.090000,-0.545000,0.545000,14,1.000000,0.075000,0.900000,0.155741,22.000000,14.000000,-0.018804,0.123524,2.040300,0
verify_joint_K28_phase00,28,0,5,1.090000,-0.545000,0.545000,16,1.000000,0.300000,1.000000,0.101772,22.000000,14.000000,-0.014861,0.084052,2.710935,0
verify_joint_K28_phase00,28,0,5,1.090000,-0.545000,0.545000,18,1.000000,0.685000,1.000000,0.071214,22.000000,14.000000,-0.020606,0.068947,3.777464,0
verify_joint_K28_phase00,28,0,5,1.090000,-0.545000,0.545000,20,1.000000,0.890000,1.000000,0.055659,22.000000,14.000000,-0.018077,0.055838,5.473054,0
verify_joint_K28_phase00,28,0,5,1.090000,-0.545000,0.545000,22,1.000000,0.980000,1.000000,0.042903,22.000000,14.000000,-0.013512,0.044479,8.138744,0
verify_joint_K28_phase00,28,0,5,1.090000,-0.545000,0.545000,24,1.000000,1.000000,1.000000,0.036267,22.000000,14.000000,-0.013808,0.041501,12.439041,0
verify_joint_K28_phase00,28,0,5,1.090000,-0.545000,0.545000,26,1.000000,1.000000,1.000000,0.033255,22.000000,14.000000,-0.016235,0.041380,19.126781,0
verify_joint_K28_phase00,28,0,5,1.090000,-0.545000,0.545000,28,1.000000,1.000000,1.000000,0.031341,22.000000,14.000000,-0.016922,0.040549,29.847767,0
verify_joint_K28_phase00,28,0,5,1.090000,-0.545000,0.545000,30,1.000000,1.000000,1.000000,0.028196,22.000000,14.000000,-0.013566,0.036694,46.651162,0
verify_joint_K28_phase00,28,0,7,0.778571,-0.389286,0.389286,-4,0.875000,0.000000,0.000000,28.171015,28.000000,24.000000,1.897714,18.453072,1.071114,200
verify_joint_K28_phase00,28,0,7,0.778571,-0.389286,0.389286,-2,0.870000,0.000000,0.000000,27.234797,28.000000,24.000000,3.418696,19.334563,1.072531,200
verify_joint_K28_phase00,28,0,7,0.778571,-0.389286,0.389286,0,0.890000,0.000000,0.000000,28.367721,28.000000,24.000000,-1.105232,17.991643,1.071840,200
verify_joint_K28_phase00,28,0,7,0.778571,-0.389286,0.389286,2,0.910000,0.000000,0.000000,27.477864,28.000000,24.000000,1.440517,17.841196,1.072312,200
verify_joint_K28_phase00,28,0,7,0.778571,-0.389286,0.389286,4,0.865000,0.000000,0.000000,25.967905,28.000000,24.000000,-2.225626,17.524193,1.070107,200
verify_joint_K28_phase00,28,0,7,0.778571,-0.389286,0.389286,6,0.900000,0.000000,0.000000,27.673030,28.000000,24.000000,-1.090224,17.440739,1.070581,200
verify_joint_K28_phase00,28,0,7,0.778571,-0.389286,0.389286,8,0.845000,0.000000,0.000000,24.186333,28.000000,24.000000,-0.488409,13.952764,1.073136,200
verify_joint_K28_phase00,28,0,7,0.778571,-0.389286,0.389286,10,0.930000,0.000000,0.000000,21.713839,28.000000,24.000000,0.491934,11.695567,1.081074,191
verify_joint_K28_phase00,28,0,7,0.778571,-0.389286,0.389286,12,0.960000,0.000000,0.000000,13.845440,28.000000,24.000000,-0.450906,5.740538,1.112362,139
verify_joint_K28_phase00,28,0,7,0.778571,-0.389286,0.389286,14,0.995000,0.000000,0.000000,1.964569,28.000000,24.000000,-0.137894,0.329172,1.195407,23
verify_joint_K28_phase00,28,0,7,0.778571,-0.389286,0.389286,16,1.000000,0.000000,0.000000,0.348317,28.000000,24.000000,-0.007322,0.141950,1.362343,4
verify_joint_K28_phase00,28,0,7,0.778571,-0.389286,0.389286,18,1.000000,0.000000,0.055000,0.253314,28.000000,24.000000,0.001480,0.185959,1.626226,0
verify_joint_K28_phase00,28,0,7,0.778571,-0.389286,0.389286,20,1.000000,0.015000,0.330000,0.197435,28.000000,24.000000,-0.011901,0.151870,2.058792,0
verify_joint_K28_phase00,28,0,7,0.778571,-0.389286,0.389286,22,1.000000,0.170000,0.820000,0.125646,28.000000,24.000000,-0.013079,0.104006,2.743580,0
verify_joint_K28_phase00,28,0,7,0.778571,-0.389286,0.389286,24,1.000000,0.505000,0.995000,0.082763,28.000000,24.000000,-0.012668,0.074242,3.841112,0
verify_joint_K28_phase00,28,0,7,0.778571,-0.389286,0.389286,26,1.000000,0.870000,1.000000,0.060341,28.000000,24.000000,-0.015781,0.061557,5.568586,0
verify_joint_K28_phase00,28,0,7,0.778571,-0.389286,0.389286,28,1.000000,0.990000,1.000000,0.048306,28.000000,24.000000,-0.016464,0.054252,8.318036,0
verify_joint_K28_phase00,28,0,7,0.778571,-0.389286,0.389286,30,1.000000,0.995000,1.000000,0.042075,28.000000,24.000000,-0.016157,0.048845,12.660534,0
verify_joint_K28_phase00,28,0,10,0.545000,-0.272500,0.272500,-4,0.880000,0.000000,0.000000,27.143015,NaN,NaN,-0.577119,16.852033,1.072766,200
verify_joint_K28_phase00,28,0,10,0.545000,-0.272500,0.272500,-2,0.885000,0.000000,0.000000,28.472678,NaN,NaN,-3.256823,20.411159,1.072574,200
verify_joint_K28_phase00,28,0,10,0.545000,-0.272500,0.272500,0,0.880000,0.000000,0.000000,27.235403,NaN,NaN,0.049278,16.380958,1.072213,200
verify_joint_K28_phase00,28,0,10,0.545000,-0.272500,0.272500,2,0.855000,0.000000,0.000000,31.266867,NaN,NaN,-1.329082,20.134480,1.069103,200
verify_joint_K28_phase00,28,0,10,0.545000,-0.272500,0.272500,4,0.905000,0.000000,0.000000,27.668524,NaN,NaN,1.228308,17.862408,1.072920,200
verify_joint_K28_phase00,28,0,10,0.545000,-0.272500,0.272500,6,0.860000,0.000000,0.000000,29.570641,NaN,NaN,-0.285781,17.713003,1.072111,200
verify_joint_K28_phase00,28,0,10,0.545000,-0.272500,0.272500,8,0.880000,0.000000,0.000000,26.513224,NaN,NaN,-0.031652,15.848119,1.074740,200
verify_joint_K28_phase00,28,0,10,0.545000,-0.272500,0.272500,10,0.835000,0.000000,0.000000,26.462177,NaN,NaN,-1.248112,16.466548,1.074776,200
verify_joint_K28_phase00,28,0,10,0.545000,-0.272500,0.272500,12,0.885000,0.000000,0.000000,28.351312,NaN,NaN,0.269373,16.591199,1.073014,200
verify_joint_K28_phase00,28,0,10,0.545000,-0.272500,0.272500,14,0.885000,0.000000,0.000000,26.087417,NaN,NaN,-0.129068,14.913268,1.074165,200
verify_joint_K28_phase00,28,0,10,0.545000,-0.272500,0.272500,16,0.890000,0.000000,0.000000,23.186122,NaN,NaN,-0.973343,12.963388,1.080089,192
verify_joint_K28_phase00,28,0,10,0.545000,-0.272500,0.272500,18,0.965000,0.000000,0.000000,16.234022,NaN,NaN,-0.371960,7.436726,1.103383,157
verify_joint_K28_phase00,28,0,10,0.545000,-0.272500,0.272500,20,1.000000,0.000000,0.000000,2.722166,NaN,NaN,-0.055760,0.541747,1.185384,42
verify_joint_K28_phase00,28,0,10,0.545000,-0.272500,0.272500,22,1.000000,0.000000,0.000000,0.341479,NaN,NaN,-0.014604,0.048536,1.336717,4
verify_joint_K28_phase00,28,0,10,0.545000,-0.272500,0.272500,24,1.000000,0.000000,0.000000,0.224641,NaN,NaN,-0.020990,0.143537,1.598875,0
verify_joint_K28_phase00,28,0,10,0.545000,-0.272500,0.272500,26,1.000000,0.005000,0.030000,0.189627,NaN,NaN,-0.011054,0.149109,2.005561,0
verify_joint_K28_phase00,28,0,10,0.545000,-0.272500,0.272500,28,1.000000,0.030000,0.115000,0.157982,NaN,NaN,-0.012758,0.137516,2.650455,0
verify_joint_K28_phase00,28,0,10,0.545000,-0.272500,0.272500,30,1.000000,0.170000,0.525000,0.120344,NaN,NaN,-0.012919,0.110476,3.685537,0
verify_joint_K28_phase05,28,5,1,5.450000,-2.725000,2.725000,-4,1.000000,1.000000,1.000000,0.050144,-4.000000,-4.000000,0.001909,0.050361,14.324216,0
verify_joint_K28_phase05,28,5,1,5.450000,-2.725000,2.725000,-2,1.000000,1.000000,1.000000,0.049725,-4.000000,-4.000000,0.000645,0.049435,22.238093,0
verify_joint_K28_phase05,28,5,1,5.450000,-2.725000,2.725000,0,1.000000,1.000000,1.000000,0.049313,-4.000000,-4.000000,0.000440,0.049208,34.595141,0
verify_joint_K28_phase05,28,5,1,5.450000,-2.725000,2.725000,2,1.000000,1.000000,1.000000,0.048783,-4.000000,-4.000000,0.000753,0.049164,54.397529,0
verify_joint_K28_phase05,28,5,1,5.450000,-2.725000,2.725000,4,1.000000,1.000000,1.000000,0.048895,-4.000000,-4.000000,0.000817,0.049469,85.685899,0
verify_joint_K28_phase05,28,5,1,5.450000,-2.725000,2.725000,6,1.000000,1.000000,1.000000,0.048928,-4.000000,-4.000000,0.001056,0.049814,135.059228,0
verify_joint_K28_phase05,28,5,1,5.450000,-2.725000,2.725000,8,1.000000,1.000000,1.000000,0.048852,-4.000000,-4.000000,0.001105,0.049858,213.710953,0
verify_joint_K28_phase05,28,5,1,5.450000,-2.725000,2.725000,10,1.000000,1.000000,1.000000,0.048669,-4.000000,-4.000000,0.001252,0.049848,337.190375,0
verify_joint_K28_phase05,28,5,1,5.450000,-2.725000,2.725000,12,1.000000,1.000000,1.000000,0.048648,-4.000000,-4.000000,0.001036,0.049640,533.484584,0
verify_joint_K28_phase05,28,5,1,5.450000,-2.725000,2.725000,14,1.000000,1.000000,1.000000,0.048629,-4.000000,-4.000000,0.001093,0.049686,840.381837,0
verify_joint_K28_phase05,28,5,1,5.450000,-2.725000,2.725000,16,1.000000,1.000000,1.000000,0.048718,-4.000000,-4.000000,0.000994,0.049687,1319.461306,0
verify_joint_K28_phase05,28,5,1,5.450000,-2.725000,2.725000,18,1.000000,1.000000,1.000000,0.048682,-4.000000,-4.000000,0.001017,0.049680,2048.630848,0
verify_joint_K28_phase05,28,5,1,5.450000,-2.725000,2.725000,20,1.000000,1.000000,1.000000,0.048687,-4.000000,-4.000000,0.001055,0.049725,3148.472447,0
verify_joint_K28_phase05,28,5,1,5.450000,-2.725000,2.725000,22,1.000000,1.000000,1.000000,0.048654,-4.000000,-4.000000,0.001065,0.049703,4733.945076,0
verify_joint_K28_phase05,28,5,1,5.450000,-2.725000,2.725000,24,1.000000,1.000000,1.000000,0.048671,-4.000000,-4.000000,0.001049,0.049707,6931.698069,0
verify_joint_K28_phase05,28,5,1,5.450000,-2.725000,2.725000,26,1.000000,1.000000,1.000000,0.048667,-4.000000,-4.000000,0.001083,0.049737,9763.664530,0
verify_joint_K28_phase05,28,5,1,5.450000,-2.725000,2.725000,28,1.000000,1.000000,1.000000,0.048657,-4.000000,-4.000000,0.001064,0.049708,13205.580794,0
verify_joint_K28_phase05,28,5,1,5.450000,-2.725000,2.725000,30,1.000000,1.000000,1.000000,0.048660,-4.000000,-4.000000,0.001037,0.049685,16925.019704,0
verify_joint_K28_phase05,28,5,2,2.725000,-1.362500,1.362500,-4,1.000000,0.085000,1.000000,0.161345,4.000000,-4.000000,0.005311,0.080119,1.627962,0
verify_joint_K28_phase05,28,5,2,2.725000,-1.362500,1.362500,-2,1.000000,0.390000,1.000000,0.100722,4.000000,-4.000000,0.012997,0.068060,2.066324,0
verify_joint_K28_phase05,28,5,2,2.725000,-1.362500,1.362500,0,1.000000,0.710000,1.000000,0.070805,4.000000,-4.000000,0.003560,0.047623,2.755259,0
verify_joint_K28_phase05,28,5,2,2.725000,-1.362500,1.362500,2,1.000000,0.865000,1.000000,0.056263,4.000000,-4.000000,0.005693,0.043711,3.859315,0
verify_joint_K28_phase05,28,5,2,2.725000,-1.362500,1.362500,4,1.000000,0.945000,1.000000,0.048529,4.000000,-4.000000,0.005805,0.041097,5.590528,0
verify_joint_K28_phase05,28,5,2,2.725000,-1.362500,1.362500,6,1.000000,1.000000,1.000000,0.038957,4.000000,-4.000000,0.004875,0.037691,8.366911,0
verify_joint_K28_phase05,28,5,2,2.725000,-1.362500,1.362500,8,1.000000,1.000000,1.000000,0.037117,4.000000,-4.000000,0.007053,0.038977,12.718273,0
verify_joint_K28_phase05,28,5,2,2.725000,-1.362500,1.362500,10,1.000000,1.000000,1.000000,0.034558,4.000000,-4.000000,0.004709,0.036431,19.660887,0
verify_joint_K28_phase05,28,5,2,2.725000,-1.362500,1.362500,12,1.000000,1.000000,1.000000,0.032358,4.000000,-4.000000,0.005102,0.035751,30.633611,0
verify_joint_K28_phase05,28,5,2,2.725000,-1.362500,1.362500,14,1.000000,1.000000,1.000000,0.031906,4.000000,-4.000000,0.005626,0.036232,47.943520,0
verify_joint_K28_phase05,28,5,2,2.725000,-1.362500,1.362500,16,1.000000,1.000000,1.000000,0.031479,4.000000,-4.000000,0.005372,0.035868,75.397308,0
verify_joint_K28_phase05,28,5,2,2.725000,-1.362500,1.362500,18,1.000000,1.000000,1.000000,0.031365,4.000000,-4.000000,0.005828,0.036325,119.051556,0
verify_joint_K28_phase05,28,5,2,2.725000,-1.362500,1.362500,20,1.000000,1.000000,1.000000,0.030999,4.000000,-4.000000,0.005435,0.035747,188.035401,0
verify_joint_K28_phase05,28,5,2,2.725000,-1.362500,1.362500,22,1.000000,1.000000,1.000000,0.031016,4.000000,-4.000000,0.005615,0.035954,295.306933,0
verify_joint_K28_phase05,28,5,2,2.725000,-1.362500,1.362500,24,1.000000,1.000000,1.000000,0.030932,4.000000,-4.000000,0.005469,0.035831,462.238727,0
verify_joint_K28_phase05,28,5,2,2.725000,-1.362500,1.362500,26,1.000000,1.000000,1.000000,0.030819,4.000000,-4.000000,0.005163,0.035477,717.722818,0
verify_joint_K28_phase05,28,5,2,2.725000,-1.362500,1.362500,28,1.000000,1.000000,1.000000,0.030781,4.000000,-4.000000,0.005267,0.035557,1102.333288,0
verify_joint_K28_phase05,28,5,2,2.725000,-1.362500,1.362500,30,1.000000,1.000000,1.000000,0.030793,4.000000,-4.000000,0.005389,0.035686,1662.556898,0
verify_joint_K28_phase05,28,5,3,1.816667,-0.908333,0.908333,-4,0.955000,0.000000,0.000000,16.490837,10.000000,2.000000,-0.711076,7.663187,1.093501,138
verify_joint_K28_phase05,28,5,3,1.816667,-0.908333,0.908333,-2,0.990000,0.000000,0.065000,6.870060,10.000000,2.000000,-0.551226,1.453498,1.155508,38
verify_joint_K28_phase05,28,5,3,1.816667,-0.908333,0.908333,0,1.000000,0.000000,0.510000,0.398056,10.000000,2.000000,-0.027664,0.274026,1.287147,0
verify_joint_K28_phase05,28,5,3,1.816667,-0.908333,0.908333,2,1.000000,0.010000,0.970000,0.226626,10.000000,2.000000,0.022649,0.154734,1.498743,0
verify_joint_K28_phase05,28,5,3,1.816667,-0.908333,0.908333,4,1.000000,0.125000,1.000000,0.145094,10.000000,2.000000,0.023085,0.104208,1.851470,0
verify_joint_K28_phase05,28,5,3,1.816667,-0.908333,0.908333,6,1.000000,0.435000,1.000000,0.095748,10.000000,2.000000,0.015567,0.068140,2.407289,0
verify_joint_K28_phase05,28,5,3,1.816667,-0.908333,0.908333,8,1.000000,0.665000,1.000000,0.071031,10.000000,2.000000,0.014944,0.055090,3.319383,0
verify_joint_K28_phase05,28,5,3,1.816667,-0.908333,0.908333,10,1.000000,0.915000,1.000000,0.053203,10.000000,2.000000,0.014562,0.048043,4.727908,0
verify_joint_K28_phase05,28,5,3,1.816667,-0.908333,0.908333,12,1.000000,0.985000,1.000000,0.042504,10.000000,2.000000,0.014657,0.043605,6.990729,0
verify_joint_K28_phase05,28,5,3,1.816667,-0.908333,0.908333,14,1.000000,1.000000,1.000000,0.036706,10.000000,2.000000,0.012687,0.039614,10.548742,0
verify_joint_K28_phase05,28,5,3,1.816667,-0.908333,0.908333,16,1.000000,1.000000,1.000000,0.033808,10.000000,2.000000,0.015247,0.040909,16.187240,0
verify_joint_K28_phase05,28,5,3,1.816667,-0.908333,0.908333,18,1.000000,1.000000,1.000000,0.032181,10.000000,2.000000,0.016258,0.041009,25.179650,0
verify_joint_K28_phase05,28,5,3,1.816667,-0.908333,0.908333,20,1.000000,1.000000,1.000000,0.030949,10.000000,2.000000,0.016152,0.040435,39.458073,0
verify_joint_K28_phase05,28,5,3,1.816667,-0.908333,0.908333,22,1.000000,1.000000,1.000000,0.028995,10.000000,2.000000,0.014626,0.038538,61.751493,0
verify_joint_K28_phase05,28,5,3,1.816667,-0.908333,0.908333,24,1.000000,1.000000,1.000000,0.028929,10.000000,2.000000,0.015160,0.038988,97.227364,0
verify_joint_K28_phase05,28,5,3,1.816667,-0.908333,0.908333,26,1.000000,1.000000,1.000000,0.028253,10.000000,2.000000,0.014702,0.038329,153.162521,0
verify_joint_K28_phase05,28,5,3,1.816667,-0.908333,0.908333,28,1.000000,1.000000,1.000000,0.028034,10.000000,2.000000,0.014704,0.038331,241.095414,0
verify_joint_K28_phase05,28,5,3,1.816667,-0.908333,0.908333,30,1.000000,1.000000,1.000000,0.028023,10.000000,2.000000,0.014934,0.038451,377.096105,0
verify_joint_K28_phase05,28,5,5,1.090000,-0.545000,0.545000,-4,0.880000,0.000000,0.000000,24.892631,20.000000,12.000000,0.135324,14.352791,1.072126,200
verify_joint_K28_phase05,28,5,5,1.090000,-0.545000,0.545000,-2,0.860000,0.000000,0.000000,26.407886,20.000000,12.000000,0.364221,15.521259,1.072337,200
verify_joint_K28_phase05,28,5,5,1.090000,-0.545000,0.545000,0,0.900000,0.000000,0.000000,26.518444,20.000000,12.000000,-0.187739,14.783069,1.072980,198
verify_joint_K28_phase05,28,5,5,1.090000,-0.545000,0.545000,2,0.900000,0.000000,0.000000,21.726736,20.000000,12.000000,-0.827076,11.507932,1.084766,181
verify_joint_K28_phase05,28,5,5,1.090000,-0.545000,0.545000,4,0.980000,0.000000,0.000000,14.678696,20.000000,12.000000,0.727156,5.953121,1.111965,123
verify_joint_K28_phase05,28,5,5,1.090000,-0.545000,0.545000,6,1.000000,0.000000,0.000000,3.696553,20.000000,12.000000,0.215650,0.606284,1.195681,23
verify_joint_K28_phase05,28,5,5,1.090000,-0.545000,0.545000,8,1.000000,0.000000,0.085000,0.361201,20.000000,12.000000,0.036512,0.276697,1.369711,0
verify_joint_K28_phase05,28,5,5,1.090000,-0.545000,0.545000,10,1.000000,0.005000,0.545000,0.232579,20.000000,12.000000,0.029274,0.167105,1.634569,0
verify_joint_K28_phase05,28,5,5,1.090000,-0.545000,0.545000,12,1.000000,0.100000,0.940000,0.147329,20.000000,12.000000,0.022957,0.107721,2.061863,0
verify_joint_K28_phase05,28,5,5,1.090000,-0.545000,0.545000,14,1.000000,0.355000,1.000000,0.097303,20.000000,12.000000,0.020505,0.073569,2.754532,0
verify_joint_K28_phase05,28,5,5,1.090000,-0.545000,0.545000,16,1.000000,0.710000,1.000000,0.073188,20.000000,12.000000,0.023730,0.060738,3.845532,0
verify_joint_K28_phase05,28,5,5,1.090000,-0.545000,0.545000,18,1.000000,0.855000,1.000000,0.058595,20.000000,12.000000,0.029703,0.057900,5.580495,0
verify_joint_K28_phase05,28,5,5,1.090000,-0.545000,0.545000,20,1.000000,0.980000,1.000000,0.044465,20.000000,12.000000,0.022261,0.045354,8.322586,0
verify_joint_K28_phase05,28,5,5,1.090000,-0.545000,0.545000,22,1.000000,0.995000,1.000000,0.039903,20.000000,12.000000,0.025644,0.046096,12.699728,0
verify_joint_K28_phase05,28,5,5,1.090000,-0.545000,0.545000,24,1.000000,1.000000,1.000000,0.035414,20.000000,12.000000,0.023210,0.041872,19.634207,0
verify_joint_K28_phase05,28,5,5,1.090000,-0.545000,0.545000,26,1.000000,1.000000,1.000000,0.031770,20.000000,12.000000,0.021940,0.039783,30.508368,0
verify_joint_K28_phase05,28,5,5,1.090000,-0.545000,0.545000,28,1.000000,1.000000,1.000000,0.029973,20.000000,12.000000,0.021391,0.038708,47.863381,0
verify_joint_K28_phase05,28,5,5,1.090000,-0.545000,0.545000,30,1.000000,1.000000,1.000000,0.030220,20.000000,12.000000,0.023279,0.040065,75.256426,0
verify_joint_K28_phase05,28,5,7,0.778571,-0.389286,0.389286,-4,0.875000,0.000000,0.000000,27.958124,22.000000,18.000000,1.605473,17.970941,1.071123,200
verify_joint_K28_phase05,28,5,7,0.778571,-0.389286,0.389286,-2,0.870000,0.000000,0.000000,27.505972,22.000000,18.000000,3.196725,19.273738,1.072323,199
verify_joint_K28_phase05,28,5,7,0.778571,-0.389286,0.389286,0,0.875000,0.000000,0.000000,27.677833,22.000000,18.000000,0.121085,16.446355,1.071556,200
verify_joint_K28_phase05,28,5,7,0.778571,-0.389286,0.389286,2,0.910000,0.000000,0.000000,26.283571,22.000000,18.000000,0.765997,16.097650,1.072639,198
verify_joint_K28_phase05,28,5,7,0.778571,-0.389286,0.389286,4,0.895000,0.000000,0.000000,23.608710,22.000000,18.000000,-1.743186,15.087712,1.071966,197
verify_joint_K28_phase05,28,5,7,0.778571,-0.389286,0.389286,6,0.930000,0.000000,0.000000,21.647797,22.000000,18.000000,-0.596819,11.530819,1.082304,179
verify_joint_K28_phase05,28,5,7,0.778571,-0.389286,0.389286,8,0.955000,0.000000,0.000000,11.784361,22.000000,18.000000,0.186217,4.671476,1.115857,133
verify_joint_K28_phase05,28,5,7,0.778571,-0.389286,0.389286,10,1.000000,0.000000,0.000000,3.537388,22.000000,18.000000,-0.269613,0.505781,1.215328,22
verify_joint_K28_phase05,28,5,7,0.778571,-0.389286,0.389286,12,1.000000,0.000000,0.005000,0.333811,22.000000,18.000000,0.018247,0.165244,1.393367,2
verify_joint_K28_phase05,28,5,7,0.778571,-0.389286,0.389286,14,1.000000,0.000000,0.130000,0.240058,22.000000,18.000000,0.005603,0.157116,1.674113,0
verify_joint_K28_phase05,28,5,7,0.778571,-0.389286,0.389286,16,1.000000,0.085000,0.605000,0.153492,22.000000,18.000000,0.030437,0.123540,2.135721,0
verify_joint_K28_phase05,28,5,7,0.778571,-0.389286,0.389286,18,1.000000,0.360000,0.960000,0.101575,22.000000,18.000000,0.024717,0.078954,2.867952,0
verify_joint_K28_phase05,28,5,7,0.778571,-0.389286,0.389286,20,1.000000,0.680000,0.995000,0.075162,22.000000,18.000000,0.017965,0.053895,3.999771,0
verify_joint_K28_phase05,28,5,7,0.778571,-0.389286,0.389286,22,1.000000,0.925000,1.000000,0.052185,22.000000,18.000000,0.020913,0.047445,5.864411,0
verify_joint_K28_phase05,28,5,7,0.778571,-0.389286,0.389286,24,1.000000,0.950000,1.000000,0.046834,22.000000,18.000000,0.022261,0.042287,8.770400,0
verify_joint_K28_phase05,28,5,7,0.778571,-0.389286,0.389286,26,1.000000,0.990000,1.000000,0.041097,22.000000,18.000000,0.025919,0.042423,13.382619,0
verify_joint_K28_phase05,28,5,7,0.778571,-0.389286,0.389286,28,1.000000,1.000000,1.000000,0.033850,22.000000,18.000000,0.023037,0.038029,20.741416,0
verify_joint_K28_phase05,28,5,7,0.778571,-0.389286,0.389286,30,1.000000,1.000000,1.000000,0.030584,22.000000,18.000000,0.023315,0.037025,32.222298,0
verify_joint_K28_phase05,28,5,10,0.545000,-0.272500,0.272500,-4,0.875000,0.000000,0.000000,27.075345,26.000000,24.000000,-0.718774,16.951754,1.072698,200
verify_joint_K28_phase05,28,5,10,0.545000,-0.272500,0.272500,-2,0.880000,0.000000,0.000000,28.609053,26.000000,24.000000,-3.714694,21.008633,1.072375,200
verify_joint_K28_phase05,28,5,10,0.545000,-0.272500,0.272500,0,0.880000,0.000000,0.000000,26.681444,26.000000,24.000000,-0.015571,15.811832,1.072354,200
verify_joint_K28_phase05,28,5,10,0.545000,-0.272500,0.272500,2,0.860000,0.000000,0.000000,30.983037,26.000000,24.000000,-1.307403,19.796102,1.068769,200
verify_joint_K28_phase05,28,5,10,0.545000,-0.272500,0.272500,4,0.900000,0.000000,0.000000,26.887757,26.000000,24.000000,0.639610,16.526327,1.072424,200
verify_joint_K28_phase05,28,5,10,0.545000,-0.272500,0.272500,6,0.855000,0.000000,0.000000,28.558721,26.000000,24.000000,0.088734,16.547530,1.072635,200
verify_joint_K28_phase05,28,5,10,0.545000,-0.272500,0.272500,8,0.890000,0.000000,0.000000,23.349574,26.000000,24.000000,-0.938383,13.750991,1.078510,196
verify_joint_K28_phase05,28,5,10,0.545000,-0.272500,0.272500,10,0.910000,0.000000,0.000000,18.151827,26.000000,24.000000,-1.203461,9.775395,1.090867,174
verify_joint_K28_phase05,28,5,10,0.545000,-0.272500,0.272500,12,0.980000,0.000000,0.000000,11.353037,26.000000,24.000000,-0.437283,3.628777,1.139694,96
verify_joint_K28_phase05,28,5,10,0.545000,-0.272500,0.272500,14,1.000000,0.000000,0.000000,0.712197,26.000000,24.000000,-0.015391,0.049144,1.256193,15
verify_joint_K28_phase05,28,5,10,0.545000,-0.272500,0.272500,16,1.000000,0.000000,0.000000,0.259872,26.000000,24.000000,0.008356,0.078720,1.459933,1
verify_joint_K28_phase05,28,5,10,0.545000,-0.272500,0.272500,18,1.000000,0.005000,0.015000,0.204138,26.000000,24.000000,0.017049,0.117479,1.783797,0
verify_joint_K28_phase05,28,5,10,0.545000,-0.272500,0.272500,20,1.000000,0.055000,0.190000,0.151575,26.000000,24.000000,0.023901,0.104224,2.316524,0
verify_joint_K28_phase05,28,5,10,0.545000,-0.272500,0.272500,22,1.000000,0.290000,0.620000,0.109079,26.000000,24.000000,0.021078,0.077164,3.136547,0
verify_joint_K28_phase05,28,5,10,0.545000,-0.272500,0.272500,24,1.000000,0.710000,0.910000,0.074677,26.000000,24.000000,0.021510,0.054758,4.464610,0
verify_joint_K28_phase05,28,5,10,0.545000,-0.272500,0.272500,26,1.000000,0.935000,0.995000,0.052754,26.000000,24.000000,0.019409,0.043325,6.570738,0
verify_joint_K28_phase05,28,5,10,0.545000,-0.272500,0.272500,28,1.000000,1.000000,1.000000,0.042799,26.000000,24.000000,0.021154,0.039227,9.887346,0
verify_joint_K28_phase05,28,5,10,0.545000,-0.272500,0.272500,30,1.000000,1.000000,1.000000,0.035084,26.000000,24.000000,0.019064,0.033336,15.142758,0
verify_joint_K28_phase15,28,15,1,5.450000,-2.725000,2.725000,-4,1.000000,1.000000,1.000000,0.054776,-4.000000,-4.000000,0.001860,0.055126,16.152246,0
verify_joint_K28_phase15,28,15,1,5.450000,-2.725000,2.725000,-2,1.000000,1.000000,1.000000,0.054490,-4.000000,-4.000000,0.000409,0.053942,25.126836,0
verify_joint_K28_phase15,28,15,1,5.450000,-2.725000,2.725000,0,1.000000,1.000000,1.000000,0.054061,-4.000000,-4.000000,0.000000,0.053510,39.156559,0
verify_joint_K28_phase15,28,15,1,5.450000,-2.725000,2.725000,2,1.000000,1.000000,1.000000,0.053556,-4.000000,-4.000000,0.000478,0.053676,61.613395,0
verify_joint_K28_phase15,28,15,1,5.450000,-2.725000,2.725000,4,1.000000,1.000000,1.000000,0.053570,-4.000000,-4.000000,0.000963,0.054278,97.037711,0
verify_joint_K28_phase15,28,15,1,5.450000,-2.725000,2.725000,6,1.000000,1.000000,1.000000,0.053704,-4.000000,-4.000000,0.000752,0.054289,152.881493,0
verify_joint_K28_phase15,28,15,1,5.450000,-2.725000,2.725000,8,1.000000,1.000000,1.000000,0.053610,-4.000000,-4.000000,0.000739,0.054253,241.216178,0
verify_joint_K28_phase15,28,15,1,5.450000,-2.725000,2.725000,10,1.000000,1.000000,1.000000,0.053329,-4.000000,-4.000000,0.000924,0.054179,378.670039,0
verify_joint_K28_phase15,28,15,1,5.450000,-2.725000,2.725000,12,1.000000,1.000000,1.000000,0.053356,-4.000000,-4.000000,0.000598,0.053915,592.421868,0
verify_joint_K28_phase15,28,15,1,5.450000,-2.725000,2.725000,14,1.000000,1.000000,1.000000,0.053349,-4.000000,-4.000000,0.000757,0.054076,916.368612,0
verify_joint_K28_phase15,28,15,1,5.450000,-2.725000,2.725000,16,1.000000,1.000000,1.000000,0.053399,-4.000000,-4.000000,0.000611,0.053994,1401.849966,0
verify_joint_K28_phase15,28,15,1,5.450000,-2.725000,2.725000,18,1.000000,1.000000,1.000000,0.053396,-4.000000,-4.000000,0.000670,0.054051,2092.373111,0
verify_joint_K28_phase15,28,15,1,5.450000,-2.725000,2.725000,20,1.000000,1.000000,1.000000,0.053396,-4.000000,-4.000000,0.000754,0.054139,3041.303786,0
verify_joint_K28_phase15,28,15,1,5.450000,-2.725000,2.725000,22,1.000000,1.000000,1.000000,0.053374,-4.000000,-4.000000,0.000767,0.054132,4241.961112,0
verify_joint_K28_phase15,28,15,1,5.450000,-2.725000,2.725000,24,1.000000,1.000000,1.000000,0.053372,-4.000000,-4.000000,0.000769,0.054133,5660.432238,0
verify_joint_K28_phase15,28,15,1,5.450000,-2.725000,2.725000,26,1.000000,1.000000,1.000000,0.053379,-4.000000,-4.000000,0.000759,0.054131,7143.265323,0
verify_joint_K28_phase15,28,15,1,5.450000,-2.725000,2.725000,28,1.000000,1.000000,1.000000,0.053358,-4.000000,-4.000000,0.000742,0.054095,8595.107099,0
verify_joint_K28_phase15,28,15,1,5.450000,-2.725000,2.725000,30,1.000000,1.000000,1.000000,0.053368,-4.000000,-4.000000,0.000745,0.054107,9833.450636,0
verify_joint_K28_phase15,28,15,2,2.725000,-1.362500,1.362500,-4,1.000000,0.470000,1.000000,0.093514,2.000000,-4.000000,0.022471,0.068086,2.577552,0
verify_joint_K28_phase15,28,15,2,2.725000,-1.362500,1.362500,-2,1.000000,0.605000,1.000000,0.074877,2.000000,-4.000000,0.027447,0.069229,3.584530,0
verify_joint_K28_phase15,28,15,2,2.725000,-1.362500,1.362500,0,1.000000,0.825000,1.000000,0.058800,2.000000,-4.000000,0.016787,0.055691,5.171979,0
verify_joint_K28_phase15,28,15,2,2.725000,-1.362500,1.362500,2,1.000000,0.945000,1.000000,0.050500,2.000000,-4.000000,0.016852,0.054560,7.680803,0
verify_joint_K28_phase15,28,15,2,2.725000,-1.362500,1.362500,4,1.000000,0.970000,1.000000,0.047437,2.000000,-4.000000,0.016469,0.053283,11.659904,0
verify_joint_K28_phase15,28,15,2,2.725000,-1.362500,1.362500,6,1.000000,0.995000,1.000000,0.044005,2.000000,-4.000000,0.017610,0.053202,17.990865,0
verify_joint_K28_phase15,28,15,2,2.725000,-1.362500,1.362500,8,1.000000,1.000000,1.000000,0.042838,2.000000,-4.000000,0.018539,0.054016,27.932834,0
verify_joint_K28_phase15,28,15,2,2.725000,-1.362500,1.362500,10,1.000000,1.000000,1.000000,0.041310,2.000000,-4.000000,0.017093,0.052862,43.796316,0
verify_joint_K28_phase15,28,15,2,2.725000,-1.362500,1.362500,12,1.000000,1.000000,1.000000,0.039855,2.000000,-4.000000,0.016465,0.051452,68.893634,0
verify_joint_K28_phase15,28,15,2,2.725000,-1.362500,1.362500,14,1.000000,1.000000,1.000000,0.039793,2.000000,-4.000000,0.017338,0.052485,108.370876,0
verify_joint_K28_phase15,28,15,2,2.725000,-1.362500,1.362500,16,1.000000,1.000000,1.000000,0.039895,2.000000,-4.000000,0.018009,0.053127,170.886780,0
verify_joint_K28_phase15,28,15,2,2.725000,-1.362500,1.362500,18,1.000000,1.000000,1.000000,0.039666,2.000000,-4.000000,0.017493,0.052800,269.633823,0
verify_joint_K28_phase15,28,15,2,2.725000,-1.362500,1.362500,20,1.000000,1.000000,1.000000,0.039396,2.000000,-4.000000,0.017427,0.052574,423.970769,0
verify_joint_K28_phase15,28,15,2,2.725000,-1.362500,1.362500,22,1.000000,1.000000,1.000000,0.039317,2.000000,-4.000000,0.017305,0.052464,660.915167,0
verify_joint_K28_phase15,28,15,2,2.725000,-1.362500,1.362500,24,1.000000,1.000000,1.000000,0.039451,2.000000,-4.000000,0.017665,0.052858,1021.716292,0
verify_joint_K28_phase15,28,15,2,2.725000,-1.362500,1.362500,26,1.000000,1.000000,1.000000,0.039243,2.000000,-4.000000,0.017351,0.052492,1556.795356,0
verify_joint_K28_phase15,28,15,2,2.725000,-1.362500,1.362500,28,1.000000,1.000000,1.000000,0.039258,2.000000,-4.000000,0.017404,0.052567,2324.161154,0
verify_joint_K28_phase15,28,15,2,2.725000,-1.362500,1.362500,30,1.000000,1.000000,1.000000,0.039278,2.000000,-4.000000,0.017473,0.052634,3370.120420,0
verify_joint_K28_phase15,28,15,3,1.816667,-0.908333,0.908333,-4,1.000000,0.055000,0.955000,0.221876,6.000000,-4.000000,-0.002829,0.108461,1.508178,0
verify_joint_K28_phase15,28,15,3,1.816667,-0.908333,0.908333,-2,1.000000,0.190000,0.995000,0.153008,6.000000,-4.000000,0.024366,0.088193,1.869621,0
verify_joint_K28_phase15,28,15,3,1.816667,-0.908333,0.908333,0,1.000000,0.395000,1.000000,0.109228,6.000000,-4.000000,0.009238,0.051949,2.443584,0
verify_joint_K28_phase15,28,15,3,1.816667,-0.908333,0.908333,2,1.000000,0.605000,1.000000,0.081931,6.000000,-4.000000,0.015781,0.051311,3.348343,0
verify_joint_K28_phase15,28,15,3,1.816667,-0.908333,0.908333,4,1.000000,0.855000,1.000000,0.059042,6.000000,-4.000000,0.022090,0.052944,4.773412,0
verify_joint_K28_phase15,28,15,3,1.816667,-0.908333,0.908333,6,1.000000,0.930000,1.000000,0.050830,6.000000,-4.000000,0.015945,0.044181,7.047094,0
verify_joint_K28_phase15,28,15,3,1.816667,-0.908333,0.908333,8,1.000000,0.965000,1.000000,0.044407,6.000000,-4.000000,0.018391,0.045217,10.703748,0
verify_joint_K28_phase15,28,15,3,1.816667,-0.908333,0.908333,10,1.000000,1.000000,1.000000,0.039151,6.000000,-4.000000,0.017377,0.044025,16.408134,0
verify_joint_K28_phase15,28,15,3,1.816667,-0.908333,0.908333,12,1.000000,1.000000,1.000000,0.036353,6.000000,-4.000000,0.018415,0.044118,25.510427,0
verify_joint_K28_phase15,28,15,3,1.816667,-0.908333,0.908333,14,1.000000,1.000000,1.000000,0.033539,6.000000,-4.000000,0.016559,0.042070,39.875901,0
verify_joint_K28_phase15,28,15,3,1.816667,-0.908333,0.908333,16,1.000000,1.000000,1.000000,0.032664,6.000000,-4.000000,0.017215,0.042560,62.641093,0
verify_joint_K28_phase15,28,15,3,1.816667,-0.908333,0.908333,18,1.000000,1.000000,1.000000,0.032498,6.000000,-4.000000,0.018430,0.043567,98.861124,0
verify_joint_K28_phase15,28,15,3,1.816667,-0.908333,0.908333,20,1.000000,1.000000,1.000000,0.031939,6.000000,-4.000000,0.018294,0.043425,156.381598,0
verify_joint_K28_phase15,28,15,3,1.816667,-0.908333,0.908333,22,1.000000,1.000000,1.000000,0.030803,6.000000,-4.000000,0.017127,0.042099,246.082614,0
verify_joint_K28_phase15,28,15,3,1.816667,-0.908333,0.908333,24,1.000000,1.000000,1.000000,0.030908,6.000000,-4.000000,0.017410,0.042531,388.579182,0
verify_joint_K28_phase15,28,15,3,1.816667,-0.908333,0.908333,26,1.000000,1.000000,1.000000,0.030607,6.000000,-4.000000,0.017238,0.042233,611.811899,0
verify_joint_K28_phase15,28,15,3,1.816667,-0.908333,0.908333,28,1.000000,1.000000,1.000000,0.030483,6.000000,-4.000000,0.017114,0.042195,960.354738,0
verify_joint_K28_phase15,28,15,3,1.816667,-0.908333,0.908333,30,1.000000,1.000000,1.000000,0.030485,6.000000,-4.000000,0.017289,0.042303,1492.617163,0
verify_joint_K28_phase15,28,15,5,1.090000,-0.545000,0.545000,-4,0.985000,0.000000,0.000000,12.483947,12.000000,4.000000,-0.440265,4.273727,1.123366,102
verify_joint_K28_phase15,28,15,5,1.090000,-0.545000,0.545000,-2,1.000000,0.000000,0.010000,1.832462,12.000000,4.000000,-0.154488,0.229522,1.224149,11
verify_joint_K28_phase15,28,15,5,1.090000,-0.545000,0.545000,0,1.000000,0.005000,0.180000,0.316922,12.000000,4.000000,0.022061,0.191022,1.415914,0
verify_joint_K28_phase15,28,15,5,1.090000,-0.545000,0.545000,2,1.000000,0.040000,0.750000,0.194503,12.000000,4.000000,0.007814,0.107446,1.731207,0
verify_joint_K28_phase15,28,15,5,1.090000,-0.545000,0.545000,4,1.000000,0.180000,0.965000,0.132826,12.000000,4.000000,0.020412,0.077083,2.205838,0
verify_joint_K28_phase15,28,15,5,1.090000,-0.545000,0.545000,6,1.000000,0.530000,1.000000,0.093190,12.000000,4.000000,0.012064,0.048250,2.969697,0
verify_joint_K28_phase15,28,15,5,1.090000,-0.545000,0.545000,8,1.000000,0.760000,1.000000,0.065878,12.000000,4.000000,0.013433,0.042142,4.199438,0
verify_joint_K28_phase15,28,15,5,1.090000,-0.545000,0.545000,10,1.000000,0.890000,1.000000,0.056143,12.000000,4.000000,0.014452,0.037389,6.140051,0
verify_joint_K28_phase15,28,15,5,1.090000,-0.545000,0.545000,12,1.000000,0.960000,1.000000,0.045625,12.000000,4.000000,0.012285,0.032000,9.199318,0
verify_joint_K28_phase15,28,15,5,1.090000,-0.545000,0.545000,14,1.000000,1.000000,1.000000,0.035512,12.000000,4.000000,0.011915,0.030190,14.067210,0
verify_joint_K28_phase15,28,15,5,1.090000,-0.545000,0.545000,16,1.000000,1.000000,1.000000,0.031189,12.000000,4.000000,0.012742,0.030040,21.792354,0
verify_joint_K28_phase15,28,15,5,1.090000,-0.545000,0.545000,18,1.000000,1.000000,1.000000,0.028752,12.000000,4.000000,0.016089,0.032660,34.031200,0
verify_joint_K28_phase15,28,15,5,1.090000,-0.545000,0.545000,20,1.000000,1.000000,1.000000,0.024023,12.000000,4.000000,0.012455,0.028600,53.411350,0
verify_joint_K28_phase15,28,15,5,1.090000,-0.545000,0.545000,22,1.000000,1.000000,1.000000,0.023103,12.000000,4.000000,0.013094,0.028904,84.126558,0
verify_joint_K28_phase15,28,15,5,1.090000,-0.545000,0.545000,24,1.000000,1.000000,1.000000,0.021631,12.000000,4.000000,0.012095,0.027759,133.089066,0
verify_joint_K28_phase15,28,15,5,1.090000,-0.545000,0.545000,26,1.000000,1.000000,1.000000,0.020671,12.000000,4.000000,0.011980,0.027595,209.741509,0
verify_joint_K28_phase15,28,15,5,1.090000,-0.545000,0.545000,28,1.000000,1.000000,1.000000,0.020401,12.000000,4.000000,0.011915,0.027536,332.030792,0
verify_joint_K28_phase15,28,15,5,1.090000,-0.545000,0.545000,30,1.000000,1.000000,1.000000,0.020205,12.000000,4.000000,0.012116,0.027662,524.780663,0
verify_joint_K28_phase15,28,15,7,0.778571,-0.389286,0.389286,-4,0.930000,0.000000,0.000000,20.699210,14.000000,10.000000,0.740164,11.187678,1.080895,185
verify_joint_K28_phase15,28,15,7,0.778571,-0.389286,0.389286,-2,0.940000,0.000000,0.000000,17.373784,14.000000,10.000000,0.696849,7.748085,1.104496,152
verify_joint_K28_phase15,28,15,7,0.778571,-0.389286,0.389286,0,1.000000,0.000000,0.000000,7.357947,14.000000,10.000000,-0.343665,1.875284,1.171264,49
verify_joint_K28_phase15,28,15,7,0.778571,-0.389286,0.389286,2,1.000000,0.000000,0.000000,0.537571,14.000000,10.000000,0.029533,0.138219,1.316660,5
verify_joint_K28_phase15,28,15,7,0.778571,-0.389286,0.389286,4,1.000000,0.005000,0.065000,0.251027,14.000000,10.000000,0.010746,0.140550,1.561675,0
verify_joint_K28_phase15,28,15,7,0.778571,-0.389286,0.389286,6,1.000000,0.065000,0.520000,0.177602,14.000000,10.000000,0.017283,0.108679,1.963116,0
verify_joint_K28_phase15,28,15,7,0.778571,-0.389286,0.389286,8,1.000000,0.270000,0.880000,0.119109,14.000000,10.000000,0.006085,0.055053,2.576317,0
verify_joint_K28_phase15,28,15,7,0.778571,-0.389286,0.389286,10,1.000000,0.635000,0.990000,0.080092,14.000000,10.000000,0.005147,0.039323,3.575827,0
verify_joint_K28_phase15,28,15,7,0.778571,-0.389286,0.389286,12,1.000000,0.855000,1.000000,0.060287,14.000000,10.000000,0.007287,0.032273,5.154834,0
verify_joint_K28_phase15,28,15,7,0.778571,-0.389286,0.389286,14,1.000000,0.960000,1.000000,0.044358,14.000000,10.000000,0.004369,0.024162,7.643723,0
verify_joint_K28_phase15,28,15,7,0.778571,-0.389286,0.389286,16,1.000000,1.000000,1.000000,0.033747,14.000000,10.000000,0.010736,0.026232,11.613041,0
verify_joint_K28_phase15,28,15,7,0.778571,-0.389286,0.389286,18,1.000000,1.000000,1.000000,0.029984,14.000000,10.000000,0.008737,0.022824,17.906620,0
verify_joint_K28_phase15,28,15,7,0.778571,-0.389286,0.389286,20,1.000000,1.000000,1.000000,0.026111,14.000000,10.000000,0.007451,0.020660,27.689397,0
verify_joint_K28_phase15,28,15,7,0.778571,-0.389286,0.389286,22,1.000000,1.000000,1.000000,0.020698,14.000000,10.000000,0.008398,0.020862,43.563903,0
verify_joint_K28_phase15,28,15,7,0.778571,-0.389286,0.389286,24,1.000000,1.000000,1.000000,0.019554,14.000000,10.000000,0.008926,0.020913,68.426090,0
verify_joint_K28_phase15,28,15,7,0.778571,-0.389286,0.389286,26,1.000000,1.000000,1.000000,0.018439,14.000000,10.000000,0.010310,0.021799,107.952288,0
verify_joint_K28_phase15,28,15,7,0.778571,-0.389286,0.389286,28,1.000000,1.000000,1.000000,0.016570,14.000000,10.000000,0.009460,0.020978,170.866700,0
verify_joint_K28_phase15,28,15,7,0.778571,-0.389286,0.389286,30,1.000000,1.000000,1.000000,0.015759,14.000000,10.000000,0.009455,0.020771,269.482585,0
verify_joint_K28_phase15,28,15,10,0.545000,-0.272500,0.272500,-4,0.905000,0.000000,0.000000,26.284770,16.000000,14.000000,-0.949669,16.514930,1.072817,199
verify_joint_K28_phase15,28,15,10,0.545000,-0.272500,0.272500,-2,0.890000,0.000000,0.000000,26.556706,16.000000,14.000000,-4.310708,19.659398,1.071711,200
verify_joint_K28_phase15,28,15,10,0.545000,-0.272500,0.272500,0,0.940000,0.000000,0.000000,19.926359,16.000000,14.000000,-0.108301,9.669446,1.088961,178
verify_joint_K28_phase15,28,15,10,0.545000,-0.272500,0.272500,2,0.985000,0.000000,0.000000,9.938315,16.000000,14.000000,-0.489557,3.608156,1.125638,104
verify_joint_K28_phase15,28,15,10,0.545000,-0.272500,0.272500,4,1.000000,0.000000,0.000000,0.999032,16.000000,14.000000,-0.005786,0.108856,1.239454,15
verify_joint_K28_phase15,28,15,10,0.545000,-0.272500,0.272500,6,1.000000,0.000000,0.000000,0.262178,16.000000,14.000000,0.012124,0.092535,1.426278,0
verify_joint_K28_phase15,28,15,10,0.545000,-0.272500,0.272500,8,1.000000,0.020000,0.060000,0.214666,16.000000,14.000000,0.028124,0.129639,1.736684,0
verify_joint_K28_phase15,28,15,10,0.545000,-0.272500,0.272500,10,1.000000,0.095000,0.265000,0.153445,16.000000,14.000000,-0.009184,0.093845,2.232006,0
verify_joint_K28_phase15,28,15,10,0.545000,-0.272500,0.272500,12,1.000000,0.385000,0.660000,0.104893,16.000000,14.000000,0.006368,0.059549,2.998077,0
verify_joint_K28_phase15,28,15,10,0.545000,-0.272500,0.272500,14,1.000000,0.725000,0.920000,0.073878,16.000000,14.000000,0.008810,0.040302,4.246427,0
verify_joint_K28_phase15,28,15,10,0.545000,-0.272500,0.272500,16,1.000000,0.930000,0.995000,0.052103,16.000000,14.000000,0.001991,0.025268,6.217346,0
verify_joint_K28_phase15,28,15,10,0.545000,-0.272500,0.272500,18,1.000000,0.985000,1.000000,0.042780,16.000000,14.000000,0.005377,0.022324,9.328150,0
verify_joint_K28_phase15,28,15,10,0.545000,-0.272500,0.272500,20,1.000000,1.000000,1.000000,0.034444,16.000000,14.000000,0.008649,0.021741,14.281395,0
verify_joint_K28_phase15,28,15,10,0.545000,-0.272500,0.272500,22,1.000000,1.000000,1.000000,0.026733,16.000000,14.000000,0.007300,0.019010,22.069894,0
verify_joint_K28_phase15,28,15,10,0.545000,-0.272500,0.272500,24,1.000000,1.000000,1.000000,0.022531,16.000000,14.000000,0.007723,0.017787,34.493061,0
verify_joint_K28_phase15,28,15,10,0.545000,-0.272500,0.272500,26,1.000000,1.000000,1.000000,0.018198,16.000000,14.000000,0.006578,0.015905,54.234298,0
verify_joint_K28_phase15,28,15,10,0.545000,-0.272500,0.272500,28,1.000000,1.000000,1.000000,0.015650,16.000000,14.000000,0.007283,0.016294,85.350728,0
verify_joint_K28_phase15,28,15,10,0.545000,-0.272500,0.272500,30,1.000000,1.000000,1.000000,0.014011,16.000000,14.000000,0.006688,0.015461,134.781533,0
verify_joint_K28_phase30,28,30,1,5.450000,-2.725000,2.725000,-4,1.000000,1.000000,1.000000,0.062930,-4.000000,-4.000000,0.001235,0.063039,30.072647,0
verify_joint_K28_phase30,28,30,1,5.450000,-2.725000,2.725000,-2,1.000000,1.000000,1.000000,0.062806,-4.000000,-4.000000,0.000314,0.062332,47.219801,0
verify_joint_K28_phase30,28,30,1,5.450000,-2.725000,2.725000,0,1.000000,1.000000,1.000000,0.062539,-4.000000,-4.000000,0.000022,0.062112,74.020396,0
verify_joint_K28_phase30,28,30,1,5.450000,-2.725000,2.725000,2,1.000000,1.000000,1.000000,0.062163,-4.000000,-4.000000,0.000357,0.062232,116.864521,0
verify_joint_K28_phase30,28,30,1,5.450000,-2.725000,2.725000,4,1.000000,1.000000,1.000000,0.062049,-4.000000,-4.000000,0.000914,0.062748,184.271244,0
verify_joint_K28_phase30,28,30,1,5.450000,-2.725000,2.725000,6,1.000000,1.000000,1.000000,0.062254,-4.000000,-4.000000,0.000547,0.062668,290.104518,0
verify_joint_K28_phase30,28,30,1,5.450000,-2.725000,2.725000,8,1.000000,1.000000,1.000000,0.062184,-4.000000,-4.000000,0.000507,0.062612,455.780818,0
verify_joint_K28_phase30,28,30,1,5.450000,-2.725000,2.725000,10,1.000000,1.000000,1.000000,0.061880,-4.000000,-4.000000,0.000591,0.062418,709.846202,0
verify_joint_K28_phase30,28,30,1,5.450000,-2.725000,2.725000,12,1.000000,1.000000,1.000000,0.061940,-4.000000,-4.000000,0.000328,0.062236,1097.417402,0
verify_joint_K28_phase30,28,30,1,5.450000,-2.725000,2.725000,14,1.000000,1.000000,1.000000,0.061937,-4.000000,-4.000000,0.000487,0.062404,1668.169866,0
verify_joint_K28_phase30,28,30,1,5.450000,-2.725000,2.725000,16,1.000000,1.000000,1.000000,0.061961,-4.000000,-4.000000,0.000385,0.062335,2489.697055,0
verify_joint_K28_phase30,28,30,1,5.450000,-2.725000,2.725000,18,1.000000,1.000000,1.000000,0.061967,-4.000000,-4.000000,0.000437,0.062394,3591.311388,0
verify_joint_K28_phase30,28,30,1,5.450000,-2.725000,2.725000,20,1.000000,1.000000,1.000000,0.061970,-4.000000,-4.000000,0.000525,0.062488,4987.991522,0
verify_joint_K28_phase30,28,30,1,5.450000,-2.725000,2.725000,22,1.000000,1.000000,1.000000,0.061960,-4.000000,-4.000000,0.000532,0.062486,6586.171571,0
verify_joint_K28_phase30,28,30,1,5.450000,-2.725000,2.725000,24,1.000000,1.000000,1.000000,0.061941,-4.000000,-4.000000,0.000542,0.062479,8274.325856,0
verify_joint_K28_phase30,28,30,1,5.450000,-2.725000,2.725000,26,1.000000,1.000000,1.000000,0.061955,-4.000000,-4.000000,0.000506,0.062457,9833.101037,0
verify_joint_K28_phase30,28,30,1,5.450000,-2.725000,2.725000,28,1.000000,1.000000,1.000000,0.061936,-4.000000,-4.000000,0.000499,0.062431,11182.732633,0
verify_joint_K28_phase30,28,30,1,5.450000,-2.725000,2.725000,30,1.000000,1.000000,1.000000,0.061944,-4.000000,-4.000000,0.000519,0.062459,12229.549157,0
verify_joint_K28_phase30,28,30,2,2.725000,-1.362500,1.362500,-4,1.000000,0.860000,1.000000,0.056125,-2.000000,-4.000000,0.014714,0.052826,6.838414,0
verify_joint_K28_phase30,28,30,2,2.725000,-1.362500,1.362500,-2,1.000000,0.945000,1.000000,0.051556,-2.000000,-4.000000,0.016906,0.054812,10.357960,0
verify_joint_K28_phase30,28,30,2,2.725000,-1.362500,1.362500,0,1.000000,0.980000,1.000000,0.046254,-2.000000,-4.000000,0.011468,0.049274,15.916817,0
verify_joint_K28_phase30,28,30,2,2.725000,-1.362500,1.362500,2,1.000000,1.000000,1.000000,0.042480,-2.000000,-4.000000,0.010932,0.048531,24.708566,0
verify_joint_K28_phase30,28,30,2,2.725000,-1.362500,1.362500,4,1.000000,1.000000,1.000000,0.041463,-2.000000,-4.000000,0.010757,0.048216,38.620954,0
verify_joint_K28_phase30,28,30,2,2.725000,-1.362500,1.362500,6,1.000000,1.000000,1.000000,0.040453,-2.000000,-4.000000,0.011635,0.048482,60.794797,0
verify_joint_K28_phase30,28,30,2,2.725000,-1.362500,1.362500,8,1.000000,1.000000,1.000000,0.039835,-2.000000,-4.000000,0.011844,0.048730,95.628520,0
verify_joint_K28_phase30,28,30,2,2.725000,-1.362500,1.362500,10,1.000000,1.000000,1.000000,0.039635,-2.000000,-4.000000,0.011426,0.048705,151.187002,0
verify_joint_K28_phase30,28,30,2,2.725000,-1.362500,1.362500,12,1.000000,1.000000,1.000000,0.038730,-2.000000,-4.000000,0.010722,0.047450,238.939060,0
verify_joint_K28_phase30,28,30,2,2.725000,-1.362500,1.362500,14,1.000000,1.000000,1.000000,0.038845,-2.000000,-4.000000,0.011317,0.048222,377.198649,0
verify_joint_K28_phase30,28,30,2,2.725000,-1.362500,1.362500,16,1.000000,1.000000,1.000000,0.038880,-2.000000,-4.000000,0.011818,0.048678,595.830182,0
verify_joint_K28_phase30,28,30,2,2.725000,-1.362500,1.362500,18,1.000000,1.000000,1.000000,0.038864,-2.000000,-4.000000,0.011394,0.048437,941.199766,0
verify_joint_K28_phase30,28,30,2,2.725000,-1.362500,1.362500,20,1.000000,1.000000,1.000000,0.038705,-2.000000,-4.000000,0.011381,0.048302,1479.903075,0
verify_joint_K28_phase30,28,30,2,2.725000,-1.362500,1.362500,22,1.000000,1.000000,1.000000,0.038677,-2.000000,-4.000000,0.011282,0.048226,2304.199405,0
verify_joint_K28_phase30,28,30,2,2.725000,-1.362500,1.362500,24,1.000000,1.000000,1.000000,0.038757,-2.000000,-4.000000,0.011569,0.048527,3556.967571,0
verify_joint_K28_phase30,28,30,2,2.725000,-1.362500,1.362500,26,1.000000,1.000000,1.000000,0.038667,-2.000000,-4.000000,0.011399,0.048326,5397.549235,0
verify_joint_K28_phase30,28,30,2,2.725000,-1.362500,1.362500,28,1.000000,1.000000,1.000000,0.038677,-2.000000,-4.000000,0.011412,0.048357,8012.779302,0
verify_joint_K28_phase30,28,30,2,2.725000,-1.362500,1.362500,30,1.000000,1.000000,1.000000,0.038681,-2.000000,-4.000000,0.011441,0.048385,11517.688450,0
verify_joint_K28_phase30,28,30,3,1.816667,-0.908333,0.908333,-4,1.000000,0.665000,1.000000,0.074958,2.000000,-4.000000,0.003930,0.035961,3.392347,0
verify_joint_K28_phase30,28,30,3,1.816667,-0.908333,0.908333,-2,1.000000,0.845000,1.000000,0.064175,2.000000,-4.000000,0.013327,0.042109,4.859961,0
verify_joint_K28_phase30,28,30,3,1.816667,-0.908333,0.908333,0,1.000000,0.870000,1.000000,0.054593,2.000000,-4.000000,0.008295,0.035561,7.185564,0
verify_joint_K28_phase30,28,30,3,1.816667,-0.908333,0.908333,2,1.000000,0.970000,1.000000,0.044234,2.000000,-4.000000,0.007996,0.034399,10.881263,0
verify_joint_K28_phase30,28,30,3,1.816667,-0.908333,0.908333,4,1.000000,0.995000,1.000000,0.035471,2.000000,-4.000000,0.011535,0.036959,16.680185,0
verify_joint_K28_phase30,28,30,3,1.816667,-0.908333,0.908333,6,1.000000,1.000000,1.000000,0.033388,2.000000,-4.000000,0.008331,0.033554,25.921557,0
verify_joint_K28_phase30,28,30,3,1.816667,-0.908333,0.908333,8,1.000000,1.000000,1.000000,0.031150,2.000000,-4.000000,0.009997,0.035006,40.678259,0
verify_joint_K28_phase30,28,30,3,1.816667,-0.908333,0.908333,10,1.000000,1.000000,1.000000,0.029676,2.000000,-4.000000,0.009555,0.034952,63.828328,0
verify_joint_K28_phase30,28,30,3,1.816667,-0.908333,0.908333,12,1.000000,1.000000,1.000000,0.028629,2.000000,-4.000000,0.010063,0.035035,100.804879,0
verify_joint_K28_phase30,28,30,3,1.816667,-0.908333,0.908333,14,1.000000,1.000000,1.000000,0.027647,2.000000,-4.000000,0.009110,0.034099,158.986304,0
verify_joint_K28_phase30,28,30,3,1.816667,-0.908333,0.908333,16,1.000000,1.000000,1.000000,0.027392,2.000000,-4.000000,0.009320,0.034320,251.202297,0
verify_joint_K28_phase30,28,30,3,1.816667,-0.908333,0.908333,18,1.000000,1.000000,1.000000,0.027278,2.000000,-4.000000,0.009976,0.034886,397.934474,0
verify_joint_K28_phase30,28,30,3,1.816667,-0.908333,0.908333,20,1.000000,1.000000,1.000000,0.027127,2.000000,-4.000000,0.009913,0.034856,630.971951,0
verify_joint_K28_phase30,28,30,3,1.816667,-0.908333,0.908333,22,1.000000,1.000000,1.000000,0.026714,2.000000,-4.000000,0.009299,0.034151,994.246231,0
verify_joint_K28_phase30,28,30,3,1.816667,-0.908333,0.908333,24,1.000000,1.000000,1.000000,0.026849,2.000000,-4.000000,0.009477,0.034474,1571.752423,0
verify_joint_K28_phase30,28,30,3,1.816667,-0.908333,0.908333,26,1.000000,1.000000,1.000000,0.026688,2.000000,-4.000000,0.009374,0.034273,2474.863259,0
verify_joint_K28_phase30,28,30,3,1.816667,-0.908333,0.908333,28,1.000000,1.000000,1.000000,0.026720,2.000000,-4.000000,0.009337,0.034327,3882.589294,0
verify_joint_K28_phase30,28,30,3,1.816667,-0.908333,0.908333,30,1.000000,1.000000,1.000000,0.026668,2.000000,-4.000000,0.009397,0.034327,6022.493804,0
verify_joint_K28_phase30,28,30,5,1.090000,-0.545000,0.545000,-4,1.000000,0.065000,0.795000,0.182026,4.000000,-2.000000,0.003891,0.090109,1.775635,0
verify_joint_K28_phase30,28,30,5,1.090000,-0.545000,0.545000,-2,1.000000,0.320000,0.965000,0.118998,4.000000,-2.000000,-0.001890,0.050670,2.285360,0
verify_joint_K28_phase30,28,30,5,1.090000,-0.545000,0.545000,0,1.000000,0.590000,1.000000,0.085334,4.000000,-2.000000,0.012763,0.046212,3.129934,0
verify_joint_K28_phase30,28,30,5,1.090000,-0.545000,0.545000,2,1.000000,0.790000,1.000000,0.065838,4.000000,-2.000000,0.003477,0.027909,4.465870,0
verify_joint_K28_phase30,28,30,5,1.090000,-0.545000,0.545000,4,1.000000,0.925000,1.000000,0.051390,4.000000,-2.000000,0.009741,0.031475,6.529896,0
verify_joint_K28_phase30,28,30,5,1.090000,-0.545000,0.545000,6,1.000000,0.980000,1.000000,0.041621,4.000000,-2.000000,0.005623,0.023944,9.821844,0
verify_joint_K28_phase30,28,30,5,1.090000,-0.545000,0.545000,8,1.000000,1.000000,1.000000,0.031813,4.000000,-2.000000,0.006122,0.023084,15.067913,0
verify_joint_K28_phase30,28,30,5,1.090000,-0.545000,0.545000,10,1.000000,1.000000,1.000000,0.029015,4.000000,-2.000000,0.007146,0.023420,23.365566,0
verify_joint_K28_phase30,28,30,5,1.090000,-0.545000,0.545000,12,1.000000,1.000000,1.000000,0.025800,4.000000,-2.000000,0.006285,0.022089,36.473483,0
verify_joint_K28_phase30,28,30,5,1.090000,-0.545000,0.545000,14,1.000000,1.000000,1.000000,0.021601,4.000000,-2.000000,0.006093,0.021526,57.315228,0
verify_joint_K28_phase30,28,30,5,1.090000,-0.545000,0.545000,16,1.000000,1.000000,1.000000,0.020229,4.000000,-2.000000,0.006564,0.022062,90.393151,0
verify_joint_K28_phase30,28,30,5,1.090000,-0.545000,0.545000,18,1.000000,1.000000,1.000000,0.019147,4.000000,-2.000000,0.008110,0.023214,142.751121,0
verify_joint_K28_phase30,28,30,5,1.090000,-0.545000,0.545000,20,1.000000,1.000000,1.000000,0.017443,4.000000,-2.000000,0.006273,0.021238,225.735246,0
verify_joint_K28_phase30,28,30,5,1.090000,-0.545000,0.545000,22,1.000000,1.000000,1.000000,0.017103,4.000000,-2.000000,0.006485,0.021354,356.838266,0
verify_joint_K28_phase30,28,30,5,1.090000,-0.545000,0.545000,24,1.000000,1.000000,1.000000,0.016576,4.000000,-2.000000,0.005997,0.020825,566.443815,0
verify_joint_K28_phase30,28,30,5,1.090000,-0.545000,0.545000,26,1.000000,1.000000,1.000000,0.016325,4.000000,-2.000000,0.006008,0.020849,893.971742,0
verify_joint_K28_phase30,28,30,5,1.090000,-0.545000,0.545000,28,1.000000,1.000000,1.000000,0.016297,4.000000,-2.000000,0.006021,0.020910,1416.315371,0
verify_joint_K28_phase30,28,30,5,1.090000,-0.545000,0.545000,30,1.000000,1.000000,1.000000,0.016189,4.000000,-2.000000,0.006034,0.020885,2236.998643,0
verify_joint_K28_phase30,28,30,7,0.778571,-0.389286,0.389286,-4,1.000000,0.000000,0.010000,0.341659,8.000000,2.000000,0.012038,0.134503,1.358542,2
verify_joint_K28_phase30,28,30,7,0.778571,-0.389286,0.389286,-2,1.000000,0.015000,0.160000,0.243645,8.000000,2.000000,-0.020305,0.139106,1.617120,0
verify_joint_K28_phase30,28,30,7,0.778571,-0.389286,0.389286,0,1.000000,0.110000,0.570000,0.162618,8.000000,2.000000,0.007256,0.088136,2.036693,0
verify_joint_K28_phase30,28,30,7,0.778571,-0.389286,0.389286,2,1.000000,0.375000,0.905000,0.107538,8.000000,2.000000,0.003604,0.053273,2.707312,0
verify_joint_K28_phase30,28,30,7,0.778571,-0.389286,0.389286,4,1.000000,0.695000,0.995000,0.075124,8.000000,2.000000,0.004001,0.034739,3.783502,0
verify_joint_K28_phase30,28,30,7,0.778571,-0.389286,0.389286,6,1.000000,0.870000,0.995000,0.059246,8.000000,2.000000,0.009317,0.030270,5.493797,0
verify_joint_K28_phase30,28,30,7,0.778571,-0.389286,0.389286,8,1.000000,0.960000,1.000000,0.046775,8.000000,2.000000,0.003910,0.019892,8.174231,0
verify_joint_K28_phase30,28,30,7,0.778571,-0.389286,0.389286,10,1.000000,0.995000,1.000000,0.035156,8.000000,2.000000,0.003208,0.017477,12.445387,0
verify_joint_K28_phase30,28,30,7,0.778571,-0.389286,0.389286,12,1.000000,1.000000,1.000000,0.028145,8.000000,2.000000,0.003563,0.016434,19.221770,0
verify_joint_K28_phase30,28,30,7,0.778571,-0.389286,0.389286,14,1.000000,1.000000,1.000000,0.022529,8.000000,2.000000,0.002400,0.014790,29.935344,0
verify_joint_K28_phase30,28,30,7,0.778571,-0.389286,0.389286,16,1.000000,1.000000,1.000000,0.018258,8.000000,2.000000,0.004875,0.015918,46.981613,0
verify_joint_K28_phase30,28,30,7,0.778571,-0.389286,0.389286,18,1.000000,1.000000,1.000000,0.017143,8.000000,2.000000,0.004189,0.015400,73.997643,0
verify_joint_K28_phase30,28,30,7,0.778571,-0.389286,0.389286,20,1.000000,1.000000,1.000000,0.015770,8.000000,2.000000,0.003789,0.014978,116.138903,0
verify_joint_K28_phase30,28,30,7,0.778571,-0.389286,0.389286,22,1.000000,1.000000,1.000000,0.013705,8.000000,2.000000,0.004154,0.015055,184.145914,0
verify_joint_K28_phase30,28,30,7,0.778571,-0.389286,0.389286,24,1.000000,1.000000,1.000000,0.013193,8.000000,2.000000,0.004392,0.015155,290.938365,0
verify_joint_K28_phase30,28,30,7,0.778571,-0.389286,0.389286,26,1.000000,1.000000,1.000000,0.012657,8.000000,2.000000,0.004976,0.015471,460.636327,0
verify_joint_K28_phase30,28,30,7,0.778571,-0.389286,0.389286,28,1.000000,1.000000,1.000000,0.012135,8.000000,2.000000,0.004652,0.015271,730.424131,0
verify_joint_K28_phase30,28,30,7,0.778571,-0.389286,0.389286,30,1.000000,1.000000,1.000000,0.011804,8.000000,2.000000,0.004601,0.015105,1153.784276,0
verify_joint_K28_phase30,28,30,10,0.545000,-0.272500,0.272500,-4,0.985000,0.000000,0.000000,10.375652,10.000000,8.000000,0.470763,3.441168,1.137503,90
verify_joint_K28_phase30,28,30,10,0.545000,-0.272500,0.272500,-2,1.000000,0.000000,0.000000,1.113440,10.000000,8.000000,0.029781,0.100684,1.244349,16
verify_joint_K28_phase30,28,30,10,0.545000,-0.272500,0.272500,0,1.000000,0.000000,0.010000,0.269618,10.000000,8.000000,0.003440,0.066983,1.464753,0
verify_joint_K28_phase30,28,30,10,0.545000,-0.272500,0.272500,2,1.000000,0.020000,0.065000,0.198150,10.000000,8.000000,-0.000780,0.092660,1.785659,0
verify_joint_K28_phase30,28,30,10,0.545000,-0.272500,0.272500,4,1.000000,0.195000,0.365000,0.147416,10.000000,8.000000,-0.003391,0.071604,2.324082,0
verify_joint_K28_phase30,28,30,10,0.545000,-0.272500,0.272500,6,1.000000,0.475000,0.785000,0.094549,10.000000,8.000000,0.006669,0.053706,3.167063,0
verify_joint_K28_phase30,28,30,10,0.545000,-0.272500,0.272500,8,1.000000,0.715000,0.920000,0.072303,10.000000,8.000000,0.013618,0.043785,4.502601,0
verify_joint_K28_phase30,28,30,10,0.545000,-0.272500,0.272500,10,1.000000,0.925000,0.995000,0.051356,10.000000,8.000000,-0.002971,0.024952,6.620186,0
verify_joint_K28_phase30,28,30,10,0.545000,-0.272500,0.272500,12,1.000000,0.985000,1.000000,0.039243,10.000000,8.000000,0.002731,0.017800,9.935875,0
verify_joint_K28_phase30,28,30,10,0.545000,-0.272500,0.272500,14,1.000000,1.000000,1.000000,0.031230,10.000000,8.000000,0.004325,0.015642,15.264884,0
verify_joint_K28_phase30,28,30,10,0.545000,-0.272500,0.272500,16,1.000000,1.000000,1.000000,0.024181,10.000000,8.000000,0.000948,0.011645,23.689417,0
verify_joint_K28_phase30,28,30,10,0.545000,-0.272500,0.272500,18,1.000000,1.000000,1.000000,0.021106,10.000000,8.000000,0.002802,0.012589,36.994552,0
verify_joint_K28_phase30,28,30,10,0.545000,-0.272500,0.272500,20,1.000000,1.000000,1.000000,0.017443,10.000000,8.000000,0.004180,0.012621,58.150937,0
verify_joint_K28_phase30,28,30,10,0.545000,-0.272500,0.272500,22,1.000000,1.000000,1.000000,0.014447,10.000000,8.000000,0.003661,0.012170,91.520405,0
verify_joint_K28_phase30,28,30,10,0.545000,-0.272500,0.272500,24,1.000000,1.000000,1.000000,0.012618,10.000000,8.000000,0.003781,0.011725,144.638938,0
verify_joint_K28_phase30,28,30,10,0.545000,-0.272500,0.272500,26,1.000000,1.000000,1.000000,0.010910,10.000000,8.000000,0.003128,0.010830,228.998164,0
verify_joint_K28_phase30,28,30,10,0.545000,-0.272500,0.272500,28,1.000000,1.000000,1.000000,0.009970,10.000000,8.000000,0.003517,0.011218,361.983222,0
verify_joint_K28_phase30,28,30,10,0.545000,-0.272500,0.272500,30,1.000000,1.000000,1.000000,0.009428,10.000000,8.000000,0.003286,0.011011,573.336893,0
verify_joint_K24_phase00,24,0,1,5.450000,-2.725000,2.725000,-4,1.000000,1.000000,1.000000,0.049921,-4.000000,-4.000000,0.000823,0.048881,35.623375,0
verify_joint_K24_phase00,24,0,1,5.450000,-2.725000,2.725000,-2,1.000000,1.000000,1.000000,0.049549,-4.000000,-4.000000,0.000592,0.049173,56.018708,0
verify_joint_K24_phase00,24,0,1,5.450000,-2.725000,2.725000,0,1.000000,1.000000,1.000000,0.049566,-4.000000,-4.000000,0.000908,0.049868,87.949407,0
verify_joint_K24_phase00,24,0,1,5.450000,-2.725000,2.725000,2,1.000000,1.000000,1.000000,0.048863,-4.000000,-4.000000,0.001143,0.049587,139.166660,0
verify_joint_K24_phase00,24,0,1,5.450000,-2.725000,2.725000,4,1.000000,1.000000,1.000000,0.048867,-4.000000,-4.000000,0.001247,0.049828,219.614827,0
verify_joint_K24_phase00,24,0,1,5.450000,-2.725000,2.725000,6,1.000000,1.000000,1.000000,0.049021,-4.000000,-4.000000,0.001390,0.050215,346.077748,0
verify_joint_K24_phase00,24,0,1,5.450000,-2.725000,2.725000,8,1.000000,1.000000,1.000000,0.048941,-4.000000,-4.000000,0.001545,0.050361,546.027509,0
verify_joint_K24_phase00,24,0,1,5.450000,-2.725000,2.725000,10,1.000000,1.000000,1.000000,0.048769,-4.000000,-4.000000,0.001668,0.050348,855.898070,0
verify_joint_K24_phase00,24,0,1,5.450000,-2.725000,2.725000,12,1.000000,1.000000,1.000000,0.048650,-4.000000,-4.000000,0.001532,0.050120,1336.328953,0
verify_joint_K24_phase00,24,0,1,5.450000,-2.725000,2.725000,14,1.000000,1.000000,1.000000,0.048685,-4.000000,-4.000000,0.001459,0.050095,2063.531134,0
verify_joint_K24_phase00,24,0,1,5.450000,-2.725000,2.725000,16,1.000000,1.000000,1.000000,0.048744,-4.000000,-4.000000,0.001425,0.050132,3146.896719,0
verify_joint_K24_phase00,24,0,1,5.450000,-2.725000,2.725000,18,1.000000,1.000000,1.000000,0.048713,-4.000000,-4.000000,0.001451,0.050131,4701.362420,0
verify_joint_K24_phase00,24,0,1,5.450000,-2.725000,2.725000,20,1.000000,1.000000,1.000000,0.048716,-4.000000,-4.000000,0.001528,0.050213,6822.185103,0
verify_joint_K24_phase00,24,0,1,5.450000,-2.725000,2.725000,22,1.000000,1.000000,1.000000,0.048697,-4.000000,-4.000000,0.001547,0.050214,9510.211119,0
verify_joint_K24_phase00,24,0,1,5.450000,-2.725000,2.725000,24,1.000000,1.000000,1.000000,0.048712,-4.000000,-4.000000,0.001461,0.050149,12686.251279,0
verify_joint_K24_phase00,24,0,1,5.450000,-2.725000,2.725000,26,1.000000,1.000000,1.000000,0.048707,-4.000000,-4.000000,0.001523,0.050204,16001.044044,0
verify_joint_K24_phase00,24,0,1,5.450000,-2.725000,2.725000,28,1.000000,1.000000,1.000000,0.048679,-4.000000,-4.000000,0.001495,0.050151,19191.159329,0
verify_joint_K24_phase00,24,0,1,5.450000,-2.725000,2.725000,30,1.000000,1.000000,1.000000,0.048701,-4.000000,-4.000000,0.001475,0.050152,21943.805460,0
verify_joint_K24_phase00,24,0,2,2.725000,-1.362500,1.362500,-4,1.000000,0.495000,1.000000,0.091419,2.000000,-4.000000,-0.010175,0.045433,2.670963,0
verify_joint_K24_phase00,24,0,2,2.725000,-1.362500,1.362500,-2,1.000000,0.790000,1.000000,0.062577,2.000000,-4.000000,-0.002803,0.035715,3.700587,0
verify_joint_K24_phase00,24,0,2,2.725000,-1.362500,1.362500,0,1.000000,0.885000,1.000000,0.053520,2.000000,-4.000000,-0.003207,0.034676,5.328329,0
verify_joint_K24_phase00,24,0,2,2.725000,-1.362500,1.362500,2,1.000000,0.970000,1.000000,0.047345,2.000000,-4.000000,-0.005181,0.036218,7.938628,0
verify_joint_K24_phase00,24,0,2,2.725000,-1.362500,1.362500,4,1.000000,0.995000,1.000000,0.041038,2.000000,-4.000000,-0.001844,0.032629,12.014215,0
verify_joint_K24_phase00,24,0,2,2.725000,-1.362500,1.362500,6,1.000000,1.000000,1.000000,0.035365,2.000000,-4.000000,-0.003772,0.033510,18.540653,0
verify_joint_K24_phase00,24,0,2,2.725000,-1.362500,1.362500,8,1.000000,1.000000,1.000000,0.034131,2.000000,-4.000000,-0.002997,0.032608,28.806044,0
verify_joint_K24_phase00,24,0,2,2.725000,-1.362500,1.362500,10,1.000000,1.000000,1.000000,0.032675,2.000000,-4.000000,-0.004402,0.034207,45.117633,0
verify_joint_K24_phase00,24,0,2,2.725000,-1.362500,1.362500,12,1.000000,1.000000,1.000000,0.030778,2.000000,-4.000000,-0.003137,0.032268,70.981097,0
verify_joint_K24_phase00,24,0,2,2.725000,-1.362500,1.362500,14,1.000000,1.000000,1.000000,0.030342,2.000000,-4.000000,-0.002419,0.031766,111.755626,0
verify_joint_K24_phase00,24,0,2,2.725000,-1.362500,1.362500,16,1.000000,1.000000,1.000000,0.030139,2.000000,-4.000000,-0.003885,0.033207,176.297248,0
verify_joint_K24_phase00,24,0,2,2.725000,-1.362500,1.362500,18,1.000000,1.000000,1.000000,0.029829,2.000000,-4.000000,-0.003112,0.032418,278.205177,0
verify_joint_K24_phase00,24,0,2,2.725000,-1.362500,1.362500,20,1.000000,1.000000,1.000000,0.029696,2.000000,-4.000000,-0.003222,0.032509,438.594978,0
verify_joint_K24_phase00,24,0,2,2.725000,-1.362500,1.362500,22,1.000000,1.000000,1.000000,0.029595,2.000000,-4.000000,-0.002988,0.032269,685.464911,0
verify_joint_K24_phase00,24,0,2,2.725000,-1.362500,1.362500,24,1.000000,1.000000,1.000000,0.029576,2.000000,-4.000000,-0.003290,0.032592,1064.283130,0
verify_joint_K24_phase00,24,0,2,2.725000,-1.362500,1.362500,26,1.000000,1.000000,1.000000,0.029554,2.000000,-4.000000,-0.003325,0.032631,1634.736289,0
verify_joint_K24_phase00,24,0,2,2.725000,-1.362500,1.362500,28,1.000000,1.000000,1.000000,0.029493,2.000000,-4.000000,-0.003312,0.032571,2477.925679,0
verify_joint_K24_phase00,24,0,2,2.725000,-1.362500,1.362500,30,1.000000,1.000000,1.000000,0.029482,2.000000,-4.000000,-0.003299,0.032571,3662.292338,0
verify_joint_K24_phase00,24,0,3,1.816667,-0.908333,0.908333,-4,1.000000,0.000000,0.545000,0.433465,10.000000,-2.000000,-0.065245,0.206175,1.240823,7
verify_joint_K24_phase00,24,0,3,1.816667,-0.908333,0.908333,-2,1.000000,0.035000,0.920000,0.256788,10.000000,-2.000000,-0.030945,0.123711,1.419481,0
verify_joint_K24_phase00,24,0,3,1.816667,-0.908333,0.908333,0,1.000000,0.175000,0.995000,0.163148,10.000000,-2.000000,-0.025640,0.084669,1.705514,0
verify_joint_K24_phase00,24,0,3,1.816667,-0.908333,0.908333,2,1.000000,0.450000,1.000000,0.118272,10.000000,-2.000000,0.002685,0.044239,2.159903,0
verify_joint_K24_phase00,24,0,3,1.816667,-0.908333,0.908333,4,1.000000,0.615000,1.000000,0.082962,10.000000,-2.000000,-0.007636,0.041158,2.891191,0
verify_joint_K24_phase00,24,0,3,1.816667,-0.908333,0.908333,6,1.000000,0.810000,1.000000,0.063191,10.000000,-2.000000,-0.005108,0.033198,4.037905,0
verify_joint_K24_phase00,24,0,3,1.816667,-0.908333,0.908333,8,1.000000,0.890000,1.000000,0.051938,10.000000,-2.000000,-0.006930,0.032825,5.879371,0
verify_joint_K24_phase00,24,0,3,1.816667,-0.908333,0.908333,10,1.000000,0.970000,1.000000,0.040591,10.000000,-2.000000,-0.006857,0.031874,8.758522,0
verify_joint_K24_phase00,24,0,3,1.816667,-0.908333,0.908333,12,1.000000,1.000000,1.000000,0.034393,10.000000,-2.000000,-0.006695,0.030409,13.405103,0
verify_joint_K24_phase00,24,0,3,1.816667,-0.908333,0.908333,14,1.000000,1.000000,1.000000,0.031334,10.000000,-2.000000,-0.005609,0.028784,20.668453,0
verify_joint_K24_phase00,24,0,3,1.816667,-0.908333,0.908333,16,1.000000,1.000000,1.000000,0.028218,10.000000,-2.000000,-0.004783,0.027719,32.145129,0
verify_joint_K24_phase00,24,0,3,1.816667,-0.908333,0.908333,18,1.000000,1.000000,1.000000,0.025818,10.000000,-2.000000,-0.003915,0.026676,50.444644,0
verify_joint_K24_phase00,24,0,3,1.816667,-0.908333,0.908333,20,1.000000,1.000000,1.000000,0.024732,10.000000,-2.000000,-0.003547,0.026282,79.600682,0
verify_joint_K24_phase00,24,0,3,1.816667,-0.908333,0.908333,22,1.000000,1.000000,1.000000,0.024020,10.000000,-2.000000,-0.004464,0.026982,125.012770,0
verify_joint_K24_phase00,24,0,3,1.816667,-0.908333,0.908333,24,1.000000,1.000000,1.000000,0.023668,10.000000,-2.000000,-0.003984,0.026595,197.486899,0
verify_joint_K24_phase00,24,0,3,1.816667,-0.908333,0.908333,26,1.000000,1.000000,1.000000,0.023463,10.000000,-2.000000,-0.004691,0.027160,310.895040,0
verify_joint_K24_phase00,24,0,3,1.816667,-0.908333,0.908333,28,1.000000,1.000000,1.000000,0.023238,10.000000,-2.000000,-0.004331,0.026873,488.801181,0
verify_joint_K24_phase00,24,0,3,1.816667,-0.908333,0.908333,30,1.000000,1.000000,1.000000,0.023034,10.000000,-2.000000,-0.004263,0.026739,762.996391,0
verify_joint_K24_phase00,24,0,5,1.090000,-0.545000,0.545000,-4,0.875000,0.000000,0.000000,25.906698,18.000000,10.000000,-1.153379,15.773824,1.065051,200
verify_joint_K24_phase00,24,0,5,1.090000,-0.545000,0.545000,-2,0.915000,0.000000,0.000000,24.630515,18.000000,10.000000,1.507711,15.332687,1.065684,197
verify_joint_K24_phase00,24,0,5,1.090000,-0.545000,0.545000,0,0.915000,0.000000,0.000000,23.384639,18.000000,10.000000,0.881985,13.027524,1.067392,187
verify_joint_K24_phase00,24,0,5,1.090000,-0.545000,0.545000,2,0.975000,0.000000,0.000000,15.299790,18.000000,10.000000,-0.224456,5.319630,1.097244,110
verify_joint_K24_phase00,24,0,5,1.090000,-0.545000,0.545000,4,1.000000,0.000000,0.015000,3.153717,18.000000,10.000000,-0.173330,0.301819,1.171321,28
verify_joint_K24_phase00,24,0,5,1.090000,-0.545000,0.545000,6,1.000000,0.000000,0.125000,0.374444,18.000000,10.000000,-0.020774,0.161728,1.299275,3
verify_joint_K24_phase00,24,0,5,1.090000,-0.545000,0.545000,8,1.000000,0.025000,0.610000,0.235966,18.000000,10.000000,0.015600,0.116059,1.528329,0
verify_joint_K24_phase00,24,0,5,1.090000,-0.545000,0.545000,10,1.000000,0.195000,0.910000,0.155774,18.000000,10.000000,0.010315,0.074050,1.874893,0
verify_joint_K24_phase00,24,0,5,1.090000,-0.545000,0.545000,12,1.000000,0.375000,0.990000,0.107839,18.000000,10.000000,0.001208,0.047037,2.429298,0
verify_joint_K24_phase00,24,0,5,1.090000,-0.545000,0.545000,14,1.000000,0.695000,1.000000,0.075134,18.000000,10.000000,-0.000281,0.034306,3.324702,0
verify_joint_K24_phase00,24,0,5,1.090000,-0.545000,0.545000,16,1.000000,0.870000,1.000000,0.059478,18.000000,10.000000,-0.006137,0.034272,4.732188,0
verify_joint_K24_phase00,24,0,5,1.090000,-0.545000,0.545000,18,1.000000,0.965000,1.000000,0.045110,18.000000,10.000000,-0.004570,0.029248,6.966533,0
verify_joint_K24_phase00,24,0,5,1.090000,-0.545000,0.545000,20,1.000000,0.995000,1.000000,0.036818,18.000000,10.000000,-0.006324,0.028804,10.530013,0
verify_joint_K24_phase00,24,0,5,1.090000,-0.545000,0.545000,22,1.000000,1.000000,1.000000,0.031747,18.000000,10.000000,-0.005713,0.026770,16.120584,0
verify_joint_K24_phase00,24,0,5,1.090000,-0.545000,0.545000,24,1.000000,1.000000,1.000000,0.026872,18.000000,10.000000,-0.002876,0.023117,25.115872,0
verify_joint_K24_phase00,24,0,5,1.090000,-0.545000,0.545000,26,1.000000,1.000000,1.000000,0.024476,18.000000,10.000000,-0.005106,0.024663,39.130484,0
verify_joint_K24_phase00,24,0,5,1.090000,-0.545000,0.545000,28,1.000000,1.000000,1.000000,0.023181,18.000000,10.000000,-0.006283,0.025604,61.505432,0
verify_joint_K24_phase00,24,0,5,1.090000,-0.545000,0.545000,30,1.000000,1.000000,1.000000,0.021409,18.000000,10.000000,-0.004274,0.023482,96.801467,0
verify_joint_K24_phase00,24,0,7,0.778571,-0.389286,0.389286,-4,0.840000,0.000000,0.000000,28.743413,24.000000,20.000000,0.811273,18.011201,1.061965,200
verify_joint_K24_phase00,24,0,7,0.778571,-0.389286,0.389286,-2,0.890000,0.000000,0.000000,27.924158,24.000000,20.000000,2.417172,19.226551,1.065562,199
verify_joint_K24_phase00,24,0,7,0.778571,-0.389286,0.389286,0,0.860000,0.000000,0.000000,26.779296,24.000000,20.000000,-0.878469,16.915088,1.062058,200
verify_joint_K24_phase00,24,0,7,0.778571,-0.389286,0.389286,2,0.875000,0.000000,0.000000,26.584028,24.000000,20.000000,1.873464,17.375364,1.064521,199
verify_joint_K24_phase00,24,0,7,0.778571,-0.389286,0.389286,4,0.875000,0.000000,0.000000,25.308553,24.000000,20.000000,-2.935450,17.371242,1.062862,197
verify_joint_K24_phase00,24,0,7,0.778571,-0.389286,0.389286,6,0.940000,0.000000,0.000000,22.866021,24.000000,20.000000,-1.600383,13.439406,1.070431,183
verify_joint_K24_phase00,24,0,7,0.778571,-0.389286,0.389286,8,0.940000,0.000000,0.000000,12.431879,24.000000,20.000000,-0.381863,4.687865,1.096293,128
verify_joint_K24_phase00,24,0,7,0.778571,-0.389286,0.389286,10,0.995000,0.000000,0.000000,3.434680,24.000000,20.000000,0.156625,0.525045,1.171772,35
verify_joint_K24_phase00,24,0,7,0.778571,-0.389286,0.389286,12,1.000000,0.000000,0.000000,0.382047,24.000000,20.000000,0.003799,0.078461,1.312836,4
verify_joint_K24_phase00,24,0,7,0.778571,-0.389286,0.389286,14,1.000000,0.010000,0.135000,0.256710,24.000000,20.000000,-0.011799,0.121709,1.532899,0
verify_joint_K24_phase00,24,0,7,0.778571,-0.389286,0.389286,16,1.000000,0.070000,0.530000,0.179241,24.000000,20.000000,-0.009506,0.089614,1.899780,0
verify_joint_K24_phase00,24,0,7,0.778571,-0.389286,0.389286,18,1.000000,0.315000,0.895000,0.116133,24.000000,20.000000,-0.003671,0.063480,2.466276,0
verify_joint_K24_phase00,24,0,7,0.778571,-0.389286,0.389286,20,1.000000,0.615000,0.980000,0.081492,24.000000,20.000000,-0.006122,0.048021,3.365241,0
verify_joint_K24_phase00,24,0,7,0.778571,-0.389286,0.389286,22,1.000000,0.845000,1.000000,0.060526,24.000000,20.000000,-0.004006,0.036041,4.808329,0
verify_joint_K24_phase00,24,0,7,0.778571,-0.389286,0.389286,24,1.000000,0.950000,1.000000,0.047426,24.000000,20.000000,-0.006033,0.033422,7.085813,0
verify_joint_K24_phase00,24,0,7,0.778571,-0.389286,0.389286,26,1.000000,0.995000,1.000000,0.036574,24.000000,20.000000,-0.005490,0.029853,10.712321,0
verify_joint_K24_phase00,24,0,7,0.778571,-0.389286,0.389286,28,1.000000,1.000000,1.000000,0.032597,24.000000,20.000000,-0.007515,0.029743,16.438794,0
verify_joint_K24_phase00,24,0,7,0.778571,-0.389286,0.389286,30,1.000000,1.000000,1.000000,0.029032,24.000000,20.000000,-0.004557,0.025661,25.528237,0
verify_joint_K24_phase00,24,0,10,0.545000,-0.272500,0.272500,-4,0.860000,0.000000,0.000000,28.748620,30.000000,28.000000,-2.025405,19.319244,1.065579,200
verify_joint_K24_phase00,24,0,10,0.545000,-0.272500,0.272500,-2,0.880000,0.000000,0.000000,29.141905,30.000000,28.000000,-2.077848,20.078642,1.062789,200
verify_joint_K24_phase00,24,0,10,0.545000,-0.272500,0.272500,0,0.900000,0.000000,0.000000,27.468440,30.000000,28.000000,0.974128,17.463678,1.063528,200
verify_joint_K24_phase00,24,0,10,0.545000,-0.272500,0.272500,2,0.875000,0.000000,0.000000,31.170873,30.000000,28.000000,-1.430143,20.383676,1.061068,200
verify_joint_K24_phase00,24,0,10,0.545000,-0.272500,0.272500,4,0.905000,0.000000,0.000000,28.305535,30.000000,28.000000,0.245868,17.561468,1.063040,200
verify_joint_K24_phase00,24,0,10,0.545000,-0.272500,0.272500,6,0.895000,0.000000,0.000000,29.175584,30.000000,28.000000,-2.349731,19.892598,1.064586,200
verify_joint_K24_phase00,24,0,10,0.545000,-0.272500,0.272500,8,0.835000,0.000000,0.000000,25.844215,30.000000,28.000000,-0.852476,15.907250,1.066495,200
verify_joint_K24_phase00,24,0,10,0.545000,-0.272500,0.272500,10,0.840000,0.000000,0.000000,27.562311,30.000000,28.000000,-0.770781,16.452088,1.065182,198
verify_joint_K24_phase00,24,0,10,0.545000,-0.272500,0.272500,12,0.910000,0.000000,0.000000,24.733342,30.000000,28.000000,-0.078276,12.933339,1.070397,187
verify_joint_K24_phase00,24,0,10,0.545000,-0.272500,0.272500,14,0.955000,0.000000,0.000000,13.720413,30.000000,28.000000,-0.453998,5.505811,1.096060,135
verify_joint_K24_phase00,24,0,10,0.545000,-0.272500,0.272500,16,0.995000,0.000000,0.000000,4.245410,30.000000,28.000000,0.011968,0.786807,1.160176,57
verify_joint_K24_phase00,24,0,10,0.545000,-0.272500,0.272500,18,1.000000,0.000000,0.000000,0.358224,30.000000,28.000000,0.006048,0.007238,1.285410,10
verify_joint_K24_phase00,24,0,10,0.545000,-0.272500,0.272500,20,1.000000,0.000000,0.010000,0.255597,30.000000,28.000000,-0.001725,0.055933,1.508990,1
verify_joint_K24_phase00,24,0,10,0.545000,-0.272500,0.272500,22,1.000000,0.040000,0.135000,0.196932,30.000000,28.000000,-0.013294,0.093259,1.841453,0
verify_joint_K24_phase00,24,0,10,0.545000,-0.272500,0.272500,24,1.000000,0.140000,0.380000,0.136017,30.000000,28.000000,-0.006254,0.076429,2.388125,0
verify_joint_K24_phase00,24,0,10,0.545000,-0.272500,0.272500,26,1.000000,0.465000,0.755000,0.094932,30.000000,28.000000,-0.006596,0.061158,3.253726,0
verify_joint_K24_phase00,24,0,10,0.545000,-0.272500,0.272500,28,1.000000,0.695000,0.930000,0.071114,30.000000,28.000000,-0.003763,0.044191,4.604991,0
verify_joint_K24_phase00,24,0,10,0.545000,-0.272500,0.272500,30,1.000000,0.910000,1.000000,0.055308,30.000000,28.000000,-0.004429,0.040124,6.764679,0
verify_joint_K24_phase05,24,5,1,5.450000,-2.725000,2.725000,-4,1.000000,1.000000,1.000000,0.049805,-4.000000,-4.000000,0.000530,0.048444,34.707543,0
verify_joint_K24_phase05,24,5,1,5.450000,-2.725000,2.725000,-2,1.000000,1.000000,1.000000,0.049422,-4.000000,-4.000000,0.000243,0.048682,54.558283,0
verify_joint_K24_phase05,24,5,1,5.450000,-2.725000,2.725000,0,1.000000,1.000000,1.000000,0.049446,-4.000000,-4.000000,0.000465,0.049298,85.648248,0
verify_joint_K24_phase05,24,5,1,5.450000,-2.725000,2.725000,2,1.000000,1.000000,1.000000,0.048732,-4.000000,-4.000000,0.000758,0.049065,135.512578,0
verify_joint_K24_phase05,24,5,1,5.450000,-2.725000,2.725000,4,1.000000,1.000000,1.000000,0.048704,-4.000000,-4.000000,0.000947,0.049368,213.825598,0
verify_joint_K24_phase05,24,5,1,5.450000,-2.725000,2.725000,6,1.000000,1.000000,1.000000,0.048875,-4.000000,-4.000000,0.001018,0.049705,336.955239,0
verify_joint_K24_phase05,24,5,1,5.450000,-2.725000,2.725000,8,1.000000,1.000000,1.000000,0.048797,-4.000000,-4.000000,0.001174,0.049854,531.623230,0
verify_joint_K24_phase05,24,5,1,5.450000,-2.725000,2.725000,10,1.000000,1.000000,1.000000,0.048607,-4.000000,-4.000000,0.001342,0.049867,833.369697,0
verify_joint_K24_phase05,24,5,1,5.450000,-2.725000,2.725000,12,1.000000,1.000000,1.000000,0.048495,-4.000000,-4.000000,0.001161,0.049603,1301.155642,0
verify_joint_K24_phase05,24,5,1,5.450000,-2.725000,2.725000,14,1.000000,1.000000,1.000000,0.048531,-4.000000,-4.000000,0.001105,0.049595,2008.867103,0
verify_joint_K24_phase05,24,5,1,5.450000,-2.725000,2.725000,16,1.000000,1.000000,1.000000,0.048589,-4.000000,-4.000000,0.001057,0.049618,3062.928619,0
verify_joint_K24_phase05,24,5,1,5.450000,-2.725000,2.725000,18,1.000000,1.000000,1.000000,0.048560,-4.000000,-4.000000,0.001086,0.049623,4572.041139,0
verify_joint_K24_phase05,24,5,1,5.450000,-2.725000,2.725000,20,1.000000,1.000000,1.000000,0.048562,-4.000000,-4.000000,0.001172,0.049712,6624.866984,0
verify_joint_K24_phase05,24,5,1,5.450000,-2.725000,2.725000,22,1.000000,1.000000,1.000000,0.048542,-4.000000,-4.000000,0.001193,0.049715,9216.349432,0
verify_joint_K24_phase05,24,5,1,5.450000,-2.725000,2.725000,24,1.000000,1.000000,1.000000,0.048557,-4.000000,-4.000000,0.001112,0.049654,12268.102897,0
verify_joint_K24_phase05,24,5,1,5.450000,-2.725000,2.725000,26,1.000000,1.000000,1.000000,0.048553,-4.000000,-4.000000,0.001167,0.049704,15443.482913,0
verify_joint_K24_phase05,24,5,1,5.450000,-2.725000,2.725000,28,1.000000,1.000000,1.000000,0.048524,-4.000000,-4.000000,0.001140,0.049649,18498.822121,0
verify_joint_K24_phase05,24,5,1,5.450000,-2.725000,2.725000,30,1.000000,1.000000,1.000000,0.048546,-4.000000,-4.000000,0.001123,0.049655,21117.657723,0
verify_joint_K24_phase05,24,5,2,2.725000,-1.362500,1.362500,-4,1.000000,0.505000,1.000000,0.091837,2.000000,-4.000000,-0.003400,0.038915,2.620303,0
verify_joint_K24_phase05,24,5,2,2.725000,-1.362500,1.362500,-2,1.000000,0.795000,1.000000,0.063380,2.000000,-4.000000,0.004107,0.037221,3.620489,0
verify_joint_K24_phase05,24,5,2,2.725000,-1.362500,1.362500,0,1.000000,0.880000,1.000000,0.054384,2.000000,-4.000000,0.001505,0.033006,5.205038,0
verify_joint_K24_phase05,24,5,2,2.725000,-1.362500,1.362500,2,1.000000,0.960000,1.000000,0.047125,2.000000,-4.000000,-0.000116,0.031207,7.734675,0
verify_joint_K24_phase05,24,5,2,2.725000,-1.362500,1.362500,4,1.000000,0.995000,1.000000,0.041671,2.000000,-4.000000,0.002842,0.033587,11.702373,0
verify_joint_K24_phase05,24,5,2,2.725000,-1.362500,1.362500,6,1.000000,0.995000,1.000000,0.035197,2.000000,-4.000000,0.001370,0.030999,18.041951,0
verify_joint_K24_phase05,24,5,2,2.725000,-1.362500,1.362500,8,1.000000,1.000000,1.000000,0.034202,2.000000,-4.000000,0.002157,0.031689,28.010819,0
verify_joint_K24_phase05,24,5,2,2.725000,-1.362500,1.362500,10,1.000000,1.000000,1.000000,0.032381,2.000000,-4.000000,0.000350,0.030076,43.855525,0
verify_joint_K24_phase05,24,5,2,2.725000,-1.362500,1.362500,12,1.000000,1.000000,1.000000,0.030595,2.000000,-4.000000,0.001449,0.030492,69.010771,0
verify_joint_K24_phase05,24,5,2,2.725000,-1.362500,1.362500,14,1.000000,1.000000,1.000000,0.030255,2.000000,-4.000000,0.002367,0.031617,108.611241,0
verify_joint_K24_phase05,24,5,2,2.725000,-1.362500,1.362500,16,1.000000,1.000000,1.000000,0.029834,2.000000,-4.000000,0.001277,0.030499,171.338782,0
verify_joint_K24_phase05,24,5,2,2.725000,-1.362500,1.362500,18,1.000000,1.000000,1.000000,0.029638,2.000000,-4.000000,0.001701,0.030933,270.341212,0
verify_joint_K24_phase05,24,5,2,2.725000,-1.362500,1.362500,20,1.000000,1.000000,1.000000,0.029493,2.000000,-4.000000,0.001623,0.030835,426.302117,0
verify_joint_K24_phase05,24,5,2,2.725000,-1.362500,1.362500,22,1.000000,1.000000,1.000000,0.029426,2.000000,-4.000000,0.001800,0.030996,666.625614,0
verify_joint_K24_phase05,24,5,2,2.725000,-1.362500,1.362500,24,1.000000,1.000000,1.000000,0.029357,2.000000,-4.000000,0.001642,0.030861,1035.487993,0
verify_joint_K24_phase05,24,5,2,2.725000,-1.362500,1.362500,26,1.000000,1.000000,1.000000,0.029322,2.000000,-4.000000,0.001530,0.030752,1591.150042,0
verify_joint_K24_phase05,24,5,2,2.725000,-1.362500,1.362500,28,1.000000,1.000000,1.000000,0.029266,2.000000,-4.000000,0.001553,0.030729,2412.503446,0
verify_joint_K24_phase05,24,5,2,2.725000,-1.362500,1.362500,30,1.000000,1.000000,1.000000,0.029256,2.000000,-4.000000,0.001563,0.030752,3561.358844,0
verify_joint_K24_phase05,24,5,3,1.816667,-0.908333,0.908333,-4,1.000000,0.005000,0.585000,0.428237,8.000000,-2.000000,-0.055472,0.200447,1.243686,6
verify_joint_K24_phase05,24,5,3,1.816667,-0.908333,0.908333,-2,1.000000,0.045000,0.905000,0.251576,8.000000,-2.000000,-0.016478,0.107024,1.425906,0
verify_joint_K24_phase05,24,5,3,1.816667,-0.908333,0.908333,0,1.000000,0.195000,0.995000,0.162290,8.000000,-2.000000,-0.013640,0.070901,1.716111,0
verify_joint_K24_phase05,24,5,3,1.816667,-0.908333,0.908333,2,1.000000,0.385000,1.000000,0.120607,8.000000,-2.000000,0.010247,0.050605,2.174376,0
verify_joint_K24_phase05,24,5,3,1.816667,-0.908333,0.908333,4,1.000000,0.610000,1.000000,0.081403,8.000000,-2.000000,0.004380,0.037785,2.912342,0
verify_joint_K24_phase05,24,5,3,1.816667,-0.908333,0.908333,6,1.000000,0.820000,1.000000,0.060758,8.000000,-2.000000,0.002799,0.030628,4.068149,0
verify_joint_K24_phase05,24,5,3,1.816667,-0.908333,0.908333,8,1.000000,0.925000,1.000000,0.049864,8.000000,-2.000000,0.002921,0.028580,5.935323,0
verify_joint_K24_phase05,24,5,3,1.816667,-0.908333,0.908333,10,1.000000,0.995000,1.000000,0.039242,8.000000,-2.000000,0.002954,0.027662,8.842042,0
verify_joint_K24_phase05,24,5,3,1.816667,-0.908333,0.908333,12,1.000000,1.000000,1.000000,0.033093,8.000000,-2.000000,0.002847,0.026240,13.520687,0
verify_joint_K24_phase05,24,5,3,1.816667,-0.908333,0.908333,14,1.000000,1.000000,1.000000,0.030307,8.000000,-2.000000,0.003114,0.026042,20.866379,0
verify_joint_K24_phase05,24,5,3,1.816667,-0.908333,0.908333,16,1.000000,1.000000,1.000000,0.027611,8.000000,-2.000000,0.004121,0.026769,32.471526,0
verify_joint_K24_phase05,24,5,3,1.816667,-0.908333,0.908333,18,1.000000,1.000000,1.000000,0.026039,8.000000,-2.000000,0.005617,0.028068,50.968813,0
verify_joint_K24_phase05,24,5,3,1.816667,-0.908333,0.908333,20,1.000000,1.000000,1.000000,0.024967,8.000000,-2.000000,0.005787,0.028235,80.425873,0
verify_joint_K24_phase05,24,5,3,1.816667,-0.908333,0.908333,22,1.000000,1.000000,1.000000,0.023806,8.000000,-2.000000,0.004520,0.026764,126.318083,0
verify_joint_K24_phase05,24,5,3,1.816667,-0.908333,0.908333,24,1.000000,1.000000,1.000000,0.023550,8.000000,-2.000000,0.004944,0.027287,199.482236,0
verify_joint_K24_phase05,24,5,3,1.816667,-0.908333,0.908333,26,1.000000,1.000000,1.000000,0.023075,8.000000,-2.000000,0.004315,0.026518,314.094804,0
verify_joint_K24_phase05,24,5,3,1.816667,-0.908333,0.908333,28,1.000000,1.000000,1.000000,0.023014,8.000000,-2.000000,0.004578,0.026853,493.978310,0
verify_joint_K24_phase05,24,5,3,1.816667,-0.908333,0.908333,30,1.000000,1.000000,1.000000,0.022860,8.000000,-2.000000,0.004708,0.026913,770.963287,0
verify_joint_K24_phase05,24,5,5,1.090000,-0.545000,0.545000,-4,0.875000,0.000000,0.000000,25.634819,16.000000,10.000000,-0.608778,15.063425,1.065126,199
verify_joint_K24_phase05,24,5,5,1.090000,-0.545000,0.545000,-2,0.910000,0.000000,0.000000,24.001809,16.000000,10.000000,1.523614,14.696172,1.066857,193
verify_joint_K24_phase05,24,5,5,1.090000,-0.545000,0.545000,0,0.925000,0.000000,0.000000,20.819186,16.000000,10.000000,1.337244,11.218825,1.073414,175
verify_joint_K24_phase05,24,5,5,1.090000,-0.545000,0.545000,2,0.985000,0.000000,0.000000,11.139578,16.000000,10.000000,-0.615051,3.134582,1.119863,72
verify_joint_K24_phase05,24,5,5,1.090000,-0.545000,0.545000,4,1.000000,0.000000,0.030000,0.497443,16.000000,10.000000,0.025041,0.163238,1.215854,14
verify_joint_K24_phase05,24,5,5,1.090000,-0.545000,0.545000,6,1.000000,0.000000,0.280000,0.309341,16.000000,10.000000,-0.006998,0.129208,1.373854,2
verify_joint_K24_phase05,24,5,5,1.090000,-0.545000,0.545000,8,1.000000,0.085000,0.775000,0.201448,16.000000,10.000000,0.026373,0.101071,1.646008,0
verify_joint_K24_phase05,24,5,5,1.090000,-0.545000,0.545000,10,1.000000,0.285000,0.960000,0.133749,16.000000,10.000000,0.023922,0.070467,2.066089,0
verify_joint_K24_phase05,24,5,5,1.090000,-0.545000,0.545000,12,1.000000,0.560000,0.995000,0.091608,16.000000,10.000000,0.013673,0.049532,2.729858,0
verify_joint_K24_phase05,24,5,5,1.090000,-0.545000,0.545000,14,1.000000,0.770000,1.000000,0.065991,16.000000,10.000000,0.011518,0.038508,3.798424,0
verify_joint_K24_phase05,24,5,5,1.090000,-0.545000,0.545000,16,1.000000,0.940000,1.000000,0.051749,16.000000,10.000000,0.008032,0.031724,5.483548,0
verify_joint_K24_phase05,24,5,5,1.090000,-0.545000,0.545000,18,1.000000,0.965000,1.000000,0.043571,16.000000,10.000000,0.014327,0.034979,8.154823,0
verify_joint_K24_phase05,24,5,5,1.090000,-0.545000,0.545000,20,1.000000,1.000000,1.000000,0.032696,16.000000,10.000000,0.008882,0.027865,12.400718,0
verify_joint_K24_phase05,24,5,5,1.090000,-0.545000,0.545000,22,1.000000,1.000000,1.000000,0.028827,16.000000,10.000000,0.009922,0.028115,19.133353,0
verify_joint_K24_phase05,24,5,5,1.090000,-0.545000,0.545000,24,1.000000,1.000000,1.000000,0.025987,16.000000,10.000000,0.010883,0.028305,29.848663,0
verify_joint_K24_phase05,24,5,5,1.090000,-0.545000,0.545000,26,1.000000,1.000000,1.000000,0.023333,16.000000,10.000000,0.009594,0.026757,46.635856,0
verify_joint_K24_phase05,24,5,5,1.090000,-0.545000,0.545000,28,1.000000,1.000000,1.000000,0.021547,16.000000,10.000000,0.008712,0.025691,73.377610,0
verify_joint_K24_phase05,24,5,5,1.090000,-0.545000,0.545000,30,1.000000,1.000000,1.000000,0.021182,16.000000,10.000000,0.009960,0.026788,115.654599,0
verify_joint_K24_phase05,24,5,7,0.778571,-0.389286,0.389286,-4,0.840000,0.000000,0.000000,28.444784,22.000000,16.000000,0.881525,17.829246,1.061797,200
verify_joint_K24_phase05,24,5,7,0.778571,-0.389286,0.389286,-2,0.885000,0.000000,0.000000,27.563346,22.000000,16.000000,1.966058,18.562387,1.065290,199
verify_joint_K24_phase05,24,5,7,0.778571,-0.389286,0.389286,0,0.870000,0.000000,0.000000,26.046307,22.000000,16.000000,-1.025475,16.392775,1.062308,200
verify_joint_K24_phase05,24,5,7,0.778571,-0.389286,0.389286,2,0.900000,0.000000,0.000000,24.064191,22.000000,16.000000,1.274192,14.840519,1.065618,197
verify_joint_K24_phase05,24,5,7,0.778571,-0.389286,0.389286,4,0.890000,0.000000,0.000000,23.084492,22.000000,16.000000,-2.627681,14.622311,1.067316,181
verify_joint_K24_phase05,24,5,7,0.778571,-0.389286,0.389286,6,0.975000,0.000000,0.000000,14.459965,22.000000,16.000000,0.578393,5.875007,1.094160,122
verify_joint_K24_phase05,24,5,7,0.778571,-0.389286,0.389286,8,0.990000,0.000000,0.000000,2.470572,22.000000,16.000000,0.061647,0.369764,1.163703,45
verify_joint_K24_phase05,24,5,7,0.778571,-0.389286,0.389286,10,1.000000,0.000000,0.005000,0.375141,22.000000,16.000000,0.001620,0.085268,1.297125,8
verify_joint_K24_phase05,24,5,7,0.778571,-0.389286,0.389286,12,1.000000,0.005000,0.145000,0.268475,22.000000,16.000000,0.015802,0.101412,1.517213,0
verify_joint_K24_phase05,24,5,7,0.778571,-0.389286,0.389286,14,1.000000,0.095000,0.595000,0.171491,22.000000,16.000000,0.002083,0.065117,1.857769,0
verify_joint_K24_phase05,24,5,7,0.778571,-0.389286,0.389286,16,1.000000,0.375000,0.920000,0.111642,22.000000,16.000000,0.012588,0.055514,2.416708,0
verify_joint_K24_phase05,24,5,7,0.778571,-0.389286,0.389286,18,1.000000,0.705000,0.995000,0.074025,22.000000,16.000000,0.010373,0.041727,3.287409,0
verify_joint_K24_phase05,24,5,7,0.778571,-0.389286,0.389286,20,1.000000,0.870000,1.000000,0.058193,22.000000,16.000000,0.007380,0.030462,4.646225,0
verify_joint_K24_phase05,24,5,7,0.778571,-0.389286,0.389286,22,1.000000,0.980000,1.000000,0.043995,22.000000,16.000000,0.010874,0.030504,6.869023,0
verify_joint_K24_phase05,24,5,7,0.778571,-0.389286,0.389286,24,1.000000,1.000000,1.000000,0.036966,22.000000,16.000000,0.010709,0.027604,10.336952,0
verify_joint_K24_phase05,24,5,7,0.778571,-0.389286,0.389286,26,1.000000,1.000000,1.000000,0.030716,22.000000,16.000000,0.013585,0.029185,15.871059,0
verify_joint_K24_phase05,24,5,7,0.778571,-0.389286,0.389286,28,1.000000,1.000000,1.000000,0.026351,22.000000,16.000000,0.011909,0.026653,24.625022,0
verify_joint_K24_phase05,24,5,7,0.778571,-0.389286,0.389286,30,1.000000,1.000000,1.000000,0.023964,22.000000,16.000000,0.013326,0.027367,38.430757,0
verify_joint_K24_phase05,24,5,10,0.545000,-0.272500,0.272500,-4,0.860000,0.000000,0.000000,28.747537,26.000000,24.000000,-2.025406,19.317912,1.065488,200
verify_joint_K24_phase05,24,5,10,0.545000,-0.272500,0.272500,-2,0.875000,0.000000,0.000000,29.223043,26.000000,24.000000,-2.077985,20.165001,1.062660,200
verify_joint_K24_phase05,24,5,10,0.545000,-0.272500,0.272500,0,0.900000,0.000000,0.000000,27.446646,26.000000,24.000000,0.926166,17.406650,1.063423,200
verify_joint_K24_phase05,24,5,10,0.545000,-0.272500,0.272500,2,0.885000,0.000000,0.000000,30.981122,26.000000,24.000000,-1.135749,19.904484,1.060767,200
verify_joint_K24_phase05,24,5,10,0.545000,-0.272500,0.272500,4,0.905000,0.000000,0.000000,27.634883,26.000000,24.000000,0.368432,17.051983,1.062384,200
verify_joint_K24_phase05,24,5,10,0.545000,-0.272500,0.272500,6,0.905000,0.000000,0.000000,27.712978,26.000000,24.000000,-2.455434,18.566119,1.065071,196
verify_joint_K24_phase05,24,5,10,0.545000,-0.272500,0.272500,8,0.865000,0.000000,0.000000,22.554283,26.000000,24.000000,-0.310957,12.205994,1.071469,188
verify_joint_K24_phase05,24,5,10,0.545000,-0.272500,0.272500,10,0.920000,0.000000,0.000000,17.617385,26.000000,24.000000,-0.643322,7.644352,1.087576,145
verify_joint_K24_phase05,24,5,10,0.545000,-0.272500,0.272500,12,0.985000,0.000000,0.000000,6.853915,26.000000,24.000000,0.008727,1.195898,1.142838,63
verify_joint_K24_phase05,24,5,10,0.545000,-0.272500,0.272500,14,1.000000,0.000000,0.000000,0.392267,26.000000,24.000000,-0.001031,0.021729,1.264413,14
verify_joint_K24_phase05,24,5,10,0.545000,-0.272500,0.272500,16,1.000000,0.000000,0.000000,0.271519,26.000000,24.000000,0.015378,0.065758,1.453542,1
verify_joint_K24_phase05,24,5,10,0.545000,-0.272500,0.272500,18,1.000000,0.040000,0.140000,0.190234,26.000000,24.000000,0.013038,0.074754,1.760560,0
verify_joint_K24_phase05,24,5,10,0.545000,-0.272500,0.272500,20,1.000000,0.230000,0.530000,0.128264,26.000000,24.000000,0.017157,0.060169,2.265301,0
verify_joint_K24_phase05,24,5,10,0.545000,-0.272500,0.272500,22,1.000000,0.545000,0.855000,0.090371,26.000000,24.000000,0.009669,0.042556,3.036788,0
verify_joint_K24_phase05,24,5,10,0.545000,-0.272500,0.272500,24,1.000000,0.825000,0.940000,0.065635,26.000000,24.000000,0.013876,0.035268,4.284150,0
verify_joint_K24_phase05,24,5,10,0.545000,-0.272500,0.272500,26,1.000000,0.965000,1.000000,0.046321,26.000000,24.000000,0.010234,0.027287,6.264000,0
verify_joint_K24_phase05,24,5,10,0.545000,-0.272500,0.272500,28,1.000000,0.985000,1.000000,0.040147,26.000000,24.000000,0.015115,0.029375,9.381417,0
verify_joint_K24_phase05,24,5,10,0.545000,-0.272500,0.272500,30,1.000000,1.000000,1.000000,0.031141,26.000000,24.000000,0.012974,0.025986,14.320571,0
verify_joint_K24_phase15,24,15,1,5.450000,-2.725000,2.725000,-4,1.000000,1.000000,1.000000,0.050701,-4.000000,-4.000000,-0.000036,0.048975,35.839014,0
verify_joint_K24_phase15,24,15,1,5.450000,-2.725000,2.725000,-2,1.000000,1.000000,1.000000,0.050404,-4.000000,-4.000000,-0.000378,0.049822,56.341149,0
verify_joint_K24_phase15,24,15,1,5.450000,-2.725000,2.725000,0,1.000000,1.000000,1.000000,0.050449,-4.000000,-4.000000,-0.000335,0.050192,88.467425,0
verify_joint_K24_phase15,24,15,1,5.450000,-2.725000,2.725000,2,1.000000,1.000000,1.000000,0.049754,-4.000000,-4.000000,0.000017,0.049360,139.976907,0
verify_joint_K24_phase15,24,15,1,5.450000,-2.725000,2.725000,4,1.000000,1.000000,1.000000,0.049661,-4.000000,-4.000000,0.000354,0.049756,220.825068,0
verify_joint_K24_phase15,24,15,1,5.450000,-2.725000,2.725000,6,1.000000,1.000000,1.000000,0.049872,-4.000000,-4.000000,0.000296,0.049999,347.935558,0
verify_joint_K24_phase15,24,15,1,5.450000,-2.725000,2.725000,8,1.000000,1.000000,1.000000,0.049806,-4.000000,-4.000000,0.000440,0.050143,548.688446,0
verify_joint_K24_phase15,24,15,1,5.450000,-2.725000,2.725000,10,1.000000,1.000000,1.000000,0.049578,-4.000000,-4.000000,0.000663,0.050175,859.270580,0
verify_joint_K24_phase15,24,15,1,5.450000,-2.725000,2.725000,12,1.000000,1.000000,1.000000,0.049490,-4.000000,-4.000000,0.000411,0.049862,1337.198413,0
verify_joint_K24_phase15,24,15,1,5.450000,-2.725000,2.725000,14,1.000000,1.000000,1.000000,0.049525,-4.000000,-4.000000,0.000395,0.049892,2051.550262,0
verify_joint_K24_phase15,24,15,1,5.450000,-2.725000,2.725000,16,1.000000,1.000000,1.000000,0.049581,-4.000000,-4.000000,0.000330,0.049895,3099.161678,0
verify_joint_K24_phase15,24,15,1,5.450000,-2.725000,2.725000,18,1.000000,1.000000,1.000000,0.049558,-4.000000,-4.000000,0.000361,0.049908,4560.986631,0
verify_joint_K24_phase15,24,15,1,5.450000,-2.725000,2.725000,20,1.000000,1.000000,1.000000,0.049558,-4.000000,-4.000000,0.000456,0.050004,6492.529250,0
verify_joint_K24_phase15,24,15,1,5.450000,-2.725000,2.725000,22,1.000000,1.000000,1.000000,0.049538,-4.000000,-4.000000,0.000478,0.050009,8840.952733,0
verify_joint_K24_phase15,24,15,1,5.450000,-2.725000,2.725000,24,1.000000,1.000000,1.000000,0.049550,-4.000000,-4.000000,0.000415,0.049961,11491.947873,0
verify_joint_K24_phase15,24,15,1,5.450000,-2.725000,2.725000,26,1.000000,1.000000,1.000000,0.049548,-4.000000,-4.000000,0.000452,0.049996,14119.074805,0
verify_joint_K24_phase15,24,15,1,5.450000,-2.725000,2.725000,28,1.000000,1.000000,1.000000,0.049518,-4.000000,-4.000000,0.000427,0.049942,16539.106977,0
verify_joint_K24_phase15,24,15,1,5.450000,-2.725000,2.725000,30,1.000000,1.000000,1.000000,0.049540,-4.000000,-4.000000,0.000418,0.049956,18529.531003,0
verify_joint_K24_phase15,24,15,2,2.725000,-1.362500,1.362500,-4,1.000000,0.695000,1.000000,0.075853,0.000000,-4.000000,0.007566,0.041086,3.260416,0
verify_joint_K24_phase15,24,15,2,2.725000,-1.362500,1.362500,-2,1.000000,0.845000,1.000000,0.057874,0.000000,-4.000000,0.012977,0.045530,4.638059,0
verify_joint_K24_phase15,24,15,2,2.725000,-1.362500,1.362500,0,1.000000,0.915000,1.000000,0.050291,0.000000,-4.000000,0.008024,0.039721,6.824628,0
verify_joint_K24_phase15,24,15,2,2.725000,-1.362500,1.362500,2,1.000000,1.000000,1.000000,0.042980,0.000000,-4.000000,0.007562,0.039397,10.290360,0
verify_joint_K24_phase15,24,15,2,2.725000,-1.362500,1.362500,4,1.000000,0.990000,1.000000,0.040640,0.000000,-4.000000,0.009081,0.040707,15.766888,0
verify_joint_K24_phase15,24,15,2,2.725000,-1.362500,1.362500,6,1.000000,1.000000,1.000000,0.036137,0.000000,-4.000000,0.008590,0.039193,24.482899,0
verify_joint_K24_phase15,24,15,2,2.725000,-1.362500,1.362500,8,1.000000,1.000000,1.000000,0.035255,0.000000,-4.000000,0.009153,0.039830,38.186122,0
verify_joint_K24_phase15,24,15,2,2.725000,-1.362500,1.362500,10,1.000000,1.000000,1.000000,0.033730,0.000000,-4.000000,0.007453,0.038397,59.990257,0
verify_joint_K24_phase15,24,15,2,2.725000,-1.362500,1.362500,12,1.000000,1.000000,1.000000,0.032443,0.000000,-4.000000,0.007788,0.038112,94.589272,0
verify_joint_K24_phase15,24,15,2,2.725000,-1.362500,1.362500,14,1.000000,1.000000,1.000000,0.032411,0.000000,-4.000000,0.008776,0.039316,148.986552,0
verify_joint_K24_phase15,24,15,2,2.725000,-1.362500,1.362500,16,1.000000,1.000000,1.000000,0.032129,0.000000,-4.000000,0.008588,0.039094,235.106769,0
verify_joint_K24_phase15,24,15,2,2.725000,-1.362500,1.362500,18,1.000000,1.000000,1.000000,0.031973,0.000000,-4.000000,0.008369,0.038952,370.585048,0
verify_joint_K24_phase15,24,15,2,2.725000,-1.362500,1.362500,20,1.000000,1.000000,1.000000,0.031856,0.000000,-4.000000,0.008355,0.038916,583.125525,0
verify_joint_K24_phase15,24,15,2,2.725000,-1.362500,1.362500,22,1.000000,1.000000,1.000000,0.031805,0.000000,-4.000000,0.008392,0.038933,907.742494,0
verify_joint_K24_phase15,24,15,2,2.725000,-1.362500,1.362500,24,1.000000,1.000000,1.000000,0.031793,0.000000,-4.000000,0.008503,0.039065,1398.266808,0
verify_joint_K24_phase15,24,15,2,2.725000,-1.362500,1.362500,26,1.000000,1.000000,1.000000,0.031719,0.000000,-4.000000,0.008316,0.038878,2118.181028,0
verify_joint_K24_phase15,24,15,2,2.725000,-1.362500,1.362500,28,1.000000,1.000000,1.000000,0.031677,0.000000,-4.000000,0.008337,0.038865,3144.252669,0
verify_joint_K24_phase15,24,15,2,2.725000,-1.362500,1.362500,30,1.000000,1.000000,1.000000,0.031676,0.000000,-4.000000,0.008342,0.038883,4514.817332,0
verify_joint_K24_phase15,24,15,3,1.816667,-0.908333,0.908333,-4,1.000000,0.170000,0.955000,0.193589,4.000000,-4.000000,-0.016171,0.071696,1.547404,0
verify_joint_K24_phase15,24,15,3,1.816667,-0.908333,0.908333,-2,1.000000,0.335000,0.995000,0.138468,4.000000,-4.000000,0.005476,0.045324,1.914945,0
verify_joint_K24_phase15,24,15,3,1.816667,-0.908333,0.908333,0,1.000000,0.500000,1.000000,0.100590,4.000000,-4.000000,0.004733,0.036261,2.496077,0
verify_joint_K24_phase15,24,15,3,1.816667,-0.908333,0.908333,2,1.000000,0.690000,1.000000,0.079719,4.000000,-4.000000,0.011955,0.038042,3.409118,0
verify_joint_K24_phase15,24,15,3,1.816667,-0.908333,0.908333,4,1.000000,0.905000,1.000000,0.053809,4.000000,-4.000000,0.013909,0.039264,4.865774,0
verify_joint_K24_phase15,24,15,3,1.816667,-0.908333,0.908333,6,1.000000,0.970000,1.000000,0.044461,4.000000,-4.000000,0.008946,0.032196,7.155626,0
verify_joint_K24_phase15,24,15,3,1.816667,-0.908333,0.908333,8,1.000000,0.990000,1.000000,0.038467,4.000000,-4.000000,0.011195,0.034224,10.852703,0
verify_joint_K24_phase15,24,15,3,1.816667,-0.908333,0.908333,10,1.000000,1.000000,1.000000,0.033142,4.000000,-4.000000,0.011235,0.034197,16.619652,0
verify_joint_K24_phase15,24,15,3,1.816667,-0.908333,0.908333,12,1.000000,1.000000,1.000000,0.029769,4.000000,-4.000000,0.010830,0.033146,25.837309,0
verify_joint_K24_phase15,24,15,3,1.816667,-0.908333,0.908333,14,1.000000,1.000000,1.000000,0.028184,4.000000,-4.000000,0.010211,0.032624,40.379241,0
verify_joint_K24_phase15,24,15,3,1.816667,-0.908333,0.908333,16,1.000000,1.000000,1.000000,0.027140,4.000000,-4.000000,0.010908,0.033189,63.360357,0
verify_joint_K24_phase15,24,15,3,1.816667,-0.908333,0.908333,18,1.000000,1.000000,1.000000,0.026999,4.000000,-4.000000,0.012285,0.034447,99.929019,0
verify_joint_K24_phase15,24,15,3,1.816667,-0.908333,0.908333,20,1.000000,1.000000,1.000000,0.026412,4.000000,-4.000000,0.012237,0.034533,158.111221,0
verify_joint_K24_phase15,24,15,3,1.816667,-0.908333,0.908333,22,1.000000,1.000000,1.000000,0.025418,4.000000,-4.000000,0.011176,0.033287,248.675317,0
verify_joint_K24_phase15,24,15,3,1.816667,-0.908333,0.908333,24,1.000000,1.000000,1.000000,0.025408,4.000000,-4.000000,0.011420,0.033710,392.583508,0
verify_joint_K24_phase15,24,15,3,1.816667,-0.908333,0.908333,26,1.000000,1.000000,1.000000,0.025014,4.000000,-4.000000,0.011117,0.033261,616.790275,0
verify_joint_K24_phase15,24,15,3,1.816667,-0.908333,0.908333,28,1.000000,1.000000,1.000000,0.025042,4.000000,-4.000000,0.011201,0.033441,965.136125,0
verify_joint_K24_phase15,24,15,3,1.816667,-0.908333,0.908333,30,1.000000,1.000000,1.000000,0.024973,4.000000,-4.000000,0.011300,0.033474,1491.436538,0
verify_joint_K24_phase15,24,15,5,1.090000,-0.545000,0.545000,-4,0.970000,0.000000,0.000000,13.105986,12.000000,4.000000,-0.691505,4.965807,1.101966,118
verify_joint_K24_phase15,24,15,5,1.090000,-0.545000,0.545000,-2,1.000000,0.000000,0.040000,3.320243,12.000000,4.000000,-0.211010,0.443700,1.180768,26
verify_joint_K24_phase15,24,15,5,1.090000,-0.545000,0.545000,0,1.000000,0.000000,0.290000,0.343476,12.000000,4.000000,0.016731,0.116533,1.330395,3
verify_joint_K24_phase15,24,15,5,1.090000,-0.545000,0.545000,2,1.000000,0.120000,0.785000,0.201842,12.000000,4.000000,0.009263,0.062465,1.579404,0
verify_joint_K24_phase15,24,15,5,1.090000,-0.545000,0.545000,4,1.000000,0.275000,0.940000,0.137480,12.000000,4.000000,0.020052,0.056266,1.957220,0
verify_joint_K24_phase15,24,15,5,1.090000,-0.545000,0.545000,6,1.000000,0.595000,0.995000,0.095187,12.000000,4.000000,0.004770,0.030720,2.558730,0
verify_joint_K24_phase15,24,15,5,1.090000,-0.545000,0.545000,8,1.000000,0.745000,1.000000,0.071296,12.000000,4.000000,0.014276,0.034020,3.525888,0
verify_joint_K24_phase15,24,15,5,1.090000,-0.545000,0.545000,10,1.000000,0.880000,1.000000,0.057761,12.000000,4.000000,0.015486,0.032878,5.053253,0
verify_joint_K24_phase15,24,15,5,1.090000,-0.545000,0.545000,12,1.000000,0.965000,1.000000,0.044724,12.000000,4.000000,0.010869,0.026940,7.458246,0
verify_joint_K24_phase15,24,15,5,1.090000,-0.545000,0.545000,14,1.000000,1.000000,1.000000,0.034457,12.000000,4.000000,0.009557,0.024731,11.296526,0
verify_joint_K24_phase15,24,15,5,1.090000,-0.545000,0.545000,16,1.000000,1.000000,1.000000,0.029198,12.000000,4.000000,0.009731,0.025037,17.376758,0
verify_joint_K24_phase15,24,15,5,1.090000,-0.545000,0.545000,18,1.000000,1.000000,1.000000,0.027644,12.000000,4.000000,0.014059,0.028741,26.986933,0
verify_joint_K24_phase15,24,15,5,1.090000,-0.545000,0.545000,20,1.000000,1.000000,1.000000,0.022083,12.000000,4.000000,0.010220,0.024635,42.237411,0
verify_joint_K24_phase15,24,15,5,1.090000,-0.545000,0.545000,22,1.000000,1.000000,1.000000,0.021060,12.000000,4.000000,0.010773,0.025041,66.448862,0
verify_joint_K24_phase15,24,15,5,1.090000,-0.545000,0.545000,24,1.000000,1.000000,1.000000,0.019645,12.000000,4.000000,0.010273,0.024465,104.925361,0
verify_joint_K24_phase15,24,15,5,1.090000,-0.545000,0.545000,26,1.000000,1.000000,1.000000,0.018760,12.000000,4.000000,0.010269,0.024499,165.260327,0
verify_joint_K24_phase15,24,15,5,1.090000,-0.545000,0.545000,28,1.000000,1.000000,1.000000,0.018276,12.000000,4.000000,0.010089,0.024322,261.321404,0
verify_joint_K24_phase15,24,15,5,1.090000,-0.545000,0.545000,30,1.000000,1.000000,1.000000,0.018093,12.000000,4.000000,0.010181,0.024370,412.784214,0
verify_joint_K24_phase15,24,15,7,0.778571,-0.389286,0.389286,-4,0.865000,0.000000,0.000000,23.661798,14.000000,10.000000,1.368313,13.992409,1.066036,188
verify_joint_K24_phase15,24,15,7,0.778571,-0.389286,0.389286,-2,0.925000,0.000000,0.000000,18.638575,14.000000,10.000000,0.446030,8.967775,1.080291,166
verify_joint_K24_phase15,24,15,7,0.778571,-0.389286,0.389286,0,0.990000,0.000000,0.000000,10.918268,14.000000,10.000000,0.166572,2.854063,1.125356,71
verify_joint_K24_phase15,24,15,7,0.778571,-0.389286,0.389286,2,1.000000,0.000000,0.005000,0.933397,14.000000,10.000000,0.023984,0.032663,1.226627,12
verify_joint_K24_phase15,24,15,7,0.778571,-0.389286,0.389286,4,1.000000,0.015000,0.115000,0.313561,14.000000,10.000000,-0.010869,0.083596,1.404818,3
verify_joint_K24_phase15,24,15,7,0.778571,-0.389286,0.389286,6,1.000000,0.115000,0.585000,0.181423,14.000000,10.000000,0.021142,0.081418,1.697087,0
verify_joint_K24_phase15,24,15,7,0.778571,-0.389286,0.389286,8,1.000000,0.390000,0.835000,0.127845,14.000000,10.000000,-0.002395,0.030463,2.144078,0
verify_joint_K24_phase15,24,15,7,0.778571,-0.389286,0.389286,10,1.000000,0.650000,0.965000,0.088115,14.000000,10.000000,0.004658,0.026090,2.865532,0
verify_joint_K24_phase15,24,15,7,0.778571,-0.389286,0.389286,12,1.000000,0.815000,0.995000,0.070305,14.000000,10.000000,0.007612,0.023686,4.007132,0
verify_joint_K24_phase15,24,15,7,0.778571,-0.389286,0.389286,14,1.000000,0.950000,1.000000,0.049625,14.000000,10.000000,0.004097,0.017925,5.807031,0
verify_joint_K24_phase15,24,15,7,0.778571,-0.389286,0.389286,16,1.000000,0.990000,1.000000,0.036453,14.000000,10.000000,0.009009,0.020810,8.688453,0
verify_joint_K24_phase15,24,15,7,0.778571,-0.389286,0.389286,18,1.000000,1.000000,1.000000,0.029696,14.000000,10.000000,0.007049,0.018708,13.232065,0
verify_joint_K24_phase15,24,15,7,0.778571,-0.389286,0.389286,20,1.000000,1.000000,1.000000,0.026218,14.000000,10.000000,0.005931,0.017104,20.306917,0
verify_joint_K24_phase15,24,15,7,0.778571,-0.389286,0.389286,22,1.000000,1.000000,1.000000,0.020449,14.000000,10.000000,0.007293,0.018227,31.797439,0
verify_joint_K24_phase15,24,15,7,0.778571,-0.389286,0.389286,24,1.000000,1.000000,1.000000,0.019190,14.000000,10.000000,0.007682,0.018314,49.790319,0
verify_joint_K24_phase15,24,15,7,0.778571,-0.389286,0.389286,26,1.000000,1.000000,1.000000,0.017467,14.000000,10.000000,0.009089,0.019464,78.425028,0
verify_joint_K24_phase15,24,15,7,0.778571,-0.389286,0.389286,28,1.000000,1.000000,1.000000,0.015848,14.000000,10.000000,0.008717,0.019170,123.816075,0
verify_joint_K24_phase15,24,15,7,0.778571,-0.389286,0.389286,30,1.000000,1.000000,1.000000,0.014860,14.000000,10.000000,0.008739,0.019061,195.330306,0
verify_joint_K24_phase15,24,15,10,0.545000,-0.272500,0.272500,-4,0.860000,0.000000,0.000000,28.168573,16.000000,14.000000,-2.217766,18.938943,1.064653,200
verify_joint_K24_phase15,24,15,10,0.545000,-0.272500,0.272500,-2,0.895000,0.000000,0.000000,27.860443,16.000000,14.000000,-2.492958,19.087047,1.061803,197
verify_joint_K24_phase15,24,15,10,0.545000,-0.272500,0.272500,0,0.920000,0.000000,0.000000,22.988985,16.000000,14.000000,1.856262,14.154012,1.069658,184
verify_joint_K24_phase15,24,15,10,0.545000,-0.272500,0.272500,2,0.965000,0.000000,0.000000,16.196798,16.000000,14.000000,-0.489145,6.387097,1.089692,134
verify_joint_K24_phase15,24,15,10,0.545000,-0.272500,0.272500,4,1.000000,0.000000,0.000000,4.842087,16.000000,14.000000,-0.193358,0.935525,1.162900,46
verify_joint_K24_phase15,24,15,10,0.545000,-0.272500,0.272500,6,1.000000,0.000000,0.005000,0.367666,16.000000,14.000000,0.003061,0.004754,1.290167,10
verify_joint_K24_phase15,24,15,10,0.545000,-0.272500,0.272500,8,1.000000,0.010000,0.070000,0.251684,16.000000,14.000000,0.024752,0.079015,1.507606,2
verify_joint_K24_phase15,24,15,10,0.545000,-0.272500,0.272500,10,1.000000,0.150000,0.330000,0.165158,16.000000,14.000000,-0.014844,0.066575,1.849826,0
verify_joint_K24_phase15,24,15,10,0.545000,-0.272500,0.272500,12,1.000000,0.440000,0.690000,0.109860,16.000000,14.000000,0.007947,0.037063,2.376451,0
verify_joint_K24_phase15,24,15,10,0.545000,-0.272500,0.272500,14,1.000000,0.735000,0.910000,0.077718,16.000000,14.000000,0.006583,0.025363,3.245626,0
verify_joint_K24_phase15,24,15,10,0.545000,-0.272500,0.272500,16,1.000000,0.925000,0.990000,0.055396,16.000000,14.000000,0.001583,0.015047,4.602402,0
verify_joint_K24_phase15,24,15,10,0.545000,-0.272500,0.272500,18,1.000000,0.975000,1.000000,0.044943,16.000000,14.000000,0.005481,0.016557,6.748672,0
verify_joint_K24_phase15,24,15,10,0.545000,-0.272500,0.272500,20,1.000000,0.995000,1.000000,0.035809,16.000000,14.000000,0.008197,0.017219,10.172324,0
verify_joint_K24_phase15,24,15,10,0.545000,-0.272500,0.272500,22,1.000000,1.000000,1.000000,0.027486,16.000000,14.000000,0.005960,0.014989,15.555660,0
verify_joint_K24_phase15,24,15,10,0.545000,-0.272500,0.272500,24,1.000000,1.000000,1.000000,0.022990,16.000000,14.000000,0.006909,0.015004,24.135203,0
verify_joint_K24_phase15,24,15,10,0.545000,-0.272500,0.272500,26,1.000000,1.000000,1.000000,0.018352,16.000000,14.000000,0.005172,0.012991,37.735055,0
verify_joint_K24_phase15,24,15,10,0.545000,-0.272500,0.272500,28,1.000000,1.000000,1.000000,0.016042,16.000000,14.000000,0.007000,0.014741,59.220538,0
verify_joint_K24_phase15,24,15,10,0.545000,-0.272500,0.272500,30,1.000000,1.000000,1.000000,0.013910,16.000000,14.000000,0.006257,0.014015,93.327526,0
verify_joint_K24_phase30,24,30,1,5.450000,-2.725000,2.725000,-4,1.000000,1.000000,1.000000,0.053780,-4.000000,-4.000000,-0.000568,0.053005,44.623586,0
verify_joint_K24_phase30,24,30,1,5.450000,-2.725000,2.725000,-2,1.000000,1.000000,1.000000,0.053709,-4.000000,-4.000000,-0.000852,0.053741,70.265837,0
verify_joint_K24_phase30,24,30,1,5.450000,-2.725000,2.725000,0,1.000000,1.000000,1.000000,0.053795,-4.000000,-4.000000,-0.000961,0.054269,110.444395,0
verify_joint_K24_phase30,24,30,1,5.450000,-2.725000,2.725000,2,1.000000,1.000000,1.000000,0.053193,-4.000000,-4.000000,-0.000659,0.053514,174.803308,0
verify_joint_K24_phase30,24,30,1,5.450000,-2.725000,2.725000,4,1.000000,1.000000,1.000000,0.053036,-4.000000,-4.000000,-0.000223,0.053052,275.629403,0
verify_joint_K24_phase30,24,30,1,5.450000,-2.725000,2.725000,6,1.000000,1.000000,1.000000,0.053298,-4.000000,-4.000000,-0.000375,0.053537,433.824241,0
verify_joint_K24_phase30,24,30,1,5.450000,-2.725000,2.725000,8,1.000000,1.000000,1.000000,0.053257,-4.000000,-4.000000,-0.000270,0.053443,681.955105,0
verify_joint_K24_phase30,24,30,1,5.450000,-2.725000,2.725000,10,1.000000,1.000000,1.000000,0.052994,-4.000000,-4.000000,-0.000056,0.053001,1061.559590,0
verify_joint_K24_phase30,24,30,1,5.450000,-2.725000,2.725000,12,1.000000,1.000000,1.000000,0.052953,-4.000000,-4.000000,-0.000344,0.053265,1634.353930,0
verify_joint_K24_phase30,24,30,1,5.450000,-2.725000,2.725000,14,1.000000,1.000000,1.000000,0.052980,-4.000000,-4.000000,-0.000308,0.053266,2470.586190,0
verify_joint_K24_phase30,24,30,1,5.450000,-2.725000,2.725000,16,1.000000,1.000000,1.000000,0.053032,-4.000000,-4.000000,-0.000372,0.053392,3659.071166,0
verify_joint_K24_phase30,24,30,1,5.450000,-2.725000,2.725000,18,1.000000,1.000000,1.000000,0.053017,-4.000000,-4.000000,-0.000348,0.053355,5240.812350,0
verify_joint_K24_phase30,24,30,1,5.450000,-2.725000,2.725000,20,1.000000,1.000000,1.000000,0.053015,-4.000000,-4.000000,-0.000258,0.053267,7206.518823,0
verify_joint_K24_phase30,24,30,1,5.450000,-2.725000,2.725000,22,1.000000,1.000000,1.000000,0.052998,-4.000000,-4.000000,-0.000242,0.053235,9424.154394,0
verify_joint_K24_phase30,24,30,1,5.450000,-2.725000,2.725000,24,1.000000,1.000000,1.000000,0.053002,-4.000000,-4.000000,-0.000271,0.053270,11730.596130,0
verify_joint_K24_phase30,24,30,1,5.450000,-2.725000,2.725000,26,1.000000,1.000000,1.000000,0.053005,-4.000000,-4.000000,-0.000264,0.053267,13823.381005,0
verify_joint_K24_phase30,24,30,1,5.450000,-2.725000,2.725000,28,1.000000,1.000000,1.000000,0.052976,-4.000000,-4.000000,-0.000282,0.053256,15596.713295,0
verify_joint_K24_phase30,24,30,1,5.450000,-2.725000,2.725000,30,1.000000,1.000000,1.000000,0.052995,-4.000000,-4.000000,-0.000278,0.053272,16972.390459,0
verify_joint_K24_phase30,24,30,2,2.725000,-1.362500,1.362500,-4,1.000000,0.880000,1.000000,0.053877,-2.000000,-4.000000,0.009832,0.042007,6.119502,0
verify_joint_K24_phase30,24,30,2,2.725000,-1.362500,1.362500,-2,1.000000,0.975000,1.000000,0.046850,-2.000000,-4.000000,0.012321,0.044748,9.177811,0
verify_joint_K24_phase30,24,30,2,2.725000,-1.362500,1.362500,0,1.000000,0.985000,1.000000,0.042455,-2.000000,-4.000000,0.008267,0.040799,14.027371,0
verify_joint_K24_phase30,24,30,2,2.725000,-1.362500,1.362500,2,1.000000,1.000000,1.000000,0.038114,-2.000000,-4.000000,0.008585,0.041455,21.702265,0
verify_joint_K24_phase30,24,30,2,2.725000,-1.362500,1.362500,4,1.000000,1.000000,1.000000,0.037552,-2.000000,-4.000000,0.008957,0.041891,33.850094,0
verify_joint_K24_phase30,24,30,2,2.725000,-1.362500,1.362500,6,1.000000,1.000000,1.000000,0.035636,-2.000000,-4.000000,0.008951,0.041071,53.160088,0
verify_joint_K24_phase30,24,30,2,2.725000,-1.362500,1.362500,8,1.000000,1.000000,1.000000,0.035028,-2.000000,-4.000000,0.009199,0.041478,83.525735,0
verify_joint_K24_phase30,24,30,2,2.725000,-1.362500,1.362500,10,1.000000,1.000000,1.000000,0.034539,-2.000000,-4.000000,0.008302,0.040910,131.881766,0
verify_joint_K24_phase30,24,30,2,2.725000,-1.362500,1.362500,12,1.000000,1.000000,1.000000,0.033628,-2.000000,-4.000000,0.007979,0.040073,208.376828,0
verify_joint_K24_phase30,24,30,2,2.725000,-1.362500,1.362500,14,1.000000,1.000000,1.000000,0.033762,-2.000000,-4.000000,0.008705,0.041009,328.720921,0
verify_joint_K24_phase30,24,30,2,2.725000,-1.362500,1.362500,16,1.000000,1.000000,1.000000,0.033687,-2.000000,-4.000000,0.009006,0.041244,518.642150,0
verify_joint_K24_phase30,24,30,2,2.725000,-1.362500,1.362500,18,1.000000,1.000000,1.000000,0.033625,-2.000000,-4.000000,0.008575,0.040943,815.968406,0
verify_joint_K24_phase30,24,30,2,2.725000,-1.362500,1.362500,20,1.000000,1.000000,1.000000,0.033546,-2.000000,-4.000000,0.008585,0.040923,1278.059464,0
verify_joint_K24_phase30,24,30,2,2.725000,-1.362500,1.362500,22,1.000000,1.000000,1.000000,0.033503,-2.000000,-4.000000,0.008546,0.040875,1973.451419,0
verify_joint_K24_phase30,24,30,2,2.725000,-1.362500,1.362500,24,1.000000,1.000000,1.000000,0.033537,-2.000000,-4.000000,0.008750,0.041087,3005.829930,0
verify_joint_K24_phase30,24,30,2,2.725000,-1.362500,1.362500,26,1.000000,1.000000,1.000000,0.033486,-2.000000,-4.000000,0.008597,0.040936,4479.239973,0
verify_joint_K24_phase30,24,30,2,2.725000,-1.362500,1.362500,28,1.000000,1.000000,1.000000,0.033455,-2.000000,-4.000000,0.008600,0.040917,6500.536745,0
verify_joint_K24_phase30,24,30,2,2.725000,-1.362500,1.362500,30,1.000000,1.000000,1.000000,0.033460,-2.000000,-4.000000,0.008604,0.040931,9067.684429,0
verify_joint_K24_phase30,24,30,3,1.816667,-0.908333,0.908333,-4,1.000000,0.640000,1.000000,0.080178,2.000000,-4.000000,-0.001531,0.026665,2.804620,0
verify_joint_K24_phase30,24,30,3,1.816667,-0.908333,0.908333,-2,1.000000,0.760000,1.000000,0.068540,2.000000,-4.000000,0.007798,0.031371,3.909787,0
verify_joint_K24_phase30,24,30,3,1.816667,-0.908333,0.908333,0,1.000000,0.860000,1.000000,0.055999,2.000000,-4.000000,0.007460,0.031121,5.662709,0
verify_joint_K24_phase30,24,30,3,1.816667,-0.908333,0.908333,2,1.000000,0.955000,1.000000,0.046392,2.000000,-4.000000,0.007131,0.029234,8.427961,0
verify_joint_K24_phase30,24,30,3,1.816667,-0.908333,0.908333,4,1.000000,1.000000,1.000000,0.034623,2.000000,-4.000000,0.010434,0.032886,12.808512,0
verify_joint_K24_phase30,24,30,3,1.816667,-0.908333,0.908333,6,1.000000,1.000000,1.000000,0.031627,2.000000,-4.000000,0.006508,0.028458,19.720478,0
verify_joint_K24_phase30,24,30,3,1.816667,-0.908333,0.908333,8,1.000000,1.000000,1.000000,0.029048,2.000000,-4.000000,0.008523,0.030732,30.819194,0
verify_joint_K24_phase30,24,30,3,1.816667,-0.908333,0.908333,10,1.000000,1.000000,1.000000,0.027181,2.000000,-4.000000,0.008650,0.031118,48.222230,0
verify_joint_K24_phase30,24,30,3,1.816667,-0.908333,0.908333,12,1.000000,1.000000,1.000000,0.025631,2.000000,-4.000000,0.008235,0.030366,75.966444,0
verify_joint_K24_phase30,24,30,3,1.816667,-0.908333,0.908333,14,1.000000,1.000000,1.000000,0.025016,2.000000,-4.000000,0.007718,0.030054,119.708306,0
verify_joint_K24_phase30,24,30,3,1.816667,-0.908333,0.908333,16,1.000000,1.000000,1.000000,0.024646,2.000000,-4.000000,0.008056,0.030355,188.857487,0
verify_joint_K24_phase30,24,30,3,1.816667,-0.908333,0.908333,18,1.000000,1.000000,1.000000,0.024543,2.000000,-4.000000,0.008808,0.031024,298.758542,0
verify_joint_K24_phase30,24,30,3,1.816667,-0.908333,0.908333,20,1.000000,1.000000,1.000000,0.024417,2.000000,-4.000000,0.008778,0.031142,473.450655,0
verify_joint_K24_phase30,24,30,3,1.816667,-0.908333,0.908333,22,1.000000,1.000000,1.000000,0.023920,2.000000,-4.000000,0.008159,0.030369,744.720472,0
verify_joint_K24_phase30,24,30,3,1.816667,-0.908333,0.908333,24,1.000000,1.000000,1.000000,0.024043,2.000000,-4.000000,0.008320,0.030716,1174.075482,0
verify_joint_K24_phase30,24,30,3,1.816667,-0.908333,0.908333,26,1.000000,1.000000,1.000000,0.023816,2.000000,-4.000000,0.008178,0.030440,1835.951054,0
verify_joint_K24_phase30,24,30,3,1.816667,-0.908333,0.908333,28,1.000000,1.000000,1.000000,0.023881,2.000000,-4.000000,0.008220,0.030582,2849.554250,0
verify_joint_K24_phase30,24,30,3,1.816667,-0.908333,0.908333,30,1.000000,1.000000,1.000000,0.023809,2.000000,-4.000000,0.008246,0.030545,4351.287566,0
verify_joint_K24_phase30,24,30,5,1.090000,-0.545000,0.545000,-4,1.000000,0.105000,0.680000,0.218516,4.000000,-2.000000,0.013431,0.079240,1.531854,0
verify_joint_K24_phase30,24,30,5,1.090000,-0.545000,0.545000,-2,1.000000,0.330000,0.910000,0.144892,4.000000,-2.000000,0.002024,0.033070,1.885038,0
verify_joint_K24_phase30,24,30,5,1.090000,-0.545000,0.545000,0,1.000000,0.555000,0.990000,0.101493,4.000000,-2.000000,0.010177,0.031372,2.467142,0
verify_joint_K24_phase30,24,30,5,1.090000,-0.545000,0.545000,2,1.000000,0.735000,1.000000,0.076259,4.000000,-2.000000,0.002961,0.019708,3.391854,0
verify_joint_K24_phase30,24,30,5,1.090000,-0.545000,0.545000,4,1.000000,0.900000,1.000000,0.056812,4.000000,-2.000000,0.010937,0.027426,4.823424,0
verify_joint_K24_phase30,24,30,5,1.090000,-0.545000,0.545000,6,1.000000,0.960000,1.000000,0.043956,4.000000,-2.000000,0.004034,0.019160,7.104511,0
verify_joint_K24_phase30,24,30,5,1.090000,-0.545000,0.545000,8,1.000000,1.000000,1.000000,0.034021,4.000000,-2.000000,0.006522,0.020310,10.730204,0
verify_joint_K24_phase30,24,30,5,1.090000,-0.545000,0.545000,10,1.000000,1.000000,1.000000,0.030557,4.000000,-2.000000,0.007929,0.021974,16.467476,0
verify_joint_K24_phase30,24,30,5,1.090000,-0.545000,0.545000,12,1.000000,1.000000,1.000000,0.025922,4.000000,-2.000000,0.005844,0.019575,25.530608,0
verify_joint_K24_phase30,24,30,5,1.090000,-0.545000,0.545000,14,1.000000,1.000000,1.000000,0.021135,4.000000,-2.000000,0.005147,0.018660,39.964904,0
verify_joint_K24_phase30,24,30,5,1.090000,-0.545000,0.545000,16,1.000000,1.000000,1.000000,0.019456,4.000000,-2.000000,0.005868,0.019804,62.843117,0
verify_joint_K24_phase30,24,30,5,1.090000,-0.545000,0.545000,18,1.000000,1.000000,1.000000,0.018491,4.000000,-2.000000,0.007933,0.021477,98.980199,0
verify_joint_K24_phase30,24,30,5,1.090000,-0.545000,0.545000,20,1.000000,1.000000,1.000000,0.016294,4.000000,-2.000000,0.005893,0.019316,156.342846,0
verify_joint_K24_phase30,24,30,5,1.090000,-0.545000,0.545000,22,1.000000,1.000000,1.000000,0.015893,4.000000,-2.000000,0.006137,0.019479,247.101140,0
verify_joint_K24_phase30,24,30,5,1.090000,-0.545000,0.545000,24,1.000000,1.000000,1.000000,0.015283,4.000000,-2.000000,0.005694,0.019059,391.695620,0
verify_joint_K24_phase30,24,30,5,1.090000,-0.545000,0.545000,26,1.000000,1.000000,1.000000,0.015050,4.000000,-2.000000,0.005857,0.019258,617.723265,0
verify_joint_K24_phase30,24,30,5,1.090000,-0.545000,0.545000,28,1.000000,1.000000,1.000000,0.014937,4.000000,-2.000000,0.005845,0.019269,976.896237,0
verify_joint_K24_phase30,24,30,5,1.090000,-0.545000,0.545000,30,1.000000,1.000000,1.000000,0.014813,4.000000,-2.000000,0.005760,0.019165,1538.663140,0
verify_joint_K24_phase30,24,30,7,0.778571,-0.389286,0.389286,-4,1.000000,0.000000,0.015000,0.434186,8.000000,4.000000,0.018397,0.054552,1.237284,15
verify_joint_K24_phase30,24,30,7,0.778571,-0.389286,0.389286,-2,1.000000,0.025000,0.130000,0.293762,8.000000,4.000000,-0.021189,0.109118,1.408999,1
verify_joint_K24_phase30,24,30,7,0.778571,-0.389286,0.389286,0,1.000000,0.145000,0.530000,0.182459,8.000000,4.000000,-0.006443,0.062451,1.697403,0
verify_joint_K24_phase30,24,30,7,0.778571,-0.389286,0.389286,2,1.000000,0.400000,0.860000,0.119070,8.000000,4.000000,-0.000779,0.033392,2.146357,0
verify_joint_K24_phase30,24,30,7,0.778571,-0.389286,0.389286,4,1.000000,0.620000,0.970000,0.091351,8.000000,4.000000,-0.002384,0.020018,2.873088,0
verify_joint_K24_phase30,24,30,7,0.778571,-0.389286,0.389286,6,1.000000,0.805000,0.995000,0.064721,8.000000,4.000000,0.011692,0.025434,4.036277,0
verify_joint_K24_phase30,24,30,7,0.778571,-0.389286,0.389286,8,1.000000,0.945000,1.000000,0.050863,8.000000,4.000000,0.001308,0.011891,5.849267,0
verify_joint_K24_phase30,24,30,7,0.778571,-0.389286,0.389286,10,1.000000,0.990000,1.000000,0.038761,8.000000,4.000000,0.002849,0.013365,8.739537,0
verify_joint_K24_phase30,24,30,7,0.778571,-0.389286,0.389286,12,1.000000,0.995000,1.000000,0.032654,8.000000,4.000000,0.003603,0.013625,13.309489,0
verify_joint_K24_phase30,24,30,7,0.778571,-0.389286,0.389286,14,1.000000,1.000000,1.000000,0.024226,8.000000,4.000000,0.002483,0.012627,20.552393,0
verify_joint_K24_phase30,24,30,7,0.778571,-0.389286,0.389286,16,1.000000,1.000000,1.000000,0.019076,8.000000,4.000000,0.004500,0.013724,32.094900,0
verify_joint_K24_phase30,24,30,7,0.778571,-0.389286,0.389286,18,1.000000,1.000000,1.000000,0.017185,8.000000,4.000000,0.003772,0.013591,50.335775,0
verify_joint_K24_phase30,24,30,7,0.778571,-0.389286,0.389286,20,1.000000,1.000000,1.000000,0.015642,8.000000,4.000000,0.003342,0.013186,78.798415,0
verify_joint_K24_phase30,24,30,7,0.778571,-0.389286,0.389286,22,1.000000,1.000000,1.000000,0.013183,8.000000,4.000000,0.003879,0.013553,124.769309,0
verify_joint_K24_phase30,24,30,7,0.778571,-0.389286,0.389286,24,1.000000,1.000000,1.000000,0.012668,8.000000,4.000000,0.004115,0.013683,196.966791,0
verify_joint_K24_phase30,24,30,7,0.778571,-0.389286,0.389286,26,1.000000,1.000000,1.000000,0.011881,8.000000,4.000000,0.004714,0.014078,311.669974,0
verify_joint_K24_phase30,24,30,7,0.778571,-0.389286,0.389286,28,1.000000,1.000000,1.000000,0.011361,8.000000,4.000000,0.004657,0.014146,493.351270,0
verify_joint_K24_phase30,24,30,7,0.778571,-0.389286,0.389286,30,1.000000,1.000000,1.000000,0.010920,8.000000,4.000000,0.004535,0.013941,779.139836,0
verify_joint_K24_phase30,24,30,10,0.545000,-0.272500,0.272500,-4,0.950000,0.000000,0.000000,15.295223,12.000000,10.000000,-0.017531,5.657099,1.093468,134
verify_joint_K24_phase30,24,30,10,0.545000,-0.272500,0.272500,-2,1.000000,0.000000,0.000000,2.765880,12.000000,10.000000,0.018658,0.525089,1.155998,44
verify_joint_K24_phase30,24,30,10,0.545000,-0.272500,0.272500,0,1.000000,0.000000,0.000000,0.353321,12.000000,10.000000,0.005060,0.006470,1.301471,9
verify_joint_K24_phase30,24,30,10,0.545000,-0.272500,0.272500,2,1.000000,0.045000,0.095000,0.228561,12.000000,10.000000,0.001048,0.057032,1.518365,0
verify_joint_K24_phase30,24,30,10,0.545000,-0.272500,0.272500,4,1.000000,0.170000,0.365000,0.160137,12.000000,10.000000,0.004172,0.037650,1.878439,0
verify_joint_K24_phase30,24,30,10,0.545000,-0.272500,0.272500,6,1.000000,0.490000,0.750000,0.108786,12.000000,10.000000,0.008496,0.029568,2.440977,0
verify_joint_K24_phase30,24,30,10,0.545000,-0.272500,0.272500,8,1.000000,0.715000,0.895000,0.080969,12.000000,10.000000,0.013713,0.031022,3.338523,0
verify_joint_K24_phase30,24,30,10,0.545000,-0.272500,0.272500,10,1.000000,0.880000,0.985000,0.054589,12.000000,10.000000,-0.004335,0.017516,4.752728,0
verify_joint_K24_phase30,24,30,10,0.545000,-0.272500,0.272500,12,1.000000,0.965000,0.995000,0.043567,12.000000,10.000000,0.003153,0.012245,6.962687,0
verify_joint_K24_phase30,24,30,10,0.545000,-0.272500,0.272500,14,1.000000,1.000000,1.000000,0.033670,12.000000,10.000000,0.003827,0.011249,10.536153,0
verify_joint_K24_phase30,24,30,10,0.545000,-0.272500,0.272500,16,1.000000,1.000000,1.000000,0.025703,12.000000,10.000000,0.000249,0.008043,16.159737,0
verify_joint_K24_phase30,24,30,10,0.545000,-0.272500,0.272500,18,1.000000,1.000000,1.000000,0.022030,12.000000,10.000000,0.003021,0.010933,25.038537,0
verify_joint_K24_phase30,24,30,10,0.545000,-0.272500,0.272500,20,1.000000,1.000000,1.000000,0.018110,12.000000,10.000000,0.004089,0.010978,39.166625,0
verify_joint_K24_phase30,24,30,10,0.545000,-0.272500,0.272500,22,1.000000,1.000000,1.000000,0.014780,12.000000,10.000000,0.003293,0.010498,61.479632,0
verify_joint_K24_phase30,24,30,10,0.545000,-0.272500,0.272500,24,1.000000,1.000000,1.000000,0.012610,12.000000,10.000000,0.003528,0.010305,96.953589,0
verify_joint_K24_phase30,24,30,10,0.545000,-0.272500,0.272500,26,1.000000,1.000000,1.000000,0.010688,12.000000,10.000000,0.002592,0.009223,153.140570,0
verify_joint_K24_phase30,24,30,10,0.545000,-0.272500,0.272500,28,1.000000,1.000000,1.000000,0.009673,12.000000,10.000000,0.003486,0.010151,241.873822,0
verify_joint_K24_phase30,24,30,10,0.545000,-0.272500,0.272500,30,1.000000,1.000000,1.000000,0.008960,12.000000,10.000000,0.003200,0.009966,382.791498,0
