scenario_name,snr_or_case_id,adaptive_policy_name,adaptive_confidence,adaptive_boundary_flag,adaptive_failure_reason,fixed_failure_reason,W_method,search_mode,trial_global_id,trial_id,seed,bias_case_id,az_center_bias_deg,el_center_bias_deg,truth_az1,truth_az2,truth_el1,truth_el2,true_orientation,rho,phase_deg,beta,az_sep_deg,el_sep_deg,snr_db,source_corr_empirical,full_success,fixed_success,adaptive_success,full_rmse,fixed_rmse,adaptive_rmse,full_num_pairs,fixed_num_pairs,adaptive_num_pairs,fixed_full_grid_match,adaptive_full_grid_match,fixed_topK_miss,adaptive_topK_miss,fixed_boundary_hit,adaptive_boundary_hit,adaptive_U,adaptive_H_norm,adaptive_gap_13,adaptive_gap_17,adaptive_boundary_risk,adaptive_cond_risk,adaptive_topK,adaptive_num_pairs_coarse,adaptive_num_pairs_refine,fixed_num_pairs_coarse,fixed_num_pairs_refine,full_az_hat1,full_az_hat2,full_el_hat1,full_el_hat2,fixed_az_hat1,fixed_az_hat2,fixed_el_hat1,fixed_el_hat2,adaptive_az_hat1,adaptive_az_hat2,adaptive_el_hat1,adaptive_el_hat2,adaptive_boundary_margin,adaptive_cond_best_GHG
easy_noncoherent,representative_case,HARD,medium_low,,,,greedy_combined_B7,likelihood_uncertainty_adaptive_topk_window,1,1,20361610,1,0,0,7.365,8.635,9.975,10.645,1,0,0,1,1.27,0.67,30,0.0689746340530481,1,1,1,0.0595818764390635,0.0595818764390646,0.0595818764390646,131461,18612,35238,1,1,0,0,0,0,0.666455975713367,0.997846700601709,0.00277594325363875,0.00673423530052204,0,0.014161674087216,5,7353,27885,7353,11259,7.38,8.66,10,10.72,7.38,8.66,10,10.72,7.38,8.66,10,10.72,4,1.29805589162774
easy_noncoherent,representative_case,HARD,medium_low,,,,greedy_combined_B7,likelihood_uncertainty_adaptive_topk_window,2,2,20361611,1,0,0,7.365,8.635,10.645,9.975,-1,0,0,1,1.27,0.67,30,0.188759428834411,1,1,1,0.0595818764390635,0.0595818764390646,0.0595818764390646,131461,17154,35134,1,1,0,0,0,0,0.664008652626377,0.996547371369968,0.00295463812355873,0.00624419956726162,0,0.0166354136958332,5,7353,27781,7353,9801,7.38,8.66,10.72,10,7.38,8.66,10.72,10,7.38,8.66,10.72,10,4,1.35857403327126
easy_noncoherent,representative_case,HARD,medium_low,,,,greedy_combined_B7,likelihood_uncertainty_adaptive_topk_window,3,3,20361612,1,0,0,7.365,8.635,9.975,10.645,1,0,0,1,1.27,0.67,30,0.010531292613259,1,1,1,0.0595818764390635,0.0595818764390646,0.0595818764390646,131461,18612,35238,1,1,0,0,0,0,0.66523281695216,0.997314698639634,0.0028546438839006,0.00749808993417255,0,0.014161674087216,5,7353,27885,7353,11259,7.38,8.66,10,10.72,7.38,8.66,10,10.72,7.38,8.66,10,10.72,4,1.29805589162774
easy_noncoherent,representative_case,HARD,medium_low,,,,greedy_combined_B7,likelihood_uncertainty_adaptive_topk_window,4,4,20361613,1,0,0,7.365,8.635,10.645,9.975,-1,0,0,1,1.27,0.67,30,0.0856736825645262,1,1,1,0.0595818764390635,0.0595818764390646,0.0595818764390646,131461,17154,35134,1,1,0,0,0,0,0.663962664119992,0.995881865376213,0.0029343589882943,0.00759366212062924,0,0.0166354136958332,5,7353,27781,7353,9801,7.38,8.66,10.72,10,7.38,8.66,10.72,10,7.38,8.66,10.72,10,4,1.35857403327126
easy_noncoherent,representative_case,HARD,medium_low,,,,greedy_combined_B7,likelihood_uncertainty_adaptive_topk_window,5,5,20361614,1,0,0,7.365,8.635,9.975,10.645,1,0,0,1,1.27,0.67,30,0.0907775235955427,1,1,1,0.0595818764390635,0.0595818764390646,0.0595818764390646,131461,18612,35238,1,1,0,0,0,0,0.66576343139052,0.997580500694816,0.0028217636028184,0.00713427471941402,0,0.014161674087216,5,7353,27885,7353,11259,7.38,8.66,10,10.72,7.38,8.66,10,10.72,7.38,8.66,10,10.72,4,1.29805589162774
easy_noncoherent,representative_case,HARD,medium_low,,,,greedy_combined_B7,likelihood_uncertainty_adaptive_topk_window,6,6,20361615,1,0,0,7.365,8.635,10.645,9.975,-1,0,0,1,1.27,0.67,30,0.095884494067441,1,1,1,0.0595818764390635,0.0595818764390646,0.0595818764390646,131461,17154,35134,1,1,0,0,0,0,0.66498340665372,0.994633077824473,0.00280774323373346,0.00891783046903508,0,0.0166354136958332,5,7353,27781,7353,9801,7.38,8.66,10.72,10,7.38,8.66,10.72,10,7.38,8.66,10.72,10,4,1.35857403327126
easy_noncoherent,representative_case,HARD,medium_low,,,,greedy_combined_B7,likelihood_uncertainty_adaptive_topk_window,7,7,20361616,1,0,0,7.365,8.635,9.975,10.645,1,0,0,1,1.27,0.67,30,0.155346717607249,1,1,1,0.0595818764390635,0.0595818764390646,0.0595818764390646,131461,16830,35238,1,1,0,0,0,0,0.656415803288867,0.995649687727078,0.0035000645841121,0.00944142023340844,0,0.014161674087216,5,7353,27885,7353,9477,7.38,8.66,10,10.72,7.38,8.66,10,10.72,7.38,8.66,10,10.72,4,1.29805589162774
easy_noncoherent,representative_case,HARD,medium_low,,,,greedy_combined_B7,likelihood_uncertainty_adaptive_topk_window,8,8,20361617,1,0,0,7.365,8.635,10.645,9.975,-1,0,0,1,1.27,0.67,30,0.0960827172009707,1,1,1,0.0595818764390635,0.0595818764390646,0.0595818764390646,131461,17154,35134,1,1,0,0,0,0,0.663749707152056,0.995916000747015,0.00295262441907805,0.00755360594446839,0,0.0166354136958332,5,7353,27781,7353,9801,7.38,8.66,10.72,10,7.38,8.66,10.72,10,7.38,8.66,10.72,10,4,1.35857403327126
easy_noncoherent,representative_case,HARD,medium_low,,,,greedy_combined_B7,likelihood_uncertainty_adaptive_topk_window,9,9,20361618,1,0,0,7.365,8.635,9.975,10.645,1,0,0,1,1.27,0.67,30,0.0278255869881476,1,1,1,0.0595818764390635,0.0595818764390646,0.0595818764390646,131461,18612,35238,1,1,0,0,0,0,0.665348167802938,0.997285810985084,0.00284437586027455,0.0075417214225988,0,0.014161674087216,5,7353,27885,7353,11259,7.38,8.66,10,10.72,7.38,8.66,10,10.72,7.38,8.66,10,10.72,4,1.29805589162774
easy_noncoherent,representative_case,HARD,medium_low,,,,greedy_combined_B7,likelihood_uncertainty_adaptive_topk_window,10,10,20361619,1,0,0,7.365,8.635,10.645,9.975,-1,0,0,1,1.27,0.67,30,0.181317329993755,1,1,1,0.0595818764390635,0.0595818764390646,0.0595818764390646,131461,17154,35134,1,1,0,0,0,0,0.664253196505598,0.996529877479899,0.00293444483317855,0.00630747964751763,0,0.0166354136958332,5,7353,27781,7353,9801,7.38,8.66,10.72,10,7.38,8.66,10.72,10,7.38,8.66,10.72,10,4,1.35857403327126
strong_coherent,representative_case,HARD,medium_low,,,,greedy_combined_B7,likelihood_uncertainty_adaptive_topk_window,11,1,20362610,1,0,0,7.365,8.635,10.125,10.495,1,0.99,5,1,1.27,0.37,30,0.990489868557474,1,1,1,0.0543139024560002,0.0543139024560002,0.0543139024560002,131461,19998,38384,1,1,0,0,0,0,0.649119244863477,0.994523834652151,0.00405135525786781,0.00861835273344159,0,0.0148363999557136,5,7353,31031,7353,12645,7.38,8.66,10.18,10.54,7.38,8.66,10.18,10.54,7.38,8.66,10.18,10.54,4,1.31428998831578
strong_coherent,representative_case,HARD,medium_low,,,,greedy_combined_B7,likelihood_uncertainty_adaptive_topk_window,12,2,20362611,1,0,0,7.365,8.635,10.495,10.125,-1,0.99,5,1,1.27,0.37,30,0.990081454441392,1,1,1,0.0543139024560002,0.0543139024560002,0.0543139024560002,131461,19998,38384,1,1,0,0,0,0,0.670960015202595,0.995395044692936,0.00235158566835277,0.0079699403618416,0,0.0161804396345576,5,7353,31031,7353,12645,7.38,8.66,10.54,10.18,7.38,8.66,10.54,10.18,7.38,8.66,10.54,10.18,4,1.34723549689612
strong_coherent,representative_case,HARD,medium_low,,,,greedy_combined_B7,likelihood_uncertainty_adaptive_topk_window,13,3,20362612,1,0,0,7.365,8.635,10.125,10.495,1,0.99,5,1,1.27,0.37,30,0.990362247421735,1,1,1,0.0543139024560002,0.0543139024560002,0.0543139024560002,131461,19998,38384,1,1,0,0,0,0,0.649283733189829,0.994529881557639,0.00403841388035722,0.00860615424266816,0,0.0148363999557136,5,7353,31031,7353,12645,7.38,8.66,10.18,10.54,7.38,8.66,10.18,10.54,7.38,8.66,10.18,10.54,4,1.31428998831578
strong_coherent,representative_case,HARD,medium_low,,,,greedy_combined_B7,likelihood_uncertainty_adaptive_topk_window,14,4,20362613,1,0,0,7.365,8.635,10.495,10.125,-1,0.99,5,1,1.27,0.37,30,0.990288370693355,1,1,1,0.0543139024560002,0.0543139024560002,0.0543139024560002,131461,19998,38384,1,1,0,0,0,0,0.670985020873126,0.995386193328424,0.00234926656558787,0.00796902781251108,0,0.0161804396345576,5,7353,31031,7353,12645,7.38,8.66,10.54,10.18,7.38,8.66,10.54,10.18,7.38,8.66,10.54,10.18,4,1.34723549689612
strong_coherent,representative_case,HARD,medium_low,,,,greedy_combined_B7,likelihood_uncertainty_adaptive_topk_window,15,5,20362614,1,0,0,7.365,8.635,10.125,10.495,1,0.99,5,1,1.27,0.37,30,0.989875577737541,1,1,1,0.0543139024560002,0.0543139024560002,0.0543139024560002,131461,19998,38748,1,1,0,0,0,0,0.649744303128403,0.994582854436499,0.00400347530891027,0.00860552250617693,0,0.0148363999557136,5,7353,31395,7353,12645,7.38,8.66,10.18,10.54,7.38,8.66,10.18,10.54,7.38,8.66,10.18,10.54,4,1.31428998831578
strong_coherent,representative_case,HARD,medium_low,,,,greedy_combined_B7,likelihood_uncertainty_adaptive_topk_window,16,6,20362615,1,0,0,7.365,8.635,10.495,10.125,-1,0.99,5,1,1.27,0.37,30,0.990096598750488,1,1,1,0.0543139024560002,0.0543139024560002,0.0543139024560002,131461,19998,38384,1,1,0,0,0,0,0.670795243559075,0.99543838527919,0.00236632766093956,0.00792977827668562,0,0.0161804396345576,5,7353,31031,7353,12645,7.38,8.66,10.54,10.18,7.38,8.66,10.54,10.18,7.38,8.66,10.54,10.18,4,1.34723549689612
strong_coherent,representative_case,HARD,medium_low,,,,greedy_combined_B7,likelihood_uncertainty_adaptive_topk_window,17,7,20362616,1,0,0,7.365,8.635,10.125,10.495,1,0.99,5,1,1.27,0.37,30,0.990229736656984,1,1,1,0.0543139024560002,0.0543139024560002,0.0543139024560002,131461,19998,38384,1,1,0,0,0,0,0.649580437011813,0.994536163829888,0.00401490373639949,0.00863062541739727,0,0.0148363999557136,5,7353,31031,7353,12645,7.38,8.66,10.18,10.54,7.38,8.66,10.18,10.54,7.38,8.66,10.18,10.54,4,1.31428998831578
strong_coherent,representative_case,HARD,medium_low,,,,greedy_combined_B7,likelihood_uncertainty_adaptive_topk_window,18,8,20362617,1,0,0,7.365,8.635,10.495,10.125,-1,0.99,5,1,1.27,0.37,30,0.990522821474954,1,1,1,0.0543139024560002,0.0543139024560002,0.0543139024560002,131461,19998,38384,1,1,0,0,0,0,0.670858764956569,0.995399081728319,0.00235983102130869,0.00797695997348453,0,0.0161804396345576,5,7353,31031,7353,12645,7.38,8.66,10.54,10.18,7.38,8.66,10.54,10.18,7.38,8.66,10.54,10.18,4,1.34723549689612
strong_coherent,representative_case,HARD,medium_low,,,,greedy_combined_B7,likelihood_uncertainty_adaptive_topk_window,19,9,20362618,1,0,0,7.365,8.635,10.125,10.495,1,0.99,5,1,1.27,0.37,30,0.989820698800728,1,1,1,0.0543139024560002,0.0543139024560002,0.0543139024560002,131461,19998,38748,1,1,0,0,0,0,0.64950420630482,0.994572124137789,0.00402229676404336,0.00861227233342255,0,0.0148363999557136,5,7353,31395,7353,12645,7.38,8.66,10.18,10.54,7.38,8.66,10.18,10.54,7.38,8.66,10.18,10.54,4,1.31428998831578
strong_coherent,representative_case,HARD,medium_low,,,,greedy_combined_B7,likelihood_uncertainty_adaptive_topk_window,20,10,20362619,1,0,0,7.365,8.635,10.495,10.125,-1,0.99,5,1,1.27,0.37,30,0.990040461306137,1,1,1,0.0543139024560002,0.0543139024560002,0.0543139024560002,131461,19998,38384,1,1,0,0,0,0,0.670634422542145,0.995513914981035,0.00238191241156039,0.00785801581793904,0,0.0161804396345576,5,7353,31031,7353,12645,7.38,8.66,10.54,10.18,7.38,8.66,10.54,10.18,7.38,8.66,10.54,10.18,4,1.34723549689612
hard_phase,representative_case,HARD,medium_low,,,,greedy_combined_B7,likelihood_uncertainty_adaptive_topk_window,21,1,20363610,1,0,0,7.585,8.415,10.125,10.495,1,0.99,150,1,0.83,0.37,30,0.99070399475776,1,1,1,0.0561248608016083,0.0561248608016083,0.0561248608016083,131461,18936,41036,1,1,0,0,0,0,0.65491182673109,0.995964967718803,0.00399423159161074,0.00727202819519556,0,0.0443699076850879,5,7353,33683,7353,11583,7.62,8.42,10.18,10.54,7.62,8.42,10.18,10.54,7.62,8.42,10.18,10.54,4,2.26443188507168
hard_phase,representative_case,HARD,medium_low,,,,greedy_combined_B7,likelihood_uncertainty_adaptive_topk_window,22,2,20363611,1,0,0,7.585,8.415,10.495,10.125,-1,0.99,150,1,0.83,0.37,30,0.9901160778353,1,1,1,0.0561248608016083,0.0561248608016083,0.0561248608016083,131461,18612,36639,1,1,0,0,0,0,0.659753143757397,0.995344326252286,0.00356491331495456,0.00796240579078043,0,0.0427307558720042,5,7353,29286,7353,11259,7.62,8.42,10.54,10.18,7.62,8.42,10.54,10.18,7.62,8.42,10.54,10.18,4,2.19708089165342
hard_phase,representative_case,HARD,medium_low,,,,greedy_combined_B7,likelihood_uncertainty_adaptive_topk_window,23,3,20363612,1,0,0,7.585,8.415,10.125,10.495,1,0.99,150,1,0.83,0.37,30,0.989886613106294,1,1,1,0.0561248608016083,0.0561248608016083,0.0561248608016083,131461,18936,41036,1,1,0,0,0,0,0.655151594607665,0.995945348708926,0.00397434387712919,0.00726886392215435,0,0.0443699076850879,5,7353,33683,7353,11583,7.62,8.42,10.18,10.54,7.62,8.42,10.18,10.54,7.62,8.42,10.18,10.54,4,2.26443188507168
hard_phase,representative_case,HARD,medium_low,,,,greedy_combined_B7,likelihood_uncertainty_adaptive_topk_window,24,4,20363613,1,0,0,7.585,8.415,10.495,10.125,-1,0.99,150,1,0.83,0.37,30,0.98989918775892,1,1,1,0.0561248608016083,0.0561248608016083,0.0561248608016083,131461,18612,36639,1,1,0,0,0,0,0.659877158646045,0.995426494387905,0.00355795017674502,0.00789694731152307,0,0.0427307558720042,5,7353,29286,7353,11259,7.62,8.42,10.54,10.18,7.62,8.42,10.54,10.18,7.62,8.42,10.54,10.18,4,2.19708089165342
hard_phase,representative_case,HARD,medium_low,,,,greedy_combined_B7,likelihood_uncertainty_adaptive_topk_window,25,5,20363614,1,0,0,7.585,8.415,10.125,10.495,1,0.99,150,1,0.83,0.37,30,0.989814622951959,1,1,1,0.0561248608016083,0.0561248608016083,0.0561248608016083,131461,18936,41036,1,1,0,0,0,0,0.65527591665154,0.995946412717718,0.00396443641793571,0.00726938188311452,0,0.0443699076850879,5,7353,33683,7353,11583,7.62,8.42,10.18,10.54,7.62,8.42,10.18,10.54,7.62,8.42,10.18,10.54,4,2.26443188507168
hard_phase,representative_case,HARD,medium_low,,,,greedy_combined_B7,likelihood_uncertainty_adaptive_topk_window,26,6,20363615,1,0,0,7.585,8.415,10.495,10.125,-1,0.99,150,1,0.83,0.37,30,0.99012145114608,1,1,1,0.0561248608016083,0.0561248608016083,0.0561248608016083,131461,18612,36639,1,1,0,0,0,0,0.659901359208005,0.995367645807987,0.00355389558291121,0.00795567364027728,0,0.0427307558720042,5,7353,29286,7353,11259,7.62,8.42,10.54,10.18,7.62,8.42,10.54,10.18,7.62,8.42,10.54,10.18,4,2.19708089165342
hard_phase,representative_case,HARD,medium_low,,,,greedy_combined_B7,likelihood_uncertainty_adaptive_topk_window,27,7,20363616,1,0,0,7.585,8.415,10.125,10.495,1,0.99,150,1,0.83,0.37,30,0.98993845342531,1,1,1,0.0561248608016083,0.0561248608016083,0.0561248608016083,131461,18936,41036,1,1,0,0,0,0,0.654794330414526,0.995942782492632,0.0040028326287937,0.00730091879558732,0,0.0443699076850879,5,7353,33683,7353,11583,7.62,8.42,10.18,10.54,7.62,8.42,10.18,10.54,7.62,8.42,10.18,10.54,4,2.26443188507168
hard_phase,representative_case,HARD,medium_low,,,,greedy_combined_B7,likelihood_uncertainty_adaptive_topk_window,28,8,20363617,1,0,0,7.585,8.415,10.495,10.125,-1,0.99,150,1,0.83,0.37,30,0.990920128965197,1,1,1,0.0561248608016083,0.0561248608016083,0.0561248608016083,131461,18612,36639,1,1,0,0,0,0,0.659925664681809,0.995454265249551,0.00355506944490313,0.00787582964695637,0,0.0427307558720042,5,7353,29286,7353,11259,7.62,8.42,10.54,10.18,7.62,8.42,10.54,10.18,7.62,8.42,10.54,10.18,4,2.19708089165342
hard_phase,representative_case,HARD,medium_low,,,,greedy_combined_B7,likelihood_uncertainty_adaptive_topk_window,29,9,20363618,1,0,0,7.585,8.415,10.125,10.495,1,0.99,150,1,0.83,0.37,30,0.989981473680079,1,1,1,0.0561248608016083,0.0561248608016083,0.0561248608016083,131461,18936,41036,1,1,0,0,0,0,0.655266935101673,0.995942846620797,0.00396502656243591,0.00727096686228932,0,0.0443699076850879,5,7353,33683,7353,11583,7.62,8.42,10.18,10.54,7.62,8.42,10.18,10.54,7.62,8.42,10.18,10.54,4,2.26443188507168
hard_phase,representative_case,HARD,medium_low,,,,greedy_combined_B7,likelihood_uncertainty_adaptive_topk_window,30,10,20363619,1,0,0,7.585,8.415,10.495,10.125,-1,0.99,150,1,0.83,0.37,30,0.990289746697873,1,1,1,0.0561248608016083,0.0561248608016083,0.0561248608016083,131461,18612,36639,1,1,0,0,0,0,0.660023796837651,0.995425795104697,0.00354619394722105,0.00790511255351285,0,0.0427307558720042,5,7353,29286,7353,11259,7.62,8.42,10.54,10.18,7.62,8.42,10.54,10.18,7.62,8.42,10.54,10.18,4,2.19708089165342
weak_secondary,representative_case,HARD,medium_low,,,,greedy_combined_B7,likelihood_uncertainty_adaptive_topk_window,31,1,20364610,1,0,0,7.585,8.415,10.125,10.495,1,0.99,150,0.3,0.83,0.37,30,0.990132466838793,1,1,1,0.112026782512041,0.112026782512041,0.112026782512041,131461,18513,46369,1,1,0,0,0,0,0.690594920161035,0.999317725730034,0.0012916194996163,0.00307108561742114,0,0.0469812488514907,5,7353,39016,7353,11160,7.62,8.34,10.12,10.36,7.62,8.34,10.12,10.36,7.62,8.34,10.12,10.36,3,2.37601944655871
weak_secondary,representative_case,HARD,medium_low,,,,greedy_combined_B7,likelihood_uncertainty_adaptive_topk_window,32,2,20364611,1,0,0,7.585,8.415,10.495,10.125,-1,0.99,150,0.3,0.83,0.37,30,0.989892742274268,1,1,1,0.100747208398049,0.100747208398049,0.100747208398049,131461,18513,34900,1,1,0,0,0,0,0.693808533734758,0.99891640948906,0.00124641619491091,0.00363227186178846,0,0.0658423460071179,5,7353,27547,7353,11160,7.62,8.34,10.48,10.24,7.62,8.34,10.48,10.24,7.62,8.34,10.48,10.24,4,3.36309215577542
weak_secondary,representative_case,HARD,medium_low,,,,greedy_combined_B7,likelihood_uncertainty_adaptive_topk_window,33,3,20364612,1,0,0,7.585,8.415,10.125,10.495,1,0.99,150,0.3,0.83,0.37,30,0.99105634285944,1,1,1,0.112026782512041,0.112026782512041,0.112026782512041,131461,18513,46369,1,1,0,0,0,0,0.690617778482279,0.999310257512289,0.00128952197807794,0.00307592673991102,0,0.0469812488514907,5,7353,39016,7353,11160,7.62,8.34,10.12,10.36,7.62,8.34,10.12,10.36,7.62,8.34,10.12,10.36,3,2.37601944655871
weak_secondary,representative_case,HARD,medium_low,,,,greedy_combined_B7,likelihood_uncertainty_adaptive_topk_window,34,4,20364613,1,0,0,7.585,8.415,10.495,10.125,-1,0.99,150,0.3,0.83,0.37,30,0.990222546470622,1,1,1,0.100747208398049,0.100747208398049,0.100747208398049,131461,18513,34900,1,1,0,0,0,0,0.693909767243537,0.998922953337359,0.00123855309274736,0.0036165311667308,0,0.0658423460071179,5,7353,27547,7353,11160,7.62,8.34,10.48,10.24,7.62,8.34,10.48,10.24,7.62,8.34,10.48,10.24,4,3.36309215577542
weak_secondary,representative_case,HARD,medium_low,,,,greedy_combined_B7,likelihood_uncertainty_adaptive_topk_window,35,5,20364614,1,0,0,7.585,8.415,10.125,10.495,1,0.99,150,0.3,0.83,0.37,30,0.989915880474787,1,1,1,0.112026782512041,0.112026782512041,0.112026782512041,131461,18513,46369,1,1,0,0,0,0,0.69069782479094,0.999316862810315,0.00128335606411399,0.00307361966832684,0,0.0469812488514907,5,7353,39016,7353,11160,7.62,8.34,10.12,10.36,7.62,8.34,10.12,10.36,7.62,8.34,10.12,10.36,3,2.37601944655871
weak_secondary,representative_case,HARD,medium_low,,,,greedy_combined_B7,likelihood_uncertainty_adaptive_topk_window,36,6,20364615,1,0,0,7.585,8.415,10.495,10.125,-1,0.99,150,0.3,0.83,0.37,30,0.990196013950612,1,1,1,0.100747208398049,0.100747208398049,0.100747208398049,131461,18513,34900,1,1,0,0,0,0,0.694227858082568,0.998934091283342,0.00121350679168031,0.00357756859100524,0,0.0658423460071179,5,7353,27547,7353,11160,7.62,8.34,10.48,10.24,7.62,8.34,10.48,10.24,7.62,8.34,10.48,10.24,4,3.36309215577542
weak_secondary,representative_case,HARD,medium_low,,,,greedy_combined_B7,likelihood_uncertainty_adaptive_topk_window,37,7,20364616,1,0,0,7.585,8.415,10.125,10.495,1,0.99,150,0.3,0.83,0.37,30,0.990173865751857,1,1,1,0.112026782512041,0.112026782512041,0.112026782512041,131461,18513,46369,1,1,0,0,0,0,0.690587415311499,0.999313456260031,0.00129206618665907,0.00307152775361499,0,0.0469812488514907,5,7353,39016,7353,11160,7.62,8.34,10.12,10.36,7.62,8.34,10.12,10.36,7.62,8.34,10.12,10.36,3,2.37601944655871
weak_secondary,representative_case,HARD,medium_low,,,,greedy_combined_B7,likelihood_uncertainty_adaptive_topk_window,38,8,20364617,1,0,0,7.585,8.415,10.495,10.125,-1,0.99,150,0.3,0.83,0.37,30,0.989894336552572,1,1,1,0.100747208398049,0.100747208398049,0.100747208398049,131461,18513,34900,1,1,0,0,0,0,0.693731787364641,0.998914524510491,0.00125248804529183,0.00362863285414085,0,0.0658423460071179,5,7353,27547,7353,11160,7.62,8.34,10.48,10.24,7.62,8.34,10.48,10.24,7.62,8.34,10.48,10.24,4,3.36309215577542
weak_secondary,representative_case,HARD,medium_low,,,,greedy_combined_B7,likelihood_uncertainty_adaptive_topk_window,39,9,20364618,1,0,0,7.585,8.415,10.125,10.495,1,0.99,150,0.3,0.83,0.37,30,0.990022032331,1,1,1,0.112026782512041,0.112026782512041,0.112026782512041,131461,18513,46369,1,1,0,0,0,0,0.69055260095945,0.999310303327157,0.00129473782923949,0.00309177969510621,0,0.0469812488514907,5,7353,39016,7353,11160,7.62,8.34,10.12,10.36,7.62,8.34,10.12,10.36,7.62,8.34,10.12,10.36,3,2.37601944655871
weak_secondary,representative_case,HARD,medium_low,,,,greedy_combined_B7,likelihood_uncertainty_adaptive_topk_window,40,10,20364619,1,0,0,7.585,8.415,10.495,10.125,-1,0.99,150,0.3,0.83,0.37,30,0.990401199577359,1,1,1,0.100747208398049,0.100747208398049,0.100747208398049,131461,18513,34900,1,1,0,0,0,0,0.693421952529089,0.998900444629745,0.0012767679564291,0.00371675464789173,0,0.0658423460071179,5,7353,27547,7353,11160,7.62,8.34,10.48,10.24,7.62,8.34,10.48,10.24,7.62,8.34,10.48,10.24,4,3.36309215577542
low_snr_hard,representative_case,HARD,medium_low,,,,greedy_combined_B7,likelihood_uncertainty_adaptive_topk_window,41,1,20365610,1,0,0,7.585,8.415,10.125,10.495,1,1,150,0.3,0.83,0.37,20,1,1,1,1,0.112026782512041,0.112026782512041,0.112026782512041,131461,22770,46369,1,1,0,0,0,0,0.691609961982467,0.999334062718131,0.00121100428547327,0.00306063458345337,0,0.0469812488514907,5,7353,39016,7353,15417,7.62,8.34,10.12,10.36,7.62,8.34,10.12,10.36,7.62,8.34,10.12,10.36,3,2.37601944655871
low_snr_hard,representative_case,HARD,medium_low,,,,greedy_combined_B7,likelihood_uncertainty_adaptive_topk_window,42,2,20365611,1,0,0,7.585,8.415,10.495,10.125,-1,1,150,0.3,0.83,0.37,20,1,1,1,1,0.100747208398049,0.100747208398049,0.100747208398049,131461,18513,34900,1,1,0,0,0,0,0.693771902422037,0.998922508766525,0.00124956627391735,0.00361625504076668,0,0.0658423460071179,5,7353,27547,7353,11160,7.62,8.34,10.48,10.24,7.62,8.34,10.48,10.24,7.62,8.34,10.48,10.24,4,3.36309215577542
low_snr_hard,representative_case,HARD,medium_low,,,,greedy_combined_B7,likelihood_uncertainty_adaptive_topk_window,43,3,20365612,1,0,0,7.585,8.415,10.125,10.495,1,1,150,0.3,0.83,0.37,20,1,1,1,1,0.112026782512041,0.112026782512041,0.112026782512041,131461,22770,46369,1,1,0,0,0,0,0.692530065149156,0.999344978696801,0.00113778900737019,0.00300416843711711,0,0.0469812488514907,5,7353,39016,7353,15417,7.62,8.34,10.12,10.36,7.62,8.34,10.12,10.36,7.62,8.34,10.12,10.36,3,2.37601944655871
low_snr_hard,representative_case,HARD,medium_low,,,,greedy_combined_B7,likelihood_uncertainty_adaptive_topk_window,44,4,20365613,1,0,0,7.585,8.415,10.495,10.125,-1,1,150,0.3,0.83,0.37,20,1,1,1,1,0.100747208398049,0.100747208398049,0.100747208398049,131461,18513,34900,1,1,0,0,0,0,0.693335321010975,0.998927640787745,0.00128467753956622,0.003659244689109,0,0.0658423460071179,5,7353,27547,7353,11160,7.62,8.34,10.48,10.24,7.62,8.34,10.48,10.24,7.62,8.34,10.48,10.24,4,3.36309215577542
low_snr_hard,representative_case,HARD,medium_low,,,,greedy_combined_B7,likelihood_uncertainty_adaptive_topk_window,45,5,20365614,1,0,0,7.585,8.415,10.125,10.495,1,1,150,0.3,0.83,0.37,20,1,1,1,1,0.112026782512041,0.112026782512041,0.112026782512041,131461,22770,46369,1,1,0,0,0,0,0.691781403254815,0.99933330493088,0.0011972617033444,0.00305374243342816,0,0.0469812488514907,5,7353,39016,7353,15417,7.62,8.34,10.12,10.36,7.62,8.34,10.12,10.36,7.62,8.34,10.12,10.36,3,2.37601944655871
low_snr_hard,representative_case,HARD,medium_low,,,,greedy_combined_B7,likelihood_uncertainty_adaptive_topk_window,46,6,20365615,1,0,0,7.585,8.415,10.495,10.125,-1,1,150,0.3,0.83,0.37,20,1,1,1,1,0.100747208398049,0.100747208398049,0.100747208398049,131461,18513,34900,1,1,0,0,0,0,0.69430263345167,0.998904119030741,0.00120644576105852,0.00359310186114786,0,0.0658423460071179,5,7353,27547,7353,11160,7.62,8.34,10.48,10.24,7.62,8.34,10.48,10.24,7.62,8.34,10.48,10.24,4,3.36309215577542
low_snr_hard,representative_case,HARD,medium_low,,,,greedy_combined_B7,likelihood_uncertainty_adaptive_topk_window,47,7,20365616,1,0,0,7.585,8.415,10.125,10.495,1,1,150,0.3,0.83,0.37,20,1,1,1,1,0.112026782512041,0.112026782512041,0.112026782512041,131461,22770,46369,1,1,0,0,0,0,0.691507549292041,0.999331197894533,0.0012190941670578,0.00304177893108637,0,0.0469812488514907,5,7353,39016,7353,15417,7.62,8.34,10.12,10.36,7.62,8.34,10.12,10.36,7.62,8.34,10.12,10.36,3,2.37601944655871
low_snr_hard,representative_case,HARD,medium_low,,,,greedy_combined_B7,likelihood_uncertainty_adaptive_topk_window,48,8,20365617,1,0,0,7.585,8.415,10.495,10.125,-1,1,150,0.3,0.83,0.37,20,1,1,1,1,0.100747208398049,0.100747208398049,0.100747208398049,131461,18513,34900,1,1,0,0,0,0,0.693504691507809,0.998915240229476,0.00127068147972186,0.003634207504634,0,0.0658423460071179,5,7353,27547,7353,11160,7.62,8.34,10.48,10.24,7.62,8.34,10.48,10.24,7.62,8.34,10.48,10.24,4,3.36309215577542
low_snr_hard,representative_case,HARD,medium_low,,,,greedy_combined_B7,likelihood_uncertainty_adaptive_topk_window,49,9,20365618,1,0,0,7.585,8.415,10.125,10.495,1,1,150,0.3,0.83,0.37,20,1,1,1,1,0.112026782512041,0.112026782512041,0.112026782512041,131461,22770,46369,1,1,0,0,0,0,0.691420209055041,0.999348243237247,0.00122669501835553,0.00300650253467226,0,0.0469812488514907,5,7353,39016,7353,15417,7.62,8.34,10.12,10.36,7.62,8.34,10.12,10.36,7.62,8.34,10.12,10.36,3,2.37601944655871
low_snr_hard,representative_case,HARD,medium_low,,,,greedy_combined_B7,likelihood_uncertainty_adaptive_topk_window,50,10,20365619,1,0,0,7.585,8.415,10.495,10.125,-1,1,150,0.3,0.83,0.37,20,1,1,1,1,0.100747208398049,0.100747208398049,0.100747208398049,131461,18513,34900,1,1,0,0,0,0,0.693764939295475,0.99892254224786,0.00125012452937038,0.00362279724140452,0,0.0658423460071179,5,7353,27547,7353,11160,7.62,8.34,10.48,10.24,7.62,8.34,10.48,10.24,7.62,8.34,10.48,10.24,4,3.36309215577542
easy_noncoherent,representative_case,HARD,medium_low,,,,greedy_combined_B7,likelihood_uncertainty_adaptive_topk_window,51,1,20461610,2,0.2,0,7.365,8.635,9.975,10.645,1,0,0,1,1.27,0.67,30,0.133022566662063,1,1,1,0.0595818764390636,0.0595818764390647,0.0595818764390647,131461,16830,35238,1,1,0,0,0,0,0.650910892966654,0.986530323814127,0.00360261132166344,0.0115797823849534,0,0.0133659251406007,5,7353,27885,7353,9477,7.34,8.62,10,10.72,7.34,8.62,10,10.72,7.34,8.62,10,10.72,4,1.27916745414412
easy_noncoherent,representative_case,HARD,medium_low,,,,greedy_combined_B7,likelihood_uncertainty_adaptive_topk_window,52,2,20461611,2,0.2,0,7.365,8.635,10.645,9.975,-1,0,0,1,1.27,0.67,30,0.0875088913936949,1,1,1,0.0595818764390636,0.0595818764390647,0.0595818764390647,131461,16830,35134,1,1,0,0,0,0,0.647952128963859,0.982611724103726,0.00372866895943939,0.0157710855672116,0,0.015901434067827,5,7353,27781,7353,9477,7.34,8.62,10.72,10,7.34,8.62,10.72,10,7.34,8.62,10.72,10,4,1.34032917976394
easy_noncoherent,representative_case,HARD,medium_low,,,,greedy_combined_B7,likelihood_uncertainty_adaptive_topk_window,53,3,20461612,2,0.2,0,7.365,8.635,9.975,10.645,1,0,0,1,1.27,0.67,30,0.0804248340254801,1,1,1,0.0595818764390636,0.0595818764390647,0.0595818764390647,131461,16830,35238,1,1,0,0,0,0,0.65429304738422,0.987702591536621,0.00337424060626797,0.0109489636597502,0,0.0133659251406007,5,7353,27885,7353,9477,7.34,8.62,10,10.72,7.34,8.62,10,10.72,7.34,8.62,10,10.72,4,1.27916745414412
easy_noncoherent,representative_case,HARD,medium_low,,,,greedy_combined_B7,likelihood_uncertainty_adaptive_topk_window,54,4,20461613,2,0.2,0,7.365,8.635,10.645,9.975,-1,0,0,1,1.27,0.67,30,0.118677098007057,1,1,1,0.0595818764390636,0.0595818764390647,0.0595818764390647,131461,16830,35134,1,1,0,0,0,0,0.650731794867944,0.98170978416789,0.00347382584942245,0.0158062446852386,0,0.015901434067827,5,7353,27781,7353,9477,7.34,8.62,10.72,10,7.34,8.62,10.72,10,7.34,8.62,10.72,10,4,1.34032917976394
easy_noncoherent,representative_case,HARD,medium_low,,,,greedy_combined_B7,likelihood_uncertainty_adaptive_topk_window,55,5,20461614,2,0.2,0,7.365,8.635,9.975,10.645,1,0,0,1,1.27,0.67,30,0.031033854251278,1,1,1,0.0595818764390636,0.0595818764390647,0.0595818764390647,131461,16830,35238,1,1,0,0,0,0,0.654173289795062,0.987388830536041,0.0033725258173797,0.0111131070543235,0,0.0133659251406007,5,7353,27885,7353,9477,7.34,8.62,10,10.72,7.34,8.62,10,10.72,7.34,8.62,10,10.72,4,1.27916745414412
easy_noncoherent,representative_case,HARD,medium_low,,,,greedy_combined_B7,likelihood_uncertainty_adaptive_topk_window,56,6,20461615,2,0.2,0,7.365,8.635,10.645,9.975,-1,0,0,1,1.27,0.67,30,0.19604264810015,1,1,1,0.0595818764390636,0.0595818764390647,0.0595818764390647,131461,16830,35134,1,1,0,0,0,0,0.652313370981254,0.981429458886536,0.0033372080502289,0.0156154296761603,0,0.015901434067827,5,7353,27781,7353,9477,7.34,8.62,10.72,10,7.34,8.62,10.72,10,7.34,8.62,10.72,10,4,1.34032917976394
easy_noncoherent,representative_case,HARD,medium_low,,,,greedy_combined_B7,likelihood_uncertainty_adaptive_topk_window,57,7,20461616,2,0.2,0,7.365,8.635,9.975,10.645,1,0,0,1,1.27,0.67,30,0.117683787064623,1,1,1,0.0595818764390636,0.0595818764390647,0.0595818764390647,131461,16830,35238,1,1,0,0,0,0,0.655466236966137,0.988006616375492,0.00329133033391397,0.01079621263506,0,0.0133659251406007,5,7353,27885,7353,9477,7.34,8.62,10,10.72,7.34,8.62,10,10.72,7.34,8.62,10,10.72,4,1.27916745414412
easy_noncoherent,representative_case,HARD,medium_low,,,,greedy_combined_B7,likelihood_uncertainty_adaptive_topk_window,58,8,20461617,2,0.2,0,7.365,8.635,10.645,9.975,-1,0,0,1,1.27,0.67,30,0.151399230950211,1,1,1,0.0595818764390636,0.0595818764390647,0.0595818764390647,131461,16830,35134,1,1,0,0,0,0,0.643817961934836,0.983202547824696,0.00408067197571606,0.0161474438807994,0,0.015901434067827,5,7353,27781,7353,9477,7.34,8.62,10.72,10,7.34,8.62,10.72,10,7.34,8.62,10.72,10,4,1.34032917976394
easy_noncoherent,representative_case,HARD,medium_low,,,,greedy_combined_B7,likelihood_uncertainty_adaptive_topk_window,59,9,20461618,2,0.2,0,7.365,8.635,9.975,10.645,1,0,0,1,1.27,0.67,30,0.0765624567287665,1,1,1,0.0595818764390636,0.0595818764390647,0.0595818764390647,131461,16830,35238,1,1,0,0,0,0,0.654815847240022,0.987596278422659,0.0033285893457012,0.0110000783221267,0,0.0133659251406007,5,7353,27885,7353,9477,7.34,8.62,10,10.72,7.34,8.62,10,10.72,7.34,8.62,10,10.72,4,1.27916745414412
easy_noncoherent,representative_case,HARD,medium_low,,,,greedy_combined_B7,likelihood_uncertainty_adaptive_topk_window,60,10,20461619,2,0.2,0,7.365,8.635,10.645,9.975,-1,0,0,1,1.27,0.67,30,0.0828173096446283,1,1,1,0.0595818764390636,0.0595818764390647,0.0595818764390647,131461,16830,35134,1,1,0,0,0,0,0.645570794114522,0.982831766859727,0.00392709728660234,0.0160506654509548,0,0.015901434067827,5,7353,27781,7353,9477,7.34,8.62,10.72,10,7.34,8.62,10.72,10,7.34,8.62,10.72,10,4,1.34032917976394
strong_coherent,representative_case,HARD,medium_low,,,,greedy_combined_B7,likelihood_uncertainty_adaptive_topk_window,61,1,20462610,2,0.2,0,7.365,8.635,10.125,10.495,1,0.99,5,1,1.27,0.37,30,0.990176649031314,1,1,1,0.0543139024560003,0.0543139024560003,0.0543139024560003,131461,16830,38192,1,1,0,0,0,0,0.605733824553187,0.990800361714589,0.00737876289809699,0.0102937690088964,0,0.01405465338556,5,7353,30839,7353,9477,7.34,8.62,10.18,10.54,7.34,8.62,10.18,10.54,7.34,8.62,10.18,10.54,4,1.29549943252226
strong_coherent,representative_case,HARD,medium_low,,,,greedy_combined_B7,likelihood_uncertainty_adaptive_topk_window,62,2,20462611,2,0.2,0,7.365,8.635,10.495,10.125,-1,0.99,5,1,1.27,0.37,30,0.990140798660545,1,1,1,0.0543139024560003,0.0543139024560003,0.0543139024560003,131461,16830,38192,1,1,0,0,0,0,0.650246029210803,0.993077225184489,0.00391638500102826,0.0101224670194772,0,0.0154406026042425,5,7353,30839,7353,9477,7.34,8.62,10.54,10.18,7.34,8.62,10.54,10.18,7.34,8.62,10.54,10.18,4,1.32899951004548
strong_coherent,representative_case,HARD,medium_low,,,,greedy_combined_B7,likelihood_uncertainty_adaptive_topk_window,63,3,20462612,2,0.2,0,7.365,8.635,10.125,10.495,1,0.99,5,1,1.27,0.37,30,0.989923067710517,1,1,1,0.0543139024560003,0.0543139024560003,0.0543139024560003,131461,16830,38192,1,1,0,0,0,0,0.605963976121378,0.990769550895141,0.00735924158314154,0.0102631432916854,0,0.01405465338556,5,7353,30839,7353,9477,7.34,8.62,10.18,10.54,7.34,8.62,10.18,10.54,7.34,8.62,10.18,10.54,4,1.29549943252226
strong_coherent,representative_case,HARD,medium_low,,,,greedy_combined_B7,likelihood_uncertainty_adaptive_topk_window,64,4,20462613,2,0.2,0,7.365,8.635,10.495,10.125,-1,0.99,5,1,1.27,0.37,30,0.989919778002993,1,1,1,0.0543139024560003,0.0543139024560003,0.0543139024560003,131461,16830,38192,1,1,0,0,0,0,0.650667117363378,0.993189184183946,0.00388672847280273,0.00997554596710448,0,0.0154406026042425,5,7353,30839,7353,9477,7.34,8.62,10.54,10.18,7.34,8.62,10.54,10.18,7.34,8.62,10.54,10.18,4,1.32899951004548
strong_coherent,representative_case,HARD,medium_low,,,,greedy_combined_B7,likelihood_uncertainty_adaptive_topk_window,65,5,20462614,2,0.2,0,7.365,8.635,10.125,10.495,1,0.99,5,1,1.27,0.37,30,0.989895029824395,1,1,1,0.0543139024560003,0.0543139024560003,0.0543139024560003,131461,16830,38192,1,1,0,0,0,0,0.605791265008934,0.990698457486694,0.00737049910943297,0.0102739491826033,0,0.01405465338556,5,7353,30839,7353,9477,7.34,8.62,10.18,10.54,7.34,8.62,10.18,10.54,7.34,8.62,10.18,10.54,4,1.29549943252226
strong_coherent,representative_case,HARD,medium_low,,,,greedy_combined_B7,likelihood_uncertainty_adaptive_topk_window,66,6,20462615,2,0.2,0,7.365,8.635,10.495,10.125,-1,0.99,5,1,1.27,0.37,30,0.990070438713304,1,1,1,0.0543139024560003,0.0543139024560003,0.0543139024560003,131461,16830,38192,1,1,0,0,0,0,0.650811518178477,0.993370347279465,0.0038816982790335,0.00971977346510945,0,0.0154406026042425,5,7353,30839,7353,9477,7.34,8.62,10.54,10.18,7.34,8.62,10.54,10.18,7.34,8.62,10.54,10.18,4,1.32899951004548
strong_coherent,representative_case,HARD,medium_low,,,,greedy_combined_B7,likelihood_uncertainty_adaptive_topk_window,67,7,20462616,2,0.2,0,7.365,8.635,10.125,10.495,1,0.99,5,1,1.27,0.37,30,0.989814809877599,1,1,1,0.0543139024560003,0.0543139024560003,0.0543139024560003,131461,16830,38192,1,1,0,0,0,0,0.606159332307419,0.990700195682321,0.00734111630059674,0.0102293528338362,0,0.01405465338556,5,7353,30839,7353,9477,7.34,8.62,10.18,10.54,7.34,8.62,10.18,10.54,7.34,8.62,10.18,10.54,4,1.29549943252226
strong_coherent,representative_case,HARD,medium_low,,,,greedy_combined_B7,likelihood_uncertainty_adaptive_topk_window,68,8,20462617,2,0.2,0,7.365,8.635,10.495,10.125,-1,0.99,5,1,1.27,0.37,30,0.989988716579998,1,1,1,0.0543139024560003,0.0543139024560003,0.0543139024560003,131461,16830,38192,1,1,0,0,0,0,0.650548344189394,0.993120710882205,0.00389376528785879,0.0100886410576851,0,0.0154406026042425,5,7353,30839,7353,9477,7.34,8.62,10.54,10.18,7.34,8.62,10.54,10.18,7.34,8.62,10.54,10.18,4,1.32899951004548
strong_coherent,representative_case,HARD,medium_low,,,,greedy_combined_B7,likelihood_uncertainty_adaptive_topk_window,69,9,20462618,2,0.2,0,7.365,8.635,10.125,10.495,1,0.99,5,1,1.27,0.37,30,0.989923729752417,1,1,1,0.0543139024560003,0.0543139024560003,0.0543139024560003,131461,16830,38192,1,1,0,0,0,0,0.606018524632473,0.9906801418632,0.00735165897710409,0.0102287712911078,0,0.01405465338556,5,7353,30839,7353,9477,7.34,8.62,10.18,10.54,7.34,8.62,10.18,10.54,7.34,8.62,10.18,10.54,4,1.29549943252226
strong_coherent,representative_case,HARD,medium_low,,,,greedy_combined_B7,likelihood_uncertainty_adaptive_topk_window,70,10,20462619,2,0.2,0,7.365,8.635,10.495,10.125,-1,0.99,5,1,1.27,0.37,30,0.989796386604714,1,1,1,0.0543139024560003,0.0543139024560003,0.0543139024560003,131461,16830,38192,1,1,0,0,0,0,0.650534434195078,0.993209290293478,0.0038980669462099,0.00995965258644882,0,0.0154406026042425,5,7353,30839,7353,9477,7.34,8.62,10.54,10.18,7.34,8.62,10.54,10.18,7.34,8.62,10.54,10.18,4,1.32899951004548
hard_phase,representative_case,HARD,medium_low,,,,greedy_combined_B7,likelihood_uncertainty_adaptive_topk_window,71,1,20463610,2,0.2,0,7.585,8.415,10.125,10.495,1,0.99,150,1,0.83,0.37,30,0.989890370460901,1,1,1,0.0561248608016077,0.0561248608016077,0.0561248608016077,131461,19881,36795,1,1,0,0,0,0,0.65400564297536,0.996658376024977,0.00381283311346113,0.00771221609659108,0,0.0211319178825625,5,7353,29442,7353,12528,7.58,8.38,10.18,10.54,7.58,8.38,10.18,10.54,7.58,8.38,10.18,10.54,4,1.47589459764989
hard_phase,representative_case,HARD,medium_low,,,,greedy_combined_B7,likelihood_uncertainty_adaptive_topk_window,72,2,20463611,2,0.2,0,7.585,8.415,10.495,10.125,-1,0.99,150,1,0.83,0.37,30,0.989924390366166,1,1,1,0.0595818764390647,0.0595818764390647,0.0595818764390647,131461,18837,36659,1,1,0,0,0,0,0.680486757874407,0.998295197287483,0.00173502156819876,0.00488577451502013,0,0.0196112579834976,5,7353,29306,7353,11484,7.58,8.46,10.54,10.18,7.58,8.46,10.54,10.18,7.58,8.46,10.54,10.18,4,1.4351261034242
hard_phase,representative_case,HARD,medium_low,,,,greedy_combined_B7,likelihood_uncertainty_adaptive_topk_window,73,3,20463612,2,0.2,0,7.585,8.415,10.125,10.495,1,0.99,150,1,0.83,0.37,30,0.990122254720337,1,1,1,0.0561248608016077,0.0561248608016077,0.0561248608016077,131461,19881,36795,1,1,0,0,0,0,0.654162798121943,0.996700184672259,0.00380176581303666,0.00765357629625148,0,0.0211319178825625,5,7353,29442,7353,12528,7.58,8.38,10.18,10.54,7.58,8.38,10.18,10.54,7.58,8.38,10.18,10.54,4,1.47589459764989
hard_phase,representative_case,HARD,medium_low,,,,greedy_combined_B7,likelihood_uncertainty_adaptive_topk_window,74,4,20463613,2,0.2,0,7.585,8.415,10.495,10.125,-1,0.99,150,1,0.83,0.37,30,0.990205027954836,1,1,1,0.0595818764390647,0.0595818764390647,0.0595818764390647,131461,18837,36659,1,1,0,0,0,0,0.680088644613591,0.998270223655579,0.00176597157831552,0.00492486617418322,0,0.0196112579834976,5,7353,29306,7353,11484,7.58,8.46,10.54,10.18,7.58,8.46,10.54,10.18,7.58,8.46,10.54,10.18,4,1.4351261034242
hard_phase,representative_case,HARD,medium_low,,,,greedy_combined_B7,likelihood_uncertainty_adaptive_topk_window,75,5,20463614,2,0.2,0,7.585,8.415,10.125,10.495,1,0.99,150,1,0.83,0.37,30,0.990157501391891,1,1,1,0.0561248608016077,0.0561248608016077,0.0561248608016077,131461,19881,36795,1,1,0,0,0,0,0.654072699546241,0.996673047497189,0.00380799676079028,0.00769190418109669,0,0.0211319178825625,5,7353,29442,7353,12528,7.58,8.38,10.18,10.54,7.58,8.38,10.18,10.54,7.58,8.38,10.18,10.54,4,1.47589459764989
hard_phase,representative_case,HARD,medium_low,,,,greedy_combined_B7,likelihood_uncertainty_adaptive_topk_window,76,6,20463615,2,0.2,0,7.585,8.415,10.495,10.125,-1,0.99,150,1,0.83,0.37,30,0.990047972665442,1,1,1,0.0595818764390647,0.0595818764390647,0.0595818764390647,131461,18837,36659,1,1,0,0,0,0,0.681845608309303,0.998343886679258,0.00162806635151104,0.00475329986818911,0,0.0196112579834976,5,7353,29306,7353,11484,7.58,8.46,10.54,10.18,7.58,8.46,10.54,10.18,7.58,8.46,10.54,10.18,4,1.4351261034242
hard_phase,representative_case,HARD,medium_low,,,,greedy_combined_B7,likelihood_uncertainty_adaptive_topk_window,77,7,20463616,2,0.2,0,7.585,8.415,10.125,10.495,1,0.99,150,1,0.83,0.37,30,0.989957056294443,1,1,1,0.0561248608016077,0.0561248608016077,0.0561248608016077,131461,19881,36795,1,1,0,0,0,0,0.654058382979189,0.996650899577872,0.00380834476105902,0.00771157883296775,0,0.0211319178825625,5,7353,29442,7353,12528,7.58,8.38,10.18,10.54,7.58,8.38,10.18,10.54,7.58,8.38,10.18,10.54,4,1.47589459764989
hard_phase,representative_case,HARD,medium_low,,,,greedy_combined_B7,likelihood_uncertainty_adaptive_topk_window,78,8,20463617,2,0.2,0,7.585,8.415,10.495,10.125,-1,0.99,150,1,0.83,0.37,30,0.989804040500608,1,1,1,0.0595818764390647,0.0595818764390647,0.0595818764390647,131461,18837,36659,1,1,0,0,0,0,0.680755384123934,0.998302244962645,0.00171378518454248,0.00485546239733355,0,0.0196112579834976,5,7353,29306,7353,11484,7.58,8.46,10.54,10.18,7.58,8.46,10.54,10.18,7.58,8.46,10.54,10.18,4,1.4351261034242
hard_phase,representative_case,HARD,medium_low,,,,greedy_combined_B7,likelihood_uncertainty_adaptive_topk_window,79,9,20463618,2,0.2,0,7.585,8.415,10.125,10.495,1,0.99,150,1,0.83,0.37,30,0.99045655948109,1,1,1,0.0561248608016077,0.0561248608016077,0.0561248608016077,131461,19881,36795,1,1,0,0,0,0,0.654258491924549,0.996698538369514,0.00379405104192931,0.00763648630711959,0,0.0211319178825625,5,7353,29442,7353,12528,7.58,8.38,10.18,10.54,7.58,8.38,10.18,10.54,7.58,8.38,10.18,10.54,4,1.47589459764989
hard_phase,representative_case,HARD,medium_low,,,,greedy_combined_B7,likelihood_uncertainty_adaptive_topk_window,80,10,20463619,2,0.2,0,7.585,8.415,10.495,10.125,-1,0.99,150,1,0.83,0.37,30,0.990465001176393,1,1,1,0.0595818764390647,0.0595818764390647,0.0595818764390647,131461,18837,36659,1,1,0,0,0,0,0.67962294191648,0.99827331664695,0.00180333914177378,0.00496772381168438,0,0.0196112579834976,5,7353,29306,7353,11484,7.58,8.46,10.54,10.18,7.58,8.46,10.54,10.18,7.58,8.46,10.54,10.18,4,1.4351261034242
weak_secondary,representative_case,HARD,medium_low,,,,greedy_combined_B7,likelihood_uncertainty_adaptive_topk_window,81,1,20464610,2,0.2,0,7.585,8.415,10.125,10.495,1,0.99,150,0.3,0.83,0.37,30,0.989838333499401,1,1,1,0.0809320702811928,0.0809320702811928,0.0809320702811928,131461,18612,38709,1,1,0,0,0,0,0.690144922986347,0.99940372703536,0.000831389600724788,0.00310709388540704,0,0.00537077219663254,5,7353,31356,7353,11259,7.58,8.46,10.12,10.6,7.58,8.46,10.12,10.6,7.58,8.46,10.12,10.6,4,1.10399263869359
weak_secondary,representative_case,HARD,medium_low,,,,greedy_combined_B7,likelihood_uncertainty_adaptive_topk_window,82,2,20464611,2,0.2,0,7.585,8.415,10.495,10.125,-1,0.99,150,0.3,0.83,0.37,30,0.990058524139409,1,1,1,0.0595818764390647,0.0595818764390647,0.0595818764390647,131461,18000,37906,1,1,0,0,0,0,0.692881702128999,0.999581515280613,0.00136023846522502,0.00241885998246081,0,0.0671533404535744,5,7353,30553,7353,10647,7.58,8.46,10.54,10.18,7.58,8.46,10.54,10.18,7.58,8.46,10.54,10.18,4,3.44529745730925
weak_secondary,representative_case,HARD,medium_low,,,,greedy_combined_B7,likelihood_uncertainty_adaptive_topk_window,83,3,20464612,2,0.2,0,7.585,8.415,10.125,10.495,1,0.99,150,0.3,0.83,0.37,30,0.989982900635978,1,1,1,0.0809320702811928,0.0809320702811928,0.0809320702811928,131461,18612,38709,1,1,0,0,0,0,0.690165917483988,0.999399601765648,0.000829561531203893,0.0031188941567976,0,0.00537077219663254,5,7353,31356,7353,11259,7.58,8.46,10.12,10.6,7.58,8.46,10.12,10.6,7.58,8.46,10.12,10.6,4,1.10399263869359
weak_secondary,representative_case,HARD,medium_low,,,,greedy_combined_B7,likelihood_uncertainty_adaptive_topk_window,84,4,20464613,2,0.2,0,7.585,8.415,10.495,10.125,-1,0.99,150,0.3,0.83,0.37,30,0.990332039607406,1,1,1,0.0595818764390647,0.0595818764390647,0.0595818764390647,131461,18000,37906,1,1,0,0,0,0,0.692710553900725,0.999588975865495,0.00137419890454268,0.00238020864442059,0,0.0671533404535744,5,7353,30553,7353,10647,7.58,8.46,10.54,10.18,7.58,8.46,10.54,10.18,7.58,8.46,10.54,10.18,4,3.44529745730925
weak_secondary,representative_case,HARD,medium_low,,,,greedy_combined_B7,likelihood_uncertainty_adaptive_topk_window,85,5,20464614,2,0.2,0,7.585,8.415,10.125,10.495,1,0.99,150,0.3,0.83,0.37,30,0.990273252283647,1,1,1,0.0809320702811928,0.0809320702811928,0.0809320702811928,131461,18612,38709,1,1,0,0,0,0,0.690080573863034,0.999410543379857,0.000836782918991755,0.00309460458641237,0,0.00537077219663254,5,7353,31356,7353,11259,7.58,8.46,10.12,10.6,7.58,8.46,10.12,10.6,7.58,8.46,10.12,10.6,4,1.10399263869359
weak_secondary,representative_case,HARD,medium_low,,,,greedy_combined_B7,likelihood_uncertainty_adaptive_topk_window,86,6,20464615,2,0.2,0,7.585,8.415,10.495,10.125,-1,0.99,150,0.3,0.83,0.37,30,0.990128793636099,1,1,1,0.0595818764390647,0.0595818764390647,0.0595818764390647,131461,18000,37906,1,1,0,0,0,0,0.693138564026372,0.999560548912178,0.00133893472417154,0.00249392912040779,0,0.0671533404535744,5,7353,30553,7353,10647,7.58,8.46,10.54,10.18,7.58,8.46,10.54,10.18,7.58,8.46,10.54,10.18,4,3.44529745730925
weak_secondary,representative_case,HARD,medium_low,,,,greedy_combined_B7,likelihood_uncertainty_adaptive_topk_window,87,7,20464616,2,0.2,0,7.585,8.415,10.125,10.495,1,0.99,150,0.3,0.83,0.37,30,0.989901928371346,1,1,1,0.0809320702811928,0.0809320702811928,0.0809320702811928,131461,18612,38709,1,1,0,0,0,0,0.690070866250405,0.999410121708305,0.000837544347826131,0.00308640708356459,0,0.00537077219663254,5,7353,31356,7353,11259,7.58,8.46,10.12,10.6,7.58,8.46,10.12,10.6,7.58,8.46,10.12,10.6,4,1.10399263869359
weak_secondary,representative_case,HARD,medium_low,,,,greedy_combined_B7,likelihood_uncertainty_adaptive_topk_window,88,8,20464617,2,0.2,0,7.585,8.415,10.495,10.125,-1,0.99,150,0.3,0.83,0.37,30,0.990038672976153,1,1,1,0.0595818764390647,0.0595818764390647,0.0595818764390647,131461,18000,37906,1,1,0,0,0,0,0.692911526134593,0.999566149768957,0.00135729938635794,0.00245862726974408,0,0.0671533404535744,5,7353,30553,7353,10647,7.58,8.46,10.54,10.18,7.58,8.46,10.54,10.18,7.58,8.46,10.54,10.18,4,3.44529745730925
weak_secondary,representative_case,HARD,medium_low,,,,greedy_combined_B7,likelihood_uncertainty_adaptive_topk_window,89,9,20464618,2,0.2,0,7.585,8.415,10.125,10.495,1,0.99,150,0.3,0.83,0.37,30,0.99014489910428,1,1,1,0.0809320702811928,0.0809320702811928,0.0809320702811928,131461,18612,38709,1,1,0,0,0,0,0.690182364809208,0.999399670480537,0.00082824821892233,0.00311599211467302,0,0.00537077219663254,5,7353,31356,7353,11259,7.58,8.46,10.12,10.6,7.58,8.46,10.12,10.6,7.58,8.46,10.12,10.6,4,1.10399263869359
weak_secondary,representative_case,HARD,medium_low,,,,greedy_combined_B7,likelihood_uncertainty_adaptive_topk_window,90,10,20464619,2,0.2,0,7.585,8.415,10.495,10.125,-1,0.99,150,0.3,0.83,0.37,30,0.989872467089791,1,1,1,0.0595818764390647,0.0595818764390647,0.0595818764390647,131461,18000,37906,1,1,0,0,0,0,0.693022728281817,0.999565560355118,0.00134838199568175,0.0024729965953107,0,0.0671533404535744,5,7353,30553,7353,10647,7.58,8.46,10.54,10.18,7.58,8.46,10.54,10.18,7.58,8.46,10.54,10.18,4,3.44529745730925
low_snr_hard,representative_case,HARD,medium_low,,,,greedy_combined_B7,likelihood_uncertainty_adaptive_topk_window,91,1,20465610,2,0.2,0,7.585,8.415,10.125,10.495,1,1,150,0.3,0.83,0.37,20,1,1,1,1,0.0809320702811928,0.0809320702811928,0.0809320702811928,131461,18612,38709,1,1,0,0,0,0,0.690279918063247,0.999323123073676,0.00081768825195215,0.00322716437477495,0,0.00537077219663254,5,7353,31356,7353,11259,7.58,8.46,10.12,10.6,7.58,8.46,10.12,10.6,7.58,8.46,10.12,10.6,4,1.10399263869359
low_snr_hard,representative_case,HARD,medium_low,,,,greedy_combined_B7,likelihood_uncertainty_adaptive_topk_window,92,2,20465611,2,0.2,0,7.585,8.415,10.495,10.125,-1,1,150,0.3,0.83,0.37,20,1,1,1,1,0.0595818764390647,0.0595818764390647,0.0595818764390647,131461,18000,37906,1,1,0,0,0,0,0.692976555642559,0.999564837695715,0.00135204979108394,0.00247622257039002,0,0.0671533404535744,5,7353,30553,7353,10647,7.58,8.46,10.54,10.18,7.58,8.46,10.54,10.18,7.58,8.46,10.54,10.18,4,3.44529745730925
low_snr_hard,representative_case,HARD,medium_low,,,,greedy_combined_B7,likelihood_uncertainty_adaptive_topk_window,93,3,20465612,2,0.2,0,7.585,8.415,10.125,10.495,1,1,150,0.3,0.83,0.37,20,1,1,1,1,0.0809320702811928,0.0809320702811928,0.0809320702811928,131461,18612,38709,1,1,0,0,0,0,0.690358712726063,0.999348175827609,0.000812286578068448,0.00317559442544781,0,0.00537077219663254,5,7353,31356,7353,11259,7.58,8.46,10.12,10.6,7.58,8.46,10.12,10.6,7.58,8.46,10.12,10.6,4,1.10399263869359
low_snr_hard,representative_case,HARD,medium_low,,,,greedy_combined_B7,likelihood_uncertainty_adaptive_topk_window,94,4,20465613,2,0.2,0,7.585,8.415,10.495,10.125,-1,1,150,0.3,0.83,0.37,20,1,1,1,1,0.0595818764390647,0.0595818764390647,0.0595818764390647,131461,18000,37906,1,1,0,0,0,0,0.692863767689849,0.999564378448129,0.00136105629438765,0.00246560637787052,0,0.0671533404535744,5,7353,30553,7353,10647,7.58,8.46,10.54,10.18,7.58,8.46,10.54,10.18,7.58,8.46,10.54,10.18,4,3.44529745730925
low_snr_hard,representative_case,HARD,medium_low,,,,greedy_combined_B7,likelihood_uncertainty_adaptive_topk_window,95,5,20465614,2,0.2,0,7.585,8.415,10.125,10.495,1,1,150,0.3,0.83,0.37,20,1,1,1,1,0.0809320702811928,0.0809320702811928,0.0809320702811928,131461,18612,38709,1,1,0,0,0,0,0.690344025560627,0.999357643506022,0.000813802387726181,0.00316695984710843,0,0.00537077219663254,5,7353,31356,7353,11259,7.58,8.46,10.12,10.6,7.58,8.46,10.12,10.6,7.58,8.46,10.12,10.6,4,1.10399263869359
low_snr_hard,representative_case,HARD,medium_low,,,,greedy_combined_B7,likelihood_uncertainty_adaptive_topk_window,96,6,20465615,2,0.2,0,7.585,8.415,10.495,10.125,-1,1,150,0.3,0.83,0.37,20,1,1,1,1,0.0595818764390647,0.0595818764390647,0.0595818764390647,131461,18000,37906,1,1,0,0,0,0,0.693151478928663,0.999561813728808,0.00133794706538696,0.00248742726484145,0,0.0671533404535744,5,7353,30553,7353,10647,7.58,8.46,10.54,10.18,7.58,8.46,10.54,10.18,7.58,8.46,10.54,10.18,4,3.44529745730925
low_snr_hard,representative_case,HARD,medium_low,,,,greedy_combined_B7,likelihood_uncertainty_adaptive_topk_window,97,7,20465616,2,0.2,0,7.585,8.415,10.125,10.495,1,1,150,0.3,0.83,0.37,20,1,1,1,1,0.0809320702811928,0.0809320702811928,0.0809320702811928,131461,18612,38709,1,1,0,0,0,0,0.690322175177708,0.999329913486516,0.00081455213765751,0.00322016140580277,0,0.00537077219663254,5,7353,31356,7353,11259,7.58,8.46,10.12,10.6,7.58,8.46,10.12,10.6,7.58,8.46,10.12,10.6,4,1.10399263869359
low_snr_hard,representative_case,HARD,medium_low,,,,greedy_combined_B7,likelihood_uncertainty_adaptive_topk_window,98,8,20465617,2,0.2,0,7.585,8.415,10.495,10.125,-1,1,150,0.3,0.83,0.37,20,1,1,1,1,0.0595818764390647,0.0595818764390647,0.0595818764390647,131461,18000,37906,1,1,0,0,0,0,0.693004815816748,0.999569100919704,0.00134994245321237,0.00243786286500772,0,0.0671533404535744,5,7353,30553,7353,10647,7.58,8.46,10.54,10.18,7.58,8.46,10.54,10.18,7.58,8.46,10.54,10.18,4,3.44529745730925
low_snr_hard,representative_case,HARD,medium_low,,,,greedy_combined_B7,likelihood_uncertainty_adaptive_topk_window,99,9,20465618,2,0.2,0,7.585,8.415,10.125,10.495,1,1,150,0.3,0.83,0.37,20,1,1,1,1,0.0809320702811928,0.0809320702811928,0.0809320702811928,131461,18612,38709,1,1,0,0,0,0,0.690001463704766,0.999354868447572,0.000841107434090924,0.00316591561036204,0,0.00537077219663254,5,7353,31356,7353,11259,7.58,8.46,10.12,10.6,7.58,8.46,10.12,10.6,7.58,8.46,10.12,10.6,4,1.10399263869359
low_snr_hard,representative_case,HARD,medium_low,,,,greedy_combined_B7,likelihood_uncertainty_adaptive_topk_window,100,10,20465619,2,0.2,0,7.585,8.415,10.495,10.125,-1,1,150,0.3,0.83,0.37,20,1,1,1,1,0.0595818764390647,0.0595818764390647,0.0595818764390647,131461,18000,37906,1,1,0,0,0,0,0.692940415049897,0.999576361106497,0.00135535588128507,0.00241031163121353,0,0.0671533404535744,5,7353,30553,7353,10647,7.58,8.46,10.54,10.18,7.58,8.46,10.54,10.18,7.58,8.46,10.54,10.18,4,3.44529745730925
easy_noncoherent,representative_case,HARD,medium_low,,,,greedy_combined_B7,likelihood_uncertainty_adaptive_topk_window,101,1,20561610,3,-0.2,0,7.365,8.635,9.975,10.645,1,0,0,1,1.27,0.67,30,0.0964174540968539,1,1,1,0.0595818764390636,0.0595818764390647,0.0595818764390647,131461,17154,35134,1,1,0,0,0,0,0.669430428096388,0.997809724350415,0.00250354529978895,0.00564009070900248,0,0.0114024559070848,5,7353,27781,7353,9801,7.34,8.62,10,10.72,7.34,8.62,10,10.72,7.34,8.62,10,10.72,3.75000000000001,1.2337286417465
easy_noncoherent,representative_case,HARD,medium_low,,,,greedy_combined_B7,likelihood_uncertainty_adaptive_topk_window,102,2,20561611,3,-0.2,0,7.365,8.635,10.645,9.975,-1,0,0,1,1.27,0.67,30,0.0924215470672462,1,1,1,0.0595818764390636,0.0595818764390647,0.0595818764390647,131461,18612,38748,1,1,0,0,0,0,0.692768424190166,0.997962693784116,0.000667698170913753,0.00421111699204781,0,0.0135429274915729,5,7353,31395,7353,11259,7.34,8.62,10.72,10,7.34,8.62,10.72,10,7.34,8.62,10.72,10,3.75000000000001,1.28334499122373
easy_noncoherent,representative_case,HARD,medium_low,,,,greedy_combined_B7,likelihood_uncertainty_adaptive_topk_window,103,3,20561612,3,-0.2,0,7.365,8.635,9.975,10.645,1,0,0,1,1.27,0.67,30,0.126096645412756,1,1,1,0.0595818764390636,0.0595818764390647,0.0595818764390647,131461,17154,35134,1,1,0,0,0,0,0.669484909503114,0.99768733925164,0.00249478092369494,0.00574409981185047,0,0.0114024559070848,5,7353,27781,7353,9801,7.34,8.62,10,10.72,7.34,8.62,10,10.72,7.34,8.62,10,10.72,3.75000000000001,1.2337286417465
easy_noncoherent,representative_case,HARD,medium_low,,,,greedy_combined_B7,likelihood_uncertainty_adaptive_topk_window,104,4,20561613,3,-0.2,0,7.365,8.635,10.645,9.975,-1,0,0,1,1.27,0.67,30,0.122374678768707,1,1,1,0.0595818764390636,0.0595818764390647,0.0595818764390647,131461,18612,38748,1,1,0,0,0,0,0.691454277201349,0.997685850779658,0.000762863581858618,0.00474928171305283,0,0.0135429274915729,5,7353,31395,7353,11259,7.34,8.62,10.72,10,7.34,8.62,10.72,10,7.34,8.62,10.72,10,3.75000000000001,1.28334499122373
easy_noncoherent,representative_case,HARD,medium_low,,,,greedy_combined_B7,likelihood_uncertainty_adaptive_topk_window,105,5,20561614,3,-0.2,0,7.365,8.635,9.975,10.645,1,0,0,1,1.27,0.67,30,0.0709130760537258,1,1,1,0.0595818764390636,0.0595818764390647,0.0595818764390647,131461,17154,35134,1,1,0,0,0,0,0.669322091244666,0.997911665837771,0.00251588214147153,0.00571040001911773,0,0.0114024559070848,5,7353,27781,7353,9801,7.34,8.62,10,10.72,7.34,8.62,10,10.72,7.34,8.62,10,10.72,3.75000000000001,1.2337286417465
easy_noncoherent,representative_case,HARD,medium_low,,,,greedy_combined_B7,likelihood_uncertainty_adaptive_topk_window,106,6,20561615,3,-0.2,0,7.365,8.635,10.645,9.975,-1,0,0,1,1.27,0.67,30,0.0508239254985577,1,1,1,0.0595818764390636,0.0595818764390647,0.0595818764390647,131461,18612,38748,1,1,0,0,0,0,0.690536578617492,0.998140898434775,0.000757475455303106,0.00440573305919209,0,0.00561078342088252,5,7353,31395,7353,11259,7.34,8.62,10.72,10,7.34,8.62,10.72,10,7.34,8.62,10.72,10,4,1.10888438362929
easy_noncoherent,representative_case,HARD,medium_low,,,,greedy_combined_B7,likelihood_uncertainty_adaptive_topk_window,107,7,20561616,3,-0.2,0,7.365,8.635,9.975,10.645,1,0,0,1,1.27,0.67,30,0.150309887530764,1,1,1,0.0595818764390636,0.0595818764390647,0.0595818764390647,131461,17154,35134,1,1,0,0,0,0,0.661678454001536,0.997388001519735,0.0031085212054726,0.00589984918654763,0,0.0114024559070848,5,7353,27781,7353,9801,7.34,8.62,10,10.72,7.34,8.62,10,10.72,7.34,8.62,10,10.72,3.75000000000001,1.2337286417465
easy_noncoherent,representative_case,HARD,medium_low,,,,greedy_combined_B7,likelihood_uncertainty_adaptive_topk_window,108,8,20561617,3,-0.2,0,7.365,8.635,10.645,9.975,-1,0,0,1,1.27,0.67,30,0.0527204539207244,1,1,1,0.0595818764390636,0.0595818764390647,0.0595818764390647,131461,18612,38748,1,1,0,0,0,0,0.692507716758329,0.997864538136198,0.000685021162135661,0.00439159112267334,0,0.0135429274915729,5,7353,31395,7353,11259,7.34,8.62,10.72,10,7.34,8.62,10.72,10,7.34,8.62,10.72,10,3.75000000000001,1.28334499122373
easy_noncoherent,representative_case,HARD,medium_low,,,,greedy_combined_B7,likelihood_uncertainty_adaptive_topk_window,109,9,20561618,3,-0.2,0,7.365,8.635,9.975,10.645,1,0,0,1,1.27,0.67,30,0.160332178674549,1,1,1,0.0595818764390636,0.0595818764390647,0.0595818764390647,131461,17154,35134,1,1,0,0,0,0,0.670467934185551,0.997905719228022,0.00242400062824971,0.00572251670512838,0,0.0114024559070848,5,7353,27781,7353,9801,7.34,8.62,10,10.72,7.34,8.62,10,10.72,7.34,8.62,10,10.72,3.75000000000001,1.2337286417465
easy_noncoherent,representative_case,HARD,medium_low,,,,greedy_combined_B7,likelihood_uncertainty_adaptive_topk_window,110,10,20561619,3,-0.2,0,7.365,8.635,10.645,9.975,-1,0,0,1,1.27,0.67,30,0.0859642364998632,1,1,1,0.0595818764390636,0.0595818764390647,0.0595818764390647,131461,18612,38748,1,1,0,0,0,0,0.687410941517456,0.998235058666127,0.00101091619163469,0.0047635248500923,0,0.00561078342088252,5,7353,31395,7353,11259,7.34,8.62,10.72,10,7.34,8.62,10.72,10,7.34,8.62,10.72,10,4,1.10888438362929
strong_coherent,representative_case,HARD,medium_low,,,,greedy_combined_B7,likelihood_uncertainty_adaptive_topk_window,111,1,20562610,3,-0.2,0,7.365,8.635,10.125,10.495,1,0.99,5,1,1.27,0.37,30,0.990256874428704,1,1,1,0.0543139024560003,0.0543139024560003,0.0543139024560003,131461,19998,38940,1,1,0,0,0,0,0.649773378574279,0.994017780767083,0.00394783186801719,0.00832832075853205,0,0.0120885038620411,5,7353,31587,7353,12645,7.34,8.62,10.18,10.54,7.34,8.62,10.18,10.54,7.34,8.62,10.18,10.54,3.75000000000001,1.24941878391736
strong_coherent,representative_case,HARD,medium_low,,,,greedy_combined_B7,likelihood_uncertainty_adaptive_topk_window,112,2,20562611,3,-0.2,0,7.365,8.635,10.495,10.125,-1,0.99,5,1,1.27,0.37,30,0.989836979504934,1,1,1,0.0543139024560003,0.0543139024560003,0.0543139024560003,131461,19998,38384,1,1,0,0,0,0,0.657758242738693,0.996614393833805,0.00341997388882037,0.00757181635395377,0,0.0135429274915729,5,7353,31031,7353,12645,7.34,8.62,10.54,10.18,7.34,8.62,10.54,10.18,7.34,8.62,10.54,10.18,3.75000000000001,1.28334499122373
strong_coherent,representative_case,HARD,medium_low,,,,greedy_combined_B7,likelihood_uncertainty_adaptive_topk_window,113,3,20562612,3,-0.2,0,7.365,8.635,10.125,10.495,1,0.99,5,1,1.27,0.37,30,0.990028861915367,1,1,1,0.0543139024560003,0.0543139024560003,0.0543139024560003,131461,19998,38940,1,1,0,0,0,0,0.650074484042335,0.99403104713729,0.00392422101990013,0.00835369680469451,0,0.0120885038620411,5,7353,31587,7353,12645,7.34,8.62,10.18,10.54,7.34,8.62,10.18,10.54,7.34,8.62,10.18,10.54,3.75000000000001,1.24941878391736
strong_coherent,representative_case,HARD,medium_low,,,,greedy_combined_B7,likelihood_uncertainty_adaptive_topk_window,114,4,20562613,3,-0.2,0,7.365,8.635,10.495,10.125,-1,0.99,5,1,1.27,0.37,30,0.990039510134676,1,1,1,0.0543139024560003,0.0543139024560003,0.0543139024560003,131461,19998,38384,1,1,0,0,0,0,0.657664063009531,0.996603145250912,0.00342710331816923,0.00759398545642077,0,0.0135429274915729,5,7353,31031,7353,12645,7.34,8.62,10.54,10.18,7.34,8.62,10.54,10.18,7.34,8.62,10.54,10.18,3.75000000000001,1.28334499122373
strong_coherent,representative_case,HARD,medium_low,,,,greedy_combined_B7,likelihood_uncertainty_adaptive_topk_window,115,5,20562614,3,-0.2,0,7.365,8.635,10.125,10.495,1,0.99,5,1,1.27,0.37,30,0.989989253471888,1,1,1,0.0543139024560003,0.0543139024560003,0.0543139024560003,131461,19998,38940,1,1,0,0,0,0,0.650171790718971,0.994011592845626,0.00391573613126938,0.00829146822738724,0,0.0120885038620411,5,7353,31587,7353,12645,7.34,8.62,10.18,10.54,7.34,8.62,10.18,10.54,7.34,8.62,10.18,10.54,3.75000000000001,1.24941878391736
strong_coherent,representative_case,HARD,medium_low,,,,greedy_combined_B7,likelihood_uncertainty_adaptive_topk_window,116,6,20562615,3,-0.2,0,7.365,8.635,10.495,10.125,-1,0.99,5,1,1.27,0.37,30,0.990037093378443,1,1,1,0.0543139024560003,0.0543139024560003,0.0543139024560003,131461,19998,38384,1,1,0,0,0,0,0.657214467263116,0.996654113639581,0.0034649058398745,0.00751685202980939,0,0.0135429274915729,5,7353,31031,7353,12645,7.34,8.62,10.54,10.18,7.34,8.62,10.54,10.18,7.34,8.62,10.54,10.18,3.75000000000001,1.28334499122373
strong_coherent,representative_case,HARD,medium_low,,,,greedy_combined_B7,likelihood_uncertainty_adaptive_topk_window,117,7,20562616,3,-0.2,0,7.365,8.635,10.125,10.495,1,0.99,5,1,1.27,0.37,30,0.990028639414607,1,1,1,0.0543139024560003,0.0543139024560003,0.0543139024560003,131461,19998,38940,1,1,0,0,0,0,0.650039417392141,0.994030575229434,0.00392700936323287,0.00834028492323165,0,0.0120885038620411,5,7353,31587,7353,12645,7.34,8.62,10.18,10.54,7.34,8.62,10.18,10.54,7.34,8.62,10.18,10.54,3.75000000000001,1.24941878391736
strong_coherent,representative_case,HARD,medium_low,,,,greedy_combined_B7,likelihood_uncertainty_adaptive_topk_window,118,8,20562617,3,-0.2,0,7.365,8.635,10.495,10.125,-1,0.99,5,1,1.27,0.37,30,0.990925678225927,1,1,1,0.0543139024560003,0.0543139024560003,0.0543139024560003,131461,19998,38384,1,1,0,0,0,0,0.656905127662601,0.996634795172446,0.0034889575430989,0.00754353331221025,0,0.0135429274915729,5,7353,31031,7353,12645,7.34,8.62,10.54,10.18,7.34,8.62,10.54,10.18,7.34,8.62,10.54,10.18,3.75000000000001,1.28334499122373
strong_coherent,representative_case,HARD,medium_low,,,,greedy_combined_B7,likelihood_uncertainty_adaptive_topk_window,119,9,20562618,3,-0.2,0,7.365,8.635,10.125,10.495,1,0.99,5,1,1.27,0.37,30,0.989939079018925,1,1,1,0.0543139024560003,0.0543139024560003,0.0543139024560003,131461,19998,38940,1,1,0,0,0,0,0.64993191263039,0.994079140060041,0.00393735807807476,0.00832917570935068,0,0.0120885038620411,5,7353,31587,7353,12645,7.34,8.62,10.18,10.54,7.34,8.62,10.18,10.54,7.34,8.62,10.18,10.54,3.75000000000001,1.24941878391736
strong_coherent,representative_case,HARD,medium_low,,,,greedy_combined_B7,likelihood_uncertainty_adaptive_topk_window,120,10,20562619,3,-0.2,0,7.365,8.635,10.495,10.125,-1,0.99,5,1,1.27,0.37,30,0.99011041127186,1,1,1,0.0543139024560003,0.0543139024560003,0.0543139024560003,131461,19998,38384,1,1,0,0,0,0,0.658427569916165,0.996591584145705,0.00336560656585102,0.00761004009782227,0,0.0135429274915729,5,7353,31031,7353,12645,7.34,8.62,10.54,10.18,7.34,8.62,10.54,10.18,7.34,8.62,10.54,10.18,3.75000000000001,1.28334499122373
hard_phase,representative_case,HARD,medium_low,,,,greedy_combined_B7,likelihood_uncertainty_adaptive_topk_window,121,1,20563610,3,-0.2,0,7.585,8.415,10.125,10.495,1,0.99,150,1,0.83,0.37,30,0.990096530416103,1,1,1,0.0561248608016077,0.0561248608016077,0.0561248608016077,131461,19998,40253,1,1,0,0,0,0,0.658292201478812,0.996099318439612,0.00371012280247543,0.00696628253866129,0,0.0428269547461938,5,7353,32900,7353,12645,7.58,8.38,10.18,10.54,7.58,8.38,10.18,10.54,7.58,8.38,10.18,10.54,4,2.20097767772748
hard_phase,representative_case,HARD,medium_low,,,,greedy_combined_B7,likelihood_uncertainty_adaptive_topk_window,122,2,20563611,3,-0.2,0,7.585,8.415,10.495,10.125,-1,0.99,150,1,0.83,0.37,30,0.990211379366151,1,1,1,0.0595818764390647,0.0595818764390647,0.0595818764390647,131461,18513,36639,1,1,0,0,0,0,0.629408796577789,0.995329540054965,0.00597519082291854,0.00782685766547589,0,0.0413359255969119,5,7353,29286,7353,11160,7.58,8.46,10.54,10.18,7.58,8.46,10.54,10.18,7.58,8.46,10.54,10.18,4,2.14134875248806
hard_phase,representative_case,HARD,medium_low,,,,greedy_combined_B7,likelihood_uncertainty_adaptive_topk_window,123,3,20563612,3,-0.2,0,7.585,8.415,10.125,10.495,1,0.99,150,1,0.83,0.37,30,0.990422433886784,1,1,1,0.0561248608016077,0.0561248608016077,0.0561248608016077,131461,19998,40253,1,1,0,0,0,0,0.658479255962802,0.996088889554369,0.00369478300388746,0.00697357081690374,0,0.0428269547461938,5,7353,32900,7353,12645,7.58,8.38,10.18,10.54,7.58,8.38,10.18,10.54,7.58,8.38,10.18,10.54,4,2.20097767772748
hard_phase,representative_case,HARD,medium_low,,,,greedy_combined_B7,likelihood_uncertainty_adaptive_topk_window,124,4,20563613,3,-0.2,0,7.585,8.415,10.495,10.125,-1,0.99,150,1,0.83,0.37,30,0.989934604842339,1,1,1,0.0595818764390647,0.0595818764390647,0.0595818764390647,131461,18513,36639,1,1,0,0,0,0,0.629402212944673,0.995284223013605,0.00597408610007885,0.00784619475362817,0,0.0413359255969119,5,7353,29286,7353,11160,7.58,8.46,10.54,10.18,7.58,8.46,10.54,10.18,7.58,8.46,10.54,10.18,4,2.14134875248806
hard_phase,representative_case,HARD,medium_low,,,,greedy_combined_B7,likelihood_uncertainty_adaptive_topk_window,125,5,20563614,3,-0.2,0,7.585,8.415,10.125,10.495,1,0.99,150,1,0.83,0.37,30,0.990408975889872,1,1,1,0.0561248608016077,0.0561248608016077,0.0561248608016077,131461,19998,40253,1,1,0,0,0,0,0.658953076580737,0.996109739196938,0.00365762794158509,0.00695999448414548,0,0.0428269547461938,5,7353,32900,7353,12645,7.58,8.38,10.18,10.54,7.58,8.38,10.18,10.54,7.58,8.38,10.18,10.54,4,2.20097767772748
hard_phase,representative_case,HARD,medium_low,,,,greedy_combined_B7,likelihood_uncertainty_adaptive_topk_window,126,6,20563615,3,-0.2,0,7.585,8.415,10.495,10.125,-1,0.99,150,1,0.83,0.37,30,0.990391284513069,1,1,1,0.0595818764390647,0.0595818764390647,0.0595818764390647,131461,18513,36639,1,1,0,0,0,0,0.629176924608322,0.995301822509328,0.00599274274883296,0.00782689998246825,0,0.0413359255969119,5,7353,29286,7353,11160,7.58,8.46,10.54,10.18,7.58,8.46,10.54,10.18,7.58,8.46,10.54,10.18,4,2.14134875248806
hard_phase,representative_case,HARD,medium_low,,,,greedy_combined_B7,likelihood_uncertainty_adaptive_topk_window,127,7,20563616,3,-0.2,0,7.585,8.415,10.125,10.495,1,0.99,150,1,0.83,0.37,30,0.990154768824844,1,1,1,0.0561248608016077,0.0561248608016077,0.0561248608016077,131461,19998,40253,1,1,0,0,0,0,0.658414838011778,0.99609481341669,0.00370014969901292,0.00697601060687737,0,0.0428269547461938,5,7353,32900,7353,12645,7.58,8.38,10.18,10.54,7.58,8.38,10.18,10.54,7.58,8.38,10.18,10.54,4,2.20097767772748
hard_phase,representative_case,HARD,medium_low,,,,greedy_combined_B7,likelihood_uncertainty_adaptive_topk_window,128,8,20563617,3,-0.2,0,7.585,8.415,10.495,10.125,-1,0.99,150,1,0.83,0.37,30,0.990066085256238,1,1,1,0.0595818764390647,0.0595818764390647,0.0595818764390647,131461,18513,36639,1,1,0,0,0,0,0.630155063845028,0.995390218425269,0.00591767386287042,0.00780906618083982,0,0.0413359255969119,5,7353,29286,7353,11160,7.58,8.46,10.54,10.18,7.58,8.46,10.54,10.18,7.58,8.46,10.54,10.18,4,2.14134875248806
hard_phase,representative_case,HARD,medium_low,,,,greedy_combined_B7,likelihood_uncertainty_adaptive_topk_window,129,9,20563618,3,-0.2,0,7.585,8.415,10.125,10.495,1,0.99,150,1,0.83,0.37,30,0.989802570759959,1,1,1,0.0561248608016077,0.0561248608016077,0.0561248608016077,131461,19998,40253,1,1,0,0,0,0,0.658240538493606,0.996063891331052,0.00371298046538371,0.00699797736334809,0,0.0428269547461938,5,7353,32900,7353,12645,7.58,8.38,10.18,10.54,7.58,8.38,10.18,10.54,7.58,8.38,10.18,10.54,4,2.20097767772748
hard_phase,representative_case,HARD,medium_low,,,,greedy_combined_B7,likelihood_uncertainty_adaptive_topk_window,130,10,20563619,3,-0.2,0,7.585,8.415,10.495,10.125,-1,0.99,150,1,0.83,0.37,30,0.990382476940421,1,1,1,0.0595818764390647,0.0595818764390647,0.0595818764390647,131461,18513,36639,1,1,0,0,0,0,0.630206928599584,0.995418125507378,0.0059145293374618,0.00778533367760987,0,0.0413359255969119,5,7353,29286,7353,11160,7.58,8.46,10.54,10.18,7.58,8.46,10.54,10.18,7.58,8.46,10.54,10.18,4,2.14134875248806
weak_secondary,representative_case,HARD,medium_low,,,,greedy_combined_B7,likelihood_uncertainty_adaptive_topk_window,131,1,20564610,3,-0.2,0,7.585,8.415,10.125,10.495,1,0.99,150,0.3,0.83,0.37,30,0.990129813406843,1,1,1,0.0809320702811928,0.0809320702811928,0.0809320702811928,131461,18612,36743,1,1,0,0,0,0,0.701860318818981,0.998384223016217,0.000337647791074414,0.00413218787906938,0,0.0453867723340907,5,7353,29390,7353,11259,7.58,8.46,10.12,10.6,7.58,8.46,10.12,10.6,7.58,8.46,10.12,10.6,3,2.30724747125812
weak_secondary,representative_case,HARD,medium_low,,,,greedy_combined_B7,likelihood_uncertainty_adaptive_topk_window,132,2,20564611,3,-0.2,0,7.585,8.415,10.495,10.125,-1,0.99,150,0.3,0.83,0.37,30,0.989939719655222,1,1,1,0.0595818764390647,0.0595818764390647,0.0595818764390647,131461,18837,36743,1,1,0,0,0,0,0.689135721507769,0.999437806013192,0.00134493440301629,0.00293361067412639,0,0.0413359255969119,5,7353,29390,7353,11484,7.58,8.46,10.54,10.18,7.58,8.46,10.54,10.18,7.58,8.46,10.54,10.18,4,2.14134875248806
weak_secondary,representative_case,HARD,medium_low,,,,greedy_combined_B7,likelihood_uncertainty_adaptive_topk_window,133,3,20564612,3,-0.2,0,7.585,8.415,10.125,10.495,1,0.99,150,0.3,0.83,0.37,30,0.989882824023295,1,1,1,0.0809320702811928,0.0809320702811928,0.0809320702811928,131461,18612,36743,1,1,0,0,0,0,0.701725780166514,0.998390275781908,0.000348628782836666,0.00411091145768301,0,0.0453867723340907,5,7353,29390,7353,11259,7.58,8.46,10.12,10.6,7.58,8.46,10.12,10.6,7.58,8.46,10.12,10.6,3,2.30724747125812
weak_secondary,representative_case,HARD,medium_low,,,,greedy_combined_B7,likelihood_uncertainty_adaptive_topk_window,134,4,20564613,3,-0.2,0,7.585,8.415,10.495,10.125,-1,0.99,150,0.3,0.83,0.37,30,0.989966177173218,1,1,1,0.0595818764390647,0.0595818764390647,0.0595818764390647,131461,18837,36743,1,1,0,0,0,0,0.689162123060407,0.999428270621494,0.00134247900470417,0.00295125674102293,0,0.0413359255969119,5,7353,29390,7353,11484,7.58,8.46,10.54,10.18,7.58,8.46,10.54,10.18,7.58,8.46,10.54,10.18,4,2.14134875248806
weak_secondary,representative_case,HARD,medium_low,,,,greedy_combined_B7,likelihood_uncertainty_adaptive_topk_window,135,5,20564614,3,-0.2,0,7.585,8.415,10.125,10.495,1,0.99,150,0.3,0.83,0.37,30,0.989876379682299,1,1,1,0.0809320702811928,0.0809320702811928,0.0809320702811928,131461,18612,36743,1,1,0,0,0,0,0.701872007417431,0.998374685102361,0.000336369338299581,0.00413699037294447,0,0.0453867723340907,5,7353,29390,7353,11259,7.58,8.46,10.12,10.6,7.58,8.46,10.12,10.6,7.58,8.46,10.12,10.6,3,2.30724747125812
weak_secondary,representative_case,HARD,medium_low,,,,greedy_combined_B7,likelihood_uncertainty_adaptive_topk_window,136,6,20564615,3,-0.2,0,7.585,8.415,10.495,10.125,-1,0.99,150,0.3,0.83,0.37,30,0.989846746478136,1,1,1,0.0595818764390647,0.0595818764390647,0.0595818764390647,131461,18837,36743,1,1,0,0,0,0,0.68929063656763,0.999434884642841,0.00133243602889479,0.00293515167788063,0,0.0413359255969119,5,7353,29390,7353,11484,7.58,8.46,10.54,10.18,7.58,8.46,10.54,10.18,7.58,8.46,10.54,10.18,4,2.14134875248806
weak_secondary,representative_case,HARD,medium_low,,,,greedy_combined_B7,likelihood_uncertainty_adaptive_topk_window,137,7,20564616,3,-0.2,0,7.585,8.415,10.125,10.495,1,0.99,150,0.3,0.83,0.37,30,0.990175580257985,1,1,1,0.0809320702811928,0.0809320702811928,0.0809320702811928,131461,18612,36743,1,1,0,0,0,0,0.70178188762285,0.998377687346373,0.000343687002650559,0.00412014901255304,0,0.0453867723340907,5,7353,29390,7353,11259,7.58,8.46,10.12,10.6,7.58,8.46,10.12,10.6,7.58,8.46,10.12,10.6,3,2.30724747125812
weak_secondary,representative_case,HARD,medium_low,,,,greedy_combined_B7,likelihood_uncertainty_adaptive_topk_window,138,8,20564617,3,-0.2,0,7.585,8.415,10.495,10.125,-1,0.99,150,0.3,0.83,0.37,30,0.990142604427257,1,1,1,0.0595818764390647,0.0595818764390647,0.0595818764390647,131461,18837,36743,1,1,0,0,0,0,0.689245649569444,0.999433081471548,0.00133597007458316,0.00294954435533866,0,0.0413359255969119,5,7353,29390,7353,11484,7.58,8.46,10.54,10.18,7.58,8.46,10.54,10.18,7.58,8.46,10.54,10.18,4,2.14134875248806
weak_secondary,representative_case,HARD,medium_low,,,,greedy_combined_B7,likelihood_uncertainty_adaptive_topk_window,139,9,20564618,3,-0.2,0,7.585,8.415,10.125,10.495,1,0.99,150,0.3,0.83,0.37,30,0.989876289624915,1,1,1,0.0809320702811928,0.0809320702811928,0.0809320702811928,131461,18612,36743,1,1,0,0,0,0,0.701805486316814,0.998378711752809,0.000341835985765076,0.00413050364076975,0,0.0453867723340907,5,7353,29390,7353,11259,7.58,8.46,10.12,10.6,7.58,8.46,10.12,10.6,7.58,8.46,10.12,10.6,3,2.30724747125812
weak_secondary,representative_case,HARD,medium_low,,,,greedy_combined_B7,likelihood_uncertainty_adaptive_topk_window,140,10,20564619,3,-0.2,0,7.585,8.415,10.495,10.125,-1,0.99,150,0.3,0.83,0.37,30,0.989995524596169,1,1,1,0.0595818764390647,0.0595818764390647,0.0595818764390647,131461,18837,36743,1,1,0,0,0,0,0.689132753434338,0.999432139330989,0.00134496784833155,0.00293507660500265,0,0.0413359255969119,5,7353,29390,7353,11484,7.58,8.46,10.54,10.18,7.58,8.46,10.54,10.18,7.58,8.46,10.54,10.18,4,2.14134875248806
low_snr_hard,representative_case,HARD,medium_low,,,,greedy_combined_B7,likelihood_uncertainty_adaptive_topk_window,141,1,20565610,3,-0.2,0,7.585,8.415,10.125,10.495,1,1,150,0.3,0.83,0.37,20,1,1,1,1,0.0809320702811928,0.0809320702811928,0.0809320702811928,131461,18612,36743,1,1,0,0,0,0,0.701982445311457,0.99837659965682,0.000327603230738059,0.00411856938012291,0,0.0453867723340907,5,7353,29390,7353,11259,7.58,8.46,10.12,10.6,7.58,8.46,10.12,10.6,7.58,8.46,10.12,10.6,3,2.30724747125812
low_snr_hard,representative_case,HARD,medium_low,,,,greedy_combined_B7,likelihood_uncertainty_adaptive_topk_window,142,2,20565611,3,-0.2,0,7.585,8.415,10.495,10.125,-1,1,150,0.3,0.83,0.37,20,1,1,1,1,0.0595818764390647,0.0595818764390647,0.0595818764390647,131461,18837,36743,1,1,0,0,0,0,0.689199040300804,0.999446913812655,0.00134019678035417,0.00291097050601913,0,0.0413359255969119,5,7353,29390,7353,11484,7.58,8.46,10.54,10.18,7.58,8.46,10.54,10.18,7.58,8.46,10.54,10.18,4,2.14134875248806
low_snr_hard,representative_case,HARD,medium_low,,,,greedy_combined_B7,likelihood_uncertainty_adaptive_topk_window,143,3,20565612,3,-0.2,0,7.585,8.415,10.125,10.495,1,1,150,0.3,0.83,0.37,20,1,1,1,1,0.0809320702811928,0.0809320702811928,0.0809320702811928,131461,18612,36743,1,1,0,0,0,0,0.701343775844741,0.998421267710876,0.00038030483802137,0.00412857119276712,0,0.0453867723340907,5,7353,29390,7353,11259,7.58,8.46,10.12,10.6,7.58,8.46,10.12,10.6,7.58,8.46,10.12,10.6,3,2.30724747125812
low_snr_hard,representative_case,HARD,medium_low,,,,greedy_combined_B7,likelihood_uncertainty_adaptive_topk_window,144,4,20565613,3,-0.2,0,7.585,8.415,10.495,10.125,-1,1,150,0.3,0.83,0.37,20,1,1,1,1,0.0595818764390647,0.0595818764390647,0.0595818764390647,131461,18837,36743,1,1,0,0,0,0,0.689312581742478,0.999410064337114,0.00132978688390085,0.0029831916234149,0,0.0413359255969119,5,7353,29390,7353,11484,7.58,8.46,10.54,10.18,7.58,8.46,10.54,10.18,7.58,8.46,10.54,10.18,4,2.14134875248806
low_snr_hard,representative_case,HARD,medium_low,,,,greedy_combined_B7,likelihood_uncertainty_adaptive_topk_window,145,5,20565614,3,-0.2,0,7.585,8.415,10.125,10.495,1,1,150,0.3,0.83,0.37,20,1,1,1,1,0.0809320702811928,0.0809320702811928,0.0809320702811928,131461,18612,36743,1,1,0,0,0,0,0.702420646842126,0.998374357231431,0.000292466380970547,0.00408689462597609,0,0.0453867723340907,5,7353,29390,7353,11259,7.58,8.46,10.12,10.6,7.58,8.46,10.12,10.6,7.58,8.46,10.12,10.6,3,2.30724747125812
low_snr_hard,representative_case,HARD,medium_low,,,,greedy_combined_B7,likelihood_uncertainty_adaptive_topk_window,146,6,20565615,3,-0.2,0,7.585,8.415,10.495,10.125,-1,1,150,0.3,0.83,0.37,20,1,1,1,1,0.0595818764390647,0.0595818764390647,0.0595818764390647,131461,18837,36743,1,1,0,0,0,0,0.689143631827307,0.999437169404413,0.00134427865953725,0.00292419659791345,0,0.0413359255969119,5,7353,29390,7353,11484,7.58,8.46,10.54,10.18,7.58,8.46,10.54,10.18,7.58,8.46,10.54,10.18,4,2.14134875248806
low_snr_hard,representative_case,HARD,medium_low,,,,greedy_combined_B7,likelihood_uncertainty_adaptive_topk_window,147,7,20565616,3,-0.2,0,7.585,8.415,10.125,10.495,1,1,150,0.3,0.83,0.37,20,1,1,1,1,0.0809320702811928,0.0809320702811928,0.0809320702811928,131461,18612,36743,1,1,0,0,0,0,0.70194795618721,0.998389456552881,0.000330825208936014,0.00407463678676186,0,0.0453867723340907,5,7353,29390,7353,11259,7.58,8.46,10.12,10.6,7.58,8.46,10.12,10.6,7.58,8.46,10.12,10.6,3,2.30724747125812
low_snr_hard,representative_case,HARD,medium_low,,,,greedy_combined_B7,likelihood_uncertainty_adaptive_topk_window,148,8,20565617,3,-0.2,0,7.585,8.415,10.495,10.125,-1,1,150,0.3,0.83,0.37,20,1,1,1,1,0.0595818764390647,0.0595818764390647,0.0595818764390647,131461,18837,36743,1,1,0,0,0,0,0.689180099939505,0.999447011513496,0.00134171552648843,0.00289804353373009,0,0.0413359255969119,5,7353,29390,7353,11484,7.58,8.46,10.54,10.18,7.58,8.46,10.54,10.18,7.58,8.46,10.54,10.18,4,2.14134875248806
low_snr_hard,representative_case,HARD,medium_low,,,,greedy_combined_B7,likelihood_uncertainty_adaptive_topk_window,149,9,20565618,3,-0.2,0,7.585,8.415,10.125,10.495,1,1,150,0.3,0.83,0.37,20,1,1,1,1,0.0809320702811928,0.0809320702811928,0.0809320702811928,131461,18612,36743,1,1,0,0,0,0,0.702015023168775,0.998384802901071,0.000325292318945676,0.00408182155722455,0,0.0453867723340907,5,7353,29390,7353,11259,7.58,8.46,10.12,10.6,7.58,8.46,10.12,10.6,7.58,8.46,10.12,10.6,3,2.30724747125812
low_snr_hard,representative_case,HARD,medium_low,,,,greedy_combined_B7,likelihood_uncertainty_adaptive_topk_window,150,10,20565619,3,-0.2,0,7.585,8.415,10.495,10.125,-1,1,150,0.3,0.83,0.37,20,1,1,1,1,0.0595818764390647,0.0595818764390647,0.0595818764390647,131461,18837,36743,1,1,0,0,0,0,0.689098319354396,0.99943781836786,0.00134792702005426,0.00291827453799876,0,0.0413359255969119,5,7353,29390,7353,11484,7.58,8.46,10.54,10.18,7.58,8.46,10.54,10.18,7.58,8.46,10.54,10.18,4,2.14134875248806
easy_noncoherent,representative_case,HARD,medium_low,,,,greedy_combined_B7,likelihood_uncertainty_adaptive_topk_window,151,1,20661610,4,0,0.2,7.365,8.635,9.975,10.645,1,0,0,1,1.27,0.67,30,0.0841394756634181,1,1,1,0.0339116499156253,0.0339116499156253,0.0339116499156253,131461,18936,38748,1,1,0,0,0,0,0.681985199575094,0.996281479433665,0.00153160632133944,0.00769139844470014,0,0.0186907523112508,5,7353,31395,7353,11583,7.38,8.66,9.96,10.68,7.38,8.66,9.96,10.68,7.38,8.66,9.96,10.68,4,1.41099676644205
easy_noncoherent,representative_case,HARD,medium_low,,,,greedy_combined_B7,likelihood_uncertainty_adaptive_topk_window,152,2,20661611,4,0,0.2,7.365,8.635,10.645,9.975,-1,0,0,1,1.27,0.67,30,0.127446966798447,1,1,1,0.0339116499156253,0.0339116499156253,0.0339116499156253,131461,17154,38748,1,1,0,0,0,0,0.685811268756855,0.998893427980644,0.00129140832339789,0.00443101894738049,0,0.0163455347202628,5,7353,31395,7353,9801,7.38,8.66,10.68,9.96,7.38,8.66,10.68,9.96,7.38,8.66,10.68,9.96,5,1.35133889720229
easy_noncoherent,representative_case,HARD,medium_low,,,,greedy_combined_B7,likelihood_uncertainty_adaptive_topk_window,153,3,20661612,4,0,0.2,7.365,8.635,9.975,10.645,1,0,0,1,1.27,0.67,30,0.0836542376956133,1,1,1,0.0339116499156253,0.0339116499156253,0.0339116499156253,131461,18936,38748,1,1,0,0,0,0,0.680043811452158,0.995990545164597,0.00167644373748788,0.00785747532974423,0,0.0186907523112508,5,7353,31395,7353,11583,7.38,8.66,9.96,10.68,7.38,8.66,9.96,10.68,7.38,8.66,9.96,10.68,4,1.41099676644205
easy_noncoherent,representative_case,HARD,medium_low,,,,greedy_combined_B7,likelihood_uncertainty_adaptive_topk_window,154,4,20661613,4,0,0.2,7.365,8.635,10.645,9.975,-1,0,0,1,1.27,0.67,30,0.11141272373601,1,1,1,0.0339116499156253,0.0339116499156253,0.0339116499156253,131461,17154,38748,1,1,0,0,0,0,0.697554913638563,0.997409795415014,0.000298505960498585,0.00610801951439828,0,0.0163455347202628,5,7353,31395,7353,9801,7.38,8.66,10.68,9.96,7.38,8.66,10.68,9.96,7.38,8.66,10.68,9.96,5,1.35133889720229
easy_noncoherent,representative_case,HARD,medium_low,,,,greedy_combined_B7,likelihood_uncertainty_adaptive_topk_window,155,5,20661614,4,0,0.2,7.365,8.635,9.975,10.645,1,0,0,1,1.27,0.67,30,0.0513884628275309,1,1,1,0.0339116499156253,0.0339116499156253,0.0339116499156253,131461,18936,38748,1,1,0,0,0,0,0.682846867282927,0.996272222994549,0.00146233967290462,0.00771828315804765,0,0.0186907523112508,5,7353,31395,7353,11583,7.38,8.66,9.96,10.68,7.38,8.66,9.96,10.68,7.38,8.66,9.96,10.68,4,1.41099676644205
easy_noncoherent,representative_case,HARD,medium_low,,,,greedy_combined_B7,likelihood_uncertainty_adaptive_topk_window,156,6,20661615,4,0,0.2,7.365,8.635,10.645,9.975,-1,0,0,1,1.27,0.67,30,0.0853191203683079,1,1,1,0.0339116499156253,0.0339116499156253,0.0339116499156253,131461,17154,38748,1,1,0,0,0,0,0.689559330995346,0.998548341618216,0.000979140235271233,0.00491050714582917,0,0.0163455347202628,5,7353,31395,7353,9801,7.38,8.66,10.68,9.96,7.38,8.66,10.68,9.96,7.38,8.66,10.68,9.96,5,1.35133889720229
easy_noncoherent,representative_case,HARD,medium_low,,,,greedy_combined_B7,likelihood_uncertainty_adaptive_topk_window,157,7,20661616,4,0,0.2,7.365,8.635,9.975,10.645,1,0,0,1,1.27,0.67,30,0.0668264152533264,1,1,1,0.0339116499156253,0.0339116499156253,0.0339116499156253,131461,18936,38748,1,1,0,0,0,0,0.682491389224436,0.996344331376244,0.00149337381932495,0.00763951612254184,0,0.0186907523112508,5,7353,31395,7353,11583,7.38,8.66,9.96,10.68,7.38,8.66,9.96,10.68,7.38,8.66,9.96,10.68,4,1.41099676644205
easy_noncoherent,representative_case,HARD,medium_low,,,,greedy_combined_B7,likelihood_uncertainty_adaptive_topk_window,158,8,20661617,4,0,0.2,7.365,8.635,10.645,9.975,-1,0,0,1,1.27,0.67,30,0.27758544265283,1,1,1,0.0339116499156253,0.0339116499156253,0.0339116499156253,131461,17154,38748,1,1,0,0,0,0,0.689985308813542,0.998421123249707,0.000940482148549242,0.00506514633064219,0,0.0163455347202628,5,7353,31395,7353,9801,7.38,8.66,10.68,9.96,7.38,8.66,10.68,9.96,7.38,8.66,10.68,9.96,5,1.35133889720229
easy_noncoherent,representative_case,HARD,medium_low,,,,greedy_combined_B7,likelihood_uncertainty_adaptive_topk_window,159,9,20661618,4,0,0.2,7.365,8.635,9.975,10.645,1,0,0,1,1.27,0.67,30,0.0621386892957083,1,1,1,0.0339116499156253,0.0339116499156253,0.0339116499156253,131461,18936,38748,1,1,0,0,0,0,0.682599736852773,0.996071146024524,0.00147487133639607,0.00782814621883759,0,0.0186907523112508,5,7353,31395,7353,11583,7.38,8.66,9.96,10.68,7.38,8.66,9.96,10.68,7.38,8.66,9.96,10.68,4,1.41099676644205
easy_noncoherent,representative_case,HARD,medium_low,,,,greedy_combined_B7,likelihood_uncertainty_adaptive_topk_window,160,10,20661619,4,0,0.2,7.365,8.635,10.645,9.975,-1,0,0,1,1.27,0.67,30,0.0925165006914627,1,1,1,0.0339116499156253,0.0339116499156253,0.0339116499156253,131461,17154,38748,1,1,0,0,0,0,0.697656249465303,0.997356727385631,0.000288488645301614,0.00607647865053897,0,0.0163455347202628,5,7353,31395,7353,9801,7.38,8.66,10.68,9.96,7.38,8.66,10.68,9.96,7.38,8.66,10.68,9.96,5,1.35133889720229
strong_coherent,representative_case,HARD,medium_low,,,,greedy_combined_B7,likelihood_uncertainty_adaptive_topk_window,161,1,20662610,4,0,0.2,7.365,8.635,10.125,10.495,1,0.99,5,1,1.27,0.37,30,0.989945979872662,1,1,1,0.0234520787991173,0.0234520787991173,0.0234520787991173,131461,17154,42290,1,1,0,0,0,0,0.655292837805069,0.995053552355697,0.00357740517732838,0.00776604656308332,0,0.0149086930774018,5,7353,34937,7353,9801,7.38,8.66,10.14,10.5,7.38,8.66,10.14,10.5,7.38,8.66,10.14,10.5,5,1.31604137909274
strong_coherent,representative_case,HARD,medium_low,,,,greedy_combined_B7,likelihood_uncertainty_adaptive_topk_window,162,2,20662611,4,0,0.2,7.365,8.635,10.495,10.125,-1,0.99,5,1,1.27,0.37,30,0.990581675723479,1,1,1,0.0234520787991173,0.0234520787991173,0.0234520787991173,131461,17154,42290,1,1,0,0,0,0,0.692182887064461,0.996752835809105,0.000703050080222112,0.0063053703990715,0,0.0162149130209325,5,7353,34937,7353,9801,7.38,8.66,10.5,10.14,7.38,8.66,10.5,10.14,7.38,8.66,10.5,10.14,5,1.34809129444948
strong_coherent,representative_case,HARD,medium_low,,,,greedy_combined_B7,likelihood_uncertainty_adaptive_topk_window,163,3,20662612,4,0,0.2,7.365,8.635,10.125,10.495,1,0.99,5,1,1.27,0.37,30,0.990257890956499,1,1,1,0.0234520787991173,0.0234520787991173,0.0234520787991173,131461,17154,42290,1,1,0,0,0,0,0.65578014666932,0.995067588518914,0.00353892577006412,0.00773916254020441,0,0.0149086930774018,5,7353,34937,7353,9801,7.38,8.66,10.14,10.5,7.38,8.66,10.14,10.5,7.38,8.66,10.14,10.5,5,1.31604137909274
strong_coherent,representative_case,HARD,medium_low,,,,greedy_combined_B7,likelihood_uncertainty_adaptive_topk_window,164,4,20662613,4,0,0.2,7.365,8.635,10.495,10.125,-1,0.99,5,1,1.27,0.37,30,0.989975053847019,1,1,1,0.0234520787991173,0.0234520787991173,0.0234520787991173,131461,17154,42290,1,1,0,0,0,0,0.691847640991741,0.99675721264056,0.00073002733197204,0.00632695616667803,0,0.0162149130209325,5,7353,34937,7353,9801,7.38,8.66,10.5,10.14,7.38,8.66,10.5,10.14,7.38,8.66,10.5,10.14,5,1.34809129444948
strong_coherent,representative_case,HARD,medium_low,,,,greedy_combined_B7,likelihood_uncertainty_adaptive_topk_window,165,5,20662614,4,0,0.2,7.365,8.635,10.125,10.495,1,0.99,5,1,1.27,0.37,30,0.990094832648768,1,1,1,0.0234520787991173,0.0234520787991173,0.0234520787991173,131461,17154,42290,1,1,0,0,0,0,0.655784735271196,0.995026530825794,0.00353708060496175,0.00779351289092574,0,0.0149086930774018,5,7353,34937,7353,9801,7.38,8.66,10.14,10.5,7.38,8.66,10.14,10.5,7.38,8.66,10.14,10.5,5,1.31604137909274
strong_coherent,representative_case,HARD,medium_low,,,,greedy_combined_B7,likelihood_uncertainty_adaptive_topk_window,166,6,20662615,4,0,0.2,7.365,8.635,10.495,10.125,-1,0.99,5,1,1.27,0.37,30,0.991157884665456,1,1,1,0.0234520787991173,0.0234520787991173,0.0234520787991173,131461,17154,42290,1,1,0,0,0,0,0.692196630140709,0.996740169560473,0.000701494649171493,0.0062931233332537,0,0.0162149130209325,5,7353,34937,7353,9801,7.38,8.66,10.5,10.14,7.38,8.66,10.5,10.14,7.38,8.66,10.5,10.14,5,1.34809129444948
strong_coherent,representative_case,HARD,medium_low,,,,greedy_combined_B7,likelihood_uncertainty_adaptive_topk_window,167,7,20662616,4,0,0.2,7.365,8.635,10.125,10.495,1,0.99,5,1,1.27,0.37,30,0.99038194688774,1,1,1,0.0234520787991173,0.0234520787991173,0.0234520787991173,131461,17154,42290,1,1,0,0,0,0,0.655174106495123,0.994996389100265,0.00358484580492852,0.00784935882116842,0,0.0149086930774018,5,7353,34937,7353,9801,7.38,8.66,10.14,10.5,7.38,8.66,10.14,10.5,7.38,8.66,10.14,10.5,5,1.31604137909274
strong_coherent,representative_case,HARD,medium_low,,,,greedy_combined_B7,likelihood_uncertainty_adaptive_topk_window,168,8,20662617,4,0,0.2,7.365,8.635,10.495,10.125,-1,0.99,5,1,1.27,0.37,30,0.989856279474068,1,1,1,0.0234520787991173,0.0234520787991173,0.0234520787991173,131461,17154,42290,1,1,0,0,0,0,0.692135127927002,0.996752301782011,0.000706851586243429,0.00632126339875956,0,0.0162149130209325,5,7353,34937,7353,9801,7.38,8.66,10.5,10.14,7.38,8.66,10.5,10.14,7.38,8.66,10.5,10.14,5,1.34809129444948
strong_coherent,representative_case,HARD,medium_low,,,,greedy_combined_B7,likelihood_uncertainty_adaptive_topk_window,169,9,20662618,4,0,0.2,7.365,8.635,10.125,10.495,1,0.99,5,1,1.27,0.37,30,0.990270938317307,1,1,1,0.0234520787991173,0.0234520787991173,0.0234520787991173,131461,17154,42290,1,1,0,0,0,0,0.655657237117998,0.995052849891166,0.00354822794357094,0.0077502140040628,0,0.0149086930774018,5,7353,34937,7353,9801,7.38,8.66,10.14,10.5,7.38,8.66,10.14,10.5,7.38,8.66,10.14,10.5,5,1.31604137909274
strong_coherent,representative_case,HARD,medium_low,,,,greedy_combined_B7,likelihood_uncertainty_adaptive_topk_window,170,10,20662619,4,0,0.2,7.365,8.635,10.495,10.125,-1,0.99,5,1,1.27,0.37,30,0.989886927967649,1,1,1,0.0234520787991173,0.0234520787991173,0.0234520787991173,131461,17154,42290,1,1,0,0,0,0,0.691995983111874,0.996750236819676,0.000717908832809591,0.00632861468032634,0,0.0162149130209325,5,7353,34937,7353,9801,7.38,8.66,10.5,10.14,7.38,8.66,10.5,10.14,7.38,8.66,10.5,10.14,5,1.34809129444948
hard_phase,representative_case,HARD,medium_low,,,,greedy_combined_B7,likelihood_uncertainty_adaptive_topk_window,171,1,20663610,4,0,0.2,7.585,8.415,10.125,10.495,1,0.99,150,1,0.83,0.37,30,0.98996101870652,1,1,1,0.0273861278752585,0.0273861278752585,0.0273861278752585,131461,20322,43395,1,1,0,0,0,0,0.676624551004782,0.997453578365662,0.00230851998272361,0.00527070378372587,0,0.044179603495197,5,7353,36042,7353,12969,7.62,8.42,10.14,10.5,7.62,8.42,10.14,10.5,7.62,8.42,10.14,10.5,5,2.25650774227804
hard_phase,representative_case,HARD,medium_low,,,,greedy_combined_B7,likelihood_uncertainty_adaptive_topk_window,172,2,20663611,4,0,0.2,7.585,8.415,10.495,10.125,-1,0.99,150,1,0.83,0.37,30,0.989940923122635,1,1,1,0.0273861278752585,0.0273861278752585,0.0273861278752585,131461,18936,37782,1,1,0,0,0,0,0.671504663578494,0.997133304436556,0.00271455478165124,0.0051721635038871,0,0.0448440756845632,5,7353,30429,7353,11583,7.62,8.42,10.5,10.14,7.62,8.42,10.5,10.14,7.62,8.42,10.5,10.14,4,2.28429718977201
hard_phase,representative_case,HARD,medium_low,,,,greedy_combined_B7,likelihood_uncertainty_adaptive_topk_window,173,3,20663612,4,0,0.2,7.585,8.415,10.125,10.495,1,0.99,150,1,0.83,0.37,30,0.989922921597044,1,1,1,0.0273861278752585,0.0273861278752585,0.0273861278752585,131461,20322,43395,1,1,0,0,0,0,0.676729299583429,0.997487573644797,0.00230136392648076,0.00522613928047267,0,0.044179603495197,5,7353,36042,7353,12969,7.62,8.42,10.14,10.5,7.62,8.42,10.14,10.5,7.62,8.42,10.14,10.5,5,2.25650774227804
hard_phase,representative_case,HARD,medium_low,,,,greedy_combined_B7,likelihood_uncertainty_adaptive_topk_window,174,4,20663613,4,0,0.2,7.585,8.415,10.495,10.125,-1,0.99,150,1,0.83,0.37,30,0.990123146639651,1,1,1,0.0273861278752585,0.0273861278752585,0.0273861278752585,131461,18936,37782,1,1,0,0,0,0,0.671300779587277,0.997124508613814,0.00273054885132994,0.00518250546012267,0,0.0448440756845632,5,7353,30429,7353,11583,7.62,8.42,10.5,10.14,7.62,8.42,10.5,10.14,7.62,8.42,10.5,10.14,4,2.28429718977201
hard_phase,representative_case,HARD,medium_low,,,,greedy_combined_B7,likelihood_uncertainty_adaptive_topk_window,175,5,20663614,4,0,0.2,7.585,8.415,10.125,10.495,1,0.99,150,1,0.83,0.37,30,0.990127277041752,1,1,1,0.0273861278752585,0.0273861278752585,0.0273861278752585,131461,20322,43395,1,1,0,0,0,0,0.676956884047377,0.997470770623437,0.002282552260596,0.00525950553356024,0,0.044179603495197,5,7353,36042,7353,12969,7.62,8.42,10.14,10.5,7.62,8.42,10.14,10.5,7.62,8.42,10.14,10.5,5,2.25650774227804
hard_phase,representative_case,HARD,medium_low,,,,greedy_combined_B7,likelihood_uncertainty_adaptive_topk_window,176,6,20663615,4,0,0.2,7.585,8.415,10.495,10.125,-1,0.99,150,1,0.83,0.37,30,0.989964464011899,1,1,1,0.0273861278752585,0.0273861278752585,0.0273861278752585,131461,18936,37782,1,1,0,0,0,0,0.671073755287507,0.997129440307106,0.00274888833627005,0.00516980790495548,0,0.0448440756845632,5,7353,30429,7353,11583,7.62,8.42,10.5,10.14,7.62,8.42,10.5,10.14,7.62,8.42,10.5,10.14,4,2.28429718977201
hard_phase,representative_case,HARD,medium_low,,,,greedy_combined_B7,likelihood_uncertainty_adaptive_topk_window,177,7,20663616,4,0,0.2,7.585,8.415,10.125,10.495,1,0.99,150,1,0.83,0.37,30,0.989964508762454,1,1,1,0.0273861278752585,0.0273861278752585,0.0273861278752585,131461,20322,43395,1,1,0,0,0,0,0.676353193216512,0.997476894773145,0.00233106799645464,0.00522860757120416,0,0.044179603495197,5,7353,36042,7353,12969,7.62,8.42,10.14,10.5,7.62,8.42,10.14,10.5,7.62,8.42,10.14,10.5,5,2.25650774227804
hard_phase,representative_case,HARD,medium_low,,,,greedy_combined_B7,likelihood_uncertainty_adaptive_topk_window,178,8,20663617,4,0,0.2,7.585,8.415,10.495,10.125,-1,0.99,150,1,0.83,0.37,30,0.990839669261867,1,1,1,0.0273861278752585,0.0273861278752585,0.0273861278752585,131461,18936,37782,1,1,0,0,0,0,0.670899713134669,0.997156767139839,0.00276379547447546,0.00522263061299793,0,0.0448440756845632,5,7353,30429,7353,11583,7.62,8.42,10.5,10.14,7.62,8.42,10.5,10.14,7.62,8.42,10.5,10.14,4,2.28429718977201
hard_phase,representative_case,HARD,medium_low,,,,greedy_combined_B7,likelihood_uncertainty_adaptive_topk_window,179,9,20663618,4,0,0.2,7.585,8.415,10.125,10.495,1,0.99,150,1,0.83,0.37,30,0.990439023499246,1,1,1,0.0273861278752585,0.0273861278752585,0.0273861278752585,131461,20322,43395,1,1,0,0,0,0,0.676661035161551,0.997488891792147,0.00230687253353557,0.00522752049381049,0,0.044179603495197,5,7353,36042,7353,12969,7.62,8.42,10.14,10.5,7.62,8.42,10.14,10.5,7.62,8.42,10.14,10.5,5,2.25650774227804
hard_phase,representative_case,HARD,medium_low,,,,greedy_combined_B7,likelihood_uncertainty_adaptive_topk_window,180,10,20663619,4,0,0.2,7.585,8.415,10.495,10.125,-1,0.99,150,1,0.83,0.37,30,0.990100714718985,1,1,1,0.0273861278752585,0.0273861278752585,0.0273861278752585,131461,18936,37782,1,1,0,0,0,0,0.671332814400566,0.997125056828604,0.00272800580199925,0.0051573463728645,0,0.0448440756845632,5,7353,30429,7353,11583,7.62,8.42,10.5,10.14,7.62,8.42,10.5,10.14,7.62,8.42,10.5,10.14,4,2.28429718977201
weak_secondary,representative_case,HARD,medium_low,,,,greedy_combined_B7,likelihood_uncertainty_adaptive_topk_window,181,1,20664610,4,0,0.2,7.585,8.415,10.125,10.495,1,0.99,150,0.3,0.83,0.37,30,0.989988672434343,1,1,1,0.0595818764390645,0.0595818764390645,0.0595818764390645,131461,18342,39196,1,1,0,0,0,0,0.700760176089924,0.999800607358414,0.000751129232958139,0.00166761554863462,0,0.0682601212707626,5,7353,31843,7353,10989,7.62,8.34,10.14,10.5,7.62,8.34,10.14,10.5,7.62,8.34,10.14,10.5,4,3.51625991812547
weak_secondary,representative_case,HARD,medium_low,,,,greedy_combined_B7,likelihood_uncertainty_adaptive_topk_window,182,2,20664611,4,0,0.2,7.585,8.415,10.495,10.125,-1,0.99,150,0.3,0.83,0.37,30,0.990119179453305,1,1,1,0.0595818764390645,0.0595818764390645,0.0595818764390645,131461,18837,36333,1,1,0,0,0,0,0.70359289136762,0.999646406744217,0.000486831442572896,0.00229675616190921,0,0.0655826757658875,5,7353,28980,7353,11484,7.62,8.34,10.5,10.14,7.62,8.34,10.5,10.14,7.62,8.34,10.5,10.14,5,3.34704388075751
weak_secondary,representative_case,HARD,medium_low,,,,greedy_combined_B7,likelihood_uncertainty_adaptive_topk_window,183,3,20664612,4,0,0.2,7.585,8.415,10.125,10.495,1,0.99,150,0.3,0.83,0.37,30,0.989869516116146,1,1,1,0.0595818764390645,0.0595818764390645,0.0595818764390645,131461,18342,39196,1,1,0,0,0,0,0.700634694359842,0.999802759750243,0.000761245257470526,0.00167513269750728,0,0.0682601212707626,5,7353,31843,7353,10989,7.62,8.34,10.14,10.5,7.62,8.34,10.14,10.5,7.62,8.34,10.14,10.5,4,3.51625991812547
weak_secondary,representative_case,HARD,medium_low,,,,greedy_combined_B7,likelihood_uncertainty_adaptive_topk_window,184,4,20664613,4,0,0.2,7.585,8.415,10.495,10.125,-1,0.99,150,0.3,0.83,0.37,30,0.990004878449992,1,1,1,0.0595818764390645,0.0595818764390645,0.0595818764390645,131461,18837,36333,1,1,0,0,0,0,0.702813921760837,0.999658583421535,0.000549587371498958,0.00226690693657842,0,0.0655826757658875,5,7353,28980,7353,11484,7.62,8.34,10.5,10.14,7.62,8.34,10.5,10.14,7.62,8.34,10.5,10.14,5,3.34704388075751
weak_secondary,representative_case,HARD,medium_low,,,,greedy_combined_B7,likelihood_uncertainty_adaptive_topk_window,185,5,20664614,4,0,0.2,7.585,8.415,10.125,10.495,1,0.99,150,0.3,0.83,0.37,30,0.989995979289958,1,1,1,0.0595818764390645,0.0595818764390645,0.0595818764390645,131461,18342,39196,1,1,0,0,0,0,0.70071551792969,0.999800844113006,0.000754710408942177,0.00168571517855056,0,0.0682601212707626,5,7353,31843,7353,10989,7.62,8.34,10.14,10.5,7.62,8.34,10.14,10.5,7.62,8.34,10.14,10.5,4,3.51625991812547
weak_secondary,representative_case,HARD,medium_low,,,,greedy_combined_B7,likelihood_uncertainty_adaptive_topk_window,186,6,20664615,4,0,0.2,7.585,8.415,10.495,10.125,-1,0.99,150,0.3,0.83,0.37,30,0.990106492038021,1,1,1,0.0595818764390645,0.0595818764390645,0.0595818764390645,131461,18837,36333,1,1,0,0,0,0,0.702882215615722,0.999649697291851,0.000543803962439508,0.00228387606705483,0,0.0655826757658875,5,7353,28980,7353,11484,7.62,8.34,10.5,10.14,7.62,8.34,10.5,10.14,7.62,8.34,10.5,10.14,5,3.34704388075751
weak_secondary,representative_case,HARD,medium_low,,,,greedy_combined_B7,likelihood_uncertainty_adaptive_topk_window,187,7,20664616,4,0,0.2,7.585,8.415,10.125,10.495,1,0.99,150,0.3,0.83,0.37,30,0.990274335129526,1,1,1,0.0595818764390645,0.0595818764390645,0.0595818764390645,131461,18342,39196,1,1,0,0,0,0,0.700657966514756,0.999804272127218,0.000759437930648509,0.00164296249097459,0,0.0682601212707626,5,7353,31843,7353,10989,7.62,8.34,10.14,10.5,7.62,8.34,10.14,10.5,7.62,8.34,10.14,10.5,4,3.51625991812547
weak_secondary,representative_case,HARD,medium_low,,,,greedy_combined_B7,likelihood_uncertainty_adaptive_topk_window,188,8,20664617,4,0,0.2,7.585,8.415,10.495,10.125,-1,0.99,150,0.3,0.83,0.37,30,0.990003999521062,1,1,1,0.0595818764390645,0.0595818764390645,0.0595818764390645,131461,18837,36333,1,1,0,0,0,0,0.702792878636308,0.999659143242995,0.00055129097503383,0.0022630871087529,0,0.0655826757658875,5,7353,28980,7353,11484,7.62,8.34,10.5,10.14,7.62,8.34,10.5,10.14,7.62,8.34,10.5,10.14,5,3.34704388075751
weak_secondary,representative_case,HARD,medium_low,,,,greedy_combined_B7,likelihood_uncertainty_adaptive_topk_window,189,9,20664618,4,0,0.2,7.585,8.415,10.125,10.495,1,0.99,150,0.3,0.83,0.37,30,0.990160558018684,1,1,1,0.0595818764390645,0.0595818764390645,0.0595818764390645,131461,18342,39196,1,1,0,0,0,0,0.70070096110088,0.999805759132805,0.000756051895959717,0.00162553798834915,0,0.0682601212707626,5,7353,31843,7353,10989,7.62,8.34,10.14,10.5,7.62,8.34,10.14,10.5,7.62,8.34,10.14,10.5,4,3.51625991812547
weak_secondary,representative_case,HARD,medium_low,,,,greedy_combined_B7,likelihood_uncertainty_adaptive_topk_window,190,10,20664619,4,0,0.2,7.585,8.415,10.495,10.125,-1,0.99,150,0.3,0.83,0.37,30,0.990268905004603,1,1,1,0.0595818764390645,0.0595818764390645,0.0595818764390645,131461,18837,36333,1,1,0,0,0,0,0.703621110295715,0.999643946605867,0.000484485363344678,0.00230113781369504,0,0.0655826757658875,5,7353,28980,7353,11484,7.62,8.34,10.5,10.14,7.62,8.34,10.5,10.14,7.62,8.34,10.5,10.14,5,3.34704388075751
low_snr_hard,representative_case,HARD,medium_low,,,,greedy_combined_B7,likelihood_uncertainty_adaptive_topk_window,191,1,20665610,4,0,0.2,7.585,8.415,10.125,10.495,1,1,150,0.3,0.83,0.37,20,1,1,1,1,0.0595818764390645,0.0595818764390645,0.0595818764390645,131461,18342,39196,1,1,0,0,0,0,0.700887104982524,0.999862196993581,0.000743192148416125,0.00150071656926473,0,0.0682601212707626,5,7353,31843,7353,10989,7.62,8.34,10.14,10.5,7.62,8.34,10.14,10.5,7.62,8.34,10.14,10.5,4,3.51625991812547
low_snr_hard,representative_case,HARD,medium_low,,,,greedy_combined_B7,likelihood_uncertainty_adaptive_topk_window,192,2,20665611,4,0,0.2,7.585,8.415,10.495,10.125,-1,1,150,0.3,0.83,0.37,20,1,1,1,1,0.0595818764390645,0.0595818764390645,0.0595818764390645,131461,18837,36333,1,1,0,0,0,0,0.702818853554929,0.999666413092993,0.000549474696144106,0.00225267329240681,0,0.0655826757658875,5,7353,28980,7353,11484,7.62,8.34,10.5,10.14,7.62,8.34,10.5,10.14,7.62,8.34,10.5,10.14,5,3.34704388075751
low_snr_hard,representative_case,HARD,medium_low,,,,greedy_combined_B7,likelihood_uncertainty_adaptive_topk_window,193,3,20665612,4,0,0.2,7.585,8.415,10.125,10.495,1,1,150,0.3,0.83,0.37,20,1,1,1,1,0.0595818764390645,0.0595818764390645,0.0595818764390645,131461,18342,39196,1,1,0,0,0,0,0.700555880125951,0.99986521750483,0.000769798875346942,0.00150229199476736,0,0.0682601212707626,5,7353,31843,7353,10989,7.62,8.34,10.14,10.5,7.62,8.34,10.14,10.5,7.62,8.34,10.14,10.5,4,3.51625991812547
low_snr_hard,representative_case,HARD,medium_low,,,,greedy_combined_B7,likelihood_uncertainty_adaptive_topk_window,194,4,20665613,4,0,0.2,7.585,8.415,10.495,10.125,-1,1,150,0.3,0.83,0.37,20,1,1,1,1,0.0595818764390645,0.0595818764390645,0.0595818764390645,131461,18837,36333,1,1,0,0,0,0,0.702812425431392,0.999660296777166,0.000549768758657255,0.00225828790836936,0,0.0655826757658875,5,7353,28980,7353,11484,7.62,8.34,10.5,10.14,7.62,8.34,10.5,10.14,7.62,8.34,10.5,10.14,5,3.34704388075751
low_snr_hard,representative_case,HARD,medium_low,,,,greedy_combined_B7,likelihood_uncertainty_adaptive_topk_window,195,5,20665614,4,0,0.2,7.585,8.415,10.125,10.495,1,1,150,0.3,0.83,0.37,20,1,1,1,1,0.0595818764390645,0.0595818764390645,0.0595818764390645,131461,18342,39196,1,1,0,0,0,0,0.70104271990854,0.999862266312346,0.000730745449810357,0.00146363023616785,0,0.0682601212707626,5,7353,31843,7353,10989,7.62,8.34,10.14,10.5,7.62,8.34,10.14,10.5,7.62,8.34,10.14,10.5,4,3.51625991812547
low_snr_hard,representative_case,HARD,medium_low,,,,greedy_combined_B7,likelihood_uncertainty_adaptive_topk_window,196,6,20665615,4,0,0.2,7.585,8.415,10.495,10.125,-1,1,150,0.3,0.83,0.37,20,1,1,1,1,0.0595818764390645,0.0595818764390645,0.0595818764390645,131461,18837,36333,1,1,0,0,0,0,0.702838660841602,0.99966177757458,0.000547723234547382,0.00225916710984277,0,0.0655826757658875,5,7353,28980,7353,11484,7.62,8.34,10.5,10.14,7.62,8.34,10.5,10.14,7.62,8.34,10.5,10.14,5,3.34704388075751
low_snr_hard,representative_case,HARD,medium_low,,,,greedy_combined_B7,likelihood_uncertainty_adaptive_topk_window,197,7,20665616,4,0,0.2,7.585,8.415,10.125,10.495,1,1,150,0.3,0.83,0.37,20,1,1,1,1,0.0595818764390645,0.0595818764390645,0.0595818764390645,131461,18342,39196,1,1,0,0,0,0,0.700922193124056,0.999867857510713,0.00074058887571032,0.00146751043545135,0,0.0682601212707626,5,7353,31843,7353,10989,7.62,8.34,10.14,10.5,7.62,8.34,10.14,10.5,7.62,8.34,10.14,10.5,4,3.51625991812547
low_snr_hard,representative_case,HARD,medium_low,,,,greedy_combined_B7,likelihood_uncertainty_adaptive_topk_window,198,8,20665617,4,0,0.2,7.585,8.415,10.495,10.125,-1,1,150,0.3,0.83,0.37,20,1,1,1,1,0.0595818764390645,0.0595818764390645,0.0595818764390645,131461,18837,36333,1,1,0,0,0,0,0.702614108476825,0.999660462688775,0.000565640087840512,0.00226606650503373,0,0.0655826757658875,5,7353,28980,7353,11484,7.62,8.34,10.5,10.14,7.62,8.34,10.5,10.14,7.62,8.34,10.5,10.14,5,3.34704388075751
low_snr_hard,representative_case,HARD,medium_low,,,,greedy_combined_B7,likelihood_uncertainty_adaptive_topk_window,199,9,20665618,4,0,0.2,7.585,8.415,10.125,10.495,1,1,150,0.3,0.83,0.37,20,1,1,1,1,0.0595818764390645,0.0595818764390645,0.0595818764390645,131461,18342,39196,1,1,0,0,0,0,0.700809305160371,0.999852389464482,0.000749063063140822,0.0015229428248675,0,0.0682601212707626,5,7353,31843,7353,10989,7.62,8.34,10.14,10.5,7.62,8.34,10.14,10.5,7.62,8.34,10.14,10.5,4,3.51625991812547
low_snr_hard,representative_case,HARD,medium_low,,,,greedy_combined_B7,likelihood_uncertainty_adaptive_topk_window,200,10,20665619,4,0,0.2,7.585,8.415,10.495,10.125,-1,1,150,0.3,0.83,0.37,20,1,1,1,1,0.0595818764390645,0.0595818764390645,0.0595818764390645,131461,18837,36333,1,1,0,0,0,0,0.702387571578218,0.99967707499779,0.000584361082853669,0.00222545994714037,0,0.0655826757658875,5,7353,28980,7353,11484,7.62,8.34,10.5,10.14,7.62,8.34,10.5,10.14,7.62,8.34,10.5,10.14,5,3.34704388075751
easy_noncoherent,representative_case,HARD,medium_low,,,,greedy_combined_B7,likelihood_uncertainty_adaptive_topk_window,201,1,20761610,5,0,-0.2,7.365,8.635,9.975,10.645,1,0,0,1,1.27,0.67,30,0.178942898463137,1,1,1,0.0504975246918112,0.0504975246918113,0.0504975246918113,131461,16758,30948,1,1,0,0,0,0,0.639363437289526,0.994057044333525,0.00481172112619008,0.00932907353829352,0,0.014561876112107,5,7353,23595,7353,9405,7.38,8.66,9.98,10.58,7.38,8.66,9.98,10.58,7.38,8.66,9.98,10.58,3,1.3076605106243
easy_noncoherent,representative_case,HARD,medium_low,,,,greedy_combined_B7,likelihood_uncertainty_adaptive_topk_window,202,2,20761611,5,0,-0.2,7.365,8.635,10.645,9.975,-1,0,0,1,1.27,0.67,30,0.0957554262343837,1,1,1,0.0504975246918112,0.0504975246918113,0.0504975246918113,131461,16758,30948,1,1,0,0,0,0,0.632197136312491,0.98987845776621,0.0052660225646956,0.0109176562763296,0,0.0171807491759435,5,7353,23595,7353,9405,7.38,8.66,10.58,9.98,7.38,8.66,10.58,9.98,7.38,8.66,10.58,9.98,3,1.37229029954547
easy_noncoherent,representative_case,HARD,medium_low,,,,greedy_combined_B7,likelihood_uncertainty_adaptive_topk_window,203,3,20761612,5,0,-0.2,7.365,8.635,9.975,10.645,1,0,0,1,1.27,0.67,30,0.200462932149727,1,1,1,0.0504975246918112,0.0504975246918113,0.0504975246918113,131461,16758,30948,1,1,0,0,0,0,0.636962141935437,0.993680772185368,0.00499027895718355,0.00927487256881325,0,0.014561876112107,5,7353,23595,7353,9405,7.38,8.66,9.98,10.58,7.38,8.66,9.98,10.58,7.38,8.66,9.98,10.58,3,1.3076605106243
easy_noncoherent,representative_case,HARD,medium_low,,,,greedy_combined_B7,likelihood_uncertainty_adaptive_topk_window,204,4,20761613,5,0,-0.2,7.365,8.635,10.645,9.975,-1,0,0,1,1.27,0.67,30,0.170673243737833,1,1,1,0.0504975246918112,0.0504975246918113,0.0504975246918113,131461,16758,34094,1,1,0,0,0,0,0.632190451950188,0.990879596617856,0.00530259831233907,0.0101722178123974,0,0.0171807491759435,5,7353,26741,7353,9405,7.38,8.66,10.58,9.98,7.38,8.66,10.58,9.98,7.38,8.66,10.58,9.98,3,1.37229029954547
easy_noncoherent,representative_case,HARD,medium_low,,,,greedy_combined_B7,likelihood_uncertainty_adaptive_topk_window,205,5,20761614,5,0,-0.2,7.365,8.635,9.975,10.645,1,0,0,1,1.27,0.67,30,0.184246097692852,1,1,1,0.0504975246918112,0.0504975246918113,0.0504975246918113,131461,16758,30948,1,1,0,0,0,0,0.645717702749474,0.995580151362968,0.00435821174245422,0.00738196966036147,0,0.014561876112107,5,7353,23595,7353,9405,7.38,8.66,9.98,10.58,7.38,8.66,9.98,10.58,7.38,8.66,9.98,10.58,3,1.3076605106243
easy_noncoherent,representative_case,HARD,medium_low,,,,greedy_combined_B7,likelihood_uncertainty_adaptive_topk_window,206,6,20761615,5,0,-0.2,7.365,8.635,10.645,9.975,-1,0,0,1,1.27,0.67,30,0.0438093019279228,1,1,1,0.0504975246918112,0.0504975246918113,0.0504975246918113,131461,16758,34094,1,1,0,0,0,0,0.63316853384981,0.990357154653267,0.00520554384964418,0.0106401881552412,0,0.0171807491759435,5,7353,26741,7353,9405,7.38,8.66,10.58,9.98,7.38,8.66,10.58,9.98,7.38,8.66,10.58,9.98,3,1.37229029954547
easy_noncoherent,representative_case,HARD,medium_low,,,,greedy_combined_B7,likelihood_uncertainty_adaptive_topk_window,207,7,20761616,5,0,-0.2,7.365,8.635,9.975,10.645,1,0,0,1,1.27,0.67,30,0.0840314069377794,1,1,1,0.0504975246918112,0.0504975246918113,0.0504975246918113,131461,16758,30948,1,1,0,0,0,0,0.646253340942136,0.995825662360954,0.00432419908296876,0.00710022991780304,0,0.014561876112107,5,7353,23595,7353,9405,7.38,8.66,9.98,10.58,7.38,8.66,9.98,10.58,7.38,8.66,9.98,10.58,3,1.3076605106243
easy_noncoherent,representative_case,HARD,medium_low,,,,greedy_combined_B7,likelihood_uncertainty_adaptive_topk_window,208,8,20761617,5,0,-0.2,7.365,8.635,10.645,9.975,-1,0,0,1,1.27,0.67,30,0.0720689695437151,1,1,1,0.0504975246918112,0.0504975246918113,0.0504975246918113,131461,16758,34094,1,1,0,0,0,0,0.633821878218923,0.990831800145119,0.00517036353782172,0.010112114804751,0,0.0171807491759435,5,7353,26741,7353,9405,7.38,8.66,10.58,9.98,7.38,8.66,10.58,9.98,7.38,8.66,10.58,9.98,3,1.37229029954547
easy_noncoherent,representative_case,HARD,medium_low,,,,greedy_combined_B7,likelihood_uncertainty_adaptive_topk_window,209,9,20761618,5,0,-0.2,7.365,8.635,9.975,10.645,1,0,0,1,1.27,0.67,30,0.107813423488832,1,1,1,0.0504975246918112,0.0504975246918113,0.0504975246918113,131461,16758,30948,1,1,0,0,0,0,0.647146356975979,0.99591782668394,0.00425607571588885,0.00695998941416126,0,0.014561876112107,5,7353,23595,7353,9405,7.38,8.66,9.98,10.58,7.38,8.66,9.98,10.58,7.38,8.66,9.98,10.58,3,1.3076605106243
easy_noncoherent,representative_case,HARD,medium_low,,,,greedy_combined_B7,likelihood_uncertainty_adaptive_topk_window,210,10,20761619,5,0,-0.2,7.365,8.635,10.645,9.975,-1,0,0,1,1.27,0.67,30,0.0823993066421308,1,1,1,0.0504975246918112,0.0504975246918113,0.0504975246918113,131461,16758,34094,1,1,0,0,0,0,0.633498190878626,0.991251406046458,0.00521136433749373,0.00977885962458337,0,0.0171807491759435,5,7353,26741,7353,9405,7.38,8.66,10.58,9.98,7.38,8.66,10.58,9.98,7.38,8.66,10.58,9.98,3,1.37229029954547
strong_coherent,representative_case,HARD,medium_low,,,,greedy_combined_B7,likelihood_uncertainty_adaptive_topk_window,211,1,20762610,5,0,-0.2,7.365,8.635,10.125,10.495,1,0.99,5,1,1.27,0.37,30,0.990035994020989,1,1,1,0.0367423461417488,0.0367423461417479,0.0367423461417479,131461,18412,34094,1,1,0,0,0,0,0.613237460527432,0.993662247718467,0.00689078506462256,0.00883125061279504,0,0.014828415746026,5,7353,26741,7353,11059,7.38,8.66,10.1,10.46,7.38,8.66,10.1,10.46,7.38,8.66,10.1,10.46,3,1.3140967038848
strong_coherent,representative_case,HARD,medium_low,,,,greedy_combined_B7,likelihood_uncertainty_adaptive_topk_window,212,2,20762611,5,0,-0.2,7.365,8.635,10.495,10.125,-1,0.99,5,1,1.27,0.37,30,0.990379200588207,1,1,1,0.0367423461417488,0.0367423461417479,0.0367423461417479,131461,18412,33610,1,1,0,0,0,0,0.652564064815858,0.992440368333367,0.00371740778639926,0.00930387548856008,0,0.0162233093055585,5,7353,26257,7353,11059,7.38,8.66,10.46,10.1,7.38,8.66,10.46,10.1,7.38,8.66,10.46,10.1,3,1.34829981348993
strong_coherent,representative_case,HARD,medium_low,,,,greedy_combined_B7,likelihood_uncertainty_adaptive_topk_window,213,3,20762612,5,0,-0.2,7.365,8.635,10.125,10.495,1,0.99,5,1,1.27,0.37,30,0.990444826425795,1,1,1,0.0367423461417488,0.0367423461417479,0.0367423461417479,131461,18412,34094,1,1,0,0,0,0,0.613214872526953,0.993717169216746,0.00689456927859893,0.00881875966781317,0,0.014828415746026,5,7353,26741,7353,11059,7.38,8.66,10.1,10.46,7.38,8.66,10.1,10.46,7.38,8.66,10.1,10.46,3,1.3140967038848
strong_coherent,representative_case,HARD,medium_low,,,,greedy_combined_B7,likelihood_uncertainty_adaptive_topk_window,214,4,20762613,5,0,-0.2,7.365,8.635,10.495,10.125,-1,0.99,5,1,1.27,0.37,30,0.990063981321757,1,1,1,0.0367423461417488,0.0367423461417479,0.0367423461417479,131461,18412,33610,1,1,0,0,0,0,0.651939314172686,0.992612689986468,0.00377359141736469,0.00937113181200966,0,0.0162233093055585,5,7353,26257,7353,11059,7.38,8.66,10.46,10.1,7.38,8.66,10.46,10.1,7.38,8.66,10.46,10.1,3,1.34829981348993
strong_coherent,representative_case,HARD,medium_low,,,,greedy_combined_B7,likelihood_uncertainty_adaptive_topk_window,215,5,20762614,5,0,-0.2,7.365,8.635,10.125,10.495,1,0.99,5,1,1.27,0.37,30,0.989869322069623,1,1,1,0.0367423461417488,0.0367423461417479,0.0367423461417479,131461,18412,34094,1,1,0,0,0,0,0.612999322746885,0.993501983068251,0.00690406655965859,0.00890212177568855,0,0.014828415746026,5,7353,26741,7353,11059,7.38,8.66,10.1,10.46,7.38,8.66,10.1,10.46,7.38,8.66,10.1,10.46,3,1.3140967038848
strong_coherent,representative_case,HARD,medium_low,,,,greedy_combined_B7,likelihood_uncertainty_adaptive_topk_window,216,6,20762615,5,0,-0.2,7.365,8.635,10.495,10.125,-1,0.99,5,1,1.27,0.37,30,0.990269730324386,1,1,1,0.0367423461417488,0.0367423461417479,0.0367423461417479,131461,18412,33610,1,1,0,0,0,0,0.652130488643514,0.992508574177957,0.00375454929059207,0.00935988510237942,0,0.0162233093055585,5,7353,26257,7353,11059,7.38,8.66,10.46,10.1,7.38,8.66,10.46,10.1,7.38,8.66,10.46,10.1,3,1.34829981348993
strong_coherent,representative_case,HARD,medium_low,,,,greedy_combined_B7,likelihood_uncertainty_adaptive_topk_window,217,7,20762616,5,0,-0.2,7.365,8.635,10.125,10.495,1,0.99,5,1,1.27,0.37,30,0.989891320818651,1,1,1,0.0367423461417488,0.0367423461417479,0.0367423461417479,131461,18412,34094,1,1,0,0,0,0,0.613257227965187,0.993632236333389,0.00688812325973938,0.00885158421090716,0,0.014828415746026,5,7353,26741,7353,11059,7.38,8.66,10.1,10.46,7.38,8.66,10.1,10.46,7.38,8.66,10.1,10.46,3,1.3140967038848
strong_coherent,representative_case,HARD,medium_low,,,,greedy_combined_B7,likelihood_uncertainty_adaptive_topk_window,218,8,20762617,5,0,-0.2,7.365,8.635,10.495,10.125,-1,0.99,5,1,1.27,0.37,30,0.990226747410678,1,1,1,0.0367423461417488,0.0367423461417479,0.0367423461417479,131461,18412,33610,1,1,0,0,0,0,0.651937499311271,0.99260038511866,0.00377329363103678,0.00940275816415314,0,0.0162233093055585,5,7353,26257,7353,11059,7.38,8.66,10.46,10.1,7.38,8.66,10.46,10.1,7.38,8.66,10.46,10.1,3,1.34829981348993
strong_coherent,representative_case,HARD,medium_low,,,,greedy_combined_B7,likelihood_uncertainty_adaptive_topk_window,219,9,20762618,5,0,-0.2,7.365,8.635,10.125,10.495,1,0.99,5,1,1.27,0.37,30,0.990214019656234,1,1,1,0.0367423461417488,0.0367423461417479,0.0367423461417479,131461,18412,34094,1,1,0,0,0,0,0.612900704917634,0.993480499805887,0.00691118258855348,0.00888768151877292,0,0.014828415746026,5,7353,26741,7353,11059,7.38,8.66,10.1,10.46,7.38,8.66,10.1,10.46,7.38,8.66,10.1,10.46,3,1.3140967038848
strong_coherent,representative_case,HARD,medium_low,,,,greedy_combined_B7,likelihood_uncertainty_adaptive_topk_window,220,10,20762619,5,0,-0.2,7.365,8.635,10.495,10.125,-1,0.99,5,1,1.27,0.37,30,0.989999984899702,1,1,1,0.0367423461417488,0.0367423461417479,0.0367423461417479,131461,18412,33610,1,1,0,0,0,0,0.652177113679336,0.992527152298168,0.00375148810005387,0.00933786882326035,0,0.0162233093055585,5,7353,26257,7353,11059,7.38,8.66,10.46,10.1,7.38,8.66,10.46,10.1,7.38,8.66,10.46,10.1,3,1.34829981348993
hard_phase,representative_case,HARD,medium_low,,,,greedy_combined_B7,likelihood_uncertainty_adaptive_topk_window,221,1,20763610,5,0,-0.2,7.585,8.415,10.125,10.495,1,0.99,150,1,0.83,0.37,30,0.990096261454333,1,1,1,0.0441588043316401,0.0441588043316394,0.0441588043316394,131461,18468,35425,1,1,0,0,0,0,0.648637237853053,0.994756118333302,0.00445501071216282,0.00855422842293157,0,0.0445641233673481,5,7353,28072,7353,11115,7.54,8.42,10.1,10.46,7.54,8.42,10.1,10.46,7.54,8.42,10.1,10.46,3,2.2725475914536
hard_phase,representative_case,HARD,medium_low,,,,greedy_combined_B7,likelihood_uncertainty_adaptive_topk_window,222,2,20763611,5,0,-0.2,7.585,8.415,10.495,10.125,-1,0.99,150,1,0.83,0.37,30,0.990526895906615,1,1,1,0.0393700393700601,0.0393700393700593,0.0393700393700593,131461,18373,32279,1,1,0,0,0,0,0.631833577081248,0.993038192390517,0.00572001670595573,0.00933085972989771,0,0.0431106621997443,5,7353,24926,7353,11020,7.62,8.42,10.46,10.1,7.62,8.42,10.46,10.1,7.62,8.42,10.46,10.1,3,2.21251028182538
hard_phase,representative_case,HARD,medium_low,,,,greedy_combined_B7,likelihood_uncertainty_adaptive_topk_window,223,3,20763612,5,0,-0.2,7.585,8.415,10.125,10.495,1,0.99,150,1,0.83,0.37,30,0.989987326894789,1,1,1,0.0441588043316401,0.0441588043316394,0.0441588043316394,131461,18468,35425,1,1,0,0,0,0,0.648773444921046,0.994703707683888,0.00444222736334447,0.00860752767589765,0,0.0445641233673481,5,7353,28072,7353,11115,7.54,8.42,10.1,10.46,7.54,8.42,10.1,10.46,7.54,8.42,10.1,10.46,3,2.2725475914536
hard_phase,representative_case,HARD,medium_low,,,,greedy_combined_B7,likelihood_uncertainty_adaptive_topk_window,224,4,20763613,5,0,-0.2,7.585,8.415,10.495,10.125,-1,0.99,150,1,0.83,0.37,30,0.99001529027103,1,1,1,0.0393700393700601,0.0393700393700593,0.0393700393700593,131461,18373,32279,1,1,0,0,0,0,0.631937012616366,0.993017464429675,0.0057109956565559,0.0093566949515968,0,0.0431106621997443,5,7353,24926,7353,11020,7.62,8.42,10.46,10.1,7.62,8.42,10.46,10.1,7.62,8.42,10.46,10.1,3,2.21251028182538
hard_phase,representative_case,HARD,medium_low,,,,greedy_combined_B7,likelihood_uncertainty_adaptive_topk_window,225,5,20763614,5,0,-0.2,7.585,8.415,10.125,10.495,1,0.99,150,1,0.83,0.37,30,0.989979602822634,1,1,1,0.0441588043316401,0.0441588043316394,0.0441588043316394,131461,18468,35425,1,1,0,0,0,0,0.64856543024913,0.994722607998202,0.00445954894841299,0.00859294116245858,0,0.0445641233673481,5,7353,28072,7353,11115,7.54,8.42,10.1,10.46,7.54,8.42,10.1,10.46,7.54,8.42,10.1,10.46,3,2.2725475914536
hard_phase,representative_case,HARD,medium_low,,,,greedy_combined_B7,likelihood_uncertainty_adaptive_topk_window,226,6,20763615,5,0,-0.2,7.585,8.415,10.495,10.125,-1,0.99,150,1,0.83,0.37,30,0.990278561381906,1,1,1,0.0393700393700601,0.0393700393700593,0.0393700393700593,131461,18373,32279,1,1,0,0,0,0,0.632022004717488,0.992963118670063,0.00570223984112014,0.00939066771352244,0,0.0431106621997443,5,7353,24926,7353,11020,7.62,8.42,10.46,10.1,7.62,8.42,10.46,10.1,7.62,8.42,10.46,10.1,3,2.21251028182538
hard_phase,representative_case,HARD,medium_low,,,,greedy_combined_B7,likelihood_uncertainty_adaptive_topk_window,227,7,20763616,5,0,-0.2,7.585,8.415,10.125,10.495,1,0.99,150,1,0.83,0.37,30,0.990342830592512,1,1,1,0.0441588043316401,0.0441588043316394,0.0441588043316394,131461,18468,35425,1,1,0,0,0,0,0.648661887710423,0.994756912138693,0.00445306730056727,0.00855472346393061,0,0.0445641233673481,5,7353,28072,7353,11115,7.54,8.42,10.1,10.46,7.54,8.42,10.1,10.46,7.54,8.42,10.1,10.46,3,2.2725475914536
hard_phase,representative_case,HARD,medium_low,,,,greedy_combined_B7,likelihood_uncertainty_adaptive_topk_window,228,8,20763617,5,0,-0.2,7.585,8.415,10.495,10.125,-1,0.99,150,1,0.83,0.37,30,0.989871470044385,1,1,1,0.0393700393700601,0.0393700393700593,0.0393700393700593,131461,18373,32279,1,1,0,0,0,0,0.632113937802545,0.993077253340827,0.0056989940424631,0.00931231644616076,0,0.0431106621997443,5,7353,24926,7353,11020,7.62,8.42,10.46,10.1,7.62,8.42,10.46,10.1,7.62,8.42,10.46,10.1,3,2.21251028182538
hard_phase,representative_case,HARD,medium_low,,,,greedy_combined_B7,likelihood_uncertainty_adaptive_topk_window,229,9,20763618,5,0,-0.2,7.585,8.415,10.125,10.495,1,0.99,150,1,0.83,0.37,30,0.98981774549603,1,1,1,0.0441588043316401,0.0441588043316394,0.0441588043316394,131461,18468,35425,1,1,0,0,0,0,0.648707133349766,0.99471983547122,0.00444811288939084,0.00858507666846944,0,0.0445641233673481,5,7353,28072,7353,11115,7.54,8.42,10.1,10.46,7.54,8.42,10.1,10.46,7.54,8.42,10.1,10.46,3,2.2725475914536
hard_phase,representative_case,HARD,medium_low,,,,greedy_combined_B7,likelihood_uncertainty_adaptive_topk_window,230,10,20763619,5,0,-0.2,7.585,8.415,10.495,10.125,-1,0.99,150,1,0.83,0.37,30,0.990129561114215,1,1,1,0.0393700393700601,0.0393700393700593,0.0393700393700593,131461,18373,32279,1,1,0,0,0,0,0.631915356542906,0.993161078352392,0.00571789824365056,0.00926536026901973,0,0.0431106621997443,5,7353,24926,7353,11020,7.62,8.42,10.46,10.1,7.62,8.42,10.46,10.1,7.62,8.42,10.46,10.1,3,2.21251028182538
weak_secondary,representative_case,HARD,medium_low,,,,greedy_combined_B7,likelihood_uncertainty_adaptive_topk_window,231,1,20764610,5,0,-0.2,7.585,8.415,10.125,10.495,1,0.99,150,0.3,0.83,0.37,30,0.990122830514483,1,1,1,0.0924662100445356,0.0924662100445347,0.0924662100445347,131461,16987,37603,1,1,0,0,0,0,0.692309681702356,0.998892355683838,0.00111011974883784,0.00356800667170755,0,0.0445641233673481,5,7353,30250,7353,9634,7.62,8.34,10.16,10.4,7.62,8.34,10.16,10.4,7.62,8.34,10.16,10.4,3,2.2725475914536
weak_secondary,representative_case,HARD,medium_low,,,,greedy_combined_B7,likelihood_uncertainty_adaptive_topk_window,232,2,20764611,5,0,-0.2,7.585,8.415,10.495,10.125,-1,0.99,150,0.3,0.83,0.37,30,0.990240761661909,1,1,1,0.0659545297913648,0.0659545297913643,0.0659545297913643,131461,16987,32279,1,1,0,0,0,0,0.679839033105845,0.998513783045619,0.00207670148757163,0.00451196811144825,0,0.0431106621997443,5,7353,24926,7353,9634,7.62,8.34,10.46,10.1,7.62,8.34,10.46,10.1,7.62,8.34,10.46,10.1,3,2.21251028182538
weak_secondary,representative_case,HARD,medium_low,,,,greedy_combined_B7,likelihood_uncertainty_adaptive_topk_window,233,3,20764612,5,0,-0.2,7.585,8.415,10.125,10.495,1,0.99,150,0.3,0.83,0.37,30,0.989917246291743,1,1,1,0.0924662100445356,0.0924662100445347,0.0924662100445347,131461,16987,37603,1,1,0,0,0,0,0.692335837541219,0.998878187678478,0.00110751723353582,0.0035800779156574,0,0.0445641233673481,5,7353,30250,7353,9634,7.62,8.34,10.16,10.4,7.62,8.34,10.16,10.4,7.62,8.34,10.16,10.4,3,2.2725475914536
weak_secondary,representative_case,HARD,medium_low,,,,greedy_combined_B7,likelihood_uncertainty_adaptive_topk_window,234,4,20764613,5,0,-0.2,7.585,8.415,10.495,10.125,-1,0.99,150,0.3,0.83,0.37,30,0.990411018991665,1,1,1,0.0659545297913648,0.0659545297913643,0.0659545297913643,131461,16987,32279,1,1,0,0,0,0,0.679816623755523,0.998523424749995,0.00207884133695488,0.00449684809136259,0,0.0431106621997443,5,7353,24926,7353,9634,7.62,8.34,10.46,10.1,7.62,8.34,10.46,10.1,7.62,8.34,10.46,10.1,3,2.21251028182538
weak_secondary,representative_case,HARD,medium_low,,,,greedy_combined_B7,likelihood_uncertainty_adaptive_topk_window,235,5,20764614,5,0,-0.2,7.585,8.415,10.125,10.495,1,0.99,150,0.3,0.83,0.37,30,0.989905764347781,1,1,1,0.0924662100445356,0.0924662100445347,0.0924662100445347,131461,16987,37603,1,1,0,0,0,0,0.692370788106141,0.998894789656112,0.00110531885953688,0.00356828822466381,0,0.0445641233673481,5,7353,30250,7353,9634,7.62,8.34,10.16,10.4,7.62,8.34,10.16,10.4,7.62,8.34,10.16,10.4,3,2.2725475914536
weak_secondary,representative_case,HARD,medium_low,,,,greedy_combined_B7,likelihood_uncertainty_adaptive_topk_window,236,6,20764615,5,0,-0.2,7.585,8.415,10.495,10.125,-1,0.99,150,0.3,0.83,0.37,30,0.989859829594354,1,1,1,0.0659545297913648,0.0659545297913643,0.0659545297913643,131461,16987,32279,1,1,0,0,0,0,0.679621334148694,0.998492135353809,0.00209333808723855,0.00454659619683817,0,0.0431106621997443,5,7353,24926,7353,9634,7.62,8.34,10.46,10.1,7.62,8.34,10.46,10.1,7.62,8.34,10.46,10.1,3,2.21251028182538
weak_secondary,representative_case,HARD,medium_low,,,,greedy_combined_B7,likelihood_uncertainty_adaptive_topk_window,237,7,20764616,5,0,-0.2,7.585,8.415,10.125,10.495,1,0.99,150,0.3,0.83,0.37,30,0.989894752253994,1,1,1,0.0924662100445356,0.0924662100445347,0.0924662100445347,131461,16987,37603,1,1,0,0,0,0,0.692334291303533,0.998885438712351,0.00110790196977019,0.00357580599654658,0,0.0445641233673481,5,7353,30250,7353,9634,7.62,8.34,10.16,10.4,7.62,8.34,10.16,10.4,7.62,8.34,10.16,10.4,3,2.2725475914536
weak_secondary,representative_case,HARD,medium_low,,,,greedy_combined_B7,likelihood_uncertainty_adaptive_topk_window,238,8,20764617,5,0,-0.2,7.585,8.415,10.495,10.125,-1,0.99,150,0.3,0.83,0.37,30,0.990671304757435,1,1,1,0.0659545297913648,0.0659545297913643,0.0659545297913643,131461,16987,32279,1,1,0,0,0,0,0.679732515957063,0.998453579429289,0.00208305552928635,0.00459961296496688,0,0.0431106621997443,5,7353,24926,7353,9634,7.62,8.34,10.46,10.1,7.62,8.34,10.46,10.1,7.62,8.34,10.46,10.1,3,2.21251028182538
weak_secondary,representative_case,HARD,medium_low,,,,greedy_combined_B7,likelihood_uncertainty_adaptive_topk_window,239,9,20764618,5,0,-0.2,7.585,8.415,10.125,10.495,1,0.99,150,0.3,0.83,0.37,30,0.990213731633643,1,1,1,0.0924662100445356,0.0924662100445347,0.0924662100445347,131461,16987,37603,1,1,0,0,0,0,0.692411709776224,0.998907157260604,0.00110249035969202,0.00355517370778223,0,0.0445641233673481,5,7353,30250,7353,9634,7.62,8.34,10.16,10.4,7.62,8.34,10.16,10.4,7.62,8.34,10.16,10.4,3,2.2725475914536
weak_secondary,representative_case,HARD,medium_low,,,,greedy_combined_B7,likelihood_uncertainty_adaptive_topk_window,240,10,20764619,5,0,-0.2,7.585,8.415,10.495,10.125,-1,0.99,150,0.3,0.83,0.37,30,0.990028138986723,1,1,1,0.0659545297913648,0.0659545297913643,0.0659545297913643,131461,16987,32279,1,1,0,0,0,0,0.679964983118701,0.998515610797437,0.00206669128560862,0.00450512943708308,0,0.0431106621997443,5,7353,24926,7353,9634,7.62,8.34,10.46,10.1,7.62,8.34,10.46,10.1,7.62,8.34,10.46,10.1,3,2.21251028182538
low_snr_hard,representative_case,HARD,medium_low,,,,greedy_combined_B7,likelihood_uncertainty_adaptive_topk_window,241,1,20765610,5,0,-0.2,7.585,8.415,10.125,10.495,1,1,150,0.3,0.83,0.37,20,1,1,1,1,0.0924662100445356,0.0924662100445347,0.0924662100445347,131461,16987,37603,1,1,0,0,0,0,0.69203222666885,0.999039914578328,0.00113762827171997,0.00353282576462418,0,0.0445641233673481,5,7353,30250,7353,9634,7.62,8.34,10.16,10.4,7.62,8.34,10.16,10.4,7.62,8.34,10.16,10.4,3,2.2725475914536
low_snr_hard,representative_case,HARD,medium_low,,,,greedy_combined_B7,likelihood_uncertainty_adaptive_topk_window,242,2,20765611,5,0,-0.2,7.585,8.415,10.495,10.125,-1,1,150,0.3,0.83,0.37,20,1,1,1,1,0.0659545297913648,0.0659545297913643,0.0659545297913643,131461,16987,32279,1,1,0,0,0,0,0.679369893949872,0.998473127393652,0.0021127690165786,0.00457869795384924,0,0.0431106621997443,5,7353,24926,7353,9634,7.62,8.34,10.46,10.1,7.62,8.34,10.46,10.1,7.62,8.34,10.46,10.1,3,2.21251028182538
low_snr_hard,representative_case,HARD,medium_low,,,,greedy_combined_B7,likelihood_uncertainty_adaptive_topk_window,243,3,20765612,5,0,-0.2,7.585,8.415,10.125,10.495,1,1,150,0.3,0.83,0.37,20,1,0,0,0,0.133229125944743,0.133229125944742,0.133229125944742,131461,16987,37603,1,1,0,0,0,0,0.691940393516544,0.999031928616271,0.00114468742927042,0.00350386195437709,0,0.0445641233673481,5,7353,30250,7353,9634,7.62,8.26,10.16,10.4,7.62,8.26,10.16,10.4,7.62,8.26,10.16,10.4,3,2.2725475914536
low_snr_hard,representative_case,HARD,medium_low,,,,greedy_combined_B7,likelihood_uncertainty_adaptive_topk_window,244,4,20765613,5,0,-0.2,7.585,8.415,10.495,10.125,-1,1,150,0.3,0.83,0.37,20,1,1,1,1,0.0659545297913648,0.0659545297913643,0.0659545297913643,131461,16987,32279,1,1,0,0,0,0,0.680019093216726,0.998490844004052,0.0020614708732047,0.00454534677318342,0,0.0431106621997443,5,7353,24926,7353,9634,7.62,8.34,10.46,10.1,7.62,8.34,10.46,10.1,7.62,8.34,10.46,10.1,3,2.21251028182538
low_snr_hard,representative_case,HARD,medium_low,,,,greedy_combined_B7,likelihood_uncertainty_adaptive_topk_window,245,5,20765614,5,0,-0.2,7.585,8.415,10.125,10.495,1,1,150,0.3,0.83,0.37,20,1,1,1,1,0.0924662100445356,0.0924662100445347,0.0924662100445347,131461,16987,37603,1,1,0,0,0,0,0.691941816951121,0.99907104899252,0.00114598188804924,0.00350428686952445,0,0.0445641233673481,5,7353,30250,7353,9634,7.62,8.34,10.16,10.4,7.62,8.34,10.16,10.4,7.62,8.34,10.16,10.4,3,2.2725475914536
low_snr_hard,representative_case,HARD,medium_low,,,,greedy_combined_B7,likelihood_uncertainty_adaptive_topk_window,246,6,20765615,5,0,-0.2,7.585,8.415,10.495,10.125,-1,1,150,0.3,0.83,0.37,20,1,1,1,1,0.0659545297913648,0.0659545297913643,0.0659545297913643,131461,16987,32279,1,1,0,0,0,0,0.680207878806604,0.998499399881456,0.00204667603760101,0.0045221584326283,0,0.0431106621997443,5,7353,24926,7353,9634,7.62,8.34,10.46,10.1,7.62,8.34,10.46,10.1,7.62,8.34,10.46,10.1,3,2.21251028182538
low_snr_hard,representative_case,HARD,medium_low,,,,greedy_combined_B7,likelihood_uncertainty_adaptive_topk_window,247,7,20765616,5,0,-0.2,7.585,8.415,10.125,10.495,1,1,150,0.3,0.83,0.37,20,1,1,1,1,0.0924662100445356,0.0924662100445347,0.0924662100445347,131461,16987,37603,1,1,0,0,0,0,0.691881308204622,0.999064675457877,0.00115059314052197,0.00351147796957437,0,0.0445641233673481,5,7353,30250,7353,9634,7.62,8.34,10.16,10.4,7.62,8.34,10.16,10.4,7.62,8.34,10.16,10.4,3,2.2725475914536
low_snr_hard,representative_case,HARD,medium_low,,,,greedy_combined_B7,likelihood_uncertainty_adaptive_topk_window,248,8,20765617,5,0,-0.2,7.585,8.415,10.495,10.125,-1,1,150,0.3,0.83,0.37,20,1,1,1,1,0.0659545297913648,0.0659545297913643,0.0659545297913643,131461,16987,32279,1,1,0,0,0,0,0.680356419269008,0.998511036936458,0.00203521173458883,0.00450649963806999,0,0.0431106621997443,5,7353,24926,7353,9634,7.62,8.34,10.46,10.1,7.62,8.34,10.46,10.1,7.62,8.34,10.46,10.1,3,2.21251028182538
low_snr_hard,representative_case,HARD,medium_low,,,,greedy_combined_B7,likelihood_uncertainty_adaptive_topk_window,249,9,20765618,5,0,-0.2,7.585,8.415,10.125,10.495,1,1,150,0.3,0.83,0.37,20,1,0,0,0,0.133229125944743,0.133229125944742,0.133229125944742,131461,16987,37603,1,1,0,0,0,0,0.692329506155714,0.99904295906254,0.00111395551420251,0.00353434556063536,0,0.0445641233673481,5,7353,30250,7353,9634,7.62,8.26,10.16,10.4,7.62,8.26,10.16,10.4,7.62,8.26,10.16,10.4,3,2.2725475914536
low_snr_hard,representative_case,HARD,medium_low,,,,greedy_combined_B7,likelihood_uncertainty_adaptive_topk_window,250,10,20765619,5,0,-0.2,7.585,8.415,10.495,10.125,-1,1,150,0.3,0.83,0.37,20,1,1,1,1,0.0659545297913648,0.0659545297913643,0.0659545297913643,131461,16987,32279,1,1,0,0,0,0,0.679712704554215,0.998487429879867,0.00208585905773494,0.00455366063067287,0,0.0431106621997443,5,7353,24926,7353,9634,7.62,8.34,10.46,10.1,7.62,8.34,10.46,10.1,7.62,8.34,10.46,10.1,3,2.21251028182538
easy_noncoherent,representative_case,HARD,medium_low,,,,greedy_combined_B7,likelihood_uncertainty_adaptive_topk_window,251,1,20861610,6,0.2,0.2,7.365,8.635,9.975,10.645,1,0,0,1,1.27,0.67,30,0.0517722817405871,1,1,1,0.0339116499156255,0.0339116499156255,0.0339116499156255,131461,17154,38176,1,1,0,0,0,0,0.659082281220823,0.987863248095803,0.00305417481233655,0.0117727079293579,0,0.0181400315461228,5,7353,30823,7353,9801,7.34,8.62,9.96,10.68,7.34,8.62,9.96,10.68,7.34,8.62,9.96,10.68,4,1.39675505685765
easy_noncoherent,representative_case,HARD,medium_low,,,,greedy_combined_B7,likelihood_uncertainty_adaptive_topk_window,252,2,20861611,6,0.2,0.2,7.365,8.635,10.645,9.975,-1,0,0,1,1.27,0.67,30,0.111277978586961,1,1,1,0.0339116499156255,0.0339116499156255,0.0339116499156255,131461,17154,38748,1,1,0,0,0,0,0.683431648965516,0.986236586968217,0.00108234359621161,0.0116551660182712,0,0.021029865216424,5,7353,31395,7353,9801,7.34,8.62,10.68,9.96,7.34,8.62,10.68,9.96,7.34,8.62,10.68,9.96,4,1.47312269976401
easy_noncoherent,representative_case,HARD,medium_low,,,,greedy_combined_B7,likelihood_uncertainty_adaptive_topk_window,253,3,20861612,6,0.2,0.2,7.365,8.635,9.975,10.645,1,0,0,1,1.27,0.67,30,0.0536203071389095,1,1,1,0.0339116499156255,0.0339116499156255,0.0339116499156255,131461,17154,38176,1,1,0,0,0,0,0.658385184258262,0.987746113996417,0.00310572574176348,0.0118369385361115,0,0.0181400315461228,5,7353,30823,7353,9801,7.34,8.62,9.96,10.68,7.34,8.62,9.96,10.68,7.34,8.62,9.96,10.68,4,1.39675505685765
easy_noncoherent,representative_case,HARD,medium_low,,,,greedy_combined_B7,likelihood_uncertainty_adaptive_topk_window,254,4,20861613,6,0.2,0.2,7.365,8.635,10.645,9.975,-1,0,0,1,1.27,0.67,30,0.104078920080766,1,1,1,0.0339116499156255,0.0339116499156255,0.0339116499156255,131461,17154,38748,1,1,0,0,0,0,0.67901215432309,0.985480646461334,0.00140868930935789,0.0120279197895913,0,0.021029865216424,5,7353,31395,7353,9801,7.34,8.62,10.68,9.96,7.34,8.62,10.68,9.96,7.34,8.62,10.68,9.96,4,1.47312269976401
easy_noncoherent,representative_case,HARD,medium_low,,,,greedy_combined_B7,likelihood_uncertainty_adaptive_topk_window,255,5,20861614,6,0.2,0.2,7.365,8.635,9.975,10.645,1,0,0,1,1.27,0.67,30,0.0700722033173504,1,1,1,0.0339116499156255,0.0339116499156255,0.0339116499156255,131461,17154,38176,1,1,0,0,0,0,0.658574670234841,0.987817440726794,0.0030931346259308,0.0117939123119155,0,0.0181400315461228,5,7353,30823,7353,9801,7.34,8.62,9.96,10.68,7.34,8.62,9.96,10.68,7.34,8.62,9.96,10.68,4,1.39675505685765
easy_noncoherent,representative_case,HARD,medium_low,,,,greedy_combined_B7,likelihood_uncertainty_adaptive_topk_window,256,6,20861615,6,0.2,0.2,7.365,8.635,10.645,9.975,-1,0,0,1,1.27,0.67,30,0.0698797335312272,1,1,1,0.0339116499156255,0.0339116499156255,0.0339116499156255,131461,17154,38748,1,1,0,0,0,0,0.681984620108891,0.986044990024143,0.00119120841475492,0.0116934282056994,0,0.021029865216424,5,7353,31395,7353,9801,7.34,8.62,10.68,9.96,7.34,8.62,10.68,9.96,7.34,8.62,10.68,9.96,4,1.47312269976401
easy_noncoherent,representative_case,HARD,medium_low,,,,greedy_combined_B7,likelihood_uncertainty_adaptive_topk_window,257,7,20861616,6,0.2,0.2,7.365,8.635,9.975,10.645,1,0,0,1,1.27,0.67,30,0.286781999875707,1,1,1,0.0339116499156255,0.0339116499156255,0.0339116499156255,131461,17154,38176,1,1,0,0,0,0,0.654348191888767,0.986252349377763,0.00337490960505155,0.0124911019354734,0,0.0181400315461228,5,7353,30823,7353,9801,7.34,8.62,9.96,10.68,7.34,8.62,9.96,10.68,7.34,8.62,9.96,10.68,4,1.39675505685765
easy_noncoherent,representative_case,HARD,medium_low,,,,greedy_combined_B7,likelihood_uncertainty_adaptive_topk_window,258,8,20861617,6,0.2,0.2,7.365,8.635,10.645,9.975,-1,0,0,1,1.27,0.67,30,0.0719984293078572,1,1,1,0.0339116499156255,0.0339116499156255,0.0339116499156255,131461,17154,38748,1,1,0,0,0,0,0.679600324193814,0.985684095695761,0.00136895989213939,0.0119157637688583,0,0.021029865216424,5,7353,31395,7353,9801,7.34,8.62,10.68,9.96,7.34,8.62,10.68,9.96,7.34,8.62,10.68,9.96,4,1.47312269976401
easy_noncoherent,representative_case,HARD,medium_low,,,,greedy_combined_B7,likelihood_uncertainty_adaptive_topk_window,259,9,20861618,6,0.2,0.2,7.365,8.635,9.975,10.645,1,0,0,1,1.27,0.67,30,0.185300034922944,1,1,1,0.0339116499156255,0.0339116499156255,0.0339116499156255,131461,17154,38176,1,1,0,0,0,0,0.656905591868382,0.987151908787274,0.00320270174542481,0.0120541953380804,0,0.0181400315461228,5,7353,30823,7353,9801,7.34,8.62,9.96,10.68,7.34,8.62,9.96,10.68,7.34,8.62,9.96,10.68,4,1.39675505685765
easy_noncoherent,representative_case,HARD,medium_low,,,,greedy_combined_B7,likelihood_uncertainty_adaptive_topk_window,260,10,20861619,6,0.2,0.2,7.365,8.635,10.645,9.975,-1,0,0,1,1.27,0.67,30,0.165061252832027,1,1,1,0.0339116499156255,0.0339116499156255,0.0339116499156255,131461,17154,38748,1,1,0,0,0,0,0.683941884763628,0.986716125245807,0.000992632056544919,0.0114576372500543,0,0.0155168607321762,5,7353,31395,7353,9801,7.34,8.62,10.68,9.96,7.34,8.62,10.68,9.96,7.34,8.62,10.68,9.96,4,1.33086770288982
strong_coherent,representative_case,HARD,medium_low,,,,greedy_combined_B7,likelihood_uncertainty_adaptive_topk_window,261,1,20862610,6,0.2,0.2,7.365,8.635,10.125,10.495,1,0.99,5,1,1.27,0.37,30,0.989853835357281,1,1,1,0.0234520787991176,0.0234520787991176,0.0234520787991176,131461,17154,34562,1,1,0,0,0,0,0.642434690751424,0.989214168365396,0.0043863612489288,0.00974211716897738,0,0.0141188706573721,5,7353,27209,7353,9801,7.34,8.62,10.14,10.5,7.34,8.62,10.14,10.5,7.34,8.62,10.14,10.5,4,1.29703281906808
strong_coherent,representative_case,HARD,medium_low,,,,greedy_combined_B7,likelihood_uncertainty_adaptive_topk_window,262,2,20862611,6,0.2,0.2,7.365,8.635,10.495,10.125,-1,0.99,5,1,1.27,0.37,30,0.990070941448501,1,1,1,0.0234520787991176,0.0234520787991176,0.0234520787991176,131461,17154,41426,1,1,0,0,0,0,0.680087794302664,0.994052951870769,0.0015650850519207,0.00820759611450458,0,0.0155168607321762,5,7353,34073,7353,9801,7.34,8.62,10.5,10.14,7.34,8.62,10.5,10.14,7.34,8.62,10.5,10.14,4,1.33086770288982
strong_coherent,representative_case,HARD,medium_low,,,,greedy_combined_B7,likelihood_uncertainty_adaptive_topk_window,263,3,20862612,6,0.2,0.2,7.365,8.635,10.125,10.495,1,0.99,5,1,1.27,0.37,30,0.990170333283407,1,1,1,0.0234520787991176,0.0234520787991176,0.0234520787991176,131461,17154,34562,1,1,0,0,0,0,0.642592383940002,0.989246003340202,0.00437489185293556,0.00971696183958439,0,0.0141188706573721,5,7353,27209,7353,9801,7.34,8.62,10.14,10.5,7.34,8.62,10.14,10.5,7.34,8.62,10.14,10.5,4,1.29703281906808
strong_coherent,representative_case,HARD,medium_low,,,,greedy_combined_B7,likelihood_uncertainty_adaptive_topk_window,264,4,20862613,6,0.2,0.2,7.365,8.635,10.495,10.125,-1,0.99,5,1,1.27,0.37,30,0.990087056615013,1,1,1,0.0234520787991176,0.0234520787991176,0.0234520787991176,131461,17154,41426,1,1,0,0,0,0,0.679783794675354,0.99423340351606,0.001595901281336,0.00818089005476684,0,0.0155168607321762,5,7353,34073,7353,9801,7.34,8.62,10.5,10.14,7.34,8.62,10.5,10.14,7.34,8.62,10.5,10.14,4,1.33086770288982
strong_coherent,representative_case,HARD,medium_low,,,,greedy_combined_B7,likelihood_uncertainty_adaptive_topk_window,265,5,20862614,6,0.2,0.2,7.365,8.635,10.125,10.495,1,0.99,5,1,1.27,0.37,30,0.990103234398261,1,1,1,0.0234520787991176,0.0234520787991176,0.0234520787991176,131461,17154,34562,1,1,0,0,0,0,0.64271837465472,0.989053609809505,0.00435788642865307,0.0100168110770807,0,0.0141188706573721,5,7353,27209,7353,9801,7.34,8.62,10.14,10.5,7.34,8.62,10.14,10.5,7.34,8.62,10.14,10.5,4,1.29703281906808
strong_coherent,representative_case,HARD,medium_low,,,,greedy_combined_B7,likelihood_uncertainty_adaptive_topk_window,266,6,20862615,6,0.2,0.2,7.365,8.635,10.495,10.125,-1,0.99,5,1,1.27,0.37,30,0.989992154627202,1,1,1,0.0234520787991176,0.0234520787991176,0.0234520787991176,131461,17154,41426,1,1,0,0,0,0,0.679706173417947,0.994412231421734,0.00160854878653275,0.00811406349848409,0,0.0155168607321762,5,7353,34073,7353,9801,7.34,8.62,10.5,10.14,7.34,8.62,10.5,10.14,7.34,8.62,10.5,10.14,4,1.33086770288982
strong_coherent,representative_case,HARD,medium_low,,,,greedy_combined_B7,likelihood_uncertainty_adaptive_topk_window,267,7,20862616,6,0.2,0.2,7.365,8.635,10.125,10.495,1,0.99,5,1,1.27,0.37,30,0.990091000399988,1,1,1,0.0234520787991176,0.0234520787991176,0.0234520787991176,131461,17154,41234,1,1,0,0,0,0,0.64224933871436,0.989343568074983,0.00440584780143906,0.00978992654545722,0,0.0141188706573721,5,7353,33881,7353,9801,7.34,8.62,10.14,10.5,7.34,8.62,10.14,10.5,7.34,8.62,10.14,10.5,4,1.29703281906808
strong_coherent,representative_case,HARD,medium_low,,,,greedy_combined_B7,likelihood_uncertainty_adaptive_topk_window,268,8,20862617,6,0.2,0.2,7.365,8.635,10.495,10.125,-1,0.99,5,1,1.27,0.37,30,0.989885784268401,1,1,1,0.0234520787991176,0.0234520787991176,0.0234520787991176,131461,17154,41426,1,1,0,0,0,0,0.679669796275078,0.994220012267821,0.0016045390684214,0.00817599047783185,0,0.0155168607321762,5,7353,34073,7353,9801,7.34,8.62,10.5,10.14,7.34,8.62,10.5,10.14,7.34,8.62,10.5,10.14,4,1.33086770288982
strong_coherent,representative_case,HARD,medium_low,,,,greedy_combined_B7,likelihood_uncertainty_adaptive_topk_window,269,9,20862618,6,0.2,0.2,7.365,8.635,10.125,10.495,1,0.99,5,1,1.27,0.37,30,0.989936022288357,1,1,1,0.0234520787991176,0.0234520787991176,0.0234520787991176,131461,17154,34562,1,1,0,0,0,0,0.642512693068674,0.989089659857724,0.00437563875727263,0.00999390509382162,0,0.0141188706573721,5,7353,27209,7353,9801,7.34,8.62,10.14,10.5,7.34,8.62,10.14,10.5,7.34,8.62,10.14,10.5,4,1.29703281906808
strong_coherent,representative_case,HARD,medium_low,,,,greedy_combined_B7,likelihood_uncertainty_adaptive_topk_window,270,10,20862619,6,0.2,0.2,7.365,8.635,10.495,10.125,-1,0.99,5,1,1.27,0.37,30,0.990016827697026,1,1,1,0.0234520787991176,0.0234520787991176,0.0234520787991176,131461,17154,41426,1,1,0,0,0,0,0.68011040477497,0.994313867720067,0.00157266918471094,0.00810412856258881,0,0.0155168607321762,5,7353,34073,7353,9801,7.34,8.62,10.5,10.14,7.34,8.62,10.5,10.14,7.34,8.62,10.5,10.14,4,1.33086770288982
hard_phase,representative_case,HARD,medium_low,,,,greedy_combined_B7,likelihood_uncertainty_adaptive_topk_window,271,1,20863610,6,0.2,0.2,7.585,8.415,10.125,10.495,1,0.99,150,1,0.83,0.37,30,0.990084957379708,1,1,1,0.0273861278752573,0.0273861278752573,0.0273861278752573,131461,20223,40073,1,1,0,0,0,0,0.675849327562379,0.997399146038082,0.00209108171818447,0.00546129339451647,0,0.0210548888169882,5,7353,32720,7353,12870,7.58,8.38,10.14,10.5,7.58,8.38,10.14,10.5,7.58,8.38,10.14,10.5,5,1.47380189478687
hard_phase,representative_case,HARD,medium_low,,,,greedy_combined_B7,likelihood_uncertainty_adaptive_topk_window,272,2,20863611,6,0.2,0.2,7.585,8.415,10.495,10.125,-1,0.99,150,1,0.83,0.37,30,0.990317544059581,1,1,1,0.0273861278752573,0.0273861278752573,0.0273861278752573,131461,18936,40125,1,1,0,0,0,0,0.694867411057737,0.999490105530231,0.000623158355493118,0.00240569382128243,0,0.0192422867519825,5,7353,32772,7353,11583,7.58,8.38,10.5,10.14,7.58,8.38,10.5,10.14,7.58,8.38,10.5,10.14,5,1.42540505298955
hard_phase,representative_case,HARD,medium_low,,,,greedy_combined_B7,likelihood_uncertainty_adaptive_topk_window,273,3,20863612,6,0.2,0.2,7.585,8.415,10.125,10.495,1,0.99,150,1,0.83,0.37,30,0.990206207191893,1,1,1,0.0273861278752573,0.0273861278752573,0.0273861278752573,131461,20223,40073,1,1,0,0,0,0,0.675373044880048,0.997396888326835,0.00212910305516608,0.00552584595527819,0,0.0210548888169882,5,7353,32720,7353,12870,7.58,8.38,10.14,10.5,7.58,8.38,10.14,10.5,7.58,8.38,10.14,10.5,5,1.47380189478687
hard_phase,representative_case,HARD,medium_low,,,,greedy_combined_B7,likelihood_uncertainty_adaptive_topk_window,274,4,20863613,6,0.2,0.2,7.585,8.415,10.495,10.125,-1,0.99,150,1,0.83,0.37,30,0.98988203080211,1,1,1,0.0273861278752573,0.0273861278752573,0.0273861278752573,131461,18936,40125,1,1,0,0,0,0,0.695568760336729,0.999493136173052,0.000567159516315361,0.00238192965315356,0,0.0192422867519825,5,7353,32772,7353,11583,7.58,8.38,10.5,10.14,7.58,8.38,10.5,10.14,7.58,8.38,10.5,10.14,5,1.42540505298955
hard_phase,representative_case,HARD,medium_low,,,,greedy_combined_B7,likelihood_uncertainty_adaptive_topk_window,275,5,20863614,6,0.2,0.2,7.585,8.415,10.125,10.495,1,0.99,150,1,0.83,0.37,30,0.990177385793496,1,1,1,0.0273861278752573,0.0273861278752573,0.0273861278752573,131461,20223,40073,1,1,0,0,0,0,0.675622428921349,0.997402093116065,0.00210933970427425,0.00548698435488065,0,0.0210548888169882,5,7353,32720,7353,12870,7.58,8.38,10.14,10.5,7.58,8.38,10.14,10.5,7.58,8.38,10.14,10.5,5,1.47380189478687
hard_phase,representative_case,HARD,medium_low,,,,greedy_combined_B7,likelihood_uncertainty_adaptive_topk_window,276,6,20863615,6,0.2,0.2,7.585,8.415,10.495,10.125,-1,0.99,150,1,0.83,0.37,30,0.990326248047472,1,1,1,0.0273861278752573,0.0273861278752573,0.0273861278752573,131461,18936,40125,1,1,0,0,0,0,0.695331636689185,0.999498868216952,0.000586335761699228,0.00236249899726495,0,0.0192422867519825,5,7353,32772,7353,11583,7.58,8.38,10.5,10.14,7.58,8.38,10.5,10.14,7.58,8.38,10.5,10.14,5,1.42540505298955
hard_phase,representative_case,HARD,medium_low,,,,greedy_combined_B7,likelihood_uncertainty_adaptive_topk_window,277,7,20863616,6,0.2,0.2,7.585,8.415,10.125,10.495,1,0.99,150,1,0.83,0.37,30,0.990494678655145,1,1,1,0.0273861278752573,0.0273861278752573,0.0273861278752573,131461,20223,40073,1,1,0,0,0,0,0.675795033530299,0.997373145037392,0.00209448920472604,0.00550209889653025,0,0.0210548888169882,5,7353,32720,7353,12870,7.58,8.38,10.14,10.5,7.58,8.38,10.14,10.5,7.58,8.38,10.14,10.5,5,1.47380189478687
hard_phase,representative_case,HARD,medium_low,,,,greedy_combined_B7,likelihood_uncertainty_adaptive_topk_window,278,8,20863617,6,0.2,0.2,7.585,8.415,10.495,10.125,-1,0.99,150,1,0.83,0.37,30,0.990167207451743,1,1,1,0.0273861278752573,0.0273861278752573,0.0273861278752573,131461,18936,40125,1,1,0,0,0,0,0.695518130865097,0.999502086822495,0.000571532097425854,0.00237182526781411,0,0.0192422867519825,5,7353,32772,7353,11583,7.58,8.38,10.5,10.14,7.58,8.38,10.5,10.14,7.58,8.38,10.5,10.14,5,1.42540505298955
hard_phase,representative_case,HARD,medium_low,,,,greedy_combined_B7,likelihood_uncertainty_adaptive_topk_window,279,9,20863618,6,0.2,0.2,7.585,8.415,10.125,10.495,1,0.99,150,1,0.83,0.37,30,0.989860515623709,1,1,1,0.0273861278752573,0.0273861278752573,0.0273861278752573,131461,20223,40073,1,1,0,0,0,0,0.675628193986723,0.99740409051649,0.00210895040545965,0.00547970412828931,0,0.0210548888169882,5,7353,32720,7353,12870,7.58,8.38,10.14,10.5,7.58,8.38,10.14,10.5,7.58,8.38,10.14,10.5,5,1.47380189478687
hard_phase,representative_case,HARD,medium_low,,,,greedy_combined_B7,likelihood_uncertainty_adaptive_topk_window,280,10,20863619,6,0.2,0.2,7.585,8.415,10.495,10.125,-1,0.99,150,1,0.83,0.37,30,0.989823293380659,1,1,1,0.0273861278752573,0.0273861278752573,0.0273861278752573,131461,18936,40125,1,1,0,0,0,0,0.695462961098008,0.999500570490867,0.000575891090854386,0.00235107064102318,0,0.0192422867519825,5,7353,32772,7353,11583,7.58,8.38,10.5,10.14,7.58,8.38,10.5,10.14,7.58,8.38,10.5,10.14,5,1.42540505298955
weak_secondary,representative_case,HARD,medium_low,,,,greedy_combined_B7,likelihood_uncertainty_adaptive_topk_window,281,1,20864610,6,0.2,0.2,7.585,8.415,10.125,10.495,1,0.99,150,0.3,0.83,0.37,30,0.991181726957552,1,1,1,0.0273861278752573,0.0273861278752573,0.0273861278752573,131461,22500,47732,1,1,0,0,0,0,0.689674879163926,0.999780392319006,0.000986772629261428,0.00194780072763314,0,0.0140557365742772,5,7353,40379,7353,15147,7.58,8.38,10.14,10.5,7.58,8.38,10.14,10.5,7.58,8.38,10.14,10.5,4,1.2955252819756
weak_secondary,representative_case,HARD,medium_low,,,,greedy_combined_B7,likelihood_uncertainty_adaptive_topk_window,282,2,20864611,6,0.2,0.2,7.585,8.415,10.495,10.125,-1,0.99,150,0.3,0.83,0.37,30,0.99015757146405,1,1,1,0.0339116499156275,0.0339116499156275,0.0339116499156275,131461,18320,37854,1,1,0,0,0,0,0.699471919604943,0.999716952902728,0.000834258235905996,0.00173291365234955,0,0.0668501249836001,5,7353,30501,7353,10967,7.58,8.46,10.5,10.14,7.58,8.46,10.5,10.14,7.58,8.46,10.5,10.14,5,3.42610761274159
weak_secondary,representative_case,HARD,medium_low,,,,greedy_combined_B7,likelihood_uncertainty_adaptive_topk_window,283,3,20864612,6,0.2,0.2,7.585,8.415,10.125,10.495,1,0.99,150,0.3,0.83,0.37,30,0.989901620364347,1,1,1,0.0273861278752573,0.0273861278752573,0.0273861278752573,131461,21114,47732,1,1,0,0,0,0,0.689632508274306,0.999775462957552,0.000989984843418719,0.00195323027014377,0,0.0140557365742772,5,7353,40379,7353,13761,7.58,8.38,10.14,10.5,7.58,8.38,10.14,10.5,7.58,8.38,10.14,10.5,4,1.2955252819756
weak_secondary,representative_case,HARD,medium_low,,,,greedy_combined_B7,likelihood_uncertainty_adaptive_topk_window,284,4,20864613,6,0.2,0.2,7.585,8.415,10.495,10.125,-1,0.99,150,0.3,0.83,0.37,30,0.989811276096213,1,1,1,0.0339116499156275,0.0339116499156275,0.0339116499156275,131461,18320,37854,1,1,0,0,0,0,0.699549186958514,0.999719393365943,0.000828164704296031,0.00172270801234636,0,0.0668501249836001,5,7353,30501,7353,10967,7.58,8.46,10.5,10.14,7.58,8.46,10.5,10.14,7.58,8.46,10.5,10.14,5,3.42610761274159
weak_secondary,representative_case,HARD,medium_low,,,,greedy_combined_B7,likelihood_uncertainty_adaptive_topk_window,285,5,20864614,6,0.2,0.2,7.585,8.415,10.125,10.495,1,0.99,150,0.3,0.83,0.37,30,0.99043887541253,1,1,1,0.0273861278752573,0.0273861278752573,0.0273861278752573,131461,22500,47732,1,1,0,0,0,0,0.689614621495798,0.999777335324931,0.000991483190925007,0.00194759334192188,0,0.0140557365742772,5,7353,40379,7353,15147,7.58,8.38,10.14,10.5,7.58,8.38,10.14,10.5,7.58,8.38,10.14,10.5,4,1.2955252819756
weak_secondary,representative_case,HARD,medium_low,,,,greedy_combined_B7,likelihood_uncertainty_adaptive_topk_window,286,6,20864615,6,0.2,0.2,7.585,8.415,10.495,10.125,-1,0.99,150,0.3,0.83,0.37,30,0.990161564745218,1,1,1,0.0339116499156275,0.0339116499156275,0.0339116499156275,131461,18320,34240,1,1,0,0,0,0,0.699937249808118,0.999707826407662,0.000796703265829561,0.00176701708241472,0,0.0668501249836001,5,7353,26887,7353,10967,7.58,8.46,10.5,10.14,7.58,8.46,10.5,10.14,7.58,8.46,10.5,10.14,5,3.42610761274159
weak_secondary,representative_case,HARD,medium_low,,,,greedy_combined_B7,likelihood_uncertainty_adaptive_topk_window,287,7,20864616,6,0.2,0.2,7.585,8.415,10.125,10.495,1,0.99,150,0.3,0.83,0.37,30,0.990242655358001,1,1,1,0.0273861278752573,0.0273861278752573,0.0273861278752573,131461,22500,47732,1,1,0,0,0,0,0.689699382810262,0.999778542634326,0.000984745748906142,0.00195419750667487,0,0.0140557365742772,5,7353,40379,7353,15147,7.58,8.38,10.14,10.5,7.58,8.38,10.14,10.5,7.58,8.38,10.14,10.5,4,1.2955252819756
weak_secondary,representative_case,HARD,medium_low,,,,greedy_combined_B7,likelihood_uncertainty_adaptive_topk_window,288,8,20864617,6,0.2,0.2,7.585,8.415,10.495,10.125,-1,0.99,150,0.3,0.83,0.37,30,0.990400232248576,1,1,1,0.0339116499156275,0.0339116499156275,0.0339116499156275,131461,18320,37854,1,1,0,0,0,0,0.69931854581427,0.999720855135963,0.000846668619556257,0.00173022152936027,0,0.0668501249836001,5,7353,30501,7353,10967,7.58,8.46,10.5,10.14,7.58,8.46,10.5,10.14,7.58,8.46,10.5,10.14,5,3.42610761274159
weak_secondary,representative_case,HARD,medium_low,,,,greedy_combined_B7,likelihood_uncertainty_adaptive_topk_window,289,9,20864618,6,0.2,0.2,7.585,8.415,10.125,10.495,1,0.99,150,0.3,0.83,0.37,30,0.990168366932587,1,1,1,0.0273861278752573,0.0273861278752573,0.0273861278752573,131461,22500,47732,1,1,0,0,0,0,0.689710052381823,0.999783920629668,0.000984085791013525,0.00193733280635945,0,0.0140557365742772,5,7353,40379,7353,15147,7.58,8.38,10.14,10.5,7.58,8.38,10.14,10.5,7.58,8.38,10.14,10.5,4,1.2955252819756
weak_secondary,representative_case,HARD,medium_low,,,,greedy_combined_B7,likelihood_uncertainty_adaptive_topk_window,290,10,20864619,6,0.2,0.2,7.585,8.415,10.495,10.125,-1,0.99,150,0.3,0.83,0.37,30,0.989841983777938,1,1,1,0.0339116499156275,0.0339116499156275,0.0339116499156275,131461,18320,37854,1,1,0,0,0,0,0.699465902993999,0.99972681701124,0.000835094672687942,0.00169995932539341,0,0.0668501249836001,5,7353,30501,7353,10967,7.58,8.46,10.5,10.14,7.58,8.46,10.5,10.14,7.58,8.46,10.5,10.14,5,3.42610761274159
low_snr_hard,representative_case,HARD,medium_low,,,,greedy_combined_B7,likelihood_uncertainty_adaptive_topk_window,291,1,20865610,6,0.2,0.2,7.585,8.415,10.125,10.495,1,1,150,0.3,0.83,0.37,20,1,1,1,1,0.0273861278752573,0.0273861278752573,0.0273861278752573,131461,22500,47732,1,1,0,0,0,0,0.689667042493241,0.999803048714049,0.000988215193137829,0.00181577689790649,0,0.0140557365742772,5,7353,40379,7353,15147,7.58,8.38,10.14,10.5,7.58,8.38,10.14,10.5,7.58,8.38,10.14,10.5,4,1.2955252819756
low_snr_hard,representative_case,HARD,medium_low,,,,greedy_combined_B7,likelihood_uncertainty_adaptive_topk_window,292,2,20865611,6,0.2,0.2,7.585,8.415,10.495,10.125,-1,1,150,0.3,0.83,0.37,20,1,1,1,1,0.0273861278752573,0.0273861278752573,0.0273861278752573,131461,18320,34240,1,1,0,0,0,0,0.700085585770671,0.999704690792655,0.000784723506685096,0.0017503940521422,0,0.0668501249836001,5,7353,26887,7353,10967,7.58,8.38,10.5,10.14,7.58,8.38,10.5,10.14,7.58,8.38,10.5,10.14,5,3.42610761274159
low_snr_hard,representative_case,HARD,medium_low,,,,greedy_combined_B7,likelihood_uncertainty_adaptive_topk_window,293,3,20865612,6,0.2,0.2,7.585,8.415,10.125,10.495,1,1,150,0.3,0.83,0.37,20,1,1,1,1,0.0273861278752573,0.0273861278752573,0.0273861278752573,131461,22500,47732,1,1,0,0,0,0,0.689795755450347,0.99980730175133,0.000978071265911433,0.00180408386208744,0,0.0140557365742772,5,7353,40379,7353,15147,7.58,8.38,10.14,10.5,7.58,8.38,10.14,10.5,7.58,8.38,10.14,10.5,4,1.2955252819756
low_snr_hard,representative_case,HARD,medium_low,,,,greedy_combined_B7,likelihood_uncertainty_adaptive_topk_window,294,4,20865613,6,0.2,0.2,7.585,8.415,10.495,10.125,-1,1,150,0.3,0.83,0.37,20,1,1,1,1,0.0339116499156275,0.0339116499156275,0.0339116499156275,131461,18320,40912,1,1,0,0,0,0,0.69951416914337,0.999722207594332,0.000831067441729529,0.00172079401829336,0,0.0668501249836001,5,7353,33559,7353,10967,7.58,8.46,10.5,10.14,7.58,8.46,10.5,10.14,7.58,8.46,10.5,10.14,5,3.42610761274159
low_snr_hard,representative_case,HARD,medium_low,,,,greedy_combined_B7,likelihood_uncertainty_adaptive_topk_window,295,5,20865614,6,0.2,0.2,7.585,8.415,10.125,10.495,1,1,150,0.3,0.83,0.37,20,1,1,1,1,0.0273861278752573,0.0273861278752573,0.0273861278752573,131461,22500,47732,1,1,0,0,0,0,0.689789125467204,0.999799775115159,0.00097833070566075,0.00183208448096076,0,0.0140557365742772,5,7353,40379,7353,15147,7.58,8.38,10.14,10.5,7.58,8.38,10.14,10.5,7.58,8.38,10.14,10.5,4,1.2955252819756
low_snr_hard,representative_case,HARD,medium_low,,,,greedy_combined_B7,likelihood_uncertainty_adaptive_topk_window,296,6,20865615,6,0.2,0.2,7.585,8.415,10.495,10.125,-1,1,150,0.3,0.83,0.37,20,1,1,1,1,0.0339116499156275,0.0339116499156275,0.0339116499156275,131461,18320,34240,1,1,0,0,0,0,0.699547924820989,0.99972123685049,0.000828332040741683,0.00172965672945708,0,0.0668501249836001,5,7353,26887,7353,10967,7.58,8.46,10.5,10.14,7.58,8.46,10.5,10.14,7.58,8.46,10.5,10.14,5,3.42610761274159
low_snr_hard,representative_case,HARD,medium_low,,,,greedy_combined_B7,likelihood_uncertainty_adaptive_topk_window,297,7,20865616,6,0.2,0.2,7.585,8.415,10.125,10.495,1,1,150,0.3,0.83,0.37,20,0.999999999999999,1,1,1,0.0273861278752573,0.0273861278752573,0.0273861278752573,131461,22500,47732,1,1,0,0,0,0,0.689886015623518,0.99980741654543,0.000970854584645389,0.00180116189010825,0,0.0140557365742772,5,7353,40379,7353,15147,7.58,8.38,10.14,10.5,7.58,8.38,10.14,10.5,7.58,8.38,10.14,10.5,4,1.2955252819756
low_snr_hard,representative_case,HARD,medium_low,,,,greedy_combined_B7,likelihood_uncertainty_adaptive_topk_window,298,8,20865617,6,0.2,0.2,7.585,8.415,10.495,10.125,-1,1,150,0.3,0.83,0.37,20,1,1,1,1,0.0339116499156275,0.0339116499156275,0.0339116499156275,131461,18320,40912,1,1,0,0,0,0,0.699959182173063,0.999729198462927,0.000795718070623521,0.00172348822139992,0,0.0668501249836001,5,7353,33559,7353,10967,7.58,8.46,10.5,10.14,7.58,8.46,10.5,10.14,7.58,8.46,10.5,10.14,5,3.42610761274159
low_snr_hard,representative_case,HARD,medium_low,,,,greedy_combined_B7,likelihood_uncertainty_adaptive_topk_window,299,9,20865618,6,0.2,0.2,7.585,8.415,10.125,10.495,1,1,150,0.3,0.83,0.37,20,1,1,1,1,0.0273861278752573,0.0273861278752573,0.0273861278752573,131461,22500,47732,1,1,0,0,0,0,0.68973583299895,0.999804399134766,0.000982760567826928,0.00181197505033593,0,0.0140557365742772,5,7353,40379,7353,15147,7.58,8.38,10.14,10.5,7.58,8.38,10.14,10.5,7.58,8.38,10.14,10.5,4,1.2955252819756
low_snr_hard,representative_case,HARD,medium_low,,,,greedy_combined_B7,likelihood_uncertainty_adaptive_topk_window,300,10,20865619,6,0.2,0.2,7.585,8.415,10.495,10.125,-1,1,150,0.3,0.83,0.37,20,1,1,1,1,0.0339116499156275,0.0339116499156275,0.0339116499156275,131461,18320,37854,1,1,0,0,0,0,0.6998329858586,0.99972251010343,0.000805572994838682,0.00171345141851197,0,0.0668501249836001,5,7353,30501,7353,10967,7.58,8.46,10.5,10.14,7.58,8.46,10.5,10.14,7.58,8.46,10.5,10.14,5,3.42610761274159
easy_noncoherent,representative_case,HARD,medium_low,,,,greedy_combined_B7,likelihood_uncertainty_adaptive_topk_window,301,1,20961610,7,-0.2,-0.2,7.365,8.635,9.975,10.645,1,0,0,1,1.27,0.67,30,0.161611986045188,1,1,1,0.0504975246918113,0.0504975246918114,0.0504975246918114,131461,16758,34094,1,1,0,0,0,0,0.655965638926204,0.996024860613448,0.00352354026299182,0.00729523248277639,0,0.0119913662503319,5,7353,26741,7353,9405,7.34,8.62,9.98,10.58,7.34,8.62,9.98,10.58,7.34,8.62,9.98,10.58,3,1.24718514670939
easy_noncoherent,representative_case,HARD,medium_low,,,,greedy_combined_B7,likelihood_uncertainty_adaptive_topk_window,302,2,20961611,7,-0.2,-0.2,7.365,8.635,10.645,9.975,-1,0,0,1,1.27,0.67,30,0.0636163448916766,1,1,1,0.0504975246918113,0.0504975246918114,0.0504975246918114,131461,16758,34094,1,1,0,0,0,0,0.680011965379084,0.997078121627527,0.00158248703316962,0.00500556492870424,0,0.00738599040878044,5,7353,26741,7353,9405,7.34,8.62,10.58,9.98,7.34,8.62,10.58,9.98,7.34,8.62,10.58,9.98,3,1.14574487494676
easy_noncoherent,representative_case,HARD,medium_low,,,,greedy_combined_B7,likelihood_uncertainty_adaptive_topk_window,303,3,20961612,7,-0.2,-0.2,7.365,8.635,9.975,10.645,1,0,0,1,1.27,0.67,30,0.106084286688247,1,1,1,0.0504975246918113,0.0504975246918114,0.0504975246918114,131461,16758,34094,1,1,0,0,0,0,0.657069539639539,0.996250611967267,0.00344335525466251,0.00711637804489983,0,0.0119913662503319,5,7353,26741,7353,9405,7.34,8.62,9.98,10.58,7.34,8.62,9.98,10.58,7.34,8.62,9.98,10.58,3,1.24718514670939
easy_noncoherent,representative_case,HARD,medium_low,,,,greedy_combined_B7,likelihood_uncertainty_adaptive_topk_window,304,4,20961613,7,-0.2,-0.2,7.365,8.635,10.645,9.975,-1,0,0,1,1.27,0.67,30,0.0620051940145605,1,1,1,0.0504975246918113,0.0504975246918114,0.0504975246918114,131461,16758,34094,1,1,0,0,0,0,0.682126430633311,0.996980406311312,0.00149543793501576,0.00519518736117147,0,0.0145214798727862,5,7353,26741,7353,9405,7.34,8.62,10.58,9.98,7.34,8.62,10.58,9.98,7.34,8.62,10.58,9.98,3,1.30668780809292
easy_noncoherent,representative_case,HARD,medium_low,,,,greedy_combined_B7,likelihood_uncertainty_adaptive_topk_window,305,5,20961614,7,-0.2,-0.2,7.365,8.635,9.975,10.645,1,0,0,1,1.27,0.67,30,0.147294473203956,1,1,1,0.0504975246918113,0.0504975246918114,0.0504975246918114,131461,16758,34094,1,1,0,0,0,0,0.656285747731035,0.996310584351533,0.00350821761317639,0.00737119983283965,0,0.0119913662503319,5,7353,26741,7353,9405,7.34,8.62,9.98,10.58,7.34,8.62,9.98,10.58,7.34,8.62,9.98,10.58,3,1.24718514670939
easy_noncoherent,representative_case,HARD,medium_low,,,,greedy_combined_B7,likelihood_uncertainty_adaptive_topk_window,306,6,20961615,7,-0.2,-0.2,7.365,8.635,10.645,9.975,-1,0,0,1,1.27,0.67,30,0.176135759620294,1,1,1,0.0504975246918113,0.0504975246918114,0.0504975246918114,131461,16758,34094,1,1,0,0,0,0,0.676409492890439,0.995790484337622,0.00190995576339273,0.00703536528696511,0,0.0145214798727862,5,7353,26741,7353,9405,7.34,8.62,10.58,9.98,7.34,8.62,10.58,9.98,7.34,8.62,10.58,9.98,3,1.30668780809292
easy_noncoherent,representative_case,HARD,medium_low,,,,greedy_combined_B7,likelihood_uncertainty_adaptive_topk_window,307,7,20961616,7,-0.2,-0.2,7.365,8.635,9.975,10.645,1,0,0,1,1.27,0.67,30,0.112421396076993,1,1,1,0.0504975246918113,0.0504975246918114,0.0504975246918114,131461,16758,34094,1,1,0,0,0,0,0.658080787224549,0.995265564823504,0.00332699375068618,0.0083096855893432,0,0.0119913662503319,5,7353,26741,7353,9405,7.34,8.62,9.98,10.58,7.34,8.62,9.98,10.58,7.34,8.62,9.98,10.58,3,1.24718514670939
easy_noncoherent,representative_case,HARD,medium_low,,,,greedy_combined_B7,likelihood_uncertainty_adaptive_topk_window,308,8,20961617,7,-0.2,-0.2,7.365,8.635,10.645,9.975,-1,0,0,1,1.27,0.67,30,0.135150355549074,1,1,1,0.0504975246918113,0.0504975246918114,0.0504975246918114,131461,16758,34094,1,1,0,0,0,0,0.683132812817125,0.996928811463068,0.00141306994577387,0.00521667564564143,0,0.0145214798727862,5,7353,26741,7353,9405,7.34,8.62,10.58,9.98,7.34,8.62,10.58,9.98,7.34,8.62,10.58,9.98,3,1.30668780809292
easy_noncoherent,representative_case,HARD,medium_low,,,,greedy_combined_B7,likelihood_uncertainty_adaptive_topk_window,309,9,20961618,7,-0.2,-0.2,7.365,8.635,9.975,10.645,1,0,0,1,1.27,0.67,30,0.150736294735285,1,1,1,0.0504975246918113,0.0504975246918114,0.0504975246918114,131461,16758,34094,1,1,0,0,0,0,0.655601994735617,0.996312269279822,0.00356297851022819,0.00736512384503942,0,0.0119913662503319,5,7353,26741,7353,9405,7.34,8.62,9.98,10.58,7.34,8.62,9.98,10.58,7.34,8.62,9.98,10.58,3,1.24718514670939
easy_noncoherent,representative_case,HARD,medium_low,,,,greedy_combined_B7,likelihood_uncertainty_adaptive_topk_window,310,10,20961619,7,-0.2,-0.2,7.365,8.635,10.645,9.975,-1,0,0,1,1.27,0.67,30,0.145298181425033,1,1,1,0.0504975246918113,0.0504975246918114,0.0504975246918114,131461,16758,34094,1,1,0,0,0,0,0.678825745030934,0.997156885895305,0.00168022017466165,0.00520537147821661,0,0.00738599040878044,5,7353,26741,7353,9405,7.34,8.62,10.58,9.98,7.34,8.62,10.58,9.98,7.34,8.62,10.58,9.98,3,1.14574487494676
strong_coherent,representative_case,HARD,medium_low,,,,greedy_combined_B7,likelihood_uncertainty_adaptive_topk_window,311,1,20962610,7,-0.2,-0.2,7.365,8.635,10.125,10.495,1,0.99,5,1,1.27,0.37,30,0.989823239505057,1,1,1,0.0367423461417489,0.0367423461417481,0.0367423461417481,131461,18412,34094,1,1,0,0,0,0,0.605957765854116,0.992271609632048,0.00739082946543915,0.00963681615115836,0,0.0121393989178929,5,7353,26741,7353,11059,7.34,8.62,10.1,10.46,7.34,8.62,10.1,10.46,7.34,8.62,10.1,10.46,3,1.25059069024175
strong_coherent,representative_case,HARD,medium_low,,,,greedy_combined_B7,likelihood_uncertainty_adaptive_topk_window,312,2,20962611,7,-0.2,-0.2,7.365,8.635,10.495,10.125,-1,0.99,5,1,1.27,0.37,30,0.989840825418775,1,1,1,0.0367423461417489,0.0367423461417481,0.0367423461417481,131461,18412,33610,1,1,0,0,0,0,0.639895008345821,0.993472875054666,0.00473490305385985,0.00873591157454792,0,0.0134566849631301,5,7353,26257,7353,11059,7.34,8.62,10.46,10.1,7.34,8.62,10.46,10.1,7.34,8.62,10.46,10.1,3,1.28130782882377
strong_coherent,representative_case,HARD,medium_low,,,,greedy_combined_B7,likelihood_uncertainty_adaptive_topk_window,313,3,20962612,7,-0.2,-0.2,7.365,8.635,10.125,10.495,1,0.99,5,1,1.27,0.37,30,0.99030329993938,1,1,1,0.0367423461417489,0.0367423461417481,0.0367423461417481,131461,18412,34094,1,1,0,0,0,0,0.60634534655171,0.992243418559892,0.00735880813103401,0.00961724917928409,0,0.0121393989178929,5,7353,26741,7353,11059,7.34,8.62,10.1,10.46,7.34,8.62,10.1,10.46,7.34,8.62,10.1,10.46,3,1.25059069024175
strong_coherent,representative_case,HARD,medium_low,,,,greedy_combined_B7,likelihood_uncertainty_adaptive_topk_window,314,4,20962613,7,-0.2,-0.2,7.365,8.635,10.495,10.125,-1,0.99,5,1,1.27,0.37,30,0.990096054515663,1,1,1,0.0367423461417489,0.0367423461417481,0.0367423461417481,131461,18412,33610,1,1,0,0,0,0,0.640669126271342,0.993434854772657,0.00467160488966583,0.00878050886873834,0,0.0134566849631301,5,7353,26257,7353,11059,7.34,8.62,10.46,10.1,7.34,8.62,10.46,10.1,7.34,8.62,10.46,10.1,3,1.28130782882377
strong_coherent,representative_case,HARD,medium_low,,,,greedy_combined_B7,likelihood_uncertainty_adaptive_topk_window,315,5,20962614,7,-0.2,-0.2,7.365,8.635,10.125,10.495,1,0.99,5,1,1.27,0.37,30,0.990406175960226,1,1,1,0.0367423461417489,0.0367423461417481,0.0367423461417481,131461,18412,34094,1,1,0,0,0,0,0.606400016141935,0.992258821244425,0.0073549890604592,0.00961280310594568,0,0.0121393989178929,5,7353,26741,7353,11059,7.34,8.62,10.1,10.46,7.34,8.62,10.1,10.46,7.34,8.62,10.1,10.46,3,1.25059069024175
strong_coherent,representative_case,HARD,medium_low,,,,greedy_combined_B7,likelihood_uncertainty_adaptive_topk_window,316,6,20962615,7,-0.2,-0.2,7.365,8.635,10.495,10.125,-1,0.99,5,1,1.27,0.37,30,0.990304835206081,1,1,1,0.0367423461417489,0.0367423461417481,0.0367423461417481,131461,18412,33610,1,1,0,0,0,0,0.639967166164485,0.99344334199702,0.00472806723829144,0.00875453729524631,0,0.0134566849631301,5,7353,26257,7353,11059,7.34,8.62,10.46,10.1,7.34,8.62,10.46,10.1,7.34,8.62,10.46,10.1,3,1.28130782882377
strong_coherent,representative_case,HARD,medium_low,,,,greedy_combined_B7,likelihood_uncertainty_adaptive_topk_window,317,7,20962616,7,-0.2,-0.2,7.365,8.635,10.125,10.495,1,0.99,5,1,1.27,0.37,30,0.989862077261474,1,1,1,0.0367423461417489,0.0367423461417481,0.0367423461417481,131461,18412,34094,1,1,0,0,0,0,0.605613718194609,0.992226919632452,0.00741674443821426,0.00969145342671461,0,0.0121393989178929,5,7353,26741,7353,11059,7.34,8.62,10.1,10.46,7.34,8.62,10.1,10.46,7.34,8.62,10.1,10.46,3,1.25059069024175
strong_coherent,representative_case,HARD,medium_low,,,,greedy_combined_B7,likelihood_uncertainty_adaptive_topk_window,318,8,20962617,7,-0.2,-0.2,7.365,8.635,10.495,10.125,-1,0.99,5,1,1.27,0.37,30,0.990455905469596,1,1,1,0.0367423461417489,0.0367423461417481,0.0367423461417481,131461,18412,33610,1,1,0,0,0,0,0.640394207884182,0.993428089876037,0.00469335482436032,0.00878784761215869,0,0.0134566849631301,5,7353,26257,7353,11059,7.34,8.62,10.46,10.1,7.34,8.62,10.46,10.1,7.34,8.62,10.46,10.1,3,1.28130782882377
strong_coherent,representative_case,HARD,medium_low,,,,greedy_combined_B7,likelihood_uncertainty_adaptive_topk_window,319,9,20962618,7,-0.2,-0.2,7.365,8.635,10.125,10.495,1,0.99,5,1,1.27,0.37,30,0.990044136371677,1,1,1,0.0367423461417489,0.0367423461417481,0.0367423461417481,131461,18412,34094,1,1,0,0,0,0,0.605612547711695,0.992269092237156,0.00741835629061669,0.00967683639106864,0,0.0121393989178929,5,7353,26741,7353,11059,7.34,8.62,10.1,10.46,7.34,8.62,10.1,10.46,7.34,8.62,10.1,10.46,3,1.25059069024175
strong_coherent,representative_case,HARD,medium_low,,,,greedy_combined_B7,likelihood_uncertainty_adaptive_topk_window,320,10,20962619,7,-0.2,-0.2,7.365,8.635,10.495,10.125,-1,0.99,5,1,1.27,0.37,30,0.990688924001209,1,1,1,0.0367423461417489,0.0367423461417481,0.0367423461417481,131461,18412,33610,1,1,0,0,0,0,0.641155770174769,0.993416346313382,0.00463200707285779,0.00883759608604233,0,0.0134566849631301,5,7353,26257,7353,11059,7.34,8.62,10.46,10.1,7.34,8.62,10.46,10.1,7.34,8.62,10.46,10.1,3,1.28130782882377
hard_phase,representative_case,HARD,medium_low,,,,greedy_combined_B7,likelihood_uncertainty_adaptive_topk_window,321,1,20963610,7,-0.2,-0.2,7.585,8.415,10.125,10.495,1,0.99,150,1,0.83,0.37,30,0.990147668508963,1,1,1,0.0393700393700593,0.0393700393700585,0.0393700393700585,131461,19703,35425,1,1,0,0,0,0,0.635249890259875,0.995263676562308,0.005525410745823,0.00822741352019769,0,0.0429924675308251,5,7353,28072,7353,12350,7.58,8.38,10.1,10.46,7.58,8.38,10.1,10.46,7.58,8.38,10.1,10.46,3,2.20769838652852
hard_phase,representative_case,HARD,medium_low,,,,greedy_combined_B7,likelihood_uncertainty_adaptive_topk_window,322,2,20963611,7,-0.2,-0.2,7.585,8.415,10.495,10.125,-1,0.99,150,1,0.83,0.37,30,0.990031338592144,1,1,1,0.0393700393700593,0.0393700393700585,0.0393700393700585,131461,18373,35425,1,1,0,0,0,0,0.62800967343651,0.993648147431542,0.00603071244291632,0.00927725186920276,0,0.0416794175251329,5,7353,28072,7353,11020,7.58,8.38,10.46,10.1,7.58,8.38,10.46,10.1,7.58,8.38,10.46,10.1,3,2.15494078199261
hard_phase,representative_case,HARD,medium_low,,,,greedy_combined_B7,likelihood_uncertainty_adaptive_topk_window,323,3,20963612,7,-0.2,-0.2,7.585,8.415,10.125,10.495,1,0.99,150,1,0.83,0.37,30,0.990243350354795,1,1,1,0.0393700393700593,0.0393700393700585,0.0393700393700585,131461,19703,35425,1,1,0,0,0,0,0.635360591602155,0.995244865692837,0.00551587744713962,0.00825132659385784,0,0.0429924675308251,5,7353,28072,7353,12350,7.58,8.38,10.1,10.46,7.58,8.38,10.1,10.46,7.58,8.38,10.1,10.46,3,2.20769838652852
hard_phase,representative_case,HARD,medium_low,,,,greedy_combined_B7,likelihood_uncertainty_adaptive_topk_window,324,4,20963613,7,-0.2,-0.2,7.585,8.415,10.495,10.125,-1,0.99,150,1,0.83,0.37,30,0.989960476572318,1,1,1,0.0393700393700593,0.0393700393700585,0.0393700393700585,131461,18373,35425,1,1,0,0,0,0,0.62836226293644,0.993751736540392,0.00600623449084053,0.00917164753981308,0,0.0416794175251329,5,7353,28072,7353,11020,7.58,8.38,10.46,10.1,7.58,8.38,10.46,10.1,7.58,8.38,10.46,10.1,3,2.15494078199261
hard_phase,representative_case,HARD,medium_low,,,,greedy_combined_B7,likelihood_uncertainty_adaptive_topk_window,325,5,20963614,7,-0.2,-0.2,7.585,8.415,10.125,10.495,1,0.99,150,1,0.83,0.37,30,0.989829923034846,1,1,1,0.0393700393700593,0.0393700393700585,0.0393700393700585,131461,19703,35425,1,1,0,0,0,0,0.635344715193134,0.995253483958533,0.00551745781742635,0.00824745217233657,0,0.0429924675308251,5,7353,28072,7353,12350,7.58,8.38,10.1,10.46,7.58,8.38,10.1,10.46,7.58,8.38,10.1,10.46,3,2.20769838652852
hard_phase,representative_case,HARD,medium_low,,,,greedy_combined_B7,likelihood_uncertainty_adaptive_topk_window,326,6,20963615,7,-0.2,-0.2,7.585,8.415,10.495,10.125,-1,0.99,150,1,0.83,0.37,30,0.989817607379677,1,1,1,0.0393700393700593,0.0393700393700585,0.0393700393700585,131461,18373,35425,1,1,0,0,0,0,0.62817464794517,0.993712086600772,0.0060198162923158,0.00922469117553308,0,0.0416794175251329,5,7353,28072,7353,11020,7.58,8.38,10.46,10.1,7.58,8.38,10.46,10.1,7.58,8.38,10.46,10.1,3,2.15494078199261
hard_phase,representative_case,HARD,medium_low,,,,greedy_combined_B7,likelihood_uncertainty_adaptive_topk_window,327,7,20963616,7,-0.2,-0.2,7.585,8.415,10.125,10.495,1,0.99,150,1,0.83,0.37,30,0.990002217946578,1,1,1,0.0393700393700593,0.0393700393700585,0.0393700393700585,131461,19703,35425,1,1,0,0,0,0,0.635226742507767,0.995247004454785,0.00552666237012078,0.00824906546327148,0,0.0429924675308251,5,7353,28072,7353,12350,7.58,8.38,10.1,10.46,7.58,8.38,10.1,10.46,7.58,8.38,10.1,10.46,3,2.20769838652852
hard_phase,representative_case,HARD,medium_low,,,,greedy_combined_B7,likelihood_uncertainty_adaptive_topk_window,328,8,20963617,7,-0.2,-0.2,7.585,8.415,10.495,10.125,-1,0.99,150,1,0.83,0.37,30,0.990014539430497,1,1,1,0.0393700393700593,0.0393700393700585,0.0393700393700585,131461,18373,35425,1,1,0,0,0,0,0.628185686333941,0.993807175153156,0.0060223564090999,0.00914931744708569,0,0.0416794175251329,5,7353,28072,7353,11020,7.58,8.38,10.46,10.1,7.58,8.38,10.46,10.1,7.58,8.38,10.46,10.1,3,2.15494078199261
hard_phase,representative_case,HARD,medium_low,,,,greedy_combined_B7,likelihood_uncertainty_adaptive_topk_window,329,9,20963618,7,-0.2,-0.2,7.585,8.415,10.125,10.495,1,0.99,150,1,0.83,0.37,30,0.98998481178712,1,1,1,0.0393700393700593,0.0393700393700585,0.0393700393700585,131461,19703,35425,1,1,0,0,0,0,0.635062772969958,0.995237184539482,0.00553942641619462,0.00826502471594939,0,0.0429924675308251,5,7353,28072,7353,12350,7.58,8.38,10.1,10.46,7.58,8.38,10.1,10.46,7.58,8.38,10.1,10.46,3,2.20769838652852
hard_phase,representative_case,HARD,medium_low,,,,greedy_combined_B7,likelihood_uncertainty_adaptive_topk_window,330,10,20963619,7,-0.2,-0.2,7.585,8.415,10.495,10.125,-1,0.99,150,1,0.83,0.37,30,0.989899224271053,1,1,1,0.0393700393700593,0.0393700393700585,0.0393700393700585,131461,18373,35425,1,1,0,0,0,0,0.628476821143977,0.993784117982939,0.00599823556616921,0.00917496523107381,0,0.0416794175251329,5,7353,28072,7353,11020,7.58,8.38,10.46,10.1,7.58,8.38,10.46,10.1,7.58,8.38,10.46,10.1,3,2.15494078199261
weak_secondary,representative_case,HARD,medium_low,,,,greedy_combined_B7,likelihood_uncertainty_adaptive_topk_window,331,1,20964610,7,-0.2,-0.2,7.585,8.415,10.125,10.495,1,0.99,150,0.3,0.83,0.37,30,0.989965178103931,1,1,1,0.044158804331641,0.0441588043316403,0.0441588043316403,131461,17082,32279,1,1,0,0,0,0,0.695283853707841,0.998720592391988,0.000847142639854174,0.00406665174021314,0,0.0429924675308251,5,7353,24926,7353,9729,7.58,8.46,10.1,10.46,7.58,8.46,10.1,10.46,7.58,8.46,10.1,10.46,3,2.20769838652852
weak_secondary,representative_case,HARD,medium_low,,,,greedy_combined_B7,likelihood_uncertainty_adaptive_topk_window,332,2,20964611,7,-0.2,-0.2,7.585,8.415,10.495,10.125,-1,0.99,150,0.3,0.83,0.37,30,0.990115810398714,1,1,1,0.0393700393700593,0.0393700393700585,0.0393700393700585,131461,18373,32279,1,1,0,0,0,0,0.685753081869213,0.99839394055507,0.00158208832074705,0.00468941332040025,0,0.0416794175251329,5,7353,24926,7353,11020,7.58,8.38,10.46,10.1,7.58,8.38,10.46,10.1,7.58,8.38,10.46,10.1,3,2.15494078199261
weak_secondary,representative_case,HARD,medium_low,,,,greedy_combined_B7,likelihood_uncertainty_adaptive_topk_window,333,3,20964612,7,-0.2,-0.2,7.585,8.415,10.125,10.495,1,0.99,150,0.3,0.83,0.37,30,0.990847469559156,1,1,1,0.044158804331641,0.0441588043316403,0.0441588043316403,131461,17082,32279,1,1,0,0,0,0,0.695371079286049,0.998726606709594,0.000840381109031374,0.00407034040550502,0,0.0429924675308251,5,7353,24926,7353,9729,7.58,8.46,10.1,10.46,7.58,8.46,10.1,10.46,7.58,8.46,10.1,10.46,3,2.20769838652852
weak_secondary,representative_case,HARD,medium_low,,,,greedy_combined_B7,likelihood_uncertainty_adaptive_topk_window,334,4,20964613,7,-0.2,-0.2,7.585,8.415,10.495,10.125,-1,0.99,150,0.3,0.83,0.37,30,0.989815147991221,1,1,1,0.0393700393700593,0.0393700393700585,0.0393700393700585,131461,18373,32279,1,1,0,0,0,0,0.685672430556945,0.998391184523604,0.00158844120859571,0.00469349485575726,0,0.0416794175251329,5,7353,24926,7353,11020,7.58,8.38,10.46,10.1,7.58,8.38,10.46,10.1,7.58,8.38,10.46,10.1,3,2.15494078199261
weak_secondary,representative_case,HARD,medium_low,,,,greedy_combined_B7,likelihood_uncertainty_adaptive_topk_window,335,5,20964614,7,-0.2,-0.2,7.585,8.415,10.125,10.495,1,0.99,150,0.3,0.83,0.37,30,0.990137427819363,1,1,1,0.044158804331641,0.0441588043316403,0.0441588043316403,131461,17082,32279,1,1,0,0,0,0,0.695316601381738,0.998723658993095,0.00084463322358229,0.00406620552895874,0,0.0429924675308251,5,7353,24926,7353,9729,7.58,8.46,10.1,10.46,7.58,8.46,10.1,10.46,7.58,8.46,10.1,10.46,3,2.20769838652852
weak_secondary,representative_case,HARD,medium_low,,,,greedy_combined_B7,likelihood_uncertainty_adaptive_topk_window,336,6,20964615,7,-0.2,-0.2,7.585,8.415,10.495,10.125,-1,0.99,150,0.3,0.83,0.37,30,0.990416484088433,1,1,1,0.0393700393700593,0.0393700393700585,0.0393700393700585,131461,18373,32279,1,1,0,0,0,0,0.685652284377257,0.998392387729787,0.00159009621839335,0.00469407220617101,0,0.0416794175251329,5,7353,24926,7353,11020,7.58,8.38,10.46,10.1,7.58,8.38,10.46,10.1,7.58,8.38,10.46,10.1,3,2.15494078199261
weak_secondary,representative_case,HARD,medium_low,,,,greedy_combined_B7,likelihood_uncertainty_adaptive_topk_window,337,7,20964616,7,-0.2,-0.2,7.585,8.415,10.125,10.495,1,0.99,150,0.3,0.83,0.37,30,0.990478415866476,1,1,1,0.044158804331641,0.0441588043316403,0.0441588043316403,131461,17082,32279,1,1,0,0,0,0,0.695378779488075,0.998721485943129,0.000839580745276522,0.00407338378913229,0,0.0429924675308251,5,7353,24926,7353,9729,7.58,8.46,10.1,10.46,7.58,8.46,10.1,10.46,7.58,8.46,10.1,10.46,3,2.20769838652852
weak_secondary,representative_case,HARD,medium_low,,,,greedy_combined_B7,likelihood_uncertainty_adaptive_topk_window,338,8,20964617,7,-0.2,-0.2,7.585,8.415,10.495,10.125,-1,0.99,150,0.3,0.83,0.37,30,0.990224697156173,1,1,1,0.0393700393700593,0.0393700393700585,0.0393700393700585,131461,18373,32279,1,1,0,0,0,0,0.685780875962438,0.998393648872376,0.00157985429271209,0.00468256138288532,0,0.0416794175251329,5,7353,24926,7353,11020,7.58,8.38,10.46,10.1,7.58,8.38,10.46,10.1,7.58,8.38,10.46,10.1,3,2.15494078199261
weak_secondary,representative_case,HARD,medium_low,,,,greedy_combined_B7,likelihood_uncertainty_adaptive_topk_window,339,9,20964618,7,-0.2,-0.2,7.585,8.415,10.125,10.495,1,0.99,150,0.3,0.83,0.37,30,0.990025824453732,1,1,1,0.044158804331641,0.0441588043316403,0.0441588043316403,131461,17082,32279,1,1,0,0,0,0,0.695229575072719,0.998724368500856,0.000851620870583156,0.00406618365854367,0,0.0429924675308251,5,7353,24926,7353,9729,7.58,8.46,10.1,10.46,7.58,8.46,10.1,10.46,7.58,8.46,10.1,10.46,3,2.20769838652852
weak_secondary,representative_case,HARD,medium_low,,,,greedy_combined_B7,likelihood_uncertainty_adaptive_topk_window,340,10,20964619,7,-0.2,-0.2,7.585,8.415,10.495,10.125,-1,0.99,150,0.3,0.83,0.37,30,0.990085202787975,1,1,1,0.0393700393700593,0.0393700393700585,0.0393700393700585,131461,18373,32279,1,1,0,0,0,0,0.685762919369827,0.998388328839911,0.00158109929895224,0.0046916735925846,0,0.0416794175251329,5,7353,24926,7353,11020,7.58,8.38,10.46,10.1,7.58,8.38,10.46,10.1,7.58,8.38,10.46,10.1,3,2.15494078199261
low_snr_hard,representative_case,HARD,medium_low,,,,greedy_combined_B7,likelihood_uncertainty_adaptive_topk_window,341,1,20965610,7,-0.2,-0.2,7.585,8.415,10.125,10.495,1,1,150,0.3,0.83,0.37,20,1,1,1,1,0.044158804331641,0.0441588043316403,0.0441588043316403,131461,17082,32279,1,1,0,0,0,0,0.695728592728954,0.998713316516167,0.000811301586635589,0.00409772773188383,0,0.0429924675308251,5,7353,24926,7353,9729,7.58,8.46,10.1,10.46,7.58,8.46,10.1,10.46,7.58,8.46,10.1,10.46,3,2.20769838652852
low_snr_hard,representative_case,HARD,medium_low,,,,greedy_combined_B7,likelihood_uncertainty_adaptive_topk_window,342,2,20965611,7,-0.2,-0.2,7.585,8.415,10.495,10.125,-1,1,150,0.3,0.83,0.37,20,1,1,1,1,0.0393700393700593,0.0393700393700585,0.0393700393700585,131461,18373,32279,1,1,0,0,0,0,0.685818835259617,0.99838421956588,0.00157647809390387,0.00475946599264469,0,0.0416794175251329,5,7353,24926,7353,11020,7.58,8.38,10.46,10.1,7.58,8.38,10.46,10.1,7.58,8.38,10.46,10.1,3,2.15494078199261
low_snr_hard,representative_case,HARD,medium_low,,,,greedy_combined_B7,likelihood_uncertainty_adaptive_topk_window,343,3,20965612,7,-0.2,-0.2,7.585,8.415,10.125,10.495,1,1,150,0.3,0.83,0.37,20,1,1,1,1,0.044158804331641,0.0441588043316403,0.0441588043316403,131461,17082,32279,1,1,0,0,0,0,0.695395630591537,0.998721773810565,0.000838243020227283,0.00407459760976755,0,0.0429924675308251,5,7353,24926,7353,9729,7.58,8.46,10.1,10.46,7.58,8.46,10.1,10.46,7.58,8.46,10.1,10.46,3,2.20769838652852
low_snr_hard,representative_case,HARD,medium_low,,,,greedy_combined_B7,likelihood_uncertainty_adaptive_topk_window,344,4,20965613,7,-0.2,-0.2,7.585,8.415,10.495,10.125,-1,1,150,0.3,0.83,0.37,20,1,1,1,1,0.0393700393700593,0.0393700393700585,0.0393700393700585,131461,18373,32279,1,1,0,0,0,0,0.685994738058281,0.998414999948182,0.00156351396377366,0.00471176796351302,0,0.0416794175251329,5,7353,24926,7353,11020,7.58,8.38,10.46,10.1,7.58,8.38,10.46,10.1,7.58,8.38,10.46,10.1,3,2.15494078199261
low_snr_hard,representative_case,HARD,medium_low,,,,greedy_combined_B7,likelihood_uncertainty_adaptive_topk_window,345,5,20965614,7,-0.2,-0.2,7.585,8.415,10.125,10.495,1,1,150,0.3,0.83,0.37,20,1,1,1,1,0.044158804331641,0.0441588043316403,0.0441588043316403,131461,17082,32279,1,1,0,0,0,0,0.695523871475667,0.998708955910863,0.000827522305107628,0.00408787840674652,0,0.0429924675308251,5,7353,24926,7353,9729,7.58,8.46,10.1,10.46,7.58,8.46,10.1,10.46,7.58,8.46,10.1,10.46,3,2.20769838652852
low_snr_hard,representative_case,HARD,medium_low,,,,greedy_combined_B7,likelihood_uncertainty_adaptive_topk_window,346,6,20965615,7,-0.2,-0.2,7.585,8.415,10.495,10.125,-1,1,150,0.3,0.83,0.37,20,1,1,1,1,0.0393700393700593,0.0393700393700585,0.0393700393700585,131461,18373,32279,1,1,0,0,0,0,0.685836002100964,0.998391835711572,0.00157537892784102,0.00468502504720196,0,0.0416794175251329,5,7353,24926,7353,11020,7.58,8.38,10.46,10.1,7.58,8.38,10.46,10.1,7.58,8.38,10.46,10.1,3,2.15494078199261
low_snr_hard,representative_case,HARD,medium_low,,,,greedy_combined_B7,likelihood_uncertainty_adaptive_topk_window,347,7,20965616,7,-0.2,-0.2,7.585,8.415,10.125,10.495,1,1,150,0.3,0.83,0.37,20,1,1,1,1,0.044158804331641,0.0441588043316403,0.0441588043316403,131461,17082,32279,1,1,0,0,0,0,0.695255384359333,0.998721598985523,0.000849456425102086,0.0040465955395393,0,0.0429924675308251,5,7353,24926,7353,9729,7.58,8.46,10.1,10.46,7.58,8.46,10.1,10.46,7.58,8.46,10.1,10.46,3,2.20769838652852
low_snr_hard,representative_case,HARD,medium_low,,,,greedy_combined_B7,likelihood_uncertainty_adaptive_topk_window,348,8,20965617,7,-0.2,-0.2,7.585,8.415,10.495,10.125,-1,1,150,0.3,0.83,0.37,20,1,1,1,1,0.0393700393700593,0.0393700393700585,0.0393700393700585,131461,18373,32279,1,1,0,0,0,0,0.68555523270372,0.998409290314049,0.0015984688453097,0.00465477362335499,0,0.0416794175251329,5,7353,24926,7353,11020,7.58,8.38,10.46,10.1,7.58,8.38,10.46,10.1,7.58,8.38,10.46,10.1,3,2.15494078199261
low_snr_hard,representative_case,HARD,medium_low,,,,greedy_combined_B7,likelihood_uncertainty_adaptive_topk_window,349,9,20965618,7,-0.2,-0.2,7.585,8.415,10.125,10.495,1,1,150,0.3,0.83,0.37,20,1,1,1,1,0.044158804331641,0.0441588043316403,0.0441588043316403,131461,17082,32279,1,1,0,0,0,0,0.69545603473322,0.998715502194327,0.00083318491070809,0.00406445222978436,0,0.0429924675308251,5,7353,24926,7353,9729,7.58,8.46,10.1,10.46,7.58,8.46,10.1,10.46,7.58,8.46,10.1,10.46,3,2.20769838652852
low_snr_hard,representative_case,HARD,medium_low,,,,greedy_combined_B7,likelihood_uncertainty_adaptive_topk_window,350,10,20965619,7,-0.2,-0.2,7.585,8.415,10.495,10.125,-1,1,150,0.3,0.83,0.37,20,1,1,1,1,0.0393700393700593,0.0393700393700585,0.0393700393700585,131461,18373,32279,1,1,0,0,0,0,0.685746326826529,0.998377109298088,0.00158202279891041,0.00474611525271664,0,0.0416794175251329,5,7353,24926,7353,11020,7.58,8.38,10.46,10.1,7.58,8.38,10.46,10.1,7.58,8.38,10.46,10.1,3,2.15494078199261
