trial_index,obs_id,obs_global_index,chunk_id,total_chunks,run_tag,scenario_name,center_az,trial_id,quant_mode,score_gap_top1_top2_baseline,score_gap_top1_top2_quant,score_gap_same_baseline_pair_quant,score_gap_norm_baseline,score_gap_norm_quant,score_gap_abs_error,score_gap_rel_error,score_gap_sign_flip_flag,score_margin_bin
1,cp00p00_easy_noncoherent_t0001,1,1,120,formal_tps30,easy_noncoherent,0,1,double_baseline,473.309382773092,473.309382773092,473.309382773092,0.00110155011042046,0.00110155011042046,0,0,0,reliable
1,cp00p00_easy_noncoherent_t0001,1,1,120,formal_tps30,easy_noncoherent,0,1,float32_all,473.309382773092,473.359375,473.359375,0.00110155011042046,0.00110166612865213,0.0499922269082163,0.000105622725278157,0,reliable
1,cp00p00_easy_noncoherent_t0001,1,1,120,formal_tps30,easy_noncoherent,0,1,combined_int16,473.309382773092,472.595335005666,472.595335005666,0.00110155011042046,0.00109987473648831,0.714047767425654,0.00150862795755725,0,reliable
1,cp00p00_easy_noncoherent_t0001,1,1,120,formal_tps30,easy_noncoherent,0,1,combined_int18,473.309382773092,472.578869952296,472.578869952296,0.00110155011042046,0.00109984953447338,0.730512820795411,0.00154341504179651,0,reliable
1,cp00p00_easy_noncoherent_t0001,1,1,120,formal_tps30,easy_noncoherent,0,1,combined_int24,473.309382773092,473.319471057592,473.319471057592,0.00110155011042046,0.00110157360753509,0.0100882844999433,2.13143556141579e-05,0,reliable
1,cp00p00_easy_noncoherent_t0001,1,1,120,formal_tps30,easy_noncoherent,0,1,mixed_Z16_G24_Rz24,473.309382773092,473.345290516794,473.345290516794,0.00110155011042046,0.00110163334358072,0.0359077437024098,7.58652691227637e-05,0,reliable
1,cp00p00_easy_noncoherent_t0001,1,1,120,formal_tps30,easy_noncoherent,0,1,combined_int14,473.309382773092,472.622972889192,472.622972889192,0.00110155011042046,0.00109997555609876,0.686409883899614,0.00145023510811888,0,reliable
1,cp00p00_easy_noncoherent_t0001,1,1,120,formal_tps30,easy_noncoherent,0,1,W_int18_G24_Z16,473.309382773092,473.345424017753,473.345424017753,0.00110155011042046,0.00110163334358071,0.036041244660737,7.6147327673019e-05,0,reliable
121,cp00p00_low_snr_hard_t0001,121,1,120,formal_tps30,low_snr_hard,0,1,double_baseline,117.66279466344,117.66279466344,117.66279466344,0.000592315454363063,0.000592315454363063,0,0,0,weak_margin
121,cp00p00_low_snr_hard_t0001,121,1,120,formal_tps30,low_snr_hard,0,1,float32_all,117.66279466344,117.65625,117.65625,0.000592315454363063,0.000592282581559199,0.00654466343985405,5.56221995115301e-05,0,weak_margin
121,cp00p00_low_snr_hard_t0001,121,1,120,formal_tps30,low_snr_hard,0,1,combined_int16,117.66279466344,118.287871806446,118.287871806446,0.000592315454363063,0.000595465302694889,0.62507714300591,0.00531244515136554,0,weak_margin
121,cp00p00_low_snr_hard_t0001,121,1,120,formal_tps30,low_snr_hard,0,1,combined_int18,117.66279466344,117.527081395412,117.527081395412,0.000592315454363063,0.000591632409241669,0.135713268027757,0.00115340850449752,0,weak_margin
121,cp00p00_low_snr_hard_t0001,121,1,120,formal_tps30,low_snr_hard,0,1,combined_int24,117.66279466344,117.668476786712,117.668476786712,0.000592315454363063,0.000592344066259536,0.00568212327198125,4.82915885878308e-05,0,weak_margin
121,cp00p00_low_snr_hard_t0001,121,1,120,formal_tps30,low_snr_hard,0,1,mixed_Z16_G24_Rz24,117.66279466344,117.680217027155,117.680217027155,0.000592315454363063,0.000592403741548775,0.0174223637150135,0.000148070286489863,0,weak_margin
121,cp00p00_low_snr_hard_t0001,121,1,120,formal_tps30,low_snr_hard,0,1,combined_int14,117.66279466344,121.337201113653,121.337201113653,0.000592315454363063,0.000610798924993923,3.6744064502127,0.0312282778997634,0,weak_margin
121,cp00p00_low_snr_hard_t0001,121,1,120,formal_tps30,low_snr_hard,0,1,W_int18_G24_Z16,117.66279466344,117.680245190917,117.680245190917,0.000592315454363063,0.000592403741548789,0.0174505274771946,0.000148309646452897,0,weak_margin
241,cp00p00_cache_boundary_center_t0001,241,1,120,formal_tps30,cache_boundary_center,0,1,double_baseline,571.482564580219,571.482564580219,571.482564580219,0.00178525214859196,0.00178525214859196,0,0,0,reliable
241,cp00p00_cache_boundary_center_t0001,241,1,120,formal_tps30,cache_boundary_center,0,1,float32_all,571.482564580219,571.5,571.5,0.00178525214859196,0.00178530688915839,0.0174354197806679,3.05091018716818e-05,0,reliable
241,cp00p00_cache_boundary_center_t0001,241,1,120,formal_tps30,cache_boundary_center,0,1,combined_int16,571.482564580219,572.531554395595,572.531554395595,0.00178525214859196,0.00178852591833919,1.04898981537553,0.00183555873860485,0,reliable
241,cp00p00_cache_boundary_center_t0001,241,1,120,formal_tps30,cache_boundary_center,0,1,combined_int18,571.482564580219,571.29330168126,571.29330168126,0.00178525214859196,0.00178465653960064,0.189262898958987,0.000331178780752496,0,reliable
241,cp00p00_cache_boundary_center_t0001,241,1,120,formal_tps30,cache_boundary_center,0,1,combined_int24,571.482564580219,571.479103787191,571.479103787191,0.00178525214859196,0.00178524128881304,0.00346079302835278,6.05581559762002e-06,0,reliable
241,cp00p00_cache_boundary_center_t0001,241,1,120,formal_tps30,cache_boundary_center,0,1,mixed_Z16_G24_Rz24,571.482564580219,571.477789791563,571.477789791563,0.00178525214859196,0.00178524128881304,0.00477478865650482,8.35509069294551e-06,0,reliable
241,cp00p00_cache_boundary_center_t0001,241,1,120,formal_tps30,cache_boundary_center,0,1,combined_int14,571.482564580219,567.686419232108,567.686419232108,0.00178525214859196,0.00177337491591756,3.79614534811117,0.00664262671057972,0,reliable
241,cp00p00_cache_boundary_center_t0001,241,1,120,formal_tps30,cache_boundary_center,0,1,W_int18_G24_Z16,571.482564580219,571.496723933116,571.496723933116,0.00178525214859196,0.00178530110647584,0.0141593528969679,2.47765264848782e-05,0,reliable
361,cp04p00_hard_phase_t0001,361,1,120,formal_tps30,hard_phase,3.75,1,double_baseline,426.64188799198,426.64188799198,426.64188799198,0.00149874712001743,0.00149874712001743,0,0,0,reliable
361,cp04p00_hard_phase_t0001,361,1,120,formal_tps30,hard_phase,3.75,1,float32_all,426.64188799198,426.640625,426.640625,0.00149874712001743,0.00149874328961775,0.00126299198018387,2.96030937357846e-06,0,reliable
361,cp04p00_hard_phase_t0001,361,1,120,formal_tps30,hard_phase,3.75,1,combined_int16,426.64188799198,426.32469001037,426.32469001037,0.00149874712001743,0.00149764655541293,0.317197981610661,0.000743475946779571,0,reliable
361,cp04p00_hard_phase_t0001,361,1,120,formal_tps30,hard_phase,3.75,1,combined_int18,426.64188799198,426.317238720687,426.317238720687,0.00149874712001743,0.00149761222540597,0.32464927129331,0.000760940921252001,0,reliable
361,cp04p00_hard_phase_t0001,361,1,120,formal_tps30,hard_phase,3.75,1,combined_int24,426.64188799198,426.638972986926,426.638972986926,0.00149874712001743,0.0014987368454607,0.00291500505409203,6.83243988960322e-06,0,reliable
361,cp04p00_hard_phase_t0001,361,1,120,formal_tps30,hard_phase,3.75,1,mixed_Z16_G24_Rz24,426.64188799198,426.655086927873,426.655086927873,0.00149874712001743,0.00149879662891335,0.0131989358924329,3.09368026532853e-05,0,reliable
361,cp04p00_hard_phase_t0001,361,1,120,formal_tps30,hard_phase,3.75,1,combined_int14,426.64188799198,435.063159201847,435.063159201847,0.00149874712001743,0.00152839762792694,8.42127120986697,0.0197385007119256,0,reliable
361,cp04p00_hard_phase_t0001,361,1,120,formal_tps30,hard_phase,3.75,1,W_int18_G24_Z16,426.64188799198,426.655097183713,426.655097183713,0.00149874712001743,0.00149879662891338,0.0132091917330399,3.09608411757455e-05,0,reliable
481,cp04p00_medium_beta_coherent_t0001,481,1,120,formal_tps30,medium_beta_coherent,3.75,1,double_baseline,468.357609296101,468.357609296101,468.357609296101,0.0014276850133389,0.0014276850133389,0,0,0,reliable
481,cp04p00_medium_beta_coherent_t0001,481,1,120,formal_tps30,medium_beta_coherent,3.75,1,float32_all,468.357609296101,468.34375,468.34375,0.0014276850133389,0.00142764279190423,0.0138592961011454,2.9591269205543e-05,0,reliable
481,cp04p00_medium_beta_coherent_t0001,481,1,120,formal_tps30,medium_beta_coherent,3.75,1,combined_int16,468.357609296101,466.205009055207,466.205009055207,0.0014276850133389,0.00142112742775937,2.15260024089366,0.00459606121085301,0,reliable
481,cp04p00_medium_beta_coherent_t0001,481,1,120,formal_tps30,medium_beta_coherent,3.75,1,combined_int18,468.357609296101,468.704627650353,468.704627650353,0.0014276850133389,0.00142874606521797,0.347018354252214,0.000740926051727334,0,reliable
481,cp04p00_medium_beta_coherent_t0001,481,1,120,formal_tps30,medium_beta_coherent,3.75,1,combined_int24,468.357609296101,468.368778896751,468.368778896751,0.0014276850133389,0.00142771914420409,0.0111696006497368,2.38484449233647e-05,0,reliable
481,cp04p00_medium_beta_coherent_t0001,481,1,120,formal_tps30,medium_beta_coherent,3.75,1,mixed_Z16_G24_Rz24,468.357609296101,468.30903641379,468.30903641379,0.0014276850133389,0.00142753981932389,0.0485728823114187,0.000103708963722014,0,reliable
481,cp04p00_medium_beta_coherent_t0001,481,1,120,formal_tps30,medium_beta_coherent,3.75,1,combined_int14,468.357609296101,461.214102372149,461.214102372149,0.0014276850133389,0.00140595390916318,7.14350692395237,0.0152522490980523,0,reliable
481,cp04p00_medium_beta_coherent_t0001,481,1,120,formal_tps30,medium_beta_coherent,3.75,1,W_int18_G24_Z16,468.357609296101,468.309058932326,468.309058932326,0.0014276850133389,0.00142753981932396,0.0485503637755755,0.000103660883931281,0,reliable
601,cp08p00_easy_noncoherent_t0001,601,1,120,formal_tps30,easy_noncoherent,7.5,1,double_baseline,350.851722599939,350.851722599939,350.851722599939,0.000823415792940751,0.000823415792940751,0,0,0,weak_margin
601,cp08p00_easy_noncoherent_t0001,601,1,120,formal_tps30,easy_noncoherent,7.5,1,float32_all,350.851722599939,350.8125,350.8125,0.000823415792940751,0.000823323660661572,0.0392225999385118,0.000111792524910119,0,weak_margin
601,cp08p00_easy_noncoherent_t0001,601,1,120,formal_tps30,easy_noncoherent,7.5,1,combined_int16,350.851722599939,351.39049981744,351.39049981744,0.000823415792940751,0.000824679291386646,0.538777217501774,0.00153562654191702,0,weak_margin
601,cp08p00_easy_noncoherent_t0001,601,1,120,formal_tps30,easy_noncoherent,7.5,1,combined_int18,350.851722599939,351.381236358022,351.381236358022,0.000823415792940751,0.000824660400265718,0.52951375808334,0.0015092237659814,0,weak_margin
601,cp08p00_easy_noncoherent_t0001,601,1,120,formal_tps30,easy_noncoherent,7.5,1,combined_int24,350.851722599939,350.845195010334,350.845195010334,0.000823415792940751,0.000823400440399634,0.00652758960495703,1.86049809206728e-05,0,weak_margin
601,cp08p00_easy_noncoherent_t0001,601,1,120,formal_tps30,easy_noncoherent,7.5,1,mixed_Z16_G24_Rz24,350.851722599939,350.845592663129,350.845592663129,0.000823415792940751,0.000823400440399668,0.00612993680988438,1.74715881810679e-05,0,weak_margin
601,cp08p00_easy_noncoherent_t0001,601,1,120,formal_tps30,easy_noncoherent,7.5,1,combined_int14,350.851722599939,338.410053003317,338.410053003317,0.000823415792940751,0.000794184128535652,12.4416695966211,0.0354613325094253,0,weak_margin
601,cp08p00_easy_noncoherent_t0001,601,1,120,formal_tps30,easy_noncoherent,7.5,1,W_int18_G24_Z16,350.851722599939,350.845505703765,350.845505703765,0.000823415792940751,0.00082340044039962,0.00621689617400989,1.77194403605615e-05,0,weak_margin
721,cp08p00_low_snr_hard_t0001,721,1,120,formal_tps30,low_snr_hard,7.5,1,double_baseline,119.910877935923,119.910877935923,119.910877935923,0.000603326747937223,0.000603326747937223,0,0,0,weak_margin
721,cp08p00_low_snr_hard_t0001,721,1,120,formal_tps30,low_snr_hard,7.5,1,float32_all,119.910877935923,119.890625,119.890625,0.000603326747937223,0.00060322502510424,0.0202529359230539,0.000168899905260276,0,weak_margin
721,cp08p00_low_snr_hard_t0001,721,1,120,formal_tps30,low_snr_hard,7.5,1,combined_int16,119.910877935923,121.385357130319,121.385357130319,0.000603326747937223,0.00061074296882162,1.47447919439583,0.0122964590016908,0,weak_margin
721,cp08p00_low_snr_hard_t0001,721,1,120,formal_tps30,low_snr_hard,7.5,1,combined_int18,119.910877935923,119.864306378964,119.864306378964,0.000603326747937223,0.000603090265054322,0.046571556958952,0.000388384755083175,0,weak_margin
721,cp08p00_low_snr_hard_t0001,721,1,120,formal_tps30,low_snr_hard,7.5,1,combined_int24,119.910877935923,119.910421005057,119.910421005057,0.000603326747937223,0.000603324439327538,0.000456930865766481,3.81058727641583e-06,0,weak_margin
721,cp08p00_low_snr_hard_t0001,721,1,120,formal_tps30,low_snr_hard,7.5,1,mixed_Z16_G24_Rz24,119.910877935923,119.898589451361,119.898589451361,0.000603326747937223,0.000603264762735635,0.0122884845623048,0.000102480148372122,0,weak_margin
721,cp08p00_low_snr_hard_t0001,721,1,120,formal_tps30,low_snr_hard,7.5,1,combined_int14,119.910877935923,121.391321435513,121.391321435513,0.000603326747937223,0.000610798924993897,1.48044349958946,0.0123461984856834,0,weak_margin
721,cp08p00_low_snr_hard_t0001,721,1,120,formal_tps30,low_snr_hard,7.5,1,W_int18_G24_Z16,119.910877935923,119.886715318775,119.886715318775,0.000603326747937223,0.000603205086150887,0.0241626171482494,0.000201504797264192,0,weak_margin
841,cp08p00_cache_boundary_center_t0001,841,1,120,formal_tps30,cache_boundary_center,7.5,1,double_baseline,570.089249269309,570.089249269309,570.089249269309,0.00177973407729132,0.00177973407729132,0,0,0,reliable
841,cp08p00_cache_boundary_center_t0001,841,1,120,formal_tps30,cache_boundary_center,7.5,1,float32_all,570.089249269309,570.109375,570.109375,0.00177973407729132,0.00177979748639153,0.0201257306907792,3.53027718319098e-05,0,reliable
841,cp08p00_cache_boundary_center_t0001,841,1,120,formal_tps30,cache_boundary_center,7.5,1,combined_int16,570.089249269309,572.90294928776,572.90294928776,0.00177973407729132,0.00178852591833932,2.81370001845062,0.00493554302603842,0,reliable
841,cp08p00_cache_boundary_center_t0001,841,1,120,formal_tps30,cache_boundary_center,7.5,1,combined_int18,570.089249269309,570.441003106534,570.441003106534,0.00177973407729132,0.00178082819975846,0.35175383722526,0.000617015384303612,0,reliable
841,cp08p00_cache_boundary_center_t0001,841,1,120,formal_tps30,cache_boundary_center,7.5,1,combined_int24,570.089249269309,570.090517572127,570.090517572127,0.00177973407729132,0.00177973809439644,0.00126830281806178,2.22474431799474e-06,0,reliable
841,cp08p00_cache_boundary_center_t0001,841,1,120,formal_tps30,cache_boundary_center,7.5,1,mixed_Z16_G24_Rz24,570.089249269309,570.072413849528,570.072413849528,0.00177973407729132,0.00177967827739803,0.0168354197812732,2.95312002512789e-05,0,reliable
841,cp08p00_cache_boundary_center_t0001,841,1,120,formal_tps30,cache_boundary_center,7.5,1,combined_int14,570.089249269309,568.053389926004,568.053389926004,0.00177973407729132,0.00177337491591754,2.03585934330476,0.00357112390018607,0,reliable
841,cp08p00_cache_boundary_center_t0001,841,1,120,formal_tps30,cache_boundary_center,7.5,1,W_int18_G24_Z16,570.089249269309,570.072767814388,570.072767814388,0.00177973407729132,0.00177967827739808,0.0164814549207222,2.89103064859523e-05,0,reliable
961,cp15p00_hard_phase_t0001,961,1,120,formal_tps30,hard_phase,15,1,double_baseline,425.548002115742,425.548002115742,425.548002115742,0.00149524370835184,0.00149524370835184,0,0,0,reliable
961,cp15p00_hard_phase_t0001,961,1,120,formal_tps30,hard_phase,15,1,float32_all,425.548002115742,425.5,425.5,0.00149524370835184,0.00149507556192705,0.0480021157418378,0.000112800707565728,0,reliable
961,cp15p00_hard_phase_t0001,961,1,120,formal_tps30,hard_phase,15,1,combined_int16,425.548002115742,426.23008009253,426.23008009253,0.00149524370835184,0.00149764655541286,0.682077976787696,0.00160282265078566,0,reliable
961,cp15p00_hard_phase_t0001,961,1,120,formal_tps30,hard_phase,15,1,combined_int18,425.548002115742,425.133088766452,425.133088766452,0.00149524370835184,0.00149378607913637,0.414913349290146,0.0009750095106246,0,reliable
961,cp15p00_hard_phase_t0001,961,1,120,formal_tps30,hard_phase,15,1,combined_int24,425.548002115742,425.538328863622,425.538328863622,0.00149524370835184,0.00149520963438407,0.00967325211968273,2.27312831257325e-05,0,reliable
961,cp15p00_hard_phase_t0001,961,1,120,formal_tps30,hard_phase,15,1,mixed_Z16_G24_Rz24,425.548002115742,425.538268001605,425.538268001605,0.00149524370835184,0.00149520963438402,0.00973411413724534,2.28743034601249e-05,0,reliable
961,cp15p00_hard_phase_t0001,961,1,120,formal_tps30,hard_phase,15,1,combined_int14,425.548002115742,434.959777528245,434.959777528245,0.00149524370835184,0.00152839762792689,9.41177541250363,0.0221168360930145,0,reliable
961,cp15p00_hard_phase_t0001,961,1,120,formal_tps30,hard_phase,15,1,W_int18_G24_Z16,425.548002115742,425.555475262168,425.555475262168,0.00149524370835184,0.00149526941741561,0.00747314642649144,1.7561230200439e-05,0,reliable
1081,cp15p00_medium_beta_coherent_t0001,1081,1,120,formal_tps30,medium_beta_coherent,15,1,double_baseline,466.749992598197,466.749992598197,466.749992598197,0.00145559649577816,0.00145559649577816,0,0,0,reliable
1081,cp15p00_medium_beta_coherent_t0001,1081,1,120,formal_tps30,medium_beta_coherent,15,1,float32_all,466.749992598197,466.75,466.75,0.00145559649577816,0.00145559641542815,7.40180257707834e-06,1.58581739570593e-08,0,reliable
1081,cp15p00_medium_beta_coherent_t0001,1081,1,120,formal_tps30,medium_beta_coherent,15,1,combined_int16,466.749992598197,465.511157121509,465.511157121509,0.00145559649577816,0.00145173367563684,1.23883547668811,0.00265417353258442,0,reliable
1081,cp15p00_medium_beta_coherent_t0001,1081,1,120,formal_tps30,medium_beta_coherent,15,1,combined_int18,466.749992598197,466.726300548005,466.726300548005,0.00145559649577816,0.00145552622430386,0.0236920501920395,5.0759615570974e-05,0,reliable
1081,cp15p00_medium_beta_coherent_t0001,1081,1,120,formal_tps30,medium_beta_coherent,15,1,combined_int24,466.749992598197,466.743137185083,466.743137185083,0.00145559649577816,0.00145557505541305,0.00685541311395355,1.46875484149285e-05,0,reliable
1081,cp15p00_medium_beta_coherent_t0001,1081,1,120,formal_tps30,medium_beta_coherent,15,1,mixed_Z16_G24_Rz24,466.749992598197,466.742766540759,466.742766540759,0.00145559649577816,0.00145557505541305,0.00722605743794702,1.5481644461787e-05,0,reliable
1081,cp15p00_medium_beta_coherent_t0001,1081,1,120,formal_tps30,medium_beta_coherent,15,1,combined_int14,466.749992598197,470.460730357765,470.460730357765,0.00145559649577816,0.00146717202591998,3.71073775956756,0.0079501613677838,0,reliable
1081,cp15p00_medium_beta_coherent_t0001,1081,1,120,formal_tps30,medium_beta_coherent,15,1,W_int18_G24_Z16,466.749992598197,466.742746145086,466.742746145086,0.00145559649577816,0.00145557505541305,0.00724645311129279,1.55253416737189e-05,0,reliable
2,cp00p00_easy_noncoherent_t0002,2,2,120,formal_tps30,easy_noncoherent,0,2,double_baseline,543.12405994843,543.12405994843,543.12405994843,0.00143267567472112,0.00143267567472112,0,0,0,reliable
2,cp00p00_easy_noncoherent_t0002,2,2,120,formal_tps30,easy_noncoherent,0,2,float32_all,543.12405994843,543.109375,543.109375,0.00143267567472112,0.00143263706240612,0.014684948429931,2.70379265306812e-05,0,reliable
2,cp00p00_easy_noncoherent_t0002,2,2,120,formal_tps30,easy_noncoherent,0,2,combined_int16,543.12405994843,544.546667833289,544.546667833289,0.00143267567472112,0.00143643031784839,1.42260788485873,0.00261930558737135,0,reliable
2,cp00p00_easy_noncoherent_t0002,2,2,120,formal_tps30,easy_noncoherent,0,2,combined_int18,543.12405994843,543.083878355275,543.083878355275,0.00143267567472112,0.0014325717145401,0.040181593154557,7.39823478974073e-05,0,reliable
2,cp00p00_easy_noncoherent_t0002,2,2,120,formal_tps30,easy_noncoherent,0,2,combined_int24,543.12405994843,543.125880332256,543.125880332256,0.00143267567472112,0.00143268049135894,0.0018203838262707,3.35169063665408e-06,0,reliable
2,cp00p00_easy_noncoherent_t0002,2,2,120,formal_tps30,easy_noncoherent,0,2,mixed_Z16_G24_Rz24,543.12405994843,543.12620295235,543.12620295235,0.00143267567472112,0.00143268049135892,0.00214300391962752,3.94569874115133e-06,0,reliable
2,cp00p00_easy_noncoherent_t0002,2,2,120,formal_tps30,easy_noncoherent,0,2,combined_int14,543.12405994843,533.000652413117,533.000652413117,0.00143267567472112,0.00140595390916313,10.1234075353132,0.0186392175965734,0,reliable
2,cp00p00_easy_noncoherent_t0002,2,2,120,formal_tps30,easy_noncoherent,0,2,W_int18_G24_Z16,543.12405994843,543.148971034505,543.148971034505,0.00143267567472112,0.00143274026692549,0.0249110860750079,4.58662908017245e-05,0,reliable
122,cp00p00_low_snr_hard_t0002,122,2,120,formal_tps30,low_snr_hard,0,2,double_baseline,28.4650421359547,28.4650421359547,28.4650421359547,0.000135861642909149,0.000135861642909149,0,0,0,weak_margin
122,cp00p00_low_snr_hard_t0002,122,2,120,formal_tps30,low_snr_hard,0,2,float32_all,28.4650421359547,28.46875,28.46875,0.000135861642909149,0.000135879343319446,0.00370786404528189,0.000130260268984405,0,weak_margin
122,cp00p00_low_snr_hard_t0002,122,2,120,formal_tps30,low_snr_hard,0,2,combined_int16,28.4650421359547,28.777096960519,28.777096960519,0.000135861642909149,0.000137352155665713,0.312054824564257,0.0109627388947405,0,weak_margin
122,cp00p00_low_snr_hard_t0002,122,2,120,formal_tps30,low_snr_hard,0,2,combined_int18,28.4650421359547,28.7765922117542,28.7765922117542,0.000135861642909149,0.000137349011468638,0.31155007579946,0.0109450066615547,0,weak_margin
122,cp00p00_low_snr_hard_t0002,122,2,120,formal_tps30,low_snr_hard,0,2,combined_int24,28.4650421359547,28.4641640105401,28.4641640105401,0.000135861642909149,0.00013585745637761,0.000878125414601527,3.0849257500039e-05,0,weak_margin
122,cp00p00_low_snr_hard_t0002,122,2,120,formal_tps30,low_snr_hard,0,2,mixed_Z16_G24_Rz24,28.4650421359547,28.4642258162348,28.4642258162348,0.000135861642909149,0.00013585745637761,0.00081631971988827,2.86779733537496e-05,0,weak_margin
122,cp00p00_low_snr_hard_t0002,122,2,120,formal_tps30,low_snr_hard,0,2,combined_int14,28.4650421359547,25.5823122722213,25.5823122722213,0.000135861642909149,0.000122100122100113,2.8827298637334,0.101272636448768,0,weak_margin
122,cp00p00_low_snr_hard_t0002,122,2,120,formal_tps30,low_snr_hard,0,2,W_int18_G24_Z16,28.4650421359547,28.4642601894884,28.4642601894884,0.000135861642909149,0.000135857456377642,0.000781946466304362,2.74704130972169e-05,0,weak_margin
242,cp00p00_cache_boundary_center_t0002,242,2,120,formal_tps30,cache_boundary_center,0,2,double_baseline,389.694570087682,389.694570087682,389.694570087682,0.00122428937698417,0.00122428937698417,0,0,0,reliable
242,cp00p00_cache_boundary_center_t0002,242,2,120,formal_tps30,cache_boundary_center,0,2,float32_all,389.694570087682,389.703125,389.703125,0.00122428937698417,0.00122431634319716,0.00855491231777705,2.19528650754671e-05,0,reliable
242,cp00p00_cache_boundary_center_t0002,242,2,120,formal_tps30,cache_boundary_center,0,2,combined_int16,389.694570087682,389.042101441912,389.042101441912,0.00122428937698417,0.00122223240749231,0.652468645770568,0.00167430776780842,0,reliable
242,cp00p00_cache_boundary_center_t0002,242,2,120,formal_tps30,cache_boundary_center,0,2,combined_int18,389.694570087682,390.246506704309,390.246506704309,0.00122428937698417,0.00122602846983244,0.551936616626335,0.00141633129889941,0,reliable
242,cp00p00_cache_boundary_center_t0002,242,2,120,formal_tps30,cache_boundary_center,0,2,combined_int24,389.694570087682,389.693666439503,389.693666439503,0.00122428937698417,0.00122428647790353,0.000903648178791627,2.3188626379585e-06,0,reliable
242,cp00p00_cache_boundary_center_t0002,242,2,120,formal_tps30,cache_boundary_center,0,2,mixed_Z16_G24_Rz24,389.694570087682,389.711873687309,389.711873687309,0.00122428937698417,0.00122434622859465,0.0173035996267572,4.44029785246016e-05,0,reliable
242,cp00p00_cache_boundary_center_t0002,242,2,120,formal_tps30,cache_boundary_center,0,2,combined_int14,389.694570087682,389.088420003187,389.088420003187,0.00122428937698417,0.00122234445666796,0.606150084495312,0.00155544914151338,0,reliable
242,cp00p00_cache_boundary_center_t0002,242,2,120,formal_tps30,cache_boundary_center,0,2,W_int18_G24_Z16,389.694570087682,389.712133837107,389.712133837107,0.00122428937698417,0.00122434622859468,0.0175637494248804,4.50705521016844e-05,0,reliable
362,cp04p00_hard_phase_t0002,362,2,120,formal_tps30,hard_phase,3.75,2,double_baseline,845.930678060657,845.930678060657,845.930678060657,0.00255562176202103,0.00255562176202103,0,0,0,reliable
362,cp04p00_hard_phase_t0002,362,2,120,formal_tps30,hard_phase,3.75,2,float32_all,845.930678060657,845.953125,845.953125,0.00255562176202103,0.00255569038689672,0.0224469393433537,2.65351995447364e-05,0,reliable
362,cp04p00_hard_phase_t0002,362,2,120,formal_tps30,hard_phase,3.75,2,combined_int16,845.930678060657,845.65239520141,845.65239520141,0.00255562176202103,0.00255480594183609,0.278282859246247,0.00032896650572388,0,reliable
362,cp04p00_hard_phase_t0002,362,2,120,formal_tps30,hard_phase,3.75,2,combined_int18,845.930678060657,845.640871476178,845.640871476178,0.00255562176202103,0.00255474731713284,0.289806584478356,0.000342589046590382,0,reliable
362,cp04p00_hard_phase_t0002,362,2,120,formal_tps30,hard_phase,3.75,2,combined_int24,845.930678060657,845.932307596959,845.932307596959,0.00255562176202103,0.00255562672611769,0.00162953630206175,1.9263236862358e-06,0,reliable
362,cp04p00_hard_phase_t0002,362,2,120,formal_tps30,hard_phase,3.75,2,mixed_Z16_G24_Rz24,845.930678060657,845.908872544358,845.908872544358,0.00255562176202103,0.00255556681642563,0.0218055162986275,2.57769541454837e-05,0,reliable
362,cp04p00_hard_phase_t0002,362,2,120,formal_tps30,hard_phase,3.75,2,combined_int14,845.930678060657,850.813594268897,850.813594268897,0.00255562176202103,0.00257037943696446,4.8829162082402,0.00577224154990402,0,reliable
362,cp04p00_hard_phase_t0002,362,2,120,formal_tps30,hard_phase,3.75,2,W_int18_G24_Z16,845.930678060657,845.928355968965,845.928355968965,0.00255562176202103,0.00255562672611767,0.00232209169189446,2.74501416264744e-06,0,reliable
482,cp04p00_medium_beta_coherent_t0002,482,2,120,formal_tps30,medium_beta_coherent,3.75,2,double_baseline,172.631901053654,172.631901053654,172.631901053654,0.000467121642873855,0.000467121642873855,0,0,0,weak_margin
482,cp04p00_medium_beta_coherent_t0002,482,2,120,formal_tps30,medium_beta_coherent,3.75,2,float32_all,172.631901053654,172.640625,172.640625,0.000467121642873855,0.000467145317623935,0.0087239463464357,5.0534960764432e-05,0,weak_margin
482,cp04p00_medium_beta_coherent_t0002,482,2,120,formal_tps30,medium_beta_coherent,3.75,2,combined_int16,172.631901053654,174.902026397409,174.902026397409,0.000467121642873855,0.000473260766682382,2.27012534375535,0.0131500917843093,0,weak_margin
482,cp04p00_medium_beta_coherent_t0002,482,2,120,formal_tps30,medium_beta_coherent,3.75,2,combined_int18,172.631901053654,172.073753706878,172.073753706878,0.000467121642873855,0.000465613311960929,0.558147346775513,0.00323316457369048,0,weak_margin
482,cp04p00_medium_beta_coherent_t0002,482,2,120,formal_tps30,medium_beta_coherent,3.75,2,combined_int24,172.631901053654,172.62440580508,172.62440580508,0.000467121642873855,0.000467101319959238,0.00749524857383221,4.34175174349885e-05,0,weak_margin
482,cp04p00_medium_beta_coherent_t0002,482,2,120,formal_tps30,medium_beta_coherent,3.75,2,mixed_Z16_G24_Rz24,172.631901053654,172.646575010702,172.646575010702,0.000467121642873855,0.000467160980310582,0.0146739570482168,8.50014218615145e-05,0,weak_margin
482,cp04p00_medium_beta_coherent_t0002,482,2,120,formal_tps30,medium_beta_coherent,3.75,2,combined_int14,172.631901053654,180.552727044094,180.552727044094,0.000467121642873855,0.000488579455233887,7.92082599044079,0.0458827478704473,0,weak_margin
482,cp04p00_medium_beta_coherent_t0002,482,2,120,formal_tps30,medium_beta_coherent,3.75,2,W_int18_G24_Z16,172.631901053654,172.646603920613,172.646603920613,0.000467121642873855,0.000467160980310544,0.0147028669598512,8.51688875005879e-05,0,weak_margin
602,cp08p00_easy_noncoherent_t0002,602,2,120,formal_tps30,easy_noncoherent,7.5,2,double_baseline,690.90146961392,690.90146961392,690.90146961392,0.00186075413736367,0.00186075413736367,0,0,0,reliable
602,cp08p00_easy_noncoherent_t0002,602,2,120,formal_tps30,easy_noncoherent,7.5,2,float32_all,690.90146961392,690.921875,690.921875,0.00186075413736367,0.00186080987290112,0.0204053860798012,2.95344372204099e-05,0,reliable
602,cp08p00_easy_noncoherent_t0002,602,2,120,formal_tps30,easy_noncoherent,7.5,2,combined_int16,690.90146961392,692.513767821161,692.513767821161,0.00186075413736367,0.0018651012046719,1.61229820724111,0.00233361525217492,0,reliable
602,cp08p00_easy_noncoherent_t0002,602,2,120,formal_tps30,easy_noncoherent,7.5,2,combined_int18,690.90146961392,691.077616696915,691.077616696915,0.00186075413736367,0.00186122948156925,0.176147082995158,0.000254952537723779,0,reliable
602,cp08p00_easy_noncoherent_t0002,602,2,120,formal_tps30,easy_noncoherent,7.5,2,combined_int24,690.90146961392,690.895088161837,690.895088161837,0.00186075413736367,0.00186073686374117,0.00638145208358765,9.23641411148487e-06,0,reliable
602,cp08p00_easy_noncoherent_t0002,602,2,120,formal_tps30,easy_noncoherent,7.5,2,mixed_Z16_G24_Rz24,690.90146961392,690.962069892965,690.962069892965,0.00186075413736367,0.00186091634379949,0.0606002790445928,8.77118977304485e-05,0,reliable
602,cp08p00_easy_noncoherent_t0002,602,2,120,formal_tps30,easy_noncoherent,7.5,2,combined_int14,690.90146961392,681.210930962698,681.210930962698,0.00186075413736367,0.00183463796477491,9.6905386512226,0.0140259343443541,0,reliable
602,cp08p00_easy_noncoherent_t0002,602,2,120,formal_tps30,easy_noncoherent,7.5,2,W_int18_G24_Z16,690.90146961392,690.961498563498,690.961498563498,0.00186075413736367,0.00186091634379951,0.060028949577827,8.68849643804804e-05,0,reliable
722,cp08p00_low_snr_hard_t0002,722,2,120,formal_tps30,low_snr_hard,7.5,2,double_baseline,28.3783677623578,28.3783677623578,28.3783677623578,0.000135452649145945,0.000135452649145945,0,0,0,weak_margin
722,cp08p00_low_snr_hard_t0002,722,2,120,formal_tps30,low_snr_hard,7.5,2,float32_all,28.3783677623578,28.375,28.375,0.000135452649145945,0.000135436557668081,0.00336776235781144,0.000118673575098233,0,weak_margin
722,cp08p00_low_snr_hard_t0002,722,2,120,formal_tps30,low_snr_hard,7.5,2,combined_int16,28.3783677623578,28.7761517626495,28.7761517626495,0.000135452649145945,0.000137352155665777,0.397784000291722,0.0140171557301248,0,weak_margin
722,cp08p00_low_snr_hard_t0002,722,2,120,formal_tps30,low_snr_hard,7.5,2,combined_int18,28.3783677623578,27.9763665860082,27.9763665860082,0.000135452649145945,0.000133533251687305,0.402001176349586,0.0141657610372791,0,weak_margin
722,cp08p00_low_snr_hard_t0002,722,2,120,formal_tps30,low_snr_hard,7.5,2,combined_int24,28.3783677623578,28.3757402011688,28.3757402011688,0.000135452649145945,0.000135440110612616,0.00262756118900143,9.25902860589018e-05,0,weak_margin
722,cp08p00_low_snr_hard_t0002,722,2,120,formal_tps30,low_snr_hard,7.5,2,mixed_Z16_G24_Rz24,28.3783677623578,28.3757084290992,28.3757084290992,0.000135452649145945,0.000135440110612623,0.00265933325863443,9.37098736933658e-05,0,weak_margin
722,cp08p00_low_snr_hard_t0002,722,2,120,formal_tps30,low_snr_hard,7.5,2,combined_int14,28.3783677623578,25.5833910411457,25.5833910411457,0.000135452649145945,0.000122100122100119,2.79497672121215,0.098489692734179,0,weak_margin
722,cp08p00_low_snr_hard_t0002,722,2,120,formal_tps30,low_snr_hard,7.5,2,W_int18_G24_Z16,28.3783677623578,28.3757125842531,28.3757125842531,0.000135452649145945,0.000135440110612585,0.00265517810476013,9.356345393064e-05,0,weak_margin
842,cp08p00_cache_boundary_center_t0002,842,2,120,formal_tps30,cache_boundary_center,7.5,2,double_baseline,379.962783918978,379.962783918978,379.962783918978,0.00118974374463731,0.00118974374463731,0,0,0,reliable
842,cp08p00_cache_boundary_center_t0002,842,2,120,formal_tps30,cache_boundary_center,7.5,2,float32_all,379.962783918978,379.984375,379.984375,0.00118974374463731,0.00118981133229367,0.0215910810220521,5.68241994633246e-05,0,reliable
842,cp08p00_cache_boundary_center_t0002,842,2,120,formal_tps30,cache_boundary_center,7.5,2,combined_int16,379.962783918978,380.562904543447,380.562904543447,0.00118974374463731,0.00119164018577366,0.600120624469128,0.00157941948492802,0,reliable
842,cp08p00_cache_boundary_center_t0002,842,2,120,formal_tps30,cache_boundary_center,7.5,2,combined_int18,379.962783918978,380.558000527206,380.558000527206,0.00118974374463731,0.00119161287858538,0.595216608227929,0.00156651291499867,0,reliable
842,cp08p00_cache_boundary_center_t0002,842,2,120,formal_tps30,cache_boundary_center,7.5,2,combined_int24,379.962783918978,379.965351694118,379.965351694118,0.00118974374463731,0.00118975177172283,0.0025677751400508,6.75796485531157e-06,0,reliable
842,cp08p00_cache_boundary_center_t0002,842,2,120,formal_tps30,cache_boundary_center,7.5,2,mixed_Z16_G24_Rz24,379.962783918978,379.926948440785,379.926948440785,0.00118974374463731,0.00118963227860565,0.0358354781928938,9.43131267312096e-05,0,reliable
842,cp08p00_cache_boundary_center_t0002,842,2,120,formal_tps30,cache_boundary_center,7.5,2,combined_int14,379.962783918978,370.836260579672,370.836260579672,0.00118974374463731,0.00116115626718818,9.126523339306,0.0240195190833535,0,reliable
842,cp08p00_cache_boundary_center_t0002,842,2,120,formal_tps30,cache_boundary_center,7.5,2,W_int18_G24_Z16,379.962783918978,379.927066826291,379.927066826291,0.00118974374463731,0.00118963227860561,0.0357170926872641,9.40015554125435e-05,0,reliable
962,cp15p00_hard_phase_t0002,962,2,120,formal_tps30,hard_phase,15,2,double_baseline,849.515627541114,849.515627541114,849.515627541114,0.00256550775213893,0.00256550775213893,0,0,0,reliable
962,cp15p00_hard_phase_t0002,962,2,120,formal_tps30,hard_phase,15,2,float32_all,849.515627541114,849.5625,849.5625,0.00256550775213893,0.00256564981267718,0.0468724588863552,5.51755110403625e-05,0,reliable
962,cp15p00_hard_phase_t0002,962,2,120,formal_tps30,hard_phase,15,2,combined_int16,849.515627541114,851.047756134183,851.047756134183,0.00256550775213893,0.00257014349967874,1.5321285930695,0.00180353196974631,0,reliable
962,cp15p00_hard_phase_t0002,962,2,120,formal_tps30,hard_phase,15,2,combined_int18,849.515627541114,849.760722398001,849.760722398001,0.00256550775213893,0.00256625017688388,0.24509485688759,0.000288511298605544,0,reliable
962,cp15p00_hard_phase_t0002,962,2,120,formal_tps30,hard_phase,15,2,combined_int24,849.515627541114,849.516990483855,849.516990483855,0.00256550775213893,0.00256551192336789,0.00136294274125248,1.60437630229059e-06,0,reliable
962,cp15p00_hard_phase_t0002,962,2,120,formal_tps30,hard_phase,15,2,mixed_Z16_G24_Rz24,849.515627541114,849.517116415518,849.517116415518,0.00256550775213893,0.00256551192336788,0.00148887440445833,1.75261567437884e-06,0,reliable
962,cp15p00_hard_phase_t0002,962,2,120,formal_tps30,hard_phase,15,2,combined_int14,849.515627541114,851.129583715723,851.129583715723,0.00256550775213893,0.00257037943696448,1.61395617460948,0.00189985460218196,0,reliable
962,cp15p00_hard_phase_t0002,962,2,120,formal_tps30,hard_phase,15,2,W_int18_G24_Z16,849.515627541114,849.516897581867,849.516897581867,0.00256550775213893,0.00256551192336788,0.00127004075329751,1.49501752778061e-06,0,reliable
1082,cp15p00_medium_beta_coherent_t0002,1082,2,120,formal_tps30,medium_beta_coherent,15,2,double_baseline,169.900811991742,169.900811991742,169.900811991742,0.000459823438938339,0.000459823438938339,0,0,0,weak_margin
1082,cp15p00_medium_beta_coherent_t0002,1082,2,120,formal_tps30,medium_beta_coherent,15,2,float32_all,169.900811991742,169.9375,169.9375,0.000459823438938339,0.00045992266228745,0.0366880082583521,0.000215937804112057,0,weak_margin
1082,cp15p00_medium_beta_coherent_t0002,1082,2,120,formal_tps30,medium_beta_coherent,15,2,combined_int16,169.900811991742,169.224845621065,169.224845621065,0.000459823438938339,0.000457987298485551,0.675966370676178,0.00397859411471815,0,weak_margin
1082,cp15p00_medium_beta_coherent_t0002,1082,2,120,formal_tps30,medium_beta_coherent,15,2,combined_int18,169.900811991742,169.218267571821,169.218267571821,0.000459823438938339,0.00045797681110745,0.682544419920305,0.004017311111812,0,weak_margin
1082,cp15p00_medium_beta_coherent_t0002,1082,2,120,formal_tps30,medium_beta_coherent,15,2,combined_int24,169.900811991742,169.900591121317,169.900591121317,0.000459823438938339,0.000459822810491185,0.000220870424527675,1.29999628570587e-06,0,weak_margin
1082,cp15p00_medium_beta_coherent_t0002,1082,2,120,formal_tps30,medium_beta_coherent,15,2,mixed_Z16_G24_Rz24,169.900811991742,169.922854148579,169.922854148579,0.000459823438938339,0.000459882469974347,0.022042156837415,0.000129735441396751,0,weak_margin
1082,cp15p00_medium_beta_coherent_t0002,1082,2,120,formal_tps30,medium_beta_coherent,15,2,combined_int14,169.900811991742,157.952446650423,157.952446650423,0.000459823438938339,0.000427480916030499,11.948365341319,0.0703255340645445,0,weak_margin
1082,cp15p00_medium_beta_coherent_t0002,1082,2,120,formal_tps30,medium_beta_coherent,15,2,W_int18_G24_Z16,169.900811991742,169.922891373775,169.922891373775,0.000459823438938339,0.000459882469974403,0.022079382033553,0.000129954540974331,0,weak_margin
3,cp00p00_easy_noncoherent_t0003,3,3,120,formal_tps30,easy_noncoherent,0,3,double_baseline,374.570548328222,374.570548328222,374.570548328222,0.000876404342835275,0.000876404342835275,0,0,0,weak_margin
3,cp00p00_easy_noncoherent_t0003,3,3,120,formal_tps30,easy_noncoherent,0,3,float32_all,374.570548328222,374.578125,374.578125,0.000876404342835275,0.000876421946442002,0.00757667177822441,2.02276228391167e-05,0,weak_margin
3,cp00p00_easy_noncoherent_t0003,3,3,120,formal_tps30,easy_noncoherent,0,3,combined_int16,374.570548328222,372.06402074467,372.06402074467,0.000876404342835275,0.000870534691571053,2.50652758355136,0.00669173696313941,0,weak_margin
3,cp00p00_easy_noncoherent_t0003,3,3,120,formal_tps30,easy_noncoherent,0,3,combined_int18,374.570548328222,375.319157553458,375.319157553458,0.000876404342835275,0.000878157549100433,0.748609225236578,0.00199858005008071,0,weak_margin
3,cp00p00_easy_noncoherent_t0003,3,3,120,formal_tps30,easy_noncoherent,0,3,combined_int24,374.570548328222,374.576970464579,374.576970464579,0.000876404342835275,0.000876419379111392,0.00642213635728694,1.71453318632502e-05,0,weak_margin
3,cp00p00_easy_noncoherent_t0003,3,3,120,formal_tps30,easy_noncoherent,0,3,mixed_Z16_G24_Rz24,374.570548328222,374.602972138644,374.602972138644,0.000876404342835275,0.00087647908828998,0.0324238104221877,8.65626263647828e-05,0,weak_margin
3,cp00p00_easy_noncoherent_t0003,3,3,120,formal_tps30,easy_noncoherent,0,3,combined_int14,374.570548328222,365.562565382977,365.562565382977,0.000876404342835275,0.000855327468230695,9.00798294524429,0.0240488286798004,0,weak_margin
3,cp00p00_easy_noncoherent_t0003,3,3,120,formal_tps30,easy_noncoherent,0,3,W_int18_G24_Z16,374.570548328222,374.602970698412,374.602970698412,0.000876404342835275,0.000876479088289917,0.0324223701900337,8.65587813423687e-05,0,weak_margin
123,cp00p00_low_snr_hard_t0003,123,3,120,formal_tps30,low_snr_hard,0,3,double_baseline,117.413979454243,117.413979454243,117.413979454243,0.00059080187472967,0.00059080187472967,0,0,0,weak_margin
123,cp00p00_low_snr_hard_t0003,123,3,120,formal_tps30,low_snr_hard,0,3,float32_all,117.413979454243,117.4296875,117.4296875,0.00059080187472967,0.000590880749603639,0.0157080457574921,0.000133783437291755,0,weak_margin
123,cp00p00_low_snr_hard_t0003,123,3,120,formal_tps30,low_snr_hard,0,3,combined_int16,117.413979454243,118.340286450592,118.340286450592,0.00059080187472967,0.000595465302694858,0.926306996349012,0.00788923943004593,0,weak_margin
123,cp00p00_low_snr_hard_t0003,123,3,120,formal_tps30,low_snr_hard,0,3,combined_int18,117.413979454243,117.578610771263,117.578610771263,0.00059080187472967,0.000591632409241711,0.164631317020394,0.00140214408697861,0,weak_margin
123,cp00p00_low_snr_hard_t0003,123,3,120,formal_tps30,low_snr_hard,0,3,combined_int24,117.413979454243,117.412122373134,117.412122373134,0.00059080187472967,0.000590792511236715,0.00185708110802807,1.58165247158818e-05,0,weak_margin
123,cp00p00_low_snr_hard_t0003,123,3,120,formal_tps30,low_snr_hard,0,3,mixed_Z16_G24_Rz24,117.413979454243,117.412037113434,117.412037113434,0.00059080187472967,0.000590792511236772,0.0019423408084549,1.65426707916995e-05,0,weak_margin
123,cp00p00_low_snr_hard_t0003,123,3,120,formal_tps30,low_snr_hard,0,3,combined_int14,117.413979454243,121.387350917284,121.387350917284,0.00059080187472967,0.000610798924993835,3.97337146304199,0.0338407017759793,0,weak_margin
123,cp00p00_low_snr_hard_t0003,123,3,120,formal_tps30,low_snr_hard,0,3,W_int18_G24_Z16,117.413979454243,117.4120050606,117.4120050606,0.00059080187472967,0.000590792511236746,0.00197439364274032,1.68156607238559e-05,0,weak_margin
243,cp00p00_cache_boundary_center_t0003,243,3,120,formal_tps30,cache_boundary_center,0,3,double_baseline,561.841899712366,561.841899712366,561.841899712366,0.00174808558674513,0.00174808558674513,0,0,0,reliable
243,cp00p00_cache_boundary_center_t0003,243,3,120,formal_tps30,cache_boundary_center,0,3,float32_all,561.841899712366,561.859375,561.859375,0.00174808558674513,0.00174814015515224,0.0174752876337152,3.1103567823371e-05,0,reliable
243,cp00p00_cache_boundary_center_t0003,243,3,120,formal_tps30,cache_boundary_center,0,3,combined_int16,561.841899712366,560.080897301435,560.080897301435,0.00174808558674513,0.00174258636502602,1.76100241093081,0.00313433799051362,0,reliable
243,cp00p00_cache_boundary_center_t0003,243,3,120,formal_tps30,cache_boundary_center,0,3,combined_int18,561.841899712366,562.521558438777,562.521558438777,0.00174808558674513,0.00175020253435443,0.679658726410707,0.00120969747318357,0,reliable
243,cp00p00_cache_boundary_center_t0003,243,3,120,formal_tps30,cache_boundary_center,0,3,combined_int24,561.841899712366,561.845185864164,561.845185864164,0.00174808558674513,0.00174809589981148,0.00328615179751068,5.84889058504362e-06,0,reliable
243,cp00p00_cache_boundary_center_t0003,243,3,120,formal_tps30,cache_boundary_center,0,3,mixed_Z16_G24_Rz24,561.841899712366,561.82701456736,561.82701456736,0.00174808558674513,0.00174803608659164,0.0148851450067014,2.64934762151448e-05,0,reliable
243,cp00p00_cache_boundary_center_t0003,243,3,120,formal_tps30,cache_boundary_center,0,3,combined_int14,561.841899712366,569.959945607261,569.959945607261,0.00174808558674513,0.00177337491591756,8.11804589489475,0.0144489862700713,0,reliable
243,cp00p00_cache_boundary_center_t0003,243,3,120,formal_tps30,cache_boundary_center,0,3,W_int18_G24_Z16,561.841899712366,561.827138736233,561.827138736233,0.00174808558674513,0.00174803608659174,0.0147609761334024,2.62724729874352e-05,0,reliable
363,cp04p00_hard_phase_t0003,363,3,120,formal_tps30,hard_phase,3.75,3,double_baseline,418.852509484976,418.852509484976,418.852509484976,0.00147171952726184,0.00147171952726184,0,0,0,reliable
363,cp04p00_hard_phase_t0003,363,3,120,formal_tps30,hard_phase,3.75,3,float32_all,418.852509484976,418.84375,418.84375,0.00147171952726184,0.0014716893331127,0.00875948497559875,2.091305358626e-05,0,reliable
363,cp04p00_hard_phase_t0003,363,3,120,formal_tps30,hard_phase,3.75,3,combined_int16,418.852509484976,417.518854850176,417.518854850176,0.00147171952726184,0.0014670375011462,1.33365463480004,0.00318406743328317,0,reliable
363,cp04p00_hard_phase_t0003,363,3,120,formal_tps30,hard_phase,3.75,3,combined_int18,418.852509484976,418.599996158475,418.599996158475,0.00147171952726184,0.00147082981543947,0.252513326500775,0.000602869317438894,0,reliable
363,cp04p00_hard_phase_t0003,363,3,120,formal_tps30,hard_phase,3.75,3,combined_int24,418.852509484976,418.851345804753,418.851345804753,0.00147171952726184,0.00147171545553123,0.00116368022281677,2.77825773145692e-06,0,reliable
363,cp04p00_hard_phase_t0003,363,3,120,formal_tps30,hard_phase,3.75,3,mixed_Z16_G24_Rz24,418.852509484976,418.867680279567,418.867680279567,0.00147171952726184,0.00147177523575807,0.0151707945915405,3.62198966175339e-05,0,reliable
363,cp04p00_hard_phase_t0003,363,3,120,formal_tps30,hard_phase,3.75,3,combined_int14,418.852509484976,417.554759276682,417.554759276682,0.00147171952726184,0.00146717202592005,1.29775020829402,0.00309834650361709,0,reliable
363,cp04p00_hard_phase_t0003,363,3,120,formal_tps30,hard_phase,3.75,3,W_int18_G24_Z16,418.852509484976,418.867693474371,418.867693474371,0.00147171952726184,0.00147177523575803,0.0151839893951546,3.62513988845978e-05,0,reliable
483,cp04p00_medium_beta_coherent_t0003,483,3,120,formal_tps30,medium_beta_coherent,3.75,3,double_baseline,466.198112518323,466.198112518323,466.198112518323,0.00144442891554783,0.00144442891554783,0,0,0,reliable
483,cp04p00_medium_beta_coherent_t0003,483,3,120,formal_tps30,medium_beta_coherent,3.75,3,float32_all,466.198112518323,466.234375,466.234375,0.00144442891554783,0.00144454137977593,0.0362624816771131,7.77834158985101e-05,0,reliable
483,cp04p00_medium_beta_coherent_t0003,483,3,120,formal_tps30,medium_beta_coherent,3.75,3,combined_int16,466.198112518323,468.551299352752,468.551299352752,0.00144442891554783,0.00145173367563691,2.35318683442893,0.00504761124346345,0,reliable
483,cp04p00_medium_beta_coherent_t0003,483,3,120,formal_tps30,medium_beta_coherent,3.75,3,combined_int18,466.198112518323,466.074594127713,466.074594127713,0.00144442891554783,0.00144404883788452,0.123518390610116,0.000264948285489382,0,reliable
483,cp04p00_medium_beta_coherent_t0003,483,3,120,formal_tps30,medium_beta_coherent,3.75,3,combined_int24,466.198112518323,466.206948354054,466.206948354054,0.00144442891554783,0.00144445641575563,0.0088358357315883,1.89529633311011e-05,0,reliable
483,cp04p00_medium_beta_coherent_t0003,483,3,120,formal_tps30,medium_beta_coherent,3.75,3,mixed_Z16_G24_Rz24,466.198112518323,466.207212202688,466.207212202688,0.00144442891554783,0.00144445641575555,0.00909968436462805,1.9518921506295e-05,0,reliable
483,cp04p00_medium_beta_coherent_t0003,483,3,120,formal_tps30,medium_beta_coherent,3.75,3,combined_int14,466.198112518323,473.540191065666,473.540191065666,0.00144442891554783,0.00146717202592007,7.34207854734268,0.0157488379943926,0,reliable
483,cp04p00_medium_beta_coherent_t0003,483,3,120,formal_tps30,medium_beta_coherent,3.75,3,W_int18_G24_Z16,466.198112518323,466.207259515941,466.207259515941,0.00144442891554783,0.00144445641575559,0.00914699761779048,1.96204089467028e-05,0,reliable
603,cp08p00_easy_noncoherent_t0003,603,3,120,formal_tps30,easy_noncoherent,7.5,3,double_baseline,312.547459309659,312.547459309659,312.547459309659,0.000731627469858352,0.000731627469858352,0,0,0,weak_margin
603,cp08p00_easy_noncoherent_t0003,603,3,120,formal_tps30,easy_noncoherent,7.5,3,float32_all,312.547459309659,312.53125,312.53125,0.000731627469858352,0.000731589311027357,0.0162093096587341,5.18619146498153e-05,0,weak_margin
603,cp08p00_easy_noncoherent_t0003,603,3,120,formal_tps30,easy_noncoherent,7.5,3,combined_int16,312.547459309659,313.122578459472,313.122578459472,0.000731627469858352,0.000732981095195907,0.575119149812963,0.00184010182352229,0,weak_margin
603,cp08p00_easy_noncoherent_t0003,603,3,120,formal_tps30,easy_noncoherent,7.5,3,combined_int18,312.547459309659,313.118224615551,313.118224615551,0.000731627469858352,0.000732964306165277,0.570765305892564,0.0018261716385513,0,weak_margin
603,cp08p00_easy_noncoherent_t0003,603,3,120,formal_tps30,easy_noncoherent,7.5,3,combined_int24,312.547459309659,312.555175391928,312.555175391928,0.000731627469858352,0.000731645573848464,0.00771608226932585,2.46877139438881e-05,0,weak_margin
603,cp08p00_easy_noncoherent_t0003,603,3,120,formal_tps30,easy_noncoherent,7.5,3,mixed_Z16_G24_Rz24,312.547459309659,312.426906978129,312.426906978129,0.000731627469858352,0.000731347114423808,0.120552331529325,0.000385708883366371,0,weak_margin
603,cp08p00_easy_noncoherent_t0003,603,3,120,formal_tps30,easy_noncoherent,7.5,3,combined_int14,312.547459309659,313.163953667943,313.163953667943,0.000731627469858352,0.000733048259010387,0.616494358284399,0.00197248238602254,0,weak_margin
603,cp08p00_easy_noncoherent_t0003,603,3,120,formal_tps30,easy_noncoherent,7.5,3,W_int18_G24_Z16,312.547459309659,312.42694479425,312.42694479425,0.000731627469858352,0.00073134711442377,0.120514515409013,0.000385587890156588,0,weak_margin
723,cp08p00_low_snr_hard_t0003,723,3,120,formal_tps30,low_snr_hard,7.5,3,double_baseline,124.620591094848,124.620591094848,124.620591094848,0.00062729430858569,0.00062729430858569,0,0,0,weak_margin
723,cp08p00_low_snr_hard_t0003,723,3,120,formal_tps30,low_snr_hard,7.5,3,float32_all,124.620591094848,124.625,124.625,0.00062729430858569,0.000627316552772848,0.00440890515164938,3.5378624936017e-05,0,weak_margin
723,cp08p00_low_snr_hard_t0003,723,3,120,formal_tps30,low_snr_hard,7.5,3,combined_int16,124.620591094848,124.366437729564,124.366437729564,0.00062729430858569,0.00062602110149172,0.254153365283855,0.00203941710636262,0,weak_margin
723,cp08p00_low_snr_hard_t0003,723,3,120,formal_tps30,low_snr_hard,7.5,3,combined_int18,124.620591094848,124.364907726136,124.364907726136,0.00062729430858569,0.000626006763926739,0.255683368712198,0.00205169439870172,0,weak_margin
723,cp08p00_low_snr_hard_t0003,723,3,120,formal_tps30,low_snr_hard,7.5,3,combined_int24,124.620591094848,124.624697620035,124.624697620035,0.00062729430858569,0.000627315005890214,0.00410652518621646,3.29522204166966e-05,0,weak_margin
723,cp08p00_low_snr_hard_t0003,723,3,120,formal_tps30,low_snr_hard,7.5,3,mixed_Z16_G24_Rz24,124.620591094848,124.636169515667,124.636169515667,0.00062729430858569,0.000627374685350949,0.0155784208182013,0.000125006796078704,0,weak_margin
723,cp08p00_low_snr_hard_t0003,723,3,120,formal_tps30,low_snr_hard,7.5,3,combined_int14,124.620591094848,121.344975079293,121.344975079293,0.00062729430858569,0.000610798924993927,3.27561601555499,0.0262847093468039,0,weak_margin
723,cp08p00_low_snr_hard_t0003,723,3,120,formal_tps30,low_snr_hard,7.5,3,W_int18_G24_Z16,124.620591094848,124.648041206936,124.648041206936,0.00062729430858569,0.000627434364818687,0.0274501120875357,0.000220269474300948,0,weak_margin
843,cp08p00_cache_boundary_center_t0003,843,3,120,formal_tps30,cache_boundary_center,7.5,3,double_baseline,556.204381762655,556.204381762655,556.204381762655,0.00173434270107325,0.00173434270107325,0,0,0,reliable
843,cp08p00_cache_boundary_center_t0003,843,3,120,formal_tps30,cache_boundary_center,7.5,3,float32_all,556.204381762655,556.21875,556.21875,0.00173434270107325,0.0017343877574188,0.0143682373454794,2.5832657592422e-05,0,reliable
843,cp08p00_cache_boundary_center_t0003,843,3,120,formal_tps30,cache_boundary_center,7.5,3,combined_int16,556.204381762655,553.942531692272,553.942531692272,0.00173434270107325,0.00172727411687384,2.26185007038293,0.00406658081911357,0,reliable
843,cp08p00_cache_boundary_center_t0003,843,3,120,formal_tps30,cache_boundary_center,7.5,3,combined_int18,556.204381762655,556.380264314765,556.380264314765,0.00173434270107325,0.00173489040383961,0.175882552110124,0.000316219285351077,0,reliable
843,cp08p00_cache_boundary_center_t0003,843,3,120,formal_tps30,cache_boundary_center,7.5,3,combined_int24,556.204381762655,556.203210476728,556.203210476728,0.00173434270107325,0.00173433904737158,0.00117128592683002,2.10585526694006e-06,0,reliable
843,cp08p00_cache_boundary_center_t0003,843,3,120,formal_tps30,cache_boundary_center,7.5,3,mixed_Z16_G24_Rz24,556.204381762655,556.184136138123,556.184136138123,0.00173434270107325,0.00173427923579456,0.0202456245315261,3.63996135150287e-05,0,reliable
843,cp08p00_cache_boundary_center_t0003,843,3,120,formal_tps30,cache_boundary_center,7.5,3,combined_int14,556.204381762655,549.09857889908,549.09857889908,0.00173434270107325,0.00171211935917818,7.10580286357435,0.0127755247829144,0,reliable
843,cp08p00_cache_boundary_center_t0003,843,3,120,formal_tps30,cache_boundary_center,7.5,3,W_int18_G24_Z16,556.204381762655,556.184172601701,556.184172601701,0.00173434270107325,0.00173427923579461,0.0202091609535273,3.63340556388336e-05,0,reliable
963,cp15p00_hard_phase_t0003,963,3,120,formal_tps30,hard_phase,15,3,double_baseline,422.594630095206,422.594630095206,422.594630095206,0.00148451392986783,0.00148451392986783,0,0,0,reliable
963,cp15p00_hard_phase_t0003,963,3,120,formal_tps30,hard_phase,15,3,float32_all,422.594630095206,422.578125,422.578125,0.00148451392986783,0.00148445667650651,0.0165050952055026,3.90565663406186e-05,0,reliable
963,cp15p00_hard_phase_t0003,963,3,120,formal_tps30,hard_phase,15,3,combined_int16,422.594630095206,421.980557441508,421.980557441508,0.00148451392986783,0.00148234179439771,0.614072653697804,0.00145310093873995,0,reliable
963,cp15p00_hard_phase_t0003,963,3,120,formal_tps30,hard_phase,15,3,combined_int18,422.594630095206,421.967689211771,421.967689211771,0.00148451392986783,0.00148230781573538,0.626940883434145,0.00148355146702385,0,reliable
963,cp15p00_hard_phase_t0003,963,3,120,formal_tps30,hard_phase,15,3,combined_int24,422.594630095206,422.593115306983,422.593115306983,0.00148451392986783,0.00148450858670829,0.00151478822226636,3.5844947247084e-06,0,reliable
963,cp15p00_hard_phase_t0003,963,3,120,formal_tps30,hard_phase,15,3,mixed_Z16_G24_Rz24,422.594630095206,422.576275971544,422.576275971544,0.00148451392986783,0.00148444880496144,0.0183541236619931,4.3431985062986e-05,0,reliable
963,cp15p00_hard_phase_t0003,963,3,120,formal_tps30,hard_phase,15,3,combined_int14,422.594630095206,417.651397110574,417.651397110574,0.00148451392986783,0.00146717202591999,4.94323298463132,0.0116973397970478,0,reliable
963,cp15p00_hard_phase_t0003,963,3,120,formal_tps30,hard_phase,15,3,W_int18_G24_Z16,422.594630095206,422.576259979513,422.576259979513,0.00148451392986783,0.00148444880496138,0.0183701156929601,4.34698275480252e-05,0,reliable
1083,cp15p00_medium_beta_coherent_t0003,1083,3,120,formal_tps30,medium_beta_coherent,15,3,double_baseline,464.867458011868,464.867458011868,464.867458011868,0.00144456560554302,0.00144456560554302,0,0,0,reliable
1083,cp15p00_medium_beta_coherent_t0003,1083,3,120,formal_tps30,medium_beta_coherent,15,3,float32_all,464.867458011868,464.859375,464.859375,0.00144456560554302,0.00144454060904155,0.00808301186771132,1.73877773726742e-05,0,reliable
1083,cp15p00_medium_beta_coherent_t0003,1083,3,120,formal_tps30,medium_beta_coherent,15,3,combined_int16,464.867458011868,467.170564701781,467.170564701781,0.00144456560554302,0.00145173367563682,2.30310668991297,0.00495432977770229,0,reliable
1083,cp15p00_medium_beta_coherent_t0003,1083,3,120,formal_tps30,medium_beta_coherent,15,3,combined_int18,464.867458011868,464.699821227317,464.699821227317,0.00144456560554302,0.00144404883788445,0.167636784550268,0.000360612001681539,0,reliable
1083,cp15p00_medium_beta_coherent_t0003,1083,3,120,formal_tps30,medium_beta_coherent,15,3,combined_int24,464.867458011868,464.870811690809,464.870811690809,0.00144456560554302,0.00144457596970758,0.00335367894149385,7.21426910766517e-06,0,reliable
1083,cp15p00_medium_beta_coherent_t0003,1083,3,120,formal_tps30,medium_beta_coherent,15,3,mixed_Z16_G24_Rz24,464.867458011868,464.850329539651,464.850329539651,0.00144456560554302,0.00144451619272805,0.0171284722164273,3.68459265565327e-05,0,reliable
1083,cp15p00_medium_beta_coherent_t0003,1083,3,120,formal_tps30,medium_beta_coherent,15,3,combined_int14,464.867458011868,472.124386035081,472.124386035081,0.00144456560554302,0.00146717202592001,7.25692802321282,0.0156107464571709,0,reliable
1083,cp15p00_medium_beta_coherent_t0003,1083,3,120,formal_tps30,medium_beta_coherent,15,3,W_int18_G24_Z16,464.867458011868,464.850381142838,464.850381142838,0.00144456560554302,0.00144451619272807,0.0170768690295517,3.67349203202685e-05,0,reliable
4,cp00p00_easy_noncoherent_t0004,4,4,120,formal_tps30,easy_noncoherent,0,4,double_baseline,651.358111098263,651.358111098263,651.358111098263,0.00174335701451058,0.00174335701451058,0,0,0,reliable
4,cp00p00_easy_noncoherent_t0004,4,4,120,formal_tps30,easy_noncoherent,0,4,float32_all,651.358111098263,651.359375,651.359375,0.00174335701451058,0.00174336060724336,0.00126390173682012,1.94040991473805e-06,0,reliable
4,cp00p00_easy_noncoherent_t0004,4,4,120,formal_tps30,easy_noncoherent,0,4,combined_int16,651.358111098263,651.066910509107,651.066910509107,0.00174335701451058,0.00174258636502595,0.291200589155778,0.00044706680425731,0,reliable
4,cp00p00_easy_noncoherent_t0004,4,4,120,formal_tps30,easy_noncoherent,0,4,combined_int18,651.358111098263,651.05361987339,651.05361987339,0.00174335701451058,0.00174254641058371,0.304491224873345,0.000467471302936473,0,reliable
4,cp00p00_easy_noncoherent_t0004,4,4,120,formal_tps30,easy_noncoherent,0,4,combined_int24,651.358111098263,651.363221556676,651.363221556676,0.00174335701451058,0.00174337067745814,0.00511045841267332,7.84585057835008e-06,0,reliable
4,cp00p00_easy_noncoherent_t0004,4,4,120,formal_tps30,easy_noncoherent,0,4,mixed_Z16_G24_Rz24,651.358111098263,651.204370761581,651.204370761581,0.00174335701451058,0.00174295198901981,0.153740336681949,0.000236030432510813,0,reliable
4,cp00p00_easy_noncoherent_t0004,4,4,120,formal_tps30,easy_noncoherent,0,4,combined_int14,651.358111098263,662.55921045944,662.55921045944,0.00174335701451058,0.00177337491591752,11.2010993611766,0.0171965300966166,0,reliable
4,cp00p00_easy_noncoherent_t0004,4,4,120,formal_tps30,easy_noncoherent,0,4,W_int18_G24_Z16,651.358111098263,651.204389987106,651.204389987106,0.00174335701451058,0.00174295198901984,0.153721111157211,0.00023600091645135,0,reliable
124,cp00p00_low_snr_hard_t0004,124,4,120,formal_tps30,low_snr_hard,0,4,double_baseline,24.5112938210805,24.5112938210805,24.5112938210805,0.000116917874333795,0.000116917874333795,0,0,0,weak_margin
124,cp00p00_low_snr_hard_t0004,124,4,120,formal_tps30,low_snr_hard,0,4,float32_all,24.5112938210805,24.53125,24.53125,0.000116917874333795,0.00011701309249803,0.0199561789195286,0.000814162608681459,0,weak_margin
124,cp00p00_low_snr_hard_t0004,124,4,120,formal_tps30,low_snr_hard,0,4,combined_int16,24.5112938210805,22.3959458851896,22.3959458851896,0.000116917874333795,0.000106826193782702,2.1153479358909,0.0863009497308392,0,weak_margin
124,cp00p00_low_snr_hard_t0004,124,4,120,formal_tps30,low_snr_hard,0,4,combined_int18,24.5112938210805,24.7948531043803,24.7948531043803,0.000116917874333795,0.000118270503717902,0.283559283299837,0.011568515532867,0,weak_margin
124,cp00p00_low_snr_hard_t0004,124,4,120,formal_tps30,low_snr_hard,0,4,combined_int24,24.5112938210805,24.5072086047439,24.5072086047439,0.000116917874333795,0.000116898385973688,0.00408521633653436,0.000166666695212186,0,weak_margin
124,cp00p00_low_snr_hard_t0004,124,4,120,formal_tps30,low_snr_hard,0,4,mixed_Z16_G24_Rz24,24.5112938210805,24.5072665837506,24.5072665837506,0.000116917874333795,0.000116898385973683,0.00402723732986487,0.000164301295527751,0,weak_margin
124,cp00p00_low_snr_hard_t0004,124,4,120,formal_tps30,low_snr_hard,0,4,combined_int14,24.5112938210805,25.5973059530806,25.5973059530806,0.000116917874333795,0.000122100122100126,1.08601213200018,0.0443066016803313,0,weak_margin
124,cp00p00_low_snr_hard_t0004,124,4,120,formal_tps30,low_snr_hard,0,4,W_int18_G24_Z16,24.5112938210805,24.5072499345115,24.5072499345115,0.000116917874333795,0.000116898385973677,0.00404388656897936,0.000164980543193583,0,weak_margin
244,cp00p00_cache_boundary_center_t0004,244,4,120,formal_tps30,cache_boundary_center,0,4,double_baseline,379.796226571721,379.796226571721,379.796226571721,0.00118101261095003,0.00118101261095003,0,0,0,reliable
244,cp00p00_cache_boundary_center_t0004,244,4,120,formal_tps30,cache_boundary_center,0,4,float32_all,379.796226571721,379.84375,379.84375,0.00118101261095003,0.00118116059061333,0.0475234282785095,0.000125128753140824,0,reliable
244,cp00p00_cache_boundary_center_t0004,244,4,120,formal_tps30,cache_boundary_center,0,4,combined_int16,379.796226571721,378.300279728079,378.300279728079,0.00118101261095003,0.00117634477595975,1.49594684364274,0.00393881439303938,0,reliable
244,cp00p00_cache_boundary_center_t0004,244,4,120,formal_tps30,cache_boundary_center,0,4,combined_int18,379.796226571721,379.516449942195,379.516449942195,0.00118101261095003,0.00118014154060034,0.279776629526168,0.000736649313374193,0,reliable
244,cp00p00_cache_boundary_center_t0004,244,4,120,formal_tps30,cache_boundary_center,0,4,combined_int24,379.796226571721,379.801438055962,379.801438055962,0.00118101261095003,0.00118102884912558,0.00521148424013518,1.37217904642637e-05,0,reliable
244,cp00p00_cache_boundary_center_t0004,244,4,120,formal_tps30,cache_boundary_center,0,4,mixed_Z16_G24_Rz24,379.796226571721,379.78236680376,379.78236680376,0.00118101261095003,0.00118096910360451,0.0138597679615486,3.64926426116857e-05,0,reliable
244,cp00p00_cache_boundary_center_t0004,244,4,120,formal_tps30,cache_boundary_center,0,4,combined_int14,379.796226571721,373.420983084157,373.420983084157,0.00118101261095003,0.00116115626718823,6.37524348756415,0.0167859579467418,0,reliable
244,cp00p00_cache_boundary_center_t0004,244,4,120,formal_tps30,cache_boundary_center,0,4,W_int18_G24_Z16,379.796226571721,379.78231019876,379.78231019876,0.00118101261095003,0.00118096910360445,0.0139163729618303,3.66416830610674e-05,0,reliable
364,cp04p00_hard_phase_t0004,364,4,120,formal_tps30,hard_phase,3.75,4,double_baseline,846.001379079156,846.001379079156,846.001379079156,0.00256240213124838,0.00256240213124838,0,0,0,reliable
364,cp04p00_hard_phase_t0004,364,4,120,formal_tps30,hard_phase,3.75,4,float32_all,846.001379079156,846.015625,846.015625,0.00256240213124838,0.00256244531821198,0.0142459208436776,1.68391224836818e-05,0,reliable
364,cp04p00_hard_phase_t0004,364,4,120,formal_tps30,hard_phase,3.75,4,combined_int16,846.001379079156,848.550738363236,848.550738363236,0.00256240213124838,0.00257014349967869,2.5493592840794,0.00301342213750797,0,reliable
364,cp04p00_hard_phase_t0004,364,4,120,formal_tps30,hard_phase,3.75,4,combined_int18,846.001379079156,846.006194486225,846.006194486225,0.00256240213124838,0.00256241586097167,0.0048154070682358,5.69196125126558e-06,0,reliable
364,cp04p00_hard_phase_t0004,364,4,120,formal_tps30,hard_phase,3.75,4,combined_int24,846.001379079156,845.999515394389,845.999515394389,0.00256240213124838,0.00256239656744026,0.0018636847671587,2.20293348597996e-06,0,reliable
364,cp04p00_hard_phase_t0004,364,4,120,formal_tps30,hard_phase,3.75,4,mixed_Z16_G24_Rz24,846.001379079156,846.038959765196,846.038959765196,0.00256240213124838,0.00256251638846416,0.0375806860392913,4.44215422913336e-05,0,reliable
364,cp04p00_hard_phase_t0004,364,4,120,formal_tps30,hard_phase,3.75,4,combined_int14,846.001379079156,848.630459253356,848.630459253356,0.00256240213124838,0.0025703794369645,2.62908017419977,0.00310765471453656,0,reliable
364,cp04p00_hard_phase_t0004,364,4,120,formal_tps30,hard_phase,3.75,4,W_int18_G24_Z16,846.001379079156,846.039063786651,846.039063786651,0.00256240213124838,0.00256251638846418,0.0376847074949183,4.45444988942415e-05,0,reliable
484,cp04p00_medium_beta_coherent_t0004,484,4,120,formal_tps30,medium_beta_coherent,3.75,4,double_baseline,172.230865911173,172.230865911173,172.230865911173,0.000466011765560407,0.000466011765560407,0,0,0,weak_margin
484,cp04p00_medium_beta_coherent_t0004,484,4,120,formal_tps30,medium_beta_coherent,3.75,4,float32_all,172.230865911173,172.25,172.25,0.000466011765560407,0.000466063563054248,0.0191340888268314,0.000111095585135708,0,weak_margin
484,cp04p00_medium_beta_coherent_t0004,484,4,120,formal_tps30,medium_beta_coherent,3.75,4,combined_int16,172.230865911173,174.908684472728,174.908684472728,0.000466011765560407,0.000473260766682431,2.67781856155489,0.0155478435725682,0,weak_margin
484,cp04p00_medium_beta_coherent_t0004,484,4,120,formal_tps30,medium_beta_coherent,3.75,4,combined_int18,172.230865911173,172.08319917036,172.08319917036,0.000466011765560407,0.000465613311960939,0.147666740813293,0.000857376754346986,0,weak_margin
484,cp04p00_medium_beta_coherent_t0004,484,4,120,formal_tps30,medium_beta_coherent,3.75,4,combined_int24,172.230865911173,172.23665310166,172.23665310166,0.000466011765560407,0.000466027434853253,0.00578719048644416,3.36013551103486e-05,0,weak_margin
484,cp04p00_medium_beta_coherent_t0004,484,4,120,formal_tps30,medium_beta_coherent,3.75,4,mixed_Z16_G24_Rz24,172.230865911173,172.21503679562,172.21503679562,0.000466011765560407,0.000465967774637169,0.0158291155530605,9.19063808296958e-05,0,weak_margin
484,cp04p00_medium_beta_coherent_t0004,484,4,120,formal_tps30,medium_beta_coherent,3.75,4,combined_int14,172.230865911173,180.569697895495,180.569697895495,0.000466011765560407,0.00048857945523392,8.33883198432159,0.0484165944368083,0,weak_margin
484,cp04p00_medium_beta_coherent_t0004,484,4,120,formal_tps30,medium_beta_coherent,3.75,4,W_int18_G24_Z16,172.230865911173,172.215072566119,172.215072566119,0.000466011765560407,0.000465967774637133,0.0157933450536802,9.1698691579624e-05,0,weak_margin
604,cp08p00_easy_noncoherent_t0004,604,4,120,formal_tps30,easy_noncoherent,7.5,4,double_baseline,710.404847240483,710.404847240483,710.404847240483,0.00191319266972692,0.00191319266972692,0,0,0,reliable
604,cp08p00_easy_noncoherent_t0004,604,4,120,formal_tps30,easy_noncoherent,7.5,4,float32_all,710.404847240483,710.390625,710.390625,0.00191319266972692,0.0019131546053206,0.0142222404829226,2.00199091238861e-05,0,reliable
604,cp08p00_easy_noncoherent_t0004,604,4,120,formal_tps30,easy_noncoherent,7.5,4,combined_int16,710.404847240483,709.607333882828,709.607333882828,0.00191319266972692,0.00191105199590266,0.79751335765468,0.00112261812507694,0,reliable
604,cp08p00_easy_noncoherent_t0004,604,4,120,formal_tps30,easy_noncoherent,7.5,4,combined_int18,710.404847240483,711.013542170433,711.013542170433,0.00191319266972692,0.00191483750635409,0.608694929949706,0.000856828232963413,0,reliable
604,cp08p00_easy_noncoherent_t0004,604,4,120,formal_tps30,easy_noncoherent,7.5,4,combined_int24,710.404847240483,710.410393481638,710.410393481638,0.00191319266972692,0.00191320760598706,0.0055462411546614,7.80715556236051e-06,0,reliable
604,cp08p00_easy_noncoherent_t0004,604,4,120,formal_tps30,easy_noncoherent,7.5,4,mixed_Z16_G24_Rz24,710.404847240483,710.454530098126,710.454530098126,0.00191319266972692,0.00191332727188576,0.0496828576433472,6.99359778249498e-05,0,reliable
604,cp08p00_easy_noncoherent_t0004,604,4,120,formal_tps30,easy_noncoherent,7.5,4,combined_int14,710.404847240483,703.99536573916,703.99536573916,0.00191319266972692,0.00189590850712493,6.40948150132317,0.00902229415553729,0,reliable
604,cp08p00_easy_noncoherent_t0004,604,4,120,formal_tps30,easy_noncoherent,7.5,4,W_int18_G24_Z16,710.404847240483,710.45418804916,710.45418804916,0.00191319266972692,0.00191332727188581,0.0493408086767886,6.94544932631716e-05,0,reliable
724,cp08p00_low_snr_hard_t0004,724,4,120,formal_tps30,low_snr_hard,7.5,4,double_baseline,26.8470600360597,26.8470600360597,26.8470600360597,0.000128192201469145,0.000128192201469145,0,0,0,weak_margin
724,cp08p00_low_snr_hard_t0004,724,4,120,formal_tps30,low_snr_hard,7.5,4,float32_all,26.8470600360597,26.875,26.875,0.000128192201469145,0.000128325667864224,0.0279399639402982,0.00104070851343762,0,weak_margin
724,cp08p00_low_snr_hard_t0004,724,4,120,formal_tps30,low_snr_hard,7.5,4,combined_int16,26.8470600360597,25.5692705581314,25.5692705581314,0.000128192201469145,0.000122088941794036,1.27778947792831,0.0475951361606091,0,weak_margin
724,cp08p00_low_snr_hard_t0004,724,4,120,formal_tps30,low_snr_hard,7.5,4,combined_int18,26.8470600360597,27.166446365256,27.166446365256,0.000128192201469145,0.000129717521021887,0.319386329196277,0.0118965104099776,0,weak_margin
724,cp08p00_low_snr_hard_t0004,724,4,120,formal_tps30,low_snr_hard,7.5,4,combined_int24,26.8470600360597,26.8416614905145,26.8416614905145,0.000128192201469145,0.000128166426071455,0.0053985455451766,0.000201085166790164,0,weak_margin
724,cp08p00_low_snr_hard_t0004,724,4,120,formal_tps30,low_snr_hard,7.5,4,mixed_Z16_G24_Rz24,26.8470600360597,26.8541121417366,26.8541121417366,0.000128192201469145,0.000128226046006547,0.00705210567684844,0.000262677018167963,0,weak_margin
724,cp08p00_low_snr_hard_t0004,724,4,120,formal_tps30,low_snr_hard,7.5,4,combined_int14,26.8470600360597,25.5710809271841,25.5710809271841,0.000128192201469145,0.000122100122100136,1.27597910887562,0.0475277034864072,0,weak_margin
724,cp08p00_low_snr_hard_t0004,724,4,120,formal_tps30,low_snr_hard,7.5,4,W_int18_G24_Z16,26.8470600360597,26.8541167815129,26.8541167815129,0.000128192201469145,0.000128226046006468,0.0070567454531556,0.000262849840678172,0,weak_margin
844,cp08p00_cache_boundary_center_t0004,844,4,120,formal_tps30,cache_boundary_center,7.5,4,double_baseline,386.586062812916,386.586062812916,386.586062812916,0.00120818985535113,0.00120818985535113,0,0,0,reliable
844,cp08p00_cache_boundary_center_t0004,844,4,120,formal_tps30,cache_boundary_center,7.5,4,float32_all,386.586062812916,386.609375,386.609375,0.00120818985535113,0.00120826302874814,0.0233121870842297,6.03027096077992e-05,0,reliable
844,cp08p00_cache_boundary_center_t0004,844,4,120,formal_tps30,cache_boundary_center,7.5,4,combined_int16,386.586062812916,386.186646923859,386.186646923859,0.00120818985535113,0.00120693606294402,0.399415889056399,0.00103318750332107,0,reliable
844,cp08p00_cache_boundary_center_t0004,844,4,120,formal_tps30,cache_boundary_center,7.5,4,combined_int18,386.586062812916,386.17655985232,386.17655985232,0.00120818985535113,0.00120690840481843,0.409502960596001,0.00105928019653977,0,reliable
844,cp08p00_cache_boundary_center_t0004,844,4,120,formal_tps30,cache_boundary_center,7.5,4,combined_int24,386.586062812916,386.59369545817,386.59369545817,0.00120818985535113,0.00120821380096925,0.00763264525448903,1.97437155363326e-05,0,reliable
844,cp08p00_cache_boundary_center_t0004,844,4,120,formal_tps30,cache_boundary_center,7.5,4,mixed_Z16_G24_Rz24,386.586062812916,386.517726435239,386.517726435239,0.00120818985535113,0.00120797480594947,0.068336377677042,0.00017676886015964,0,reliable
844,cp08p00_cache_boundary_center_t0004,844,4,120,formal_tps30,cache_boundary_center,7.5,4,combined_int14,386.586062812916,391.132195551123,391.132195551123,0.00120818985535113,0.00122234445666784,4.54613273820723,0.0117596912447599,0,reliable
844,cp08p00_cache_boundary_center_t0004,844,4,120,formal_tps30,cache_boundary_center,7.5,4,W_int18_G24_Z16,386.586062812916,386.536764146062,386.536764146062,0.00120818985535113,0.00120803455469376,0.0492986668541562,0.000127523135457715,0,reliable
964,cp15p00_hard_phase_t0004,964,4,120,formal_tps30,hard_phase,15,4,double_baseline,845.718398654484,845.718398654484,845.718398654484,0.0025626809167742,0.0025626809167742,0,0,0,reliable
964,cp15p00_hard_phase_t0004,964,4,120,formal_tps30,hard_phase,15,4,float32_all,845.718398654484,845.734375,845.734375,0.0025626809167742,0.00256272987666161,0.01597634551581,1.88908572182276e-05,0,reliable
964,cp15p00_hard_phase_t0004,964,4,120,formal_tps30,hard_phase,15,4,combined_int16,845.718398654484,848.174317015684,848.174317015684,0.0025626809167742,0.00257014349967878,2.45591836120002,0.00290394339901712,0,reliable
964,cp15p00_hard_phase_t0004,964,4,120,formal_tps30,hard_phase,15,4,combined_int18,845.718398654484,845.629720049212,845.629720049212,0.0025626809167742,0.00256241586097173,0.0886786052724347,0.000104855948993802,0,reliable
964,cp15p00_hard_phase_t0004,964,4,120,formal_tps30,hard_phase,15,4,combined_int24,845.718398654484,845.723413251399,845.723413251399,0.0025626809167742,0.00256269612005359,0.00501459691440687,5.92939319090723e-06,0,reliable
964,cp15p00_hard_phase_t0004,964,4,120,formal_tps30,hard_phase,15,4,mixed_Z16_G24_Rz24,845.718398654484,845.742845525208,845.742845525208,0.0025626809167742,0.00256275603059771,0.0244468707242049,2.89066322349133e-05,0,reliable
964,cp15p00_hard_phase_t0004,964,4,120,formal_tps30,hard_phase,15,4,combined_int14,845.718398654484,848.25456484285,848.25456484285,0.0025626809167742,0.00257037943696448,2.53616618836531,0.00299883057102729,0,reliable
964,cp15p00_hard_phase_t0004,964,4,120,formal_tps30,hard_phase,15,4,W_int18_G24_Z16,845.718398654484,845.742400062387,845.742400062387,0.0025626809167742,0.00256275603059765,0.0240014079026878,2.83799051089268e-05,0,reliable
1084,cp15p00_medium_beta_coherent_t0004,1084,4,120,formal_tps30,medium_beta_coherent,15,4,double_baseline,169.968734602968,169.968734602968,169.968734602968,0.000459787121407981,0.000459787121407981,0,0,0,weak_margin
1084,cp15p00_medium_beta_coherent_t0004,1084,4,120,formal_tps30,medium_beta_coherent,15,4,float32_all,169.968734602968,170.015625,170.015625,0.000459787121407981,0.00045991388312253,0.0468903970322572,0.000275876602492741,0,weak_margin
1084,cp15p00_medium_beta_coherent_t0004,1084,4,120,formal_tps30,medium_beta_coherent,15,4,combined_int16,169.968734602968,169.305113200651,169.305113200651,0.000459787121407981,0.000457987298485609,0.663621402316494,0.00390437337706053,0,weak_margin
1084,cp15p00_medium_beta_coherent_t0004,1084,4,120,formal_tps30,medium_beta_coherent,15,4,combined_int18,169.968734602968,170.710887128662,170.710887128662,0.000459787121407981,0.000461795046961908,0.742152525694109,0.00436640613597385,0,weak_margin
1084,cp15p00_medium_beta_coherent_t0004,1084,4,120,formal_tps30,medium_beta_coherent,15,4,combined_int24,169.968734602968,169.959881083894,169.959881083894,0.000459787121407981,0.000459763151015043,0.00885351907345466,5.20891038821682e-05,0,weak_margin
1084,cp15p00_medium_beta_coherent_t0004,1084,4,120,formal_tps30,medium_beta_coherent,15,4,mixed_Z16_G24_Rz24,169.968734602968,169.982042562013,169.982042562013,0.000459787121407981,0.000459822810491173,0.0133079590450507,7.82965118622369e-05,0,weak_margin
1084,cp15p00_medium_beta_coherent_t0004,1084,4,120,formal_tps30,medium_beta_coherent,15,4,combined_int14,169.968734602968,180.606780944014,180.606780944014,0.000459787121407981,0.000488579455233923,10.638046341046,0.0625882540450486,0,weak_margin
1084,cp15p00_medium_beta_coherent_t0004,1084,4,120,formal_tps30,medium_beta_coherent,15,4,W_int18_G24_Z16,169.968734602968,169.982039955765,169.982039955765,0.000459787121407981,0.00045982281049116,0.0133053527970333,7.82811781714644e-05,0,weak_margin
5,cp00p00_easy_noncoherent_t0005,5,5,120,formal_tps30,easy_noncoherent,0,5,double_baseline,421.056846742722,421.056846742722,421.056846742722,0.00098095809897785,0.00098095809897785,0,0,0,weak_margin
5,cp00p00_easy_noncoherent_t0005,5,5,120,formal_tps30,easy_noncoherent,0,5,float32_all,421.056846742722,421.078125,421.078125,0.00098095809897785,0.00098100739255632,0.021278257278027,5.05353551251683e-05,0,weak_margin
5,cp00p00_easy_noncoherent_t0005,5,5,120,formal_tps30,easy_noncoherent,0,5,combined_int16,421.056846742722,419.59519114971,419.59519114971,0.00098095809897785,0.000977546968077008,1.46165559301153,0.00347139728119572,0,weak_margin
5,cp00p00_easy_noncoherent_t0005,5,5,120,formal_tps30,easy_noncoherent,0,5,combined_int18,421.056846742722,421.223610531248,421.223610531248,0.00098095809897785,0.000981346774347532,0.166763788525714,0.000396060032786051,0,weak_margin
5,cp00p00_easy_noncoherent_t0005,5,5,120,formal_tps30,easy_noncoherent,0,5,combined_int24,421.056846742722,421.066693112545,421.066693112545,0.00098095809897785,0.000980981066981835,0.00984636982320808,2.33848942236166e-05,0,weak_margin
5,cp00p00_easy_noncoherent_t0005,5,5,120,formal_tps30,easy_noncoherent,0,5,mixed_Z16_G24_Rz24,421.056846742722,420.911862267822,420.911862267822,0.00098095809897785,0.000980622737202274,0.144984474900411,0.00034433468074918,0,weak_margin
5,cp00p00_easy_noncoherent_t0005,5,5,120,formal_tps30,easy_noncoherent,0,5,combined_int14,421.056846742722,419.625254290528,419.625254290528,0.00098095809897785,0.000977636563607475,1.43159245219431,0.00339999803653366,0,weak_margin
5,cp00p00_easy_noncoherent_t0005,5,5,120,formal_tps30,easy_noncoherent,0,5,W_int18_G24_Z16,421.056846742722,420.911860814143,420.911860814143,0.00098095809897785,0.000980622737202279,0.144985928578535,0.000344338133200161,0,weak_margin
125,cp00p00_low_snr_hard_t0005,125,5,120,formal_tps30,low_snr_hard,0,5,double_baseline,120.122167119174,120.122167119174,120.122167119174,0.000604854845309088,0.000604854845309088,0,0,0,weak_margin
125,cp00p00_low_snr_hard_t0005,125,5,120,formal_tps30,low_snr_hard,0,5,float32_all,120.122167119174,120.1171875,120.1171875,0.000604854845309088,0.000604829691956992,0.00497961917426437,4.14546231864436e-05,0,weak_margin
125,cp00p00_low_snr_hard_t0005,125,5,120,formal_tps30,low_snr_hard,0,5,combined_int16,120.122167119174,121.292735600437,121.292735600437,0.000604854845309088,0.000610742968821565,1.17056848126231,0.00974481654248692,0,weak_margin
125,cp00p00_low_snr_hard_t0005,125,5,120,formal_tps30,low_snr_hard,0,5,combined_int18,120.122167119174,120.529666666975,120.529666666975,0.000604854845309088,0.000606909608638735,0.407499547800398,0.00339237592505399,0,weak_margin
125,cp00p00_low_snr_hard_t0005,125,5,120,formal_tps30,low_snr_hard,0,5,combined_int24,120.122167119174,120.12637537111,120.12637537111,0.000604854845309088,0.00060487603321559,0.00420825193577912,3.50331003569397e-05,0,weak_margin
125,cp00p00_low_snr_hard_t0005,125,5,120,formal_tps30,low_snr_hard,0,5,mixed_Z16_G24_Rz24,120.122167119174,120.126314892623,120.126314892623,0.000604854845309088,0.000604876033215579,0.00414777344849426,3.45296255301423e-05,0,weak_margin
125,cp00p00_low_snr_hard_t0005,125,5,120,formal_tps30,low_snr_hard,0,5,combined_int14,120.122167119174,121.297771750818,121.297771750818,0.000604854845309088,0.000610798924993904,1.17560463164409,0.0097867417799561,0,weak_margin
125,cp00p00_low_snr_hard_t0005,125,5,120,formal_tps30,low_snr_hard,0,5,W_int18_G24_Z16,120.122167119174,120.126339645387,120.126339645387,0.000604854845309088,0.000604876033215581,0.00417252621264197,3.47356887800931e-05,0,weak_margin
245,cp00p00_cache_boundary_center_t0005,245,5,120,formal_tps30,cache_boundary_center,0,5,double_baseline,564.846074466361,564.846074466361,564.846074466361,0.00176159235828009,0.00176159235828009,0,0,0,reliable
245,cp00p00_cache_boundary_center_t0005,245,5,120,formal_tps30,cache_boundary_center,0,5,float32_all,564.846074466361,564.84375,564.84375,0.00176159235828009,0.00176158533518949,0.00232446636073291,4.11522088195259e-06,0,reliable
245,cp00p00_cache_boundary_center_t0005,245,5,120,formal_tps30,cache_boundary_center,0,5,combined_int16,564.846074466361,563.6640801428,563.6640801428,0.00176159235828009,0.00175789908130669,1.1819943235605,0.00209259544678113,0,reliable
245,cp00p00_cache_boundary_center_t0005,245,5,120,formal_tps30,cache_boundary_center,0,5,combined_int18,564.846074466361,564.876409357938,564.876409357938,0.00176159235828009,0.00176168693944154,0.0303348915767856,5.37047046054884e-05,0,reliable
245,cp00p00_cache_boundary_center_t0005,245,5,120,formal_tps30,cache_boundary_center,0,5,combined_int24,564.846074466361,564.852956504154,564.852956504154,0.00176159235828009,0.00176161387069557,0.00688203779282048,1.21839171836722e-05,0,reliable
245,cp00p00_cache_boundary_center_t0005,245,5,120,formal_tps30,cache_boundary_center,0,5,mixed_Z16_G24_Rz24,564.846074466361,564.811954055389,564.811954055389,0.00176159235828009,0.00176149424103465,0.0341204109718092,6.04065647513696e-05,0,reliable
245,cp00p00_cache_boundary_center_t0005,245,5,120,formal_tps30,cache_boundary_center,0,5,combined_int14,564.846074466361,568.616698659695,568.616698659695,0.00176159235828009,0.00177337491591756,3.77062419333379,0.00667548977284846,0,reliable
245,cp00p00_cache_boundary_center_t0005,245,5,120,formal_tps30,cache_boundary_center,0,5,W_int18_G24_Z16,564.846074466361,564.811857223365,564.811857223365,0.00176159235828009,0.00176149424103451,0.0342172429955099,6.05779955677955e-05,0,reliable
365,cp04p00_hard_phase_t0005,365,5,120,formal_tps30,hard_phase,3.75,5,double_baseline,423.471750958677,423.471750958677,423.471750958677,0.00148812816173359,0.00148812816173359,0,0,0,reliable
365,cp04p00_hard_phase_t0005,365,5,120,formal_tps30,hard_phase,3.75,5,float32_all,423.471750958677,423.5,423.5,0.00148812816173359,0.00148822809599379,0.0282490413228516,6.67082072390895e-05,0,reliable
365,cp04p00_hard_phase_t0005,365,5,120,formal_tps30,hard_phase,3.75,5,combined_int16,423.471750958677,421.826763118675,421.826763118675,0.00148812816173359,0.00148234179439759,1.6449878400017,0.00388452792016869,0,reliable
365,cp04p00_hard_phase_t0005,365,5,120,formal_tps30,hard_phase,3.75,5,combined_int18,423.471750958677,422.905775068823,422.905775068823,0.00148812816173359,0.00148613387430132,0.565975889854599,0.00133651391993283,0,reliable
365,cp04p00_hard_phase_t0005,365,5,120,formal_tps30,hard_phase,3.75,5,combined_int24,423.471750958677,423.46247081476,423.46247081476,0.00148812816173359,0.00148809550458335,0.00928014391683973,2.19144344240929e-05,0,reliable
365,cp04p00_hard_phase_t0005,365,5,120,formal_tps30,hard_phase,3.75,5,mixed_Z16_G24_Rz24,423.471750958677,423.445167976897,423.445167976897,0.00148812816173359,0.00148803572240825,0.0265829817799386,6.27739199126238e-05,0,reliable
365,cp04p00_hard_phase_t0005,365,5,120,formal_tps30,hard_phase,3.75,5,combined_int14,423.471750958677,417.516338826943,417.516338826943,0.00148812816173359,0.00146717202592012,5.95541213173419,0.0140633043839454,0,reliable
365,cp04p00_hard_phase_t0005,365,5,120,formal_tps30,hard_phase,3.75,5,W_int18_G24_Z16,423.471750958677,423.46214057054,423.46214057054,0.00148812816173359,0.00148809550458341,0.00961038813693449,2.26942838930295e-05,0,reliable
485,cp04p00_medium_beta_coherent_t0005,485,5,120,formal_tps30,medium_beta_coherent,3.75,5,double_baseline,466.974303454364,466.974303454364,466.974303454364,0.00143894650322139,0.00143894650322139,0,0,0,reliable
485,cp04p00_medium_beta_coherent_t0005,485,5,120,formal_tps30,medium_beta_coherent,3.75,5,float32_all,466.974303454364,467.015625,467.015625,0.00143894650322139,0.00143907379286726,0.0413215456355829,8.84878361184195e-05,0,reliable
485,cp04p00_medium_beta_coherent_t0005,485,5,120,formal_tps30,medium_beta_coherent,3.75,5,combined_int16,466.974303454364,466.162330329971,466.162330329971,0.00143894650322139,0.00143643031784847,0.811973124393262,0.00173879615727638,0,reliable
485,cp04p00_medium_beta_coherent_t0005,485,5,120,formal_tps30,medium_beta_coherent,3.75,5,combined_int18,466.974303454364,467.38973398105,467.38973398105,0.00143894650322139,0.00144022310087298,0.415430526685668,0.000889621813475796,0,reliable
485,cp04p00_medium_beta_coherent_t0005,485,5,120,formal_tps30,medium_beta_coherent,3.75,5,combined_int24,466.974303454364,466.977716873895,466.977716873895,0.00143894650322139,0.00143895696481852,0.00341341953026131,7.30965174102966e-06,0,reliable
485,cp04p00_medium_beta_coherent_t0005,485,5,120,formal_tps30,medium_beta_coherent,3.75,5,mixed_Z16_G24_Rz24,466.974303454364,466.938545981538,466.938545981538,0.00143894650322139,0.00143883741220814,0.0357574728259351,7.65726776857424e-05,0,reliable
485,cp04p00_medium_beta_coherent_t0005,485,5,120,formal_tps30,medium_beta_coherent,3.75,5,combined_int14,466.974303454364,456.287500391772,456.287500391772,0.00143894650322139,0.00140595390916317,10.6868030625919,0.0228852058529519,0,reliable
485,cp04p00_medium_beta_coherent_t0005,485,5,120,formal_tps30,medium_beta_coherent,3.75,5,W_int18_G24_Z16,466.974303454364,466.938564809971,466.938564809971,0.00143894650322139,0.00143883741220808,0.0357386443938594,7.65323576254384e-05,0,reliable
605,cp08p00_easy_noncoherent_t0005,605,5,120,formal_tps30,easy_noncoherent,7.5,5,double_baseline,395.642067097855,395.642067097855,395.642067097855,0.00092563965451131,0.00092563965451131,0,0,0,weak_margin
605,cp08p00_easy_noncoherent_t0005,605,5,120,formal_tps30,easy_noncoherent,7.5,5,float32_all,395.642067097855,395.609375,395.609375,0.00092563965451131,0.000925563039272803,0.0326920978550334,8.26304899649297e-05,0,weak_margin
605,cp08p00_easy_noncoherent_t0005,605,5,120,formal_tps30,easy_noncoherent,7.5,5,combined_int16,395.642067097855,398.223755386251,398.223755386251,0.00092563965451131,0.000931681761947653,2.58168828839553,0.00652531291056315,0,weak_margin
605,cp08p00_easy_noncoherent_t0005,605,5,120,formal_tps30,easy_noncoherent,7.5,5,combined_int18,395.642067097855,394.948454417376,394.948454417376,0.00092563965451131,0.000924016800305514,0.693612680479418,0.00175313177783965,0,weak_margin
605,cp08p00_easy_noncoherent_t0005,605,5,120,formal_tps30,easy_noncoherent,7.5,5,combined_int24,395.642067097855,395.634606507258,395.634606507258,0.00092563965451131,0.00092562215799252,0.00746059059747495,1.88569194681457e-05,0,weak_margin
605,cp08p00_easy_noncoherent_t0005,605,5,120,formal_tps30,easy_noncoherent,7.5,5,mixed_Z16_G24_Rz24,395.642067097855,395.582204576436,395.582204576436,0.00092563965451131,0.000925502727915271,0.059862521418836,0.000151304743345277,0,weak_margin
605,cp08p00_easy_noncoherent_t0005,605,5,120,formal_tps30,easy_noncoherent,7.5,5,combined_int14,395.642067097855,391.716927618458,391.716927618458,0.00092563965451131,0.000916478279464791,3.92513947939733,0.00992093562797638,0,weak_margin
605,cp08p00_easy_noncoherent_t0005,605,5,120,formal_tps30,easy_noncoherent,7.5,5,W_int18_G24_Z16,395.642067097855,395.582362317538,395.582362317538,0.00092563965451131,0.000925502727915272,0.0597047803166788,0.000150906046858541,0,weak_margin
725,cp08p00_low_snr_hard_t0005,725,5,120,formal_tps30,low_snr_hard,7.5,5,double_baseline,123.673248379797,123.673248379797,123.673248379797,0.000622694081868566,0.000622694081868566,0,0,0,weak_margin
725,cp08p00_low_snr_hard_t0005,725,5,120,formal_tps30,low_snr_hard,7.5,5,float32_all,123.673248379797,123.6640625,123.6640625,0.000622694081868566,0.000622647738605485,0.00918587979685981,7.42753984164e-05,0,weak_margin
725,cp08p00_low_snr_hard_t0005,725,5,120,formal_tps30,low_snr_hard,7.5,5,combined_int16,123.673248379797,124.332076630919,124.332076630919,0.000622694081868566,0.00062602110149176,0.658828251122031,0.00532716864603402,0,weak_margin
725,cp08p00_low_snr_hard_t0005,725,5,120,formal_tps30,low_snr_hard,7.5,5,combined_int18,123.673248379797,123.572879431813,123.572879431813,0.000622694081868566,0.000622187274552522,0.100368947983952,0.00081156555115074,0,weak_margin
725,cp08p00_low_snr_hard_t0005,725,5,120,formal_tps30,low_snr_hard,7.5,5,combined_int24,123.673248379797,123.678328630194,123.678328630194,0.000622694081868566,0.000622719708795493,0.00508025039744098,4.10780056640841e-05,0,weak_margin
725,cp08p00_low_snr_hard_t0005,725,5,120,formal_tps30,low_snr_hard,7.5,5,mixed_Z16_G24_Rz24,123.673248379797,123.678053064446,123.678053064446,0.000622694081868566,0.000622719708795527,0.00480468464957085,3.88498297935525e-05,0,weak_margin
725,cp08p00_low_snr_hard_t0005,725,5,120,formal_tps30,low_snr_hard,7.5,5,combined_int14,123.673248379797,121.314398044022,121.314398044022,0.000622694081868566,0.000610798924993874,2.35885033577506,0.0190732463703961,0,weak_margin
725,cp08p00_low_snr_hard_t0005,725,5,120,formal_tps30,low_snr_hard,7.5,5,W_int18_G24_Z16,123.673248379797,123.678071918621,123.678071918621,0.000622694081868566,0.000622719708795469,0.00482353882398456,3.9002281311247e-05,0,weak_margin
845,cp08p00_cache_boundary_center_t0005,845,5,120,formal_tps30,cache_boundary_center,7.5,5,double_baseline,561.173721800122,561.173721800122,561.173721800122,0.00175308292735677,0.00175308292735677,0,0,0,reliable
845,cp08p00_cache_boundary_center_t0005,845,5,120,formal_tps30,cache_boundary_center,7.5,5,float32_all,561.173721800122,561.21875,561.21875,0.00175308292735677,0.00175322372927156,0.0450281998782884,8.02393236337722e-05,0,reliable
845,cp08p00_cache_boundary_center_t0005,845,5,120,formal_tps30,cache_boundary_center,7.5,5,combined_int16,561.173721800122,562.713723289053,562.713723289053,0.00175308292735677,0.00175789908130665,1.54000148893101,0.00274425089612362,0,reliable
845,cp08p00_cache_boundary_center_t0005,845,5,120,formal_tps30,cache_boundary_center,7.5,5,combined_int18,561.173721800122,561.476501634344,561.476501634344,0.00175308292735677,0.0017540306401256,0.302779834222747,0.000539547420808473,0,reliable
845,cp08p00_cache_boundary_center_t0005,845,5,120,formal_tps30,cache_boundary_center,7.5,5,combined_int24,561.173721800122,561.166511815187,561.166511815187,0.00175308292735677,0.00175306042195023,0.00720998493488878,1.28480444732172e-05,0,reliable
845,cp08p00_cache_boundary_center_t0005,845,5,120,formal_tps30,cache_boundary_center,7.5,5,mixed_Z16_G24_Rz24,561.173721800122,561.205177263095,561.205177263095,0.00175308292735677,0.00175318004959675,0.0314554629730992,5.60529863590138e-05,0,reliable
845,cp08p00_cache_boundary_center_t0005,845,5,120,formal_tps30,cache_boundary_center,7.5,5,combined_int14,561.173721800122,567.632915674447,567.632915674447,0.00175308292735677,0.00177337491591764,6.45919387432514,0.0115101502857359,0,reliable
845,cp08p00_cache_boundary_center_t0005,845,5,120,formal_tps30,cache_boundary_center,7.5,5,W_int18_G24_Z16,561.173721800122,561.186429726455,561.186429726455,0.00175308292735677,0.00175312023576991,0.0127079263329506,2.26452626687265e-05,0,reliable
965,cp15p00_hard_phase_t0005,965,5,120,formal_tps30,hard_phase,15,5,double_baseline,416.217722471338,416.217722471338,416.217722471338,0.0014623329270982,0.0014623329270982,0,0,0,reliable
965,cp15p00_hard_phase_t0005,965,5,120,formal_tps30,hard_phase,15,5,float32_all,416.217722471338,416.234375,416.234375,0.0014623329270982,0.00146239208346268,0.0166525286622345,4.00091773203658e-05,0,reliable
965,cp15p00_hard_phase_t0005,965,5,120,formal_tps30,hard_phase,15,5,combined_int16,416.217722471338,417.557315370621,417.557315370621,0.0014623329270982,0.00146703750114606,1.33959289928316,0.00321849077288008,0,reliable
965,cp15p00_hard_phase_t0005,965,5,120,formal_tps30,hard_phase,15,5,combined_int18,416.217722471338,416.457603203336,416.457603203336,0.0014623329270982,0.0014631779614072,0.23988073199871,0.000576334737921279,0,reliable
965,cp15p00_hard_phase_t0005,965,5,120,formal_tps30,hard_phase,15,5,combined_int24,416.217722471338,416.216881302214,416.216881302214,0.0014623329270982,0.00146233004845307,0.000841169123305008,2.02098343701098e-06,0,reliable
965,cp15p00_hard_phase_t0005,965,5,120,formal_tps30,hard_phase,15,5,mixed_Z16_G24_Rz24,416.217722471338,416.2154515656,416.2154515656,0.0014623329270982,0.00146233004845305,0.0022709057375323,5.45605248149587e-06,0,reliable
965,cp15p00_hard_phase_t0005,965,5,120,formal_tps30,hard_phase,15,5,combined_int14,416.217722471338,417.584233165951,417.584233165951,0.0014623329270982,0.00146717202592004,1.36651069461368,0.00328316316398032,0,reliable
965,cp15p00_hard_phase_t0005,965,5,120,formal_tps30,hard_phase,15,5,W_int18_G24_Z16,416.217722471338,416.215463177767,416.215463177767,0.0014623329270982,0.00146233004845302,0.00225929357111454,5.42815322158735e-06,0,reliable
1085,cp15p00_medium_beta_coherent_t0005,1085,5,120,formal_tps30,medium_beta_coherent,15,5,double_baseline,467.721073803521,467.721073803521,467.721073803521,0.00143771737994337,0.00143771737994337,0,0,0,reliable
1085,cp15p00_medium_beta_coherent_t0005,1085,5,120,formal_tps30,medium_beta_coherent,15,5,float32_all,467.721073803521,467.6875,467.6875,0.00143771737994337,0.00143761397960963,0.0335738035209943,7.17816780158549e-05,0,reliable
1085,cp15p00_medium_beta_coherent_t0005,1085,5,120,formal_tps30,medium_beta_coherent,15,5,combined_int16,467.721073803521,467.29692796478,467.29692796478,0.00143771737994337,0.00143643031784848,0.424145838740515,0.000906834997387115,0,reliable
1085,cp15p00_medium_beta_coherent_t0005,1085,5,120,formal_tps30,medium_beta_coherent,15,5,combined_int18,467.721073803521,467.293822357169,467.293822357169,0.00143771737994337,0.00143639739309158,0.427251446351875,0.000913474868424152,0,reliable
1085,cp15p00_medium_beta_coherent_t0005,1085,5,120,formal_tps30,medium_beta_coherent,15,5,combined_int24,467.721073803521,467.715971412574,467.715971412574,0.00143771737994337,0.00143770166383257,0.00510239094728604,1.09090465088375e-05,0,reliable
1085,cp15p00_medium_beta_coherent_t0005,1085,5,120,formal_tps30,medium_beta_coherent,15,5,mixed_Z16_G24_Rz24,467.721073803521,467.734491058043,467.734491058043,0.00143771737994337,0.00143776143999866,0.01341725452221,2.8686444279922e-05,0,reliable
1085,cp15p00_medium_beta_coherent_t0005,1085,5,120,formal_tps30,medium_beta_coherent,15,5,combined_int14,467.721073803521,457.408602420095,457.408602420095,0.00143771737994337,0.00140595390916307,10.3124713834259,0.0220483359870116,0,reliable
1085,cp15p00_medium_beta_coherent_t0005,1085,5,120,formal_tps30,medium_beta_coherent,15,5,W_int18_G24_Z16,467.721073803521,467.734453000856,467.734453000856,0.00143771737994337,0.00143776143999866,0.0133791973348707,2.86050770089761e-05,0,reliable
6,cp00p00_easy_noncoherent_t0006,6,6,120,formal_tps30,easy_noncoherent,0,6,double_baseline,719.381189133303,719.381189133303,719.381189133303,0.0019454595945542,0.0019454595945542,0,0,0,reliable
6,cp00p00_easy_noncoherent_t0006,6,6,120,formal_tps30,easy_noncoherent,0,6,float32_all,719.381189133303,719.328125,719.328125,0.0019454595945542,0.0019453167272012,0.0530641333025414,7.37635819564203e-05,0,reliable
6,cp00p00_easy_noncoherent_t0006,6,6,120,formal_tps30,easy_noncoherent,0,6,combined_int16,719.381189133303,717.98197268814,717.98197268814,0.0019454595945542,0.00194168819851086,1.39921644516289,0.00194502784656997,0,reliable
6,cp00p00_easy_noncoherent_t0006,6,6,120,formal_tps30,easy_noncoherent,0,6,combined_int18,719.381189133303,719.386583460291,719.386583460291,0.0019454595945542,0.0019454732392321,0.00539432698860765,7.4985655311708e-06,0,reliable
6,cp00p00_easy_noncoherent_t0006,6,6,120,formal_tps30,easy_noncoherent,0,6,combined_int24,719.381189133303,719.380861837097,719.380861837097,0.0019454595945542,0.00194545859994109,0.000327296205796301,4.54969091130423e-07,0,reliable
6,cp00p00_easy_noncoherent_t0006,6,6,120,formal_tps30,easy_noncoherent,0,6,mixed_Z16_G24_Rz24,719.381189133303,719.314857669233,719.314857669233,0.0019454595945542,0.00194527908959047,0.0663314640696626,9.22062809976691e-05,0,reliable
6,cp00p00_easy_noncoherent_t0006,6,6,120,formal_tps30,easy_noncoherent,0,6,combined_int14,719.381189133303,723.715400617075,723.715400617075,0.0019454595945542,0.00195718654434254,4.33421148377238,0.0060249163437178,0,reliable
6,cp00p00_easy_noncoherent_t0006,6,6,120,formal_tps30,easy_noncoherent,0,6,W_int18_G24_Z16,719.381189133303,719.314707726793,719.314707726793,0.0019454595945542,0.00194527908959051,0.0664814065094106,9.24147135255318e-05,0,reliable
126,cp00p00_low_snr_hard_t0006,126,6,120,formal_tps30,low_snr_hard,0,6,double_baseline,29.7125377521297,29.7125377521297,29.7125377521297,0.000141808863695872,0.000141808863695872,0,0,0,weak_margin
126,cp00p00_low_snr_hard_t0006,126,6,120,formal_tps30,low_snr_hard,0,6,float32_all,29.7125377521297,29.7109375,29.7109375,0.000141808863695872,0.000141801232108408,0.00160025212971959,5.38578072014361e-05,0,weak_margin
126,cp00p00_low_snr_hard_t0006,126,6,120,formal_tps30,low_snr_hard,0,6,combined_int16,29.7125377521297,28.7792986391869,28.7792986391869,0.000141808863695872,0.000137352155665789,0.933239112942829,0.0314089331826238,0,weak_margin
126,cp00p00_low_snr_hard_t0006,126,6,120,formal_tps30,low_snr_hard,0,6,combined_int18,29.7125377521297,29.5775739038072,29.5775739038072,0.000141808863695872,0.000141164800366297,0.134963848322514,0.00454231979268885,0,weak_margin
126,cp00p00_low_snr_hard_t0006,126,6,120,formal_tps30,low_snr_hard,0,6,combined_int24,29.7125377521297,29.7147813286865,29.7147813286865,0.000141808863695872,0.000141819576764838,0.00224357655679341,7.55094221675023e-05,0,weak_margin
126,cp00p00_low_snr_hard_t0006,126,6,120,formal_tps30,low_snr_hard,0,6,mixed_Z16_G24_Rz24,29.7125377521297,29.7147869189794,29.7147869189794,0.000141808863695872,0.000141819576764874,0.00224916684965137,7.56975680911052e-05,0,weak_margin
126,cp00p00_low_snr_hard_t0006,126,6,120,formal_tps30,low_snr_hard,0,6,combined_int14,29.7125377521297,25.5835953093774,25.5835953093774,0.000141808863695872,0.000122100122100141,4.1289424427523,0.138962968333338,0,weak_margin
126,cp00p00_low_snr_hard_t0006,126,6,120,formal_tps30,low_snr_hard,0,6,W_int18_G24_Z16,29.7125377521297,29.7147709071578,29.7147709071578,0.000141808863695872,0.000141819576764817,0.00223315502807964,7.51586770106693e-05,0,weak_margin
246,cp00p00_cache_boundary_center_t0006,246,6,120,formal_tps30,cache_boundary_center,0,6,double_baseline,393.52672429994,393.52672429994,393.52672429994,0.0012298842184594,0.0012298842184594,0,0,0,reliable
246,cp00p00_cache_boundary_center_t0006,246,6,120,formal_tps30,cache_boundary_center,0,6,float32_all,393.52672429994,393.546875,393.546875,0.0012298842184594,0.00122994731008663,0.020150700060185,5.12054171061239e-05,0,reliable
246,cp00p00_cache_boundary_center_t0006,246,6,120,formal_tps30,cache_boundary_center,0,6,combined_int16,393.52672429994,391.076144432358,391.076144432358,0.0012298842184594,0.00122223240749233,2.45057986758184,0.0062272260465697,0,reliable
246,cp00p00_cache_boundary_center_t0006,246,6,120,formal_tps30,cache_boundary_center,0,6,combined_int18,393.52672429994,393.517891128373,393.517891128373,0.0012298842184594,0.00122985257046829,0.00883317156694829,2.24461796912572e-05,0,reliable
246,cp00p00_cache_boundary_center_t0006,246,6,120,formal_tps30,cache_boundary_center,0,6,combined_int24,393.52672429994,393.532740943658,393.532740943658,0.0012298842184594,0.0012299030740415,0.00601664371788502,1.52890346356738e-05,0,reliable
246,cp00p00_cache_boundary_center_t0006,246,6,120,formal_tps30,cache_boundary_center,0,6,mixed_Z16_G24_Rz24,393.52672429994,393.531999231869,393.531999231869,0.0012298842184594,0.00122990307404156,0.00527493192930706,1.34042533926783e-05,0,reliable
246,cp00p00_cache_boundary_center_t0006,246,6,120,formal_tps30,cache_boundary_center,0,6,combined_int14,393.52672429994,391.128468528972,391.128468528972,0.0012298842184594,0.00122234445666783,2.39825577096781,0.0060942640559778,0,reliable
246,cp00p00_cache_boundary_center_t0006,246,6,120,formal_tps30,cache_boundary_center,0,6,W_int18_G24_Z16,393.52672429994,393.532145117497,393.532145117497,0.0012298842184594,0.00122990307404162,0.00542081755702384,1.3774966786988e-05,0,reliable
366,cp04p00_hard_phase_t0006,366,6,120,formal_tps30,hard_phase,3.75,6,double_baseline,850.279797681607,850.279797681607,850.279797681607,0.00255127738045149,0.00255127738045149,0,0,0,reliable
366,cp04p00_hard_phase_t0006,366,6,120,formal_tps30,hard_phase,3.75,6,float32_all,850.279797681607,850.34375,850.34375,0.00255127738045149,0.00255147010285769,0.063952318392694,7.52132634070195e-05,0,reliable
366,cp04p00_hard_phase_t0006,366,6,120,formal_tps30,hard_phase,3.75,6,combined_int16,850.279797681607,851.447104010818,851.447104010818,0.00255127738045149,0.00255480594183609,1.16730632921099,0.00137284965771713,0,reliable
366,cp04p00_hard_phase_t0006,366,6,120,formal_tps30,hard_phase,3.75,6,combined_int18,850.279797681607,850.157983084355,850.157983084355,0.00255127738045149,0.00255091308920542,0.121814597252524,0.000143264132094713,0,reliable
366,cp04p00_hard_phase_t0006,366,6,120,formal_tps30,hard_phase,3.75,6,combined_int24,850.279797681607,850.271785232588,850.271785232588,0.00255127738045149,0.00255125333741271,0.00801244901958853,9.42330870548196e-06,0,reliable
366,cp04p00_hard_phase_t0006,366,6,120,formal_tps30,hard_phase,3.75,6,mixed_Z16_G24_Rz24,850.279797681607,850.250818969682,850.250818969682,0.00255127738045149,0.0025511934282433,0.028978711925447,3.40813835686335e-05,0,reliable
366,cp04p00_hard_phase_t0006,366,6,120,formal_tps30,hard_phase,3.75,6,combined_int14,850.279797681607,856.602385879087,856.602385879087,0.00255127738045149,0.0025703794369645,6.32258819747949,0.00743589135566764,0,reliable
366,cp04p00_hard_phase_t0006,366,6,120,formal_tps30,hard_phase,3.75,6,W_int18_G24_Z16,850.279797681607,850.230785122811,850.230785122811,0.00255127738045149,0.00255113351908115,0.0490125587966759,5.76428593626647e-05,0,reliable
486,cp04p00_medium_beta_coherent_t0006,486,6,120,formal_tps30,medium_beta_coherent,3.75,6,double_baseline,170.244449449907,170.244449449907,170.244449449907,0.000459792264711909,0.000459792264711909,0,0,0,weak_margin
486,cp04p00_medium_beta_coherent_t0006,486,6,120,formal_tps30,medium_beta_coherent,3.75,6,float32_all,170.244449449907,170.28125,170.28125,0.000459792264711909,0.00045989157226961,0.0368005500931758,0.000216162995105483,0,weak_margin
486,cp04p00_medium_beta_coherent_t0006,486,6,120,formal_tps30,medium_beta_coherent,3.75,6,combined_int16,170.244449449907,169.574851747369,169.574851747369,0.000459792264711909,0.000457987298485563,0.66959770253743,0.00393315438301238,0,weak_margin
486,cp04p00_medium_beta_coherent_t0006,486,6,120,formal_tps30,medium_beta_coherent,3.75,6,combined_int18,170.244449449907,169.571877881652,169.571877881652,0.000459792264711909,0.000457976811107391,0.67257156825508,0.00395062259256199,0,weak_margin
486,cp04p00_medium_beta_coherent_t0006,486,6,120,formal_tps30,medium_beta_coherent,3.75,6,combined_int24,170.244449449907,170.255756577331,170.255756577331,0.000459792264711909,0.000459822810491168,0.0113071274245158,6.64170107222369e-05,0,weak_margin
486,cp04p00_medium_beta_coherent_t0006,486,6,120,formal_tps30,medium_beta_coherent,3.75,6,mixed_Z16_G24_Rz24,170.244449449907,170.255295217183,170.255295217183,0.000459792264711909,0.000459822810491093,0.0108457672758959,6.37070242873746e-05,0,weak_margin
486,cp04p00_medium_beta_coherent_t0006,486,6,120,formal_tps30,medium_beta_coherent,3.75,6,combined_int14,170.244449449907,158.285151923425,158.285151923425,0.000459792264711909,0.000427480916030521,11.9592975264823,0.0702477970067459,0,weak_margin
486,cp04p00_medium_beta_coherent_t0006,486,6,120,formal_tps30,medium_beta_coherent,3.75,6,W_int18_G24_Z16,170.244449449907,170.255310522916,170.255310522916,0.000459792264711909,0.000459822810491183,0.010861073009437,6.37969287370672e-05,0,weak_margin
606,cp08p00_easy_noncoherent_t0006,606,6,120,formal_tps30,easy_noncoherent,7.5,6,double_baseline,654.71634216723,654.71634216723,654.71634216723,0.00175350886472133,0.00175350886472133,0,0,0,reliable
606,cp08p00_easy_noncoherent_t0006,606,6,120,formal_tps30,easy_noncoherent,7.5,6,float32_all,654.71634216723,654.75,654.75,0.00175350886472133,0.00175359966253752,0.033657832769677,5.14082673700545e-05,0,reliable
606,cp08p00_easy_noncoherent_t0006,606,6,120,formal_tps30,easy_noncoherent,7.5,6,combined_int16,654.71634216723,656.346081221913,656.346081221913,0.00175350886472133,0.00175789908130667,1.62973905468243,0.00248922922755784,0,reliable
606,cp08p00_easy_noncoherent_t0006,606,6,120,formal_tps30,easy_noncoherent,7.5,6,combined_int18,654.71634216723,654.911946764216,654.911946764216,0.00175350886472133,0.00175403064012566,0.195604596985504,0.000298762356134287,0,reliable
606,cp08p00_easy_noncoherent_t0006,606,6,120,formal_tps30,easy_noncoherent,7.5,6,combined_int24,654.71634216723,654.727558766317,654.727558766317,0.00175350886472133,0.00175353893270818,0.0112165990867652,1.71319980338909e-05,0,reliable
606,cp08p00_easy_noncoherent_t0006,606,6,120,formal_tps30,easy_noncoherent,7.5,6,mixed_Z16_G24_Rz24,654.71634216723,654.706599623663,654.706599623663,0.00175350886472133,0.00175347911883842,0.00974254356697202,1.48805565700749e-05,0,reliable
606,cp08p00_easy_noncoherent_t0006,606,6,120,formal_tps30,easy_noncoherent,7.5,6,combined_int14,654.71634216723,662.13020502869,662.13020502869,0.00175350886472133,0.00177337491591759,7.41386286146007,0.0113237785342563,0,reliable
606,cp08p00_easy_noncoherent_t0006,606,6,120,formal_tps30,easy_noncoherent,7.5,6,W_int18_G24_Z16,654.71634216723,654.684014508181,654.684014508181,0.00175350886472133,0.00175341930497579,0.0323276590497699,4.93765879476285e-05,0,reliable
726,cp08p00_low_snr_hard_t0006,726,6,120,formal_tps30,low_snr_hard,7.5,6,double_baseline,29.8884479071858,29.8884479071858,29.8884479071858,0.000142666266933075,0.000142666266933075,0,0,0,weak_margin
726,cp08p00_low_snr_hard_t0006,726,6,120,formal_tps30,low_snr_hard,7.5,6,float32_all,29.8884479071858,29.8671875,29.8671875,0.000142666266933075,0.000142564826628231,0.0212604071857641,0.000711325233474323,0,weak_margin
726,cp08p00_low_snr_hard_t0006,726,6,120,formal_tps30,low_snr_hard,7.5,6,combined_int16,29.8884479071858,28.7752849448443,28.7752849448443,0.000142666266933075,0.000137352155665831,1.11316296234145,0.0372439199853473,0,weak_margin
726,cp08p00_low_snr_hard_t0006,726,6,120,formal_tps30,low_snr_hard,7.5,6,combined_int18,29.8884479071858,29.5739491524291,29.5739491524291,0.000142666266933075,0.000141164800366288,0.314498754756642,0.0105224184184228,0,weak_margin
726,cp08p00_low_snr_hard_t0006,726,6,120,formal_tps30,low_snr_hard,7.5,6,combined_int24,29.8884479071858,29.8859365292446,29.8859365292446,0.000142666266933075,0.000142654279291576,0.00251137794111855,8.40250369948039e-05,0,weak_margin
726,cp08p00_low_snr_hard_t0006,726,6,120,formal_tps30,low_snr_hard,7.5,6,mixed_Z16_G24_Rz24,29.8884479071858,29.8860063565808,29.8860063565808,0.000142666266933075,0.000142654279291515,0.00244155060499907,8.168877194898e-05,0,weak_margin
726,cp08p00_low_snr_hard_t0006,726,6,120,formal_tps30,low_snr_hard,7.5,6,combined_int14,29.8884479071858,25.5810427381803,25.5810427381803,0.000142666266933075,0.000122100122100129,4.30740516900551,0.144116053880801,0,weak_margin
726,cp08p00_low_snr_hard_t0006,726,6,120,formal_tps30,low_snr_hard,7.5,6,W_int18_G24_Z16,29.8884479071858,29.8860145581857,29.8860145581857,0.000142666266933075,0.000142654279291553,0.00243334900005721,8.14143647610481e-05,0,weak_margin
846,cp08p00_cache_boundary_center_t0006,846,6,120,formal_tps30,cache_boundary_center,7.5,6,double_baseline,386.943429473205,386.943429473205,386.943429473205,0.00121042730324909,0.00121042730324909,0,0,0,reliable
846,cp08p00_cache_boundary_center_t0006,846,6,120,formal_tps30,cache_boundary_center,7.5,6,float32_all,386.943429473205,386.984375,386.984375,0.00121042730324909,0.00121055558328011,0.0409455267945305,0.000105817862963262,0,reliable
846,cp08p00_cache_boundary_center_t0006,846,6,120,formal_tps30,cache_boundary_center,7.5,6,combined_int16,386.943429473205,385.829760017514,385.829760017514,0.00121042730324909,0.00120693606294395,1.11366945569171,0.00287811956700721,0,reliable
846,cp08p00_cache_boundary_center_t0006,846,6,120,formal_tps30,cache_boundary_center,7.5,6,combined_int18,386.943429473205,387.039807221823,387.039807221823,0.00121042730324909,0.00121073235940034,0.0963777486176696,0.000249074519107045,0,reliable
846,cp08p00_cache_boundary_center_t0006,846,6,120,formal_tps30,cache_boundary_center,7.5,6,combined_int24,386.943429473205,386.942542112898,386.942542112898,0.00121042730324909,0.00121042451031158,0.000887360307388008,2.29325591235929e-06,0,reliable
846,cp08p00_cache_boundary_center_t0006,846,6,120,formal_tps30,cache_boundary_center,7.5,6,mixed_Z16_G24_Rz24,386.943429473205,386.980373192026,386.980373192026,0.00121042730324909,0.00121054400839196,0.0369437188201118,9.54757621040573e-05,0,reliable
846,cp08p00_cache_boundary_center_t0006,846,6,120,formal_tps30,cache_boundary_center,7.5,6,combined_int14,386.943429473205,390.723557874589,390.723557874589,0.00121042730324909,0.0012223444566679,3.78012840138399,0.0097692016802827,0,reliable
846,cp08p00_cache_boundary_center_t0006,846,6,120,formal_tps30,cache_boundary_center,7.5,6,W_int18_G24_Z16,386.943429473205,386.98046421766,386.98046421766,0.00121042730324909,0.00121054400839201,0.0370347444550134,9.57110048500719e-05,0,reliable
966,cp15p00_hard_phase_t0006,966,6,120,formal_tps30,hard_phase,15,6,double_baseline,845.907902606268,845.907902606268,845.907902606268,0.00255220231511047,0.00255220231511047,0,0,0,reliable
966,cp15p00_hard_phase_t0006,966,6,120,formal_tps30,hard_phase,15,6,float32_all,845.907902606268,845.921875,845.921875,0.00255220231511047,0.00255224599203,0.0139723937318195,1.6517629979304e-05,0,reliable
966,cp15p00_hard_phase_t0006,966,6,120,formal_tps30,hard_phase,15,6,combined_int16,845.907902606268,846.768885280442,846.768885280442,0.00255220231511047,0.00255480594183607,0.860982674174011,0.00101782081893466,0,reliable
966,cp15p00_hard_phase_t0006,966,6,120,formal_tps30,hard_phase,15,6,combined_int18,845.907902606268,845.48186633602,845.48186633602,0.00255220231511047,0.00255091308920544,0.426036270248005,0.000503643799680053,0,reliable
966,cp15p00_hard_phase_t0006,966,6,120,formal_tps30,hard_phase,15,6,combined_int24,845.907902606268,845.91103917663,845.91103917663,0.00255220231511047,0.00255221188509681,0.00313657036167569,3.70793363203231e-06,0,reliable
966,cp15p00_hard_phase_t0006,966,6,120,formal_tps30,hard_phase,15,6,mixed_Z16_G24_Rz24,845.907902606268,845.911126461375,845.911126461375,0.00255220231511047,0.00255221188509679,0.00322385510662571,3.81111832232907e-06,0,reliable
966,cp15p00_hard_phase_t0006,966,6,120,formal_tps30,hard_phase,15,6,combined_int14,845.907902606268,851.915408165514,851.915408165514,0.00255220231511047,0.00257037943696451,6.00750555924606,0.00710184352307946,0,reliable
966,cp15p00_hard_phase_t0006,966,6,120,formal_tps30,hard_phase,15,6,W_int18_G24_Z16,845.907902606268,845.891986439121,845.891986439121,0.00255220231511047,0.00255215197581288,0.0159161671472248,1.88154846386782e-05,0,reliable
1086,cp15p00_medium_beta_coherent_t0006,1086,6,120,formal_tps30,medium_beta_coherent,15,6,double_baseline,168.174615212076,168.174615212076,168.174615212076,0.0004537743895975,0.0004537743895975,0,0,0,weak_margin
1086,cp15p00_medium_beta_coherent_t0006,1086,6,120,formal_tps30,medium_beta_coherent,15,6,float32_all,168.174615212076,168.21875,168.21875,0.0004537743895975,0.000453893509145748,0.0441347879241221,0.000262434302991959,0,weak_margin
1086,cp15p00_medium_beta_coherent_t0006,1086,6,120,formal_tps30,medium_beta_coherent,15,6,combined_int16,168.174615212076,169.734355203225,169.734355203225,0.0004537743895975,0.000457987298485622,1.5597399911494,0.00927452689088954,0,weak_margin
1086,cp15p00_medium_beta_coherent_t0006,1086,6,120,formal_tps30,medium_beta_coherent,15,6,combined_int18,168.174615212076,168.316939663375,168.316939663375,0.0004537743895975,0.000454158604397365,0.142324451298919,0.000846289739503438,0,weak_margin
1086,cp15p00_medium_beta_coherent_t0006,1086,6,120,formal_tps30,medium_beta_coherent,15,6,combined_int24,168.174615212076,168.183089207625,168.183089207625,0.0004537743895975,0.000453797239338509,0.00847399554913864,5.03880775255679e-05,0,weak_margin
1086,cp15p00_medium_beta_coherent_t0006,1086,6,120,formal_tps30,medium_beta_coherent,15,6,mixed_Z16_G24_Rz24,168.174615212076,168.182636259124,168.182636259124,0.0004537743895975,0.000453797239338454,0.00802104704780504,4.7694754869456e-05,0,weak_margin
1086,cp15p00_medium_beta_coherent_t0006,1086,6,120,formal_tps30,medium_beta_coherent,15,6,combined_int14,168.174615212076,158.436250173545,158.436250173545,0.0004537743895975,0.000427480916030501,9.7383650385309,0.0579062721579614,0,weak_margin
1086,cp15p00_medium_beta_coherent_t0006,1086,6,120,formal_tps30,medium_beta_coherent,15,6,W_int18_G24_Z16,168.174615212076,168.204696117929,168.204696117929,0.0004537743895975,0.000453856898103065,0.0300809058535378,0.00017886710081426,0,weak_margin
7,cp00p00_easy_noncoherent_t0007,7,7,120,formal_tps30,easy_noncoherent,0,7,double_baseline,125.020558871678,125.020558871678,125.020558871678,0.000295982514661157,0.000295982514661157,0,0,0,weak_margin
7,cp00p00_easy_noncoherent_t0007,7,7,120,formal_tps30,easy_noncoherent,0,7,float32_all,125.020558871678,125.015625,125.015625,0.000295982514661157,0.0002959707472442,0.00493387167807668,3.94644826627342e-05,0,weak_margin
7,cp00p00_easy_noncoherent_t0007,7,7,120,formal_tps30,easy_noncoherent,0,7,combined_int16,125.020558871678,122.498336287448,122.498336287448,0.000295982514661157,0.000290009921391997,2.52222258422989,0.0201744625603435,0,weak_margin
7,cp00p00_easy_noncoherent_t0007,7,7,120,formal_tps30,easy_noncoherent,0,7,combined_int18,125.020558871678,125.719446209085,125.719446209085,0.000295982514661157,0.000297637218389387,0.698887337406632,0.00559017927702574,0,weak_margin
7,cp00p00_easy_noncoherent_t0007,7,7,120,formal_tps30,easy_noncoherent,0,7,combined_int24,125.020558871678,125.013186572323,125.013186572323,0.000295982514661157,0.000295965061336425,0.00737229935475625,5.89686961991845e-05,0,weak_margin
7,cp00p00_easy_noncoherent_t0007,7,7,120,formal_tps30,easy_noncoherent,0,7,mixed_Z16_G24_Rz24,125.020558871678,124.93772956953,124.93772956953,0.000295982514661157,0.000295786141551762,0.0828293021477293,0.000662525450975994,0,weak_margin
7,cp00p00_easy_noncoherent_t0007,7,7,120,formal_tps30,easy_noncoherent,0,7,combined_int14,125.020558871678,128.956518243038,128.956518243038,0.000295982514661157,0.0003053062221408,3.93595937135979,0.0314824970139486,0,weak_margin
7,cp00p00_easy_noncoherent_t0007,7,7,120,formal_tps30,easy_noncoherent,0,7,W_int18_G24_Z16,125.020558871678,124.937739035639,124.937739035639,0.000295982514661157,0.000295786141551718,0.0828198360395618,0.000662449734563806,0,weak_margin
127,cp00p00_low_snr_hard_t0007,127,7,120,formal_tps30,low_snr_hard,0,7,double_baseline,121.725632010508,121.725632010508,121.725632010508,0.000613152971654568,0.000613152971654568,0,0,0,weak_margin
127,cp00p00_low_snr_hard_t0007,127,7,120,formal_tps30,low_snr_hard,0,7,float32_all,121.725632010508,121.703125,121.703125,0.000613152971654568,0.000613039521412032,0.0225070105079794,0.000184899516529407,0,weak_margin
127,cp00p00_low_snr_hard_t0007,127,7,120,formal_tps30,low_snr_hard,0,7,combined_int16,121.725632010508,121.248352534632,121.248352534632,0.000613152971654568,0.000610742968821558,0.477279475875548,0.00392094473442,0,weak_margin
127,cp00p00_low_snr_hard_t0007,127,7,120,formal_tps30,low_snr_hard,0,7,combined_int18,121.725632010508,121.244907687462,121.244907687462,0.000613152971654568,0.000610728981380427,0.480724323046161,0.00394924483123376,0,weak_margin
127,cp00p00_low_snr_hard_t0007,127,7,120,formal_tps30,low_snr_hard,0,7,combined_int24,121.725632010508,121.729247833762,121.729247833762,0.000613152971654568,0.000613171174477766,0.00361582325422205,2.97046989569946e-05,0,weak_margin
127,cp00p00_low_snr_hard_t0007,127,7,120,formal_tps30,low_snr_hard,0,7,mixed_Z16_G24_Rz24,121.725632010508,121.717365155331,121.717365155331,0.000613152971654568,0.000613111496711326,0.00826685517677106,6.79138406614099e-05,0,weak_margin
127,cp00p00_low_snr_hard_t0007,127,7,120,formal_tps30,low_snr_hard,0,7,combined_int14,121.725632010508,121.263488812154,121.263488812154,0.000613152971654568,0.000610798924993908,0.46214319835417,0.00379659723856907,0,weak_margin
127,cp00p00_low_snr_hard_t0007,127,7,120,formal_tps30,low_snr_hard,0,7,W_int18_G24_Z16,121.725632010508,121.729203948649,121.729203948649,0.000613152971654568,0.000613171174477776,0.00357193814124912,2.93441741254691e-05,0,weak_margin
247,cp00p00_cache_boundary_center_t0007,247,7,120,formal_tps30,cache_boundary_center,0,7,double_baseline,562.003217107995,562.003217107995,562.003217107995,0.00175814910984576,0.00175814910984576,0,0,0,reliable
247,cp00p00_cache_boundary_center_t0007,247,7,120,formal_tps30,cache_boundary_center,0,7,float32_all,562.003217107995,562.03125,562.03125,0.00175814910984576,0.00175823741806868,0.0280328920052852,4.98803052223426e-05,0,reliable
247,cp00p00_cache_boundary_center_t0007,247,7,120,formal_tps30,cache_boundary_center,0,7,combined_int16,562.003217107995,561.924690745131,561.924690745131,0.00175814910984576,0.00175789908130669,0.0785263628640678,0.000139725824467973,0,reliable
247,cp00p00_cache_boundary_center_t0007,247,7,120,formal_tps30,cache_boundary_center,0,7,combined_int18,562.003217107995,561.911497127439,561.911497127439,0.00175814910984576,0.00175785877515462,0.0917199805553537,0.000163201878144638,0,reliable
247,cp00p00_cache_boundary_center_t0007,247,7,120,formal_tps30,cache_boundary_center,0,7,combined_int24,562.003217107995,562.001799987222,562.001799987222,0.00175814910984576,0.00175814462212843,0.0014171207731124,2.52155277758861e-06,0,reliable
247,cp00p00_cache_boundary_center_t0007,247,7,120,formal_tps30,cache_boundary_center,0,7,mixed_Z16_G24_Rz24,562.003217107995,561.982136707084,561.982136707084,0.00175814910984576,0.00175808480770872,0.0210804009111598,3.75093954437435e-05,0,reliable
247,cp00p00_cache_boundary_center_t0007,247,7,120,formal_tps30,cache_boundary_center,0,7,combined_int14,562.003217107995,566.871682417433,566.871682417433,0.00175814910984576,0.00177337491591756,4.86846530943876,0.00866270007223684,0,reliable
247,cp00p00_cache_boundary_center_t0007,247,7,120,formal_tps30,cache_boundary_center,0,7,W_int18_G24_Z16,562.003217107995,562.001335506095,562.001335506095,0.00175814910984576,0.00175814462212843,0.00188160190009512,3.34802692016183e-06,0,reliable
367,cp04p00_hard_phase_t0007,367,7,120,formal_tps30,hard_phase,3.75,7,double_baseline,425.949868194701,425.949868194701,425.949868194701,0.00149655832965342,0.00149655832965342,0,0,0,reliable
367,cp04p00_hard_phase_t0007,367,7,120,formal_tps30,hard_phase,3.75,7,float32_all,425.949868194701,425.953125,425.953125,0.00149655832965342,0.00149657033905298,0.0032568052993156,7.64598264372962e-06,0,reliable
367,cp04p00_hard_phase_t0007,367,7,120,formal_tps30,hard_phase,3.75,7,combined_int16,425.949868194701,426.255429516343,426.255429516343,0.00149655832965342,0.00149764655541296,0.305561321642017,0.000717364517418622,0,reliable
367,cp04p00_hard_phase_t0007,367,7,120,formal_tps30,hard_phase,3.75,7,combined_int18,425.949868194701,426.248030512041,426.248030512041,0.00149655832965342,0.00149761222540591,0.298162317340029,0.000699993918541935,0,reliable
367,cp04p00_hard_phase_t0007,367,7,120,formal_tps30,hard_phase,3.75,7,combined_int24,425.949868194701,425.940364192647,425.940364192647,0.00149655832965342,0.00149652486272806,0.00950400205329061,2.2312489715213e-05,0,reliable
367,cp04p00_hard_phase_t0007,367,7,120,formal_tps30,hard_phase,3.75,7,mixed_Z16_G24_Rz24,425.949868194701,425.974841551215,425.974841551215,0.00149655832965342,0.00149664442911239,0.0249733565142378,5.8629802187948e-05,0,reliable
367,cp04p00_hard_phase_t0007,367,7,120,formal_tps30,hard_phase,3.75,7,combined_int14,425.949868194701,435.002744468948,435.002744468948,0.00149655832965342,0.00152839762792682,9.05287627424696,0.021253384377405,0,reliable
367,cp04p00_hard_phase_t0007,367,7,120,formal_tps30,hard_phase,3.75,7,W_int18_G24_Z16,425.949868194701,425.974913276674,425.974913276674,0.00149655832965342,0.00149664442911246,0.0250450819730759,5.87981916257521e-05,0,reliable
487,cp04p00_medium_beta_coherent_t0007,487,7,120,formal_tps30,medium_beta_coherent,3.75,7,double_baseline,465.444131107943,465.444131107943,465.444131107943,0.00144489653669853,0.00144489653669853,0,0,0,reliable
487,cp04p00_medium_beta_coherent_t0007,487,7,120,formal_tps30,medium_beta_coherent,3.75,7,float32_all,465.444131107943,465.4375,465.4375,0.00144489653669853,0.00144487586135711,0.00663110794266686,1.42468397375259e-05,0,reliable
487,cp04p00_medium_beta_coherent_t0007,487,7,120,formal_tps30,medium_beta_coherent,3.75,7,combined_int16,465.444131107943,467.641384409595,467.641384409595,0.00144489653669853,0.00145173367563688,2.19725330165238,0.00472076701541395,0,reliable
487,cp04p00_medium_beta_coherent_t0007,487,7,120,formal_tps30,medium_beta_coherent,3.75,7,combined_int18,465.444131107943,465.170950218017,465.170950218017,0.00144489653669853,0.00144404883788458,0.273180889926152,0.00058692520040133,0,reliable
487,cp04p00_medium_beta_coherent_t0007,487,7,120,formal_tps30,medium_beta_coherent,3.75,7,combined_int24,465.444131107943,465.437156101427,465.437156101427,0.00144489653669853,0.00144487485471264,0.00697500651585869,1.49857008600697e-05,0,reliable
487,cp04p00_medium_beta_coherent_t0007,487,7,120,formal_tps30,medium_beta_coherent,3.75,7,mixed_Z16_G24_Rz24,465.444131107943,465.437854538992,465.437854538992,0.00144489653669853,0.00144487485471264,0.00627656895085238,1.34851178290972e-05,0,reliable
487,cp04p00_medium_beta_coherent_t0007,487,7,120,formal_tps30,medium_beta_coherent,3.75,7,combined_int14,465.444131107943,472.630028388434,472.630028388434,0.00144489653669853,0.00146717202592004,7.18589728049119,0.015438796625034,0,reliable
487,cp04p00_medium_beta_coherent_t0007,487,7,120,formal_tps30,medium_beta_coherent,3.75,7,W_int18_G24_Z16,465.444131107943,465.437887802982,465.437887802982,0.00144489653669853,0.00144487485471262,0.0062433049606625,1.34136506261255e-05,0,reliable
607,cp08p00_easy_noncoherent_t0007,607,7,120,formal_tps30,easy_noncoherent,7.5,7,double_baseline,102.921992970019,102.921992970019,102.921992970019,0.00024448720021266,0.00024448720021266,0,0,0,weak_margin
607,cp08p00_easy_noncoherent_t0007,607,7,120,formal_tps30,easy_noncoherent,7.5,7,float32_all,102.921992970019,102.9375,102.9375,0.00024448720021266,0.000244523951432822,0.0155070299806539,0.000150667797359608,0,weak_margin
607,cp08p00_easy_noncoherent_t0007,607,7,120,formal_tps30,easy_noncoherent,7.5,7,combined_int16,102.921992970019,102.805049912335,102.805049912335,0.00024448720021266,0.000244207698647691,0.116943057684693,0.00113623001566593,0,weak_margin
607,cp08p00_easy_noncoherent_t0007,607,7,120,formal_tps30,easy_noncoherent,7.5,7,combined_int18,102.921992970019,102.802006003825,102.802006003825,0.00024448720021266,0.000244202107769401,0.119986966194119,0.00116580492401727,0,weak_margin
607,cp08p00_easy_noncoherent_t0007,607,7,120,formal_tps30,easy_noncoherent,7.5,7,combined_int24,102.921992970019,102.926726009115,102.926726009115,0.00024448720021266,0.000244498442239034,0.00473303909529932,4.59866638676345e-05,0,weak_margin
607,cp08p00_easy_noncoherent_t0007,607,7,120,formal_tps30,easy_noncoherent,7.5,7,mixed_Z16_G24_Rz24,102.921992970019,102.976833158726,102.976833158726,0.00024448720021266,0.000244617709857207,0.0548401887062937,0.000532832557199591,0,weak_margin
607,cp08p00_easy_noncoherent_t0007,607,7,120,formal_tps30,easy_noncoherent,7.5,7,combined_int14,102.921992970019,102.811785930098,102.811785930098,0.00024448720021266,0.000244230064720962,0.110207039921079,0.00107078221807444,0,weak_margin
607,cp08p00_easy_noncoherent_t0007,607,7,120,formal_tps30,easy_noncoherent,7.5,7,W_int18_G24_Z16,102.921992970019,102.976830590022,102.976830590022,0.00024448720021266,0.000244617709857146,0.0548376200022176,0.000532807599423298,0,weak_margin
727,cp08p00_low_snr_hard_t0007,727,7,120,formal_tps30,low_snr_hard,7.5,7,double_baseline,118.844225999084,118.844225999084,118.844225999084,0.000598669486957913,0.000598669486957913,0,0,0,weak_margin
727,cp08p00_low_snr_hard_t0007,727,7,120,formal_tps30,low_snr_hard,7.5,7,float32_all,118.844225999084,118.828125,118.828125,0.000598669486957913,0.000598588417530573,0.0161009990843013,0.000135479859866523,0,weak_margin
727,cp08p00_low_snr_hard_t0007,727,7,120,formal_tps30,low_snr_hard,7.5,7,combined_int16,118.844225999084,118.207127026777,118.207127026777,0.000598669486957913,0.000595465302694894,0.637098972307285,0.00536079028620367,0,weak_margin
727,cp08p00_low_snr_hard_t0007,727,7,120,formal_tps30,low_snr_hard,7.5,7,combined_int18,118.844225999084,118.963140111664,118.963140111664,0.000598669486957913,0.000599270950626965,0.11891411257966,0.00100058805196456,0,weak_margin
727,cp08p00_low_snr_hard_t0007,727,7,120,formal_tps30,low_snr_hard,7.5,7,combined_int24,118.844225999084,118.844269408073,118.844269408073,0.000598669486957913,0.000598669686535203,4.34089888585731e-05,3.65259552945446e-07,0,weak_margin
727,cp08p00_low_snr_hard_t0007,727,7,120,formal_tps30,low_snr_hard,7.5,7,mixed_Z16_G24_Rz24,118.844225999084,118.867898895827,118.867898895827,0.000598669486957913,0.000598789038629852,0.0236728967429372,0.000199192653609605,0,weak_margin
727,cp08p00_low_snr_hard_t0007,727,7,120,formal_tps30,low_snr_hard,7.5,7,combined_int14,118.844225999084,121.24910225092,121.24910225092,0.000598669486957913,0.000610798924993915,2.40487625183596,0.0202355329560099,0,weak_margin
727,cp08p00_low_snr_hard_t0007,727,7,120,formal_tps30,low_snr_hard,7.5,7,W_int18_G24_Z16,118.844225999084,118.867894322888,118.867894322888,0.000598669486957913,0.000598789038629828,0.0236683238035766,0.000199154175178515,0,weak_margin
847,cp08p00_cache_boundary_center_t0007,847,7,120,formal_tps30,cache_boundary_center,7.5,7,double_baseline,566.250498861744,566.250498861744,566.250498861744,0.00176458819869787,0.00176458819869787,0,0,0,reliable
847,cp08p00_cache_boundary_center_t0007,847,7,120,formal_tps30,cache_boundary_center,7.5,7,float32_all,566.250498861744,566.25,566.25,0.00176458819869787,0.00176458696005295,0.000498861743835732,8.80991265947714e-07,0,reliable
847,cp08p00_cache_boundary_center_t0007,847,7,120,formal_tps30,cache_boundary_center,7.5,7,combined_int16,566.250498861744,569.016465249966,569.016465249966,0.00176458819869787,0.0017732122657373,2.7659663882223,0.00488470454998687,0,reliable
847,cp08p00_cache_boundary_center_t0007,847,7,120,formal_tps30,cache_boundary_center,7.5,7,combined_int18,566.250498861744,566.547877107456,566.547877107456,0.00176458819869787,0.00176551513298693,0.297378245712025,0.00052517083218435,0,reliable
847,cp08p00_cache_boundary_center_t0007,847,7,120,formal_tps30,cache_boundary_center,7.5,7,combined_int24,566.250498861744,566.255766319198,566.255766319198,0.00176458819869787,0.00176460462150507,0.00526745745446533,9.30234492517672e-06,0,reliable
847,cp08p00_cache_boundary_center_t0007,847,7,120,formal_tps30,cache_boundary_center,7.5,7,mixed_Z16_G24_Rz24,566.250498861744,566.275618750602,566.275618750602,0.00176458819869787,0.00176466443670342,0.0251198888581712,4.4361795545728e-05,0,reliable
847,cp08p00_cache_boundary_center_t0007,847,7,120,formal_tps30,cache_boundary_center,7.5,7,combined_int14,566.250498861744,569.058805205888,569.058805205888,0.00176458819869787,0.0017733749159176,2.80830634414451,0.00495947703320291,0,reliable
847,cp08p00_cache_boundary_center_t0007,847,7,120,formal_tps30,cache_boundary_center,7.5,7,W_int18_G24_Z16,566.250498861744,566.294807114318,566.294807114318,0.00176458819869787,0.00176472425190895,0.0443082525744103,7.82485007315263e-05,0,reliable
967,cp15p00_hard_phase_t0007,967,7,120,formal_tps30,hard_phase,15,7,double_baseline,426.852711204934,426.852711204934,426.852711204934,0.00150001480990831,0.00150001480990831,0,0,0,reliable
967,cp15p00_hard_phase_t0007,967,7,120,formal_tps30,hard_phase,15,7,float32_all,426.852711204934,426.875,426.875,0.00150001480990831,0.0015000936734922,0.0222887950658333,5.22165948130344e-05,0,reliable
967,cp15p00_hard_phase_t0007,967,7,120,formal_tps30,hard_phase,15,7,combined_int16,426.852711204934,426.176062098588,426.176062098588,0.00150001480990831,0.00149764655541288,0.676649106346304,0.00158520512716491,0,reliable
967,cp15p00_hard_phase_t0007,967,7,120,formal_tps30,hard_phase,15,7,combined_int18,426.852711204934,427.256232186657,427.256232186657,0.00150001480990831,0.00150143840091084,0.403520981722977,0.000945340093035615,0,reliable
967,cp15p00_hard_phase_t0007,967,7,120,formal_tps30,hard_phase,15,7,combined_int24,426.852711204934,426.846305811661,426.846305811661,0.00150001480990831,0.0014999922994665,0.00640539327287115,1.50060971963603e-05,0,reliable
967,cp15p00_hard_phase_t0007,967,7,120,formal_tps30,hard_phase,15,7,mixed_Z16_G24_Rz24,426.852711204934,426.863548206165,426.863548206165,0.00150001480990831,0.00150005208306898,0.0108370012312662,2.53881513383742e-05,0,reliable
967,cp15p00_hard_phase_t0007,967,7,120,formal_tps30,hard_phase,15,7,combined_int14,426.852711204934,434.901822908199,434.901822908199,0.00150001480990831,0.00152839762792681,8.04911170326523,0.0188568831636185,0,reliable
967,cp15p00_hard_phase_t0007,967,7,120,formal_tps30,hard_phase,15,7,W_int18_G24_Z16,426.852711204934,426.863537082914,426.863537082914,0.00150001480990831,0.00150005208306912,0.0108258779800963,2.53620925811543e-05,0,reliable
1087,cp15p00_medium_beta_coherent_t0007,1087,7,120,formal_tps30,medium_beta_coherent,15,7,double_baseline,468.328395916324,468.328395916324,468.328395916324,0.00144286399112043,0.00144286399112043,0,0,0,reliable
1087,cp15p00_medium_beta_coherent_t0007,1087,7,120,formal_tps30,medium_beta_coherent,15,7,float32_all,468.328395916324,468.328125,468.328125,0.00144286399112043,0.00144286334794457,0.000270916323643178,5.78475117044969e-07,0,reliable
1087,cp15p00_medium_beta_coherent_t0007,1087,7,120,formal_tps30,medium_beta_coherent,15,7,combined_int16,468.328395916324,466.248847293027,466.248847293027,0.00144286399112043,0.00143643031784842,2.07954862329643,0.00444036415777784,0,reliable
1087,cp15p00_medium_beta_coherent_t0007,1087,7,120,formal_tps30,medium_beta_coherent,15,7,combined_int18,468.328395916324,468.713319830043,468.713319830043,0.00144286399112043,0.00144404883788452,0.384923913719831,0.000821910260142768,0,reliable
1087,cp15p00_medium_beta_coherent_t0007,1087,7,120,formal_tps30,medium_beta_coherent,15,7,combined_int24,468.328395916324,468.321442681481,468.321442681481,0.00144286399112043,0.00144284244019682,0.00695323484251276,1.48469213123585e-05,0,reliable
1087,cp15p00_medium_beta_coherent_t0007,1087,7,120,formal_tps30,medium_beta_coherent,15,7,mixed_Z16_G24_Rz24,468.328395916324,468.321825659776,468.321825659776,0.00144286399112043,0.0014428424401968,0.00657025654800236,1.402916544308e-05,0,reliable
1087,cp15p00_medium_beta_coherent_t0007,1087,7,120,formal_tps30,medium_beta_coherent,15,7,combined_int14,468.328395916324,476.202646656922,476.202646656922,0.00144286399112043,0.00146717202592005,7.87425074059865,0.0168135240341172,0,reliable
1087,cp15p00_medium_beta_coherent_t0007,1087,7,120,formal_tps30,medium_beta_coherent,15,7,W_int18_G24_Z16,468.328395916324,468.321763289918,468.321763289918,0.00144286399112043,0.00144284244019683,0.00663262640591711,1.41623409209254e-05,0,reliable
8,cp00p00_easy_noncoherent_t0008,8,8,120,formal_tps30,easy_noncoherent,0,8,double_baseline,646.768398401822,646.768398401822,646.768398401822,0.00173168248430579,0.00173168248430579,0,0,0,reliable
8,cp00p00_easy_noncoherent_t0008,8,8,120,formal_tps30,easy_noncoherent,0,8,float32_all,646.768398401822,646.765625,646.765625,0.00173168248430579,0.00173167565819091,0.00277340182219632,4.28809111429911e-06,0,reliable
8,cp00p00_easy_noncoherent_t0008,8,8,120,formal_tps30,easy_noncoherent,0,8,combined_int16,646.768398401822,645.123190915328,645.123190915328,0.00173168248430579,0.00172727411687382,1.64520748649375,0.00254373511531962,0,reliable
8,cp00p00_easy_noncoherent_t0008,8,8,120,formal_tps30,easy_noncoherent,0,8,combined_int18,646.768398401822,646.538244840107,646.538244840107,0.00173168248430579,0.00173106244435189,0.230153561715269,0.000355851588117143,0,reliable
8,cp00p00_easy_noncoherent_t0008,8,8,120,formal_tps30,easy_noncoherent,0,8,combined_int24,646.768398401822,646.777656572987,646.777656572987,0.00173168248430579,0.00173170734474269,0.00925817116512917,1.43145076166465e-05,0,reliable
8,cp00p00_easy_noncoherent_t0008,8,8,120,formal_tps30,easy_noncoherent,0,8,mixed_Z16_G24_Rz24,646.768398401822,646.799387268198,646.799387268198,0.00173168248430579,0.00173176715601246,0.0309888663759921,4.79133897892448e-05,0,reliable
8,cp00p00_easy_noncoherent_t0008,8,8,120,formal_tps30,easy_noncoherent,0,8,combined_int14,646.768398401822,639.46181484469,639.46181484469,0.00173168248430579,0.00171211935917817,7.3065835571324,0.0112970633308416,0,reliable
8,cp00p00_easy_noncoherent_t0008,8,8,120,formal_tps30,easy_noncoherent,0,8,W_int18_G24_Z16,646.768398401822,646.799168439233,646.799168439233,0.00173168248430579,0.00173176715601247,0.030770037410548,4.75750477088574e-05,0,reliable
128,cp00p00_low_snr_hard_t0008,128,8,120,formal_tps30,low_snr_hard,0,8,double_baseline,29.2513698928087,29.2513698928087,29.2513698928087,0.000139617843871945,0.000139617843871945,0,0,0,weak_margin
128,cp00p00_low_snr_hard_t0008,128,8,120,formal_tps30,low_snr_hard,0,8,float32_all,29.2513698928087,29.265625,29.265625,0.000139617843871945,0.000139685917742819,0.0142551071912749,0.000487331268364953,0,weak_margin
128,cp00p00_low_snr_hard_t0008,128,8,120,formal_tps30,low_snr_hard,0,8,combined_int16,29.2513698928087,28.7769764555269,28.7769764555269,0.000139617843871945,0.000137352155665751,0.474393437281833,0.0162178195079493,0,weak_margin
128,cp00p00_low_snr_hard_t0008,128,8,120,formal_tps30,low_snr_hard,0,8,combined_int18,29.2513698928087,29.5753259034827,29.5753259034827,0.000139617843871945,0.000141164800366279,0.32395601067401,0.0110749004870932,0,weak_margin
128,cp00p00_low_snr_hard_t0008,128,8,120,formal_tps30,low_snr_hard,0,8,combined_int24,29.2513698928087,29.2504787867074,29.2504787867074,0.000139617843871945,0.000139613583936759,0.000891106101335026,3.04637391206112e-05,0,weak_margin
128,cp00p00_low_snr_hard_t0008,128,8,120,formal_tps30,low_snr_hard,0,8,mixed_Z16_G24_Rz24,29.2513698928087,29.2629481262702,29.2629481262702,0.000139617843871945,0.000139673205236558,0.0115782334614778,0.00039581850367713,0,weak_margin
128,cp00p00_low_snr_hard_t0008,128,8,120,formal_tps30,low_snr_hard,0,8,combined_int14,29.2513698928087,25.5821874666872,25.5821874666872,0.000139617843871945,0.000122100122100092,3.66918242612155,0.125436259551851,0,weak_margin
128,cp00p00_low_snr_hard_t0008,128,8,120,formal_tps30,low_snr_hard,0,8,W_int18_G24_Z16,29.2513698928087,29.2629569271521,29.2629569271521,0.000139617843871945,0.000139673205236606,0.0115870343433926,0.000396119374437954,0,weak_margin
248,cp00p00_cache_boundary_center_t0008,248,8,120,formal_tps30,cache_boundary_center,0,8,double_baseline,385.244944519509,385.244944519509,385.244944519509,0.00119308644221886,0.00119308644221886,0,0,0,reliable
248,cp00p00_cache_boundary_center_t0008,248,8,120,formal_tps30,cache_boundary_center,0,8,float32_all,385.244944519509,385.265625,385.265625,0.00119308644221886,0.00119315059842621,0.0206804804911371,5.3681380600414e-05,0,reliable
248,cp00p00_cache_boundary_center_t0008,248,8,120,formal_tps30,cache_boundary_center,0,8,combined_int16,385.244944519509,384.775749433524,384.775749433524,0.00119308644221886,0.0011916401857737,0.46919508598512,0.00121791367455923,0,reliable
248,cp00p00_cache_boundary_center_t0008,248,8,120,formal_tps30,cache_boundary_center,0,8,combined_int18,385.244944519509,384.768428399111,384.768428399111,0.00119308644221886,0.00119161287858532,0.476516120397719,0.00123691725790729,0,reliable
248,cp00p00_cache_boundary_center_t0008,248,8,120,formal_tps30,cache_boundary_center,0,8,combined_int24,385.244944519509,385.248546102666,385.248546102666,0.00119308644221886,0.001193097590585,0.0036015831574332,9.34881355010439e-06,0,reliable
248,cp00p00_cache_boundary_center_t0008,248,8,120,formal_tps30,cache_boundary_center,0,8,mixed_Z16_G24_Rz24,385.244944519509,385.267466565449,385.267466565449,0.00119308644221886,0.00119315733755361,0.0225220459396951,5.84616261941747e-05,0,reliable
248,cp00p00_cache_boundary_center_t0008,248,8,120,formal_tps30,cache_boundary_center,0,8,combined_int14,385.244944519509,394.703482257522,394.703482257522,0.00119308644221886,0.00122234445666795,9.45853773801355,0.0245520100200421,0,reliable
248,cp00p00_cache_boundary_center_t0008,248,8,120,formal_tps30,cache_boundary_center,0,8,W_int18_G24_Z16,385.244944519509,385.267476779292,385.267476779292,0.00119308644221886,0.00119315733755361,0.0225322597834747,5.84881387907056e-05,0,reliable
368,cp04p00_hard_phase_t0008,368,8,120,formal_tps30,hard_phase,3.75,8,double_baseline,843.852062879741,843.852062879741,843.852062879741,0.00254589751345416,0.00254589751345416,0,0,0,reliable
368,cp04p00_hard_phase_t0008,368,8,120,formal_tps30,hard_phase,3.75,8,float32_all,843.852062879741,843.890625,843.890625,0.00254589751345416,0.00254601400951174,0.0385621202585753,4.56977258869021e-05,0,reliable
368,cp04p00_hard_phase_t0008,368,8,120,formal_tps30,hard_phase,3.75,8,combined_int16,843.852062879741,846.797429096099,846.797429096099,0.00254589751345416,0.00255480594183609,2.9453662163578,0.003490382196029,0,reliable
368,cp04p00_hard_phase_t0008,368,8,120,formal_tps30,hard_phase,3.75,8,combined_int18,843.852062879741,844.243456608441,844.243456608441,0.00254589751345416,0.00254707889060565,0.391393728699768,0.000463817943827846,0,reliable
368,cp04p00_hard_phase_t0008,368,8,120,formal_tps30,hard_phase,3.75,8,combined_int24,843.852062879741,843.859959269495,843.859959269495,0.00254589751345416,0.00254592144937478,0.0078963897540234,9.35755223146113e-06,0,reliable
368,cp04p00_hard_phase_t0008,368,8,120,formal_tps30,hard_phase,3.75,8,mixed_Z16_G24_Rz24,843.852062879741,843.861198295519,843.861198295519,0.00254589751345416,0.00254592144937474,0.00913541577756405,1.08258499083221e-05,0,reliable
368,cp04p00_hard_phase_t0008,368,8,120,formal_tps30,hard_phase,3.75,8,combined_int14,843.852062879741,851.935074366862,851.935074366862,0.00254589751345416,0.00257037943696453,8.08301148712053,0.00957870679315084,0,reliable
368,cp04p00_hard_phase_t0008,368,8,120,formal_tps30,hard_phase,3.75,8,W_int18_G24_Z16,843.852062879741,843.861050150328,843.861050150328,0.00254589751345416,0.00254592144937482,0.00898727058665827,1.06502916589292e-05,0,reliable
488,cp04p00_medium_beta_coherent_t0008,488,8,120,formal_tps30,medium_beta_coherent,3.75,8,double_baseline,165.851241032156,165.851241032156,165.851241032156,0.000447064580790282,0.000447064580790282,0,0,0,weak_margin
488,cp04p00_medium_beta_coherent_t0008,488,8,120,formal_tps30,medium_beta_coherent,3.75,8,float32_all,165.851241032156,165.859375,165.859375,0.000447064580790282,0.000447086501740394,0.00813396784360521,4.90437562781224e-05,0,weak_margin
488,cp04p00_medium_beta_coherent_t0008,488,8,120,formal_tps30,medium_beta_coherent,3.75,8,combined_int16,165.851241032156,164.242243322835,164.242243322835,0.000447064580790282,0.000442714296618541,1.60899770932156,0.00970145112757759,0,weak_margin
488,cp04p00_medium_beta_coherent_t0008,488,8,120,formal_tps30,medium_beta_coherent,3.75,8,combined_int18,165.851241032156,165.650291255472,165.650291255472,0.000447064580790282,0.000446522278408615,0.200949776684865,0.00121162660848527,0,weak_margin
488,cp04p00_medium_beta_coherent_t0008,488,8,120,formal_tps30,medium_beta_coherent,3.75,8,combined_int24,165.851241032156,165.848005448148,165.848005448148,0.000447064580790282,0.000447055844770737,0.00323558400850743,1.9508952651612e-05,0,weak_margin
488,cp04p00_medium_beta_coherent_t0008,488,8,120,formal_tps30,medium_beta_coherent,3.75,8,mixed_Z16_G24_Rz24,165.851241032156,165.826303273614,165.826303273614,0.000447064580790282,0.000446996186817277,0.0249377585423645,0.000150362206439742,0,weak_margin
488,cp04p00_medium_beta_coherent_t0008,488,8,120,formal_tps30,medium_beta_coherent,3.75,8,combined_int14,165.851241032156,158.586967863695,158.586967863695,0.000447064580790282,0.000427480916030556,7.26427316846093,0.0437999325374507,0,weak_margin
488,cp04p00_medium_beta_coherent_t0008,488,8,120,formal_tps30,medium_beta_coherent,3.75,8,W_int18_G24_Z16,165.851241032156,165.826384891086,165.826384891086,0.000447064580790282,0.000446996186817172,0.024856141069904,0.000149870093917987,0,weak_margin
608,cp08p00_easy_noncoherent_t0008,608,8,120,formal_tps30,easy_noncoherent,7.5,8,double_baseline,697.355214849056,697.355214849056,697.355214849056,0.00187899093857815,0.00187899093857815,0,0,0,reliable
608,cp08p00_easy_noncoherent_t0008,608,8,120,formal_tps30,easy_noncoherent,7.5,8,float32_all,697.355214849056,697.34375,697.34375,0.00187899093857815,0.00187896042588535,0.0114648490562104,1.64404722472635e-05,0,reliable
608,cp08p00_easy_noncoherent_t0008,608,8,120,formal_tps30,easy_noncoherent,7.5,8,combined_int16,697.355214849056,697.882670000865,697.882670000865,0.00187899093857815,0.00188041766675328,0.527455151808681,0.000756365107161132,0,reliable
608,cp08p00_easy_noncoherent_t0008,608,8,120,formal_tps30,easy_noncoherent,7.5,8,combined_int18,697.355214849056,697.868280540511,697.868280540511,0.00187899093857815,0.00188037454614941,0.513065691455267,0.000735730773256383,0,reliable
608,cp08p00_easy_noncoherent_t0008,608,8,120,formal_tps30,easy_noncoherent,7.5,8,combined_int24,697.355214849056,697.352777759719,697.352777759719,0.00187899093857815,0.00187898433208327,0.00243708933703601,3.49476032464105e-06,0,reliable
608,cp08p00_easy_noncoherent_t0008,608,8,120,formal_tps30,easy_noncoherent,7.5,8,mixed_Z16_G24_Rz24,697.355214849056,697.240739250788,697.240739250788,0.00187899093857815,0.00187868518789898,0.114475598267745,0.000164156796751744,0,reliable
608,cp08p00_easy_noncoherent_t0008,608,8,120,formal_tps30,easy_noncoherent,7.5,8,combined_int14,697.355214849056,703.618269047671,703.618269047671,0.00187899093857815,0.00189590850712499,6.26305419861455,0.00898115345702291,0,reliable
608,cp08p00_easy_noncoherent_t0008,608,8,120,formal_tps30,easy_noncoherent,7.5,8,W_int18_G24_Z16,697.355214849056,697.240983858152,697.240983858152,0.00187899093857815,0.00187868518789899,0.114230990904616,0.000163806032380989,0,reliable
728,cp08p00_low_snr_hard_t0008,728,8,120,formal_tps30,low_snr_hard,7.5,8,double_baseline,27.9179272294132,27.9179272294132,27.9179272294132,0.000133184877393088,0.000133184877393088,0,0,0,weak_margin
728,cp08p00_low_snr_hard_t0008,728,8,120,formal_tps30,low_snr_hard,7.5,8,float32_all,27.9179272294132,27.9140625,27.9140625,0.000133184877393088,0.000133166457214303,0.00386472941318061,0.000138431817714207,0,weak_margin
728,cp08p00_low_snr_hard_t0008,728,8,120,formal_tps30,low_snr_hard,7.5,8,combined_int16,27.9179272294132,28.7920450311212,28.7920450311212,0.000133184877393088,0.000137352155665752,0.874117801708053,0.0313102686501424,0,weak_margin
728,cp08p00_low_snr_hard_t0008,728,8,120,formal_tps30,low_snr_hard,7.5,8,combined_int18,27.9179272294132,27.9910811188893,27.9910811188893,0.000133184877393088,0.000133533251687315,0.0731538894760888,0.00262031951279739,0,weak_margin
728,cp08p00_low_snr_hard_t0008,728,8,120,formal_tps30,low_snr_hard,7.5,8,combined_int24,27.9179272294132,27.9157551434473,27.9157551434473,0.000133184877393088,0.000133174525394329,0.00217208596586715,7.78025513147242e-05,0,weak_margin
728,cp08p00_low_snr_hard_t0008,728,8,120,formal_tps30,low_snr_hard,7.5,8,mixed_Z16_G24_Rz24,27.9179272294132,27.9033481270308,27.9033481270308,0.000133184877393088,0.000133114904869361,0.0145791023824131,0.000522212922994268,0,weak_margin
728,cp08p00_low_snr_hard_t0008,728,8,120,formal_tps30,low_snr_hard,7.5,8,combined_int14,27.9179272294132,25.5949435288931,25.5949435288931,0.000133184877393088,0.000122100122100147,2.32298370052013,0.08320759924013,0,weak_margin
728,cp08p00_low_snr_hard_t0008,728,8,120,formal_tps30,low_snr_hard,7.5,8,W_int18_G24_Z16,27.9179272294132,27.9033461540384,27.9033461540384,0.000133184877393088,0.000133114904869328,0.0145810753747355,0.000522283594154995,0,weak_margin
848,cp08p00_cache_boundary_center_t0008,848,8,120,formal_tps30,cache_boundary_center,7.5,8,double_baseline,389.870757350873,389.870757350873,389.870757350873,0.00121261584636814,0.00121261584636814,0,0,0,reliable
848,cp08p00_cache_boundary_center_t0008,848,8,120,formal_tps30,cache_boundary_center,7.5,8,float32_all,389.870757350873,389.875,389.875,0.00121261584636814,0.00121262934607728,0.00424264912726358,1.08821937713202e-05,0,reliable
848,cp08p00_cache_boundary_center_t0008,848,8,120,formal_tps30,cache_boundary_center,7.5,8,combined_int16,389.870757350873,388.04401903454,388.04401903454,0.00121261584636814,0.00120693606294398,1.82673831633292,0.00468549713434626,0,reliable
848,cp08p00_cache_boundary_center_t0008,848,8,120,formal_tps30,cache_boundary_center,7.5,8,combined_int18,389.870757350873,389.266154079232,389.266154079232,0.00121261584636814,0.00121073235940036,0.604603271640372,0.00155077871381937,0,reliable
848,cp08p00_cache_boundary_center_t0008,848,8,120,formal_tps30,cache_boundary_center,7.5,8,combined_int24,389.870757350873,389.876974551706,389.876974551706,0.00121261584636814,0.00121263522941663,0.00621720083290711,1.59468252380668e-05,0,reliable
848,cp08p00_cache_boundary_center_t0008,848,8,120,formal_tps30,cache_boundary_center,7.5,8,mixed_Z16_G24_Rz24,389.870757350873,389.819938296248,389.819938296248,0.00121261584636814,0.00121245598155784,0.0508190546242986,0.000130348464628659,0,reliable
848,cp08p00_cache_boundary_center_t0008,848,8,120,formal_tps30,cache_boundary_center,7.5,8,combined_int14,389.870757350873,393.009756400774,393.009756400774,0.00121261584636814,0.0012223444566679,3.13899904990103,0.00805138367193829,0,reliable
848,cp08p00_cache_boundary_center_t0008,848,8,120,formal_tps30,cache_boundary_center,7.5,8,W_int18_G24_Z16,389.870757350873,389.819853677414,389.819853677414,0.00121261584636814,0.00121245598155799,0.0509036734583788,0.000130565507924378,0,reliable
968,cp15p00_hard_phase_t0008,968,8,120,formal_tps30,hard_phase,15,8,double_baseline,846.673734529468,846.673734529468,846.673734529468,0.00253924099000539,0.00253924099000539,0,0,0,reliable
968,cp15p00_hard_phase_t0008,968,8,120,formal_tps30,hard_phase,15,8,float32_all,846.673734529468,846.734375,846.734375,0.00253924099000539,0.00253942324431458,0.0606404705322348,7.16220050996801e-05,0,reliable
968,cp15p00_hard_phase_t0008,968,8,120,formal_tps30,hard_phase,15,8,combined_int16,846.673734529468,846.746859901294,846.746859901294,0.00253924099000539,0.00253946885326151,0.0731253718258813,8.63678284132909e-05,0,reliable
968,cp15p00_hard_phase_t0008,968,8,120,formal_tps30,hard_phase,15,8,combined_int18,846.673734529468,846.72937191528,846.72937191528,0.00253924099000539,0.00253941058138732,0.055637385812588,6.57128992474392e-05,0,reliable
968,cp15p00_hard_phase_t0008,968,8,120,formal_tps30,hard_phase,15,8,combined_int24,846.673734529468,846.663983935607,846.663983935607,0.00253924099000539,0.00253921173827763,0.00975059386109933,1.15163533052294e-05,0,reliable
968,cp15p00_hard_phase_t0008,968,8,120,formal_tps30,hard_phase,15,8,mixed_Z16_G24_Rz24,846.673734529468,846.704136278131,846.704136278131,0.00253924099000539,0.00253933155375962,0.0304017486632802,3.59072774120904e-05,0,reliable
968,cp15p00_hard_phase_t0008,968,8,120,formal_tps30,hard_phase,15,8,combined_int14,846.673734529468,856.981952428148,856.981952428148,0.00253924099000539,0.00257037943696447,10.3082178986806,0.0121749588752854,0,reliable
968,cp15p00_hard_phase_t0008,968,8,120,formal_tps30,hard_phase,15,8,W_int18_G24_Z16,846.673734529468,846.684237914335,846.684237914335,0.00253924099000539,0.00253927164601497,0.0105033848667517,1.24054691180292e-05,0,reliable
1088,cp15p00_medium_beta_coherent_t0008,1088,8,120,formal_tps30,medium_beta_coherent,15,8,double_baseline,167.899310848821,167.899310848821,167.899310848821,0.000453115635247856,0.000453115635247856,0,0,0,weak_margin
1088,cp15p00_medium_beta_coherent_t0008,1088,8,120,formal_tps30,medium_beta_coherent,15,8,float32_all,167.899310848821,167.9375,167.9375,0.000453115635247856,0.000453218666368232,0.0381891511788126,0.000227452697606357,0,weak_margin
1088,cp15p00_medium_beta_coherent_t0008,1088,8,120,formal_tps30,medium_beta_coherent,15,8,combined_int16,167.899310848821,169.704053130961,169.704053130961,0.000453115635247856,0.000457987298485596,1.80474228214007,0.0107489558653703,0,weak_margin
1088,cp15p00_medium_beta_coherent_t0008,1088,8,120,formal_tps30,medium_beta_coherent,15,8,combined_int18,167.899310848821,168.285372861719,168.285372861719,0.000453115635247856,0.000454158604397345,0.386062012898037,0.00229936627462189,0,weak_margin
1088,cp15p00_medium_beta_coherent_t0008,1088,8,120,formal_tps30,medium_beta_coherent,15,8,combined_int24,167.899310848821,167.908707753173,167.908707753173,0.000453115635247856,0.000453140993397854,0.00939690435188822,5.59674980461911e-05,0,weak_margin
1088,cp15p00_medium_beta_coherent_t0008,1088,8,120,formal_tps30,medium_beta_coherent,15,8,mixed_Z16_G24_Rz24,167.899310848821,167.886606887478,167.886606887478,0.000453115635247856,0.000453081334718654,0.0127039613435045,7.56641660962105e-05,0,weak_margin
1088,cp15p00_medium_beta_coherent_t0008,1088,8,120,formal_tps30,medium_beta_coherent,15,8,combined_int14,167.899310848821,158.402848984406,158.402848984406,0.000453115635247856,0.000427480916030551,9.49646186441532,0.0565604576719559,0,weak_margin
1088,cp15p00_medium_beta_coherent_t0008,1088,8,120,formal_tps30,medium_beta_coherent,15,8,W_int18_G24_Z16,167.899310848821,167.886685671227,167.886685671227,0.000453115635247856,0.000453081334718689,0.0126251775946002,7.51949339802123e-05,0,weak_margin
9,cp00p00_easy_noncoherent_t0009,9,9,120,formal_tps30,easy_noncoherent,0,9,double_baseline,378.577789782255,378.577789782255,378.577789782255,0.000885147160158356,0.000885147160158356,0,0,0,weak_margin
9,cp00p00_easy_noncoherent_t0009,9,9,120,formal_tps30,easy_noncoherent,0,9,float32_all,378.577789782255,378.59375,378.59375,0.000885147160158356,0.000885184258610874,0.0159602177445777,4.21583573451507e-05,0,weak_margin
9,cp00p00_easy_noncoherent_t0009,9,9,120,formal_tps30,easy_noncoherent,0,9,combined_int16,378.577789782255,378.862066642643,378.862066642643,0.000885147160158356,0.000885820758751328,0.284276860387763,0.000750907390925572,0,weak_margin
9,cp00p00_easy_noncoherent_t0009,9,9,120,formal_tps30,easy_noncoherent,0,9,combined_int18,378.577789782255,378.857280613738,378.857280613738,0.000885147160158356,0.000885800465808838,0.27949083148269,0.000738265262849791,0,weak_margin
9,cp00p00_easy_noncoherent_t0009,9,9,120,formal_tps30,easy_noncoherent,0,9,combined_int24,378.577789782255,378.573448768788,378.573448768788,0.000885147160158356,0.000885136994592107,0.00434101346763782,1.14666353515736e-05,0,weak_margin
9,cp00p00_easy_noncoherent_t0009,9,9,120,formal_tps30,easy_noncoherent,0,9,mixed_Z16_G24_Rz24,378.577789782255,378.598601494741,378.598601494741,0.000885147160158356,0.000885196704810835,0.0208117124857381,5.49734111388528e-05,0,weak_margin
9,cp00p00_easy_noncoherent_t0009,9,9,120,formal_tps30,easy_noncoherent,0,9,combined_int14,378.577789782255,365.822430874308,365.822430874308,0.000885147160158356,0.000855327468230754,12.7553589079471,0.0336928347415296,0,weak_margin
9,cp00p00_easy_noncoherent_t0009,9,9,120,formal_tps30,easy_noncoherent,0,9,W_int18_G24_Z16,378.577789782255,378.573296767805,378.573296767805,0.000885147160158356,0.000885136994592101,0.00449301445041783,1.18681406349856e-05,0,weak_margin
129,cp00p00_low_snr_hard_t0009,129,9,120,formal_tps30,low_snr_hard,0,9,double_baseline,118.023309452008,118.023309452008,118.023309452008,0.000594264093990934,0.000594264093990934,0,0,0,weak_margin
129,cp00p00_low_snr_hard_t0009,129,9,120,formal_tps30,low_snr_hard,0,9,float32_all,118.023309452008,118.046875,118.046875,0.000594264093990934,0.000594382842185337,0.0235655479918933,0.000199668591749461,0,weak_margin
129,cp00p00_low_snr_hard_t0009,129,9,120,formal_tps30,low_snr_hard,0,9,combined_int16,118.023309452008,118.26289507297,118.26289507297,0.000594264093990934,0.000595465302694844,0.239585620962316,0.00202998561957576,0,weak_margin
129,cp00p00_low_snr_hard_t0009,129,9,120,formal_tps30,low_snr_hard,0,9,combined_int18,118.023309452008,118.25904952272,118.25904952272,0.000594264093990934,0.000595451665356216,0.235740070711472,0.0019974026470367,0,weak_margin
129,cp00p00_low_snr_hard_t0009,129,9,120,formal_tps30,low_snr_hard,0,9,combined_int24,118.023309452008,118.021241427065,118.021241427065,0.000594264093990934,0.000594253679046991,0.00206802494358271,1.75221738246853e-05,0,weak_margin
129,cp00p00_low_snr_hard_t0009,129,9,120,formal_tps30,low_snr_hard,0,9,mixed_Z16_G24_Rz24,118.023309452008,118.03316874092,118.03316874092,0.000594264093990934,0.000594313354563983,0.00985928891168442,8.35367941931293e-05,0,weak_margin
129,cp00p00_low_snr_hard_t0009,129,9,120,formal_tps30,low_snr_hard,0,9,combined_int14,118.023309452008,121.310433455074,121.310433455074,0.000594264093990934,0.000610798924993905,3.2871240030654,0.0278514813584519,0,weak_margin
129,cp00p00_low_snr_hard_t0009,129,9,120,formal_tps30,low_snr_hard,0,9,W_int18_G24_Z16,118.023309452008,118.033189119931,118.033189119931,0.000594264093990934,0.000594313354564044,0.00987966792308725,8.37094635708773e-05,0,weak_margin
249,cp00p00_cache_boundary_center_t0009,249,9,120,formal_tps30,cache_boundary_center,0,9,double_baseline,563.786961772479,563.786961772479,563.786961772479,0.00175237582845969,0.00175237582845969,0,0,0,reliable
249,cp00p00_cache_boundary_center_t0009,249,9,120,formal_tps30,cache_boundary_center,0,9,float32_all,563.786961772479,563.859375,563.859375,0.00175237582845969,0.0017526013772833,0.0724132275208831,0.000128440762966963,0,reliable
249,cp00p00_cache_boundary_center_t0009,249,9,120,formal_tps30,cache_boundary_center,0,9,combined_int16,563.786961772479,565.565674652578,565.565674652578,0.00175237582845969,0.00175789908130664,1.77871288009919,0.00315493794767288,0,reliable
249,cp00p00_cache_boundary_center_t0009,249,9,120,formal_tps30,cache_boundary_center,0,9,combined_int18,563.786961772479,564.318014887453,564.318014887453,0.00175237582845969,0.00175403064012562,0.531053114973474,0.000941939333438834,0,reliable
249,cp00p00_cache_boundary_center_t0009,249,9,120,formal_tps30,cache_boundary_center,0,9,combined_int24,563.786961772479,563.795534778328,563.795534778328,0.00175237582845969,0.00175240247040448,0.00857300584902987,1.52061087437662e-05,0,reliable
249,cp00p00_cache_boundary_center_t0009,249,9,120,formal_tps30,cache_boundary_center,0,9,mixed_Z16_G24_Rz24,563.786961772479,563.777401953208,563.777401953208,0.00175237582845969,0.00175234265667035,0.00955981927108951,1.69564390794611e-05,0,reliable
249,cp00p00_cache_boundary_center_t0009,249,9,120,formal_tps30,cache_boundary_center,0,9,combined_int14,563.786961772479,570.529804788326,570.529804788326,0.00175237582845969,0.00177337491591756,6.74284301584703,0.0119599130044589,0,reliable
249,cp00p00_cache_boundary_center_t0009,249,9,120,formal_tps30,cache_boundary_center,0,9,W_int18_G24_Z16,563.786961772479,563.777436787757,563.777436787757,0.00175237582845969,0.00175234265667044,0.00952498472179286,1.68946523556477e-05,0,reliable
369,cp04p00_hard_phase_t0009,369,9,120,formal_tps30,hard_phase,3.75,9,double_baseline,419.636541977379,419.636541977379,419.636541977379,0.00147466211322773,0.00147466211322773,0,0,0,reliable
369,cp04p00_hard_phase_t0009,369,9,120,formal_tps30,hard_phase,3.75,9,float32_all,419.636541977379,419.625,419.625,0.00147466211322773,0.00147462190850206,0.0115419773792382,2.7504700436361e-05,0,reliable
369,cp04p00_hard_phase_t0009,369,9,120,formal_tps30,hard_phase,3.75,9,combined_int16,419.636541977379,417.471576336713,417.471576336713,0.00147466211322773,0.00146703750114615,2.1649656406662,0.00515914469808709,0,reliable
369,cp04p00_hard_phase_t0009,369,9,120,formal_tps30,hard_phase,3.75,9,combined_int18,419.636541977379,419.63465399007,419.63465399007,0.00147466211322773,0.00147465578630481,0.00188798730960116,4.49910129538464e-06,0,reliable
369,cp04p00_hard_phase_t0009,369,9,120,formal_tps30,hard_phase,3.75,9,combined_int24,419.636541977379,419.631607476796,419.631607476796,0.00147466211322773,0.0014746446950338,0.00493450058274902,1.17589868591926e-05,0,reliable
369,cp04p00_hard_phase_t0009,369,9,120,formal_tps30,hard_phase,3.75,9,mixed_Z16_G24_Rz24,419.636541977379,419.650133584742,419.650133584742,0.00147466211322773,0.0014747044756102,0.0135916073631961,3.23889985823226e-05,0,reliable
369,cp04p00_hard_phase_t0009,369,9,120,formal_tps30,hard_phase,3.75,9,combined_int14,419.636541977379,417.505142258393,417.505142258393,0.00147466211322773,0.00146717202592002,2.13139971898636,0.00507915661715955,0,reliable
369,cp04p00_hard_phase_t0009,369,9,120,formal_tps30,hard_phase,3.75,9,W_int18_G24_Z16,419.636541977379,419.650140718411,419.650140718411,0.00147466211322773,0.00147470447561016,0.0135987410321832,3.24059982195645e-05,0,reliable
489,cp04p00_medium_beta_coherent_t0009,489,9,120,formal_tps30,medium_beta_coherent,3.75,9,double_baseline,464.636414025183,464.636414025183,464.636414025183,0.00143715548411581,0.00143715548411581,0,0,0,reliable
489,cp04p00_medium_beta_coherent_t0009,489,9,120,formal_tps30,medium_beta_coherent,3.75,9,float32_all,464.636414025183,464.671875,464.671875,0.00143715548411581,0.00143726511053081,0.0354609748173971,7.63198357834157e-05,0,reliable
489,cp04p00_medium_beta_coherent_t0009,489,9,120,formal_tps30,medium_beta_coherent,3.75,9,combined_int16,464.636414025183,464.405707574449,464.405707574449,0.00143715548411581,0.0014364303178484,0.230706450733123,0.000496531145147439,0,reliable
489,cp04p00_medium_beta_coherent_t0009,489,9,120,formal_tps30,medium_beta_coherent,3.75,9,combined_int18,464.636414025183,464.39218889465,464.39218889465,0.00143715548411581,0.00143639739309159,0.244225130532868,0.000525626324499895,0,reliable
489,cp04p00_medium_beta_coherent_t0009,489,9,120,formal_tps30,medium_beta_coherent,3.75,9,combined_int24,464.636414025183,464.639072295773,464.639072295773,0.00143715548411581,0.00143716367865916,0.00265827059047297,5.72118437176319e-06,0,reliable
489,cp04p00_medium_beta_coherent_t0009,489,9,120,formal_tps30,medium_beta_coherent,3.75,9,mixed_Z16_G24_Rz24,464.636414025183,464.59931034199,464.59931034199,0.00143715548411581,0.00143704412647687,0.0371036831929814,7.98553063707367e-05,0,reliable
489,cp04p00_medium_beta_coherent_t0009,489,9,120,formal_tps30,medium_beta_coherent,3.75,9,combined_int14,464.636414025183,474.308487919829,474.308487919829,0.00143715548411581,0.00146717202592005,9.67207389464602,0.0208164353948415,0,reliable
489,cp04p00_medium_beta_coherent_t0009,489,9,120,formal_tps30,medium_beta_coherent,3.75,9,W_int18_G24_Z16,464.636414025183,464.599583652569,464.599583652569,0.00143715548411581,0.00143704412647687,0.0368303726136219,7.92670817479788e-05,0,reliable
609,cp08p00_easy_noncoherent_t0009,609,9,120,formal_tps30,easy_noncoherent,7.5,9,double_baseline,403.959196477255,403.959196477255,403.959196477255,0.000940730459029343,0.000940730459029343,0,0,0,weak_margin
609,cp08p00_easy_noncoherent_t0009,609,9,120,formal_tps30,easy_noncoherent,7.5,9,float32_all,403.959196477255,403.90625,403.90625,0.000940730459029343,0.000940607050688568,0.0529464772553183,0.000131068874572087,0,weak_margin
609,cp08p00_easy_noncoherent_t0009,609,9,120,formal_tps30,easy_noncoherent,7.5,9,combined_int16,403.959196477255,406.635896606866,406.635896606866,0.000940730459029343,0.000946969696969687,2.67670012961025,0.00662616460511987,0,weak_margin
609,cp08p00_easy_noncoherent_t0009,609,9,120,formal_tps30,easy_noncoherent,7.5,9,combined_int18,403.959196477255,403.348432870931,403.348432870931,0.000940730459029343,0.000939304151266143,0.610763606324326,0.00151194380930183,0,weak_margin
609,cp08p00_easy_noncoherent_t0009,609,9,120,formal_tps30,easy_noncoherent,7.5,9,combined_int24,403.959196477255,403.959126250993,403.959126250993,0.000940730459029343,0.000940730292601262,7.02262623235583e-05,1.73844940122591e-07,0,weak_margin
609,cp08p00_easy_noncoherent_t0009,609,9,120,formal_tps30,easy_noncoherent,7.5,9,mixed_Z16_G24_Rz24,403.959196477255,403.934578771528,403.934578771528,0.000940730459029343,0.000940670575756407,0.0246177057269961,6.0941070141925e-05,0,weak_margin
609,cp08p00_easy_noncoherent_t0009,609,9,120,formal_tps30,easy_noncoherent,7.5,9,combined_int14,403.959196477255,393.551273109973,393.551273109973,0.000940730459029343,0.000916478279464788,10.4079233672819,0.0257647887659068,0,weak_margin
609,cp08p00_easy_noncoherent_t0009,609,9,120,formal_tps30,easy_noncoherent,7.5,9,W_int18_G24_Z16,403.959196477255,403.908957351203,403.908957351203,0.000940730459029343,0.000940610858918583,0.0502391260524746,0.000124366833310362,0,weak_margin
729,cp08p00_low_snr_hard_t0009,729,9,120,formal_tps30,low_snr_hard,7.5,9,double_baseline,117.423296077948,117.423296077948,117.423296077948,0.00059086723534428,0.00059086723534428,0,0,0,weak_margin
729,cp08p00_low_snr_hard_t0009,729,9,120,formal_tps30,low_snr_hard,7.5,9,float32_all,117.423296077948,117.390625,117.390625,0.00059086723534428,0.000590702795589629,0.03267107794818,0.000278233357769929,0,weak_margin
729,cp08p00_low_snr_hard_t0009,729,9,120,formal_tps30,low_snr_hard,7.5,9,combined_int16,117.423296077948,118.336369852143,118.336369852143,0.00059086723534428,0.000595465302694904,0.913073774194345,0.00777591674473374,0,weak_margin
729,cp08p00_low_snr_hard_t0009,729,9,120,formal_tps30,low_snr_hard,7.5,9,combined_int18,117.423296077948,116.817182768515,116.817182768515,0.00059086723534428,0.000587813182283166,0.606113309433567,0.00516178075116556,0,weak_margin
729,cp08p00_low_snr_hard_t0009,729,9,120,formal_tps30,low_snr_hard,7.5,9,combined_int24,117.423296077948,117.4203066099,117.4203066099,0.00059086723534428,0.000590852186340966,0.00298946804832667,2.54589008159181e-05,0,weak_margin
729,cp08p00_low_snr_hard_t0009,729,9,120,formal_tps30,low_snr_hard,7.5,9,mixed_Z16_G24_Rz24,117.423296077948,117.396432631984,117.396432631984,0.00059086723534428,0.000590732836139687,0.026863445964409,0.000228774415824408,0,weak_margin
729,cp08p00_low_snr_hard_t0009,729,9,120,formal_tps30,low_snr_hard,7.5,9,combined_int14,117.423296077948,121.378827200664,121.378827200664,0.00059086723534428,0.000610798924993877,3.95553112271591,0.0336860849152977,0,weak_margin
729,cp08p00_low_snr_hard_t0009,729,9,120,formal_tps30,low_snr_hard,7.5,9,W_int18_G24_Z16,117.423296077948,117.396416261559,117.396416261559,0.00059086723534428,0.000590732836139598,0.0268798163888277,0.000228913829594635,0,weak_margin
849,cp08p00_cache_boundary_center_t0009,849,9,120,formal_tps30,cache_boundary_center,7.5,9,double_baseline,570.582931676094,570.582931676094,570.582931676094,0.00178171310249062,0.00178171310249062,0,0,0,reliable
849,cp08p00_cache_boundary_center_t0009,849,9,120,formal_tps30,cache_boundary_center,7.5,9,float32_all,570.582931676094,570.609375,570.609375,0.00178171310249062,0.00178179576460623,0.0264433239062782,4.63444005038859e-05,0,reliable
849,cp08p00_cache_boundary_center_t0009,849,9,120,formal_tps30,cache_boundary_center,7.5,9,combined_int16,570.582931676094,572.764598370472,572.764598370472,0.00178171310249062,0.00178852591833935,2.18166669437778,0.00382357510759937,0,reliable
849,cp08p00_cache_boundary_center_t0009,849,9,120,formal_tps30,cache_boundary_center,7.5,9,combined_int18,570.582931676094,570.301278766681,570.301278766681,0.00178171310249062,0.00178082819975853,0.281652909412514,0.000493623089259183,0,reliable
849,cp08p00_cache_boundary_center_t0009,849,9,120,formal_tps30,cache_boundary_center,7.5,9,combined_int24,570.582931676094,570.58261060933,570.58261060933,0.00178171310249062,0.00178171205935258,0.000321066763717681,5.62699558457776e-07,0,reliable
849,cp08p00_cache_boundary_center_t0009,849,9,120,formal_tps30,cache_boundary_center,7.5,9,mixed_Z16_G24_Rz24,570.582931676094,570.63835475879,570.63835475879,0.00178171310249062,0.00178189151109793,0.0554230826965068,9.71341405774281e-05,0,reliable
849,cp08p00_cache_boundary_center_t0009,849,9,120,formal_tps30,cache_boundary_center,7.5,9,combined_int14,570.582931676094,567.933288650151,567.933288650151,0.00178171310249062,0.00177337491591756,2.64964302594308,0.00464374743590686,0,reliable
849,cp08p00_cache_boundary_center_t0009,849,9,120,formal_tps30,cache_boundary_center,7.5,9,W_int18_G24_Z16,570.582931676094,570.638392498338,570.638392498338,0.00178171310249062,0.00178189151109801,0.0554608222446404,9.72002826683295e-05,0,reliable
969,cp15p00_hard_phase_t0009,969,9,120,formal_tps30,hard_phase,15,9,double_baseline,422.717606864404,422.717606864404,422.717606864404,0.00148568170399493,0.00148568170399493,0,0,0,reliable
969,cp15p00_hard_phase_t0009,969,9,120,formal_tps30,hard_phase,15,9,float32_all,422.717606864404,422.71875,422.71875,0.00148568170399493,0.00148568630700691,0.00114313559606671,2.70425356669234e-06,0,reliable
969,cp15p00_hard_phase_t0009,969,9,120,formal_tps30,hard_phase,15,9,combined_int16,422.717606864404,421.772984026553,421.772984026553,0.00148568170399493,0.00148234179439761,0.944622837851057,0.00223464275561644,0,reliable
969,cp15p00_hard_phase_t0009,969,9,120,formal_tps30,hard_phase,15,9,combined_int18,422.717606864404,422.846843544132,422.846843544132,0.00148568170399493,0.0014861338743014,0.12923667972791,0.00030572816847292,0,reliable
969,cp15p00_hard_phase_t0009,969,9,120,formal_tps30,hard_phase,15,9,combined_int24,422.717606864404,422.707010121725,422.707010121725,0.00148568170399493,0.00148564444125546,0.0105967426788993,2.50681365214543e-05,0,reliable
969,cp15p00_hard_phase_t0009,969,9,120,formal_tps30,hard_phase,15,9,mixed_Z16_G24_Rz24,422.717606864404,422.707213869231,422.707213869231,0.00148568170399493,0.00148564444125552,0.0103929951728787,2.45861421528451e-05,0,reliable
969,cp15p00_hard_phase_t0009,969,9,120,formal_tps30,hard_phase,15,9,combined_int14,422.717606864404,417.452421190159,417.452421190159,0.00148568170399493,0.00146717202592007,5.265185674245,0.0124555627415206,0,reliable
969,cp15p00_hard_phase_t0009,969,9,120,formal_tps30,hard_phase,15,9,W_int18_G24_Z16,422.717606864404,422.707214644906,422.707214644906,0.00148568170399493,0.00148564444125548,0.0103922194975894,2.45843071800956e-05,0,reliable
1089,cp15p00_medium_beta_coherent_t0009,1089,9,120,formal_tps30,medium_beta_coherent,15,9,double_baseline,463.519695865252,463.519695865252,463.519695865252,0.00144870248093809,0.00144870248093809,0,0,0,reliable
1089,cp15p00_medium_beta_coherent_t0009,1089,9,120,formal_tps30,medium_beta_coherent,15,9,float32_all,463.519695865252,463.546875,463.546875,0.00144870248093809,0.00144878750789356,0.0271791347477119,5.86364182367195e-05,0,reliable
1089,cp15p00_medium_beta_coherent_t0009,1089,9,120,formal_tps30,medium_beta_coherent,15,9,combined_int16,463.519695865252,464.486978524452,464.486978524452,0.00144870248093809,0.00145173367563693,0.967282659199554,0.00208682105167921,0,reliable
1089,cp15p00_medium_beta_coherent_t0009,1089,9,120,formal_tps30,medium_beta_coherent,15,9,combined_int18,463.519695865252,463.255288519111,463.255288519111,0.00144870248093809,0.00144787460412663,0.264407346141525,0.000570433896337361,0,reliable
1089,cp15p00_medium_beta_coherent_t0009,1089,9,120,formal_tps30,medium_beta_coherent,15,9,combined_int24,463.519695865252,463.519078353856,463.519078353856,0.00144870248093809,0.00144870059853358,0.000617511395830661,1.33222255998842e-06,0,reliable
1089,cp15p00_medium_beta_coherent_t0009,1089,9,120,formal_tps30,medium_beta_coherent,15,9,mixed_Z16_G24_Rz24,463.519695865252,463.518210055889,463.518210055889,0.00144870248093809,0.00144870059853358,0.00148580936365761,3.20549348153167e-06,0,reliable
1089,cp15p00_medium_beta_coherent_t0009,1089,9,120,formal_tps30,medium_beta_coherent,15,9,combined_int14,463.519695865252,469.439963507088,469.439963507088,0.00144870248093809,0.00146717202592006,5.92026764183538,0.0127724187227557,0,reliable
1089,cp15p00_medium_beta_coherent_t0009,1089,9,120,formal_tps30,medium_beta_coherent,15,9,W_int18_G24_Z16,463.519695865252,463.518188582035,463.518188582035,0.00144870248093809,0.00144870059853361,0.00150728321750648,3.25182129465467e-06,0,reliable
10,cp00p00_easy_noncoherent_t0010,10,10,120,formal_tps30,easy_noncoherent,0,10,double_baseline,549.372989487892,549.372989487892,549.372989487892,0.00144933938288273,0.00144933938288273,0,0,0,reliable
10,cp00p00_easy_noncoherent_t0010,10,10,120,formal_tps30,easy_noncoherent,0,10,float32_all,549.372989487892,549.34375,549.34375,0.00144933938288273,0.00144926269718679,0.0292394878924824,5.32233809305742e-05,0,reliable
10,cp00p00_easy_noncoherent_t0010,10,10,120,formal_tps30,easy_noncoherent,0,10,combined_int16,549.372989487892,550.285000222619,550.285000222619,0.00144933938288273,0.00145173367563682,0.912010734726209,0.00166009387461214,0,reliable
10,cp00p00_easy_noncoherent_t0010,10,10,120,formal_tps30,easy_noncoherent,0,10,combined_int18,549.372989487892,548.818444165663,548.818444165663,0.00144933938288273,0.00144787460412664,0.554545322229387,0.00100941497459916,0,reliable
10,cp00p00_easy_noncoherent_t0010,10,10,120,formal_tps30,easy_noncoherent,0,10,combined_int24,549.372989487892,549.380092882406,549.380092882406,0.00144933938288273,0.0014493581511965,0.00710339451325126,1.29300032021465e-05,0,reliable
10,cp00p00_easy_noncoherent_t0010,10,10,120,formal_tps30,easy_noncoherent,0,10,mixed_Z16_G24_Rz24,549.372989487892,549.288544845302,549.288544845302,0.00144933938288273,0.00144911904103738,0.0844446425908245,0.000153710947219194,0,reliable
10,cp00p00_easy_noncoherent_t0010,10,10,120,formal_tps30,easy_noncoherent,0,10,combined_int14,549.372989487892,556.114380171581,556.114380171581,0.00144933938288273,0.00146717202592007,6.74139068368822,0.0122710632169454,0,reliable
10,cp00p00_easy_noncoherent_t0010,10,10,120,formal_tps30,easy_noncoherent,0,10,W_int18_G24_Z16,549.372989487892,549.288905503083,549.288905503083,0.00144933938288273,0.00144911904103744,0.0840839848096948,0.000153054457388004,0,reliable
130,cp00p00_low_snr_hard_t0010,130,10,120,formal_tps30,low_snr_hard,0,10,double_baseline,24.3782364561193,24.3782364561193,24.3782364561193,0.000116524927999339,0.000116524927999339,0,0,0,weak_margin
130,cp00p00_low_snr_hard_t0010,130,10,120,formal_tps30,low_snr_hard,0,10,float32_all,24.3782364561193,24.40625,24.40625,0.000116524927999339,0.0001166588458437,0.028013543880661,0.00114912101747332,0,weak_margin
130,cp00p00_low_snr_hard_t0010,130,10,120,formal_tps30,low_snr_hard,0,10,combined_int16,24.3782364561193,25.5419193114358,25.5419193114358,0.000116524927999339,0.00012208894179409,1.16368285531644,0.0477344970138041,0,weak_margin
130,cp00p00_low_snr_hard_t0010,130,10,120,formal_tps30,low_snr_hard,0,10,combined_int18,24.3782364561193,24.7434166770836,24.7434166770836,0.000116524927999339,0.00011827050371787,0.365180220964248,0.0149797636765715,0,weak_margin
130,cp00p00_low_snr_hard_t0010,130,10,120,formal_tps30,low_snr_hard,0,10,combined_int24,24.3782364561193,24.381531725332,24.381531725332,0.000116524927999339,0.000116540674573241,0.00329526921268553,0.000135172583899454,0,weak_margin
130,cp00p00_low_snr_hard_t0010,130,10,120,formal_tps30,low_snr_hard,0,10,mixed_Z16_G24_Rz24,24.3782364561193,24.3814923597529,24.3814923597529,0.000116524927999339,0.000116540674573133,0.00325590363354422,0.000133557800188083,0,weak_margin
130,cp00p00_low_snr_hard_t0010,130,10,120,formal_tps30,low_snr_hard,0,10,combined_int14,24.3782364561193,25.5456106868951,25.5456106868951,0.000116524927999339,0.000122100122100115,1.16737423077575,0.0478859179529666,0,weak_margin
130,cp00p00_low_snr_hard_t0010,130,10,120,formal_tps30,low_snr_hard,0,10,W_int18_G24_Z16,24.3782364561193,24.3814978851442,24.3814978851442,0.000116524927999339,0.00011654067457317,0.00326142902486026,0.000133784452814329,0,weak_margin
250,cp00p00_cache_boundary_center_t0010,250,10,120,formal_tps30,cache_boundary_center,0,10,double_baseline,387.184579461027,387.184579461027,387.184579461027,0.00120953039079825,0.00120953039079825,0,0,0,reliable
250,cp00p00_cache_boundary_center_t0010,250,10,120,formal_tps30,cache_boundary_center,0,10,float32_all,387.184579461027,387.203125,387.203125,0.00120953039079825,0.00120958847682592,0.0185455389728304,4.78984441959087e-05,0,reliable
250,cp00p00_cache_boundary_center_t0010,250,10,120,formal_tps30,cache_boundary_center,0,10,combined_int16,387.184579461027,386.357816219301,386.357816219301,0.00120953039079825,0.00120693606294404,0.826763241726439,0.00213532068574973,0,reliable
250,cp00p00_cache_boundary_center_t0010,250,10,120,formal_tps30,cache_boundary_center,0,10,combined_int18,387.184579461027,387.569538087293,387.569538087293,0.00120953039079825,0.00121073235940033,0.38495862626587,0.000994250924976776,0,reliable
250,cp00p00_cache_boundary_center_t0010,250,10,120,formal_tps30,cache_boundary_center,0,10,combined_int24,387.184579461027,387.183922235825,387.183922235825,0.00120953039079825,0.00120952827561772,0.00065722520230338,1.69744674030732e-06,0,reliable
250,cp00p00_cache_boundary_center_t0010,250,10,120,formal_tps30,cache_boundary_center,0,10,mixed_Z16_G24_Rz24,387.184579461027,387.222544430901,387.222544430901,0.00120953039079825,0.00120964777348423,0.0379649698734283,9.80539305730532e-05,0,reliable
250,cp00p00_cache_boundary_center_t0010,250,10,120,formal_tps30,cache_boundary_center,0,10,combined_int14,387.184579461027,391.280640941259,391.280640941259,0.00120953039079825,0.00122234445666792,4.09606148023158,0.0105790924988114,0,reliable
250,cp00p00_cache_boundary_center_t0010,250,10,120,formal_tps30,cache_boundary_center,0,10,W_int18_G24_Z16,387.184579461027,387.222549893311,387.222549893311,0.00120953039079825,0.00120964777348416,0.0379704322840553,9.80680386003784e-05,0,reliable
370,cp04p00_hard_phase_t0010,370,10,120,formal_tps30,hard_phase,3.75,10,double_baseline,842.248073652328,842.248073652328,842.248073652328,0.00255699344263167,0.00255699344263167,0,0,0,reliable
370,cp04p00_hard_phase_t0010,370,10,120,formal_tps30,hard_phase,3.75,10,float32_all,842.248073652328,842.28125,842.28125,0.00255699344263167,0.00255709465927447,0.0331763476715423,3.93902327703479e-05,0,reliable
370,cp04p00_hard_phase_t0010,370,10,120,formal_tps30,hard_phase,3.75,10,combined_int16,842.248073652328,841.534851572302,841.534851572302,0.00255699344263167,0.00255480594183611,0.713222080026753,0.000846807612077916,0,reliable
370,cp04p00_hard_phase_t0010,370,10,120,formal_tps30,hard_phase,3.75,10,combined_int18,842.248073652328,842.769316712394,842.769316712394,0.00255699344263167,0.00255858157438815,0.521243060065899,0.000618871181035272,0,reliable
370,cp04p00_hard_phase_t0010,370,10,120,formal_tps30,hard_phase,3.75,10,combined_int24,842.248073652328,842.25176499589,842.25176499589,0.00255699344263167,0.00255700465101157,0.00369134356151335,4.38272722370998e-06,0,reliable
370,cp04p00_hard_phase_t0010,370,10,120,formal_tps30,hard_phase,3.75,10,mixed_Z16_G24_Rz24,842.248073652328,842.254076880607,842.254076880607,0.00255699344263167,0.00255700465101157,0.00600322827813216,7.12762482447687e-06,0,reliable
370,cp04p00_hard_phase_t0010,370,10,120,formal_tps30,hard_phase,3.75,10,combined_int14,842.248073652328,846.631511583953,846.631511583953,0.00255699344263167,0.00257037943696454,4.38343793162494,0.00520444993434841,0,reliable
370,cp04p00_hard_phase_t0010,370,10,120,formal_tps30,hard_phase,3.75,10,W_int18_G24_Z16,842.248073652328,842.253785974171,842.253785974171,0.00255699344263167,0.00255700465101166,0.00571232184302062,6.78223200707326e-06,0,reliable
490,cp04p00_medium_beta_coherent_t0010,490,10,120,formal_tps30,medium_beta_coherent,3.75,10,double_baseline,175.907062948652,175.907062948652,175.907062948652,0.000476621488829924,0.000476621488829924,0,0,0,weak_margin
490,cp04p00_medium_beta_coherent_t0010,490,10,120,formal_tps30,medium_beta_coherent,3.75,10,float32_all,175.907062948652,175.9375,175.9375,0.000476621488829924,0.00047670403275524,0.0304370513476897,0.000173029160043303,0,weak_margin
490,cp04p00_medium_beta_coherent_t0010,490,10,120,formal_tps30,medium_beta_coherent,3.75,10,combined_int16,175.907062948652,174.671037133434,174.671037133434,0.000476621488829924,0.0004732607666825,1.23602581521845,0.00702658434800457,0,weak_margin
490,cp04p00_medium_beta_coherent_t0010,490,10,120,formal_tps30,medium_beta_coherent,3.75,10,combined_int18,175.907062948652,176.072068699519,176.072068699519,0.000476621488829924,0.00047706828182905,0.16500575086684,0.00093802800240605,0,weak_margin
490,cp04p00_medium_beta_coherent_t0010,490,10,120,formal_tps30,medium_beta_coherent,3.75,10,combined_int24,175.907062948652,175.916502133856,175.916502133856,0.000476621488829924,0.00047664706667053,0.00943918520351872,5.36600693871743e-05,0,weak_margin
490,cp04p00_medium_beta_coherent_t0010,490,10,120,formal_tps30,medium_beta_coherent,3.75,10,mixed_Z16_G24_Rz24,175.907062948652,175.894631138683,175.894631138683,0.000476621488829924,0.000476587405187899,0.012431809969712,7.0672602687596e-05,0,weak_margin
490,cp04p00_medium_beta_coherent_t0010,490,10,120,formal_tps30,medium_beta_coherent,3.75,10,combined_int14,175.907062948652,180.307335026446,180.307335026446,0.000476621488829924,0.000488579455233842,4.40027207779349,0.0250147549736416,0,weak_margin
490,cp04p00_medium_beta_coherent_t0010,490,10,120,formal_tps30,medium_beta_coherent,3.75,10,W_int18_G24_Z16,175.907062948652,175.894565401337,175.894565401337,0.000476621488829924,0.000476587405187872,0.0124975473154336,7.10463076691906e-05,0,weak_margin
610,cp08p00_easy_noncoherent_t0010,610,10,120,formal_tps30,easy_noncoherent,7.5,10,double_baseline,628.979588051036,628.979588051036,628.979588051036,0.00167878511873677,0.00167878511873677,0,0,0,reliable
610,cp08p00_easy_noncoherent_t0010,610,10,120,formal_tps30,easy_noncoherent,7.5,10,float32_all,628.979588051036,628.9375,628.9375,0.00167878511873677,0.00167867327593182,0.0420880510355346,6.69148122373083e-05,0,reliable
610,cp08p00_easy_noncoherent_t0010,610,10,120,formal_tps30,easy_noncoherent,7.5,10,combined_int16,628.979588051036,629.940648242395,629.940648242395,0.00167878511873677,0.00168134018097333,0.961060191359138,0.00152796721804135,0,reliable
610,cp08p00_easy_noncoherent_t0010,610,10,120,formal_tps30,easy_noncoherent,7.5,10,combined_int18,628.979588051036,628.488950372761,628.488950372761,0.00167878511873677,0.00167747408321653,0.490637678274652,0.000780053419213409,0,reliable
610,cp08p00_easy_noncoherent_t0010,610,10,120,formal_tps30,easy_noncoherent,7.5,10,combined_int24,628.979588051036,628.976606410288,628.976606410288,0.00167878511873677,0.00167877717101871,0.00298164074774832,4.7404411914022e-06,0,reliable
610,cp08p00_easy_noncoherent_t0010,610,10,120,formal_tps30,easy_noncoherent,7.5,10,mixed_Z16_G24_Rz24,628.979588051036,628.99829073585,628.99829073585,0.00167878511873677,0.00167883697596801,0.0187026848143432,2.97349630570614e-05,0,reliable
610,cp08p00_easy_noncoherent_t0010,610,10,120,formal_tps30,easy_noncoherent,7.5,10,combined_int14,628.979588051036,641.420769154181,641.420769154181,0.00167878511873677,0.00171211935917814,12.4411811031459,0.0197799441182127,0,reliable
610,cp08p00_easy_noncoherent_t0010,610,10,120,formal_tps30,easy_noncoherent,7.5,10,W_int18_G24_Z16,628.979588051036,628.998318541853,628.998318541853,0.00167878511873677,0.00167883697596799,0.0187304908176884,2.97791711742617e-05,0,reliable
730,cp08p00_low_snr_hard_t0010,730,10,120,formal_tps30,low_snr_hard,7.5,10,double_baseline,28.8561477555922,28.8561477555922,28.8561477555922,0.000137720069345788,0.000137720069345788,0,0,0,weak_margin
730,cp08p00_low_snr_hard_t0010,730,10,120,formal_tps30,low_snr_hard,7.5,10,float32_all,28.8561477555922,28.875,28.875,0.000137720069345788,0.000137810072663493,0.0188522444077535,0.000653318127125959,0,weak_margin
730,cp08p00_low_snr_hard_t0010,730,10,120,formal_tps30,low_snr_hard,7.5,10,combined_int16,28.8561477555922,28.7792530535662,28.7792530535662,0.000137720069345788,0.00013735215566577,0.0768947020260384,0.00266475978281392,0,weak_margin
730,cp08p00_low_snr_hard_t0010,730,10,120,formal_tps30,low_snr_hard,7.5,10,combined_int18,28.8561477555922,28.7784140126168,28.7784140126168,0.000137720069345788,0.000137349011468656,0.077733742975397,0.00269383646194882,0,weak_margin
730,cp08p00_low_snr_hard_t0010,730,10,120,formal_tps30,low_snr_hard,7.5,10,combined_int24,28.8561477555922,28.8531385221577,28.8531385221577,0.000137720069345788,0.000137705706095236,0.00300923343456816,0.000104283962643107,0,weak_margin
730,cp08p00_low_snr_hard_t0010,730,10,120,formal_tps30,low_snr_hard,7.5,10,mixed_Z16_G24_Rz24,28.8561477555922,28.8407914337004,28.8407914337004,0.000137720069345788,0.000137646085030017,0.0153563218918862,0.000532168119665598,0,weak_margin
730,cp08p00_low_snr_hard_t0010,730,10,120,formal_tps30,low_snr_hard,7.5,10,combined_int14,28.8561477555922,25.5840934860753,25.5840934860753,0.000137720069345788,0.00012210012210012,3.27205426951696,0.113391929415902,0,weak_margin
730,cp08p00_low_snr_hard_t0010,730,10,120,formal_tps30,low_snr_hard,7.5,10,W_int18_G24_Z16,28.8561477555922,28.840790524875,28.840790524875,0.000137720069345788,0.000137646085030026,0.0153572307171999,0.000532199614698177,0,weak_margin
850,cp08p00_cache_boundary_center_t0010,850,10,120,formal_tps30,cache_boundary_center,7.5,10,double_baseline,388.039278088167,388.039278088167,388.039278088167,0.00120727480693689,0.00120727480693689,0,0,0,reliable
850,cp08p00_cache_boundary_center_t0010,850,10,120,formal_tps30,cache_boundary_center,7.5,10,float32_all,388.039278088167,388.015625,388.015625,0.00120727480693689,0.00120720112754423,0.0236530881666113,6.09553967916543e-05,0,reliable
850,cp08p00_cache_boundary_center_t0010,850,10,120,formal_tps30,cache_boundary_center,7.5,10,combined_int16,388.039278088167,387.922274578159,387.922274578159,0.00120727480693689,0.00120693606294396,0.117003510007635,0.000301524914137817,0,reliable
850,cp08p00_cache_boundary_center_t0010,850,10,120,formal_tps30,cache_boundary_center,7.5,10,combined_int18,388.039278088167,387.92143827636,387.92143827636,0.00120727480693689,0.00120690840481846,0.117839811806334,0.000303680112969285,0,reliable
850,cp08p00_cache_boundary_center_t0010,850,10,120,formal_tps30,cache_boundary_center,7.5,10,combined_int24,388.039278088167,388.033822282596,388.033822282596,0.00120727480693689,0.00120725782157459,0.00545580557081848,1.40599312463901e-05,0,reliable
850,cp08p00_cache_boundary_center_t0010,850,10,120,formal_tps30,cache_boundary_center,7.5,10,mixed_Z16_G24_Rz24,388.039278088167,388.014820745855,388.014820745855,0.00120727480693689,0.001207198072923,0.0244573423115071,6.30280069378702e-05,0,reliable
850,cp08p00_cache_boundary_center_t0010,850,10,120,formal_tps30,cache_boundary_center,7.5,10,combined_int14,388.039278088167,392.879408148816,392.879408148816,0.00120727480693689,0.00122234445666789,4.84013006064924,0.0124732993126266,0,reliable
850,cp08p00_cache_boundary_center_t0010,850,10,120,formal_tps30,cache_boundary_center,7.5,10,W_int18_G24_Z16,388.039278088167,388.0149809258,388.0149809258,0.00120727480693689,0.00120719807292304,0.0242971623665653,6.26152138161765e-05,0,reliable
970,cp15p00_hard_phase_t0010,970,10,120,formal_tps30,hard_phase,15,10,double_baseline,847.76191226943,847.76191226943,847.76191226943,0.00255672437517852,0.00255672437517852,0,0,0,reliable
970,cp15p00_hard_phase_t0010,970,10,120,formal_tps30,hard_phase,15,10,float32_all,847.76191226943,847.78125,847.78125,0.00255672437517852,0.0025567835626968,0.0193377305695321,2.28103318746247e-05,0,reliable
970,cp15p00_hard_phase_t0010,970,10,120,formal_tps30,hard_phase,15,10,combined_int16,847.76191226943,847.12308424685,847.12308424685,0.00255672437517852,0.00255480594183607,0.638828022580128,0.000753546500891986,0,reliable
970,cp15p00_hard_phase_t0010,970,10,120,formal_tps30,hard_phase,15,10,combined_int18,847.76191226943,848.375355252414,848.375355252414,0.00255672437517852,0.00255858157438814,0.613442982983543,0.000723602905609874,0,reliable
970,cp15p00_hard_phase_t0010,970,10,120,formal_tps30,hard_phase,15,10,combined_int24,847.76191226943,847.755520220118,847.755520220118,0.00255672437517852,0.00255670510179943,0.00639204931212589,7.53991093444454e-06,0,reliable
970,cp15p00_hard_phase_t0010,970,10,120,formal_tps30,hard_phase,15,10,mixed_Z16_G24_Rz24,847.76191226943,847.795899299643,847.795899299643,0.00255672437517852,0.00255682492146273,0.0339870302123018,4.00903009682513e-05,0,reliable
970,cp15p00_hard_phase_t0010,970,10,120,formal_tps30,hard_phase,15,10,combined_int14,847.76191226943,852.274116409477,852.274116409477,0.00255672437517852,0.00257037943696451,4.51220414004638,0.00532248981080945,0,reliable
970,cp15p00_hard_phase_t0010,970,10,120,formal_tps30,hard_phase,15,10,W_int18_G24_Z16,847.76191226943,847.795666274964,847.795666274964,0.00255672437517852,0.00255682492146281,0.0337540055334102,3.98154305411668e-05,0,reliable
1090,cp15p00_medium_beta_coherent_t0010,1090,10,120,formal_tps30,medium_beta_coherent,15,10,double_baseline,173.244253150304,173.244253150304,173.244253150304,0.000469110228409616,0.000469110228409616,0,0,0,weak_margin
1090,cp15p00_medium_beta_coherent_t0010,1090,10,120,formal_tps30,medium_beta_coherent,15,10,float32_all,173.244253150304,173.25,173.25,0.000469110228409616,0.000469125786128397,0.00574684969615191,3.3171949958802e-05,0,weak_margin
1090,cp15p00_medium_beta_coherent_t0010,1090,10,120,formal_tps30,medium_beta_coherent,15,10,combined_int16,173.244253150304,174.777663652465,174.777663652465,0.000469110228409616,0.000473260766682464,1.53341050216113,0.00885114786942324,0,weak_margin
1090,cp15p00_medium_beta_coherent_t0010,1090,10,120,formal_tps30,medium_beta_coherent,15,10,combined_int18,173.244253150304,173.362486712722,173.362486712722,0.000469110228409616,0.000469431606104936,0.118233562418027,0.000682467442746568,0,weak_margin
1090,cp15p00_medium_beta_coherent_t0010,1090,10,120,formal_tps30,medium_beta_coherent,15,10,combined_int24,173.244253150304,173.251463546563,173.251463546563,0.000469110228409616,0.000469129775894057,0.00721039625932463,4.16198293923724e-05,0,weak_margin
1090,cp15p00_medium_beta_coherent_t0010,1090,10,120,formal_tps30,medium_beta_coherent,15,10,mixed_Z16_G24_Rz24,173.244253150304,173.22971190387,173.22971190387,0.000469110228409616,0.000469070115308032,0.0145412464335095,8.39349425397319e-05,0,weak_margin
1090,cp15p00_medium_beta_coherent_t0010,1090,10,120,formal_tps30,medium_beta_coherent,15,10,combined_int14,173.244253150304,180.433026254235,180.433026254235,0.000469110228409616,0.000488579455233894,7.18877310393145,0.0414950162744769,0,weak_margin
1090,cp15p00_medium_beta_coherent_t0010,1090,10,120,formal_tps30,medium_beta_coherent,15,10,W_int18_G24_Z16,173.244253150304,173.229728313541,173.229728313541,0.000469110228409616,0.000469070115307973,0.0145248367625754,8.38402226824455e-05,0,weak_margin
11,cp00p00_easy_noncoherent_t0011,11,11,120,formal_tps30,easy_noncoherent,0,11,double_baseline,362.486367749341,362.486367749341,362.486367749341,0.000849827096988749,0.000849827096988749,0,0,0,weak_margin
11,cp00p00_easy_noncoherent_t0011,11,11,120,formal_tps30,easy_noncoherent,0,11,float32_all,362.486367749341,362.46875,362.46875,0.000849827096988749,0.000849785612109024,0.0176177493412979,4.86025155944086e-05,0,weak_margin
11,cp00p00_easy_noncoherent_t0011,11,11,120,formal_tps30,easy_noncoherent,0,11,combined_int16,362.486367749341,364.795810774463,364.795810774463,0.000849827096988749,0.000855249091297833,2.30944302512216,0.00637111690423387,0,weak_margin
11,cp00p00_easy_noncoherent_t0011,11,11,120,formal_tps30,easy_noncoherent,0,11,combined_int18,362.486367749341,363.159622684063,363.159622684063,0.000849827096988749,0.000851408259805454,0.673254934721626,0.00185732483928108,0,weak_margin
11,cp00p00_easy_noncoherent_t0011,11,11,120,formal_tps30,easy_noncoherent,0,11,combined_int24,362.486367749341,362.495930028264,362.495930028264,0.000849827096988749,0.000849849501591802,0.0095622789231129,2.63796925177755e-05,0,weak_margin
11,cp00p00_easy_noncoherent_t0011,11,11,120,formal_tps30,easy_noncoherent,0,11,mixed_Z16_G24_Rz24,362.486367749341,362.468966629182,362.468966629182,0.000849827096988749,0.000849789795590545,0.017401120159775,4.80048953780459e-05,0,weak_margin
11,cp00p00_easy_noncoherent_t0011,11,11,120,formal_tps30,easy_noncoherent,0,11,combined_int14,362.486367749341,364.819039259019,364.819039259019,0.000849827096988749,0.000855327468230665,2.33267150967731,0.00643519789216004,0,weak_margin
11,cp00p00_easy_noncoherent_t0011,11,11,120,formal_tps30,easy_noncoherent,0,11,W_int18_G24_Z16,362.486367749341,362.443525916082,362.443525916082,0.000849827096988749,0.000849730089596306,0.0428418332594447,0.000118188812245402,0,weak_margin
131,cp00p00_low_snr_hard_t0011,131,11,120,formal_tps30,low_snr_hard,0,11,double_baseline,115.496166151162,115.496166151162,115.496166151162,0.000581488999522342,0.000581488999522342,0,0,0,weak_margin
131,cp00p00_low_snr_hard_t0011,131,11,120,formal_tps30,low_snr_hard,0,11,float32_all,115.496166151162,115.46875,115.46875,0.000581488999522342,0.000581350984166642,0.0274161511624698,0.000237377153511635,0,weak_margin
131,cp00p00_low_snr_hard_t0011,131,11,120,formal_tps30,low_snr_hard,0,11,combined_int16,115.496166151162,115.237875083069,115.237875083069,0.000581488999522342,0.000580188103090235,0.258291068093968,0.00223636053646936,0,weak_margin
131,cp00p00_low_snr_hard_t0011,131,11,120,formal_tps30,low_snr_hard,0,11,combined_int18,115.496166151162,115.235354729914,115.235354729914,0.000581488999522342,0.000580174815832614,0.260811421248945,0.00225818250025367,0,weak_margin
131,cp00p00_low_snr_hard_t0011,131,11,120,formal_tps30,low_snr_hard,0,11,combined_int24,115.496166151162,115.506878493426,115.506878493426,0.000581488999522342,0.000581542956140743,0.0107123422640143,9.27506307871196e-05,0,weak_margin
131,cp00p00_low_snr_hard_t0011,131,11,120,formal_tps30,low_snr_hard,0,11,mixed_Z16_G24_Rz24,115.496166151162,115.506838965186,115.506838965186,0.000581488999522342,0.000581542956140671,0.0106728140235646,9.24083835786886e-05,0,weak_margin
131,cp00p00_low_snr_hard_t0011,131,11,120,formal_tps30,low_snr_hard,0,11,combined_int14,115.496166151162,109.180602327964,109.180602327964,0.000581488999522342,0.000549685457765795,6.31556382319832,0.0546820213489377,0,weak_margin
131,cp00p00_low_snr_hard_t0011,131,11,120,formal_tps30,low_snr_hard,0,11,W_int18_G24_Z16,115.496166151162,115.506871653619,115.506871653619,0.000581488999522342,0.000581542956140693,0.0107055024564033,9.26914097078502e-05,0,weak_margin
251,cp00p00_cache_boundary_center_t0011,251,11,120,formal_tps30,cache_boundary_center,0,11,double_baseline,569.465466001158,569.465466001158,569.465466001158,0.00177694634997621,0.00177694634997621,0,0,0,reliable
251,cp00p00_cache_boundary_center_t0011,251,11,120,formal_tps30,cache_boundary_center,0,11,float32_all,569.465466001158,569.484375,569.484375,0.00177694634997621,0.00177700552799034,0.0189089988416526,3.32048209603182e-05,0,reliable
251,cp00p00_cache_boundary_center_t0011,251,11,120,formal_tps30,cache_boundary_center,0,11,combined_int16,569.465466001158,568.274047533341,568.274047533341,0.00177694634997621,0.0017732122657373,1.19141846781713,0.00209216983109333,0,reliable
251,cp00p00_cache_boundary_center_t0011,251,11,120,formal_tps30,cache_boundary_center,0,11,combined_int18,569.465466001158,569.48334764209,569.48334764209,0.00177694634997621,0.0017769998891764,0.0178816409315914,3.14007468392386e-05,0,reliable
251,cp00p00_cache_boundary_center_t0011,251,11,120,formal_tps30,cache_boundary_center,0,11,combined_int24,569.465466001158,569.459173794341,569.459173794341,0.00177694634997621,0.00177692670319159,0.00629220681730658,1.10493211493421e-05,0,reliable
251,cp00p00_cache_boundary_center_t0011,251,11,120,formal_tps30,cache_boundary_center,0,11,mixed_Z16_G24_Rz24,569.465466001158,569.477283857414,569.477283857414,0.00177694634997621,0.00177698651986147,0.0118178562552202,2.07525424468781e-05,0,reliable
251,cp00p00_cache_boundary_center_t0011,251,11,120,formal_tps30,cache_boundary_center,0,11,combined_int14,569.465466001158,568.328047501069,568.328047501069,0.00177694634997621,0.00177337491591759,1.13741850008955,0.00199734412005106,0,reliable
251,cp00p00_cache_boundary_center_t0011,251,11,120,formal_tps30,cache_boundary_center,0,11,W_int18_G24_Z16,569.465466001158,569.477316434262,569.477316434262,0.00177694634997621,0.00177698651986149,0.011850433103973,2.08097484597054e-05,0,reliable
371,cp04p00_hard_phase_t0011,371,11,120,formal_tps30,hard_phase,3.75,11,double_baseline,427.586479625461,427.586479625461,427.586479625461,0.00150247827419136,0.00150247827419136,0,0,0,reliable
371,cp04p00_hard_phase_t0011,371,11,120,formal_tps30,hard_phase,3.75,11,float32_all,427.586479625461,427.59375,427.59375,0.00150247827419136,0.00150250428361413,0.00727037453907542,1.70032844477305e-05,0,reliable
371,cp04p00_hard_phase_t0011,371,11,120,formal_tps30,hard_phase,3.75,11,combined_int16,427.586479625461,426.213240265846,426.213240265846,0.00150247827419136,0.0014976465554129,1.37323935961467,0.00321160613127324,0,reliable
371,cp04p00_hard_phase_t0011,371,11,120,formal_tps30,hard_phase,3.75,11,combined_int18,427.586479625461,427.290867997974,427.290867997974,0.00150247827419136,0.00150143840091083,0.295611627487233,0.000691349332996147,0,reliable
371,cp04p00_hard_phase_t0011,371,11,120,formal_tps30,hard_phase,3.75,11,combined_int24,427.586479625461,427.576573875791,427.576573875791,0.00150247827419136,0.00150244343302558,0.00990574966999702,2.31666578388396e-05,0,reliable
371,cp04p00_hard_phase_t0011,371,11,120,formal_tps30,hard_phase,3.75,11,mixed_Z16_G24_Rz24,427.586479625461,427.561077654886,427.561077654886,0.00150247827419136,0.00150238364913756,0.0254019705753308,5.94077965177508e-05,0,reliable
371,cp04p00_hard_phase_t0011,371,11,120,formal_tps30,hard_phase,3.75,11,combined_int14,427.586479625461,434.954368790291,434.954368790291,0.00150247827419136,0.00152839762792686,7.36788916483056,0.0172313427012107,0,reliable
371,cp04p00_hard_phase_t0011,371,11,120,formal_tps30,hard_phase,3.75,11,W_int18_G24_Z16,427.586479625461,427.56126812438,427.56126812438,0.00150247827419136,0.00150238364913755,0.0252115010807756,5.89623439517062e-05,0,reliable
491,cp04p00_medium_beta_coherent_t0011,491,11,120,formal_tps30,medium_beta_coherent,3.75,11,double_baseline,466.187741175265,466.187741175265,466.187741175265,0.00141984005654611,0.00141984005654611,0,0,0,reliable
491,cp04p00_medium_beta_coherent_t0011,491,11,120,formal_tps30,medium_beta_coherent,3.75,11,float32_all,466.187741175265,466.21875,466.21875,0.00141984005654611,0.00141993486135672,0.0310088247351814,6.65157446161235e-05,0,reliable
491,cp04p00_medium_beta_coherent_t0011,491,11,120,formal_tps30,medium_beta_coherent,3.75,11,combined_int16,466.187741175265,466.609087678196,466.609087678196,0.00141984005654611,0.00142112742775936,0.421346502931556,0.000903812918523632,0,reliable
491,cp04p00_medium_beta_coherent_t0011,491,11,120,formal_tps30,medium_beta_coherent,3.75,11,combined_int18,466.187741175265,466.599814825924,466.599814825924,0.00141984005654611,0.00142109485426137,0.412073650659295,0.000883922107476383,0,reliable
491,cp04p00_medium_beta_coherent_t0011,491,11,120,formal_tps30,medium_beta_coherent,3.75,11,combined_int24,466.187741175265,466.184120870952,466.184120870952,0.00141984005654611,0.00141982891022835,0.00362030431278981,7.76576471887266e-06,0,reliable
491,cp04p00_medium_beta_coherent_t0011,491,11,120,formal_tps30,medium_beta_coherent,3.75,11,mixed_Z16_G24_Rz24,466.187741175265,466.165309758188,466.165309758188,0.00141984005654611,0.00141976913620312,0.0224314170773141,4.81167029848624e-05,0,reliable
491,cp04p00_medium_beta_coherent_t0011,491,11,120,formal_tps30,medium_beta_coherent,3.75,11,combined_int14,466.187741175265,461.640703574754,461.640703574754,0.00141984005654611,0.00140595390916321,4.54703760051052,0.00975366188104257,0,reliable
491,cp04p00_medium_beta_coherent_t0011,491,11,120,formal_tps30,medium_beta_coherent,3.75,11,W_int18_G24_Z16,466.187741175265,466.16529091337,466.16529091337,0.00141984005654611,0.00141976913620309,0.0224502618948463,4.81571262218285e-05,0,reliable
611,cp08p00_easy_noncoherent_t0011,611,11,120,formal_tps30,easy_noncoherent,7.5,11,double_baseline,34.8175312936946,34.8175312936946,34.8175312936946,8.31341995643138e-05,8.31341995643138e-05,0,0,0,boundary_like
611,cp08p00_easy_noncoherent_t0011,611,11,120,formal_tps30,easy_noncoherent,7.5,11,float32_all,34.8175312936946,34.796875,34.796875,8.31341995643138e-05,8.30848777128266e-05,0.0206562936946284,0.000593272783196125,0,boundary_like
611,cp08p00_easy_noncoherent_t0011,611,11,120,formal_tps30,easy_noncoherent,7.5,11,combined_int16,34.8175312936946,38.3474914012186,38.3474914012186,8.31341995643138e-05,9.15639116102689e-05,3.52996010752395,0.101384560489021,0,boundary_like
611,cp08p00_easy_noncoherent_t0011,611,11,120,formal_tps30,easy_noncoherent,7.5,11,combined_int18,34.8175312936946,35.1512477567885,35.1512477567885,8.31341995643138e-05,8.39310239584988e-05,0.333716463093879,0.00958472501335308,0,boundary_like
611,cp08p00_easy_noncoherent_t0011,611,11,120,formal_tps30,easy_noncoherent,7.5,11,combined_int24,34.8175312936946,34.8264103155816,34.8264103155816,8.31341995643138e-05,8.31554036199275e-05,0.00887902188696899,0.000255015837052668,0,boundary_like
611,cp08p00_easy_noncoherent_t0011,611,11,120,formal_tps30,easy_noncoherent,7.5,11,mixed_Z16_G24_Rz24,34.8175312936946,34.7265986550192,34.7265986550192,8.31341995643138e-05,8.29169454160171e-05,0.0909326386754401,0.00261169115950239,0,boundary_like
611,cp08p00_easy_noncoherent_t0011,611,11,120,formal_tps30,easy_noncoherent,7.5,11,combined_int14,34.8175312936946,25.5675117188075,25.5675117188075,8.31341995643138e-05,6.10463341676834e-05,9.25001957488712,0.265671322210092,0,boundary_like
611,cp08p00_easy_noncoherent_t0011,611,11,120,formal_tps30,easy_noncoherent,7.5,11,W_int18_G24_Z16,34.8175312936946,34.7016329162871,34.7016329162871,8.31341995643138e-05,8.28573308828289e-05,0.115898377407575,0.00332873621710692,0,boundary_like
731,cp08p00_low_snr_hard_t0011,731,11,120,formal_tps30,low_snr_hard,7.5,11,double_baseline,121.405733502281,121.405733502281,121.405733502281,0.000611249772060581,0.000611249772060581,0,0,0,weak_margin
731,cp08p00_low_snr_hard_t0011,731,11,120,formal_tps30,low_snr_hard,7.5,11,float32_all,121.405733502281,121.4140625,121.4140625,0.000611249772060581,0.000611291831806126,0.00832899771921802,6.86046488822668e-05,0,weak_margin
731,cp08p00_low_snr_hard_t0011,731,11,120,formal_tps30,low_snr_hard,7.5,11,combined_int16,121.405733502281,121.30481547465,121.30481547465,0.000611249772060581,0.000610742968821594,0.100918027630541,0.000831245977593353,0,weak_margin
731,cp08p00_low_snr_hard_t0011,731,11,120,formal_tps30,low_snr_hard,7.5,11,combined_int18,121.405733502281,121.302062428964,121.302062428964,0.000611249772060581,0.000610728981380365,0.103671073316946,0.000853922383451504,0,weak_margin
731,cp08p00_low_snr_hard_t0011,731,11,120,formal_tps30,low_snr_hard,7.5,11,combined_int24,121.405733502281,121.408065490119,121.408065490119,0.000611249772060581,0.000611261489482514,0.00233198783826083,1.92082183517059e-05,0,weak_margin
731,cp08p00_low_snr_hard_t0011,731,11,120,formal_tps30,low_snr_hard,7.5,11,mixed_Z16_G24_Rz24,121.405733502281,121.407975997776,121.407975997776,0.000611249772060581,0.000611261489482439,0.0022424954950111,1.84710839457098e-05,0,weak_margin
731,cp08p00_low_snr_hard_t0011,731,11,120,formal_tps30,low_snr_hard,7.5,11,combined_int14,121.405733502281,121.31297091984,121.31297091984,0.000611249772060581,0.000610798924993884,0.0927625824406277,0.000764070853695596,0,weak_margin
731,cp08p00_low_snr_hard_t0011,731,11,120,formal_tps30,low_snr_hard,7.5,11,W_int18_G24_Z16,121.405733502281,121.39614530759,121.39614530759,0.000611249772060581,0.000611201811943775,0.00958819469087757,7.89764569949033e-05,0,weak_margin
851,cp08p00_cache_boundary_center_t0011,851,11,120,formal_tps30,cache_boundary_center,7.5,11,double_baseline,560.298485000618,560.298485000618,560.298485000618,0.00174488262586928,0.00174488262586928,0,0,0,reliable
851,cp08p00_cache_boundary_center_t0011,851,11,120,formal_tps30,cache_boundary_center,7.5,11,float32_all,560.298485000618,560.296875,560.296875,0.00174488262586928,0.0017448778305727,0.00161000061780214,2.87346951830571e-06,0,reliable
851,cp08p00_cache_boundary_center_t0011,851,11,120,formal_tps30,cache_boundary_center,7.5,11,combined_int16,560.298485000618,559.56237733626,559.56237733626,0.00174488262586928,0.00174258636502602,0.736107664357405,0.00131377771681213,0,reliable
851,cp08p00_cache_boundary_center_t0011,851,11,120,formal_tps30,cache_boundary_center,7.5,11,combined_int18,560.298485000618,560.777456783864,560.777456783864,0.00174488262586928,0.00174637445784054,0.478971783246379,0.00085485111252059,0,reliable
851,cp08p00_cache_boundary_center_t0011,851,11,120,formal_tps30,cache_boundary_center,7.5,11,combined_int24,560.298485000618,560.293147175573,560.293147175573,0.00174488262586928,0.00174486599616629,0.00533782504498959,9.52675259327839e-06,0,reliable
851,cp08p00_cache_boundary_center_t0011,851,11,120,formal_tps30,cache_boundary_center,7.5,11,mixed_Z16_G24_Rz24,560.298485000618,560.274667032209,560.274667032209,0.00174488262586928,0.00174480618333231,0.0238179684092756,4.25094285401278e-05,0,reliable
851,cp08p00_cache_boundary_center_t0011,851,11,120,formal_tps30,cache_boundary_center,7.5,11,combined_int14,560.298485000618,569.42098398917,569.42098398917,0.00174488262586928,0.00177337491591762,9.12249898855225,0.0162814985811396,0,reliable
851,cp08p00_cache_boundary_center_t0011,851,11,120,formal_tps30,cache_boundary_center,7.5,11,W_int18_G24_Z16,560.298485000618,560.293876096461,560.293876096461,0.00174488262586928,0.00174486599616636,0.00460890415706672,8.22580156907195e-06,0,reliable
971,cp15p00_hard_phase_t0011,971,11,120,formal_tps30,hard_phase,15,11,double_baseline,427.548024214106,427.548024214106,427.548024214106,0.00150216398817097,0.00150216398817097,0,0,0,reliable
971,cp15p00_hard_phase_t0011,971,11,120,formal_tps30,hard_phase,15,11,float32_all,427.548024214106,427.515625,427.515625,0.00150216398817097,0.00150205105370575,0.0323992141056806,7.57791225096525e-05,0,reliable
971,cp15p00_hard_phase_t0011,971,11,120,formal_tps30,hard_phase,15,11,combined_int16,427.548024214106,426.264867403806,426.264867403806,0.00150216398817097,0.00149764655541295,1.28315681029926,0.00300119925161129,0,reliable
971,cp15p00_hard_phase_t0011,971,11,120,formal_tps30,hard_phase,15,11,combined_int18,427.548024214106,427.342792476411,427.342792476411,0.00150216398817097,0.00150143840091077,0.205231737694703,0.000480020316014671,0,reliable
971,cp15p00_hard_phase_t0011,971,11,120,formal_tps30,hard_phase,15,11,combined_int24,427.548024214106,427.542476073577,427.542476073577,0.00150216398817097,0.00150214451365652,0.00554814052884467,1.2976648737982e-05,0,reliable
971,cp15p00_hard_phase_t0011,971,11,120,formal_tps30,hard_phase,15,11,mixed_Z16_G24_Rz24,427.548024214106,427.558780079242,427.558780079242,0.00150216398817097,0.0015022042975161,0.0107558651361614,2.51570923662488e-05,0,reliable
971,cp15p00_hard_phase_t0011,971,11,120,formal_tps30,hard_phase,15,11,combined_int14,427.548024214106,435.024421955575,435.024421955575,0.00150216398817097,0.00152839762792694,7.47639774146955,0.017486685279887,0,reliable
971,cp15p00_hard_phase_t0011,971,11,120,formal_tps30,hard_phase,15,11,W_int18_G24_Z16,427.548024214106,427.558783454937,427.558783454937,0.00150216398817097,0.00150220429751609,0.0107592408312485,2.51649878420687e-05,0,reliable
1091,cp15p00_medium_beta_coherent_t0011,1091,11,120,formal_tps30,medium_beta_coherent,15,11,double_baseline,466.511218190717,466.511218190717,466.511218190717,0.00143319567504663,0.00143319567504663,0,0,0,reliable
1091,cp15p00_medium_beta_coherent_t0011,1091,11,120,formal_tps30,medium_beta_coherent,15,11,float32_all,466.511218190717,466.515625,466.515625,0.00143319567504663,0.00143320935738775,0.00440680928295478,9.44630935145746e-06,0,reliable
1091,cp15p00_medium_beta_coherent_t0011,1091,11,120,formal_tps30,medium_beta_coherent,15,11,combined_int16,466.511218190717,467.56160206502,467.56160206502,0.00143319567504663,0.00143643031784843,1.0503838743025,0.002251572595352,0,reliable
1091,cp15p00_medium_beta_coherent_t0011,1091,11,120,formal_tps30,medium_beta_coherent,15,11,combined_int18,466.511218190717,466.308042954159,466.308042954159,0.00143319567504663,0.00143257171454005,0.203175236558309,0.000435520580504556,0,reliable
1091,cp15p00_medium_beta_coherent_t0011,1091,11,120,formal_tps30,medium_beta_coherent,15,11,combined_int24,466.511218190717,466.51865677684,466.51865677684,0.00143319567504663,0.00143321847171548,0.00743858612258919,1.59451387931001e-05,0,reliable
1091,cp15p00_medium_beta_coherent_t0011,1091,11,120,formal_tps30,medium_beta_coherent,15,11,mixed_Z16_G24_Rz24,466.511218190717,466.47974634805,466.47974634805,0.00143319567504663,0.00143309892047522,0.0314718426670879,6.7462134756686e-05,0,reliable
1091,cp15p00_medium_beta_coherent_t0011,1091,11,120,formal_tps30,medium_beta_coherent,15,11,combined_int14,466.511218190717,457.672266980226,457.672266980226,0.00143319567504663,0.00140595390916309,8.83895121049136,0.01894692102962,0,reliable
1091,cp15p00_medium_beta_coherent_t0011,1091,11,120,formal_tps30,medium_beta_coherent,15,11,W_int18_G24_Z16,466.511218190717,466.479810349818,466.479810349818,0.00143319567504663,0.00143309892047522,0.0314078408991918,6.73249424118924e-05,0,reliable
12,cp00p00_easy_noncoherent_t0012,12,12,120,formal_tps30,easy_noncoherent,0,12,double_baseline,720.118456429918,720.118456429918,720.118456429918,0.00195236138441296,0.00195236138441296,0,0,0,reliable
12,cp00p00_easy_noncoherent_t0012,12,12,120,formal_tps30,easy_noncoherent,0,12,float32_all,720.118456429918,720.109375,720.109375,0.00195236138441296,0.00195233724892311,0.00908142991829664,1.26110223078006e-05,0,reliable
12,cp00p00_easy_noncoherent_t0012,12,12,120,formal_tps30,easy_noncoherent,0,12,combined_int16,720.118456429918,721.828680550505,721.828680550505,0.00195236138441296,0.0019570070024157,1.71022412058664,0.00237492054996799,0,reliable
12,cp00p00_easy_noncoherent_t0012,12,12,120,formal_tps30,easy_noncoherent,0,12,combined_int18,720.118456429918,720.404529835971,720.404529835971,0.00195236138441296,0.0019531324651895,0.28607340605231,0.000397258816932087,0,reliable
12,cp00p00_easy_noncoherent_t0012,12,12,120,formal_tps30,easy_noncoherent,0,12,combined_int24,720.118456429918,720.110517908499,720.110517908499,0.00195236138441296,0.00195233987853818,0.00793852141941898,1.10239105088005e-05,0,reliable
12,cp00p00_easy_noncoherent_t0012,12,12,120,formal_tps30,easy_noncoherent,0,12,mixed_Z16_G24_Rz24,720.118456429918,720.132302960264,720.132302960264,0.00195236138441296,0.00195239971615788,0.0138465303461999,1.92281286815587e-05,0,reliable
12,cp00p00_easy_noncoherent_t0012,12,12,120,formal_tps30,easy_noncoherent,0,12,combined_int14,720.118456429918,721.891811669571,721.891811669571,0.00195236138441296,0.00195718654434249,1.77335523965303,0.00246258823644747,0,reliable
12,cp00p00_easy_noncoherent_t0012,12,12,120,formal_tps30,easy_noncoherent,0,12,W_int18_G24_Z16,720.118456429918,720.131831342151,720.131831342151,0.00195236138441296,0.00195239971615791,0.0133749122323934,1.85732112723527e-05,0,reliable
132,cp00p00_low_snr_hard_t0012,132,12,120,formal_tps30,low_snr_hard,0,12,double_baseline,27.0261455011932,27.0261455011932,27.0261455011932,0.000128998118727765,0.000128998118727765,0,0,0,weak_margin
132,cp00p00_low_snr_hard_t0012,132,12,120,formal_tps30,low_snr_hard,0,12,float32_all,27.0261455011932,27.046875,27.046875,0.000128998118727765,0.000129097089289469,0.0207294988067588,0.00076701647320901,0,weak_margin
132,cp00p00_low_snr_hard_t0012,132,12,120,formal_tps30,low_snr_hard,0,12,combined_int16,27.0261455011932,25.5789509105962,25.5789509105962,0.000128998118727765,0.000122088941794094,1.44719459059706,0.0535479463963209,0,weak_margin
132,cp00p00_low_snr_hard_t0012,132,12,120,formal_tps30,low_snr_hard,0,12,combined_int18,27.0261455011932,27.1768265008432,27.1768265008432,0.000128998118727765,0.000129717521021896,0.150680999649921,0.00557537883614475,0,weak_margin
132,cp00p00_low_snr_hard_t0012,132,12,120,formal_tps30,low_snr_hard,0,12,combined_int24,27.0261455011932,27.0267708961619,27.0267708961619,0.000128998118727765,0.000129001105808908,0.000625394968665205,2.31403685974233e-05,0,weak_margin
132,cp00p00_low_snr_hard_t0012,132,12,120,formal_tps30,low_snr_hard,0,12,mixed_Z16_G24_Rz24,27.0261455011932,27.0144263910915,27.0144263910915,0.000128998118727765,0.000128941485781525,0.0117191101016942,0.000433621216949965,0,weak_margin
132,cp00p00_low_snr_hard_t0012,132,12,120,formal_tps30,low_snr_hard,0,12,combined_int14,27.0261455011932,25.5815276236244,25.5815276236244,0.000128998118727765,0.00012210012210012,1.44461787756882,0.0534526049045742,0,weak_margin
132,cp00p00_low_snr_hard_t0012,132,12,120,formal_tps30,low_snr_hard,0,12,W_int18_G24_Z16,27.0261455011932,27.0144292660407,27.0144292660407,0.000128998118727765,0.000128941485781468,0.0117162351525621,0.000433514840362451,0,weak_margin
252,cp00p00_cache_boundary_center_t0012,252,12,120,formal_tps30,cache_boundary_center,0,12,double_baseline,387.131160746882,387.131160746882,387.131160746882,0.0012065328190261,0.0012065328190261,0,0,0,reliable
252,cp00p00_cache_boundary_center_t0012,252,12,120,formal_tps30,cache_boundary_center,0,12,float32_all,387.131160746882,387.125,387.125,0.0012065328190261,0.00120651381106722,0.00616074688150547,1.59138491193003e-05,0,reliable
252,cp00p00_cache_boundary_center_t0012,252,12,120,formal_tps30,cache_boundary_center,0,12,combined_int16,387.131160746882,387.264238623873,387.264238623873,0.0012065328190261,0.00120693606294403,0.133077876991592,0.000343753979232384,0,reliable
252,cp00p00_cache_boundary_center_t0012,252,12,120,formal_tps30,cache_boundary_center,0,12,combined_int18,387.131160746882,387.251360452618,387.251360452618,0.0012065328190261,0.00120690840481847,0.120199705736013,0.000310488325207703,0,reliable
252,cp00p00_cache_boundary_center_t0012,252,12,120,formal_tps30,cache_boundary_center,0,12,combined_int24,387.131160746882,387.133708316047,387.133708316047,0.0012065328190261,0.00120654083822658,0.00254756916547194,6.58063577356312e-06,0,reliable
252,cp00p00_cache_boundary_center_t0012,252,12,120,formal_tps30,cache_boundary_center,0,12,mixed_Z16_G24_Rz24,387.131160746882,387.133884466777,387.133884466777,0.0012065328190261,0.00120654083822664,0.00272371989558451,7.03565140643732e-06,0,reliable
252,cp00p00_cache_boundary_center_t0012,252,12,120,formal_tps30,cache_boundary_center,0,12,combined_int14,387.131160746882,392.20847441323,392.20847441323,0.0012065328190261,0.00122234445666787,5.07731366634835,0.0131152285870061,0,reliable
252,cp00p00_cache_boundary_center_t0012,252,12,120,formal_tps30,cache_boundary_center,0,12,W_int18_G24_Z16,387.131160746882,387.133828533202,387.133828533202,0.0012065328190261,0.00120654083822665,0.00266778632067144,6.8911691725475e-06,0,reliable
372,cp04p00_hard_phase_t0012,372,12,120,formal_tps30,hard_phase,3.75,12,double_baseline,847.24842646069,847.24842646069,847.24842646069,0.00254551725707124,0.00254551725707124,0,0,0,reliable
372,cp04p00_hard_phase_t0012,372,12,120,formal_tps30,hard_phase,3.75,12,float32_all,847.24842646069,847.28125,847.28125,0.00254551725707124,0.00254561627376721,0.0328235393099021,3.87413399479769e-05,0,reliable
372,cp04p00_hard_phase_t0012,372,12,120,formal_tps30,hard_phase,3.75,12,combined_int16,847.24842646069,845.235421573016,845.235421573016,0.00254551725707124,0.00253946885326148,2.01300488767447,0.00237593228244003,0,reliable
372,cp04p00_hard_phase_t0012,372,12,120,formal_tps30,hard_phase,3.75,12,combined_int18,847.24842646069,847.767621834617,847.767621834617,0.00254551725707124,0.00254707889060561,0.519195373926777,0.000612801815514339,0,reliable
372,cp04p00_hard_phase_t0012,372,12,120,formal_tps30,hard_phase,3.75,12,combined_int24,847.24842646069,847.243369752134,847.243369752134,0.00254551725707124,0.00254550208980003,0.00505670855636708,5.96838943388902e-06,0,reliable
372,cp04p00_hard_phase_t0012,372,12,120,formal_tps30,hard_phase,3.75,12,mixed_Z16_G24_Rz24,847.24842646069,847.220270163991,847.220270163991,0.00254551725707124,0.00254544218131785,0.0281562966993079,3.32326338060354e-05,0,reliable
372,cp04p00_hard_phase_t0012,372,12,120,formal_tps30,hard_phase,3.75,12,combined_int14,847.24842646069,855.52293818348,855.52293818348,0.00254551725707124,0.0025703794369645,8.27451172278961,0.00976633471879753,0,reliable
372,cp04p00_hard_phase_t0012,372,12,120,formal_tps30,hard_phase,3.75,12,W_int18_G24_Z16,847.24842646069,847.220320006425,847.220320006425,0.00254551725707124,0.00254544218131795,0.0281064542650711,3.31738052113988e-05,0,reliable
492,cp04p00_medium_beta_coherent_t0012,492,12,120,formal_tps30,medium_beta_coherent,3.75,12,double_baseline,164.926171671541,164.926171671541,164.926171671541,0.000443870007597364,0.000443870007597364,0,0,0,weak_margin
492,cp04p00_medium_beta_coherent_t0012,492,12,120,formal_tps30,medium_beta_coherent,3.75,12,float32_all,164.926171671541,164.921875,164.921875,0.000443870007597364,0.000443858427033859,0.00429667154094204,2.60520904438326e-05,0,weak_margin
492,cp04p00_medium_beta_coherent_t0012,492,12,120,formal_tps30,medium_beta_coherent,3.75,12,combined_int16,164.926171671541,164.49541361045,164.49541361045,0.000443870007597364,0.000442714296618569,0.430758061091183,0.00261182356156948,0,weak_margin
492,cp04p00_medium_beta_coherent_t0012,492,12,120,formal_tps30,medium_beta_coherent,3.75,12,combined_int18,164.926171671541,164.493359259592,164.493359259592,0.000443870007597364,0.000442704159129256,0.432812411949271,0.0026242797462809,0,weak_margin
492,cp04p00_medium_beta_coherent_t0012,492,12,120,formal_tps30,medium_beta_coherent,3.75,12,combined_int24,164.926171671541,164.935068012826,164.935068012826,0.000443870007597364,0.00044389398304209,0.00889634128543548,5.39413556700571e-05,0,weak_margin
492,cp04p00_medium_beta_coherent_t0012,492,12,120,formal_tps30,medium_beta_coherent,3.75,12,mixed_Z16_G24_Rz24,164.926171671541,164.890770405531,164.890770405531,0.000443870007597364,0.000443774667896492,0.0354012660100125,0.000214649170906095,0,weak_margin
492,cp04p00_medium_beta_coherent_t0012,492,12,120,formal_tps30,medium_beta_coherent,3.75,12,combined_int14,164.926171671541,158.833467244956,158.833467244956,0.000443870007597364,0.000427480916030521,6.09270442658453,0.0369420108696785,0,weak_margin
492,cp04p00_medium_beta_coherent_t0012,492,12,120,formal_tps30,medium_beta_coherent,3.75,12,W_int18_G24_Z16,164.926171671541,164.890844334121,164.890844334121,0.000443870007597364,0.000443774667896541,0.0353273374203127,0.000214200918279174,0,weak_margin
612,cp08p00_easy_noncoherent_t0012,612,12,120,formal_tps30,easy_noncoherent,7.5,12,double_baseline,669.771240746253,669.771240746253,669.771240746253,0.00179298789033998,0.00179298789033998,0,0,0,reliable
612,cp08p00_easy_noncoherent_t0012,612,12,120,formal_tps30,easy_noncoherent,7.5,12,float32_all,669.771240746253,669.8125,669.8125,0.00179298789033998,0.0017930989365804,0.0412592537468299,6.16020086214201e-05,0,reliable
612,cp08p00_easy_noncoherent_t0012,612,12,120,formal_tps30,easy_noncoherent,7.5,12,combined_int16,669.771240746253,668.111560793128,668.111560793128,0.00179298789033998,0.00178852591833929,1.65967995312531,0.00247798031948357,0,reliable
612,cp08p00_easy_noncoherent_t0012,612,12,120,formal_tps30,easy_noncoherent,7.5,12,combined_int18,669.771240746253,669.519264673669,669.519264673669,0.00179298789033998,0.0017923133070665,0.251976072584512,0.00037621214118385,0,reliable
612,cp08p00_easy_noncoherent_t0012,612,12,120,formal_tps30,easy_noncoherent,7.5,12,combined_int24,669.771240746253,669.782351220463,669.782351220463,0.00179298789033998,0.00179301764487482,0.0111104742099997,1.65884611552154e-05,0,reliable
612,cp08p00_easy_noncoherent_t0012,612,12,120,formal_tps30,easy_noncoherent,7.5,12,mixed_Z16_G24_Rz24,669.771240746253,669.760360380955,669.760360380955,0.00179298789033998,0.00179295782629045,0.0108803652983624,1.62448977149865e-05,0,reliable
612,cp08p00_easy_noncoherent_t0012,612,12,120,formal_tps30,easy_noncoherent,7.5,12,combined_int14,669.771240746253,662.45152466296,662.45152466296,0.00179298789033998,0.00177337491591758,7.31971608329332,0.0109286807763465,0,reliable
612,cp08p00_easy_noncoherent_t0012,612,12,120,formal_tps30,easy_noncoherent,7.5,12,W_int18_G24_Z16,669.771240746253,669.760666277667,669.760666277667,0.00179298789033998,0.00179295782629047,0.0105744685861282,1.57881795198406e-05,0,reliable
732,cp08p00_low_snr_hard_t0012,732,12,120,formal_tps30,low_snr_hard,7.5,12,double_baseline,26.5967296550225,26.5967296550225,26.5967296550225,0.000126886506905834,0.000126886506905834,0,0,0,weak_margin
732,cp08p00_low_snr_hard_t0012,732,12,120,formal_tps30,low_snr_hard,7.5,12,float32_all,26.5967296550225,26.625,26.625,0.000126886506905834,0.000127021412724102,0.0282703449774999,0.00106292560567353,0,weak_margin
732,cp08p00_low_snr_hard_t0012,732,12,120,formal_tps30,low_snr_hard,7.5,12,combined_int16,26.5967296550225,25.5913259515364,25.5913259515364,0.000126886506905834,0.000122088941794131,1.00540370348608,0.0378017792610913,0,weak_margin
732,cp08p00_low_snr_hard_t0012,732,12,120,formal_tps30,low_snr_hard,7.5,12,combined_int18,26.5967296550225,26.390389648499,26.390389648499,0.000126886506905834,0.000125901819472039,0.206340006523533,0.00775809692394146,0,weak_margin
732,cp08p00_low_snr_hard_t0012,732,12,120,formal_tps30,low_snr_hard,7.5,12,combined_int24,26.5967296550225,26.5900831326289,26.5900831326289,0.000126886506905834,0.000126854789298824,0.00664652239356656,0.000249899986944877,0,weak_margin
732,cp08p00_low_snr_hard_t0012,732,12,120,formal_tps30,low_snr_hard,7.5,12,mixed_Z16_G24_Rz24,26.5967296550225,26.5900075824757,26.5900075824757,0.000126886506905834,0.000126854789298835,0.00672207254683599,0.000252740567506825,0,weak_margin
732,cp08p00_low_snr_hard_t0012,732,12,120,formal_tps30,low_snr_hard,7.5,12,combined_int14,26.5967296550225,25.5929696499079,25.5929696499079,0.000126886506905834,0.000122100122100107,1.0037600051146,0.0377399784911169,0,weak_margin
732,cp08p00_low_snr_hard_t0012,732,12,120,formal_tps30,low_snr_hard,7.5,12,W_int18_G24_Z16,26.5967296550225,26.590014849513,26.590014849513,0.000126886506905834,0.000126854789298807,0.00671480550954584,0.000252467337023814,0,weak_margin
852,cp08p00_cache_boundary_center_t0012,852,12,120,formal_tps30,cache_boundary_center,7.5,12,double_baseline,384.707632699283,384.707632699283,384.707632699283,0.00120060300014604,0.00120060300014604,0,0,0,reliable
852,cp08p00_cache_boundary_center_t0012,852,12,120,formal_tps30,cache_boundary_center,7.5,12,float32_all,384.707632699283,384.75,384.75,0.00120060300014604,0.00120073518698291,0.0423673007171601,0.000110128568076209,0,reliable
852,cp08p00_cache_boundary_center_t0012,852,12,120,formal_tps30,cache_boundary_center,7.5,12,combined_int16,384.707632699283,381.836628369114,381.836628369114,0.00120060300014604,0.00119164018577366,2.87100433016894,0.00746282133792012,0,reliable
852,cp08p00_cache_boundary_center_t0012,852,12,120,formal_tps30,cache_boundary_center,7.5,12,combined_int18,384.707632699283,384.278770105942,384.278770105942,0.00120060300014604,0.00119926058328362,0.428862593340455,0.0011147753693665,0,reliable
852,cp08p00_cache_boundary_center_t0012,852,12,120,formal_tps30,cache_boundary_center,7.5,12,combined_int24,384.707632699283,384.695809784724,384.695809784724,0.00120060300014604,0.00120056601692794,0.0118229145591613,3.07322068871012e-05,0,reliable
852,cp08p00_cache_boundary_center_t0012,852,12,120,formal_tps30,cache_boundary_center,7.5,12,mixed_Z16_G24_Rz24,384.707632699283,384.677650893078,384.677650893078,0.00120060300014604,0.00120050626907512,0.0299818062048871,7.79340040500917e-05,0,reliable
852,cp08p00_cache_boundary_center_t0012,852,12,120,formal_tps30,cache_boundary_center,7.5,12,combined_int14,384.707632699283,372.087655145326,372.087655145326,0.00120060300014604,0.00116115626718819,12.6199775539571,0.0328040737466259,0,reliable
852,cp08p00_cache_boundary_center_t0012,852,12,120,formal_tps30,cache_boundary_center,7.5,12,W_int18_G24_Z16,384.707632699283,384.677715766273,384.677715766273,0.00120060300014604,0.00120050626907506,0.0299169330100995,7.7765374188676e-05,0,reliable
972,cp15p00_hard_phase_t0012,972,12,120,formal_tps30,hard_phase,15,12,double_baseline,849.676883834822,849.676883834822,849.676883834822,0.00255712972188869,0.00255712972188869,0,0,0,reliable
972,cp15p00_hard_phase_t0012,972,12,120,formal_tps30,hard_phase,15,12,float32_all,849.676883834822,849.703125,849.703125,0.00255712972188869,0.00255720921532035,0.0262411651783623,3.08836990597282e-05,0,reliable
972,cp15p00_hard_phase_t0012,972,12,120,formal_tps30,hard_phase,15,12,combined_int16,849.676883834822,848.901912816247,848.901912816247,0.00255712972188869,0.00255480594183612,0.774971018574433,0.000912077324119705,0,reliable
972,cp15p00_hard_phase_t0012,972,12,120,formal_tps30,hard_phase,15,12,combined_int18,849.676883834822,850.156886342971,850.156886342971,0.00255712972188869,0.00255858157438816,0.480002508149482,0.000564923581283159,0,reliable
972,cp15p00_hard_phase_t0012,972,12,120,formal_tps30,hard_phase,15,12,combined_int24,849.676883834822,849.675146444206,849.675146444206,0.00255712972188869,0.00255712447074657,0.00173739061574452,2.04476625032236e-06,0,reliable
972,cp15p00_hard_phase_t0012,972,12,120,formal_tps30,hard_phase,15,12,mixed_Z16_G24_Rz24,849.676883834822,849.636052610207,849.636052610207,0.00255712972188869,0.00255700465101157,0.0408312246145215,4.80550023089237e-05,0,reliable
972,cp15p00_hard_phase_t0012,972,12,120,formal_tps30,hard_phase,15,12,combined_int14,849.676883834822,854.080064215115,854.080064215115,0.00255712972188869,0.0025703794369645,4.40318038029363,0.00518218214954947,0,reliable
972,cp15p00_hard_phase_t0012,972,12,120,formal_tps30,hard_phase,15,12,W_int18_G24_Z16,849.676883834822,849.655856437312,849.655856437312,0.00255712972188869,0.00255706456087546,0.0210273975098971,2.47475221580641e-05,0,reliable
1092,cp15p00_medium_beta_coherent_t0012,1092,12,120,formal_tps30,medium_beta_coherent,15,12,double_baseline,179.408557407151,179.408557407151,179.408557407151,0.000486894784734239,0.000486894784734239,0,0,0,weak_margin
1092,cp15p00_medium_beta_coherent_t0012,1092,12,120,formal_tps30,medium_beta_coherent,15,12,float32_all,179.408557407151,179.4375,179.4375,0.000486894784734239,0.000486973336047222,0.0289425928494893,0.000161322253897883,0,weak_margin
1092,cp15p00_medium_beta_coherent_t0012,1092,12,120,formal_tps30,medium_beta_coherent,15,12,combined_int16,179.408557407151,180.011484217684,180.011484217684,0.000486894784734239,0.000488534701230447,0.602926810533972,0.00336063574250635,0,weak_margin
1092,cp15p00_medium_beta_coherent_t0012,1092,12,120,formal_tps30,medium_beta_coherent,15,12,combined_int18,179.408557407151,180.008262077637,180.008262077637,0.000486894784734239,0.000488523514010638,0.599704670486972,0.00334267595232929,0,weak_margin
1092,cp15p00_medium_beta_coherent_t0012,1092,12,120,formal_tps30,medium_beta_coherent,15,12,combined_int24,179.408557407151,179.413764722471,179.413764722471,0.000486894784734239,0.000486908947549809,0.00520731532014906,2.90248993437451e-05,0,weak_margin
1092,cp15p00_medium_beta_coherent_t0012,1092,12,120,formal_tps30,medium_beta_coherent,15,12,mixed_Z16_G24_Rz24,179.408557407151,179.413157982402,179.413157982402,0.000486894784734239,0.000486908947549729,0.00460057525197044,2.56430089983382e-05,0,weak_margin
1092,cp15p00_medium_beta_coherent_t0012,1092,12,120,formal_tps30,medium_beta_coherent,15,12,combined_int14,179.408557407151,180.018903659482,180.018903659482,0.000486894784734239,0.000488579455233902,0.61034625233151,0.00340199074755608,0,weak_margin
1092,cp15p00_medium_beta_coherent_t0012,1092,12,120,formal_tps30,medium_beta_coherent,15,12,W_int18_G24_Z16,179.408557407151,179.413240337803,179.413240337803,0.000486894784734239,0.000486908947549731,0.00468293065205216,2.6102047303266e-05,0,weak_margin
13,cp00p00_easy_noncoherent_t0013,13,13,120,formal_tps30,easy_noncoherent,0,13,double_baseline,400.775995422096,400.775995422096,400.775995422096,0.000936728268744771,0.000936728268744771,0,0,0,weak_margin
13,cp00p00_easy_noncoherent_t0013,13,13,120,formal_tps30,easy_noncoherent,0,13,float32_all,400.775995422096,400.75,400.75,0.000936728268744771,0.000936667364687392,0.0259954220964573,6.48627223022152e-05,0,weak_margin
13,cp00p00_easy_noncoherent_t0013,13,13,120,formal_tps30,easy_noncoherent,0,13,combined_int16,400.775995422096,398.621799228567,398.621799228567,0.000936728268744771,0.000931681761947696,2.15419619352906,0.00537506292326781,0,weak_margin
13,cp00p00_easy_noncoherent_t0013,13,13,120,formal_tps30,easy_noncoherent,0,13,combined_int18,400.775995422096,400.243362466776,400.243362466776,0.000936728268744771,0.000935482269747278,0.532632955320878,0.00132900413548948,0,weak_margin
13,cp00p00_easy_noncoherent_t0013,13,13,120,formal_tps30,easy_noncoherent,0,13,combined_int24,400.775995422096,400.776431873848,400.776431873848,0.000936728268744771,0.000936729279749437,0.000436451751738787,1.08901669941364e-06,0,weak_margin
13,cp00p00_easy_noncoherent_t0013,13,13,120,formal_tps30,easy_noncoherent,0,13,mixed_Z16_G24_Rz24,400.775995422096,400.75141620342,400.75141620342,0.000936728268744771,0.000936669563381924,0.0245792186760809,6.13290689982421e-05,0,weak_margin
13,cp00p00_easy_noncoherent_t0013,13,13,120,formal_tps30,easy_noncoherent,0,13,combined_int14,400.775995422096,392.121237273153,392.121237273153,0.000936728268744771,0.000916478279464795,8.65475814894307,0.0215950013169524,0,weak_margin
13,cp00p00_easy_noncoherent_t0013,13,13,120,formal_tps30,easy_noncoherent,0,13,W_int18_G24_Z16,400.775995422096,400.751422478061,400.751422478061,0.000936728268744771,0.00093666956338189,0.0245729440357536,6.13134127703268e-05,0,weak_margin
133,cp00p00_low_snr_hard_t0013,133,13,120,formal_tps30,low_snr_hard,0,13,double_baseline,115.970342005574,115.970342005574,115.970342005574,0.00058416439512521,0.00058416439512521,0,0,0,weak_margin
133,cp00p00_low_snr_hard_t0013,133,13,120,formal_tps30,low_snr_hard,0,13,float32_all,115.970342005574,115.96875,115.96875,0.00058416439512521,0.000584156513648146,0.00159200557391159,1.37276957744513e-05,0,weak_margin
133,cp00p00_low_snr_hard_t0013,133,13,120,formal_tps30,low_snr_hard,0,13,combined_int16,115.970342005574,118.21317109096,118.21317109096,0.00058416439512521,0.000595465302694881,2.24282908538589,0.0193396781159626,0,weak_margin
133,cp00p00_low_snr_hard_t0013,133,13,120,formal_tps30,low_snr_hard,0,13,combined_int18,115.970342005574,115.936979980921,115.936979980921,0.00058416439512521,0.000583993984480252,0.0333620246528881,0.000287677211914099,0,weak_margin
133,cp00p00_low_snr_hard_t0013,133,13,120,formal_tps30,low_snr_hard,0,13,combined_int24,115.970342005574,115.983029503826,115.983029503826,0.00058416439512521,0.000584228293229119,0.0126874982524896,0.000109402956247898,0,weak_margin
133,cp00p00_low_snr_hard_t0013,133,13,120,formal_tps30,low_snr_hard,0,13,mixed_Z16_G24_Rz24,115.970342005574,115.970869447439,115.970869447439,0.00058416439512521,0.000584168618915091,0.000527441865415312,4.54807545010052e-06,0,weak_margin
133,cp00p00_low_snr_hard_t0013,133,13,120,formal_tps30,low_snr_hard,0,13,combined_int14,115.970342005574,121.257422971757,121.257422971757,0.00058416439512521,0.000610798924993901,5.28708096618357,0.0455899402791228,0,weak_margin
133,cp00p00_low_snr_hard_t0013,133,13,120,formal_tps30,low_snr_hard,0,13,W_int18_G24_Z16,115.970342005574,115.970901757784,115.970901757784,0.00058416439512521,0.000584168618915033,0.000559752210392617,4.82668413934412e-06,0,weak_margin
253,cp00p00_cache_boundary_center_t0013,253,13,120,formal_tps30,cache_boundary_center,0,13,double_baseline,567.974424549262,567.974424549262,567.974424549262,0.00176611999460239,0.00176611999460239,0,0,0,reliable
253,cp00p00_cache_boundary_center_t0013,253,13,120,formal_tps30,cache_boundary_center,0,13,float32_all,567.974424549262,568,568,0.00176611999460239,0.00176619953137798,0.0255754507379606,4.50292295436666e-05,0,reliable
253,cp00p00_cache_boundary_center_t0013,253,13,120,formal_tps30,cache_boundary_center,0,13,combined_int16,567.974424549262,570.248631739145,570.248631739145,0.00176611999460239,0.00177321226573726,2.27420718988287,0.00400406618957827,0,reliable
253,cp00p00_cache_boundary_center_t0013,253,13,120,formal_tps30,cache_boundary_center,0,13,combined_int18,567.974424549262,567.780465903546,567.780465903546,0.00176611999460239,0.00176551513298686,0.193958645715611,0.000341491865359139,0,reliable
253,cp00p00_cache_boundary_center_t0013,253,13,120,formal_tps30,cache_boundary_center,0,13,combined_int24,567.974424549262,567.967993946077,567.967993946077,0.00176611999460239,0.00176610000360647,0.00643060318543576,1.13219942791245e-05,0,reliable
253,cp00p00_cache_boundary_center_t0013,253,13,120,formal_tps30,cache_boundary_center,0,13,mixed_Z16_G24_Rz24,567.974424549262,567.948974698549,567.948974698549,0.00176611999460239,0.00176604018823664,0.0254498507129028,4.48080927818177e-05,0,reliable
253,cp00p00_cache_boundary_center_t0013,253,13,120,formal_tps30,cache_boundary_center,0,13,combined_int14,567.974424549262,570.294600275927,570.294600275927,0.00176611999460239,0.0017733749159176,2.32017572666518,0.00408500035632141,0,reliable
253,cp00p00_cache_boundary_center_t0013,253,13,120,formal_tps30,cache_boundary_center,0,13,W_int18_G24_Z16,567.974424549262,567.94891188835,567.94891188835,0.00176611999460239,0.00176604018823666,0.0255126609117724,4.4918679097248e-05,0,reliable
373,cp04p00_hard_phase_t0013,373,13,120,formal_tps30,hard_phase,3.75,13,double_baseline,428.748423385056,428.748423385056,428.748423385056,0.00150633737947609,0.00150633737947609,0,0,0,reliable
373,cp04p00_hard_phase_t0013,373,13,120,formal_tps30,hard_phase,3.75,13,float32_all,428.748423385056,428.703125,428.703125,0.00150633737947609,0.00150617861509629,0.0452983850555029,0.00010565259855153,0,reliable
373,cp04p00_hard_phase_t0013,373,13,120,formal_tps30,hard_phase,3.75,13,combined_int16,428.748423385056,430.626264117192,430.626264117192,0.00150633737947609,0.00151295178421332,1.87784073213697,0.00437981956250951,0,reliable
373,cp04p00_hard_phase_t0013,373,13,120,formal_tps30,hard_phase,3.75,13,combined_int18,428.748423385056,428.444103767746,428.444103767746,0.00150633737947609,0.00150526460565126,0.304319617309375,0.000709785974037432,0,reliable
373,cp04p00_hard_phase_t0013,373,13,120,formal_tps30,hard_phase,3.75,13,combined_int24,428.748423385056,428.746161694959,428.746161694959,0.00150633737947609,0.00150632940106188,0.00226169009692967,5.27509834105784e-06,0,reliable
373,cp04p00_hard_phase_t0013,373,13,120,formal_tps30,hard_phase,3.75,13,mixed_Z16_G24_Rz24,428.748423385056,428.745968413976,428.745968413976,0.00150633737947609,0.00150632940106179,0.0024549710797146,5.72590112479506e-06,0,reliable
373,cp04p00_hard_phase_t0013,373,13,120,formal_tps30,hard_phase,3.75,13,combined_int14,428.748423385056,435.012237256829,435.012237256829,0.00150633737947609,0.00152839762792684,6.26381387177389,0.0146095321408294,0,reliable
373,cp04p00_hard_phase_t0013,373,13,120,formal_tps30,hard_phase,3.75,13,W_int18_G24_Z16,428.748423385056,428.745967841882,428.745967841882,0.00150633737947609,0.0015063294010618,0.00245554317370988,5.72723545971988e-06,0,reliable
493,cp04p00_medium_beta_coherent_t0013,493,13,120,formal_tps30,medium_beta_coherent,3.75,13,double_baseline,463.928938923171,463.928938923171,463.928938923171,0.00143889994973921,0.00143889994973921,0,0,0,reliable
493,cp04p00_medium_beta_coherent_t0013,493,13,120,formal_tps30,medium_beta_coherent,3.75,13,float32_all,463.928938923171,463.890625,463.890625,0.00143889994973921,0.00143878086522734,0.0383139231707901,8.25857581976258e-05,0,reliable
493,cp04p00_medium_beta_coherent_t0013,493,13,120,formal_tps30,medium_beta_coherent,3.75,13,combined_int16,463.928938923171,463.133754181647,463.133754181647,0.00143889994973921,0.00143643031784838,0.795184741524281,0.00171402271944921,0,reliable
493,cp04p00_medium_beta_coherent_t0013,493,13,120,formal_tps30,medium_beta_coherent,3.75,13,combined_int18,463.928938923171,464.355350790836,464.355350790836,0.00143889994973921,0.00144022310087301,0.426411867665593,0.000919131858114608,0,reliable
493,cp04p00_medium_beta_coherent_t0013,493,13,120,formal_tps30,medium_beta_coherent,3.75,13,combined_int24,463.928938923171,463.928067463276,463.928067463276,0.00143889994973921,0.0014388971885097,0.000871459895279258,1.87843400608294e-06,0,reliable
493,cp04p00_medium_beta_coherent_t0013,493,13,120,formal_tps30,medium_beta_coherent,3.75,13,mixed_Z16_G24_Rz24,463.928938923171,463.948925053352,463.948925053352,0.00143889994973921,0.00143895696481847,0.0199861301807687,4.30801541010971e-05,0,reliable
493,cp04p00_medium_beta_coherent_t0013,493,13,120,formal_tps30,medium_beta_coherent,3.75,13,combined_int14,463.928938923171,453.33035132126,453.33035132126,0.00143889994973921,0.00140595390916313,10.5985876019113,0.0228452823540427,0,reliable
493,cp04p00_medium_beta_coherent_t0013,493,13,120,formal_tps30,medium_beta_coherent,3.75,13,W_int18_G24_Z16,463.928938923171,463.948978291301,463.948978291301,0.00143889994973921,0.00143895696481851,0.020039368129801,4.3194908634746e-05,0,reliable
613,cp08p00_easy_noncoherent_t0013,613,13,120,formal_tps30,easy_noncoherent,7.5,13,double_baseline,372.90270025708,372.90270025708,372.90270025708,0.00087067487661077,0.00087067487661077,0,0,0,weak_margin
613,cp08p00_easy_noncoherent_t0013,613,13,120,formal_tps30,easy_noncoherent,7.5,13,float32_all,372.90270025708,372.890625,372.890625,0.00087067487661077,0.00087064670718059,0.0120752570801415,3.23817904022061e-05,0,weak_margin
613,cp08p00_easy_noncoherent_t0013,613,13,120,formal_tps30,easy_noncoherent,7.5,13,combined_int16,372.90270025708,372.839100207435,372.839100207435,0.00087067487661077,0.000870534691571124,0.0636000496451743,0.000170554006718987,0,weak_margin
613,cp08p00_easy_noncoherent_t0013,613,13,120,formal_tps30,easy_noncoherent,7.5,13,combined_int18,372.90270025708,372.834381684224,372.834381684224,0.00087067487661077,0.000870514749116177,0.0683185728557874,0.000183207503750143,0,weak_margin
613,cp08p00_easy_noncoherent_t0013,613,13,120,formal_tps30,easy_noncoherent,7.5,13,combined_int24,372.90270025708,372.908032616717,372.908032616717,0.00087067487661077,0.000870687331138403,0.00533235963666812,1.42996004936193e-05,0,weak_margin
613,cp08p00_easy_noncoherent_t0013,613,13,120,formal_tps30,easy_noncoherent,7.5,13,mixed_Z16_G24_Rz24,372.90270025708,372.882093710243,372.882093710243,0.00087067487661077,0.000870627622650914,0.0206065468373708,5.52598488108684e-05,0,weak_margin
613,cp08p00_easy_noncoherent_t0013,613,13,120,formal_tps30,easy_noncoherent,7.5,13,combined_int14,372.90270025708,366.321214594354,366.321214594354,0.00087067487661077,0.000855327468230673,6.58148566272575,0.0176493376373742,0,weak_margin
613,cp08p00_easy_noncoherent_t0013,613,13,120,formal_tps30,easy_noncoherent,7.5,13,W_int18_G24_Z16,372.90270025708,372.882164232607,372.882164232607,0.00087067487661077,0.000870627622650893,0.0205360244726762,5.50707314763841e-05,0,weak_margin
733,cp08p00_low_snr_hard_t0013,733,13,120,formal_tps30,low_snr_hard,7.5,13,double_baseline,123.274605272687,123.274605272687,123.274605272687,0.000621014417033209,0.000621014417033209,0,0,0,weak_margin
733,cp08p00_low_snr_hard_t0013,733,13,120,formal_tps30,low_snr_hard,7.5,13,float32_all,123.274605272687,123.2734375,123.2734375,0.000621014417033209,0.000621008522721123,0.00116777268704027,9.4729379539048e-06,0,weak_margin
733,cp08p00_low_snr_hard_t0013,733,13,120,formal_tps30,low_snr_hard,7.5,13,combined_int16,123.274605272687,124.26885178349,124.26885178349,0.000621014417033209,0.000626021101491751,0.99424651080335,0.00806529867691767,0,weak_margin
733,cp08p00_low_snr_hard_t0013,733,13,120,formal_tps30,low_snr_hard,7.5,13,combined_int18,123.274605272687,123.507562175771,123.507562175771,0.000621014417033209,0.000622187274552519,0.232956903084414,0.00188973959859053,0,weak_margin
733,cp08p00_low_snr_hard_t0013,733,13,120,formal_tps30,low_snr_hard,7.5,13,combined_int24,123.274605272687,123.26956045469,123.26956045469,0.000621014417033209,0.000620989023428581,0.00504481799725909,4.0923416352458e-05,0,weak_margin
733,cp08p00_low_snr_hard_t0013,733,13,120,formal_tps30,low_snr_hard,7.5,13,mixed_Z16_G24_Rz24,123.274605272687,123.281035324209,123.281035324209,0.000621014417033209,0.000621048702134671,0.00643005152232945,5.21603902775108e-05,0,weak_margin
733,cp08p00_low_snr_hard_t0013,733,13,120,formal_tps30,low_snr_hard,7.5,13,combined_int14,123.274605272687,121.2545584584,121.2545584584,0.000621014417033209,0.000610798924993867,2.02004681428662,0.0163865607991055,0,weak_margin
733,cp08p00_low_snr_hard_t0013,733,13,120,formal_tps30,low_snr_hard,7.5,13,W_int18_G24_Z16,123.274605272687,123.281057039509,123.281057039509,0.000621014417033209,0.000621048702134677,0.00645176682155579,5.23365441510382e-05,0,weak_margin
853,cp08p00_cache_boundary_center_t0013,853,13,120,formal_tps30,cache_boundary_center,7.5,13,double_baseline,567.807349798561,567.807349798561,567.807349798561,0.00176935580052561,0.00176935580052561,0,0,0,reliable
853,cp08p00_cache_boundary_center_t0013,853,13,120,formal_tps30,cache_boundary_center,7.5,13,float32_all,567.807349798561,567.84375,567.84375,0.00176935580052561,0.00176946959440477,0.0364002014393918,6.41066049115169e-05,0,reliable
853,cp08p00_cache_boundary_center_t0013,853,13,120,formal_tps30,cache_boundary_center,7.5,13,combined_int16,567.807349798561,569.049287855072,569.049287855072,0.00176935580052561,0.00177321226573727,1.24193805651157,0.00218725251963042,0,reliable
853,cp08p00_cache_boundary_center_t0013,853,13,120,formal_tps30,cache_boundary_center,7.5,13,combined_int18,567.807349798561,567.803658512596,567.803658512596,0.00176935580052561,0.00176934335579091,0.00369128596503288,6.50094784145084e-06,0,reliable
853,cp08p00_cache_boundary_center_t0013,853,13,120,formal_tps30,cache_boundary_center,7.5,13,combined_int24,567.807349798561,567.799084404833,567.799084404833,0.00176935580052561,0.00176933004418195,0.00826539372792467,1.45566867545074e-05,0,reliable
853,cp08p00_cache_boundary_center_t0013,853,13,120,formal_tps30,cache_boundary_center,7.5,13,mixed_Z16_G24_Rz24,567.807349798561,567.800290238927,567.800290238927,0.00176935580052561,0.00176933004418194,0.0070595596334897,1.24330191146596e-05,0,reliable
853,cp08p00_cache_boundary_center_t0013,853,13,120,formal_tps30,cache_boundary_center,7.5,13,combined_int14,567.807349798561,569.084613889776,569.084613889776,0.00176935580052561,0.00177337491591757,1.27726409121533,0.00224946734428228,0,reliable
853,cp08p00_cache_boundary_center_t0013,853,13,120,formal_tps30,cache_boundary_center,7.5,13,W_int18_G24_Z16,567.807349798561,567.800313741958,567.800313741958,0.00176935580052561,0.00176933004418188,0.00703605660237372,1.23916264994983e-05,0,reliable
973,cp15p00_hard_phase_t0013,973,13,120,formal_tps30,hard_phase,15,13,double_baseline,427.053633003874,427.053633003874,427.053633003874,0.00150076515541312,0.00150076515541312,0,0,0,reliable
973,cp15p00_hard_phase_t0013,973,13,120,formal_tps30,hard_phase,15,13,float32_all,427.053633003874,427.078125,427.078125,0.00150076515541312,0.00150085206424128,0.0244919961260166,5.73511012041769e-05,0,reliable
973,cp15p00_hard_phase_t0013,973,13,120,formal_tps30,hard_phase,15,13,combined_int16,427.053633003874,426.1696340013,426.1696340013,0.00150076515541312,0.00149764655541298,0.883999002573546,0.00206999527519656,0,reliable
973,cp15p00_hard_phase_t0013,973,13,120,formal_tps30,hard_phase,15,13,combined_int18,427.053633003874,427.245493357361,427.245493357361,0.00150076515541312,0.00150143840091081,0.191860353486845,0.000449265241317136,0,reliable
973,cp15p00_hard_phase_t0013,973,13,120,formal_tps30,hard_phase,15,13,combined_int24,427.053633003874,427.054863949015,427.054863949015,0.00150076515541312,0.00150076948685699,0.00123094514128752,2.88241346322033e-06,0,reliable
973,cp15p00_hard_phase_t0013,973,13,120,formal_tps30,hard_phase,15,13,mixed_Z16_G24_Rz24,427.053633003874,427.071343286778,427.071343286778,0.00150076515541312,0.00150082927055233,0.0177102829038631,4.14708634587414e-05,0,reliable
973,cp15p00_hard_phase_t0013,973,13,120,formal_tps30,hard_phase,15,13,combined_int14,427.053633003874,434.904091410717,434.904091410717,0.00150076515541312,0.00152839762792691,7.85045840684325,0.0183828395314741,0,reliable
973,cp15p00_hard_phase_t0013,973,13,120,formal_tps30,hard_phase,15,13,W_int18_G24_Z16,427.053633003874,427.071311870881,427.071311870881,0.00150076515541312,0.00150082927055231,0.0176788670069072,4.13972991695562e-05,0,reliable
1093,cp15p00_medium_beta_coherent_t0013,1093,13,120,formal_tps30,medium_beta_coherent,15,13,double_baseline,462.36669239949,462.36669239949,462.36669239949,0.00144312544437467,0.00144312544437467,0,0,0,reliable
1093,cp15p00_medium_beta_coherent_t0013,1093,13,120,formal_tps30,medium_beta_coherent,15,13,float32_all,462.36669239949,462.359375,462.359375,0.00144312544437467,0.00144310277972973,0.00731739948969334,1.5825965862115e-05,0,reliable
1093,cp15p00_medium_beta_coherent_t0013,1093,13,120,formal_tps30,medium_beta_coherent,15,13,combined_int16,462.36669239949,465.11922420765,465.11922420765,0.00144312544437467,0.00145173367563681,2.75253180816071,0.00595313601392052,0,reliable
1093,cp15p00_medium_beta_coherent_t0013,1093,13,120,formal_tps30,medium_beta_coherent,15,13,combined_int18,462.36669239949,462.662488792237,462.662488792237,0.00144312544437467,0.00144404883788451,0.295796392747434,0.000639744163257899,0,reliable
1093,cp15p00_medium_beta_coherent_t0013,1093,13,120,formal_tps30,medium_beta_coherent,15,13,combined_int24,462.36669239949,462.371766303753,462.371766303753,0.00144312544437467,0.00144314132416707,0.00507390426355414,1.09737668109757e-05,0,reliable
1093,cp15p00_medium_beta_coherent_t0013,1093,13,120,formal_tps30,medium_beta_coherent,15,13,mixed_Z16_G24_Rz24,462.36669239949,462.391945881507,462.391945881507,0.00144312544437467,0.0014432011009825,0.0252534820174333,5.46178659331585e-05,0,reliable
1093,cp15p00_medium_beta_coherent_t0013,1093,13,120,formal_tps30,medium_beta_coherent,15,13,combined_int14,462.36669239949,470.044604129682,470.044604129682,0.00144312544437467,0.00146717202592008,7.67791173019214,0.0166056765255884,0,reliable
1093,cp15p00_medium_beta_coherent_t0013,1093,13,120,formal_tps30,medium_beta_coherent,15,13,W_int18_G24_Z16,462.36669239949,462.39194953526,462.39194953526,0.00144312544437467,0.00144320110098254,0.0252571357705165,5.46257682175213e-05,0,reliable
14,cp00p00_easy_noncoherent_t0014,14,14,120,formal_tps30,easy_noncoherent,0,14,double_baseline,674.827893329348,674.827893329348,674.827893329348,0.00180999852459971,0.00180999852459971,0,0,0,reliable
14,cp00p00_easy_noncoherent_t0014,14,14,120,formal_tps30,easy_noncoherent,0,14,float32_all,674.827893329348,674.8125,674.8125,0.00180999852459971,0.00180995763354703,0.0153933293477166,2.28107484884357e-05,0,reliable
14,cp00p00_easy_noncoherent_t0014,14,14,120,formal_tps30,easy_noncoherent,0,14,combined_int16,674.827893329348,672.53289684694,672.53289684694,0.00180999852459971,0.00180384003913413,2.29499648240744,0.00340086191619139,0,reliable
14,cp00p00_easy_noncoherent_t0014,14,14,120,formal_tps30,easy_noncoherent,0,14,combined_int18,674.827893329348,675.370464379608,675.370464379608,0.00180999852459971,0.00181145573780517,0.542571050260449,0.000804013965077239,0,reliable
14,cp00p00_easy_noncoherent_t0014,14,14,120,formal_tps30,easy_noncoherent,0,14,combined_int24,674.827893329348,674.830840249109,674.830840249109,0.00180999852459971,0.00181000641193218,0.00294691976159811,4.36692050036508e-06,0,reliable
14,cp00p00_easy_noncoherent_t0014,14,14,120,formal_tps30,easy_noncoherent,0,14,mixed_Z16_G24_Rz24,674.827893329348,674.898041728244,674.898041728244,0.00180999852459971,0.00181018587381463,0.0701483988959808,0.000103950058362133,0,reliable
14,cp00p00_easy_noncoherent_t0014,14,14,120,formal_tps30,easy_noncoherent,0,14,combined_int14,674.827893329348,661.178563172783,661.178563172783,0.00180999852459971,0.00177337491591756,13.6493301565642,0.0202263870410329,0,reliable
14,cp00p00_easy_noncoherent_t0014,14,14,120,formal_tps30,easy_noncoherent,0,14,W_int18_G24_Z16,674.827893329348,674.89801356208,674.89801356208,0.00180999852459971,0.00181018587381464,0.0701202327327337,0.000103908320070747,0,reliable
134,cp00p00_low_snr_hard_t0014,134,14,120,formal_tps30,low_snr_hard,0,14,double_baseline,26.1117625316692,26.1117625316692,26.1117625316692,0.000124623549006599,0.000124623549006599,0,0,0,weak_margin
134,cp00p00_low_snr_hard_t0014,134,14,120,formal_tps30,low_snr_hard,0,14,float32_all,26.1117625316692,26.140625,26.140625,0.000124623549006599,0.000124761318472841,0.0288624683307717,0.00110534355142692,0,weak_margin
134,cp00p00_low_snr_hard_t0014,134,14,120,formal_tps30,low_snr_hard,0,14,combined_int16,26.1117625316692,25.581074808666,25.581074808666,0.000124623549006599,0.000122088941794068,0.530687723003211,0.0203237036320155,0,weak_margin
134,cp00p00_low_snr_hard_t0014,134,14,120,formal_tps30,low_snr_hard,0,14,combined_int18,26.1117625316692,26.379644157103,26.379644157103,0.000124623549006599,0.000125901819472016,0.267881625433802,0.0102590403504515,0,weak_margin
134,cp00p00_low_snr_hard_t0014,134,14,120,formal_tps30,low_snr_hard,0,14,combined_int24,26.1117625316692,26.1170662351651,26.1170662351651,0.000124623549006599,0.000124648862485186,0.00530370349588338,0.000203115492087172,0,weak_margin
134,cp00p00_low_snr_hard_t0014,134,14,120,formal_tps30,low_snr_hard,0,14,mixed_Z16_G24_Rz24,26.1117625316692,26.1170657347393,26.1170657347393,0.000124623549006599,0.000124648862485256,0.00530320307007059,0.000203096327321401,0,weak_margin
134,cp00p00_low_snr_hard_t0014,134,14,120,formal_tps30,low_snr_hard,0,14,combined_int14,26.1117625316692,25.5843378450809,25.5843378450809,0.000124623549006599,0.00012210012210012,0.527424686588347,0.0201987393975672,0,weak_margin
134,cp00p00_low_snr_hard_t0014,134,14,120,formal_tps30,low_snr_hard,0,14,W_int18_G24_Z16,26.1117625316692,26.1170688260609,26.1170688260609,0.000124623549006599,0.000124648862485234,0.00530629439163022,0.000203214715406306,0,weak_margin
254,cp00p00_cache_boundary_center_t0014,254,14,120,formal_tps30,cache_boundary_center,0,14,double_baseline,374.391513664101,374.391513664101,374.391513664101,0.00115945293186125,0.00115945293186125,0,0,0,reliable
254,cp00p00_cache_boundary_center_t0014,254,14,120,formal_tps30,cache_boundary_center,0,14,float32_all,374.391513664101,374.390625,374.390625,0.00115945293186125,0.00115945055757034,0.000888664100784808,2.37362244696098e-06,0,reliable
254,cp00p00_cache_boundary_center_t0014,254,14,120,formal_tps30,cache_boundary_center,0,14,combined_int16,374.391513664101,374.909646106069,374.909646106069,0.00115945293186125,0.00116104983348102,0.518132441968191,0.00138393212201133,0,reliable
254,cp00p00_cache_boundary_center_t0014,254,14,120,formal_tps30,cache_boundary_center,0,14,combined_int18,374.391513664101,374.896765616257,374.896765616257,0.00115945293186125,0.00116102322810291,0.505251952155959,0.00134952832453693,0,reliable
254,cp00p00_cache_boundary_center_t0014,254,14,120,formal_tps30,cache_boundary_center,0,14,combined_int24,374.391513664101,374.394156484486,374.394156484486,0.00115945293186125,0.00115946117935401,0.00264282038551755,7.05897513448624e-06,0,reliable
254,cp00p00_cache_boundary_center_t0014,254,14,120,formal_tps30,cache_boundary_center,0,14,mixed_Z16_G24_Rz24,374.391513664101,374.41226320609,374.41226320609,0.00115945293186125,0.00115952092230809,0.020749541989062,5.54220414506462e-05,0,reliable
254,cp00p00_cache_boundary_center_t0014,254,14,120,formal_tps30,cache_boundary_center,0,14,combined_int14,374.391513664101,374.932734204282,374.932734204282,0.00115945293186125,0.00116115626718812,0.541220540180802,0.00144560044880285,0,reliable
254,cp00p00_cache_boundary_center_t0014,254,14,120,formal_tps30,cache_boundary_center,0,14,W_int18_G24_Z16,374.391513664101,374.412184819725,374.412184819725,0.00115945293186125,0.00115952092230818,0.0206711556238588,5.52126714132861e-05,0,reliable
374,cp04p00_hard_phase_t0014,374,14,120,formal_tps30,hard_phase,3.75,14,double_baseline,844.635941428278,844.635941428278,844.635941428278,0.00256058893818527,0.00256058893818527,0,0,0,reliable
374,cp04p00_hard_phase_t0014,374,14,120,formal_tps30,hard_phase,3.75,14,float32_all,844.635941428278,844.671875,844.671875,0.00256058893818527,0.00256069870567691,0.0359335717221256,4.25432662282427e-05,0,reliable
374,cp04p00_hard_phase_t0014,374,14,120,formal_tps30,hard_phase,3.75,14,combined_int16,844.635941428278,842.727549392584,842.727549392584,0.00256058893818527,0.00255480594183605,1.9083920356934,0.002259425560871,0,reliable
374,cp04p00_hard_phase_t0014,374,14,120,formal_tps30,hard_phase,3.75,14,combined_int18,844.635941428278,845.236922065553,845.236922065553,0.00256058893818527,0.00256241586097171,0.600980637274915,0.000711526242014587,0,reliable
374,cp04p00_hard_phase_t0014,374,14,120,formal_tps30,hard_phase,3.75,14,combined_int24,844.635941428278,844.639326564502,844.639326564502,0.00256058893818527,0.00256059925551996,0.00338513622409664,4.00780508863071e-06,0,reliable
374,cp04p00_hard_phase_t0014,374,14,120,formal_tps30,hard_phase,3.75,14,mixed_Z16_G24_Rz24,844.635941428278,844.641169646173,844.641169646173,0.00256058893818527,0.00256059925551996,0.0052282178949099,6.18990696283774e-06,0,reliable
374,cp04p00_hard_phase_t0014,374,14,120,formal_tps30,hard_phase,3.75,14,combined_int14,844.635941428278,847.851751858398,847.851751858398,0.00256058893818527,0.00257037943696449,3.21581043011975,0.00380733316259525,0,reliable
374,cp04p00_hard_phase_t0014,374,14,120,formal_tps30,hard_phase,3.75,14,W_int18_G24_Z16,844.635941428278,844.640601526306,844.640601526306,0.00256058893818527,0.00256059925551997,0.00466009802767076,5.5172859679527e-06,0,reliable
494,cp04p00_medium_beta_coherent_t0014,494,14,120,formal_tps30,medium_beta_coherent,3.75,14,double_baseline,166.959572396416,166.959572396416,166.959572396416,0.000451123954221576,0.000451123954221576,0,0,0,weak_margin
494,cp04p00_medium_beta_coherent_t0014,494,14,120,formal_tps30,medium_beta_coherent,3.75,14,float32_all,166.959572396416,166.984375,166.984375,0.000451123954221576,0.000451190855505062,0.0248026035842486,0.000148554546638148,0,weak_margin
494,cp04p00_medium_beta_coherent_t0014,494,14,120,formal_tps30,medium_beta_coherent,3.75,14,combined_int16,166.959572396416,169.50110240854,169.50110240854,0.000451123954221576,0.000457987298485582,2.54153001212399,0.0152224276550588,0,weak_margin
494,cp04p00_medium_beta_coherent_t0014,494,14,120,formal_tps30,medium_beta_coherent,3.75,14,combined_int18,166.959572396416,166.669310904632,166.669310904632,0.000451123954221576,0.000450340426831139,0.290261491783895,0.00173851362708764,0,weak_margin
494,cp04p00_medium_beta_coherent_t0014,494,14,120,formal_tps30,medium_beta_coherent,3.75,14,combined_int24,166.959572396416,166.955368413328,166.955368413328,0.000451123954221576,0.000451112602297159,0.00420398308779113,2.51796469495593e-05,0,weak_margin
494,cp04p00_medium_beta_coherent_t0014,494,14,120,formal_tps30,medium_beta_coherent,3.75,14,mixed_Z16_G24_Rz24,166.959572396416,166.955640060914,166.955640060914,0.000451123954221576,0.000451112602297175,0.0039323355013039,2.35526208222866e-05,0,weak_margin
494,cp04p00_medium_beta_coherent_t0014,494,14,120,formal_tps30,medium_beta_coherent,3.75,14,combined_int14,166.959572396416,158.216927559261,158.216927559261,0.000451123954221576,0.000427480916030524,8.74264483715524,0.0523638430050443,0,weak_margin
494,cp04p00_medium_beta_coherent_t0014,494,14,120,formal_tps30,medium_beta_coherent,3.75,14,W_int18_G24_Z16,166.959572396416,166.955843194126,166.955843194126,0.000451123954221576,0.000451112602297161,0.00372920228983276,2.23359597554456e-05,0,weak_margin
614,cp08p00_easy_noncoherent_t0014,614,14,120,formal_tps30,easy_noncoherent,7.5,14,double_baseline,719.704127563105,719.704127563105,719.704127563105,0.00194730173722908,0.00194730173722908,0,0,0,reliable
614,cp08p00_easy_noncoherent_t0014,614,14,120,formal_tps30,easy_noncoherent,7.5,14,float32_all,719.704127563105,719.65625,719.65625,0.00194730173722908,0.00194717243150843,0.0478775631054305,6.65239523740712e-05,0,reliable
614,cp08p00_easy_noncoherent_t0014,614,14,120,formal_tps30,easy_noncoherent,7.5,14,combined_int16,719.704127563105,717.624365877185,717.624365877185,0.00194730173722908,0.00194168819851086,2.07976168591995,0.00288974539157077,0,reliable
614,cp08p00_easy_noncoherent_t0014,614,14,120,formal_tps30,easy_noncoherent,7.5,14,combined_int18,719.704127563105,720.44257529726,720.44257529726,0.00194730173722908,0.00194930283757338,0.738447734154761,0.00102604348908644,0,reliable
614,cp08p00_easy_noncoherent_t0014,614,14,120,formal_tps30,easy_noncoherent,7.5,14,combined_int24,719.704127563105,719.70848333076,719.70848333076,0.00194730173722908,0.00194731354399662,0.00435576765448786,6.0521643376374e-06,0,reliable
614,cp08p00_easy_noncoherent_t0014,614,14,120,formal_tps30,easy_noncoherent,7.5,14,mixed_Z16_G24_Rz24,719.704127563105,719.730058072426,719.730058072426,0.00194730173722908,0.00194737338101593,0.0259305093204603,3.60294019825343e-05,0,reliable
614,cp08p00_easy_noncoherent_t0014,614,14,120,formal_tps30,easy_noncoherent,7.5,14,combined_int14,719.704127563105,723.383532411797,723.383532411797,0.00194730173722908,0.00195718654434255,3.67940484869177,0.00511238536473331,0,reliable
614,cp08p00_easy_noncoherent_t0014,614,14,120,formal_tps30,easy_noncoherent,7.5,14,W_int18_G24_Z16,719.704127563105,719.730146430957,719.730146430957,0.00194730173722908,0.00194737338101591,0.026018867851235,3.61521726147855e-05,0,reliable
734,cp08p00_low_snr_hard_t0014,734,14,120,formal_tps30,low_snr_hard,7.5,14,double_baseline,29.7206344154547,29.7206344154547,29.7206344154547,0.000141841034585076,0.000141841034585076,0,0,0,weak_margin
734,cp08p00_low_snr_hard_t0014,734,14,120,formal_tps30,low_snr_hard,7.5,14,float32_all,29.7206344154547,29.7265625,29.7265625,0.000141841034585076,0.000141869351861384,0.00592808454530314,0.000199460228958657,0,weak_margin
734,cp08p00_low_snr_hard_t0014,734,14,120,formal_tps30,low_snr_hard,7.5,14,combined_int16,29.7206344154547,28.7805770630512,28.7805770630512,0.000141841034585076,0.000137352155665781,0.940057352403528,0.0316297875497132,0,weak_margin
734,cp08p00_low_snr_hard_t0014,734,14,120,formal_tps30,low_snr_hard,7.5,14,combined_int18,29.7206344154547,29.5790617374296,29.5790617374296,0.000141841034585076,0.000141164800366304,0.141572678025113,0.00476344737619382,0,weak_margin
734,cp08p00_low_snr_hard_t0014,734,14,120,formal_tps30,low_snr_hard,7.5,14,combined_int24,29.7206344154547,29.7161386317894,29.7161386317894,0.000141841034585076,0.00014181957676478,0.00449578366533387,0.000151268092143957,0,weak_margin
734,cp08p00_low_snr_hard_t0014,734,14,120,formal_tps30,low_snr_hard,7.5,14,mixed_Z16_G24_Rz24,29.7206344154547,29.7285561733297,29.7285561733297,0.000141841034585076,0.000141879198327685,0.00792175787501037,0.000266540672190062,0,weak_margin
734,cp08p00_low_snr_hard_t0014,734,14,120,formal_tps30,low_snr_hard,7.5,14,combined_int14,29.7206344154547,25.584215008188,25.584215008188,0.000141841034585076,0.000122100122100108,4.13641940726666,0.139176686117969,0,weak_margin
734,cp08p00_low_snr_hard_t0014,734,14,120,formal_tps30,low_snr_hard,7.5,14,W_int18_G24_Z16,29.7206344154547,29.7285497658595,29.7285497658595,0.000141841034585076,0.000141879198327667,0.00791535040480085,0.000266325082235959,0,weak_margin
854,cp08p00_cache_boundary_center_t0014,854,14,120,formal_tps30,cache_boundary_center,7.5,14,double_baseline,389.714347414032,389.714347414032,389.714347414032,0.00121351211081499,0.00121351211081499,0,0,0,reliable
854,cp08p00_cache_boundary_center_t0014,854,14,120,formal_tps30,cache_boundary_center,7.5,14,float32_all,389.714347414032,389.734375,389.734375,0.00121351211081499,0.00121357469634238,0.0200275859679095,5.1390425065958e-05,0,reliable
854,cp08p00_cache_boundary_center_t0014,854,14,120,formal_tps30,cache_boundary_center,7.5,14,combined_int16,389.714347414032,387.604109040345,387.604109040345,0.00121351211081499,0.00120693606294397,2.11023837368703,0.00541483367930796,0,reliable
854,cp08p00_cache_boundary_center_t0014,854,14,120,formal_tps30,cache_boundary_center,7.5,14,combined_int18,389.714347414032,390.047927235864,390.047927235864,0.00121351211081499,0.0012145563431923,0.333579821832245,0.000855959817865906,0,reliable
854,cp08p00_cache_boundary_center_t0014,854,14,120,formal_tps30,cache_boundary_center,7.5,14,combined_int24,389.714347414032,389.720544417418,389.720544417418,0.00121351211081499,0.00121353146967284,0.00619700338575058,1.59013991321364e-05,0,reliable
854,cp08p00_cache_boundary_center_t0014,854,14,120,formal_tps30,cache_boundary_center,7.5,14,mixed_Z16_G24_Rz24,389.714347414032,389.662027485349,389.662027485349,0.00121351211081499,0.00121335222149327,0.0523199286835734,0.000134251995161956,0,reliable
854,cp08p00_cache_boundary_center_t0014,854,14,120,formal_tps30,cache_boundary_center,7.5,14,combined_int14,389.714347414032,392.566644955717,392.566644955717,0.00121351211081499,0.00122234445666791,2.8522975416854,0.00731894414617259,0,reliable
854,cp08p00_cache_boundary_center_t0014,854,14,120,formal_tps30,cache_boundary_center,7.5,14,W_int18_G24_Z16,389.714347414032,389.681274114846,389.681274114846,0.00121351211081499,0.00121341197087933,0.0330732991860714,8.48654903406324e-05,0,reliable
974,cp15p00_hard_phase_t0014,974,14,120,formal_tps30,hard_phase,15,14,double_baseline,852.762757647695,852.762757647695,852.762757647695,0.00256149583240453,0.00256149583240453,0,0,0,reliable
974,cp15p00_hard_phase_t0014,974,14,120,formal_tps30,hard_phase,15,14,float32_all,852.762757647695,852.796875,852.796875,0.00256149583240453,0.00256159906785748,0.0341173523047473,4.0008023332138e-05,0,reliable
974,cp15p00_hard_phase_t0014,974,14,120,formal_tps30,hard_phase,15,14,combined_int16,852.762757647695,850.541037069343,850.541037069343,0.00256149583240453,0.00255480594183616,2.22172057835269,0.0026053208332892,0,reliable
974,cp15p00_hard_phase_t0014,974,14,120,formal_tps30,hard_phase,15,14,combined_int18,852.762757647695,853.066591299634,853.066591299634,0.00256149583240453,0.00256241586097172,0.303833651938476,0.000356293294018358,0,reliable
974,cp15p00_hard_phase_t0014,974,14,120,formal_tps30,hard_phase,15,14,combined_int24,852.762757647695,852.763444021984,852.763444021984,0.00256149583240453,0.00256149791067458,0.000686374289216474,8.04883049899838e-07,0,reliable
974,cp15p00_hard_phase_t0014,974,14,120,formal_tps30,hard_phase,15,14,mixed_Z16_G24_Rz24,852.762757647695,852.741659330815,852.741659330815,0.00256149583240453,0.00256143800028085,0.021098316879943,2.47411330885764e-05,0,reliable
974,cp15p00_hard_phase_t0014,974,14,120,formal_tps30,hard_phase,15,14,combined_int14,852.762757647695,855.745621908456,855.745621908456,0.00256149583240453,0.00257037943696456,2.98286426076083,0.00349788289182436,0,reliable
974,cp15p00_hard_phase_t0014,974,14,120,formal_tps30,hard_phase,15,14,W_int18_G24_Z16,852.762757647695,852.741554170294,852.741554170294,0.00256149583240453,0.00256143800028085,0.0212034774012864,2.48644505299166e-05,0,reliable
1094,cp15p00_medium_beta_coherent_t0014,1094,14,120,formal_tps30,medium_beta_coherent,15,14,double_baseline,175.502171214466,175.502171214466,175.502171214466,0.000475126937822733,0.000475126937822733,0,0,0,weak_margin
1094,cp15p00_medium_beta_coherent_t0014,1094,14,120,formal_tps30,medium_beta_coherent,15,14,float32_all,175.502171214466,175.53125,175.53125,0.000475126937822733,0.00047520551559883,0.029078785533784,0.00016568903582537,0,weak_margin
1094,cp15p00_medium_beta_coherent_t0014,1094,14,120,formal_tps30,medium_beta_coherent,15,14,combined_int16,175.502171214466,174.814035976509,174.814035976509,0.000475126937822733,0.000473260766682436,0.688135237956885,0.00392094999848164,0,weak_margin
1094,cp15p00_medium_beta_coherent_t0014,1094,14,120,formal_tps30,medium_beta_coherent,15,14,combined_int18,175.502171214466,176.219123843679,176.219123843679,0.000475126937822733,0.000477068281828995,0.716952629212756,0.00408514962664837,0,weak_margin
1094,cp15p00_medium_beta_coherent_t0014,1094,14,120,formal_tps30,medium_beta_coherent,15,14,combined_int24,175.502171214466,175.512735199969,175.512735199969,0.000475126937822733,0.000475155531739473,0.010563985502813,6.01929049065932e-05,0,weak_margin
1094,cp15p00_medium_beta_coherent_t0014,1094,14,120,formal_tps30,medium_beta_coherent,15,14,mixed_Z16_G24_Rz24,175.502171214466,175.512362296256,175.512362296256,0.000475126937822733,0.000475155531739516,0.0101910817902535,5.80681237145486e-05,0,weak_margin
1094,cp15p00_medium_beta_coherent_t0014,1094,14,120,formal_tps30,medium_beta_coherent,15,14,combined_int14,175.502171214466,180.463288731728,180.463288731728,0.000475126937822733,0.000488579455233944,4.9611175172613,0.028268126160096,0,weak_margin
1094,cp15p00_medium_beta_coherent_t0014,1094,14,120,formal_tps30,medium_beta_coherent,15,14,W_int18_G24_Z16,175.502171214466,175.51234455785,175.51234455785,0.000475126937822733,0.000475155531739447,0.0101733433839399,5.79670514247255e-05,0,weak_margin
15,cp00p00_easy_noncoherent_t0015,15,15,120,formal_tps30,easy_noncoherent,0,15,double_baseline,493.481472819782,493.481472819782,493.481472819782,0.00114299594130235,0.00114299594130235,0,0,0,reliable
15,cp00p00_easy_noncoherent_t0015,15,15,120,formal_tps30,easy_noncoherent,0,15,float32_all,493.481472819782,493.5,493.5,0.00114299594130235,0.00114303854997395,0.0185271802183706,3.75438212756099e-05,0,reliable
15,cp00p00_easy_noncoherent_t0015,15,15,120,formal_tps30,easy_noncoherent,0,15,combined_int16,493.481472819782,494.669361561915,494.669361561915,0.00114299594130235,0.00114575535831592,1.18788874213351,0.00240715975687161,0,reliable
15,cp00p00_easy_noncoherent_t0015,15,15,120,formal_tps30,easy_noncoherent,0,15,combined_int18,493.481472819782,493.011126940837,493.011126940837,0.00114299594130235,0.00114190564574957,0.470345878944499,0.000953117603902971,0,reliable
15,cp00p00_easy_noncoherent_t0015,15,15,120,formal_tps30,easy_noncoherent,0,15,combined_int24,493.481472819782,493.497084180068,493.497084180068,0.00114299594130235,0.00114303213755244,0.0156113602861296,3.16351497391086e-05,0,reliable
15,cp00p00_easy_noncoherent_t0015,15,15,120,formal_tps30,easy_noncoherent,0,15,mixed_Z16_G24_Rz24,493.481472819782,493.575860252458,493.575860252458,0.00114299594130235,0.00114321136055395,0.09438743267674,0.00019126844243494,0,reliable
15,cp00p00_easy_noncoherent_t0015,15,15,120,formal_tps30,easy_noncoherent,0,15,combined_int14,493.481472819782,501.321791376569,501.321791376569,0.00114299594130235,0.00116115626718821,7.84031855678768,0.0158877667929206,0,reliable
15,cp00p00_easy_noncoherent_t0015,15,15,120,formal_tps30,easy_noncoherent,0,15,W_int18_G24_Z16,493.481472819782,493.575868182932,493.575868182932,0.00114299594130235,0.001143211360554,0.0943953631503973,0.000191284512893699,0,reliable
135,cp00p00_low_snr_hard_t0015,135,15,120,formal_tps30,low_snr_hard,0,15,double_baseline,123.990456930667,123.990456930667,123.990456930667,0.000624787917761344,0.000624787917761344,0,0,0,weak_margin
135,cp00p00_low_snr_hard_t0015,135,15,120,formal_tps30,low_snr_hard,0,15,float32_all,123.990456930667,124,124,0.000624787917761344,0.000624835937262567,0.00954306933272164,7.69661598880785e-05,0,weak_margin
135,cp00p00_low_snr_hard_t0015,135,15,120,formal_tps30,low_snr_hard,0,15,combined_int16,123.990456930667,124.234935541928,124.234935541928,0.000624787917761344,0.000626021101491781,0.244478611261002,0.00197175345032972,0,weak_margin
135,cp00p00_low_snr_hard_t0015,135,15,120,formal_tps30,low_snr_hard,0,15,combined_int18,123.990456930667,124.232506098371,124.232506098371,0.000624787917761344,0.000626006763926767,0.242049167703954,0.00195215965563626,0,weak_margin
135,cp00p00_low_snr_hard_t0015,135,15,120,formal_tps30,low_snr_hard,0,15,combined_int24,123.990456930667,123.994537166713,123.994537166713,0.000624787917761344,0.000624808474969948,0.00408023604541086,3.29076619799251e-05,0,weak_margin
135,cp00p00_low_snr_hard_t0015,135,15,120,formal_tps30,low_snr_hard,0,15,mixed_Z16_G24_Rz24,123.990456930667,123.982664560099,123.982664560099,0.000624787917761344,0.000624748795815327,0.00779237056849524,6.28465348172123e-05,0,weak_margin
135,cp00p00_low_snr_hard_t0015,135,15,120,formal_tps30,low_snr_hard,0,15,combined_int14,123.990456930667,121.214079685597,121.214079685597,0.000624787917761344,0.000610798924993899,2.77637724507076,0.0223918623561751,0,weak_margin
135,cp00p00_low_snr_hard_t0015,135,15,120,formal_tps30,low_snr_hard,0,15,W_int18_G24_Z16,123.990456930667,123.982695694314,123.982695694314,0.000624787917761344,0.000624748795815329,0.00776123635296244,6.25954331090364e-05,0,weak_margin
255,cp00p00_cache_boundary_center_t0015,255,15,120,formal_tps30,cache_boundary_center,0,15,double_baseline,567.574224586278,567.574224586278,567.574224586278,0.00177289705975666,0.00177289705975666,0,0,0,reliable
255,cp00p00_cache_boundary_center_t0015,255,15,120,formal_tps30,cache_boundary_center,0,15,float32_all,567.574224586278,567.59375,567.59375,0.00177289705975666,0.00177295826231934,0.019525413721567,3.44015159176752e-05,0,reliable
255,cp00p00_cache_boundary_center_t0015,255,15,120,formal_tps30,cache_boundary_center,0,15,combined_int16,567.574224586278,567.677457315265,567.677457315265,0.00177289705975666,0.00177321226573723,0.103232728986768,0.000181884103461565,0,reliable
255,cp00p00_cache_boundary_center_t0015,255,15,120,formal_tps30,cache_boundary_center,0,15,combined_int18,567.574224586278,567.661006828363,567.661006828363,0.00177289705975666,0.00177317160785394,0.0867822420841549,0.000152900252204746,0,reliable
255,cp00p00_cache_boundary_center_t0015,255,15,120,formal_tps30,cache_boundary_center,0,15,combined_int24,567.574224586278,567.581216334191,567.581216334191,0.00177289705975666,0.00177291900258436,0.00699174791225232,1.23186494547895e-05,0,reliable
255,cp00p00_cache_boundary_center_t0015,255,15,120,formal_tps30,cache_boundary_center,0,15,mixed_Z16_G24_Rz24,567.574224586278,567.543023788836,567.543023788836,0.00177289705975666,0.00177279937022329,0.0312007974425796,5.49721888186921e-05,0,reliable
255,cp00p00_cache_boundary_center_t0015,255,15,120,formal_tps30,cache_boundary_center,0,15,combined_int14,567.574224586278,567.735900013795,567.735900013795,0.00177289705975666,0.00177337491591762,0.161675427516457,0.000284853364569729,0,reliable
255,cp00p00_cache_boundary_center_t0015,255,15,120,formal_tps30,cache_boundary_center,0,15,W_int18_G24_Z16,567.574224586278,567.524086909863,567.524086909863,0.00177289705975666,0.00177273955405344,0.0501376764150336,8.83367747215449e-05,0,reliable
375,cp04p00_hard_phase_t0015,375,15,120,formal_tps30,hard_phase,3.75,15,double_baseline,424.971156088664,424.971156088664,424.971156088664,0.00149328732633379,0.00149328732633379,0,0,0,reliable
375,cp04p00_hard_phase_t0015,375,15,120,formal_tps30,hard_phase,3.75,15,float32_all,424.971156088664,424.984375,424.984375,0.00149328732633379,0.00149333440505978,0.0132189113355707,3.11054318538569e-05,0,reliable
375,cp04p00_hard_phase_t0015,375,15,120,formal_tps30,hard_phase,3.75,15,combined_int16,424.971156088664,426.20705391193,426.20705391193,0.00149328732633379,0.00149764655541295,1.23589782326599,0.0029081922515422,0,reliable
375,cp04p00_hard_phase_t0015,375,15,120,formal_tps30,hard_phase,3.75,15,combined_int18,424.971156088664,425.112054636789,425.112054636789,0.00149328732633379,0.00149378607913627,0.140898548124824,0.000331548497130067,0,reliable
375,cp04p00_hard_phase_t0015,375,15,120,formal_tps30,hard_phase,3.75,15,combined_int24,424.971156088664,424.973786083865,424.973786083865,0.00149328732633379,0.0014932965811412,0.00262999520055018,6.18864401235144e-06,0,reliable
375,cp04p00_hard_phase_t0015,375,15,120,formal_tps30,hard_phase,3.75,15,mixed_Z16_G24_Rz24,424.971156088664,424.972146246873,424.972146246873,0.00149328732633379,0.00149329658114118,0.000990158208878711,2.32994214946703e-06,0,reliable
375,cp04p00_hard_phase_t0015,375,15,120,formal_tps30,hard_phase,3.75,15,combined_int14,424.971156088664,417.563986856549,417.563986856549,0.00149328732633379,0.00146717202592004,7.40716923211585,0.0174298164145767,0,reliable
375,cp04p00_hard_phase_t0015,375,15,120,formal_tps30,hard_phase,3.75,15,W_int18_G24_Z16,424.971156088664,424.989055040322,424.989055040322,0.00149328732633379,0.00149335636394436,0.0178989516571164,4.21180388378689e-05,0,reliable
495,cp04p00_medium_beta_coherent_t0015,495,15,120,formal_tps30,medium_beta_coherent,3.75,15,double_baseline,468.817095565406,468.817095565406,468.817095565406,0.0014352736731909,0.0014352736731909,0,0,0,reliable
495,cp04p00_medium_beta_coherent_t0015,495,15,120,formal_tps30,medium_beta_coherent,3.75,15,float32_all,468.817095565406,468.84375,468.84375,0.0014352736731909,0.00143535533822456,0.0266544345940929,5.68546557841431e-05,0,reliable
495,cp04p00_medium_beta_coherent_t0015,495,15,120,formal_tps30,medium_beta_coherent,3.75,15,combined_int16,468.817095565406,469.187801195396,469.187801195396,0.0014352736731909,0.00143643031784841,0.37070562998997,0.000790725495073702,0,reliable
495,cp04p00_medium_beta_coherent_t0015,495,15,120,formal_tps30,medium_beta_coherent,3.75,15,combined_int18,468.817095565406,469.18509484001,469.18509484001,0.0014352736731909,0.00143639739309154,0.36799927460379,0.000784952763209227,0,reliable
495,cp04p00_medium_beta_coherent_t0015,495,15,120,formal_tps30,medium_beta_coherent,3.75,15,combined_int24,468.817095565406,468.809660749917,468.809660749917,0.0014352736731909,0.00143525084716809,0.00743481548852287,1.58586697431677e-05,0,reliable
495,cp04p00_medium_beta_coherent_t0015,495,15,120,formal_tps30,medium_beta_coherent,3.75,15,mixed_Z16_G24_Rz24,468.817095565406,468.807500313123,468.807500313123,0.0014352736731909,0.00143525084716808,0.00959525228245184,2.04669419550064e-05,0,reliable
495,cp04p00_medium_beta_coherent_t0015,495,15,120,formal_tps30,medium_beta_coherent,3.75,15,combined_int14,468.817095565406,479.212279188185,479.212279188185,0.0014352736731909,0.00146717202592007,10.3951836227789,0.0221732179161299,0,reliable
495,cp04p00_medium_beta_coherent_t0015,495,15,120,formal_tps30,medium_beta_coherent,3.75,15,W_int18_G24_Z16,468.817095565406,468.80750018658,468.80750018658,0.0014352736731909,0.00143525084716811,0.00959537882590666,2.0467211875741e-05,0,reliable
615,cp08p00_easy_noncoherent_t0015,615,15,120,formal_tps30,easy_noncoherent,7.5,15,double_baseline,465.47804664119,465.47804664119,465.47804664119,0.00108584817626481,0.00108584817626481,0,0,0,reliable
615,cp08p00_easy_noncoherent_t0015,615,15,120,formal_tps30,easy_noncoherent,7.5,15,float32_all,465.47804664119,465.421875,465.421875,0.00108584817626481,0.0010857168871567,0.0561716411903035,0.000120675167380349,0,reliable
615,cp08p00_easy_noncoherent_t0015,615,15,120,formal_tps30,easy_noncoherent,7.5,15,combined_int16,465.47804664119,464.938063205744,464.938063205744,0.00108584817626481,0.00108458213036373,0.539983435446629,0.00116006208959382,0,reliable
615,cp08p00_easy_noncoherent_t0015,615,15,120,formal_tps30,easy_noncoherent,7.5,15,combined_int18,465.47804664119,464.925268233463,464.925268233463,0.00108584817626481,0.00108455727913598,0.552778407727601,0.00118754989997134,0,reliable
615,cp08p00_easy_noncoherent_t0015,615,15,120,formal_tps30,easy_noncoherent,7.5,15,combined_int24,465.47804664119,465.484512993164,465.484512993164,0.00108584817626481,0.00108586327502761,0.00646635197335854,1.38918516566326e-05,0,reliable
615,cp08p00_easy_noncoherent_t0015,615,15,120,formal_tps30,easy_noncoherent,7.5,15,mixed_Z16_G24_Rz24,465.47804664119,465.434056081169,465.434056081169,0.00108584817626481,0.00108574380670756,0.0439905600214843,9.45061970997614e-05,0,reliable
615,cp08p00_easy_noncoherent_t0015,615,15,120,formal_tps30,easy_noncoherent,7.5,15,combined_int14,465.47804664119,471.535278001189,471.535278001189,0.00108584817626481,0.00109997555609874,6.0572313599987,0.0130129259665555,0,reliable
615,cp08p00_easy_noncoherent_t0015,615,15,120,formal_tps30,easy_noncoherent,7.5,15,W_int18_G24_Z16,465.47804664119,465.434093286953,465.434093286953,0.00108584817626481,0.00108574380670749,0.0439533542376012,9.44262668341956e-05,0,reliable
735,cp08p00_low_snr_hard_t0015,735,15,120,formal_tps30,low_snr_hard,7.5,15,double_baseline,117.947055178316,117.947055178316,117.947055178316,0.000594131075248686,0.000594131075248686,0,0,0,weak_margin
735,cp08p00_low_snr_hard_t0015,735,15,120,formal_tps30,low_snr_hard,7.5,15,float32_all,117.947055178316,117.953125,117.953125,0.000594131075248686,0.000594161725485319,0.00606982168392278,5.14622571521284e-05,0,weak_margin
735,cp08p00_low_snr_hard_t0015,735,15,120,formal_tps30,low_snr_hard,7.5,15,combined_int16,117.947055178316,115.179578540454,115.179578540454,0.000594131075248686,0.000580188103090229,2.76747663786227,0.0234637196636941,0,weak_margin
735,cp08p00_low_snr_hard_t0015,735,15,120,formal_tps30,low_snr_hard,7.5,15,combined_int18,117.947055178316,117.451388369838,117.451388369838,0.000594131075248686,0.000591632409241661,0.495666808477836,0.0042024517503084,0,weak_margin
735,cp08p00_low_snr_hard_t0015,735,15,120,formal_tps30,low_snr_hard,7.5,15,combined_int24,117.947055178316,117.947703837635,117.947703837635,0.000594131075248686,0.000594134328034203,0.000648659319267608,5.49958045401765e-06,0,weak_margin
735,cp08p00_low_snr_hard_t0015,735,15,120,formal_tps30,low_snr_hard,7.5,15,mixed_Z16_G24_Rz24,117.947055178316,117.924064448845,117.924064448845,0.000594131075248686,0.000594014977049958,0.0229907294706209,0.000194924149957477,0,weak_margin
735,cp08p00_low_snr_hard_t0015,735,15,120,formal_tps30,low_snr_hard,7.5,15,combined_int14,117.947055178316,121.257325817191,121.257325817191,0.000594131075248686,0.000610798924993939,3.3102706388745,0.0280657336791489,0,weak_margin
735,cp08p00_low_snr_hard_t0015,735,15,120,formal_tps30,low_snr_hard,7.5,15,W_int18_G24_Z16,117.947055178316,117.924088231361,117.924088231361,0.000594131075248686,0.000594014977049938,0.022966946955421,0.000194722512746917,0,weak_margin
855,cp08p00_cache_boundary_center_t0015,855,15,120,formal_tps30,cache_boundary_center,7.5,15,double_baseline,564.586621152936,564.586621152936,564.586621152936,0.001761195357921,0.001761195357921,0,0,0,reliable
855,cp08p00_cache_boundary_center_t0015,855,15,120,formal_tps30,cache_boundary_center,7.5,15,float32_all,564.586621152936,564.609375,564.609375,0.001761195357921,0.0017612664390351,0.0227538470644504,4.03017822455393e-05,0,reliable
855,cp08p00_cache_boundary_center_t0015,855,15,120,formal_tps30,cache_boundary_center,7.5,15,combined_int16,564.586621152936,563.534919449448,563.534919449448,0.001761195357921,0.00175789908130665,1.0517017034872,0.00186278183733708,0,reliable
855,cp08p00_cache_boundary_center_t0015,855,15,120,formal_tps30,cache_boundary_center,7.5,15,combined_int18,564.586621152936,564.743248990679,564.743248990679,0.001761195357921,0.00176168693944151,0.156627837743144,0.000277420384888499,0,reliable
855,cp08p00_cache_boundary_center_t0015,855,15,120,formal_tps30,cache_boundary_center,7.5,15,combined_int24,564.586621152936,564.586557402072,564.586557402072,0.001761195357921,0.00176119516700722,6.37508637737483e-05,1.12916001522607e-07,0,reliable
855,cp08p00_cache_boundary_center_t0015,855,15,120,formal_tps30,cache_boundary_center,7.5,15,mixed_Z16_G24_Rz24,564.586621152936,564.586015982,564.586015982,0.001761195357921,0.0017611951670072,0.000605170935159549,1.07188323719704e-06,0,reliable
855,cp08p00_cache_boundary_center_t0015,855,15,120,formal_tps30,cache_boundary_center,7.5,15,combined_int14,564.586621152936,568.483859688393,568.483859688393,0.001761195357921,0.00177337491591759,3.89723853545729,0.00690281772440655,0,reliable
855,cp08p00_cache_boundary_center_t0015,855,15,120,formal_tps30,cache_boundary_center,7.5,15,W_int18_G24_Z16,564.586621152936,564.586062061251,564.586062061251,0.001761195357921,0.00176119516700716,0.000559091684408486,9.90267327388615e-07,0,reliable
975,cp15p00_hard_phase_t0015,975,15,120,formal_tps30,hard_phase,15,15,double_baseline,423.471676524932,423.471676524932,423.471676524932,0.00148752542786424,0.00148752542786424,0,0,0,reliable
975,cp15p00_hard_phase_t0015,975,15,120,formal_tps30,hard_phase,15,15,float32_all,423.471676524932,423.484375,423.484375,0.00148752542786424,0.00148757080066963,0.0126984750677366,2.99865983291776e-05,0,reliable
975,cp15p00_hard_phase_t0015,975,15,120,formal_tps30,hard_phase,15,15,combined_int16,423.471676524932,421.999428338779,421.999428338779,0.00148752542786424,0.00148234179439764,1.47224818615359,0.00347661548048518,0,reliable
975,cp15p00_hard_phase_t0015,975,15,120,formal_tps30,hard_phase,15,15,combined_int18,423.471676524932,423.075234616292,423.075234616292,0.00148752542786424,0.00148613387430135,0.396441908640554,0.000936171013593664,0,reliable
975,cp15p00_hard_phase_t0015,975,15,120,formal_tps30,hard_phase,15,15,combined_int24,423.471676524932,423.46379178128,423.46379178128,0.00148752542786424,0.00148749768315324,0.00788474365253933,1.86192940157005e-05,0,reliable
975,cp15p00_hard_phase_t0015,975,15,120,formal_tps30,hard_phase,15,15,mixed_Z16_G24_Rz24,423.471676524932,423.462829001481,423.462829001481,0.00148752542786424,0.00148749768315333,0.00884752345154993,2.08928340241169e-05,0,reliable
975,cp15p00_hard_phase_t0015,975,15,120,formal_tps30,hard_phase,15,15,combined_int14,423.471676524932,417.706023640814,417.706023640814,0.00148752542786424,0.00146717202591999,5.76565288411803,0.0136152031026769,0,reliable
975,cp15p00_hard_phase_t0015,975,15,120,formal_tps30,hard_phase,15,15,W_int18_G24_Z16,423.471676524932,423.462790318968,423.462790318968,0.00148752542786424,0.00148749768315328,0.00888620596379042,2.09841801858199e-05,0,reliable
1095,cp15p00_medium_beta_coherent_t0015,1095,15,120,formal_tps30,medium_beta_coherent,15,15,double_baseline,462.840482436644,462.840482436644,462.840482436644,0.00144297220389887,0.00144297220389887,0,0,0,reliable
1095,cp15p00_medium_beta_coherent_t0015,1095,15,120,formal_tps30,medium_beta_coherent,15,15,float32_all,462.840482436644,462.828125,462.828125,0.00144297220389887,0.00144293396149991,0.012357436644379,2.66991266177124e-05,0,reliable
1095,cp15p00_medium_beta_coherent_t0015,1095,15,120,formal_tps30,medium_beta_coherent,15,15,combined_int16,462.840482436644,460.74296808627,460.74296808627,0.00144297220389887,0.00143643031784839,2.09751435037469,0.00453182992838534,0,reliable
1095,cp15p00_medium_beta_coherent_t0015,1095,15,120,formal_tps30,medium_beta_coherent,15,15,combined_int18,462.840482436644,463.184949650167,463.184949650167,0.00144297220389887,0.00144404883788455,0.344467213522876,0.00074424607741616,0,reliable
1095,cp15p00_medium_beta_coherent_t0015,1095,15,120,formal_tps30,medium_beta_coherent,15,15,combined_int24,462.840482436644,462.837231724377,462.837231724377,0.00144297220389887,0.0014429619937635,0.00325071226689033,7.02339659179511e-06,0,reliable
1095,cp15p00_medium_beta_coherent_t0015,1095,15,120,formal_tps30,medium_beta_coherent,15,15,mixed_Z16_G24_Rz24,462.840482436644,462.836181810737,462.836181810737,0.00144297220389887,0.00144296199376356,0.00430062590749003,9.29181018230988e-06,0,reliable
1095,cp15p00_medium_beta_coherent_t0015,1095,15,120,formal_tps30,medium_beta_coherent,15,15,combined_int14,462.840482436644,470.602031444287,470.602031444287,0.00144297220389887,0.00146717202592,7.76154900764232,0.0167693823296988,0,reliable
1095,cp15p00_medium_beta_coherent_t0015,1095,15,120,formal_tps30,medium_beta_coherent,15,15,W_int18_G24_Z16,462.840482436644,462.83618338799,462.83618338799,0.00144297220389887,0.00144296199376344,0.00429904865450226,9.28840241430422e-06,0,reliable
16,cp00p00_easy_noncoherent_t0016,16,16,120,formal_tps30,easy_noncoherent,0,16,double_baseline,615.068295512581,615.068295512581,615.068295512581,0.00163945838920148,0.00163945838920148,0,0,0,reliable
16,cp00p00_easy_noncoherent_t0016,16,16,120,formal_tps30,easy_noncoherent,0,16,float32_all,615.068295512581,615.046875,615.046875,0.00163945838920148,0.00163940181887265,0.0214205125812441,3.4826234318244e-05,0,reliable
16,cp00p00_easy_noncoherent_t0016,16,16,120,formal_tps30,easy_noncoherent,0,16,combined_int16,615.068295512581,613.556740565691,613.556740565691,0.00163945838920148,0.00163541045745637,1.5115549468901,0.00245754001290281,0,reliable
16,cp00p00_easy_noncoherent_t0016,16,16,120,formal_tps30,easy_noncoherent,0,16,combined_int18,615.068295512581,614.970858264744,614.970858264744,0.00163945838920148,0.00163920019257741,0.0974372478376608,0.00015841695718759,0,reliable
16,cp00p00_easy_noncoherent_t0016,16,16,120,formal_tps30,easy_noncoherent,0,16,combined_int24,615.068295512581,615.056555114425,615.056555114425,0.00163945838920148,0.00163942706263032,0.0117403981566895,1.90879585931272e-05,0,reliable
16,cp00p00_easy_noncoherent_t0016,16,16,120,formal_tps30,easy_noncoherent,0,16,mixed_Z16_G24_Rz24,615.068295512581,615.170252283046,615.170252283046,0.00163945838920148,0.00163972606395479,0.101956770464312,0.000165764958473992,0,reliable
16,cp00p00_easy_noncoherent_t0016,16,16,120,formal_tps30,easy_noncoherent,0,16,combined_int14,615.068295512581,619.339304445195,619.339304445195,0.00163945838920148,0.00165087129318246,4.27100893261377,0.00694395884778035,0,reliable
16,cp00p00_easy_noncoherent_t0016,16,16,120,formal_tps30,easy_noncoherent,0,16,W_int18_G24_Z16,615.068295512581,615.169835132663,615.169835132663,0.00163945838920148,0.00163972606395482,0.101539620081894,0.000165086740485093,0,reliable
136,cp00p00_low_snr_hard_t0016,136,16,120,formal_tps30,low_snr_hard,0,16,double_baseline,30.0889741286082,30.0889741286082,30.0889741286082,0.000143580948681775,0.000143580948681775,0,0,0,weak_margin
136,cp00p00_low_snr_hard_t0016,136,16,120,formal_tps30,low_snr_hard,0,16,float32_all,30.0889741286082,30.1015625,30.1015625,0.000143580948681775,0.000143641068073676,0.0125883713917574,0.000418371571524883,0,weak_margin
136,cp00p00_low_snr_hard_t0016,136,16,120,formal_tps30,low_snr_hard,0,16,combined_int16,30.0889741286082,28.7836204198393,28.7836204198393,0.000143580948681775,0.000137352155665819,1.30535370876896,0.0433831244358659,0,weak_margin
136,cp00p00_low_snr_hard_t0016,136,16,120,formal_tps30,low_snr_hard,0,16,combined_int18,30.0889741286082,30.3822406432155,30.3822406432155,0.000143580948681775,0.000144980618380469,0.29326651460724,0.00974664384879793,0,weak_margin
136,cp00p00_low_snr_hard_t0016,136,16,120,formal_tps30,low_snr_hard,0,16,combined_int24,30.0889741286082,30.09468913397,30.09468913397,0.000143580948681775,0.000143608226742435,0.00571500536170788,0.000189936863160586,0,weak_margin
136,cp00p00_low_snr_hard_t0016,136,16,120,formal_tps30,low_snr_hard,0,16,mixed_Z16_G24_Rz24,30.0889741286082,30.0946838431555,30.0946838431555,0.000143580948681775,0.000143608226742447,0.00570971454726532,0.000189761024183161,0,weak_margin
136,cp00p00_low_snr_hard_t0016,136,16,120,formal_tps30,low_snr_hard,0,16,combined_int14,30.0889741286082,25.5882387095917,25.5882387095917,0.000143580948681775,0.000122100122100081,4.50073541901656,0.149580886333287,0,weak_margin
136,cp00p00_low_snr_hard_t0016,136,16,120,formal_tps30,low_snr_hard,0,16,W_int18_G24_Z16,30.0889741286082,30.0821906762139,30.0821906762139,0.000143580948681775,0.00014354860497346,0.006783452394302,0.000225446449762884,0,weak_margin
256,cp00p00_cache_boundary_center_t0016,256,16,120,formal_tps30,cache_boundary_center,0,16,double_baseline,390.249673913495,390.249673913495,390.249673913495,0.00121690928115132,0.00121690928115132,0,0,0,reliable
256,cp00p00_cache_boundary_center_t0016,256,16,120,formal_tps30,cache_boundary_center,0,16,float32_all,390.249673913495,390.265625,390.265625,0.00121690928115132,0.00121695927788325,0.0159510865050834,4.08740546663959e-05,0,reliable
256,cp00p00_cache_boundary_center_t0016,256,16,120,formal_tps30,cache_boundary_center,0,16,combined_int16,390.249673913495,387.060669104976,387.060669104976,0.00121690928115132,0.00120693606294406,3.1890048085188,0.00817170396720356,0,reliable
256,cp00p00_cache_boundary_center_t0016,256,16,120,formal_tps30,cache_boundary_center,0,16,combined_int18,390.249673913495,390.719859655976,390.719859655976,0.00121690928115132,0.00121838035619484,0.47018574248068,0.0012048331463434,0,reliable
256,cp00p00_cache_boundary_center_t0016,256,16,120,formal_tps30,cache_boundary_center,0,16,combined_int24,390.249673913495,390.25859055217,390.25859055217,0.00121690928115132,0.00121693719728004,0.0089166386751458,2.2848548688659e-05,0,reliable
256,cp00p00_cache_boundary_center_t0016,256,16,120,formal_tps30,cache_boundary_center,0,16,mixed_Z16_G24_Rz24,390.249673913495,390.219984276191,390.219984276191,0.00121690928115132,0.00121681769767352,0.029689637303818,7.60785704343707e-05,0,reliable
256,cp00p00_cache_boundary_center_t0016,256,16,120,formal_tps30,cache_boundary_center,0,16,combined_int14,390.249673913495,391.972608220414,391.972608220414,0.00121690928115132,0.0012223444566679,1.72293430691934,0.00441495386694739,0,reliable
256,cp00p00_cache_boundary_center_t0016,256,16,120,formal_tps30,cache_boundary_center,0,16,W_int18_G24_Z16,390.249673913495,390.22010992773,390.22010992773,0.00121690928115132,0.00121681769767351,0.0295639857649803,7.57565931279513e-05,0,reliable
376,cp04p00_hard_phase_t0016,376,16,120,formal_tps30,hard_phase,3.75,16,double_baseline,844.996254154481,844.996254154481,844.996254154481,0.00255216051023124,0.00255216051023124,0,0,0,reliable
376,cp04p00_hard_phase_t0016,376,16,120,formal_tps30,hard_phase,3.75,16,float32_all,844.996254154481,845,845,0.00255216051023124,0.00255217277303577,0.00374584551900625,4.43297292809234e-06,0,reliable
376,cp04p00_hard_phase_t0016,376,16,120,formal_tps30,hard_phase,3.75,16,combined_int16,844.996254154481,845.867011852708,845.867011852708,0.00255216051023124,0.00255480594183612,0.870757698226953,0.00103048705120977,0,reliable
376,cp04p00_hard_phase_t0016,376,16,120,formal_tps30,hard_phase,3.75,16,combined_int18,844.996254154481,844.584212477552,844.584212477552,0.00255216051023124,0.00255091308920549,0.412041676929221,0.000487625447927597,0,reliable
376,cp04p00_hard_phase_t0016,376,16,120,formal_tps30,hard_phase,3.75,16,combined_int24,844.996254154481,844.993432213349,844.993432213349,0.00255216051023124,0.00255215197581283,0.0028219411324244,3.33959010889118e-06,0,reliable
376,cp04p00_hard_phase_t0016,376,16,120,formal_tps30,hard_phase,3.75,16,mixed_Z16_G24_Rz24,844.996254154481,845.034152889013,845.034152889013,0.00255216051023124,0.00255227179438787,0.0378987345320638,4.48507722321042e-05,0,reliable
376,cp04p00_hard_phase_t0016,376,16,120,formal_tps30,hard_phase,3.75,16,combined_int14,844.996254154481,851.026241948945,851.026241948945,0.00255216051023124,0.00257037943696451,6.02998779446352,0.00713611186418482,0,reliable
376,cp04p00_hard_phase_t0016,376,16,120,formal_tps30,hard_phase,3.75,16,W_int18_G24_Z16,844.996254154481,845.014395978098,845.014395978098,0.00255216051023124,0.00255221188509684,0.018141823617043,2.14697089221964e-05,0,reliable
496,cp04p00_medium_beta_coherent_t0016,496,16,120,formal_tps30,medium_beta_coherent,3.75,16,double_baseline,183.192681352317,183.192681352317,183.192681352317,0.000497808717175103,0.000497808717175103,0,0,0,weak_margin
496,cp04p00_medium_beta_coherent_t0016,496,16,120,formal_tps30,medium_beta_coherent,3.75,16,float32_all,183.192681352317,183.234375,183.234375,0.000497808717175103,0.000497921928542025,0.0416936476831324,0.0002275945052791,0,weak_margin
496,cp04p00_medium_beta_coherent_t0016,496,16,120,formal_tps30,medium_beta_coherent,3.75,16,combined_int16,183.192681352317,185.40303475305,185.40303475305,0.000497808717175103,0.000503809102151141,2.21035340073286,0.0120657298338349,0,weak_margin
496,cp04p00_medium_beta_coherent_t0016,496,16,120,formal_tps30,medium_beta_coherent,3.75,16,combined_int18,183.192681352317,182.58610186787,182.58610186787,0.000497808717175103,0.000496160481199352,0.606579484447138,0.00331115566391303,0,weak_margin
496,cp04p00_medium_beta_coherent_t0016,496,16,120,formal_tps30,medium_beta_coherent,3.75,16,combined_int24,183.192681352317,183.199533452193,183.199533452193,0.000497808717175103,0.000497827342648019,0.00685209987568669,3.74037861398442e-05,0,weak_margin
496,cp04p00_medium_beta_coherent_t0016,496,16,120,formal_tps30,medium_beta_coherent,3.75,16,mixed_Z16_G24_Rz24,183.192681352317,183.199267253105,183.199267253105,0.000497808717175103,0.000497827342647973,0.00658590078819543,3.59506763020156e-05,0,weak_margin
496,cp04p00_medium_beta_coherent_t0016,496,16,120,formal_tps30,medium_beta_coherent,3.75,16,combined_int14,183.192681352317,179.803791959421,179.803791959421,0.000497808717175103,0.000488579455233918,3.38888939289609,0.0184990435637468,0,weak_margin
496,cp04p00_medium_beta_coherent_t0016,496,16,120,formal_tps30,medium_beta_coherent,3.75,16,W_int18_G24_Z16,183.192681352317,183.221239258681,183.221239258681,0.000497808717175103,0.000497887006663802,0.0285579063638579,0.000155889996003362,0,weak_margin
616,cp08p00_easy_noncoherent_t0016,616,16,120,formal_tps30,easy_noncoherent,7.5,16,double_baseline,743.66882812095,743.66882812095,743.66882812095,0.00201920135603549,0.00201920135603549,0,0,0,reliable
616,cp08p00_easy_noncoherent_t0016,616,16,120,formal_tps30,easy_noncoherent,7.5,16,float32_all,743.66882812095,743.640625,743.640625,0.00201920135603549,0.00201912502941632,0.028203120949911,3.79243016292247e-05,0,reliable
616,cp08p00_easy_noncoherent_t0016,616,16,120,formal_tps30,easy_noncoherent,7.5,16,combined_int16,743.66882812095,743.327162668371,743.327162668371,0.00201920135603549,0.00201828690254116,0.341665452579036,0.000459432262936625,0,reliable
616,cp08p00_easy_noncoherent_t0016,616,16,120,formal_tps30,easy_noncoherent,7.5,16,combined_int18,743.66882812095,743.312949138752,743.312949138752,0.00201920135603549,0.00201824061403444,0.355878982198192,0.000478544976932006,0,reliable
616,cp08p00_easy_noncoherent_t0016,616,16,120,formal_tps30,easy_noncoherent,7.5,16,combined_int24,743.66882812095,743.662095565844,743.662095565844,0.00201920135603549,0.00201918295477036,0.00673255510628223,9.05316298290138e-06,0,reliable
616,cp08p00_easy_noncoherent_t0016,616,16,120,formal_tps30,easy_noncoherent,7.5,16,mixed_Z16_G24_Rz24,743.66882812095,743.63680295262,743.63680295262,0.00201920135603549,0.00201912310917362,0.0320251683297101,4.30637497750566e-05,0,reliable
616,cp08p00_easy_noncoherent_t0016,616,16,120,formal_tps30,easy_noncoherent,7.5,16,combined_int14,743.66882812095,743.418584098981,743.418584098981,0.00201920135603549,0.00201847207780296,0.250244021968683,0.000336499275626467,0,reliable
616,cp08p00_easy_noncoherent_t0016,616,16,120,formal_tps30,easy_noncoherent,7.5,16,W_int18_G24_Z16,743.66882812095,743.615052613983,743.615052613983,0.00201920135603549,0.00201906326358413,0.053775506967213,7.23110945810236e-05,0,reliable
736,cp08p00_low_snr_hard_t0016,736,16,120,formal_tps30,low_snr_hard,7.5,16,double_baseline,27.1631229544291,27.1631229544291,27.1631229544291,0.000129653390023504,0.000129653390023504,0,0,0,weak_margin
736,cp08p00_low_snr_hard_t0016,736,16,120,formal_tps30,low_snr_hard,7.5,16,float32_all,27.1631229544291,27.171875,27.171875,0.000129653390023504,0.000129695195408298,0.00875204557087272,0.000322203215939338,0,weak_margin
736,cp08p00_low_snr_hard_t0016,736,16,120,formal_tps30,low_snr_hard,7.5,16,combined_int16,27.1631229544291,25.5788854514831,25.5788854514831,0.000129653390023504,0.00012208894179415,1.58423750294605,0.0583230987690144,0,weak_margin
736,cp08p00_low_snr_hard_t0016,736,16,120,formal_tps30,low_snr_hard,7.5,16,combined_int18,27.1631229544291,27.1766012662411,27.1766012662411,0.000129653390023504,0.000129717521021847,0.013478311811923,0.000496198902995626,0,weak_margin
736,cp08p00_low_snr_hard_t0016,736,16,120,formal_tps30,low_snr_hard,7.5,16,combined_int24,27.1631229544291,27.1638642387989,27.1638642387989,0.000129653390023504,0.000129656926579999,0.000741284369723871,2.72901010302646e-05,0,weak_margin
736,cp08p00_low_snr_hard_t0016,736,16,120,formal_tps30,low_snr_hard,7.5,16,mixed_Z16_G24_Rz24,27.1631229544291,27.1763743439515,27.1763743439515,0.000129653390023504,0.000129716546692736,0.0132513895223383,0.000487844845549232,0,weak_margin
736,cp08p00_low_snr_hard_t0016,736,16,120,formal_tps30,low_snr_hard,7.5,16,combined_int14,27.1631229544291,25.5800312040519,25.5800312040519,0.000129653390023504,0.000122100122100135,1.58309175037721,0.0582809183256697,0,weak_margin
736,cp08p00_low_snr_hard_t0016,736,16,120,formal_tps30,low_snr_hard,7.5,16,W_int18_G24_Z16,27.1631229544291,27.1763799492037,27.1763799492037,0.000129653390023504,0.000129716546692734,0.0132569947745651,0.000488051200769736,0,weak_margin
856,cp08p00_cache_boundary_center_t0016,856,16,120,formal_tps30,cache_boundary_center,7.5,16,double_baseline,391.852285765461,391.852285765461,391.852285765461,0.00121984584900657,0.00121984584900657,0,0,0,reliable
856,cp08p00_cache_boundary_center_t0016,856,16,120,formal_tps30,cache_boundary_center,7.5,16,float32_all,391.852285765461,391.875,391.875,0.00121984584900657,0.0012199167460326,0.0227142345393077,5.79663188513414e-05,0,reliable
856,cp08p00_cache_boundary_center_t0016,856,16,120,formal_tps30,cache_boundary_center,7.5,16,combined_int16,391.852285765461,392.619646220031,392.619646220031,0.00121984584900657,0.00122223240749231,0.767360454570735,0.00195829010687469,0,reliable
856,cp08p00_cache_boundary_center_t0016,856,16,120,formal_tps30,cache_boundary_center,7.5,16,combined_int18,391.852285765461,391.381250471662,391.381250471662,0.00121984584900657,0.00121838035619482,0.471035293798195,0.00120207361526054,0,reliable
856,cp08p00_cache_boundary_center_t0016,856,16,120,formal_tps30,cache_boundary_center,7.5,16,combined_int24,391.852285765461,391.858418879507,391.858418879507,0.00121984584900657,0.00121986494655024,0.00613311404595152,1.56515969633068e-05,0,reliable
856,cp08p00_cache_boundary_center_t0016,856,16,120,formal_tps30,cache_boundary_center,7.5,16,mixed_Z16_G24_Rz24,391.852285765461,391.799021689891,391.799021689891,0.00121984584900657,0.00121968569610292,0.0532640755700413,0.000135928964829165,0,reliable
856,cp08p00_cache_boundary_center_t0016,856,16,120,formal_tps30,cache_boundary_center,7.5,16,combined_int14,391.852285765461,392.646109542227,392.646109542227,0.00121984584900657,0.00122234445666788,0.793823776766658,0.00202582403013413,0,reliable
856,cp08p00_cache_boundary_center_t0016,856,16,120,formal_tps30,cache_boundary_center,7.5,16,W_int18_G24_Z16,391.852285765461,391.799064380641,391.799064380641,0.00121984584900657,0.00121968569610288,0.0532213848200627,0.000135820018801467,0,reliable
976,cp15p00_hard_phase_t0016,976,16,120,formal_tps30,hard_phase,15,16,double_baseline,846.68931986863,846.68931986863,846.68931986863,0.00256058220602288,0.00256058220602288,0,0,0,reliable
976,cp15p00_hard_phase_t0016,976,16,120,formal_tps30,hard_phase,15,16,float32_all,846.68931986863,846.703125,846.703125,0.00256058220602288,0.00256062482099749,0.013805131369736,1.63048370231929e-05,0,reliable
976,cp15p00_hard_phase_t0016,976,16,120,formal_tps30,hard_phase,15,16,combined_int16,846.68931986863,844.786077177734,844.786077177734,0.00256058220602288,0.00255480594183614,1.90324269089615,0.00224786429477043,0,reliable
976,cp15p00_hard_phase_t0016,976,16,120,formal_tps30,hard_phase,15,16,combined_int18,846.68931986863,847.293792380893,847.293792380893,0.00256058220602288,0.0025624158609717,0.604472512262873,0.000713924810527504,0,reliable
976,cp15p00_hard_phase_t0016,976,16,120,formal_tps30,hard_phase,15,16,combined_int24,846.68931986863,846.694945045077,846.694945045077,0.00256058220602288,0.00256059925551992,0.00562517644721083,6.64373143159951e-06,0,reliable
976,cp15p00_hard_phase_t0016,976,16,120,formal_tps30,hard_phase,15,16,mixed_Z16_G24_Rz24,846.68931986863,846.675696018239,846.675696018239,0.00256058220602288,0.00256053934523364,0.0136238503910135,1.60907313595586e-05,0,reliable
976,cp15p00_hard_phase_t0016,976,16,120,formal_tps30,hard_phase,15,16,combined_int14,846.68931986863,849.953076578851,849.953076578851,0.00256058220602288,0.00257037943696448,3.26375671022106,0.00385472762397364,0,reliable
976,cp15p00_hard_phase_t0016,976,16,120,formal_tps30,hard_phase,15,16,W_int18_G24_Z16,846.68931986863,846.675256597606,846.675256597606,0.00256058220602288,0.00256053934523362,0.0140632710244972,1.66097182218848e-05,0,reliable
1096,cp15p00_medium_beta_coherent_t0016,1096,16,120,formal_tps30,medium_beta_coherent,15,16,double_baseline,173.445687697036,173.445687697036,173.445687697036,0.000469868390739093,0.000469868390739093,0,0,0,weak_margin
1096,cp15p00_medium_beta_coherent_t0016,1096,16,120,formal_tps30,medium_beta_coherent,15,16,float32_all,173.445687697036,173.46875,173.46875,0.000469868390739093,0.000469930898739669,0.0230623029638082,0.000132965559824652,0,weak_margin
1096,cp15p00_medium_beta_coherent_t0016,1096,16,120,formal_tps30,medium_beta_coherent,15,16,combined_int16,173.445687697036,174.699363411986,174.699363411986,0.000469868390739093,0.000473260766682451,1.25367571495008,0.00722805929392674,0,weak_margin
1096,cp15p00_medium_beta_coherent_t0016,1096,16,120,formal_tps30,medium_beta_coherent,15,16,combined_int18,173.445687697036,173.283838846546,173.283838846546,0.000469868390739093,0.000469431606104895,0.16184885049006,0.000933138509461053,0,weak_margin
1096,cp15p00_medium_beta_coherent_t0016,1096,16,120,formal_tps30,medium_beta_coherent,15,16,combined_int24,173.445687697036,173.437314453564,173.437314453564,0.000469868390739093,0.000469845703481981,0.00837324347230606,4.82758815366566e-05,0,weak_margin
1096,cp15p00_medium_beta_coherent_t0016,1096,16,120,formal_tps30,medium_beta_coherent,15,16,mixed_Z16_G24_Rz24,173.445687697036,173.459150748415,173.459150748415,0.000469868390739093,0.000469905364160579,0.0134630513784941,7.76211363756159e-05,0,weak_margin
1096,cp15p00_medium_beta_coherent_t0016,1096,16,120,formal_tps30,medium_beta_coherent,15,16,combined_int14,173.445687697036,180.346583288454,180.346583288454,0.000469868390739093,0.000488579455233904,6.90089559141779,0.0397870692724966,0,weak_margin
1096,cp15p00_medium_beta_coherent_t0016,1096,16,120,formal_tps30,medium_beta_coherent,15,16,W_int18_G24_Z16,173.445687697036,173.459096675331,173.459096675331,0.000469868390739093,0.000469905364160501,0.0134089782950468,7.73093783598055e-05,0,weak_margin
17,cp00p00_easy_noncoherent_t0017,17,17,120,formal_tps30,easy_noncoherent,0,17,double_baseline,211.137866276113,211.137866276113,211.137866276113,0.000496869857884857,0.000496869857884857,0,0,0,weak_margin
17,cp00p00_easy_noncoherent_t0017,17,17,120,formal_tps30,easy_noncoherent,0,17,float32_all,211.137866276113,211.15625,211.15625,0.000496869857884857,0.000496913028012378,0.0183837238873821,8.70697625756103e-05,0,weak_margin
17,cp00p00_easy_noncoherent_t0017,17,17,120,formal_tps30,easy_noncoherent,0,17,combined_int16,211.137866276113,207.598794505582,207.598794505582,0.000496869857884857,0.000488534701230497,3.53907177053043,0.0167618998569506,0,weak_margin
17,cp00p00_easy_noncoherent_t0017,17,17,120,formal_tps30,easy_noncoherent,0,17,combined_int18,211.137866276113,210.836206327076,210.836206327076,0.000496869857884857,0.000496160481199334,0.301659949036548,0.00142873447741513,0,weak_margin
17,cp00p00_easy_noncoherent_t0017,17,17,120,formal_tps30,easy_noncoherent,0,17,combined_int24,211.137866276113,211.1390890232,211.1390890232,0.000496869857884857,0.000496872719362003,0.00122274708701298,5.79122593487776e-06,0,weak_margin
17,cp00p00_easy_noncoherent_t0017,17,17,120,formal_tps30,easy_noncoherent,0,17,mixed_Z16_G24_Rz24,211.137866276113,211.139563765289,211.139563765289,0.000496869857884857,0.000496872719361957,0.00169748917687684,8.03971929249761e-06,0,weak_margin
17,cp00p00_easy_noncoherent_t0017,17,17,120,formal_tps30,easy_noncoherent,0,17,combined_int14,211.137866276113,207.616717754776,207.616717754776,0.000496869857884857,0.000488579455233905,3.52114852133673,0.0166770110138936,0,weak_margin
17,cp00p00_easy_noncoherent_t0017,17,17,120,formal_tps30,easy_noncoherent,0,17,W_int18_G24_Z16,211.137866276113,211.164814587479,211.164814587479,0.000496869857884857,0.000496932383263974,0.0269483113661408,0.000127633720286344,0,weak_margin
137,cp00p00_low_snr_hard_t0017,137,17,120,formal_tps30,low_snr_hard,0,17,double_baseline,116.583489040393,116.583489040393,116.583489040393,0.000587353511957407,0.000587353511957407,0,0,0,weak_margin
137,cp00p00_low_snr_hard_t0017,137,17,120,formal_tps30,low_snr_hard,0,17,float32_all,116.583489040393,116.59375,116.59375,0.000587353511957407,0.000587405312184433,0.0102609596069669,8.80138319021469e-05,0,weak_margin
137,cp00p00_low_snr_hard_t0017,137,17,120,formal_tps30,low_snr_hard,0,17,combined_int16,116.583489040393,115.162741033622,115.162741033622,0.000587353511957407,0.000580188103090228,1.42074800677074,0.0121865284566881,0,weak_margin
137,cp00p00_low_snr_hard_t0017,137,17,120,formal_tps30,low_snr_hard,0,17,combined_int18,116.583489040393,116.675054367384,116.675054367384,0.000587353511957407,0.000587813182283202,0.0915653269912582,0.00078540561570887,0,weak_margin
137,cp00p00_low_snr_hard_t0017,137,17,120,formal_tps30,low_snr_hard,0,17,combined_int24,116.583489040393,116.579100170391,116.579100170391,0.000587353511957407,0.000587331367371637,0.00438887000200339,3.76457252920502e-05,0,weak_margin
137,cp00p00_low_snr_hard_t0017,137,17,120,formal_tps30,low_snr_hard,0,17,mixed_Z16_G24_Rz24,116.583489040393,116.567435067176,116.567435067176,0.000587353511957407,0.000587271692687366,0.0160539732169127,0.000137703660690327,0,weak_margin
137,cp00p00_low_snr_hard_t0017,137,17,120,formal_tps30,low_snr_hard,0,17,combined_int14,116.583489040393,121.236316133029,121.236316133029,0.000587353511957407,0.000610798924993914,4.65282709263556,0.0399098288353978,0,weak_margin
137,cp00p00_low_snr_hard_t0017,137,17,120,formal_tps30,low_snr_hard,0,17,W_int18_G24_Z16,116.583489040393,116.567461562445,116.567461562445,0.000587353511957407,0.000587271692687316,0.0160274779482279,0.000137476396358963,0,weak_margin
257,cp00p00_cache_boundary_center_t0017,257,17,120,formal_tps30,cache_boundary_center,0,17,double_baseline,563.078050913085,563.078050913085,563.078050913085,0.00175553611701956,0.00175553611701956,0,0,0,reliable
257,cp00p00_cache_boundary_center_t0017,257,17,120,formal_tps30,cache_boundary_center,0,17,float32_all,563.078050913085,563.0625,563.0625,0.00175553611701956,0.00175548811689068,0.0155509130854625,2.76176865005575e-05,0,reliable
257,cp00p00_cache_boundary_center_t0017,257,17,120,formal_tps30,cache_boundary_center,0,17,combined_int16,563.078050913085,563.831436694047,563.831436694047,0.00175553611701956,0.0017578990813067,0.753385780961253,0.00133797753213709,0,reliable
257,cp00p00_cache_boundary_center_t0017,257,17,120,formal_tps30,cache_boundary_center,0,17,combined_int18,563.078050913085,563.822136996954,563.822136996954,0.00175553611701956,0.00175785877515456,0.744086083868751,0.00132146170972593,0,reliable
257,cp00p00_cache_boundary_center_t0017,257,17,120,formal_tps30,cache_boundary_center,0,17,combined_int24,563.078050913085,563.070574408281,563.070574408281,0.00175553611701956,0.00175551279441675,0.00747650480479933,1.32779190960746e-05,0,reliable
257,cp00p00_cache_boundary_center_t0017,257,17,120,formal_tps30,cache_boundary_center,0,17,mixed_Z16_G24_Rz24,563.078050913085,563.126444861671,563.126444861671,0.00175553611701956,0.00175569223677602,0.0483939485857263,8.59453649582875e-05,0,reliable
257,cp00p00_cache_boundary_center_t0017,257,17,120,formal_tps30,cache_boundary_center,0,17,combined_int14,563.078050913085,568.807540385751,568.807540385751,0.00175553611701956,0.0017733749159175,5.72948947266559,0.0101753024529631,0,reliable
257,cp00p00_cache_boundary_center_t0017,257,17,120,formal_tps30,cache_boundary_center,0,17,W_int18_G24_Z16,563.078050913085,563.126612760127,563.126612760127,0.00175553611701956,0.00175569223677603,0.0485618470411282,8.62435446780077e-05,0,reliable
377,cp04p00_hard_phase_t0017,377,17,120,formal_tps30,hard_phase,3.75,17,double_baseline,425.643872874876,425.643872874876,425.643872874876,0.00149545096283301,0.00149545096283301,0,0,0,reliable
377,cp04p00_hard_phase_t0017,377,17,120,formal_tps30,hard_phase,3.75,17,float32_all,425.643872874876,425.6875,425.6875,0.00149545096283301,0.0014956049723211,0.0436271251237486,0.000102496777010046,0,reliable
377,cp04p00_hard_phase_t0017,377,17,120,formal_tps30,hard_phase,3.75,17,combined_int16,425.643872874876,426.270569784596,426.270569784596,0.00149545096283301,0.00149764655541294,0.626696909719612,0.001472350360612,0,reliable
377,cp04p00_hard_phase_t0017,377,17,120,formal_tps30,hard_phase,3.75,17,combined_int18,425.643872874876,425.17064832637,425.17064832637,0.00149545096283301,0.00149378607913624,0.47322454850655,0.00111178517691399,0,reliable
377,cp04p00_hard_phase_t0017,377,17,120,formal_tps30,hard_phase,3.75,17,combined_int24,425.643872874876,425.64323900899,425.64323900899,0.00149545096283301,0.00149544876655321,0.000633865885902196,1.48919302331536e-06,0,reliable
377,cp04p00_hard_phase_t0017,377,17,120,formal_tps30,hard_phase,3.75,17,mixed_Z16_G24_Rz24,425.643872874876,425.643635472865,425.643635472865,0.00149545096283301,0.00149544876655333,0.000237402011407539,5.57747982612983e-07,0,reliable
377,cp04p00_hard_phase_t0017,377,17,120,formal_tps30,hard_phase,3.75,17,combined_int14,425.643872874876,435.017228507786,435.017228507786,0.00149545096283301,0.00152839762792691,9.37335563290981,0.0220215918288697,0,reliable
377,cp04p00_hard_phase_t0017,377,17,120,formal_tps30,hard_phase,3.75,17,W_int18_G24_Z16,425.643872874876,425.643744826259,425.643744826259,0.00149545096283301,0.0014954487665533,0.000128048617625609,3.00835101327185e-07,0,reliable
497,cp04p00_medium_beta_coherent_t0017,497,17,120,formal_tps30,medium_beta_coherent,3.75,17,double_baseline,465.771251315949,465.771251315949,465.771251315949,0.00144717143825792,0.00144717143825792,0,0,0,reliable
497,cp04p00_medium_beta_coherent_t0017,497,17,120,formal_tps30,medium_beta_coherent,3.75,17,float32_all,465.771251315949,465.75,465.75,0.00144717143825792,0.00144710521670556,0.0212513159494847,4.56260790880568e-05,0,reliable
497,cp04p00_medium_beta_coherent_t0017,497,17,120,formal_tps30,medium_beta_coherent,3.75,17,combined_int16,465.771251315949,467.23008933966,467.23008933966,0.00144717143825792,0.00145173367563692,1.458838023711,0.00313209117048191,0,reliable
497,cp04p00_medium_beta_coherent_t0017,497,17,120,formal_tps30,medium_beta_coherent,3.75,17,combined_int18,465.771251315949,465.99608972235,465.99608972235,0.00144717143825792,0.00144787460412669,0.224838406400522,0.000482722808170928,0,reliable
497,cp04p00_medium_beta_coherent_t0017,497,17,120,formal_tps30,medium_beta_coherent,3.75,17,combined_int24,465.771251315949,465.78242442492,465.78242442492,0.00144717143825792,0.00144720616387458,0.0111731089709792,2.39884040490084e-05,0,reliable
497,cp04p00_medium_beta_coherent_t0017,497,17,120,formal_tps30,medium_beta_coherent,3.75,17,mixed_Z16_G24_Rz24,465.771251315949,465.801475503307,465.801475503307,0.00144717143825792,0.00144726594117535,0.0302241873578168,6.48906244694666e-05,0,reliable
497,cp04p00_medium_beta_coherent_t0017,497,17,120,formal_tps30,medium_beta_coherent,3.75,17,combined_int14,465.771251315949,472.200601548597,472.200601548597,0.00144717143825792,0.00146717202592005,6.42935023264727,0.0138036648128933,0,reliable
497,cp04p00_medium_beta_coherent_t0017,497,17,120,formal_tps30,medium_beta_coherent,3.75,17,W_int18_G24_Z16,465.771251315949,465.801510322577,465.801510322577,0.00144717143825792,0.0014472659411753,0.0302590066276025,6.49653806286054e-05,0,reliable
617,cp08p00_easy_noncoherent_t0017,617,17,120,formal_tps30,easy_noncoherent,7.5,17,double_baseline,146.163091792492,146.163091792492,146.163091792492,0.000345866732852405,0.000345866732852405,0,0,0,weak_margin
617,cp08p00_easy_noncoherent_t0017,617,17,120,formal_tps30,easy_noncoherent,7.5,17,float32_all,146.163091792492,146.140625,146.140625,0.000345866732852405,0.000345813466374955,0.022466792492196,0.000153710435491417,0,weak_margin
617,cp08p00_easy_noncoherent_t0017,617,17,120,formal_tps30,easy_noncoherent,7.5,17,combined_int16,146.163091792492,148.367850805662,148.367850805662,0.000345866732852405,0.000351086077147315,2.20475901316968,0.0150842390245807,0,weak_margin
617,cp08p00_easy_noncoherent_t0017,617,17,120,formal_tps30,easy_noncoherent,7.5,17,combined_int18,146.163091792492,146.751943846175,146.751943846175,0.000345866732852405,0.000347260647736495,0.588852053682785,0.00402873287956154,0,weak_margin
617,cp08p00_easy_noncoherent_t0017,617,17,120,formal_tps30,easy_noncoherent,7.5,17,combined_int24,146.163091792492,146.171303353651,146.171303353651,0.000345866732852405,0.000345886181444551,0.00821156115853228,5.61808118440066e-05,0,weak_margin
617,cp08p00_easy_noncoherent_t0017,617,17,120,formal_tps30,easy_noncoherent,7.5,17,mixed_Z16_G24_Rz24,146.163091792492,146.045343474601,146.045343474601,0.000345866732852405,0.000345587952074138,0.117748317890801,0.000805595423897901,0,weak_margin
617,cp08p00_easy_noncoherent_t0017,617,17,120,formal_tps30,easy_noncoherent,7.5,17,combined_int14,146.163091792492,154.838856597082,154.838856597082,0.000345866732852405,0.000366389838788518,8.67576480458956,0.0593567411457507,0,weak_margin
617,cp08p00_easy_noncoherent_t0017,617,17,120,formal_tps30,easy_noncoherent,7.5,17,W_int18_G24_Z16,146.163091792492,146.070585221372,146.070585221372,0.000345866732852405,0.000345647597934097,0.092506571119884,0.000632899660135923,0,weak_margin
737,cp08p00_low_snr_hard_t0017,737,17,120,formal_tps30,low_snr_hard,7.5,17,double_baseline,122.845347271155,122.845347271155,122.845347271155,0.000618826546084096,0.000618826546084096,0,0,0,weak_margin
737,cp08p00_low_snr_hard_t0017,737,17,120,formal_tps30,low_snr_hard,7.5,17,float32_all,122.845347271155,122.84375,122.84375,0.000618826546084096,0.000618818651423987,0.00159727115533315,1.30022926453006e-05,0,weak_margin
737,cp08p00_low_snr_hard_t0017,737,17,120,formal_tps30,low_snr_hard,7.5,17,combined_int16,122.845347271155,124.271941912055,124.271941912055,0.000618826546084096,0.000626021101491803,1.42659464089957,0.0116129318088919,0,weak_margin
737,cp08p00_low_snr_hard_t0017,737,17,120,formal_tps30,low_snr_hard,7.5,17,combined_int18,122.845347271155,122.754122558472,122.754122558472,0.000618826546084096,0.000618367814336928,0.09122471268347,0.000742598028414626,0,weak_margin
737,cp08p00_low_snr_hard_t0017,737,17,120,formal_tps30,low_snr_hard,7.5,17,combined_int24,122.845347271155,122.848133301493,122.848133301493,0.000618826546084096,0.000618840594750246,0.00278603033802938,2.26791685637047e-05,0,weak_margin
737,cp08p00_low_snr_hard_t0017,737,17,120,formal_tps30,low_snr_hard,7.5,17,mixed_Z16_G24_Rz24,122.845347271155,122.847974108328,122.847974108328,0.000618826546084096,0.000618840594750181,0.00262683717301115,2.1383285825331e-05,0,weak_margin
737,cp08p00_low_snr_hard_t0017,737,17,120,formal_tps30,low_snr_hard,7.5,17,combined_int14,122.845347271155,121.24478734647,121.24478734647,0.000618826546084096,0.000610798924993853,1.60055992468551,0.0130290642685279,0,weak_margin
737,cp08p00_low_snr_hard_t0017,737,17,120,formal_tps30,low_snr_hard,7.5,17,W_int18_G24_Z16,122.845347271155,122.848000015307,122.848000015307,0.000618826546084096,0.000618840594750172,0.00265274415141903,2.15941768275819e-05,0,weak_margin
857,cp08p00_cache_boundary_center_t0017,857,17,120,formal_tps30,cache_boundary_center,7.5,17,double_baseline,564.064039818448,564.064039818448,564.064039818448,0.00176216181874551,0.00176216181874551,0,0,0,reliable
857,cp08p00_cache_boundary_center_t0017,857,17,120,formal_tps30,cache_boundary_center,7.5,17,float32_all,564.064039818448,564.09375,564.09375,0.00176216181874551,0.00176225482706599,0.0297101815522183,5.26716462226185e-05,0,reliable
857,cp08p00_cache_boundary_center_t0017,857,17,120,formal_tps30,cache_boundary_center,7.5,17,combined_int16,564.064039818448,562.702041664044,562.702041664044,0.00176216181874551,0.00175789908130664,1.36199815440341,0.00241461617521618,0,reliable
857,cp08p00_cache_boundary_center_t0017,857,17,120,formal_tps30,cache_boundary_center,7.5,17,combined_int18,564.064039818448,563.91159627508,563.91159627508,0.00176216181874551,0.00176168693944158,0.152443543367554,0.000270259283709381,0,reliable
857,cp08p00_cache_boundary_center_t0017,857,17,120,formal_tps30,cache_boundary_center,7.5,17,combined_int24,564.064039818448,564.060961457348,564.060961457348,0.00176216181874551,0.00176215220452335,0.00307836110005155,5.45746738445225e-06,0,reliable
857,cp08p00_cache_boundary_center_t0017,857,17,120,formal_tps30,cache_boundary_center,7.5,17,mixed_Z16_G24_Rz24,564.064039818448,564.022828157758,564.022828157758,0.00176216181874551,0.00176203257473388,0.0412116606894415,7.30620244869821e-05,0,reliable
857,cp08p00_cache_boundary_center_t0017,857,17,120,formal_tps30,cache_boundary_center,7.5,17,combined_int14,564.064039818448,567.645251738781,567.645251738781,0.00176216181874551,0.00177337491591761,3.58121192033286,0.00634894562944578,0,reliable
857,cp08p00_cache_boundary_center_t0017,857,17,120,formal_tps30,cache_boundary_center,7.5,17,W_int18_G24_Z16,564.064039818448,564.023029959615,564.023029959615,0.00176216181874551,0.00176203257473383,0.0410098588326946,7.27042603990395e-05,0,reliable
977,cp15p00_hard_phase_t0017,977,17,120,formal_tps30,hard_phase,15,17,double_baseline,424.705124154891,424.705124154891,424.705124154891,0.00149253707129876,0.00149253707129876,0,0,0,reliable
977,cp15p00_hard_phase_t0017,977,17,120,formal_tps30,hard_phase,15,17,float32_all,424.705124154891,424.71875,424.71875,0.00149253707129876,0.00149258566772919,0.0136258451093454,3.20830720760883e-05,0,reliable
977,cp15p00_hard_phase_t0017,977,17,120,formal_tps30,hard_phase,15,17,combined_int16,424.705124154891,426.159390293964,426.159390293964,0.00149253707129876,0.00149764655541289,1.4542661390733,0.00342417846256765,0,reliable
977,cp15p00_hard_phase_t0017,977,17,120,formal_tps30,hard_phase,15,17,combined_int18,424.705124154891,425.05906991649,425.05906991649,0.00149253707129876,0.00149378607913627,0.353945761598879,0.000833391785190223,0,reliable
977,cp15p00_hard_phase_t0017,977,17,120,formal_tps30,hard_phase,15,17,combined_int24,424.705124154891,424.700113708648,424.700113708648,0.00149253707129876,0.00149251940534894,0.00501044624252245,1.17974706627159e-05,0,reliable
977,cp15p00_hard_phase_t0017,977,17,120,formal_tps30,hard_phase,15,17,mixed_Z16_G24_Rz24,424.705124154891,424.700223033084,424.700223033084,0.00149253707129876,0.00149251940534897,0.00490112180705182,1.15400580974963e-05,0,reliable
977,cp15p00_hard_phase_t0017,977,17,120,formal_tps30,hard_phase,15,17,combined_int14,424.705124154891,434.891279716627,434.891279716627,0.00149253707129876,0.00152839762792681,10.1861555617361,0.0239840656078856,0,reliable
977,cp15p00_hard_phase_t0017,977,17,120,formal_tps30,hard_phase,15,17,W_int18_G24_Z16,424.705124154891,424.700156225008,424.700156225008,0.00149253707129876,0.00149251940534899,0.0049679298826959,1.16973627115553e-05,0,reliable
1097,cp15p00_medium_beta_coherent_t0017,1097,17,120,formal_tps30,medium_beta_coherent,15,17,double_baseline,467.165159988275,467.165159988275,467.165159988275,0.0014519511812343,0.0014519511812343,0,0,0,reliable
1097,cp15p00_medium_beta_coherent_t0017,1097,17,120,formal_tps30,medium_beta_coherent,15,17,float32_all,467.165159988275,467.1875,467.1875,0.0014519511812343,0.00145202048407546,0.0223400117247365,4.7820371975721e-05,0,reliable
1097,cp15p00_medium_beta_coherent_t0017,1097,17,120,formal_tps30,medium_beta_coherent,15,17,combined_int16,467.165159988275,467.089494116895,467.089494116895,0.0014519511812343,0.00145173367563683,0.075665871379897,0.000161968138595344,0,reliable
1097,cp15p00_medium_beta_coherent_t0017,1097,17,120,formal_tps30,medium_beta_coherent,15,17,combined_int18,467.165159988275,467.084604514355,467.084604514355,0.0014519511812343,0.00145170039959964,0.0805554739199579,0.000172434677966952,0,reliable
1097,cp15p00_medium_beta_coherent_t0017,1097,17,120,formal_tps30,medium_beta_coherent,15,17,combined_int24,467.165159988275,467.157900509599,467.157900509599,0.0014519511812343,0.00145192859261892,0.00725947867613286,1.55394265195526e-05,0,reliable
1097,cp15p00_medium_beta_coherent_t0017,1097,17,120,formal_tps30,medium_beta_coherent,15,17,mixed_Z16_G24_Rz24,467.165159988275,467.177216183365,467.177216183365,0.0014519511812343,0.00145198837048349,0.0120561950898264,2.58071365812659e-05,0,reliable
1097,cp15p00_medium_beta_coherent_t0017,1097,17,120,formal_tps30,medium_beta_coherent,15,17,combined_int14,467.165159988275,472.04273488227,472.04273488227,0.0014519511812343,0.00146717202592007,4.87757489399519,0.0104407933462281,0,reliable
1097,cp15p00_medium_beta_coherent_t0017,1097,17,120,formal_tps30,medium_beta_coherent,15,17,W_int18_G24_Z16,467.165159988275,467.177227500128,467.177227500128,0.0014519511812343,0.00145198837048346,0.012067511852365,2.58313609102782e-05,0,reliable
18,cp00p00_easy_noncoherent_t0018,18,18,120,formal_tps30,easy_noncoherent,0,18,double_baseline,656.879570086399,656.879570086399,656.879570086399,0.00175637388632395,0.00175637388632395,0,0,0,reliable
18,cp00p00_easy_noncoherent_t0018,18,18,120,formal_tps30,easy_noncoherent,0,18,float32_all,656.879570086399,656.90625,656.90625,0.00175637388632395,0.00175644571123852,0.0266799136006739,4.06161415511289e-05,0,reliable
18,cp00p00_easy_noncoherent_t0018,18,18,120,formal_tps30,easy_noncoherent,0,18,combined_int16,656.879570086399,657.450446763309,657.450446763309,0.00175637388632395,0.0017578990813067,0.570876676909393,0.000869073575898099,0,reliable
18,cp00p00_easy_noncoherent_t0018,18,18,120,formal_tps30,easy_noncoherent,0,18,combined_int18,656.879570086399,657.432933278615,657.432933278615,0.00175637388632395,0.0017578587751546,0.553363192215329,0.000842411938831566,0,reliable
18,cp00p00_easy_noncoherent_t0018,18,18,120,formal_tps30,easy_noncoherent,0,18,combined_int24,656.879570086399,656.870718881255,656.870718881255,0.00175637388632395,0.00175635019264323,0.00885120514431037,1.34746238844758e-05,0,reliable
18,cp00p00_easy_noncoherent_t0018,18,18,120,formal_tps30,easy_noncoherent,0,18,mixed_Z16_G24_Rz24,656.879570086399,656.893588715611,656.893588715611,0.00175637388632395,0.00175641000685587,0.0140186292119324,2.13412470874814e-05,0,reliable
18,cp00p00_easy_noncoherent_t0018,18,18,120,formal_tps30,easy_noncoherent,0,18,combined_int14,656.879570086399,663.205666653928,663.205666653928,0.00175637388632395,0.00177337491591758,6.32609656752902,0.00963052720104684,0,reliable
18,cp00p00_easy_noncoherent_t0018,18,18,120,formal_tps30,easy_noncoherent,0,18,W_int18_G24_Z16,656.879570086399,656.893985479081,656.893985479081,0.00175637388632395,0.00175641000685581,0.0144153926812578,2.19452595844345e-05,0,reliable
138,cp00p00_low_snr_hard_t0018,138,18,120,formal_tps30,low_snr_hard,0,18,double_baseline,28.566876219149,28.566876219149,28.566876219149,0.000136445486276258,0.000136445486276258,0,0,0,weak_margin
138,cp00p00_low_snr_hard_t0018,138,18,120,formal_tps30,low_snr_hard,0,18,float32_all,28.566876219149,28.59375,28.59375,0.000136445486276258,0.000136573860375095,0.0268737808510195,0.000940732218841817,0,weak_margin
138,cp00p00_low_snr_hard_t0018,138,18,120,formal_tps30,low_snr_hard,0,18,combined_int16,28.566876219149,28.756617547464,28.756617547464,0.000136445486276258,0.000137352155665788,0.189741328314994,0.00664200477712039,0,weak_margin
138,cp00p00_low_snr_hard_t0018,138,18,120,formal_tps30,low_snr_hard,0,18,combined_int18,28.566876219149,28.7561000827409,28.7561000827409,0.000136445486276258,0.000137349011468635,0.189223863591906,0.00662389062564233,0,weak_margin
138,cp00p00_low_snr_hard_t0018,138,18,120,formal_tps30,low_snr_hard,0,18,combined_int24,28.566876219149,28.5685885908606,28.5685885908606,0.000136445486276258,0.000136453665217547,0.0017123717116192,5.99425606945207e-05,0,weak_margin
138,cp00p00_low_snr_hard_t0018,138,18,120,formal_tps30,low_snr_hard,0,18,mixed_Z16_G24_Rz24,28.566876219149,28.5685615819384,28.5685615819384,0.000136445486276258,0.000136453665217593,0.00168536278943066,5.8997097775112e-05,0,weak_margin
138,cp00p00_low_snr_hard_t0018,138,18,120,formal_tps30,low_snr_hard,0,18,combined_int14,28.566876219149,25.5644850385288,25.5644850385288,0.000136445486276258,0.000122100122100077,3.00239118062018,0.10510043721923,0,weak_margin
138,cp00p00_low_snr_hard_t0018,138,18,120,formal_tps30,low_snr_hard,0,18,W_int18_G24_Z16,28.566876219149,28.5560724175448,28.5560724175448,0.000136445486276258,0.000136394044301555,0.0108038016041974,0.000378193314568827,0,weak_margin
258,cp00p00_cache_boundary_center_t0018,258,18,120,formal_tps30,cache_boundary_center,0,18,double_baseline,391.895940633287,391.895940633287,391.895940633287,0.0012235966949852,0.0012235966949852,0,0,0,reliable
258,cp00p00_cache_boundary_center_t0018,258,18,120,formal_tps30,cache_boundary_center,0,18,float32_all,391.895940633287,391.90625,391.90625,0.0012235966949852,0.00122362894723028,0.0103093667130452,2.63063881100316e-05,0,reliable
258,cp00p00_cache_boundary_center_t0018,258,18,120,formal_tps30,cache_boundary_center,0,18,combined_int16,391.895940633287,391.462938122597,391.462938122597,0.0012235966949852,0.00122223240749231,0.43300251069013,0.00110489154337862,0,reliable
258,cp00p00_cache_boundary_center_t0018,258,18,120,formal_tps30,cache_boundary_center,0,18,combined_int18,391.895940633287,391.451255814172,391.451255814172,0.0012235966949852,0.00122220439840805,0.444684819114627,0.00113470126379986,0,reliable
258,cp00p00_cache_boundary_center_t0018,258,18,120,formal_tps30,cache_boundary_center,0,18,combined_int24,391.895940633287,391.887236883544,391.887236883544,0.0012235966949852,0.00122356947016634,0.00870374974329025,2.2209338859763e-05,0,reliable
258,cp00p00_cache_boundary_center_t0018,258,18,120,formal_tps30,cache_boundary_center,0,18,mixed_Z16_G24_Rz24,391.895940633287,391.84905245257,391.84905245257,0.0012235966949852,0.00122344996897661,0.0468881807173602,0.000119644466440737,0,reliable
258,cp00p00_cache_boundary_center_t0018,258,18,120,formal_tps30,cache_boundary_center,0,18,combined_int14,391.895940633287,391.503552854439,391.503552854439,0.0012235966949852,0.00122234445666785,0.392387778847478,0.00100125502247713,0,reliable
258,cp00p00_cache_boundary_center_t0018,258,18,120,formal_tps30,cache_boundary_center,0,18,W_int18_G24_Z16,391.895940633287,391.849282332143,391.849282332143,0.0012235966949852,0.0012234499689766,0.046658301143907,0.000119057883244489,0,reliable
378,cp04p00_hard_phase_t0018,378,18,120,formal_tps30,hard_phase,3.75,18,double_baseline,844.372940883943,844.372940883943,844.372940883943,0.00253551629055025,0.00253551629055025,0,0,0,reliable
378,cp04p00_hard_phase_t0018,378,18,120,formal_tps30,hard_phase,3.75,18,float32_all,844.372940883943,844.421875,844.421875,0.00253551629055025,0.00253566353068543,0.0489341160573531,5.79532025340909e-05,0,reliable
378,cp04p00_hard_phase_t0018,378,18,120,formal_tps30,hard_phase,3.75,18,combined_int16,844.372940883943,845.690460042504,845.690460042504,0.00253551629055025,0.00253946885326155,1.31751915856148,0.00156035217943178,0,reliable
378,cp04p00_hard_phase_t0018,378,18,120,formal_tps30,hard_phase,3.75,18,combined_int18,844.372940883943,844.393690531258,844.393690531258,0.00253551629055025,0.00253557647076821,0.0207496473158244,2.45740315814744e-05,0,reliable
378,cp04p00_hard_phase_t0018,378,18,120,formal_tps30,hard_phase,3.75,18,combined_int24,844.372940883943,844.366674978257,844.366674978257,0.00253551629055025,0.00253549747253968,0.00626590568572283,7.42077982646304e-06,0,reliable
378,cp04p00_hard_phase_t0018,378,18,120,formal_tps30,hard_phase,3.75,18,mixed_Z16_G24_Rz24,844.372940883943,844.407658327516,844.407658327516,0.00253551629055025,0.00253561728713395,0.0347174435737543,4.11162436558067e-05,0,reliable
378,cp04p00_hard_phase_t0018,378,18,120,formal_tps30,hard_phase,3.75,18,combined_int14,844.372940883943,835.572099138401,835.572099138401,0.00253551629055025,0.00250902637537485,8.80084174554213,0.0104229320000815,0,reliable
378,cp04p00_hard_phase_t0018,378,18,120,formal_tps30,hard_phase,3.75,18,W_int18_G24_Z16,844.372940883943,844.408038404828,844.408038404828,0.00253551629055025,0.00253561728713385,0.0350975208857562,4.1566373324344e-05,0,reliable
498,cp04p00_medium_beta_coherent_t0018,498,18,120,formal_tps30,medium_beta_coherent,3.75,18,double_baseline,177.702608634077,177.702608634077,177.702608634077,0.000482340433150405,0.000482340433150405,0,0,0,weak_margin
498,cp04p00_medium_beta_coherent_t0018,498,18,120,formal_tps30,medium_beta_coherent,3.75,18,float32_all,177.702608634077,177.734375,177.734375,0.000482340433150405,0.00048242667019188,0.0317663659225218,0.000178761393356552,0,weak_margin
498,cp04p00_medium_beta_coherent_t0018,498,18,120,formal_tps30,medium_beta_coherent,3.75,18,combined_int16,177.702608634077,179.984198657563,179.984198657563,0.000482340433150405,0.000488534701230452,2.28159002348548,0.012839372708274,0,weak_margin
498,cp04p00_medium_beta_coherent_t0018,498,18,120,formal_tps30,medium_beta_coherent,3.75,18,combined_int18,177.702608634077,177.167428069864,177.167428069864,0.000482340433150405,0.000480886663409883,0.535180564213078,0.00301166408488192,0,weak_margin
498,cp04p00_medium_beta_coherent_t0018,498,18,120,formal_tps30,medium_beta_coherent,3.75,18,combined_int24,177.702608634077,177.715190004499,177.715190004499,0.000482340433150405,0.000482374602133401,0.0125813704216853,7.08001447946814e-05,0,weak_margin
498,cp04p00_medium_beta_coherent_t0018,498,18,120,formal_tps30,medium_beta_coherent,3.75,18,mixed_Z16_G24_Rz24,177.702608634077,177.671323605784,177.671323605784,0.000482340433150405,0.000482255277809005,0.031285028293496,0.000176052723896235,0,weak_margin
498,cp04p00_medium_beta_coherent_t0018,498,18,120,formal_tps30,medium_beta_coherent,3.75,18,combined_int14,177.702608634077,180.007357908733,180.007357908733,0.000482340433150405,0.000488579455233965,2.30474927465548,0.0129696986013378,0,weak_margin
498,cp04p00_medium_beta_coherent_t0018,498,18,120,formal_tps30,medium_beta_coherent,3.75,18,W_int18_G24_Z16,177.702608634077,177.671479907411,177.671479907411,0.000482340433150405,0.000482255277809065,0.0311287266667932,0.000175173155341197,0,weak_margin
618,cp08p00_easy_noncoherent_t0018,618,18,120,formal_tps30,easy_noncoherent,7.5,18,double_baseline,624.596311514237,624.596311514237,624.596311514237,0.00166236591223474,0.00166236591223474,0,0,0,reliable
618,cp08p00_easy_noncoherent_t0018,618,18,120,formal_tps30,easy_noncoherent,7.5,18,float32_all,624.596311514237,624.609375,624.609375,0.00166236591223474,0.00166240111936256,0.0130634857632685,2.0915086308464e-05,0,reliable
618,cp08p00_easy_noncoherent_t0018,618,18,120,formal_tps30,easy_noncoherent,7.5,18,combined_int16,624.596311514237,625.969746578223,625.969746578223,0.00166236591223474,0.00166602980512034,1.37343506398611,0.00219891638593963,0,reliable
618,cp08p00_easy_noncoherent_t0018,618,18,120,formal_tps30,easy_noncoherent,7.5,18,combined_int18,624.596311514237,624.51938119519,624.51938119519,0.00166236591223474,0.00166216417596775,0.0769303190463688,0.000123168064921586,0,reliable
618,cp08p00_easy_noncoherent_t0018,618,18,120,formal_tps30,easy_noncoherent,7.5,18,combined_int24,624.596311514237,624.605688307376,624.605688307376,0.00166236591223474,0.00166239088395563,0.00937679313938133,1.50125656628499e-05,0,reliable
618,cp08p00_easy_noncoherent_t0018,618,18,120,formal_tps30,easy_noncoherent,7.5,18,mixed_Z16_G24_Rz24,624.596311514237,624.583958595147,624.583958595147,0.00166236591223474,0.00166233108097016,0.0123529190896079,1.97774448261793e-05,0,reliable
618,cp08p00_easy_noncoherent_t0018,618,18,120,formal_tps30,easy_noncoherent,7.5,18,combined_int14,624.596311514237,620.294756723277,620.294756723277,0.00166236591223474,0.00165087129318249,4.30155479095993,0.00688693594832713,0,reliable
618,cp08p00_easy_noncoherent_t0018,618,18,120,formal_tps30,easy_noncoherent,7.5,18,W_int18_G24_Z16,624.596311514237,624.606184548989,624.606184548989,0.00166236591223474,0.00166239088395558,0.00987303475267254,1.58070654127574e-05,0,reliable
738,cp08p00_low_snr_hard_t0018,738,18,120,formal_tps30,low_snr_hard,7.5,18,double_baseline,26.5193584993103,26.5193584993103,26.5193584993103,0.000126668673047254,0.000126668673047254,0,0,0,weak_margin
738,cp08p00_low_snr_hard_t0018,738,18,120,formal_tps30,low_snr_hard,7.5,18,float32_all,26.5193584993103,26.515625,26.515625,0.000126668673047254,0.000126650892896258,0.00373349931032863,0.000140783922447661,0,weak_margin
738,cp08p00_low_snr_hard_t0018,738,18,120,formal_tps30,low_snr_hard,7.5,18,combined_int16,26.5193584993103,25.5603841239063,25.5603841239063,0.000126668673047254,0.000122088941794104,0.958974375404068,0.0361612961123855,0,weak_margin
738,cp08p00_low_snr_hard_t0018,738,18,120,formal_tps30,low_snr_hard,7.5,18,combined_int18,26.5193584993103,26.3588678558735,26.3588678558735,0.000126668673047254,0.000125901819472065,0.160490643436788,0.0060518297771404,0,weak_margin
738,cp08p00_low_snr_hard_t0018,738,18,120,formal_tps30,low_snr_hard,7.5,18,combined_int24,26.5193584993103,26.5208767452132,26.5208767452132,0.000126668673047254,0.000126675930005539,0.00151824590284377,5.72504762090402e-05,0,weak_margin
738,cp08p00_low_snr_hard_t0018,738,18,120,formal_tps30,low_snr_hard,7.5,18,mixed_Z16_G24_Rz24,26.5193584993103,26.5208439949929,26.5208439949929,0.000126668673047254,0.000126675930005523,0.00148549568257295,5.6015520986738e-05,0,weak_margin
738,cp08p00_low_snr_hard_t0018,738,18,120,formal_tps30,low_snr_hard,7.5,18,combined_int14,26.5193584993103,25.56230025072,25.56230025072,0.000126668673047254,0.000122100122100127,0.957058248590329,0.0360890422223154,0,weak_margin
738,cp08p00_low_snr_hard_t0018,738,18,120,formal_tps30,low_snr_hard,7.5,18,W_int18_G24_Z16,26.5193584993103,26.5208421703283,26.5208421703283,0.000126668673047254,0.000126675930005508,0.00148367101792246,5.59467159796134e-05,0,weak_margin
858,cp08p00_cache_boundary_center_t0018,858,18,120,formal_tps30,cache_boundary_center,7.5,18,double_baseline,390.267298128427,390.267298128427,390.267298128427,0.00121807725264785,0.00121807725264785,0,0,0,reliable
858,cp08p00_cache_boundary_center_t0018,858,18,120,formal_tps30,cache_boundary_center,7.5,18,float32_all,390.267298128427,390.3125,390.3125,0.00121807725264785,0.00121821854118866,0.0452018715732265,0.000115822852157989,0,reliable
858,cp08p00_cache_boundary_center_t0018,858,18,120,formal_tps30,cache_boundary_center,7.5,18,combined_int16,390.267298128427,391.592756434955,391.592756434955,0.00121807725264785,0.00122223240749224,1.32545830652816,0.00339628329835617,0,reliable
858,cp08p00_cache_boundary_center_t0018,858,18,120,formal_tps30,cache_boundary_center,7.5,18,combined_int18,390.267298128427,390.363185587863,390.363185587863,0.00121807725264785,0.00121838035619484,0.0958874594361987,0.000245696884919742,0,reliable
858,cp08p00_cache_boundary_center_t0018,858,18,120,formal_tps30,cache_boundary_center,7.5,18,combined_int24,390.267298128427,390.265768936311,390.265768936311,0.00121807725264785,0.0012180724449646,0.00152919211541303,3.91831988677106e-06,0,reliable
858,cp08p00_cache_boundary_center_t0018,858,18,120,formal_tps30,cache_boundary_center,7.5,18,mixed_Z16_G24_Rz24,390.267298128427,390.245839727926,390.245839727926,0.00121807725264785,0.00121801269502235,0.0214584005007055,5.49838549210036e-05,0,reliable
858,cp08p00_cache_boundary_center_t0018,858,18,120,formal_tps30,cache_boundary_center,7.5,18,combined_int14,390.267298128427,391.620705824782,391.620705824782,0.00121807725264785,0.00122234445666783,1.35340769635513,0.00346789931630337,0,reliable
858,cp08p00_cache_boundary_center_t0018,858,18,120,formal_tps30,cache_boundary_center,7.5,18,W_int18_G24_Z16,390.267298128427,390.245892397274,390.245892397274,0.00121807725264785,0.0012180126950223,0.0214057311532088,5.48488978089184e-05,0,reliable
978,cp15p00_hard_phase_t0018,978,18,120,formal_tps30,hard_phase,15,18,double_baseline,843.984154585574,843.984154585574,843.984154585574,0.00254722242530777,0.00254722242530777,0,0,0,reliable
978,cp15p00_hard_phase_t0018,978,18,120,formal_tps30,hard_phase,15,18,float32_all,843.984154585574,843.984375,843.984375,0.00254722242530777,0.0025472238513902,0.000220414425712079,2.61159435890488e-07,0,reliable
978,cp15p00_hard_phase_t0018,978,18,120,formal_tps30,hard_phase,15,18,combined_int16,843.984154585574,846.495611844613,846.495611844613,0.00254722242530777,0.00255480594183614,2.51145725903916,0.00297571612617819,0,reliable
978,cp15p00_hard_phase_t0018,978,18,120,formal_tps30,hard_phase,15,18,combined_int18,843.984154585574,843.936119243997,843.936119243997,0.00254722242530777,0.00254707889060558,0.0480353415769059,5.69149803535031e-05,0,reliable
978,cp15p00_hard_phase_t0018,978,18,120,formal_tps30,hard_phase,15,18,combined_int24,843.984154585574,843.989775101509,843.989775101509,0.00254722242530777,0.00254723943889388,0.00562051593442447,6.65950409600325e-06,0,reliable
978,cp15p00_hard_phase_t0018,978,18,120,formal_tps30,hard_phase,15,18,mixed_Z16_G24_Rz24,843.984154585574,843.952399896662,843.952399896662,0.00254722242530777,0.00254711962152163,0.0317546889127698,3.76247453702048e-05,0,reliable
978,cp15p00_hard_phase_t0018,978,18,120,formal_tps30,hard_phase,15,18,combined_int14,843.984154585574,851.636545336922,851.636545336922,0.00254722242530777,0.00257037943696451,7.65239075134741,0.00906698391168849,0,reliable
978,cp15p00_hard_phase_t0018,978,18,120,formal_tps30,hard_phase,15,18,W_int18_G24_Z16,843.984154585574,843.952916947397,843.952916947397,0.00254722242530777,0.00254711962152164,0.0312376381771173,3.70121145135196e-05,0,reliable
1098,cp15p00_medium_beta_coherent_t0018,1098,18,120,formal_tps30,medium_beta_coherent,15,18,double_baseline,174.419352472498,174.419352472498,174.419352472498,0.000472795938131387,0.000472795938131387,0,0,0,weak_margin
1098,cp15p00_medium_beta_coherent_t0018,1098,18,120,formal_tps30,medium_beta_coherent,15,18,float32_all,174.419352472498,174.4375,174.4375,0.000472795938131387,0.000472845239921522,0.0181475275021512,0.000104045378250173,0,weak_margin
1098,cp15p00_medium_beta_coherent_t0018,1098,18,120,formal_tps30,medium_beta_coherent,15,18,combined_int16,174.419352472498,174.590854694892,174.590854694892,0.000472795938131387,0.000473260766682414,0.171502222394338,0.000983275192592978,0,weak_margin
1098,cp15p00_medium_beta_coherent_t0018,1098,18,120,formal_tps30,medium_beta_coherent,15,18,combined_int18,174.419352472498,174.587347957626,174.587347957626,0.000472795938131387,0.000473249929394143,0.167995485127904,0.000963169985133346,0,weak_margin
1098,cp15p00_medium_beta_coherent_t0018,1098,18,120,formal_tps30,medium_beta_coherent,15,18,combined_int24,174.419352472498,174.409457706235,174.409457706235,0.000472795938131387,0.00047276908510002,0.00989476626273245,5.6729750010353e-05,0,weak_margin
1098,cp15p00_medium_beta_coherent_t0018,1098,18,120,formal_tps30,medium_beta_coherent,15,18,mixed_Z16_G24_Rz24,174.419352472498,174.409474104352,174.409474104352,0.000472795938131387,0.000472769085099981,0.00987836814601906,5.66357345442884e-05,0,weak_margin
1098,cp15p00_medium_beta_coherent_t0018,1098,18,120,formal_tps30,medium_beta_coherent,15,18,combined_int14,174.419352472498,180.237790443818,180.237790443818,0.000472795938131387,0.000488579455233844,5.81843797132024,0.0333589013423134,0,weak_margin
1098,cp15p00_medium_beta_coherent_t0018,1098,18,120,formal_tps30,medium_beta_coherent,15,18,W_int18_G24_Z16,174.419352472498,174.409628685535,174.409628685535,0.000472795938131387,0.00047276908509996,0.00972378696314991,5.57494728956934e-05,0,weak_margin
19,cp00p00_easy_noncoherent_t0019,19,19,120,formal_tps30,easy_noncoherent,0,19,double_baseline,412.603830011038,412.603830011038,412.603830011038,0.000961621410231662,0.000961621410231662,0,0,0,weak_margin
19,cp00p00_easy_noncoherent_t0019,19,19,120,formal_tps30,easy_noncoherent,0,19,float32_all,412.603830011038,412.625,412.625,0.000961621410231662,0.000961670469091114,0.021169988962356,5.13082706037646e-05,0,weak_margin
19,cp00p00_easy_noncoherent_t0019,19,19,120,formal_tps30,easy_noncoherent,0,19,combined_int16,412.603830011038,412.875721743796,412.875721743796,0.000961621410231662,0.000962258099005621,0.271891732758377,0.000658965605702456,0,weak_margin
19,cp00p00_easy_noncoherent_t0019,19,19,120,formal_tps30,easy_noncoherent,0,19,combined_int18,412.603830011038,412.866596119653,412.866596119653,0.000961621410231662,0.000962236053304823,0.262766108615324,0.000636848447597529,0,weak_margin
19,cp00p00_easy_noncoherent_t0019,19,19,120,formal_tps30,easy_noncoherent,0,19,combined_int24,412.603830011038,412.608211982559,412.608211982559,0.000961621410231662,0.000961631625998682,0.00438197152107023,1.06202880398687e-05,0,weak_margin
19,cp00p00_easy_noncoherent_t0019,19,19,120,formal_tps30,easy_noncoherent,0,19,mixed_Z16_G24_Rz24,412.603830011038,412.68464930015,412.68464930015,0.000961621410231662,0.00096181078405805,0.0808192891126964,0.000195876245527179,0,weak_margin
19,cp00p00_easy_noncoherent_t0019,19,19,120,formal_tps30,easy_noncoherent,0,19,combined_int14,412.603830011038,419.472335453553,419.472335453553,0.000961621410231662,0.000977636563607483,6.86850544251502,0.0166467321506232,0,weak_margin
19,cp00p00_easy_noncoherent_t0019,19,19,120,formal_tps30,easy_noncoherent,0,19,W_int18_G24_Z16,412.603830011038,412.684608635405,412.684608635405,0.000961621410231662,0.000961810784058036,0.0807786243676674,0.000195777689134651,0,weak_margin
139,cp00p00_low_snr_hard_t0019,139,19,120,formal_tps30,low_snr_hard,0,19,double_baseline,122.823500941871,122.823500941871,122.823500941871,0.000618365328646012,0.000618365328646012,0,0,0,weak_margin
139,cp00p00_low_snr_hard_t0019,139,19,120,formal_tps30,low_snr_hard,0,19,float32_all,122.823500941871,122.8046875,122.8046875,0.000618365328646012,0.000618270594214326,0.0188134418713162,0.00015317461012791,0,weak_margin
139,cp00p00_low_snr_hard_t0019,139,19,120,formal_tps30,low_snr_hard,0,19,combined_int16,122.823500941871,124.34378173927,124.34378173927,0.000618365328646012,0.00062602110149173,1.5202807973983,0.0123777679820233,0,weak_margin
139,cp00p00_low_snr_hard_t0019,139,19,120,formal_tps30,low_snr_hard,0,19,combined_int18,122.823500941871,122.823740712018,122.823740712018,0.000618365328646012,0.000618367814336927,0.000239770146436058,1.95215202788865e-06,0,weak_margin
139,cp00p00_low_snr_hard_t0019,139,19,120,formal_tps30,low_snr_hard,0,19,combined_int24,122.823500941871,122.823072937827,122.823072937827,0.000618365328646012,0.000618363167407867,0.000428004044806585,3.48470806909458e-06,0,weak_margin
139,cp00p00_low_snr_hard_t0019,139,19,120,formal_tps30,low_snr_hard,0,19,mixed_Z16_G24_Rz24,122.823500941871,122.811410909955,122.811410909955,0.000618365328646012,0.000618303489022088,0.0120900319161592,9.84341907163276e-05,0,weak_margin
139,cp00p00_low_snr_hard_t0019,139,19,120,formal_tps30,low_snr_hard,0,19,combined_int14,122.823500941871,121.323083764641,121.323083764641,0.000618365328646012,0.000610798924993905,1.5004171772307,0.0122160430676928,0,weak_margin
139,cp00p00_low_snr_hard_t0019,139,19,120,formal_tps30,low_snr_hard,0,19,W_int18_G24_Z16,122.823500941871,122.811439618221,122.811439618221,0.000618365328646012,0.000618303489022133,0.0120613236504141,9.82004547820403e-05,0,weak_margin
259,cp00p00_cache_boundary_center_t0019,259,19,120,formal_tps30,cache_boundary_center,0,19,double_baseline,569.653345444531,569.653345444531,569.653345444531,0.00177715034390588,0.00177715034390588,0,0,0,reliable
259,cp00p00_cache_boundary_center_t0019,259,19,120,formal_tps30,cache_boundary_center,0,19,float32_all,569.653345444531,569.640625,569.640625,0.00177715034390588,0.00177711098405894,0.0127204445307143,2.2330149787478e-05,0,reliable
259,cp00p00_cache_boundary_center_t0019,259,19,120,formal_tps30,cache_boundary_center,0,19,combined_int16,569.653345444531,568.391528442909,568.391528442909,0.00177715034390588,0.00177321226573721,1.26181700162124,0.00221506116256822,0,reliable
259,cp00p00_cache_boundary_center_t0019,259,19,120,formal_tps30,cache_boundary_center,0,19,combined_int18,569.653345444531,569.605719576124,569.605719576124,0.00177715034390588,0.00177699988917635,0.0476258684066124,8.36050008087768e-05,0,reliable
259,cp00p00_cache_boundary_center_t0019,259,19,120,formal_tps30,cache_boundary_center,0,19,combined_int24,569.653345444531,569.658344441152,569.658344441152,0.00177715034390588,0.00177716596991387,0.00499899662099779,8.77550647419933e-06,0,reliable
259,cp00p00_cache_boundary_center_t0019,259,19,120,formal_tps30,cache_boundary_center,0,19,mixed_Z16_G24_Rz24,569.653345444531,569.637226215826,569.637226215826,0.00177715034390588,0.00177710615322257,0.0161192287050653,2.82965576064275e-05,0,reliable
259,cp00p00_cache_boundary_center_t0019,259,19,120,formal_tps30,cache_boundary_center,0,19,combined_int14,569.653345444531,568.474187669519,568.474187669519,0.00177715034390588,0.00177337491591759,1.17915777501184,0.00206995672796705,0,reliable
259,cp00p00_cache_boundary_center_t0019,259,19,120,formal_tps30,cache_boundary_center,0,19,W_int18_G24_Z16,569.653345444531,569.637270372041,569.637270372041,0.00177715034390588,0.00177710615322256,0.0160750724899117,2.82190434208149e-05,0,reliable
379,cp04p00_hard_phase_t0019,379,19,120,formal_tps30,hard_phase,3.75,19,double_baseline,419.177466445719,419.177466445719,419.177466445719,0.00147316690883078,0.00147316690883078,0,0,0,reliable
379,cp04p00_hard_phase_t0019,379,19,120,formal_tps30,hard_phase,3.75,19,float32_all,419.177466445719,419.140625,419.140625,0.00147316690883078,0.00147303791487021,0.0368414457188919,8.78898525516583e-05,0,reliable
379,cp04p00_hard_phase_t0019,379,19,120,formal_tps30,hard_phase,3.75,19,combined_int16,419.177466445719,417.435529306822,417.435529306822,0.00147316690883078,0.00146703750114611,1.7419371388969,0.00415560777554934,0,reliable
379,cp04p00_hard_phase_t0019,379,19,120,formal_tps30,hard_phase,3.75,19,combined_int18,419.177466445719,419.600401419651,419.600401419651,0.00147316690883078,0.00147465578630477,0.42293497393257,0.00100896400161657,0,reliable
379,cp04p00_hard_phase_t0019,379,19,120,formal_tps30,hard_phase,3.75,19,combined_int24,419.177466445719,419.172717823967,419.172717823967,0.00147316690883078,0.00147315018294241,0.00474862175178714,1.1328428009386e-05,0,reliable
379,cp04p00_hard_phase_t0019,379,19,120,formal_tps30,hard_phase,3.75,19,mixed_Z16_G24_Rz24,419.177466445719,419.189116676047,419.189116676047,0.00147316690883078,0.00147320996334048,0.0116502303280868,2.77930739618977e-05,0,reliable
379,cp04p00_hard_phase_t0019,379,19,120,formal_tps30,hard_phase,3.75,19,combined_int14,419.177466445719,417.469380936935,417.469380936935,0.00147316690883078,0.0014671720259201,1.70808550878428,0.00407485050011739,0,reliable
379,cp04p00_hard_phase_t0019,379,19,120,formal_tps30,hard_phase,3.75,19,W_int18_G24_Z16,419.177466445719,419.18913460421,419.18913460421,0.00147316690883078,0.00147320996334043,0.0116681584913749,2.78358438260323e-05,0,reliable
499,cp04p00_medium_beta_coherent_t0019,499,19,120,formal_tps30,medium_beta_coherent,3.75,19,double_baseline,464.522524016618,464.522524016618,464.522524016618,0.00143699129212759,0.00143699129212759,0,0,0,reliable
499,cp04p00_medium_beta_coherent_t0019,499,19,120,formal_tps30,medium_beta_coherent,3.75,19,float32_all,464.522524016618,464.46875,464.46875,0.00143699129212759,0.00143682480568837,0.053774016618263,0.000115761914305665,0,reliable
499,cp04p00_medium_beta_coherent_t0019,499,19,120,formal_tps30,medium_beta_coherent,3.75,19,combined_int16,464.522524016618,464.336137439561,464.336137439561,0.00143699129212759,0.00143643031784842,0.186386577057419,0.000401243357255915,0,reliable
499,cp04p00_medium_beta_coherent_t0019,499,19,120,formal_tps30,medium_beta_coherent,3.75,19,combined_int18,464.522524016618,464.330933145509,464.330933145509,0.00143699129212759,0.00143639739309152,0.191590871108929,0.00041244689160019,0,reliable
499,cp04p00_medium_beta_coherent_t0019,499,19,120,formal_tps30,medium_beta_coherent,3.75,19,combined_int24,464.522524016618,464.520293332142,464.520293332142,0.00143699129212759,0.0014369843503964,0.00223068447667174,4.80210186017145e-06,0,reliable
499,cp04p00_medium_beta_coherent_t0019,499,19,120,formal_tps30,medium_beta_coherent,3.75,19,mixed_Z16_G24_Rz24,464.522524016618,464.538608158648,464.538608158648,0.00143699129212759,0.00143704412647679,0.0160841420292854,3.46251068521061e-05,0,reliable
499,cp04p00_medium_beta_coherent_t0019,499,19,120,formal_tps30,medium_beta_coherent,3.75,19,combined_int14,464.522524016618,454.500280616572,454.500280616572,0.00143699129212759,0.0014059539091631,10.0222434000461,0.0215753658474645,0,reliable
499,cp04p00_medium_beta_coherent_t0019,499,19,120,formal_tps30,medium_beta_coherent,3.75,19,W_int18_G24_Z16,464.522524016618,464.538563903072,464.538563903072,0.00143699129212759,0.00143704412647689,0.0160398864536546,3.45298357439408e-05,0,reliable
619,cp08p00_easy_noncoherent_t0019,619,19,120,formal_tps30,easy_noncoherent,7.5,19,double_baseline,260.961209414207,260.961209414207,260.961209414207,0.00061333570731345,0.00061333570731345,0,0,0,weak_margin
619,cp08p00_easy_noncoherent_t0019,619,19,120,formal_tps30,easy_noncoherent,7.5,19,float32_all,260.961209414207,260.9375,260.9375,0.00061333570731345,0.000613279971855223,0.023709414206678,9.0854170471925e-05,0,weak_margin
619,cp08p00_easy_noncoherent_t0019,619,19,120,formal_tps30,easy_noncoherent,7.5,19,combined_int16,260.961209414207,259.860869188298,259.860869188298,0.00061333570731345,0.00061074296882153,1.10034022590844,0.00421648960157117,0,weak_margin
619,cp08p00_easy_noncoherent_t0019,619,19,120,formal_tps30,easy_noncoherent,7.5,19,combined_int18,260.961209414207,261.477336206881,261.477336206881,0.00061333570731345,0.000614548383279715,0.516126792674186,0.00197779123507575,0,weak_margin
619,cp08p00_easy_noncoherent_t0019,619,19,120,formal_tps30,easy_noncoherent,7.5,19,combined_int24,260.961209414207,260.967377221823,260.967377221823,0.00061333570731345,0.000613350207819774,0.00616780761629343,2.363495950275e-05,0,weak_margin
619,cp08p00_easy_noncoherent_t0019,619,19,120,formal_tps30,easy_noncoherent,7.5,19,mixed_Z16_G24_Rz24,260.961209414207,260.992681032658,260.992681032658,0.00061333570731345,0.000613409885614765,0.0314716184511781,0.0001205988373591,0,weak_margin
619,cp08p00_easy_noncoherent_t0019,619,19,120,formal_tps30,easy_noncoherent,7.5,19,combined_int14,260.961209414207,259.87670643357,259.87670643357,0.00061333570731345,0.000610798924993871,1.0845029806369,0.00415580148126742,0,weak_margin
619,cp08p00_easy_noncoherent_t0019,619,19,120,formal_tps30,easy_noncoherent,7.5,19,W_int18_G24_Z16,260.961209414207,260.992732525745,260.992732525745,0.00061333570731345,0.000613409885614732,0.031523111538263,0.000120796158206902,0,weak_margin
739,cp08p00_low_snr_hard_t0019,739,19,120,formal_tps30,low_snr_hard,7.5,19,double_baseline,120.834255002337,120.834255002337,120.834255002337,0.000608505128238845,0.000608505128238845,0,0,0,weak_margin
739,cp08p00_low_snr_hard_t0019,739,19,120,formal_tps30,low_snr_hard,7.5,19,float32_all,120.834255002337,120.8125,120.8125,0.000608505128238845,0.000608395511847739,0.0217550023371587,0.000180040025378051,0,weak_margin
739,cp08p00_low_snr_hard_t0019,739,19,120,formal_tps30,low_snr_hard,7.5,19,combined_int16,120.834255002337,118.244815789076,118.244815789076,0.000608505128238845,0.000595465302694899,2.58943921326136,0.0214296783077884,0,weak_margin
739,cp08p00_low_snr_hard_t0019,739,19,120,formal_tps30,low_snr_hard,7.5,19,combined_int18,120.834255002337,121.275523190285,121.275523190285,0.000608505128238845,0.000610728981380376,0.441268187947571,0.00365184680402951,0,weak_margin
739,cp08p00_low_snr_hard_t0019,739,19,120,formal_tps30,low_snr_hard,7.5,19,combined_int24,120.834255002337,120.836477126446,120.836477126446,0.000608505128238845,0.000608516330072175,0.00222212410881184,1.83898523541099e-05,0,weak_margin
739,cp08p00_low_snr_hard_t0019,739,19,120,formal_tps30,low_snr_hard,7.5,19,mixed_Z16_G24_Rz24,120.834255002337,120.836527285384,120.836527285384,0.000608505128238845,0.000608516330072186,0.00227228304720484,1.88049576435166e-05,0,weak_margin
739,cp08p00_low_snr_hard_t0019,739,19,120,formal_tps30,low_snr_hard,7.5,19,combined_int14,120.834255002337,121.299267114373,121.299267114373,0.000608505128238845,0.000610798924993887,0.465012112035765,0.00384834674593534,0,weak_margin
739,cp08p00_low_snr_hard_t0019,739,19,120,formal_tps30,low_snr_hard,7.5,19,W_int18_G24_Z16,120.834255002337,120.836408322852,120.836408322852,0.000608505128238845,0.000608516330072161,0.00215332051448058,1.78204476407699e-05,0,weak_margin
859,cp08p00_cache_boundary_center_t0019,859,19,120,formal_tps30,cache_boundary_center,7.5,19,double_baseline,562.188646012277,562.188646012277,562.188646012277,0.00175207067939367,0.00175207067939367,0,0,0,reliable
859,cp08p00_cache_boundary_center_t0019,859,19,120,formal_tps30,cache_boundary_center,7.5,19,float32_all,562.188646012277,562.234375,562.234375,0.00175207067939367,0.00175221354342301,0.0457289877231233,8.13410018994312e-05,0,reliable
859,cp08p00_cache_boundary_center_t0019,859,19,120,formal_tps30,cache_boundary_center,7.5,19,combined_int16,562.188646012277,564.055636205041,564.055636205041,0.00175207067939367,0.00175789908130661,1.86699019276421,0.00332093187225883,0,reliable
859,cp08p00_cache_boundary_center_t0019,859,19,120,formal_tps30,cache_boundary_center,7.5,19,combined_int18,562.188646012277,562.818115145434,562.818115145434,0.00175207067939367,0.00175403064012564,0.629469133156817,0.00111967599776654,0,reliable
859,cp08p00_cache_boundary_center_t0019,859,19,120,formal_tps30,cache_boundary_center,7.5,19,combined_int24,562.188646012277,562.179977462103,562.179977462103,0.00175207067939367,0.00175204358810742,0.00866855017375201,1.54192907225001e-05,0,reliable
859,cp08p00_cache_boundary_center_t0019,859,19,120,formal_tps30,cache_boundary_center,7.5,19,mixed_Z16_G24_Rz24,562.188646012277,562.197265383496,562.197265383496,0.00175207067939367,0.00175210340180579,0.00861937121953815,1.53318130500806e-05,0,reliable
859,cp08p00_cache_boundary_center_t0019,859,19,120,formal_tps30,cache_boundary_center,7.5,19,combined_int14,562.188646012277,569.040174759051,569.040174759051,0.00175207067939367,0.00177337491591757,6.85152874677442,0.0121872414097541,0,reliable
859,cp08p00_cache_boundary_center_t0019,859,19,120,formal_tps30,cache_boundary_center,7.5,19,W_int18_G24_Z16,562.188646012277,562.197307999479,562.197307999479,0.00175207067939367,0.00175210340180572,0.00866198720177636,1.54076167550122e-05,0,reliable
979,cp15p00_hard_phase_t0019,979,19,120,formal_tps30,hard_phase,15,19,double_baseline,425.877329066396,425.877329066396,425.877329066396,0.00149650230354122,0.00149650230354122,0,0,0,reliable
979,cp15p00_hard_phase_t0019,979,19,120,formal_tps30,hard_phase,15,19,float32_all,425.877329066396,425.890625,425.890625,0.00149650230354122,0.00149654973278486,0.0132959336042404,3.12201018856478e-05,0,reliable
979,cp15p00_hard_phase_t0019,979,19,120,formal_tps30,hard_phase,15,19,combined_int16,425.877329066396,426.207148892368,426.207148892368,0.00149650230354122,0.00149764655541298,0.329819825972663,0.000774447953582528,0,reliable
979,cp15p00_hard_phase_t0019,979,19,120,formal_tps30,hard_phase,15,19,combined_int18,425.877329066396,426.193766431854,426.193766431854,0.00149650230354122,0.00149761222540591,0.316437365458114,0.000743024678378173,0,reliable
979,cp15p00_hard_phase_t0019,979,19,120,formal_tps30,hard_phase,15,19,combined_int24,425.877329066396,425.866748802917,425.866748802917,0.00149650230354122,0.00149646507954655,0.0105802634789143,2.48434531655118e-05,0,reliable
979,cp15p00_hard_phase_t0019,979,19,120,formal_tps30,hard_phase,15,19,mixed_Z16_G24_Rz24,425.877329066396,425.883454483817,425.883454483817,0.00149650230354122,0.00149652486272798,0.00612541742157191,1.43830558790251e-05,0,reliable
979,cp15p00_hard_phase_t0019,979,19,120,formal_tps30,hard_phase,15,19,combined_int14,425.877329066396,434.950732416095,434.950732416095,0.00149650230354122,0.00152839762792696,9.07340334969922,0.0213052039412144,0,reliable
979,cp15p00_hard_phase_t0019,979,19,120,formal_tps30,hard_phase,15,19,W_int18_G24_Z16,425.877329066396,425.883498962474,425.883498962474,0.00149650230354122,0.00149652486272802,0.00616989607806318,1.44874959453436e-05,0,reliable
1099,cp15p00_medium_beta_coherent_t0019,1099,19,120,formal_tps30,medium_beta_coherent,15,19,double_baseline,467.449950675131,467.449950675131,467.449950675131,0.00144700842910097,0.00144700842910097,0,0,0,reliable
1099,cp15p00_medium_beta_coherent_t0019,1099,19,120,formal_tps30,medium_beta_coherent,15,19,float32_all,467.449950675131,467.46875,467.46875,0.00144700842910097,0.00144706670804368,0.0187993248691782,4.02167651146966e-05,0,reliable
1099,cp15p00_medium_beta_coherent_t0019,1099,19,120,formal_tps30,medium_beta_coherent,15,19,combined_int16,467.449950675131,468.979543520254,468.979543520254,0.00144700842910097,0.00145173367563679,1.52959284512326,0.00327220666707547,0,reliable
1099,cp15p00_medium_beta_coherent_t0019,1099,19,120,formal_tps30,medium_beta_coherent,15,19,combined_int18,467.449950675131,467.728029655758,467.728029655758,0.00144700842910097,0.00144787460412669,0.27807898062747,0.000594885035768737,0,reliable
1099,cp15p00_medium_beta_coherent_t0019,1099,19,120,formal_tps30,medium_beta_coherent,15,19,combined_int24,467.449950675131,467.455865471566,467.455865471566,0.00144700842910097,0.00144702683201518,0.00591479643480852,1.26533256154287e-05,0,reliable
1099,cp15p00_medium_beta_coherent_t0019,1099,19,120,formal_tps30,medium_beta_coherent,15,19,mixed_Z16_G24_Rz24,467.449950675131,467.43888794916,467.43888794916,0.00144700842910097,0.0014469670547431,0.0110627259709872,2.36661185973162e-05,0,reliable
1099,cp15p00_medium_beta_coherent_t0019,1099,19,120,formal_tps30,medium_beta_coherent,15,19,combined_int14,467.449950675131,473.958580298,473.958580298,0.00144700842910097,0.00146717202592001,6.50862962286919,0.0139236930359472,0,reliable
1099,cp15p00_medium_beta_coherent_t0019,1099,19,120,formal_tps30,medium_beta_coherent,15,19,W_int18_G24_Z16,467.449950675131,467.419649594493,467.419649594493,0.00144700842910097,0.00144690727747799,0.0303010806383099,6.48220854329893e-05,0,reliable
20,cp00p00_easy_noncoherent_t0020,20,20,120,formal_tps30,easy_noncoherent,0,20,double_baseline,672.553819837456,672.553819837456,672.553819837456,0.00180471572428058,0.00180471572428058,0,0,0,reliable
20,cp00p00_easy_noncoherent_t0020,20,20,120,formal_tps30,easy_noncoherent,0,20,float32_all,672.553819837456,672.5625,672.5625,0.00180471572428058,0.00180473931487326,0.00868016254389659,1.29062720155161e-05,0,reliable
20,cp00p00_easy_noncoherent_t0020,20,20,120,formal_tps30,easy_noncoherent,0,20,combined_int16,672.553819837456,672.227341758466,672.227341758466,0.00180471572428058,0.00180384003913414,0.326478078990476,0.000485430413687012,0,reliable
20,cp00p00_easy_noncoherent_t0020,20,20,120,formal_tps30,easy_noncoherent,0,20,combined_int18,672.553819837456,672.214921744104,672.214921744104,0.00180471572428058,0.00180379867772386,0.338898093352327,0.000503897358629578,0,reliable
20,cp00p00_easy_noncoherent_t0020,20,20,120,formal_tps30,easy_noncoherent,0,20,combined_int24,672.553819837456,672.563692717609,672.563692717609,0.00180471572428058,0.00180474222531934,0.00987288015312515,1.46796878731746e-05,0,reliable
20,cp00p00_easy_noncoherent_t0020,20,20,120,formal_tps30,easy_noncoherent,0,20,mixed_Z16_G24_Rz24,672.553819837456,672.561796206865,672.561796206865,0.00180471572428058,0.00180474222531931,0.00797636940842494,1.18598232188358e-05,0,reliable
20,cp00p00_easy_noncoherent_t0020,20,20,120,formal_tps30,easy_noncoherent,0,20,combined_int14,672.553819837456,660.898104334134,660.898104334134,0.00180471572428058,0.00177337491591756,11.6557155033224,0.01733053201027,0,reliable
20,cp00p00_easy_noncoherent_t0020,20,20,120,formal_tps30,easy_noncoherent,0,20,W_int18_G24_Z16,672.553819837456,672.561711469141,672.561711469141,0.00180471572428058,0.00180474222531928,0.00789163168519735,1.17338292526606e-05,0,reliable
140,cp00p00_low_snr_hard_t0020,140,20,120,formal_tps30,low_snr_hard,0,20,double_baseline,24.6514641512622,24.6514641512622,24.6514641512622,0.000117714109107948,0.000117714109107948,0,0,0,weak_margin
140,cp00p00_low_snr_hard_t0020,140,20,120,formal_tps30,low_snr_hard,0,20,float32_all,24.6514641512622,24.6484375,24.6484375,0.000117714109107948,0.000117699642375885,0.00302665126218926,0.000122777748356756,0,weak_margin
140,cp00p00_low_snr_hard_t0020,140,20,120,formal_tps30,low_snr_hard,0,20,combined_int16,24.6514641512622,25.5675327200443,25.5675327200443,0.000117714109107948,0.000122088941794122,0.916068568782066,0.0371608178386906,0,weak_margin
140,cp00p00_low_snr_hard_t0020,140,20,120,formal_tps30,low_snr_hard,0,20,combined_int18,24.6514641512622,24.768018509305,24.768018509305,0.000117714109107948,0.000118270503717932,0.116554358042777,0.00472809068571324,0,weak_margin
140,cp00p00_low_snr_hard_t0020,140,20,120,formal_tps30,low_snr_hard,0,20,combined_int24,24.6514641512622,24.6554278431286,24.6554278431286,0.000117714109107948,0.00011773304690323,0.00396369186637457,0.000160789308174688,0,weak_margin
140,cp00p00_low_snr_hard_t0020,140,20,120,formal_tps30,low_snr_hard,0,20,mixed_Z16_G24_Rz24,24.6514641512622,24.6679201309598,24.6679201309598,0.000117714109107948,0.000117792665594352,0.0164559796976391,0.000667545732645521,0,weak_margin
140,cp00p00_low_snr_hard_t0020,140,20,120,formal_tps30,low_snr_hard,0,20,combined_int14,24.6514641512622,25.5695881188294,25.5695881188294,0.000117714109107948,0.000122100122100148,0.918123967567226,0.0372441962040708,0,weak_margin
140,cp00p00_low_snr_hard_t0020,140,20,120,formal_tps30,low_snr_hard,0,20,W_int18_G24_Z16,24.6514641512622,24.6679110993573,24.6679110993573,0.000117714109107948,0.000117792665594424,0.0164469480951084,0.000667179360795341,0,weak_margin
260,cp00p00_cache_boundary_center_t0020,260,20,120,formal_tps30,cache_boundary_center,0,20,double_baseline,389.558325636346,389.558325636346,389.558325636346,0.00121327506487365,0.00121327506487365,0,0,0,reliable
260,cp00p00_cache_boundary_center_t0020,260,20,120,formal_tps30,cache_boundary_center,0,20,float32_all,389.558325636346,389.5625,389.5625,0.00121327506487365,0.00121328808370267,0.00417436365387402,1.07156319841327e-05,0,reliable
260,cp00p00_cache_boundary_center_t0020,260,20,120,formal_tps30,cache_boundary_center,0,20,combined_int16,389.558325636346,387.520216295175,387.520216295175,0.00121327506487365,0.001206936062944,2.03810934117064,0.00523184644517961,0,reliable
260,cp00p00_cache_boundary_center_t0020,260,20,120,formal_tps30,cache_boundary_center,0,20,combined_int18,389.558325636346,389.969111525163,389.969111525163,0.00121327506487365,0.00121455634319236,0.410785888816463,0.00105449136055671,0,reliable
260,cp00p00_cache_boundary_center_t0020,260,20,120,formal_tps30,cache_boundary_center,0,20,combined_int24,389.558325636346,389.563890978025,389.563890978025,0.00121327506487365,0.00121329247211426,0.00556534167844802,1.4286286063472e-05,0,reliable
260,cp00p00_cache_boundary_center_t0020,260,20,120,formal_tps30,cache_boundary_center,0,20,mixed_Z16_G24_Rz24,389.558325636346,389.505767778086,389.505767778086,0.00121327506487365,0.00121311322402031,0.0525578582601156,0.000134916531880719,0,reliable
260,cp00p00_cache_boundary_center_t0020,260,20,120,formal_tps30,cache_boundary_center,0,20,combined_int14,389.558325636346,392.471515289944,392.471515289944,0.00121327506487365,0.00122234445666791,2.91318965359824,0.00747818609405799,0,reliable
260,cp00p00_cache_boundary_center_t0020,260,20,120,formal_tps30,cache_boundary_center,0,20,W_int18_G24_Z16,389.558325636346,389.505736040563,389.505736040563,0.00121327506487365,0.00121311322402017,0.0525895957835019,0.000134998002411055,0,reliable
380,cp04p00_hard_phase_t0020,380,20,120,formal_tps30,hard_phase,3.75,20,double_baseline,846.980793325725,846.980793325725,846.980793325725,0.00256038753549738,0.00256038753549738,0,0,0,reliable
380,cp04p00_hard_phase_t0020,380,20,120,formal_tps30,hard_phase,3.75,20,float32_all,846.980793325725,846.984375,846.984375,0.00256038753549738,0.00256039931781255,0.00358167427475564,4.2287550118958e-06,0,reliable
380,cp04p00_hard_phase_t0020,380,20,120,formal_tps30,hard_phase,3.75,20,combined_int16,846.980793325725,845.144657085009,845.144657085009,0.00256038753549738,0.00255480594183615,1.83613624071586,0.00216786054085849,0,reliable
380,cp04p00_hard_phase_t0020,380,20,120,formal_tps30,hard_phase,3.75,20,combined_int18,846.980793325725,846.383658334496,846.383658334496,0.00256038753549738,0.00255858157438813,0.597134991228813,0.000705015976671825,0,reliable
380,cp04p00_hard_phase_t0020,380,20,120,formal_tps30,hard_phase,3.75,20,combined_int24,846.980793325725,846.971589323337,846.971589323337,0.00256038753549738,0.00256035961441749,0.00920400238828734,1.08668371949111e-05,0,reliable
380,cp04p00_hard_phase_t0020,380,20,120,formal_tps30,hard_phase,3.75,20,mixed_Z16_G24_Rz24,846.980793325725,846.93163128139,846.93163128139,0.00256038753549738,0.00256023979390915,0.0491620443353895,5.80438715054583e-05,0,reliable
380,cp04p00_hard_phase_t0020,380,20,120,formal_tps30,hard_phase,3.75,20,combined_int14,846.980793325725,850.290206928272,850.290206928272,0.00256038753549738,0.00257037943696447,3.30941360254656,0.00390730655125239,0,reliable
380,cp04p00_hard_phase_t0020,380,20,120,formal_tps30,hard_phase,3.75,20,W_int18_G24_Z16,846.980793325725,846.951165927254,846.951165927254,0.00256038753549738,0.00256029970415967,0.029627398471348,3.4980012185417e-05,0,reliable
500,cp04p00_medium_beta_coherent_t0020,500,20,120,formal_tps30,medium_beta_coherent,3.75,20,double_baseline,166.704833258991,166.704833258991,166.704833258991,0.000449797962047722,0.000449797962047722,0,0,0,weak_margin
500,cp04p00_medium_beta_coherent_t0020,500,20,120,formal_tps30,medium_beta_coherent,3.75,20,float32_all,166.704833258991,166.671875,166.671875,0.000449797962047722,0.000449709042423284,0.0329582589911297,0.000197704279754901,0,weak_margin
500,cp04p00_medium_beta_coherent_t0020,500,20,120,formal_tps30,medium_beta_coherent,3.75,20,combined_int16,166.704833258991,169.736265440413,169.736265440413,0.000449797962047722,0.00045798729848563,3.03143218142213,0.0181844288624345,0,weak_margin
500,cp04p00_medium_beta_coherent_t0020,500,20,120,formal_tps30,medium_beta_coherent,3.75,20,combined_int18,166.704833258991,166.906298517482,166.906298517482,0.000449797962047722,0.000450340426831093,0.201465258491226,0.00120851480159685,0,weak_margin
500,cp04p00_medium_beta_coherent_t0020,500,20,120,formal_tps30,medium_beta_coherent,3.75,20,combined_int24,166.704833258991,166.705626389943,166.705626389943,0.000449797962047722,0.000449800118320705,0.000793130951933563,4.75769620129347e-06,0,weak_margin
500,cp04p00_medium_beta_coherent_t0020,500,20,120,formal_tps30,medium_beta_coherent,3.75,20,mixed_Z16_G24_Rz24,166.704833258991,166.727247239935,166.727247239935,0.000449797962047722,0.000449859776608585,0.0224139809433836,0.0001344530959613,0,weak_margin
500,cp04p00_medium_beta_coherent_t0020,500,20,120,formal_tps30,medium_beta_coherent,3.75,20,combined_int14,166.704833258991,158.442711635929,158.442711635929,0.000449797962047722,0.000427480916030546,8.26212162306183,0.0495613802044112,0,weak_margin
500,cp04p00_medium_beta_coherent_t0020,500,20,120,formal_tps30,medium_beta_coherent,3.75,20,W_int18_G24_Z16,166.704833258991,166.727258312196,166.727258312196,0.000449797962047722,0.000449859776608649,0.0224250532046426,0.000134519514319079,0,weak_margin
620,cp08p00_easy_noncoherent_t0020,620,20,120,formal_tps30,easy_noncoherent,7.5,20,double_baseline,721.705957075785,721.705957075785,721.705957075785,0.00195075060892489,0.00195075060892489,0,0,0,reliable
620,cp08p00_easy_noncoherent_t0020,620,20,120,formal_tps30,easy_noncoherent,7.5,20,float32_all,721.705957075785,721.6875,721.6875,0.00195075060892489,0.0019507010030813,0.0184570757846814,2.55742322807836e-05,0,reliable
620,cp08p00_easy_noncoherent_t0020,620,20,120,formal_tps30,easy_noncoherent,7.5,20,combined_int16,721.705957075785,718.35676933144,718.35676933144,0.00195075060892489,0.00194168819851082,3.34918774434482,0.00464065414939221,0,reliable
620,cp08p00_easy_noncoherent_t0020,620,20,120,formal_tps30,easy_noncoherent,7.5,20,combined_int18,721.705957075785,722.585079912591,722.585079912591,0.00195075060892489,0.00195313246518947,0.879122836806346,0.00121811775029319,0,reliable
620,cp08p00_easy_noncoherent_t0020,620,20,120,formal_tps30,easy_noncoherent,7.5,20,combined_int24,721.705957075785,721.696249199653,721.696249199653,0.00195075060892489,0.00195072426550724,0.00970787613186985,1.34512900117997e-05,0,reliable
620,cp08p00_easy_noncoherent_t0020,620,20,120,formal_tps30,easy_noncoherent,7.5,20,mixed_Z16_G24_Rz24,721.705957075785,721.760617200984,721.760617200984,0.00195075060892489,0.00195090377780893,0.0546601251990069,7.5737389532545e-05,0,reliable
620,cp08p00_easy_noncoherent_t0020,620,20,120,formal_tps30,easy_noncoherent,7.5,20,combined_int14,721.705957075785,724.106043608015,724.106043608015,0.00195075060892489,0.00195718654434252,2.40008653223049,0.00332557395252103,0,reliable
620,cp08p00_easy_noncoherent_t0020,620,20,120,formal_tps30,easy_noncoherent,7.5,20,W_int18_G24_Z16,721.705957075785,721.760467328393,721.760467328393,0.00195075060892489,0.00195090377780898,0.054510252608452,7.55297251935084e-05,0,reliable
740,cp08p00_low_snr_hard_t0020,740,20,120,formal_tps30,low_snr_hard,7.5,20,double_baseline,29.3721774760925,29.3721774760925,29.3721774760925,0.000140040347525662,0.000140040347525662,0,0,0,weak_margin
740,cp08p00_low_snr_hard_t0020,740,20,120,formal_tps30,low_snr_hard,7.5,20,float32_all,29.3721774760925,29.3671875,29.3671875,0.000140040347525662,0.000140016536031127,0.00498997609247454,0.000169887850382769,0,weak_margin
740,cp08p00_low_snr_hard_t0020,740,20,120,formal_tps30,low_snr_hard,7.5,20,combined_int16,29.3721774760925,28.8087710336695,28.8087710336695,0.000140040347525662,0.000137352155665807,0.563406442423002,0.0191816368698435,0,weak_margin
740,cp08p00_low_snr_hard_t0020,740,20,120,formal_tps30,low_snr_hard,7.5,20,combined_int18,29.3721774760925,29.6078897548869,29.6078897548869,0.000140040347525662,0.000141164800366213,0.235712278794381,0.00802501888006904,0,weak_margin
740,cp08p00_low_snr_hard_t0020,740,20,120,formal_tps30,low_snr_hard,7.5,20,combined_int24,29.3721774760925,29.3702051512228,29.3702051512228,0.000140040347525662,0.000140030933184869,0.00197232486971188,6.71494264024947e-05,0,weak_margin
740,cp08p00_low_snr_hard_t0020,740,20,120,formal_tps30,low_snr_hard,7.5,20,mixed_Z16_G24_Rz24,29.3721774760925,29.3826994889969,29.3826994889969,0.000140040347525662,0.000140090554534435,0.0105220129044028,0.000358230604897005,0,weak_margin
740,cp08p00_low_snr_hard_t0020,740,20,120,formal_tps30,low_snr_hard,7.5,20,combined_int14,29.3721774760925,25.6106022244494,25.6106022244494,0.000140040347525662,0.000122100122100129,3.76157525164308,0.128065930920676,0,weak_margin
740,cp08p00_low_snr_hard_t0020,740,20,120,formal_tps30,low_snr_hard,7.5,20,W_int18_G24_Z16,29.3721774760925,29.3827066395897,29.3827066395897,0.000140040347525662,0.000140090554534466,0.0105291634972673,0.000358474052726854,0,weak_margin
860,cp08p00_cache_boundary_center_t0020,860,20,120,formal_tps30,cache_boundary_center,7.5,20,double_baseline,385.363116647844,385.363116647844,385.363116647844,0.00119923049159704,0.00119923049159704,0,0,0,reliable
860,cp08p00_cache_boundary_center_t0020,860,20,120,formal_tps30,cache_boundary_center,7.5,20,float32_all,385.363116647844,385.375,385.375,0.00119923049159704,0.00119926756377041,0.0118833521555644,3.08367657468986e-05,0,reliable
860,cp08p00_cache_boundary_center_t0020,860,20,120,formal_tps30,cache_boundary_center,7.5,20,combined_int16,385.363116647844,382.924569197727,382.924569197727,0.00119923049159704,0.00119164018577365,2.43854745011777,0.0063279212378443,0,reliable
860,cp08p00_cache_boundary_center_t0020,860,20,120,formal_tps30,cache_boundary_center,7.5,20,combined_int18,385.363116647844,385.371425735706,385.371425735706,0.00119923049159704,0.00119926058328372,0.00830908786156215,2.15617102483506e-05,0,reliable
860,cp08p00_cache_boundary_center_t0020,860,20,120,formal_tps30,cache_boundary_center,7.5,20,combined_int24,385.363116647844,385.35070722262,385.35070722262,0.00119923049159704,0.00119919181811622,0.0124094252241775,3.22019017598864e-05,0,reliable
860,cp08p00_cache_boundary_center_t0020,860,20,120,formal_tps30,cache_boundary_center,7.5,20,mixed_Z16_G24_Rz24,385.363116647844,385.330998846766,385.330998846766,0.00119923049159704,0.00119913207042739,0.0321178010781296,8.33442529672078e-05,0,reliable
860,cp08p00_cache_boundary_center_t0020,860,20,120,formal_tps30,cache_boundary_center,7.5,20,combined_int14,385.363116647844,373.127245464071,373.127245464071,0.00119923049159704,0.00116115626718823,12.2358711837733,0.031751536810812,0,reliable
860,cp08p00_cache_boundary_center_t0020,860,20,120,formal_tps30,cache_boundary_center,7.5,20,W_int18_G24_Z16,385.363116647844,385.350320406229,385.350320406229,0.00119923049159704,0.00119919181811623,0.0127962416154332,3.32056729422988e-05,0,reliable
980,cp15p00_hard_phase_t0020,980,20,120,formal_tps30,hard_phase,15,20,double_baseline,844.843205806741,844.843205806741,844.843205806741,0.00256303018514944,0.00256303018514944,0,0,0,reliable
980,cp15p00_hard_phase_t0020,980,20,120,formal_tps30,hard_phase,15,20,float32_all,844.843205806741,844.890625,844.890625,0.00256303018514944,0.00256317457653913,0.0474191932589747,5.61278032811948e-05,0,reliable
980,cp15p00_hard_phase_t0020,980,20,120,formal_tps30,hard_phase,15,20,combined_int16,844.843205806741,847.179215885059,847.179215885059,0.00256303018514944,0.00257014349967873,2.33601007831749,0.00276502203280055,0,reliable
980,cp15p00_hard_phase_t0020,980,20,120,formal_tps30,hard_phase,15,20,combined_int18,844.843205806741,844.641510703834,844.641510703834,0.00256303018514944,0.00256241586097167,0.201695102907252,0.000238736728331327,0,reliable
980,cp15p00_hard_phase_t0020,980,20,120,formal_tps30,hard_phase,15,20,combined_int24,844.843205806741,844.851550629479,844.851550629479,0.00256303018514944,0.0025630555834257,0.00834482273785397,9.87736266386317e-06,0,reliable
980,cp15p00_hard_phase_t0020,980,20,120,formal_tps30,hard_phase,15,20,mixed_Z16_G24_Rz24,844.843205806741,844.852380446478,844.852380446478,0.00256303018514944,0.00256305558342575,0.00917463973746635,1.08595768710781e-05,0,reliable
980,cp15p00_hard_phase_t0020,980,20,120,formal_tps30,hard_phase,15,20,combined_int14,844.843205806741,847.28998167222,847.28998167222,0.00256303018514944,0.00257037943696448,2.44677586547914,0.00289613013238677,0,reliable
980,cp15p00_hard_phase_t0020,980,20,120,formal_tps30,hard_phase,15,20,W_int18_G24_Z16,844.843205806741,844.852456661116,844.852456661116,0.00256303018514944,0.00256305558342584,0.00925085437484086,1.094978844744e-05,0,reliable
1100,cp15p00_medium_beta_coherent_t0020,1100,20,120,formal_tps30,medium_beta_coherent,15,20,double_baseline,170.60233433242,170.60233433242,170.60233433242,0.000462122090831583,0.000462122090831583,0,0,0,weak_margin
1100,cp15p00_medium_beta_coherent_t0020,1100,20,120,formal_tps30,medium_beta_coherent,15,20,float32_all,170.60233433242,170.609375,170.609375,0.000462122090831583,0.000462141260148622,0.00704066758044064,4.12694680174883e-05,0,weak_margin
1100,cp15p00_medium_beta_coherent_t0020,1100,20,120,formal_tps30,medium_beta_coherent,15,20,combined_int16,170.60233433242,169.076783045544,169.076783045544,0.000462122090831583,0.000457987298485602,1.52555128687527,0.00894214778974082,0,weak_margin
1100,cp15p00_medium_beta_coherent_t0020,1100,20,120,formal_tps30,medium_beta_coherent,15,20,combined_int18,170.60233433242,170.481294139405,170.481294139405,0.000462122090831583,0.000461795046961849,0.121040193014778,0.00070948732025513,0,weak_margin
1100,cp15p00_medium_beta_coherent_t0020,1100,20,120,formal_tps30,medium_beta_coherent,15,20,combined_int24,170.60233433242,170.61246774008,170.61246774008,0.000462122090831583,0.000462149535608342,0.01013340766076,5.93978253604372e-05,0,weak_margin
1100,cp15p00_medium_beta_coherent_t0020,1100,20,120,formal_tps30,medium_beta_coherent,15,20,mixed_Z16_G24_Rz24,170.60233433242,170.612138010445,170.612138010445,0.000462122090831583,0.000462149535608299,0.00980367802549154,5.74650872384256e-05,0,weak_margin
1100,cp15p00_medium_beta_coherent_t0020,1100,20,120,formal_tps30,medium_beta_coherent,15,20,combined_int14,170.60233433242,157.807843438874,157.807843438874,0.000462122090831583,0.000427480916030598,12.794490893546,0.0749959896129902,0,weak_margin
1100,cp15p00_medium_beta_coherent_t0020,1100,20,120,formal_tps30,medium_beta_coherent,15,20,W_int18_G24_Z16,170.60233433242,170.612167005223,170.612167005223,0.000462122090831583,0.000462149535608326,0.00983267280389555,5.76350425823397e-05,0,weak_margin
21,cp00p00_easy_noncoherent_t0021,21,21,120,formal_tps30,easy_noncoherent,0,21,double_baseline,226.887560440518,226.887560440518,226.887560440518,0.000534820746824809,0.000534820746824809,0,0,0,weak_margin
21,cp00p00_easy_noncoherent_t0021,21,21,120,formal_tps30,easy_noncoherent,0,21,float32_all,226.887560440518,226.859375,226.859375,0.000534820746824809,0.000534754178266543,0.0281854405184276,0.000124226469109649,0,weak_margin
21,cp00p00_easy_noncoherent_t0021,21,21,120,formal_tps30,easy_noncoherent,0,21,combined_int16,226.887560440518,226.690578256152,226.690578256152,0.000534820746824809,0.000534359303195428,0.196982184366789,0.000868192967407881,0,weak_margin
21,cp00p00_easy_noncoherent_t0021,21,21,120,formal_tps30,easy_noncoherent,0,21,combined_int18,226.887560440518,226.686437389522,226.686437389522,0.000534820746824809,0.000534347066052936,0.201123050996102,0.000886443710733227,0,weak_margin
21,cp00p00_easy_noncoherent_t0021,21,21,120,formal_tps30,easy_noncoherent,0,21,combined_int24,226.887560440518,226.887417546182,226.887417546182,0.000534820746824809,0.000534820398030871,0.000142894336022437,6.29802426122424e-07,0,weak_margin
21,cp00p00_easy_noncoherent_t0021,21,21,120,formal_tps30,easy_noncoherent,0,21,mixed_Z16_G24_Rz24,226.887560440518,226.938129699178,226.938129699178,0.000534820746824809,0.000534939734894131,0.0505692586593796,0.000222882464605797,0,weak_margin
21,cp00p00_easy_noncoherent_t0021,21,21,120,formal_tps30,easy_noncoherent,0,21,combined_int14,226.887560440518,233.183935720561,233.183935720561,0.000534820746824809,0.000549685457765808,6.29637528004241,0.0277510819359931,0,weak_margin
21,cp00p00_easy_noncoherent_t0021,21,21,120,formal_tps30,easy_noncoherent,0,21,W_int18_G24_Z16,226.887560440518,226.938135305216,226.938135305216,0.000534820746824809,0.000534939734894176,0.0505748646974098,0.000222907173047368,0,weak_margin
141,cp00p00_low_snr_hard_t0021,141,21,120,formal_tps30,low_snr_hard,0,21,double_baseline,117.230338901238,117.230338901238,117.230338901238,0.000590442763453356,0.000590442763453356,0,0,0,weak_margin
141,cp00p00_low_snr_hard_t0021,141,21,120,formal_tps30,low_snr_hard,0,21,float32_all,117.230338901238,117.2265625,117.2265625,0.000590442763453356,0.000590423833023654,0.00377640123770107,3.22135146336355e-05,0,weak_margin
141,cp00p00_low_snr_hard_t0021,141,21,120,formal_tps30,low_snr_hard,0,21,combined_int16,117.230338901238,115.193673289061,115.193673289061,0.000590442763453356,0.000580188103090292,2.03666561217688,0.0173731956357534,0,weak_margin
141,cp00p00_low_snr_hard_t0021,141,21,120,formal_tps30,low_snr_hard,0,21,combined_int18,117.230338901238,117.466265106486,117.466265106486,0.000590442763453356,0.000591632409241725,0.235926205248688,0.00201250126426272,0,weak_margin
141,cp00p00_low_snr_hard_t0021,141,21,120,formal_tps30,low_snr_hard,0,21,combined_int24,117.230338901238,117.228694332764,117.228694332764,0.000590442763453356,0.000590434460760942,0.0016445684741484,1.40285227319345e-05,0,weak_margin
141,cp00p00_low_snr_hard_t0021,141,21,120,formal_tps30,low_snr_hard,0,21,mixed_Z16_G24_Rz24,117.230338901238,117.228430589283,117.228430589283,0.000590442763453356,0.000590434460760945,0.0019083119550487,1.62783113393231e-05,0,weak_margin
141,cp00p00_low_snr_hard_t0021,141,21,120,formal_tps30,low_snr_hard,0,21,combined_int14,117.230338901238,121.268785166496,121.268785166496,0.000590442763453356,0.000610798924993897,4.03844626525824,0.0344488150687723,0,weak_margin
141,cp00p00_low_snr_hard_t0021,141,21,120,formal_tps30,low_snr_hard,0,21,W_int18_G24_Z16,117.230338901238,117.228456116209,117.228456116209,0.000590442763453356,0.00059043446076097,0.00188278502901085,1.60605611709186e-05,0,weak_margin
261,cp00p00_cache_boundary_center_t0021,261,21,120,formal_tps30,cache_boundary_center,0,21,double_baseline,566.440540150623,566.440540150623,566.440540150623,0.00176786908031337,0.00176786908031337,0,0,0,reliable
261,cp00p00_cache_boundary_center_t0021,261,21,120,formal_tps30,cache_boundary_center,0,21,float32_all,566.440540150623,566.453125,566.453125,0.00176786908031337,0.00176790856558113,0.0125848493771628,2.22174235160081e-05,0,reliable
261,cp00p00_cache_boundary_center_t0021,261,21,120,formal_tps30,cache_boundary_center,0,21,combined_int16,566.440540150623,568.152361862099,568.152361862099,0.00176786908031337,0.00177321226573726,1.71182171147666,0.00302206779024232,0,reliable
261,cp00p00_cache_boundary_center_t0021,261,21,120,formal_tps30,cache_boundary_center,0,21,combined_int18,566.440540150623,566.912109175551,566.912109175551,0.00176786908031337,0.00176934335579084,0.471569024928613,0.000832512843807432,0,reliable
261,cp00p00_cache_boundary_center_t0021,261,21,120,formal_tps30,cache_boundary_center,0,21,combined_int24,566.440540150623,566.429510619928,566.429510619928,0.00176786908031337,0.00176783465243718,0.0110295306949411,1.94716477955624e-05,0,reliable
261,cp00p00_cache_boundary_center_t0021,261,21,120,formal_tps30,cache_boundary_center,0,21,mixed_Z16_G24_Rz24,566.440540150623,566.448366098281,566.448366098281,0.00176786908031337,0.00176789446802132,0.00782594765769318,1.38160091006413e-05,0,reliable
261,cp00p00_cache_boundary_center_t0021,261,21,120,formal_tps30,cache_boundary_center,0,21,combined_int14,566.440540150623,568.212336026889,568.212336026889,0.00176786908031337,0.00177337491591755,1.77179587626597,0.00312794680231544,0,reliable
261,cp00p00_cache_boundary_center_t0021,261,21,120,formal_tps30,cache_boundary_center,0,21,W_int18_G24_Z16,566.440540150623,566.448607128201,566.448607128201,0.00176786908031337,0.00176789446802126,0.00806697757798247,1.42415258198811e-05,0,reliable
381,cp04p00_hard_phase_t0021,381,21,120,formal_tps30,hard_phase,3.75,21,double_baseline,424.669532696629,424.669532696629,424.669532696629,0.00149216430872234,0.00149216430872234,0,0,0,reliable
381,cp04p00_hard_phase_t0021,381,21,120,formal_tps30,hard_phase,3.75,21,float32_all,424.669532696629,424.65625,424.65625,0.00149216430872234,0.00149211858549047,0.0132826966291759,3.12777244574893e-05,0,reliable
381,cp04p00_hard_phase_t0021,381,21,120,formal_tps30,hard_phase,3.75,21,combined_int16,424.669532696629,426.231103647558,426.231103647558,0.00149216430872234,0.00149764655541295,1.56157095092931,0.00367714382760971,0,reliable
381,cp04p00_hard_phase_t0021,381,21,120,formal_tps30,hard_phase,3.75,21,combined_int18,424.669532696629,425.130534836935,425.130534836935,0.00149216430872234,0.00149378607913632,0.461002140305936,0.00108555501351509,0,reliable
381,cp04p00_hard_phase_t0021,381,21,120,formal_tps30,hard_phase,3.75,21,combined_int24,424.669532696629,424.668503569264,424.668503569264,0.00149216430872234,0.00149216070923628,0.00102912736474536,2.42336048505872e-06,0,reliable
381,cp04p00_hard_phase_t0021,381,21,120,formal_tps30,hard_phase,3.75,21,mixed_Z16_G24_Rz24,424.669532696629,424.6178769377,424.6178769377,0.00149216430872234,0.00149198136127625,0.0516557589289732,0.000121637543906109,0,reliable
381,cp04p00_hard_phase_t0021,381,21,120,formal_tps30,hard_phase,3.75,21,combined_int14,424.669532696629,417.581260721461,417.581260721461,0.00149216430872234,0.00146717202592003,7.08827197516803,0.0166912656299073,0,reliable
381,cp04p00_hard_phase_t0021,381,21,120,formal_tps30,hard_phase,3.75,21,W_int18_G24_Z16,424.669532696629,424.634979513969,424.634979513969,0.00149216430872234,0.00149204114392246,0.034553182660602,8.13648731548768e-05,0,reliable
501,cp04p00_medium_beta_coherent_t0021,501,21,120,formal_tps30,medium_beta_coherent,3.75,21,double_baseline,467.375280847424,467.375280847424,467.375280847424,0.00144473110709668,0.00144473110709668,0,0,0,reliable
501,cp04p00_medium_beta_coherent_t0021,501,21,120,formal_tps30,medium_beta_coherent,3.75,21,float32_all,467.375280847424,467.390625,467.390625,0.00144473110709668,0.00144477813384587,0.0153441525762901,3.28304752199747e-05,0,reliable
501,cp04p00_medium_beta_coherent_t0021,501,21,120,formal_tps30,medium_beta_coherent,3.75,21,combined_int16,467.375280847424,469.639561358665,469.639561358665,0.00144473110709668,0.0014517336756368,2.26428051124094,0.00484467322947728,0,reliable
501,cp04p00_medium_beta_coherent_t0021,501,21,120,formal_tps30,medium_beta_coherent,3.75,21,combined_int18,467.375280847424,467.155827667419,467.155827667419,0.00144473110709668,0.0014440488378845,0.219453180005075,0.000469543831259481,0,reliable
501,cp04p00_medium_beta_coherent_t0021,501,21,120,formal_tps30,medium_beta_coherent,3.75,21,combined_int24,467.375280847424,467.383078936371,467.383078936371,0.00144473110709668,0.00144475530068923,0.00779808894731104,1.66848553333242e-05,0,reliable
501,cp04p00_medium_beta_coherent_t0021,501,21,120,formal_tps30,medium_beta_coherent,3.75,21,mixed_Z16_G24_Rz24,467.375280847424,467.383345148613,467.383345148613,0.00144473110709668,0.00144475530068917,0.00806430118973367,1.72544452396195e-05,0,reliable
501,cp04p00_medium_beta_coherent_t0021,501,21,120,formal_tps30,medium_beta_coherent,3.75,21,combined_int14,467.375280847424,474.645396455686,474.645396455686,0.00144473110709668,0.00146717202592,7.27011560826213,0.0155551992289372,0,reliable
501,cp04p00_medium_beta_coherent_t0021,501,21,120,formal_tps30,medium_beta_coherent,3.75,21,W_int18_G24_Z16,467.375280847424,467.383479795884,467.383479795884,0.00144473110709668,0.0014447553006892,0.00819894846063107,1.75425376493278e-05,0,reliable
621,cp08p00_easy_noncoherent_t0021,621,21,120,formal_tps30,easy_noncoherent,7.5,21,double_baseline,576.334062302893,576.334062302893,576.334062302893,0.00133322940744831,0.00133322940744831,0,0,0,reliable
621,cp08p00_easy_noncoherent_t0021,621,21,120,formal_tps30,easy_noncoherent,7.5,21,float32_all,576.334062302893,576.328125,576.328125,0.00133322940744831,0.00133321569275655,0.005937302892562,1.0301842769518e-05,0,reliable
621,cp08p00_easy_noncoherent_t0021,621,21,120,formal_tps30,easy_noncoherent,7.5,21,combined_int16,576.334062302893,574.64336317475,574.64336317475,0.00133322940744831,0.00132931990771159,1.69069912814302,0.00293354017874181,0,reliable
621,cp08p00_easy_noncoherent_t0021,621,21,120,formal_tps30,easy_noncoherent,7.5,21,combined_int18,576.334062302893,576.283450542513,576.283450542513,0.00133322940744831,0.00133311433078806,0.0506117603799794,8.78167085557063e-05,0,reliable
621,cp08p00_easy_noncoherent_t0021,621,21,120,formal_tps30,easy_noncoherent,7.5,21,combined_int24,576.334062302893,576.331663984194,576.331663984194,0.00133322940744831,0.00133322383287106,0.00239831869839691,4.16133429423519e-06,0,reliable
621,cp08p00_easy_noncoherent_t0021,621,21,120,formal_tps30,easy_noncoherent,7.5,21,mixed_Z16_G24_Rz24,576.334062302893,576.306272806396,576.306272806396,0.00133322940744831,0.00133316406918413,0.0277894964965526,4.82176888617557e-05,0,reliable
621,cp08p00_easy_noncoherent_t0021,621,21,120,formal_tps30,easy_noncoherent,7.5,21,combined_int14,576.334062302893,581.28479904175,581.28479904175,0.00133322940744831,0.0013447432762836,4.95073673885781,0.00859004709712256,0,reliable
621,cp08p00_easy_noncoherent_t0021,621,21,120,formal_tps30,easy_noncoherent,7.5,21,W_int18_G24_Z16,576.334062302893,576.306337430695,576.306337430695,0.00133322940744831,0.00133316406918413,0.027724872197723,4.8105558930425e-05,0,reliable
741,cp08p00_low_snr_hard_t0021,741,21,120,formal_tps30,low_snr_hard,7.5,21,double_baseline,118.721207830153,118.721207830153,118.721207830153,0.000597896452528765,0.000597896452528765,0,0,0,weak_margin
741,cp08p00_low_snr_hard_t0021,741,21,120,formal_tps30,low_snr_hard,7.5,21,float32_all,118.721207830153,118.6796875,118.6796875,0.000597896452528765,0.000597687287383007,0.0415203301527072,0.000349729681087037,0,weak_margin
741,cp08p00_low_snr_hard_t0021,741,21,120,formal_tps30,low_snr_hard,7.5,21,combined_int16,118.721207830153,118.238441877053,118.238441877053,0.000597896452528765,0.000595465302694869,0.48276595310017,0.00406638343665467,0,weak_margin
741,cp08p00_low_snr_hard_t0021,741,21,120,formal_tps30,low_snr_hard,7.5,21,combined_int18,118.721207830153,118.99445253631,118.99445253631,0.000597896452528765,0.00059927095062688,0.273244706157129,0.00230156609043301,0,weak_margin
741,cp08p00_low_snr_hard_t0021,741,21,120,formal_tps30,low_snr_hard,7.5,21,combined_int24,118.721207830153,118.720705552114,118.720705552114,0.000597896452528765,0.000597893898613572,0.000502278038766235,4.23073558588466e-06,0,weak_margin
741,cp08p00_low_snr_hard_t0021,741,21,120,formal_tps30,low_snr_hard,7.5,21,mixed_Z16_G24_Rz24,118.721207830153,118.744244326765,118.744244326765,0.000597896452528765,0.00059801325052318,0.0230364966118941,0.000194038597087481,0,weak_margin
741,cp08p00_low_snr_hard_t0021,741,21,120,formal_tps30,low_snr_hard,7.5,21,combined_int14,118.721207830153,121.285027385136,121.285027385136,0.000597896452528765,0.000610798924993857,2.56381955498364,0.0215952954138703,0,weak_margin
741,cp08p00_low_snr_hard_t0021,741,21,120,formal_tps30,low_snr_hard,7.5,21,W_int18_G24_Z16,118.721207830153,118.756114334552,118.756114334552,0.000597896452528765,0.000598072926488686,0.0349065043992596,0.000294020799124603,0,weak_margin
861,cp08p00_cache_boundary_center_t0021,861,21,120,formal_tps30,cache_boundary_center,7.5,21,double_baseline,568.120761861792,568.120761861792,568.120761861792,0.0017724726231245,0.0017724726231245,0,0,0,reliable
861,cp08p00_cache_boundary_center_t0021,861,21,120,formal_tps30,cache_boundary_center,7.5,21,float32_all,568.120761861792,568.140625,568.140625,0.0017724726231245,0.00177253510934257,0.0198631382081658,3.49628803268378e-05,0,reliable
861,cp08p00_cache_boundary_center_t0021,861,21,120,formal_tps30,cache_boundary_center,7.5,21,combined_int16,568.120761861792,568.358676098782,568.358676098782,0.0017724726231245,0.00177321226573728,0.237914236990036,0.000418774058195596,0,reliable
861,cp08p00_cache_boundary_center_t0021,861,21,120,formal_tps30,cache_boundary_center,7.5,21,combined_int18,568.120761861792,568.345113924675,568.345113924675,0.0017724726231245,0.00177317160785397,0.224352062883554,0.00039490206650489,0,reliable
861,cp08p00_cache_boundary_center_t0021,861,21,120,formal_tps30,cache_boundary_center,7.5,21,combined_int24,568.120761861792,568.110473098001,568.110473098001,0.0017724726231245,0.00177244047331161,0.0102887637913227,1.81101703757584e-05,0,reliable
861,cp08p00_cache_boundary_center_t0021,861,21,120,formal_tps30,cache_boundary_center,7.5,21,mixed_Z16_G24_Rz24,568.120761861792,568.168670573184,568.168670573184,0.0017724726231245,0.00177261992173531,0.0479087113926653,8.43283939063649e-05,0,reliable
861,cp08p00_cache_boundary_center_t0021,861,21,120,formal_tps30,cache_boundary_center,7.5,21,combined_int14,568.120761861792,568.407874671306,568.407874671306,0.0017724726231245,0.00177337491591749,0.287112809513928,0.000505372851668067,0,reliable
861,cp08p00_cache_boundary_center_t0021,861,21,120,formal_tps30,cache_boundary_center,7.5,21,W_int18_G24_Z16,568.120761861792,568.168777864659,568.168777864659,0.0017724726231245,0.00177261992173534,0.0480160028673708,8.45172471958555e-05,0,reliable
981,cp15p00_hard_phase_t0021,981,21,120,formal_tps30,hard_phase,15,21,double_baseline,430.634881759615,430.634881759615,430.634881759615,0.00151274272560345,0.00151274272560345,0,0,0,reliable
981,cp15p00_hard_phase_t0021,981,21,120,formal_tps30,hard_phase,15,21,float32_all,430.634881759615,430.671875,430.671875,0.00151274272560345,0.00151287358654888,0.0369932403846178,8.59039570446776e-05,0,reliable
981,cp15p00_hard_phase_t0021,981,21,120,formal_tps30,hard_phase,15,21,combined_int16,430.634881759615,430.695163634926,430.695163634926,0.00151274272560345,0.00151295178421334,0.0602818753104657,0.000139983726037585,0,reliable
981,cp15p00_hard_phase_t0021,981,21,120,formal_tps30,hard_phase,15,21,combined_int18,430.634881759615,430.684278513392,430.684278513392,0.00151274272560345,0.00151291710284014,0.0493967537768185,0.000114706810500298,0,reliable
981,cp15p00_hard_phase_t0021,981,21,120,formal_tps30,hard_phase,15,21,combined_int24,430.634881759615,430.63024511651,430.63024511651,0.00151274272560345,0.00151272636797088,0.00463664310518652,1.07669938074704e-05,0,reliable
981,cp15p00_hard_phase_t0021,981,21,120,formal_tps30,hard_phase,15,21,mixed_Z16_G24_Rz24,430.634881759615,430.647792524571,430.647792524571,0.00151274272560345,0.00151278615309386,0.0129107649554498,2.99807690976988e-05,0,reliable
981,cp15p00_hard_phase_t0021,981,21,120,formal_tps30,hard_phase,15,21,combined_int14,430.634881759615,435.089532767481,435.089532767481,0.00151274272560345,0.00152839762792689,4.45465100786532,0.0103443803476003,0,reliable
981,cp15p00_hard_phase_t0021,981,21,120,formal_tps30,hard_phase,15,21,W_int18_G24_Z16,430.634881759615,430.664813459793,430.664813459793,0.00151274272560345,0.00151284593822381,0.0299317001772579,6.95059816217258e-05,0,reliable
1101,cp15p00_medium_beta_coherent_t0021,1101,21,120,formal_tps30,medium_beta_coherent,15,21,double_baseline,468.619723152253,468.619723152253,468.619723152253,0.00143791805922522,0.00143791805922522,0,0,0,reliable
1101,cp15p00_medium_beta_coherent_t0021,1101,21,120,formal_tps30,medium_beta_coherent,15,21,float32_all,468.619723152253,468.625,468.625,0.00143791805922522,0.00143793405428843,0.00527684774715453,1.12604047299992e-05,0,reliable
1101,cp15p00_medium_beta_coherent_t0021,1101,21,120,formal_tps30,medium_beta_coherent,15,21,combined_int16,468.619723152253,468.136858145095,468.136858145095,0.00143791805922522,0.00143643031784836,0.48286500715767,0.00103039838765128,0,reliable
1101,cp15p00_medium_beta_coherent_t0021,1101,21,120,formal_tps30,medium_beta_coherent,15,21,combined_int18,468.619723152253,468.125122688245,468.125122688245,0.00143791805922522,0.00143639739309159,0.494600464007817,0.00105544098887004,0,reliable
1101,cp15p00_medium_beta_coherent_t0021,1101,21,120,formal_tps30,medium_beta_coherent,15,21,combined_int24,468.619723152253,468.62709726012,468.62709726012,0.00143791805922522,0.0014379407685397,0.00737410786678083,1.57358034723285e-05,0,reliable
1101,cp15p00_medium_beta_coherent_t0021,1101,21,120,formal_tps30,medium_beta_coherent,15,21,mixed_Z16_G24_Rz24,468.619723152253,468.609320558957,468.609320558957,0.00143791805922522,0.00143788099235213,0.0104025932960212,2.21983684895854e-05,0,reliable
1101,cp15p00_medium_beta_coherent_t0021,1101,21,120,formal_tps30,medium_beta_coherent,15,21,combined_int14,468.619723152253,458.230943156697,458.230943156697,0.00143791805922522,0.00140595390916311,10.3887799955555,0.022168891923015,0,reliable
1101,cp15p00_medium_beta_coherent_t0021,1101,21,120,formal_tps30,medium_beta_coherent,15,21,W_int18_G24_Z16,468.619723152253,468.609421580855,468.609421580855,0.00143791805922522,0.00143788099235219,0.0103015713975765,2.19827951932564e-05,0,reliable
22,cp00p00_easy_noncoherent_t0022,22,22,120,formal_tps30,easy_noncoherent,0,22,double_baseline,601.239736366406,601.239736366406,601.239736366406,0.00159725843322622,0.00159725843322622,0,0,0,reliable
22,cp00p00_easy_noncoherent_t0022,22,22,120,formal_tps30,easy_noncoherent,0,22,float32_all,601.239736366406,601.21875,601.21875,0.00159725843322622,0.00159720312208006,0.0209863664058503,3.49051553589612e-05,0,reliable
22,cp00p00_easy_noncoherent_t0022,22,22,120,formal_tps30,easy_noncoherent,0,22,combined_int16,601.239736366406,604.072032054421,604.072032054421,0.00159725843322622,0.0016047929817053,2.83229568801471,0.00471075931396634,0,reliable
22,cp00p00_easy_noncoherent_t0022,22,22,120,formal_tps30,easy_noncoherent,0,22,combined_int18,601.239736366406,601.181430009194,601.181430009194,0.00159725843322622,0.00159710229096304,0.0583063572121318,9.69768857336451e-05,0,reliable
22,cp00p00_easy_noncoherent_t0022,22,22,120,formal_tps30,easy_noncoherent,0,22,combined_int24,601.239736366406,601.24393497291,601.24393497291,0.00159725843322622,0.00159726966287908,0.00419860650436021,6.98324852867261e-06,0,reliable
22,cp00p00_easy_noncoherent_t0022,22,22,120,formal_tps30,easy_noncoherent,0,22,mixed_Z16_G24_Rz24,601.239736366406,601.221970808285,601.221970808285,0.00159725843322622,0.00159720986766928,0.0177655581210274,2.95482102170985e-05,0,reliable
22,cp00p00_easy_noncoherent_t0022,22,22,120,formal_tps30,easy_noncoherent,0,22,combined_int14,601.239736366406,598.380944363162,598.380944363162,0.00159725843322622,0.00158963071655663,2.85879200324416,0.00475482878181219,0,reliable
22,cp00p00_easy_noncoherent_t0022,22,22,120,formal_tps30,easy_noncoherent,0,22,W_int18_G24_Z16,601.239736366406,601.221998874389,601.221998874389,0.00159725843322622,0.00159720986766926,0.0177374920167495,2.95015298289265e-05,0,reliable
142,cp00p00_low_snr_hard_t0022,142,22,120,formal_tps30,low_snr_hard,0,22,double_baseline,25.4701360253239,25.4701360253239,25.4701360253239,0.000121641088918809,0.000121641088918809,0,0,0,weak_margin
142,cp00p00_low_snr_hard_t0022,142,22,120,formal_tps30,low_snr_hard,0,22,float32_all,25.4701360253239,25.46875,25.46875,0.000121641088918809,0.000121634447591933,0.00138602532388177,5.44176647703688e-05,0,weak_margin
142,cp00p00_low_snr_hard_t0022,142,22,120,formal_tps30,low_snr_hard,0,22,combined_int16,25.4701360253239,25.5640219574707,25.5640219574707,0.000121641088918809,0.000122088941794123,0.0938859321468044,0.00368611820735694,0,weak_margin
142,cp00p00_low_snr_hard_t0022,142,22,120,formal_tps30,low_snr_hard,0,22,combined_int18,25.4701360253239,25.5633795993926,25.5633795993926,0.000121641088918809,0.000122086147037511,0.0932435740687652,0.00366089815837878,0,weak_margin
142,cp00p00_low_snr_hard_t0022,142,22,120,formal_tps30,low_snr_hard,0,22,combined_int24,25.4701360253239,25.4757472573838,25.4757472573838,0.000121641088918809,0.000121667895764754,0.00561123205989134,0.000220306324799849,0,weak_margin
142,cp00p00_low_snr_hard_t0022,142,22,120,formal_tps30,low_snr_hard,0,22,mixed_Z16_G24_Rz24,25.4701360253239,25.4632630583656,25.4632630583656,0.000121641088918809,0.000121608276611632,0.00687296695832629,0.000269844140270503,0,weak_margin
142,cp00p00_low_snr_hard_t0022,142,22,120,formal_tps30,low_snr_hard,0,22,combined_int14,25.4701360253239,25.5655873940268,25.5655873940268,0.000121641088918809,0.000122100122100106,0.0954513687029248,0.00374757985619007,0,weak_margin
142,cp00p00_low_snr_hard_t0022,142,22,120,formal_tps30,low_snr_hard,0,22,W_int18_G24_Z16,25.4701360253239,25.463260145465,25.463260145465,0.000121641088918809,0.000121608276611631,0.0068758798588533,0.000269958505601105,0,weak_margin
262,cp00p00_cache_boundary_center_t0022,262,22,120,formal_tps30,cache_boundary_center,0,22,double_baseline,389.973914626753,389.973914626753,389.973914626753,0.00121225147149205,0.00121225147149205,0,0,0,reliable
262,cp00p00_cache_boundary_center_t0022,262,22,120,formal_tps30,cache_boundary_center,0,22,float32_all,389.973914626753,389.984375,389.984375,0.00121225147149205,0.00121228429302804,0.0104603732470423,2.6823263953575e-05,0,reliable
262,cp00p00_cache_boundary_center_t0022,262,22,120,formal_tps30,cache_boundary_center,0,22,combined_int16,389.973914626753,388.266166965012,388.266166965012,0.00121225147149205,0.00120693606294395,1.70774766174145,0.00437913305913281,0,reliable
262,cp00p00_cache_boundary_center_t0022,262,22,120,formal_tps30,cache_boundary_center,0,22,combined_int18,389.973914626753,390.713604296325,390.713604296325,0.00121225147149205,0.00121455634319232,0.739689669571817,0.00189676704473882,0,reliable
262,cp00p00_cache_boundary_center_t0022,262,22,120,formal_tps30,cache_boundary_center,0,22,combined_int24,389.973914626753,389.982030029496,389.982030029496,0.00121225147149205,0.00121227673376344,0.0081154027429875,2.0810116878599e-05,0,reliable
262,cp00p00_cache_boundary_center_t0022,262,22,120,formal_tps30,cache_boundary_center,0,22,mixed_Z16_G24_Rz24,389.973914626753,389.964108036744,389.964108036744,0.00121225147149205,0.00121221698451287,0.00980659000924788,2.51467845448941e-05,0,reliable
262,cp00p00_cache_boundary_center_t0022,262,22,120,formal_tps30,cache_boundary_center,0,22,combined_int14,389.973914626753,393.23086875616,393.23086875616,0.00121225147149205,0.00122234445666793,3.25695412940695,0.00835172304415337,0,reliable
262,cp00p00_cache_boundary_center_t0022,262,22,120,formal_tps30,cache_boundary_center,0,22,W_int18_G24_Z16,389.973914626753,389.964056319033,389.964056319033,0.00121225147149205,0.00121221698451283,0.00985830771969631,2.5279402929121e-05,0,reliable
382,cp04p00_hard_phase_t0022,382,22,120,formal_tps30,hard_phase,3.75,22,double_baseline,847.502485964971,847.502485964971,847.502485964971,0.00257101806228172,0.00257101806228172,0,0,0,reliable
382,cp04p00_hard_phase_t0022,382,22,120,formal_tps30,hard_phase,3.75,22,float32_all,847.502485964971,847.546875,847.546875,0.00257101806228172,0.00257115395909503,0.0443890350288711,5.23762888769931e-05,0,reliable
382,cp04p00_hard_phase_t0022,382,22,120,formal_tps30,hard_phase,3.75,22,combined_int16,847.502485964971,847.208147121273,847.208147121273,0.00257101806228172,0.0025701434996788,0.294338843697915,0.000347301451703447,0,reliable
382,cp04p00_hard_phase_t0022,382,22,120,formal_tps30,hard_phase,3.75,22,combined_int18,847.502485964971,847.194597009366,847.194597009366,0.00257101806228172,0.00257008452212494,0.307888955605449,0.000363289737439395,0,reliable
382,cp04p00_hard_phase_t0022,382,22,120,formal_tps30,hard_phase,3.75,22,combined_int24,847.502485964971,847.504339745588,847.504339745588,0.00257101806228172,0.00257102375436159,0.00185378061723895,2.18734534463132e-06,0,reliable
382,cp04p00_hard_phase_t0022,382,22,120,formal_tps30,hard_phase,3.75,22,mixed_Z16_G24_Rz24,847.502485964971,847.523695419368,847.523695419368,0.00257101806228172,0.00257108366590099,0.0212094543967396,2.50258314848368e-05,0,reliable
382,cp04p00_hard_phase_t0022,382,22,120,formal_tps30,hard_phase,3.75,22,combined_int14,847.502485964971,847.279646918294,847.279646918294,0.00257101806228172,0.0025703794369645,0.222839046677109,0.000262936156964051,0,reliable
382,cp04p00_hard_phase_t0022,382,22,120,formal_tps30,hard_phase,3.75,22,W_int18_G24_Z16,847.502485964971,847.504188002902,847.504188002902,0.00257101806228172,0.00257102375436157,0.00170203793095425,2.00829845238306e-06,0,reliable
502,cp04p00_medium_beta_coherent_t0022,502,22,120,formal_tps30,medium_beta_coherent,3.75,22,double_baseline,170.097398549377,170.097398549377,170.097398549377,0.000459691981173024,0.000459691981173024,0,0,0,weak_margin
502,cp04p00_medium_beta_coherent_t0022,502,22,120,formal_tps30,medium_beta_coherent,3.75,22,float32_all,170.097398549377,170.125,170.125,0.000459691981173024,0.000459766581472471,0.0276014506234787,0.000162268505332058,0,weak_margin
502,cp04p00_medium_beta_coherent_t0022,502,22,120,formal_tps30,medium_beta_coherent,3.75,22,combined_int16,170.097398549377,169.466319329716,169.466319329716,0.000459691981173024,0.000457987298485591,0.631079219660023,0.00371010506358115,0,weak_margin
502,cp04p00_medium_beta_coherent_t0022,502,22,120,formal_tps30,medium_beta_coherent,3.75,22,combined_int18,170.097398549377,169.463100963156,169.463100963156,0.000459691981173024,0.000457976811107505,0.634297586220782,0.00372902579128308,0,weak_margin
502,cp04p00_medium_beta_coherent_t0022,502,22,120,formal_tps30,medium_beta_coherent,3.75,22,combined_int24,170.097398549377,170.101662296278,170.101662296278,0.000459691981173024,0.000459703491546131,0.00426374690141529,2.5066502708315e-05,0,weak_margin
502,cp04p00_medium_beta_coherent_t0022,502,22,120,formal_tps30,medium_beta_coherent,3.75,22,mixed_Z16_G24_Rz24,170.097398549377,170.12325138395,170.12325138395,0.000459691981173024,0.000459763151015082,0.0258528345730156,0.00015198841836203,0,weak_margin
502,cp04p00_medium_beta_coherent_t0022,502,22,120,formal_tps30,medium_beta_coherent,3.75,22,combined_int14,170.097398549377,180.780475401669,180.780475401669,0.000459691981173024,0.000488579455233944,10.6830768522923,0.0628056451386067,0,weak_margin
502,cp04p00_medium_beta_coherent_t0022,502,22,120,formal_tps30,medium_beta_coherent,3.75,22,W_int18_G24_Z16,170.097398549377,170.1232937233,170.1232937233,0.000459691981173024,0.000459763151015057,0.0258951739233453,0.000152237330753935,0,weak_margin
622,cp08p00_easy_noncoherent_t0022,622,22,120,formal_tps30,easy_noncoherent,7.5,22,double_baseline,653.542991516209,653.542991516209,653.542991516209,0.0017461244263824,0.0017461244263824,0,0,0,reliable
622,cp08p00_easy_noncoherent_t0022,622,22,120,formal_tps30,easy_noncoherent,7.5,22,float32_all,653.542991516209,653.53125,653.53125,0.0017461244263824,0.00174609347799478,0.0117415162094403,1.79659431159994e-05,0,reliable
622,cp08p00_easy_noncoherent_t0022,622,22,120,formal_tps30,easy_noncoherent,7.5,22,combined_int16,653.542991516209,652.223097943119,652.223097943119,0.0017461244263824,0.00174258636502598,1.31989357309067,0.00201959716533496,0,reliable
622,cp08p00_easy_noncoherent_t0022,622,22,120,formal_tps30,easy_noncoherent,7.5,22,combined_int18,653.542991516209,653.634336398856,653.634336398856,0.0017461244263824,0.0017463744578405,0.0913448826468084,0.000139768743346003,0,reliable
622,cp08p00_easy_noncoherent_t0022,622,22,120,formal_tps30,easy_noncoherent,7.5,22,combined_int24,653.542991516209,653.54211379998,653.54211379998,0.0017461244263824,0.00174612206733121,0.000877716229297221,1.34301222825591e-06,0,reliable
622,cp08p00_easy_noncoherent_t0022,622,22,120,formal_tps30,easy_noncoherent,7.5,22,mixed_Z16_G24_Rz24,653.542991516209,653.585343752959,653.585343752959,0.0017461244263824,0.00174624169332067,0.0423522367491387,6.48040561966431e-05,0,reliable
622,cp08p00_easy_noncoherent_t0022,622,22,120,formal_tps30,easy_noncoherent,7.5,22,combined_int14,653.542991516209,640.811507964507,640.811507964507,0.0017461244263824,0.00171211935917814,12.7314835517027,0.0194807131542576,0,reliable
622,cp08p00_easy_noncoherent_t0022,622,22,120,formal_tps30,easy_noncoherent,7.5,22,W_int18_G24_Z16,653.542991516209,653.585869539529,653.585869539529,0.0017461244263824,0.00174624169332064,0.0428780233196449,6.56085733857669e-05,0,reliable
742,cp08p00_low_snr_hard_t0022,742,22,120,formal_tps30,low_snr_hard,7.5,22,double_baseline,28.8137104776542,28.8137104776542,28.8137104776542,0.000137586130622431,0.000137586130622431,0,0,0,weak_margin
742,cp08p00_low_snr_hard_t0022,742,22,120,formal_tps30,low_snr_hard,7.5,22,float32_all,28.8137104776542,28.8203125,28.8203125,0.000137586130622431,0.000137617678690065,0.00660202234575991,0.000229127808821427,0,weak_margin
742,cp08p00_low_snr_hard_t0022,742,22,120,formal_tps30,low_snr_hard,7.5,22,combined_int16,28.8137104776542,28.7648605928407,28.7648605928407,0.000137586130622431,0.000137352155665756,0.048849884813535,0.00169536946140343,0,weak_margin
742,cp08p00_low_snr_hard_t0022,742,22,120,formal_tps30,low_snr_hard,7.5,22,combined_int18,28.8137104776542,28.7640686213272,28.7640686213272,0.000137586130622431,0.000137349011468596,0.0496418563270709,0.00172285538738821,0,weak_margin
742,cp08p00_low_snr_hard_t0022,742,22,120,formal_tps30,low_snr_hard,7.5,22,combined_int24,28.8137104776542,28.8137792864873,28.8137792864873,0.000137586130622431,0.000137586463971795,6.88088330207393e-05,2.38805873593067e-06,0,weak_margin
742,cp08p00_low_snr_hard_t0022,742,22,120,formal_tps30,low_snr_hard,7.5,22,mixed_Z16_G24_Rz24,28.8137104776542,28.8138804091868,28.8138804091868,0.000137586130622431,0.000137586463971782,0.000169931532582268,5.89759283914699e-06,0,weak_margin
742,cp08p00_low_snr_hard_t0022,742,22,120,formal_tps30,low_snr_hard,7.5,22,combined_int14,28.8137104776542,25.5724313224782,25.5724313224782,0.000137586130622431,0.000122100122100136,3.24127915517602,0.11249086290673,0,weak_margin
742,cp08p00_low_snr_hard_t0022,742,22,120,formal_tps30,low_snr_hard,7.5,22,W_int18_G24_Z16,28.8137104776542,28.8263689478481,28.8263689478481,0.000137586130622431,0.000137646085030004,0.0126584701938555,0.000439321072642568,0,weak_margin
862,cp08p00_cache_boundary_center_t0022,862,22,120,formal_tps30,cache_boundary_center,7.5,22,double_baseline,386.112636544916,386.112636544916,386.112636544916,0.00120320855459561,0.00120320855459561,0,0,0,reliable
862,cp08p00_cache_boundary_center_t0022,862,22,120,formal_tps30,cache_boundary_center,7.5,22,float32_all,386.112636544916,386.109375,386.109375,0.00120320855459561,0.00120319857713771,0.00326154491631314,8.44713331710325e-06,0,reliable
862,cp08p00_cache_boundary_center_t0022,862,22,120,formal_tps30,cache_boundary_center,7.5,22,combined_int16,386.112636544916,387.305736154085,387.305736154085,0.00120320855459561,0.00120693606294393,1.19309960916871,0.00309002994526422,0,reliable
862,cp08p00_cache_boundary_center_t0022,862,22,120,formal_tps30,cache_boundary_center,7.5,22,combined_int18,386.112636544916,386.071818705037,386.071818705037,0.00120320855459561,0.00120308447944636,0.0408178398793098,0.000105714851097761,0,reliable
862,cp08p00_cache_boundary_center_t0022,862,22,120,formal_tps30,cache_boundary_center,7.5,22,combined_int24,386.112636544916,386.108262426569,386.108262426569,0.00120320855459561,0.00120319492951384,0.0043741183471866,1.13286070777892e-05,0,reliable
862,cp08p00_cache_boundary_center_t0022,862,22,120,formal_tps30,cache_boundary_center,7.5,22,mixed_Z16_G24_Rz24,386.112636544916,386.109687940625,386.109687940625,0.00120320855459561,0.00120319492951385,0.00294860429130495,7.6366428141026e-06,0,reliable
862,cp08p00_cache_boundary_center_t0022,862,22,120,formal_tps30,cache_boundary_center,7.5,22,combined_int14,386.112636544916,392.226803519443,392.226803519443,0.00120320855459561,0.00122234445666788,6.1141669745266,0.0158351900348005,0,reliable
862,cp08p00_cache_boundary_center_t0022,862,22,120,formal_tps30,cache_boundary_center,7.5,22,W_int18_G24_Z16,386.112636544916,386.109842709557,386.109842709557,0.00120320855459561,0.00120319492951386,0.00279383535962552,7.23580399912789e-06,0,reliable
982,cp15p00_hard_phase_t0022,982,22,120,formal_tps30,hard_phase,15,22,double_baseline,839.710864782974,839.710864782974,839.710864782974,0.00253698616429129,0.00253698616429129,0,0,0,reliable
982,cp15p00_hard_phase_t0022,982,22,120,formal_tps30,hard_phase,15,22,float32_all,839.710864782974,839.734375,839.734375,0.00253698616429129,0.0025370577881084,0.0235102170263417,2.79979907517548e-05,0,reliable
982,cp15p00_hard_phase_t0022,982,22,120,formal_tps30,hard_phase,15,22,combined_int16,839.710864782974,840.525487656647,840.525487656647,0.00253698616429129,0.00253946885326153,0.814622873673216,0.000970123060017519,0,reliable
982,cp15p00_hard_phase_t0022,982,22,120,formal_tps30,hard_phase,15,22,combined_int18,839.710864782974,839.246139525465,839.246139525465,0.00253698616429129,0.00253557647076814,0.46472525750869,0.000553434851207742,0,reliable
982,cp15p00_hard_phase_t0022,982,22,120,formal_tps30,hard_phase,15,22,combined_int24,839.710864782974,839.71383845032,839.71383845032,0.00253698616429129,0.00253699515702589,0.00297366734594107,3.54129911932201e-06,0,reliable
982,cp15p00_hard_phase_t0022,982,22,120,formal_tps30,hard_phase,15,22,mixed_Z16_G24_Rz24,839.710864782974,839.712944027677,839.712944027677,0.00253698616429129,0.00253699515702588,0.00207924470305443,2.47614362306937e-06,0,reliable
982,cp15p00_hard_phase_t0022,982,22,120,formal_tps30,hard_phase,15,22,combined_int14,839.710864782974,830.506340744381,830.506340744381,0.00253698616429129,0.00250902637537483,9.20452403859235,0.0109615397687766,0,reliable
982,cp15p00_hard_phase_t0022,982,22,120,formal_tps30,hard_phase,15,22,W_int18_G24_Z16,839.710864782974,839.712667253596,839.712667253596,0.00253698616429129,0.00253699515702592,0.00180247062235139,2.14653721649445e-06,0,reliable
1102,cp15p00_medium_beta_coherent_t0022,1102,22,120,formal_tps30,medium_beta_coherent,15,22,double_baseline,178.10891040531,178.10891040531,178.10891040531,0.000481944451857218,0.000481944451857218,0,0,0,weak_margin
1102,cp15p00_medium_beta_coherent_t0022,1102,22,120,formal_tps30,medium_beta_coherent,15,22,float32_all,178.10891040531,178.09375,178.09375,0.000481944451857218,0.000481903545216995,0.0151604053098708,8.51187359204622e-05,0,weak_margin
1102,cp15p00_medium_beta_coherent_t0022,1102,22,120,formal_tps30,medium_beta_coherent,15,22,combined_int16,178.10891040531,180.54389766691,180.54389766691,0.000481944451857218,0.000488534701230493,2.43498726160033,0.0136713388233031,0,weak_margin
1102,cp15p00_medium_beta_coherent_t0022,1102,22,120,formal_tps30,medium_beta_coherent,15,22,combined_int18,178.10891040531,177.7187889622,177.7187889622,0.000481944451857218,0.000480886663409882,0.39012144310982,0.0021903533193373,0,weak_margin
1102,cp15p00_medium_beta_coherent_t0022,1102,22,120,formal_tps30,medium_beta_coherent,15,22,combined_int24,178.10891040531,178.113534321921,178.113534321921,0.000481944451857218,0.00048195696712271,0.00462391661130823,2.59611751078928e-05,0,weak_margin
1102,cp15p00_medium_beta_coherent_t0022,1102,22,120,formal_tps30,medium_beta_coherent,15,22,mixed_Z16_G24_Rz24,178.10891040531,178.11300753511,178.11300753511,0.000481944451857218,0.000481956967122655,0.00409712980035692,2.30035083086712e-05,0,weak_margin
1102,cp15p00_medium_beta_coherent_t0022,1102,22,120,formal_tps30,medium_beta_coherent,15,22,combined_int14,178.10891040531,180.554892470915,180.554892470915,0.000481944451857218,0.000488579455233899,2.44598206560477,0.0137330696147577,0,weak_margin
1102,cp15p00_medium_beta_coherent_t0022,1102,22,120,formal_tps30,medium_beta_coherent,15,22,W_int18_G24_Z16,178.10891040531,178.112981088401,178.112981088401,0.000481944451857218,0.000481956967122689,0.00407068309141323,2.28550221443153e-05,0,weak_margin
23,cp00p00_easy_noncoherent_t0023,23,23,120,formal_tps30,easy_noncoherent,0,23,double_baseline,609.37027173565,609.37027173565,609.37027173565,0.00140456695136563,0.00140456695136563,0,0,0,reliable
23,cp00p00_easy_noncoherent_t0023,23,23,120,formal_tps30,easy_noncoherent,0,23,float32_all,609.37027173565,609.375,609.375,0.00140456695136563,0.00140457764098232,0.00472826434997842,7.75926324156092e-06,0,reliable
23,cp00p00_easy_noncoherent_t0023,23,23,120,formal_tps30,easy_noncoherent,0,23,combined_int16,609.37027173565,609.913864917442,609.913864917442,0.00140456695136563,0.00140582500534825,0.543593181791948,0.000892057271260787,0,reliable
23,cp00p00_easy_noncoherent_t0023,23,23,120,formal_tps30,easy_noncoherent,0,23,combined_int18,609.37027173565,609.900195944414,609.900195944414,0.00140456695136563,0.00140579278308766,0.529924208763987,0.000869625961986331,0,reliable
23,cp00p00_easy_noncoherent_t0023,23,23,120,formal_tps30,easy_noncoherent,0,23,combined_int24,609.37027173565,609.378844634368,609.378844634368,0.00140456695136563,0.00140458676486757,0.00857289871782996,1.40684557738796e-05,0,reliable
23,cp00p00_easy_noncoherent_t0023,23,23,120,formal_tps30,easy_noncoherent,0,23,mixed_Z16_G24_Rz24,609.37027173565,609.429310245876,609.429310245876,0.00140456695136563,0.00140470630930045,0.0590385102259461,9.68844608349347e-05,0,reliable
23,cp00p00_easy_noncoherent_t0023,23,23,120,formal_tps30,easy_noncoherent,0,23,combined_int14,609.37027173565,609.970806886995,609.970806886995,0.00140456695136563,0.00140595390916315,0.600535151344957,0.000985501228398411,0,reliable
23,cp00p00_easy_noncoherent_t0023,23,23,120,formal_tps30,easy_noncoherent,0,23,W_int18_G24_Z16,609.37027173565,609.377797583467,609.377797583467,0.00140456695136563,0.00140458676486758,0.00752584781730548,1.23502050664038e-05,0,reliable
143,cp00p00_low_snr_hard_t0023,143,23,120,formal_tps30,low_snr_hard,0,23,double_baseline,124.094630204738,124.094630204738,124.094630204738,0.000624723745496665,0.000624723745496665,0,0,0,weak_margin
143,cp00p00_low_snr_hard_t0023,143,23,120,formal_tps30,low_snr_hard,0,23,float32_all,124.094630204738,124.09375,124.09375,0.000624723745496665,0.00062471957626676,0.000880204737768508,7.0930122948616e-06,0,weak_margin
143,cp00p00_low_snr_hard_t0023,143,23,120,formal_tps30,low_snr_hard,0,23,combined_int16,124.094630204738,124.350254905512,124.350254905512,0.000624723745496665,0.000626021101491786,0.255624700774206,0.00205991750289648,0,weak_margin
143,cp00p00_low_snr_hard_t0023,143,23,120,formal_tps30,low_snr_hard,0,23,combined_int18,124.094630204738,124.349117110803,124.349117110803,0.000624723745496665,0.000626006763926777,0.254486906065722,0.00205074873623344,0,weak_margin
143,cp00p00_low_snr_hard_t0023,143,23,120,formal_tps30,low_snr_hard,0,23,combined_int24,124.094630204738,124.099598089728,124.099598089728,0.000624723745496665,0.000624748795815331,0.00496788499003742,4.00330375443413e-05,0,weak_margin
143,cp00p00_low_snr_hard_t0023,143,23,120,formal_tps30,low_snr_hard,0,23,mixed_Z16_G24_Rz24,124.094630204738,124.087424033991,124.087424033991,0.000624723745496665,0.000624689116667881,0.00720617074694019,5.80699643091008e-05,0,weak_margin
143,cp00p00_low_snr_hard_t0023,143,23,120,formal_tps30,low_snr_hard,0,23,combined_int14,124.094630204738,121.340446237096,121.340446237096,0.000624723745496665,0.00061079892499384,2.75418396764144,0.0221942235783889,0,weak_margin
143,cp00p00_low_snr_hard_t0023,143,23,120,formal_tps30,low_snr_hard,0,23,W_int18_G24_Z16,124.094630204738,124.087425126854,124.087425126854,0.000624723745496665,0.000624689116667905,0.00720507788355462,5.80611576155013e-05,0,weak_margin
263,cp00p00_cache_boundary_center_t0023,263,23,120,formal_tps30,cache_boundary_center,0,23,double_baseline,561.879593293124,561.879593293124,561.879593293124,0.00175687194788135,0.00175687194788135,0,0,0,reliable
263,cp00p00_cache_boundary_center_t0023,263,23,120,formal_tps30,cache_boundary_center,0,23,float32_all,561.879593293124,561.890625,561.890625,0.00175687194788135,0.00175690684338691,0.0110317068756558,1.9633578096332e-05,0,reliable
263,cp00p00_cache_boundary_center_t0023,263,23,120,formal_tps30,cache_boundary_center,0,23,combined_int16,561.879593293124,562.203861576912,562.203861576912,0.00175687194788135,0.00175789908130667,0.324268283788115,0.000577113473524832,0,reliable
263,cp00p00_cache_boundary_center_t0023,263,23,120,formal_tps30,cache_boundary_center,0,23,combined_int18,561.879593293124,562.196262599435,562.196262599435,0.00175687194788135,0.00175785877515455,0.316669306310359,0.000563589263768043,0,reliable
263,cp00p00_cache_boundary_center_t0023,263,23,120,formal_tps30,cache_boundary_center,0,23,combined_int24,561.879593293124,561.884883461928,561.884883461928,0.00175687194788135,0.00175688852081387,0.00529016880318522,9.415128910769e-06,0,reliable
263,cp00p00_cache_boundary_center_t0023,263,23,120,formal_tps30,cache_boundary_center,0,23,mixed_Z16_G24_Rz24,561.879593293124,561.769721351302,561.769721351302,0.00175687194788135,0.00175652963530244,0.109871941822348,0.000195543570426537,0,reliable
263,cp00p00_cache_boundary_center_t0023,263,23,120,formal_tps30,cache_boundary_center,0,23,combined_int14,561.879593293124,567.12904931372,567.12904931372,0.00175687194788135,0.00177337491591757,5.24945602059597,0.009342670713185,0,reliable
263,cp00p00_cache_boundary_center_t0023,263,23,120,formal_tps30,cache_boundary_center,0,23,W_int18_G24_Z16,561.879593293124,561.769679957011,561.769679957011,0.00175687194788135,0.0017565296353024,0.109913336113095,0.000195617241531951,0,reliable
383,cp04p00_hard_phase_t0023,383,23,120,formal_tps30,hard_phase,3.75,23,double_baseline,423.403652173642,423.403652173642,423.403652173642,0.00148727890279129,0.00148727890279129,0,0,0,reliable
383,cp04p00_hard_phase_t0023,383,23,120,formal_tps30,hard_phase,3.75,23,float32_all,423.403652173642,423.390625,423.390625,0.00148727890279129,0.00148723381261776,0.0130271736416034,3.07677403695632e-05,0,reliable
383,cp04p00_hard_phase_t0023,383,23,120,formal_tps30,hard_phase,3.75,23,combined_int16,423.403652173642,421.997750727431,421.997750727431,0.00148727890279129,0.00148234179439763,1.40590144621092,0.00332047548242297,0,reliable
383,cp04p00_hard_phase_t0023,383,23,120,formal_tps30,hard_phase,3.75,23,combined_int18,423.403652173642,423.078693955991,423.078693955991,0.00148727890279129,0.00148613387430144,0.324958217650419,0.000767490351068467,0,reliable
383,cp04p00_hard_phase_t0023,383,23,120,formal_tps30,hard_phase,3.75,23,combined_int24,423.403652173642,423.397873293725,423.397873293725,0.00148727890279129,0.00148725855478111,0.00577887991676107,1.36486303013539e-05,0,reliable
383,cp04p00_hard_phase_t0023,383,23,120,formal_tps30,hard_phase,3.75,23,mixed_Z16_G24_Rz24,423.403652173642,423.415324464178,423.415324464178,0.00148727890279129,0.00148731833686343,0.0116722905368079,2.75677606390153e-05,0,reliable
383,cp04p00_hard_phase_t0023,383,23,120,formal_tps30,hard_phase,3.75,23,combined_int14,423.403652173642,435.110474670189,435.110474670189,0.00148727890279129,0.00152839762792686,11.7068224965478,0.0276493186500592,0,reliable
383,cp04p00_hard_phase_t0023,383,23,120,formal_tps30,hard_phase,3.75,23,W_int18_G24_Z16,423.403652173642,423.415403174324,423.415403174324,0.00148727890279129,0.00148731833686333,0.0117510006821249,2.77536592369914e-05,0,reliable
503,cp04p00_medium_beta_coherent_t0023,503,23,120,formal_tps30,medium_beta_coherent,3.75,23,double_baseline,467.119736273569,467.119736273569,467.119736273569,0.00144239279945236,0.00144239279945236,0,0,0,reliable
503,cp04p00_medium_beta_coherent_t0023,503,23,120,formal_tps30,medium_beta_coherent,3.75,23,float32_all,467.119736273569,467.109375,467.109375,0.00144239279945236,0.0014423606486382,0.0103612735692877,2.21811941664988e-05,0,reliable
503,cp04p00_medium_beta_coherent_t0023,503,23,120,formal_tps30,medium_beta_coherent,3.75,23,combined_int16,467.119736273569,465.196759199403,465.196759199403,0.00144239279945236,0.00143643031784847,1.92297707416583,0.00411666843603379,0,reliable
503,cp04p00_medium_beta_coherent_t0023,503,23,120,formal_tps30,medium_beta_coherent,3.75,23,combined_int18,467.119736273569,466.419769018539,466.419769018539,0.00144239279945236,0.00144022310087288,0.69996725503006,0.0014984750175919,0,reliable
503,cp04p00_medium_beta_coherent_t0023,503,23,120,formal_tps30,medium_beta_coherent,3.75,23,combined_int24,467.119736273569,467.129839645524,467.129839645524,0.00144239279945236,0.00144242400293828,0.0101033719547559,2.16290838733451e-05,0,reliable
503,cp04p00_medium_beta_coherent_t0023,503,23,120,formal_tps30,medium_beta_coherent,3.75,23,mixed_Z16_G24_Rz24,467.119736273569,467.109714006481,467.109714006481,0.00144239279945236,0.00144236422621551,0.0100222670880612,2.14554562990925e-05,0,reliable
503,cp04p00_medium_beta_coherent_t0023,503,23,120,formal_tps30,medium_beta_coherent,3.75,23,combined_int14,467.119736273569,475.125796414417,475.125796414417,0.00144239279945236,0.00146717202592003,8.00606014084769,0.017139203332995,0,reliable
503,cp04p00_medium_beta_coherent_t0023,503,23,120,formal_tps30,medium_beta_coherent,3.75,23,W_int18_G24_Z16,467.119736273569,467.109732342156,467.109732342156,0.00144239279945236,0.00144236422621553,0.010003931412939,2.1416203675625e-05,0,reliable
623,cp08p00_easy_noncoherent_t0023,623,23,120,formal_tps30,easy_noncoherent,7.5,23,double_baseline,427.4670050485,427.4670050485,427.4670050485,0.000996778133687459,0.000996778133687459,0,0,0,weak_margin
623,cp08p00_easy_noncoherent_t0023,623,23,120,formal_tps30,easy_noncoherent,7.5,23,float32_all,427.4670050485,427.421875,427.421875,0.000996778133687459,0.00099667274167638,0.0451300485001411,0.000105575513354582,0,weak_margin
623,cp08p00_easy_noncoherent_t0023,623,23,120,formal_tps30,easy_noncoherent,7.5,23,combined_int16,427.4670050485,425.781650120625,425.781650120625,0.000996778133687459,0.000992836304205006,1.68535492787487,0.00394265500721781,0,weak_margin
623,cp08p00_easy_noncoherent_t0023,623,23,120,formal_tps30,easy_noncoherent,7.5,23,combined_int18,427.4670050485,427.404755568801,427.404755568801,0.000996778133687459,0.000996635876600465,0.0622494796989486,0.000145624057444821,0,weak_margin
623,cp08p00_easy_noncoherent_t0023,623,23,120,formal_tps30,easy_noncoherent,7.5,23,combined_int24,427.4670050485,427.454008081491,427.454008081491,0.000996778133687459,0.000996747831271005,0.012996967008803,3.04046086722609e-05,0,weak_margin
623,cp08p00_easy_noncoherent_t0023,623,23,120,formal_tps30,easy_noncoherent,7.5,23,mixed_Z16_G24_Rz24,427.4670050485,427.532540398679,427.532540398679,0.000996778133687459,0.000996927001901202,0.0655353501788341,0.000153310897460726,0,weak_margin
623,cp08p00_easy_noncoherent_t0023,623,23,120,formal_tps30,easy_noncoherent,7.5,23,combined_int14,427.4670050485,419.265903924825,419.265903924825,0.000996778133687459,0.000977636563607523,8.20110112367547,0.0191853430248844,0,weak_margin
623,cp08p00_easy_noncoherent_t0023,623,23,120,formal_tps30,easy_noncoherent,7.5,23,W_int18_G24_Z16,427.4670050485,427.558109459991,427.558109459991,0.000996778133687459,0.000996986725458867,0.09110441149096,0.000213126183810663,0,weak_margin
743,cp08p00_low_snr_hard_t0023,743,23,120,formal_tps30,low_snr_hard,7.5,23,double_baseline,108.77794115727,108.77794115727,108.77794115727,0.000548080541062281,0.000548080541062281,0,0,0,weak_margin
743,cp08p00_low_snr_hard_t0023,743,23,120,formal_tps30,low_snr_hard,7.5,23,float32_all,108.77794115727,108.7890625,108.7890625,0.000548080541062281,0.00054813678171792,0.0111213427298935,0.000102238952232184,0,weak_margin
743,cp08p00_low_snr_hard_t0023,743,23,120,formal_tps30,low_snr_hard,7.5,23,combined_int16,108.77794115727,109.086023609154,109.086023609154,0.000548080541062281,0.00054963510336193,0.30808245188382,0.00283221440492606,0,weak_margin
743,cp08p00_low_snr_hard_t0023,743,23,120,formal_tps30,low_snr_hard,7.5,23,combined_int18,108.77794115727,108.326579105356,108.326579105356,0.000548080541062281,0.000545803609937456,0.451362051913748,0.0041493895463711,0,weak_margin
743,cp08p00_low_snr_hard_t0023,743,23,120,formal_tps30,low_snr_hard,7.5,23,combined_int24,108.77794115727,108.775248179343,108.775248179343,0.000548080541062281,0.000548066963644595,0.00269297792692669,2.47566546882259e-05,0,weak_margin
743,cp08p00_low_snr_hard_t0023,743,23,120,formal_tps30,low_snr_hard,7.5,23,mixed_Z16_G24_Rz24,108.77794115727,108.763790027151,108.763790027151,0.000548080541062281,0.00054800729364371,0.0141511301189894,0.000130091909889431,0,weak_margin
743,cp08p00_low_snr_hard_t0023,743,23,120,formal_tps30,low_snr_hard,7.5,23,combined_int14,108.77794115727,109.093832157683,109.093832157683,0.000548080541062281,0.000549685457765779,0.315891000413103,0.00290399870646927,0,weak_margin
743,cp08p00_low_snr_hard_t0023,743,23,120,formal_tps30,low_snr_hard,7.5,23,W_int18_G24_Z16,108.77794115727,108.763813097918,108.763813097918,0.000548080541062281,0.000548007293643739,0.0141280593525153,0.000129879819402806,0,weak_margin
863,cp08p00_cache_boundary_center_t0023,863,23,120,formal_tps30,cache_boundary_center,7.5,23,double_baseline,558.585485872289,558.585485872289,558.585485872289,0.00173759521436363,0.00173759521436363,0,0,0,reliable
863,cp08p00_cache_boundary_center_t0023,863,23,120,formal_tps30,cache_boundary_center,7.5,23,float32_all,558.585485872289,558.578125,558.578125,0.00173759521436363,0.00173757203895711,0.00736087228870019,1.31777005935008e-05,0,reliable
863,cp08p00_cache_boundary_center_t0023,863,23,120,formal_tps30,cache_boundary_center,7.5,23,combined_int16,558.585485872289,560.185813839023,560.185813839023,0.00173759521436363,0.00174258636502603,1.60032796673477,0.00286496517938645,0,reliable
863,cp08p00_cache_boundary_center_t0023,863,23,120,formal_tps30,cache_boundary_center,7.5,23,combined_int18,558.585485872289,558.946225064778,558.946225064778,0.00173759521436363,0.00173871839258352,0.360739192488836,0.000645808388532518,0,reliable
863,cp08p00_cache_boundary_center_t0023,863,23,120,formal_tps30,cache_boundary_center,7.5,23,combined_int24,558.585485872289,558.577044853271,558.577044853271,0.00173759521436363,0.00173756888313331,0.00844101901748218,1.51114184506614e-05,0,reliable
863,cp08p00_cache_boundary_center_t0023,863,23,120,formal_tps30,cache_boundary_center,7.5,23,mixed_Z16_G24_Rz24,558.585485872289,558.615909124463,558.615909124463,0.00173759521436363,0.00173768850708004,0.0304232521739323,5.44648096726381e-05,0,reliable
863,cp08p00_cache_boundary_center_t0023,863,23,120,formal_tps30,cache_boundary_center,7.5,23,combined_int14,558.585485872289,550.412843873433,550.412843873433,0.00173759521436363,0.00171211935917819,8.1726419988554,0.0146309601762978,0,reliable
863,cp08p00_cache_boundary_center_t0023,863,23,120,formal_tps30,cache_boundary_center,7.5,23,W_int18_G24_Z16,558.585485872289,558.635193010443,558.635193010443,0.00173759521436363,0.00173774831906407,0.04970713815419,8.89875218948219e-05,0,reliable
983,cp15p00_hard_phase_t0023,983,23,120,formal_tps30,hard_phase,15,23,double_baseline,424.693616490113,424.693616490113,424.693616490113,0.00149193976725173,0.00149193976725173,0,0,0,reliable
983,cp15p00_hard_phase_t0023,983,23,120,formal_tps30,hard_phase,15,23,float32_all,424.693616490113,424.6875,424.6875,0.00149193976725173,0.00149191877331123,0.00611649011261761,1.44021239668433e-05,0,reliable
983,cp15p00_hard_phase_t0023,983,23,120,formal_tps30,hard_phase,15,23,combined_int16,424.693616490113,426.318147112237,426.318147112237,0.00149193976725173,0.00149764655541291,1.62453062212444,0.00382518257644275,0,reliable
983,cp15p00_hard_phase_t0023,983,23,120,formal_tps30,hard_phase,15,23,combined_int18,424.693616490113,424.129083506326,424.129083506326,0.00149193976725173,0.0014899599621015,0.564532983786194,0.00132927117777702,0,reliable
983,cp15p00_hard_phase_t0023,983,23,120,formal_tps30,hard_phase,15,23,combined_int24,424.693616490113,424.688410932344,424.688410932344,0.00149193976725173,0.00149192157863726,0.00520555776893161,1.22572074710071e-05,0,reliable
983,cp15p00_hard_phase_t0023,983,23,120,formal_tps30,hard_phase,15,23,mixed_Z16_G24_Rz24,424.693616490113,424.689454018226,424.689454018226,0.00149193976725173,0.0014919215786372,0.00416247188695706,9.80111714736351e-06,0,reliable
983,cp15p00_hard_phase_t0023,983,23,120,formal_tps30,hard_phase,15,23,combined_int14,424.693616490113,417.659189065249,417.659189065249,0.00149193976725173,0.00146717202592003,7.03442742486368,0.0165635346323305,0,reliable
983,cp15p00_hard_phase_t0023,983,23,120,formal_tps30,hard_phase,15,23,W_int18_G24_Z16,424.693616490113,424.689463466551,424.689463466551,0.00149193976725173,0.00149192157863722,0.00415302356122993,9.77886975451306e-06,0,reliable
1103,cp15p00_medium_beta_coherent_t0023,1103,23,120,formal_tps30,medium_beta_coherent,15,23,double_baseline,468.53912161442,468.53912161442,468.53912161442,0.00145054485517853,0.00145054485517853,0,0,0,reliable
1103,cp15p00_medium_beta_coherent_t0023,1103,23,120,formal_tps30,medium_beta_coherent,15,23,float32_all,468.53912161442,468.53125,468.53125,0.00145054485517853,0.00145052086885745,0.00787161441985518,1.68003354612788e-05,0,reliable
1103,cp15p00_medium_beta_coherent_t0023,1103,23,120,formal_tps30,medium_beta_coherent,15,23,combined_int16,468.53912161442,468.929572502238,468.929572502238,0.00145054485517853,0.00145173367563683,0.390450887818588,0.000833336790475964,0,reliable
1103,cp15p00_medium_beta_coherent_t0023,1103,23,120,formal_tps30,medium_beta_coherent,15,23,combined_int18,468.53912161442,468.91201026371,468.91201026371,0.00145054485517853,0.00145170039959964,0.372888649289962,0.000795853819004739,0,reliable
1103,cp15p00_medium_beta_coherent_t0023,1103,23,120,formal_tps30,medium_beta_coherent,15,23,combined_int24,468.53912161442,468.541996509332,468.541996509332,0.00145054485517853,0.0014505537037052,0.00287489491165616,6.13586951234784e-06,0,reliable
1103,cp15p00_medium_beta_coherent_t0023,1103,23,120,formal_tps30,medium_beta_coherent,15,23,mixed_Z16_G24_Rz24,468.53912161442,468.541889690503,468.541889690503,0.00145054485517853,0.00145055370370519,0.00276807608315721,5.90788678140558e-06,0,reliable
1103,cp15p00_medium_beta_coherent_t0023,1103,23,120,formal_tps30,medium_beta_coherent,15,23,combined_int14,468.53912161442,473.913283294445,473.913283294445,0.00145054485517853,0.00146717202591999,5.37416168002528,0.01147003832147,0,reliable
1103,cp15p00_medium_beta_coherent_t0023,1103,23,120,formal_tps30,medium_beta_coherent,15,23,W_int18_G24_Z16,468.53912161442,468.541924367833,468.541924367833,0.00145054485517853,0.00145055370370514,0.00280275341356173,5.98189838215523e-06,0,reliable
24,cp00p00_easy_noncoherent_t0024,24,24,120,formal_tps30,easy_noncoherent,0,24,double_baseline,679.817961312074,679.817961312074,679.817961312074,0.00182215407178682,0.00182215407178682,0,0,0,reliable
24,cp00p00_easy_noncoherent_t0024,24,24,120,formal_tps30,easy_noncoherent,0,24,float32_all,679.817961312074,679.828125,679.828125,0.00182215407178682,0.00182218186982437,0.0101636879262514,1.49506022268596e-05,0,reliable
24,cp00p00_easy_noncoherent_t0024,24,24,120,formal_tps30,easy_noncoherent,0,24,combined_int16,679.817961312074,678.703563418792,678.703563418792,0.00182215407178682,0.00181915462814346,1.11439789328142,0.00163925926748183,0,reliable
24,cp00p00_easy_noncoherent_t0024,24,24,120,formal_tps30,easy_noncoherent,0,24,combined_int18,679.817961312074,680.109468199662,680.109468199662,0.00182215407178682,0.00182294154739837,0.291506887588184,0.000428801391221799,0,reliable
24,cp00p00_easy_noncoherent_t0024,24,24,120,formal_tps30,easy_noncoherent,0,24,combined_int24,679.817961312074,679.816466940567,679.816466940567,0.00182215407178682,0.0018221501443359,0.00149437150685117,2.19819362225584e-06,0,reliable
24,cp00p00_easy_noncoherent_t0024,24,24,120,formal_tps30,easy_noncoherent,0,24,mixed_Z16_G24_Rz24,679.817961312074,679.816106833488,679.816106833488,0.00182215407178682,0.00182215014433593,0.00185447858530097,2.72790466100918e-06,0,reliable
24,cp00p00_easy_noncoherent_t0024,24,24,120,formal_tps30,easy_noncoherent,0,24,combined_int14,679.817961312074,684.463969848322,684.463969848322,0.00182215407178682,0.00183463796477494,4.6460085362487,0.00683419503550882,0,reliable
24,cp00p00_easy_noncoherent_t0024,24,24,120,formal_tps30,easy_noncoherent,0,24,W_int18_G24_Z16,679.817961312074,679.837927637971,679.837927637971,0.00182215407178682,0.00182220996640656,0.0199663258972578,2.93701064601501e-05,0,reliable
144,cp00p00_low_snr_hard_t0024,144,24,120,formal_tps30,low_snr_hard,0,24,double_baseline,29.5169552524021,29.5169552524021,29.5169552524021,0.000140942033940855,0.000140942033940855,0,0,0,weak_margin
144,cp00p00_low_snr_hard_t0024,144,24,120,formal_tps30,low_snr_hard,0,24,float32_all,29.5169552524021,29.515625,29.515625,0.000140942033940855,0.000140935725176977,0.00133025240211282,4.50673990842793e-05,0,weak_margin
144,cp00p00_low_snr_hard_t0024,144,24,120,formal_tps30,low_snr_hard,0,24,combined_int16,29.5169552524021,28.7653681431984,28.7653681431984,0.000140942033940855,0.000137352155665762,0.751587109203683,0.0254628942171303,0,weak_margin
144,cp00p00_low_snr_hard_t0024,144,24,120,formal_tps30,low_snr_hard,0,24,combined_int18,29.5169552524021,29.56345355956,29.56345355956,0.000140942033940855,0.000141164800366239,0.0464983071578899,0.00157530838666383,0,weak_margin
144,cp00p00_low_snr_hard_t0024,144,24,120,formal_tps30,low_snr_hard,0,24,combined_int24,29.5169552524021,29.5134389755258,29.5134389755258,0.000140942033940855,0.000140925254175129,0.00351627687632572,0.00011912735735301,0,weak_margin
144,cp00p00_low_snr_hard_t0024,144,24,120,formal_tps30,low_snr_hard,0,24,mixed_Z16_G24_Rz24,29.5169552524021,29.5258549993305,29.5258549993305,0.000140942033940855,0.000140984875631367,0.00889974692836404,0.000301513040632461,0,weak_margin
144,cp00p00_low_snr_hard_t0024,144,24,120,formal_tps30,low_snr_hard,0,24,combined_int14,29.5169552524021,25.5712537489599,25.5712537489599,0.000140942033940855,0.000122100122100144,3.94570150344225,0.133675762615155,0,weak_margin
144,cp00p00_low_snr_hard_t0024,144,24,120,formal_tps30,low_snr_hard,0,24,W_int18_G24_Z16,29.5169552524021,29.5133738178556,29.5133738178556,0.000140942033940855,0.000140925254175124,0.00358143454650417,0.00012133482318481,0,weak_margin
264,cp00p00_cache_boundary_center_t0024,264,24,120,formal_tps30,cache_boundary_center,0,24,double_baseline,382.893436385843,382.893436385843,382.893436385843,0.00119330761466516,0.00119330761466516,0,0,0,reliable
264,cp00p00_cache_boundary_center_t0024,264,24,120,formal_tps30,cache_boundary_center,0,24,float32_all,382.893436385843,382.890625,382.890625,0.00119330761466516,0.00119329923401438,0.00281138584250584,7.34247593545271e-06,0,reliable
264,cp00p00_cache_boundary_center_t0024,264,24,120,formal_tps30,cache_boundary_center,0,24,combined_int16,382.893436385843,382.356335542136,382.356335542136,0.00119330761466516,0.00119164018577367,0.537100843706867,0.00140274236293157,0,reliable
264,cp00p00_cache_boundary_center_t0024,264,24,120,formal_tps30,cache_boundary_center,0,24,combined_int18,382.893436385843,382.350318044919,382.350318044919,0.00119330761466516,0.00119161287858541,0.543118340923684,0.00141845821659994,0,reliable
264,cp00p00_cache_boundary_center_t0024,264,24,120,formal_tps30,cache_boundary_center,0,24,combined_int24,382.893436385843,382.883597267268,382.883597267268,0.00119330761466516,0.00119327683151231,0.00983911857474595,2.56967543440234e-05,0,reliable
264,cp00p00_cache_boundary_center_t0024,264,24,120,formal_tps30,cache_boundary_center,0,24,mixed_Z16_G24_Rz24,382.893436385843,382.865017657517,382.865017657517,0.00119330761466516,0.00119321708452942,0.0284187283250503,7.42209858526086e-05,0,reliable
264,cp00p00_cache_boundary_center_t0024,264,24,120,formal_tps30,cache_boundary_center,0,24,combined_int14,382.893436385843,372.573386444885,372.573386444885,0.00119330761466516,0.00116115626718817,10.3200499409577,0.0269527992915453,0,reliable
264,cp00p00_cache_boundary_center_t0024,264,24,120,formal_tps30,cache_boundary_center,0,24,W_int18_G24_Z16,382.893436385843,382.865101145027,382.865101145027,0.00119330761466516,0.00119321708452935,0.0283352408150677,7.40029421306512e-05,0,reliable
384,cp04p00_hard_phase_t0024,384,24,120,formal_tps30,hard_phase,3.75,24,double_baseline,847.814720095717,847.814720095717,847.814720095717,0.00256020712658388,0.00256020712658388,0,0,0,reliable
384,cp04p00_hard_phase_t0024,384,24,120,formal_tps30,hard_phase,3.75,24,float32_all,847.814720095717,847.859375,847.859375,0.00256020712658388,0.00256034272912067,0.0446549042826518,5.26705932607662e-05,0,reliable
384,cp04p00_hard_phase_t0024,384,24,120,formal_tps30,hard_phase,3.75,24,combined_int16,847.814720095717,846.036280155095,846.036280155095,0.00256020712658388,0.00255480594183614,1.77843994062277,0.00209767523312404,0,reliable
384,cp04p00_hard_phase_t0024,384,24,120,formal_tps30,hard_phase,3.75,24,combined_int18,847.814720095717,848.543664179946,848.543664179946,0.00256020712658388,0.00256241586097175,0.728944084228715,0.000859791729195759,0,reliable
384,cp04p00_hard_phase_t0024,384,24,120,formal_tps30,hard_phase,3.75,24,combined_int24,847.814720095717,847.805711833789,847.805711833789,0.00256020712658388,0.00256017988366576,0.009008261928102,1.06252719073868e-05,0,reliable
384,cp04p00_hard_phase_t0024,384,24,120,formal_tps30,hard_phase,3.75,24,mixed_Z16_G24_Rz24,847.814720095717,847.827275353891,847.827275353891,0.00256020712658388,0.00256023979390916,0.0125552581739612,1.48089645961133e-05,0,reliable
384,cp04p00_hard_phase_t0024,384,24,120,formal_tps30,hard_phase,3.75,24,combined_int14,847.814720095717,851.182702253194,851.182702253194,0.00256020712658388,0.00257037943696445,3.36798215747694,0.00397254503566145,0,reliable
384,cp04p00_hard_phase_t0024,384,24,120,formal_tps30,hard_phase,3.75,24,W_int18_G24_Z16,847.814720095717,847.827314373135,847.827314373135,0.00256020712658388,0.00256023979390924,0.0125942774175201,1.48549879106819e-05,0,reliable
504,cp04p00_medium_beta_coherent_t0024,504,24,120,formal_tps30,medium_beta_coherent,3.75,24,double_baseline,176.125476504909,176.125476504909,176.125476504909,0.000477019452428223,0.000477019452428223,0,0,0,weak_margin
504,cp04p00_medium_beta_coherent_t0024,504,24,120,formal_tps30,medium_beta_coherent,3.75,24,float32_all,176.125476504909,176.15625,176.15625,0.000477019452428223,0.000477102830513896,0.0307734950911254,0.000174724836530209,0,weak_margin
504,cp04p00_medium_beta_coherent_t0024,504,24,120,formal_tps30,medium_beta_coherent,3.75,24,combined_int16,176.125476504909,174.737007137592,174.737007137592,0.000477019452428223,0.000473260766682478,1.38846936731716,0.00788341013958,0,weak_margin
504,cp04p00_medium_beta_coherent_t0024,504,24,120,formal_tps30,medium_beta_coherent,3.75,24,combined_int18,176.125476504909,176.142510845675,176.142510845675,0.000477019452428223,0.000477068281829084,0.0170343407662585,9.6717074124048e-05,0,weak_margin
504,cp04p00_medium_beta_coherent_t0024,504,24,120,formal_tps30,medium_beta_coherent,3.75,24,combined_int24,176.125476504909,176.120154256205,176.120154256205,0.000477019452428223,0.000477005035715747,0.00532224870403297,3.02185056338776e-05,0,weak_margin
504,cp04p00_medium_beta_coherent_t0024,504,24,120,formal_tps30,medium_beta_coherent,3.75,24,mixed_Z16_G24_Rz24,176.125476504909,176.07582924224,176.07582924224,0.000477019452428223,0.000476885712672216,0.0496472626691684,0.000281885753579691,0,weak_margin
504,cp04p00_medium_beta_coherent_t0024,504,24,120,formal_tps30,medium_beta_coherent,3.75,24,combined_int14,176.125476504909,180.396393241041,180.396393241041,0.000477019452428223,0.000488579455233854,4.27091673613177,0.0242492842085383,0,weak_margin
504,cp04p00_medium_beta_coherent_t0024,504,24,120,formal_tps30,medium_beta_coherent,3.75,24,W_int18_G24_Z16,176.125476504909,176.097724638821,176.097724638821,0.000477019452428223,0.000476945374190452,0.0277518660877831,0.000157568721110087,0,weak_margin
624,cp08p00_easy_noncoherent_t0024,624,24,120,formal_tps30,easy_noncoherent,7.5,24,double_baseline,572.668337637704,572.668337637704,572.668337637704,0.00151519117891308,0.00151519117891308,0,0,0,reliable
624,cp08p00_easy_noncoherent_t0024,624,24,120,formal_tps30,easy_noncoherent,7.5,24,float32_all,572.668337637704,572.671875,572.671875,0.00151519117891308,0.00151520118738922,0.0035373622959014,6.17698249303124e-06,0,reliable
624,cp08p00_easy_noncoherent_t0024,624,24,120,formal_tps30,easy_noncoherent,7.5,24,combined_int16,572.668337637704,571.824269460369,571.824269460369,0.00151519117891308,0.00151295178421331,0.84406817733543,0.00147392150370539,0,reliable
624,cp08p00_easy_noncoherent_t0024,624,24,120,formal_tps30,easy_noncoherent,7.5,24,combined_int18,572.668337637704,573.254693727213,573.254693727213,0.00151519117891308,0.00151674339528928,0.586356089508627,0.00102390170884492,0,reliable
624,cp08p00_easy_noncoherent_t0024,624,24,120,formal_tps30,easy_noncoherent,7.5,24,combined_int24,572.668337637704,572.663197817747,572.663197817747,0.00151519117891308,0.00151517756386288,0.00513981995754875,8.97521238689546e-06,0,reliable
624,cp08p00_easy_noncoherent_t0024,624,24,120,formal_tps30,easy_noncoherent,7.5,24,mixed_Z16_G24_Rz24,572.668337637704,572.685538484249,572.685538484249,0.00151519117891308,0.00151523734927844,0.0172008465451654,3.0036314939499e-05,0,reliable
624,cp08p00_easy_noncoherent_t0024,624,24,120,formal_tps30,easy_noncoherent,7.5,24,combined_int14,572.668337637704,577.621034395677,577.621034395677,0.00151519117891308,0.00152839762792687,4.95269675797317,0.00864845571592692,0,reliable
624,cp08p00_easy_noncoherent_t0024,624,24,120,formal_tps30,easy_noncoherent,7.5,24,W_int18_G24_Z16,572.668337637704,572.662950930826,572.662950930826,0.00151519117891308,0.00151517756386285,0.00538670687819831,9.40632915103853e-06,0,reliable
744,cp08p00_low_snr_hard_t0024,744,24,120,formal_tps30,low_snr_hard,7.5,24,double_baseline,29.1063315104984,29.1063315104984,29.1063315104984,0.000138943426576137,0.000138943426576137,0,0,0,weak_margin
744,cp08p00_low_snr_hard_t0024,744,24,120,formal_tps30,low_snr_hard,7.5,24,float32_all,29.1063315104984,29.1171875,29.1171875,0.000138943426576137,0.000138995275615101,0.0108559895015787,0.000372976907023239,0,weak_margin
744,cp08p00_low_snr_hard_t0024,744,24,120,formal_tps30,low_snr_hard,7.5,24,combined_int16,29.1063315104984,28.772834453106,28.772834453106,0.000138943426576137,0.000137352155665808,0.333497057392378,0.0114578869986446,0,weak_margin
744,cp08p00_low_snr_hard_t0024,744,24,120,formal_tps30,low_snr_hard,7.5,24,combined_int18,29.1063315104984,28.7724323416624,28.7724323416624,0.000138943426576137,0.000137349011468646,0.333899168836069,0.0114717022554228,0,weak_margin
744,cp08p00_low_snr_hard_t0024,744,24,120,formal_tps30,low_snr_hard,7.5,24,combined_int24,29.1063315104984,29.1093326111732,29.1093326111732,0.000138943426576137,0.000138957750107733,0.00300110067473724,0.000103108173342105,0,weak_margin
744,cp08p00_low_snr_hard_t0024,744,24,120,formal_tps30,low_snr_hard,7.5,24,mixed_Z16_G24_Rz24,29.1063315104984,29.0967464850837,29.0967464850837,0.000138943426576137,0.000138898128893146,0.00958502541470807,0.000329310666005808,0,weak_margin
744,cp08p00_low_snr_hard_t0024,744,24,120,formal_tps30,low_snr_hard,7.5,24,combined_int14,29.1063315104984,25.5803212770261,25.5803212770261,0.000138943426576137,0.000122100122100108,3.52601023347233,0.121142378667697,0,weak_margin
744,cp08p00_low_snr_hard_t0024,744,24,120,formal_tps30,low_snr_hard,7.5,24,W_int18_G24_Z16,29.1063315104984,29.0967441203247,29.0967441203247,0.000138943426576137,0.000138898128893145,0.00958739017369226,0.000329391911523929,0,weak_margin
864,cp08p00_cache_boundary_center_t0024,864,24,120,formal_tps30,cache_boundary_center,7.5,24,double_baseline,383.248991020781,383.248991020781,383.248991020781,0.00119458242175269,0.00119458242175269,0,0,0,reliable
864,cp08p00_cache_boundary_center_t0024,864,24,120,formal_tps30,cache_boundary_center,7.5,24,float32_all,383.248991020781,383.25,383.25,0.00119458242175269,0.0011945855584892,0.00100897921947762,2.63269895842443e-06,0,reliable
864,cp08p00_cache_boundary_center_t0024,864,24,120,formal_tps30,cache_boundary_center,7.5,24,combined_int16,383.248991020781,382.30611553762,382.30611553762,0.00119458242175269,0.00119164018577369,0.942875483160606,0.002460216478716,0,reliable
864,cp08p00_cache_boundary_center_t0024,864,24,120,formal_tps30,cache_boundary_center,7.5,24,combined_int18,383.248991020781,383.521196051384,383.521196051384,0.00119458242175269,0.00119543671633005,0.2722050306038,0.000710256352870712,0,reliable
864,cp08p00_cache_boundary_center_t0024,864,24,120,formal_tps30,cache_boundary_center,7.5,24,combined_int24,383.248991020781,383.251826430962,383.251826430962,0.00119458242175269,0.00119459126693987,0.00283541018143296,7.39835002273814e-06,0,reliable
864,cp08p00_cache_boundary_center_t0024,864,24,120,formal_tps30,cache_boundary_center,7.5,24,mixed_Z16_G24_Rz24,383.248991020781,383.251234224212,383.251234224212,0.00119458242175269,0.00119459126693994,0.00224320343113504,5.85312286187705e-06,0,reliable
864,cp08p00_cache_boundary_center_t0024,864,24,120,formal_tps30,cache_boundary_center,7.5,24,combined_int14,383.248991020781,372.551446869678,372.551446869678,0.00119458242175269,0.00116115626718816,10.6975441511022,0.0279127783809929,0,reliable
864,cp08p00_cache_boundary_center_t0024,864,24,120,formal_tps30,cache_boundary_center,7.5,24,W_int18_G24_Z16,383.248991020781,383.270267507847,383.270267507847,0.00119458242175269,0.0011946510140868,0.0212764870666433,5.55160941454107e-05,0,reliable
984,cp15p00_hard_phase_t0024,984,24,120,formal_tps30,hard_phase,15,24,double_baseline,846.08339186231,846.08339186231,846.08339186231,0.00256358732312576,0.00256358732312576,0,0,0,reliable
984,cp15p00_hard_phase_t0024,984,24,120,formal_tps30,hard_phase,15,24,float32_all,846.08339186231,846.09375,846.09375,0.00256358732312576,0.00256361942347679,0.0103581376897637,1.22424548092883e-05,0,reliable
984,cp15p00_hard_phase_t0024,984,24,120,formal_tps30,hard_phase,15,24,combined_int16,846.08339186231,848.248690945969,848.248690945969,0.00256358732312576,0.00257014349967876,2.16529908365919,0.00255920291603073,0,reliable
984,cp15p00_hard_phase_t0024,984,24,120,formal_tps30,hard_phase,15,24,combined_int18,846.08339186231,845.695985837403,845.695985837403,0.00256358732312576,0.00256241586097176,0.38740602490725,0.000457881609110105,0,reliable
984,cp15p00_hard_phase_t0024,984,24,120,formal_tps30,hard_phase,15,24,combined_int24,846.08339186231,846.085840132582,846.085840132582,0.00256358732312576,0.0025635947789674,0.0024482702719979,2.89365125890135e-06,0,reliable
984,cp15p00_hard_phase_t0024,984,24,120,formal_tps30,hard_phase,15,24,mixed_Z16_G24_Rz24,846.08339186231,846.106105010957,846.106105010957,0.00256358732312576,0.00256365468961884,0.0227131486462895,2.68450472669079e-05,0,reliable
984,cp15p00_hard_phase_t0024,984,24,120,formal_tps30,hard_phase,15,24,combined_int14,846.08339186231,848.358284817106,848.358284817106,0.00256358732312576,0.00257037943696451,2.27489295479609,0.00268873373083099,0,reliable
984,cp15p00_hard_phase_t0024,984,24,120,formal_tps30,hard_phase,15,24,W_int18_G24_Z16,846.08339186231,846.106115241186,846.106115241186,0.00256358732312576,0.00256365468961885,0.0227233788755257,2.68571385445935e-05,0,reliable
1104,cp15p00_medium_beta_coherent_t0024,1104,24,120,formal_tps30,medium_beta_coherent,15,24,double_baseline,164.37151979332,164.37151979332,164.37151979332,0.000442150096487166,0.000442150096487166,0,0,0,weak_margin
1104,cp15p00_medium_beta_coherent_t0024,1104,24,120,formal_tps30,medium_beta_coherent,15,24,float32_all,164.37151979332,164.359375,164.359375,0.000442150096487166,0.000442117549301108,0.0121447933197487,7.3886238534629e-05,0,weak_margin
1104,cp15p00_medium_beta_coherent_t0024,1104,24,120,formal_tps30,medium_beta_coherent,15,24,combined_int16,164.37151979332,164.582694750163,164.582694750163,0.000442150096487166,0.000442714296618606,0.211174956843024,0.00128474176736064,0,weak_margin
1104,cp15p00_medium_beta_coherent_t0024,1104,24,120,formal_tps30,medium_beta_coherent,15,24,combined_int18,164.37151979332,164.577562407241,164.577562407241,0.000442150096487166,0.000442704159129218,0.206042613921454,0.00125351772728348,0,weak_margin
1104,cp15p00_medium_beta_coherent_t0024,1104,24,120,formal_tps30,medium_beta_coherent,15,24,combined_int24,164.37151979332,164.376649531914,164.376649531914,0.000442150096487166,0.000442163916216289,0.00512973859440535,3.12081959262497e-05,0,weak_margin
1104,cp15p00_medium_beta_coherent_t0024,1104,24,120,formal_tps30,medium_beta_coherent,15,24,mixed_Z16_G24_Rz24,164.37151979332,164.399214898789,164.399214898789,0.000442150096487166,0.000442223573593393,0.02769510546932,0.000168490901003676,0,weak_margin
1104,cp15p00_medium_beta_coherent_t0024,1104,24,120,formal_tps30,medium_beta_coherent,15,24,combined_int14,164.37151979332,158.921678993996,158.921678993996,0.000442150096487166,0.000427480916030494,5.44984079932328,0.0331556269977664,0,weak_margin
1104,cp15p00_medium_beta_coherent_t0024,1104,24,120,formal_tps30,medium_beta_coherent,15,24,W_int18_G24_Z16,164.37151979332,164.399227904592,164.399227904592,0.000442150096487166,0.000442223573593471,0.0277081112726592,0.000168570025436884,0,weak_margin
25,cp00p00_easy_noncoherent_t0025,25,25,120,formal_tps30,easy_noncoherent,0,25,double_baseline,333.936360376538,333.936360376538,333.936360376538,0.000783040920064589,0.000783040920064589,0,0,0,weak_margin
25,cp00p00_easy_noncoherent_t0025,25,25,120,formal_tps30,easy_noncoherent,0,25,float32_all,333.936360376538,333.921875,333.921875,0.000783040920064589,0.000783006914356645,0.0144853765377775,4.33776559145705e-05,0,weak_margin
25,cp00p00_easy_noncoherent_t0025,25,25,120,formal_tps30,easy_noncoherent,0,25,combined_int16,333.936360376538,332.141076905624,332.141076905624,0.000783040920064589,0.000778828092787394,1.795283470914,0.00537612456723696,0,weak_margin
25,cp00p00_easy_noncoherent_t0025,25,25,120,formal_tps30,easy_noncoherent,0,25,combined_int18,333.936360376538,333.761702909309,333.761702909309,0.000783040920064589,0.000782630937973599,0.174657467228826,0.000523026204848993,0,weak_margin
25,cp00p00_easy_noncoherent_t0025,25,25,120,formal_tps30,easy_noncoherent,0,25,combined_int24,333.936360376538,333.937230359355,333.937230359355,0.000783040920064589,0.000783042941736137,0.000869982817675918,2.60523537088009e-06,0,weak_margin
25,cp00p00_easy_noncoherent_t0025,25,25,120,formal_tps30,easy_noncoherent,0,25,mixed_Z16_G24_Rz24,333.936360376538,333.911741251242,333.911741251242,0.000783040920064589,0.000782983243705261,0.0246191252954304,7.37240031833327e-05,0,weak_margin
25,cp00p00_easy_noncoherent_t0025,25,25,120,formal_tps30,easy_noncoherent,0,25,combined_int14,333.936360376538,338.679300369549,338.679300369549,0.000783040920064589,0.000794184128535653,4.74293999301153,0.0142031253729409,0,weak_margin
25,cp00p00_easy_noncoherent_t0025,25,25,120,formal_tps30,easy_noncoherent,0,25,W_int18_G24_Z16,333.936360376538,333.937334372429,333.937334372429,0.000783040920064589,0.000783042941736088,0.000973995891399682,2.91671110717452e-06,0,weak_margin
145,cp00p00_low_snr_hard_t0025,145,25,120,formal_tps30,low_snr_hard,0,25,double_baseline,125.82610114041,125.82610114041,125.82610114041,0.00063374000054624,0.00063374000054624,0,0,0,weak_margin
145,cp00p00_low_snr_hard_t0025,145,25,120,formal_tps30,low_snr_hard,0,25,float32_all,125.82610114041,125.8125,125.8125,0.00063374000054624,0.000633671669304604,0.0136011404101737,0.000108094745739567,0,weak_margin
145,cp00p00_low_snr_hard_t0025,145,25,120,formal_tps30,low_snr_hard,0,25,combined_int16,125.82610114041,127.3258786847,127.3258786847,0.00063374000054624,0.000641299700726816,1.49977754428983,0.0119194470042127,0,weak_margin
145,cp00p00_low_snr_hard_t0025,145,25,120,formal_tps30,low_snr_hard,0,25,combined_int18,125.82610114041,125.049005983587,125.049005983587,0.00063374000054624,0.000629826282459903,0.777095156823634,0.00617594560890406,0,weak_margin
145,cp00p00_low_snr_hard_t0025,145,25,120,formal_tps30,low_snr_hard,0,25,combined_int24,125.82610114041,125.818300867497,125.818300867497,0.00063374000054624,0.000633700748554195,0.00780027291330043,6.19924867941037e-05,0,weak_margin
145,cp00p00_low_snr_hard_t0025,145,25,120,formal_tps30,low_snr_hard,0,25,mixed_Z16_G24_Rz24,125.82610114041,125.806391911377,125.806391911377,0.00063374000054624,0.000633641068338883,0.0197092290327419,0.000156638637405988,0,weak_margin
145,cp00p00_low_snr_hard_t0025,145,25,120,formal_tps30,low_snr_hard,0,25,combined_int14,125.82610114041,121.266438321458,121.266438321458,0.00063374000054624,0.000610798924993894,4.55966281895235,0.0362378137574508,0,weak_margin
145,cp00p00_low_snr_hard_t0025,145,25,120,formal_tps30,low_snr_hard,0,25,W_int18_G24_Z16,125.82610114041,125.818248173207,125.818248173207,0.00063374000054624,0.000633700748554163,0.00785296720277984,6.24112734290055e-05,0,weak_margin
265,cp00p00_cache_boundary_center_t0025,265,25,120,formal_tps30,cache_boundary_center,0,25,double_baseline,566.702834173106,566.702834173106,566.702834173106,0.00177136636625843,0.00177136636625843,0,0,0,reliable
265,cp00p00_cache_boundary_center_t0025,265,25,120,formal_tps30,cache_boundary_center,0,25,float32_all,566.702834173106,566.734375,566.734375,0.00177136636625843,0.00177146555844779,0.0315408268943429,5.56567304632685e-05,0,reliable
265,cp00p00_cache_boundary_center_t0025,265,25,120,formal_tps30,cache_boundary_center,0,25,combined_int16,566.702834173106,567.296648872609,567.296648872609,0.00177136636625843,0.00177321226573721,0.593814699503127,0.00104784141475061,0,reliable
265,cp00p00_cache_boundary_center_t0025,265,25,120,formal_tps30,cache_boundary_center,0,25,combined_int18,566.702834173106,567.280324810621,567.280324810621,0.00177136636625843,0.0017731716078539,0.577490637515439,0.00101903608503754,0,reliable
265,cp00p00_cache_boundary_center_t0025,265,25,120,formal_tps30,cache_boundary_center,0,25,combined_int24,566.702834173106,566.702000920719,566.702000920719,0.00177136636625843,0.00177136378411928,0.000833252386655658,1.47035154301193e-06,0,reliable
265,cp00p00_cache_boundary_center_t0025,265,25,120,formal_tps30,cache_boundary_center,0,25,mixed_Z16_G24_Rz24,566.702834173106,566.722048068739,566.722048068739,0.00177136636625843,0.00177142360012481,0.0192138956335839,3.39047106789566e-05,0,reliable
265,cp00p00_cache_boundary_center_t0025,265,25,120,formal_tps30,cache_boundary_center,0,25,combined_int14,566.702834173106,567.346877682518,567.346877682518,0.00177136636625843,0.0017733749159176,0.644043509411858,0.00113647483403114,0,reliable
265,cp00p00_cache_boundary_center_t0025,265,25,120,formal_tps30,cache_boundary_center,0,25,W_int18_G24_Z16,566.702834173106,566.722055885213,566.722055885213,0.00177136636625843,0.0017714236001248,0.0192217121075373,3.39185035761897e-05,0,reliable
385,cp04p00_hard_phase_t0025,385,25,120,formal_tps30,hard_phase,3.75,25,double_baseline,425.313786921179,425.313786921179,425.313786921179,0.00149409991621597,0.00149409991621597,0,0,0,reliable
385,cp04p00_hard_phase_t0025,385,25,120,formal_tps30,hard_phase,3.75,25,float32_all,425.313786921179,425.3125,425.3125,0.00149409991621597,0.0014940958513536,0.00128692117868923,3.02581580532616e-06,0,reliable
385,cp04p00_hard_phase_t0025,385,25,120,formal_tps30,hard_phase,3.75,25,combined_int16,425.313786921179,426.317697986698,426.317697986698,0.00149409991621597,0.00149764655541297,1.00391106551979,0.00236040094723249,0,reliable
385,cp04p00_hard_phase_t0025,385,25,120,formal_tps30,hard_phase,3.75,25,combined_int18,425.313786921179,425.22518195922,425.22518195922,0.00149409991621597,0.00149378607913631,0.088604961958481,0.000208328449919028,0,reliable
385,cp04p00_hard_phase_t0025,385,25,120,formal_tps30,hard_phase,3.75,25,combined_int24,425.313786921179,425.306363611831,425.306363611831,0.00149409991621597,0.00149407375813966,0.00742330934735946,1.74537237579256e-05,0,reliable
385,cp04p00_hard_phase_t0025,385,25,120,formal_tps30,hard_phase,3.75,25,mixed_Z16_G24_Rz24,425.313786921179,425.323466029833,425.323466029833,0.00149409991621597,0.0014941335410356,0.00967910865438171,2.27575708853649e-05,0,reliable
385,cp04p00_hard_phase_t0025,385,25,120,formal_tps30,hard_phase,3.75,25,combined_int14,425.313786921179,435.046643890004,435.046643890004,0.00149409991621597,0.00152839762792681,9.73285696882522,0.0228839442033629,0,reliable
385,cp04p00_hard_phase_t0025,385,25,120,formal_tps30,hard_phase,3.75,25,W_int18_G24_Z16,425.313786921179,425.340488414018,425.340488414018,0.00149409991621597,0.00149419332393877,0.0267014928394929,6.27806896004557e-05,0,reliable
505,cp04p00_medium_beta_coherent_t0025,505,25,120,formal_tps30,medium_beta_coherent,3.75,25,double_baseline,466.472599327099,466.472599327099,466.472599327099,0.00145854650739753,0.00145854650739753,0,0,0,reliable
505,cp04p00_medium_beta_coherent_t0025,505,25,120,formal_tps30,medium_beta_coherent,3.75,25,float32_all,466.472599327099,466.453125,466.453125,0.00145854650739753,0.0014584854879155,0.0194743270985782,4.17480622155954e-05,0,reliable
505,cp04p00_medium_beta_coherent_t0025,505,25,120,formal_tps30,medium_beta_coherent,3.75,25,combined_int16,466.472599327099,469.185081100295,469.185081100295,0.00145854650739753,0.0014670375011462,2.71248177319649,0.00581487910996129,0,reliable
505,cp04p00_medium_beta_coherent_t0025,505,25,120,formal_tps30,medium_beta_coherent,3.75,25,combined_int18,466.472599327099,466.730706177419,466.730706177419,0.00145854650739753,0.00145935207823965,0.258106850320473,0.000553316209125253,0,reliable
505,cp04p00_medium_beta_coherent_t0025,505,25,120,formal_tps30,medium_beta_coherent,3.75,25,combined_int24,466.472599327099,466.478187921253,466.478187921253,0.00145854650739753,0.00145856397914644,0.0055885941546876,1.19805411137746e-05,0,reliable
505,cp04p00_medium_beta_coherent_t0025,505,25,120,formal_tps30,medium_beta_coherent,3.75,25,mixed_Z16_G24_Rz24,466.472599327099,466.478563588025,466.478563588025,0.00145854650739753,0.00145856397914639,0.00596426092670299,1.27858762450498e-05,0,reliable
505,cp04p00_medium_beta_coherent_t0025,505,25,120,formal_tps30,medium_beta_coherent,3.75,25,combined_int14,466.472599327099,469.239185013925,469.239185013925,0.00145854650739753,0.00146717202591996,2.76658568682615,0.00593086430117661,0,reliable
505,cp04p00_medium_beta_coherent_t0025,505,25,120,formal_tps30,medium_beta_coherent,3.75,25,W_int18_G24_Z16,466.472599327099,466.478614725289,466.478614725289,0.00145854650739753,0.00145856397914638,0.00601539819035679,1.28955016844166e-05,0,reliable
625,cp08p00_easy_noncoherent_t0025,625,25,120,formal_tps30,easy_noncoherent,7.5,25,double_baseline,291.965199654689,291.965199654689,291.965199654689,0.000685016389566253,0.000685016389566253,0,0,0,weak_margin
625,cp08p00_easy_noncoherent_t0025,625,25,120,formal_tps30,easy_noncoherent,7.5,25,float32_all,291.965199654689,292,292,0.000685016389566253,0.000685097881966815,0.0348003453109413,0.000119193470153635,0,weak_margin
625,cp08p00_easy_noncoherent_t0025,625,25,120,formal_tps30,easy_noncoherent,7.5,25,combined_int16,291.965199654689,292.87074303886,292.87074303886,0.000685016389566253,0.00068713829803485,0.905543384171324,0.00310154561311527,0,weak_margin
625,cp08p00_easy_noncoherent_t0025,625,25,120,formal_tps30,easy_noncoherent,7.5,25,combined_int18,291.965199654689,291.235709513567,291.235709513567,0.000685016389566253,0.000683302603802824,0.729490141122369,0.00249855168350593,0,weak_margin
625,cp08p00_easy_noncoherent_t0025,625,25,120,formal_tps30,easy_noncoherent,7.5,25,combined_int24,291.965199654689,291.970309095137,291.970309095137,0.000685016389566253,0.000685028369479231,0.00510944044799544,1.75001693833321e-05,0,weak_margin
625,cp08p00_easy_noncoherent_t0025,625,25,120,formal_tps30,easy_noncoherent,7.5,25,mixed_Z16_G24_Rz24,291.965199654689,291.969835666881,291.969835666881,0.000685016389566253,0.0006850283694792,0.00463601219234988,1.5878646488804e-05,0,weak_margin
625,cp08p00_easy_noncoherent_t0025,625,25,120,formal_tps30,easy_noncoherent,7.5,25,combined_int14,291.965199654689,286.388208602031,286.388208602031,0.000685016389566253,0.000671919858285979,5.57699105265783,0.0191015609368987,0,weak_margin
625,cp08p00_easy_noncoherent_t0025,625,25,120,formal_tps30,easy_noncoherent,7.5,25,W_int18_G24_Z16,291.965199654689,291.96984874073,291.96984874073,0.000685016389566253,0.000685028369479204,0.00464908604044467,1.59234252778866e-05,0,weak_margin
745,cp08p00_low_snr_hard_t0025,745,25,120,formal_tps30,low_snr_hard,7.5,25,double_baseline,123.212566979535,123.212566979535,123.212566979535,0.000620776419846534,0.000620776419846534,0,0,0,weak_margin
745,cp08p00_low_snr_hard_t0025,745,25,120,formal_tps30,low_snr_hard,7.5,25,float32_all,123.212566979535,123.2265625,123.2265625,0.000620776419846534,0.000620847005671778,0.0139955204649596,0.000113588417221144,0,weak_margin
745,cp08p00_low_snr_hard_t0025,745,25,120,formal_tps30,low_snr_hard,7.5,25,combined_int16,123.212566979535,124.252219201488,124.252219201488,0.000620776419846534,0.000626021101491777,1.03965222195257,0.00843787486486866,0,weak_margin
745,cp08p00_low_snr_hard_t0025,745,25,120,formal_tps30,low_snr_hard,7.5,25,combined_int18,123.212566979535,123.492358644842,123.492358644842,0.000620776419846534,0.000622187274552508,0.27979166530713,0.00227080461162376,0,weak_margin
745,cp08p00_low_snr_hard_t0025,745,25,120,formal_tps30,low_snr_hard,7.5,25,combined_int24,123.212566979535,123.219229300157,123.219229300157,0.000620776419846534,0.000620809987353009,0.00666232062212657,5.40717622029021e-05,0,weak_margin
745,cp08p00_low_snr_hard_t0025,745,25,120,formal_tps30,low_snr_hard,7.5,25,mixed_Z16_G24_Rz24,123.212566979535,123.207110733318,123.207110733318,0.000620776419846534,0.00062075030867535,0.00545624621736351,4.4283195709004e-05,0,weak_margin
745,cp08p00_low_snr_hard_t0025,745,25,120,formal_tps30,low_snr_hard,7.5,25,combined_int14,123.212566979535,121.239410216935,121.239410216935,0.000620776419846534,0.000610798924993867,1.97315676260041,0.0160142492845567,0,weak_margin
745,cp08p00_low_snr_hard_t0025,745,25,120,formal_tps30,low_snr_hard,7.5,25,W_int18_G24_Z16,123.212566979535,123.218973286726,123.218973286726,0.000620776419846534,0.000620809987352955,0.00640630719135515,5.19939430563054e-05,0,weak_margin
865,cp08p00_cache_boundary_center_t0025,865,25,120,formal_tps30,cache_boundary_center,7.5,25,double_baseline,572.616349650372,572.616349650372,572.616349650372,0.0017865235571352,0.0017865235571352,0,0,0,reliable
865,cp08p00_cache_boundary_center_t0025,865,25,120,formal_tps30,cache_boundary_center,7.5,25,float32_all,572.616349650372,572.640625,572.640625,0.0017865235571352,0.00178659968823107,0.0242753496277146,4.23937417129927e-05,0,reliable
865,cp08p00_cache_boundary_center_t0025,865,25,120,formal_tps30,cache_boundary_center,7.5,25,combined_int16,572.616349650372,573.256513731525,573.256513731525,0.0017865235571352,0.00178852591833927,0.640164081152761,0.00111796333014877,0,reliable
865,cp08p00_cache_boundary_center_t0025,865,25,120,formal_tps30,cache_boundary_center,7.5,25,combined_int18,572.616349650372,573.244509292097,573.244509292097,0.0017865235571352,0.00178848490870323,0.628159641724778,0.00109699913756972,0,reliable
865,cp08p00_cache_boundary_center_t0025,865,25,120,formal_tps30,cache_boundary_center,7.5,25,combined_int24,572.616349650372,572.60799599142,572.60799599142,0.0017865235571352,0.00178649746123184,0.00835365895181894,1.45885791715859e-05,0,reliable
865,cp08p00_cache_boundary_center_t0025,865,25,120,formal_tps30,cache_boundary_center,7.5,25,mixed_Z16_G24_Rz24,572.616349650372,572.62781517976,572.62781517976,0.0017865235571352,0.00178655727904457,0.0114655293873511,2.00230562650748e-05,0,reliable
865,cp08p00_cache_boundary_center_t0025,865,25,120,formal_tps30,cache_boundary_center,7.5,25,combined_int14,572.616349650372,568.404003081436,568.404003081436,0.0017865235571352,0.00177337491591759,4.21234656893648,0.00735631557064072,0,reliable
865,cp08p00_cache_boundary_center_t0025,865,25,120,formal_tps30,cache_boundary_center,7.5,25,W_int18_G24_Z16,572.616349650372,572.627856616076,572.627856616076,0.0017865235571352,0.00178655727904455,0.0115069657040294,2.00954194043802e-05,0,reliable
985,cp15p00_hard_phase_t0025,985,25,120,formal_tps30,hard_phase,15,25,double_baseline,419.320080293954,419.320080293954,419.320080293954,0.00147305090938061,0.00147305090938061,0,0,0,reliable
985,cp15p00_hard_phase_t0025,985,25,120,formal_tps30,hard_phase,15,25,float32_all,419.320080293954,419.328125,419.328125,0.00147305090938061,0.00147307983245192,0.00804470604634844,1.91851199701882e-05,0,reliable
985,cp15p00_hard_phase_t0025,985,25,120,formal_tps30,hard_phase,15,25,combined_int16,419.320080293954,417.611542216822,417.611542216822,0.00147305090938061,0.00146703750114612,1.70853807713138,0.00407454390434546,0,reliable
985,cp15p00_hard_phase_t0025,985,25,120,formal_tps30,hard_phase,15,25,combined_int18,419.320080293954,418.689295064454,418.689295064454,0.00147305090938061,0.0014708298154395,0.630785229499452,0.0015043048476411,0,reliable
985,cp15p00_hard_phase_t0025,985,25,120,formal_tps30,hard_phase,15,25,combined_int24,419.320080293954,419.314307875815,419.314307875815,0.00147305090938061,0.00147303062216788,0.00577241813880391,1.37661381128166e-05,0,reliable
985,cp15p00_hard_phase_t0025,985,25,120,formal_tps30,hard_phase,15,25,mixed_Z16_G24_Rz24,419.320080293954,419.296091408236,419.296091408236,0.00147305090938061,0.00147297084179123,0.0239888857176993,5.72090077367211e-05,0,reliable
985,cp15p00_hard_phase_t0025,985,25,120,formal_tps30,hard_phase,15,25,combined_int14,419.320080293954,417.65763442617,417.65763442617,0.00147305090938061,0.00146717202591996,1.66244586778339,0.00396462260194641,0,reliable
985,cp15p00_hard_phase_t0025,985,25,120,formal_tps30,hard_phase,15,25,W_int18_G24_Z16,419.320080293954,419.2963787755,419.2963787755,0.00147305090938061,0.00147297084179132,0.0237015184538905,5.65236905355811e-05,0,reliable
1105,cp15p00_medium_beta_coherent_t0025,1105,25,120,formal_tps30,medium_beta_coherent,15,25,double_baseline,468.411638390593,468.411638390593,468.411638390593,0.00146255314014583,0.00146255314014583,0,0,0,reliable
1105,cp15p00_medium_beta_coherent_t0025,1105,25,120,formal_tps30,medium_beta_coherent,15,25,float32_all,468.411638390593,468.421875,468.421875,0.00146255314014583,0.00146258508877451,0.0102366094070021,2.18538750279004e-05,0,reliable
1105,cp15p00_medium_beta_coherent_t0025,1105,25,120,formal_tps30,medium_beta_coherent,15,25,combined_int16,468.411638390593,469.842187163013,469.842187163013,0.00146255314014583,0.0014670375011461,1.43054877241957,0.00305404190496796,0,reliable
1105,cp15p00_medium_beta_coherent_t0025,1105,25,120,formal_tps30,medium_beta_coherent,15,25,combined_int18,468.411638390593,468.612323174661,468.612323174661,0.00146255314014583,0.00146317796140727,0.200684784067562,0.000428436801350818,0,reliable
1105,cp15p00_medium_beta_coherent_t0025,1105,25,120,formal_tps30,medium_beta_coherent,15,25,combined_int24,468.411638390593,468.416750773526,468.416750773526,0.00146255314014583,0.00146256916492087,0.00511238293256611,1.0914295276974e-05,0,reliable
1105,cp15p00_medium_beta_coherent_t0025,1105,25,120,formal_tps30,medium_beta_coherent,15,25,mixed_Z16_G24_Rz24,468.411638390593,468.416491110547,468.416491110547,0.00146255314014583,0.00146256916492086,0.00485271995421499,1.03599474404359e-05,0,reliable
1105,cp15p00_medium_beta_coherent_t0025,1105,25,120,formal_tps30,medium_beta_coherent,15,25,combined_int14,468.411638390593,469.911879402673,469.911879402673,0.00146255314014583,0.00146717202592008,1.50024101207964,0.00320282608099639,0,reliable
1105,cp15p00_medium_beta_coherent_t0025,1105,25,120,formal_tps30,medium_beta_coherent,15,25,W_int18_G24_Z16,468.411638390593,468.416481207474,468.416481207474,0.00146255314014583,0.00146256916492081,0.00484281688113697,1.03388056235672e-05,0,reliable
26,cp00p00_easy_noncoherent_t0026,26,26,120,formal_tps30,easy_noncoherent,0,26,double_baseline,671.848352691974,671.848352691974,671.848352691974,0.00179948005864171,0.00179948005864171,0,0,0,reliable
26,cp00p00_easy_noncoherent_t0026,26,26,120,formal_tps30,easy_noncoherent,0,26,float32_all,671.848352691974,671.84375,671.84375,0.00179948005864171,0.00179946815291236,0.00460269197355956,6.85078999616121e-06,0,reliable
26,cp00p00_easy_noncoherent_t0026,26,26,120,formal_tps30,easy_noncoherent,0,26,combined_int16,671.848352691974,673.468833659979,673.468833659979,0.00179948005864171,0.00180384003913419,1.62048096800572,0.0024119743116326,0,reliable
26,cp00p00_easy_noncoherent_t0026,26,26,120,formal_tps30,easy_noncoherent,0,26,combined_int18,671.848352691974,672.031744726759,672.031744726759,0.00179948005864171,0.00179997019157646,0.183392034785356,0.000272966412808096,0,reliable
26,cp00p00_easy_noncoherent_t0026,26,26,120,formal_tps30,easy_noncoherent,0,26,combined_int24,671.848352691974,671.847608115233,671.847608115233,0.00179948005864171,0.00179947809402928,0.000744576740544289,1.10825119621252e-06,0,reliable
26,cp00p00_easy_noncoherent_t0026,26,26,120,formal_tps30,easy_noncoherent,0,26,mixed_Z16_G24_Rz24,671.848352691974,671.825772915734,671.825772915734,0.00179948005864171,0.00179941827467347,0.0225797762395814,3.36084417697958e-05,0,reliable
26,cp00p00_easy_noncoherent_t0026,26,26,120,formal_tps30,easy_noncoherent,0,26,combined_int14,671.848352691974,662.107820188103,662.107820188103,0.00179948005864171,0.00177337491591759,9.74053250387078,0.0144981117611471,0,reliable
26,cp00p00_easy_noncoherent_t0026,26,26,120,formal_tps30,easy_noncoherent,0,26,W_int18_G24_Z16,671.848352691974,671.847772965935,671.847772965935,0.00179948005864171,0.00179947809402929,0.000579726038267836,8.62882279825469e-07,0,reliable
146,cp00p00_low_snr_hard_t0026,146,26,120,formal_tps30,low_snr_hard,0,26,double_baseline,26.9654791983921,26.9654791983921,26.9654791983921,0.000128713987776204,0.000128713987776204,0,0,0,weak_margin
146,cp00p00_low_snr_hard_t0026,146,26,120,formal_tps30,low_snr_hard,0,26,float32_all,26.9654791983921,26.984375,26.984375,0.000128713987776204,0.000128804170003306,0.0188958016078686,0.000700740434421626,0,weak_margin
146,cp00p00_low_snr_hard_t0026,146,26,120,formal_tps30,low_snr_hard,0,26,combined_int16,26.9654791983921,25.5778851343202,25.5778851343202,0.000128713987776204,0.000122088941794056,1.38759406407189,0.0514581644873802,0,weak_margin
146,cp00p00_low_snr_hard_t0026,146,26,120,formal_tps30,low_snr_hard,0,26,combined_int18,26.9654791983921,27.1756760291028,27.1756760291028,0.000128713987776204,0.000129717521021873,0.210196830710629,0.00779503413101453,0,weak_margin
146,cp00p00_low_snr_hard_t0026,146,26,120,formal_tps30,low_snr_hard,0,26,combined_int24,26.9654791983921,26.9631775125599,26.9631775125599,0.000128713987776204,0.000128703005742791,0.00230168583220802,8.53567561426932e-05,0,weak_margin
146,cp00p00_low_snr_hard_t0026,146,26,120,formal_tps30,low_snr_hard,0,26,mixed_Z16_G24_Rz24,26.9654791983921,26.9757116003893,26.9757116003893,0.000128713987776204,0.000128762625741755,0.0102324019972002,0.00037946301350396,0,weak_margin
146,cp00p00_low_snr_hard_t0026,146,26,120,formal_tps30,low_snr_hard,0,26,combined_int14,26.9654791983921,25.5804458327329,25.5804458327329,0.000128713987776204,0.000122100122100112,1.38503336565918,0.0513632023918109,0,weak_margin
146,cp00p00_low_snr_hard_t0026,146,26,120,formal_tps30,low_snr_hard,0,26,W_int18_G24_Z16,26.9654791983921,26.9757160151639,26.9757160151639,0.000128713987776204,0.000128762625741756,0.0102368167717941,0.000379626732997369,0,weak_margin
266,cp00p00_cache_boundary_center_t0026,266,26,120,formal_tps30,cache_boundary_center,0,26,double_baseline,383.607709510572,383.607709510572,383.607709510572,0.00119755843501759,0.00119755843501759,0,0,0,reliable
266,cp00p00_cache_boundary_center_t0026,266,26,120,formal_tps30,cache_boundary_center,0,26,float32_all,383.607709510572,383.609375,383.609375,0.00119755843501759,0.00119756389816292,0.00166548942797817,4.34164743483153e-06,0,reliable
266,cp00p00_cache_boundary_center_t0026,266,26,120,formal_tps30,cache_boundary_center,0,26,combined_int16,383.607709510572,381.717784149951,381.717784149951,0.00119755843501759,0.00119164018577372,1.88992536062142,0.00492671370716895,0,reliable
266,cp00p00_cache_boundary_center_t0026,266,26,120,formal_tps30,cache_boundary_center,0,26,combined_int18,383.607709510572,384.150427875138,384.150427875138,0.00119755843501759,0.00119926058328369,0.542718364566099,0.00141477439350353,0,reliable
266,cp00p00_cache_boundary_center_t0026,266,26,120,formal_tps30,cache_boundary_center,0,26,combined_int24,383.607709510572,383.614177860087,383.614177860087,0.00119755843501759,0.00119757863302021,0.00646834951476194,1.6861886125841e-05,0,reliable
266,cp00p00_cache_boundary_center_t0026,266,26,120,formal_tps30,cache_boundary_center,0,26,mixed_Z16_G24_Rz24,383.607709510572,383.614360283274,383.614360283274,0.00119755843501759,0.00119757863302027,0.00665077270241454,1.73374323235056e-05,0,reliable
266,cp00p00_cache_boundary_center_t0026,266,26,120,formal_tps30,cache_boundary_center,0,26,combined_int14,383.607709510572,391.533301119547,391.533301119547,0.00119755843501759,0.00122234445666794,7.92559160897508,0.0206606682099455,0,reliable
266,cp00p00_cache_boundary_center_t0026,266,26,120,formal_tps30,cache_boundary_center,0,26,W_int18_G24_Z16,383.607709510572,383.614246969053,383.614246969053,0.00119755843501759,0.00119757863302021,0.00653745848103426,1.70420414370064e-05,0,reliable
386,cp04p00_hard_phase_t0026,386,26,120,formal_tps30,hard_phase,3.75,26,double_baseline,842.781576862035,842.781576862035,842.781576862035,0.00255138207855583,0.00255138207855583,0,0,0,reliable
386,cp04p00_hard_phase_t0026,386,26,120,formal_tps30,hard_phase,3.75,26,float32_all,842.781576862035,842.796875,842.796875,0.00255138207855583,0.00255142911297028,0.0152981379651465,1.81519605852167e-05,0,reliable
386,cp04p00_hard_phase_t0026,386,26,120,formal_tps30,hard_phase,3.75,26,combined_int16,842.781576862035,843.917053450685,843.917053450685,0.00255138207855583,0.0025548059418361,1.13547658864991,0.00134729640493291,0,reliable
386,cp04p00_hard_phase_t0026,386,26,120,formal_tps30,hard_phase,3.75,26,combined_int18,842.781576862035,842.625863351801,842.625863351801,0.00255138207855583,0.00255091308920544,0.155713510233909,0.000184761407355016,0,reliable
386,cp04p00_hard_phase_t0026,386,26,120,formal_tps30,hard_phase,3.75,26,combined_int24,842.781576862035,842.778645116807,842.778645116807,0.00255138207855583,0.00255137315577303,0.00293174522812478,3.47865367328113e-06,0,reliable
386,cp04p00_hard_phase_t0026,386,26,120,formal_tps30,hard_phase,3.75,26,mixed_Z16_G24_Rz24,842.781576862035,842.778889968031,842.778889968031,0.00255138207855583,0.00255137315577296,0.00268689400400035,3.18812617381194e-06,0,reliable
386,cp04p00_hard_phase_t0026,386,26,120,formal_tps30,hard_phase,3.75,26,combined_int14,842.781576862035,849.074399179488,849.074399179488,0.00255138207855583,0.00257037943696449,6.2928223174531,0.00746672980309256,0,reliable
386,cp04p00_hard_phase_t0026,386,26,120,formal_tps30,hard_phase,3.75,26,W_int18_G24_Z16,842.781576862035,842.778979921452,842.778979921452,0.00255138207855583,0.00255137315577298,0.00259694058331661,3.08139220720262e-06,0,reliable
506,cp04p00_medium_beta_coherent_t0026,506,26,120,formal_tps30,medium_beta_coherent,3.75,26,double_baseline,169.900885288575,169.900885288575,169.900885288575,0.000459389632200434,0.000459389632200434,0,0,0,weak_margin
506,cp04p00_medium_beta_coherent_t0026,506,26,120,formal_tps30,medium_beta_coherent,3.75,26,float32_all,169.900885288575,169.90625,169.90625,0.000459389632200434,0.000459404121506433,0.00536471142549999,3.15755354446099e-05,0,weak_margin
506,cp04p00_medium_beta_coherent_t0026,506,26,120,formal_tps30,medium_beta_coherent,3.75,26,combined_int16,169.900885288575,169.381051031814,169.381051031814,0.000459389632200434,0.00045798729848559,0.519834256760078,0.00305963241967307,0,weak_margin
506,cp04p00_medium_beta_coherent_t0026,506,26,120,formal_tps30,medium_beta_coherent,3.75,26,combined_int18,169.900885288575,169.378598968673,169.378598968673,0.000459389632200434,0.000457976811107442,0.522286319901468,0.00307406473494456,0,weak_margin
506,cp04p00_medium_beta_coherent_t0026,506,26,120,formal_tps30,medium_beta_coherent,3.75,26,combined_int24,169.900885288575,169.906626819051,169.906626819051,0.000459389632200434,0.000459405194308053,0.00574153047637083,3.37934111798117e-05,0,weak_margin
506,cp04p00_medium_beta_coherent_t0026,506,26,120,formal_tps30,medium_beta_coherent,3.75,26,mixed_Z16_G24_Rz24,169.900885288575,169.928140170407,169.928140170407,0.000459389632200434,0.000459464853741359,0.0272548818320502,0.000160416361490748,0,weak_margin
506,cp04p00_medium_beta_coherent_t0026,506,26,120,formal_tps30,medium_beta_coherent,3.75,26,combined_int14,169.900885288575,158.116131271701,158.116131271701,0.000459389632200434,0.00042748091603054,11.7847540168732,0.0693625227252756,0,weak_margin
506,cp04p00_medium_beta_coherent_t0026,506,26,120,formal_tps30,medium_beta_coherent,3.75,26,W_int18_G24_Z16,169.900885288575,169.928156137903,169.928156137903,0.000459389632200434,0.000459464853741365,0.0272708493284881,0.000160510342734053,0,weak_margin
626,cp08p00_easy_noncoherent_t0026,626,26,120,formal_tps30,easy_noncoherent,7.5,26,double_baseline,754.34413433139,754.34413433139,754.34413433139,0.00205040916092462,0.00205040916092462,0,0,0,reliable
626,cp08p00_easy_noncoherent_t0026,626,26,120,formal_tps30,easy_noncoherent,7.5,26,float32_all,754.34413433139,754.3125,754.3125,0.00205040916092462,0.00205032356005075,0.031634331389796,4.1936206500545e-05,0,reliable
626,cp08p00_easy_noncoherent_t0026,626,26,120,formal_tps30,easy_noncoherent,7.5,26,combined_int16,754.34413433139,753.803330313473,753.803330313473,0.00205040916092462,0.00204892966360861,0.540804017917253,0.000716919497752299,0,reliable
626,cp08p00_easy_noncoherent_t0026,626,26,120,formal_tps30,easy_noncoherent,7.5,26,combined_int18,754.34413433139,755.18827422391,755.18827422391,0.00205040916092462,0.00205271305976563,0.844139892520616,0.00111903818708528,0,reliable
626,cp08p00_easy_noncoherent_t0026,626,26,120,formal_tps30,easy_noncoherent,7.5,26,combined_int24,754.34413433139,754.349331289472,754.349331289472,0.00205040916092462,0.00205042333208538,0.00519695808179677,6.88937296026444e-06,0,reliable
626,cp08p00_easy_noncoherent_t0026,626,26,120,formal_tps30,easy_noncoherent,7.5,26,mixed_Z16_G24_Rz24,754.34413433139,754.371276738704,754.371276738704,0.00205040916092462,0.00205048318142106,0.0271424073143862,3.59814653274182e-05,0,reliable
626,cp08p00_easy_noncoherent_t0026,626,26,120,formal_tps30,easy_noncoherent,7.5,26,combined_int14,754.34413433139,742.601211419387,742.601211419387,0.00205040916092462,0.00201847207780293,11.7429229120025,0.0155670633303338,0,reliable
626,cp08p00_easy_noncoherent_t0026,626,26,120,formal_tps30,easy_noncoherent,7.5,26,W_int18_G24_Z16,754.34413433139,754.371080590674,754.371080590674,0.00205040916092462,0.00205048318142101,0.0269462592841592,3.57214407294926e-05,0,reliable
746,cp08p00_low_snr_hard_t0026,746,26,120,formal_tps30,low_snr_hard,7.5,26,double_baseline,27.8609066515637,27.8609066515637,27.8609066515637,0.000132974026348681,0.000132974026348681,0,0,0,weak_margin
746,cp08p00_low_snr_hard_t0026,746,26,120,formal_tps30,low_snr_hard,7.5,26,float32_all,27.8609066515637,27.8515625,27.8515625,0.000132974026348681,0.000132929421785354,0.0093441515637096,0.00033538576761231,0,weak_margin
746,cp08p00_low_snr_hard_t0026,746,26,120,formal_tps30,low_snr_hard,7.5,26,combined_int16,27.8609066515637,28.7780100427481,28.7780100427481,0.000132974026348681,0.000137352155665788,0.917103391184355,0.0329172127330207,0,weak_margin
746,cp08p00_low_snr_hard_t0026,746,26,120,formal_tps30,low_snr_hard,7.5,26,combined_int18,27.8609066515637,27.978115500111,27.978115500111,0.000132974026348681,0.000133533251687266,0.117208848547307,0.00420692872680539,0,weak_margin
746,cp08p00_low_snr_hard_t0026,746,26,120,formal_tps30,low_snr_hard,7.5,26,combined_int24,27.8609066515637,27.8654393768084,27.8654393768084,0.000132974026348681,0.000132995663840601,0.0045327252446441,0.0001626912326053,0,weak_margin
746,cp08p00_low_snr_hard_t0026,746,26,120,formal_tps30,low_snr_hard,7.5,26,mixed_Z16_G24_Rz24,27.8609066515637,27.865431603248,27.865431603248,0.000132974026348681,0.000132995663840604,0.00452495168428868,0.000162412219418377,0,weak_margin
746,cp08p00_low_snr_hard_t0026,746,26,120,formal_tps30,low_snr_hard,7.5,26,combined_int14,27.8609066515637,25.5832976672245,25.5832976672245,0.000132974026348681,0.000122100122100128,2.27760898433917,0.0817492773233686,0,weak_margin
746,cp08p00_low_snr_hard_t0026,746,26,120,formal_tps30,low_snr_hard,7.5,26,W_int18_G24_Z16,27.8609066515637,27.8654328618286,27.8654328618286,0.000132974026348681,0.000132995663840588,0.00452621026488487,0.000162457393131204,0,weak_margin
866,cp08p00_cache_boundary_center_t0026,866,26,120,formal_tps30,cache_boundary_center,7.5,26,double_baseline,378.65679320824,378.65679320824,378.65679320824,0.00117508947772048,0.00117508947772048,0,0,0,reliable
866,cp08p00_cache_boundary_center_t0026,866,26,120,formal_tps30,cache_boundary_center,7.5,26,float32_all,378.65679320824,378.703125,378.703125,0.00117508947772048,0.00117523342835767,0.0463317917601671,0.000122358274276852,0,reliable
866,cp08p00_cache_boundary_center_t0026,866,26,120,formal_tps30,cache_boundary_center,7.5,26,combined_int16,378.65679320824,379.063561082759,379.063561082759,0.00117508947772048,0.00117634477595975,0.406767874519574,0.00107423894623191,0,reliable
866,cp08p00_cache_boundary_center_t0026,866,26,120,formal_tps30,cache_boundary_center,7.5,26,combined_int18,378.65679320824,379.051903863903,379.051903863903,0.00117508947772048,0.00117631781968729,0.395110655663302,0.00104345323456541,0,reliable
866,cp08p00_cache_boundary_center_t0026,866,26,120,formal_tps30,cache_boundary_center,7.5,26,combined_int24,378.65679320824,378.664688395947,378.664688395947,0.00117508947772048,0.00117511407712904,0.00789518770761788,2.08505111996656e-05,0,reliable
866,cp08p00_cache_boundary_center_t0026,866,26,120,formal_tps30,cache_boundary_center,7.5,26,mixed_Z16_G24_Rz24,378.65679320824,378.72202447959,378.72202447959,0.00117508947772048,0.00117529331161728,0.0652312713500578,0.000172270173201895,0,reliable
866,cp08p00_cache_boundary_center_t0026,866,26,120,formal_tps30,cache_boundary_center,7.5,26,combined_int14,378.65679320824,374.183956104418,374.183956104418,0.00117508947772048,0.00116115626718812,4.4728371038218,0.0118123778156067,0,reliable
866,cp08p00_cache_boundary_center_t0026,866,26,120,formal_tps30,cache_boundary_center,7.5,26,W_int18_G24_Z16,378.65679320824,378.722152751521,378.722152751521,0.00117508947772048,0.00117529331161738,0.0653595432813745,0.000172608928332181,0,reliable
986,cp15p00_hard_phase_t0026,986,26,120,formal_tps30,hard_phase,15,26,double_baseline,844.356010579388,844.356010579388,844.356010579388,0.0025511633364185,0.0025511633364185,0,0,0,reliable
986,cp15p00_hard_phase_t0026,986,26,120,formal_tps30,hard_phase,15,26,float32_all,844.356010579388,844.421875,844.421875,0.0025511633364185,0.00255136280012669,0.0658644206123427,7.80055092722645e-05,0,reliable
986,cp15p00_hard_phase_t0026,986,26,120,formal_tps30,hard_phase,15,26,combined_int16,844.356010579388,845.569772538875,845.569772538875,0.0025511633364185,0.00255480594183603,1.21376195948687,0.00143750023009134,0,reliable
986,cp15p00_hard_phase_t0026,986,26,120,formal_tps30,hard_phase,15,26,combined_int18,844.356010579388,844.273404675507,844.273404675507,0.0025511633364185,0.00255091308920542,0.0826059038809035,9.78330264081619e-05,0,reliable
986,cp15p00_hard_phase_t0026,986,26,120,formal_tps30,hard_phase,15,26,combined_int24,844.356010579388,844.346167449316,844.346167449316,0.0025511633364185,0.00255113351908108,0.00984313007211313,1.16575590731673e-05,0,reliable
986,cp15p00_hard_phase_t0026,986,26,120,formal_tps30,hard_phase,15,26,mixed_Z16_G24_Rz24,844.356010579388,844.346826433408,844.346826433408,0.0025511633364185,0.00255113351908109,0.00918414597981609,1.08771014415046e-05,0,reliable
986,cp15p00_hard_phase_t0026,986,26,120,formal_tps30,hard_phase,15,26,combined_int14,844.356010579388,850.685479783133,850.685479783133,0.0025511633364185,0.00257037943696449,6.32946920374525,0.00749620909242067,0,reliable
986,cp15p00_hard_phase_t0026,986,26,120,formal_tps30,hard_phase,15,26,W_int18_G24_Z16,844.356010579388,844.346578164434,844.346578164434,0.0025511633364185,0.00255113351908107,0.00943241495406255,1.1171134966624e-05,0,reliable
1106,cp15p00_medium_beta_coherent_t0026,1106,26,120,formal_tps30,medium_beta_coherent,15,26,double_baseline,171.560510287236,171.560510287236,171.560510287236,0.000463238102428091,0.000463238102428091,0,0,0,weak_margin
1106,cp15p00_medium_beta_coherent_t0026,1106,26,120,formal_tps30,medium_beta_coherent,15,26,float32_all,171.560510287236,171.578125,171.578125,0.000463238102428091,0.000463285812328702,0.0176147127640434,0.000102673469171617,0,weak_margin
1106,cp15p00_medium_beta_coherent_t0026,1106,26,120,formal_tps30,medium_beta_coherent,15,26,combined_int16,171.560510287236,169.618557762937,169.618557762937,0.000463238102428091,0.000457987298485585,1.94195252429927,0.0113193445335873,0,weak_margin
1106,cp15p00_medium_beta_coherent_t0026,1106,26,120,formal_tps30,medium_beta_coherent,15,26,combined_int18,171.560510287236,171.026225783397,171.026225783397,0.000463238102428091,0.000461795046961869,0.534284503839444,0.00311426273415086,0,weak_margin
1106,cp15p00_medium_beta_coherent_t0026,1106,26,120,formal_tps30,medium_beta_coherent,15,26,combined_int24,171.560510287236,171.555072838702,171.555072838702,0.000463238102428091,0.000463223412389399,0.00543744853348471,3.16940566589656e-05,0,weak_margin
1106,cp15p00_medium_beta_coherent_t0026,1106,26,120,formal_tps30,medium_beta_coherent,15,26,mixed_Z16_G24_Rz24,171.560510287236,171.555036472972,171.555036472972,0.000463238102428091,0.000463223412389429,0.00547381426440552,3.19060269478154e-05,0,weak_margin
1106,cp15p00_medium_beta_coherent_t0026,1106,26,120,formal_tps30,medium_beta_coherent,15,26,combined_int14,171.560510287236,180.941155781999,180.941155781999,0.000463238102428091,0.000488579455233902,9.38064549476258,0.0546783492253374,0,weak_margin
1106,cp15p00_medium_beta_coherent_t0026,1106,26,120,formal_tps30,medium_beta_coherent,15,26,W_int18_G24_Z16,171.560510287236,171.555042575521,171.555042575521,0.000463238102428091,0.000463223412389431,0.00546771171502769,3.18704561199623e-05,0,weak_margin
27,cp00p00_easy_noncoherent_t0027,27,27,120,formal_tps30,easy_noncoherent,0,27,double_baseline,332.497571926768,332.497571926768,332.497571926768,0.000779497533294569,0.000779497533294569,0,0,0,weak_margin
27,cp00p00_easy_noncoherent_t0027,27,27,120,formal_tps30,easy_noncoherent,0,27,float32_all,332.497571926768,332.5,332.5,0.000779497533294569,0.00077950316929578,0.00242807323229499,7.30252921314497e-06,0,weak_margin
27,cp00p00_easy_noncoherent_t0027,27,27,120,formal_tps30,easy_noncoherent,0,27,combined_int16,332.497571926768,332.213653001498,332.213653001498,0.000779497533294569,0.000778828092787484,0.283918925269973,0.000853897740139003,0,weak_margin
27,cp00p00_easy_noncoherent_t0027,27,27,120,formal_tps30,easy_noncoherent,0,27,combined_int18,332.497571926768,332.204189471231,332.204189471231,0.000779497533294569,0.000778810252807913,0.29338245553663,0.000882359693144608,0,weak_margin
27,cp00p00_easy_noncoherent_t0027,27,27,120,formal_tps30,easy_noncoherent,0,27,combined_int24,332.497571926768,332.507479324762,332.507479324762,0.000779497533294569,0.000779520770100653,0.00990739799453877,2.97969032890287e-05,0,weak_margin
27,cp00p00_easy_noncoherent_t0027,27,27,120,formal_tps30,easy_noncoherent,0,27,mixed_Z16_G24_Rz24,332.497571926768,332.431427962088,332.431427962088,0.000779497533294569,0.000779341677290017,0.0661439646792132,0.00019893066976676,0,weak_margin
27,cp00p00_easy_noncoherent_t0027,27,27,120,formal_tps30,easy_noncoherent,0,27,combined_int14,332.497571926768,338.771129840956,338.771129840956,0.000779497533294569,0.000794184128535651,6.27355791418813,0.018867981133919,0,weak_margin
27,cp00p00_easy_noncoherent_t0027,27,27,120,formal_tps30,easy_noncoherent,0,27,W_int18_G24_Z16,332.497571926768,332.43154539651,332.43154539651,0.000779497533294569,0.000779341677290036,0.066026530257659,0.000198577480957369,0,weak_margin
147,cp00p00_low_snr_hard_t0027,147,27,120,formal_tps30,low_snr_hard,0,27,double_baseline,121.43603759972,121.43603759972,121.43603759972,0.000611175805565931,0.000611175805565931,0,0,0,weak_margin
147,cp00p00_low_snr_hard_t0027,147,27,120,formal_tps30,low_snr_hard,0,27,float32_all,121.43603759972,121.421875,121.421875,0.000611175805565931,0.000611104566589165,0.0141625997202937,0.000116626003287234,0,weak_margin
147,cp00p00_low_snr_hard_t0027,147,27,120,formal_tps30,low_snr_hard,0,27,combined_int16,121.43603759972,121.350434383741,121.350434383741,0.000611175805565931,0.000610742968821582,0.085603215979063,0.000704924317946126,0,weak_margin
147,cp00p00_low_snr_hard_t0027,147,27,120,formal_tps30,low_snr_hard,0,27,combined_int18,121.43603759972,122.106124698825,122.106124698825,0.000611175805565931,0.000614548383279713,0.670087099104421,0.00551802506364029,0,weak_margin
147,cp00p00_low_snr_hard_t0027,147,27,120,formal_tps30,low_snr_hard,0,27,combined_int24,121.43603759972,121.429343455864,121.429343455864,0.000611175805565931,0.000611142134412259,0.00669414385629352,5.51248541092792e-05,0,weak_margin
147,cp00p00_low_snr_hard_t0027,147,27,120,formal_tps30,low_snr_hard,0,27,mixed_Z16_G24_Rz24,121.43603759972,121.464896801859,121.464896801859,0.000611175805565931,0.000611321167028214,0.0288592021388467,0.000237649405475276,0,weak_margin
147,cp00p00_low_snr_hard_t0027,147,27,120,formal_tps30,low_snr_hard,0,27,combined_int14,121.43603759972,121.353546581493,121.353546581493,0.000611175805565931,0.000610798924993878,0.0824910182273015,0.000679296029891966,0,weak_margin
147,cp00p00_low_snr_hard_t0027,147,27,120,formal_tps30,low_snr_hard,0,27,W_int18_G24_Z16,121.43603759972,121.45306740512,121.45306740512,0.000611175805565931,0.000611261489482455,0.0170298053999431,0.000140236833616699,0,weak_margin
267,cp00p00_cache_boundary_center_t0027,267,27,120,formal_tps30,cache_boundary_center,0,27,double_baseline,556.64737515428,556.64737515428,556.64737515428,0.00173646918123683,0.00173646918123683,0,0,0,reliable
267,cp00p00_cache_boundary_center_t0027,267,27,120,formal_tps30,cache_boundary_center,0,27,float32_all,556.64737515428,556.703125,556.703125,0.00173646918123683,0.00173664330036803,0.0557498457201291,0.000100152894289096,0,reliable
267,cp00p00_cache_boundary_center_t0027,267,27,120,formal_tps30,cache_boundary_center,0,27,combined_int16,556.64737515428,558.601562716853,558.601562716853,0.00173646918123683,0.00174258636502599,1.95418756257277,0.00351063824208485,0,reliable
267,cp00p00_cache_boundary_center_t0027,267,27,120,formal_tps30,cache_boundary_center,0,27,combined_int18,556.64737515428,556.141128125542,556.141128125542,0.00173646918123683,0.00173489040383974,0.506247028737562,0.00090945731774492,0,reliable
267,cp00p00_cache_boundary_center_t0027,267,27,120,formal_tps30,cache_boundary_center,0,27,combined_int24,556.64737515428,556.654781214776,556.654781214776,0.00173646918123683,0.00173649226889859,0.00740606049657799,1.33047613752339e-05,0,reliable
267,cp00p00_cache_boundary_center_t0027,267,27,120,formal_tps30,cache_boundary_center,0,27,mixed_Z16_G24_Rz24,556.64737515428,556.576572611433,556.576572611433,0.00173646918123683,0.00173625302160515,0.0708025428466499,0.000127194604711872,0,reliable
267,cp00p00_cache_boundary_center_t0027,267,27,120,formal_tps30,cache_boundary_center,0,27,combined_int14,556.64737515428,548.870430247742,548.870430247742,0.00173646918123683,0.00171211935917821,7.77694490653812,0.0139710438846185,0,reliable
267,cp00p00_cache_boundary_center_t0027,267,27,120,formal_tps30,cache_boundary_center,0,27,W_int18_G24_Z16,556.64737515428,556.576583049376,556.576583049376,0.00173646918123683,0.00173625302160503,0.0707921049033757,0.000127175853265732,0,reliable
387,cp04p00_hard_phase_t0027,387,27,120,formal_tps30,hard_phase,3.75,27,double_baseline,423.933770478528,423.933770478528,423.933770478528,0.00148870287842994,0.00148870287842994,0,0,0,reliable
387,cp04p00_hard_phase_t0027,387,27,120,formal_tps30,hard_phase,3.75,27,float32_all,423.933770478528,423.90625,423.90625,0.00148870287842994,0.00148860702596179,0.0275204785284586,6.49169291170034e-05,0,reliable
387,cp04p00_hard_phase_t0027,387,27,120,formal_tps30,hard_phase,3.75,27,combined_int16,423.933770478528,422.125237976114,422.125237976114,0.00148870287842994,0.00148234179439775,1.80853250241489,0.00426607321321313,0,reliable
387,cp04p00_hard_phase_t0027,387,27,120,formal_tps30,hard_phase,3.75,27,combined_int18,423.933770478528,424.291245262342,424.291245262342,0.00148870287842994,0.0014899599621015,0.357474783813814,0.00084323261959127,0,reliable
387,cp04p00_hard_phase_t0027,387,27,120,formal_tps30,hard_phase,3.75,27,combined_int24,423.933770478528,423.931065360142,423.931065360142,0.00148870287842994,0.00148869332672729,0.0027051183860749,6.38099291552408e-06,0,reliable
387,cp04p00_hard_phase_t0027,387,27,120,formal_tps30,hard_phase,3.75,27,mixed_Z16_G24_Rz24,423.933770478528,423.897735460399,423.897735460399,0.00148870287842994,0.00148857376224136,0.0360350181290414,8.5001527687605e-05,0,reliable
387,cp04p00_hard_phase_t0027,387,27,120,formal_tps30,hard_phase,3.75,27,combined_int14,423.933770478528,417.820146075246,417.820146075246,0.00148870287842994,0.00146717202592004,6.1136244032823,0.0144211780919962,0,reliable
387,cp04p00_hard_phase_t0027,387,27,120,formal_tps30,hard_phase,3.75,27,W_int18_G24_Z16,423.933770478528,423.914715052524,423.914715052524,0.00148870287842994,0.0014886335444807,0.0190554260043427,4.49490635832888e-05,0,reliable
507,cp04p00_medium_beta_coherent_t0027,507,27,120,formal_tps30,medium_beta_coherent,3.75,27,double_baseline,469.078695259377,469.078695259377,469.078695259377,0.00144629107887658,0.00144629107887658,0,0,0,reliable
507,cp04p00_medium_beta_coherent_t0027,507,27,120,formal_tps30,medium_beta_coherent,3.75,27,float32_all,469.078695259377,469.0625,469.0625,0.00144629107887658,0.00144624097785546,0.0161952593771275,3.45256766951915e-05,0,reliable
507,cp04p00_medium_beta_coherent_t0027,507,27,120,formal_tps30,medium_beta_coherent,3.75,27,combined_int16,469.078695259377,470.841264631745,470.841264631745,0.00144629107887658,0.00145173367563683,1.76256937236758,0.00375751316395422,0,reliable
507,cp04p00_medium_beta_coherent_t0027,507,27,120,formal_tps30,medium_beta_coherent,3.75,27,combined_int18,469.078695259377,469.592207677779,469.592207677779,0.00144629107887658,0.00144787460412669,0.51351241840166,0.00109472551960117,0,reliable
507,cp04p00_medium_beta_coherent_t0027,507,27,120,formal_tps30,medium_beta_coherent,3.75,27,combined_int24,469.078695259377,469.084672366123,469.084672366123,0.00144629107887658,0.00144630950522008,0.00597710674628615,1.2742225998947e-05,0,reliable
507,cp04p00_medium_beta_coherent_t0027,507,27,120,formal_tps30,medium_beta_coherent,3.75,27,mixed_Z16_G24_Rz24,469.078695259377,469.064467355376,469.064467355376,0.00144629107887658,0.00144624972803359,0.014227904001018,3.03315928538403e-05,0,reliable
507,cp04p00_medium_beta_coherent_t0027,507,27,120,formal_tps30,medium_beta_coherent,3.75,27,combined_int14,469.078695259377,475.829411522165,475.829411522165,0.00144629107887658,0.00146717202592004,6.75071626278805,0.0143914365137714,0,reliable
507,cp04p00_medium_beta_coherent_t0027,507,27,120,formal_tps30,medium_beta_coherent,3.75,27,W_int18_G24_Z16,469.078695259377,469.064503926988,469.064503926988,0.00144629107887658,0.00144624972803353,0.0141913323896006,3.02536280863352e-05,0,reliable
627,cp08p00_easy_noncoherent_t0027,627,27,120,formal_tps30,easy_noncoherent,7.5,27,double_baseline,175.132460651046,175.132460651046,175.132460651046,0.000414856490520299,0.000414856490520299,0,0,0,weak_margin
627,cp08p00_easy_noncoherent_t0027,627,27,120,formal_tps30,easy_noncoherent,7.5,27,float32_all,175.132460651046,175.109375,175.109375,0.000414856490520299,0.000414801733691365,0.0230856510461308,0.000131818230385795,0,weak_margin
627,cp08p00_easy_noncoherent_t0027,627,27,120,formal_tps30,easy_noncoherent,7.5,27,combined_int16,175.132460651046,173.997129333497,173.997129333497,0.000414856490520299,0.000412169691788655,1.13533131754957,0.0064827006560008,0,weak_margin
627,cp08p00_easy_noncoherent_t0027,627,27,120,formal_tps30,easy_noncoherent,7.5,27,combined_int18,175.132460651046,175.606003408233,175.606003408233,0.000414856490520299,0.000415978140157941,0.473542757186806,0.00270391197283721,0,weak_margin
627,cp08p00_easy_noncoherent_t0027,627,27,120,formal_tps30,easy_noncoherent,7.5,27,combined_int24,175.132460651046,175.12617702756,175.12617702756,0.000414856490520299,0.000414841585313802,0.00628362348652445,3.58792622633485e-05,0,weak_margin
627,cp08p00_easy_noncoherent_t0027,627,27,120,formal_tps30,easy_noncoherent,7.5,27,mixed_Z16_G24_Rz24,175.132460651046,175.076016774634,175.076016774634,0.000414856490520299,0.000414722277097781,0.0564438764122315,0.000322292487654226,0,weak_margin
627,cp08p00_easy_noncoherent_t0027,627,27,120,formal_tps30,easy_noncoherent,7.5,27,combined_int14,175.132460651046,180.459085153037,180.459085153037,0.000414856490520299,0.000427480916030537,5.32662450199132,0.0304148327625265,0,weak_margin
627,cp08p00_easy_noncoherent_t0027,627,27,120,formal_tps30,easy_noncoherent,7.5,27,W_int18_G24_Z16,175.132460651046,175.076063552988,175.076063552988,0.000414856490520299,0.000414722277097818,0.056397098058369,0.000322025384949858,0,weak_margin
747,cp08p00_low_snr_hard_t0027,747,27,120,formal_tps30,low_snr_hard,7.5,27,double_baseline,116.740739006549,116.740739006549,116.740739006549,0.000588035385879898,0.000588035385879898,0,0,0,weak_margin
747,cp08p00_low_snr_hard_t0027,747,27,120,formal_tps30,low_snr_hard,7.5,27,float32_all,116.740739006549,116.71875,116.71875,0.000588035385879898,0.000587924549210623,0.0219890065491199,0.000188357609659181,0,weak_margin
747,cp08p00_low_snr_hard_t0027,747,27,120,formal_tps30,low_snr_hard,7.5,27,combined_int16,116.740739006549,118.215333605345,118.215333605345,0.000588035385879898,0.000595465302694865,1.4745945987961,0.0126313625504236,0,weak_margin
747,cp08p00_low_snr_hard_t0027,747,27,120,formal_tps30,low_snr_hard,7.5,27,combined_int18,116.740739006549,116.697111170681,116.697111170681,0.000588035385879898,0.000587813182283123,0.0436278358683921,0.000373715604678026,0,weak_margin
747,cp08p00_low_snr_hard_t0027,747,27,120,formal_tps30,low_snr_hard,7.5,27,combined_int24,116.740739006549,116.743144233391,116.743144233391,0.000588035385879898,0.000588047464137734,0.00240522684180178,2.06031490143886e-05,0,weak_margin
747,cp08p00_low_snr_hard_t0027,747,27,120,formal_tps30,low_snr_hard,7.5,27,mixed_Z16_G24_Rz24,116.740739006549,116.719444022747,116.719444022747,0.000588035385879898,0.000587928114605504,0.0212949838023633,0.000182412617768067,0,weak_margin
747,cp08p00_low_snr_hard_t0027,747,27,120,formal_tps30,low_snr_hard,7.5,27,combined_int14,116.740739006549,121.256929428855,121.256929428855,0.000588035385879898,0.000610798924993846,4.51619042230595,0.0386856418825017,0,weak_margin
747,cp08p00_low_snr_hard_t0027,747,27,120,formal_tps30,low_snr_hard,7.5,27,W_int18_G24_Z16,116.740739006549,116.707623189141,116.707623189141,0.000588035385879898,0.000587868439850114,0.0331158174085431,0.000283669759934322,0,weak_margin
867,cp08p00_cache_boundary_center_t0027,867,27,120,formal_tps30,cache_boundary_center,7.5,27,double_baseline,565.080073874735,565.080073874735,565.080073874735,0.00176429412284662,0.00176429412284662,0,0,0,reliable
867,cp08p00_cache_boundary_center_t0027,867,27,120,formal_tps30,cache_boundary_center,7.5,27,float32_all,565.080073874735,565.078125,565.078125,0.00176429412284662,0.00176428843122927,0.00194887473480776,3.44884703055337e-06,0,reliable
867,cp08p00_cache_boundary_center_t0027,867,27,120,formal_tps30,cache_boundary_center,7.5,27,combined_int16,565.080073874735,563.040598437627,563.040598437627,0.00176429412284662,0.00175789908130666,2.03947543710819,0.00360917953295288,0,reliable
867,cp08p00_cache_boundary_center_t0027,867,27,120,formal_tps30,cache_boundary_center,7.5,27,combined_int18,565.080073874735,565.471453222592,565.471453222592,0.00176429412284662,0.00176551513298685,0.391379347856855,0.000692608651324723,0,reliable
867,cp08p00_cache_boundary_center_t0027,867,27,120,formal_tps30,cache_boundary_center,7.5,27,combined_int24,565.080073874735,565.08373135532,565.08373135532,0.00176429412284662,0.00176430554562051,0.00365748058538884,6.47249965887068e-06,0,reliable
867,cp08p00_cache_boundary_center_t0027,867,27,120,formal_tps30,cache_boundary_center,7.5,27,mixed_Z16_G24_Rz24,565.080073874735,565.044836265326,565.044836265326,0.00176429412284662,0.00176418591531664,0.0352376094087958,6.23586125894915e-05,0,reliable
867,cp08p00_cache_boundary_center_t0027,867,27,120,formal_tps30,cache_boundary_center,7.5,27,combined_int14,565.080073874735,567.960182221752,567.960182221752,0.00176429412284662,0.00177337491591759,2.88010834701709,0.0050968145581002,0,reliable
867,cp08p00_cache_boundary_center_t0027,867,27,120,formal_tps30,cache_boundary_center,7.5,27,W_int18_G24_Z16,565.080073874735,565.044851238054,565.044851238054,0.00176429412284662,0.0017641859153167,0.0352226366812829,6.23321159420159e-05,0,reliable
987,cp15p00_hard_phase_t0027,987,27,120,formal_tps30,hard_phase,15,27,double_baseline,424.363641002419,424.363641002419,424.363641002419,0.00149095398423459,0.00149095398423459,0,0,0,reliable
987,cp15p00_hard_phase_t0027,987,27,120,formal_tps30,hard_phase,15,27,float32_all,424.363641002419,424.375,424.375,0.00149095398423459,0.00149099479765784,0.0113589975808281,2.67671319672823e-05,0,reliable
987,cp15p00_hard_phase_t0027,987,27,120,formal_tps30,hard_phase,15,27,combined_int16,424.363641002419,426.265934757364,426.265934757364,0.00149095398423459,0.00149764655541289,1.90229375494528,0.00448269731697969,0,reliable
987,cp15p00_hard_phase_t0027,987,27,120,formal_tps30,hard_phase,15,27,combined_int18,424.363641002419,424.081221108645,424.081221108645,0.00149095398423459,0.00148995996210154,0.282419893774204,0.000665513881224791,0,reliable
987,cp15p00_hard_phase_t0027,987,27,120,formal_tps30,hard_phase,15,27,combined_int24,424.363641002419,424.366796127055,424.366796127055,0.00149095398423459,0.00149096505738309,0.00315512463566847,7.43495514416723e-06,0,reliable
987,cp15p00_hard_phase_t0027,987,27,120,formal_tps30,hard_phase,15,27,mixed_Z16_G24_Rz24,424.363641002419,424.368490517139,424.368490517139,0.00149095398423459,0.00149096505738315,0.00484951472026296,1.14277337917254e-05,0,reliable
987,cp15p00_hard_phase_t0027,987,27,120,formal_tps30,hard_phase,15,27,combined_int14,424.363641002419,435.012906922464,435.012906922464,0.00149095398423459,0.00152839762792692,10.6492659200449,0.0250946709168803,0,reliable
987,cp15p00_hard_phase_t0027,987,27,120,formal_tps30,hard_phase,15,27,W_int18_G24_Z16,424.363641002419,424.368486693507,424.368486693507,0.00149095398423459,0.00149096505738308,0.00484569108812138,1.14187235189967e-05,0,reliable
1107,cp15p00_medium_beta_coherent_t0027,1107,27,120,formal_tps30,medium_beta_coherent,15,27,double_baseline,465.05806014844,465.05806014844,465.05806014844,0.00145008248331691,0.00145008248331691,0,0,0,reliable
1107,cp15p00_medium_beta_coherent_t0027,1107,27,120,formal_tps30,medium_beta_coherent,15,27,float32_all,465.05806014844,465.046875,465.046875,0.00145008248331691,0.00145004746526704,0.0111851484398358,2.40510796356602e-05,0,reliable
1107,cp15p00_medium_beta_coherent_t0027,1107,27,120,formal_tps30,medium_beta_coherent,15,27,combined_int16,465.05806014844,465.582303010742,465.582303010742,0.00145008248331691,0.00145173367563689,0.524242862302344,0.00112726325425908,0,reliable
1107,cp15p00_medium_beta_coherent_t0027,1107,27,120,formal_tps30,medium_beta_coherent,15,27,combined_int18,465.05806014844,465.574751960958,465.574751960958,0.00145008248331691,0.00145170039959965,0.51669181251782,0.00111102646485237,0,reliable
1107,cp15p00_medium_beta_coherent_t0027,1107,27,120,formal_tps30,medium_beta_coherent,15,27,combined_int24,465.05806014844,465.055837376654,465.055837376654,0.00145008248331691,0.00145007548235917,0.00222277178545482,4.77955759920675e-06,0,reliable
1107,cp15p00_medium_beta_coherent_t0027,1107,27,120,formal_tps30,medium_beta_coherent,15,27,mixed_Z16_G24_Rz24,465.05806014844,465.05430542765,465.05430542765,0.00145008248331691,0.00145007548235919,0.00375472079031169,8.07366028472497e-06,0,reliable
1107,cp15p00_medium_beta_coherent_t0027,1107,27,120,formal_tps30,medium_beta_coherent,15,27,combined_int14,465.05806014844,470.534749656945,470.534749656945,0.00145008248331691,0.00146717202592004,5.47668950850493,0.0117763564978464,0,reliable
1107,cp15p00_medium_beta_coherent_t0027,1107,27,120,formal_tps30,medium_beta_coherent,15,27,W_int18_G24_Z16,465.05806014844,465.054313888628,465.054313888628,0.00145008248331691,0.00145007548235922,0.0037462598120328,8.05546690414752e-06,0,reliable
28,cp00p00_easy_noncoherent_t0028,28,28,120,formal_tps30,easy_noncoherent,0,28,double_baseline,711.383435556432,711.383435556432,711.383435556432,0.00192076595106528,0.00192076595106528,0,0,0,reliable
28,cp00p00_easy_noncoherent_t0028,28,28,120,formal_tps30,easy_noncoherent,0,28,float32_all,711.383435556432,711.375,711.375,0.00192076595106528,0.0019207435920369,0.00843555643223226,1.18579601528592e-05,0,reliable
28,cp00p00_easy_noncoherent_t0028,28,28,120,formal_tps30,easy_noncoherent,0,28,combined_int16,711.383435556432,713.461873777764,713.461873777764,0.00192076595106528,0.00192636986301368,2.07843822133145,0.00292168487126177,0,reliable
28,cp00p00_easy_noncoherent_t0028,28,28,120,formal_tps30,easy_noncoherent,0,28,combined_int18,711.383435556432,712.023034096084,712.023034096084,0.00192076595106528,0.00192249626393618,0.63959853965207,0.000899091133815601,0,reliable
28,cp00p00_easy_noncoherent_t0028,28,28,120,formal_tps30,easy_noncoherent,0,28,combined_int24,711.383435556432,711.376307662897,711.376307662897,0.00192076595106528,0.00192074661343229,0.00712789353565313,1.00197631535767e-05,0,reliable
28,cp00p00_easy_noncoherent_t0028,28,28,120,formal_tps30,easy_noncoherent,0,28,mixed_Z16_G24_Rz24,711.383435556432,711.397357398586,711.397357398586,0.00192076595106528,0.00192080644727847,0.0139218421536498,1.9570096037955e-05,0,reliable
28,cp00p00_easy_noncoherent_t0028,28,28,120,formal_tps30,easy_noncoherent,0,28,combined_int14,711.383435556432,702.204672549124,702.204672549124,0.00192076595106528,0.00189590850712493,9.17876300730859,0.0129026943115833,0,reliable
28,cp00p00_easy_noncoherent_t0028,28,28,120,formal_tps30,easy_noncoherent,0,28,W_int18_G24_Z16,711.383435556432,711.397236108343,711.397236108343,0.00192076595106528,0.00192080644727844,0.0138005519111175,1.9399596928094e-05,0,reliable
148,cp00p00_low_snr_hard_t0028,148,28,120,formal_tps30,low_snr_hard,0,28,double_baseline,26.2872282765311,26.2872282765311,26.2872282765311,0.00012556098934076,0.00012556098934076,0,0,0,weak_margin
148,cp00p00_low_snr_hard_t0028,148,28,120,formal_tps30,low_snr_hard,0,28,float32_all,26.2872282765311,26.3125,26.3125,0.00012556098934076,0.000125681696326751,0.0252717234689044,0.000961368889981705,0,weak_margin
148,cp00p00_low_snr_hard_t0028,148,28,120,formal_tps30,low_snr_hard,0,28,combined_int16,26.2872282765311,25.5603428778559,25.5603428778559,0.00012556098934076,0.000122088941794063,0.726885398675222,0.0276516561970201,0,weak_margin
148,cp00p00_low_snr_hard_t0028,148,28,120,formal_tps30,low_snr_hard,0,28,combined_int18,26.2872282765311,26.3585623914696,26.3585623914696,0.00012556098934076,0.000125901819472055,0.0713341149385087,0.00271364155201539,0,weak_margin
148,cp00p00_low_snr_hard_t0028,148,28,120,formal_tps30,low_snr_hard,0,28,combined_int24,26.2872282765311,26.2834933493868,26.2834933493868,0.00012556098934076,0.000125543155966602,0.00373492714425083,0.00014208143608603,0,weak_margin
148,cp00p00_low_snr_hard_t0028,148,28,120,formal_tps30,low_snr_hard,0,28,mixed_Z16_G24_Rz24,26.2872282765311,26.2835459071212,26.2835459071212,0.00012556098934076,0.000125543155966627,0.00368236940994393,0.000140082072221798,0,weak_margin
148,cp00p00_low_snr_hard_t0028,148,28,120,formal_tps30,low_snr_hard,0,28,combined_int14,26.2872282765311,25.5612624241767,25.5612624241767,0.00012556098934076,0.000122100122100126,0.72596585235442,0.0276166754713563,0,weak_margin
148,cp00p00_low_snr_hard_t0028,148,28,120,formal_tps30,low_snr_hard,0,28,W_int18_G24_Z16,26.2872282765311,26.2835355618736,26.2835355618736,0.00012556098934076,0.000125543155966572,0.00369271465751808,0.000140475618755702,0,weak_margin
268,cp00p00_cache_boundary_center_t0028,268,28,120,formal_tps30,cache_boundary_center,0,28,double_baseline,396.287078552006,396.287078552006,396.287078552006,0.00124359752729826,0.00124359752729826,0,0,0,reliable
268,cp00p00_cache_boundary_center_t0028,268,28,120,formal_tps30,cache_boundary_center,0,28,float32_all,396.287078552006,396.296875,396.296875,0.00124359752729826,0.0012436285671823,0.00979644799372181,2.47205839501935e-05,0,reliable
268,cp00p00_cache_boundary_center_t0028,268,28,120,formal_tps30,cache_boundary_center,0,28,combined_int16,396.287078552006,394.352985877224,394.352985877224,0.00124359752729826,0.00123752921943996,1.93409267478273,0.00488053428804622,0,reliable
268,cp00p00_cache_boundary_center_t0028,268,28,120,formal_tps30,cache_boundary_center,0,28,combined_int18,396.287078552006,396.780871748808,396.780871748808,0.00124359752729826,0.00124514926513279,0.493793196801562,0.00124604919899441,0,reliable
268,cp00p00_cache_boundary_center_t0028,268,28,120,formal_tps30,cache_boundary_center,0,28,combined_int24,396.287078552006,396.283494569128,396.283494569128,0.00124359752729826,0.00124358632200658,0.00358398287789896,9.04390547124191e-06,0,reliable
268,cp00p00_cache_boundary_center_t0028,268,28,120,formal_tps30,cache_boundary_center,0,28,mixed_Z16_G24_Rz24,396.287078552006,396.206722422823,396.206722422823,0.00124359752729826,0.00124334731009921,0.0803561291832011,0.000202772519045573,0,reliable
268,cp00p00_cache_boundary_center_t0028,268,28,120,formal_tps30,cache_boundary_center,0,28,combined_int14,396.287078552006,389.525033232349,389.525033232349,0.00124359752729826,0.00122234445666787,6.76204531965777,0.0170635019046435,0,reliable
268,cp00p00_cache_boundary_center_t0028,268,28,120,formal_tps30,cache_boundary_center,0,28,W_int18_G24_Z16,396.287078552006,396.225855894678,396.225855894678,0.00124359752729826,0.0012434070630654,0.0612226573284715,0.000154490672651183,0,reliable
388,cp04p00_hard_phase_t0028,388,28,120,formal_tps30,hard_phase,3.75,28,double_baseline,847.968210789055,847.968210789055,847.968210789055,0.00255160836268474,0.00255160836268474,0,0,0,reliable
388,cp04p00_hard_phase_t0028,388,28,120,formal_tps30,hard_phase,3.75,28,float32_all,847.968210789055,847.984375,847.984375,0.00255160836268474,0.00255165789588628,0.016164210945135,1.90622841038979e-05,0,reliable
388,cp04p00_hard_phase_t0028,388,28,120,formal_tps30,hard_phase,3.75,28,combined_int16,847.968210789055,849.020204873144,849.020204873144,0.00255160836268474,0.00255480594183612,1.05199408408953,0.00124060556835099,0,reliable
388,cp04p00_hard_phase_t0028,388,28,120,formal_tps30,hard_phase,3.75,28,combined_int18,847.968210789055,847.737919172185,847.737919172185,0.00255160836268474,0.00255091308920544,0.23029161687009,0.000271580483725679,0,reliable
388,cp04p00_hard_phase_t0028,388,28,120,formal_tps30,hard_phase,3.75,28,combined_int24,847.968210789055,847.969680971612,847.969680971612,0.00255160836268474,0.00255161279257948,0.00147018255665898,1.73377083946454e-06,0,reliable
388,cp04p00_hard_phase_t0028,388,28,120,formal_tps30,hard_phase,3.75,28,mixed_Z16_G24_Rz24,847.968210789055,847.968430220179,847.968430220179,0.00255160836268474,0.00255161279257945,0.000219431123696268,2.58772818254686e-07,0,reliable
388,cp04p00_hard_phase_t0028,388,28,120,formal_tps30,hard_phase,3.75,28,combined_int14,847.968210789055,854.202578023745,854.202578023745,0.00255160836268474,0.00257037943696455,6.23436723469058,0.0073521237652168,0,reliable
388,cp04p00_hard_phase_t0028,388,28,120,formal_tps30,hard_phase,3.75,28,W_int18_G24_Z16,847.968210789055,847.968211218627,847.968211218627,0.00255160836268474,0.00255161279257952,4.29572537541389e-07,5.06590379304033e-10,0,reliable
508,cp04p00_medium_beta_coherent_t0028,508,28,120,formal_tps30,medium_beta_coherent,3.75,28,double_baseline,172.526556212775,172.526556212775,172.526556212775,0.000467247368087214,0.000467247368087214,0,0,0,weak_margin
508,cp04p00_medium_beta_coherent_t0028,508,28,120,formal_tps30,medium_beta_coherent,3.75,28,float32_all,172.526556212775,172.578125,172.578125,0.000467247368087214,0.000467386948956817,0.0515687872248236,0.000298903475249482,0,weak_margin
508,cp04p00_medium_beta_coherent_t0028,508,28,120,formal_tps30,medium_beta_coherent,3.75,28,combined_int16,172.526556212775,169.10950550501,169.10950550501,0.000467247368087214,0.000457987298485623,3.41705070776516,0.0198059405043183,0,weak_margin
508,cp04p00_medium_beta_coherent_t0028,508,28,120,formal_tps30,medium_beta_coherent,3.75,28,combined_int18,172.526556212775,171.923750758928,171.923750758928,0.000467247368087214,0.000465613311960914,0.602805453847395,0.00349398647419799,0,weak_margin
508,cp04p00_medium_beta_coherent_t0028,508,28,120,formal_tps30,medium_beta_coherent,3.75,28,combined_int24,172.526556212775,172.538717609248,172.538717609248,0.000467247368087214,0.000467280301034429,0.0121613964729477,7.04899972497518e-05,0,weak_margin
508,cp04p00_medium_beta_coherent_t0028,508,28,120,formal_tps30,medium_beta_coherent,3.75,28,mixed_Z16_G24_Rz24,172.526556212775,172.56033674514,172.56033674514,0.000467247368087214,0.000467339961407023,0.0337805323651992,0.000195799030055048,0,weak_margin
508,cp04p00_medium_beta_coherent_t0028,508,28,120,formal_tps30,medium_beta_coherent,3.75,28,combined_int14,172.526556212775,180.405832027696,180.405832027696,0.000467247368087214,0.000488579455233902,7.87927581492113,0.0456699304030836,0,weak_margin
508,cp04p00_medium_beta_coherent_t0028,508,28,120,formal_tps30,medium_beta_coherent,3.75,28,W_int18_G24_Z16,172.526556212775,172.560339643824,172.560339643824,0.000467247368087214,0.000467339961407021,0.033783431048505,0.000195815831429686,0,weak_margin
628,cp08p00_easy_noncoherent_t0028,628,28,120,formal_tps30,easy_noncoherent,7.5,28,double_baseline,708.843638643739,708.843638643739,708.843638643739,0.00191248813856057,0.00191248813856057,0,0,0,reliable
628,cp08p00_easy_noncoherent_t0028,628,28,120,formal_tps30,easy_noncoherent,7.5,28,float32_all,708.843638643739,708.8125,708.8125,0.00191248813856057,0.00191240442404352,0.0311386437388137,4.39287905558306e-05,0,reliable
628,cp08p00_easy_noncoherent_t0028,628,28,120,formal_tps30,easy_noncoherent,7.5,28,combined_int16,708.843638643739,708.313138999278,708.313138999278,0.00191248813856057,0.00191105199590273,0.530499644461088,0.000748401502870387,0,reliable
628,cp08p00_easy_noncoherent_t0028,628,28,120,formal_tps30,easy_noncoherent,7.5,28,combined_int18,708.843638643739,709.713084236137,709.713084236137,0.00191248813856057,0.00191483750635412,0.869445592397824,0.00122656894270981,0,reliable
628,cp08p00_easy_noncoherent_t0028,628,28,120,formal_tps30,easy_noncoherent,7.5,28,combined_int24,708.843638643739,708.84418477508,708.84418477508,0.00191248813856057,0.00191248961119527,0.000546131341252476,7.7045389346713e-07,0,reliable
628,cp08p00_easy_noncoherent_t0028,628,28,120,formal_tps30,easy_noncoherent,7.5,28,mixed_Z16_G24_Rz24,708.843638643739,708.756750102824,708.756750102824,0.00191248813856057,0.00191225027982651,0.086888540914515,0.000122577866510536,0,reliable
628,cp08p00_easy_noncoherent_t0028,628,28,120,formal_tps30,easy_noncoherent,7.5,28,combined_int14,708.843638643739,702.697729192063,702.697729192063,0.00191248813856057,0.00189590850712491,6.14590945167583,0.00867033167347748,0,reliable
628,cp08p00_easy_noncoherent_t0028,628,28,120,formal_tps30,easy_noncoherent,7.5,28,W_int18_G24_Z16,708.843638643739,708.756430976384,708.756430976384,0.00191248813856057,0.0019122502798266,0.08720766735496,0.000123028073612706,0,reliable
748,cp08p00_low_snr_hard_t0028,748,28,120,formal_tps30,low_snr_hard,7.5,28,double_baseline,24.5505505876936,24.5505505876936,24.5505505876936,0.000117259497163165,0.000117259497163165,0,0,0,weak_margin
748,cp08p00_low_snr_hard_t0028,748,28,120,formal_tps30,low_snr_hard,7.5,28,float32_all,24.5505505876936,24.578125,24.578125,0.000117259497163165,0.000117391239777615,0.0275744123064214,0.00112316879444014,0,weak_margin
748,cp08p00_low_snr_hard_t0028,748,28,120,formal_tps30,low_snr_hard,7.5,28,combined_int16,24.5505505876936,25.5610423954495,25.5610423954495,0.000117259497163165,0.000122088941794088,1.0104918077559,0.0411596393386968,0,weak_margin
748,cp08p00_low_snr_hard_t0028,748,28,120,formal_tps30,low_snr_hard,7.5,28,combined_int18,24.5505505876936,24.7621882069507,24.7621882069507,0.000117259497163165,0.000118270503717888,0.21163761925709,0.0086204836221953,0,weak_margin
748,cp08p00_low_snr_hard_t0028,748,28,120,formal_tps30,low_snr_hard,7.5,28,combined_int24,24.5505505876936,24.549838644627,24.549838644627,0.000117259497163165,0.000117256097630066,0.000711943066562526,2.89990672111199e-05,0,weak_margin
748,cp08p00_low_snr_hard_t0028,748,28,120,formal_tps30,low_snr_hard,7.5,28,mixed_Z16_G24_Rz24,24.5505505876936,24.5498886796559,24.5498886796559,0.000117259497163165,0.000117256097630068,0.000661908037727699,2.69610262044181e-05,0,weak_margin
748,cp08p00_low_snr_hard_t0028,748,28,120,formal_tps30,low_snr_hard,7.5,28,combined_int14,24.5505505876936,25.5645267668442,25.5645267668442,0.000117259497163165,0.000122100122100163,1.01397617915063,0.0413015657440655,0,weak_margin
748,cp08p00_low_snr_hard_t0028,748,28,120,formal_tps30,low_snr_hard,7.5,28,W_int18_G24_Z16,24.5505505876936,24.5623729939543,24.5623729939543,0.000117259497163165,0.000117315716264315,0.0118224062607624,0.000481553609909204,0,weak_margin
868,cp08p00_cache_boundary_center_t0028,868,28,120,formal_tps30,cache_boundary_center,7.5,28,double_baseline,392.652217952505,392.652217952505,392.652217952505,0.00121664127924695,0.00121664127924695,0,0,0,reliable
868,cp08p00_cache_boundary_center_t0028,868,28,120,formal_tps30,cache_boundary_center,7.5,28,float32_all,392.652217952505,392.65625,392.65625,0.00121664127924695,0.00121665397402374,0.00403204749454744,1.02687500800903e-05,0,reliable
868,cp08p00_cache_boundary_center_t0028,868,28,120,formal_tps30,cache_boundary_center,7.5,28,combined_int16,392.652217952505,389.524520266394,389.524520266394,0.00121664127924695,0.00120693606294403,3.12769768611179,0.00796556734715837,0,reliable
868,cp08p00_cache_boundary_center_t0028,868,28,120,formal_tps30,cache_boundary_center,7.5,28,combined_int18,392.652217952505,391.97997632451,391.97997632451,0.00121664127924695,0.00121455634319235,0.67224162799539,0.00171205356103885,0,reliable
868,cp08p00_cache_boundary_center_t0028,868,28,120,formal_tps30,cache_boundary_center,7.5,28,combined_int24,392.652217952505,392.651311594236,392.651311594236,0.00121664127924695,0.00121663844831725,0.000906358269276097,2.30829784688935e-06,0,reliable
868,cp08p00_cache_boundary_center_t0028,868,28,120,formal_tps30,cache_boundary_center,7.5,28,mixed_Z16_G24_Rz24,392.652217952505,392.65129978428,392.65129978428,0.00121664127924695,0.00121663844831714,0.000918168225325644,2.33837524237977e-06,0,reliable
868,cp08p00_cache_boundary_center_t0028,868,28,120,formal_tps30,cache_boundary_center,7.5,28,combined_int14,392.652217952505,394.479441163625,394.479441163625,0.00121664127924695,0.00122234445666791,1.82722321111942,0.00465354104109616,0,reliable
868,cp08p00_cache_boundary_center_t0028,868,28,120,formal_tps30,cache_boundary_center,7.5,28,W_int18_G24_Z16,392.652217952505,392.651397400565,392.651397400565,0.00121664127924695,0.00121663844831723,0.000820551940705627,2.0897677465937e-06,0,reliable
988,cp15p00_hard_phase_t0028,988,28,120,formal_tps30,hard_phase,15,28,double_baseline,849.093161226192,849.093161226192,849.093161226192,0.00255496010401172,0.00255496010401172,0,0,0,reliable
988,cp15p00_hard_phase_t0028,988,28,120,formal_tps30,hard_phase,15,28,float32_all,849.093161226192,849.109375,849.109375,0.00255496010401172,0.00255500948155212,0.0162137738079764,1.9095400302791e-05,0,reliable
988,cp15p00_hard_phase_t0028,988,28,120,formal_tps30,hard_phase,15,28,combined_int16,849.093161226192,849.041288333538,849.041288333538,0.00255496010401172,0.00255480594183608,0.0518728926545009,6.10921098217188e-05,0,reliable
988,cp15p00_hard_phase_t0028,988,28,120,formal_tps30,hard_phase,15,28,combined_int18,849.093161226192,849.023137718876,849.023137718876,0.00255496010401172,0.00255474731713284,0.070023507316364,8.24685800262973e-05,0,reliable
988,cp15p00_hard_phase_t0028,988,28,120,formal_tps30,hard_phase,15,28,combined_int24,849.093161226192,849.095672582451,849.095672582451,0.00255496010401172,0.00255496771989865,0.00251135625876486,2.95769224561668e-06,0,reliable
988,cp15p00_hard_phase_t0028,988,28,120,formal_tps30,hard_phase,15,28,mixed_Z16_G24_Rz24,849.093161226192,849.07537192764,849.07537192764,0.00255496010401172,0.00255490781028529,0.0177892985520884,2.09509384416647e-05,0,reliable
988,cp15p00_hard_phase_t0028,988,28,120,formal_tps30,hard_phase,15,28,combined_int14,849.093161226192,854.204689330654,854.204689330654,0.00255496010401172,0.00257037943696451,5.1115281044622,0.0060199850121046,0,reliable
988,cp15p00_hard_phase_t0028,988,28,120,formal_tps30,hard_phase,15,28,W_int18_G24_Z16,849.093161226192,849.055228102632,849.055228102632,0.00255496010401172,0.00255484790067916,0.0379331235599238,4.46748664247206e-05,0,reliable
1108,cp15p00_medium_beta_coherent_t0028,1108,28,120,formal_tps30,medium_beta_coherent,15,28,double_baseline,166.54229253871,166.54229253871,166.54229253871,0.00044957137731584,0.00044957137731584,0,0,0,weak_margin
1108,cp15p00_medium_beta_coherent_t0028,1108,28,120,formal_tps30,medium_beta_coherent,15,28,float32_all,166.54229253871,166.546875,166.546875,0.00044957137731584,0.000449583714330821,0.00458246128982864,2.75153008882925e-05,0,weak_margin
1108,cp15p00_medium_beta_coherent_t0028,1108,28,120,formal_tps30,medium_beta_coherent,15,28,combined_int16,166.54229253871,164.004057801008,164.004057801008,0.00044957137731584,0.000442714296618589,2.53823473770171,0.0152407817798698,0,weak_margin
1108,cp15p00_medium_beta_coherent_t0028,1108,28,120,formal_tps30,medium_beta_coherent,15,28,combined_int18,166.54229253871,166.826692344534,166.826692344534,0.00044957137731584,0.000450340426831194,0.284399805823341,0.00170767317711348,0,weak_margin
1108,cp15p00_medium_beta_coherent_t0028,1108,28,120,formal_tps30,medium_beta_coherent,15,28,combined_int24,166.54229253871,166.538625378365,166.538625378365,0.00044957137731584,0.000449561485240421,0.00366716034477577,2.20193939261608e-05,0,weak_margin
1108,cp15p00_medium_beta_coherent_t0028,1108,28,120,formal_tps30,medium_beta_coherent,15,28,mixed_Z16_G24_Rz24,166.54229253871,166.494524583948,166.494524583948,0.00044957137731584,0.000449442168743015,0.0477679547620937,0.000286821767816069,0,weak_margin
1108,cp15p00_medium_beta_coherent_t0028,1108,28,120,formal_tps30,medium_beta_coherent,15,28,combined_int14,166.54229253871,158.365368229075,158.365368229075,0.00044957137731584,0.000427480916030486,8.17692430963507,0.0490981851215629,0,weak_margin
1108,cp15p00_medium_beta_coherent_t0028,1108,28,120,formal_tps30,medium_beta_coherent,15,28,W_int18_G24_Z16,166.54229253871,166.494556465419,166.494556465419,0.00044957137731584,0.000449442168742953,0.047736073291162,0.000286630336135589,0,weak_margin
29,cp00p00_easy_noncoherent_t0029,29,29,120,formal_tps30,easy_noncoherent,0,29,double_baseline,413.702152476209,413.702152476209,413.702152476209,0.000966840865437964,0.000966840865437964,0,0,0,weak_margin
29,cp00p00_easy_noncoherent_t0029,29,29,120,formal_tps30,easy_noncoherent,0,29,float32_all,413.702152476209,413.6875,413.6875,0.000966840865437964,0.000966806504757129,0.0146524762094487,3.54179356373817e-05,0,weak_margin
29,cp00p00_easy_noncoherent_t0029,29,29,120,formal_tps30,easy_noncoherent,0,29,combined_int16,413.702152476209,411.744487762364,411.744487762364,0.000966840865437964,0.0009622580990057,1.95766471384559,0.0047320631573416,0,weak_margin
29,cp00p00_easy_noncoherent_t0029,29,29,120,formal_tps30,easy_noncoherent,0,29,combined_int18,413.702152476209,413.366396255471,413.366396255471,0.000966840865437964,0.000966058139135277,0.335756220738403,0.000811589252627134,0,weak_margin
29,cp00p00_easy_noncoherent_t0029,29,29,120,formal_tps30,easy_noncoherent,0,29,combined_int24,413.702152476209,413.696338206792,413.696338206792,0.000966840865437964,0.000966827235758924,0.00581426941789687,1.40542401897008e-05,0,weak_margin
29,cp00p00_easy_noncoherent_t0029,29,29,120,formal_tps30,easy_noncoherent,0,29,mixed_Z16_G24_Rz24,413.702152476209,413.619652738853,413.619652738853,0.000966840865437964,0.000966648075903774,0.0824997373565566,0.00019941819703561,0,weak_margin
29,cp00p00_easy_noncoherent_t0029,29,29,120,formal_tps30,easy_noncoherent,0,29,combined_int14,413.702152476209,418.307227001787,418.307227001787,0.000966840865437964,0.000977636563607441,4.60507452557795,0.0111313767598605,0,weak_margin
29,cp00p00_easy_noncoherent_t0029,29,29,120,formal_tps30,easy_noncoherent,0,29,W_int18_G24_Z16,413.702152476209,413.645154707192,413.645154707192,0.000966840865437964,0.000966707795848356,0.056997769017471,0.000137774891129552,0,weak_margin
149,cp00p00_low_snr_hard_t0029,149,29,120,formal_tps30,low_snr_hard,0,29,double_baseline,118.284336062585,118.284336062585,118.284336062585,0.000595390966795706,0.000595390966795706,0,0,0,weak_margin
149,cp00p00_low_snr_hard_t0029,149,29,120,formal_tps30,low_snr_hard,0,29,float32_all,118.284336062585,118.2578125,118.2578125,0.000595390966795706,0.000595257500089169,0.0265235625847708,0.000224235629734922,0,weak_margin
149,cp00p00_low_snr_hard_t0029,149,29,120,formal_tps30,low_snr_hard,0,29,combined_int16,118.284336062585,118.299459258531,118.299459258531,0.000595390966795706,0.000595465302694817,0.0151231959462166,0.000127854595541838,0,weak_margin
149,cp00p00_low_snr_hard_t0029,149,29,120,formal_tps30,low_snr_hard,0,29,combined_int18,118.284336062585,118.295765047049,118.295765047049,0.000595390966795706,0.0005954516653562,0.0114289844641462,9.66229751511567e-05,0,weak_margin
149,cp00p00_low_snr_hard_t0029,149,29,120,formal_tps30,low_snr_hard,0,29,combined_int24,118.284336062585,118.283648565528,118.283648565528,0.000595390966795706,0.000595387515088186,0.000687497056787834,5.81224090757102e-06,0,weak_margin
149,cp00p00_low_snr_hard_t0029,149,29,120,formal_tps30,low_snr_hard,0,29,mixed_Z16_G24_Rz24,118.284336062585,118.271806612873,118.271806612873,0.000595390966795706,0.000595327839443062,0.0125294497120194,0.000105926533716096,0,weak_margin
149,cp00p00_low_snr_hard_t0029,149,29,120,formal_tps30,low_snr_hard,0,29,combined_int14,118.284336062585,121.338469879498,121.338469879498,0.000595390966795706,0.00061079892499386,3.05413381691324,0.0258202727307636,0,weak_margin
149,cp00p00_low_snr_hard_t0029,149,29,120,formal_tps30,low_snr_hard,0,29,W_int18_G24_Z16,118.284336062585,118.271828851532,118.271828851532,0.000595390966795706,0.000595327839443084,0.0125072110531619,0.000105738523539958,0,weak_margin
269,cp00p00_cache_boundary_center_t0029,269,29,120,formal_tps30,cache_boundary_center,0,29,double_baseline,572.105454762263,572.105454762263,572.105454762263,0.00178386610308107,0.00178386610308107,0,0,0,reliable
269,cp00p00_cache_boundary_center_t0029,269,29,120,formal_tps30,cache_boundary_center,0,29,float32_all,572.105454762263,572.140625,572.140625,0.00178386610308107,0.00178397611673168,0.035170237737475,6.14750959717556e-05,0,reliable
269,cp00p00_cache_boundary_center_t0029,269,29,120,formal_tps30,cache_boundary_center,0,29,combined_int16,572.105454762263,573.600911754998,573.600911754998,0.00178386610308107,0.00178852591833929,1.49545699273585,0.00261395338968982,0,reliable
269,cp00p00_cache_boundary_center_t0029,269,29,120,formal_tps30,cache_boundary_center,0,29,combined_int18,572.105454762263,572.360606163333,572.360606163333,0.00178386610308107,0.00178465653960061,0.255151401070179,0.000445986660232434,0,reliable
269,cp00p00_cache_boundary_center_t0029,269,29,120,formal_tps30,cache_boundary_center,0,29,combined_int24,572.105454762263,572.10525495364,572.10525495364,0.00178386610308107,0.00178386548454055,0.000199808622710407,3.49251385469549e-07,0,reliable
269,cp00p00_cache_boundary_center_t0029,269,29,120,formal_tps30,cache_boundary_center,0,29,mixed_Z16_G24_Rz24,572.105454762263,572.106026680878,572.106026680878,0.00178386610308107,0.00178386548454056,0.000571918615605682,9.99673418326945e-07,0,reliable
269,cp00p00_cache_boundary_center_t0029,269,29,120,formal_tps30,cache_boundary_center,0,29,combined_int14,572.105454762263,568.74959855873,568.74959855873,0.00178386610308107,0.00177337491591761,3.35585620353231,0.00586580004717283,0,reliable
269,cp00p00_cache_boundary_center_t0029,269,29,120,formal_tps30,cache_boundary_center,0,29,W_int18_G24_Z16,572.105454762263,572.106093901995,572.106093901995,0.00178386610308107,0.00178386548454061,0.0006391397328116,1.11717119193907e-06,0,reliable
389,cp04p00_hard_phase_t0029,389,29,120,formal_tps30,hard_phase,3.75,29,double_baseline,426.34854861378,426.34854861378,426.34854861378,0.00149772319931571,0.00149772319931571,0,0,0,reliable
389,cp04p00_hard_phase_t0029,389,29,120,formal_tps30,hard_phase,3.75,29,float32_all,426.34854861378,426.359375,426.359375,0.00149772319931571,0.00149776186502996,0.0108263862202875,2.53932756555363e-05,0,reliable
389,cp04p00_hard_phase_t0029,389,29,120,formal_tps30,hard_phase,3.75,29,combined_int16,426.34854861378,426.319602598611,426.319602598611,0.00149772319931571,0.00149764655541289,0.0289460151689127,6.7892843221883e-05,0,reliable
389,cp04p00_hard_phase_t0029,389,29,120,formal_tps30,hard_phase,3.75,29,combined_int18,426.34854861378,426.316622950486,426.316622950486,0.00149772319931571,0.00149761222540585,0.031925663293805,7.48816042592554e-05,0,reliable
389,cp04p00_hard_phase_t0029,389,29,120,formal_tps30,hard_phase,3.75,29,combined_int24,426.34854861378,426.347788778949,426.347788778949,0.00149772319931571,0.00149772052785666,0.000759834831114858,1.78219166826149e-06,0,reliable
389,cp04p00_hard_phase_t0029,389,29,120,formal_tps30,hard_phase,3.75,29,mixed_Z16_G24_Rz24,426.34854861378,426.346202564397,426.346202564397,0.00149772319931571,0.00149772052785667,0.00234604938304983,5.50265596230531e-06,0,reliable
389,cp04p00_hard_phase_t0029,389,29,120,formal_tps30,hard_phase,3.75,29,combined_int14,426.34854861378,435.063327877462,435.063327877462,0.00149772319931571,0.00152839762792686,8.71477926368243,0.0204405041180918,0,reliable
389,cp04p00_hard_phase_t0029,389,29,120,formal_tps30,hard_phase,3.75,29,W_int18_G24_Z16,426.34854861378,426.345899767621,426.345899767621,0.00149772319931571,0.00149772052785672,0.00264884615899064,6.21286543041611e-06,0,reliable
509,cp04p00_medium_beta_coherent_t0029,509,29,120,formal_tps30,medium_beta_coherent,3.75,29,double_baseline,466.44045961235,466.44045961235,466.44045961235,0.00145172645905602,0.00145172645905602,0,0,0,reliable
509,cp04p00_medium_beta_coherent_t0029,509,29,120,formal_tps30,medium_beta_coherent,3.75,29,float32_all,466.44045961235,466.4375,466.4375,0.00145172645905602,0.00145171717639356,0.00295961234951392,6.34510212080144e-06,0,reliable
509,cp04p00_medium_beta_coherent_t0029,509,29,120,formal_tps30,medium_beta_coherent,3.75,29,combined_int16,466.44045961235,466.444671053207,466.444671053207,0.00145172645905602,0.00145173367563683,0.00421144085703418,9.02889269197237e-06,0,reliable
509,cp04p00_medium_beta_coherent_t0029,509,29,120,formal_tps30,medium_beta_coherent,3.75,29,combined_int18,466.44045961235,466.432649337279,466.432649337279,0.00145172645905602,0.00145170039959966,0.00781027507036924,1.6744420235029e-05,0,reliable
509,cp04p00_medium_beta_coherent_t0029,509,29,120,formal_tps30,medium_beta_coherent,3.75,29,combined_int24,466.44045961235,466.447779300681,466.447779300681,0.00145172645905602,0.00145174925906822,0.00731968833133578,1.56926531146527e-05,0,reliable
509,cp04p00_medium_beta_coherent_t0029,509,29,120,formal_tps30,medium_beta_coherent,3.75,29,mixed_Z16_G24_Rz24,466.44045961235,466.448054645851,466.448054645851,0.00145172645905602,0.00145174925906822,0.00759503350127488,1.62829646201511e-05,0,reliable
509,cp04p00_medium_beta_coherent_t0029,509,29,120,formal_tps30,medium_beta_coherent,3.75,29,combined_int14,466.44045961235,471.424535528873,471.424535528873,0.00145172645905602,0.00146717202592003,4.98407591652358,0.01068534217779,0,reliable
509,cp04p00_medium_beta_coherent_t0029,509,29,120,formal_tps30,medium_beta_coherent,3.75,29,W_int18_G24_Z16,466.44045961235,466.448074824119,466.448074824119,0.00145172645905602,0.00145174925906829,0.00761521176900715,1.63262247347411e-05,0,reliable
629,cp08p00_easy_noncoherent_t0029,629,29,120,formal_tps30,easy_noncoherent,7.5,29,double_baseline,193.680762788543,193.680762788543,193.680762788543,0.000457099700310659,0.000457099700310659,0,0,0,weak_margin
629,cp08p00_easy_noncoherent_t0029,629,29,120,formal_tps30,easy_noncoherent,7.5,29,float32_all,193.680762788543,193.734375,193.734375,0.000457099700310659,0.000457226159088964,0.0536122114572208,0.000276807106112824,0,weak_margin
629,cp08p00_easy_noncoherent_t0029,629,29,120,formal_tps30,easy_noncoherent,7.5,29,combined_int16,193.680762788543,194.055823771661,194.055823771661,0.000457099700310659,0.000457987298485607,0.375060983118601,0.00193649063396186,0,weak_margin
629,cp08p00_easy_noncoherent_t0029,629,29,120,formal_tps30,easy_noncoherent,7.5,29,combined_int18,193.680762788543,194.052359588415,194.052359588415,0.000457099700310659,0.000457976811107467,0.37159679987235,0.00191860458685849,0,weak_margin
629,cp08p00_easy_noncoherent_t0029,629,29,120,formal_tps30,easy_noncoherent,7.5,29,combined_int24,193.680762788543,193.671773884475,193.671773884475,0.000457099700310659,0.000457078481955564,0.00898890406824648,4.64109286788612e-05,0,weak_margin
629,cp08p00_easy_noncoherent_t0029,629,29,120,formal_tps30,easy_noncoherent,7.5,29,mixed_Z16_G24_Rz24,193.680762788543,193.746757952409,193.746757952409,0.000457099700310659,0.000457257459444577,0.0659951638663188,0.000340741965883164,0,weak_margin
629,cp08p00_easy_noncoherent_t0029,629,29,120,formal_tps30,easy_noncoherent,7.5,29,combined_int14,193.680762788543,207.010779438046,207.010779438046,0.000457099700310659,0.000488579455233871,13.3300166495028,0.0688246806630779,0,weak_margin
629,cp08p00_easy_noncoherent_t0029,629,29,120,formal_tps30,easy_noncoherent,7.5,29,W_int18_G24_Z16,193.680762788543,193.746763201605,193.746763201605,0.000457099700310659,0.000457257459444666,0.0660004130622838,0.0003407690681926,0,weak_margin
749,cp08p00_low_snr_hard_t0029,749,29,120,formal_tps30,low_snr_hard,7.5,29,double_baseline,121.657602956853,121.657602956853,121.657602956853,0.00061254870974641,0.00061254870974641,0,0,0,weak_margin
749,cp08p00_low_snr_hard_t0029,749,29,120,formal_tps30,low_snr_hard,7.5,29,float32_all,121.657602956853,121.640625,121.640625,0.00061254870974641,0.000612463382006274,0.0169779568532249,0.000139555247190315,0,weak_margin
749,cp08p00_low_snr_hard_t0029,749,29,120,formal_tps30,low_snr_hard,7.5,29,combined_int16,121.657602956853,121.299018299367,121.299018299367,0.00061254870974641,0.000610742968821578,0.358584657486062,0.0029474907344117,0,weak_margin
749,cp08p00_low_snr_hard_t0029,749,29,120,formal_tps30,low_snr_hard,7.5,29,combined_int18,121.657602956853,122.054929841936,122.054929841936,0.00061254870974641,0.000614548383279715,0.397326885082293,0.00326594372587801,0,weak_margin
749,cp08p00_low_snr_hard_t0029,749,29,120,formal_tps30,low_snr_hard,7.5,29,combined_int24,121.657602956853,121.662697640961,121.662697640961,0.00061254870974641,0.000612574397133698,0.00509468410746194,4.18772356485506e-05,0,weak_margin
749,cp08p00_low_snr_hard_t0029,749,29,120,formal_tps30,low_snr_hard,7.5,29,mixed_Z16_G24_Rz24,121.657602956853,121.686220107105,121.686220107105,0.00061254870974641,0.000612693752545532,0.0286171502521029,0.000235226977653441,0,weak_margin
749,cp08p00_low_snr_hard_t0029,749,29,120,formal_tps30,low_snr_hard,7.5,29,combined_int14,121.657602956853,121.312193760445,133.443413136483,0.00061254870974641,0.000610798924993951,11.7858101796301,0.0968768896738002,0,weak_margin
749,cp08p00_low_snr_hard_t0029,749,29,120,formal_tps30,low_snr_hard,7.5,29,W_int18_G24_Z16,121.657602956853,121.68633011276,121.68633011276,0.00061254870974641,0.000612693752545568,0.0287271559063811,0.000236131201077251,0,weak_margin
869,cp08p00_cache_boundary_center_t0029,869,29,120,formal_tps30,cache_boundary_center,7.5,29,double_baseline,565.384984899167,565.384984899167,565.384984899167,0.00176027234936544,0.00176027234936544,0,0,0,reliable
869,cp08p00_cache_boundary_center_t0029,869,29,120,formal_tps30,cache_boundary_center,7.5,29,float32_all,565.384984899167,565.40625,565.40625,0.00176027234936544,0.00176033915887253,0.0212651008332614,3.76117183887611e-05,0,reliable
869,cp08p00_cache_boundary_center_t0029,869,29,120,formal_tps30,cache_boundary_center,7.5,29,combined_int16,565.384984899167,564.62816215778,564.62816215778,0.00176027234936544,0.00175789908130663,0.756822741386713,0.00133859717113232,0,reliable
869,cp08p00_cache_boundary_center_t0029,869,29,120,formal_tps30,cache_boundary_center,7.5,29,combined_int18,565.384984899167,565.838418339437,565.838418339437,0.00176027234936544,0.0017616869394415,0.453433440270601,0.00080199059469446,0,reliable
869,cp08p00_cache_boundary_center_t0029,869,29,120,formal_tps30,cache_boundary_center,7.5,29,combined_int24,565.384984899167,565.393203954998,565.393203954998,0.00176027234936544,0.00176029794599661,0.00821905583143234,1.45370960512829e-05,0,reliable
869,cp08p00_cache_boundary_center_t0029,869,29,120,formal_tps30,cache_boundary_center,7.5,29,mixed_Z16_G24_Rz24,565.384984899167,565.374989379401,565.374989379401,0.00176027234936544,0.00176023813131978,0.00999551976565272,1.76791390514825e-05,0,reliable
869,cp08p00_cache_boundary_center_t0029,869,29,120,formal_tps30,cache_boundary_center,7.5,29,combined_int14,565.384984899167,569.574510248145,569.574510248145,0.00176027234936544,0.00177337491591752,4.18952534897835,0.0074100399919986,0,reliable
869,cp08p00_cache_boundary_center_t0029,869,29,120,formal_tps30,cache_boundary_center,7.5,29,W_int18_G24_Z16,565.384984899167,565.394499413582,565.394499413582,0.00176027234936544,0.00176029794599668,0.00951451441505924,1.68283818445516e-05,0,reliable
989,cp15p00_hard_phase_t0029,989,29,120,formal_tps30,hard_phase,15,29,double_baseline,424.437853888288,424.437853888288,424.437853888288,0.0014918887648776,0.0014918887648776,0,0,0,reliable
989,cp15p00_hard_phase_t0029,989,29,120,formal_tps30,hard_phase,15,29,float32_all,424.437853888288,424.453125,424.453125,0.0014918887648776,0.00149194309537358,0.0152711117116269,3.59796176795442e-05,0,reliable
989,cp15p00_hard_phase_t0029,989,29,120,formal_tps30,hard_phase,15,29,combined_int16,424.437853888288,426.073761262407,426.073761262407,0.0014918887648776,0.00149764655541289,1.63590737411869,0.00385429188073611,0,reliable
989,cp15p00_hard_phase_t0029,989,29,120,formal_tps30,hard_phase,15,29,combined_int18,424.437853888288,424.976138259633,424.976138259633,0.0014918887648776,0.00149378607913631,0.538284371345071,0.00126822894427024,0,reliable
989,cp15p00_hard_phase_t0029,989,29,120,formal_tps30,hard_phase,15,29,combined_int24,424.437853888288,424.43018651579,424.43018651579,0.0014918887648776,0.00149186179600529,0.00766737249796279,1.80647706789622e-05,0,reliable
989,cp15p00_hard_phase_t0029,989,29,120,formal_tps30,hard_phase,15,29,mixed_Z16_G24_Rz24,424.437853888288,424.430201752722,424.430201752722,0.0014918887648776,0.00149186179600528,0.00765213556587696,1.80288715904472e-05,0,reliable
989,cp15p00_hard_phase_t0029,989,29,120,formal_tps30,hard_phase,15,29,combined_int14,424.437853888288,434.810403868963,434.810403868963,0.0014918887648776,0.00152839762792686,10.3725499806751,0.0244383244464457,0,reliable
989,cp15p00_hard_phase_t0029,989,29,120,formal_tps30,hard_phase,15,29,W_int18_G24_Z16,424.437853888288,424.44716716031,424.44716716031,0.0014918887648776,0.00149192157863722,0.00931327202124521,2.19426046379371e-05,0,reliable
1109,cp15p00_medium_beta_coherent_t0029,1109,29,120,formal_tps30,medium_beta_coherent,15,29,double_baseline,468.313168709748,468.313168709748,468.313168709748,0.00145242369709021,0.00145242369709021,0,0,0,reliable
1109,cp15p00_medium_beta_coherent_t0029,1109,29,120,formal_tps30,medium_beta_coherent,15,29,float32_all,468.313168709748,468.28125,468.28125,0.00145242369709021,0.0014523247857615,0.0319187097484246,6.81567632111733e-05,0,reliable
1109,cp15p00_medium_beta_coherent_t0029,1109,29,120,formal_tps30,medium_beta_coherent,15,29,combined_int16,468.313168709748,468.095655249752,468.095655249752,0.00145242369709021,0.00145173367563682,0.217513459996553,0.000464461549513599,0,reliable
1109,cp15p00_medium_beta_coherent_t0029,1109,29,120,formal_tps30,medium_beta_coherent,15,29,combined_int18,468.313168709748,468.079727348028,468.079727348028,0.00145242369709021,0.00145170039959963,0.233441361720907,0.000498472768476833,0,reliable
1109,cp15p00_medium_beta_coherent_t0029,1109,29,120,formal_tps30,medium_beta_coherent,15,29,combined_int24,468.313168709748,468.307720694924,468.307720694924,0.00145242369709021,0.00145240681573473,0.00544801482465118,1.16332727513536e-05,0,reliable
1109,cp15p00_medium_beta_coherent_t0029,1109,29,120,formal_tps30,medium_beta_coherent,15,29,mixed_Z16_G24_Rz24,468.313168709748,468.288170380838,468.288170380838,0.00145242369709021,0.00145234703782035,0.0249983289104421,5.33795130709544e-05,0,reliable
1109,cp15p00_medium_beta_coherent_t0029,1109,29,120,formal_tps30,medium_beta_coherent,15,29,combined_int14,468.313168709748,473.082500893477,473.082500893477,0.00145242369709021,0.00146717202592011,4.76933218372869,0.0101840659250918,0,reliable
1109,cp15p00_medium_beta_coherent_t0029,1109,29,120,formal_tps30,medium_beta_coherent,15,29,W_int18_G24_Z16,468.313168709748,468.288151033659,468.288151033659,0.00145242369709021,0.00145234703782029,0.0250176760891918,5.34208255516669e-05,0,reliable
30,cp00p00_easy_noncoherent_t0030,30,30,120,formal_tps30,easy_noncoherent,0,30,double_baseline,685.106077847071,685.106077847071,685.106077847071,0.00184067899826159,0.00184067899826159,0,0,0,reliable
30,cp00p00_easy_noncoherent_t0030,30,30,120,formal_tps30,easy_noncoherent,0,30,float32_all,685.106077847071,685.0625,685.0625,0.00184067899826159,0.00184056254953092,0.043577847070992,6.36074448615816e-05,0,reliable
30,cp00p00_easy_noncoherent_t0030,30,30,120,formal_tps30,easy_noncoherent,0,30,combined_int16,685.106077847071,682.796806008788,682.796806008788,0.00184067899826159,0.00183446968538841,2.30927183828317,0.00337067778692023,0,reliable
30,cp00p00_easy_noncoherent_t0030,30,30,120,formal_tps30,easy_noncoherent,0,30,combined_int18,685.106077847071,685.627778661088,685.627778661088,0.00184067899826159,0.0018420851486662,0.521700814017095,0.000761489104952224,0,reliable
30,cp00p00_easy_noncoherent_t0030,30,30,120,formal_tps30,easy_noncoherent,0,30,combined_int24,685.106077847071,685.112155729614,685.112155729614,0.00184067899826159,0.00184069532840786,0.00607788254274055,8.87144741415833e-06,0,reliable
30,cp00p00_easy_noncoherent_t0030,30,30,120,formal_tps30,easy_noncoherent,0,30,mixed_Z16_G24_Rz24,685.106077847071,685.066015252582,685.066015252582,0.00184067899826159,0.00184057567985837,0.0400625944894273,5.84764838392954e-05,0,reliable
30,cp00p00_easy_noncoherent_t0030,30,30,120,formal_tps30,easy_noncoherent,0,30,combined_int14,685.106077847071,682.868393288838,682.868393288838,0.00184067899826159,0.00183463796477495,2.23768455823301,0.00326618698999852,0,reliable
30,cp00p00_easy_noncoherent_t0030,30,30,120,formal_tps30,easy_noncoherent,0,30,W_int18_G24_Z16,685.106077847071,685.066577878955,685.066577878955,0.00184067899826159,0.00184057567985839,0.039499968115706,5.76552586423312e-05,0,reliable
150,cp00p00_low_snr_hard_t0030,150,30,120,formal_tps30,low_snr_hard,0,30,double_baseline,26.6162585832644,26.6162585832644,26.6162585832644,0.000127099777599632,0.000127099777599632,0,0,0,weak_margin
150,cp00p00_low_snr_hard_t0030,150,30,120,formal_tps30,low_snr_hard,0,30,float32_all,26.6162585832644,26.6171875,26.6171875,0.000127099777599632,0.000127104247755315,0.000928916735574603,3.49003498244746e-05,0,weak_margin
150,cp00p00_low_snr_hard_t0030,150,30,120,formal_tps30,low_snr_hard,0,30,combined_int16,26.6162585832644,25.5669934976613,25.5669934976613,0.000127099777599632,0.000122088941794104,1.04926508560311,0.0394219601647115,0,weak_margin
150,cp00p00_low_snr_hard_t0030,150,30,120,formal_tps30,low_snr_hard,0,30,combined_int18,26.6162585832644,26.3655049167864,26.3655049167864,0.000127099777599632,0.000125901819472069,0.250753666477976,0.00942107117322806,0,weak_margin
150,cp00p00_low_snr_hard_t0030,150,30,120,formal_tps30,low_snr_hard,0,30,combined_int24,26.6162585832644,26.6148968023917,26.6148968023917,0.000127099777599632,0.000127093268456175,0.0013617808726849,5.11634972445434e-05,0,weak_margin
150,cp00p00_low_snr_hard_t0030,150,30,120,formal_tps30,low_snr_hard,0,30,mixed_Z16_G24_Rz24,26.6162585832644,26.6149179553031,26.6149179553031,0.000127099777599632,0.000127093268456122,0.00134062796132639,5.03687607757666e-05,0,weak_margin
150,cp00p00_low_snr_hard_t0030,150,30,120,formal_tps30,low_snr_hard,0,30,combined_int14,26.6162585832644,25.5700677757995,25.5700677757995,0.000127099777599632,0.000122100122100138,1.04619080746488,0.0393064563973953,0,weak_margin
150,cp00p00_low_snr_hard_t0030,150,30,120,formal_tps30,low_snr_hard,0,30,W_int18_G24_Z16,26.6162585832644,26.6149231890595,26.6149231890595,0.000127099777599632,0.000127093268456196,0.00133539420494344,5.01721232067944e-05,0,weak_margin
270,cp00p00_cache_boundary_center_t0030,270,30,120,formal_tps30,cache_boundary_center,0,30,double_baseline,369.671981689433,369.671981689433,369.671981689433,0.0011346417482266,0.0011346417482266,0,0,0,reliable
270,cp00p00_cache_boundary_center_t0030,270,30,120,formal_tps30,cache_boundary_center,0,30,float32_all,369.671981689433,369.671875,369.671875,0.0011346417482266,0.00113464155776853,0.000106689432868734,2.88605677880033e-07,0,reliable
270,cp00p00_cache_boundary_center_t0030,270,30,120,formal_tps30,cache_boundary_center,0,30,combined_int16,369.671981689433,368.309733045171,368.309733045171,0.0011346417482266,0.00113046135044304,1.36224864426185,0.00368501999539229,0,reliable
270,cp00p00_cache_boundary_center_t0030,270,30,120,formal_tps30,cache_boundary_center,0,30,combined_int18,369.671981689433,369.547350590408,369.547350590408,0.0011346417482266,0.00113425881723927,0.124631099024555,0.000337139694642206,0,reliable
270,cp00p00_cache_boundary_center_t0030,270,30,120,formal_tps30,cache_boundary_center,0,30,combined_int24,369.671981689433,369.680684448162,369.680684448162,0.0011346417482266,0.00113466846884921,0.00870275872875936,2.35418402254534e-05,0,reliable
270,cp00p00_cache_boundary_center_t0030,270,30,120,formal_tps30,cache_boundary_center,0,30,mixed_Z16_G24_Rz24,369.671981689433,369.681638347276,369.681638347276,0.0011346417482266,0.00113466846884912,0.00965665784315206,2.61222335515402e-05,0,reliable
270,cp00p00_cache_boundary_center_t0030,270,30,120,formal_tps30,cache_boundary_center,0,30,combined_int14,369.671981689433,378.306967043143,378.306967043143,0.0011346417482266,0.00116115626718818,8.63498535371036,0.023358506409514,0,reliable
270,cp00p00_cache_boundary_center_t0030,270,30,120,formal_tps30,cache_boundary_center,0,30,W_int18_G24_Z16,369.671981689433,369.681576270115,369.681576270115,0.0011346417482266,0.00113466846884923,0.00959458068246022,2.59543085700251e-05,0,reliable
390,cp04p00_hard_phase_t0030,390,30,120,formal_tps30,hard_phase,3.75,30,double_baseline,839.766653488099,839.766653488099,839.766653488099,0.00256089071050743,0.00256089071050743,0,0,0,reliable
390,cp04p00_hard_phase_t0030,390,30,120,formal_tps30,hard_phase,3.75,30,float32_all,839.766653488099,839.8125,839.8125,0.00256089071050743,0.00256103080107927,0.0458465119008906,5.45943467872416e-05,0,reliable
390,cp04p00_hard_phase_t0030,390,30,120,formal_tps30,hard_phase,3.75,30,combined_int16,839.766653488099,842.796789950517,842.796789950517,0.00256089071050743,0.0025701434996787,3.03013646241743,0.00360830767669959,0,reliable
390,cp04p00_hard_phase_t0030,390,30,120,formal_tps30,hard_phase,3.75,30,combined_int18,839.766653488099,840.262912222621,840.262912222621,0.00256089071050743,0.00256241586097175,0.496258734521689,0.000590948369359991,0,reliable
390,cp04p00_hard_phase_t0030,390,30,120,formal_tps30,hard_phase,3.75,30,combined_int24,839.766653488099,839.769307843933,839.769307843933,0.00256089071050743,0.00256089880705918,0.00265435583423823,3.16082547837897e-06,0,reliable
390,cp04p00_hard_phase_t0030,390,30,120,formal_tps30,hard_phase,3.75,30,mixed_Z16_G24_Rz24,839.766653488099,839.786835651292,839.786835651292,0.00256089071050743,0.00256095871738849,0.0201821631926578,2.40330609804855e-05,0,reliable
390,cp04p00_hard_phase_t0030,390,30,120,formal_tps30,hard_phase,3.75,30,combined_int14,839.766653488099,842.878482107277,842.878482107277,0.00256089071050743,0.00257037943696451,3.11182861917769,0.00370558726790619,0,reliable
390,cp04p00_hard_phase_t0030,390,30,120,formal_tps30,hard_phase,3.75,30,W_int18_G24_Z16,839.766653488099,839.767303910019,839.767303910019,0.00256089071050743,0.00256089880705922,0.000650421919999644,7.74526968054777e-07,0,reliable
510,cp04p00_medium_beta_coherent_t0030,510,30,120,formal_tps30,medium_beta_coherent,3.75,30,double_baseline,167.037482638552,167.037482638552,167.037482638552,0.000450316533143583,0.000450316533143583,0,0,0,weak_margin
510,cp04p00_medium_beta_coherent_t0030,510,30,120,formal_tps30,medium_beta_coherent,3.75,30,float32_all,167.037482638552,167.03125,167.03125,0.000450316533143583,0.000450299678859243,0.00623263855231926,3.73128141891715e-05,0,weak_margin
510,cp04p00_medium_beta_coherent_t0030,510,30,120,formal_tps30,medium_beta_coherent,3.75,30,combined_int16,167.037482638552,169.882466054085,169.882466054085,0.000450316533143583,0.000457987298485593,2.84498341553262,0.0170320060539274,0,weak_margin
510,cp04p00_medium_beta_coherent_t0030,510,30,120,formal_tps30,medium_beta_coherent,3.75,30,combined_int18,167.037482638552,167.046575920569,167.046575920569,0.000450316533143583,0.000450340426831141,0.00909328201669268,5.44385719483655e-05,0,weak_margin
510,cp04p00_medium_beta_coherent_t0030,510,30,120,formal_tps30,medium_beta_coherent,3.75,30,combined_int24,167.037482638552,167.045096213726,167.045096213726,0.000450316533143583,0.000450337043167553,0.00761357517330907,4.55800401984258e-05,0,weak_margin
510,cp04p00_medium_beta_coherent_t0030,510,30,120,formal_tps30,medium_beta_coherent,3.75,30,mixed_Z16_G24_Rz24,167.037482638552,167.04526950646,167.04526950646,0.000450316533143583,0.000450337043167621,0.00778686790727079,4.66174883880439e-05,0,weak_margin
510,cp04p00_medium_beta_coherent_t0030,510,30,120,formal_tps30,medium_beta_coherent,3.75,30,combined_int14,167.037482638552,158.566164116492,158.566164116492,0.000450316533143583,0.000427480916030468,8.47131852206076,0.0507150753725833,0,weak_margin
510,cp04p00_medium_beta_coherent_t0030,510,30,120,formal_tps30,medium_beta_coherent,3.75,30,W_int18_G24_Z16,167.037482638552,167.045284078369,167.045284078369,0.000450316533143583,0.000450337043167635,0.00780143981683068,4.67047257513572e-05,0,weak_margin
630,cp08p00_easy_noncoherent_t0030,630,30,120,formal_tps30,easy_noncoherent,7.5,30,double_baseline,653.893892428547,653.893892428547,653.893892428547,0.00175441562111115,0.00175441562111115,0,0,0,reliable
630,cp08p00_easy_noncoherent_t0030,630,30,120,formal_tps30,easy_noncoherent,7.5,30,float32_all,653.893892428547,653.921875,653.921875,0.00175441562111115,0.00175449106490703,0.0279825714533217,4.27937495323517e-05,0,reliable
630,cp08p00_easy_noncoherent_t0030,630,30,120,formal_tps30,easy_noncoherent,7.5,30,combined_int16,653.893892428547,655.189277153928,655.189277153928,0.00175441562111115,0.00175789908130668,1.29538472538115,0.00198103199980983,0,reliable
630,cp08p00_easy_noncoherent_t0030,630,30,120,formal_tps30,easy_noncoherent,7.5,30,combined_int18,653.893892428547,653.750309685158,653.750309685158,0.00175441562111115,0.00175403064012565,0.143582743388833,0.000219581104903076,0,reliable
630,cp08p00_easy_noncoherent_t0030,630,30,120,formal_tps30,easy_noncoherent,7.5,30,combined_int24,653.893892428547,653.901520797575,653.901520797575,0.00175441562111115,0.00175443614161143,0.00762836902868003,1.166606557579e-05,0,reliable
630,cp08p00_easy_noncoherent_t0030,630,30,120,formal_tps30,easy_noncoherent,7.5,30,mixed_Z16_G24_Rz24,653.893892428547,653.902796172333,653.902796172333,0.00175441562111115,0.00175443614161136,0.00890374378650449,1.36164963300639e-05,0,reliable
630,cp08p00_easy_noncoherent_t0030,630,30,120,formal_tps30,easy_noncoherent,7.5,30,combined_int14,653.893892428547,660.96813052689,660.96813052689,0.00175441562111115,0.0017733749159176,7.0742380983429,0.0108186330844433,0,reliable
630,cp08p00_easy_noncoherent_t0030,630,30,120,formal_tps30,easy_noncoherent,7.5,30,W_int18_G24_Z16,653.893892428547,653.902703523461,653.902703523461,0.00175441562111115,0.00175443614161143,0.008811094914563,1.34748084002418e-05,0,reliable
750,cp08p00_low_snr_hard_t0030,750,30,120,formal_tps30,low_snr_hard,7.5,30,double_baseline,27.8292619191925,27.8292619191925,27.8292619191925,0.000132826014673972,0.000132826014673972,0,0,0,weak_margin
750,cp08p00_low_snr_hard_t0030,750,30,120,formal_tps30,low_snr_hard,7.5,30,float32_all,27.8292619191925,27.828125,27.828125,0.000132826014673972,0.000132820575808891,0.00113691919250414,4.08533721018328e-05,0,weak_margin
750,cp08p00_low_snr_hard_t0030,750,30,120,formal_tps30,low_snr_hard,7.5,30,combined_int16,27.8292619191925,28.777559958442,28.777559958442,0.000132826014673972,0.000137352155665771,0.948298039249494,0.0340755727551473,0,weak_margin
750,cp08p00_low_snr_hard_t0030,750,30,120,formal_tps30,low_snr_hard,7.5,30,combined_int18,27.8292619191925,27.9774173288461,27.9774173288461,0.000132826014673972,0.000133533251687272,0.148155409653555,0.00532372759592948,0,weak_margin
750,cp08p00_low_snr_hard_t0030,750,30,120,formal_tps30,low_snr_hard,7.5,30,combined_int24,27.8292619191925,27.8273334965488,27.8273334965488,0.000132826014673972,0.000132816802350869,0.00192842264368664,6.92947822075261e-05,0,weak_margin
750,cp08p00_low_snr_hard_t0030,750,30,120,formal_tps30,low_snr_hard,7.5,30,mixed_Z16_G24_Rz24,27.8292619191925,27.8272661282244,27.8272661282244,0.000132826014673972,0.000132816802350873,0.00199579096806701,7.17155551542174e-05,0,weak_margin
750,cp08p00_low_snr_hard_t0030,750,30,120,formal_tps30,low_snr_hard,7.5,30,combined_int14,27.8292619191925,25.5813047161791,25.5813047161791,0.000132826014673972,0.000122100122100108,2.24795720301336,0.0807767453387993,0,weak_margin
750,cp08p00_low_snr_hard_t0030,750,30,120,formal_tps30,low_snr_hard,7.5,30,W_int18_G24_Z16,27.8292619191925,27.8272705786949,27.8272705786949,0.000132826014673972,0.000132816802350826,0.00199134049762506,7.15556346196781e-05,0,weak_margin
870,cp08p00_cache_boundary_center_t0030,870,30,120,formal_tps30,cache_boundary_center,7.5,30,double_baseline,374.08998036111,374.08998036111,374.08998036111,0.00116502356079809,0.00116502356079809,0,0,0,reliable
870,cp08p00_cache_boundary_center_t0030,870,30,120,formal_tps30,cache_boundary_center,7.5,30,float32_all,374.08998036111,374.125,374.125,0.00116502356079809,0.00116513275039065,0.0350196388899349,9.3612875854441e-05,0,reliable
870,cp08p00_cache_boundary_center_t0030,870,30,120,formal_tps30,cache_boundary_center,7.5,30,combined_int16,374.08998036111,372.818335633347,372.818335633347,0.00116502356079809,0.00116104983348102,1.27164472776349,0.00339930175765725,0,reliable
870,cp08p00_cache_boundary_center_t0030,870,30,120,formal_tps30,cache_boundary_center,7.5,30,combined_int18,374.08998036111,374.033496492018,374.033496492018,0.00116502356079809,0.00116484683218953,0.0564838690916076,0.000150990061367277,0,reliable
870,cp08p00_cache_boundary_center_t0030,870,30,120,formal_tps30,cache_boundary_center,7.5,30,combined_int24,374.08998036111,374.087984282378,374.087984282378,0.00116502356079809,0.00116501730459168,0.00199607873219065,5.33582516768782e-06,0,reliable
870,cp08p00_cache_boundary_center_t0030,870,30,120,formal_tps30,cache_boundary_center,7.5,30,mixed_Z16_G24_Rz24,374.08998036111,374.049209403544,374.049209403544,0.00116502356079809,0.00116489781737858,0.0407709575665649,0.000108987034422062,0,reliable
870,cp08p00_cache_boundary_center_t0030,870,30,120,formal_tps30,cache_boundary_center,7.5,30,combined_int14,374.08998036111,372.842431582976,372.842431582976,0.00116502356079809,0.0011611562671881,1.24754877813393,0.00333488958172488,0,reliable
870,cp08p00_cache_boundary_center_t0030,870,30,120,formal_tps30,cache_boundary_center,7.5,30,W_int18_G24_Z16,374.08998036111,374.049035326112,374.049035326112,0.00116502356079809,0.00116489781737852,0.0409450349980034,0.000109452370144956,0,reliable
990,cp15p00_hard_phase_t0030,990,30,120,formal_tps30,hard_phase,15,30,double_baseline,848.371687973733,848.371687973733,848.371687973733,0.00256440397172957,0.00256440397172957,0,0,0,reliable
990,cp15p00_hard_phase_t0030,990,30,120,formal_tps30,hard_phase,15,30,float32_all,848.371687973733,848.421875,848.421875,0.00256440397172957,0.00256455585348928,0.0501870262669399,5.91568848635291e-05,0,reliable
990,cp15p00_hard_phase_t0030,990,30,120,formal_tps30,hard_phase,15,30,combined_int16,848.371687973733,850.270190505835,850.270190505835,0.00256440397172957,0.0025701434996787,1.8985025321017,0.00223781929431912,0,reliable
990,cp15p00_hard_phase_t0030,990,30,120,formal_tps30,hard_phase,15,30,combined_int18,848.371687973733,848.979031660332,848.979031660332,0.00256440397172957,0.00256625017688389,0.607343686599052,0.000715893393436599,0,reliable
990,cp15p00_hard_phase_t0030,990,30,120,formal_tps30,hard_phase,15,30,combined_int24,848.371687973733,848.361667147867,848.361667147867,0.00256440397172957,0.00256437361799575,0.010020825866377,1.18118343745192e-05,0,reliable
990,cp15p00_hard_phase_t0030,990,30,120,formal_tps30,hard_phase,15,30,mixed_Z16_G24_Rz24,848.371687973733,848.361976455257,848.361976455257,0.00256440397172957,0.00256437361799574,0.00971151847625151,1.14472448973948e-05,0,reliable
990,cp15p00_hard_phase_t0030,990,30,120,formal_tps30,hard_phase,15,30,combined_int14,848.371687973733,850.342162640241,850.342162640241,0.00256440397172957,0.00257037943696449,1.97047466650838,0.0023226549099189,0,reliable
990,cp15p00_hard_phase_t0030,990,30,120,formal_tps30,hard_phase,15,30,W_int18_G24_Z16,848.371687973733,848.361605301907,848.361605301907,0.00256440397172957,0.00256437361799575,0.0100826718262397,1.18847339782417e-05,0,reliable
1110,cp15p00_medium_beta_coherent_t0030,1110,30,120,formal_tps30,medium_beta_coherent,15,30,double_baseline,165.530239882297,165.530239882297,165.530239882297,0.000445361950042178,0.000445361950042178,0,0,0,weak_margin
1110,cp15p00_medium_beta_coherent_t0030,1110,30,120,formal_tps30,medium_beta_coherent,15,30,float32_all,165.530239882297,165.546875,165.546875,0.000445361950042178,0.000445406659222623,0.0166351177031174,0.000100495943913004,0,weak_margin
1110,cp15p00_medium_beta_coherent_t0030,1110,30,120,formal_tps30,medium_beta_coherent,15,30,combined_int16,165.530239882297,164.548980006861,164.548980006861,0.000445361950042178,0.000442714296618627,0.981259875436081,0.00592797954098189,0,weak_margin
1110,cp15p00_medium_beta_coherent_t0030,1110,30,120,formal_tps30,medium_beta_coherent,15,30,combined_int18,165.530239882297,165.961857366783,165.961857366783,0.000445361950042178,0.000446522278408554,0.431617484486196,0.00260748419619947,0,weak_margin
1110,cp15p00_medium_beta_coherent_t0030,1110,30,120,formal_tps30,medium_beta_coherent,15,30,combined_int24,165.530239882297,165.538955850992,165.538955850992,0.000445361950042178,0.00044538542476346,0.0087159686954692,5.26548424122797e-05,0,weak_margin
1110,cp15p00_medium_beta_coherent_t0030,1110,30,120,formal_tps30,medium_beta_coherent,15,30,mixed_Z16_G24_Rz24,165.530239882297,165.538957641809,165.538957641809,0.000445361950042178,0.000445385424763438,0.00871775951236486,5.26656610814059e-05,0,weak_margin
1110,cp15p00_medium_beta_coherent_t0030,1110,30,120,formal_tps30,medium_beta_coherent,15,30,combined_int14,165.530239882297,158.878489895491,158.878489895491,0.000445361950042178,0.000427480916030571,6.65174998680595,0.0401845003760992,0,weak_margin
1110,cp15p00_medium_beta_coherent_t0030,1110,30,120,formal_tps30,medium_beta_coherent,15,30,W_int18_G24_Z16,165.530239882297,165.538969201531,165.538969201531,0.000445361950042178,0.000445385424763444,0.00872931923368014,5.27354955800661e-05,0,weak_margin
