trial_index,obs_id,obs_global_index,chunk_id,total_chunks,run_tag,scenario_name,center_az,trial_id,quant_mode,K,K_actual,topK_order_same_flag,topK_set_same_flag,topK_jaccard,topK_miss_count,topK_miss_rate,reliable_margin_flag,reliable_topK_same_flag
1,cp00p00_easy_noncoherent_t0001,1,1,120,formal_tps30,easy_noncoherent,0,1,double_baseline,1,1,1,1,1,0,0,1,1
1,cp00p00_easy_noncoherent_t0001,1,1,120,formal_tps30,easy_noncoherent,0,1,double_baseline,3,3,1,1,1,0,0,1,1
1,cp00p00_easy_noncoherent_t0001,1,1,120,formal_tps30,easy_noncoherent,0,1,double_baseline,5,5,1,1,1,0,0,1,1
1,cp00p00_easy_noncoherent_t0001,1,1,120,formal_tps30,easy_noncoherent,0,1,double_baseline,10,10,1,1,1,0,0,1,1
1,cp00p00_easy_noncoherent_t0001,1,1,120,formal_tps30,easy_noncoherent,0,1,float32_all,1,1,1,1,1,0,0,1,1
1,cp00p00_easy_noncoherent_t0001,1,1,120,formal_tps30,easy_noncoherent,0,1,float32_all,3,3,1,1,1,0,0,1,1
1,cp00p00_easy_noncoherent_t0001,1,1,120,formal_tps30,easy_noncoherent,0,1,float32_all,5,5,1,1,1,0,0,1,1
1,cp00p00_easy_noncoherent_t0001,1,1,120,formal_tps30,easy_noncoherent,0,1,float32_all,10,10,1,1,1,0,0,1,1
1,cp00p00_easy_noncoherent_t0001,1,1,120,formal_tps30,easy_noncoherent,0,1,combined_int16,1,1,1,1,1,0,0,1,1
1,cp00p00_easy_noncoherent_t0001,1,1,120,formal_tps30,easy_noncoherent,0,1,combined_int16,3,3,1,1,1,0,0,1,1
1,cp00p00_easy_noncoherent_t0001,1,1,120,formal_tps30,easy_noncoherent,0,1,combined_int16,5,5,1,1,1,0,0,1,1
1,cp00p00_easy_noncoherent_t0001,1,1,120,formal_tps30,easy_noncoherent,0,1,combined_int16,10,10,1,1,1,0,0,1,1
1,cp00p00_easy_noncoherent_t0001,1,1,120,formal_tps30,easy_noncoherent,0,1,combined_int18,1,1,1,1,1,0,0,1,1
1,cp00p00_easy_noncoherent_t0001,1,1,120,formal_tps30,easy_noncoherent,0,1,combined_int18,3,3,1,1,1,0,0,1,1
1,cp00p00_easy_noncoherent_t0001,1,1,120,formal_tps30,easy_noncoherent,0,1,combined_int18,5,5,1,1,1,0,0,1,1
1,cp00p00_easy_noncoherent_t0001,1,1,120,formal_tps30,easy_noncoherent,0,1,combined_int18,10,10,1,1,1,0,0,1,1
1,cp00p00_easy_noncoherent_t0001,1,1,120,formal_tps30,easy_noncoherent,0,1,combined_int24,1,1,1,1,1,0,0,1,1
1,cp00p00_easy_noncoherent_t0001,1,1,120,formal_tps30,easy_noncoherent,0,1,combined_int24,3,3,1,1,1,0,0,1,1
1,cp00p00_easy_noncoherent_t0001,1,1,120,formal_tps30,easy_noncoherent,0,1,combined_int24,5,5,1,1,1,0,0,1,1
1,cp00p00_easy_noncoherent_t0001,1,1,120,formal_tps30,easy_noncoherent,0,1,combined_int24,10,10,1,1,1,0,0,1,1
1,cp00p00_easy_noncoherent_t0001,1,1,120,formal_tps30,easy_noncoherent,0,1,mixed_Z16_G24_Rz24,1,1,1,1,1,0,0,1,1
1,cp00p00_easy_noncoherent_t0001,1,1,120,formal_tps30,easy_noncoherent,0,1,mixed_Z16_G24_Rz24,3,3,1,1,1,0,0,1,1
1,cp00p00_easy_noncoherent_t0001,1,1,120,formal_tps30,easy_noncoherent,0,1,mixed_Z16_G24_Rz24,5,5,1,1,1,0,0,1,1
1,cp00p00_easy_noncoherent_t0001,1,1,120,formal_tps30,easy_noncoherent,0,1,mixed_Z16_G24_Rz24,10,10,1,1,1,0,0,1,1
1,cp00p00_easy_noncoherent_t0001,1,1,120,formal_tps30,easy_noncoherent,0,1,combined_int14,1,1,1,1,1,0,0,1,1
1,cp00p00_easy_noncoherent_t0001,1,1,120,formal_tps30,easy_noncoherent,0,1,combined_int14,3,3,1,1,1,0,0,1,1
1,cp00p00_easy_noncoherent_t0001,1,1,120,formal_tps30,easy_noncoherent,0,1,combined_int14,5,5,1,1,1,0,0,1,1
1,cp00p00_easy_noncoherent_t0001,1,1,120,formal_tps30,easy_noncoherent,0,1,combined_int14,10,10,1,1,1,0,0,1,1
1,cp00p00_easy_noncoherent_t0001,1,1,120,formal_tps30,easy_noncoherent,0,1,W_int18_G24_Z16,1,1,1,1,1,0,0,1,1
1,cp00p00_easy_noncoherent_t0001,1,1,120,formal_tps30,easy_noncoherent,0,1,W_int18_G24_Z16,3,3,1,1,1,0,0,1,1
1,cp00p00_easy_noncoherent_t0001,1,1,120,formal_tps30,easy_noncoherent,0,1,W_int18_G24_Z16,5,5,1,1,1,0,0,1,1
1,cp00p00_easy_noncoherent_t0001,1,1,120,formal_tps30,easy_noncoherent,0,1,W_int18_G24_Z16,10,10,1,1,1,0,0,1,1
121,cp00p00_low_snr_hard_t0001,121,1,120,formal_tps30,low_snr_hard,0,1,double_baseline,1,1,1,1,1,0,0,0,0
121,cp00p00_low_snr_hard_t0001,121,1,120,formal_tps30,low_snr_hard,0,1,double_baseline,3,3,1,1,1,0,0,0,0
121,cp00p00_low_snr_hard_t0001,121,1,120,formal_tps30,low_snr_hard,0,1,double_baseline,5,5,1,1,1,0,0,0,0
121,cp00p00_low_snr_hard_t0001,121,1,120,formal_tps30,low_snr_hard,0,1,double_baseline,10,10,1,1,1,0,0,0,0
121,cp00p00_low_snr_hard_t0001,121,1,120,formal_tps30,low_snr_hard,0,1,float32_all,1,1,1,1,1,0,0,0,0
121,cp00p00_low_snr_hard_t0001,121,1,120,formal_tps30,low_snr_hard,0,1,float32_all,3,3,1,1,1,0,0,0,0
121,cp00p00_low_snr_hard_t0001,121,1,120,formal_tps30,low_snr_hard,0,1,float32_all,5,5,1,1,1,0,0,0,0
121,cp00p00_low_snr_hard_t0001,121,1,120,formal_tps30,low_snr_hard,0,1,float32_all,10,10,1,1,1,0,0,0,0
121,cp00p00_low_snr_hard_t0001,121,1,120,formal_tps30,low_snr_hard,0,1,combined_int16,1,1,1,1,1,0,0,0,0
121,cp00p00_low_snr_hard_t0001,121,1,120,formal_tps30,low_snr_hard,0,1,combined_int16,3,3,1,1,1,0,0,0,0
121,cp00p00_low_snr_hard_t0001,121,1,120,formal_tps30,low_snr_hard,0,1,combined_int16,5,5,1,1,1,0,0,0,0
121,cp00p00_low_snr_hard_t0001,121,1,120,formal_tps30,low_snr_hard,0,1,combined_int16,10,10,1,1,1,0,0,0,0
121,cp00p00_low_snr_hard_t0001,121,1,120,formal_tps30,low_snr_hard,0,1,combined_int18,1,1,1,1,1,0,0,0,0
121,cp00p00_low_snr_hard_t0001,121,1,120,formal_tps30,low_snr_hard,0,1,combined_int18,3,3,1,1,1,0,0,0,0
121,cp00p00_low_snr_hard_t0001,121,1,120,formal_tps30,low_snr_hard,0,1,combined_int18,5,5,1,1,1,0,0,0,0
121,cp00p00_low_snr_hard_t0001,121,1,120,formal_tps30,low_snr_hard,0,1,combined_int18,10,10,1,1,1,0,0,0,0
121,cp00p00_low_snr_hard_t0001,121,1,120,formal_tps30,low_snr_hard,0,1,combined_int24,1,1,1,1,1,0,0,0,0
121,cp00p00_low_snr_hard_t0001,121,1,120,formal_tps30,low_snr_hard,0,1,combined_int24,3,3,1,1,1,0,0,0,0
121,cp00p00_low_snr_hard_t0001,121,1,120,formal_tps30,low_snr_hard,0,1,combined_int24,5,5,1,1,1,0,0,0,0
121,cp00p00_low_snr_hard_t0001,121,1,120,formal_tps30,low_snr_hard,0,1,combined_int24,10,10,1,1,1,0,0,0,0
121,cp00p00_low_snr_hard_t0001,121,1,120,formal_tps30,low_snr_hard,0,1,mixed_Z16_G24_Rz24,1,1,1,1,1,0,0,0,0
121,cp00p00_low_snr_hard_t0001,121,1,120,formal_tps30,low_snr_hard,0,1,mixed_Z16_G24_Rz24,3,3,1,1,1,0,0,0,0
121,cp00p00_low_snr_hard_t0001,121,1,120,formal_tps30,low_snr_hard,0,1,mixed_Z16_G24_Rz24,5,5,1,1,1,0,0,0,0
121,cp00p00_low_snr_hard_t0001,121,1,120,formal_tps30,low_snr_hard,0,1,mixed_Z16_G24_Rz24,10,10,1,1,1,0,0,0,0
121,cp00p00_low_snr_hard_t0001,121,1,120,formal_tps30,low_snr_hard,0,1,combined_int14,1,1,1,1,1,0,0,0,0
121,cp00p00_low_snr_hard_t0001,121,1,120,formal_tps30,low_snr_hard,0,1,combined_int14,3,3,0,1,1,0,0,0,0
121,cp00p00_low_snr_hard_t0001,121,1,120,formal_tps30,low_snr_hard,0,1,combined_int14,5,5,0,1,1,0,0,0,0
121,cp00p00_low_snr_hard_t0001,121,1,120,formal_tps30,low_snr_hard,0,1,combined_int14,10,10,0,1,1,0,0,0,0
121,cp00p00_low_snr_hard_t0001,121,1,120,formal_tps30,low_snr_hard,0,1,W_int18_G24_Z16,1,1,1,1,1,0,0,0,0
121,cp00p00_low_snr_hard_t0001,121,1,120,formal_tps30,low_snr_hard,0,1,W_int18_G24_Z16,3,3,1,1,1,0,0,0,0
121,cp00p00_low_snr_hard_t0001,121,1,120,formal_tps30,low_snr_hard,0,1,W_int18_G24_Z16,5,5,1,1,1,0,0,0,0
121,cp00p00_low_snr_hard_t0001,121,1,120,formal_tps30,low_snr_hard,0,1,W_int18_G24_Z16,10,10,1,1,1,0,0,0,0
241,cp00p00_cache_boundary_center_t0001,241,1,120,formal_tps30,cache_boundary_center,0,1,double_baseline,1,1,1,1,1,0,0,1,1
241,cp00p00_cache_boundary_center_t0001,241,1,120,formal_tps30,cache_boundary_center,0,1,double_baseline,3,3,1,1,1,0,0,1,1
241,cp00p00_cache_boundary_center_t0001,241,1,120,formal_tps30,cache_boundary_center,0,1,double_baseline,5,5,1,1,1,0,0,1,1
241,cp00p00_cache_boundary_center_t0001,241,1,120,formal_tps30,cache_boundary_center,0,1,double_baseline,10,10,1,1,1,0,0,1,1
241,cp00p00_cache_boundary_center_t0001,241,1,120,formal_tps30,cache_boundary_center,0,1,float32_all,1,1,1,1,1,0,0,1,1
241,cp00p00_cache_boundary_center_t0001,241,1,120,formal_tps30,cache_boundary_center,0,1,float32_all,3,3,1,1,1,0,0,1,1
241,cp00p00_cache_boundary_center_t0001,241,1,120,formal_tps30,cache_boundary_center,0,1,float32_all,5,5,1,1,1,0,0,1,1
241,cp00p00_cache_boundary_center_t0001,241,1,120,formal_tps30,cache_boundary_center,0,1,float32_all,10,10,1,1,1,0,0,1,1
241,cp00p00_cache_boundary_center_t0001,241,1,120,formal_tps30,cache_boundary_center,0,1,combined_int16,1,1,1,1,1,0,0,1,1
241,cp00p00_cache_boundary_center_t0001,241,1,120,formal_tps30,cache_boundary_center,0,1,combined_int16,3,3,1,1,1,0,0,1,1
241,cp00p00_cache_boundary_center_t0001,241,1,120,formal_tps30,cache_boundary_center,0,1,combined_int16,5,5,1,1,1,0,0,1,1
241,cp00p00_cache_boundary_center_t0001,241,1,120,formal_tps30,cache_boundary_center,0,1,combined_int16,10,10,1,1,1,0,0,1,1
241,cp00p00_cache_boundary_center_t0001,241,1,120,formal_tps30,cache_boundary_center,0,1,combined_int18,1,1,1,1,1,0,0,1,1
241,cp00p00_cache_boundary_center_t0001,241,1,120,formal_tps30,cache_boundary_center,0,1,combined_int18,3,3,1,1,1,0,0,1,1
241,cp00p00_cache_boundary_center_t0001,241,1,120,formal_tps30,cache_boundary_center,0,1,combined_int18,5,5,1,1,1,0,0,1,1
241,cp00p00_cache_boundary_center_t0001,241,1,120,formal_tps30,cache_boundary_center,0,1,combined_int18,10,10,1,1,1,0,0,1,1
241,cp00p00_cache_boundary_center_t0001,241,1,120,formal_tps30,cache_boundary_center,0,1,combined_int24,1,1,1,1,1,0,0,1,1
241,cp00p00_cache_boundary_center_t0001,241,1,120,formal_tps30,cache_boundary_center,0,1,combined_int24,3,3,1,1,1,0,0,1,1
241,cp00p00_cache_boundary_center_t0001,241,1,120,formal_tps30,cache_boundary_center,0,1,combined_int24,5,5,1,1,1,0,0,1,1
241,cp00p00_cache_boundary_center_t0001,241,1,120,formal_tps30,cache_boundary_center,0,1,combined_int24,10,10,1,1,1,0,0,1,1
241,cp00p00_cache_boundary_center_t0001,241,1,120,formal_tps30,cache_boundary_center,0,1,mixed_Z16_G24_Rz24,1,1,1,1,1,0,0,1,1
241,cp00p00_cache_boundary_center_t0001,241,1,120,formal_tps30,cache_boundary_center,0,1,mixed_Z16_G24_Rz24,3,3,1,1,1,0,0,1,1
241,cp00p00_cache_boundary_center_t0001,241,1,120,formal_tps30,cache_boundary_center,0,1,mixed_Z16_G24_Rz24,5,5,1,1,1,0,0,1,1
241,cp00p00_cache_boundary_center_t0001,241,1,120,formal_tps30,cache_boundary_center,0,1,mixed_Z16_G24_Rz24,10,10,1,1,1,0,0,1,1
241,cp00p00_cache_boundary_center_t0001,241,1,120,formal_tps30,cache_boundary_center,0,1,combined_int14,1,1,1,1,1,0,0,1,1
241,cp00p00_cache_boundary_center_t0001,241,1,120,formal_tps30,cache_boundary_center,0,1,combined_int14,3,3,1,1,1,0,0,1,1
241,cp00p00_cache_boundary_center_t0001,241,1,120,formal_tps30,cache_boundary_center,0,1,combined_int14,5,5,1,1,1,0,0,1,1
241,cp00p00_cache_boundary_center_t0001,241,1,120,formal_tps30,cache_boundary_center,0,1,combined_int14,10,10,1,1,1,0,0,1,1
241,cp00p00_cache_boundary_center_t0001,241,1,120,formal_tps30,cache_boundary_center,0,1,W_int18_G24_Z16,1,1,1,1,1,0,0,1,1
241,cp00p00_cache_boundary_center_t0001,241,1,120,formal_tps30,cache_boundary_center,0,1,W_int18_G24_Z16,3,3,1,1,1,0,0,1,1
241,cp00p00_cache_boundary_center_t0001,241,1,120,formal_tps30,cache_boundary_center,0,1,W_int18_G24_Z16,5,5,1,1,1,0,0,1,1
241,cp00p00_cache_boundary_center_t0001,241,1,120,formal_tps30,cache_boundary_center,0,1,W_int18_G24_Z16,10,10,1,1,1,0,0,1,1
361,cp04p00_hard_phase_t0001,361,1,120,formal_tps30,hard_phase,3.75,1,double_baseline,1,1,1,1,1,0,0,1,1
361,cp04p00_hard_phase_t0001,361,1,120,formal_tps30,hard_phase,3.75,1,double_baseline,3,3,1,1,1,0,0,1,1
361,cp04p00_hard_phase_t0001,361,1,120,formal_tps30,hard_phase,3.75,1,double_baseline,5,5,1,1,1,0,0,1,1
361,cp04p00_hard_phase_t0001,361,1,120,formal_tps30,hard_phase,3.75,1,double_baseline,10,10,1,1,1,0,0,1,1
361,cp04p00_hard_phase_t0001,361,1,120,formal_tps30,hard_phase,3.75,1,float32_all,1,1,1,1,1,0,0,1,1
361,cp04p00_hard_phase_t0001,361,1,120,formal_tps30,hard_phase,3.75,1,float32_all,3,3,1,1,1,0,0,1,1
361,cp04p00_hard_phase_t0001,361,1,120,formal_tps30,hard_phase,3.75,1,float32_all,5,5,1,1,1,0,0,1,1
361,cp04p00_hard_phase_t0001,361,1,120,formal_tps30,hard_phase,3.75,1,float32_all,10,10,1,1,1,0,0,1,1
361,cp04p00_hard_phase_t0001,361,1,120,formal_tps30,hard_phase,3.75,1,combined_int16,1,1,1,1,1,0,0,1,1
361,cp04p00_hard_phase_t0001,361,1,120,formal_tps30,hard_phase,3.75,1,combined_int16,3,3,1,1,1,0,0,1,1
361,cp04p00_hard_phase_t0001,361,1,120,formal_tps30,hard_phase,3.75,1,combined_int16,5,5,1,1,1,0,0,1,1
361,cp04p00_hard_phase_t0001,361,1,120,formal_tps30,hard_phase,3.75,1,combined_int16,10,10,1,1,1,0,0,1,1
361,cp04p00_hard_phase_t0001,361,1,120,formal_tps30,hard_phase,3.75,1,combined_int18,1,1,1,1,1,0,0,1,1
361,cp04p00_hard_phase_t0001,361,1,120,formal_tps30,hard_phase,3.75,1,combined_int18,3,3,1,1,1,0,0,1,1
361,cp04p00_hard_phase_t0001,361,1,120,formal_tps30,hard_phase,3.75,1,combined_int18,5,5,1,1,1,0,0,1,1
361,cp04p00_hard_phase_t0001,361,1,120,formal_tps30,hard_phase,3.75,1,combined_int18,10,10,1,1,1,0,0,1,1
361,cp04p00_hard_phase_t0001,361,1,120,formal_tps30,hard_phase,3.75,1,combined_int24,1,1,1,1,1,0,0,1,1
361,cp04p00_hard_phase_t0001,361,1,120,formal_tps30,hard_phase,3.75,1,combined_int24,3,3,1,1,1,0,0,1,1
361,cp04p00_hard_phase_t0001,361,1,120,formal_tps30,hard_phase,3.75,1,combined_int24,5,5,1,1,1,0,0,1,1
361,cp04p00_hard_phase_t0001,361,1,120,formal_tps30,hard_phase,3.75,1,combined_int24,10,10,1,1,1,0,0,1,1
361,cp04p00_hard_phase_t0001,361,1,120,formal_tps30,hard_phase,3.75,1,mixed_Z16_G24_Rz24,1,1,1,1,1,0,0,1,1
361,cp04p00_hard_phase_t0001,361,1,120,formal_tps30,hard_phase,3.75,1,mixed_Z16_G24_Rz24,3,3,1,1,1,0,0,1,1
361,cp04p00_hard_phase_t0001,361,1,120,formal_tps30,hard_phase,3.75,1,mixed_Z16_G24_Rz24,5,5,1,1,1,0,0,1,1
361,cp04p00_hard_phase_t0001,361,1,120,formal_tps30,hard_phase,3.75,1,mixed_Z16_G24_Rz24,10,10,1,1,1,0,0,1,1
361,cp04p00_hard_phase_t0001,361,1,120,formal_tps30,hard_phase,3.75,1,combined_int14,1,1,1,1,1,0,0,1,1
361,cp04p00_hard_phase_t0001,361,1,120,formal_tps30,hard_phase,3.75,1,combined_int14,3,3,1,1,1,0,0,1,1
361,cp04p00_hard_phase_t0001,361,1,120,formal_tps30,hard_phase,3.75,1,combined_int14,5,5,1,1,1,0,0,1,1
361,cp04p00_hard_phase_t0001,361,1,120,formal_tps30,hard_phase,3.75,1,combined_int14,10,10,1,1,1,0,0,1,1
361,cp04p00_hard_phase_t0001,361,1,120,formal_tps30,hard_phase,3.75,1,W_int18_G24_Z16,1,1,1,1,1,0,0,1,1
361,cp04p00_hard_phase_t0001,361,1,120,formal_tps30,hard_phase,3.75,1,W_int18_G24_Z16,3,3,1,1,1,0,0,1,1
361,cp04p00_hard_phase_t0001,361,1,120,formal_tps30,hard_phase,3.75,1,W_int18_G24_Z16,5,5,1,1,1,0,0,1,1
361,cp04p00_hard_phase_t0001,361,1,120,formal_tps30,hard_phase,3.75,1,W_int18_G24_Z16,10,10,1,1,1,0,0,1,1
481,cp04p00_medium_beta_coherent_t0001,481,1,120,formal_tps30,medium_beta_coherent,3.75,1,double_baseline,1,1,1,1,1,0,0,1,1
481,cp04p00_medium_beta_coherent_t0001,481,1,120,formal_tps30,medium_beta_coherent,3.75,1,double_baseline,3,3,1,1,1,0,0,1,1
481,cp04p00_medium_beta_coherent_t0001,481,1,120,formal_tps30,medium_beta_coherent,3.75,1,double_baseline,5,5,1,1,1,0,0,1,1
481,cp04p00_medium_beta_coherent_t0001,481,1,120,formal_tps30,medium_beta_coherent,3.75,1,double_baseline,10,10,1,1,1,0,0,1,1
481,cp04p00_medium_beta_coherent_t0001,481,1,120,formal_tps30,medium_beta_coherent,3.75,1,float32_all,1,1,1,1,1,0,0,1,1
481,cp04p00_medium_beta_coherent_t0001,481,1,120,formal_tps30,medium_beta_coherent,3.75,1,float32_all,3,3,1,1,1,0,0,1,1
481,cp04p00_medium_beta_coherent_t0001,481,1,120,formal_tps30,medium_beta_coherent,3.75,1,float32_all,5,5,1,1,1,0,0,1,1
481,cp04p00_medium_beta_coherent_t0001,481,1,120,formal_tps30,medium_beta_coherent,3.75,1,float32_all,10,10,1,1,1,0,0,1,1
481,cp04p00_medium_beta_coherent_t0001,481,1,120,formal_tps30,medium_beta_coherent,3.75,1,combined_int16,1,1,1,1,1,0,0,1,1
481,cp04p00_medium_beta_coherent_t0001,481,1,120,formal_tps30,medium_beta_coherent,3.75,1,combined_int16,3,3,1,1,1,0,0,1,1
481,cp04p00_medium_beta_coherent_t0001,481,1,120,formal_tps30,medium_beta_coherent,3.75,1,combined_int16,5,5,1,1,1,0,0,1,1
481,cp04p00_medium_beta_coherent_t0001,481,1,120,formal_tps30,medium_beta_coherent,3.75,1,combined_int16,10,10,1,1,1,0,0,1,1
481,cp04p00_medium_beta_coherent_t0001,481,1,120,formal_tps30,medium_beta_coherent,3.75,1,combined_int18,1,1,1,1,1,0,0,1,1
481,cp04p00_medium_beta_coherent_t0001,481,1,120,formal_tps30,medium_beta_coherent,3.75,1,combined_int18,3,3,1,1,1,0,0,1,1
481,cp04p00_medium_beta_coherent_t0001,481,1,120,formal_tps30,medium_beta_coherent,3.75,1,combined_int18,5,5,1,1,1,0,0,1,1
481,cp04p00_medium_beta_coherent_t0001,481,1,120,formal_tps30,medium_beta_coherent,3.75,1,combined_int18,10,10,1,1,1,0,0,1,1
481,cp04p00_medium_beta_coherent_t0001,481,1,120,formal_tps30,medium_beta_coherent,3.75,1,combined_int24,1,1,1,1,1,0,0,1,1
481,cp04p00_medium_beta_coherent_t0001,481,1,120,formal_tps30,medium_beta_coherent,3.75,1,combined_int24,3,3,1,1,1,0,0,1,1
481,cp04p00_medium_beta_coherent_t0001,481,1,120,formal_tps30,medium_beta_coherent,3.75,1,combined_int24,5,5,1,1,1,0,0,1,1
481,cp04p00_medium_beta_coherent_t0001,481,1,120,formal_tps30,medium_beta_coherent,3.75,1,combined_int24,10,10,1,1,1,0,0,1,1
481,cp04p00_medium_beta_coherent_t0001,481,1,120,formal_tps30,medium_beta_coherent,3.75,1,mixed_Z16_G24_Rz24,1,1,1,1,1,0,0,1,1
481,cp04p00_medium_beta_coherent_t0001,481,1,120,formal_tps30,medium_beta_coherent,3.75,1,mixed_Z16_G24_Rz24,3,3,1,1,1,0,0,1,1
481,cp04p00_medium_beta_coherent_t0001,481,1,120,formal_tps30,medium_beta_coherent,3.75,1,mixed_Z16_G24_Rz24,5,5,1,1,1,0,0,1,1
481,cp04p00_medium_beta_coherent_t0001,481,1,120,formal_tps30,medium_beta_coherent,3.75,1,mixed_Z16_G24_Rz24,10,10,1,1,1,0,0,1,1
481,cp04p00_medium_beta_coherent_t0001,481,1,120,formal_tps30,medium_beta_coherent,3.75,1,combined_int14,1,1,1,1,1,0,0,1,1
481,cp04p00_medium_beta_coherent_t0001,481,1,120,formal_tps30,medium_beta_coherent,3.75,1,combined_int14,3,3,1,1,1,0,0,1,1
481,cp04p00_medium_beta_coherent_t0001,481,1,120,formal_tps30,medium_beta_coherent,3.75,1,combined_int14,5,5,1,1,1,0,0,1,1
481,cp04p00_medium_beta_coherent_t0001,481,1,120,formal_tps30,medium_beta_coherent,3.75,1,combined_int14,10,10,1,1,1,0,0,1,1
481,cp04p00_medium_beta_coherent_t0001,481,1,120,formal_tps30,medium_beta_coherent,3.75,1,W_int18_G24_Z16,1,1,1,1,1,0,0,1,1
481,cp04p00_medium_beta_coherent_t0001,481,1,120,formal_tps30,medium_beta_coherent,3.75,1,W_int18_G24_Z16,3,3,1,1,1,0,0,1,1
481,cp04p00_medium_beta_coherent_t0001,481,1,120,formal_tps30,medium_beta_coherent,3.75,1,W_int18_G24_Z16,5,5,1,1,1,0,0,1,1
481,cp04p00_medium_beta_coherent_t0001,481,1,120,formal_tps30,medium_beta_coherent,3.75,1,W_int18_G24_Z16,10,10,1,1,1,0,0,1,1
601,cp08p00_easy_noncoherent_t0001,601,1,120,formal_tps30,easy_noncoherent,7.5,1,double_baseline,1,1,1,1,1,0,0,0,0
601,cp08p00_easy_noncoherent_t0001,601,1,120,formal_tps30,easy_noncoherent,7.5,1,double_baseline,3,3,1,1,1,0,0,0,0
601,cp08p00_easy_noncoherent_t0001,601,1,120,formal_tps30,easy_noncoherent,7.5,1,double_baseline,5,5,1,1,1,0,0,0,0
601,cp08p00_easy_noncoherent_t0001,601,1,120,formal_tps30,easy_noncoherent,7.5,1,double_baseline,10,10,1,1,1,0,0,0,0
601,cp08p00_easy_noncoherent_t0001,601,1,120,formal_tps30,easy_noncoherent,7.5,1,float32_all,1,1,1,1,1,0,0,0,0
601,cp08p00_easy_noncoherent_t0001,601,1,120,formal_tps30,easy_noncoherent,7.5,1,float32_all,3,3,1,1,1,0,0,0,0
601,cp08p00_easy_noncoherent_t0001,601,1,120,formal_tps30,easy_noncoherent,7.5,1,float32_all,5,5,1,1,1,0,0,0,0
601,cp08p00_easy_noncoherent_t0001,601,1,120,formal_tps30,easy_noncoherent,7.5,1,float32_all,10,10,1,1,1,0,0,0,0
601,cp08p00_easy_noncoherent_t0001,601,1,120,formal_tps30,easy_noncoherent,7.5,1,combined_int16,1,1,1,1,1,0,0,0,0
601,cp08p00_easy_noncoherent_t0001,601,1,120,formal_tps30,easy_noncoherent,7.5,1,combined_int16,3,3,1,1,1,0,0,0,0
601,cp08p00_easy_noncoherent_t0001,601,1,120,formal_tps30,easy_noncoherent,7.5,1,combined_int16,5,5,1,1,1,0,0,0,0
601,cp08p00_easy_noncoherent_t0001,601,1,120,formal_tps30,easy_noncoherent,7.5,1,combined_int16,10,10,1,1,1,0,0,0,0
601,cp08p00_easy_noncoherent_t0001,601,1,120,formal_tps30,easy_noncoherent,7.5,1,combined_int18,1,1,1,1,1,0,0,0,0
601,cp08p00_easy_noncoherent_t0001,601,1,120,formal_tps30,easy_noncoherent,7.5,1,combined_int18,3,3,1,1,1,0,0,0,0
601,cp08p00_easy_noncoherent_t0001,601,1,120,formal_tps30,easy_noncoherent,7.5,1,combined_int18,5,5,1,1,1,0,0,0,0
601,cp08p00_easy_noncoherent_t0001,601,1,120,formal_tps30,easy_noncoherent,7.5,1,combined_int18,10,10,1,1,1,0,0,0,0
601,cp08p00_easy_noncoherent_t0001,601,1,120,formal_tps30,easy_noncoherent,7.5,1,combined_int24,1,1,1,1,1,0,0,0,0
601,cp08p00_easy_noncoherent_t0001,601,1,120,formal_tps30,easy_noncoherent,7.5,1,combined_int24,3,3,1,1,1,0,0,0,0
601,cp08p00_easy_noncoherent_t0001,601,1,120,formal_tps30,easy_noncoherent,7.5,1,combined_int24,5,5,1,1,1,0,0,0,0
601,cp08p00_easy_noncoherent_t0001,601,1,120,formal_tps30,easy_noncoherent,7.5,1,combined_int24,10,10,1,1,1,0,0,0,0
601,cp08p00_easy_noncoherent_t0001,601,1,120,formal_tps30,easy_noncoherent,7.5,1,mixed_Z16_G24_Rz24,1,1,1,1,1,0,0,0,0
601,cp08p00_easy_noncoherent_t0001,601,1,120,formal_tps30,easy_noncoherent,7.5,1,mixed_Z16_G24_Rz24,3,3,1,1,1,0,0,0,0
601,cp08p00_easy_noncoherent_t0001,601,1,120,formal_tps30,easy_noncoherent,7.5,1,mixed_Z16_G24_Rz24,5,5,1,1,1,0,0,0,0
601,cp08p00_easy_noncoherent_t0001,601,1,120,formal_tps30,easy_noncoherent,7.5,1,mixed_Z16_G24_Rz24,10,10,1,1,1,0,0,0,0
601,cp08p00_easy_noncoherent_t0001,601,1,120,formal_tps30,easy_noncoherent,7.5,1,combined_int14,1,1,1,1,1,0,0,0,0
601,cp08p00_easy_noncoherent_t0001,601,1,120,formal_tps30,easy_noncoherent,7.5,1,combined_int14,3,3,1,1,1,0,0,0,0
601,cp08p00_easy_noncoherent_t0001,601,1,120,formal_tps30,easy_noncoherent,7.5,1,combined_int14,5,5,1,1,1,0,0,0,0
601,cp08p00_easy_noncoherent_t0001,601,1,120,formal_tps30,easy_noncoherent,7.5,1,combined_int14,10,10,1,1,1,0,0,0,0
601,cp08p00_easy_noncoherent_t0001,601,1,120,formal_tps30,easy_noncoherent,7.5,1,W_int18_G24_Z16,1,1,1,1,1,0,0,0,0
601,cp08p00_easy_noncoherent_t0001,601,1,120,formal_tps30,easy_noncoherent,7.5,1,W_int18_G24_Z16,3,3,1,1,1,0,0,0,0
601,cp08p00_easy_noncoherent_t0001,601,1,120,formal_tps30,easy_noncoherent,7.5,1,W_int18_G24_Z16,5,5,1,1,1,0,0,0,0
601,cp08p00_easy_noncoherent_t0001,601,1,120,formal_tps30,easy_noncoherent,7.5,1,W_int18_G24_Z16,10,10,1,1,1,0,0,0,0
721,cp08p00_low_snr_hard_t0001,721,1,120,formal_tps30,low_snr_hard,7.5,1,double_baseline,1,1,1,1,1,0,0,0,0
721,cp08p00_low_snr_hard_t0001,721,1,120,formal_tps30,low_snr_hard,7.5,1,double_baseline,3,3,1,1,1,0,0,0,0
721,cp08p00_low_snr_hard_t0001,721,1,120,formal_tps30,low_snr_hard,7.5,1,double_baseline,5,5,1,1,1,0,0,0,0
721,cp08p00_low_snr_hard_t0001,721,1,120,formal_tps30,low_snr_hard,7.5,1,double_baseline,10,10,1,1,1,0,0,0,0
721,cp08p00_low_snr_hard_t0001,721,1,120,formal_tps30,low_snr_hard,7.5,1,float32_all,1,1,1,1,1,0,0,0,0
721,cp08p00_low_snr_hard_t0001,721,1,120,formal_tps30,low_snr_hard,7.5,1,float32_all,3,3,1,1,1,0,0,0,0
721,cp08p00_low_snr_hard_t0001,721,1,120,formal_tps30,low_snr_hard,7.5,1,float32_all,5,5,1,1,1,0,0,0,0
721,cp08p00_low_snr_hard_t0001,721,1,120,formal_tps30,low_snr_hard,7.5,1,float32_all,10,10,1,1,1,0,0,0,0
721,cp08p00_low_snr_hard_t0001,721,1,120,formal_tps30,low_snr_hard,7.5,1,combined_int16,1,1,1,1,1,0,0,0,0
721,cp08p00_low_snr_hard_t0001,721,1,120,formal_tps30,low_snr_hard,7.5,1,combined_int16,3,3,1,1,1,0,0,0,0
721,cp08p00_low_snr_hard_t0001,721,1,120,formal_tps30,low_snr_hard,7.5,1,combined_int16,5,5,1,1,1,0,0,0,0
721,cp08p00_low_snr_hard_t0001,721,1,120,formal_tps30,low_snr_hard,7.5,1,combined_int16,10,10,1,1,1,0,0,0,0
721,cp08p00_low_snr_hard_t0001,721,1,120,formal_tps30,low_snr_hard,7.5,1,combined_int18,1,1,1,1,1,0,0,0,0
721,cp08p00_low_snr_hard_t0001,721,1,120,formal_tps30,low_snr_hard,7.5,1,combined_int18,3,3,1,1,1,0,0,0,0
721,cp08p00_low_snr_hard_t0001,721,1,120,formal_tps30,low_snr_hard,7.5,1,combined_int18,5,5,1,1,1,0,0,0,0
721,cp08p00_low_snr_hard_t0001,721,1,120,formal_tps30,low_snr_hard,7.5,1,combined_int18,10,10,1,1,1,0,0,0,0
721,cp08p00_low_snr_hard_t0001,721,1,120,formal_tps30,low_snr_hard,7.5,1,combined_int24,1,1,1,1,1,0,0,0,0
721,cp08p00_low_snr_hard_t0001,721,1,120,formal_tps30,low_snr_hard,7.5,1,combined_int24,3,3,1,1,1,0,0,0,0
721,cp08p00_low_snr_hard_t0001,721,1,120,formal_tps30,low_snr_hard,7.5,1,combined_int24,5,5,1,1,1,0,0,0,0
721,cp08p00_low_snr_hard_t0001,721,1,120,formal_tps30,low_snr_hard,7.5,1,combined_int24,10,10,1,1,1,0,0,0,0
721,cp08p00_low_snr_hard_t0001,721,1,120,formal_tps30,low_snr_hard,7.5,1,mixed_Z16_G24_Rz24,1,1,1,1,1,0,0,0,0
721,cp08p00_low_snr_hard_t0001,721,1,120,formal_tps30,low_snr_hard,7.5,1,mixed_Z16_G24_Rz24,3,3,1,1,1,0,0,0,0
721,cp08p00_low_snr_hard_t0001,721,1,120,formal_tps30,low_snr_hard,7.5,1,mixed_Z16_G24_Rz24,5,5,1,1,1,0,0,0,0
721,cp08p00_low_snr_hard_t0001,721,1,120,formal_tps30,low_snr_hard,7.5,1,mixed_Z16_G24_Rz24,10,10,1,1,1,0,0,0,0
721,cp08p00_low_snr_hard_t0001,721,1,120,formal_tps30,low_snr_hard,7.5,1,combined_int14,1,1,1,1,1,0,0,0,0
721,cp08p00_low_snr_hard_t0001,721,1,120,formal_tps30,low_snr_hard,7.5,1,combined_int14,3,3,0,1,1,0,0,0,0
721,cp08p00_low_snr_hard_t0001,721,1,120,formal_tps30,low_snr_hard,7.5,1,combined_int14,5,5,0,1,1,0,0,0,0
721,cp08p00_low_snr_hard_t0001,721,1,120,formal_tps30,low_snr_hard,7.5,1,combined_int14,10,10,0,1,1,0,0,0,0
721,cp08p00_low_snr_hard_t0001,721,1,120,formal_tps30,low_snr_hard,7.5,1,W_int18_G24_Z16,1,1,1,1,1,0,0,0,0
721,cp08p00_low_snr_hard_t0001,721,1,120,formal_tps30,low_snr_hard,7.5,1,W_int18_G24_Z16,3,3,1,1,1,0,0,0,0
721,cp08p00_low_snr_hard_t0001,721,1,120,formal_tps30,low_snr_hard,7.5,1,W_int18_G24_Z16,5,5,1,1,1,0,0,0,0
721,cp08p00_low_snr_hard_t0001,721,1,120,formal_tps30,low_snr_hard,7.5,1,W_int18_G24_Z16,10,10,1,1,1,0,0,0,0
841,cp08p00_cache_boundary_center_t0001,841,1,120,formal_tps30,cache_boundary_center,7.5,1,double_baseline,1,1,1,1,1,0,0,1,1
841,cp08p00_cache_boundary_center_t0001,841,1,120,formal_tps30,cache_boundary_center,7.5,1,double_baseline,3,3,1,1,1,0,0,1,1
841,cp08p00_cache_boundary_center_t0001,841,1,120,formal_tps30,cache_boundary_center,7.5,1,double_baseline,5,5,1,1,1,0,0,1,1
841,cp08p00_cache_boundary_center_t0001,841,1,120,formal_tps30,cache_boundary_center,7.5,1,double_baseline,10,10,1,1,1,0,0,1,1
841,cp08p00_cache_boundary_center_t0001,841,1,120,formal_tps30,cache_boundary_center,7.5,1,float32_all,1,1,1,1,1,0,0,1,1
841,cp08p00_cache_boundary_center_t0001,841,1,120,formal_tps30,cache_boundary_center,7.5,1,float32_all,3,3,1,1,1,0,0,1,1
841,cp08p00_cache_boundary_center_t0001,841,1,120,formal_tps30,cache_boundary_center,7.5,1,float32_all,5,5,1,1,1,0,0,1,1
841,cp08p00_cache_boundary_center_t0001,841,1,120,formal_tps30,cache_boundary_center,7.5,1,float32_all,10,10,1,1,1,0,0,1,1
841,cp08p00_cache_boundary_center_t0001,841,1,120,formal_tps30,cache_boundary_center,7.5,1,combined_int16,1,1,1,1,1,0,0,1,1
841,cp08p00_cache_boundary_center_t0001,841,1,120,formal_tps30,cache_boundary_center,7.5,1,combined_int16,3,3,1,1,1,0,0,1,1
841,cp08p00_cache_boundary_center_t0001,841,1,120,formal_tps30,cache_boundary_center,7.5,1,combined_int16,5,5,1,1,1,0,0,1,1
841,cp08p00_cache_boundary_center_t0001,841,1,120,formal_tps30,cache_boundary_center,7.5,1,combined_int16,10,10,1,1,1,0,0,1,1
841,cp08p00_cache_boundary_center_t0001,841,1,120,formal_tps30,cache_boundary_center,7.5,1,combined_int18,1,1,1,1,1,0,0,1,1
841,cp08p00_cache_boundary_center_t0001,841,1,120,formal_tps30,cache_boundary_center,7.5,1,combined_int18,3,3,1,1,1,0,0,1,1
841,cp08p00_cache_boundary_center_t0001,841,1,120,formal_tps30,cache_boundary_center,7.5,1,combined_int18,5,5,1,1,1,0,0,1,1
841,cp08p00_cache_boundary_center_t0001,841,1,120,formal_tps30,cache_boundary_center,7.5,1,combined_int18,10,10,1,1,1,0,0,1,1
841,cp08p00_cache_boundary_center_t0001,841,1,120,formal_tps30,cache_boundary_center,7.5,1,combined_int24,1,1,1,1,1,0,0,1,1
841,cp08p00_cache_boundary_center_t0001,841,1,120,formal_tps30,cache_boundary_center,7.5,1,combined_int24,3,3,1,1,1,0,0,1,1
841,cp08p00_cache_boundary_center_t0001,841,1,120,formal_tps30,cache_boundary_center,7.5,1,combined_int24,5,5,1,1,1,0,0,1,1
841,cp08p00_cache_boundary_center_t0001,841,1,120,formal_tps30,cache_boundary_center,7.5,1,combined_int24,10,10,1,1,1,0,0,1,1
841,cp08p00_cache_boundary_center_t0001,841,1,120,formal_tps30,cache_boundary_center,7.5,1,mixed_Z16_G24_Rz24,1,1,1,1,1,0,0,1,1
841,cp08p00_cache_boundary_center_t0001,841,1,120,formal_tps30,cache_boundary_center,7.5,1,mixed_Z16_G24_Rz24,3,3,1,1,1,0,0,1,1
841,cp08p00_cache_boundary_center_t0001,841,1,120,formal_tps30,cache_boundary_center,7.5,1,mixed_Z16_G24_Rz24,5,5,1,1,1,0,0,1,1
841,cp08p00_cache_boundary_center_t0001,841,1,120,formal_tps30,cache_boundary_center,7.5,1,mixed_Z16_G24_Rz24,10,10,1,1,1,0,0,1,1
841,cp08p00_cache_boundary_center_t0001,841,1,120,formal_tps30,cache_boundary_center,7.5,1,combined_int14,1,1,1,1,1,0,0,1,1
841,cp08p00_cache_boundary_center_t0001,841,1,120,formal_tps30,cache_boundary_center,7.5,1,combined_int14,3,3,1,1,1,0,0,1,1
841,cp08p00_cache_boundary_center_t0001,841,1,120,formal_tps30,cache_boundary_center,7.5,1,combined_int14,5,5,1,1,1,0,0,1,1
841,cp08p00_cache_boundary_center_t0001,841,1,120,formal_tps30,cache_boundary_center,7.5,1,combined_int14,10,10,1,1,1,0,0,1,1
841,cp08p00_cache_boundary_center_t0001,841,1,120,formal_tps30,cache_boundary_center,7.5,1,W_int18_G24_Z16,1,1,1,1,1,0,0,1,1
841,cp08p00_cache_boundary_center_t0001,841,1,120,formal_tps30,cache_boundary_center,7.5,1,W_int18_G24_Z16,3,3,1,1,1,0,0,1,1
841,cp08p00_cache_boundary_center_t0001,841,1,120,formal_tps30,cache_boundary_center,7.5,1,W_int18_G24_Z16,5,5,1,1,1,0,0,1,1
841,cp08p00_cache_boundary_center_t0001,841,1,120,formal_tps30,cache_boundary_center,7.5,1,W_int18_G24_Z16,10,10,1,1,1,0,0,1,1
961,cp15p00_hard_phase_t0001,961,1,120,formal_tps30,hard_phase,15,1,double_baseline,1,1,1,1,1,0,0,1,1
961,cp15p00_hard_phase_t0001,961,1,120,formal_tps30,hard_phase,15,1,double_baseline,3,3,1,1,1,0,0,1,1
961,cp15p00_hard_phase_t0001,961,1,120,formal_tps30,hard_phase,15,1,double_baseline,5,5,1,1,1,0,0,1,1
961,cp15p00_hard_phase_t0001,961,1,120,formal_tps30,hard_phase,15,1,double_baseline,10,10,1,1,1,0,0,1,1
961,cp15p00_hard_phase_t0001,961,1,120,formal_tps30,hard_phase,15,1,float32_all,1,1,1,1,1,0,0,1,1
961,cp15p00_hard_phase_t0001,961,1,120,formal_tps30,hard_phase,15,1,float32_all,3,3,1,1,1,0,0,1,1
961,cp15p00_hard_phase_t0001,961,1,120,formal_tps30,hard_phase,15,1,float32_all,5,5,1,1,1,0,0,1,1
961,cp15p00_hard_phase_t0001,961,1,120,formal_tps30,hard_phase,15,1,float32_all,10,10,1,1,1,0,0,1,1
961,cp15p00_hard_phase_t0001,961,1,120,formal_tps30,hard_phase,15,1,combined_int16,1,1,1,1,1,0,0,1,1
961,cp15p00_hard_phase_t0001,961,1,120,formal_tps30,hard_phase,15,1,combined_int16,3,3,1,1,1,0,0,1,1
961,cp15p00_hard_phase_t0001,961,1,120,formal_tps30,hard_phase,15,1,combined_int16,5,5,1,1,1,0,0,1,1
961,cp15p00_hard_phase_t0001,961,1,120,formal_tps30,hard_phase,15,1,combined_int16,10,10,1,1,1,0,0,1,1
961,cp15p00_hard_phase_t0001,961,1,120,formal_tps30,hard_phase,15,1,combined_int18,1,1,1,1,1,0,0,1,1
961,cp15p00_hard_phase_t0001,961,1,120,formal_tps30,hard_phase,15,1,combined_int18,3,3,1,1,1,0,0,1,1
961,cp15p00_hard_phase_t0001,961,1,120,formal_tps30,hard_phase,15,1,combined_int18,5,5,1,1,1,0,0,1,1
961,cp15p00_hard_phase_t0001,961,1,120,formal_tps30,hard_phase,15,1,combined_int18,10,10,1,1,1,0,0,1,1
961,cp15p00_hard_phase_t0001,961,1,120,formal_tps30,hard_phase,15,1,combined_int24,1,1,1,1,1,0,0,1,1
961,cp15p00_hard_phase_t0001,961,1,120,formal_tps30,hard_phase,15,1,combined_int24,3,3,1,1,1,0,0,1,1
961,cp15p00_hard_phase_t0001,961,1,120,formal_tps30,hard_phase,15,1,combined_int24,5,5,1,1,1,0,0,1,1
961,cp15p00_hard_phase_t0001,961,1,120,formal_tps30,hard_phase,15,1,combined_int24,10,10,1,1,1,0,0,1,1
961,cp15p00_hard_phase_t0001,961,1,120,formal_tps30,hard_phase,15,1,mixed_Z16_G24_Rz24,1,1,1,1,1,0,0,1,1
961,cp15p00_hard_phase_t0001,961,1,120,formal_tps30,hard_phase,15,1,mixed_Z16_G24_Rz24,3,3,1,1,1,0,0,1,1
961,cp15p00_hard_phase_t0001,961,1,120,formal_tps30,hard_phase,15,1,mixed_Z16_G24_Rz24,5,5,1,1,1,0,0,1,1
961,cp15p00_hard_phase_t0001,961,1,120,formal_tps30,hard_phase,15,1,mixed_Z16_G24_Rz24,10,10,1,1,1,0,0,1,1
961,cp15p00_hard_phase_t0001,961,1,120,formal_tps30,hard_phase,15,1,combined_int14,1,1,1,1,1,0,0,1,1
961,cp15p00_hard_phase_t0001,961,1,120,formal_tps30,hard_phase,15,1,combined_int14,3,3,1,1,1,0,0,1,1
961,cp15p00_hard_phase_t0001,961,1,120,formal_tps30,hard_phase,15,1,combined_int14,5,5,1,1,1,0,0,1,1
961,cp15p00_hard_phase_t0001,961,1,120,formal_tps30,hard_phase,15,1,combined_int14,10,10,1,1,1,0,0,1,1
961,cp15p00_hard_phase_t0001,961,1,120,formal_tps30,hard_phase,15,1,W_int18_G24_Z16,1,1,1,1,1,0,0,1,1
961,cp15p00_hard_phase_t0001,961,1,120,formal_tps30,hard_phase,15,1,W_int18_G24_Z16,3,3,1,1,1,0,0,1,1
961,cp15p00_hard_phase_t0001,961,1,120,formal_tps30,hard_phase,15,1,W_int18_G24_Z16,5,5,1,1,1,0,0,1,1
961,cp15p00_hard_phase_t0001,961,1,120,formal_tps30,hard_phase,15,1,W_int18_G24_Z16,10,10,1,1,1,0,0,1,1
1081,cp15p00_medium_beta_coherent_t0001,1081,1,120,formal_tps30,medium_beta_coherent,15,1,double_baseline,1,1,1,1,1,0,0,1,1
1081,cp15p00_medium_beta_coherent_t0001,1081,1,120,formal_tps30,medium_beta_coherent,15,1,double_baseline,3,3,1,1,1,0,0,1,1
1081,cp15p00_medium_beta_coherent_t0001,1081,1,120,formal_tps30,medium_beta_coherent,15,1,double_baseline,5,5,1,1,1,0,0,1,1
1081,cp15p00_medium_beta_coherent_t0001,1081,1,120,formal_tps30,medium_beta_coherent,15,1,double_baseline,10,10,1,1,1,0,0,1,1
1081,cp15p00_medium_beta_coherent_t0001,1081,1,120,formal_tps30,medium_beta_coherent,15,1,float32_all,1,1,1,1,1,0,0,1,1
1081,cp15p00_medium_beta_coherent_t0001,1081,1,120,formal_tps30,medium_beta_coherent,15,1,float32_all,3,3,1,1,1,0,0,1,1
1081,cp15p00_medium_beta_coherent_t0001,1081,1,120,formal_tps30,medium_beta_coherent,15,1,float32_all,5,5,1,1,1,0,0,1,1
1081,cp15p00_medium_beta_coherent_t0001,1081,1,120,formal_tps30,medium_beta_coherent,15,1,float32_all,10,10,1,1,1,0,0,1,1
1081,cp15p00_medium_beta_coherent_t0001,1081,1,120,formal_tps30,medium_beta_coherent,15,1,combined_int16,1,1,1,1,1,0,0,1,1
1081,cp15p00_medium_beta_coherent_t0001,1081,1,120,formal_tps30,medium_beta_coherent,15,1,combined_int16,3,3,0,0,0.5,1,0.333333333333333,1,0
1081,cp15p00_medium_beta_coherent_t0001,1081,1,120,formal_tps30,medium_beta_coherent,15,1,combined_int16,5,5,0,1,1,0,0,1,1
1081,cp15p00_medium_beta_coherent_t0001,1081,1,120,formal_tps30,medium_beta_coherent,15,1,combined_int16,10,10,0,1,1,0,0,1,1
1081,cp15p00_medium_beta_coherent_t0001,1081,1,120,formal_tps30,medium_beta_coherent,15,1,combined_int18,1,1,1,1,1,0,0,1,1
1081,cp15p00_medium_beta_coherent_t0001,1081,1,120,formal_tps30,medium_beta_coherent,15,1,combined_int18,3,3,1,1,1,0,0,1,1
1081,cp15p00_medium_beta_coherent_t0001,1081,1,120,formal_tps30,medium_beta_coherent,15,1,combined_int18,5,5,1,1,1,0,0,1,1
1081,cp15p00_medium_beta_coherent_t0001,1081,1,120,formal_tps30,medium_beta_coherent,15,1,combined_int18,10,10,1,1,1,0,0,1,1
1081,cp15p00_medium_beta_coherent_t0001,1081,1,120,formal_tps30,medium_beta_coherent,15,1,combined_int24,1,1,1,1,1,0,0,1,1
1081,cp15p00_medium_beta_coherent_t0001,1081,1,120,formal_tps30,medium_beta_coherent,15,1,combined_int24,3,3,1,1,1,0,0,1,1
1081,cp15p00_medium_beta_coherent_t0001,1081,1,120,formal_tps30,medium_beta_coherent,15,1,combined_int24,5,5,1,1,1,0,0,1,1
1081,cp15p00_medium_beta_coherent_t0001,1081,1,120,formal_tps30,medium_beta_coherent,15,1,combined_int24,10,10,1,1,1,0,0,1,1
1081,cp15p00_medium_beta_coherent_t0001,1081,1,120,formal_tps30,medium_beta_coherent,15,1,mixed_Z16_G24_Rz24,1,1,1,1,1,0,0,1,1
1081,cp15p00_medium_beta_coherent_t0001,1081,1,120,formal_tps30,medium_beta_coherent,15,1,mixed_Z16_G24_Rz24,3,3,1,1,1,0,0,1,1
1081,cp15p00_medium_beta_coherent_t0001,1081,1,120,formal_tps30,medium_beta_coherent,15,1,mixed_Z16_G24_Rz24,5,5,1,1,1,0,0,1,1
1081,cp15p00_medium_beta_coherent_t0001,1081,1,120,formal_tps30,medium_beta_coherent,15,1,mixed_Z16_G24_Rz24,10,10,1,1,1,0,0,1,1
1081,cp15p00_medium_beta_coherent_t0001,1081,1,120,formal_tps30,medium_beta_coherent,15,1,combined_int14,1,1,1,1,1,0,0,1,1
1081,cp15p00_medium_beta_coherent_t0001,1081,1,120,formal_tps30,medium_beta_coherent,15,1,combined_int14,3,3,0,0,0.5,1,0.333333333333333,1,0
1081,cp15p00_medium_beta_coherent_t0001,1081,1,120,formal_tps30,medium_beta_coherent,15,1,combined_int14,5,5,0,1,1,0,0,1,1
1081,cp15p00_medium_beta_coherent_t0001,1081,1,120,formal_tps30,medium_beta_coherent,15,1,combined_int14,10,10,0,1,1,0,0,1,1
1081,cp15p00_medium_beta_coherent_t0001,1081,1,120,formal_tps30,medium_beta_coherent,15,1,W_int18_G24_Z16,1,1,1,1,1,0,0,1,1
1081,cp15p00_medium_beta_coherent_t0001,1081,1,120,formal_tps30,medium_beta_coherent,15,1,W_int18_G24_Z16,3,3,1,1,1,0,0,1,1
1081,cp15p00_medium_beta_coherent_t0001,1081,1,120,formal_tps30,medium_beta_coherent,15,1,W_int18_G24_Z16,5,5,1,1,1,0,0,1,1
1081,cp15p00_medium_beta_coherent_t0001,1081,1,120,formal_tps30,medium_beta_coherent,15,1,W_int18_G24_Z16,10,10,1,1,1,0,0,1,1
2,cp00p00_easy_noncoherent_t0002,2,2,120,formal_tps30,easy_noncoherent,0,2,double_baseline,1,1,1,1,1,0,0,1,1
2,cp00p00_easy_noncoherent_t0002,2,2,120,formal_tps30,easy_noncoherent,0,2,double_baseline,3,3,1,1,1,0,0,1,1
2,cp00p00_easy_noncoherent_t0002,2,2,120,formal_tps30,easy_noncoherent,0,2,double_baseline,5,5,1,1,1,0,0,1,1
2,cp00p00_easy_noncoherent_t0002,2,2,120,formal_tps30,easy_noncoherent,0,2,double_baseline,10,10,1,1,1,0,0,1,1
2,cp00p00_easy_noncoherent_t0002,2,2,120,formal_tps30,easy_noncoherent,0,2,float32_all,1,1,1,1,1,0,0,1,1
2,cp00p00_easy_noncoherent_t0002,2,2,120,formal_tps30,easy_noncoherent,0,2,float32_all,3,3,1,1,1,0,0,1,1
2,cp00p00_easy_noncoherent_t0002,2,2,120,formal_tps30,easy_noncoherent,0,2,float32_all,5,5,1,1,1,0,0,1,1
2,cp00p00_easy_noncoherent_t0002,2,2,120,formal_tps30,easy_noncoherent,0,2,float32_all,10,10,1,1,1,0,0,1,1
2,cp00p00_easy_noncoherent_t0002,2,2,120,formal_tps30,easy_noncoherent,0,2,combined_int16,1,1,1,1,1,0,0,1,1
2,cp00p00_easy_noncoherent_t0002,2,2,120,formal_tps30,easy_noncoherent,0,2,combined_int16,3,3,1,1,1,0,0,1,1
2,cp00p00_easy_noncoherent_t0002,2,2,120,formal_tps30,easy_noncoherent,0,2,combined_int16,5,5,1,1,1,0,0,1,1
2,cp00p00_easy_noncoherent_t0002,2,2,120,formal_tps30,easy_noncoherent,0,2,combined_int16,10,10,1,1,1,0,0,1,1
2,cp00p00_easy_noncoherent_t0002,2,2,120,formal_tps30,easy_noncoherent,0,2,combined_int18,1,1,1,1,1,0,0,1,1
2,cp00p00_easy_noncoherent_t0002,2,2,120,formal_tps30,easy_noncoherent,0,2,combined_int18,3,3,1,1,1,0,0,1,1
2,cp00p00_easy_noncoherent_t0002,2,2,120,formal_tps30,easy_noncoherent,0,2,combined_int18,5,5,1,1,1,0,0,1,1
2,cp00p00_easy_noncoherent_t0002,2,2,120,formal_tps30,easy_noncoherent,0,2,combined_int18,10,10,1,1,1,0,0,1,1
2,cp00p00_easy_noncoherent_t0002,2,2,120,formal_tps30,easy_noncoherent,0,2,combined_int24,1,1,1,1,1,0,0,1,1
2,cp00p00_easy_noncoherent_t0002,2,2,120,formal_tps30,easy_noncoherent,0,2,combined_int24,3,3,1,1,1,0,0,1,1
2,cp00p00_easy_noncoherent_t0002,2,2,120,formal_tps30,easy_noncoherent,0,2,combined_int24,5,5,1,1,1,0,0,1,1
2,cp00p00_easy_noncoherent_t0002,2,2,120,formal_tps30,easy_noncoherent,0,2,combined_int24,10,10,1,1,1,0,0,1,1
2,cp00p00_easy_noncoherent_t0002,2,2,120,formal_tps30,easy_noncoherent,0,2,mixed_Z16_G24_Rz24,1,1,1,1,1,0,0,1,1
2,cp00p00_easy_noncoherent_t0002,2,2,120,formal_tps30,easy_noncoherent,0,2,mixed_Z16_G24_Rz24,3,3,1,1,1,0,0,1,1
2,cp00p00_easy_noncoherent_t0002,2,2,120,formal_tps30,easy_noncoherent,0,2,mixed_Z16_G24_Rz24,5,5,1,1,1,0,0,1,1
2,cp00p00_easy_noncoherent_t0002,2,2,120,formal_tps30,easy_noncoherent,0,2,mixed_Z16_G24_Rz24,10,10,1,1,1,0,0,1,1
2,cp00p00_easy_noncoherent_t0002,2,2,120,formal_tps30,easy_noncoherent,0,2,combined_int14,1,1,1,1,1,0,0,1,1
2,cp00p00_easy_noncoherent_t0002,2,2,120,formal_tps30,easy_noncoherent,0,2,combined_int14,3,3,1,1,1,0,0,1,1
2,cp00p00_easy_noncoherent_t0002,2,2,120,formal_tps30,easy_noncoherent,0,2,combined_int14,5,5,1,1,1,0,0,1,1
2,cp00p00_easy_noncoherent_t0002,2,2,120,formal_tps30,easy_noncoherent,0,2,combined_int14,10,10,1,1,1,0,0,1,1
2,cp00p00_easy_noncoherent_t0002,2,2,120,formal_tps30,easy_noncoherent,0,2,W_int18_G24_Z16,1,1,1,1,1,0,0,1,1
2,cp00p00_easy_noncoherent_t0002,2,2,120,formal_tps30,easy_noncoherent,0,2,W_int18_G24_Z16,3,3,1,1,1,0,0,1,1
2,cp00p00_easy_noncoherent_t0002,2,2,120,formal_tps30,easy_noncoherent,0,2,W_int18_G24_Z16,5,5,1,1,1,0,0,1,1
2,cp00p00_easy_noncoherent_t0002,2,2,120,formal_tps30,easy_noncoherent,0,2,W_int18_G24_Z16,10,10,1,1,1,0,0,1,1
122,cp00p00_low_snr_hard_t0002,122,2,120,formal_tps30,low_snr_hard,0,2,double_baseline,1,1,1,1,1,0,0,0,0
122,cp00p00_low_snr_hard_t0002,122,2,120,formal_tps30,low_snr_hard,0,2,double_baseline,3,3,1,1,1,0,0,0,0
122,cp00p00_low_snr_hard_t0002,122,2,120,formal_tps30,low_snr_hard,0,2,double_baseline,5,5,1,1,1,0,0,0,0
122,cp00p00_low_snr_hard_t0002,122,2,120,formal_tps30,low_snr_hard,0,2,double_baseline,10,10,1,1,1,0,0,0,0
122,cp00p00_low_snr_hard_t0002,122,2,120,formal_tps30,low_snr_hard,0,2,float32_all,1,1,1,1,1,0,0,0,0
122,cp00p00_low_snr_hard_t0002,122,2,120,formal_tps30,low_snr_hard,0,2,float32_all,3,3,1,1,1,0,0,0,0
122,cp00p00_low_snr_hard_t0002,122,2,120,formal_tps30,low_snr_hard,0,2,float32_all,5,5,1,1,1,0,0,0,0
122,cp00p00_low_snr_hard_t0002,122,2,120,formal_tps30,low_snr_hard,0,2,float32_all,10,10,1,1,1,0,0,0,0
122,cp00p00_low_snr_hard_t0002,122,2,120,formal_tps30,low_snr_hard,0,2,combined_int16,1,1,1,1,1,0,0,0,0
122,cp00p00_low_snr_hard_t0002,122,2,120,formal_tps30,low_snr_hard,0,2,combined_int16,3,3,1,1,1,0,0,0,0
122,cp00p00_low_snr_hard_t0002,122,2,120,formal_tps30,low_snr_hard,0,2,combined_int16,5,5,1,1,1,0,0,0,0
122,cp00p00_low_snr_hard_t0002,122,2,120,formal_tps30,low_snr_hard,0,2,combined_int16,10,10,1,1,1,0,0,0,0
122,cp00p00_low_snr_hard_t0002,122,2,120,formal_tps30,low_snr_hard,0,2,combined_int18,1,1,1,1,1,0,0,0,0
122,cp00p00_low_snr_hard_t0002,122,2,120,formal_tps30,low_snr_hard,0,2,combined_int18,3,3,1,1,1,0,0,0,0
122,cp00p00_low_snr_hard_t0002,122,2,120,formal_tps30,low_snr_hard,0,2,combined_int18,5,5,1,1,1,0,0,0,0
122,cp00p00_low_snr_hard_t0002,122,2,120,formal_tps30,low_snr_hard,0,2,combined_int18,10,10,1,1,1,0,0,0,0
122,cp00p00_low_snr_hard_t0002,122,2,120,formal_tps30,low_snr_hard,0,2,combined_int24,1,1,1,1,1,0,0,0,0
122,cp00p00_low_snr_hard_t0002,122,2,120,formal_tps30,low_snr_hard,0,2,combined_int24,3,3,1,1,1,0,0,0,0
122,cp00p00_low_snr_hard_t0002,122,2,120,formal_tps30,low_snr_hard,0,2,combined_int24,5,5,1,1,1,0,0,0,0
122,cp00p00_low_snr_hard_t0002,122,2,120,formal_tps30,low_snr_hard,0,2,combined_int24,10,10,1,1,1,0,0,0,0
122,cp00p00_low_snr_hard_t0002,122,2,120,formal_tps30,low_snr_hard,0,2,mixed_Z16_G24_Rz24,1,1,1,1,1,0,0,0,0
122,cp00p00_low_snr_hard_t0002,122,2,120,formal_tps30,low_snr_hard,0,2,mixed_Z16_G24_Rz24,3,3,1,1,1,0,0,0,0
122,cp00p00_low_snr_hard_t0002,122,2,120,formal_tps30,low_snr_hard,0,2,mixed_Z16_G24_Rz24,5,5,1,1,1,0,0,0,0
122,cp00p00_low_snr_hard_t0002,122,2,120,formal_tps30,low_snr_hard,0,2,mixed_Z16_G24_Rz24,10,10,1,1,1,0,0,0,0
122,cp00p00_low_snr_hard_t0002,122,2,120,formal_tps30,low_snr_hard,0,2,combined_int14,1,1,1,1,1,0,0,0,0
122,cp00p00_low_snr_hard_t0002,122,2,120,formal_tps30,low_snr_hard,0,2,combined_int14,3,3,1,1,1,0,0,0,0
122,cp00p00_low_snr_hard_t0002,122,2,120,formal_tps30,low_snr_hard,0,2,combined_int14,5,5,1,1,1,0,0,0,0
122,cp00p00_low_snr_hard_t0002,122,2,120,formal_tps30,low_snr_hard,0,2,combined_int14,10,10,1,1,1,0,0,0,0
122,cp00p00_low_snr_hard_t0002,122,2,120,formal_tps30,low_snr_hard,0,2,W_int18_G24_Z16,1,1,1,1,1,0,0,0,0
122,cp00p00_low_snr_hard_t0002,122,2,120,formal_tps30,low_snr_hard,0,2,W_int18_G24_Z16,3,3,1,1,1,0,0,0,0
122,cp00p00_low_snr_hard_t0002,122,2,120,formal_tps30,low_snr_hard,0,2,W_int18_G24_Z16,5,5,1,1,1,0,0,0,0
122,cp00p00_low_snr_hard_t0002,122,2,120,formal_tps30,low_snr_hard,0,2,W_int18_G24_Z16,10,10,1,1,1,0,0,0,0
242,cp00p00_cache_boundary_center_t0002,242,2,120,formal_tps30,cache_boundary_center,0,2,double_baseline,1,1,1,1,1,0,0,1,1
242,cp00p00_cache_boundary_center_t0002,242,2,120,formal_tps30,cache_boundary_center,0,2,double_baseline,3,3,1,1,1,0,0,1,1
242,cp00p00_cache_boundary_center_t0002,242,2,120,formal_tps30,cache_boundary_center,0,2,double_baseline,5,5,1,1,1,0,0,1,1
242,cp00p00_cache_boundary_center_t0002,242,2,120,formal_tps30,cache_boundary_center,0,2,double_baseline,10,10,1,1,1,0,0,1,1
242,cp00p00_cache_boundary_center_t0002,242,2,120,formal_tps30,cache_boundary_center,0,2,float32_all,1,1,1,1,1,0,0,1,1
242,cp00p00_cache_boundary_center_t0002,242,2,120,formal_tps30,cache_boundary_center,0,2,float32_all,3,3,1,1,1,0,0,1,1
242,cp00p00_cache_boundary_center_t0002,242,2,120,formal_tps30,cache_boundary_center,0,2,float32_all,5,5,1,1,1,0,0,1,1
242,cp00p00_cache_boundary_center_t0002,242,2,120,formal_tps30,cache_boundary_center,0,2,float32_all,10,10,1,1,1,0,0,1,1
242,cp00p00_cache_boundary_center_t0002,242,2,120,formal_tps30,cache_boundary_center,0,2,combined_int16,1,1,1,1,1,0,0,1,1
242,cp00p00_cache_boundary_center_t0002,242,2,120,formal_tps30,cache_boundary_center,0,2,combined_int16,3,3,1,1,1,0,0,1,1
242,cp00p00_cache_boundary_center_t0002,242,2,120,formal_tps30,cache_boundary_center,0,2,combined_int16,5,5,1,1,1,0,0,1,1
242,cp00p00_cache_boundary_center_t0002,242,2,120,formal_tps30,cache_boundary_center,0,2,combined_int16,10,10,1,1,1,0,0,1,1
242,cp00p00_cache_boundary_center_t0002,242,2,120,formal_tps30,cache_boundary_center,0,2,combined_int18,1,1,1,1,1,0,0,1,1
242,cp00p00_cache_boundary_center_t0002,242,2,120,formal_tps30,cache_boundary_center,0,2,combined_int18,3,3,1,1,1,0,0,1,1
242,cp00p00_cache_boundary_center_t0002,242,2,120,formal_tps30,cache_boundary_center,0,2,combined_int18,5,5,1,1,1,0,0,1,1
242,cp00p00_cache_boundary_center_t0002,242,2,120,formal_tps30,cache_boundary_center,0,2,combined_int18,10,10,1,1,1,0,0,1,1
242,cp00p00_cache_boundary_center_t0002,242,2,120,formal_tps30,cache_boundary_center,0,2,combined_int24,1,1,1,1,1,0,0,1,1
242,cp00p00_cache_boundary_center_t0002,242,2,120,formal_tps30,cache_boundary_center,0,2,combined_int24,3,3,1,1,1,0,0,1,1
242,cp00p00_cache_boundary_center_t0002,242,2,120,formal_tps30,cache_boundary_center,0,2,combined_int24,5,5,1,1,1,0,0,1,1
242,cp00p00_cache_boundary_center_t0002,242,2,120,formal_tps30,cache_boundary_center,0,2,combined_int24,10,10,1,1,1,0,0,1,1
242,cp00p00_cache_boundary_center_t0002,242,2,120,formal_tps30,cache_boundary_center,0,2,mixed_Z16_G24_Rz24,1,1,1,1,1,0,0,1,1
242,cp00p00_cache_boundary_center_t0002,242,2,120,formal_tps30,cache_boundary_center,0,2,mixed_Z16_G24_Rz24,3,3,1,1,1,0,0,1,1
242,cp00p00_cache_boundary_center_t0002,242,2,120,formal_tps30,cache_boundary_center,0,2,mixed_Z16_G24_Rz24,5,5,1,1,1,0,0,1,1
242,cp00p00_cache_boundary_center_t0002,242,2,120,formal_tps30,cache_boundary_center,0,2,mixed_Z16_G24_Rz24,10,10,1,1,1,0,0,1,1
242,cp00p00_cache_boundary_center_t0002,242,2,120,formal_tps30,cache_boundary_center,0,2,combined_int14,1,1,1,1,1,0,0,1,1
242,cp00p00_cache_boundary_center_t0002,242,2,120,formal_tps30,cache_boundary_center,0,2,combined_int14,3,3,1,1,1,0,0,1,1
242,cp00p00_cache_boundary_center_t0002,242,2,120,formal_tps30,cache_boundary_center,0,2,combined_int14,5,5,1,1,1,0,0,1,1
242,cp00p00_cache_boundary_center_t0002,242,2,120,formal_tps30,cache_boundary_center,0,2,combined_int14,10,10,1,1,1,0,0,1,1
242,cp00p00_cache_boundary_center_t0002,242,2,120,formal_tps30,cache_boundary_center,0,2,W_int18_G24_Z16,1,1,1,1,1,0,0,1,1
242,cp00p00_cache_boundary_center_t0002,242,2,120,formal_tps30,cache_boundary_center,0,2,W_int18_G24_Z16,3,3,1,1,1,0,0,1,1
242,cp00p00_cache_boundary_center_t0002,242,2,120,formal_tps30,cache_boundary_center,0,2,W_int18_G24_Z16,5,5,1,1,1,0,0,1,1
242,cp00p00_cache_boundary_center_t0002,242,2,120,formal_tps30,cache_boundary_center,0,2,W_int18_G24_Z16,10,10,1,1,1,0,0,1,1
362,cp04p00_hard_phase_t0002,362,2,120,formal_tps30,hard_phase,3.75,2,double_baseline,1,1,1,1,1,0,0,1,1
362,cp04p00_hard_phase_t0002,362,2,120,formal_tps30,hard_phase,3.75,2,double_baseline,3,3,1,1,1,0,0,1,1
362,cp04p00_hard_phase_t0002,362,2,120,formal_tps30,hard_phase,3.75,2,double_baseline,5,5,1,1,1,0,0,1,1
362,cp04p00_hard_phase_t0002,362,2,120,formal_tps30,hard_phase,3.75,2,double_baseline,10,10,1,1,1,0,0,1,1
362,cp04p00_hard_phase_t0002,362,2,120,formal_tps30,hard_phase,3.75,2,float32_all,1,1,1,1,1,0,0,1,1
362,cp04p00_hard_phase_t0002,362,2,120,formal_tps30,hard_phase,3.75,2,float32_all,3,3,1,1,1,0,0,1,1
362,cp04p00_hard_phase_t0002,362,2,120,formal_tps30,hard_phase,3.75,2,float32_all,5,5,1,1,1,0,0,1,1
362,cp04p00_hard_phase_t0002,362,2,120,formal_tps30,hard_phase,3.75,2,float32_all,10,10,1,1,1,0,0,1,1
362,cp04p00_hard_phase_t0002,362,2,120,formal_tps30,hard_phase,3.75,2,combined_int16,1,1,1,1,1,0,0,1,1
362,cp04p00_hard_phase_t0002,362,2,120,formal_tps30,hard_phase,3.75,2,combined_int16,3,3,1,1,1,0,0,1,1
362,cp04p00_hard_phase_t0002,362,2,120,formal_tps30,hard_phase,3.75,2,combined_int16,5,5,1,1,1,0,0,1,1
362,cp04p00_hard_phase_t0002,362,2,120,formal_tps30,hard_phase,3.75,2,combined_int16,10,10,1,1,1,0,0,1,1
362,cp04p00_hard_phase_t0002,362,2,120,formal_tps30,hard_phase,3.75,2,combined_int18,1,1,1,1,1,0,0,1,1
362,cp04p00_hard_phase_t0002,362,2,120,formal_tps30,hard_phase,3.75,2,combined_int18,3,3,1,1,1,0,0,1,1
362,cp04p00_hard_phase_t0002,362,2,120,formal_tps30,hard_phase,3.75,2,combined_int18,5,5,1,1,1,0,0,1,1
362,cp04p00_hard_phase_t0002,362,2,120,formal_tps30,hard_phase,3.75,2,combined_int18,10,10,1,1,1,0,0,1,1
362,cp04p00_hard_phase_t0002,362,2,120,formal_tps30,hard_phase,3.75,2,combined_int24,1,1,1,1,1,0,0,1,1
362,cp04p00_hard_phase_t0002,362,2,120,formal_tps30,hard_phase,3.75,2,combined_int24,3,3,1,1,1,0,0,1,1
362,cp04p00_hard_phase_t0002,362,2,120,formal_tps30,hard_phase,3.75,2,combined_int24,5,5,1,1,1,0,0,1,1
362,cp04p00_hard_phase_t0002,362,2,120,formal_tps30,hard_phase,3.75,2,combined_int24,10,10,1,1,1,0,0,1,1
362,cp04p00_hard_phase_t0002,362,2,120,formal_tps30,hard_phase,3.75,2,mixed_Z16_G24_Rz24,1,1,1,1,1,0,0,1,1
362,cp04p00_hard_phase_t0002,362,2,120,formal_tps30,hard_phase,3.75,2,mixed_Z16_G24_Rz24,3,3,1,1,1,0,0,1,1
362,cp04p00_hard_phase_t0002,362,2,120,formal_tps30,hard_phase,3.75,2,mixed_Z16_G24_Rz24,5,5,1,1,1,0,0,1,1
362,cp04p00_hard_phase_t0002,362,2,120,formal_tps30,hard_phase,3.75,2,mixed_Z16_G24_Rz24,10,10,1,1,1,0,0,1,1
362,cp04p00_hard_phase_t0002,362,2,120,formal_tps30,hard_phase,3.75,2,combined_int14,1,1,1,1,1,0,0,1,1
362,cp04p00_hard_phase_t0002,362,2,120,formal_tps30,hard_phase,3.75,2,combined_int14,3,3,1,1,1,0,0,1,1
362,cp04p00_hard_phase_t0002,362,2,120,formal_tps30,hard_phase,3.75,2,combined_int14,5,5,1,1,1,0,0,1,1
362,cp04p00_hard_phase_t0002,362,2,120,formal_tps30,hard_phase,3.75,2,combined_int14,10,10,1,1,1,0,0,1,1
362,cp04p00_hard_phase_t0002,362,2,120,formal_tps30,hard_phase,3.75,2,W_int18_G24_Z16,1,1,1,1,1,0,0,1,1
362,cp04p00_hard_phase_t0002,362,2,120,formal_tps30,hard_phase,3.75,2,W_int18_G24_Z16,3,3,1,1,1,0,0,1,1
362,cp04p00_hard_phase_t0002,362,2,120,formal_tps30,hard_phase,3.75,2,W_int18_G24_Z16,5,5,1,1,1,0,0,1,1
362,cp04p00_hard_phase_t0002,362,2,120,formal_tps30,hard_phase,3.75,2,W_int18_G24_Z16,10,10,1,1,1,0,0,1,1
482,cp04p00_medium_beta_coherent_t0002,482,2,120,formal_tps30,medium_beta_coherent,3.75,2,double_baseline,1,1,1,1,1,0,0,0,0
482,cp04p00_medium_beta_coherent_t0002,482,2,120,formal_tps30,medium_beta_coherent,3.75,2,double_baseline,3,3,1,1,1,0,0,0,0
482,cp04p00_medium_beta_coherent_t0002,482,2,120,formal_tps30,medium_beta_coherent,3.75,2,double_baseline,5,5,1,1,1,0,0,0,0
482,cp04p00_medium_beta_coherent_t0002,482,2,120,formal_tps30,medium_beta_coherent,3.75,2,double_baseline,10,10,1,1,1,0,0,0,0
482,cp04p00_medium_beta_coherent_t0002,482,2,120,formal_tps30,medium_beta_coherent,3.75,2,float32_all,1,1,1,1,1,0,0,0,0
482,cp04p00_medium_beta_coherent_t0002,482,2,120,formal_tps30,medium_beta_coherent,3.75,2,float32_all,3,3,1,1,1,0,0,0,0
482,cp04p00_medium_beta_coherent_t0002,482,2,120,formal_tps30,medium_beta_coherent,3.75,2,float32_all,5,5,1,1,1,0,0,0,0
482,cp04p00_medium_beta_coherent_t0002,482,2,120,formal_tps30,medium_beta_coherent,3.75,2,float32_all,10,10,1,1,1,0,0,0,0
482,cp04p00_medium_beta_coherent_t0002,482,2,120,formal_tps30,medium_beta_coherent,3.75,2,combined_int16,1,1,1,1,1,0,0,0,0
482,cp04p00_medium_beta_coherent_t0002,482,2,120,formal_tps30,medium_beta_coherent,3.75,2,combined_int16,3,3,1,1,1,0,0,0,0
482,cp04p00_medium_beta_coherent_t0002,482,2,120,formal_tps30,medium_beta_coherent,3.75,2,combined_int16,5,5,1,1,1,0,0,0,0
482,cp04p00_medium_beta_coherent_t0002,482,2,120,formal_tps30,medium_beta_coherent,3.75,2,combined_int16,10,10,1,1,1,0,0,0,0
482,cp04p00_medium_beta_coherent_t0002,482,2,120,formal_tps30,medium_beta_coherent,3.75,2,combined_int18,1,1,1,1,1,0,0,0,0
482,cp04p00_medium_beta_coherent_t0002,482,2,120,formal_tps30,medium_beta_coherent,3.75,2,combined_int18,3,3,1,1,1,0,0,0,0
482,cp04p00_medium_beta_coherent_t0002,482,2,120,formal_tps30,medium_beta_coherent,3.75,2,combined_int18,5,5,1,1,1,0,0,0,0
482,cp04p00_medium_beta_coherent_t0002,482,2,120,formal_tps30,medium_beta_coherent,3.75,2,combined_int18,10,10,1,1,1,0,0,0,0
482,cp04p00_medium_beta_coherent_t0002,482,2,120,formal_tps30,medium_beta_coherent,3.75,2,combined_int24,1,1,1,1,1,0,0,0,0
482,cp04p00_medium_beta_coherent_t0002,482,2,120,formal_tps30,medium_beta_coherent,3.75,2,combined_int24,3,3,1,1,1,0,0,0,0
482,cp04p00_medium_beta_coherent_t0002,482,2,120,formal_tps30,medium_beta_coherent,3.75,2,combined_int24,5,5,1,1,1,0,0,0,0
482,cp04p00_medium_beta_coherent_t0002,482,2,120,formal_tps30,medium_beta_coherent,3.75,2,combined_int24,10,10,1,1,1,0,0,0,0
482,cp04p00_medium_beta_coherent_t0002,482,2,120,formal_tps30,medium_beta_coherent,3.75,2,mixed_Z16_G24_Rz24,1,1,1,1,1,0,0,0,0
482,cp04p00_medium_beta_coherent_t0002,482,2,120,formal_tps30,medium_beta_coherent,3.75,2,mixed_Z16_G24_Rz24,3,3,1,1,1,0,0,0,0
482,cp04p00_medium_beta_coherent_t0002,482,2,120,formal_tps30,medium_beta_coherent,3.75,2,mixed_Z16_G24_Rz24,5,5,1,1,1,0,0,0,0
482,cp04p00_medium_beta_coherent_t0002,482,2,120,formal_tps30,medium_beta_coherent,3.75,2,mixed_Z16_G24_Rz24,10,10,1,1,1,0,0,0,0
482,cp04p00_medium_beta_coherent_t0002,482,2,120,formal_tps30,medium_beta_coherent,3.75,2,combined_int14,1,1,1,1,1,0,0,0,0
482,cp04p00_medium_beta_coherent_t0002,482,2,120,formal_tps30,medium_beta_coherent,3.75,2,combined_int14,3,3,1,1,1,0,0,0,0
482,cp04p00_medium_beta_coherent_t0002,482,2,120,formal_tps30,medium_beta_coherent,3.75,2,combined_int14,5,5,1,1,1,0,0,0,0
482,cp04p00_medium_beta_coherent_t0002,482,2,120,formal_tps30,medium_beta_coherent,3.75,2,combined_int14,10,10,1,1,1,0,0,0,0
482,cp04p00_medium_beta_coherent_t0002,482,2,120,formal_tps30,medium_beta_coherent,3.75,2,W_int18_G24_Z16,1,1,1,1,1,0,0,0,0
482,cp04p00_medium_beta_coherent_t0002,482,2,120,formal_tps30,medium_beta_coherent,3.75,2,W_int18_G24_Z16,3,3,1,1,1,0,0,0,0
482,cp04p00_medium_beta_coherent_t0002,482,2,120,formal_tps30,medium_beta_coherent,3.75,2,W_int18_G24_Z16,5,5,1,1,1,0,0,0,0
482,cp04p00_medium_beta_coherent_t0002,482,2,120,formal_tps30,medium_beta_coherent,3.75,2,W_int18_G24_Z16,10,10,1,1,1,0,0,0,0
602,cp08p00_easy_noncoherent_t0002,602,2,120,formal_tps30,easy_noncoherent,7.5,2,double_baseline,1,1,1,1,1,0,0,1,1
602,cp08p00_easy_noncoherent_t0002,602,2,120,formal_tps30,easy_noncoherent,7.5,2,double_baseline,3,3,1,1,1,0,0,1,1
602,cp08p00_easy_noncoherent_t0002,602,2,120,formal_tps30,easy_noncoherent,7.5,2,double_baseline,5,5,1,1,1,0,0,1,1
602,cp08p00_easy_noncoherent_t0002,602,2,120,formal_tps30,easy_noncoherent,7.5,2,double_baseline,10,10,1,1,1,0,0,1,1
602,cp08p00_easy_noncoherent_t0002,602,2,120,formal_tps30,easy_noncoherent,7.5,2,float32_all,1,1,1,1,1,0,0,1,1
602,cp08p00_easy_noncoherent_t0002,602,2,120,formal_tps30,easy_noncoherent,7.5,2,float32_all,3,3,1,1,1,0,0,1,1
602,cp08p00_easy_noncoherent_t0002,602,2,120,formal_tps30,easy_noncoherent,7.5,2,float32_all,5,5,1,1,1,0,0,1,1
602,cp08p00_easy_noncoherent_t0002,602,2,120,formal_tps30,easy_noncoherent,7.5,2,float32_all,10,10,1,1,1,0,0,1,1
602,cp08p00_easy_noncoherent_t0002,602,2,120,formal_tps30,easy_noncoherent,7.5,2,combined_int16,1,1,1,1,1,0,0,1,1
602,cp08p00_easy_noncoherent_t0002,602,2,120,formal_tps30,easy_noncoherent,7.5,2,combined_int16,3,3,1,1,1,0,0,1,1
602,cp08p00_easy_noncoherent_t0002,602,2,120,formal_tps30,easy_noncoherent,7.5,2,combined_int16,5,5,1,1,1,0,0,1,1
602,cp08p00_easy_noncoherent_t0002,602,2,120,formal_tps30,easy_noncoherent,7.5,2,combined_int16,10,10,1,1,1,0,0,1,1
602,cp08p00_easy_noncoherent_t0002,602,2,120,formal_tps30,easy_noncoherent,7.5,2,combined_int18,1,1,1,1,1,0,0,1,1
602,cp08p00_easy_noncoherent_t0002,602,2,120,formal_tps30,easy_noncoherent,7.5,2,combined_int18,3,3,1,1,1,0,0,1,1
602,cp08p00_easy_noncoherent_t0002,602,2,120,formal_tps30,easy_noncoherent,7.5,2,combined_int18,5,5,1,1,1,0,0,1,1
602,cp08p00_easy_noncoherent_t0002,602,2,120,formal_tps30,easy_noncoherent,7.5,2,combined_int18,10,10,1,1,1,0,0,1,1
602,cp08p00_easy_noncoherent_t0002,602,2,120,formal_tps30,easy_noncoherent,7.5,2,combined_int24,1,1,1,1,1,0,0,1,1
602,cp08p00_easy_noncoherent_t0002,602,2,120,formal_tps30,easy_noncoherent,7.5,2,combined_int24,3,3,1,1,1,0,0,1,1
602,cp08p00_easy_noncoherent_t0002,602,2,120,formal_tps30,easy_noncoherent,7.5,2,combined_int24,5,5,1,1,1,0,0,1,1
602,cp08p00_easy_noncoherent_t0002,602,2,120,formal_tps30,easy_noncoherent,7.5,2,combined_int24,10,10,1,1,1,0,0,1,1
602,cp08p00_easy_noncoherent_t0002,602,2,120,formal_tps30,easy_noncoherent,7.5,2,mixed_Z16_G24_Rz24,1,1,1,1,1,0,0,1,1
602,cp08p00_easy_noncoherent_t0002,602,2,120,formal_tps30,easy_noncoherent,7.5,2,mixed_Z16_G24_Rz24,3,3,1,1,1,0,0,1,1
602,cp08p00_easy_noncoherent_t0002,602,2,120,formal_tps30,easy_noncoherent,7.5,2,mixed_Z16_G24_Rz24,5,5,1,1,1,0,0,1,1
602,cp08p00_easy_noncoherent_t0002,602,2,120,formal_tps30,easy_noncoherent,7.5,2,mixed_Z16_G24_Rz24,10,10,1,1,1,0,0,1,1
602,cp08p00_easy_noncoherent_t0002,602,2,120,formal_tps30,easy_noncoherent,7.5,2,combined_int14,1,1,1,1,1,0,0,1,1
602,cp08p00_easy_noncoherent_t0002,602,2,120,formal_tps30,easy_noncoherent,7.5,2,combined_int14,3,3,1,1,1,0,0,1,1
602,cp08p00_easy_noncoherent_t0002,602,2,120,formal_tps30,easy_noncoherent,7.5,2,combined_int14,5,5,1,1,1,0,0,1,1
602,cp08p00_easy_noncoherent_t0002,602,2,120,formal_tps30,easy_noncoherent,7.5,2,combined_int14,10,10,1,1,1,0,0,1,1
602,cp08p00_easy_noncoherent_t0002,602,2,120,formal_tps30,easy_noncoherent,7.5,2,W_int18_G24_Z16,1,1,1,1,1,0,0,1,1
602,cp08p00_easy_noncoherent_t0002,602,2,120,formal_tps30,easy_noncoherent,7.5,2,W_int18_G24_Z16,3,3,1,1,1,0,0,1,1
602,cp08p00_easy_noncoherent_t0002,602,2,120,formal_tps30,easy_noncoherent,7.5,2,W_int18_G24_Z16,5,5,1,1,1,0,0,1,1
602,cp08p00_easy_noncoherent_t0002,602,2,120,formal_tps30,easy_noncoherent,7.5,2,W_int18_G24_Z16,10,10,1,1,1,0,0,1,1
722,cp08p00_low_snr_hard_t0002,722,2,120,formal_tps30,low_snr_hard,7.5,2,double_baseline,1,1,1,1,1,0,0,0,0
722,cp08p00_low_snr_hard_t0002,722,2,120,formal_tps30,low_snr_hard,7.5,2,double_baseline,3,3,1,1,1,0,0,0,0
722,cp08p00_low_snr_hard_t0002,722,2,120,formal_tps30,low_snr_hard,7.5,2,double_baseline,5,5,1,1,1,0,0,0,0
722,cp08p00_low_snr_hard_t0002,722,2,120,formal_tps30,low_snr_hard,7.5,2,double_baseline,10,10,1,1,1,0,0,0,0
722,cp08p00_low_snr_hard_t0002,722,2,120,formal_tps30,low_snr_hard,7.5,2,float32_all,1,1,1,1,1,0,0,0,0
722,cp08p00_low_snr_hard_t0002,722,2,120,formal_tps30,low_snr_hard,7.5,2,float32_all,3,3,1,1,1,0,0,0,0
722,cp08p00_low_snr_hard_t0002,722,2,120,formal_tps30,low_snr_hard,7.5,2,float32_all,5,5,1,1,1,0,0,0,0
722,cp08p00_low_snr_hard_t0002,722,2,120,formal_tps30,low_snr_hard,7.5,2,float32_all,10,10,1,1,1,0,0,0,0
722,cp08p00_low_snr_hard_t0002,722,2,120,formal_tps30,low_snr_hard,7.5,2,combined_int16,1,1,1,1,1,0,0,0,0
722,cp08p00_low_snr_hard_t0002,722,2,120,formal_tps30,low_snr_hard,7.5,2,combined_int16,3,3,1,1,1,0,0,0,0
722,cp08p00_low_snr_hard_t0002,722,2,120,formal_tps30,low_snr_hard,7.5,2,combined_int16,5,5,1,1,1,0,0,0,0
722,cp08p00_low_snr_hard_t0002,722,2,120,formal_tps30,low_snr_hard,7.5,2,combined_int16,10,10,1,1,1,0,0,0,0
722,cp08p00_low_snr_hard_t0002,722,2,120,formal_tps30,low_snr_hard,7.5,2,combined_int18,1,1,1,1,1,0,0,0,0
722,cp08p00_low_snr_hard_t0002,722,2,120,formal_tps30,low_snr_hard,7.5,2,combined_int18,3,3,1,1,1,0,0,0,0
722,cp08p00_low_snr_hard_t0002,722,2,120,formal_tps30,low_snr_hard,7.5,2,combined_int18,5,5,1,1,1,0,0,0,0
722,cp08p00_low_snr_hard_t0002,722,2,120,formal_tps30,low_snr_hard,7.5,2,combined_int18,10,10,1,1,1,0,0,0,0
722,cp08p00_low_snr_hard_t0002,722,2,120,formal_tps30,low_snr_hard,7.5,2,combined_int24,1,1,1,1,1,0,0,0,0
722,cp08p00_low_snr_hard_t0002,722,2,120,formal_tps30,low_snr_hard,7.5,2,combined_int24,3,3,1,1,1,0,0,0,0
722,cp08p00_low_snr_hard_t0002,722,2,120,formal_tps30,low_snr_hard,7.5,2,combined_int24,5,5,1,1,1,0,0,0,0
722,cp08p00_low_snr_hard_t0002,722,2,120,formal_tps30,low_snr_hard,7.5,2,combined_int24,10,10,1,1,1,0,0,0,0
722,cp08p00_low_snr_hard_t0002,722,2,120,formal_tps30,low_snr_hard,7.5,2,mixed_Z16_G24_Rz24,1,1,1,1,1,0,0,0,0
722,cp08p00_low_snr_hard_t0002,722,2,120,formal_tps30,low_snr_hard,7.5,2,mixed_Z16_G24_Rz24,3,3,1,1,1,0,0,0,0
722,cp08p00_low_snr_hard_t0002,722,2,120,formal_tps30,low_snr_hard,7.5,2,mixed_Z16_G24_Rz24,5,5,1,1,1,0,0,0,0
722,cp08p00_low_snr_hard_t0002,722,2,120,formal_tps30,low_snr_hard,7.5,2,mixed_Z16_G24_Rz24,10,10,1,1,1,0,0,0,0
722,cp08p00_low_snr_hard_t0002,722,2,120,formal_tps30,low_snr_hard,7.5,2,combined_int14,1,1,1,1,1,0,0,0,0
722,cp08p00_low_snr_hard_t0002,722,2,120,formal_tps30,low_snr_hard,7.5,2,combined_int14,3,3,1,1,1,0,0,0,0
722,cp08p00_low_snr_hard_t0002,722,2,120,formal_tps30,low_snr_hard,7.5,2,combined_int14,5,5,1,1,1,0,0,0,0
722,cp08p00_low_snr_hard_t0002,722,2,120,formal_tps30,low_snr_hard,7.5,2,combined_int14,10,10,1,1,1,0,0,0,0
722,cp08p00_low_snr_hard_t0002,722,2,120,formal_tps30,low_snr_hard,7.5,2,W_int18_G24_Z16,1,1,1,1,1,0,0,0,0
722,cp08p00_low_snr_hard_t0002,722,2,120,formal_tps30,low_snr_hard,7.5,2,W_int18_G24_Z16,3,3,1,1,1,0,0,0,0
722,cp08p00_low_snr_hard_t0002,722,2,120,formal_tps30,low_snr_hard,7.5,2,W_int18_G24_Z16,5,5,1,1,1,0,0,0,0
722,cp08p00_low_snr_hard_t0002,722,2,120,formal_tps30,low_snr_hard,7.5,2,W_int18_G24_Z16,10,10,1,1,1,0,0,0,0
842,cp08p00_cache_boundary_center_t0002,842,2,120,formal_tps30,cache_boundary_center,7.5,2,double_baseline,1,1,1,1,1,0,0,1,1
842,cp08p00_cache_boundary_center_t0002,842,2,120,formal_tps30,cache_boundary_center,7.5,2,double_baseline,3,3,1,1,1,0,0,1,1
842,cp08p00_cache_boundary_center_t0002,842,2,120,formal_tps30,cache_boundary_center,7.5,2,double_baseline,5,5,1,1,1,0,0,1,1
842,cp08p00_cache_boundary_center_t0002,842,2,120,formal_tps30,cache_boundary_center,7.5,2,double_baseline,10,10,1,1,1,0,0,1,1
842,cp08p00_cache_boundary_center_t0002,842,2,120,formal_tps30,cache_boundary_center,7.5,2,float32_all,1,1,1,1,1,0,0,1,1
842,cp08p00_cache_boundary_center_t0002,842,2,120,formal_tps30,cache_boundary_center,7.5,2,float32_all,3,3,1,1,1,0,0,1,1
842,cp08p00_cache_boundary_center_t0002,842,2,120,formal_tps30,cache_boundary_center,7.5,2,float32_all,5,5,1,1,1,0,0,1,1
842,cp08p00_cache_boundary_center_t0002,842,2,120,formal_tps30,cache_boundary_center,7.5,2,float32_all,10,10,1,1,1,0,0,1,1
842,cp08p00_cache_boundary_center_t0002,842,2,120,formal_tps30,cache_boundary_center,7.5,2,combined_int16,1,1,1,1,1,0,0,1,1
842,cp08p00_cache_boundary_center_t0002,842,2,120,formal_tps30,cache_boundary_center,7.5,2,combined_int16,3,3,1,1,1,0,0,1,1
842,cp08p00_cache_boundary_center_t0002,842,2,120,formal_tps30,cache_boundary_center,7.5,2,combined_int16,5,5,1,1,1,0,0,1,1
842,cp08p00_cache_boundary_center_t0002,842,2,120,formal_tps30,cache_boundary_center,7.5,2,combined_int16,10,10,1,1,1,0,0,1,1
842,cp08p00_cache_boundary_center_t0002,842,2,120,formal_tps30,cache_boundary_center,7.5,2,combined_int18,1,1,1,1,1,0,0,1,1
842,cp08p00_cache_boundary_center_t0002,842,2,120,formal_tps30,cache_boundary_center,7.5,2,combined_int18,3,3,1,1,1,0,0,1,1
842,cp08p00_cache_boundary_center_t0002,842,2,120,formal_tps30,cache_boundary_center,7.5,2,combined_int18,5,5,1,1,1,0,0,1,1
842,cp08p00_cache_boundary_center_t0002,842,2,120,formal_tps30,cache_boundary_center,7.5,2,combined_int18,10,10,1,1,1,0,0,1,1
842,cp08p00_cache_boundary_center_t0002,842,2,120,formal_tps30,cache_boundary_center,7.5,2,combined_int24,1,1,1,1,1,0,0,1,1
842,cp08p00_cache_boundary_center_t0002,842,2,120,formal_tps30,cache_boundary_center,7.5,2,combined_int24,3,3,1,1,1,0,0,1,1
842,cp08p00_cache_boundary_center_t0002,842,2,120,formal_tps30,cache_boundary_center,7.5,2,combined_int24,5,5,1,1,1,0,0,1,1
842,cp08p00_cache_boundary_center_t0002,842,2,120,formal_tps30,cache_boundary_center,7.5,2,combined_int24,10,10,1,1,1,0,0,1,1
842,cp08p00_cache_boundary_center_t0002,842,2,120,formal_tps30,cache_boundary_center,7.5,2,mixed_Z16_G24_Rz24,1,1,1,1,1,0,0,1,1
842,cp08p00_cache_boundary_center_t0002,842,2,120,formal_tps30,cache_boundary_center,7.5,2,mixed_Z16_G24_Rz24,3,3,1,1,1,0,0,1,1
842,cp08p00_cache_boundary_center_t0002,842,2,120,formal_tps30,cache_boundary_center,7.5,2,mixed_Z16_G24_Rz24,5,5,1,1,1,0,0,1,1
842,cp08p00_cache_boundary_center_t0002,842,2,120,formal_tps30,cache_boundary_center,7.5,2,mixed_Z16_G24_Rz24,10,10,1,1,1,0,0,1,1
842,cp08p00_cache_boundary_center_t0002,842,2,120,formal_tps30,cache_boundary_center,7.5,2,combined_int14,1,1,1,1,1,0,0,1,1
842,cp08p00_cache_boundary_center_t0002,842,2,120,formal_tps30,cache_boundary_center,7.5,2,combined_int14,3,3,1,1,1,0,0,1,1
842,cp08p00_cache_boundary_center_t0002,842,2,120,formal_tps30,cache_boundary_center,7.5,2,combined_int14,5,5,1,1,1,0,0,1,1
842,cp08p00_cache_boundary_center_t0002,842,2,120,formal_tps30,cache_boundary_center,7.5,2,combined_int14,10,10,1,1,1,0,0,1,1
842,cp08p00_cache_boundary_center_t0002,842,2,120,formal_tps30,cache_boundary_center,7.5,2,W_int18_G24_Z16,1,1,1,1,1,0,0,1,1
842,cp08p00_cache_boundary_center_t0002,842,2,120,formal_tps30,cache_boundary_center,7.5,2,W_int18_G24_Z16,3,3,1,1,1,0,0,1,1
842,cp08p00_cache_boundary_center_t0002,842,2,120,formal_tps30,cache_boundary_center,7.5,2,W_int18_G24_Z16,5,5,1,1,1,0,0,1,1
842,cp08p00_cache_boundary_center_t0002,842,2,120,formal_tps30,cache_boundary_center,7.5,2,W_int18_G24_Z16,10,10,1,1,1,0,0,1,1
962,cp15p00_hard_phase_t0002,962,2,120,formal_tps30,hard_phase,15,2,double_baseline,1,1,1,1,1,0,0,1,1
962,cp15p00_hard_phase_t0002,962,2,120,formal_tps30,hard_phase,15,2,double_baseline,3,3,1,1,1,0,0,1,1
962,cp15p00_hard_phase_t0002,962,2,120,formal_tps30,hard_phase,15,2,double_baseline,5,5,1,1,1,0,0,1,1
962,cp15p00_hard_phase_t0002,962,2,120,formal_tps30,hard_phase,15,2,double_baseline,10,10,1,1,1,0,0,1,1
962,cp15p00_hard_phase_t0002,962,2,120,formal_tps30,hard_phase,15,2,float32_all,1,1,1,1,1,0,0,1,1
962,cp15p00_hard_phase_t0002,962,2,120,formal_tps30,hard_phase,15,2,float32_all,3,3,1,1,1,0,0,1,1
962,cp15p00_hard_phase_t0002,962,2,120,formal_tps30,hard_phase,15,2,float32_all,5,5,1,1,1,0,0,1,1
962,cp15p00_hard_phase_t0002,962,2,120,formal_tps30,hard_phase,15,2,float32_all,10,10,1,1,1,0,0,1,1
962,cp15p00_hard_phase_t0002,962,2,120,formal_tps30,hard_phase,15,2,combined_int16,1,1,1,1,1,0,0,1,1
962,cp15p00_hard_phase_t0002,962,2,120,formal_tps30,hard_phase,15,2,combined_int16,3,3,1,1,1,0,0,1,1
962,cp15p00_hard_phase_t0002,962,2,120,formal_tps30,hard_phase,15,2,combined_int16,5,5,1,1,1,0,0,1,1
962,cp15p00_hard_phase_t0002,962,2,120,formal_tps30,hard_phase,15,2,combined_int16,10,10,1,1,1,0,0,1,1
962,cp15p00_hard_phase_t0002,962,2,120,formal_tps30,hard_phase,15,2,combined_int18,1,1,1,1,1,0,0,1,1
962,cp15p00_hard_phase_t0002,962,2,120,formal_tps30,hard_phase,15,2,combined_int18,3,3,1,1,1,0,0,1,1
962,cp15p00_hard_phase_t0002,962,2,120,formal_tps30,hard_phase,15,2,combined_int18,5,5,1,1,1,0,0,1,1
962,cp15p00_hard_phase_t0002,962,2,120,formal_tps30,hard_phase,15,2,combined_int18,10,10,1,1,1,0,0,1,1
962,cp15p00_hard_phase_t0002,962,2,120,formal_tps30,hard_phase,15,2,combined_int24,1,1,1,1,1,0,0,1,1
962,cp15p00_hard_phase_t0002,962,2,120,formal_tps30,hard_phase,15,2,combined_int24,3,3,1,1,1,0,0,1,1
962,cp15p00_hard_phase_t0002,962,2,120,formal_tps30,hard_phase,15,2,combined_int24,5,5,1,1,1,0,0,1,1
962,cp15p00_hard_phase_t0002,962,2,120,formal_tps30,hard_phase,15,2,combined_int24,10,10,1,1,1,0,0,1,1
962,cp15p00_hard_phase_t0002,962,2,120,formal_tps30,hard_phase,15,2,mixed_Z16_G24_Rz24,1,1,1,1,1,0,0,1,1
962,cp15p00_hard_phase_t0002,962,2,120,formal_tps30,hard_phase,15,2,mixed_Z16_G24_Rz24,3,3,1,1,1,0,0,1,1
962,cp15p00_hard_phase_t0002,962,2,120,formal_tps30,hard_phase,15,2,mixed_Z16_G24_Rz24,5,5,1,1,1,0,0,1,1
962,cp15p00_hard_phase_t0002,962,2,120,formal_tps30,hard_phase,15,2,mixed_Z16_G24_Rz24,10,10,1,1,1,0,0,1,1
962,cp15p00_hard_phase_t0002,962,2,120,formal_tps30,hard_phase,15,2,combined_int14,1,1,1,1,1,0,0,1,1
962,cp15p00_hard_phase_t0002,962,2,120,formal_tps30,hard_phase,15,2,combined_int14,3,3,1,1,1,0,0,1,1
962,cp15p00_hard_phase_t0002,962,2,120,formal_tps30,hard_phase,15,2,combined_int14,5,5,1,1,1,0,0,1,1
962,cp15p00_hard_phase_t0002,962,2,120,formal_tps30,hard_phase,15,2,combined_int14,10,10,1,1,1,0,0,1,1
962,cp15p00_hard_phase_t0002,962,2,120,formal_tps30,hard_phase,15,2,W_int18_G24_Z16,1,1,1,1,1,0,0,1,1
962,cp15p00_hard_phase_t0002,962,2,120,formal_tps30,hard_phase,15,2,W_int18_G24_Z16,3,3,1,1,1,0,0,1,1
962,cp15p00_hard_phase_t0002,962,2,120,formal_tps30,hard_phase,15,2,W_int18_G24_Z16,5,5,1,1,1,0,0,1,1
962,cp15p00_hard_phase_t0002,962,2,120,formal_tps30,hard_phase,15,2,W_int18_G24_Z16,10,10,1,1,1,0,0,1,1
1082,cp15p00_medium_beta_coherent_t0002,1082,2,120,formal_tps30,medium_beta_coherent,15,2,double_baseline,1,1,1,1,1,0,0,0,0
1082,cp15p00_medium_beta_coherent_t0002,1082,2,120,formal_tps30,medium_beta_coherent,15,2,double_baseline,3,3,1,1,1,0,0,0,0
1082,cp15p00_medium_beta_coherent_t0002,1082,2,120,formal_tps30,medium_beta_coherent,15,2,double_baseline,5,5,1,1,1,0,0,0,0
1082,cp15p00_medium_beta_coherent_t0002,1082,2,120,formal_tps30,medium_beta_coherent,15,2,double_baseline,10,10,1,1,1,0,0,0,0
1082,cp15p00_medium_beta_coherent_t0002,1082,2,120,formal_tps30,medium_beta_coherent,15,2,float32_all,1,1,1,1,1,0,0,0,0
1082,cp15p00_medium_beta_coherent_t0002,1082,2,120,formal_tps30,medium_beta_coherent,15,2,float32_all,3,3,1,1,1,0,0,0,0
1082,cp15p00_medium_beta_coherent_t0002,1082,2,120,formal_tps30,medium_beta_coherent,15,2,float32_all,5,5,1,1,1,0,0,0,0
1082,cp15p00_medium_beta_coherent_t0002,1082,2,120,formal_tps30,medium_beta_coherent,15,2,float32_all,10,10,1,1,1,0,0,0,0
1082,cp15p00_medium_beta_coherent_t0002,1082,2,120,formal_tps30,medium_beta_coherent,15,2,combined_int16,1,1,1,1,1,0,0,0,0
1082,cp15p00_medium_beta_coherent_t0002,1082,2,120,formal_tps30,medium_beta_coherent,15,2,combined_int16,3,3,1,1,1,0,0,0,0
1082,cp15p00_medium_beta_coherent_t0002,1082,2,120,formal_tps30,medium_beta_coherent,15,2,combined_int16,5,5,1,1,1,0,0,0,0
1082,cp15p00_medium_beta_coherent_t0002,1082,2,120,formal_tps30,medium_beta_coherent,15,2,combined_int16,10,10,1,1,1,0,0,0,0
1082,cp15p00_medium_beta_coherent_t0002,1082,2,120,formal_tps30,medium_beta_coherent,15,2,combined_int18,1,1,1,1,1,0,0,0,0
1082,cp15p00_medium_beta_coherent_t0002,1082,2,120,formal_tps30,medium_beta_coherent,15,2,combined_int18,3,3,1,1,1,0,0,0,0
1082,cp15p00_medium_beta_coherent_t0002,1082,2,120,formal_tps30,medium_beta_coherent,15,2,combined_int18,5,5,1,1,1,0,0,0,0
1082,cp15p00_medium_beta_coherent_t0002,1082,2,120,formal_tps30,medium_beta_coherent,15,2,combined_int18,10,10,1,1,1,0,0,0,0
1082,cp15p00_medium_beta_coherent_t0002,1082,2,120,formal_tps30,medium_beta_coherent,15,2,combined_int24,1,1,1,1,1,0,0,0,0
1082,cp15p00_medium_beta_coherent_t0002,1082,2,120,formal_tps30,medium_beta_coherent,15,2,combined_int24,3,3,1,1,1,0,0,0,0
1082,cp15p00_medium_beta_coherent_t0002,1082,2,120,formal_tps30,medium_beta_coherent,15,2,combined_int24,5,5,1,1,1,0,0,0,0
1082,cp15p00_medium_beta_coherent_t0002,1082,2,120,formal_tps30,medium_beta_coherent,15,2,combined_int24,10,10,1,1,1,0,0,0,0
1082,cp15p00_medium_beta_coherent_t0002,1082,2,120,formal_tps30,medium_beta_coherent,15,2,mixed_Z16_G24_Rz24,1,1,1,1,1,0,0,0,0
1082,cp15p00_medium_beta_coherent_t0002,1082,2,120,formal_tps30,medium_beta_coherent,15,2,mixed_Z16_G24_Rz24,3,3,1,1,1,0,0,0,0
1082,cp15p00_medium_beta_coherent_t0002,1082,2,120,formal_tps30,medium_beta_coherent,15,2,mixed_Z16_G24_Rz24,5,5,1,1,1,0,0,0,0
1082,cp15p00_medium_beta_coherent_t0002,1082,2,120,formal_tps30,medium_beta_coherent,15,2,mixed_Z16_G24_Rz24,10,10,1,1,1,0,0,0,0
1082,cp15p00_medium_beta_coherent_t0002,1082,2,120,formal_tps30,medium_beta_coherent,15,2,combined_int14,1,1,1,1,1,0,0,0,0
1082,cp15p00_medium_beta_coherent_t0002,1082,2,120,formal_tps30,medium_beta_coherent,15,2,combined_int14,3,3,1,1,1,0,0,0,0
1082,cp15p00_medium_beta_coherent_t0002,1082,2,120,formal_tps30,medium_beta_coherent,15,2,combined_int14,5,5,1,1,1,0,0,0,0
1082,cp15p00_medium_beta_coherent_t0002,1082,2,120,formal_tps30,medium_beta_coherent,15,2,combined_int14,10,10,1,1,1,0,0,0,0
1082,cp15p00_medium_beta_coherent_t0002,1082,2,120,formal_tps30,medium_beta_coherent,15,2,W_int18_G24_Z16,1,1,1,1,1,0,0,0,0
1082,cp15p00_medium_beta_coherent_t0002,1082,2,120,formal_tps30,medium_beta_coherent,15,2,W_int18_G24_Z16,3,3,1,1,1,0,0,0,0
1082,cp15p00_medium_beta_coherent_t0002,1082,2,120,formal_tps30,medium_beta_coherent,15,2,W_int18_G24_Z16,5,5,1,1,1,0,0,0,0
1082,cp15p00_medium_beta_coherent_t0002,1082,2,120,formal_tps30,medium_beta_coherent,15,2,W_int18_G24_Z16,10,10,1,1,1,0,0,0,0
3,cp00p00_easy_noncoherent_t0003,3,3,120,formal_tps30,easy_noncoherent,0,3,double_baseline,1,1,1,1,1,0,0,0,0
3,cp00p00_easy_noncoherent_t0003,3,3,120,formal_tps30,easy_noncoherent,0,3,double_baseline,3,3,1,1,1,0,0,0,0
3,cp00p00_easy_noncoherent_t0003,3,3,120,formal_tps30,easy_noncoherent,0,3,double_baseline,5,5,1,1,1,0,0,0,0
3,cp00p00_easy_noncoherent_t0003,3,3,120,formal_tps30,easy_noncoherent,0,3,double_baseline,10,10,1,1,1,0,0,0,0
3,cp00p00_easy_noncoherent_t0003,3,3,120,formal_tps30,easy_noncoherent,0,3,float32_all,1,1,1,1,1,0,0,0,0
3,cp00p00_easy_noncoherent_t0003,3,3,120,formal_tps30,easy_noncoherent,0,3,float32_all,3,3,1,1,1,0,0,0,0
3,cp00p00_easy_noncoherent_t0003,3,3,120,formal_tps30,easy_noncoherent,0,3,float32_all,5,5,1,1,1,0,0,0,0
3,cp00p00_easy_noncoherent_t0003,3,3,120,formal_tps30,easy_noncoherent,0,3,float32_all,10,10,1,1,1,0,0,0,0
3,cp00p00_easy_noncoherent_t0003,3,3,120,formal_tps30,easy_noncoherent,0,3,combined_int16,1,1,1,1,1,0,0,0,0
3,cp00p00_easy_noncoherent_t0003,3,3,120,formal_tps30,easy_noncoherent,0,3,combined_int16,3,3,1,1,1,0,0,0,0
3,cp00p00_easy_noncoherent_t0003,3,3,120,formal_tps30,easy_noncoherent,0,3,combined_int16,5,5,1,1,1,0,0,0,0
3,cp00p00_easy_noncoherent_t0003,3,3,120,formal_tps30,easy_noncoherent,0,3,combined_int16,10,10,1,1,1,0,0,0,0
3,cp00p00_easy_noncoherent_t0003,3,3,120,formal_tps30,easy_noncoherent,0,3,combined_int18,1,1,1,1,1,0,0,0,0
3,cp00p00_easy_noncoherent_t0003,3,3,120,formal_tps30,easy_noncoherent,0,3,combined_int18,3,3,1,1,1,0,0,0,0
3,cp00p00_easy_noncoherent_t0003,3,3,120,formal_tps30,easy_noncoherent,0,3,combined_int18,5,5,1,1,1,0,0,0,0
3,cp00p00_easy_noncoherent_t0003,3,3,120,formal_tps30,easy_noncoherent,0,3,combined_int18,10,10,1,1,1,0,0,0,0
3,cp00p00_easy_noncoherent_t0003,3,3,120,formal_tps30,easy_noncoherent,0,3,combined_int24,1,1,1,1,1,0,0,0,0
3,cp00p00_easy_noncoherent_t0003,3,3,120,formal_tps30,easy_noncoherent,0,3,combined_int24,3,3,1,1,1,0,0,0,0
3,cp00p00_easy_noncoherent_t0003,3,3,120,formal_tps30,easy_noncoherent,0,3,combined_int24,5,5,1,1,1,0,0,0,0
3,cp00p00_easy_noncoherent_t0003,3,3,120,formal_tps30,easy_noncoherent,0,3,combined_int24,10,10,1,1,1,0,0,0,0
3,cp00p00_easy_noncoherent_t0003,3,3,120,formal_tps30,easy_noncoherent,0,3,mixed_Z16_G24_Rz24,1,1,1,1,1,0,0,0,0
3,cp00p00_easy_noncoherent_t0003,3,3,120,formal_tps30,easy_noncoherent,0,3,mixed_Z16_G24_Rz24,3,3,1,1,1,0,0,0,0
3,cp00p00_easy_noncoherent_t0003,3,3,120,formal_tps30,easy_noncoherent,0,3,mixed_Z16_G24_Rz24,5,5,1,1,1,0,0,0,0
3,cp00p00_easy_noncoherent_t0003,3,3,120,formal_tps30,easy_noncoherent,0,3,mixed_Z16_G24_Rz24,10,10,1,1,1,0,0,0,0
3,cp00p00_easy_noncoherent_t0003,3,3,120,formal_tps30,easy_noncoherent,0,3,combined_int14,1,1,1,1,1,0,0,0,0
3,cp00p00_easy_noncoherent_t0003,3,3,120,formal_tps30,easy_noncoherent,0,3,combined_int14,3,3,1,1,1,0,0,0,0
3,cp00p00_easy_noncoherent_t0003,3,3,120,formal_tps30,easy_noncoherent,0,3,combined_int14,5,5,1,1,1,0,0,0,0
3,cp00p00_easy_noncoherent_t0003,3,3,120,formal_tps30,easy_noncoherent,0,3,combined_int14,10,10,0,1,1,0,0,0,0
3,cp00p00_easy_noncoherent_t0003,3,3,120,formal_tps30,easy_noncoherent,0,3,W_int18_G24_Z16,1,1,1,1,1,0,0,0,0
3,cp00p00_easy_noncoherent_t0003,3,3,120,formal_tps30,easy_noncoherent,0,3,W_int18_G24_Z16,3,3,1,1,1,0,0,0,0
3,cp00p00_easy_noncoherent_t0003,3,3,120,formal_tps30,easy_noncoherent,0,3,W_int18_G24_Z16,5,5,1,1,1,0,0,0,0
3,cp00p00_easy_noncoherent_t0003,3,3,120,formal_tps30,easy_noncoherent,0,3,W_int18_G24_Z16,10,10,1,1,1,0,0,0,0
123,cp00p00_low_snr_hard_t0003,123,3,120,formal_tps30,low_snr_hard,0,3,double_baseline,1,1,1,1,1,0,0,0,0
123,cp00p00_low_snr_hard_t0003,123,3,120,formal_tps30,low_snr_hard,0,3,double_baseline,3,3,1,1,1,0,0,0,0
123,cp00p00_low_snr_hard_t0003,123,3,120,formal_tps30,low_snr_hard,0,3,double_baseline,5,5,1,1,1,0,0,0,0
123,cp00p00_low_snr_hard_t0003,123,3,120,formal_tps30,low_snr_hard,0,3,double_baseline,10,10,1,1,1,0,0,0,0
123,cp00p00_low_snr_hard_t0003,123,3,120,formal_tps30,low_snr_hard,0,3,float32_all,1,1,1,1,1,0,0,0,0
123,cp00p00_low_snr_hard_t0003,123,3,120,formal_tps30,low_snr_hard,0,3,float32_all,3,3,1,1,1,0,0,0,0
123,cp00p00_low_snr_hard_t0003,123,3,120,formal_tps30,low_snr_hard,0,3,float32_all,5,5,1,1,1,0,0,0,0
123,cp00p00_low_snr_hard_t0003,123,3,120,formal_tps30,low_snr_hard,0,3,float32_all,10,10,1,1,1,0,0,0,0
123,cp00p00_low_snr_hard_t0003,123,3,120,formal_tps30,low_snr_hard,0,3,combined_int16,1,1,1,1,1,0,0,0,0
123,cp00p00_low_snr_hard_t0003,123,3,120,formal_tps30,low_snr_hard,0,3,combined_int16,3,3,1,1,1,0,0,0,0
123,cp00p00_low_snr_hard_t0003,123,3,120,formal_tps30,low_snr_hard,0,3,combined_int16,5,5,1,1,1,0,0,0,0
123,cp00p00_low_snr_hard_t0003,123,3,120,formal_tps30,low_snr_hard,0,3,combined_int16,10,10,1,1,1,0,0,0,0
123,cp00p00_low_snr_hard_t0003,123,3,120,formal_tps30,low_snr_hard,0,3,combined_int18,1,1,1,1,1,0,0,0,0
123,cp00p00_low_snr_hard_t0003,123,3,120,formal_tps30,low_snr_hard,0,3,combined_int18,3,3,1,1,1,0,0,0,0
123,cp00p00_low_snr_hard_t0003,123,3,120,formal_tps30,low_snr_hard,0,3,combined_int18,5,5,1,1,1,0,0,0,0
123,cp00p00_low_snr_hard_t0003,123,3,120,formal_tps30,low_snr_hard,0,3,combined_int18,10,10,1,1,1,0,0,0,0
123,cp00p00_low_snr_hard_t0003,123,3,120,formal_tps30,low_snr_hard,0,3,combined_int24,1,1,1,1,1,0,0,0,0
123,cp00p00_low_snr_hard_t0003,123,3,120,formal_tps30,low_snr_hard,0,3,combined_int24,3,3,1,1,1,0,0,0,0
123,cp00p00_low_snr_hard_t0003,123,3,120,formal_tps30,low_snr_hard,0,3,combined_int24,5,5,1,1,1,0,0,0,0
123,cp00p00_low_snr_hard_t0003,123,3,120,formal_tps30,low_snr_hard,0,3,combined_int24,10,10,1,1,1,0,0,0,0
123,cp00p00_low_snr_hard_t0003,123,3,120,formal_tps30,low_snr_hard,0,3,mixed_Z16_G24_Rz24,1,1,1,1,1,0,0,0,0
123,cp00p00_low_snr_hard_t0003,123,3,120,formal_tps30,low_snr_hard,0,3,mixed_Z16_G24_Rz24,3,3,1,1,1,0,0,0,0
123,cp00p00_low_snr_hard_t0003,123,3,120,formal_tps30,low_snr_hard,0,3,mixed_Z16_G24_Rz24,5,5,1,1,1,0,0,0,0
123,cp00p00_low_snr_hard_t0003,123,3,120,formal_tps30,low_snr_hard,0,3,mixed_Z16_G24_Rz24,10,10,1,1,1,0,0,0,0
123,cp00p00_low_snr_hard_t0003,123,3,120,formal_tps30,low_snr_hard,0,3,combined_int14,1,1,1,1,1,0,0,0,0
123,cp00p00_low_snr_hard_t0003,123,3,120,formal_tps30,low_snr_hard,0,3,combined_int14,3,3,0,1,1,0,0,0,0
123,cp00p00_low_snr_hard_t0003,123,3,120,formal_tps30,low_snr_hard,0,3,combined_int14,5,5,0,1,1,0,0,0,0
123,cp00p00_low_snr_hard_t0003,123,3,120,formal_tps30,low_snr_hard,0,3,combined_int14,10,10,0,1,1,0,0,0,0
123,cp00p00_low_snr_hard_t0003,123,3,120,formal_tps30,low_snr_hard,0,3,W_int18_G24_Z16,1,1,1,1,1,0,0,0,0
123,cp00p00_low_snr_hard_t0003,123,3,120,formal_tps30,low_snr_hard,0,3,W_int18_G24_Z16,3,3,1,1,1,0,0,0,0
123,cp00p00_low_snr_hard_t0003,123,3,120,formal_tps30,low_snr_hard,0,3,W_int18_G24_Z16,5,5,1,1,1,0,0,0,0
123,cp00p00_low_snr_hard_t0003,123,3,120,formal_tps30,low_snr_hard,0,3,W_int18_G24_Z16,10,10,1,1,1,0,0,0,0
243,cp00p00_cache_boundary_center_t0003,243,3,120,formal_tps30,cache_boundary_center,0,3,double_baseline,1,1,1,1,1,0,0,1,1
243,cp00p00_cache_boundary_center_t0003,243,3,120,formal_tps30,cache_boundary_center,0,3,double_baseline,3,3,1,1,1,0,0,1,1
243,cp00p00_cache_boundary_center_t0003,243,3,120,formal_tps30,cache_boundary_center,0,3,double_baseline,5,5,1,1,1,0,0,1,1
243,cp00p00_cache_boundary_center_t0003,243,3,120,formal_tps30,cache_boundary_center,0,3,double_baseline,10,10,1,1,1,0,0,1,1
243,cp00p00_cache_boundary_center_t0003,243,3,120,formal_tps30,cache_boundary_center,0,3,float32_all,1,1,1,1,1,0,0,1,1
243,cp00p00_cache_boundary_center_t0003,243,3,120,formal_tps30,cache_boundary_center,0,3,float32_all,3,3,1,1,1,0,0,1,1
243,cp00p00_cache_boundary_center_t0003,243,3,120,formal_tps30,cache_boundary_center,0,3,float32_all,5,5,1,1,1,0,0,1,1
243,cp00p00_cache_boundary_center_t0003,243,3,120,formal_tps30,cache_boundary_center,0,3,float32_all,10,10,1,1,1,0,0,1,1
243,cp00p00_cache_boundary_center_t0003,243,3,120,formal_tps30,cache_boundary_center,0,3,combined_int16,1,1,1,1,1,0,0,1,1
243,cp00p00_cache_boundary_center_t0003,243,3,120,formal_tps30,cache_boundary_center,0,3,combined_int16,3,3,1,1,1,0,0,1,1
243,cp00p00_cache_boundary_center_t0003,243,3,120,formal_tps30,cache_boundary_center,0,3,combined_int16,5,5,1,1,1,0,0,1,1
243,cp00p00_cache_boundary_center_t0003,243,3,120,formal_tps30,cache_boundary_center,0,3,combined_int16,10,10,1,1,1,0,0,1,1
243,cp00p00_cache_boundary_center_t0003,243,3,120,formal_tps30,cache_boundary_center,0,3,combined_int18,1,1,1,1,1,0,0,1,1
243,cp00p00_cache_boundary_center_t0003,243,3,120,formal_tps30,cache_boundary_center,0,3,combined_int18,3,3,1,1,1,0,0,1,1
243,cp00p00_cache_boundary_center_t0003,243,3,120,formal_tps30,cache_boundary_center,0,3,combined_int18,5,5,1,1,1,0,0,1,1
243,cp00p00_cache_boundary_center_t0003,243,3,120,formal_tps30,cache_boundary_center,0,3,combined_int18,10,10,1,1,1,0,0,1,1
243,cp00p00_cache_boundary_center_t0003,243,3,120,formal_tps30,cache_boundary_center,0,3,combined_int24,1,1,1,1,1,0,0,1,1
243,cp00p00_cache_boundary_center_t0003,243,3,120,formal_tps30,cache_boundary_center,0,3,combined_int24,3,3,1,1,1,0,0,1,1
243,cp00p00_cache_boundary_center_t0003,243,3,120,formal_tps30,cache_boundary_center,0,3,combined_int24,5,5,1,1,1,0,0,1,1
243,cp00p00_cache_boundary_center_t0003,243,3,120,formal_tps30,cache_boundary_center,0,3,combined_int24,10,10,1,1,1,0,0,1,1
243,cp00p00_cache_boundary_center_t0003,243,3,120,formal_tps30,cache_boundary_center,0,3,mixed_Z16_G24_Rz24,1,1,1,1,1,0,0,1,1
243,cp00p00_cache_boundary_center_t0003,243,3,120,formal_tps30,cache_boundary_center,0,3,mixed_Z16_G24_Rz24,3,3,1,1,1,0,0,1,1
243,cp00p00_cache_boundary_center_t0003,243,3,120,formal_tps30,cache_boundary_center,0,3,mixed_Z16_G24_Rz24,5,5,1,1,1,0,0,1,1
243,cp00p00_cache_boundary_center_t0003,243,3,120,formal_tps30,cache_boundary_center,0,3,mixed_Z16_G24_Rz24,10,10,1,1,1,0,0,1,1
243,cp00p00_cache_boundary_center_t0003,243,3,120,formal_tps30,cache_boundary_center,0,3,combined_int14,1,1,1,1,1,0,0,1,1
243,cp00p00_cache_boundary_center_t0003,243,3,120,formal_tps30,cache_boundary_center,0,3,combined_int14,3,3,1,1,1,0,0,1,1
243,cp00p00_cache_boundary_center_t0003,243,3,120,formal_tps30,cache_boundary_center,0,3,combined_int14,5,5,1,1,1,0,0,1,1
243,cp00p00_cache_boundary_center_t0003,243,3,120,formal_tps30,cache_boundary_center,0,3,combined_int14,10,10,1,1,1,0,0,1,1
243,cp00p00_cache_boundary_center_t0003,243,3,120,formal_tps30,cache_boundary_center,0,3,W_int18_G24_Z16,1,1,1,1,1,0,0,1,1
243,cp00p00_cache_boundary_center_t0003,243,3,120,formal_tps30,cache_boundary_center,0,3,W_int18_G24_Z16,3,3,1,1,1,0,0,1,1
243,cp00p00_cache_boundary_center_t0003,243,3,120,formal_tps30,cache_boundary_center,0,3,W_int18_G24_Z16,5,5,1,1,1,0,0,1,1
243,cp00p00_cache_boundary_center_t0003,243,3,120,formal_tps30,cache_boundary_center,0,3,W_int18_G24_Z16,10,10,1,1,1,0,0,1,1
363,cp04p00_hard_phase_t0003,363,3,120,formal_tps30,hard_phase,3.75,3,double_baseline,1,1,1,1,1,0,0,1,1
363,cp04p00_hard_phase_t0003,363,3,120,formal_tps30,hard_phase,3.75,3,double_baseline,3,3,1,1,1,0,0,1,1
363,cp04p00_hard_phase_t0003,363,3,120,formal_tps30,hard_phase,3.75,3,double_baseline,5,5,1,1,1,0,0,1,1
363,cp04p00_hard_phase_t0003,363,3,120,formal_tps30,hard_phase,3.75,3,double_baseline,10,10,1,1,1,0,0,1,1
363,cp04p00_hard_phase_t0003,363,3,120,formal_tps30,hard_phase,3.75,3,float32_all,1,1,1,1,1,0,0,1,1
363,cp04p00_hard_phase_t0003,363,3,120,formal_tps30,hard_phase,3.75,3,float32_all,3,3,1,1,1,0,0,1,1
363,cp04p00_hard_phase_t0003,363,3,120,formal_tps30,hard_phase,3.75,3,float32_all,5,5,1,1,1,0,0,1,1
363,cp04p00_hard_phase_t0003,363,3,120,formal_tps30,hard_phase,3.75,3,float32_all,10,10,1,1,1,0,0,1,1
363,cp04p00_hard_phase_t0003,363,3,120,formal_tps30,hard_phase,3.75,3,combined_int16,1,1,1,1,1,0,0,1,1
363,cp04p00_hard_phase_t0003,363,3,120,formal_tps30,hard_phase,3.75,3,combined_int16,3,3,1,1,1,0,0,1,1
363,cp04p00_hard_phase_t0003,363,3,120,formal_tps30,hard_phase,3.75,3,combined_int16,5,5,1,1,1,0,0,1,1
363,cp04p00_hard_phase_t0003,363,3,120,formal_tps30,hard_phase,3.75,3,combined_int16,10,10,1,1,1,0,0,1,1
363,cp04p00_hard_phase_t0003,363,3,120,formal_tps30,hard_phase,3.75,3,combined_int18,1,1,1,1,1,0,0,1,1
363,cp04p00_hard_phase_t0003,363,3,120,formal_tps30,hard_phase,3.75,3,combined_int18,3,3,1,1,1,0,0,1,1
363,cp04p00_hard_phase_t0003,363,3,120,formal_tps30,hard_phase,3.75,3,combined_int18,5,5,1,1,1,0,0,1,1
363,cp04p00_hard_phase_t0003,363,3,120,formal_tps30,hard_phase,3.75,3,combined_int18,10,10,1,1,1,0,0,1,1
363,cp04p00_hard_phase_t0003,363,3,120,formal_tps30,hard_phase,3.75,3,combined_int24,1,1,1,1,1,0,0,1,1
363,cp04p00_hard_phase_t0003,363,3,120,formal_tps30,hard_phase,3.75,3,combined_int24,3,3,1,1,1,0,0,1,1
363,cp04p00_hard_phase_t0003,363,3,120,formal_tps30,hard_phase,3.75,3,combined_int24,5,5,1,1,1,0,0,1,1
363,cp04p00_hard_phase_t0003,363,3,120,formal_tps30,hard_phase,3.75,3,combined_int24,10,10,1,1,1,0,0,1,1
363,cp04p00_hard_phase_t0003,363,3,120,formal_tps30,hard_phase,3.75,3,mixed_Z16_G24_Rz24,1,1,1,1,1,0,0,1,1
363,cp04p00_hard_phase_t0003,363,3,120,formal_tps30,hard_phase,3.75,3,mixed_Z16_G24_Rz24,3,3,1,1,1,0,0,1,1
363,cp04p00_hard_phase_t0003,363,3,120,formal_tps30,hard_phase,3.75,3,mixed_Z16_G24_Rz24,5,5,1,1,1,0,0,1,1
363,cp04p00_hard_phase_t0003,363,3,120,formal_tps30,hard_phase,3.75,3,mixed_Z16_G24_Rz24,10,10,1,1,1,0,0,1,1
363,cp04p00_hard_phase_t0003,363,3,120,formal_tps30,hard_phase,3.75,3,combined_int14,1,1,1,1,1,0,0,1,1
363,cp04p00_hard_phase_t0003,363,3,120,formal_tps30,hard_phase,3.75,3,combined_int14,3,3,1,1,1,0,0,1,1
363,cp04p00_hard_phase_t0003,363,3,120,formal_tps30,hard_phase,3.75,3,combined_int14,5,5,1,1,1,0,0,1,1
363,cp04p00_hard_phase_t0003,363,3,120,formal_tps30,hard_phase,3.75,3,combined_int14,10,10,1,1,1,0,0,1,1
363,cp04p00_hard_phase_t0003,363,3,120,formal_tps30,hard_phase,3.75,3,W_int18_G24_Z16,1,1,1,1,1,0,0,1,1
363,cp04p00_hard_phase_t0003,363,3,120,formal_tps30,hard_phase,3.75,3,W_int18_G24_Z16,3,3,1,1,1,0,0,1,1
363,cp04p00_hard_phase_t0003,363,3,120,formal_tps30,hard_phase,3.75,3,W_int18_G24_Z16,5,5,1,1,1,0,0,1,1
363,cp04p00_hard_phase_t0003,363,3,120,formal_tps30,hard_phase,3.75,3,W_int18_G24_Z16,10,10,1,1,1,0,0,1,1
483,cp04p00_medium_beta_coherent_t0003,483,3,120,formal_tps30,medium_beta_coherent,3.75,3,double_baseline,1,1,1,1,1,0,0,1,1
483,cp04p00_medium_beta_coherent_t0003,483,3,120,formal_tps30,medium_beta_coherent,3.75,3,double_baseline,3,3,1,1,1,0,0,1,1
483,cp04p00_medium_beta_coherent_t0003,483,3,120,formal_tps30,medium_beta_coherent,3.75,3,double_baseline,5,5,1,1,1,0,0,1,1
483,cp04p00_medium_beta_coherent_t0003,483,3,120,formal_tps30,medium_beta_coherent,3.75,3,double_baseline,10,10,1,1,1,0,0,1,1
483,cp04p00_medium_beta_coherent_t0003,483,3,120,formal_tps30,medium_beta_coherent,3.75,3,float32_all,1,1,1,1,1,0,0,1,1
483,cp04p00_medium_beta_coherent_t0003,483,3,120,formal_tps30,medium_beta_coherent,3.75,3,float32_all,3,3,1,1,1,0,0,1,1
483,cp04p00_medium_beta_coherent_t0003,483,3,120,formal_tps30,medium_beta_coherent,3.75,3,float32_all,5,5,1,1,1,0,0,1,1
483,cp04p00_medium_beta_coherent_t0003,483,3,120,formal_tps30,medium_beta_coherent,3.75,3,float32_all,10,10,1,1,1,0,0,1,1
483,cp04p00_medium_beta_coherent_t0003,483,3,120,formal_tps30,medium_beta_coherent,3.75,3,combined_int16,1,1,1,1,1,0,0,1,1
483,cp04p00_medium_beta_coherent_t0003,483,3,120,formal_tps30,medium_beta_coherent,3.75,3,combined_int16,3,3,1,1,1,0,0,1,1
483,cp04p00_medium_beta_coherent_t0003,483,3,120,formal_tps30,medium_beta_coherent,3.75,3,combined_int16,5,5,1,1,1,0,0,1,1
483,cp04p00_medium_beta_coherent_t0003,483,3,120,formal_tps30,medium_beta_coherent,3.75,3,combined_int16,10,10,1,1,1,0,0,1,1
483,cp04p00_medium_beta_coherent_t0003,483,3,120,formal_tps30,medium_beta_coherent,3.75,3,combined_int18,1,1,1,1,1,0,0,1,1
483,cp04p00_medium_beta_coherent_t0003,483,3,120,formal_tps30,medium_beta_coherent,3.75,3,combined_int18,3,3,1,1,1,0,0,1,1
483,cp04p00_medium_beta_coherent_t0003,483,3,120,formal_tps30,medium_beta_coherent,3.75,3,combined_int18,5,5,1,1,1,0,0,1,1
483,cp04p00_medium_beta_coherent_t0003,483,3,120,formal_tps30,medium_beta_coherent,3.75,3,combined_int18,10,10,1,1,1,0,0,1,1
483,cp04p00_medium_beta_coherent_t0003,483,3,120,formal_tps30,medium_beta_coherent,3.75,3,combined_int24,1,1,1,1,1,0,0,1,1
483,cp04p00_medium_beta_coherent_t0003,483,3,120,formal_tps30,medium_beta_coherent,3.75,3,combined_int24,3,3,1,1,1,0,0,1,1
483,cp04p00_medium_beta_coherent_t0003,483,3,120,formal_tps30,medium_beta_coherent,3.75,3,combined_int24,5,5,1,1,1,0,0,1,1
483,cp04p00_medium_beta_coherent_t0003,483,3,120,formal_tps30,medium_beta_coherent,3.75,3,combined_int24,10,10,1,1,1,0,0,1,1
483,cp04p00_medium_beta_coherent_t0003,483,3,120,formal_tps30,medium_beta_coherent,3.75,3,mixed_Z16_G24_Rz24,1,1,1,1,1,0,0,1,1
483,cp04p00_medium_beta_coherent_t0003,483,3,120,formal_tps30,medium_beta_coherent,3.75,3,mixed_Z16_G24_Rz24,3,3,1,1,1,0,0,1,1
483,cp04p00_medium_beta_coherent_t0003,483,3,120,formal_tps30,medium_beta_coherent,3.75,3,mixed_Z16_G24_Rz24,5,5,1,1,1,0,0,1,1
483,cp04p00_medium_beta_coherent_t0003,483,3,120,formal_tps30,medium_beta_coherent,3.75,3,mixed_Z16_G24_Rz24,10,10,1,1,1,0,0,1,1
483,cp04p00_medium_beta_coherent_t0003,483,3,120,formal_tps30,medium_beta_coherent,3.75,3,combined_int14,1,1,1,1,1,0,0,1,1
483,cp04p00_medium_beta_coherent_t0003,483,3,120,formal_tps30,medium_beta_coherent,3.75,3,combined_int14,3,3,0,0,0.5,1,0.333333333333333,1,0
483,cp04p00_medium_beta_coherent_t0003,483,3,120,formal_tps30,medium_beta_coherent,3.75,3,combined_int14,5,5,0,1,1,0,0,1,1
483,cp04p00_medium_beta_coherent_t0003,483,3,120,formal_tps30,medium_beta_coherent,3.75,3,combined_int14,10,10,0,1,1,0,0,1,1
483,cp04p00_medium_beta_coherent_t0003,483,3,120,formal_tps30,medium_beta_coherent,3.75,3,W_int18_G24_Z16,1,1,1,1,1,0,0,1,1
483,cp04p00_medium_beta_coherent_t0003,483,3,120,formal_tps30,medium_beta_coherent,3.75,3,W_int18_G24_Z16,3,3,1,1,1,0,0,1,1
483,cp04p00_medium_beta_coherent_t0003,483,3,120,formal_tps30,medium_beta_coherent,3.75,3,W_int18_G24_Z16,5,5,1,1,1,0,0,1,1
483,cp04p00_medium_beta_coherent_t0003,483,3,120,formal_tps30,medium_beta_coherent,3.75,3,W_int18_G24_Z16,10,10,1,1,1,0,0,1,1
603,cp08p00_easy_noncoherent_t0003,603,3,120,formal_tps30,easy_noncoherent,7.5,3,double_baseline,1,1,1,1,1,0,0,0,0
603,cp08p00_easy_noncoherent_t0003,603,3,120,formal_tps30,easy_noncoherent,7.5,3,double_baseline,3,3,1,1,1,0,0,0,0
603,cp08p00_easy_noncoherent_t0003,603,3,120,formal_tps30,easy_noncoherent,7.5,3,double_baseline,5,5,1,1,1,0,0,0,0
603,cp08p00_easy_noncoherent_t0003,603,3,120,formal_tps30,easy_noncoherent,7.5,3,double_baseline,10,10,1,1,1,0,0,0,0
603,cp08p00_easy_noncoherent_t0003,603,3,120,formal_tps30,easy_noncoherent,7.5,3,float32_all,1,1,1,1,1,0,0,0,0
603,cp08p00_easy_noncoherent_t0003,603,3,120,formal_tps30,easy_noncoherent,7.5,3,float32_all,3,3,1,1,1,0,0,0,0
603,cp08p00_easy_noncoherent_t0003,603,3,120,formal_tps30,easy_noncoherent,7.5,3,float32_all,5,5,1,1,1,0,0,0,0
603,cp08p00_easy_noncoherent_t0003,603,3,120,formal_tps30,easy_noncoherent,7.5,3,float32_all,10,10,1,1,1,0,0,0,0
603,cp08p00_easy_noncoherent_t0003,603,3,120,formal_tps30,easy_noncoherent,7.5,3,combined_int16,1,1,1,1,1,0,0,0,0
603,cp08p00_easy_noncoherent_t0003,603,3,120,formal_tps30,easy_noncoherent,7.5,3,combined_int16,3,3,1,1,1,0,0,0,0
603,cp08p00_easy_noncoherent_t0003,603,3,120,formal_tps30,easy_noncoherent,7.5,3,combined_int16,5,5,1,1,1,0,0,0,0
603,cp08p00_easy_noncoherent_t0003,603,3,120,formal_tps30,easy_noncoherent,7.5,3,combined_int16,10,10,1,1,1,0,0,0,0
603,cp08p00_easy_noncoherent_t0003,603,3,120,formal_tps30,easy_noncoherent,7.5,3,combined_int18,1,1,1,1,1,0,0,0,0
603,cp08p00_easy_noncoherent_t0003,603,3,120,formal_tps30,easy_noncoherent,7.5,3,combined_int18,3,3,1,1,1,0,0,0,0
603,cp08p00_easy_noncoherent_t0003,603,3,120,formal_tps30,easy_noncoherent,7.5,3,combined_int18,5,5,1,1,1,0,0,0,0
603,cp08p00_easy_noncoherent_t0003,603,3,120,formal_tps30,easy_noncoherent,7.5,3,combined_int18,10,10,1,1,1,0,0,0,0
603,cp08p00_easy_noncoherent_t0003,603,3,120,formal_tps30,easy_noncoherent,7.5,3,combined_int24,1,1,1,1,1,0,0,0,0
603,cp08p00_easy_noncoherent_t0003,603,3,120,formal_tps30,easy_noncoherent,7.5,3,combined_int24,3,3,1,1,1,0,0,0,0
603,cp08p00_easy_noncoherent_t0003,603,3,120,formal_tps30,easy_noncoherent,7.5,3,combined_int24,5,5,1,1,1,0,0,0,0
603,cp08p00_easy_noncoherent_t0003,603,3,120,formal_tps30,easy_noncoherent,7.5,3,combined_int24,10,10,1,1,1,0,0,0,0
603,cp08p00_easy_noncoherent_t0003,603,3,120,formal_tps30,easy_noncoherent,7.5,3,mixed_Z16_G24_Rz24,1,1,1,1,1,0,0,0,0
603,cp08p00_easy_noncoherent_t0003,603,3,120,formal_tps30,easy_noncoherent,7.5,3,mixed_Z16_G24_Rz24,3,3,1,1,1,0,0,0,0
603,cp08p00_easy_noncoherent_t0003,603,3,120,formal_tps30,easy_noncoherent,7.5,3,mixed_Z16_G24_Rz24,5,5,1,1,1,0,0,0,0
603,cp08p00_easy_noncoherent_t0003,603,3,120,formal_tps30,easy_noncoherent,7.5,3,mixed_Z16_G24_Rz24,10,10,1,1,1,0,0,0,0
603,cp08p00_easy_noncoherent_t0003,603,3,120,formal_tps30,easy_noncoherent,7.5,3,combined_int14,1,1,1,1,1,0,0,0,0
603,cp08p00_easy_noncoherent_t0003,603,3,120,formal_tps30,easy_noncoherent,7.5,3,combined_int14,3,3,1,1,1,0,0,0,0
603,cp08p00_easy_noncoherent_t0003,603,3,120,formal_tps30,easy_noncoherent,7.5,3,combined_int14,5,5,1,1,1,0,0,0,0
603,cp08p00_easy_noncoherent_t0003,603,3,120,formal_tps30,easy_noncoherent,7.5,3,combined_int14,10,10,1,1,1,0,0,0,0
603,cp08p00_easy_noncoherent_t0003,603,3,120,formal_tps30,easy_noncoherent,7.5,3,W_int18_G24_Z16,1,1,1,1,1,0,0,0,0
603,cp08p00_easy_noncoherent_t0003,603,3,120,formal_tps30,easy_noncoherent,7.5,3,W_int18_G24_Z16,3,3,1,1,1,0,0,0,0
603,cp08p00_easy_noncoherent_t0003,603,3,120,formal_tps30,easy_noncoherent,7.5,3,W_int18_G24_Z16,5,5,1,1,1,0,0,0,0
603,cp08p00_easy_noncoherent_t0003,603,3,120,formal_tps30,easy_noncoherent,7.5,3,W_int18_G24_Z16,10,10,1,1,1,0,0,0,0
723,cp08p00_low_snr_hard_t0003,723,3,120,formal_tps30,low_snr_hard,7.5,3,double_baseline,1,1,1,1,1,0,0,0,0
723,cp08p00_low_snr_hard_t0003,723,3,120,formal_tps30,low_snr_hard,7.5,3,double_baseline,3,3,1,1,1,0,0,0,0
723,cp08p00_low_snr_hard_t0003,723,3,120,formal_tps30,low_snr_hard,7.5,3,double_baseline,5,5,1,1,1,0,0,0,0
723,cp08p00_low_snr_hard_t0003,723,3,120,formal_tps30,low_snr_hard,7.5,3,double_baseline,10,10,1,1,1,0,0,0,0
723,cp08p00_low_snr_hard_t0003,723,3,120,formal_tps30,low_snr_hard,7.5,3,float32_all,1,1,1,1,1,0,0,0,0
723,cp08p00_low_snr_hard_t0003,723,3,120,formal_tps30,low_snr_hard,7.5,3,float32_all,3,3,1,1,1,0,0,0,0
723,cp08p00_low_snr_hard_t0003,723,3,120,formal_tps30,low_snr_hard,7.5,3,float32_all,5,5,1,1,1,0,0,0,0
723,cp08p00_low_snr_hard_t0003,723,3,120,formal_tps30,low_snr_hard,7.5,3,float32_all,10,10,1,1,1,0,0,0,0
723,cp08p00_low_snr_hard_t0003,723,3,120,formal_tps30,low_snr_hard,7.5,3,combined_int16,1,1,1,1,1,0,0,0,0
723,cp08p00_low_snr_hard_t0003,723,3,120,formal_tps30,low_snr_hard,7.5,3,combined_int16,3,3,0,1,1,0,0,0,0
723,cp08p00_low_snr_hard_t0003,723,3,120,formal_tps30,low_snr_hard,7.5,3,combined_int16,5,5,0,1,1,0,0,0,0
723,cp08p00_low_snr_hard_t0003,723,3,120,formal_tps30,low_snr_hard,7.5,3,combined_int16,10,10,0,1,1,0,0,0,0
723,cp08p00_low_snr_hard_t0003,723,3,120,formal_tps30,low_snr_hard,7.5,3,combined_int18,1,1,1,1,1,0,0,0,0
723,cp08p00_low_snr_hard_t0003,723,3,120,formal_tps30,low_snr_hard,7.5,3,combined_int18,3,3,1,1,1,0,0,0,0
723,cp08p00_low_snr_hard_t0003,723,3,120,formal_tps30,low_snr_hard,7.5,3,combined_int18,5,5,1,1,1,0,0,0,0
723,cp08p00_low_snr_hard_t0003,723,3,120,formal_tps30,low_snr_hard,7.5,3,combined_int18,10,10,1,1,1,0,0,0,0
723,cp08p00_low_snr_hard_t0003,723,3,120,formal_tps30,low_snr_hard,7.5,3,combined_int24,1,1,1,1,1,0,0,0,0
723,cp08p00_low_snr_hard_t0003,723,3,120,formal_tps30,low_snr_hard,7.5,3,combined_int24,3,3,1,1,1,0,0,0,0
723,cp08p00_low_snr_hard_t0003,723,3,120,formal_tps30,low_snr_hard,7.5,3,combined_int24,5,5,1,1,1,0,0,0,0
723,cp08p00_low_snr_hard_t0003,723,3,120,formal_tps30,low_snr_hard,7.5,3,combined_int24,10,10,1,1,1,0,0,0,0
723,cp08p00_low_snr_hard_t0003,723,3,120,formal_tps30,low_snr_hard,7.5,3,mixed_Z16_G24_Rz24,1,1,1,1,1,0,0,0,0
723,cp08p00_low_snr_hard_t0003,723,3,120,formal_tps30,low_snr_hard,7.5,3,mixed_Z16_G24_Rz24,3,3,1,1,1,0,0,0,0
723,cp08p00_low_snr_hard_t0003,723,3,120,formal_tps30,low_snr_hard,7.5,3,mixed_Z16_G24_Rz24,5,5,1,1,1,0,0,0,0
723,cp08p00_low_snr_hard_t0003,723,3,120,formal_tps30,low_snr_hard,7.5,3,mixed_Z16_G24_Rz24,10,10,1,1,1,0,0,0,0
723,cp08p00_low_snr_hard_t0003,723,3,120,formal_tps30,low_snr_hard,7.5,3,combined_int14,1,1,1,1,1,0,0,0,0
723,cp08p00_low_snr_hard_t0003,723,3,120,formal_tps30,low_snr_hard,7.5,3,combined_int14,3,3,0,1,1,0,0,0,0
723,cp08p00_low_snr_hard_t0003,723,3,120,formal_tps30,low_snr_hard,7.5,3,combined_int14,5,5,0,1,1,0,0,0,0
723,cp08p00_low_snr_hard_t0003,723,3,120,formal_tps30,low_snr_hard,7.5,3,combined_int14,10,10,0,1,1,0,0,0,0
723,cp08p00_low_snr_hard_t0003,723,3,120,formal_tps30,low_snr_hard,7.5,3,W_int18_G24_Z16,1,1,1,1,1,0,0,0,0
723,cp08p00_low_snr_hard_t0003,723,3,120,formal_tps30,low_snr_hard,7.5,3,W_int18_G24_Z16,3,3,1,1,1,0,0,0,0
723,cp08p00_low_snr_hard_t0003,723,3,120,formal_tps30,low_snr_hard,7.5,3,W_int18_G24_Z16,5,5,1,1,1,0,0,0,0
723,cp08p00_low_snr_hard_t0003,723,3,120,formal_tps30,low_snr_hard,7.5,3,W_int18_G24_Z16,10,10,1,1,1,0,0,0,0
843,cp08p00_cache_boundary_center_t0003,843,3,120,formal_tps30,cache_boundary_center,7.5,3,double_baseline,1,1,1,1,1,0,0,1,1
843,cp08p00_cache_boundary_center_t0003,843,3,120,formal_tps30,cache_boundary_center,7.5,3,double_baseline,3,3,1,1,1,0,0,1,1
843,cp08p00_cache_boundary_center_t0003,843,3,120,formal_tps30,cache_boundary_center,7.5,3,double_baseline,5,5,1,1,1,0,0,1,1
843,cp08p00_cache_boundary_center_t0003,843,3,120,formal_tps30,cache_boundary_center,7.5,3,double_baseline,10,10,1,1,1,0,0,1,1
843,cp08p00_cache_boundary_center_t0003,843,3,120,formal_tps30,cache_boundary_center,7.5,3,float32_all,1,1,1,1,1,0,0,1,1
843,cp08p00_cache_boundary_center_t0003,843,3,120,formal_tps30,cache_boundary_center,7.5,3,float32_all,3,3,1,1,1,0,0,1,1
843,cp08p00_cache_boundary_center_t0003,843,3,120,formal_tps30,cache_boundary_center,7.5,3,float32_all,5,5,1,1,1,0,0,1,1
843,cp08p00_cache_boundary_center_t0003,843,3,120,formal_tps30,cache_boundary_center,7.5,3,float32_all,10,10,1,1,1,0,0,1,1
843,cp08p00_cache_boundary_center_t0003,843,3,120,formal_tps30,cache_boundary_center,7.5,3,combined_int16,1,1,1,1,1,0,0,1,1
843,cp08p00_cache_boundary_center_t0003,843,3,120,formal_tps30,cache_boundary_center,7.5,3,combined_int16,3,3,1,1,1,0,0,1,1
843,cp08p00_cache_boundary_center_t0003,843,3,120,formal_tps30,cache_boundary_center,7.5,3,combined_int16,5,5,1,1,1,0,0,1,1
843,cp08p00_cache_boundary_center_t0003,843,3,120,formal_tps30,cache_boundary_center,7.5,3,combined_int16,10,10,1,1,1,0,0,1,1
843,cp08p00_cache_boundary_center_t0003,843,3,120,formal_tps30,cache_boundary_center,7.5,3,combined_int18,1,1,1,1,1,0,0,1,1
843,cp08p00_cache_boundary_center_t0003,843,3,120,formal_tps30,cache_boundary_center,7.5,3,combined_int18,3,3,1,1,1,0,0,1,1
843,cp08p00_cache_boundary_center_t0003,843,3,120,formal_tps30,cache_boundary_center,7.5,3,combined_int18,5,5,1,1,1,0,0,1,1
843,cp08p00_cache_boundary_center_t0003,843,3,120,formal_tps30,cache_boundary_center,7.5,3,combined_int18,10,10,1,1,1,0,0,1,1
843,cp08p00_cache_boundary_center_t0003,843,3,120,formal_tps30,cache_boundary_center,7.5,3,combined_int24,1,1,1,1,1,0,0,1,1
843,cp08p00_cache_boundary_center_t0003,843,3,120,formal_tps30,cache_boundary_center,7.5,3,combined_int24,3,3,1,1,1,0,0,1,1
843,cp08p00_cache_boundary_center_t0003,843,3,120,formal_tps30,cache_boundary_center,7.5,3,combined_int24,5,5,1,1,1,0,0,1,1
843,cp08p00_cache_boundary_center_t0003,843,3,120,formal_tps30,cache_boundary_center,7.5,3,combined_int24,10,10,1,1,1,0,0,1,1
843,cp08p00_cache_boundary_center_t0003,843,3,120,formal_tps30,cache_boundary_center,7.5,3,mixed_Z16_G24_Rz24,1,1,1,1,1,0,0,1,1
843,cp08p00_cache_boundary_center_t0003,843,3,120,formal_tps30,cache_boundary_center,7.5,3,mixed_Z16_G24_Rz24,3,3,1,1,1,0,0,1,1
843,cp08p00_cache_boundary_center_t0003,843,3,120,formal_tps30,cache_boundary_center,7.5,3,mixed_Z16_G24_Rz24,5,5,1,1,1,0,0,1,1
843,cp08p00_cache_boundary_center_t0003,843,3,120,formal_tps30,cache_boundary_center,7.5,3,mixed_Z16_G24_Rz24,10,10,1,1,1,0,0,1,1
843,cp08p00_cache_boundary_center_t0003,843,3,120,formal_tps30,cache_boundary_center,7.5,3,combined_int14,1,1,1,1,1,0,0,1,1
843,cp08p00_cache_boundary_center_t0003,843,3,120,formal_tps30,cache_boundary_center,7.5,3,combined_int14,3,3,1,1,1,0,0,1,1
843,cp08p00_cache_boundary_center_t0003,843,3,120,formal_tps30,cache_boundary_center,7.5,3,combined_int14,5,5,1,1,1,0,0,1,1
843,cp08p00_cache_boundary_center_t0003,843,3,120,formal_tps30,cache_boundary_center,7.5,3,combined_int14,10,10,1,1,1,0,0,1,1
843,cp08p00_cache_boundary_center_t0003,843,3,120,formal_tps30,cache_boundary_center,7.5,3,W_int18_G24_Z16,1,1,1,1,1,0,0,1,1
843,cp08p00_cache_boundary_center_t0003,843,3,120,formal_tps30,cache_boundary_center,7.5,3,W_int18_G24_Z16,3,3,1,1,1,0,0,1,1
843,cp08p00_cache_boundary_center_t0003,843,3,120,formal_tps30,cache_boundary_center,7.5,3,W_int18_G24_Z16,5,5,1,1,1,0,0,1,1
843,cp08p00_cache_boundary_center_t0003,843,3,120,formal_tps30,cache_boundary_center,7.5,3,W_int18_G24_Z16,10,10,1,1,1,0,0,1,1
963,cp15p00_hard_phase_t0003,963,3,120,formal_tps30,hard_phase,15,3,double_baseline,1,1,1,1,1,0,0,1,1
963,cp15p00_hard_phase_t0003,963,3,120,formal_tps30,hard_phase,15,3,double_baseline,3,3,1,1,1,0,0,1,1
963,cp15p00_hard_phase_t0003,963,3,120,formal_tps30,hard_phase,15,3,double_baseline,5,5,1,1,1,0,0,1,1
963,cp15p00_hard_phase_t0003,963,3,120,formal_tps30,hard_phase,15,3,double_baseline,10,10,1,1,1,0,0,1,1
963,cp15p00_hard_phase_t0003,963,3,120,formal_tps30,hard_phase,15,3,float32_all,1,1,1,1,1,0,0,1,1
963,cp15p00_hard_phase_t0003,963,3,120,formal_tps30,hard_phase,15,3,float32_all,3,3,1,1,1,0,0,1,1
963,cp15p00_hard_phase_t0003,963,3,120,formal_tps30,hard_phase,15,3,float32_all,5,5,1,1,1,0,0,1,1
963,cp15p00_hard_phase_t0003,963,3,120,formal_tps30,hard_phase,15,3,float32_all,10,10,1,1,1,0,0,1,1
963,cp15p00_hard_phase_t0003,963,3,120,formal_tps30,hard_phase,15,3,combined_int16,1,1,1,1,1,0,0,1,1
963,cp15p00_hard_phase_t0003,963,3,120,formal_tps30,hard_phase,15,3,combined_int16,3,3,1,1,1,0,0,1,1
963,cp15p00_hard_phase_t0003,963,3,120,formal_tps30,hard_phase,15,3,combined_int16,5,5,1,1,1,0,0,1,1
963,cp15p00_hard_phase_t0003,963,3,120,formal_tps30,hard_phase,15,3,combined_int16,10,10,1,1,1,0,0,1,1
963,cp15p00_hard_phase_t0003,963,3,120,formal_tps30,hard_phase,15,3,combined_int18,1,1,1,1,1,0,0,1,1
963,cp15p00_hard_phase_t0003,963,3,120,formal_tps30,hard_phase,15,3,combined_int18,3,3,1,1,1,0,0,1,1
963,cp15p00_hard_phase_t0003,963,3,120,formal_tps30,hard_phase,15,3,combined_int18,5,5,1,1,1,0,0,1,1
963,cp15p00_hard_phase_t0003,963,3,120,formal_tps30,hard_phase,15,3,combined_int18,10,10,1,1,1,0,0,1,1
963,cp15p00_hard_phase_t0003,963,3,120,formal_tps30,hard_phase,15,3,combined_int24,1,1,1,1,1,0,0,1,1
963,cp15p00_hard_phase_t0003,963,3,120,formal_tps30,hard_phase,15,3,combined_int24,3,3,1,1,1,0,0,1,1
963,cp15p00_hard_phase_t0003,963,3,120,formal_tps30,hard_phase,15,3,combined_int24,5,5,1,1,1,0,0,1,1
963,cp15p00_hard_phase_t0003,963,3,120,formal_tps30,hard_phase,15,3,combined_int24,10,10,1,1,1,0,0,1,1
963,cp15p00_hard_phase_t0003,963,3,120,formal_tps30,hard_phase,15,3,mixed_Z16_G24_Rz24,1,1,1,1,1,0,0,1,1
963,cp15p00_hard_phase_t0003,963,3,120,formal_tps30,hard_phase,15,3,mixed_Z16_G24_Rz24,3,3,1,1,1,0,0,1,1
963,cp15p00_hard_phase_t0003,963,3,120,formal_tps30,hard_phase,15,3,mixed_Z16_G24_Rz24,5,5,1,1,1,0,0,1,1
963,cp15p00_hard_phase_t0003,963,3,120,formal_tps30,hard_phase,15,3,mixed_Z16_G24_Rz24,10,10,1,1,1,0,0,1,1
963,cp15p00_hard_phase_t0003,963,3,120,formal_tps30,hard_phase,15,3,combined_int14,1,1,1,1,1,0,0,1,1
963,cp15p00_hard_phase_t0003,963,3,120,formal_tps30,hard_phase,15,3,combined_int14,3,3,1,1,1,0,0,1,1
963,cp15p00_hard_phase_t0003,963,3,120,formal_tps30,hard_phase,15,3,combined_int14,5,5,1,1,1,0,0,1,1
963,cp15p00_hard_phase_t0003,963,3,120,formal_tps30,hard_phase,15,3,combined_int14,10,10,1,1,1,0,0,1,1
963,cp15p00_hard_phase_t0003,963,3,120,formal_tps30,hard_phase,15,3,W_int18_G24_Z16,1,1,1,1,1,0,0,1,1
963,cp15p00_hard_phase_t0003,963,3,120,formal_tps30,hard_phase,15,3,W_int18_G24_Z16,3,3,1,1,1,0,0,1,1
963,cp15p00_hard_phase_t0003,963,3,120,formal_tps30,hard_phase,15,3,W_int18_G24_Z16,5,5,1,1,1,0,0,1,1
963,cp15p00_hard_phase_t0003,963,3,120,formal_tps30,hard_phase,15,3,W_int18_G24_Z16,10,10,1,1,1,0,0,1,1
1083,cp15p00_medium_beta_coherent_t0003,1083,3,120,formal_tps30,medium_beta_coherent,15,3,double_baseline,1,1,1,1,1,0,0,1,1
1083,cp15p00_medium_beta_coherent_t0003,1083,3,120,formal_tps30,medium_beta_coherent,15,3,double_baseline,3,3,1,1,1,0,0,1,1
1083,cp15p00_medium_beta_coherent_t0003,1083,3,120,formal_tps30,medium_beta_coherent,15,3,double_baseline,5,5,1,1,1,0,0,1,1
1083,cp15p00_medium_beta_coherent_t0003,1083,3,120,formal_tps30,medium_beta_coherent,15,3,double_baseline,10,10,1,1,1,0,0,1,1
1083,cp15p00_medium_beta_coherent_t0003,1083,3,120,formal_tps30,medium_beta_coherent,15,3,float32_all,1,1,1,1,1,0,0,1,1
1083,cp15p00_medium_beta_coherent_t0003,1083,3,120,formal_tps30,medium_beta_coherent,15,3,float32_all,3,3,1,1,1,0,0,1,1
1083,cp15p00_medium_beta_coherent_t0003,1083,3,120,formal_tps30,medium_beta_coherent,15,3,float32_all,5,5,1,1,1,0,0,1,1
1083,cp15p00_medium_beta_coherent_t0003,1083,3,120,formal_tps30,medium_beta_coherent,15,3,float32_all,10,10,1,1,1,0,0,1,1
1083,cp15p00_medium_beta_coherent_t0003,1083,3,120,formal_tps30,medium_beta_coherent,15,3,combined_int16,1,1,1,1,1,0,0,1,1
1083,cp15p00_medium_beta_coherent_t0003,1083,3,120,formal_tps30,medium_beta_coherent,15,3,combined_int16,3,3,1,1,1,0,0,1,1
1083,cp15p00_medium_beta_coherent_t0003,1083,3,120,formal_tps30,medium_beta_coherent,15,3,combined_int16,5,5,1,1,1,0,0,1,1
1083,cp15p00_medium_beta_coherent_t0003,1083,3,120,formal_tps30,medium_beta_coherent,15,3,combined_int16,10,10,1,1,1,0,0,1,1
1083,cp15p00_medium_beta_coherent_t0003,1083,3,120,formal_tps30,medium_beta_coherent,15,3,combined_int18,1,1,1,1,1,0,0,1,1
1083,cp15p00_medium_beta_coherent_t0003,1083,3,120,formal_tps30,medium_beta_coherent,15,3,combined_int18,3,3,1,1,1,0,0,1,1
1083,cp15p00_medium_beta_coherent_t0003,1083,3,120,formal_tps30,medium_beta_coherent,15,3,combined_int18,5,5,1,1,1,0,0,1,1
1083,cp15p00_medium_beta_coherent_t0003,1083,3,120,formal_tps30,medium_beta_coherent,15,3,combined_int18,10,10,1,1,1,0,0,1,1
1083,cp15p00_medium_beta_coherent_t0003,1083,3,120,formal_tps30,medium_beta_coherent,15,3,combined_int24,1,1,1,1,1,0,0,1,1
1083,cp15p00_medium_beta_coherent_t0003,1083,3,120,formal_tps30,medium_beta_coherent,15,3,combined_int24,3,3,1,1,1,0,0,1,1
1083,cp15p00_medium_beta_coherent_t0003,1083,3,120,formal_tps30,medium_beta_coherent,15,3,combined_int24,5,5,1,1,1,0,0,1,1
1083,cp15p00_medium_beta_coherent_t0003,1083,3,120,formal_tps30,medium_beta_coherent,15,3,combined_int24,10,10,1,1,1,0,0,1,1
1083,cp15p00_medium_beta_coherent_t0003,1083,3,120,formal_tps30,medium_beta_coherent,15,3,mixed_Z16_G24_Rz24,1,1,1,1,1,0,0,1,1
1083,cp15p00_medium_beta_coherent_t0003,1083,3,120,formal_tps30,medium_beta_coherent,15,3,mixed_Z16_G24_Rz24,3,3,1,1,1,0,0,1,1
1083,cp15p00_medium_beta_coherent_t0003,1083,3,120,formal_tps30,medium_beta_coherent,15,3,mixed_Z16_G24_Rz24,5,5,1,1,1,0,0,1,1
1083,cp15p00_medium_beta_coherent_t0003,1083,3,120,formal_tps30,medium_beta_coherent,15,3,mixed_Z16_G24_Rz24,10,10,1,1,1,0,0,1,1
1083,cp15p00_medium_beta_coherent_t0003,1083,3,120,formal_tps30,medium_beta_coherent,15,3,combined_int14,1,1,1,1,1,0,0,1,1
1083,cp15p00_medium_beta_coherent_t0003,1083,3,120,formal_tps30,medium_beta_coherent,15,3,combined_int14,3,3,0,0,0.5,1,0.333333333333333,1,0
1083,cp15p00_medium_beta_coherent_t0003,1083,3,120,formal_tps30,medium_beta_coherent,15,3,combined_int14,5,5,0,1,1,0,0,1,1
1083,cp15p00_medium_beta_coherent_t0003,1083,3,120,formal_tps30,medium_beta_coherent,15,3,combined_int14,10,10,0,1,1,0,0,1,1
1083,cp15p00_medium_beta_coherent_t0003,1083,3,120,formal_tps30,medium_beta_coherent,15,3,W_int18_G24_Z16,1,1,1,1,1,0,0,1,1
1083,cp15p00_medium_beta_coherent_t0003,1083,3,120,formal_tps30,medium_beta_coherent,15,3,W_int18_G24_Z16,3,3,1,1,1,0,0,1,1
1083,cp15p00_medium_beta_coherent_t0003,1083,3,120,formal_tps30,medium_beta_coherent,15,3,W_int18_G24_Z16,5,5,1,1,1,0,0,1,1
1083,cp15p00_medium_beta_coherent_t0003,1083,3,120,formal_tps30,medium_beta_coherent,15,3,W_int18_G24_Z16,10,10,1,1,1,0,0,1,1
4,cp00p00_easy_noncoherent_t0004,4,4,120,formal_tps30,easy_noncoherent,0,4,double_baseline,1,1,1,1,1,0,0,1,1
4,cp00p00_easy_noncoherent_t0004,4,4,120,formal_tps30,easy_noncoherent,0,4,double_baseline,3,3,1,1,1,0,0,1,1
4,cp00p00_easy_noncoherent_t0004,4,4,120,formal_tps30,easy_noncoherent,0,4,double_baseline,5,5,1,1,1,0,0,1,1
4,cp00p00_easy_noncoherent_t0004,4,4,120,formal_tps30,easy_noncoherent,0,4,double_baseline,10,10,1,1,1,0,0,1,1
4,cp00p00_easy_noncoherent_t0004,4,4,120,formal_tps30,easy_noncoherent,0,4,float32_all,1,1,1,1,1,0,0,1,1
4,cp00p00_easy_noncoherent_t0004,4,4,120,formal_tps30,easy_noncoherent,0,4,float32_all,3,3,1,1,1,0,0,1,1
4,cp00p00_easy_noncoherent_t0004,4,4,120,formal_tps30,easy_noncoherent,0,4,float32_all,5,5,1,1,1,0,0,1,1
4,cp00p00_easy_noncoherent_t0004,4,4,120,formal_tps30,easy_noncoherent,0,4,float32_all,10,10,1,1,1,0,0,1,1
4,cp00p00_easy_noncoherent_t0004,4,4,120,formal_tps30,easy_noncoherent,0,4,combined_int16,1,1,1,1,1,0,0,1,1
4,cp00p00_easy_noncoherent_t0004,4,4,120,formal_tps30,easy_noncoherent,0,4,combined_int16,3,3,1,1,1,0,0,1,1
4,cp00p00_easy_noncoherent_t0004,4,4,120,formal_tps30,easy_noncoherent,0,4,combined_int16,5,5,1,1,1,0,0,1,1
4,cp00p00_easy_noncoherent_t0004,4,4,120,formal_tps30,easy_noncoherent,0,4,combined_int16,10,10,1,1,1,0,0,1,1
4,cp00p00_easy_noncoherent_t0004,4,4,120,formal_tps30,easy_noncoherent,0,4,combined_int18,1,1,1,1,1,0,0,1,1
4,cp00p00_easy_noncoherent_t0004,4,4,120,formal_tps30,easy_noncoherent,0,4,combined_int18,3,3,1,1,1,0,0,1,1
4,cp00p00_easy_noncoherent_t0004,4,4,120,formal_tps30,easy_noncoherent,0,4,combined_int18,5,5,1,1,1,0,0,1,1
4,cp00p00_easy_noncoherent_t0004,4,4,120,formal_tps30,easy_noncoherent,0,4,combined_int18,10,10,1,1,1,0,0,1,1
4,cp00p00_easy_noncoherent_t0004,4,4,120,formal_tps30,easy_noncoherent,0,4,combined_int24,1,1,1,1,1,0,0,1,1
4,cp00p00_easy_noncoherent_t0004,4,4,120,formal_tps30,easy_noncoherent,0,4,combined_int24,3,3,1,1,1,0,0,1,1
4,cp00p00_easy_noncoherent_t0004,4,4,120,formal_tps30,easy_noncoherent,0,4,combined_int24,5,5,1,1,1,0,0,1,1
4,cp00p00_easy_noncoherent_t0004,4,4,120,formal_tps30,easy_noncoherent,0,4,combined_int24,10,10,1,1,1,0,0,1,1
4,cp00p00_easy_noncoherent_t0004,4,4,120,formal_tps30,easy_noncoherent,0,4,mixed_Z16_G24_Rz24,1,1,1,1,1,0,0,1,1
4,cp00p00_easy_noncoherent_t0004,4,4,120,formal_tps30,easy_noncoherent,0,4,mixed_Z16_G24_Rz24,3,3,1,1,1,0,0,1,1
4,cp00p00_easy_noncoherent_t0004,4,4,120,formal_tps30,easy_noncoherent,0,4,mixed_Z16_G24_Rz24,5,5,1,1,1,0,0,1,1
4,cp00p00_easy_noncoherent_t0004,4,4,120,formal_tps30,easy_noncoherent,0,4,mixed_Z16_G24_Rz24,10,10,1,1,1,0,0,1,1
4,cp00p00_easy_noncoherent_t0004,4,4,120,formal_tps30,easy_noncoherent,0,4,combined_int14,1,1,1,1,1,0,0,1,1
4,cp00p00_easy_noncoherent_t0004,4,4,120,formal_tps30,easy_noncoherent,0,4,combined_int14,3,3,1,1,1,0,0,1,1
4,cp00p00_easy_noncoherent_t0004,4,4,120,formal_tps30,easy_noncoherent,0,4,combined_int14,5,5,1,1,1,0,0,1,1
4,cp00p00_easy_noncoherent_t0004,4,4,120,formal_tps30,easy_noncoherent,0,4,combined_int14,10,10,1,1,1,0,0,1,1
4,cp00p00_easy_noncoherent_t0004,4,4,120,formal_tps30,easy_noncoherent,0,4,W_int18_G24_Z16,1,1,1,1,1,0,0,1,1
4,cp00p00_easy_noncoherent_t0004,4,4,120,formal_tps30,easy_noncoherent,0,4,W_int18_G24_Z16,3,3,1,1,1,0,0,1,1
4,cp00p00_easy_noncoherent_t0004,4,4,120,formal_tps30,easy_noncoherent,0,4,W_int18_G24_Z16,5,5,1,1,1,0,0,1,1
4,cp00p00_easy_noncoherent_t0004,4,4,120,formal_tps30,easy_noncoherent,0,4,W_int18_G24_Z16,10,10,1,1,1,0,0,1,1
124,cp00p00_low_snr_hard_t0004,124,4,120,formal_tps30,low_snr_hard,0,4,double_baseline,1,1,1,1,1,0,0,0,0
124,cp00p00_low_snr_hard_t0004,124,4,120,formal_tps30,low_snr_hard,0,4,double_baseline,3,3,1,1,1,0,0,0,0
124,cp00p00_low_snr_hard_t0004,124,4,120,formal_tps30,low_snr_hard,0,4,double_baseline,5,5,1,1,1,0,0,0,0
124,cp00p00_low_snr_hard_t0004,124,4,120,formal_tps30,low_snr_hard,0,4,double_baseline,10,10,1,1,1,0,0,0,0
124,cp00p00_low_snr_hard_t0004,124,4,120,formal_tps30,low_snr_hard,0,4,float32_all,1,1,1,1,1,0,0,0,0
124,cp00p00_low_snr_hard_t0004,124,4,120,formal_tps30,low_snr_hard,0,4,float32_all,3,3,1,1,1,0,0,0,0
124,cp00p00_low_snr_hard_t0004,124,4,120,formal_tps30,low_snr_hard,0,4,float32_all,5,5,1,1,1,0,0,0,0
124,cp00p00_low_snr_hard_t0004,124,4,120,formal_tps30,low_snr_hard,0,4,float32_all,10,10,1,1,1,0,0,0,0
124,cp00p00_low_snr_hard_t0004,124,4,120,formal_tps30,low_snr_hard,0,4,combined_int16,1,1,1,1,1,0,0,0,0
124,cp00p00_low_snr_hard_t0004,124,4,120,formal_tps30,low_snr_hard,0,4,combined_int16,3,3,1,1,1,0,0,0,0
124,cp00p00_low_snr_hard_t0004,124,4,120,formal_tps30,low_snr_hard,0,4,combined_int16,5,5,1,1,1,0,0,0,0
124,cp00p00_low_snr_hard_t0004,124,4,120,formal_tps30,low_snr_hard,0,4,combined_int16,10,10,1,1,1,0,0,0,0
124,cp00p00_low_snr_hard_t0004,124,4,120,formal_tps30,low_snr_hard,0,4,combined_int18,1,1,1,1,1,0,0,0,0
124,cp00p00_low_snr_hard_t0004,124,4,120,formal_tps30,low_snr_hard,0,4,combined_int18,3,3,1,1,1,0,0,0,0
124,cp00p00_low_snr_hard_t0004,124,4,120,formal_tps30,low_snr_hard,0,4,combined_int18,5,5,1,1,1,0,0,0,0
124,cp00p00_low_snr_hard_t0004,124,4,120,formal_tps30,low_snr_hard,0,4,combined_int18,10,10,1,1,1,0,0,0,0
124,cp00p00_low_snr_hard_t0004,124,4,120,formal_tps30,low_snr_hard,0,4,combined_int24,1,1,1,1,1,0,0,0,0
124,cp00p00_low_snr_hard_t0004,124,4,120,formal_tps30,low_snr_hard,0,4,combined_int24,3,3,1,1,1,0,0,0,0
124,cp00p00_low_snr_hard_t0004,124,4,120,formal_tps30,low_snr_hard,0,4,combined_int24,5,5,1,1,1,0,0,0,0
124,cp00p00_low_snr_hard_t0004,124,4,120,formal_tps30,low_snr_hard,0,4,combined_int24,10,10,1,1,1,0,0,0,0
124,cp00p00_low_snr_hard_t0004,124,4,120,formal_tps30,low_snr_hard,0,4,mixed_Z16_G24_Rz24,1,1,1,1,1,0,0,0,0
124,cp00p00_low_snr_hard_t0004,124,4,120,formal_tps30,low_snr_hard,0,4,mixed_Z16_G24_Rz24,3,3,1,1,1,0,0,0,0
124,cp00p00_low_snr_hard_t0004,124,4,120,formal_tps30,low_snr_hard,0,4,mixed_Z16_G24_Rz24,5,5,1,1,1,0,0,0,0
124,cp00p00_low_snr_hard_t0004,124,4,120,formal_tps30,low_snr_hard,0,4,mixed_Z16_G24_Rz24,10,10,1,1,1,0,0,0,0
124,cp00p00_low_snr_hard_t0004,124,4,120,formal_tps30,low_snr_hard,0,4,combined_int14,1,1,1,1,1,0,0,0,0
124,cp00p00_low_snr_hard_t0004,124,4,120,formal_tps30,low_snr_hard,0,4,combined_int14,3,3,1,1,1,0,0,0,0
124,cp00p00_low_snr_hard_t0004,124,4,120,formal_tps30,low_snr_hard,0,4,combined_int14,5,5,1,1,1,0,0,0,0
124,cp00p00_low_snr_hard_t0004,124,4,120,formal_tps30,low_snr_hard,0,4,combined_int14,10,10,1,1,1,0,0,0,0
124,cp00p00_low_snr_hard_t0004,124,4,120,formal_tps30,low_snr_hard,0,4,W_int18_G24_Z16,1,1,1,1,1,0,0,0,0
124,cp00p00_low_snr_hard_t0004,124,4,120,formal_tps30,low_snr_hard,0,4,W_int18_G24_Z16,3,3,1,1,1,0,0,0,0
124,cp00p00_low_snr_hard_t0004,124,4,120,formal_tps30,low_snr_hard,0,4,W_int18_G24_Z16,5,5,1,1,1,0,0,0,0
124,cp00p00_low_snr_hard_t0004,124,4,120,formal_tps30,low_snr_hard,0,4,W_int18_G24_Z16,10,10,1,1,1,0,0,0,0
244,cp00p00_cache_boundary_center_t0004,244,4,120,formal_tps30,cache_boundary_center,0,4,double_baseline,1,1,1,1,1,0,0,1,1
244,cp00p00_cache_boundary_center_t0004,244,4,120,formal_tps30,cache_boundary_center,0,4,double_baseline,3,3,1,1,1,0,0,1,1
244,cp00p00_cache_boundary_center_t0004,244,4,120,formal_tps30,cache_boundary_center,0,4,double_baseline,5,5,1,1,1,0,0,1,1
244,cp00p00_cache_boundary_center_t0004,244,4,120,formal_tps30,cache_boundary_center,0,4,double_baseline,10,10,1,1,1,0,0,1,1
244,cp00p00_cache_boundary_center_t0004,244,4,120,formal_tps30,cache_boundary_center,0,4,float32_all,1,1,1,1,1,0,0,1,1
244,cp00p00_cache_boundary_center_t0004,244,4,120,formal_tps30,cache_boundary_center,0,4,float32_all,3,3,1,1,1,0,0,1,1
244,cp00p00_cache_boundary_center_t0004,244,4,120,formal_tps30,cache_boundary_center,0,4,float32_all,5,5,1,1,1,0,0,1,1
244,cp00p00_cache_boundary_center_t0004,244,4,120,formal_tps30,cache_boundary_center,0,4,float32_all,10,10,1,1,1,0,0,1,1
244,cp00p00_cache_boundary_center_t0004,244,4,120,formal_tps30,cache_boundary_center,0,4,combined_int16,1,1,1,1,1,0,0,1,1
244,cp00p00_cache_boundary_center_t0004,244,4,120,formal_tps30,cache_boundary_center,0,4,combined_int16,3,3,1,1,1,0,0,1,1
244,cp00p00_cache_boundary_center_t0004,244,4,120,formal_tps30,cache_boundary_center,0,4,combined_int16,5,5,1,1,1,0,0,1,1
244,cp00p00_cache_boundary_center_t0004,244,4,120,formal_tps30,cache_boundary_center,0,4,combined_int16,10,10,1,1,1,0,0,1,1
244,cp00p00_cache_boundary_center_t0004,244,4,120,formal_tps30,cache_boundary_center,0,4,combined_int18,1,1,1,1,1,0,0,1,1
244,cp00p00_cache_boundary_center_t0004,244,4,120,formal_tps30,cache_boundary_center,0,4,combined_int18,3,3,1,1,1,0,0,1,1
244,cp00p00_cache_boundary_center_t0004,244,4,120,formal_tps30,cache_boundary_center,0,4,combined_int18,5,5,1,1,1,0,0,1,1
244,cp00p00_cache_boundary_center_t0004,244,4,120,formal_tps30,cache_boundary_center,0,4,combined_int18,10,10,1,1,1,0,0,1,1
244,cp00p00_cache_boundary_center_t0004,244,4,120,formal_tps30,cache_boundary_center,0,4,combined_int24,1,1,1,1,1,0,0,1,1
244,cp00p00_cache_boundary_center_t0004,244,4,120,formal_tps30,cache_boundary_center,0,4,combined_int24,3,3,1,1,1,0,0,1,1
244,cp00p00_cache_boundary_center_t0004,244,4,120,formal_tps30,cache_boundary_center,0,4,combined_int24,5,5,1,1,1,0,0,1,1
244,cp00p00_cache_boundary_center_t0004,244,4,120,formal_tps30,cache_boundary_center,0,4,combined_int24,10,10,1,1,1,0,0,1,1
244,cp00p00_cache_boundary_center_t0004,244,4,120,formal_tps30,cache_boundary_center,0,4,mixed_Z16_G24_Rz24,1,1,1,1,1,0,0,1,1
244,cp00p00_cache_boundary_center_t0004,244,4,120,formal_tps30,cache_boundary_center,0,4,mixed_Z16_G24_Rz24,3,3,1,1,1,0,0,1,1
244,cp00p00_cache_boundary_center_t0004,244,4,120,formal_tps30,cache_boundary_center,0,4,mixed_Z16_G24_Rz24,5,5,1,1,1,0,0,1,1
244,cp00p00_cache_boundary_center_t0004,244,4,120,formal_tps30,cache_boundary_center,0,4,mixed_Z16_G24_Rz24,10,10,1,1,1,0,0,1,1
244,cp00p00_cache_boundary_center_t0004,244,4,120,formal_tps30,cache_boundary_center,0,4,combined_int14,1,1,1,1,1,0,0,1,1
244,cp00p00_cache_boundary_center_t0004,244,4,120,formal_tps30,cache_boundary_center,0,4,combined_int14,3,3,1,1,1,0,0,1,1
244,cp00p00_cache_boundary_center_t0004,244,4,120,formal_tps30,cache_boundary_center,0,4,combined_int14,5,5,0,1,1,0,0,1,1
244,cp00p00_cache_boundary_center_t0004,244,4,120,formal_tps30,cache_boundary_center,0,4,combined_int14,10,10,0,1,1,0,0,1,1
244,cp00p00_cache_boundary_center_t0004,244,4,120,formal_tps30,cache_boundary_center,0,4,W_int18_G24_Z16,1,1,1,1,1,0,0,1,1
244,cp00p00_cache_boundary_center_t0004,244,4,120,formal_tps30,cache_boundary_center,0,4,W_int18_G24_Z16,3,3,1,1,1,0,0,1,1
244,cp00p00_cache_boundary_center_t0004,244,4,120,formal_tps30,cache_boundary_center,0,4,W_int18_G24_Z16,5,5,1,1,1,0,0,1,1
244,cp00p00_cache_boundary_center_t0004,244,4,120,formal_tps30,cache_boundary_center,0,4,W_int18_G24_Z16,10,10,1,1,1,0,0,1,1
364,cp04p00_hard_phase_t0004,364,4,120,formal_tps30,hard_phase,3.75,4,double_baseline,1,1,1,1,1,0,0,1,1
364,cp04p00_hard_phase_t0004,364,4,120,formal_tps30,hard_phase,3.75,4,double_baseline,3,3,1,1,1,0,0,1,1
364,cp04p00_hard_phase_t0004,364,4,120,formal_tps30,hard_phase,3.75,4,double_baseline,5,5,1,1,1,0,0,1,1
364,cp04p00_hard_phase_t0004,364,4,120,formal_tps30,hard_phase,3.75,4,double_baseline,10,10,1,1,1,0,0,1,1
364,cp04p00_hard_phase_t0004,364,4,120,formal_tps30,hard_phase,3.75,4,float32_all,1,1,1,1,1,0,0,1,1
364,cp04p00_hard_phase_t0004,364,4,120,formal_tps30,hard_phase,3.75,4,float32_all,3,3,1,1,1,0,0,1,1
364,cp04p00_hard_phase_t0004,364,4,120,formal_tps30,hard_phase,3.75,4,float32_all,5,5,1,1,1,0,0,1,1
364,cp04p00_hard_phase_t0004,364,4,120,formal_tps30,hard_phase,3.75,4,float32_all,10,10,1,1,1,0,0,1,1
364,cp04p00_hard_phase_t0004,364,4,120,formal_tps30,hard_phase,3.75,4,combined_int16,1,1,1,1,1,0,0,1,1
364,cp04p00_hard_phase_t0004,364,4,120,formal_tps30,hard_phase,3.75,4,combined_int16,3,3,1,1,1,0,0,1,1
364,cp04p00_hard_phase_t0004,364,4,120,formal_tps30,hard_phase,3.75,4,combined_int16,5,5,1,1,1,0,0,1,1
364,cp04p00_hard_phase_t0004,364,4,120,formal_tps30,hard_phase,3.75,4,combined_int16,10,10,1,1,1,0,0,1,1
364,cp04p00_hard_phase_t0004,364,4,120,formal_tps30,hard_phase,3.75,4,combined_int18,1,1,1,1,1,0,0,1,1
364,cp04p00_hard_phase_t0004,364,4,120,formal_tps30,hard_phase,3.75,4,combined_int18,3,3,1,1,1,0,0,1,1
364,cp04p00_hard_phase_t0004,364,4,120,formal_tps30,hard_phase,3.75,4,combined_int18,5,5,1,1,1,0,0,1,1
364,cp04p00_hard_phase_t0004,364,4,120,formal_tps30,hard_phase,3.75,4,combined_int18,10,10,1,1,1,0,0,1,1
364,cp04p00_hard_phase_t0004,364,4,120,formal_tps30,hard_phase,3.75,4,combined_int24,1,1,1,1,1,0,0,1,1
364,cp04p00_hard_phase_t0004,364,4,120,formal_tps30,hard_phase,3.75,4,combined_int24,3,3,1,1,1,0,0,1,1
364,cp04p00_hard_phase_t0004,364,4,120,formal_tps30,hard_phase,3.75,4,combined_int24,5,5,1,1,1,0,0,1,1
364,cp04p00_hard_phase_t0004,364,4,120,formal_tps30,hard_phase,3.75,4,combined_int24,10,10,1,1,1,0,0,1,1
364,cp04p00_hard_phase_t0004,364,4,120,formal_tps30,hard_phase,3.75,4,mixed_Z16_G24_Rz24,1,1,1,1,1,0,0,1,1
364,cp04p00_hard_phase_t0004,364,4,120,formal_tps30,hard_phase,3.75,4,mixed_Z16_G24_Rz24,3,3,1,1,1,0,0,1,1
364,cp04p00_hard_phase_t0004,364,4,120,formal_tps30,hard_phase,3.75,4,mixed_Z16_G24_Rz24,5,5,1,1,1,0,0,1,1
364,cp04p00_hard_phase_t0004,364,4,120,formal_tps30,hard_phase,3.75,4,mixed_Z16_G24_Rz24,10,10,1,1,1,0,0,1,1
364,cp04p00_hard_phase_t0004,364,4,120,formal_tps30,hard_phase,3.75,4,combined_int14,1,1,1,1,1,0,0,1,1
364,cp04p00_hard_phase_t0004,364,4,120,formal_tps30,hard_phase,3.75,4,combined_int14,3,3,1,1,1,0,0,1,1
364,cp04p00_hard_phase_t0004,364,4,120,formal_tps30,hard_phase,3.75,4,combined_int14,5,5,1,1,1,0,0,1,1
364,cp04p00_hard_phase_t0004,364,4,120,formal_tps30,hard_phase,3.75,4,combined_int14,10,10,1,1,1,0,0,1,1
364,cp04p00_hard_phase_t0004,364,4,120,formal_tps30,hard_phase,3.75,4,W_int18_G24_Z16,1,1,1,1,1,0,0,1,1
364,cp04p00_hard_phase_t0004,364,4,120,formal_tps30,hard_phase,3.75,4,W_int18_G24_Z16,3,3,1,1,1,0,0,1,1
364,cp04p00_hard_phase_t0004,364,4,120,formal_tps30,hard_phase,3.75,4,W_int18_G24_Z16,5,5,1,1,1,0,0,1,1
364,cp04p00_hard_phase_t0004,364,4,120,formal_tps30,hard_phase,3.75,4,W_int18_G24_Z16,10,10,1,1,1,0,0,1,1
484,cp04p00_medium_beta_coherent_t0004,484,4,120,formal_tps30,medium_beta_coherent,3.75,4,double_baseline,1,1,1,1,1,0,0,0,0
484,cp04p00_medium_beta_coherent_t0004,484,4,120,formal_tps30,medium_beta_coherent,3.75,4,double_baseline,3,3,1,1,1,0,0,0,0
484,cp04p00_medium_beta_coherent_t0004,484,4,120,formal_tps30,medium_beta_coherent,3.75,4,double_baseline,5,5,1,1,1,0,0,0,0
484,cp04p00_medium_beta_coherent_t0004,484,4,120,formal_tps30,medium_beta_coherent,3.75,4,double_baseline,10,10,1,1,1,0,0,0,0
484,cp04p00_medium_beta_coherent_t0004,484,4,120,formal_tps30,medium_beta_coherent,3.75,4,float32_all,1,1,1,1,1,0,0,0,0
484,cp04p00_medium_beta_coherent_t0004,484,4,120,formal_tps30,medium_beta_coherent,3.75,4,float32_all,3,3,1,1,1,0,0,0,0
484,cp04p00_medium_beta_coherent_t0004,484,4,120,formal_tps30,medium_beta_coherent,3.75,4,float32_all,5,5,1,1,1,0,0,0,0
484,cp04p00_medium_beta_coherent_t0004,484,4,120,formal_tps30,medium_beta_coherent,3.75,4,float32_all,10,10,1,1,1,0,0,0,0
484,cp04p00_medium_beta_coherent_t0004,484,4,120,formal_tps30,medium_beta_coherent,3.75,4,combined_int16,1,1,1,1,1,0,0,0,0
484,cp04p00_medium_beta_coherent_t0004,484,4,120,formal_tps30,medium_beta_coherent,3.75,4,combined_int16,3,3,1,1,1,0,0,0,0
484,cp04p00_medium_beta_coherent_t0004,484,4,120,formal_tps30,medium_beta_coherent,3.75,4,combined_int16,5,5,1,1,1,0,0,0,0
484,cp04p00_medium_beta_coherent_t0004,484,4,120,formal_tps30,medium_beta_coherent,3.75,4,combined_int16,10,10,1,1,1,0,0,0,0
484,cp04p00_medium_beta_coherent_t0004,484,4,120,formal_tps30,medium_beta_coherent,3.75,4,combined_int18,1,1,1,1,1,0,0,0,0
484,cp04p00_medium_beta_coherent_t0004,484,4,120,formal_tps30,medium_beta_coherent,3.75,4,combined_int18,3,3,1,1,1,0,0,0,0
484,cp04p00_medium_beta_coherent_t0004,484,4,120,formal_tps30,medium_beta_coherent,3.75,4,combined_int18,5,5,1,1,1,0,0,0,0
484,cp04p00_medium_beta_coherent_t0004,484,4,120,formal_tps30,medium_beta_coherent,3.75,4,combined_int18,10,10,1,1,1,0,0,0,0
484,cp04p00_medium_beta_coherent_t0004,484,4,120,formal_tps30,medium_beta_coherent,3.75,4,combined_int24,1,1,1,1,1,0,0,0,0
484,cp04p00_medium_beta_coherent_t0004,484,4,120,formal_tps30,medium_beta_coherent,3.75,4,combined_int24,3,3,1,1,1,0,0,0,0
484,cp04p00_medium_beta_coherent_t0004,484,4,120,formal_tps30,medium_beta_coherent,3.75,4,combined_int24,5,5,1,1,1,0,0,0,0
484,cp04p00_medium_beta_coherent_t0004,484,4,120,formal_tps30,medium_beta_coherent,3.75,4,combined_int24,10,10,1,1,1,0,0,0,0
484,cp04p00_medium_beta_coherent_t0004,484,4,120,formal_tps30,medium_beta_coherent,3.75,4,mixed_Z16_G24_Rz24,1,1,1,1,1,0,0,0,0
484,cp04p00_medium_beta_coherent_t0004,484,4,120,formal_tps30,medium_beta_coherent,3.75,4,mixed_Z16_G24_Rz24,3,3,1,1,1,0,0,0,0
484,cp04p00_medium_beta_coherent_t0004,484,4,120,formal_tps30,medium_beta_coherent,3.75,4,mixed_Z16_G24_Rz24,5,5,1,1,1,0,0,0,0
484,cp04p00_medium_beta_coherent_t0004,484,4,120,formal_tps30,medium_beta_coherent,3.75,4,mixed_Z16_G24_Rz24,10,10,1,1,1,0,0,0,0
484,cp04p00_medium_beta_coherent_t0004,484,4,120,formal_tps30,medium_beta_coherent,3.75,4,combined_int14,1,1,1,1,1,0,0,0,0
484,cp04p00_medium_beta_coherent_t0004,484,4,120,formal_tps30,medium_beta_coherent,3.75,4,combined_int14,3,3,1,1,1,0,0,0,0
484,cp04p00_medium_beta_coherent_t0004,484,4,120,formal_tps30,medium_beta_coherent,3.75,4,combined_int14,5,5,1,1,1,0,0,0,0
484,cp04p00_medium_beta_coherent_t0004,484,4,120,formal_tps30,medium_beta_coherent,3.75,4,combined_int14,10,10,1,1,1,0,0,0,0
484,cp04p00_medium_beta_coherent_t0004,484,4,120,formal_tps30,medium_beta_coherent,3.75,4,W_int18_G24_Z16,1,1,1,1,1,0,0,0,0
484,cp04p00_medium_beta_coherent_t0004,484,4,120,formal_tps30,medium_beta_coherent,3.75,4,W_int18_G24_Z16,3,3,1,1,1,0,0,0,0
484,cp04p00_medium_beta_coherent_t0004,484,4,120,formal_tps30,medium_beta_coherent,3.75,4,W_int18_G24_Z16,5,5,1,1,1,0,0,0,0
484,cp04p00_medium_beta_coherent_t0004,484,4,120,formal_tps30,medium_beta_coherent,3.75,4,W_int18_G24_Z16,10,10,1,1,1,0,0,0,0
604,cp08p00_easy_noncoherent_t0004,604,4,120,formal_tps30,easy_noncoherent,7.5,4,double_baseline,1,1,1,1,1,0,0,1,1
604,cp08p00_easy_noncoherent_t0004,604,4,120,formal_tps30,easy_noncoherent,7.5,4,double_baseline,3,3,1,1,1,0,0,1,1
604,cp08p00_easy_noncoherent_t0004,604,4,120,formal_tps30,easy_noncoherent,7.5,4,double_baseline,5,5,1,1,1,0,0,1,1
604,cp08p00_easy_noncoherent_t0004,604,4,120,formal_tps30,easy_noncoherent,7.5,4,double_baseline,10,10,1,1,1,0,0,1,1
604,cp08p00_easy_noncoherent_t0004,604,4,120,formal_tps30,easy_noncoherent,7.5,4,float32_all,1,1,1,1,1,0,0,1,1
604,cp08p00_easy_noncoherent_t0004,604,4,120,formal_tps30,easy_noncoherent,7.5,4,float32_all,3,3,1,1,1,0,0,1,1
604,cp08p00_easy_noncoherent_t0004,604,4,120,formal_tps30,easy_noncoherent,7.5,4,float32_all,5,5,1,1,1,0,0,1,1
604,cp08p00_easy_noncoherent_t0004,604,4,120,formal_tps30,easy_noncoherent,7.5,4,float32_all,10,10,1,1,1,0,0,1,1
604,cp08p00_easy_noncoherent_t0004,604,4,120,formal_tps30,easy_noncoherent,7.5,4,combined_int16,1,1,1,1,1,0,0,1,1
604,cp08p00_easy_noncoherent_t0004,604,4,120,formal_tps30,easy_noncoherent,7.5,4,combined_int16,3,3,1,1,1,0,0,1,1
604,cp08p00_easy_noncoherent_t0004,604,4,120,formal_tps30,easy_noncoherent,7.5,4,combined_int16,5,5,1,1,1,0,0,1,1
604,cp08p00_easy_noncoherent_t0004,604,4,120,formal_tps30,easy_noncoherent,7.5,4,combined_int16,10,10,1,1,1,0,0,1,1
604,cp08p00_easy_noncoherent_t0004,604,4,120,formal_tps30,easy_noncoherent,7.5,4,combined_int18,1,1,1,1,1,0,0,1,1
604,cp08p00_easy_noncoherent_t0004,604,4,120,formal_tps30,easy_noncoherent,7.5,4,combined_int18,3,3,1,1,1,0,0,1,1
604,cp08p00_easy_noncoherent_t0004,604,4,120,formal_tps30,easy_noncoherent,7.5,4,combined_int18,5,5,1,1,1,0,0,1,1
604,cp08p00_easy_noncoherent_t0004,604,4,120,formal_tps30,easy_noncoherent,7.5,4,combined_int18,10,10,1,1,1,0,0,1,1
604,cp08p00_easy_noncoherent_t0004,604,4,120,formal_tps30,easy_noncoherent,7.5,4,combined_int24,1,1,1,1,1,0,0,1,1
604,cp08p00_easy_noncoherent_t0004,604,4,120,formal_tps30,easy_noncoherent,7.5,4,combined_int24,3,3,1,1,1,0,0,1,1
604,cp08p00_easy_noncoherent_t0004,604,4,120,formal_tps30,easy_noncoherent,7.5,4,combined_int24,5,5,1,1,1,0,0,1,1
604,cp08p00_easy_noncoherent_t0004,604,4,120,formal_tps30,easy_noncoherent,7.5,4,combined_int24,10,10,1,1,1,0,0,1,1
604,cp08p00_easy_noncoherent_t0004,604,4,120,formal_tps30,easy_noncoherent,7.5,4,mixed_Z16_G24_Rz24,1,1,1,1,1,0,0,1,1
604,cp08p00_easy_noncoherent_t0004,604,4,120,formal_tps30,easy_noncoherent,7.5,4,mixed_Z16_G24_Rz24,3,3,1,1,1,0,0,1,1
604,cp08p00_easy_noncoherent_t0004,604,4,120,formal_tps30,easy_noncoherent,7.5,4,mixed_Z16_G24_Rz24,5,5,1,1,1,0,0,1,1
604,cp08p00_easy_noncoherent_t0004,604,4,120,formal_tps30,easy_noncoherent,7.5,4,mixed_Z16_G24_Rz24,10,10,1,1,1,0,0,1,1
604,cp08p00_easy_noncoherent_t0004,604,4,120,formal_tps30,easy_noncoherent,7.5,4,combined_int14,1,1,1,1,1,0,0,1,1
604,cp08p00_easy_noncoherent_t0004,604,4,120,formal_tps30,easy_noncoherent,7.5,4,combined_int14,3,3,1,1,1,0,0,1,1
604,cp08p00_easy_noncoherent_t0004,604,4,120,formal_tps30,easy_noncoherent,7.5,4,combined_int14,5,5,1,1,1,0,0,1,1
604,cp08p00_easy_noncoherent_t0004,604,4,120,formal_tps30,easy_noncoherent,7.5,4,combined_int14,10,10,1,1,1,0,0,1,1
604,cp08p00_easy_noncoherent_t0004,604,4,120,formal_tps30,easy_noncoherent,7.5,4,W_int18_G24_Z16,1,1,1,1,1,0,0,1,1
604,cp08p00_easy_noncoherent_t0004,604,4,120,formal_tps30,easy_noncoherent,7.5,4,W_int18_G24_Z16,3,3,1,1,1,0,0,1,1
604,cp08p00_easy_noncoherent_t0004,604,4,120,formal_tps30,easy_noncoherent,7.5,4,W_int18_G24_Z16,5,5,1,1,1,0,0,1,1
604,cp08p00_easy_noncoherent_t0004,604,4,120,formal_tps30,easy_noncoherent,7.5,4,W_int18_G24_Z16,10,10,1,1,1,0,0,1,1
724,cp08p00_low_snr_hard_t0004,724,4,120,formal_tps30,low_snr_hard,7.5,4,double_baseline,1,1,1,1,1,0,0,0,0
724,cp08p00_low_snr_hard_t0004,724,4,120,formal_tps30,low_snr_hard,7.5,4,double_baseline,3,3,1,1,1,0,0,0,0
724,cp08p00_low_snr_hard_t0004,724,4,120,formal_tps30,low_snr_hard,7.5,4,double_baseline,5,5,1,1,1,0,0,0,0
724,cp08p00_low_snr_hard_t0004,724,4,120,formal_tps30,low_snr_hard,7.5,4,double_baseline,10,10,1,1,1,0,0,0,0
724,cp08p00_low_snr_hard_t0004,724,4,120,formal_tps30,low_snr_hard,7.5,4,float32_all,1,1,1,1,1,0,0,0,0
724,cp08p00_low_snr_hard_t0004,724,4,120,formal_tps30,low_snr_hard,7.5,4,float32_all,3,3,1,1,1,0,0,0,0
724,cp08p00_low_snr_hard_t0004,724,4,120,formal_tps30,low_snr_hard,7.5,4,float32_all,5,5,1,1,1,0,0,0,0
724,cp08p00_low_snr_hard_t0004,724,4,120,formal_tps30,low_snr_hard,7.5,4,float32_all,10,10,1,1,1,0,0,0,0
724,cp08p00_low_snr_hard_t0004,724,4,120,formal_tps30,low_snr_hard,7.5,4,combined_int16,1,1,1,1,1,0,0,0,0
724,cp08p00_low_snr_hard_t0004,724,4,120,formal_tps30,low_snr_hard,7.5,4,combined_int16,3,3,1,1,1,0,0,0,0
724,cp08p00_low_snr_hard_t0004,724,4,120,formal_tps30,low_snr_hard,7.5,4,combined_int16,5,5,1,1,1,0,0,0,0
724,cp08p00_low_snr_hard_t0004,724,4,120,formal_tps30,low_snr_hard,7.5,4,combined_int16,10,10,1,1,1,0,0,0,0
724,cp08p00_low_snr_hard_t0004,724,4,120,formal_tps30,low_snr_hard,7.5,4,combined_int18,1,1,1,1,1,0,0,0,0
724,cp08p00_low_snr_hard_t0004,724,4,120,formal_tps30,low_snr_hard,7.5,4,combined_int18,3,3,1,1,1,0,0,0,0
724,cp08p00_low_snr_hard_t0004,724,4,120,formal_tps30,low_snr_hard,7.5,4,combined_int18,5,5,1,1,1,0,0,0,0
724,cp08p00_low_snr_hard_t0004,724,4,120,formal_tps30,low_snr_hard,7.5,4,combined_int18,10,10,1,1,1,0,0,0,0
724,cp08p00_low_snr_hard_t0004,724,4,120,formal_tps30,low_snr_hard,7.5,4,combined_int24,1,1,1,1,1,0,0,0,0
724,cp08p00_low_snr_hard_t0004,724,4,120,formal_tps30,low_snr_hard,7.5,4,combined_int24,3,3,1,1,1,0,0,0,0
724,cp08p00_low_snr_hard_t0004,724,4,120,formal_tps30,low_snr_hard,7.5,4,combined_int24,5,5,1,1,1,0,0,0,0
724,cp08p00_low_snr_hard_t0004,724,4,120,formal_tps30,low_snr_hard,7.5,4,combined_int24,10,10,1,1,1,0,0,0,0
724,cp08p00_low_snr_hard_t0004,724,4,120,formal_tps30,low_snr_hard,7.5,4,mixed_Z16_G24_Rz24,1,1,1,1,1,0,0,0,0
724,cp08p00_low_snr_hard_t0004,724,4,120,formal_tps30,low_snr_hard,7.5,4,mixed_Z16_G24_Rz24,3,3,1,1,1,0,0,0,0
724,cp08p00_low_snr_hard_t0004,724,4,120,formal_tps30,low_snr_hard,7.5,4,mixed_Z16_G24_Rz24,5,5,1,1,1,0,0,0,0
724,cp08p00_low_snr_hard_t0004,724,4,120,formal_tps30,low_snr_hard,7.5,4,mixed_Z16_G24_Rz24,10,10,1,1,1,0,0,0,0
724,cp08p00_low_snr_hard_t0004,724,4,120,formal_tps30,low_snr_hard,7.5,4,combined_int14,1,1,1,1,1,0,0,0,0
724,cp08p00_low_snr_hard_t0004,724,4,120,formal_tps30,low_snr_hard,7.5,4,combined_int14,3,3,1,1,1,0,0,0,0
724,cp08p00_low_snr_hard_t0004,724,4,120,formal_tps30,low_snr_hard,7.5,4,combined_int14,5,5,0,0,0.666666666666667,1,0.2,0,0
724,cp08p00_low_snr_hard_t0004,724,4,120,formal_tps30,low_snr_hard,7.5,4,combined_int14,10,10,0,1,1,0,0,0,0
724,cp08p00_low_snr_hard_t0004,724,4,120,formal_tps30,low_snr_hard,7.5,4,W_int18_G24_Z16,1,1,1,1,1,0,0,0,0
724,cp08p00_low_snr_hard_t0004,724,4,120,formal_tps30,low_snr_hard,7.5,4,W_int18_G24_Z16,3,3,1,1,1,0,0,0,0
724,cp08p00_low_snr_hard_t0004,724,4,120,formal_tps30,low_snr_hard,7.5,4,W_int18_G24_Z16,5,5,1,1,1,0,0,0,0
724,cp08p00_low_snr_hard_t0004,724,4,120,formal_tps30,low_snr_hard,7.5,4,W_int18_G24_Z16,10,10,1,1,1,0,0,0,0
844,cp08p00_cache_boundary_center_t0004,844,4,120,formal_tps30,cache_boundary_center,7.5,4,double_baseline,1,1,1,1,1,0,0,1,1
844,cp08p00_cache_boundary_center_t0004,844,4,120,formal_tps30,cache_boundary_center,7.5,4,double_baseline,3,3,1,1,1,0,0,1,1
844,cp08p00_cache_boundary_center_t0004,844,4,120,formal_tps30,cache_boundary_center,7.5,4,double_baseline,5,5,1,1,1,0,0,1,1
844,cp08p00_cache_boundary_center_t0004,844,4,120,formal_tps30,cache_boundary_center,7.5,4,double_baseline,10,10,1,1,1,0,0,1,1
844,cp08p00_cache_boundary_center_t0004,844,4,120,formal_tps30,cache_boundary_center,7.5,4,float32_all,1,1,1,1,1,0,0,1,1
844,cp08p00_cache_boundary_center_t0004,844,4,120,formal_tps30,cache_boundary_center,7.5,4,float32_all,3,3,1,1,1,0,0,1,1
844,cp08p00_cache_boundary_center_t0004,844,4,120,formal_tps30,cache_boundary_center,7.5,4,float32_all,5,5,1,1,1,0,0,1,1
844,cp08p00_cache_boundary_center_t0004,844,4,120,formal_tps30,cache_boundary_center,7.5,4,float32_all,10,10,1,1,1,0,0,1,1
844,cp08p00_cache_boundary_center_t0004,844,4,120,formal_tps30,cache_boundary_center,7.5,4,combined_int16,1,1,1,1,1,0,0,1,1
844,cp08p00_cache_boundary_center_t0004,844,4,120,formal_tps30,cache_boundary_center,7.5,4,combined_int16,3,3,1,1,1,0,0,1,1
844,cp08p00_cache_boundary_center_t0004,844,4,120,formal_tps30,cache_boundary_center,7.5,4,combined_int16,5,5,1,1,1,0,0,1,1
844,cp08p00_cache_boundary_center_t0004,844,4,120,formal_tps30,cache_boundary_center,7.5,4,combined_int16,10,10,1,1,1,0,0,1,1
844,cp08p00_cache_boundary_center_t0004,844,4,120,formal_tps30,cache_boundary_center,7.5,4,combined_int18,1,1,1,1,1,0,0,1,1
844,cp08p00_cache_boundary_center_t0004,844,4,120,formal_tps30,cache_boundary_center,7.5,4,combined_int18,3,3,1,1,1,0,0,1,1
844,cp08p00_cache_boundary_center_t0004,844,4,120,formal_tps30,cache_boundary_center,7.5,4,combined_int18,5,5,1,1,1,0,0,1,1
844,cp08p00_cache_boundary_center_t0004,844,4,120,formal_tps30,cache_boundary_center,7.5,4,combined_int18,10,10,1,1,1,0,0,1,1
844,cp08p00_cache_boundary_center_t0004,844,4,120,formal_tps30,cache_boundary_center,7.5,4,combined_int24,1,1,1,1,1,0,0,1,1
844,cp08p00_cache_boundary_center_t0004,844,4,120,formal_tps30,cache_boundary_center,7.5,4,combined_int24,3,3,1,1,1,0,0,1,1
844,cp08p00_cache_boundary_center_t0004,844,4,120,formal_tps30,cache_boundary_center,7.5,4,combined_int24,5,5,1,1,1,0,0,1,1
844,cp08p00_cache_boundary_center_t0004,844,4,120,formal_tps30,cache_boundary_center,7.5,4,combined_int24,10,10,1,1,1,0,0,1,1
844,cp08p00_cache_boundary_center_t0004,844,4,120,formal_tps30,cache_boundary_center,7.5,4,mixed_Z16_G24_Rz24,1,1,1,1,1,0,0,1,1
844,cp08p00_cache_boundary_center_t0004,844,4,120,formal_tps30,cache_boundary_center,7.5,4,mixed_Z16_G24_Rz24,3,3,1,1,1,0,0,1,1
844,cp08p00_cache_boundary_center_t0004,844,4,120,formal_tps30,cache_boundary_center,7.5,4,mixed_Z16_G24_Rz24,5,5,1,1,1,0,0,1,1
844,cp08p00_cache_boundary_center_t0004,844,4,120,formal_tps30,cache_boundary_center,7.5,4,mixed_Z16_G24_Rz24,10,10,1,1,1,0,0,1,1
844,cp08p00_cache_boundary_center_t0004,844,4,120,formal_tps30,cache_boundary_center,7.5,4,combined_int14,1,1,1,1,1,0,0,1,1
844,cp08p00_cache_boundary_center_t0004,844,4,120,formal_tps30,cache_boundary_center,7.5,4,combined_int14,3,3,1,1,1,0,0,1,1
844,cp08p00_cache_boundary_center_t0004,844,4,120,formal_tps30,cache_boundary_center,7.5,4,combined_int14,5,5,1,1,1,0,0,1,1
844,cp08p00_cache_boundary_center_t0004,844,4,120,formal_tps30,cache_boundary_center,7.5,4,combined_int14,10,10,1,1,1,0,0,1,1
844,cp08p00_cache_boundary_center_t0004,844,4,120,formal_tps30,cache_boundary_center,7.5,4,W_int18_G24_Z16,1,1,1,1,1,0,0,1,1
844,cp08p00_cache_boundary_center_t0004,844,4,120,formal_tps30,cache_boundary_center,7.5,4,W_int18_G24_Z16,3,3,1,1,1,0,0,1,1
844,cp08p00_cache_boundary_center_t0004,844,4,120,formal_tps30,cache_boundary_center,7.5,4,W_int18_G24_Z16,5,5,1,1,1,0,0,1,1
844,cp08p00_cache_boundary_center_t0004,844,4,120,formal_tps30,cache_boundary_center,7.5,4,W_int18_G24_Z16,10,10,1,1,1,0,0,1,1
964,cp15p00_hard_phase_t0004,964,4,120,formal_tps30,hard_phase,15,4,double_baseline,1,1,1,1,1,0,0,1,1
964,cp15p00_hard_phase_t0004,964,4,120,formal_tps30,hard_phase,15,4,double_baseline,3,3,1,1,1,0,0,1,1
964,cp15p00_hard_phase_t0004,964,4,120,formal_tps30,hard_phase,15,4,double_baseline,5,5,1,1,1,0,0,1,1
964,cp15p00_hard_phase_t0004,964,4,120,formal_tps30,hard_phase,15,4,double_baseline,10,10,1,1,1,0,0,1,1
964,cp15p00_hard_phase_t0004,964,4,120,formal_tps30,hard_phase,15,4,float32_all,1,1,1,1,1,0,0,1,1
964,cp15p00_hard_phase_t0004,964,4,120,formal_tps30,hard_phase,15,4,float32_all,3,3,1,1,1,0,0,1,1
964,cp15p00_hard_phase_t0004,964,4,120,formal_tps30,hard_phase,15,4,float32_all,5,5,1,1,1,0,0,1,1
964,cp15p00_hard_phase_t0004,964,4,120,formal_tps30,hard_phase,15,4,float32_all,10,10,1,1,1,0,0,1,1
964,cp15p00_hard_phase_t0004,964,4,120,formal_tps30,hard_phase,15,4,combined_int16,1,1,1,1,1,0,0,1,1
964,cp15p00_hard_phase_t0004,964,4,120,formal_tps30,hard_phase,15,4,combined_int16,3,3,1,1,1,0,0,1,1
964,cp15p00_hard_phase_t0004,964,4,120,formal_tps30,hard_phase,15,4,combined_int16,5,5,1,1,1,0,0,1,1
964,cp15p00_hard_phase_t0004,964,4,120,formal_tps30,hard_phase,15,4,combined_int16,10,10,1,1,1,0,0,1,1
964,cp15p00_hard_phase_t0004,964,4,120,formal_tps30,hard_phase,15,4,combined_int18,1,1,1,1,1,0,0,1,1
964,cp15p00_hard_phase_t0004,964,4,120,formal_tps30,hard_phase,15,4,combined_int18,3,3,1,1,1,0,0,1,1
964,cp15p00_hard_phase_t0004,964,4,120,formal_tps30,hard_phase,15,4,combined_int18,5,5,1,1,1,0,0,1,1
964,cp15p00_hard_phase_t0004,964,4,120,formal_tps30,hard_phase,15,4,combined_int18,10,10,1,1,1,0,0,1,1
964,cp15p00_hard_phase_t0004,964,4,120,formal_tps30,hard_phase,15,4,combined_int24,1,1,1,1,1,0,0,1,1
964,cp15p00_hard_phase_t0004,964,4,120,formal_tps30,hard_phase,15,4,combined_int24,3,3,1,1,1,0,0,1,1
964,cp15p00_hard_phase_t0004,964,4,120,formal_tps30,hard_phase,15,4,combined_int24,5,5,1,1,1,0,0,1,1
964,cp15p00_hard_phase_t0004,964,4,120,formal_tps30,hard_phase,15,4,combined_int24,10,10,1,1,1,0,0,1,1
964,cp15p00_hard_phase_t0004,964,4,120,formal_tps30,hard_phase,15,4,mixed_Z16_G24_Rz24,1,1,1,1,1,0,0,1,1
964,cp15p00_hard_phase_t0004,964,4,120,formal_tps30,hard_phase,15,4,mixed_Z16_G24_Rz24,3,3,1,1,1,0,0,1,1
964,cp15p00_hard_phase_t0004,964,4,120,formal_tps30,hard_phase,15,4,mixed_Z16_G24_Rz24,5,5,1,1,1,0,0,1,1
964,cp15p00_hard_phase_t0004,964,4,120,formal_tps30,hard_phase,15,4,mixed_Z16_G24_Rz24,10,10,1,1,1,0,0,1,1
964,cp15p00_hard_phase_t0004,964,4,120,formal_tps30,hard_phase,15,4,combined_int14,1,1,1,1,1,0,0,1,1
964,cp15p00_hard_phase_t0004,964,4,120,formal_tps30,hard_phase,15,4,combined_int14,3,3,1,1,1,0,0,1,1
964,cp15p00_hard_phase_t0004,964,4,120,formal_tps30,hard_phase,15,4,combined_int14,5,5,1,1,1,0,0,1,1
964,cp15p00_hard_phase_t0004,964,4,120,formal_tps30,hard_phase,15,4,combined_int14,10,10,1,1,1,0,0,1,1
964,cp15p00_hard_phase_t0004,964,4,120,formal_tps30,hard_phase,15,4,W_int18_G24_Z16,1,1,1,1,1,0,0,1,1
964,cp15p00_hard_phase_t0004,964,4,120,formal_tps30,hard_phase,15,4,W_int18_G24_Z16,3,3,1,1,1,0,0,1,1
964,cp15p00_hard_phase_t0004,964,4,120,formal_tps30,hard_phase,15,4,W_int18_G24_Z16,5,5,1,1,1,0,0,1,1
964,cp15p00_hard_phase_t0004,964,4,120,formal_tps30,hard_phase,15,4,W_int18_G24_Z16,10,10,1,1,1,0,0,1,1
1084,cp15p00_medium_beta_coherent_t0004,1084,4,120,formal_tps30,medium_beta_coherent,15,4,double_baseline,1,1,1,1,1,0,0,0,0
1084,cp15p00_medium_beta_coherent_t0004,1084,4,120,formal_tps30,medium_beta_coherent,15,4,double_baseline,3,3,1,1,1,0,0,0,0
1084,cp15p00_medium_beta_coherent_t0004,1084,4,120,formal_tps30,medium_beta_coherent,15,4,double_baseline,5,5,1,1,1,0,0,0,0
1084,cp15p00_medium_beta_coherent_t0004,1084,4,120,formal_tps30,medium_beta_coherent,15,4,double_baseline,10,10,1,1,1,0,0,0,0
1084,cp15p00_medium_beta_coherent_t0004,1084,4,120,formal_tps30,medium_beta_coherent,15,4,float32_all,1,1,1,1,1,0,0,0,0
1084,cp15p00_medium_beta_coherent_t0004,1084,4,120,formal_tps30,medium_beta_coherent,15,4,float32_all,3,3,1,1,1,0,0,0,0
1084,cp15p00_medium_beta_coherent_t0004,1084,4,120,formal_tps30,medium_beta_coherent,15,4,float32_all,5,5,1,1,1,0,0,0,0
1084,cp15p00_medium_beta_coherent_t0004,1084,4,120,formal_tps30,medium_beta_coherent,15,4,float32_all,10,10,1,1,1,0,0,0,0
1084,cp15p00_medium_beta_coherent_t0004,1084,4,120,formal_tps30,medium_beta_coherent,15,4,combined_int16,1,1,1,1,1,0,0,0,0
1084,cp15p00_medium_beta_coherent_t0004,1084,4,120,formal_tps30,medium_beta_coherent,15,4,combined_int16,3,3,1,1,1,0,0,0,0
1084,cp15p00_medium_beta_coherent_t0004,1084,4,120,formal_tps30,medium_beta_coherent,15,4,combined_int16,5,5,1,1,1,0,0,0,0
1084,cp15p00_medium_beta_coherent_t0004,1084,4,120,formal_tps30,medium_beta_coherent,15,4,combined_int16,10,10,1,1,1,0,0,0,0
1084,cp15p00_medium_beta_coherent_t0004,1084,4,120,formal_tps30,medium_beta_coherent,15,4,combined_int18,1,1,1,1,1,0,0,0,0
1084,cp15p00_medium_beta_coherent_t0004,1084,4,120,formal_tps30,medium_beta_coherent,15,4,combined_int18,3,3,1,1,1,0,0,0,0
1084,cp15p00_medium_beta_coherent_t0004,1084,4,120,formal_tps30,medium_beta_coherent,15,4,combined_int18,5,5,1,1,1,0,0,0,0
1084,cp15p00_medium_beta_coherent_t0004,1084,4,120,formal_tps30,medium_beta_coherent,15,4,combined_int18,10,10,1,1,1,0,0,0,0
1084,cp15p00_medium_beta_coherent_t0004,1084,4,120,formal_tps30,medium_beta_coherent,15,4,combined_int24,1,1,1,1,1,0,0,0,0
1084,cp15p00_medium_beta_coherent_t0004,1084,4,120,formal_tps30,medium_beta_coherent,15,4,combined_int24,3,3,1,1,1,0,0,0,0
1084,cp15p00_medium_beta_coherent_t0004,1084,4,120,formal_tps30,medium_beta_coherent,15,4,combined_int24,5,5,1,1,1,0,0,0,0
1084,cp15p00_medium_beta_coherent_t0004,1084,4,120,formal_tps30,medium_beta_coherent,15,4,combined_int24,10,10,1,1,1,0,0,0,0
1084,cp15p00_medium_beta_coherent_t0004,1084,4,120,formal_tps30,medium_beta_coherent,15,4,mixed_Z16_G24_Rz24,1,1,1,1,1,0,0,0,0
1084,cp15p00_medium_beta_coherent_t0004,1084,4,120,formal_tps30,medium_beta_coherent,15,4,mixed_Z16_G24_Rz24,3,3,1,1,1,0,0,0,0
1084,cp15p00_medium_beta_coherent_t0004,1084,4,120,formal_tps30,medium_beta_coherent,15,4,mixed_Z16_G24_Rz24,5,5,1,1,1,0,0,0,0
1084,cp15p00_medium_beta_coherent_t0004,1084,4,120,formal_tps30,medium_beta_coherent,15,4,mixed_Z16_G24_Rz24,10,10,1,1,1,0,0,0,0
1084,cp15p00_medium_beta_coherent_t0004,1084,4,120,formal_tps30,medium_beta_coherent,15,4,combined_int14,1,1,1,1,1,0,0,0,0
1084,cp15p00_medium_beta_coherent_t0004,1084,4,120,formal_tps30,medium_beta_coherent,15,4,combined_int14,3,3,1,1,1,0,0,0,0
1084,cp15p00_medium_beta_coherent_t0004,1084,4,120,formal_tps30,medium_beta_coherent,15,4,combined_int14,5,5,1,1,1,0,0,0,0
1084,cp15p00_medium_beta_coherent_t0004,1084,4,120,formal_tps30,medium_beta_coherent,15,4,combined_int14,10,10,1,1,1,0,0,0,0
1084,cp15p00_medium_beta_coherent_t0004,1084,4,120,formal_tps30,medium_beta_coherent,15,4,W_int18_G24_Z16,1,1,1,1,1,0,0,0,0
1084,cp15p00_medium_beta_coherent_t0004,1084,4,120,formal_tps30,medium_beta_coherent,15,4,W_int18_G24_Z16,3,3,1,1,1,0,0,0,0
1084,cp15p00_medium_beta_coherent_t0004,1084,4,120,formal_tps30,medium_beta_coherent,15,4,W_int18_G24_Z16,5,5,1,1,1,0,0,0,0
1084,cp15p00_medium_beta_coherent_t0004,1084,4,120,formal_tps30,medium_beta_coherent,15,4,W_int18_G24_Z16,10,10,1,1,1,0,0,0,0
5,cp00p00_easy_noncoherent_t0005,5,5,120,formal_tps30,easy_noncoherent,0,5,double_baseline,1,1,1,1,1,0,0,0,0
5,cp00p00_easy_noncoherent_t0005,5,5,120,formal_tps30,easy_noncoherent,0,5,double_baseline,3,3,1,1,1,0,0,0,0
5,cp00p00_easy_noncoherent_t0005,5,5,120,formal_tps30,easy_noncoherent,0,5,double_baseline,5,5,1,1,1,0,0,0,0
5,cp00p00_easy_noncoherent_t0005,5,5,120,formal_tps30,easy_noncoherent,0,5,double_baseline,10,10,1,1,1,0,0,0,0
5,cp00p00_easy_noncoherent_t0005,5,5,120,formal_tps30,easy_noncoherent,0,5,float32_all,1,1,1,1,1,0,0,0,0
5,cp00p00_easy_noncoherent_t0005,5,5,120,formal_tps30,easy_noncoherent,0,5,float32_all,3,3,1,1,1,0,0,0,0
5,cp00p00_easy_noncoherent_t0005,5,5,120,formal_tps30,easy_noncoherent,0,5,float32_all,5,5,1,1,1,0,0,0,0
5,cp00p00_easy_noncoherent_t0005,5,5,120,formal_tps30,easy_noncoherent,0,5,float32_all,10,10,1,1,1,0,0,0,0
5,cp00p00_easy_noncoherent_t0005,5,5,120,formal_tps30,easy_noncoherent,0,5,combined_int16,1,1,1,1,1,0,0,0,0
5,cp00p00_easy_noncoherent_t0005,5,5,120,formal_tps30,easy_noncoherent,0,5,combined_int16,3,3,1,1,1,0,0,0,0
5,cp00p00_easy_noncoherent_t0005,5,5,120,formal_tps30,easy_noncoherent,0,5,combined_int16,5,5,1,1,1,0,0,0,0
5,cp00p00_easy_noncoherent_t0005,5,5,120,formal_tps30,easy_noncoherent,0,5,combined_int16,10,10,1,1,1,0,0,0,0
5,cp00p00_easy_noncoherent_t0005,5,5,120,formal_tps30,easy_noncoherent,0,5,combined_int18,1,1,1,1,1,0,0,0,0
5,cp00p00_easy_noncoherent_t0005,5,5,120,formal_tps30,easy_noncoherent,0,5,combined_int18,3,3,1,1,1,0,0,0,0
5,cp00p00_easy_noncoherent_t0005,5,5,120,formal_tps30,easy_noncoherent,0,5,combined_int18,5,5,1,1,1,0,0,0,0
5,cp00p00_easy_noncoherent_t0005,5,5,120,formal_tps30,easy_noncoherent,0,5,combined_int18,10,10,1,1,1,0,0,0,0
5,cp00p00_easy_noncoherent_t0005,5,5,120,formal_tps30,easy_noncoherent,0,5,combined_int24,1,1,1,1,1,0,0,0,0
5,cp00p00_easy_noncoherent_t0005,5,5,120,formal_tps30,easy_noncoherent,0,5,combined_int24,3,3,1,1,1,0,0,0,0
5,cp00p00_easy_noncoherent_t0005,5,5,120,formal_tps30,easy_noncoherent,0,5,combined_int24,5,5,1,1,1,0,0,0,0
5,cp00p00_easy_noncoherent_t0005,5,5,120,formal_tps30,easy_noncoherent,0,5,combined_int24,10,10,1,1,1,0,0,0,0
5,cp00p00_easy_noncoherent_t0005,5,5,120,formal_tps30,easy_noncoherent,0,5,mixed_Z16_G24_Rz24,1,1,1,1,1,0,0,0,0
5,cp00p00_easy_noncoherent_t0005,5,5,120,formal_tps30,easy_noncoherent,0,5,mixed_Z16_G24_Rz24,3,3,1,1,1,0,0,0,0
5,cp00p00_easy_noncoherent_t0005,5,5,120,formal_tps30,easy_noncoherent,0,5,mixed_Z16_G24_Rz24,5,5,1,1,1,0,0,0,0
5,cp00p00_easy_noncoherent_t0005,5,5,120,formal_tps30,easy_noncoherent,0,5,mixed_Z16_G24_Rz24,10,10,1,1,1,0,0,0,0
5,cp00p00_easy_noncoherent_t0005,5,5,120,formal_tps30,easy_noncoherent,0,5,combined_int14,1,1,1,1,1,0,0,0,0
5,cp00p00_easy_noncoherent_t0005,5,5,120,formal_tps30,easy_noncoherent,0,5,combined_int14,3,3,1,1,1,0,0,0,0
5,cp00p00_easy_noncoherent_t0005,5,5,120,formal_tps30,easy_noncoherent,0,5,combined_int14,5,5,1,1,1,0,0,0,0
5,cp00p00_easy_noncoherent_t0005,5,5,120,formal_tps30,easy_noncoherent,0,5,combined_int14,10,10,1,1,1,0,0,0,0
5,cp00p00_easy_noncoherent_t0005,5,5,120,formal_tps30,easy_noncoherent,0,5,W_int18_G24_Z16,1,1,1,1,1,0,0,0,0
5,cp00p00_easy_noncoherent_t0005,5,5,120,formal_tps30,easy_noncoherent,0,5,W_int18_G24_Z16,3,3,1,1,1,0,0,0,0
5,cp00p00_easy_noncoherent_t0005,5,5,120,formal_tps30,easy_noncoherent,0,5,W_int18_G24_Z16,5,5,1,1,1,0,0,0,0
5,cp00p00_easy_noncoherent_t0005,5,5,120,formal_tps30,easy_noncoherent,0,5,W_int18_G24_Z16,10,10,1,1,1,0,0,0,0
125,cp00p00_low_snr_hard_t0005,125,5,120,formal_tps30,low_snr_hard,0,5,double_baseline,1,1,1,1,1,0,0,0,0
125,cp00p00_low_snr_hard_t0005,125,5,120,formal_tps30,low_snr_hard,0,5,double_baseline,3,3,1,1,1,0,0,0,0
125,cp00p00_low_snr_hard_t0005,125,5,120,formal_tps30,low_snr_hard,0,5,double_baseline,5,5,1,1,1,0,0,0,0
125,cp00p00_low_snr_hard_t0005,125,5,120,formal_tps30,low_snr_hard,0,5,double_baseline,10,10,1,1,1,0,0,0,0
125,cp00p00_low_snr_hard_t0005,125,5,120,formal_tps30,low_snr_hard,0,5,float32_all,1,1,1,1,1,0,0,0,0
125,cp00p00_low_snr_hard_t0005,125,5,120,formal_tps30,low_snr_hard,0,5,float32_all,3,3,1,1,1,0,0,0,0
125,cp00p00_low_snr_hard_t0005,125,5,120,formal_tps30,low_snr_hard,0,5,float32_all,5,5,1,1,1,0,0,0,0
125,cp00p00_low_snr_hard_t0005,125,5,120,formal_tps30,low_snr_hard,0,5,float32_all,10,10,1,1,1,0,0,0,0
125,cp00p00_low_snr_hard_t0005,125,5,120,formal_tps30,low_snr_hard,0,5,combined_int16,1,1,1,1,1,0,0,0,0
125,cp00p00_low_snr_hard_t0005,125,5,120,formal_tps30,low_snr_hard,0,5,combined_int16,3,3,1,1,1,0,0,0,0
125,cp00p00_low_snr_hard_t0005,125,5,120,formal_tps30,low_snr_hard,0,5,combined_int16,5,5,1,1,1,0,0,0,0
125,cp00p00_low_snr_hard_t0005,125,5,120,formal_tps30,low_snr_hard,0,5,combined_int16,10,10,1,1,1,0,0,0,0
125,cp00p00_low_snr_hard_t0005,125,5,120,formal_tps30,low_snr_hard,0,5,combined_int18,1,1,1,1,1,0,0,0,0
125,cp00p00_low_snr_hard_t0005,125,5,120,formal_tps30,low_snr_hard,0,5,combined_int18,3,3,1,1,1,0,0,0,0
125,cp00p00_low_snr_hard_t0005,125,5,120,formal_tps30,low_snr_hard,0,5,combined_int18,5,5,1,1,1,0,0,0,0
125,cp00p00_low_snr_hard_t0005,125,5,120,formal_tps30,low_snr_hard,0,5,combined_int18,10,10,1,1,1,0,0,0,0
125,cp00p00_low_snr_hard_t0005,125,5,120,formal_tps30,low_snr_hard,0,5,combined_int24,1,1,1,1,1,0,0,0,0
125,cp00p00_low_snr_hard_t0005,125,5,120,formal_tps30,low_snr_hard,0,5,combined_int24,3,3,1,1,1,0,0,0,0
125,cp00p00_low_snr_hard_t0005,125,5,120,formal_tps30,low_snr_hard,0,5,combined_int24,5,5,1,1,1,0,0,0,0
125,cp00p00_low_snr_hard_t0005,125,5,120,formal_tps30,low_snr_hard,0,5,combined_int24,10,10,1,1,1,0,0,0,0
125,cp00p00_low_snr_hard_t0005,125,5,120,formal_tps30,low_snr_hard,0,5,mixed_Z16_G24_Rz24,1,1,1,1,1,0,0,0,0
125,cp00p00_low_snr_hard_t0005,125,5,120,formal_tps30,low_snr_hard,0,5,mixed_Z16_G24_Rz24,3,3,1,1,1,0,0,0,0
125,cp00p00_low_snr_hard_t0005,125,5,120,formal_tps30,low_snr_hard,0,5,mixed_Z16_G24_Rz24,5,5,1,1,1,0,0,0,0
125,cp00p00_low_snr_hard_t0005,125,5,120,formal_tps30,low_snr_hard,0,5,mixed_Z16_G24_Rz24,10,10,1,1,1,0,0,0,0
125,cp00p00_low_snr_hard_t0005,125,5,120,formal_tps30,low_snr_hard,0,5,combined_int14,1,1,1,1,1,0,0,0,0
125,cp00p00_low_snr_hard_t0005,125,5,120,formal_tps30,low_snr_hard,0,5,combined_int14,3,3,0,1,1,0,0,0,0
125,cp00p00_low_snr_hard_t0005,125,5,120,formal_tps30,low_snr_hard,0,5,combined_int14,5,5,0,1,1,0,0,0,0
125,cp00p00_low_snr_hard_t0005,125,5,120,formal_tps30,low_snr_hard,0,5,combined_int14,10,10,0,1,1,0,0,0,0
125,cp00p00_low_snr_hard_t0005,125,5,120,formal_tps30,low_snr_hard,0,5,W_int18_G24_Z16,1,1,1,1,1,0,0,0,0
125,cp00p00_low_snr_hard_t0005,125,5,120,formal_tps30,low_snr_hard,0,5,W_int18_G24_Z16,3,3,1,1,1,0,0,0,0
125,cp00p00_low_snr_hard_t0005,125,5,120,formal_tps30,low_snr_hard,0,5,W_int18_G24_Z16,5,5,1,1,1,0,0,0,0
125,cp00p00_low_snr_hard_t0005,125,5,120,formal_tps30,low_snr_hard,0,5,W_int18_G24_Z16,10,10,1,1,1,0,0,0,0
245,cp00p00_cache_boundary_center_t0005,245,5,120,formal_tps30,cache_boundary_center,0,5,double_baseline,1,1,1,1,1,0,0,1,1
245,cp00p00_cache_boundary_center_t0005,245,5,120,formal_tps30,cache_boundary_center,0,5,double_baseline,3,3,1,1,1,0,0,1,1
245,cp00p00_cache_boundary_center_t0005,245,5,120,formal_tps30,cache_boundary_center,0,5,double_baseline,5,5,1,1,1,0,0,1,1
245,cp00p00_cache_boundary_center_t0005,245,5,120,formal_tps30,cache_boundary_center,0,5,double_baseline,10,10,1,1,1,0,0,1,1
245,cp00p00_cache_boundary_center_t0005,245,5,120,formal_tps30,cache_boundary_center,0,5,float32_all,1,1,1,1,1,0,0,1,1
245,cp00p00_cache_boundary_center_t0005,245,5,120,formal_tps30,cache_boundary_center,0,5,float32_all,3,3,1,1,1,0,0,1,1
245,cp00p00_cache_boundary_center_t0005,245,5,120,formal_tps30,cache_boundary_center,0,5,float32_all,5,5,1,1,1,0,0,1,1
245,cp00p00_cache_boundary_center_t0005,245,5,120,formal_tps30,cache_boundary_center,0,5,float32_all,10,10,1,1,1,0,0,1,1
245,cp00p00_cache_boundary_center_t0005,245,5,120,formal_tps30,cache_boundary_center,0,5,combined_int16,1,1,1,1,1,0,0,1,1
245,cp00p00_cache_boundary_center_t0005,245,5,120,formal_tps30,cache_boundary_center,0,5,combined_int16,3,3,1,1,1,0,0,1,1
245,cp00p00_cache_boundary_center_t0005,245,5,120,formal_tps30,cache_boundary_center,0,5,combined_int16,5,5,1,1,1,0,0,1,1
245,cp00p00_cache_boundary_center_t0005,245,5,120,formal_tps30,cache_boundary_center,0,5,combined_int16,10,10,1,1,1,0,0,1,1
245,cp00p00_cache_boundary_center_t0005,245,5,120,formal_tps30,cache_boundary_center,0,5,combined_int18,1,1,1,1,1,0,0,1,1
245,cp00p00_cache_boundary_center_t0005,245,5,120,formal_tps30,cache_boundary_center,0,5,combined_int18,3,3,1,1,1,0,0,1,1
245,cp00p00_cache_boundary_center_t0005,245,5,120,formal_tps30,cache_boundary_center,0,5,combined_int18,5,5,1,1,1,0,0,1,1
245,cp00p00_cache_boundary_center_t0005,245,5,120,formal_tps30,cache_boundary_center,0,5,combined_int18,10,10,1,1,1,0,0,1,1
245,cp00p00_cache_boundary_center_t0005,245,5,120,formal_tps30,cache_boundary_center,0,5,combined_int24,1,1,1,1,1,0,0,1,1
245,cp00p00_cache_boundary_center_t0005,245,5,120,formal_tps30,cache_boundary_center,0,5,combined_int24,3,3,1,1,1,0,0,1,1
245,cp00p00_cache_boundary_center_t0005,245,5,120,formal_tps30,cache_boundary_center,0,5,combined_int24,5,5,1,1,1,0,0,1,1
245,cp00p00_cache_boundary_center_t0005,245,5,120,formal_tps30,cache_boundary_center,0,5,combined_int24,10,10,1,1,1,0,0,1,1
245,cp00p00_cache_boundary_center_t0005,245,5,120,formal_tps30,cache_boundary_center,0,5,mixed_Z16_G24_Rz24,1,1,1,1,1,0,0,1,1
245,cp00p00_cache_boundary_center_t0005,245,5,120,formal_tps30,cache_boundary_center,0,5,mixed_Z16_G24_Rz24,3,3,1,1,1,0,0,1,1
245,cp00p00_cache_boundary_center_t0005,245,5,120,formal_tps30,cache_boundary_center,0,5,mixed_Z16_G24_Rz24,5,5,1,1,1,0,0,1,1
245,cp00p00_cache_boundary_center_t0005,245,5,120,formal_tps30,cache_boundary_center,0,5,mixed_Z16_G24_Rz24,10,10,1,1,1,0,0,1,1
245,cp00p00_cache_boundary_center_t0005,245,5,120,formal_tps30,cache_boundary_center,0,5,combined_int14,1,1,1,1,1,0,0,1,1
245,cp00p00_cache_boundary_center_t0005,245,5,120,formal_tps30,cache_boundary_center,0,5,combined_int14,3,3,1,1,1,0,0,1,1
245,cp00p00_cache_boundary_center_t0005,245,5,120,formal_tps30,cache_boundary_center,0,5,combined_int14,5,5,1,1,1,0,0,1,1
245,cp00p00_cache_boundary_center_t0005,245,5,120,formal_tps30,cache_boundary_center,0,5,combined_int14,10,10,1,1,1,0,0,1,1
245,cp00p00_cache_boundary_center_t0005,245,5,120,formal_tps30,cache_boundary_center,0,5,W_int18_G24_Z16,1,1,1,1,1,0,0,1,1
245,cp00p00_cache_boundary_center_t0005,245,5,120,formal_tps30,cache_boundary_center,0,5,W_int18_G24_Z16,3,3,1,1,1,0,0,1,1
245,cp00p00_cache_boundary_center_t0005,245,5,120,formal_tps30,cache_boundary_center,0,5,W_int18_G24_Z16,5,5,1,1,1,0,0,1,1
245,cp00p00_cache_boundary_center_t0005,245,5,120,formal_tps30,cache_boundary_center,0,5,W_int18_G24_Z16,10,10,1,1,1,0,0,1,1
365,cp04p00_hard_phase_t0005,365,5,120,formal_tps30,hard_phase,3.75,5,double_baseline,1,1,1,1,1,0,0,1,1
365,cp04p00_hard_phase_t0005,365,5,120,formal_tps30,hard_phase,3.75,5,double_baseline,3,3,1,1,1,0,0,1,1
365,cp04p00_hard_phase_t0005,365,5,120,formal_tps30,hard_phase,3.75,5,double_baseline,5,5,1,1,1,0,0,1,1
365,cp04p00_hard_phase_t0005,365,5,120,formal_tps30,hard_phase,3.75,5,double_baseline,10,10,1,1,1,0,0,1,1
365,cp04p00_hard_phase_t0005,365,5,120,formal_tps30,hard_phase,3.75,5,float32_all,1,1,1,1,1,0,0,1,1
365,cp04p00_hard_phase_t0005,365,5,120,formal_tps30,hard_phase,3.75,5,float32_all,3,3,1,1,1,0,0,1,1
365,cp04p00_hard_phase_t0005,365,5,120,formal_tps30,hard_phase,3.75,5,float32_all,5,5,1,1,1,0,0,1,1
365,cp04p00_hard_phase_t0005,365,5,120,formal_tps30,hard_phase,3.75,5,float32_all,10,10,1,1,1,0,0,1,1
365,cp04p00_hard_phase_t0005,365,5,120,formal_tps30,hard_phase,3.75,5,combined_int16,1,1,1,1,1,0,0,1,1
365,cp04p00_hard_phase_t0005,365,5,120,formal_tps30,hard_phase,3.75,5,combined_int16,3,3,1,1,1,0,0,1,1
365,cp04p00_hard_phase_t0005,365,5,120,formal_tps30,hard_phase,3.75,5,combined_int16,5,5,1,1,1,0,0,1,1
365,cp04p00_hard_phase_t0005,365,5,120,formal_tps30,hard_phase,3.75,5,combined_int16,10,10,1,1,1,0,0,1,1
365,cp04p00_hard_phase_t0005,365,5,120,formal_tps30,hard_phase,3.75,5,combined_int18,1,1,1,1,1,0,0,1,1
365,cp04p00_hard_phase_t0005,365,5,120,formal_tps30,hard_phase,3.75,5,combined_int18,3,3,1,1,1,0,0,1,1
365,cp04p00_hard_phase_t0005,365,5,120,formal_tps30,hard_phase,3.75,5,combined_int18,5,5,1,1,1,0,0,1,1
365,cp04p00_hard_phase_t0005,365,5,120,formal_tps30,hard_phase,3.75,5,combined_int18,10,10,1,1,1,0,0,1,1
365,cp04p00_hard_phase_t0005,365,5,120,formal_tps30,hard_phase,3.75,5,combined_int24,1,1,1,1,1,0,0,1,1
365,cp04p00_hard_phase_t0005,365,5,120,formal_tps30,hard_phase,3.75,5,combined_int24,3,3,1,1,1,0,0,1,1
365,cp04p00_hard_phase_t0005,365,5,120,formal_tps30,hard_phase,3.75,5,combined_int24,5,5,1,1,1,0,0,1,1
365,cp04p00_hard_phase_t0005,365,5,120,formal_tps30,hard_phase,3.75,5,combined_int24,10,10,1,1,1,0,0,1,1
365,cp04p00_hard_phase_t0005,365,5,120,formal_tps30,hard_phase,3.75,5,mixed_Z16_G24_Rz24,1,1,1,1,1,0,0,1,1
365,cp04p00_hard_phase_t0005,365,5,120,formal_tps30,hard_phase,3.75,5,mixed_Z16_G24_Rz24,3,3,1,1,1,0,0,1,1
365,cp04p00_hard_phase_t0005,365,5,120,formal_tps30,hard_phase,3.75,5,mixed_Z16_G24_Rz24,5,5,1,1,1,0,0,1,1
365,cp04p00_hard_phase_t0005,365,5,120,formal_tps30,hard_phase,3.75,5,mixed_Z16_G24_Rz24,10,10,1,1,1,0,0,1,1
365,cp04p00_hard_phase_t0005,365,5,120,formal_tps30,hard_phase,3.75,5,combined_int14,1,1,1,1,1,0,0,1,1
365,cp04p00_hard_phase_t0005,365,5,120,formal_tps30,hard_phase,3.75,5,combined_int14,3,3,1,1,1,0,0,1,1
365,cp04p00_hard_phase_t0005,365,5,120,formal_tps30,hard_phase,3.75,5,combined_int14,5,5,1,1,1,0,0,1,1
365,cp04p00_hard_phase_t0005,365,5,120,formal_tps30,hard_phase,3.75,5,combined_int14,10,10,1,1,1,0,0,1,1
365,cp04p00_hard_phase_t0005,365,5,120,formal_tps30,hard_phase,3.75,5,W_int18_G24_Z16,1,1,1,1,1,0,0,1,1
365,cp04p00_hard_phase_t0005,365,5,120,formal_tps30,hard_phase,3.75,5,W_int18_G24_Z16,3,3,1,1,1,0,0,1,1
365,cp04p00_hard_phase_t0005,365,5,120,formal_tps30,hard_phase,3.75,5,W_int18_G24_Z16,5,5,1,1,1,0,0,1,1
365,cp04p00_hard_phase_t0005,365,5,120,formal_tps30,hard_phase,3.75,5,W_int18_G24_Z16,10,10,1,1,1,0,0,1,1
485,cp04p00_medium_beta_coherent_t0005,485,5,120,formal_tps30,medium_beta_coherent,3.75,5,double_baseline,1,1,1,1,1,0,0,1,1
485,cp04p00_medium_beta_coherent_t0005,485,5,120,formal_tps30,medium_beta_coherent,3.75,5,double_baseline,3,3,1,1,1,0,0,1,1
485,cp04p00_medium_beta_coherent_t0005,485,5,120,formal_tps30,medium_beta_coherent,3.75,5,double_baseline,5,5,1,1,1,0,0,1,1
485,cp04p00_medium_beta_coherent_t0005,485,5,120,formal_tps30,medium_beta_coherent,3.75,5,double_baseline,10,10,1,1,1,0,0,1,1
485,cp04p00_medium_beta_coherent_t0005,485,5,120,formal_tps30,medium_beta_coherent,3.75,5,float32_all,1,1,1,1,1,0,0,1,1
485,cp04p00_medium_beta_coherent_t0005,485,5,120,formal_tps30,medium_beta_coherent,3.75,5,float32_all,3,3,1,1,1,0,0,1,1
485,cp04p00_medium_beta_coherent_t0005,485,5,120,formal_tps30,medium_beta_coherent,3.75,5,float32_all,5,5,1,1,1,0,0,1,1
485,cp04p00_medium_beta_coherent_t0005,485,5,120,formal_tps30,medium_beta_coherent,3.75,5,float32_all,10,10,1,1,1,0,0,1,1
485,cp04p00_medium_beta_coherent_t0005,485,5,120,formal_tps30,medium_beta_coherent,3.75,5,combined_int16,1,1,1,1,1,0,0,1,1
485,cp04p00_medium_beta_coherent_t0005,485,5,120,formal_tps30,medium_beta_coherent,3.75,5,combined_int16,3,3,1,1,1,0,0,1,1
485,cp04p00_medium_beta_coherent_t0005,485,5,120,formal_tps30,medium_beta_coherent,3.75,5,combined_int16,5,5,1,1,1,0,0,1,1
485,cp04p00_medium_beta_coherent_t0005,485,5,120,formal_tps30,medium_beta_coherent,3.75,5,combined_int16,10,10,1,1,1,0,0,1,1
485,cp04p00_medium_beta_coherent_t0005,485,5,120,formal_tps30,medium_beta_coherent,3.75,5,combined_int18,1,1,1,1,1,0,0,1,1
485,cp04p00_medium_beta_coherent_t0005,485,5,120,formal_tps30,medium_beta_coherent,3.75,5,combined_int18,3,3,1,1,1,0,0,1,1
485,cp04p00_medium_beta_coherent_t0005,485,5,120,formal_tps30,medium_beta_coherent,3.75,5,combined_int18,5,5,1,1,1,0,0,1,1
485,cp04p00_medium_beta_coherent_t0005,485,5,120,formal_tps30,medium_beta_coherent,3.75,5,combined_int18,10,10,1,1,1,0,0,1,1
485,cp04p00_medium_beta_coherent_t0005,485,5,120,formal_tps30,medium_beta_coherent,3.75,5,combined_int24,1,1,1,1,1,0,0,1,1
485,cp04p00_medium_beta_coherent_t0005,485,5,120,formal_tps30,medium_beta_coherent,3.75,5,combined_int24,3,3,1,1,1,0,0,1,1
485,cp04p00_medium_beta_coherent_t0005,485,5,120,formal_tps30,medium_beta_coherent,3.75,5,combined_int24,5,5,1,1,1,0,0,1,1
485,cp04p00_medium_beta_coherent_t0005,485,5,120,formal_tps30,medium_beta_coherent,3.75,5,combined_int24,10,10,1,1,1,0,0,1,1
485,cp04p00_medium_beta_coherent_t0005,485,5,120,formal_tps30,medium_beta_coherent,3.75,5,mixed_Z16_G24_Rz24,1,1,1,1,1,0,0,1,1
485,cp04p00_medium_beta_coherent_t0005,485,5,120,formal_tps30,medium_beta_coherent,3.75,5,mixed_Z16_G24_Rz24,3,3,1,1,1,0,0,1,1
485,cp04p00_medium_beta_coherent_t0005,485,5,120,formal_tps30,medium_beta_coherent,3.75,5,mixed_Z16_G24_Rz24,5,5,1,1,1,0,0,1,1
485,cp04p00_medium_beta_coherent_t0005,485,5,120,formal_tps30,medium_beta_coherent,3.75,5,mixed_Z16_G24_Rz24,10,10,1,1,1,0,0,1,1
485,cp04p00_medium_beta_coherent_t0005,485,5,120,formal_tps30,medium_beta_coherent,3.75,5,combined_int14,1,1,1,1,1,0,0,1,1
485,cp04p00_medium_beta_coherent_t0005,485,5,120,formal_tps30,medium_beta_coherent,3.75,5,combined_int14,3,3,0,0,0.5,1,0.333333333333333,1,0
485,cp04p00_medium_beta_coherent_t0005,485,5,120,formal_tps30,medium_beta_coherent,3.75,5,combined_int14,5,5,0,1,1,0,0,1,1
485,cp04p00_medium_beta_coherent_t0005,485,5,120,formal_tps30,medium_beta_coherent,3.75,5,combined_int14,10,10,0,1,1,0,0,1,1
485,cp04p00_medium_beta_coherent_t0005,485,5,120,formal_tps30,medium_beta_coherent,3.75,5,W_int18_G24_Z16,1,1,1,1,1,0,0,1,1
485,cp04p00_medium_beta_coherent_t0005,485,5,120,formal_tps30,medium_beta_coherent,3.75,5,W_int18_G24_Z16,3,3,1,1,1,0,0,1,1
485,cp04p00_medium_beta_coherent_t0005,485,5,120,formal_tps30,medium_beta_coherent,3.75,5,W_int18_G24_Z16,5,5,1,1,1,0,0,1,1
485,cp04p00_medium_beta_coherent_t0005,485,5,120,formal_tps30,medium_beta_coherent,3.75,5,W_int18_G24_Z16,10,10,1,1,1,0,0,1,1
605,cp08p00_easy_noncoherent_t0005,605,5,120,formal_tps30,easy_noncoherent,7.5,5,double_baseline,1,1,1,1,1,0,0,0,0
605,cp08p00_easy_noncoherent_t0005,605,5,120,formal_tps30,easy_noncoherent,7.5,5,double_baseline,3,3,1,1,1,0,0,0,0
605,cp08p00_easy_noncoherent_t0005,605,5,120,formal_tps30,easy_noncoherent,7.5,5,double_baseline,5,5,1,1,1,0,0,0,0
605,cp08p00_easy_noncoherent_t0005,605,5,120,formal_tps30,easy_noncoherent,7.5,5,double_baseline,10,10,1,1,1,0,0,0,0
605,cp08p00_easy_noncoherent_t0005,605,5,120,formal_tps30,easy_noncoherent,7.5,5,float32_all,1,1,1,1,1,0,0,0,0
605,cp08p00_easy_noncoherent_t0005,605,5,120,formal_tps30,easy_noncoherent,7.5,5,float32_all,3,3,1,1,1,0,0,0,0
605,cp08p00_easy_noncoherent_t0005,605,5,120,formal_tps30,easy_noncoherent,7.5,5,float32_all,5,5,1,1,1,0,0,0,0
605,cp08p00_easy_noncoherent_t0005,605,5,120,formal_tps30,easy_noncoherent,7.5,5,float32_all,10,10,1,1,1,0,0,0,0
605,cp08p00_easy_noncoherent_t0005,605,5,120,formal_tps30,easy_noncoherent,7.5,5,combined_int16,1,1,1,1,1,0,0,0,0
605,cp08p00_easy_noncoherent_t0005,605,5,120,formal_tps30,easy_noncoherent,7.5,5,combined_int16,3,3,1,1,1,0,0,0,0
605,cp08p00_easy_noncoherent_t0005,605,5,120,formal_tps30,easy_noncoherent,7.5,5,combined_int16,5,5,1,1,1,0,0,0,0
605,cp08p00_easy_noncoherent_t0005,605,5,120,formal_tps30,easy_noncoherent,7.5,5,combined_int16,10,10,1,1,1,0,0,0,0
605,cp08p00_easy_noncoherent_t0005,605,5,120,formal_tps30,easy_noncoherent,7.5,5,combined_int18,1,1,1,1,1,0,0,0,0
605,cp08p00_easy_noncoherent_t0005,605,5,120,formal_tps30,easy_noncoherent,7.5,5,combined_int18,3,3,1,1,1,0,0,0,0
605,cp08p00_easy_noncoherent_t0005,605,5,120,formal_tps30,easy_noncoherent,7.5,5,combined_int18,5,5,1,1,1,0,0,0,0
605,cp08p00_easy_noncoherent_t0005,605,5,120,formal_tps30,easy_noncoherent,7.5,5,combined_int18,10,10,1,1,1,0,0,0,0
605,cp08p00_easy_noncoherent_t0005,605,5,120,formal_tps30,easy_noncoherent,7.5,5,combined_int24,1,1,1,1,1,0,0,0,0
605,cp08p00_easy_noncoherent_t0005,605,5,120,formal_tps30,easy_noncoherent,7.5,5,combined_int24,3,3,1,1,1,0,0,0,0
605,cp08p00_easy_noncoherent_t0005,605,5,120,formal_tps30,easy_noncoherent,7.5,5,combined_int24,5,5,1,1,1,0,0,0,0
605,cp08p00_easy_noncoherent_t0005,605,5,120,formal_tps30,easy_noncoherent,7.5,5,combined_int24,10,10,1,1,1,0,0,0,0
605,cp08p00_easy_noncoherent_t0005,605,5,120,formal_tps30,easy_noncoherent,7.5,5,mixed_Z16_G24_Rz24,1,1,1,1,1,0,0,0,0
605,cp08p00_easy_noncoherent_t0005,605,5,120,formal_tps30,easy_noncoherent,7.5,5,mixed_Z16_G24_Rz24,3,3,1,1,1,0,0,0,0
605,cp08p00_easy_noncoherent_t0005,605,5,120,formal_tps30,easy_noncoherent,7.5,5,mixed_Z16_G24_Rz24,5,5,1,1,1,0,0,0,0
605,cp08p00_easy_noncoherent_t0005,605,5,120,formal_tps30,easy_noncoherent,7.5,5,mixed_Z16_G24_Rz24,10,10,1,1,1,0,0,0,0
605,cp08p00_easy_noncoherent_t0005,605,5,120,formal_tps30,easy_noncoherent,7.5,5,combined_int14,1,1,1,1,1,0,0,0,0
605,cp08p00_easy_noncoherent_t0005,605,5,120,formal_tps30,easy_noncoherent,7.5,5,combined_int14,3,3,1,1,1,0,0,0,0
605,cp08p00_easy_noncoherent_t0005,605,5,120,formal_tps30,easy_noncoherent,7.5,5,combined_int14,5,5,1,1,1,0,0,0,0
605,cp08p00_easy_noncoherent_t0005,605,5,120,formal_tps30,easy_noncoherent,7.5,5,combined_int14,10,10,1,1,1,0,0,0,0
605,cp08p00_easy_noncoherent_t0005,605,5,120,formal_tps30,easy_noncoherent,7.5,5,W_int18_G24_Z16,1,1,1,1,1,0,0,0,0
605,cp08p00_easy_noncoherent_t0005,605,5,120,formal_tps30,easy_noncoherent,7.5,5,W_int18_G24_Z16,3,3,1,1,1,0,0,0,0
605,cp08p00_easy_noncoherent_t0005,605,5,120,formal_tps30,easy_noncoherent,7.5,5,W_int18_G24_Z16,5,5,1,1,1,0,0,0,0
605,cp08p00_easy_noncoherent_t0005,605,5,120,formal_tps30,easy_noncoherent,7.5,5,W_int18_G24_Z16,10,10,1,1,1,0,0,0,0
725,cp08p00_low_snr_hard_t0005,725,5,120,formal_tps30,low_snr_hard,7.5,5,double_baseline,1,1,1,1,1,0,0,0,0
725,cp08p00_low_snr_hard_t0005,725,5,120,formal_tps30,low_snr_hard,7.5,5,double_baseline,3,3,1,1,1,0,0,0,0
725,cp08p00_low_snr_hard_t0005,725,5,120,formal_tps30,low_snr_hard,7.5,5,double_baseline,5,5,1,1,1,0,0,0,0
725,cp08p00_low_snr_hard_t0005,725,5,120,formal_tps30,low_snr_hard,7.5,5,double_baseline,10,10,1,1,1,0,0,0,0
725,cp08p00_low_snr_hard_t0005,725,5,120,formal_tps30,low_snr_hard,7.5,5,float32_all,1,1,1,1,1,0,0,0,0
725,cp08p00_low_snr_hard_t0005,725,5,120,formal_tps30,low_snr_hard,7.5,5,float32_all,3,3,1,1,1,0,0,0,0
725,cp08p00_low_snr_hard_t0005,725,5,120,formal_tps30,low_snr_hard,7.5,5,float32_all,5,5,1,1,1,0,0,0,0
725,cp08p00_low_snr_hard_t0005,725,5,120,formal_tps30,low_snr_hard,7.5,5,float32_all,10,10,1,1,1,0,0,0,0
725,cp08p00_low_snr_hard_t0005,725,5,120,formal_tps30,low_snr_hard,7.5,5,combined_int16,1,1,1,1,1,0,0,0,0
725,cp08p00_low_snr_hard_t0005,725,5,120,formal_tps30,low_snr_hard,7.5,5,combined_int16,3,3,1,1,1,0,0,0,0
725,cp08p00_low_snr_hard_t0005,725,5,120,formal_tps30,low_snr_hard,7.5,5,combined_int16,5,5,1,1,1,0,0,0,0
725,cp08p00_low_snr_hard_t0005,725,5,120,formal_tps30,low_snr_hard,7.5,5,combined_int16,10,10,1,1,1,0,0,0,0
725,cp08p00_low_snr_hard_t0005,725,5,120,formal_tps30,low_snr_hard,7.5,5,combined_int18,1,1,1,1,1,0,0,0,0
725,cp08p00_low_snr_hard_t0005,725,5,120,formal_tps30,low_snr_hard,7.5,5,combined_int18,3,3,1,1,1,0,0,0,0
725,cp08p00_low_snr_hard_t0005,725,5,120,formal_tps30,low_snr_hard,7.5,5,combined_int18,5,5,1,1,1,0,0,0,0
725,cp08p00_low_snr_hard_t0005,725,5,120,formal_tps30,low_snr_hard,7.5,5,combined_int18,10,10,1,1,1,0,0,0,0
725,cp08p00_low_snr_hard_t0005,725,5,120,formal_tps30,low_snr_hard,7.5,5,combined_int24,1,1,1,1,1,0,0,0,0
725,cp08p00_low_snr_hard_t0005,725,5,120,formal_tps30,low_snr_hard,7.5,5,combined_int24,3,3,1,1,1,0,0,0,0
725,cp08p00_low_snr_hard_t0005,725,5,120,formal_tps30,low_snr_hard,7.5,5,combined_int24,5,5,1,1,1,0,0,0,0
725,cp08p00_low_snr_hard_t0005,725,5,120,formal_tps30,low_snr_hard,7.5,5,combined_int24,10,10,1,1,1,0,0,0,0
725,cp08p00_low_snr_hard_t0005,725,5,120,formal_tps30,low_snr_hard,7.5,5,mixed_Z16_G24_Rz24,1,1,1,1,1,0,0,0,0
725,cp08p00_low_snr_hard_t0005,725,5,120,formal_tps30,low_snr_hard,7.5,5,mixed_Z16_G24_Rz24,3,3,1,1,1,0,0,0,0
725,cp08p00_low_snr_hard_t0005,725,5,120,formal_tps30,low_snr_hard,7.5,5,mixed_Z16_G24_Rz24,5,5,1,1,1,0,0,0,0
725,cp08p00_low_snr_hard_t0005,725,5,120,formal_tps30,low_snr_hard,7.5,5,mixed_Z16_G24_Rz24,10,10,1,1,1,0,0,0,0
725,cp08p00_low_snr_hard_t0005,725,5,120,formal_tps30,low_snr_hard,7.5,5,combined_int14,1,1,1,1,1,0,0,0,0
725,cp08p00_low_snr_hard_t0005,725,5,120,formal_tps30,low_snr_hard,7.5,5,combined_int14,3,3,1,1,1,0,0,0,0
725,cp08p00_low_snr_hard_t0005,725,5,120,formal_tps30,low_snr_hard,7.5,5,combined_int14,5,5,1,1,1,0,0,0,0
725,cp08p00_low_snr_hard_t0005,725,5,120,formal_tps30,low_snr_hard,7.5,5,combined_int14,10,10,1,1,1,0,0,0,0
725,cp08p00_low_snr_hard_t0005,725,5,120,formal_tps30,low_snr_hard,7.5,5,W_int18_G24_Z16,1,1,1,1,1,0,0,0,0
725,cp08p00_low_snr_hard_t0005,725,5,120,formal_tps30,low_snr_hard,7.5,5,W_int18_G24_Z16,3,3,1,1,1,0,0,0,0
725,cp08p00_low_snr_hard_t0005,725,5,120,formal_tps30,low_snr_hard,7.5,5,W_int18_G24_Z16,5,5,1,1,1,0,0,0,0
725,cp08p00_low_snr_hard_t0005,725,5,120,formal_tps30,low_snr_hard,7.5,5,W_int18_G24_Z16,10,10,1,1,1,0,0,0,0
845,cp08p00_cache_boundary_center_t0005,845,5,120,formal_tps30,cache_boundary_center,7.5,5,double_baseline,1,1,1,1,1,0,0,1,1
845,cp08p00_cache_boundary_center_t0005,845,5,120,formal_tps30,cache_boundary_center,7.5,5,double_baseline,3,3,1,1,1,0,0,1,1
845,cp08p00_cache_boundary_center_t0005,845,5,120,formal_tps30,cache_boundary_center,7.5,5,double_baseline,5,5,1,1,1,0,0,1,1
845,cp08p00_cache_boundary_center_t0005,845,5,120,formal_tps30,cache_boundary_center,7.5,5,double_baseline,10,10,1,1,1,0,0,1,1
845,cp08p00_cache_boundary_center_t0005,845,5,120,formal_tps30,cache_boundary_center,7.5,5,float32_all,1,1,1,1,1,0,0,1,1
845,cp08p00_cache_boundary_center_t0005,845,5,120,formal_tps30,cache_boundary_center,7.5,5,float32_all,3,3,1,1,1,0,0,1,1
845,cp08p00_cache_boundary_center_t0005,845,5,120,formal_tps30,cache_boundary_center,7.5,5,float32_all,5,5,1,1,1,0,0,1,1
845,cp08p00_cache_boundary_center_t0005,845,5,120,formal_tps30,cache_boundary_center,7.5,5,float32_all,10,10,1,1,1,0,0,1,1
845,cp08p00_cache_boundary_center_t0005,845,5,120,formal_tps30,cache_boundary_center,7.5,5,combined_int16,1,1,1,1,1,0,0,1,1
845,cp08p00_cache_boundary_center_t0005,845,5,120,formal_tps30,cache_boundary_center,7.5,5,combined_int16,3,3,1,1,1,0,0,1,1
845,cp08p00_cache_boundary_center_t0005,845,5,120,formal_tps30,cache_boundary_center,7.5,5,combined_int16,5,5,1,1,1,0,0,1,1
845,cp08p00_cache_boundary_center_t0005,845,5,120,formal_tps30,cache_boundary_center,7.5,5,combined_int16,10,10,0,1,1,0,0,1,1
845,cp08p00_cache_boundary_center_t0005,845,5,120,formal_tps30,cache_boundary_center,7.5,5,combined_int18,1,1,1,1,1,0,0,1,1
845,cp08p00_cache_boundary_center_t0005,845,5,120,formal_tps30,cache_boundary_center,7.5,5,combined_int18,3,3,1,1,1,0,0,1,1
845,cp08p00_cache_boundary_center_t0005,845,5,120,formal_tps30,cache_boundary_center,7.5,5,combined_int18,5,5,1,1,1,0,0,1,1
845,cp08p00_cache_boundary_center_t0005,845,5,120,formal_tps30,cache_boundary_center,7.5,5,combined_int18,10,10,1,1,1,0,0,1,1
845,cp08p00_cache_boundary_center_t0005,845,5,120,formal_tps30,cache_boundary_center,7.5,5,combined_int24,1,1,1,1,1,0,0,1,1
845,cp08p00_cache_boundary_center_t0005,845,5,120,formal_tps30,cache_boundary_center,7.5,5,combined_int24,3,3,1,1,1,0,0,1,1
845,cp08p00_cache_boundary_center_t0005,845,5,120,formal_tps30,cache_boundary_center,7.5,5,combined_int24,5,5,1,1,1,0,0,1,1
845,cp08p00_cache_boundary_center_t0005,845,5,120,formal_tps30,cache_boundary_center,7.5,5,combined_int24,10,10,1,1,1,0,0,1,1
845,cp08p00_cache_boundary_center_t0005,845,5,120,formal_tps30,cache_boundary_center,7.5,5,mixed_Z16_G24_Rz24,1,1,1,1,1,0,0,1,1
845,cp08p00_cache_boundary_center_t0005,845,5,120,formal_tps30,cache_boundary_center,7.5,5,mixed_Z16_G24_Rz24,3,3,1,1,1,0,0,1,1
845,cp08p00_cache_boundary_center_t0005,845,5,120,formal_tps30,cache_boundary_center,7.5,5,mixed_Z16_G24_Rz24,5,5,1,1,1,0,0,1,1
845,cp08p00_cache_boundary_center_t0005,845,5,120,formal_tps30,cache_boundary_center,7.5,5,mixed_Z16_G24_Rz24,10,10,1,1,1,0,0,1,1
845,cp08p00_cache_boundary_center_t0005,845,5,120,formal_tps30,cache_boundary_center,7.5,5,combined_int14,1,1,1,1,1,0,0,1,1
845,cp08p00_cache_boundary_center_t0005,845,5,120,formal_tps30,cache_boundary_center,7.5,5,combined_int14,3,3,1,1,1,0,0,1,1
845,cp08p00_cache_boundary_center_t0005,845,5,120,formal_tps30,cache_boundary_center,7.5,5,combined_int14,5,5,1,1,1,0,0,1,1
845,cp08p00_cache_boundary_center_t0005,845,5,120,formal_tps30,cache_boundary_center,7.5,5,combined_int14,10,10,0,1,1,0,0,1,1
845,cp08p00_cache_boundary_center_t0005,845,5,120,formal_tps30,cache_boundary_center,7.5,5,W_int18_G24_Z16,1,1,1,1,1,0,0,1,1
845,cp08p00_cache_boundary_center_t0005,845,5,120,formal_tps30,cache_boundary_center,7.5,5,W_int18_G24_Z16,3,3,1,1,1,0,0,1,1
845,cp08p00_cache_boundary_center_t0005,845,5,120,formal_tps30,cache_boundary_center,7.5,5,W_int18_G24_Z16,5,5,1,1,1,0,0,1,1
845,cp08p00_cache_boundary_center_t0005,845,5,120,formal_tps30,cache_boundary_center,7.5,5,W_int18_G24_Z16,10,10,1,1,1,0,0,1,1
965,cp15p00_hard_phase_t0005,965,5,120,formal_tps30,hard_phase,15,5,double_baseline,1,1,1,1,1,0,0,1,1
965,cp15p00_hard_phase_t0005,965,5,120,formal_tps30,hard_phase,15,5,double_baseline,3,3,1,1,1,0,0,1,1
965,cp15p00_hard_phase_t0005,965,5,120,formal_tps30,hard_phase,15,5,double_baseline,5,5,1,1,1,0,0,1,1
965,cp15p00_hard_phase_t0005,965,5,120,formal_tps30,hard_phase,15,5,double_baseline,10,10,1,1,1,0,0,1,1
965,cp15p00_hard_phase_t0005,965,5,120,formal_tps30,hard_phase,15,5,float32_all,1,1,1,1,1,0,0,1,1
965,cp15p00_hard_phase_t0005,965,5,120,formal_tps30,hard_phase,15,5,float32_all,3,3,1,1,1,0,0,1,1
965,cp15p00_hard_phase_t0005,965,5,120,formal_tps30,hard_phase,15,5,float32_all,5,5,1,1,1,0,0,1,1
965,cp15p00_hard_phase_t0005,965,5,120,formal_tps30,hard_phase,15,5,float32_all,10,10,1,1,1,0,0,1,1
965,cp15p00_hard_phase_t0005,965,5,120,formal_tps30,hard_phase,15,5,combined_int16,1,1,1,1,1,0,0,1,1
965,cp15p00_hard_phase_t0005,965,5,120,formal_tps30,hard_phase,15,5,combined_int16,3,3,1,1,1,0,0,1,1
965,cp15p00_hard_phase_t0005,965,5,120,formal_tps30,hard_phase,15,5,combined_int16,5,5,1,1,1,0,0,1,1
965,cp15p00_hard_phase_t0005,965,5,120,formal_tps30,hard_phase,15,5,combined_int16,10,10,1,1,1,0,0,1,1
965,cp15p00_hard_phase_t0005,965,5,120,formal_tps30,hard_phase,15,5,combined_int18,1,1,1,1,1,0,0,1,1
965,cp15p00_hard_phase_t0005,965,5,120,formal_tps30,hard_phase,15,5,combined_int18,3,3,1,1,1,0,0,1,1
965,cp15p00_hard_phase_t0005,965,5,120,formal_tps30,hard_phase,15,5,combined_int18,5,5,1,1,1,0,0,1,1
965,cp15p00_hard_phase_t0005,965,5,120,formal_tps30,hard_phase,15,5,combined_int18,10,10,1,1,1,0,0,1,1
965,cp15p00_hard_phase_t0005,965,5,120,formal_tps30,hard_phase,15,5,combined_int24,1,1,1,1,1,0,0,1,1
965,cp15p00_hard_phase_t0005,965,5,120,formal_tps30,hard_phase,15,5,combined_int24,3,3,1,1,1,0,0,1,1
965,cp15p00_hard_phase_t0005,965,5,120,formal_tps30,hard_phase,15,5,combined_int24,5,5,1,1,1,0,0,1,1
965,cp15p00_hard_phase_t0005,965,5,120,formal_tps30,hard_phase,15,5,combined_int24,10,10,1,1,1,0,0,1,1
965,cp15p00_hard_phase_t0005,965,5,120,formal_tps30,hard_phase,15,5,mixed_Z16_G24_Rz24,1,1,1,1,1,0,0,1,1
965,cp15p00_hard_phase_t0005,965,5,120,formal_tps30,hard_phase,15,5,mixed_Z16_G24_Rz24,3,3,1,1,1,0,0,1,1
965,cp15p00_hard_phase_t0005,965,5,120,formal_tps30,hard_phase,15,5,mixed_Z16_G24_Rz24,5,5,1,1,1,0,0,1,1
965,cp15p00_hard_phase_t0005,965,5,120,formal_tps30,hard_phase,15,5,mixed_Z16_G24_Rz24,10,10,1,1,1,0,0,1,1
965,cp15p00_hard_phase_t0005,965,5,120,formal_tps30,hard_phase,15,5,combined_int14,1,1,1,1,1,0,0,1,1
965,cp15p00_hard_phase_t0005,965,5,120,formal_tps30,hard_phase,15,5,combined_int14,3,3,1,1,1,0,0,1,1
965,cp15p00_hard_phase_t0005,965,5,120,formal_tps30,hard_phase,15,5,combined_int14,5,5,1,1,1,0,0,1,1
965,cp15p00_hard_phase_t0005,965,5,120,formal_tps30,hard_phase,15,5,combined_int14,10,10,1,1,1,0,0,1,1
965,cp15p00_hard_phase_t0005,965,5,120,formal_tps30,hard_phase,15,5,W_int18_G24_Z16,1,1,1,1,1,0,0,1,1
965,cp15p00_hard_phase_t0005,965,5,120,formal_tps30,hard_phase,15,5,W_int18_G24_Z16,3,3,1,1,1,0,0,1,1
965,cp15p00_hard_phase_t0005,965,5,120,formal_tps30,hard_phase,15,5,W_int18_G24_Z16,5,5,1,1,1,0,0,1,1
965,cp15p00_hard_phase_t0005,965,5,120,formal_tps30,hard_phase,15,5,W_int18_G24_Z16,10,10,1,1,1,0,0,1,1
1085,cp15p00_medium_beta_coherent_t0005,1085,5,120,formal_tps30,medium_beta_coherent,15,5,double_baseline,1,1,1,1,1,0,0,1,1
1085,cp15p00_medium_beta_coherent_t0005,1085,5,120,formal_tps30,medium_beta_coherent,15,5,double_baseline,3,3,1,1,1,0,0,1,1
1085,cp15p00_medium_beta_coherent_t0005,1085,5,120,formal_tps30,medium_beta_coherent,15,5,double_baseline,5,5,1,1,1,0,0,1,1
1085,cp15p00_medium_beta_coherent_t0005,1085,5,120,formal_tps30,medium_beta_coherent,15,5,double_baseline,10,10,1,1,1,0,0,1,1
1085,cp15p00_medium_beta_coherent_t0005,1085,5,120,formal_tps30,medium_beta_coherent,15,5,float32_all,1,1,1,1,1,0,0,1,1
1085,cp15p00_medium_beta_coherent_t0005,1085,5,120,formal_tps30,medium_beta_coherent,15,5,float32_all,3,3,1,1,1,0,0,1,1
1085,cp15p00_medium_beta_coherent_t0005,1085,5,120,formal_tps30,medium_beta_coherent,15,5,float32_all,5,5,1,1,1,0,0,1,1
1085,cp15p00_medium_beta_coherent_t0005,1085,5,120,formal_tps30,medium_beta_coherent,15,5,float32_all,10,10,1,1,1,0,0,1,1
1085,cp15p00_medium_beta_coherent_t0005,1085,5,120,formal_tps30,medium_beta_coherent,15,5,combined_int16,1,1,1,1,1,0,0,1,1
1085,cp15p00_medium_beta_coherent_t0005,1085,5,120,formal_tps30,medium_beta_coherent,15,5,combined_int16,3,3,1,1,1,0,0,1,1
1085,cp15p00_medium_beta_coherent_t0005,1085,5,120,formal_tps30,medium_beta_coherent,15,5,combined_int16,5,5,1,1,1,0,0,1,1
1085,cp15p00_medium_beta_coherent_t0005,1085,5,120,formal_tps30,medium_beta_coherent,15,5,combined_int16,10,10,1,1,1,0,0,1,1
1085,cp15p00_medium_beta_coherent_t0005,1085,5,120,formal_tps30,medium_beta_coherent,15,5,combined_int18,1,1,1,1,1,0,0,1,1
1085,cp15p00_medium_beta_coherent_t0005,1085,5,120,formal_tps30,medium_beta_coherent,15,5,combined_int18,3,3,1,1,1,0,0,1,1
1085,cp15p00_medium_beta_coherent_t0005,1085,5,120,formal_tps30,medium_beta_coherent,15,5,combined_int18,5,5,1,1,1,0,0,1,1
1085,cp15p00_medium_beta_coherent_t0005,1085,5,120,formal_tps30,medium_beta_coherent,15,5,combined_int18,10,10,1,1,1,0,0,1,1
1085,cp15p00_medium_beta_coherent_t0005,1085,5,120,formal_tps30,medium_beta_coherent,15,5,combined_int24,1,1,1,1,1,0,0,1,1
1085,cp15p00_medium_beta_coherent_t0005,1085,5,120,formal_tps30,medium_beta_coherent,15,5,combined_int24,3,3,1,1,1,0,0,1,1
1085,cp15p00_medium_beta_coherent_t0005,1085,5,120,formal_tps30,medium_beta_coherent,15,5,combined_int24,5,5,1,1,1,0,0,1,1
1085,cp15p00_medium_beta_coherent_t0005,1085,5,120,formal_tps30,medium_beta_coherent,15,5,combined_int24,10,10,1,1,1,0,0,1,1
1085,cp15p00_medium_beta_coherent_t0005,1085,5,120,formal_tps30,medium_beta_coherent,15,5,mixed_Z16_G24_Rz24,1,1,1,1,1,0,0,1,1
1085,cp15p00_medium_beta_coherent_t0005,1085,5,120,formal_tps30,medium_beta_coherent,15,5,mixed_Z16_G24_Rz24,3,3,1,1,1,0,0,1,1
1085,cp15p00_medium_beta_coherent_t0005,1085,5,120,formal_tps30,medium_beta_coherent,15,5,mixed_Z16_G24_Rz24,5,5,1,1,1,0,0,1,1
1085,cp15p00_medium_beta_coherent_t0005,1085,5,120,formal_tps30,medium_beta_coherent,15,5,mixed_Z16_G24_Rz24,10,10,1,1,1,0,0,1,1
1085,cp15p00_medium_beta_coherent_t0005,1085,5,120,formal_tps30,medium_beta_coherent,15,5,combined_int14,1,1,1,1,1,0,0,1,1
1085,cp15p00_medium_beta_coherent_t0005,1085,5,120,formal_tps30,medium_beta_coherent,15,5,combined_int14,3,3,1,1,1,0,0,1,1
1085,cp15p00_medium_beta_coherent_t0005,1085,5,120,formal_tps30,medium_beta_coherent,15,5,combined_int14,5,5,1,1,1,0,0,1,1
1085,cp15p00_medium_beta_coherent_t0005,1085,5,120,formal_tps30,medium_beta_coherent,15,5,combined_int14,10,10,1,1,1,0,0,1,1
1085,cp15p00_medium_beta_coherent_t0005,1085,5,120,formal_tps30,medium_beta_coherent,15,5,W_int18_G24_Z16,1,1,1,1,1,0,0,1,1
1085,cp15p00_medium_beta_coherent_t0005,1085,5,120,formal_tps30,medium_beta_coherent,15,5,W_int18_G24_Z16,3,3,1,1,1,0,0,1,1
1085,cp15p00_medium_beta_coherent_t0005,1085,5,120,formal_tps30,medium_beta_coherent,15,5,W_int18_G24_Z16,5,5,1,1,1,0,0,1,1
1085,cp15p00_medium_beta_coherent_t0005,1085,5,120,formal_tps30,medium_beta_coherent,15,5,W_int18_G24_Z16,10,10,1,1,1,0,0,1,1
6,cp00p00_easy_noncoherent_t0006,6,6,120,formal_tps30,easy_noncoherent,0,6,double_baseline,1,1,1,1,1,0,0,1,1
6,cp00p00_easy_noncoherent_t0006,6,6,120,formal_tps30,easy_noncoherent,0,6,double_baseline,3,3,1,1,1,0,0,1,1
6,cp00p00_easy_noncoherent_t0006,6,6,120,formal_tps30,easy_noncoherent,0,6,double_baseline,5,5,1,1,1,0,0,1,1
6,cp00p00_easy_noncoherent_t0006,6,6,120,formal_tps30,easy_noncoherent,0,6,double_baseline,10,10,1,1,1,0,0,1,1
6,cp00p00_easy_noncoherent_t0006,6,6,120,formal_tps30,easy_noncoherent,0,6,float32_all,1,1,1,1,1,0,0,1,1
6,cp00p00_easy_noncoherent_t0006,6,6,120,formal_tps30,easy_noncoherent,0,6,float32_all,3,3,1,1,1,0,0,1,1
6,cp00p00_easy_noncoherent_t0006,6,6,120,formal_tps30,easy_noncoherent,0,6,float32_all,5,5,1,1,1,0,0,1,1
6,cp00p00_easy_noncoherent_t0006,6,6,120,formal_tps30,easy_noncoherent,0,6,float32_all,10,10,1,1,1,0,0,1,1
6,cp00p00_easy_noncoherent_t0006,6,6,120,formal_tps30,easy_noncoherent,0,6,combined_int16,1,1,1,1,1,0,0,1,1
6,cp00p00_easy_noncoherent_t0006,6,6,120,formal_tps30,easy_noncoherent,0,6,combined_int16,3,3,1,1,1,0,0,1,1
6,cp00p00_easy_noncoherent_t0006,6,6,120,formal_tps30,easy_noncoherent,0,6,combined_int16,5,5,1,1,1,0,0,1,1
6,cp00p00_easy_noncoherent_t0006,6,6,120,formal_tps30,easy_noncoherent,0,6,combined_int16,10,10,1,1,1,0,0,1,1
6,cp00p00_easy_noncoherent_t0006,6,6,120,formal_tps30,easy_noncoherent,0,6,combined_int18,1,1,1,1,1,0,0,1,1
6,cp00p00_easy_noncoherent_t0006,6,6,120,formal_tps30,easy_noncoherent,0,6,combined_int18,3,3,1,1,1,0,0,1,1
6,cp00p00_easy_noncoherent_t0006,6,6,120,formal_tps30,easy_noncoherent,0,6,combined_int18,5,5,1,1,1,0,0,1,1
6,cp00p00_easy_noncoherent_t0006,6,6,120,formal_tps30,easy_noncoherent,0,6,combined_int18,10,10,1,1,1,0,0,1,1
6,cp00p00_easy_noncoherent_t0006,6,6,120,formal_tps30,easy_noncoherent,0,6,combined_int24,1,1,1,1,1,0,0,1,1
6,cp00p00_easy_noncoherent_t0006,6,6,120,formal_tps30,easy_noncoherent,0,6,combined_int24,3,3,1,1,1,0,0,1,1
6,cp00p00_easy_noncoherent_t0006,6,6,120,formal_tps30,easy_noncoherent,0,6,combined_int24,5,5,1,1,1,0,0,1,1
6,cp00p00_easy_noncoherent_t0006,6,6,120,formal_tps30,easy_noncoherent,0,6,combined_int24,10,10,1,1,1,0,0,1,1
6,cp00p00_easy_noncoherent_t0006,6,6,120,formal_tps30,easy_noncoherent,0,6,mixed_Z16_G24_Rz24,1,1,1,1,1,0,0,1,1
6,cp00p00_easy_noncoherent_t0006,6,6,120,formal_tps30,easy_noncoherent,0,6,mixed_Z16_G24_Rz24,3,3,1,1,1,0,0,1,1
6,cp00p00_easy_noncoherent_t0006,6,6,120,formal_tps30,easy_noncoherent,0,6,mixed_Z16_G24_Rz24,5,5,1,1,1,0,0,1,1
6,cp00p00_easy_noncoherent_t0006,6,6,120,formal_tps30,easy_noncoherent,0,6,mixed_Z16_G24_Rz24,10,10,1,1,1,0,0,1,1
6,cp00p00_easy_noncoherent_t0006,6,6,120,formal_tps30,easy_noncoherent,0,6,combined_int14,1,1,1,1,1,0,0,1,1
6,cp00p00_easy_noncoherent_t0006,6,6,120,formal_tps30,easy_noncoherent,0,6,combined_int14,3,3,1,1,1,0,0,1,1
6,cp00p00_easy_noncoherent_t0006,6,6,120,formal_tps30,easy_noncoherent,0,6,combined_int14,5,5,1,1,1,0,0,1,1
6,cp00p00_easy_noncoherent_t0006,6,6,120,formal_tps30,easy_noncoherent,0,6,combined_int14,10,10,1,1,1,0,0,1,1
6,cp00p00_easy_noncoherent_t0006,6,6,120,formal_tps30,easy_noncoherent,0,6,W_int18_G24_Z16,1,1,1,1,1,0,0,1,1
6,cp00p00_easy_noncoherent_t0006,6,6,120,formal_tps30,easy_noncoherent,0,6,W_int18_G24_Z16,3,3,1,1,1,0,0,1,1
6,cp00p00_easy_noncoherent_t0006,6,6,120,formal_tps30,easy_noncoherent,0,6,W_int18_G24_Z16,5,5,1,1,1,0,0,1,1
6,cp00p00_easy_noncoherent_t0006,6,6,120,formal_tps30,easy_noncoherent,0,6,W_int18_G24_Z16,10,10,1,1,1,0,0,1,1
126,cp00p00_low_snr_hard_t0006,126,6,120,formal_tps30,low_snr_hard,0,6,double_baseline,1,1,1,1,1,0,0,0,0
126,cp00p00_low_snr_hard_t0006,126,6,120,formal_tps30,low_snr_hard,0,6,double_baseline,3,3,1,1,1,0,0,0,0
126,cp00p00_low_snr_hard_t0006,126,6,120,formal_tps30,low_snr_hard,0,6,double_baseline,5,5,1,1,1,0,0,0,0
126,cp00p00_low_snr_hard_t0006,126,6,120,formal_tps30,low_snr_hard,0,6,double_baseline,10,10,1,1,1,0,0,0,0
126,cp00p00_low_snr_hard_t0006,126,6,120,formal_tps30,low_snr_hard,0,6,float32_all,1,1,1,1,1,0,0,0,0
126,cp00p00_low_snr_hard_t0006,126,6,120,formal_tps30,low_snr_hard,0,6,float32_all,3,3,1,1,1,0,0,0,0
126,cp00p00_low_snr_hard_t0006,126,6,120,formal_tps30,low_snr_hard,0,6,float32_all,5,5,1,1,1,0,0,0,0
126,cp00p00_low_snr_hard_t0006,126,6,120,formal_tps30,low_snr_hard,0,6,float32_all,10,10,1,1,1,0,0,0,0
126,cp00p00_low_snr_hard_t0006,126,6,120,formal_tps30,low_snr_hard,0,6,combined_int16,1,1,1,1,1,0,0,0,0
126,cp00p00_low_snr_hard_t0006,126,6,120,formal_tps30,low_snr_hard,0,6,combined_int16,3,3,1,1,1,0,0,0,0
126,cp00p00_low_snr_hard_t0006,126,6,120,formal_tps30,low_snr_hard,0,6,combined_int16,5,5,1,1,1,0,0,0,0
126,cp00p00_low_snr_hard_t0006,126,6,120,formal_tps30,low_snr_hard,0,6,combined_int16,10,10,1,1,1,0,0,0,0
126,cp00p00_low_snr_hard_t0006,126,6,120,formal_tps30,low_snr_hard,0,6,combined_int18,1,1,1,1,1,0,0,0,0
126,cp00p00_low_snr_hard_t0006,126,6,120,formal_tps30,low_snr_hard,0,6,combined_int18,3,3,1,1,1,0,0,0,0
126,cp00p00_low_snr_hard_t0006,126,6,120,formal_tps30,low_snr_hard,0,6,combined_int18,5,5,1,1,1,0,0,0,0
126,cp00p00_low_snr_hard_t0006,126,6,120,formal_tps30,low_snr_hard,0,6,combined_int18,10,10,1,1,1,0,0,0,0
126,cp00p00_low_snr_hard_t0006,126,6,120,formal_tps30,low_snr_hard,0,6,combined_int24,1,1,1,1,1,0,0,0,0
126,cp00p00_low_snr_hard_t0006,126,6,120,formal_tps30,low_snr_hard,0,6,combined_int24,3,3,1,1,1,0,0,0,0
126,cp00p00_low_snr_hard_t0006,126,6,120,formal_tps30,low_snr_hard,0,6,combined_int24,5,5,1,1,1,0,0,0,0
126,cp00p00_low_snr_hard_t0006,126,6,120,formal_tps30,low_snr_hard,0,6,combined_int24,10,10,1,1,1,0,0,0,0
126,cp00p00_low_snr_hard_t0006,126,6,120,formal_tps30,low_snr_hard,0,6,mixed_Z16_G24_Rz24,1,1,1,1,1,0,0,0,0
126,cp00p00_low_snr_hard_t0006,126,6,120,formal_tps30,low_snr_hard,0,6,mixed_Z16_G24_Rz24,3,3,1,1,1,0,0,0,0
126,cp00p00_low_snr_hard_t0006,126,6,120,formal_tps30,low_snr_hard,0,6,mixed_Z16_G24_Rz24,5,5,1,1,1,0,0,0,0
126,cp00p00_low_snr_hard_t0006,126,6,120,formal_tps30,low_snr_hard,0,6,mixed_Z16_G24_Rz24,10,10,1,1,1,0,0,0,0
126,cp00p00_low_snr_hard_t0006,126,6,120,formal_tps30,low_snr_hard,0,6,combined_int14,1,1,1,1,1,0,0,0,0
126,cp00p00_low_snr_hard_t0006,126,6,120,formal_tps30,low_snr_hard,0,6,combined_int14,3,3,1,1,1,0,0,0,0
126,cp00p00_low_snr_hard_t0006,126,6,120,formal_tps30,low_snr_hard,0,6,combined_int14,5,5,1,1,1,0,0,0,0
126,cp00p00_low_snr_hard_t0006,126,6,120,formal_tps30,low_snr_hard,0,6,combined_int14,10,10,0,1,1,0,0,0,0
126,cp00p00_low_snr_hard_t0006,126,6,120,formal_tps30,low_snr_hard,0,6,W_int18_G24_Z16,1,1,1,1,1,0,0,0,0
126,cp00p00_low_snr_hard_t0006,126,6,120,formal_tps30,low_snr_hard,0,6,W_int18_G24_Z16,3,3,1,1,1,0,0,0,0
126,cp00p00_low_snr_hard_t0006,126,6,120,formal_tps30,low_snr_hard,0,6,W_int18_G24_Z16,5,5,1,1,1,0,0,0,0
126,cp00p00_low_snr_hard_t0006,126,6,120,formal_tps30,low_snr_hard,0,6,W_int18_G24_Z16,10,10,1,1,1,0,0,0,0
246,cp00p00_cache_boundary_center_t0006,246,6,120,formal_tps30,cache_boundary_center,0,6,double_baseline,1,1,1,1,1,0,0,1,1
246,cp00p00_cache_boundary_center_t0006,246,6,120,formal_tps30,cache_boundary_center,0,6,double_baseline,3,3,1,1,1,0,0,1,1
246,cp00p00_cache_boundary_center_t0006,246,6,120,formal_tps30,cache_boundary_center,0,6,double_baseline,5,5,1,1,1,0,0,1,1
246,cp00p00_cache_boundary_center_t0006,246,6,120,formal_tps30,cache_boundary_center,0,6,double_baseline,10,10,1,1,1,0,0,1,1
246,cp00p00_cache_boundary_center_t0006,246,6,120,formal_tps30,cache_boundary_center,0,6,float32_all,1,1,1,1,1,0,0,1,1
246,cp00p00_cache_boundary_center_t0006,246,6,120,formal_tps30,cache_boundary_center,0,6,float32_all,3,3,1,1,1,0,0,1,1
246,cp00p00_cache_boundary_center_t0006,246,6,120,formal_tps30,cache_boundary_center,0,6,float32_all,5,5,1,1,1,0,0,1,1
246,cp00p00_cache_boundary_center_t0006,246,6,120,formal_tps30,cache_boundary_center,0,6,float32_all,10,10,1,1,1,0,0,1,1
246,cp00p00_cache_boundary_center_t0006,246,6,120,formal_tps30,cache_boundary_center,0,6,combined_int16,1,1,1,1,1,0,0,1,1
246,cp00p00_cache_boundary_center_t0006,246,6,120,formal_tps30,cache_boundary_center,0,6,combined_int16,3,3,1,1,1,0,0,1,1
246,cp00p00_cache_boundary_center_t0006,246,6,120,formal_tps30,cache_boundary_center,0,6,combined_int16,5,5,1,1,1,0,0,1,1
246,cp00p00_cache_boundary_center_t0006,246,6,120,formal_tps30,cache_boundary_center,0,6,combined_int16,10,10,1,1,1,0,0,1,1
246,cp00p00_cache_boundary_center_t0006,246,6,120,formal_tps30,cache_boundary_center,0,6,combined_int18,1,1,1,1,1,0,0,1,1
246,cp00p00_cache_boundary_center_t0006,246,6,120,formal_tps30,cache_boundary_center,0,6,combined_int18,3,3,1,1,1,0,0,1,1
246,cp00p00_cache_boundary_center_t0006,246,6,120,formal_tps30,cache_boundary_center,0,6,combined_int18,5,5,1,1,1,0,0,1,1
246,cp00p00_cache_boundary_center_t0006,246,6,120,formal_tps30,cache_boundary_center,0,6,combined_int18,10,10,1,1,1,0,0,1,1
246,cp00p00_cache_boundary_center_t0006,246,6,120,formal_tps30,cache_boundary_center,0,6,combined_int24,1,1,1,1,1,0,0,1,1
246,cp00p00_cache_boundary_center_t0006,246,6,120,formal_tps30,cache_boundary_center,0,6,combined_int24,3,3,1,1,1,0,0,1,1
246,cp00p00_cache_boundary_center_t0006,246,6,120,formal_tps30,cache_boundary_center,0,6,combined_int24,5,5,1,1,1,0,0,1,1
246,cp00p00_cache_boundary_center_t0006,246,6,120,formal_tps30,cache_boundary_center,0,6,combined_int24,10,10,1,1,1,0,0,1,1
246,cp00p00_cache_boundary_center_t0006,246,6,120,formal_tps30,cache_boundary_center,0,6,mixed_Z16_G24_Rz24,1,1,1,1,1,0,0,1,1
246,cp00p00_cache_boundary_center_t0006,246,6,120,formal_tps30,cache_boundary_center,0,6,mixed_Z16_G24_Rz24,3,3,1,1,1,0,0,1,1
246,cp00p00_cache_boundary_center_t0006,246,6,120,formal_tps30,cache_boundary_center,0,6,mixed_Z16_G24_Rz24,5,5,1,1,1,0,0,1,1
246,cp00p00_cache_boundary_center_t0006,246,6,120,formal_tps30,cache_boundary_center,0,6,mixed_Z16_G24_Rz24,10,10,1,1,1,0,0,1,1
246,cp00p00_cache_boundary_center_t0006,246,6,120,formal_tps30,cache_boundary_center,0,6,combined_int14,1,1,1,1,1,0,0,1,1
246,cp00p00_cache_boundary_center_t0006,246,6,120,formal_tps30,cache_boundary_center,0,6,combined_int14,3,3,1,1,1,0,0,1,1
246,cp00p00_cache_boundary_center_t0006,246,6,120,formal_tps30,cache_boundary_center,0,6,combined_int14,5,5,1,1,1,0,0,1,1
246,cp00p00_cache_boundary_center_t0006,246,6,120,formal_tps30,cache_boundary_center,0,6,combined_int14,10,10,1,1,1,0,0,1,1
246,cp00p00_cache_boundary_center_t0006,246,6,120,formal_tps30,cache_boundary_center,0,6,W_int18_G24_Z16,1,1,1,1,1,0,0,1,1
246,cp00p00_cache_boundary_center_t0006,246,6,120,formal_tps30,cache_boundary_center,0,6,W_int18_G24_Z16,3,3,1,1,1,0,0,1,1
246,cp00p00_cache_boundary_center_t0006,246,6,120,formal_tps30,cache_boundary_center,0,6,W_int18_G24_Z16,5,5,1,1,1,0,0,1,1
246,cp00p00_cache_boundary_center_t0006,246,6,120,formal_tps30,cache_boundary_center,0,6,W_int18_G24_Z16,10,10,1,1,1,0,0,1,1
366,cp04p00_hard_phase_t0006,366,6,120,formal_tps30,hard_phase,3.75,6,double_baseline,1,1,1,1,1,0,0,1,1
366,cp04p00_hard_phase_t0006,366,6,120,formal_tps30,hard_phase,3.75,6,double_baseline,3,3,1,1,1,0,0,1,1
366,cp04p00_hard_phase_t0006,366,6,120,formal_tps30,hard_phase,3.75,6,double_baseline,5,5,1,1,1,0,0,1,1
366,cp04p00_hard_phase_t0006,366,6,120,formal_tps30,hard_phase,3.75,6,double_baseline,10,10,1,1,1,0,0,1,1
366,cp04p00_hard_phase_t0006,366,6,120,formal_tps30,hard_phase,3.75,6,float32_all,1,1,1,1,1,0,0,1,1
366,cp04p00_hard_phase_t0006,366,6,120,formal_tps30,hard_phase,3.75,6,float32_all,3,3,1,1,1,0,0,1,1
366,cp04p00_hard_phase_t0006,366,6,120,formal_tps30,hard_phase,3.75,6,float32_all,5,5,1,1,1,0,0,1,1
366,cp04p00_hard_phase_t0006,366,6,120,formal_tps30,hard_phase,3.75,6,float32_all,10,10,1,1,1,0,0,1,1
366,cp04p00_hard_phase_t0006,366,6,120,formal_tps30,hard_phase,3.75,6,combined_int16,1,1,1,1,1,0,0,1,1
366,cp04p00_hard_phase_t0006,366,6,120,formal_tps30,hard_phase,3.75,6,combined_int16,3,3,1,1,1,0,0,1,1
366,cp04p00_hard_phase_t0006,366,6,120,formal_tps30,hard_phase,3.75,6,combined_int16,5,5,1,1,1,0,0,1,1
366,cp04p00_hard_phase_t0006,366,6,120,formal_tps30,hard_phase,3.75,6,combined_int16,10,10,1,1,1,0,0,1,1
366,cp04p00_hard_phase_t0006,366,6,120,formal_tps30,hard_phase,3.75,6,combined_int18,1,1,1,1,1,0,0,1,1
366,cp04p00_hard_phase_t0006,366,6,120,formal_tps30,hard_phase,3.75,6,combined_int18,3,3,1,1,1,0,0,1,1
366,cp04p00_hard_phase_t0006,366,6,120,formal_tps30,hard_phase,3.75,6,combined_int18,5,5,1,1,1,0,0,1,1
366,cp04p00_hard_phase_t0006,366,6,120,formal_tps30,hard_phase,3.75,6,combined_int18,10,10,1,1,1,0,0,1,1
366,cp04p00_hard_phase_t0006,366,6,120,formal_tps30,hard_phase,3.75,6,combined_int24,1,1,1,1,1,0,0,1,1
366,cp04p00_hard_phase_t0006,366,6,120,formal_tps30,hard_phase,3.75,6,combined_int24,3,3,1,1,1,0,0,1,1
366,cp04p00_hard_phase_t0006,366,6,120,formal_tps30,hard_phase,3.75,6,combined_int24,5,5,1,1,1,0,0,1,1
366,cp04p00_hard_phase_t0006,366,6,120,formal_tps30,hard_phase,3.75,6,combined_int24,10,10,1,1,1,0,0,1,1
366,cp04p00_hard_phase_t0006,366,6,120,formal_tps30,hard_phase,3.75,6,mixed_Z16_G24_Rz24,1,1,1,1,1,0,0,1,1
366,cp04p00_hard_phase_t0006,366,6,120,formal_tps30,hard_phase,3.75,6,mixed_Z16_G24_Rz24,3,3,1,1,1,0,0,1,1
366,cp04p00_hard_phase_t0006,366,6,120,formal_tps30,hard_phase,3.75,6,mixed_Z16_G24_Rz24,5,5,1,1,1,0,0,1,1
366,cp04p00_hard_phase_t0006,366,6,120,formal_tps30,hard_phase,3.75,6,mixed_Z16_G24_Rz24,10,10,1,1,1,0,0,1,1
366,cp04p00_hard_phase_t0006,366,6,120,formal_tps30,hard_phase,3.75,6,combined_int14,1,1,1,1,1,0,0,1,1
366,cp04p00_hard_phase_t0006,366,6,120,formal_tps30,hard_phase,3.75,6,combined_int14,3,3,1,1,1,0,0,1,1
366,cp04p00_hard_phase_t0006,366,6,120,formal_tps30,hard_phase,3.75,6,combined_int14,5,5,1,1,1,0,0,1,1
366,cp04p00_hard_phase_t0006,366,6,120,formal_tps30,hard_phase,3.75,6,combined_int14,10,10,0,1,1,0,0,1,1
366,cp04p00_hard_phase_t0006,366,6,120,formal_tps30,hard_phase,3.75,6,W_int18_G24_Z16,1,1,1,1,1,0,0,1,1
366,cp04p00_hard_phase_t0006,366,6,120,formal_tps30,hard_phase,3.75,6,W_int18_G24_Z16,3,3,1,1,1,0,0,1,1
366,cp04p00_hard_phase_t0006,366,6,120,formal_tps30,hard_phase,3.75,6,W_int18_G24_Z16,5,5,1,1,1,0,0,1,1
366,cp04p00_hard_phase_t0006,366,6,120,formal_tps30,hard_phase,3.75,6,W_int18_G24_Z16,10,10,1,1,1,0,0,1,1
486,cp04p00_medium_beta_coherent_t0006,486,6,120,formal_tps30,medium_beta_coherent,3.75,6,double_baseline,1,1,1,1,1,0,0,0,0
486,cp04p00_medium_beta_coherent_t0006,486,6,120,formal_tps30,medium_beta_coherent,3.75,6,double_baseline,3,3,1,1,1,0,0,0,0
486,cp04p00_medium_beta_coherent_t0006,486,6,120,formal_tps30,medium_beta_coherent,3.75,6,double_baseline,5,5,1,1,1,0,0,0,0
486,cp04p00_medium_beta_coherent_t0006,486,6,120,formal_tps30,medium_beta_coherent,3.75,6,double_baseline,10,10,1,1,1,0,0,0,0
486,cp04p00_medium_beta_coherent_t0006,486,6,120,formal_tps30,medium_beta_coherent,3.75,6,float32_all,1,1,1,1,1,0,0,0,0
486,cp04p00_medium_beta_coherent_t0006,486,6,120,formal_tps30,medium_beta_coherent,3.75,6,float32_all,3,3,1,1,1,0,0,0,0
486,cp04p00_medium_beta_coherent_t0006,486,6,120,formal_tps30,medium_beta_coherent,3.75,6,float32_all,5,5,1,1,1,0,0,0,0
486,cp04p00_medium_beta_coherent_t0006,486,6,120,formal_tps30,medium_beta_coherent,3.75,6,float32_all,10,10,1,1,1,0,0,0,0
486,cp04p00_medium_beta_coherent_t0006,486,6,120,formal_tps30,medium_beta_coherent,3.75,6,combined_int16,1,1,1,1,1,0,0,0,0
486,cp04p00_medium_beta_coherent_t0006,486,6,120,formal_tps30,medium_beta_coherent,3.75,6,combined_int16,3,3,1,1,1,0,0,0,0
486,cp04p00_medium_beta_coherent_t0006,486,6,120,formal_tps30,medium_beta_coherent,3.75,6,combined_int16,5,5,1,1,1,0,0,0,0
486,cp04p00_medium_beta_coherent_t0006,486,6,120,formal_tps30,medium_beta_coherent,3.75,6,combined_int16,10,10,1,1,1,0,0,0,0
486,cp04p00_medium_beta_coherent_t0006,486,6,120,formal_tps30,medium_beta_coherent,3.75,6,combined_int18,1,1,1,1,1,0,0,0,0
486,cp04p00_medium_beta_coherent_t0006,486,6,120,formal_tps30,medium_beta_coherent,3.75,6,combined_int18,3,3,1,1,1,0,0,0,0
486,cp04p00_medium_beta_coherent_t0006,486,6,120,formal_tps30,medium_beta_coherent,3.75,6,combined_int18,5,5,1,1,1,0,0,0,0
486,cp04p00_medium_beta_coherent_t0006,486,6,120,formal_tps30,medium_beta_coherent,3.75,6,combined_int18,10,10,1,1,1,0,0,0,0
486,cp04p00_medium_beta_coherent_t0006,486,6,120,formal_tps30,medium_beta_coherent,3.75,6,combined_int24,1,1,1,1,1,0,0,0,0
486,cp04p00_medium_beta_coherent_t0006,486,6,120,formal_tps30,medium_beta_coherent,3.75,6,combined_int24,3,3,1,1,1,0,0,0,0
486,cp04p00_medium_beta_coherent_t0006,486,6,120,formal_tps30,medium_beta_coherent,3.75,6,combined_int24,5,5,1,1,1,0,0,0,0
486,cp04p00_medium_beta_coherent_t0006,486,6,120,formal_tps30,medium_beta_coherent,3.75,6,combined_int24,10,10,1,1,1,0,0,0,0
486,cp04p00_medium_beta_coherent_t0006,486,6,120,formal_tps30,medium_beta_coherent,3.75,6,mixed_Z16_G24_Rz24,1,1,1,1,1,0,0,0,0
486,cp04p00_medium_beta_coherent_t0006,486,6,120,formal_tps30,medium_beta_coherent,3.75,6,mixed_Z16_G24_Rz24,3,3,1,1,1,0,0,0,0
486,cp04p00_medium_beta_coherent_t0006,486,6,120,formal_tps30,medium_beta_coherent,3.75,6,mixed_Z16_G24_Rz24,5,5,1,1,1,0,0,0,0
486,cp04p00_medium_beta_coherent_t0006,486,6,120,formal_tps30,medium_beta_coherent,3.75,6,mixed_Z16_G24_Rz24,10,10,1,1,1,0,0,0,0
486,cp04p00_medium_beta_coherent_t0006,486,6,120,formal_tps30,medium_beta_coherent,3.75,6,combined_int14,1,1,1,1,1,0,0,0,0
486,cp04p00_medium_beta_coherent_t0006,486,6,120,formal_tps30,medium_beta_coherent,3.75,6,combined_int14,3,3,1,1,1,0,0,0,0
486,cp04p00_medium_beta_coherent_t0006,486,6,120,formal_tps30,medium_beta_coherent,3.75,6,combined_int14,5,5,1,1,1,0,0,0,0
486,cp04p00_medium_beta_coherent_t0006,486,6,120,formal_tps30,medium_beta_coherent,3.75,6,combined_int14,10,10,1,1,1,0,0,0,0
486,cp04p00_medium_beta_coherent_t0006,486,6,120,formal_tps30,medium_beta_coherent,3.75,6,W_int18_G24_Z16,1,1,1,1,1,0,0,0,0
486,cp04p00_medium_beta_coherent_t0006,486,6,120,formal_tps30,medium_beta_coherent,3.75,6,W_int18_G24_Z16,3,3,1,1,1,0,0,0,0
486,cp04p00_medium_beta_coherent_t0006,486,6,120,formal_tps30,medium_beta_coherent,3.75,6,W_int18_G24_Z16,5,5,1,1,1,0,0,0,0
486,cp04p00_medium_beta_coherent_t0006,486,6,120,formal_tps30,medium_beta_coherent,3.75,6,W_int18_G24_Z16,10,10,1,1,1,0,0,0,0
606,cp08p00_easy_noncoherent_t0006,606,6,120,formal_tps30,easy_noncoherent,7.5,6,double_baseline,1,1,1,1,1,0,0,1,1
606,cp08p00_easy_noncoherent_t0006,606,6,120,formal_tps30,easy_noncoherent,7.5,6,double_baseline,3,3,1,1,1,0,0,1,1
606,cp08p00_easy_noncoherent_t0006,606,6,120,formal_tps30,easy_noncoherent,7.5,6,double_baseline,5,5,1,1,1,0,0,1,1
606,cp08p00_easy_noncoherent_t0006,606,6,120,formal_tps30,easy_noncoherent,7.5,6,double_baseline,10,10,1,1,1,0,0,1,1
606,cp08p00_easy_noncoherent_t0006,606,6,120,formal_tps30,easy_noncoherent,7.5,6,float32_all,1,1,1,1,1,0,0,1,1
606,cp08p00_easy_noncoherent_t0006,606,6,120,formal_tps30,easy_noncoherent,7.5,6,float32_all,3,3,1,1,1,0,0,1,1
606,cp08p00_easy_noncoherent_t0006,606,6,120,formal_tps30,easy_noncoherent,7.5,6,float32_all,5,5,1,1,1,0,0,1,1
606,cp08p00_easy_noncoherent_t0006,606,6,120,formal_tps30,easy_noncoherent,7.5,6,float32_all,10,10,1,1,1,0,0,1,1
606,cp08p00_easy_noncoherent_t0006,606,6,120,formal_tps30,easy_noncoherent,7.5,6,combined_int16,1,1,1,1,1,0,0,1,1
606,cp08p00_easy_noncoherent_t0006,606,6,120,formal_tps30,easy_noncoherent,7.5,6,combined_int16,3,3,1,1,1,0,0,1,1
606,cp08p00_easy_noncoherent_t0006,606,6,120,formal_tps30,easy_noncoherent,7.5,6,combined_int16,5,5,1,1,1,0,0,1,1
606,cp08p00_easy_noncoherent_t0006,606,6,120,formal_tps30,easy_noncoherent,7.5,6,combined_int16,10,10,1,1,1,0,0,1,1
606,cp08p00_easy_noncoherent_t0006,606,6,120,formal_tps30,easy_noncoherent,7.5,6,combined_int18,1,1,1,1,1,0,0,1,1
606,cp08p00_easy_noncoherent_t0006,606,6,120,formal_tps30,easy_noncoherent,7.5,6,combined_int18,3,3,1,1,1,0,0,1,1
606,cp08p00_easy_noncoherent_t0006,606,6,120,formal_tps30,easy_noncoherent,7.5,6,combined_int18,5,5,1,1,1,0,0,1,1
606,cp08p00_easy_noncoherent_t0006,606,6,120,formal_tps30,easy_noncoherent,7.5,6,combined_int18,10,10,1,1,1,0,0,1,1
606,cp08p00_easy_noncoherent_t0006,606,6,120,formal_tps30,easy_noncoherent,7.5,6,combined_int24,1,1,1,1,1,0,0,1,1
606,cp08p00_easy_noncoherent_t0006,606,6,120,formal_tps30,easy_noncoherent,7.5,6,combined_int24,3,3,1,1,1,0,0,1,1
606,cp08p00_easy_noncoherent_t0006,606,6,120,formal_tps30,easy_noncoherent,7.5,6,combined_int24,5,5,1,1,1,0,0,1,1
606,cp08p00_easy_noncoherent_t0006,606,6,120,formal_tps30,easy_noncoherent,7.5,6,combined_int24,10,10,1,1,1,0,0,1,1
606,cp08p00_easy_noncoherent_t0006,606,6,120,formal_tps30,easy_noncoherent,7.5,6,mixed_Z16_G24_Rz24,1,1,1,1,1,0,0,1,1
606,cp08p00_easy_noncoherent_t0006,606,6,120,formal_tps30,easy_noncoherent,7.5,6,mixed_Z16_G24_Rz24,3,3,1,1,1,0,0,1,1
606,cp08p00_easy_noncoherent_t0006,606,6,120,formal_tps30,easy_noncoherent,7.5,6,mixed_Z16_G24_Rz24,5,5,1,1,1,0,0,1,1
606,cp08p00_easy_noncoherent_t0006,606,6,120,formal_tps30,easy_noncoherent,7.5,6,mixed_Z16_G24_Rz24,10,10,1,1,1,0,0,1,1
606,cp08p00_easy_noncoherent_t0006,606,6,120,formal_tps30,easy_noncoherent,7.5,6,combined_int14,1,1,1,1,1,0,0,1,1
606,cp08p00_easy_noncoherent_t0006,606,6,120,formal_tps30,easy_noncoherent,7.5,6,combined_int14,3,3,1,1,1,0,0,1,1
606,cp08p00_easy_noncoherent_t0006,606,6,120,formal_tps30,easy_noncoherent,7.5,6,combined_int14,5,5,1,1,1,0,0,1,1
606,cp08p00_easy_noncoherent_t0006,606,6,120,formal_tps30,easy_noncoherent,7.5,6,combined_int14,10,10,1,1,1,0,0,1,1
606,cp08p00_easy_noncoherent_t0006,606,6,120,formal_tps30,easy_noncoherent,7.5,6,W_int18_G24_Z16,1,1,1,1,1,0,0,1,1
606,cp08p00_easy_noncoherent_t0006,606,6,120,formal_tps30,easy_noncoherent,7.5,6,W_int18_G24_Z16,3,3,1,1,1,0,0,1,1
606,cp08p00_easy_noncoherent_t0006,606,6,120,formal_tps30,easy_noncoherent,7.5,6,W_int18_G24_Z16,5,5,1,1,1,0,0,1,1
606,cp08p00_easy_noncoherent_t0006,606,6,120,formal_tps30,easy_noncoherent,7.5,6,W_int18_G24_Z16,10,10,1,1,1,0,0,1,1
726,cp08p00_low_snr_hard_t0006,726,6,120,formal_tps30,low_snr_hard,7.5,6,double_baseline,1,1,1,1,1,0,0,0,0
726,cp08p00_low_snr_hard_t0006,726,6,120,formal_tps30,low_snr_hard,7.5,6,double_baseline,3,3,1,1,1,0,0,0,0
726,cp08p00_low_snr_hard_t0006,726,6,120,formal_tps30,low_snr_hard,7.5,6,double_baseline,5,5,1,1,1,0,0,0,0
726,cp08p00_low_snr_hard_t0006,726,6,120,formal_tps30,low_snr_hard,7.5,6,double_baseline,10,10,1,1,1,0,0,0,0
726,cp08p00_low_snr_hard_t0006,726,6,120,formal_tps30,low_snr_hard,7.5,6,float32_all,1,1,1,1,1,0,0,0,0
726,cp08p00_low_snr_hard_t0006,726,6,120,formal_tps30,low_snr_hard,7.5,6,float32_all,3,3,1,1,1,0,0,0,0
726,cp08p00_low_snr_hard_t0006,726,6,120,formal_tps30,low_snr_hard,7.5,6,float32_all,5,5,1,1,1,0,0,0,0
726,cp08p00_low_snr_hard_t0006,726,6,120,formal_tps30,low_snr_hard,7.5,6,float32_all,10,10,1,1,1,0,0,0,0
726,cp08p00_low_snr_hard_t0006,726,6,120,formal_tps30,low_snr_hard,7.5,6,combined_int16,1,1,1,1,1,0,0,0,0
726,cp08p00_low_snr_hard_t0006,726,6,120,formal_tps30,low_snr_hard,7.5,6,combined_int16,3,3,1,1,1,0,0,0,0
726,cp08p00_low_snr_hard_t0006,726,6,120,formal_tps30,low_snr_hard,7.5,6,combined_int16,5,5,1,1,1,0,0,0,0
726,cp08p00_low_snr_hard_t0006,726,6,120,formal_tps30,low_snr_hard,7.5,6,combined_int16,10,10,1,1,1,0,0,0,0
726,cp08p00_low_snr_hard_t0006,726,6,120,formal_tps30,low_snr_hard,7.5,6,combined_int18,1,1,1,1,1,0,0,0,0
726,cp08p00_low_snr_hard_t0006,726,6,120,formal_tps30,low_snr_hard,7.5,6,combined_int18,3,3,1,1,1,0,0,0,0
726,cp08p00_low_snr_hard_t0006,726,6,120,formal_tps30,low_snr_hard,7.5,6,combined_int18,5,5,1,1,1,0,0,0,0
726,cp08p00_low_snr_hard_t0006,726,6,120,formal_tps30,low_snr_hard,7.5,6,combined_int18,10,10,1,1,1,0,0,0,0
726,cp08p00_low_snr_hard_t0006,726,6,120,formal_tps30,low_snr_hard,7.5,6,combined_int24,1,1,1,1,1,0,0,0,0
726,cp08p00_low_snr_hard_t0006,726,6,120,formal_tps30,low_snr_hard,7.5,6,combined_int24,3,3,1,1,1,0,0,0,0
726,cp08p00_low_snr_hard_t0006,726,6,120,formal_tps30,low_snr_hard,7.5,6,combined_int24,5,5,1,1,1,0,0,0,0
726,cp08p00_low_snr_hard_t0006,726,6,120,formal_tps30,low_snr_hard,7.5,6,combined_int24,10,10,1,1,1,0,0,0,0
726,cp08p00_low_snr_hard_t0006,726,6,120,formal_tps30,low_snr_hard,7.5,6,mixed_Z16_G24_Rz24,1,1,1,1,1,0,0,0,0
726,cp08p00_low_snr_hard_t0006,726,6,120,formal_tps30,low_snr_hard,7.5,6,mixed_Z16_G24_Rz24,3,3,1,1,1,0,0,0,0
726,cp08p00_low_snr_hard_t0006,726,6,120,formal_tps30,low_snr_hard,7.5,6,mixed_Z16_G24_Rz24,5,5,1,1,1,0,0,0,0
726,cp08p00_low_snr_hard_t0006,726,6,120,formal_tps30,low_snr_hard,7.5,6,mixed_Z16_G24_Rz24,10,10,1,1,1,0,0,0,0
726,cp08p00_low_snr_hard_t0006,726,6,120,formal_tps30,low_snr_hard,7.5,6,combined_int14,1,1,1,1,1,0,0,0,0
726,cp08p00_low_snr_hard_t0006,726,6,120,formal_tps30,low_snr_hard,7.5,6,combined_int14,3,3,1,1,1,0,0,0,0
726,cp08p00_low_snr_hard_t0006,726,6,120,formal_tps30,low_snr_hard,7.5,6,combined_int14,5,5,1,1,1,0,0,0,0
726,cp08p00_low_snr_hard_t0006,726,6,120,formal_tps30,low_snr_hard,7.5,6,combined_int14,10,10,1,1,1,0,0,0,0
726,cp08p00_low_snr_hard_t0006,726,6,120,formal_tps30,low_snr_hard,7.5,6,W_int18_G24_Z16,1,1,1,1,1,0,0,0,0
726,cp08p00_low_snr_hard_t0006,726,6,120,formal_tps30,low_snr_hard,7.5,6,W_int18_G24_Z16,3,3,1,1,1,0,0,0,0
726,cp08p00_low_snr_hard_t0006,726,6,120,formal_tps30,low_snr_hard,7.5,6,W_int18_G24_Z16,5,5,1,1,1,0,0,0,0
726,cp08p00_low_snr_hard_t0006,726,6,120,formal_tps30,low_snr_hard,7.5,6,W_int18_G24_Z16,10,10,1,1,1,0,0,0,0
846,cp08p00_cache_boundary_center_t0006,846,6,120,formal_tps30,cache_boundary_center,7.5,6,double_baseline,1,1,1,1,1,0,0,1,1
846,cp08p00_cache_boundary_center_t0006,846,6,120,formal_tps30,cache_boundary_center,7.5,6,double_baseline,3,3,1,1,1,0,0,1,1
846,cp08p00_cache_boundary_center_t0006,846,6,120,formal_tps30,cache_boundary_center,7.5,6,double_baseline,5,5,1,1,1,0,0,1,1
846,cp08p00_cache_boundary_center_t0006,846,6,120,formal_tps30,cache_boundary_center,7.5,6,double_baseline,10,10,1,1,1,0,0,1,1
846,cp08p00_cache_boundary_center_t0006,846,6,120,formal_tps30,cache_boundary_center,7.5,6,float32_all,1,1,1,1,1,0,0,1,1
846,cp08p00_cache_boundary_center_t0006,846,6,120,formal_tps30,cache_boundary_center,7.5,6,float32_all,3,3,1,1,1,0,0,1,1
846,cp08p00_cache_boundary_center_t0006,846,6,120,formal_tps30,cache_boundary_center,7.5,6,float32_all,5,5,1,1,1,0,0,1,1
846,cp08p00_cache_boundary_center_t0006,846,6,120,formal_tps30,cache_boundary_center,7.5,6,float32_all,10,10,1,1,1,0,0,1,1
846,cp08p00_cache_boundary_center_t0006,846,6,120,formal_tps30,cache_boundary_center,7.5,6,combined_int16,1,1,1,1,1,0,0,1,1
846,cp08p00_cache_boundary_center_t0006,846,6,120,formal_tps30,cache_boundary_center,7.5,6,combined_int16,3,3,1,1,1,0,0,1,1
846,cp08p00_cache_boundary_center_t0006,846,6,120,formal_tps30,cache_boundary_center,7.5,6,combined_int16,5,5,1,1,1,0,0,1,1
846,cp08p00_cache_boundary_center_t0006,846,6,120,formal_tps30,cache_boundary_center,7.5,6,combined_int16,10,10,1,1,1,0,0,1,1
846,cp08p00_cache_boundary_center_t0006,846,6,120,formal_tps30,cache_boundary_center,7.5,6,combined_int18,1,1,1,1,1,0,0,1,1
846,cp08p00_cache_boundary_center_t0006,846,6,120,formal_tps30,cache_boundary_center,7.5,6,combined_int18,3,3,1,1,1,0,0,1,1
846,cp08p00_cache_boundary_center_t0006,846,6,120,formal_tps30,cache_boundary_center,7.5,6,combined_int18,5,5,1,1,1,0,0,1,1
846,cp08p00_cache_boundary_center_t0006,846,6,120,formal_tps30,cache_boundary_center,7.5,6,combined_int18,10,10,1,1,1,0,0,1,1
846,cp08p00_cache_boundary_center_t0006,846,6,120,formal_tps30,cache_boundary_center,7.5,6,combined_int24,1,1,1,1,1,0,0,1,1
846,cp08p00_cache_boundary_center_t0006,846,6,120,formal_tps30,cache_boundary_center,7.5,6,combined_int24,3,3,1,1,1,0,0,1,1
846,cp08p00_cache_boundary_center_t0006,846,6,120,formal_tps30,cache_boundary_center,7.5,6,combined_int24,5,5,1,1,1,0,0,1,1
846,cp08p00_cache_boundary_center_t0006,846,6,120,formal_tps30,cache_boundary_center,7.5,6,combined_int24,10,10,1,1,1,0,0,1,1
846,cp08p00_cache_boundary_center_t0006,846,6,120,formal_tps30,cache_boundary_center,7.5,6,mixed_Z16_G24_Rz24,1,1,1,1,1,0,0,1,1
846,cp08p00_cache_boundary_center_t0006,846,6,120,formal_tps30,cache_boundary_center,7.5,6,mixed_Z16_G24_Rz24,3,3,1,1,1,0,0,1,1
846,cp08p00_cache_boundary_center_t0006,846,6,120,formal_tps30,cache_boundary_center,7.5,6,mixed_Z16_G24_Rz24,5,5,1,1,1,0,0,1,1
846,cp08p00_cache_boundary_center_t0006,846,6,120,formal_tps30,cache_boundary_center,7.5,6,mixed_Z16_G24_Rz24,10,10,1,1,1,0,0,1,1
846,cp08p00_cache_boundary_center_t0006,846,6,120,formal_tps30,cache_boundary_center,7.5,6,combined_int14,1,1,1,1,1,0,0,1,1
846,cp08p00_cache_boundary_center_t0006,846,6,120,formal_tps30,cache_boundary_center,7.5,6,combined_int14,3,3,1,1,1,0,0,1,1
846,cp08p00_cache_boundary_center_t0006,846,6,120,formal_tps30,cache_boundary_center,7.5,6,combined_int14,5,5,1,1,1,0,0,1,1
846,cp08p00_cache_boundary_center_t0006,846,6,120,formal_tps30,cache_boundary_center,7.5,6,combined_int14,10,10,1,1,1,0,0,1,1
846,cp08p00_cache_boundary_center_t0006,846,6,120,formal_tps30,cache_boundary_center,7.5,6,W_int18_G24_Z16,1,1,1,1,1,0,0,1,1
846,cp08p00_cache_boundary_center_t0006,846,6,120,formal_tps30,cache_boundary_center,7.5,6,W_int18_G24_Z16,3,3,1,1,1,0,0,1,1
846,cp08p00_cache_boundary_center_t0006,846,6,120,formal_tps30,cache_boundary_center,7.5,6,W_int18_G24_Z16,5,5,1,1,1,0,0,1,1
846,cp08p00_cache_boundary_center_t0006,846,6,120,formal_tps30,cache_boundary_center,7.5,6,W_int18_G24_Z16,10,10,1,1,1,0,0,1,1
966,cp15p00_hard_phase_t0006,966,6,120,formal_tps30,hard_phase,15,6,double_baseline,1,1,1,1,1,0,0,1,1
966,cp15p00_hard_phase_t0006,966,6,120,formal_tps30,hard_phase,15,6,double_baseline,3,3,1,1,1,0,0,1,1
966,cp15p00_hard_phase_t0006,966,6,120,formal_tps30,hard_phase,15,6,double_baseline,5,5,1,1,1,0,0,1,1
966,cp15p00_hard_phase_t0006,966,6,120,formal_tps30,hard_phase,15,6,double_baseline,10,10,1,1,1,0,0,1,1
966,cp15p00_hard_phase_t0006,966,6,120,formal_tps30,hard_phase,15,6,float32_all,1,1,1,1,1,0,0,1,1
966,cp15p00_hard_phase_t0006,966,6,120,formal_tps30,hard_phase,15,6,float32_all,3,3,1,1,1,0,0,1,1
966,cp15p00_hard_phase_t0006,966,6,120,formal_tps30,hard_phase,15,6,float32_all,5,5,1,1,1,0,0,1,1
966,cp15p00_hard_phase_t0006,966,6,120,formal_tps30,hard_phase,15,6,float32_all,10,10,1,1,1,0,0,1,1
966,cp15p00_hard_phase_t0006,966,6,120,formal_tps30,hard_phase,15,6,combined_int16,1,1,1,1,1,0,0,1,1
966,cp15p00_hard_phase_t0006,966,6,120,formal_tps30,hard_phase,15,6,combined_int16,3,3,1,1,1,0,0,1,1
966,cp15p00_hard_phase_t0006,966,6,120,formal_tps30,hard_phase,15,6,combined_int16,5,5,1,1,1,0,0,1,1
966,cp15p00_hard_phase_t0006,966,6,120,formal_tps30,hard_phase,15,6,combined_int16,10,10,1,1,1,0,0,1,1
966,cp15p00_hard_phase_t0006,966,6,120,formal_tps30,hard_phase,15,6,combined_int18,1,1,1,1,1,0,0,1,1
966,cp15p00_hard_phase_t0006,966,6,120,formal_tps30,hard_phase,15,6,combined_int18,3,3,1,1,1,0,0,1,1
966,cp15p00_hard_phase_t0006,966,6,120,formal_tps30,hard_phase,15,6,combined_int18,5,5,1,1,1,0,0,1,1
966,cp15p00_hard_phase_t0006,966,6,120,formal_tps30,hard_phase,15,6,combined_int18,10,10,1,1,1,0,0,1,1
966,cp15p00_hard_phase_t0006,966,6,120,formal_tps30,hard_phase,15,6,combined_int24,1,1,1,1,1,0,0,1,1
966,cp15p00_hard_phase_t0006,966,6,120,formal_tps30,hard_phase,15,6,combined_int24,3,3,1,1,1,0,0,1,1
966,cp15p00_hard_phase_t0006,966,6,120,formal_tps30,hard_phase,15,6,combined_int24,5,5,1,1,1,0,0,1,1
966,cp15p00_hard_phase_t0006,966,6,120,formal_tps30,hard_phase,15,6,combined_int24,10,10,1,1,1,0,0,1,1
966,cp15p00_hard_phase_t0006,966,6,120,formal_tps30,hard_phase,15,6,mixed_Z16_G24_Rz24,1,1,1,1,1,0,0,1,1
966,cp15p00_hard_phase_t0006,966,6,120,formal_tps30,hard_phase,15,6,mixed_Z16_G24_Rz24,3,3,1,1,1,0,0,1,1
966,cp15p00_hard_phase_t0006,966,6,120,formal_tps30,hard_phase,15,6,mixed_Z16_G24_Rz24,5,5,1,1,1,0,0,1,1
966,cp15p00_hard_phase_t0006,966,6,120,formal_tps30,hard_phase,15,6,mixed_Z16_G24_Rz24,10,10,1,1,1,0,0,1,1
966,cp15p00_hard_phase_t0006,966,6,120,formal_tps30,hard_phase,15,6,combined_int14,1,1,1,1,1,0,0,1,1
966,cp15p00_hard_phase_t0006,966,6,120,formal_tps30,hard_phase,15,6,combined_int14,3,3,1,1,1,0,0,1,1
966,cp15p00_hard_phase_t0006,966,6,120,formal_tps30,hard_phase,15,6,combined_int14,5,5,1,1,1,0,0,1,1
966,cp15p00_hard_phase_t0006,966,6,120,formal_tps30,hard_phase,15,6,combined_int14,10,10,1,1,1,0,0,1,1
966,cp15p00_hard_phase_t0006,966,6,120,formal_tps30,hard_phase,15,6,W_int18_G24_Z16,1,1,1,1,1,0,0,1,1
966,cp15p00_hard_phase_t0006,966,6,120,formal_tps30,hard_phase,15,6,W_int18_G24_Z16,3,3,1,1,1,0,0,1,1
966,cp15p00_hard_phase_t0006,966,6,120,formal_tps30,hard_phase,15,6,W_int18_G24_Z16,5,5,1,1,1,0,0,1,1
966,cp15p00_hard_phase_t0006,966,6,120,formal_tps30,hard_phase,15,6,W_int18_G24_Z16,10,10,1,1,1,0,0,1,1
1086,cp15p00_medium_beta_coherent_t0006,1086,6,120,formal_tps30,medium_beta_coherent,15,6,double_baseline,1,1,1,1,1,0,0,0,0
1086,cp15p00_medium_beta_coherent_t0006,1086,6,120,formal_tps30,medium_beta_coherent,15,6,double_baseline,3,3,1,1,1,0,0,0,0
1086,cp15p00_medium_beta_coherent_t0006,1086,6,120,formal_tps30,medium_beta_coherent,15,6,double_baseline,5,5,1,1,1,0,0,0,0
1086,cp15p00_medium_beta_coherent_t0006,1086,6,120,formal_tps30,medium_beta_coherent,15,6,double_baseline,10,10,1,1,1,0,0,0,0
1086,cp15p00_medium_beta_coherent_t0006,1086,6,120,formal_tps30,medium_beta_coherent,15,6,float32_all,1,1,1,1,1,0,0,0,0
1086,cp15p00_medium_beta_coherent_t0006,1086,6,120,formal_tps30,medium_beta_coherent,15,6,float32_all,3,3,1,1,1,0,0,0,0
1086,cp15p00_medium_beta_coherent_t0006,1086,6,120,formal_tps30,medium_beta_coherent,15,6,float32_all,5,5,1,1,1,0,0,0,0
1086,cp15p00_medium_beta_coherent_t0006,1086,6,120,formal_tps30,medium_beta_coherent,15,6,float32_all,10,10,1,1,1,0,0,0,0
1086,cp15p00_medium_beta_coherent_t0006,1086,6,120,formal_tps30,medium_beta_coherent,15,6,combined_int16,1,1,1,1,1,0,0,0,0
1086,cp15p00_medium_beta_coherent_t0006,1086,6,120,formal_tps30,medium_beta_coherent,15,6,combined_int16,3,3,1,1,1,0,0,0,0
1086,cp15p00_medium_beta_coherent_t0006,1086,6,120,formal_tps30,medium_beta_coherent,15,6,combined_int16,5,5,1,1,1,0,0,0,0
1086,cp15p00_medium_beta_coherent_t0006,1086,6,120,formal_tps30,medium_beta_coherent,15,6,combined_int16,10,10,0,0,0.818181818181818,1,0.1,0,0
1086,cp15p00_medium_beta_coherent_t0006,1086,6,120,formal_tps30,medium_beta_coherent,15,6,combined_int18,1,1,1,1,1,0,0,0,0
1086,cp15p00_medium_beta_coherent_t0006,1086,6,120,formal_tps30,medium_beta_coherent,15,6,combined_int18,3,3,1,1,1,0,0,0,0
1086,cp15p00_medium_beta_coherent_t0006,1086,6,120,formal_tps30,medium_beta_coherent,15,6,combined_int18,5,5,1,1,1,0,0,0,0
1086,cp15p00_medium_beta_coherent_t0006,1086,6,120,formal_tps30,medium_beta_coherent,15,6,combined_int18,10,10,1,1,1,0,0,0,0
1086,cp15p00_medium_beta_coherent_t0006,1086,6,120,formal_tps30,medium_beta_coherent,15,6,combined_int24,1,1,1,1,1,0,0,0,0
1086,cp15p00_medium_beta_coherent_t0006,1086,6,120,formal_tps30,medium_beta_coherent,15,6,combined_int24,3,3,1,1,1,0,0,0,0
1086,cp15p00_medium_beta_coherent_t0006,1086,6,120,formal_tps30,medium_beta_coherent,15,6,combined_int24,5,5,1,1,1,0,0,0,0
1086,cp15p00_medium_beta_coherent_t0006,1086,6,120,formal_tps30,medium_beta_coherent,15,6,combined_int24,10,10,1,1,1,0,0,0,0
1086,cp15p00_medium_beta_coherent_t0006,1086,6,120,formal_tps30,medium_beta_coherent,15,6,mixed_Z16_G24_Rz24,1,1,1,1,1,0,0,0,0
1086,cp15p00_medium_beta_coherent_t0006,1086,6,120,formal_tps30,medium_beta_coherent,15,6,mixed_Z16_G24_Rz24,3,3,1,1,1,0,0,0,0
1086,cp15p00_medium_beta_coherent_t0006,1086,6,120,formal_tps30,medium_beta_coherent,15,6,mixed_Z16_G24_Rz24,5,5,1,1,1,0,0,0,0
1086,cp15p00_medium_beta_coherent_t0006,1086,6,120,formal_tps30,medium_beta_coherent,15,6,mixed_Z16_G24_Rz24,10,10,1,1,1,0,0,0,0
1086,cp15p00_medium_beta_coherent_t0006,1086,6,120,formal_tps30,medium_beta_coherent,15,6,combined_int14,1,1,1,1,1,0,0,0,0
1086,cp15p00_medium_beta_coherent_t0006,1086,6,120,formal_tps30,medium_beta_coherent,15,6,combined_int14,3,3,1,1,1,0,0,0,0
1086,cp15p00_medium_beta_coherent_t0006,1086,6,120,formal_tps30,medium_beta_coherent,15,6,combined_int14,5,5,1,1,1,0,0,0,0
1086,cp15p00_medium_beta_coherent_t0006,1086,6,120,formal_tps30,medium_beta_coherent,15,6,combined_int14,10,10,1,1,1,0,0,0,0
1086,cp15p00_medium_beta_coherent_t0006,1086,6,120,formal_tps30,medium_beta_coherent,15,6,W_int18_G24_Z16,1,1,1,1,1,0,0,0,0
1086,cp15p00_medium_beta_coherent_t0006,1086,6,120,formal_tps30,medium_beta_coherent,15,6,W_int18_G24_Z16,3,3,1,1,1,0,0,0,0
1086,cp15p00_medium_beta_coherent_t0006,1086,6,120,formal_tps30,medium_beta_coherent,15,6,W_int18_G24_Z16,5,5,1,1,1,0,0,0,0
1086,cp15p00_medium_beta_coherent_t0006,1086,6,120,formal_tps30,medium_beta_coherent,15,6,W_int18_G24_Z16,10,10,1,1,1,0,0,0,0
7,cp00p00_easy_noncoherent_t0007,7,7,120,formal_tps30,easy_noncoherent,0,7,double_baseline,1,1,1,1,1,0,0,0,0
7,cp00p00_easy_noncoherent_t0007,7,7,120,formal_tps30,easy_noncoherent,0,7,double_baseline,3,3,1,1,1,0,0,0,0
7,cp00p00_easy_noncoherent_t0007,7,7,120,formal_tps30,easy_noncoherent,0,7,double_baseline,5,5,1,1,1,0,0,0,0
7,cp00p00_easy_noncoherent_t0007,7,7,120,formal_tps30,easy_noncoherent,0,7,double_baseline,10,10,1,1,1,0,0,0,0
7,cp00p00_easy_noncoherent_t0007,7,7,120,formal_tps30,easy_noncoherent,0,7,float32_all,1,1,1,1,1,0,0,0,0
7,cp00p00_easy_noncoherent_t0007,7,7,120,formal_tps30,easy_noncoherent,0,7,float32_all,3,3,1,1,1,0,0,0,0
7,cp00p00_easy_noncoherent_t0007,7,7,120,formal_tps30,easy_noncoherent,0,7,float32_all,5,5,1,1,1,0,0,0,0
7,cp00p00_easy_noncoherent_t0007,7,7,120,formal_tps30,easy_noncoherent,0,7,float32_all,10,10,1,1,1,0,0,0,0
7,cp00p00_easy_noncoherent_t0007,7,7,120,formal_tps30,easy_noncoherent,0,7,combined_int16,1,1,1,1,1,0,0,0,0
7,cp00p00_easy_noncoherent_t0007,7,7,120,formal_tps30,easy_noncoherent,0,7,combined_int16,3,3,1,1,1,0,0,0,0
7,cp00p00_easy_noncoherent_t0007,7,7,120,formal_tps30,easy_noncoherent,0,7,combined_int16,5,5,1,1,1,0,0,0,0
7,cp00p00_easy_noncoherent_t0007,7,7,120,formal_tps30,easy_noncoherent,0,7,combined_int16,10,10,1,1,1,0,0,0,0
7,cp00p00_easy_noncoherent_t0007,7,7,120,formal_tps30,easy_noncoherent,0,7,combined_int18,1,1,1,1,1,0,0,0,0
7,cp00p00_easy_noncoherent_t0007,7,7,120,formal_tps30,easy_noncoherent,0,7,combined_int18,3,3,1,1,1,0,0,0,0
7,cp00p00_easy_noncoherent_t0007,7,7,120,formal_tps30,easy_noncoherent,0,7,combined_int18,5,5,1,1,1,0,0,0,0
7,cp00p00_easy_noncoherent_t0007,7,7,120,formal_tps30,easy_noncoherent,0,7,combined_int18,10,10,1,1,1,0,0,0,0
7,cp00p00_easy_noncoherent_t0007,7,7,120,formal_tps30,easy_noncoherent,0,7,combined_int24,1,1,1,1,1,0,0,0,0
7,cp00p00_easy_noncoherent_t0007,7,7,120,formal_tps30,easy_noncoherent,0,7,combined_int24,3,3,1,1,1,0,0,0,0
7,cp00p00_easy_noncoherent_t0007,7,7,120,formal_tps30,easy_noncoherent,0,7,combined_int24,5,5,1,1,1,0,0,0,0
7,cp00p00_easy_noncoherent_t0007,7,7,120,formal_tps30,easy_noncoherent,0,7,combined_int24,10,10,1,1,1,0,0,0,0
7,cp00p00_easy_noncoherent_t0007,7,7,120,formal_tps30,easy_noncoherent,0,7,mixed_Z16_G24_Rz24,1,1,1,1,1,0,0,0,0
7,cp00p00_easy_noncoherent_t0007,7,7,120,formal_tps30,easy_noncoherent,0,7,mixed_Z16_G24_Rz24,3,3,1,1,1,0,0,0,0
7,cp00p00_easy_noncoherent_t0007,7,7,120,formal_tps30,easy_noncoherent,0,7,mixed_Z16_G24_Rz24,5,5,1,1,1,0,0,0,0
7,cp00p00_easy_noncoherent_t0007,7,7,120,formal_tps30,easy_noncoherent,0,7,mixed_Z16_G24_Rz24,10,10,1,1,1,0,0,0,0
7,cp00p00_easy_noncoherent_t0007,7,7,120,formal_tps30,easy_noncoherent,0,7,combined_int14,1,1,1,1,1,0,0,0,0
7,cp00p00_easy_noncoherent_t0007,7,7,120,formal_tps30,easy_noncoherent,0,7,combined_int14,3,3,1,1,1,0,0,0,0
7,cp00p00_easy_noncoherent_t0007,7,7,120,formal_tps30,easy_noncoherent,0,7,combined_int14,5,5,1,1,1,0,0,0,0
7,cp00p00_easy_noncoherent_t0007,7,7,120,formal_tps30,easy_noncoherent,0,7,combined_int14,10,10,1,1,1,0,0,0,0
7,cp00p00_easy_noncoherent_t0007,7,7,120,formal_tps30,easy_noncoherent,0,7,W_int18_G24_Z16,1,1,1,1,1,0,0,0,0
7,cp00p00_easy_noncoherent_t0007,7,7,120,formal_tps30,easy_noncoherent,0,7,W_int18_G24_Z16,3,3,1,1,1,0,0,0,0
7,cp00p00_easy_noncoherent_t0007,7,7,120,formal_tps30,easy_noncoherent,0,7,W_int18_G24_Z16,5,5,1,1,1,0,0,0,0
7,cp00p00_easy_noncoherent_t0007,7,7,120,formal_tps30,easy_noncoherent,0,7,W_int18_G24_Z16,10,10,1,1,1,0,0,0,0
127,cp00p00_low_snr_hard_t0007,127,7,120,formal_tps30,low_snr_hard,0,7,double_baseline,1,1,1,1,1,0,0,0,0
127,cp00p00_low_snr_hard_t0007,127,7,120,formal_tps30,low_snr_hard,0,7,double_baseline,3,3,1,1,1,0,0,0,0
127,cp00p00_low_snr_hard_t0007,127,7,120,formal_tps30,low_snr_hard,0,7,double_baseline,5,5,1,1,1,0,0,0,0
127,cp00p00_low_snr_hard_t0007,127,7,120,formal_tps30,low_snr_hard,0,7,double_baseline,10,10,1,1,1,0,0,0,0
127,cp00p00_low_snr_hard_t0007,127,7,120,formal_tps30,low_snr_hard,0,7,float32_all,1,1,1,1,1,0,0,0,0
127,cp00p00_low_snr_hard_t0007,127,7,120,formal_tps30,low_snr_hard,0,7,float32_all,3,3,1,1,1,0,0,0,0
127,cp00p00_low_snr_hard_t0007,127,7,120,formal_tps30,low_snr_hard,0,7,float32_all,5,5,1,1,1,0,0,0,0
127,cp00p00_low_snr_hard_t0007,127,7,120,formal_tps30,low_snr_hard,0,7,float32_all,10,10,1,1,1,0,0,0,0
127,cp00p00_low_snr_hard_t0007,127,7,120,formal_tps30,low_snr_hard,0,7,combined_int16,1,1,1,1,1,0,0,0,0
127,cp00p00_low_snr_hard_t0007,127,7,120,formal_tps30,low_snr_hard,0,7,combined_int16,3,3,1,1,1,0,0,0,0
127,cp00p00_low_snr_hard_t0007,127,7,120,formal_tps30,low_snr_hard,0,7,combined_int16,5,5,1,1,1,0,0,0,0
127,cp00p00_low_snr_hard_t0007,127,7,120,formal_tps30,low_snr_hard,0,7,combined_int16,10,10,1,1,1,0,0,0,0
127,cp00p00_low_snr_hard_t0007,127,7,120,formal_tps30,low_snr_hard,0,7,combined_int18,1,1,1,1,1,0,0,0,0
127,cp00p00_low_snr_hard_t0007,127,7,120,formal_tps30,low_snr_hard,0,7,combined_int18,3,3,1,1,1,0,0,0,0
127,cp00p00_low_snr_hard_t0007,127,7,120,formal_tps30,low_snr_hard,0,7,combined_int18,5,5,1,1,1,0,0,0,0
127,cp00p00_low_snr_hard_t0007,127,7,120,formal_tps30,low_snr_hard,0,7,combined_int18,10,10,1,1,1,0,0,0,0
127,cp00p00_low_snr_hard_t0007,127,7,120,formal_tps30,low_snr_hard,0,7,combined_int24,1,1,1,1,1,0,0,0,0
127,cp00p00_low_snr_hard_t0007,127,7,120,formal_tps30,low_snr_hard,0,7,combined_int24,3,3,1,1,1,0,0,0,0
127,cp00p00_low_snr_hard_t0007,127,7,120,formal_tps30,low_snr_hard,0,7,combined_int24,5,5,1,1,1,0,0,0,0
127,cp00p00_low_snr_hard_t0007,127,7,120,formal_tps30,low_snr_hard,0,7,combined_int24,10,10,1,1,1,0,0,0,0
127,cp00p00_low_snr_hard_t0007,127,7,120,formal_tps30,low_snr_hard,0,7,mixed_Z16_G24_Rz24,1,1,1,1,1,0,0,0,0
127,cp00p00_low_snr_hard_t0007,127,7,120,formal_tps30,low_snr_hard,0,7,mixed_Z16_G24_Rz24,3,3,1,1,1,0,0,0,0
127,cp00p00_low_snr_hard_t0007,127,7,120,formal_tps30,low_snr_hard,0,7,mixed_Z16_G24_Rz24,5,5,1,1,1,0,0,0,0
127,cp00p00_low_snr_hard_t0007,127,7,120,formal_tps30,low_snr_hard,0,7,mixed_Z16_G24_Rz24,10,10,1,1,1,0,0,0,0
127,cp00p00_low_snr_hard_t0007,127,7,120,formal_tps30,low_snr_hard,0,7,combined_int14,1,1,1,1,1,0,0,0,0
127,cp00p00_low_snr_hard_t0007,127,7,120,formal_tps30,low_snr_hard,0,7,combined_int14,3,3,1,1,1,0,0,0,0
127,cp00p00_low_snr_hard_t0007,127,7,120,formal_tps30,low_snr_hard,0,7,combined_int14,5,5,1,1,1,0,0,0,0
127,cp00p00_low_snr_hard_t0007,127,7,120,formal_tps30,low_snr_hard,0,7,combined_int14,10,10,1,1,1,0,0,0,0
127,cp00p00_low_snr_hard_t0007,127,7,120,formal_tps30,low_snr_hard,0,7,W_int18_G24_Z16,1,1,1,1,1,0,0,0,0
127,cp00p00_low_snr_hard_t0007,127,7,120,formal_tps30,low_snr_hard,0,7,W_int18_G24_Z16,3,3,1,1,1,0,0,0,0
127,cp00p00_low_snr_hard_t0007,127,7,120,formal_tps30,low_snr_hard,0,7,W_int18_G24_Z16,5,5,1,1,1,0,0,0,0
127,cp00p00_low_snr_hard_t0007,127,7,120,formal_tps30,low_snr_hard,0,7,W_int18_G24_Z16,10,10,1,1,1,0,0,0,0
247,cp00p00_cache_boundary_center_t0007,247,7,120,formal_tps30,cache_boundary_center,0,7,double_baseline,1,1,1,1,1,0,0,1,1
247,cp00p00_cache_boundary_center_t0007,247,7,120,formal_tps30,cache_boundary_center,0,7,double_baseline,3,3,1,1,1,0,0,1,1
247,cp00p00_cache_boundary_center_t0007,247,7,120,formal_tps30,cache_boundary_center,0,7,double_baseline,5,5,1,1,1,0,0,1,1
247,cp00p00_cache_boundary_center_t0007,247,7,120,formal_tps30,cache_boundary_center,0,7,double_baseline,10,10,1,1,1,0,0,1,1
247,cp00p00_cache_boundary_center_t0007,247,7,120,formal_tps30,cache_boundary_center,0,7,float32_all,1,1,1,1,1,0,0,1,1
247,cp00p00_cache_boundary_center_t0007,247,7,120,formal_tps30,cache_boundary_center,0,7,float32_all,3,3,1,1,1,0,0,1,1
247,cp00p00_cache_boundary_center_t0007,247,7,120,formal_tps30,cache_boundary_center,0,7,float32_all,5,5,1,1,1,0,0,1,1
247,cp00p00_cache_boundary_center_t0007,247,7,120,formal_tps30,cache_boundary_center,0,7,float32_all,10,10,1,1,1,0,0,1,1
247,cp00p00_cache_boundary_center_t0007,247,7,120,formal_tps30,cache_boundary_center,0,7,combined_int16,1,1,1,1,1,0,0,1,1
247,cp00p00_cache_boundary_center_t0007,247,7,120,formal_tps30,cache_boundary_center,0,7,combined_int16,3,3,1,1,1,0,0,1,1
247,cp00p00_cache_boundary_center_t0007,247,7,120,formal_tps30,cache_boundary_center,0,7,combined_int16,5,5,1,1,1,0,0,1,1
247,cp00p00_cache_boundary_center_t0007,247,7,120,formal_tps30,cache_boundary_center,0,7,combined_int16,10,10,1,1,1,0,0,1,1
247,cp00p00_cache_boundary_center_t0007,247,7,120,formal_tps30,cache_boundary_center,0,7,combined_int18,1,1,1,1,1,0,0,1,1
247,cp00p00_cache_boundary_center_t0007,247,7,120,formal_tps30,cache_boundary_center,0,7,combined_int18,3,3,1,1,1,0,0,1,1
247,cp00p00_cache_boundary_center_t0007,247,7,120,formal_tps30,cache_boundary_center,0,7,combined_int18,5,5,1,1,1,0,0,1,1
247,cp00p00_cache_boundary_center_t0007,247,7,120,formal_tps30,cache_boundary_center,0,7,combined_int18,10,10,1,1,1,0,0,1,1
247,cp00p00_cache_boundary_center_t0007,247,7,120,formal_tps30,cache_boundary_center,0,7,combined_int24,1,1,1,1,1,0,0,1,1
247,cp00p00_cache_boundary_center_t0007,247,7,120,formal_tps30,cache_boundary_center,0,7,combined_int24,3,3,1,1,1,0,0,1,1
247,cp00p00_cache_boundary_center_t0007,247,7,120,formal_tps30,cache_boundary_center,0,7,combined_int24,5,5,1,1,1,0,0,1,1
247,cp00p00_cache_boundary_center_t0007,247,7,120,formal_tps30,cache_boundary_center,0,7,combined_int24,10,10,1,1,1,0,0,1,1
247,cp00p00_cache_boundary_center_t0007,247,7,120,formal_tps30,cache_boundary_center,0,7,mixed_Z16_G24_Rz24,1,1,1,1,1,0,0,1,1
247,cp00p00_cache_boundary_center_t0007,247,7,120,formal_tps30,cache_boundary_center,0,7,mixed_Z16_G24_Rz24,3,3,1,1,1,0,0,1,1
247,cp00p00_cache_boundary_center_t0007,247,7,120,formal_tps30,cache_boundary_center,0,7,mixed_Z16_G24_Rz24,5,5,1,1,1,0,0,1,1
247,cp00p00_cache_boundary_center_t0007,247,7,120,formal_tps30,cache_boundary_center,0,7,mixed_Z16_G24_Rz24,10,10,1,1,1,0,0,1,1
247,cp00p00_cache_boundary_center_t0007,247,7,120,formal_tps30,cache_boundary_center,0,7,combined_int14,1,1,1,1,1,0,0,1,1
247,cp00p00_cache_boundary_center_t0007,247,7,120,formal_tps30,cache_boundary_center,0,7,combined_int14,3,3,1,1,1,0,0,1,1
247,cp00p00_cache_boundary_center_t0007,247,7,120,formal_tps30,cache_boundary_center,0,7,combined_int14,5,5,1,1,1,0,0,1,1
247,cp00p00_cache_boundary_center_t0007,247,7,120,formal_tps30,cache_boundary_center,0,7,combined_int14,10,10,0,1,1,0,0,1,1
247,cp00p00_cache_boundary_center_t0007,247,7,120,formal_tps30,cache_boundary_center,0,7,W_int18_G24_Z16,1,1,1,1,1,0,0,1,1
247,cp00p00_cache_boundary_center_t0007,247,7,120,formal_tps30,cache_boundary_center,0,7,W_int18_G24_Z16,3,3,1,1,1,0,0,1,1
247,cp00p00_cache_boundary_center_t0007,247,7,120,formal_tps30,cache_boundary_center,0,7,W_int18_G24_Z16,5,5,1,1,1,0,0,1,1
247,cp00p00_cache_boundary_center_t0007,247,7,120,formal_tps30,cache_boundary_center,0,7,W_int18_G24_Z16,10,10,1,1,1,0,0,1,1
367,cp04p00_hard_phase_t0007,367,7,120,formal_tps30,hard_phase,3.75,7,double_baseline,1,1,1,1,1,0,0,1,1
367,cp04p00_hard_phase_t0007,367,7,120,formal_tps30,hard_phase,3.75,7,double_baseline,3,3,1,1,1,0,0,1,1
367,cp04p00_hard_phase_t0007,367,7,120,formal_tps30,hard_phase,3.75,7,double_baseline,5,5,1,1,1,0,0,1,1
367,cp04p00_hard_phase_t0007,367,7,120,formal_tps30,hard_phase,3.75,7,double_baseline,10,10,1,1,1,0,0,1,1
367,cp04p00_hard_phase_t0007,367,7,120,formal_tps30,hard_phase,3.75,7,float32_all,1,1,1,1,1,0,0,1,1
367,cp04p00_hard_phase_t0007,367,7,120,formal_tps30,hard_phase,3.75,7,float32_all,3,3,1,1,1,0,0,1,1
367,cp04p00_hard_phase_t0007,367,7,120,formal_tps30,hard_phase,3.75,7,float32_all,5,5,1,1,1,0,0,1,1
367,cp04p00_hard_phase_t0007,367,7,120,formal_tps30,hard_phase,3.75,7,float32_all,10,10,1,1,1,0,0,1,1
367,cp04p00_hard_phase_t0007,367,7,120,formal_tps30,hard_phase,3.75,7,combined_int16,1,1,1,1,1,0,0,1,1
367,cp04p00_hard_phase_t0007,367,7,120,formal_tps30,hard_phase,3.75,7,combined_int16,3,3,1,1,1,0,0,1,1
367,cp04p00_hard_phase_t0007,367,7,120,formal_tps30,hard_phase,3.75,7,combined_int16,5,5,1,1,1,0,0,1,1
367,cp04p00_hard_phase_t0007,367,7,120,formal_tps30,hard_phase,3.75,7,combined_int16,10,10,1,1,1,0,0,1,1
367,cp04p00_hard_phase_t0007,367,7,120,formal_tps30,hard_phase,3.75,7,combined_int18,1,1,1,1,1,0,0,1,1
367,cp04p00_hard_phase_t0007,367,7,120,formal_tps30,hard_phase,3.75,7,combined_int18,3,3,1,1,1,0,0,1,1
367,cp04p00_hard_phase_t0007,367,7,120,formal_tps30,hard_phase,3.75,7,combined_int18,5,5,1,1,1,0,0,1,1
367,cp04p00_hard_phase_t0007,367,7,120,formal_tps30,hard_phase,3.75,7,combined_int18,10,10,1,1,1,0,0,1,1
367,cp04p00_hard_phase_t0007,367,7,120,formal_tps30,hard_phase,3.75,7,combined_int24,1,1,1,1,1,0,0,1,1
367,cp04p00_hard_phase_t0007,367,7,120,formal_tps30,hard_phase,3.75,7,combined_int24,3,3,1,1,1,0,0,1,1
367,cp04p00_hard_phase_t0007,367,7,120,formal_tps30,hard_phase,3.75,7,combined_int24,5,5,1,1,1,0,0,1,1
367,cp04p00_hard_phase_t0007,367,7,120,formal_tps30,hard_phase,3.75,7,combined_int24,10,10,1,1,1,0,0,1,1
367,cp04p00_hard_phase_t0007,367,7,120,formal_tps30,hard_phase,3.75,7,mixed_Z16_G24_Rz24,1,1,1,1,1,0,0,1,1
367,cp04p00_hard_phase_t0007,367,7,120,formal_tps30,hard_phase,3.75,7,mixed_Z16_G24_Rz24,3,3,1,1,1,0,0,1,1
367,cp04p00_hard_phase_t0007,367,7,120,formal_tps30,hard_phase,3.75,7,mixed_Z16_G24_Rz24,5,5,1,1,1,0,0,1,1
367,cp04p00_hard_phase_t0007,367,7,120,formal_tps30,hard_phase,3.75,7,mixed_Z16_G24_Rz24,10,10,1,1,1,0,0,1,1
367,cp04p00_hard_phase_t0007,367,7,120,formal_tps30,hard_phase,3.75,7,combined_int14,1,1,1,1,1,0,0,1,1
367,cp04p00_hard_phase_t0007,367,7,120,formal_tps30,hard_phase,3.75,7,combined_int14,3,3,1,1,1,0,0,1,1
367,cp04p00_hard_phase_t0007,367,7,120,formal_tps30,hard_phase,3.75,7,combined_int14,5,5,1,1,1,0,0,1,1
367,cp04p00_hard_phase_t0007,367,7,120,formal_tps30,hard_phase,3.75,7,combined_int14,10,10,1,1,1,0,0,1,1
367,cp04p00_hard_phase_t0007,367,7,120,formal_tps30,hard_phase,3.75,7,W_int18_G24_Z16,1,1,1,1,1,0,0,1,1
367,cp04p00_hard_phase_t0007,367,7,120,formal_tps30,hard_phase,3.75,7,W_int18_G24_Z16,3,3,1,1,1,0,0,1,1
367,cp04p00_hard_phase_t0007,367,7,120,formal_tps30,hard_phase,3.75,7,W_int18_G24_Z16,5,5,1,1,1,0,0,1,1
367,cp04p00_hard_phase_t0007,367,7,120,formal_tps30,hard_phase,3.75,7,W_int18_G24_Z16,10,10,1,1,1,0,0,1,1
487,cp04p00_medium_beta_coherent_t0007,487,7,120,formal_tps30,medium_beta_coherent,3.75,7,double_baseline,1,1,1,1,1,0,0,1,1
487,cp04p00_medium_beta_coherent_t0007,487,7,120,formal_tps30,medium_beta_coherent,3.75,7,double_baseline,3,3,1,1,1,0,0,1,1
487,cp04p00_medium_beta_coherent_t0007,487,7,120,formal_tps30,medium_beta_coherent,3.75,7,double_baseline,5,5,1,1,1,0,0,1,1
487,cp04p00_medium_beta_coherent_t0007,487,7,120,formal_tps30,medium_beta_coherent,3.75,7,double_baseline,10,10,1,1,1,0,0,1,1
487,cp04p00_medium_beta_coherent_t0007,487,7,120,formal_tps30,medium_beta_coherent,3.75,7,float32_all,1,1,1,1,1,0,0,1,1
487,cp04p00_medium_beta_coherent_t0007,487,7,120,formal_tps30,medium_beta_coherent,3.75,7,float32_all,3,3,1,1,1,0,0,1,1
487,cp04p00_medium_beta_coherent_t0007,487,7,120,formal_tps30,medium_beta_coherent,3.75,7,float32_all,5,5,1,1,1,0,0,1,1
487,cp04p00_medium_beta_coherent_t0007,487,7,120,formal_tps30,medium_beta_coherent,3.75,7,float32_all,10,10,1,1,1,0,0,1,1
487,cp04p00_medium_beta_coherent_t0007,487,7,120,formal_tps30,medium_beta_coherent,3.75,7,combined_int16,1,1,1,1,1,0,0,1,1
487,cp04p00_medium_beta_coherent_t0007,487,7,120,formal_tps30,medium_beta_coherent,3.75,7,combined_int16,3,3,1,1,1,0,0,1,1
487,cp04p00_medium_beta_coherent_t0007,487,7,120,formal_tps30,medium_beta_coherent,3.75,7,combined_int16,5,5,1,1,1,0,0,1,1
487,cp04p00_medium_beta_coherent_t0007,487,7,120,formal_tps30,medium_beta_coherent,3.75,7,combined_int16,10,10,1,1,1,0,0,1,1
487,cp04p00_medium_beta_coherent_t0007,487,7,120,formal_tps30,medium_beta_coherent,3.75,7,combined_int18,1,1,1,1,1,0,0,1,1
487,cp04p00_medium_beta_coherent_t0007,487,7,120,formal_tps30,medium_beta_coherent,3.75,7,combined_int18,3,3,1,1,1,0,0,1,1
487,cp04p00_medium_beta_coherent_t0007,487,7,120,formal_tps30,medium_beta_coherent,3.75,7,combined_int18,5,5,1,1,1,0,0,1,1
487,cp04p00_medium_beta_coherent_t0007,487,7,120,formal_tps30,medium_beta_coherent,3.75,7,combined_int18,10,10,1,1,1,0,0,1,1
487,cp04p00_medium_beta_coherent_t0007,487,7,120,formal_tps30,medium_beta_coherent,3.75,7,combined_int24,1,1,1,1,1,0,0,1,1
487,cp04p00_medium_beta_coherent_t0007,487,7,120,formal_tps30,medium_beta_coherent,3.75,7,combined_int24,3,3,1,1,1,0,0,1,1
487,cp04p00_medium_beta_coherent_t0007,487,7,120,formal_tps30,medium_beta_coherent,3.75,7,combined_int24,5,5,1,1,1,0,0,1,1
487,cp04p00_medium_beta_coherent_t0007,487,7,120,formal_tps30,medium_beta_coherent,3.75,7,combined_int24,10,10,1,1,1,0,0,1,1
487,cp04p00_medium_beta_coherent_t0007,487,7,120,formal_tps30,medium_beta_coherent,3.75,7,mixed_Z16_G24_Rz24,1,1,1,1,1,0,0,1,1
487,cp04p00_medium_beta_coherent_t0007,487,7,120,formal_tps30,medium_beta_coherent,3.75,7,mixed_Z16_G24_Rz24,3,3,1,1,1,0,0,1,1
487,cp04p00_medium_beta_coherent_t0007,487,7,120,formal_tps30,medium_beta_coherent,3.75,7,mixed_Z16_G24_Rz24,5,5,1,1,1,0,0,1,1
487,cp04p00_medium_beta_coherent_t0007,487,7,120,formal_tps30,medium_beta_coherent,3.75,7,mixed_Z16_G24_Rz24,10,10,1,1,1,0,0,1,1
487,cp04p00_medium_beta_coherent_t0007,487,7,120,formal_tps30,medium_beta_coherent,3.75,7,combined_int14,1,1,1,1,1,0,0,1,1
487,cp04p00_medium_beta_coherent_t0007,487,7,120,formal_tps30,medium_beta_coherent,3.75,7,combined_int14,3,3,1,1,1,0,0,1,1
487,cp04p00_medium_beta_coherent_t0007,487,7,120,formal_tps30,medium_beta_coherent,3.75,7,combined_int14,5,5,1,1,1,0,0,1,1
487,cp04p00_medium_beta_coherent_t0007,487,7,120,formal_tps30,medium_beta_coherent,3.75,7,combined_int14,10,10,1,1,1,0,0,1,1
487,cp04p00_medium_beta_coherent_t0007,487,7,120,formal_tps30,medium_beta_coherent,3.75,7,W_int18_G24_Z16,1,1,1,1,1,0,0,1,1
487,cp04p00_medium_beta_coherent_t0007,487,7,120,formal_tps30,medium_beta_coherent,3.75,7,W_int18_G24_Z16,3,3,1,1,1,0,0,1,1
487,cp04p00_medium_beta_coherent_t0007,487,7,120,formal_tps30,medium_beta_coherent,3.75,7,W_int18_G24_Z16,5,5,1,1,1,0,0,1,1
487,cp04p00_medium_beta_coherent_t0007,487,7,120,formal_tps30,medium_beta_coherent,3.75,7,W_int18_G24_Z16,10,10,1,1,1,0,0,1,1
607,cp08p00_easy_noncoherent_t0007,607,7,120,formal_tps30,easy_noncoherent,7.5,7,double_baseline,1,1,1,1,1,0,0,0,0
607,cp08p00_easy_noncoherent_t0007,607,7,120,formal_tps30,easy_noncoherent,7.5,7,double_baseline,3,3,1,1,1,0,0,0,0
607,cp08p00_easy_noncoherent_t0007,607,7,120,formal_tps30,easy_noncoherent,7.5,7,double_baseline,5,5,1,1,1,0,0,0,0
607,cp08p00_easy_noncoherent_t0007,607,7,120,formal_tps30,easy_noncoherent,7.5,7,double_baseline,10,10,1,1,1,0,0,0,0
607,cp08p00_easy_noncoherent_t0007,607,7,120,formal_tps30,easy_noncoherent,7.5,7,float32_all,1,1,1,1,1,0,0,0,0
607,cp08p00_easy_noncoherent_t0007,607,7,120,formal_tps30,easy_noncoherent,7.5,7,float32_all,3,3,1,1,1,0,0,0,0
607,cp08p00_easy_noncoherent_t0007,607,7,120,formal_tps30,easy_noncoherent,7.5,7,float32_all,5,5,1,1,1,0,0,0,0
607,cp08p00_easy_noncoherent_t0007,607,7,120,formal_tps30,easy_noncoherent,7.5,7,float32_all,10,10,1,1,1,0,0,0,0
607,cp08p00_easy_noncoherent_t0007,607,7,120,formal_tps30,easy_noncoherent,7.5,7,combined_int16,1,1,1,1,1,0,0,0,0
607,cp08p00_easy_noncoherent_t0007,607,7,120,formal_tps30,easy_noncoherent,7.5,7,combined_int16,3,3,1,1,1,0,0,0,0
607,cp08p00_easy_noncoherent_t0007,607,7,120,formal_tps30,easy_noncoherent,7.5,7,combined_int16,5,5,1,1,1,0,0,0,0
607,cp08p00_easy_noncoherent_t0007,607,7,120,formal_tps30,easy_noncoherent,7.5,7,combined_int16,10,10,1,1,1,0,0,0,0
607,cp08p00_easy_noncoherent_t0007,607,7,120,formal_tps30,easy_noncoherent,7.5,7,combined_int18,1,1,1,1,1,0,0,0,0
607,cp08p00_easy_noncoherent_t0007,607,7,120,formal_tps30,easy_noncoherent,7.5,7,combined_int18,3,3,1,1,1,0,0,0,0
607,cp08p00_easy_noncoherent_t0007,607,7,120,formal_tps30,easy_noncoherent,7.5,7,combined_int18,5,5,1,1,1,0,0,0,0
607,cp08p00_easy_noncoherent_t0007,607,7,120,formal_tps30,easy_noncoherent,7.5,7,combined_int18,10,10,1,1,1,0,0,0,0
607,cp08p00_easy_noncoherent_t0007,607,7,120,formal_tps30,easy_noncoherent,7.5,7,combined_int24,1,1,1,1,1,0,0,0,0
607,cp08p00_easy_noncoherent_t0007,607,7,120,formal_tps30,easy_noncoherent,7.5,7,combined_int24,3,3,1,1,1,0,0,0,0
607,cp08p00_easy_noncoherent_t0007,607,7,120,formal_tps30,easy_noncoherent,7.5,7,combined_int24,5,5,1,1,1,0,0,0,0
607,cp08p00_easy_noncoherent_t0007,607,7,120,formal_tps30,easy_noncoherent,7.5,7,combined_int24,10,10,1,1,1,0,0,0,0
607,cp08p00_easy_noncoherent_t0007,607,7,120,formal_tps30,easy_noncoherent,7.5,7,mixed_Z16_G24_Rz24,1,1,1,1,1,0,0,0,0
607,cp08p00_easy_noncoherent_t0007,607,7,120,formal_tps30,easy_noncoherent,7.5,7,mixed_Z16_G24_Rz24,3,3,1,1,1,0,0,0,0
607,cp08p00_easy_noncoherent_t0007,607,7,120,formal_tps30,easy_noncoherent,7.5,7,mixed_Z16_G24_Rz24,5,5,1,1,1,0,0,0,0
607,cp08p00_easy_noncoherent_t0007,607,7,120,formal_tps30,easy_noncoherent,7.5,7,mixed_Z16_G24_Rz24,10,10,1,1,1,0,0,0,0
607,cp08p00_easy_noncoherent_t0007,607,7,120,formal_tps30,easy_noncoherent,7.5,7,combined_int14,1,1,1,1,1,0,0,0,0
607,cp08p00_easy_noncoherent_t0007,607,7,120,formal_tps30,easy_noncoherent,7.5,7,combined_int14,3,3,1,1,1,0,0,0,0
607,cp08p00_easy_noncoherent_t0007,607,7,120,formal_tps30,easy_noncoherent,7.5,7,combined_int14,5,5,1,1,1,0,0,0,0
607,cp08p00_easy_noncoherent_t0007,607,7,120,formal_tps30,easy_noncoherent,7.5,7,combined_int14,10,10,1,1,1,0,0,0,0
607,cp08p00_easy_noncoherent_t0007,607,7,120,formal_tps30,easy_noncoherent,7.5,7,W_int18_G24_Z16,1,1,1,1,1,0,0,0,0
607,cp08p00_easy_noncoherent_t0007,607,7,120,formal_tps30,easy_noncoherent,7.5,7,W_int18_G24_Z16,3,3,1,1,1,0,0,0,0
607,cp08p00_easy_noncoherent_t0007,607,7,120,formal_tps30,easy_noncoherent,7.5,7,W_int18_G24_Z16,5,5,1,1,1,0,0,0,0
607,cp08p00_easy_noncoherent_t0007,607,7,120,formal_tps30,easy_noncoherent,7.5,7,W_int18_G24_Z16,10,10,1,1,1,0,0,0,0
727,cp08p00_low_snr_hard_t0007,727,7,120,formal_tps30,low_snr_hard,7.5,7,double_baseline,1,1,1,1,1,0,0,0,0
727,cp08p00_low_snr_hard_t0007,727,7,120,formal_tps30,low_snr_hard,7.5,7,double_baseline,3,3,1,1,1,0,0,0,0
727,cp08p00_low_snr_hard_t0007,727,7,120,formal_tps30,low_snr_hard,7.5,7,double_baseline,5,5,1,1,1,0,0,0,0
727,cp08p00_low_snr_hard_t0007,727,7,120,formal_tps30,low_snr_hard,7.5,7,double_baseline,10,10,1,1,1,0,0,0,0
727,cp08p00_low_snr_hard_t0007,727,7,120,formal_tps30,low_snr_hard,7.5,7,float32_all,1,1,1,1,1,0,0,0,0
727,cp08p00_low_snr_hard_t0007,727,7,120,formal_tps30,low_snr_hard,7.5,7,float32_all,3,3,1,1,1,0,0,0,0
727,cp08p00_low_snr_hard_t0007,727,7,120,formal_tps30,low_snr_hard,7.5,7,float32_all,5,5,1,1,1,0,0,0,0
727,cp08p00_low_snr_hard_t0007,727,7,120,formal_tps30,low_snr_hard,7.5,7,float32_all,10,10,1,1,1,0,0,0,0
727,cp08p00_low_snr_hard_t0007,727,7,120,formal_tps30,low_snr_hard,7.5,7,combined_int16,1,1,1,1,1,0,0,0,0
727,cp08p00_low_snr_hard_t0007,727,7,120,formal_tps30,low_snr_hard,7.5,7,combined_int16,3,3,1,1,1,0,0,0,0
727,cp08p00_low_snr_hard_t0007,727,7,120,formal_tps30,low_snr_hard,7.5,7,combined_int16,5,5,1,1,1,0,0,0,0
727,cp08p00_low_snr_hard_t0007,727,7,120,formal_tps30,low_snr_hard,7.5,7,combined_int16,10,10,1,1,1,0,0,0,0
727,cp08p00_low_snr_hard_t0007,727,7,120,formal_tps30,low_snr_hard,7.5,7,combined_int18,1,1,1,1,1,0,0,0,0
727,cp08p00_low_snr_hard_t0007,727,7,120,formal_tps30,low_snr_hard,7.5,7,combined_int18,3,3,1,1,1,0,0,0,0
727,cp08p00_low_snr_hard_t0007,727,7,120,formal_tps30,low_snr_hard,7.5,7,combined_int18,5,5,1,1,1,0,0,0,0
727,cp08p00_low_snr_hard_t0007,727,7,120,formal_tps30,low_snr_hard,7.5,7,combined_int18,10,10,1,1,1,0,0,0,0
727,cp08p00_low_snr_hard_t0007,727,7,120,formal_tps30,low_snr_hard,7.5,7,combined_int24,1,1,1,1,1,0,0,0,0
727,cp08p00_low_snr_hard_t0007,727,7,120,formal_tps30,low_snr_hard,7.5,7,combined_int24,3,3,1,1,1,0,0,0,0
727,cp08p00_low_snr_hard_t0007,727,7,120,formal_tps30,low_snr_hard,7.5,7,combined_int24,5,5,1,1,1,0,0,0,0
727,cp08p00_low_snr_hard_t0007,727,7,120,formal_tps30,low_snr_hard,7.5,7,combined_int24,10,10,1,1,1,0,0,0,0
727,cp08p00_low_snr_hard_t0007,727,7,120,formal_tps30,low_snr_hard,7.5,7,mixed_Z16_G24_Rz24,1,1,1,1,1,0,0,0,0
727,cp08p00_low_snr_hard_t0007,727,7,120,formal_tps30,low_snr_hard,7.5,7,mixed_Z16_G24_Rz24,3,3,1,1,1,0,0,0,0
727,cp08p00_low_snr_hard_t0007,727,7,120,formal_tps30,low_snr_hard,7.5,7,mixed_Z16_G24_Rz24,5,5,1,1,1,0,0,0,0
727,cp08p00_low_snr_hard_t0007,727,7,120,formal_tps30,low_snr_hard,7.5,7,mixed_Z16_G24_Rz24,10,10,1,1,1,0,0,0,0
727,cp08p00_low_snr_hard_t0007,727,7,120,formal_tps30,low_snr_hard,7.5,7,combined_int14,1,1,1,1,1,0,0,0,0
727,cp08p00_low_snr_hard_t0007,727,7,120,formal_tps30,low_snr_hard,7.5,7,combined_int14,3,3,0,1,1,0,0,0,0
727,cp08p00_low_snr_hard_t0007,727,7,120,formal_tps30,low_snr_hard,7.5,7,combined_int14,5,5,0,1,1,0,0,0,0
727,cp08p00_low_snr_hard_t0007,727,7,120,formal_tps30,low_snr_hard,7.5,7,combined_int14,10,10,0,1,1,0,0,0,0
727,cp08p00_low_snr_hard_t0007,727,7,120,formal_tps30,low_snr_hard,7.5,7,W_int18_G24_Z16,1,1,1,1,1,0,0,0,0
727,cp08p00_low_snr_hard_t0007,727,7,120,formal_tps30,low_snr_hard,7.5,7,W_int18_G24_Z16,3,3,1,1,1,0,0,0,0
727,cp08p00_low_snr_hard_t0007,727,7,120,formal_tps30,low_snr_hard,7.5,7,W_int18_G24_Z16,5,5,1,1,1,0,0,0,0
727,cp08p00_low_snr_hard_t0007,727,7,120,formal_tps30,low_snr_hard,7.5,7,W_int18_G24_Z16,10,10,1,1,1,0,0,0,0
847,cp08p00_cache_boundary_center_t0007,847,7,120,formal_tps30,cache_boundary_center,7.5,7,double_baseline,1,1,1,1,1,0,0,1,1
847,cp08p00_cache_boundary_center_t0007,847,7,120,formal_tps30,cache_boundary_center,7.5,7,double_baseline,3,3,1,1,1,0,0,1,1
847,cp08p00_cache_boundary_center_t0007,847,7,120,formal_tps30,cache_boundary_center,7.5,7,double_baseline,5,5,1,1,1,0,0,1,1
847,cp08p00_cache_boundary_center_t0007,847,7,120,formal_tps30,cache_boundary_center,7.5,7,double_baseline,10,10,1,1,1,0,0,1,1
847,cp08p00_cache_boundary_center_t0007,847,7,120,formal_tps30,cache_boundary_center,7.5,7,float32_all,1,1,1,1,1,0,0,1,1
847,cp08p00_cache_boundary_center_t0007,847,7,120,formal_tps30,cache_boundary_center,7.5,7,float32_all,3,3,1,1,1,0,0,1,1
847,cp08p00_cache_boundary_center_t0007,847,7,120,formal_tps30,cache_boundary_center,7.5,7,float32_all,5,5,1,1,1,0,0,1,1
847,cp08p00_cache_boundary_center_t0007,847,7,120,formal_tps30,cache_boundary_center,7.5,7,float32_all,10,10,1,1,1,0,0,1,1
847,cp08p00_cache_boundary_center_t0007,847,7,120,formal_tps30,cache_boundary_center,7.5,7,combined_int16,1,1,1,1,1,0,0,1,1
847,cp08p00_cache_boundary_center_t0007,847,7,120,formal_tps30,cache_boundary_center,7.5,7,combined_int16,3,3,1,1,1,0,0,1,1
847,cp08p00_cache_boundary_center_t0007,847,7,120,formal_tps30,cache_boundary_center,7.5,7,combined_int16,5,5,1,1,1,0,0,1,1
847,cp08p00_cache_boundary_center_t0007,847,7,120,formal_tps30,cache_boundary_center,7.5,7,combined_int16,10,10,1,1,1,0,0,1,1
847,cp08p00_cache_boundary_center_t0007,847,7,120,formal_tps30,cache_boundary_center,7.5,7,combined_int18,1,1,1,1,1,0,0,1,1
847,cp08p00_cache_boundary_center_t0007,847,7,120,formal_tps30,cache_boundary_center,7.5,7,combined_int18,3,3,1,1,1,0,0,1,1
847,cp08p00_cache_boundary_center_t0007,847,7,120,formal_tps30,cache_boundary_center,7.5,7,combined_int18,5,5,1,1,1,0,0,1,1
847,cp08p00_cache_boundary_center_t0007,847,7,120,formal_tps30,cache_boundary_center,7.5,7,combined_int18,10,10,1,1,1,0,0,1,1
847,cp08p00_cache_boundary_center_t0007,847,7,120,formal_tps30,cache_boundary_center,7.5,7,combined_int24,1,1,1,1,1,0,0,1,1
847,cp08p00_cache_boundary_center_t0007,847,7,120,formal_tps30,cache_boundary_center,7.5,7,combined_int24,3,3,1,1,1,0,0,1,1
847,cp08p00_cache_boundary_center_t0007,847,7,120,formal_tps30,cache_boundary_center,7.5,7,combined_int24,5,5,1,1,1,0,0,1,1
847,cp08p00_cache_boundary_center_t0007,847,7,120,formal_tps30,cache_boundary_center,7.5,7,combined_int24,10,10,1,1,1,0,0,1,1
847,cp08p00_cache_boundary_center_t0007,847,7,120,formal_tps30,cache_boundary_center,7.5,7,mixed_Z16_G24_Rz24,1,1,1,1,1,0,0,1,1
847,cp08p00_cache_boundary_center_t0007,847,7,120,formal_tps30,cache_boundary_center,7.5,7,mixed_Z16_G24_Rz24,3,3,1,1,1,0,0,1,1
847,cp08p00_cache_boundary_center_t0007,847,7,120,formal_tps30,cache_boundary_center,7.5,7,mixed_Z16_G24_Rz24,5,5,1,1,1,0,0,1,1
847,cp08p00_cache_boundary_center_t0007,847,7,120,formal_tps30,cache_boundary_center,7.5,7,mixed_Z16_G24_Rz24,10,10,1,1,1,0,0,1,1
847,cp08p00_cache_boundary_center_t0007,847,7,120,formal_tps30,cache_boundary_center,7.5,7,combined_int14,1,1,1,1,1,0,0,1,1
847,cp08p00_cache_boundary_center_t0007,847,7,120,formal_tps30,cache_boundary_center,7.5,7,combined_int14,3,3,1,1,1,0,0,1,1
847,cp08p00_cache_boundary_center_t0007,847,7,120,formal_tps30,cache_boundary_center,7.5,7,combined_int14,5,5,1,1,1,0,0,1,1
847,cp08p00_cache_boundary_center_t0007,847,7,120,formal_tps30,cache_boundary_center,7.5,7,combined_int14,10,10,1,1,1,0,0,1,1
847,cp08p00_cache_boundary_center_t0007,847,7,120,formal_tps30,cache_boundary_center,7.5,7,W_int18_G24_Z16,1,1,1,1,1,0,0,1,1
847,cp08p00_cache_boundary_center_t0007,847,7,120,formal_tps30,cache_boundary_center,7.5,7,W_int18_G24_Z16,3,3,1,1,1,0,0,1,1
847,cp08p00_cache_boundary_center_t0007,847,7,120,formal_tps30,cache_boundary_center,7.5,7,W_int18_G24_Z16,5,5,1,1,1,0,0,1,1
847,cp08p00_cache_boundary_center_t0007,847,7,120,formal_tps30,cache_boundary_center,7.5,7,W_int18_G24_Z16,10,10,1,1,1,0,0,1,1
967,cp15p00_hard_phase_t0007,967,7,120,formal_tps30,hard_phase,15,7,double_baseline,1,1,1,1,1,0,0,1,1
967,cp15p00_hard_phase_t0007,967,7,120,formal_tps30,hard_phase,15,7,double_baseline,3,3,1,1,1,0,0,1,1
967,cp15p00_hard_phase_t0007,967,7,120,formal_tps30,hard_phase,15,7,double_baseline,5,5,1,1,1,0,0,1,1
967,cp15p00_hard_phase_t0007,967,7,120,formal_tps30,hard_phase,15,7,double_baseline,10,10,1,1,1,0,0,1,1
967,cp15p00_hard_phase_t0007,967,7,120,formal_tps30,hard_phase,15,7,float32_all,1,1,1,1,1,0,0,1,1
967,cp15p00_hard_phase_t0007,967,7,120,formal_tps30,hard_phase,15,7,float32_all,3,3,1,1,1,0,0,1,1
967,cp15p00_hard_phase_t0007,967,7,120,formal_tps30,hard_phase,15,7,float32_all,5,5,1,1,1,0,0,1,1
967,cp15p00_hard_phase_t0007,967,7,120,formal_tps30,hard_phase,15,7,float32_all,10,10,1,1,1,0,0,1,1
967,cp15p00_hard_phase_t0007,967,7,120,formal_tps30,hard_phase,15,7,combined_int16,1,1,1,1,1,0,0,1,1
967,cp15p00_hard_phase_t0007,967,7,120,formal_tps30,hard_phase,15,7,combined_int16,3,3,1,1,1,0,0,1,1
967,cp15p00_hard_phase_t0007,967,7,120,formal_tps30,hard_phase,15,7,combined_int16,5,5,1,1,1,0,0,1,1
967,cp15p00_hard_phase_t0007,967,7,120,formal_tps30,hard_phase,15,7,combined_int16,10,10,1,1,1,0,0,1,1
967,cp15p00_hard_phase_t0007,967,7,120,formal_tps30,hard_phase,15,7,combined_int18,1,1,1,1,1,0,0,1,1
967,cp15p00_hard_phase_t0007,967,7,120,formal_tps30,hard_phase,15,7,combined_int18,3,3,1,1,1,0,0,1,1
967,cp15p00_hard_phase_t0007,967,7,120,formal_tps30,hard_phase,15,7,combined_int18,5,5,1,1,1,0,0,1,1
967,cp15p00_hard_phase_t0007,967,7,120,formal_tps30,hard_phase,15,7,combined_int18,10,10,1,1,1,0,0,1,1
967,cp15p00_hard_phase_t0007,967,7,120,formal_tps30,hard_phase,15,7,combined_int24,1,1,1,1,1,0,0,1,1
967,cp15p00_hard_phase_t0007,967,7,120,formal_tps30,hard_phase,15,7,combined_int24,3,3,1,1,1,0,0,1,1
967,cp15p00_hard_phase_t0007,967,7,120,formal_tps30,hard_phase,15,7,combined_int24,5,5,1,1,1,0,0,1,1
967,cp15p00_hard_phase_t0007,967,7,120,formal_tps30,hard_phase,15,7,combined_int24,10,10,1,1,1,0,0,1,1
967,cp15p00_hard_phase_t0007,967,7,120,formal_tps30,hard_phase,15,7,mixed_Z16_G24_Rz24,1,1,1,1,1,0,0,1,1
967,cp15p00_hard_phase_t0007,967,7,120,formal_tps30,hard_phase,15,7,mixed_Z16_G24_Rz24,3,3,1,1,1,0,0,1,1
967,cp15p00_hard_phase_t0007,967,7,120,formal_tps30,hard_phase,15,7,mixed_Z16_G24_Rz24,5,5,1,1,1,0,0,1,1
967,cp15p00_hard_phase_t0007,967,7,120,formal_tps30,hard_phase,15,7,mixed_Z16_G24_Rz24,10,10,1,1,1,0,0,1,1
967,cp15p00_hard_phase_t0007,967,7,120,formal_tps30,hard_phase,15,7,combined_int14,1,1,1,1,1,0,0,1,1
967,cp15p00_hard_phase_t0007,967,7,120,formal_tps30,hard_phase,15,7,combined_int14,3,3,1,1,1,0,0,1,1
967,cp15p00_hard_phase_t0007,967,7,120,formal_tps30,hard_phase,15,7,combined_int14,5,5,1,1,1,0,0,1,1
967,cp15p00_hard_phase_t0007,967,7,120,formal_tps30,hard_phase,15,7,combined_int14,10,10,1,1,1,0,0,1,1
967,cp15p00_hard_phase_t0007,967,7,120,formal_tps30,hard_phase,15,7,W_int18_G24_Z16,1,1,1,1,1,0,0,1,1
967,cp15p00_hard_phase_t0007,967,7,120,formal_tps30,hard_phase,15,7,W_int18_G24_Z16,3,3,1,1,1,0,0,1,1
967,cp15p00_hard_phase_t0007,967,7,120,formal_tps30,hard_phase,15,7,W_int18_G24_Z16,5,5,1,1,1,0,0,1,1
967,cp15p00_hard_phase_t0007,967,7,120,formal_tps30,hard_phase,15,7,W_int18_G24_Z16,10,10,1,1,1,0,0,1,1
1087,cp15p00_medium_beta_coherent_t0007,1087,7,120,formal_tps30,medium_beta_coherent,15,7,double_baseline,1,1,1,1,1,0,0,1,1
1087,cp15p00_medium_beta_coherent_t0007,1087,7,120,formal_tps30,medium_beta_coherent,15,7,double_baseline,3,3,1,1,1,0,0,1,1
1087,cp15p00_medium_beta_coherent_t0007,1087,7,120,formal_tps30,medium_beta_coherent,15,7,double_baseline,5,5,1,1,1,0,0,1,1
1087,cp15p00_medium_beta_coherent_t0007,1087,7,120,formal_tps30,medium_beta_coherent,15,7,double_baseline,10,10,1,1,1,0,0,1,1
1087,cp15p00_medium_beta_coherent_t0007,1087,7,120,formal_tps30,medium_beta_coherent,15,7,float32_all,1,1,1,1,1,0,0,1,1
1087,cp15p00_medium_beta_coherent_t0007,1087,7,120,formal_tps30,medium_beta_coherent,15,7,float32_all,3,3,1,1,1,0,0,1,1
1087,cp15p00_medium_beta_coherent_t0007,1087,7,120,formal_tps30,medium_beta_coherent,15,7,float32_all,5,5,1,1,1,0,0,1,1
1087,cp15p00_medium_beta_coherent_t0007,1087,7,120,formal_tps30,medium_beta_coherent,15,7,float32_all,10,10,1,1,1,0,0,1,1
1087,cp15p00_medium_beta_coherent_t0007,1087,7,120,formal_tps30,medium_beta_coherent,15,7,combined_int16,1,1,1,1,1,0,0,1,1
1087,cp15p00_medium_beta_coherent_t0007,1087,7,120,formal_tps30,medium_beta_coherent,15,7,combined_int16,3,3,1,1,1,0,0,1,1
1087,cp15p00_medium_beta_coherent_t0007,1087,7,120,formal_tps30,medium_beta_coherent,15,7,combined_int16,5,5,1,1,1,0,0,1,1
1087,cp15p00_medium_beta_coherent_t0007,1087,7,120,formal_tps30,medium_beta_coherent,15,7,combined_int16,10,10,1,1,1,0,0,1,1
1087,cp15p00_medium_beta_coherent_t0007,1087,7,120,formal_tps30,medium_beta_coherent,15,7,combined_int18,1,1,1,1,1,0,0,1,1
1087,cp15p00_medium_beta_coherent_t0007,1087,7,120,formal_tps30,medium_beta_coherent,15,7,combined_int18,3,3,1,1,1,0,0,1,1
1087,cp15p00_medium_beta_coherent_t0007,1087,7,120,formal_tps30,medium_beta_coherent,15,7,combined_int18,5,5,1,1,1,0,0,1,1
1087,cp15p00_medium_beta_coherent_t0007,1087,7,120,formal_tps30,medium_beta_coherent,15,7,combined_int18,10,10,1,1,1,0,0,1,1
1087,cp15p00_medium_beta_coherent_t0007,1087,7,120,formal_tps30,medium_beta_coherent,15,7,combined_int24,1,1,1,1,1,0,0,1,1
1087,cp15p00_medium_beta_coherent_t0007,1087,7,120,formal_tps30,medium_beta_coherent,15,7,combined_int24,3,3,1,1,1,0,0,1,1
1087,cp15p00_medium_beta_coherent_t0007,1087,7,120,formal_tps30,medium_beta_coherent,15,7,combined_int24,5,5,1,1,1,0,0,1,1
1087,cp15p00_medium_beta_coherent_t0007,1087,7,120,formal_tps30,medium_beta_coherent,15,7,combined_int24,10,10,1,1,1,0,0,1,1
1087,cp15p00_medium_beta_coherent_t0007,1087,7,120,formal_tps30,medium_beta_coherent,15,7,mixed_Z16_G24_Rz24,1,1,1,1,1,0,0,1,1
1087,cp15p00_medium_beta_coherent_t0007,1087,7,120,formal_tps30,medium_beta_coherent,15,7,mixed_Z16_G24_Rz24,3,3,1,1,1,0,0,1,1
1087,cp15p00_medium_beta_coherent_t0007,1087,7,120,formal_tps30,medium_beta_coherent,15,7,mixed_Z16_G24_Rz24,5,5,1,1,1,0,0,1,1
1087,cp15p00_medium_beta_coherent_t0007,1087,7,120,formal_tps30,medium_beta_coherent,15,7,mixed_Z16_G24_Rz24,10,10,1,1,1,0,0,1,1
1087,cp15p00_medium_beta_coherent_t0007,1087,7,120,formal_tps30,medium_beta_coherent,15,7,combined_int14,1,1,1,1,1,0,0,1,1
1087,cp15p00_medium_beta_coherent_t0007,1087,7,120,formal_tps30,medium_beta_coherent,15,7,combined_int14,3,3,0,0,0.5,1,0.333333333333333,1,0
1087,cp15p00_medium_beta_coherent_t0007,1087,7,120,formal_tps30,medium_beta_coherent,15,7,combined_int14,5,5,0,1,1,0,0,1,1
1087,cp15p00_medium_beta_coherent_t0007,1087,7,120,formal_tps30,medium_beta_coherent,15,7,combined_int14,10,10,0,1,1,0,0,1,1
1087,cp15p00_medium_beta_coherent_t0007,1087,7,120,formal_tps30,medium_beta_coherent,15,7,W_int18_G24_Z16,1,1,1,1,1,0,0,1,1
1087,cp15p00_medium_beta_coherent_t0007,1087,7,120,formal_tps30,medium_beta_coherent,15,7,W_int18_G24_Z16,3,3,1,1,1,0,0,1,1
1087,cp15p00_medium_beta_coherent_t0007,1087,7,120,formal_tps30,medium_beta_coherent,15,7,W_int18_G24_Z16,5,5,1,1,1,0,0,1,1
1087,cp15p00_medium_beta_coherent_t0007,1087,7,120,formal_tps30,medium_beta_coherent,15,7,W_int18_G24_Z16,10,10,1,1,1,0,0,1,1
8,cp00p00_easy_noncoherent_t0008,8,8,120,formal_tps30,easy_noncoherent,0,8,double_baseline,1,1,1,1,1,0,0,1,1
8,cp00p00_easy_noncoherent_t0008,8,8,120,formal_tps30,easy_noncoherent,0,8,double_baseline,3,3,1,1,1,0,0,1,1
8,cp00p00_easy_noncoherent_t0008,8,8,120,formal_tps30,easy_noncoherent,0,8,double_baseline,5,5,1,1,1,0,0,1,1
8,cp00p00_easy_noncoherent_t0008,8,8,120,formal_tps30,easy_noncoherent,0,8,double_baseline,10,10,1,1,1,0,0,1,1
8,cp00p00_easy_noncoherent_t0008,8,8,120,formal_tps30,easy_noncoherent,0,8,float32_all,1,1,1,1,1,0,0,1,1
8,cp00p00_easy_noncoherent_t0008,8,8,120,formal_tps30,easy_noncoherent,0,8,float32_all,3,3,1,1,1,0,0,1,1
8,cp00p00_easy_noncoherent_t0008,8,8,120,formal_tps30,easy_noncoherent,0,8,float32_all,5,5,1,1,1,0,0,1,1
8,cp00p00_easy_noncoherent_t0008,8,8,120,formal_tps30,easy_noncoherent,0,8,float32_all,10,10,1,1,1,0,0,1,1
8,cp00p00_easy_noncoherent_t0008,8,8,120,formal_tps30,easy_noncoherent,0,8,combined_int16,1,1,1,1,1,0,0,1,1
8,cp00p00_easy_noncoherent_t0008,8,8,120,formal_tps30,easy_noncoherent,0,8,combined_int16,3,3,1,1,1,0,0,1,1
8,cp00p00_easy_noncoherent_t0008,8,8,120,formal_tps30,easy_noncoherent,0,8,combined_int16,5,5,1,1,1,0,0,1,1
8,cp00p00_easy_noncoherent_t0008,8,8,120,formal_tps30,easy_noncoherent,0,8,combined_int16,10,10,1,1,1,0,0,1,1
8,cp00p00_easy_noncoherent_t0008,8,8,120,formal_tps30,easy_noncoherent,0,8,combined_int18,1,1,1,1,1,0,0,1,1
8,cp00p00_easy_noncoherent_t0008,8,8,120,formal_tps30,easy_noncoherent,0,8,combined_int18,3,3,1,1,1,0,0,1,1
8,cp00p00_easy_noncoherent_t0008,8,8,120,formal_tps30,easy_noncoherent,0,8,combined_int18,5,5,1,1,1,0,0,1,1
8,cp00p00_easy_noncoherent_t0008,8,8,120,formal_tps30,easy_noncoherent,0,8,combined_int18,10,10,1,1,1,0,0,1,1
8,cp00p00_easy_noncoherent_t0008,8,8,120,formal_tps30,easy_noncoherent,0,8,combined_int24,1,1,1,1,1,0,0,1,1
8,cp00p00_easy_noncoherent_t0008,8,8,120,formal_tps30,easy_noncoherent,0,8,combined_int24,3,3,1,1,1,0,0,1,1
8,cp00p00_easy_noncoherent_t0008,8,8,120,formal_tps30,easy_noncoherent,0,8,combined_int24,5,5,1,1,1,0,0,1,1
8,cp00p00_easy_noncoherent_t0008,8,8,120,formal_tps30,easy_noncoherent,0,8,combined_int24,10,10,1,1,1,0,0,1,1
8,cp00p00_easy_noncoherent_t0008,8,8,120,formal_tps30,easy_noncoherent,0,8,mixed_Z16_G24_Rz24,1,1,1,1,1,0,0,1,1
8,cp00p00_easy_noncoherent_t0008,8,8,120,formal_tps30,easy_noncoherent,0,8,mixed_Z16_G24_Rz24,3,3,1,1,1,0,0,1,1
8,cp00p00_easy_noncoherent_t0008,8,8,120,formal_tps30,easy_noncoherent,0,8,mixed_Z16_G24_Rz24,5,5,1,1,1,0,0,1,1
8,cp00p00_easy_noncoherent_t0008,8,8,120,formal_tps30,easy_noncoherent,0,8,mixed_Z16_G24_Rz24,10,10,1,1,1,0,0,1,1
8,cp00p00_easy_noncoherent_t0008,8,8,120,formal_tps30,easy_noncoherent,0,8,combined_int14,1,1,1,1,1,0,0,1,1
8,cp00p00_easy_noncoherent_t0008,8,8,120,formal_tps30,easy_noncoherent,0,8,combined_int14,3,3,1,1,1,0,0,1,1
8,cp00p00_easy_noncoherent_t0008,8,8,120,formal_tps30,easy_noncoherent,0,8,combined_int14,5,5,1,1,1,0,0,1,1
8,cp00p00_easy_noncoherent_t0008,8,8,120,formal_tps30,easy_noncoherent,0,8,combined_int14,10,10,1,1,1,0,0,1,1
8,cp00p00_easy_noncoherent_t0008,8,8,120,formal_tps30,easy_noncoherent,0,8,W_int18_G24_Z16,1,1,1,1,1,0,0,1,1
8,cp00p00_easy_noncoherent_t0008,8,8,120,formal_tps30,easy_noncoherent,0,8,W_int18_G24_Z16,3,3,1,1,1,0,0,1,1
8,cp00p00_easy_noncoherent_t0008,8,8,120,formal_tps30,easy_noncoherent,0,8,W_int18_G24_Z16,5,5,1,1,1,0,0,1,1
8,cp00p00_easy_noncoherent_t0008,8,8,120,formal_tps30,easy_noncoherent,0,8,W_int18_G24_Z16,10,10,1,1,1,0,0,1,1
128,cp00p00_low_snr_hard_t0008,128,8,120,formal_tps30,low_snr_hard,0,8,double_baseline,1,1,1,1,1,0,0,0,0
128,cp00p00_low_snr_hard_t0008,128,8,120,formal_tps30,low_snr_hard,0,8,double_baseline,3,3,1,1,1,0,0,0,0
128,cp00p00_low_snr_hard_t0008,128,8,120,formal_tps30,low_snr_hard,0,8,double_baseline,5,5,1,1,1,0,0,0,0
128,cp00p00_low_snr_hard_t0008,128,8,120,formal_tps30,low_snr_hard,0,8,double_baseline,10,10,1,1,1,0,0,0,0
128,cp00p00_low_snr_hard_t0008,128,8,120,formal_tps30,low_snr_hard,0,8,float32_all,1,1,1,1,1,0,0,0,0
128,cp00p00_low_snr_hard_t0008,128,8,120,formal_tps30,low_snr_hard,0,8,float32_all,3,3,1,1,1,0,0,0,0
128,cp00p00_low_snr_hard_t0008,128,8,120,formal_tps30,low_snr_hard,0,8,float32_all,5,5,1,1,1,0,0,0,0
128,cp00p00_low_snr_hard_t0008,128,8,120,formal_tps30,low_snr_hard,0,8,float32_all,10,10,1,1,1,0,0,0,0
128,cp00p00_low_snr_hard_t0008,128,8,120,formal_tps30,low_snr_hard,0,8,combined_int16,1,1,1,1,1,0,0,0,0
128,cp00p00_low_snr_hard_t0008,128,8,120,formal_tps30,low_snr_hard,0,8,combined_int16,3,3,1,1,1,0,0,0,0
128,cp00p00_low_snr_hard_t0008,128,8,120,formal_tps30,low_snr_hard,0,8,combined_int16,5,5,1,1,1,0,0,0,0
128,cp00p00_low_snr_hard_t0008,128,8,120,formal_tps30,low_snr_hard,0,8,combined_int16,10,10,1,1,1,0,0,0,0
128,cp00p00_low_snr_hard_t0008,128,8,120,formal_tps30,low_snr_hard,0,8,combined_int18,1,1,1,1,1,0,0,0,0
128,cp00p00_low_snr_hard_t0008,128,8,120,formal_tps30,low_snr_hard,0,8,combined_int18,3,3,1,1,1,0,0,0,0
128,cp00p00_low_snr_hard_t0008,128,8,120,formal_tps30,low_snr_hard,0,8,combined_int18,5,5,1,1,1,0,0,0,0
128,cp00p00_low_snr_hard_t0008,128,8,120,formal_tps30,low_snr_hard,0,8,combined_int18,10,10,1,1,1,0,0,0,0
128,cp00p00_low_snr_hard_t0008,128,8,120,formal_tps30,low_snr_hard,0,8,combined_int24,1,1,1,1,1,0,0,0,0
128,cp00p00_low_snr_hard_t0008,128,8,120,formal_tps30,low_snr_hard,0,8,combined_int24,3,3,1,1,1,0,0,0,0
128,cp00p00_low_snr_hard_t0008,128,8,120,formal_tps30,low_snr_hard,0,8,combined_int24,5,5,1,1,1,0,0,0,0
128,cp00p00_low_snr_hard_t0008,128,8,120,formal_tps30,low_snr_hard,0,8,combined_int24,10,10,1,1,1,0,0,0,0
128,cp00p00_low_snr_hard_t0008,128,8,120,formal_tps30,low_snr_hard,0,8,mixed_Z16_G24_Rz24,1,1,1,1,1,0,0,0,0
128,cp00p00_low_snr_hard_t0008,128,8,120,formal_tps30,low_snr_hard,0,8,mixed_Z16_G24_Rz24,3,3,1,1,1,0,0,0,0
128,cp00p00_low_snr_hard_t0008,128,8,120,formal_tps30,low_snr_hard,0,8,mixed_Z16_G24_Rz24,5,5,1,1,1,0,0,0,0
128,cp00p00_low_snr_hard_t0008,128,8,120,formal_tps30,low_snr_hard,0,8,mixed_Z16_G24_Rz24,10,10,1,1,1,0,0,0,0
128,cp00p00_low_snr_hard_t0008,128,8,120,formal_tps30,low_snr_hard,0,8,combined_int14,1,1,1,1,1,0,0,0,0
128,cp00p00_low_snr_hard_t0008,128,8,120,formal_tps30,low_snr_hard,0,8,combined_int14,3,3,1,1,1,0,0,0,0
128,cp00p00_low_snr_hard_t0008,128,8,120,formal_tps30,low_snr_hard,0,8,combined_int14,5,5,1,1,1,0,0,0,0
128,cp00p00_low_snr_hard_t0008,128,8,120,formal_tps30,low_snr_hard,0,8,combined_int14,10,10,1,1,1,0,0,0,0
128,cp00p00_low_snr_hard_t0008,128,8,120,formal_tps30,low_snr_hard,0,8,W_int18_G24_Z16,1,1,1,1,1,0,0,0,0
128,cp00p00_low_snr_hard_t0008,128,8,120,formal_tps30,low_snr_hard,0,8,W_int18_G24_Z16,3,3,1,1,1,0,0,0,0
128,cp00p00_low_snr_hard_t0008,128,8,120,formal_tps30,low_snr_hard,0,8,W_int18_G24_Z16,5,5,1,1,1,0,0,0,0
128,cp00p00_low_snr_hard_t0008,128,8,120,formal_tps30,low_snr_hard,0,8,W_int18_G24_Z16,10,10,1,1,1,0,0,0,0
248,cp00p00_cache_boundary_center_t0008,248,8,120,formal_tps30,cache_boundary_center,0,8,double_baseline,1,1,1,1,1,0,0,1,1
248,cp00p00_cache_boundary_center_t0008,248,8,120,formal_tps30,cache_boundary_center,0,8,double_baseline,3,3,1,1,1,0,0,1,1
248,cp00p00_cache_boundary_center_t0008,248,8,120,formal_tps30,cache_boundary_center,0,8,double_baseline,5,5,1,1,1,0,0,1,1
248,cp00p00_cache_boundary_center_t0008,248,8,120,formal_tps30,cache_boundary_center,0,8,double_baseline,10,10,1,1,1,0,0,1,1
248,cp00p00_cache_boundary_center_t0008,248,8,120,formal_tps30,cache_boundary_center,0,8,float32_all,1,1,1,1,1,0,0,1,1
248,cp00p00_cache_boundary_center_t0008,248,8,120,formal_tps30,cache_boundary_center,0,8,float32_all,3,3,1,1,1,0,0,1,1
248,cp00p00_cache_boundary_center_t0008,248,8,120,formal_tps30,cache_boundary_center,0,8,float32_all,5,5,1,1,1,0,0,1,1
248,cp00p00_cache_boundary_center_t0008,248,8,120,formal_tps30,cache_boundary_center,0,8,float32_all,10,10,1,1,1,0,0,1,1
248,cp00p00_cache_boundary_center_t0008,248,8,120,formal_tps30,cache_boundary_center,0,8,combined_int16,1,1,1,1,1,0,0,1,1
248,cp00p00_cache_boundary_center_t0008,248,8,120,formal_tps30,cache_boundary_center,0,8,combined_int16,3,3,1,1,1,0,0,1,1
248,cp00p00_cache_boundary_center_t0008,248,8,120,formal_tps30,cache_boundary_center,0,8,combined_int16,5,5,1,1,1,0,0,1,1
248,cp00p00_cache_boundary_center_t0008,248,8,120,formal_tps30,cache_boundary_center,0,8,combined_int16,10,10,1,1,1,0,0,1,1
248,cp00p00_cache_boundary_center_t0008,248,8,120,formal_tps30,cache_boundary_center,0,8,combined_int18,1,1,1,1,1,0,0,1,1
248,cp00p00_cache_boundary_center_t0008,248,8,120,formal_tps30,cache_boundary_center,0,8,combined_int18,3,3,1,1,1,0,0,1,1
248,cp00p00_cache_boundary_center_t0008,248,8,120,formal_tps30,cache_boundary_center,0,8,combined_int18,5,5,1,1,1,0,0,1,1
248,cp00p00_cache_boundary_center_t0008,248,8,120,formal_tps30,cache_boundary_center,0,8,combined_int18,10,10,1,1,1,0,0,1,1
248,cp00p00_cache_boundary_center_t0008,248,8,120,formal_tps30,cache_boundary_center,0,8,combined_int24,1,1,1,1,1,0,0,1,1
248,cp00p00_cache_boundary_center_t0008,248,8,120,formal_tps30,cache_boundary_center,0,8,combined_int24,3,3,1,1,1,0,0,1,1
248,cp00p00_cache_boundary_center_t0008,248,8,120,formal_tps30,cache_boundary_center,0,8,combined_int24,5,5,1,1,1,0,0,1,1
248,cp00p00_cache_boundary_center_t0008,248,8,120,formal_tps30,cache_boundary_center,0,8,combined_int24,10,10,1,1,1,0,0,1,1
248,cp00p00_cache_boundary_center_t0008,248,8,120,formal_tps30,cache_boundary_center,0,8,mixed_Z16_G24_Rz24,1,1,1,1,1,0,0,1,1
248,cp00p00_cache_boundary_center_t0008,248,8,120,formal_tps30,cache_boundary_center,0,8,mixed_Z16_G24_Rz24,3,3,1,1,1,0,0,1,1
248,cp00p00_cache_boundary_center_t0008,248,8,120,formal_tps30,cache_boundary_center,0,8,mixed_Z16_G24_Rz24,5,5,1,1,1,0,0,1,1
248,cp00p00_cache_boundary_center_t0008,248,8,120,formal_tps30,cache_boundary_center,0,8,mixed_Z16_G24_Rz24,10,10,1,1,1,0,0,1,1
248,cp00p00_cache_boundary_center_t0008,248,8,120,formal_tps30,cache_boundary_center,0,8,combined_int14,1,1,1,1,1,0,0,1,1
248,cp00p00_cache_boundary_center_t0008,248,8,120,formal_tps30,cache_boundary_center,0,8,combined_int14,3,3,1,1,1,0,0,1,1
248,cp00p00_cache_boundary_center_t0008,248,8,120,formal_tps30,cache_boundary_center,0,8,combined_int14,5,5,1,1,1,0,0,1,1
248,cp00p00_cache_boundary_center_t0008,248,8,120,formal_tps30,cache_boundary_center,0,8,combined_int14,10,10,1,1,1,0,0,1,1
248,cp00p00_cache_boundary_center_t0008,248,8,120,formal_tps30,cache_boundary_center,0,8,W_int18_G24_Z16,1,1,1,1,1,0,0,1,1
248,cp00p00_cache_boundary_center_t0008,248,8,120,formal_tps30,cache_boundary_center,0,8,W_int18_G24_Z16,3,3,1,1,1,0,0,1,1
248,cp00p00_cache_boundary_center_t0008,248,8,120,formal_tps30,cache_boundary_center,0,8,W_int18_G24_Z16,5,5,1,1,1,0,0,1,1
248,cp00p00_cache_boundary_center_t0008,248,8,120,formal_tps30,cache_boundary_center,0,8,W_int18_G24_Z16,10,10,1,1,1,0,0,1,1
368,cp04p00_hard_phase_t0008,368,8,120,formal_tps30,hard_phase,3.75,8,double_baseline,1,1,1,1,1,0,0,1,1
368,cp04p00_hard_phase_t0008,368,8,120,formal_tps30,hard_phase,3.75,8,double_baseline,3,3,1,1,1,0,0,1,1
368,cp04p00_hard_phase_t0008,368,8,120,formal_tps30,hard_phase,3.75,8,double_baseline,5,5,1,1,1,0,0,1,1
368,cp04p00_hard_phase_t0008,368,8,120,formal_tps30,hard_phase,3.75,8,double_baseline,10,10,1,1,1,0,0,1,1
368,cp04p00_hard_phase_t0008,368,8,120,formal_tps30,hard_phase,3.75,8,float32_all,1,1,1,1,1,0,0,1,1
368,cp04p00_hard_phase_t0008,368,8,120,formal_tps30,hard_phase,3.75,8,float32_all,3,3,1,1,1,0,0,1,1
368,cp04p00_hard_phase_t0008,368,8,120,formal_tps30,hard_phase,3.75,8,float32_all,5,5,1,1,1,0,0,1,1
368,cp04p00_hard_phase_t0008,368,8,120,formal_tps30,hard_phase,3.75,8,float32_all,10,10,1,1,1,0,0,1,1
368,cp04p00_hard_phase_t0008,368,8,120,formal_tps30,hard_phase,3.75,8,combined_int16,1,1,1,1,1,0,0,1,1
368,cp04p00_hard_phase_t0008,368,8,120,formal_tps30,hard_phase,3.75,8,combined_int16,3,3,1,1,1,0,0,1,1
368,cp04p00_hard_phase_t0008,368,8,120,formal_tps30,hard_phase,3.75,8,combined_int16,5,5,1,1,1,0,0,1,1
368,cp04p00_hard_phase_t0008,368,8,120,formal_tps30,hard_phase,3.75,8,combined_int16,10,10,1,1,1,0,0,1,1
368,cp04p00_hard_phase_t0008,368,8,120,formal_tps30,hard_phase,3.75,8,combined_int18,1,1,1,1,1,0,0,1,1
368,cp04p00_hard_phase_t0008,368,8,120,formal_tps30,hard_phase,3.75,8,combined_int18,3,3,1,1,1,0,0,1,1
368,cp04p00_hard_phase_t0008,368,8,120,formal_tps30,hard_phase,3.75,8,combined_int18,5,5,1,1,1,0,0,1,1
368,cp04p00_hard_phase_t0008,368,8,120,formal_tps30,hard_phase,3.75,8,combined_int18,10,10,1,1,1,0,0,1,1
368,cp04p00_hard_phase_t0008,368,8,120,formal_tps30,hard_phase,3.75,8,combined_int24,1,1,1,1,1,0,0,1,1
368,cp04p00_hard_phase_t0008,368,8,120,formal_tps30,hard_phase,3.75,8,combined_int24,3,3,1,1,1,0,0,1,1
368,cp04p00_hard_phase_t0008,368,8,120,formal_tps30,hard_phase,3.75,8,combined_int24,5,5,1,1,1,0,0,1,1
368,cp04p00_hard_phase_t0008,368,8,120,formal_tps30,hard_phase,3.75,8,combined_int24,10,10,1,1,1,0,0,1,1
368,cp04p00_hard_phase_t0008,368,8,120,formal_tps30,hard_phase,3.75,8,mixed_Z16_G24_Rz24,1,1,1,1,1,0,0,1,1
368,cp04p00_hard_phase_t0008,368,8,120,formal_tps30,hard_phase,3.75,8,mixed_Z16_G24_Rz24,3,3,1,1,1,0,0,1,1
368,cp04p00_hard_phase_t0008,368,8,120,formal_tps30,hard_phase,3.75,8,mixed_Z16_G24_Rz24,5,5,1,1,1,0,0,1,1
368,cp04p00_hard_phase_t0008,368,8,120,formal_tps30,hard_phase,3.75,8,mixed_Z16_G24_Rz24,10,10,1,1,1,0,0,1,1
368,cp04p00_hard_phase_t0008,368,8,120,formal_tps30,hard_phase,3.75,8,combined_int14,1,1,1,1,1,0,0,1,1
368,cp04p00_hard_phase_t0008,368,8,120,formal_tps30,hard_phase,3.75,8,combined_int14,3,3,1,1,1,0,0,1,1
368,cp04p00_hard_phase_t0008,368,8,120,formal_tps30,hard_phase,3.75,8,combined_int14,5,5,1,1,1,0,0,1,1
368,cp04p00_hard_phase_t0008,368,8,120,formal_tps30,hard_phase,3.75,8,combined_int14,10,10,1,1,1,0,0,1,1
368,cp04p00_hard_phase_t0008,368,8,120,formal_tps30,hard_phase,3.75,8,W_int18_G24_Z16,1,1,1,1,1,0,0,1,1
368,cp04p00_hard_phase_t0008,368,8,120,formal_tps30,hard_phase,3.75,8,W_int18_G24_Z16,3,3,1,1,1,0,0,1,1
368,cp04p00_hard_phase_t0008,368,8,120,formal_tps30,hard_phase,3.75,8,W_int18_G24_Z16,5,5,1,1,1,0,0,1,1
368,cp04p00_hard_phase_t0008,368,8,120,formal_tps30,hard_phase,3.75,8,W_int18_G24_Z16,10,10,1,1,1,0,0,1,1
488,cp04p00_medium_beta_coherent_t0008,488,8,120,formal_tps30,medium_beta_coherent,3.75,8,double_baseline,1,1,1,1,1,0,0,0,0
488,cp04p00_medium_beta_coherent_t0008,488,8,120,formal_tps30,medium_beta_coherent,3.75,8,double_baseline,3,3,1,1,1,0,0,0,0
488,cp04p00_medium_beta_coherent_t0008,488,8,120,formal_tps30,medium_beta_coherent,3.75,8,double_baseline,5,5,1,1,1,0,0,0,0
488,cp04p00_medium_beta_coherent_t0008,488,8,120,formal_tps30,medium_beta_coherent,3.75,8,double_baseline,10,10,1,1,1,0,0,0,0
488,cp04p00_medium_beta_coherent_t0008,488,8,120,formal_tps30,medium_beta_coherent,3.75,8,float32_all,1,1,1,1,1,0,0,0,0
488,cp04p00_medium_beta_coherent_t0008,488,8,120,formal_tps30,medium_beta_coherent,3.75,8,float32_all,3,3,1,1,1,0,0,0,0
488,cp04p00_medium_beta_coherent_t0008,488,8,120,formal_tps30,medium_beta_coherent,3.75,8,float32_all,5,5,1,1,1,0,0,0,0
488,cp04p00_medium_beta_coherent_t0008,488,8,120,formal_tps30,medium_beta_coherent,3.75,8,float32_all,10,10,1,1,1,0,0,0,0
488,cp04p00_medium_beta_coherent_t0008,488,8,120,formal_tps30,medium_beta_coherent,3.75,8,combined_int16,1,1,1,1,1,0,0,0,0
488,cp04p00_medium_beta_coherent_t0008,488,8,120,formal_tps30,medium_beta_coherent,3.75,8,combined_int16,3,3,1,1,1,0,0,0,0
488,cp04p00_medium_beta_coherent_t0008,488,8,120,formal_tps30,medium_beta_coherent,3.75,8,combined_int16,5,5,1,1,1,0,0,0,0
488,cp04p00_medium_beta_coherent_t0008,488,8,120,formal_tps30,medium_beta_coherent,3.75,8,combined_int16,10,10,1,1,1,0,0,0,0
488,cp04p00_medium_beta_coherent_t0008,488,8,120,formal_tps30,medium_beta_coherent,3.75,8,combined_int18,1,1,1,1,1,0,0,0,0
488,cp04p00_medium_beta_coherent_t0008,488,8,120,formal_tps30,medium_beta_coherent,3.75,8,combined_int18,3,3,1,1,1,0,0,0,0
488,cp04p00_medium_beta_coherent_t0008,488,8,120,formal_tps30,medium_beta_coherent,3.75,8,combined_int18,5,5,1,1,1,0,0,0,0
488,cp04p00_medium_beta_coherent_t0008,488,8,120,formal_tps30,medium_beta_coherent,3.75,8,combined_int18,10,10,1,1,1,0,0,0,0
488,cp04p00_medium_beta_coherent_t0008,488,8,120,formal_tps30,medium_beta_coherent,3.75,8,combined_int24,1,1,1,1,1,0,0,0,0
488,cp04p00_medium_beta_coherent_t0008,488,8,120,formal_tps30,medium_beta_coherent,3.75,8,combined_int24,3,3,1,1,1,0,0,0,0
488,cp04p00_medium_beta_coherent_t0008,488,8,120,formal_tps30,medium_beta_coherent,3.75,8,combined_int24,5,5,1,1,1,0,0,0,0
488,cp04p00_medium_beta_coherent_t0008,488,8,120,formal_tps30,medium_beta_coherent,3.75,8,combined_int24,10,10,1,1,1,0,0,0,0
488,cp04p00_medium_beta_coherent_t0008,488,8,120,formal_tps30,medium_beta_coherent,3.75,8,mixed_Z16_G24_Rz24,1,1,1,1,1,0,0,0,0
488,cp04p00_medium_beta_coherent_t0008,488,8,120,formal_tps30,medium_beta_coherent,3.75,8,mixed_Z16_G24_Rz24,3,3,1,1,1,0,0,0,0
488,cp04p00_medium_beta_coherent_t0008,488,8,120,formal_tps30,medium_beta_coherent,3.75,8,mixed_Z16_G24_Rz24,5,5,1,1,1,0,0,0,0
488,cp04p00_medium_beta_coherent_t0008,488,8,120,formal_tps30,medium_beta_coherent,3.75,8,mixed_Z16_G24_Rz24,10,10,1,1,1,0,0,0,0
488,cp04p00_medium_beta_coherent_t0008,488,8,120,formal_tps30,medium_beta_coherent,3.75,8,combined_int14,1,1,1,1,1,0,0,0,0
488,cp04p00_medium_beta_coherent_t0008,488,8,120,formal_tps30,medium_beta_coherent,3.75,8,combined_int14,3,3,1,1,1,0,0,0,0
488,cp04p00_medium_beta_coherent_t0008,488,8,120,formal_tps30,medium_beta_coherent,3.75,8,combined_int14,5,5,1,1,1,0,0,0,0
488,cp04p00_medium_beta_coherent_t0008,488,8,120,formal_tps30,medium_beta_coherent,3.75,8,combined_int14,10,10,0,1,1,0,0,0,0
488,cp04p00_medium_beta_coherent_t0008,488,8,120,formal_tps30,medium_beta_coherent,3.75,8,W_int18_G24_Z16,1,1,1,1,1,0,0,0,0
488,cp04p00_medium_beta_coherent_t0008,488,8,120,formal_tps30,medium_beta_coherent,3.75,8,W_int18_G24_Z16,3,3,1,1,1,0,0,0,0
488,cp04p00_medium_beta_coherent_t0008,488,8,120,formal_tps30,medium_beta_coherent,3.75,8,W_int18_G24_Z16,5,5,1,1,1,0,0,0,0
488,cp04p00_medium_beta_coherent_t0008,488,8,120,formal_tps30,medium_beta_coherent,3.75,8,W_int18_G24_Z16,10,10,1,1,1,0,0,0,0
608,cp08p00_easy_noncoherent_t0008,608,8,120,formal_tps30,easy_noncoherent,7.5,8,double_baseline,1,1,1,1,1,0,0,1,1
608,cp08p00_easy_noncoherent_t0008,608,8,120,formal_tps30,easy_noncoherent,7.5,8,double_baseline,3,3,1,1,1,0,0,1,1
608,cp08p00_easy_noncoherent_t0008,608,8,120,formal_tps30,easy_noncoherent,7.5,8,double_baseline,5,5,1,1,1,0,0,1,1
608,cp08p00_easy_noncoherent_t0008,608,8,120,formal_tps30,easy_noncoherent,7.5,8,double_baseline,10,10,1,1,1,0,0,1,1
608,cp08p00_easy_noncoherent_t0008,608,8,120,formal_tps30,easy_noncoherent,7.5,8,float32_all,1,1,1,1,1,0,0,1,1
608,cp08p00_easy_noncoherent_t0008,608,8,120,formal_tps30,easy_noncoherent,7.5,8,float32_all,3,3,1,1,1,0,0,1,1
608,cp08p00_easy_noncoherent_t0008,608,8,120,formal_tps30,easy_noncoherent,7.5,8,float32_all,5,5,1,1,1,0,0,1,1
608,cp08p00_easy_noncoherent_t0008,608,8,120,formal_tps30,easy_noncoherent,7.5,8,float32_all,10,10,1,1,1,0,0,1,1
608,cp08p00_easy_noncoherent_t0008,608,8,120,formal_tps30,easy_noncoherent,7.5,8,combined_int16,1,1,1,1,1,0,0,1,1
608,cp08p00_easy_noncoherent_t0008,608,8,120,formal_tps30,easy_noncoherent,7.5,8,combined_int16,3,3,1,1,1,0,0,1,1
608,cp08p00_easy_noncoherent_t0008,608,8,120,formal_tps30,easy_noncoherent,7.5,8,combined_int16,5,5,1,1,1,0,0,1,1
608,cp08p00_easy_noncoherent_t0008,608,8,120,formal_tps30,easy_noncoherent,7.5,8,combined_int16,10,10,1,1,1,0,0,1,1
608,cp08p00_easy_noncoherent_t0008,608,8,120,formal_tps30,easy_noncoherent,7.5,8,combined_int18,1,1,1,1,1,0,0,1,1
608,cp08p00_easy_noncoherent_t0008,608,8,120,formal_tps30,easy_noncoherent,7.5,8,combined_int18,3,3,1,1,1,0,0,1,1
608,cp08p00_easy_noncoherent_t0008,608,8,120,formal_tps30,easy_noncoherent,7.5,8,combined_int18,5,5,1,1,1,0,0,1,1
608,cp08p00_easy_noncoherent_t0008,608,8,120,formal_tps30,easy_noncoherent,7.5,8,combined_int18,10,10,1,1,1,0,0,1,1
608,cp08p00_easy_noncoherent_t0008,608,8,120,formal_tps30,easy_noncoherent,7.5,8,combined_int24,1,1,1,1,1,0,0,1,1
608,cp08p00_easy_noncoherent_t0008,608,8,120,formal_tps30,easy_noncoherent,7.5,8,combined_int24,3,3,1,1,1,0,0,1,1
608,cp08p00_easy_noncoherent_t0008,608,8,120,formal_tps30,easy_noncoherent,7.5,8,combined_int24,5,5,1,1,1,0,0,1,1
608,cp08p00_easy_noncoherent_t0008,608,8,120,formal_tps30,easy_noncoherent,7.5,8,combined_int24,10,10,1,1,1,0,0,1,1
608,cp08p00_easy_noncoherent_t0008,608,8,120,formal_tps30,easy_noncoherent,7.5,8,mixed_Z16_G24_Rz24,1,1,1,1,1,0,0,1,1
608,cp08p00_easy_noncoherent_t0008,608,8,120,formal_tps30,easy_noncoherent,7.5,8,mixed_Z16_G24_Rz24,3,3,1,1,1,0,0,1,1
608,cp08p00_easy_noncoherent_t0008,608,8,120,formal_tps30,easy_noncoherent,7.5,8,mixed_Z16_G24_Rz24,5,5,1,1,1,0,0,1,1
608,cp08p00_easy_noncoherent_t0008,608,8,120,formal_tps30,easy_noncoherent,7.5,8,mixed_Z16_G24_Rz24,10,10,1,1,1,0,0,1,1
608,cp08p00_easy_noncoherent_t0008,608,8,120,formal_tps30,easy_noncoherent,7.5,8,combined_int14,1,1,1,1,1,0,0,1,1
608,cp08p00_easy_noncoherent_t0008,608,8,120,formal_tps30,easy_noncoherent,7.5,8,combined_int14,3,3,1,1,1,0,0,1,1
608,cp08p00_easy_noncoherent_t0008,608,8,120,formal_tps30,easy_noncoherent,7.5,8,combined_int14,5,5,1,1,1,0,0,1,1
608,cp08p00_easy_noncoherent_t0008,608,8,120,formal_tps30,easy_noncoherent,7.5,8,combined_int14,10,10,1,1,1,0,0,1,1
608,cp08p00_easy_noncoherent_t0008,608,8,120,formal_tps30,easy_noncoherent,7.5,8,W_int18_G24_Z16,1,1,1,1,1,0,0,1,1
608,cp08p00_easy_noncoherent_t0008,608,8,120,formal_tps30,easy_noncoherent,7.5,8,W_int18_G24_Z16,3,3,1,1,1,0,0,1,1
608,cp08p00_easy_noncoherent_t0008,608,8,120,formal_tps30,easy_noncoherent,7.5,8,W_int18_G24_Z16,5,5,1,1,1,0,0,1,1
608,cp08p00_easy_noncoherent_t0008,608,8,120,formal_tps30,easy_noncoherent,7.5,8,W_int18_G24_Z16,10,10,1,1,1,0,0,1,1
728,cp08p00_low_snr_hard_t0008,728,8,120,formal_tps30,low_snr_hard,7.5,8,double_baseline,1,1,1,1,1,0,0,0,0
728,cp08p00_low_snr_hard_t0008,728,8,120,formal_tps30,low_snr_hard,7.5,8,double_baseline,3,3,1,1,1,0,0,0,0
728,cp08p00_low_snr_hard_t0008,728,8,120,formal_tps30,low_snr_hard,7.5,8,double_baseline,5,5,1,1,1,0,0,0,0
728,cp08p00_low_snr_hard_t0008,728,8,120,formal_tps30,low_snr_hard,7.5,8,double_baseline,10,10,1,1,1,0,0,0,0
728,cp08p00_low_snr_hard_t0008,728,8,120,formal_tps30,low_snr_hard,7.5,8,float32_all,1,1,1,1,1,0,0,0,0
728,cp08p00_low_snr_hard_t0008,728,8,120,formal_tps30,low_snr_hard,7.5,8,float32_all,3,3,1,1,1,0,0,0,0
728,cp08p00_low_snr_hard_t0008,728,8,120,formal_tps30,low_snr_hard,7.5,8,float32_all,5,5,1,1,1,0,0,0,0
728,cp08p00_low_snr_hard_t0008,728,8,120,formal_tps30,low_snr_hard,7.5,8,float32_all,10,10,1,1,1,0,0,0,0
728,cp08p00_low_snr_hard_t0008,728,8,120,formal_tps30,low_snr_hard,7.5,8,combined_int16,1,1,1,1,1,0,0,0,0
728,cp08p00_low_snr_hard_t0008,728,8,120,formal_tps30,low_snr_hard,7.5,8,combined_int16,3,3,1,1,1,0,0,0,0
728,cp08p00_low_snr_hard_t0008,728,8,120,formal_tps30,low_snr_hard,7.5,8,combined_int16,5,5,1,1,1,0,0,0,0
728,cp08p00_low_snr_hard_t0008,728,8,120,formal_tps30,low_snr_hard,7.5,8,combined_int16,10,10,1,1,1,0,0,0,0
728,cp08p00_low_snr_hard_t0008,728,8,120,formal_tps30,low_snr_hard,7.5,8,combined_int18,1,1,1,1,1,0,0,0,0
728,cp08p00_low_snr_hard_t0008,728,8,120,formal_tps30,low_snr_hard,7.5,8,combined_int18,3,3,1,1,1,0,0,0,0
728,cp08p00_low_snr_hard_t0008,728,8,120,formal_tps30,low_snr_hard,7.5,8,combined_int18,5,5,1,1,1,0,0,0,0
728,cp08p00_low_snr_hard_t0008,728,8,120,formal_tps30,low_snr_hard,7.5,8,combined_int18,10,10,1,1,1,0,0,0,0
728,cp08p00_low_snr_hard_t0008,728,8,120,formal_tps30,low_snr_hard,7.5,8,combined_int24,1,1,1,1,1,0,0,0,0
728,cp08p00_low_snr_hard_t0008,728,8,120,formal_tps30,low_snr_hard,7.5,8,combined_int24,3,3,1,1,1,0,0,0,0
728,cp08p00_low_snr_hard_t0008,728,8,120,formal_tps30,low_snr_hard,7.5,8,combined_int24,5,5,1,1,1,0,0,0,0
728,cp08p00_low_snr_hard_t0008,728,8,120,formal_tps30,low_snr_hard,7.5,8,combined_int24,10,10,1,1,1,0,0,0,0
728,cp08p00_low_snr_hard_t0008,728,8,120,formal_tps30,low_snr_hard,7.5,8,mixed_Z16_G24_Rz24,1,1,1,1,1,0,0,0,0
728,cp08p00_low_snr_hard_t0008,728,8,120,formal_tps30,low_snr_hard,7.5,8,mixed_Z16_G24_Rz24,3,3,1,1,1,0,0,0,0
728,cp08p00_low_snr_hard_t0008,728,8,120,formal_tps30,low_snr_hard,7.5,8,mixed_Z16_G24_Rz24,5,5,1,1,1,0,0,0,0
728,cp08p00_low_snr_hard_t0008,728,8,120,formal_tps30,low_snr_hard,7.5,8,mixed_Z16_G24_Rz24,10,10,1,1,1,0,0,0,0
728,cp08p00_low_snr_hard_t0008,728,8,120,formal_tps30,low_snr_hard,7.5,8,combined_int14,1,1,1,1,1,0,0,0,0
728,cp08p00_low_snr_hard_t0008,728,8,120,formal_tps30,low_snr_hard,7.5,8,combined_int14,3,3,1,1,1,0,0,0,0
728,cp08p00_low_snr_hard_t0008,728,8,120,formal_tps30,low_snr_hard,7.5,8,combined_int14,5,5,1,1,1,0,0,0,0
728,cp08p00_low_snr_hard_t0008,728,8,120,formal_tps30,low_snr_hard,7.5,8,combined_int14,10,10,1,1,1,0,0,0,0
728,cp08p00_low_snr_hard_t0008,728,8,120,formal_tps30,low_snr_hard,7.5,8,W_int18_G24_Z16,1,1,1,1,1,0,0,0,0
728,cp08p00_low_snr_hard_t0008,728,8,120,formal_tps30,low_snr_hard,7.5,8,W_int18_G24_Z16,3,3,1,1,1,0,0,0,0
728,cp08p00_low_snr_hard_t0008,728,8,120,formal_tps30,low_snr_hard,7.5,8,W_int18_G24_Z16,5,5,1,1,1,0,0,0,0
728,cp08p00_low_snr_hard_t0008,728,8,120,formal_tps30,low_snr_hard,7.5,8,W_int18_G24_Z16,10,10,1,1,1,0,0,0,0
848,cp08p00_cache_boundary_center_t0008,848,8,120,formal_tps30,cache_boundary_center,7.5,8,double_baseline,1,1,1,1,1,0,0,1,1
848,cp08p00_cache_boundary_center_t0008,848,8,120,formal_tps30,cache_boundary_center,7.5,8,double_baseline,3,3,1,1,1,0,0,1,1
848,cp08p00_cache_boundary_center_t0008,848,8,120,formal_tps30,cache_boundary_center,7.5,8,double_baseline,5,5,1,1,1,0,0,1,1
848,cp08p00_cache_boundary_center_t0008,848,8,120,formal_tps30,cache_boundary_center,7.5,8,double_baseline,10,10,1,1,1,0,0,1,1
848,cp08p00_cache_boundary_center_t0008,848,8,120,formal_tps30,cache_boundary_center,7.5,8,float32_all,1,1,1,1,1,0,0,1,1
848,cp08p00_cache_boundary_center_t0008,848,8,120,formal_tps30,cache_boundary_center,7.5,8,float32_all,3,3,1,1,1,0,0,1,1
848,cp08p00_cache_boundary_center_t0008,848,8,120,formal_tps30,cache_boundary_center,7.5,8,float32_all,5,5,1,1,1,0,0,1,1
848,cp08p00_cache_boundary_center_t0008,848,8,120,formal_tps30,cache_boundary_center,7.5,8,float32_all,10,10,1,1,1,0,0,1,1
848,cp08p00_cache_boundary_center_t0008,848,8,120,formal_tps30,cache_boundary_center,7.5,8,combined_int16,1,1,1,1,1,0,0,1,1
848,cp08p00_cache_boundary_center_t0008,848,8,120,formal_tps30,cache_boundary_center,7.5,8,combined_int16,3,3,1,1,1,0,0,1,1
848,cp08p00_cache_boundary_center_t0008,848,8,120,formal_tps30,cache_boundary_center,7.5,8,combined_int16,5,5,1,1,1,0,0,1,1
848,cp08p00_cache_boundary_center_t0008,848,8,120,formal_tps30,cache_boundary_center,7.5,8,combined_int16,10,10,1,1,1,0,0,1,1
848,cp08p00_cache_boundary_center_t0008,848,8,120,formal_tps30,cache_boundary_center,7.5,8,combined_int18,1,1,1,1,1,0,0,1,1
848,cp08p00_cache_boundary_center_t0008,848,8,120,formal_tps30,cache_boundary_center,7.5,8,combined_int18,3,3,1,1,1,0,0,1,1
848,cp08p00_cache_boundary_center_t0008,848,8,120,formal_tps30,cache_boundary_center,7.5,8,combined_int18,5,5,1,1,1,0,0,1,1
848,cp08p00_cache_boundary_center_t0008,848,8,120,formal_tps30,cache_boundary_center,7.5,8,combined_int18,10,10,1,1,1,0,0,1,1
848,cp08p00_cache_boundary_center_t0008,848,8,120,formal_tps30,cache_boundary_center,7.5,8,combined_int24,1,1,1,1,1,0,0,1,1
848,cp08p00_cache_boundary_center_t0008,848,8,120,formal_tps30,cache_boundary_center,7.5,8,combined_int24,3,3,1,1,1,0,0,1,1
848,cp08p00_cache_boundary_center_t0008,848,8,120,formal_tps30,cache_boundary_center,7.5,8,combined_int24,5,5,1,1,1,0,0,1,1
848,cp08p00_cache_boundary_center_t0008,848,8,120,formal_tps30,cache_boundary_center,7.5,8,combined_int24,10,10,1,1,1,0,0,1,1
848,cp08p00_cache_boundary_center_t0008,848,8,120,formal_tps30,cache_boundary_center,7.5,8,mixed_Z16_G24_Rz24,1,1,1,1,1,0,0,1,1
848,cp08p00_cache_boundary_center_t0008,848,8,120,formal_tps30,cache_boundary_center,7.5,8,mixed_Z16_G24_Rz24,3,3,1,1,1,0,0,1,1
848,cp08p00_cache_boundary_center_t0008,848,8,120,formal_tps30,cache_boundary_center,7.5,8,mixed_Z16_G24_Rz24,5,5,1,1,1,0,0,1,1
848,cp08p00_cache_boundary_center_t0008,848,8,120,formal_tps30,cache_boundary_center,7.5,8,mixed_Z16_G24_Rz24,10,10,1,1,1,0,0,1,1
848,cp08p00_cache_boundary_center_t0008,848,8,120,formal_tps30,cache_boundary_center,7.5,8,combined_int14,1,1,1,1,1,0,0,1,1
848,cp08p00_cache_boundary_center_t0008,848,8,120,formal_tps30,cache_boundary_center,7.5,8,combined_int14,3,3,1,1,1,0,0,1,1
848,cp08p00_cache_boundary_center_t0008,848,8,120,formal_tps30,cache_boundary_center,7.5,8,combined_int14,5,5,1,1,1,0,0,1,1
848,cp08p00_cache_boundary_center_t0008,848,8,120,formal_tps30,cache_boundary_center,7.5,8,combined_int14,10,10,1,1,1,0,0,1,1
848,cp08p00_cache_boundary_center_t0008,848,8,120,formal_tps30,cache_boundary_center,7.5,8,W_int18_G24_Z16,1,1,1,1,1,0,0,1,1
848,cp08p00_cache_boundary_center_t0008,848,8,120,formal_tps30,cache_boundary_center,7.5,8,W_int18_G24_Z16,3,3,1,1,1,0,0,1,1
848,cp08p00_cache_boundary_center_t0008,848,8,120,formal_tps30,cache_boundary_center,7.5,8,W_int18_G24_Z16,5,5,1,1,1,0,0,1,1
848,cp08p00_cache_boundary_center_t0008,848,8,120,formal_tps30,cache_boundary_center,7.5,8,W_int18_G24_Z16,10,10,1,1,1,0,0,1,1
968,cp15p00_hard_phase_t0008,968,8,120,formal_tps30,hard_phase,15,8,double_baseline,1,1,1,1,1,0,0,1,1
968,cp15p00_hard_phase_t0008,968,8,120,formal_tps30,hard_phase,15,8,double_baseline,3,3,1,1,1,0,0,1,1
968,cp15p00_hard_phase_t0008,968,8,120,formal_tps30,hard_phase,15,8,double_baseline,5,5,1,1,1,0,0,1,1
968,cp15p00_hard_phase_t0008,968,8,120,formal_tps30,hard_phase,15,8,double_baseline,10,10,1,1,1,0,0,1,1
968,cp15p00_hard_phase_t0008,968,8,120,formal_tps30,hard_phase,15,8,float32_all,1,1,1,1,1,0,0,1,1
968,cp15p00_hard_phase_t0008,968,8,120,formal_tps30,hard_phase,15,8,float32_all,3,3,1,1,1,0,0,1,1
968,cp15p00_hard_phase_t0008,968,8,120,formal_tps30,hard_phase,15,8,float32_all,5,5,1,1,1,0,0,1,1
968,cp15p00_hard_phase_t0008,968,8,120,formal_tps30,hard_phase,15,8,float32_all,10,10,1,1,1,0,0,1,1
968,cp15p00_hard_phase_t0008,968,8,120,formal_tps30,hard_phase,15,8,combined_int16,1,1,1,1,1,0,0,1,1
968,cp15p00_hard_phase_t0008,968,8,120,formal_tps30,hard_phase,15,8,combined_int16,3,3,1,1,1,0,0,1,1
968,cp15p00_hard_phase_t0008,968,8,120,formal_tps30,hard_phase,15,8,combined_int16,5,5,1,1,1,0,0,1,1
968,cp15p00_hard_phase_t0008,968,8,120,formal_tps30,hard_phase,15,8,combined_int16,10,10,1,1,1,0,0,1,1
968,cp15p00_hard_phase_t0008,968,8,120,formal_tps30,hard_phase,15,8,combined_int18,1,1,1,1,1,0,0,1,1
968,cp15p00_hard_phase_t0008,968,8,120,formal_tps30,hard_phase,15,8,combined_int18,3,3,1,1,1,0,0,1,1
968,cp15p00_hard_phase_t0008,968,8,120,formal_tps30,hard_phase,15,8,combined_int18,5,5,1,1,1,0,0,1,1
968,cp15p00_hard_phase_t0008,968,8,120,formal_tps30,hard_phase,15,8,combined_int18,10,10,1,1,1,0,0,1,1
968,cp15p00_hard_phase_t0008,968,8,120,formal_tps30,hard_phase,15,8,combined_int24,1,1,1,1,1,0,0,1,1
968,cp15p00_hard_phase_t0008,968,8,120,formal_tps30,hard_phase,15,8,combined_int24,3,3,1,1,1,0,0,1,1
968,cp15p00_hard_phase_t0008,968,8,120,formal_tps30,hard_phase,15,8,combined_int24,5,5,1,1,1,0,0,1,1
968,cp15p00_hard_phase_t0008,968,8,120,formal_tps30,hard_phase,15,8,combined_int24,10,10,1,1,1,0,0,1,1
968,cp15p00_hard_phase_t0008,968,8,120,formal_tps30,hard_phase,15,8,mixed_Z16_G24_Rz24,1,1,1,1,1,0,0,1,1
968,cp15p00_hard_phase_t0008,968,8,120,formal_tps30,hard_phase,15,8,mixed_Z16_G24_Rz24,3,3,1,1,1,0,0,1,1
968,cp15p00_hard_phase_t0008,968,8,120,formal_tps30,hard_phase,15,8,mixed_Z16_G24_Rz24,5,5,1,1,1,0,0,1,1
968,cp15p00_hard_phase_t0008,968,8,120,formal_tps30,hard_phase,15,8,mixed_Z16_G24_Rz24,10,10,1,1,1,0,0,1,1
968,cp15p00_hard_phase_t0008,968,8,120,formal_tps30,hard_phase,15,8,combined_int14,1,1,1,1,1,0,0,1,1
968,cp15p00_hard_phase_t0008,968,8,120,formal_tps30,hard_phase,15,8,combined_int14,3,3,1,1,1,0,0,1,1
968,cp15p00_hard_phase_t0008,968,8,120,formal_tps30,hard_phase,15,8,combined_int14,5,5,1,1,1,0,0,1,1
968,cp15p00_hard_phase_t0008,968,8,120,formal_tps30,hard_phase,15,8,combined_int14,10,10,0,1,1,0,0,1,1
968,cp15p00_hard_phase_t0008,968,8,120,formal_tps30,hard_phase,15,8,W_int18_G24_Z16,1,1,1,1,1,0,0,1,1
968,cp15p00_hard_phase_t0008,968,8,120,formal_tps30,hard_phase,15,8,W_int18_G24_Z16,3,3,1,1,1,0,0,1,1
968,cp15p00_hard_phase_t0008,968,8,120,formal_tps30,hard_phase,15,8,W_int18_G24_Z16,5,5,1,1,1,0,0,1,1
968,cp15p00_hard_phase_t0008,968,8,120,formal_tps30,hard_phase,15,8,W_int18_G24_Z16,10,10,1,1,1,0,0,1,1
1088,cp15p00_medium_beta_coherent_t0008,1088,8,120,formal_tps30,medium_beta_coherent,15,8,double_baseline,1,1,1,1,1,0,0,0,0
1088,cp15p00_medium_beta_coherent_t0008,1088,8,120,formal_tps30,medium_beta_coherent,15,8,double_baseline,3,3,1,1,1,0,0,0,0
1088,cp15p00_medium_beta_coherent_t0008,1088,8,120,formal_tps30,medium_beta_coherent,15,8,double_baseline,5,5,1,1,1,0,0,0,0
1088,cp15p00_medium_beta_coherent_t0008,1088,8,120,formal_tps30,medium_beta_coherent,15,8,double_baseline,10,10,1,1,1,0,0,0,0
1088,cp15p00_medium_beta_coherent_t0008,1088,8,120,formal_tps30,medium_beta_coherent,15,8,float32_all,1,1,1,1,1,0,0,0,0
1088,cp15p00_medium_beta_coherent_t0008,1088,8,120,formal_tps30,medium_beta_coherent,15,8,float32_all,3,3,1,1,1,0,0,0,0
1088,cp15p00_medium_beta_coherent_t0008,1088,8,120,formal_tps30,medium_beta_coherent,15,8,float32_all,5,5,1,1,1,0,0,0,0
1088,cp15p00_medium_beta_coherent_t0008,1088,8,120,formal_tps30,medium_beta_coherent,15,8,float32_all,10,10,1,1,1,0,0,0,0
1088,cp15p00_medium_beta_coherent_t0008,1088,8,120,formal_tps30,medium_beta_coherent,15,8,combined_int16,1,1,1,1,1,0,0,0,0
1088,cp15p00_medium_beta_coherent_t0008,1088,8,120,formal_tps30,medium_beta_coherent,15,8,combined_int16,3,3,1,1,1,0,0,0,0
1088,cp15p00_medium_beta_coherent_t0008,1088,8,120,formal_tps30,medium_beta_coherent,15,8,combined_int16,5,5,1,1,1,0,0,0,0
1088,cp15p00_medium_beta_coherent_t0008,1088,8,120,formal_tps30,medium_beta_coherent,15,8,combined_int16,10,10,1,1,1,0,0,0,0
1088,cp15p00_medium_beta_coherent_t0008,1088,8,120,formal_tps30,medium_beta_coherent,15,8,combined_int18,1,1,1,1,1,0,0,0,0
1088,cp15p00_medium_beta_coherent_t0008,1088,8,120,formal_tps30,medium_beta_coherent,15,8,combined_int18,3,3,1,1,1,0,0,0,0
1088,cp15p00_medium_beta_coherent_t0008,1088,8,120,formal_tps30,medium_beta_coherent,15,8,combined_int18,5,5,1,1,1,0,0,0,0
1088,cp15p00_medium_beta_coherent_t0008,1088,8,120,formal_tps30,medium_beta_coherent,15,8,combined_int18,10,10,1,1,1,0,0,0,0
1088,cp15p00_medium_beta_coherent_t0008,1088,8,120,formal_tps30,medium_beta_coherent,15,8,combined_int24,1,1,1,1,1,0,0,0,0
1088,cp15p00_medium_beta_coherent_t0008,1088,8,120,formal_tps30,medium_beta_coherent,15,8,combined_int24,3,3,1,1,1,0,0,0,0
1088,cp15p00_medium_beta_coherent_t0008,1088,8,120,formal_tps30,medium_beta_coherent,15,8,combined_int24,5,5,1,1,1,0,0,0,0
1088,cp15p00_medium_beta_coherent_t0008,1088,8,120,formal_tps30,medium_beta_coherent,15,8,combined_int24,10,10,1,1,1,0,0,0,0
1088,cp15p00_medium_beta_coherent_t0008,1088,8,120,formal_tps30,medium_beta_coherent,15,8,mixed_Z16_G24_Rz24,1,1,1,1,1,0,0,0,0
1088,cp15p00_medium_beta_coherent_t0008,1088,8,120,formal_tps30,medium_beta_coherent,15,8,mixed_Z16_G24_Rz24,3,3,1,1,1,0,0,0,0
1088,cp15p00_medium_beta_coherent_t0008,1088,8,120,formal_tps30,medium_beta_coherent,15,8,mixed_Z16_G24_Rz24,5,5,1,1,1,0,0,0,0
1088,cp15p00_medium_beta_coherent_t0008,1088,8,120,formal_tps30,medium_beta_coherent,15,8,mixed_Z16_G24_Rz24,10,10,1,1,1,0,0,0,0
1088,cp15p00_medium_beta_coherent_t0008,1088,8,120,formal_tps30,medium_beta_coherent,15,8,combined_int14,1,1,1,1,1,0,0,0,0
1088,cp15p00_medium_beta_coherent_t0008,1088,8,120,formal_tps30,medium_beta_coherent,15,8,combined_int14,3,3,1,1,1,0,0,0,0
1088,cp15p00_medium_beta_coherent_t0008,1088,8,120,formal_tps30,medium_beta_coherent,15,8,combined_int14,5,5,1,1,1,0,0,0,0
1088,cp15p00_medium_beta_coherent_t0008,1088,8,120,formal_tps30,medium_beta_coherent,15,8,combined_int14,10,10,0,0,0.818181818181818,1,0.1,0,0
1088,cp15p00_medium_beta_coherent_t0008,1088,8,120,formal_tps30,medium_beta_coherent,15,8,W_int18_G24_Z16,1,1,1,1,1,0,0,0,0
1088,cp15p00_medium_beta_coherent_t0008,1088,8,120,formal_tps30,medium_beta_coherent,15,8,W_int18_G24_Z16,3,3,1,1,1,0,0,0,0
1088,cp15p00_medium_beta_coherent_t0008,1088,8,120,formal_tps30,medium_beta_coherent,15,8,W_int18_G24_Z16,5,5,1,1,1,0,0,0,0
1088,cp15p00_medium_beta_coherent_t0008,1088,8,120,formal_tps30,medium_beta_coherent,15,8,W_int18_G24_Z16,10,10,1,1,1,0,0,0,0
9,cp00p00_easy_noncoherent_t0009,9,9,120,formal_tps30,easy_noncoherent,0,9,double_baseline,1,1,1,1,1,0,0,0,0
9,cp00p00_easy_noncoherent_t0009,9,9,120,formal_tps30,easy_noncoherent,0,9,double_baseline,3,3,1,1,1,0,0,0,0
9,cp00p00_easy_noncoherent_t0009,9,9,120,formal_tps30,easy_noncoherent,0,9,double_baseline,5,5,1,1,1,0,0,0,0
9,cp00p00_easy_noncoherent_t0009,9,9,120,formal_tps30,easy_noncoherent,0,9,double_baseline,10,10,1,1,1,0,0,0,0
9,cp00p00_easy_noncoherent_t0009,9,9,120,formal_tps30,easy_noncoherent,0,9,float32_all,1,1,1,1,1,0,0,0,0
9,cp00p00_easy_noncoherent_t0009,9,9,120,formal_tps30,easy_noncoherent,0,9,float32_all,3,3,1,1,1,0,0,0,0
9,cp00p00_easy_noncoherent_t0009,9,9,120,formal_tps30,easy_noncoherent,0,9,float32_all,5,5,1,1,1,0,0,0,0
9,cp00p00_easy_noncoherent_t0009,9,9,120,formal_tps30,easy_noncoherent,0,9,float32_all,10,10,1,1,1,0,0,0,0
9,cp00p00_easy_noncoherent_t0009,9,9,120,formal_tps30,easy_noncoherent,0,9,combined_int16,1,1,1,1,1,0,0,0,0
9,cp00p00_easy_noncoherent_t0009,9,9,120,formal_tps30,easy_noncoherent,0,9,combined_int16,3,3,1,1,1,0,0,0,0
9,cp00p00_easy_noncoherent_t0009,9,9,120,formal_tps30,easy_noncoherent,0,9,combined_int16,5,5,1,1,1,0,0,0,0
9,cp00p00_easy_noncoherent_t0009,9,9,120,formal_tps30,easy_noncoherent,0,9,combined_int16,10,10,1,1,1,0,0,0,0
9,cp00p00_easy_noncoherent_t0009,9,9,120,formal_tps30,easy_noncoherent,0,9,combined_int18,1,1,1,1,1,0,0,0,0
9,cp00p00_easy_noncoherent_t0009,9,9,120,formal_tps30,easy_noncoherent,0,9,combined_int18,3,3,1,1,1,0,0,0,0
9,cp00p00_easy_noncoherent_t0009,9,9,120,formal_tps30,easy_noncoherent,0,9,combined_int18,5,5,1,1,1,0,0,0,0
9,cp00p00_easy_noncoherent_t0009,9,9,120,formal_tps30,easy_noncoherent,0,9,combined_int18,10,10,1,1,1,0,0,0,0
9,cp00p00_easy_noncoherent_t0009,9,9,120,formal_tps30,easy_noncoherent,0,9,combined_int24,1,1,1,1,1,0,0,0,0
9,cp00p00_easy_noncoherent_t0009,9,9,120,formal_tps30,easy_noncoherent,0,9,combined_int24,3,3,1,1,1,0,0,0,0
9,cp00p00_easy_noncoherent_t0009,9,9,120,formal_tps30,easy_noncoherent,0,9,combined_int24,5,5,1,1,1,0,0,0,0
9,cp00p00_easy_noncoherent_t0009,9,9,120,formal_tps30,easy_noncoherent,0,9,combined_int24,10,10,1,1,1,0,0,0,0
9,cp00p00_easy_noncoherent_t0009,9,9,120,formal_tps30,easy_noncoherent,0,9,mixed_Z16_G24_Rz24,1,1,1,1,1,0,0,0,0
9,cp00p00_easy_noncoherent_t0009,9,9,120,formal_tps30,easy_noncoherent,0,9,mixed_Z16_G24_Rz24,3,3,1,1,1,0,0,0,0
9,cp00p00_easy_noncoherent_t0009,9,9,120,formal_tps30,easy_noncoherent,0,9,mixed_Z16_G24_Rz24,5,5,1,1,1,0,0,0,0
9,cp00p00_easy_noncoherent_t0009,9,9,120,formal_tps30,easy_noncoherent,0,9,mixed_Z16_G24_Rz24,10,10,1,1,1,0,0,0,0
9,cp00p00_easy_noncoherent_t0009,9,9,120,formal_tps30,easy_noncoherent,0,9,combined_int14,1,1,1,1,1,0,0,0,0
9,cp00p00_easy_noncoherent_t0009,9,9,120,formal_tps30,easy_noncoherent,0,9,combined_int14,3,3,1,1,1,0,0,0,0
9,cp00p00_easy_noncoherent_t0009,9,9,120,formal_tps30,easy_noncoherent,0,9,combined_int14,5,5,1,1,1,0,0,0,0
9,cp00p00_easy_noncoherent_t0009,9,9,120,formal_tps30,easy_noncoherent,0,9,combined_int14,10,10,1,1,1,0,0,0,0
9,cp00p00_easy_noncoherent_t0009,9,9,120,formal_tps30,easy_noncoherent,0,9,W_int18_G24_Z16,1,1,1,1,1,0,0,0,0
9,cp00p00_easy_noncoherent_t0009,9,9,120,formal_tps30,easy_noncoherent,0,9,W_int18_G24_Z16,3,3,1,1,1,0,0,0,0
9,cp00p00_easy_noncoherent_t0009,9,9,120,formal_tps30,easy_noncoherent,0,9,W_int18_G24_Z16,5,5,1,1,1,0,0,0,0
9,cp00p00_easy_noncoherent_t0009,9,9,120,formal_tps30,easy_noncoherent,0,9,W_int18_G24_Z16,10,10,1,1,1,0,0,0,0
129,cp00p00_low_snr_hard_t0009,129,9,120,formal_tps30,low_snr_hard,0,9,double_baseline,1,1,1,1,1,0,0,0,0
129,cp00p00_low_snr_hard_t0009,129,9,120,formal_tps30,low_snr_hard,0,9,double_baseline,3,3,1,1,1,0,0,0,0
129,cp00p00_low_snr_hard_t0009,129,9,120,formal_tps30,low_snr_hard,0,9,double_baseline,5,5,1,1,1,0,0,0,0
129,cp00p00_low_snr_hard_t0009,129,9,120,formal_tps30,low_snr_hard,0,9,double_baseline,10,10,1,1,1,0,0,0,0
129,cp00p00_low_snr_hard_t0009,129,9,120,formal_tps30,low_snr_hard,0,9,float32_all,1,1,1,1,1,0,0,0,0
129,cp00p00_low_snr_hard_t0009,129,9,120,formal_tps30,low_snr_hard,0,9,float32_all,3,3,1,1,1,0,0,0,0
129,cp00p00_low_snr_hard_t0009,129,9,120,formal_tps30,low_snr_hard,0,9,float32_all,5,5,1,1,1,0,0,0,0
129,cp00p00_low_snr_hard_t0009,129,9,120,formal_tps30,low_snr_hard,0,9,float32_all,10,10,1,1,1,0,0,0,0
129,cp00p00_low_snr_hard_t0009,129,9,120,formal_tps30,low_snr_hard,0,9,combined_int16,1,1,1,1,1,0,0,0,0
129,cp00p00_low_snr_hard_t0009,129,9,120,formal_tps30,low_snr_hard,0,9,combined_int16,3,3,1,1,1,0,0,0,0
129,cp00p00_low_snr_hard_t0009,129,9,120,formal_tps30,low_snr_hard,0,9,combined_int16,5,5,1,1,1,0,0,0,0
129,cp00p00_low_snr_hard_t0009,129,9,120,formal_tps30,low_snr_hard,0,9,combined_int16,10,10,1,1,1,0,0,0,0
129,cp00p00_low_snr_hard_t0009,129,9,120,formal_tps30,low_snr_hard,0,9,combined_int18,1,1,1,1,1,0,0,0,0
129,cp00p00_low_snr_hard_t0009,129,9,120,formal_tps30,low_snr_hard,0,9,combined_int18,3,3,1,1,1,0,0,0,0
129,cp00p00_low_snr_hard_t0009,129,9,120,formal_tps30,low_snr_hard,0,9,combined_int18,5,5,1,1,1,0,0,0,0
129,cp00p00_low_snr_hard_t0009,129,9,120,formal_tps30,low_snr_hard,0,9,combined_int18,10,10,1,1,1,0,0,0,0
129,cp00p00_low_snr_hard_t0009,129,9,120,formal_tps30,low_snr_hard,0,9,combined_int24,1,1,1,1,1,0,0,0,0
129,cp00p00_low_snr_hard_t0009,129,9,120,formal_tps30,low_snr_hard,0,9,combined_int24,3,3,1,1,1,0,0,0,0
129,cp00p00_low_snr_hard_t0009,129,9,120,formal_tps30,low_snr_hard,0,9,combined_int24,5,5,1,1,1,0,0,0,0
129,cp00p00_low_snr_hard_t0009,129,9,120,formal_tps30,low_snr_hard,0,9,combined_int24,10,10,1,1,1,0,0,0,0
129,cp00p00_low_snr_hard_t0009,129,9,120,formal_tps30,low_snr_hard,0,9,mixed_Z16_G24_Rz24,1,1,1,1,1,0,0,0,0
129,cp00p00_low_snr_hard_t0009,129,9,120,formal_tps30,low_snr_hard,0,9,mixed_Z16_G24_Rz24,3,3,1,1,1,0,0,0,0
129,cp00p00_low_snr_hard_t0009,129,9,120,formal_tps30,low_snr_hard,0,9,mixed_Z16_G24_Rz24,5,5,1,1,1,0,0,0,0
129,cp00p00_low_snr_hard_t0009,129,9,120,formal_tps30,low_snr_hard,0,9,mixed_Z16_G24_Rz24,10,10,1,1,1,0,0,0,0
129,cp00p00_low_snr_hard_t0009,129,9,120,formal_tps30,low_snr_hard,0,9,combined_int14,1,1,1,1,1,0,0,0,0
129,cp00p00_low_snr_hard_t0009,129,9,120,formal_tps30,low_snr_hard,0,9,combined_int14,3,3,0,1,1,0,0,0,0
129,cp00p00_low_snr_hard_t0009,129,9,120,formal_tps30,low_snr_hard,0,9,combined_int14,5,5,0,1,1,0,0,0,0
129,cp00p00_low_snr_hard_t0009,129,9,120,formal_tps30,low_snr_hard,0,9,combined_int14,10,10,0,1,1,0,0,0,0
129,cp00p00_low_snr_hard_t0009,129,9,120,formal_tps30,low_snr_hard,0,9,W_int18_G24_Z16,1,1,1,1,1,0,0,0,0
129,cp00p00_low_snr_hard_t0009,129,9,120,formal_tps30,low_snr_hard,0,9,W_int18_G24_Z16,3,3,1,1,1,0,0,0,0
129,cp00p00_low_snr_hard_t0009,129,9,120,formal_tps30,low_snr_hard,0,9,W_int18_G24_Z16,5,5,1,1,1,0,0,0,0
129,cp00p00_low_snr_hard_t0009,129,9,120,formal_tps30,low_snr_hard,0,9,W_int18_G24_Z16,10,10,1,1,1,0,0,0,0
249,cp00p00_cache_boundary_center_t0009,249,9,120,formal_tps30,cache_boundary_center,0,9,double_baseline,1,1,1,1,1,0,0,1,1
249,cp00p00_cache_boundary_center_t0009,249,9,120,formal_tps30,cache_boundary_center,0,9,double_baseline,3,3,1,1,1,0,0,1,1
249,cp00p00_cache_boundary_center_t0009,249,9,120,formal_tps30,cache_boundary_center,0,9,double_baseline,5,5,1,1,1,0,0,1,1
249,cp00p00_cache_boundary_center_t0009,249,9,120,formal_tps30,cache_boundary_center,0,9,double_baseline,10,10,1,1,1,0,0,1,1
249,cp00p00_cache_boundary_center_t0009,249,9,120,formal_tps30,cache_boundary_center,0,9,float32_all,1,1,1,1,1,0,0,1,1
249,cp00p00_cache_boundary_center_t0009,249,9,120,formal_tps30,cache_boundary_center,0,9,float32_all,3,3,1,1,1,0,0,1,1
249,cp00p00_cache_boundary_center_t0009,249,9,120,formal_tps30,cache_boundary_center,0,9,float32_all,5,5,1,1,1,0,0,1,1
249,cp00p00_cache_boundary_center_t0009,249,9,120,formal_tps30,cache_boundary_center,0,9,float32_all,10,10,1,1,1,0,0,1,1
249,cp00p00_cache_boundary_center_t0009,249,9,120,formal_tps30,cache_boundary_center,0,9,combined_int16,1,1,1,1,1,0,0,1,1
249,cp00p00_cache_boundary_center_t0009,249,9,120,formal_tps30,cache_boundary_center,0,9,combined_int16,3,3,1,1,1,0,0,1,1
249,cp00p00_cache_boundary_center_t0009,249,9,120,formal_tps30,cache_boundary_center,0,9,combined_int16,5,5,1,1,1,0,0,1,1
249,cp00p00_cache_boundary_center_t0009,249,9,120,formal_tps30,cache_boundary_center,0,9,combined_int16,10,10,1,1,1,0,0,1,1
249,cp00p00_cache_boundary_center_t0009,249,9,120,formal_tps30,cache_boundary_center,0,9,combined_int18,1,1,1,1,1,0,0,1,1
249,cp00p00_cache_boundary_center_t0009,249,9,120,formal_tps30,cache_boundary_center,0,9,combined_int18,3,3,1,1,1,0,0,1,1
249,cp00p00_cache_boundary_center_t0009,249,9,120,formal_tps30,cache_boundary_center,0,9,combined_int18,5,5,1,1,1,0,0,1,1
249,cp00p00_cache_boundary_center_t0009,249,9,120,formal_tps30,cache_boundary_center,0,9,combined_int18,10,10,1,1,1,0,0,1,1
249,cp00p00_cache_boundary_center_t0009,249,9,120,formal_tps30,cache_boundary_center,0,9,combined_int24,1,1,1,1,1,0,0,1,1
249,cp00p00_cache_boundary_center_t0009,249,9,120,formal_tps30,cache_boundary_center,0,9,combined_int24,3,3,1,1,1,0,0,1,1
249,cp00p00_cache_boundary_center_t0009,249,9,120,formal_tps30,cache_boundary_center,0,9,combined_int24,5,5,1,1,1,0,0,1,1
249,cp00p00_cache_boundary_center_t0009,249,9,120,formal_tps30,cache_boundary_center,0,9,combined_int24,10,10,1,1,1,0,0,1,1
249,cp00p00_cache_boundary_center_t0009,249,9,120,formal_tps30,cache_boundary_center,0,9,mixed_Z16_G24_Rz24,1,1,1,1,1,0,0,1,1
249,cp00p00_cache_boundary_center_t0009,249,9,120,formal_tps30,cache_boundary_center,0,9,mixed_Z16_G24_Rz24,3,3,1,1,1,0,0,1,1
249,cp00p00_cache_boundary_center_t0009,249,9,120,formal_tps30,cache_boundary_center,0,9,mixed_Z16_G24_Rz24,5,5,1,1,1,0,0,1,1
249,cp00p00_cache_boundary_center_t0009,249,9,120,formal_tps30,cache_boundary_center,0,9,mixed_Z16_G24_Rz24,10,10,1,1,1,0,0,1,1
249,cp00p00_cache_boundary_center_t0009,249,9,120,formal_tps30,cache_boundary_center,0,9,combined_int14,1,1,1,1,1,0,0,1,1
249,cp00p00_cache_boundary_center_t0009,249,9,120,formal_tps30,cache_boundary_center,0,9,combined_int14,3,3,1,1,1,0,0,1,1
249,cp00p00_cache_boundary_center_t0009,249,9,120,formal_tps30,cache_boundary_center,0,9,combined_int14,5,5,1,1,1,0,0,1,1
249,cp00p00_cache_boundary_center_t0009,249,9,120,formal_tps30,cache_boundary_center,0,9,combined_int14,10,10,1,1,1,0,0,1,1
249,cp00p00_cache_boundary_center_t0009,249,9,120,formal_tps30,cache_boundary_center,0,9,W_int18_G24_Z16,1,1,1,1,1,0,0,1,1
249,cp00p00_cache_boundary_center_t0009,249,9,120,formal_tps30,cache_boundary_center,0,9,W_int18_G24_Z16,3,3,1,1,1,0,0,1,1
249,cp00p00_cache_boundary_center_t0009,249,9,120,formal_tps30,cache_boundary_center,0,9,W_int18_G24_Z16,5,5,1,1,1,0,0,1,1
249,cp00p00_cache_boundary_center_t0009,249,9,120,formal_tps30,cache_boundary_center,0,9,W_int18_G24_Z16,10,10,1,1,1,0,0,1,1
369,cp04p00_hard_phase_t0009,369,9,120,formal_tps30,hard_phase,3.75,9,double_baseline,1,1,1,1,1,0,0,1,1
369,cp04p00_hard_phase_t0009,369,9,120,formal_tps30,hard_phase,3.75,9,double_baseline,3,3,1,1,1,0,0,1,1
369,cp04p00_hard_phase_t0009,369,9,120,formal_tps30,hard_phase,3.75,9,double_baseline,5,5,1,1,1,0,0,1,1
369,cp04p00_hard_phase_t0009,369,9,120,formal_tps30,hard_phase,3.75,9,double_baseline,10,10,1,1,1,0,0,1,1
369,cp04p00_hard_phase_t0009,369,9,120,formal_tps30,hard_phase,3.75,9,float32_all,1,1,1,1,1,0,0,1,1
369,cp04p00_hard_phase_t0009,369,9,120,formal_tps30,hard_phase,3.75,9,float32_all,3,3,1,1,1,0,0,1,1
369,cp04p00_hard_phase_t0009,369,9,120,formal_tps30,hard_phase,3.75,9,float32_all,5,5,1,1,1,0,0,1,1
369,cp04p00_hard_phase_t0009,369,9,120,formal_tps30,hard_phase,3.75,9,float32_all,10,10,1,1,1,0,0,1,1
369,cp04p00_hard_phase_t0009,369,9,120,formal_tps30,hard_phase,3.75,9,combined_int16,1,1,1,1,1,0,0,1,1
369,cp04p00_hard_phase_t0009,369,9,120,formal_tps30,hard_phase,3.75,9,combined_int16,3,3,1,1,1,0,0,1,1
369,cp04p00_hard_phase_t0009,369,9,120,formal_tps30,hard_phase,3.75,9,combined_int16,5,5,1,1,1,0,0,1,1
369,cp04p00_hard_phase_t0009,369,9,120,formal_tps30,hard_phase,3.75,9,combined_int16,10,10,1,1,1,0,0,1,1
369,cp04p00_hard_phase_t0009,369,9,120,formal_tps30,hard_phase,3.75,9,combined_int18,1,1,1,1,1,0,0,1,1
369,cp04p00_hard_phase_t0009,369,9,120,formal_tps30,hard_phase,3.75,9,combined_int18,3,3,1,1,1,0,0,1,1
369,cp04p00_hard_phase_t0009,369,9,120,formal_tps30,hard_phase,3.75,9,combined_int18,5,5,1,1,1,0,0,1,1
369,cp04p00_hard_phase_t0009,369,9,120,formal_tps30,hard_phase,3.75,9,combined_int18,10,10,1,1,1,0,0,1,1
369,cp04p00_hard_phase_t0009,369,9,120,formal_tps30,hard_phase,3.75,9,combined_int24,1,1,1,1,1,0,0,1,1
369,cp04p00_hard_phase_t0009,369,9,120,formal_tps30,hard_phase,3.75,9,combined_int24,3,3,1,1,1,0,0,1,1
369,cp04p00_hard_phase_t0009,369,9,120,formal_tps30,hard_phase,3.75,9,combined_int24,5,5,1,1,1,0,0,1,1
369,cp04p00_hard_phase_t0009,369,9,120,formal_tps30,hard_phase,3.75,9,combined_int24,10,10,1,1,1,0,0,1,1
369,cp04p00_hard_phase_t0009,369,9,120,formal_tps30,hard_phase,3.75,9,mixed_Z16_G24_Rz24,1,1,1,1,1,0,0,1,1
369,cp04p00_hard_phase_t0009,369,9,120,formal_tps30,hard_phase,3.75,9,mixed_Z16_G24_Rz24,3,3,1,1,1,0,0,1,1
369,cp04p00_hard_phase_t0009,369,9,120,formal_tps30,hard_phase,3.75,9,mixed_Z16_G24_Rz24,5,5,1,1,1,0,0,1,1
369,cp04p00_hard_phase_t0009,369,9,120,formal_tps30,hard_phase,3.75,9,mixed_Z16_G24_Rz24,10,10,1,1,1,0,0,1,1
369,cp04p00_hard_phase_t0009,369,9,120,formal_tps30,hard_phase,3.75,9,combined_int14,1,1,1,1,1,0,0,1,1
369,cp04p00_hard_phase_t0009,369,9,120,formal_tps30,hard_phase,3.75,9,combined_int14,3,3,1,1,1,0,0,1,1
369,cp04p00_hard_phase_t0009,369,9,120,formal_tps30,hard_phase,3.75,9,combined_int14,5,5,1,1,1,0,0,1,1
369,cp04p00_hard_phase_t0009,369,9,120,formal_tps30,hard_phase,3.75,9,combined_int14,10,10,1,1,1,0,0,1,1
369,cp04p00_hard_phase_t0009,369,9,120,formal_tps30,hard_phase,3.75,9,W_int18_G24_Z16,1,1,1,1,1,0,0,1,1
369,cp04p00_hard_phase_t0009,369,9,120,formal_tps30,hard_phase,3.75,9,W_int18_G24_Z16,3,3,1,1,1,0,0,1,1
369,cp04p00_hard_phase_t0009,369,9,120,formal_tps30,hard_phase,3.75,9,W_int18_G24_Z16,5,5,1,1,1,0,0,1,1
369,cp04p00_hard_phase_t0009,369,9,120,formal_tps30,hard_phase,3.75,9,W_int18_G24_Z16,10,10,1,1,1,0,0,1,1
489,cp04p00_medium_beta_coherent_t0009,489,9,120,formal_tps30,medium_beta_coherent,3.75,9,double_baseline,1,1,1,1,1,0,0,1,1
489,cp04p00_medium_beta_coherent_t0009,489,9,120,formal_tps30,medium_beta_coherent,3.75,9,double_baseline,3,3,1,1,1,0,0,1,1
489,cp04p00_medium_beta_coherent_t0009,489,9,120,formal_tps30,medium_beta_coherent,3.75,9,double_baseline,5,5,1,1,1,0,0,1,1
489,cp04p00_medium_beta_coherent_t0009,489,9,120,formal_tps30,medium_beta_coherent,3.75,9,double_baseline,10,10,1,1,1,0,0,1,1
489,cp04p00_medium_beta_coherent_t0009,489,9,120,formal_tps30,medium_beta_coherent,3.75,9,float32_all,1,1,1,1,1,0,0,1,1
489,cp04p00_medium_beta_coherent_t0009,489,9,120,formal_tps30,medium_beta_coherent,3.75,9,float32_all,3,3,1,1,1,0,0,1,1
489,cp04p00_medium_beta_coherent_t0009,489,9,120,formal_tps30,medium_beta_coherent,3.75,9,float32_all,5,5,1,1,1,0,0,1,1
489,cp04p00_medium_beta_coherent_t0009,489,9,120,formal_tps30,medium_beta_coherent,3.75,9,float32_all,10,10,1,1,1,0,0,1,1
489,cp04p00_medium_beta_coherent_t0009,489,9,120,formal_tps30,medium_beta_coherent,3.75,9,combined_int16,1,1,1,1,1,0,0,1,1
489,cp04p00_medium_beta_coherent_t0009,489,9,120,formal_tps30,medium_beta_coherent,3.75,9,combined_int16,3,3,1,1,1,0,0,1,1
489,cp04p00_medium_beta_coherent_t0009,489,9,120,formal_tps30,medium_beta_coherent,3.75,9,combined_int16,5,5,1,1,1,0,0,1,1
489,cp04p00_medium_beta_coherent_t0009,489,9,120,formal_tps30,medium_beta_coherent,3.75,9,combined_int16,10,10,0,0,0.818181818181818,1,0.1,1,0
489,cp04p00_medium_beta_coherent_t0009,489,9,120,formal_tps30,medium_beta_coherent,3.75,9,combined_int18,1,1,1,1,1,0,0,1,1
489,cp04p00_medium_beta_coherent_t0009,489,9,120,formal_tps30,medium_beta_coherent,3.75,9,combined_int18,3,3,1,1,1,0,0,1,1
489,cp04p00_medium_beta_coherent_t0009,489,9,120,formal_tps30,medium_beta_coherent,3.75,9,combined_int18,5,5,1,1,1,0,0,1,1
489,cp04p00_medium_beta_coherent_t0009,489,9,120,formal_tps30,medium_beta_coherent,3.75,9,combined_int18,10,10,1,1,1,0,0,1,1
489,cp04p00_medium_beta_coherent_t0009,489,9,120,formal_tps30,medium_beta_coherent,3.75,9,combined_int24,1,1,1,1,1,0,0,1,1
489,cp04p00_medium_beta_coherent_t0009,489,9,120,formal_tps30,medium_beta_coherent,3.75,9,combined_int24,3,3,1,1,1,0,0,1,1
489,cp04p00_medium_beta_coherent_t0009,489,9,120,formal_tps30,medium_beta_coherent,3.75,9,combined_int24,5,5,1,1,1,0,0,1,1
489,cp04p00_medium_beta_coherent_t0009,489,9,120,formal_tps30,medium_beta_coherent,3.75,9,combined_int24,10,10,1,1,1,0,0,1,1
489,cp04p00_medium_beta_coherent_t0009,489,9,120,formal_tps30,medium_beta_coherent,3.75,9,mixed_Z16_G24_Rz24,1,1,1,1,1,0,0,1,1
489,cp04p00_medium_beta_coherent_t0009,489,9,120,formal_tps30,medium_beta_coherent,3.75,9,mixed_Z16_G24_Rz24,3,3,1,1,1,0,0,1,1
489,cp04p00_medium_beta_coherent_t0009,489,9,120,formal_tps30,medium_beta_coherent,3.75,9,mixed_Z16_G24_Rz24,5,5,1,1,1,0,0,1,1
489,cp04p00_medium_beta_coherent_t0009,489,9,120,formal_tps30,medium_beta_coherent,3.75,9,mixed_Z16_G24_Rz24,10,10,1,1,1,0,0,1,1
489,cp04p00_medium_beta_coherent_t0009,489,9,120,formal_tps30,medium_beta_coherent,3.75,9,combined_int14,1,1,1,1,1,0,0,1,1
489,cp04p00_medium_beta_coherent_t0009,489,9,120,formal_tps30,medium_beta_coherent,3.75,9,combined_int14,3,3,0,0,0.5,1,0.333333333333333,1,0
489,cp04p00_medium_beta_coherent_t0009,489,9,120,formal_tps30,medium_beta_coherent,3.75,9,combined_int14,5,5,0,1,1,0,0,1,1
489,cp04p00_medium_beta_coherent_t0009,489,9,120,formal_tps30,medium_beta_coherent,3.75,9,combined_int14,10,10,0,0,0.818181818181818,1,0.1,1,0
489,cp04p00_medium_beta_coherent_t0009,489,9,120,formal_tps30,medium_beta_coherent,3.75,9,W_int18_G24_Z16,1,1,1,1,1,0,0,1,1
489,cp04p00_medium_beta_coherent_t0009,489,9,120,formal_tps30,medium_beta_coherent,3.75,9,W_int18_G24_Z16,3,3,1,1,1,0,0,1,1
489,cp04p00_medium_beta_coherent_t0009,489,9,120,formal_tps30,medium_beta_coherent,3.75,9,W_int18_G24_Z16,5,5,1,1,1,0,0,1,1
489,cp04p00_medium_beta_coherent_t0009,489,9,120,formal_tps30,medium_beta_coherent,3.75,9,W_int18_G24_Z16,10,10,1,1,1,0,0,1,1
609,cp08p00_easy_noncoherent_t0009,609,9,120,formal_tps30,easy_noncoherent,7.5,9,double_baseline,1,1,1,1,1,0,0,0,0
609,cp08p00_easy_noncoherent_t0009,609,9,120,formal_tps30,easy_noncoherent,7.5,9,double_baseline,3,3,1,1,1,0,0,0,0
609,cp08p00_easy_noncoherent_t0009,609,9,120,formal_tps30,easy_noncoherent,7.5,9,double_baseline,5,5,1,1,1,0,0,0,0
609,cp08p00_easy_noncoherent_t0009,609,9,120,formal_tps30,easy_noncoherent,7.5,9,double_baseline,10,10,1,1,1,0,0,0,0
609,cp08p00_easy_noncoherent_t0009,609,9,120,formal_tps30,easy_noncoherent,7.5,9,float32_all,1,1,1,1,1,0,0,0,0
609,cp08p00_easy_noncoherent_t0009,609,9,120,formal_tps30,easy_noncoherent,7.5,9,float32_all,3,3,1,1,1,0,0,0,0
609,cp08p00_easy_noncoherent_t0009,609,9,120,formal_tps30,easy_noncoherent,7.5,9,float32_all,5,5,1,1,1,0,0,0,0
609,cp08p00_easy_noncoherent_t0009,609,9,120,formal_tps30,easy_noncoherent,7.5,9,float32_all,10,10,1,1,1,0,0,0,0
609,cp08p00_easy_noncoherent_t0009,609,9,120,formal_tps30,easy_noncoherent,7.5,9,combined_int16,1,1,1,1,1,0,0,0,0
609,cp08p00_easy_noncoherent_t0009,609,9,120,formal_tps30,easy_noncoherent,7.5,9,combined_int16,3,3,1,1,1,0,0,0,0
609,cp08p00_easy_noncoherent_t0009,609,9,120,formal_tps30,easy_noncoherent,7.5,9,combined_int16,5,5,1,1,1,0,0,0,0
609,cp08p00_easy_noncoherent_t0009,609,9,120,formal_tps30,easy_noncoherent,7.5,9,combined_int16,10,10,1,1,1,0,0,0,0
609,cp08p00_easy_noncoherent_t0009,609,9,120,formal_tps30,easy_noncoherent,7.5,9,combined_int18,1,1,1,1,1,0,0,0,0
609,cp08p00_easy_noncoherent_t0009,609,9,120,formal_tps30,easy_noncoherent,7.5,9,combined_int18,3,3,1,1,1,0,0,0,0
609,cp08p00_easy_noncoherent_t0009,609,9,120,formal_tps30,easy_noncoherent,7.5,9,combined_int18,5,5,1,1,1,0,0,0,0
609,cp08p00_easy_noncoherent_t0009,609,9,120,formal_tps30,easy_noncoherent,7.5,9,combined_int18,10,10,1,1,1,0,0,0,0
609,cp08p00_easy_noncoherent_t0009,609,9,120,formal_tps30,easy_noncoherent,7.5,9,combined_int24,1,1,1,1,1,0,0,0,0
609,cp08p00_easy_noncoherent_t0009,609,9,120,formal_tps30,easy_noncoherent,7.5,9,combined_int24,3,3,1,1,1,0,0,0,0
609,cp08p00_easy_noncoherent_t0009,609,9,120,formal_tps30,easy_noncoherent,7.5,9,combined_int24,5,5,1,1,1,0,0,0,0
609,cp08p00_easy_noncoherent_t0009,609,9,120,formal_tps30,easy_noncoherent,7.5,9,combined_int24,10,10,1,1,1,0,0,0,0
609,cp08p00_easy_noncoherent_t0009,609,9,120,formal_tps30,easy_noncoherent,7.5,9,mixed_Z16_G24_Rz24,1,1,1,1,1,0,0,0,0
609,cp08p00_easy_noncoherent_t0009,609,9,120,formal_tps30,easy_noncoherent,7.5,9,mixed_Z16_G24_Rz24,3,3,1,1,1,0,0,0,0
609,cp08p00_easy_noncoherent_t0009,609,9,120,formal_tps30,easy_noncoherent,7.5,9,mixed_Z16_G24_Rz24,5,5,1,1,1,0,0,0,0
609,cp08p00_easy_noncoherent_t0009,609,9,120,formal_tps30,easy_noncoherent,7.5,9,mixed_Z16_G24_Rz24,10,10,1,1,1,0,0,0,0
609,cp08p00_easy_noncoherent_t0009,609,9,120,formal_tps30,easy_noncoherent,7.5,9,combined_int14,1,1,1,1,1,0,0,0,0
609,cp08p00_easy_noncoherent_t0009,609,9,120,formal_tps30,easy_noncoherent,7.5,9,combined_int14,3,3,1,1,1,0,0,0,0
609,cp08p00_easy_noncoherent_t0009,609,9,120,formal_tps30,easy_noncoherent,7.5,9,combined_int14,5,5,1,1,1,0,0,0,0
609,cp08p00_easy_noncoherent_t0009,609,9,120,formal_tps30,easy_noncoherent,7.5,9,combined_int14,10,10,0,1,1,0,0,0,0
609,cp08p00_easy_noncoherent_t0009,609,9,120,formal_tps30,easy_noncoherent,7.5,9,W_int18_G24_Z16,1,1,1,1,1,0,0,0,0
609,cp08p00_easy_noncoherent_t0009,609,9,120,formal_tps30,easy_noncoherent,7.5,9,W_int18_G24_Z16,3,3,1,1,1,0,0,0,0
609,cp08p00_easy_noncoherent_t0009,609,9,120,formal_tps30,easy_noncoherent,7.5,9,W_int18_G24_Z16,5,5,1,1,1,0,0,0,0
609,cp08p00_easy_noncoherent_t0009,609,9,120,formal_tps30,easy_noncoherent,7.5,9,W_int18_G24_Z16,10,10,1,1,1,0,0,0,0
729,cp08p00_low_snr_hard_t0009,729,9,120,formal_tps30,low_snr_hard,7.5,9,double_baseline,1,1,1,1,1,0,0,0,0
729,cp08p00_low_snr_hard_t0009,729,9,120,formal_tps30,low_snr_hard,7.5,9,double_baseline,3,3,1,1,1,0,0,0,0
729,cp08p00_low_snr_hard_t0009,729,9,120,formal_tps30,low_snr_hard,7.5,9,double_baseline,5,5,1,1,1,0,0,0,0
729,cp08p00_low_snr_hard_t0009,729,9,120,formal_tps30,low_snr_hard,7.5,9,double_baseline,10,10,1,1,1,0,0,0,0
729,cp08p00_low_snr_hard_t0009,729,9,120,formal_tps30,low_snr_hard,7.5,9,float32_all,1,1,1,1,1,0,0,0,0
729,cp08p00_low_snr_hard_t0009,729,9,120,formal_tps30,low_snr_hard,7.5,9,float32_all,3,3,1,1,1,0,0,0,0
729,cp08p00_low_snr_hard_t0009,729,9,120,formal_tps30,low_snr_hard,7.5,9,float32_all,5,5,1,1,1,0,0,0,0
729,cp08p00_low_snr_hard_t0009,729,9,120,formal_tps30,low_snr_hard,7.5,9,float32_all,10,10,1,1,1,0,0,0,0
729,cp08p00_low_snr_hard_t0009,729,9,120,formal_tps30,low_snr_hard,7.5,9,combined_int16,1,1,1,1,1,0,0,0,0
729,cp08p00_low_snr_hard_t0009,729,9,120,formal_tps30,low_snr_hard,7.5,9,combined_int16,3,3,1,1,1,0,0,0,0
729,cp08p00_low_snr_hard_t0009,729,9,120,formal_tps30,low_snr_hard,7.5,9,combined_int16,5,5,1,1,1,0,0,0,0
729,cp08p00_low_snr_hard_t0009,729,9,120,formal_tps30,low_snr_hard,7.5,9,combined_int16,10,10,1,1,1,0,0,0,0
729,cp08p00_low_snr_hard_t0009,729,9,120,formal_tps30,low_snr_hard,7.5,9,combined_int18,1,1,1,1,1,0,0,0,0
729,cp08p00_low_snr_hard_t0009,729,9,120,formal_tps30,low_snr_hard,7.5,9,combined_int18,3,3,1,1,1,0,0,0,0
729,cp08p00_low_snr_hard_t0009,729,9,120,formal_tps30,low_snr_hard,7.5,9,combined_int18,5,5,1,1,1,0,0,0,0
729,cp08p00_low_snr_hard_t0009,729,9,120,formal_tps30,low_snr_hard,7.5,9,combined_int18,10,10,1,1,1,0,0,0,0
729,cp08p00_low_snr_hard_t0009,729,9,120,formal_tps30,low_snr_hard,7.5,9,combined_int24,1,1,1,1,1,0,0,0,0
729,cp08p00_low_snr_hard_t0009,729,9,120,formal_tps30,low_snr_hard,7.5,9,combined_int24,3,3,1,1,1,0,0,0,0
729,cp08p00_low_snr_hard_t0009,729,9,120,formal_tps30,low_snr_hard,7.5,9,combined_int24,5,5,1,1,1,0,0,0,0
729,cp08p00_low_snr_hard_t0009,729,9,120,formal_tps30,low_snr_hard,7.5,9,combined_int24,10,10,1,1,1,0,0,0,0
729,cp08p00_low_snr_hard_t0009,729,9,120,formal_tps30,low_snr_hard,7.5,9,mixed_Z16_G24_Rz24,1,1,1,1,1,0,0,0,0
729,cp08p00_low_snr_hard_t0009,729,9,120,formal_tps30,low_snr_hard,7.5,9,mixed_Z16_G24_Rz24,3,3,1,1,1,0,0,0,0
729,cp08p00_low_snr_hard_t0009,729,9,120,formal_tps30,low_snr_hard,7.5,9,mixed_Z16_G24_Rz24,5,5,1,1,1,0,0,0,0
729,cp08p00_low_snr_hard_t0009,729,9,120,formal_tps30,low_snr_hard,7.5,9,mixed_Z16_G24_Rz24,10,10,1,1,1,0,0,0,0
729,cp08p00_low_snr_hard_t0009,729,9,120,formal_tps30,low_snr_hard,7.5,9,combined_int14,1,1,1,1,1,0,0,0,0
729,cp08p00_low_snr_hard_t0009,729,9,120,formal_tps30,low_snr_hard,7.5,9,combined_int14,3,3,0,1,1,0,0,0,0
729,cp08p00_low_snr_hard_t0009,729,9,120,formal_tps30,low_snr_hard,7.5,9,combined_int14,5,5,0,1,1,0,0,0,0
729,cp08p00_low_snr_hard_t0009,729,9,120,formal_tps30,low_snr_hard,7.5,9,combined_int14,10,10,0,1,1,0,0,0,0
729,cp08p00_low_snr_hard_t0009,729,9,120,formal_tps30,low_snr_hard,7.5,9,W_int18_G24_Z16,1,1,1,1,1,0,0,0,0
729,cp08p00_low_snr_hard_t0009,729,9,120,formal_tps30,low_snr_hard,7.5,9,W_int18_G24_Z16,3,3,1,1,1,0,0,0,0
729,cp08p00_low_snr_hard_t0009,729,9,120,formal_tps30,low_snr_hard,7.5,9,W_int18_G24_Z16,5,5,1,1,1,0,0,0,0
729,cp08p00_low_snr_hard_t0009,729,9,120,formal_tps30,low_snr_hard,7.5,9,W_int18_G24_Z16,10,10,1,1,1,0,0,0,0
849,cp08p00_cache_boundary_center_t0009,849,9,120,formal_tps30,cache_boundary_center,7.5,9,double_baseline,1,1,1,1,1,0,0,1,1
849,cp08p00_cache_boundary_center_t0009,849,9,120,formal_tps30,cache_boundary_center,7.5,9,double_baseline,3,3,1,1,1,0,0,1,1
849,cp08p00_cache_boundary_center_t0009,849,9,120,formal_tps30,cache_boundary_center,7.5,9,double_baseline,5,5,1,1,1,0,0,1,1
849,cp08p00_cache_boundary_center_t0009,849,9,120,formal_tps30,cache_boundary_center,7.5,9,double_baseline,10,10,1,1,1,0,0,1,1
849,cp08p00_cache_boundary_center_t0009,849,9,120,formal_tps30,cache_boundary_center,7.5,9,float32_all,1,1,1,1,1,0,0,1,1
849,cp08p00_cache_boundary_center_t0009,849,9,120,formal_tps30,cache_boundary_center,7.5,9,float32_all,3,3,1,1,1,0,0,1,1
849,cp08p00_cache_boundary_center_t0009,849,9,120,formal_tps30,cache_boundary_center,7.5,9,float32_all,5,5,1,1,1,0,0,1,1
849,cp08p00_cache_boundary_center_t0009,849,9,120,formal_tps30,cache_boundary_center,7.5,9,float32_all,10,10,1,1,1,0,0,1,1
849,cp08p00_cache_boundary_center_t0009,849,9,120,formal_tps30,cache_boundary_center,7.5,9,combined_int16,1,1,1,1,1,0,0,1,1
849,cp08p00_cache_boundary_center_t0009,849,9,120,formal_tps30,cache_boundary_center,7.5,9,combined_int16,3,3,1,1,1,0,0,1,1
849,cp08p00_cache_boundary_center_t0009,849,9,120,formal_tps30,cache_boundary_center,7.5,9,combined_int16,5,5,1,1,1,0,0,1,1
849,cp08p00_cache_boundary_center_t0009,849,9,120,formal_tps30,cache_boundary_center,7.5,9,combined_int16,10,10,1,1,1,0,0,1,1
849,cp08p00_cache_boundary_center_t0009,849,9,120,formal_tps30,cache_boundary_center,7.5,9,combined_int18,1,1,1,1,1,0,0,1,1
849,cp08p00_cache_boundary_center_t0009,849,9,120,formal_tps30,cache_boundary_center,7.5,9,combined_int18,3,3,1,1,1,0,0,1,1
849,cp08p00_cache_boundary_center_t0009,849,9,120,formal_tps30,cache_boundary_center,7.5,9,combined_int18,5,5,1,1,1,0,0,1,1
849,cp08p00_cache_boundary_center_t0009,849,9,120,formal_tps30,cache_boundary_center,7.5,9,combined_int18,10,10,1,1,1,0,0,1,1
849,cp08p00_cache_boundary_center_t0009,849,9,120,formal_tps30,cache_boundary_center,7.5,9,combined_int24,1,1,1,1,1,0,0,1,1
849,cp08p00_cache_boundary_center_t0009,849,9,120,formal_tps30,cache_boundary_center,7.5,9,combined_int24,3,3,1,1,1,0,0,1,1
849,cp08p00_cache_boundary_center_t0009,849,9,120,formal_tps30,cache_boundary_center,7.5,9,combined_int24,5,5,1,1,1,0,0,1,1
849,cp08p00_cache_boundary_center_t0009,849,9,120,formal_tps30,cache_boundary_center,7.5,9,combined_int24,10,10,1,1,1,0,0,1,1
849,cp08p00_cache_boundary_center_t0009,849,9,120,formal_tps30,cache_boundary_center,7.5,9,mixed_Z16_G24_Rz24,1,1,1,1,1,0,0,1,1
849,cp08p00_cache_boundary_center_t0009,849,9,120,formal_tps30,cache_boundary_center,7.5,9,mixed_Z16_G24_Rz24,3,3,1,1,1,0,0,1,1
849,cp08p00_cache_boundary_center_t0009,849,9,120,formal_tps30,cache_boundary_center,7.5,9,mixed_Z16_G24_Rz24,5,5,1,1,1,0,0,1,1
849,cp08p00_cache_boundary_center_t0009,849,9,120,formal_tps30,cache_boundary_center,7.5,9,mixed_Z16_G24_Rz24,10,10,1,1,1,0,0,1,1
849,cp08p00_cache_boundary_center_t0009,849,9,120,formal_tps30,cache_boundary_center,7.5,9,combined_int14,1,1,1,1,1,0,0,1,1
849,cp08p00_cache_boundary_center_t0009,849,9,120,formal_tps30,cache_boundary_center,7.5,9,combined_int14,3,3,1,1,1,0,0,1,1
849,cp08p00_cache_boundary_center_t0009,849,9,120,formal_tps30,cache_boundary_center,7.5,9,combined_int14,5,5,1,1,1,0,0,1,1
849,cp08p00_cache_boundary_center_t0009,849,9,120,formal_tps30,cache_boundary_center,7.5,9,combined_int14,10,10,1,1,1,0,0,1,1
849,cp08p00_cache_boundary_center_t0009,849,9,120,formal_tps30,cache_boundary_center,7.5,9,W_int18_G24_Z16,1,1,1,1,1,0,0,1,1
849,cp08p00_cache_boundary_center_t0009,849,9,120,formal_tps30,cache_boundary_center,7.5,9,W_int18_G24_Z16,3,3,1,1,1,0,0,1,1
849,cp08p00_cache_boundary_center_t0009,849,9,120,formal_tps30,cache_boundary_center,7.5,9,W_int18_G24_Z16,5,5,1,1,1,0,0,1,1
849,cp08p00_cache_boundary_center_t0009,849,9,120,formal_tps30,cache_boundary_center,7.5,9,W_int18_G24_Z16,10,10,1,1,1,0,0,1,1
969,cp15p00_hard_phase_t0009,969,9,120,formal_tps30,hard_phase,15,9,double_baseline,1,1,1,1,1,0,0,1,1
969,cp15p00_hard_phase_t0009,969,9,120,formal_tps30,hard_phase,15,9,double_baseline,3,3,1,1,1,0,0,1,1
969,cp15p00_hard_phase_t0009,969,9,120,formal_tps30,hard_phase,15,9,double_baseline,5,5,1,1,1,0,0,1,1
969,cp15p00_hard_phase_t0009,969,9,120,formal_tps30,hard_phase,15,9,double_baseline,10,10,1,1,1,0,0,1,1
969,cp15p00_hard_phase_t0009,969,9,120,formal_tps30,hard_phase,15,9,float32_all,1,1,1,1,1,0,0,1,1
969,cp15p00_hard_phase_t0009,969,9,120,formal_tps30,hard_phase,15,9,float32_all,3,3,1,1,1,0,0,1,1
969,cp15p00_hard_phase_t0009,969,9,120,formal_tps30,hard_phase,15,9,float32_all,5,5,1,1,1,0,0,1,1
969,cp15p00_hard_phase_t0009,969,9,120,formal_tps30,hard_phase,15,9,float32_all,10,10,1,1,1,0,0,1,1
969,cp15p00_hard_phase_t0009,969,9,120,formal_tps30,hard_phase,15,9,combined_int16,1,1,1,1,1,0,0,1,1
969,cp15p00_hard_phase_t0009,969,9,120,formal_tps30,hard_phase,15,9,combined_int16,3,3,1,1,1,0,0,1,1
969,cp15p00_hard_phase_t0009,969,9,120,formal_tps30,hard_phase,15,9,combined_int16,5,5,1,1,1,0,0,1,1
969,cp15p00_hard_phase_t0009,969,9,120,formal_tps30,hard_phase,15,9,combined_int16,10,10,1,1,1,0,0,1,1
969,cp15p00_hard_phase_t0009,969,9,120,formal_tps30,hard_phase,15,9,combined_int18,1,1,1,1,1,0,0,1,1
969,cp15p00_hard_phase_t0009,969,9,120,formal_tps30,hard_phase,15,9,combined_int18,3,3,1,1,1,0,0,1,1
969,cp15p00_hard_phase_t0009,969,9,120,formal_tps30,hard_phase,15,9,combined_int18,5,5,1,1,1,0,0,1,1
969,cp15p00_hard_phase_t0009,969,9,120,formal_tps30,hard_phase,15,9,combined_int18,10,10,1,1,1,0,0,1,1
969,cp15p00_hard_phase_t0009,969,9,120,formal_tps30,hard_phase,15,9,combined_int24,1,1,1,1,1,0,0,1,1
969,cp15p00_hard_phase_t0009,969,9,120,formal_tps30,hard_phase,15,9,combined_int24,3,3,1,1,1,0,0,1,1
969,cp15p00_hard_phase_t0009,969,9,120,formal_tps30,hard_phase,15,9,combined_int24,5,5,1,1,1,0,0,1,1
969,cp15p00_hard_phase_t0009,969,9,120,formal_tps30,hard_phase,15,9,combined_int24,10,10,1,1,1,0,0,1,1
969,cp15p00_hard_phase_t0009,969,9,120,formal_tps30,hard_phase,15,9,mixed_Z16_G24_Rz24,1,1,1,1,1,0,0,1,1
969,cp15p00_hard_phase_t0009,969,9,120,formal_tps30,hard_phase,15,9,mixed_Z16_G24_Rz24,3,3,1,1,1,0,0,1,1
969,cp15p00_hard_phase_t0009,969,9,120,formal_tps30,hard_phase,15,9,mixed_Z16_G24_Rz24,5,5,1,1,1,0,0,1,1
969,cp15p00_hard_phase_t0009,969,9,120,formal_tps30,hard_phase,15,9,mixed_Z16_G24_Rz24,10,10,1,1,1,0,0,1,1
969,cp15p00_hard_phase_t0009,969,9,120,formal_tps30,hard_phase,15,9,combined_int14,1,1,1,1,1,0,0,1,1
969,cp15p00_hard_phase_t0009,969,9,120,formal_tps30,hard_phase,15,9,combined_int14,3,3,1,1,1,0,0,1,1
969,cp15p00_hard_phase_t0009,969,9,120,formal_tps30,hard_phase,15,9,combined_int14,5,5,1,1,1,0,0,1,1
969,cp15p00_hard_phase_t0009,969,9,120,formal_tps30,hard_phase,15,9,combined_int14,10,10,1,1,1,0,0,1,1
969,cp15p00_hard_phase_t0009,969,9,120,formal_tps30,hard_phase,15,9,W_int18_G24_Z16,1,1,1,1,1,0,0,1,1
969,cp15p00_hard_phase_t0009,969,9,120,formal_tps30,hard_phase,15,9,W_int18_G24_Z16,3,3,1,1,1,0,0,1,1
969,cp15p00_hard_phase_t0009,969,9,120,formal_tps30,hard_phase,15,9,W_int18_G24_Z16,5,5,1,1,1,0,0,1,1
969,cp15p00_hard_phase_t0009,969,9,120,formal_tps30,hard_phase,15,9,W_int18_G24_Z16,10,10,1,1,1,0,0,1,1
1089,cp15p00_medium_beta_coherent_t0009,1089,9,120,formal_tps30,medium_beta_coherent,15,9,double_baseline,1,1,1,1,1,0,0,1,1
1089,cp15p00_medium_beta_coherent_t0009,1089,9,120,formal_tps30,medium_beta_coherent,15,9,double_baseline,3,3,1,1,1,0,0,1,1
1089,cp15p00_medium_beta_coherent_t0009,1089,9,120,formal_tps30,medium_beta_coherent,15,9,double_baseline,5,5,1,1,1,0,0,1,1
1089,cp15p00_medium_beta_coherent_t0009,1089,9,120,formal_tps30,medium_beta_coherent,15,9,double_baseline,10,10,1,1,1,0,0,1,1
1089,cp15p00_medium_beta_coherent_t0009,1089,9,120,formal_tps30,medium_beta_coherent,15,9,float32_all,1,1,1,1,1,0,0,1,1
1089,cp15p00_medium_beta_coherent_t0009,1089,9,120,formal_tps30,medium_beta_coherent,15,9,float32_all,3,3,1,1,1,0,0,1,1
1089,cp15p00_medium_beta_coherent_t0009,1089,9,120,formal_tps30,medium_beta_coherent,15,9,float32_all,5,5,1,1,1,0,0,1,1
1089,cp15p00_medium_beta_coherent_t0009,1089,9,120,formal_tps30,medium_beta_coherent,15,9,float32_all,10,10,1,1,1,0,0,1,1
1089,cp15p00_medium_beta_coherent_t0009,1089,9,120,formal_tps30,medium_beta_coherent,15,9,combined_int16,1,1,1,1,1,0,0,1,1
1089,cp15p00_medium_beta_coherent_t0009,1089,9,120,formal_tps30,medium_beta_coherent,15,9,combined_int16,3,3,0,0,0.5,1,0.333333333333333,1,0
1089,cp15p00_medium_beta_coherent_t0009,1089,9,120,formal_tps30,medium_beta_coherent,15,9,combined_int16,5,5,0,1,1,0,0,1,1
1089,cp15p00_medium_beta_coherent_t0009,1089,9,120,formal_tps30,medium_beta_coherent,15,9,combined_int16,10,10,0,1,1,0,0,1,1
1089,cp15p00_medium_beta_coherent_t0009,1089,9,120,formal_tps30,medium_beta_coherent,15,9,combined_int18,1,1,1,1,1,0,0,1,1
1089,cp15p00_medium_beta_coherent_t0009,1089,9,120,formal_tps30,medium_beta_coherent,15,9,combined_int18,3,3,0,0,0.5,1,0.333333333333333,1,0
1089,cp15p00_medium_beta_coherent_t0009,1089,9,120,formal_tps30,medium_beta_coherent,15,9,combined_int18,5,5,0,1,1,0,0,1,1
1089,cp15p00_medium_beta_coherent_t0009,1089,9,120,formal_tps30,medium_beta_coherent,15,9,combined_int18,10,10,0,1,1,0,0,1,1
1089,cp15p00_medium_beta_coherent_t0009,1089,9,120,formal_tps30,medium_beta_coherent,15,9,combined_int24,1,1,1,1,1,0,0,1,1
1089,cp15p00_medium_beta_coherent_t0009,1089,9,120,formal_tps30,medium_beta_coherent,15,9,combined_int24,3,3,1,1,1,0,0,1,1
1089,cp15p00_medium_beta_coherent_t0009,1089,9,120,formal_tps30,medium_beta_coherent,15,9,combined_int24,5,5,1,1,1,0,0,1,1
1089,cp15p00_medium_beta_coherent_t0009,1089,9,120,formal_tps30,medium_beta_coherent,15,9,combined_int24,10,10,1,1,1,0,0,1,1
1089,cp15p00_medium_beta_coherent_t0009,1089,9,120,formal_tps30,medium_beta_coherent,15,9,mixed_Z16_G24_Rz24,1,1,1,1,1,0,0,1,1
1089,cp15p00_medium_beta_coherent_t0009,1089,9,120,formal_tps30,medium_beta_coherent,15,9,mixed_Z16_G24_Rz24,3,3,1,1,1,0,0,1,1
1089,cp15p00_medium_beta_coherent_t0009,1089,9,120,formal_tps30,medium_beta_coherent,15,9,mixed_Z16_G24_Rz24,5,5,1,1,1,0,0,1,1
1089,cp15p00_medium_beta_coherent_t0009,1089,9,120,formal_tps30,medium_beta_coherent,15,9,mixed_Z16_G24_Rz24,10,10,1,1,1,0,0,1,1
1089,cp15p00_medium_beta_coherent_t0009,1089,9,120,formal_tps30,medium_beta_coherent,15,9,combined_int14,1,1,1,1,1,0,0,1,1
1089,cp15p00_medium_beta_coherent_t0009,1089,9,120,formal_tps30,medium_beta_coherent,15,9,combined_int14,3,3,0,0,0.5,1,0.333333333333333,1,0
1089,cp15p00_medium_beta_coherent_t0009,1089,9,120,formal_tps30,medium_beta_coherent,15,9,combined_int14,5,5,0,1,1,0,0,1,1
1089,cp15p00_medium_beta_coherent_t0009,1089,9,120,formal_tps30,medium_beta_coherent,15,9,combined_int14,10,10,0,1,1,0,0,1,1
1089,cp15p00_medium_beta_coherent_t0009,1089,9,120,formal_tps30,medium_beta_coherent,15,9,W_int18_G24_Z16,1,1,1,1,1,0,0,1,1
1089,cp15p00_medium_beta_coherent_t0009,1089,9,120,formal_tps30,medium_beta_coherent,15,9,W_int18_G24_Z16,3,3,1,1,1,0,0,1,1
1089,cp15p00_medium_beta_coherent_t0009,1089,9,120,formal_tps30,medium_beta_coherent,15,9,W_int18_G24_Z16,5,5,1,1,1,0,0,1,1
1089,cp15p00_medium_beta_coherent_t0009,1089,9,120,formal_tps30,medium_beta_coherent,15,9,W_int18_G24_Z16,10,10,1,1,1,0,0,1,1
10,cp00p00_easy_noncoherent_t0010,10,10,120,formal_tps30,easy_noncoherent,0,10,double_baseline,1,1,1,1,1,0,0,1,1
10,cp00p00_easy_noncoherent_t0010,10,10,120,formal_tps30,easy_noncoherent,0,10,double_baseline,3,3,1,1,1,0,0,1,1
10,cp00p00_easy_noncoherent_t0010,10,10,120,formal_tps30,easy_noncoherent,0,10,double_baseline,5,5,1,1,1,0,0,1,1
10,cp00p00_easy_noncoherent_t0010,10,10,120,formal_tps30,easy_noncoherent,0,10,double_baseline,10,10,1,1,1,0,0,1,1
10,cp00p00_easy_noncoherent_t0010,10,10,120,formal_tps30,easy_noncoherent,0,10,float32_all,1,1,1,1,1,0,0,1,1
10,cp00p00_easy_noncoherent_t0010,10,10,120,formal_tps30,easy_noncoherent,0,10,float32_all,3,3,1,1,1,0,0,1,1
10,cp00p00_easy_noncoherent_t0010,10,10,120,formal_tps30,easy_noncoherent,0,10,float32_all,5,5,1,1,1,0,0,1,1
10,cp00p00_easy_noncoherent_t0010,10,10,120,formal_tps30,easy_noncoherent,0,10,float32_all,10,10,1,1,1,0,0,1,1
10,cp00p00_easy_noncoherent_t0010,10,10,120,formal_tps30,easy_noncoherent,0,10,combined_int16,1,1,1,1,1,0,0,1,1
10,cp00p00_easy_noncoherent_t0010,10,10,120,formal_tps30,easy_noncoherent,0,10,combined_int16,3,3,1,1,1,0,0,1,1
10,cp00p00_easy_noncoherent_t0010,10,10,120,formal_tps30,easy_noncoherent,0,10,combined_int16,5,5,1,1,1,0,0,1,1
10,cp00p00_easy_noncoherent_t0010,10,10,120,formal_tps30,easy_noncoherent,0,10,combined_int16,10,10,1,1,1,0,0,1,1
10,cp00p00_easy_noncoherent_t0010,10,10,120,formal_tps30,easy_noncoherent,0,10,combined_int18,1,1,1,1,1,0,0,1,1
10,cp00p00_easy_noncoherent_t0010,10,10,120,formal_tps30,easy_noncoherent,0,10,combined_int18,3,3,1,1,1,0,0,1,1
10,cp00p00_easy_noncoherent_t0010,10,10,120,formal_tps30,easy_noncoherent,0,10,combined_int18,5,5,1,1,1,0,0,1,1
10,cp00p00_easy_noncoherent_t0010,10,10,120,formal_tps30,easy_noncoherent,0,10,combined_int18,10,10,1,1,1,0,0,1,1
10,cp00p00_easy_noncoherent_t0010,10,10,120,formal_tps30,easy_noncoherent,0,10,combined_int24,1,1,1,1,1,0,0,1,1
10,cp00p00_easy_noncoherent_t0010,10,10,120,formal_tps30,easy_noncoherent,0,10,combined_int24,3,3,1,1,1,0,0,1,1
10,cp00p00_easy_noncoherent_t0010,10,10,120,formal_tps30,easy_noncoherent,0,10,combined_int24,5,5,1,1,1,0,0,1,1
10,cp00p00_easy_noncoherent_t0010,10,10,120,formal_tps30,easy_noncoherent,0,10,combined_int24,10,10,1,1,1,0,0,1,1
10,cp00p00_easy_noncoherent_t0010,10,10,120,formal_tps30,easy_noncoherent,0,10,mixed_Z16_G24_Rz24,1,1,1,1,1,0,0,1,1
10,cp00p00_easy_noncoherent_t0010,10,10,120,formal_tps30,easy_noncoherent,0,10,mixed_Z16_G24_Rz24,3,3,1,1,1,0,0,1,1
10,cp00p00_easy_noncoherent_t0010,10,10,120,formal_tps30,easy_noncoherent,0,10,mixed_Z16_G24_Rz24,5,5,1,1,1,0,0,1,1
10,cp00p00_easy_noncoherent_t0010,10,10,120,formal_tps30,easy_noncoherent,0,10,mixed_Z16_G24_Rz24,10,10,1,1,1,0,0,1,1
10,cp00p00_easy_noncoherent_t0010,10,10,120,formal_tps30,easy_noncoherent,0,10,combined_int14,1,1,1,1,1,0,0,1,1
10,cp00p00_easy_noncoherent_t0010,10,10,120,formal_tps30,easy_noncoherent,0,10,combined_int14,3,3,1,1,1,0,0,1,1
10,cp00p00_easy_noncoherent_t0010,10,10,120,formal_tps30,easy_noncoherent,0,10,combined_int14,5,5,1,1,1,0,0,1,1
10,cp00p00_easy_noncoherent_t0010,10,10,120,formal_tps30,easy_noncoherent,0,10,combined_int14,10,10,1,1,1,0,0,1,1
10,cp00p00_easy_noncoherent_t0010,10,10,120,formal_tps30,easy_noncoherent,0,10,W_int18_G24_Z16,1,1,1,1,1,0,0,1,1
10,cp00p00_easy_noncoherent_t0010,10,10,120,formal_tps30,easy_noncoherent,0,10,W_int18_G24_Z16,3,3,1,1,1,0,0,1,1
10,cp00p00_easy_noncoherent_t0010,10,10,120,formal_tps30,easy_noncoherent,0,10,W_int18_G24_Z16,5,5,1,1,1,0,0,1,1
10,cp00p00_easy_noncoherent_t0010,10,10,120,formal_tps30,easy_noncoherent,0,10,W_int18_G24_Z16,10,10,1,1,1,0,0,1,1
130,cp00p00_low_snr_hard_t0010,130,10,120,formal_tps30,low_snr_hard,0,10,double_baseline,1,1,1,1,1,0,0,0,0
130,cp00p00_low_snr_hard_t0010,130,10,120,formal_tps30,low_snr_hard,0,10,double_baseline,3,3,1,1,1,0,0,0,0
130,cp00p00_low_snr_hard_t0010,130,10,120,formal_tps30,low_snr_hard,0,10,double_baseline,5,5,1,1,1,0,0,0,0
130,cp00p00_low_snr_hard_t0010,130,10,120,formal_tps30,low_snr_hard,0,10,double_baseline,10,10,1,1,1,0,0,0,0
130,cp00p00_low_snr_hard_t0010,130,10,120,formal_tps30,low_snr_hard,0,10,float32_all,1,1,1,1,1,0,0,0,0
130,cp00p00_low_snr_hard_t0010,130,10,120,formal_tps30,low_snr_hard,0,10,float32_all,3,3,1,1,1,0,0,0,0
130,cp00p00_low_snr_hard_t0010,130,10,120,formal_tps30,low_snr_hard,0,10,float32_all,5,5,1,1,1,0,0,0,0
130,cp00p00_low_snr_hard_t0010,130,10,120,formal_tps30,low_snr_hard,0,10,float32_all,10,10,1,1,1,0,0,0,0
130,cp00p00_low_snr_hard_t0010,130,10,120,formal_tps30,low_snr_hard,0,10,combined_int16,1,1,1,1,1,0,0,0,0
130,cp00p00_low_snr_hard_t0010,130,10,120,formal_tps30,low_snr_hard,0,10,combined_int16,3,3,1,1,1,0,0,0,0
130,cp00p00_low_snr_hard_t0010,130,10,120,formal_tps30,low_snr_hard,0,10,combined_int16,5,5,0,0,0.666666666666667,1,0.2,0,0
130,cp00p00_low_snr_hard_t0010,130,10,120,formal_tps30,low_snr_hard,0,10,combined_int16,10,10,0,1,1,0,0,0,0
130,cp00p00_low_snr_hard_t0010,130,10,120,formal_tps30,low_snr_hard,0,10,combined_int18,1,1,1,1,1,0,0,0,0
130,cp00p00_low_snr_hard_t0010,130,10,120,formal_tps30,low_snr_hard,0,10,combined_int18,3,3,1,1,1,0,0,0,0
130,cp00p00_low_snr_hard_t0010,130,10,120,formal_tps30,low_snr_hard,0,10,combined_int18,5,5,1,1,1,0,0,0,0
130,cp00p00_low_snr_hard_t0010,130,10,120,formal_tps30,low_snr_hard,0,10,combined_int18,10,10,1,1,1,0,0,0,0
130,cp00p00_low_snr_hard_t0010,130,10,120,formal_tps30,low_snr_hard,0,10,combined_int24,1,1,1,1,1,0,0,0,0
130,cp00p00_low_snr_hard_t0010,130,10,120,formal_tps30,low_snr_hard,0,10,combined_int24,3,3,1,1,1,0,0,0,0
130,cp00p00_low_snr_hard_t0010,130,10,120,formal_tps30,low_snr_hard,0,10,combined_int24,5,5,1,1,1,0,0,0,0
130,cp00p00_low_snr_hard_t0010,130,10,120,formal_tps30,low_snr_hard,0,10,combined_int24,10,10,1,1,1,0,0,0,0
130,cp00p00_low_snr_hard_t0010,130,10,120,formal_tps30,low_snr_hard,0,10,mixed_Z16_G24_Rz24,1,1,1,1,1,0,0,0,0
130,cp00p00_low_snr_hard_t0010,130,10,120,formal_tps30,low_snr_hard,0,10,mixed_Z16_G24_Rz24,3,3,1,1,1,0,0,0,0
130,cp00p00_low_snr_hard_t0010,130,10,120,formal_tps30,low_snr_hard,0,10,mixed_Z16_G24_Rz24,5,5,1,1,1,0,0,0,0
130,cp00p00_low_snr_hard_t0010,130,10,120,formal_tps30,low_snr_hard,0,10,mixed_Z16_G24_Rz24,10,10,1,1,1,0,0,0,0
130,cp00p00_low_snr_hard_t0010,130,10,120,formal_tps30,low_snr_hard,0,10,combined_int14,1,1,1,1,1,0,0,0,0
130,cp00p00_low_snr_hard_t0010,130,10,120,formal_tps30,low_snr_hard,0,10,combined_int14,3,3,1,1,1,0,0,0,0
130,cp00p00_low_snr_hard_t0010,130,10,120,formal_tps30,low_snr_hard,0,10,combined_int14,5,5,0,0,0.666666666666667,1,0.2,0,0
130,cp00p00_low_snr_hard_t0010,130,10,120,formal_tps30,low_snr_hard,0,10,combined_int14,10,10,0,1,1,0,0,0,0
130,cp00p00_low_snr_hard_t0010,130,10,120,formal_tps30,low_snr_hard,0,10,W_int18_G24_Z16,1,1,1,1,1,0,0,0,0
130,cp00p00_low_snr_hard_t0010,130,10,120,formal_tps30,low_snr_hard,0,10,W_int18_G24_Z16,3,3,1,1,1,0,0,0,0
130,cp00p00_low_snr_hard_t0010,130,10,120,formal_tps30,low_snr_hard,0,10,W_int18_G24_Z16,5,5,1,1,1,0,0,0,0
130,cp00p00_low_snr_hard_t0010,130,10,120,formal_tps30,low_snr_hard,0,10,W_int18_G24_Z16,10,10,1,1,1,0,0,0,0
250,cp00p00_cache_boundary_center_t0010,250,10,120,formal_tps30,cache_boundary_center,0,10,double_baseline,1,1,1,1,1,0,0,1,1
250,cp00p00_cache_boundary_center_t0010,250,10,120,formal_tps30,cache_boundary_center,0,10,double_baseline,3,3,1,1,1,0,0,1,1
250,cp00p00_cache_boundary_center_t0010,250,10,120,formal_tps30,cache_boundary_center,0,10,double_baseline,5,5,1,1,1,0,0,1,1
250,cp00p00_cache_boundary_center_t0010,250,10,120,formal_tps30,cache_boundary_center,0,10,double_baseline,10,10,1,1,1,0,0,1,1
250,cp00p00_cache_boundary_center_t0010,250,10,120,formal_tps30,cache_boundary_center,0,10,float32_all,1,1,1,1,1,0,0,1,1
250,cp00p00_cache_boundary_center_t0010,250,10,120,formal_tps30,cache_boundary_center,0,10,float32_all,3,3,1,1,1,0,0,1,1
250,cp00p00_cache_boundary_center_t0010,250,10,120,formal_tps30,cache_boundary_center,0,10,float32_all,5,5,1,1,1,0,0,1,1
250,cp00p00_cache_boundary_center_t0010,250,10,120,formal_tps30,cache_boundary_center,0,10,float32_all,10,10,1,1,1,0,0,1,1
250,cp00p00_cache_boundary_center_t0010,250,10,120,formal_tps30,cache_boundary_center,0,10,combined_int16,1,1,1,1,1,0,0,1,1
250,cp00p00_cache_boundary_center_t0010,250,10,120,formal_tps30,cache_boundary_center,0,10,combined_int16,3,3,1,1,1,0,0,1,1
250,cp00p00_cache_boundary_center_t0010,250,10,120,formal_tps30,cache_boundary_center,0,10,combined_int16,5,5,1,1,1,0,0,1,1
250,cp00p00_cache_boundary_center_t0010,250,10,120,formal_tps30,cache_boundary_center,0,10,combined_int16,10,10,1,1,1,0,0,1,1
250,cp00p00_cache_boundary_center_t0010,250,10,120,formal_tps30,cache_boundary_center,0,10,combined_int18,1,1,1,1,1,0,0,1,1
250,cp00p00_cache_boundary_center_t0010,250,10,120,formal_tps30,cache_boundary_center,0,10,combined_int18,3,3,1,1,1,0,0,1,1
250,cp00p00_cache_boundary_center_t0010,250,10,120,formal_tps30,cache_boundary_center,0,10,combined_int18,5,5,1,1,1,0,0,1,1
250,cp00p00_cache_boundary_center_t0010,250,10,120,formal_tps30,cache_boundary_center,0,10,combined_int18,10,10,1,1,1,0,0,1,1
250,cp00p00_cache_boundary_center_t0010,250,10,120,formal_tps30,cache_boundary_center,0,10,combined_int24,1,1,1,1,1,0,0,1,1
250,cp00p00_cache_boundary_center_t0010,250,10,120,formal_tps30,cache_boundary_center,0,10,combined_int24,3,3,1,1,1,0,0,1,1
250,cp00p00_cache_boundary_center_t0010,250,10,120,formal_tps30,cache_boundary_center,0,10,combined_int24,5,5,1,1,1,0,0,1,1
250,cp00p00_cache_boundary_center_t0010,250,10,120,formal_tps30,cache_boundary_center,0,10,combined_int24,10,10,1,1,1,0,0,1,1
250,cp00p00_cache_boundary_center_t0010,250,10,120,formal_tps30,cache_boundary_center,0,10,mixed_Z16_G24_Rz24,1,1,1,1,1,0,0,1,1
250,cp00p00_cache_boundary_center_t0010,250,10,120,formal_tps30,cache_boundary_center,0,10,mixed_Z16_G24_Rz24,3,3,1,1,1,0,0,1,1
250,cp00p00_cache_boundary_center_t0010,250,10,120,formal_tps30,cache_boundary_center,0,10,mixed_Z16_G24_Rz24,5,5,1,1,1,0,0,1,1
250,cp00p00_cache_boundary_center_t0010,250,10,120,formal_tps30,cache_boundary_center,0,10,mixed_Z16_G24_Rz24,10,10,1,1,1,0,0,1,1
250,cp00p00_cache_boundary_center_t0010,250,10,120,formal_tps30,cache_boundary_center,0,10,combined_int14,1,1,1,1,1,0,0,1,1
250,cp00p00_cache_boundary_center_t0010,250,10,120,formal_tps30,cache_boundary_center,0,10,combined_int14,3,3,1,1,1,0,0,1,1
250,cp00p00_cache_boundary_center_t0010,250,10,120,formal_tps30,cache_boundary_center,0,10,combined_int14,5,5,1,1,1,0,0,1,1
250,cp00p00_cache_boundary_center_t0010,250,10,120,formal_tps30,cache_boundary_center,0,10,combined_int14,10,10,1,1,1,0,0,1,1
250,cp00p00_cache_boundary_center_t0010,250,10,120,formal_tps30,cache_boundary_center,0,10,W_int18_G24_Z16,1,1,1,1,1,0,0,1,1
250,cp00p00_cache_boundary_center_t0010,250,10,120,formal_tps30,cache_boundary_center,0,10,W_int18_G24_Z16,3,3,1,1,1,0,0,1,1
250,cp00p00_cache_boundary_center_t0010,250,10,120,formal_tps30,cache_boundary_center,0,10,W_int18_G24_Z16,5,5,1,1,1,0,0,1,1
250,cp00p00_cache_boundary_center_t0010,250,10,120,formal_tps30,cache_boundary_center,0,10,W_int18_G24_Z16,10,10,1,1,1,0,0,1,1
370,cp04p00_hard_phase_t0010,370,10,120,formal_tps30,hard_phase,3.75,10,double_baseline,1,1,1,1,1,0,0,1,1
370,cp04p00_hard_phase_t0010,370,10,120,formal_tps30,hard_phase,3.75,10,double_baseline,3,3,1,1,1,0,0,1,1
370,cp04p00_hard_phase_t0010,370,10,120,formal_tps30,hard_phase,3.75,10,double_baseline,5,5,1,1,1,0,0,1,1
370,cp04p00_hard_phase_t0010,370,10,120,formal_tps30,hard_phase,3.75,10,double_baseline,10,10,1,1,1,0,0,1,1
370,cp04p00_hard_phase_t0010,370,10,120,formal_tps30,hard_phase,3.75,10,float32_all,1,1,1,1,1,0,0,1,1
370,cp04p00_hard_phase_t0010,370,10,120,formal_tps30,hard_phase,3.75,10,float32_all,3,3,1,1,1,0,0,1,1
370,cp04p00_hard_phase_t0010,370,10,120,formal_tps30,hard_phase,3.75,10,float32_all,5,5,1,1,1,0,0,1,1
370,cp04p00_hard_phase_t0010,370,10,120,formal_tps30,hard_phase,3.75,10,float32_all,10,10,1,1,1,0,0,1,1
370,cp04p00_hard_phase_t0010,370,10,120,formal_tps30,hard_phase,3.75,10,combined_int16,1,1,1,1,1,0,0,1,1
370,cp04p00_hard_phase_t0010,370,10,120,formal_tps30,hard_phase,3.75,10,combined_int16,3,3,1,1,1,0,0,1,1
370,cp04p00_hard_phase_t0010,370,10,120,formal_tps30,hard_phase,3.75,10,combined_int16,5,5,1,1,1,0,0,1,1
370,cp04p00_hard_phase_t0010,370,10,120,formal_tps30,hard_phase,3.75,10,combined_int16,10,10,1,1,1,0,0,1,1
370,cp04p00_hard_phase_t0010,370,10,120,formal_tps30,hard_phase,3.75,10,combined_int18,1,1,1,1,1,0,0,1,1
370,cp04p00_hard_phase_t0010,370,10,120,formal_tps30,hard_phase,3.75,10,combined_int18,3,3,1,1,1,0,0,1,1
370,cp04p00_hard_phase_t0010,370,10,120,formal_tps30,hard_phase,3.75,10,combined_int18,5,5,1,1,1,0,0,1,1
370,cp04p00_hard_phase_t0010,370,10,120,formal_tps30,hard_phase,3.75,10,combined_int18,10,10,1,1,1,0,0,1,1
370,cp04p00_hard_phase_t0010,370,10,120,formal_tps30,hard_phase,3.75,10,combined_int24,1,1,1,1,1,0,0,1,1
370,cp04p00_hard_phase_t0010,370,10,120,formal_tps30,hard_phase,3.75,10,combined_int24,3,3,1,1,1,0,0,1,1
370,cp04p00_hard_phase_t0010,370,10,120,formal_tps30,hard_phase,3.75,10,combined_int24,5,5,1,1,1,0,0,1,1
370,cp04p00_hard_phase_t0010,370,10,120,formal_tps30,hard_phase,3.75,10,combined_int24,10,10,1,1,1,0,0,1,1
370,cp04p00_hard_phase_t0010,370,10,120,formal_tps30,hard_phase,3.75,10,mixed_Z16_G24_Rz24,1,1,1,1,1,0,0,1,1
370,cp04p00_hard_phase_t0010,370,10,120,formal_tps30,hard_phase,3.75,10,mixed_Z16_G24_Rz24,3,3,1,1,1,0,0,1,1
370,cp04p00_hard_phase_t0010,370,10,120,formal_tps30,hard_phase,3.75,10,mixed_Z16_G24_Rz24,5,5,1,1,1,0,0,1,1
370,cp04p00_hard_phase_t0010,370,10,120,formal_tps30,hard_phase,3.75,10,mixed_Z16_G24_Rz24,10,10,1,1,1,0,0,1,1
370,cp04p00_hard_phase_t0010,370,10,120,formal_tps30,hard_phase,3.75,10,combined_int14,1,1,1,1,1,0,0,1,1
370,cp04p00_hard_phase_t0010,370,10,120,formal_tps30,hard_phase,3.75,10,combined_int14,3,3,1,1,1,0,0,1,1
370,cp04p00_hard_phase_t0010,370,10,120,formal_tps30,hard_phase,3.75,10,combined_int14,5,5,1,1,1,0,0,1,1
370,cp04p00_hard_phase_t0010,370,10,120,formal_tps30,hard_phase,3.75,10,combined_int14,10,10,1,1,1,0,0,1,1
370,cp04p00_hard_phase_t0010,370,10,120,formal_tps30,hard_phase,3.75,10,W_int18_G24_Z16,1,1,1,1,1,0,0,1,1
370,cp04p00_hard_phase_t0010,370,10,120,formal_tps30,hard_phase,3.75,10,W_int18_G24_Z16,3,3,1,1,1,0,0,1,1
370,cp04p00_hard_phase_t0010,370,10,120,formal_tps30,hard_phase,3.75,10,W_int18_G24_Z16,5,5,1,1,1,0,0,1,1
370,cp04p00_hard_phase_t0010,370,10,120,formal_tps30,hard_phase,3.75,10,W_int18_G24_Z16,10,10,1,1,1,0,0,1,1
490,cp04p00_medium_beta_coherent_t0010,490,10,120,formal_tps30,medium_beta_coherent,3.75,10,double_baseline,1,1,1,1,1,0,0,0,0
490,cp04p00_medium_beta_coherent_t0010,490,10,120,formal_tps30,medium_beta_coherent,3.75,10,double_baseline,3,3,1,1,1,0,0,0,0
490,cp04p00_medium_beta_coherent_t0010,490,10,120,formal_tps30,medium_beta_coherent,3.75,10,double_baseline,5,5,1,1,1,0,0,0,0
490,cp04p00_medium_beta_coherent_t0010,490,10,120,formal_tps30,medium_beta_coherent,3.75,10,double_baseline,10,10,1,1,1,0,0,0,0
490,cp04p00_medium_beta_coherent_t0010,490,10,120,formal_tps30,medium_beta_coherent,3.75,10,float32_all,1,1,1,1,1,0,0,0,0
490,cp04p00_medium_beta_coherent_t0010,490,10,120,formal_tps30,medium_beta_coherent,3.75,10,float32_all,3,3,1,1,1,0,0,0,0
490,cp04p00_medium_beta_coherent_t0010,490,10,120,formal_tps30,medium_beta_coherent,3.75,10,float32_all,5,5,1,1,1,0,0,0,0
490,cp04p00_medium_beta_coherent_t0010,490,10,120,formal_tps30,medium_beta_coherent,3.75,10,float32_all,10,10,1,1,1,0,0,0,0
490,cp04p00_medium_beta_coherent_t0010,490,10,120,formal_tps30,medium_beta_coherent,3.75,10,combined_int16,1,1,1,1,1,0,0,0,0
490,cp04p00_medium_beta_coherent_t0010,490,10,120,formal_tps30,medium_beta_coherent,3.75,10,combined_int16,3,3,1,1,1,0,0,0,0
490,cp04p00_medium_beta_coherent_t0010,490,10,120,formal_tps30,medium_beta_coherent,3.75,10,combined_int16,5,5,1,1,1,0,0,0,0
490,cp04p00_medium_beta_coherent_t0010,490,10,120,formal_tps30,medium_beta_coherent,3.75,10,combined_int16,10,10,1,1,1,0,0,0,0
490,cp04p00_medium_beta_coherent_t0010,490,10,120,formal_tps30,medium_beta_coherent,3.75,10,combined_int18,1,1,1,1,1,0,0,0,0
490,cp04p00_medium_beta_coherent_t0010,490,10,120,formal_tps30,medium_beta_coherent,3.75,10,combined_int18,3,3,1,1,1,0,0,0,0
490,cp04p00_medium_beta_coherent_t0010,490,10,120,formal_tps30,medium_beta_coherent,3.75,10,combined_int18,5,5,1,1,1,0,0,0,0
490,cp04p00_medium_beta_coherent_t0010,490,10,120,formal_tps30,medium_beta_coherent,3.75,10,combined_int18,10,10,1,1,1,0,0,0,0
490,cp04p00_medium_beta_coherent_t0010,490,10,120,formal_tps30,medium_beta_coherent,3.75,10,combined_int24,1,1,1,1,1,0,0,0,0
490,cp04p00_medium_beta_coherent_t0010,490,10,120,formal_tps30,medium_beta_coherent,3.75,10,combined_int24,3,3,1,1,1,0,0,0,0
490,cp04p00_medium_beta_coherent_t0010,490,10,120,formal_tps30,medium_beta_coherent,3.75,10,combined_int24,5,5,1,1,1,0,0,0,0
490,cp04p00_medium_beta_coherent_t0010,490,10,120,formal_tps30,medium_beta_coherent,3.75,10,combined_int24,10,10,1,1,1,0,0,0,0
490,cp04p00_medium_beta_coherent_t0010,490,10,120,formal_tps30,medium_beta_coherent,3.75,10,mixed_Z16_G24_Rz24,1,1,1,1,1,0,0,0,0
490,cp04p00_medium_beta_coherent_t0010,490,10,120,formal_tps30,medium_beta_coherent,3.75,10,mixed_Z16_G24_Rz24,3,3,1,1,1,0,0,0,0
490,cp04p00_medium_beta_coherent_t0010,490,10,120,formal_tps30,medium_beta_coherent,3.75,10,mixed_Z16_G24_Rz24,5,5,1,1,1,0,0,0,0
490,cp04p00_medium_beta_coherent_t0010,490,10,120,formal_tps30,medium_beta_coherent,3.75,10,mixed_Z16_G24_Rz24,10,10,1,1,1,0,0,0,0
490,cp04p00_medium_beta_coherent_t0010,490,10,120,formal_tps30,medium_beta_coherent,3.75,10,combined_int14,1,1,1,1,1,0,0,0,0
490,cp04p00_medium_beta_coherent_t0010,490,10,120,formal_tps30,medium_beta_coherent,3.75,10,combined_int14,3,3,1,1,1,0,0,0,0
490,cp04p00_medium_beta_coherent_t0010,490,10,120,formal_tps30,medium_beta_coherent,3.75,10,combined_int14,5,5,1,1,1,0,0,0,0
490,cp04p00_medium_beta_coherent_t0010,490,10,120,formal_tps30,medium_beta_coherent,3.75,10,combined_int14,10,10,1,1,1,0,0,0,0
490,cp04p00_medium_beta_coherent_t0010,490,10,120,formal_tps30,medium_beta_coherent,3.75,10,W_int18_G24_Z16,1,1,1,1,1,0,0,0,0
490,cp04p00_medium_beta_coherent_t0010,490,10,120,formal_tps30,medium_beta_coherent,3.75,10,W_int18_G24_Z16,3,3,1,1,1,0,0,0,0
490,cp04p00_medium_beta_coherent_t0010,490,10,120,formal_tps30,medium_beta_coherent,3.75,10,W_int18_G24_Z16,5,5,1,1,1,0,0,0,0
490,cp04p00_medium_beta_coherent_t0010,490,10,120,formal_tps30,medium_beta_coherent,3.75,10,W_int18_G24_Z16,10,10,1,1,1,0,0,0,0
610,cp08p00_easy_noncoherent_t0010,610,10,120,formal_tps30,easy_noncoherent,7.5,10,double_baseline,1,1,1,1,1,0,0,1,1
610,cp08p00_easy_noncoherent_t0010,610,10,120,formal_tps30,easy_noncoherent,7.5,10,double_baseline,3,3,1,1,1,0,0,1,1
610,cp08p00_easy_noncoherent_t0010,610,10,120,formal_tps30,easy_noncoherent,7.5,10,double_baseline,5,5,1,1,1,0,0,1,1
610,cp08p00_easy_noncoherent_t0010,610,10,120,formal_tps30,easy_noncoherent,7.5,10,double_baseline,10,10,1,1,1,0,0,1,1
610,cp08p00_easy_noncoherent_t0010,610,10,120,formal_tps30,easy_noncoherent,7.5,10,float32_all,1,1,1,1,1,0,0,1,1
610,cp08p00_easy_noncoherent_t0010,610,10,120,formal_tps30,easy_noncoherent,7.5,10,float32_all,3,3,1,1,1,0,0,1,1
610,cp08p00_easy_noncoherent_t0010,610,10,120,formal_tps30,easy_noncoherent,7.5,10,float32_all,5,5,1,1,1,0,0,1,1
610,cp08p00_easy_noncoherent_t0010,610,10,120,formal_tps30,easy_noncoherent,7.5,10,float32_all,10,10,1,1,1,0,0,1,1
610,cp08p00_easy_noncoherent_t0010,610,10,120,formal_tps30,easy_noncoherent,7.5,10,combined_int16,1,1,1,1,1,0,0,1,1
610,cp08p00_easy_noncoherent_t0010,610,10,120,formal_tps30,easy_noncoherent,7.5,10,combined_int16,3,3,1,1,1,0,0,1,1
610,cp08p00_easy_noncoherent_t0010,610,10,120,formal_tps30,easy_noncoherent,7.5,10,combined_int16,5,5,1,1,1,0,0,1,1
610,cp08p00_easy_noncoherent_t0010,610,10,120,formal_tps30,easy_noncoherent,7.5,10,combined_int16,10,10,1,1,1,0,0,1,1
610,cp08p00_easy_noncoherent_t0010,610,10,120,formal_tps30,easy_noncoherent,7.5,10,combined_int18,1,1,1,1,1,0,0,1,1
610,cp08p00_easy_noncoherent_t0010,610,10,120,formal_tps30,easy_noncoherent,7.5,10,combined_int18,3,3,1,1,1,0,0,1,1
610,cp08p00_easy_noncoherent_t0010,610,10,120,formal_tps30,easy_noncoherent,7.5,10,combined_int18,5,5,1,1,1,0,0,1,1
610,cp08p00_easy_noncoherent_t0010,610,10,120,formal_tps30,easy_noncoherent,7.5,10,combined_int18,10,10,1,1,1,0,0,1,1
610,cp08p00_easy_noncoherent_t0010,610,10,120,formal_tps30,easy_noncoherent,7.5,10,combined_int24,1,1,1,1,1,0,0,1,1
610,cp08p00_easy_noncoherent_t0010,610,10,120,formal_tps30,easy_noncoherent,7.5,10,combined_int24,3,3,1,1,1,0,0,1,1
610,cp08p00_easy_noncoherent_t0010,610,10,120,formal_tps30,easy_noncoherent,7.5,10,combined_int24,5,5,1,1,1,0,0,1,1
610,cp08p00_easy_noncoherent_t0010,610,10,120,formal_tps30,easy_noncoherent,7.5,10,combined_int24,10,10,1,1,1,0,0,1,1
610,cp08p00_easy_noncoherent_t0010,610,10,120,formal_tps30,easy_noncoherent,7.5,10,mixed_Z16_G24_Rz24,1,1,1,1,1,0,0,1,1
610,cp08p00_easy_noncoherent_t0010,610,10,120,formal_tps30,easy_noncoherent,7.5,10,mixed_Z16_G24_Rz24,3,3,1,1,1,0,0,1,1
610,cp08p00_easy_noncoherent_t0010,610,10,120,formal_tps30,easy_noncoherent,7.5,10,mixed_Z16_G24_Rz24,5,5,1,1,1,0,0,1,1
610,cp08p00_easy_noncoherent_t0010,610,10,120,formal_tps30,easy_noncoherent,7.5,10,mixed_Z16_G24_Rz24,10,10,1,1,1,0,0,1,1
610,cp08p00_easy_noncoherent_t0010,610,10,120,formal_tps30,easy_noncoherent,7.5,10,combined_int14,1,1,1,1,1,0,0,1,1
610,cp08p00_easy_noncoherent_t0010,610,10,120,formal_tps30,easy_noncoherent,7.5,10,combined_int14,3,3,1,1,1,0,0,1,1
610,cp08p00_easy_noncoherent_t0010,610,10,120,formal_tps30,easy_noncoherent,7.5,10,combined_int14,5,5,1,1,1,0,0,1,1
610,cp08p00_easy_noncoherent_t0010,610,10,120,formal_tps30,easy_noncoherent,7.5,10,combined_int14,10,10,1,1,1,0,0,1,1
610,cp08p00_easy_noncoherent_t0010,610,10,120,formal_tps30,easy_noncoherent,7.5,10,W_int18_G24_Z16,1,1,1,1,1,0,0,1,1
610,cp08p00_easy_noncoherent_t0010,610,10,120,formal_tps30,easy_noncoherent,7.5,10,W_int18_G24_Z16,3,3,1,1,1,0,0,1,1
610,cp08p00_easy_noncoherent_t0010,610,10,120,formal_tps30,easy_noncoherent,7.5,10,W_int18_G24_Z16,5,5,1,1,1,0,0,1,1
610,cp08p00_easy_noncoherent_t0010,610,10,120,formal_tps30,easy_noncoherent,7.5,10,W_int18_G24_Z16,10,10,1,1,1,0,0,1,1
730,cp08p00_low_snr_hard_t0010,730,10,120,formal_tps30,low_snr_hard,7.5,10,double_baseline,1,1,1,1,1,0,0,0,0
730,cp08p00_low_snr_hard_t0010,730,10,120,formal_tps30,low_snr_hard,7.5,10,double_baseline,3,3,1,1,1,0,0,0,0
730,cp08p00_low_snr_hard_t0010,730,10,120,formal_tps30,low_snr_hard,7.5,10,double_baseline,5,5,1,1,1,0,0,0,0
730,cp08p00_low_snr_hard_t0010,730,10,120,formal_tps30,low_snr_hard,7.5,10,double_baseline,10,10,1,1,1,0,0,0,0
730,cp08p00_low_snr_hard_t0010,730,10,120,formal_tps30,low_snr_hard,7.5,10,float32_all,1,1,1,1,1,0,0,0,0
730,cp08p00_low_snr_hard_t0010,730,10,120,formal_tps30,low_snr_hard,7.5,10,float32_all,3,3,1,1,1,0,0,0,0
730,cp08p00_low_snr_hard_t0010,730,10,120,formal_tps30,low_snr_hard,7.5,10,float32_all,5,5,1,1,1,0,0,0,0
730,cp08p00_low_snr_hard_t0010,730,10,120,formal_tps30,low_snr_hard,7.5,10,float32_all,10,10,1,1,1,0,0,0,0
730,cp08p00_low_snr_hard_t0010,730,10,120,formal_tps30,low_snr_hard,7.5,10,combined_int16,1,1,1,1,1,0,0,0,0
730,cp08p00_low_snr_hard_t0010,730,10,120,formal_tps30,low_snr_hard,7.5,10,combined_int16,3,3,1,1,1,0,0,0,0
730,cp08p00_low_snr_hard_t0010,730,10,120,formal_tps30,low_snr_hard,7.5,10,combined_int16,5,5,1,1,1,0,0,0,0
730,cp08p00_low_snr_hard_t0010,730,10,120,formal_tps30,low_snr_hard,7.5,10,combined_int16,10,10,1,1,1,0,0,0,0
730,cp08p00_low_snr_hard_t0010,730,10,120,formal_tps30,low_snr_hard,7.5,10,combined_int18,1,1,1,1,1,0,0,0,0
730,cp08p00_low_snr_hard_t0010,730,10,120,formal_tps30,low_snr_hard,7.5,10,combined_int18,3,3,1,1,1,0,0,0,0
730,cp08p00_low_snr_hard_t0010,730,10,120,formal_tps30,low_snr_hard,7.5,10,combined_int18,5,5,1,1,1,0,0,0,0
730,cp08p00_low_snr_hard_t0010,730,10,120,formal_tps30,low_snr_hard,7.5,10,combined_int18,10,10,1,1,1,0,0,0,0
730,cp08p00_low_snr_hard_t0010,730,10,120,formal_tps30,low_snr_hard,7.5,10,combined_int24,1,1,1,1,1,0,0,0,0
730,cp08p00_low_snr_hard_t0010,730,10,120,formal_tps30,low_snr_hard,7.5,10,combined_int24,3,3,1,1,1,0,0,0,0
730,cp08p00_low_snr_hard_t0010,730,10,120,formal_tps30,low_snr_hard,7.5,10,combined_int24,5,5,1,1,1,0,0,0,0
730,cp08p00_low_snr_hard_t0010,730,10,120,formal_tps30,low_snr_hard,7.5,10,combined_int24,10,10,1,1,1,0,0,0,0
730,cp08p00_low_snr_hard_t0010,730,10,120,formal_tps30,low_snr_hard,7.5,10,mixed_Z16_G24_Rz24,1,1,1,1,1,0,0,0,0
730,cp08p00_low_snr_hard_t0010,730,10,120,formal_tps30,low_snr_hard,7.5,10,mixed_Z16_G24_Rz24,3,3,1,1,1,0,0,0,0
730,cp08p00_low_snr_hard_t0010,730,10,120,formal_tps30,low_snr_hard,7.5,10,mixed_Z16_G24_Rz24,5,5,1,1,1,0,0,0,0
730,cp08p00_low_snr_hard_t0010,730,10,120,formal_tps30,low_snr_hard,7.5,10,mixed_Z16_G24_Rz24,10,10,1,1,1,0,0,0,0
730,cp08p00_low_snr_hard_t0010,730,10,120,formal_tps30,low_snr_hard,7.5,10,combined_int14,1,1,1,1,1,0,0,0,0
730,cp08p00_low_snr_hard_t0010,730,10,120,formal_tps30,low_snr_hard,7.5,10,combined_int14,3,3,1,1,1,0,0,0,0
730,cp08p00_low_snr_hard_t0010,730,10,120,formal_tps30,low_snr_hard,7.5,10,combined_int14,5,5,1,1,1,0,0,0,0
730,cp08p00_low_snr_hard_t0010,730,10,120,formal_tps30,low_snr_hard,7.5,10,combined_int14,10,10,1,1,1,0,0,0,0
730,cp08p00_low_snr_hard_t0010,730,10,120,formal_tps30,low_snr_hard,7.5,10,W_int18_G24_Z16,1,1,1,1,1,0,0,0,0
730,cp08p00_low_snr_hard_t0010,730,10,120,formal_tps30,low_snr_hard,7.5,10,W_int18_G24_Z16,3,3,1,1,1,0,0,0,0
730,cp08p00_low_snr_hard_t0010,730,10,120,formal_tps30,low_snr_hard,7.5,10,W_int18_G24_Z16,5,5,1,1,1,0,0,0,0
730,cp08p00_low_snr_hard_t0010,730,10,120,formal_tps30,low_snr_hard,7.5,10,W_int18_G24_Z16,10,10,1,1,1,0,0,0,0
850,cp08p00_cache_boundary_center_t0010,850,10,120,formal_tps30,cache_boundary_center,7.5,10,double_baseline,1,1,1,1,1,0,0,1,1
850,cp08p00_cache_boundary_center_t0010,850,10,120,formal_tps30,cache_boundary_center,7.5,10,double_baseline,3,3,1,1,1,0,0,1,1
850,cp08p00_cache_boundary_center_t0010,850,10,120,formal_tps30,cache_boundary_center,7.5,10,double_baseline,5,5,1,1,1,0,0,1,1
850,cp08p00_cache_boundary_center_t0010,850,10,120,formal_tps30,cache_boundary_center,7.5,10,double_baseline,10,10,1,1,1,0,0,1,1
850,cp08p00_cache_boundary_center_t0010,850,10,120,formal_tps30,cache_boundary_center,7.5,10,float32_all,1,1,1,1,1,0,0,1,1
850,cp08p00_cache_boundary_center_t0010,850,10,120,formal_tps30,cache_boundary_center,7.5,10,float32_all,3,3,1,1,1,0,0,1,1
850,cp08p00_cache_boundary_center_t0010,850,10,120,formal_tps30,cache_boundary_center,7.5,10,float32_all,5,5,1,1,1,0,0,1,1
850,cp08p00_cache_boundary_center_t0010,850,10,120,formal_tps30,cache_boundary_center,7.5,10,float32_all,10,10,1,1,1,0,0,1,1
850,cp08p00_cache_boundary_center_t0010,850,10,120,formal_tps30,cache_boundary_center,7.5,10,combined_int16,1,1,1,1,1,0,0,1,1
850,cp08p00_cache_boundary_center_t0010,850,10,120,formal_tps30,cache_boundary_center,7.5,10,combined_int16,3,3,1,1,1,0,0,1,1
850,cp08p00_cache_boundary_center_t0010,850,10,120,formal_tps30,cache_boundary_center,7.5,10,combined_int16,5,5,1,1,1,0,0,1,1
850,cp08p00_cache_boundary_center_t0010,850,10,120,formal_tps30,cache_boundary_center,7.5,10,combined_int16,10,10,1,1,1,0,0,1,1
850,cp08p00_cache_boundary_center_t0010,850,10,120,formal_tps30,cache_boundary_center,7.5,10,combined_int18,1,1,1,1,1,0,0,1,1
850,cp08p00_cache_boundary_center_t0010,850,10,120,formal_tps30,cache_boundary_center,7.5,10,combined_int18,3,3,1,1,1,0,0,1,1
850,cp08p00_cache_boundary_center_t0010,850,10,120,formal_tps30,cache_boundary_center,7.5,10,combined_int18,5,5,1,1,1,0,0,1,1
850,cp08p00_cache_boundary_center_t0010,850,10,120,formal_tps30,cache_boundary_center,7.5,10,combined_int18,10,10,1,1,1,0,0,1,1
850,cp08p00_cache_boundary_center_t0010,850,10,120,formal_tps30,cache_boundary_center,7.5,10,combined_int24,1,1,1,1,1,0,0,1,1
850,cp08p00_cache_boundary_center_t0010,850,10,120,formal_tps30,cache_boundary_center,7.5,10,combined_int24,3,3,1,1,1,0,0,1,1
850,cp08p00_cache_boundary_center_t0010,850,10,120,formal_tps30,cache_boundary_center,7.5,10,combined_int24,5,5,1,1,1,0,0,1,1
850,cp08p00_cache_boundary_center_t0010,850,10,120,formal_tps30,cache_boundary_center,7.5,10,combined_int24,10,10,1,1,1,0,0,1,1
850,cp08p00_cache_boundary_center_t0010,850,10,120,formal_tps30,cache_boundary_center,7.5,10,mixed_Z16_G24_Rz24,1,1,1,1,1,0,0,1,1
850,cp08p00_cache_boundary_center_t0010,850,10,120,formal_tps30,cache_boundary_center,7.5,10,mixed_Z16_G24_Rz24,3,3,1,1,1,0,0,1,1
850,cp08p00_cache_boundary_center_t0010,850,10,120,formal_tps30,cache_boundary_center,7.5,10,mixed_Z16_G24_Rz24,5,5,1,1,1,0,0,1,1
850,cp08p00_cache_boundary_center_t0010,850,10,120,formal_tps30,cache_boundary_center,7.5,10,mixed_Z16_G24_Rz24,10,10,1,1,1,0,0,1,1
850,cp08p00_cache_boundary_center_t0010,850,10,120,formal_tps30,cache_boundary_center,7.5,10,combined_int14,1,1,1,1,1,0,0,1,1
850,cp08p00_cache_boundary_center_t0010,850,10,120,formal_tps30,cache_boundary_center,7.5,10,combined_int14,3,3,1,1,1,0,0,1,1
850,cp08p00_cache_boundary_center_t0010,850,10,120,formal_tps30,cache_boundary_center,7.5,10,combined_int14,5,5,0,1,1,0,0,1,1
850,cp08p00_cache_boundary_center_t0010,850,10,120,formal_tps30,cache_boundary_center,7.5,10,combined_int14,10,10,0,1,1,0,0,1,1
850,cp08p00_cache_boundary_center_t0010,850,10,120,formal_tps30,cache_boundary_center,7.5,10,W_int18_G24_Z16,1,1,1,1,1,0,0,1,1
850,cp08p00_cache_boundary_center_t0010,850,10,120,formal_tps30,cache_boundary_center,7.5,10,W_int18_G24_Z16,3,3,1,1,1,0,0,1,1
850,cp08p00_cache_boundary_center_t0010,850,10,120,formal_tps30,cache_boundary_center,7.5,10,W_int18_G24_Z16,5,5,1,1,1,0,0,1,1
850,cp08p00_cache_boundary_center_t0010,850,10,120,formal_tps30,cache_boundary_center,7.5,10,W_int18_G24_Z16,10,10,1,1,1,0,0,1,1
970,cp15p00_hard_phase_t0010,970,10,120,formal_tps30,hard_phase,15,10,double_baseline,1,1,1,1,1,0,0,1,1
970,cp15p00_hard_phase_t0010,970,10,120,formal_tps30,hard_phase,15,10,double_baseline,3,3,1,1,1,0,0,1,1
970,cp15p00_hard_phase_t0010,970,10,120,formal_tps30,hard_phase,15,10,double_baseline,5,5,1,1,1,0,0,1,1
970,cp15p00_hard_phase_t0010,970,10,120,formal_tps30,hard_phase,15,10,double_baseline,10,10,1,1,1,0,0,1,1
970,cp15p00_hard_phase_t0010,970,10,120,formal_tps30,hard_phase,15,10,float32_all,1,1,1,1,1,0,0,1,1
970,cp15p00_hard_phase_t0010,970,10,120,formal_tps30,hard_phase,15,10,float32_all,3,3,1,1,1,0,0,1,1
970,cp15p00_hard_phase_t0010,970,10,120,formal_tps30,hard_phase,15,10,float32_all,5,5,1,1,1,0,0,1,1
970,cp15p00_hard_phase_t0010,970,10,120,formal_tps30,hard_phase,15,10,float32_all,10,10,1,1,1,0,0,1,1
970,cp15p00_hard_phase_t0010,970,10,120,formal_tps30,hard_phase,15,10,combined_int16,1,1,1,1,1,0,0,1,1
970,cp15p00_hard_phase_t0010,970,10,120,formal_tps30,hard_phase,15,10,combined_int16,3,3,1,1,1,0,0,1,1
970,cp15p00_hard_phase_t0010,970,10,120,formal_tps30,hard_phase,15,10,combined_int16,5,5,1,1,1,0,0,1,1
970,cp15p00_hard_phase_t0010,970,10,120,formal_tps30,hard_phase,15,10,combined_int16,10,10,1,1,1,0,0,1,1
970,cp15p00_hard_phase_t0010,970,10,120,formal_tps30,hard_phase,15,10,combined_int18,1,1,1,1,1,0,0,1,1
970,cp15p00_hard_phase_t0010,970,10,120,formal_tps30,hard_phase,15,10,combined_int18,3,3,1,1,1,0,0,1,1
970,cp15p00_hard_phase_t0010,970,10,120,formal_tps30,hard_phase,15,10,combined_int18,5,5,1,1,1,0,0,1,1
970,cp15p00_hard_phase_t0010,970,10,120,formal_tps30,hard_phase,15,10,combined_int18,10,10,1,1,1,0,0,1,1
970,cp15p00_hard_phase_t0010,970,10,120,formal_tps30,hard_phase,15,10,combined_int24,1,1,1,1,1,0,0,1,1
970,cp15p00_hard_phase_t0010,970,10,120,formal_tps30,hard_phase,15,10,combined_int24,3,3,1,1,1,0,0,1,1
970,cp15p00_hard_phase_t0010,970,10,120,formal_tps30,hard_phase,15,10,combined_int24,5,5,1,1,1,0,0,1,1
970,cp15p00_hard_phase_t0010,970,10,120,formal_tps30,hard_phase,15,10,combined_int24,10,10,1,1,1,0,0,1,1
970,cp15p00_hard_phase_t0010,970,10,120,formal_tps30,hard_phase,15,10,mixed_Z16_G24_Rz24,1,1,1,1,1,0,0,1,1
970,cp15p00_hard_phase_t0010,970,10,120,formal_tps30,hard_phase,15,10,mixed_Z16_G24_Rz24,3,3,1,1,1,0,0,1,1
970,cp15p00_hard_phase_t0010,970,10,120,formal_tps30,hard_phase,15,10,mixed_Z16_G24_Rz24,5,5,1,1,1,0,0,1,1
970,cp15p00_hard_phase_t0010,970,10,120,formal_tps30,hard_phase,15,10,mixed_Z16_G24_Rz24,10,10,1,1,1,0,0,1,1
970,cp15p00_hard_phase_t0010,970,10,120,formal_tps30,hard_phase,15,10,combined_int14,1,1,1,1,1,0,0,1,1
970,cp15p00_hard_phase_t0010,970,10,120,formal_tps30,hard_phase,15,10,combined_int14,3,3,1,1,1,0,0,1,1
970,cp15p00_hard_phase_t0010,970,10,120,formal_tps30,hard_phase,15,10,combined_int14,5,5,1,1,1,0,0,1,1
970,cp15p00_hard_phase_t0010,970,10,120,formal_tps30,hard_phase,15,10,combined_int14,10,10,1,1,1,0,0,1,1
970,cp15p00_hard_phase_t0010,970,10,120,formal_tps30,hard_phase,15,10,W_int18_G24_Z16,1,1,1,1,1,0,0,1,1
970,cp15p00_hard_phase_t0010,970,10,120,formal_tps30,hard_phase,15,10,W_int18_G24_Z16,3,3,1,1,1,0,0,1,1
970,cp15p00_hard_phase_t0010,970,10,120,formal_tps30,hard_phase,15,10,W_int18_G24_Z16,5,5,1,1,1,0,0,1,1
970,cp15p00_hard_phase_t0010,970,10,120,formal_tps30,hard_phase,15,10,W_int18_G24_Z16,10,10,1,1,1,0,0,1,1
1090,cp15p00_medium_beta_coherent_t0010,1090,10,120,formal_tps30,medium_beta_coherent,15,10,double_baseline,1,1,1,1,1,0,0,0,0
1090,cp15p00_medium_beta_coherent_t0010,1090,10,120,formal_tps30,medium_beta_coherent,15,10,double_baseline,3,3,1,1,1,0,0,0,0
1090,cp15p00_medium_beta_coherent_t0010,1090,10,120,formal_tps30,medium_beta_coherent,15,10,double_baseline,5,5,1,1,1,0,0,0,0
1090,cp15p00_medium_beta_coherent_t0010,1090,10,120,formal_tps30,medium_beta_coherent,15,10,double_baseline,10,10,1,1,1,0,0,0,0
1090,cp15p00_medium_beta_coherent_t0010,1090,10,120,formal_tps30,medium_beta_coherent,15,10,float32_all,1,1,1,1,1,0,0,0,0
1090,cp15p00_medium_beta_coherent_t0010,1090,10,120,formal_tps30,medium_beta_coherent,15,10,float32_all,3,3,1,1,1,0,0,0,0
1090,cp15p00_medium_beta_coherent_t0010,1090,10,120,formal_tps30,medium_beta_coherent,15,10,float32_all,5,5,1,1,1,0,0,0,0
1090,cp15p00_medium_beta_coherent_t0010,1090,10,120,formal_tps30,medium_beta_coherent,15,10,float32_all,10,10,1,1,1,0,0,0,0
1090,cp15p00_medium_beta_coherent_t0010,1090,10,120,formal_tps30,medium_beta_coherent,15,10,combined_int16,1,1,1,1,1,0,0,0,0
1090,cp15p00_medium_beta_coherent_t0010,1090,10,120,formal_tps30,medium_beta_coherent,15,10,combined_int16,3,3,1,1,1,0,0,0,0
1090,cp15p00_medium_beta_coherent_t0010,1090,10,120,formal_tps30,medium_beta_coherent,15,10,combined_int16,5,5,1,1,1,0,0,0,0
1090,cp15p00_medium_beta_coherent_t0010,1090,10,120,formal_tps30,medium_beta_coherent,15,10,combined_int16,10,10,1,1,1,0,0,0,0
1090,cp15p00_medium_beta_coherent_t0010,1090,10,120,formal_tps30,medium_beta_coherent,15,10,combined_int18,1,1,1,1,1,0,0,0,0
1090,cp15p00_medium_beta_coherent_t0010,1090,10,120,formal_tps30,medium_beta_coherent,15,10,combined_int18,3,3,1,1,1,0,0,0,0
1090,cp15p00_medium_beta_coherent_t0010,1090,10,120,formal_tps30,medium_beta_coherent,15,10,combined_int18,5,5,1,1,1,0,0,0,0
1090,cp15p00_medium_beta_coherent_t0010,1090,10,120,formal_tps30,medium_beta_coherent,15,10,combined_int18,10,10,1,1,1,0,0,0,0
1090,cp15p00_medium_beta_coherent_t0010,1090,10,120,formal_tps30,medium_beta_coherent,15,10,combined_int24,1,1,1,1,1,0,0,0,0
1090,cp15p00_medium_beta_coherent_t0010,1090,10,120,formal_tps30,medium_beta_coherent,15,10,combined_int24,3,3,1,1,1,0,0,0,0
1090,cp15p00_medium_beta_coherent_t0010,1090,10,120,formal_tps30,medium_beta_coherent,15,10,combined_int24,5,5,1,1,1,0,0,0,0
1090,cp15p00_medium_beta_coherent_t0010,1090,10,120,formal_tps30,medium_beta_coherent,15,10,combined_int24,10,10,1,1,1,0,0,0,0
1090,cp15p00_medium_beta_coherent_t0010,1090,10,120,formal_tps30,medium_beta_coherent,15,10,mixed_Z16_G24_Rz24,1,1,1,1,1,0,0,0,0
1090,cp15p00_medium_beta_coherent_t0010,1090,10,120,formal_tps30,medium_beta_coherent,15,10,mixed_Z16_G24_Rz24,3,3,1,1,1,0,0,0,0
1090,cp15p00_medium_beta_coherent_t0010,1090,10,120,formal_tps30,medium_beta_coherent,15,10,mixed_Z16_G24_Rz24,5,5,1,1,1,0,0,0,0
1090,cp15p00_medium_beta_coherent_t0010,1090,10,120,formal_tps30,medium_beta_coherent,15,10,mixed_Z16_G24_Rz24,10,10,1,1,1,0,0,0,0
1090,cp15p00_medium_beta_coherent_t0010,1090,10,120,formal_tps30,medium_beta_coherent,15,10,combined_int14,1,1,1,1,1,0,0,0,0
1090,cp15p00_medium_beta_coherent_t0010,1090,10,120,formal_tps30,medium_beta_coherent,15,10,combined_int14,3,3,1,1,1,0,0,0,0
1090,cp15p00_medium_beta_coherent_t0010,1090,10,120,formal_tps30,medium_beta_coherent,15,10,combined_int14,5,5,1,1,1,0,0,0,0
1090,cp15p00_medium_beta_coherent_t0010,1090,10,120,formal_tps30,medium_beta_coherent,15,10,combined_int14,10,10,1,1,1,0,0,0,0
1090,cp15p00_medium_beta_coherent_t0010,1090,10,120,formal_tps30,medium_beta_coherent,15,10,W_int18_G24_Z16,1,1,1,1,1,0,0,0,0
1090,cp15p00_medium_beta_coherent_t0010,1090,10,120,formal_tps30,medium_beta_coherent,15,10,W_int18_G24_Z16,3,3,1,1,1,0,0,0,0
1090,cp15p00_medium_beta_coherent_t0010,1090,10,120,formal_tps30,medium_beta_coherent,15,10,W_int18_G24_Z16,5,5,1,1,1,0,0,0,0
1090,cp15p00_medium_beta_coherent_t0010,1090,10,120,formal_tps30,medium_beta_coherent,15,10,W_int18_G24_Z16,10,10,1,1,1,0,0,0,0
