obs_id,chunk_id,total_chunks,run_tag,scenario_name,center_az,trial_id,quant_mode,stage_name,elapsed_sec,num_candidates,num_topK,score_lanes_assumed,comment
cp00p00_easy_noncoherent_t0001,1,120,formal_tps30,easy_noncoherent,0,1,,build_step11_input,0.0428014,NaN,10,NaN,Step11.7 frontend-like input builder
cp00p00_easy_noncoherent_t0001,1,120,formal_tps30,easy_noncoherent,0,1,,run_step11_backend,0,NaN,10,NaN,Skipped full Step11.7 backend; using Step12 score-core adapter
cp00p00_easy_noncoherent_t0001,1,120,formal_tps30,easy_noncoherent,0,1,,build_candidate_score_pack,0.8815955,7353,10,NaN,Build W/Y/Z/Rz/G_cache candidate score pack
cp00p00_low_snr_hard_t0001,1,120,formal_tps30,low_snr_hard,0,1,,build_step11_input,0.015235,NaN,10,NaN,Step11.7 frontend-like input builder
cp00p00_low_snr_hard_t0001,1,120,formal_tps30,low_snr_hard,0,1,,run_step11_backend,0,NaN,10,NaN,Skipped full Step11.7 backend; using Step12 score-core adapter
cp00p00_low_snr_hard_t0001,1,120,formal_tps30,low_snr_hard,0,1,,build_candidate_score_pack,0.7604536,7353,10,NaN,Build W/Y/Z/Rz/G_cache candidate score pack
cp00p00_cache_boundary_center_t0001,1,120,formal_tps30,cache_boundary_center,0,1,,build_step11_input,0.0103579,NaN,10,NaN,Step11.7 frontend-like input builder
cp00p00_cache_boundary_center_t0001,1,120,formal_tps30,cache_boundary_center,0,1,,run_step11_backend,0,NaN,10,NaN,Skipped full Step11.7 backend; using Step12 score-core adapter
cp00p00_cache_boundary_center_t0001,1,120,formal_tps30,cache_boundary_center,0,1,,build_candidate_score_pack,0.7712147,7353,10,NaN,Build W/Y/Z/Rz/G_cache candidate score pack
cp04p00_hard_phase_t0001,1,120,formal_tps30,hard_phase,4,1,,build_step11_input,0.016259,NaN,10,NaN,Step11.7 frontend-like input builder
cp04p00_hard_phase_t0001,1,120,formal_tps30,hard_phase,4,1,,run_step11_backend,0,NaN,10,NaN,Skipped full Step11.7 backend; using Step12 score-core adapter
cp04p00_hard_phase_t0001,1,120,formal_tps30,hard_phase,4,1,,build_candidate_score_pack,0.7660135,7353,10,NaN,Build W/Y/Z/Rz/G_cache candidate score pack
cp04p00_medium_beta_coherent_t0001,1,120,formal_tps30,medium_beta_coherent,4,1,,build_step11_input,0.0224903,NaN,10,NaN,Step11.7 frontend-like input builder
cp04p00_medium_beta_coherent_t0001,1,120,formal_tps30,medium_beta_coherent,4,1,,run_step11_backend,0,NaN,10,NaN,Skipped full Step11.7 backend; using Step12 score-core adapter
cp04p00_medium_beta_coherent_t0001,1,120,formal_tps30,medium_beta_coherent,4,1,,build_candidate_score_pack,0.7900451,7353,10,NaN,Build W/Y/Z/Rz/G_cache candidate score pack
cp08p00_easy_noncoherent_t0001,1,120,formal_tps30,easy_noncoherent,8,1,,build_step11_input,0.0075703,NaN,10,NaN,Step11.7 frontend-like input builder
cp08p00_easy_noncoherent_t0001,1,120,formal_tps30,easy_noncoherent,8,1,,run_step11_backend,0,NaN,10,NaN,Skipped full Step11.7 backend; using Step12 score-core adapter
cp08p00_easy_noncoherent_t0001,1,120,formal_tps30,easy_noncoherent,8,1,,build_candidate_score_pack,0.7394923,7353,10,NaN,Build W/Y/Z/Rz/G_cache candidate score pack
cp08p00_low_snr_hard_t0001,1,120,formal_tps30,low_snr_hard,8,1,,build_step11_input,0.006505,NaN,10,NaN,Step11.7 frontend-like input builder
cp08p00_low_snr_hard_t0001,1,120,formal_tps30,low_snr_hard,8,1,,run_step11_backend,0,NaN,10,NaN,Skipped full Step11.7 backend; using Step12 score-core adapter
cp08p00_low_snr_hard_t0001,1,120,formal_tps30,low_snr_hard,8,1,,build_candidate_score_pack,0.7405468,7353,10,NaN,Build W/Y/Z/Rz/G_cache candidate score pack
cp08p00_cache_boundary_center_t0001,1,120,formal_tps30,cache_boundary_center,8,1,,build_step11_input,0.0067731,NaN,10,NaN,Step11.7 frontend-like input builder
cp08p00_cache_boundary_center_t0001,1,120,formal_tps30,cache_boundary_center,8,1,,run_step11_backend,0,NaN,10,NaN,Skipped full Step11.7 backend; using Step12 score-core adapter
cp08p00_cache_boundary_center_t0001,1,120,formal_tps30,cache_boundary_center,8,1,,build_candidate_score_pack,0.7387789,7353,10,NaN,Build W/Y/Z/Rz/G_cache candidate score pack
cp15p00_hard_phase_t0001,1,120,formal_tps30,hard_phase,15,1,,build_step11_input,0.0064898,NaN,10,NaN,Step11.7 frontend-like input builder
cp15p00_hard_phase_t0001,1,120,formal_tps30,hard_phase,15,1,,run_step11_backend,0,NaN,10,NaN,Skipped full Step11.7 backend; using Step12 score-core adapter
cp15p00_hard_phase_t0001,1,120,formal_tps30,hard_phase,15,1,,build_candidate_score_pack,0.748404,7353,10,NaN,Build W/Y/Z/Rz/G_cache candidate score pack
cp15p00_medium_beta_coherent_t0001,1,120,formal_tps30,medium_beta_coherent,15,1,,build_step11_input,0.0067007,NaN,10,NaN,Step11.7 frontend-like input builder
cp15p00_medium_beta_coherent_t0001,1,120,formal_tps30,medium_beta_coherent,15,1,,run_step11_backend,0,NaN,10,NaN,Skipped full Step11.7 backend; using Step12 score-core adapter
cp15p00_medium_beta_coherent_t0001,1,120,formal_tps30,medium_beta_coherent,15,1,,build_candidate_score_pack,0.7506708,7353,10,NaN,Build W/Y/Z/Rz/G_cache candidate score pack
cp00p00_easy_noncoherent_t0001,1,120,formal_tps30,easy_noncoherent,0,1,double_baseline,score_recompute,0.3097697,7353,10,NaN,Step12 quantized score recompute
cp00p00_easy_noncoherent_t0001,1,120,formal_tps30,easy_noncoherent,0,1,double_baseline,ranking_compare,0.2225731,7353,10,NaN,ranking and topK comparison
cp00p00_easy_noncoherent_t0001,1,120,formal_tps30,easy_noncoherent,0,1,float32_all,score_recompute,0.3702308,7353,10,NaN,Step12 quantized score recompute
cp00p00_easy_noncoherent_t0001,1,120,formal_tps30,easy_noncoherent,0,1,float32_all,ranking_compare,0.1772255,7353,10,NaN,ranking and topK comparison
cp00p00_easy_noncoherent_t0001,1,120,formal_tps30,easy_noncoherent,0,1,combined_int16,score_recompute,0.3514444,7353,10,NaN,Step12 quantized score recompute
cp00p00_easy_noncoherent_t0001,1,120,formal_tps30,easy_noncoherent,0,1,combined_int16,ranking_compare,0.1585939,7353,10,NaN,ranking and topK comparison
cp00p00_easy_noncoherent_t0001,1,120,formal_tps30,easy_noncoherent,0,1,combined_int18,score_recompute,0.3478111,7353,10,NaN,Step12 quantized score recompute
cp00p00_easy_noncoherent_t0001,1,120,formal_tps30,easy_noncoherent,0,1,combined_int18,ranking_compare,0.1526829,7353,10,NaN,ranking and topK comparison
cp00p00_easy_noncoherent_t0001,1,120,formal_tps30,easy_noncoherent,0,1,combined_int24,score_recompute,0.3356494,7353,10,NaN,Step12 quantized score recompute
cp00p00_easy_noncoherent_t0001,1,120,formal_tps30,easy_noncoherent,0,1,combined_int24,ranking_compare,0.1711696,7353,10,NaN,ranking and topK comparison
cp00p00_easy_noncoherent_t0001,1,120,formal_tps30,easy_noncoherent,0,1,mixed_Z16_G24_Rz24,score_recompute,0.2911595,7353,10,NaN,Step12 quantized score recompute
cp00p00_easy_noncoherent_t0001,1,120,formal_tps30,easy_noncoherent,0,1,mixed_Z16_G24_Rz24,ranking_compare,0.1541364,7353,10,NaN,ranking and topK comparison
cp00p00_easy_noncoherent_t0001,1,120,formal_tps30,easy_noncoherent,0,1,combined_int14,score_recompute,0.3550074,7353,10,NaN,Step12 quantized score recompute
cp00p00_easy_noncoherent_t0001,1,120,formal_tps30,easy_noncoherent,0,1,combined_int14,ranking_compare,0.1643748,7353,10,NaN,ranking and topK comparison
cp00p00_easy_noncoherent_t0001,1,120,formal_tps30,easy_noncoherent,0,1,W_int18_G24_Z16,score_recompute,0.3654518,7353,10,NaN,Step12 quantized score recompute
cp00p00_easy_noncoherent_t0001,1,120,formal_tps30,easy_noncoherent,0,1,W_int18_G24_Z16,ranking_compare,0.1607533,7353,10,NaN,ranking and topK comparison
cp00p00_low_snr_hard_t0001,1,120,formal_tps30,low_snr_hard,0,1,double_baseline,score_recompute,0.2977354,7353,10,NaN,Step12 quantized score recompute
cp00p00_low_snr_hard_t0001,1,120,formal_tps30,low_snr_hard,0,1,double_baseline,ranking_compare,0.1555583,7353,10,NaN,ranking and topK comparison
cp00p00_low_snr_hard_t0001,1,120,formal_tps30,low_snr_hard,0,1,float32_all,score_recompute,0.3339022,7353,10,NaN,Step12 quantized score recompute
cp00p00_low_snr_hard_t0001,1,120,formal_tps30,low_snr_hard,0,1,float32_all,ranking_compare,0.1522432,7353,10,NaN,ranking and topK comparison
cp00p00_low_snr_hard_t0001,1,120,formal_tps30,low_snr_hard,0,1,combined_int16,score_recompute,0.3034939,7353,10,NaN,Step12 quantized score recompute
cp00p00_low_snr_hard_t0001,1,120,formal_tps30,low_snr_hard,0,1,combined_int16,ranking_compare,0.1521776,7353,10,NaN,ranking and topK comparison
cp00p00_low_snr_hard_t0001,1,120,formal_tps30,low_snr_hard,0,1,combined_int18,score_recompute,0.296271,7353,10,NaN,Step12 quantized score recompute
cp00p00_low_snr_hard_t0001,1,120,formal_tps30,low_snr_hard,0,1,combined_int18,ranking_compare,0.1518273,7353,10,NaN,ranking and topK comparison
cp00p00_low_snr_hard_t0001,1,120,formal_tps30,low_snr_hard,0,1,combined_int24,score_recompute,0.2919999,7353,10,NaN,Step12 quantized score recompute
cp00p00_low_snr_hard_t0001,1,120,formal_tps30,low_snr_hard,0,1,combined_int24,ranking_compare,0.1605469,7353,10,NaN,ranking and topK comparison
cp00p00_low_snr_hard_t0001,1,120,formal_tps30,low_snr_hard,0,1,mixed_Z16_G24_Rz24,score_recompute,0.3054319,7353,10,NaN,Step12 quantized score recompute
cp00p00_low_snr_hard_t0001,1,120,formal_tps30,low_snr_hard,0,1,mixed_Z16_G24_Rz24,ranking_compare,0.1504272,7353,10,NaN,ranking and topK comparison
cp00p00_low_snr_hard_t0001,1,120,formal_tps30,low_snr_hard,0,1,combined_int14,score_recompute,0.2974069,7353,10,NaN,Step12 quantized score recompute
cp00p00_low_snr_hard_t0001,1,120,formal_tps30,low_snr_hard,0,1,combined_int14,ranking_compare,0.1539895,7353,10,NaN,ranking and topK comparison
cp00p00_low_snr_hard_t0001,1,120,formal_tps30,low_snr_hard,0,1,W_int18_G24_Z16,score_recompute,0.3003442,7353,10,NaN,Step12 quantized score recompute
cp00p00_low_snr_hard_t0001,1,120,formal_tps30,low_snr_hard,0,1,W_int18_G24_Z16,ranking_compare,0.1489962,7353,10,NaN,ranking and topK comparison
cp00p00_cache_boundary_center_t0001,1,120,formal_tps30,cache_boundary_center,0,1,double_baseline,score_recompute,0.2932994,7353,10,NaN,Step12 quantized score recompute
cp00p00_cache_boundary_center_t0001,1,120,formal_tps30,cache_boundary_center,0,1,double_baseline,ranking_compare,0.1516858,7353,10,NaN,ranking and topK comparison
cp00p00_cache_boundary_center_t0001,1,120,formal_tps30,cache_boundary_center,0,1,float32_all,score_recompute,0.2947718,7353,10,NaN,Step12 quantized score recompute
cp00p00_cache_boundary_center_t0001,1,120,formal_tps30,cache_boundary_center,0,1,float32_all,ranking_compare,0.1472743,7353,10,NaN,ranking and topK comparison
cp00p00_cache_boundary_center_t0001,1,120,formal_tps30,cache_boundary_center,0,1,combined_int16,score_recompute,0.2967855,7353,10,NaN,Step12 quantized score recompute
cp00p00_cache_boundary_center_t0001,1,120,formal_tps30,cache_boundary_center,0,1,combined_int16,ranking_compare,0.1582606,7353,10,NaN,ranking and topK comparison
cp00p00_cache_boundary_center_t0001,1,120,formal_tps30,cache_boundary_center,0,1,combined_int18,score_recompute,0.2913542,7353,10,NaN,Step12 quantized score recompute
cp00p00_cache_boundary_center_t0001,1,120,formal_tps30,cache_boundary_center,0,1,combined_int18,ranking_compare,0.1541882,7353,10,NaN,ranking and topK comparison
cp00p00_cache_boundary_center_t0001,1,120,formal_tps30,cache_boundary_center,0,1,combined_int24,score_recompute,0.2972508,7353,10,NaN,Step12 quantized score recompute
cp00p00_cache_boundary_center_t0001,1,120,formal_tps30,cache_boundary_center,0,1,combined_int24,ranking_compare,0.1472884,7353,10,NaN,ranking and topK comparison
cp00p00_cache_boundary_center_t0001,1,120,formal_tps30,cache_boundary_center,0,1,mixed_Z16_G24_Rz24,score_recompute,0.2900457,7353,10,NaN,Step12 quantized score recompute
cp00p00_cache_boundary_center_t0001,1,120,formal_tps30,cache_boundary_center,0,1,mixed_Z16_G24_Rz24,ranking_compare,0.1476943,7353,10,NaN,ranking and topK comparison
cp00p00_cache_boundary_center_t0001,1,120,formal_tps30,cache_boundary_center,0,1,combined_int14,score_recompute,0.2976684,7353,10,NaN,Step12 quantized score recompute
cp00p00_cache_boundary_center_t0001,1,120,formal_tps30,cache_boundary_center,0,1,combined_int14,ranking_compare,0.1498215,7353,10,NaN,ranking and topK comparison
cp00p00_cache_boundary_center_t0001,1,120,formal_tps30,cache_boundary_center,0,1,W_int18_G24_Z16,score_recompute,0.3026829,7353,10,NaN,Step12 quantized score recompute
cp00p00_cache_boundary_center_t0001,1,120,formal_tps30,cache_boundary_center,0,1,W_int18_G24_Z16,ranking_compare,0.1557494,7353,10,NaN,ranking and topK comparison
cp04p00_hard_phase_t0001,1,120,formal_tps30,hard_phase,3.75,1,double_baseline,score_recompute,0.3304469,7353,10,NaN,Step12 quantized score recompute
cp04p00_hard_phase_t0001,1,120,formal_tps30,hard_phase,3.75,1,double_baseline,ranking_compare,0.1596103,7353,10,NaN,ranking and topK comparison
cp04p00_hard_phase_t0001,1,120,formal_tps30,hard_phase,3.75,1,float32_all,score_recompute,0.3109199,7353,10,NaN,Step12 quantized score recompute
cp04p00_hard_phase_t0001,1,120,formal_tps30,hard_phase,3.75,1,float32_all,ranking_compare,0.154545,7353,10,NaN,ranking and topK comparison
cp04p00_hard_phase_t0001,1,120,formal_tps30,hard_phase,3.75,1,combined_int16,score_recompute,0.3461836,7353,10,NaN,Step12 quantized score recompute
cp04p00_hard_phase_t0001,1,120,formal_tps30,hard_phase,3.75,1,combined_int16,ranking_compare,0.1496293,7353,10,NaN,ranking and topK comparison
cp04p00_hard_phase_t0001,1,120,formal_tps30,hard_phase,3.75,1,combined_int18,score_recompute,0.3252144,7353,10,NaN,Step12 quantized score recompute
cp04p00_hard_phase_t0001,1,120,formal_tps30,hard_phase,3.75,1,combined_int18,ranking_compare,0.144799,7353,10,NaN,ranking and topK comparison
cp04p00_hard_phase_t0001,1,120,formal_tps30,hard_phase,3.75,1,combined_int24,score_recompute,0.3240168,7353,10,NaN,Step12 quantized score recompute
cp04p00_hard_phase_t0001,1,120,formal_tps30,hard_phase,3.75,1,combined_int24,ranking_compare,0.1484421,7353,10,NaN,ranking and topK comparison
cp04p00_hard_phase_t0001,1,120,formal_tps30,hard_phase,3.75,1,mixed_Z16_G24_Rz24,score_recompute,0.2973727,7353,10,NaN,Step12 quantized score recompute
cp04p00_hard_phase_t0001,1,120,formal_tps30,hard_phase,3.75,1,mixed_Z16_G24_Rz24,ranking_compare,0.1550269,7353,10,NaN,ranking and topK comparison
cp04p00_hard_phase_t0001,1,120,formal_tps30,hard_phase,3.75,1,combined_int14,score_recompute,0.325939,7353,10,NaN,Step12 quantized score recompute
cp04p00_hard_phase_t0001,1,120,formal_tps30,hard_phase,3.75,1,combined_int14,ranking_compare,0.1491007,7353,10,NaN,ranking and topK comparison
cp04p00_hard_phase_t0001,1,120,formal_tps30,hard_phase,3.75,1,W_int18_G24_Z16,score_recompute,0.3292238,7353,10,NaN,Step12 quantized score recompute
cp04p00_hard_phase_t0001,1,120,formal_tps30,hard_phase,3.75,1,W_int18_G24_Z16,ranking_compare,0.1468504,7353,10,NaN,ranking and topK comparison
cp04p00_medium_beta_coherent_t0001,1,120,formal_tps30,medium_beta_coherent,3.75,1,double_baseline,score_recompute,0.2881789,7353,10,NaN,Step12 quantized score recompute
cp04p00_medium_beta_coherent_t0001,1,120,formal_tps30,medium_beta_coherent,3.75,1,double_baseline,ranking_compare,0.1512983,7353,10,NaN,ranking and topK comparison
cp04p00_medium_beta_coherent_t0001,1,120,formal_tps30,medium_beta_coherent,3.75,1,float32_all,score_recompute,0.2936647,7353,10,NaN,Step12 quantized score recompute
cp04p00_medium_beta_coherent_t0001,1,120,formal_tps30,medium_beta_coherent,3.75,1,float32_all,ranking_compare,0.1494569,7353,10,NaN,ranking and topK comparison
cp04p00_medium_beta_coherent_t0001,1,120,formal_tps30,medium_beta_coherent,3.75,1,combined_int16,score_recompute,0.2936107,7353,10,NaN,Step12 quantized score recompute
cp04p00_medium_beta_coherent_t0001,1,120,formal_tps30,medium_beta_coherent,3.75,1,combined_int16,ranking_compare,0.1504607,7353,10,NaN,ranking and topK comparison
cp04p00_medium_beta_coherent_t0001,1,120,formal_tps30,medium_beta_coherent,3.75,1,combined_int18,score_recompute,0.2953802,7353,10,NaN,Step12 quantized score recompute
cp04p00_medium_beta_coherent_t0001,1,120,formal_tps30,medium_beta_coherent,3.75,1,combined_int18,ranking_compare,0.1504056,7353,10,NaN,ranking and topK comparison
cp04p00_medium_beta_coherent_t0001,1,120,formal_tps30,medium_beta_coherent,3.75,1,combined_int24,score_recompute,0.2888494,7353,10,NaN,Step12 quantized score recompute
cp04p00_medium_beta_coherent_t0001,1,120,formal_tps30,medium_beta_coherent,3.75,1,combined_int24,ranking_compare,0.1497894,7353,10,NaN,ranking and topK comparison
cp04p00_medium_beta_coherent_t0001,1,120,formal_tps30,medium_beta_coherent,3.75,1,mixed_Z16_G24_Rz24,score_recompute,0.2955299,7353,10,NaN,Step12 quantized score recompute
cp04p00_medium_beta_coherent_t0001,1,120,formal_tps30,medium_beta_coherent,3.75,1,mixed_Z16_G24_Rz24,ranking_compare,0.1604852,7353,10,NaN,ranking and topK comparison
cp04p00_medium_beta_coherent_t0001,1,120,formal_tps30,medium_beta_coherent,3.75,1,combined_int14,score_recompute,0.2887389,7353,10,NaN,Step12 quantized score recompute
cp04p00_medium_beta_coherent_t0001,1,120,formal_tps30,medium_beta_coherent,3.75,1,combined_int14,ranking_compare,0.1477629,7353,10,NaN,ranking and topK comparison
cp04p00_medium_beta_coherent_t0001,1,120,formal_tps30,medium_beta_coherent,3.75,1,W_int18_G24_Z16,score_recompute,0.3013788,7353,10,NaN,Step12 quantized score recompute
cp04p00_medium_beta_coherent_t0001,1,120,formal_tps30,medium_beta_coherent,3.75,1,W_int18_G24_Z16,ranking_compare,0.1491513,7353,10,NaN,ranking and topK comparison
cp08p00_easy_noncoherent_t0001,1,120,formal_tps30,easy_noncoherent,7.5,1,double_baseline,score_recompute,0.3123813,7353,10,NaN,Step12 quantized score recompute
cp08p00_easy_noncoherent_t0001,1,120,formal_tps30,easy_noncoherent,7.5,1,double_baseline,ranking_compare,0.1470399,7353,10,NaN,ranking and topK comparison
cp08p00_easy_noncoherent_t0001,1,120,formal_tps30,easy_noncoherent,7.5,1,float32_all,score_recompute,0.2993653,7353,10,NaN,Step12 quantized score recompute
cp08p00_easy_noncoherent_t0001,1,120,formal_tps30,easy_noncoherent,7.5,1,float32_all,ranking_compare,0.1520309,7353,10,NaN,ranking and topK comparison
cp08p00_easy_noncoherent_t0001,1,120,formal_tps30,easy_noncoherent,7.5,1,combined_int16,score_recompute,0.3236572,7353,10,NaN,Step12 quantized score recompute
cp08p00_easy_noncoherent_t0001,1,120,formal_tps30,easy_noncoherent,7.5,1,combined_int16,ranking_compare,0.1492027,7353,10,NaN,ranking and topK comparison
cp08p00_easy_noncoherent_t0001,1,120,formal_tps30,easy_noncoherent,7.5,1,combined_int18,score_recompute,0.3274377,7353,10,NaN,Step12 quantized score recompute
cp08p00_easy_noncoherent_t0001,1,120,formal_tps30,easy_noncoherent,7.5,1,combined_int18,ranking_compare,0.1492555,7353,10,NaN,ranking and topK comparison
cp08p00_easy_noncoherent_t0001,1,120,formal_tps30,easy_noncoherent,7.5,1,combined_int24,score_recompute,0.3269582,7353,10,NaN,Step12 quantized score recompute
cp08p00_easy_noncoherent_t0001,1,120,formal_tps30,easy_noncoherent,7.5,1,combined_int24,ranking_compare,0.1473039,7353,10,NaN,ranking and topK comparison
cp08p00_easy_noncoherent_t0001,1,120,formal_tps30,easy_noncoherent,7.5,1,mixed_Z16_G24_Rz24,score_recompute,0.2890559,7353,10,NaN,Step12 quantized score recompute
cp08p00_easy_noncoherent_t0001,1,120,formal_tps30,easy_noncoherent,7.5,1,mixed_Z16_G24_Rz24,ranking_compare,0.1461442,7353,10,NaN,ranking and topK comparison
cp08p00_easy_noncoherent_t0001,1,120,formal_tps30,easy_noncoherent,7.5,1,combined_int14,score_recompute,0.3318723,7353,10,NaN,Step12 quantized score recompute
cp08p00_easy_noncoherent_t0001,1,120,formal_tps30,easy_noncoherent,7.5,1,combined_int14,ranking_compare,0.1499665,7353,10,NaN,ranking and topK comparison
cp08p00_easy_noncoherent_t0001,1,120,formal_tps30,easy_noncoherent,7.5,1,W_int18_G24_Z16,score_recompute,0.3257133,7353,10,NaN,Step12 quantized score recompute
cp08p00_easy_noncoherent_t0001,1,120,formal_tps30,easy_noncoherent,7.5,1,W_int18_G24_Z16,ranking_compare,0.1476304,7353,10,NaN,ranking and topK comparison
cp08p00_low_snr_hard_t0001,1,120,formal_tps30,low_snr_hard,7.5,1,double_baseline,score_recompute,0.2931908,7353,10,NaN,Step12 quantized score recompute
cp08p00_low_snr_hard_t0001,1,120,formal_tps30,low_snr_hard,7.5,1,double_baseline,ranking_compare,0.1467652,7353,10,NaN,ranking and topK comparison
cp08p00_low_snr_hard_t0001,1,120,formal_tps30,low_snr_hard,7.5,1,float32_all,score_recompute,0.290469,7353,10,NaN,Step12 quantized score recompute
cp08p00_low_snr_hard_t0001,1,120,formal_tps30,low_snr_hard,7.5,1,float32_all,ranking_compare,0.1475736,7353,10,NaN,ranking and topK comparison
cp08p00_low_snr_hard_t0001,1,120,formal_tps30,low_snr_hard,7.5,1,combined_int16,score_recompute,0.2985102,7353,10,NaN,Step12 quantized score recompute
cp08p00_low_snr_hard_t0001,1,120,formal_tps30,low_snr_hard,7.5,1,combined_int16,ranking_compare,0.1559666,7353,10,NaN,ranking and topK comparison
cp08p00_low_snr_hard_t0001,1,120,formal_tps30,low_snr_hard,7.5,1,combined_int18,score_recompute,0.3044185,7353,10,NaN,Step12 quantized score recompute
cp08p00_low_snr_hard_t0001,1,120,formal_tps30,low_snr_hard,7.5,1,combined_int18,ranking_compare,0.1486241,7353,10,NaN,ranking and topK comparison
cp08p00_low_snr_hard_t0001,1,120,formal_tps30,low_snr_hard,7.5,1,combined_int24,score_recompute,0.2923622,7353,10,NaN,Step12 quantized score recompute
cp08p00_low_snr_hard_t0001,1,120,formal_tps30,low_snr_hard,7.5,1,combined_int24,ranking_compare,0.1515715,7353,10,NaN,ranking and topK comparison
cp08p00_low_snr_hard_t0001,1,120,formal_tps30,low_snr_hard,7.5,1,mixed_Z16_G24_Rz24,score_recompute,0.2980236,7353,10,NaN,Step12 quantized score recompute
cp08p00_low_snr_hard_t0001,1,120,formal_tps30,low_snr_hard,7.5,1,mixed_Z16_G24_Rz24,ranking_compare,0.1547332,7353,10,NaN,ranking and topK comparison
cp08p00_low_snr_hard_t0001,1,120,formal_tps30,low_snr_hard,7.5,1,combined_int14,score_recompute,0.2933858,7353,10,NaN,Step12 quantized score recompute
cp08p00_low_snr_hard_t0001,1,120,formal_tps30,low_snr_hard,7.5,1,combined_int14,ranking_compare,0.1497122,7353,10,NaN,ranking and topK comparison
cp08p00_low_snr_hard_t0001,1,120,formal_tps30,low_snr_hard,7.5,1,W_int18_G24_Z16,score_recompute,0.2949686,7353,10,NaN,Step12 quantized score recompute
cp08p00_low_snr_hard_t0001,1,120,formal_tps30,low_snr_hard,7.5,1,W_int18_G24_Z16,ranking_compare,0.146352,7353,10,NaN,ranking and topK comparison
cp08p00_cache_boundary_center_t0001,1,120,formal_tps30,cache_boundary_center,7.5,1,double_baseline,score_recompute,0.2929723,7353,10,NaN,Step12 quantized score recompute
cp08p00_cache_boundary_center_t0001,1,120,formal_tps30,cache_boundary_center,7.5,1,double_baseline,ranking_compare,0.1496458,7353,10,NaN,ranking and topK comparison
cp08p00_cache_boundary_center_t0001,1,120,formal_tps30,cache_boundary_center,7.5,1,float32_all,score_recompute,0.2912087,7353,10,NaN,Step12 quantized score recompute
cp08p00_cache_boundary_center_t0001,1,120,formal_tps30,cache_boundary_center,7.5,1,float32_all,ranking_compare,0.1496904,7353,10,NaN,ranking and topK comparison
cp08p00_cache_boundary_center_t0001,1,120,formal_tps30,cache_boundary_center,7.5,1,combined_int16,score_recompute,0.2912446,7353,10,NaN,Step12 quantized score recompute
cp08p00_cache_boundary_center_t0001,1,120,formal_tps30,cache_boundary_center,7.5,1,combined_int16,ranking_compare,0.1497764,7353,10,NaN,ranking and topK comparison
cp08p00_cache_boundary_center_t0001,1,120,formal_tps30,cache_boundary_center,7.5,1,combined_int18,score_recompute,0.2925859,7353,10,NaN,Step12 quantized score recompute
cp08p00_cache_boundary_center_t0001,1,120,formal_tps30,cache_boundary_center,7.5,1,combined_int18,ranking_compare,0.1462586,7353,10,NaN,ranking and topK comparison
cp08p00_cache_boundary_center_t0001,1,120,formal_tps30,cache_boundary_center,7.5,1,combined_int24,score_recompute,0.2890293,7353,10,NaN,Step12 quantized score recompute
cp08p00_cache_boundary_center_t0001,1,120,formal_tps30,cache_boundary_center,7.5,1,combined_int24,ranking_compare,0.1472404,7353,10,NaN,ranking and topK comparison
cp08p00_cache_boundary_center_t0001,1,120,formal_tps30,cache_boundary_center,7.5,1,mixed_Z16_G24_Rz24,score_recompute,0.2921407,7353,10,NaN,Step12 quantized score recompute
cp08p00_cache_boundary_center_t0001,1,120,formal_tps30,cache_boundary_center,7.5,1,mixed_Z16_G24_Rz24,ranking_compare,0.1473624,7353,10,NaN,ranking and topK comparison
cp08p00_cache_boundary_center_t0001,1,120,formal_tps30,cache_boundary_center,7.5,1,combined_int14,score_recompute,0.2925937,7353,10,NaN,Step12 quantized score recompute
cp08p00_cache_boundary_center_t0001,1,120,formal_tps30,cache_boundary_center,7.5,1,combined_int14,ranking_compare,0.156469,7353,10,NaN,ranking and topK comparison
cp08p00_cache_boundary_center_t0001,1,120,formal_tps30,cache_boundary_center,7.5,1,W_int18_G24_Z16,score_recompute,0.2870821,7353,10,NaN,Step12 quantized score recompute
cp08p00_cache_boundary_center_t0001,1,120,formal_tps30,cache_boundary_center,7.5,1,W_int18_G24_Z16,ranking_compare,0.1468127,7353,10,NaN,ranking and topK comparison
cp15p00_hard_phase_t0001,1,120,formal_tps30,hard_phase,15,1,double_baseline,score_recompute,0.2966557,7353,10,NaN,Step12 quantized score recompute
cp15p00_hard_phase_t0001,1,120,formal_tps30,hard_phase,15,1,double_baseline,ranking_compare,0.1476049,7353,10,NaN,ranking and topK comparison
cp15p00_hard_phase_t0001,1,120,formal_tps30,hard_phase,15,1,float32_all,score_recompute,0.2906999,7353,10,NaN,Step12 quantized score recompute
cp15p00_hard_phase_t0001,1,120,formal_tps30,hard_phase,15,1,float32_all,ranking_compare,0.1547377,7353,10,NaN,ranking and topK comparison
cp15p00_hard_phase_t0001,1,120,formal_tps30,hard_phase,15,1,combined_int16,score_recompute,0.333791,7353,10,NaN,Step12 quantized score recompute
cp15p00_hard_phase_t0001,1,120,formal_tps30,hard_phase,15,1,combined_int16,ranking_compare,0.1517951,7353,10,NaN,ranking and topK comparison
cp15p00_hard_phase_t0001,1,120,formal_tps30,hard_phase,15,1,combined_int18,score_recompute,0.3220624,7353,10,NaN,Step12 quantized score recompute
cp15p00_hard_phase_t0001,1,120,formal_tps30,hard_phase,15,1,combined_int18,ranking_compare,0.1485413,7353,10,NaN,ranking and topK comparison
cp15p00_hard_phase_t0001,1,120,formal_tps30,hard_phase,15,1,combined_int24,score_recompute,0.328288,7353,10,NaN,Step12 quantized score recompute
cp15p00_hard_phase_t0001,1,120,formal_tps30,hard_phase,15,1,combined_int24,ranking_compare,0.1601149,7353,10,NaN,ranking and topK comparison
cp15p00_hard_phase_t0001,1,120,formal_tps30,hard_phase,15,1,mixed_Z16_G24_Rz24,score_recompute,0.3269969,7353,10,NaN,Step12 quantized score recompute
cp15p00_hard_phase_t0001,1,120,formal_tps30,hard_phase,15,1,mixed_Z16_G24_Rz24,ranking_compare,0.1657465,7353,10,NaN,ranking and topK comparison
cp15p00_hard_phase_t0001,1,120,formal_tps30,hard_phase,15,1,combined_int14,score_recompute,0.3282248,7353,10,NaN,Step12 quantized score recompute
cp15p00_hard_phase_t0001,1,120,formal_tps30,hard_phase,15,1,combined_int14,ranking_compare,0.1477128,7353,10,NaN,ranking and topK comparison
cp15p00_hard_phase_t0001,1,120,formal_tps30,hard_phase,15,1,W_int18_G24_Z16,score_recompute,0.3483063,7353,10,NaN,Step12 quantized score recompute
cp15p00_hard_phase_t0001,1,120,formal_tps30,hard_phase,15,1,W_int18_G24_Z16,ranking_compare,0.1560355,7353,10,NaN,ranking and topK comparison
cp15p00_medium_beta_coherent_t0001,1,120,formal_tps30,medium_beta_coherent,15,1,double_baseline,score_recompute,0.3124484,7353,10,NaN,Step12 quantized score recompute
cp15p00_medium_beta_coherent_t0001,1,120,formal_tps30,medium_beta_coherent,15,1,double_baseline,ranking_compare,0.1708562,7353,10,NaN,ranking and topK comparison
cp15p00_medium_beta_coherent_t0001,1,120,formal_tps30,medium_beta_coherent,15,1,float32_all,score_recompute,0.3087003,7353,10,NaN,Step12 quantized score recompute
cp15p00_medium_beta_coherent_t0001,1,120,formal_tps30,medium_beta_coherent,15,1,float32_all,ranking_compare,0.1568332,7353,10,NaN,ranking and topK comparison
cp15p00_medium_beta_coherent_t0001,1,120,formal_tps30,medium_beta_coherent,15,1,combined_int16,score_recompute,0.3199253,7353,10,NaN,Step12 quantized score recompute
cp15p00_medium_beta_coherent_t0001,1,120,formal_tps30,medium_beta_coherent,15,1,combined_int16,ranking_compare,0.1604772,7353,10,NaN,ranking and topK comparison
cp15p00_medium_beta_coherent_t0001,1,120,formal_tps30,medium_beta_coherent,15,1,combined_int18,score_recompute,0.2964855,7353,10,NaN,Step12 quantized score recompute
cp15p00_medium_beta_coherent_t0001,1,120,formal_tps30,medium_beta_coherent,15,1,combined_int18,ranking_compare,0.148621,7353,10,NaN,ranking and topK comparison
cp15p00_medium_beta_coherent_t0001,1,120,formal_tps30,medium_beta_coherent,15,1,combined_int24,score_recompute,0.2994446,7353,10,NaN,Step12 quantized score recompute
cp15p00_medium_beta_coherent_t0001,1,120,formal_tps30,medium_beta_coherent,15,1,combined_int24,ranking_compare,0.1737585,7353,10,NaN,ranking and topK comparison
cp15p00_medium_beta_coherent_t0001,1,120,formal_tps30,medium_beta_coherent,15,1,mixed_Z16_G24_Rz24,score_recompute,0.2934512,7353,10,NaN,Step12 quantized score recompute
cp15p00_medium_beta_coherent_t0001,1,120,formal_tps30,medium_beta_coherent,15,1,mixed_Z16_G24_Rz24,ranking_compare,0.158837,7353,10,NaN,ranking and topK comparison
cp15p00_medium_beta_coherent_t0001,1,120,formal_tps30,medium_beta_coherent,15,1,combined_int14,score_recompute,0.3001104,7353,10,NaN,Step12 quantized score recompute
cp15p00_medium_beta_coherent_t0001,1,120,formal_tps30,medium_beta_coherent,15,1,combined_int14,ranking_compare,0.1504296,7353,10,NaN,ranking and topK comparison
cp15p00_medium_beta_coherent_t0001,1,120,formal_tps30,medium_beta_coherent,15,1,W_int18_G24_Z16,score_recompute,0.298765,7353,10,NaN,Step12 quantized score recompute
cp15p00_medium_beta_coherent_t0001,1,120,formal_tps30,medium_beta_coherent,15,1,W_int18_G24_Z16,ranking_compare,0.1465907,7353,10,NaN,ranking and topK comparison
cp00p00_easy_noncoherent_t0002,2,120,formal_tps30,easy_noncoherent,0,2,,build_step11_input,0.0412187,NaN,10,NaN,Step11.7 frontend-like input builder
cp00p00_easy_noncoherent_t0002,2,120,formal_tps30,easy_noncoherent,0,2,,run_step11_backend,0,NaN,10,NaN,Skipped full Step11.7 backend; using Step12 score-core adapter
cp00p00_easy_noncoherent_t0002,2,120,formal_tps30,easy_noncoherent,0,2,,build_candidate_score_pack,0.888358,7353,10,NaN,Build W/Y/Z/Rz/G_cache candidate score pack
cp00p00_low_snr_hard_t0002,2,120,formal_tps30,low_snr_hard,0,2,,build_step11_input,0.0149453,NaN,10,NaN,Step11.7 frontend-like input builder
cp00p00_low_snr_hard_t0002,2,120,formal_tps30,low_snr_hard,0,2,,run_step11_backend,0,NaN,10,NaN,Skipped full Step11.7 backend; using Step12 score-core adapter
cp00p00_low_snr_hard_t0002,2,120,formal_tps30,low_snr_hard,0,2,,build_candidate_score_pack,0.7681335,7353,10,NaN,Build W/Y/Z/Rz/G_cache candidate score pack
cp00p00_cache_boundary_center_t0002,2,120,formal_tps30,cache_boundary_center,0,2,,build_step11_input,0.0098677,NaN,10,NaN,Step11.7 frontend-like input builder
cp00p00_cache_boundary_center_t0002,2,120,formal_tps30,cache_boundary_center,0,2,,run_step11_backend,0,NaN,10,NaN,Skipped full Step11.7 backend; using Step12 score-core adapter
cp00p00_cache_boundary_center_t0002,2,120,formal_tps30,cache_boundary_center,0,2,,build_candidate_score_pack,0.7693109,7353,10,NaN,Build W/Y/Z/Rz/G_cache candidate score pack
cp04p00_hard_phase_t0002,2,120,formal_tps30,hard_phase,4,2,,build_step11_input,0.0154345,NaN,10,NaN,Step11.7 frontend-like input builder
cp04p00_hard_phase_t0002,2,120,formal_tps30,hard_phase,4,2,,run_step11_backend,0,NaN,10,NaN,Skipped full Step11.7 backend; using Step12 score-core adapter
cp04p00_hard_phase_t0002,2,120,formal_tps30,hard_phase,4,2,,build_candidate_score_pack,0.7471944,7353,10,NaN,Build W/Y/Z/Rz/G_cache candidate score pack
cp04p00_medium_beta_coherent_t0002,2,120,formal_tps30,medium_beta_coherent,4,2,,build_step11_input,0.0213684,NaN,10,NaN,Step11.7 frontend-like input builder
cp04p00_medium_beta_coherent_t0002,2,120,formal_tps30,medium_beta_coherent,4,2,,run_step11_backend,0,NaN,10,NaN,Skipped full Step11.7 backend; using Step12 score-core adapter
cp04p00_medium_beta_coherent_t0002,2,120,formal_tps30,medium_beta_coherent,4,2,,build_candidate_score_pack,0.794901,7353,10,NaN,Build W/Y/Z/Rz/G_cache candidate score pack
cp08p00_easy_noncoherent_t0002,2,120,formal_tps30,easy_noncoherent,8,2,,build_step11_input,0.0068696,NaN,10,NaN,Step11.7 frontend-like input builder
cp08p00_easy_noncoherent_t0002,2,120,formal_tps30,easy_noncoherent,8,2,,run_step11_backend,0,NaN,10,NaN,Skipped full Step11.7 backend; using Step12 score-core adapter
cp08p00_easy_noncoherent_t0002,2,120,formal_tps30,easy_noncoherent,8,2,,build_candidate_score_pack,0.7587419,7353,10,NaN,Build W/Y/Z/Rz/G_cache candidate score pack
cp08p00_low_snr_hard_t0002,2,120,formal_tps30,low_snr_hard,8,2,,build_step11_input,0.0061515,NaN,10,NaN,Step11.7 frontend-like input builder
cp08p00_low_snr_hard_t0002,2,120,formal_tps30,low_snr_hard,8,2,,run_step11_backend,0,NaN,10,NaN,Skipped full Step11.7 backend; using Step12 score-core adapter
cp08p00_low_snr_hard_t0002,2,120,formal_tps30,low_snr_hard,8,2,,build_candidate_score_pack,0.7755262,7353,10,NaN,Build W/Y/Z/Rz/G_cache candidate score pack
cp08p00_cache_boundary_center_t0002,2,120,formal_tps30,cache_boundary_center,8,2,,build_step11_input,0.0095793,NaN,10,NaN,Step11.7 frontend-like input builder
cp08p00_cache_boundary_center_t0002,2,120,formal_tps30,cache_boundary_center,8,2,,run_step11_backend,0,NaN,10,NaN,Skipped full Step11.7 backend; using Step12 score-core adapter
cp08p00_cache_boundary_center_t0002,2,120,formal_tps30,cache_boundary_center,8,2,,build_candidate_score_pack,0.7655044,7353,10,NaN,Build W/Y/Z/Rz/G_cache candidate score pack
cp15p00_hard_phase_t0002,2,120,formal_tps30,hard_phase,15,2,,build_step11_input,0.0095478,NaN,10,NaN,Step11.7 frontend-like input builder
cp15p00_hard_phase_t0002,2,120,formal_tps30,hard_phase,15,2,,run_step11_backend,0,NaN,10,NaN,Skipped full Step11.7 backend; using Step12 score-core adapter
cp15p00_hard_phase_t0002,2,120,formal_tps30,hard_phase,15,2,,build_candidate_score_pack,0.7592921,7353,10,NaN,Build W/Y/Z/Rz/G_cache candidate score pack
cp15p00_medium_beta_coherent_t0002,2,120,formal_tps30,medium_beta_coherent,15,2,,build_step11_input,0.0056028,NaN,10,NaN,Step11.7 frontend-like input builder
cp15p00_medium_beta_coherent_t0002,2,120,formal_tps30,medium_beta_coherent,15,2,,run_step11_backend,0,NaN,10,NaN,Skipped full Step11.7 backend; using Step12 score-core adapter
cp15p00_medium_beta_coherent_t0002,2,120,formal_tps30,medium_beta_coherent,15,2,,build_candidate_score_pack,0.7484359,7353,10,NaN,Build W/Y/Z/Rz/G_cache candidate score pack
cp00p00_easy_noncoherent_t0002,2,120,formal_tps30,easy_noncoherent,0,2,double_baseline,score_recompute,0.3132457,7353,10,NaN,Step12 quantized score recompute
cp00p00_easy_noncoherent_t0002,2,120,formal_tps30,easy_noncoherent,0,2,double_baseline,ranking_compare,0.2165891,7353,10,NaN,ranking and topK comparison
cp00p00_easy_noncoherent_t0002,2,120,formal_tps30,easy_noncoherent,0,2,float32_all,score_recompute,0.3578087,7353,10,NaN,Step12 quantized score recompute
cp00p00_easy_noncoherent_t0002,2,120,formal_tps30,easy_noncoherent,0,2,float32_all,ranking_compare,0.1743592,7353,10,NaN,ranking and topK comparison
cp00p00_easy_noncoherent_t0002,2,120,formal_tps30,easy_noncoherent,0,2,combined_int16,score_recompute,0.3679574,7353,10,NaN,Step12 quantized score recompute
cp00p00_easy_noncoherent_t0002,2,120,formal_tps30,easy_noncoherent,0,2,combined_int16,ranking_compare,0.1821243,7353,10,NaN,ranking and topK comparison
cp00p00_easy_noncoherent_t0002,2,120,formal_tps30,easy_noncoherent,0,2,combined_int18,score_recompute,0.3744064,7353,10,NaN,Step12 quantized score recompute
cp00p00_easy_noncoherent_t0002,2,120,formal_tps30,easy_noncoherent,0,2,combined_int18,ranking_compare,0.1670928,7353,10,NaN,ranking and topK comparison
cp00p00_easy_noncoherent_t0002,2,120,formal_tps30,easy_noncoherent,0,2,combined_int24,score_recompute,0.4253205,7353,10,NaN,Step12 quantized score recompute
cp00p00_easy_noncoherent_t0002,2,120,formal_tps30,easy_noncoherent,0,2,combined_int24,ranking_compare,0.1897918,7353,10,NaN,ranking and topK comparison
cp00p00_easy_noncoherent_t0002,2,120,formal_tps30,easy_noncoherent,0,2,mixed_Z16_G24_Rz24,score_recompute,0.3183168,7353,10,NaN,Step12 quantized score recompute
cp00p00_easy_noncoherent_t0002,2,120,formal_tps30,easy_noncoherent,0,2,mixed_Z16_G24_Rz24,ranking_compare,0.1978589,7353,10,NaN,ranking and topK comparison
cp00p00_easy_noncoherent_t0002,2,120,formal_tps30,easy_noncoherent,0,2,combined_int14,score_recompute,0.4098028,7353,10,NaN,Step12 quantized score recompute
cp00p00_easy_noncoherent_t0002,2,120,formal_tps30,easy_noncoherent,0,2,combined_int14,ranking_compare,0.1676795,7353,10,NaN,ranking and topK comparison
cp00p00_easy_noncoherent_t0002,2,120,formal_tps30,easy_noncoherent,0,2,W_int18_G24_Z16,score_recompute,0.3559512,7353,10,NaN,Step12 quantized score recompute
cp00p00_easy_noncoherent_t0002,2,120,formal_tps30,easy_noncoherent,0,2,W_int18_G24_Z16,ranking_compare,0.1563332,7353,10,NaN,ranking and topK comparison
cp00p00_low_snr_hard_t0002,2,120,formal_tps30,low_snr_hard,0,2,double_baseline,score_recompute,0.3172405,7353,10,NaN,Step12 quantized score recompute
cp00p00_low_snr_hard_t0002,2,120,formal_tps30,low_snr_hard,0,2,double_baseline,ranking_compare,0.1769453,7353,10,NaN,ranking and topK comparison
cp00p00_low_snr_hard_t0002,2,120,formal_tps30,low_snr_hard,0,2,float32_all,score_recompute,0.3040948,7353,10,NaN,Step12 quantized score recompute
cp00p00_low_snr_hard_t0002,2,120,formal_tps30,low_snr_hard,0,2,float32_all,ranking_compare,0.1525025,7353,10,NaN,ranking and topK comparison
cp00p00_low_snr_hard_t0002,2,120,formal_tps30,low_snr_hard,0,2,combined_int16,score_recompute,0.3024695,7353,10,NaN,Step12 quantized score recompute
cp00p00_low_snr_hard_t0002,2,120,formal_tps30,low_snr_hard,0,2,combined_int16,ranking_compare,0.15096,7353,10,NaN,ranking and topK comparison
cp00p00_low_snr_hard_t0002,2,120,formal_tps30,low_snr_hard,0,2,combined_int18,score_recompute,0.2997515,7353,10,NaN,Step12 quantized score recompute
cp00p00_low_snr_hard_t0002,2,120,formal_tps30,low_snr_hard,0,2,combined_int18,ranking_compare,0.1529779,7353,10,NaN,ranking and topK comparison
cp00p00_low_snr_hard_t0002,2,120,formal_tps30,low_snr_hard,0,2,combined_int24,score_recompute,0.302104,7353,10,NaN,Step12 quantized score recompute
cp00p00_low_snr_hard_t0002,2,120,formal_tps30,low_snr_hard,0,2,combined_int24,ranking_compare,0.1542564,7353,10,NaN,ranking and topK comparison
cp00p00_low_snr_hard_t0002,2,120,formal_tps30,low_snr_hard,0,2,mixed_Z16_G24_Rz24,score_recompute,0.2988216,7353,10,NaN,Step12 quantized score recompute
cp00p00_low_snr_hard_t0002,2,120,formal_tps30,low_snr_hard,0,2,mixed_Z16_G24_Rz24,ranking_compare,0.1502714,7353,10,NaN,ranking and topK comparison
cp00p00_low_snr_hard_t0002,2,120,formal_tps30,low_snr_hard,0,2,combined_int14,score_recompute,0.3013474,7353,10,NaN,Step12 quantized score recompute
cp00p00_low_snr_hard_t0002,2,120,formal_tps30,low_snr_hard,0,2,combined_int14,ranking_compare,0.1517832,7353,10,NaN,ranking and topK comparison
cp00p00_low_snr_hard_t0002,2,120,formal_tps30,low_snr_hard,0,2,W_int18_G24_Z16,score_recompute,0.2968849,7353,10,NaN,Step12 quantized score recompute
cp00p00_low_snr_hard_t0002,2,120,formal_tps30,low_snr_hard,0,2,W_int18_G24_Z16,ranking_compare,0.1540624,7353,10,NaN,ranking and topK comparison
cp00p00_cache_boundary_center_t0002,2,120,formal_tps30,cache_boundary_center,0,2,double_baseline,score_recompute,0.2943315,7353,10,NaN,Step12 quantized score recompute
cp00p00_cache_boundary_center_t0002,2,120,formal_tps30,cache_boundary_center,0,2,double_baseline,ranking_compare,0.1523981,7353,10,NaN,ranking and topK comparison
cp00p00_cache_boundary_center_t0002,2,120,formal_tps30,cache_boundary_center,0,2,float32_all,score_recompute,0.3063576,7353,10,NaN,Step12 quantized score recompute
cp00p00_cache_boundary_center_t0002,2,120,formal_tps30,cache_boundary_center,0,2,float32_all,ranking_compare,0.1548146,7353,10,NaN,ranking and topK comparison
cp00p00_cache_boundary_center_t0002,2,120,formal_tps30,cache_boundary_center,0,2,combined_int16,score_recompute,0.3113504,7353,10,NaN,Step12 quantized score recompute
cp00p00_cache_boundary_center_t0002,2,120,formal_tps30,cache_boundary_center,0,2,combined_int16,ranking_compare,0.1544107,7353,10,NaN,ranking and topK comparison
cp00p00_cache_boundary_center_t0002,2,120,formal_tps30,cache_boundary_center,0,2,combined_int18,score_recompute,0.2934645,7353,10,NaN,Step12 quantized score recompute
cp00p00_cache_boundary_center_t0002,2,120,formal_tps30,cache_boundary_center,0,2,combined_int18,ranking_compare,0.152531,7353,10,NaN,ranking and topK comparison
cp00p00_cache_boundary_center_t0002,2,120,formal_tps30,cache_boundary_center,0,2,combined_int24,score_recompute,0.2950193,7353,10,NaN,Step12 quantized score recompute
cp00p00_cache_boundary_center_t0002,2,120,formal_tps30,cache_boundary_center,0,2,combined_int24,ranking_compare,0.1504673,7353,10,NaN,ranking and topK comparison
cp00p00_cache_boundary_center_t0002,2,120,formal_tps30,cache_boundary_center,0,2,mixed_Z16_G24_Rz24,score_recompute,0.3005475,7353,10,NaN,Step12 quantized score recompute
cp00p00_cache_boundary_center_t0002,2,120,formal_tps30,cache_boundary_center,0,2,mixed_Z16_G24_Rz24,ranking_compare,0.1490886,7353,10,NaN,ranking and topK comparison
cp00p00_cache_boundary_center_t0002,2,120,formal_tps30,cache_boundary_center,0,2,combined_int14,score_recompute,0.3004899,7353,10,NaN,Step12 quantized score recompute
cp00p00_cache_boundary_center_t0002,2,120,formal_tps30,cache_boundary_center,0,2,combined_int14,ranking_compare,0.1666633,7353,10,NaN,ranking and topK comparison
cp00p00_cache_boundary_center_t0002,2,120,formal_tps30,cache_boundary_center,0,2,W_int18_G24_Z16,score_recompute,0.3245769,7353,10,NaN,Step12 quantized score recompute
cp00p00_cache_boundary_center_t0002,2,120,formal_tps30,cache_boundary_center,0,2,W_int18_G24_Z16,ranking_compare,0.1579172,7353,10,NaN,ranking and topK comparison
cp04p00_hard_phase_t0002,2,120,formal_tps30,hard_phase,3.75,2,double_baseline,score_recompute,0.3060838,7353,10,NaN,Step12 quantized score recompute
cp04p00_hard_phase_t0002,2,120,formal_tps30,hard_phase,3.75,2,double_baseline,ranking_compare,0.1539979,7353,10,NaN,ranking and topK comparison
cp04p00_hard_phase_t0002,2,120,formal_tps30,hard_phase,3.75,2,float32_all,score_recompute,0.3054198,7353,10,NaN,Step12 quantized score recompute
cp04p00_hard_phase_t0002,2,120,formal_tps30,hard_phase,3.75,2,float32_all,ranking_compare,0.153143,7353,10,NaN,ranking and topK comparison
cp04p00_hard_phase_t0002,2,120,formal_tps30,hard_phase,3.75,2,combined_int16,score_recompute,0.3341246,7353,10,NaN,Step12 quantized score recompute
cp04p00_hard_phase_t0002,2,120,formal_tps30,hard_phase,3.75,2,combined_int16,ranking_compare,0.1509743,7353,10,NaN,ranking and topK comparison
cp04p00_hard_phase_t0002,2,120,formal_tps30,hard_phase,3.75,2,combined_int18,score_recompute,0.3277293,7353,10,NaN,Step12 quantized score recompute
cp04p00_hard_phase_t0002,2,120,formal_tps30,hard_phase,3.75,2,combined_int18,ranking_compare,0.1513598,7353,10,NaN,ranking and topK comparison
cp04p00_hard_phase_t0002,2,120,formal_tps30,hard_phase,3.75,2,combined_int24,score_recompute,0.326337,7353,10,NaN,Step12 quantized score recompute
cp04p00_hard_phase_t0002,2,120,formal_tps30,hard_phase,3.75,2,combined_int24,ranking_compare,0.1489758,7353,10,NaN,ranking and topK comparison
cp04p00_hard_phase_t0002,2,120,formal_tps30,hard_phase,3.75,2,mixed_Z16_G24_Rz24,score_recompute,0.2991836,7353,10,NaN,Step12 quantized score recompute
cp04p00_hard_phase_t0002,2,120,formal_tps30,hard_phase,3.75,2,mixed_Z16_G24_Rz24,ranking_compare,0.1582082,7353,10,NaN,ranking and topK comparison
cp04p00_hard_phase_t0002,2,120,formal_tps30,hard_phase,3.75,2,combined_int14,score_recompute,0.329757,7353,10,NaN,Step12 quantized score recompute
cp04p00_hard_phase_t0002,2,120,formal_tps30,hard_phase,3.75,2,combined_int14,ranking_compare,0.1514492,7353,10,NaN,ranking and topK comparison
cp04p00_hard_phase_t0002,2,120,formal_tps30,hard_phase,3.75,2,W_int18_G24_Z16,score_recompute,0.3254822,7353,10,NaN,Step12 quantized score recompute
cp04p00_hard_phase_t0002,2,120,formal_tps30,hard_phase,3.75,2,W_int18_G24_Z16,ranking_compare,0.1574298,7353,10,NaN,ranking and topK comparison
cp04p00_medium_beta_coherent_t0002,2,120,formal_tps30,medium_beta_coherent,3.75,2,double_baseline,score_recompute,0.3154162,7353,10,NaN,Step12 quantized score recompute
cp04p00_medium_beta_coherent_t0002,2,120,formal_tps30,medium_beta_coherent,3.75,2,double_baseline,ranking_compare,0.1524317,7353,10,NaN,ranking and topK comparison
cp04p00_medium_beta_coherent_t0002,2,120,formal_tps30,medium_beta_coherent,3.75,2,float32_all,score_recompute,0.2975731,7353,10,NaN,Step12 quantized score recompute
cp04p00_medium_beta_coherent_t0002,2,120,formal_tps30,medium_beta_coherent,3.75,2,float32_all,ranking_compare,0.1514952,7353,10,NaN,ranking and topK comparison
cp04p00_medium_beta_coherent_t0002,2,120,formal_tps30,medium_beta_coherent,3.75,2,combined_int16,score_recompute,0.3061032,7353,10,NaN,Step12 quantized score recompute
cp04p00_medium_beta_coherent_t0002,2,120,formal_tps30,medium_beta_coherent,3.75,2,combined_int16,ranking_compare,0.151496,7353,10,NaN,ranking and topK comparison
cp04p00_medium_beta_coherent_t0002,2,120,formal_tps30,medium_beta_coherent,3.75,2,combined_int18,score_recompute,0.2967673,7353,10,NaN,Step12 quantized score recompute
cp04p00_medium_beta_coherent_t0002,2,120,formal_tps30,medium_beta_coherent,3.75,2,combined_int18,ranking_compare,0.1536575,7353,10,NaN,ranking and topK comparison
cp04p00_medium_beta_coherent_t0002,2,120,formal_tps30,medium_beta_coherent,3.75,2,combined_int24,score_recompute,0.3013145,7353,10,NaN,Step12 quantized score recompute
cp04p00_medium_beta_coherent_t0002,2,120,formal_tps30,medium_beta_coherent,3.75,2,combined_int24,ranking_compare,0.1519828,7353,10,NaN,ranking and topK comparison
cp04p00_medium_beta_coherent_t0002,2,120,formal_tps30,medium_beta_coherent,3.75,2,mixed_Z16_G24_Rz24,score_recompute,0.2967596,7353,10,NaN,Step12 quantized score recompute
cp04p00_medium_beta_coherent_t0002,2,120,formal_tps30,medium_beta_coherent,3.75,2,mixed_Z16_G24_Rz24,ranking_compare,0.1528137,7353,10,NaN,ranking and topK comparison
cp04p00_medium_beta_coherent_t0002,2,120,formal_tps30,medium_beta_coherent,3.75,2,combined_int14,score_recompute,0.3021341,7353,10,NaN,Step12 quantized score recompute
cp04p00_medium_beta_coherent_t0002,2,120,formal_tps30,medium_beta_coherent,3.75,2,combined_int14,ranking_compare,0.1504916,7353,10,NaN,ranking and topK comparison
cp04p00_medium_beta_coherent_t0002,2,120,formal_tps30,medium_beta_coherent,3.75,2,W_int18_G24_Z16,score_recompute,0.2974942,7353,10,NaN,Step12 quantized score recompute
cp04p00_medium_beta_coherent_t0002,2,120,formal_tps30,medium_beta_coherent,3.75,2,W_int18_G24_Z16,ranking_compare,0.149873,7353,10,NaN,ranking and topK comparison
cp08p00_easy_noncoherent_t0002,2,120,formal_tps30,easy_noncoherent,7.5,2,double_baseline,score_recompute,0.2973133,7353,10,NaN,Step12 quantized score recompute
cp08p00_easy_noncoherent_t0002,2,120,formal_tps30,easy_noncoherent,7.5,2,double_baseline,ranking_compare,0.1537346,7353,10,NaN,ranking and topK comparison
cp08p00_easy_noncoherent_t0002,2,120,formal_tps30,easy_noncoherent,7.5,2,float32_all,score_recompute,0.2967906,7353,10,NaN,Step12 quantized score recompute
cp08p00_easy_noncoherent_t0002,2,120,formal_tps30,easy_noncoherent,7.5,2,float32_all,ranking_compare,0.1535684,7353,10,NaN,ranking and topK comparison
cp08p00_easy_noncoherent_t0002,2,120,formal_tps30,easy_noncoherent,7.5,2,combined_int16,score_recompute,0.3270924,7353,10,NaN,Step12 quantized score recompute
cp08p00_easy_noncoherent_t0002,2,120,formal_tps30,easy_noncoherent,7.5,2,combined_int16,ranking_compare,0.1540317,7353,10,NaN,ranking and topK comparison
cp08p00_easy_noncoherent_t0002,2,120,formal_tps30,easy_noncoherent,7.5,2,combined_int18,score_recompute,0.3431048,7353,10,NaN,Step12 quantized score recompute
cp08p00_easy_noncoherent_t0002,2,120,formal_tps30,easy_noncoherent,7.5,2,combined_int18,ranking_compare,0.1536589,7353,10,NaN,ranking and topK comparison
cp08p00_easy_noncoherent_t0002,2,120,formal_tps30,easy_noncoherent,7.5,2,combined_int24,score_recompute,0.3317663,7353,10,NaN,Step12 quantized score recompute
cp08p00_easy_noncoherent_t0002,2,120,formal_tps30,easy_noncoherent,7.5,2,combined_int24,ranking_compare,0.151048,7353,10,NaN,ranking and topK comparison
cp08p00_easy_noncoherent_t0002,2,120,formal_tps30,easy_noncoherent,7.5,2,mixed_Z16_G24_Rz24,score_recompute,0.3032422,7353,10,NaN,Step12 quantized score recompute
cp08p00_easy_noncoherent_t0002,2,120,formal_tps30,easy_noncoherent,7.5,2,mixed_Z16_G24_Rz24,ranking_compare,0.1551762,7353,10,NaN,ranking and topK comparison
cp08p00_easy_noncoherent_t0002,2,120,formal_tps30,easy_noncoherent,7.5,2,combined_int14,score_recompute,0.3296002,7353,10,NaN,Step12 quantized score recompute
cp08p00_easy_noncoherent_t0002,2,120,formal_tps30,easy_noncoherent,7.5,2,combined_int14,ranking_compare,0.1509001,7353,10,NaN,ranking and topK comparison
cp08p00_easy_noncoherent_t0002,2,120,formal_tps30,easy_noncoherent,7.5,2,W_int18_G24_Z16,score_recompute,0.3285925,7353,10,NaN,Step12 quantized score recompute
cp08p00_easy_noncoherent_t0002,2,120,formal_tps30,easy_noncoherent,7.5,2,W_int18_G24_Z16,ranking_compare,0.1531554,7353,10,NaN,ranking and topK comparison
cp08p00_low_snr_hard_t0002,2,120,formal_tps30,low_snr_hard,7.5,2,double_baseline,score_recompute,0.2936781,7353,10,NaN,Step12 quantized score recompute
cp08p00_low_snr_hard_t0002,2,120,formal_tps30,low_snr_hard,7.5,2,double_baseline,ranking_compare,0.1485257,7353,10,NaN,ranking and topK comparison
cp08p00_low_snr_hard_t0002,2,120,formal_tps30,low_snr_hard,7.5,2,float32_all,score_recompute,0.297595,7353,10,NaN,Step12 quantized score recompute
cp08p00_low_snr_hard_t0002,2,120,formal_tps30,low_snr_hard,7.5,2,float32_all,ranking_compare,0.1495024,7353,10,NaN,ranking and topK comparison
cp08p00_low_snr_hard_t0002,2,120,formal_tps30,low_snr_hard,7.5,2,combined_int16,score_recompute,0.2991738,7353,10,NaN,Step12 quantized score recompute
cp08p00_low_snr_hard_t0002,2,120,formal_tps30,low_snr_hard,7.5,2,combined_int16,ranking_compare,0.1538779,7353,10,NaN,ranking and topK comparison
cp08p00_low_snr_hard_t0002,2,120,formal_tps30,low_snr_hard,7.5,2,combined_int18,score_recompute,0.3023072,7353,10,NaN,Step12 quantized score recompute
cp08p00_low_snr_hard_t0002,2,120,formal_tps30,low_snr_hard,7.5,2,combined_int18,ranking_compare,0.1521479,7353,10,NaN,ranking and topK comparison
cp08p00_low_snr_hard_t0002,2,120,formal_tps30,low_snr_hard,7.5,2,combined_int24,score_recompute,0.2951148,7353,10,NaN,Step12 quantized score recompute
cp08p00_low_snr_hard_t0002,2,120,formal_tps30,low_snr_hard,7.5,2,combined_int24,ranking_compare,0.1498667,7353,10,NaN,ranking and topK comparison
cp08p00_low_snr_hard_t0002,2,120,formal_tps30,low_snr_hard,7.5,2,mixed_Z16_G24_Rz24,score_recompute,0.3036795,7353,10,NaN,Step12 quantized score recompute
cp08p00_low_snr_hard_t0002,2,120,formal_tps30,low_snr_hard,7.5,2,mixed_Z16_G24_Rz24,ranking_compare,0.1661938,7353,10,NaN,ranking and topK comparison
cp08p00_low_snr_hard_t0002,2,120,formal_tps30,low_snr_hard,7.5,2,combined_int14,score_recompute,0.3003278,7353,10,NaN,Step12 quantized score recompute
cp08p00_low_snr_hard_t0002,2,120,formal_tps30,low_snr_hard,7.5,2,combined_int14,ranking_compare,0.1522476,7353,10,NaN,ranking and topK comparison
cp08p00_low_snr_hard_t0002,2,120,formal_tps30,low_snr_hard,7.5,2,W_int18_G24_Z16,score_recompute,0.2960568,7353,10,NaN,Step12 quantized score recompute
cp08p00_low_snr_hard_t0002,2,120,formal_tps30,low_snr_hard,7.5,2,W_int18_G24_Z16,ranking_compare,0.1518344,7353,10,NaN,ranking and topK comparison
cp08p00_cache_boundary_center_t0002,2,120,formal_tps30,cache_boundary_center,7.5,2,double_baseline,score_recompute,0.2943304,7353,10,NaN,Step12 quantized score recompute
cp08p00_cache_boundary_center_t0002,2,120,formal_tps30,cache_boundary_center,7.5,2,double_baseline,ranking_compare,0.1492791,7353,10,NaN,ranking and topK comparison
cp08p00_cache_boundary_center_t0002,2,120,formal_tps30,cache_boundary_center,7.5,2,float32_all,score_recompute,0.2947342,7353,10,NaN,Step12 quantized score recompute
cp08p00_cache_boundary_center_t0002,2,120,formal_tps30,cache_boundary_center,7.5,2,float32_all,ranking_compare,0.1529692,7353,10,NaN,ranking and topK comparison
cp08p00_cache_boundary_center_t0002,2,120,formal_tps30,cache_boundary_center,7.5,2,combined_int16,score_recompute,0.2968642,7353,10,NaN,Step12 quantized score recompute
cp08p00_cache_boundary_center_t0002,2,120,formal_tps30,cache_boundary_center,7.5,2,combined_int16,ranking_compare,0.1508125,7353,10,NaN,ranking and topK comparison
cp08p00_cache_boundary_center_t0002,2,120,formal_tps30,cache_boundary_center,7.5,2,combined_int18,score_recompute,0.2932129,7353,10,NaN,Step12 quantized score recompute
cp08p00_cache_boundary_center_t0002,2,120,formal_tps30,cache_boundary_center,7.5,2,combined_int18,ranking_compare,0.150198,7353,10,NaN,ranking and topK comparison
cp08p00_cache_boundary_center_t0002,2,120,formal_tps30,cache_boundary_center,7.5,2,combined_int24,score_recompute,0.2940647,7353,10,NaN,Step12 quantized score recompute
cp08p00_cache_boundary_center_t0002,2,120,formal_tps30,cache_boundary_center,7.5,2,combined_int24,ranking_compare,0.1490161,7353,10,NaN,ranking and topK comparison
cp08p00_cache_boundary_center_t0002,2,120,formal_tps30,cache_boundary_center,7.5,2,mixed_Z16_G24_Rz24,score_recompute,0.2950591,7353,10,NaN,Step12 quantized score recompute
cp08p00_cache_boundary_center_t0002,2,120,formal_tps30,cache_boundary_center,7.5,2,mixed_Z16_G24_Rz24,ranking_compare,0.1488646,7353,10,NaN,ranking and topK comparison
cp08p00_cache_boundary_center_t0002,2,120,formal_tps30,cache_boundary_center,7.5,2,combined_int14,score_recompute,0.3000185,7353,10,NaN,Step12 quantized score recompute
cp08p00_cache_boundary_center_t0002,2,120,formal_tps30,cache_boundary_center,7.5,2,combined_int14,ranking_compare,0.1500091,7353,10,NaN,ranking and topK comparison
cp08p00_cache_boundary_center_t0002,2,120,formal_tps30,cache_boundary_center,7.5,2,W_int18_G24_Z16,score_recompute,0.2972195,7353,10,NaN,Step12 quantized score recompute
cp08p00_cache_boundary_center_t0002,2,120,formal_tps30,cache_boundary_center,7.5,2,W_int18_G24_Z16,ranking_compare,0.1487404,7353,10,NaN,ranking and topK comparison
cp15p00_hard_phase_t0002,2,120,formal_tps30,hard_phase,15,2,double_baseline,score_recompute,0.2971474,7353,10,NaN,Step12 quantized score recompute
cp15p00_hard_phase_t0002,2,120,formal_tps30,hard_phase,15,2,double_baseline,ranking_compare,0.1520947,7353,10,NaN,ranking and topK comparison
cp15p00_hard_phase_t0002,2,120,formal_tps30,hard_phase,15,2,float32_all,score_recompute,0.2994616,7353,10,NaN,Step12 quantized score recompute
cp15p00_hard_phase_t0002,2,120,formal_tps30,hard_phase,15,2,float32_all,ranking_compare,0.1479635,7353,10,NaN,ranking and topK comparison
cp15p00_hard_phase_t0002,2,120,formal_tps30,hard_phase,15,2,combined_int16,score_recompute,0.3320354,7353,10,NaN,Step12 quantized score recompute
cp15p00_hard_phase_t0002,2,120,formal_tps30,hard_phase,15,2,combined_int16,ranking_compare,0.1536524,7353,10,NaN,ranking and topK comparison
cp15p00_hard_phase_t0002,2,120,formal_tps30,hard_phase,15,2,combined_int18,score_recompute,0.330826,7353,10,NaN,Step12 quantized score recompute
cp15p00_hard_phase_t0002,2,120,formal_tps30,hard_phase,15,2,combined_int18,ranking_compare,0.1511348,7353,10,NaN,ranking and topK comparison
cp15p00_hard_phase_t0002,2,120,formal_tps30,hard_phase,15,2,combined_int24,score_recompute,0.3353905,7353,10,NaN,Step12 quantized score recompute
cp15p00_hard_phase_t0002,2,120,formal_tps30,hard_phase,15,2,combined_int24,ranking_compare,0.1513224,7353,10,NaN,ranking and topK comparison
cp15p00_hard_phase_t0002,2,120,formal_tps30,hard_phase,15,2,mixed_Z16_G24_Rz24,score_recompute,0.2979067,7353,10,NaN,Step12 quantized score recompute
cp15p00_hard_phase_t0002,2,120,formal_tps30,hard_phase,15,2,mixed_Z16_G24_Rz24,ranking_compare,0.1508242,7353,10,NaN,ranking and topK comparison
cp15p00_hard_phase_t0002,2,120,formal_tps30,hard_phase,15,2,combined_int14,score_recompute,0.3354493,7353,10,NaN,Step12 quantized score recompute
cp15p00_hard_phase_t0002,2,120,formal_tps30,hard_phase,15,2,combined_int14,ranking_compare,0.161429,7353,10,NaN,ranking and topK comparison
cp15p00_hard_phase_t0002,2,120,formal_tps30,hard_phase,15,2,W_int18_G24_Z16,score_recompute,0.3880804,7353,10,NaN,Step12 quantized score recompute
cp15p00_hard_phase_t0002,2,120,formal_tps30,hard_phase,15,2,W_int18_G24_Z16,ranking_compare,0.1634546,7353,10,NaN,ranking and topK comparison
cp15p00_medium_beta_coherent_t0002,2,120,formal_tps30,medium_beta_coherent,15,2,double_baseline,score_recompute,0.302804,7353,10,NaN,Step12 quantized score recompute
cp15p00_medium_beta_coherent_t0002,2,120,formal_tps30,medium_beta_coherent,15,2,double_baseline,ranking_compare,0.1486528,7353,10,NaN,ranking and topK comparison
cp15p00_medium_beta_coherent_t0002,2,120,formal_tps30,medium_beta_coherent,15,2,float32_all,score_recompute,0.3130336,7353,10,NaN,Step12 quantized score recompute
cp15p00_medium_beta_coherent_t0002,2,120,formal_tps30,medium_beta_coherent,15,2,float32_all,ranking_compare,0.1732905,7353,10,NaN,ranking and topK comparison
cp15p00_medium_beta_coherent_t0002,2,120,formal_tps30,medium_beta_coherent,15,2,combined_int16,score_recompute,0.2916926,7353,10,NaN,Step12 quantized score recompute
cp15p00_medium_beta_coherent_t0002,2,120,formal_tps30,medium_beta_coherent,15,2,combined_int16,ranking_compare,0.1510777,7353,10,NaN,ranking and topK comparison
cp15p00_medium_beta_coherent_t0002,2,120,formal_tps30,medium_beta_coherent,15,2,combined_int18,score_recompute,0.3036737,7353,10,NaN,Step12 quantized score recompute
cp15p00_medium_beta_coherent_t0002,2,120,formal_tps30,medium_beta_coherent,15,2,combined_int18,ranking_compare,0.1517851,7353,10,NaN,ranking and topK comparison
cp15p00_medium_beta_coherent_t0002,2,120,formal_tps30,medium_beta_coherent,15,2,combined_int24,score_recompute,0.300008,7353,10,NaN,Step12 quantized score recompute
cp15p00_medium_beta_coherent_t0002,2,120,formal_tps30,medium_beta_coherent,15,2,combined_int24,ranking_compare,0.1558883,7353,10,NaN,ranking and topK comparison
cp15p00_medium_beta_coherent_t0002,2,120,formal_tps30,medium_beta_coherent,15,2,mixed_Z16_G24_Rz24,score_recompute,0.2977075,7353,10,NaN,Step12 quantized score recompute
cp15p00_medium_beta_coherent_t0002,2,120,formal_tps30,medium_beta_coherent,15,2,mixed_Z16_G24_Rz24,ranking_compare,0.1510523,7353,10,NaN,ranking and topK comparison
cp15p00_medium_beta_coherent_t0002,2,120,formal_tps30,medium_beta_coherent,15,2,combined_int14,score_recompute,0.2965643,7353,10,NaN,Step12 quantized score recompute
cp15p00_medium_beta_coherent_t0002,2,120,formal_tps30,medium_beta_coherent,15,2,combined_int14,ranking_compare,0.151473,7353,10,NaN,ranking and topK comparison
cp15p00_medium_beta_coherent_t0002,2,120,formal_tps30,medium_beta_coherent,15,2,W_int18_G24_Z16,score_recompute,0.2964318,7353,10,NaN,Step12 quantized score recompute
cp15p00_medium_beta_coherent_t0002,2,120,formal_tps30,medium_beta_coherent,15,2,W_int18_G24_Z16,ranking_compare,0.152624,7353,10,NaN,ranking and topK comparison
cp00p00_easy_noncoherent_t0003,3,120,formal_tps30,easy_noncoherent,0,3,,build_step11_input,0.038558,NaN,10,NaN,Step11.7 frontend-like input builder
cp00p00_easy_noncoherent_t0003,3,120,formal_tps30,easy_noncoherent,0,3,,run_step11_backend,0,NaN,10,NaN,Skipped full Step11.7 backend; using Step12 score-core adapter
cp00p00_easy_noncoherent_t0003,3,120,formal_tps30,easy_noncoherent,0,3,,build_candidate_score_pack,0.8801572,7353,10,NaN,Build W/Y/Z/Rz/G_cache candidate score pack
cp00p00_low_snr_hard_t0003,3,120,formal_tps30,low_snr_hard,0,3,,build_step11_input,0.0147293,NaN,10,NaN,Step11.7 frontend-like input builder
cp00p00_low_snr_hard_t0003,3,120,formal_tps30,low_snr_hard,0,3,,run_step11_backend,0,NaN,10,NaN,Skipped full Step11.7 backend; using Step12 score-core adapter
cp00p00_low_snr_hard_t0003,3,120,formal_tps30,low_snr_hard,0,3,,build_candidate_score_pack,0.7792449,7353,10,NaN,Build W/Y/Z/Rz/G_cache candidate score pack
cp00p00_cache_boundary_center_t0003,3,120,formal_tps30,cache_boundary_center,0,3,,build_step11_input,0.0102116,NaN,10,NaN,Step11.7 frontend-like input builder
cp00p00_cache_boundary_center_t0003,3,120,formal_tps30,cache_boundary_center,0,3,,run_step11_backend,0,NaN,10,NaN,Skipped full Step11.7 backend; using Step12 score-core adapter
cp00p00_cache_boundary_center_t0003,3,120,formal_tps30,cache_boundary_center,0,3,,build_candidate_score_pack,0.7767418,7353,10,NaN,Build W/Y/Z/Rz/G_cache candidate score pack
cp04p00_hard_phase_t0003,3,120,formal_tps30,hard_phase,4,3,,build_step11_input,0.0144096,NaN,10,NaN,Step11.7 frontend-like input builder
cp04p00_hard_phase_t0003,3,120,formal_tps30,hard_phase,4,3,,run_step11_backend,0,NaN,10,NaN,Skipped full Step11.7 backend; using Step12 score-core adapter
cp04p00_hard_phase_t0003,3,120,formal_tps30,hard_phase,4,3,,build_candidate_score_pack,0.770385,7353,10,NaN,Build W/Y/Z/Rz/G_cache candidate score pack
cp04p00_medium_beta_coherent_t0003,3,120,formal_tps30,medium_beta_coherent,4,3,,build_step11_input,0.0208551,NaN,10,NaN,Step11.7 frontend-like input builder
cp04p00_medium_beta_coherent_t0003,3,120,formal_tps30,medium_beta_coherent,4,3,,run_step11_backend,0,NaN,10,NaN,Skipped full Step11.7 backend; using Step12 score-core adapter
cp04p00_medium_beta_coherent_t0003,3,120,formal_tps30,medium_beta_coherent,4,3,,build_candidate_score_pack,0.8051298,7353,10,NaN,Build W/Y/Z/Rz/G_cache candidate score pack
cp08p00_easy_noncoherent_t0003,3,120,formal_tps30,easy_noncoherent,8,3,,build_step11_input,0.0070268,NaN,10,NaN,Step11.7 frontend-like input builder
cp08p00_easy_noncoherent_t0003,3,120,formal_tps30,easy_noncoherent,8,3,,run_step11_backend,0,NaN,10,NaN,Skipped full Step11.7 backend; using Step12 score-core adapter
cp08p00_easy_noncoherent_t0003,3,120,formal_tps30,easy_noncoherent,8,3,,build_candidate_score_pack,0.761754,7353,10,NaN,Build W/Y/Z/Rz/G_cache candidate score pack
cp08p00_low_snr_hard_t0003,3,120,formal_tps30,low_snr_hard,8,3,,build_step11_input,0.0065901,NaN,10,NaN,Step11.7 frontend-like input builder
cp08p00_low_snr_hard_t0003,3,120,formal_tps30,low_snr_hard,8,3,,run_step11_backend,0,NaN,10,NaN,Skipped full Step11.7 backend; using Step12 score-core adapter
cp08p00_low_snr_hard_t0003,3,120,formal_tps30,low_snr_hard,8,3,,build_candidate_score_pack,0.7610057,7353,10,NaN,Build W/Y/Z/Rz/G_cache candidate score pack
cp08p00_cache_boundary_center_t0003,3,120,formal_tps30,cache_boundary_center,8,3,,build_step11_input,0.0058723,NaN,10,NaN,Step11.7 frontend-like input builder
cp08p00_cache_boundary_center_t0003,3,120,formal_tps30,cache_boundary_center,8,3,,run_step11_backend,0,NaN,10,NaN,Skipped full Step11.7 backend; using Step12 score-core adapter
cp08p00_cache_boundary_center_t0003,3,120,formal_tps30,cache_boundary_center,8,3,,build_candidate_score_pack,0.7633629,7353,10,NaN,Build W/Y/Z/Rz/G_cache candidate score pack
cp15p00_hard_phase_t0003,3,120,formal_tps30,hard_phase,15,3,,build_step11_input,0.0057923,NaN,10,NaN,Step11.7 frontend-like input builder
cp15p00_hard_phase_t0003,3,120,formal_tps30,hard_phase,15,3,,run_step11_backend,0,NaN,10,NaN,Skipped full Step11.7 backend; using Step12 score-core adapter
cp15p00_hard_phase_t0003,3,120,formal_tps30,hard_phase,15,3,,build_candidate_score_pack,0.7649555,7353,10,NaN,Build W/Y/Z/Rz/G_cache candidate score pack
cp15p00_medium_beta_coherent_t0003,3,120,formal_tps30,medium_beta_coherent,15,3,,build_step11_input,0.0063784,NaN,10,NaN,Step11.7 frontend-like input builder
cp15p00_medium_beta_coherent_t0003,3,120,formal_tps30,medium_beta_coherent,15,3,,run_step11_backend,0,NaN,10,NaN,Skipped full Step11.7 backend; using Step12 score-core adapter
cp15p00_medium_beta_coherent_t0003,3,120,formal_tps30,medium_beta_coherent,15,3,,build_candidate_score_pack,0.7559009,7353,10,NaN,Build W/Y/Z/Rz/G_cache candidate score pack
cp00p00_easy_noncoherent_t0003,3,120,formal_tps30,easy_noncoherent,0,3,double_baseline,score_recompute,0.3277355,7353,10,NaN,Step12 quantized score recompute
cp00p00_easy_noncoherent_t0003,3,120,formal_tps30,easy_noncoherent,0,3,double_baseline,ranking_compare,0.2350761,7353,10,NaN,ranking and topK comparison
cp00p00_easy_noncoherent_t0003,3,120,formal_tps30,easy_noncoherent,0,3,float32_all,score_recompute,0.3699725,7353,10,NaN,Step12 quantized score recompute
cp00p00_easy_noncoherent_t0003,3,120,formal_tps30,easy_noncoherent,0,3,float32_all,ranking_compare,0.1817695,7353,10,NaN,ranking and topK comparison
cp00p00_easy_noncoherent_t0003,3,120,formal_tps30,easy_noncoherent,0,3,combined_int16,score_recompute,0.360845,7353,10,NaN,Step12 quantized score recompute
cp00p00_easy_noncoherent_t0003,3,120,formal_tps30,easy_noncoherent,0,3,combined_int16,ranking_compare,0.1720482,7353,10,NaN,ranking and topK comparison
cp00p00_easy_noncoherent_t0003,3,120,formal_tps30,easy_noncoherent,0,3,combined_int18,score_recompute,0.3582075,7353,10,NaN,Step12 quantized score recompute
cp00p00_easy_noncoherent_t0003,3,120,formal_tps30,easy_noncoherent,0,3,combined_int18,ranking_compare,0.1515953,7353,10,NaN,ranking and topK comparison
cp00p00_easy_noncoherent_t0003,3,120,formal_tps30,easy_noncoherent,0,3,combined_int24,score_recompute,0.3425171,7353,10,NaN,Step12 quantized score recompute
cp00p00_easy_noncoherent_t0003,3,120,formal_tps30,easy_noncoherent,0,3,combined_int24,ranking_compare,0.1699376,7353,10,NaN,ranking and topK comparison
cp00p00_easy_noncoherent_t0003,3,120,formal_tps30,easy_noncoherent,0,3,mixed_Z16_G24_Rz24,score_recompute,0.2947706,7353,10,NaN,Step12 quantized score recompute
cp00p00_easy_noncoherent_t0003,3,120,formal_tps30,easy_noncoherent,0,3,mixed_Z16_G24_Rz24,ranking_compare,0.1501744,7353,10,NaN,ranking and topK comparison
cp00p00_easy_noncoherent_t0003,3,120,formal_tps30,easy_noncoherent,0,3,combined_int14,score_recompute,0.3333079,7353,10,NaN,Step12 quantized score recompute
cp00p00_easy_noncoherent_t0003,3,120,formal_tps30,easy_noncoherent,0,3,combined_int14,ranking_compare,0.149639,7353,10,NaN,ranking and topK comparison
cp00p00_easy_noncoherent_t0003,3,120,formal_tps30,easy_noncoherent,0,3,W_int18_G24_Z16,score_recompute,0.3314636,7353,10,NaN,Step12 quantized score recompute
cp00p00_easy_noncoherent_t0003,3,120,formal_tps30,easy_noncoherent,0,3,W_int18_G24_Z16,ranking_compare,0.1573194,7353,10,NaN,ranking and topK comparison
cp00p00_low_snr_hard_t0003,3,120,formal_tps30,low_snr_hard,0,3,double_baseline,score_recompute,0.3086261,7353,10,NaN,Step12 quantized score recompute
cp00p00_low_snr_hard_t0003,3,120,formal_tps30,low_snr_hard,0,3,double_baseline,ranking_compare,0.1835775,7353,10,NaN,ranking and topK comparison
cp00p00_low_snr_hard_t0003,3,120,formal_tps30,low_snr_hard,0,3,float32_all,score_recompute,0.3003485,7353,10,NaN,Step12 quantized score recompute
cp00p00_low_snr_hard_t0003,3,120,formal_tps30,low_snr_hard,0,3,float32_all,ranking_compare,0.1597889,7353,10,NaN,ranking and topK comparison
cp00p00_low_snr_hard_t0003,3,120,formal_tps30,low_snr_hard,0,3,combined_int16,score_recompute,0.3060897,7353,10,NaN,Step12 quantized score recompute
cp00p00_low_snr_hard_t0003,3,120,formal_tps30,low_snr_hard,0,3,combined_int16,ranking_compare,0.1550574,7353,10,NaN,ranking and topK comparison
cp00p00_low_snr_hard_t0003,3,120,formal_tps30,low_snr_hard,0,3,combined_int18,score_recompute,0.3018126,7353,10,NaN,Step12 quantized score recompute
cp00p00_low_snr_hard_t0003,3,120,formal_tps30,low_snr_hard,0,3,combined_int18,ranking_compare,0.184119,7353,10,NaN,ranking and topK comparison
cp00p00_low_snr_hard_t0003,3,120,formal_tps30,low_snr_hard,0,3,combined_int24,score_recompute,0.3254732,7353,10,NaN,Step12 quantized score recompute
cp00p00_low_snr_hard_t0003,3,120,formal_tps30,low_snr_hard,0,3,combined_int24,ranking_compare,0.1585606,7353,10,NaN,ranking and topK comparison
cp00p00_low_snr_hard_t0003,3,120,formal_tps30,low_snr_hard,0,3,mixed_Z16_G24_Rz24,score_recompute,0.3139338,7353,10,NaN,Step12 quantized score recompute
cp00p00_low_snr_hard_t0003,3,120,formal_tps30,low_snr_hard,0,3,mixed_Z16_G24_Rz24,ranking_compare,0.1592157,7353,10,NaN,ranking and topK comparison
cp00p00_low_snr_hard_t0003,3,120,formal_tps30,low_snr_hard,0,3,combined_int14,score_recompute,0.3026094,7353,10,NaN,Step12 quantized score recompute
cp00p00_low_snr_hard_t0003,3,120,formal_tps30,low_snr_hard,0,3,combined_int14,ranking_compare,0.1542921,7353,10,NaN,ranking and topK comparison
cp00p00_low_snr_hard_t0003,3,120,formal_tps30,low_snr_hard,0,3,W_int18_G24_Z16,score_recompute,0.3063378,7353,10,NaN,Step12 quantized score recompute
cp00p00_low_snr_hard_t0003,3,120,formal_tps30,low_snr_hard,0,3,W_int18_G24_Z16,ranking_compare,0.159641,7353,10,NaN,ranking and topK comparison
cp00p00_cache_boundary_center_t0003,3,120,formal_tps30,cache_boundary_center,0,3,double_baseline,score_recompute,0.3153962,7353,10,NaN,Step12 quantized score recompute
cp00p00_cache_boundary_center_t0003,3,120,formal_tps30,cache_boundary_center,0,3,double_baseline,ranking_compare,0.167994,7353,10,NaN,ranking and topK comparison
cp00p00_cache_boundary_center_t0003,3,120,formal_tps30,cache_boundary_center,0,3,float32_all,score_recompute,0.3279636,7353,10,NaN,Step12 quantized score recompute
cp00p00_cache_boundary_center_t0003,3,120,formal_tps30,cache_boundary_center,0,3,float32_all,ranking_compare,0.1595611,7353,10,NaN,ranking and topK comparison
cp00p00_cache_boundary_center_t0003,3,120,formal_tps30,cache_boundary_center,0,3,combined_int16,score_recompute,0.318053,7353,10,NaN,Step12 quantized score recompute
cp00p00_cache_boundary_center_t0003,3,120,formal_tps30,cache_boundary_center,0,3,combined_int16,ranking_compare,0.172733,7353,10,NaN,ranking and topK comparison
cp00p00_cache_boundary_center_t0003,3,120,formal_tps30,cache_boundary_center,0,3,combined_int18,score_recompute,0.2995321,7353,10,NaN,Step12 quantized score recompute
cp00p00_cache_boundary_center_t0003,3,120,formal_tps30,cache_boundary_center,0,3,combined_int18,ranking_compare,0.1579685,7353,10,NaN,ranking and topK comparison
cp00p00_cache_boundary_center_t0003,3,120,formal_tps30,cache_boundary_center,0,3,combined_int24,score_recompute,0.3137855,7353,10,NaN,Step12 quantized score recompute
cp00p00_cache_boundary_center_t0003,3,120,formal_tps30,cache_boundary_center,0,3,combined_int24,ranking_compare,0.1806396,7353,10,NaN,ranking and topK comparison
cp00p00_cache_boundary_center_t0003,3,120,formal_tps30,cache_boundary_center,0,3,mixed_Z16_G24_Rz24,score_recompute,0.3263748,7353,10,NaN,Step12 quantized score recompute
cp00p00_cache_boundary_center_t0003,3,120,formal_tps30,cache_boundary_center,0,3,mixed_Z16_G24_Rz24,ranking_compare,0.1652003,7353,10,NaN,ranking and topK comparison
cp00p00_cache_boundary_center_t0003,3,120,formal_tps30,cache_boundary_center,0,3,combined_int14,score_recompute,0.3342006,7353,10,NaN,Step12 quantized score recompute
cp00p00_cache_boundary_center_t0003,3,120,formal_tps30,cache_boundary_center,0,3,combined_int14,ranking_compare,0.1775382,7353,10,NaN,ranking and topK comparison
cp00p00_cache_boundary_center_t0003,3,120,formal_tps30,cache_boundary_center,0,3,W_int18_G24_Z16,score_recompute,0.3340672,7353,10,NaN,Step12 quantized score recompute
cp00p00_cache_boundary_center_t0003,3,120,formal_tps30,cache_boundary_center,0,3,W_int18_G24_Z16,ranking_compare,0.1764088,7353,10,NaN,ranking and topK comparison
cp04p00_hard_phase_t0003,3,120,formal_tps30,hard_phase,3.75,3,double_baseline,score_recompute,0.3165785,7353,10,NaN,Step12 quantized score recompute
cp04p00_hard_phase_t0003,3,120,formal_tps30,hard_phase,3.75,3,double_baseline,ranking_compare,0.1641841,7353,10,NaN,ranking and topK comparison
cp04p00_hard_phase_t0003,3,120,formal_tps30,hard_phase,3.75,3,float32_all,score_recompute,0.3927728,7353,10,NaN,Step12 quantized score recompute
cp04p00_hard_phase_t0003,3,120,formal_tps30,hard_phase,3.75,3,float32_all,ranking_compare,0.1695477,7353,10,NaN,ranking and topK comparison
cp04p00_hard_phase_t0003,3,120,formal_tps30,hard_phase,3.75,3,combined_int16,score_recompute,0.3829739,7353,10,NaN,Step12 quantized score recompute
cp04p00_hard_phase_t0003,3,120,formal_tps30,hard_phase,3.75,3,combined_int16,ranking_compare,0.1607575,7353,10,NaN,ranking and topK comparison
cp04p00_hard_phase_t0003,3,120,formal_tps30,hard_phase,3.75,3,combined_int18,score_recompute,0.3863866,7353,10,NaN,Step12 quantized score recompute
cp04p00_hard_phase_t0003,3,120,formal_tps30,hard_phase,3.75,3,combined_int18,ranking_compare,0.156017,7353,10,NaN,ranking and topK comparison
cp04p00_hard_phase_t0003,3,120,formal_tps30,hard_phase,3.75,3,combined_int24,score_recompute,0.3773593,7353,10,NaN,Step12 quantized score recompute
cp04p00_hard_phase_t0003,3,120,formal_tps30,hard_phase,3.75,3,combined_int24,ranking_compare,0.1614596,7353,10,NaN,ranking and topK comparison
cp04p00_hard_phase_t0003,3,120,formal_tps30,hard_phase,3.75,3,mixed_Z16_G24_Rz24,score_recompute,0.3502965,7353,10,NaN,Step12 quantized score recompute
cp04p00_hard_phase_t0003,3,120,formal_tps30,hard_phase,3.75,3,mixed_Z16_G24_Rz24,ranking_compare,0.1724371,7353,10,NaN,ranking and topK comparison
cp04p00_hard_phase_t0003,3,120,formal_tps30,hard_phase,3.75,3,combined_int14,score_recompute,0.3892739,7353,10,NaN,Step12 quantized score recompute
cp04p00_hard_phase_t0003,3,120,formal_tps30,hard_phase,3.75,3,combined_int14,ranking_compare,0.1789536,7353,10,NaN,ranking and topK comparison
cp04p00_hard_phase_t0003,3,120,formal_tps30,hard_phase,3.75,3,W_int18_G24_Z16,score_recompute,0.3961191,7353,10,NaN,Step12 quantized score recompute
cp04p00_hard_phase_t0003,3,120,formal_tps30,hard_phase,3.75,3,W_int18_G24_Z16,ranking_compare,0.1745788,7353,10,NaN,ranking and topK comparison
cp04p00_medium_beta_coherent_t0003,3,120,formal_tps30,medium_beta_coherent,3.75,3,double_baseline,score_recompute,0.3706528,7353,10,NaN,Step12 quantized score recompute
cp04p00_medium_beta_coherent_t0003,3,120,formal_tps30,medium_beta_coherent,3.75,3,double_baseline,ranking_compare,0.1748694,7353,10,NaN,ranking and topK comparison
cp04p00_medium_beta_coherent_t0003,3,120,formal_tps30,medium_beta_coherent,3.75,3,float32_all,score_recompute,0.3251467,7353,10,NaN,Step12 quantized score recompute
cp04p00_medium_beta_coherent_t0003,3,120,formal_tps30,medium_beta_coherent,3.75,3,float32_all,ranking_compare,0.1726321,7353,10,NaN,ranking and topK comparison
cp04p00_medium_beta_coherent_t0003,3,120,formal_tps30,medium_beta_coherent,3.75,3,combined_int16,score_recompute,0.3831818,7353,10,NaN,Step12 quantized score recompute
cp04p00_medium_beta_coherent_t0003,3,120,formal_tps30,medium_beta_coherent,3.75,3,combined_int16,ranking_compare,0.173279,7353,10,NaN,ranking and topK comparison
cp04p00_medium_beta_coherent_t0003,3,120,formal_tps30,medium_beta_coherent,3.75,3,combined_int18,score_recompute,0.3456731,7353,10,NaN,Step12 quantized score recompute
cp04p00_medium_beta_coherent_t0003,3,120,formal_tps30,medium_beta_coherent,3.75,3,combined_int18,ranking_compare,0.1643682,7353,10,NaN,ranking and topK comparison
cp04p00_medium_beta_coherent_t0003,3,120,formal_tps30,medium_beta_coherent,3.75,3,combined_int24,score_recompute,0.3958364,7353,10,NaN,Step12 quantized score recompute
cp04p00_medium_beta_coherent_t0003,3,120,formal_tps30,medium_beta_coherent,3.75,3,combined_int24,ranking_compare,0.1706473,7353,10,NaN,ranking and topK comparison
cp04p00_medium_beta_coherent_t0003,3,120,formal_tps30,medium_beta_coherent,3.75,3,mixed_Z16_G24_Rz24,score_recompute,0.3739827,7353,10,NaN,Step12 quantized score recompute
cp04p00_medium_beta_coherent_t0003,3,120,formal_tps30,medium_beta_coherent,3.75,3,mixed_Z16_G24_Rz24,ranking_compare,0.1673623,7353,10,NaN,ranking and topK comparison
cp04p00_medium_beta_coherent_t0003,3,120,formal_tps30,medium_beta_coherent,3.75,3,combined_int14,score_recompute,0.3448753,7353,10,NaN,Step12 quantized score recompute
cp04p00_medium_beta_coherent_t0003,3,120,formal_tps30,medium_beta_coherent,3.75,3,combined_int14,ranking_compare,0.1728915,7353,10,NaN,ranking and topK comparison
cp04p00_medium_beta_coherent_t0003,3,120,formal_tps30,medium_beta_coherent,3.75,3,W_int18_G24_Z16,score_recompute,0.3278054,7353,10,NaN,Step12 quantized score recompute
cp04p00_medium_beta_coherent_t0003,3,120,formal_tps30,medium_beta_coherent,3.75,3,W_int18_G24_Z16,ranking_compare,0.1653683,7353,10,NaN,ranking and topK comparison
cp08p00_easy_noncoherent_t0003,3,120,formal_tps30,easy_noncoherent,7.5,3,double_baseline,score_recompute,0.333264,7353,10,NaN,Step12 quantized score recompute
cp08p00_easy_noncoherent_t0003,3,120,formal_tps30,easy_noncoherent,7.5,3,double_baseline,ranking_compare,0.1634612,7353,10,NaN,ranking and topK comparison
cp08p00_easy_noncoherent_t0003,3,120,formal_tps30,easy_noncoherent,7.5,3,float32_all,score_recompute,0.3225769,7353,10,NaN,Step12 quantized score recompute
cp08p00_easy_noncoherent_t0003,3,120,formal_tps30,easy_noncoherent,7.5,3,float32_all,ranking_compare,0.1734848,7353,10,NaN,ranking and topK comparison
cp08p00_easy_noncoherent_t0003,3,120,formal_tps30,easy_noncoherent,7.5,3,combined_int16,score_recompute,0.3668001,7353,10,NaN,Step12 quantized score recompute
cp08p00_easy_noncoherent_t0003,3,120,formal_tps30,easy_noncoherent,7.5,3,combined_int16,ranking_compare,0.1610968,7353,10,NaN,ranking and topK comparison
cp08p00_easy_noncoherent_t0003,3,120,formal_tps30,easy_noncoherent,7.5,3,combined_int18,score_recompute,0.3493871,7353,10,NaN,Step12 quantized score recompute
cp08p00_easy_noncoherent_t0003,3,120,formal_tps30,easy_noncoherent,7.5,3,combined_int18,ranking_compare,0.1646497,7353,10,NaN,ranking and topK comparison
cp08p00_easy_noncoherent_t0003,3,120,formal_tps30,easy_noncoherent,7.5,3,combined_int24,score_recompute,0.3588229,7353,10,NaN,Step12 quantized score recompute
cp08p00_easy_noncoherent_t0003,3,120,formal_tps30,easy_noncoherent,7.5,3,combined_int24,ranking_compare,0.1609874,7353,10,NaN,ranking and topK comparison
cp08p00_easy_noncoherent_t0003,3,120,formal_tps30,easy_noncoherent,7.5,3,mixed_Z16_G24_Rz24,score_recompute,0.323328,7353,10,NaN,Step12 quantized score recompute
cp08p00_easy_noncoherent_t0003,3,120,formal_tps30,easy_noncoherent,7.5,3,mixed_Z16_G24_Rz24,ranking_compare,0.1818378,7353,10,NaN,ranking and topK comparison
cp08p00_easy_noncoherent_t0003,3,120,formal_tps30,easy_noncoherent,7.5,3,combined_int14,score_recompute,0.3553401,7353,10,NaN,Step12 quantized score recompute
cp08p00_easy_noncoherent_t0003,3,120,formal_tps30,easy_noncoherent,7.5,3,combined_int14,ranking_compare,0.1592427,7353,10,NaN,ranking and topK comparison
cp08p00_easy_noncoherent_t0003,3,120,formal_tps30,easy_noncoherent,7.5,3,W_int18_G24_Z16,score_recompute,0.3544255,7353,10,NaN,Step12 quantized score recompute
cp08p00_easy_noncoherent_t0003,3,120,formal_tps30,easy_noncoherent,7.5,3,W_int18_G24_Z16,ranking_compare,0.1724985,7353,10,NaN,ranking and topK comparison
cp08p00_low_snr_hard_t0003,3,120,formal_tps30,low_snr_hard,7.5,3,double_baseline,score_recompute,0.3495446,7353,10,NaN,Step12 quantized score recompute
cp08p00_low_snr_hard_t0003,3,120,formal_tps30,low_snr_hard,7.5,3,double_baseline,ranking_compare,0.1741664,7353,10,NaN,ranking and topK comparison
cp08p00_low_snr_hard_t0003,3,120,formal_tps30,low_snr_hard,7.5,3,float32_all,score_recompute,0.3210413,7353,10,NaN,Step12 quantized score recompute
cp08p00_low_snr_hard_t0003,3,120,formal_tps30,low_snr_hard,7.5,3,float32_all,ranking_compare,0.1758826,7353,10,NaN,ranking and topK comparison
cp08p00_low_snr_hard_t0003,3,120,formal_tps30,low_snr_hard,7.5,3,combined_int16,score_recompute,0.3282701,7353,10,NaN,Step12 quantized score recompute
cp08p00_low_snr_hard_t0003,3,120,formal_tps30,low_snr_hard,7.5,3,combined_int16,ranking_compare,0.1729089,7353,10,NaN,ranking and topK comparison
cp08p00_low_snr_hard_t0003,3,120,formal_tps30,low_snr_hard,7.5,3,combined_int18,score_recompute,0.3324912,7353,10,NaN,Step12 quantized score recompute
cp08p00_low_snr_hard_t0003,3,120,formal_tps30,low_snr_hard,7.5,3,combined_int18,ranking_compare,0.1855115,7353,10,NaN,ranking and topK comparison
cp08p00_low_snr_hard_t0003,3,120,formal_tps30,low_snr_hard,7.5,3,combined_int24,score_recompute,0.3932391,7353,10,NaN,Step12 quantized score recompute
cp08p00_low_snr_hard_t0003,3,120,formal_tps30,low_snr_hard,7.5,3,combined_int24,ranking_compare,0.1792764,7353,10,NaN,ranking and topK comparison
cp08p00_low_snr_hard_t0003,3,120,formal_tps30,low_snr_hard,7.5,3,mixed_Z16_G24_Rz24,score_recompute,0.3727622,7353,10,NaN,Step12 quantized score recompute
cp08p00_low_snr_hard_t0003,3,120,formal_tps30,low_snr_hard,7.5,3,mixed_Z16_G24_Rz24,ranking_compare,0.169295,7353,10,NaN,ranking and topK comparison
cp08p00_low_snr_hard_t0003,3,120,formal_tps30,low_snr_hard,7.5,3,combined_int14,score_recompute,0.3796423,7353,10,NaN,Step12 quantized score recompute
cp08p00_low_snr_hard_t0003,3,120,formal_tps30,low_snr_hard,7.5,3,combined_int14,ranking_compare,0.1736041,7353,10,NaN,ranking and topK comparison
cp08p00_low_snr_hard_t0003,3,120,formal_tps30,low_snr_hard,7.5,3,W_int18_G24_Z16,score_recompute,0.3451942,7353,10,NaN,Step12 quantized score recompute
cp08p00_low_snr_hard_t0003,3,120,formal_tps30,low_snr_hard,7.5,3,W_int18_G24_Z16,ranking_compare,0.16592,7353,10,NaN,ranking and topK comparison
cp08p00_cache_boundary_center_t0003,3,120,formal_tps30,cache_boundary_center,7.5,3,double_baseline,score_recompute,0.3562379,7353,10,NaN,Step12 quantized score recompute
cp08p00_cache_boundary_center_t0003,3,120,formal_tps30,cache_boundary_center,7.5,3,double_baseline,ranking_compare,0.164991,7353,10,NaN,ranking and topK comparison
cp08p00_cache_boundary_center_t0003,3,120,formal_tps30,cache_boundary_center,7.5,3,float32_all,score_recompute,0.3485093,7353,10,NaN,Step12 quantized score recompute
cp08p00_cache_boundary_center_t0003,3,120,formal_tps30,cache_boundary_center,7.5,3,float32_all,ranking_compare,0.1678824,7353,10,NaN,ranking and topK comparison
cp08p00_cache_boundary_center_t0003,3,120,formal_tps30,cache_boundary_center,7.5,3,combined_int16,score_recompute,0.318345,7353,10,NaN,Step12 quantized score recompute
cp08p00_cache_boundary_center_t0003,3,120,formal_tps30,cache_boundary_center,7.5,3,combined_int16,ranking_compare,0.1722461,7353,10,NaN,ranking and topK comparison
cp08p00_cache_boundary_center_t0003,3,120,formal_tps30,cache_boundary_center,7.5,3,combined_int18,score_recompute,0.3443498,7353,10,NaN,Step12 quantized score recompute
cp08p00_cache_boundary_center_t0003,3,120,formal_tps30,cache_boundary_center,7.5,3,combined_int18,ranking_compare,0.1666885,7353,10,NaN,ranking and topK comparison
cp08p00_cache_boundary_center_t0003,3,120,formal_tps30,cache_boundary_center,7.5,3,combined_int24,score_recompute,0.3285688,7353,10,NaN,Step12 quantized score recompute
cp08p00_cache_boundary_center_t0003,3,120,formal_tps30,cache_boundary_center,7.5,3,combined_int24,ranking_compare,0.1692922,7353,10,NaN,ranking and topK comparison
cp08p00_cache_boundary_center_t0003,3,120,formal_tps30,cache_boundary_center,7.5,3,mixed_Z16_G24_Rz24,score_recompute,0.3413165,7353,10,NaN,Step12 quantized score recompute
cp08p00_cache_boundary_center_t0003,3,120,formal_tps30,cache_boundary_center,7.5,3,mixed_Z16_G24_Rz24,ranking_compare,0.1739568,7353,10,NaN,ranking and topK comparison
cp08p00_cache_boundary_center_t0003,3,120,formal_tps30,cache_boundary_center,7.5,3,combined_int14,score_recompute,0.3463519,7353,10,NaN,Step12 quantized score recompute
cp08p00_cache_boundary_center_t0003,3,120,formal_tps30,cache_boundary_center,7.5,3,combined_int14,ranking_compare,0.1880848,7353,10,NaN,ranking and topK comparison
cp08p00_cache_boundary_center_t0003,3,120,formal_tps30,cache_boundary_center,7.5,3,W_int18_G24_Z16,score_recompute,0.3720595,7353,10,NaN,Step12 quantized score recompute
cp08p00_cache_boundary_center_t0003,3,120,formal_tps30,cache_boundary_center,7.5,3,W_int18_G24_Z16,ranking_compare,0.1648578,7353,10,NaN,ranking and topK comparison
cp15p00_hard_phase_t0003,3,120,formal_tps30,hard_phase,15,3,double_baseline,score_recompute,0.3371609,7353,10,NaN,Step12 quantized score recompute
cp15p00_hard_phase_t0003,3,120,formal_tps30,hard_phase,15,3,double_baseline,ranking_compare,0.1709122,7353,10,NaN,ranking and topK comparison
cp15p00_hard_phase_t0003,3,120,formal_tps30,hard_phase,15,3,float32_all,score_recompute,0.3435731,7353,10,NaN,Step12 quantized score recompute
cp15p00_hard_phase_t0003,3,120,formal_tps30,hard_phase,15,3,float32_all,ranking_compare,0.1670301,7353,10,NaN,ranking and topK comparison
cp15p00_hard_phase_t0003,3,120,formal_tps30,hard_phase,15,3,combined_int16,score_recompute,0.3663689,7353,10,NaN,Step12 quantized score recompute
cp15p00_hard_phase_t0003,3,120,formal_tps30,hard_phase,15,3,combined_int16,ranking_compare,0.1880151,7353,10,NaN,ranking and topK comparison
cp15p00_hard_phase_t0003,3,120,formal_tps30,hard_phase,15,3,combined_int18,score_recompute,0.4004301,7353,10,NaN,Step12 quantized score recompute
cp15p00_hard_phase_t0003,3,120,formal_tps30,hard_phase,15,3,combined_int18,ranking_compare,0.1782774,7353,10,NaN,ranking and topK comparison
cp15p00_hard_phase_t0003,3,120,formal_tps30,hard_phase,15,3,combined_int24,score_recompute,0.372394,7353,10,NaN,Step12 quantized score recompute
cp15p00_hard_phase_t0003,3,120,formal_tps30,hard_phase,15,3,combined_int24,ranking_compare,0.1760666,7353,10,NaN,ranking and topK comparison
cp15p00_hard_phase_t0003,3,120,formal_tps30,hard_phase,15,3,mixed_Z16_G24_Rz24,score_recompute,0.3275898,7353,10,NaN,Step12 quantized score recompute
cp15p00_hard_phase_t0003,3,120,formal_tps30,hard_phase,15,3,mixed_Z16_G24_Rz24,ranking_compare,0.1671129,7353,10,NaN,ranking and topK comparison
cp15p00_hard_phase_t0003,3,120,formal_tps30,hard_phase,15,3,combined_int14,score_recompute,0.35954,7353,10,NaN,Step12 quantized score recompute
cp15p00_hard_phase_t0003,3,120,formal_tps30,hard_phase,15,3,combined_int14,ranking_compare,0.1662022,7353,10,NaN,ranking and topK comparison
cp15p00_hard_phase_t0003,3,120,formal_tps30,hard_phase,15,3,W_int18_G24_Z16,score_recompute,0.3636844,7353,10,NaN,Step12 quantized score recompute
cp15p00_hard_phase_t0003,3,120,formal_tps30,hard_phase,15,3,W_int18_G24_Z16,ranking_compare,0.2069379,7353,10,NaN,ranking and topK comparison
cp15p00_medium_beta_coherent_t0003,3,120,formal_tps30,medium_beta_coherent,15,3,double_baseline,score_recompute,0.3789213,7353,10,NaN,Step12 quantized score recompute
cp15p00_medium_beta_coherent_t0003,3,120,formal_tps30,medium_beta_coherent,15,3,double_baseline,ranking_compare,0.3126151,7353,10,NaN,ranking and topK comparison
cp15p00_medium_beta_coherent_t0003,3,120,formal_tps30,medium_beta_coherent,15,3,float32_all,score_recompute,0.5032938,7353,10,NaN,Step12 quantized score recompute
cp15p00_medium_beta_coherent_t0003,3,120,formal_tps30,medium_beta_coherent,15,3,float32_all,ranking_compare,0.2211067,7353,10,NaN,ranking and topK comparison
cp15p00_medium_beta_coherent_t0003,3,120,formal_tps30,medium_beta_coherent,15,3,combined_int16,score_recompute,0.4160924,7353,10,NaN,Step12 quantized score recompute
cp15p00_medium_beta_coherent_t0003,3,120,formal_tps30,medium_beta_coherent,15,3,combined_int16,ranking_compare,0.1908906,7353,10,NaN,ranking and topK comparison
cp15p00_medium_beta_coherent_t0003,3,120,formal_tps30,medium_beta_coherent,15,3,combined_int18,score_recompute,0.3309601,7353,10,NaN,Step12 quantized score recompute
cp15p00_medium_beta_coherent_t0003,3,120,formal_tps30,medium_beta_coherent,15,3,combined_int18,ranking_compare,0.1762446,7353,10,NaN,ranking and topK comparison
cp15p00_medium_beta_coherent_t0003,3,120,formal_tps30,medium_beta_coherent,15,3,combined_int24,score_recompute,0.3180651,7353,10,NaN,Step12 quantized score recompute
cp15p00_medium_beta_coherent_t0003,3,120,formal_tps30,medium_beta_coherent,15,3,combined_int24,ranking_compare,0.1793372,7353,10,NaN,ranking and topK comparison
cp15p00_medium_beta_coherent_t0003,3,120,formal_tps30,medium_beta_coherent,15,3,mixed_Z16_G24_Rz24,score_recompute,0.3403355,7353,10,NaN,Step12 quantized score recompute
cp15p00_medium_beta_coherent_t0003,3,120,formal_tps30,medium_beta_coherent,15,3,mixed_Z16_G24_Rz24,ranking_compare,0.1684083,7353,10,NaN,ranking and topK comparison
cp15p00_medium_beta_coherent_t0003,3,120,formal_tps30,medium_beta_coherent,15,3,combined_int14,score_recompute,0.3198628,7353,10,NaN,Step12 quantized score recompute
cp15p00_medium_beta_coherent_t0003,3,120,formal_tps30,medium_beta_coherent,15,3,combined_int14,ranking_compare,0.1646793,7353,10,NaN,ranking and topK comparison
cp15p00_medium_beta_coherent_t0003,3,120,formal_tps30,medium_beta_coherent,15,3,W_int18_G24_Z16,score_recompute,0.317114,7353,10,NaN,Step12 quantized score recompute
cp15p00_medium_beta_coherent_t0003,3,120,formal_tps30,medium_beta_coherent,15,3,W_int18_G24_Z16,ranking_compare,0.1639515,7353,10,NaN,ranking and topK comparison
cp00p00_easy_noncoherent_t0004,4,120,formal_tps30,easy_noncoherent,0,4,,build_step11_input,0.0382279,NaN,10,NaN,Step11.7 frontend-like input builder
cp00p00_easy_noncoherent_t0004,4,120,formal_tps30,easy_noncoherent,0,4,,run_step11_backend,0,NaN,10,NaN,Skipped full Step11.7 backend; using Step12 score-core adapter
cp00p00_easy_noncoherent_t0004,4,120,formal_tps30,easy_noncoherent,0,4,,build_candidate_score_pack,0.8661403,7353,10,NaN,Build W/Y/Z/Rz/G_cache candidate score pack
cp00p00_low_snr_hard_t0004,4,120,formal_tps30,low_snr_hard,0,4,,build_step11_input,0.0161245,NaN,10,NaN,Step11.7 frontend-like input builder
cp00p00_low_snr_hard_t0004,4,120,formal_tps30,low_snr_hard,0,4,,run_step11_backend,0,NaN,10,NaN,Skipped full Step11.7 backend; using Step12 score-core adapter
cp00p00_low_snr_hard_t0004,4,120,formal_tps30,low_snr_hard,0,4,,build_candidate_score_pack,0.7531741,7353,10,NaN,Build W/Y/Z/Rz/G_cache candidate score pack
cp00p00_cache_boundary_center_t0004,4,120,formal_tps30,cache_boundary_center,0,4,,build_step11_input,0.0115071,NaN,10,NaN,Step11.7 frontend-like input builder
cp00p00_cache_boundary_center_t0004,4,120,formal_tps30,cache_boundary_center,0,4,,run_step11_backend,0,NaN,10,NaN,Skipped full Step11.7 backend; using Step12 score-core adapter
cp00p00_cache_boundary_center_t0004,4,120,formal_tps30,cache_boundary_center,0,4,,build_candidate_score_pack,0.7634076,7353,10,NaN,Build W/Y/Z/Rz/G_cache candidate score pack
cp04p00_hard_phase_t0004,4,120,formal_tps30,hard_phase,4,4,,build_step11_input,0.0141498,NaN,10,NaN,Step11.7 frontend-like input builder
cp04p00_hard_phase_t0004,4,120,formal_tps30,hard_phase,4,4,,run_step11_backend,0,NaN,10,NaN,Skipped full Step11.7 backend; using Step12 score-core adapter
cp04p00_hard_phase_t0004,4,120,formal_tps30,hard_phase,4,4,,build_candidate_score_pack,0.7518118,7353,10,NaN,Build W/Y/Z/Rz/G_cache candidate score pack
cp04p00_medium_beta_coherent_t0004,4,120,formal_tps30,medium_beta_coherent,4,4,,build_step11_input,0.0226734,NaN,10,NaN,Step11.7 frontend-like input builder
cp04p00_medium_beta_coherent_t0004,4,120,formal_tps30,medium_beta_coherent,4,4,,run_step11_backend,0,NaN,10,NaN,Skipped full Step11.7 backend; using Step12 score-core adapter
cp04p00_medium_beta_coherent_t0004,4,120,formal_tps30,medium_beta_coherent,4,4,,build_candidate_score_pack,0.8051904,7353,10,NaN,Build W/Y/Z/Rz/G_cache candidate score pack
cp08p00_easy_noncoherent_t0004,4,120,formal_tps30,easy_noncoherent,8,4,,build_step11_input,0.0079033,NaN,10,NaN,Step11.7 frontend-like input builder
cp08p00_easy_noncoherent_t0004,4,120,formal_tps30,easy_noncoherent,8,4,,run_step11_backend,0,NaN,10,NaN,Skipped full Step11.7 backend; using Step12 score-core adapter
cp08p00_easy_noncoherent_t0004,4,120,formal_tps30,easy_noncoherent,8,4,,build_candidate_score_pack,0.8010046,7353,10,NaN,Build W/Y/Z/Rz/G_cache candidate score pack
cp08p00_low_snr_hard_t0004,4,120,formal_tps30,low_snr_hard,8,4,,build_step11_input,0.0059763,NaN,10,NaN,Step11.7 frontend-like input builder
cp08p00_low_snr_hard_t0004,4,120,formal_tps30,low_snr_hard,8,4,,run_step11_backend,0,NaN,10,NaN,Skipped full Step11.7 backend; using Step12 score-core adapter
cp08p00_low_snr_hard_t0004,4,120,formal_tps30,low_snr_hard,8,4,,build_candidate_score_pack,0.7790247,7353,10,NaN,Build W/Y/Z/Rz/G_cache candidate score pack
cp08p00_cache_boundary_center_t0004,4,120,formal_tps30,cache_boundary_center,8,4,,build_step11_input,0.0061873,NaN,10,NaN,Step11.7 frontend-like input builder
cp08p00_cache_boundary_center_t0004,4,120,formal_tps30,cache_boundary_center,8,4,,run_step11_backend,0,NaN,10,NaN,Skipped full Step11.7 backend; using Step12 score-core adapter
cp08p00_cache_boundary_center_t0004,4,120,formal_tps30,cache_boundary_center,8,4,,build_candidate_score_pack,0.746469,7353,10,NaN,Build W/Y/Z/Rz/G_cache candidate score pack
cp15p00_hard_phase_t0004,4,120,formal_tps30,hard_phase,15,4,,build_step11_input,0.006378,NaN,10,NaN,Step11.7 frontend-like input builder
cp15p00_hard_phase_t0004,4,120,formal_tps30,hard_phase,15,4,,run_step11_backend,0,NaN,10,NaN,Skipped full Step11.7 backend; using Step12 score-core adapter
cp15p00_hard_phase_t0004,4,120,formal_tps30,hard_phase,15,4,,build_candidate_score_pack,0.7496483,7353,10,NaN,Build W/Y/Z/Rz/G_cache candidate score pack
cp15p00_medium_beta_coherent_t0004,4,120,formal_tps30,medium_beta_coherent,15,4,,build_step11_input,0.0058786,NaN,10,NaN,Step11.7 frontend-like input builder
cp15p00_medium_beta_coherent_t0004,4,120,formal_tps30,medium_beta_coherent,15,4,,run_step11_backend,0,NaN,10,NaN,Skipped full Step11.7 backend; using Step12 score-core adapter
cp15p00_medium_beta_coherent_t0004,4,120,formal_tps30,medium_beta_coherent,15,4,,build_candidate_score_pack,0.7637599,7353,10,NaN,Build W/Y/Z/Rz/G_cache candidate score pack
cp00p00_easy_noncoherent_t0004,4,120,formal_tps30,easy_noncoherent,0,4,double_baseline,score_recompute,0.311261,7353,10,NaN,Step12 quantized score recompute
cp00p00_easy_noncoherent_t0004,4,120,formal_tps30,easy_noncoherent,0,4,double_baseline,ranking_compare,0.2269882,7353,10,NaN,ranking and topK comparison
cp00p00_easy_noncoherent_t0004,4,120,formal_tps30,easy_noncoherent,0,4,float32_all,score_recompute,0.3560066,7353,10,NaN,Step12 quantized score recompute
cp00p00_easy_noncoherent_t0004,4,120,formal_tps30,easy_noncoherent,0,4,float32_all,ranking_compare,0.1712602,7353,10,NaN,ranking and topK comparison
cp00p00_easy_noncoherent_t0004,4,120,formal_tps30,easy_noncoherent,0,4,combined_int16,score_recompute,0.368795,7353,10,NaN,Step12 quantized score recompute
cp00p00_easy_noncoherent_t0004,4,120,formal_tps30,easy_noncoherent,0,4,combined_int16,ranking_compare,0.1610495,7353,10,NaN,ranking and topK comparison
cp00p00_easy_noncoherent_t0004,4,120,formal_tps30,easy_noncoherent,0,4,combined_int18,score_recompute,0.377351,7353,10,NaN,Step12 quantized score recompute
cp00p00_easy_noncoherent_t0004,4,120,formal_tps30,easy_noncoherent,0,4,combined_int18,ranking_compare,0.1721331,7353,10,NaN,ranking and topK comparison
cp00p00_easy_noncoherent_t0004,4,120,formal_tps30,easy_noncoherent,0,4,combined_int24,score_recompute,0.3445967,7353,10,NaN,Step12 quantized score recompute
cp00p00_easy_noncoherent_t0004,4,120,formal_tps30,easy_noncoherent,0,4,combined_int24,ranking_compare,0.1740634,7353,10,NaN,ranking and topK comparison
cp00p00_easy_noncoherent_t0004,4,120,formal_tps30,easy_noncoherent,0,4,mixed_Z16_G24_Rz24,score_recompute,0.300573,7353,10,NaN,Step12 quantized score recompute
cp00p00_easy_noncoherent_t0004,4,120,formal_tps30,easy_noncoherent,0,4,mixed_Z16_G24_Rz24,ranking_compare,0.1520823,7353,10,NaN,ranking and topK comparison
cp00p00_easy_noncoherent_t0004,4,120,formal_tps30,easy_noncoherent,0,4,combined_int14,score_recompute,0.3456042,7353,10,NaN,Step12 quantized score recompute
cp00p00_easy_noncoherent_t0004,4,120,formal_tps30,easy_noncoherent,0,4,combined_int14,ranking_compare,0.1574632,7353,10,NaN,ranking and topK comparison
cp00p00_easy_noncoherent_t0004,4,120,formal_tps30,easy_noncoherent,0,4,W_int18_G24_Z16,score_recompute,0.3650668,7353,10,NaN,Step12 quantized score recompute
cp00p00_easy_noncoherent_t0004,4,120,formal_tps30,easy_noncoherent,0,4,W_int18_G24_Z16,ranking_compare,0.1663811,7353,10,NaN,ranking and topK comparison
cp00p00_low_snr_hard_t0004,4,120,formal_tps30,low_snr_hard,0,4,double_baseline,score_recompute,0.3217274,7353,10,NaN,Step12 quantized score recompute
cp00p00_low_snr_hard_t0004,4,120,formal_tps30,low_snr_hard,0,4,double_baseline,ranking_compare,0.1619909,7353,10,NaN,ranking and topK comparison
cp00p00_low_snr_hard_t0004,4,120,formal_tps30,low_snr_hard,0,4,float32_all,score_recompute,0.3212562,7353,10,NaN,Step12 quantized score recompute
cp00p00_low_snr_hard_t0004,4,120,formal_tps30,low_snr_hard,0,4,float32_all,ranking_compare,0.1563167,7353,10,NaN,ranking and topK comparison
cp00p00_low_snr_hard_t0004,4,120,formal_tps30,low_snr_hard,0,4,combined_int16,score_recompute,0.302008,7353,10,NaN,Step12 quantized score recompute
cp00p00_low_snr_hard_t0004,4,120,formal_tps30,low_snr_hard,0,4,combined_int16,ranking_compare,0.1543222,7353,10,NaN,ranking and topK comparison
cp00p00_low_snr_hard_t0004,4,120,formal_tps30,low_snr_hard,0,4,combined_int18,score_recompute,0.3030551,7353,10,NaN,Step12 quantized score recompute
cp00p00_low_snr_hard_t0004,4,120,formal_tps30,low_snr_hard,0,4,combined_int18,ranking_compare,0.1597976,7353,10,NaN,ranking and topK comparison
cp00p00_low_snr_hard_t0004,4,120,formal_tps30,low_snr_hard,0,4,combined_int24,score_recompute,0.3142156,7353,10,NaN,Step12 quantized score recompute
cp00p00_low_snr_hard_t0004,4,120,formal_tps30,low_snr_hard,0,4,combined_int24,ranking_compare,0.1556853,7353,10,NaN,ranking and topK comparison
cp00p00_low_snr_hard_t0004,4,120,formal_tps30,low_snr_hard,0,4,mixed_Z16_G24_Rz24,score_recompute,0.3131745,7353,10,NaN,Step12 quantized score recompute
cp00p00_low_snr_hard_t0004,4,120,formal_tps30,low_snr_hard,0,4,mixed_Z16_G24_Rz24,ranking_compare,0.1562507,7353,10,NaN,ranking and topK comparison
cp00p00_low_snr_hard_t0004,4,120,formal_tps30,low_snr_hard,0,4,combined_int14,score_recompute,0.3159136,7353,10,NaN,Step12 quantized score recompute
cp00p00_low_snr_hard_t0004,4,120,formal_tps30,low_snr_hard,0,4,combined_int14,ranking_compare,0.158625,7353,10,NaN,ranking and topK comparison
cp00p00_low_snr_hard_t0004,4,120,formal_tps30,low_snr_hard,0,4,W_int18_G24_Z16,score_recompute,0.3021696,7353,10,NaN,Step12 quantized score recompute
cp00p00_low_snr_hard_t0004,4,120,formal_tps30,low_snr_hard,0,4,W_int18_G24_Z16,ranking_compare,0.1542883,7353,10,NaN,ranking and topK comparison
cp00p00_cache_boundary_center_t0004,4,120,formal_tps30,cache_boundary_center,0,4,double_baseline,score_recompute,0.3006125,7353,10,NaN,Step12 quantized score recompute
cp00p00_cache_boundary_center_t0004,4,120,formal_tps30,cache_boundary_center,0,4,double_baseline,ranking_compare,0.155699,7353,10,NaN,ranking and topK comparison
cp00p00_cache_boundary_center_t0004,4,120,formal_tps30,cache_boundary_center,0,4,float32_all,score_recompute,0.3072478,7353,10,NaN,Step12 quantized score recompute
cp00p00_cache_boundary_center_t0004,4,120,formal_tps30,cache_boundary_center,0,4,float32_all,ranking_compare,0.1533046,7353,10,NaN,ranking and topK comparison
cp00p00_cache_boundary_center_t0004,4,120,formal_tps30,cache_boundary_center,0,4,combined_int16,score_recompute,0.3003403,7353,10,NaN,Step12 quantized score recompute
cp00p00_cache_boundary_center_t0004,4,120,formal_tps30,cache_boundary_center,0,4,combined_int16,ranking_compare,0.1573668,7353,10,NaN,ranking and topK comparison
cp00p00_cache_boundary_center_t0004,4,120,formal_tps30,cache_boundary_center,0,4,combined_int18,score_recompute,0.3015012,7353,10,NaN,Step12 quantized score recompute
cp00p00_cache_boundary_center_t0004,4,120,formal_tps30,cache_boundary_center,0,4,combined_int18,ranking_compare,0.1522478,7353,10,NaN,ranking and topK comparison
cp00p00_cache_boundary_center_t0004,4,120,formal_tps30,cache_boundary_center,0,4,combined_int24,score_recompute,0.2996075,7353,10,NaN,Step12 quantized score recompute
cp00p00_cache_boundary_center_t0004,4,120,formal_tps30,cache_boundary_center,0,4,combined_int24,ranking_compare,0.1557657,7353,10,NaN,ranking and topK comparison
cp00p00_cache_boundary_center_t0004,4,120,formal_tps30,cache_boundary_center,0,4,mixed_Z16_G24_Rz24,score_recompute,0.3087515,7353,10,NaN,Step12 quantized score recompute
cp00p00_cache_boundary_center_t0004,4,120,formal_tps30,cache_boundary_center,0,4,mixed_Z16_G24_Rz24,ranking_compare,0.1531646,7353,10,NaN,ranking and topK comparison
cp00p00_cache_boundary_center_t0004,4,120,formal_tps30,cache_boundary_center,0,4,combined_int14,score_recompute,0.308445,7353,10,NaN,Step12 quantized score recompute
cp00p00_cache_boundary_center_t0004,4,120,formal_tps30,cache_boundary_center,0,4,combined_int14,ranking_compare,0.1535511,7353,10,NaN,ranking and topK comparison
cp00p00_cache_boundary_center_t0004,4,120,formal_tps30,cache_boundary_center,0,4,W_int18_G24_Z16,score_recompute,0.3173928,7353,10,NaN,Step12 quantized score recompute
cp00p00_cache_boundary_center_t0004,4,120,formal_tps30,cache_boundary_center,0,4,W_int18_G24_Z16,ranking_compare,0.1543594,7353,10,NaN,ranking and topK comparison
cp04p00_hard_phase_t0004,4,120,formal_tps30,hard_phase,3.75,4,double_baseline,score_recompute,0.3048539,7353,10,NaN,Step12 quantized score recompute
cp04p00_hard_phase_t0004,4,120,formal_tps30,hard_phase,3.75,4,double_baseline,ranking_compare,0.1532486,7353,10,NaN,ranking and topK comparison
cp04p00_hard_phase_t0004,4,120,formal_tps30,hard_phase,3.75,4,float32_all,score_recompute,0.3046097,7353,10,NaN,Step12 quantized score recompute
cp04p00_hard_phase_t0004,4,120,formal_tps30,hard_phase,3.75,4,float32_all,ranking_compare,0.1571354,7353,10,NaN,ranking and topK comparison
cp04p00_hard_phase_t0004,4,120,formal_tps30,hard_phase,3.75,4,combined_int16,score_recompute,0.345809,7353,10,NaN,Step12 quantized score recompute
cp04p00_hard_phase_t0004,4,120,formal_tps30,hard_phase,3.75,4,combined_int16,ranking_compare,0.1565255,7353,10,NaN,ranking and topK comparison
cp04p00_hard_phase_t0004,4,120,formal_tps30,hard_phase,3.75,4,combined_int18,score_recompute,0.340277,7353,10,NaN,Step12 quantized score recompute
cp04p00_hard_phase_t0004,4,120,formal_tps30,hard_phase,3.75,4,combined_int18,ranking_compare,0.1528016,7353,10,NaN,ranking and topK comparison
cp04p00_hard_phase_t0004,4,120,formal_tps30,hard_phase,3.75,4,combined_int24,score_recompute,0.3329129,7353,10,NaN,Step12 quantized score recompute
cp04p00_hard_phase_t0004,4,120,formal_tps30,hard_phase,3.75,4,combined_int24,ranking_compare,0.150114,7353,10,NaN,ranking and topK comparison
cp04p00_hard_phase_t0004,4,120,formal_tps30,hard_phase,3.75,4,mixed_Z16_G24_Rz24,score_recompute,0.30513,7353,10,NaN,Step12 quantized score recompute
cp04p00_hard_phase_t0004,4,120,formal_tps30,hard_phase,3.75,4,mixed_Z16_G24_Rz24,ranking_compare,0.1552818,7353,10,NaN,ranking and topK comparison
cp04p00_hard_phase_t0004,4,120,formal_tps30,hard_phase,3.75,4,combined_int14,score_recompute,0.3305967,7353,10,NaN,Step12 quantized score recompute
cp04p00_hard_phase_t0004,4,120,formal_tps30,hard_phase,3.75,4,combined_int14,ranking_compare,0.1576235,7353,10,NaN,ranking and topK comparison
cp04p00_hard_phase_t0004,4,120,formal_tps30,hard_phase,3.75,4,W_int18_G24_Z16,score_recompute,0.3466977,7353,10,NaN,Step12 quantized score recompute
cp04p00_hard_phase_t0004,4,120,formal_tps30,hard_phase,3.75,4,W_int18_G24_Z16,ranking_compare,0.1740006,7353,10,NaN,ranking and topK comparison
cp04p00_medium_beta_coherent_t0004,4,120,formal_tps30,medium_beta_coherent,3.75,4,double_baseline,score_recompute,0.3201581,7353,10,NaN,Step12 quantized score recompute
cp04p00_medium_beta_coherent_t0004,4,120,formal_tps30,medium_beta_coherent,3.75,4,double_baseline,ranking_compare,0.1643387,7353,10,NaN,ranking and topK comparison
cp04p00_medium_beta_coherent_t0004,4,120,formal_tps30,medium_beta_coherent,3.75,4,float32_all,score_recompute,0.3102154,7353,10,NaN,Step12 quantized score recompute
cp04p00_medium_beta_coherent_t0004,4,120,formal_tps30,medium_beta_coherent,3.75,4,float32_all,ranking_compare,0.1598462,7353,10,NaN,ranking and topK comparison
cp04p00_medium_beta_coherent_t0004,4,120,formal_tps30,medium_beta_coherent,3.75,4,combined_int16,score_recompute,0.3078616,7353,10,NaN,Step12 quantized score recompute
cp04p00_medium_beta_coherent_t0004,4,120,formal_tps30,medium_beta_coherent,3.75,4,combined_int16,ranking_compare,0.1581018,7353,10,NaN,ranking and topK comparison
cp04p00_medium_beta_coherent_t0004,4,120,formal_tps30,medium_beta_coherent,3.75,4,combined_int18,score_recompute,0.3108935,7353,10,NaN,Step12 quantized score recompute
cp04p00_medium_beta_coherent_t0004,4,120,formal_tps30,medium_beta_coherent,3.75,4,combined_int18,ranking_compare,0.1554173,7353,10,NaN,ranking and topK comparison
cp04p00_medium_beta_coherent_t0004,4,120,formal_tps30,medium_beta_coherent,3.75,4,combined_int24,score_recompute,0.309564,7353,10,NaN,Step12 quantized score recompute
cp04p00_medium_beta_coherent_t0004,4,120,formal_tps30,medium_beta_coherent,3.75,4,combined_int24,ranking_compare,0.1600985,7353,10,NaN,ranking and topK comparison
cp04p00_medium_beta_coherent_t0004,4,120,formal_tps30,medium_beta_coherent,3.75,4,mixed_Z16_G24_Rz24,score_recompute,0.3117154,7353,10,NaN,Step12 quantized score recompute
cp04p00_medium_beta_coherent_t0004,4,120,formal_tps30,medium_beta_coherent,3.75,4,mixed_Z16_G24_Rz24,ranking_compare,0.1620286,7353,10,NaN,ranking and topK comparison
cp04p00_medium_beta_coherent_t0004,4,120,formal_tps30,medium_beta_coherent,3.75,4,combined_int14,score_recompute,0.303043,7353,10,NaN,Step12 quantized score recompute
cp04p00_medium_beta_coherent_t0004,4,120,formal_tps30,medium_beta_coherent,3.75,4,combined_int14,ranking_compare,0.1535281,7353,10,NaN,ranking and topK comparison
cp04p00_medium_beta_coherent_t0004,4,120,formal_tps30,medium_beta_coherent,3.75,4,W_int18_G24_Z16,score_recompute,0.3033874,7353,10,NaN,Step12 quantized score recompute
cp04p00_medium_beta_coherent_t0004,4,120,formal_tps30,medium_beta_coherent,3.75,4,W_int18_G24_Z16,ranking_compare,0.1649931,7353,10,NaN,ranking and topK comparison
cp08p00_easy_noncoherent_t0004,4,120,formal_tps30,easy_noncoherent,7.5,4,double_baseline,score_recompute,0.2995681,7353,10,NaN,Step12 quantized score recompute
cp08p00_easy_noncoherent_t0004,4,120,formal_tps30,easy_noncoherent,7.5,4,double_baseline,ranking_compare,0.1600455,7353,10,NaN,ranking and topK comparison
cp08p00_easy_noncoherent_t0004,4,120,formal_tps30,easy_noncoherent,7.5,4,float32_all,score_recompute,0.2999645,7353,10,NaN,Step12 quantized score recompute
cp08p00_easy_noncoherent_t0004,4,120,formal_tps30,easy_noncoherent,7.5,4,float32_all,ranking_compare,0.155585,7353,10,NaN,ranking and topK comparison
cp08p00_easy_noncoherent_t0004,4,120,formal_tps30,easy_noncoherent,7.5,4,combined_int16,score_recompute,0.3617566,7353,10,NaN,Step12 quantized score recompute
cp08p00_easy_noncoherent_t0004,4,120,formal_tps30,easy_noncoherent,7.5,4,combined_int16,ranking_compare,0.1496294,7353,10,NaN,ranking and topK comparison
cp08p00_easy_noncoherent_t0004,4,120,formal_tps30,easy_noncoherent,7.5,4,combined_int18,score_recompute,0.3431735,7353,10,NaN,Step12 quantized score recompute
cp08p00_easy_noncoherent_t0004,4,120,formal_tps30,easy_noncoherent,7.5,4,combined_int18,ranking_compare,0.1566666,7353,10,NaN,ranking and topK comparison
cp08p00_easy_noncoherent_t0004,4,120,formal_tps30,easy_noncoherent,7.5,4,combined_int24,score_recompute,0.3425391,7353,10,NaN,Step12 quantized score recompute
cp08p00_easy_noncoherent_t0004,4,120,formal_tps30,easy_noncoherent,7.5,4,combined_int24,ranking_compare,0.1573595,7353,10,NaN,ranking and topK comparison
cp08p00_easy_noncoherent_t0004,4,120,formal_tps30,easy_noncoherent,7.5,4,mixed_Z16_G24_Rz24,score_recompute,0.2993269,7353,10,NaN,Step12 quantized score recompute
cp08p00_easy_noncoherent_t0004,4,120,formal_tps30,easy_noncoherent,7.5,4,mixed_Z16_G24_Rz24,ranking_compare,0.15216,7353,10,NaN,ranking and topK comparison
cp08p00_easy_noncoherent_t0004,4,120,formal_tps30,easy_noncoherent,7.5,4,combined_int14,score_recompute,0.336984,7353,10,NaN,Step12 quantized score recompute
cp08p00_easy_noncoherent_t0004,4,120,formal_tps30,easy_noncoherent,7.5,4,combined_int14,ranking_compare,0.1581609,7353,10,NaN,ranking and topK comparison
cp08p00_easy_noncoherent_t0004,4,120,formal_tps30,easy_noncoherent,7.5,4,W_int18_G24_Z16,score_recompute,0.3375586,7353,10,NaN,Step12 quantized score recompute
cp08p00_easy_noncoherent_t0004,4,120,formal_tps30,easy_noncoherent,7.5,4,W_int18_G24_Z16,ranking_compare,0.1498358,7353,10,NaN,ranking and topK comparison
cp08p00_low_snr_hard_t0004,4,120,formal_tps30,low_snr_hard,7.5,4,double_baseline,score_recompute,0.301941,7353,10,NaN,Step12 quantized score recompute
cp08p00_low_snr_hard_t0004,4,120,formal_tps30,low_snr_hard,7.5,4,double_baseline,ranking_compare,0.1547764,7353,10,NaN,ranking and topK comparison
cp08p00_low_snr_hard_t0004,4,120,formal_tps30,low_snr_hard,7.5,4,float32_all,score_recompute,0.3034901,7353,10,NaN,Step12 quantized score recompute
cp08p00_low_snr_hard_t0004,4,120,formal_tps30,low_snr_hard,7.5,4,float32_all,ranking_compare,0.1548233,7353,10,NaN,ranking and topK comparison
cp08p00_low_snr_hard_t0004,4,120,formal_tps30,low_snr_hard,7.5,4,combined_int16,score_recompute,0.311597,7353,10,NaN,Step12 quantized score recompute
cp08p00_low_snr_hard_t0004,4,120,formal_tps30,low_snr_hard,7.5,4,combined_int16,ranking_compare,0.1534479,7353,10,NaN,ranking and topK comparison
cp08p00_low_snr_hard_t0004,4,120,formal_tps30,low_snr_hard,7.5,4,combined_int18,score_recompute,0.3039786,7353,10,NaN,Step12 quantized score recompute
cp08p00_low_snr_hard_t0004,4,120,formal_tps30,low_snr_hard,7.5,4,combined_int18,ranking_compare,0.1522837,7353,10,NaN,ranking and topK comparison
cp08p00_low_snr_hard_t0004,4,120,formal_tps30,low_snr_hard,7.5,4,combined_int24,score_recompute,0.2944951,7353,10,NaN,Step12 quantized score recompute
cp08p00_low_snr_hard_t0004,4,120,formal_tps30,low_snr_hard,7.5,4,combined_int24,ranking_compare,0.1523927,7353,10,NaN,ranking and topK comparison
cp08p00_low_snr_hard_t0004,4,120,formal_tps30,low_snr_hard,7.5,4,mixed_Z16_G24_Rz24,score_recompute,0.2995867,7353,10,NaN,Step12 quantized score recompute
cp08p00_low_snr_hard_t0004,4,120,formal_tps30,low_snr_hard,7.5,4,mixed_Z16_G24_Rz24,ranking_compare,0.1552115,7353,10,NaN,ranking and topK comparison
cp08p00_low_snr_hard_t0004,4,120,formal_tps30,low_snr_hard,7.5,4,combined_int14,score_recompute,0.3232567,7353,10,NaN,Step12 quantized score recompute
cp08p00_low_snr_hard_t0004,4,120,formal_tps30,low_snr_hard,7.5,4,combined_int14,ranking_compare,0.1588831,7353,10,NaN,ranking and topK comparison
cp08p00_low_snr_hard_t0004,4,120,formal_tps30,low_snr_hard,7.5,4,W_int18_G24_Z16,score_recompute,0.3272373,7353,10,NaN,Step12 quantized score recompute
cp08p00_low_snr_hard_t0004,4,120,formal_tps30,low_snr_hard,7.5,4,W_int18_G24_Z16,ranking_compare,0.1691674,7353,10,NaN,ranking and topK comparison
cp08p00_cache_boundary_center_t0004,4,120,formal_tps30,cache_boundary_center,7.5,4,double_baseline,score_recompute,0.3222845,7353,10,NaN,Step12 quantized score recompute
cp08p00_cache_boundary_center_t0004,4,120,formal_tps30,cache_boundary_center,7.5,4,double_baseline,ranking_compare,0.1596902,7353,10,NaN,ranking and topK comparison
cp08p00_cache_boundary_center_t0004,4,120,formal_tps30,cache_boundary_center,7.5,4,float32_all,score_recompute,0.3114093,7353,10,NaN,Step12 quantized score recompute
cp08p00_cache_boundary_center_t0004,4,120,formal_tps30,cache_boundary_center,7.5,4,float32_all,ranking_compare,0.1513012,7353,10,NaN,ranking and topK comparison
cp08p00_cache_boundary_center_t0004,4,120,formal_tps30,cache_boundary_center,7.5,4,combined_int16,score_recompute,0.2928557,7353,10,NaN,Step12 quantized score recompute
cp08p00_cache_boundary_center_t0004,4,120,formal_tps30,cache_boundary_center,7.5,4,combined_int16,ranking_compare,0.1520987,7353,10,NaN,ranking and topK comparison
cp08p00_cache_boundary_center_t0004,4,120,formal_tps30,cache_boundary_center,7.5,4,combined_int18,score_recompute,0.302632,7353,10,NaN,Step12 quantized score recompute
cp08p00_cache_boundary_center_t0004,4,120,formal_tps30,cache_boundary_center,7.5,4,combined_int18,ranking_compare,0.1511552,7353,10,NaN,ranking and topK comparison
cp08p00_cache_boundary_center_t0004,4,120,formal_tps30,cache_boundary_center,7.5,4,combined_int24,score_recompute,0.2974445,7353,10,NaN,Step12 quantized score recompute
cp08p00_cache_boundary_center_t0004,4,120,formal_tps30,cache_boundary_center,7.5,4,combined_int24,ranking_compare,0.1523027,7353,10,NaN,ranking and topK comparison
cp08p00_cache_boundary_center_t0004,4,120,formal_tps30,cache_boundary_center,7.5,4,mixed_Z16_G24_Rz24,score_recompute,0.2967584,7353,10,NaN,Step12 quantized score recompute
cp08p00_cache_boundary_center_t0004,4,120,formal_tps30,cache_boundary_center,7.5,4,mixed_Z16_G24_Rz24,ranking_compare,0.1503085,7353,10,NaN,ranking and topK comparison
cp08p00_cache_boundary_center_t0004,4,120,formal_tps30,cache_boundary_center,7.5,4,combined_int14,score_recompute,0.3049116,7353,10,NaN,Step12 quantized score recompute
cp08p00_cache_boundary_center_t0004,4,120,formal_tps30,cache_boundary_center,7.5,4,combined_int14,ranking_compare,0.1594307,7353,10,NaN,ranking and topK comparison
cp08p00_cache_boundary_center_t0004,4,120,formal_tps30,cache_boundary_center,7.5,4,W_int18_G24_Z16,score_recompute,0.3025839,7353,10,NaN,Step12 quantized score recompute
cp08p00_cache_boundary_center_t0004,4,120,formal_tps30,cache_boundary_center,7.5,4,W_int18_G24_Z16,ranking_compare,0.1525906,7353,10,NaN,ranking and topK comparison
cp15p00_hard_phase_t0004,4,120,formal_tps30,hard_phase,15,4,double_baseline,score_recompute,0.2972765,7353,10,NaN,Step12 quantized score recompute
cp15p00_hard_phase_t0004,4,120,formal_tps30,hard_phase,15,4,double_baseline,ranking_compare,0.155425,7353,10,NaN,ranking and topK comparison
cp15p00_hard_phase_t0004,4,120,formal_tps30,hard_phase,15,4,float32_all,score_recompute,0.301087,7353,10,NaN,Step12 quantized score recompute
cp15p00_hard_phase_t0004,4,120,formal_tps30,hard_phase,15,4,float32_all,ranking_compare,0.155906,7353,10,NaN,ranking and topK comparison
cp15p00_hard_phase_t0004,4,120,formal_tps30,hard_phase,15,4,combined_int16,score_recompute,0.3396355,7353,10,NaN,Step12 quantized score recompute
cp15p00_hard_phase_t0004,4,120,formal_tps30,hard_phase,15,4,combined_int16,ranking_compare,0.1572489,7353,10,NaN,ranking and topK comparison
cp15p00_hard_phase_t0004,4,120,formal_tps30,hard_phase,15,4,combined_int18,score_recompute,0.3403645,7353,10,NaN,Step12 quantized score recompute
cp15p00_hard_phase_t0004,4,120,formal_tps30,hard_phase,15,4,combined_int18,ranking_compare,0.1541734,7353,10,NaN,ranking and topK comparison
cp15p00_hard_phase_t0004,4,120,formal_tps30,hard_phase,15,4,combined_int24,score_recompute,0.3335703,7353,10,NaN,Step12 quantized score recompute
cp15p00_hard_phase_t0004,4,120,formal_tps30,hard_phase,15,4,combined_int24,ranking_compare,0.1575358,7353,10,NaN,ranking and topK comparison
cp15p00_hard_phase_t0004,4,120,formal_tps30,hard_phase,15,4,mixed_Z16_G24_Rz24,score_recompute,0.3014527,7353,10,NaN,Step12 quantized score recompute
cp15p00_hard_phase_t0004,4,120,formal_tps30,hard_phase,15,4,mixed_Z16_G24_Rz24,ranking_compare,0.153292,7353,10,NaN,ranking and topK comparison
cp15p00_hard_phase_t0004,4,120,formal_tps30,hard_phase,15,4,combined_int14,score_recompute,0.3332331,7353,10,NaN,Step12 quantized score recompute
cp15p00_hard_phase_t0004,4,120,formal_tps30,hard_phase,15,4,combined_int14,ranking_compare,0.1540371,7353,10,NaN,ranking and topK comparison
cp15p00_hard_phase_t0004,4,120,formal_tps30,hard_phase,15,4,W_int18_G24_Z16,score_recompute,0.3834175,7353,10,NaN,Step12 quantized score recompute
cp15p00_hard_phase_t0004,4,120,formal_tps30,hard_phase,15,4,W_int18_G24_Z16,ranking_compare,0.161126,7353,10,NaN,ranking and topK comparison
cp15p00_medium_beta_coherent_t0004,4,120,formal_tps30,medium_beta_coherent,15,4,double_baseline,score_recompute,0.3079595,7353,10,NaN,Step12 quantized score recompute
cp15p00_medium_beta_coherent_t0004,4,120,formal_tps30,medium_beta_coherent,15,4,double_baseline,ranking_compare,0.1592111,7353,10,NaN,ranking and topK comparison
cp15p00_medium_beta_coherent_t0004,4,120,formal_tps30,medium_beta_coherent,15,4,float32_all,score_recompute,0.3048085,7353,10,NaN,Step12 quantized score recompute
cp15p00_medium_beta_coherent_t0004,4,120,formal_tps30,medium_beta_coherent,15,4,float32_all,ranking_compare,0.1526299,7353,10,NaN,ranking and topK comparison
cp15p00_medium_beta_coherent_t0004,4,120,formal_tps30,medium_beta_coherent,15,4,combined_int16,score_recompute,0.296391,7353,10,NaN,Step12 quantized score recompute
cp15p00_medium_beta_coherent_t0004,4,120,formal_tps30,medium_beta_coherent,15,4,combined_int16,ranking_compare,0.1540601,7353,10,NaN,ranking and topK comparison
cp15p00_medium_beta_coherent_t0004,4,120,formal_tps30,medium_beta_coherent,15,4,combined_int18,score_recompute,0.2943099,7353,10,NaN,Step12 quantized score recompute
cp15p00_medium_beta_coherent_t0004,4,120,formal_tps30,medium_beta_coherent,15,4,combined_int18,ranking_compare,0.1538728,7353,10,NaN,ranking and topK comparison
cp15p00_medium_beta_coherent_t0004,4,120,formal_tps30,medium_beta_coherent,15,4,combined_int24,score_recompute,0.3054386,7353,10,NaN,Step12 quantized score recompute
cp15p00_medium_beta_coherent_t0004,4,120,formal_tps30,medium_beta_coherent,15,4,combined_int24,ranking_compare,0.1570466,7353,10,NaN,ranking and topK comparison
cp15p00_medium_beta_coherent_t0004,4,120,formal_tps30,medium_beta_coherent,15,4,mixed_Z16_G24_Rz24,score_recompute,0.2942637,7353,10,NaN,Step12 quantized score recompute
cp15p00_medium_beta_coherent_t0004,4,120,formal_tps30,medium_beta_coherent,15,4,mixed_Z16_G24_Rz24,ranking_compare,0.1522543,7353,10,NaN,ranking and topK comparison
cp15p00_medium_beta_coherent_t0004,4,120,formal_tps30,medium_beta_coherent,15,4,combined_int14,score_recompute,0.2928785,7353,10,NaN,Step12 quantized score recompute
cp15p00_medium_beta_coherent_t0004,4,120,formal_tps30,medium_beta_coherent,15,4,combined_int14,ranking_compare,0.1516113,7353,10,NaN,ranking and topK comparison
cp15p00_medium_beta_coherent_t0004,4,120,formal_tps30,medium_beta_coherent,15,4,W_int18_G24_Z16,score_recompute,0.2934693,7353,10,NaN,Step12 quantized score recompute
cp15p00_medium_beta_coherent_t0004,4,120,formal_tps30,medium_beta_coherent,15,4,W_int18_G24_Z16,ranking_compare,0.1493381,7353,10,NaN,ranking and topK comparison
cp00p00_easy_noncoherent_t0005,5,120,formal_tps30,easy_noncoherent,0,5,,build_step11_input,0.0551428,NaN,10,NaN,Step11.7 frontend-like input builder
cp00p00_easy_noncoherent_t0005,5,120,formal_tps30,easy_noncoherent,0,5,,run_step11_backend,0,NaN,10,NaN,Skipped full Step11.7 backend; using Step12 score-core adapter
cp00p00_easy_noncoherent_t0005,5,120,formal_tps30,easy_noncoherent,0,5,,build_candidate_score_pack,1.4119527,7353,10,NaN,Build W/Y/Z/Rz/G_cache candidate score pack
cp00p00_low_snr_hard_t0005,5,120,formal_tps30,low_snr_hard,0,5,,build_step11_input,0.0221331,NaN,10,NaN,Step11.7 frontend-like input builder
cp00p00_low_snr_hard_t0005,5,120,formal_tps30,low_snr_hard,0,5,,run_step11_backend,0,NaN,10,NaN,Skipped full Step11.7 backend; using Step12 score-core adapter
cp00p00_low_snr_hard_t0005,5,120,formal_tps30,low_snr_hard,0,5,,build_candidate_score_pack,1.1250608,7353,10,NaN,Build W/Y/Z/Rz/G_cache candidate score pack
cp00p00_cache_boundary_center_t0005,5,120,formal_tps30,cache_boundary_center,0,5,,build_step11_input,0.0133738,NaN,10,NaN,Step11.7 frontend-like input builder
cp00p00_cache_boundary_center_t0005,5,120,formal_tps30,cache_boundary_center,0,5,,run_step11_backend,0,NaN,10,NaN,Skipped full Step11.7 backend; using Step12 score-core adapter
cp00p00_cache_boundary_center_t0005,5,120,formal_tps30,cache_boundary_center,0,5,,build_candidate_score_pack,1.1011233,7353,10,NaN,Build W/Y/Z/Rz/G_cache candidate score pack
cp04p00_hard_phase_t0005,5,120,formal_tps30,hard_phase,4,5,,build_step11_input,0.0185276,NaN,10,NaN,Step11.7 frontend-like input builder
cp04p00_hard_phase_t0005,5,120,formal_tps30,hard_phase,4,5,,run_step11_backend,0,NaN,10,NaN,Skipped full Step11.7 backend; using Step12 score-core adapter
cp04p00_hard_phase_t0005,5,120,formal_tps30,hard_phase,4,5,,build_candidate_score_pack,0.8117571,7353,10,NaN,Build W/Y/Z/Rz/G_cache candidate score pack
cp04p00_medium_beta_coherent_t0005,5,120,formal_tps30,medium_beta_coherent,4,5,,build_step11_input,0.0201794,NaN,10,NaN,Step11.7 frontend-like input builder
cp04p00_medium_beta_coherent_t0005,5,120,formal_tps30,medium_beta_coherent,4,5,,run_step11_backend,0,NaN,10,NaN,Skipped full Step11.7 backend; using Step12 score-core adapter
cp04p00_medium_beta_coherent_t0005,5,120,formal_tps30,medium_beta_coherent,4,5,,build_candidate_score_pack,0.8062262,7353,10,NaN,Build W/Y/Z/Rz/G_cache candidate score pack
cp08p00_easy_noncoherent_t0005,5,120,formal_tps30,easy_noncoherent,8,5,,build_step11_input,0.006504,NaN,10,NaN,Step11.7 frontend-like input builder
cp08p00_easy_noncoherent_t0005,5,120,formal_tps30,easy_noncoherent,8,5,,run_step11_backend,0,NaN,10,NaN,Skipped full Step11.7 backend; using Step12 score-core adapter
cp08p00_easy_noncoherent_t0005,5,120,formal_tps30,easy_noncoherent,8,5,,build_candidate_score_pack,0.7746817,7353,10,NaN,Build W/Y/Z/Rz/G_cache candidate score pack
cp08p00_low_snr_hard_t0005,5,120,formal_tps30,low_snr_hard,8,5,,build_step11_input,0.0059659,NaN,10,NaN,Step11.7 frontend-like input builder
cp08p00_low_snr_hard_t0005,5,120,formal_tps30,low_snr_hard,8,5,,run_step11_backend,0,NaN,10,NaN,Skipped full Step11.7 backend; using Step12 score-core adapter
cp08p00_low_snr_hard_t0005,5,120,formal_tps30,low_snr_hard,8,5,,build_candidate_score_pack,0.764853,7353,10,NaN,Build W/Y/Z/Rz/G_cache candidate score pack
cp08p00_cache_boundary_center_t0005,5,120,formal_tps30,cache_boundary_center,8,5,,build_step11_input,0.0064201,NaN,10,NaN,Step11.7 frontend-like input builder
cp08p00_cache_boundary_center_t0005,5,120,formal_tps30,cache_boundary_center,8,5,,run_step11_backend,0,NaN,10,NaN,Skipped full Step11.7 backend; using Step12 score-core adapter
cp08p00_cache_boundary_center_t0005,5,120,formal_tps30,cache_boundary_center,8,5,,build_candidate_score_pack,0.77431,7353,10,NaN,Build W/Y/Z/Rz/G_cache candidate score pack
cp15p00_hard_phase_t0005,5,120,formal_tps30,hard_phase,15,5,,build_step11_input,0.0063324,NaN,10,NaN,Step11.7 frontend-like input builder
cp15p00_hard_phase_t0005,5,120,formal_tps30,hard_phase,15,5,,run_step11_backend,0,NaN,10,NaN,Skipped full Step11.7 backend; using Step12 score-core adapter
cp15p00_hard_phase_t0005,5,120,formal_tps30,hard_phase,15,5,,build_candidate_score_pack,0.8339183,7353,10,NaN,Build W/Y/Z/Rz/G_cache candidate score pack
cp15p00_medium_beta_coherent_t0005,5,120,formal_tps30,medium_beta_coherent,15,5,,build_step11_input,0.0055894,NaN,10,NaN,Step11.7 frontend-like input builder
cp15p00_medium_beta_coherent_t0005,5,120,formal_tps30,medium_beta_coherent,15,5,,run_step11_backend,0,NaN,10,NaN,Skipped full Step11.7 backend; using Step12 score-core adapter
cp15p00_medium_beta_coherent_t0005,5,120,formal_tps30,medium_beta_coherent,15,5,,build_candidate_score_pack,0.808217,7353,10,NaN,Build W/Y/Z/Rz/G_cache candidate score pack
cp00p00_easy_noncoherent_t0005,5,120,formal_tps30,easy_noncoherent,0,5,double_baseline,score_recompute,0.3027127,7353,10,NaN,Step12 quantized score recompute
cp00p00_easy_noncoherent_t0005,5,120,formal_tps30,easy_noncoherent,0,5,double_baseline,ranking_compare,0.2078617,7353,10,NaN,ranking and topK comparison
cp00p00_easy_noncoherent_t0005,5,120,formal_tps30,easy_noncoherent,0,5,float32_all,score_recompute,0.3381004,7353,10,NaN,Step12 quantized score recompute
cp00p00_easy_noncoherent_t0005,5,120,formal_tps30,easy_noncoherent,0,5,float32_all,ranking_compare,0.1657847,7353,10,NaN,ranking and topK comparison
cp00p00_easy_noncoherent_t0005,5,120,formal_tps30,easy_noncoherent,0,5,combined_int16,score_recompute,0.3518262,7353,10,NaN,Step12 quantized score recompute
cp00p00_easy_noncoherent_t0005,5,120,formal_tps30,easy_noncoherent,0,5,combined_int16,ranking_compare,0.1565329,7353,10,NaN,ranking and topK comparison
cp00p00_easy_noncoherent_t0005,5,120,formal_tps30,easy_noncoherent,0,5,combined_int18,score_recompute,0.3431756,7353,10,NaN,Step12 quantized score recompute
cp00p00_easy_noncoherent_t0005,5,120,formal_tps30,easy_noncoherent,0,5,combined_int18,ranking_compare,0.1533656,7353,10,NaN,ranking and topK comparison
cp00p00_easy_noncoherent_t0005,5,120,formal_tps30,easy_noncoherent,0,5,combined_int24,score_recompute,0.3324811,7353,10,NaN,Step12 quantized score recompute
cp00p00_easy_noncoherent_t0005,5,120,formal_tps30,easy_noncoherent,0,5,combined_int24,ranking_compare,0.1690185,7353,10,NaN,ranking and topK comparison
cp00p00_easy_noncoherent_t0005,5,120,formal_tps30,easy_noncoherent,0,5,mixed_Z16_G24_Rz24,score_recompute,0.2899495,7353,10,NaN,Step12 quantized score recompute
cp00p00_easy_noncoherent_t0005,5,120,formal_tps30,easy_noncoherent,0,5,mixed_Z16_G24_Rz24,ranking_compare,0.1477419,7353,10,NaN,ranking and topK comparison
cp00p00_easy_noncoherent_t0005,5,120,formal_tps30,easy_noncoherent,0,5,combined_int14,score_recompute,0.3248257,7353,10,NaN,Step12 quantized score recompute
cp00p00_easy_noncoherent_t0005,5,120,formal_tps30,easy_noncoherent,0,5,combined_int14,ranking_compare,0.1470412,7353,10,NaN,ranking and topK comparison
cp00p00_easy_noncoherent_t0005,5,120,formal_tps30,easy_noncoherent,0,5,W_int18_G24_Z16,score_recompute,0.323174,7353,10,NaN,Step12 quantized score recompute
cp00p00_easy_noncoherent_t0005,5,120,formal_tps30,easy_noncoherent,0,5,W_int18_G24_Z16,ranking_compare,0.1509958,7353,10,NaN,ranking and topK comparison
cp00p00_low_snr_hard_t0005,5,120,formal_tps30,low_snr_hard,0,5,double_baseline,score_recompute,0.2918007,7353,10,NaN,Step12 quantized score recompute
cp00p00_low_snr_hard_t0005,5,120,formal_tps30,low_snr_hard,0,5,double_baseline,ranking_compare,0.1456415,7353,10,NaN,ranking and topK comparison
cp00p00_low_snr_hard_t0005,5,120,formal_tps30,low_snr_hard,0,5,float32_all,score_recompute,0.2906426,7353,10,NaN,Step12 quantized score recompute
cp00p00_low_snr_hard_t0005,5,120,formal_tps30,low_snr_hard,0,5,float32_all,ranking_compare,0.1468201,7353,10,NaN,ranking and topK comparison
cp00p00_low_snr_hard_t0005,5,120,formal_tps30,low_snr_hard,0,5,combined_int16,score_recompute,0.2904814,7353,10,NaN,Step12 quantized score recompute
cp00p00_low_snr_hard_t0005,5,120,formal_tps30,low_snr_hard,0,5,combined_int16,ranking_compare,0.145462,7353,10,NaN,ranking and topK comparison
cp00p00_low_snr_hard_t0005,5,120,formal_tps30,low_snr_hard,0,5,combined_int18,score_recompute,0.2874324,7353,10,NaN,Step12 quantized score recompute
cp00p00_low_snr_hard_t0005,5,120,formal_tps30,low_snr_hard,0,5,combined_int18,ranking_compare,0.1482362,7353,10,NaN,ranking and topK comparison
cp00p00_low_snr_hard_t0005,5,120,formal_tps30,low_snr_hard,0,5,combined_int24,score_recompute,0.2860797,7353,10,NaN,Step12 quantized score recompute
cp00p00_low_snr_hard_t0005,5,120,formal_tps30,low_snr_hard,0,5,combined_int24,ranking_compare,0.1452484,7353,10,NaN,ranking and topK comparison
cp00p00_low_snr_hard_t0005,5,120,formal_tps30,low_snr_hard,0,5,mixed_Z16_G24_Rz24,score_recompute,0.3065591,7353,10,NaN,Step12 quantized score recompute
cp00p00_low_snr_hard_t0005,5,120,formal_tps30,low_snr_hard,0,5,mixed_Z16_G24_Rz24,ranking_compare,0.1531727,7353,10,NaN,ranking and topK comparison
cp00p00_low_snr_hard_t0005,5,120,formal_tps30,low_snr_hard,0,5,combined_int14,score_recompute,0.3095146,7353,10,NaN,Step12 quantized score recompute
cp00p00_low_snr_hard_t0005,5,120,formal_tps30,low_snr_hard,0,5,combined_int14,ranking_compare,0.1558817,7353,10,NaN,ranking and topK comparison
cp00p00_low_snr_hard_t0005,5,120,formal_tps30,low_snr_hard,0,5,W_int18_G24_Z16,score_recompute,0.2891211,7353,10,NaN,Step12 quantized score recompute
cp00p00_low_snr_hard_t0005,5,120,formal_tps30,low_snr_hard,0,5,W_int18_G24_Z16,ranking_compare,0.1480316,7353,10,NaN,ranking and topK comparison
cp00p00_cache_boundary_center_t0005,5,120,formal_tps30,cache_boundary_center,0,5,double_baseline,score_recompute,0.2855173,7353,10,NaN,Step12 quantized score recompute
cp00p00_cache_boundary_center_t0005,5,120,formal_tps30,cache_boundary_center,0,5,double_baseline,ranking_compare,0.1519848,7353,10,NaN,ranking and topK comparison
cp00p00_cache_boundary_center_t0005,5,120,formal_tps30,cache_boundary_center,0,5,float32_all,score_recompute,0.2846047,7353,10,NaN,Step12 quantized score recompute
cp00p00_cache_boundary_center_t0005,5,120,formal_tps30,cache_boundary_center,0,5,float32_all,ranking_compare,0.1466424,7353,10,NaN,ranking and topK comparison
cp00p00_cache_boundary_center_t0005,5,120,formal_tps30,cache_boundary_center,0,5,combined_int16,score_recompute,0.2888099,7353,10,NaN,Step12 quantized score recompute
cp00p00_cache_boundary_center_t0005,5,120,formal_tps30,cache_boundary_center,0,5,combined_int16,ranking_compare,0.1483533,7353,10,NaN,ranking and topK comparison
cp00p00_cache_boundary_center_t0005,5,120,formal_tps30,cache_boundary_center,0,5,combined_int18,score_recompute,0.2882207,7353,10,NaN,Step12 quantized score recompute
cp00p00_cache_boundary_center_t0005,5,120,formal_tps30,cache_boundary_center,0,5,combined_int18,ranking_compare,0.1497366,7353,10,NaN,ranking and topK comparison
cp00p00_cache_boundary_center_t0005,5,120,formal_tps30,cache_boundary_center,0,5,combined_int24,score_recompute,0.2868823,7353,10,NaN,Step12 quantized score recompute
cp00p00_cache_boundary_center_t0005,5,120,formal_tps30,cache_boundary_center,0,5,combined_int24,ranking_compare,0.1483542,7353,10,NaN,ranking and topK comparison
cp00p00_cache_boundary_center_t0005,5,120,formal_tps30,cache_boundary_center,0,5,mixed_Z16_G24_Rz24,score_recompute,0.2907164,7353,10,NaN,Step12 quantized score recompute
cp00p00_cache_boundary_center_t0005,5,120,formal_tps30,cache_boundary_center,0,5,mixed_Z16_G24_Rz24,ranking_compare,0.1468149,7353,10,NaN,ranking and topK comparison
cp00p00_cache_boundary_center_t0005,5,120,formal_tps30,cache_boundary_center,0,5,combined_int14,score_recompute,0.2883809,7353,10,NaN,Step12 quantized score recompute
cp00p00_cache_boundary_center_t0005,5,120,formal_tps30,cache_boundary_center,0,5,combined_int14,ranking_compare,0.1477048,7353,10,NaN,ranking and topK comparison
cp00p00_cache_boundary_center_t0005,5,120,formal_tps30,cache_boundary_center,0,5,W_int18_G24_Z16,score_recompute,0.2877251,7353,10,NaN,Step12 quantized score recompute
cp00p00_cache_boundary_center_t0005,5,120,formal_tps30,cache_boundary_center,0,5,W_int18_G24_Z16,ranking_compare,0.1482008,7353,10,NaN,ranking and topK comparison
cp04p00_hard_phase_t0005,5,120,formal_tps30,hard_phase,3.75,5,double_baseline,score_recompute,0.2847624,7353,10,NaN,Step12 quantized score recompute
cp04p00_hard_phase_t0005,5,120,formal_tps30,hard_phase,3.75,5,double_baseline,ranking_compare,0.1463156,7353,10,NaN,ranking and topK comparison
cp04p00_hard_phase_t0005,5,120,formal_tps30,hard_phase,3.75,5,float32_all,score_recompute,0.2871784,7353,10,NaN,Step12 quantized score recompute
cp04p00_hard_phase_t0005,5,120,formal_tps30,hard_phase,3.75,5,float32_all,ranking_compare,0.1497881,7353,10,NaN,ranking and topK comparison
cp04p00_hard_phase_t0005,5,120,formal_tps30,hard_phase,3.75,5,combined_int16,score_recompute,0.3278087,7353,10,NaN,Step12 quantized score recompute
cp04p00_hard_phase_t0005,5,120,formal_tps30,hard_phase,3.75,5,combined_int16,ranking_compare,0.1474352,7353,10,NaN,ranking and topK comparison
cp04p00_hard_phase_t0005,5,120,formal_tps30,hard_phase,3.75,5,combined_int18,score_recompute,0.3207628,7353,10,NaN,Step12 quantized score recompute
cp04p00_hard_phase_t0005,5,120,formal_tps30,hard_phase,3.75,5,combined_int18,ranking_compare,0.1467693,7353,10,NaN,ranking and topK comparison
cp04p00_hard_phase_t0005,5,120,formal_tps30,hard_phase,3.75,5,combined_int24,score_recompute,0.3245575,7353,10,NaN,Step12 quantized score recompute
cp04p00_hard_phase_t0005,5,120,formal_tps30,hard_phase,3.75,5,combined_int24,ranking_compare,0.1490344,7353,10,NaN,ranking and topK comparison
cp04p00_hard_phase_t0005,5,120,formal_tps30,hard_phase,3.75,5,mixed_Z16_G24_Rz24,score_recompute,0.2859341,7353,10,NaN,Step12 quantized score recompute
cp04p00_hard_phase_t0005,5,120,formal_tps30,hard_phase,3.75,5,mixed_Z16_G24_Rz24,ranking_compare,0.1483084,7353,10,NaN,ranking and topK comparison
cp04p00_hard_phase_t0005,5,120,formal_tps30,hard_phase,3.75,5,combined_int14,score_recompute,0.3240824,7353,10,NaN,Step12 quantized score recompute
cp04p00_hard_phase_t0005,5,120,formal_tps30,hard_phase,3.75,5,combined_int14,ranking_compare,0.1460787,7353,10,NaN,ranking and topK comparison
cp04p00_hard_phase_t0005,5,120,formal_tps30,hard_phase,3.75,5,W_int18_G24_Z16,score_recompute,0.3112741,7353,10,NaN,Step12 quantized score recompute
cp04p00_hard_phase_t0005,5,120,formal_tps30,hard_phase,3.75,5,W_int18_G24_Z16,ranking_compare,0.1472036,7353,10,NaN,ranking and topK comparison
cp04p00_medium_beta_coherent_t0005,5,120,formal_tps30,medium_beta_coherent,3.75,5,double_baseline,score_recompute,0.2846044,7353,10,NaN,Step12 quantized score recompute
cp04p00_medium_beta_coherent_t0005,5,120,formal_tps30,medium_beta_coherent,3.75,5,double_baseline,ranking_compare,0.1466945,7353,10,NaN,ranking and topK comparison
cp04p00_medium_beta_coherent_t0005,5,120,formal_tps30,medium_beta_coherent,3.75,5,float32_all,score_recompute,0.2849032,7353,10,NaN,Step12 quantized score recompute
cp04p00_medium_beta_coherent_t0005,5,120,formal_tps30,medium_beta_coherent,3.75,5,float32_all,ranking_compare,0.145595,7353,10,NaN,ranking and topK comparison
cp04p00_medium_beta_coherent_t0005,5,120,formal_tps30,medium_beta_coherent,3.75,5,combined_int16,score_recompute,0.2861045,7353,10,NaN,Step12 quantized score recompute
cp04p00_medium_beta_coherent_t0005,5,120,formal_tps30,medium_beta_coherent,3.75,5,combined_int16,ranking_compare,0.1489602,7353,10,NaN,ranking and topK comparison
cp04p00_medium_beta_coherent_t0005,5,120,formal_tps30,medium_beta_coherent,3.75,5,combined_int18,score_recompute,0.2858023,7353,10,NaN,Step12 quantized score recompute
cp04p00_medium_beta_coherent_t0005,5,120,formal_tps30,medium_beta_coherent,3.75,5,combined_int18,ranking_compare,0.1460052,7353,10,NaN,ranking and topK comparison
cp04p00_medium_beta_coherent_t0005,5,120,formal_tps30,medium_beta_coherent,3.75,5,combined_int24,score_recompute,0.2873906,7353,10,NaN,Step12 quantized score recompute
cp04p00_medium_beta_coherent_t0005,5,120,formal_tps30,medium_beta_coherent,3.75,5,combined_int24,ranking_compare,0.1467003,7353,10,NaN,ranking and topK comparison
cp04p00_medium_beta_coherent_t0005,5,120,formal_tps30,medium_beta_coherent,3.75,5,mixed_Z16_G24_Rz24,score_recompute,0.2902318,7353,10,NaN,Step12 quantized score recompute
cp04p00_medium_beta_coherent_t0005,5,120,formal_tps30,medium_beta_coherent,3.75,5,mixed_Z16_G24_Rz24,ranking_compare,0.1463135,7353,10,NaN,ranking and topK comparison
cp04p00_medium_beta_coherent_t0005,5,120,formal_tps30,medium_beta_coherent,3.75,5,combined_int14,score_recompute,0.2889245,7353,10,NaN,Step12 quantized score recompute
cp04p00_medium_beta_coherent_t0005,5,120,formal_tps30,medium_beta_coherent,3.75,5,combined_int14,ranking_compare,0.144884,7353,10,NaN,ranking and topK comparison
cp04p00_medium_beta_coherent_t0005,5,120,formal_tps30,medium_beta_coherent,3.75,5,W_int18_G24_Z16,score_recompute,0.2870204,7353,10,NaN,Step12 quantized score recompute
cp04p00_medium_beta_coherent_t0005,5,120,formal_tps30,medium_beta_coherent,3.75,5,W_int18_G24_Z16,ranking_compare,0.1479285,7353,10,NaN,ranking and topK comparison
cp08p00_easy_noncoherent_t0005,5,120,formal_tps30,easy_noncoherent,7.5,5,double_baseline,score_recompute,0.2867397,7353,10,NaN,Step12 quantized score recompute
cp08p00_easy_noncoherent_t0005,5,120,formal_tps30,easy_noncoherent,7.5,5,double_baseline,ranking_compare,0.1462891,7353,10,NaN,ranking and topK comparison
cp08p00_easy_noncoherent_t0005,5,120,formal_tps30,easy_noncoherent,7.5,5,float32_all,score_recompute,0.2894666,7353,10,NaN,Step12 quantized score recompute
cp08p00_easy_noncoherent_t0005,5,120,formal_tps30,easy_noncoherent,7.5,5,float32_all,ranking_compare,0.1477551,7353,10,NaN,ranking and topK comparison
cp08p00_easy_noncoherent_t0005,5,120,formal_tps30,easy_noncoherent,7.5,5,combined_int16,score_recompute,0.3235577,7353,10,NaN,Step12 quantized score recompute
cp08p00_easy_noncoherent_t0005,5,120,formal_tps30,easy_noncoherent,7.5,5,combined_int16,ranking_compare,0.1447662,7353,10,NaN,ranking and topK comparison
cp08p00_easy_noncoherent_t0005,5,120,formal_tps30,easy_noncoherent,7.5,5,combined_int18,score_recompute,0.3182989,7353,10,NaN,Step12 quantized score recompute
cp08p00_easy_noncoherent_t0005,5,120,formal_tps30,easy_noncoherent,7.5,5,combined_int18,ranking_compare,0.1467488,7353,10,NaN,ranking and topK comparison
cp08p00_easy_noncoherent_t0005,5,120,formal_tps30,easy_noncoherent,7.5,5,combined_int24,score_recompute,0.3232052,7353,10,NaN,Step12 quantized score recompute
cp08p00_easy_noncoherent_t0005,5,120,formal_tps30,easy_noncoherent,7.5,5,combined_int24,ranking_compare,0.1473466,7353,10,NaN,ranking and topK comparison
cp08p00_easy_noncoherent_t0005,5,120,formal_tps30,easy_noncoherent,7.5,5,mixed_Z16_G24_Rz24,score_recompute,0.3024006,7353,10,NaN,Step12 quantized score recompute
cp08p00_easy_noncoherent_t0005,5,120,formal_tps30,easy_noncoherent,7.5,5,mixed_Z16_G24_Rz24,ranking_compare,0.1524565,7353,10,NaN,ranking and topK comparison
cp08p00_easy_noncoherent_t0005,5,120,formal_tps30,easy_noncoherent,7.5,5,combined_int14,score_recompute,0.3545299,7353,10,NaN,Step12 quantized score recompute
cp08p00_easy_noncoherent_t0005,5,120,formal_tps30,easy_noncoherent,7.5,5,combined_int14,ranking_compare,0.1555176,7353,10,NaN,ranking and topK comparison
cp08p00_easy_noncoherent_t0005,5,120,formal_tps30,easy_noncoherent,7.5,5,W_int18_G24_Z16,score_recompute,0.3298564,7353,10,NaN,Step12 quantized score recompute
cp08p00_easy_noncoherent_t0005,5,120,formal_tps30,easy_noncoherent,7.5,5,W_int18_G24_Z16,ranking_compare,0.1479358,7353,10,NaN,ranking and topK comparison
cp08p00_low_snr_hard_t0005,5,120,formal_tps30,low_snr_hard,7.5,5,double_baseline,score_recompute,0.3039938,7353,10,NaN,Step12 quantized score recompute
cp08p00_low_snr_hard_t0005,5,120,formal_tps30,low_snr_hard,7.5,5,double_baseline,ranking_compare,0.1521929,7353,10,NaN,ranking and topK comparison
cp08p00_low_snr_hard_t0005,5,120,formal_tps30,low_snr_hard,7.5,5,float32_all,score_recompute,0.2921984,7353,10,NaN,Step12 quantized score recompute
cp08p00_low_snr_hard_t0005,5,120,formal_tps30,low_snr_hard,7.5,5,float32_all,ranking_compare,0.1471709,7353,10,NaN,ranking and topK comparison
cp08p00_low_snr_hard_t0005,5,120,formal_tps30,low_snr_hard,7.5,5,combined_int16,score_recompute,0.2915731,7353,10,NaN,Step12 quantized score recompute
cp08p00_low_snr_hard_t0005,5,120,formal_tps30,low_snr_hard,7.5,5,combined_int16,ranking_compare,0.1477513,7353,10,NaN,ranking and topK comparison
cp08p00_low_snr_hard_t0005,5,120,formal_tps30,low_snr_hard,7.5,5,combined_int18,score_recompute,0.2921214,7353,10,NaN,Step12 quantized score recompute
cp08p00_low_snr_hard_t0005,5,120,formal_tps30,low_snr_hard,7.5,5,combined_int18,ranking_compare,0.1457532,7353,10,NaN,ranking and topK comparison
cp08p00_low_snr_hard_t0005,5,120,formal_tps30,low_snr_hard,7.5,5,combined_int24,score_recompute,0.2866715,7353,10,NaN,Step12 quantized score recompute
cp08p00_low_snr_hard_t0005,5,120,formal_tps30,low_snr_hard,7.5,5,combined_int24,ranking_compare,0.1475058,7353,10,NaN,ranking and topK comparison
cp08p00_low_snr_hard_t0005,5,120,formal_tps30,low_snr_hard,7.5,5,mixed_Z16_G24_Rz24,score_recompute,0.2856738,7353,10,NaN,Step12 quantized score recompute
cp08p00_low_snr_hard_t0005,5,120,formal_tps30,low_snr_hard,7.5,5,mixed_Z16_G24_Rz24,ranking_compare,0.1416697,7353,10,NaN,ranking and topK comparison
cp08p00_low_snr_hard_t0005,5,120,formal_tps30,low_snr_hard,7.5,5,combined_int14,score_recompute,0.2876995,7353,10,NaN,Step12 quantized score recompute
cp08p00_low_snr_hard_t0005,5,120,formal_tps30,low_snr_hard,7.5,5,combined_int14,ranking_compare,0.1461478,7353,10,NaN,ranking and topK comparison
cp08p00_low_snr_hard_t0005,5,120,formal_tps30,low_snr_hard,7.5,5,W_int18_G24_Z16,score_recompute,0.2886347,7353,10,NaN,Step12 quantized score recompute
cp08p00_low_snr_hard_t0005,5,120,formal_tps30,low_snr_hard,7.5,5,W_int18_G24_Z16,ranking_compare,0.1443258,7353,10,NaN,ranking and topK comparison
cp08p00_cache_boundary_center_t0005,5,120,formal_tps30,cache_boundary_center,7.5,5,double_baseline,score_recompute,0.2800628,7353,10,NaN,Step12 quantized score recompute
cp08p00_cache_boundary_center_t0005,5,120,formal_tps30,cache_boundary_center,7.5,5,double_baseline,ranking_compare,0.1483171,7353,10,NaN,ranking and topK comparison
cp08p00_cache_boundary_center_t0005,5,120,formal_tps30,cache_boundary_center,7.5,5,float32_all,score_recompute,0.2862998,7353,10,NaN,Step12 quantized score recompute
cp08p00_cache_boundary_center_t0005,5,120,formal_tps30,cache_boundary_center,7.5,5,float32_all,ranking_compare,0.1447664,7353,10,NaN,ranking and topK comparison
cp08p00_cache_boundary_center_t0005,5,120,formal_tps30,cache_boundary_center,7.5,5,combined_int16,score_recompute,0.2866964,7353,10,NaN,Step12 quantized score recompute
cp08p00_cache_boundary_center_t0005,5,120,formal_tps30,cache_boundary_center,7.5,5,combined_int16,ranking_compare,0.1435821,7353,10,NaN,ranking and topK comparison
cp08p00_cache_boundary_center_t0005,5,120,formal_tps30,cache_boundary_center,7.5,5,combined_int18,score_recompute,0.288509,7353,10,NaN,Step12 quantized score recompute
cp08p00_cache_boundary_center_t0005,5,120,formal_tps30,cache_boundary_center,7.5,5,combined_int18,ranking_compare,0.14963,7353,10,NaN,ranking and topK comparison
cp08p00_cache_boundary_center_t0005,5,120,formal_tps30,cache_boundary_center,7.5,5,combined_int24,score_recompute,0.2842002,7353,10,NaN,Step12 quantized score recompute
cp08p00_cache_boundary_center_t0005,5,120,formal_tps30,cache_boundary_center,7.5,5,combined_int24,ranking_compare,0.1487361,7353,10,NaN,ranking and topK comparison
cp08p00_cache_boundary_center_t0005,5,120,formal_tps30,cache_boundary_center,7.5,5,mixed_Z16_G24_Rz24,score_recompute,0.2863781,7353,10,NaN,Step12 quantized score recompute
cp08p00_cache_boundary_center_t0005,5,120,formal_tps30,cache_boundary_center,7.5,5,mixed_Z16_G24_Rz24,ranking_compare,0.1473672,7353,10,NaN,ranking and topK comparison
cp08p00_cache_boundary_center_t0005,5,120,formal_tps30,cache_boundary_center,7.5,5,combined_int14,score_recompute,0.2892031,7353,10,NaN,Step12 quantized score recompute
cp08p00_cache_boundary_center_t0005,5,120,formal_tps30,cache_boundary_center,7.5,5,combined_int14,ranking_compare,0.1465706,7353,10,NaN,ranking and topK comparison
cp08p00_cache_boundary_center_t0005,5,120,formal_tps30,cache_boundary_center,7.5,5,W_int18_G24_Z16,score_recompute,0.3047885,7353,10,NaN,Step12 quantized score recompute
cp08p00_cache_boundary_center_t0005,5,120,formal_tps30,cache_boundary_center,7.5,5,W_int18_G24_Z16,ranking_compare,0.1587297,7353,10,NaN,ranking and topK comparison
cp15p00_hard_phase_t0005,5,120,formal_tps30,hard_phase,15,5,double_baseline,score_recompute,0.3243503,7353,10,NaN,Step12 quantized score recompute
cp15p00_hard_phase_t0005,5,120,formal_tps30,hard_phase,15,5,double_baseline,ranking_compare,0.1582268,7353,10,NaN,ranking and topK comparison
cp15p00_hard_phase_t0005,5,120,formal_tps30,hard_phase,15,5,float32_all,score_recompute,0.3034351,7353,10,NaN,Step12 quantized score recompute
cp15p00_hard_phase_t0005,5,120,formal_tps30,hard_phase,15,5,float32_all,ranking_compare,0.1530168,7353,10,NaN,ranking and topK comparison
cp15p00_hard_phase_t0005,5,120,formal_tps30,hard_phase,15,5,combined_int16,score_recompute,0.3265978,7353,10,NaN,Step12 quantized score recompute
cp15p00_hard_phase_t0005,5,120,formal_tps30,hard_phase,15,5,combined_int16,ranking_compare,0.14993,7353,10,NaN,ranking and topK comparison
cp15p00_hard_phase_t0005,5,120,formal_tps30,hard_phase,15,5,combined_int18,score_recompute,0.327944,7353,10,NaN,Step12 quantized score recompute
cp15p00_hard_phase_t0005,5,120,formal_tps30,hard_phase,15,5,combined_int18,ranking_compare,0.149493,7353,10,NaN,ranking and topK comparison
cp15p00_hard_phase_t0005,5,120,formal_tps30,hard_phase,15,5,combined_int24,score_recompute,0.3267008,7353,10,NaN,Step12 quantized score recompute
cp15p00_hard_phase_t0005,5,120,formal_tps30,hard_phase,15,5,combined_int24,ranking_compare,0.147839,7353,10,NaN,ranking and topK comparison
cp15p00_hard_phase_t0005,5,120,formal_tps30,hard_phase,15,5,mixed_Z16_G24_Rz24,score_recompute,0.2955052,7353,10,NaN,Step12 quantized score recompute
cp15p00_hard_phase_t0005,5,120,formal_tps30,hard_phase,15,5,mixed_Z16_G24_Rz24,ranking_compare,0.1489162,7353,10,NaN,ranking and topK comparison
cp15p00_hard_phase_t0005,5,120,formal_tps30,hard_phase,15,5,combined_int14,score_recompute,0.331284,7353,10,NaN,Step12 quantized score recompute
cp15p00_hard_phase_t0005,5,120,formal_tps30,hard_phase,15,5,combined_int14,ranking_compare,0.149912,7353,10,NaN,ranking and topK comparison
cp15p00_hard_phase_t0005,5,120,formal_tps30,hard_phase,15,5,W_int18_G24_Z16,score_recompute,0.3229208,7353,10,NaN,Step12 quantized score recompute
cp15p00_hard_phase_t0005,5,120,formal_tps30,hard_phase,15,5,W_int18_G24_Z16,ranking_compare,0.1491419,7353,10,NaN,ranking and topK comparison
cp15p00_medium_beta_coherent_t0005,5,120,formal_tps30,medium_beta_coherent,15,5,double_baseline,score_recompute,0.2916637,7353,10,NaN,Step12 quantized score recompute
cp15p00_medium_beta_coherent_t0005,5,120,formal_tps30,medium_beta_coherent,15,5,double_baseline,ranking_compare,0.1533159,7353,10,NaN,ranking and topK comparison
cp15p00_medium_beta_coherent_t0005,5,120,formal_tps30,medium_beta_coherent,15,5,float32_all,score_recompute,0.2937339,7353,10,NaN,Step12 quantized score recompute
cp15p00_medium_beta_coherent_t0005,5,120,formal_tps30,medium_beta_coherent,15,5,float32_all,ranking_compare,0.1497551,7353,10,NaN,ranking and topK comparison
cp15p00_medium_beta_coherent_t0005,5,120,formal_tps30,medium_beta_coherent,15,5,combined_int16,score_recompute,0.2939113,7353,10,NaN,Step12 quantized score recompute
cp15p00_medium_beta_coherent_t0005,5,120,formal_tps30,medium_beta_coherent,15,5,combined_int16,ranking_compare,0.1492145,7353,10,NaN,ranking and topK comparison
cp15p00_medium_beta_coherent_t0005,5,120,formal_tps30,medium_beta_coherent,15,5,combined_int18,score_recompute,0.2984421,7353,10,NaN,Step12 quantized score recompute
cp15p00_medium_beta_coherent_t0005,5,120,formal_tps30,medium_beta_coherent,15,5,combined_int18,ranking_compare,0.1476298,7353,10,NaN,ranking and topK comparison
cp15p00_medium_beta_coherent_t0005,5,120,formal_tps30,medium_beta_coherent,15,5,combined_int24,score_recompute,0.2932619,7353,10,NaN,Step12 quantized score recompute
cp15p00_medium_beta_coherent_t0005,5,120,formal_tps30,medium_beta_coherent,15,5,combined_int24,ranking_compare,0.1569714,7353,10,NaN,ranking and topK comparison
cp15p00_medium_beta_coherent_t0005,5,120,formal_tps30,medium_beta_coherent,15,5,mixed_Z16_G24_Rz24,score_recompute,0.296311,7353,10,NaN,Step12 quantized score recompute
cp15p00_medium_beta_coherent_t0005,5,120,formal_tps30,medium_beta_coherent,15,5,mixed_Z16_G24_Rz24,ranking_compare,0.1465075,7353,10,NaN,ranking and topK comparison
cp15p00_medium_beta_coherent_t0005,5,120,formal_tps30,medium_beta_coherent,15,5,combined_int14,score_recompute,0.2865741,7353,10,NaN,Step12 quantized score recompute
cp15p00_medium_beta_coherent_t0005,5,120,formal_tps30,medium_beta_coherent,15,5,combined_int14,ranking_compare,0.1491393,7353,10,NaN,ranking and topK comparison
cp15p00_medium_beta_coherent_t0005,5,120,formal_tps30,medium_beta_coherent,15,5,W_int18_G24_Z16,score_recompute,0.2919259,7353,10,NaN,Step12 quantized score recompute
cp15p00_medium_beta_coherent_t0005,5,120,formal_tps30,medium_beta_coherent,15,5,W_int18_G24_Z16,ranking_compare,0.1497663,7353,10,NaN,ranking and topK comparison
cp00p00_easy_noncoherent_t0006,6,120,formal_tps30,easy_noncoherent,0,6,,build_step11_input,0.041851,NaN,10,NaN,Step11.7 frontend-like input builder
cp00p00_easy_noncoherent_t0006,6,120,formal_tps30,easy_noncoherent,0,6,,run_step11_backend,0,NaN,10,NaN,Skipped full Step11.7 backend; using Step12 score-core adapter
cp00p00_easy_noncoherent_t0006,6,120,formal_tps30,easy_noncoherent,0,6,,build_candidate_score_pack,0.9052371,7353,10,NaN,Build W/Y/Z/Rz/G_cache candidate score pack
cp00p00_low_snr_hard_t0006,6,120,formal_tps30,low_snr_hard,0,6,,build_step11_input,0.0141653,NaN,10,NaN,Step11.7 frontend-like input builder
cp00p00_low_snr_hard_t0006,6,120,formal_tps30,low_snr_hard,0,6,,run_step11_backend,0,NaN,10,NaN,Skipped full Step11.7 backend; using Step12 score-core adapter
cp00p00_low_snr_hard_t0006,6,120,formal_tps30,low_snr_hard,0,6,,build_candidate_score_pack,0.7938798,7353,10,NaN,Build W/Y/Z/Rz/G_cache candidate score pack
cp00p00_cache_boundary_center_t0006,6,120,formal_tps30,cache_boundary_center,0,6,,build_step11_input,0.0097014,NaN,10,NaN,Step11.7 frontend-like input builder
cp00p00_cache_boundary_center_t0006,6,120,formal_tps30,cache_boundary_center,0,6,,run_step11_backend,0,NaN,10,NaN,Skipped full Step11.7 backend; using Step12 score-core adapter
cp00p00_cache_boundary_center_t0006,6,120,formal_tps30,cache_boundary_center,0,6,,build_candidate_score_pack,0.7928852,7353,10,NaN,Build W/Y/Z/Rz/G_cache candidate score pack
cp04p00_hard_phase_t0006,6,120,formal_tps30,hard_phase,4,6,,build_step11_input,0.0140457,NaN,10,NaN,Step11.7 frontend-like input builder
cp04p00_hard_phase_t0006,6,120,formal_tps30,hard_phase,4,6,,run_step11_backend,0,NaN,10,NaN,Skipped full Step11.7 backend; using Step12 score-core adapter
cp04p00_hard_phase_t0006,6,120,formal_tps30,hard_phase,4,6,,build_candidate_score_pack,0.7850919,7353,10,NaN,Build W/Y/Z/Rz/G_cache candidate score pack
cp04p00_medium_beta_coherent_t0006,6,120,formal_tps30,medium_beta_coherent,4,6,,build_step11_input,0.0200851,NaN,10,NaN,Step11.7 frontend-like input builder
cp04p00_medium_beta_coherent_t0006,6,120,formal_tps30,medium_beta_coherent,4,6,,run_step11_backend,0,NaN,10,NaN,Skipped full Step11.7 backend; using Step12 score-core adapter
cp04p00_medium_beta_coherent_t0006,6,120,formal_tps30,medium_beta_coherent,4,6,,build_candidate_score_pack,0.8084775,7353,10,NaN,Build W/Y/Z/Rz/G_cache candidate score pack
cp08p00_easy_noncoherent_t0006,6,120,formal_tps30,easy_noncoherent,8,6,,build_step11_input,0.0072617,NaN,10,NaN,Step11.7 frontend-like input builder
cp08p00_easy_noncoherent_t0006,6,120,formal_tps30,easy_noncoherent,8,6,,run_step11_backend,0,NaN,10,NaN,Skipped full Step11.7 backend; using Step12 score-core adapter
cp08p00_easy_noncoherent_t0006,6,120,formal_tps30,easy_noncoherent,8,6,,build_candidate_score_pack,0.8100608,7353,10,NaN,Build W/Y/Z/Rz/G_cache candidate score pack
cp08p00_low_snr_hard_t0006,6,120,formal_tps30,low_snr_hard,8,6,,build_step11_input,0.0072285,NaN,10,NaN,Step11.7 frontend-like input builder
cp08p00_low_snr_hard_t0006,6,120,formal_tps30,low_snr_hard,8,6,,run_step11_backend,0,NaN,10,NaN,Skipped full Step11.7 backend; using Step12 score-core adapter
cp08p00_low_snr_hard_t0006,6,120,formal_tps30,low_snr_hard,8,6,,build_candidate_score_pack,0.7955486,7353,10,NaN,Build W/Y/Z/Rz/G_cache candidate score pack
cp08p00_cache_boundary_center_t0006,6,120,formal_tps30,cache_boundary_center,8,6,,build_step11_input,0.0064323,NaN,10,NaN,Step11.7 frontend-like input builder
cp08p00_cache_boundary_center_t0006,6,120,formal_tps30,cache_boundary_center,8,6,,run_step11_backend,0,NaN,10,NaN,Skipped full Step11.7 backend; using Step12 score-core adapter
cp08p00_cache_boundary_center_t0006,6,120,formal_tps30,cache_boundary_center,8,6,,build_candidate_score_pack,0.7753205,7353,10,NaN,Build W/Y/Z/Rz/G_cache candidate score pack
cp15p00_hard_phase_t0006,6,120,formal_tps30,hard_phase,15,6,,build_step11_input,0.0063077,NaN,10,NaN,Step11.7 frontend-like input builder
cp15p00_hard_phase_t0006,6,120,formal_tps30,hard_phase,15,6,,run_step11_backend,0,NaN,10,NaN,Skipped full Step11.7 backend; using Step12 score-core adapter
cp15p00_hard_phase_t0006,6,120,formal_tps30,hard_phase,15,6,,build_candidate_score_pack,0.7726242,7353,10,NaN,Build W/Y/Z/Rz/G_cache candidate score pack
cp15p00_medium_beta_coherent_t0006,6,120,formal_tps30,medium_beta_coherent,15,6,,build_step11_input,0.0058448,NaN,10,NaN,Step11.7 frontend-like input builder
cp15p00_medium_beta_coherent_t0006,6,120,formal_tps30,medium_beta_coherent,15,6,,run_step11_backend,0,NaN,10,NaN,Skipped full Step11.7 backend; using Step12 score-core adapter
cp15p00_medium_beta_coherent_t0006,6,120,formal_tps30,medium_beta_coherent,15,6,,build_candidate_score_pack,0.7773848,7353,10,NaN,Build W/Y/Z/Rz/G_cache candidate score pack
cp00p00_easy_noncoherent_t0006,6,120,formal_tps30,easy_noncoherent,0,6,double_baseline,score_recompute,0.3025666,7353,10,NaN,Step12 quantized score recompute
cp00p00_easy_noncoherent_t0006,6,120,formal_tps30,easy_noncoherent,0,6,double_baseline,ranking_compare,0.2117086,7353,10,NaN,ranking and topK comparison
cp00p00_easy_noncoherent_t0006,6,120,formal_tps30,easy_noncoherent,0,6,float32_all,score_recompute,0.3491299,7353,10,NaN,Step12 quantized score recompute
cp00p00_easy_noncoherent_t0006,6,120,formal_tps30,easy_noncoherent,0,6,float32_all,ranking_compare,0.165773,7353,10,NaN,ranking and topK comparison
cp00p00_easy_noncoherent_t0006,6,120,formal_tps30,easy_noncoherent,0,6,combined_int16,score_recompute,0.356389,7353,10,NaN,Step12 quantized score recompute
cp00p00_easy_noncoherent_t0006,6,120,formal_tps30,easy_noncoherent,0,6,combined_int16,ranking_compare,0.1587084,7353,10,NaN,ranking and topK comparison
cp00p00_easy_noncoherent_t0006,6,120,formal_tps30,easy_noncoherent,0,6,combined_int18,score_recompute,0.3530093,7353,10,NaN,Step12 quantized score recompute
cp00p00_easy_noncoherent_t0006,6,120,formal_tps30,easy_noncoherent,0,6,combined_int18,ranking_compare,0.1540791,7353,10,NaN,ranking and topK comparison
cp00p00_easy_noncoherent_t0006,6,120,formal_tps30,easy_noncoherent,0,6,combined_int24,score_recompute,0.3350716,7353,10,NaN,Step12 quantized score recompute
cp00p00_easy_noncoherent_t0006,6,120,formal_tps30,easy_noncoherent,0,6,combined_int24,ranking_compare,0.1746107,7353,10,NaN,ranking and topK comparison
cp00p00_easy_noncoherent_t0006,6,120,formal_tps30,easy_noncoherent,0,6,mixed_Z16_G24_Rz24,score_recompute,0.2978151,7353,10,NaN,Step12 quantized score recompute
cp00p00_easy_noncoherent_t0006,6,120,formal_tps30,easy_noncoherent,0,6,mixed_Z16_G24_Rz24,ranking_compare,0.1503124,7353,10,NaN,ranking and topK comparison
cp00p00_easy_noncoherent_t0006,6,120,formal_tps30,easy_noncoherent,0,6,combined_int14,score_recompute,0.3380828,7353,10,NaN,Step12 quantized score recompute
cp00p00_easy_noncoherent_t0006,6,120,formal_tps30,easy_noncoherent,0,6,combined_int14,ranking_compare,0.1502273,7353,10,NaN,ranking and topK comparison
cp00p00_easy_noncoherent_t0006,6,120,formal_tps30,easy_noncoherent,0,6,W_int18_G24_Z16,score_recompute,0.327713,7353,10,NaN,Step12 quantized score recompute
cp00p00_easy_noncoherent_t0006,6,120,formal_tps30,easy_noncoherent,0,6,W_int18_G24_Z16,ranking_compare,0.150427,7353,10,NaN,ranking and topK comparison
cp00p00_low_snr_hard_t0006,6,120,formal_tps30,low_snr_hard,0,6,double_baseline,score_recompute,0.3067056,7353,10,NaN,Step12 quantized score recompute
cp00p00_low_snr_hard_t0006,6,120,formal_tps30,low_snr_hard,0,6,double_baseline,ranking_compare,0.1717689,7353,10,NaN,ranking and topK comparison
cp00p00_low_snr_hard_t0006,6,120,formal_tps30,low_snr_hard,0,6,float32_all,score_recompute,0.3148189,7353,10,NaN,Step12 quantized score recompute
cp00p00_low_snr_hard_t0006,6,120,formal_tps30,low_snr_hard,0,6,float32_all,ranking_compare,0.1558144,7353,10,NaN,ranking and topK comparison
cp00p00_low_snr_hard_t0006,6,120,formal_tps30,low_snr_hard,0,6,combined_int16,score_recompute,0.3058264,7353,10,NaN,Step12 quantized score recompute
cp00p00_low_snr_hard_t0006,6,120,formal_tps30,low_snr_hard,0,6,combined_int16,ranking_compare,0.1482809,7353,10,NaN,ranking and topK comparison
cp00p00_low_snr_hard_t0006,6,120,formal_tps30,low_snr_hard,0,6,combined_int18,score_recompute,0.2955096,7353,10,NaN,Step12 quantized score recompute
cp00p00_low_snr_hard_t0006,6,120,formal_tps30,low_snr_hard,0,6,combined_int18,ranking_compare,0.1490017,7353,10,NaN,ranking and topK comparison
cp00p00_low_snr_hard_t0006,6,120,formal_tps30,low_snr_hard,0,6,combined_int24,score_recompute,0.2918089,7353,10,NaN,Step12 quantized score recompute
cp00p00_low_snr_hard_t0006,6,120,formal_tps30,low_snr_hard,0,6,combined_int24,ranking_compare,0.1536254,7353,10,NaN,ranking and topK comparison
cp00p00_low_snr_hard_t0006,6,120,formal_tps30,low_snr_hard,0,6,mixed_Z16_G24_Rz24,score_recompute,0.2929885,7353,10,NaN,Step12 quantized score recompute
cp00p00_low_snr_hard_t0006,6,120,formal_tps30,low_snr_hard,0,6,mixed_Z16_G24_Rz24,ranking_compare,0.1494248,7353,10,NaN,ranking and topK comparison
cp00p00_low_snr_hard_t0006,6,120,formal_tps30,low_snr_hard,0,6,combined_int14,score_recompute,0.2924555,7353,10,NaN,Step12 quantized score recompute
cp00p00_low_snr_hard_t0006,6,120,formal_tps30,low_snr_hard,0,6,combined_int14,ranking_compare,0.1547812,7353,10,NaN,ranking and topK comparison
cp00p00_low_snr_hard_t0006,6,120,formal_tps30,low_snr_hard,0,6,W_int18_G24_Z16,score_recompute,0.2998885,7353,10,NaN,Step12 quantized score recompute
cp00p00_low_snr_hard_t0006,6,120,formal_tps30,low_snr_hard,0,6,W_int18_G24_Z16,ranking_compare,0.1493414,7353,10,NaN,ranking and topK comparison
cp00p00_cache_boundary_center_t0006,6,120,formal_tps30,cache_boundary_center,0,6,double_baseline,score_recompute,0.2939947,7353,10,NaN,Step12 quantized score recompute
cp00p00_cache_boundary_center_t0006,6,120,formal_tps30,cache_boundary_center,0,6,double_baseline,ranking_compare,0.1479183,7353,10,NaN,ranking and topK comparison
cp00p00_cache_boundary_center_t0006,6,120,formal_tps30,cache_boundary_center,0,6,float32_all,score_recompute,0.2889502,7353,10,NaN,Step12 quantized score recompute
cp00p00_cache_boundary_center_t0006,6,120,formal_tps30,cache_boundary_center,0,6,float32_all,ranking_compare,0.1527139,7353,10,NaN,ranking and topK comparison
cp00p00_cache_boundary_center_t0006,6,120,formal_tps30,cache_boundary_center,0,6,combined_int16,score_recompute,0.2997525,7353,10,NaN,Step12 quantized score recompute
cp00p00_cache_boundary_center_t0006,6,120,formal_tps30,cache_boundary_center,0,6,combined_int16,ranking_compare,0.1488257,7353,10,NaN,ranking and topK comparison
cp00p00_cache_boundary_center_t0006,6,120,formal_tps30,cache_boundary_center,0,6,combined_int18,score_recompute,0.2913391,7353,10,NaN,Step12 quantized score recompute
cp00p00_cache_boundary_center_t0006,6,120,formal_tps30,cache_boundary_center,0,6,combined_int18,ranking_compare,0.1506686,7353,10,NaN,ranking and topK comparison
cp00p00_cache_boundary_center_t0006,6,120,formal_tps30,cache_boundary_center,0,6,combined_int24,score_recompute,0.3030606,7353,10,NaN,Step12 quantized score recompute
cp00p00_cache_boundary_center_t0006,6,120,formal_tps30,cache_boundary_center,0,6,combined_int24,ranking_compare,0.1540868,7353,10,NaN,ranking and topK comparison
cp00p00_cache_boundary_center_t0006,6,120,formal_tps30,cache_boundary_center,0,6,mixed_Z16_G24_Rz24,score_recompute,0.2985225,7353,10,NaN,Step12 quantized score recompute
cp00p00_cache_boundary_center_t0006,6,120,formal_tps30,cache_boundary_center,0,6,mixed_Z16_G24_Rz24,ranking_compare,0.1480991,7353,10,NaN,ranking and topK comparison
cp00p00_cache_boundary_center_t0006,6,120,formal_tps30,cache_boundary_center,0,6,combined_int14,score_recompute,0.2930602,7353,10,NaN,Step12 quantized score recompute
cp00p00_cache_boundary_center_t0006,6,120,formal_tps30,cache_boundary_center,0,6,combined_int14,ranking_compare,0.1523968,7353,10,NaN,ranking and topK comparison
cp00p00_cache_boundary_center_t0006,6,120,formal_tps30,cache_boundary_center,0,6,W_int18_G24_Z16,score_recompute,0.3021375,7353,10,NaN,Step12 quantized score recompute
cp00p00_cache_boundary_center_t0006,6,120,formal_tps30,cache_boundary_center,0,6,W_int18_G24_Z16,ranking_compare,0.1535504,7353,10,NaN,ranking and topK comparison
cp04p00_hard_phase_t0006,6,120,formal_tps30,hard_phase,3.75,6,double_baseline,score_recompute,0.3063537,7353,10,NaN,Step12 quantized score recompute
cp04p00_hard_phase_t0006,6,120,formal_tps30,hard_phase,3.75,6,double_baseline,ranking_compare,0.1526264,7353,10,NaN,ranking and topK comparison
cp04p00_hard_phase_t0006,6,120,formal_tps30,hard_phase,3.75,6,float32_all,score_recompute,0.2886571,7353,10,NaN,Step12 quantized score recompute
cp04p00_hard_phase_t0006,6,120,formal_tps30,hard_phase,3.75,6,float32_all,ranking_compare,0.149008,7353,10,NaN,ranking and topK comparison
cp04p00_hard_phase_t0006,6,120,formal_tps30,hard_phase,3.75,6,combined_int16,score_recompute,0.3220227,7353,10,NaN,Step12 quantized score recompute
cp04p00_hard_phase_t0006,6,120,formal_tps30,hard_phase,3.75,6,combined_int16,ranking_compare,0.152077,7353,10,NaN,ranking and topK comparison
cp04p00_hard_phase_t0006,6,120,formal_tps30,hard_phase,3.75,6,combined_int18,score_recompute,0.3311039,7353,10,NaN,Step12 quantized score recompute
cp04p00_hard_phase_t0006,6,120,formal_tps30,hard_phase,3.75,6,combined_int18,ranking_compare,0.1482882,7353,10,NaN,ranking and topK comparison
cp04p00_hard_phase_t0006,6,120,formal_tps30,hard_phase,3.75,6,combined_int24,score_recompute,0.3338874,7353,10,NaN,Step12 quantized score recompute
cp04p00_hard_phase_t0006,6,120,formal_tps30,hard_phase,3.75,6,combined_int24,ranking_compare,0.1523227,7353,10,NaN,ranking and topK comparison
cp04p00_hard_phase_t0006,6,120,formal_tps30,hard_phase,3.75,6,mixed_Z16_G24_Rz24,score_recompute,0.3206295,7353,10,NaN,Step12 quantized score recompute
cp04p00_hard_phase_t0006,6,120,formal_tps30,hard_phase,3.75,6,mixed_Z16_G24_Rz24,ranking_compare,0.1559945,7353,10,NaN,ranking and topK comparison
cp04p00_hard_phase_t0006,6,120,formal_tps30,hard_phase,3.75,6,combined_int14,score_recompute,0.3362303,7353,10,NaN,Step12 quantized score recompute
cp04p00_hard_phase_t0006,6,120,formal_tps30,hard_phase,3.75,6,combined_int14,ranking_compare,0.1610374,7353,10,NaN,ranking and topK comparison
cp04p00_hard_phase_t0006,6,120,formal_tps30,hard_phase,3.75,6,W_int18_G24_Z16,score_recompute,0.3282827,7353,10,NaN,Step12 quantized score recompute
cp04p00_hard_phase_t0006,6,120,formal_tps30,hard_phase,3.75,6,W_int18_G24_Z16,ranking_compare,0.1515635,7353,10,NaN,ranking and topK comparison
cp04p00_medium_beta_coherent_t0006,6,120,formal_tps30,medium_beta_coherent,3.75,6,double_baseline,score_recompute,0.2990447,7353,10,NaN,Step12 quantized score recompute
cp04p00_medium_beta_coherent_t0006,6,120,formal_tps30,medium_beta_coherent,3.75,6,double_baseline,ranking_compare,0.1495254,7353,10,NaN,ranking and topK comparison
cp04p00_medium_beta_coherent_t0006,6,120,formal_tps30,medium_beta_coherent,3.75,6,float32_all,score_recompute,0.3040944,7353,10,NaN,Step12 quantized score recompute
cp04p00_medium_beta_coherent_t0006,6,120,formal_tps30,medium_beta_coherent,3.75,6,float32_all,ranking_compare,0.1525426,7353,10,NaN,ranking and topK comparison
cp04p00_medium_beta_coherent_t0006,6,120,formal_tps30,medium_beta_coherent,3.75,6,combined_int16,score_recompute,0.2941911,7353,10,NaN,Step12 quantized score recompute
cp04p00_medium_beta_coherent_t0006,6,120,formal_tps30,medium_beta_coherent,3.75,6,combined_int16,ranking_compare,0.1532906,7353,10,NaN,ranking and topK comparison
cp04p00_medium_beta_coherent_t0006,6,120,formal_tps30,medium_beta_coherent,3.75,6,combined_int18,score_recompute,0.300122,7353,10,NaN,Step12 quantized score recompute
cp04p00_medium_beta_coherent_t0006,6,120,formal_tps30,medium_beta_coherent,3.75,6,combined_int18,ranking_compare,0.157682,7353,10,NaN,ranking and topK comparison
cp04p00_medium_beta_coherent_t0006,6,120,formal_tps30,medium_beta_coherent,3.75,6,combined_int24,score_recompute,0.296334,7353,10,NaN,Step12 quantized score recompute
cp04p00_medium_beta_coherent_t0006,6,120,formal_tps30,medium_beta_coherent,3.75,6,combined_int24,ranking_compare,0.150749,7353,10,NaN,ranking and topK comparison
cp04p00_medium_beta_coherent_t0006,6,120,formal_tps30,medium_beta_coherent,3.75,6,mixed_Z16_G24_Rz24,score_recompute,0.3091184,7353,10,NaN,Step12 quantized score recompute
cp04p00_medium_beta_coherent_t0006,6,120,formal_tps30,medium_beta_coherent,3.75,6,mixed_Z16_G24_Rz24,ranking_compare,0.1531149,7353,10,NaN,ranking and topK comparison
cp04p00_medium_beta_coherent_t0006,6,120,formal_tps30,medium_beta_coherent,3.75,6,combined_int14,score_recompute,0.3053114,7353,10,NaN,Step12 quantized score recompute
cp04p00_medium_beta_coherent_t0006,6,120,formal_tps30,medium_beta_coherent,3.75,6,combined_int14,ranking_compare,0.1558081,7353,10,NaN,ranking and topK comparison
cp04p00_medium_beta_coherent_t0006,6,120,formal_tps30,medium_beta_coherent,3.75,6,W_int18_G24_Z16,score_recompute,0.3138938,7353,10,NaN,Step12 quantized score recompute
cp04p00_medium_beta_coherent_t0006,6,120,formal_tps30,medium_beta_coherent,3.75,6,W_int18_G24_Z16,ranking_compare,0.1568266,7353,10,NaN,ranking and topK comparison
cp08p00_easy_noncoherent_t0006,6,120,formal_tps30,easy_noncoherent,7.5,6,double_baseline,score_recompute,0.2940078,7353,10,NaN,Step12 quantized score recompute
cp08p00_easy_noncoherent_t0006,6,120,formal_tps30,easy_noncoherent,7.5,6,double_baseline,ranking_compare,0.1541845,7353,10,NaN,ranking and topK comparison
cp08p00_easy_noncoherent_t0006,6,120,formal_tps30,easy_noncoherent,7.5,6,float32_all,score_recompute,0.308988,7353,10,NaN,Step12 quantized score recompute
cp08p00_easy_noncoherent_t0006,6,120,formal_tps30,easy_noncoherent,7.5,6,float32_all,ranking_compare,0.1558715,7353,10,NaN,ranking and topK comparison
cp08p00_easy_noncoherent_t0006,6,120,formal_tps30,easy_noncoherent,7.5,6,combined_int16,score_recompute,0.3347528,7353,10,NaN,Step12 quantized score recompute
cp08p00_easy_noncoherent_t0006,6,120,formal_tps30,easy_noncoherent,7.5,6,combined_int16,ranking_compare,0.1573884,7353,10,NaN,ranking and topK comparison
cp08p00_easy_noncoherent_t0006,6,120,formal_tps30,easy_noncoherent,7.5,6,combined_int18,score_recompute,0.342272,7353,10,NaN,Step12 quantized score recompute
cp08p00_easy_noncoherent_t0006,6,120,formal_tps30,easy_noncoherent,7.5,6,combined_int18,ranking_compare,0.1577823,7353,10,NaN,ranking and topK comparison
cp08p00_easy_noncoherent_t0006,6,120,formal_tps30,easy_noncoherent,7.5,6,combined_int24,score_recompute,0.339453,7353,10,NaN,Step12 quantized score recompute
cp08p00_easy_noncoherent_t0006,6,120,formal_tps30,easy_noncoherent,7.5,6,combined_int24,ranking_compare,0.1567198,7353,10,NaN,ranking and topK comparison
cp08p00_easy_noncoherent_t0006,6,120,formal_tps30,easy_noncoherent,7.5,6,mixed_Z16_G24_Rz24,score_recompute,0.3072967,7353,10,NaN,Step12 quantized score recompute
cp08p00_easy_noncoherent_t0006,6,120,formal_tps30,easy_noncoherent,7.5,6,mixed_Z16_G24_Rz24,ranking_compare,0.1556981,7353,10,NaN,ranking and topK comparison
cp08p00_easy_noncoherent_t0006,6,120,formal_tps30,easy_noncoherent,7.5,6,combined_int14,score_recompute,0.3373244,7353,10,NaN,Step12 quantized score recompute
cp08p00_easy_noncoherent_t0006,6,120,formal_tps30,easy_noncoherent,7.5,6,combined_int14,ranking_compare,0.1559064,7353,10,NaN,ranking and topK comparison
cp08p00_easy_noncoherent_t0006,6,120,formal_tps30,easy_noncoherent,7.5,6,W_int18_G24_Z16,score_recompute,0.341525,7353,10,NaN,Step12 quantized score recompute
cp08p00_easy_noncoherent_t0006,6,120,formal_tps30,easy_noncoherent,7.5,6,W_int18_G24_Z16,ranking_compare,0.1548435,7353,10,NaN,ranking and topK comparison
cp08p00_low_snr_hard_t0006,6,120,formal_tps30,low_snr_hard,7.5,6,double_baseline,score_recompute,0.3036802,7353,10,NaN,Step12 quantized score recompute
cp08p00_low_snr_hard_t0006,6,120,formal_tps30,low_snr_hard,7.5,6,double_baseline,ranking_compare,0.1535344,7353,10,NaN,ranking and topK comparison
cp08p00_low_snr_hard_t0006,6,120,formal_tps30,low_snr_hard,7.5,6,float32_all,score_recompute,0.298592,7353,10,NaN,Step12 quantized score recompute
cp08p00_low_snr_hard_t0006,6,120,formal_tps30,low_snr_hard,7.5,6,float32_all,ranking_compare,0.1546461,7353,10,NaN,ranking and topK comparison
cp08p00_low_snr_hard_t0006,6,120,formal_tps30,low_snr_hard,7.5,6,combined_int16,score_recompute,0.3004151,7353,10,NaN,Step12 quantized score recompute
cp08p00_low_snr_hard_t0006,6,120,formal_tps30,low_snr_hard,7.5,6,combined_int16,ranking_compare,0.1509185,7353,10,NaN,ranking and topK comparison
cp08p00_low_snr_hard_t0006,6,120,formal_tps30,low_snr_hard,7.5,6,combined_int18,score_recompute,0.3039709,7353,10,NaN,Step12 quantized score recompute
cp08p00_low_snr_hard_t0006,6,120,formal_tps30,low_snr_hard,7.5,6,combined_int18,ranking_compare,0.160003,7353,10,NaN,ranking and topK comparison
cp08p00_low_snr_hard_t0006,6,120,formal_tps30,low_snr_hard,7.5,6,combined_int24,score_recompute,0.3090689,7353,10,NaN,Step12 quantized score recompute
cp08p00_low_snr_hard_t0006,6,120,formal_tps30,low_snr_hard,7.5,6,combined_int24,ranking_compare,0.1565024,7353,10,NaN,ranking and topK comparison
cp08p00_low_snr_hard_t0006,6,120,formal_tps30,low_snr_hard,7.5,6,mixed_Z16_G24_Rz24,score_recompute,0.2996678,7353,10,NaN,Step12 quantized score recompute
cp08p00_low_snr_hard_t0006,6,120,formal_tps30,low_snr_hard,7.5,6,mixed_Z16_G24_Rz24,ranking_compare,0.1576005,7353,10,NaN,ranking and topK comparison
cp08p00_low_snr_hard_t0006,6,120,formal_tps30,low_snr_hard,7.5,6,combined_int14,score_recompute,0.3154901,7353,10,NaN,Step12 quantized score recompute
cp08p00_low_snr_hard_t0006,6,120,formal_tps30,low_snr_hard,7.5,6,combined_int14,ranking_compare,0.1614765,7353,10,NaN,ranking and topK comparison
cp08p00_low_snr_hard_t0006,6,120,formal_tps30,low_snr_hard,7.5,6,W_int18_G24_Z16,score_recompute,0.2960874,7353,10,NaN,Step12 quantized score recompute
cp08p00_low_snr_hard_t0006,6,120,formal_tps30,low_snr_hard,7.5,6,W_int18_G24_Z16,ranking_compare,0.1553903,7353,10,NaN,ranking and topK comparison
cp08p00_cache_boundary_center_t0006,6,120,formal_tps30,cache_boundary_center,7.5,6,double_baseline,score_recompute,0.3349451,7353,10,NaN,Step12 quantized score recompute
cp08p00_cache_boundary_center_t0006,6,120,formal_tps30,cache_boundary_center,7.5,6,double_baseline,ranking_compare,0.1584469,7353,10,NaN,ranking and topK comparison
cp08p00_cache_boundary_center_t0006,6,120,formal_tps30,cache_boundary_center,7.5,6,float32_all,score_recompute,0.3277718,7353,10,NaN,Step12 quantized score recompute
cp08p00_cache_boundary_center_t0006,6,120,formal_tps30,cache_boundary_center,7.5,6,float32_all,ranking_compare,0.1608756,7353,10,NaN,ranking and topK comparison
cp08p00_cache_boundary_center_t0006,6,120,formal_tps30,cache_boundary_center,7.5,6,combined_int16,score_recompute,0.302907,7353,10,NaN,Step12 quantized score recompute
cp08p00_cache_boundary_center_t0006,6,120,formal_tps30,cache_boundary_center,7.5,6,combined_int16,ranking_compare,0.1611089,7353,10,NaN,ranking and topK comparison
cp08p00_cache_boundary_center_t0006,6,120,formal_tps30,cache_boundary_center,7.5,6,combined_int18,score_recompute,0.3168903,7353,10,NaN,Step12 quantized score recompute
cp08p00_cache_boundary_center_t0006,6,120,formal_tps30,cache_boundary_center,7.5,6,combined_int18,ranking_compare,0.1575923,7353,10,NaN,ranking and topK comparison
cp08p00_cache_boundary_center_t0006,6,120,formal_tps30,cache_boundary_center,7.5,6,combined_int24,score_recompute,0.304345,7353,10,NaN,Step12 quantized score recompute
cp08p00_cache_boundary_center_t0006,6,120,formal_tps30,cache_boundary_center,7.5,6,combined_int24,ranking_compare,0.1605123,7353,10,NaN,ranking and topK comparison
cp08p00_cache_boundary_center_t0006,6,120,formal_tps30,cache_boundary_center,7.5,6,mixed_Z16_G24_Rz24,score_recompute,0.3106017,7353,10,NaN,Step12 quantized score recompute
cp08p00_cache_boundary_center_t0006,6,120,formal_tps30,cache_boundary_center,7.5,6,mixed_Z16_G24_Rz24,ranking_compare,0.1494175,7353,10,NaN,ranking and topK comparison
cp08p00_cache_boundary_center_t0006,6,120,formal_tps30,cache_boundary_center,7.5,6,combined_int14,score_recompute,0.3044109,7353,10,NaN,Step12 quantized score recompute
cp08p00_cache_boundary_center_t0006,6,120,formal_tps30,cache_boundary_center,7.5,6,combined_int14,ranking_compare,0.1910728,7353,10,NaN,ranking and topK comparison
cp08p00_cache_boundary_center_t0006,6,120,formal_tps30,cache_boundary_center,7.5,6,W_int18_G24_Z16,score_recompute,0.295302,7353,10,NaN,Step12 quantized score recompute
cp08p00_cache_boundary_center_t0006,6,120,formal_tps30,cache_boundary_center,7.5,6,W_int18_G24_Z16,ranking_compare,0.1494513,7353,10,NaN,ranking and topK comparison
cp15p00_hard_phase_t0006,6,120,formal_tps30,hard_phase,15,6,double_baseline,score_recompute,0.3183763,7353,10,NaN,Step12 quantized score recompute
cp15p00_hard_phase_t0006,6,120,formal_tps30,hard_phase,15,6,double_baseline,ranking_compare,0.1562862,7353,10,NaN,ranking and topK comparison
cp15p00_hard_phase_t0006,6,120,formal_tps30,hard_phase,15,6,float32_all,score_recompute,0.3114944,7353,10,NaN,Step12 quantized score recompute
cp15p00_hard_phase_t0006,6,120,formal_tps30,hard_phase,15,6,float32_all,ranking_compare,0.1654525,7353,10,NaN,ranking and topK comparison
cp15p00_hard_phase_t0006,6,120,formal_tps30,hard_phase,15,6,combined_int16,score_recompute,0.3408641,7353,10,NaN,Step12 quantized score recompute
cp15p00_hard_phase_t0006,6,120,formal_tps30,hard_phase,15,6,combined_int16,ranking_compare,0.1545549,7353,10,NaN,ranking and topK comparison
cp15p00_hard_phase_t0006,6,120,formal_tps30,hard_phase,15,6,combined_int18,score_recompute,0.3461481,7353,10,NaN,Step12 quantized score recompute
cp15p00_hard_phase_t0006,6,120,formal_tps30,hard_phase,15,6,combined_int18,ranking_compare,0.1486361,7353,10,NaN,ranking and topK comparison
cp15p00_hard_phase_t0006,6,120,formal_tps30,hard_phase,15,6,combined_int24,score_recompute,0.3666431,7353,10,NaN,Step12 quantized score recompute
cp15p00_hard_phase_t0006,6,120,formal_tps30,hard_phase,15,6,combined_int24,ranking_compare,0.1555617,7353,10,NaN,ranking and topK comparison
cp15p00_hard_phase_t0006,6,120,formal_tps30,hard_phase,15,6,mixed_Z16_G24_Rz24,score_recompute,0.3153915,7353,10,NaN,Step12 quantized score recompute
cp15p00_hard_phase_t0006,6,120,formal_tps30,hard_phase,15,6,mixed_Z16_G24_Rz24,ranking_compare,0.1886341,7353,10,NaN,ranking and topK comparison
cp15p00_hard_phase_t0006,6,120,formal_tps30,hard_phase,15,6,combined_int14,score_recompute,0.3371728,7353,10,NaN,Step12 quantized score recompute
cp15p00_hard_phase_t0006,6,120,formal_tps30,hard_phase,15,6,combined_int14,ranking_compare,0.1565916,7353,10,NaN,ranking and topK comparison
cp15p00_hard_phase_t0006,6,120,formal_tps30,hard_phase,15,6,W_int18_G24_Z16,score_recompute,0.3795294,7353,10,NaN,Step12 quantized score recompute
cp15p00_hard_phase_t0006,6,120,formal_tps30,hard_phase,15,6,W_int18_G24_Z16,ranking_compare,0.183088,7353,10,NaN,ranking and topK comparison
cp15p00_medium_beta_coherent_t0006,6,120,formal_tps30,medium_beta_coherent,15,6,double_baseline,score_recompute,0.4245078,7353,10,NaN,Step12 quantized score recompute
cp15p00_medium_beta_coherent_t0006,6,120,formal_tps30,medium_beta_coherent,15,6,double_baseline,ranking_compare,0.1922976,7353,10,NaN,ranking and topK comparison
cp15p00_medium_beta_coherent_t0006,6,120,formal_tps30,medium_beta_coherent,15,6,float32_all,score_recompute,0.3560326,7353,10,NaN,Step12 quantized score recompute
cp15p00_medium_beta_coherent_t0006,6,120,formal_tps30,medium_beta_coherent,15,6,float32_all,ranking_compare,0.2002031,7353,10,NaN,ranking and topK comparison
cp15p00_medium_beta_coherent_t0006,6,120,formal_tps30,medium_beta_coherent,15,6,combined_int16,score_recompute,0.33306,7353,10,NaN,Step12 quantized score recompute
cp15p00_medium_beta_coherent_t0006,6,120,formal_tps30,medium_beta_coherent,15,6,combined_int16,ranking_compare,0.1809789,7353,10,NaN,ranking and topK comparison
cp15p00_medium_beta_coherent_t0006,6,120,formal_tps30,medium_beta_coherent,15,6,combined_int18,score_recompute,0.3167736,7353,10,NaN,Step12 quantized score recompute
cp15p00_medium_beta_coherent_t0006,6,120,formal_tps30,medium_beta_coherent,15,6,combined_int18,ranking_compare,0.1534504,7353,10,NaN,ranking and topK comparison
cp15p00_medium_beta_coherent_t0006,6,120,formal_tps30,medium_beta_coherent,15,6,combined_int24,score_recompute,0.3245144,7353,10,NaN,Step12 quantized score recompute
cp15p00_medium_beta_coherent_t0006,6,120,formal_tps30,medium_beta_coherent,15,6,combined_int24,ranking_compare,0.1681635,7353,10,NaN,ranking and topK comparison
cp15p00_medium_beta_coherent_t0006,6,120,formal_tps30,medium_beta_coherent,15,6,mixed_Z16_G24_Rz24,score_recompute,0.3591052,7353,10,NaN,Step12 quantized score recompute
cp15p00_medium_beta_coherent_t0006,6,120,formal_tps30,medium_beta_coherent,15,6,mixed_Z16_G24_Rz24,ranking_compare,0.2196255,7353,10,NaN,ranking and topK comparison
cp15p00_medium_beta_coherent_t0006,6,120,formal_tps30,medium_beta_coherent,15,6,combined_int14,score_recompute,0.4518016,7353,10,NaN,Step12 quantized score recompute
cp15p00_medium_beta_coherent_t0006,6,120,formal_tps30,medium_beta_coherent,15,6,combined_int14,ranking_compare,0.1818266,7353,10,NaN,ranking and topK comparison
cp15p00_medium_beta_coherent_t0006,6,120,formal_tps30,medium_beta_coherent,15,6,W_int18_G24_Z16,score_recompute,0.4064849,7353,10,NaN,Step12 quantized score recompute
cp15p00_medium_beta_coherent_t0006,6,120,formal_tps30,medium_beta_coherent,15,6,W_int18_G24_Z16,ranking_compare,0.1945912,7353,10,NaN,ranking and topK comparison
cp00p00_easy_noncoherent_t0007,7,120,formal_tps30,easy_noncoherent,0,7,,build_step11_input,0.0485727,NaN,10,NaN,Step11.7 frontend-like input builder
cp00p00_easy_noncoherent_t0007,7,120,formal_tps30,easy_noncoherent,0,7,,run_step11_backend,0,NaN,10,NaN,Skipped full Step11.7 backend; using Step12 score-core adapter
cp00p00_easy_noncoherent_t0007,7,120,formal_tps30,easy_noncoherent,0,7,,build_candidate_score_pack,1.3915798,7353,10,NaN,Build W/Y/Z/Rz/G_cache candidate score pack
cp00p00_low_snr_hard_t0007,7,120,formal_tps30,low_snr_hard,0,7,,build_step11_input,0.0264069,NaN,10,NaN,Step11.7 frontend-like input builder
cp00p00_low_snr_hard_t0007,7,120,formal_tps30,low_snr_hard,0,7,,run_step11_backend,0,NaN,10,NaN,Skipped full Step11.7 backend; using Step12 score-core adapter
cp00p00_low_snr_hard_t0007,7,120,formal_tps30,low_snr_hard,0,7,,build_candidate_score_pack,1.2382773,7353,10,NaN,Build W/Y/Z/Rz/G_cache candidate score pack
cp00p00_cache_boundary_center_t0007,7,120,formal_tps30,cache_boundary_center,0,7,,build_step11_input,0.0133452,NaN,10,NaN,Step11.7 frontend-like input builder
cp00p00_cache_boundary_center_t0007,7,120,formal_tps30,cache_boundary_center,0,7,,run_step11_backend,0,NaN,10,NaN,Skipped full Step11.7 backend; using Step12 score-core adapter
cp00p00_cache_boundary_center_t0007,7,120,formal_tps30,cache_boundary_center,0,7,,build_candidate_score_pack,1.062294,7353,10,NaN,Build W/Y/Z/Rz/G_cache candidate score pack
cp04p00_hard_phase_t0007,7,120,formal_tps30,hard_phase,4,7,,build_step11_input,0.0181917,NaN,10,NaN,Step11.7 frontend-like input builder
cp04p00_hard_phase_t0007,7,120,formal_tps30,hard_phase,4,7,,run_step11_backend,0,NaN,10,NaN,Skipped full Step11.7 backend; using Step12 score-core adapter
cp04p00_hard_phase_t0007,7,120,formal_tps30,hard_phase,4,7,,build_candidate_score_pack,1.0792546,7353,10,NaN,Build W/Y/Z/Rz/G_cache candidate score pack
cp04p00_medium_beta_coherent_t0007,7,120,formal_tps30,medium_beta_coherent,4,7,,build_step11_input,0.030697,NaN,10,NaN,Step11.7 frontend-like input builder
cp04p00_medium_beta_coherent_t0007,7,120,formal_tps30,medium_beta_coherent,4,7,,run_step11_backend,0,NaN,10,NaN,Skipped full Step11.7 backend; using Step12 score-core adapter
cp04p00_medium_beta_coherent_t0007,7,120,formal_tps30,medium_beta_coherent,4,7,,build_candidate_score_pack,1.1098125,7353,10,NaN,Build W/Y/Z/Rz/G_cache candidate score pack
cp08p00_easy_noncoherent_t0007,7,120,formal_tps30,easy_noncoherent,8,7,,build_step11_input,0.0083528,NaN,10,NaN,Step11.7 frontend-like input builder
cp08p00_easy_noncoherent_t0007,7,120,formal_tps30,easy_noncoherent,8,7,,run_step11_backend,0,NaN,10,NaN,Skipped full Step11.7 backend; using Step12 score-core adapter
cp08p00_easy_noncoherent_t0007,7,120,formal_tps30,easy_noncoherent,8,7,,build_candidate_score_pack,1.0815768,7353,10,NaN,Build W/Y/Z/Rz/G_cache candidate score pack
cp08p00_low_snr_hard_t0007,7,120,formal_tps30,low_snr_hard,8,7,,build_step11_input,0.0068839,NaN,10,NaN,Step11.7 frontend-like input builder
cp08p00_low_snr_hard_t0007,7,120,formal_tps30,low_snr_hard,8,7,,run_step11_backend,0,NaN,10,NaN,Skipped full Step11.7 backend; using Step12 score-core adapter
cp08p00_low_snr_hard_t0007,7,120,formal_tps30,low_snr_hard,8,7,,build_candidate_score_pack,1.0988211,7353,10,NaN,Build W/Y/Z/Rz/G_cache candidate score pack
cp08p00_cache_boundary_center_t0007,7,120,formal_tps30,cache_boundary_center,8,7,,build_step11_input,0.0084604,NaN,10,NaN,Step11.7 frontend-like input builder
cp08p00_cache_boundary_center_t0007,7,120,formal_tps30,cache_boundary_center,8,7,,run_step11_backend,0,NaN,10,NaN,Skipped full Step11.7 backend; using Step12 score-core adapter
cp08p00_cache_boundary_center_t0007,7,120,formal_tps30,cache_boundary_center,8,7,,build_candidate_score_pack,1.1163073,7353,10,NaN,Build W/Y/Z/Rz/G_cache candidate score pack
cp15p00_hard_phase_t0007,7,120,formal_tps30,hard_phase,15,7,,build_step11_input,0.007634,NaN,10,NaN,Step11.7 frontend-like input builder
cp15p00_hard_phase_t0007,7,120,formal_tps30,hard_phase,15,7,,run_step11_backend,0,NaN,10,NaN,Skipped full Step11.7 backend; using Step12 score-core adapter
cp15p00_hard_phase_t0007,7,120,formal_tps30,hard_phase,15,7,,build_candidate_score_pack,1.0697617,7353,10,NaN,Build W/Y/Z/Rz/G_cache candidate score pack
cp15p00_medium_beta_coherent_t0007,7,120,formal_tps30,medium_beta_coherent,15,7,,build_step11_input,0.0076058,NaN,10,NaN,Step11.7 frontend-like input builder
cp15p00_medium_beta_coherent_t0007,7,120,formal_tps30,medium_beta_coherent,15,7,,run_step11_backend,0,NaN,10,NaN,Skipped full Step11.7 backend; using Step12 score-core adapter
cp15p00_medium_beta_coherent_t0007,7,120,formal_tps30,medium_beta_coherent,15,7,,build_candidate_score_pack,1.0719221,7353,10,NaN,Build W/Y/Z/Rz/G_cache candidate score pack
cp00p00_easy_noncoherent_t0007,7,120,formal_tps30,easy_noncoherent,0,7,double_baseline,score_recompute,0.4498969,7353,10,NaN,Step12 quantized score recompute
cp00p00_easy_noncoherent_t0007,7,120,formal_tps30,easy_noncoherent,0,7,double_baseline,ranking_compare,0.3501279,7353,10,NaN,ranking and topK comparison
cp00p00_easy_noncoherent_t0007,7,120,formal_tps30,easy_noncoherent,0,7,float32_all,score_recompute,0.5503327,7353,10,NaN,Step12 quantized score recompute
cp00p00_easy_noncoherent_t0007,7,120,formal_tps30,easy_noncoherent,0,7,float32_all,ranking_compare,0.2692758,7353,10,NaN,ranking and topK comparison
cp00p00_easy_noncoherent_t0007,7,120,formal_tps30,easy_noncoherent,0,7,combined_int16,score_recompute,0.5134292,7353,10,NaN,Step12 quantized score recompute
cp00p00_easy_noncoherent_t0007,7,120,formal_tps30,easy_noncoherent,0,7,combined_int16,ranking_compare,0.2278731,7353,10,NaN,ranking and topK comparison
cp00p00_easy_noncoherent_t0007,7,120,formal_tps30,easy_noncoherent,0,7,combined_int18,score_recompute,0.5197708,7353,10,NaN,Step12 quantized score recompute
cp00p00_easy_noncoherent_t0007,7,120,formal_tps30,easy_noncoherent,0,7,combined_int18,ranking_compare,0.2228571,7353,10,NaN,ranking and topK comparison
cp00p00_easy_noncoherent_t0007,7,120,formal_tps30,easy_noncoherent,0,7,combined_int24,score_recompute,0.4751492,7353,10,NaN,Step12 quantized score recompute
cp00p00_easy_noncoherent_t0007,7,120,formal_tps30,easy_noncoherent,0,7,combined_int24,ranking_compare,0.2764315,7353,10,NaN,ranking and topK comparison
cp00p00_easy_noncoherent_t0007,7,120,formal_tps30,easy_noncoherent,0,7,mixed_Z16_G24_Rz24,score_recompute,0.4802337,7353,10,NaN,Step12 quantized score recompute
cp00p00_easy_noncoherent_t0007,7,120,formal_tps30,easy_noncoherent,0,7,mixed_Z16_G24_Rz24,ranking_compare,0.2563574,7353,10,NaN,ranking and topK comparison
cp00p00_easy_noncoherent_t0007,7,120,formal_tps30,easy_noncoherent,0,7,combined_int14,score_recompute,0.5974838,7353,10,NaN,Step12 quantized score recompute
cp00p00_easy_noncoherent_t0007,7,120,formal_tps30,easy_noncoherent,0,7,combined_int14,ranking_compare,0.2685009,7353,10,NaN,ranking and topK comparison
cp00p00_easy_noncoherent_t0007,7,120,formal_tps30,easy_noncoherent,0,7,W_int18_G24_Z16,score_recompute,0.5123064,7353,10,NaN,Step12 quantized score recompute
cp00p00_easy_noncoherent_t0007,7,120,formal_tps30,easy_noncoherent,0,7,W_int18_G24_Z16,ranking_compare,0.2210183,7353,10,NaN,ranking and topK comparison
cp00p00_low_snr_hard_t0007,7,120,formal_tps30,low_snr_hard,0,7,double_baseline,score_recompute,0.4251114,7353,10,NaN,Step12 quantized score recompute
cp00p00_low_snr_hard_t0007,7,120,formal_tps30,low_snr_hard,0,7,double_baseline,ranking_compare,0.2356969,7353,10,NaN,ranking and topK comparison
cp00p00_low_snr_hard_t0007,7,120,formal_tps30,low_snr_hard,0,7,float32_all,score_recompute,0.4255081,7353,10,NaN,Step12 quantized score recompute
cp00p00_low_snr_hard_t0007,7,120,formal_tps30,low_snr_hard,0,7,float32_all,ranking_compare,0.2155072,7353,10,NaN,ranking and topK comparison
cp00p00_low_snr_hard_t0007,7,120,formal_tps30,low_snr_hard,0,7,combined_int16,score_recompute,0.427503,7353,10,NaN,Step12 quantized score recompute
cp00p00_low_snr_hard_t0007,7,120,formal_tps30,low_snr_hard,0,7,combined_int16,ranking_compare,0.2241882,7353,10,NaN,ranking and topK comparison
cp00p00_low_snr_hard_t0007,7,120,formal_tps30,low_snr_hard,0,7,combined_int18,score_recompute,0.436807,7353,10,NaN,Step12 quantized score recompute
cp00p00_low_snr_hard_t0007,7,120,formal_tps30,low_snr_hard,0,7,combined_int18,ranking_compare,0.2423948,7353,10,NaN,ranking and topK comparison
cp00p00_low_snr_hard_t0007,7,120,formal_tps30,low_snr_hard,0,7,combined_int24,score_recompute,0.4686803,7353,10,NaN,Step12 quantized score recompute
cp00p00_low_snr_hard_t0007,7,120,formal_tps30,low_snr_hard,0,7,combined_int24,ranking_compare,0.2329066,7353,10,NaN,ranking and topK comparison
cp00p00_low_snr_hard_t0007,7,120,formal_tps30,low_snr_hard,0,7,mixed_Z16_G24_Rz24,score_recompute,0.5231711,7353,10,NaN,Step12 quantized score recompute
cp00p00_low_snr_hard_t0007,7,120,formal_tps30,low_snr_hard,0,7,mixed_Z16_G24_Rz24,ranking_compare,0.2754567,7353,10,NaN,ranking and topK comparison
cp00p00_low_snr_hard_t0007,7,120,formal_tps30,low_snr_hard,0,7,combined_int14,score_recompute,0.4804588,7353,10,NaN,Step12 quantized score recompute
cp00p00_low_snr_hard_t0007,7,120,formal_tps30,low_snr_hard,0,7,combined_int14,ranking_compare,0.2239503,7353,10,NaN,ranking and topK comparison
cp00p00_low_snr_hard_t0007,7,120,formal_tps30,low_snr_hard,0,7,W_int18_G24_Z16,score_recompute,0.4385514,7353,10,NaN,Step12 quantized score recompute
cp00p00_low_snr_hard_t0007,7,120,formal_tps30,low_snr_hard,0,7,W_int18_G24_Z16,ranking_compare,0.2217629,7353,10,NaN,ranking and topK comparison
cp00p00_cache_boundary_center_t0007,7,120,formal_tps30,cache_boundary_center,0,7,double_baseline,score_recompute,0.4556841,7353,10,NaN,Step12 quantized score recompute
cp00p00_cache_boundary_center_t0007,7,120,formal_tps30,cache_boundary_center,0,7,double_baseline,ranking_compare,0.2247952,7353,10,NaN,ranking and topK comparison
cp00p00_cache_boundary_center_t0007,7,120,formal_tps30,cache_boundary_center,0,7,float32_all,score_recompute,0.4783122,7353,10,NaN,Step12 quantized score recompute
cp00p00_cache_boundary_center_t0007,7,120,formal_tps30,cache_boundary_center,0,7,float32_all,ranking_compare,0.2419561,7353,10,NaN,ranking and topK comparison
cp00p00_cache_boundary_center_t0007,7,120,formal_tps30,cache_boundary_center,0,7,combined_int16,score_recompute,0.4537146,7353,10,NaN,Step12 quantized score recompute
cp00p00_cache_boundary_center_t0007,7,120,formal_tps30,cache_boundary_center,0,7,combined_int16,ranking_compare,0.2273213,7353,10,NaN,ranking and topK comparison
cp00p00_cache_boundary_center_t0007,7,120,formal_tps30,cache_boundary_center,0,7,combined_int18,score_recompute,0.4431408,7353,10,NaN,Step12 quantized score recompute
cp00p00_cache_boundary_center_t0007,7,120,formal_tps30,cache_boundary_center,0,7,combined_int18,ranking_compare,0.2132355,7353,10,NaN,ranking and topK comparison
cp00p00_cache_boundary_center_t0007,7,120,formal_tps30,cache_boundary_center,0,7,combined_int24,score_recompute,0.4232713,7353,10,NaN,Step12 quantized score recompute
cp00p00_cache_boundary_center_t0007,7,120,formal_tps30,cache_boundary_center,0,7,combined_int24,ranking_compare,0.212191,7353,10,NaN,ranking and topK comparison
cp00p00_cache_boundary_center_t0007,7,120,formal_tps30,cache_boundary_center,0,7,mixed_Z16_G24_Rz24,score_recompute,0.4201817,7353,10,NaN,Step12 quantized score recompute
cp00p00_cache_boundary_center_t0007,7,120,formal_tps30,cache_boundary_center,0,7,mixed_Z16_G24_Rz24,ranking_compare,0.2218472,7353,10,NaN,ranking and topK comparison
cp00p00_cache_boundary_center_t0007,7,120,formal_tps30,cache_boundary_center,0,7,combined_int14,score_recompute,0.4180502,7353,10,NaN,Step12 quantized score recompute
cp00p00_cache_boundary_center_t0007,7,120,formal_tps30,cache_boundary_center,0,7,combined_int14,ranking_compare,0.212957,7353,10,NaN,ranking and topK comparison
cp00p00_cache_boundary_center_t0007,7,120,formal_tps30,cache_boundary_center,0,7,W_int18_G24_Z16,score_recompute,0.4344319,7353,10,NaN,Step12 quantized score recompute
cp00p00_cache_boundary_center_t0007,7,120,formal_tps30,cache_boundary_center,0,7,W_int18_G24_Z16,ranking_compare,0.2458028,7353,10,NaN,ranking and topK comparison
cp04p00_hard_phase_t0007,7,120,formal_tps30,hard_phase,3.75,7,double_baseline,score_recompute,0.4407634,7353,10,NaN,Step12 quantized score recompute
cp04p00_hard_phase_t0007,7,120,formal_tps30,hard_phase,3.75,7,double_baseline,ranking_compare,0.2118036,7353,10,NaN,ranking and topK comparison
cp04p00_hard_phase_t0007,7,120,formal_tps30,hard_phase,3.75,7,float32_all,score_recompute,0.459587,7353,10,NaN,Step12 quantized score recompute
cp04p00_hard_phase_t0007,7,120,formal_tps30,hard_phase,3.75,7,float32_all,ranking_compare,0.2162894,7353,10,NaN,ranking and topK comparison
cp04p00_hard_phase_t0007,7,120,formal_tps30,hard_phase,3.75,7,combined_int16,score_recompute,0.4745582,7353,10,NaN,Step12 quantized score recompute
cp04p00_hard_phase_t0007,7,120,formal_tps30,hard_phase,3.75,7,combined_int16,ranking_compare,0.2195636,7353,10,NaN,ranking and topK comparison
cp04p00_hard_phase_t0007,7,120,formal_tps30,hard_phase,3.75,7,combined_int18,score_recompute,0.4617587,7353,10,NaN,Step12 quantized score recompute
cp04p00_hard_phase_t0007,7,120,formal_tps30,hard_phase,3.75,7,combined_int18,ranking_compare,0.2237223,7353,10,NaN,ranking and topK comparison
cp04p00_hard_phase_t0007,7,120,formal_tps30,hard_phase,3.75,7,combined_int24,score_recompute,0.4809573,7353,10,NaN,Step12 quantized score recompute
cp04p00_hard_phase_t0007,7,120,formal_tps30,hard_phase,3.75,7,combined_int24,ranking_compare,0.2390192,7353,10,NaN,ranking and topK comparison
cp04p00_hard_phase_t0007,7,120,formal_tps30,hard_phase,3.75,7,mixed_Z16_G24_Rz24,score_recompute,0.4665248,7353,10,NaN,Step12 quantized score recompute
cp04p00_hard_phase_t0007,7,120,formal_tps30,hard_phase,3.75,7,mixed_Z16_G24_Rz24,ranking_compare,0.2228084,7353,10,NaN,ranking and topK comparison
cp04p00_hard_phase_t0007,7,120,formal_tps30,hard_phase,3.75,7,combined_int14,score_recompute,0.4812063,7353,10,NaN,Step12 quantized score recompute
cp04p00_hard_phase_t0007,7,120,formal_tps30,hard_phase,3.75,7,combined_int14,ranking_compare,0.2389184,7353,10,NaN,ranking and topK comparison
cp04p00_hard_phase_t0007,7,120,formal_tps30,hard_phase,3.75,7,W_int18_G24_Z16,score_recompute,0.4738782,7353,10,NaN,Step12 quantized score recompute
cp04p00_hard_phase_t0007,7,120,formal_tps30,hard_phase,3.75,7,W_int18_G24_Z16,ranking_compare,0.2209878,7353,10,NaN,ranking and topK comparison
cp04p00_medium_beta_coherent_t0007,7,120,formal_tps30,medium_beta_coherent,3.75,7,double_baseline,score_recompute,0.4469366,7353,10,NaN,Step12 quantized score recompute
cp04p00_medium_beta_coherent_t0007,7,120,formal_tps30,medium_beta_coherent,3.75,7,double_baseline,ranking_compare,0.2239003,7353,10,NaN,ranking and topK comparison
cp04p00_medium_beta_coherent_t0007,7,120,formal_tps30,medium_beta_coherent,3.75,7,float32_all,score_recompute,0.4483707,7353,10,NaN,Step12 quantized score recompute
cp04p00_medium_beta_coherent_t0007,7,120,formal_tps30,medium_beta_coherent,3.75,7,float32_all,ranking_compare,0.2357005,7353,10,NaN,ranking and topK comparison
cp04p00_medium_beta_coherent_t0007,7,120,formal_tps30,medium_beta_coherent,3.75,7,combined_int16,score_recompute,0.4620453,7353,10,NaN,Step12 quantized score recompute
cp04p00_medium_beta_coherent_t0007,7,120,formal_tps30,medium_beta_coherent,3.75,7,combined_int16,ranking_compare,0.219433,7353,10,NaN,ranking and topK comparison
cp04p00_medium_beta_coherent_t0007,7,120,formal_tps30,medium_beta_coherent,3.75,7,combined_int18,score_recompute,0.4394457,7353,10,NaN,Step12 quantized score recompute
cp04p00_medium_beta_coherent_t0007,7,120,formal_tps30,medium_beta_coherent,3.75,7,combined_int18,ranking_compare,0.2201035,7353,10,NaN,ranking and topK comparison
cp04p00_medium_beta_coherent_t0007,7,120,formal_tps30,medium_beta_coherent,3.75,7,combined_int24,score_recompute,0.4157264,7353,10,NaN,Step12 quantized score recompute
cp04p00_medium_beta_coherent_t0007,7,120,formal_tps30,medium_beta_coherent,3.75,7,combined_int24,ranking_compare,0.2350608,7353,10,NaN,ranking and topK comparison
cp04p00_medium_beta_coherent_t0007,7,120,formal_tps30,medium_beta_coherent,3.75,7,mixed_Z16_G24_Rz24,score_recompute,0.4184486,7353,10,NaN,Step12 quantized score recompute
cp04p00_medium_beta_coherent_t0007,7,120,formal_tps30,medium_beta_coherent,3.75,7,mixed_Z16_G24_Rz24,ranking_compare,0.2170365,7353,10,NaN,ranking and topK comparison
cp04p00_medium_beta_coherent_t0007,7,120,formal_tps30,medium_beta_coherent,3.75,7,combined_int14,score_recompute,0.4246587,7353,10,NaN,Step12 quantized score recompute
cp04p00_medium_beta_coherent_t0007,7,120,formal_tps30,medium_beta_coherent,3.75,7,combined_int14,ranking_compare,0.2091807,7353,10,NaN,ranking and topK comparison
cp04p00_medium_beta_coherent_t0007,7,120,formal_tps30,medium_beta_coherent,3.75,7,W_int18_G24_Z16,score_recompute,0.4231881,7353,10,NaN,Step12 quantized score recompute
cp04p00_medium_beta_coherent_t0007,7,120,formal_tps30,medium_beta_coherent,3.75,7,W_int18_G24_Z16,ranking_compare,0.2270652,7353,10,NaN,ranking and topK comparison
cp08p00_easy_noncoherent_t0007,7,120,formal_tps30,easy_noncoherent,7.5,7,double_baseline,score_recompute,0.4211736,7353,10,NaN,Step12 quantized score recompute
cp08p00_easy_noncoherent_t0007,7,120,formal_tps30,easy_noncoherent,7.5,7,double_baseline,ranking_compare,0.2130977,7353,10,NaN,ranking and topK comparison
cp08p00_easy_noncoherent_t0007,7,120,formal_tps30,easy_noncoherent,7.5,7,float32_all,score_recompute,0.4952826,7353,10,NaN,Step12 quantized score recompute
cp08p00_easy_noncoherent_t0007,7,120,formal_tps30,easy_noncoherent,7.5,7,float32_all,ranking_compare,0.2334638,7353,10,NaN,ranking and topK comparison
cp08p00_easy_noncoherent_t0007,7,120,formal_tps30,easy_noncoherent,7.5,7,combined_int16,score_recompute,0.4939029,7353,10,NaN,Step12 quantized score recompute
cp08p00_easy_noncoherent_t0007,7,120,formal_tps30,easy_noncoherent,7.5,7,combined_int16,ranking_compare,0.2296717,7353,10,NaN,ranking and topK comparison
cp08p00_easy_noncoherent_t0007,7,120,formal_tps30,easy_noncoherent,7.5,7,combined_int18,score_recompute,0.4794125,7353,10,NaN,Step12 quantized score recompute
cp08p00_easy_noncoherent_t0007,7,120,formal_tps30,easy_noncoherent,7.5,7,combined_int18,ranking_compare,0.2766016,7353,10,NaN,ranking and topK comparison
cp08p00_easy_noncoherent_t0007,7,120,formal_tps30,easy_noncoherent,7.5,7,combined_int24,score_recompute,0.5731097,7353,10,NaN,Step12 quantized score recompute
cp08p00_easy_noncoherent_t0007,7,120,formal_tps30,easy_noncoherent,7.5,7,combined_int24,ranking_compare,0.2308037,7353,10,NaN,ranking and topK comparison
cp08p00_easy_noncoherent_t0007,7,120,formal_tps30,easy_noncoherent,7.5,7,mixed_Z16_G24_Rz24,score_recompute,0.4715412,7353,10,NaN,Step12 quantized score recompute
cp08p00_easy_noncoherent_t0007,7,120,formal_tps30,easy_noncoherent,7.5,7,mixed_Z16_G24_Rz24,ranking_compare,0.2209616,7353,10,NaN,ranking and topK comparison
cp08p00_easy_noncoherent_t0007,7,120,formal_tps30,easy_noncoherent,7.5,7,combined_int14,score_recompute,0.4936153,7353,10,NaN,Step12 quantized score recompute
cp08p00_easy_noncoherent_t0007,7,120,formal_tps30,easy_noncoherent,7.5,7,combined_int14,ranking_compare,0.2368825,7353,10,NaN,ranking and topK comparison
cp08p00_easy_noncoherent_t0007,7,120,formal_tps30,easy_noncoherent,7.5,7,W_int18_G24_Z16,score_recompute,0.5194639,7353,10,NaN,Step12 quantized score recompute
cp08p00_easy_noncoherent_t0007,7,120,formal_tps30,easy_noncoherent,7.5,7,W_int18_G24_Z16,ranking_compare,0.2182822,7353,10,NaN,ranking and topK comparison
cp08p00_low_snr_hard_t0007,7,120,formal_tps30,low_snr_hard,7.5,7,double_baseline,score_recompute,0.4978814,7353,10,NaN,Step12 quantized score recompute
cp08p00_low_snr_hard_t0007,7,120,formal_tps30,low_snr_hard,7.5,7,double_baseline,ranking_compare,0.2358534,7353,10,NaN,ranking and topK comparison
cp08p00_low_snr_hard_t0007,7,120,formal_tps30,low_snr_hard,7.5,7,float32_all,score_recompute,0.4886175,7353,10,NaN,Step12 quantized score recompute
cp08p00_low_snr_hard_t0007,7,120,formal_tps30,low_snr_hard,7.5,7,float32_all,ranking_compare,0.2340827,7353,10,NaN,ranking and topK comparison
cp08p00_low_snr_hard_t0007,7,120,formal_tps30,low_snr_hard,7.5,7,combined_int16,score_recompute,0.4736995,7353,10,NaN,Step12 quantized score recompute
cp08p00_low_snr_hard_t0007,7,120,formal_tps30,low_snr_hard,7.5,7,combined_int16,ranking_compare,0.2439525,7353,10,NaN,ranking and topK comparison
cp08p00_low_snr_hard_t0007,7,120,formal_tps30,low_snr_hard,7.5,7,combined_int18,score_recompute,0.4442712,7353,10,NaN,Step12 quantized score recompute
cp08p00_low_snr_hard_t0007,7,120,formal_tps30,low_snr_hard,7.5,7,combined_int18,ranking_compare,0.2184141,7353,10,NaN,ranking and topK comparison
cp08p00_low_snr_hard_t0007,7,120,formal_tps30,low_snr_hard,7.5,7,combined_int24,score_recompute,0.4806169,7353,10,NaN,Step12 quantized score recompute
cp08p00_low_snr_hard_t0007,7,120,formal_tps30,low_snr_hard,7.5,7,combined_int24,ranking_compare,0.2337224,7353,10,NaN,ranking and topK comparison
cp08p00_low_snr_hard_t0007,7,120,formal_tps30,low_snr_hard,7.5,7,mixed_Z16_G24_Rz24,score_recompute,0.4501333,7353,10,NaN,Step12 quantized score recompute
cp08p00_low_snr_hard_t0007,7,120,formal_tps30,low_snr_hard,7.5,7,mixed_Z16_G24_Rz24,ranking_compare,0.2321457,7353,10,NaN,ranking and topK comparison
cp08p00_low_snr_hard_t0007,7,120,formal_tps30,low_snr_hard,7.5,7,combined_int14,score_recompute,0.4344009,7353,10,NaN,Step12 quantized score recompute
cp08p00_low_snr_hard_t0007,7,120,formal_tps30,low_snr_hard,7.5,7,combined_int14,ranking_compare,0.2214582,7353,10,NaN,ranking and topK comparison
cp08p00_low_snr_hard_t0007,7,120,formal_tps30,low_snr_hard,7.5,7,W_int18_G24_Z16,score_recompute,0.4633712,7353,10,NaN,Step12 quantized score recompute
cp08p00_low_snr_hard_t0007,7,120,formal_tps30,low_snr_hard,7.5,7,W_int18_G24_Z16,ranking_compare,0.2154964,7353,10,NaN,ranking and topK comparison
cp08p00_cache_boundary_center_t0007,7,120,formal_tps30,cache_boundary_center,7.5,7,double_baseline,score_recompute,0.4220204,7353,10,NaN,Step12 quantized score recompute
cp08p00_cache_boundary_center_t0007,7,120,formal_tps30,cache_boundary_center,7.5,7,double_baseline,ranking_compare,0.2222379,7353,10,NaN,ranking and topK comparison
cp08p00_cache_boundary_center_t0007,7,120,formal_tps30,cache_boundary_center,7.5,7,float32_all,score_recompute,0.4281038,7353,10,NaN,Step12 quantized score recompute
cp08p00_cache_boundary_center_t0007,7,120,formal_tps30,cache_boundary_center,7.5,7,float32_all,ranking_compare,0.219036,7353,10,NaN,ranking and topK comparison
cp08p00_cache_boundary_center_t0007,7,120,formal_tps30,cache_boundary_center,7.5,7,combined_int16,score_recompute,0.4359992,7353,10,NaN,Step12 quantized score recompute
cp08p00_cache_boundary_center_t0007,7,120,formal_tps30,cache_boundary_center,7.5,7,combined_int16,ranking_compare,0.2257929,7353,10,NaN,ranking and topK comparison
cp08p00_cache_boundary_center_t0007,7,120,formal_tps30,cache_boundary_center,7.5,7,combined_int18,score_recompute,0.436262,7353,10,NaN,Step12 quantized score recompute
cp08p00_cache_boundary_center_t0007,7,120,formal_tps30,cache_boundary_center,7.5,7,combined_int18,ranking_compare,0.2536045,7353,10,NaN,ranking and topK comparison
cp08p00_cache_boundary_center_t0007,7,120,formal_tps30,cache_boundary_center,7.5,7,combined_int24,score_recompute,0.433022,7353,10,NaN,Step12 quantized score recompute
cp08p00_cache_boundary_center_t0007,7,120,formal_tps30,cache_boundary_center,7.5,7,combined_int24,ranking_compare,0.2160573,7353,10,NaN,ranking and topK comparison
cp08p00_cache_boundary_center_t0007,7,120,formal_tps30,cache_boundary_center,7.5,7,mixed_Z16_G24_Rz24,score_recompute,0.429363,7353,10,NaN,Step12 quantized score recompute
cp08p00_cache_boundary_center_t0007,7,120,formal_tps30,cache_boundary_center,7.5,7,mixed_Z16_G24_Rz24,ranking_compare,0.2182348,7353,10,NaN,ranking and topK comparison
cp08p00_cache_boundary_center_t0007,7,120,formal_tps30,cache_boundary_center,7.5,7,combined_int14,score_recompute,0.4229713,7353,10,NaN,Step12 quantized score recompute
cp08p00_cache_boundary_center_t0007,7,120,formal_tps30,cache_boundary_center,7.5,7,combined_int14,ranking_compare,0.2214343,7353,10,NaN,ranking and topK comparison
cp08p00_cache_boundary_center_t0007,7,120,formal_tps30,cache_boundary_center,7.5,7,W_int18_G24_Z16,score_recompute,0.4377216,7353,10,NaN,Step12 quantized score recompute
cp08p00_cache_boundary_center_t0007,7,120,formal_tps30,cache_boundary_center,7.5,7,W_int18_G24_Z16,ranking_compare,0.2206828,7353,10,NaN,ranking and topK comparison
cp15p00_hard_phase_t0007,7,120,formal_tps30,hard_phase,15,7,double_baseline,score_recompute,0.4696676,7353,10,NaN,Step12 quantized score recompute
cp15p00_hard_phase_t0007,7,120,formal_tps30,hard_phase,15,7,double_baseline,ranking_compare,0.2442374,7353,10,NaN,ranking and topK comparison
cp15p00_hard_phase_t0007,7,120,formal_tps30,hard_phase,15,7,float32_all,score_recompute,0.4325607,7353,10,NaN,Step12 quantized score recompute
cp15p00_hard_phase_t0007,7,120,formal_tps30,hard_phase,15,7,float32_all,ranking_compare,0.2255913,7353,10,NaN,ranking and topK comparison
cp15p00_hard_phase_t0007,7,120,formal_tps30,hard_phase,15,7,combined_int16,score_recompute,0.4606548,7353,10,NaN,Step12 quantized score recompute
cp15p00_hard_phase_t0007,7,120,formal_tps30,hard_phase,15,7,combined_int16,ranking_compare,0.2190188,7353,10,NaN,ranking and topK comparison
cp15p00_hard_phase_t0007,7,120,formal_tps30,hard_phase,15,7,combined_int18,score_recompute,0.4812952,7353,10,NaN,Step12 quantized score recompute
cp15p00_hard_phase_t0007,7,120,formal_tps30,hard_phase,15,7,combined_int18,ranking_compare,0.216091,7353,10,NaN,ranking and topK comparison
cp15p00_hard_phase_t0007,7,120,formal_tps30,hard_phase,15,7,combined_int24,score_recompute,0.4594719,7353,10,NaN,Step12 quantized score recompute
cp15p00_hard_phase_t0007,7,120,formal_tps30,hard_phase,15,7,combined_int24,ranking_compare,0.2302021,7353,10,NaN,ranking and topK comparison
cp15p00_hard_phase_t0007,7,120,formal_tps30,hard_phase,15,7,mixed_Z16_G24_Rz24,score_recompute,0.4204459,7353,10,NaN,Step12 quantized score recompute
cp15p00_hard_phase_t0007,7,120,formal_tps30,hard_phase,15,7,mixed_Z16_G24_Rz24,ranking_compare,0.2211422,7353,10,NaN,ranking and topK comparison
cp15p00_hard_phase_t0007,7,120,formal_tps30,hard_phase,15,7,combined_int14,score_recompute,0.4641499,7353,10,NaN,Step12 quantized score recompute
cp15p00_hard_phase_t0007,7,120,formal_tps30,hard_phase,15,7,combined_int14,ranking_compare,0.2236676,7353,10,NaN,ranking and topK comparison
cp15p00_hard_phase_t0007,7,120,formal_tps30,hard_phase,15,7,W_int18_G24_Z16,score_recompute,0.4562585,7353,10,NaN,Step12 quantized score recompute
cp15p00_hard_phase_t0007,7,120,formal_tps30,hard_phase,15,7,W_int18_G24_Z16,ranking_compare,0.2414021,7353,10,NaN,ranking and topK comparison
cp15p00_medium_beta_coherent_t0007,7,120,formal_tps30,medium_beta_coherent,15,7,double_baseline,score_recompute,0.4197012,7353,10,NaN,Step12 quantized score recompute
cp15p00_medium_beta_coherent_t0007,7,120,formal_tps30,medium_beta_coherent,15,7,double_baseline,ranking_compare,0.2479194,7353,10,NaN,ranking and topK comparison
cp15p00_medium_beta_coherent_t0007,7,120,formal_tps30,medium_beta_coherent,15,7,float32_all,score_recompute,0.4654884,7353,10,NaN,Step12 quantized score recompute
cp15p00_medium_beta_coherent_t0007,7,120,formal_tps30,medium_beta_coherent,15,7,float32_all,ranking_compare,0.2275368,7353,10,NaN,ranking and topK comparison
cp15p00_medium_beta_coherent_t0007,7,120,formal_tps30,medium_beta_coherent,15,7,combined_int16,score_recompute,0.4779747,7353,10,NaN,Step12 quantized score recompute
cp15p00_medium_beta_coherent_t0007,7,120,formal_tps30,medium_beta_coherent,15,7,combined_int16,ranking_compare,0.2401201,7353,10,NaN,ranking and topK comparison
cp15p00_medium_beta_coherent_t0007,7,120,formal_tps30,medium_beta_coherent,15,7,combined_int18,score_recompute,0.4355643,7353,10,NaN,Step12 quantized score recompute
cp15p00_medium_beta_coherent_t0007,7,120,formal_tps30,medium_beta_coherent,15,7,combined_int18,ranking_compare,0.2291916,7353,10,NaN,ranking and topK comparison
cp15p00_medium_beta_coherent_t0007,7,120,formal_tps30,medium_beta_coherent,15,7,combined_int24,score_recompute,0.4423643,7353,10,NaN,Step12 quantized score recompute
cp15p00_medium_beta_coherent_t0007,7,120,formal_tps30,medium_beta_coherent,15,7,combined_int24,ranking_compare,0.2422357,7353,10,NaN,ranking and topK comparison
cp15p00_medium_beta_coherent_t0007,7,120,formal_tps30,medium_beta_coherent,15,7,mixed_Z16_G24_Rz24,score_recompute,0.4464079,7353,10,NaN,Step12 quantized score recompute
cp15p00_medium_beta_coherent_t0007,7,120,formal_tps30,medium_beta_coherent,15,7,mixed_Z16_G24_Rz24,ranking_compare,0.2217343,7353,10,NaN,ranking and topK comparison
cp15p00_medium_beta_coherent_t0007,7,120,formal_tps30,medium_beta_coherent,15,7,combined_int14,score_recompute,0.4319085,7353,10,NaN,Step12 quantized score recompute
cp15p00_medium_beta_coherent_t0007,7,120,formal_tps30,medium_beta_coherent,15,7,combined_int14,ranking_compare,0.2228227,7353,10,NaN,ranking and topK comparison
cp15p00_medium_beta_coherent_t0007,7,120,formal_tps30,medium_beta_coherent,15,7,W_int18_G24_Z16,score_recompute,0.4438355,7353,10,NaN,Step12 quantized score recompute
cp15p00_medium_beta_coherent_t0007,7,120,formal_tps30,medium_beta_coherent,15,7,W_int18_G24_Z16,ranking_compare,0.2226916,7353,10,NaN,ranking and topK comparison
cp00p00_easy_noncoherent_t0008,8,120,formal_tps30,easy_noncoherent,0,8,,build_step11_input,0.0549667,NaN,10,NaN,Step11.7 frontend-like input builder
cp00p00_easy_noncoherent_t0008,8,120,formal_tps30,easy_noncoherent,0,8,,run_step11_backend,0,NaN,10,NaN,Skipped full Step11.7 backend; using Step12 score-core adapter
cp00p00_easy_noncoherent_t0008,8,120,formal_tps30,easy_noncoherent,0,8,,build_candidate_score_pack,1.3874816,7353,10,NaN,Build W/Y/Z/Rz/G_cache candidate score pack
cp00p00_low_snr_hard_t0008,8,120,formal_tps30,low_snr_hard,0,8,,build_step11_input,0.0196365,NaN,10,NaN,Step11.7 frontend-like input builder
cp00p00_low_snr_hard_t0008,8,120,formal_tps30,low_snr_hard,0,8,,run_step11_backend,0,NaN,10,NaN,Skipped full Step11.7 backend; using Step12 score-core adapter
cp00p00_low_snr_hard_t0008,8,120,formal_tps30,low_snr_hard,0,8,,build_candidate_score_pack,1.2375185,7353,10,NaN,Build W/Y/Z/Rz/G_cache candidate score pack
cp00p00_cache_boundary_center_t0008,8,120,formal_tps30,cache_boundary_center,0,8,,build_step11_input,0.0161469,NaN,10,NaN,Step11.7 frontend-like input builder
cp00p00_cache_boundary_center_t0008,8,120,formal_tps30,cache_boundary_center,0,8,,run_step11_backend,0,NaN,10,NaN,Skipped full Step11.7 backend; using Step12 score-core adapter
cp00p00_cache_boundary_center_t0008,8,120,formal_tps30,cache_boundary_center,0,8,,build_candidate_score_pack,1.1622473,7353,10,NaN,Build W/Y/Z/Rz/G_cache candidate score pack
cp04p00_hard_phase_t0008,8,120,formal_tps30,hard_phase,4,8,,build_step11_input,0.0197884,NaN,10,NaN,Step11.7 frontend-like input builder
cp04p00_hard_phase_t0008,8,120,formal_tps30,hard_phase,4,8,,run_step11_backend,0,NaN,10,NaN,Skipped full Step11.7 backend; using Step12 score-core adapter
cp04p00_hard_phase_t0008,8,120,formal_tps30,hard_phase,4,8,,build_candidate_score_pack,1.1590909,7353,10,NaN,Build W/Y/Z/Rz/G_cache candidate score pack
cp04p00_medium_beta_coherent_t0008,8,120,formal_tps30,medium_beta_coherent,4,8,,build_step11_input,0.0266165,NaN,10,NaN,Step11.7 frontend-like input builder
cp04p00_medium_beta_coherent_t0008,8,120,formal_tps30,medium_beta_coherent,4,8,,run_step11_backend,0,NaN,10,NaN,Skipped full Step11.7 backend; using Step12 score-core adapter
cp04p00_medium_beta_coherent_t0008,8,120,formal_tps30,medium_beta_coherent,4,8,,build_candidate_score_pack,1.1966249,7353,10,NaN,Build W/Y/Z/Rz/G_cache candidate score pack
cp08p00_easy_noncoherent_t0008,8,120,formal_tps30,easy_noncoherent,8,8,,build_step11_input,0.0093071,NaN,10,NaN,Step11.7 frontend-like input builder
cp08p00_easy_noncoherent_t0008,8,120,formal_tps30,easy_noncoherent,8,8,,run_step11_backend,0,NaN,10,NaN,Skipped full Step11.7 backend; using Step12 score-core adapter
cp08p00_easy_noncoherent_t0008,8,120,formal_tps30,easy_noncoherent,8,8,,build_candidate_score_pack,1.1281198,7353,10,NaN,Build W/Y/Z/Rz/G_cache candidate score pack
cp08p00_low_snr_hard_t0008,8,120,formal_tps30,low_snr_hard,8,8,,build_step11_input,0.0068052,NaN,10,NaN,Step11.7 frontend-like input builder
cp08p00_low_snr_hard_t0008,8,120,formal_tps30,low_snr_hard,8,8,,run_step11_backend,0,NaN,10,NaN,Skipped full Step11.7 backend; using Step12 score-core adapter
cp08p00_low_snr_hard_t0008,8,120,formal_tps30,low_snr_hard,8,8,,build_candidate_score_pack,1.1291451,7353,10,NaN,Build W/Y/Z/Rz/G_cache candidate score pack
cp08p00_cache_boundary_center_t0008,8,120,formal_tps30,cache_boundary_center,8,8,,build_step11_input,0.008218,NaN,10,NaN,Step11.7 frontend-like input builder
cp08p00_cache_boundary_center_t0008,8,120,formal_tps30,cache_boundary_center,8,8,,run_step11_backend,0,NaN,10,NaN,Skipped full Step11.7 backend; using Step12 score-core adapter
cp08p00_cache_boundary_center_t0008,8,120,formal_tps30,cache_boundary_center,8,8,,build_candidate_score_pack,1.1207439,7353,10,NaN,Build W/Y/Z/Rz/G_cache candidate score pack
cp15p00_hard_phase_t0008,8,120,formal_tps30,hard_phase,15,8,,build_step11_input,0.0098717,NaN,10,NaN,Step11.7 frontend-like input builder
cp15p00_hard_phase_t0008,8,120,formal_tps30,hard_phase,15,8,,run_step11_backend,0,NaN,10,NaN,Skipped full Step11.7 backend; using Step12 score-core adapter
cp15p00_hard_phase_t0008,8,120,formal_tps30,hard_phase,15,8,,build_candidate_score_pack,1.1623617,7353,10,NaN,Build W/Y/Z/Rz/G_cache candidate score pack
cp15p00_medium_beta_coherent_t0008,8,120,formal_tps30,medium_beta_coherent,15,8,,build_step11_input,0.0080903,NaN,10,NaN,Step11.7 frontend-like input builder
cp15p00_medium_beta_coherent_t0008,8,120,formal_tps30,medium_beta_coherent,15,8,,run_step11_backend,0,NaN,10,NaN,Skipped full Step11.7 backend; using Step12 score-core adapter
cp15p00_medium_beta_coherent_t0008,8,120,formal_tps30,medium_beta_coherent,15,8,,build_candidate_score_pack,1.0949096,7353,10,NaN,Build W/Y/Z/Rz/G_cache candidate score pack
cp00p00_easy_noncoherent_t0008,8,120,formal_tps30,easy_noncoherent,0,8,double_baseline,score_recompute,0.4547304,7353,10,NaN,Step12 quantized score recompute
cp00p00_easy_noncoherent_t0008,8,120,formal_tps30,easy_noncoherent,0,8,double_baseline,ranking_compare,0.298899,7353,10,NaN,ranking and topK comparison
cp00p00_easy_noncoherent_t0008,8,120,formal_tps30,easy_noncoherent,0,8,float32_all,score_recompute,0.5065361,7353,10,NaN,Step12 quantized score recompute
cp00p00_easy_noncoherent_t0008,8,120,formal_tps30,easy_noncoherent,0,8,float32_all,ranking_compare,0.2343381,7353,10,NaN,ranking and topK comparison
cp00p00_easy_noncoherent_t0008,8,120,formal_tps30,easy_noncoherent,0,8,combined_int16,score_recompute,0.5368484,7353,10,NaN,Step12 quantized score recompute
cp00p00_easy_noncoherent_t0008,8,120,formal_tps30,easy_noncoherent,0,8,combined_int16,ranking_compare,0.2880376,7353,10,NaN,ranking and topK comparison
cp00p00_easy_noncoherent_t0008,8,120,formal_tps30,easy_noncoherent,0,8,combined_int18,score_recompute,0.6262427,7353,10,NaN,Step12 quantized score recompute
cp00p00_easy_noncoherent_t0008,8,120,formal_tps30,easy_noncoherent,0,8,combined_int18,ranking_compare,0.2639343,7353,10,NaN,ranking and topK comparison
cp00p00_easy_noncoherent_t0008,8,120,formal_tps30,easy_noncoherent,0,8,combined_int24,score_recompute,0.5562932,7353,10,NaN,Step12 quantized score recompute
cp00p00_easy_noncoherent_t0008,8,120,formal_tps30,easy_noncoherent,0,8,combined_int24,ranking_compare,0.2809848,7353,10,NaN,ranking and topK comparison
cp00p00_easy_noncoherent_t0008,8,120,formal_tps30,easy_noncoherent,0,8,mixed_Z16_G24_Rz24,score_recompute,0.4954845,7353,10,NaN,Step12 quantized score recompute
cp00p00_easy_noncoherent_t0008,8,120,formal_tps30,easy_noncoherent,0,8,mixed_Z16_G24_Rz24,ranking_compare,0.2632032,7353,10,NaN,ranking and topK comparison
cp00p00_easy_noncoherent_t0008,8,120,formal_tps30,easy_noncoherent,0,8,combined_int14,score_recompute,0.570605,7353,10,NaN,Step12 quantized score recompute
cp00p00_easy_noncoherent_t0008,8,120,formal_tps30,easy_noncoherent,0,8,combined_int14,ranking_compare,0.2469716,7353,10,NaN,ranking and topK comparison
cp00p00_easy_noncoherent_t0008,8,120,formal_tps30,easy_noncoherent,0,8,W_int18_G24_Z16,score_recompute,0.5542814,7353,10,NaN,Step12 quantized score recompute
cp00p00_easy_noncoherent_t0008,8,120,formal_tps30,easy_noncoherent,0,8,W_int18_G24_Z16,ranking_compare,0.248364,7353,10,NaN,ranking and topK comparison
cp00p00_low_snr_hard_t0008,8,120,formal_tps30,low_snr_hard,0,8,double_baseline,score_recompute,0.468794,7353,10,NaN,Step12 quantized score recompute
cp00p00_low_snr_hard_t0008,8,120,formal_tps30,low_snr_hard,0,8,double_baseline,ranking_compare,0.2408158,7353,10,NaN,ranking and topK comparison
cp00p00_low_snr_hard_t0008,8,120,formal_tps30,low_snr_hard,0,8,float32_all,score_recompute,0.4829089,7353,10,NaN,Step12 quantized score recompute
cp00p00_low_snr_hard_t0008,8,120,formal_tps30,low_snr_hard,0,8,float32_all,ranking_compare,0.2311458,7353,10,NaN,ranking and topK comparison
cp00p00_low_snr_hard_t0008,8,120,formal_tps30,low_snr_hard,0,8,combined_int16,score_recompute,0.4861175,7353,10,NaN,Step12 quantized score recompute
cp00p00_low_snr_hard_t0008,8,120,formal_tps30,low_snr_hard,0,8,combined_int16,ranking_compare,0.2537642,7353,10,NaN,ranking and topK comparison
cp00p00_low_snr_hard_t0008,8,120,formal_tps30,low_snr_hard,0,8,combined_int18,score_recompute,0.4575094,7353,10,NaN,Step12 quantized score recompute
cp00p00_low_snr_hard_t0008,8,120,formal_tps30,low_snr_hard,0,8,combined_int18,ranking_compare,0.255682,7353,10,NaN,ranking and topK comparison
cp00p00_low_snr_hard_t0008,8,120,formal_tps30,low_snr_hard,0,8,combined_int24,score_recompute,0.4964769,7353,10,NaN,Step12 quantized score recompute
cp00p00_low_snr_hard_t0008,8,120,formal_tps30,low_snr_hard,0,8,combined_int24,ranking_compare,0.2652799,7353,10,NaN,ranking and topK comparison
cp00p00_low_snr_hard_t0008,8,120,formal_tps30,low_snr_hard,0,8,mixed_Z16_G24_Rz24,score_recompute,0.5064215,7353,10,NaN,Step12 quantized score recompute
cp00p00_low_snr_hard_t0008,8,120,formal_tps30,low_snr_hard,0,8,mixed_Z16_G24_Rz24,ranking_compare,0.2623551,7353,10,NaN,ranking and topK comparison
cp00p00_low_snr_hard_t0008,8,120,formal_tps30,low_snr_hard,0,8,combined_int14,score_recompute,0.5079413,7353,10,NaN,Step12 quantized score recompute
cp00p00_low_snr_hard_t0008,8,120,formal_tps30,low_snr_hard,0,8,combined_int14,ranking_compare,0.2637622,7353,10,NaN,ranking and topK comparison
cp00p00_low_snr_hard_t0008,8,120,formal_tps30,low_snr_hard,0,8,W_int18_G24_Z16,score_recompute,0.487527,7353,10,NaN,Step12 quantized score recompute
cp00p00_low_snr_hard_t0008,8,120,formal_tps30,low_snr_hard,0,8,W_int18_G24_Z16,ranking_compare,0.2525052,7353,10,NaN,ranking and topK comparison
cp00p00_cache_boundary_center_t0008,8,120,formal_tps30,cache_boundary_center,0,8,double_baseline,score_recompute,0.4794388,7353,10,NaN,Step12 quantized score recompute
cp00p00_cache_boundary_center_t0008,8,120,formal_tps30,cache_boundary_center,0,8,double_baseline,ranking_compare,0.2533428,7353,10,NaN,ranking and topK comparison
cp00p00_cache_boundary_center_t0008,8,120,formal_tps30,cache_boundary_center,0,8,float32_all,score_recompute,0.4772456,7353,10,NaN,Step12 quantized score recompute
cp00p00_cache_boundary_center_t0008,8,120,formal_tps30,cache_boundary_center,0,8,float32_all,ranking_compare,0.2367517,7353,10,NaN,ranking and topK comparison
cp00p00_cache_boundary_center_t0008,8,120,formal_tps30,cache_boundary_center,0,8,combined_int16,score_recompute,0.4736756,7353,10,NaN,Step12 quantized score recompute
cp00p00_cache_boundary_center_t0008,8,120,formal_tps30,cache_boundary_center,0,8,combined_int16,ranking_compare,0.2542316,7353,10,NaN,ranking and topK comparison
cp00p00_cache_boundary_center_t0008,8,120,formal_tps30,cache_boundary_center,0,8,combined_int18,score_recompute,0.5048455,7353,10,NaN,Step12 quantized score recompute
cp00p00_cache_boundary_center_t0008,8,120,formal_tps30,cache_boundary_center,0,8,combined_int18,ranking_compare,0.2583711,7353,10,NaN,ranking and topK comparison
cp00p00_cache_boundary_center_t0008,8,120,formal_tps30,cache_boundary_center,0,8,combined_int24,score_recompute,0.5139991,7353,10,NaN,Step12 quantized score recompute
cp00p00_cache_boundary_center_t0008,8,120,formal_tps30,cache_boundary_center,0,8,combined_int24,ranking_compare,0.2626474,7353,10,NaN,ranking and topK comparison
cp00p00_cache_boundary_center_t0008,8,120,formal_tps30,cache_boundary_center,0,8,mixed_Z16_G24_Rz24,score_recompute,0.5345331,7353,10,NaN,Step12 quantized score recompute
cp00p00_cache_boundary_center_t0008,8,120,formal_tps30,cache_boundary_center,0,8,mixed_Z16_G24_Rz24,ranking_compare,0.2628261,7353,10,NaN,ranking and topK comparison
cp00p00_cache_boundary_center_t0008,8,120,formal_tps30,cache_boundary_center,0,8,combined_int14,score_recompute,0.5048365,7353,10,NaN,Step12 quantized score recompute
cp00p00_cache_boundary_center_t0008,8,120,formal_tps30,cache_boundary_center,0,8,combined_int14,ranking_compare,0.2858551,7353,10,NaN,ranking and topK comparison
cp00p00_cache_boundary_center_t0008,8,120,formal_tps30,cache_boundary_center,0,8,W_int18_G24_Z16,score_recompute,0.4940289,7353,10,NaN,Step12 quantized score recompute
cp00p00_cache_boundary_center_t0008,8,120,formal_tps30,cache_boundary_center,0,8,W_int18_G24_Z16,ranking_compare,0.2560223,7353,10,NaN,ranking and topK comparison
cp04p00_hard_phase_t0008,8,120,formal_tps30,hard_phase,3.75,8,double_baseline,score_recompute,0.5053868,7353,10,NaN,Step12 quantized score recompute
cp04p00_hard_phase_t0008,8,120,formal_tps30,hard_phase,3.75,8,double_baseline,ranking_compare,0.2458413,7353,10,NaN,ranking and topK comparison
cp04p00_hard_phase_t0008,8,120,formal_tps30,hard_phase,3.75,8,float32_all,score_recompute,0.5123044,7353,10,NaN,Step12 quantized score recompute
cp04p00_hard_phase_t0008,8,120,formal_tps30,hard_phase,3.75,8,float32_all,ranking_compare,0.2561241,7353,10,NaN,ranking and topK comparison
cp04p00_hard_phase_t0008,8,120,formal_tps30,hard_phase,3.75,8,combined_int16,score_recompute,0.5404708,7353,10,NaN,Step12 quantized score recompute
cp04p00_hard_phase_t0008,8,120,formal_tps30,hard_phase,3.75,8,combined_int16,ranking_compare,0.2613614,7353,10,NaN,ranking and topK comparison
cp04p00_hard_phase_t0008,8,120,formal_tps30,hard_phase,3.75,8,combined_int18,score_recompute,0.5640492,7353,10,NaN,Step12 quantized score recompute
cp04p00_hard_phase_t0008,8,120,formal_tps30,hard_phase,3.75,8,combined_int18,ranking_compare,0.2593337,7353,10,NaN,ranking and topK comparison
cp04p00_hard_phase_t0008,8,120,formal_tps30,hard_phase,3.75,8,combined_int24,score_recompute,0.5492125,7353,10,NaN,Step12 quantized score recompute
cp04p00_hard_phase_t0008,8,120,formal_tps30,hard_phase,3.75,8,combined_int24,ranking_compare,0.27022,7353,10,NaN,ranking and topK comparison
cp04p00_hard_phase_t0008,8,120,formal_tps30,hard_phase,3.75,8,mixed_Z16_G24_Rz24,score_recompute,0.520514,7353,10,NaN,Step12 quantized score recompute
cp04p00_hard_phase_t0008,8,120,formal_tps30,hard_phase,3.75,8,mixed_Z16_G24_Rz24,ranking_compare,0.2528209,7353,10,NaN,ranking and topK comparison
cp04p00_hard_phase_t0008,8,120,formal_tps30,hard_phase,3.75,8,combined_int14,score_recompute,0.5585558,7353,10,NaN,Step12 quantized score recompute
cp04p00_hard_phase_t0008,8,120,formal_tps30,hard_phase,3.75,8,combined_int14,ranking_compare,0.2547561,7353,10,NaN,ranking and topK comparison
cp04p00_hard_phase_t0008,8,120,formal_tps30,hard_phase,3.75,8,W_int18_G24_Z16,score_recompute,0.5502268,7353,10,NaN,Step12 quantized score recompute
cp04p00_hard_phase_t0008,8,120,formal_tps30,hard_phase,3.75,8,W_int18_G24_Z16,ranking_compare,0.2631442,7353,10,NaN,ranking and topK comparison
cp04p00_medium_beta_coherent_t0008,8,120,formal_tps30,medium_beta_coherent,3.75,8,double_baseline,score_recompute,0.5012314,7353,10,NaN,Step12 quantized score recompute
cp04p00_medium_beta_coherent_t0008,8,120,formal_tps30,medium_beta_coherent,3.75,8,double_baseline,ranking_compare,0.2539575,7353,10,NaN,ranking and topK comparison
cp04p00_medium_beta_coherent_t0008,8,120,formal_tps30,medium_beta_coherent,3.75,8,float32_all,score_recompute,0.494385,7353,10,NaN,Step12 quantized score recompute
cp04p00_medium_beta_coherent_t0008,8,120,formal_tps30,medium_beta_coherent,3.75,8,float32_all,ranking_compare,0.2549324,7353,10,NaN,ranking and topK comparison
cp04p00_medium_beta_coherent_t0008,8,120,formal_tps30,medium_beta_coherent,3.75,8,combined_int16,score_recompute,0.4981619,7353,10,NaN,Step12 quantized score recompute
cp04p00_medium_beta_coherent_t0008,8,120,formal_tps30,medium_beta_coherent,3.75,8,combined_int16,ranking_compare,0.2527275,7353,10,NaN,ranking and topK comparison
cp04p00_medium_beta_coherent_t0008,8,120,formal_tps30,medium_beta_coherent,3.75,8,combined_int18,score_recompute,0.5198754,7353,10,NaN,Step12 quantized score recompute
cp04p00_medium_beta_coherent_t0008,8,120,formal_tps30,medium_beta_coherent,3.75,8,combined_int18,ranking_compare,0.2531255,7353,10,NaN,ranking and topK comparison
cp04p00_medium_beta_coherent_t0008,8,120,formal_tps30,medium_beta_coherent,3.75,8,combined_int24,score_recompute,0.4945423,7353,10,NaN,Step12 quantized score recompute
cp04p00_medium_beta_coherent_t0008,8,120,formal_tps30,medium_beta_coherent,3.75,8,combined_int24,ranking_compare,0.2577699,7353,10,NaN,ranking and topK comparison
cp04p00_medium_beta_coherent_t0008,8,120,formal_tps30,medium_beta_coherent,3.75,8,mixed_Z16_G24_Rz24,score_recompute,0.5086496,7353,10,NaN,Step12 quantized score recompute
cp04p00_medium_beta_coherent_t0008,8,120,formal_tps30,medium_beta_coherent,3.75,8,mixed_Z16_G24_Rz24,ranking_compare,0.2503925,7353,10,NaN,ranking and topK comparison
cp04p00_medium_beta_coherent_t0008,8,120,formal_tps30,medium_beta_coherent,3.75,8,combined_int14,score_recompute,0.5739449,7353,10,NaN,Step12 quantized score recompute
cp04p00_medium_beta_coherent_t0008,8,120,formal_tps30,medium_beta_coherent,3.75,8,combined_int14,ranking_compare,0.3048238,7353,10,NaN,ranking and topK comparison
cp04p00_medium_beta_coherent_t0008,8,120,formal_tps30,medium_beta_coherent,3.75,8,W_int18_G24_Z16,score_recompute,0.5710019,7353,10,NaN,Step12 quantized score recompute
cp04p00_medium_beta_coherent_t0008,8,120,formal_tps30,medium_beta_coherent,3.75,8,W_int18_G24_Z16,ranking_compare,0.2822438,7353,10,NaN,ranking and topK comparison
cp08p00_easy_noncoherent_t0008,8,120,formal_tps30,easy_noncoherent,7.5,8,double_baseline,score_recompute,0.5440812,7353,10,NaN,Step12 quantized score recompute
cp08p00_easy_noncoherent_t0008,8,120,formal_tps30,easy_noncoherent,7.5,8,double_baseline,ranking_compare,0.2581806,7353,10,NaN,ranking and topK comparison
cp08p00_easy_noncoherent_t0008,8,120,formal_tps30,easy_noncoherent,7.5,8,float32_all,score_recompute,0.5436341,7353,10,NaN,Step12 quantized score recompute
cp08p00_easy_noncoherent_t0008,8,120,formal_tps30,easy_noncoherent,7.5,8,float32_all,ranking_compare,0.2975153,7353,10,NaN,ranking and topK comparison
cp08p00_easy_noncoherent_t0008,8,120,formal_tps30,easy_noncoherent,7.5,8,combined_int16,score_recompute,0.6049963,7353,10,NaN,Step12 quantized score recompute
cp08p00_easy_noncoherent_t0008,8,120,formal_tps30,easy_noncoherent,7.5,8,combined_int16,ranking_compare,0.261335,7353,10,NaN,ranking and topK comparison
cp08p00_easy_noncoherent_t0008,8,120,formal_tps30,easy_noncoherent,7.5,8,combined_int18,score_recompute,0.5585584,7353,10,NaN,Step12 quantized score recompute
cp08p00_easy_noncoherent_t0008,8,120,formal_tps30,easy_noncoherent,7.5,8,combined_int18,ranking_compare,0.2596977,7353,10,NaN,ranking and topK comparison
cp08p00_easy_noncoherent_t0008,8,120,formal_tps30,easy_noncoherent,7.5,8,combined_int24,score_recompute,0.5752122,7353,10,NaN,Step12 quantized score recompute
cp08p00_easy_noncoherent_t0008,8,120,formal_tps30,easy_noncoherent,7.5,8,combined_int24,ranking_compare,0.2584741,7353,10,NaN,ranking and topK comparison
cp08p00_easy_noncoherent_t0008,8,120,formal_tps30,easy_noncoherent,7.5,8,mixed_Z16_G24_Rz24,score_recompute,0.6478085,7353,10,NaN,Step12 quantized score recompute
cp08p00_easy_noncoherent_t0008,8,120,formal_tps30,easy_noncoherent,7.5,8,mixed_Z16_G24_Rz24,ranking_compare,0.3357316,7353,10,NaN,ranking and topK comparison
cp08p00_easy_noncoherent_t0008,8,120,formal_tps30,easy_noncoherent,7.5,8,combined_int14,score_recompute,0.7034609,7353,10,NaN,Step12 quantized score recompute
cp08p00_easy_noncoherent_t0008,8,120,formal_tps30,easy_noncoherent,7.5,8,combined_int14,ranking_compare,0.3347111,7353,10,NaN,ranking and topK comparison
cp08p00_easy_noncoherent_t0008,8,120,formal_tps30,easy_noncoherent,7.5,8,W_int18_G24_Z16,score_recompute,0.518178,7353,10,NaN,Step12 quantized score recompute
cp08p00_easy_noncoherent_t0008,8,120,formal_tps30,easy_noncoherent,7.5,8,W_int18_G24_Z16,ranking_compare,0.2427853,7353,10,NaN,ranking and topK comparison
cp08p00_low_snr_hard_t0008,8,120,formal_tps30,low_snr_hard,7.5,8,double_baseline,score_recompute,0.5487108,7353,10,NaN,Step12 quantized score recompute
cp08p00_low_snr_hard_t0008,8,120,formal_tps30,low_snr_hard,7.5,8,double_baseline,ranking_compare,0.2615711,7353,10,NaN,ranking and topK comparison
cp08p00_low_snr_hard_t0008,8,120,formal_tps30,low_snr_hard,7.5,8,float32_all,score_recompute,0.5070794,7353,10,NaN,Step12 quantized score recompute
cp08p00_low_snr_hard_t0008,8,120,formal_tps30,low_snr_hard,7.5,8,float32_all,ranking_compare,0.2536895,7353,10,NaN,ranking and topK comparison
cp08p00_low_snr_hard_t0008,8,120,formal_tps30,low_snr_hard,7.5,8,combined_int16,score_recompute,0.460894,7353,10,NaN,Step12 quantized score recompute
cp08p00_low_snr_hard_t0008,8,120,formal_tps30,low_snr_hard,7.5,8,combined_int16,ranking_compare,0.2682854,7353,10,NaN,ranking and topK comparison
cp08p00_low_snr_hard_t0008,8,120,formal_tps30,low_snr_hard,7.5,8,combined_int18,score_recompute,0.3907271,7353,10,NaN,Step12 quantized score recompute
cp08p00_low_snr_hard_t0008,8,120,formal_tps30,low_snr_hard,7.5,8,combined_int18,ranking_compare,0.1573362,7353,10,NaN,ranking and topK comparison
cp08p00_low_snr_hard_t0008,8,120,formal_tps30,low_snr_hard,7.5,8,combined_int24,score_recompute,0.3074359,7353,10,NaN,Step12 quantized score recompute
cp08p00_low_snr_hard_t0008,8,120,formal_tps30,low_snr_hard,7.5,8,combined_int24,ranking_compare,0.1508351,7353,10,NaN,ranking and topK comparison
cp08p00_low_snr_hard_t0008,8,120,formal_tps30,low_snr_hard,7.5,8,mixed_Z16_G24_Rz24,score_recompute,0.3017892,7353,10,NaN,Step12 quantized score recompute
cp08p00_low_snr_hard_t0008,8,120,formal_tps30,low_snr_hard,7.5,8,mixed_Z16_G24_Rz24,ranking_compare,0.1518919,7353,10,NaN,ranking and topK comparison
cp08p00_low_snr_hard_t0008,8,120,formal_tps30,low_snr_hard,7.5,8,combined_int14,score_recompute,0.2997987,7353,10,NaN,Step12 quantized score recompute
cp08p00_low_snr_hard_t0008,8,120,formal_tps30,low_snr_hard,7.5,8,combined_int14,ranking_compare,0.1536312,7353,10,NaN,ranking and topK comparison
cp08p00_low_snr_hard_t0008,8,120,formal_tps30,low_snr_hard,7.5,8,W_int18_G24_Z16,score_recompute,0.2996283,7353,10,NaN,Step12 quantized score recompute
cp08p00_low_snr_hard_t0008,8,120,formal_tps30,low_snr_hard,7.5,8,W_int18_G24_Z16,ranking_compare,0.1553344,7353,10,NaN,ranking and topK comparison
cp08p00_cache_boundary_center_t0008,8,120,formal_tps30,cache_boundary_center,7.5,8,double_baseline,score_recompute,0.2996417,7353,10,NaN,Step12 quantized score recompute
cp08p00_cache_boundary_center_t0008,8,120,formal_tps30,cache_boundary_center,7.5,8,double_baseline,ranking_compare,0.150643,7353,10,NaN,ranking and topK comparison
cp08p00_cache_boundary_center_t0008,8,120,formal_tps30,cache_boundary_center,7.5,8,float32_all,score_recompute,0.2989328,7353,10,NaN,Step12 quantized score recompute
cp08p00_cache_boundary_center_t0008,8,120,formal_tps30,cache_boundary_center,7.5,8,float32_all,ranking_compare,0.1530383,7353,10,NaN,ranking and topK comparison
cp08p00_cache_boundary_center_t0008,8,120,formal_tps30,cache_boundary_center,7.5,8,combined_int16,score_recompute,0.3003123,7353,10,NaN,Step12 quantized score recompute
cp08p00_cache_boundary_center_t0008,8,120,formal_tps30,cache_boundary_center,7.5,8,combined_int16,ranking_compare,0.1545233,7353,10,NaN,ranking and topK comparison
cp08p00_cache_boundary_center_t0008,8,120,formal_tps30,cache_boundary_center,7.5,8,combined_int18,score_recompute,0.3044483,7353,10,NaN,Step12 quantized score recompute
cp08p00_cache_boundary_center_t0008,8,120,formal_tps30,cache_boundary_center,7.5,8,combined_int18,ranking_compare,0.1571206,7353,10,NaN,ranking and topK comparison
cp08p00_cache_boundary_center_t0008,8,120,formal_tps30,cache_boundary_center,7.5,8,combined_int24,score_recompute,0.2996522,7353,10,NaN,Step12 quantized score recompute
cp08p00_cache_boundary_center_t0008,8,120,formal_tps30,cache_boundary_center,7.5,8,combined_int24,ranking_compare,0.152551,7353,10,NaN,ranking and topK comparison
cp08p00_cache_boundary_center_t0008,8,120,formal_tps30,cache_boundary_center,7.5,8,mixed_Z16_G24_Rz24,score_recompute,0.3028973,7353,10,NaN,Step12 quantized score recompute
cp08p00_cache_boundary_center_t0008,8,120,formal_tps30,cache_boundary_center,7.5,8,mixed_Z16_G24_Rz24,ranking_compare,0.1538984,7353,10,NaN,ranking and topK comparison
cp08p00_cache_boundary_center_t0008,8,120,formal_tps30,cache_boundary_center,7.5,8,combined_int14,score_recompute,0.3070784,7353,10,NaN,Step12 quantized score recompute
cp08p00_cache_boundary_center_t0008,8,120,formal_tps30,cache_boundary_center,7.5,8,combined_int14,ranking_compare,0.1520226,7353,10,NaN,ranking and topK comparison
cp08p00_cache_boundary_center_t0008,8,120,formal_tps30,cache_boundary_center,7.5,8,W_int18_G24_Z16,score_recompute,0.3018916,7353,10,NaN,Step12 quantized score recompute
cp08p00_cache_boundary_center_t0008,8,120,formal_tps30,cache_boundary_center,7.5,8,W_int18_G24_Z16,ranking_compare,0.1593883,7353,10,NaN,ranking and topK comparison
cp15p00_hard_phase_t0008,8,120,formal_tps30,hard_phase,15,8,double_baseline,score_recompute,0.2970341,7353,10,NaN,Step12 quantized score recompute
cp15p00_hard_phase_t0008,8,120,formal_tps30,hard_phase,15,8,double_baseline,ranking_compare,0.1495908,7353,10,NaN,ranking and topK comparison
cp15p00_hard_phase_t0008,8,120,formal_tps30,hard_phase,15,8,float32_all,score_recompute,0.2969078,7353,10,NaN,Step12 quantized score recompute
cp15p00_hard_phase_t0008,8,120,formal_tps30,hard_phase,15,8,float32_all,ranking_compare,0.1518407,7353,10,NaN,ranking and topK comparison
cp15p00_hard_phase_t0008,8,120,formal_tps30,hard_phase,15,8,combined_int16,score_recompute,0.3365094,7353,10,NaN,Step12 quantized score recompute
cp15p00_hard_phase_t0008,8,120,formal_tps30,hard_phase,15,8,combined_int16,ranking_compare,0.1640019,7353,10,NaN,ranking and topK comparison
cp15p00_hard_phase_t0008,8,120,formal_tps30,hard_phase,15,8,combined_int18,score_recompute,0.3346219,7353,10,NaN,Step12 quantized score recompute
cp15p00_hard_phase_t0008,8,120,formal_tps30,hard_phase,15,8,combined_int18,ranking_compare,0.155191,7353,10,NaN,ranking and topK comparison
cp15p00_hard_phase_t0008,8,120,formal_tps30,hard_phase,15,8,combined_int24,score_recompute,0.3266107,7353,10,NaN,Step12 quantized score recompute
cp15p00_hard_phase_t0008,8,120,formal_tps30,hard_phase,15,8,combined_int24,ranking_compare,0.1531086,7353,10,NaN,ranking and topK comparison
cp15p00_hard_phase_t0008,8,120,formal_tps30,hard_phase,15,8,mixed_Z16_G24_Rz24,score_recompute,0.2984295,7353,10,NaN,Step12 quantized score recompute
cp15p00_hard_phase_t0008,8,120,formal_tps30,hard_phase,15,8,mixed_Z16_G24_Rz24,ranking_compare,0.1509712,7353,10,NaN,ranking and topK comparison
cp15p00_hard_phase_t0008,8,120,formal_tps30,hard_phase,15,8,combined_int14,score_recompute,0.3507058,7353,10,NaN,Step12 quantized score recompute
cp15p00_hard_phase_t0008,8,120,formal_tps30,hard_phase,15,8,combined_int14,ranking_compare,0.1728901,7353,10,NaN,ranking and topK comparison
cp15p00_hard_phase_t0008,8,120,formal_tps30,hard_phase,15,8,W_int18_G24_Z16,score_recompute,0.3576866,7353,10,NaN,Step12 quantized score recompute
cp15p00_hard_phase_t0008,8,120,formal_tps30,hard_phase,15,8,W_int18_G24_Z16,ranking_compare,0.1577243,7353,10,NaN,ranking and topK comparison
cp15p00_medium_beta_coherent_t0008,8,120,formal_tps30,medium_beta_coherent,15,8,double_baseline,score_recompute,0.3092972,7353,10,NaN,Step12 quantized score recompute
cp15p00_medium_beta_coherent_t0008,8,120,formal_tps30,medium_beta_coherent,15,8,double_baseline,ranking_compare,0.162816,7353,10,NaN,ranking and topK comparison
cp15p00_medium_beta_coherent_t0008,8,120,formal_tps30,medium_beta_coherent,15,8,float32_all,score_recompute,0.3031254,7353,10,NaN,Step12 quantized score recompute
cp15p00_medium_beta_coherent_t0008,8,120,formal_tps30,medium_beta_coherent,15,8,float32_all,ranking_compare,0.1544949,7353,10,NaN,ranking and topK comparison
cp15p00_medium_beta_coherent_t0008,8,120,formal_tps30,medium_beta_coherent,15,8,combined_int16,score_recompute,0.2971908,7353,10,NaN,Step12 quantized score recompute
cp15p00_medium_beta_coherent_t0008,8,120,formal_tps30,medium_beta_coherent,15,8,combined_int16,ranking_compare,0.176311,7353,10,NaN,ranking and topK comparison
cp15p00_medium_beta_coherent_t0008,8,120,formal_tps30,medium_beta_coherent,15,8,combined_int18,score_recompute,0.296913,7353,10,NaN,Step12 quantized score recompute
cp15p00_medium_beta_coherent_t0008,8,120,formal_tps30,medium_beta_coherent,15,8,combined_int18,ranking_compare,0.1510753,7353,10,NaN,ranking and topK comparison
cp15p00_medium_beta_coherent_t0008,8,120,formal_tps30,medium_beta_coherent,15,8,combined_int24,score_recompute,0.2997622,7353,10,NaN,Step12 quantized score recompute
cp15p00_medium_beta_coherent_t0008,8,120,formal_tps30,medium_beta_coherent,15,8,combined_int24,ranking_compare,0.1675109,7353,10,NaN,ranking and topK comparison
cp15p00_medium_beta_coherent_t0008,8,120,formal_tps30,medium_beta_coherent,15,8,mixed_Z16_G24_Rz24,score_recompute,0.3000413,7353,10,NaN,Step12 quantized score recompute
cp15p00_medium_beta_coherent_t0008,8,120,formal_tps30,medium_beta_coherent,15,8,mixed_Z16_G24_Rz24,ranking_compare,0.1553692,7353,10,NaN,ranking and topK comparison
cp15p00_medium_beta_coherent_t0008,8,120,formal_tps30,medium_beta_coherent,15,8,combined_int14,score_recompute,0.3025529,7353,10,NaN,Step12 quantized score recompute
cp15p00_medium_beta_coherent_t0008,8,120,formal_tps30,medium_beta_coherent,15,8,combined_int14,ranking_compare,0.1518914,7353,10,NaN,ranking and topK comparison
cp15p00_medium_beta_coherent_t0008,8,120,formal_tps30,medium_beta_coherent,15,8,W_int18_G24_Z16,score_recompute,0.3088494,7353,10,NaN,Step12 quantized score recompute
cp15p00_medium_beta_coherent_t0008,8,120,formal_tps30,medium_beta_coherent,15,8,W_int18_G24_Z16,ranking_compare,0.15343,7353,10,NaN,ranking and topK comparison
cp00p00_easy_noncoherent_t0009,9,120,formal_tps30,easy_noncoherent,0,9,,build_step11_input,0.0399504,NaN,10,NaN,Step11.7 frontend-like input builder
cp00p00_easy_noncoherent_t0009,9,120,formal_tps30,easy_noncoherent,0,9,,run_step11_backend,0,NaN,10,NaN,Skipped full Step11.7 backend; using Step12 score-core adapter
cp00p00_easy_noncoherent_t0009,9,120,formal_tps30,easy_noncoherent,0,9,,build_candidate_score_pack,0.9856916,7353,10,NaN,Build W/Y/Z/Rz/G_cache candidate score pack
cp00p00_low_snr_hard_t0009,9,120,formal_tps30,low_snr_hard,0,9,,build_step11_input,0.0166345,NaN,10,NaN,Step11.7 frontend-like input builder
cp00p00_low_snr_hard_t0009,9,120,formal_tps30,low_snr_hard,0,9,,run_step11_backend,0,NaN,10,NaN,Skipped full Step11.7 backend; using Step12 score-core adapter
cp00p00_low_snr_hard_t0009,9,120,formal_tps30,low_snr_hard,0,9,,build_candidate_score_pack,0.8302594,7353,10,NaN,Build W/Y/Z/Rz/G_cache candidate score pack
cp00p00_cache_boundary_center_t0009,9,120,formal_tps30,cache_boundary_center,0,9,,build_step11_input,0.0112845,NaN,10,NaN,Step11.7 frontend-like input builder
cp00p00_cache_boundary_center_t0009,9,120,formal_tps30,cache_boundary_center,0,9,,run_step11_backend,0,NaN,10,NaN,Skipped full Step11.7 backend; using Step12 score-core adapter
cp00p00_cache_boundary_center_t0009,9,120,formal_tps30,cache_boundary_center,0,9,,build_candidate_score_pack,0.823959,7353,10,NaN,Build W/Y/Z/Rz/G_cache candidate score pack
cp04p00_hard_phase_t0009,9,120,formal_tps30,hard_phase,4,9,,build_step11_input,0.0157519,NaN,10,NaN,Step11.7 frontend-like input builder
cp04p00_hard_phase_t0009,9,120,formal_tps30,hard_phase,4,9,,run_step11_backend,0,NaN,10,NaN,Skipped full Step11.7 backend; using Step12 score-core adapter
cp04p00_hard_phase_t0009,9,120,formal_tps30,hard_phase,4,9,,build_candidate_score_pack,0.7891844,7353,10,NaN,Build W/Y/Z/Rz/G_cache candidate score pack
cp04p00_medium_beta_coherent_t0009,9,120,formal_tps30,medium_beta_coherent,4,9,,build_step11_input,0.0223924,NaN,10,NaN,Step11.7 frontend-like input builder
cp04p00_medium_beta_coherent_t0009,9,120,formal_tps30,medium_beta_coherent,4,9,,run_step11_backend,0,NaN,10,NaN,Skipped full Step11.7 backend; using Step12 score-core adapter
cp04p00_medium_beta_coherent_t0009,9,120,formal_tps30,medium_beta_coherent,4,9,,build_candidate_score_pack,0.8175525,7353,10,NaN,Build W/Y/Z/Rz/G_cache candidate score pack
cp08p00_easy_noncoherent_t0009,9,120,formal_tps30,easy_noncoherent,8,9,,build_step11_input,0.0070567,NaN,10,NaN,Step11.7 frontend-like input builder
cp08p00_easy_noncoherent_t0009,9,120,formal_tps30,easy_noncoherent,8,9,,run_step11_backend,0,NaN,10,NaN,Skipped full Step11.7 backend; using Step12 score-core adapter
cp08p00_easy_noncoherent_t0009,9,120,formal_tps30,easy_noncoherent,8,9,,build_candidate_score_pack,0.7862797,7353,10,NaN,Build W/Y/Z/Rz/G_cache candidate score pack
cp08p00_low_snr_hard_t0009,9,120,formal_tps30,low_snr_hard,8,9,,build_step11_input,0.0062253,NaN,10,NaN,Step11.7 frontend-like input builder
cp08p00_low_snr_hard_t0009,9,120,formal_tps30,low_snr_hard,8,9,,run_step11_backend,0,NaN,10,NaN,Skipped full Step11.7 backend; using Step12 score-core adapter
cp08p00_low_snr_hard_t0009,9,120,formal_tps30,low_snr_hard,8,9,,build_candidate_score_pack,0.7954406,7353,10,NaN,Build W/Y/Z/Rz/G_cache candidate score pack
cp08p00_cache_boundary_center_t0009,9,120,formal_tps30,cache_boundary_center,8,9,,build_step11_input,0.0062566,NaN,10,NaN,Step11.7 frontend-like input builder
cp08p00_cache_boundary_center_t0009,9,120,formal_tps30,cache_boundary_center,8,9,,run_step11_backend,0,NaN,10,NaN,Skipped full Step11.7 backend; using Step12 score-core adapter
cp08p00_cache_boundary_center_t0009,9,120,formal_tps30,cache_boundary_center,8,9,,build_candidate_score_pack,0.790395,7353,10,NaN,Build W/Y/Z/Rz/G_cache candidate score pack
cp15p00_hard_phase_t0009,9,120,formal_tps30,hard_phase,15,9,,build_step11_input,0.0064219,NaN,10,NaN,Step11.7 frontend-like input builder
cp15p00_hard_phase_t0009,9,120,formal_tps30,hard_phase,15,9,,run_step11_backend,0,NaN,10,NaN,Skipped full Step11.7 backend; using Step12 score-core adapter
cp15p00_hard_phase_t0009,9,120,formal_tps30,hard_phase,15,9,,build_candidate_score_pack,0.7953463,7353,10,NaN,Build W/Y/Z/Rz/G_cache candidate score pack
cp15p00_medium_beta_coherent_t0009,9,120,formal_tps30,medium_beta_coherent,15,9,,build_step11_input,0.006389,NaN,10,NaN,Step11.7 frontend-like input builder
cp15p00_medium_beta_coherent_t0009,9,120,formal_tps30,medium_beta_coherent,15,9,,run_step11_backend,0,NaN,10,NaN,Skipped full Step11.7 backend; using Step12 score-core adapter
cp15p00_medium_beta_coherent_t0009,9,120,formal_tps30,medium_beta_coherent,15,9,,build_candidate_score_pack,0.7800704,7353,10,NaN,Build W/Y/Z/Rz/G_cache candidate score pack
cp00p00_easy_noncoherent_t0009,9,120,formal_tps30,easy_noncoherent,0,9,double_baseline,score_recompute,0.3254882,7353,10,NaN,Step12 quantized score recompute
cp00p00_easy_noncoherent_t0009,9,120,formal_tps30,easy_noncoherent,0,9,double_baseline,ranking_compare,0.2185587,7353,10,NaN,ranking and topK comparison
cp00p00_easy_noncoherent_t0009,9,120,formal_tps30,easy_noncoherent,0,9,float32_all,score_recompute,0.3662918,7353,10,NaN,Step12 quantized score recompute
cp00p00_easy_noncoherent_t0009,9,120,formal_tps30,easy_noncoherent,0,9,float32_all,ranking_compare,0.1746793,7353,10,NaN,ranking and topK comparison
cp00p00_easy_noncoherent_t0009,9,120,formal_tps30,easy_noncoherent,0,9,combined_int16,score_recompute,0.366861,7353,10,NaN,Step12 quantized score recompute
cp00p00_easy_noncoherent_t0009,9,120,formal_tps30,easy_noncoherent,0,9,combined_int16,ranking_compare,0.1608575,7353,10,NaN,ranking and topK comparison
cp00p00_easy_noncoherent_t0009,9,120,formal_tps30,easy_noncoherent,0,9,combined_int18,score_recompute,0.3715128,7353,10,NaN,Step12 quantized score recompute
cp00p00_easy_noncoherent_t0009,9,120,formal_tps30,easy_noncoherent,0,9,combined_int18,ranking_compare,0.1711188,7353,10,NaN,ranking and topK comparison
cp00p00_easy_noncoherent_t0009,9,120,formal_tps30,easy_noncoherent,0,9,combined_int24,score_recompute,0.3506277,7353,10,NaN,Step12 quantized score recompute
cp00p00_easy_noncoherent_t0009,9,120,formal_tps30,easy_noncoherent,0,9,combined_int24,ranking_compare,0.1793461,7353,10,NaN,ranking and topK comparison
cp00p00_easy_noncoherent_t0009,9,120,formal_tps30,easy_noncoherent,0,9,mixed_Z16_G24_Rz24,score_recompute,0.3055545,7353,10,NaN,Step12 quantized score recompute
cp00p00_easy_noncoherent_t0009,9,120,formal_tps30,easy_noncoherent,0,9,mixed_Z16_G24_Rz24,ranking_compare,0.1653768,7353,10,NaN,ranking and topK comparison
cp00p00_easy_noncoherent_t0009,9,120,formal_tps30,easy_noncoherent,0,9,combined_int14,score_recompute,0.346,7353,10,NaN,Step12 quantized score recompute
cp00p00_easy_noncoherent_t0009,9,120,formal_tps30,easy_noncoherent,0,9,combined_int14,ranking_compare,0.1616752,7353,10,NaN,ranking and topK comparison
cp00p00_easy_noncoherent_t0009,9,120,formal_tps30,easy_noncoherent,0,9,W_int18_G24_Z16,score_recompute,0.3432164,7353,10,NaN,Step12 quantized score recompute
cp00p00_easy_noncoherent_t0009,9,120,formal_tps30,easy_noncoherent,0,9,W_int18_G24_Z16,ranking_compare,0.1564358,7353,10,NaN,ranking and topK comparison
cp00p00_low_snr_hard_t0009,9,120,formal_tps30,low_snr_hard,0,9,double_baseline,score_recompute,0.3031061,7353,10,NaN,Step12 quantized score recompute
cp00p00_low_snr_hard_t0009,9,120,formal_tps30,low_snr_hard,0,9,double_baseline,ranking_compare,0.1571698,7353,10,NaN,ranking and topK comparison
cp00p00_low_snr_hard_t0009,9,120,formal_tps30,low_snr_hard,0,9,float32_all,score_recompute,0.3058289,7353,10,NaN,Step12 quantized score recompute
cp00p00_low_snr_hard_t0009,9,120,formal_tps30,low_snr_hard,0,9,float32_all,ranking_compare,0.1576183,7353,10,NaN,ranking and topK comparison
cp00p00_low_snr_hard_t0009,9,120,formal_tps30,low_snr_hard,0,9,combined_int16,score_recompute,0.3198091,7353,10,NaN,Step12 quantized score recompute
cp00p00_low_snr_hard_t0009,9,120,formal_tps30,low_snr_hard,0,9,combined_int16,ranking_compare,0.1561137,7353,10,NaN,ranking and topK comparison
cp00p00_low_snr_hard_t0009,9,120,formal_tps30,low_snr_hard,0,9,combined_int18,score_recompute,0.313777,7353,10,NaN,Step12 quantized score recompute
cp00p00_low_snr_hard_t0009,9,120,formal_tps30,low_snr_hard,0,9,combined_int18,ranking_compare,0.1652987,7353,10,NaN,ranking and topK comparison
cp00p00_low_snr_hard_t0009,9,120,formal_tps30,low_snr_hard,0,9,combined_int24,score_recompute,0.3180166,7353,10,NaN,Step12 quantized score recompute
cp00p00_low_snr_hard_t0009,9,120,formal_tps30,low_snr_hard,0,9,combined_int24,ranking_compare,0.1605173,7353,10,NaN,ranking and topK comparison
cp00p00_low_snr_hard_t0009,9,120,formal_tps30,low_snr_hard,0,9,mixed_Z16_G24_Rz24,score_recompute,0.323071,7353,10,NaN,Step12 quantized score recompute
cp00p00_low_snr_hard_t0009,9,120,formal_tps30,low_snr_hard,0,9,mixed_Z16_G24_Rz24,ranking_compare,0.1569611,7353,10,NaN,ranking and topK comparison
cp00p00_low_snr_hard_t0009,9,120,formal_tps30,low_snr_hard,0,9,combined_int14,score_recompute,0.3293965,7353,10,NaN,Step12 quantized score recompute
cp00p00_low_snr_hard_t0009,9,120,formal_tps30,low_snr_hard,0,9,combined_int14,ranking_compare,0.1601516,7353,10,NaN,ranking and topK comparison
cp00p00_low_snr_hard_t0009,9,120,formal_tps30,low_snr_hard,0,9,W_int18_G24_Z16,score_recompute,0.3106429,7353,10,NaN,Step12 quantized score recompute
cp00p00_low_snr_hard_t0009,9,120,formal_tps30,low_snr_hard,0,9,W_int18_G24_Z16,ranking_compare,0.1589931,7353,10,NaN,ranking and topK comparison
cp00p00_cache_boundary_center_t0009,9,120,formal_tps30,cache_boundary_center,0,9,double_baseline,score_recompute,0.3009478,7353,10,NaN,Step12 quantized score recompute
cp00p00_cache_boundary_center_t0009,9,120,formal_tps30,cache_boundary_center,0,9,double_baseline,ranking_compare,0.1608626,7353,10,NaN,ranking and topK comparison
cp00p00_cache_boundary_center_t0009,9,120,formal_tps30,cache_boundary_center,0,9,float32_all,score_recompute,0.3200554,7353,10,NaN,Step12 quantized score recompute
cp00p00_cache_boundary_center_t0009,9,120,formal_tps30,cache_boundary_center,0,9,float32_all,ranking_compare,0.159154,7353,10,NaN,ranking and topK comparison
cp00p00_cache_boundary_center_t0009,9,120,formal_tps30,cache_boundary_center,0,9,combined_int16,score_recompute,0.3241127,7353,10,NaN,Step12 quantized score recompute
cp00p00_cache_boundary_center_t0009,9,120,formal_tps30,cache_boundary_center,0,9,combined_int16,ranking_compare,0.1603398,7353,10,NaN,ranking and topK comparison
cp00p00_cache_boundary_center_t0009,9,120,formal_tps30,cache_boundary_center,0,9,combined_int18,score_recompute,0.3173269,7353,10,NaN,Step12 quantized score recompute
cp00p00_cache_boundary_center_t0009,9,120,formal_tps30,cache_boundary_center,0,9,combined_int18,ranking_compare,0.1644948,7353,10,NaN,ranking and topK comparison
cp00p00_cache_boundary_center_t0009,9,120,formal_tps30,cache_boundary_center,0,9,combined_int24,score_recompute,0.3188362,7353,10,NaN,Step12 quantized score recompute
cp00p00_cache_boundary_center_t0009,9,120,formal_tps30,cache_boundary_center,0,9,combined_int24,ranking_compare,0.1601582,7353,10,NaN,ranking and topK comparison
cp00p00_cache_boundary_center_t0009,9,120,formal_tps30,cache_boundary_center,0,9,mixed_Z16_G24_Rz24,score_recompute,0.3054683,7353,10,NaN,Step12 quantized score recompute
cp00p00_cache_boundary_center_t0009,9,120,formal_tps30,cache_boundary_center,0,9,mixed_Z16_G24_Rz24,ranking_compare,0.1601387,7353,10,NaN,ranking and topK comparison
cp00p00_cache_boundary_center_t0009,9,120,formal_tps30,cache_boundary_center,0,9,combined_int14,score_recompute,0.3082586,7353,10,NaN,Step12 quantized score recompute
cp00p00_cache_boundary_center_t0009,9,120,formal_tps30,cache_boundary_center,0,9,combined_int14,ranking_compare,0.1563297,7353,10,NaN,ranking and topK comparison
cp00p00_cache_boundary_center_t0009,9,120,formal_tps30,cache_boundary_center,0,9,W_int18_G24_Z16,score_recompute,0.3050042,7353,10,NaN,Step12 quantized score recompute
cp00p00_cache_boundary_center_t0009,9,120,formal_tps30,cache_boundary_center,0,9,W_int18_G24_Z16,ranking_compare,0.15842,7353,10,NaN,ranking and topK comparison
cp04p00_hard_phase_t0009,9,120,formal_tps30,hard_phase,3.75,9,double_baseline,score_recompute,0.3145681,7353,10,NaN,Step12 quantized score recompute
cp04p00_hard_phase_t0009,9,120,formal_tps30,hard_phase,3.75,9,double_baseline,ranking_compare,0.1617458,7353,10,NaN,ranking and topK comparison
cp04p00_hard_phase_t0009,9,120,formal_tps30,hard_phase,3.75,9,float32_all,score_recompute,0.3135197,7353,10,NaN,Step12 quantized score recompute
cp04p00_hard_phase_t0009,9,120,formal_tps30,hard_phase,3.75,9,float32_all,ranking_compare,0.1605182,7353,10,NaN,ranking and topK comparison
cp04p00_hard_phase_t0009,9,120,formal_tps30,hard_phase,3.75,9,combined_int16,score_recompute,0.3454217,7353,10,NaN,Step12 quantized score recompute
cp04p00_hard_phase_t0009,9,120,formal_tps30,hard_phase,3.75,9,combined_int16,ranking_compare,0.1604484,7353,10,NaN,ranking and topK comparison
cp04p00_hard_phase_t0009,9,120,formal_tps30,hard_phase,3.75,9,combined_int18,score_recompute,0.3359211,7353,10,NaN,Step12 quantized score recompute
cp04p00_hard_phase_t0009,9,120,formal_tps30,hard_phase,3.75,9,combined_int18,ranking_compare,0.1590757,7353,10,NaN,ranking and topK comparison
cp04p00_hard_phase_t0009,9,120,formal_tps30,hard_phase,3.75,9,combined_int24,score_recompute,0.3407895,7353,10,NaN,Step12 quantized score recompute
cp04p00_hard_phase_t0009,9,120,formal_tps30,hard_phase,3.75,9,combined_int24,ranking_compare,0.1673781,7353,10,NaN,ranking and topK comparison
cp04p00_hard_phase_t0009,9,120,formal_tps30,hard_phase,3.75,9,mixed_Z16_G24_Rz24,score_recompute,0.3096998,7353,10,NaN,Step12 quantized score recompute
cp04p00_hard_phase_t0009,9,120,formal_tps30,hard_phase,3.75,9,mixed_Z16_G24_Rz24,ranking_compare,0.1537182,7353,10,NaN,ranking and topK comparison
cp04p00_hard_phase_t0009,9,120,formal_tps30,hard_phase,3.75,9,combined_int14,score_recompute,0.33755,7353,10,NaN,Step12 quantized score recompute
cp04p00_hard_phase_t0009,9,120,formal_tps30,hard_phase,3.75,9,combined_int14,ranking_compare,0.1589204,7353,10,NaN,ranking and topK comparison
cp04p00_hard_phase_t0009,9,120,formal_tps30,hard_phase,3.75,9,W_int18_G24_Z16,score_recompute,0.3413828,7353,10,NaN,Step12 quantized score recompute
cp04p00_hard_phase_t0009,9,120,formal_tps30,hard_phase,3.75,9,W_int18_G24_Z16,ranking_compare,0.1592672,7353,10,NaN,ranking and topK comparison
cp04p00_medium_beta_coherent_t0009,9,120,formal_tps30,medium_beta_coherent,3.75,9,double_baseline,score_recompute,0.3047651,7353,10,NaN,Step12 quantized score recompute
cp04p00_medium_beta_coherent_t0009,9,120,formal_tps30,medium_beta_coherent,3.75,9,double_baseline,ranking_compare,0.1740562,7353,10,NaN,ranking and topK comparison
cp04p00_medium_beta_coherent_t0009,9,120,formal_tps30,medium_beta_coherent,3.75,9,float32_all,score_recompute,0.3130261,7353,10,NaN,Step12 quantized score recompute
cp04p00_medium_beta_coherent_t0009,9,120,formal_tps30,medium_beta_coherent,3.75,9,float32_all,ranking_compare,0.1567892,7353,10,NaN,ranking and topK comparison
cp04p00_medium_beta_coherent_t0009,9,120,formal_tps30,medium_beta_coherent,3.75,9,combined_int16,score_recompute,0.3316192,7353,10,NaN,Step12 quantized score recompute
cp04p00_medium_beta_coherent_t0009,9,120,formal_tps30,medium_beta_coherent,3.75,9,combined_int16,ranking_compare,0.2001673,7353,10,NaN,ranking and topK comparison
cp04p00_medium_beta_coherent_t0009,9,120,formal_tps30,medium_beta_coherent,3.75,9,combined_int18,score_recompute,0.3466424,7353,10,NaN,Step12 quantized score recompute
cp04p00_medium_beta_coherent_t0009,9,120,formal_tps30,medium_beta_coherent,3.75,9,combined_int18,ranking_compare,0.1698713,7353,10,NaN,ranking and topK comparison
cp04p00_medium_beta_coherent_t0009,9,120,formal_tps30,medium_beta_coherent,3.75,9,combined_int24,score_recompute,0.3074973,7353,10,NaN,Step12 quantized score recompute
cp04p00_medium_beta_coherent_t0009,9,120,formal_tps30,medium_beta_coherent,3.75,9,combined_int24,ranking_compare,0.1611922,7353,10,NaN,ranking and topK comparison
cp04p00_medium_beta_coherent_t0009,9,120,formal_tps30,medium_beta_coherent,3.75,9,mixed_Z16_G24_Rz24,score_recompute,0.320009,7353,10,NaN,Step12 quantized score recompute
cp04p00_medium_beta_coherent_t0009,9,120,formal_tps30,medium_beta_coherent,3.75,9,mixed_Z16_G24_Rz24,ranking_compare,0.1639932,7353,10,NaN,ranking and topK comparison
cp04p00_medium_beta_coherent_t0009,9,120,formal_tps30,medium_beta_coherent,3.75,9,combined_int14,score_recompute,0.3090031,7353,10,NaN,Step12 quantized score recompute
cp04p00_medium_beta_coherent_t0009,9,120,formal_tps30,medium_beta_coherent,3.75,9,combined_int14,ranking_compare,0.1572913,7353,10,NaN,ranking and topK comparison
cp04p00_medium_beta_coherent_t0009,9,120,formal_tps30,medium_beta_coherent,3.75,9,W_int18_G24_Z16,score_recompute,0.3082294,7353,10,NaN,Step12 quantized score recompute
cp04p00_medium_beta_coherent_t0009,9,120,formal_tps30,medium_beta_coherent,3.75,9,W_int18_G24_Z16,ranking_compare,0.154465,7353,10,NaN,ranking and topK comparison
cp08p00_easy_noncoherent_t0009,9,120,formal_tps30,easy_noncoherent,7.5,9,double_baseline,score_recompute,0.308955,7353,10,NaN,Step12 quantized score recompute
cp08p00_easy_noncoherent_t0009,9,120,formal_tps30,easy_noncoherent,7.5,9,double_baseline,ranking_compare,0.1546886,7353,10,NaN,ranking and topK comparison
cp08p00_easy_noncoherent_t0009,9,120,formal_tps30,easy_noncoherent,7.5,9,float32_all,score_recompute,0.3255575,7353,10,NaN,Step12 quantized score recompute
cp08p00_easy_noncoherent_t0009,9,120,formal_tps30,easy_noncoherent,7.5,9,float32_all,ranking_compare,0.1555636,7353,10,NaN,ranking and topK comparison
cp08p00_easy_noncoherent_t0009,9,120,formal_tps30,easy_noncoherent,7.5,9,combined_int16,score_recompute,0.3359672,7353,10,NaN,Step12 quantized score recompute
cp08p00_easy_noncoherent_t0009,9,120,formal_tps30,easy_noncoherent,7.5,9,combined_int16,ranking_compare,0.171856,7353,10,NaN,ranking and topK comparison
cp08p00_easy_noncoherent_t0009,9,120,formal_tps30,easy_noncoherent,7.5,9,combined_int18,score_recompute,0.3515595,7353,10,NaN,Step12 quantized score recompute
cp08p00_easy_noncoherent_t0009,9,120,formal_tps30,easy_noncoherent,7.5,9,combined_int18,ranking_compare,0.1565059,7353,10,NaN,ranking and topK comparison
cp08p00_easy_noncoherent_t0009,9,120,formal_tps30,easy_noncoherent,7.5,9,combined_int24,score_recompute,0.3372353,7353,10,NaN,Step12 quantized score recompute
cp08p00_easy_noncoherent_t0009,9,120,formal_tps30,easy_noncoherent,7.5,9,combined_int24,ranking_compare,0.1586944,7353,10,NaN,ranking and topK comparison
cp08p00_easy_noncoherent_t0009,9,120,formal_tps30,easy_noncoherent,7.5,9,mixed_Z16_G24_Rz24,score_recompute,0.3101221,7353,10,NaN,Step12 quantized score recompute
cp08p00_easy_noncoherent_t0009,9,120,formal_tps30,easy_noncoherent,7.5,9,mixed_Z16_G24_Rz24,ranking_compare,0.1855132,7353,10,NaN,ranking and topK comparison
cp08p00_easy_noncoherent_t0009,9,120,formal_tps30,easy_noncoherent,7.5,9,combined_int14,score_recompute,0.3360014,7353,10,NaN,Step12 quantized score recompute
cp08p00_easy_noncoherent_t0009,9,120,formal_tps30,easy_noncoherent,7.5,9,combined_int14,ranking_compare,0.1570329,7353,10,NaN,ranking and topK comparison
cp08p00_easy_noncoherent_t0009,9,120,formal_tps30,easy_noncoherent,7.5,9,W_int18_G24_Z16,score_recompute,0.3632294,7353,10,NaN,Step12 quantized score recompute
cp08p00_easy_noncoherent_t0009,9,120,formal_tps30,easy_noncoherent,7.5,9,W_int18_G24_Z16,ranking_compare,0.1804891,7353,10,NaN,ranking and topK comparison
cp08p00_low_snr_hard_t0009,9,120,formal_tps30,low_snr_hard,7.5,9,double_baseline,score_recompute,0.3282098,7353,10,NaN,Step12 quantized score recompute
cp08p00_low_snr_hard_t0009,9,120,formal_tps30,low_snr_hard,7.5,9,double_baseline,ranking_compare,0.1706781,7353,10,NaN,ranking and topK comparison
cp08p00_low_snr_hard_t0009,9,120,formal_tps30,low_snr_hard,7.5,9,float32_all,score_recompute,0.3186904,7353,10,NaN,Step12 quantized score recompute
cp08p00_low_snr_hard_t0009,9,120,formal_tps30,low_snr_hard,7.5,9,float32_all,ranking_compare,0.1550967,7353,10,NaN,ranking and topK comparison
cp08p00_low_snr_hard_t0009,9,120,formal_tps30,low_snr_hard,7.5,9,combined_int16,score_recompute,0.3104458,7353,10,NaN,Step12 quantized score recompute
cp08p00_low_snr_hard_t0009,9,120,formal_tps30,low_snr_hard,7.5,9,combined_int16,ranking_compare,0.1583123,7353,10,NaN,ranking and topK comparison
cp08p00_low_snr_hard_t0009,9,120,formal_tps30,low_snr_hard,7.5,9,combined_int18,score_recompute,0.3121842,7353,10,NaN,Step12 quantized score recompute
cp08p00_low_snr_hard_t0009,9,120,formal_tps30,low_snr_hard,7.5,9,combined_int18,ranking_compare,0.1681001,7353,10,NaN,ranking and topK comparison
cp08p00_low_snr_hard_t0009,9,120,formal_tps30,low_snr_hard,7.5,9,combined_int24,score_recompute,0.3160323,7353,10,NaN,Step12 quantized score recompute
cp08p00_low_snr_hard_t0009,9,120,formal_tps30,low_snr_hard,7.5,9,combined_int24,ranking_compare,0.1619922,7353,10,NaN,ranking and topK comparison
cp08p00_low_snr_hard_t0009,9,120,formal_tps30,low_snr_hard,7.5,9,mixed_Z16_G24_Rz24,score_recompute,0.3259998,7353,10,NaN,Step12 quantized score recompute
cp08p00_low_snr_hard_t0009,9,120,formal_tps30,low_snr_hard,7.5,9,mixed_Z16_G24_Rz24,ranking_compare,0.1680332,7353,10,NaN,ranking and topK comparison
cp08p00_low_snr_hard_t0009,9,120,formal_tps30,low_snr_hard,7.5,9,combined_int14,score_recompute,0.3170966,7353,10,NaN,Step12 quantized score recompute
cp08p00_low_snr_hard_t0009,9,120,formal_tps30,low_snr_hard,7.5,9,combined_int14,ranking_compare,0.1542171,7353,10,NaN,ranking and topK comparison
cp08p00_low_snr_hard_t0009,9,120,formal_tps30,low_snr_hard,7.5,9,W_int18_G24_Z16,score_recompute,0.3337221,7353,10,NaN,Step12 quantized score recompute
cp08p00_low_snr_hard_t0009,9,120,formal_tps30,low_snr_hard,7.5,9,W_int18_G24_Z16,ranking_compare,0.1532447,7353,10,NaN,ranking and topK comparison
cp08p00_cache_boundary_center_t0009,9,120,formal_tps30,cache_boundary_center,7.5,9,double_baseline,score_recompute,0.3249719,7353,10,NaN,Step12 quantized score recompute
cp08p00_cache_boundary_center_t0009,9,120,formal_tps30,cache_boundary_center,7.5,9,double_baseline,ranking_compare,0.156142,7353,10,NaN,ranking and topK comparison
cp08p00_cache_boundary_center_t0009,9,120,formal_tps30,cache_boundary_center,7.5,9,float32_all,score_recompute,0.3188484,7353,10,NaN,Step12 quantized score recompute
cp08p00_cache_boundary_center_t0009,9,120,formal_tps30,cache_boundary_center,7.5,9,float32_all,ranking_compare,0.160825,7353,10,NaN,ranking and topK comparison
cp08p00_cache_boundary_center_t0009,9,120,formal_tps30,cache_boundary_center,7.5,9,combined_int16,score_recompute,0.3100812,7353,10,NaN,Step12 quantized score recompute
cp08p00_cache_boundary_center_t0009,9,120,formal_tps30,cache_boundary_center,7.5,9,combined_int16,ranking_compare,0.1628686,7353,10,NaN,ranking and topK comparison
cp08p00_cache_boundary_center_t0009,9,120,formal_tps30,cache_boundary_center,7.5,9,combined_int18,score_recompute,0.3141658,7353,10,NaN,Step12 quantized score recompute
cp08p00_cache_boundary_center_t0009,9,120,formal_tps30,cache_boundary_center,7.5,9,combined_int18,ranking_compare,0.1685623,7353,10,NaN,ranking and topK comparison
cp08p00_cache_boundary_center_t0009,9,120,formal_tps30,cache_boundary_center,7.5,9,combined_int24,score_recompute,0.3240526,7353,10,NaN,Step12 quantized score recompute
cp08p00_cache_boundary_center_t0009,9,120,formal_tps30,cache_boundary_center,7.5,9,combined_int24,ranking_compare,0.163245,7353,10,NaN,ranking and topK comparison
cp08p00_cache_boundary_center_t0009,9,120,formal_tps30,cache_boundary_center,7.5,9,mixed_Z16_G24_Rz24,score_recompute,0.3153005,7353,10,NaN,Step12 quantized score recompute
cp08p00_cache_boundary_center_t0009,9,120,formal_tps30,cache_boundary_center,7.5,9,mixed_Z16_G24_Rz24,ranking_compare,0.1628842,7353,10,NaN,ranking and topK comparison
cp08p00_cache_boundary_center_t0009,9,120,formal_tps30,cache_boundary_center,7.5,9,combined_int14,score_recompute,0.3226559,7353,10,NaN,Step12 quantized score recompute
cp08p00_cache_boundary_center_t0009,9,120,formal_tps30,cache_boundary_center,7.5,9,combined_int14,ranking_compare,0.1603762,7353,10,NaN,ranking and topK comparison
cp08p00_cache_boundary_center_t0009,9,120,formal_tps30,cache_boundary_center,7.5,9,W_int18_G24_Z16,score_recompute,0.3238592,7353,10,NaN,Step12 quantized score recompute
cp08p00_cache_boundary_center_t0009,9,120,formal_tps30,cache_boundary_center,7.5,9,W_int18_G24_Z16,ranking_compare,0.1617914,7353,10,NaN,ranking and topK comparison
cp15p00_hard_phase_t0009,9,120,formal_tps30,hard_phase,15,9,double_baseline,score_recompute,0.31324,7353,10,NaN,Step12 quantized score recompute
cp15p00_hard_phase_t0009,9,120,formal_tps30,hard_phase,15,9,double_baseline,ranking_compare,0.1622418,7353,10,NaN,ranking and topK comparison
cp15p00_hard_phase_t0009,9,120,formal_tps30,hard_phase,15,9,float32_all,score_recompute,0.3357019,7353,10,NaN,Step12 quantized score recompute
cp15p00_hard_phase_t0009,9,120,formal_tps30,hard_phase,15,9,float32_all,ranking_compare,0.1673657,7353,10,NaN,ranking and topK comparison
cp15p00_hard_phase_t0009,9,120,formal_tps30,hard_phase,15,9,combined_int16,score_recompute,0.3476027,7353,10,NaN,Step12 quantized score recompute
cp15p00_hard_phase_t0009,9,120,formal_tps30,hard_phase,15,9,combined_int16,ranking_compare,0.1590225,7353,10,NaN,ranking and topK comparison
cp15p00_hard_phase_t0009,9,120,formal_tps30,hard_phase,15,9,combined_int18,score_recompute,0.3572257,7353,10,NaN,Step12 quantized score recompute
cp15p00_hard_phase_t0009,9,120,formal_tps30,hard_phase,15,9,combined_int18,ranking_compare,0.1610803,7353,10,NaN,ranking and topK comparison
cp15p00_hard_phase_t0009,9,120,formal_tps30,hard_phase,15,9,combined_int24,score_recompute,0.3592962,7353,10,NaN,Step12 quantized score recompute
cp15p00_hard_phase_t0009,9,120,formal_tps30,hard_phase,15,9,combined_int24,ranking_compare,0.1618867,7353,10,NaN,ranking and topK comparison
cp15p00_hard_phase_t0009,9,120,formal_tps30,hard_phase,15,9,mixed_Z16_G24_Rz24,score_recompute,0.3133713,7353,10,NaN,Step12 quantized score recompute
cp15p00_hard_phase_t0009,9,120,formal_tps30,hard_phase,15,9,mixed_Z16_G24_Rz24,ranking_compare,0.1646975,7353,10,NaN,ranking and topK comparison
cp15p00_hard_phase_t0009,9,120,formal_tps30,hard_phase,15,9,combined_int14,score_recompute,0.3573814,7353,10,NaN,Step12 quantized score recompute
cp15p00_hard_phase_t0009,9,120,formal_tps30,hard_phase,15,9,combined_int14,ranking_compare,0.1690838,7353,10,NaN,ranking and topK comparison
cp15p00_hard_phase_t0009,9,120,formal_tps30,hard_phase,15,9,W_int18_G24_Z16,score_recompute,0.3662993,7353,10,NaN,Step12 quantized score recompute
cp15p00_hard_phase_t0009,9,120,formal_tps30,hard_phase,15,9,W_int18_G24_Z16,ranking_compare,0.159029,7353,10,NaN,ranking and topK comparison
cp15p00_medium_beta_coherent_t0009,9,120,formal_tps30,medium_beta_coherent,15,9,double_baseline,score_recompute,0.3054835,7353,10,NaN,Step12 quantized score recompute
cp15p00_medium_beta_coherent_t0009,9,120,formal_tps30,medium_beta_coherent,15,9,double_baseline,ranking_compare,0.164152,7353,10,NaN,ranking and topK comparison
cp15p00_medium_beta_coherent_t0009,9,120,formal_tps30,medium_beta_coherent,15,9,float32_all,score_recompute,0.330659,7353,10,NaN,Step12 quantized score recompute
cp15p00_medium_beta_coherent_t0009,9,120,formal_tps30,medium_beta_coherent,15,9,float32_all,ranking_compare,0.1644161,7353,10,NaN,ranking and topK comparison
cp15p00_medium_beta_coherent_t0009,9,120,formal_tps30,medium_beta_coherent,15,9,combined_int16,score_recompute,0.3154255,7353,10,NaN,Step12 quantized score recompute
cp15p00_medium_beta_coherent_t0009,9,120,formal_tps30,medium_beta_coherent,15,9,combined_int16,ranking_compare,0.1578714,7353,10,NaN,ranking and topK comparison
cp15p00_medium_beta_coherent_t0009,9,120,formal_tps30,medium_beta_coherent,15,9,combined_int18,score_recompute,0.3248614,7353,10,NaN,Step12 quantized score recompute
cp15p00_medium_beta_coherent_t0009,9,120,formal_tps30,medium_beta_coherent,15,9,combined_int18,ranking_compare,0.1648605,7353,10,NaN,ranking and topK comparison
cp15p00_medium_beta_coherent_t0009,9,120,formal_tps30,medium_beta_coherent,15,9,combined_int24,score_recompute,0.3094001,7353,10,NaN,Step12 quantized score recompute
cp15p00_medium_beta_coherent_t0009,9,120,formal_tps30,medium_beta_coherent,15,9,combined_int24,ranking_compare,0.1745442,7353,10,NaN,ranking and topK comparison
cp15p00_medium_beta_coherent_t0009,9,120,formal_tps30,medium_beta_coherent,15,9,mixed_Z16_G24_Rz24,score_recompute,0.3456293,7353,10,NaN,Step12 quantized score recompute
cp15p00_medium_beta_coherent_t0009,9,120,formal_tps30,medium_beta_coherent,15,9,mixed_Z16_G24_Rz24,ranking_compare,0.1679082,7353,10,NaN,ranking and topK comparison
cp15p00_medium_beta_coherent_t0009,9,120,formal_tps30,medium_beta_coherent,15,9,combined_int14,score_recompute,0.3246125,7353,10,NaN,Step12 quantized score recompute
cp15p00_medium_beta_coherent_t0009,9,120,formal_tps30,medium_beta_coherent,15,9,combined_int14,ranking_compare,0.1660174,7353,10,NaN,ranking and topK comparison
cp15p00_medium_beta_coherent_t0009,9,120,formal_tps30,medium_beta_coherent,15,9,W_int18_G24_Z16,score_recompute,0.3179382,7353,10,NaN,Step12 quantized score recompute
cp15p00_medium_beta_coherent_t0009,9,120,formal_tps30,medium_beta_coherent,15,9,W_int18_G24_Z16,ranking_compare,0.1913771,7353,10,NaN,ranking and topK comparison
cp00p00_easy_noncoherent_t0010,10,120,formal_tps30,easy_noncoherent,0,10,,build_step11_input,0.0407241,NaN,10,NaN,Step11.7 frontend-like input builder
cp00p00_easy_noncoherent_t0010,10,120,formal_tps30,easy_noncoherent,0,10,,run_step11_backend,0,NaN,10,NaN,Skipped full Step11.7 backend; using Step12 score-core adapter
cp00p00_easy_noncoherent_t0010,10,120,formal_tps30,easy_noncoherent,0,10,,build_candidate_score_pack,0.9349167,7353,10,NaN,Build W/Y/Z/Rz/G_cache candidate score pack
cp00p00_low_snr_hard_t0010,10,120,formal_tps30,low_snr_hard,0,10,,build_step11_input,0.0148891,NaN,10,NaN,Step11.7 frontend-like input builder
cp00p00_low_snr_hard_t0010,10,120,formal_tps30,low_snr_hard,0,10,,run_step11_backend,0,NaN,10,NaN,Skipped full Step11.7 backend; using Step12 score-core adapter
cp00p00_low_snr_hard_t0010,10,120,formal_tps30,low_snr_hard,0,10,,build_candidate_score_pack,0.8103864,7353,10,NaN,Build W/Y/Z/Rz/G_cache candidate score pack
cp00p00_cache_boundary_center_t0010,10,120,formal_tps30,cache_boundary_center,0,10,,build_step11_input,0.0107145,NaN,10,NaN,Step11.7 frontend-like input builder
cp00p00_cache_boundary_center_t0010,10,120,formal_tps30,cache_boundary_center,0,10,,run_step11_backend,0,NaN,10,NaN,Skipped full Step11.7 backend; using Step12 score-core adapter
cp00p00_cache_boundary_center_t0010,10,120,formal_tps30,cache_boundary_center,0,10,,build_candidate_score_pack,0.8183347,7353,10,NaN,Build W/Y/Z/Rz/G_cache candidate score pack
cp04p00_hard_phase_t0010,10,120,formal_tps30,hard_phase,4,10,,build_step11_input,0.0169895,NaN,10,NaN,Step11.7 frontend-like input builder
cp04p00_hard_phase_t0010,10,120,formal_tps30,hard_phase,4,10,,run_step11_backend,0,NaN,10,NaN,Skipped full Step11.7 backend; using Step12 score-core adapter
cp04p00_hard_phase_t0010,10,120,formal_tps30,hard_phase,4,10,,build_candidate_score_pack,0.8047555,7353,10,NaN,Build W/Y/Z/Rz/G_cache candidate score pack
cp04p00_medium_beta_coherent_t0010,10,120,formal_tps30,medium_beta_coherent,4,10,,build_step11_input,0.0210614,NaN,10,NaN,Step11.7 frontend-like input builder
cp04p00_medium_beta_coherent_t0010,10,120,formal_tps30,medium_beta_coherent,4,10,,run_step11_backend,0,NaN,10,NaN,Skipped full Step11.7 backend; using Step12 score-core adapter
cp04p00_medium_beta_coherent_t0010,10,120,formal_tps30,medium_beta_coherent,4,10,,build_candidate_score_pack,0.8630188,7353,10,NaN,Build W/Y/Z/Rz/G_cache candidate score pack
cp08p00_easy_noncoherent_t0010,10,120,formal_tps30,easy_noncoherent,8,10,,build_step11_input,0.0074907,NaN,10,NaN,Step11.7 frontend-like input builder
cp08p00_easy_noncoherent_t0010,10,120,formal_tps30,easy_noncoherent,8,10,,run_step11_backend,0,NaN,10,NaN,Skipped full Step11.7 backend; using Step12 score-core adapter
cp08p00_easy_noncoherent_t0010,10,120,formal_tps30,easy_noncoherent,8,10,,build_candidate_score_pack,0.8285033,7353,10,NaN,Build W/Y/Z/Rz/G_cache candidate score pack
cp08p00_low_snr_hard_t0010,10,120,formal_tps30,low_snr_hard,8,10,,build_step11_input,0.0058729,NaN,10,NaN,Step11.7 frontend-like input builder
cp08p00_low_snr_hard_t0010,10,120,formal_tps30,low_snr_hard,8,10,,run_step11_backend,0,NaN,10,NaN,Skipped full Step11.7 backend; using Step12 score-core adapter
cp08p00_low_snr_hard_t0010,10,120,formal_tps30,low_snr_hard,8,10,,build_candidate_score_pack,0.7930298,7353,10,NaN,Build W/Y/Z/Rz/G_cache candidate score pack
cp08p00_cache_boundary_center_t0010,10,120,formal_tps30,cache_boundary_center,8,10,,build_step11_input,0.006711,NaN,10,NaN,Step11.7 frontend-like input builder
cp08p00_cache_boundary_center_t0010,10,120,formal_tps30,cache_boundary_center,8,10,,run_step11_backend,0,NaN,10,NaN,Skipped full Step11.7 backend; using Step12 score-core adapter
cp08p00_cache_boundary_center_t0010,10,120,formal_tps30,cache_boundary_center,8,10,,build_candidate_score_pack,0.7748964,7353,10,NaN,Build W/Y/Z/Rz/G_cache candidate score pack
cp15p00_hard_phase_t0010,10,120,formal_tps30,hard_phase,15,10,,build_step11_input,0.0065638,NaN,10,NaN,Step11.7 frontend-like input builder
cp15p00_hard_phase_t0010,10,120,formal_tps30,hard_phase,15,10,,run_step11_backend,0,NaN,10,NaN,Skipped full Step11.7 backend; using Step12 score-core adapter
cp15p00_hard_phase_t0010,10,120,formal_tps30,hard_phase,15,10,,build_candidate_score_pack,0.7837195,7353,10,NaN,Build W/Y/Z/Rz/G_cache candidate score pack
cp15p00_medium_beta_coherent_t0010,10,120,formal_tps30,medium_beta_coherent,15,10,,build_step11_input,0.0058013,NaN,10,NaN,Step11.7 frontend-like input builder
cp15p00_medium_beta_coherent_t0010,10,120,formal_tps30,medium_beta_coherent,15,10,,run_step11_backend,0,NaN,10,NaN,Skipped full Step11.7 backend; using Step12 score-core adapter
cp15p00_medium_beta_coherent_t0010,10,120,formal_tps30,medium_beta_coherent,15,10,,build_candidate_score_pack,0.7759566,7353,10,NaN,Build W/Y/Z/Rz/G_cache candidate score pack
cp00p00_easy_noncoherent_t0010,10,120,formal_tps30,easy_noncoherent,0,10,double_baseline,score_recompute,0.3235226,7353,10,NaN,Step12 quantized score recompute
cp00p00_easy_noncoherent_t0010,10,120,formal_tps30,easy_noncoherent,0,10,double_baseline,ranking_compare,0.2282905,7353,10,NaN,ranking and topK comparison
cp00p00_easy_noncoherent_t0010,10,120,formal_tps30,easy_noncoherent,0,10,float32_all,score_recompute,0.3530047,7353,10,NaN,Step12 quantized score recompute
cp00p00_easy_noncoherent_t0010,10,120,formal_tps30,easy_noncoherent,0,10,float32_all,ranking_compare,0.1802138,7353,10,NaN,ranking and topK comparison
cp00p00_easy_noncoherent_t0010,10,120,formal_tps30,easy_noncoherent,0,10,combined_int16,score_recompute,0.3791446,7353,10,NaN,Step12 quantized score recompute
cp00p00_easy_noncoherent_t0010,10,120,formal_tps30,easy_noncoherent,0,10,combined_int16,ranking_compare,0.1717919,7353,10,NaN,ranking and topK comparison
cp00p00_easy_noncoherent_t0010,10,120,formal_tps30,easy_noncoherent,0,10,combined_int18,score_recompute,0.3729653,7353,10,NaN,Step12 quantized score recompute
cp00p00_easy_noncoherent_t0010,10,120,formal_tps30,easy_noncoherent,0,10,combined_int18,ranking_compare,0.1596965,7353,10,NaN,ranking and topK comparison
cp00p00_easy_noncoherent_t0010,10,120,formal_tps30,easy_noncoherent,0,10,combined_int24,score_recompute,0.3500601,7353,10,NaN,Step12 quantized score recompute
cp00p00_easy_noncoherent_t0010,10,120,formal_tps30,easy_noncoherent,0,10,combined_int24,ranking_compare,0.1782654,7353,10,NaN,ranking and topK comparison
cp00p00_easy_noncoherent_t0010,10,120,formal_tps30,easy_noncoherent,0,10,mixed_Z16_G24_Rz24,score_recompute,0.3032137,7353,10,NaN,Step12 quantized score recompute
cp00p00_easy_noncoherent_t0010,10,120,formal_tps30,easy_noncoherent,0,10,mixed_Z16_G24_Rz24,ranking_compare,0.1550237,7353,10,NaN,ranking and topK comparison
cp00p00_easy_noncoherent_t0010,10,120,formal_tps30,easy_noncoherent,0,10,combined_int14,score_recompute,0.3645324,7353,10,NaN,Step12 quantized score recompute
cp00p00_easy_noncoherent_t0010,10,120,formal_tps30,easy_noncoherent,0,10,combined_int14,ranking_compare,0.1654131,7353,10,NaN,ranking and topK comparison
cp00p00_easy_noncoherent_t0010,10,120,formal_tps30,easy_noncoherent,0,10,W_int18_G24_Z16,score_recompute,0.3472184,7353,10,NaN,Step12 quantized score recompute
cp00p00_easy_noncoherent_t0010,10,120,formal_tps30,easy_noncoherent,0,10,W_int18_G24_Z16,ranking_compare,0.1696104,7353,10,NaN,ranking and topK comparison
cp00p00_low_snr_hard_t0010,10,120,formal_tps30,low_snr_hard,0,10,double_baseline,score_recompute,0.3087041,7353,10,NaN,Step12 quantized score recompute
cp00p00_low_snr_hard_t0010,10,120,formal_tps30,low_snr_hard,0,10,double_baseline,ranking_compare,0.1596148,7353,10,NaN,ranking and topK comparison
cp00p00_low_snr_hard_t0010,10,120,formal_tps30,low_snr_hard,0,10,float32_all,score_recompute,0.3355423,7353,10,NaN,Step12 quantized score recompute
cp00p00_low_snr_hard_t0010,10,120,formal_tps30,low_snr_hard,0,10,float32_all,ranking_compare,0.1641947,7353,10,NaN,ranking and topK comparison
cp00p00_low_snr_hard_t0010,10,120,formal_tps30,low_snr_hard,0,10,combined_int16,score_recompute,0.3078537,7353,10,NaN,Step12 quantized score recompute
cp00p00_low_snr_hard_t0010,10,120,formal_tps30,low_snr_hard,0,10,combined_int16,ranking_compare,0.160544,7353,10,NaN,ranking and topK comparison
cp00p00_low_snr_hard_t0010,10,120,formal_tps30,low_snr_hard,0,10,combined_int18,score_recompute,0.3135216,7353,10,NaN,Step12 quantized score recompute
cp00p00_low_snr_hard_t0010,10,120,formal_tps30,low_snr_hard,0,10,combined_int18,ranking_compare,0.1540435,7353,10,NaN,ranking and topK comparison
cp00p00_low_snr_hard_t0010,10,120,formal_tps30,low_snr_hard,0,10,combined_int24,score_recompute,0.3114094,7353,10,NaN,Step12 quantized score recompute
cp00p00_low_snr_hard_t0010,10,120,formal_tps30,low_snr_hard,0,10,combined_int24,ranking_compare,0.1577525,7353,10,NaN,ranking and topK comparison
cp00p00_low_snr_hard_t0010,10,120,formal_tps30,low_snr_hard,0,10,mixed_Z16_G24_Rz24,score_recompute,0.3000788,7353,10,NaN,Step12 quantized score recompute
cp00p00_low_snr_hard_t0010,10,120,formal_tps30,low_snr_hard,0,10,mixed_Z16_G24_Rz24,ranking_compare,0.1532084,7353,10,NaN,ranking and topK comparison
cp00p00_low_snr_hard_t0010,10,120,formal_tps30,low_snr_hard,0,10,combined_int14,score_recompute,0.3141912,7353,10,NaN,Step12 quantized score recompute
cp00p00_low_snr_hard_t0010,10,120,formal_tps30,low_snr_hard,0,10,combined_int14,ranking_compare,0.1536273,7353,10,NaN,ranking and topK comparison
cp00p00_low_snr_hard_t0010,10,120,formal_tps30,low_snr_hard,0,10,W_int18_G24_Z16,score_recompute,0.3205952,7353,10,NaN,Step12 quantized score recompute
cp00p00_low_snr_hard_t0010,10,120,formal_tps30,low_snr_hard,0,10,W_int18_G24_Z16,ranking_compare,0.1564045,7353,10,NaN,ranking and topK comparison
cp00p00_cache_boundary_center_t0010,10,120,formal_tps30,cache_boundary_center,0,10,double_baseline,score_recompute,0.3109195,7353,10,NaN,Step12 quantized score recompute
cp00p00_cache_boundary_center_t0010,10,120,formal_tps30,cache_boundary_center,0,10,double_baseline,ranking_compare,0.1633233,7353,10,NaN,ranking and topK comparison
cp00p00_cache_boundary_center_t0010,10,120,formal_tps30,cache_boundary_center,0,10,float32_all,score_recompute,0.3118456,7353,10,NaN,Step12 quantized score recompute
cp00p00_cache_boundary_center_t0010,10,120,formal_tps30,cache_boundary_center,0,10,float32_all,ranking_compare,0.1541997,7353,10,NaN,ranking and topK comparison
cp00p00_cache_boundary_center_t0010,10,120,formal_tps30,cache_boundary_center,0,10,combined_int16,score_recompute,0.3027567,7353,10,NaN,Step12 quantized score recompute
cp00p00_cache_boundary_center_t0010,10,120,formal_tps30,cache_boundary_center,0,10,combined_int16,ranking_compare,0.1616915,7353,10,NaN,ranking and topK comparison
cp00p00_cache_boundary_center_t0010,10,120,formal_tps30,cache_boundary_center,0,10,combined_int18,score_recompute,0.3066804,7353,10,NaN,Step12 quantized score recompute
cp00p00_cache_boundary_center_t0010,10,120,formal_tps30,cache_boundary_center,0,10,combined_int18,ranking_compare,0.1581556,7353,10,NaN,ranking and topK comparison
cp00p00_cache_boundary_center_t0010,10,120,formal_tps30,cache_boundary_center,0,10,combined_int24,score_recompute,0.3047203,7353,10,NaN,Step12 quantized score recompute
cp00p00_cache_boundary_center_t0010,10,120,formal_tps30,cache_boundary_center,0,10,combined_int24,ranking_compare,0.1585807,7353,10,NaN,ranking and topK comparison
cp00p00_cache_boundary_center_t0010,10,120,formal_tps30,cache_boundary_center,0,10,mixed_Z16_G24_Rz24,score_recompute,0.3155942,7353,10,NaN,Step12 quantized score recompute
cp00p00_cache_boundary_center_t0010,10,120,formal_tps30,cache_boundary_center,0,10,mixed_Z16_G24_Rz24,ranking_compare,0.1572712,7353,10,NaN,ranking and topK comparison
cp00p00_cache_boundary_center_t0010,10,120,formal_tps30,cache_boundary_center,0,10,combined_int14,score_recompute,0.3031634,7353,10,NaN,Step12 quantized score recompute
cp00p00_cache_boundary_center_t0010,10,120,formal_tps30,cache_boundary_center,0,10,combined_int14,ranking_compare,0.1631716,7353,10,NaN,ranking and topK comparison
cp00p00_cache_boundary_center_t0010,10,120,formal_tps30,cache_boundary_center,0,10,W_int18_G24_Z16,score_recompute,0.3098736,7353,10,NaN,Step12 quantized score recompute
cp00p00_cache_boundary_center_t0010,10,120,formal_tps30,cache_boundary_center,0,10,W_int18_G24_Z16,ranking_compare,0.1515701,7353,10,NaN,ranking and topK comparison
cp04p00_hard_phase_t0010,10,120,formal_tps30,hard_phase,3.75,10,double_baseline,score_recompute,0.3037773,7353,10,NaN,Step12 quantized score recompute
cp04p00_hard_phase_t0010,10,120,formal_tps30,hard_phase,3.75,10,double_baseline,ranking_compare,0.1574094,7353,10,NaN,ranking and topK comparison
cp04p00_hard_phase_t0010,10,120,formal_tps30,hard_phase,3.75,10,float32_all,score_recompute,0.3071252,7353,10,NaN,Step12 quantized score recompute
cp04p00_hard_phase_t0010,10,120,formal_tps30,hard_phase,3.75,10,float32_all,ranking_compare,0.1666973,7353,10,NaN,ranking and topK comparison
cp04p00_hard_phase_t0010,10,120,formal_tps30,hard_phase,3.75,10,combined_int16,score_recompute,0.3359178,7353,10,NaN,Step12 quantized score recompute
cp04p00_hard_phase_t0010,10,120,formal_tps30,hard_phase,3.75,10,combined_int16,ranking_compare,0.1613594,7353,10,NaN,ranking and topK comparison
cp04p00_hard_phase_t0010,10,120,formal_tps30,hard_phase,3.75,10,combined_int18,score_recompute,0.339252,7353,10,NaN,Step12 quantized score recompute
cp04p00_hard_phase_t0010,10,120,formal_tps30,hard_phase,3.75,10,combined_int18,ranking_compare,0.1609405,7353,10,NaN,ranking and topK comparison
cp04p00_hard_phase_t0010,10,120,formal_tps30,hard_phase,3.75,10,combined_int24,score_recompute,0.3302627,7353,10,NaN,Step12 quantized score recompute
cp04p00_hard_phase_t0010,10,120,formal_tps30,hard_phase,3.75,10,combined_int24,ranking_compare,0.1552799,7353,10,NaN,ranking and topK comparison
cp04p00_hard_phase_t0010,10,120,formal_tps30,hard_phase,3.75,10,mixed_Z16_G24_Rz24,score_recompute,0.3103314,7353,10,NaN,Step12 quantized score recompute
cp04p00_hard_phase_t0010,10,120,formal_tps30,hard_phase,3.75,10,mixed_Z16_G24_Rz24,ranking_compare,0.1548042,7353,10,NaN,ranking and topK comparison
cp04p00_hard_phase_t0010,10,120,formal_tps30,hard_phase,3.75,10,combined_int14,score_recompute,0.3394469,7353,10,NaN,Step12 quantized score recompute
cp04p00_hard_phase_t0010,10,120,formal_tps30,hard_phase,3.75,10,combined_int14,ranking_compare,0.1563793,7353,10,NaN,ranking and topK comparison
cp04p00_hard_phase_t0010,10,120,formal_tps30,hard_phase,3.75,10,W_int18_G24_Z16,score_recompute,0.3414127,7353,10,NaN,Step12 quantized score recompute
cp04p00_hard_phase_t0010,10,120,formal_tps30,hard_phase,3.75,10,W_int18_G24_Z16,ranking_compare,0.162276,7353,10,NaN,ranking and topK comparison
cp04p00_medium_beta_coherent_t0010,10,120,formal_tps30,medium_beta_coherent,3.75,10,double_baseline,score_recompute,0.3039422,7353,10,NaN,Step12 quantized score recompute
cp04p00_medium_beta_coherent_t0010,10,120,formal_tps30,medium_beta_coherent,3.75,10,double_baseline,ranking_compare,0.1539661,7353,10,NaN,ranking and topK comparison
cp04p00_medium_beta_coherent_t0010,10,120,formal_tps30,medium_beta_coherent,3.75,10,float32_all,score_recompute,0.3138207,7353,10,NaN,Step12 quantized score recompute
cp04p00_medium_beta_coherent_t0010,10,120,formal_tps30,medium_beta_coherent,3.75,10,float32_all,ranking_compare,0.191042,7353,10,NaN,ranking and topK comparison
cp04p00_medium_beta_coherent_t0010,10,120,formal_tps30,medium_beta_coherent,3.75,10,combined_int16,score_recompute,0.350311,7353,10,NaN,Step12 quantized score recompute
cp04p00_medium_beta_coherent_t0010,10,120,formal_tps30,medium_beta_coherent,3.75,10,combined_int16,ranking_compare,0.1859295,7353,10,NaN,ranking and topK comparison
cp04p00_medium_beta_coherent_t0010,10,120,formal_tps30,medium_beta_coherent,3.75,10,combined_int18,score_recompute,0.3206617,7353,10,NaN,Step12 quantized score recompute
cp04p00_medium_beta_coherent_t0010,10,120,formal_tps30,medium_beta_coherent,3.75,10,combined_int18,ranking_compare,0.1666463,7353,10,NaN,ranking and topK comparison
cp04p00_medium_beta_coherent_t0010,10,120,formal_tps30,medium_beta_coherent,3.75,10,combined_int24,score_recompute,0.3094652,7353,10,NaN,Step12 quantized score recompute
cp04p00_medium_beta_coherent_t0010,10,120,formal_tps30,medium_beta_coherent,3.75,10,combined_int24,ranking_compare,0.1600177,7353,10,NaN,ranking and topK comparison
cp04p00_medium_beta_coherent_t0010,10,120,formal_tps30,medium_beta_coherent,3.75,10,mixed_Z16_G24_Rz24,score_recompute,0.3050715,7353,10,NaN,Step12 quantized score recompute
cp04p00_medium_beta_coherent_t0010,10,120,formal_tps30,medium_beta_coherent,3.75,10,mixed_Z16_G24_Rz24,ranking_compare,0.1598671,7353,10,NaN,ranking and topK comparison
cp04p00_medium_beta_coherent_t0010,10,120,formal_tps30,medium_beta_coherent,3.75,10,combined_int14,score_recompute,0.3079904,7353,10,NaN,Step12 quantized score recompute
cp04p00_medium_beta_coherent_t0010,10,120,formal_tps30,medium_beta_coherent,3.75,10,combined_int14,ranking_compare,0.1584394,7353,10,NaN,ranking and topK comparison
cp04p00_medium_beta_coherent_t0010,10,120,formal_tps30,medium_beta_coherent,3.75,10,W_int18_G24_Z16,score_recompute,0.3063288,7353,10,NaN,Step12 quantized score recompute
cp04p00_medium_beta_coherent_t0010,10,120,formal_tps30,medium_beta_coherent,3.75,10,W_int18_G24_Z16,ranking_compare,0.1597358,7353,10,NaN,ranking and topK comparison
cp08p00_easy_noncoherent_t0010,10,120,formal_tps30,easy_noncoherent,7.5,10,double_baseline,score_recompute,0.3215581,7353,10,NaN,Step12 quantized score recompute
cp08p00_easy_noncoherent_t0010,10,120,formal_tps30,easy_noncoherent,7.5,10,double_baseline,ranking_compare,0.1638507,7353,10,NaN,ranking and topK comparison
cp08p00_easy_noncoherent_t0010,10,120,formal_tps30,easy_noncoherent,7.5,10,float32_all,score_recompute,0.3157804,7353,10,NaN,Step12 quantized score recompute
cp08p00_easy_noncoherent_t0010,10,120,formal_tps30,easy_noncoherent,7.5,10,float32_all,ranking_compare,0.1693183,7353,10,NaN,ranking and topK comparison
cp08p00_easy_noncoherent_t0010,10,120,formal_tps30,easy_noncoherent,7.5,10,combined_int16,score_recompute,0.380056,7353,10,NaN,Step12 quantized score recompute
cp08p00_easy_noncoherent_t0010,10,120,formal_tps30,easy_noncoherent,7.5,10,combined_int16,ranking_compare,0.1683053,7353,10,NaN,ranking and topK comparison
cp08p00_easy_noncoherent_t0010,10,120,formal_tps30,easy_noncoherent,7.5,10,combined_int18,score_recompute,0.3736734,7353,10,NaN,Step12 quantized score recompute
cp08p00_easy_noncoherent_t0010,10,120,formal_tps30,easy_noncoherent,7.5,10,combined_int18,ranking_compare,0.1694932,7353,10,NaN,ranking and topK comparison
cp08p00_easy_noncoherent_t0010,10,120,formal_tps30,easy_noncoherent,7.5,10,combined_int24,score_recompute,0.3636907,7353,10,NaN,Step12 quantized score recompute
cp08p00_easy_noncoherent_t0010,10,120,formal_tps30,easy_noncoherent,7.5,10,combined_int24,ranking_compare,0.1582169,7353,10,NaN,ranking and topK comparison
cp08p00_easy_noncoherent_t0010,10,120,formal_tps30,easy_noncoherent,7.5,10,mixed_Z16_G24_Rz24,score_recompute,0.3214094,7353,10,NaN,Step12 quantized score recompute
cp08p00_easy_noncoherent_t0010,10,120,formal_tps30,easy_noncoherent,7.5,10,mixed_Z16_G24_Rz24,ranking_compare,0.1607038,7353,10,NaN,ranking and topK comparison
cp08p00_easy_noncoherent_t0010,10,120,formal_tps30,easy_noncoherent,7.5,10,combined_int14,score_recompute,0.3492307,7353,10,NaN,Step12 quantized score recompute
cp08p00_easy_noncoherent_t0010,10,120,formal_tps30,easy_noncoherent,7.5,10,combined_int14,ranking_compare,0.1607477,7353,10,NaN,ranking and topK comparison
cp08p00_easy_noncoherent_t0010,10,120,formal_tps30,easy_noncoherent,7.5,10,W_int18_G24_Z16,score_recompute,0.3534229,7353,10,NaN,Step12 quantized score recompute
cp08p00_easy_noncoherent_t0010,10,120,formal_tps30,easy_noncoherent,7.5,10,W_int18_G24_Z16,ranking_compare,0.1611283,7353,10,NaN,ranking and topK comparison
cp08p00_low_snr_hard_t0010,10,120,formal_tps30,low_snr_hard,7.5,10,double_baseline,score_recompute,0.2985557,7353,10,NaN,Step12 quantized score recompute
cp08p00_low_snr_hard_t0010,10,120,formal_tps30,low_snr_hard,7.5,10,double_baseline,ranking_compare,0.1567556,7353,10,NaN,ranking and topK comparison
cp08p00_low_snr_hard_t0010,10,120,formal_tps30,low_snr_hard,7.5,10,float32_all,score_recompute,0.311861,7353,10,NaN,Step12 quantized score recompute
cp08p00_low_snr_hard_t0010,10,120,formal_tps30,low_snr_hard,7.5,10,float32_all,ranking_compare,0.1620821,7353,10,NaN,ranking and topK comparison
cp08p00_low_snr_hard_t0010,10,120,formal_tps30,low_snr_hard,7.5,10,combined_int16,score_recompute,0.3096887,7353,10,NaN,Step12 quantized score recompute
cp08p00_low_snr_hard_t0010,10,120,formal_tps30,low_snr_hard,7.5,10,combined_int16,ranking_compare,0.1628407,7353,10,NaN,ranking and topK comparison
cp08p00_low_snr_hard_t0010,10,120,formal_tps30,low_snr_hard,7.5,10,combined_int18,score_recompute,0.309007,7353,10,NaN,Step12 quantized score recompute
cp08p00_low_snr_hard_t0010,10,120,formal_tps30,low_snr_hard,7.5,10,combined_int18,ranking_compare,0.1580242,7353,10,NaN,ranking and topK comparison
cp08p00_low_snr_hard_t0010,10,120,formal_tps30,low_snr_hard,7.5,10,combined_int24,score_recompute,0.3102628,7353,10,NaN,Step12 quantized score recompute
cp08p00_low_snr_hard_t0010,10,120,formal_tps30,low_snr_hard,7.5,10,combined_int24,ranking_compare,0.158502,7353,10,NaN,ranking and topK comparison
cp08p00_low_snr_hard_t0010,10,120,formal_tps30,low_snr_hard,7.5,10,mixed_Z16_G24_Rz24,score_recompute,0.3103086,7353,10,NaN,Step12 quantized score recompute
cp08p00_low_snr_hard_t0010,10,120,formal_tps30,low_snr_hard,7.5,10,mixed_Z16_G24_Rz24,ranking_compare,0.1561309,7353,10,NaN,ranking and topK comparison
cp08p00_low_snr_hard_t0010,10,120,formal_tps30,low_snr_hard,7.5,10,combined_int14,score_recompute,0.3143674,7353,10,NaN,Step12 quantized score recompute
cp08p00_low_snr_hard_t0010,10,120,formal_tps30,low_snr_hard,7.5,10,combined_int14,ranking_compare,0.1535872,7353,10,NaN,ranking and topK comparison
cp08p00_low_snr_hard_t0010,10,120,formal_tps30,low_snr_hard,7.5,10,W_int18_G24_Z16,score_recompute,0.3009769,7353,10,NaN,Step12 quantized score recompute
cp08p00_low_snr_hard_t0010,10,120,formal_tps30,low_snr_hard,7.5,10,W_int18_G24_Z16,ranking_compare,0.1554256,7353,10,NaN,ranking and topK comparison
cp08p00_cache_boundary_center_t0010,10,120,formal_tps30,cache_boundary_center,7.5,10,double_baseline,score_recompute,0.3196505,7353,10,NaN,Step12 quantized score recompute
cp08p00_cache_boundary_center_t0010,10,120,formal_tps30,cache_boundary_center,7.5,10,double_baseline,ranking_compare,0.1597527,7353,10,NaN,ranking and topK comparison
cp08p00_cache_boundary_center_t0010,10,120,formal_tps30,cache_boundary_center,7.5,10,float32_all,score_recompute,0.3043874,7353,10,NaN,Step12 quantized score recompute
cp08p00_cache_boundary_center_t0010,10,120,formal_tps30,cache_boundary_center,7.5,10,float32_all,ranking_compare,0.1580272,7353,10,NaN,ranking and topK comparison
cp08p00_cache_boundary_center_t0010,10,120,formal_tps30,cache_boundary_center,7.5,10,combined_int16,score_recompute,0.3425768,7353,10,NaN,Step12 quantized score recompute
cp08p00_cache_boundary_center_t0010,10,120,formal_tps30,cache_boundary_center,7.5,10,combined_int16,ranking_compare,0.1588405,7353,10,NaN,ranking and topK comparison
cp08p00_cache_boundary_center_t0010,10,120,formal_tps30,cache_boundary_center,7.5,10,combined_int18,score_recompute,0.3158086,7353,10,NaN,Step12 quantized score recompute
cp08p00_cache_boundary_center_t0010,10,120,formal_tps30,cache_boundary_center,7.5,10,combined_int18,ranking_compare,0.1571265,7353,10,NaN,ranking and topK comparison
cp08p00_cache_boundary_center_t0010,10,120,formal_tps30,cache_boundary_center,7.5,10,combined_int24,score_recompute,0.326153,7353,10,NaN,Step12 quantized score recompute
cp08p00_cache_boundary_center_t0010,10,120,formal_tps30,cache_boundary_center,7.5,10,combined_int24,ranking_compare,0.1755828,7353,10,NaN,ranking and topK comparison
cp08p00_cache_boundary_center_t0010,10,120,formal_tps30,cache_boundary_center,7.5,10,mixed_Z16_G24_Rz24,score_recompute,0.3114231,7353,10,NaN,Step12 quantized score recompute
cp08p00_cache_boundary_center_t0010,10,120,formal_tps30,cache_boundary_center,7.5,10,mixed_Z16_G24_Rz24,ranking_compare,0.1571722,7353,10,NaN,ranking and topK comparison
cp08p00_cache_boundary_center_t0010,10,120,formal_tps30,cache_boundary_center,7.5,10,combined_int14,score_recompute,0.3132346,7353,10,NaN,Step12 quantized score recompute
cp08p00_cache_boundary_center_t0010,10,120,formal_tps30,cache_boundary_center,7.5,10,combined_int14,ranking_compare,0.1638076,7353,10,NaN,ranking and topK comparison
cp08p00_cache_boundary_center_t0010,10,120,formal_tps30,cache_boundary_center,7.5,10,W_int18_G24_Z16,score_recompute,0.3044246,7353,10,NaN,Step12 quantized score recompute
cp08p00_cache_boundary_center_t0010,10,120,formal_tps30,cache_boundary_center,7.5,10,W_int18_G24_Z16,ranking_compare,0.1590441,7353,10,NaN,ranking and topK comparison
cp15p00_hard_phase_t0010,10,120,formal_tps30,hard_phase,15,10,double_baseline,score_recompute,0.3170515,7353,10,NaN,Step12 quantized score recompute
cp15p00_hard_phase_t0010,10,120,formal_tps30,hard_phase,15,10,double_baseline,ranking_compare,0.1648575,7353,10,NaN,ranking and topK comparison
cp15p00_hard_phase_t0010,10,120,formal_tps30,hard_phase,15,10,float32_all,score_recompute,0.3115139,7353,10,NaN,Step12 quantized score recompute
cp15p00_hard_phase_t0010,10,120,formal_tps30,hard_phase,15,10,float32_all,ranking_compare,0.1579969,7353,10,NaN,ranking and topK comparison
cp15p00_hard_phase_t0010,10,120,formal_tps30,hard_phase,15,10,combined_int16,score_recompute,0.3329957,7353,10,NaN,Step12 quantized score recompute
cp15p00_hard_phase_t0010,10,120,formal_tps30,hard_phase,15,10,combined_int16,ranking_compare,0.1585572,7353,10,NaN,ranking and topK comparison
cp15p00_hard_phase_t0010,10,120,formal_tps30,hard_phase,15,10,combined_int18,score_recompute,0.3329556,7353,10,NaN,Step12 quantized score recompute
cp15p00_hard_phase_t0010,10,120,formal_tps30,hard_phase,15,10,combined_int18,ranking_compare,0.150839,7353,10,NaN,ranking and topK comparison
cp15p00_hard_phase_t0010,10,120,formal_tps30,hard_phase,15,10,combined_int24,score_recompute,0.3426449,7353,10,NaN,Step12 quantized score recompute
cp15p00_hard_phase_t0010,10,120,formal_tps30,hard_phase,15,10,combined_int24,ranking_compare,0.15625,7353,10,NaN,ranking and topK comparison
cp15p00_hard_phase_t0010,10,120,formal_tps30,hard_phase,15,10,mixed_Z16_G24_Rz24,score_recompute,0.310894,7353,10,NaN,Step12 quantized score recompute
cp15p00_hard_phase_t0010,10,120,formal_tps30,hard_phase,15,10,mixed_Z16_G24_Rz24,ranking_compare,0.1529489,7353,10,NaN,ranking and topK comparison
cp15p00_hard_phase_t0010,10,120,formal_tps30,hard_phase,15,10,combined_int14,score_recompute,0.3356749,7353,10,NaN,Step12 quantized score recompute
cp15p00_hard_phase_t0010,10,120,formal_tps30,hard_phase,15,10,combined_int14,ranking_compare,0.1572507,7353,10,NaN,ranking and topK comparison
cp15p00_hard_phase_t0010,10,120,formal_tps30,hard_phase,15,10,W_int18_G24_Z16,score_recompute,0.3321752,7353,10,NaN,Step12 quantized score recompute
cp15p00_hard_phase_t0010,10,120,formal_tps30,hard_phase,15,10,W_int18_G24_Z16,ranking_compare,0.1548809,7353,10,NaN,ranking and topK comparison
cp15p00_medium_beta_coherent_t0010,10,120,formal_tps30,medium_beta_coherent,15,10,double_baseline,score_recompute,0.3019234,7353,10,NaN,Step12 quantized score recompute
cp15p00_medium_beta_coherent_t0010,10,120,formal_tps30,medium_beta_coherent,15,10,double_baseline,ranking_compare,0.1502488,7353,10,NaN,ranking and topK comparison
cp15p00_medium_beta_coherent_t0010,10,120,formal_tps30,medium_beta_coherent,15,10,float32_all,score_recompute,0.3019764,7353,10,NaN,Step12 quantized score recompute
cp15p00_medium_beta_coherent_t0010,10,120,formal_tps30,medium_beta_coherent,15,10,float32_all,ranking_compare,0.158182,7353,10,NaN,ranking and topK comparison
cp15p00_medium_beta_coherent_t0010,10,120,formal_tps30,medium_beta_coherent,15,10,combined_int16,score_recompute,0.308441,7353,10,NaN,Step12 quantized score recompute
cp15p00_medium_beta_coherent_t0010,10,120,formal_tps30,medium_beta_coherent,15,10,combined_int16,ranking_compare,0.1526509,7353,10,NaN,ranking and topK comparison
cp15p00_medium_beta_coherent_t0010,10,120,formal_tps30,medium_beta_coherent,15,10,combined_int18,score_recompute,0.3076983,7353,10,NaN,Step12 quantized score recompute
cp15p00_medium_beta_coherent_t0010,10,120,formal_tps30,medium_beta_coherent,15,10,combined_int18,ranking_compare,0.159059,7353,10,NaN,ranking and topK comparison
cp15p00_medium_beta_coherent_t0010,10,120,formal_tps30,medium_beta_coherent,15,10,combined_int24,score_recompute,0.3105365,7353,10,NaN,Step12 quantized score recompute
cp15p00_medium_beta_coherent_t0010,10,120,formal_tps30,medium_beta_coherent,15,10,combined_int24,ranking_compare,0.19614,7353,10,NaN,ranking and topK comparison
cp15p00_medium_beta_coherent_t0010,10,120,formal_tps30,medium_beta_coherent,15,10,mixed_Z16_G24_Rz24,score_recompute,0.3162984,7353,10,NaN,Step12 quantized score recompute
cp15p00_medium_beta_coherent_t0010,10,120,formal_tps30,medium_beta_coherent,15,10,mixed_Z16_G24_Rz24,ranking_compare,0.1548441,7353,10,NaN,ranking and topK comparison
cp15p00_medium_beta_coherent_t0010,10,120,formal_tps30,medium_beta_coherent,15,10,combined_int14,score_recompute,0.3145067,7353,10,NaN,Step12 quantized score recompute
cp15p00_medium_beta_coherent_t0010,10,120,formal_tps30,medium_beta_coherent,15,10,combined_int14,ranking_compare,0.1561698,7353,10,NaN,ranking and topK comparison
cp15p00_medium_beta_coherent_t0010,10,120,formal_tps30,medium_beta_coherent,15,10,W_int18_G24_Z16,score_recompute,0.3094347,7353,10,NaN,Step12 quantized score recompute
cp15p00_medium_beta_coherent_t0010,10,120,formal_tps30,medium_beta_coherent,15,10,W_int18_G24_Z16,ranking_compare,0.1657871,7353,10,NaN,ranking and topK comparison
