config_name,scenario_name,adaptive_policy_name,adaptive_confidence,adaptive_boundary_flag,failure_reason,row_id,config_id,seed_group_id,base_seed,trial_id,seed,az_center_bias_deg,el_center_bias_deg,truth_az1,truth_az2,truth_el1,truth_el2,true_orientation,fixed_success,adaptive_success,full_success,fixed_rmse,adaptive_rmse,full_rmse,fixed_num_pairs,adaptive_num_pairs,full_num_pairs,adaptive_vs_fixed_pair_count_ratio,fixed_full_grid_match,adaptive_full_grid_match,fixed_topK_miss,adaptive_topK_miss,fixed_boundary_hit,adaptive_boundary_hit,H_norm,gap_13,gap_17,boundary_risk,cond_risk,U_search,U_confidence,adaptive_topK,az_window_scale,el_window_scale
C05_easy_very_aggressive,easy_noncoherent,EASY,high,,,1,5,1,20260609,1,20261610,0,0,7.365,8.635,9.975,10.645,1,1,1,1,0.0595818764390646,0.0282488937836506,0.0595818764390635,18612,9729,131461,0.522727272727273,1,1,0,0,0,0,0.998794894423609,0.00215915355099231,0.00495684570359313,0,0.014161674087216,0.207183397285,0.423189168987375,1,0.6,0.6
C05_easy_very_aggressive,easy_noncoherent,EASY,high,,,2,5,1,20260609,2,20261611,0,0,7.365,8.635,10.645,9.975,-1,1,1,1,0.0595818764390646,0.0282488937836506,0.0595818764390635,17154,9729,131461,0.567156348373557,1,1,0,0,0,0,0.994521830748555,0.00278809133977975,0.0089733766040886,0,0.0166354136958332,0.0709135430477208,0.369900549204307,1,0.6,0.6
C05_easy_very_aggressive,easy_noncoherent,EASY,high,,,3,5,1,20260609,3,20261612,0,0,7.365,8.635,9.975,10.645,1,1,1,1,0.0595818764390646,0.0282488937836506,0.0595818764390635,18612,9729,131461,0.522727272727273,1,1,0,0,0,0,0.9981135281876,0.00268636891719344,0.00629809182188517,0,0.014161674087216,0.092953401274754,0.379016076954677,1,0.6,0.6
C05_easy_very_aggressive,easy_noncoherent,EASY,high,,,4,5,1,20260609,4,20261613,0,0,7.365,8.635,10.645,9.975,-1,1,1,1,0.0595818764390646,0.0282488937836506,0.0595818764390635,17154,9729,131461,0.567156348373557,1,1,0,0,0,0,0.996350816918643,0.00296438871797075,0.00677633708861269,0,0.0166354136958332,0.0327157777730036,0.355849246181254,1,0.6,0.6
C05_easy_very_aggressive,easy_noncoherent,EASY,high,,,5,5,1,20260609,5,20261614,0,0,7.365,8.635,9.975,10.645,1,1,1,1,0.0595818764390646,0.0282488937836506,0.0595818764390635,18612,9729,131461,0.522727272727273,1,1,0,0,0,0,0.997461252501922,0.00276745818593987,0.00730472149604008,0,0.014161674087216,0.0753840597130278,0.372030341402487,1,0.6,0.6
C05_easy_very_aggressive,easy_noncoherent,EASY,high,,,6,5,1,20260609,6,20261615,0,0,7.365,8.635,10.645,9.975,-1,1,1,1,0.0595818764390646,0.0282488937836506,0.0595818764390635,17154,9729,131461,0.567156348373557,1,1,0,0,0,0,0.996262642486118,0.00293262441158553,0.00692396445727343,0,0.0166354136958332,0.0395980441564684,0.358465410661972,1,0.6,0.6
C05_easy_very_aggressive,easy_noncoherent,EASY,high,,,7,5,1,20260609,7,20261616,0,0,7.365,8.635,9.975,10.645,1,1,1,1,0.0595818764390646,0.0282488937836506,0.0595818764390635,18612,9729,131461,0.522727272727273,1,1,0,0,0,0,0.99737310063942,0.00280501488501029,0.0074246571512089,0,0.014161674087216,0.0672467749144363,0.368869763328077,1,0.6,0.6
C05_easy_very_aggressive,easy_noncoherent,EASY,high,,,8,5,1,20260609,8,20261617,0,0,7.365,8.635,10.645,9.975,-1,1,1,1,0.0595818764390646,0.0282488937836506,0.0595818764390635,17154,9729,131461,0.567156348373557,1,1,0,0,0,0,0.99649624508818,0.0030190814075422,0.00648328987192784,0,0.0166354136958332,0.025,0.352932539204821,1,0.6,0.6
C05_easy_very_aggressive,easy_noncoherent,EASY,high,,,9,5,1,20260609,9,20261618,0,0,7.365,8.635,9.975,10.645,1,1,1,1,0.0595818764390646,0.0282488937836506,0.0595818764390635,18612,9729,131461,0.522727272727273,1,1,0,0,0,0,0.997999331854927,0.00273820908980605,0.00648865912396709,0,0.014161674087216,0.0817213638753553,0.374656093853858,1,0.6,0.6
C05_easy_very_aggressive,easy_noncoherent,EASY,high,,,10,5,1,20260609,10,20261619,0,0,7.365,8.635,10.645,9.975,-1,1,1,1,0.0595818764390646,0.0282488937836506,0.0595818764390635,17154,9729,131461,0.567156348373557,1,1,0,0,0,0,0.995904081222877,0.00281907326456234,0.00745502105077039,0,0.0166354136958332,0.0642007926781607,0.367802509805104,1,0.6,0.6
C05_easy_very_aggressive,easy_noncoherent,EASY,high,,,11,5,1,20260609,11,20261620,0,0,7.365,8.635,9.975,10.645,1,1,1,1,0.0595818764390646,0.0282488937836506,0.0595818764390635,18612,9729,131461,0.522727272727273,1,1,0,0,0,0,0.997094514674983,0.00289178878331627,0.0078102536137407,0,0.014161674087216,0.0484457636148088,0.361541100048359,1,0.6,0.6
C05_easy_very_aggressive,easy_noncoherent,EASY,high,,,12,5,1,20260609,12,20261621,0,0,7.365,8.635,10.645,9.975,-1,1,1,1,0.0595818764390646,0.0282488937836506,0.0595818764390635,17154,9729,131461,0.567156348373557,1,1,0,0,0,0,0.995001450269279,0.00284958764793677,0.00858323511464575,0,0.0166354136958332,0.0575893429470325,0.364943723690141,1,0.6,0.6
C05_easy_very_aggressive,easy_noncoherent,EASY,high,,,13,5,1,20260609,13,20261622,0,0,7.365,8.635,9.975,10.645,1,1,1,1,0.0595818764390646,0.0282488937836506,0.0595818764390635,18612,9729,131461,0.522727272727273,1,1,0,0,0,0,0.997884784544123,0.00276778051930062,0.00668277144323174,0,0.014161674087216,0.0753142208181992,0.372151716503862,1,0.6,0.6
C05_easy_very_aggressive,easy_noncoherent,EASY,high,,,14,5,1,20260609,14,20261623,0,0,7.365,8.635,10.645,9.975,-1,1,1,1,0.0595818764390646,0.0282488937836506,0.0595818764390635,17154,9729,131461,0.567156348373557,1,1,0,0,0,0,0.99565089980731,0.00286056886502682,0.00782147873265066,0,0.0166354136958332,0.0552100792441893,0.364255929604282,1,0.6,0.6
C05_easy_very_aggressive,easy_noncoherent,EASY,high,,,15,5,1,20260609,15,20261624,0,0,7.365,8.635,9.975,10.645,1,1,1,1,0.0595818764390646,0.0282488937836506,0.0595818764390635,18612,9729,131461,0.522727272727273,1,1,0,0,0,0,0.99707737305139,0.00292584446986451,0.00781040244917678,0,0.014161674087216,0.0410670315293571,0.358697126601082,1,0.6,0.6
C05_easy_very_aggressive,easy_noncoherent,EASY,high,,,16,5,1,20260609,16,20261625,0,0,7.365,8.635,10.645,9.975,-1,1,1,1,0.0595818764390646,0.0282488937836506,0.0595818764390635,17154,9729,131461,0.567156348373557,1,1,0,0,0,0,0.995854053056971,0.00288037402685402,0.007584889496317,0,0.0166354136958332,0.0509189608482962,0.362676603089397,1,0.6,0.6
C05_easy_very_aggressive,easy_noncoherent,EASY,high,,,17,5,1,20260609,17,20261626,0,0,7.365,8.635,9.975,10.645,1,1,1,1,0.0595818764390646,0.0282488937836506,0.0595818764390635,16830,9729,131461,0.57807486631016,1,1,0,0,0,0,0.995707507968004,0.00354770942461287,0.0093204340117407,0,0.014161674087216,0.025,0.352038046310605,1,0.6,0.6
C05_easy_very_aggressive,easy_noncoherent,EASY,high,,,18,5,1,20260609,18,20261627,0,0,7.365,8.635,10.645,9.975,-1,1,1,1,0.0595818764390646,0.0282488937836506,0.0595818764390635,17154,9729,131461,0.567156348373557,1,1,0,0,0,0,0.995707826951092,0.00293733082803712,0.00782680093383415,0,0.0166354136958332,0.0385783205919564,0.357879023853747,1,0.6,0.6
C05_easy_very_aggressive,easy_noncoherent,EASY,high,,,19,5,1,20260609,19,20261628,0,0,7.365,8.635,9.975,10.645,1,1,1,1,0.0595818764390646,0.0282488937836506,0.0595818764390635,18612,9729,131461,0.522727272727273,1,1,0,0,0,0,0.996856810330554,0.00303085236266503,0.00810433585260107,0,0.014161674087216,0.025,0.352440302137498,1,0.6,0.6
C05_easy_very_aggressive,easy_noncoherent,EASY,high,,,20,5,1,20260609,20,20261629,0,0,7.365,8.635,10.645,9.975,-1,1,1,1,0.0595818764390646,0.0282488937836506,0.0595818764390635,17154,9729,131461,0.567156348373557,1,1,0,0,0,0,0.994982707166758,0.00282295553973259,0.00857870268117395,0,0.0166354136958332,0.0633596330579395,0.367156505954608,1,0.6,0.6
C05_easy_very_aggressive,easy_noncoherent,EASY,high,,,21,5,1,20260609,21,20261630,0,0,7.365,8.635,9.975,10.645,1,1,1,1,0.0595818764390646,0.0282488937836506,0.0595818764390635,18612,9729,131461,0.522727272727273,1,1,0,0,0,0,0.998127233926559,0.00267116758635203,0.00627174588562728,0,0.014161674087216,0.0962470229570593,0.38028765153343,1,0.6,0.6
C05_easy_very_aggressive,easy_noncoherent,EASY,high,,,22,5,1,20260609,22,20261631,0,0,7.365,8.635,10.645,9.975,-1,1,1,1,0.0595818764390646,0.0282488937836506,0.0595818764390635,17154,9729,131461,0.567156348373557,1,1,0,0,0,0,0.995915685183067,0.00280619404341974,0.00737411114433905,0,0.0166354136958332,0.0669912905923892,0.36887983961972,1,0.6,0.6
C05_easy_very_aggressive,easy_noncoherent,EASY,high,,,23,5,1,20260609,23,20261632,0,0,7.365,8.635,9.975,10.645,1,1,1,1,0.0595818764390646,0.0282488937836506,0.0595818764390635,18612,9729,131461,0.522727272727273,1,1,0,0,0,0,0.997653095040447,0.0027797401144985,0.00701720010641005,0,0.014161674087216,0.072722975191991,0.371073992244418,1,0.6,0.6
C05_easy_very_aggressive,easy_noncoherent,EASY,high,,,24,5,1,20260609,24,20261633,0,0,7.365,8.635,10.645,9.975,-1,1,1,1,0.0595818764390646,0.0282488937836506,0.0595818764390635,17154,9729,131461,0.567156348373557,1,1,0,0,0,0,0.995847889043107,0.00290835220331579,0.0076208142622716,0,0.0166354136958332,0.044857022614912,0.360342930979396,1,0.6,0.6
C05_easy_very_aggressive,easy_noncoherent,EASY,high,,,25,5,1,20260609,25,20261634,0,0,7.365,8.635,9.975,10.645,1,1,1,1,0.0595818764390646,0.0282488937836506,0.0595818764390635,18612,9729,131461,0.522727272727273,1,1,0,0,0,0,0.997125383742461,0.00289309851494834,0.00776227435752675,0,0.014161674087216,0.0481619884278602,0.361442759919304,1,0.6,0.6
C05_easy_very_aggressive,easy_noncoherent,EASY,high,,,26,5,1,20260609,26,20261635,0,0,7.365,8.635,10.645,9.975,-1,1,1,1,0.0595818764390646,0.0282488937836506,0.0595818764390635,17154,9729,131461,0.567156348373557,1,1,0,0,0,0,0.996096137373815,0.00289182564510823,0.00716711765969002,0,0.0166354136958332,0.0484377768932176,0.361807031079108,1,0.6,0.6
C05_easy_very_aggressive,easy_noncoherent,EASY,high,,,27,5,1,20260609,27,20261636,0,0,7.365,8.635,9.975,10.645,1,1,1,1,0.0595818764390646,0.0282488937836506,0.0595818764390635,18612,9729,131461,0.522727272727273,1,1,0,0,0,0,0.996506091952179,0.00322767963268378,0.00852626979592923,0,0.014161674087216,0.025,0.352317550705066,1,0.6,0.6
C05_easy_very_aggressive,easy_noncoherent,EASY,high,,,28,5,1,20260609,28,20261637,0,0,7.365,8.635,10.645,9.975,-1,1,1,1,0.0595818764390646,0.0282488937836506,0.0595818764390635,17154,9729,131461,0.567156348373557,1,1,0,0,0,0,0.993952468614832,0.00286862184386557,0.00933308690337948,0,0.0166354136958332,0.053465267162459,0.362990397117018,1,0.6,0.6
C05_easy_very_aggressive,easy_noncoherent,EASY,high,,,29,5,1,20260609,29,20261638,0,0,7.365,8.635,9.975,10.645,1,1,1,1,0.0595818764390646,0.0282488937836506,0.0595818764390635,18612,9729,131461,0.522727272727273,1,1,0,0,0,0,0.997335003094359,0.00282054490693684,0.00747371840476791,0,0.014161674087216,0.0638819368303518,0.367562260693427,1,0.6,0.6
C05_easy_very_aggressive,easy_noncoherent,EASY,high,,,30,5,1,20260609,30,20261639,0,0,7.365,8.635,10.645,9.975,-1,1,1,1,0.0595818764390646,0.0282488937836506,0.0595818764390635,17154,9729,131461,0.567156348373557,1,1,0,0,0,0,0.995727544160375,0.00284998940519065,0.00773953228091583,0,0.0166354136958332,0.0575022955420269,0.365164376780869,1,0.6,0.6
C05_easy_very_aggressive,strong_coherent,EASY,high,,,31,5,1,20260609,1,20262610,0,0,7.365,8.635,10.125,10.495,1,1,1,1,0.0543139024560002,0.0140712472794703,0.0543139024560002,19998,9729,131461,0.486498649864986,1,1,0,0,0,0,0.994541699595676,0.00402573076762557,0.00861534511804881,0,0.0148363999557136,0.025,0.351798694847415,1,0.6,0.6
C05_easy_very_aggressive,strong_coherent,EASY,high,,,32,5,1,20260609,2,20262611,0,0,7.365,8.635,10.495,10.125,-1,1,1,1,0.0543139024560002,0.0140712472794703,0.0543139024560002,19998,9729,131461,0.486498649864986,1,1,0,0,0,0,0.995427074991276,0.00235663961374649,0.00796100880816591,0,0.0161804396345576,0.164394750354927,0.406057951676712,1,0.6,0.6
C05_easy_very_aggressive,strong_coherent,EASY,high,,,33,5,1,20260609,3,20262612,0,0,7.365,8.635,10.125,10.495,1,1,1,1,0.0543139024560002,0.0140712472794703,0.0543139024560002,19998,9729,131461,0.486498649864986,1,1,0,0,0,0,0.994554042895361,0.00404216922536838,0.00859821647716436,0,0.0148363999557136,0.025,0.351803015002305,1,0.6,0.6
C05_easy_very_aggressive,strong_coherent,EASY,high,,,34,5,1,20260609,4,20262613,0,0,7.365,8.635,10.495,10.125,-1,1,1,1,0.0543139024560002,0.0140712472794703,0.0543139024560002,19998,9729,131461,0.486498649864986,1,1,0,0,0,0,0.995431196117857,0.00237339543365667,0.00794980649056543,0,0.0161804396345576,0.160764322707722,0.404663075745167,1,0.6,0.6
C05_easy_very_aggressive,strong_coherent,EASY,high,,,35,5,1,20260609,5,20262614,0,0,7.365,8.635,10.125,10.495,1,1,1,1,0.0543139024560002,0.0140712472794703,0.0543139024560002,19998,9729,131461,0.486498649864986,1,1,0,0,0,0,0.994561015382694,0.0040180414996541,0.00861300605078273,0,0.0148363999557136,0.025,0.351805455372871,1,0.6,0.6
C05_easy_very_aggressive,strong_coherent,EASY,high,,,36,5,1,20260609,6,20262615,0,0,7.365,8.635,10.495,10.125,-1,1,1,1,0.0543139024560002,0.0140712472794703,0.0543139024560002,19998,9729,131461,0.486498649864986,1,1,0,0,0,0,0.995433861505458,0.00235965978968174,0.00793156689559751,0,0.0161804396345576,0.163740378902291,0.405808645628739,1,0.6,0.6
C05_easy_very_aggressive,strong_coherent,EASY,high,,,37,5,1,20260609,7,20262616,0,0,7.365,8.635,10.125,10.495,1,1,1,1,0.0543139024560002,0.0140712472794703,0.0543139024560002,19998,9729,131461,0.486498649864986,1,1,0,0,0,0,0.994580140643906,0.004027798432308,0.00857969147713787,0,0.0148363999557136,0.025,0.351812149214295,1,0.6,0.6
C05_easy_very_aggressive,strong_coherent,EASY,high,,,38,5,1,20260609,8,20262617,0,0,7.365,8.635,10.495,10.125,-1,1,1,1,0.0543139024560002,0.0140712472794703,0.0543139024560002,19998,9729,131461,0.486498649864986,1,1,0,0,0,0,0.995472720237234,0.00236043852198516,0.00789395238710517,0,0.0161804396345576,0.163571653569882,0.405757351826241,1,0.6,0.6
C05_easy_very_aggressive,strong_coherent,EASY,high,,,39,5,1,20260609,9,20262618,0,0,7.365,8.635,10.125,10.495,1,1,1,1,0.0543139024560002,0.0140712472794703,0.0543139024560002,19998,9729,131461,0.486498649864986,1,1,0,0,0,0,0.994581781917908,0.00400616999049216,0.00860817958252767,0,0.0148363999557136,0.025,0.351812723660196,1,0.6,0.6
C05_easy_very_aggressive,strong_coherent,EASY,high,,,40,5,1,20260609,10,20262619,0,0,7.365,8.635,10.495,10.125,-1,1,1,1,0.0543139024560002,0.0140712472794703,0.0543139024560002,19998,9729,131461,0.486498649864986,1,1,0,0,0,0,0.995429749220835,0.00237743500500213,0.00795117432414407,0,0.0161804396345576,0.159889082249538,0.404325938385754,1,0.6,0.6
C05_easy_very_aggressive,strong_coherent,EASY,high,,,41,5,1,20260609,11,20262620,0,0,7.365,8.635,10.125,10.495,1,1,1,1,0.0543139024560002,0.0140712472794703,0.0543139024560002,19998,9729,131461,0.486498649864986,1,1,0,0,0,0,0.994546338336022,0.00404260640443725,0.00860537333750034,0,0.0148363999557136,0.025,0.351800318406536,1,0.6,0.6
C05_easy_very_aggressive,strong_coherent,EASY,high,,,42,5,1,20260609,12,20262621,0,0,7.365,8.635,10.495,10.125,-1,1,1,1,0.0543139024560002,0.0140712472794703,0.0543139024560002,19998,9729,131461,0.486498649864986,1,1,0,0,0,0,0.995452798872294,0.00236482081215911,0.00793199376524198,0,0.0161804396345576,0.162622157365525,0.405385188500683,1,0.6,0.6
C05_easy_very_aggressive,strong_coherent,EASY,high,,,43,5,1,20260609,13,20262622,0,0,7.365,8.635,10.125,10.495,1,1,1,1,0.0543139024560002,0.0140712472794703,0.0543139024560002,19998,9729,131461,0.486498649864986,1,1,0,0,0,0,0.994544636682865,0.00403898622422011,0.00860234068678532,0,0.0148363999557136,0.025,0.351799722827931,1,0.6,0.6
C05_easy_very_aggressive,strong_coherent,EASY,high,,,44,5,1,20260609,14,20262623,0,0,7.365,8.635,10.495,10.125,-1,1,1,1,0.0543139024560002,0.0140712472794703,0.0543139024560002,19998,9729,131461,0.486498649864986,1,1,0,0,0,0,0.995421113707774,0.00235138873499869,0.00796516385383673,0,0.0161804396345576,0.165532440750285,0.40649343845647,1,0.6,0.6
C05_easy_very_aggressive,strong_coherent,EASY,high,,,45,5,1,20260609,15,20262624,0,0,7.365,8.635,10.125,10.495,1,1,1,1,0.0543139024560002,0.0140712472794703,0.0543139024560002,19998,9729,131461,0.486498649864986,1,1,0,0,0,0,0.994553636961836,0.00400669550191223,0.00861290773722941,0,0.0148363999557136,0.025,0.351802872925571,1,0.6,0.6
C05_easy_very_aggressive,strong_coherent,EASY,high,,,46,5,1,20260609,16,20262625,0,0,7.365,8.635,10.495,10.125,-1,1,1,1,0.0543139024560002,0.0140712472794703,0.0543139024560002,19998,9729,131461,0.486498649864986,1,1,0,0,0,0,0.995433701178622,0.00237165553557852,0.00795192245032098,0,0.0161804396345576,0.161141300624654,0.404808944022947,1,0.6,0.6
C05_easy_very_aggressive,strong_coherent,EASY,high,,,47,5,1,20260609,17,20262626,0,0,7.365,8.635,10.125,10.495,1,1,1,1,0.0543139024560002,0.0140712472794703,0.0543139024560002,19998,9729,131461,0.486498649864986,1,1,0,0,0,0,0.994550636193784,0.00405346523920421,0.00859884993984973,0,0.0148363999557136,0.025,0.351801822656753,1,0.6,0.6
C05_easy_very_aggressive,strong_coherent,EASY,high,,,48,5,1,20260609,18,20262627,0,0,7.365,8.635,10.495,10.125,-1,1,1,1,0.0543139024560002,0.0140712472794703,0.0543139024560002,19998,9729,131461,0.486498649864986,1,1,0,0,0,0,0.995430543710515,0.00236108480498666,0.00794699316042459,0,0.0161804396345576,0.163431625586223,0.405688733125097,1,0.6,0.6
C05_easy_very_aggressive,strong_coherent,EASY,high,,,49,5,1,20260609,19,20262628,0,0,7.365,8.635,10.125,10.495,1,1,1,1,0.0543139024560002,0.0140712472794703,0.0543139024560002,19998,9729,131461,0.486498649864986,1,1,0,0,0,0,0.994583939384808,0.00403336345150526,0.00860014490440742,0,0.0148363999557136,0.025,0.351813478773611,1,0.6,0.6
C05_easy_very_aggressive,strong_coherent,EASY,high,,,50,5,1,20260609,20,20262629,0,0,7.365,8.635,10.495,10.125,-1,1,1,1,0.0543139024560002,0.0140712472794703,0.0543139024560002,19998,9729,131461,0.486498649864986,1,1,0,0,0,0,0.995406519996193,0.00236163190369815,0.00796992353677278,0,0.0161804396345576,0.163313087532067,0.405634733265794,1,0.6,0.6
C05_easy_very_aggressive,strong_coherent,EASY,high,,,51,5,1,20260609,21,20262630,0,0,7.365,8.635,10.125,10.495,1,1,1,1,0.0543139024560002,0.0140712472794703,0.0543139024560002,19998,9729,131461,0.486498649864986,1,1,0,0,0,0,0.994599783272605,0.00400517260093485,0.00858224711424299,0,0.0148363999557136,0.025,0.35181902413434,1,0.6,0.6
C05_easy_very_aggressive,strong_coherent,EASY,high,,,52,5,1,20260609,22,20262631,0,0,7.365,8.635,10.495,10.125,-1,1,1,1,0.0543139024560002,0.0140712472794703,0.0543139024560002,19998,9729,131461,0.486498649864986,1,1,0,0,0,0,0.995451472853639,0.00235461261115639,0.00794015791241386,0,0.0161804396345576,0.164833934249448,0.406235407811047,1,0.6,0.6
C05_easy_very_aggressive,strong_coherent,EASY,high,,,53,5,1,20260609,23,20262632,0,0,7.365,8.635,10.125,10.495,1,1,1,1,0.0543139024560002,0.0140712472794703,0.0543139024560002,19998,9729,131461,0.486498649864986,1,1,0,0,0,0,0.994565972789547,0.0040230085289814,0.00859600141736429,0,0.0148363999557136,0.025,0.35180719046527,1,0.6,0.6
C05_easy_very_aggressive,strong_coherent,EASY,high,,,54,5,1,20260609,24,20262633,0,0,7.365,8.635,10.495,10.125,-1,1,1,1,0.0543139024560002,0.0140712472794703,0.0543139024560002,19998,9729,131461,0.486498649864986,1,1,0,0,0,0,0.995401978140667,0.0023692581915147,0.00799026598490982,0,0.0161804396345576,0.161660725171816,0.404997619631648,1,0.6,0.6
C05_easy_very_aggressive,strong_coherent,EASY,high,,,55,5,1,20260609,25,20262634,0,0,7.365,8.635,10.125,10.495,1,1,1,1,0.0543139024560002,0.0140712472794703,0.0543139024560002,19998,9729,131461,0.486498649864986,1,1,0,0,0,0,0.99451434263554,0.00405323822378276,0.00862796537816462,0,0.0148363999557136,0.025,0.351789119911368,1,0.6,0.6
C05_easy_very_aggressive,strong_coherent,EASY,high,,,56,5,1,20260609,26,20262635,0,0,7.365,8.635,10.495,10.125,-1,1,1,1,0.0543139024560002,0.0140712472794703,0.0543139024560002,19998,9729,131461,0.486498649864986,1,1,0,0,0,0,0.995411146602094,0.00234394148074006,0.00793252762890012,0,0.0161804396345576,0.167146012506321,0.407110554491034,1,0.6,0.6
C05_easy_very_aggressive,strong_coherent,EASY,high,,,57,5,1,20260609,27,20262636,0,0,7.365,8.635,10.125,10.495,1,1,1,1,0.0543139024560002,0.0140712472794703,0.0543139024560002,19998,9729,131461,0.486498649864986,1,1,0,0,0,0,0.994535970565381,0.00403870431421525,0.00861437207697149,0,0.0148363999557136,0.025,0.351796689686812,1,0.6,0.6
C05_easy_very_aggressive,strong_coherent,EASY,high,,,58,5,1,20260609,28,20262637,0,0,7.365,8.635,10.495,10.125,-1,1,1,1,0.0543139024560002,0.0140712472794703,0.0543139024560002,19998,9729,131461,0.486498649864986,1,1,0,0,0,0,0.995427090719801,0.00234245589041628,0.00794323123119557,0,0.0161804396345576,0.167467890409807,0.40723993412588,1,0.6,0.6
C05_easy_very_aggressive,strong_coherent,EASY,high,,,59,5,1,20260609,29,20262638,0,0,7.365,8.635,10.125,10.495,1,1,1,1,0.0543139024560002,0.0140712472794703,0.0543139024560002,19998,9729,131461,0.486498649864986,1,1,0,0,0,0,0.994567894722047,0.00402517952047081,0.00860393243255924,0,0.0148363999557136,0.025,0.351807863141645,1,0.6,0.6
C05_easy_very_aggressive,strong_coherent,EASY,high,,,60,5,1,20260609,30,20262639,0,0,7.365,8.635,10.495,10.125,-1,1,1,1,0.0543139024560002,0.0140712472794703,0.0543139024560002,19998,9729,131461,0.486498649864986,1,1,0,0,0,0,0.995420299716966,0.00235661899240184,0.00795227609078789,0,0.0161804396345576,0.164399218312935,0.406057298776091,1,0.6,0.6
C05_easy_very_aggressive,hard_phase,EASY,high,,,61,5,1,20260609,1,20263610,0,0,7.585,8.415,10.125,10.495,1,1,1,1,0.0561248608016083,0.0199499373432595,0.0561248608016083,18936,9729,131461,0.513783269961977,1,1,0,0,0,0,0.995948860207035,0.00398391823576492,0.00728476540233798,0,0.0443699076850879,0.025,0.359674577993734,1,0.6,0.6
C05_easy_very_aggressive,hard_phase,EASY,high,,,62,5,1,20260609,2,20263611,0,0,7.585,8.415,10.495,10.125,-1,1,1,1,0.0561248608016083,0.0199499373432595,0.0561248608016083,18612,9729,131461,0.522727272727273,1,1,0,0,0,0,0.995503699089016,0.0035664618632121,0.00783557513470621,0,0.0427307558720042,0.025,0.359108983649157,1,0.6,0.6
C05_easy_very_aggressive,hard_phase,EASY,high,,,63,5,1,20260609,3,20263612,0,0,7.585,8.415,10.125,10.495,1,1,1,1,0.0561248608016083,0.0199499373432595,0.0561248608016083,18936,9729,131461,0.513783269961977,1,1,0,0,0,0,0.995916685651697,0.00396276648851414,0.00727177597613475,0,0.0443699076850879,0.025,0.359663316899366,1,0.6,0.6
C05_easy_very_aggressive,hard_phase,EASY,high,,,64,5,1,20260609,4,20263613,0,0,7.585,8.415,10.495,10.125,-1,1,1,1,0.0561248608016083,0.0199499373432595,0.0561248608016083,18612,9729,131461,0.522727272727273,1,1,0,0,0,0,0.995396563980056,0.00357980495288342,0.00791063938183661,0,0.0427307558720042,0.025,0.359071486361021,1,0.6,0.6
C05_easy_very_aggressive,hard_phase,EASY,high,,,65,5,1,20260609,5,20263614,0,0,7.585,8.415,10.125,10.495,1,1,1,1,0.0561248608016083,0.0199499373432595,0.0561248608016083,18936,9729,131461,0.513783269961977,1,1,0,0,0,0,0.995929997957067,0.00397384733242222,0.00726786637335888,0,0.0443699076850879,0.025,0.359667976206245,1,0.6,0.6
C05_easy_very_aggressive,hard_phase,EASY,high,,,66,5,1,20260609,6,20263615,0,0,7.585,8.415,10.495,10.125,-1,1,1,1,0.0561248608016083,0.0199499373432595,0.0561248608016083,18612,9729,131461,0.522727272727273,1,1,0,0,0,0,0.995390983182857,0.00357733419620764,0.00794483872814364,0,0.0427307558720042,0.025,0.359069533082001,1,0.6,0.6
C05_easy_very_aggressive,hard_phase,EASY,high,,,67,5,1,20260609,7,20263616,0,0,7.585,8.415,10.125,10.495,1,1,1,1,0.0561248608016083,0.0199499373432595,0.0561248608016083,18936,9729,131461,0.513783269961977,1,1,0,0,0,0,0.995937990706583,0.00398685965378362,0.00729408673700972,0,0.0443699076850879,0.025,0.359670773668576,1,0.6,0.6
C05_easy_very_aggressive,hard_phase,EASY,high,,,68,5,1,20260609,8,20263617,0,0,7.585,8.415,10.495,10.125,-1,1,1,1,0.0561248608016083,0.0199499373432595,0.0561248608016083,18612,9729,131461,0.522727272727273,1,1,0,0,0,0,0.995503411859558,0.00357403602006012,0.00782152492742929,0,0.0427307558720042,0.025,0.359108883118846,1,0.6,0.6
C05_easy_very_aggressive,hard_phase,EASY,high,,,69,5,1,20260609,9,20263618,0,0,7.585,8.415,10.125,10.495,1,1,1,1,0.0561248608016083,0.0199499373432595,0.0561248608016083,18936,9729,131461,0.513783269961977,1,1,0,0,0,0,0.995938901161176,0.00397727992753191,0.0072867345947288,0,0.0443699076850879,0.025,0.359671092327684,1,0.6,0.6
C05_easy_very_aggressive,hard_phase,EASY,high,,,70,5,1,20260609,10,20263619,0,0,7.585,8.415,10.495,10.125,-1,1,1,1,0.0561248608016083,0.0199499373432595,0.0561248608016083,18612,9729,131461,0.522727272727273,1,1,0,0,0,0,0.995423562882649,0.00356202076115193,0.00790272606056652,0,0.0427307558720042,0.025,0.359080935976928,1,0.6,0.6
C05_easy_very_aggressive,hard_phase,EASY,high,,,71,5,1,20260609,11,20263620,0,0,7.585,8.415,10.125,10.495,1,1,1,1,0.0561248608016083,0.0199499373432595,0.0561248608016083,18936,9729,131461,0.513783269961977,1,1,0,0,0,0,0.995972921943531,0.0039866825738826,0.007266383590458,0,0.0443699076850879,0.025,0.359682999601508,1,0.6,0.6
C05_easy_very_aggressive,hard_phase,EASY,high,,,72,5,1,20260609,12,20263621,0,0,7.585,8.415,10.495,10.125,-1,1,1,1,0.0561248608016083,0.0199499373432595,0.0561248608016083,18612,9729,131461,0.522727272727273,1,1,0,0,0,0,0.99540689217726,0.00354857785194783,0.00792550242135821,0,0.0427307558720042,0.025,0.359075101230042,1,0.6,0.6
C05_easy_very_aggressive,hard_phase,EASY,high,,,73,5,1,20260609,13,20263622,0,0,7.585,8.415,10.125,10.495,1,1,1,1,0.0561248608016083,0.0199499373432595,0.0561248608016083,18936,9729,131461,0.513783269961977,1,1,0,0,0,0,0.995955180562851,0.00396956587534115,0.00726853259831116,0,0.0443699076850879,0.025,0.35967679011827,1,0.6,0.6
C05_easy_very_aggressive,hard_phase,EASY,high,,,74,5,1,20260609,14,20263623,0,0,7.585,8.415,10.495,10.125,-1,1,1,1,0.0561248608016083,0.0199499373432595,0.0561248608016083,18612,9729,131461,0.522727272727273,1,1,0,0,0,0,0.995388109753456,0.00352151069350061,0.00794372660976988,0,0.0427307558720042,0.025,0.359068527381711,1,0.6,0.6
C05_easy_very_aggressive,hard_phase,EASY,high,,,75,5,1,20260609,15,20263624,0,0,7.585,8.415,10.125,10.495,1,1,1,1,0.0561248608016083,0.0199499373432595,0.0561248608016083,18936,9729,131461,0.513783269961977,1,1,0,0,0,0,0.995943011039606,0.00398165657427685,0.00728204191823982,0,0.0443699076850879,0.025,0.359672530785134,1,0.6,0.6
C05_easy_very_aggressive,hard_phase,EASY,high,,,76,5,1,20260609,16,20263625,0,0,7.585,8.415,10.495,10.125,-1,1,1,1,0.0561248608016083,0.0199499373432595,0.0561248608016083,18612,9729,131461,0.522727272727273,1,1,0,0,0,0,0.995417761246287,0.00353733121899722,0.00788916766269976,0,0.0427307558720042,0.025,0.359078905404202,1,0.6,0.6
C05_easy_very_aggressive,hard_phase,EASY,high,,,77,5,1,20260609,17,20263626,0,0,7.585,8.415,10.125,10.495,1,1,1,1,0.0561248608016083,0.0199499373432595,0.0561248608016083,18936,9729,131461,0.513783269961977,1,1,0,0,0,0,0.995960689123721,0.00394642500160138,0.0072651636966727,0,0.0443699076850879,0.025,0.359678718114574,1,0.6,0.6
C05_easy_very_aggressive,hard_phase,EASY,high,,,78,5,1,20260609,18,20263627,0,0,7.585,8.415,10.495,10.125,-1,1,1,1,0.0561248608016083,0.0199499373432595,0.0561248608016083,18612,9729,131461,0.522727272727273,1,1,0,0,0,0,0.995489352616926,0.00356887660683497,0.00783771167775206,0,0.0427307558720042,0.025,0.359103962383925,1,0.6,0.6
C05_easy_very_aggressive,hard_phase,EASY,high,,,79,5,1,20260609,19,20263628,0,0,7.585,8.415,10.125,10.495,1,1,1,1,0.0561248608016083,0.0199499373432595,0.0561248608016083,18936,9729,131461,0.513783269961977,1,1,0,0,0,0,0.995981039964075,0.00395058381087474,0.00725941065455929,0,0.0443699076850879,0.025,0.359685840908698,1,0.6,0.6
C05_easy_very_aggressive,hard_phase,EASY,high,,,80,5,1,20260609,20,20263629,0,0,7.585,8.415,10.495,10.125,-1,1,1,1,0.0561248608016083,0.0199499373432595,0.0561248608016083,18612,9729,131461,0.522727272727273,1,1,0,0,0,0,0.99543828708381,0.00353129983319502,0.00789120913710825,0,0.0427307558720042,0.025,0.359086089447334,1,0.6,0.6
C05_easy_very_aggressive,hard_phase,EASY,high,,,81,5,1,20260609,21,20263630,0,0,7.585,8.415,10.125,10.495,1,1,1,1,0.0561248608016083,0.0199499373432595,0.0561248608016083,18936,9729,131461,0.513783269961977,1,1,0,0,0,0,0.995923746310222,0.00397382725637416,0.00729525786296135,0,0.0443699076850879,0.025,0.35966578812985,1,0.6,0.6
C05_easy_very_aggressive,hard_phase,EASY,high,,,82,5,1,20260609,22,20263631,0,0,7.585,8.415,10.495,10.125,-1,1,1,1,0.0561248608016083,0.0199499373432595,0.0561248608016083,18612,9729,131461,0.522727272727273,1,1,0,0,0,0,0.995319727778161,0.00354001025374076,0.0079916929518467,0,0.0427307558720042,0.025,0.359044593690357,1,0.6,0.6
C05_easy_very_aggressive,hard_phase,EASY,high,,,83,5,1,20260609,23,20263632,0,0,7.585,8.415,10.125,10.495,1,1,1,1,0.0561248608016083,0.0199499373432595,0.0561248608016083,18936,9729,131461,0.513783269961977,1,1,0,0,0,0,0.995956306239196,0.00396678467721701,0.00726167777836099,0,0.0443699076850879,0.025,0.359677184104991,1,0.6,0.6
C05_easy_very_aggressive,hard_phase,EASY,high,,,84,5,1,20260609,24,20263633,0,0,7.585,8.415,10.495,10.125,-1,1,1,1,0.0561248608016083,0.0199499373432595,0.0561248608016083,18612,9729,131461,0.522727272727273,1,1,0,0,0,0,0.995413981027966,0.00358433972745663,0.00791481994388626,0,0.0427307558720042,0.025,0.359077582327789,1,0.6,0.6
C05_easy_very_aggressive,hard_phase,EASY,high,,,85,5,1,20260609,25,20263634,0,0,7.585,8.415,10.125,10.495,1,1,1,1,0.0561248608016083,0.0199499373432595,0.0561248608016083,18936,9729,131461,0.513783269961977,1,1,0,0,0,0,0.995967310439168,0.00396728568982003,0.00726311073946525,0,0.0443699076850879,0.025,0.359681035574981,1,0.6,0.6
C05_easy_very_aggressive,hard_phase,EASY,high,,,86,5,1,20260609,26,20263635,0,0,7.585,8.415,10.495,10.125,-1,1,1,1,0.0561248608016083,0.0199499373432595,0.0561248608016083,18612,9729,131461,0.522727272727273,1,1,0,0,0,0,0.99537143951826,0.00355705454873299,0.00796250174131351,0,0.0427307558720042,0.025,0.359062692799392,1,0.6,0.6
C05_easy_very_aggressive,hard_phase,EASY,high,,,87,5,1,20260609,27,20263636,0,0,7.585,8.415,10.125,10.495,1,1,1,1,0.0561248608016083,0.0199499373432595,0.0561248608016083,18936,9729,131461,0.513783269961977,1,1,0,0,0,0,0.995961692021313,0.00396064638957657,0.00726562865863971,0,0.0443699076850879,0.025,0.359679069128732,1,0.6,0.6
C05_easy_very_aggressive,hard_phase,EASY,high,,,88,5,1,20260609,28,20263637,0,0,7.585,8.415,10.495,10.125,-1,1,1,1,0.0561248608016083,0.0199499373432595,0.0561248608016083,18612,9729,131461,0.522727272727273,1,1,0,0,0,0,0.99530781622283,0.00355225873757842,0.00801268529122413,0,0.0427307558720042,0.025,0.359040424645992,1,0.6,0.6
C05_easy_very_aggressive,hard_phase,EASY,high,,,89,5,1,20260609,29,20263638,0,0,7.585,8.415,10.125,10.495,1,1,1,1,0.0561248608016083,0.0199499373432595,0.0561248608016083,18936,9729,131461,0.513783269961977,1,1,0,0,0,0,0.995980260627673,0.00395340506194776,0.00725862428491311,0,0.0443699076850879,0.025,0.359685568140957,1,0.6,0.6
C05_easy_very_aggressive,hard_phase,EASY,high,,,90,5,1,20260609,30,20263639,0,0,7.585,8.415,10.495,10.125,-1,1,1,1,0.0561248608016083,0.0199499373432595,0.0561248608016083,18612,9729,131461,0.522727272727273,1,1,0,0,0,0,0.995449598651261,0.00354477346489178,0.00788595629216454,0,0.0427307558720042,0.025,0.359090048495942,1,0.6,0.6
C05_easy_very_aggressive,weak_secondary,NORMAL,medium,,,91,5,1,20260609,1,20264610,0,0,7.585,8.415,10.125,10.495,1,1,1,1,0.112026782512041,0.112026782512041,0.112026782512041,18513,18513,131461,1,1,1,0,0,0,0,0.999314500433322,0.00129099395081963,0.0030741178343847,0,0.0469812488514907,0.39528464398908,0.503922558129566,3,1,1
C05_easy_very_aggressive,weak_secondary,NORMAL,medium,,,92,5,1,20260609,2,20264611,0,0,7.585,8.415,10.495,10.125,-1,1,1,1,0.100747208398049,0.100747208398049,0.100747208398049,18513,18513,131461,1,1,1,0,0,0,0,0.998922923213229,0.00123377830853431,0.00361582280030516,0,0.0658423460071179,0.407681366484233,0.513268750581884,3,1,1
C05_easy_very_aggressive,weak_secondary,NORMAL,medium,,,93,5,1,20260609,3,20264612,0,0,7.585,8.415,10.125,10.495,1,1,1,1,0.112026782512041,0.112026782512041,0.112026782512041,18513,18513,131461,1,1,1,0,0,0,0,0.999315661377449,0.00129477279585458,0.00306767692323932,0,0.0469812488514907,0.394465894231508,0.503608060707099,3,1,1
C05_easy_very_aggressive,weak_secondary,NORMAL,medium,,,94,5,1,20260609,4,20264613,0,0,7.585,8.415,10.495,10.125,-1,1,1,1,0.100747208398049,0.100747208398049,0.100747208398049,18513,18513,131461,1,1,1,0,0,0,0,0.998931235527526,0.00122257399940485,0.00359592975304071,0,0.0658423460071179,0.410108966795616,0.514205352319343,3,1,1
C05_easy_very_aggressive,weak_secondary,NORMAL,medium,,,95,5,1,20260609,5,20264614,0,0,7.585,8.415,10.125,10.495,1,1,1,1,0.112026782512041,0.112026782512041,0.112026782512041,18513,18513,131461,1,1,1,0,0,0,0,0.999316431820358,0.00129203887250432,0.00306969221666974,0,0.0469812488514907,0.395058244290731,0.503836157307972,3,1,1
C05_easy_very_aggressive,weak_secondary,NORMAL,medium,,,96,5,1,20260609,6,20264615,0,0,7.585,8.415,10.495,10.125,-1,1,1,1,0.100747208398049,0.100747208398049,0.100747208398049,18513,18513,131461,1,1,1,0,0,0,0,0.998916279561313,0.00124614710275166,0.00364923757339874,0,0.0658423460071179,0.405001461070475,0.512235692452268,3,1,1
C05_easy_very_aggressive,weak_secondary,NORMAL,medium,,,97,5,1,20260609,7,20264616,0,0,7.585,8.415,10.125,10.495,1,1,1,1,0.112026782512041,0.112026782512041,0.112026782512041,18513,18513,131461,1,1,1,0,0,0,0,0.999324937686075,0.00129605832457705,0.0030613784995179,0,0.0469812488514907,0.394187363008306,0.503504180021578,3,1,1
C05_easy_very_aggressive,weak_secondary,NORMAL,medium,,,98,5,1,20260609,8,20264617,0,0,7.585,8.415,10.495,10.125,-1,1,1,1,0.100747208398049,0.100747208398049,0.100747208398049,18513,18513,131461,1,1,1,0,0,0,0,0.99892531797097,0.00122119298215982,0.00359682389355805,0,0.0658423460071179,0.410408187198706,0.514318365944967,3,1,1
C05_easy_very_aggressive,weak_secondary,NORMAL,medium,,,99,5,1,20260609,9,20264618,0,0,7.585,8.415,10.125,10.495,1,1,1,1,0.112026782512041,0.112026782512041,0.112026782512041,18513,18513,131461,1,1,1,0,0,0,0,0.999321206074159,0.00127933364434761,0.00305755640923843,0,0.0469812488514907,0.397811043724684,0.504896597309861,3,1,1
C05_easy_very_aggressive,weak_secondary,NORMAL,medium,,,100,5,1,20260609,10,20264619,0,0,7.585,8.415,10.495,10.125,-1,1,1,1,0.100747208398049,0.100747208398049,0.100747208398049,18513,18513,131461,1,1,1,0,0,0,0,0.998927856520245,0.00123657471830547,0.00361948333258421,0,0.0658423460071179,0.407075477700481,0.513037443091742,3,1,1
C05_easy_very_aggressive,weak_secondary,NORMAL,medium,,,101,5,1,20260609,11,20264620,0,0,7.585,8.415,10.125,10.495,1,1,1,1,0.112026782512041,0.112026782512041,0.112026782512041,18513,18513,131461,1,1,1,0,0,0,0,0.999317271548496,0.00129809342615578,0.00307086948178515,0,0.0469812488514907,0.393746424332915,0.503331905075198,3,1,1
C05_easy_very_aggressive,weak_secondary,NORMAL,medium,,,102,5,1,20260609,12,20264621,0,0,7.585,8.415,10.495,10.125,-1,1,1,1,0.100747208398049,0.100747208398049,0.100747208398049,18513,18513,131461,1,1,1,0,0,0,0,0.998906808347123,0.00126947614516374,0.00368974315164187,0,0.0658423460071179,0.399946835214523,0.510288290659627,3,1,1
C05_easy_very_aggressive,weak_secondary,NORMAL,medium,,,103,5,1,20260609,13,20264622,0,0,7.585,8.415,10.125,10.495,1,1,1,1,0.112026782512041,0.112026782512041,0.112026782512041,18513,18513,131461,1,1,1,0,0,0,0,0.999310338298786,0.00128437989334718,0.00308349373719734,0,0.0469812488514907,0.396717689774779,0.504472272838516,3,1,1
C05_easy_very_aggressive,weak_secondary,NORMAL,medium,,,104,5,1,20260609,14,20264623,0,0,7.585,8.415,10.495,10.125,-1,1,1,1,0.100747208398049,0.100747208398049,0.100747208398049,18513,18513,131461,1,1,1,0,0,0,0,0.998914852370875,0.0012562395135511,0.00364292685190327,0,0.0658423460071179,0.402814772063929,0.511394158702328,3,1,1
C05_easy_very_aggressive,weak_secondary,NORMAL,medium,,,105,5,1,20260609,15,20264624,0,0,7.585,8.415,10.125,10.495,1,1,1,1,0.112026782512041,0.112026782512041,0.112026782512041,18513,18513,131461,1,1,1,0,0,0,0,0.999312589374719,0.00129372937886329,0.00307156598676368,0,0.0469812488514907,0.394691967912954,0.503693936922083,3,1,1
C05_easy_very_aggressive,weak_secondary,NORMAL,medium,,,106,5,1,20260609,16,20264625,0,0,7.585,8.415,10.495,10.125,-1,1,1,1,0.100747208398049,0.100747208398049,0.100747208398049,18513,18513,131461,1,1,1,0,0,0,0,0.998903945638635,0.00126789779437203,0.00370570853223271,0,0.0658423460071179,0.400288811219393,0.510418817944299,3,1,1
C05_easy_very_aggressive,weak_secondary,NORMAL,medium,,,107,5,1,20260609,17,20264626,0,0,7.585,8.415,10.125,10.495,1,1,1,1,0.112026782512041,0.112026782512041,0.112026782512041,18513,18513,131461,1,1,1,0,0,0,0,0.999309588698649,0.00127767519879061,0.00307387861601862,0,0.0469812488514907,0.398170373595367,0.505030735024849,3,1,1
C05_easy_very_aggressive,weak_secondary,NORMAL,medium,,,108,5,1,20260609,18,20264627,0,0,7.585,8.415,10.495,10.125,-1,1,1,1,0.100747208398049,0.100747208398049,0.100747208398049,18513,18513,131461,1,1,1,0,0,0,0,0.998942805908509,0.00120955197024427,0.00352400742138946,0,0.0658423460071179,0.412930406447074,0.515294571049401,3,1,1
C05_easy_very_aggressive,weak_secondary,NORMAL,medium,,,109,5,1,20260609,19,20264628,0,0,7.585,8.415,10.125,10.495,1,1,1,1,0.112026782512041,0.112026782512041,0.112026782512041,18513,18513,131461,1,1,1,0,0,0,0,0.999311056473947,0.00129045535927237,0.00307177294402267,0,0.0469812488514907,0.39540133882432,0.503966235372723,3,1,1
C05_easy_very_aggressive,weak_secondary,NORMAL,medium,,,110,5,1,20260609,20,20264629,0,0,7.585,8.415,10.495,10.125,-1,1,1,1,0.100747208398049,0.100747208398049,0.100747208398049,18513,18513,131461,1,1,1,0,0,0,0,0.998948675586488,0.00119138209438406,0.00353763855349363,0,0.0658423460071179,0.416867212883453,0.516810781758378,3,1,1
C05_easy_very_aggressive,weak_secondary,NORMAL,medium,,,111,5,1,20260609,21,20264630,0,0,7.585,8.415,10.125,10.495,1,1,1,1,0.112026782512041,0.112026782512041,0.112026782512041,18513,18513,131461,1,1,1,0,0,0,0,0.999312470248964,0.00130954843427376,0.00306350920450283,0,0.0469812488514907,0.391264505907351,0.50237564061053,3,1,1
C05_easy_very_aggressive,weak_secondary,NORMAL,medium,,,112,5,1,20260609,22,20264631,0,0,7.585,8.415,10.495,10.125,-1,1,1,1,0.100747208398049,0.100747208398049,0.100747208398049,18513,18513,131461,1,1,1,0,0,0,0,0.998902007064233,0.00127843371007884,0.00369483669601567,0,0.0658423460071179,0.398006029482917,0.509540146467691,3,1,1
C05_easy_very_aggressive,weak_secondary,NORMAL,medium,,,113,5,1,20260609,23,20264632,0,0,7.585,8.415,10.125,10.495,1,1,1,1,0.112026782512041,0.112026782512041,0.112026782512041,18513,18513,131461,1,1,1,0,0,0,0,0.999309185425624,0.00130333277473841,0.00307912250276034,0,0.0469812488514907,0.392611232140011,0.502892462550307,3,1,1
C05_easy_very_aggressive,weak_secondary,NORMAL,medium,,,114,5,1,20260609,24,20264633,0,0,7.585,8.415,10.495,10.125,-1,1,1,1,0.100747208398049,0.100747208398049,0.100747208398049,18513,18513,131461,1,1,1,0,0,0,0,0.998916581411907,0.00125152514913344,0.00365962385367057,0,0.0658423460071179,0.403836217687755,0.51178762756816,3,1,1
C05_easy_very_aggressive,weak_secondary,NORMAL,medium,,,115,5,1,20260609,25,20264634,0,0,7.585,8.415,10.125,10.495,1,1,1,1,0.112026782512041,0.112026782512041,0.112026782512041,18513,18513,131461,1,1,1,0,0,0,0,0.999318610725892,0.00129563850467263,0.00307086283925805,0,0.0469812488514907,0.394278323987598,0.503536950577549,3,1,1
C05_easy_very_aggressive,weak_secondary,NORMAL,medium,,,116,5,1,20260609,26,20264635,0,0,7.585,8.415,10.495,10.125,-1,1,1,1,0.100747208398049,0.100747208398049,0.100747208398049,18513,18513,131461,1,1,1,0,0,0,0,0.998922661504841,0.00121703893171263,0.00359935475711907,0,0.0658423460071179,0.411308231462263,0.514663607052421,3,1,1
C05_easy_very_aggressive,weak_secondary,NORMAL,medium,,,117,5,1,20260609,27,20264636,0,0,7.585,8.415,10.125,10.495,1,1,1,1,0.112026782512041,0.112026782512041,0.112026782512041,18513,18513,131461,1,1,1,0,0,0,0,0.999306490952153,0.00129349737070487,0.00310008324012086,0,0.0469812488514907,0.394742236347279,0.503711136487387,3,1,1
C05_easy_very_aggressive,weak_secondary,NORMAL,medium,,,118,5,1,20260609,28,20264637,0,0,7.585,8.415,10.495,10.125,-1,1,1,1,0.100747208398049,0.100747208398049,0.100747208398049,18513,18513,131461,1,1,1,0,0,0,0,0.998903572244469,0.0012742983808488,0.00369183814431618,0,0.0658423460071179,0.398902017482759,0.509885305049943,3,1,1
C05_easy_very_aggressive,weak_secondary,NORMAL,medium,,,119,5,1,20260609,29,20264638,0,0,7.585,8.415,10.125,10.495,1,1,1,1,0.112026782512041,0.112026782512041,0.112026782512041,18513,18513,131461,1,1,1,0,0,0,0,0.999319344532985,0.00129234516255091,0.00306614270712172,0,0.0469812488514907,0.394991881447302,0.503811652586841,3,1,1
C05_easy_very_aggressive,weak_secondary,NORMAL,medium,,,120,5,1,20260609,30,20264639,0,0,7.585,8.415,10.495,10.125,-1,1,1,1,0.100747208398049,0.100747208398049,0.100747208398049,18513,18513,131461,1,1,1,0,0,0,0,0.998931495439544,0.0012209432841873,0.00358664700878414,0,0.0658423460071179,0.410462288426085,0.514341336223345,3,1,1
C05_easy_very_aggressive,low_snr_hard,NORMAL,medium,,,121,5,1,20260609,1,20265610,0,0,7.585,8.415,10.125,10.495,1,1,1,1,0.112026782512041,0.112026782512041,0.112026782512041,22770,22770,131461,1,1,1,0,0,0,0,0.999340104241814,0.00120500761719619,0.00301751941327032,0,0.0469812488514907,0.413915016274159,0.511097047264492,3,1,1
C05_easy_very_aggressive,low_snr_hard,NORMAL,medium,,,122,5,1,20260609,2,20265611,0,0,7.585,8.415,10.495,10.125,-1,1,1,1,0.100747208398049,0.100747208398049,0.100747208398049,18513,18513,131461,1,1,1,0,0,0,0,0.998930099525484,0.00118865780298344,0.00356652759110406,0,0.0658423460071179,0.417457476020254,0.517031304420412,3,1,1
C05_easy_very_aggressive,low_snr_hard,NORMAL,medium,,,123,5,1,20260609,3,20265612,0,0,7.585,8.415,10.125,10.495,1,1,1,1,0.112026782512041,0.112026782512041,0.112026782512041,22770,22770,131461,1,1,1,0,0,0,0,0.999338428414374,0.00118029057249745,0.00303756862959851,0,0.0469812488514907,0.419270375958887,0.513156214449783,3,1,1
C05_easy_very_aggressive,low_snr_hard,NORMAL,medium,,,124,5,1,20260609,4,20265613,0,0,7.585,8.415,10.495,10.125,-1,1,1,1,0.100747208398049,0.100747208398049,0.100747208398049,18513,18513,131461,1,1,1,0,0,0,0,0.998927114178598,0.00117939675762623,0.00360316760190271,0,0.0658423460071179,0.41946403584765,0.51780201332877,3,1,1
C05_easy_very_aggressive,low_snr_hard,NORMAL,medium,,,125,5,1,20260609,5,20265614,0,0,7.585,8.415,10.125,10.495,1,1,1,1,0.112026782512041,0.112026782512041,0.112026782512041,22770,22770,131461,1,1,1,0,0,0,0,0.99932061087,0.00120941153490721,0.00306369282889852,0,0.0469812488514907,0.412960834103438,0.510723231441772,3,1,1
C05_easy_very_aggressive,low_snr_hard,NORMAL,medium,,,126,5,1,20260609,6,20265615,0,0,7.585,8.415,10.495,10.125,-1,1,1,1,0.100747208398049,0.100747208398049,0.100747208398049,18513,18513,131461,1,1,1,0,0,0,0,0.998927506180231,0.00125941197368385,0.00366881752860766,0,0.0658423460071179,0.402127405701832,0.511134215857873,3,1,1
C05_easy_very_aggressive,low_snr_hard,NORMAL,medium,,,127,5,1,20260609,7,20265616,0,0,7.585,8.415,10.125,10.495,1,1,1,1,0.112026782512041,0.112026782512041,0.112026782512041,22770,22770,131461,1,1,1,0,0,0,0,0.999344615989862,0.00113078423335462,0.00300831631501616,0,0.0469812488514907,0.429996749439832,0.517283908363106,3,1,1
C05_easy_very_aggressive,low_snr_hard,NORMAL,medium,,,128,5,1,20260609,8,20265617,0,0,7.585,8.415,10.495,10.125,-1,1,1,1,0.100747208398049,0.100747208398049,0.100747208398049,18513,18513,131461,1,1,1,0,0,0,0,0.998935627181831,0.00122108746180583,0.00358698235625417,0,0.0658423460071179,0.410431049942071,0.514330767531601,3,1,1
C05_easy_very_aggressive,low_snr_hard,NORMAL,medium,,,129,5,1,20260609,9,20265618,0,0,7.585,8.415,10.125,10.495,1,1,1,1,0.112026782512041,0.112026782512041,0.112026782512041,22770,22770,131461,1,1,1,0,0,0,0,0.999329537966025,0.00113680604303829,0.00303595712919944,0,0.0469812488514907,0.42869202400837,0.516776813581124,3,1,1
C05_easy_very_aggressive,low_snr_hard,NORMAL,medium,,,130,5,1,20260609,10,20265619,0,0,7.585,8.415,10.495,10.125,-1,1,1,1,0.100747208398049,0.100747208398049,0.100747208398049,18513,18513,131461,1,1,1,0,0,0,0,0.998902170878495,0.00124731622381399,0.00363011301384927,0,0.0658423460071179,0.404748151506968,0.512133327658087,3,1,1
C05_easy_very_aggressive,low_snr_hard,NORMAL,medium,,,131,5,1,20260609,11,20265620,0,0,7.585,8.415,10.125,10.495,1,1,1,1,0.112026782512041,0.112026782512041,0.112026782512041,22770,22770,131461,1,1,1,0,0,0,0,0.999326617195069,0.001203621512256,0.00306274152640703,0,0.0469812488514907,0.4142153390112,0.511207835543147,3,1,1
C05_easy_very_aggressive,low_snr_hard,NORMAL,medium,,,132,5,1,20260609,12,20265621,0,0,7.585,8.415,10.495,10.125,-1,1,1,1,0.100747208398049,0.100747208398049,0.100747208398049,18513,18513,131461,1,1,1,0,0,0,0,0.998937918130991,0.00120164636429238,0.00357106305308108,0,0.0658423460071179,0.41464328773665,0.515951660823261,3,1,1
C05_easy_very_aggressive,low_snr_hard,NORMAL,medium,,,133,5,1,20260609,13,20265622,0,0,7.585,8.415,10.125,10.495,1,1,1,1,0.112026782512041,0.112026782512041,0.112026782512041,22770,22770,131461,1,1,1,0,0,0,0,0.999346178348826,0.00112656615530532,0.00297655082967099,0,0.0469812488514907,0.430910666350514,0.517635961692852,3,1,1
C05_easy_very_aggressive,low_snr_hard,NORMAL,medium,,,134,5,1,20260609,14,20265623,0,0,7.585,8.415,10.495,10.125,-1,1,1,1,0.100747208398049,0.100747208398049,0.100747208398049,18513,18513,131461,1,1,1,0,0,0,0,0.99892634101858,0.00127776242969755,0.00364859753219507,0,0.0658423460071179,0.398151473565531,0.509604603383487,3,1,1
C05_easy_very_aggressive,low_snr_hard,NORMAL,medium,,,135,5,1,20260609,15,20265624,0,0,7.585,8.415,10.125,10.495,1,1,1,1,0.112026782512041,0.112026782512041,0.112026782512041,22770,22770,131461,1,1,1,0,0,0,0,0.999341111393594,0.00121506534381785,0.00302376013237634,0,0.0469812488514907,0.411735842172799,0.510259255882477,3,1,1
C05_easy_very_aggressive,low_snr_hard,NORMAL,medium,,,136,5,1,20260609,16,20265625,0,0,7.585,8.415,10.495,10.125,-1,1,1,1,0.100747208398049,0.100747208398049,0.100747208398049,18513,18513,131461,1,1,1,0,0,0,0,0.998913646405141,0.0012892408254642,0.0036593892593985,0,0.0658423460071179,0.395664487816091,0.508643627288229,3,1,1
C05_easy_very_aggressive,low_snr_hard,NORMAL,medium,,,137,5,1,20260609,17,20265626,0,0,7.585,8.415,10.125,10.495,1,1,1,1,0.112026782512041,0.112026782512041,0.112026782512041,22770,22770,131461,1,1,1,0,0,0,0,0.9993191341675,0.00124848513445834,0.0031194124853165,0,0.0469812488514907,0.404494887534025,0.507466581299969,3,1,1
C05_easy_very_aggressive,low_snr_hard,NORMAL,medium,,,138,5,1,20260609,18,20265627,0,0,7.585,8.415,10.495,10.125,-1,1,1,1,0.100747208398049,0.100747208398049,0.100747208398049,18513,18513,131461,1,1,1,0,0,0,0,0.998906193675282,0.00129985154869709,0.00363265104223109,0,0.0658423460071179,0.393365497782298,0.507756791896704,3,1,1
C05_easy_very_aggressive,low_snr_hard,NORMAL,medium,,,139,5,1,20260609,19,20265628,0,0,7.585,8.415,10.125,10.495,1,1,1,1,0.112026782512041,0.112026782512041,0.112026782512041,22770,22770,131461,1,1,1,0,0,0,0,0.999340748126431,0.00126123908417173,0.00304197675680274,0,0.0469812488514907,0.401731531762792,0.506411317042813,3,1,1
C05_easy_very_aggressive,low_snr_hard,NORMAL,medium,,,140,5,1,20260609,20,20265629,0,0,7.585,8.415,10.495,10.125,-1,1,1,1,0.100747208398049,0.100747208398049,0.100747208398049,18513,18513,131461,1,1,1,0,0,0,0,0.998942417545132,0.0012392763582023,0.00366837965338674,0,0.0658423460071179,0.406490122389501,0.512817402792384,3,1,1
C05_easy_very_aggressive,low_snr_hard,NORMAL,medium,,,141,5,1,20260609,21,20265630,0,0,7.585,8.415,10.125,10.495,1,1,1,1,0.112026782512041,0.112026782512041,0.112026782512041,22770,22770,131461,1,1,1,0,0,0,0,0.999326137076503,0.00117243295415988,0.00305867015272391,0,0.0469812488514907,0.420972859932026,0.513806714009658,3,1,1
C05_easy_very_aggressive,low_snr_hard,NORMAL,medium,,,142,5,1,20260609,22,20265631,0,0,7.585,8.415,10.495,10.125,-1,1,1,1,0.100747208398049,0.100747208398049,0.100747208398049,18513,18513,131461,1,1,1,0,0,0,0,0.998932284571799,0.00126413696924992,0.00366536236920525,0,0.0658423460071179,0.401103656662516,0.510742138664416,3,1,1
C05_easy_very_aggressive,low_snr_hard,NORMAL,medium,,,143,5,1,20260609,23,20265632,0,0,7.585,8.415,10.125,10.495,1,1,1,1,0.112026782512041,0.112026782512041,0.112026782512041,22770,22770,131461,1,1,1,0,0,0,0,0.999316614099257,0.00120854716184727,0.0031106517228277,0,0.0469812488514907,0.413148114933092,0.51079386366034,3,1,1
C05_easy_very_aggressive,low_snr_hard,NORMAL,medium,,,144,5,1,20260609,24,20265633,0,0,7.585,8.415,10.495,10.125,-1,1,1,1,0.100747208398049,0.100747208398049,0.100747208398049,18513,18513,131461,1,1,1,0,0,0,0,0.998926114520688,0.00124058059866667,0.00365053247579015,0,0.0658423460071179,0.406207536955556,0.512703010028465,3,1,1
C05_easy_very_aggressive,low_snr_hard,NORMAL,medium,,,145,5,1,20260609,25,20265634,0,0,7.585,8.415,10.125,10.495,1,1,1,1,0.112026782512041,0.112026782512041,0.112026782512041,22770,22770,131461,1,1,1,0,0,0,0,0.999338745598104,0.00126791110965694,0.00304739983728295,0,0.0469812488514907,0.400285926240997,0.505854614034131,3,1,1
C05_easy_very_aggressive,low_snr_hard,NORMAL,medium,,,146,5,1,20260609,26,20265635,0,0,7.585,8.415,10.495,10.125,-1,1,1,1,0.100747208398049,0.100747208398049,0.100747208398049,18513,18513,131461,1,1,1,0,0,0,0,0.99891976333729,0.00123865822890794,0.00361002421669764,0,0.0658423460071179,0.40662405040328,0.512860984594169,3,1,1
C05_easy_very_aggressive,low_snr_hard,NORMAL,medium,,,147,5,1,20260609,27,20265636,0,0,7.585,8.415,10.125,10.495,1,1,1,1,0.112026782512041,0.112026782512041,0.112026782512041,22770,22770,131461,1,1,1,0,0,0,0,0.999325969921592,0.00123600881302906,0.00307083484731111,0,0.0469812488514907,0.407198090510371,0.508508667266342,3,1,1
C05_easy_very_aggressive,low_snr_hard,NORMAL,medium,,,148,5,1,20260609,28,20265637,0,0,7.585,8.415,10.495,10.125,-1,1,1,1,0.100747208398049,0.100747208398049,0.100747208398049,18513,18513,131461,1,1,1,0,0,0,0,0.998930818572161,0.00122122079794035,0.00356265872679312,0,0.0658423460071179,0.410402160446257,0.514317973173673,3,1,1
C05_easy_very_aggressive,low_snr_hard,NORMAL,medium,,,149,5,1,20260609,29,20265638,0,0,7.585,8.415,10.125,10.495,1,1,1,1,0.112026782512041,0.112026782512041,0.112026782512041,22770,22770,131461,1,1,1,0,0,0,0,0.999332627769005,0.00118143100017794,0.00304644096683415,0,0.0469812488514907,0.419023283294779,0.513059148583863,3,1,1
C05_easy_very_aggressive,low_snr_hard,NORMAL,medium,,,150,5,1,20260609,30,20265639,0,0,7.585,8.415,10.495,10.125,-1,1,1,1,0.100747208398049,0.100747208398049,0.100747208398049,18513,18513,131461,1,1,1,0,0,0,0,0.998923600208329,0.00122343807866375,0.00359138313504077,0,0.0658423460071179,0.409921749622854,0.514130673352715,3,1,1
C05_easy_very_aggressive,easy_noncoherent,EASY,high,,,151,5,2,20260610,1,20261611,0,0,7.365,8.635,9.975,10.645,1,1,1,1,0.0595818764390646,0.0282488937836506,0.0595818764390635,18612,9729,131461,0.522727272727273,1,1,0,0,0,0,0.996789060061084,0.00310374380998256,0.0081743117653683,0,0.014161674087216,0.025,0.352416589543183,1,0.6,0.6
C05_easy_very_aggressive,easy_noncoherent,EASY,high,,,152,5,2,20260610,2,20261612,0,0,7.365,8.635,10.645,9.975,-1,1,1,1,0.0595818764390646,0.0282488937836506,0.0595818764390635,17154,9729,131461,0.567156348373557,1,1,0,0,0,0,0.99622833592282,0.00301120144578402,0.0071037427763293,0,0.0166354136958332,0.025,0.352838770996945,1,0.6,0.6
C05_easy_very_aggressive,easy_noncoherent,EASY,high,,,153,5,2,20260610,3,20261613,0,0,7.365,8.635,9.975,10.645,1,1,1,1,0.0595818764390646,0.0282488937836506,0.0595818764390635,18612,9729,131461,0.522727272727273,1,1,0,0,0,0,0.996694611307368,0.00317005424222302,0.00828582571367005,0,0.014161674087216,0.025,0.352383532479383,1,0.6,0.6
C05_easy_very_aggressive,easy_noncoherent,EASY,high,,,154,5,2,20260610,4,20261614,0,0,7.365,8.635,10.645,9.975,-1,1,1,1,0.0595818764390646,0.0282488937836506,0.0595818764390635,17154,9729,131461,0.567156348373557,1,1,0,0,0,0,0.996221484241916,0.00295540183108333,0.00709588924938077,0,0.0166354136958332,0.0346629365986127,0.356552886985018,1,0.6,0.6
C05_easy_very_aggressive,easy_noncoherent,EASY,high,,,155,5,2,20260610,5,20261615,0,0,7.365,8.635,9.975,10.645,1,1,1,1,0.0595818764390646,0.0282488937836506,0.0595818764390635,18612,9729,131461,0.522727272727273,1,1,0,0,0,0,0.996700789291949,0.003167897528684,0.0082690667736273,0,0.014161674087216,0.025,0.352385694773986,1,0.6,0.6
C05_easy_very_aggressive,easy_noncoherent,EASY,high,,,156,5,2,20260610,6,20261616,0,0,7.365,8.635,10.645,9.975,-1,1,1,1,0.0595818764390646,0.0282488937836506,0.0595818764390635,17154,9729,131461,0.567156348373557,1,1,0,0,0,0,0.995503731703536,0.00289340574509239,0.0080380066079327,0,0.0166354136958332,0.0480954218966481,0.36146801409583,1,0.6,0.6
C05_easy_very_aggressive,easy_noncoherent,EASY,high,,,157,5,2,20260610,7,20261617,0,0,7.365,8.635,9.975,10.645,1,1,1,1,0.0595818764390646,0.0282488937836506,0.0595818764390635,18612,9729,131461,0.522727272727273,1,1,0,0,0,0,0.997460559603796,0.00278629357508294,0.00729103621661627,0,0.014161674087216,0.0713030587320302,0.370460483126221,1,0.6,0.6
C05_easy_very_aggressive,easy_noncoherent,EASY,high,,,158,5,2,20260610,8,20261618,0,0,7.365,8.635,10.645,9.975,-1,1,1,1,0.0595818764390646,0.0282488937836506,0.0595818764390635,17154,9729,131461,0.567156348373557,1,1,0,0,0,0,0.99570439629037,0.00293115429668117,0.00784379837605858,0,0.0166354136958332,0.0399165690524135,0.358392534068824,1,0.6,0.6
C05_easy_very_aggressive,easy_noncoherent,EASY,high,,,159,5,2,20260610,9,20261619,0,0,7.365,8.635,9.975,10.645,1,1,1,1,0.0595818764390646,0.0282488937836506,0.0595818764390635,16830,9729,131461,0.57807486631016,1,1,0,0,0,0,0.995624509599195,0.00364891341208545,0.00925905092247709,0,0.014161674087216,0.025,0.352008996881522,1,0.6,0.6
C05_easy_very_aggressive,easy_noncoherent,EASY,high,,,160,5,2,20260610,10,20261620,0,0,7.365,8.635,10.645,9.975,-1,1,1,1,0.0595818764390646,0.0282488937836506,0.0595818764390635,17154,9729,131461,0.567156348373557,1,1,0,0,0,0,0.994453179382625,0.00279691569746963,0.00904185728099357,0,0.0166354136958332,0.0690015988815811,0.369141158085408,1,0.6,0.6
C05_easy_very_aggressive,easy_noncoherent,EASY,high,,,161,5,2,20260610,11,20261621,0,0,7.365,8.635,9.975,10.645,1,1,1,1,0.0595818764390646,0.0282488937836506,0.0595818764390635,18612,9729,131461,0.522727272727273,1,1,0,0,0,0,0.997675572247781,0.00278200311178395,0.00699146658282852,0,0.014161674087216,0.0722326591134782,0.370893276159865,1,0.6,0.6
C05_easy_very_aggressive,easy_noncoherent,EASY,high,,,162,5,2,20260610,12,20261622,0,0,7.365,8.635,10.645,9.975,-1,1,1,1,0.0595818764390646,0.0282488937836506,0.0595818764390635,17154,9729,131461,0.567156348373557,1,1,0,0,0,0,0.994020711167573,0.00280377651610992,0.00918711419786304,0,0.0166354136958332,0.0675150881761833,0.368418059323449,1,0.6,0.6
C05_easy_very_aggressive,easy_noncoherent,EASY,high,,,163,5,2,20260610,13,20261623,0,0,7.365,8.635,9.975,10.645,1,1,1,1,0.0595818764390646,0.0282488937836506,0.0595818764390635,16830,9729,131461,0.57807486631016,1,1,0,0,0,0,0.996284764122364,0.00336773254357576,0.00877323045586009,0,0.014161674087216,0.025,0.352240085964631,1,0.6,0.6
C05_easy_very_aggressive,easy_noncoherent,EASY,high,,,164,5,2,20260610,14,20261624,0,0,7.365,8.635,10.645,9.975,-1,1,1,1,0.0595818764390646,0.0282488937836506,0.0595818764390635,17154,9729,131461,0.567156348373557,1,1,0,0,0,0,0.995688215643811,0.00290459239217863,0.00778785761767447,0,0.0166354136958332,0.045671648361297,0.360600362884407,1,0.6,0.6
C05_easy_very_aggressive,easy_noncoherent,EASY,high,,,165,5,2,20260610,15,20261625,0,0,7.365,8.635,9.975,10.645,1,1,1,1,0.0595818764390646,0.0282488937836506,0.0595818764390635,18612,9729,131461,0.522727272727273,1,1,0,0,0,0,0.996734829095838,0.00312448757612397,0.00824343716516924,0,0.014161674087216,0.025,0.352397608705347,1,0.6,0.6
C05_easy_very_aggressive,easy_noncoherent,EASY,high,,,166,5,2,20260610,16,20261626,0,0,7.365,8.635,10.645,9.975,-1,1,1,1,0.0595818764390646,0.0282488937836506,0.0595818764390635,17154,9729,131461,0.567156348373557,1,1,0,0,0,0,0.995482418520618,0.00281441339070213,0.00796375957978675,0,0.0166354136958332,0.0652104320145376,0.368043250680997,1,0.6,0.6
C05_easy_very_aggressive,easy_noncoherent,EASY,high,,,167,5,2,20260610,17,20261627,0,0,7.365,8.635,9.975,10.645,1,1,1,1,0.0595818764390646,0.0282488937836506,0.0595818764390635,18612,9729,131461,0.522727272727273,1,1,0,0,0,0,0.997824899761182,0.00276724526053016,0.00676531441779689,0,0.014161674087216,0.075430193551799,0.372175361727371,1,0.6,0.6
C05_easy_very_aggressive,easy_noncoherent,EASY,high,,,168,5,2,20260610,18,20261628,0,0,7.365,8.635,10.645,9.975,-1,1,1,1,0.0595818764390646,0.0282488937836506,0.0595818764390635,17154,9729,131461,0.567156348373557,1,1,0,0,0,0,0.995524141031772,0.00286255781580198,0.00799483894184498,0,0.0166354136958332,0.0547791399095701,0.364045818134913,1,0.6,0.6
C05_easy_very_aggressive,easy_noncoherent,EASY,high,,,169,5,2,20260610,19,20261629,0,0,7.365,8.635,9.975,10.645,1,1,1,1,0.0595818764390646,0.0282488937836506,0.0595818764390635,18612,9729,131461,0.522727272727273,1,1,0,0,0,0,0.997118269306866,0.00287472614936308,0.00777339898112025,0,0.014161674087216,0.0521426676379998,0.362971300332284,1,0.6,0.6
C05_easy_very_aggressive,easy_noncoherent,EASY,high,,,170,5,2,20260610,20,20261630,0,0,7.365,8.635,10.645,9.975,-1,1,1,1,0.0595818764390646,0.0282488937836506,0.0595818764390635,17154,9729,131461,0.567156348373557,1,1,0,0,0,0,0.996388161703748,0.00303811034171066,0.0068031625050448,0,0.0166354136958332,0.025,0.35289471002027,1,0.6,0.6
C05_easy_very_aggressive,easy_noncoherent,EASY,high,,,171,5,2,20260610,21,20261631,0,0,7.365,8.635,9.975,10.645,1,1,1,1,0.0595818764390646,0.0282488937836506,0.0595818764390635,16830,9729,131461,0.57807486631016,1,1,0,0,0,0,0.99558024834175,0.0037331700058359,0.00913802393192011,0,0.014161674087216,0.025,0.351993505441416,1,0.6,0.6
C05_easy_very_aggressive,easy_noncoherent,EASY,high,,,172,5,2,20260610,22,20261632,0,0,7.365,8.635,10.645,9.975,-1,1,1,1,0.0595818764390646,0.0282488937836506,0.0595818764390635,17154,9729,131461,0.567156348373557,1,1,0,0,0,0,0.995522788315378,0.00290189331644442,0.00802379838276396,0,0.0166354136958332,0.0462564481037092,0.360767386297306,1,0.6,0.6
C05_easy_very_aggressive,easy_noncoherent,EASY,high,,,173,5,2,20260610,23,20261633,0,0,7.365,8.635,9.975,10.645,1,1,1,1,0.0595818764390646,0.0282488937836506,0.0595818764390635,18612,9729,131461,0.522727272727273,1,1,0,0,0,0,0.997084769413669,0.00295422500052867,0.00780202699623398,0,0.014161674087216,0.0349179165521209,0.356334671105865,1,0.6,0.6
C05_easy_very_aggressive,easy_noncoherent,EASY,high,,,174,5,2,20260610,24,20261634,0,0,7.365,8.635,10.645,9.975,-1,1,1,1,0.0595818764390646,0.0282488937836506,0.0595818764390635,17154,9729,131461,0.567156348373557,1,1,0,0,0,0,0.99466909715885,0.0028283365559475,0.0088690776970561,0,0.0166354136958332,0.0621937462113749,0.366598324433931,1,0.6,0.6
C05_easy_very_aggressive,easy_noncoherent,EASY,high,,,175,5,2,20260610,25,20261635,0,0,7.365,8.635,9.975,10.645,1,1,1,1,0.0595818764390646,0.0282488937836506,0.0595818764390635,16830,9729,131461,0.57807486631016,1,1,0,0,0,0,0.99591847350592,0.00347142610688888,0.009159378791018,0,0.014161674087216,0.025,0.352111884248876,1,0.6,0.6
C05_easy_very_aggressive,easy_noncoherent,EASY,high,,,176,5,2,20260610,26,20261636,0,0,7.365,8.635,10.645,9.975,-1,1,1,1,0.0595818764390646,0.0282488937836506,0.0595818764390635,17154,9729,131461,0.567156348373557,1,1,0,0,0,0,0.994411813072,0.0027806892526794,0.0090501810010297,0,0.0166354136958332,0.0725173285861309,0.370478883609209,1,0.6,0.6
C05_easy_very_aggressive,easy_noncoherent,EASY,high,,,177,5,2,20260610,27,20261637,0,0,7.365,8.635,9.975,10.645,1,1,1,1,0.0595818764390646,0.0282488937836506,0.0595818764390635,18612,9729,131461,0.522727272727273,1,1,0,0,0,0,0.998576751694566,0.00241214581720209,0.00542510665101817,0,0.014161674087216,0.15236840627288,0.402030130181394,1,0.6,0.6
C05_easy_very_aggressive,easy_noncoherent,EASY,high,,,178,5,2,20260610,28,20261638,0,0,7.365,8.635,10.645,9.975,-1,1,1,1,0.0595818764390646,0.0282488937836506,0.0595818764390635,17154,9729,131461,0.567156348373557,1,1,0,0,0,0,0.996052800366698,0.00291945944798175,0.00734692369959521,0,0.0166354136958332,0.0424504529372879,0.35948904622049,1,0.6,0.6
C05_easy_very_aggressive,easy_noncoherent,EASY,high,,,179,5,2,20260610,29,20261639,0,0,7.365,8.635,9.975,10.645,1,1,1,1,0.0595818764390646,0.0282488937836506,0.0595818764390635,18612,9729,131461,0.522727272727273,1,1,0,0,0,0,0.996422503024324,0.00329784289517173,0.0086099328944414,0,0.014161674087216,0.025,0.352288294580317,1,0.6,0.6
C05_easy_very_aggressive,easy_noncoherent,EASY,high,,,180,5,2,20260610,30,20261640,0,0,7.365,8.635,10.645,9.975,-1,1,1,1,0.0595818764390646,0.0282488937836506,0.0595818764390635,17154,9729,131461,0.567156348373557,1,1,0,0,0,0,0.994774671618654,0.00288913763821893,0.00875137598327021,0,0.0166354136958332,0.0490201783858976,0.361568518638909,1,0.6,0.6
C05_easy_very_aggressive,strong_coherent,EASY,high,,,181,5,2,20260610,1,20262611,0,0,7.365,8.635,10.125,10.495,1,1,1,1,0.0543139024560002,0.0140712472794703,0.0543139024560002,19998,9729,131461,0.486498649864986,1,1,0,0,0,0,0.994594312186685,0.00402612396945159,0.00857104472882557,0,0.0148363999557136,0.025,0.351817109254268,1,0.6,0.6
C05_easy_very_aggressive,strong_coherent,EASY,high,,,182,5,2,20260610,2,20262612,0,0,7.365,8.635,10.495,10.125,-1,1,1,1,0.0543139024560002,0.0140712472794703,0.0543139024560002,19998,9729,131461,0.486498649864986,1,1,0,0,0,0,0.99540742956176,0.00235543898220172,0.0079413727526745,0,0.0161804396345576,0.164654887189628,0.406151128405112,1,0.6,0.6
C05_easy_very_aggressive,strong_coherent,EASY,high,,,183,5,2,20260610,3,20262613,0,0,7.365,8.635,10.125,10.495,1,1,1,1,0.0543139024560002,0.0140712472794703,0.0543139024560002,19998,9729,131461,0.486498649864986,1,1,0,0,0,0,0.994568509144211,0.00402958708144128,0.00859319957814302,0,0.0148363999557136,0.025,0.351808078189402,1,0.6,0.6
C05_easy_very_aggressive,strong_coherent,EASY,high,,,184,5,2,20260610,4,20262614,0,0,7.365,8.635,10.495,10.125,-1,1,1,1,0.0543139024560002,0.0140712472794703,0.0543139024560002,19998,9729,131461,0.486498649864986,1,1,0,0,0,0,0.995408314464824,0.00233981065056432,0.00793266810022115,0,0.0161804396345576,0.168041025711064,0.407453799090968,1,0.6,0.6
C05_easy_very_aggressive,strong_coherent,EASY,high,,,185,5,2,20260610,5,20262615,0,0,7.365,8.635,10.125,10.495,1,1,1,1,0.0543139024560002,0.0140712472794703,0.0543139024560002,19998,9729,131461,0.486498649864986,1,1,0,0,0,0,0.994535714980574,0.00402968616715943,0.00862302199858926,0,0.0148363999557136,0.025,0.351796600232129,1,0.6,0.6
C05_easy_very_aggressive,strong_coherent,EASY,high,,,186,5,2,20260610,6,20262616,0,0,7.365,8.635,10.495,10.125,-1,1,1,1,0.0543139024560002,0.0140712472794703,0.0543139024560002,19998,9729,131461,0.486498649864986,1,1,0,0,0,0,0.995400333380825,0.0023506059791225,0.0079657839337783,0,0.0161804396345576,0.165702037856792,0.406551394998386,1,0.6,0.6
C05_easy_very_aggressive,strong_coherent,EASY,high,,,187,5,2,20260610,7,20262617,0,0,7.365,8.635,10.125,10.495,1,1,1,1,0.0543139024560002,0.0140712472794703,0.0543139024560002,19998,9729,131461,0.486498649864986,1,1,0,0,0,0,0.994528918023642,0.00402417356926843,0.00862995526530778,0,0.0148363999557136,0.025,0.351794221297203,1,0.6,0.6
C05_easy_very_aggressive,strong_coherent,EASY,high,,,188,5,2,20260610,8,20262618,0,0,7.365,8.635,10.495,10.125,-1,1,1,1,0.0543139024560002,0.0140712472794703,0.0543139024560002,19998,9729,131461,0.486498649864986,1,1,0,0,0,0,0.995444319246393,0.00236360258739536,0.00793368704194554,0,0.0161804396345576,0.162886106064338,0.40548373936193,1,0.6,0.6
C05_easy_very_aggressive,strong_coherent,EASY,high,,,189,5,2,20260610,9,20262619,0,0,7.365,8.635,10.125,10.495,1,1,1,1,0.0543139024560002,0.0140712472794703,0.0543139024560002,19998,9729,131461,0.486498649864986,1,1,0,0,0,0,0.994559886398717,0.00404490318635726,0.00860000665039615,0,0.0148363999557136,0.025,0.351805060228479,1,0.6,0.6
C05_easy_very_aggressive,strong_coherent,EASY,high,,,190,5,2,20260610,10,20262620,0,0,7.365,8.635,10.495,10.125,-1,1,1,1,0.0543139024560002,0.0140712472794703,0.0543139024560002,19998,9729,131461,0.486498649864986,1,1,0,0,0,0,0.995396999729912,0.00235530644032534,0.00795413527011808,0,0.0161804396345576,0.164683604596176,0.40615852312033,1,0.6,0.6
C05_easy_very_aggressive,strong_coherent,EASY,high,,,191,5,2,20260610,11,20262621,0,0,7.365,8.635,10.125,10.495,1,1,1,1,0.0543139024560002,0.0140712472794703,0.0543139024560002,19998,9729,131461,0.486498649864986,1,1,0,0,0,0,0.994559591623385,0.00402981480059882,0.00859895321369154,0,0.0148363999557136,0.025,0.351804957057113,1,0.6,0.6
C05_easy_very_aggressive,strong_coherent,EASY,high,,,192,5,2,20260610,12,20262622,0,0,7.365,8.635,10.495,10.125,-1,1,1,1,0.0543139024560002,0.0140712472794703,0.0543139024560002,19998,9729,131461,0.486498649864986,1,1,0,0,0,0,0.995433461372128,0.00237878019285903,0.00794842680817952,0,0.0161804396345576,0.159597624880543,0.404215138650632,1,0.6,0.6
C05_easy_very_aggressive,strong_coherent,EASY,high,,,193,5,2,20260610,13,20262623,0,0,7.365,8.635,10.125,10.495,1,1,1,1,0.0543139024560002,0.0140712472794703,0.0543139024560002,19998,9729,131461,0.486498649864986,1,1,0,0,0,0,0.994574277459075,0.00400486990451715,0.00860106456237546,0,0.0148363999557136,0.025,0.351810097099604,1,0.6,0.6
C05_easy_very_aggressive,strong_coherent,EASY,high,,,194,5,2,20260610,14,20262624,0,0,7.365,8.635,10.495,10.125,-1,1,1,1,0.0543139024560002,0.0140712472794703,0.0543139024560002,19998,9729,131461,0.486498649864986,1,1,0,0,0,0,0.995409753285383,0.00235655272181424,0.00796762982803027,0,0.0161804396345576,0.164413576940249,0.406059130074004,1,0.6,0.6
C05_easy_very_aggressive,strong_coherent,EASY,high,,,195,5,2,20260610,15,20262625,0,0,7.365,8.635,10.125,10.495,1,1,1,1,0.0543139024560002,0.0140712472794703,0.0543139024560002,19998,9729,131461,0.486498649864986,1,1,0,0,0,0,0.994581450527621,0.00402780234963308,0.00858479084675326,0,0.0148363999557136,0.025,0.351812607673596,1,0.6,0.6
C05_easy_very_aggressive,strong_coherent,EASY,high,,,196,5,2,20260610,16,20262626,0,0,7.365,8.635,10.495,10.125,-1,1,1,1,0.0543139024560002,0.0140712472794703,0.0543139024560002,19998,9729,131461,0.486498649864986,1,1,0,0,0,0,0.995406547412672,0.00237009131554871,0.00797194256086578,0,0.0161804396345576,0.161480214964447,0.404929791874016,1,0.6,0.6
C05_easy_very_aggressive,strong_coherent,EASY,high,,,197,5,2,20260610,17,20262627,0,0,7.365,8.635,10.125,10.495,1,1,1,1,0.0543139024560002,0.0140712472794703,0.0543139024560002,19998,9729,131461,0.486498649864986,1,1,0,0,0,0,0.994565469526136,0.00401971546282755,0.00860494393745229,0,0.0148363999557136,0.025,0.351807014323076,1,0.6,0.6
C05_easy_very_aggressive,strong_coherent,EASY,high,,,198,5,2,20260610,18,20262628,0,0,7.365,8.635,10.495,10.125,-1,1,1,1,0.0543139024560002,0.0140712472794703,0.0543139024560002,19998,9729,131461,0.486498649864986,1,1,0,0,0,0,0.995387257977062,0.00234830908927425,0.00796775488230087,0,0.0161804396345576,0.166199697323912,0.406738226094423,1,0.6,0.6
C05_easy_very_aggressive,strong_coherent,EASY,high,,,199,5,2,20260610,19,20262629,0,0,7.365,8.635,10.125,10.495,1,1,1,1,0.0543139024560002,0.0140712472794703,0.0543139024560002,19998,9729,131461,0.486498649864986,1,1,0,0,0,0,0.994592428615518,0.00404418616294037,0.0085782835903686,0,0.0148363999557136,0.025,0.35181645000436,1,0.6,0.6
C05_easy_very_aggressive,strong_coherent,EASY,high,,,200,5,2,20260610,20,20262630,0,0,7.365,8.635,10.495,10.125,-1,1,1,1,0.0543139024560002,0.0140712472794703,0.0543139024560002,19998,9729,131461,0.486498649864986,1,1,0,0,0,0,0.995433881926398,0.00234232299017798,0.00793067231207151,0,0.0161804396345576,0.167496685461438,0.407253386068047,1,0.6,0.6
C05_easy_very_aggressive,strong_coherent,EASY,high,,,201,5,2,20260610,21,20262631,0,0,7.365,8.635,10.125,10.495,1,1,1,1,0.0543139024560002,0.0140712472794703,0.0543139024560002,19998,9729,131461,0.486498649864986,1,1,0,0,0,0,0.994560210317911,0.00402629182170961,0.00860015148665197,0,0.0148363999557136,0.025,0.351805173600197,1,0.6,0.6
C05_easy_very_aggressive,strong_coherent,EASY,high,,,202,5,2,20260610,22,20262632,0,0,7.365,8.635,10.495,10.125,-1,1,1,1,0.0543139024560002,0.0140712472794703,0.0543139024560002,19998,9729,131461,0.486498649864986,1,1,0,0,0,0,0.995403828075421,0.00235145920531785,0.00795630971538162,0,0.0161804396345576,0.165517172181133,0.40648151595855,1,0.6,0.6
C05_easy_very_aggressive,strong_coherent,EASY,high,,,203,5,2,20260610,23,20262633,0,0,7.365,8.635,10.125,10.495,1,1,1,1,0.0543139024560002,0.0140712472794703,0.0543139024560002,19998,9729,131461,0.486498649864986,1,1,0,0,0,0,0.994552090263059,0.00403976666227659,0.00859213513240245,0,0.0148363999557136,0.025,0.351802331580999,1,0.6,0.6
C05_easy_very_aggressive,strong_coherent,EASY,high,,,204,5,2,20260610,24,20262634,0,0,7.365,8.635,10.495,10.125,-1,1,1,1,0.0543139024560002,0.0140712472794703,0.0543139024560002,19998,9729,131461,0.486498649864986,1,1,0,0,0,0,0.995495512166874,0.00238372233692192,0.00786166873406815,0,0.0161804396345576,0.158526827000252,0.403825011090219,1,0.6,0.6
C05_easy_very_aggressive,strong_coherent,EASY,high,,,205,5,2,20260610,25,20262635,0,0,7.365,8.635,10.125,10.495,1,1,1,1,0.0543139024560002,0.0140712472794703,0.0543139024560002,19998,9729,131461,0.486498649864986,1,1,0,0,0,0,0.994563480621594,0.00403062498949193,0.00860577311519248,0,0.0148363999557136,0.025,0.351806318206486,1,0.6,0.6
C05_easy_very_aggressive,strong_coherent,EASY,high,,,206,5,2,20260610,26,20262636,0,0,7.365,8.635,10.495,10.125,-1,1,1,1,0.0543139024560002,0.0140712472794703,0.0543139024560002,19998,9729,131461,0.486498649864986,1,1,0,0,0,0,0.995460936747721,0.00235990008124526,0.00791387874812036,0,0.0161804396345576,0.163688315730194,0.40579809766657,1,0.6,0.6
C05_easy_very_aggressive,strong_coherent,EASY,high,,,207,5,2,20260610,27,20262637,0,0,7.365,8.635,10.125,10.495,1,1,1,1,0.0543139024560002,0.0140712472794703,0.0543139024560002,19998,9729,131461,0.486498649864986,1,1,0,0,0,0,0.994567000335057,0.00401515211552536,0.00860502977879078,0,0.0148363999557136,0.025,0.351807550106198,1,0.6,0.6
C05_easy_very_aggressive,strong_coherent,EASY,high,,,208,5,2,20260610,28,20262638,0,0,7.365,8.635,10.495,10.125,-1,1,1,1,0.0543139024560002,0.0140712472794703,0.0543139024560002,19998,9729,131461,0.486498649864986,1,1,0,0,0,0,0.995433723291581,0.00235750757346138,0.00795281151826712,0,0.0161804396345576,0.1642066924167,0.405987948605577,1,0.6,0.6
C05_easy_very_aggressive,strong_coherent,EASY,high,,,209,5,2,20260610,29,20262639,0,0,7.365,8.635,10.125,10.495,1,1,1,1,0.0543139024560002,0.0140712472794703,0.0543139024560002,19998,9729,131461,0.486498649864986,1,1,0,0,0,0,0.994559198243271,0.00400519751964879,0.00861832650111301,0,0.0148363999557136,0.025,0.351804819374073,1,0.6,0.6
C05_easy_very_aggressive,strong_coherent,EASY,high,,,210,5,2,20260610,30,20262640,0,0,7.365,8.635,10.495,10.125,-1,1,1,1,0.0543139024560002,0.0140712472794703,0.0543139024560002,19998,9729,131461,0.486498649864986,1,1,0,0,0,0,0.995467146566802,0.00237457167682871,0.00791341508345262,0,0.0161804396345576,0.160509470020445,0.404577638137961,1,0.6,0.6
C05_easy_very_aggressive,hard_phase,EASY,high,,,211,5,2,20260610,1,20263611,0,0,7.585,8.415,10.125,10.495,1,1,1,1,0.0561248608016083,0.0199499373432595,0.0561248608016083,18936,9729,131461,0.513783269961977,1,1,0,0,0,0,0.99597908997194,0.00395102803726632,0.00725746864673787,0,0.0443699076850879,0.025,0.359685158411451,1,0.6,0.6
C05_easy_very_aggressive,hard_phase,EASY,high,,,212,5,2,20260610,2,20263612,0,0,7.585,8.415,10.495,10.125,-1,1,1,1,0.0561248608016083,0.0199499373432595,0.0561248608016083,18612,9729,131461,0.522727272727273,1,1,0,0,0,0,0.995311475775467,0.00356271458646215,0.00801177118784286,0,0.0427307558720042,0.025,0.359041705489415,1,0.6,0.6
C05_easy_very_aggressive,hard_phase,EASY,high,,,213,5,2,20260610,3,20263613,0,0,7.585,8.415,10.125,10.495,1,1,1,1,0.0561248608016083,0.0199499373432595,0.0561248608016083,18936,9729,131461,0.513783269961977,1,1,0,0,0,0,0.99598408332538,0.00394602465783753,0.00723033530838351,0,0.0443699076850879,0.025,0.359686906085155,1,0.6,0.6
C05_easy_very_aggressive,hard_phase,EASY,high,,,214,5,2,20260610,4,20263614,0,0,7.585,8.415,10.495,10.125,-1,1,1,1,0.0561248608016083,0.0199499373432595,0.0561248608016083,18612,9729,131461,0.522727272727273,1,1,0,0,0,0,0.995374145758471,0.00358727762530909,0.00795837569174044,0,0.0427307558720042,0.025,0.359063639983466,1,0.6,0.6
C05_easy_very_aggressive,hard_phase,EASY,high,,,215,5,2,20260610,5,20263615,0,0,7.585,8.415,10.125,10.495,1,1,1,1,0.0561248608016083,0.0199499373432595,0.0561248608016083,18936,9729,131461,0.513783269961977,1,1,0,0,0,0,0.995935564040974,0.00398813451219008,0.00728420400428886,0,0.0443699076850879,0.025,0.359669924335613,1,0.6,0.6
C05_easy_very_aggressive,hard_phase,EASY,high,,,216,5,2,20260610,6,20263616,0,0,7.585,8.415,10.495,10.125,-1,1,1,1,0.0561248608016083,0.0199499373432595,0.0561248608016083,18612,9729,131461,0.522727272727273,1,1,0,0,0,0,0.995383894172233,0.00357376393050146,0.00795355891482951,0,0.0427307558720042,0.025,0.359067051928283,1,0.6,0.6
C05_easy_very_aggressive,hard_phase,EASY,high,,,217,5,2,20260610,7,20263617,0,0,7.585,8.415,10.125,10.495,1,1,1,1,0.0561248608016083,0.0199499373432595,0.0561248608016083,18936,9729,131461,0.513783269961977,1,1,0,0,0,0,0.996000722825727,0.0039608317013329,0.0072439872461189,0,0.0443699076850879,0.025,0.359692729910277,1,0.6,0.6
C05_easy_very_aggressive,hard_phase,EASY,high,,,218,5,2,20260610,8,20263618,0,0,7.585,8.415,10.495,10.125,-1,1,1,1,0.0561248608016083,0.0199499373432595,0.0561248608016083,18612,9729,131461,0.522727272727273,1,1,0,0,0,0,0.995359435659214,0.00357813567687129,0.00797279325295951,0,0.0427307558720042,0.025,0.359058491448726,1,0.6,0.6
C05_easy_very_aggressive,hard_phase,EASY,high,,,219,5,2,20260610,9,20263619,0,0,7.585,8.415,10.125,10.495,1,1,1,1,0.0561248608016083,0.0199499373432595,0.0561248608016083,18936,9729,131461,0.513783269961977,1,1,0,0,0,0,0.995962387634159,0.00398052354748741,0.00727640808857325,0,0.0443699076850879,0.025,0.359679312593228,1,0.6,0.6
C05_easy_very_aggressive,hard_phase,EASY,high,,,220,5,2,20260610,10,20263620,0,0,7.585,8.415,10.495,10.125,-1,1,1,1,0.0561248608016083,0.0199499373432595,0.0561248608016083,18612,9729,131461,0.522727272727273,1,1,0,0,0,0,0.99536961935467,0.00355505861968004,0.00793932949842083,0,0.0427307558720042,0.025,0.359062055742136,1,0.6,0.6
C05_easy_very_aggressive,hard_phase,EASY,high,,,221,5,2,20260610,11,20263621,0,0,7.585,8.415,10.125,10.495,1,1,1,1,0.0561248608016083,0.0199499373432595,0.0561248608016083,18936,9729,131461,0.513783269961977,1,1,0,0,0,0,0.995946452922252,0.00394998654994935,0.00726528781747276,0,0.0443699076850879,0.025,0.35967373544406,1,0.6,0.6
C05_easy_very_aggressive,hard_phase,EASY,high,,,222,5,2,20260610,12,20263622,0,0,7.585,8.415,10.495,10.125,-1,1,1,1,0.0561248608016083,0.0199499373432595,0.0561248608016083,18612,9729,131461,0.522727272727273,1,1,0,0,0,0,0.9954415572535,0.00357545256621478,0.00789421114931711,0,0.0427307558720042,0.025,0.359087234006726,1,0.6,0.6
C05_easy_very_aggressive,hard_phase,EASY,high,,,223,5,2,20260610,13,20263623,0,0,7.585,8.415,10.125,10.495,1,1,1,1,0.0561248608016083,0.0199499373432595,0.0561248608016083,18936,9729,131461,0.513783269961977,1,1,0,0,0,0,0.995949584701989,0.00398912237951157,0.00729280745448879,0,0.0443699076850879,0.025,0.359674831566968,1,0.6,0.6
C05_easy_very_aggressive,hard_phase,EASY,high,,,224,5,2,20260610,14,20263624,0,0,7.585,8.415,10.495,10.125,-1,1,1,1,0.0561248608016083,0.0199499373432595,0.0561248608016083,18612,9729,131461,0.522727272727273,1,1,0,0,0,0,0.99533357304385,0.00355622120671913,0.0079875420717612,0,0.0427307558720042,0.025,0.359049439533348,1,0.6,0.6
C05_easy_very_aggressive,hard_phase,EASY,high,,,225,5,2,20260610,15,20263625,0,0,7.585,8.415,10.125,10.495,1,1,1,1,0.0561248608016083,0.0199499373432595,0.0561248608016083,18936,9729,131461,0.513783269961977,1,1,0,0,0,0,0.995977633982578,0.00397728562394306,0.00726865816768427,0,0.0443699076850879,0.025,0.359684648815174,1,0.6,0.6
C05_easy_very_aggressive,hard_phase,EASY,high,,,226,5,2,20260610,16,20263626,0,0,7.585,8.415,10.495,10.125,-1,1,1,1,0.0561248608016083,0.0199499373432595,0.0561248608016083,18612,9729,131461,0.522727272727273,1,1,0,0,0,0,0.995453747940172,0.00353655331197117,0.00788920020513099,0,0.0427307558720042,0.025,0.359091500747061,1,0.6,0.6
C05_easy_very_aggressive,hard_phase,EASY,high,,,227,5,2,20260610,17,20263627,0,0,7.585,8.415,10.125,10.495,1,1,1,1,0.0561248608016083,0.0199499373432595,0.0561248608016083,18936,9729,131461,0.513783269961977,1,1,0,0,0,0,0.99598442737363,0.00394694283496721,0.00724360094754595,0,0.0443699076850879,0.025,0.359687026502042,1,0.6,0.6
C05_easy_very_aggressive,hard_phase,EASY,high,,,228,5,2,20260610,18,20263628,0,0,7.585,8.415,10.495,10.125,-1,1,1,1,0.0561248608016083,0.0199499373432595,0.0561248608016083,18612,9729,131461,0.522727272727273,1,1,0,0,0,0,0.995525172187836,0.00356167171407946,0.00781713343641681,0,0.0427307558720042,0.025,0.359116499233744,1,0.6,0.6
C05_easy_very_aggressive,hard_phase,EASY,high,,,229,5,2,20260610,19,20263629,0,0,7.585,8.415,10.125,10.495,1,1,1,1,0.0561248608016083,0.0199499373432595,0.0561248608016083,18936,9729,131461,0.513783269961977,1,1,0,0,0,0,0.995973359310066,0.00396123606154707,0.00726885436439026,0,0.0443699076850879,0.025,0.359683152679795,1,0.6,0.6
C05_easy_very_aggressive,hard_phase,EASY,high,,,230,5,2,20260610,20,20263630,0,0,7.585,8.415,10.495,10.125,-1,1,1,1,0.0561248608016083,0.0199499373432595,0.0561248608016083,18612,9729,131461,0.522727272727273,1,1,0,0,0,0,0.995384431474657,0.00355830487255441,0.007954629156467,0,0.0427307558720042,0.025,0.359067239984131,1,0.6,0.6
C05_easy_very_aggressive,hard_phase,EASY,high,,,231,5,2,20260610,21,20263631,0,0,7.585,8.415,10.125,10.495,1,1,1,1,0.0561248608016083,0.0199499373432595,0.0561248608016083,18936,9729,131461,0.513783269961977,1,1,0,0,0,0,0.995947549899026,0.003967803092622,0.00725685224597649,0,0.0443699076850879,0.025,0.359674119385931,1,0.6,0.6
C05_easy_very_aggressive,hard_phase,EASY,high,,,232,5,2,20260610,22,20263632,0,0,7.585,8.415,10.495,10.125,-1,1,1,1,0.0561248608016083,0.0199499373432595,0.0561248608016083,18612,9729,131461,0.522727272727273,1,1,0,0,0,0,0.995387457836928,0.003577461303464,0.0079431836809126,0,0.0427307558720042,0.025,0.359068299210926,1,0.6,0.6
C05_easy_very_aggressive,hard_phase,EASY,high,,,233,5,2,20260610,23,20263633,0,0,7.585,8.415,10.125,10.495,1,1,1,1,0.0561248608016083,0.0199499373432595,0.0561248608016083,18936,9729,131461,0.513783269961977,1,1,0,0,0,0,0.99596512031969,0.00395918259096103,0.00725446749440517,0,0.0443699076850879,0.025,0.359680269033163,1,0.6,0.6
C05_easy_very_aggressive,hard_phase,EASY,high,,,234,5,2,20260610,24,20263634,0,0,7.585,8.415,10.495,10.125,-1,1,1,1,0.0561248608016083,0.0199499373432595,0.0561248608016083,18612,9729,131461,0.522727272727273,1,1,0,0,0,0,0.995391671791152,0.00353733708193098,0.0079168977775055,0,0.0427307558720042,0.025,0.359069774094904,1,0.6,0.6
C05_easy_very_aggressive,hard_phase,EASY,high,,,235,5,2,20260610,25,20263635,0,0,7.585,8.415,10.125,10.495,1,1,1,1,0.0561248608016083,0.0199499373432595,0.0561248608016083,18936,9729,131461,0.513783269961977,1,1,0,0,0,0,0.995947778074064,0.00396558218638997,0.00726957277241798,0,0.0443699076850879,0.025,0.359674199247194,1,0.6,0.6
C05_easy_very_aggressive,hard_phase,EASY,high,,,236,5,2,20260610,26,20263636,0,0,7.585,8.415,10.495,10.125,-1,1,1,1,0.0561248608016083,0.0199499373432595,0.0561248608016083,18612,9729,131461,0.522727272727273,1,1,0,0,0,0,0.995426295652164,0.00355059809072815,0.0078981010813961,0,0.0427307558720042,0.025,0.359081892446258,1,0.6,0.6
C05_easy_very_aggressive,hard_phase,EASY,high,,,237,5,2,20260610,27,20263637,0,0,7.585,8.415,10.125,10.495,1,1,1,1,0.0561248608016083,0.0199499373432595,0.0561248608016083,18936,9729,131461,0.513783269961977,1,1,0,0,0,0,0.995912026378355,0.00398114689731466,0.00728626405222767,0,0.0443699076850879,0.025,0.359661686153696,1,0.6,0.6
C05_easy_very_aggressive,hard_phase,EASY,high,,,238,5,2,20260610,28,20263638,0,0,7.585,8.415,10.495,10.125,-1,1,1,1,0.0561248608016083,0.0199499373432595,0.0561248608016083,18612,9729,131461,0.522727272727273,1,1,0,0,0,0,0.99545924924733,0.0035568340831888,0.00787461054773617,0,0.0427307558720042,0.025,0.359093426204566,1,0.6,0.6
C05_easy_very_aggressive,hard_phase,EASY,high,,,239,5,2,20260610,29,20263639,0,0,7.585,8.415,10.125,10.495,1,1,1,1,0.0561248608016083,0.0199499373432595,0.0561248608016083,18936,9729,131461,0.513783269961977,1,1,0,0,0,0,0.995965465652143,0.00395471170716515,0.00726009444209376,0,0.0443699076850879,0.025,0.359680389899522,1,0.6,0.6
C05_easy_very_aggressive,hard_phase,EASY,high,,,240,5,2,20260610,30,20263640,0,0,7.585,8.415,10.495,10.125,-1,1,1,1,0.0561248608016083,0.0199499373432595,0.0561248608016083,18612,9729,131461,0.522727272727273,1,1,0,0,0,0,0.995347741219219,0.00355814495887321,0.00797832401526239,0,0.0427307558720042,0.025,0.359054398394728,1,0.6,0.6
C05_easy_very_aggressive,weak_secondary,NORMAL,medium,,,241,5,2,20260610,1,20264611,0,0,7.585,8.415,10.125,10.495,1,1,1,1,0.112026782512041,0.112026782512041,0.112026782512041,18513,18513,131461,1,1,1,0,0,0,0,0.999314041965452,0.0012856731652663,0.00308240330163643,0,0.0469812488514907,0.396437480858968,0.504365796461922,3,1,1
C05_easy_very_aggressive,weak_secondary,NORMAL,medium,,,242,5,2,20260610,2,20264612,0,0,7.585,8.415,10.495,10.125,-1,1,1,1,0.100747208398049,0.100747208398049,0.100747208398049,18513,18513,131461,1,1,1,0,0,0,0,0.99892641860421,0.00123184310544461,0.00360943153560579,0,0.0658423460071179,0.408100660487001,0.513431240892869,3,1,1
C05_easy_very_aggressive,weak_secondary,NORMAL,medium,,,243,5,2,20260610,3,20264613,0,0,7.585,8.415,10.125,10.495,1,1,1,1,0.112026782512041,0.112026782512041,0.112026782512041,18513,18513,131461,1,1,1,0,0,0,0,0.999310535191111,0.00130544625906349,0.00307649233827196,0,0.0469812488514907,0.392153310536244,0.502716811274471,3,1,1
C05_easy_very_aggressive,weak_secondary,NORMAL,medium,,,244,5,2,20260610,4,20264614,0,0,7.585,8.415,10.495,10.125,-1,1,1,1,0.100747208398049,0.100747208398049,0.100747208398049,18513,18513,131461,1,1,1,0,0,0,0,0.998936190455342,0.00121047946774711,0.0035626819423262,0,0.0658423460071179,0.412729448654792,0.515214964182223,3,1,1
C05_easy_very_aggressive,weak_secondary,NORMAL,medium,,,245,5,2,20260610,5,20264615,0,0,7.585,8.415,10.125,10.495,1,1,1,1,0.112026782512041,0.112026782512041,0.112026782512041,18513,18513,131461,1,1,1,0,0,0,0,0.999310096466785,0.00127980852248166,0.00308375863748447,0,0.0469812488514907,0.397708153462306,0.504853135769442,3,1,1
C05_easy_very_aggressive,weak_secondary,NORMAL,medium,,,246,5,2,20260610,6,20264616,0,0,7.585,8.415,10.495,10.125,-1,1,1,1,0.100747208398049,0.100747208398049,0.100747208398049,18513,18513,131461,1,1,1,0,0,0,0,0.998948809640365,0.00119972136943503,0.00352171316495748,0,0.0658423460071179,0.415060369955744,0.516115889089655,3,1,1
C05_easy_very_aggressive,weak_secondary,NORMAL,medium,,,247,5,2,20260610,7,20264617,0,0,7.585,8.415,10.125,10.495,1,1,1,1,0.112026782512041,0.112026782512041,0.112026782512041,18513,18513,131461,1,1,1,0,0,0,0,0.999306140722483,0.00129179552688231,0.00309392443761699,0,0.0469812488514907,0.395110969175499,0.503852834225549,3,1,1
C05_easy_very_aggressive,weak_secondary,NORMAL,medium,,,248,5,2,20260610,8,20264618,0,0,7.585,8.415,10.495,10.125,-1,1,1,1,0.100747208398049,0.100747208398049,0.100747208398049,18513,18513,131461,1,1,1,0,0,0,0,0.998906082704398,0.00126733948548681,0.00367847955328201,0,0.0658423460071179,0.400409778144524,0.510466091657751,3,1,1
C05_easy_very_aggressive,weak_secondary,NORMAL,medium,,,249,5,2,20260610,9,20264619,0,0,7.585,8.415,10.125,10.495,1,1,1,1,0.112026782512041,0.112026782512041,0.112026782512041,18513,18513,131461,1,1,1,0,0,0,0,0.999324011590046,0.0012929774156949,0.00304703660395855,0,0.0469812488514907,0.394854893266106,0.503760598294814,3,1,1
C05_easy_very_aggressive,weak_secondary,NORMAL,medium,,,250,5,2,20260610,10,20264620,0,0,7.585,8.415,10.495,10.125,-1,1,1,1,0.100747208398049,0.100747208398049,0.100747208398049,18513,18513,131461,1,1,1,0,0,0,0,0.998929547469018,0.00122481896582952,0.00360713612835898,0,0.0658423460071179,0.409622557403604,0.514017680963476,3,1,1
C05_easy_very_aggressive,weak_secondary,NORMAL,medium,,,251,5,2,20260610,11,20264621,0,0,7.585,8.415,10.125,10.495,1,1,1,1,0.112026782512041,0.112026782512041,0.112026782512041,18513,18513,131461,1,1,1,0,0,0,0,0.999316203532471,0.00129054011429573,0.00306019583939398,0,0.0469812488514907,0.395382975235924,0.503960973924593,3,1,1
C05_easy_very_aggressive,weak_secondary,NORMAL,medium,,,252,5,2,20260610,12,20264622,0,0,7.585,8.415,10.495,10.125,-1,1,1,1,0.100747208398049,0.100747208398049,0.100747208398049,18513,18513,131461,1,1,1,0,0,0,0,0.998923806711262,0.00122270873623438,0.00361124331833958,0,0.0658423460071179,0.410079773815884,0.514191524164523,3,1,1
C05_easy_very_aggressive,weak_secondary,NORMAL,medium,,,253,5,2,20260610,13,20264623,0,0,7.585,8.415,10.125,10.495,1,1,1,1,0.112026782512041,0.112026782512041,0.112026782512041,18513,18513,131461,1,1,1,0,0,0,0,0.999308416498978,0.0012876696271052,0.00308236979230086,0,0.0469812488514907,0.396004914127207,0.504197455728749,3,1,1
C05_easy_very_aggressive,weak_secondary,NORMAL,medium,,,254,5,2,20260610,14,20264624,0,0,7.585,8.415,10.495,10.125,-1,1,1,1,0.100747208398049,0.100747208398049,0.100747208398049,18513,18513,131461,1,1,1,0,0,0,0,0.998921712662452,0.00123898508645405,0.00362248023437057,0,0.0658423460071179,0.40655323126829,0.512834428729134,3,1,1
C05_easy_very_aggressive,weak_secondary,NORMAL,medium,,,255,5,2,20260610,15,20264625,0,0,7.585,8.415,10.125,10.495,1,1,1,1,0.112026782512041,0.112026782512041,0.112026782512041,18513,18513,131461,1,1,1,0,0,0,0,0.999307912735347,0.00128529540006426,0.00307125346873399,0,0.0469812488514907,0.396519329986078,0.504395131664889,3,1,1
C05_easy_very_aggressive,weak_secondary,NORMAL,medium,,,256,5,2,20260610,16,20264626,0,0,7.585,8.415,10.495,10.125,-1,1,1,1,0.100747208398049,0.100747208398049,0.100747208398049,18513,18513,131461,1,1,1,0,0,0,0,0.99890947576234,0.00126009524700888,0.00366757814811419,0,0.0658423460071179,0.401979363148076,0.511070965767859,3,1,1
C05_easy_very_aggressive,weak_secondary,NORMAL,medium,,,257,5,2,20260610,17,20264627,0,0,7.585,8.415,10.125,10.495,1,1,1,1,0.112026782512041,0.112026782512041,0.112026782512041,18513,18513,131461,1,1,1,0,0,0,0,0.99932036353804,0.00129051599571735,0.00306248798110824,0,0.0469812488514907,0.395388200927908,0.503964439808075,3,1,1
C05_easy_very_aggressive,weak_secondary,NORMAL,medium,,,258,5,2,20260610,18,20264628,0,0,7.585,8.415,10.495,10.125,-1,1,1,1,0.100747208398049,0.100747208398049,0.100747208398049,18513,18513,131461,1,1,1,0,0,0,0,0.99892931059292,0.00122821506987138,0.00359994955974039,0,0.0658423460071179,0.408886734861202,0.513734589386687,3,1,1
C05_easy_very_aggressive,weak_secondary,NORMAL,medium,,,259,5,2,20260610,19,20264629,0,0,7.585,8.415,10.125,10.495,1,1,1,1,0.112026782512041,0.112026782512041,0.112026782512041,18513,18513,131461,1,1,1,0,0,0,0,0.999321748411551,0.00131280226669771,0.0030613299981558,0,0.0469812488514907,0.390559508882164,0.50210773526544,3,1,1
C05_easy_very_aggressive,weak_secondary,NORMAL,medium,,,260,5,2,20260610,20,20264630,0,0,7.585,8.415,10.495,10.125,-1,1,1,1,0.100747208398049,0.100747208398049,0.100747208398049,18513,18513,131461,1,1,1,0,0,0,0,0.998913079059111,0.00127110377412411,0.00370310364749006,0,0.0658423460071179,0.399594182273109,0.510154849662126,3,1,1
C05_easy_very_aggressive,weak_secondary,NORMAL,medium,,,261,5,2,20260610,21,20264631,0,0,7.585,8.415,10.125,10.495,1,1,1,1,0.112026782512041,0.112026782512041,0.112026782512041,18513,18513,131461,1,1,1,0,0,0,0,0.999313611442401,0.00127112982244949,0.00306545446819474,0,0.0469812488514907,0.399588538469276,0.505577591013589,3,1,1
C05_easy_very_aggressive,weak_secondary,NORMAL,medium,,,262,5,2,20260610,22,20264632,0,0,7.585,8.415,10.495,10.125,-1,1,1,1,0.100747208398049,0.100747208398049,0.100747208398049,18513,18513,131461,1,1,1,0,0,0,0,0.998925529273672,0.00123402371706605,0.00361942817811119,0,0.0658423460071179,0.407628194635689,0.51324921199206,3,1,1
C05_easy_very_aggressive,weak_secondary,NORMAL,medium,,,263,5,2,20260610,23,20264633,0,0,7.585,8.415,10.125,10.495,1,1,1,1,0.112026782512041,0.112026782512041,0.112026782512041,18513,18513,131461,1,1,1,0,0,0,0,0.999311955534941,0.00129878074044773,0.00306428865527027,0,0.0469812488514907,0.393597506236326,0.503272768279458,3,1,1
C05_easy_very_aggressive,weak_secondary,NORMAL,medium,,,264,5,2,20260610,24,20264634,0,0,7.585,8.415,10.495,10.125,-1,1,1,1,0.100747208398049,0.100747208398049,0.100747208398049,18513,18513,131461,1,1,1,0,0,0,0,0.998937541742553,0.0012062691667318,0.00355740919930181,0,0.0658423460071179,0.413641680541444,0.51556629555069,3,1,1
C05_easy_very_aggressive,weak_secondary,NORMAL,medium,,,265,5,2,20260610,25,20264635,0,0,7.585,8.415,10.125,10.495,1,1,1,1,0.112026782512041,0.112026782512041,0.112026782512041,18513,18513,131461,1,1,1,0,0,0,0,0.999305063414204,0.00128495298699852,0.00311142377137435,0,0.0469812488514907,0.396593519483654,0.504422668824634,3,1,1
C05_easy_very_aggressive,weak_secondary,NORMAL,medium,,,266,5,2,20260610,26,20264636,0,0,7.585,8.415,10.495,10.125,-1,1,1,1,0.100747208398049,0.100747208398049,0.100747208398049,18513,18513,131461,1,1,1,0,0,0,0,0.998930845173497,0.0012065606372336,0.00356071880071672,0,0.0658423460071179,0.413578528599387,0.515539662543037,3,1,1
C05_easy_very_aggressive,weak_secondary,NORMAL,medium,,,267,5,2,20260610,27,20264637,0,0,7.585,8.415,10.125,10.495,1,1,1,1,0.112026782512041,0.112026782512041,0.112026782512041,18513,18513,131461,1,1,1,0,0,0,0,0.999308607563397,0.00128409859240875,0.00307453569737384,0,0.0469812488514907,0.396778638311437,0.504495108825999,3,1,1
C05_easy_very_aggressive,weak_secondary,NORMAL,medium,,,268,5,2,20260610,28,20264638,0,0,7.585,8.415,10.495,10.125,-1,1,1,1,0.100747208398049,0.100747208398049,0.100747208398049,18513,18513,131461,1,1,1,0,0,0,0,0.998939854016253,0.00120577175120159,0.00353699374869959,0,0.0658423460071179,0.413749453906322,0.515608556140669,3,1,1
C05_easy_very_aggressive,weak_secondary,NORMAL,medium,,,269,5,2,20260610,29,20264639,0,0,7.585,8.415,10.125,10.495,1,1,1,1,0.112026782512041,0.112026782512041,0.112026782512041,18513,18513,131461,1,1,1,0,0,0,0,0.99931891477502,0.00128582066959312,0.00306909341977515,0,0.0469812488514907,0.396405521588157,0.504355209918036,3,1,1
C05_easy_very_aggressive,weak_secondary,NORMAL,medium,,,270,5,2,20260610,30,20264640,0,0,7.585,8.415,10.495,10.125,-1,1,1,1,0.100747208398049,0.100747208398049,0.100747208398049,18513,18513,131461,1,1,1,0,0,0,0,0.998913255323617,0.00124561733704694,0.0036407804591449,0,0.0658423460071179,0.40511624363983,0.512278781111134,3,1,1
C05_easy_very_aggressive,low_snr_hard,NORMAL,medium,,,271,5,2,20260610,1,20265611,0,0,7.585,8.415,10.125,10.495,1,1,1,1,0.112026782512041,0.112026782512041,0.112026782512041,22770,22770,131461,1,1,1,0,0,0,0,0.999317039313335,0.00122667499840856,0.00310730339546012,0,0.0469812488514907,0.409220417011478,0.509283359438493,3,1,1
C05_easy_very_aggressive,low_snr_hard,NORMAL,medium,,,272,5,2,20260610,2,20265612,0,0,7.585,8.415,10.495,10.125,-1,1,1,1,0.100747208398049,0.100747208398049,0.100747208398049,18513,18513,131461,1,1,1,0,0,0,0,0.998902096005907,0.00126605768700446,0.00366027709774536,0,0.0658423460071179,0.400687501149034,0.510571512853475,3,1,1
C05_easy_very_aggressive,low_snr_hard,NORMAL,medium,,,273,5,2,20260610,3,20265613,0,0,7.585,8.415,10.125,10.495,1,1,1,1,0.112026782512041,0.112026782512041,0.112026782512041,22770,22770,131461,1,1,1,0,0,0,0,0.999336993855473,0.00126366750294469,0.00307354907592469,0,0.0469812488514907,0.401205374361984,0.506207634816897,3,1,1
C05_easy_very_aggressive,low_snr_hard,NORMAL,medium,,,274,5,2,20260610,4,20265614,0,0,7.585,8.415,10.495,10.125,-1,1,1,1,0.100747208398049,0.100747208398049,0.100747208398049,18513,18513,131461,1,1,1,0,0,0,0,0.998914512056758,0.0012617006134059,0.00360673635034333,0,0.0658423460071179,0.401631533762056,0.51093894793782,3,1,1
C05_easy_very_aggressive,low_snr_hard,NORMAL,medium,,,275,5,2,20260610,5,20265615,0,0,7.585,8.415,10.125,10.495,1,1,1,1,0.112026782512041,0.112026782512041,0.112026782512041,22770,22770,131461,1,1,1,0,0,0,0,0.999351031358434,0.00115751816491794,0.00298166102740065,0,0.0469812488514907,0.424204397601113,0.515058326111829,3,1,1
C05_easy_very_aggressive,low_snr_hard,NORMAL,medium,,,276,5,2,20260610,6,20265616,0,0,7.585,8.415,10.495,10.125,-1,1,1,1,0.100747208398049,0.100747208398049,0.100747208398049,18513,18513,131461,1,1,1,0,0,0,0,0.998929911077798,0.00121302609063445,0.00360694955352975,0,0.0658423460071179,0.412177680362536,0.515000547826138,3,1,1
C05_easy_very_aggressive,low_snr_hard,NORMAL,medium,,,277,5,2,20260610,7,20265617,0,0,7.585,8.415,10.125,10.495,1,1,1,1,0.112026782512041,0.112026782512041,0.112026782512041,22770,22770,131461,1,1,1,0,0,0,0,0.999331451653546,0.00119388914022808,0.00304374706032842,0,0.0469812488514907,0.416324019617249,0.51202055860594,3,1,1
C05_easy_very_aggressive,low_snr_hard,NORMAL,medium,,,278,5,2,20260610,8,20265618,0,0,7.585,8.415,10.495,10.125,-1,1,1,1,0.100747208398049,0.100747208398049,0.100747208398049,18513,18513,131461,1,1,1,0,0,0,0,0.998917021779709,0.00126551674614593,0.0036170178588716,0,0.0658423460071179,0.400804705001715,0.510621815279183,3,1,1
C05_easy_very_aggressive,low_snr_hard,NORMAL,medium,,,279,5,2,20260610,9,20265619,0,0,7.585,8.415,10.125,10.495,1,1,1,1,0.112026782512041,0.112026782512041,0.112026782512041,22770,22770,131461,1,1,1,0,0,0,0,0.999329953660353,0.001220896571912,0.00306519982116091,0,0.0469812488514907,0.410472409419066,0.509769415001329,3,1,1
C05_easy_very_aggressive,low_snr_hard,NORMAL,medium,,,280,5,2,20260610,10,20265620,0,0,7.585,8.415,10.495,10.125,-1,1,1,1,0.100747208398049,0.100747208398049,0.100747208398049,18513,18513,131461,1,1,1,0,0,0,0,0.998936579902069,0.00121109602483956,0.003574794914526,0,0.0658423460071179,0.412595861284762,0.515163720730874,3,1,1
C05_easy_very_aggressive,low_snr_hard,NORMAL,medium,,,281,5,2,20260610,11,20265621,0,0,7.585,8.415,10.125,10.495,1,1,1,1,0.112026782512041,0.112026782512041,0.112026782512041,22770,22770,131461,1,1,1,0,0,0,0,0.999336579117544,0.00121433234367084,0.00304083277771643,0,0.0469812488514907,0.411894658871318,0.510318752931443,3,1,1
C05_easy_very_aggressive,low_snr_hard,NORMAL,medium,,,282,5,2,20260610,12,20265622,0,0,7.585,8.415,10.495,10.125,-1,1,1,1,0.100747208398049,0.100747208398049,0.100747208398049,18513,18513,131461,1,1,1,0,0,0,0,0.998933355925948,0.00126056455063537,0.0036331261140721,0,0.0658423460071179,0.40187768069567,0.51104021518958,3,1,1
C05_easy_very_aggressive,low_snr_hard,NORMAL,medium,,,283,5,2,20260610,13,20265623,0,0,7.585,8.415,10.125,10.495,1,1,1,1,0.112026782512041,0.112026782512041,0.112026782512041,22770,22770,131461,1,1,1,0,0,0,0,0.999351614201555,0.00113495760749798,0.00293598282706724,0,0.0469812488514907,0.429092518375437,0.516938576558585,3,1,1
C05_easy_very_aggressive,low_snr_hard,NORMAL,medium,,,284,5,2,20260610,14,20265624,0,0,7.585,8.415,10.495,10.125,-1,1,1,1,0.100747208398049,0.100747208398049,0.100747208398049,18513,18513,131461,1,1,1,0,0,0,0,0.998917503501235,0.00123261173036346,0.00361898802626709,0,0.0658423460071179,0.407934125087917,0.513364068530257,3,1,1
C05_easy_very_aggressive,low_snr_hard,NORMAL,medium,,,285,5,2,20260610,15,20265625,0,0,7.585,8.415,10.125,10.495,1,1,1,1,0.112026782512041,0.112026782512041,0.112026782512041,22770,22770,131461,1,1,1,0,0,0,0,0.999351908186433,0.00117394661736378,0.0029631802021166,0,0.0469812488514907,0.420644899571181,0.513689595297809,3,1,1
C05_easy_very_aggressive,low_snr_hard,NORMAL,medium,,,286,5,2,20260610,16,20265626,0,0,7.585,8.415,10.495,10.125,-1,1,1,1,0.100747208398049,0.100747208398049,0.100747208398049,18513,18513,131461,1,1,1,0,0,0,0,0.998905082017593,0.00122504682276453,0.00361339347592607,0,0.0658423460071179,0.409573188401019,0.51399012997756,3,1,1
C05_easy_very_aggressive,low_snr_hard,NORMAL,medium,,,287,5,2,20260610,17,20265627,0,0,7.585,8.415,10.125,10.495,1,1,1,1,0.112026782512041,0.112026782512041,0.112026782512041,22770,22770,131461,1,1,1,0,0,0,0,0.99932643430353,0.001192733421969,0.00302286997935363,0,0.0469812488514907,0.416574425240051,0.512115112388359,3,1,1
C05_easy_very_aggressive,low_snr_hard,NORMAL,medium,,,288,5,2,20260610,18,20265628,0,0,7.585,8.415,10.495,10.125,-1,1,1,1,0.100747208398049,0.100747208398049,0.100747208398049,18513,18513,131461,1,1,1,0,0,0,0,0.998924689064813,0.00123653433340657,0.00363575363800079,0,0.0658423460071179,0.40708422776191,0.513039699890583,3,1,1
C05_easy_very_aggressive,low_snr_hard,NORMAL,medium,,,289,5,2,20260610,19,20265629,0,0,7.585,8.415,10.125,10.495,1,1,1,1,0.112026782512041,0.112026782512041,0.112026782512041,22770,22770,131461,1,1,1,0,0,0,0,0.999379894067343,0.00120655212452927,0.00292588958072592,0,0.0469812488514907,0.413580373018657,0.510982264759003,3,1,1
C05_easy_very_aggressive,low_snr_hard,NORMAL,medium,,,290,5,2,20260610,20,20265630,0,0,7.585,8.415,10.495,10.125,-1,1,1,1,0.100747208398049,0.100747208398049,0.100747208398049,18513,18513,131461,1,1,1,0,0,0,0,0.998910696570361,0.00124944928045019,0.0036256149707672,0,0.0658423460071179,0.404285989235792,0.511958556930556,3,1,1
C05_easy_very_aggressive,low_snr_hard,NORMAL,medium,,,291,5,2,20260610,21,20265631,0,0,7.585,8.415,10.125,10.495,1,1,1,1,0.112026782512041,0.112026782512041,0.112026782512041,22770,22770,131461,1,1,1,0,0,0,0,0.999354523434066,0.00113254069181393,0.00296617297536705,0,0.0469812488514907,0.429616183440316,0.517141004430302,3,1,1
C05_easy_very_aggressive,low_snr_hard,NORMAL,medium,,,292,5,2,20260610,22,20265632,0,0,7.585,8.415,10.495,10.125,-1,1,1,1,0.100747208398049,0.100747208398049,0.100747208398049,18513,18513,131461,1,1,1,0,0,0,0,0.998907409690585,0.00123331584704386,0.00363488185808623,0,0.0658423460071179,0.407781566473831,0.513301859306496,3,1,1
C05_easy_very_aggressive,low_snr_hard,NORMAL,medium,,,293,5,2,20260610,23,20265633,0,0,7.585,8.415,10.125,10.495,1,1,1,1,0.112026782512041,0.112026782512041,0.112026782512041,22770,22770,131461,1,1,1,0,0,0,0,0.999349583050111,0.00119143008670411,0.00301013181290357,0,0.0469812488514907,0.416856814547444,0.512231825721736,3,1,1
C05_easy_very_aggressive,low_snr_hard,NORMAL,medium,,,294,5,2,20260610,24,20265634,0,0,7.585,8.415,10.495,10.125,-1,1,1,1,0.100747208398049,0.100747208398049,0.100747208398049,18513,18513,131461,1,1,1,0,0,0,0,0.998942011699242,0.0011855767545463,0.00357294886970866,0,0.0658423460071179,0.418125036514969,0.517292227717656,3,1,1
C05_easy_very_aggressive,low_snr_hard,NORMAL,medium,,,295,5,2,20260610,25,20265635,0,0,7.585,8.415,10.125,10.495,1,1,1,1,0.112026782512041,0.112026782512041,0.112026782512041,22770,22770,131461,1,1,1,0,0,0,0,0.999331620943137,0.00116488544048219,0.00304423864207284,0,0.0469812488514907,0.422608154562193,0.514437592836122,3,1,1
C05_easy_very_aggressive,low_snr_hard,NORMAL,medium,,,296,5,2,20260610,26,20265636,0,0,7.585,8.415,10.495,10.125,-1,1,1,1,0.100747208398049,0.100747208398049,0.100747208398049,18513,18513,131461,1,1,1,0,0,0,0,0.998919238151555,0.00120788799025782,0.00358349884035293,0,0.0658423460071179,0.413290935444138,0.515424987333338,3,1,1
C05_easy_very_aggressive,low_snr_hard,NORMAL,medium,,,297,5,2,20260610,27,20265637,0,0,7.585,8.415,10.125,10.495,1,1,1,1,0.112026782512041,0.112026782512041,0.112026782512041,22770,22770,131461,1,1,1,0,0,0,0,0.999310894978426,0.00119319516023512,0.00309004600775436,0,0.0469812488514907,0.416474381949058,0.512071195435729,3,1,1
C05_easy_very_aggressive,low_snr_hard,NORMAL,medium,,,298,5,2,20260610,28,20265638,0,0,7.585,8.415,10.495,10.125,-1,1,1,1,0.100747208398049,0.100747208398049,0.100747208398049,18513,18513,131461,1,1,1,0,0,0,0,0.998936185190676,0.00121972724465857,0.00359406144886259,0,0.0658423460071179,0.41072576365731,0.514444314263635,3,1,1
C05_easy_very_aggressive,low_snr_hard,NORMAL,medium,,,299,5,2,20260610,29,20265639,0,0,7.585,8.415,10.125,10.495,1,1,1,1,0.112026782512041,0.112026782512041,0.112026782512041,22770,22770,131461,1,1,1,0,0,0,0,0.999337220066773,0.00124372943925508,0.0030423391135961,0,0.0469812488514907,0.4055252881614,0.50786921929832,3,1,1
C05_easy_very_aggressive,low_snr_hard,NORMAL,medium,,,300,5,2,20260610,30,20265640,0,0,7.585,8.415,10.495,10.125,-1,1,1,1,0.100747208398049,0.100747208398049,0.100747208398049,18513,18513,131461,1,1,1,0,0,0,0,0.998921882931684,0.00121666106275765,0.00357764224943507,0,0.0658423460071179,0.411390103069176,0.514694823631398,3,1,1
C05_easy_very_aggressive,easy_noncoherent,EASY,high,,,301,5,3,20260611,1,20261612,0,0,7.365,8.635,9.975,10.645,1,1,1,1,0.0595818764390646,0.0282488937836506,0.0595818764390635,18612,9729,131461,0.522727272727273,1,1,0,0,0,0,0.9981135281876,0.00268636891719344,0.00629809182188517,0,0.014161674087216,0.092953401274754,0.379016076954677,1,0.6,0.6
C05_easy_very_aggressive,easy_noncoherent,EASY,high,,,302,5,3,20260611,2,20261613,0,0,7.365,8.635,10.645,9.975,-1,1,1,1,0.0595818764390646,0.0282488937836506,0.0595818764390635,17154,9729,131461,0.567156348373557,1,1,0,0,0,0,0.996350816918643,0.00296438871797075,0.00677633708861269,0,0.0166354136958332,0.0327157777730036,0.355849246181254,1,0.6,0.6
C05_easy_very_aggressive,easy_noncoherent,EASY,high,,,303,5,3,20260611,3,20261614,0,0,7.365,8.635,9.975,10.645,1,1,1,1,0.0595818764390646,0.0282488937836506,0.0595818764390635,18612,9729,131461,0.522727272727273,1,1,0,0,0,0,0.997461252501922,0.00276745818593987,0.00730472149604008,0,0.014161674087216,0.0753840597130278,0.372030341402487,1,0.6,0.6
C05_easy_very_aggressive,easy_noncoherent,EASY,high,,,304,5,3,20260611,4,20261615,0,0,7.365,8.635,10.645,9.975,-1,1,1,1,0.0595818764390646,0.0282488937836506,0.0595818764390635,17154,9729,131461,0.567156348373557,1,1,0,0,0,0,0.996262642486118,0.00293262441158553,0.00692396445727343,0,0.0166354136958332,0.0395980441564684,0.358465410661972,1,0.6,0.6
C05_easy_very_aggressive,easy_noncoherent,EASY,high,,,305,5,3,20260611,5,20261616,0,0,7.365,8.635,9.975,10.645,1,1,1,1,0.0595818764390646,0.0282488937836506,0.0595818764390635,18612,9729,131461,0.522727272727273,1,1,0,0,0,0,0.99737310063942,0.00280501488501029,0.0074246571512089,0,0.014161674087216,0.0672467749144363,0.368869763328077,1,0.6,0.6
C05_easy_very_aggressive,easy_noncoherent,EASY,high,,,306,5,3,20260611,6,20261617,0,0,7.365,8.635,10.645,9.975,-1,1,1,1,0.0595818764390646,0.0282488937836506,0.0595818764390635,17154,9729,131461,0.567156348373557,1,1,0,0,0,0,0.99649624508818,0.0030190814075422,0.00648328987192784,0,0.0166354136958332,0.025,0.352932539204821,1,0.6,0.6
C05_easy_very_aggressive,easy_noncoherent,EASY,high,,,307,5,3,20260611,7,20261618,0,0,7.365,8.635,9.975,10.645,1,1,1,1,0.0595818764390646,0.0282488937836506,0.0595818764390635,18612,9729,131461,0.522727272727273,1,1,0,0,0,0,0.997999331854927,0.00273820908980605,0.00648865912396709,0,0.014161674087216,0.0817213638753553,0.374656093853858,1,0.6,0.6
C05_easy_very_aggressive,easy_noncoherent,EASY,high,,,308,5,3,20260611,8,20261619,0,0,7.365,8.635,10.645,9.975,-1,1,1,1,0.0595818764390646,0.0282488937836506,0.0595818764390635,17154,9729,131461,0.567156348373557,1,1,0,0,0,0,0.995904081222877,0.00281907326456234,0.00745502105077039,0,0.0166354136958332,0.0642007926781607,0.367802509805104,1,0.6,0.6
C05_easy_very_aggressive,easy_noncoherent,EASY,high,,,309,5,3,20260611,9,20261620,0,0,7.365,8.635,9.975,10.645,1,1,1,1,0.0595818764390646,0.0282488937836506,0.0595818764390635,18612,9729,131461,0.522727272727273,1,1,0,0,0,0,0.997094514674983,0.00289178878331627,0.0078102536137407,0,0.014161674087216,0.0484457636148088,0.361541100048359,1,0.6,0.6
C05_easy_very_aggressive,easy_noncoherent,EASY,high,,,310,5,3,20260611,10,20261621,0,0,7.365,8.635,10.645,9.975,-1,1,1,1,0.0595818764390646,0.0282488937836506,0.0595818764390635,17154,9729,131461,0.567156348373557,1,1,0,0,0,0,0.995001450269279,0.00284958764793677,0.00858323511464575,0,0.0166354136958332,0.0575893429470325,0.364943723690141,1,0.6,0.6
C05_easy_very_aggressive,easy_noncoherent,EASY,high,,,311,5,3,20260611,11,20261622,0,0,7.365,8.635,9.975,10.645,1,1,1,1,0.0595818764390646,0.0282488937836506,0.0595818764390635,18612,9729,131461,0.522727272727273,1,1,0,0,0,0,0.997884784544123,0.00276778051930062,0.00668277144323174,0,0.014161674087216,0.0753142208181992,0.372151716503862,1,0.6,0.6
C05_easy_very_aggressive,easy_noncoherent,EASY,high,,,312,5,3,20260611,12,20261623,0,0,7.365,8.635,10.645,9.975,-1,1,1,1,0.0595818764390646,0.0282488937836506,0.0595818764390635,17154,9729,131461,0.567156348373557,1,1,0,0,0,0,0.99565089980731,0.00286056886502682,0.00782147873265066,0,0.0166354136958332,0.0552100792441893,0.364255929604282,1,0.6,0.6
C05_easy_very_aggressive,easy_noncoherent,EASY,high,,,313,5,3,20260611,13,20261624,0,0,7.365,8.635,9.975,10.645,1,1,1,1,0.0595818764390646,0.0282488937836506,0.0595818764390635,18612,9729,131461,0.522727272727273,1,1,0,0,0,0,0.99707737305139,0.00292584446986451,0.00781040244917678,0,0.014161674087216,0.0410670315293571,0.358697126601082,1,0.6,0.6
C05_easy_very_aggressive,easy_noncoherent,EASY,high,,,314,5,3,20260611,14,20261625,0,0,7.365,8.635,10.645,9.975,-1,1,1,1,0.0595818764390646,0.0282488937836506,0.0595818764390635,17154,9729,131461,0.567156348373557,1,1,0,0,0,0,0.995854053056971,0.00288037402685402,0.007584889496317,0,0.0166354136958332,0.0509189608482962,0.362676603089397,1,0.6,0.6
C05_easy_very_aggressive,easy_noncoherent,EASY,high,,,315,5,3,20260611,15,20261626,0,0,7.365,8.635,9.975,10.645,1,1,1,1,0.0595818764390646,0.0282488937836506,0.0595818764390635,16830,9729,131461,0.57807486631016,1,1,0,0,0,0,0.995707507968004,0.00354770942461287,0.0093204340117407,0,0.014161674087216,0.025,0.352038046310605,1,0.6,0.6
C05_easy_very_aggressive,easy_noncoherent,EASY,high,,,316,5,3,20260611,16,20261627,0,0,7.365,8.635,10.645,9.975,-1,1,1,1,0.0595818764390646,0.0282488937836506,0.0595818764390635,17154,9729,131461,0.567156348373557,1,1,0,0,0,0,0.995707826951092,0.00293733082803712,0.00782680093383415,0,0.0166354136958332,0.0385783205919564,0.357879023853747,1,0.6,0.6
C05_easy_very_aggressive,easy_noncoherent,EASY,high,,,317,5,3,20260611,17,20261628,0,0,7.365,8.635,9.975,10.645,1,1,1,1,0.0595818764390646,0.0282488937836506,0.0595818764390635,18612,9729,131461,0.522727272727273,1,1,0,0,0,0,0.996856810330554,0.00303085236266503,0.00810433585260107,0,0.014161674087216,0.025,0.352440302137498,1,0.6,0.6
C05_easy_very_aggressive,easy_noncoherent,EASY,high,,,318,5,3,20260611,18,20261629,0,0,7.365,8.635,10.645,9.975,-1,1,1,1,0.0595818764390646,0.0282488937836506,0.0595818764390635,17154,9729,131461,0.567156348373557,1,1,0,0,0,0,0.994982707166758,0.00282295553973259,0.00857870268117395,0,0.0166354136958332,0.0633596330579395,0.367156505954608,1,0.6,0.6
C05_easy_very_aggressive,easy_noncoherent,EASY,high,,,319,5,3,20260611,19,20261630,0,0,7.365,8.635,9.975,10.645,1,1,1,1,0.0595818764390646,0.0282488937836506,0.0595818764390635,18612,9729,131461,0.522727272727273,1,1,0,0,0,0,0.998127233926559,0.00267116758635203,0.00627174588562728,0,0.014161674087216,0.0962470229570593,0.38028765153343,1,0.6,0.6
C05_easy_very_aggressive,easy_noncoherent,EASY,high,,,320,5,3,20260611,20,20261631,0,0,7.365,8.635,10.645,9.975,-1,1,1,1,0.0595818764390646,0.0282488937836506,0.0595818764390635,17154,9729,131461,0.567156348373557,1,1,0,0,0,0,0.995915685183067,0.00280619404341974,0.00737411114433905,0,0.0166354136958332,0.0669912905923892,0.36887983961972,1,0.6,0.6
C05_easy_very_aggressive,easy_noncoherent,EASY,high,,,321,5,3,20260611,21,20261632,0,0,7.365,8.635,9.975,10.645,1,1,1,1,0.0595818764390646,0.0282488937836506,0.0595818764390635,18612,9729,131461,0.522727272727273,1,1,0,0,0,0,0.997653095040447,0.0027797401144985,0.00701720010641005,0,0.014161674087216,0.072722975191991,0.371073992244418,1,0.6,0.6
C05_easy_very_aggressive,easy_noncoherent,EASY,high,,,322,5,3,20260611,22,20261633,0,0,7.365,8.635,10.645,9.975,-1,1,1,1,0.0595818764390646,0.0282488937836506,0.0595818764390635,17154,9729,131461,0.567156348373557,1,1,0,0,0,0,0.995847889043107,0.00290835220331579,0.0076208142622716,0,0.0166354136958332,0.044857022614912,0.360342930979396,1,0.6,0.6
C05_easy_very_aggressive,easy_noncoherent,EASY,high,,,323,5,3,20260611,23,20261634,0,0,7.365,8.635,9.975,10.645,1,1,1,1,0.0595818764390646,0.0282488937836506,0.0595818764390635,18612,9729,131461,0.522727272727273,1,1,0,0,0,0,0.997125383742461,0.00289309851494834,0.00776227435752675,0,0.014161674087216,0.0481619884278602,0.361442759919304,1,0.6,0.6
C05_easy_very_aggressive,easy_noncoherent,EASY,high,,,324,5,3,20260611,24,20261635,0,0,7.365,8.635,10.645,9.975,-1,1,1,1,0.0595818764390646,0.0282488937836506,0.0595818764390635,17154,9729,131461,0.567156348373557,1,1,0,0,0,0,0.996096137373815,0.00289182564510823,0.00716711765969002,0,0.0166354136958332,0.0484377768932176,0.361807031079108,1,0.6,0.6
C05_easy_very_aggressive,easy_noncoherent,EASY,high,,,325,5,3,20260611,25,20261636,0,0,7.365,8.635,9.975,10.645,1,1,1,1,0.0595818764390646,0.0282488937836506,0.0595818764390635,18612,9729,131461,0.522727272727273,1,1,0,0,0,0,0.996506091952179,0.00322767963268378,0.00852626979592923,0,0.014161674087216,0.025,0.352317550705066,1,0.6,0.6
C05_easy_very_aggressive,easy_noncoherent,EASY,high,,,326,5,3,20260611,26,20261637,0,0,7.365,8.635,10.645,9.975,-1,1,1,1,0.0595818764390646,0.0282488937836506,0.0595818764390635,17154,9729,131461,0.567156348373557,1,1,0,0,0,0,0.993952468614832,0.00286862184386557,0.00933308690337948,0,0.0166354136958332,0.053465267162459,0.362990397117018,1,0.6,0.6
C05_easy_very_aggressive,easy_noncoherent,EASY,high,,,327,5,3,20260611,27,20261638,0,0,7.365,8.635,9.975,10.645,1,1,1,1,0.0595818764390646,0.0282488937836506,0.0595818764390635,18612,9729,131461,0.522727272727273,1,1,0,0,0,0,0.997335003094359,0.00282054490693684,0.00747371840476791,0,0.014161674087216,0.0638819368303518,0.367562260693427,1,0.6,0.6
C05_easy_very_aggressive,easy_noncoherent,EASY,high,,,328,5,3,20260611,28,20261639,0,0,7.365,8.635,10.645,9.975,-1,1,1,1,0.0595818764390646,0.0282488937836506,0.0595818764390635,17154,9729,131461,0.567156348373557,1,1,0,0,0,0,0.995727544160375,0.00284998940519065,0.00773953228091583,0,0.0166354136958332,0.0575022955420269,0.365164376780869,1,0.6,0.6
C05_easy_very_aggressive,easy_noncoherent,EASY,high,,,329,5,3,20260611,29,20261640,0,0,7.365,8.635,9.975,10.645,1,1,1,1,0.0595818764390646,0.0282488937836506,0.0595818764390635,18612,9729,131461,0.522727272727273,1,1,0,0,0,0,0.997876681018346,0.00275568370974228,0.00668280796587267,0,0.014161674087216,0.0779351962225052,0.373156947733035,1,0.6,0.6
C05_easy_very_aggressive,easy_noncoherent,EASY,high,,,330,5,3,20260611,30,20261641,0,0,7.365,8.635,10.645,9.975,-1,1,1,1,0.0595818764390646,0.0282488937836506,0.0595818764390635,17154,9729,131461,0.567156348373557,1,1,0,0,0,0,0.994967920596367,0.00284884117753554,0.00859149436120227,0,0.0166354136958332,0.057751078200634,0.364994194171392,1,0.6,0.6
C05_easy_very_aggressive,strong_coherent,EASY,high,,,331,5,3,20260611,1,20262612,0,0,7.365,8.635,10.125,10.495,1,1,1,1,0.0543139024560002,0.0140712472794703,0.0543139024560002,19998,9729,131461,0.486498649864986,1,1,0,0,0,0,0.994554042895361,0.00404216922536838,0.00859821647716436,0,0.0148363999557136,0.025,0.351803015002305,1,0.6,0.6
C05_easy_very_aggressive,strong_coherent,EASY,high,,,332,5,3,20260611,2,20262613,0,0,7.365,8.635,10.495,10.125,-1,1,1,1,0.0543139024560002,0.0140712472794703,0.0543139024560002,19998,9729,131461,0.486498649864986,1,1,0,0,0,0,0.995431196117857,0.00237339543365667,0.00794980649056543,0,0.0161804396345576,0.160764322707722,0.404663075745167,1,0.6,0.6
C05_easy_very_aggressive,strong_coherent,EASY,high,,,333,5,3,20260611,3,20262614,0,0,7.365,8.635,10.125,10.495,1,1,1,1,0.0543139024560002,0.0140712472794703,0.0543139024560002,19998,9729,131461,0.486498649864986,1,1,0,0,0,0,0.994561015382694,0.0040180414996541,0.00861300605078273,0,0.0148363999557136,0.025,0.351805455372871,1,0.6,0.6
C05_easy_very_aggressive,strong_coherent,EASY,high,,,334,5,3,20260611,4,20262615,0,0,7.365,8.635,10.495,10.125,-1,1,1,1,0.0543139024560002,0.0140712472794703,0.0543139024560002,19998,9729,131461,0.486498649864986,1,1,0,0,0,0,0.995433861505458,0.00235965978968174,0.00793156689559751,0,0.0161804396345576,0.163740378902291,0.405808645628739,1,0.6,0.6
C05_easy_very_aggressive,strong_coherent,EASY,high,,,335,5,3,20260611,5,20262616,0,0,7.365,8.635,10.125,10.495,1,1,1,1,0.0543139024560002,0.0140712472794703,0.0543139024560002,19998,9729,131461,0.486498649864986,1,1,0,0,0,0,0.994580140643906,0.004027798432308,0.00857969147713787,0,0.0148363999557136,0.025,0.351812149214295,1,0.6,0.6
C05_easy_very_aggressive,strong_coherent,EASY,high,,,336,5,3,20260611,6,20262617,0,0,7.365,8.635,10.495,10.125,-1,1,1,1,0.0543139024560002,0.0140712472794703,0.0543139024560002,19998,9729,131461,0.486498649864986,1,1,0,0,0,0,0.995472720237234,0.00236043852198516,0.00789395238710517,0,0.0161804396345576,0.163571653569882,0.405757351826241,1,0.6,0.6
C05_easy_very_aggressive,strong_coherent,EASY,high,,,337,5,3,20260611,7,20262618,0,0,7.365,8.635,10.125,10.495,1,1,1,1,0.0543139024560002,0.0140712472794703,0.0543139024560002,19998,9729,131461,0.486498649864986,1,1,0,0,0,0,0.994581781917908,0.00400616999049216,0.00860817958252767,0,0.0148363999557136,0.025,0.351812723660196,1,0.6,0.6
C05_easy_very_aggressive,strong_coherent,EASY,high,,,338,5,3,20260611,8,20262619,0,0,7.365,8.635,10.495,10.125,-1,1,1,1,0.0543139024560002,0.0140712472794703,0.0543139024560002,19998,9729,131461,0.486498649864986,1,1,0,0,0,0,0.995429749220835,0.00237743500500213,0.00795117432414407,0,0.0161804396345576,0.159889082249538,0.404325938385754,1,0.6,0.6
C05_easy_very_aggressive,strong_coherent,EASY,high,,,339,5,3,20260611,9,20262620,0,0,7.365,8.635,10.125,10.495,1,1,1,1,0.0543139024560002,0.0140712472794703,0.0543139024560002,19998,9729,131461,0.486498649864986,1,1,0,0,0,0,0.994546338336022,0.00404260640443725,0.00860537333750034,0,0.0148363999557136,0.025,0.351800318406536,1,0.6,0.6
C05_easy_very_aggressive,strong_coherent,EASY,high,,,340,5,3,20260611,10,20262621,0,0,7.365,8.635,10.495,10.125,-1,1,1,1,0.0543139024560002,0.0140712472794703,0.0543139024560002,19998,9729,131461,0.486498649864986,1,1,0,0,0,0,0.995452798872294,0.00236482081215911,0.00793199376524198,0,0.0161804396345576,0.162622157365525,0.405385188500683,1,0.6,0.6
C05_easy_very_aggressive,strong_coherent,EASY,high,,,341,5,3,20260611,11,20262622,0,0,7.365,8.635,10.125,10.495,1,1,1,1,0.0543139024560002,0.0140712472794703,0.0543139024560002,19998,9729,131461,0.486498649864986,1,1,0,0,0,0,0.994544636682865,0.00403898622422011,0.00860234068678532,0,0.0148363999557136,0.025,0.351799722827931,1,0.6,0.6
C05_easy_very_aggressive,strong_coherent,EASY,high,,,342,5,3,20260611,12,20262623,0,0,7.365,8.635,10.495,10.125,-1,1,1,1,0.0543139024560002,0.0140712472794703,0.0543139024560002,19998,9729,131461,0.486498649864986,1,1,0,0,0,0,0.995421113707774,0.00235138873499869,0.00796516385383673,0,0.0161804396345576,0.165532440750285,0.40649343845647,1,0.6,0.6
C05_easy_very_aggressive,strong_coherent,EASY,high,,,343,5,3,20260611,13,20262624,0,0,7.365,8.635,10.125,10.495,1,1,1,1,0.0543139024560002,0.0140712472794703,0.0543139024560002,19998,9729,131461,0.486498649864986,1,1,0,0,0,0,0.994553636961836,0.00400669550191223,0.00861290773722941,0,0.0148363999557136,0.025,0.351802872925571,1,0.6,0.6
C05_easy_very_aggressive,strong_coherent,EASY,high,,,344,5,3,20260611,14,20262625,0,0,7.365,8.635,10.495,10.125,-1,1,1,1,0.0543139024560002,0.0140712472794703,0.0543139024560002,19998,9729,131461,0.486498649864986,1,1,0,0,0,0,0.995433701178622,0.00237165553557852,0.00795192245032098,0,0.0161804396345576,0.161141300624654,0.404808944022947,1,0.6,0.6
C05_easy_very_aggressive,strong_coherent,EASY,high,,,345,5,3,20260611,15,20262626,0,0,7.365,8.635,10.125,10.495,1,1,1,1,0.0543139024560002,0.0140712472794703,0.0543139024560002,19998,9729,131461,0.486498649864986,1,1,0,0,0,0,0.994550636193784,0.00405346523920421,0.00859884993984973,0,0.0148363999557136,0.025,0.351801822656753,1,0.6,0.6
C05_easy_very_aggressive,strong_coherent,EASY,high,,,346,5,3,20260611,16,20262627,0,0,7.365,8.635,10.495,10.125,-1,1,1,1,0.0543139024560002,0.0140712472794703,0.0543139024560002,19998,9729,131461,0.486498649864986,1,1,0,0,0,0,0.995430543710515,0.00236108480498666,0.00794699316042459,0,0.0161804396345576,0.163431625586223,0.405688733125097,1,0.6,0.6
C05_easy_very_aggressive,strong_coherent,EASY,high,,,347,5,3,20260611,17,20262628,0,0,7.365,8.635,10.125,10.495,1,1,1,1,0.0543139024560002,0.0140712472794703,0.0543139024560002,19998,9729,131461,0.486498649864986,1,1,0,0,0,0,0.994583939384808,0.00403336345150526,0.00860014490440742,0,0.0148363999557136,0.025,0.351813478773611,1,0.6,0.6
C05_easy_very_aggressive,strong_coherent,EASY,high,,,348,5,3,20260611,18,20262629,0,0,7.365,8.635,10.495,10.125,-1,1,1,1,0.0543139024560002,0.0140712472794703,0.0543139024560002,19998,9729,131461,0.486498649864986,1,1,0,0,0,0,0.995406519996193,0.00236163190369815,0.00796992353677278,0,0.0161804396345576,0.163313087532067,0.405634733265794,1,0.6,0.6
C05_easy_very_aggressive,strong_coherent,EASY,high,,,349,5,3,20260611,19,20262630,0,0,7.365,8.635,10.125,10.495,1,1,1,1,0.0543139024560002,0.0140712472794703,0.0543139024560002,19998,9729,131461,0.486498649864986,1,1,0,0,0,0,0.994599783272605,0.00400517260093485,0.00858224711424299,0,0.0148363999557136,0.025,0.35181902413434,1,0.6,0.6
C05_easy_very_aggressive,strong_coherent,EASY,high,,,350,5,3,20260611,20,20262631,0,0,7.365,8.635,10.495,10.125,-1,1,1,1,0.0543139024560002,0.0140712472794703,0.0543139024560002,19998,9729,131461,0.486498649864986,1,1,0,0,0,0,0.995451472853639,0.00235461261115639,0.00794015791241386,0,0.0161804396345576,0.164833934249448,0.406235407811047,1,0.6,0.6
C05_easy_very_aggressive,strong_coherent,EASY,high,,,351,5,3,20260611,21,20262632,0,0,7.365,8.635,10.125,10.495,1,1,1,1,0.0543139024560002,0.0140712472794703,0.0543139024560002,19998,9729,131461,0.486498649864986,1,1,0,0,0,0,0.994565972789547,0.0040230085289814,0.00859600141736429,0,0.0148363999557136,0.025,0.35180719046527,1,0.6,0.6
C05_easy_very_aggressive,strong_coherent,EASY,high,,,352,5,3,20260611,22,20262633,0,0,7.365,8.635,10.495,10.125,-1,1,1,1,0.0543139024560002,0.0140712472794703,0.0543139024560002,19998,9729,131461,0.486498649864986,1,1,0,0,0,0,0.995401978140667,0.0023692581915147,0.00799026598490982,0,0.0161804396345576,0.161660725171816,0.404997619631648,1,0.6,0.6
C05_easy_very_aggressive,strong_coherent,EASY,high,,,353,5,3,20260611,23,20262634,0,0,7.365,8.635,10.125,10.495,1,1,1,1,0.0543139024560002,0.0140712472794703,0.0543139024560002,19998,9729,131461,0.486498649864986,1,1,0,0,0,0,0.99451434263554,0.00405323822378276,0.00862796537816462,0,0.0148363999557136,0.025,0.351789119911368,1,0.6,0.6
C05_easy_very_aggressive,strong_coherent,EASY,high,,,354,5,3,20260611,24,20262635,0,0,7.365,8.635,10.495,10.125,-1,1,1,1,0.0543139024560002,0.0140712472794703,0.0543139024560002,19998,9729,131461,0.486498649864986,1,1,0,0,0,0,0.995411146602094,0.00234394148074006,0.00793252762890012,0,0.0161804396345576,0.167146012506321,0.407110554491034,1,0.6,0.6
C05_easy_very_aggressive,strong_coherent,EASY,high,,,355,5,3,20260611,25,20262636,0,0,7.365,8.635,10.125,10.495,1,1,1,1,0.0543139024560002,0.0140712472794703,0.0543139024560002,19998,9729,131461,0.486498649864986,1,1,0,0,0,0,0.994535970565381,0.00403870431421525,0.00861437207697149,0,0.0148363999557136,0.025,0.351796689686812,1,0.6,0.6
C05_easy_very_aggressive,strong_coherent,EASY,high,,,356,5,3,20260611,26,20262637,0,0,7.365,8.635,10.495,10.125,-1,1,1,1,0.0543139024560002,0.0140712472794703,0.0543139024560002,19998,9729,131461,0.486498649864986,1,1,0,0,0,0,0.995427090719801,0.00234245589041628,0.00794323123119557,0,0.0161804396345576,0.167467890409807,0.40723993412588,1,0.6,0.6
C05_easy_very_aggressive,strong_coherent,EASY,high,,,357,5,3,20260611,27,20262638,0,0,7.365,8.635,10.125,10.495,1,1,1,1,0.0543139024560002,0.0140712472794703,0.0543139024560002,19998,9729,131461,0.486498649864986,1,1,0,0,0,0,0.994567894722047,0.00402517952047081,0.00860393243255924,0,0.0148363999557136,0.025,0.351807863141645,1,0.6,0.6
C05_easy_very_aggressive,strong_coherent,EASY,high,,,358,5,3,20260611,28,20262639,0,0,7.365,8.635,10.495,10.125,-1,1,1,1,0.0543139024560002,0.0140712472794703,0.0543139024560002,19998,9729,131461,0.486498649864986,1,1,0,0,0,0,0.995420299716966,0.00235661899240184,0.00795227609078789,0,0.0161804396345576,0.164399218312935,0.406057298776091,1,0.6,0.6
C05_easy_very_aggressive,strong_coherent,EASY,high,,,359,5,3,20260611,29,20262640,0,0,7.365,8.635,10.125,10.495,1,1,1,1,0.0543139024560002,0.0140712472794703,0.0543139024560002,19998,9729,131461,0.486498649864986,1,1,0,0,0,0,0.994563119855753,0.00402097518712328,0.00860412715817394,0,0.0148363999557136,0.025,0.351806191938442,1,0.6,0.6
C05_easy_very_aggressive,strong_coherent,EASY,high,,,360,5,3,20260611,30,20262641,0,0,7.365,8.635,10.495,10.125,-1,1,1,1,0.0543139024560002,0.0140712472794703,0.0543139024560002,19998,9729,131461,0.486498649864986,1,1,0,0,0,0,0.995499552776663,0.00237784167872678,0.00791569210100949,0,0.0161804396345576,0.159800969609199,0.40431648015324,1,0.6,0.6
C05_easy_very_aggressive,hard_phase,EASY,high,,,361,5,3,20260611,1,20263612,0,0,7.585,8.415,10.125,10.495,1,1,1,1,0.0561248608016083,0.0199499373432595,0.0561248608016083,18936,9729,131461,0.513783269961977,1,1,0,0,0,0,0.995916685651697,0.00396276648851414,0.00727177597613475,0,0.0443699076850879,0.025,0.359663316899366,1,0.6,0.6
C05_easy_very_aggressive,hard_phase,EASY,high,,,362,5,3,20260611,2,20263613,0,0,7.585,8.415,10.495,10.125,-1,1,1,1,0.0561248608016083,0.0199499373432595,0.0561248608016083,18612,9729,131461,0.522727272727273,1,1,0,0,0,0,0.995396563980056,0.00357980495288342,0.00791063938183661,0,0.0427307558720042,0.025,0.359071486361021,1,0.6,0.6
C05_easy_very_aggressive,hard_phase,EASY,high,,,363,5,3,20260611,3,20263614,0,0,7.585,8.415,10.125,10.495,1,1,1,1,0.0561248608016083,0.0199499373432595,0.0561248608016083,18936,9729,131461,0.513783269961977,1,1,0,0,0,0,0.995929997957067,0.00397384733242222,0.00726786637335888,0,0.0443699076850879,0.025,0.359667976206245,1,0.6,0.6
C05_easy_very_aggressive,hard_phase,EASY,high,,,364,5,3,20260611,4,20263615,0,0,7.585,8.415,10.495,10.125,-1,1,1,1,0.0561248608016083,0.0199499373432595,0.0561248608016083,18612,9729,131461,0.522727272727273,1,1,0,0,0,0,0.995390983182857,0.00357733419620764,0.00794483872814364,0,0.0427307558720042,0.025,0.359069533082001,1,0.6,0.6
C05_easy_very_aggressive,hard_phase,EASY,high,,,365,5,3,20260611,5,20263616,0,0,7.585,8.415,10.125,10.495,1,1,1,1,0.0561248608016083,0.0199499373432595,0.0561248608016083,18936,9729,131461,0.513783269961977,1,1,0,0,0,0,0.995937990706583,0.00398685965378362,0.00729408673700972,0,0.0443699076850879,0.025,0.359670773668576,1,0.6,0.6
C05_easy_very_aggressive,hard_phase,EASY,high,,,366,5,3,20260611,6,20263617,0,0,7.585,8.415,10.495,10.125,-1,1,1,1,0.0561248608016083,0.0199499373432595,0.0561248608016083,18612,9729,131461,0.522727272727273,1,1,0,0,0,0,0.995503411859558,0.00357403602006012,0.00782152492742929,0,0.0427307558720042,0.025,0.359108883118846,1,0.6,0.6
C05_easy_very_aggressive,hard_phase,EASY,high,,,367,5,3,20260611,7,20263618,0,0,7.585,8.415,10.125,10.495,1,1,1,1,0.0561248608016083,0.0199499373432595,0.0561248608016083,18936,9729,131461,0.513783269961977,1,1,0,0,0,0,0.995938901161176,0.00397727992753191,0.0072867345947288,0,0.0443699076850879,0.025,0.359671092327684,1,0.6,0.6
C05_easy_very_aggressive,hard_phase,EASY,high,,,368,5,3,20260611,8,20263619,0,0,7.585,8.415,10.495,10.125,-1,1,1,1,0.0561248608016083,0.0199499373432595,0.0561248608016083,18612,9729,131461,0.522727272727273,1,1,0,0,0,0,0.995423562882649,0.00356202076115193,0.00790272606056652,0,0.0427307558720042,0.025,0.359080935976928,1,0.6,0.6
C05_easy_very_aggressive,hard_phase,EASY,high,,,369,5,3,20260611,9,20263620,0,0,7.585,8.415,10.125,10.495,1,1,1,1,0.0561248608016083,0.0199499373432595,0.0561248608016083,18936,9729,131461,0.513783269961977,1,1,0,0,0,0,0.995972921943531,0.0039866825738826,0.007266383590458,0,0.0443699076850879,0.025,0.359682999601508,1,0.6,0.6
C05_easy_very_aggressive,hard_phase,EASY,high,,,370,5,3,20260611,10,20263621,0,0,7.585,8.415,10.495,10.125,-1,1,1,1,0.0561248608016083,0.0199499373432595,0.0561248608016083,18612,9729,131461,0.522727272727273,1,1,0,0,0,0,0.99540689217726,0.00354857785194783,0.00792550242135821,0,0.0427307558720042,0.025,0.359075101230042,1,0.6,0.6
C05_easy_very_aggressive,hard_phase,EASY,high,,,371,5,3,20260611,11,20263622,0,0,7.585,8.415,10.125,10.495,1,1,1,1,0.0561248608016083,0.0199499373432595,0.0561248608016083,18936,9729,131461,0.513783269961977,1,1,0,0,0,0,0.995955180562851,0.00396956587534115,0.00726853259831116,0,0.0443699076850879,0.025,0.35967679011827,1,0.6,0.6
C05_easy_very_aggressive,hard_phase,EASY,high,,,372,5,3,20260611,12,20263623,0,0,7.585,8.415,10.495,10.125,-1,1,1,1,0.0561248608016083,0.0199499373432595,0.0561248608016083,18612,9729,131461,0.522727272727273,1,1,0,0,0,0,0.995388109753456,0.00352151069350061,0.00794372660976988,0,0.0427307558720042,0.025,0.359068527381711,1,0.6,0.6
C05_easy_very_aggressive,hard_phase,EASY,high,,,373,5,3,20260611,13,20263624,0,0,7.585,8.415,10.125,10.495,1,1,1,1,0.0561248608016083,0.0199499373432595,0.0561248608016083,18936,9729,131461,0.513783269961977,1,1,0,0,0,0,0.995943011039606,0.00398165657427685,0.00728204191823982,0,0.0443699076850879,0.025,0.359672530785134,1,0.6,0.6
C05_easy_very_aggressive,hard_phase,EASY,high,,,374,5,3,20260611,14,20263625,0,0,7.585,8.415,10.495,10.125,-1,1,1,1,0.0561248608016083,0.0199499373432595,0.0561248608016083,18612,9729,131461,0.522727272727273,1,1,0,0,0,0,0.995417761246287,0.00353733121899722,0.00788916766269976,0,0.0427307558720042,0.025,0.359078905404202,1,0.6,0.6
C05_easy_very_aggressive,hard_phase,EASY,high,,,375,5,3,20260611,15,20263626,0,0,7.585,8.415,10.125,10.495,1,1,1,1,0.0561248608016083,0.0199499373432595,0.0561248608016083,18936,9729,131461,0.513783269961977,1,1,0,0,0,0,0.995960689123721,0.00394642500160138,0.0072651636966727,0,0.0443699076850879,0.025,0.359678718114574,1,0.6,0.6
C05_easy_very_aggressive,hard_phase,EASY,high,,,376,5,3,20260611,16,20263627,0,0,7.585,8.415,10.495,10.125,-1,1,1,1,0.0561248608016083,0.0199499373432595,0.0561248608016083,18612,9729,131461,0.522727272727273,1,1,0,0,0,0,0.995489352616926,0.00356887660683497,0.00783771167775206,0,0.0427307558720042,0.025,0.359103962383925,1,0.6,0.6
C05_easy_very_aggressive,hard_phase,EASY,high,,,377,5,3,20260611,17,20263628,0,0,7.585,8.415,10.125,10.495,1,1,1,1,0.0561248608016083,0.0199499373432595,0.0561248608016083,18936,9729,131461,0.513783269961977,1,1,0,0,0,0,0.995981039964075,0.00395058381087474,0.00725941065455929,0,0.0443699076850879,0.025,0.359685840908698,1,0.6,0.6
C05_easy_very_aggressive,hard_phase,EASY,high,,,378,5,3,20260611,18,20263629,0,0,7.585,8.415,10.495,10.125,-1,1,1,1,0.0561248608016083,0.0199499373432595,0.0561248608016083,18612,9729,131461,0.522727272727273,1,1,0,0,0,0,0.99543828708381,0.00353129983319502,0.00789120913710825,0,0.0427307558720042,0.025,0.359086089447334,1,0.6,0.6
C05_easy_very_aggressive,hard_phase,EASY,high,,,379,5,3,20260611,19,20263630,0,0,7.585,8.415,10.125,10.495,1,1,1,1,0.0561248608016083,0.0199499373432595,0.0561248608016083,18936,9729,131461,0.513783269961977,1,1,0,0,0,0,0.995923746310222,0.00397382725637416,0.00729525786296135,0,0.0443699076850879,0.025,0.35966578812985,1,0.6,0.6
C05_easy_very_aggressive,hard_phase,EASY,high,,,380,5,3,20260611,20,20263631,0,0,7.585,8.415,10.495,10.125,-1,1,1,1,0.0561248608016083,0.0199499373432595,0.0561248608016083,18612,9729,131461,0.522727272727273,1,1,0,0,0,0,0.995319727778161,0.00354001025374076,0.0079916929518467,0,0.0427307558720042,0.025,0.359044593690357,1,0.6,0.6
C05_easy_very_aggressive,hard_phase,EASY,high,,,381,5,3,20260611,21,20263632,0,0,7.585,8.415,10.125,10.495,1,1,1,1,0.0561248608016083,0.0199499373432595,0.0561248608016083,18936,9729,131461,0.513783269961977,1,1,0,0,0,0,0.995956306239196,0.00396678467721701,0.00726167777836099,0,0.0443699076850879,0.025,0.359677184104991,1,0.6,0.6
C05_easy_very_aggressive,hard_phase,EASY,high,,,382,5,3,20260611,22,20263633,0,0,7.585,8.415,10.495,10.125,-1,1,1,1,0.0561248608016083,0.0199499373432595,0.0561248608016083,18612,9729,131461,0.522727272727273,1,1,0,0,0,0,0.995413981027966,0.00358433972745663,0.00791481994388626,0,0.0427307558720042,0.025,0.359077582327789,1,0.6,0.6
C05_easy_very_aggressive,hard_phase,EASY,high,,,383,5,3,20260611,23,20263634,0,0,7.585,8.415,10.125,10.495,1,1,1,1,0.0561248608016083,0.0199499373432595,0.0561248608016083,18936,9729,131461,0.513783269961977,1,1,0,0,0,0,0.995967310439168,0.00396728568982003,0.00726311073946525,0,0.0443699076850879,0.025,0.359681035574981,1,0.6,0.6
C05_easy_very_aggressive,hard_phase,EASY,high,,,384,5,3,20260611,24,20263635,0,0,7.585,8.415,10.495,10.125,-1,1,1,1,0.0561248608016083,0.0199499373432595,0.0561248608016083,18612,9729,131461,0.522727272727273,1,1,0,0,0,0,0.99537143951826,0.00355705454873299,0.00796250174131351,0,0.0427307558720042,0.025,0.359062692799392,1,0.6,0.6
C05_easy_very_aggressive,hard_phase,EASY,high,,,385,5,3,20260611,25,20263636,0,0,7.585,8.415,10.125,10.495,1,1,1,1,0.0561248608016083,0.0199499373432595,0.0561248608016083,18936,9729,131461,0.513783269961977,1,1,0,0,0,0,0.995961692021313,0.00396064638957657,0.00726562865863971,0,0.0443699076850879,0.025,0.359679069128732,1,0.6,0.6
C05_easy_very_aggressive,hard_phase,EASY,high,,,386,5,3,20260611,26,20263637,0,0,7.585,8.415,10.495,10.125,-1,1,1,1,0.0561248608016083,0.0199499373432595,0.0561248608016083,18612,9729,131461,0.522727272727273,1,1,0,0,0,0,0.99530781622283,0.00355225873757842,0.00801268529122413,0,0.0427307558720042,0.025,0.359040424645992,1,0.6,0.6
C05_easy_very_aggressive,hard_phase,EASY,high,,,387,5,3,20260611,27,20263638,0,0,7.585,8.415,10.125,10.495,1,1,1,1,0.0561248608016083,0.0199499373432595,0.0561248608016083,18936,9729,131461,0.513783269961977,1,1,0,0,0,0,0.995980260627673,0.00395340506194776,0.00725862428491311,0,0.0443699076850879,0.025,0.359685568140957,1,0.6,0.6
C05_easy_very_aggressive,hard_phase,EASY,high,,,388,5,3,20260611,28,20263639,0,0,7.585,8.415,10.495,10.125,-1,1,1,1,0.0561248608016083,0.0199499373432595,0.0561248608016083,18612,9729,131461,0.522727272727273,1,1,0,0,0,0,0.995449598651261,0.00354477346489178,0.00788595629216454,0,0.0427307558720042,0.025,0.359090048495942,1,0.6,0.6
C05_easy_very_aggressive,hard_phase,EASY,high,,,389,5,3,20260611,29,20263640,0,0,7.585,8.415,10.125,10.495,1,1,1,1,0.0561248608016083,0.0199499373432595,0.0561248608016083,18936,9729,131461,0.513783269961977,1,1,0,0,0,0,0.995947892438036,0.00400004023799597,0.00729601090165387,0,0.0443699076850879,0.025,0.359674239274584,1,0.6,0.6
C05_easy_very_aggressive,hard_phase,EASY,high,,,390,5,3,20260611,30,20263641,0,0,7.585,8.415,10.495,10.125,-1,1,1,1,0.0561248608016083,0.0199499373432595,0.0561248608016083,18612,9729,131461,0.522727272727273,1,1,0,0,0,0,0.995423939080837,0.0035432703920364,0.00789732026015134,0,0.0427307558720042,0.025,0.359081067646294,1,0.6,0.6
C05_easy_very_aggressive,weak_secondary,NORMAL,medium,,,391,5,3,20260611,1,20264612,0,0,7.585,8.415,10.125,10.495,1,1,1,1,0.112026782512041,0.112026782512041,0.112026782512041,18513,18513,131461,1,1,1,0,0,0,0,0.999315661377449,0.00129477279585458,0.00306767692323932,0,0.0469812488514907,0.394465894231508,0.503608060707099,3,1,1
C05_easy_very_aggressive,weak_secondary,NORMAL,medium,,,392,5,3,20260611,2,20264613,0,0,7.585,8.415,10.495,10.125,-1,1,1,1,0.100747208398049,0.100747208398049,0.100747208398049,18513,18513,131461,1,1,1,0,0,0,0,0.998931235527526,0.00122257399940485,0.00359592975304071,0,0.0658423460071179,0.410108966795616,0.514205352319343,3,1,1
C05_easy_very_aggressive,weak_secondary,NORMAL,medium,,,393,5,3,20260611,3,20264614,0,0,7.585,8.415,10.125,10.495,1,1,1,1,0.112026782512041,0.112026782512041,0.112026782512041,18513,18513,131461,1,1,1,0,0,0,0,0.999316431820358,0.00129203887250432,0.00306969221666974,0,0.0469812488514907,0.395058244290731,0.503836157307972,3,1,1
C05_easy_very_aggressive,weak_secondary,NORMAL,medium,,,394,5,3,20260611,4,20264615,0,0,7.585,8.415,10.495,10.125,-1,1,1,1,0.100747208398049,0.100747208398049,0.100747208398049,18513,18513,131461,1,1,1,0,0,0,0,0.998916279561313,0.00124614710275166,0.00364923757339874,0,0.0658423460071179,0.405001461070475,0.512235692452268,3,1,1
C05_easy_very_aggressive,weak_secondary,NORMAL,medium,,,395,5,3,20260611,5,20264616,0,0,7.585,8.415,10.125,10.495,1,1,1,1,0.112026782512041,0.112026782512041,0.112026782512041,18513,18513,131461,1,1,1,0,0,0,0,0.999324937686075,0.00129605832457705,0.0030613784995179,0,0.0469812488514907,0.394187363008306,0.503504180021578,3,1,1
C05_easy_very_aggressive,weak_secondary,NORMAL,medium,,,396,5,3,20260611,6,20264617,0,0,7.585,8.415,10.495,10.125,-1,1,1,1,0.100747208398049,0.100747208398049,0.100747208398049,18513,18513,131461,1,1,1,0,0,0,0,0.99892531797097,0.00122119298215982,0.00359682389355805,0,0.0658423460071179,0.410408187198706,0.514318365944967,3,1,1
C05_easy_very_aggressive,weak_secondary,NORMAL,medium,,,397,5,3,20260611,7,20264618,0,0,7.585,8.415,10.125,10.495,1,1,1,1,0.112026782512041,0.112026782512041,0.112026782512041,18513,18513,131461,1,1,1,0,0,0,0,0.999321206074159,0.00127933364434761,0.00305755640923843,0,0.0469812488514907,0.397811043724684,0.504896597309861,3,1,1
C05_easy_very_aggressive,weak_secondary,NORMAL,medium,,,398,5,3,20260611,8,20264619,0,0,7.585,8.415,10.495,10.125,-1,1,1,1,0.100747208398049,0.100747208398049,0.100747208398049,18513,18513,131461,1,1,1,0,0,0,0,0.998927856520245,0.00123657471830547,0.00361948333258421,0,0.0658423460071179,0.407075477700481,0.513037443091742,3,1,1
C05_easy_very_aggressive,weak_secondary,NORMAL,medium,,,399,5,3,20260611,9,20264620,0,0,7.585,8.415,10.125,10.495,1,1,1,1,0.112026782512041,0.112026782512041,0.112026782512041,18513,18513,131461,1,1,1,0,0,0,0,0.999317271548496,0.00129809342615578,0.00307086948178515,0,0.0469812488514907,0.393746424332915,0.503331905075198,3,1,1
C05_easy_very_aggressive,weak_secondary,NORMAL,medium,,,400,5,3,20260611,10,20264621,0,0,7.585,8.415,10.495,10.125,-1,1,1,1,0.100747208398049,0.100747208398049,0.100747208398049,18513,18513,131461,1,1,1,0,0,0,0,0.998906808347123,0.00126947614516374,0.00368974315164187,0,0.0658423460071179,0.399946835214523,0.510288290659627,3,1,1
C05_easy_very_aggressive,weak_secondary,NORMAL,medium,,,401,5,3,20260611,11,20264622,0,0,7.585,8.415,10.125,10.495,1,1,1,1,0.112026782512041,0.112026782512041,0.112026782512041,18513,18513,131461,1,1,1,0,0,0,0,0.999310338298786,0.00128437989334718,0.00308349373719734,0,0.0469812488514907,0.396717689774779,0.504472272838516,3,1,1
C05_easy_very_aggressive,weak_secondary,NORMAL,medium,,,402,5,3,20260611,12,20264623,0,0,7.585,8.415,10.495,10.125,-1,1,1,1,0.100747208398049,0.100747208398049,0.100747208398049,18513,18513,131461,1,1,1,0,0,0,0,0.998914852370875,0.0012562395135511,0.00364292685190327,0,0.0658423460071179,0.402814772063929,0.511394158702328,3,1,1
C05_easy_very_aggressive,weak_secondary,NORMAL,medium,,,403,5,3,20260611,13,20264624,0,0,7.585,8.415,10.125,10.495,1,1,1,1,0.112026782512041,0.112026782512041,0.112026782512041,18513,18513,131461,1,1,1,0,0,0,0,0.999312589374719,0.00129372937886329,0.00307156598676368,0,0.0469812488514907,0.394691967912954,0.503693936922083,3,1,1
C05_easy_very_aggressive,weak_secondary,NORMAL,medium,,,404,5,3,20260611,14,20264625,0,0,7.585,8.415,10.495,10.125,-1,1,1,1,0.100747208398049,0.100747208398049,0.100747208398049,18513,18513,131461,1,1,1,0,0,0,0,0.998903945638635,0.00126789779437203,0.00370570853223271,0,0.0658423460071179,0.400288811219393,0.510418817944299,3,1,1
C05_easy_very_aggressive,weak_secondary,NORMAL,medium,,,405,5,3,20260611,15,20264626,0,0,7.585,8.415,10.125,10.495,1,1,1,1,0.112026782512041,0.112026782512041,0.112026782512041,18513,18513,131461,1,1,1,0,0,0,0,0.999309588698649,0.00127767519879061,0.00307387861601862,0,0.0469812488514907,0.398170373595367,0.505030735024849,3,1,1
C05_easy_very_aggressive,weak_secondary,NORMAL,medium,,,406,5,3,20260611,16,20264627,0,0,7.585,8.415,10.495,10.125,-1,1,1,1,0.100747208398049,0.100747208398049,0.100747208398049,18513,18513,131461,1,1,1,0,0,0,0,0.998942805908509,0.00120955197024427,0.00352400742138946,0,0.0658423460071179,0.412930406447074,0.515294571049401,3,1,1
C05_easy_very_aggressive,weak_secondary,NORMAL,medium,,,407,5,3,20260611,17,20264628,0,0,7.585,8.415,10.125,10.495,1,1,1,1,0.112026782512041,0.112026782512041,0.112026782512041,18513,18513,131461,1,1,1,0,0,0,0,0.999311056473947,0.00129045535927237,0.00307177294402267,0,0.0469812488514907,0.39540133882432,0.503966235372723,3,1,1
C05_easy_very_aggressive,weak_secondary,NORMAL,medium,,,408,5,3,20260611,18,20264629,0,0,7.585,8.415,10.495,10.125,-1,1,1,1,0.100747208398049,0.100747208398049,0.100747208398049,18513,18513,131461,1,1,1,0,0,0,0,0.998948675586488,0.00119138209438406,0.00353763855349363,0,0.0658423460071179,0.416867212883453,0.516810781758378,3,1,1
C05_easy_very_aggressive,weak_secondary,NORMAL,medium,,,409,5,3,20260611,19,20264630,0,0,7.585,8.415,10.125,10.495,1,1,1,1,0.112026782512041,0.112026782512041,0.112026782512041,18513,18513,131461,1,1,1,0,0,0,0,0.999312470248964,0.00130954843427376,0.00306350920450283,0,0.0469812488514907,0.391264505907351,0.50237564061053,3,1,1
C05_easy_very_aggressive,weak_secondary,NORMAL,medium,,,410,5,3,20260611,20,20264631,0,0,7.585,8.415,10.495,10.125,-1,1,1,1,0.100747208398049,0.100747208398049,0.100747208398049,18513,18513,131461,1,1,1,0,0,0,0,0.998902007064233,0.00127843371007884,0.00369483669601567,0,0.0658423460071179,0.398006029482917,0.509540146467691,3,1,1
C05_easy_very_aggressive,weak_secondary,NORMAL,medium,,,411,5,3,20260611,21,20264632,0,0,7.585,8.415,10.125,10.495,1,1,1,1,0.112026782512041,0.112026782512041,0.112026782512041,18513,18513,131461,1,1,1,0,0,0,0,0.999309185425624,0.00130333277473841,0.00307912250276034,0,0.0469812488514907,0.392611232140011,0.502892462550307,3,1,1
C05_easy_very_aggressive,weak_secondary,NORMAL,medium,,,412,5,3,20260611,22,20264633,0,0,7.585,8.415,10.495,10.125,-1,1,1,1,0.100747208398049,0.100747208398049,0.100747208398049,18513,18513,131461,1,1,1,0,0,0,0,0.998916581411907,0.00125152514913344,0.00365962385367057,0,0.0658423460071179,0.403836217687755,0.51178762756816,3,1,1
C05_easy_very_aggressive,weak_secondary,NORMAL,medium,,,413,5,3,20260611,23,20264634,0,0,7.585,8.415,10.125,10.495,1,1,1,1,0.112026782512041,0.112026782512041,0.112026782512041,18513,18513,131461,1,1,1,0,0,0,0,0.999318610725892,0.00129563850467263,0.00307086283925805,0,0.0469812488514907,0.394278323987598,0.503536950577549,3,1,1
C05_easy_very_aggressive,weak_secondary,NORMAL,medium,,,414,5,3,20260611,24,20264635,0,0,7.585,8.415,10.495,10.125,-1,1,1,1,0.100747208398049,0.100747208398049,0.100747208398049,18513,18513,131461,1,1,1,0,0,0,0,0.998922661504841,0.00121703893171263,0.00359935475711907,0,0.0658423460071179,0.411308231462263,0.514663607052421,3,1,1
C05_easy_very_aggressive,weak_secondary,NORMAL,medium,,,415,5,3,20260611,25,20264636,0,0,7.585,8.415,10.125,10.495,1,1,1,1,0.112026782512041,0.112026782512041,0.112026782512041,18513,18513,131461,1,1,1,0,0,0,0,0.999306490952153,0.00129349737070487,0.00310008324012086,0,0.0469812488514907,0.394742236347279,0.503711136487387,3,1,1
C05_easy_very_aggressive,weak_secondary,NORMAL,medium,,,416,5,3,20260611,26,20264637,0,0,7.585,8.415,10.495,10.125,-1,1,1,1,0.100747208398049,0.100747208398049,0.100747208398049,18513,18513,131461,1,1,1,0,0,0,0,0.998903572244469,0.0012742983808488,0.00369183814431618,0,0.0658423460071179,0.398902017482759,0.509885305049943,3,1,1
C05_easy_very_aggressive,weak_secondary,NORMAL,medium,,,417,5,3,20260611,27,20264638,0,0,7.585,8.415,10.125,10.495,1,1,1,1,0.112026782512041,0.112026782512041,0.112026782512041,18513,18513,131461,1,1,1,0,0,0,0,0.999319344532985,0.00129234516255091,0.00306614270712172,0,0.0469812488514907,0.394991881447302,0.503811652586841,3,1,1
C05_easy_very_aggressive,weak_secondary,NORMAL,medium,,,418,5,3,20260611,28,20264639,0,0,7.585,8.415,10.495,10.125,-1,1,1,1,0.100747208398049,0.100747208398049,0.100747208398049,18513,18513,131461,1,1,1,0,0,0,0,0.998931495439544,0.0012209432841873,0.00358664700878414,0,0.0658423460071179,0.410462288426085,0.514341336223345,3,1,1
C05_easy_very_aggressive,weak_secondary,NORMAL,medium,,,419,5,3,20260611,29,20264640,0,0,7.585,8.415,10.125,10.495,1,1,1,1,0.112026782512041,0.112026782512041,0.112026782512041,18513,18513,131461,1,1,1,0,0,0,0,0.999310936961052,0.0012852613780869,0.00307535949677272,0,0.0469812488514907,0.396526701414506,0.504399025308666,3,1,1
C05_easy_very_aggressive,weak_secondary,NORMAL,medium,,,420,5,3,20260611,30,20264641,0,0,7.585,8.415,10.495,10.125,-1,1,1,1,0.100747208398049,0.100747208398049,0.100747208398049,18513,18513,131461,1,1,1,0,0,0,0,0.998936009956164,0.00121496199554327,0.00357061301072243,0,0.0658423460071179,0.411758234298959,0.514841357024498,3,1,1
C05_easy_very_aggressive,low_snr_hard,NORMAL,medium,,,421,5,3,20260611,1,20265612,0,0,7.585,8.415,10.125,10.495,1,1,1,1,0.112026782512041,0.112026782512041,0.112026782512041,22770,22770,131461,1,1,1,0,0,0,0,0.999338428414374,0.00118029057249745,0.00303756862959851,0,0.0469812488514907,0.419270375958887,0.513156214449783,3,1,1
C05_easy_very_aggressive,low_snr_hard,NORMAL,medium,,,422,5,3,20260611,2,20265613,0,0,7.585,8.415,10.495,10.125,-1,1,1,1,0.100747208398049,0.100747208398049,0.100747208398049,18513,18513,131461,1,1,1,0,0,0,0,0.998927114178598,0.00117939675762623,0.00360316760190271,0,0.0658423460071179,0.41946403584765,0.51780201332877,3,1,1
C05_easy_very_aggressive,low_snr_hard,NORMAL,medium,,,423,5,3,20260611,3,20265614,0,0,7.585,8.415,10.125,10.495,1,1,1,1,0.112026782512041,0.112026782512041,0.112026782512041,22770,22770,131461,1,1,1,0,0,0,0,0.99932061087,0.00120941153490721,0.00306369282889852,0,0.0469812488514907,0.412960834103438,0.510723231441772,3,1,1
C05_easy_very_aggressive,low_snr_hard,NORMAL,medium,,,424,5,3,20260611,4,20265615,0,0,7.585,8.415,10.495,10.125,-1,1,1,1,0.100747208398049,0.100747208398049,0.100747208398049,18513,18513,131461,1,1,1,0,0,0,0,0.998927506180231,0.00125941197368385,0.00366881752860766,0,0.0658423460071179,0.402127405701832,0.511134215857873,3,1,1
C05_easy_very_aggressive,low_snr_hard,NORMAL,medium,,,425,5,3,20260611,5,20265616,0,0,7.585,8.415,10.125,10.495,1,1,1,1,0.112026782512041,0.112026782512041,0.112026782512041,22770,22770,131461,1,1,1,0,0,0,0,0.999344615989862,0.00113078423335462,0.00300831631501616,0,0.0469812488514907,0.429996749439832,0.517283908363106,3,1,1
C05_easy_very_aggressive,low_snr_hard,NORMAL,medium,,,426,5,3,20260611,6,20265617,0,0,7.585,8.415,10.495,10.125,-1,1,1,1,0.100747208398049,0.100747208398049,0.100747208398049,18513,18513,131461,1,1,1,0,0,0,0,0.998935627181831,0.00122108746180583,0.00358698235625417,0,0.0658423460071179,0.410431049942071,0.514330767531601,3,1,1
C05_easy_very_aggressive,low_snr_hard,NORMAL,medium,,,427,5,3,20260611,7,20265618,0,0,7.585,8.415,10.125,10.495,1,1,1,1,0.112026782512041,0.112026782512041,0.112026782512041,22770,22770,131461,1,1,1,0,0,0,0,0.999329537966025,0.00113680604303829,0.00303595712919944,0,0.0469812488514907,0.42869202400837,0.516776813581124,3,1,1
C05_easy_very_aggressive,low_snr_hard,NORMAL,medium,,,428,5,3,20260611,8,20265619,0,0,7.585,8.415,10.495,10.125,-1,1,1,1,0.100747208398049,0.100747208398049,0.100747208398049,18513,18513,131461,1,1,1,0,0,0,0,0.998902170878495,0.00124731622381399,0.00363011301384927,0,0.0658423460071179,0.404748151506968,0.512133327658087,3,1,1
C05_easy_very_aggressive,low_snr_hard,NORMAL,medium,,,429,5,3,20260611,9,20265620,0,0,7.585,8.415,10.125,10.495,1,1,1,1,0.112026782512041,0.112026782512041,0.112026782512041,22770,22770,131461,1,1,1,0,0,0,0,0.999326617195069,0.001203621512256,0.00306274152640703,0,0.0469812488514907,0.4142153390112,0.511207835543147,3,1,1
C05_easy_very_aggressive,low_snr_hard,NORMAL,medium,,,430,5,3,20260611,10,20265621,0,0,7.585,8.415,10.495,10.125,-1,1,1,1,0.100747208398049,0.100747208398049,0.100747208398049,18513,18513,131461,1,1,1,0,0,0,0,0.998937918130991,0.00120164636429238,0.00357106305308108,0,0.0658423460071179,0.41464328773665,0.515951660823261,3,1,1
C05_easy_very_aggressive,low_snr_hard,NORMAL,medium,,,431,5,3,20260611,11,20265622,0,0,7.585,8.415,10.125,10.495,1,1,1,1,0.112026782512041,0.112026782512041,0.112026782512041,22770,22770,131461,1,1,1,0,0,0,0,0.999346178348826,0.00112656615530532,0.00297655082967099,0,0.0469812488514907,0.430910666350514,0.517635961692852,3,1,1
C05_easy_very_aggressive,low_snr_hard,NORMAL,medium,,,432,5,3,20260611,12,20265623,0,0,7.585,8.415,10.495,10.125,-1,1,1,1,0.100747208398049,0.100747208398049,0.100747208398049,18513,18513,131461,1,1,1,0,0,0,0,0.99892634101858,0.00127776242969755,0.00364859753219507,0,0.0658423460071179,0.398151473565531,0.509604603383487,3,1,1
C05_easy_very_aggressive,low_snr_hard,NORMAL,medium,,,433,5,3,20260611,13,20265624,0,0,7.585,8.415,10.125,10.495,1,1,1,1,0.112026782512041,0.112026782512041,0.112026782512041,22770,22770,131461,1,1,1,0,0,0,0,0.999341111393594,0.00121506534381785,0.00302376013237634,0,0.0469812488514907,0.411735842172799,0.510259255882477,3,1,1
C05_easy_very_aggressive,low_snr_hard,NORMAL,medium,,,434,5,3,20260611,14,20265625,0,0,7.585,8.415,10.495,10.125,-1,1,1,1,0.100747208398049,0.100747208398049,0.100747208398049,18513,18513,131461,1,1,1,0,0,0,0,0.998913646405141,0.0012892408254642,0.0036593892593985,0,0.0658423460071179,0.395664487816091,0.508643627288229,3,1,1
C05_easy_very_aggressive,low_snr_hard,NORMAL,medium,,,435,5,3,20260611,15,20265626,0,0,7.585,8.415,10.125,10.495,1,1,1,1,0.112026782512041,0.112026782512041,0.112026782512041,22770,22770,131461,1,1,1,0,0,0,0,0.9993191341675,0.00124848513445834,0.0031194124853165,0,0.0469812488514907,0.404494887534025,0.507466581299969,3,1,1
C05_easy_very_aggressive,low_snr_hard,NORMAL,medium,,,436,5,3,20260611,16,20265627,0,0,7.585,8.415,10.495,10.125,-1,1,1,1,0.100747208398049,0.100747208398049,0.100747208398049,18513,18513,131461,1,1,1,0,0,0,0,0.998906193675282,0.00129985154869709,0.00363265104223109,0,0.0658423460071179,0.393365497782298,0.507756791896704,3,1,1
C05_easy_very_aggressive,low_snr_hard,NORMAL,medium,,,437,5,3,20260611,17,20265628,0,0,7.585,8.415,10.125,10.495,1,1,1,1,0.112026782512041,0.112026782512041,0.112026782512041,22770,22770,131461,1,1,1,0,0,0,0,0.999340748126431,0.00126123908417173,0.00304197675680274,0,0.0469812488514907,0.401731531762792,0.506411317042813,3,1,1
C05_easy_very_aggressive,low_snr_hard,NORMAL,medium,,,438,5,3,20260611,18,20265629,0,0,7.585,8.415,10.495,10.125,-1,1,1,1,0.100747208398049,0.100747208398049,0.100747208398049,18513,18513,131461,1,1,1,0,0,0,0,0.998942417545132,0.0012392763582023,0.00366837965338674,0,0.0658423460071179,0.406490122389501,0.512817402792384,3,1,1
C05_easy_very_aggressive,low_snr_hard,NORMAL,medium,,,439,5,3,20260611,19,20265630,0,0,7.585,8.415,10.125,10.495,1,1,1,1,0.112026782512041,0.112026782512041,0.112026782512041,22770,22770,131461,1,1,1,0,0,0,0,0.999326137076503,0.00117243295415988,0.00305867015272391,0,0.0469812488514907,0.420972859932026,0.513806714009658,3,1,1
C05_easy_very_aggressive,low_snr_hard,NORMAL,medium,,,440,5,3,20260611,20,20265631,0,0,7.585,8.415,10.495,10.125,-1,1,1,1,0.100747208398049,0.100747208398049,0.100747208398049,18513,18513,131461,1,1,1,0,0,0,0,0.998932284571799,0.00126413696924992,0.00366536236920525,0,0.0658423460071179,0.401103656662516,0.510742138664416,3,1,1
C05_easy_very_aggressive,low_snr_hard,NORMAL,medium,,,441,5,3,20260611,21,20265632,0,0,7.585,8.415,10.125,10.495,1,1,1,1,0.112026782512041,0.112026782512041,0.112026782512041,22770,22770,131461,1,1,1,0,0,0,0,0.999316614099257,0.00120854716184727,0.0031106517228277,0,0.0469812488514907,0.413148114933092,0.51079386366034,3,1,1
C05_easy_very_aggressive,low_snr_hard,NORMAL,medium,,,442,5,3,20260611,22,20265633,0,0,7.585,8.415,10.495,10.125,-1,1,1,1,0.100747208398049,0.100747208398049,0.100747208398049,18513,18513,131461,1,1,1,0,0,0,0,0.998926114520688,0.00124058059866667,0.00365053247579015,0,0.0658423460071179,0.406207536955556,0.512703010028465,3,1,1
C05_easy_very_aggressive,low_snr_hard,NORMAL,medium,,,443,5,3,20260611,23,20265634,0,0,7.585,8.415,10.125,10.495,1,1,1,1,0.112026782512041,0.112026782512041,0.112026782512041,22770,22770,131461,1,1,1,0,0,0,0,0.999338745598104,0.00126791110965694,0.00304739983728295,0,0.0469812488514907,0.400285926240997,0.505854614034131,3,1,1
C05_easy_very_aggressive,low_snr_hard,NORMAL,medium,,,444,5,3,20260611,24,20265635,0,0,7.585,8.415,10.495,10.125,-1,1,1,1,0.100747208398049,0.100747208398049,0.100747208398049,18513,18513,131461,1,1,1,0,0,0,0,0.99891976333729,0.00123865822890794,0.00361002421669764,0,0.0658423460071179,0.40662405040328,0.512860984594169,3,1,1
C05_easy_very_aggressive,low_snr_hard,NORMAL,medium,,,445,5,3,20260611,25,20265636,0,0,7.585,8.415,10.125,10.495,1,1,1,1,0.112026782512041,0.112026782512041,0.112026782512041,22770,22770,131461,1,1,1,0,0,0,0,0.999325969921592,0.00123600881302906,0.00307083484731111,0,0.0469812488514907,0.407198090510371,0.508508667266342,3,1,1
C05_easy_very_aggressive,low_snr_hard,NORMAL,medium,,,446,5,3,20260611,26,20265637,0,0,7.585,8.415,10.495,10.125,-1,1,1,1,0.100747208398049,0.100747208398049,0.100747208398049,18513,18513,131461,1,1,1,0,0,0,0,0.998930818572161,0.00122122079794035,0.00356265872679312,0,0.0658423460071179,0.410402160446257,0.514317973173673,3,1,1
C05_easy_very_aggressive,low_snr_hard,NORMAL,medium,,,447,5,3,20260611,27,20265638,0,0,7.585,8.415,10.125,10.495,1,1,1,1,0.112026782512041,0.112026782512041,0.112026782512041,22770,22770,131461,1,1,1,0,0,0,0,0.999332627769005,0.00118143100017794,0.00304644096683415,0,0.0469812488514907,0.419023283294779,0.513059148583863,3,1,1
C05_easy_very_aggressive,low_snr_hard,NORMAL,medium,,,448,5,3,20260611,28,20265639,0,0,7.585,8.415,10.495,10.125,-1,1,1,1,0.100747208398049,0.100747208398049,0.100747208398049,18513,18513,131461,1,1,1,0,0,0,0,0.998923600208329,0.00122343807866375,0.00359138313504077,0,0.0658423460071179,0.409921749622854,0.514130673352715,3,1,1
C05_easy_very_aggressive,low_snr_hard,NORMAL,medium,,,449,5,3,20260611,29,20265640,0,0,7.585,8.415,10.125,10.495,1,1,1,1,0.112026782512041,0.112026782512041,0.112026782512041,22770,22770,131461,1,1,1,0,0,0,0,0.999311623985142,0.00120892706891732,0.00310692775255254,0,0.0469812488514907,0.413065801734581,0.510760458197896,3,1,1
C05_easy_very_aggressive,low_snr_hard,NORMAL,medium,,,450,5,3,20260611,30,20265641,0,0,7.585,8.415,10.495,10.125,-1,1,1,1,0.100747208398049,0.100747208398049,0.100747208398049,18513,18513,131461,1,1,1,0,0,0,0,0.998936050292501,0.00124328633077308,0.00365406572582244,0,0.0658423460071179,0.405621294999166,0.512481009873065,3,1,1
