trial_global_id,trial_id,seed,method_name,method_type,B,beam_count,scenario_name,rho,phase_deg,beta,az_sep_deg,el_sep_deg,snr_db,source_corr_empirical,az_hat_1,az_hat_2,el_hat_1,el_hat_2,az_true_1,az_true_2,el_true_1,el_true_2,raw_success,az_tol_success,el_pair_tol_success,joint_pair_tol_success,az_rmse_deg,el_rmse_deg,az_center_error_deg,az_sep_error_deg,el_center_error_deg,el_sep_error_deg,abs_el_sep_error_deg,estimated_el_sep_deg,true_el_sep_deg,false_el_split,boundary_hit,projection_loss,mean_corr,max_corr,cond_WHW,cond_best_GHG,max_score,num_pairs,tie_count,truth_manifold_corr,N_elem,L,phase_factor,phase_sign,az_bound_min,az_bound_max,el_bound_min,el_bound_max
1,1,20361624,regular_B7,regular,7,7,easy_noncoherent,0,0,1,1.27,0.67,30,0.200992380682735,7.38,8.66,10,10.48,7.365,8.635,9.975,10.645,1,1,1,1,0.0206155281280884,0.118004237212061,0.0199999999999996,0.0100000000000007,-0.0700000000000021,-0.190000000000003,0.190000000000003,0.479999999999999,0.670000000000002,0,0,0.46781993154732,0.635124874608382,0.799958368755896,10978.0174051607,1.22896704909702,231605.395212855,65379,1,0.105861046300154,2080,64,2,1,6.5,9.5,8.8,11.2
2,2,20361625,regular_B7,regular,7,7,easy_noncoherent,0,0,1,1.27,0.67,30,0.1096559210967,7.38,8.66,10,10.48,7.365,8.635,9.975,10.645,1,1,1,1,0.0206155281280884,0.118004237212061,0.0199999999999996,0.0100000000000007,-0.0700000000000021,-0.190000000000003,0.190000000000003,0.479999999999999,0.670000000000002,0,0,0.46781993154732,0.635124874608382,0.799958368755896,10978.0174051607,1.22896704909702,228379.396751646,65379,1,0.105861046300154,2080,64,2,1,6.5,9.5,8.8,11.2
3,3,20361626,regular_B7,regular,7,7,easy_noncoherent,0,0,1,1.27,0.67,30,0.193592581882213,7.38,8.66,10,10.48,7.365,8.635,9.975,10.645,1,1,1,1,0.0206155281280884,0.118004237212061,0.0199999999999996,0.0100000000000007,-0.0700000000000021,-0.190000000000003,0.190000000000003,0.479999999999999,0.670000000000002,0,0,0.46781993154732,0.635124874608382,0.799958368755896,10978.0174051607,1.22896704909702,227473.12595557,65379,1,0.105861046300154,2080,64,2,1,6.5,9.5,8.8,11.2
4,4,20361627,regular_B7,regular,7,7,easy_noncoherent,0,0,1,1.27,0.67,30,0.0504283880714682,7.38,8.66,10,10.48,7.365,8.635,9.975,10.645,1,1,1,1,0.0206155281280884,0.118004237212061,0.0199999999999996,0.0100000000000007,-0.0700000000000021,-0.190000000000003,0.190000000000003,0.479999999999999,0.670000000000002,0,0,0.46781993154732,0.635124874608382,0.799958368755896,10978.0174051607,1.22896704909702,227487.049002988,65379,1,0.105861046300154,2080,64,2,1,6.5,9.5,8.8,11.2
5,5,20361628,regular_B7,regular,7,7,easy_noncoherent,0,0,1,1.27,0.67,30,0.0919114803641462,7.38,8.66,10,10.48,7.365,8.635,9.975,10.645,1,1,1,1,0.0206155281280884,0.118004237212061,0.0199999999999996,0.0100000000000007,-0.0700000000000021,-0.190000000000003,0.190000000000003,0.479999999999999,0.670000000000002,0,0,0.46781993154732,0.635124874608382,0.799958368755896,10978.0174051607,1.22896704909702,229958.462774825,65379,1,0.105861046300154,2080,64,2,1,6.5,9.5,8.8,11.2
6,6,20361629,regular_B7,regular,7,7,easy_noncoherent,0,0,1,1.27,0.67,30,0.0621412608582705,7.38,8.66,10,10.48,7.365,8.635,9.975,10.645,1,1,1,1,0.0206155281280884,0.118004237212061,0.0199999999999996,0.0100000000000007,-0.0700000000000021,-0.190000000000003,0.190000000000003,0.479999999999999,0.670000000000002,0,0,0.46781993154732,0.635124874608382,0.799958368755896,10978.0174051607,1.22896704909702,229559.673451548,65379,1,0.105861046300154,2080,64,2,1,6.5,9.5,8.8,11.2
7,7,20361630,regular_B7,regular,7,7,easy_noncoherent,0,0,1,1.27,0.67,30,0.0945155354340482,7.38,8.66,10,10.48,7.365,8.635,9.975,10.645,1,1,1,1,0.0206155281280884,0.118004237212061,0.0199999999999996,0.0100000000000007,-0.0700000000000021,-0.190000000000003,0.190000000000003,0.479999999999999,0.670000000000002,0,0,0.46781993154732,0.635124874608382,0.799958368755896,10978.0174051607,1.22896704909702,227009.623364743,65379,1,0.105861046300154,2080,64,2,1,6.5,9.5,8.8,11.2
8,8,20361631,regular_B7,regular,7,7,easy_noncoherent,0,0,1,1.27,0.67,30,0.1019778920264,7.38,8.66,10,10.48,7.365,8.635,9.975,10.645,1,1,1,1,0.0206155281280884,0.118004237212061,0.0199999999999996,0.0100000000000007,-0.0700000000000021,-0.190000000000003,0.190000000000003,0.479999999999999,0.670000000000002,0,0,0.46781993154732,0.635124874608382,0.799958368755896,10978.0174051607,1.22896704909702,226485.883287582,65379,1,0.105861046300154,2080,64,2,1,6.5,9.5,8.8,11.2
9,9,20361632,regular_B7,regular,7,7,easy_noncoherent,0,0,1,1.27,0.67,30,0.175874147841964,7.38,8.66,10,10.48,7.365,8.635,9.975,10.645,1,1,1,1,0.0206155281280884,0.118004237212061,0.0199999999999996,0.0100000000000007,-0.0700000000000021,-0.190000000000003,0.190000000000003,0.479999999999999,0.670000000000002,0,0,0.46781993154732,0.635124874608382,0.799958368755896,10978.0174051607,1.22896704909702,232806.198664438,65379,1,0.105861046300154,2080,64,2,1,6.5,9.5,8.8,11.2
10,10,20361633,regular_B7,regular,7,7,easy_noncoherent,0,0,1,1.27,0.67,30,0.0959333322985125,7.38,8.66,10,10.48,7.365,8.635,9.975,10.645,1,1,1,1,0.0206155281280884,0.118004237212061,0.0199999999999996,0.0100000000000007,-0.0700000000000021,-0.190000000000003,0.190000000000003,0.479999999999999,0.670000000000002,0,0,0.46781993154732,0.635124874608382,0.799958368755896,10978.0174051607,1.22896704909702,227242.424023788,65379,1,0.105861046300154,2080,64,2,1,6.5,9.5,8.8,11.2
11,11,20361634,regular_B7,regular,7,7,easy_noncoherent,0,0,1,1.27,0.67,30,0.0167510643768928,7.38,8.66,10,10.48,7.365,8.635,9.975,10.645,1,1,1,1,0.0206155281280884,0.118004237212061,0.0199999999999996,0.0100000000000007,-0.0700000000000021,-0.190000000000003,0.190000000000003,0.479999999999999,0.670000000000002,0,0,0.46781993154732,0.635124874608382,0.799958368755896,10978.0174051607,1.22896704909702,228380.943799937,65379,1,0.105861046300154,2080,64,2,1,6.5,9.5,8.8,11.2
12,12,20361635,regular_B7,regular,7,7,easy_noncoherent,0,0,1,1.27,0.67,30,0.106913409193078,7.38,8.66,10,10.48,7.365,8.635,9.975,10.645,1,1,1,1,0.0206155281280884,0.118004237212061,0.0199999999999996,0.0100000000000007,-0.0700000000000021,-0.190000000000003,0.190000000000003,0.479999999999999,0.670000000000002,0,0,0.46781993154732,0.635124874608382,0.799958368755896,10978.0174051607,1.22896704909702,226980.994451488,65379,1,0.105861046300154,2080,64,2,1,6.5,9.5,8.8,11.2
13,13,20361636,regular_B7,regular,7,7,easy_noncoherent,0,0,1,1.27,0.67,30,0.0210821209158371,7.38,8.66,10,10.48,7.365,8.635,9.975,10.645,1,1,1,1,0.0206155281280884,0.118004237212061,0.0199999999999996,0.0100000000000007,-0.0700000000000021,-0.190000000000003,0.190000000000003,0.479999999999999,0.670000000000002,0,0,0.46781993154732,0.635124874608382,0.799958368755896,10978.0174051607,1.22896704909702,228459.43721379,65379,1,0.105861046300154,2080,64,2,1,6.5,9.5,8.8,11.2
14,14,20361637,regular_B7,regular,7,7,easy_noncoherent,0,0,1,1.27,0.67,30,0.0690592225580309,7.38,8.66,10,10.48,7.365,8.635,9.975,10.645,1,1,1,1,0.0206155281280884,0.118004237212061,0.0199999999999996,0.0100000000000007,-0.0700000000000021,-0.190000000000003,0.190000000000003,0.479999999999999,0.670000000000002,0,0,0.46781993154732,0.635124874608382,0.799958368755896,10978.0174051607,1.22896704909702,230419.531000065,65379,1,0.105861046300154,2080,64,2,1,6.5,9.5,8.8,11.2
15,15,20361638,regular_B7,regular,7,7,easy_noncoherent,0,0,1,1.27,0.67,30,0.0503126496838743,7.38,8.66,10,10.48,7.365,8.635,9.975,10.645,1,1,1,1,0.0206155281280884,0.118004237212061,0.0199999999999996,0.0100000000000007,-0.0700000000000021,-0.190000000000003,0.190000000000003,0.479999999999999,0.670000000000002,0,0,0.46781993154732,0.635124874608382,0.799958368755896,10978.0174051607,1.22896704909702,229253.499965328,65379,1,0.105861046300154,2080,64,2,1,6.5,9.5,8.8,11.2
16,16,20361639,regular_B7,regular,7,7,easy_noncoherent,0,0,1,1.27,0.67,30,0.0556831149293556,7.38,8.66,10,10.48,7.365,8.635,9.975,10.645,1,1,1,1,0.0206155281280884,0.118004237212061,0.0199999999999996,0.0100000000000007,-0.0700000000000021,-0.190000000000003,0.190000000000003,0.479999999999999,0.670000000000002,0,0,0.46781993154732,0.635124874608382,0.799958368755896,10978.0174051607,1.22896704909702,228185.509115327,65379,1,0.105861046300154,2080,64,2,1,6.5,9.5,8.8,11.2
17,17,20361640,regular_B7,regular,7,7,easy_noncoherent,0,0,1,1.27,0.67,30,0.0664027152153153,7.38,8.66,10,10.48,7.365,8.635,9.975,10.645,1,1,1,1,0.0206155281280884,0.118004237212061,0.0199999999999996,0.0100000000000007,-0.0700000000000021,-0.190000000000003,0.190000000000003,0.479999999999999,0.670000000000002,0,0,0.46781993154732,0.635124874608382,0.799958368755896,10978.0174051607,1.22896704909702,227396.670472633,65379,1,0.105861046300154,2080,64,2,1,6.5,9.5,8.8,11.2
18,18,20361641,regular_B7,regular,7,7,easy_noncoherent,0,0,1,1.27,0.67,30,0.200954194579039,7.38,8.66,10,10.48,7.365,8.635,9.975,10.645,1,1,1,1,0.0206155281280884,0.118004237212061,0.0199999999999996,0.0100000000000007,-0.0700000000000021,-0.190000000000003,0.190000000000003,0.479999999999999,0.670000000000002,0,0,0.46781993154732,0.635124874608382,0.799958368755896,10978.0174051607,1.22896704909702,231903.59167284,65379,1,0.105861046300154,2080,64,2,1,6.5,9.5,8.8,11.2
19,19,20361642,regular_B7,regular,7,7,easy_noncoherent,0,0,1,1.27,0.67,30,0.0612208836661461,7.38,8.66,10,10.48,7.365,8.635,9.975,10.645,1,1,1,1,0.0206155281280884,0.118004237212061,0.0199999999999996,0.0100000000000007,-0.0700000000000021,-0.190000000000003,0.190000000000003,0.479999999999999,0.670000000000002,0,0,0.46781993154732,0.635124874608382,0.799958368755896,10978.0174051607,1.22896704909702,229699.445713519,65379,1,0.105861046300154,2080,64,2,1,6.5,9.5,8.8,11.2
20,20,20361643,regular_B7,regular,7,7,easy_noncoherent,0,0,1,1.27,0.67,30,0.0447236836892649,7.38,8.66,10,10.48,7.365,8.635,9.975,10.645,1,1,1,1,0.0206155281280884,0.118004237212061,0.0199999999999996,0.0100000000000007,-0.0700000000000021,-0.190000000000003,0.190000000000003,0.479999999999999,0.670000000000002,0,0,0.46781993154732,0.635124874608382,0.799958368755896,10978.0174051607,1.22896704909702,229092.281940917,65379,1,0.105861046300154,2080,64,2,1,6.5,9.5,8.8,11.2
21,21,20361644,regular_B7,regular,7,7,easy_noncoherent,0,0,1,1.27,0.67,30,0.104017175753098,7.38,8.66,10,10.48,7.365,8.635,9.975,10.645,1,1,1,1,0.0206155281280884,0.118004237212061,0.0199999999999996,0.0100000000000007,-0.0700000000000021,-0.190000000000003,0.190000000000003,0.479999999999999,0.670000000000002,0,0,0.46781993154732,0.635124874608382,0.799958368755896,10978.0174051607,1.22896704909702,229348.995719384,65379,1,0.105861046300154,2080,64,2,1,6.5,9.5,8.8,11.2
22,22,20361645,regular_B7,regular,7,7,easy_noncoherent,0,0,1,1.27,0.67,30,0.115838963710857,7.38,8.66,10,10.48,7.365,8.635,9.975,10.645,1,1,1,1,0.0206155281280884,0.118004237212061,0.0199999999999996,0.0100000000000007,-0.0700000000000021,-0.190000000000003,0.190000000000003,0.479999999999999,0.670000000000002,0,0,0.46781993154732,0.635124874608382,0.799958368755896,10978.0174051607,1.22896704909702,225948.219917021,65379,1,0.105861046300154,2080,64,2,1,6.5,9.5,8.8,11.2
23,23,20361646,regular_B7,regular,7,7,easy_noncoherent,0,0,1,1.27,0.67,30,0.0917909416572137,7.38,8.66,10,10.48,7.365,8.635,9.975,10.645,1,1,1,1,0.0206155281280884,0.118004237212061,0.0199999999999996,0.0100000000000007,-0.0700000000000021,-0.190000000000003,0.190000000000003,0.479999999999999,0.670000000000002,0,0,0.46781993154732,0.635124874608382,0.799958368755896,10978.0174051607,1.22896704909702,227078.690513538,65379,1,0.105861046300154,2080,64,2,1,6.5,9.5,8.8,11.2
24,24,20361647,regular_B7,regular,7,7,easy_noncoherent,0,0,1,1.27,0.67,30,0.165246909861481,7.38,8.66,10,10.48,7.365,8.635,9.975,10.645,1,1,1,1,0.0206155281280884,0.118004237212061,0.0199999999999996,0.0100000000000007,-0.0700000000000021,-0.190000000000003,0.190000000000003,0.479999999999999,0.670000000000002,0,0,0.46781993154732,0.635124874608382,0.799958368755896,10978.0174051607,1.22896704909702,226342.166338663,65379,1,0.105861046300154,2080,64,2,1,6.5,9.5,8.8,11.2
25,25,20361648,regular_B7,regular,7,7,easy_noncoherent,0,0,1,1.27,0.67,30,0.0632756972975536,7.38,8.66,10,10.48,7.365,8.635,9.975,10.645,1,1,1,1,0.0206155281280884,0.118004237212061,0.0199999999999996,0.0100000000000007,-0.0700000000000021,-0.190000000000003,0.190000000000003,0.479999999999999,0.670000000000002,0,0,0.46781993154732,0.635124874608382,0.799958368755896,10978.0174051607,1.22896704909702,228379.24182704,65379,1,0.105861046300154,2080,64,2,1,6.5,9.5,8.8,11.2
26,26,20361649,regular_B7,regular,7,7,easy_noncoherent,0,0,1,1.27,0.67,30,0.132399546093326,7.38,8.66,10,10.48,7.365,8.635,9.975,10.645,1,1,1,1,0.0206155281280884,0.118004237212061,0.0199999999999996,0.0100000000000007,-0.0700000000000021,-0.190000000000003,0.190000000000003,0.479999999999999,0.670000000000002,0,0,0.46781993154732,0.635124874608382,0.799958368755896,10978.0174051607,1.22896704909702,231902.281122373,65379,1,0.105861046300154,2080,64,2,1,6.5,9.5,8.8,11.2
27,27,20361650,regular_B7,regular,7,7,easy_noncoherent,0,0,1,1.27,0.67,30,0.132279579952202,7.38,8.66,10,10.48,7.365,8.635,9.975,10.645,1,1,1,1,0.0206155281280884,0.118004237212061,0.0199999999999996,0.0100000000000007,-0.0700000000000021,-0.190000000000003,0.190000000000003,0.479999999999999,0.670000000000002,0,0,0.46781993154732,0.635124874608382,0.799958368755896,10978.0174051607,1.22896704909702,231966.227126531,65379,1,0.105861046300154,2080,64,2,1,6.5,9.5,8.8,11.2
28,28,20361651,regular_B7,regular,7,7,easy_noncoherent,0,0,1,1.27,0.67,30,0.121714324335918,7.38,8.66,10,10.48,7.365,8.635,9.975,10.645,1,1,1,1,0.0206155281280884,0.118004237212061,0.0199999999999996,0.0100000000000007,-0.0700000000000021,-0.190000000000003,0.190000000000003,0.479999999999999,0.670000000000002,0,0,0.46781993154732,0.635124874608382,0.799958368755896,10978.0174051607,1.22896704909702,231193.296339245,65379,1,0.105861046300154,2080,64,2,1,6.5,9.5,8.8,11.2
29,29,20361652,regular_B7,regular,7,7,easy_noncoherent,0,0,1,1.27,0.67,30,0.119142141161739,7.38,8.66,10,10.48,7.365,8.635,9.975,10.645,1,1,1,1,0.0206155281280884,0.118004237212061,0.0199999999999996,0.0100000000000007,-0.0700000000000021,-0.190000000000003,0.190000000000003,0.479999999999999,0.670000000000002,0,0,0.46781993154732,0.635124874608382,0.799958368755896,10978.0174051607,1.22896704909702,227268.30432907,65379,1,0.105861046300154,2080,64,2,1,6.5,9.5,8.8,11.2
30,30,20361653,regular_B7,regular,7,7,easy_noncoherent,0,0,1,1.27,0.67,30,0.180311426248242,7.38,8.66,10,10.48,7.365,8.635,9.975,10.645,1,1,1,1,0.0206155281280884,0.118004237212061,0.0199999999999996,0.0100000000000007,-0.0700000000000021,-0.190000000000003,0.190000000000003,0.479999999999999,0.670000000000002,0,0,0.46781993154732,0.635124874608382,0.799958368755896,10978.0174051607,1.22896704909702,227916.630268562,65379,1,0.105861046300154,2080,64,2,1,6.5,9.5,8.8,11.2
31,1,20362624,regular_B7,regular,7,7,strong_coherent,0.99,5,1,1.27,0.37,30,0.990050126039081,7.38,8.66,10.12,10.6,7.365,8.635,10.125,10.495,1,1,1,1,0.0206155281280884,0.0743303437365916,0.0199999999999996,0.0100000000000007,0.0499999999999989,0.109999999999999,0.109999999999999,0.48,0.370000000000001,0,0,0.46781993154732,0.635124874608382,0.799958368755896,10978.0174051607,1.27105873549287,215971.220487815,65379,1,0.102462826431781,2080,64,2,1,6.5,9.5,8.8,11.2
32,2,20362625,regular_B7,regular,7,7,strong_coherent,0.99,5,1,1.27,0.37,30,0.99043437662316,7.38,8.66,10.12,10.6,7.365,8.635,10.125,10.495,1,1,1,1,0.0206155281280884,0.0743303437365916,0.0199999999999996,0.0100000000000007,0.0499999999999989,0.109999999999999,0.109999999999999,0.48,0.370000000000001,0,0,0.46781993154732,0.635124874608382,0.799958368755896,10978.0174051607,1.27105873549287,216196.130474077,65379,1,0.102462826431781,2080,64,2,1,6.5,9.5,8.8,11.2
33,3,20362626,regular_B7,regular,7,7,strong_coherent,0.99,5,1,1.27,0.37,30,0.989978757751609,7.38,8.66,10.12,10.6,7.365,8.635,10.125,10.495,1,1,1,1,0.0206155281280884,0.0743303437365916,0.0199999999999996,0.0100000000000007,0.0499999999999989,0.109999999999999,0.109999999999999,0.48,0.370000000000001,0,0,0.46781993154732,0.635124874608382,0.799958368755896,10978.0174051607,1.27105873549287,215865.74880335,65379,1,0.102462826431781,2080,64,2,1,6.5,9.5,8.8,11.2
34,4,20362627,regular_B7,regular,7,7,strong_coherent,0.99,5,1,1.27,0.37,30,0.990583171741315,7.38,8.66,10.12,10.6,7.365,8.635,10.125,10.495,1,1,1,1,0.0206155281280884,0.0743303437365916,0.0199999999999996,0.0100000000000007,0.0499999999999989,0.109999999999999,0.109999999999999,0.48,0.370000000000001,0,0,0.46781993154732,0.635124874608382,0.799958368755896,10978.0174051607,1.27105873549287,216067.885338323,65379,1,0.102462826431781,2080,64,2,1,6.5,9.5,8.8,11.2
35,5,20362628,regular_B7,regular,7,7,strong_coherent,0.99,5,1,1.27,0.37,30,0.990112412425396,7.38,8.66,10.12,10.6,7.365,8.635,10.125,10.495,1,1,1,1,0.0206155281280884,0.0743303437365916,0.0199999999999996,0.0100000000000007,0.0499999999999989,0.109999999999999,0.109999999999999,0.48,0.370000000000001,0,0,0.46781993154732,0.635124874608382,0.799958368755896,10978.0174051607,1.27105873549287,215763.410438611,65379,1,0.102462826431781,2080,64,2,1,6.5,9.5,8.8,11.2
36,6,20362629,regular_B7,regular,7,7,strong_coherent,0.99,5,1,1.27,0.37,30,0.989954107723744,7.38,8.66,10.12,10.6,7.365,8.635,10.125,10.495,1,1,1,1,0.0206155281280884,0.0743303437365916,0.0199999999999996,0.0100000000000007,0.0499999999999989,0.109999999999999,0.109999999999999,0.48,0.370000000000001,0,0,0.46781993154732,0.635124874608382,0.799958368755896,10978.0174051607,1.27105873549287,215939.560769508,65379,1,0.102462826431781,2080,64,2,1,6.5,9.5,8.8,11.2
37,7,20362630,regular_B7,regular,7,7,strong_coherent,0.99,5,1,1.27,0.37,30,0.989992501767258,7.38,8.66,10.12,10.6,7.365,8.635,10.125,10.495,1,1,1,1,0.0206155281280884,0.0743303437365916,0.0199999999999996,0.0100000000000007,0.0499999999999989,0.109999999999999,0.109999999999999,0.48,0.370000000000001,0,0,0.46781993154732,0.635124874608382,0.799958368755896,10978.0174051607,1.27105873549287,215539.410390075,65379,1,0.102462826431781,2080,64,2,1,6.5,9.5,8.8,11.2
38,8,20362631,regular_B7,regular,7,7,strong_coherent,0.99,5,1,1.27,0.37,30,0.990142436712544,7.38,8.66,10.12,10.6,7.365,8.635,10.125,10.495,1,1,1,1,0.0206155281280884,0.0743303437365916,0.0199999999999996,0.0100000000000007,0.0499999999999989,0.109999999999999,0.109999999999999,0.48,0.370000000000001,0,0,0.46781993154732,0.635124874608382,0.799958368755896,10978.0174051607,1.27105873549287,215596.482715127,65379,1,0.102462826431781,2080,64,2,1,6.5,9.5,8.8,11.2
39,9,20362632,regular_B7,regular,7,7,strong_coherent,0.99,5,1,1.27,0.37,30,0.989942319177535,7.38,8.66,10.12,10.6,7.365,8.635,10.125,10.495,1,1,1,1,0.0206155281280884,0.0743303437365916,0.0199999999999996,0.0100000000000007,0.0499999999999989,0.109999999999999,0.109999999999999,0.48,0.370000000000001,0,0,0.46781993154732,0.635124874608382,0.799958368755896,10978.0174051607,1.27105873549287,216128.784779793,65379,1,0.102462826431781,2080,64,2,1,6.5,9.5,8.8,11.2
40,10,20362633,regular_B7,regular,7,7,strong_coherent,0.99,5,1,1.27,0.37,30,0.989862746799919,7.38,8.66,10.12,10.6,7.365,8.635,10.125,10.495,1,1,1,1,0.0206155281280884,0.0743303437365916,0.0199999999999996,0.0100000000000007,0.0499999999999989,0.109999999999999,0.109999999999999,0.48,0.370000000000001,0,0,0.46781993154732,0.635124874608382,0.799958368755896,10978.0174051607,1.27105873549287,216084.381468564,65379,1,0.102462826431781,2080,64,2,1,6.5,9.5,8.8,11.2
41,11,20362634,regular_B7,regular,7,7,strong_coherent,0.99,5,1,1.27,0.37,30,0.990141351411547,7.38,8.66,10.12,10.6,7.365,8.635,10.125,10.495,1,1,1,1,0.0206155281280884,0.0743303437365916,0.0199999999999996,0.0100000000000007,0.0499999999999989,0.109999999999999,0.109999999999999,0.48,0.370000000000001,0,0,0.46781993154732,0.635124874608382,0.799958368755896,10978.0174051607,1.27105873549287,215771.964903889,65379,1,0.102462826431781,2080,64,2,1,6.5,9.5,8.8,11.2
42,12,20362635,regular_B7,regular,7,7,strong_coherent,0.99,5,1,1.27,0.37,30,0.990526800915027,7.38,8.66,10.12,10.6,7.365,8.635,10.125,10.495,1,1,1,1,0.0206155281280884,0.0743303437365916,0.0199999999999996,0.0100000000000007,0.0499999999999989,0.109999999999999,0.109999999999999,0.48,0.370000000000001,0,0,0.46781993154732,0.635124874608382,0.799958368755896,10978.0174051607,1.27105873549287,215910.174597853,65379,1,0.102462826431781,2080,64,2,1,6.5,9.5,8.8,11.2
43,13,20362636,regular_B7,regular,7,7,strong_coherent,0.99,5,1,1.27,0.37,30,0.989913484358264,7.38,8.66,10.12,10.6,7.365,8.635,10.125,10.495,1,1,1,1,0.0206155281280884,0.0743303437365916,0.0199999999999996,0.0100000000000007,0.0499999999999989,0.109999999999999,0.109999999999999,0.48,0.370000000000001,0,0,0.46781993154732,0.635124874608382,0.799958368755896,10978.0174051607,1.27105873549287,215827.380803264,65379,1,0.102462826431781,2080,64,2,1,6.5,9.5,8.8,11.2
44,14,20362637,regular_B7,regular,7,7,strong_coherent,0.99,5,1,1.27,0.37,30,0.990397496687363,7.38,8.66,10.12,10.6,7.365,8.635,10.125,10.495,1,1,1,1,0.0206155281280884,0.0743303437365916,0.0199999999999996,0.0100000000000007,0.0499999999999989,0.109999999999999,0.109999999999999,0.48,0.370000000000001,0,0,0.46781993154732,0.635124874608382,0.799958368755896,10978.0174051607,1.27105873549287,215956.925480674,65379,1,0.102462826431781,2080,64,2,1,6.5,9.5,8.8,11.2
45,15,20362638,regular_B7,regular,7,7,strong_coherent,0.99,5,1,1.27,0.37,30,0.990338978466117,7.38,8.66,10.12,10.6,7.365,8.635,10.125,10.495,1,1,1,1,0.0206155281280884,0.0743303437365916,0.0199999999999996,0.0100000000000007,0.0499999999999989,0.109999999999999,0.109999999999999,0.48,0.370000000000001,0,0,0.46781993154732,0.635124874608382,0.799958368755896,10978.0174051607,1.27105873549287,216114.448275209,65379,1,0.102462826431781,2080,64,2,1,6.5,9.5,8.8,11.2
46,16,20362639,regular_B7,regular,7,7,strong_coherent,0.99,5,1,1.27,0.37,30,0.989902086230665,7.38,8.66,10.12,10.6,7.365,8.635,10.125,10.495,1,1,1,1,0.0206155281280884,0.0743303437365916,0.0199999999999996,0.0100000000000007,0.0499999999999989,0.109999999999999,0.109999999999999,0.48,0.370000000000001,0,0,0.46781993154732,0.635124874608382,0.799958368755896,10978.0174051607,1.27105873549287,215718.050263186,65379,1,0.102462826431781,2080,64,2,1,6.5,9.5,8.8,11.2
47,17,20362640,regular_B7,regular,7,7,strong_coherent,0.99,5,1,1.27,0.37,30,0.989996426402463,7.38,8.66,10.12,10.6,7.365,8.635,10.125,10.495,1,1,1,1,0.0206155281280884,0.0743303437365916,0.0199999999999996,0.0100000000000007,0.0499999999999989,0.109999999999999,0.109999999999999,0.48,0.370000000000001,0,0,0.46781993154732,0.635124874608382,0.799958368755896,10978.0174051607,1.27105873549287,216255.180518456,65379,1,0.102462826431781,2080,64,2,1,6.5,9.5,8.8,11.2
48,18,20362641,regular_B7,regular,7,7,strong_coherent,0.99,5,1,1.27,0.37,30,0.989902993862343,7.38,8.66,10.12,10.6,7.365,8.635,10.125,10.495,1,1,1,1,0.0206155281280884,0.0743303437365916,0.0199999999999996,0.0100000000000007,0.0499999999999989,0.109999999999999,0.109999999999999,0.48,0.370000000000001,0,0,0.46781993154732,0.635124874608382,0.799958368755896,10978.0174051607,1.27105873549287,215988.990908399,65379,1,0.102462826431781,2080,64,2,1,6.5,9.5,8.8,11.2
49,19,20362642,regular_B7,regular,7,7,strong_coherent,0.99,5,1,1.27,0.37,30,0.989913633106245,7.38,8.66,10.12,10.6,7.365,8.635,10.125,10.495,1,1,1,1,0.0206155281280884,0.0743303437365916,0.0199999999999996,0.0100000000000007,0.0499999999999989,0.109999999999999,0.109999999999999,0.48,0.370000000000001,0,0,0.46781993154732,0.635124874608382,0.799958368755896,10978.0174051607,1.27105873549287,215906.8085606,65379,1,0.102462826431781,2080,64,2,1,6.5,9.5,8.8,11.2
50,20,20362643,regular_B7,regular,7,7,strong_coherent,0.99,5,1,1.27,0.37,30,0.990397316212929,7.38,8.66,10.12,10.6,7.365,8.635,10.125,10.495,1,1,1,1,0.0206155281280884,0.0743303437365916,0.0199999999999996,0.0100000000000007,0.0499999999999989,0.109999999999999,0.109999999999999,0.48,0.370000000000001,0,0,0.46781993154732,0.635124874608382,0.799958368755896,10978.0174051607,1.27105873549287,216240.903320555,65379,1,0.102462826431781,2080,64,2,1,6.5,9.5,8.8,11.2
51,21,20362644,regular_B7,regular,7,7,strong_coherent,0.99,5,1,1.27,0.37,30,0.989814102556942,7.38,8.66,10.12,10.6,7.365,8.635,10.125,10.495,1,1,1,1,0.0206155281280884,0.0743303437365916,0.0199999999999996,0.0100000000000007,0.0499999999999989,0.109999999999999,0.109999999999999,0.48,0.370000000000001,0,0,0.46781993154732,0.635124874608382,0.799958368755896,10978.0174051607,1.27105873549287,215952.486295138,65379,1,0.102462826431781,2080,64,2,1,6.5,9.5,8.8,11.2
52,22,20362645,regular_B7,regular,7,7,strong_coherent,0.99,5,1,1.27,0.37,30,0.990074887400623,7.38,8.66,10.12,10.6,7.365,8.635,10.125,10.495,1,1,1,1,0.0206155281280884,0.0743303437365916,0.0199999999999996,0.0100000000000007,0.0499999999999989,0.109999999999999,0.109999999999999,0.48,0.370000000000001,0,0,0.46781993154732,0.635124874608382,0.799958368755896,10978.0174051607,1.27105873549287,215720.417792542,65379,1,0.102462826431781,2080,64,2,1,6.5,9.5,8.8,11.2
53,23,20362646,regular_B7,regular,7,7,strong_coherent,0.99,5,1,1.27,0.37,30,0.989859204608462,7.38,8.66,10.12,10.6,7.365,8.635,10.125,10.495,1,1,1,1,0.0206155281280884,0.0743303437365916,0.0199999999999996,0.0100000000000007,0.0499999999999989,0.109999999999999,0.109999999999999,0.48,0.370000000000001,0,0,0.46781993154732,0.635124874608382,0.799958368755896,10978.0174051607,1.27105873549287,215719.098191052,65379,1,0.102462826431781,2080,64,2,1,6.5,9.5,8.8,11.2
54,24,20362647,regular_B7,regular,7,7,strong_coherent,0.99,5,1,1.27,0.37,30,0.990216266681758,7.38,8.66,10.12,10.6,7.365,8.635,10.125,10.495,1,1,1,1,0.0206155281280884,0.0743303437365916,0.0199999999999996,0.0100000000000007,0.0499999999999989,0.109999999999999,0.109999999999999,0.48,0.370000000000001,0,0,0.46781993154732,0.635124874608382,0.799958368755896,10978.0174051607,1.27105873549287,215865.116077833,65379,1,0.102462826431781,2080,64,2,1,6.5,9.5,8.8,11.2
55,25,20362648,regular_B7,regular,7,7,strong_coherent,0.99,5,1,1.27,0.37,30,0.9898518787756,7.38,8.66,10.12,10.6,7.365,8.635,10.125,10.495,1,1,1,1,0.0206155281280884,0.0743303437365916,0.0199999999999996,0.0100000000000007,0.0499999999999989,0.109999999999999,0.109999999999999,0.48,0.370000000000001,0,0,0.46781993154732,0.635124874608382,0.799958368755896,10978.0174051607,1.27105873549287,215837.743649828,65379,1,0.102462826431781,2080,64,2,1,6.5,9.5,8.8,11.2
56,26,20362649,regular_B7,regular,7,7,strong_coherent,0.99,5,1,1.27,0.37,30,0.99000646376999,7.38,8.66,10.12,10.6,7.365,8.635,10.125,10.495,1,1,1,1,0.0206155281280884,0.0743303437365916,0.0199999999999996,0.0100000000000007,0.0499999999999989,0.109999999999999,0.109999999999999,0.48,0.370000000000001,0,0,0.46781993154732,0.635124874608382,0.799958368755896,10978.0174051607,1.27105873549287,215965.939064799,65379,1,0.102462826431781,2080,64,2,1,6.5,9.5,8.8,11.2
57,27,20362650,regular_B7,regular,7,7,strong_coherent,0.99,5,1,1.27,0.37,30,0.990485447843421,7.38,8.66,10.12,10.6,7.365,8.635,10.125,10.495,1,1,1,1,0.0206155281280884,0.0743303437365916,0.0199999999999996,0.0100000000000007,0.0499999999999989,0.109999999999999,0.109999999999999,0.48,0.370000000000001,0,0,0.46781993154732,0.635124874608382,0.799958368755896,10978.0174051607,1.27105873549287,216176.166804035,65379,1,0.102462826431781,2080,64,2,1,6.5,9.5,8.8,11.2
58,28,20362651,regular_B7,regular,7,7,strong_coherent,0.99,5,1,1.27,0.37,30,0.989940516968703,7.38,8.66,10.12,10.6,7.365,8.635,10.125,10.495,1,1,1,1,0.0206155281280884,0.0743303437365916,0.0199999999999996,0.0100000000000007,0.0499999999999989,0.109999999999999,0.109999999999999,0.48,0.370000000000001,0,0,0.46781993154732,0.635124874608382,0.799958368755896,10978.0174051607,1.27105873549287,216084.556867321,65379,1,0.102462826431781,2080,64,2,1,6.5,9.5,8.8,11.2
59,29,20362652,regular_B7,regular,7,7,strong_coherent,0.99,5,1,1.27,0.37,30,0.990849568181408,7.38,8.66,10.12,10.6,7.365,8.635,10.125,10.495,1,1,1,1,0.0206155281280884,0.0743303437365916,0.0199999999999996,0.0100000000000007,0.0499999999999989,0.109999999999999,0.109999999999999,0.48,0.370000000000001,0,0,0.46781993154732,0.635124874608382,0.799958368755896,10978.0174051607,1.27105873549287,215891.957386446,65379,1,0.102462826431781,2080,64,2,1,6.5,9.5,8.8,11.2
60,30,20362653,regular_B7,regular,7,7,strong_coherent,0.99,5,1,1.27,0.37,30,0.990144856121184,7.38,8.66,10.12,10.6,7.365,8.635,10.125,10.495,1,1,1,1,0.0206155281280884,0.0743303437365916,0.0199999999999996,0.0100000000000007,0.0499999999999989,0.109999999999999,0.109999999999999,0.48,0.370000000000001,0,0,0.46781993154732,0.635124874608382,0.799958368755896,10978.0174051607,1.27105873549287,215934.797039706,65379,1,0.102462826431781,2080,64,2,1,6.5,9.5,8.8,11.2
61,1,20363624,regular_B7,regular,7,7,hard_phase,0.99,150,1,0.83,0.37,30,0.990207081881104,7.46,8.5,10.12,10.6,7.585,8.415,10.125,10.495,1,1,1,1,0.10688779163216,0.0743303437365916,-0.0199999999999996,0.210000000000001,0.0499999999999989,0.109999999999999,0.109999999999999,0.48,0.370000000000001,0,0,0.46781993154732,0.635124874608382,0.799958368755896,10978.0174051607,1.21226906608377,159609.354997975,65379,1,0.341941733626545,2080,64,2,1,6.5,9.5,8.8,11.2
62,2,20363625,regular_B7,regular,7,7,hard_phase,0.99,150,1,0.83,0.37,30,0.990542407490467,7.46,8.5,10.12,10.6,7.585,8.415,10.125,10.495,1,1,1,1,0.10688779163216,0.0743303437365916,-0.0199999999999996,0.210000000000001,0.0499999999999989,0.109999999999999,0.109999999999999,0.48,0.370000000000001,0,0,0.46781993154732,0.635124874608382,0.799958368755896,10978.0174051607,1.21226906608377,159768.08566591,65379,1,0.341941733626545,2080,64,2,1,6.5,9.5,8.8,11.2
63,3,20363626,regular_B7,regular,7,7,hard_phase,0.99,150,1,0.83,0.37,30,0.990154614278625,7.46,8.5,10.12,10.6,7.585,8.415,10.125,10.495,1,1,1,1,0.10688779163216,0.0743303437365916,-0.0199999999999996,0.210000000000001,0.0499999999999989,0.109999999999999,0.109999999999999,0.48,0.370000000000001,0,0,0.46781993154732,0.635124874608382,0.799958368755896,10978.0174051607,1.21226906608377,159655.604321108,65379,1,0.341941733626545,2080,64,2,1,6.5,9.5,8.8,11.2
64,4,20363627,regular_B7,regular,7,7,hard_phase,0.99,150,1,0.83,0.37,30,0.990040274283195,7.46,8.5,10.12,10.6,7.585,8.415,10.125,10.495,1,1,1,1,0.10688779163216,0.0743303437365916,-0.0199999999999996,0.210000000000001,0.0499999999999989,0.109999999999999,0.109999999999999,0.48,0.370000000000001,0,0,0.46781993154732,0.635124874608382,0.799958368755896,10978.0174051607,1.21226906608377,159748.057613232,65379,1,0.341941733626545,2080,64,2,1,6.5,9.5,8.8,11.2
65,5,20363628,regular_B7,regular,7,7,hard_phase,0.99,150,1,0.83,0.37,30,0.990870499352826,7.46,8.5,10.12,10.6,7.585,8.415,10.125,10.495,1,1,1,1,0.10688779163216,0.0743303437365916,-0.0199999999999996,0.210000000000001,0.0499999999999989,0.109999999999999,0.109999999999999,0.48,0.370000000000001,0,0,0.46781993154732,0.635124874608382,0.799958368755896,10978.0174051607,1.21226906608377,159654.18486528,65379,1,0.341941733626545,2080,64,2,1,6.5,9.5,8.8,11.2
66,6,20363629,regular_B7,regular,7,7,hard_phase,0.99,150,1,0.83,0.37,30,0.990227676679173,7.46,8.5,10.12,10.6,7.585,8.415,10.125,10.495,1,1,1,1,0.10688779163216,0.0743303437365916,-0.0199999999999996,0.210000000000001,0.0499999999999989,0.109999999999999,0.109999999999999,0.48,0.370000000000001,0,0,0.46781993154732,0.635124874608382,0.799958368755896,10978.0174051607,1.21226906608377,159625.215310381,65379,1,0.341941733626545,2080,64,2,1,6.5,9.5,8.8,11.2
67,7,20363630,regular_B7,regular,7,7,hard_phase,0.99,150,1,0.83,0.37,30,0.99015644861327,7.46,8.5,10.12,10.6,7.585,8.415,10.125,10.495,1,1,1,1,0.10688779163216,0.0743303437365916,-0.0199999999999996,0.210000000000001,0.0499999999999989,0.109999999999999,0.109999999999999,0.48,0.370000000000001,0,0,0.46781993154732,0.635124874608382,0.799958368755896,10978.0174051607,1.21226906608377,159747.10053858,65379,1,0.341941733626545,2080,64,2,1,6.5,9.5,8.8,11.2
68,8,20363631,regular_B7,regular,7,7,hard_phase,0.99,150,1,0.83,0.37,30,0.989960189693333,7.46,8.5,10.12,10.6,7.585,8.415,10.125,10.495,1,1,1,1,0.10688779163216,0.0743303437365916,-0.0199999999999996,0.210000000000001,0.0499999999999989,0.109999999999999,0.109999999999999,0.48,0.370000000000001,0,0,0.46781993154732,0.635124874608382,0.799958368755896,10978.0174051607,1.21226906608377,159679.151005661,65379,1,0.341941733626545,2080,64,2,1,6.5,9.5,8.8,11.2
69,9,20363632,regular_B7,regular,7,7,hard_phase,0.99,150,1,0.83,0.37,30,0.990081302908216,7.46,8.5,10.12,10.6,7.585,8.415,10.125,10.495,1,1,1,1,0.10688779163216,0.0743303437365916,-0.0199999999999996,0.210000000000001,0.0499999999999989,0.109999999999999,0.109999999999999,0.48,0.370000000000001,0,0,0.46781993154732,0.635124874608382,0.799958368755896,10978.0174051607,1.21226906608377,159836.492997799,65379,1,0.341941733626545,2080,64,2,1,6.5,9.5,8.8,11.2
70,10,20363633,regular_B7,regular,7,7,hard_phase,0.99,150,1,0.83,0.37,30,0.990825008376316,7.46,8.5,10.12,10.6,7.585,8.415,10.125,10.495,1,1,1,1,0.10688779163216,0.0743303437365916,-0.0199999999999996,0.210000000000001,0.0499999999999989,0.109999999999999,0.109999999999999,0.48,0.370000000000001,0,0,0.46781993154732,0.635124874608382,0.799958368755896,10978.0174051607,1.21226906608377,159752.007216678,65379,1,0.341941733626545,2080,64,2,1,6.5,9.5,8.8,11.2
71,11,20363634,regular_B7,regular,7,7,hard_phase,0.99,150,1,0.83,0.37,30,0.98995885780115,7.46,8.5,10.12,10.6,7.585,8.415,10.125,10.495,1,1,1,1,0.10688779163216,0.0743303437365916,-0.0199999999999996,0.210000000000001,0.0499999999999989,0.109999999999999,0.109999999999999,0.48,0.370000000000001,0,0,0.46781993154732,0.635124874608382,0.799958368755896,10978.0174051607,1.21226906608377,159735.793154984,65379,1,0.341941733626545,2080,64,2,1,6.5,9.5,8.8,11.2
72,12,20363635,regular_B7,regular,7,7,hard_phase,0.99,150,1,0.83,0.37,30,0.989818038135,7.46,8.5,10.12,10.6,7.585,8.415,10.125,10.495,1,1,1,1,0.10688779163216,0.0743303437365916,-0.0199999999999996,0.210000000000001,0.0499999999999989,0.109999999999999,0.109999999999999,0.48,0.370000000000001,0,0,0.46781993154732,0.635124874608382,0.799958368755896,10978.0174051607,1.21226906608377,159705.717226143,65379,1,0.341941733626545,2080,64,2,1,6.5,9.5,8.8,11.2
73,13,20363636,regular_B7,regular,7,7,hard_phase,0.99,150,1,0.83,0.37,30,0.989947571713215,7.46,8.5,10.12,10.6,7.585,8.415,10.125,10.495,1,1,1,1,0.10688779163216,0.0743303437365916,-0.0199999999999996,0.210000000000001,0.0499999999999989,0.109999999999999,0.109999999999999,0.48,0.370000000000001,0,0,0.46781993154732,0.635124874608382,0.799958368755896,10978.0174051607,1.21226906608377,159715.235564696,65379,1,0.341941733626545,2080,64,2,1,6.5,9.5,8.8,11.2
74,14,20363637,regular_B7,regular,7,7,hard_phase,0.99,150,1,0.83,0.37,30,0.990460222603184,7.46,8.5,10.12,10.6,7.585,8.415,10.125,10.495,1,1,1,1,0.10688779163216,0.0743303437365916,-0.0199999999999996,0.210000000000001,0.0499999999999989,0.109999999999999,0.109999999999999,0.48,0.370000000000001,0,0,0.46781993154732,0.635124874608382,0.799958368755896,10978.0174051607,1.21226906608377,159670.058794269,65379,1,0.341941733626545,2080,64,2,1,6.5,9.5,8.8,11.2
75,15,20363638,regular_B7,regular,7,7,hard_phase,0.99,150,1,0.83,0.37,30,0.990180977788309,7.46,8.5,10.12,10.6,7.585,8.415,10.125,10.495,1,1,1,1,0.10688779163216,0.0743303437365916,-0.0199999999999996,0.210000000000001,0.0499999999999989,0.109999999999999,0.109999999999999,0.48,0.370000000000001,0,0,0.46781993154732,0.635124874608382,0.799958368755896,10978.0174051607,1.21226906608377,159693.526800777,65379,1,0.341941733626545,2080,64,2,1,6.5,9.5,8.8,11.2
76,16,20363639,regular_B7,regular,7,7,hard_phase,0.99,150,1,0.83,0.37,30,0.990087961527136,7.46,8.5,10.12,10.6,7.585,8.415,10.125,10.495,1,1,1,1,0.10688779163216,0.0743303437365916,-0.0199999999999996,0.210000000000001,0.0499999999999989,0.109999999999999,0.109999999999999,0.48,0.370000000000001,0,0,0.46781993154732,0.635124874608382,0.799958368755896,10978.0174051607,1.21226906608377,159734.230104594,65379,1,0.341941733626545,2080,64,2,1,6.5,9.5,8.8,11.2
77,17,20363640,regular_B7,regular,7,7,hard_phase,0.99,150,1,0.83,0.37,30,0.990825898300357,7.46,8.5,10.12,10.6,7.585,8.415,10.125,10.495,1,1,1,1,0.10688779163216,0.0743303437365916,-0.0199999999999996,0.210000000000001,0.0499999999999989,0.109999999999999,0.109999999999999,0.48,0.370000000000001,0,0,0.46781993154732,0.635124874608382,0.799958368755896,10978.0174051607,1.21226906608377,159709.452938312,65379,1,0.341941733626545,2080,64,2,1,6.5,9.5,8.8,11.2
78,18,20363641,regular_B7,regular,7,7,hard_phase,0.99,150,1,0.83,0.37,30,0.990389327838553,7.46,8.5,10.12,10.6,7.585,8.415,10.125,10.495,1,1,1,1,0.10688779163216,0.0743303437365916,-0.0199999999999996,0.210000000000001,0.0499999999999989,0.109999999999999,0.109999999999999,0.48,0.370000000000001,0,0,0.46781993154732,0.635124874608382,0.799958368755896,10978.0174051607,1.21226906608377,159644.026381581,65379,1,0.341941733626545,2080,64,2,1,6.5,9.5,8.8,11.2
79,19,20363642,regular_B7,regular,7,7,hard_phase,0.99,150,1,0.83,0.37,30,0.989948072660013,7.46,8.5,10.12,10.6,7.585,8.415,10.125,10.495,1,1,1,1,0.10688779163216,0.0743303437365916,-0.0199999999999996,0.210000000000001,0.0499999999999989,0.109999999999999,0.109999999999999,0.48,0.370000000000001,0,0,0.46781993154732,0.635124874608382,0.799958368755896,10978.0174051607,1.21226906608377,159756.567714682,65379,1,0.341941733626545,2080,64,2,1,6.5,9.5,8.8,11.2
80,20,20363643,regular_B7,regular,7,7,hard_phase,0.99,150,1,0.83,0.37,30,0.989891088671901,7.46,8.5,10.12,10.6,7.585,8.415,10.125,10.495,1,1,1,1,0.10688779163216,0.0743303437365916,-0.0199999999999996,0.210000000000001,0.0499999999999989,0.109999999999999,0.109999999999999,0.48,0.370000000000001,0,0,0.46781993154732,0.635124874608382,0.799958368755896,10978.0174051607,1.21226906608377,159737.713582892,65379,1,0.341941733626545,2080,64,2,1,6.5,9.5,8.8,11.2
81,21,20363644,regular_B7,regular,7,7,hard_phase,0.99,150,1,0.83,0.37,30,0.989892650362098,7.46,8.5,10.12,10.6,7.585,8.415,10.125,10.495,1,1,1,1,0.10688779163216,0.0743303437365916,-0.0199999999999996,0.210000000000001,0.0499999999999989,0.109999999999999,0.109999999999999,0.48,0.370000000000001,0,0,0.46781993154732,0.635124874608382,0.799958368755896,10978.0174051607,1.21226906608377,159678.554496309,65379,1,0.341941733626545,2080,64,2,1,6.5,9.5,8.8,11.2
82,22,20363645,regular_B7,regular,7,7,hard_phase,0.99,150,1,0.83,0.37,30,0.990021884954024,7.46,8.5,10.12,10.6,7.585,8.415,10.125,10.495,1,1,1,1,0.10688779163216,0.0743303437365916,-0.0199999999999996,0.210000000000001,0.0499999999999989,0.109999999999999,0.109999999999999,0.48,0.370000000000001,0,0,0.46781993154732,0.635124874608382,0.799958368755896,10978.0174051607,1.21226906608377,159686.653601037,65379,1,0.341941733626545,2080,64,2,1,6.5,9.5,8.8,11.2
83,23,20363646,regular_B7,regular,7,7,hard_phase,0.99,150,1,0.83,0.37,30,0.990006305255887,7.46,8.5,10.12,10.6,7.585,8.415,10.125,10.495,1,1,1,1,0.10688779163216,0.0743303437365916,-0.0199999999999996,0.210000000000001,0.0499999999999989,0.109999999999999,0.109999999999999,0.48,0.370000000000001,0,0,0.46781993154732,0.635124874608382,0.799958368755896,10978.0174051607,1.21226906608377,159680.725958461,65379,1,0.341941733626545,2080,64,2,1,6.5,9.5,8.8,11.2
84,24,20363647,regular_B7,regular,7,7,hard_phase,0.99,150,1,0.83,0.37,30,0.989840726061585,7.46,8.5,10.12,10.6,7.585,8.415,10.125,10.495,1,1,1,1,0.10688779163216,0.0743303437365916,-0.0199999999999996,0.210000000000001,0.0499999999999989,0.109999999999999,0.109999999999999,0.48,0.370000000000001,0,0,0.46781993154732,0.635124874608382,0.799958368755896,10978.0174051607,1.21226906608377,159711.921485695,65379,1,0.341941733626545,2080,64,2,1,6.5,9.5,8.8,11.2
85,25,20363648,regular_B7,regular,7,7,hard_phase,0.99,150,1,0.83,0.37,30,0.990503591023678,7.46,8.5,10.12,10.6,7.585,8.415,10.125,10.495,1,1,1,1,0.10688779163216,0.0743303437365916,-0.0199999999999996,0.210000000000001,0.0499999999999989,0.109999999999999,0.109999999999999,0.48,0.370000000000001,0,0,0.46781993154732,0.635124874608382,0.799958368755896,10978.0174051607,1.21226906608377,159668.878082982,65379,1,0.341941733626545,2080,64,2,1,6.5,9.5,8.8,11.2
86,26,20363649,regular_B7,regular,7,7,hard_phase,0.99,150,1,0.83,0.37,30,0.990516403483969,7.46,8.5,10.12,10.6,7.585,8.415,10.125,10.495,1,1,1,1,0.10688779163216,0.0743303437365916,-0.0199999999999996,0.210000000000001,0.0499999999999989,0.109999999999999,0.109999999999999,0.48,0.370000000000001,0,0,0.46781993154732,0.635124874608382,0.799958368755896,10978.0174051607,1.21226906608377,159634.972302022,65379,1,0.341941733626545,2080,64,2,1,6.5,9.5,8.8,11.2
87,27,20363650,regular_B7,regular,7,7,hard_phase,0.99,150,1,0.83,0.37,30,0.990077847893602,7.46,8.5,10.12,10.6,7.585,8.415,10.125,10.495,1,1,1,1,0.10688779163216,0.0743303437365916,-0.0199999999999996,0.210000000000001,0.0499999999999989,0.109999999999999,0.109999999999999,0.48,0.370000000000001,0,0,0.46781993154732,0.635124874608382,0.799958368755896,10978.0174051607,1.21226906608377,159702.420410707,65379,1,0.341941733626545,2080,64,2,1,6.5,9.5,8.8,11.2
88,28,20363651,regular_B7,regular,7,7,hard_phase,0.99,150,1,0.83,0.37,30,0.99027542175979,7.46,8.5,10.12,10.6,7.585,8.415,10.125,10.495,1,1,1,1,0.10688779163216,0.0743303437365916,-0.0199999999999996,0.210000000000001,0.0499999999999989,0.109999999999999,0.109999999999999,0.48,0.370000000000001,0,0,0.46781993154732,0.635124874608382,0.799958368755896,10978.0174051607,1.21226906608377,159695.580651407,65379,1,0.341941733626545,2080,64,2,1,6.5,9.5,8.8,11.2
89,29,20363652,regular_B7,regular,7,7,hard_phase,0.99,150,1,0.83,0.37,30,0.99005643395858,7.46,8.5,10.12,10.6,7.585,8.415,10.125,10.495,1,1,1,1,0.10688779163216,0.0743303437365916,-0.0199999999999996,0.210000000000001,0.0499999999999989,0.109999999999999,0.109999999999999,0.48,0.370000000000001,0,0,0.46781993154732,0.635124874608382,0.799958368755896,10978.0174051607,1.21226906608377,159729.646365908,65379,1,0.341941733626545,2080,64,2,1,6.5,9.5,8.8,11.2
90,30,20363653,regular_B7,regular,7,7,hard_phase,0.99,150,1,0.83,0.37,30,0.989870178239754,7.46,8.5,10.12,10.6,7.585,8.415,10.125,10.495,1,1,1,1,0.10688779163216,0.0743303437365916,-0.0199999999999996,0.210000000000001,0.0499999999999989,0.109999999999999,0.109999999999999,0.48,0.370000000000001,0,0,0.46781993154732,0.635124874608382,0.799958368755896,10978.0174051607,1.21226906608377,159681.988231453,65379,1,0.341941733626545,2080,64,2,1,6.5,9.5,8.8,11.2
91,1,20364624,regular_B7,regular,7,7,weak_secondary,0.99,150,0.3,0.83,0.37,30,0.990546533803557,7.54,8.58,10.12,10.6,7.585,8.415,10.125,10.495,1,0,1,0,0.120933866224479,0.0743303437365916,0.0600000000000005,0.210000000000001,0.0499999999999989,0.109999999999999,0.109999999999999,0.48,0.370000000000001,0,0,0.46781993154732,0.635124874608382,0.799958368755896,10978.0174051607,1.20733418074112,107702.127554683,65379,1,0.341941733626545,2080,64,2,1,6.5,9.5,8.8,11.2
92,2,20364625,regular_B7,regular,7,7,weak_secondary,0.99,150,0.3,0.83,0.37,30,0.990257378082177,7.54,8.58,10.12,10.6,7.585,8.415,10.125,10.495,1,0,1,0,0.120933866224479,0.0743303437365916,0.0600000000000005,0.210000000000001,0.0499999999999989,0.109999999999999,0.109999999999999,0.48,0.370000000000001,0,0,0.46781993154732,0.635124874608382,0.799958368755896,10978.0174051607,1.20733418074112,107697.801060879,65379,1,0.341941733626545,2080,64,2,1,6.5,9.5,8.8,11.2
93,3,20364626,regular_B7,regular,7,7,weak_secondary,0.99,150,0.3,0.83,0.37,30,0.989871343370065,7.54,8.58,10.12,10.6,7.585,8.415,10.125,10.495,1,0,1,0,0.120933866224479,0.0743303437365916,0.0600000000000005,0.210000000000001,0.0499999999999989,0.109999999999999,0.109999999999999,0.48,0.370000000000001,0,0,0.46781993154732,0.635124874608382,0.799958368755896,10978.0174051607,1.20733418074112,107711.17922082,65379,1,0.341941733626545,2080,64,2,1,6.5,9.5,8.8,11.2
94,4,20364627,regular_B7,regular,7,7,weak_secondary,0.99,150,0.3,0.83,0.37,30,0.990011635186587,7.54,8.5,10.12,10.6,7.585,8.415,10.125,10.495,1,1,1,1,0.0680073525436777,0.0743303437365916,0.0199999999999996,0.130000000000001,0.0499999999999989,0.109999999999999,0.109999999999999,0.48,0.370000000000001,0,0,0.46781993154732,0.635124874608382,0.799958368755896,10978.0174051607,1.42428851990275,107710.734664375,65379,1,0.341941733626545,2080,64,2,1,6.5,9.5,8.8,11.2
95,5,20364628,regular_B7,regular,7,7,weak_secondary,0.99,150,0.3,0.83,0.37,30,0.989834791238561,7.54,8.58,10.12,10.6,7.585,8.415,10.125,10.495,1,0,1,0,0.120933866224479,0.0743303437365916,0.0600000000000005,0.210000000000001,0.0499999999999989,0.109999999999999,0.109999999999999,0.48,0.370000000000001,0,0,0.46781993154732,0.635124874608382,0.799958368755896,10978.0174051607,1.20733418074112,107723.143152868,65379,1,0.341941733626545,2080,64,2,1,6.5,9.5,8.8,11.2
96,6,20364629,regular_B7,regular,7,7,weak_secondary,0.99,150,0.3,0.83,0.37,30,0.989832621962508,7.54,8.58,10.12,10.6,7.585,8.415,10.125,10.495,1,0,1,0,0.120933866224479,0.0743303437365916,0.0600000000000005,0.210000000000001,0.0499999999999989,0.109999999999999,0.109999999999999,0.48,0.370000000000001,0,0,0.46781993154732,0.635124874608382,0.799958368755896,10978.0174051607,1.20733418074112,107706.334055629,65379,1,0.341941733626545,2080,64,2,1,6.5,9.5,8.8,11.2
97,7,20364630,regular_B7,regular,7,7,weak_secondary,0.99,150,0.3,0.83,0.37,30,0.989994276598759,7.54,8.58,10.12,10.6,7.585,8.415,10.125,10.495,1,0,1,0,0.120933866224479,0.0743303437365916,0.0600000000000005,0.210000000000001,0.0499999999999989,0.109999999999999,0.109999999999999,0.48,0.370000000000001,0,0,0.46781993154732,0.635124874608382,0.799958368755896,10978.0174051607,1.20733418074112,107706.548278744,65379,1,0.341941733626545,2080,64,2,1,6.5,9.5,8.8,11.2
98,8,20364631,regular_B7,regular,7,7,weak_secondary,0.99,150,0.3,0.83,0.37,30,0.990610707351597,7.54,8.58,10.12,10.6,7.585,8.415,10.125,10.495,1,0,1,0,0.120933866224479,0.0743303437365916,0.0600000000000005,0.210000000000001,0.0499999999999989,0.109999999999999,0.109999999999999,0.48,0.370000000000001,0,0,0.46781993154732,0.635124874608382,0.799958368755896,10978.0174051607,1.20733418074112,107670.617873611,65379,1,0.341941733626545,2080,64,2,1,6.5,9.5,8.8,11.2
99,9,20364632,regular_B7,regular,7,7,weak_secondary,0.99,150,0.3,0.83,0.37,30,0.990347748180314,7.54,8.58,10.12,10.6,7.585,8.415,10.125,10.495,1,0,1,0,0.120933866224479,0.0743303437365916,0.0600000000000005,0.210000000000001,0.0499999999999989,0.109999999999999,0.109999999999999,0.48,0.370000000000001,0,0,0.46781993154732,0.635124874608382,0.799958368755896,10978.0174051607,1.20733418074112,107696.905538133,65379,1,0.341941733626545,2080,64,2,1,6.5,9.5,8.8,11.2
100,10,20364633,regular_B7,regular,7,7,weak_secondary,0.99,150,0.3,0.83,0.37,30,0.990099296342909,7.54,8.58,10.12,10.6,7.585,8.415,10.125,10.495,1,0,1,0,0.120933866224479,0.0743303437365916,0.0600000000000005,0.210000000000001,0.0499999999999989,0.109999999999999,0.109999999999999,0.48,0.370000000000001,0,0,0.46781993154732,0.635124874608382,0.799958368755896,10978.0174051607,1.20733418074112,107737.366604108,65379,1,0.341941733626545,2080,64,2,1,6.5,9.5,8.8,11.2
101,11,20364634,regular_B7,regular,7,7,weak_secondary,0.99,150,0.3,0.83,0.37,30,0.990238673724988,7.54,8.58,10.12,10.6,7.585,8.415,10.125,10.495,1,0,1,0,0.120933866224479,0.0743303437365916,0.0600000000000005,0.210000000000001,0.0499999999999989,0.109999999999999,0.109999999999999,0.48,0.370000000000001,0,0,0.46781993154732,0.635124874608382,0.799958368755896,10978.0174051607,1.20733418074112,107707.430859344,65379,1,0.341941733626545,2080,64,2,1,6.5,9.5,8.8,11.2
102,12,20364635,regular_B7,regular,7,7,weak_secondary,0.99,150,0.3,0.83,0.37,30,0.990434092399981,7.54,8.58,10.12,10.6,7.585,8.415,10.125,10.495,1,0,1,0,0.120933866224479,0.0743303437365916,0.0600000000000005,0.210000000000001,0.0499999999999989,0.109999999999999,0.109999999999999,0.48,0.370000000000001,0,0,0.46781993154732,0.635124874608382,0.799958368755896,10978.0174051607,1.20733418074112,107745.314916617,65379,1,0.341941733626545,2080,64,2,1,6.5,9.5,8.8,11.2
103,13,20364636,regular_B7,regular,7,7,weak_secondary,0.99,150,0.3,0.83,0.37,30,0.990458329763964,7.54,8.58,10.12,10.6,7.585,8.415,10.125,10.495,1,0,1,0,0.120933866224479,0.0743303437365916,0.0600000000000005,0.210000000000001,0.0499999999999989,0.109999999999999,0.109999999999999,0.48,0.370000000000001,0,0,0.46781993154732,0.635124874608382,0.799958368755896,10978.0174051607,1.20733418074112,107676.279024792,65379,1,0.341941733626545,2080,64,2,1,6.5,9.5,8.8,11.2
104,14,20364637,regular_B7,regular,7,7,weak_secondary,0.99,150,0.3,0.83,0.37,30,0.990035906339552,7.54,8.58,10.12,10.6,7.585,8.415,10.125,10.495,1,0,1,0,0.120933866224479,0.0743303437365916,0.0600000000000005,0.210000000000001,0.0499999999999989,0.109999999999999,0.109999999999999,0.48,0.370000000000001,0,0,0.46781993154732,0.635124874608382,0.799958368755896,10978.0174051607,1.20733418074112,107704.882090928,65379,1,0.341941733626545,2080,64,2,1,6.5,9.5,8.8,11.2
105,15,20364638,regular_B7,regular,7,7,weak_secondary,0.99,150,0.3,0.83,0.37,30,0.989868433961451,7.54,8.58,10.12,10.6,7.585,8.415,10.125,10.495,1,0,1,0,0.120933866224479,0.0743303437365916,0.0600000000000005,0.210000000000001,0.0499999999999989,0.109999999999999,0.109999999999999,0.48,0.370000000000001,0,0,0.46781993154732,0.635124874608382,0.799958368755896,10978.0174051607,1.20733418074112,107712.943760212,65379,1,0.341941733626545,2080,64,2,1,6.5,9.5,8.8,11.2
106,16,20364639,regular_B7,regular,7,7,weak_secondary,0.99,150,0.3,0.83,0.37,30,0.990085106794098,7.54,8.58,10.12,10.6,7.585,8.415,10.125,10.495,1,0,1,0,0.120933866224479,0.0743303437365916,0.0600000000000005,0.210000000000001,0.0499999999999989,0.109999999999999,0.109999999999999,0.48,0.370000000000001,0,0,0.46781993154732,0.635124874608382,0.799958368755896,10978.0174051607,1.20733418074112,107728.115138668,65379,1,0.341941733626545,2080,64,2,1,6.5,9.5,8.8,11.2
107,17,20364640,regular_B7,regular,7,7,weak_secondary,0.99,150,0.3,0.83,0.37,30,0.990436290120033,7.54,8.58,10.12,10.6,7.585,8.415,10.125,10.495,1,0,1,0,0.120933866224479,0.0743303437365916,0.0600000000000005,0.210000000000001,0.0499999999999989,0.109999999999999,0.109999999999999,0.48,0.370000000000001,0,0,0.46781993154732,0.635124874608382,0.799958368755896,10978.0174051607,1.20733418074112,107694.199903235,65379,1,0.341941733626545,2080,64,2,1,6.5,9.5,8.8,11.2
108,18,20364641,regular_B7,regular,7,7,weak_secondary,0.99,150,0.3,0.83,0.37,30,0.990630856421022,7.54,8.58,10.12,10.6,7.585,8.415,10.125,10.495,1,0,1,0,0.120933866224479,0.0743303437365916,0.0600000000000005,0.210000000000001,0.0499999999999989,0.109999999999999,0.109999999999999,0.48,0.370000000000001,0,0,0.46781993154732,0.635124874608382,0.799958368755896,10978.0174051607,1.20733418074112,107738.977460005,65379,1,0.341941733626545,2080,64,2,1,6.5,9.5,8.8,11.2
109,19,20364642,regular_B7,regular,7,7,weak_secondary,0.99,150,0.3,0.83,0.37,30,0.990360719075722,7.54,8.58,10.12,10.6,7.585,8.415,10.125,10.495,1,0,1,0,0.120933866224479,0.0743303437365916,0.0600000000000005,0.210000000000001,0.0499999999999989,0.109999999999999,0.109999999999999,0.48,0.370000000000001,0,0,0.46781993154732,0.635124874608382,0.799958368755896,10978.0174051607,1.20733418074112,107685.268727284,65379,1,0.341941733626545,2080,64,2,1,6.5,9.5,8.8,11.2
110,20,20364643,regular_B7,regular,7,7,weak_secondary,0.99,150,0.3,0.83,0.37,30,0.989927583010864,7.54,8.58,10.12,10.6,7.585,8.415,10.125,10.495,1,0,1,0,0.120933866224479,0.0743303437365916,0.0600000000000005,0.210000000000001,0.0499999999999989,0.109999999999999,0.109999999999999,0.48,0.370000000000001,0,0,0.46781993154732,0.635124874608382,0.799958368755896,10978.0174051607,1.20733418074112,107714.237621828,65379,1,0.341941733626545,2080,64,2,1,6.5,9.5,8.8,11.2
111,21,20364644,regular_B7,regular,7,7,weak_secondary,0.99,150,0.3,0.83,0.37,30,0.989922763901269,7.54,8.58,10.12,10.6,7.585,8.415,10.125,10.495,1,0,1,0,0.120933866224479,0.0743303437365916,0.0600000000000005,0.210000000000001,0.0499999999999989,0.109999999999999,0.109999999999999,0.48,0.370000000000001,0,0,0.46781993154732,0.635124874608382,0.799958368755896,10978.0174051607,1.20733418074112,107750.549785483,65379,1,0.341941733626545,2080,64,2,1,6.5,9.5,8.8,11.2
112,22,20364645,regular_B7,regular,7,7,weak_secondary,0.99,150,0.3,0.83,0.37,30,0.990004738188131,7.54,8.58,10.12,10.6,7.585,8.415,10.125,10.495,1,0,1,0,0.120933866224479,0.0743303437365916,0.0600000000000005,0.210000000000001,0.0499999999999989,0.109999999999999,0.109999999999999,0.48,0.370000000000001,0,0,0.46781993154732,0.635124874608382,0.799958368755896,10978.0174051607,1.20733418074112,107715.012262457,65379,1,0.341941733626545,2080,64,2,1,6.5,9.5,8.8,11.2
113,23,20364646,regular_B7,regular,7,7,weak_secondary,0.99,150,0.3,0.83,0.37,30,0.990312940191376,7.54,8.58,10.12,10.6,7.585,8.415,10.125,10.495,1,0,1,0,0.120933866224479,0.0743303437365916,0.0600000000000005,0.210000000000001,0.0499999999999989,0.109999999999999,0.109999999999999,0.48,0.370000000000001,0,0,0.46781993154732,0.635124874608382,0.799958368755896,10978.0174051607,1.20733418074112,107701.912890455,65379,1,0.341941733626545,2080,64,2,1,6.5,9.5,8.8,11.2
114,24,20364647,regular_B7,regular,7,7,weak_secondary,0.99,150,0.3,0.83,0.37,30,0.990646929304918,7.54,8.58,10.12,10.6,7.585,8.415,10.125,10.495,1,0,1,0,0.120933866224479,0.0743303437365916,0.0600000000000005,0.210000000000001,0.0499999999999989,0.109999999999999,0.109999999999999,0.48,0.370000000000001,0,0,0.46781993154732,0.635124874608382,0.799958368755896,10978.0174051607,1.20733418074112,107691.839914227,65379,1,0.341941733626545,2080,64,2,1,6.5,9.5,8.8,11.2
115,25,20364648,regular_B7,regular,7,7,weak_secondary,0.99,150,0.3,0.83,0.37,30,0.99033407152967,7.54,8.58,10.12,10.6,7.585,8.415,10.125,10.495,1,0,1,0,0.120933866224479,0.0743303437365916,0.0600000000000005,0.210000000000001,0.0499999999999989,0.109999999999999,0.109999999999999,0.48,0.370000000000001,0,0,0.46781993154732,0.635124874608382,0.799958368755896,10978.0174051607,1.20733418074112,107696.495227222,65379,1,0.341941733626545,2080,64,2,1,6.5,9.5,8.8,11.2
116,26,20364649,regular_B7,regular,7,7,weak_secondary,0.99,150,0.3,0.83,0.37,30,0.989846136548268,7.54,8.58,10.12,10.6,7.585,8.415,10.125,10.495,1,0,1,0,0.120933866224479,0.0743303437365916,0.0600000000000005,0.210000000000001,0.0499999999999989,0.109999999999999,0.109999999999999,0.48,0.370000000000001,0,0,0.46781993154732,0.635124874608382,0.799958368755896,10978.0174051607,1.20733418074112,107732.88799973,65379,1,0.341941733626545,2080,64,2,1,6.5,9.5,8.8,11.2
117,27,20364650,regular_B7,regular,7,7,weak_secondary,0.99,150,0.3,0.83,0.37,30,0.99035744524154,7.54,8.58,10.12,10.6,7.585,8.415,10.125,10.495,1,0,1,0,0.120933866224479,0.0743303437365916,0.0600000000000005,0.210000000000001,0.0499999999999989,0.109999999999999,0.109999999999999,0.48,0.370000000000001,0,0,0.46781993154732,0.635124874608382,0.799958368755896,10978.0174051607,1.20733418074112,107707.175940317,65379,1,0.341941733626545,2080,64,2,1,6.5,9.5,8.8,11.2
118,28,20364651,regular_B7,regular,7,7,weak_secondary,0.99,150,0.3,0.83,0.37,30,0.990393760328534,7.54,8.58,10.12,10.6,7.585,8.415,10.125,10.495,1,0,1,0,0.120933866224479,0.0743303437365916,0.0600000000000005,0.210000000000001,0.0499999999999989,0.109999999999999,0.109999999999999,0.48,0.370000000000001,0,0,0.46781993154732,0.635124874608382,0.799958368755896,10978.0174051607,1.20733418074112,107720.287700008,65379,1,0.341941733626545,2080,64,2,1,6.5,9.5,8.8,11.2
119,29,20364652,regular_B7,regular,7,7,weak_secondary,0.99,150,0.3,0.83,0.37,30,0.989929168138739,7.54,8.58,10.12,10.6,7.585,8.415,10.125,10.495,1,0,1,0,0.120933866224479,0.0743303437365916,0.0600000000000005,0.210000000000001,0.0499999999999989,0.109999999999999,0.109999999999999,0.48,0.370000000000001,0,0,0.46781993154732,0.635124874608382,0.799958368755896,10978.0174051607,1.20733418074112,107704.041888692,65379,1,0.341941733626545,2080,64,2,1,6.5,9.5,8.8,11.2
120,30,20364653,regular_B7,regular,7,7,weak_secondary,0.99,150,0.3,0.83,0.37,30,0.990292401621148,7.54,8.58,10.12,10.6,7.585,8.415,10.125,10.495,1,0,1,0,0.120933866224479,0.0743303437365916,0.0600000000000005,0.210000000000001,0.0499999999999989,0.109999999999999,0.109999999999999,0.48,0.370000000000001,0,0,0.46781993154732,0.635124874608382,0.799958368755896,10978.0174051607,1.20733418074112,107739.987129872,65379,1,0.341941733626545,2080,64,2,1,6.5,9.5,8.8,11.2
121,1,20365624,regular_B7,regular,7,7,low_snr_hard,1,150,0.3,0.83,0.37,20,1,7.54,8.58,10.12,10.6,7.585,8.415,10.125,10.495,1,0,1,0,0.120933866224479,0.0743303437365916,0.0600000000000005,0.210000000000001,0.0499999999999989,0.109999999999999,0.109999999999999,0.48,0.370000000000001,0,0,0.46781993154732,0.635124874608382,0.799958368755896,10978.0174051607,1.20733418074112,107441.036253455,65379,1,0.341941733626545,2080,64,2,1,6.5,9.5,8.8,11.2
122,2,20365625,regular_B7,regular,7,7,low_snr_hard,1,150,0.3,0.83,0.37,20,1,7.54,8.58,10.12,10.6,7.585,8.415,10.125,10.495,1,0,1,0,0.120933866224479,0.0743303437365916,0.0600000000000005,0.210000000000001,0.0499999999999989,0.109999999999999,0.109999999999999,0.48,0.370000000000001,0,0,0.46781993154732,0.635124874608382,0.799958368755896,10978.0174051607,1.20733418074112,107547.836188913,65379,1,0.341941733626545,2080,64,2,1,6.5,9.5,8.8,11.2
123,3,20365626,regular_B7,regular,7,7,low_snr_hard,1,150,0.3,0.83,0.37,20,1,7.54,8.58,10.12,10.6,7.585,8.415,10.125,10.495,1,0,1,0,0.120933866224479,0.0743303437365916,0.0600000000000005,0.210000000000001,0.0499999999999989,0.109999999999999,0.109999999999999,0.48,0.370000000000001,0,0,0.46781993154732,0.635124874608382,0.799958368755896,10978.0174051607,1.20733418074112,107421.701147776,65379,1,0.341941733626545,2080,64,2,1,6.5,9.5,8.8,11.2
124,4,20365627,regular_B7,regular,7,7,low_snr_hard,1,150,0.3,0.83,0.37,20,1,7.54,8.58,10.12,10.6,7.585,8.415,10.125,10.495,1,0,1,0,0.120933866224479,0.0743303437365916,0.0600000000000005,0.210000000000001,0.0499999999999989,0.109999999999999,0.109999999999999,0.48,0.370000000000001,0,0,0.46781993154732,0.635124874608382,0.799958368755896,10978.0174051607,1.20733418074112,107352.206901614,65379,1,0.341941733626545,2080,64,2,1,6.5,9.5,8.8,11.2
125,5,20365628,regular_B7,regular,7,7,low_snr_hard,1,150,0.3,0.83,0.37,20,1,7.54,8.58,10.12,10.6,7.585,8.415,10.125,10.495,1,0,1,0,0.120933866224479,0.0743303437365916,0.0600000000000005,0.210000000000001,0.0499999999999989,0.109999999999999,0.109999999999999,0.48,0.370000000000001,0,0,0.46781993154732,0.635124874608382,0.799958368755896,10978.0174051607,1.20733418074112,107458.327584217,65379,1,0.341941733626545,2080,64,2,1,6.5,9.5,8.8,11.2
126,6,20365629,regular_B7,regular,7,7,low_snr_hard,1,150,0.3,0.83,0.37,20,1,7.54,8.58,10.12,10.6,7.585,8.415,10.125,10.495,1,0,1,0,0.120933866224479,0.0743303437365916,0.0600000000000005,0.210000000000001,0.0499999999999989,0.109999999999999,0.109999999999999,0.48,0.370000000000001,0,0,0.46781993154732,0.635124874608382,0.799958368755896,10978.0174051607,1.20733418074112,107424.222377564,65379,1,0.341941733626545,2080,64,2,1,6.5,9.5,8.8,11.2
127,7,20365630,regular_B7,regular,7,7,low_snr_hard,1,150,0.3,0.83,0.37,20,1,7.54,8.58,10.12,10.6,7.585,8.415,10.125,10.495,1,0,1,0,0.120933866224479,0.0743303437365916,0.0600000000000005,0.210000000000001,0.0499999999999989,0.109999999999999,0.109999999999999,0.48,0.370000000000001,0,0,0.46781993154732,0.635124874608382,0.799958368755896,10978.0174051607,1.20733418074112,107456.869040006,65379,1,0.341941733626545,2080,64,2,1,6.5,9.5,8.8,11.2
128,8,20365631,regular_B7,regular,7,7,low_snr_hard,1,150,0.3,0.83,0.37,20,1,7.54,8.58,10.12,10.6,7.585,8.415,10.125,10.495,1,0,1,0,0.120933866224479,0.0743303437365916,0.0600000000000005,0.210000000000001,0.0499999999999989,0.109999999999999,0.109999999999999,0.48,0.370000000000001,0,0,0.46781993154732,0.635124874608382,0.799958368755896,10978.0174051607,1.20733418074112,107419.630330577,65379,1,0.341941733626545,2080,64,2,1,6.5,9.5,8.8,11.2
129,9,20365632,regular_B7,regular,7,7,low_snr_hard,1,150,0.3,0.83,0.37,20,1,7.54,8.58,10.12,10.6,7.585,8.415,10.125,10.495,1,0,1,0,0.120933866224479,0.0743303437365916,0.0600000000000005,0.210000000000001,0.0499999999999989,0.109999999999999,0.109999999999999,0.48,0.370000000000001,0,0,0.46781993154732,0.635124874608382,0.799958368755896,10978.0174051607,1.20733418074112,107450.070168964,65379,1,0.341941733626545,2080,64,2,1,6.5,9.5,8.8,11.2
130,10,20365633,regular_B7,regular,7,7,low_snr_hard,1,150,0.3,0.83,0.37,20,1,7.54,8.58,10.12,10.6,7.585,8.415,10.125,10.495,1,0,1,0,0.120933866224479,0.0743303437365916,0.0600000000000005,0.210000000000001,0.0499999999999989,0.109999999999999,0.109999999999999,0.48,0.370000000000001,0,0,0.46781993154732,0.635124874608382,0.799958368755896,10978.0174051607,1.20733418074112,107461.456387495,65379,1,0.341941733626545,2080,64,2,1,6.5,9.5,8.8,11.2
131,11,20365634,regular_B7,regular,7,7,low_snr_hard,1,150,0.3,0.83,0.37,20,1,7.54,8.58,10.12,10.6,7.585,8.415,10.125,10.495,1,0,1,0,0.120933866224479,0.0743303437365916,0.0600000000000005,0.210000000000001,0.0499999999999989,0.109999999999999,0.109999999999999,0.48,0.370000000000001,0,0,0.46781993154732,0.635124874608382,0.799958368755896,10978.0174051607,1.20733418074112,107567.564679358,65379,1,0.341941733626545,2080,64,2,1,6.5,9.5,8.8,11.2
132,12,20365635,regular_B7,regular,7,7,low_snr_hard,1,150,0.3,0.83,0.37,20,1,7.54,8.58,10.12,10.6,7.585,8.415,10.125,10.495,1,0,1,0,0.120933866224479,0.0743303437365916,0.0600000000000005,0.210000000000001,0.0499999999999989,0.109999999999999,0.109999999999999,0.48,0.370000000000001,0,0,0.46781993154732,0.635124874608382,0.799958368755896,10978.0174051607,1.20733418074112,107459.68108792,65379,1,0.341941733626545,2080,64,2,1,6.5,9.5,8.8,11.2
133,13,20365636,regular_B7,regular,7,7,low_snr_hard,1,150,0.3,0.83,0.37,20,1,7.54,8.58,10.12,10.6,7.585,8.415,10.125,10.495,1,0,1,0,0.120933866224479,0.0743303437365916,0.0600000000000005,0.210000000000001,0.0499999999999989,0.109999999999999,0.109999999999999,0.48,0.370000000000001,0,0,0.46781993154732,0.635124874608382,0.799958368755896,10978.0174051607,1.20733418074112,107537.179274316,65379,1,0.341941733626545,2080,64,2,1,6.5,9.5,8.8,11.2
134,14,20365637,regular_B7,regular,7,7,low_snr_hard,1,150,0.3,0.83,0.37,20,1,7.54,8.58,10.12,10.6,7.585,8.415,10.125,10.495,1,0,1,0,0.120933866224479,0.0743303437365916,0.0600000000000005,0.210000000000001,0.0499999999999989,0.109999999999999,0.109999999999999,0.48,0.370000000000001,0,0,0.46781993154732,0.635124874608382,0.799958368755896,10978.0174051607,1.20733418074112,107423.019739149,65379,1,0.341941733626545,2080,64,2,1,6.5,9.5,8.8,11.2
135,15,20365638,regular_B7,regular,7,7,low_snr_hard,1,150,0.3,0.83,0.37,20,1,7.54,8.58,10.12,10.6,7.585,8.415,10.125,10.495,1,0,1,0,0.120933866224479,0.0743303437365916,0.0600000000000005,0.210000000000001,0.0499999999999989,0.109999999999999,0.109999999999999,0.48,0.370000000000001,0,0,0.46781993154732,0.635124874608382,0.799958368755896,10978.0174051607,1.20733418074112,107502.226338604,65379,1,0.341941733626545,2080,64,2,1,6.5,9.5,8.8,11.2
136,16,20365639,regular_B7,regular,7,7,low_snr_hard,1,150,0.3,0.83,0.37,20,1,7.54,8.58,10.12,10.6,7.585,8.415,10.125,10.495,1,0,1,0,0.120933866224479,0.0743303437365916,0.0600000000000005,0.210000000000001,0.0499999999999989,0.109999999999999,0.109999999999999,0.48,0.370000000000001,0,0,0.46781993154732,0.635124874608382,0.799958368755896,10978.0174051607,1.20733418074112,107475.503713439,65379,1,0.341941733626545,2080,64,2,1,6.5,9.5,8.8,11.2
137,17,20365640,regular_B7,regular,7,7,low_snr_hard,1,150,0.3,0.83,0.37,20,1,7.54,8.58,10.12,10.6,7.585,8.415,10.125,10.495,1,0,1,0,0.120933866224479,0.0743303437365916,0.0600000000000005,0.210000000000001,0.0499999999999989,0.109999999999999,0.109999999999999,0.48,0.370000000000001,0,0,0.46781993154732,0.635124874608382,0.799958368755896,10978.0174051607,1.20733418074112,107452.295183946,65379,1,0.341941733626545,2080,64,2,1,6.5,9.5,8.8,11.2
138,18,20365641,regular_B7,regular,7,7,low_snr_hard,1,150,0.3,0.83,0.37,20,1,7.54,8.58,10.12,10.6,7.585,8.415,10.125,10.495,1,0,1,0,0.120933866224479,0.0743303437365916,0.0600000000000005,0.210000000000001,0.0499999999999989,0.109999999999999,0.109999999999999,0.48,0.370000000000001,0,0,0.46781993154732,0.635124874608382,0.799958368755896,10978.0174051607,1.20733418074112,107473.925843027,65379,1,0.341941733626545,2080,64,2,1,6.5,9.5,8.8,11.2
139,19,20365642,regular_B7,regular,7,7,low_snr_hard,1,150,0.3,0.83,0.37,20,1,7.54,8.58,10.12,10.6,7.585,8.415,10.125,10.495,1,0,1,0,0.120933866224479,0.0743303437365916,0.0600000000000005,0.210000000000001,0.0499999999999989,0.109999999999999,0.109999999999999,0.48,0.370000000000001,0,0,0.46781993154732,0.635124874608382,0.799958368755896,10978.0174051607,1.20733418074112,107453.299231569,65379,1,0.341941733626545,2080,64,2,1,6.5,9.5,8.8,11.2
140,20,20365643,regular_B7,regular,7,7,low_snr_hard,1,150,0.3,0.83,0.37,20,1,7.54,8.58,10.12,10.6,7.585,8.415,10.125,10.495,1,0,1,0,0.120933866224479,0.0743303437365916,0.0600000000000005,0.210000000000001,0.0499999999999989,0.109999999999999,0.109999999999999,0.48,0.370000000000001,0,0,0.46781993154732,0.635124874608382,0.799958368755896,10978.0174051607,1.20733418074112,107455.564719417,65379,1,0.341941733626545,2080,64,2,1,6.5,9.5,8.8,11.2
141,21,20365644,regular_B7,regular,7,7,low_snr_hard,1,150,0.3,0.83,0.37,20,1,7.54,8.58,10.12,10.6,7.585,8.415,10.125,10.495,1,0,1,0,0.120933866224479,0.0743303437365916,0.0600000000000005,0.210000000000001,0.0499999999999989,0.109999999999999,0.109999999999999,0.48,0.370000000000001,0,0,0.46781993154732,0.635124874608382,0.799958368755896,10978.0174051607,1.20733418074112,107442.521623963,65379,1,0.341941733626545,2080,64,2,1,6.5,9.5,8.8,11.2
142,22,20365645,regular_B7,regular,7,7,low_snr_hard,1,150,0.3,0.83,0.37,20,1,7.54,8.58,10.12,10.6,7.585,8.415,10.125,10.495,1,0,1,0,0.120933866224479,0.0743303437365916,0.0600000000000005,0.210000000000001,0.0499999999999989,0.109999999999999,0.109999999999999,0.48,0.370000000000001,0,0,0.46781993154732,0.635124874608382,0.799958368755896,10978.0174051607,1.20733418074112,107454.283788697,65379,1,0.341941733626545,2080,64,2,1,6.5,9.5,8.8,11.2
143,23,20365646,regular_B7,regular,7,7,low_snr_hard,1,150,0.3,0.83,0.37,20,1,7.54,8.58,10.12,10.6,7.585,8.415,10.125,10.495,1,0,1,0,0.120933866224479,0.0743303437365916,0.0600000000000005,0.210000000000001,0.0499999999999989,0.109999999999999,0.109999999999999,0.48,0.370000000000001,0,0,0.46781993154732,0.635124874608382,0.799958368755896,10978.0174051607,1.20733418074112,107477.67332502,65379,1,0.341941733626545,2080,64,2,1,6.5,9.5,8.8,11.2
144,24,20365647,regular_B7,regular,7,7,low_snr_hard,1,150,0.3,0.83,0.37,20,1,7.54,8.58,10.12,10.6,7.585,8.415,10.125,10.495,1,0,1,0,0.120933866224479,0.0743303437365916,0.0600000000000005,0.210000000000001,0.0499999999999989,0.109999999999999,0.109999999999999,0.48,0.370000000000001,0,0,0.46781993154732,0.635124874608382,0.799958368755896,10978.0174051607,1.20733418074112,107471.546230513,65379,1,0.341941733626545,2080,64,2,1,6.5,9.5,8.8,11.2
145,25,20365648,regular_B7,regular,7,7,low_snr_hard,1,150,0.3,0.83,0.37,20,1,7.54,8.58,10.12,10.6,7.585,8.415,10.125,10.495,1,0,1,0,0.120933866224479,0.0743303437365916,0.0600000000000005,0.210000000000001,0.0499999999999989,0.109999999999999,0.109999999999999,0.48,0.370000000000001,0,0,0.46781993154732,0.635124874608382,0.799958368755896,10978.0174051607,1.20733418074112,107409.075021433,65379,1,0.341941733626545,2080,64,2,1,6.5,9.5,8.8,11.2
146,26,20365649,regular_B7,regular,7,7,low_snr_hard,1,150,0.3,0.83,0.37,20,1,7.54,8.58,10.12,10.6,7.585,8.415,10.125,10.495,1,0,1,0,0.120933866224479,0.0743303437365916,0.0600000000000005,0.210000000000001,0.0499999999999989,0.109999999999999,0.109999999999999,0.48,0.370000000000001,0,0,0.46781993154732,0.635124874608382,0.799958368755896,10978.0174051607,1.20733418074112,107515.866088458,65379,1,0.341941733626545,2080,64,2,1,6.5,9.5,8.8,11.2
147,27,20365650,regular_B7,regular,7,7,low_snr_hard,1,150,0.3,0.83,0.37,20,1,7.54,8.58,10.12,10.6,7.585,8.415,10.125,10.495,1,0,1,0,0.120933866224479,0.0743303437365916,0.0600000000000005,0.210000000000001,0.0499999999999989,0.109999999999999,0.109999999999999,0.48,0.370000000000001,0,0,0.46781993154732,0.635124874608382,0.799958368755896,10978.0174051607,1.20733418074112,107478.88990498,65379,1,0.341941733626545,2080,64,2,1,6.5,9.5,8.8,11.2
148,28,20365651,regular_B7,regular,7,7,low_snr_hard,1,150,0.3,0.83,0.37,20,1,7.54,8.58,10.12,10.6,7.585,8.415,10.125,10.495,1,0,1,0,0.120933866224479,0.0743303437365916,0.0600000000000005,0.210000000000001,0.0499999999999989,0.109999999999999,0.109999999999999,0.48,0.370000000000001,0,0,0.46781993154732,0.635124874608382,0.799958368755896,10978.0174051607,1.20733418074112,107475.688674342,65379,1,0.341941733626545,2080,64,2,1,6.5,9.5,8.8,11.2
149,29,20365652,regular_B7,regular,7,7,low_snr_hard,1,150,0.3,0.83,0.37,20,1,7.54,8.58,10.12,10.6,7.585,8.415,10.125,10.495,1,0,1,0,0.120933866224479,0.0743303437365916,0.0600000000000005,0.210000000000001,0.0499999999999989,0.109999999999999,0.109999999999999,0.48,0.370000000000001,0,0,0.46781993154732,0.635124874608382,0.799958368755896,10978.0174051607,1.20733418074112,107411.936000197,65379,1,0.341941733626545,2080,64,2,1,6.5,9.5,8.8,11.2
150,30,20365653,regular_B7,regular,7,7,low_snr_hard,1,150,0.3,0.83,0.37,20,1,7.54,8.58,10.12,10.6,7.585,8.415,10.125,10.495,1,0,1,0,0.120933866224479,0.0743303437365916,0.0600000000000005,0.210000000000001,0.0499999999999989,0.109999999999999,0.109999999999999,0.48,0.370000000000001,0,0,0.46781993154732,0.635124874608382,0.799958368755896,10978.0174051607,1.20733418074112,107429.417587473,65379,1,0.341941733626545,2080,64,2,1,6.5,9.5,8.8,11.2
151,1,20461624,greedy_combined_B7,greedy_combined,7,7,easy_noncoherent,0,0,1,1.27,0.67,30,0.101366703546468,7.38,8.66,10,10.48,7.365,8.635,9.975,10.645,1,1,1,1,0.0206155281280884,0.118004237212061,0.0199999999999996,0.0100000000000007,-0.0700000000000021,-0.190000000000003,0.190000000000003,0.479999999999999,0.670000000000002,0,0,0.55678569477829,0.23631945265696,0.253388567370866,8.32058176539474,1.26743151358734,204395.942432042,65379,1,0.106970433403977,2080,64,2,1,6.5,9.5,8.8,11.2
152,2,20461625,greedy_combined_B7,greedy_combined,7,7,easy_noncoherent,0,0,1,1.27,0.67,30,0.0815786310313127,7.38,8.66,10,10.48,7.365,8.635,9.975,10.645,1,1,1,1,0.0206155281280884,0.118004237212061,0.0199999999999996,0.0100000000000007,-0.0700000000000021,-0.190000000000003,0.190000000000003,0.479999999999999,0.670000000000002,0,0,0.55678569477829,0.23631945265696,0.253388567370866,8.32058176539474,1.26743151358734,204303.855297564,65379,1,0.106970433403977,2080,64,2,1,6.5,9.5,8.8,11.2
153,3,20461626,greedy_combined_B7,greedy_combined,7,7,easy_noncoherent,0,0,1,1.27,0.67,30,0.0433213234691968,7.38,8.66,10,10.48,7.365,8.635,9.975,10.645,1,1,1,1,0.0206155281280884,0.118004237212061,0.0199999999999996,0.0100000000000007,-0.0700000000000021,-0.190000000000003,0.190000000000003,0.479999999999999,0.670000000000002,0,0,0.55678569477829,0.23631945265696,0.253388567370866,8.32058176539474,1.26743151358734,205086.921492319,65379,1,0.106970433403977,2080,64,2,1,6.5,9.5,8.8,11.2
154,4,20461627,greedy_combined_B7,greedy_combined,7,7,easy_noncoherent,0,0,1,1.27,0.67,30,0.198918382041627,7.38,8.66,10,10.48,7.365,8.635,9.975,10.645,1,1,1,1,0.0206155281280884,0.118004237212061,0.0199999999999996,0.0100000000000007,-0.0700000000000021,-0.190000000000003,0.190000000000003,0.479999999999999,0.670000000000002,0,0,0.55678569477829,0.23631945265696,0.253388567370866,8.32058176539474,1.26743151358734,207394.29724053,65379,1,0.106970433403977,2080,64,2,1,6.5,9.5,8.8,11.2
155,5,20461628,greedy_combined_B7,greedy_combined,7,7,easy_noncoherent,0,0,1,1.27,0.67,30,0.206104430869515,7.38,8.66,10,10.48,7.365,8.635,9.975,10.645,1,1,1,1,0.0206155281280884,0.118004237212061,0.0199999999999996,0.0100000000000007,-0.0700000000000021,-0.190000000000003,0.190000000000003,0.479999999999999,0.670000000000002,0,0,0.55678569477829,0.23631945265696,0.253388567370866,8.32058176539474,1.26743151358734,203768.397815573,65379,1,0.106970433403977,2080,64,2,1,6.5,9.5,8.8,11.2
156,6,20461629,greedy_combined_B7,greedy_combined,7,7,easy_noncoherent,0,0,1,1.27,0.67,30,0.132661641932369,7.38,8.66,10,10.48,7.365,8.635,9.975,10.645,1,1,1,1,0.0206155281280884,0.118004237212061,0.0199999999999996,0.0100000000000007,-0.0700000000000021,-0.190000000000003,0.190000000000003,0.479999999999999,0.670000000000002,0,0,0.55678569477829,0.23631945265696,0.253388567370866,8.32058176539474,1.26743151358734,204822.922587208,65379,1,0.106970433403977,2080,64,2,1,6.5,9.5,8.8,11.2
157,7,20461630,greedy_combined_B7,greedy_combined,7,7,easy_noncoherent,0,0,1,1.27,0.67,30,0.158131414520354,7.38,8.66,10,10.48,7.365,8.635,9.975,10.645,1,1,1,1,0.0206155281280884,0.118004237212061,0.0199999999999996,0.0100000000000007,-0.0700000000000021,-0.190000000000003,0.190000000000003,0.479999999999999,0.670000000000002,0,0,0.55678569477829,0.23631945265696,0.253388567370866,8.32058176539474,1.26743151358734,204557.579048331,65379,1,0.106970433403977,2080,64,2,1,6.5,9.5,8.8,11.2
158,8,20461631,greedy_combined_B7,greedy_combined,7,7,easy_noncoherent,0,0,1,1.27,0.67,30,0.144414847838593,7.38,8.66,10,10.48,7.365,8.635,9.975,10.645,1,1,1,1,0.0206155281280884,0.118004237212061,0.0199999999999996,0.0100000000000007,-0.0700000000000021,-0.190000000000003,0.190000000000003,0.479999999999999,0.670000000000002,0,0,0.55678569477829,0.23631945265696,0.253388567370866,8.32058176539474,1.26743151358734,202417.613622621,65379,1,0.106970433403977,2080,64,2,1,6.5,9.5,8.8,11.2
159,9,20461632,greedy_combined_B7,greedy_combined,7,7,easy_noncoherent,0,0,1,1.27,0.67,30,0.092871853531384,7.38,8.66,10,10.48,7.365,8.635,9.975,10.645,1,1,1,1,0.0206155281280884,0.118004237212061,0.0199999999999996,0.0100000000000007,-0.0700000000000021,-0.190000000000003,0.190000000000003,0.479999999999999,0.670000000000002,0,0,0.55678569477829,0.23631945265696,0.253388567370866,8.32058176539474,1.26743151358734,206874.752013318,65379,1,0.106970433403977,2080,64,2,1,6.5,9.5,8.8,11.2
160,10,20461633,greedy_combined_B7,greedy_combined,7,7,easy_noncoherent,0,0,1,1.27,0.67,30,0.150200080094143,7.38,8.66,10,10.48,7.365,8.635,9.975,10.645,1,1,1,1,0.0206155281280884,0.118004237212061,0.0199999999999996,0.0100000000000007,-0.0700000000000021,-0.190000000000003,0.190000000000003,0.479999999999999,0.670000000000002,0,0,0.55678569477829,0.23631945265696,0.253388567370866,8.32058176539474,1.26743151358734,206122.387724597,65379,1,0.106970433403977,2080,64,2,1,6.5,9.5,8.8,11.2
161,11,20461634,greedy_combined_B7,greedy_combined,7,7,easy_noncoherent,0,0,1,1.27,0.67,30,0.174269156238781,7.38,8.66,10,10.48,7.365,8.635,9.975,10.645,1,1,1,1,0.0206155281280884,0.118004237212061,0.0199999999999996,0.0100000000000007,-0.0700000000000021,-0.190000000000003,0.190000000000003,0.479999999999999,0.670000000000002,0,0,0.55678569477829,0.23631945265696,0.253388567370866,8.32058176539474,1.26743151358734,208440.956813802,65379,1,0.106970433403977,2080,64,2,1,6.5,9.5,8.8,11.2
162,12,20461635,greedy_combined_B7,greedy_combined,7,7,easy_noncoherent,0,0,1,1.27,0.67,30,0.145702065546332,7.38,8.66,10,10.48,7.365,8.635,9.975,10.645,1,1,1,1,0.0206155281280884,0.118004237212061,0.0199999999999996,0.0100000000000007,-0.0700000000000021,-0.190000000000003,0.190000000000003,0.479999999999999,0.670000000000002,0,0,0.55678569477829,0.23631945265696,0.253388567370866,8.32058176539474,1.26743151358734,202543.538961887,65379,1,0.106970433403977,2080,64,2,1,6.5,9.5,8.8,11.2
163,13,20461636,greedy_combined_B7,greedy_combined,7,7,easy_noncoherent,0,0,1,1.27,0.67,30,0.175911505359532,7.38,8.66,10,10.48,7.365,8.635,9.975,10.645,1,1,1,1,0.0206155281280884,0.118004237212061,0.0199999999999996,0.0100000000000007,-0.0700000000000021,-0.190000000000003,0.190000000000003,0.479999999999999,0.670000000000002,0,0,0.55678569477829,0.23631945265696,0.253388567370866,8.32058176539474,1.26743151358734,206478.254679942,65379,1,0.106970433403977,2080,64,2,1,6.5,9.5,8.8,11.2
164,14,20461637,greedy_combined_B7,greedy_combined,7,7,easy_noncoherent,0,0,1,1.27,0.67,30,0.118795706879414,7.38,8.66,10,10.48,7.365,8.635,9.975,10.645,1,1,1,1,0.0206155281280884,0.118004237212061,0.0199999999999996,0.0100000000000007,-0.0700000000000021,-0.190000000000003,0.190000000000003,0.479999999999999,0.670000000000002,0,0,0.55678569477829,0.23631945265696,0.253388567370866,8.32058176539474,1.26743151358734,203283.048456485,65379,1,0.106970433403977,2080,64,2,1,6.5,9.5,8.8,11.2
165,15,20461638,greedy_combined_B7,greedy_combined,7,7,easy_noncoherent,0,0,1,1.27,0.67,30,0.0824012580453125,7.38,8.66,10,10.48,7.365,8.635,9.975,10.645,1,1,1,1,0.0206155281280884,0.118004237212061,0.0199999999999996,0.0100000000000007,-0.0700000000000021,-0.190000000000003,0.190000000000003,0.479999999999999,0.670000000000002,0,0,0.55678569477829,0.23631945265696,0.253388567370866,8.32058176539474,1.26743151358734,204138.725411128,65379,1,0.106970433403977,2080,64,2,1,6.5,9.5,8.8,11.2
166,16,20461639,greedy_combined_B7,greedy_combined,7,7,easy_noncoherent,0,0,1,1.27,0.67,30,0.21693614387532,7.38,8.66,10,10.48,7.365,8.635,9.975,10.645,1,1,1,1,0.0206155281280884,0.118004237212061,0.0199999999999996,0.0100000000000007,-0.0700000000000021,-0.190000000000003,0.190000000000003,0.479999999999999,0.670000000000002,0,0,0.55678569477829,0.23631945265696,0.253388567370866,8.32058176539474,1.26743151358734,200382.002958883,65379,1,0.106970433403977,2080,64,2,1,6.5,9.5,8.8,11.2
167,17,20461640,greedy_combined_B7,greedy_combined,7,7,easy_noncoherent,0,0,1,1.27,0.67,30,0.0549783115381297,7.38,8.66,10,10.48,7.365,8.635,9.975,10.645,1,1,1,1,0.0206155281280884,0.118004237212061,0.0199999999999996,0.0100000000000007,-0.0700000000000021,-0.190000000000003,0.190000000000003,0.479999999999999,0.670000000000002,0,0,0.55678569477829,0.23631945265696,0.253388567370866,8.32058176539474,1.26743151358734,203738.567584436,65379,1,0.106970433403977,2080,64,2,1,6.5,9.5,8.8,11.2
168,18,20461641,greedy_combined_B7,greedy_combined,7,7,easy_noncoherent,0,0,1,1.27,0.67,30,0.200181097737578,7.38,8.66,10,10.48,7.365,8.635,9.975,10.645,1,1,1,1,0.0206155281280884,0.118004237212061,0.0199999999999996,0.0100000000000007,-0.0700000000000021,-0.190000000000003,0.190000000000003,0.479999999999999,0.670000000000002,0,0,0.55678569477829,0.23631945265696,0.253388567370866,8.32058176539474,1.26743151358734,205628.455172345,65379,1,0.106970433403977,2080,64,2,1,6.5,9.5,8.8,11.2
169,19,20461642,greedy_combined_B7,greedy_combined,7,7,easy_noncoherent,0,0,1,1.27,0.67,30,0.108655199314439,7.38,8.66,10,10.48,7.365,8.635,9.975,10.645,1,1,1,1,0.0206155281280884,0.118004237212061,0.0199999999999996,0.0100000000000007,-0.0700000000000021,-0.190000000000003,0.190000000000003,0.479999999999999,0.670000000000002,0,0,0.55678569477829,0.23631945265696,0.253388567370866,8.32058176539474,1.26743151358734,205970.925980875,65379,1,0.106970433403977,2080,64,2,1,6.5,9.5,8.8,11.2
170,20,20461643,greedy_combined_B7,greedy_combined,7,7,easy_noncoherent,0,0,1,1.27,0.67,30,0.0829011817166444,7.38,8.66,10,10.48,7.365,8.635,9.975,10.645,1,1,1,1,0.0206155281280884,0.118004237212061,0.0199999999999996,0.0100000000000007,-0.0700000000000021,-0.190000000000003,0.190000000000003,0.479999999999999,0.670000000000002,0,0,0.55678569477829,0.23631945265696,0.253388567370866,8.32058176539474,1.26743151358734,206315.415327064,65379,1,0.106970433403977,2080,64,2,1,6.5,9.5,8.8,11.2
171,21,20461644,greedy_combined_B7,greedy_combined,7,7,easy_noncoherent,0,0,1,1.27,0.67,30,0.141894735745759,7.38,8.66,10,10.48,7.365,8.635,9.975,10.645,1,1,1,1,0.0206155281280884,0.118004237212061,0.0199999999999996,0.0100000000000007,-0.0700000000000021,-0.190000000000003,0.190000000000003,0.479999999999999,0.670000000000002,0,0,0.55678569477829,0.23631945265696,0.253388567370866,8.32058176539474,1.26743151358734,205540.664734848,65379,1,0.106970433403977,2080,64,2,1,6.5,9.5,8.8,11.2
172,22,20461645,greedy_combined_B7,greedy_combined,7,7,easy_noncoherent,0,0,1,1.27,0.67,30,0.0697556463489697,7.38,8.66,10,10.48,7.365,8.635,9.975,10.645,1,1,1,1,0.0206155281280884,0.118004237212061,0.0199999999999996,0.0100000000000007,-0.0700000000000021,-0.190000000000003,0.190000000000003,0.479999999999999,0.670000000000002,0,0,0.55678569477829,0.23631945265696,0.253388567370866,8.32058176539474,1.26743151358734,205697.215314202,65379,1,0.106970433403977,2080,64,2,1,6.5,9.5,8.8,11.2
173,23,20461646,greedy_combined_B7,greedy_combined,7,7,easy_noncoherent,0,0,1,1.27,0.67,30,0.0817719827073992,7.38,8.66,10,10.48,7.365,8.635,9.975,10.645,1,1,1,1,0.0206155281280884,0.118004237212061,0.0199999999999996,0.0100000000000007,-0.0700000000000021,-0.190000000000003,0.190000000000003,0.479999999999999,0.670000000000002,0,0,0.55678569477829,0.23631945265696,0.253388567370866,8.32058176539474,1.26743151358734,206604.438471197,65379,1,0.106970433403977,2080,64,2,1,6.5,9.5,8.8,11.2
174,24,20461647,greedy_combined_B7,greedy_combined,7,7,easy_noncoherent,0,0,1,1.27,0.67,30,0.165428746336656,7.38,8.66,10,10.48,7.365,8.635,9.975,10.645,1,1,1,1,0.0206155281280884,0.118004237212061,0.0199999999999996,0.0100000000000007,-0.0700000000000021,-0.190000000000003,0.190000000000003,0.479999999999999,0.670000000000002,0,0,0.55678569477829,0.23631945265696,0.253388567370866,8.32058176539474,1.26743151358734,203790.319401499,65379,1,0.106970433403977,2080,64,2,1,6.5,9.5,8.8,11.2
175,25,20461648,greedy_combined_B7,greedy_combined,7,7,easy_noncoherent,0,0,1,1.27,0.67,30,0.18247067669131,7.38,8.66,10,10.48,7.365,8.635,9.975,10.645,1,1,1,1,0.0206155281280884,0.118004237212061,0.0199999999999996,0.0100000000000007,-0.0700000000000021,-0.190000000000003,0.190000000000003,0.479999999999999,0.670000000000002,0,0,0.55678569477829,0.23631945265696,0.253388567370866,8.32058176539474,1.26743151358734,202237.226901061,65379,1,0.106970433403977,2080,64,2,1,6.5,9.5,8.8,11.2
176,26,20461649,greedy_combined_B7,greedy_combined,7,7,easy_noncoherent,0,0,1,1.27,0.67,30,0.0650950920341521,7.38,8.66,10,10.48,7.365,8.635,9.975,10.645,1,1,1,1,0.0206155281280884,0.118004237212061,0.0199999999999996,0.0100000000000007,-0.0700000000000021,-0.190000000000003,0.190000000000003,0.479999999999999,0.670000000000002,0,0,0.55678569477829,0.23631945265696,0.253388567370866,8.32058176539474,1.26743151358734,206374.688759026,65379,1,0.106970433403977,2080,64,2,1,6.5,9.5,8.8,11.2
177,27,20461650,greedy_combined_B7,greedy_combined,7,7,easy_noncoherent,0,0,1,1.27,0.67,30,0.0400606239221225,7.38,8.66,10,10.48,7.365,8.635,9.975,10.645,1,1,1,1,0.0206155281280884,0.118004237212061,0.0199999999999996,0.0100000000000007,-0.0700000000000021,-0.190000000000003,0.190000000000003,0.479999999999999,0.670000000000002,0,0,0.55678569477829,0.23631945265696,0.253388567370866,8.32058176539474,1.26743151358734,205820.469783348,65379,1,0.106970433403977,2080,64,2,1,6.5,9.5,8.8,11.2
178,28,20461651,greedy_combined_B7,greedy_combined,7,7,easy_noncoherent,0,0,1,1.27,0.67,30,0.0649733334204597,7.38,8.66,10,10.48,7.365,8.635,9.975,10.645,1,1,1,1,0.0206155281280884,0.118004237212061,0.0199999999999996,0.0100000000000007,-0.0700000000000021,-0.190000000000003,0.190000000000003,0.479999999999999,0.670000000000002,0,0,0.55678569477829,0.23631945265696,0.253388567370866,8.32058176539474,1.26743151358734,203655.522937226,65379,1,0.106970433403977,2080,64,2,1,6.5,9.5,8.8,11.2
179,29,20461652,greedy_combined_B7,greedy_combined,7,7,easy_noncoherent,0,0,1,1.27,0.67,30,0.0724946812871517,7.38,8.66,10,10.48,7.365,8.635,9.975,10.645,1,1,1,1,0.0206155281280884,0.118004237212061,0.0199999999999996,0.0100000000000007,-0.0700000000000021,-0.190000000000003,0.190000000000003,0.479999999999999,0.670000000000002,0,0,0.55678569477829,0.23631945265696,0.253388567370866,8.32058176539474,1.26743151358734,204292.594861339,65379,1,0.106970433403977,2080,64,2,1,6.5,9.5,8.8,11.2
180,30,20461653,greedy_combined_B7,greedy_combined,7,7,easy_noncoherent,0,0,1,1.27,0.67,30,0.196809898028209,7.38,8.66,10,10.48,7.365,8.635,9.975,10.645,1,1,1,1,0.0206155281280884,0.118004237212061,0.0199999999999996,0.0100000000000007,-0.0700000000000021,-0.190000000000003,0.190000000000003,0.479999999999999,0.670000000000002,0,0,0.55678569477829,0.23631945265696,0.253388567370866,8.32058176539474,1.26743151358734,203797.583420949,65379,1,0.106970433403977,2080,64,2,1,6.5,9.5,8.8,11.2
181,1,20462624,greedy_combined_B7,greedy_combined,7,7,strong_coherent,0.99,5,1,1.27,0.37,30,0.98988950167399,7.38,8.66,10.12,10.6,7.365,8.635,10.125,10.495,1,1,1,1,0.0206155281280884,0.0743303437365916,0.0199999999999996,0.0100000000000007,0.0499999999999989,0.109999999999999,0.109999999999999,0.48,0.370000000000001,0,0,0.55678569477829,0.23631945265696,0.253388567370866,8.32058176539474,1.28750892641291,199030.866872533,65379,1,0.113023151106789,2080,64,2,1,6.5,9.5,8.8,11.2
182,2,20462625,greedy_combined_B7,greedy_combined,7,7,strong_coherent,0.99,5,1,1.27,0.37,30,0.990423393884631,7.38,8.66,10.12,10.6,7.365,8.635,10.125,10.495,1,1,1,1,0.0206155281280884,0.0743303437365916,0.0199999999999996,0.0100000000000007,0.0499999999999989,0.109999999999999,0.109999999999999,0.48,0.370000000000001,0,0,0.55678569477829,0.23631945265696,0.253388567370866,8.32058176539474,1.28750892641291,199158.341883525,65379,1,0.113023151106789,2080,64,2,1,6.5,9.5,8.8,11.2
183,3,20462626,greedy_combined_B7,greedy_combined,7,7,strong_coherent,0.99,5,1,1.27,0.37,30,0.990123872748886,7.38,8.66,10.12,10.6,7.365,8.635,10.125,10.495,1,1,1,1,0.0206155281280884,0.0743303437365916,0.0199999999999996,0.0100000000000007,0.0499999999999989,0.109999999999999,0.109999999999999,0.48,0.370000000000001,0,0,0.55678569477829,0.23631945265696,0.253388567370866,8.32058176539474,1.28750892641291,199134.607108475,65379,1,0.113023151106789,2080,64,2,1,6.5,9.5,8.8,11.2
184,4,20462627,greedy_combined_B7,greedy_combined,7,7,strong_coherent,0.99,5,1,1.27,0.37,30,0.990310369551781,7.38,8.66,10.12,10.6,7.365,8.635,10.125,10.495,1,1,1,1,0.0206155281280884,0.0743303437365916,0.0199999999999996,0.0100000000000007,0.0499999999999989,0.109999999999999,0.109999999999999,0.48,0.370000000000001,0,0,0.55678569477829,0.23631945265696,0.253388567370866,8.32058176539474,1.28750892641291,199452.810314459,65379,1,0.113023151106789,2080,64,2,1,6.5,9.5,8.8,11.2
185,5,20462628,greedy_combined_B7,greedy_combined,7,7,strong_coherent,0.99,5,1,1.27,0.37,30,0.989843997536085,7.38,8.66,10.12,10.6,7.365,8.635,10.125,10.495,1,1,1,1,0.0206155281280884,0.0743303437365916,0.0199999999999996,0.0100000000000007,0.0499999999999989,0.109999999999999,0.109999999999999,0.48,0.370000000000001,0,0,0.55678569477829,0.23631945265696,0.253388567370866,8.32058176539474,1.28750892641291,199072.343893345,65379,1,0.113023151106789,2080,64,2,1,6.5,9.5,8.8,11.2
186,6,20462629,greedy_combined_B7,greedy_combined,7,7,strong_coherent,0.99,5,1,1.27,0.37,30,0.990196515525226,7.38,8.66,10.12,10.6,7.365,8.635,10.125,10.495,1,1,1,1,0.0206155281280884,0.0743303437365916,0.0199999999999996,0.0100000000000007,0.0499999999999989,0.109999999999999,0.109999999999999,0.48,0.370000000000001,0,0,0.55678569477829,0.23631945265696,0.253388567370866,8.32058176539474,1.28750892641291,199662.404959229,65379,1,0.113023151106789,2080,64,2,1,6.5,9.5,8.8,11.2
187,7,20462630,greedy_combined_B7,greedy_combined,7,7,strong_coherent,0.99,5,1,1.27,0.37,30,0.990167465843936,7.38,8.66,10.12,10.6,7.365,8.635,10.125,10.495,1,1,1,1,0.0206155281280884,0.0743303437365916,0.0199999999999996,0.0100000000000007,0.0499999999999989,0.109999999999999,0.109999999999999,0.48,0.370000000000001,0,0,0.55678569477829,0.23631945265696,0.253388567370866,8.32058176539474,1.28750892641291,199218.903940446,65379,1,0.113023151106789,2080,64,2,1,6.5,9.5,8.8,11.2
188,8,20462631,greedy_combined_B7,greedy_combined,7,7,strong_coherent,0.99,5,1,1.27,0.37,30,0.989838590126028,7.38,8.66,10.12,10.6,7.365,8.635,10.125,10.495,1,1,1,1,0.0206155281280884,0.0743303437365916,0.0199999999999996,0.0100000000000007,0.0499999999999989,0.109999999999999,0.109999999999999,0.48,0.370000000000001,0,0,0.55678569477829,0.23631945265696,0.253388567370866,8.32058176539474,1.28750892641291,199104.148266964,65379,1,0.113023151106789,2080,64,2,1,6.5,9.5,8.8,11.2
189,9,20462632,greedy_combined_B7,greedy_combined,7,7,strong_coherent,0.99,5,1,1.27,0.37,30,0.990101083334761,7.38,8.66,10.12,10.6,7.365,8.635,10.125,10.495,1,1,1,1,0.0206155281280884,0.0743303437365916,0.0199999999999996,0.0100000000000007,0.0499999999999989,0.109999999999999,0.109999999999999,0.48,0.370000000000001,0,0,0.55678569477829,0.23631945265696,0.253388567370866,8.32058176539474,1.28750892641291,199165.81619319,65379,1,0.113023151106789,2080,64,2,1,6.5,9.5,8.8,11.2
190,10,20462633,greedy_combined_B7,greedy_combined,7,7,strong_coherent,0.99,5,1,1.27,0.37,30,0.990191362505488,7.38,8.66,10.12,10.6,7.365,8.635,10.125,10.495,1,1,1,1,0.0206155281280884,0.0743303437365916,0.0199999999999996,0.0100000000000007,0.0499999999999989,0.109999999999999,0.109999999999999,0.48,0.370000000000001,0,0,0.55678569477829,0.23631945265696,0.253388567370866,8.32058176539474,1.28750892641291,199561.245544622,65379,1,0.113023151106789,2080,64,2,1,6.5,9.5,8.8,11.2
191,11,20462634,greedy_combined_B7,greedy_combined,7,7,strong_coherent,0.99,5,1,1.27,0.37,30,0.991409301471627,7.38,8.66,10.12,10.6,7.365,8.635,10.125,10.495,1,1,1,1,0.0206155281280884,0.0743303437365916,0.0199999999999996,0.0100000000000007,0.0499999999999989,0.109999999999999,0.109999999999999,0.48,0.370000000000001,0,0,0.55678569477829,0.23631945265696,0.253388567370866,8.32058176539474,1.28750892641291,199020.286208222,65379,1,0.113023151106789,2080,64,2,1,6.5,9.5,8.8,11.2
192,12,20462635,greedy_combined_B7,greedy_combined,7,7,strong_coherent,0.99,5,1,1.27,0.37,30,0.989984356436892,7.38,8.66,10.12,10.6,7.365,8.635,10.125,10.495,1,1,1,1,0.0206155281280884,0.0743303437365916,0.0199999999999996,0.0100000000000007,0.0499999999999989,0.109999999999999,0.109999999999999,0.48,0.370000000000001,0,0,0.55678569477829,0.23631945265696,0.253388567370866,8.32058176539474,1.28750892641291,199467.40012427,65379,1,0.113023151106789,2080,64,2,1,6.5,9.5,8.8,11.2
193,13,20462636,greedy_combined_B7,greedy_combined,7,7,strong_coherent,0.99,5,1,1.27,0.37,30,0.990162795383028,7.38,8.66,10.12,10.6,7.365,8.635,10.125,10.495,1,1,1,1,0.0206155281280884,0.0743303437365916,0.0199999999999996,0.0100000000000007,0.0499999999999989,0.109999999999999,0.109999999999999,0.48,0.370000000000001,0,0,0.55678569477829,0.23631945265696,0.253388567370866,8.32058176539474,1.28750892641291,199025.401081263,65379,1,0.113023151106789,2080,64,2,1,6.5,9.5,8.8,11.2
194,14,20462637,greedy_combined_B7,greedy_combined,7,7,strong_coherent,0.99,5,1,1.27,0.37,30,0.990891206394779,7.38,8.66,10.12,10.6,7.365,8.635,10.125,10.495,1,1,1,1,0.0206155281280884,0.0743303437365916,0.0199999999999996,0.0100000000000007,0.0499999999999989,0.109999999999999,0.109999999999999,0.48,0.370000000000001,0,0,0.55678569477829,0.23631945265696,0.253388567370866,8.32058176539474,1.28750892641291,199389.249523127,65379,1,0.113023151106789,2080,64,2,1,6.5,9.5,8.8,11.2
195,15,20462638,greedy_combined_B7,greedy_combined,7,7,strong_coherent,0.99,5,1,1.27,0.37,30,0.990068969839757,7.38,8.66,10.12,10.6,7.365,8.635,10.125,10.495,1,1,1,1,0.0206155281280884,0.0743303437365916,0.0199999999999996,0.0100000000000007,0.0499999999999989,0.109999999999999,0.109999999999999,0.48,0.370000000000001,0,0,0.55678569477829,0.23631945265696,0.253388567370866,8.32058176539474,1.28750892641291,199184.792312543,65379,1,0.113023151106789,2080,64,2,1,6.5,9.5,8.8,11.2
196,16,20462639,greedy_combined_B7,greedy_combined,7,7,strong_coherent,0.99,5,1,1.27,0.37,30,0.990285733996857,7.38,8.66,10.12,10.6,7.365,8.635,10.125,10.495,1,1,1,1,0.0206155281280884,0.0743303437365916,0.0199999999999996,0.0100000000000007,0.0499999999999989,0.109999999999999,0.109999999999999,0.48,0.370000000000001,0,0,0.55678569477829,0.23631945265696,0.253388567370866,8.32058176539474,1.28750892641291,199226.398345842,65379,1,0.113023151106789,2080,64,2,1,6.5,9.5,8.8,11.2
197,17,20462640,greedy_combined_B7,greedy_combined,7,7,strong_coherent,0.99,5,1,1.27,0.37,30,0.989900882449548,7.38,8.66,10.12,10.6,7.365,8.635,10.125,10.495,1,1,1,1,0.0206155281280884,0.0743303437365916,0.0199999999999996,0.0100000000000007,0.0499999999999989,0.109999999999999,0.109999999999999,0.48,0.370000000000001,0,0,0.55678569477829,0.23631945265696,0.253388567370866,8.32058176539474,1.28750892641291,199253.859348044,65379,1,0.113023151106789,2080,64,2,1,6.5,9.5,8.8,11.2
198,18,20462641,greedy_combined_B7,greedy_combined,7,7,strong_coherent,0.99,5,1,1.27,0.37,30,0.989798133771129,7.38,8.66,10.12,10.6,7.365,8.635,10.125,10.495,1,1,1,1,0.0206155281280884,0.0743303437365916,0.0199999999999996,0.0100000000000007,0.0499999999999989,0.109999999999999,0.109999999999999,0.48,0.370000000000001,0,0,0.55678569477829,0.23631945265696,0.253388567370866,8.32058176539474,1.28750892641291,199221.619320151,65379,1,0.113023151106789,2080,64,2,1,6.5,9.5,8.8,11.2
199,19,20462642,greedy_combined_B7,greedy_combined,7,7,strong_coherent,0.99,5,1,1.27,0.37,30,0.990159379880955,7.38,8.66,10.12,10.6,7.365,8.635,10.125,10.495,1,1,1,1,0.0206155281280884,0.0743303437365916,0.0199999999999996,0.0100000000000007,0.0499999999999989,0.109999999999999,0.109999999999999,0.48,0.370000000000001,0,0,0.55678569477829,0.23631945265696,0.253388567370866,8.32058176539474,1.28750892641291,199164.095943063,65379,1,0.113023151106789,2080,64,2,1,6.5,9.5,8.8,11.2
200,20,20462643,greedy_combined_B7,greedy_combined,7,7,strong_coherent,0.99,5,1,1.27,0.37,30,0.989868258680952,7.38,8.66,10.12,10.6,7.365,8.635,10.125,10.495,1,1,1,1,0.0206155281280884,0.0743303437365916,0.0199999999999996,0.0100000000000007,0.0499999999999989,0.109999999999999,0.109999999999999,0.48,0.370000000000001,0,0,0.55678569477829,0.23631945265696,0.253388567370866,8.32058176539474,1.28750892641291,199068.665627713,65379,1,0.113023151106789,2080,64,2,1,6.5,9.5,8.8,11.2
201,21,20462644,greedy_combined_B7,greedy_combined,7,7,strong_coherent,0.99,5,1,1.27,0.37,30,0.990210766945349,7.38,8.66,10.12,10.6,7.365,8.635,10.125,10.495,1,1,1,1,0.0206155281280884,0.0743303437365916,0.0199999999999996,0.0100000000000007,0.0499999999999989,0.109999999999999,0.109999999999999,0.48,0.370000000000001,0,0,0.55678569477829,0.23631945265696,0.253388567370866,8.32058176539474,1.28750892641291,199015.600264466,65379,1,0.113023151106789,2080,64,2,1,6.5,9.5,8.8,11.2
202,22,20462645,greedy_combined_B7,greedy_combined,7,7,strong_coherent,0.99,5,1,1.27,0.37,30,0.990448953035912,7.38,8.66,10.12,10.6,7.365,8.635,10.125,10.495,1,1,1,1,0.0206155281280884,0.0743303437365916,0.0199999999999996,0.0100000000000007,0.0499999999999989,0.109999999999999,0.109999999999999,0.48,0.370000000000001,0,0,0.55678569477829,0.23631945265696,0.253388567370866,8.32058176539474,1.28750892641291,199440.353359752,65379,1,0.113023151106789,2080,64,2,1,6.5,9.5,8.8,11.2
203,23,20462646,greedy_combined_B7,greedy_combined,7,7,strong_coherent,0.99,5,1,1.27,0.37,30,0.990024714014346,7.38,8.66,10.12,10.6,7.365,8.635,10.125,10.495,1,1,1,1,0.0206155281280884,0.0743303437365916,0.0199999999999996,0.0100000000000007,0.0499999999999989,0.109999999999999,0.109999999999999,0.48,0.370000000000001,0,0,0.55678569477829,0.23631945265696,0.253388567370866,8.32058176539474,1.28750892641291,199315.5478989,65379,1,0.113023151106789,2080,64,2,1,6.5,9.5,8.8,11.2
204,24,20462647,greedy_combined_B7,greedy_combined,7,7,strong_coherent,0.99,5,1,1.27,0.37,30,0.989829816413215,7.38,8.66,10.12,10.6,7.365,8.635,10.125,10.495,1,1,1,1,0.0206155281280884,0.0743303437365916,0.0199999999999996,0.0100000000000007,0.0499999999999989,0.109999999999999,0.109999999999999,0.48,0.370000000000001,0,0,0.55678569477829,0.23631945265696,0.253388567370866,8.32058176539474,1.28750892641291,199219.135188086,65379,1,0.113023151106789,2080,64,2,1,6.5,9.5,8.8,11.2
205,25,20462648,greedy_combined_B7,greedy_combined,7,7,strong_coherent,0.99,5,1,1.27,0.37,30,0.989830154251714,7.38,8.66,10.12,10.6,7.365,8.635,10.125,10.495,1,1,1,1,0.0206155281280884,0.0743303437365916,0.0199999999999996,0.0100000000000007,0.0499999999999989,0.109999999999999,0.109999999999999,0.48,0.370000000000001,0,0,0.55678569477829,0.23631945265696,0.253388567370866,8.32058176539474,1.28750892641291,199166.709067409,65379,1,0.113023151106789,2080,64,2,1,6.5,9.5,8.8,11.2
206,26,20462649,greedy_combined_B7,greedy_combined,7,7,strong_coherent,0.99,5,1,1.27,0.37,30,0.990236627803351,7.38,8.66,10.12,10.6,7.365,8.635,10.125,10.495,1,1,1,1,0.0206155281280884,0.0743303437365916,0.0199999999999996,0.0100000000000007,0.0499999999999989,0.109999999999999,0.109999999999999,0.48,0.370000000000001,0,0,0.55678569477829,0.23631945265696,0.253388567370866,8.32058176539474,1.28750892641291,199228.851372083,65379,1,0.113023151106789,2080,64,2,1,6.5,9.5,8.8,11.2
207,27,20462650,greedy_combined_B7,greedy_combined,7,7,strong_coherent,0.99,5,1,1.27,0.37,30,0.989836131702817,7.38,8.66,10.12,10.6,7.365,8.635,10.125,10.495,1,1,1,1,0.0206155281280884,0.0743303437365916,0.0199999999999996,0.0100000000000007,0.0499999999999989,0.109999999999999,0.109999999999999,0.48,0.370000000000001,0,0,0.55678569477829,0.23631945265696,0.253388567370866,8.32058176539474,1.28750892641291,199389.95909509,65379,1,0.113023151106789,2080,64,2,1,6.5,9.5,8.8,11.2
208,28,20462651,greedy_combined_B7,greedy_combined,7,7,strong_coherent,0.99,5,1,1.27,0.37,30,0.989818958302529,7.38,8.66,10.12,10.6,7.365,8.635,10.125,10.495,1,1,1,1,0.0206155281280884,0.0743303437365916,0.0199999999999996,0.0100000000000007,0.0499999999999989,0.109999999999999,0.109999999999999,0.48,0.370000000000001,0,0,0.55678569477829,0.23631945265696,0.253388567370866,8.32058176539474,1.28750892641291,199327.470580062,65379,1,0.113023151106789,2080,64,2,1,6.5,9.5,8.8,11.2
209,29,20462652,greedy_combined_B7,greedy_combined,7,7,strong_coherent,0.99,5,1,1.27,0.37,30,0.990458221645368,7.38,8.66,10.12,10.6,7.365,8.635,10.125,10.495,1,1,1,1,0.0206155281280884,0.0743303437365916,0.0199999999999996,0.0100000000000007,0.0499999999999989,0.109999999999999,0.109999999999999,0.48,0.370000000000001,0,0,0.55678569477829,0.23631945265696,0.253388567370866,8.32058176539474,1.28750892641291,199203.507460898,65379,1,0.113023151106789,2080,64,2,1,6.5,9.5,8.8,11.2
210,30,20462653,greedy_combined_B7,greedy_combined,7,7,strong_coherent,0.99,5,1,1.27,0.37,30,0.990103697330685,7.38,8.66,10.12,10.6,7.365,8.635,10.125,10.495,1,1,1,1,0.0206155281280884,0.0743303437365916,0.0199999999999996,0.0100000000000007,0.0499999999999989,0.109999999999999,0.109999999999999,0.48,0.370000000000001,0,0,0.55678569477829,0.23631945265696,0.253388567370866,8.32058176539474,1.28750892641291,198765.291754975,65379,1,0.113023151106789,2080,64,2,1,6.5,9.5,8.8,11.2
211,1,20463624,greedy_combined_B7,greedy_combined,7,7,hard_phase,0.99,150,1,0.83,0.37,30,0.990127646367316,7.54,8.42,10.12,10.6,7.585,8.415,10.125,10.495,1,1,1,1,0.0320156211871644,0.0743303437365916,-0.0199999999999996,0.0500000000000025,0.0499999999999989,0.109999999999999,0.109999999999999,0.48,0.370000000000001,0,0,0.55678569477829,0.23631945265696,0.253388567370866,8.32058176539474,1.80865542184705,140927.126094769,65379,1,0.348352256811632,2080,64,2,1,6.5,9.5,8.8,11.2
212,2,20463625,greedy_combined_B7,greedy_combined,7,7,hard_phase,0.99,150,1,0.83,0.37,30,0.990089632737746,7.54,8.42,10.12,10.6,7.585,8.415,10.125,10.495,1,1,1,1,0.0320156211871644,0.0743303437365916,-0.0199999999999996,0.0500000000000025,0.0499999999999989,0.109999999999999,0.109999999999999,0.48,0.370000000000001,0,0,0.55678569477829,0.23631945265696,0.253388567370866,8.32058176539474,1.80865542184705,140956.983577966,65379,1,0.348352256811632,2080,64,2,1,6.5,9.5,8.8,11.2
213,3,20463626,greedy_combined_B7,greedy_combined,7,7,hard_phase,0.99,150,1,0.83,0.37,30,0.989842056160316,7.54,8.42,10.12,10.6,7.585,8.415,10.125,10.495,1,1,1,1,0.0320156211871644,0.0743303437365916,-0.0199999999999996,0.0500000000000025,0.0499999999999989,0.109999999999999,0.109999999999999,0.48,0.370000000000001,0,0,0.55678569477829,0.23631945265696,0.253388567370866,8.32058176539474,1.80865542184705,140931.531947424,65379,1,0.348352256811632,2080,64,2,1,6.5,9.5,8.8,11.2
214,4,20463627,greedy_combined_B7,greedy_combined,7,7,hard_phase,0.99,150,1,0.83,0.37,30,0.98994838918134,7.54,8.42,10.12,10.6,7.585,8.415,10.125,10.495,1,1,1,1,0.0320156211871644,0.0743303437365916,-0.0199999999999996,0.0500000000000025,0.0499999999999989,0.109999999999999,0.109999999999999,0.48,0.370000000000001,0,0,0.55678569477829,0.23631945265696,0.253388567370866,8.32058176539474,1.80865542184705,141003.317844936,65379,1,0.348352256811632,2080,64,2,1,6.5,9.5,8.8,11.2
215,5,20463628,greedy_combined_B7,greedy_combined,7,7,hard_phase,0.99,150,1,0.83,0.37,30,0.990769659802727,7.54,8.42,10.12,10.6,7.585,8.415,10.125,10.495,1,1,1,1,0.0320156211871644,0.0743303437365916,-0.0199999999999996,0.0500000000000025,0.0499999999999989,0.109999999999999,0.109999999999999,0.48,0.370000000000001,0,0,0.55678569477829,0.23631945265696,0.253388567370866,8.32058176539474,1.80865542184705,140967.492824581,65379,1,0.348352256811632,2080,64,2,1,6.5,9.5,8.8,11.2
216,6,20463629,greedy_combined_B7,greedy_combined,7,7,hard_phase,0.99,150,1,0.83,0.37,30,0.99031405171205,7.54,8.42,10.12,10.6,7.585,8.415,10.125,10.495,1,1,1,1,0.0320156211871644,0.0743303437365916,-0.0199999999999996,0.0500000000000025,0.0499999999999989,0.109999999999999,0.109999999999999,0.48,0.370000000000001,0,0,0.55678569477829,0.23631945265696,0.253388567370866,8.32058176539474,1.80865542184705,140915.41725551,65379,1,0.348352256811632,2080,64,2,1,6.5,9.5,8.8,11.2
217,7,20463630,greedy_combined_B7,greedy_combined,7,7,hard_phase,0.99,150,1,0.83,0.37,30,0.990218058086027,7.54,8.42,10.12,10.6,7.585,8.415,10.125,10.495,1,1,1,1,0.0320156211871644,0.0743303437365916,-0.0199999999999996,0.0500000000000025,0.0499999999999989,0.109999999999999,0.109999999999999,0.48,0.370000000000001,0,0,0.55678569477829,0.23631945265696,0.253388567370866,8.32058176539474,1.80865542184705,140927.481178436,65379,1,0.348352256811632,2080,64,2,1,6.5,9.5,8.8,11.2
218,8,20463631,greedy_combined_B7,greedy_combined,7,7,hard_phase,0.99,150,1,0.83,0.37,30,0.990110654652856,7.54,8.42,10.12,10.6,7.585,8.415,10.125,10.495,1,1,1,1,0.0320156211871644,0.0743303437365916,-0.0199999999999996,0.0500000000000025,0.0499999999999989,0.109999999999999,0.109999999999999,0.48,0.370000000000001,0,0,0.55678569477829,0.23631945265696,0.253388567370866,8.32058176539474,1.80865542184705,140913.663493349,65379,1,0.348352256811632,2080,64,2,1,6.5,9.5,8.8,11.2
219,9,20463632,greedy_combined_B7,greedy_combined,7,7,hard_phase,0.99,150,1,0.83,0.37,30,0.989959225518115,7.54,8.42,10.12,10.6,7.585,8.415,10.125,10.495,1,1,1,1,0.0320156211871644,0.0743303437365916,-0.0199999999999996,0.0500000000000025,0.0499999999999989,0.109999999999999,0.109999999999999,0.48,0.370000000000001,0,0,0.55678569477829,0.23631945265696,0.253388567370866,8.32058176539474,1.80865542184705,141024.535381632,65379,1,0.348352256811632,2080,64,2,1,6.5,9.5,8.8,11.2
220,10,20463633,greedy_combined_B7,greedy_combined,7,7,hard_phase,0.99,150,1,0.83,0.37,30,0.990024179417453,7.54,8.42,10.12,10.6,7.585,8.415,10.125,10.495,1,1,1,1,0.0320156211871644,0.0743303437365916,-0.0199999999999996,0.0500000000000025,0.0499999999999989,0.109999999999999,0.109999999999999,0.48,0.370000000000001,0,0,0.55678569477829,0.23631945265696,0.253388567370866,8.32058176539474,1.80865542184705,140984.097318675,65379,1,0.348352256811632,2080,64,2,1,6.5,9.5,8.8,11.2
221,11,20463634,greedy_combined_B7,greedy_combined,7,7,hard_phase,0.99,150,1,0.83,0.37,30,0.989876515490105,7.54,8.42,10.12,10.6,7.585,8.415,10.125,10.495,1,1,1,1,0.0320156211871644,0.0743303437365916,-0.0199999999999996,0.0500000000000025,0.0499999999999989,0.109999999999999,0.109999999999999,0.48,0.370000000000001,0,0,0.55678569477829,0.23631945265696,0.253388567370866,8.32058176539474,1.80865542184705,140945.765521698,65379,1,0.348352256811632,2080,64,2,1,6.5,9.5,8.8,11.2
222,12,20463635,greedy_combined_B7,greedy_combined,7,7,hard_phase,0.99,150,1,0.83,0.37,30,0.989967378930617,7.54,8.42,10.12,10.6,7.585,8.415,10.125,10.495,1,1,1,1,0.0320156211871644,0.0743303437365916,-0.0199999999999996,0.0500000000000025,0.0499999999999989,0.109999999999999,0.109999999999999,0.48,0.370000000000001,0,0,0.55678569477829,0.23631945265696,0.253388567370866,8.32058176539474,1.80865542184705,140963.33012624,65379,1,0.348352256811632,2080,64,2,1,6.5,9.5,8.8,11.2
223,13,20463636,greedy_combined_B7,greedy_combined,7,7,hard_phase,0.99,150,1,0.83,0.37,30,0.989804481392092,7.54,8.42,10.12,10.6,7.585,8.415,10.125,10.495,1,1,1,1,0.0320156211871644,0.0743303437365916,-0.0199999999999996,0.0500000000000025,0.0499999999999989,0.109999999999999,0.109999999999999,0.48,0.370000000000001,0,0,0.55678569477829,0.23631945265696,0.253388567370866,8.32058176539474,1.80865542184705,141017.54378633,65379,1,0.348352256811632,2080,64,2,1,6.5,9.5,8.8,11.2
224,14,20463637,greedy_combined_B7,greedy_combined,7,7,hard_phase,0.99,150,1,0.83,0.37,30,0.989857051670069,7.54,8.42,10.12,10.6,7.585,8.415,10.125,10.495,1,1,1,1,0.0320156211871644,0.0743303437365916,-0.0199999999999996,0.0500000000000025,0.0499999999999989,0.109999999999999,0.109999999999999,0.48,0.370000000000001,0,0,0.55678569477829,0.23631945265696,0.253388567370866,8.32058176539474,1.80865542184705,141035.961987737,65379,1,0.348352256811632,2080,64,2,1,6.5,9.5,8.8,11.2
225,15,20463638,greedy_combined_B7,greedy_combined,7,7,hard_phase,0.99,150,1,0.83,0.37,30,0.989881415040409,7.54,8.42,10.12,10.6,7.585,8.415,10.125,10.495,1,1,1,1,0.0320156211871644,0.0743303437365916,-0.0199999999999996,0.0500000000000025,0.0499999999999989,0.109999999999999,0.109999999999999,0.48,0.370000000000001,0,0,0.55678569477829,0.23631945265696,0.253388567370866,8.32058176539474,1.80865542184705,140935.938915318,65379,1,0.348352256811632,2080,64,2,1,6.5,9.5,8.8,11.2
226,16,20463639,greedy_combined_B7,greedy_combined,7,7,hard_phase,0.99,150,1,0.83,0.37,30,0.99045159363063,7.54,8.42,10.12,10.6,7.585,8.415,10.125,10.495,1,1,1,1,0.0320156211871644,0.0743303437365916,-0.0199999999999996,0.0500000000000025,0.0499999999999989,0.109999999999999,0.109999999999999,0.48,0.370000000000001,0,0,0.55678569477829,0.23631945265696,0.253388567370866,8.32058176539474,1.80865542184705,140837.00647741,65379,1,0.348352256811632,2080,64,2,1,6.5,9.5,8.8,11.2
227,17,20463640,greedy_combined_B7,greedy_combined,7,7,hard_phase,0.99,150,1,0.83,0.37,30,0.990064117545946,7.54,8.42,10.12,10.6,7.585,8.415,10.125,10.495,1,1,1,1,0.0320156211871644,0.0743303437365916,-0.0199999999999996,0.0500000000000025,0.0499999999999989,0.109999999999999,0.109999999999999,0.48,0.370000000000001,0,0,0.55678569477829,0.23631945265696,0.253388567370866,8.32058176539474,1.80865542184705,140943.826503294,65379,1,0.348352256811632,2080,64,2,1,6.5,9.5,8.8,11.2
228,18,20463641,greedy_combined_B7,greedy_combined,7,7,hard_phase,0.99,150,1,0.83,0.37,30,0.989854282039885,7.54,8.42,10.12,10.6,7.585,8.415,10.125,10.495,1,1,1,1,0.0320156211871644,0.0743303437365916,-0.0199999999999996,0.0500000000000025,0.0499999999999989,0.109999999999999,0.109999999999999,0.48,0.370000000000001,0,0,0.55678569477829,0.23631945265696,0.253388567370866,8.32058176539474,1.80865542184705,140954.736131093,65379,1,0.348352256811632,2080,64,2,1,6.5,9.5,8.8,11.2
229,19,20463642,greedy_combined_B7,greedy_combined,7,7,hard_phase,0.99,150,1,0.83,0.37,30,0.990113242552785,7.54,8.42,10.12,10.6,7.585,8.415,10.125,10.495,1,1,1,1,0.0320156211871644,0.0743303437365916,-0.0199999999999996,0.0500000000000025,0.0499999999999989,0.109999999999999,0.109999999999999,0.48,0.370000000000001,0,0,0.55678569477829,0.23631945265696,0.253388567370866,8.32058176539474,1.80865542184705,140937.340266316,65379,1,0.348352256811632,2080,64,2,1,6.5,9.5,8.8,11.2
230,20,20463643,greedy_combined_B7,greedy_combined,7,7,hard_phase,0.99,150,1,0.83,0.37,30,0.990070064338,7.54,8.42,10.12,10.6,7.585,8.415,10.125,10.495,1,1,1,1,0.0320156211871644,0.0743303437365916,-0.0199999999999996,0.0500000000000025,0.0499999999999989,0.109999999999999,0.109999999999999,0.48,0.370000000000001,0,0,0.55678569477829,0.23631945265696,0.253388567370866,8.32058176539474,1.80865542184705,140891.318879033,65379,1,0.348352256811632,2080,64,2,1,6.5,9.5,8.8,11.2
231,21,20463644,greedy_combined_B7,greedy_combined,7,7,hard_phase,0.99,150,1,0.83,0.37,30,0.990000098619157,7.54,8.42,10.12,10.6,7.585,8.415,10.125,10.495,1,1,1,1,0.0320156211871644,0.0743303437365916,-0.0199999999999996,0.0500000000000025,0.0499999999999989,0.109999999999999,0.109999999999999,0.48,0.370000000000001,0,0,0.55678569477829,0.23631945265696,0.253388567370866,8.32058176539474,1.80865542184705,141001.347875305,65379,1,0.348352256811632,2080,64,2,1,6.5,9.5,8.8,11.2
232,22,20463645,greedy_combined_B7,greedy_combined,7,7,hard_phase,0.99,150,1,0.83,0.37,30,0.990013069833103,7.54,8.42,10.12,10.6,7.585,8.415,10.125,10.495,1,1,1,1,0.0320156211871644,0.0743303437365916,-0.0199999999999996,0.0500000000000025,0.0499999999999989,0.109999999999999,0.109999999999999,0.48,0.370000000000001,0,0,0.55678569477829,0.23631945265696,0.253388567370866,8.32058176539474,1.80865542184705,140980.322382074,65379,1,0.348352256811632,2080,64,2,1,6.5,9.5,8.8,11.2
233,23,20463646,greedy_combined_B7,greedy_combined,7,7,hard_phase,0.99,150,1,0.83,0.37,30,0.990864568342276,7.54,8.42,10.12,10.6,7.585,8.415,10.125,10.495,1,1,1,1,0.0320156211871644,0.0743303437365916,-0.0199999999999996,0.0500000000000025,0.0499999999999989,0.109999999999999,0.109999999999999,0.48,0.370000000000001,0,0,0.55678569477829,0.23631945265696,0.253388567370866,8.32058176539474,1.80865542184705,140921.611692461,65379,1,0.348352256811632,2080,64,2,1,6.5,9.5,8.8,11.2
234,24,20463647,greedy_combined_B7,greedy_combined,7,7,hard_phase,0.99,150,1,0.83,0.37,30,0.990015551969724,7.54,8.42,10.12,10.6,7.585,8.415,10.125,10.495,1,1,1,1,0.0320156211871644,0.0743303437365916,-0.0199999999999996,0.0500000000000025,0.0499999999999989,0.109999999999999,0.109999999999999,0.48,0.370000000000001,0,0,0.55678569477829,0.23631945265696,0.253388567370866,8.32058176539474,1.80865542184705,140941.944164492,65379,1,0.348352256811632,2080,64,2,1,6.5,9.5,8.8,11.2
235,25,20463648,greedy_combined_B7,greedy_combined,7,7,hard_phase,0.99,150,1,0.83,0.37,30,0.990387234619159,7.54,8.42,10.12,10.6,7.585,8.415,10.125,10.495,1,1,1,1,0.0320156211871644,0.0743303437365916,-0.0199999999999996,0.0500000000000025,0.0499999999999989,0.109999999999999,0.109999999999999,0.48,0.370000000000001,0,0,0.55678569477829,0.23631945265696,0.253388567370866,8.32058176539474,1.80865542184705,140881.992282627,65379,1,0.348352256811632,2080,64,2,1,6.5,9.5,8.8,11.2
236,26,20463649,greedy_combined_B7,greedy_combined,7,7,hard_phase,0.99,150,1,0.83,0.37,30,0.990100796158705,7.54,8.42,10.12,10.6,7.585,8.415,10.125,10.495,1,1,1,1,0.0320156211871644,0.0743303437365916,-0.0199999999999996,0.0500000000000025,0.0499999999999989,0.109999999999999,0.109999999999999,0.48,0.370000000000001,0,0,0.55678569477829,0.23631945265696,0.253388567370866,8.32058176539474,1.80865542184705,140963.043672812,65379,1,0.348352256811632,2080,64,2,1,6.5,9.5,8.8,11.2
237,27,20463650,greedy_combined_B7,greedy_combined,7,7,hard_phase,0.99,150,1,0.83,0.37,30,0.990826617844072,7.54,8.42,10.12,10.6,7.585,8.415,10.125,10.495,1,1,1,1,0.0320156211871644,0.0743303437365916,-0.0199999999999996,0.0500000000000025,0.0499999999999989,0.109999999999999,0.109999999999999,0.48,0.370000000000001,0,0,0.55678569477829,0.23631945265696,0.253388567370866,8.32058176539474,1.80865542184705,140848.388395464,65379,1,0.348352256811632,2080,64,2,1,6.5,9.5,8.8,11.2
238,28,20463651,greedy_combined_B7,greedy_combined,7,7,hard_phase,0.99,150,1,0.83,0.37,30,0.990791976328659,7.54,8.42,10.12,10.6,7.585,8.415,10.125,10.495,1,1,1,1,0.0320156211871644,0.0743303437365916,-0.0199999999999996,0.0500000000000025,0.0499999999999989,0.109999999999999,0.109999999999999,0.48,0.370000000000001,0,0,0.55678569477829,0.23631945265696,0.253388567370866,8.32058176539474,1.80865542184705,140835.951172925,65379,1,0.348352256811632,2080,64,2,1,6.5,9.5,8.8,11.2
239,29,20463652,greedy_combined_B7,greedy_combined,7,7,hard_phase,0.99,150,1,0.83,0.37,30,0.989796154858155,7.54,8.42,10.12,10.6,7.585,8.415,10.125,10.495,1,1,1,1,0.0320156211871644,0.0743303437365916,-0.0199999999999996,0.0500000000000025,0.0499999999999989,0.109999999999999,0.109999999999999,0.48,0.370000000000001,0,0,0.55678569477829,0.23631945265696,0.253388567370866,8.32058176539474,1.80865542184705,141000.090981303,65379,1,0.348352256811632,2080,64,2,1,6.5,9.5,8.8,11.2
240,30,20463653,greedy_combined_B7,greedy_combined,7,7,hard_phase,0.99,150,1,0.83,0.37,30,0.989928572969674,7.54,8.42,10.12,10.6,7.585,8.415,10.125,10.495,1,1,1,1,0.0320156211871644,0.0743303437365916,-0.0199999999999996,0.0500000000000025,0.0499999999999989,0.109999999999999,0.109999999999999,0.48,0.370000000000001,0,0,0.55678569477829,0.23631945265696,0.253388567370866,8.32058176539474,1.80865542184705,140974.38793486,65379,1,0.348352256811632,2080,64,2,1,6.5,9.5,8.8,11.2
241,1,20464624,greedy_combined_B7,greedy_combined,7,7,weak_secondary,0.99,150,0.3,0.83,0.37,30,0.989870624681253,7.62,8.34,10.12,10.36,7.585,8.415,10.125,10.495,1,1,1,1,0.0585234995535977,0.0955248658727151,-0.0199999999999996,-0.109999999999999,-0.0700000000000021,-0.130000000000001,0.130000000000001,0.24,0.370000000000001,0,0,0.55678569477829,0.23631945265696,0.253388567370866,8.32058176539474,2.77083697576869,93411.1400150417,65379,1,0.348352256811632,2080,64,2,1,6.5,9.5,8.8,11.2
242,2,20464625,greedy_combined_B7,greedy_combined,7,7,weak_secondary,0.99,150,0.3,0.83,0.37,30,0.989844453203811,7.62,8.34,10.12,10.36,7.585,8.415,10.125,10.495,1,1,1,1,0.0585234995535977,0.0955248658727151,-0.0199999999999996,-0.109999999999999,-0.0700000000000021,-0.130000000000001,0.130000000000001,0.24,0.370000000000001,0,0,0.55678569477829,0.23631945265696,0.253388567370866,8.32058176539474,2.77083697576869,93428.5860883424,65379,1,0.348352256811632,2080,64,2,1,6.5,9.5,8.8,11.2
243,3,20464626,greedy_combined_B7,greedy_combined,7,7,weak_secondary,0.99,150,0.3,0.83,0.37,30,0.990062482359012,7.62,8.34,10.12,10.36,7.585,8.415,10.125,10.495,1,1,1,1,0.0585234995535977,0.0955248658727151,-0.0199999999999996,-0.109999999999999,-0.0700000000000021,-0.130000000000001,0.130000000000001,0.24,0.370000000000001,0,0,0.55678569477829,0.23631945265696,0.253388567370866,8.32058176539474,2.77083697576869,93418.2989916683,65379,1,0.348352256811632,2080,64,2,1,6.5,9.5,8.8,11.2
244,4,20464627,greedy_combined_B7,greedy_combined,7,7,weak_secondary,0.99,150,0.3,0.83,0.37,30,0.989806026579121,7.62,8.34,10.12,10.36,7.585,8.415,10.125,10.495,1,1,1,1,0.0585234995535977,0.0955248658727151,-0.0199999999999996,-0.109999999999999,-0.0700000000000021,-0.130000000000001,0.130000000000001,0.24,0.370000000000001,0,0,0.55678569477829,0.23631945265696,0.253388567370866,8.32058176539474,2.77083697576869,93411.5408450334,65379,1,0.348352256811632,2080,64,2,1,6.5,9.5,8.8,11.2
245,5,20464628,greedy_combined_B7,greedy_combined,7,7,weak_secondary,0.99,150,0.3,0.83,0.37,30,0.990413492539007,7.62,8.34,10.12,10.36,7.585,8.415,10.125,10.495,1,1,1,1,0.0585234995535977,0.0955248658727151,-0.0199999999999996,-0.109999999999999,-0.0700000000000021,-0.130000000000001,0.130000000000001,0.24,0.370000000000001,0,0,0.55678569477829,0.23631945265696,0.253388567370866,8.32058176539474,2.77083697576869,93427.6822189624,65379,1,0.348352256811632,2080,64,2,1,6.5,9.5,8.8,11.2
246,6,20464629,greedy_combined_B7,greedy_combined,7,7,weak_secondary,0.99,150,0.3,0.83,0.37,30,0.990120782365505,7.62,8.34,10.12,10.36,7.585,8.415,10.125,10.495,1,1,1,1,0.0585234995535977,0.0955248658727151,-0.0199999999999996,-0.109999999999999,-0.0700000000000021,-0.130000000000001,0.130000000000001,0.24,0.370000000000001,0,0,0.55678569477829,0.23631945265696,0.253388567370866,8.32058176539474,2.77083697576869,93434.9586158925,65379,1,0.348352256811632,2080,64,2,1,6.5,9.5,8.8,11.2
247,7,20464630,greedy_combined_B7,greedy_combined,7,7,weak_secondary,0.99,150,0.3,0.83,0.37,30,0.990236863453974,7.62,8.34,10.12,10.36,7.585,8.415,10.125,10.495,1,1,1,1,0.0585234995535977,0.0955248658727151,-0.0199999999999996,-0.109999999999999,-0.0700000000000021,-0.130000000000001,0.130000000000001,0.24,0.370000000000001,0,0,0.55678569477829,0.23631945265696,0.253388567370866,8.32058176539474,2.77083697576869,93440.1609312943,65379,1,0.348352256811632,2080,64,2,1,6.5,9.5,8.8,11.2
248,8,20464631,greedy_combined_B7,greedy_combined,7,7,weak_secondary,0.99,150,0.3,0.83,0.37,30,0.990104781088134,7.62,8.34,10.12,10.36,7.585,8.415,10.125,10.495,1,1,1,1,0.0585234995535977,0.0955248658727151,-0.0199999999999996,-0.109999999999999,-0.0700000000000021,-0.130000000000001,0.130000000000001,0.24,0.370000000000001,0,0,0.55678569477829,0.23631945265696,0.253388567370866,8.32058176539474,2.77083697576869,93379.7499792034,65379,1,0.348352256811632,2080,64,2,1,6.5,9.5,8.8,11.2
249,9,20464632,greedy_combined_B7,greedy_combined,7,7,weak_secondary,0.99,150,0.3,0.83,0.37,30,0.990181628162147,7.62,8.34,10.12,10.36,7.585,8.415,10.125,10.495,1,1,1,1,0.0585234995535977,0.0955248658727151,-0.0199999999999996,-0.109999999999999,-0.0700000000000021,-0.130000000000001,0.130000000000001,0.24,0.370000000000001,0,0,0.55678569477829,0.23631945265696,0.253388567370866,8.32058176539474,2.77083697576869,93451.1621658176,65379,1,0.348352256811632,2080,64,2,1,6.5,9.5,8.8,11.2
250,10,20464633,greedy_combined_B7,greedy_combined,7,7,weak_secondary,0.99,150,0.3,0.83,0.37,30,0.990187138755664,7.62,8.34,10.12,10.36,7.585,8.415,10.125,10.495,1,1,1,1,0.0585234995535977,0.0955248658727151,-0.0199999999999996,-0.109999999999999,-0.0700000000000021,-0.130000000000001,0.130000000000001,0.24,0.370000000000001,0,0,0.55678569477829,0.23631945265696,0.253388567370866,8.32058176539474,2.77083697576869,93426.9395070889,65379,1,0.348352256811632,2080,64,2,1,6.5,9.5,8.8,11.2
251,11,20464634,greedy_combined_B7,greedy_combined,7,7,weak_secondary,0.99,150,0.3,0.83,0.37,30,0.989895535705351,7.62,8.34,10.12,10.36,7.585,8.415,10.125,10.495,1,1,1,1,0.0585234995535977,0.0955248658727151,-0.0199999999999996,-0.109999999999999,-0.0700000000000021,-0.130000000000001,0.130000000000001,0.24,0.370000000000001,0,0,0.55678569477829,0.23631945265696,0.253388567370866,8.32058176539474,2.77083697576869,93414.8403177301,65379,1,0.348352256811632,2080,64,2,1,6.5,9.5,8.8,11.2
252,12,20464635,greedy_combined_B7,greedy_combined,7,7,weak_secondary,0.99,150,0.3,0.83,0.37,30,0.990156862732867,7.62,8.34,10.12,10.36,7.585,8.415,10.125,10.495,1,1,1,1,0.0585234995535977,0.0955248658727151,-0.0199999999999996,-0.109999999999999,-0.0700000000000021,-0.130000000000001,0.130000000000001,0.24,0.370000000000001,0,0,0.55678569477829,0.23631945265696,0.253388567370866,8.32058176539474,2.77083697576869,93431.0738441033,65379,1,0.348352256811632,2080,64,2,1,6.5,9.5,8.8,11.2
253,13,20464636,greedy_combined_B7,greedy_combined,7,7,weak_secondary,0.99,150,0.3,0.83,0.37,30,0.989812621360909,7.62,8.34,10.12,10.36,7.585,8.415,10.125,10.495,1,1,1,1,0.0585234995535977,0.0955248658727151,-0.0199999999999996,-0.109999999999999,-0.0700000000000021,-0.130000000000001,0.130000000000001,0.24,0.370000000000001,0,0,0.55678569477829,0.23631945265696,0.253388567370866,8.32058176539474,2.77083697576869,93429.2635141709,65379,1,0.348352256811632,2080,64,2,1,6.5,9.5,8.8,11.2
254,14,20464637,greedy_combined_B7,greedy_combined,7,7,weak_secondary,0.99,150,0.3,0.83,0.37,30,0.989932928047578,7.62,8.34,10.12,10.36,7.585,8.415,10.125,10.495,1,1,1,1,0.0585234995535977,0.0955248658727151,-0.0199999999999996,-0.109999999999999,-0.0700000000000021,-0.130000000000001,0.130000000000001,0.24,0.370000000000001,0,0,0.55678569477829,0.23631945265696,0.253388567370866,8.32058176539474,2.77083697576869,93429.4470736292,65379,1,0.348352256811632,2080,64,2,1,6.5,9.5,8.8,11.2
255,15,20464638,greedy_combined_B7,greedy_combined,7,7,weak_secondary,0.99,150,0.3,0.83,0.37,30,0.989875455002173,7.62,8.34,10.12,10.36,7.585,8.415,10.125,10.495,1,1,1,1,0.0585234995535977,0.0955248658727151,-0.0199999999999996,-0.109999999999999,-0.0700000000000021,-0.130000000000001,0.130000000000001,0.24,0.370000000000001,0,0,0.55678569477829,0.23631945265696,0.253388567370866,8.32058176539474,2.77083697576869,93424.1334864712,65379,1,0.348352256811632,2080,64,2,1,6.5,9.5,8.8,11.2
256,16,20464639,greedy_combined_B7,greedy_combined,7,7,weak_secondary,0.99,150,0.3,0.83,0.37,30,0.990267780026559,7.62,8.34,10.12,10.36,7.585,8.415,10.125,10.495,1,1,1,1,0.0585234995535977,0.0955248658727151,-0.0199999999999996,-0.109999999999999,-0.0700000000000021,-0.130000000000001,0.130000000000001,0.24,0.370000000000001,0,0,0.55678569477829,0.23631945265696,0.253388567370866,8.32058176539474,2.77083697576869,93424.7706777272,65379,1,0.348352256811632,2080,64,2,1,6.5,9.5,8.8,11.2
257,17,20464640,greedy_combined_B7,greedy_combined,7,7,weak_secondary,0.99,150,0.3,0.83,0.37,30,0.989903908798245,7.62,8.34,10.12,10.36,7.585,8.415,10.125,10.495,1,1,1,1,0.0585234995535977,0.0955248658727151,-0.0199999999999996,-0.109999999999999,-0.0700000000000021,-0.130000000000001,0.130000000000001,0.24,0.370000000000001,0,0,0.55678569477829,0.23631945265696,0.253388567370866,8.32058176539474,2.77083697576869,93416.1328879658,65379,1,0.348352256811632,2080,64,2,1,6.5,9.5,8.8,11.2
258,18,20464641,greedy_combined_B7,greedy_combined,7,7,weak_secondary,0.99,150,0.3,0.83,0.37,30,0.99001917794298,7.62,8.34,10.12,10.36,7.585,8.415,10.125,10.495,1,1,1,1,0.0585234995535977,0.0955248658727151,-0.0199999999999996,-0.109999999999999,-0.0700000000000021,-0.130000000000001,0.130000000000001,0.24,0.370000000000001,0,0,0.55678569477829,0.23631945265696,0.253388567370866,8.32058176539474,2.77083697576869,93409.5103073957,65379,1,0.348352256811632,2080,64,2,1,6.5,9.5,8.8,11.2
259,19,20464642,greedy_combined_B7,greedy_combined,7,7,weak_secondary,0.99,150,0.3,0.83,0.37,30,0.989985786249797,7.62,8.34,10.12,10.36,7.585,8.415,10.125,10.495,1,1,1,1,0.0585234995535977,0.0955248658727151,-0.0199999999999996,-0.109999999999999,-0.0700000000000021,-0.130000000000001,0.130000000000001,0.24,0.370000000000001,0,0,0.55678569477829,0.23631945265696,0.253388567370866,8.32058176539474,2.77083697576869,93422.9722033115,65379,1,0.348352256811632,2080,64,2,1,6.5,9.5,8.8,11.2
260,20,20464643,greedy_combined_B7,greedy_combined,7,7,weak_secondary,0.99,150,0.3,0.83,0.37,30,0.99007566479551,7.62,8.34,10.12,10.36,7.585,8.415,10.125,10.495,1,1,1,1,0.0585234995535977,0.0955248658727151,-0.0199999999999996,-0.109999999999999,-0.0700000000000021,-0.130000000000001,0.130000000000001,0.24,0.370000000000001,0,0,0.55678569477829,0.23631945265696,0.253388567370866,8.32058176539474,2.77083697576869,93413.7374403463,65379,1,0.348352256811632,2080,64,2,1,6.5,9.5,8.8,11.2
261,21,20464644,greedy_combined_B7,greedy_combined,7,7,weak_secondary,0.99,150,0.3,0.83,0.37,30,0.990041097187005,7.62,8.34,10.12,10.36,7.585,8.415,10.125,10.495,1,1,1,1,0.0585234995535977,0.0955248658727151,-0.0199999999999996,-0.109999999999999,-0.0700000000000021,-0.130000000000001,0.130000000000001,0.24,0.370000000000001,0,0,0.55678569477829,0.23631945265696,0.253388567370866,8.32058176539474,2.77083697576869,93442.004794336,65379,1,0.348352256811632,2080,64,2,1,6.5,9.5,8.8,11.2
262,22,20464645,greedy_combined_B7,greedy_combined,7,7,weak_secondary,0.99,150,0.3,0.83,0.37,30,0.990227435894787,7.62,8.34,10.12,10.36,7.585,8.415,10.125,10.495,1,1,1,1,0.0585234995535977,0.0955248658727151,-0.0199999999999996,-0.109999999999999,-0.0700000000000021,-0.130000000000001,0.130000000000001,0.24,0.370000000000001,0,0,0.55678569477829,0.23631945265696,0.253388567370866,8.32058176539474,2.77083697576869,93441.9198274654,65379,1,0.348352256811632,2080,64,2,1,6.5,9.5,8.8,11.2
263,23,20464646,greedy_combined_B7,greedy_combined,7,7,weak_secondary,0.99,150,0.3,0.83,0.37,30,0.990266483255302,7.62,8.34,10.12,10.36,7.585,8.415,10.125,10.495,1,1,1,1,0.0585234995535977,0.0955248658727151,-0.0199999999999996,-0.109999999999999,-0.0700000000000021,-0.130000000000001,0.130000000000001,0.24,0.370000000000001,0,0,0.55678569477829,0.23631945265696,0.253388567370866,8.32058176539474,2.77083697576869,93426.8944240648,65379,1,0.348352256811632,2080,64,2,1,6.5,9.5,8.8,11.2
264,24,20464647,greedy_combined_B7,greedy_combined,7,7,weak_secondary,0.99,150,0.3,0.83,0.37,30,0.989878995959491,7.62,8.34,10.12,10.36,7.585,8.415,10.125,10.495,1,1,1,1,0.0585234995535977,0.0955248658727151,-0.0199999999999996,-0.109999999999999,-0.0700000000000021,-0.130000000000001,0.130000000000001,0.24,0.370000000000001,0,0,0.55678569477829,0.23631945265696,0.253388567370866,8.32058176539474,2.77083697576869,93416.9725035137,65379,1,0.348352256811632,2080,64,2,1,6.5,9.5,8.8,11.2
265,25,20464648,greedy_combined_B7,greedy_combined,7,7,weak_secondary,0.99,150,0.3,0.83,0.37,30,0.989926388035983,7.62,8.34,10.12,10.36,7.585,8.415,10.125,10.495,1,1,1,1,0.0585234995535977,0.0955248658727151,-0.0199999999999996,-0.109999999999999,-0.0700000000000021,-0.130000000000001,0.130000000000001,0.24,0.370000000000001,0,0,0.55678569477829,0.23631945265696,0.253388567370866,8.32058176539474,2.77083697576869,93402.6291744779,65379,1,0.348352256811632,2080,64,2,1,6.5,9.5,8.8,11.2
266,26,20464649,greedy_combined_B7,greedy_combined,7,7,weak_secondary,0.99,150,0.3,0.83,0.37,30,0.990202012799973,7.62,8.34,10.12,10.36,7.585,8.415,10.125,10.495,1,1,1,1,0.0585234995535977,0.0955248658727151,-0.0199999999999996,-0.109999999999999,-0.0700000000000021,-0.130000000000001,0.130000000000001,0.24,0.370000000000001,0,0,0.55678569477829,0.23631945265696,0.253388567370866,8.32058176539474,2.77083697576869,93398.7637234436,65379,1,0.348352256811632,2080,64,2,1,6.5,9.5,8.8,11.2
267,27,20464650,greedy_combined_B7,greedy_combined,7,7,weak_secondary,0.99,150,0.3,0.83,0.37,30,0.990144280023786,7.62,8.34,10.12,10.36,7.585,8.415,10.125,10.495,1,1,1,1,0.0585234995535977,0.0955248658727151,-0.0199999999999996,-0.109999999999999,-0.0700000000000021,-0.130000000000001,0.130000000000001,0.24,0.370000000000001,0,0,0.55678569477829,0.23631945265696,0.253388567370866,8.32058176539474,2.77083697576869,93450.5066391195,65379,1,0.348352256811632,2080,64,2,1,6.5,9.5,8.8,11.2
268,28,20464651,greedy_combined_B7,greedy_combined,7,7,weak_secondary,0.99,150,0.3,0.83,0.37,30,0.989843678217731,7.62,8.34,10.12,10.36,7.585,8.415,10.125,10.495,1,1,1,1,0.0585234995535977,0.0955248658727151,-0.0199999999999996,-0.109999999999999,-0.0700000000000021,-0.130000000000001,0.130000000000001,0.24,0.370000000000001,0,0,0.55678569477829,0.23631945265696,0.253388567370866,8.32058176539474,2.77083697576869,93429.185446645,65379,1,0.348352256811632,2080,64,2,1,6.5,9.5,8.8,11.2
269,29,20464652,greedy_combined_B7,greedy_combined,7,7,weak_secondary,0.99,150,0.3,0.83,0.37,30,0.98985211897246,7.62,8.34,10.12,10.36,7.585,8.415,10.125,10.495,1,1,1,1,0.0585234995535977,0.0955248658727151,-0.0199999999999996,-0.109999999999999,-0.0700000000000021,-0.130000000000001,0.130000000000001,0.24,0.370000000000001,0,0,0.55678569477829,0.23631945265696,0.253388567370866,8.32058176539474,2.77083697576869,93408.1705494677,65379,1,0.348352256811632,2080,64,2,1,6.5,9.5,8.8,11.2
270,30,20464653,greedy_combined_B7,greedy_combined,7,7,weak_secondary,0.99,150,0.3,0.83,0.37,30,0.989868560564446,7.62,8.34,10.12,10.36,7.585,8.415,10.125,10.495,1,1,1,1,0.0585234995535977,0.0955248658727151,-0.0199999999999996,-0.109999999999999,-0.0700000000000021,-0.130000000000001,0.130000000000001,0.24,0.370000000000001,0,0,0.55678569477829,0.23631945265696,0.253388567370866,8.32058176539474,2.77083697576869,93424.2346319991,65379,1,0.348352256811632,2080,64,2,1,6.5,9.5,8.8,11.2
271,1,20465624,greedy_combined_B7,greedy_combined,7,7,low_snr_hard,1,150,0.3,0.83,0.37,20,1,7.62,8.34,10.12,10.36,7.585,8.415,10.125,10.495,1,1,1,1,0.0585234995535977,0.0955248658727151,-0.0199999999999996,-0.109999999999999,-0.0700000000000021,-0.130000000000001,0.130000000000001,0.24,0.370000000000001,0,0,0.55678569477829,0.23631945265696,0.253388567370866,8.32058176539474,2.77083697576869,93268.3746077218,65379,1,0.348352256811632,2080,64,2,1,6.5,9.5,8.8,11.2
272,2,20465625,greedy_combined_B7,greedy_combined,7,7,low_snr_hard,1,150,0.3,0.83,0.37,20,1,7.62,8.34,10.12,10.36,7.585,8.415,10.125,10.495,1,1,1,1,0.0585234995535977,0.0955248658727151,-0.0199999999999996,-0.109999999999999,-0.0700000000000021,-0.130000000000001,0.130000000000001,0.24,0.370000000000001,0,0,0.55678569477829,0.23631945265696,0.253388567370866,8.32058176539474,2.77083697576869,93235.7498626553,65379,1,0.348352256811632,2080,64,2,1,6.5,9.5,8.8,11.2
273,3,20465626,greedy_combined_B7,greedy_combined,7,7,low_snr_hard,1,150,0.3,0.83,0.37,20,1,7.62,8.34,10.12,10.36,7.585,8.415,10.125,10.495,1,1,1,1,0.0585234995535977,0.0955248658727151,-0.0199999999999996,-0.109999999999999,-0.0700000000000021,-0.130000000000001,0.130000000000001,0.24,0.370000000000001,0,0,0.55678569477829,0.23631945265696,0.253388567370866,8.32058176539474,2.77083697576869,93157.6536061518,65379,1,0.348352256811632,2080,64,2,1,6.5,9.5,8.8,11.2
274,4,20465627,greedy_combined_B7,greedy_combined,7,7,low_snr_hard,1,150,0.3,0.83,0.37,20,1,7.62,8.34,10.12,10.36,7.585,8.415,10.125,10.495,1,1,1,1,0.0585234995535977,0.0955248658727151,-0.0199999999999996,-0.109999999999999,-0.0700000000000021,-0.130000000000001,0.130000000000001,0.24,0.370000000000001,0,0,0.55678569477829,0.23631945265696,0.253388567370866,8.32058176539474,2.77083697576869,93185.5677320996,65379,1,0.348352256811632,2080,64,2,1,6.5,9.5,8.8,11.2
275,5,20465628,greedy_combined_B7,greedy_combined,7,7,low_snr_hard,1,150,0.3,0.83,0.37,20,1,7.62,8.34,10.12,10.36,7.585,8.415,10.125,10.495,1,1,1,1,0.0585234995535977,0.0955248658727151,-0.0199999999999996,-0.109999999999999,-0.0700000000000021,-0.130000000000001,0.130000000000001,0.24,0.370000000000001,0,0,0.55678569477829,0.23631945265696,0.253388567370866,8.32058176539474,2.77083697576869,93178.6050816655,65379,1,0.348352256811632,2080,64,2,1,6.5,9.5,8.8,11.2
276,6,20465629,greedy_combined_B7,greedy_combined,7,7,low_snr_hard,1,150,0.3,0.83,0.37,20,1,7.62,8.34,10.12,10.36,7.585,8.415,10.125,10.495,1,1,1,1,0.0585234995535977,0.0955248658727151,-0.0199999999999996,-0.109999999999999,-0.0700000000000021,-0.130000000000001,0.130000000000001,0.24,0.370000000000001,0,0,0.55678569477829,0.23631945265696,0.253388567370866,8.32058176539474,2.77083697576869,93242.3396932712,65379,1,0.348352256811632,2080,64,2,1,6.5,9.5,8.8,11.2
277,7,20465630,greedy_combined_B7,greedy_combined,7,7,low_snr_hard,1,150,0.3,0.83,0.37,20,1,7.62,8.34,10.12,10.36,7.585,8.415,10.125,10.495,1,1,1,1,0.0585234995535977,0.0955248658727151,-0.0199999999999996,-0.109999999999999,-0.0700000000000021,-0.130000000000001,0.130000000000001,0.24,0.370000000000001,0,0,0.55678569477829,0.23631945265696,0.253388567370866,8.32058176539474,2.77083697576869,93246.6890371788,65379,1,0.348352256811632,2080,64,2,1,6.5,9.5,8.8,11.2
278,8,20465631,greedy_combined_B7,greedy_combined,7,7,low_snr_hard,1,150,0.3,0.83,0.37,20,1,7.62,8.34,10.12,10.36,7.585,8.415,10.125,10.495,1,1,1,1,0.0585234995535977,0.0955248658727151,-0.0199999999999996,-0.109999999999999,-0.0700000000000021,-0.130000000000001,0.130000000000001,0.24,0.370000000000001,0,0,0.55678569477829,0.23631945265696,0.253388567370866,8.32058176539474,2.77083697576869,93321.0757184262,65379,1,0.348352256811632,2080,64,2,1,6.5,9.5,8.8,11.2
279,9,20465632,greedy_combined_B7,greedy_combined,7,7,low_snr_hard,1,150,0.3,0.83,0.37,20,1,7.62,8.34,10.12,10.36,7.585,8.415,10.125,10.495,1,1,1,1,0.0585234995535977,0.0955248658727151,-0.0199999999999996,-0.109999999999999,-0.0700000000000021,-0.130000000000001,0.130000000000001,0.24,0.370000000000001,0,0,0.55678569477829,0.23631945265696,0.253388567370866,8.32058176539474,2.77083697576869,93214.9019146353,65379,1,0.348352256811632,2080,64,2,1,6.5,9.5,8.8,11.2
280,10,20465633,greedy_combined_B7,greedy_combined,7,7,low_snr_hard,1,150,0.3,0.83,0.37,20,1,7.62,8.34,10.12,10.36,7.585,8.415,10.125,10.495,1,1,1,1,0.0585234995535977,0.0955248658727151,-0.0199999999999996,-0.109999999999999,-0.0700000000000021,-0.130000000000001,0.130000000000001,0.24,0.370000000000001,0,0,0.55678569477829,0.23631945265696,0.253388567370866,8.32058176539474,2.77083697576869,93210.7201068938,65379,1,0.348352256811632,2080,64,2,1,6.5,9.5,8.8,11.2
281,11,20465634,greedy_combined_B7,greedy_combined,7,7,low_snr_hard,1,150,0.3,0.83,0.37,20,0.999999999999999,7.62,8.34,10.12,10.36,7.585,8.415,10.125,10.495,1,1,1,1,0.0585234995535977,0.0955248658727151,-0.0199999999999996,-0.109999999999999,-0.0700000000000021,-0.130000000000001,0.130000000000001,0.24,0.370000000000001,0,0,0.55678569477829,0.23631945265696,0.253388567370866,8.32058176539474,2.77083697576869,93243.2790595392,65379,1,0.348352256811632,2080,64,2,1,6.5,9.5,8.8,11.2
282,12,20465635,greedy_combined_B7,greedy_combined,7,7,low_snr_hard,1,150,0.3,0.83,0.37,20,1,7.62,8.34,10.12,10.36,7.585,8.415,10.125,10.495,1,1,1,1,0.0585234995535977,0.0955248658727151,-0.0199999999999996,-0.109999999999999,-0.0700000000000021,-0.130000000000001,0.130000000000001,0.24,0.370000000000001,0,0,0.55678569477829,0.23631945265696,0.253388567370866,8.32058176539474,2.77083697576869,93196.1120755391,65379,1,0.348352256811632,2080,64,2,1,6.5,9.5,8.8,11.2
283,13,20465636,greedy_combined_B7,greedy_combined,7,7,low_snr_hard,1,150,0.3,0.83,0.37,20,1,7.62,8.34,10.12,10.36,7.585,8.415,10.125,10.495,1,1,1,1,0.0585234995535977,0.0955248658727151,-0.0199999999999996,-0.109999999999999,-0.0700000000000021,-0.130000000000001,0.130000000000001,0.24,0.370000000000001,0,0,0.55678569477829,0.23631945265696,0.253388567370866,8.32058176539474,2.77083697576869,93223.9991363477,65379,1,0.348352256811632,2080,64,2,1,6.5,9.5,8.8,11.2
284,14,20465637,greedy_combined_B7,greedy_combined,7,7,low_snr_hard,1,150,0.3,0.83,0.37,20,1,7.62,8.34,10.12,10.36,7.585,8.415,10.125,10.495,1,1,1,1,0.0585234995535977,0.0955248658727151,-0.0199999999999996,-0.109999999999999,-0.0700000000000021,-0.130000000000001,0.130000000000001,0.24,0.370000000000001,0,0,0.55678569477829,0.23631945265696,0.253388567370866,8.32058176539474,2.77083697576869,93168.795117273,65379,1,0.348352256811632,2080,64,2,1,6.5,9.5,8.8,11.2
285,15,20465638,greedy_combined_B7,greedy_combined,7,7,low_snr_hard,1,150,0.3,0.83,0.37,20,1,7.62,8.34,10.12,10.36,7.585,8.415,10.125,10.495,1,1,1,1,0.0585234995535977,0.0955248658727151,-0.0199999999999996,-0.109999999999999,-0.0700000000000021,-0.130000000000001,0.130000000000001,0.24,0.370000000000001,0,0,0.55678569477829,0.23631945265696,0.253388567370866,8.32058176539474,2.77083697576869,93121.8679861954,65379,1,0.348352256811632,2080,64,2,1,6.5,9.5,8.8,11.2
286,16,20465639,greedy_combined_B7,greedy_combined,7,7,low_snr_hard,1,150,0.3,0.83,0.37,20,1,7.62,8.34,10.12,10.36,7.585,8.415,10.125,10.495,1,1,1,1,0.0585234995535977,0.0955248658727151,-0.0199999999999996,-0.109999999999999,-0.0700000000000021,-0.130000000000001,0.130000000000001,0.24,0.370000000000001,0,0,0.55678569477829,0.23631945265696,0.253388567370866,8.32058176539474,2.77083697576869,93231.7528204591,65379,1,0.348352256811632,2080,64,2,1,6.5,9.5,8.8,11.2
287,17,20465640,greedy_combined_B7,greedy_combined,7,7,low_snr_hard,1,150,0.3,0.83,0.37,20,1,7.62,8.34,10.12,10.36,7.585,8.415,10.125,10.495,1,1,1,1,0.0585234995535977,0.0955248658727151,-0.0199999999999996,-0.109999999999999,-0.0700000000000021,-0.130000000000001,0.130000000000001,0.24,0.370000000000001,0,0,0.55678569477829,0.23631945265696,0.253388567370866,8.32058176539474,2.77083697576869,93227.6060069441,65379,1,0.348352256811632,2080,64,2,1,6.5,9.5,8.8,11.2
288,18,20465641,greedy_combined_B7,greedy_combined,7,7,low_snr_hard,1,150,0.3,0.83,0.37,20,1,7.62,8.34,10.12,10.36,7.585,8.415,10.125,10.495,1,1,1,1,0.0585234995535977,0.0955248658727151,-0.0199999999999996,-0.109999999999999,-0.0700000000000021,-0.130000000000001,0.130000000000001,0.24,0.370000000000001,0,0,0.55678569477829,0.23631945265696,0.253388567370866,8.32058176539474,2.77083697576869,93190.9365332799,65379,1,0.348352256811632,2080,64,2,1,6.5,9.5,8.8,11.2
289,19,20465642,greedy_combined_B7,greedy_combined,7,7,low_snr_hard,1,150,0.3,0.83,0.37,20,1,7.62,8.34,10.12,10.36,7.585,8.415,10.125,10.495,1,1,1,1,0.0585234995535977,0.0955248658727151,-0.0199999999999996,-0.109999999999999,-0.0700000000000021,-0.130000000000001,0.130000000000001,0.24,0.370000000000001,0,0,0.55678569477829,0.23631945265696,0.253388567370866,8.32058176539474,2.77083697576869,93166.3031910716,65379,1,0.348352256811632,2080,64,2,1,6.5,9.5,8.8,11.2
290,20,20465643,greedy_combined_B7,greedy_combined,7,7,low_snr_hard,1,150,0.3,0.83,0.37,20,1,7.62,8.34,10.12,10.36,7.585,8.415,10.125,10.495,1,1,1,1,0.0585234995535977,0.0955248658727151,-0.0199999999999996,-0.109999999999999,-0.0700000000000021,-0.130000000000001,0.130000000000001,0.24,0.370000000000001,0,0,0.55678569477829,0.23631945265696,0.253388567370866,8.32058176539474,2.77083697576869,93159.446050182,65379,1,0.348352256811632,2080,64,2,1,6.5,9.5,8.8,11.2
291,21,20465644,greedy_combined_B7,greedy_combined,7,7,low_snr_hard,1,150,0.3,0.83,0.37,20,1,7.62,8.34,10.12,10.36,7.585,8.415,10.125,10.495,1,1,1,1,0.0585234995535977,0.0955248658727151,-0.0199999999999996,-0.109999999999999,-0.0700000000000021,-0.130000000000001,0.130000000000001,0.24,0.370000000000001,0,0,0.55678569477829,0.23631945265696,0.253388567370866,8.32058176539474,2.77083697576869,93236.184354286,65379,1,0.348352256811632,2080,64,2,1,6.5,9.5,8.8,11.2
292,22,20465645,greedy_combined_B7,greedy_combined,7,7,low_snr_hard,1,150,0.3,0.83,0.37,20,1,7.62,8.34,10.12,10.36,7.585,8.415,10.125,10.495,1,1,1,1,0.0585234995535977,0.0955248658727151,-0.0199999999999996,-0.109999999999999,-0.0700000000000021,-0.130000000000001,0.130000000000001,0.24,0.370000000000001,0,0,0.55678569477829,0.23631945265696,0.253388567370866,8.32058176539474,2.77083697576869,93216.7219659243,65379,1,0.348352256811632,2080,64,2,1,6.5,9.5,8.8,11.2
293,23,20465646,greedy_combined_B7,greedy_combined,7,7,low_snr_hard,1,150,0.3,0.83,0.37,20,1,7.62,8.34,10.12,10.36,7.585,8.415,10.125,10.495,1,1,1,1,0.0585234995535977,0.0955248658727151,-0.0199999999999996,-0.109999999999999,-0.0700000000000021,-0.130000000000001,0.130000000000001,0.24,0.370000000000001,0,0,0.55678569477829,0.23631945265696,0.253388567370866,8.32058176539474,2.77083697576869,93189.5475822918,65379,1,0.348352256811632,2080,64,2,1,6.5,9.5,8.8,11.2
294,24,20465647,greedy_combined_B7,greedy_combined,7,7,low_snr_hard,1,150,0.3,0.83,0.37,20,1,7.62,8.34,10.12,10.36,7.585,8.415,10.125,10.495,1,1,1,1,0.0585234995535977,0.0955248658727151,-0.0199999999999996,-0.109999999999999,-0.0700000000000021,-0.130000000000001,0.130000000000001,0.24,0.370000000000001,0,0,0.55678569477829,0.23631945265696,0.253388567370866,8.32058176539474,2.77083697576869,93153.5416938241,65379,1,0.348352256811632,2080,64,2,1,6.5,9.5,8.8,11.2
295,25,20465648,greedy_combined_B7,greedy_combined,7,7,low_snr_hard,1,150,0.3,0.83,0.37,20,1,7.62,8.34,10.12,10.36,7.585,8.415,10.125,10.495,1,1,1,1,0.0585234995535977,0.0955248658727151,-0.0199999999999996,-0.109999999999999,-0.0700000000000021,-0.130000000000001,0.130000000000001,0.24,0.370000000000001,0,0,0.55678569477829,0.23631945265696,0.253388567370866,8.32058176539474,2.77083697576869,93222.3433320506,65379,1,0.348352256811632,2080,64,2,1,6.5,9.5,8.8,11.2
296,26,20465649,greedy_combined_B7,greedy_combined,7,7,low_snr_hard,1,150,0.3,0.83,0.37,20,1,7.62,8.34,10.12,10.36,7.585,8.415,10.125,10.495,1,1,1,1,0.0585234995535977,0.0955248658727151,-0.0199999999999996,-0.109999999999999,-0.0700000000000021,-0.130000000000001,0.130000000000001,0.24,0.370000000000001,0,0,0.55678569477829,0.23631945265696,0.253388567370866,8.32058176539474,2.77083697576869,93095.9170858022,65379,1,0.348352256811632,2080,64,2,1,6.5,9.5,8.8,11.2
297,27,20465650,greedy_combined_B7,greedy_combined,7,7,low_snr_hard,1,150,0.3,0.83,0.37,20,1,7.62,8.34,10.12,10.36,7.585,8.415,10.125,10.495,1,1,1,1,0.0585234995535977,0.0955248658727151,-0.0199999999999996,-0.109999999999999,-0.0700000000000021,-0.130000000000001,0.130000000000001,0.24,0.370000000000001,0,0,0.55678569477829,0.23631945265696,0.253388567370866,8.32058176539474,2.77083697576869,93229.1284162173,65379,1,0.348352256811632,2080,64,2,1,6.5,9.5,8.8,11.2
298,28,20465651,greedy_combined_B7,greedy_combined,7,7,low_snr_hard,1,150,0.3,0.83,0.37,20,1,7.62,8.34,10.12,10.36,7.585,8.415,10.125,10.495,1,1,1,1,0.0585234995535977,0.0955248658727151,-0.0199999999999996,-0.109999999999999,-0.0700000000000021,-0.130000000000001,0.130000000000001,0.24,0.370000000000001,0,0,0.55678569477829,0.23631945265696,0.253388567370866,8.32058176539474,2.77083697576869,93325.0323580654,65379,1,0.348352256811632,2080,64,2,1,6.5,9.5,8.8,11.2
299,29,20465652,greedy_combined_B7,greedy_combined,7,7,low_snr_hard,1,150,0.3,0.83,0.37,20,1,7.62,8.34,10.12,10.36,7.585,8.415,10.125,10.495,1,1,1,1,0.0585234995535977,0.0955248658727151,-0.0199999999999996,-0.109999999999999,-0.0700000000000021,-0.130000000000001,0.130000000000001,0.24,0.370000000000001,0,0,0.55678569477829,0.23631945265696,0.253388567370866,8.32058176539474,2.77083697576869,93165.3459646906,65379,1,0.348352256811632,2080,64,2,1,6.5,9.5,8.8,11.2
300,30,20465653,greedy_combined_B7,greedy_combined,7,7,low_snr_hard,1,150,0.3,0.83,0.37,20,1,7.62,8.34,10.12,10.36,7.585,8.415,10.125,10.495,1,1,1,1,0.0585234995535977,0.0955248658727151,-0.0199999999999996,-0.109999999999999,-0.0700000000000021,-0.130000000000001,0.130000000000001,0.24,0.370000000000001,0,0,0.55678569477829,0.23631945265696,0.253388567370866,8.32058176539474,2.77083697576869,93187.3844878669,65379,1,0.348352256811632,2080,64,2,1,6.5,9.5,8.8,11.2
301,1,20561624,greedy_combined_B9,greedy_combined,9,9,easy_noncoherent,0,0,1,1.27,0.67,30,0.11812202810677,7.38,8.66,10,10.48,7.365,8.635,9.975,10.645,1,1,1,1,0.0206155281280884,0.118004237212061,0.0199999999999996,0.0100000000000007,-0.0700000000000021,-0.190000000000003,0.190000000000003,0.479999999999999,0.670000000000002,0,0,0.526167737478049,0.243033547406603,0.251544614610716,9.19378568099996,1.29408323351808,207857.18343508,65379,1,0.114581304303198,2080,64,2,1,6.5,9.5,8.8,11.2
302,2,20561625,greedy_combined_B9,greedy_combined,9,9,easy_noncoherent,0,0,1,1.27,0.67,30,0.130140235194949,7.38,8.66,10,10.48,7.365,8.635,9.975,10.645,1,1,1,1,0.0206155281280884,0.118004237212061,0.0199999999999996,0.0100000000000007,-0.0700000000000021,-0.190000000000003,0.190000000000003,0.479999999999999,0.670000000000002,0,0,0.526167737478049,0.243033547406603,0.251544614610716,9.19378568099996,1.29408323351808,210063.828245617,65379,1,0.114581304303198,2080,64,2,1,6.5,9.5,8.8,11.2
303,3,20561626,greedy_combined_B9,greedy_combined,9,9,easy_noncoherent,0,0,1,1.27,0.67,30,0.135029040794498,7.38,8.66,10,10.48,7.365,8.635,9.975,10.645,1,1,1,1,0.0206155281280884,0.118004237212061,0.0199999999999996,0.0100000000000007,-0.0700000000000021,-0.190000000000003,0.190000000000003,0.479999999999999,0.670000000000002,0,0,0.526167737478049,0.243033547406603,0.251544614610716,9.19378568099996,1.29408323351808,204526.082758378,65379,1,0.114581304303198,2080,64,2,1,6.5,9.5,8.8,11.2
304,4,20561627,greedy_combined_B9,greedy_combined,9,9,easy_noncoherent,0,0,1,1.27,0.67,30,0.144562914910586,7.38,8.66,10,10.48,7.365,8.635,9.975,10.645,1,1,1,1,0.0206155281280884,0.118004237212061,0.0199999999999996,0.0100000000000007,-0.0700000000000021,-0.190000000000003,0.190000000000003,0.479999999999999,0.670000000000002,0,0,0.526167737478049,0.243033547406603,0.251544614610716,9.19378568099996,1.29408323351808,203971.815337875,65379,1,0.114581304303198,2080,64,2,1,6.5,9.5,8.8,11.2
305,5,20561628,greedy_combined_B9,greedy_combined,9,9,easy_noncoherent,0,0,1,1.27,0.67,30,0.117083255462556,7.38,8.66,10,10.48,7.365,8.635,9.975,10.645,1,1,1,1,0.0206155281280884,0.118004237212061,0.0199999999999996,0.0100000000000007,-0.0700000000000021,-0.190000000000003,0.190000000000003,0.479999999999999,0.670000000000002,0,0,0.526167737478049,0.243033547406603,0.251544614610716,9.19378568099996,1.29408323351808,206293.504657529,65379,1,0.114581304303198,2080,64,2,1,6.5,9.5,8.8,11.2
306,6,20561629,greedy_combined_B9,greedy_combined,9,9,easy_noncoherent,0,0,1,1.27,0.67,30,0.131317864274035,7.38,8.66,10,10.48,7.365,8.635,9.975,10.645,1,1,1,1,0.0206155281280884,0.118004237212061,0.0199999999999996,0.0100000000000007,-0.0700000000000021,-0.190000000000003,0.190000000000003,0.479999999999999,0.670000000000002,0,0,0.526167737478049,0.243033547406603,0.251544614610716,9.19378568099996,1.29408323351808,207357.904846501,65379,1,0.114581304303198,2080,64,2,1,6.5,9.5,8.8,11.2
307,7,20561630,greedy_combined_B9,greedy_combined,9,9,easy_noncoherent,0,0,1,1.27,0.67,30,0.132231853466405,7.38,8.66,10,10.48,7.365,8.635,9.975,10.645,1,1,1,1,0.0206155281280884,0.118004237212061,0.0199999999999996,0.0100000000000007,-0.0700000000000021,-0.190000000000003,0.190000000000003,0.479999999999999,0.670000000000002,0,0,0.526167737478049,0.243033547406603,0.251544614610716,9.19378568099996,1.29408323351808,210141.705926648,65379,1,0.114581304303198,2080,64,2,1,6.5,9.5,8.8,11.2
308,8,20561631,greedy_combined_B9,greedy_combined,9,9,easy_noncoherent,0,0,1,1.27,0.67,30,0.097235873932959,7.38,8.66,10,10.48,7.365,8.635,9.975,10.645,1,1,1,1,0.0206155281280884,0.118004237212061,0.0199999999999996,0.0100000000000007,-0.0700000000000021,-0.190000000000003,0.190000000000003,0.479999999999999,0.670000000000002,0,0,0.526167737478049,0.243033547406603,0.251544614610716,9.19378568099996,1.29408323351808,205037.329862467,65379,1,0.114581304303198,2080,64,2,1,6.5,9.5,8.8,11.2
309,9,20561632,greedy_combined_B9,greedy_combined,9,9,easy_noncoherent,0,0,1,1.27,0.67,30,0.0452275360423989,7.38,8.66,10,10.48,7.365,8.635,9.975,10.645,1,1,1,1,0.0206155281280884,0.118004237212061,0.0199999999999996,0.0100000000000007,-0.0700000000000021,-0.190000000000003,0.190000000000003,0.479999999999999,0.670000000000002,0,0,0.526167737478049,0.243033547406603,0.251544614610716,9.19378568099996,1.29408323351808,208101.83543906,65379,1,0.114581304303198,2080,64,2,1,6.5,9.5,8.8,11.2
310,10,20561633,greedy_combined_B9,greedy_combined,9,9,easy_noncoherent,0,0,1,1.27,0.67,30,0.146288469862704,7.38,8.66,10,10.48,7.365,8.635,9.975,10.645,1,1,1,1,0.0206155281280884,0.118004237212061,0.0199999999999996,0.0100000000000007,-0.0700000000000021,-0.190000000000003,0.190000000000003,0.479999999999999,0.670000000000002,0,0,0.526167737478049,0.243033547406603,0.251544614610716,9.19378568099996,1.29408323351808,203962.501525523,65379,1,0.114581304303198,2080,64,2,1,6.5,9.5,8.8,11.2
311,11,20561634,greedy_combined_B9,greedy_combined,9,9,easy_noncoherent,0,0,1,1.27,0.67,30,0.103128993034403,7.38,8.66,10,10.48,7.365,8.635,9.975,10.645,1,1,1,1,0.0206155281280884,0.118004237212061,0.0199999999999996,0.0100000000000007,-0.0700000000000021,-0.190000000000003,0.190000000000003,0.479999999999999,0.670000000000002,0,0,0.526167737478049,0.243033547406603,0.251544614610716,9.19378568099996,1.29408323351808,206688.904649356,65379,1,0.114581304303198,2080,64,2,1,6.5,9.5,8.8,11.2
312,12,20561635,greedy_combined_B9,greedy_combined,9,9,easy_noncoherent,0,0,1,1.27,0.67,30,0.133720742345293,7.38,8.66,10,10.48,7.365,8.635,9.975,10.645,1,1,1,1,0.0206155281280884,0.118004237212061,0.0199999999999996,0.0100000000000007,-0.0700000000000021,-0.190000000000003,0.190000000000003,0.479999999999999,0.670000000000002,0,0,0.526167737478049,0.243033547406603,0.251544614610716,9.19378568099996,1.29408323351808,209952.011788903,65379,1,0.114581304303198,2080,64,2,1,6.5,9.5,8.8,11.2
313,13,20561636,greedy_combined_B9,greedy_combined,9,9,easy_noncoherent,0,0,1,1.27,0.67,30,0.119117531693806,7.38,8.66,10,10.48,7.365,8.635,9.975,10.645,1,1,1,1,0.0206155281280884,0.118004237212061,0.0199999999999996,0.0100000000000007,-0.0700000000000021,-0.190000000000003,0.190000000000003,0.479999999999999,0.670000000000002,0,0,0.526167737478049,0.243033547406603,0.251544614610716,9.19378568099996,1.29408323351808,204219.429478361,65379,1,0.114581304303198,2080,64,2,1,6.5,9.5,8.8,11.2
314,14,20561637,greedy_combined_B9,greedy_combined,9,9,easy_noncoherent,0,0,1,1.27,0.67,30,0.155703353430856,7.38,8.66,10,10.48,7.365,8.635,9.975,10.645,1,1,1,1,0.0206155281280884,0.118004237212061,0.0199999999999996,0.0100000000000007,-0.0700000000000021,-0.190000000000003,0.190000000000003,0.479999999999999,0.670000000000002,0,0,0.526167737478049,0.243033547406603,0.251544614610716,9.19378568099996,1.29408323351808,206571.694429122,65379,1,0.114581304303198,2080,64,2,1,6.5,9.5,8.8,11.2
315,15,20561638,greedy_combined_B9,greedy_combined,9,9,easy_noncoherent,0,0,1,1.27,0.67,30,0.131308141144246,7.38,8.66,10,10.48,7.365,8.635,9.975,10.645,1,1,1,1,0.0206155281280884,0.118004237212061,0.0199999999999996,0.0100000000000007,-0.0700000000000021,-0.190000000000003,0.190000000000003,0.479999999999999,0.670000000000002,0,0,0.526167737478049,0.243033547406603,0.251544614610716,9.19378568099996,1.29408323351808,205278.974877649,65379,1,0.114581304303198,2080,64,2,1,6.5,9.5,8.8,11.2
316,16,20561639,greedy_combined_B9,greedy_combined,9,9,easy_noncoherent,0,0,1,1.27,0.67,30,0.103570055425221,7.38,8.66,10,10.48,7.365,8.635,9.975,10.645,1,1,1,1,0.0206155281280884,0.118004237212061,0.0199999999999996,0.0100000000000007,-0.0700000000000021,-0.190000000000003,0.190000000000003,0.479999999999999,0.670000000000002,0,0,0.526167737478049,0.243033547406603,0.251544614610716,9.19378568099996,1.29408323351808,208216.209596861,65379,1,0.114581304303198,2080,64,2,1,6.5,9.5,8.8,11.2
317,17,20561640,greedy_combined_B9,greedy_combined,9,9,easy_noncoherent,0,0,1,1.27,0.67,30,0.0612183183850447,7.38,8.66,10,10.48,7.365,8.635,9.975,10.645,1,1,1,1,0.0206155281280884,0.118004237212061,0.0199999999999996,0.0100000000000007,-0.0700000000000021,-0.190000000000003,0.190000000000003,0.479999999999999,0.670000000000002,0,0,0.526167737478049,0.243033547406603,0.251544614610716,9.19378568099996,1.29408323351808,205583.56650236,65379,1,0.114581304303198,2080,64,2,1,6.5,9.5,8.8,11.2
318,18,20561641,greedy_combined_B9,greedy_combined,9,9,easy_noncoherent,0,0,1,1.27,0.67,30,0.108500298841183,7.38,8.66,10,10.48,7.365,8.635,9.975,10.645,1,1,1,1,0.0206155281280884,0.118004237212061,0.0199999999999996,0.0100000000000007,-0.0700000000000021,-0.190000000000003,0.190000000000003,0.479999999999999,0.670000000000002,0,0,0.526167737478049,0.243033547406603,0.251544614610716,9.19378568099996,1.29408323351808,208095.167088837,65379,1,0.114581304303198,2080,64,2,1,6.5,9.5,8.8,11.2
319,19,20561642,greedy_combined_B9,greedy_combined,9,9,easy_noncoherent,0,0,1,1.27,0.67,30,0.0400113255103045,7.38,8.66,10,10.48,7.365,8.635,9.975,10.645,1,1,1,1,0.0206155281280884,0.118004237212061,0.0199999999999996,0.0100000000000007,-0.0700000000000021,-0.190000000000003,0.190000000000003,0.479999999999999,0.670000000000002,0,0,0.526167737478049,0.243033547406603,0.251544614610716,9.19378568099996,1.29408323351808,206144.257605714,65379,1,0.114581304303198,2080,64,2,1,6.5,9.5,8.8,11.2
320,20,20561643,greedy_combined_B9,greedy_combined,9,9,easy_noncoherent,0,0,1,1.27,0.67,30,0.119924335415797,7.38,8.66,10,10.48,7.365,8.635,9.975,10.645,1,1,1,1,0.0206155281280884,0.118004237212061,0.0199999999999996,0.0100000000000007,-0.0700000000000021,-0.190000000000003,0.190000000000003,0.479999999999999,0.670000000000002,0,0,0.526167737478049,0.243033547406603,0.251544614610716,9.19378568099996,1.29408323351808,209022.467178499,65379,1,0.114581304303198,2080,64,2,1,6.5,9.5,8.8,11.2
321,21,20561644,greedy_combined_B9,greedy_combined,9,9,easy_noncoherent,0,0,1,1.27,0.67,30,0.134060425249208,7.38,8.66,10,10.48,7.365,8.635,9.975,10.645,1,1,1,1,0.0206155281280884,0.118004237212061,0.0199999999999996,0.0100000000000007,-0.0700000000000021,-0.190000000000003,0.190000000000003,0.479999999999999,0.670000000000002,0,0,0.526167737478049,0.243033547406603,0.251544614610716,9.19378568099996,1.29408323351808,209904.261171607,65379,1,0.114581304303198,2080,64,2,1,6.5,9.5,8.8,11.2
322,22,20561645,greedy_combined_B9,greedy_combined,9,9,easy_noncoherent,0,0,1,1.27,0.67,30,0.0816174216303158,7.38,8.66,10,10.48,7.365,8.635,9.975,10.645,1,1,1,1,0.0206155281280884,0.118004237212061,0.0199999999999996,0.0100000000000007,-0.0700000000000021,-0.190000000000003,0.190000000000003,0.479999999999999,0.670000000000002,0,0,0.526167737478049,0.243033547406603,0.251544614610716,9.19378568099996,1.29408323351808,208946.82421767,65379,1,0.114581304303198,2080,64,2,1,6.5,9.5,8.8,11.2
323,23,20561646,greedy_combined_B9,greedy_combined,9,9,easy_noncoherent,0,0,1,1.27,0.67,30,0.0873042406321779,7.38,8.66,10,10.48,7.365,8.635,9.975,10.645,1,1,1,1,0.0206155281280884,0.118004237212061,0.0199999999999996,0.0100000000000007,-0.0700000000000021,-0.190000000000003,0.190000000000003,0.479999999999999,0.670000000000002,0,0,0.526167737478049,0.243033547406603,0.251544614610716,9.19378568099996,1.29408323351808,204920.662454409,65379,1,0.114581304303198,2080,64,2,1,6.5,9.5,8.8,11.2
324,24,20561647,greedy_combined_B9,greedy_combined,9,9,easy_noncoherent,0,0,1,1.27,0.67,30,0.257013655149852,7.38,8.66,10,10.48,7.365,8.635,9.975,10.645,1,1,1,1,0.0206155281280884,0.118004237212061,0.0199999999999996,0.0100000000000007,-0.0700000000000021,-0.190000000000003,0.190000000000003,0.479999999999999,0.670000000000002,0,0,0.526167737478049,0.243033547406603,0.251544614610716,9.19378568099996,1.29408323351808,212083.530089135,65379,1,0.114581304303198,2080,64,2,1,6.5,9.5,8.8,11.2
325,25,20561648,greedy_combined_B9,greedy_combined,9,9,easy_noncoherent,0,0,1,1.27,0.67,30,0.136551569755982,7.38,8.66,10,10.48,7.365,8.635,9.975,10.645,1,1,1,1,0.0206155281280884,0.118004237212061,0.0199999999999996,0.0100000000000007,-0.0700000000000021,-0.190000000000003,0.190000000000003,0.479999999999999,0.670000000000002,0,0,0.526167737478049,0.243033547406603,0.251544614610716,9.19378568099996,1.29408323351808,209689.065170235,65379,1,0.114581304303198,2080,64,2,1,6.5,9.5,8.8,11.2
326,26,20561649,greedy_combined_B9,greedy_combined,9,9,easy_noncoherent,0,0,1,1.27,0.67,30,0.0332854410577507,7.38,8.66,10,10.48,7.365,8.635,9.975,10.645,1,1,1,1,0.0206155281280884,0.118004237212061,0.0199999999999996,0.0100000000000007,-0.0700000000000021,-0.190000000000003,0.190000000000003,0.479999999999999,0.670000000000002,0,0,0.526167737478049,0.243033547406603,0.251544614610716,9.19378568099996,1.29408323351808,207609.743480046,65379,1,0.114581304303198,2080,64,2,1,6.5,9.5,8.8,11.2
327,27,20561650,greedy_combined_B9,greedy_combined,9,9,easy_noncoherent,0,0,1,1.27,0.67,30,0.0827696839909457,7.38,8.66,10,10.48,7.365,8.635,9.975,10.645,1,1,1,1,0.0206155281280884,0.118004237212061,0.0199999999999996,0.0100000000000007,-0.0700000000000021,-0.190000000000003,0.190000000000003,0.479999999999999,0.670000000000002,0,0,0.526167737478049,0.243033547406603,0.251544614610716,9.19378568099996,1.29408323351808,205118.025570656,65379,1,0.114581304303198,2080,64,2,1,6.5,9.5,8.8,11.2
328,28,20561651,greedy_combined_B9,greedy_combined,9,9,easy_noncoherent,0,0,1,1.27,0.67,30,0.063529151565415,7.38,8.66,10,10.48,7.365,8.635,9.975,10.645,1,1,1,1,0.0206155281280884,0.118004237212061,0.0199999999999996,0.0100000000000007,-0.0700000000000021,-0.190000000000003,0.190000000000003,0.479999999999999,0.670000000000002,0,0,0.526167737478049,0.243033547406603,0.251544614610716,9.19378568099996,1.29408323351808,207513.396364287,65379,1,0.114581304303198,2080,64,2,1,6.5,9.5,8.8,11.2
329,29,20561652,greedy_combined_B9,greedy_combined,9,9,easy_noncoherent,0,0,1,1.27,0.67,30,0.05010607982179,7.38,8.66,10,10.48,7.365,8.635,9.975,10.645,1,1,1,1,0.0206155281280884,0.118004237212061,0.0199999999999996,0.0100000000000007,-0.0700000000000021,-0.190000000000003,0.190000000000003,0.479999999999999,0.670000000000002,0,0,0.526167737478049,0.243033547406603,0.251544614610716,9.19378568099996,1.29408323351808,206864.79471255,65379,1,0.114581304303198,2080,64,2,1,6.5,9.5,8.8,11.2
330,30,20561653,greedy_combined_B9,greedy_combined,9,9,easy_noncoherent,0,0,1,1.27,0.67,30,0.0650309346388408,7.38,8.66,10,10.48,7.365,8.635,9.975,10.645,1,1,1,1,0.0206155281280884,0.118004237212061,0.0199999999999996,0.0100000000000007,-0.0700000000000021,-0.190000000000003,0.190000000000003,0.479999999999999,0.670000000000002,0,0,0.526167737478049,0.243033547406603,0.251544614610716,9.19378568099996,1.29408323351808,207573.691108107,65379,1,0.114581304303198,2080,64,2,1,6.5,9.5,8.8,11.2
331,1,20562624,greedy_combined_B9,greedy_combined,9,9,strong_coherent,0.99,5,1,1.27,0.37,30,0.990098287407746,7.38,8.66,10.12,10.6,7.365,8.635,10.125,10.495,1,1,1,1,0.0206155281280884,0.0743303437365916,0.0199999999999996,0.0100000000000007,0.0499999999999989,0.109999999999999,0.109999999999999,0.48,0.370000000000001,0,0,0.526167737478049,0.243033547406603,0.251544614610716,9.19378568099996,1.31036372333519,199290.245912902,65379,1,0.121474611504677,2080,64,2,1,6.5,9.5,8.8,11.2
332,2,20562625,greedy_combined_B9,greedy_combined,9,9,strong_coherent,0.99,5,1,1.27,0.37,30,0.990032281926446,7.38,8.66,10.12,10.6,7.365,8.635,10.125,10.495,1,1,1,1,0.0206155281280884,0.0743303437365916,0.0199999999999996,0.0100000000000007,0.0499999999999989,0.109999999999999,0.109999999999999,0.48,0.370000000000001,0,0,0.526167737478049,0.243033547406603,0.251544614610716,9.19378568099996,1.31036372333519,199348.110965452,65379,1,0.121474611504677,2080,64,2,1,6.5,9.5,8.8,11.2
333,3,20562626,greedy_combined_B9,greedy_combined,9,9,strong_coherent,0.99,5,1,1.27,0.37,30,0.989907598371816,7.38,8.66,10.12,10.6,7.365,8.635,10.125,10.495,1,1,1,1,0.0206155281280884,0.0743303437365916,0.0199999999999996,0.0100000000000007,0.0499999999999989,0.109999999999999,0.109999999999999,0.48,0.370000000000001,0,0,0.526167737478049,0.243033547406603,0.251544614610716,9.19378568099996,1.31036372333519,199728.300816989,65379,1,0.121474611504677,2080,64,2,1,6.5,9.5,8.8,11.2
334,4,20562627,greedy_combined_B9,greedy_combined,9,9,strong_coherent,0.99,5,1,1.27,0.37,30,0.990304233395849,7.38,8.66,10.12,10.6,7.365,8.635,10.125,10.495,1,1,1,1,0.0206155281280884,0.0743303437365916,0.0199999999999996,0.0100000000000007,0.0499999999999989,0.109999999999999,0.109999999999999,0.48,0.370000000000001,0,0,0.526167737478049,0.243033547406603,0.251544614610716,9.19378568099996,1.31036372333519,199344.124701227,65379,1,0.121474611504677,2080,64,2,1,6.5,9.5,8.8,11.2
335,5,20562628,greedy_combined_B9,greedy_combined,9,9,strong_coherent,0.99,5,1,1.27,0.37,30,0.990277966120559,7.38,8.66,10.12,10.6,7.365,8.635,10.125,10.495,1,1,1,1,0.0206155281280884,0.0743303437365916,0.0199999999999996,0.0100000000000007,0.0499999999999989,0.109999999999999,0.109999999999999,0.48,0.370000000000001,0,0,0.526167737478049,0.243033547406603,0.251544614610716,9.19378568099996,1.31036372333519,199863.193063188,65379,1,0.121474611504677,2080,64,2,1,6.5,9.5,8.8,11.2
336,6,20562629,greedy_combined_B9,greedy_combined,9,9,strong_coherent,0.99,5,1,1.27,0.37,30,0.99064634580685,7.38,8.66,10.12,10.6,7.365,8.635,10.125,10.495,1,1,1,1,0.0206155281280884,0.0743303437365916,0.0199999999999996,0.0100000000000007,0.0499999999999989,0.109999999999999,0.109999999999999,0.48,0.370000000000001,0,0,0.526167737478049,0.243033547406603,0.251544614610716,9.19378568099996,1.31036372333519,199228.903307338,65379,1,0.121474611504677,2080,64,2,1,6.5,9.5,8.8,11.2
337,7,20562630,greedy_combined_B9,greedy_combined,9,9,strong_coherent,0.99,5,1,1.27,0.37,30,0.990657205666219,7.38,8.66,10.12,10.6,7.365,8.635,10.125,10.495,1,1,1,1,0.0206155281280884,0.0743303437365916,0.0199999999999996,0.0100000000000007,0.0499999999999989,0.109999999999999,0.109999999999999,0.48,0.370000000000001,0,0,0.526167737478049,0.243033547406603,0.251544614610716,9.19378568099996,1.31036372333519,199551.744124325,65379,1,0.121474611504677,2080,64,2,1,6.5,9.5,8.8,11.2
338,8,20562631,greedy_combined_B9,greedy_combined,9,9,strong_coherent,0.99,5,1,1.27,0.37,30,0.989831499341363,7.38,8.66,10.12,10.6,7.365,8.635,10.125,10.495,1,1,1,1,0.0206155281280884,0.0743303437365916,0.0199999999999996,0.0100000000000007,0.0499999999999989,0.109999999999999,0.109999999999999,0.48,0.370000000000001,0,0,0.526167737478049,0.243033547406603,0.251544614610716,9.19378568099996,1.31036372333519,199574.32818254,65379,1,0.121474611504677,2080,64,2,1,6.5,9.5,8.8,11.2
339,9,20562632,greedy_combined_B9,greedy_combined,9,9,strong_coherent,0.99,5,1,1.27,0.37,30,0.990078422401639,7.38,8.66,10.12,10.6,7.365,8.635,10.125,10.495,1,1,1,1,0.0206155281280884,0.0743303437365916,0.0199999999999996,0.0100000000000007,0.0499999999999989,0.109999999999999,0.109999999999999,0.48,0.370000000000001,0,0,0.526167737478049,0.243033547406603,0.251544614610716,9.19378568099996,1.31036372333519,199529.738337477,65379,1,0.121474611504677,2080,64,2,1,6.5,9.5,8.8,11.2
340,10,20562633,greedy_combined_B9,greedy_combined,9,9,strong_coherent,0.99,5,1,1.27,0.37,30,0.990129482687286,7.38,8.66,10.12,10.6,7.365,8.635,10.125,10.495,1,1,1,1,0.0206155281280884,0.0743303437365916,0.0199999999999996,0.0100000000000007,0.0499999999999989,0.109999999999999,0.109999999999999,0.48,0.370000000000001,0,0,0.526167737478049,0.243033547406603,0.251544614610716,9.19378568099996,1.31036372333519,199625.78070561,65379,1,0.121474611504677,2080,64,2,1,6.5,9.5,8.8,11.2
341,11,20562634,greedy_combined_B9,greedy_combined,9,9,strong_coherent,0.99,5,1,1.27,0.37,30,0.99018493934702,7.38,8.66,10.12,10.6,7.365,8.635,10.125,10.495,1,1,1,1,0.0206155281280884,0.0743303437365916,0.0199999999999996,0.0100000000000007,0.0499999999999989,0.109999999999999,0.109999999999999,0.48,0.370000000000001,0,0,0.526167737478049,0.243033547406603,0.251544614610716,9.19378568099996,1.31036372333519,199679.320356716,65379,1,0.121474611504677,2080,64,2,1,6.5,9.5,8.8,11.2
342,12,20562635,greedy_combined_B9,greedy_combined,9,9,strong_coherent,0.99,5,1,1.27,0.37,30,0.989990840933536,7.38,8.66,10.12,10.6,7.365,8.635,10.125,10.495,1,1,1,1,0.0206155281280884,0.0743303437365916,0.0199999999999996,0.0100000000000007,0.0499999999999989,0.109999999999999,0.109999999999999,0.48,0.370000000000001,0,0,0.526167737478049,0.243033547406603,0.251544614610716,9.19378568099996,1.31036372333519,199892.844117391,65379,1,0.121474611504677,2080,64,2,1,6.5,9.5,8.8,11.2
343,13,20562636,greedy_combined_B9,greedy_combined,9,9,strong_coherent,0.99,5,1,1.27,0.37,30,0.99013117537848,7.38,8.66,10.12,10.6,7.365,8.635,10.125,10.495,1,1,1,1,0.0206155281280884,0.0743303437365916,0.0199999999999996,0.0100000000000007,0.0499999999999989,0.109999999999999,0.109999999999999,0.48,0.370000000000001,0,0,0.526167737478049,0.243033547406603,0.251544614610716,9.19378568099996,1.31036372333519,199423.313331454,65379,1,0.121474611504677,2080,64,2,1,6.5,9.5,8.8,11.2
344,14,20562637,greedy_combined_B9,greedy_combined,9,9,strong_coherent,0.99,5,1,1.27,0.37,30,0.99049562615554,7.38,8.66,10.12,10.6,7.365,8.635,10.125,10.495,1,1,1,1,0.0206155281280884,0.0743303437365916,0.0199999999999996,0.0100000000000007,0.0499999999999989,0.109999999999999,0.109999999999999,0.48,0.370000000000001,0,0,0.526167737478049,0.243033547406603,0.251544614610716,9.19378568099996,1.31036372333519,199371.746953337,65379,1,0.121474611504677,2080,64,2,1,6.5,9.5,8.8,11.2
345,15,20562638,greedy_combined_B9,greedy_combined,9,9,strong_coherent,0.99,5,1,1.27,0.37,30,0.989947439342981,7.38,8.66,10.12,10.6,7.365,8.635,10.125,10.495,1,1,1,1,0.0206155281280884,0.0743303437365916,0.0199999999999996,0.0100000000000007,0.0499999999999989,0.109999999999999,0.109999999999999,0.48,0.370000000000001,0,0,0.526167737478049,0.243033547406603,0.251544614610716,9.19378568099996,1.31036372333519,199995.196392623,65379,1,0.121474611504677,2080,64,2,1,6.5,9.5,8.8,11.2
346,16,20562639,greedy_combined_B9,greedy_combined,9,9,strong_coherent,0.99,5,1,1.27,0.37,30,0.990504763181992,7.38,8.66,10.12,10.6,7.365,8.635,10.125,10.495,1,1,1,1,0.0206155281280884,0.0743303437365916,0.0199999999999996,0.0100000000000007,0.0499999999999989,0.109999999999999,0.109999999999999,0.48,0.370000000000001,0,0,0.526167737478049,0.243033547406603,0.251544614610716,9.19378568099996,1.31036372333519,199896.36457762,65379,1,0.121474611504677,2080,64,2,1,6.5,9.5,8.8,11.2
347,17,20562640,greedy_combined_B9,greedy_combined,9,9,strong_coherent,0.99,5,1,1.27,0.37,30,0.989835333168809,7.38,8.66,10.12,10.6,7.365,8.635,10.125,10.495,1,1,1,1,0.0206155281280884,0.0743303437365916,0.0199999999999996,0.0100000000000007,0.0499999999999989,0.109999999999999,0.109999999999999,0.48,0.370000000000001,0,0,0.526167737478049,0.243033547406603,0.251544614610716,9.19378568099996,1.31036372333519,199535.231691885,65379,1,0.121474611504677,2080,64,2,1,6.5,9.5,8.8,11.2
348,18,20562641,greedy_combined_B9,greedy_combined,9,9,strong_coherent,0.99,5,1,1.27,0.37,30,0.990053371163283,7.38,8.66,10.12,10.6,7.365,8.635,10.125,10.495,1,1,1,1,0.0206155281280884,0.0743303437365916,0.0199999999999996,0.0100000000000007,0.0499999999999989,0.109999999999999,0.109999999999999,0.48,0.370000000000001,0,0,0.526167737478049,0.243033547406603,0.251544614610716,9.19378568099996,1.31036372333519,200098.593794012,65379,1,0.121474611504677,2080,64,2,1,6.5,9.5,8.8,11.2
349,19,20562642,greedy_combined_B9,greedy_combined,9,9,strong_coherent,0.99,5,1,1.27,0.37,30,0.989854652721865,7.38,8.66,10.12,10.6,7.365,8.635,10.125,10.495,1,1,1,1,0.0206155281280884,0.0743303437365916,0.0199999999999996,0.0100000000000007,0.0499999999999989,0.109999999999999,0.109999999999999,0.48,0.370000000000001,0,0,0.526167737478049,0.243033547406603,0.251544614610716,9.19378568099996,1.31036372333519,199376.963373445,65379,1,0.121474611504677,2080,64,2,1,6.5,9.5,8.8,11.2
350,20,20562643,greedy_combined_B9,greedy_combined,9,9,strong_coherent,0.99,5,1,1.27,0.37,30,0.990280999931104,7.38,8.66,10.12,10.6,7.365,8.635,10.125,10.495,1,1,1,1,0.0206155281280884,0.0743303437365916,0.0199999999999996,0.0100000000000007,0.0499999999999989,0.109999999999999,0.109999999999999,0.48,0.370000000000001,0,0,0.526167737478049,0.243033547406603,0.251544614610716,9.19378568099996,1.31036372333519,199423.819260062,65379,1,0.121474611504677,2080,64,2,1,6.5,9.5,8.8,11.2
351,21,20562644,greedy_combined_B9,greedy_combined,9,9,strong_coherent,0.99,5,1,1.27,0.37,30,0.990611348895473,7.38,8.66,10.12,10.6,7.365,8.635,10.125,10.495,1,1,1,1,0.0206155281280884,0.0743303437365916,0.0199999999999996,0.0100000000000007,0.0499999999999989,0.109999999999999,0.109999999999999,0.48,0.370000000000001,0,0,0.526167737478049,0.243033547406603,0.251544614610716,9.19378568099996,1.31036372333519,199220.133166436,65379,1,0.121474611504677,2080,64,2,1,6.5,9.5,8.8,11.2
352,22,20562645,greedy_combined_B9,greedy_combined,9,9,strong_coherent,0.99,5,1,1.27,0.37,30,0.990082014377722,7.38,8.66,10.12,10.6,7.365,8.635,10.125,10.495,1,1,1,1,0.0206155281280884,0.0743303437365916,0.0199999999999996,0.0100000000000007,0.0499999999999989,0.109999999999999,0.109999999999999,0.48,0.370000000000001,0,0,0.526167737478049,0.243033547406603,0.251544614610716,9.19378568099996,1.31036372333519,199207.897796234,65379,1,0.121474611504677,2080,64,2,1,6.5,9.5,8.8,11.2
353,23,20562646,greedy_combined_B9,greedy_combined,9,9,strong_coherent,0.99,5,1,1.27,0.37,30,0.990104383035068,7.38,8.66,10.12,10.6,7.365,8.635,10.125,10.495,1,1,1,1,0.0206155281280884,0.0743303437365916,0.0199999999999996,0.0100000000000007,0.0499999999999989,0.109999999999999,0.109999999999999,0.48,0.370000000000001,0,0,0.526167737478049,0.243033547406603,0.251544614610716,9.19378568099996,1.31036372333519,199484.991011683,65379,1,0.121474611504677,2080,64,2,1,6.5,9.5,8.8,11.2
354,24,20562647,greedy_combined_B9,greedy_combined,9,9,strong_coherent,0.99,5,1,1.27,0.37,30,0.989941477027103,7.38,8.66,10.12,10.6,7.365,8.635,10.125,10.495,1,1,1,1,0.0206155281280884,0.0743303437365916,0.0199999999999996,0.0100000000000007,0.0499999999999989,0.109999999999999,0.109999999999999,0.48,0.370000000000001,0,0,0.526167737478049,0.243033547406603,0.251544614610716,9.19378568099996,1.31036372333519,199714.507855191,65379,1,0.121474611504677,2080,64,2,1,6.5,9.5,8.8,11.2
355,25,20562648,greedy_combined_B9,greedy_combined,9,9,strong_coherent,0.99,5,1,1.27,0.37,30,0.989883085354493,7.38,8.66,10.12,10.6,7.365,8.635,10.125,10.495,1,1,1,1,0.0206155281280884,0.0743303437365916,0.0199999999999996,0.0100000000000007,0.0499999999999989,0.109999999999999,0.109999999999999,0.48,0.370000000000001,0,0,0.526167737478049,0.243033547406603,0.251544614610716,9.19378568099996,1.31036372333519,199442.644125507,65379,1,0.121474611504677,2080,64,2,1,6.5,9.5,8.8,11.2
356,26,20562649,greedy_combined_B9,greedy_combined,9,9,strong_coherent,0.99,5,1,1.27,0.37,30,0.989890414571602,7.38,8.66,10.12,10.6,7.365,8.635,10.125,10.495,1,1,1,1,0.0206155281280884,0.0743303437365916,0.0199999999999996,0.0100000000000007,0.0499999999999989,0.109999999999999,0.109999999999999,0.48,0.370000000000001,0,0,0.526167737478049,0.243033547406603,0.251544614610716,9.19378568099996,1.31036372333519,199565.42924476,65379,1,0.121474611504677,2080,64,2,1,6.5,9.5,8.8,11.2
357,27,20562650,greedy_combined_B9,greedy_combined,9,9,strong_coherent,0.99,5,1,1.27,0.37,30,0.990360114310406,7.38,8.66,10.12,10.6,7.365,8.635,10.125,10.495,1,1,1,1,0.0206155281280884,0.0743303437365916,0.0199999999999996,0.0100000000000007,0.0499999999999989,0.109999999999999,0.109999999999999,0.48,0.370000000000001,0,0,0.526167737478049,0.243033547406603,0.251544614610716,9.19378568099996,1.31036372333519,199278.33556441,65379,1,0.121474611504677,2080,64,2,1,6.5,9.5,8.8,11.2
358,28,20562651,greedy_combined_B9,greedy_combined,9,9,strong_coherent,0.99,5,1,1.27,0.37,30,0.989967069450335,7.38,8.66,10.12,10.6,7.365,8.635,10.125,10.495,1,1,1,1,0.0206155281280884,0.0743303437365916,0.0199999999999996,0.0100000000000007,0.0499999999999989,0.109999999999999,0.109999999999999,0.48,0.370000000000001,0,0,0.526167737478049,0.243033547406603,0.251544614610716,9.19378568099996,1.31036372333519,199644.226247932,65379,1,0.121474611504677,2080,64,2,1,6.5,9.5,8.8,11.2
359,29,20562652,greedy_combined_B9,greedy_combined,9,9,strong_coherent,0.99,5,1,1.27,0.37,30,0.989983216143165,7.38,8.66,10.12,10.6,7.365,8.635,10.125,10.495,1,1,1,1,0.0206155281280884,0.0743303437365916,0.0199999999999996,0.0100000000000007,0.0499999999999989,0.109999999999999,0.109999999999999,0.48,0.370000000000001,0,0,0.526167737478049,0.243033547406603,0.251544614610716,9.19378568099996,1.31036372333519,199665.59166369,65379,1,0.121474611504677,2080,64,2,1,6.5,9.5,8.8,11.2
360,30,20562653,greedy_combined_B9,greedy_combined,9,9,strong_coherent,0.99,5,1,1.27,0.37,30,0.989974972117674,7.38,8.66,10.12,10.6,7.365,8.635,10.125,10.495,1,1,1,1,0.0206155281280884,0.0743303437365916,0.0199999999999996,0.0100000000000007,0.0499999999999989,0.109999999999999,0.109999999999999,0.48,0.370000000000001,0,0,0.526167737478049,0.243033547406603,0.251544614610716,9.19378568099996,1.31036372333519,199971.837405314,65379,1,0.121474611504677,2080,64,2,1,6.5,9.5,8.8,11.2
361,1,20563624,greedy_combined_B9,greedy_combined,9,9,hard_phase,0.99,150,1,0.83,0.37,30,0.990124477167073,7.54,8.42,10.12,10.6,7.585,8.415,10.125,10.495,1,1,1,1,0.0320156211871644,0.0743303437365916,-0.0199999999999996,0.0500000000000025,0.0499999999999989,0.109999999999999,0.109999999999999,0.48,0.370000000000001,0,0,0.526167737478049,0.243033547406603,0.251544614610716,9.19378568099996,1.81307914655648,143392.881997444,65379,1,0.345890956996228,2080,64,2,1,6.5,9.5,8.8,11.2
362,2,20563625,greedy_combined_B9,greedy_combined,9,9,hard_phase,0.99,150,1,0.83,0.37,30,0.990097831859364,7.54,8.42,10.12,10.6,7.585,8.415,10.125,10.495,1,1,1,1,0.0320156211871644,0.0743303437365916,-0.0199999999999996,0.0500000000000025,0.0499999999999989,0.109999999999999,0.109999999999999,0.48,0.370000000000001,0,0,0.526167737478049,0.243033547406603,0.251544614610716,9.19378568099996,1.81307914655648,143445.980305622,65379,1,0.345890956996228,2080,64,2,1,6.5,9.5,8.8,11.2
363,3,20563626,greedy_combined_B9,greedy_combined,9,9,hard_phase,0.99,150,1,0.83,0.37,30,0.990244003123982,7.54,8.42,10.12,10.6,7.585,8.415,10.125,10.495,1,1,1,1,0.0320156211871644,0.0743303437365916,-0.0199999999999996,0.0500000000000025,0.0499999999999989,0.109999999999999,0.109999999999999,0.48,0.370000000000001,0,0,0.526167737478049,0.243033547406603,0.251544614610716,9.19378568099996,1.81307914655648,143415.701292652,65379,1,0.345890956996228,2080,64,2,1,6.5,9.5,8.8,11.2
364,4,20563627,greedy_combined_B9,greedy_combined,9,9,hard_phase,0.99,150,1,0.83,0.37,30,0.989906031120721,7.54,8.42,10.12,10.6,7.585,8.415,10.125,10.495,1,1,1,1,0.0320156211871644,0.0743303437365916,-0.0199999999999996,0.0500000000000025,0.0499999999999989,0.109999999999999,0.109999999999999,0.48,0.370000000000001,0,0,0.526167737478049,0.243033547406603,0.251544614610716,9.19378568099996,1.81307914655648,143416.244750013,65379,1,0.345890956996228,2080,64,2,1,6.5,9.5,8.8,11.2
365,5,20563628,greedy_combined_B9,greedy_combined,9,9,hard_phase,0.99,150,1,0.83,0.37,30,0.989931048031415,7.54,8.42,10.12,10.6,7.585,8.415,10.125,10.495,1,1,1,1,0.0320156211871644,0.0743303437365916,-0.0199999999999996,0.0500000000000025,0.0499999999999989,0.109999999999999,0.109999999999999,0.48,0.370000000000001,0,0,0.526167737478049,0.243033547406603,0.251544614610716,9.19378568099996,1.81307914655648,143412.498854395,65379,1,0.345890956996228,2080,64,2,1,6.5,9.5,8.8,11.2
366,6,20563629,greedy_combined_B9,greedy_combined,9,9,hard_phase,0.99,150,1,0.83,0.37,30,0.990408681877591,7.54,8.42,10.12,10.6,7.585,8.415,10.125,10.495,1,1,1,1,0.0320156211871644,0.0743303437365916,-0.0199999999999996,0.0500000000000025,0.0499999999999989,0.109999999999999,0.109999999999999,0.48,0.370000000000001,0,0,0.526167737478049,0.243033547406603,0.251544614610716,9.19378568099996,1.81307914655648,143340.088455206,65379,1,0.345890956996228,2080,64,2,1,6.5,9.5,8.8,11.2
367,7,20563630,greedy_combined_B9,greedy_combined,9,9,hard_phase,0.99,150,1,0.83,0.37,30,0.990453874921515,7.54,8.42,10.12,10.6,7.585,8.415,10.125,10.495,1,1,1,1,0.0320156211871644,0.0743303437365916,-0.0199999999999996,0.0500000000000025,0.0499999999999989,0.109999999999999,0.109999999999999,0.48,0.370000000000001,0,0,0.526167737478049,0.243033547406603,0.251544614610716,9.19378568099996,1.81307914655648,143566.956343194,65379,1,0.345890956996228,2080,64,2,1,6.5,9.5,8.8,11.2
368,8,20563631,greedy_combined_B9,greedy_combined,9,9,hard_phase,0.99,150,1,0.83,0.37,30,0.990182354837188,7.54,8.42,10.12,10.6,7.585,8.415,10.125,10.495,1,1,1,1,0.0320156211871644,0.0743303437365916,-0.0199999999999996,0.0500000000000025,0.0499999999999989,0.109999999999999,0.109999999999999,0.48,0.370000000000001,0,0,0.526167737478049,0.243033547406603,0.251544614610716,9.19378568099996,1.81307914655648,143432.059310731,65379,1,0.345890956996228,2080,64,2,1,6.5,9.5,8.8,11.2
369,9,20563632,greedy_combined_B9,greedy_combined,9,9,hard_phase,0.99,150,1,0.83,0.37,30,0.990154487711467,7.54,8.42,10.12,10.6,7.585,8.415,10.125,10.495,1,1,1,1,0.0320156211871644,0.0743303437365916,-0.0199999999999996,0.0500000000000025,0.0499999999999989,0.109999999999999,0.109999999999999,0.48,0.370000000000001,0,0,0.526167737478049,0.243033547406603,0.251544614610716,9.19378568099996,1.81307914655648,143507.714483854,65379,1,0.345890956996228,2080,64,2,1,6.5,9.5,8.8,11.2
370,10,20563633,greedy_combined_B9,greedy_combined,9,9,hard_phase,0.99,150,1,0.83,0.37,30,0.989822635874102,7.54,8.42,10.12,10.6,7.585,8.415,10.125,10.495,1,1,1,1,0.0320156211871644,0.0743303437365916,-0.0199999999999996,0.0500000000000025,0.0499999999999989,0.109999999999999,0.109999999999999,0.48,0.370000000000001,0,0,0.526167737478049,0.243033547406603,0.251544614610716,9.19378568099996,1.81307914655648,143371.67122625,65379,1,0.345890956996228,2080,64,2,1,6.5,9.5,8.8,11.2
371,11,20563634,greedy_combined_B9,greedy_combined,9,9,hard_phase,0.99,150,1,0.83,0.37,30,0.989951217673379,7.54,8.42,10.12,10.6,7.585,8.415,10.125,10.495,1,1,1,1,0.0320156211871644,0.0743303437365916,-0.0199999999999996,0.0500000000000025,0.0499999999999989,0.109999999999999,0.109999999999999,0.48,0.370000000000001,0,0,0.526167737478049,0.243033547406603,0.251544614610716,9.19378568099996,1.81307914655648,143458.0635255,65379,1,0.345890956996228,2080,64,2,1,6.5,9.5,8.8,11.2
372,12,20563635,greedy_combined_B9,greedy_combined,9,9,hard_phase,0.99,150,1,0.83,0.37,30,0.990042013634,7.54,8.42,10.12,10.6,7.585,8.415,10.125,10.495,1,1,1,1,0.0320156211871644,0.0743303437365916,-0.0199999999999996,0.0500000000000025,0.0499999999999989,0.109999999999999,0.109999999999999,0.48,0.370000000000001,0,0,0.526167737478049,0.243033547406603,0.251544614610716,9.19378568099996,1.81307914655648,143373.568176425,65379,1,0.345890956996228,2080,64,2,1,6.5,9.5,8.8,11.2
373,13,20563636,greedy_combined_B9,greedy_combined,9,9,hard_phase,0.99,150,1,0.83,0.37,30,0.989890611137715,7.54,8.42,10.12,10.6,7.585,8.415,10.125,10.495,1,1,1,1,0.0320156211871644,0.0743303437365916,-0.0199999999999996,0.0500000000000025,0.0499999999999989,0.109999999999999,0.109999999999999,0.48,0.370000000000001,0,0,0.526167737478049,0.243033547406603,0.251544614610716,9.19378568099996,1.81307914655648,143428.374646695,65379,1,0.345890956996228,2080,64,2,1,6.5,9.5,8.8,11.2
374,14,20563637,greedy_combined_B9,greedy_combined,9,9,hard_phase,0.99,150,1,0.83,0.37,30,0.989964658901804,7.54,8.42,10.12,10.6,7.585,8.415,10.125,10.495,1,1,1,1,0.0320156211871644,0.0743303437365916,-0.0199999999999996,0.0500000000000025,0.0499999999999989,0.109999999999999,0.109999999999999,0.48,0.370000000000001,0,0,0.526167737478049,0.243033547406603,0.251544614610716,9.19378568099996,1.81307914655648,143435.395086635,65379,1,0.345890956996228,2080,64,2,1,6.5,9.5,8.8,11.2
375,15,20563638,greedy_combined_B9,greedy_combined,9,9,hard_phase,0.99,150,1,0.83,0.37,30,0.99022013487088,7.54,8.42,10.12,10.6,7.585,8.415,10.125,10.495,1,1,1,1,0.0320156211871644,0.0743303437365916,-0.0199999999999996,0.0500000000000025,0.0499999999999989,0.109999999999999,0.109999999999999,0.48,0.370000000000001,0,0,0.526167737478049,0.243033547406603,0.251544614610716,9.19378568099996,1.81307914655648,143476.189412156,65379,1,0.345890956996228,2080,64,2,1,6.5,9.5,8.8,11.2
376,16,20563639,greedy_combined_B9,greedy_combined,9,9,hard_phase,0.99,150,1,0.83,0.37,30,0.990370446851774,7.54,8.42,10.12,10.6,7.585,8.415,10.125,10.495,1,1,1,1,0.0320156211871644,0.0743303437365916,-0.0199999999999996,0.0500000000000025,0.0499999999999989,0.109999999999999,0.109999999999999,0.48,0.370000000000001,0,0,0.526167737478049,0.243033547406603,0.251544614610716,9.19378568099996,1.81307914655648,143550.451324076,65379,1,0.345890956996228,2080,64,2,1,6.5,9.5,8.8,11.2
377,17,20563640,greedy_combined_B9,greedy_combined,9,9,hard_phase,0.99,150,1,0.83,0.37,30,0.990234122705357,7.54,8.42,10.12,10.6,7.585,8.415,10.125,10.495,1,1,1,1,0.0320156211871644,0.0743303437365916,-0.0199999999999996,0.0500000000000025,0.0499999999999989,0.109999999999999,0.109999999999999,0.48,0.370000000000001,0,0,0.526167737478049,0.243033547406603,0.251544614610716,9.19378568099996,1.81307914655648,143365.452347045,65379,1,0.345890956996228,2080,64,2,1,6.5,9.5,8.8,11.2
378,18,20563641,greedy_combined_B9,greedy_combined,9,9,hard_phase,0.99,150,1,0.83,0.37,30,0.990517976432667,7.54,8.42,10.12,10.6,7.585,8.415,10.125,10.495,1,1,1,1,0.0320156211871644,0.0743303437365916,-0.0199999999999996,0.0500000000000025,0.0499999999999989,0.109999999999999,0.109999999999999,0.48,0.370000000000001,0,0,0.526167737478049,0.243033547406603,0.251544614610716,9.19378568099996,1.81307914655648,143563.786039881,65379,1,0.345890956996228,2080,64,2,1,6.5,9.5,8.8,11.2
379,19,20563642,greedy_combined_B9,greedy_combined,9,9,hard_phase,0.99,150,1,0.83,0.37,30,0.989947195589746,7.54,8.42,10.12,10.6,7.585,8.415,10.125,10.495,1,1,1,1,0.0320156211871644,0.0743303437365916,-0.0199999999999996,0.0500000000000025,0.0499999999999989,0.109999999999999,0.109999999999999,0.48,0.370000000000001,0,0,0.526167737478049,0.243033547406603,0.251544614610716,9.19378568099996,1.81307914655648,143395.827528892,65379,1,0.345890956996228,2080,64,2,1,6.5,9.5,8.8,11.2
380,20,20563643,greedy_combined_B9,greedy_combined,9,9,hard_phase,0.99,150,1,0.83,0.37,30,0.98991370622784,7.54,8.42,10.12,10.6,7.585,8.415,10.125,10.495,1,1,1,1,0.0320156211871644,0.0743303437365916,-0.0199999999999996,0.0500000000000025,0.0499999999999989,0.109999999999999,0.109999999999999,0.48,0.370000000000001,0,0,0.526167737478049,0.243033547406603,0.251544614610716,9.19378568099996,1.81307914655648,143464.80632783,65379,1,0.345890956996228,2080,64,2,1,6.5,9.5,8.8,11.2
381,21,20563644,greedy_combined_B9,greedy_combined,9,9,hard_phase,0.99,150,1,0.83,0.37,30,0.990222824890034,7.54,8.42,10.12,10.6,7.585,8.415,10.125,10.495,1,1,1,1,0.0320156211871644,0.0743303437365916,-0.0199999999999996,0.0500000000000025,0.0499999999999989,0.109999999999999,0.109999999999999,0.48,0.370000000000001,0,0,0.526167737478049,0.243033547406603,0.251544614610716,9.19378568099996,1.81307914655648,143369.443479928,65379,1,0.345890956996228,2080,64,2,1,6.5,9.5,8.8,11.2
382,22,20563645,greedy_combined_B9,greedy_combined,9,9,hard_phase,0.99,150,1,0.83,0.37,30,0.989886006156629,7.54,8.42,10.12,10.6,7.585,8.415,10.125,10.495,1,1,1,1,0.0320156211871644,0.0743303437365916,-0.0199999999999996,0.0500000000000025,0.0499999999999989,0.109999999999999,0.109999999999999,0.48,0.370000000000001,0,0,0.526167737478049,0.243033547406603,0.251544614610716,9.19378568099996,1.81307914655648,143375.150135185,65379,1,0.345890956996228,2080,64,2,1,6.5,9.5,8.8,11.2
383,23,20563646,greedy_combined_B9,greedy_combined,9,9,hard_phase,0.99,150,1,0.83,0.37,30,0.989841950138328,7.54,8.42,10.12,10.6,7.585,8.415,10.125,10.495,1,1,1,1,0.0320156211871644,0.0743303437365916,-0.0199999999999996,0.0500000000000025,0.0499999999999989,0.109999999999999,0.109999999999999,0.48,0.370000000000001,0,0,0.526167737478049,0.243033547406603,0.251544614610716,9.19378568099996,1.81307914655648,143444.061053255,65379,1,0.345890956996228,2080,64,2,1,6.5,9.5,8.8,11.2
384,24,20563647,greedy_combined_B9,greedy_combined,9,9,hard_phase,0.99,150,1,0.83,0.37,30,0.990014946801824,7.54,8.42,10.12,10.6,7.585,8.415,10.125,10.495,1,1,1,1,0.0320156211871644,0.0743303437365916,-0.0199999999999996,0.0500000000000025,0.0499999999999989,0.109999999999999,0.109999999999999,0.48,0.370000000000001,0,0,0.526167737478049,0.243033547406603,0.251544614610716,9.19378568099996,1.81307914655648,143460.342793609,65379,1,0.345890956996228,2080,64,2,1,6.5,9.5,8.8,11.2
385,25,20563648,greedy_combined_B9,greedy_combined,9,9,hard_phase,0.99,150,1,0.83,0.37,30,0.989884276934382,7.54,8.42,10.12,10.6,7.585,8.415,10.125,10.495,1,1,1,1,0.0320156211871644,0.0743303437365916,-0.0199999999999996,0.0500000000000025,0.0499999999999989,0.109999999999999,0.109999999999999,0.48,0.370000000000001,0,0,0.526167737478049,0.243033547406603,0.251544614610716,9.19378568099996,1.81307914655648,143388.434281404,65379,1,0.345890956996228,2080,64,2,1,6.5,9.5,8.8,11.2
386,26,20563649,greedy_combined_B9,greedy_combined,9,9,hard_phase,0.99,150,1,0.83,0.37,30,0.989919954050744,7.54,8.42,10.12,10.6,7.585,8.415,10.125,10.495,1,1,1,1,0.0320156211871644,0.0743303437365916,-0.0199999999999996,0.0500000000000025,0.0499999999999989,0.109999999999999,0.109999999999999,0.48,0.370000000000001,0,0,0.526167737478049,0.243033547406603,0.251544614610716,9.19378568099996,1.81307914655648,143503.425359378,65379,1,0.345890956996228,2080,64,2,1,6.5,9.5,8.8,11.2
387,27,20563650,greedy_combined_B9,greedy_combined,9,9,hard_phase,0.99,150,1,0.83,0.37,30,0.990480895601748,7.54,8.42,10.12,10.6,7.585,8.415,10.125,10.495,1,1,1,1,0.0320156211871644,0.0743303437365916,-0.0199999999999996,0.0500000000000025,0.0499999999999989,0.109999999999999,0.109999999999999,0.48,0.370000000000001,0,0,0.526167737478049,0.243033547406603,0.251544614610716,9.19378568099996,1.81307914655648,143350.270679293,65379,1,0.345890956996228,2080,64,2,1,6.5,9.5,8.8,11.2
388,28,20563651,greedy_combined_B9,greedy_combined,9,9,hard_phase,0.99,150,1,0.83,0.37,30,0.989831111206776,7.54,8.42,10.12,10.6,7.585,8.415,10.125,10.495,1,1,1,1,0.0320156211871644,0.0743303437365916,-0.0199999999999996,0.0500000000000025,0.0499999999999989,0.109999999999999,0.109999999999999,0.48,0.370000000000001,0,0,0.526167737478049,0.243033547406603,0.251544614610716,9.19378568099996,1.81307914655648,143482.351854238,65379,1,0.345890956996228,2080,64,2,1,6.5,9.5,8.8,11.2
389,29,20563652,greedy_combined_B9,greedy_combined,9,9,hard_phase,0.99,150,1,0.83,0.37,30,0.990123144644154,7.54,8.42,10.12,10.6,7.585,8.415,10.125,10.495,1,1,1,1,0.0320156211871644,0.0743303437365916,-0.0199999999999996,0.0500000000000025,0.0499999999999989,0.109999999999999,0.109999999999999,0.48,0.370000000000001,0,0,0.526167737478049,0.243033547406603,0.251544614610716,9.19378568099996,1.81307914655648,143374.386770257,65379,1,0.345890956996228,2080,64,2,1,6.5,9.5,8.8,11.2
390,30,20563653,greedy_combined_B9,greedy_combined,9,9,hard_phase,0.99,150,1,0.83,0.37,30,0.990378844186976,7.54,8.42,10.12,10.6,7.585,8.415,10.125,10.495,1,1,1,1,0.0320156211871644,0.0743303437365916,-0.0199999999999996,0.0500000000000025,0.0499999999999989,0.109999999999999,0.109999999999999,0.48,0.370000000000001,0,0,0.526167737478049,0.243033547406603,0.251544614610716,9.19378568099996,1.81307914655648,143477.949867234,65379,1,0.345890956996228,2080,64,2,1,6.5,9.5,8.8,11.2
391,1,20564624,greedy_combined_B9,greedy_combined,9,9,weak_secondary,0.99,150,0.3,0.83,0.37,30,0.990071328698228,7.62,8.34,10.12,10.36,7.585,8.415,10.125,10.495,1,1,1,1,0.0585234995535977,0.0955248658727151,-0.0199999999999996,-0.109999999999999,-0.0700000000000021,-0.130000000000001,0.130000000000001,0.24,0.370000000000001,0,0,0.526167737478049,0.243033547406603,0.251544614610716,9.19378568099996,2.75680002838396,96301.5283917243,65379,1,0.345890956996228,2080,64,2,1,6.5,9.5,8.8,11.2
392,2,20564625,greedy_combined_B9,greedy_combined,9,9,weak_secondary,0.99,150,0.3,0.83,0.37,30,0.990160952129826,7.62,8.34,10.12,10.36,7.585,8.415,10.125,10.495,1,1,1,1,0.0585234995535977,0.0955248658727151,-0.0199999999999996,-0.109999999999999,-0.0700000000000021,-0.130000000000001,0.130000000000001,0.24,0.370000000000001,0,0,0.526167737478049,0.243033547406603,0.251544614610716,9.19378568099996,2.75680002838396,96274.5939507765,65379,1,0.345890956996228,2080,64,2,1,6.5,9.5,8.8,11.2
393,3,20564626,greedy_combined_B9,greedy_combined,9,9,weak_secondary,0.99,150,0.3,0.83,0.37,30,0.989857705997823,7.62,8.34,10.12,10.36,7.585,8.415,10.125,10.495,1,1,1,1,0.0585234995535977,0.0955248658727151,-0.0199999999999996,-0.109999999999999,-0.0700000000000021,-0.130000000000001,0.130000000000001,0.24,0.370000000000001,0,0,0.526167737478049,0.243033547406603,0.251544614610716,9.19378568099996,2.75680002838396,96319.9307997819,65379,1,0.345890956996228,2080,64,2,1,6.5,9.5,8.8,11.2
394,4,20564627,greedy_combined_B9,greedy_combined,9,9,weak_secondary,0.99,150,0.3,0.83,0.37,30,0.989976927866536,7.62,8.34,10.12,10.36,7.585,8.415,10.125,10.495,1,1,1,1,0.0585234995535977,0.0955248658727151,-0.0199999999999996,-0.109999999999999,-0.0700000000000021,-0.130000000000001,0.130000000000001,0.24,0.370000000000001,0,0,0.526167737478049,0.243033547406603,0.251544614610716,9.19378568099996,2.75680002838396,96308.2583995131,65379,1,0.345890956996228,2080,64,2,1,6.5,9.5,8.8,11.2
395,5,20564628,greedy_combined_B9,greedy_combined,9,9,weak_secondary,0.99,150,0.3,0.83,0.37,30,0.989869398769173,7.62,8.34,10.12,10.36,7.585,8.415,10.125,10.495,1,1,1,1,0.0585234995535977,0.0955248658727151,-0.0199999999999996,-0.109999999999999,-0.0700000000000021,-0.130000000000001,0.130000000000001,0.24,0.370000000000001,0,0,0.526167737478049,0.243033547406603,0.251544614610716,9.19378568099996,2.75680002838396,96323.3179030075,65379,1,0.345890956996228,2080,64,2,1,6.5,9.5,8.8,11.2
396,6,20564629,greedy_combined_B9,greedy_combined,9,9,weak_secondary,0.99,150,0.3,0.83,0.37,30,0.98989741254739,7.62,8.34,10.12,10.36,7.585,8.415,10.125,10.495,1,1,1,1,0.0585234995535977,0.0955248658727151,-0.0199999999999996,-0.109999999999999,-0.0700000000000021,-0.130000000000001,0.130000000000001,0.24,0.370000000000001,0,0,0.526167737478049,0.243033547406603,0.251544614610716,9.19378568099996,2.75680002838396,96272.3489416146,65379,1,0.345890956996228,2080,64,2,1,6.5,9.5,8.8,11.2
397,7,20564630,greedy_combined_B9,greedy_combined,9,9,weak_secondary,0.99,150,0.3,0.83,0.37,30,0.989979342460951,7.62,8.34,10.12,10.36,7.585,8.415,10.125,10.495,1,1,1,1,0.0585234995535977,0.0955248658727151,-0.0199999999999996,-0.109999999999999,-0.0700000000000021,-0.130000000000001,0.130000000000001,0.24,0.370000000000001,0,0,0.526167737478049,0.243033547406603,0.251544614610716,9.19378568099996,2.75680002838396,96274.1609969781,65379,1,0.345890956996228,2080,64,2,1,6.5,9.5,8.8,11.2
398,8,20564631,greedy_combined_B9,greedy_combined,9,9,weak_secondary,0.99,150,0.3,0.83,0.37,30,0.989962419699919,7.62,8.34,10.12,10.36,7.585,8.415,10.125,10.495,1,1,1,1,0.0585234995535977,0.0955248658727151,-0.0199999999999996,-0.109999999999999,-0.0700000000000021,-0.130000000000001,0.130000000000001,0.24,0.370000000000001,0,0,0.526167737478049,0.243033547406603,0.251544614610716,9.19378568099996,2.75680002838396,96294.9808581305,65379,1,0.345890956996228,2080,64,2,1,6.5,9.5,8.8,11.2
399,9,20564632,greedy_combined_B9,greedy_combined,9,9,weak_secondary,0.99,150,0.3,0.83,0.37,30,0.989934300989105,7.62,8.34,10.12,10.36,7.585,8.415,10.125,10.495,1,1,1,1,0.0585234995535977,0.0955248658727151,-0.0199999999999996,-0.109999999999999,-0.0700000000000021,-0.130000000000001,0.130000000000001,0.24,0.370000000000001,0,0,0.526167737478049,0.243033547406603,0.251544614610716,9.19378568099996,2.75680002838396,96312.4920786703,65379,1,0.345890956996228,2080,64,2,1,6.5,9.5,8.8,11.2
400,10,20564633,greedy_combined_B9,greedy_combined,9,9,weak_secondary,0.99,150,0.3,0.83,0.37,30,0.990620510890463,7.62,8.34,10.12,10.36,7.585,8.415,10.125,10.495,1,1,1,1,0.0585234995535977,0.0955248658727151,-0.0199999999999996,-0.109999999999999,-0.0700000000000021,-0.130000000000001,0.130000000000001,0.24,0.370000000000001,0,0,0.526167737478049,0.243033547406603,0.251544614610716,9.19378568099996,2.75680002838396,96306.2336467224,65379,1,0.345890956996228,2080,64,2,1,6.5,9.5,8.8,11.2
401,11,20564634,greedy_combined_B9,greedy_combined,9,9,weak_secondary,0.99,150,0.3,0.83,0.37,30,0.989906765664504,7.62,8.34,10.12,10.36,7.585,8.415,10.125,10.495,1,1,1,1,0.0585234995535977,0.0955248658727151,-0.0199999999999996,-0.109999999999999,-0.0700000000000021,-0.130000000000001,0.130000000000001,0.24,0.370000000000001,0,0,0.526167737478049,0.243033547406603,0.251544614610716,9.19378568099996,2.75680002838396,96314.3735594409,65379,1,0.345890956996228,2080,64,2,1,6.5,9.5,8.8,11.2
402,12,20564635,greedy_combined_B9,greedy_combined,9,9,weak_secondary,0.99,150,0.3,0.83,0.37,30,0.990102955254312,7.62,8.34,10.12,10.36,7.585,8.415,10.125,10.495,1,1,1,1,0.0585234995535977,0.0955248658727151,-0.0199999999999996,-0.109999999999999,-0.0700000000000021,-0.130000000000001,0.130000000000001,0.24,0.370000000000001,0,0,0.526167737478049,0.243033547406603,0.251544614610716,9.19378568099996,2.75680002838396,96266.935605386,65379,1,0.345890956996228,2080,64,2,1,6.5,9.5,8.8,11.2
403,13,20564636,greedy_combined_B9,greedy_combined,9,9,weak_secondary,0.99,150,0.3,0.83,0.37,30,0.98990100958831,7.62,8.34,10.12,10.36,7.585,8.415,10.125,10.495,1,1,1,1,0.0585234995535977,0.0955248658727151,-0.0199999999999996,-0.109999999999999,-0.0700000000000021,-0.130000000000001,0.130000000000001,0.24,0.370000000000001,0,0,0.526167737478049,0.243033547406603,0.251544614610716,9.19378568099996,2.75680002838396,96273.0345580008,65379,1,0.345890956996228,2080,64,2,1,6.5,9.5,8.8,11.2
404,14,20564637,greedy_combined_B9,greedy_combined,9,9,weak_secondary,0.99,150,0.3,0.83,0.37,30,0.989947776123058,7.62,8.34,10.12,10.36,7.585,8.415,10.125,10.495,1,1,1,1,0.0585234995535977,0.0955248658727151,-0.0199999999999996,-0.109999999999999,-0.0700000000000021,-0.130000000000001,0.130000000000001,0.24,0.370000000000001,0,0,0.526167737478049,0.243033547406603,0.251544614610716,9.19378568099996,2.75680002838396,96338.9368461439,65379,1,0.345890956996228,2080,64,2,1,6.5,9.5,8.8,11.2
405,15,20564638,greedy_combined_B9,greedy_combined,9,9,weak_secondary,0.99,150,0.3,0.83,0.37,30,0.989897189600888,7.62,8.34,10.12,10.36,7.585,8.415,10.125,10.495,1,1,1,1,0.0585234995535977,0.0955248658727151,-0.0199999999999996,-0.109999999999999,-0.0700000000000021,-0.130000000000001,0.130000000000001,0.24,0.370000000000001,0,0,0.526167737478049,0.243033547406603,0.251544614610716,9.19378568099996,2.75680002838396,96274.1267042863,65379,1,0.345890956996228,2080,64,2,1,6.5,9.5,8.8,11.2
406,16,20564639,greedy_combined_B9,greedy_combined,9,9,weak_secondary,0.99,150,0.3,0.83,0.37,30,0.990012253557394,7.62,8.34,10.12,10.36,7.585,8.415,10.125,10.495,1,1,1,1,0.0585234995535977,0.0955248658727151,-0.0199999999999996,-0.109999999999999,-0.0700000000000021,-0.130000000000001,0.130000000000001,0.24,0.370000000000001,0,0,0.526167737478049,0.243033547406603,0.251544614610716,9.19378568099996,2.75680002838396,96281.7868385764,65379,1,0.345890956996228,2080,64,2,1,6.5,9.5,8.8,11.2
407,17,20564640,greedy_combined_B9,greedy_combined,9,9,weak_secondary,0.99,150,0.3,0.83,0.37,30,0.990229108278357,7.62,8.34,10.12,10.36,7.585,8.415,10.125,10.495,1,1,1,1,0.0585234995535977,0.0955248658727151,-0.0199999999999996,-0.109999999999999,-0.0700000000000021,-0.130000000000001,0.130000000000001,0.24,0.370000000000001,0,0,0.526167737478049,0.243033547406603,0.251544614610716,9.19378568099996,2.75680002838396,96254.637787228,65379,1,0.345890956996228,2080,64,2,1,6.5,9.5,8.8,11.2
408,18,20564641,greedy_combined_B9,greedy_combined,9,9,weak_secondary,0.99,150,0.3,0.83,0.37,30,0.990586444805117,7.62,8.34,10.12,10.36,7.585,8.415,10.125,10.495,1,1,1,1,0.0585234995535977,0.0955248658727151,-0.0199999999999996,-0.109999999999999,-0.0700000000000021,-0.130000000000001,0.130000000000001,0.24,0.370000000000001,0,0,0.526167737478049,0.243033547406603,0.251544614610716,9.19378568099996,2.75680002838396,96257.6070669824,65379,1,0.345890956996228,2080,64,2,1,6.5,9.5,8.8,11.2
409,19,20564642,greedy_combined_B9,greedy_combined,9,9,weak_secondary,0.99,150,0.3,0.83,0.37,30,0.989874431878463,7.62,8.34,10.12,10.36,7.585,8.415,10.125,10.495,1,1,1,1,0.0585234995535977,0.0955248658727151,-0.0199999999999996,-0.109999999999999,-0.0700000000000021,-0.130000000000001,0.130000000000001,0.24,0.370000000000001,0,0,0.526167737478049,0.243033547406603,0.251544614610716,9.19378568099996,2.75680002838396,96262.5734861058,65379,1,0.345890956996228,2080,64,2,1,6.5,9.5,8.8,11.2
410,20,20564643,greedy_combined_B9,greedy_combined,9,9,weak_secondary,0.99,150,0.3,0.83,0.37,30,0.990025960002212,7.62,8.34,10.12,10.36,7.585,8.415,10.125,10.495,1,1,1,1,0.0585234995535977,0.0955248658727151,-0.0199999999999996,-0.109999999999999,-0.0700000000000021,-0.130000000000001,0.130000000000001,0.24,0.370000000000001,0,0,0.526167737478049,0.243033547406603,0.251544614610716,9.19378568099996,2.75680002838396,96316.3567462303,65379,1,0.345890956996228,2080,64,2,1,6.5,9.5,8.8,11.2
411,21,20564644,greedy_combined_B9,greedy_combined,9,9,weak_secondary,0.99,150,0.3,0.83,0.37,30,0.989809854599538,7.62,8.34,10.12,10.36,7.585,8.415,10.125,10.495,1,1,1,1,0.0585234995535977,0.0955248658727151,-0.0199999999999996,-0.109999999999999,-0.0700000000000021,-0.130000000000001,0.130000000000001,0.24,0.370000000000001,0,0,0.526167737478049,0.243033547406603,0.251544614610716,9.19378568099996,2.75680002838396,96302.8013369487,65379,1,0.345890956996228,2080,64,2,1,6.5,9.5,8.8,11.2
412,22,20564645,greedy_combined_B9,greedy_combined,9,9,weak_secondary,0.99,150,0.3,0.83,0.37,30,0.990169109066839,7.62,8.34,10.12,10.36,7.585,8.415,10.125,10.495,1,1,1,1,0.0585234995535977,0.0955248658727151,-0.0199999999999996,-0.109999999999999,-0.0700000000000021,-0.130000000000001,0.130000000000001,0.24,0.370000000000001,0,0,0.526167737478049,0.243033547406603,0.251544614610716,9.19378568099996,2.75680002838396,96334.2958841299,65379,1,0.345890956996228,2080,64,2,1,6.5,9.5,8.8,11.2
413,23,20564646,greedy_combined_B9,greedy_combined,9,9,weak_secondary,0.99,150,0.3,0.83,0.37,30,0.990066401132885,7.62,8.34,10.12,10.36,7.585,8.415,10.125,10.495,1,1,1,1,0.0585234995535977,0.0955248658727151,-0.0199999999999996,-0.109999999999999,-0.0700000000000021,-0.130000000000001,0.130000000000001,0.24,0.370000000000001,0,0,0.526167737478049,0.243033547406603,0.251544614610716,9.19378568099996,2.75680002838396,96313.7482187828,65379,1,0.345890956996228,2080,64,2,1,6.5,9.5,8.8,11.2
414,24,20564647,greedy_combined_B9,greedy_combined,9,9,weak_secondary,0.99,150,0.3,0.83,0.37,30,0.990357323335487,7.62,8.34,10.12,10.36,7.585,8.415,10.125,10.495,1,1,1,1,0.0585234995535977,0.0955248658727151,-0.0199999999999996,-0.109999999999999,-0.0700000000000021,-0.130000000000001,0.130000000000001,0.24,0.370000000000001,0,0,0.526167737478049,0.243033547406603,0.251544614610716,9.19378568099996,2.75680002838396,96296.8615247903,65379,1,0.345890956996228,2080,64,2,1,6.5,9.5,8.8,11.2
415,25,20564648,greedy_combined_B9,greedy_combined,9,9,weak_secondary,0.99,150,0.3,0.83,0.37,30,0.990323049899782,7.62,8.34,10.12,10.36,7.585,8.415,10.125,10.495,1,1,1,1,0.0585234995535977,0.0955248658727151,-0.0199999999999996,-0.109999999999999,-0.0700000000000021,-0.130000000000001,0.130000000000001,0.24,0.370000000000001,0,0,0.526167737478049,0.243033547406603,0.251544614610716,9.19378568099996,2.75680002838396,96287.2687606405,65379,1,0.345890956996228,2080,64,2,1,6.5,9.5,8.8,11.2
416,26,20564649,greedy_combined_B9,greedy_combined,9,9,weak_secondary,0.99,150,0.3,0.83,0.37,30,0.989919008329831,7.62,8.34,10.12,10.36,7.585,8.415,10.125,10.495,1,1,1,1,0.0585234995535977,0.0955248658727151,-0.0199999999999996,-0.109999999999999,-0.0700000000000021,-0.130000000000001,0.130000000000001,0.24,0.370000000000001,0,0,0.526167737478049,0.243033547406603,0.251544614610716,9.19378568099996,2.75680002838396,96306.7842742556,65379,1,0.345890956996228,2080,64,2,1,6.5,9.5,8.8,11.2
417,27,20564650,greedy_combined_B9,greedy_combined,9,9,weak_secondary,0.99,150,0.3,0.83,0.37,30,0.990114039709884,7.62,8.34,10.12,10.36,7.585,8.415,10.125,10.495,1,1,1,1,0.0585234995535977,0.0955248658727151,-0.0199999999999996,-0.109999999999999,-0.0700000000000021,-0.130000000000001,0.130000000000001,0.24,0.370000000000001,0,0,0.526167737478049,0.243033547406603,0.251544614610716,9.19378568099996,2.75680002838396,96246.0262418348,65379,1,0.345890956996228,2080,64,2,1,6.5,9.5,8.8,11.2
418,28,20564651,greedy_combined_B9,greedy_combined,9,9,weak_secondary,0.99,150,0.3,0.83,0.37,30,0.990528478868063,7.62,8.34,10.12,10.36,7.585,8.415,10.125,10.495,1,1,1,1,0.0585234995535977,0.0955248658727151,-0.0199999999999996,-0.109999999999999,-0.0700000000000021,-0.130000000000001,0.130000000000001,0.24,0.370000000000001,0,0,0.526167737478049,0.243033547406603,0.251544614610716,9.19378568099996,2.75680002838396,96266.871894094,65379,1,0.345890956996228,2080,64,2,1,6.5,9.5,8.8,11.2
419,29,20564652,greedy_combined_B9,greedy_combined,9,9,weak_secondary,0.99,150,0.3,0.83,0.37,30,0.990126319087703,7.62,8.34,10.12,10.36,7.585,8.415,10.125,10.495,1,1,1,1,0.0585234995535977,0.0955248658727151,-0.0199999999999996,-0.109999999999999,-0.0700000000000021,-0.130000000000001,0.130000000000001,0.24,0.370000000000001,0,0,0.526167737478049,0.243033547406603,0.251544614610716,9.19378568099996,2.75680002838396,96262.0586693638,65379,1,0.345890956996228,2080,64,2,1,6.5,9.5,8.8,11.2
420,30,20564653,greedy_combined_B9,greedy_combined,9,9,weak_secondary,0.99,150,0.3,0.83,0.37,30,0.989980771029747,7.62,8.34,10.12,10.36,7.585,8.415,10.125,10.495,1,1,1,1,0.0585234995535977,0.0955248658727151,-0.0199999999999996,-0.109999999999999,-0.0700000000000021,-0.130000000000001,0.130000000000001,0.24,0.370000000000001,0,0,0.526167737478049,0.243033547406603,0.251544614610716,9.19378568099996,2.75680002838396,96323.741863298,65379,1,0.345890956996228,2080,64,2,1,6.5,9.5,8.8,11.2
421,1,20565624,greedy_combined_B9,greedy_combined,9,9,low_snr_hard,1,150,0.3,0.83,0.37,20,1,7.62,8.34,10.12,10.36,7.585,8.415,10.125,10.495,1,1,1,1,0.0585234995535977,0.0955248658727151,-0.0199999999999996,-0.109999999999999,-0.0700000000000021,-0.130000000000001,0.130000000000001,0.24,0.370000000000001,0,0,0.526167737478049,0.243033547406603,0.251544614610716,9.19378568099996,2.75680002838396,96085.6408924141,65379,1,0.345890956996228,2080,64,2,1,6.5,9.5,8.8,11.2
422,2,20565625,greedy_combined_B9,greedy_combined,9,9,low_snr_hard,1,150,0.3,0.83,0.37,20,1,7.62,8.34,10.12,10.36,7.585,8.415,10.125,10.495,1,1,1,1,0.0585234995535977,0.0955248658727151,-0.0199999999999996,-0.109999999999999,-0.0700000000000021,-0.130000000000001,0.130000000000001,0.24,0.370000000000001,0,0,0.526167737478049,0.243033547406603,0.251544614610716,9.19378568099996,2.75680002838396,96123.7882136426,65379,1,0.345890956996228,2080,64,2,1,6.5,9.5,8.8,11.2
423,3,20565626,greedy_combined_B9,greedy_combined,9,9,low_snr_hard,1,150,0.3,0.83,0.37,20,1,7.62,8.34,10.12,10.36,7.585,8.415,10.125,10.495,1,1,1,1,0.0585234995535977,0.0955248658727151,-0.0199999999999996,-0.109999999999999,-0.0700000000000021,-0.130000000000001,0.130000000000001,0.24,0.370000000000001,0,0,0.526167737478049,0.243033547406603,0.251544614610716,9.19378568099996,2.75680002838396,96065.4439287933,65379,1,0.345890956996228,2080,64,2,1,6.5,9.5,8.8,11.2
424,4,20565627,greedy_combined_B9,greedy_combined,9,9,low_snr_hard,1,150,0.3,0.83,0.37,20,1,7.62,8.34,10.12,10.36,7.585,8.415,10.125,10.495,1,1,1,1,0.0585234995535977,0.0955248658727151,-0.0199999999999996,-0.109999999999999,-0.0700000000000021,-0.130000000000001,0.130000000000001,0.24,0.370000000000001,0,0,0.526167737478049,0.243033547406603,0.251544614610716,9.19378568099996,2.75680002838396,96053.2603233491,65379,1,0.345890956996228,2080,64,2,1,6.5,9.5,8.8,11.2
425,5,20565628,greedy_combined_B9,greedy_combined,9,9,low_snr_hard,1,150,0.3,0.83,0.37,20,1,7.62,8.34,10.12,10.36,7.585,8.415,10.125,10.495,1,1,1,1,0.0585234995535977,0.0955248658727151,-0.0199999999999996,-0.109999999999999,-0.0700000000000021,-0.130000000000001,0.130000000000001,0.24,0.370000000000001,0,0,0.526167737478049,0.243033547406603,0.251544614610716,9.19378568099996,2.75680002838396,96084.5832866158,65379,1,0.345890956996228,2080,64,2,1,6.5,9.5,8.8,11.2
426,6,20565629,greedy_combined_B9,greedy_combined,9,9,low_snr_hard,1,150,0.3,0.83,0.37,20,1,7.62,8.34,10.12,10.36,7.585,8.415,10.125,10.495,1,1,1,1,0.0585234995535977,0.0955248658727151,-0.0199999999999996,-0.109999999999999,-0.0700000000000021,-0.130000000000001,0.130000000000001,0.24,0.370000000000001,0,0,0.526167737478049,0.243033547406603,0.251544614610716,9.19378568099996,2.75680002838396,96186.3314288777,65379,1,0.345890956996228,2080,64,2,1,6.5,9.5,8.8,11.2
427,7,20565630,greedy_combined_B9,greedy_combined,9,9,low_snr_hard,1,150,0.3,0.83,0.37,20,1,7.62,8.34,10.12,10.36,7.585,8.415,10.125,10.495,1,1,1,1,0.0585234995535977,0.0955248658727151,-0.0199999999999996,-0.109999999999999,-0.0700000000000021,-0.130000000000001,0.130000000000001,0.24,0.370000000000001,0,0,0.526167737478049,0.243033547406603,0.251544614610716,9.19378568099996,2.75680002838396,96041.9421932847,65379,1,0.345890956996228,2080,64,2,1,6.5,9.5,8.8,11.2
428,8,20565631,greedy_combined_B9,greedy_combined,9,9,low_snr_hard,1,150,0.3,0.83,0.37,20,1,7.62,8.34,10.12,10.36,7.585,8.415,10.125,10.495,1,1,1,1,0.0585234995535977,0.0955248658727151,-0.0199999999999996,-0.109999999999999,-0.0700000000000021,-0.130000000000001,0.130000000000001,0.24,0.370000000000001,0,0,0.526167737478049,0.243033547406603,0.251544614610716,9.19378568099996,2.75680002838396,96028.5562486811,65379,1,0.345890956996228,2080,64,2,1,6.5,9.5,8.8,11.2
429,9,20565632,greedy_combined_B9,greedy_combined,9,9,low_snr_hard,1,150,0.3,0.83,0.37,20,1,7.62,8.34,10.12,10.36,7.585,8.415,10.125,10.495,1,1,1,1,0.0585234995535977,0.0955248658727151,-0.0199999999999996,-0.109999999999999,-0.0700000000000021,-0.130000000000001,0.130000000000001,0.24,0.370000000000001,0,0,0.526167737478049,0.243033547406603,0.251544614610716,9.19378568099996,2.75680002838396,95953.5220806304,65379,1,0.345890956996228,2080,64,2,1,6.5,9.5,8.8,11.2
430,10,20565633,greedy_combined_B9,greedy_combined,9,9,low_snr_hard,1,150,0.3,0.83,0.37,20,1,7.62,8.34,10.12,10.36,7.585,8.415,10.125,10.495,1,1,1,1,0.0585234995535977,0.0955248658727151,-0.0199999999999996,-0.109999999999999,-0.0700000000000021,-0.130000000000001,0.130000000000001,0.24,0.370000000000001,0,0,0.526167737478049,0.243033547406603,0.251544614610716,9.19378568099996,2.75680002838396,96027.4390558896,65379,1,0.345890956996228,2080,64,2,1,6.5,9.5,8.8,11.2
431,11,20565634,greedy_combined_B9,greedy_combined,9,9,low_snr_hard,1,150,0.3,0.83,0.37,20,1,7.62,8.34,10.12,10.36,7.585,8.415,10.125,10.495,1,1,1,1,0.0585234995535977,0.0955248658727151,-0.0199999999999996,-0.109999999999999,-0.0700000000000021,-0.130000000000001,0.130000000000001,0.24,0.370000000000001,0,0,0.526167737478049,0.243033547406603,0.251544614610716,9.19378568099996,2.75680002838396,96025.2898889858,65379,1,0.345890956996228,2080,64,2,1,6.5,9.5,8.8,11.2
432,12,20565635,greedy_combined_B9,greedy_combined,9,9,low_snr_hard,1,150,0.3,0.83,0.37,20,1,7.62,8.34,10.12,10.36,7.585,8.415,10.125,10.495,1,1,1,1,0.0585234995535977,0.0955248658727151,-0.0199999999999996,-0.109999999999999,-0.0700000000000021,-0.130000000000001,0.130000000000001,0.24,0.370000000000001,0,0,0.526167737478049,0.243033547406603,0.251544614610716,9.19378568099996,2.75680002838396,96131.555147704,65379,1,0.345890956996228,2080,64,2,1,6.5,9.5,8.8,11.2
433,13,20565636,greedy_combined_B9,greedy_combined,9,9,low_snr_hard,1,150,0.3,0.83,0.37,20,1,7.62,8.34,10.12,10.36,7.585,8.415,10.125,10.495,1,1,1,1,0.0585234995535977,0.0955248658727151,-0.0199999999999996,-0.109999999999999,-0.0700000000000021,-0.130000000000001,0.130000000000001,0.24,0.370000000000001,0,0,0.526167737478049,0.243033547406603,0.251544614610716,9.19378568099996,2.75680002838396,96045.1139056685,65379,1,0.345890956996228,2080,64,2,1,6.5,9.5,8.8,11.2
434,14,20565637,greedy_combined_B9,greedy_combined,9,9,low_snr_hard,1,150,0.3,0.83,0.37,20,1,7.62,8.34,10.12,10.36,7.585,8.415,10.125,10.495,1,1,1,1,0.0585234995535977,0.0955248658727151,-0.0199999999999996,-0.109999999999999,-0.0700000000000021,-0.130000000000001,0.130000000000001,0.24,0.370000000000001,0,0,0.526167737478049,0.243033547406603,0.251544614610716,9.19378568099996,2.75680002838396,96014.7411513066,65379,1,0.345890956996228,2080,64,2,1,6.5,9.5,8.8,11.2
435,15,20565638,greedy_combined_B9,greedy_combined,9,9,low_snr_hard,1,150,0.3,0.83,0.37,20,1,7.62,8.34,10.12,10.36,7.585,8.415,10.125,10.495,1,1,1,1,0.0585234995535977,0.0955248658727151,-0.0199999999999996,-0.109999999999999,-0.0700000000000021,-0.130000000000001,0.130000000000001,0.24,0.370000000000001,0,0,0.526167737478049,0.243033547406603,0.251544614610716,9.19378568099996,2.75680002838396,96102.0958151934,65379,1,0.345890956996228,2080,64,2,1,6.5,9.5,8.8,11.2
436,16,20565639,greedy_combined_B9,greedy_combined,9,9,low_snr_hard,1,150,0.3,0.83,0.37,20,1,7.62,8.34,10.12,10.36,7.585,8.415,10.125,10.495,1,1,1,1,0.0585234995535977,0.0955248658727151,-0.0199999999999996,-0.109999999999999,-0.0700000000000021,-0.130000000000001,0.130000000000001,0.24,0.370000000000001,0,0,0.526167737478049,0.243033547406603,0.251544614610716,9.19378568099996,2.75680002838396,96058.4022552319,65379,1,0.345890956996228,2080,64,2,1,6.5,9.5,8.8,11.2
437,17,20565640,greedy_combined_B9,greedy_combined,9,9,low_snr_hard,1,150,0.3,0.83,0.37,20,1,7.62,8.34,10.12,10.36,7.585,8.415,10.125,10.495,1,1,1,1,0.0585234995535977,0.0955248658727151,-0.0199999999999996,-0.109999999999999,-0.0700000000000021,-0.130000000000001,0.130000000000001,0.24,0.370000000000001,0,0,0.526167737478049,0.243033547406603,0.251544614610716,9.19378568099996,2.75680002838396,96086.7300505611,65379,1,0.345890956996228,2080,64,2,1,6.5,9.5,8.8,11.2
438,18,20565641,greedy_combined_B9,greedy_combined,9,9,low_snr_hard,1,150,0.3,0.83,0.37,20,1,7.62,8.34,10.12,10.36,7.585,8.415,10.125,10.495,1,1,1,1,0.0585234995535977,0.0955248658727151,-0.0199999999999996,-0.109999999999999,-0.0700000000000021,-0.130000000000001,0.130000000000001,0.24,0.370000000000001,0,0,0.526167737478049,0.243033547406603,0.251544614610716,9.19378568099996,2.75680002838396,96055.1219360931,65379,1,0.345890956996228,2080,64,2,1,6.5,9.5,8.8,11.2
439,19,20565642,greedy_combined_B9,greedy_combined,9,9,low_snr_hard,1,150,0.3,0.83,0.37,20,1,7.62,8.34,10.12,10.36,7.585,8.415,10.125,10.495,1,1,1,1,0.0585234995535977,0.0955248658727151,-0.0199999999999996,-0.109999999999999,-0.0700000000000021,-0.130000000000001,0.130000000000001,0.24,0.370000000000001,0,0,0.526167737478049,0.243033547406603,0.251544614610716,9.19378568099996,2.75680002838396,96093.7871419778,65379,1,0.345890956996228,2080,64,2,1,6.5,9.5,8.8,11.2
440,20,20565643,greedy_combined_B9,greedy_combined,9,9,low_snr_hard,1,150,0.3,0.83,0.37,20,1,7.62,8.34,10.12,10.36,7.585,8.415,10.125,10.495,1,1,1,1,0.0585234995535977,0.0955248658727151,-0.0199999999999996,-0.109999999999999,-0.0700000000000021,-0.130000000000001,0.130000000000001,0.24,0.370000000000001,0,0,0.526167737478049,0.243033547406603,0.251544614610716,9.19378568099996,2.75680002838396,96107.2735235199,65379,1,0.345890956996228,2080,64,2,1,6.5,9.5,8.8,11.2
441,21,20565644,greedy_combined_B9,greedy_combined,9,9,low_snr_hard,1,150,0.3,0.83,0.37,20,1,7.62,8.34,10.12,10.36,7.585,8.415,10.125,10.495,1,1,1,1,0.0585234995535977,0.0955248658727151,-0.0199999999999996,-0.109999999999999,-0.0700000000000021,-0.130000000000001,0.130000000000001,0.24,0.370000000000001,0,0,0.526167737478049,0.243033547406603,0.251544614610716,9.19378568099996,2.75680002838396,96082.3514031404,65379,1,0.345890956996228,2080,64,2,1,6.5,9.5,8.8,11.2
442,22,20565645,greedy_combined_B9,greedy_combined,9,9,low_snr_hard,1,150,0.3,0.83,0.37,20,1,7.62,8.34,10.12,10.36,7.585,8.415,10.125,10.495,1,1,1,1,0.0585234995535977,0.0955248658727151,-0.0199999999999996,-0.109999999999999,-0.0700000000000021,-0.130000000000001,0.130000000000001,0.24,0.370000000000001,0,0,0.526167737478049,0.243033547406603,0.251544614610716,9.19378568099996,2.75680002838396,96077.5908000254,65379,1,0.345890956996228,2080,64,2,1,6.5,9.5,8.8,11.2
443,23,20565646,greedy_combined_B9,greedy_combined,9,9,low_snr_hard,1,150,0.3,0.83,0.37,20,1,7.62,8.34,10.12,10.36,7.585,8.415,10.125,10.495,1,1,1,1,0.0585234995535977,0.0955248658727151,-0.0199999999999996,-0.109999999999999,-0.0700000000000021,-0.130000000000001,0.130000000000001,0.24,0.370000000000001,0,0,0.526167737478049,0.243033547406603,0.251544614610716,9.19378568099996,2.75680002838396,96029.3919063101,65379,1,0.345890956996228,2080,64,2,1,6.5,9.5,8.8,11.2
444,24,20565647,greedy_combined_B9,greedy_combined,9,9,low_snr_hard,1,150,0.3,0.83,0.37,20,1,7.62,8.34,10.12,10.36,7.585,8.415,10.125,10.495,1,1,1,1,0.0585234995535977,0.0955248658727151,-0.0199999999999996,-0.109999999999999,-0.0700000000000021,-0.130000000000001,0.130000000000001,0.24,0.370000000000001,0,0,0.526167737478049,0.243033547406603,0.251544614610716,9.19378568099996,2.75680002838396,96045.7023464516,65379,1,0.345890956996228,2080,64,2,1,6.5,9.5,8.8,11.2
445,25,20565648,greedy_combined_B9,greedy_combined,9,9,low_snr_hard,1,150,0.3,0.83,0.37,20,1,7.62,8.34,10.12,10.36,7.585,8.415,10.125,10.495,1,1,1,1,0.0585234995535977,0.0955248658727151,-0.0199999999999996,-0.109999999999999,-0.0700000000000021,-0.130000000000001,0.130000000000001,0.24,0.370000000000001,0,0,0.526167737478049,0.243033547406603,0.251544614610716,9.19378568099996,2.75680002838396,96027.0239104772,65379,1,0.345890956996228,2080,64,2,1,6.5,9.5,8.8,11.2
446,26,20565649,greedy_combined_B9,greedy_combined,9,9,low_snr_hard,1,150,0.3,0.83,0.37,20,1,7.62,8.34,10.12,10.36,7.585,8.415,10.125,10.495,1,1,1,1,0.0585234995535977,0.0955248658727151,-0.0199999999999996,-0.109999999999999,-0.0700000000000021,-0.130000000000001,0.130000000000001,0.24,0.370000000000001,0,0,0.526167737478049,0.243033547406603,0.251544614610716,9.19378568099996,2.75680002838396,96041.1563609099,65379,1,0.345890956996228,2080,64,2,1,6.5,9.5,8.8,11.2
447,27,20565650,greedy_combined_B9,greedy_combined,9,9,low_snr_hard,1,150,0.3,0.83,0.37,20,1,7.62,8.34,10.12,10.36,7.585,8.415,10.125,10.495,1,1,1,1,0.0585234995535977,0.0955248658727151,-0.0199999999999996,-0.109999999999999,-0.0700000000000021,-0.130000000000001,0.130000000000001,0.24,0.370000000000001,0,0,0.526167737478049,0.243033547406603,0.251544614610716,9.19378568099996,2.75680002838396,96015.7581288197,65379,1,0.345890956996228,2080,64,2,1,6.5,9.5,8.8,11.2
448,28,20565651,greedy_combined_B9,greedy_combined,9,9,low_snr_hard,1,150,0.3,0.83,0.37,20,1,7.62,8.34,10.12,10.36,7.585,8.415,10.125,10.495,1,1,1,1,0.0585234995535977,0.0955248658727151,-0.0199999999999996,-0.109999999999999,-0.0700000000000021,-0.130000000000001,0.130000000000001,0.24,0.370000000000001,0,0,0.526167737478049,0.243033547406603,0.251544614610716,9.19378568099996,2.75680002838396,96026.5423051624,65379,1,0.345890956996228,2080,64,2,1,6.5,9.5,8.8,11.2
449,29,20565652,greedy_combined_B9,greedy_combined,9,9,low_snr_hard,1,150,0.3,0.83,0.37,20,1,7.62,8.34,10.12,10.36,7.585,8.415,10.125,10.495,1,1,1,1,0.0585234995535977,0.0955248658727151,-0.0199999999999996,-0.109999999999999,-0.0700000000000021,-0.130000000000001,0.130000000000001,0.24,0.370000000000001,0,0,0.526167737478049,0.243033547406603,0.251544614610716,9.19378568099996,2.75680002838396,96087.9176359334,65379,1,0.345890956996228,2080,64,2,1,6.5,9.5,8.8,11.2
450,30,20565653,greedy_combined_B9,greedy_combined,9,9,low_snr_hard,1,150,0.3,0.83,0.37,20,1,7.62,8.34,10.12,10.36,7.585,8.415,10.125,10.495,1,1,1,1,0.0585234995535977,0.0955248658727151,-0.0199999999999996,-0.109999999999999,-0.0700000000000021,-0.130000000000001,0.130000000000001,0.24,0.370000000000001,0,0,0.526167737478049,0.243033547406603,0.251544614610716,9.19378568099996,2.75680002838396,96166.8774675392,65379,1,0.345890956996228,2080,64,2,1,6.5,9.5,8.8,11.2
451,1,20661624,greedy_combined_B15,greedy_combined,15,15,easy_noncoherent,0,0,1,1.27,0.67,30,0.18593415330846,7.38,8.66,10,10.48,7.365,8.635,9.975,10.645,1,1,1,1,0.0206155281280884,0.118004237212061,0.0199999999999996,0.0100000000000007,-0.0700000000000021,-0.190000000000003,0.190000000000003,0.479999999999999,0.670000000000002,0,0,0.328144616383204,0.242297872911306,0.270235756744828,554.376781392181,1.30045245789117,225996.339595457,65379,1,0.107876742889722,2080,64,2,1,6.5,9.5,8.8,11.2
452,2,20661625,greedy_combined_B15,greedy_combined,15,15,easy_noncoherent,0,0,1,1.27,0.67,30,0.0689830816486451,7.38,8.66,10,10.48,7.365,8.635,9.975,10.645,1,1,1,1,0.0206155281280884,0.118004237212061,0.0199999999999996,0.0100000000000007,-0.0700000000000021,-0.190000000000003,0.190000000000003,0.479999999999999,0.670000000000002,0,0,0.328144616383204,0.242297872911306,0.270235756744828,554.376781392181,1.30045245789117,229874.325925306,65379,1,0.107876742889722,2080,64,2,1,6.5,9.5,8.8,11.2
453,3,20661626,greedy_combined_B15,greedy_combined,15,15,easy_noncoherent,0,0,1,1.27,0.67,30,0.0501267069892939,7.38,8.66,10,10.48,7.365,8.635,9.975,10.645,1,1,1,1,0.0206155281280884,0.118004237212061,0.0199999999999996,0.0100000000000007,-0.0700000000000021,-0.190000000000003,0.190000000000003,0.479999999999999,0.670000000000002,0,0,0.328144616383204,0.242297872911306,0.270235756744828,554.376781392181,1.30045245789117,228336.001305034,65379,1,0.107876742889722,2080,64,2,1,6.5,9.5,8.8,11.2
454,4,20661627,greedy_combined_B15,greedy_combined,15,15,easy_noncoherent,0,0,1,1.27,0.67,30,0.0585401535936799,7.38,8.66,10,10.48,7.365,8.635,9.975,10.645,1,1,1,1,0.0206155281280884,0.118004237212061,0.0199999999999996,0.0100000000000007,-0.0700000000000021,-0.190000000000003,0.190000000000003,0.479999999999999,0.670000000000002,0,0,0.328144616383204,0.242297872911306,0.270235756744828,554.376781392181,1.30045245789117,228015.121708711,65379,1,0.107876742889722,2080,64,2,1,6.5,9.5,8.8,11.2
455,5,20661628,greedy_combined_B15,greedy_combined,15,15,easy_noncoherent,0,0,1,1.27,0.67,30,0.00993611435390023,7.38,8.66,10,10.48,7.365,8.635,9.975,10.645,1,1,1,1,0.0206155281280884,0.118004237212061,0.0199999999999996,0.0100000000000007,-0.0700000000000021,-0.190000000000003,0.190000000000003,0.479999999999999,0.670000000000002,0,0,0.328144616383204,0.242297872911306,0.270235756744828,554.376781392181,1.30045245789117,229431.112838758,65379,1,0.107876742889722,2080,64,2,1,6.5,9.5,8.8,11.2
456,6,20661629,greedy_combined_B15,greedy_combined,15,15,easy_noncoherent,0,0,1,1.27,0.67,30,0.0897051976696143,7.38,8.66,10,10.48,7.365,8.635,9.975,10.645,1,1,1,1,0.0206155281280884,0.118004237212061,0.0199999999999996,0.0100000000000007,-0.0700000000000021,-0.190000000000003,0.190000000000003,0.479999999999999,0.670000000000002,0,0,0.328144616383204,0.242297872911306,0.270235756744828,554.376781392181,1.30045245789117,231614.852801107,65379,1,0.107876742889722,2080,64,2,1,6.5,9.5,8.8,11.2
457,7,20661630,greedy_combined_B15,greedy_combined,15,15,easy_noncoherent,0,0,1,1.27,0.67,30,0.0676928759046717,7.38,8.66,10,10.48,7.365,8.635,9.975,10.645,1,1,1,1,0.0206155281280884,0.118004237212061,0.0199999999999996,0.0100000000000007,-0.0700000000000021,-0.190000000000003,0.190000000000003,0.479999999999999,0.670000000000002,0,0,0.328144616383204,0.242297872911306,0.270235756744828,554.376781392181,1.30045245789117,231111.824650867,65379,1,0.107876742889722,2080,64,2,1,6.5,9.5,8.8,11.2
458,8,20661631,greedy_combined_B15,greedy_combined,15,15,easy_noncoherent,0,0,1,1.27,0.67,30,0.0762546208885967,7.38,8.66,10,10.48,7.365,8.635,9.975,10.645,1,1,1,1,0.0206155281280884,0.118004237212061,0.0199999999999996,0.0100000000000007,-0.0700000000000021,-0.190000000000003,0.190000000000003,0.479999999999999,0.670000000000002,0,0,0.328144616383204,0.242297872911306,0.270235756744828,554.376781392181,1.30045245789117,228308.684540812,65379,1,0.107876742889722,2080,64,2,1,6.5,9.5,8.8,11.2
459,9,20661632,greedy_combined_B15,greedy_combined,15,15,easy_noncoherent,0,0,1,1.27,0.67,30,0.101151381324252,7.38,8.66,10,10.48,7.365,8.635,9.975,10.645,1,1,1,1,0.0206155281280884,0.118004237212061,0.0199999999999996,0.0100000000000007,-0.0700000000000021,-0.190000000000003,0.190000000000003,0.479999999999999,0.670000000000002,0,0,0.328144616383204,0.242297872911306,0.270235756744828,554.376781392181,1.30045245789117,226993.287117631,65379,1,0.107876742889722,2080,64,2,1,6.5,9.5,8.8,11.2
460,10,20661633,greedy_combined_B15,greedy_combined,15,15,easy_noncoherent,0,0,1,1.27,0.67,30,0.157532459751207,7.38,8.66,10,10.48,7.365,8.635,9.975,10.645,1,1,1,1,0.0206155281280884,0.118004237212061,0.0199999999999996,0.0100000000000007,-0.0700000000000021,-0.190000000000003,0.190000000000003,0.479999999999999,0.670000000000002,0,0,0.328144616383204,0.242297872911306,0.270235756744828,554.376781392181,1.30045245789117,228232.986119298,65379,1,0.107876742889722,2080,64,2,1,6.5,9.5,8.8,11.2
461,11,20661634,greedy_combined_B15,greedy_combined,15,15,easy_noncoherent,0,0,1,1.27,0.67,30,0.0567580596091949,7.38,8.66,10,10.48,7.365,8.635,9.975,10.645,1,1,1,1,0.0206155281280884,0.118004237212061,0.0199999999999996,0.0100000000000007,-0.0700000000000021,-0.190000000000003,0.190000000000003,0.479999999999999,0.670000000000002,0,0,0.328144616383204,0.242297872911306,0.270235756744828,554.376781392181,1.30045245789117,230168.416772701,65379,1,0.107876742889722,2080,64,2,1,6.5,9.5,8.8,11.2
462,12,20661635,greedy_combined_B15,greedy_combined,15,15,easy_noncoherent,0,0,1,1.27,0.67,30,0.122994956792119,7.38,8.66,10,10.48,7.365,8.635,9.975,10.645,1,1,1,1,0.0206155281280884,0.118004237212061,0.0199999999999996,0.0100000000000007,-0.0700000000000021,-0.190000000000003,0.190000000000003,0.479999999999999,0.670000000000002,0,0,0.328144616383204,0.242297872911306,0.270235756744828,554.376781392181,1.30045245789117,232170.949719279,65379,1,0.107876742889722,2080,64,2,1,6.5,9.5,8.8,11.2
463,13,20661636,greedy_combined_B15,greedy_combined,15,15,easy_noncoherent,0,0,1,1.27,0.67,30,0.0672558982490276,7.38,8.66,10,10.48,7.365,8.635,9.975,10.645,1,1,1,1,0.0206155281280884,0.118004237212061,0.0199999999999996,0.0100000000000007,-0.0700000000000021,-0.190000000000003,0.190000000000003,0.479999999999999,0.670000000000002,0,0,0.328144616383204,0.242297872911306,0.270235756744828,554.376781392181,1.30045245789117,228835.072039786,65379,1,0.107876742889722,2080,64,2,1,6.5,9.5,8.8,11.2
464,14,20661637,greedy_combined_B15,greedy_combined,15,15,easy_noncoherent,0,0,1,1.27,0.67,30,0.1882297106783,7.38,8.66,10,10.48,7.365,8.635,9.975,10.645,1,1,1,1,0.0206155281280884,0.118004237212061,0.0199999999999996,0.0100000000000007,-0.0700000000000021,-0.190000000000003,0.190000000000003,0.479999999999999,0.670000000000002,0,0,0.328144616383204,0.242297872911306,0.270235756744828,554.376781392181,1.30045245789117,233958.952243517,65379,1,0.107876742889722,2080,64,2,1,6.5,9.5,8.8,11.2
465,15,20661638,greedy_combined_B15,greedy_combined,15,15,easy_noncoherent,0,0,1,1.27,0.67,30,0.11232392507423,7.38,8.66,10,10.48,7.365,8.635,9.975,10.645,1,1,1,1,0.0206155281280884,0.118004237212061,0.0199999999999996,0.0100000000000007,-0.0700000000000021,-0.190000000000003,0.190000000000003,0.479999999999999,0.670000000000002,0,0,0.328144616383204,0.242297872911306,0.270235756744828,554.376781392181,1.30045245789117,229346.534840749,65379,1,0.107876742889722,2080,64,2,1,6.5,9.5,8.8,11.2
466,16,20661639,greedy_combined_B15,greedy_combined,15,15,easy_noncoherent,0,0,1,1.27,0.67,30,0.112018910758109,7.38,8.66,10,10.48,7.365,8.635,9.975,10.645,1,1,1,1,0.0206155281280884,0.118004237212061,0.0199999999999996,0.0100000000000007,-0.0700000000000021,-0.190000000000003,0.190000000000003,0.479999999999999,0.670000000000002,0,0,0.328144616383204,0.242297872911306,0.270235756744828,554.376781392181,1.30045245789117,227528.974031538,65379,1,0.107876742889722,2080,64,2,1,6.5,9.5,8.8,11.2
467,17,20661640,greedy_combined_B15,greedy_combined,15,15,easy_noncoherent,0,0,1,1.27,0.67,30,0.193301815748665,7.38,8.66,10,10.48,7.365,8.635,9.975,10.645,1,1,1,1,0.0206155281280884,0.118004237212061,0.0199999999999996,0.0100000000000007,-0.0700000000000021,-0.190000000000003,0.190000000000003,0.479999999999999,0.670000000000002,0,0,0.328144616383204,0.242297872911306,0.270235756744828,554.376781392181,1.30045245789117,232208.852653612,65379,1,0.107876742889722,2080,64,2,1,6.5,9.5,8.8,11.2
468,18,20661641,greedy_combined_B15,greedy_combined,15,15,easy_noncoherent,0,0,1,1.27,0.67,30,0.278300103374393,7.38,8.66,10,10.48,7.365,8.635,9.975,10.645,1,1,1,1,0.0206155281280884,0.118004237212061,0.0199999999999996,0.0100000000000007,-0.0700000000000021,-0.190000000000003,0.190000000000003,0.479999999999999,0.670000000000002,0,0,0.328144616383204,0.242297872911306,0.270235756744828,554.376781392181,1.30045245789117,229990.492999173,65379,1,0.107876742889722,2080,64,2,1,6.5,9.5,8.8,11.2
469,19,20661642,greedy_combined_B15,greedy_combined,15,15,easy_noncoherent,0,0,1,1.27,0.67,30,0.143906311211233,7.38,8.66,10,10.48,7.365,8.635,9.975,10.645,1,1,1,1,0.0206155281280884,0.118004237212061,0.0199999999999996,0.0100000000000007,-0.0700000000000021,-0.190000000000003,0.190000000000003,0.479999999999999,0.670000000000002,0,0,0.328144616383204,0.242297872911306,0.270235756744828,554.376781392181,1.30045245789117,229748.97006466,65379,1,0.107876742889722,2080,64,2,1,6.5,9.5,8.8,11.2
470,20,20661643,greedy_combined_B15,greedy_combined,15,15,easy_noncoherent,0,0,1,1.27,0.67,30,0.0302921699064198,7.38,8.66,10,10.48,7.365,8.635,9.975,10.645,1,1,1,1,0.0206155281280884,0.118004237212061,0.0199999999999996,0.0100000000000007,-0.0700000000000021,-0.190000000000003,0.190000000000003,0.479999999999999,0.670000000000002,0,0,0.328144616383204,0.242297872911306,0.270235756744828,554.376781392181,1.30045245789117,228637.117193406,65379,1,0.107876742889722,2080,64,2,1,6.5,9.5,8.8,11.2
471,21,20661644,greedy_combined_B15,greedy_combined,15,15,easy_noncoherent,0,0,1,1.27,0.67,30,0.0744924293922169,7.38,8.66,10,10.48,7.365,8.635,9.975,10.645,1,1,1,1,0.0206155281280884,0.118004237212061,0.0199999999999996,0.0100000000000007,-0.0700000000000021,-0.190000000000003,0.190000000000003,0.479999999999999,0.670000000000002,0,0,0.328144616383204,0.242297872911306,0.270235756744828,554.376781392181,1.30045245789117,230813.424440235,65379,1,0.107876742889722,2080,64,2,1,6.5,9.5,8.8,11.2
472,22,20661645,greedy_combined_B15,greedy_combined,15,15,easy_noncoherent,0,0,1,1.27,0.67,30,0.113492511131775,7.38,8.66,10,10.48,7.365,8.635,9.975,10.645,1,1,1,1,0.0206155281280884,0.118004237212061,0.0199999999999996,0.0100000000000007,-0.0700000000000021,-0.190000000000003,0.190000000000003,0.479999999999999,0.670000000000002,0,0,0.328144616383204,0.242297872911306,0.270235756744828,554.376781392181,1.30045245789117,232134.000688301,65379,1,0.107876742889722,2080,64,2,1,6.5,9.5,8.8,11.2
473,23,20661646,greedy_combined_B15,greedy_combined,15,15,easy_noncoherent,0,0,1,1.27,0.67,30,0.0778107678618289,7.38,8.66,10,10.48,7.365,8.635,9.975,10.645,1,1,1,1,0.0206155281280884,0.118004237212061,0.0199999999999996,0.0100000000000007,-0.0700000000000021,-0.190000000000003,0.190000000000003,0.479999999999999,0.670000000000002,0,0,0.328144616383204,0.242297872911306,0.270235756744828,554.376781392181,1.30045245789117,228751.987211032,65379,1,0.107876742889722,2080,64,2,1,6.5,9.5,8.8,11.2
474,24,20661647,greedy_combined_B15,greedy_combined,15,15,easy_noncoherent,0,0,1,1.27,0.67,30,0.0132704209618144,7.38,8.66,10,10.48,7.365,8.635,9.975,10.645,1,1,1,1,0.0206155281280884,0.118004237212061,0.0199999999999996,0.0100000000000007,-0.0700000000000021,-0.190000000000003,0.190000000000003,0.479999999999999,0.670000000000002,0,0,0.328144616383204,0.242297872911306,0.270235756744828,554.376781392181,1.30045245789117,229737.105394456,65379,1,0.107876742889722,2080,64,2,1,6.5,9.5,8.8,11.2
475,25,20661648,greedy_combined_B15,greedy_combined,15,15,easy_noncoherent,0,0,1,1.27,0.67,30,0.0880053978066945,7.38,8.66,10,10.48,7.365,8.635,9.975,10.645,1,1,1,1,0.0206155281280884,0.118004237212061,0.0199999999999996,0.0100000000000007,-0.0700000000000021,-0.190000000000003,0.190000000000003,0.479999999999999,0.670000000000002,0,0,0.328144616383204,0.242297872911306,0.270235756744828,554.376781392181,1.30045245789117,231510.971232349,65379,1,0.107876742889722,2080,64,2,1,6.5,9.5,8.8,11.2
476,26,20661649,greedy_combined_B15,greedy_combined,15,15,easy_noncoherent,0,0,1,1.27,0.67,30,0.0952063689976931,7.38,8.66,10,10.48,7.365,8.635,9.975,10.645,1,1,1,1,0.0206155281280884,0.118004237212061,0.0199999999999996,0.0100000000000007,-0.0700000000000021,-0.190000000000003,0.190000000000003,0.479999999999999,0.670000000000002,0,0,0.328144616383204,0.242297872911306,0.270235756744828,554.376781392181,1.30045245789117,230670.718320067,65379,1,0.107876742889722,2080,64,2,1,6.5,9.5,8.8,11.2
477,27,20661650,greedy_combined_B15,greedy_combined,15,15,easy_noncoherent,0,0,1,1.27,0.67,30,0.131806868176752,7.38,8.66,10,10.48,7.365,8.635,9.975,10.645,1,1,1,1,0.0206155281280884,0.118004237212061,0.0199999999999996,0.0100000000000007,-0.0700000000000021,-0.190000000000003,0.190000000000003,0.479999999999999,0.670000000000002,0,0,0.328144616383204,0.242297872911306,0.270235756744828,554.376781392181,1.30045245789117,230343.585082616,65379,1,0.107876742889722,2080,64,2,1,6.5,9.5,8.8,11.2
478,28,20661651,greedy_combined_B15,greedy_combined,15,15,easy_noncoherent,0,0,1,1.27,0.67,30,0.168925916317731,7.38,8.66,10,10.48,7.365,8.635,9.975,10.645,1,1,1,1,0.0206155281280884,0.118004237212061,0.0199999999999996,0.0100000000000007,-0.0700000000000021,-0.190000000000003,0.190000000000003,0.479999999999999,0.670000000000002,0,0,0.328144616383204,0.242297872911306,0.270235756744828,554.376781392181,1.30045245789117,227202.945090332,65379,1,0.107876742889722,2080,64,2,1,6.5,9.5,8.8,11.2
479,29,20661652,greedy_combined_B15,greedy_combined,15,15,easy_noncoherent,0,0,1,1.27,0.67,30,0.285595908827038,7.38,8.66,10,10.48,7.365,8.635,9.975,10.645,1,1,1,1,0.0206155281280884,0.118004237212061,0.0199999999999996,0.0100000000000007,-0.0700000000000021,-0.190000000000003,0.190000000000003,0.479999999999999,0.670000000000002,0,0,0.328144616383204,0.242297872911306,0.270235756744828,554.376781392181,1.30045245789117,236561.445534894,65379,1,0.107876742889722,2080,64,2,1,6.5,9.5,8.8,11.2
480,30,20661653,greedy_combined_B15,greedy_combined,15,15,easy_noncoherent,0,0,1,1.27,0.67,30,0.154591064857971,7.38,8.66,10,10.48,7.365,8.635,9.975,10.645,1,1,1,1,0.0206155281280884,0.118004237212061,0.0199999999999996,0.0100000000000007,-0.0700000000000021,-0.190000000000003,0.190000000000003,0.479999999999999,0.670000000000002,0,0,0.328144616383204,0.242297872911306,0.270235756744828,554.376781392181,1.30045245789117,233252.905710616,65379,1,0.107876742889722,2080,64,2,1,6.5,9.5,8.8,11.2
481,1,20662624,greedy_combined_B15,greedy_combined,15,15,strong_coherent,0.99,5,1,1.27,0.37,30,0.990026084075723,7.38,8.66,10.12,10.6,7.365,8.635,10.125,10.495,1,1,1,1,0.0206155281280884,0.0743303437365916,0.0199999999999996,0.0100000000000007,0.0499999999999989,0.109999999999999,0.109999999999999,0.48,0.370000000000001,0,0,0.328144616383204,0.242297872911306,0.270235756744828,554.376781392181,1.28942818555064,209406.92614775,65379,1,0.127977644385882,2080,64,2,1,6.5,9.5,8.8,11.2
482,2,20662625,greedy_combined_B15,greedy_combined,15,15,strong_coherent,0.99,5,1,1.27,0.37,30,0.990486941886341,7.38,8.66,10.12,10.6,7.365,8.635,10.125,10.495,1,1,1,1,0.0206155281280884,0.0743303437365916,0.0199999999999996,0.0100000000000007,0.0499999999999989,0.109999999999999,0.109999999999999,0.48,0.370000000000001,0,0,0.328144616383204,0.242297872911306,0.270235756744828,554.376781392181,1.28942818555064,209585.959422799,65379,1,0.127977644385882,2080,64,2,1,6.5,9.5,8.8,11.2
483,3,20662626,greedy_combined_B15,greedy_combined,15,15,strong_coherent,0.99,5,1,1.27,0.37,30,0.990134078902258,7.38,8.66,10.12,10.6,7.365,8.635,10.125,10.495,1,1,1,1,0.0206155281280884,0.0743303437365916,0.0199999999999996,0.0100000000000007,0.0499999999999989,0.109999999999999,0.109999999999999,0.48,0.370000000000001,0,0,0.328144616383204,0.242297872911306,0.270235756744828,554.376781392181,1.28942818555064,209443.179779821,65379,1,0.127977644385882,2080,64,2,1,6.5,9.5,8.8,11.2
484,4,20662627,greedy_combined_B15,greedy_combined,15,15,strong_coherent,0.99,5,1,1.27,0.37,30,0.990049546207017,7.38,8.66,10.12,10.6,7.365,8.635,10.125,10.495,1,1,1,1,0.0206155281280884,0.0743303437365916,0.0199999999999996,0.0100000000000007,0.0499999999999989,0.109999999999999,0.109999999999999,0.48,0.370000000000001,0,0,0.328144616383204,0.242297872911306,0.270235756744828,554.376781392181,1.28942818555064,209365.42146692,65379,1,0.127977644385882,2080,64,2,1,6.5,9.5,8.8,11.2
485,5,20662628,greedy_combined_B15,greedy_combined,15,15,strong_coherent,0.99,5,1,1.27,0.37,30,0.989878017365786,7.38,8.66,10.12,10.6,7.365,8.635,10.125,10.495,1,1,1,1,0.0206155281280884,0.0743303437365916,0.0199999999999996,0.0100000000000007,0.0499999999999989,0.109999999999999,0.109999999999999,0.48,0.370000000000001,0,0,0.328144616383204,0.242297872911306,0.270235756744828,554.376781392181,1.28942818555064,209232.713322013,65379,1,0.127977644385882,2080,64,2,1,6.5,9.5,8.8,11.2
486,6,20662629,greedy_combined_B15,greedy_combined,15,15,strong_coherent,0.99,5,1,1.27,0.37,30,0.990304907560927,7.38,8.66,10.12,10.6,7.365,8.635,10.125,10.495,1,1,1,1,0.0206155281280884,0.0743303437365916,0.0199999999999996,0.0100000000000007,0.0499999999999989,0.109999999999999,0.109999999999999,0.48,0.370000000000001,0,0,0.328144616383204,0.242297872911306,0.270235756744828,554.376781392181,1.28942818555064,208926.981780832,65379,1,0.127977644385882,2080,64,2,1,6.5,9.5,8.8,11.2
487,7,20662630,greedy_combined_B15,greedy_combined,15,15,strong_coherent,0.99,5,1,1.27,0.37,30,0.99000509334205,7.38,8.66,10.12,10.6,7.365,8.635,10.125,10.495,1,1,1,1,0.0206155281280884,0.0743303437365916,0.0199999999999996,0.0100000000000007,0.0499999999999989,0.109999999999999,0.109999999999999,0.48,0.370000000000001,0,0,0.328144616383204,0.242297872911306,0.270235756744828,554.376781392181,1.28942818555064,209329.63166626,65379,1,0.127977644385882,2080,64,2,1,6.5,9.5,8.8,11.2
488,8,20662631,greedy_combined_B15,greedy_combined,15,15,strong_coherent,0.99,5,1,1.27,0.37,30,0.990203782254137,7.38,8.66,10.12,10.6,7.365,8.635,10.125,10.495,1,1,1,1,0.0206155281280884,0.0743303437365916,0.0199999999999996,0.0100000000000007,0.0499999999999989,0.109999999999999,0.109999999999999,0.48,0.370000000000001,0,0,0.328144616383204,0.242297872911306,0.270235756744828,554.376781392181,1.28942818555064,209493.723857877,65379,1,0.127977644385882,2080,64,2,1,6.5,9.5,8.8,11.2
489,9,20662632,greedy_combined_B15,greedy_combined,15,15,strong_coherent,0.99,5,1,1.27,0.37,30,0.990694390200467,7.38,8.66,10.12,10.6,7.365,8.635,10.125,10.495,1,1,1,1,0.0206155281280884,0.0743303437365916,0.0199999999999996,0.0100000000000007,0.0499999999999989,0.109999999999999,0.109999999999999,0.48,0.370000000000001,0,0,0.328144616383204,0.242297872911306,0.270235756744828,554.376781392181,1.28942818555064,209176.285393943,65379,1,0.127977644385882,2080,64,2,1,6.5,9.5,8.8,11.2
490,10,20662633,greedy_combined_B15,greedy_combined,15,15,strong_coherent,0.99,5,1,1.27,0.37,30,0.989806989950276,7.38,8.66,10.12,10.6,7.365,8.635,10.125,10.495,1,1,1,1,0.0206155281280884,0.0743303437365916,0.0199999999999996,0.0100000000000007,0.0499999999999989,0.109999999999999,0.109999999999999,0.48,0.370000000000001,0,0,0.328144616383204,0.242297872911306,0.270235756744828,554.376781392181,1.28942818555064,209315.228541037,65379,1,0.127977644385882,2080,64,2,1,6.5,9.5,8.8,11.2
491,11,20662634,greedy_combined_B15,greedy_combined,15,15,strong_coherent,0.99,5,1,1.27,0.37,30,0.990111381644948,7.38,8.66,10.12,10.6,7.365,8.635,10.125,10.495,1,1,1,1,0.0206155281280884,0.0743303437365916,0.0199999999999996,0.0100000000000007,0.0499999999999989,0.109999999999999,0.109999999999999,0.48,0.370000000000001,0,0,0.328144616383204,0.242297872911306,0.270235756744828,554.376781392181,1.28942818555064,209601.087702229,65379,1,0.127977644385882,2080,64,2,1,6.5,9.5,8.8,11.2
492,12,20662635,greedy_combined_B15,greedy_combined,15,15,strong_coherent,0.99,5,1,1.27,0.37,30,0.990231193021865,7.38,8.66,10.12,10.6,7.365,8.635,10.125,10.495,1,1,1,1,0.0206155281280884,0.0743303437365916,0.0199999999999996,0.0100000000000007,0.0499999999999989,0.109999999999999,0.109999999999999,0.48,0.370000000000001,0,0,0.328144616383204,0.242297872911306,0.270235756744828,554.376781392181,1.28942818555064,209678.773796576,65379,1,0.127977644385882,2080,64,2,1,6.5,9.5,8.8,11.2
493,13,20662636,greedy_combined_B15,greedy_combined,15,15,strong_coherent,0.99,5,1,1.27,0.37,30,0.990860961095434,7.38,8.66,10.12,10.6,7.365,8.635,10.125,10.495,1,1,1,1,0.0206155281280884,0.0743303437365916,0.0199999999999996,0.0100000000000007,0.0499999999999989,0.109999999999999,0.109999999999999,0.48,0.370000000000001,0,0,0.328144616383204,0.242297872911306,0.270235756744828,554.376781392181,1.28942818555064,209163.139426377,65379,1,0.127977644385882,2080,64,2,1,6.5,9.5,8.8,11.2
494,14,20662637,greedy_combined_B15,greedy_combined,15,15,strong_coherent,0.99,5,1,1.27,0.37,30,0.990965623666968,7.38,8.66,10.12,10.6,7.365,8.635,10.125,10.495,1,1,1,1,0.0206155281280884,0.0743303437365916,0.0199999999999996,0.0100000000000007,0.0499999999999989,0.109999999999999,0.109999999999999,0.48,0.370000000000001,0,0,0.328144616383204,0.242297872911306,0.270235756744828,554.376781392181,1.28942818555064,209966.774213272,65379,1,0.127977644385882,2080,64,2,1,6.5,9.5,8.8,11.2
495,15,20662638,greedy_combined_B15,greedy_combined,15,15,strong_coherent,0.99,5,1,1.27,0.37,30,0.9901462259827,7.38,8.66,10.12,10.6,7.365,8.635,10.125,10.495,1,1,1,1,0.0206155281280884,0.0743303437365916,0.0199999999999996,0.0100000000000007,0.0499999999999989,0.109999999999999,0.109999999999999,0.48,0.370000000000001,0,0,0.328144616383204,0.242297872911306,0.270235756744828,554.376781392181,1.28942818555064,209427.131810582,65379,1,0.127977644385882,2080,64,2,1,6.5,9.5,8.8,11.2
496,16,20662639,greedy_combined_B15,greedy_combined,15,15,strong_coherent,0.99,5,1,1.27,0.37,30,0.989917503504858,7.38,8.66,10.12,10.6,7.365,8.635,10.125,10.495,1,1,1,1,0.0206155281280884,0.0743303437365916,0.0199999999999996,0.0100000000000007,0.0499999999999989,0.109999999999999,0.109999999999999,0.48,0.370000000000001,0,0,0.328144616383204,0.242297872911306,0.270235756744828,554.376781392181,1.28942818555064,209610.169261556,65379,1,0.127977644385882,2080,64,2,1,6.5,9.5,8.8,11.2
497,17,20662640,greedy_combined_B15,greedy_combined,15,15,strong_coherent,0.99,5,1,1.27,0.37,30,0.989972661192053,7.38,8.66,10.12,10.6,7.365,8.635,10.125,10.495,1,1,1,1,0.0206155281280884,0.0743303437365916,0.0199999999999996,0.0100000000000007,0.0499999999999989,0.109999999999999,0.109999999999999,0.48,0.370000000000001,0,0,0.328144616383204,0.242297872911306,0.270235756744828,554.376781392181,1.28942818555064,209176.992043059,65379,1,0.127977644385882,2080,64,2,1,6.5,9.5,8.8,11.2
498,18,20662641,greedy_combined_B15,greedy_combined,15,15,strong_coherent,0.99,5,1,1.27,0.37,30,0.990151834835493,7.38,8.66,10.12,10.6,7.365,8.635,10.125,10.495,1,1,1,1,0.0206155281280884,0.0743303437365916,0.0199999999999996,0.0100000000000007,0.0499999999999989,0.109999999999999,0.109999999999999,0.48,0.370000000000001,0,0,0.328144616383204,0.242297872911306,0.270235756744828,554.376781392181,1.28942818555064,209540.718457829,65379,1,0.127977644385882,2080,64,2,1,6.5,9.5,8.8,11.2
499,19,20662642,greedy_combined_B15,greedy_combined,15,15,strong_coherent,0.99,5,1,1.27,0.37,30,0.989870254464661,7.38,8.66,10.12,10.6,7.365,8.635,10.125,10.495,1,1,1,1,0.0206155281280884,0.0743303437365916,0.0199999999999996,0.0100000000000007,0.0499999999999989,0.109999999999999,0.109999999999999,0.48,0.370000000000001,0,0,0.328144616383204,0.242297872911306,0.270235756744828,554.376781392181,1.28942818555064,209180.939274923,65379,1,0.127977644385882,2080,64,2,1,6.5,9.5,8.8,11.2
500,20,20662643,greedy_combined_B15,greedy_combined,15,15,strong_coherent,0.99,5,1,1.27,0.37,30,0.990382829552369,7.38,8.66,10.12,10.6,7.365,8.635,10.125,10.495,1,1,1,1,0.0206155281280884,0.0743303437365916,0.0199999999999996,0.0100000000000007,0.0499999999999989,0.109999999999999,0.109999999999999,0.48,0.370000000000001,0,0,0.328144616383204,0.242297872911306,0.270235756744828,554.376781392181,1.28942818555064,209594.393305647,65379,1,0.127977644385882,2080,64,2,1,6.5,9.5,8.8,11.2
501,21,20662644,greedy_combined_B15,greedy_combined,15,15,strong_coherent,0.99,5,1,1.27,0.37,30,0.990156430532639,7.38,8.66,10.12,10.6,7.365,8.635,10.125,10.495,1,1,1,1,0.0206155281280884,0.0743303437365916,0.0199999999999996,0.0100000000000007,0.0499999999999989,0.109999999999999,0.109999999999999,0.48,0.370000000000001,0,0,0.328144616383204,0.242297872911306,0.270235756744828,554.376781392181,1.28942818555064,209538.537912837,65379,1,0.127977644385882,2080,64,2,1,6.5,9.5,8.8,11.2
502,22,20662645,greedy_combined_B15,greedy_combined,15,15,strong_coherent,0.99,5,1,1.27,0.37,30,0.990660586849376,7.38,8.66,10.12,10.6,7.365,8.635,10.125,10.495,1,1,1,1,0.0206155281280884,0.0743303437365916,0.0199999999999996,0.0100000000000007,0.0499999999999989,0.109999999999999,0.109999999999999,0.48,0.370000000000001,0,0,0.328144616383204,0.242297872911306,0.270235756744828,554.376781392181,1.28942818555064,209357.136518818,65379,1,0.127977644385882,2080,64,2,1,6.5,9.5,8.8,11.2
503,23,20662646,greedy_combined_B15,greedy_combined,15,15,strong_coherent,0.99,5,1,1.27,0.37,30,0.990616928021656,7.38,8.66,10.12,10.6,7.365,8.635,10.125,10.495,1,1,1,1,0.0206155281280884,0.0743303437365916,0.0199999999999996,0.0100000000000007,0.0499999999999989,0.109999999999999,0.109999999999999,0.48,0.370000000000001,0,0,0.328144616383204,0.242297872911306,0.270235756744828,554.376781392181,1.28942818555064,209460.474193736,65379,1,0.127977644385882,2080,64,2,1,6.5,9.5,8.8,11.2
504,24,20662647,greedy_combined_B15,greedy_combined,15,15,strong_coherent,0.99,5,1,1.27,0.37,30,0.989863157571748,7.38,8.66,10.12,10.6,7.365,8.635,10.125,10.495,1,1,1,1,0.0206155281280884,0.0743303437365916,0.0199999999999996,0.0100000000000007,0.0499999999999989,0.109999999999999,0.109999999999999,0.48,0.370000000000001,0,0,0.328144616383204,0.242297872911306,0.270235756744828,554.376781392181,1.28942818555064,209201.475361162,65379,1,0.127977644385882,2080,64,2,1,6.5,9.5,8.8,11.2
505,25,20662648,greedy_combined_B15,greedy_combined,15,15,strong_coherent,0.99,5,1,1.27,0.37,30,0.990322107092512,7.38,8.66,10.12,10.6,7.365,8.635,10.125,10.495,1,1,1,1,0.0206155281280884,0.0743303437365916,0.0199999999999996,0.0100000000000007,0.0499999999999989,0.109999999999999,0.109999999999999,0.48,0.370000000000001,0,0,0.328144616383204,0.242297872911306,0.270235756744828,554.376781392181,1.28942818555064,209484.413740765,65379,1,0.127977644385882,2080,64,2,1,6.5,9.5,8.8,11.2
506,26,20662649,greedy_combined_B15,greedy_combined,15,15,strong_coherent,0.99,5,1,1.27,0.37,30,0.990165062847619,7.38,8.66,10.12,10.6,7.365,8.635,10.125,10.495,1,1,1,1,0.0206155281280884,0.0743303437365916,0.0199999999999996,0.0100000000000007,0.0499999999999989,0.109999999999999,0.109999999999999,0.48,0.370000000000001,0,0,0.328144616383204,0.242297872911306,0.270235756744828,554.376781392181,1.28942818555064,208937.255271871,65379,1,0.127977644385882,2080,64,2,1,6.5,9.5,8.8,11.2
507,27,20662650,greedy_combined_B15,greedy_combined,15,15,strong_coherent,0.99,5,1,1.27,0.37,30,0.990098565981097,7.38,8.66,10.12,10.6,7.365,8.635,10.125,10.495,1,1,1,1,0.0206155281280884,0.0743303437365916,0.0199999999999996,0.0100000000000007,0.0499999999999989,0.109999999999999,0.109999999999999,0.48,0.370000000000001,0,0,0.328144616383204,0.242297872911306,0.270235756744828,554.376781392181,1.28942818555064,209613.893537078,65379,1,0.127977644385882,2080,64,2,1,6.5,9.5,8.8,11.2
508,28,20662651,greedy_combined_B15,greedy_combined,15,15,strong_coherent,0.99,5,1,1.27,0.37,30,0.989878731295414,7.38,8.66,10.12,10.6,7.365,8.635,10.125,10.495,1,1,1,1,0.0206155281280884,0.0743303437365916,0.0199999999999996,0.0100000000000007,0.0499999999999989,0.109999999999999,0.109999999999999,0.48,0.370000000000001,0,0,0.328144616383204,0.242297872911306,0.270235756744828,554.376781392181,1.28942818555064,209039.557778854,65379,1,0.127977644385882,2080,64,2,1,6.5,9.5,8.8,11.2
509,29,20662652,greedy_combined_B15,greedy_combined,15,15,strong_coherent,0.99,5,1,1.27,0.37,30,0.990223684003893,7.38,8.66,10.12,10.6,7.365,8.635,10.125,10.495,1,1,1,1,0.0206155281280884,0.0743303437365916,0.0199999999999996,0.0100000000000007,0.0499999999999989,0.109999999999999,0.109999999999999,0.48,0.370000000000001,0,0,0.328144616383204,0.242297872911306,0.270235756744828,554.376781392181,1.28942818555064,209378.657418977,65379,1,0.127977644385882,2080,64,2,1,6.5,9.5,8.8,11.2
510,30,20662653,greedy_combined_B15,greedy_combined,15,15,strong_coherent,0.99,5,1,1.27,0.37,30,0.990248387674323,7.38,8.66,10.12,10.6,7.365,8.635,10.125,10.495,1,1,1,1,0.0206155281280884,0.0743303437365916,0.0199999999999996,0.0100000000000007,0.0499999999999989,0.109999999999999,0.109999999999999,0.48,0.370000000000001,0,0,0.328144616383204,0.242297872911306,0.270235756744828,554.376781392181,1.28942818555064,209542.448442762,65379,1,0.127977644385882,2080,64,2,1,6.5,9.5,8.8,11.2
511,1,20663624,greedy_combined_B15,greedy_combined,15,15,hard_phase,0.99,150,1,0.83,0.37,30,0.989948207351241,7.7,8.26,10.24,10.48,7.585,8.415,10.125,10.495,1,0,1,0,0.136473440639561,0.0820060973342827,-0.0199999999999996,-0.269999999999998,0.0499999999999989,-0.130000000000001,0.130000000000001,0.24,0.370000000000001,0,0,0.328144616383204,0.242297872911306,0.270235756744828,554.376781392181,4.47601279087809,161228.35906654,65379,1,0.310427984129304,2080,64,2,1,6.5,9.5,8.8,11.2
512,2,20663625,greedy_combined_B15,greedy_combined,15,15,hard_phase,0.99,150,1,0.83,0.37,30,0.990259312480817,7.7,8.26,10.24,10.48,7.585,8.415,10.125,10.495,1,0,1,0,0.136473440639561,0.0820060973342827,-0.0199999999999996,-0.269999999999998,0.0499999999999989,-0.130000000000001,0.130000000000001,0.24,0.370000000000001,0,0,0.328144616383204,0.242297872911306,0.270235756744828,554.376781392181,4.47601279087809,161209.256238502,65379,1,0.310427984129304,2080,64,2,1,6.5,9.5,8.8,11.2
513,3,20663626,greedy_combined_B15,greedy_combined,15,15,hard_phase,0.99,150,1,0.83,0.37,30,0.990109765184881,7.54,8.42,10.12,10.6,7.585,8.415,10.125,10.495,1,1,1,1,0.0320156211871644,0.0743303437365916,-0.0199999999999996,0.0500000000000025,0.0499999999999989,0.109999999999999,0.109999999999999,0.48,0.370000000000001,0,0,0.328144616383204,0.242297872911306,0.270235756744828,554.376781392181,1.65772329083898,161192.785728296,65379,1,0.310427984129304,2080,64,2,1,6.5,9.5,8.8,11.2
514,4,20663627,greedy_combined_B15,greedy_combined,15,15,hard_phase,0.99,150,1,0.83,0.37,30,0.989977642017255,7.7,8.26,10.24,10.48,7.585,8.415,10.125,10.495,1,0,1,0,0.136473440639561,0.0820060973342827,-0.0199999999999996,-0.269999999999998,0.0499999999999989,-0.130000000000001,0.130000000000001,0.24,0.370000000000001,0,0,0.328144616383204,0.242297872911306,0.270235756744828,554.376781392181,4.47601279087809,161223.881374675,65379,1,0.310427984129304,2080,64,2,1,6.5,9.5,8.8,11.2
515,5,20663628,greedy_combined_B15,greedy_combined,15,15,hard_phase,0.99,150,1,0.83,0.37,30,0.990175847961261,7.7,8.26,10.24,10.48,7.585,8.415,10.125,10.495,1,0,1,0,0.136473440639561,0.0820060973342827,-0.0199999999999996,-0.269999999999998,0.0499999999999989,-0.130000000000001,0.130000000000001,0.24,0.370000000000001,0,0,0.328144616383204,0.242297872911306,0.270235756744828,554.376781392181,4.47601279087809,161159.879878613,65379,1,0.310427984129304,2080,64,2,1,6.5,9.5,8.8,11.2
516,6,20663629,greedy_combined_B15,greedy_combined,15,15,hard_phase,0.99,150,1,0.83,0.37,30,0.990167025561247,7.7,8.26,10.24,10.48,7.585,8.415,10.125,10.495,1,0,1,0,0.136473440639561,0.0820060973342827,-0.0199999999999996,-0.269999999999998,0.0499999999999989,-0.130000000000001,0.130000000000001,0.24,0.370000000000001,0,0,0.328144616383204,0.242297872911306,0.270235756744828,554.376781392181,4.47601279087809,161160.313269135,65379,1,0.310427984129304,2080,64,2,1,6.5,9.5,8.8,11.2
517,7,20663630,greedy_combined_B15,greedy_combined,15,15,hard_phase,0.99,150,1,0.83,0.37,30,0.990159343420611,7.7,8.26,10.24,10.48,7.585,8.415,10.125,10.495,1,0,1,0,0.136473440639561,0.0820060973342827,-0.0199999999999996,-0.269999999999998,0.0499999999999989,-0.130000000000001,0.130000000000001,0.24,0.370000000000001,0,0,0.328144616383204,0.242297872911306,0.270235756744828,554.376781392181,4.47601279087809,161140.380391961,65379,1,0.310427984129304,2080,64,2,1,6.5,9.5,8.8,11.2
518,8,20663631,greedy_combined_B15,greedy_combined,15,15,hard_phase,0.99,150,1,0.83,0.37,30,0.989945515375115,7.7,8.26,10.24,10.48,7.585,8.415,10.125,10.495,1,0,1,0,0.136473440639561,0.0820060973342827,-0.0199999999999996,-0.269999999999998,0.0499999999999989,-0.130000000000001,0.130000000000001,0.24,0.370000000000001,0,0,0.328144616383204,0.242297872911306,0.270235756744828,554.376781392181,4.47601279087809,161216.389187771,65379,1,0.310427984129304,2080,64,2,1,6.5,9.5,8.8,11.2
519,9,20663632,greedy_combined_B15,greedy_combined,15,15,hard_phase,0.99,150,1,0.83,0.37,30,0.990127246989258,7.54,8.42,10.12,10.6,7.585,8.415,10.125,10.495,1,1,1,1,0.0320156211871644,0.0743303437365916,-0.0199999999999996,0.0500000000000025,0.0499999999999989,0.109999999999999,0.109999999999999,0.48,0.370000000000001,0,0,0.328144616383204,0.242297872911306,0.270235756744828,554.376781392181,1.65772329083898,161225.595939134,65379,1,0.310427984129304,2080,64,2,1,6.5,9.5,8.8,11.2
520,10,20663633,greedy_combined_B15,greedy_combined,15,15,hard_phase,0.99,150,1,0.83,0.37,30,0.990591784889761,7.7,8.26,10.24,10.48,7.585,8.415,10.125,10.495,1,0,1,0,0.136473440639561,0.0820060973342827,-0.0199999999999996,-0.269999999999998,0.0499999999999989,-0.130000000000001,0.130000000000001,0.24,0.370000000000001,0,0,0.328144616383204,0.242297872911306,0.270235756744828,554.376781392181,4.47601279087809,161175.374233408,65379,1,0.310427984129304,2080,64,2,1,6.5,9.5,8.8,11.2
521,11,20663634,greedy_combined_B15,greedy_combined,15,15,hard_phase,0.99,150,1,0.83,0.37,30,0.990221349000983,7.7,8.26,10.24,10.48,7.585,8.415,10.125,10.495,1,0,1,0,0.136473440639561,0.0820060973342827,-0.0199999999999996,-0.269999999999998,0.0499999999999989,-0.130000000000001,0.130000000000001,0.24,0.370000000000001,0,0,0.328144616383204,0.242297872911306,0.270235756744828,554.376781392181,4.47601279087809,161307.78320673,65379,1,0.310427984129304,2080,64,2,1,6.5,9.5,8.8,11.2
522,12,20663635,greedy_combined_B15,greedy_combined,15,15,hard_phase,0.99,150,1,0.83,0.37,30,0.990095764031822,7.7,8.26,10.24,10.48,7.585,8.415,10.125,10.495,1,0,1,0,0.136473440639561,0.0820060973342827,-0.0199999999999996,-0.269999999999998,0.0499999999999989,-0.130000000000001,0.130000000000001,0.24,0.370000000000001,0,0,0.328144616383204,0.242297872911306,0.270235756744828,554.376781392181,4.47601279087809,161180.597320733,65379,1,0.310427984129304,2080,64,2,1,6.5,9.5,8.8,11.2
523,13,20663636,greedy_combined_B15,greedy_combined,15,15,hard_phase,0.99,150,1,0.83,0.37,30,0.990417904429028,7.54,8.42,10.12,10.6,7.585,8.415,10.125,10.495,1,1,1,1,0.0320156211871644,0.0743303437365916,-0.0199999999999996,0.0500000000000025,0.0499999999999989,0.109999999999999,0.109999999999999,0.48,0.370000000000001,0,0,0.328144616383204,0.242297872911306,0.270235756744828,554.376781392181,1.65772329083898,161153.360575164,65379,1,0.310427984129304,2080,64,2,1,6.5,9.5,8.8,11.2
524,14,20663637,greedy_combined_B15,greedy_combined,15,15,hard_phase,0.99,150,1,0.83,0.37,30,0.989858547161928,7.7,8.26,10.24,10.48,7.585,8.415,10.125,10.495,1,0,1,0,0.136473440639561,0.0820060973342827,-0.0199999999999996,-0.269999999999998,0.0499999999999989,-0.130000000000001,0.130000000000001,0.24,0.370000000000001,0,0,0.328144616383204,0.242297872911306,0.270235756744828,554.376781392181,4.47601279087809,161273.20545324,65379,1,0.310427984129304,2080,64,2,1,6.5,9.5,8.8,11.2
525,15,20663638,greedy_combined_B15,greedy_combined,15,15,hard_phase,0.99,150,1,0.83,0.37,30,0.990450375637251,7.7,8.26,10.24,10.48,7.585,8.415,10.125,10.495,1,0,1,0,0.136473440639561,0.0820060973342827,-0.0199999999999996,-0.269999999999998,0.0499999999999989,-0.130000000000001,0.130000000000001,0.24,0.370000000000001,0,0,0.328144616383204,0.242297872911306,0.270235756744828,554.376781392181,4.47601279087809,161157.94292564,65379,1,0.310427984129304,2080,64,2,1,6.5,9.5,8.8,11.2
526,16,20663639,greedy_combined_B15,greedy_combined,15,15,hard_phase,0.99,150,1,0.83,0.37,30,0.990910690780724,7.7,8.26,10.24,10.48,7.585,8.415,10.125,10.495,1,0,1,0,0.136473440639561,0.0820060973342827,-0.0199999999999996,-0.269999999999998,0.0499999999999989,-0.130000000000001,0.130000000000001,0.24,0.370000000000001,0,0,0.328144616383204,0.242297872911306,0.270235756744828,554.376781392181,4.47601279087809,161180.028113895,65379,1,0.310427984129304,2080,64,2,1,6.5,9.5,8.8,11.2
527,17,20663640,greedy_combined_B15,greedy_combined,15,15,hard_phase,0.99,150,1,0.83,0.37,30,0.990032441548671,7.7,8.26,10.24,10.48,7.585,8.415,10.125,10.495,1,0,1,0,0.136473440639561,0.0820060973342827,-0.0199999999999996,-0.269999999999998,0.0499999999999989,-0.130000000000001,0.130000000000001,0.24,0.370000000000001,0,0,0.328144616383204,0.242297872911306,0.270235756744828,554.376781392181,4.47601279087809,161184.53974809,65379,1,0.310427984129304,2080,64,2,1,6.5,9.5,8.8,11.2
528,18,20663641,greedy_combined_B15,greedy_combined,15,15,hard_phase,0.99,150,1,0.83,0.37,30,0.990262958067136,7.54,8.42,10.12,10.6,7.585,8.415,10.125,10.495,1,1,1,1,0.0320156211871644,0.0743303437365916,-0.0199999999999996,0.0500000000000025,0.0499999999999989,0.109999999999999,0.109999999999999,0.48,0.370000000000001,0,0,0.328144616383204,0.242297872911306,0.270235756744828,554.376781392181,1.65772329083898,161129.661121219,65379,1,0.310427984129304,2080,64,2,1,6.5,9.5,8.8,11.2
529,19,20663642,greedy_combined_B15,greedy_combined,15,15,hard_phase,0.99,150,1,0.83,0.37,30,0.989967401049861,7.7,8.26,10.24,10.48,7.585,8.415,10.125,10.495,1,0,1,0,0.136473440639561,0.0820060973342827,-0.0199999999999996,-0.269999999999998,0.0499999999999989,-0.130000000000001,0.130000000000001,0.24,0.370000000000001,0,0,0.328144616383204,0.242297872911306,0.270235756744828,554.376781392181,4.47601279087809,161212.416350008,65379,1,0.310427984129304,2080,64,2,1,6.5,9.5,8.8,11.2
530,20,20663643,greedy_combined_B15,greedy_combined,15,15,hard_phase,0.99,150,1,0.83,0.37,30,0.989905233332129,7.7,8.26,10.24,10.48,7.585,8.415,10.125,10.495,1,0,1,0,0.136473440639561,0.0820060973342827,-0.0199999999999996,-0.269999999999998,0.0499999999999989,-0.130000000000001,0.130000000000001,0.24,0.370000000000001,0,0,0.328144616383204,0.242297872911306,0.270235756744828,554.376781392181,4.47601279087809,161331.306095288,65379,1,0.310427984129304,2080,64,2,1,6.5,9.5,8.8,11.2
531,21,20663644,greedy_combined_B15,greedy_combined,15,15,hard_phase,0.99,150,1,0.83,0.37,30,0.990002858015914,7.54,8.42,10.12,10.6,7.585,8.415,10.125,10.495,1,1,1,1,0.0320156211871644,0.0743303437365916,-0.0199999999999996,0.0500000000000025,0.0499999999999989,0.109999999999999,0.109999999999999,0.48,0.370000000000001,0,0,0.328144616383204,0.242297872911306,0.270235756744828,554.376781392181,1.65772329083898,161263.109083761,65379,1,0.310427984129304,2080,64,2,1,6.5,9.5,8.8,11.2
532,22,20663645,greedy_combined_B15,greedy_combined,15,15,hard_phase,0.99,150,1,0.83,0.37,30,0.990382259926492,7.7,8.26,10.24,10.48,7.585,8.415,10.125,10.495,1,0,1,0,0.136473440639561,0.0820060973342827,-0.0199999999999996,-0.269999999999998,0.0499999999999989,-0.130000000000001,0.130000000000001,0.24,0.370000000000001,0,0,0.328144616383204,0.242297872911306,0.270235756744828,554.376781392181,4.47601279087809,161217.883720487,65379,1,0.310427984129304,2080,64,2,1,6.5,9.5,8.8,11.2
533,23,20663646,greedy_combined_B15,greedy_combined,15,15,hard_phase,0.99,150,1,0.83,0.37,30,0.990175606230504,7.7,8.26,10.24,10.48,7.585,8.415,10.125,10.495,1,0,1,0,0.136473440639561,0.0820060973342827,-0.0199999999999996,-0.269999999999998,0.0499999999999989,-0.130000000000001,0.130000000000001,0.24,0.370000000000001,0,0,0.328144616383204,0.242297872911306,0.270235756744828,554.376781392181,4.47601279087809,161240.972163267,65379,1,0.310427984129304,2080,64,2,1,6.5,9.5,8.8,11.2
534,24,20663647,greedy_combined_B15,greedy_combined,15,15,hard_phase,0.99,150,1,0.83,0.37,30,0.990751731612592,7.7,8.26,10.24,10.48,7.585,8.415,10.125,10.495,1,0,1,0,0.136473440639561,0.0820060973342827,-0.0199999999999996,-0.269999999999998,0.0499999999999989,-0.130000000000001,0.130000000000001,0.24,0.370000000000001,0,0,0.328144616383204,0.242297872911306,0.270235756744828,554.376781392181,4.47601279087809,161134.436788343,65379,1,0.310427984129304,2080,64,2,1,6.5,9.5,8.8,11.2
535,25,20663648,greedy_combined_B15,greedy_combined,15,15,hard_phase,0.99,150,1,0.83,0.37,30,0.990503668664304,7.7,8.26,10.24,10.48,7.585,8.415,10.125,10.495,1,0,1,0,0.136473440639561,0.0820060973342827,-0.0199999999999996,-0.269999999999998,0.0499999999999989,-0.130000000000001,0.130000000000001,0.24,0.370000000000001,0,0,0.328144616383204,0.242297872911306,0.270235756744828,554.376781392181,4.47601279087809,161188.916864418,65379,1,0.310427984129304,2080,64,2,1,6.5,9.5,8.8,11.2
536,26,20663649,greedy_combined_B15,greedy_combined,15,15,hard_phase,0.99,150,1,0.83,0.37,30,0.989811204219444,7.7,8.26,10.24,10.48,7.585,8.415,10.125,10.495,1,0,1,0,0.136473440639561,0.0820060973342827,-0.0199999999999996,-0.269999999999998,0.0499999999999989,-0.130000000000001,0.130000000000001,0.24,0.370000000000001,0,0,0.328144616383204,0.242297872911306,0.270235756744828,554.376781392181,4.47601279087809,161254.306969425,65379,1,0.310427984129304,2080,64,2,1,6.5,9.5,8.8,11.2
537,27,20663650,greedy_combined_B15,greedy_combined,15,15,hard_phase,0.99,150,1,0.83,0.37,30,0.990295097334082,7.7,8.26,10.24,10.48,7.585,8.415,10.125,10.495,1,0,1,0,0.136473440639561,0.0820060973342827,-0.0199999999999996,-0.269999999999998,0.0499999999999989,-0.130000000000001,0.130000000000001,0.24,0.370000000000001,0,0,0.328144616383204,0.242297872911306,0.270235756744828,554.376781392181,4.47601279087809,161137.912592372,65379,1,0.310427984129304,2080,64,2,1,6.5,9.5,8.8,11.2
538,28,20663651,greedy_combined_B15,greedy_combined,15,15,hard_phase,0.99,150,1,0.83,0.37,30,0.989897780131271,7.7,8.26,10.24,10.48,7.585,8.415,10.125,10.495,1,0,1,0,0.136473440639561,0.0820060973342827,-0.0199999999999996,-0.269999999999998,0.0499999999999989,-0.130000000000001,0.130000000000001,0.24,0.370000000000001,0,0,0.328144616383204,0.242297872911306,0.270235756744828,554.376781392181,4.47601279087809,161199.453724585,65379,1,0.310427984129304,2080,64,2,1,6.5,9.5,8.8,11.2
539,29,20663652,greedy_combined_B15,greedy_combined,15,15,hard_phase,0.99,150,1,0.83,0.37,30,0.989815098399039,7.7,8.26,10.24,10.48,7.585,8.415,10.125,10.495,1,0,1,0,0.136473440639561,0.0820060973342827,-0.0199999999999996,-0.269999999999998,0.0499999999999989,-0.130000000000001,0.130000000000001,0.24,0.370000000000001,0,0,0.328144616383204,0.242297872911306,0.270235756744828,554.376781392181,4.47601279087809,161292.980728347,65379,1,0.310427984129304,2080,64,2,1,6.5,9.5,8.8,11.2
540,30,20663653,greedy_combined_B15,greedy_combined,15,15,hard_phase,0.99,150,1,0.83,0.37,30,0.990442431003803,7.7,8.26,10.24,10.48,7.585,8.415,10.125,10.495,1,0,1,0,0.136473440639561,0.0820060973342827,-0.0199999999999996,-0.269999999999998,0.0499999999999989,-0.130000000000001,0.130000000000001,0.24,0.370000000000001,0,0,0.328144616383204,0.242297872911306,0.270235756744828,554.376781392181,4.47601279087809,161201.510459103,65379,1,0.310427984129304,2080,64,2,1,6.5,9.5,8.8,11.2
541,1,20664624,greedy_combined_B15,greedy_combined,15,15,weak_secondary,0.99,150,0.3,0.83,0.37,30,0.990088209154772,7.54,8.5,10.12,10.6,7.585,8.415,10.125,10.495,1,1,1,1,0.0680073525436777,0.0743303437365916,0.0199999999999996,0.130000000000001,0.0499999999999989,0.109999999999999,0.109999999999999,0.48,0.370000000000001,0,0,0.328144616383204,0.242297872911306,0.270235756744828,554.376781392181,1.40299788196141,102302.55722915,65379,1,0.310427984129304,2080,64,2,1,6.5,9.5,8.8,11.2
542,2,20664625,greedy_combined_B15,greedy_combined,15,15,weak_secondary,0.99,150,0.3,0.83,0.37,30,0.990417261931069,7.54,8.5,10.12,10.6,7.585,8.415,10.125,10.495,1,1,1,1,0.0680073525436777,0.0743303437365916,0.0199999999999996,0.130000000000001,0.0499999999999989,0.109999999999999,0.109999999999999,0.48,0.370000000000001,0,0,0.328144616383204,0.242297872911306,0.270235756744828,554.376781392181,1.40299788196141,102286.366233508,65379,1,0.310427984129304,2080,64,2,1,6.5,9.5,8.8,11.2
543,3,20664626,greedy_combined_B15,greedy_combined,15,15,weak_secondary,0.99,150,0.3,0.83,0.37,30,0.990310767578835,7.54,8.5,10.12,10.6,7.585,8.415,10.125,10.495,1,1,1,1,0.0680073525436777,0.0743303437365916,0.0199999999999996,0.130000000000001,0.0499999999999989,0.109999999999999,0.109999999999999,0.48,0.370000000000001,0,0,0.328144616383204,0.242297872911306,0.270235756744828,554.376781392181,1.40299788196141,102358.443913426,65379,1,0.310427984129304,2080,64,2,1,6.5,9.5,8.8,11.2
544,4,20664627,greedy_combined_B15,greedy_combined,15,15,weak_secondary,0.99,150,0.3,0.83,0.37,30,0.990748716395433,7.54,8.5,10.12,10.6,7.585,8.415,10.125,10.495,1,1,1,1,0.0680073525436777,0.0743303437365916,0.0199999999999996,0.130000000000001,0.0499999999999989,0.109999999999999,0.109999999999999,0.48,0.370000000000001,0,0,0.328144616383204,0.242297872911306,0.270235756744828,554.376781392181,1.40299788196141,102284.684031199,65379,1,0.310427984129304,2080,64,2,1,6.5,9.5,8.8,11.2
545,5,20664628,greedy_combined_B15,greedy_combined,15,15,weak_secondary,0.99,150,0.3,0.83,0.37,30,0.99014997223509,7.54,8.5,10.12,10.6,7.585,8.415,10.125,10.495,1,1,1,1,0.0680073525436777,0.0743303437365916,0.0199999999999996,0.130000000000001,0.0499999999999989,0.109999999999999,0.109999999999999,0.48,0.370000000000001,0,0,0.328144616383204,0.242297872911306,0.270235756744828,554.376781392181,1.40299788196141,102300.687715267,65379,1,0.310427984129304,2080,64,2,1,6.5,9.5,8.8,11.2
546,6,20664629,greedy_combined_B15,greedy_combined,15,15,weak_secondary,0.99,150,0.3,0.83,0.37,30,0.990628186010734,7.54,8.5,10.12,10.6,7.585,8.415,10.125,10.495,1,1,1,1,0.0680073525436777,0.0743303437365916,0.0199999999999996,0.130000000000001,0.0499999999999989,0.109999999999999,0.109999999999999,0.48,0.370000000000001,0,0,0.328144616383204,0.242297872911306,0.270235756744828,554.376781392181,1.40299788196141,102295.853234217,65379,1,0.310427984129304,2080,64,2,1,6.5,9.5,8.8,11.2
547,7,20664630,greedy_combined_B15,greedy_combined,15,15,weak_secondary,0.99,150,0.3,0.83,0.37,30,0.989835100135318,7.54,8.5,10.12,10.6,7.585,8.415,10.125,10.495,1,1,1,1,0.0680073525436777,0.0743303437365916,0.0199999999999996,0.130000000000001,0.0499999999999989,0.109999999999999,0.109999999999999,0.48,0.370000000000001,0,0,0.328144616383204,0.242297872911306,0.270235756744828,554.376781392181,1.40299788196141,102330.433030377,65379,1,0.310427984129304,2080,64,2,1,6.5,9.5,8.8,11.2
548,8,20664631,greedy_combined_B15,greedy_combined,15,15,weak_secondary,0.99,150,0.3,0.83,0.37,30,0.989977789468855,7.54,8.5,10.12,10.6,7.585,8.415,10.125,10.495,1,1,1,1,0.0680073525436777,0.0743303437365916,0.0199999999999996,0.130000000000001,0.0499999999999989,0.109999999999999,0.109999999999999,0.48,0.370000000000001,0,0,0.328144616383204,0.242297872911306,0.270235756744828,554.376781392181,1.40299788196141,102295.326121436,65379,1,0.310427984129304,2080,64,2,1,6.5,9.5,8.8,11.2
549,9,20664632,greedy_combined_B15,greedy_combined,15,15,weak_secondary,0.99,150,0.3,0.83,0.37,30,0.990164845857206,7.54,8.5,10.12,10.6,7.585,8.415,10.125,10.495,1,1,1,1,0.0680073525436777,0.0743303437365916,0.0199999999999996,0.130000000000001,0.0499999999999989,0.109999999999999,0.109999999999999,0.48,0.370000000000001,0,0,0.328144616383204,0.242297872911306,0.270235756744828,554.376781392181,1.40299788196141,102328.567871876,65379,1,0.310427984129304,2080,64,2,1,6.5,9.5,8.8,11.2
550,10,20664633,greedy_combined_B15,greedy_combined,15,15,weak_secondary,0.99,150,0.3,0.83,0.37,30,0.990530887051868,7.54,8.5,10.12,10.6,7.585,8.415,10.125,10.495,1,1,1,1,0.0680073525436777,0.0743303437365916,0.0199999999999996,0.130000000000001,0.0499999999999989,0.109999999999999,0.109999999999999,0.48,0.370000000000001,0,0,0.328144616383204,0.242297872911306,0.270235756744828,554.376781392181,1.40299788196141,102340.473631485,65379,1,0.310427984129304,2080,64,2,1,6.5,9.5,8.8,11.2
551,11,20664634,greedy_combined_B15,greedy_combined,15,15,weak_secondary,0.99,150,0.3,0.83,0.37,30,0.990377676140725,7.54,8.5,10.12,10.6,7.585,8.415,10.125,10.495,1,1,1,1,0.0680073525436777,0.0743303437365916,0.0199999999999996,0.130000000000001,0.0499999999999989,0.109999999999999,0.109999999999999,0.48,0.370000000000001,0,0,0.328144616383204,0.242297872911306,0.270235756744828,554.376781392181,1.40299788196141,102328.22363787,65379,1,0.310427984129304,2080,64,2,1,6.5,9.5,8.8,11.2
552,12,20664635,greedy_combined_B15,greedy_combined,15,15,weak_secondary,0.99,150,0.3,0.83,0.37,30,0.991157417933724,7.54,8.5,10.12,10.6,7.585,8.415,10.125,10.495,1,1,1,1,0.0680073525436777,0.0743303437365916,0.0199999999999996,0.130000000000001,0.0499999999999989,0.109999999999999,0.109999999999999,0.48,0.370000000000001,0,0,0.328144616383204,0.242297872911306,0.270235756744828,554.376781392181,1.40299788196141,102323.602308275,65379,1,0.310427984129304,2080,64,2,1,6.5,9.5,8.8,11.2
553,13,20664636,greedy_combined_B15,greedy_combined,15,15,weak_secondary,0.99,150,0.3,0.83,0.37,30,0.989803894177204,7.54,8.5,10.12,10.6,7.585,8.415,10.125,10.495,1,1,1,1,0.0680073525436777,0.0743303437365916,0.0199999999999996,0.130000000000001,0.0499999999999989,0.109999999999999,0.109999999999999,0.48,0.370000000000001,0,0,0.328144616383204,0.242297872911306,0.270235756744828,554.376781392181,1.40299788196141,102342.467555099,65379,1,0.310427984129304,2080,64,2,1,6.5,9.5,8.8,11.2
554,14,20664637,greedy_combined_B15,greedy_combined,15,15,weak_secondary,0.99,150,0.3,0.83,0.37,30,0.99077620735836,7.54,8.5,10.12,10.6,7.585,8.415,10.125,10.495,1,1,1,1,0.0680073525436777,0.0743303437365916,0.0199999999999996,0.130000000000001,0.0499999999999989,0.109999999999999,0.109999999999999,0.48,0.370000000000001,0,0,0.328144616383204,0.242297872911306,0.270235756744828,554.376781392181,1.40299788196141,102318.70668568,65379,1,0.310427984129304,2080,64,2,1,6.5,9.5,8.8,11.2
555,15,20664638,greedy_combined_B15,greedy_combined,15,15,weak_secondary,0.99,150,0.3,0.83,0.37,30,0.990108187490999,7.54,8.5,10.12,10.6,7.585,8.415,10.125,10.495,1,1,1,1,0.0680073525436777,0.0743303437365916,0.0199999999999996,0.130000000000001,0.0499999999999989,0.109999999999999,0.109999999999999,0.48,0.370000000000001,0,0,0.328144616383204,0.242297872911306,0.270235756744828,554.376781392181,1.40299788196141,102318.361737536,65379,1,0.310427984129304,2080,64,2,1,6.5,9.5,8.8,11.2
556,16,20664639,greedy_combined_B15,greedy_combined,15,15,weak_secondary,0.99,150,0.3,0.83,0.37,30,0.990008783795469,7.54,8.5,10.12,10.6,7.585,8.415,10.125,10.495,1,1,1,1,0.0680073525436777,0.0743303437365916,0.0199999999999996,0.130000000000001,0.0499999999999989,0.109999999999999,0.109999999999999,0.48,0.370000000000001,0,0,0.328144616383204,0.242297872911306,0.270235756744828,554.376781392181,1.40299788196141,102306.543111748,65379,1,0.310427984129304,2080,64,2,1,6.5,9.5,8.8,11.2
557,17,20664640,greedy_combined_B15,greedy_combined,15,15,weak_secondary,0.99,150,0.3,0.83,0.37,30,0.990198484223832,7.54,8.5,10.12,10.6,7.585,8.415,10.125,10.495,1,1,1,1,0.0680073525436777,0.0743303437365916,0.0199999999999996,0.130000000000001,0.0499999999999989,0.109999999999999,0.109999999999999,0.48,0.370000000000001,0,0,0.328144616383204,0.242297872911306,0.270235756744828,554.376781392181,1.40299788196141,102300.305475525,65379,1,0.310427984129304,2080,64,2,1,6.5,9.5,8.8,11.2
558,18,20664641,greedy_combined_B15,greedy_combined,15,15,weak_secondary,0.99,150,0.3,0.83,0.37,30,0.989934786110695,7.54,8.5,10.12,10.6,7.585,8.415,10.125,10.495,1,1,1,1,0.0680073525436777,0.0743303437365916,0.0199999999999996,0.130000000000001,0.0499999999999989,0.109999999999999,0.109999999999999,0.48,0.370000000000001,0,0,0.328144616383204,0.242297872911306,0.270235756744828,554.376781392181,1.40299788196141,102319.953343496,65379,1,0.310427984129304,2080,64,2,1,6.5,9.5,8.8,11.2
559,19,20664642,greedy_combined_B15,greedy_combined,15,15,weak_secondary,0.99,150,0.3,0.83,0.37,30,0.990557663716183,7.54,8.5,10.12,10.6,7.585,8.415,10.125,10.495,1,1,1,1,0.0680073525436777,0.0743303437365916,0.0199999999999996,0.130000000000001,0.0499999999999989,0.109999999999999,0.109999999999999,0.48,0.370000000000001,0,0,0.328144616383204,0.242297872911306,0.270235756744828,554.376781392181,1.40299788196141,102332.217605356,65379,1,0.310427984129304,2080,64,2,1,6.5,9.5,8.8,11.2
560,20,20664643,greedy_combined_B15,greedy_combined,15,15,weak_secondary,0.99,150,0.3,0.83,0.37,30,0.990189904269027,7.54,8.5,10.12,10.6,7.585,8.415,10.125,10.495,1,1,1,1,0.0680073525436777,0.0743303437365916,0.0199999999999996,0.130000000000001,0.0499999999999989,0.109999999999999,0.109999999999999,0.48,0.370000000000001,0,0,0.328144616383204,0.242297872911306,0.270235756744828,554.376781392181,1.40299788196141,102327.872282674,65379,1,0.310427984129304,2080,64,2,1,6.5,9.5,8.8,11.2
561,21,20664644,greedy_combined_B15,greedy_combined,15,15,weak_secondary,0.99,150,0.3,0.83,0.37,30,0.98985015974248,7.54,8.5,10.12,10.6,7.585,8.415,10.125,10.495,1,1,1,1,0.0680073525436777,0.0743303437365916,0.0199999999999996,0.130000000000001,0.0499999999999989,0.109999999999999,0.109999999999999,0.48,0.370000000000001,0,0,0.328144616383204,0.242297872911306,0.270235756744828,554.376781392181,1.40299788196141,102344.951857226,65379,1,0.310427984129304,2080,64,2,1,6.5,9.5,8.8,11.2
562,22,20664645,greedy_combined_B15,greedy_combined,15,15,weak_secondary,0.99,150,0.3,0.83,0.37,30,0.989814682657207,7.54,8.5,10.12,10.6,7.585,8.415,10.125,10.495,1,1,1,1,0.0680073525436777,0.0743303437365916,0.0199999999999996,0.130000000000001,0.0499999999999989,0.109999999999999,0.109999999999999,0.48,0.370000000000001,0,0,0.328144616383204,0.242297872911306,0.270235756744828,554.376781392181,1.40299788196141,102328.622250495,65379,1,0.310427984129304,2080,64,2,1,6.5,9.5,8.8,11.2
563,23,20664646,greedy_combined_B15,greedy_combined,15,15,weak_secondary,0.99,150,0.3,0.83,0.37,30,0.99000236779997,7.54,8.5,10.12,10.6,7.585,8.415,10.125,10.495,1,1,1,1,0.0680073525436777,0.0743303437365916,0.0199999999999996,0.130000000000001,0.0499999999999989,0.109999999999999,0.109999999999999,0.48,0.370000000000001,0,0,0.328144616383204,0.242297872911306,0.270235756744828,554.376781392181,1.40299788196141,102340.884635767,65379,1,0.310427984129304,2080,64,2,1,6.5,9.5,8.8,11.2
564,24,20664647,greedy_combined_B15,greedy_combined,15,15,weak_secondary,0.99,150,0.3,0.83,0.37,30,0.989893807010946,7.54,8.5,10.12,10.6,7.585,8.415,10.125,10.495,1,1,1,1,0.0680073525436777,0.0743303437365916,0.0199999999999996,0.130000000000001,0.0499999999999989,0.109999999999999,0.109999999999999,0.48,0.370000000000001,0,0,0.328144616383204,0.242297872911306,0.270235756744828,554.376781392181,1.40299788196141,102369.069458082,65379,1,0.310427984129304,2080,64,2,1,6.5,9.5,8.8,11.2
565,25,20664648,greedy_combined_B15,greedy_combined,15,15,weak_secondary,0.99,150,0.3,0.83,0.37,30,0.990372018277001,7.54,8.5,10.12,10.6,7.585,8.415,10.125,10.495,1,1,1,1,0.0680073525436777,0.0743303437365916,0.0199999999999996,0.130000000000001,0.0499999999999989,0.109999999999999,0.109999999999999,0.48,0.370000000000001,0,0,0.328144616383204,0.242297872911306,0.270235756744828,554.376781392181,1.40299788196141,102288.097377076,65379,1,0.310427984129304,2080,64,2,1,6.5,9.5,8.8,11.2
566,26,20664649,greedy_combined_B15,greedy_combined,15,15,weak_secondary,0.99,150,0.3,0.83,0.37,30,0.989973602108787,7.54,8.5,10.12,10.6,7.585,8.415,10.125,10.495,1,1,1,1,0.0680073525436777,0.0743303437365916,0.0199999999999996,0.130000000000001,0.0499999999999989,0.109999999999999,0.109999999999999,0.48,0.370000000000001,0,0,0.328144616383204,0.242297872911306,0.270235756744828,554.376781392181,1.40299788196141,102329.176519202,65379,1,0.310427984129304,2080,64,2,1,6.5,9.5,8.8,11.2
567,27,20664650,greedy_combined_B15,greedy_combined,15,15,weak_secondary,0.99,150,0.3,0.83,0.37,30,0.990200993163109,7.54,8.5,10.12,10.6,7.585,8.415,10.125,10.495,1,1,1,1,0.0680073525436777,0.0743303437365916,0.0199999999999996,0.130000000000001,0.0499999999999989,0.109999999999999,0.109999999999999,0.48,0.370000000000001,0,0,0.328144616383204,0.242297872911306,0.270235756744828,554.376781392181,1.40299788196141,102294.883414795,65379,1,0.310427984129304,2080,64,2,1,6.5,9.5,8.8,11.2
568,28,20664651,greedy_combined_B15,greedy_combined,15,15,weak_secondary,0.99,150,0.3,0.83,0.37,30,0.989910225046665,7.54,8.5,10.12,10.6,7.585,8.415,10.125,10.495,1,1,1,1,0.0680073525436777,0.0743303437365916,0.0199999999999996,0.130000000000001,0.0499999999999989,0.109999999999999,0.109999999999999,0.48,0.370000000000001,0,0,0.328144616383204,0.242297872911306,0.270235756744828,554.376781392181,1.40299788196141,102321.648405717,65379,1,0.310427984129304,2080,64,2,1,6.5,9.5,8.8,11.2
569,29,20664652,greedy_combined_B15,greedy_combined,15,15,weak_secondary,0.99,150,0.3,0.83,0.37,30,0.989978113516154,7.54,8.5,10.12,10.6,7.585,8.415,10.125,10.495,1,1,1,1,0.0680073525436777,0.0743303437365916,0.0199999999999996,0.130000000000001,0.0499999999999989,0.109999999999999,0.109999999999999,0.48,0.370000000000001,0,0,0.328144616383204,0.242297872911306,0.270235756744828,554.376781392181,1.40299788196141,102301.479372119,65379,1,0.310427984129304,2080,64,2,1,6.5,9.5,8.8,11.2
570,30,20664653,greedy_combined_B15,greedy_combined,15,15,weak_secondary,0.99,150,0.3,0.83,0.37,30,0.990151239588798,7.54,8.5,10.12,10.6,7.585,8.415,10.125,10.495,1,1,1,1,0.0680073525436777,0.0743303437365916,0.0199999999999996,0.130000000000001,0.0499999999999989,0.109999999999999,0.109999999999999,0.48,0.370000000000001,0,0,0.328144616383204,0.242297872911306,0.270235756744828,554.376781392181,1.40299788196141,102352.542459911,65379,1,0.310427984129304,2080,64,2,1,6.5,9.5,8.8,11.2
571,1,20665624,greedy_combined_B15,greedy_combined,15,15,low_snr_hard,1,150,0.3,0.83,0.37,20,1,7.54,8.5,10.12,10.6,7.585,8.415,10.125,10.495,1,1,1,1,0.0680073525436777,0.0743303437365916,0.0199999999999996,0.130000000000001,0.0499999999999989,0.109999999999999,0.109999999999999,0.48,0.370000000000001,0,0,0.328144616383204,0.242297872911306,0.270235756744828,554.376781392181,1.40299788196141,102148.298934145,65379,1,0.310427984129304,2080,64,2,1,6.5,9.5,8.8,11.2
572,2,20665625,greedy_combined_B15,greedy_combined,15,15,low_snr_hard,1,150,0.3,0.83,0.37,20,1,7.54,8.5,10.12,10.6,7.585,8.415,10.125,10.495,1,1,1,1,0.0680073525436777,0.0743303437365916,0.0199999999999996,0.130000000000001,0.0499999999999989,0.109999999999999,0.109999999999999,0.48,0.370000000000001,0,0,0.328144616383204,0.242297872911306,0.270235756744828,554.376781392181,1.40299788196141,102071.414858344,65379,1,0.310427984129304,2080,64,2,1,6.5,9.5,8.8,11.2
573,3,20665626,greedy_combined_B15,greedy_combined,15,15,low_snr_hard,1,150,0.3,0.83,0.37,20,1,7.54,8.5,10.12,10.6,7.585,8.415,10.125,10.495,1,1,1,1,0.0680073525436777,0.0743303437365916,0.0199999999999996,0.130000000000001,0.0499999999999989,0.109999999999999,0.109999999999999,0.48,0.370000000000001,0,0,0.328144616383204,0.242297872911306,0.270235756744828,554.376781392181,1.40299788196141,102152.997397398,65379,1,0.310427984129304,2080,64,2,1,6.5,9.5,8.8,11.2
574,4,20665627,greedy_combined_B15,greedy_combined,15,15,low_snr_hard,1,150,0.3,0.83,0.37,20,1,7.54,8.5,10.12,10.6,7.585,8.415,10.125,10.495,1,1,1,1,0.0680073525436777,0.0743303437365916,0.0199999999999996,0.130000000000001,0.0499999999999989,0.109999999999999,0.109999999999999,0.48,0.370000000000001,0,0,0.328144616383204,0.242297872911306,0.270235756744828,554.376781392181,1.40299788196141,102167.923132121,65379,1,0.310427984129304,2080,64,2,1,6.5,9.5,8.8,11.2
575,5,20665628,greedy_combined_B15,greedy_combined,15,15,low_snr_hard,1,150,0.3,0.83,0.37,20,1,7.54,8.5,10.12,10.6,7.585,8.415,10.125,10.495,1,1,1,1,0.0680073525436777,0.0743303437365916,0.0199999999999996,0.130000000000001,0.0499999999999989,0.109999999999999,0.109999999999999,0.48,0.370000000000001,0,0,0.328144616383204,0.242297872911306,0.270235756744828,554.376781392181,1.40299788196141,102112.264583581,65379,1,0.310427984129304,2080,64,2,1,6.5,9.5,8.8,11.2
576,6,20665629,greedy_combined_B15,greedy_combined,15,15,low_snr_hard,1,150,0.3,0.83,0.37,20,1,7.54,8.5,10.12,10.6,7.585,8.415,10.125,10.495,1,1,1,1,0.0680073525436777,0.0743303437365916,0.0199999999999996,0.130000000000001,0.0499999999999989,0.109999999999999,0.109999999999999,0.48,0.370000000000001,0,0,0.328144616383204,0.242297872911306,0.270235756744828,554.376781392181,1.40299788196141,102102.002957743,65379,1,0.310427984129304,2080,64,2,1,6.5,9.5,8.8,11.2
577,7,20665630,greedy_combined_B15,greedy_combined,15,15,low_snr_hard,1,150,0.3,0.83,0.37,20,1,7.54,8.5,10.12,10.6,7.585,8.415,10.125,10.495,1,1,1,1,0.0680073525436777,0.0743303437365916,0.0199999999999996,0.130000000000001,0.0499999999999989,0.109999999999999,0.109999999999999,0.48,0.370000000000001,0,0,0.328144616383204,0.242297872911306,0.270235756744828,554.376781392181,1.40299788196141,102141.008174983,65379,1,0.310427984129304,2080,64,2,1,6.5,9.5,8.8,11.2
578,8,20665631,greedy_combined_B15,greedy_combined,15,15,low_snr_hard,1,150,0.3,0.83,0.37,20,1,7.54,8.5,10.12,10.6,7.585,8.415,10.125,10.495,1,1,1,1,0.0680073525436777,0.0743303437365916,0.0199999999999996,0.130000000000001,0.0499999999999989,0.109999999999999,0.109999999999999,0.48,0.370000000000001,0,0,0.328144616383204,0.242297872911306,0.270235756744828,554.376781392181,1.40299788196141,102146.363096631,65379,1,0.310427984129304,2080,64,2,1,6.5,9.5,8.8,11.2
579,9,20665632,greedy_combined_B15,greedy_combined,15,15,low_snr_hard,1,150,0.3,0.83,0.37,20,1,7.54,8.5,10.12,10.6,7.585,8.415,10.125,10.495,1,1,1,1,0.0680073525436777,0.0743303437365916,0.0199999999999996,0.130000000000001,0.0499999999999989,0.109999999999999,0.109999999999999,0.48,0.370000000000001,0,0,0.328144616383204,0.242297872911306,0.270235756744828,554.376781392181,1.40299788196141,102082.353891972,65379,1,0.310427984129304,2080,64,2,1,6.5,9.5,8.8,11.2
580,10,20665633,greedy_combined_B15,greedy_combined,15,15,low_snr_hard,1,150,0.3,0.83,0.37,20,1,7.54,8.5,10.12,10.6,7.585,8.415,10.125,10.495,1,1,1,1,0.0680073525436777,0.0743303437365916,0.0199999999999996,0.130000000000001,0.0499999999999989,0.109999999999999,0.109999999999999,0.48,0.370000000000001,0,0,0.328144616383204,0.242297872911306,0.270235756744828,554.376781392181,1.40299788196141,102207.999452551,65379,1,0.310427984129304,2080,64,2,1,6.5,9.5,8.8,11.2
581,11,20665634,greedy_combined_B15,greedy_combined,15,15,low_snr_hard,1,150,0.3,0.83,0.37,20,1,7.54,8.5,10.12,10.6,7.585,8.415,10.125,10.495,1,1,1,1,0.0680073525436777,0.0743303437365916,0.0199999999999996,0.130000000000001,0.0499999999999989,0.109999999999999,0.109999999999999,0.48,0.370000000000001,0,0,0.328144616383204,0.242297872911306,0.270235756744828,554.376781392181,1.40299788196141,102062.212630645,65379,1,0.310427984129304,2080,64,2,1,6.5,9.5,8.8,11.2
582,12,20665635,greedy_combined_B15,greedy_combined,15,15,low_snr_hard,1,150,0.3,0.83,0.37,20,1,7.54,8.5,10.12,10.6,7.585,8.415,10.125,10.495,1,1,1,1,0.0680073525436777,0.0743303437365916,0.0199999999999996,0.130000000000001,0.0499999999999989,0.109999999999999,0.109999999999999,0.48,0.370000000000001,0,0,0.328144616383204,0.242297872911306,0.270235756744828,554.376781392181,1.40299788196141,102106.672537139,65379,1,0.310427984129304,2080,64,2,1,6.5,9.5,8.8,11.2
583,13,20665636,greedy_combined_B15,greedy_combined,15,15,low_snr_hard,1,150,0.3,0.83,0.37,20,1,7.54,8.5,10.12,10.6,7.585,8.415,10.125,10.495,1,1,1,1,0.0680073525436777,0.0743303437365916,0.0199999999999996,0.130000000000001,0.0499999999999989,0.109999999999999,0.109999999999999,0.48,0.370000000000001,0,0,0.328144616383204,0.242297872911306,0.270235756744828,554.376781392181,1.40299788196141,102052.139549264,65379,1,0.310427984129304,2080,64,2,1,6.5,9.5,8.8,11.2
584,14,20665637,greedy_combined_B15,greedy_combined,15,15,low_snr_hard,1,150,0.3,0.83,0.37,20,1,7.54,8.5,10.12,10.6,7.585,8.415,10.125,10.495,1,1,1,1,0.0680073525436777,0.0743303437365916,0.0199999999999996,0.130000000000001,0.0499999999999989,0.109999999999999,0.109999999999999,0.48,0.370000000000001,0,0,0.328144616383204,0.242297872911306,0.270235756744828,554.376781392181,1.40299788196141,102101.636910978,65379,1,0.310427984129304,2080,64,2,1,6.5,9.5,8.8,11.2
585,15,20665638,greedy_combined_B15,greedy_combined,15,15,low_snr_hard,1,150,0.3,0.83,0.37,20,1,7.54,8.5,10.12,10.6,7.585,8.415,10.125,10.495,1,1,1,1,0.0680073525436777,0.0743303437365916,0.0199999999999996,0.130000000000001,0.0499999999999989,0.109999999999999,0.109999999999999,0.48,0.370000000000001,0,0,0.328144616383204,0.242297872911306,0.270235756744828,554.376781392181,1.40299788196141,102091.803601304,65379,1,0.310427984129304,2080,64,2,1,6.5,9.5,8.8,11.2
586,16,20665639,greedy_combined_B15,greedy_combined,15,15,low_snr_hard,1,150,0.3,0.83,0.37,20,0.999999999999999,7.54,8.5,10.12,10.6,7.585,8.415,10.125,10.495,1,1,1,1,0.0680073525436777,0.0743303437365916,0.0199999999999996,0.130000000000001,0.0499999999999989,0.109999999999999,0.109999999999999,0.48,0.370000000000001,0,0,0.328144616383204,0.242297872911306,0.270235756744828,554.376781392181,1.40299788196141,102102.28677415,65379,1,0.310427984129304,2080,64,2,1,6.5,9.5,8.8,11.2
587,17,20665640,greedy_combined_B15,greedy_combined,15,15,low_snr_hard,1,150,0.3,0.83,0.37,20,1,7.54,8.5,10.12,10.6,7.585,8.415,10.125,10.495,1,1,1,1,0.0680073525436777,0.0743303437365916,0.0199999999999996,0.130000000000001,0.0499999999999989,0.109999999999999,0.109999999999999,0.48,0.370000000000001,0,0,0.328144616383204,0.242297872911306,0.270235756744828,554.376781392181,1.40299788196141,102123.270027497,65379,1,0.310427984129304,2080,64,2,1,6.5,9.5,8.8,11.2
588,18,20665641,greedy_combined_B15,greedy_combined,15,15,low_snr_hard,1,150,0.3,0.83,0.37,20,1,7.54,8.5,10.12,10.6,7.585,8.415,10.125,10.495,1,1,1,1,0.0680073525436777,0.0743303437365916,0.0199999999999996,0.130000000000001,0.0499999999999989,0.109999999999999,0.109999999999999,0.48,0.370000000000001,0,0,0.328144616383204,0.242297872911306,0.270235756744828,554.376781392181,1.40299788196141,102148.897132664,65379,1,0.310427984129304,2080,64,2,1,6.5,9.5,8.8,11.2
589,19,20665642,greedy_combined_B15,greedy_combined,15,15,low_snr_hard,1,150,0.3,0.83,0.37,20,1,7.54,8.5,10.12,10.6,7.585,8.415,10.125,10.495,1,1,1,1,0.0680073525436777,0.0743303437365916,0.0199999999999996,0.130000000000001,0.0499999999999989,0.109999999999999,0.109999999999999,0.48,0.370000000000001,0,0,0.328144616383204,0.242297872911306,0.270235756744828,554.376781392181,1.40299788196141,102111.522534447,65379,1,0.310427984129304,2080,64,2,1,6.5,9.5,8.8,11.2
590,20,20665643,greedy_combined_B15,greedy_combined,15,15,low_snr_hard,1,150,0.3,0.83,0.37,20,1,7.54,8.5,10.12,10.6,7.585,8.415,10.125,10.495,1,1,1,1,0.0680073525436777,0.0743303437365916,0.0199999999999996,0.130000000000001,0.0499999999999989,0.109999999999999,0.109999999999999,0.48,0.370000000000001,0,0,0.328144616383204,0.242297872911306,0.270235756744828,554.376781392181,1.40299788196141,102153.230384151,65379,1,0.310427984129304,2080,64,2,1,6.5,9.5,8.8,11.2
591,21,20665644,greedy_combined_B15,greedy_combined,15,15,low_snr_hard,1,150,0.3,0.83,0.37,20,1,7.54,8.5,10.12,10.6,7.585,8.415,10.125,10.495,1,1,1,1,0.0680073525436777,0.0743303437365916,0.0199999999999996,0.130000000000001,0.0499999999999989,0.109999999999999,0.109999999999999,0.48,0.370000000000001,0,0,0.328144616383204,0.242297872911306,0.270235756744828,554.376781392181,1.40299788196141,102155.376359588,65379,1,0.310427984129304,2080,64,2,1,6.5,9.5,8.8,11.2
592,22,20665645,greedy_combined_B15,greedy_combined,15,15,low_snr_hard,1,150,0.3,0.83,0.37,20,1,7.54,8.5,10.12,10.6,7.585,8.415,10.125,10.495,1,1,1,1,0.0680073525436777,0.0743303437365916,0.0199999999999996,0.130000000000001,0.0499999999999989,0.109999999999999,0.109999999999999,0.48,0.370000000000001,0,0,0.328144616383204,0.242297872911306,0.270235756744828,554.376781392181,1.40299788196141,102163.748307449,65379,1,0.310427984129304,2080,64,2,1,6.5,9.5,8.8,11.2
593,23,20665646,greedy_combined_B15,greedy_combined,15,15,low_snr_hard,1,150,0.3,0.83,0.37,20,1,7.54,8.5,10.12,10.6,7.585,8.415,10.125,10.495,1,1,1,1,0.0680073525436777,0.0743303437365916,0.0199999999999996,0.130000000000001,0.0499999999999989,0.109999999999999,0.109999999999999,0.48,0.370000000000001,0,0,0.328144616383204,0.242297872911306,0.270235756744828,554.376781392181,1.40299788196141,102136.779988658,65379,1,0.310427984129304,2080,64,2,1,6.5,9.5,8.8,11.2
594,24,20665647,greedy_combined_B15,greedy_combined,15,15,low_snr_hard,1,150,0.3,0.83,0.37,20,1,7.54,8.5,10.12,10.6,7.585,8.415,10.125,10.495,1,1,1,1,0.0680073525436777,0.0743303437365916,0.0199999999999996,0.130000000000001,0.0499999999999989,0.109999999999999,0.109999999999999,0.48,0.370000000000001,0,0,0.328144616383204,0.242297872911306,0.270235756744828,554.376781392181,1.40299788196141,102092.054745733,65379,1,0.310427984129304,2080,64,2,1,6.5,9.5,8.8,11.2
595,25,20665648,greedy_combined_B15,greedy_combined,15,15,low_snr_hard,1,150,0.3,0.83,0.37,20,1,7.54,8.5,10.12,10.6,7.585,8.415,10.125,10.495,1,1,1,1,0.0680073525436777,0.0743303437365916,0.0199999999999996,0.130000000000001,0.0499999999999989,0.109999999999999,0.109999999999999,0.48,0.370000000000001,0,0,0.328144616383204,0.242297872911306,0.270235756744828,554.376781392181,1.40299788196141,102124.693348389,65379,1,0.310427984129304,2080,64,2,1,6.5,9.5,8.8,11.2
596,26,20665649,greedy_combined_B15,greedy_combined,15,15,low_snr_hard,1,150,0.3,0.83,0.37,20,1,7.54,8.5,10.12,10.6,7.585,8.415,10.125,10.495,1,1,1,1,0.0680073525436777,0.0743303437365916,0.0199999999999996,0.130000000000001,0.0499999999999989,0.109999999999999,0.109999999999999,0.48,0.370000000000001,0,0,0.328144616383204,0.242297872911306,0.270235756744828,554.376781392181,1.40299788196141,102095.612338934,65379,1,0.310427984129304,2080,64,2,1,6.5,9.5,8.8,11.2
597,27,20665650,greedy_combined_B15,greedy_combined,15,15,low_snr_hard,1,150,0.3,0.83,0.37,20,1,7.54,8.5,10.12,10.6,7.585,8.415,10.125,10.495,1,1,1,1,0.0680073525436777,0.0743303437365916,0.0199999999999996,0.130000000000001,0.0499999999999989,0.109999999999999,0.109999999999999,0.48,0.370000000000001,0,0,0.328144616383204,0.242297872911306,0.270235756744828,554.376781392181,1.40299788196141,102141.758400738,65379,1,0.310427984129304,2080,64,2,1,6.5,9.5,8.8,11.2
598,28,20665651,greedy_combined_B15,greedy_combined,15,15,low_snr_hard,1,150,0.3,0.83,0.37,20,1,7.54,8.5,10.12,10.6,7.585,8.415,10.125,10.495,1,1,1,1,0.0680073525436777,0.0743303437365916,0.0199999999999996,0.130000000000001,0.0499999999999989,0.109999999999999,0.109999999999999,0.48,0.370000000000001,0,0,0.328144616383204,0.242297872911306,0.270235756744828,554.376781392181,1.40299788196141,102108.396271521,65379,1,0.310427984129304,2080,64,2,1,6.5,9.5,8.8,11.2
599,29,20665652,greedy_combined_B15,greedy_combined,15,15,low_snr_hard,1,150,0.3,0.83,0.37,20,1,7.54,8.5,10.12,10.6,7.585,8.415,10.125,10.495,1,1,1,1,0.0680073525436777,0.0743303437365916,0.0199999999999996,0.130000000000001,0.0499999999999989,0.109999999999999,0.109999999999999,0.48,0.370000000000001,0,0,0.328144616383204,0.242297872911306,0.270235756744828,554.376781392181,1.40299788196141,102094.151848047,65379,1,0.310427984129304,2080,64,2,1,6.5,9.5,8.8,11.2
600,30,20665653,greedy_combined_B15,greedy_combined,15,15,low_snr_hard,1,150,0.3,0.83,0.37,20,1,7.54,8.5,10.12,10.6,7.585,8.415,10.125,10.495,1,1,1,1,0.0680073525436777,0.0743303437365916,0.0199999999999996,0.130000000000001,0.0499999999999989,0.109999999999999,0.109999999999999,0.48,0.370000000000001,0,0,0.328144616383204,0.242297872911306,0.270235756744828,554.376781392181,1.40299788196141,102085.711566109,65379,1,0.310427984129304,2080,64,2,1,6.5,9.5,8.8,11.2
601,1,20761624,greedy_combined_B25,greedy_combined,25,25,easy_noncoherent,0,0,1,1.27,0.67,30,0.0233879280962551,7.38,8.66,10.12,10.6,7.365,8.635,9.975,10.645,1,1,1,1,0.0206155281280884,0.10735455276792,0.0199999999999996,0.0100000000000007,0.0499999999999989,-0.190000000000001,0.190000000000001,0.48,0.670000000000002,0,0,0.214896060872821,0.23437193895026,0.253290059817721,4096.252116804,1.29546514209133,250315.84127612,65379,1,0.108486458680247,2080,64,2,1,6.5,9.5,8.8,11.2
602,2,20761625,greedy_combined_B25,greedy_combined,25,25,easy_noncoherent,0,0,1,1.27,0.67,30,0.108143086315731,7.38,8.66,10.12,10.6,7.365,8.635,9.975,10.645,1,1,1,1,0.0206155281280884,0.10735455276792,0.0199999999999996,0.0100000000000007,0.0499999999999989,-0.190000000000001,0.190000000000001,0.48,0.670000000000002,0,0,0.214896060872821,0.23437193895026,0.253290059817721,4096.252116804,1.29546514209133,247685.676009816,65379,1,0.108486458680247,2080,64,2,1,6.5,9.5,8.8,11.2
603,3,20761626,greedy_combined_B25,greedy_combined,25,25,easy_noncoherent,0,0,1,1.27,0.67,30,0.0876742818224199,7.38,8.66,10.12,10.6,7.365,8.635,9.975,10.645,1,1,1,1,0.0206155281280884,0.10735455276792,0.0199999999999996,0.0100000000000007,0.0499999999999989,-0.190000000000001,0.190000000000001,0.48,0.670000000000002,0,0,0.214896060872821,0.23437193895026,0.253290059817721,4096.252116804,1.29546514209133,252717.304618117,65379,1,0.108486458680247,2080,64,2,1,6.5,9.5,8.8,11.2
604,4,20761627,greedy_combined_B25,greedy_combined,25,25,easy_noncoherent,0,0,1,1.27,0.67,30,0.0753668424359177,7.38,8.66,10.12,10.6,7.365,8.635,9.975,10.645,1,1,1,1,0.0206155281280884,0.10735455276792,0.0199999999999996,0.0100000000000007,0.0499999999999989,-0.190000000000001,0.190000000000001,0.48,0.670000000000002,0,0,0.214896060872821,0.23437193895026,0.253290059817721,4096.252116804,1.29546514209133,252043.66912465,65379,1,0.108486458680247,2080,64,2,1,6.5,9.5,8.8,11.2
605,5,20761628,greedy_combined_B25,greedy_combined,25,25,easy_noncoherent,0,0,1,1.27,0.67,30,0.136889375850142,7.38,8.66,10.12,10.6,7.365,8.635,9.975,10.645,1,1,1,1,0.0206155281280884,0.10735455276792,0.0199999999999996,0.0100000000000007,0.0499999999999989,-0.190000000000001,0.190000000000001,0.48,0.670000000000002,0,0,0.214896060872821,0.23437193895026,0.253290059817721,4096.252116804,1.29546514209133,248022.514124271,65379,1,0.108486458680247,2080,64,2,1,6.5,9.5,8.8,11.2
606,6,20761629,greedy_combined_B25,greedy_combined,25,25,easy_noncoherent,0,0,1,1.27,0.67,30,0.111111130715656,7.38,8.66,10.12,10.6,7.365,8.635,9.975,10.645,1,1,1,1,0.0206155281280884,0.10735455276792,0.0199999999999996,0.0100000000000007,0.0499999999999989,-0.190000000000001,0.190000000000001,0.48,0.670000000000002,0,0,0.214896060872821,0.23437193895026,0.253290059817721,4096.252116804,1.29546514209133,253373.657284828,65379,1,0.108486458680247,2080,64,2,1,6.5,9.5,8.8,11.2
607,7,20761630,greedy_combined_B25,greedy_combined,25,25,easy_noncoherent,0,0,1,1.27,0.67,30,0.0380332489248464,7.38,8.66,10.12,10.6,7.365,8.635,9.975,10.645,1,1,1,1,0.0206155281280884,0.10735455276792,0.0199999999999996,0.0100000000000007,0.0499999999999989,-0.190000000000001,0.190000000000001,0.48,0.670000000000002,0,0,0.214896060872821,0.23437193895026,0.253290059817721,4096.252116804,1.29546514209133,249803.945133159,65379,1,0.108486458680247,2080,64,2,1,6.5,9.5,8.8,11.2
608,8,20761631,greedy_combined_B25,greedy_combined,25,25,easy_noncoherent,0,0,1,1.27,0.67,30,0.0684606465684535,7.38,8.66,10.12,10.6,7.365,8.635,9.975,10.645,1,1,1,1,0.0206155281280884,0.10735455276792,0.0199999999999996,0.0100000000000007,0.0499999999999989,-0.190000000000001,0.190000000000001,0.48,0.670000000000002,0,0,0.214896060872821,0.23437193895026,0.253290059817721,4096.252116804,1.29546514209133,248756.801072134,65379,1,0.108486458680247,2080,64,2,1,6.5,9.5,8.8,11.2
609,9,20761632,greedy_combined_B25,greedy_combined,25,25,easy_noncoherent,0,0,1,1.27,0.67,30,0.164516969597365,7.38,8.66,10.12,10.6,7.365,8.635,9.975,10.645,1,1,1,1,0.0206155281280884,0.10735455276792,0.0199999999999996,0.0100000000000007,0.0499999999999989,-0.190000000000001,0.190000000000001,0.48,0.670000000000002,0,0,0.214896060872821,0.23437193895026,0.253290059817721,4096.252116804,1.29546514209133,255128.055570931,65379,1,0.108486458680247,2080,64,2,1,6.5,9.5,8.8,11.2
610,10,20761633,greedy_combined_B25,greedy_combined,25,25,easy_noncoherent,0,0,1,1.27,0.67,30,0.0925434234206895,7.38,8.66,10.12,10.6,7.365,8.635,9.975,10.645,1,1,1,1,0.0206155281280884,0.10735455276792,0.0199999999999996,0.0100000000000007,0.0499999999999989,-0.190000000000001,0.190000000000001,0.48,0.670000000000002,0,0,0.214896060872821,0.23437193895026,0.253290059817721,4096.252116804,1.29546514209133,248789.214544231,65379,1,0.108486458680247,2080,64,2,1,6.5,9.5,8.8,11.2
611,11,20761634,greedy_combined_B25,greedy_combined,25,25,easy_noncoherent,0,0,1,1.27,0.67,30,0.0863687062800256,7.38,8.66,10.12,10.6,7.365,8.635,9.975,10.645,1,1,1,1,0.0206155281280884,0.10735455276792,0.0199999999999996,0.0100000000000007,0.0499999999999989,-0.190000000000001,0.190000000000001,0.48,0.670000000000002,0,0,0.214896060872821,0.23437193895026,0.253290059817721,4096.252116804,1.29546514209133,248362.637148155,65379,1,0.108486458680247,2080,64,2,1,6.5,9.5,8.8,11.2
612,12,20761635,greedy_combined_B25,greedy_combined,25,25,easy_noncoherent,0,0,1,1.27,0.67,30,0.0561860135157895,7.38,8.66,10.12,10.6,7.365,8.635,9.975,10.645,1,1,1,1,0.0206155281280884,0.10735455276792,0.0199999999999996,0.0100000000000007,0.0499999999999989,-0.190000000000001,0.190000000000001,0.48,0.670000000000002,0,0,0.214896060872821,0.23437193895026,0.253290059817721,4096.252116804,1.29546514209133,251666.003316908,65379,1,0.108486458680247,2080,64,2,1,6.5,9.5,8.8,11.2
613,13,20761636,greedy_combined_B25,greedy_combined,25,25,easy_noncoherent,0,0,1,1.27,0.67,30,0.0853578701178468,7.38,8.66,10.12,10.6,7.365,8.635,9.975,10.645,1,1,1,1,0.0206155281280884,0.10735455276792,0.0199999999999996,0.0100000000000007,0.0499999999999989,-0.190000000000001,0.190000000000001,0.48,0.670000000000002,0,0,0.214896060872821,0.23437193895026,0.253290059817721,4096.252116804,1.29546514209133,251129.076606228,65379,1,0.108486458680247,2080,64,2,1,6.5,9.5,8.8,11.2
614,14,20761637,greedy_combined_B25,greedy_combined,25,25,easy_noncoherent,0,0,1,1.27,0.67,30,0.0633164655967818,7.38,8.66,10.12,10.6,7.365,8.635,9.975,10.645,1,1,1,1,0.0206155281280884,0.10735455276792,0.0199999999999996,0.0100000000000007,0.0499999999999989,-0.190000000000001,0.190000000000001,0.48,0.670000000000002,0,0,0.214896060872821,0.23437193895026,0.253290059817721,4096.252116804,1.29546514209133,251382.790379238,65379,1,0.108486458680247,2080,64,2,1,6.5,9.5,8.8,11.2
615,15,20761638,greedy_combined_B25,greedy_combined,25,25,easy_noncoherent,0,0,1,1.27,0.67,30,0.0299402081379787,7.38,8.66,10.12,10.6,7.365,8.635,9.975,10.645,1,1,1,1,0.0206155281280884,0.10735455276792,0.0199999999999996,0.0100000000000007,0.0499999999999989,-0.190000000000001,0.190000000000001,0.48,0.670000000000002,0,0,0.214896060872821,0.23437193895026,0.253290059817721,4096.252116804,1.29546514209133,249866.434338112,65379,1,0.108486458680247,2080,64,2,1,6.5,9.5,8.8,11.2
616,16,20761639,greedy_combined_B25,greedy_combined,25,25,easy_noncoherent,0,0,1,1.27,0.67,30,0.251467019958403,7.38,8.66,10.12,10.6,7.365,8.635,9.975,10.645,1,1,1,1,0.0206155281280884,0.10735455276792,0.0199999999999996,0.0100000000000007,0.0499999999999989,-0.190000000000001,0.190000000000001,0.48,0.670000000000002,0,0,0.214896060872821,0.23437193895026,0.253290059817721,4096.252116804,1.29546514209133,244869.58502469,65379,1,0.108486458680247,2080,64,2,1,6.5,9.5,8.8,11.2
617,17,20761640,greedy_combined_B25,greedy_combined,25,25,easy_noncoherent,0,0,1,1.27,0.67,30,0.211028172468145,7.38,8.66,10.12,10.6,7.365,8.635,9.975,10.645,1,1,1,1,0.0206155281280884,0.10735455276792,0.0199999999999996,0.0100000000000007,0.0499999999999989,-0.190000000000001,0.190000000000001,0.48,0.670000000000002,0,0,0.214896060872821,0.23437193895026,0.253290059817721,4096.252116804,1.29546514209133,245895.398925677,65379,1,0.108486458680247,2080,64,2,1,6.5,9.5,8.8,11.2
618,18,20761641,greedy_combined_B25,greedy_combined,25,25,easy_noncoherent,0,0,1,1.27,0.67,30,0.117474880099935,7.38,8.66,10.12,10.6,7.365,8.635,9.975,10.645,1,1,1,1,0.0206155281280884,0.10735455276792,0.0199999999999996,0.0100000000000007,0.0499999999999989,-0.190000000000001,0.190000000000001,0.48,0.670000000000002,0,0,0.214896060872821,0.23437193895026,0.253290059817721,4096.252116804,1.29546514209133,249705.718372496,65379,1,0.108486458680247,2080,64,2,1,6.5,9.5,8.8,11.2
619,19,20761642,greedy_combined_B25,greedy_combined,25,25,easy_noncoherent,0,0,1,1.27,0.67,30,0.0822469194598075,7.38,8.66,10.12,10.6,7.365,8.635,9.975,10.645,1,1,1,1,0.0206155281280884,0.10735455276792,0.0199999999999996,0.0100000000000007,0.0499999999999989,-0.190000000000001,0.190000000000001,0.48,0.670000000000002,0,0,0.214896060872821,0.23437193895026,0.253290059817721,4096.252116804,1.29546514209133,250402.626578224,65379,1,0.108486458680247,2080,64,2,1,6.5,9.5,8.8,11.2
620,20,20761643,greedy_combined_B25,greedy_combined,25,25,easy_noncoherent,0,0,1,1.27,0.67,30,0.255123238202029,7.38,8.66,10.12,10.6,7.365,8.635,9.975,10.645,1,1,1,1,0.0206155281280884,0.10735455276792,0.0199999999999996,0.0100000000000007,0.0499999999999989,-0.190000000000001,0.190000000000001,0.48,0.670000000000002,0,0,0.214896060872821,0.23437193895026,0.253290059817721,4096.252116804,1.29546514209133,257575.559980915,65379,1,0.108486458680247,2080,64,2,1,6.5,9.5,8.8,11.2
621,21,20761644,greedy_combined_B25,greedy_combined,25,25,easy_noncoherent,0,0,1,1.27,0.67,30,0.074772792996413,7.38,8.66,10.12,10.6,7.365,8.635,9.975,10.645,1,1,1,1,0.0206155281280884,0.10735455276792,0.0199999999999996,0.0100000000000007,0.0499999999999989,-0.190000000000001,0.190000000000001,0.48,0.670000000000002,0,0,0.214896060872821,0.23437193895026,0.253290059817721,4096.252116804,1.29546514209133,248842.014695383,65379,1,0.108486458680247,2080,64,2,1,6.5,9.5,8.8,11.2
622,22,20761645,greedy_combined_B25,greedy_combined,25,25,easy_noncoherent,0,0,1,1.27,0.67,30,0.164244655873075,7.38,8.66,10.12,10.6,7.365,8.635,9.975,10.645,1,1,1,1,0.0206155281280884,0.10735455276792,0.0199999999999996,0.0100000000000007,0.0499999999999989,-0.190000000000001,0.190000000000001,0.48,0.670000000000002,0,0,0.214896060872821,0.23437193895026,0.253290059817721,4096.252116804,1.29546514209133,248429.609839544,65379,1,0.108486458680247,2080,64,2,1,6.5,9.5,8.8,11.2
623,23,20761646,greedy_combined_B25,greedy_combined,25,25,easy_noncoherent,0,0,1,1.27,0.67,30,0.186042309013978,7.38,8.66,10.12,10.6,7.365,8.635,9.975,10.645,1,1,1,1,0.0206155281280884,0.10735455276792,0.0199999999999996,0.0100000000000007,0.0499999999999989,-0.190000000000001,0.190000000000001,0.48,0.670000000000002,0,0,0.214896060872821,0.23437193895026,0.253290059817721,4096.252116804,1.29546514209133,245769.330289054,65379,1,0.108486458680247,2080,64,2,1,6.5,9.5,8.8,11.2
624,24,20761647,greedy_combined_B25,greedy_combined,25,25,easy_noncoherent,0,0,1,1.27,0.67,30,0.115835449220001,7.38,8.66,10.12,10.6,7.365,8.635,9.975,10.645,1,1,1,1,0.0206155281280884,0.10735455276792,0.0199999999999996,0.0100000000000007,0.0499999999999989,-0.190000000000001,0.190000000000001,0.48,0.670000000000002,0,0,0.214896060872821,0.23437193895026,0.253290059817721,4096.252116804,1.29546514209133,247466.392307733,65379,1,0.108486458680247,2080,64,2,1,6.5,9.5,8.8,11.2
625,25,20761648,greedy_combined_B25,greedy_combined,25,25,easy_noncoherent,0,0,1,1.27,0.67,30,0.0267133579480526,7.38,8.66,10.12,10.6,7.365,8.635,9.975,10.645,1,1,1,1,0.0206155281280884,0.10735455276792,0.0199999999999996,0.0100000000000007,0.0499999999999989,-0.190000000000001,0.190000000000001,0.48,0.670000000000002,0,0,0.214896060872821,0.23437193895026,0.253290059817721,4096.252116804,1.29546514209133,250062.654524737,65379,1,0.108486458680247,2080,64,2,1,6.5,9.5,8.8,11.2
626,26,20761649,greedy_combined_B25,greedy_combined,25,25,easy_noncoherent,0,0,1,1.27,0.67,30,0.0477815286283798,7.38,8.66,10.12,10.6,7.365,8.635,9.975,10.645,1,1,1,1,0.0206155281280884,0.10735455276792,0.0199999999999996,0.0100000000000007,0.0499999999999989,-0.190000000000001,0.190000000000001,0.48,0.670000000000002,0,0,0.214896060872821,0.23437193895026,0.253290059817721,4096.252116804,1.29546514209133,250936.364777773,65379,1,0.108486458680247,2080,64,2,1,6.5,9.5,8.8,11.2
627,27,20761650,greedy_combined_B25,greedy_combined,25,25,easy_noncoherent,0,0,1,1.27,0.67,30,0.0529793347844703,7.38,8.66,10.12,10.6,7.365,8.635,9.975,10.645,1,1,1,1,0.0206155281280884,0.10735455276792,0.0199999999999996,0.0100000000000007,0.0499999999999989,-0.190000000000001,0.190000000000001,0.48,0.670000000000002,0,0,0.214896060872821,0.23437193895026,0.253290059817721,4096.252116804,1.29546514209133,251805.311836259,65379,1,0.108486458680247,2080,64,2,1,6.5,9.5,8.8,11.2
628,28,20761651,greedy_combined_B25,greedy_combined,25,25,easy_noncoherent,0,0,1,1.27,0.67,30,0.0907227398205083,7.38,8.66,10.12,10.6,7.365,8.635,9.975,10.645,1,1,1,1,0.0206155281280884,0.10735455276792,0.0199999999999996,0.0100000000000007,0.0499999999999989,-0.190000000000001,0.190000000000001,0.48,0.670000000000002,0,0,0.214896060872821,0.23437193895026,0.253290059817721,4096.252116804,1.29546514209133,252484.220853284,65379,1,0.108486458680247,2080,64,2,1,6.5,9.5,8.8,11.2
629,29,20761652,greedy_combined_B25,greedy_combined,25,25,easy_noncoherent,0,0,1,1.27,0.67,30,0.224587490222209,7.38,8.66,10.12,10.6,7.365,8.635,9.975,10.645,1,1,1,1,0.0206155281280884,0.10735455276792,0.0199999999999996,0.0100000000000007,0.0499999999999989,-0.190000000000001,0.190000000000001,0.48,0.670000000000002,0,0,0.214896060872821,0.23437193895026,0.253290059817721,4096.252116804,1.29546514209133,244636.518349748,65379,1,0.108486458680247,2080,64,2,1,6.5,9.5,8.8,11.2
630,30,20761653,greedy_combined_B25,greedy_combined,25,25,easy_noncoherent,0,0,1,1.27,0.67,30,0.086899442417516,7.38,8.66,10.12,10.6,7.365,8.635,9.975,10.645,1,1,1,1,0.0206155281280884,0.10735455276792,0.0199999999999996,0.0100000000000007,0.0499999999999989,-0.190000000000001,0.190000000000001,0.48,0.670000000000002,0,0,0.214896060872821,0.23437193895026,0.253290059817721,4096.252116804,1.29546514209133,249369.390199581,65379,1,0.108486458680247,2080,64,2,1,6.5,9.5,8.8,11.2
631,1,20762624,greedy_combined_B25,greedy_combined,25,25,strong_coherent,0.99,5,1,1.27,0.37,30,0.990877628920413,7.38,8.66,10.12,10.6,7.365,8.635,10.125,10.495,1,1,1,1,0.0206155281280884,0.0743303437365916,0.0199999999999996,0.0100000000000007,0.0499999999999989,0.109999999999999,0.109999999999999,0.48,0.370000000000001,0,0,0.214896060872821,0.23437193895026,0.253290059817721,4096.252116804,1.29546514209133,232147.149124221,65379,1,0.128350724930469,2080,64,2,1,6.5,9.5,8.8,11.2
632,2,20762625,greedy_combined_B25,greedy_combined,25,25,strong_coherent,0.99,5,1,1.27,0.37,30,0.990058894587747,7.38,8.66,10.12,10.6,7.365,8.635,10.125,10.495,1,1,1,1,0.0206155281280884,0.0743303437365916,0.0199999999999996,0.0100000000000007,0.0499999999999989,0.109999999999999,0.109999999999999,0.48,0.370000000000001,0,0,0.214896060872821,0.23437193895026,0.253290059817721,4096.252116804,1.29546514209133,231749.486587586,65379,1,0.128350724930469,2080,64,2,1,6.5,9.5,8.8,11.2
633,3,20762626,greedy_combined_B25,greedy_combined,25,25,strong_coherent,0.99,5,1,1.27,0.37,30,0.990677546957735,7.38,8.66,10.12,10.6,7.365,8.635,10.125,10.495,1,1,1,1,0.0206155281280884,0.0743303437365916,0.0199999999999996,0.0100000000000007,0.0499999999999989,0.109999999999999,0.109999999999999,0.48,0.370000000000001,0,0,0.214896060872821,0.23437193895026,0.253290059817721,4096.252116804,1.29546514209133,232068.272131305,65379,1,0.128350724930469,2080,64,2,1,6.5,9.5,8.8,11.2
634,4,20762627,greedy_combined_B25,greedy_combined,25,25,strong_coherent,0.99,5,1,1.27,0.37,30,0.990065907083776,7.38,8.66,10.12,10.6,7.365,8.635,10.125,10.495,1,1,1,1,0.0206155281280884,0.0743303437365916,0.0199999999999996,0.0100000000000007,0.0499999999999989,0.109999999999999,0.109999999999999,0.48,0.370000000000001,0,0,0.214896060872821,0.23437193895026,0.253290059817721,4096.252116804,1.29546514209133,231616.393801093,65379,1,0.128350724930469,2080,64,2,1,6.5,9.5,8.8,11.2
635,5,20762628,greedy_combined_B25,greedy_combined,25,25,strong_coherent,0.99,5,1,1.27,0.37,30,0.98997329846817,7.38,8.66,10.12,10.6,7.365,8.635,10.125,10.495,1,1,1,1,0.0206155281280884,0.0743303437365916,0.0199999999999996,0.0100000000000007,0.0499999999999989,0.109999999999999,0.109999999999999,0.48,0.370000000000001,0,0,0.214896060872821,0.23437193895026,0.253290059817721,4096.252116804,1.29546514209133,231530.412705738,65379,1,0.128350724930469,2080,64,2,1,6.5,9.5,8.8,11.2
636,6,20762629,greedy_combined_B25,greedy_combined,25,25,strong_coherent,0.99,5,1,1.27,0.37,30,0.990248497225209,7.38,8.66,10.12,10.6,7.365,8.635,10.125,10.495,1,1,1,1,0.0206155281280884,0.0743303437365916,0.0199999999999996,0.0100000000000007,0.0499999999999989,0.109999999999999,0.109999999999999,0.48,0.370000000000001,0,0,0.214896060872821,0.23437193895026,0.253290059817721,4096.252116804,1.29546514209133,231290.295447781,65379,1,0.128350724930469,2080,64,2,1,6.5,9.5,8.8,11.2
637,7,20762630,greedy_combined_B25,greedy_combined,25,25,strong_coherent,0.99,5,1,1.27,0.37,30,0.989807960204414,7.38,8.66,10.12,10.6,7.365,8.635,10.125,10.495,1,1,1,1,0.0206155281280884,0.0743303437365916,0.0199999999999996,0.0100000000000007,0.0499999999999989,0.109999999999999,0.109999999999999,0.48,0.370000000000001,0,0,0.214896060872821,0.23437193895026,0.253290059817721,4096.252116804,1.29546514209133,231759.318539496,65379,1,0.128350724930469,2080,64,2,1,6.5,9.5,8.8,11.2
638,8,20762631,greedy_combined_B25,greedy_combined,25,25,strong_coherent,0.99,5,1,1.27,0.37,30,0.989841499893261,7.38,8.66,10.12,10.6,7.365,8.635,10.125,10.495,1,1,1,1,0.0206155281280884,0.0743303437365916,0.0199999999999996,0.0100000000000007,0.0499999999999989,0.109999999999999,0.109999999999999,0.48,0.370000000000001,0,0,0.214896060872821,0.23437193895026,0.253290059817721,4096.252116804,1.29546514209133,232054.896396549,65379,1,0.128350724930469,2080,64,2,1,6.5,9.5,8.8,11.2
639,9,20762632,greedy_combined_B25,greedy_combined,25,25,strong_coherent,0.99,5,1,1.27,0.37,30,0.990090223094237,7.38,8.66,10.12,10.6,7.365,8.635,10.125,10.495,1,1,1,1,0.0206155281280884,0.0743303437365916,0.0199999999999996,0.0100000000000007,0.0499999999999989,0.109999999999999,0.109999999999999,0.48,0.370000000000001,0,0,0.214896060872821,0.23437193895026,0.253290059817721,4096.252116804,1.29546514209133,231713.097884075,65379,1,0.128350724930469,2080,64,2,1,6.5,9.5,8.8,11.2
640,10,20762633,greedy_combined_B25,greedy_combined,25,25,strong_coherent,0.99,5,1,1.27,0.37,30,0.990012224961537,7.38,8.66,10.12,10.6,7.365,8.635,10.125,10.495,1,1,1,1,0.0206155281280884,0.0743303437365916,0.0199999999999996,0.0100000000000007,0.0499999999999989,0.109999999999999,0.109999999999999,0.48,0.370000000000001,0,0,0.214896060872821,0.23437193895026,0.253290059817721,4096.252116804,1.29546514209133,231543.059197054,65379,1,0.128350724930469,2080,64,2,1,6.5,9.5,8.8,11.2
641,11,20762634,greedy_combined_B25,greedy_combined,25,25,strong_coherent,0.99,5,1,1.27,0.37,30,0.989861022483847,7.38,8.66,10.12,10.6,7.365,8.635,10.125,10.495,1,1,1,1,0.0206155281280884,0.0743303437365916,0.0199999999999996,0.0100000000000007,0.0499999999999989,0.109999999999999,0.109999999999999,0.48,0.370000000000001,0,0,0.214896060872821,0.23437193895026,0.253290059817721,4096.252116804,1.29546514209133,232090.787381037,65379,1,0.128350724930469,2080,64,2,1,6.5,9.5,8.8,11.2
642,12,20762635,greedy_combined_B25,greedy_combined,25,25,strong_coherent,0.99,5,1,1.27,0.37,30,0.989905389276037,7.38,8.66,10.12,10.6,7.365,8.635,10.125,10.495,1,1,1,1,0.0206155281280884,0.0743303437365916,0.0199999999999996,0.0100000000000007,0.0499999999999989,0.109999999999999,0.109999999999999,0.48,0.370000000000001,0,0,0.214896060872821,0.23437193895026,0.253290059817721,4096.252116804,1.29546514209133,231792.32960209,65379,1,0.128350724930469,2080,64,2,1,6.5,9.5,8.8,11.2
643,13,20762636,greedy_combined_B25,greedy_combined,25,25,strong_coherent,0.99,5,1,1.27,0.37,30,0.989873811802134,7.38,8.66,10.12,10.6,7.365,8.635,10.125,10.495,1,1,1,1,0.0206155281280884,0.0743303437365916,0.0199999999999996,0.0100000000000007,0.0499999999999989,0.109999999999999,0.109999999999999,0.48,0.370000000000001,0,0,0.214896060872821,0.23437193895026,0.253290059817721,4096.252116804,1.29546514209133,231877.253881699,65379,1,0.128350724930469,2080,64,2,1,6.5,9.5,8.8,11.2
644,14,20762637,greedy_combined_B25,greedy_combined,25,25,strong_coherent,0.99,5,1,1.27,0.37,30,0.990180427115307,7.38,8.66,10.12,10.6,7.365,8.635,10.125,10.495,1,1,1,1,0.0206155281280884,0.0743303437365916,0.0199999999999996,0.0100000000000007,0.0499999999999989,0.109999999999999,0.109999999999999,0.48,0.370000000000001,0,0,0.214896060872821,0.23437193895026,0.253290059817721,4096.252116804,1.29546514209133,232005.872657547,65379,1,0.128350724930469,2080,64,2,1,6.5,9.5,8.8,11.2
645,15,20762638,greedy_combined_B25,greedy_combined,25,25,strong_coherent,0.99,5,1,1.27,0.37,30,0.989862406490392,7.38,8.66,10.12,10.6,7.365,8.635,10.125,10.495,1,1,1,1,0.0206155281280884,0.0743303437365916,0.0199999999999996,0.0100000000000007,0.0499999999999989,0.109999999999999,0.109999999999999,0.48,0.370000000000001,0,0,0.214896060872821,0.23437193895026,0.253290059817721,4096.252116804,1.29546514209133,232105.11788881,65379,1,0.128350724930469,2080,64,2,1,6.5,9.5,8.8,11.2
646,16,20762639,greedy_combined_B25,greedy_combined,25,25,strong_coherent,0.99,5,1,1.27,0.37,30,0.989895387423679,7.38,8.66,10.12,10.6,7.365,8.635,10.125,10.495,1,1,1,1,0.0206155281280884,0.0743303437365916,0.0199999999999996,0.0100000000000007,0.0499999999999989,0.109999999999999,0.109999999999999,0.48,0.370000000000001,0,0,0.214896060872821,0.23437193895026,0.253290059817721,4096.252116804,1.29546514209133,231711.675172036,65379,1,0.128350724930469,2080,64,2,1,6.5,9.5,8.8,11.2
647,17,20762640,greedy_combined_B25,greedy_combined,25,25,strong_coherent,0.99,5,1,1.27,0.37,30,0.989981049065653,7.38,8.66,10.12,10.6,7.365,8.635,10.125,10.495,1,1,1,1,0.0206155281280884,0.0743303437365916,0.0199999999999996,0.0100000000000007,0.0499999999999989,0.109999999999999,0.109999999999999,0.48,0.370000000000001,0,0,0.214896060872821,0.23437193895026,0.253290059817721,4096.252116804,1.29546514209133,232083.485666086,65379,1,0.128350724930469,2080,64,2,1,6.5,9.5,8.8,11.2
648,18,20762641,greedy_combined_B25,greedy_combined,25,25,strong_coherent,0.99,5,1,1.27,0.37,30,0.990003733492543,7.38,8.66,10.12,10.6,7.365,8.635,10.125,10.495,1,1,1,1,0.0206155281280884,0.0743303437365916,0.0199999999999996,0.0100000000000007,0.0499999999999989,0.109999999999999,0.109999999999999,0.48,0.370000000000001,0,0,0.214896060872821,0.23437193895026,0.253290059817721,4096.252116804,1.29546514209133,231398.45325599,65379,1,0.128350724930469,2080,64,2,1,6.5,9.5,8.8,11.2
649,19,20762642,greedy_combined_B25,greedy_combined,25,25,strong_coherent,0.99,5,1,1.27,0.37,30,0.989880489509463,7.38,8.66,10.12,10.6,7.365,8.635,10.125,10.495,1,1,1,1,0.0206155281280884,0.0743303437365916,0.0199999999999996,0.0100000000000007,0.0499999999999989,0.109999999999999,0.109999999999999,0.48,0.370000000000001,0,0,0.214896060872821,0.23437193895026,0.253290059817721,4096.252116804,1.29546514209133,231967.06542477,65379,1,0.128350724930469,2080,64,2,1,6.5,9.5,8.8,11.2
650,20,20762643,greedy_combined_B25,greedy_combined,25,25,strong_coherent,0.99,5,1,1.27,0.37,30,0.990363767741326,7.38,8.66,10.12,10.6,7.365,8.635,10.125,10.495,1,1,1,1,0.0206155281280884,0.0743303437365916,0.0199999999999996,0.0100000000000007,0.0499999999999989,0.109999999999999,0.109999999999999,0.48,0.370000000000001,0,0,0.214896060872821,0.23437193895026,0.253290059817721,4096.252116804,1.29546514209133,232285.906794524,65379,1,0.128350724930469,2080,64,2,1,6.5,9.5,8.8,11.2
651,21,20762644,greedy_combined_B25,greedy_combined,25,25,strong_coherent,0.99,5,1,1.27,0.37,30,0.990671744977785,7.38,8.66,10.12,10.6,7.365,8.635,10.125,10.495,1,1,1,1,0.0206155281280884,0.0743303437365916,0.0199999999999996,0.0100000000000007,0.0499999999999989,0.109999999999999,0.109999999999999,0.48,0.370000000000001,0,0,0.214896060872821,0.23437193895026,0.253290059817721,4096.252116804,1.29546514209133,231475.622005091,65379,1,0.128350724930469,2080,64,2,1,6.5,9.5,8.8,11.2
652,22,20762645,greedy_combined_B25,greedy_combined,25,25,strong_coherent,0.99,5,1,1.27,0.37,30,0.9899263416,7.38,8.66,10.12,10.6,7.365,8.635,10.125,10.495,1,1,1,1,0.0206155281280884,0.0743303437365916,0.0199999999999996,0.0100000000000007,0.0499999999999989,0.109999999999999,0.109999999999999,0.48,0.370000000000001,0,0,0.214896060872821,0.23437193895026,0.253290059817721,4096.252116804,1.29546514209133,231564.222265143,65379,1,0.128350724930469,2080,64,2,1,6.5,9.5,8.8,11.2
653,23,20762646,greedy_combined_B25,greedy_combined,25,25,strong_coherent,0.99,5,1,1.27,0.37,30,0.990537915896739,7.38,8.66,10.12,10.6,7.365,8.635,10.125,10.495,1,1,1,1,0.0206155281280884,0.0743303437365916,0.0199999999999996,0.0100000000000007,0.0499999999999989,0.109999999999999,0.109999999999999,0.48,0.370000000000001,0,0,0.214896060872821,0.23437193895026,0.253290059817721,4096.252116804,1.29546514209133,231916.78306077,65379,1,0.128350724930469,2080,64,2,1,6.5,9.5,8.8,11.2
654,24,20762647,greedy_combined_B25,greedy_combined,25,25,strong_coherent,0.99,5,1,1.27,0.37,30,0.989949130585944,7.38,8.66,10.12,10.6,7.365,8.635,10.125,10.495,1,1,1,1,0.0206155281280884,0.0743303437365916,0.0199999999999996,0.0100000000000007,0.0499999999999989,0.109999999999999,0.109999999999999,0.48,0.370000000000001,0,0,0.214896060872821,0.23437193895026,0.253290059817721,4096.252116804,1.29546514209133,232150.807293962,65379,1,0.128350724930469,2080,64,2,1,6.5,9.5,8.8,11.2
655,25,20762648,greedy_combined_B25,greedy_combined,25,25,strong_coherent,0.99,5,1,1.27,0.37,30,0.989909616571776,7.38,8.66,10.12,10.6,7.365,8.635,10.125,10.495,1,1,1,1,0.0206155281280884,0.0743303437365916,0.0199999999999996,0.0100000000000007,0.0499999999999989,0.109999999999999,0.109999999999999,0.48,0.370000000000001,0,0,0.214896060872821,0.23437193895026,0.253290059817721,4096.252116804,1.29546514209133,231688.155797913,65379,1,0.128350724930469,2080,64,2,1,6.5,9.5,8.8,11.2
656,26,20762649,greedy_combined_B25,greedy_combined,25,25,strong_coherent,0.99,5,1,1.27,0.37,30,0.98981417451123,7.38,8.66,10.12,10.6,7.365,8.635,10.125,10.495,1,1,1,1,0.0206155281280884,0.0743303437365916,0.0199999999999996,0.0100000000000007,0.0499999999999989,0.109999999999999,0.109999999999999,0.48,0.370000000000001,0,0,0.214896060872821,0.23437193895026,0.253290059817721,4096.252116804,1.29546514209133,231768.149253208,65379,1,0.128350724930469,2080,64,2,1,6.5,9.5,8.8,11.2
657,27,20762650,greedy_combined_B25,greedy_combined,25,25,strong_coherent,0.99,5,1,1.27,0.37,30,0.989947027890843,7.38,8.66,10.12,10.6,7.365,8.635,10.125,10.495,1,1,1,1,0.0206155281280884,0.0743303437365916,0.0199999999999996,0.0100000000000007,0.0499999999999989,0.109999999999999,0.109999999999999,0.48,0.370000000000001,0,0,0.214896060872821,0.23437193895026,0.253290059817721,4096.252116804,1.29546514209133,231898.119645954,65379,1,0.128350724930469,2080,64,2,1,6.5,9.5,8.8,11.2
658,28,20762651,greedy_combined_B25,greedy_combined,25,25,strong_coherent,0.99,5,1,1.27,0.37,30,0.989859938793149,7.38,8.66,10.12,10.6,7.365,8.635,10.125,10.495,1,1,1,1,0.0206155281280884,0.0743303437365916,0.0199999999999996,0.0100000000000007,0.0499999999999989,0.109999999999999,0.109999999999999,0.48,0.370000000000001,0,0,0.214896060872821,0.23437193895026,0.253290059817721,4096.252116804,1.29546514209133,231776.909390646,65379,1,0.128350724930469,2080,64,2,1,6.5,9.5,8.8,11.2
659,29,20762652,greedy_combined_B25,greedy_combined,25,25,strong_coherent,0.99,5,1,1.27,0.37,30,0.989874107491294,7.38,8.66,10.12,10.6,7.365,8.635,10.125,10.495,1,1,1,1,0.0206155281280884,0.0743303437365916,0.0199999999999996,0.0100000000000007,0.0499999999999989,0.109999999999999,0.109999999999999,0.48,0.370000000000001,0,0,0.214896060872821,0.23437193895026,0.253290059817721,4096.252116804,1.29546514209133,231624.872429098,65379,1,0.128350724930469,2080,64,2,1,6.5,9.5,8.8,11.2
660,30,20762653,greedy_combined_B25,greedy_combined,25,25,strong_coherent,0.99,5,1,1.27,0.37,30,0.989950380904858,7.38,8.66,10.12,10.6,7.365,8.635,10.125,10.495,1,1,1,1,0.0206155281280884,0.0743303437365916,0.0199999999999996,0.0100000000000007,0.0499999999999989,0.109999999999999,0.109999999999999,0.48,0.370000000000001,0,0,0.214896060872821,0.23437193895026,0.253290059817721,4096.252116804,1.29546514209133,231649.971339774,65379,1,0.128350724930469,2080,64,2,1,6.5,9.5,8.8,11.2
661,1,20763624,greedy_combined_B25,greedy_combined,25,25,hard_phase,0.99,150,1,0.83,0.37,30,0.990309572649509,7.7,8.26,10.24,10.48,7.585,8.415,10.125,10.495,1,0,1,0,0.136473440639561,0.0820060973342827,-0.0199999999999996,-0.269999999999998,0.0499999999999989,-0.130000000000001,0.130000000000001,0.24,0.370000000000001,0,0,0.214896060872821,0.23437193895026,0.253290059817721,4096.252116804,4.46836212063732,177503.16147269,65379,1,0.308597504854796,2080,64,2,1,6.5,9.5,8.8,11.2
662,2,20763625,greedy_combined_B25,greedy_combined,25,25,hard_phase,0.99,150,1,0.83,0.37,30,0.990317315158271,7.7,8.26,10.24,10.48,7.585,8.415,10.125,10.495,1,0,1,0,0.136473440639561,0.0820060973342827,-0.0199999999999996,-0.269999999999998,0.0499999999999989,-0.130000000000001,0.130000000000001,0.24,0.370000000000001,0,0,0.214896060872821,0.23437193895026,0.253290059817721,4096.252116804,4.46836212063732,177531.468395621,65379,1,0.308597504854796,2080,64,2,1,6.5,9.5,8.8,11.2
663,3,20763626,greedy_combined_B25,greedy_combined,25,25,hard_phase,0.99,150,1,0.83,0.37,30,0.990252950217586,7.7,8.26,10.24,10.48,7.585,8.415,10.125,10.495,1,0,1,0,0.136473440639561,0.0820060973342827,-0.0199999999999996,-0.269999999999998,0.0499999999999989,-0.130000000000001,0.130000000000001,0.24,0.370000000000001,0,0,0.214896060872821,0.23437193895026,0.253290059817721,4096.252116804,4.46836212063732,177501.513180535,65379,1,0.308597504854796,2080,64,2,1,6.5,9.5,8.8,11.2
664,4,20763627,greedy_combined_B25,greedy_combined,25,25,hard_phase,0.99,150,1,0.83,0.37,30,0.990505023831764,7.7,8.26,10.24,10.48,7.585,8.415,10.125,10.495,1,0,1,0,0.136473440639561,0.0820060973342827,-0.0199999999999996,-0.269999999999998,0.0499999999999989,-0.130000000000001,0.130000000000001,0.24,0.370000000000001,0,0,0.214896060872821,0.23437193895026,0.253290059817721,4096.252116804,4.46836212063732,177682.222319213,65379,1,0.308597504854796,2080,64,2,1,6.5,9.5,8.8,11.2
665,5,20763628,greedy_combined_B25,greedy_combined,25,25,hard_phase,0.99,150,1,0.83,0.37,30,0.989848815717237,7.7,8.26,10.24,10.48,7.585,8.415,10.125,10.495,1,0,1,0,0.136473440639561,0.0820060973342827,-0.0199999999999996,-0.269999999999998,0.0499999999999989,-0.130000000000001,0.130000000000001,0.24,0.370000000000001,0,0,0.214896060872821,0.23437193895026,0.253290059817721,4096.252116804,4.46836212063732,177476.933399547,65379,1,0.308597504854796,2080,64,2,1,6.5,9.5,8.8,11.2
666,6,20763629,greedy_combined_B25,greedy_combined,25,25,hard_phase,0.99,150,1,0.83,0.37,30,0.989814300242203,7.7,8.26,10.24,10.48,7.585,8.415,10.125,10.495,1,0,1,0,0.136473440639561,0.0820060973342827,-0.0199999999999996,-0.269999999999998,0.0499999999999989,-0.130000000000001,0.130000000000001,0.24,0.370000000000001,0,0,0.214896060872821,0.23437193895026,0.253290059817721,4096.252116804,4.46836212063732,177541.208651595,65379,1,0.308597504854796,2080,64,2,1,6.5,9.5,8.8,11.2
667,7,20763630,greedy_combined_B25,greedy_combined,25,25,hard_phase,0.99,150,1,0.83,0.37,30,0.990113105096215,7.7,8.26,10.24,10.48,7.585,8.415,10.125,10.495,1,0,1,0,0.136473440639561,0.0820060973342827,-0.0199999999999996,-0.269999999999998,0.0499999999999989,-0.130000000000001,0.130000000000001,0.24,0.370000000000001,0,0,0.214896060872821,0.23437193895026,0.253290059817721,4096.252116804,4.46836212063732,177505.262974602,65379,1,0.308597504854796,2080,64,2,1,6.5,9.5,8.8,11.2
668,8,20763631,greedy_combined_B25,greedy_combined,25,25,hard_phase,0.99,150,1,0.83,0.37,30,0.990480422406903,7.7,8.26,10.24,10.48,7.585,8.415,10.125,10.495,1,0,1,0,0.136473440639561,0.0820060973342827,-0.0199999999999996,-0.269999999999998,0.0499999999999989,-0.130000000000001,0.130000000000001,0.24,0.370000000000001,0,0,0.214896060872821,0.23437193895026,0.253290059817721,4096.252116804,4.46836212063732,177509.272205202,65379,1,0.308597504854796,2080,64,2,1,6.5,9.5,8.8,11.2
669,9,20763632,greedy_combined_B25,greedy_combined,25,25,hard_phase,0.99,150,1,0.83,0.37,30,0.990117570170077,7.7,8.26,10.24,10.48,7.585,8.415,10.125,10.495,1,0,1,0,0.136473440639561,0.0820060973342827,-0.0199999999999996,-0.269999999999998,0.0499999999999989,-0.130000000000001,0.130000000000001,0.24,0.370000000000001,0,0,0.214896060872821,0.23437193895026,0.253290059817721,4096.252116804,4.46836212063732,177483.795812014,65379,1,0.308597504854796,2080,64,2,1,6.5,9.5,8.8,11.2
670,10,20763633,greedy_combined_B25,greedy_combined,25,25,hard_phase,0.99,150,1,0.83,0.37,30,0.99033034936569,7.7,8.26,10.24,10.48,7.585,8.415,10.125,10.495,1,0,1,0,0.136473440639561,0.0820060973342827,-0.0199999999999996,-0.269999999999998,0.0499999999999989,-0.130000000000001,0.130000000000001,0.24,0.370000000000001,0,0,0.214896060872821,0.23437193895026,0.253290059817721,4096.252116804,4.46836212063732,177488.372909355,65379,1,0.308597504854796,2080,64,2,1,6.5,9.5,8.8,11.2
671,11,20763634,greedy_combined_B25,greedy_combined,25,25,hard_phase,0.99,150,1,0.83,0.37,30,0.990281258197916,7.7,8.26,10.24,10.48,7.585,8.415,10.125,10.495,1,0,1,0,0.136473440639561,0.0820060973342827,-0.0199999999999996,-0.269999999999998,0.0499999999999989,-0.130000000000001,0.130000000000001,0.24,0.370000000000001,0,0,0.214896060872821,0.23437193895026,0.253290059817721,4096.252116804,4.46836212063732,177504.547362566,65379,1,0.308597504854796,2080,64,2,1,6.5,9.5,8.8,11.2
672,12,20763635,greedy_combined_B25,greedy_combined,25,25,hard_phase,0.99,150,1,0.83,0.37,30,0.989932833012837,7.7,8.26,10.24,10.48,7.585,8.415,10.125,10.495,1,0,1,0,0.136473440639561,0.0820060973342827,-0.0199999999999996,-0.269999999999998,0.0499999999999989,-0.130000000000001,0.130000000000001,0.24,0.370000000000001,0,0,0.214896060872821,0.23437193895026,0.253290059817721,4096.252116804,4.46836212063732,177545.219581254,65379,1,0.308597504854796,2080,64,2,1,6.5,9.5,8.8,11.2
673,13,20763636,greedy_combined_B25,greedy_combined,25,25,hard_phase,0.99,150,1,0.83,0.37,30,0.990348031722148,7.7,8.26,10.24,10.48,7.585,8.415,10.125,10.495,1,0,1,0,0.136473440639561,0.0820060973342827,-0.0199999999999996,-0.269999999999998,0.0499999999999989,-0.130000000000001,0.130000000000001,0.24,0.370000000000001,0,0,0.214896060872821,0.23437193895026,0.253290059817721,4096.252116804,4.46836212063732,177523.808723068,65379,1,0.308597504854796,2080,64,2,1,6.5,9.5,8.8,11.2
674,14,20763637,greedy_combined_B25,greedy_combined,25,25,hard_phase,0.99,150,1,0.83,0.37,30,0.99067167040572,7.7,8.26,10.24,10.48,7.585,8.415,10.125,10.495,1,0,1,0,0.136473440639561,0.0820060973342827,-0.0199999999999996,-0.269999999999998,0.0499999999999989,-0.130000000000001,0.130000000000001,0.24,0.370000000000001,0,0,0.214896060872821,0.23437193895026,0.253290059817721,4096.252116804,4.46836212063732,177526.550527612,65379,1,0.308597504854796,2080,64,2,1,6.5,9.5,8.8,11.2
675,15,20763638,greedy_combined_B25,greedy_combined,25,25,hard_phase,0.99,150,1,0.83,0.37,30,0.989797669327435,7.7,8.26,10.24,10.48,7.585,8.415,10.125,10.495,1,0,1,0,0.136473440639561,0.0820060973342827,-0.0199999999999996,-0.269999999999998,0.0499999999999989,-0.130000000000001,0.130000000000001,0.24,0.370000000000001,0,0,0.214896060872821,0.23437193895026,0.253290059817721,4096.252116804,4.46836212063732,177549.063818738,65379,1,0.308597504854796,2080,64,2,1,6.5,9.5,8.8,11.2
676,16,20763639,greedy_combined_B25,greedy_combined,25,25,hard_phase,0.99,150,1,0.83,0.37,30,0.990226160343424,7.7,8.26,10.24,10.48,7.585,8.415,10.125,10.495,1,0,1,0,0.136473440639561,0.0820060973342827,-0.0199999999999996,-0.269999999999998,0.0499999999999989,-0.130000000000001,0.130000000000001,0.24,0.370000000000001,0,0,0.214896060872821,0.23437193895026,0.253290059817721,4096.252116804,4.46836212063732,177620.997543284,65379,1,0.308597504854796,2080,64,2,1,6.5,9.5,8.8,11.2
677,17,20763640,greedy_combined_B25,greedy_combined,25,25,hard_phase,0.99,150,1,0.83,0.37,30,0.989881123209467,7.7,8.26,10.24,10.48,7.585,8.415,10.125,10.495,1,0,1,0,0.136473440639561,0.0820060973342827,-0.0199999999999996,-0.269999999999998,0.0499999999999989,-0.130000000000001,0.130000000000001,0.24,0.370000000000001,0,0,0.214896060872821,0.23437193895026,0.253290059817721,4096.252116804,4.46836212063732,177578.92825214,65379,1,0.308597504854796,2080,64,2,1,6.5,9.5,8.8,11.2
678,18,20763641,greedy_combined_B25,greedy_combined,25,25,hard_phase,0.99,150,1,0.83,0.37,30,0.989859861234308,7.7,8.26,10.24,10.48,7.585,8.415,10.125,10.495,1,0,1,0,0.136473440639561,0.0820060973342827,-0.0199999999999996,-0.269999999999998,0.0499999999999989,-0.130000000000001,0.130000000000001,0.24,0.370000000000001,0,0,0.214896060872821,0.23437193895026,0.253290059817721,4096.252116804,4.46836212063732,177499.434736506,65379,1,0.308597504854796,2080,64,2,1,6.5,9.5,8.8,11.2
679,19,20763642,greedy_combined_B25,greedy_combined,25,25,hard_phase,0.99,150,1,0.83,0.37,30,0.990552162084814,7.7,8.26,10.24,10.48,7.585,8.415,10.125,10.495,1,0,1,0,0.136473440639561,0.0820060973342827,-0.0199999999999996,-0.269999999999998,0.0499999999999989,-0.130000000000001,0.130000000000001,0.24,0.370000000000001,0,0,0.214896060872821,0.23437193895026,0.253290059817721,4096.252116804,4.46836212063732,177535.736914364,65379,1,0.308597504854796,2080,64,2,1,6.5,9.5,8.8,11.2
680,20,20763643,greedy_combined_B25,greedy_combined,25,25,hard_phase,0.99,150,1,0.83,0.37,30,0.990101750187313,7.7,8.26,10.24,10.48,7.585,8.415,10.125,10.495,1,0,1,0,0.136473440639561,0.0820060973342827,-0.0199999999999996,-0.269999999999998,0.0499999999999989,-0.130000000000001,0.130000000000001,0.24,0.370000000000001,0,0,0.214896060872821,0.23437193895026,0.253290059817721,4096.252116804,4.46836212063732,177687.255720358,65379,1,0.308597504854796,2080,64,2,1,6.5,9.5,8.8,11.2
681,21,20763644,greedy_combined_B25,greedy_combined,25,25,hard_phase,0.99,150,1,0.83,0.37,30,0.989928719645286,7.7,8.26,10.24,10.48,7.585,8.415,10.125,10.495,1,0,1,0,0.136473440639561,0.0820060973342827,-0.0199999999999996,-0.269999999999998,0.0499999999999989,-0.130000000000001,0.130000000000001,0.24,0.370000000000001,0,0,0.214896060872821,0.23437193895026,0.253290059817721,4096.252116804,4.46836212063732,177541.135095837,65379,1,0.308597504854796,2080,64,2,1,6.5,9.5,8.8,11.2
682,22,20763645,greedy_combined_B25,greedy_combined,25,25,hard_phase,0.99,150,1,0.83,0.37,30,0.991240207732814,7.7,8.26,10.24,10.48,7.585,8.415,10.125,10.495,1,0,1,0,0.136473440639561,0.0820060973342827,-0.0199999999999996,-0.269999999999998,0.0499999999999989,-0.130000000000001,0.130000000000001,0.24,0.370000000000001,0,0,0.214896060872821,0.23437193895026,0.253290059817721,4096.252116804,4.46836212063732,177574.214219788,65379,1,0.308597504854796,2080,64,2,1,6.5,9.5,8.8,11.2
683,23,20763646,greedy_combined_B25,greedy_combined,25,25,hard_phase,0.99,150,1,0.83,0.37,30,0.989855426034558,7.7,8.26,10.24,10.48,7.585,8.415,10.125,10.495,1,0,1,0,0.136473440639561,0.0820060973342827,-0.0199999999999996,-0.269999999999998,0.0499999999999989,-0.130000000000001,0.130000000000001,0.24,0.370000000000001,0,0,0.214896060872821,0.23437193895026,0.253290059817721,4096.252116804,4.46836212063732,177617.848426526,65379,1,0.308597504854796,2080,64,2,1,6.5,9.5,8.8,11.2
684,24,20763647,greedy_combined_B25,greedy_combined,25,25,hard_phase,0.99,150,1,0.83,0.37,30,0.990127871392701,7.7,8.26,10.24,10.48,7.585,8.415,10.125,10.495,1,0,1,0,0.136473440639561,0.0820060973342827,-0.0199999999999996,-0.269999999999998,0.0499999999999989,-0.130000000000001,0.130000000000001,0.24,0.370000000000001,0,0,0.214896060872821,0.23437193895026,0.253290059817721,4096.252116804,4.46836212063732,177493.28967846,65379,1,0.308597504854796,2080,64,2,1,6.5,9.5,8.8,11.2
685,25,20763648,greedy_combined_B25,greedy_combined,25,25,hard_phase,0.99,150,1,0.83,0.37,30,0.990105963681381,7.7,8.26,10.24,10.48,7.585,8.415,10.125,10.495,1,0,1,0,0.136473440639561,0.0820060973342827,-0.0199999999999996,-0.269999999999998,0.0499999999999989,-0.130000000000001,0.130000000000001,0.24,0.370000000000001,0,0,0.214896060872821,0.23437193895026,0.253290059817721,4096.252116804,4.46836212063732,177465.320919754,65379,1,0.308597504854796,2080,64,2,1,6.5,9.5,8.8,11.2
686,26,20763649,greedy_combined_B25,greedy_combined,25,25,hard_phase,0.99,150,1,0.83,0.37,30,0.989888294406482,7.7,8.26,10.24,10.48,7.585,8.415,10.125,10.495,1,0,1,0,0.136473440639561,0.0820060973342827,-0.0199999999999996,-0.269999999999998,0.0499999999999989,-0.130000000000001,0.130000000000001,0.24,0.370000000000001,0,0,0.214896060872821,0.23437193895026,0.253290059817721,4096.252116804,4.46836212063732,177535.008743056,65379,1,0.308597504854796,2080,64,2,1,6.5,9.5,8.8,11.2
687,27,20763650,greedy_combined_B25,greedy_combined,25,25,hard_phase,0.99,150,1,0.83,0.37,30,0.99022075855814,7.7,8.26,10.24,10.48,7.585,8.415,10.125,10.495,1,0,1,0,0.136473440639561,0.0820060973342827,-0.0199999999999996,-0.269999999999998,0.0499999999999989,-0.130000000000001,0.130000000000001,0.24,0.370000000000001,0,0,0.214896060872821,0.23437193895026,0.253290059817721,4096.252116804,4.46836212063732,177639.496454936,65379,1,0.308597504854796,2080,64,2,1,6.5,9.5,8.8,11.2
688,28,20763651,greedy_combined_B25,greedy_combined,25,25,hard_phase,0.99,150,1,0.83,0.37,30,0.990178201815558,7.7,8.26,10.24,10.48,7.585,8.415,10.125,10.495,1,0,1,0,0.136473440639561,0.0820060973342827,-0.0199999999999996,-0.269999999999998,0.0499999999999989,-0.130000000000001,0.130000000000001,0.24,0.370000000000001,0,0,0.214896060872821,0.23437193895026,0.253290059817721,4096.252116804,4.46836212063732,177451.203167767,65379,1,0.308597504854796,2080,64,2,1,6.5,9.5,8.8,11.2
689,29,20763652,greedy_combined_B25,greedy_combined,25,25,hard_phase,0.99,150,1,0.83,0.37,30,0.990113026974531,7.7,8.26,10.24,10.48,7.585,8.415,10.125,10.495,1,0,1,0,0.136473440639561,0.0820060973342827,-0.0199999999999996,-0.269999999999998,0.0499999999999989,-0.130000000000001,0.130000000000001,0.24,0.370000000000001,0,0,0.214896060872821,0.23437193895026,0.253290059817721,4096.252116804,4.46836212063732,177524.65504926,65379,1,0.308597504854796,2080,64,2,1,6.5,9.5,8.8,11.2
690,30,20763653,greedy_combined_B25,greedy_combined,25,25,hard_phase,0.99,150,1,0.83,0.37,30,0.989819011798272,7.7,8.26,10.24,10.48,7.585,8.415,10.125,10.495,1,0,1,0,0.136473440639561,0.0820060973342827,-0.0199999999999996,-0.269999999999998,0.0499999999999989,-0.130000000000001,0.130000000000001,0.24,0.370000000000001,0,0,0.214896060872821,0.23437193895026,0.253290059817721,4096.252116804,4.46836212063732,177564.15873396,65379,1,0.308597504854796,2080,64,2,1,6.5,9.5,8.8,11.2
691,1,20764624,greedy_combined_B25,greedy_combined,25,25,weak_secondary,0.99,150,0.3,0.83,0.37,30,0.990091884221674,7.54,8.5,10.12,10.6,7.585,8.415,10.125,10.495,1,1,1,1,0.0680073525436777,0.0743303437365916,0.0199999999999996,0.130000000000001,0.0499999999999989,0.109999999999999,0.109999999999999,0.48,0.370000000000001,0,0,0.214896060872821,0.23437193895026,0.253290059817721,4096.252116804,1.3749693811225,114713.074360233,65379,1,0.308597504854796,2080,64,2,1,6.5,9.5,8.8,11.2
692,2,20764625,greedy_combined_B25,greedy_combined,25,25,weak_secondary,0.99,150,0.3,0.83,0.37,30,0.990153190264305,7.54,8.5,10.12,10.6,7.585,8.415,10.125,10.495,1,1,1,1,0.0680073525436777,0.0743303437365916,0.0199999999999996,0.130000000000001,0.0499999999999989,0.109999999999999,0.109999999999999,0.48,0.370000000000001,0,0,0.214896060872821,0.23437193895026,0.253290059817721,4096.252116804,1.3749693811225,114712.983949098,65379,1,0.308597504854796,2080,64,2,1,6.5,9.5,8.8,11.2
693,3,20764626,greedy_combined_B25,greedy_combined,25,25,weak_secondary,0.99,150,0.3,0.83,0.37,30,0.98994666773661,7.54,8.5,10.12,10.6,7.585,8.415,10.125,10.495,1,1,1,1,0.0680073525436777,0.0743303437365916,0.0199999999999996,0.130000000000001,0.0499999999999989,0.109999999999999,0.109999999999999,0.48,0.370000000000001,0,0,0.214896060872821,0.23437193895026,0.253290059817721,4096.252116804,1.3749693811225,114713.965097116,65379,1,0.308597504854796,2080,64,2,1,6.5,9.5,8.8,11.2
694,4,20764627,greedy_combined_B25,greedy_combined,25,25,weak_secondary,0.99,150,0.3,0.83,0.37,30,0.989850596038975,7.54,8.5,10.12,10.6,7.585,8.415,10.125,10.495,1,1,1,1,0.0680073525436777,0.0743303437365916,0.0199999999999996,0.130000000000001,0.0499999999999989,0.109999999999999,0.109999999999999,0.48,0.370000000000001,0,0,0.214896060872821,0.23437193895026,0.253290059817721,4096.252116804,1.3749693811225,114714.987377916,65379,1,0.308597504854796,2080,64,2,1,6.5,9.5,8.8,11.2
695,5,20764628,greedy_combined_B25,greedy_combined,25,25,weak_secondary,0.99,150,0.3,0.83,0.37,30,0.989800710113281,7.54,8.5,10.12,10.6,7.585,8.415,10.125,10.495,1,1,1,1,0.0680073525436777,0.0743303437365916,0.0199999999999996,0.130000000000001,0.0499999999999989,0.109999999999999,0.109999999999999,0.48,0.370000000000001,0,0,0.214896060872821,0.23437193895026,0.253290059817721,4096.252116804,1.3749693811225,114702.258188615,65379,1,0.308597504854796,2080,64,2,1,6.5,9.5,8.8,11.2
696,6,20764629,greedy_combined_B25,greedy_combined,25,25,weak_secondary,0.99,150,0.3,0.83,0.37,30,0.990184644841917,7.54,8.5,10.12,10.6,7.585,8.415,10.125,10.495,1,1,1,1,0.0680073525436777,0.0743303437365916,0.0199999999999996,0.130000000000001,0.0499999999999989,0.109999999999999,0.109999999999999,0.48,0.370000000000001,0,0,0.214896060872821,0.23437193895026,0.253290059817721,4096.252116804,1.3749693811225,114741.449574396,65379,1,0.308597504854796,2080,64,2,1,6.5,9.5,8.8,11.2
697,7,20764630,greedy_combined_B25,greedy_combined,25,25,weak_secondary,0.99,150,0.3,0.83,0.37,30,0.989840155608421,7.54,8.5,10.12,10.6,7.585,8.415,10.125,10.495,1,1,1,1,0.0680073525436777,0.0743303437365916,0.0199999999999996,0.130000000000001,0.0499999999999989,0.109999999999999,0.109999999999999,0.48,0.370000000000001,0,0,0.214896060872821,0.23437193895026,0.253290059817721,4096.252116804,1.3749693811225,114718.290546623,65379,1,0.308597504854796,2080,64,2,1,6.5,9.5,8.8,11.2
698,8,20764631,greedy_combined_B25,greedy_combined,25,25,weak_secondary,0.99,150,0.3,0.83,0.37,30,0.990629912197036,7.54,8.5,10.12,10.6,7.585,8.415,10.125,10.495,1,1,1,1,0.0680073525436777,0.0743303437365916,0.0199999999999996,0.130000000000001,0.0499999999999989,0.109999999999999,0.109999999999999,0.48,0.370000000000001,0,0,0.214896060872821,0.23437193895026,0.253290059817721,4096.252116804,1.3749693811225,114728.267209672,65379,1,0.308597504854796,2080,64,2,1,6.5,9.5,8.8,11.2
699,9,20764632,greedy_combined_B25,greedy_combined,25,25,weak_secondary,0.99,150,0.3,0.83,0.37,30,0.990034588113573,7.54,8.5,10.12,10.6,7.585,8.415,10.125,10.495,1,1,1,1,0.0680073525436777,0.0743303437365916,0.0199999999999996,0.130000000000001,0.0499999999999989,0.109999999999999,0.109999999999999,0.48,0.370000000000001,0,0,0.214896060872821,0.23437193895026,0.253290059817721,4096.252116804,1.3749693811225,114677.546742274,65379,1,0.308597504854796,2080,64,2,1,6.5,9.5,8.8,11.2
700,10,20764633,greedy_combined_B25,greedy_combined,25,25,weak_secondary,0.99,150,0.3,0.83,0.37,30,0.990072159798934,7.54,8.5,10.12,10.6,7.585,8.415,10.125,10.495,1,1,1,1,0.0680073525436777,0.0743303437365916,0.0199999999999996,0.130000000000001,0.0499999999999989,0.109999999999999,0.109999999999999,0.48,0.370000000000001,0,0,0.214896060872821,0.23437193895026,0.253290059817721,4096.252116804,1.3749693811225,114716.074285917,65379,1,0.308597504854796,2080,64,2,1,6.5,9.5,8.8,11.2
701,11,20764634,greedy_combined_B25,greedy_combined,25,25,weak_secondary,0.99,150,0.3,0.83,0.37,30,0.989867147702018,7.54,8.5,10.12,10.6,7.585,8.415,10.125,10.495,1,1,1,1,0.0680073525436777,0.0743303437365916,0.0199999999999996,0.130000000000001,0.0499999999999989,0.109999999999999,0.109999999999999,0.48,0.370000000000001,0,0,0.214896060872821,0.23437193895026,0.253290059817721,4096.252116804,1.3749693811225,114732.462208912,65379,1,0.308597504854796,2080,64,2,1,6.5,9.5,8.8,11.2
702,12,20764635,greedy_combined_B25,greedy_combined,25,25,weak_secondary,0.99,150,0.3,0.83,0.37,30,0.989923656202633,7.54,8.5,10.12,10.6,7.585,8.415,10.125,10.495,1,1,1,1,0.0680073525436777,0.0743303437365916,0.0199999999999996,0.130000000000001,0.0499999999999989,0.109999999999999,0.109999999999999,0.48,0.370000000000001,0,0,0.214896060872821,0.23437193895026,0.253290059817721,4096.252116804,1.3749693811225,114687.071086535,65379,1,0.308597504854796,2080,64,2,1,6.5,9.5,8.8,11.2
703,13,20764636,greedy_combined_B25,greedy_combined,25,25,weak_secondary,0.99,150,0.3,0.83,0.37,30,0.990198852551955,7.54,8.5,10.12,10.6,7.585,8.415,10.125,10.495,1,1,1,1,0.0680073525436777,0.0743303437365916,0.0199999999999996,0.130000000000001,0.0499999999999989,0.109999999999999,0.109999999999999,0.48,0.370000000000001,0,0,0.214896060872821,0.23437193895026,0.253290059817721,4096.252116804,1.3749693811225,114695.634231251,65379,1,0.308597504854796,2080,64,2,1,6.5,9.5,8.8,11.2
704,14,20764637,greedy_combined_B25,greedy_combined,25,25,weak_secondary,0.99,150,0.3,0.83,0.37,30,0.989904901718622,7.54,8.5,10.12,10.6,7.585,8.415,10.125,10.495,1,1,1,1,0.0680073525436777,0.0743303437365916,0.0199999999999996,0.130000000000001,0.0499999999999989,0.109999999999999,0.109999999999999,0.48,0.370000000000001,0,0,0.214896060872821,0.23437193895026,0.253290059817721,4096.252116804,1.3749693811225,114696.814143679,65379,1,0.308597504854796,2080,64,2,1,6.5,9.5,8.8,11.2
705,15,20764638,greedy_combined_B25,greedy_combined,25,25,weak_secondary,0.99,150,0.3,0.83,0.37,30,0.990627180102492,7.54,8.5,10.12,10.6,7.585,8.415,10.125,10.495,1,1,1,1,0.0680073525436777,0.0743303437365916,0.0199999999999996,0.130000000000001,0.0499999999999989,0.109999999999999,0.109999999999999,0.48,0.370000000000001,0,0,0.214896060872821,0.23437193895026,0.253290059817721,4096.252116804,1.3749693811225,114658.638445489,65379,1,0.308597504854796,2080,64,2,1,6.5,9.5,8.8,11.2
706,16,20764639,greedy_combined_B25,greedy_combined,25,25,weak_secondary,0.99,150,0.3,0.83,0.37,30,0.989851952985166,7.54,8.5,10.12,10.6,7.585,8.415,10.125,10.495,1,1,1,1,0.0680073525436777,0.0743303437365916,0.0199999999999996,0.130000000000001,0.0499999999999989,0.109999999999999,0.109999999999999,0.48,0.370000000000001,0,0,0.214896060872821,0.23437193895026,0.253290059817721,4096.252116804,1.3749693811225,114716.588743339,65379,1,0.308597504854796,2080,64,2,1,6.5,9.5,8.8,11.2
707,17,20764640,greedy_combined_B25,greedy_combined,25,25,weak_secondary,0.99,150,0.3,0.83,0.37,30,0.989976081247888,7.54,8.5,10.12,10.6,7.585,8.415,10.125,10.495,1,1,1,1,0.0680073525436777,0.0743303437365916,0.0199999999999996,0.130000000000001,0.0499999999999989,0.109999999999999,0.109999999999999,0.48,0.370000000000001,0,0,0.214896060872821,0.23437193895026,0.253290059817721,4096.252116804,1.3749693811225,114717.163782632,65379,1,0.308597504854796,2080,64,2,1,6.5,9.5,8.8,11.2
708,18,20764641,greedy_combined_B25,greedy_combined,25,25,weak_secondary,0.99,150,0.3,0.83,0.37,30,0.989803428952662,7.54,8.5,10.12,10.6,7.585,8.415,10.125,10.495,1,1,1,1,0.0680073525436777,0.0743303437365916,0.0199999999999996,0.130000000000001,0.0499999999999989,0.109999999999999,0.109999999999999,0.48,0.370000000000001,0,0,0.214896060872821,0.23437193895026,0.253290059817721,4096.252116804,1.3749693811225,114703.527090468,65379,1,0.308597504854796,2080,64,2,1,6.5,9.5,8.8,11.2
709,19,20764642,greedy_combined_B25,greedy_combined,25,25,weak_secondary,0.99,150,0.3,0.83,0.37,30,0.990186644088481,7.54,8.5,10.12,10.6,7.585,8.415,10.125,10.495,1,1,1,1,0.0680073525436777,0.0743303437365916,0.0199999999999996,0.130000000000001,0.0499999999999989,0.109999999999999,0.109999999999999,0.48,0.370000000000001,0,0,0.214896060872821,0.23437193895026,0.253290059817721,4096.252116804,1.3749693811225,114708.519570514,65379,1,0.308597504854796,2080,64,2,1,6.5,9.5,8.8,11.2
710,20,20764643,greedy_combined_B25,greedy_combined,25,25,weak_secondary,0.99,150,0.3,0.83,0.37,30,0.989989179692682,7.54,8.5,10.12,10.6,7.585,8.415,10.125,10.495,1,1,1,1,0.0680073525436777,0.0743303437365916,0.0199999999999996,0.130000000000001,0.0499999999999989,0.109999999999999,0.109999999999999,0.48,0.370000000000001,0,0,0.214896060872821,0.23437193895026,0.253290059817721,4096.252116804,1.3749693811225,114686.340460505,65379,1,0.308597504854796,2080,64,2,1,6.5,9.5,8.8,11.2
711,21,20764644,greedy_combined_B25,greedy_combined,25,25,weak_secondary,0.99,150,0.3,0.83,0.37,30,0.990062751071241,7.54,8.5,10.12,10.6,7.585,8.415,10.125,10.495,1,1,1,1,0.0680073525436777,0.0743303437365916,0.0199999999999996,0.130000000000001,0.0499999999999989,0.109999999999999,0.109999999999999,0.48,0.370000000000001,0,0,0.214896060872821,0.23437193895026,0.253290059817721,4096.252116804,1.3749693811225,114686.28814579,65379,1,0.308597504854796,2080,64,2,1,6.5,9.5,8.8,11.2
712,22,20764645,greedy_combined_B25,greedy_combined,25,25,weak_secondary,0.99,150,0.3,0.83,0.37,30,0.99005817920534,7.54,8.5,10.12,10.6,7.585,8.415,10.125,10.495,1,1,1,1,0.0680073525436777,0.0743303437365916,0.0199999999999996,0.130000000000001,0.0499999999999989,0.109999999999999,0.109999999999999,0.48,0.370000000000001,0,0,0.214896060872821,0.23437193895026,0.253290059817721,4096.252116804,1.3749693811225,114732.144864775,65379,1,0.308597504854796,2080,64,2,1,6.5,9.5,8.8,11.2
713,23,20764646,greedy_combined_B25,greedy_combined,25,25,weak_secondary,0.99,150,0.3,0.83,0.37,30,0.990225072974656,7.54,8.5,10.12,10.6,7.585,8.415,10.125,10.495,1,1,1,1,0.0680073525436777,0.0743303437365916,0.0199999999999996,0.130000000000001,0.0499999999999989,0.109999999999999,0.109999999999999,0.48,0.370000000000001,0,0,0.214896060872821,0.23437193895026,0.253290059817721,4096.252116804,1.3749693811225,114733.818988139,65379,1,0.308597504854796,2080,64,2,1,6.5,9.5,8.8,11.2
714,24,20764647,greedy_combined_B25,greedy_combined,25,25,weak_secondary,0.99,150,0.3,0.83,0.37,30,0.989895037160563,7.54,8.5,10.12,10.6,7.585,8.415,10.125,10.495,1,1,1,1,0.0680073525436777,0.0743303437365916,0.0199999999999996,0.130000000000001,0.0499999999999989,0.109999999999999,0.109999999999999,0.48,0.370000000000001,0,0,0.214896060872821,0.23437193895026,0.253290059817721,4096.252116804,1.3749693811225,114700.321235893,65379,1,0.308597504854796,2080,64,2,1,6.5,9.5,8.8,11.2
715,25,20764648,greedy_combined_B25,greedy_combined,25,25,weak_secondary,0.99,150,0.3,0.83,0.37,30,0.989986026907398,7.54,8.5,10.12,10.6,7.585,8.415,10.125,10.495,1,1,1,1,0.0680073525436777,0.0743303437365916,0.0199999999999996,0.130000000000001,0.0499999999999989,0.109999999999999,0.109999999999999,0.48,0.370000000000001,0,0,0.214896060872821,0.23437193895026,0.253290059817721,4096.252116804,1.3749693811225,114711.760521349,65379,1,0.308597504854796,2080,64,2,1,6.5,9.5,8.8,11.2
716,26,20764649,greedy_combined_B25,greedy_combined,25,25,weak_secondary,0.99,150,0.3,0.83,0.37,30,0.989815479221167,7.54,8.5,10.12,10.6,7.585,8.415,10.125,10.495,1,1,1,1,0.0680073525436777,0.0743303437365916,0.0199999999999996,0.130000000000001,0.0499999999999989,0.109999999999999,0.109999999999999,0.48,0.370000000000001,0,0,0.214896060872821,0.23437193895026,0.253290059817721,4096.252116804,1.3749693811225,114677.76368752,65379,1,0.308597504854796,2080,64,2,1,6.5,9.5,8.8,11.2
717,27,20764650,greedy_combined_B25,greedy_combined,25,25,weak_secondary,0.99,150,0.3,0.83,0.37,30,0.990432466957614,7.54,8.5,10.12,10.6,7.585,8.415,10.125,10.495,1,1,1,1,0.0680073525436777,0.0743303437365916,0.0199999999999996,0.130000000000001,0.0499999999999989,0.109999999999999,0.109999999999999,0.48,0.370000000000001,0,0,0.214896060872821,0.23437193895026,0.253290059817721,4096.252116804,1.3749693811225,114726.882864987,65379,1,0.308597504854796,2080,64,2,1,6.5,9.5,8.8,11.2
718,28,20764651,greedy_combined_B25,greedy_combined,25,25,weak_secondary,0.99,150,0.3,0.83,0.37,30,0.990142366713977,7.54,8.5,10.12,10.6,7.585,8.415,10.125,10.495,1,1,1,1,0.0680073525436777,0.0743303437365916,0.0199999999999996,0.130000000000001,0.0499999999999989,0.109999999999999,0.109999999999999,0.48,0.370000000000001,0,0,0.214896060872821,0.23437193895026,0.253290059817721,4096.252116804,1.3749693811225,114711.306180142,65379,1,0.308597504854796,2080,64,2,1,6.5,9.5,8.8,11.2
719,29,20764652,greedy_combined_B25,greedy_combined,25,25,weak_secondary,0.99,150,0.3,0.83,0.37,30,0.990236393502098,7.54,8.5,10.12,10.6,7.585,8.415,10.125,10.495,1,1,1,1,0.0680073525436777,0.0743303437365916,0.0199999999999996,0.130000000000001,0.0499999999999989,0.109999999999999,0.109999999999999,0.48,0.370000000000001,0,0,0.214896060872821,0.23437193895026,0.253290059817721,4096.252116804,1.3749693811225,114734.6310137,65379,1,0.308597504854796,2080,64,2,1,6.5,9.5,8.8,11.2
720,30,20764653,greedy_combined_B25,greedy_combined,25,25,weak_secondary,0.99,150,0.3,0.83,0.37,30,0.990375706196166,7.54,8.5,10.12,10.6,7.585,8.415,10.125,10.495,1,1,1,1,0.0680073525436777,0.0743303437365916,0.0199999999999996,0.130000000000001,0.0499999999999989,0.109999999999999,0.109999999999999,0.48,0.370000000000001,0,0,0.214896060872821,0.23437193895026,0.253290059817721,4096.252116804,1.3749693811225,114722.609465679,65379,1,0.308597504854796,2080,64,2,1,6.5,9.5,8.8,11.2
721,1,20765624,greedy_combined_B25,greedy_combined,25,25,low_snr_hard,1,150,0.3,0.83,0.37,20,1,7.54,8.5,10.12,10.6,7.585,8.415,10.125,10.495,1,1,1,1,0.0680073525436777,0.0743303437365916,0.0199999999999996,0.130000000000001,0.0499999999999989,0.109999999999999,0.109999999999999,0.48,0.370000000000001,0,0,0.214896060872821,0.23437193895026,0.253290059817721,4096.252116804,1.3749693811225,114496.574126972,65379,1,0.308597504854796,2080,64,2,1,6.5,9.5,8.8,11.2
722,2,20765625,greedy_combined_B25,greedy_combined,25,25,low_snr_hard,1,150,0.3,0.83,0.37,20,1,7.54,8.5,10.12,10.6,7.585,8.415,10.125,10.495,1,1,1,1,0.0680073525436777,0.0743303437365916,0.0199999999999996,0.130000000000001,0.0499999999999989,0.109999999999999,0.109999999999999,0.48,0.370000000000001,0,0,0.214896060872821,0.23437193895026,0.253290059817721,4096.252116804,1.3749693811225,114495.109205314,65379,1,0.308597504854796,2080,64,2,1,6.5,9.5,8.8,11.2
723,3,20765626,greedy_combined_B25,greedy_combined,25,25,low_snr_hard,1,150,0.3,0.83,0.37,20,1,7.54,8.5,10.12,10.6,7.585,8.415,10.125,10.495,1,1,1,1,0.0680073525436777,0.0743303437365916,0.0199999999999996,0.130000000000001,0.0499999999999989,0.109999999999999,0.109999999999999,0.48,0.370000000000001,0,0,0.214896060872821,0.23437193895026,0.253290059817721,4096.252116804,1.3749693811225,114451.442715643,65379,1,0.308597504854796,2080,64,2,1,6.5,9.5,8.8,11.2
724,4,20765627,greedy_combined_B25,greedy_combined,25,25,low_snr_hard,1,150,0.3,0.83,0.37,20,1,7.54,8.5,10.12,10.6,7.585,8.415,10.125,10.495,1,1,1,1,0.0680073525436777,0.0743303437365916,0.0199999999999996,0.130000000000001,0.0499999999999989,0.109999999999999,0.109999999999999,0.48,0.370000000000001,0,0,0.214896060872821,0.23437193895026,0.253290059817721,4096.252116804,1.3749693811225,114576.594281193,65379,1,0.308597504854796,2080,64,2,1,6.5,9.5,8.8,11.2
725,5,20765628,greedy_combined_B25,greedy_combined,25,25,low_snr_hard,1,150,0.3,0.83,0.37,20,1,7.54,8.5,10.12,10.6,7.585,8.415,10.125,10.495,1,1,1,1,0.0680073525436777,0.0743303437365916,0.0199999999999996,0.130000000000001,0.0499999999999989,0.109999999999999,0.109999999999999,0.48,0.370000000000001,0,0,0.214896060872821,0.23437193895026,0.253290059817721,4096.252116804,1.3749693811225,114512.522240082,65379,1,0.308597504854796,2080,64,2,1,6.5,9.5,8.8,11.2
726,6,20765629,greedy_combined_B25,greedy_combined,25,25,low_snr_hard,1,150,0.3,0.83,0.37,20,1,7.54,8.5,10.12,10.6,7.585,8.415,10.125,10.495,1,1,1,1,0.0680073525436777,0.0743303437365916,0.0199999999999996,0.130000000000001,0.0499999999999989,0.109999999999999,0.109999999999999,0.48,0.370000000000001,0,0,0.214896060872821,0.23437193895026,0.253290059817721,4096.252116804,1.3749693811225,114480.739788708,65379,1,0.308597504854796,2080,64,2,1,6.5,9.5,8.8,11.2
727,7,20765630,greedy_combined_B25,greedy_combined,25,25,low_snr_hard,1,150,0.3,0.83,0.37,20,1,7.54,8.5,10.12,10.6,7.585,8.415,10.125,10.495,1,1,1,1,0.0680073525436777,0.0743303437365916,0.0199999999999996,0.130000000000001,0.0499999999999989,0.109999999999999,0.109999999999999,0.48,0.370000000000001,0,0,0.214896060872821,0.23437193895026,0.253290059817721,4096.252116804,1.3749693811225,114447.76441769,65379,1,0.308597504854796,2080,64,2,1,6.5,9.5,8.8,11.2
728,8,20765631,greedy_combined_B25,greedy_combined,25,25,low_snr_hard,1,150,0.3,0.83,0.37,20,1,7.54,8.5,10.12,10.6,7.585,8.415,10.125,10.495,1,1,1,1,0.0680073525436777,0.0743303437365916,0.0199999999999996,0.130000000000001,0.0499999999999989,0.109999999999999,0.109999999999999,0.48,0.370000000000001,0,0,0.214896060872821,0.23437193895026,0.253290059817721,4096.252116804,1.3749693811225,114481.12200609,65379,1,0.308597504854796,2080,64,2,1,6.5,9.5,8.8,11.2
729,9,20765632,greedy_combined_B25,greedy_combined,25,25,low_snr_hard,1,150,0.3,0.83,0.37,20,1,7.54,8.5,10.12,10.6,7.585,8.415,10.125,10.495,1,1,1,1,0.0680073525436777,0.0743303437365916,0.0199999999999996,0.130000000000001,0.0499999999999989,0.109999999999999,0.109999999999999,0.48,0.370000000000001,0,0,0.214896060872821,0.23437193895026,0.253290059817721,4096.252116804,1.3749693811225,114557.190798314,65379,1,0.308597504854796,2080,64,2,1,6.5,9.5,8.8,11.2
730,10,20765633,greedy_combined_B25,greedy_combined,25,25,low_snr_hard,1,150,0.3,0.83,0.37,20,1,7.54,8.5,10.12,10.6,7.585,8.415,10.125,10.495,1,1,1,1,0.0680073525436777,0.0743303437365916,0.0199999999999996,0.130000000000001,0.0499999999999989,0.109999999999999,0.109999999999999,0.48,0.370000000000001,0,0,0.214896060872821,0.23437193895026,0.253290059817721,4096.252116804,1.3749693811225,114524.807452005,65379,1,0.308597504854796,2080,64,2,1,6.5,9.5,8.8,11.2
731,11,20765634,greedy_combined_B25,greedy_combined,25,25,low_snr_hard,1,150,0.3,0.83,0.37,20,1,7.54,8.5,10.12,10.6,7.585,8.415,10.125,10.495,1,1,1,1,0.0680073525436777,0.0743303437365916,0.0199999999999996,0.130000000000001,0.0499999999999989,0.109999999999999,0.109999999999999,0.48,0.370000000000001,0,0,0.214896060872821,0.23437193895026,0.253290059817721,4096.252116804,1.3749693811225,114571.367372628,65379,1,0.308597504854796,2080,64,2,1,6.5,9.5,8.8,11.2
732,12,20765635,greedy_combined_B25,greedy_combined,25,25,low_snr_hard,1,150,0.3,0.83,0.37,20,1,7.54,8.5,10.12,10.6,7.585,8.415,10.125,10.495,1,1,1,1,0.0680073525436777,0.0743303437365916,0.0199999999999996,0.130000000000001,0.0499999999999989,0.109999999999999,0.109999999999999,0.48,0.370000000000001,0,0,0.214896060872821,0.23437193895026,0.253290059817721,4096.252116804,1.3749693811225,114458.781555343,65379,1,0.308597504854796,2080,64,2,1,6.5,9.5,8.8,11.2
733,13,20765636,greedy_combined_B25,greedy_combined,25,25,low_snr_hard,1,150,0.3,0.83,0.37,20,1,7.54,8.5,10.12,10.6,7.585,8.415,10.125,10.495,1,1,1,1,0.0680073525436777,0.0743303437365916,0.0199999999999996,0.130000000000001,0.0499999999999989,0.109999999999999,0.109999999999999,0.48,0.370000000000001,0,0,0.214896060872821,0.23437193895026,0.253290059817721,4096.252116804,1.3749693811225,114507.973514923,65379,1,0.308597504854796,2080,64,2,1,6.5,9.5,8.8,11.2
734,14,20765637,greedy_combined_B25,greedy_combined,25,25,low_snr_hard,1,150,0.3,0.83,0.37,20,1,7.54,8.5,10.12,10.6,7.585,8.415,10.125,10.495,1,1,1,1,0.0680073525436777,0.0743303437365916,0.0199999999999996,0.130000000000001,0.0499999999999989,0.109999999999999,0.109999999999999,0.48,0.370000000000001,0,0,0.214896060872821,0.23437193895026,0.253290059817721,4096.252116804,1.3749693811225,114523.440025932,65379,1,0.308597504854796,2080,64,2,1,6.5,9.5,8.8,11.2
735,15,20765638,greedy_combined_B25,greedy_combined,25,25,low_snr_hard,1,150,0.3,0.83,0.37,20,1,7.54,8.5,10.12,10.6,7.585,8.415,10.125,10.495,1,1,1,1,0.0680073525436777,0.0743303437365916,0.0199999999999996,0.130000000000001,0.0499999999999989,0.109999999999999,0.109999999999999,0.48,0.370000000000001,0,0,0.214896060872821,0.23437193895026,0.253290059817721,4096.252116804,1.3749693811225,114477.52489204,65379,1,0.308597504854796,2080,64,2,1,6.5,9.5,8.8,11.2
736,16,20765639,greedy_combined_B25,greedy_combined,25,25,low_snr_hard,1,150,0.3,0.83,0.37,20,1,7.54,8.5,10.12,10.6,7.585,8.415,10.125,10.495,1,1,1,1,0.0680073525436777,0.0743303437365916,0.0199999999999996,0.130000000000001,0.0499999999999989,0.109999999999999,0.109999999999999,0.48,0.370000000000001,0,0,0.214896060872821,0.23437193895026,0.253290059817721,4096.252116804,1.3749693811225,114421.629963807,65379,1,0.308597504854796,2080,64,2,1,6.5,9.5,8.8,11.2
737,17,20765640,greedy_combined_B25,greedy_combined,25,25,low_snr_hard,1,150,0.3,0.83,0.37,20,1,7.54,8.5,10.12,10.6,7.585,8.415,10.125,10.495,1,1,1,1,0.0680073525436777,0.0743303437365916,0.0199999999999996,0.130000000000001,0.0499999999999989,0.109999999999999,0.109999999999999,0.48,0.370000000000001,0,0,0.214896060872821,0.23437193895026,0.253290059817721,4096.252116804,1.3749693811225,114521.296491235,65379,1,0.308597504854796,2080,64,2,1,6.5,9.5,8.8,11.2
738,18,20765641,greedy_combined_B25,greedy_combined,25,25,low_snr_hard,1,150,0.3,0.83,0.37,20,1,7.54,8.5,10.12,10.6,7.585,8.415,10.125,10.495,1,1,1,1,0.0680073525436777,0.0743303437365916,0.0199999999999996,0.130000000000001,0.0499999999999989,0.109999999999999,0.109999999999999,0.48,0.370000000000001,0,0,0.214896060872821,0.23437193895026,0.253290059817721,4096.252116804,1.3749693811225,114501.652635783,65379,1,0.308597504854796,2080,64,2,1,6.5,9.5,8.8,11.2
739,19,20765642,greedy_combined_B25,greedy_combined,25,25,low_snr_hard,1,150,0.3,0.83,0.37,20,1,7.54,8.5,10.12,10.6,7.585,8.415,10.125,10.495,1,1,1,1,0.0680073525436777,0.0743303437365916,0.0199999999999996,0.130000000000001,0.0499999999999989,0.109999999999999,0.109999999999999,0.48,0.370000000000001,0,0,0.214896060872821,0.23437193895026,0.253290059817721,4096.252116804,1.3749693811225,114379.771221848,65379,1,0.308597504854796,2080,64,2,1,6.5,9.5,8.8,11.2
740,20,20765643,greedy_combined_B25,greedy_combined,25,25,low_snr_hard,1,150,0.3,0.83,0.37,20,1,7.54,8.5,10.12,10.6,7.585,8.415,10.125,10.495,1,1,1,1,0.0680073525436777,0.0743303437365916,0.0199999999999996,0.130000000000001,0.0499999999999989,0.109999999999999,0.109999999999999,0.48,0.370000000000001,0,0,0.214896060872821,0.23437193895026,0.253290059817721,4096.252116804,1.3749693811225,114482.717165709,65379,1,0.308597504854796,2080,64,2,1,6.5,9.5,8.8,11.2
741,21,20765644,greedy_combined_B25,greedy_combined,25,25,low_snr_hard,1,150,0.3,0.83,0.37,20,1,7.54,8.5,10.12,10.6,7.585,8.415,10.125,10.495,1,1,1,1,0.0680073525436777,0.0743303437365916,0.0199999999999996,0.130000000000001,0.0499999999999989,0.109999999999999,0.109999999999999,0.48,0.370000000000001,0,0,0.214896060872821,0.23437193895026,0.253290059817721,4096.252116804,1.3749693811225,114562.104018236,65379,1,0.308597504854796,2080,64,2,1,6.5,9.5,8.8,11.2
742,22,20765645,greedy_combined_B25,greedy_combined,25,25,low_snr_hard,1,150,0.3,0.83,0.37,20,1,7.54,8.5,10.12,10.6,7.585,8.415,10.125,10.495,1,1,1,1,0.0680073525436777,0.0743303437365916,0.0199999999999996,0.130000000000001,0.0499999999999989,0.109999999999999,0.109999999999999,0.48,0.370000000000001,0,0,0.214896060872821,0.23437193895026,0.253290059817721,4096.252116804,1.3749693811225,114446.826567895,65379,1,0.308597504854796,2080,64,2,1,6.5,9.5,8.8,11.2
743,23,20765646,greedy_combined_B25,greedy_combined,25,25,low_snr_hard,1,150,0.3,0.83,0.37,20,1,7.54,8.5,10.12,10.6,7.585,8.415,10.125,10.495,1,1,1,1,0.0680073525436777,0.0743303437365916,0.0199999999999996,0.130000000000001,0.0499999999999989,0.109999999999999,0.109999999999999,0.48,0.370000000000001,0,0,0.214896060872821,0.23437193895026,0.253290059817721,4096.252116804,1.3749693811225,114429.250450134,65379,1,0.308597504854796,2080,64,2,1,6.5,9.5,8.8,11.2
744,24,20765647,greedy_combined_B25,greedy_combined,25,25,low_snr_hard,1,150,0.3,0.83,0.37,20,1,7.54,8.5,10.12,10.6,7.585,8.415,10.125,10.495,1,1,1,1,0.0680073525436777,0.0743303437365916,0.0199999999999996,0.130000000000001,0.0499999999999989,0.109999999999999,0.109999999999999,0.48,0.370000000000001,0,0,0.214896060872821,0.23437193895026,0.253290059817721,4096.252116804,1.3749693811225,114472.42391477,65379,1,0.308597504854796,2080,64,2,1,6.5,9.5,8.8,11.2
745,25,20765648,greedy_combined_B25,greedy_combined,25,25,low_snr_hard,1,150,0.3,0.83,0.37,20,1,7.54,8.5,10.12,10.6,7.585,8.415,10.125,10.495,1,1,1,1,0.0680073525436777,0.0743303437365916,0.0199999999999996,0.130000000000001,0.0499999999999989,0.109999999999999,0.109999999999999,0.48,0.370000000000001,0,0,0.214896060872821,0.23437193895026,0.253290059817721,4096.252116804,1.3749693811225,114456.026685195,65379,1,0.308597504854796,2080,64,2,1,6.5,9.5,8.8,11.2
746,26,20765649,greedy_combined_B25,greedy_combined,25,25,low_snr_hard,1,150,0.3,0.83,0.37,20,1,7.54,8.5,10.12,10.6,7.585,8.415,10.125,10.495,1,1,1,1,0.0680073525436777,0.0743303437365916,0.0199999999999996,0.130000000000001,0.0499999999999989,0.109999999999999,0.109999999999999,0.48,0.370000000000001,0,0,0.214896060872821,0.23437193895026,0.253290059817721,4096.252116804,1.3749693811225,114502.031159823,65379,1,0.308597504854796,2080,64,2,1,6.5,9.5,8.8,11.2
747,27,20765650,greedy_combined_B25,greedy_combined,25,25,low_snr_hard,1,150,0.3,0.83,0.37,20,1,7.54,8.5,10.12,10.6,7.585,8.415,10.125,10.495,1,1,1,1,0.0680073525436777,0.0743303437365916,0.0199999999999996,0.130000000000001,0.0499999999999989,0.109999999999999,0.109999999999999,0.48,0.370000000000001,0,0,0.214896060872821,0.23437193895026,0.253290059817721,4096.252116804,1.3749693811225,114487.015769076,65379,1,0.308597504854796,2080,64,2,1,6.5,9.5,8.8,11.2
748,28,20765651,greedy_combined_B25,greedy_combined,25,25,low_snr_hard,1,150,0.3,0.83,0.37,20,1,7.54,8.5,10.12,10.6,7.585,8.415,10.125,10.495,1,1,1,1,0.0680073525436777,0.0743303437365916,0.0199999999999996,0.130000000000001,0.0499999999999989,0.109999999999999,0.109999999999999,0.48,0.370000000000001,0,0,0.214896060872821,0.23437193895026,0.253290059817721,4096.252116804,1.3749693811225,114439.203609831,65379,1,0.308597504854796,2080,64,2,1,6.5,9.5,8.8,11.2
749,29,20765652,greedy_combined_B25,greedy_combined,25,25,low_snr_hard,1,150,0.3,0.83,0.37,20,1,7.54,8.5,10.12,10.6,7.585,8.415,10.125,10.495,1,1,1,1,0.0680073525436777,0.0743303437365916,0.0199999999999996,0.130000000000001,0.0499999999999989,0.109999999999999,0.109999999999999,0.48,0.370000000000001,0,0,0.214896060872821,0.23437193895026,0.253290059817721,4096.252116804,1.3749693811225,114460.500681513,65379,1,0.308597504854796,2080,64,2,1,6.5,9.5,8.8,11.2
750,30,20765653,greedy_combined_B25,greedy_combined,25,25,low_snr_hard,1,150,0.3,0.83,0.37,20,1,7.54,8.5,10.12,10.6,7.585,8.415,10.125,10.495,1,1,1,1,0.0680073525436777,0.0743303437365916,0.0199999999999996,0.130000000000001,0.0499999999999989,0.109999999999999,0.109999999999999,0.48,0.370000000000001,0,0,0.214896060872821,0.23437193895026,0.253290059817721,4096.252116804,1.3749693811225,114501.626663295,65379,1,0.308597504854796,2080,64,2,1,6.5,9.5,8.8,11.2
751,1,20861624,greedy_lowcorr_B25,greedy_lowcorr,25,25,easy_noncoherent,0,0,1,1.27,0.67,30,0.0633658906679392,7.38,8.66,10.12,10.6,7.365,8.635,9.975,10.645,1,1,1,1,0.0206155281280884,0.10735455276792,0.0199999999999996,0.0100000000000007,0.0499999999999989,-0.190000000000001,0.190000000000001,0.48,0.670000000000002,0,0,0.388797249637357,0.237616497335062,0.275997786060456,4365.51951979457,1.64280761671274,203102.566444433,65379,1,0.188276782729891,2080,64,2,1,6.5,9.5,8.8,11.2
752,2,20861625,greedy_lowcorr_B25,greedy_lowcorr,25,25,easy_noncoherent,0,0,1,1.27,0.67,30,0.0434359735701906,7.38,8.66,10.12,10.6,7.365,8.635,9.975,10.645,1,1,1,1,0.0206155281280884,0.10735455276792,0.0199999999999996,0.0100000000000007,0.0499999999999989,-0.190000000000001,0.190000000000001,0.48,0.670000000000002,0,0,0.388797249637357,0.237616497335062,0.275997786060456,4365.51951979457,1.64280761671274,203083.793235445,65379,1,0.188276782729891,2080,64,2,1,6.5,9.5,8.8,11.2
753,3,20861626,greedy_lowcorr_B25,greedy_lowcorr,25,25,easy_noncoherent,0,0,1,1.27,0.67,30,0.0591602446730763,7.38,8.66,10.12,10.6,7.365,8.635,9.975,10.645,1,1,1,1,0.0206155281280884,0.10735455276792,0.0199999999999996,0.0100000000000007,0.0499999999999989,-0.190000000000001,0.190000000000001,0.48,0.670000000000002,0,0,0.388797249637357,0.237616497335062,0.275997786060456,4365.51951979457,1.64280761671274,205388.856381107,65379,1,0.188276782729891,2080,64,2,1,6.5,9.5,8.8,11.2
754,4,20861627,greedy_lowcorr_B25,greedy_lowcorr,25,25,easy_noncoherent,0,0,1,1.27,0.67,30,0.0528731987570612,7.38,8.66,10.12,10.6,7.365,8.635,9.975,10.645,1,1,1,1,0.0206155281280884,0.10735455276792,0.0199999999999996,0.0100000000000007,0.0499999999999989,-0.190000000000001,0.190000000000001,0.48,0.670000000000002,0,0,0.388797249637357,0.237616497335062,0.275997786060456,4365.51951979457,1.64280761671274,204351.176554274,65379,1,0.188276782729891,2080,64,2,1,6.5,9.5,8.8,11.2
755,5,20861628,greedy_lowcorr_B25,greedy_lowcorr,25,25,easy_noncoherent,0,0,1,1.27,0.67,30,0.0484487729482527,7.38,8.66,10.12,10.6,7.365,8.635,9.975,10.645,1,1,1,1,0.0206155281280884,0.10735455276792,0.0199999999999996,0.0100000000000007,0.0499999999999989,-0.190000000000001,0.190000000000001,0.48,0.670000000000002,0,0,0.388797249637357,0.237616497335062,0.275997786060456,4365.51951979457,1.64280761671274,202995.535195445,65379,1,0.188276782729891,2080,64,2,1,6.5,9.5,8.8,11.2
756,6,20861629,greedy_lowcorr_B25,greedy_lowcorr,25,25,easy_noncoherent,0,0,1,1.27,0.67,30,0.203417725408831,7.38,8.66,10.12,10.6,7.365,8.635,9.975,10.645,1,1,1,1,0.0206155281280884,0.10735455276792,0.0199999999999996,0.0100000000000007,0.0499999999999989,-0.190000000000001,0.190000000000001,0.48,0.670000000000002,0,0,0.388797249637357,0.237616497335062,0.275997786060456,4365.51951979457,1.64280761671274,211182.559440672,65379,1,0.188276782729891,2080,64,2,1,6.5,9.5,8.8,11.2
757,7,20861630,greedy_lowcorr_B25,greedy_lowcorr,25,25,easy_noncoherent,0,0,1,1.27,0.67,30,0.257511200889778,7.38,8.66,10.12,10.6,7.365,8.635,9.975,10.645,1,1,1,1,0.0206155281280884,0.10735455276792,0.0199999999999996,0.0100000000000007,0.0499999999999989,-0.190000000000001,0.190000000000001,0.48,0.670000000000002,0,0,0.388797249637357,0.237616497335062,0.275997786060456,4365.51951979457,1.64280761671274,195084.641057478,65379,1,0.188276782729891,2080,64,2,1,6.5,9.5,8.8,11.2
758,8,20861631,greedy_lowcorr_B25,greedy_lowcorr,25,25,easy_noncoherent,0,0,1,1.27,0.67,30,0.129746962412994,7.38,8.66,10.12,10.6,7.365,8.635,9.975,10.645,1,1,1,1,0.0206155281280884,0.10735455276792,0.0199999999999996,0.0100000000000007,0.0499999999999989,-0.190000000000001,0.190000000000001,0.48,0.670000000000002,0,0,0.388797249637357,0.237616497335062,0.275997786060456,4365.51951979457,1.64280761671274,202979.919880136,65379,1,0.188276782729891,2080,64,2,1,6.5,9.5,8.8,11.2
759,9,20861632,greedy_lowcorr_B25,greedy_lowcorr,25,25,easy_noncoherent,0,0,1,1.27,0.67,30,0.0559891974332111,7.38,8.66,10.12,10.6,7.365,8.635,9.975,10.645,1,1,1,1,0.0206155281280884,0.10735455276792,0.0199999999999996,0.0100000000000007,0.0499999999999989,-0.190000000000001,0.190000000000001,0.48,0.670000000000002,0,0,0.388797249637357,0.237616497335062,0.275997786060456,4365.51951979457,1.64280761671274,202235.233582517,65379,1,0.188276782729891,2080,64,2,1,6.5,9.5,8.8,11.2
760,10,20861633,greedy_lowcorr_B25,greedy_lowcorr,25,25,easy_noncoherent,0,0,1,1.27,0.67,30,0.0448000915730541,7.38,8.66,10.12,10.6,7.365,8.635,9.975,10.645,1,1,1,1,0.0206155281280884,0.10735455276792,0.0199999999999996,0.0100000000000007,0.0499999999999989,-0.190000000000001,0.190000000000001,0.48,0.670000000000002,0,0,0.388797249637357,0.237616497335062,0.275997786060456,4365.51951979457,1.64280761671274,205881.500359548,65379,1,0.188276782729891,2080,64,2,1,6.5,9.5,8.8,11.2
761,11,20861634,greedy_lowcorr_B25,greedy_lowcorr,25,25,easy_noncoherent,0,0,1,1.27,0.67,30,0.134769174305369,7.38,8.66,10.12,10.6,7.365,8.635,9.975,10.645,1,1,1,1,0.0206155281280884,0.10735455276792,0.0199999999999996,0.0100000000000007,0.0499999999999989,-0.190000000000001,0.190000000000001,0.48,0.670000000000002,0,0,0.388797249637357,0.237616497335062,0.275997786060456,4365.51951979457,1.64280761671274,199872.822800404,65379,1,0.188276782729891,2080,64,2,1,6.5,9.5,8.8,11.2
762,12,20861635,greedy_lowcorr_B25,greedy_lowcorr,25,25,easy_noncoherent,0,0,1,1.27,0.67,30,0.0873488501617889,7.38,8.66,10.12,10.6,7.365,8.635,9.975,10.645,1,1,1,1,0.0206155281280884,0.10735455276792,0.0199999999999996,0.0100000000000007,0.0499999999999989,-0.190000000000001,0.190000000000001,0.48,0.670000000000002,0,0,0.388797249637357,0.237616497335062,0.275997786060456,4365.51951979457,1.64280761671274,207436.893804416,65379,1,0.188276782729891,2080,64,2,1,6.5,9.5,8.8,11.2
763,13,20861636,greedy_lowcorr_B25,greedy_lowcorr,25,25,easy_noncoherent,0,0,1,1.27,0.67,30,0.0727155076600929,7.38,8.66,10.12,10.6,7.365,8.635,9.975,10.645,1,1,1,1,0.0206155281280884,0.10735455276792,0.0199999999999996,0.0100000000000007,0.0499999999999989,-0.190000000000001,0.190000000000001,0.48,0.670000000000002,0,0,0.388797249637357,0.237616497335062,0.275997786060456,4365.51951979457,1.64280761671274,204060.235365704,65379,1,0.188276782729891,2080,64,2,1,6.5,9.5,8.8,11.2
764,14,20861637,greedy_lowcorr_B25,greedy_lowcorr,25,25,easy_noncoherent,0,0,1,1.27,0.67,30,0.0593038609128831,7.38,8.66,10.12,10.6,7.365,8.635,9.975,10.645,1,1,1,1,0.0206155281280884,0.10735455276792,0.0199999999999996,0.0100000000000007,0.0499999999999989,-0.190000000000001,0.190000000000001,0.48,0.670000000000002,0,0,0.388797249637357,0.237616497335062,0.275997786060456,4365.51951979457,1.64280761671274,206433.178706319,65379,1,0.188276782729891,2080,64,2,1,6.5,9.5,8.8,11.2
765,15,20861638,greedy_lowcorr_B25,greedy_lowcorr,25,25,easy_noncoherent,0,0,1,1.27,0.67,30,0.112570386868983,7.38,8.66,10.12,10.6,7.365,8.635,9.975,10.645,1,1,1,1,0.0206155281280884,0.10735455276792,0.0199999999999996,0.0100000000000007,0.0499999999999989,-0.190000000000001,0.190000000000001,0.48,0.670000000000002,0,0,0.388797249637357,0.237616497335062,0.275997786060456,4365.51951979457,1.64280761671274,205229.542478267,65379,1,0.188276782729891,2080,64,2,1,6.5,9.5,8.8,11.2
766,16,20861639,greedy_lowcorr_B25,greedy_lowcorr,25,25,easy_noncoherent,0,0,1,1.27,0.67,30,0.00271637664217486,7.38,8.66,10.12,10.6,7.365,8.635,9.975,10.645,1,1,1,1,0.0206155281280884,0.10735455276792,0.0199999999999996,0.0100000000000007,0.0499999999999989,-0.190000000000001,0.190000000000001,0.48,0.670000000000002,0,0,0.388797249637357,0.237616497335062,0.275997786060456,4365.51951979457,1.64280761671274,204172.119480461,65379,1,0.188276782729891,2080,64,2,1,6.5,9.5,8.8,11.2
767,17,20861640,greedy_lowcorr_B25,greedy_lowcorr,25,25,easy_noncoherent,0,0,1,1.27,0.67,30,0.018859052229869,7.38,8.66,10.12,10.6,7.365,8.635,9.975,10.645,1,1,1,1,0.0206155281280884,0.10735455276792,0.0199999999999996,0.0100000000000007,0.0499999999999989,-0.190000000000001,0.190000000000001,0.48,0.670000000000002,0,0,0.388797249637357,0.237616497335062,0.275997786060456,4365.51951979457,1.64280761671274,204603.702219609,65379,1,0.188276782729891,2080,64,2,1,6.5,9.5,8.8,11.2
768,18,20861641,greedy_lowcorr_B25,greedy_lowcorr,25,25,easy_noncoherent,0,0,1,1.27,0.67,30,0.0236199199027964,7.38,8.66,10.12,10.6,7.365,8.635,9.975,10.645,1,1,1,1,0.0206155281280884,0.10735455276792,0.0199999999999996,0.0100000000000007,0.0499999999999989,-0.190000000000001,0.190000000000001,0.48,0.670000000000002,0,0,0.388797249637357,0.237616497335062,0.275997786060456,4365.51951979457,1.64280761671274,204842.01310776,65379,1,0.188276782729891,2080,64,2,1,6.5,9.5,8.8,11.2
769,19,20861642,greedy_lowcorr_B25,greedy_lowcorr,25,25,easy_noncoherent,0,0,1,1.27,0.67,30,0.140889678409554,7.38,8.66,10.12,10.6,7.365,8.635,9.975,10.645,1,1,1,1,0.0206155281280884,0.10735455276792,0.0199999999999996,0.0100000000000007,0.0499999999999989,-0.190000000000001,0.190000000000001,0.48,0.670000000000002,0,0,0.388797249637357,0.237616497335062,0.275997786060456,4365.51951979457,1.64280761671274,203995.106171831,65379,1,0.188276782729891,2080,64,2,1,6.5,9.5,8.8,11.2
770,20,20861643,greedy_lowcorr_B25,greedy_lowcorr,25,25,easy_noncoherent,0,0,1,1.27,0.67,30,0.0541208889705523,7.38,8.66,10.12,10.6,7.365,8.635,9.975,10.645,1,1,1,1,0.0206155281280884,0.10735455276792,0.0199999999999996,0.0100000000000007,0.0499999999999989,-0.190000000000001,0.190000000000001,0.48,0.670000000000002,0,0,0.388797249637357,0.237616497335062,0.275997786060456,4365.51951979457,1.64280761671274,202313.276132844,65379,1,0.188276782729891,2080,64,2,1,6.5,9.5,8.8,11.2
771,21,20861644,greedy_lowcorr_B25,greedy_lowcorr,25,25,easy_noncoherent,0,0,1,1.27,0.67,30,0.169036671955258,7.38,8.66,10.12,10.6,7.365,8.635,9.975,10.645,1,1,1,1,0.0206155281280884,0.10735455276792,0.0199999999999996,0.0100000000000007,0.0499999999999989,-0.190000000000001,0.190000000000001,0.48,0.670000000000002,0,0,0.388797249637357,0.237616497335062,0.275997786060456,4365.51951979457,1.64280761671274,209893.347265237,65379,1,0.188276782729891,2080,64,2,1,6.5,9.5,8.8,11.2
772,22,20861645,greedy_lowcorr_B25,greedy_lowcorr,25,25,easy_noncoherent,0,0,1,1.27,0.67,30,0.0836744423262762,7.38,8.66,10.12,10.6,7.365,8.635,9.975,10.645,1,1,1,1,0.0206155281280884,0.10735455276792,0.0199999999999996,0.0100000000000007,0.0499999999999989,-0.190000000000001,0.190000000000001,0.48,0.670000000000002,0,0,0.388797249637357,0.237616497335062,0.275997786060456,4365.51951979457,1.64280761671274,207265.876370623,65379,1,0.188276782729891,2080,64,2,1,6.5,9.5,8.8,11.2
773,23,20861646,greedy_lowcorr_B25,greedy_lowcorr,25,25,easy_noncoherent,0,0,1,1.27,0.67,30,0.0986742764261391,7.38,8.66,10.12,10.6,7.365,8.635,9.975,10.645,1,1,1,1,0.0206155281280884,0.10735455276792,0.0199999999999996,0.0100000000000007,0.0499999999999989,-0.190000000000001,0.190000000000001,0.48,0.670000000000002,0,0,0.388797249637357,0.237616497335062,0.275997786060456,4365.51951979457,1.64280761671274,200579.577377126,65379,1,0.188276782729891,2080,64,2,1,6.5,9.5,8.8,11.2
774,24,20861647,greedy_lowcorr_B25,greedy_lowcorr,25,25,easy_noncoherent,0,0,1,1.27,0.67,30,0.136249299662217,7.38,8.66,10.12,10.6,7.365,8.635,9.975,10.645,1,1,1,1,0.0206155281280884,0.10735455276792,0.0199999999999996,0.0100000000000007,0.0499999999999989,-0.190000000000001,0.190000000000001,0.48,0.670000000000002,0,0,0.388797249637357,0.237616497335062,0.275997786060456,4365.51951979457,1.64280761671274,209649.267722557,65379,1,0.188276782729891,2080,64,2,1,6.5,9.5,8.8,11.2
775,25,20861648,greedy_lowcorr_B25,greedy_lowcorr,25,25,easy_noncoherent,0,0,1,1.27,0.67,30,0.13771232286927,7.38,8.66,10.12,10.6,7.365,8.635,9.975,10.645,1,1,1,1,0.0206155281280884,0.10735455276792,0.0199999999999996,0.0100000000000007,0.0499999999999989,-0.190000000000001,0.190000000000001,0.48,0.670000000000002,0,0,0.388797249637357,0.237616497335062,0.275997786060456,4365.51951979457,1.64280761671274,199016.064814531,65379,1,0.188276782729891,2080,64,2,1,6.5,9.5,8.8,11.2
776,26,20861649,greedy_lowcorr_B25,greedy_lowcorr,25,25,easy_noncoherent,0,0,1,1.27,0.67,30,0.150746578519628,7.38,8.66,10.12,10.6,7.365,8.635,9.975,10.645,1,1,1,1,0.0206155281280884,0.10735455276792,0.0199999999999996,0.0100000000000007,0.0499999999999989,-0.190000000000001,0.190000000000001,0.48,0.670000000000002,0,0,0.388797249637357,0.237616497335062,0.275997786060456,4365.51951979457,1.64280761671274,205533.093097618,65379,1,0.188276782729891,2080,64,2,1,6.5,9.5,8.8,11.2
777,27,20861650,greedy_lowcorr_B25,greedy_lowcorr,25,25,easy_noncoherent,0,0,1,1.27,0.67,30,0.0453968979960956,7.38,8.66,10.12,10.6,7.365,8.635,9.975,10.645,1,1,1,1,0.0206155281280884,0.10735455276792,0.0199999999999996,0.0100000000000007,0.0499999999999989,-0.190000000000001,0.190000000000001,0.48,0.670000000000002,0,0,0.388797249637357,0.237616497335062,0.275997786060456,4365.51951979457,1.64280761671274,204993.706875159,65379,1,0.188276782729891,2080,64,2,1,6.5,9.5,8.8,11.2
778,28,20861651,greedy_lowcorr_B25,greedy_lowcorr,25,25,easy_noncoherent,0,0,1,1.27,0.67,30,0.0989540258890983,7.38,8.66,10.12,10.6,7.365,8.635,9.975,10.645,1,1,1,1,0.0206155281280884,0.10735455276792,0.0199999999999996,0.0100000000000007,0.0499999999999989,-0.190000000000001,0.190000000000001,0.48,0.670000000000002,0,0,0.388797249637357,0.237616497335062,0.275997786060456,4365.51951979457,1.64280761671274,204126.782859259,65379,1,0.188276782729891,2080,64,2,1,6.5,9.5,8.8,11.2
779,29,20861652,greedy_lowcorr_B25,greedy_lowcorr,25,25,easy_noncoherent,0,0,1,1.27,0.67,30,0.0732516805129242,7.38,8.66,10.12,10.6,7.365,8.635,9.975,10.645,1,1,1,1,0.0206155281280884,0.10735455276792,0.0199999999999996,0.0100000000000007,0.0499999999999989,-0.190000000000001,0.190000000000001,0.48,0.670000000000002,0,0,0.388797249637357,0.237616497335062,0.275997786060456,4365.51951979457,1.64280761671274,203939.222368994,65379,1,0.188276782729891,2080,64,2,1,6.5,9.5,8.8,11.2
780,30,20861653,greedy_lowcorr_B25,greedy_lowcorr,25,25,easy_noncoherent,0,0,1,1.27,0.67,30,0.146414152810641,7.38,8.66,10.12,10.6,7.365,8.635,9.975,10.645,1,1,1,1,0.0206155281280884,0.10735455276792,0.0199999999999996,0.0100000000000007,0.0499999999999989,-0.190000000000001,0.190000000000001,0.48,0.670000000000002,0,0,0.388797249637357,0.237616497335062,0.275997786060456,4365.51951979457,1.64280761671274,200312.194231655,65379,1,0.188276782729891,2080,64,2,1,6.5,9.5,8.8,11.2
781,1,20862624,greedy_lowcorr_B25,greedy_lowcorr,25,25,strong_coherent,0.99,5,1,1.27,0.37,30,0.989920568389506,7.38,8.66,10.12,10.6,7.365,8.635,10.125,10.495,1,1,1,1,0.0206155281280884,0.0743303437365916,0.0199999999999996,0.0100000000000007,0.0499999999999989,0.109999999999999,0.109999999999999,0.48,0.370000000000001,0,0,0.388797249637357,0.237616497335062,0.275997786060456,4365.51951979457,1.64280761671274,160396.782049209,65379,1,0.244621734588149,2080,64,2,1,6.5,9.5,8.8,11.2
782,2,20862625,greedy_lowcorr_B25,greedy_lowcorr,25,25,strong_coherent,0.99,5,1,1.27,0.37,30,0.990837078786809,7.38,8.66,10.12,10.6,7.365,8.635,10.125,10.495,1,1,1,1,0.0206155281280884,0.0743303437365916,0.0199999999999996,0.0100000000000007,0.0499999999999989,0.109999999999999,0.109999999999999,0.48,0.370000000000001,0,0,0.388797249637357,0.237616497335062,0.275997786060456,4365.51951979457,1.64280761671274,160967.825291118,65379,1,0.244621734588149,2080,64,2,1,6.5,9.5,8.8,11.2
783,3,20862626,greedy_lowcorr_B25,greedy_lowcorr,25,25,strong_coherent,0.99,5,1,1.27,0.37,30,0.989843816085774,7.38,8.66,10.12,10.6,7.365,8.635,10.125,10.495,1,1,1,1,0.0206155281280884,0.0743303437365916,0.0199999999999996,0.0100000000000007,0.0499999999999989,0.109999999999999,0.109999999999999,0.48,0.370000000000001,0,0,0.388797249637357,0.237616497335062,0.275997786060456,4365.51951979457,1.64280761671274,160575.474978972,65379,1,0.244621734588149,2080,64,2,1,6.5,9.5,8.8,11.2
784,4,20862627,greedy_lowcorr_B25,greedy_lowcorr,25,25,strong_coherent,0.99,5,1,1.27,0.37,30,0.990300004987596,7.38,8.66,10.12,10.6,7.365,8.635,10.125,10.495,1,1,1,1,0.0206155281280884,0.0743303437365916,0.0199999999999996,0.0100000000000007,0.0499999999999989,0.109999999999999,0.109999999999999,0.48,0.370000000000001,0,0,0.388797249637357,0.237616497335062,0.275997786060456,4365.51951979457,1.64280761671274,161073.3919662,65379,1,0.244621734588149,2080,64,2,1,6.5,9.5,8.8,11.2
785,5,20862628,greedy_lowcorr_B25,greedy_lowcorr,25,25,strong_coherent,0.99,5,1,1.27,0.37,30,0.990533680003427,7.38,8.66,10.12,10.6,7.365,8.635,10.125,10.495,1,1,1,1,0.0206155281280884,0.0743303437365916,0.0199999999999996,0.0100000000000007,0.0499999999999989,0.109999999999999,0.109999999999999,0.48,0.370000000000001,0,0,0.388797249637357,0.237616497335062,0.275997786060456,4365.51951979457,1.64280761671274,160465.71129334,65379,1,0.244621734588149,2080,64,2,1,6.5,9.5,8.8,11.2
786,6,20862629,greedy_lowcorr_B25,greedy_lowcorr,25,25,strong_coherent,0.99,5,1,1.27,0.37,30,0.990025859104868,7.38,8.66,10.12,10.6,7.365,8.635,10.125,10.495,1,1,1,1,0.0206155281280884,0.0743303437365916,0.0199999999999996,0.0100000000000007,0.0499999999999989,0.109999999999999,0.109999999999999,0.48,0.370000000000001,0,0,0.388797249637357,0.237616497335062,0.275997786060456,4365.51951979457,1.64280761671274,160882.213871647,65379,1,0.244621734588149,2080,64,2,1,6.5,9.5,8.8,11.2
787,7,20862630,greedy_lowcorr_B25,greedy_lowcorr,25,25,strong_coherent,0.99,5,1,1.27,0.37,30,0.990089631515996,7.38,8.66,10.12,10.6,7.365,8.635,10.125,10.495,1,1,1,1,0.0206155281280884,0.0743303437365916,0.0199999999999996,0.0100000000000007,0.0499999999999989,0.109999999999999,0.109999999999999,0.48,0.370000000000001,0,0,0.388797249637357,0.237616497335062,0.275997786060456,4365.51951979457,1.64280761671274,160002.676627843,65379,1,0.244621734588149,2080,64,2,1,6.5,9.5,8.8,11.2
788,8,20862631,greedy_lowcorr_B25,greedy_lowcorr,25,25,strong_coherent,0.99,5,1,1.27,0.37,30,0.990042694558145,7.38,8.66,10.12,10.6,7.365,8.635,10.125,10.495,1,1,1,1,0.0206155281280884,0.0743303437365916,0.0199999999999996,0.0100000000000007,0.0499999999999989,0.109999999999999,0.109999999999999,0.48,0.370000000000001,0,0,0.388797249637357,0.237616497335062,0.275997786060456,4365.51951979457,1.64280761671274,160612.20647908,65379,1,0.244621734588149,2080,64,2,1,6.5,9.5,8.8,11.2
789,9,20862632,greedy_lowcorr_B25,greedy_lowcorr,25,25,strong_coherent,0.99,5,1,1.27,0.37,30,0.990153907742973,7.38,8.66,10.12,10.6,7.365,8.635,10.125,10.495,1,1,1,1,0.0206155281280884,0.0743303437365916,0.0199999999999996,0.0100000000000007,0.0499999999999989,0.109999999999999,0.109999999999999,0.48,0.370000000000001,0,0,0.388797249637357,0.237616497335062,0.275997786060456,4365.51951979457,1.64280761671274,161276.662025799,65379,1,0.244621734588149,2080,64,2,1,6.5,9.5,8.8,11.2
790,10,20862633,greedy_lowcorr_B25,greedy_lowcorr,25,25,strong_coherent,0.99,5,1,1.27,0.37,30,0.990874830793829,7.38,8.66,10.12,10.6,7.365,8.635,10.125,10.495,1,1,1,1,0.0206155281280884,0.0743303437365916,0.0199999999999996,0.0100000000000007,0.0499999999999989,0.109999999999999,0.109999999999999,0.48,0.370000000000001,0,0,0.388797249637357,0.237616497335062,0.275997786060456,4365.51951979457,1.64280761671274,161295.265173283,65379,1,0.244621734588149,2080,64,2,1,6.5,9.5,8.8,11.2
791,11,20862634,greedy_lowcorr_B25,greedy_lowcorr,25,25,strong_coherent,0.99,5,1,1.27,0.37,30,0.99028554702656,7.38,8.66,10.12,10.6,7.365,8.635,10.125,10.495,1,1,1,1,0.0206155281280884,0.0743303437365916,0.0199999999999996,0.0100000000000007,0.0499999999999989,0.109999999999999,0.109999999999999,0.48,0.370000000000001,0,0,0.388797249637357,0.237616497335062,0.275997786060456,4365.51951979457,1.64280761671274,160679.137274044,65379,1,0.244621734588149,2080,64,2,1,6.5,9.5,8.8,11.2
792,12,20862635,greedy_lowcorr_B25,greedy_lowcorr,25,25,strong_coherent,0.99,5,1,1.27,0.37,30,0.990161514840751,7.38,8.66,10.12,10.6,7.365,8.635,10.125,10.495,1,1,1,1,0.0206155281280884,0.0743303437365916,0.0199999999999996,0.0100000000000007,0.0499999999999989,0.109999999999999,0.109999999999999,0.48,0.370000000000001,0,0,0.388797249637357,0.237616497335062,0.275997786060456,4365.51951979457,1.64280761671274,161139.404063878,65379,1,0.244621734588149,2080,64,2,1,6.5,9.5,8.8,11.2
793,13,20862636,greedy_lowcorr_B25,greedy_lowcorr,25,25,strong_coherent,0.99,5,1,1.27,0.37,30,0.98991706215395,7.38,8.66,10.12,10.6,7.365,8.635,10.125,10.495,1,1,1,1,0.0206155281280884,0.0743303437365916,0.0199999999999996,0.0100000000000007,0.0499999999999989,0.109999999999999,0.109999999999999,0.48,0.370000000000001,0,0,0.388797249637357,0.237616497335062,0.275997786060456,4365.51951979457,1.64280761671274,160183.937189989,65379,1,0.244621734588149,2080,64,2,1,6.5,9.5,8.8,11.2
794,14,20862637,greedy_lowcorr_B25,greedy_lowcorr,25,25,strong_coherent,0.99,5,1,1.27,0.37,30,0.989888981090583,7.38,8.66,10.12,10.6,7.365,8.635,10.125,10.495,1,1,1,1,0.0206155281280884,0.0743303437365916,0.0199999999999996,0.0100000000000007,0.0499999999999989,0.109999999999999,0.109999999999999,0.48,0.370000000000001,0,0,0.388797249637357,0.237616497335062,0.275997786060456,4365.51951979457,1.64280761671274,160503.183200382,65379,1,0.244621734588149,2080,64,2,1,6.5,9.5,8.8,11.2
795,15,20862638,greedy_lowcorr_B25,greedy_lowcorr,25,25,strong_coherent,0.99,5,1,1.27,0.37,30,0.990106081760626,7.38,8.66,10.12,10.6,7.365,8.635,10.125,10.495,1,1,1,1,0.0206155281280884,0.0743303437365916,0.0199999999999996,0.0100000000000007,0.0499999999999989,0.109999999999999,0.109999999999999,0.48,0.370000000000001,0,0,0.388797249637357,0.237616497335062,0.275997786060456,4365.51951979457,1.64280761671274,161315.918523065,65379,1,0.244621734588149,2080,64,2,1,6.5,9.5,8.8,11.2
796,16,20862639,greedy_lowcorr_B25,greedy_lowcorr,25,25,strong_coherent,0.99,5,1,1.27,0.37,30,0.990030721764812,7.38,8.66,10.12,10.6,7.365,8.635,10.125,10.495,1,1,1,1,0.0206155281280884,0.0743303437365916,0.0199999999999996,0.0100000000000007,0.0499999999999989,0.109999999999999,0.109999999999999,0.48,0.370000000000001,0,0,0.388797249637357,0.237616497335062,0.275997786060456,4365.51951979457,1.64280761671274,160832.49411641,65379,1,0.244621734588149,2080,64,2,1,6.5,9.5,8.8,11.2
797,17,20862640,greedy_lowcorr_B25,greedy_lowcorr,25,25,strong_coherent,0.99,5,1,1.27,0.37,30,0.989975729834538,7.38,8.66,10.12,10.6,7.365,8.635,10.125,10.495,1,1,1,1,0.0206155281280884,0.0743303437365916,0.0199999999999996,0.0100000000000007,0.0499999999999989,0.109999999999999,0.109999999999999,0.48,0.370000000000001,0,0,0.388797249637357,0.237616497335062,0.275997786060456,4365.51951979457,1.64280761671274,160380.287772883,65379,1,0.244621734588149,2080,64,2,1,6.5,9.5,8.8,11.2
798,18,20862641,greedy_lowcorr_B25,greedy_lowcorr,25,25,strong_coherent,0.99,5,1,1.27,0.37,30,0.990530769816653,7.38,8.66,10.12,10.6,7.365,8.635,10.125,10.495,1,1,1,1,0.0206155281280884,0.0743303437365916,0.0199999999999996,0.0100000000000007,0.0499999999999989,0.109999999999999,0.109999999999999,0.48,0.370000000000001,0,0,0.388797249637357,0.237616497335062,0.275997786060456,4365.51951979457,1.64280761671274,161780.297614958,65379,1,0.244621734588149,2080,64,2,1,6.5,9.5,8.8,11.2
799,19,20862642,greedy_lowcorr_B25,greedy_lowcorr,25,25,strong_coherent,0.99,5,1,1.27,0.37,30,0.990067613242164,7.38,8.66,10.12,10.6,7.365,8.635,10.125,10.495,1,1,1,1,0.0206155281280884,0.0743303437365916,0.0199999999999996,0.0100000000000007,0.0499999999999989,0.109999999999999,0.109999999999999,0.48,0.370000000000001,0,0,0.388797249637357,0.237616497335062,0.275997786060456,4365.51951979457,1.64280761671274,161146.589296261,65379,1,0.244621734588149,2080,64,2,1,6.5,9.5,8.8,11.2
800,20,20862643,greedy_lowcorr_B25,greedy_lowcorr,25,25,strong_coherent,0.99,5,1,1.27,0.37,30,0.989842220006201,7.38,8.66,10.12,10.6,7.365,8.635,10.125,10.495,1,1,1,1,0.0206155281280884,0.0743303437365916,0.0199999999999996,0.0100000000000007,0.0499999999999989,0.109999999999999,0.109999999999999,0.48,0.370000000000001,0,0,0.388797249637357,0.237616497335062,0.275997786060456,4365.51951979457,1.64280761671274,160914.853174474,65379,1,0.244621734588149,2080,64,2,1,6.5,9.5,8.8,11.2
801,21,20862644,greedy_lowcorr_B25,greedy_lowcorr,25,25,strong_coherent,0.99,5,1,1.27,0.37,30,0.990218544510491,7.38,8.66,10.12,10.6,7.365,8.635,10.125,10.495,1,1,1,1,0.0206155281280884,0.0743303437365916,0.0199999999999996,0.0100000000000007,0.0499999999999989,0.109999999999999,0.109999999999999,0.48,0.370000000000001,0,0,0.388797249637357,0.237616497335062,0.275997786060456,4365.51951979457,1.64280761671274,160711.913658394,65379,1,0.244621734588149,2080,64,2,1,6.5,9.5,8.8,11.2
802,22,20862645,greedy_lowcorr_B25,greedy_lowcorr,25,25,strong_coherent,0.99,5,1,1.27,0.37,30,0.990423553225483,7.38,8.66,10.12,10.6,7.365,8.635,10.125,10.495,1,1,1,1,0.0206155281280884,0.0743303437365916,0.0199999999999996,0.0100000000000007,0.0499999999999989,0.109999999999999,0.109999999999999,0.48,0.370000000000001,0,0,0.388797249637357,0.237616497335062,0.275997786060456,4365.51951979457,1.64280761671274,160467.411762665,65379,1,0.244621734588149,2080,64,2,1,6.5,9.5,8.8,11.2
803,23,20862646,greedy_lowcorr_B25,greedy_lowcorr,25,25,strong_coherent,0.99,5,1,1.27,0.37,30,0.989886052222558,7.38,8.66,10.12,10.6,7.365,8.635,10.125,10.495,1,1,1,1,0.0206155281280884,0.0743303437365916,0.0199999999999996,0.0100000000000007,0.0499999999999989,0.109999999999999,0.109999999999999,0.48,0.370000000000001,0,0,0.388797249637357,0.237616497335062,0.275997786060456,4365.51951979457,1.64280761671274,160277.212293495,65379,1,0.244621734588149,2080,64,2,1,6.5,9.5,8.8,11.2
804,24,20862647,greedy_lowcorr_B25,greedy_lowcorr,25,25,strong_coherent,0.99,5,1,1.27,0.37,30,0.990023644517726,7.38,8.66,10.12,10.6,7.365,8.635,10.125,10.495,1,1,1,1,0.0206155281280884,0.0743303437365916,0.0199999999999996,0.0100000000000007,0.0499999999999989,0.109999999999999,0.109999999999999,0.48,0.370000000000001,0,0,0.388797249637357,0.237616497335062,0.275997786060456,4365.51951979457,1.64280761671274,160844.375519662,65379,1,0.244621734588149,2080,64,2,1,6.5,9.5,8.8,11.2
805,25,20862648,greedy_lowcorr_B25,greedy_lowcorr,25,25,strong_coherent,0.99,5,1,1.27,0.37,30,0.990015305307502,7.38,8.66,10.12,10.6,7.365,8.635,10.125,10.495,1,1,1,1,0.0206155281280884,0.0743303437365916,0.0199999999999996,0.0100000000000007,0.0499999999999989,0.109999999999999,0.109999999999999,0.48,0.370000000000001,0,0,0.388797249637357,0.237616497335062,0.275997786060456,4365.51951979457,1.64280761671274,160812.822308618,65379,1,0.244621734588149,2080,64,2,1,6.5,9.5,8.8,11.2
806,26,20862649,greedy_lowcorr_B25,greedy_lowcorr,25,25,strong_coherent,0.99,5,1,1.27,0.37,30,0.990394666180236,7.38,8.66,10.12,10.6,7.365,8.635,10.125,10.495,1,1,1,1,0.0206155281280884,0.0743303437365916,0.0199999999999996,0.0100000000000007,0.0499999999999989,0.109999999999999,0.109999999999999,0.48,0.370000000000001,0,0,0.388797249637357,0.237616497335062,0.275997786060456,4365.51951979457,1.64280761671274,160608.719646274,65379,1,0.244621734588149,2080,64,2,1,6.5,9.5,8.8,11.2
807,27,20862650,greedy_lowcorr_B25,greedy_lowcorr,25,25,strong_coherent,0.99,5,1,1.27,0.37,30,0.989798558383253,7.38,8.66,10.12,10.6,7.365,8.635,10.125,10.495,1,1,1,1,0.0206155281280884,0.0743303437365916,0.0199999999999996,0.0100000000000007,0.0499999999999989,0.109999999999999,0.109999999999999,0.48,0.370000000000001,0,0,0.388797249637357,0.237616497335062,0.275997786060456,4365.51951979457,1.64280761671274,160629.104281056,65379,1,0.244621734588149,2080,64,2,1,6.5,9.5,8.8,11.2
808,28,20862651,greedy_lowcorr_B25,greedy_lowcorr,25,25,strong_coherent,0.99,5,1,1.27,0.37,30,0.989972609232527,7.38,8.66,10.12,10.6,7.365,8.635,10.125,10.495,1,1,1,1,0.0206155281280884,0.0743303437365916,0.0199999999999996,0.0100000000000007,0.0499999999999989,0.109999999999999,0.109999999999999,0.48,0.370000000000001,0,0,0.388797249637357,0.237616497335062,0.275997786060456,4365.51951979457,1.64280761671274,160408.97590988,65379,1,0.244621734588149,2080,64,2,1,6.5,9.5,8.8,11.2
809,29,20862652,greedy_lowcorr_B25,greedy_lowcorr,25,25,strong_coherent,0.99,5,1,1.27,0.37,30,0.990309981689216,7.38,8.66,10.12,10.6,7.365,8.635,10.125,10.495,1,1,1,1,0.0206155281280884,0.0743303437365916,0.0199999999999996,0.0100000000000007,0.0499999999999989,0.109999999999999,0.109999999999999,0.48,0.370000000000001,0,0,0.388797249637357,0.237616497335062,0.275997786060456,4365.51951979457,1.64280761671274,161070.222772429,65379,1,0.244621734588149,2080,64,2,1,6.5,9.5,8.8,11.2
810,30,20862653,greedy_lowcorr_B25,greedy_lowcorr,25,25,strong_coherent,0.99,5,1,1.27,0.37,30,0.989881310894435,7.38,8.66,10.12,10.6,7.365,8.635,10.125,10.495,1,1,1,1,0.0206155281280884,0.0743303437365916,0.0199999999999996,0.0100000000000007,0.0499999999999989,0.109999999999999,0.109999999999999,0.48,0.370000000000001,0,0,0.388797249637357,0.237616497335062,0.275997786060456,4365.51951979457,1.64280761671274,160967.663721753,65379,1,0.244621734588149,2080,64,2,1,6.5,9.5,8.8,11.2
811,1,20863624,greedy_lowcorr_B25,greedy_lowcorr,25,25,hard_phase,0.99,150,1,0.83,0.37,30,0.990230859136813,7.7,8.26,10.24,10.48,7.585,8.415,10.125,10.495,1,0,1,0,0.136473440639561,0.0820060973342827,-0.0199999999999996,-0.269999999999998,0.0499999999999989,-0.130000000000001,0.130000000000001,0.24,0.370000000000001,0,0,0.388797249637357,0.237616497335062,0.275997786060456,4365.51951979457,3.40101946977873,150452.886732346,65379,1,0.190778328105615,2080,64,2,1,6.5,9.5,8.8,11.2
812,2,20863625,greedy_lowcorr_B25,greedy_lowcorr,25,25,hard_phase,0.99,150,1,0.83,0.37,30,0.990741307322034,7.7,8.26,10.24,10.48,7.585,8.415,10.125,10.495,1,0,1,0,0.136473440639561,0.0820060973342827,-0.0199999999999996,-0.269999999999998,0.0499999999999989,-0.130000000000001,0.130000000000001,0.24,0.370000000000001,0,0,0.388797249637357,0.237616497335062,0.275997786060456,4365.51951979457,3.40101946977873,150309.801851544,65379,1,0.190778328105615,2080,64,2,1,6.5,9.5,8.8,11.2
813,3,20863626,greedy_lowcorr_B25,greedy_lowcorr,25,25,hard_phase,0.99,150,1,0.83,0.37,30,0.990165346066767,7.7,8.26,10.24,10.48,7.585,8.415,10.125,10.495,1,0,1,0,0.136473440639561,0.0820060973342827,-0.0199999999999996,-0.269999999999998,0.0499999999999989,-0.130000000000001,0.130000000000001,0.24,0.370000000000001,0,0,0.388797249637357,0.237616497335062,0.275997786060456,4365.51951979457,3.40101946977873,150453.597623577,65379,1,0.190778328105615,2080,64,2,1,6.5,9.5,8.8,11.2
814,4,20863627,greedy_lowcorr_B25,greedy_lowcorr,25,25,hard_phase,0.99,150,1,0.83,0.37,30,0.989864565993241,7.7,8.26,10.24,10.48,7.585,8.415,10.125,10.495,1,0,1,0,0.136473440639561,0.0820060973342827,-0.0199999999999996,-0.269999999999998,0.0499999999999989,-0.130000000000001,0.130000000000001,0.24,0.370000000000001,0,0,0.388797249637357,0.237616497335062,0.275997786060456,4365.51951979457,3.40101946977873,150428.474114133,65379,1,0.190778328105615,2080,64,2,1,6.5,9.5,8.8,11.2
815,5,20863628,greedy_lowcorr_B25,greedy_lowcorr,25,25,hard_phase,0.99,150,1,0.83,0.37,30,0.990041016877932,7.7,8.26,10.24,10.48,7.585,8.415,10.125,10.495,1,0,1,0,0.136473440639561,0.0820060973342827,-0.0199999999999996,-0.269999999999998,0.0499999999999989,-0.130000000000001,0.130000000000001,0.24,0.370000000000001,0,0,0.388797249637357,0.237616497335062,0.275997786060456,4365.51951979457,3.40101946977873,150532.470415454,65379,1,0.190778328105615,2080,64,2,1,6.5,9.5,8.8,11.2
816,6,20863629,greedy_lowcorr_B25,greedy_lowcorr,25,25,hard_phase,0.99,150,1,0.83,0.37,30,0.989800339039875,7.7,8.26,10.24,10.48,7.585,8.415,10.125,10.495,1,0,1,0,0.136473440639561,0.0820060973342827,-0.0199999999999996,-0.269999999999998,0.0499999999999989,-0.130000000000001,0.130000000000001,0.24,0.370000000000001,0,0,0.388797249637357,0.237616497335062,0.275997786060456,4365.51951979457,3.40101946977873,150520.635842848,65379,1,0.190778328105615,2080,64,2,1,6.5,9.5,8.8,11.2
817,7,20863630,greedy_lowcorr_B25,greedy_lowcorr,25,25,hard_phase,0.99,150,1,0.83,0.37,30,0.990100503181011,7.7,8.26,10.24,10.48,7.585,8.415,10.125,10.495,1,0,1,0,0.136473440639561,0.0820060973342827,-0.0199999999999996,-0.269999999999998,0.0499999999999989,-0.130000000000001,0.130000000000001,0.24,0.370000000000001,0,0,0.388797249637357,0.237616497335062,0.275997786060456,4365.51951979457,3.40101946977873,150498.306676079,65379,1,0.190778328105615,2080,64,2,1,6.5,9.5,8.8,11.2
818,8,20863631,greedy_lowcorr_B25,greedy_lowcorr,25,25,hard_phase,0.99,150,1,0.83,0.37,30,0.990239235818411,7.7,8.26,10.24,10.48,7.585,8.415,10.125,10.495,1,0,1,0,0.136473440639561,0.0820060973342827,-0.0199999999999996,-0.269999999999998,0.0499999999999989,-0.130000000000001,0.130000000000001,0.24,0.370000000000001,0,0,0.388797249637357,0.237616497335062,0.275997786060456,4365.51951979457,3.40101946977873,150433.85896216,65379,1,0.190778328105615,2080,64,2,1,6.5,9.5,8.8,11.2
819,9,20863632,greedy_lowcorr_B25,greedy_lowcorr,25,25,hard_phase,0.99,150,1,0.83,0.37,30,0.989933271926431,7.7,8.26,10.24,10.48,7.585,8.415,10.125,10.495,1,0,1,0,0.136473440639561,0.0820060973342827,-0.0199999999999996,-0.269999999999998,0.0499999999999989,-0.130000000000001,0.130000000000001,0.24,0.370000000000001,0,0,0.388797249637357,0.237616497335062,0.275997786060456,4365.51951979457,3.40101946977873,150534.182578362,65379,1,0.190778328105615,2080,64,2,1,6.5,9.5,8.8,11.2
820,10,20863633,greedy_lowcorr_B25,greedy_lowcorr,25,25,hard_phase,0.99,150,1,0.83,0.37,30,0.990221172426465,7.7,8.26,10.24,10.48,7.585,8.415,10.125,10.495,1,0,1,0,0.136473440639561,0.0820060973342827,-0.0199999999999996,-0.269999999999998,0.0499999999999989,-0.130000000000001,0.130000000000001,0.24,0.370000000000001,0,0,0.388797249637357,0.237616497335062,0.275997786060456,4365.51951979457,3.40101946977873,150520.552196199,65379,1,0.190778328105615,2080,64,2,1,6.5,9.5,8.8,11.2
821,11,20863634,greedy_lowcorr_B25,greedy_lowcorr,25,25,hard_phase,0.99,150,1,0.83,0.37,30,0.990184938909251,7.7,8.26,10.24,10.48,7.585,8.415,10.125,10.495,1,0,1,0,0.136473440639561,0.0820060973342827,-0.0199999999999996,-0.269999999999998,0.0499999999999989,-0.130000000000001,0.130000000000001,0.24,0.370000000000001,0,0,0.388797249637357,0.237616497335062,0.275997786060456,4365.51951979457,3.40101946977873,150434.474527459,65379,1,0.190778328105615,2080,64,2,1,6.5,9.5,8.8,11.2
822,12,20863635,greedy_lowcorr_B25,greedy_lowcorr,25,25,hard_phase,0.99,150,1,0.83,0.37,30,0.990570133094698,7.7,8.26,10.24,10.48,7.585,8.415,10.125,10.495,1,0,1,0,0.136473440639561,0.0820060973342827,-0.0199999999999996,-0.269999999999998,0.0499999999999989,-0.130000000000001,0.130000000000001,0.24,0.370000000000001,0,0,0.388797249637357,0.237616497335062,0.275997786060456,4365.51951979457,3.40101946977873,150427.454169042,65379,1,0.190778328105615,2080,64,2,1,6.5,9.5,8.8,11.2
823,13,20863636,greedy_lowcorr_B25,greedy_lowcorr,25,25,hard_phase,0.99,150,1,0.83,0.37,30,0.989992563293985,7.7,8.26,10.24,10.48,7.585,8.415,10.125,10.495,1,0,1,0,0.136473440639561,0.0820060973342827,-0.0199999999999996,-0.269999999999998,0.0499999999999989,-0.130000000000001,0.130000000000001,0.24,0.370000000000001,0,0,0.388797249637357,0.237616497335062,0.275997786060456,4365.51951979457,3.40101946977873,150456.33236999,65379,1,0.190778328105615,2080,64,2,1,6.5,9.5,8.8,11.2
824,14,20863637,greedy_lowcorr_B25,greedy_lowcorr,25,25,hard_phase,0.99,150,1,0.83,0.37,30,0.989833555813932,7.7,8.26,10.24,10.48,7.585,8.415,10.125,10.495,1,0,1,0,0.136473440639561,0.0820060973342827,-0.0199999999999996,-0.269999999999998,0.0499999999999989,-0.130000000000001,0.130000000000001,0.24,0.370000000000001,0,0,0.388797249637357,0.237616497335062,0.275997786060456,4365.51951979457,3.40101946977873,150549.628087944,65379,1,0.190778328105615,2080,64,2,1,6.5,9.5,8.8,11.2
825,15,20863638,greedy_lowcorr_B25,greedy_lowcorr,25,25,hard_phase,0.99,150,1,0.83,0.37,30,0.989950757832577,7.7,8.26,10.24,10.48,7.585,8.415,10.125,10.495,1,0,1,0,0.136473440639561,0.0820060973342827,-0.0199999999999996,-0.269999999999998,0.0499999999999989,-0.130000000000001,0.130000000000001,0.24,0.370000000000001,0,0,0.388797249637357,0.237616497335062,0.275997786060456,4365.51951979457,3.40101946977873,150439.156541762,65379,1,0.190778328105615,2080,64,2,1,6.5,9.5,8.8,11.2
826,16,20863639,greedy_lowcorr_B25,greedy_lowcorr,25,25,hard_phase,0.99,150,1,0.83,0.37,30,0.990046521842919,7.7,8.26,10.24,10.48,7.585,8.415,10.125,10.495,1,0,1,0,0.136473440639561,0.0820060973342827,-0.0199999999999996,-0.269999999999998,0.0499999999999989,-0.130000000000001,0.130000000000001,0.24,0.370000000000001,0,0,0.388797249637357,0.237616497335062,0.275997786060456,4365.51951979457,3.40101946977873,150471.365913415,65379,1,0.190778328105615,2080,64,2,1,6.5,9.5,8.8,11.2
827,17,20863640,greedy_lowcorr_B25,greedy_lowcorr,25,25,hard_phase,0.99,150,1,0.83,0.37,30,0.989925596974729,7.7,8.26,10.24,10.48,7.585,8.415,10.125,10.495,1,0,1,0,0.136473440639561,0.0820060973342827,-0.0199999999999996,-0.269999999999998,0.0499999999999989,-0.130000000000001,0.130000000000001,0.24,0.370000000000001,0,0,0.388797249637357,0.237616497335062,0.275997786060456,4365.51951979457,3.40101946977873,150466.598731611,65379,1,0.190778328105615,2080,64,2,1,6.5,9.5,8.8,11.2
828,18,20863641,greedy_lowcorr_B25,greedy_lowcorr,25,25,hard_phase,0.99,150,1,0.83,0.37,30,0.990115663456488,7.7,8.26,10.24,10.48,7.585,8.415,10.125,10.495,1,0,1,0,0.136473440639561,0.0820060973342827,-0.0199999999999996,-0.269999999999998,0.0499999999999989,-0.130000000000001,0.130000000000001,0.24,0.370000000000001,0,0,0.388797249637357,0.237616497335062,0.275997786060456,4365.51951979457,3.40101946977873,150401.374512763,65379,1,0.190778328105615,2080,64,2,1,6.5,9.5,8.8,11.2
829,19,20863642,greedy_lowcorr_B25,greedy_lowcorr,25,25,hard_phase,0.99,150,1,0.83,0.37,30,0.991160469684308,7.7,8.26,10.24,10.48,7.585,8.415,10.125,10.495,1,0,1,0,0.136473440639561,0.0820060973342827,-0.0199999999999996,-0.269999999999998,0.0499999999999989,-0.130000000000001,0.130000000000001,0.24,0.370000000000001,0,0,0.388797249637357,0.237616497335062,0.275997786060456,4365.51951979457,3.40101946977873,150511.909785624,65379,1,0.190778328105615,2080,64,2,1,6.5,9.5,8.8,11.2
830,20,20863643,greedy_lowcorr_B25,greedy_lowcorr,25,25,hard_phase,0.99,150,1,0.83,0.37,30,0.989851299834226,7.7,8.26,10.24,10.48,7.585,8.415,10.125,10.495,1,0,1,0,0.136473440639561,0.0820060973342827,-0.0199999999999996,-0.269999999999998,0.0499999999999989,-0.130000000000001,0.130000000000001,0.24,0.370000000000001,0,0,0.388797249637357,0.237616497335062,0.275997786060456,4365.51951979457,3.40101946977873,150464.267034458,65379,1,0.190778328105615,2080,64,2,1,6.5,9.5,8.8,11.2
831,21,20863644,greedy_lowcorr_B25,greedy_lowcorr,25,25,hard_phase,0.99,150,1,0.83,0.37,30,0.989965738461317,7.7,8.26,10.24,10.48,7.585,8.415,10.125,10.495,1,0,1,0,0.136473440639561,0.0820060973342827,-0.0199999999999996,-0.269999999999998,0.0499999999999989,-0.130000000000001,0.130000000000001,0.24,0.370000000000001,0,0,0.388797249637357,0.237616497335062,0.275997786060456,4365.51951979457,3.40101946977873,150477.328172359,65379,1,0.190778328105615,2080,64,2,1,6.5,9.5,8.8,11.2
832,22,20863645,greedy_lowcorr_B25,greedy_lowcorr,25,25,hard_phase,0.99,150,1,0.83,0.37,30,0.990089608064834,7.7,8.26,10.24,10.48,7.585,8.415,10.125,10.495,1,0,1,0,0.136473440639561,0.0820060973342827,-0.0199999999999996,-0.269999999999998,0.0499999999999989,-0.130000000000001,0.130000000000001,0.24,0.370000000000001,0,0,0.388797249637357,0.237616497335062,0.275997786060456,4365.51951979457,3.40101946977873,150442.913329789,65379,1,0.190778328105615,2080,64,2,1,6.5,9.5,8.8,11.2
833,23,20863646,greedy_lowcorr_B25,greedy_lowcorr,25,25,hard_phase,0.99,150,1,0.83,0.37,30,0.99056418942745,7.7,8.26,10.24,10.48,7.585,8.415,10.125,10.495,1,0,1,0,0.136473440639561,0.0820060973342827,-0.0199999999999996,-0.269999999999998,0.0499999999999989,-0.130000000000001,0.130000000000001,0.24,0.370000000000001,0,0,0.388797249637357,0.237616497335062,0.275997786060456,4365.51951979457,3.40101946977873,150544.940943293,65379,1,0.190778328105615,2080,64,2,1,6.5,9.5,8.8,11.2
834,24,20863647,greedy_lowcorr_B25,greedy_lowcorr,25,25,hard_phase,0.99,150,1,0.83,0.37,30,0.990288422391529,7.7,8.26,10.24,10.48,7.585,8.415,10.125,10.495,1,0,1,0,0.136473440639561,0.0820060973342827,-0.0199999999999996,-0.269999999999998,0.0499999999999989,-0.130000000000001,0.130000000000001,0.24,0.370000000000001,0,0,0.388797249637357,0.237616497335062,0.275997786060456,4365.51951979457,3.40101946977873,150427.403540112,65379,1,0.190778328105615,2080,64,2,1,6.5,9.5,8.8,11.2
835,25,20863648,greedy_lowcorr_B25,greedy_lowcorr,25,25,hard_phase,0.99,150,1,0.83,0.37,30,0.989987957701734,7.7,8.26,10.24,10.48,7.585,8.415,10.125,10.495,1,0,1,0,0.136473440639561,0.0820060973342827,-0.0199999999999996,-0.269999999999998,0.0499999999999989,-0.130000000000001,0.130000000000001,0.24,0.370000000000001,0,0,0.388797249637357,0.237616497335062,0.275997786060456,4365.51951979457,3.40101946977873,150400.495450992,65379,1,0.190778328105615,2080,64,2,1,6.5,9.5,8.8,11.2
836,26,20863649,greedy_lowcorr_B25,greedy_lowcorr,25,25,hard_phase,0.99,150,1,0.83,0.37,30,0.989895856132352,7.7,8.26,10.24,10.48,7.585,8.415,10.125,10.495,1,0,1,0,0.136473440639561,0.0820060973342827,-0.0199999999999996,-0.269999999999998,0.0499999999999989,-0.130000000000001,0.130000000000001,0.24,0.370000000000001,0,0,0.388797249637357,0.237616497335062,0.275997786060456,4365.51951979457,3.40101946977873,150457.336662119,65379,1,0.190778328105615,2080,64,2,1,6.5,9.5,8.8,11.2
837,27,20863650,greedy_lowcorr_B25,greedy_lowcorr,25,25,hard_phase,0.99,150,1,0.83,0.37,30,0.990049315526061,7.7,8.26,10.24,10.48,7.585,8.415,10.125,10.495,1,0,1,0,0.136473440639561,0.0820060973342827,-0.0199999999999996,-0.269999999999998,0.0499999999999989,-0.130000000000001,0.130000000000001,0.24,0.370000000000001,0,0,0.388797249637357,0.237616497335062,0.275997786060456,4365.51951979457,3.40101946977873,150475.689954381,65379,1,0.190778328105615,2080,64,2,1,6.5,9.5,8.8,11.2
838,28,20863651,greedy_lowcorr_B25,greedy_lowcorr,25,25,hard_phase,0.99,150,1,0.83,0.37,30,0.990324536305941,7.7,8.26,10.24,10.48,7.585,8.415,10.125,10.495,1,0,1,0,0.136473440639561,0.0820060973342827,-0.0199999999999996,-0.269999999999998,0.0499999999999989,-0.130000000000001,0.130000000000001,0.24,0.370000000000001,0,0,0.388797249637357,0.237616497335062,0.275997786060456,4365.51951979457,3.40101946977873,150417.188696777,65379,1,0.190778328105615,2080,64,2,1,6.5,9.5,8.8,11.2
839,29,20863652,greedy_lowcorr_B25,greedy_lowcorr,25,25,hard_phase,0.99,150,1,0.83,0.37,30,0.990085205505532,7.7,8.26,10.24,10.48,7.585,8.415,10.125,10.495,1,0,1,0,0.136473440639561,0.0820060973342827,-0.0199999999999996,-0.269999999999998,0.0499999999999989,-0.130000000000001,0.130000000000001,0.24,0.370000000000001,0,0,0.388797249637357,0.237616497335062,0.275997786060456,4365.51951979457,3.40101946977873,150469.017522118,65379,1,0.190778328105615,2080,64,2,1,6.5,9.5,8.8,11.2
840,30,20863653,greedy_lowcorr_B25,greedy_lowcorr,25,25,hard_phase,0.99,150,1,0.83,0.37,30,0.989938236341709,7.7,8.26,10.24,10.48,7.585,8.415,10.125,10.495,1,0,1,0,0.136473440639561,0.0820060973342827,-0.0199999999999996,-0.269999999999998,0.0499999999999989,-0.130000000000001,0.130000000000001,0.24,0.370000000000001,0,0,0.388797249637357,0.237616497335062,0.275997786060456,4365.51951979457,3.40101946977873,150503.474222354,65379,1,0.190778328105615,2080,64,2,1,6.5,9.5,8.8,11.2
841,1,20864624,greedy_lowcorr_B25,greedy_lowcorr,25,25,weak_secondary,0.99,150,0.3,0.83,0.37,30,0.989832606056201,7.54,8.5,10.12,10.6,7.585,8.415,10.125,10.495,1,1,1,1,0.0680073525436777,0.0743303437365916,0.0199999999999996,0.130000000000001,0.0499999999999989,0.109999999999999,0.109999999999999,0.48,0.370000000000001,0,0,0.388797249637357,0.237616497335062,0.275997786060456,4365.51951979457,1.08009404476282,93426.7519533934,65379,1,0.190778328105615,2080,64,2,1,6.5,9.5,8.8,11.2
842,2,20864625,greedy_lowcorr_B25,greedy_lowcorr,25,25,weak_secondary,0.99,150,0.3,0.83,0.37,30,0.990154704591654,7.54,8.5,10.12,10.6,7.585,8.415,10.125,10.495,1,1,1,1,0.0680073525436777,0.0743303437365916,0.0199999999999996,0.130000000000001,0.0499999999999989,0.109999999999999,0.109999999999999,0.48,0.370000000000001,0,0,0.388797249637357,0.237616497335062,0.275997786060456,4365.51951979457,1.08009404476282,93438.8027963673,65379,1,0.190778328105615,2080,64,2,1,6.5,9.5,8.8,11.2
843,3,20864626,greedy_lowcorr_B25,greedy_lowcorr,25,25,weak_secondary,0.99,150,0.3,0.83,0.37,30,0.989801160906406,7.54,8.5,10.12,10.6,7.585,8.415,10.125,10.495,1,1,1,1,0.0680073525436777,0.0743303437365916,0.0199999999999996,0.130000000000001,0.0499999999999989,0.109999999999999,0.109999999999999,0.48,0.370000000000001,0,0,0.388797249637357,0.237616497335062,0.275997786060456,4365.51951979457,1.08009404476282,93452.240976176,65379,1,0.190778328105615,2080,64,2,1,6.5,9.5,8.8,11.2
844,4,20864627,greedy_lowcorr_B25,greedy_lowcorr,25,25,weak_secondary,0.99,150,0.3,0.83,0.37,30,0.989991184916005,7.54,8.5,10.12,10.6,7.585,8.415,10.125,10.495,1,1,1,1,0.0680073525436777,0.0743303437365916,0.0199999999999996,0.130000000000001,0.0499999999999989,0.109999999999999,0.109999999999999,0.48,0.370000000000001,0,0,0.388797249637357,0.237616497335062,0.275997786060456,4365.51951979457,1.08009404476282,93450.796194058,65379,1,0.190778328105615,2080,64,2,1,6.5,9.5,8.8,11.2
845,5,20864628,greedy_lowcorr_B25,greedy_lowcorr,25,25,weak_secondary,0.99,150,0.3,0.83,0.37,30,0.990212177063181,7.54,8.5,10.12,10.6,7.585,8.415,10.125,10.495,1,1,1,1,0.0680073525436777,0.0743303437365916,0.0199999999999996,0.130000000000001,0.0499999999999989,0.109999999999999,0.109999999999999,0.48,0.370000000000001,0,0,0.388797249637357,0.237616497335062,0.275997786060456,4365.51951979457,1.08009404476282,93452.5242295419,65379,1,0.190778328105615,2080,64,2,1,6.5,9.5,8.8,11.2
846,6,20864629,greedy_lowcorr_B25,greedy_lowcorr,25,25,weak_secondary,0.99,150,0.3,0.83,0.37,30,0.990780771720027,7.54,8.5,10.12,10.6,7.585,8.415,10.125,10.495,1,1,1,1,0.0680073525436777,0.0743303437365916,0.0199999999999996,0.130000000000001,0.0499999999999989,0.109999999999999,0.109999999999999,0.48,0.370000000000001,0,0,0.388797249637357,0.237616497335062,0.275997786060456,4365.51951979457,1.08009404476282,93409.687069062,65379,1,0.190778328105615,2080,64,2,1,6.5,9.5,8.8,11.2
847,7,20864630,greedy_lowcorr_B25,greedy_lowcorr,25,25,weak_secondary,0.99,150,0.3,0.83,0.37,30,0.990906397728696,7.54,8.5,10.12,10.6,7.585,8.415,10.125,10.495,1,1,1,1,0.0680073525436777,0.0743303437365916,0.0199999999999996,0.130000000000001,0.0499999999999989,0.109999999999999,0.109999999999999,0.48,0.370000000000001,0,0,0.388797249637357,0.237616497335062,0.275997786060456,4365.51951979457,1.08009404476282,93393.7551799734,65379,1,0.190778328105615,2080,64,2,1,6.5,9.5,8.8,11.2
848,8,20864631,greedy_lowcorr_B25,greedy_lowcorr,25,25,weak_secondary,0.99,150,0.3,0.83,0.37,30,0.989877643151249,7.54,8.5,10.12,10.6,7.585,8.415,10.125,10.495,1,1,1,1,0.0680073525436777,0.0743303437365916,0.0199999999999996,0.130000000000001,0.0499999999999989,0.109999999999999,0.109999999999999,0.48,0.370000000000001,0,0,0.388797249637357,0.237616497335062,0.275997786060456,4365.51951979457,1.08009404476282,93461.4215252821,65379,1,0.190778328105615,2080,64,2,1,6.5,9.5,8.8,11.2
849,9,20864632,greedy_lowcorr_B25,greedy_lowcorr,25,25,weak_secondary,0.99,150,0.3,0.83,0.37,30,0.990371736212545,7.54,8.5,10.12,10.6,7.585,8.415,10.125,10.495,1,1,1,1,0.0680073525436777,0.0743303437365916,0.0199999999999996,0.130000000000001,0.0499999999999989,0.109999999999999,0.109999999999999,0.48,0.370000000000001,0,0,0.388797249637357,0.237616497335062,0.275997786060456,4365.51951979457,1.08009404476282,93430.1187488489,65379,1,0.190778328105615,2080,64,2,1,6.5,9.5,8.8,11.2
850,10,20864633,greedy_lowcorr_B25,greedy_lowcorr,25,25,weak_secondary,0.99,150,0.3,0.83,0.37,30,0.989908625973952,7.54,8.5,10.12,10.6,7.585,8.415,10.125,10.495,1,1,1,1,0.0680073525436777,0.0743303437365916,0.0199999999999996,0.130000000000001,0.0499999999999989,0.109999999999999,0.109999999999999,0.48,0.370000000000001,0,0,0.388797249637357,0.237616497335062,0.275997786060456,4365.51951979457,1.08009404476282,93456.4623833187,65379,1,0.190778328105615,2080,64,2,1,6.5,9.5,8.8,11.2
851,11,20864634,greedy_lowcorr_B25,greedy_lowcorr,25,25,weak_secondary,0.99,150,0.3,0.83,0.37,30,0.989912380982102,7.54,8.5,10.12,10.6,7.585,8.415,10.125,10.495,1,1,1,1,0.0680073525436777,0.0743303437365916,0.0199999999999996,0.130000000000001,0.0499999999999989,0.109999999999999,0.109999999999999,0.48,0.370000000000001,0,0,0.388797249637357,0.237616497335062,0.275997786060456,4365.51951979457,1.08009404476282,93443.3289075997,65379,1,0.190778328105615,2080,64,2,1,6.5,9.5,8.8,11.2
852,12,20864635,greedy_lowcorr_B25,greedy_lowcorr,25,25,weak_secondary,0.99,150,0.3,0.83,0.37,30,0.990021184141252,7.54,8.5,10.12,10.6,7.585,8.415,10.125,10.495,1,1,1,1,0.0680073525436777,0.0743303437365916,0.0199999999999996,0.130000000000001,0.0499999999999989,0.109999999999999,0.109999999999999,0.48,0.370000000000001,0,0,0.388797249637357,0.237616497335062,0.275997786060456,4365.51951979457,1.08009404476282,93421.4258327627,65379,1,0.190778328105615,2080,64,2,1,6.5,9.5,8.8,11.2
853,13,20864636,greedy_lowcorr_B25,greedy_lowcorr,25,25,weak_secondary,0.99,150,0.3,0.83,0.37,30,0.990157852591748,7.54,8.5,10.12,10.6,7.585,8.415,10.125,10.495,1,1,1,1,0.0680073525436777,0.0743303437365916,0.0199999999999996,0.130000000000001,0.0499999999999989,0.109999999999999,0.109999999999999,0.48,0.370000000000001,0,0,0.388797249637357,0.237616497335062,0.275997786060456,4365.51951979457,1.08009404476282,93437.8271347389,65379,1,0.190778328105615,2080,64,2,1,6.5,9.5,8.8,11.2
854,14,20864637,greedy_lowcorr_B25,greedy_lowcorr,25,25,weak_secondary,0.99,150,0.3,0.83,0.37,30,0.989813153403267,7.54,8.5,10.12,10.6,7.585,8.415,10.125,10.495,1,1,1,1,0.0680073525436777,0.0743303437365916,0.0199999999999996,0.130000000000001,0.0499999999999989,0.109999999999999,0.109999999999999,0.48,0.370000000000001,0,0,0.388797249637357,0.237616497335062,0.275997786060456,4365.51951979457,1.08009404476282,93435.192668966,65379,1,0.190778328105615,2080,64,2,1,6.5,9.5,8.8,11.2
855,15,20864638,greedy_lowcorr_B25,greedy_lowcorr,25,25,weak_secondary,0.99,150,0.3,0.83,0.37,30,0.990388645476479,7.54,8.5,10.12,10.6,7.585,8.415,10.125,10.495,1,1,1,1,0.0680073525436777,0.0743303437365916,0.0199999999999996,0.130000000000001,0.0499999999999989,0.109999999999999,0.109999999999999,0.48,0.370000000000001,0,0,0.388797249637357,0.237616497335062,0.275997786060456,4365.51951979457,1.08009404476282,93433.8335671734,65379,1,0.190778328105615,2080,64,2,1,6.5,9.5,8.8,11.2
856,16,20864639,greedy_lowcorr_B25,greedy_lowcorr,25,25,weak_secondary,0.99,150,0.3,0.83,0.37,30,0.990100728151125,7.54,8.5,10.12,10.6,7.585,8.415,10.125,10.495,1,1,1,1,0.0680073525436777,0.0743303437365916,0.0199999999999996,0.130000000000001,0.0499999999999989,0.109999999999999,0.109999999999999,0.48,0.370000000000001,0,0,0.388797249637357,0.237616497335062,0.275997786060456,4365.51951979457,1.08009404476282,93447.558711207,65379,1,0.190778328105615,2080,64,2,1,6.5,9.5,8.8,11.2
857,17,20864640,greedy_lowcorr_B25,greedy_lowcorr,25,25,weak_secondary,0.99,150,0.3,0.83,0.37,30,0.990539995952289,7.54,8.5,10.12,10.6,7.585,8.415,10.125,10.495,1,1,1,1,0.0680073525436777,0.0743303437365916,0.0199999999999996,0.130000000000001,0.0499999999999989,0.109999999999999,0.109999999999999,0.48,0.370000000000001,0,0,0.388797249637357,0.237616497335062,0.275997786060456,4365.51951979457,1.08009404476282,93424.5878460462,65379,1,0.190778328105615,2080,64,2,1,6.5,9.5,8.8,11.2
858,18,20864641,greedy_lowcorr_B25,greedy_lowcorr,25,25,weak_secondary,0.99,150,0.3,0.83,0.37,30,0.990054605301828,7.54,8.5,10.12,10.6,7.585,8.415,10.125,10.495,1,1,1,1,0.0680073525436777,0.0743303437365916,0.0199999999999996,0.130000000000001,0.0499999999999989,0.109999999999999,0.109999999999999,0.48,0.370000000000001,0,0,0.388797249637357,0.237616497335062,0.275997786060456,4365.51951979457,1.08009404476282,93411.4676597879,65379,1,0.190778328105615,2080,64,2,1,6.5,9.5,8.8,11.2
859,19,20864642,greedy_lowcorr_B25,greedy_lowcorr,25,25,weak_secondary,0.99,150,0.3,0.83,0.37,30,0.990119251224221,7.54,8.5,10.12,10.6,7.585,8.415,10.125,10.495,1,1,1,1,0.0680073525436777,0.0743303437365916,0.0199999999999996,0.130000000000001,0.0499999999999989,0.109999999999999,0.109999999999999,0.48,0.370000000000001,0,0,0.388797249637357,0.237616497335062,0.275997786060456,4365.51951979457,1.08009404476282,93435.8734309548,65379,1,0.190778328105615,2080,64,2,1,6.5,9.5,8.8,11.2
860,20,20864643,greedy_lowcorr_B25,greedy_lowcorr,25,25,weak_secondary,0.99,150,0.3,0.83,0.37,30,0.989917430929728,7.54,8.5,10.12,10.6,7.585,8.415,10.125,10.495,1,1,1,1,0.0680073525436777,0.0743303437365916,0.0199999999999996,0.130000000000001,0.0499999999999989,0.109999999999999,0.109999999999999,0.48,0.370000000000001,0,0,0.388797249637357,0.237616497335062,0.275997786060456,4365.51951979457,1.08009404476282,93394.8725552676,65379,1,0.190778328105615,2080,64,2,1,6.5,9.5,8.8,11.2
861,21,20864644,greedy_lowcorr_B25,greedy_lowcorr,25,25,weak_secondary,0.99,150,0.3,0.83,0.37,30,0.99059972649363,7.54,8.5,10.12,10.6,7.585,8.415,10.125,10.495,1,1,1,1,0.0680073525436777,0.0743303437365916,0.0199999999999996,0.130000000000001,0.0499999999999989,0.109999999999999,0.109999999999999,0.48,0.370000000000001,0,0,0.388797249637357,0.237616497335062,0.275997786060456,4365.51951979457,1.08009404476282,93447.6448876006,65379,1,0.190778328105615,2080,64,2,1,6.5,9.5,8.8,11.2
862,22,20864645,greedy_lowcorr_B25,greedy_lowcorr,25,25,weak_secondary,0.99,150,0.3,0.83,0.37,30,0.989992056908523,7.54,8.5,10.12,10.6,7.585,8.415,10.125,10.495,1,1,1,1,0.0680073525436777,0.0743303437365916,0.0199999999999996,0.130000000000001,0.0499999999999989,0.109999999999999,0.109999999999999,0.48,0.370000000000001,0,0,0.388797249637357,0.237616497335062,0.275997786060456,4365.51951979457,1.08009404476282,93448.0230420482,65379,1,0.190778328105615,2080,64,2,1,6.5,9.5,8.8,11.2
863,23,20864646,greedy_lowcorr_B25,greedy_lowcorr,25,25,weak_secondary,0.99,150,0.3,0.83,0.37,30,0.989847458022594,7.54,8.5,10.12,10.6,7.585,8.415,10.125,10.495,1,1,1,1,0.0680073525436777,0.0743303437365916,0.0199999999999996,0.130000000000001,0.0499999999999989,0.109999999999999,0.109999999999999,0.48,0.370000000000001,0,0,0.388797249637357,0.237616497335062,0.275997786060456,4365.51951979457,1.08009404476282,93417.1063454084,65379,1,0.190778328105615,2080,64,2,1,6.5,9.5,8.8,11.2
864,24,20864647,greedy_lowcorr_B25,greedy_lowcorr,25,25,weak_secondary,0.99,150,0.3,0.83,0.37,30,0.990431540585306,7.54,8.5,10.12,10.6,7.585,8.415,10.125,10.495,1,1,1,1,0.0680073525436777,0.0743303437365916,0.0199999999999996,0.130000000000001,0.0499999999999989,0.109999999999999,0.109999999999999,0.48,0.370000000000001,0,0,0.388797249637357,0.237616497335062,0.275997786060456,4365.51951979457,1.08009404476282,93417.5094620859,65379,1,0.190778328105615,2080,64,2,1,6.5,9.5,8.8,11.2
865,25,20864648,greedy_lowcorr_B25,greedy_lowcorr,25,25,weak_secondary,0.99,150,0.3,0.83,0.37,30,0.989860925591791,7.54,8.5,10.12,10.6,7.585,8.415,10.125,10.495,1,1,1,1,0.0680073525436777,0.0743303437365916,0.0199999999999996,0.130000000000001,0.0499999999999989,0.109999999999999,0.109999999999999,0.48,0.370000000000001,0,0,0.388797249637357,0.237616497335062,0.275997786060456,4365.51951979457,1.08009404476282,93419.8825959271,65379,1,0.190778328105615,2080,64,2,1,6.5,9.5,8.8,11.2
866,26,20864649,greedy_lowcorr_B25,greedy_lowcorr,25,25,weak_secondary,0.99,150,0.3,0.83,0.37,30,0.990219787372638,7.54,8.5,10.12,10.6,7.585,8.415,10.125,10.495,1,1,1,1,0.0680073525436777,0.0743303437365916,0.0199999999999996,0.130000000000001,0.0499999999999989,0.109999999999999,0.109999999999999,0.48,0.370000000000001,0,0,0.388797249637357,0.237616497335062,0.275997786060456,4365.51951979457,1.08009404476282,93442.6194214165,65379,1,0.190778328105615,2080,64,2,1,6.5,9.5,8.8,11.2
867,27,20864650,greedy_lowcorr_B25,greedy_lowcorr,25,25,weak_secondary,0.99,150,0.3,0.83,0.37,30,0.989902039470023,7.54,8.5,10.12,10.6,7.585,8.415,10.125,10.495,1,1,1,1,0.0680073525436777,0.0743303437365916,0.0199999999999996,0.130000000000001,0.0499999999999989,0.109999999999999,0.109999999999999,0.48,0.370000000000001,0,0,0.388797249637357,0.237616497335062,0.275997786060456,4365.51951979457,1.08009404476282,93435.3807483678,65379,1,0.190778328105615,2080,64,2,1,6.5,9.5,8.8,11.2
868,28,20864651,greedy_lowcorr_B25,greedy_lowcorr,25,25,weak_secondary,0.99,150,0.3,0.83,0.37,30,0.989916560199319,7.54,8.5,10.12,10.6,7.585,8.415,10.125,10.495,1,1,1,1,0.0680073525436777,0.0743303437365916,0.0199999999999996,0.130000000000001,0.0499999999999989,0.109999999999999,0.109999999999999,0.48,0.370000000000001,0,0,0.388797249637357,0.237616497335062,0.275997786060456,4365.51951979457,1.08009404476282,93433.8703939183,65379,1,0.190778328105615,2080,64,2,1,6.5,9.5,8.8,11.2
869,29,20864652,greedy_lowcorr_B25,greedy_lowcorr,25,25,weak_secondary,0.99,150,0.3,0.83,0.37,30,0.98999833869395,7.54,8.5,10.12,10.6,7.585,8.415,10.125,10.495,1,1,1,1,0.0680073525436777,0.0743303437365916,0.0199999999999996,0.130000000000001,0.0499999999999989,0.109999999999999,0.109999999999999,0.48,0.370000000000001,0,0,0.388797249637357,0.237616497335062,0.275997786060456,4365.51951979457,1.08009404476282,93439.3474258629,65379,1,0.190778328105615,2080,64,2,1,6.5,9.5,8.8,11.2
870,30,20864653,greedy_lowcorr_B25,greedy_lowcorr,25,25,weak_secondary,0.99,150,0.3,0.83,0.37,30,0.989841603889865,7.54,8.5,10.12,10.6,7.585,8.415,10.125,10.495,1,1,1,1,0.0680073525436777,0.0743303437365916,0.0199999999999996,0.130000000000001,0.0499999999999989,0.109999999999999,0.109999999999999,0.48,0.370000000000001,0,0,0.388797249637357,0.237616497335062,0.275997786060456,4365.51951979457,1.08009404476282,93429.9316415226,65379,1,0.190778328105615,2080,64,2,1,6.5,9.5,8.8,11.2
871,1,20865624,greedy_lowcorr_B25,greedy_lowcorr,25,25,low_snr_hard,1,150,0.3,0.83,0.37,20,1,7.54,8.5,10.12,10.6,7.585,8.415,10.125,10.495,1,1,1,1,0.0680073525436777,0.0743303437365916,0.0199999999999996,0.130000000000001,0.0499999999999989,0.109999999999999,0.109999999999999,0.48,0.370000000000001,0,0,0.388797249637357,0.237616497335062,0.275997786060456,4365.51951979457,1.08009404476282,93367.1294808425,65379,1,0.190778328105615,2080,64,2,1,6.5,9.5,8.8,11.2
872,2,20865625,greedy_lowcorr_B25,greedy_lowcorr,25,25,low_snr_hard,1,150,0.3,0.83,0.37,20,1,7.54,8.5,10.12,10.6,7.585,8.415,10.125,10.495,1,1,1,1,0.0680073525436777,0.0743303437365916,0.0199999999999996,0.130000000000001,0.0499999999999989,0.109999999999999,0.109999999999999,0.48,0.370000000000001,0,0,0.388797249637357,0.237616497335062,0.275997786060456,4365.51951979457,1.08009404476282,93335.0850714042,65379,1,0.190778328105615,2080,64,2,1,6.5,9.5,8.8,11.2
873,3,20865626,greedy_lowcorr_B25,greedy_lowcorr,25,25,low_snr_hard,1,150,0.3,0.83,0.37,20,1,7.54,8.5,10.12,10.6,7.585,8.415,10.125,10.495,1,1,1,1,0.0680073525436777,0.0743303437365916,0.0199999999999996,0.130000000000001,0.0499999999999989,0.109999999999999,0.109999999999999,0.48,0.370000000000001,0,0,0.388797249637357,0.237616497335062,0.275997786060456,4365.51951979457,1.08009404476282,93355.9859323889,65379,1,0.190778328105615,2080,64,2,1,6.5,9.5,8.8,11.2
874,4,20865627,greedy_lowcorr_B25,greedy_lowcorr,25,25,low_snr_hard,1,150,0.3,0.83,0.37,20,1,7.54,8.5,10.12,10.6,7.585,8.415,10.125,10.495,1,1,1,1,0.0680073525436777,0.0743303437365916,0.0199999999999996,0.130000000000001,0.0499999999999989,0.109999999999999,0.109999999999999,0.48,0.370000000000001,0,0,0.388797249637357,0.237616497335062,0.275997786060456,4365.51951979457,1.08009404476282,93353.8467301472,65379,1,0.190778328105615,2080,64,2,1,6.5,9.5,8.8,11.2
875,5,20865628,greedy_lowcorr_B25,greedy_lowcorr,25,25,low_snr_hard,1,150,0.3,0.83,0.37,20,1,7.54,8.5,10.12,10.6,7.585,8.415,10.125,10.495,1,1,1,1,0.0680073525436777,0.0743303437365916,0.0199999999999996,0.130000000000001,0.0499999999999989,0.109999999999999,0.109999999999999,0.48,0.370000000000001,0,0,0.388797249637357,0.237616497335062,0.275997786060456,4365.51951979457,1.08009404476282,93368.258541492,65379,1,0.190778328105615,2080,64,2,1,6.5,9.5,8.8,11.2
876,6,20865629,greedy_lowcorr_B25,greedy_lowcorr,25,25,low_snr_hard,1,150,0.3,0.83,0.37,20,1,7.54,8.5,10.12,10.6,7.585,8.415,10.125,10.495,1,1,1,1,0.0680073525436777,0.0743303437365916,0.0199999999999996,0.130000000000001,0.0499999999999989,0.109999999999999,0.109999999999999,0.48,0.370000000000001,0,0,0.388797249637357,0.237616497335062,0.275997786060456,4365.51951979457,1.08009404476282,93282.0104526489,65379,1,0.190778328105615,2080,64,2,1,6.5,9.5,8.8,11.2
877,7,20865630,greedy_lowcorr_B25,greedy_lowcorr,25,25,low_snr_hard,1,150,0.3,0.83,0.37,20,1,7.54,8.5,10.12,10.6,7.585,8.415,10.125,10.495,1,1,1,1,0.0680073525436777,0.0743303437365916,0.0199999999999996,0.130000000000001,0.0499999999999989,0.109999999999999,0.109999999999999,0.48,0.370000000000001,0,0,0.388797249637357,0.237616497335062,0.275997786060456,4365.51951979457,1.08009404476282,93374.9975051362,65379,1,0.190778328105615,2080,64,2,1,6.5,9.5,8.8,11.2
878,8,20865631,greedy_lowcorr_B25,greedy_lowcorr,25,25,low_snr_hard,1,150,0.3,0.83,0.37,20,1,7.54,8.5,10.12,10.6,7.585,8.415,10.125,10.495,1,1,1,1,0.0680073525436777,0.0743303437365916,0.0199999999999996,0.130000000000001,0.0499999999999989,0.109999999999999,0.109999999999999,0.48,0.370000000000001,0,0,0.388797249637357,0.237616497335062,0.275997786060456,4365.51951979457,1.08009404476282,93312.2187216322,65379,1,0.190778328105615,2080,64,2,1,6.5,9.5,8.8,11.2
879,9,20865632,greedy_lowcorr_B25,greedy_lowcorr,25,25,low_snr_hard,1,150,0.3,0.83,0.37,20,1,7.54,8.5,10.12,10.6,7.585,8.415,10.125,10.495,1,1,1,1,0.0680073525436777,0.0743303437365916,0.0199999999999996,0.130000000000001,0.0499999999999989,0.109999999999999,0.109999999999999,0.48,0.370000000000001,0,0,0.388797249637357,0.237616497335062,0.275997786060456,4365.51951979457,1.08009404476282,93367.7125014306,65379,1,0.190778328105615,2080,64,2,1,6.5,9.5,8.8,11.2
880,10,20865633,greedy_lowcorr_B25,greedy_lowcorr,25,25,low_snr_hard,1,150,0.3,0.83,0.37,20,1,7.54,8.5,10.12,10.6,7.585,8.415,10.125,10.495,1,1,1,1,0.0680073525436777,0.0743303437365916,0.0199999999999996,0.130000000000001,0.0499999999999989,0.109999999999999,0.109999999999999,0.48,0.370000000000001,0,0,0.388797249637357,0.237616497335062,0.275997786060456,4365.51951979457,1.08009404476282,93396.6956488185,65379,1,0.190778328105615,2080,64,2,1,6.5,9.5,8.8,11.2
881,11,20865634,greedy_lowcorr_B25,greedy_lowcorr,25,25,low_snr_hard,1,150,0.3,0.83,0.37,20,1,7.54,8.5,10.12,10.6,7.585,8.415,10.125,10.495,1,1,1,1,0.0680073525436777,0.0743303437365916,0.0199999999999996,0.130000000000001,0.0499999999999989,0.109999999999999,0.109999999999999,0.48,0.370000000000001,0,0,0.388797249637357,0.237616497335062,0.275997786060456,4365.51951979457,1.08009404476282,93353.0142200922,65379,1,0.190778328105615,2080,64,2,1,6.5,9.5,8.8,11.2
882,12,20865635,greedy_lowcorr_B25,greedy_lowcorr,25,25,low_snr_hard,1,150,0.3,0.83,0.37,20,1,7.54,8.5,10.12,10.6,7.585,8.415,10.125,10.495,1,1,1,1,0.0680073525436777,0.0743303437365916,0.0199999999999996,0.130000000000001,0.0499999999999989,0.109999999999999,0.109999999999999,0.48,0.370000000000001,0,0,0.388797249637357,0.237616497335062,0.275997786060456,4365.51951979457,1.08009404476282,93286.0766353002,65379,1,0.190778328105615,2080,64,2,1,6.5,9.5,8.8,11.2
883,13,20865636,greedy_lowcorr_B25,greedy_lowcorr,25,25,low_snr_hard,1,150,0.3,0.83,0.37,20,1,7.54,8.5,10.12,10.6,7.585,8.415,10.125,10.495,1,1,1,1,0.0680073525436777,0.0743303437365916,0.0199999999999996,0.130000000000001,0.0499999999999989,0.109999999999999,0.109999999999999,0.48,0.370000000000001,0,0,0.388797249637357,0.237616497335062,0.275997786060456,4365.51951979457,1.08009404476282,93423.5487179377,65379,1,0.190778328105615,2080,64,2,1,6.5,9.5,8.8,11.2
884,14,20865637,greedy_lowcorr_B25,greedy_lowcorr,25,25,low_snr_hard,1,150,0.3,0.83,0.37,20,1,7.54,8.5,10.12,10.6,7.585,8.415,10.125,10.495,1,1,1,1,0.0680073525436777,0.0743303437365916,0.0199999999999996,0.130000000000001,0.0499999999999989,0.109999999999999,0.109999999999999,0.48,0.370000000000001,0,0,0.388797249637357,0.237616497335062,0.275997786060456,4365.51951979457,1.08009404476282,93338.4992935548,65379,1,0.190778328105615,2080,64,2,1,6.5,9.5,8.8,11.2
885,15,20865638,greedy_lowcorr_B25,greedy_lowcorr,25,25,low_snr_hard,1,150,0.3,0.83,0.37,20,1,7.54,8.5,10.12,10.6,7.585,8.415,10.125,10.495,1,1,1,1,0.0680073525436777,0.0743303437365916,0.0199999999999996,0.130000000000001,0.0499999999999989,0.109999999999999,0.109999999999999,0.48,0.370000000000001,0,0,0.388797249637357,0.237616497335062,0.275997786060456,4365.51951979457,1.08009404476282,93347.6001873601,65379,1,0.190778328105615,2080,64,2,1,6.5,9.5,8.8,11.2
886,16,20865639,greedy_lowcorr_B25,greedy_lowcorr,25,25,low_snr_hard,1,150,0.3,0.83,0.37,20,1,7.54,8.5,10.12,10.6,7.585,8.415,10.125,10.495,1,1,1,1,0.0680073525436777,0.0743303437365916,0.0199999999999996,0.130000000000001,0.0499999999999989,0.109999999999999,0.109999999999999,0.48,0.370000000000001,0,0,0.388797249637357,0.237616497335062,0.275997786060456,4365.51951979457,1.08009404476282,93298.5144146642,65379,1,0.190778328105615,2080,64,2,1,6.5,9.5,8.8,11.2
887,17,20865640,greedy_lowcorr_B25,greedy_lowcorr,25,25,low_snr_hard,1,150,0.3,0.83,0.37,20,1,7.54,8.5,10.12,10.6,7.585,8.415,10.125,10.495,1,1,1,1,0.0680073525436777,0.0743303437365916,0.0199999999999996,0.130000000000001,0.0499999999999989,0.109999999999999,0.109999999999999,0.48,0.370000000000001,0,0,0.388797249637357,0.237616497335062,0.275997786060456,4365.51951979457,1.08009404476282,93386.0992822523,65379,1,0.190778328105615,2080,64,2,1,6.5,9.5,8.8,11.2
888,18,20865641,greedy_lowcorr_B25,greedy_lowcorr,25,25,low_snr_hard,1,150,0.3,0.83,0.37,20,1,7.54,8.5,10.12,10.6,7.585,8.415,10.125,10.495,1,1,1,1,0.0680073525436777,0.0743303437365916,0.0199999999999996,0.130000000000001,0.0499999999999989,0.109999999999999,0.109999999999999,0.48,0.370000000000001,0,0,0.388797249637357,0.237616497335062,0.275997786060456,4365.51951979457,1.08009404476282,93381.8948362893,65379,1,0.190778328105615,2080,64,2,1,6.5,9.5,8.8,11.2
889,19,20865642,greedy_lowcorr_B25,greedy_lowcorr,25,25,low_snr_hard,1,150,0.3,0.83,0.37,20,1,7.54,8.5,10.12,10.6,7.585,8.415,10.125,10.495,1,1,1,1,0.0680073525436777,0.0743303437365916,0.0199999999999996,0.130000000000001,0.0499999999999989,0.109999999999999,0.109999999999999,0.48,0.370000000000001,0,0,0.388797249637357,0.237616497335062,0.275997786060456,4365.51951979457,1.08009404476282,93297.6064441312,65379,1,0.190778328105615,2080,64,2,1,6.5,9.5,8.8,11.2
890,20,20865643,greedy_lowcorr_B25,greedy_lowcorr,25,25,low_snr_hard,1,150,0.3,0.83,0.37,20,1,7.54,8.5,10.12,10.6,7.585,8.415,10.125,10.495,1,1,1,1,0.0680073525436777,0.0743303437365916,0.0199999999999996,0.130000000000001,0.0499999999999989,0.109999999999999,0.109999999999999,0.48,0.370000000000001,0,0,0.388797249637357,0.237616497335062,0.275997786060456,4365.51951979457,1.08009404476282,93329.208657198,65379,1,0.190778328105615,2080,64,2,1,6.5,9.5,8.8,11.2
891,21,20865644,greedy_lowcorr_B25,greedy_lowcorr,25,25,low_snr_hard,1,150,0.3,0.83,0.37,20,1,7.54,8.5,10.12,10.6,7.585,8.415,10.125,10.495,1,1,1,1,0.0680073525436777,0.0743303437365916,0.0199999999999996,0.130000000000001,0.0499999999999989,0.109999999999999,0.109999999999999,0.48,0.370000000000001,0,0,0.388797249637357,0.237616497335062,0.275997786060456,4365.51951979457,1.08009404476282,93350.6292348353,65379,1,0.190778328105615,2080,64,2,1,6.5,9.5,8.8,11.2
892,22,20865645,greedy_lowcorr_B25,greedy_lowcorr,25,25,low_snr_hard,1,150,0.3,0.83,0.37,20,1,7.54,8.5,10.12,10.6,7.585,8.415,10.125,10.495,1,1,1,1,0.0680073525436777,0.0743303437365916,0.0199999999999996,0.130000000000001,0.0499999999999989,0.109999999999999,0.109999999999999,0.48,0.370000000000001,0,0,0.388797249637357,0.237616497335062,0.275997786060456,4365.51951979457,1.08009404476282,93374.8696000827,65379,1,0.190778328105615,2080,64,2,1,6.5,9.5,8.8,11.2
893,23,20865646,greedy_lowcorr_B25,greedy_lowcorr,25,25,low_snr_hard,1,150,0.3,0.83,0.37,20,1,7.54,8.5,10.12,10.6,7.585,8.415,10.125,10.495,1,1,1,1,0.0680073525436777,0.0743303437365916,0.0199999999999996,0.130000000000001,0.0499999999999989,0.109999999999999,0.109999999999999,0.48,0.370000000000001,0,0,0.388797249637357,0.237616497335062,0.275997786060456,4365.51951979457,1.08009404476282,93272.1688136512,65379,1,0.190778328105615,2080,64,2,1,6.5,9.5,8.8,11.2
894,24,20865647,greedy_lowcorr_B25,greedy_lowcorr,25,25,low_snr_hard,1,150,0.3,0.83,0.37,20,1,7.54,8.5,10.12,10.6,7.585,8.415,10.125,10.495,1,1,1,1,0.0680073525436777,0.0743303437365916,0.0199999999999996,0.130000000000001,0.0499999999999989,0.109999999999999,0.109999999999999,0.48,0.370000000000001,0,0,0.388797249637357,0.237616497335062,0.275997786060456,4365.51951979457,1.08009404476282,93324.0884079803,65379,1,0.190778328105615,2080,64,2,1,6.5,9.5,8.8,11.2
895,25,20865648,greedy_lowcorr_B25,greedy_lowcorr,25,25,low_snr_hard,1,150,0.3,0.83,0.37,20,1,7.54,8.5,10.12,10.6,7.585,8.415,10.125,10.495,1,1,1,1,0.0680073525436777,0.0743303437365916,0.0199999999999996,0.130000000000001,0.0499999999999989,0.109999999999999,0.109999999999999,0.48,0.370000000000001,0,0,0.388797249637357,0.237616497335062,0.275997786060456,4365.51951979457,1.08009404476282,93289.2326539684,65379,1,0.190778328105615,2080,64,2,1,6.5,9.5,8.8,11.2
896,26,20865649,greedy_lowcorr_B25,greedy_lowcorr,25,25,low_snr_hard,1,150,0.3,0.83,0.37,20,1,7.54,8.5,10.12,10.6,7.585,8.415,10.125,10.495,1,1,1,1,0.0680073525436777,0.0743303437365916,0.0199999999999996,0.130000000000001,0.0499999999999989,0.109999999999999,0.109999999999999,0.48,0.370000000000001,0,0,0.388797249637357,0.237616497335062,0.275997786060456,4365.51951979457,1.08009404476282,93287.6027154924,65379,1,0.190778328105615,2080,64,2,1,6.5,9.5,8.8,11.2
897,27,20865650,greedy_lowcorr_B25,greedy_lowcorr,25,25,low_snr_hard,1,150,0.3,0.83,0.37,20,1,7.54,8.5,10.12,10.6,7.585,8.415,10.125,10.495,1,1,1,1,0.0680073525436777,0.0743303437365916,0.0199999999999996,0.130000000000001,0.0499999999999989,0.109999999999999,0.109999999999999,0.48,0.370000000000001,0,0,0.388797249637357,0.237616497335062,0.275997786060456,4365.51951979457,1.08009404476282,93344.5154349018,65379,1,0.190778328105615,2080,64,2,1,6.5,9.5,8.8,11.2
898,28,20865651,greedy_lowcorr_B25,greedy_lowcorr,25,25,low_snr_hard,1,150,0.3,0.83,0.37,20,1,7.54,8.5,10.12,10.6,7.585,8.415,10.125,10.495,1,1,1,1,0.0680073525436777,0.0743303437365916,0.0199999999999996,0.130000000000001,0.0499999999999989,0.109999999999999,0.109999999999999,0.48,0.370000000000001,0,0,0.388797249637357,0.237616497335062,0.275997786060456,4365.51951979457,1.08009404476282,93326.9747730682,65379,1,0.190778328105615,2080,64,2,1,6.5,9.5,8.8,11.2
899,29,20865652,greedy_lowcorr_B25,greedy_lowcorr,25,25,low_snr_hard,1,150,0.3,0.83,0.37,20,1,7.54,8.5,10.12,10.6,7.585,8.415,10.125,10.495,1,1,1,1,0.0680073525436777,0.0743303437365916,0.0199999999999996,0.130000000000001,0.0499999999999989,0.109999999999999,0.109999999999999,0.48,0.370000000000001,0,0,0.388797249637357,0.237616497335062,0.275997786060456,4365.51951979457,1.08009404476282,93362.1326340272,65379,1,0.190778328105615,2080,64,2,1,6.5,9.5,8.8,11.2
900,30,20865653,greedy_lowcorr_B25,greedy_lowcorr,25,25,low_snr_hard,1,150,0.3,0.83,0.37,20,1,7.54,8.5,10.12,10.6,7.585,8.415,10.125,10.495,1,1,1,1,0.0680073525436777,0.0743303437365916,0.0199999999999996,0.130000000000001,0.0499999999999989,0.109999999999999,0.109999999999999,0.48,0.370000000000001,0,0,0.388797249637357,0.237616497335062,0.275997786060456,4365.51951979457,1.08009404476282,93318.603645727,65379,1,0.190778328105615,2080,64,2,1,6.5,9.5,8.8,11.2
