scenario_name,SNR_dB,Np,target_count,az_truth,el_truth,beta,rho,phase_deg,az_sep_deg,el_sep_deg,coarseAz,coarseEl,coarseAz_error,frontend_state,unresolved_cluster_flag,need_2d_refinement,boundary_unreliable_flag,selectedCenterColumn,selectedCenterAz,both_targets_inside_work_subarray,Y_work_shape,route_name,status,confidence,az_est,el_est,reject_reason,success,safe,false_high,boundary_missed,low_confidence,out_of_scope,az_error_mean,el_error_mean,az_error_max,el_error_max,runtime_sec,failure_reason,run_mode,trial_index,rng_seed,selectedWorkColumns_min,selectedWorkColumns_max
single_target_sanity,8,32,1,0,0,NaN,NaN,NaN,0,0,0,0,0,single_peak_in_scope,1,0,0,1,0,1,[65 32 32],low_confidence,rejected,low,[],[],single/merged MUSIC peak with rank-1-like covariance; music evidence is too weak for coherent pair fallback; not_evaluated,0,1,0,0,1,0,NaN,NaN,NaN,NaN,0.0297447,,quick,1,902092,1,192
single_target_sanity,8,32,1,0,0,NaN,NaN,NaN,0,0,0,0,0,single_peak_in_scope,1,0,0,1,0,1,[65 32 32],low_confidence,rejected,low,[],[],single/merged MUSIC peak with rank-1-like covariance; music evidence is too weak for coherent pair fallback; not_evaluated,0,1,0,0,1,0,NaN,NaN,NaN,NaN,0.0267349,,quick,2,902093,1,192
single_target_sanity,8,32,1,0,0,NaN,NaN,NaN,0,0,0,0,0,single_peak_in_scope,1,0,0,1,0,1,[65 32 32],low_confidence,rejected,low,[],[],single/merged MUSIC peak with rank-1-like covariance; music evidence is too weak for coherent pair fallback; not_evaluated,0,1,0,0,1,0,NaN,NaN,NaN,NaN,0.013532,,quick,3,902094,1,192
single_target_sanity,8,32,1,0,0,NaN,NaN,NaN,0,0,0,0,0,single_peak_in_scope,1,0,0,1,0,1,[65 32 32],low_confidence,rejected,low,[],[],single/merged MUSIC peak with rank-1-like covariance; music evidence is too weak for coherent pair fallback; not_evaluated,0,1,0,0,1,0,NaN,NaN,NaN,NaN,0.0127827,,quick,4,902095,1,192
single_target_sanity,8,32,1,0,0,NaN,NaN,NaN,0,0,0,0,0,single_peak_in_scope,1,0,0,1,0,1,[65 32 32],low_confidence,rejected,low,[],[],single/merged MUSIC peak with rank-1-like covariance; music evidence is too weak for coherent pair fallback; not_evaluated,0,1,0,0,1,0,NaN,NaN,NaN,NaN,0.0104565,,quick,5,902096,1,192
single_target_sanity,8,32,1,0,0,NaN,NaN,NaN,0,0,0,0,0,single_peak_in_scope,1,0,0,1,0,1,[65 32 32],low_confidence,rejected,low,[],[],single/merged MUSIC peak with rank-1-like covariance; music evidence is too weak for coherent pair fallback; not_evaluated,0,1,0,0,1,0,NaN,NaN,NaN,NaN,0.009513,,quick,6,902097,1,192
single_target_sanity,8,32,1,0,0,NaN,NaN,NaN,0,0,0,0,0,single_peak_in_scope,1,0,0,1,0,1,[65 32 32],low_confidence,rejected,low,[],[],single/merged MUSIC peak with rank-1-like covariance; music evidence is too weak for coherent pair fallback; not_evaluated,0,1,0,0,1,0,NaN,NaN,NaN,NaN,0.0095258,,quick,7,902098,1,192
single_target_sanity,8,32,1,0,0,NaN,NaN,NaN,0,0,0,0,0,single_peak_in_scope,1,0,0,1,0,1,[65 32 32],low_confidence,rejected,low,[],[],single/merged MUSIC peak with rank-1-like covariance; music evidence is too weak for coherent pair fallback; not_evaluated,0,1,0,0,1,0,NaN,NaN,NaN,NaN,0.0107124,,quick,8,902099,1,192
single_target_sanity,8,32,1,0,0,NaN,NaN,NaN,0,0,0,0,0,single_peak_in_scope,1,0,0,1,0,1,[65 32 32],low_confidence,rejected,low,[],[],single/merged MUSIC peak with rank-1-like covariance; music evidence is too weak for coherent pair fallback; not_evaluated,0,1,0,0,1,0,NaN,NaN,NaN,NaN,0.0092867,,quick,9,902100,1,192
single_target_sanity,8,32,1,0,0,NaN,NaN,NaN,0,0,0,0,0,single_peak_in_scope,1,0,0,1,0,1,[65 32 32],low_confidence,rejected,low,[],[],single/merged MUSIC peak with rank-1-like covariance; music evidence is too weak for coherent pair fallback; not_evaluated,0,1,0,0,1,0,NaN,NaN,NaN,NaN,0.0102314,,quick,10,902101,1,192
single_target_sanity,8,32,1,0,0,NaN,NaN,NaN,0,0,0,0,0,single_peak_in_scope,1,0,0,1,0,1,[65 32 32],low_confidence,rejected,low,[],[],single/merged MUSIC peak with rank-1-like covariance; music evidence is too weak for coherent pair fallback; not_evaluated,0,1,0,0,1,0,NaN,NaN,NaN,NaN,0.0098416,,quick,11,902102,1,192
single_target_sanity,8,32,1,0,0,NaN,NaN,NaN,0,0,0,0,0,single_peak_in_scope,1,0,0,1,0,1,[65 32 32],low_confidence,rejected,low,[],[],single/merged MUSIC peak with rank-1-like covariance; music evidence is too weak for coherent pair fallback; not_evaluated,0,1,0,0,1,0,NaN,NaN,NaN,NaN,0.0097363,,quick,12,902103,1,192
single_target_sanity,8,32,1,0,0,NaN,NaN,NaN,0,0,0,0,0,single_peak_in_scope,1,0,0,1,0,1,[65 32 32],low_confidence,rejected,low,[],[],single/merged MUSIC peak with rank-1-like covariance; music evidence is too weak for coherent pair fallback; not_evaluated,0,1,0,0,1,0,NaN,NaN,NaN,NaN,0.0090723,,quick,13,902104,1,192
single_target_sanity,8,32,1,0,0,NaN,NaN,NaN,0,0,0,0,0,single_peak_in_scope,1,0,0,1,0,1,[65 32 32],low_confidence,rejected,low,[],[],single/merged MUSIC peak with rank-1-like covariance; music evidence is too weak for coherent pair fallback; not_evaluated,0,1,0,0,1,0,NaN,NaN,NaN,NaN,0.0113868,,quick,14,902105,1,192
single_target_sanity,8,32,1,0,0,NaN,NaN,NaN,0,0,0,0,0,single_peak_in_scope,1,0,0,1,0,1,[65 32 32],low_confidence,rejected,low,[],[],single/merged MUSIC peak with rank-1-like covariance; music evidence is too weak for coherent pair fallback; not_evaluated,0,1,0,0,1,0,NaN,NaN,NaN,NaN,0.0110799,,quick,15,902106,1,192
single_target_sanity,8,32,1,0,0,NaN,NaN,NaN,0,0,0,0,0,single_peak_in_scope,1,0,0,1,0,1,[65 32 32],low_confidence,rejected,low,[],[],single/merged MUSIC peak with rank-1-like covariance; music evidence is too weak for coherent pair fallback; not_evaluated,0,1,0,0,1,0,NaN,NaN,NaN,NaN,0.0104593,,quick,16,902107,1,192
single_target_sanity,8,32,1,0,0,NaN,NaN,NaN,0,0,0,0,0,single_peak_in_scope,1,0,0,1,0,1,[65 32 32],low_confidence,rejected,low,[],[],single/merged MUSIC peak with rank-1-like covariance; music evidence is too weak for coherent pair fallback; not_evaluated,0,1,0,0,1,0,NaN,NaN,NaN,NaN,0.0113187,,quick,17,902108,1,192
single_target_sanity,8,32,1,0,0,NaN,NaN,NaN,0,0,0,0,0,single_peak_in_scope,1,0,0,1,0,1,[65 32 32],low_confidence,rejected,low,[],[],single/merged MUSIC peak with rank-1-like covariance; music evidence is too weak for coherent pair fallback; not_evaluated,0,1,0,0,1,0,NaN,NaN,NaN,NaN,0.01219,,quick,18,902109,1,192
single_target_sanity,8,32,1,0,0,NaN,NaN,NaN,0,0,0,0,0,single_peak_in_scope,1,0,0,1,0,1,[65 32 32],low_confidence,rejected,low,[],[],single/merged MUSIC peak with rank-1-like covariance; music evidence is too weak for coherent pair fallback; not_evaluated,0,1,0,0,1,0,NaN,NaN,NaN,NaN,0.0089112,,quick,19,902110,1,192
single_target_sanity,8,32,1,0,0,NaN,NaN,NaN,0,0,0,0,0,single_peak_in_scope,1,0,0,1,0,1,[65 32 32],low_confidence,rejected,low,[],[],single/merged MUSIC peak with rank-1-like covariance; music evidence is too weak for coherent pair fallback; not_evaluated,0,1,0,0,1,0,NaN,NaN,NaN,NaN,0.0096707,,quick,20,902111,1,192
single_target_sanity,8,32,1,0,0,NaN,NaN,NaN,0,0,0,0,0,single_peak_in_scope,1,0,0,1,0,1,[65 32 32],low_confidence,rejected,low,[],[],single/merged MUSIC peak with rank-1-like covariance; music evidence is too weak for coherent pair fallback; not_evaluated,0,1,0,0,1,0,NaN,NaN,NaN,NaN,0.0110102,,quick,21,902112,1,192
single_target_sanity,8,32,1,0,0,NaN,NaN,NaN,0,0,0,0,0,single_peak_in_scope,1,0,0,1,0,1,[65 32 32],low_confidence,rejected,low,[],[],single/merged MUSIC peak with rank-1-like covariance; music evidence is too weak for coherent pair fallback; not_evaluated,0,1,0,0,1,0,NaN,NaN,NaN,NaN,0.0097647,,quick,22,902113,1,192
single_target_sanity,8,32,1,0,0,NaN,NaN,NaN,0,0,0,0,0,single_peak_in_scope,1,0,0,1,0,1,[65 32 32],low_confidence,rejected,low,[],[],single/merged MUSIC peak with rank-1-like covariance; music evidence is too weak for coherent pair fallback; not_evaluated,0,1,0,0,1,0,NaN,NaN,NaN,NaN,0.0088408,,quick,23,902114,1,192
single_target_sanity,8,32,1,0,0,NaN,NaN,NaN,0,0,0,0,0,single_peak_in_scope,1,0,0,1,0,1,[65 32 32],low_confidence,rejected,low,[],[],single/merged MUSIC peak with rank-1-like covariance; music evidence is too weak for coherent pair fallback; not_evaluated,0,1,0,0,1,0,NaN,NaN,NaN,NaN,0.0097893,,quick,24,902115,1,192
single_target_sanity,8,32,1,0,0,NaN,NaN,NaN,0,0,0,0,0,single_peak_in_scope,1,0,0,1,0,1,[65 32 32],low_confidence,rejected,low,[],[],single/merged MUSIC peak with rank-1-like covariance; music evidence is too weak for coherent pair fallback; not_evaluated,0,1,0,0,1,0,NaN,NaN,NaN,NaN,0.0097268,,quick,25,902116,1,192
single_target_sanity,8,32,1,0,0,NaN,NaN,NaN,0,0,0,0,0,single_peak_in_scope,1,0,0,1,0,1,[65 32 32],low_confidence,rejected,low,[],[],single/merged MUSIC peak with rank-1-like covariance; music evidence is too weak for coherent pair fallback; not_evaluated,0,1,0,0,1,0,NaN,NaN,NaN,NaN,0.0091921,,quick,26,902117,1,192
single_target_sanity,8,32,1,0,0,NaN,NaN,NaN,0,0,0,0,0,single_peak_in_scope,1,0,0,1,0,1,[65 32 32],low_confidence,rejected,low,[],[],single/merged MUSIC peak with rank-1-like covariance; music evidence is too weak for coherent pair fallback; not_evaluated,0,1,0,0,1,0,NaN,NaN,NaN,NaN,0.0099037,,quick,27,902118,1,192
single_target_sanity,8,32,1,0,0,NaN,NaN,NaN,0,0,0,0,0,single_peak_in_scope,1,0,0,1,0,1,[65 32 32],low_confidence,rejected,low,[],[],single/merged MUSIC peak with rank-1-like covariance; music evidence is too weak for coherent pair fallback; not_evaluated,0,1,0,0,1,0,NaN,NaN,NaN,NaN,0.0095294,,quick,28,902119,1,192
single_target_sanity,8,32,1,0,0,NaN,NaN,NaN,0,0,0,0,0,single_peak_in_scope,1,0,0,1,0,1,[65 32 32],low_confidence,rejected,low,[],[],single/merged MUSIC peak with rank-1-like covariance; music evidence is too weak for coherent pair fallback; not_evaluated,0,1,0,0,1,0,NaN,NaN,NaN,NaN,0.0092854,,quick,29,902120,1,192
single_target_sanity,8,32,1,0,0,NaN,NaN,NaN,0,0,0,0,0,single_peak_in_scope,1,0,0,1,0,1,[65 32 32],low_confidence,rejected,low,[],[],single/merged MUSIC peak with rank-1-like covariance; music evidence is too weak for coherent pair fallback; not_evaluated,0,1,0,0,1,0,NaN,NaN,NaN,NaN,0.0089634,,quick,30,902121,1,192
close_coherent_pair,8,32,2,[-0.075 0.075],[0 0],0.8,1,60,0.15,0,0,0,0,single_peak_in_scope,1,0,0,1,0,1,[65 32 32],low_confidence,rejected,low,[],[],single/merged MUSIC peak with rank-1-like covariance; music evidence is too weak for coherent pair fallback; not_evaluated,0,1,0,0,1,0,NaN,NaN,NaN,NaN,0.0087957,ok,quick,31,902122,1,192
close_coherent_pair,8,32,2,[-0.075 0.075],[0 0],0.8,1,60,0.15,0,0,0,0,single_peak_in_scope,1,0,0,1,0,1,[65 32 32],low_confidence,rejected,low,[],[],single/merged MUSIC peak with rank-1-like covariance; music evidence is too weak for coherent pair fallback; not_evaluated,0,1,0,0,1,0,NaN,NaN,NaN,NaN,0.0095907,ok,quick,32,902123,1,192
close_coherent_pair,8,32,2,[-0.075 0.075],[0 0],0.8,1,60,0.15,0,0,0,0,single_peak_in_scope,1,0,0,1,0,1,[65 32 32],low_confidence,rejected,low,[],[],single/merged MUSIC peak with rank-1-like covariance; music evidence is too weak for coherent pair fallback; not_evaluated,0,1,0,0,1,0,NaN,NaN,NaN,NaN,0.0085542,ok,quick,33,902124,1,192
close_coherent_pair,8,32,2,[-0.075 0.075],[0 0],0.8,1,60,0.15,0,0,0,0,single_peak_in_scope,1,0,0,1,0,1,[65 32 32],low_confidence,rejected,low,[],[],single/merged MUSIC peak with rank-1-like covariance; music evidence is too weak for coherent pair fallback; not_evaluated,0,1,0,0,1,0,NaN,NaN,NaN,NaN,0.0102319,ok,quick,34,902125,1,192
close_coherent_pair,8,32,2,[-0.075 0.075],[0 0],0.8,1,60,0.15,0,0,0,0,single_peak_in_scope,1,0,0,1,0,1,[65 32 32],low_confidence,rejected,low,[],[],single/merged MUSIC peak with rank-1-like covariance; music evidence is too weak for coherent pair fallback; not_evaluated,0,1,0,0,1,0,NaN,NaN,NaN,NaN,0.0103775,ok,quick,35,902126,1,192
close_coherent_pair,8,32,2,[-0.075 0.075],[0 0],0.8,1,60,0.15,0,0,0,0,single_peak_in_scope,1,0,0,1,0,1,[65 32 32],low_confidence,rejected,low,[],[],single/merged MUSIC peak with rank-1-like covariance; music evidence is too weak for coherent pair fallback; not_evaluated,0,1,0,0,1,0,NaN,NaN,NaN,NaN,0.0091687,ok,quick,36,902127,1,192
close_coherent_pair,8,32,2,[-0.075 0.075],[0 0],0.8,1,60,0.15,0,0,0,0,single_peak_in_scope,1,0,0,1,0,1,[65 32 32],low_confidence,rejected,low,[],[],single/merged MUSIC peak with rank-1-like covariance; music evidence is too weak for coherent pair fallback; not_evaluated,0,1,0,0,1,0,NaN,NaN,NaN,NaN,0.0091715,ok,quick,37,902128,1,192
close_coherent_pair,8,32,2,[-0.075 0.075],[0 0],0.8,1,60,0.15,0,0,0,0,single_peak_in_scope,1,0,0,1,0,1,[65 32 32],low_confidence,rejected,low,[],[],single/merged MUSIC peak with rank-1-like covariance; music evidence is too weak for coherent pair fallback; not_evaluated,0,1,0,0,1,0,NaN,NaN,NaN,NaN,0.0093581,ok,quick,38,902129,1,192
close_coherent_pair,8,32,2,[-0.075 0.075],[0 0],0.8,1,60,0.15,0,0,0,0,single_peak_in_scope,1,0,0,1,0,1,[65 32 32],low_confidence,rejected,low,[],[],single/merged MUSIC peak with rank-1-like covariance; music evidence is too weak for coherent pair fallback; not_evaluated,0,1,0,0,1,0,NaN,NaN,NaN,NaN,0.0093808,ok,quick,39,902130,1,192
close_coherent_pair,8,32,2,[-0.075 0.075],[0 0],0.8,1,60,0.15,0,0,0,0,single_peak_in_scope,1,0,0,1,0,1,[65 32 32],low_confidence,rejected,low,[],[],single/merged MUSIC peak with rank-1-like covariance; music evidence is too weak for coherent pair fallback; not_evaluated,0,1,0,0,1,0,NaN,NaN,NaN,NaN,0.0098348,ok,quick,40,902131,1,192
close_coherent_pair,8,32,2,[-0.075 0.075],[0 0],0.8,1,60,0.15,0,0,0,0,single_peak_in_scope,1,0,0,1,0,1,[65 32 32],low_confidence,rejected,low,[],[],single/merged MUSIC peak with rank-1-like covariance; music evidence is too weak for coherent pair fallback; not_evaluated,0,1,0,0,1,0,NaN,NaN,NaN,NaN,0.0104484,ok,quick,41,902132,1,192
close_coherent_pair,8,32,2,[-0.075 0.075],[0 0],0.8,1,60,0.15,0,0,0,0,single_peak_in_scope,1,0,0,1,0,1,[65 32 32],low_confidence,rejected,low,[],[],single/merged MUSIC peak with rank-1-like covariance; music evidence is too weak for coherent pair fallback; not_evaluated,0,1,0,0,1,0,NaN,NaN,NaN,NaN,0.0099426,ok,quick,42,902133,1,192
close_coherent_pair,8,32,2,[-0.075 0.075],[0 0],0.8,1,60,0.15,0,0,0,0,single_peak_in_scope,1,0,0,1,0,1,[65 32 32],low_confidence,rejected,low,[],[],single/merged MUSIC peak with rank-1-like covariance; music evidence is too weak for coherent pair fallback; not_evaluated,0,1,0,0,1,0,NaN,NaN,NaN,NaN,0.0100532,ok,quick,43,902134,1,192
close_coherent_pair,8,32,2,[-0.075 0.075],[0 0],0.8,1,60,0.15,0,0,0,0,single_peak_in_scope,1,0,0,1,0,1,[65 32 32],low_confidence,rejected,low,[],[],single/merged MUSIC peak with rank-1-like covariance; music evidence is too weak for coherent pair fallback; not_evaluated,0,1,0,0,1,0,NaN,NaN,NaN,NaN,0.0104645,ok,quick,44,902135,1,192
close_coherent_pair,8,32,2,[-0.075 0.075],[0 0],0.8,1,60,0.15,0,0,0,0,single_peak_in_scope,1,0,0,1,0,1,[65 32 32],low_confidence,rejected,low,[],[],single/merged MUSIC peak with rank-1-like covariance; music evidence is too weak for coherent pair fallback; not_evaluated,0,1,0,0,1,0,NaN,NaN,NaN,NaN,0.0101356,ok,quick,45,902136,1,192
close_coherent_pair,8,32,2,[-0.075 0.075],[0 0],0.8,1,60,0.15,0,0,0,0,single_peak_in_scope,1,0,0,1,0,1,[65 32 32],low_confidence,rejected,low,[],[],single/merged MUSIC peak with rank-1-like covariance; music evidence is too weak for coherent pair fallback; not_evaluated,0,1,0,0,1,0,NaN,NaN,NaN,NaN,0.009399,ok,quick,46,902137,1,192
close_coherent_pair,8,32,2,[-0.075 0.075],[0 0],0.8,1,60,0.15,0,0,0,0,single_peak_in_scope,1,0,0,1,0,1,[65 32 32],low_confidence,rejected,low,[],[],single/merged MUSIC peak with rank-1-like covariance; music evidence is too weak for coherent pair fallback; not_evaluated,0,1,0,0,1,0,NaN,NaN,NaN,NaN,0.0100585,ok,quick,47,902138,1,192
close_coherent_pair,8,32,2,[-0.075 0.075],[0 0],0.8,1,60,0.15,0,0,0,0,single_peak_in_scope,1,0,0,1,0,1,[65 32 32],low_confidence,rejected,low,[],[],single/merged MUSIC peak with rank-1-like covariance; music evidence is too weak for coherent pair fallback; not_evaluated,0,1,0,0,1,0,NaN,NaN,NaN,NaN,0.0094178,ok,quick,48,902139,1,192
close_coherent_pair,8,32,2,[-0.075 0.075],[0 0],0.8,1,60,0.15,0,0,0,0,single_peak_in_scope,1,0,0,1,0,1,[65 32 32],low_confidence,rejected,low,[],[],single/merged MUSIC peak with rank-1-like covariance; music evidence is too weak for coherent pair fallback; not_evaluated,0,1,0,0,1,0,NaN,NaN,NaN,NaN,0.0099995,ok,quick,49,902140,1,192
close_coherent_pair,8,32,2,[-0.075 0.075],[0 0],0.8,1,60,0.15,0,0,0,0,single_peak_in_scope,1,0,0,1,0,1,[65 32 32],low_confidence,rejected,low,[],[],single/merged MUSIC peak with rank-1-like covariance; music evidence is too weak for coherent pair fallback; not_evaluated,0,1,0,0,1,0,NaN,NaN,NaN,NaN,0.0088886,ok,quick,50,902141,1,192
close_coherent_pair,8,32,2,[-0.075 0.075],[0 0],0.8,1,60,0.15,0,0,0,0,single_peak_in_scope,1,0,0,1,0,1,[65 32 32],low_confidence,rejected,low,[],[],single/merged MUSIC peak with rank-1-like covariance; music evidence is too weak for coherent pair fallback; not_evaluated,0,1,0,0,1,0,NaN,NaN,NaN,NaN,0.0092861,ok,quick,51,902142,1,192
close_coherent_pair,8,32,2,[-0.075 0.075],[0 0],0.8,1,60,0.15,0,0,0,0,single_peak_in_scope,1,0,0,1,0,1,[65 32 32],low_confidence,rejected,low,[],[],single/merged MUSIC peak with rank-1-like covariance; music evidence is too weak for coherent pair fallback; not_evaluated,0,1,0,0,1,0,NaN,NaN,NaN,NaN,0.0087215,ok,quick,52,902143,1,192
close_coherent_pair,8,32,2,[-0.075 0.075],[0 0],0.8,1,60,0.15,0,0,0,0,single_peak_in_scope,1,0,0,1,0,1,[65 32 32],low_confidence,rejected,low,[],[],single/merged MUSIC peak with rank-1-like covariance; music evidence is too weak for coherent pair fallback; not_evaluated,0,1,0,0,1,0,NaN,NaN,NaN,NaN,0.0085165,ok,quick,53,902144,1,192
close_coherent_pair,8,32,2,[-0.075 0.075],[0 0],0.8,1,60,0.15,0,0,0,0,single_peak_in_scope,1,0,0,1,0,1,[65 32 32],low_confidence,rejected,low,[],[],single/merged MUSIC peak with rank-1-like covariance; music evidence is too weak for coherent pair fallback; not_evaluated,0,1,0,0,1,0,NaN,NaN,NaN,NaN,0.0086031,ok,quick,54,902145,1,192
close_coherent_pair,8,32,2,[-0.075 0.075],[0 0],0.8,1,60,0.15,0,0,0,0,single_peak_in_scope,1,0,0,1,0,1,[65 32 32],low_confidence,rejected,low,[],[],single/merged MUSIC peak with rank-1-like covariance; music evidence is too weak for coherent pair fallback; not_evaluated,0,1,0,0,1,0,NaN,NaN,NaN,NaN,0.0092088,ok,quick,55,902146,1,192
close_coherent_pair,8,32,2,[-0.075 0.075],[0 0],0.8,1,60,0.15,0,0,0,0,single_peak_in_scope,1,0,0,1,0,1,[65 32 32],low_confidence,rejected,low,[],[],single/merged MUSIC peak with rank-1-like covariance; music evidence is too weak for coherent pair fallback; not_evaluated,0,1,0,0,1,0,NaN,NaN,NaN,NaN,0.009691,ok,quick,56,902147,1,192
close_coherent_pair,8,32,2,[-0.075 0.075],[0 0],0.8,1,60,0.15,0,0,0,0,single_peak_in_scope,1,0,0,1,0,1,[65 32 32],low_confidence,rejected,low,[],[],single/merged MUSIC peak with rank-1-like covariance; music evidence is too weak for coherent pair fallback; not_evaluated,0,1,0,0,1,0,NaN,NaN,NaN,NaN,0.0091981,ok,quick,57,902148,1,192
close_coherent_pair,8,32,2,[-0.075 0.075],[0 0],0.8,1,60,0.15,0,0,0,0,single_peak_in_scope,1,0,0,1,0,1,[65 32 32],low_confidence,rejected,low,[],[],single/merged MUSIC peak with rank-1-like covariance; music evidence is too weak for coherent pair fallback; not_evaluated,0,1,0,0,1,0,NaN,NaN,NaN,NaN,0.0092184,ok,quick,58,902149,1,192
close_coherent_pair,8,32,2,[-0.075 0.075],[0 0],0.8,1,60,0.15,0,0,0,0,single_peak_in_scope,1,0,0,1,0,1,[65 32 32],low_confidence,rejected,low,[],[],single/merged MUSIC peak with rank-1-like covariance; music evidence is too weak for coherent pair fallback; not_evaluated,0,1,0,0,1,0,NaN,NaN,NaN,NaN,0.0096162,ok,quick,59,902150,1,192
close_coherent_pair,8,32,2,[-0.075 0.075],[0 0],0.8,1,60,0.15,0,0,0,0,single_peak_in_scope,1,0,0,1,0,1,[65 32 32],low_confidence,rejected,low,[],[],single/merged MUSIC peak with rank-1-like covariance; music evidence is too weak for coherent pair fallback; not_evaluated,0,1,0,0,1,0,NaN,NaN,NaN,NaN,0.0108613,ok,quick,60,902151,1,192
close_coherent_pair,8,32,2,[-0.125 0.125],[0 0],1,1,0,0.25,0,0,0,0,single_peak_in_scope,1,0,0,1,0,1,[65 32 32],low_confidence,rejected,low,[],[],single/merged MUSIC peak with rank-1-like covariance; music evidence is too weak for coherent pair fallback; not_evaluated,0,1,0,0,1,0,NaN,NaN,NaN,NaN,0.0087412,ok,quick,61,902152,1,192
close_coherent_pair,8,32,2,[-0.125 0.125],[0 0],1,1,0,0.25,0,0,0,0,single_peak_in_scope,1,0,0,1,0,1,[65 32 32],low_confidence,rejected,low,[],[],single/merged MUSIC peak with rank-1-like covariance; music evidence is too weak for coherent pair fallback; not_evaluated,0,1,0,0,1,0,NaN,NaN,NaN,NaN,0.009107,ok,quick,62,902153,1,192
close_coherent_pair,8,32,2,[-0.125 0.125],[0 0],1,1,0,0.25,0,0,0,0,single_peak_in_scope,1,0,0,1,0,1,[65 32 32],low_confidence,rejected,low,[],[],single/merged MUSIC peak with rank-1-like covariance; music evidence is too weak for coherent pair fallback; not_evaluated,0,1,0,0,1,0,NaN,NaN,NaN,NaN,0.0088506,ok,quick,63,902154,1,192
close_coherent_pair,8,32,2,[-0.125 0.125],[0 0],1,1,0,0.25,0,0,0,0,single_peak_in_scope,1,0,0,1,0,1,[65 32 32],low_confidence,rejected,low,[],[],single/merged MUSIC peak with rank-1-like covariance; music evidence is too weak for coherent pair fallback; not_evaluated,0,1,0,0,1,0,NaN,NaN,NaN,NaN,0.0082156,ok,quick,64,902155,1,192
close_coherent_pair,8,32,2,[-0.125 0.125],[0 0],1,1,0,0.25,0,0,0,0,single_peak_in_scope,1,0,0,1,0,1,[65 32 32],low_confidence,rejected,low,[],[],single/merged MUSIC peak with rank-1-like covariance; music evidence is too weak for coherent pair fallback; not_evaluated,0,1,0,0,1,0,NaN,NaN,NaN,NaN,0.0082682,ok,quick,65,902156,1,192
close_coherent_pair,8,32,2,[-0.125 0.125],[0 0],1,1,0,0.25,0,0,0,0,single_peak_in_scope,1,0,0,1,0,1,[65 32 32],low_confidence,rejected,low,[],[],single/merged MUSIC peak with rank-1-like covariance; music evidence is too weak for coherent pair fallback; not_evaluated,0,1,0,0,1,0,NaN,NaN,NaN,NaN,0.009485,ok,quick,66,902157,1,192
close_coherent_pair,8,32,2,[-0.125 0.125],[0 0],1,1,0,0.25,0,0,0,0,single_peak_in_scope,1,0,0,1,0,1,[65 32 32],low_confidence,rejected,low,[],[],single/merged MUSIC peak with rank-1-like covariance; music evidence is too weak for coherent pair fallback; not_evaluated,0,1,0,0,1,0,NaN,NaN,NaN,NaN,0.0087591,ok,quick,67,902158,1,192
close_coherent_pair,8,32,2,[-0.125 0.125],[0 0],1,1,0,0.25,0,0,0,0,single_peak_in_scope,1,0,0,1,0,1,[65 32 32],low_confidence,rejected,low,[],[],single/merged MUSIC peak with rank-1-like covariance; music evidence is too weak for coherent pair fallback; not_evaluated,0,1,0,0,1,0,NaN,NaN,NaN,NaN,0.0091721,ok,quick,68,902159,1,192
close_coherent_pair,8,32,2,[-0.125 0.125],[0 0],1,1,0,0.25,0,0,0,0,single_peak_in_scope,1,0,0,1,0,1,[65 32 32],low_confidence,rejected,low,[],[],single/merged MUSIC peak with rank-1-like covariance; music evidence is too weak for coherent pair fallback; not_evaluated,0,1,0,0,1,0,NaN,NaN,NaN,NaN,0.0103896,ok,quick,69,902160,1,192
close_coherent_pair,8,32,2,[-0.125 0.125],[0 0],1,1,0,0.25,0,0,0,0,single_peak_in_scope,1,0,0,1,0,1,[65 32 32],low_confidence,rejected,low,[],[],single/merged MUSIC peak with rank-1-like covariance; music evidence is too weak for coherent pair fallback; not_evaluated,0,1,0,0,1,0,NaN,NaN,NaN,NaN,0.0100372,ok,quick,70,902161,1,192
close_coherent_pair,8,32,2,[-0.125 0.125],[0 0],1,1,0,0.25,0,0,0,0,single_peak_in_scope,1,0,0,1,0,1,[65 32 32],low_confidence,rejected,low,[],[],single/merged MUSIC peak with rank-1-like covariance; music evidence is too weak for coherent pair fallback; not_evaluated,0,1,0,0,1,0,NaN,NaN,NaN,NaN,0.0101996,ok,quick,71,902162,1,192
close_coherent_pair,8,32,2,[-0.125 0.125],[0 0],1,1,0,0.25,0,0,0,0,single_peak_in_scope,1,0,0,1,0,1,[65 32 32],low_confidence,rejected,low,[],[],single/merged MUSIC peak with rank-1-like covariance; music evidence is too weak for coherent pair fallback; not_evaluated,0,1,0,0,1,0,NaN,NaN,NaN,NaN,0.009657,ok,quick,72,902163,1,192
close_coherent_pair,8,32,2,[-0.125 0.125],[0 0],1,1,0,0.25,0,0,0,0,single_peak_in_scope,1,0,0,1,0,1,[65 32 32],low_confidence,rejected,low,[],[],single/merged MUSIC peak with rank-1-like covariance; music evidence is too weak for coherent pair fallback; not_evaluated,0,1,0,0,1,0,NaN,NaN,NaN,NaN,0.0090886,ok,quick,73,902164,1,192
close_coherent_pair,8,32,2,[-0.125 0.125],[0 0],1,1,0,0.25,0,0,0,0,single_peak_in_scope,1,0,0,1,0,1,[65 32 32],low_confidence,rejected,low,[],[],single/merged MUSIC peak with rank-1-like covariance; music evidence is too weak for coherent pair fallback; not_evaluated,0,1,0,0,1,0,NaN,NaN,NaN,NaN,0.0097877,ok,quick,74,902165,1,192
close_coherent_pair,8,32,2,[-0.125 0.125],[0 0],1,1,0,0.25,0,0,0,0,single_peak_in_scope,1,0,0,1,0,1,[65 32 32],low_confidence,rejected,low,[],[],single/merged MUSIC peak with rank-1-like covariance; music evidence is too weak for coherent pair fallback; not_evaluated,0,1,0,0,1,0,NaN,NaN,NaN,NaN,0.0092679,ok,quick,75,902166,1,192
close_coherent_pair,8,32,2,[-0.125 0.125],[0 0],1,1,0,0.25,0,0,0,0,single_peak_in_scope,1,0,0,1,0,1,[65 32 32],low_confidence,rejected,low,[],[],single/merged MUSIC peak with rank-1-like covariance; music evidence is too weak for coherent pair fallback; not_evaluated,0,1,0,0,1,0,NaN,NaN,NaN,NaN,0.0104436,ok,quick,76,902167,1,192
close_coherent_pair,8,32,2,[-0.125 0.125],[0 0],1,1,0,0.25,0,0,0,0,single_peak_in_scope,1,0,0,1,0,1,[65 32 32],low_confidence,rejected,low,[],[],single/merged MUSIC peak with rank-1-like covariance; music evidence is too weak for coherent pair fallback; not_evaluated,0,1,0,0,1,0,NaN,NaN,NaN,NaN,0.0098744,ok,quick,77,902168,1,192
close_coherent_pair,8,32,2,[-0.125 0.125],[0 0],1,1,0,0.25,0,0,0,0,single_peak_in_scope,1,0,0,1,0,1,[65 32 32],low_confidence,rejected,low,[],[],single/merged MUSIC peak with rank-1-like covariance; music evidence is too weak for coherent pair fallback; not_evaluated,0,1,0,0,1,0,NaN,NaN,NaN,NaN,0.0104459,ok,quick,78,902169,1,192
close_coherent_pair,8,32,2,[-0.125 0.125],[0 0],1,1,0,0.25,0,0,0,0,single_peak_in_scope,1,0,0,1,0,1,[65 32 32],low_confidence,rejected,low,[],[],single/merged MUSIC peak with rank-1-like covariance; music evidence is too weak for coherent pair fallback; not_evaluated,0,1,0,0,1,0,NaN,NaN,NaN,NaN,0.016138,ok,quick,79,902170,1,192
close_coherent_pair,8,32,2,[-0.125 0.125],[0 0],1,1,0,0.25,0,0,0,0,single_peak_in_scope,1,0,0,1,0,1,[65 32 32],low_confidence,rejected,low,[],[],single/merged MUSIC peak with rank-1-like covariance; music evidence is too weak for coherent pair fallback; not_evaluated,0,1,0,0,1,0,NaN,NaN,NaN,NaN,0.0127727,ok,quick,80,902171,1,192
close_coherent_pair,8,32,2,[-0.125 0.125],[0 0],1,1,0,0.25,0,0,0,0,single_peak_in_scope,1,0,0,1,0,1,[65 32 32],low_confidence,rejected,low,[],[],single/merged MUSIC peak with rank-1-like covariance; music evidence is too weak for coherent pair fallback; not_evaluated,0,1,0,0,1,0,NaN,NaN,NaN,NaN,0.0100167,ok,quick,81,902172,1,192
close_coherent_pair,8,32,2,[-0.125 0.125],[0 0],1,1,0,0.25,0,0,0,0,single_peak_in_scope,1,0,0,1,0,1,[65 32 32],low_confidence,rejected,low,[],[],single/merged MUSIC peak with rank-1-like covariance; music evidence is too weak for coherent pair fallback; not_evaluated,0,1,0,0,1,0,NaN,NaN,NaN,NaN,0.0099186,ok,quick,82,902173,1,192
close_coherent_pair,8,32,2,[-0.125 0.125],[0 0],1,1,0,0.25,0,0,0,0,single_peak_in_scope,1,0,0,1,0,1,[65 32 32],low_confidence,rejected,low,[],[],single/merged MUSIC peak with rank-1-like covariance; music evidence is too weak for coherent pair fallback; not_evaluated,0,1,0,0,1,0,NaN,NaN,NaN,NaN,0.0101998,ok,quick,83,902174,1,192
close_coherent_pair,8,32,2,[-0.125 0.125],[0 0],1,1,0,0.25,0,0,0,0,single_peak_in_scope,1,0,0,1,0,1,[65 32 32],low_confidence,rejected,low,[],[],single/merged MUSIC peak with rank-1-like covariance; music evidence is too weak for coherent pair fallback; not_evaluated,0,1,0,0,1,0,NaN,NaN,NaN,NaN,0.0087588,ok,quick,84,902175,1,192
close_coherent_pair,8,32,2,[-0.125 0.125],[0 0],1,1,0,0.25,0,0,0,0,single_peak_in_scope,1,0,0,1,0,1,[65 32 32],low_confidence,rejected,low,[],[],single/merged MUSIC peak with rank-1-like covariance; music evidence is too weak for coherent pair fallback; not_evaluated,0,1,0,0,1,0,NaN,NaN,NaN,NaN,0.0102156,ok,quick,85,902176,1,192
close_coherent_pair,8,32,2,[-0.125 0.125],[0 0],1,1,0,0.25,0,0,0,0,single_peak_in_scope,1,0,0,1,0,1,[65 32 32],low_confidence,rejected,low,[],[],single/merged MUSIC peak with rank-1-like covariance; music evidence is too weak for coherent pair fallback; not_evaluated,0,1,0,0,1,0,NaN,NaN,NaN,NaN,0.0093393,ok,quick,86,902177,1,192
close_coherent_pair,8,32,2,[-0.125 0.125],[0 0],1,1,0,0.25,0,0,0,0,single_peak_in_scope,1,0,0,1,0,1,[65 32 32],low_confidence,rejected,low,[],[],single/merged MUSIC peak with rank-1-like covariance; music evidence is too weak for coherent pair fallback; not_evaluated,0,1,0,0,1,0,NaN,NaN,NaN,NaN,0.0111124,ok,quick,87,902178,1,192
close_coherent_pair,8,32,2,[-0.125 0.125],[0 0],1,1,0,0.25,0,0,0,0,single_peak_in_scope,1,0,0,1,0,1,[65 32 32],low_confidence,rejected,low,[],[],single/merged MUSIC peak with rank-1-like covariance; music evidence is too weak for coherent pair fallback; not_evaluated,0,1,0,0,1,0,NaN,NaN,NaN,NaN,0.010296,ok,quick,88,902179,1,192
close_coherent_pair,8,32,2,[-0.125 0.125],[0 0],1,1,0,0.25,0,0,0,0,single_peak_in_scope,1,0,0,1,0,1,[65 32 32],low_confidence,rejected,low,[],[],single/merged MUSIC peak with rank-1-like covariance; music evidence is too weak for coherent pair fallback; not_evaluated,0,1,0,0,1,0,NaN,NaN,NaN,NaN,0.010053,ok,quick,89,902180,1,192
close_coherent_pair,8,32,2,[-0.125 0.125],[0 0],1,1,0,0.25,0,0,0,0,single_peak_in_scope,1,0,0,1,0,1,[65 32 32],low_confidence,rejected,low,[],[],single/merged MUSIC peak with rank-1-like covariance; music evidence is too weak for coherent pair fallback; not_evaluated,0,1,0,0,1,0,NaN,NaN,NaN,NaN,0.0089711,ok,quick,90,902181,1,192
close_coherent_pair,8,32,2,[-0.2 0.2],[0 0],0.8,1,60,0.4,0,0,0,0,single_peak_in_scope,1,0,0,1,0,1,[65 32 32],low_confidence,rejected,low,[],[],single/merged MUSIC peak with rank-1-like covariance; music evidence is too weak for coherent pair fallback; not_evaluated,0,1,0,0,1,0,NaN,NaN,NaN,NaN,0.0102308,ok,quick,91,902182,1,192
close_coherent_pair,8,32,2,[-0.2 0.2],[0 0],0.8,1,60,0.4,0,0,0,0,single_peak_in_scope,1,0,0,1,0,1,[65 32 32],low_confidence,rejected,low,[],[],single/merged MUSIC peak with rank-1-like covariance; music evidence is too weak for coherent pair fallback; not_evaluated,0,1,0,0,1,0,NaN,NaN,NaN,NaN,0.0095837,ok,quick,92,902183,1,192
close_coherent_pair,8,32,2,[-0.2 0.2],[0 0],0.8,1,60,0.4,0,0,0,0,single_peak_in_scope,1,0,0,1,0,1,[65 32 32],low_confidence,rejected,low,[],[],single/merged MUSIC peak with rank-1-like covariance; music evidence is too weak for coherent pair fallback; not_evaluated,0,1,0,0,1,0,NaN,NaN,NaN,NaN,0.0088489,ok,quick,93,902184,1,192
close_coherent_pair,8,32,2,[-0.2 0.2],[0 0],0.8,1,60,0.4,0,0,0,0,single_peak_in_scope,1,0,0,1,0,1,[65 32 32],low_confidence,rejected,low,[],[],single/merged MUSIC peak with rank-1-like covariance; music evidence is too weak for coherent pair fallback; not_evaluated,0,1,0,0,1,0,NaN,NaN,NaN,NaN,0.0097756,ok,quick,94,902185,1,192
close_coherent_pair,8,32,2,[-0.2 0.2],[0 0],0.8,1,60,0.4,0,0,0,0,single_peak_in_scope,1,0,0,1,0,1,[65 32 32],low_confidence,rejected,low,[],[],single/merged MUSIC peak with rank-1-like covariance; music evidence is too weak for coherent pair fallback; not_evaluated,0,1,0,0,1,0,NaN,NaN,NaN,NaN,0.0092382,ok,quick,95,902186,1,192
close_coherent_pair,8,32,2,[-0.2 0.2],[0 0],0.8,1,60,0.4,0,0,0,0,single_peak_in_scope,1,0,0,1,0,1,[65 32 32],low_confidence,rejected,low,[],[],single/merged MUSIC peak with rank-1-like covariance; music evidence is too weak for coherent pair fallback; not_evaluated,0,1,0,0,1,0,NaN,NaN,NaN,NaN,0.0098806,ok,quick,96,902187,1,192
close_coherent_pair,8,32,2,[-0.2 0.2],[0 0],0.8,1,60,0.4,0,0,0,0,single_peak_in_scope,1,0,0,1,0,1,[65 32 32],low_confidence,rejected,low,[],[],single/merged MUSIC peak with rank-1-like covariance; music evidence is too weak for coherent pair fallback; not_evaluated,0,1,0,0,1,0,NaN,NaN,NaN,NaN,0.0097485,ok,quick,97,902188,1,192
close_coherent_pair,8,32,2,[-0.2 0.2],[0 0],0.8,1,60,0.4,0,0,0,0,single_peak_in_scope,1,0,0,1,0,1,[65 32 32],low_confidence,rejected,low,[],[],single/merged MUSIC peak with rank-1-like covariance; music evidence is too weak for coherent pair fallback; not_evaluated,0,1,0,0,1,0,NaN,NaN,NaN,NaN,0.0091432,ok,quick,98,902189,1,192
close_coherent_pair,8,32,2,[-0.2 0.2],[0 0],0.8,1,60,0.4,0,0,0,0,single_peak_in_scope,1,0,0,1,0,1,[65 32 32],low_confidence,rejected,low,[],[],single/merged MUSIC peak with rank-1-like covariance; music evidence is too weak for coherent pair fallback; not_evaluated,0,1,0,0,1,0,NaN,NaN,NaN,NaN,0.0094384,ok,quick,99,902190,1,192
close_coherent_pair,8,32,2,[-0.2 0.2],[0 0],0.8,1,60,0.4,0,0,0,0,single_peak_in_scope,1,0,0,1,0,1,[65 32 32],low_confidence,rejected,low,[],[],single/merged MUSIC peak with rank-1-like covariance; music evidence is too weak for coherent pair fallback; not_evaluated,0,1,0,0,1,0,NaN,NaN,NaN,NaN,0.0092706,ok,quick,100,902191,1,192
close_coherent_pair,8,32,2,[-0.2 0.2],[0 0],0.8,1,60,0.4,0,0,0,0,single_peak_in_scope,1,0,0,1,0,1,[65 32 32],low_confidence,rejected,low,[],[],single/merged MUSIC peak with rank-1-like covariance; music evidence is too weak for coherent pair fallback; not_evaluated,0,1,0,0,1,0,NaN,NaN,NaN,NaN,0.0093615,ok,quick,101,902192,1,192
close_coherent_pair,8,32,2,[-0.2 0.2],[0 0],0.8,1,60,0.4,0,0,0,0,single_peak_in_scope,1,0,0,1,0,1,[65 32 32],low_confidence,rejected,low,[],[],single/merged MUSIC peak with rank-1-like covariance; music evidence is too weak for coherent pair fallback; not_evaluated,0,1,0,0,1,0,NaN,NaN,NaN,NaN,0.0099255,ok,quick,102,902193,1,192
close_coherent_pair,8,32,2,[-0.2 0.2],[0 0],0.8,1,60,0.4,0,0,0,0,single_peak_in_scope,1,0,0,1,0,1,[65 32 32],low_confidence,rejected,low,[],[],single/merged MUSIC peak with rank-1-like covariance; music evidence is too weak for coherent pair fallback; not_evaluated,0,1,0,0,1,0,NaN,NaN,NaN,NaN,0.0097659,ok,quick,103,902194,1,192
close_coherent_pair,8,32,2,[-0.2 0.2],[0 0],0.8,1,60,0.4,0,0,0,0,single_peak_in_scope,1,0,0,1,0,1,[65 32 32],low_confidence,rejected,low,[],[],single/merged MUSIC peak with rank-1-like covariance; music evidence is too weak for coherent pair fallback; not_evaluated,0,1,0,0,1,0,NaN,NaN,NaN,NaN,0.0099145,ok,quick,104,902195,1,192
close_coherent_pair,8,32,2,[-0.2 0.2],[0 0],0.8,1,60,0.4,0,0,0,0,single_peak_in_scope,1,0,0,1,0,1,[65 32 32],low_confidence,rejected,low,[],[],single/merged MUSIC peak with rank-1-like covariance; music evidence is too weak for coherent pair fallback; not_evaluated,0,1,0,0,1,0,NaN,NaN,NaN,NaN,0.0084535,ok,quick,105,902196,1,192
close_coherent_pair,8,32,2,[-0.2 0.2],[0 0],0.8,1,60,0.4,0,0,0,0,single_peak_in_scope,1,0,0,1,0,1,[65 32 32],low_confidence,rejected,low,[],[],single/merged MUSIC peak with rank-1-like covariance; music evidence is too weak for coherent pair fallback; not_evaluated,0,1,0,0,1,0,NaN,NaN,NaN,NaN,0.0086114,ok,quick,106,902197,1,192
close_coherent_pair,8,32,2,[-0.2 0.2],[0 0],0.8,1,60,0.4,0,0,0,0,single_peak_in_scope,1,0,0,1,0,1,[65 32 32],low_confidence,rejected,low,[],[],single/merged MUSIC peak with rank-1-like covariance; music evidence is too weak for coherent pair fallback; not_evaluated,0,1,0,0,1,0,NaN,NaN,NaN,NaN,0.0093348,ok,quick,107,902198,1,192
close_coherent_pair,8,32,2,[-0.2 0.2],[0 0],0.8,1,60,0.4,0,0,0,0,single_peak_in_scope,1,0,0,1,0,1,[65 32 32],low_confidence,rejected,low,[],[],single/merged MUSIC peak with rank-1-like covariance; music evidence is too weak for coherent pair fallback; not_evaluated,0,1,0,0,1,0,NaN,NaN,NaN,NaN,0.0086391,ok,quick,108,902199,1,192
close_coherent_pair,8,32,2,[-0.2 0.2],[0 0],0.8,1,60,0.4,0,0,0,0,single_peak_in_scope,1,0,0,1,0,1,[65 32 32],low_confidence,rejected,low,[],[],single/merged MUSIC peak with rank-1-like covariance; music evidence is too weak for coherent pair fallback; not_evaluated,0,1,0,0,1,0,NaN,NaN,NaN,NaN,0.0089059,ok,quick,109,902200,1,192
close_coherent_pair,8,32,2,[-0.2 0.2],[0 0],0.8,1,60,0.4,0,0,0,0,single_peak_in_scope,1,0,0,1,0,1,[65 32 32],low_confidence,rejected,low,[],[],single/merged MUSIC peak with rank-1-like covariance; music evidence is too weak for coherent pair fallback; not_evaluated,0,1,0,0,1,0,NaN,NaN,NaN,NaN,0.0091085,ok,quick,110,902201,1,192
close_coherent_pair,8,32,2,[-0.2 0.2],[0 0],0.8,1,60,0.4,0,0,0,0,single_peak_in_scope,1,0,0,1,0,1,[65 32 32],low_confidence,rejected,low,[],[],single/merged MUSIC peak with rank-1-like covariance; music evidence is too weak for coherent pair fallback; not_evaluated,0,1,0,0,1,0,NaN,NaN,NaN,NaN,0.0088131,ok,quick,111,902202,1,192
close_coherent_pair,8,32,2,[-0.2 0.2],[0 0],0.8,1,60,0.4,0,0,0,0,single_peak_in_scope,1,0,0,1,0,1,[65 32 32],low_confidence,rejected,low,[],[],single/merged MUSIC peak with rank-1-like covariance; music evidence is too weak for coherent pair fallback; not_evaluated,0,1,0,0,1,0,NaN,NaN,NaN,NaN,0.0083832,ok,quick,112,902203,1,192
close_coherent_pair,8,32,2,[-0.2 0.2],[0 0],0.8,1,60,0.4,0,0,0,0,single_peak_in_scope,1,0,0,1,0,1,[65 32 32],low_confidence,rejected,low,[],[],single/merged MUSIC peak with rank-1-like covariance; music evidence is too weak for coherent pair fallback; not_evaluated,0,1,0,0,1,0,NaN,NaN,NaN,NaN,0.0086588,ok,quick,113,902204,1,192
close_coherent_pair,8,32,2,[-0.2 0.2],[0 0],0.8,1,60,0.4,0,0,0,0,single_peak_in_scope,1,0,0,1,0,1,[65 32 32],low_confidence,rejected,low,[],[],single/merged MUSIC peak with rank-1-like covariance; music evidence is too weak for coherent pair fallback; not_evaluated,0,1,0,0,1,0,NaN,NaN,NaN,NaN,0.0087836,ok,quick,114,902205,1,192
close_coherent_pair,8,32,2,[-0.2 0.2],[0 0],0.8,1,60,0.4,0,0,0,0,single_peak_in_scope,1,0,0,1,0,1,[65 32 32],low_confidence,rejected,low,[],[],single/merged MUSIC peak with rank-1-like covariance; music evidence is too weak for coherent pair fallback; not_evaluated,0,1,0,0,1,0,NaN,NaN,NaN,NaN,0.0093978,ok,quick,115,902206,1,192
close_coherent_pair,8,32,2,[-0.2 0.2],[0 0],0.8,1,60,0.4,0,0,0,0,single_peak_in_scope,1,0,0,1,0,1,[65 32 32],low_confidence,rejected,low,[],[],single/merged MUSIC peak with rank-1-like covariance; music evidence is too weak for coherent pair fallback; not_evaluated,0,1,0,0,1,0,NaN,NaN,NaN,NaN,0.0104256,ok,quick,116,902207,1,192
close_coherent_pair,8,32,2,[-0.2 0.2],[0 0],0.8,1,60,0.4,0,0,0,0,single_peak_in_scope,1,0,0,1,0,1,[65 32 32],low_confidence,rejected,low,[],[],single/merged MUSIC peak with rank-1-like covariance; music evidence is too weak for coherent pair fallback; not_evaluated,0,1,0,0,1,0,NaN,NaN,NaN,NaN,0.0088386,ok,quick,117,902208,1,192
close_coherent_pair,8,32,2,[-0.2 0.2],[0 0],0.8,1,60,0.4,0,0,0,0,single_peak_in_scope,1,0,0,1,0,1,[65 32 32],low_confidence,rejected,low,[],[],single/merged MUSIC peak with rank-1-like covariance; music evidence is too weak for coherent pair fallback; not_evaluated,0,1,0,0,1,0,NaN,NaN,NaN,NaN,0.0099209,ok,quick,118,902209,1,192
close_coherent_pair,8,32,2,[-0.2 0.2],[0 0],0.8,1,60,0.4,0,0,0,0,single_peak_in_scope,1,0,0,1,0,1,[65 32 32],low_confidence,rejected,low,[],[],single/merged MUSIC peak with rank-1-like covariance; music evidence is too weak for coherent pair fallback; not_evaluated,0,1,0,0,1,0,NaN,NaN,NaN,NaN,0.0093231,ok,quick,119,902210,1,192
close_coherent_pair,8,32,2,[-0.2 0.2],[0 0],0.8,1,60,0.4,0,0,0,0,single_peak_in_scope,1,0,0,1,0,1,[65 32 32],low_confidence,rejected,low,[],[],single/merged MUSIC peak with rank-1-like covariance; music evidence is too weak for coherent pair fallback; not_evaluated,0,1,0,0,1,0,NaN,NaN,NaN,NaN,0.0092723,ok,quick,120,902211,1,192
close_coherent_pair,8,32,2,[-0.3 0.3],[0 0],1,1,0,0.6,0,0,0,0,single_peak_in_scope,1,0,0,1,0,1,[65 32 32],low_confidence,rejected,low,[],[],single/merged MUSIC peak with rank-1-like covariance; music evidence is too weak for coherent pair fallback; not_evaluated,0,1,0,0,1,0,NaN,NaN,NaN,NaN,0.008864,ok,quick,121,902212,1,192
close_coherent_pair,8,32,2,[-0.3 0.3],[0 0],1,1,0,0.6,0,0,0,0,single_peak_in_scope,1,0,0,1,0,1,[65 32 32],low_confidence,rejected,low,[],[],single/merged MUSIC peak with rank-1-like covariance; music evidence is too weak for coherent pair fallback; not_evaluated,0,1,0,0,1,0,NaN,NaN,NaN,NaN,0.0094765,ok,quick,122,902213,1,192
close_coherent_pair,8,32,2,[-0.3 0.3],[0 0],1,1,0,0.6,0,0,0,0,single_peak_in_scope,1,0,0,1,0,1,[65 32 32],low_confidence,rejected,low,[],[],single/merged MUSIC peak with rank-1-like covariance; music evidence is too weak for coherent pair fallback; not_evaluated,0,1,0,0,1,0,NaN,NaN,NaN,NaN,0.0097467,ok,quick,123,902214,1,192
close_coherent_pair,8,32,2,[-0.3 0.3],[0 0],1,1,0,0.6,0,0,0,0,single_peak_in_scope,1,0,0,1,0,1,[65 32 32],low_confidence,rejected,low,[],[],single/merged MUSIC peak with rank-1-like covariance; music evidence is too weak for coherent pair fallback; not_evaluated,0,1,0,0,1,0,NaN,NaN,NaN,NaN,0.009715,ok,quick,124,902215,1,192
close_coherent_pair,8,32,2,[-0.3 0.3],[0 0],1,1,0,0.6,0,0,0,0,single_peak_in_scope,1,0,0,1,0,1,[65 32 32],low_confidence,rejected,low,[],[],single/merged MUSIC peak with rank-1-like covariance; music evidence is too weak for coherent pair fallback; not_evaluated,0,1,0,0,1,0,NaN,NaN,NaN,NaN,0.0098301,ok,quick,125,902216,1,192
close_coherent_pair,8,32,2,[-0.3 0.3],[0 0],1,1,0,0.6,0,0,0,0,single_peak_in_scope,1,0,0,1,0,1,[65 32 32],low_confidence,rejected,low,[],[],single/merged MUSIC peak with rank-1-like covariance; music evidence is too weak for coherent pair fallback; not_evaluated,0,1,0,0,1,0,NaN,NaN,NaN,NaN,0.0099735,ok,quick,126,902217,1,192
close_coherent_pair,8,32,2,[-0.3 0.3],[0 0],1,1,0,0.6,0,0,0,0,single_peak_in_scope,1,0,0,1,0,1,[65 32 32],low_confidence,rejected,low,[],[],single/merged MUSIC peak with rank-1-like covariance; music evidence is too weak for coherent pair fallback; not_evaluated,0,1,0,0,1,0,NaN,NaN,NaN,NaN,0.0088858,ok,quick,127,902218,1,192
close_coherent_pair,8,32,2,[-0.3 0.3],[0 0],1,1,0,0.6,0,0,0,0,single_peak_in_scope,1,0,0,1,0,1,[65 32 32],low_confidence,rejected,low,[],[],single/merged MUSIC peak with rank-1-like covariance; music evidence is too weak for coherent pair fallback; not_evaluated,0,1,0,0,1,0,NaN,NaN,NaN,NaN,0.0093463,ok,quick,128,902219,1,192
close_coherent_pair,8,32,2,[-0.3 0.3],[0 0],1,1,0,0.6,0,0,0,0,single_peak_in_scope,1,0,0,1,0,1,[65 32 32],low_confidence,rejected,low,[],[],single/merged MUSIC peak with rank-1-like covariance; music evidence is too weak for coherent pair fallback; not_evaluated,0,1,0,0,1,0,NaN,NaN,NaN,NaN,0.0088903,ok,quick,129,902220,1,192
close_coherent_pair,8,32,2,[-0.3 0.3],[0 0],1,1,0,0.6,0,0,0,0,single_peak_in_scope,1,0,0,1,0,1,[65 32 32],low_confidence,rejected,low,[],[],single/merged MUSIC peak with rank-1-like covariance; music evidence is too weak for coherent pair fallback; not_evaluated,0,1,0,0,1,0,NaN,NaN,NaN,NaN,0.0082046,ok,quick,130,902221,1,192
close_coherent_pair,8,32,2,[-0.3 0.3],[0 0],1,1,0,0.6,0,0,0,0,single_peak_in_scope,1,0,0,1,0,1,[65 32 32],low_confidence,rejected,low,[],[],single/merged MUSIC peak with rank-1-like covariance; music evidence is too weak for coherent pair fallback; not_evaluated,0,1,0,0,1,0,NaN,NaN,NaN,NaN,0.0097679,ok,quick,131,902222,1,192
close_coherent_pair,8,32,2,[-0.3 0.3],[0 0],1,1,0,0.6,0,0,0,0,single_peak_in_scope,1,0,0,1,0,1,[65 32 32],low_confidence,rejected,low,[],[],single/merged MUSIC peak with rank-1-like covariance; music evidence is too weak for coherent pair fallback; not_evaluated,0,1,0,0,1,0,NaN,NaN,NaN,NaN,0.0096451,ok,quick,132,902223,1,192
close_coherent_pair,8,32,2,[-0.3 0.3],[0 0],1,1,0,0.6,0,0,0,0,single_peak_in_scope,1,0,0,1,0,1,[65 32 32],low_confidence,rejected,low,[],[],single/merged MUSIC peak with rank-1-like covariance; music evidence is too weak for coherent pair fallback; not_evaluated,0,1,0,0,1,0,NaN,NaN,NaN,NaN,0.0084783,ok,quick,133,902224,1,192
close_coherent_pair,8,32,2,[-0.3 0.3],[0 0],1,1,0,0.6,0,0,0,0,single_peak_in_scope,1,0,0,1,0,1,[65 32 32],low_confidence,rejected,low,[],[],single/merged MUSIC peak with rank-1-like covariance; music evidence is too weak for coherent pair fallback; not_evaluated,0,1,0,0,1,0,NaN,NaN,NaN,NaN,0.0088709,ok,quick,134,902225,1,192
close_coherent_pair,8,32,2,[-0.3 0.3],[0 0],1,1,0,0.6,0,0,0,0,single_peak_in_scope,1,0,0,1,0,1,[65 32 32],low_confidence,rejected,low,[],[],single/merged MUSIC peak with rank-1-like covariance; music evidence is too weak for coherent pair fallback; not_evaluated,0,1,0,0,1,0,NaN,NaN,NaN,NaN,0.0084881,ok,quick,135,902226,1,192
close_coherent_pair,8,32,2,[-0.3 0.3],[0 0],1,1,0,0.6,0,0,0,0,single_peak_in_scope,1,0,0,1,0,1,[65 32 32],low_confidence,rejected,low,[],[],single/merged MUSIC peak with rank-1-like covariance; music evidence is too weak for coherent pair fallback; not_evaluated,0,1,0,0,1,0,NaN,NaN,NaN,NaN,0.0090433,ok,quick,136,902227,1,192
close_coherent_pair,8,32,2,[-0.3 0.3],[0 0],1,1,0,0.6,0,0,0,0,single_peak_in_scope,1,0,0,1,0,1,[65 32 32],low_confidence,rejected,low,[],[],single/merged MUSIC peak with rank-1-like covariance; music evidence is too weak for coherent pair fallback; not_evaluated,0,1,0,0,1,0,NaN,NaN,NaN,NaN,0.0086844,ok,quick,137,902228,1,192
close_coherent_pair,8,32,2,[-0.3 0.3],[0 0],1,1,0,0.6,0,0,0,0,single_peak_in_scope,1,0,0,1,0,1,[65 32 32],low_confidence,rejected,low,[],[],single/merged MUSIC peak with rank-1-like covariance; music evidence is too weak for coherent pair fallback; not_evaluated,0,1,0,0,1,0,NaN,NaN,NaN,NaN,0.0109581,ok,quick,138,902229,1,192
close_coherent_pair,8,32,2,[-0.3 0.3],[0 0],1,1,0,0.6,0,0,0,0,single_peak_in_scope,1,0,0,1,0,1,[65 32 32],low_confidence,rejected,low,[],[],single/merged MUSIC peak with rank-1-like covariance; music evidence is too weak for coherent pair fallback; not_evaluated,0,1,0,0,1,0,NaN,NaN,NaN,NaN,0.0101722,ok,quick,139,902230,1,192
close_coherent_pair,8,32,2,[-0.3 0.3],[0 0],1,1,0,0.6,0,0,0,0,single_peak_in_scope,1,0,0,1,0,1,[65 32 32],low_confidence,rejected,low,[],[],single/merged MUSIC peak with rank-1-like covariance; music evidence is too weak for coherent pair fallback; not_evaluated,0,1,0,0,1,0,NaN,NaN,NaN,NaN,0.0095008,ok,quick,140,902231,1,192
close_coherent_pair,8,32,2,[-0.3 0.3],[0 0],1,1,0,0.6,0,0,0,0,single_peak_in_scope,1,0,0,1,0,1,[65 32 32],low_confidence,rejected,low,[],[],single/merged MUSIC peak with rank-1-like covariance; music evidence is too weak for coherent pair fallback; not_evaluated,0,1,0,0,1,0,NaN,NaN,NaN,NaN,0.0096186,ok,quick,141,902232,1,192
close_coherent_pair,8,32,2,[-0.3 0.3],[0 0],1,1,0,0.6,0,0,0,0,single_peak_in_scope,1,0,0,1,0,1,[65 32 32],low_confidence,rejected,low,[],[],single/merged MUSIC peak with rank-1-like covariance; music evidence is too weak for coherent pair fallback; not_evaluated,0,1,0,0,1,0,NaN,NaN,NaN,NaN,0.0092937,ok,quick,142,902233,1,192
close_coherent_pair,8,32,2,[-0.3 0.3],[0 0],1,1,0,0.6,0,0,0,0,single_peak_in_scope,1,0,0,1,0,1,[65 32 32],low_confidence,rejected,low,[],[],single/merged MUSIC peak with rank-1-like covariance; music evidence is too weak for coherent pair fallback; not_evaluated,0,1,0,0,1,0,NaN,NaN,NaN,NaN,0.0088219,ok,quick,143,902234,1,192
close_coherent_pair,8,32,2,[-0.3 0.3],[0 0],1,1,0,0.6,0,0,0,0,single_peak_in_scope,1,0,0,1,0,1,[65 32 32],low_confidence,rejected,low,[],[],single/merged MUSIC peak with rank-1-like covariance; music evidence is too weak for coherent pair fallback; not_evaluated,0,1,0,0,1,0,NaN,NaN,NaN,NaN,0.0096642,ok,quick,144,902235,1,192
close_coherent_pair,8,32,2,[-0.3 0.3],[0 0],1,1,0,0.6,0,0,0,0,single_peak_in_scope,1,0,0,1,0,1,[65 32 32],low_confidence,rejected,low,[],[],single/merged MUSIC peak with rank-1-like covariance; music evidence is too weak for coherent pair fallback; not_evaluated,0,1,0,0,1,0,NaN,NaN,NaN,NaN,0.0093726,ok,quick,145,902236,1,192
close_coherent_pair,8,32,2,[-0.3 0.3],[0 0],1,1,0,0.6,0,0,0,0,single_peak_in_scope,1,0,0,1,0,1,[65 32 32],low_confidence,rejected,low,[],[],single/merged MUSIC peak with rank-1-like covariance; music evidence is too weak for coherent pair fallback; not_evaluated,0,1,0,0,1,0,NaN,NaN,NaN,NaN,0.0091797,ok,quick,146,902237,1,192
close_coherent_pair,8,32,2,[-0.3 0.3],[0 0],1,1,0,0.6,0,0,0,0,single_peak_in_scope,1,0,0,1,0,1,[65 32 32],low_confidence,rejected,low,[],[],single/merged MUSIC peak with rank-1-like covariance; music evidence is too weak for coherent pair fallback; not_evaluated,0,1,0,0,1,0,NaN,NaN,NaN,NaN,0.0085789,ok,quick,147,902238,1,192
close_coherent_pair,8,32,2,[-0.3 0.3],[0 0],1,1,0,0.6,0,0,0,0,single_peak_in_scope,1,0,0,1,0,1,[65 32 32],low_confidence,rejected,low,[],[],single/merged MUSIC peak with rank-1-like covariance; music evidence is too weak for coherent pair fallback; not_evaluated,0,1,0,0,1,0,NaN,NaN,NaN,NaN,0.0081073,ok,quick,148,902239,1,192
close_coherent_pair,8,32,2,[-0.3 0.3],[0 0],1,1,0,0.6,0,0,0,0,single_peak_in_scope,1,0,0,1,0,1,[65 32 32],low_confidence,rejected,low,[],[],single/merged MUSIC peak with rank-1-like covariance; music evidence is too weak for coherent pair fallback; not_evaluated,0,1,0,0,1,0,NaN,NaN,NaN,NaN,0.0089324,ok,quick,149,902240,1,192
close_coherent_pair,8,32,2,[-0.3 0.3],[0 0],1,1,0,0.6,0,0,0,0,single_peak_in_scope,1,0,0,1,0,1,[65 32 32],low_confidence,rejected,low,[],[],single/merged MUSIC peak with rank-1-like covariance; music evidence is too weak for coherent pair fallback; not_evaluated,0,1,0,0,1,0,NaN,NaN,NaN,NaN,0.0085157,ok,quick,150,902241,1,192
close_coherent_pair,8,32,2,[-0.4 0.4],[0 0],0.8,1,60,0.8,0,0,0,0,single_peak_in_scope,1,0,0,1,0,1,[65 32 32],low_confidence,rejected,low,[],[],single/merged MUSIC peak with rank-1-like covariance; music evidence is too weak for coherent pair fallback; not_evaluated,0,1,0,0,1,0,NaN,NaN,NaN,NaN,0.0085026,ok,quick,151,902242,1,192
close_coherent_pair,8,32,2,[-0.4 0.4],[0 0],0.8,1,60,0.8,0,0,0,0,single_peak_in_scope,1,0,0,1,0,1,[65 32 32],low_confidence,rejected,low,[],[],single/merged MUSIC peak with rank-1-like covariance; music evidence is too weak for coherent pair fallback; not_evaluated,0,1,0,0,1,0,NaN,NaN,NaN,NaN,0.0088206,ok,quick,152,902243,1,192
close_coherent_pair,8,32,2,[-0.4 0.4],[0 0],0.8,1,60,0.8,0,0,0,0,single_peak_in_scope,1,0,0,1,0,1,[65 32 32],low_confidence,rejected,low,[],[],single/merged MUSIC peak with rank-1-like covariance; music evidence is too weak for coherent pair fallback; not_evaluated,0,1,0,0,1,0,NaN,NaN,NaN,NaN,0.00908,ok,quick,153,902244,1,192
close_coherent_pair,8,32,2,[-0.4 0.4],[0 0],0.8,1,60,0.8,0,0,0,0,single_peak_in_scope,1,0,0,1,0,1,[65 32 32],low_confidence,rejected,low,[],[],single/merged MUSIC peak with rank-1-like covariance; music evidence is too weak for coherent pair fallback; not_evaluated,0,1,0,0,1,0,NaN,NaN,NaN,NaN,0.0088933,ok,quick,154,902245,1,192
close_coherent_pair,8,32,2,[-0.4 0.4],[0 0],0.8,1,60,0.8,0,0,0,0,single_peak_in_scope,1,0,0,1,0,1,[65 32 32],low_confidence,rejected,low,[],[],single/merged MUSIC peak with rank-1-like covariance; music evidence is too weak for coherent pair fallback; not_evaluated,0,1,0,0,1,0,NaN,NaN,NaN,NaN,0.0096679,ok,quick,155,902246,1,192
close_coherent_pair,8,32,2,[-0.4 0.4],[0 0],0.8,1,60,0.8,0,0,0,0,single_peak_in_scope,1,0,0,1,0,1,[65 32 32],low_confidence,rejected,low,[],[],single/merged MUSIC peak with rank-1-like covariance; music evidence is too weak for coherent pair fallback; not_evaluated,0,1,0,0,1,0,NaN,NaN,NaN,NaN,0.0099483,ok,quick,156,902247,1,192
close_coherent_pair,8,32,2,[-0.4 0.4],[0 0],0.8,1,60,0.8,0,0,0,0,single_peak_in_scope,1,0,0,1,0,1,[65 32 32],low_confidence,rejected,low,[],[],single/merged MUSIC peak with rank-1-like covariance; music evidence is too weak for coherent pair fallback; not_evaluated,0,1,0,0,1,0,NaN,NaN,NaN,NaN,0.0097894,ok,quick,157,902248,1,192
close_coherent_pair,8,32,2,[-0.4 0.4],[0 0],0.8,1,60,0.8,0,0,0,0,single_peak_in_scope,1,0,0,1,0,1,[65 32 32],low_confidence,rejected,low,[],[],single/merged MUSIC peak with rank-1-like covariance; music evidence is too weak for coherent pair fallback; not_evaluated,0,1,0,0,1,0,NaN,NaN,NaN,NaN,0.0088175,ok,quick,158,902249,1,192
close_coherent_pair,8,32,2,[-0.4 0.4],[0 0],0.8,1,60,0.8,0,0,0,0,single_peak_in_scope,1,0,0,1,0,1,[65 32 32],low_confidence,rejected,low,[],[],single/merged MUSIC peak with rank-1-like covariance; music evidence is too weak for coherent pair fallback; not_evaluated,0,1,0,0,1,0,NaN,NaN,NaN,NaN,0.0091713,ok,quick,159,902250,1,192
close_coherent_pair,8,32,2,[-0.4 0.4],[0 0],0.8,1,60,0.8,0,0,0,0,single_peak_in_scope,1,0,0,1,0,1,[65 32 32],low_confidence,rejected,low,[],[],single/merged MUSIC peak with rank-1-like covariance; music evidence is too weak for coherent pair fallback; not_evaluated,0,1,0,0,1,0,NaN,NaN,NaN,NaN,0.0092417,ok,quick,160,902251,1,192
close_coherent_pair,8,32,2,[-0.4 0.4],[0 0],0.8,1,60,0.8,0,0,0,0,single_peak_in_scope,1,0,0,1,0,1,[65 32 32],low_confidence,rejected,low,[],[],single/merged MUSIC peak with rank-1-like covariance; music evidence is too weak for coherent pair fallback; not_evaluated,0,1,0,0,1,0,NaN,NaN,NaN,NaN,0.009944,ok,quick,161,902252,1,192
close_coherent_pair,8,32,2,[-0.4 0.4],[0 0],0.8,1,60,0.8,0,0,0,0,single_peak_in_scope,1,0,0,1,0,1,[65 32 32],low_confidence,rejected,low,[],[],single/merged MUSIC peak with rank-1-like covariance; music evidence is too weak for coherent pair fallback; not_evaluated,0,1,0,0,1,0,NaN,NaN,NaN,NaN,0.0096421,ok,quick,162,902253,1,192
close_coherent_pair,8,32,2,[-0.4 0.4],[0 0],0.8,1,60,0.8,0,0,0,0,single_peak_in_scope,1,0,0,1,0,1,[65 32 32],low_confidence,rejected,low,[],[],single/merged MUSIC peak with rank-1-like covariance; music evidence is too weak for coherent pair fallback; not_evaluated,0,1,0,0,1,0,NaN,NaN,NaN,NaN,0.0088574,ok,quick,163,902254,1,192
close_coherent_pair,8,32,2,[-0.4 0.4],[0 0],0.8,1,60,0.8,0,0,0,0,single_peak_in_scope,1,0,0,1,0,1,[65 32 32],low_confidence,rejected,low,[],[],single/merged MUSIC peak with rank-1-like covariance; music evidence is too weak for coherent pair fallback; not_evaluated,0,1,0,0,1,0,NaN,NaN,NaN,NaN,0.0091894,ok,quick,164,902255,1,192
close_coherent_pair,8,32,2,[-0.4 0.4],[0 0],0.8,1,60,0.8,0,0,0,0,single_peak_in_scope,1,0,0,1,0,1,[65 32 32],low_confidence,rejected,low,[],[],single/merged MUSIC peak with rank-1-like covariance; music evidence is too weak for coherent pair fallback; not_evaluated,0,1,0,0,1,0,NaN,NaN,NaN,NaN,0.0088597,ok,quick,165,902256,1,192
close_coherent_pair,8,32,2,[-0.4 0.4],[0 0],0.8,1,60,0.8,0,0,0,0,single_peak_in_scope,1,0,0,1,0,1,[65 32 32],low_confidence,rejected,low,[],[],single/merged MUSIC peak with rank-1-like covariance; music evidence is too weak for coherent pair fallback; not_evaluated,0,1,0,0,1,0,NaN,NaN,NaN,NaN,0.0080612,ok,quick,166,902257,1,192
close_coherent_pair,8,32,2,[-0.4 0.4],[0 0],0.8,1,60,0.8,0,0,0,0,single_peak_in_scope,1,0,0,1,0,1,[65 32 32],low_confidence,rejected,low,[],[],single/merged MUSIC peak with rank-1-like covariance; music evidence is too weak for coherent pair fallback; not_evaluated,0,1,0,0,1,0,NaN,NaN,NaN,NaN,0.00882,ok,quick,167,902258,1,192
close_coherent_pair,8,32,2,[-0.4 0.4],[0 0],0.8,1,60,0.8,0,0,0,0,single_peak_in_scope,1,0,0,1,0,1,[65 32 32],low_confidence,rejected,low,[],[],single/merged MUSIC peak with rank-1-like covariance; music evidence is too weak for coherent pair fallback; not_evaluated,0,1,0,0,1,0,NaN,NaN,NaN,NaN,0.0089093,ok,quick,168,902259,1,192
close_coherent_pair,8,32,2,[-0.4 0.4],[0 0],0.8,1,60,0.8,0,0,0,0,single_peak_in_scope,1,0,0,1,0,1,[65 32 32],low_confidence,rejected,low,[],[],single/merged MUSIC peak with rank-1-like covariance; music evidence is too weak for coherent pair fallback; not_evaluated,0,1,0,0,1,0,NaN,NaN,NaN,NaN,0.0093373,ok,quick,169,902260,1,192
close_coherent_pair,8,32,2,[-0.4 0.4],[0 0],0.8,1,60,0.8,0,0,0,0,single_peak_in_scope,1,0,0,1,0,1,[65 32 32],low_confidence,rejected,low,[],[],single/merged MUSIC peak with rank-1-like covariance; music evidence is too weak for coherent pair fallback; not_evaluated,0,1,0,0,1,0,NaN,NaN,NaN,NaN,0.0092072,ok,quick,170,902261,1,192
close_coherent_pair,8,32,2,[-0.4 0.4],[0 0],0.8,1,60,0.8,0,0,0,0,single_peak_in_scope,1,0,0,1,0,1,[65 32 32],low_confidence,rejected,low,[],[],single/merged MUSIC peak with rank-1-like covariance; music evidence is too weak for coherent pair fallback; not_evaluated,0,1,0,0,1,0,NaN,NaN,NaN,NaN,0.0099611,ok,quick,171,902262,1,192
close_coherent_pair,8,32,2,[-0.4 0.4],[0 0],0.8,1,60,0.8,0,0,0,0,single_peak_in_scope,1,0,0,1,0,1,[65 32 32],low_confidence,rejected,low,[],[],single/merged MUSIC peak with rank-1-like covariance; music evidence is too weak for coherent pair fallback; not_evaluated,0,1,0,0,1,0,NaN,NaN,NaN,NaN,0.0094944,ok,quick,172,902263,1,192
close_coherent_pair,8,32,2,[-0.4 0.4],[0 0],0.8,1,60,0.8,0,0,0,0,single_peak_in_scope,1,0,0,1,0,1,[65 32 32],low_confidence,rejected,low,[],[],single/merged MUSIC peak with rank-1-like covariance; music evidence is too weak for coherent pair fallback; not_evaluated,0,1,0,0,1,0,NaN,NaN,NaN,NaN,0.0104047,ok,quick,173,902264,1,192
close_coherent_pair,8,32,2,[-0.4 0.4],[0 0],0.8,1,60,0.8,0,0,0,0,single_peak_in_scope,1,0,0,1,0,1,[65 32 32],low_confidence,rejected,low,[],[],single/merged MUSIC peak with rank-1-like covariance; music evidence is too weak for coherent pair fallback; not_evaluated,0,1,0,0,1,0,NaN,NaN,NaN,NaN,0.011032,ok,quick,174,902265,1,192
close_coherent_pair,8,32,2,[-0.4 0.4],[0 0],0.8,1,60,0.8,0,0,0,0,single_peak_in_scope,1,0,0,1,0,1,[65 32 32],low_confidence,rejected,low,[],[],single/merged MUSIC peak with rank-1-like covariance; music evidence is too weak for coherent pair fallback; not_evaluated,0,1,0,0,1,0,NaN,NaN,NaN,NaN,0.0097947,ok,quick,175,902266,1,192
close_coherent_pair,8,32,2,[-0.4 0.4],[0 0],0.8,1,60,0.8,0,0,0,0,single_peak_in_scope,1,0,0,1,0,1,[65 32 32],low_confidence,rejected,low,[],[],single/merged MUSIC peak with rank-1-like covariance; music evidence is too weak for coherent pair fallback; not_evaluated,0,1,0,0,1,0,NaN,NaN,NaN,NaN,0.0096784,ok,quick,176,902267,1,192
close_coherent_pair,8,32,2,[-0.4 0.4],[0 0],0.8,1,60,0.8,0,0,0,0,single_peak_in_scope,1,0,0,1,0,1,[65 32 32],low_confidence,rejected,low,[],[],single/merged MUSIC peak with rank-1-like covariance; music evidence is too weak for coherent pair fallback; not_evaluated,0,1,0,0,1,0,NaN,NaN,NaN,NaN,0.0093022,ok,quick,177,902268,1,192
close_coherent_pair,8,32,2,[-0.4 0.4],[0 0],0.8,1,60,0.8,0,0,0,0,single_peak_in_scope,1,0,0,1,0,1,[65 32 32],low_confidence,rejected,low,[],[],single/merged MUSIC peak with rank-1-like covariance; music evidence is too weak for coherent pair fallback; not_evaluated,0,1,0,0,1,0,NaN,NaN,NaN,NaN,0.0084306,ok,quick,178,902269,1,192
close_coherent_pair,8,32,2,[-0.4 0.4],[0 0],0.8,1,60,0.8,0,0,0,0,single_peak_in_scope,1,0,0,1,0,1,[65 32 32],low_confidence,rejected,low,[],[],single/merged MUSIC peak with rank-1-like covariance; music evidence is too weak for coherent pair fallback; not_evaluated,0,1,0,0,1,0,NaN,NaN,NaN,NaN,0.0084422,ok,quick,179,902270,1,192
close_coherent_pair,8,32,2,[-0.4 0.4],[0 0],0.8,1,60,0.8,0,0,0,0,single_peak_in_scope,1,0,0,1,0,1,[65 32 32],low_confidence,rejected,low,[],[],single/merged MUSIC peak with rank-1-like covariance; music evidence is too weak for coherent pair fallback; not_evaluated,0,1,0,0,1,0,NaN,NaN,NaN,NaN,0.0091325,ok,quick,180,902271,1,192
close_coherent_pair,8,32,2,[-0.5 0.5],[0 0],1,1,0,1,0,0,0,0,single_peak_in_scope,1,0,0,1,0,1,[65 32 32],low_confidence,rejected,low,[],[],single/merged MUSIC peak with rank-1-like covariance; music evidence is too weak for coherent pair fallback; not_evaluated,0,1,0,0,1,0,NaN,NaN,NaN,NaN,0.0091258,ok,quick,181,902272,1,192
close_coherent_pair,8,32,2,[-0.5 0.5],[0 0],1,1,0,1,0,0,0,0,single_peak_in_scope,1,0,0,1,0,1,[65 32 32],low_confidence,rejected,low,[],[],single/merged MUSIC peak with rank-1-like covariance; music evidence is too weak for coherent pair fallback; not_evaluated,0,1,0,0,1,0,NaN,NaN,NaN,NaN,0.0105135,ok,quick,182,902273,1,192
close_coherent_pair,8,32,2,[-0.5 0.5],[0 0],1,1,0,1,0,0,0,0,single_peak_in_scope,1,0,0,1,0,1,[65 32 32],low_confidence,rejected,low,[],[],single/merged MUSIC peak with rank-1-like covariance; music evidence is too weak for coherent pair fallback; not_evaluated,0,1,0,0,1,0,NaN,NaN,NaN,NaN,0.0090792,ok,quick,183,902274,1,192
close_coherent_pair,8,32,2,[-0.5 0.5],[0 0],1,1,0,1,0,0,0,0,single_peak_in_scope,1,0,0,1,0,1,[65 32 32],low_confidence,rejected,low,[],[],single/merged MUSIC peak with rank-1-like covariance; music evidence is too weak for coherent pair fallback; not_evaluated,0,1,0,0,1,0,NaN,NaN,NaN,NaN,0.0099576,ok,quick,184,902275,1,192
close_coherent_pair,8,32,2,[-0.5 0.5],[0 0],1,1,0,1,0,0,0,0,single_peak_in_scope,1,0,0,1,0,1,[65 32 32],low_confidence,rejected,low,[],[],single/merged MUSIC peak with rank-1-like covariance; music evidence is too weak for coherent pair fallback; not_evaluated,0,1,0,0,1,0,NaN,NaN,NaN,NaN,0.00922,ok,quick,185,902276,1,192
close_coherent_pair,8,32,2,[-0.5 0.5],[0 0],1,1,0,1,0,0,0,0,single_peak_in_scope,1,0,0,1,0,1,[65 32 32],low_confidence,rejected,low,[],[],single/merged MUSIC peak with rank-1-like covariance; music evidence is too weak for coherent pair fallback; not_evaluated,0,1,0,0,1,0,NaN,NaN,NaN,NaN,0.0086821,ok,quick,186,902277,1,192
close_coherent_pair,8,32,2,[-0.5 0.5],[0 0],1,1,0,1,0,0,0,0,single_peak_in_scope,1,0,0,1,0,1,[65 32 32],low_confidence,rejected,low,[],[],single/merged MUSIC peak with rank-1-like covariance; music evidence is too weak for coherent pair fallback; not_evaluated,0,1,0,0,1,0,NaN,NaN,NaN,NaN,0.0096995,ok,quick,187,902278,1,192
close_coherent_pair,8,32,2,[-0.5 0.5],[0 0],1,1,0,1,0,0,0,0,single_peak_in_scope,1,0,0,1,0,1,[65 32 32],low_confidence,rejected,low,[],[],single/merged MUSIC peak with rank-1-like covariance; music evidence is too weak for coherent pair fallback; not_evaluated,0,1,0,0,1,0,NaN,NaN,NaN,NaN,0.0092155,ok,quick,188,902279,1,192
close_coherent_pair,8,32,2,[-0.5 0.5],[0 0],1,1,0,1,0,0,0,0,single_peak_in_scope,1,0,0,1,0,1,[65 32 32],low_confidence,rejected,low,[],[],single/merged MUSIC peak with rank-1-like covariance; music evidence is too weak for coherent pair fallback; not_evaluated,0,1,0,0,1,0,NaN,NaN,NaN,NaN,0.009975,ok,quick,189,902280,1,192
close_coherent_pair,8,32,2,[-0.5 0.5],[0 0],1,1,0,1,0,0,0,0,single_peak_in_scope,1,0,0,1,0,1,[65 32 32],low_confidence,rejected,low,[],[],single/merged MUSIC peak with rank-1-like covariance; music evidence is too weak for coherent pair fallback; not_evaluated,0,1,0,0,1,0,NaN,NaN,NaN,NaN,0.0099486,ok,quick,190,902281,1,192
close_coherent_pair,8,32,2,[-0.5 0.5],[0 0],1,1,0,1,0,0,0,0,single_peak_in_scope,1,0,0,1,0,1,[65 32 32],low_confidence,rejected,low,[],[],single/merged MUSIC peak with rank-1-like covariance; music evidence is too weak for coherent pair fallback; not_evaluated,0,1,0,0,1,0,NaN,NaN,NaN,NaN,0.0098826,ok,quick,191,902282,1,192
close_coherent_pair,8,32,2,[-0.5 0.5],[0 0],1,1,0,1,0,0,0,0,single_peak_in_scope,1,0,0,1,0,1,[65 32 32],low_confidence,rejected,low,[],[],single/merged MUSIC peak with rank-1-like covariance; music evidence is too weak for coherent pair fallback; not_evaluated,0,1,0,0,1,0,NaN,NaN,NaN,NaN,0.009078,ok,quick,192,902283,1,192
close_coherent_pair,8,32,2,[-0.5 0.5],[0 0],1,1,0,1,0,0,0,0,single_peak_in_scope,1,0,0,1,0,1,[65 32 32],low_confidence,rejected,low,[],[],single/merged MUSIC peak with rank-1-like covariance; music evidence is too weak for coherent pair fallback; not_evaluated,0,1,0,0,1,0,NaN,NaN,NaN,NaN,0.0089756,ok,quick,193,902284,1,192
close_coherent_pair,8,32,2,[-0.5 0.5],[0 0],1,1,0,1,0,0,0,0,single_peak_in_scope,1,0,0,1,0,1,[65 32 32],low_confidence,rejected,low,[],[],single/merged MUSIC peak with rank-1-like covariance; music evidence is too weak for coherent pair fallback; not_evaluated,0,1,0,0,1,0,NaN,NaN,NaN,NaN,0.0093897,ok,quick,194,902285,1,192
close_coherent_pair,8,32,2,[-0.5 0.5],[0 0],1,1,0,1,0,0,0,0,single_peak_in_scope,1,0,0,1,0,1,[65 32 32],low_confidence,rejected,low,[],[],single/merged MUSIC peak with rank-1-like covariance; music evidence is too weak for coherent pair fallback; not_evaluated,0,1,0,0,1,0,NaN,NaN,NaN,NaN,0.0091176,ok,quick,195,902286,1,192
close_coherent_pair,8,32,2,[-0.5 0.5],[0 0],1,1,0,1,0,0,0,0,single_peak_in_scope,1,0,0,1,0,1,[65 32 32],low_confidence,rejected,low,[],[],single/merged MUSIC peak with rank-1-like covariance; music evidence is too weak for coherent pair fallback; not_evaluated,0,1,0,0,1,0,NaN,NaN,NaN,NaN,0.0107405,ok,quick,196,902287,1,192
close_coherent_pair,8,32,2,[-0.5 0.5],[0 0],1,1,0,1,0,0,0,0,single_peak_in_scope,1,0,0,1,0,1,[65 32 32],low_confidence,rejected,low,[],[],single/merged MUSIC peak with rank-1-like covariance; music evidence is too weak for coherent pair fallback; not_evaluated,0,1,0,0,1,0,NaN,NaN,NaN,NaN,0.0096411,ok,quick,197,902288,1,192
close_coherent_pair,8,32,2,[-0.5 0.5],[0 0],1,1,0,1,0,0,0,0,single_peak_in_scope,1,0,0,1,0,1,[65 32 32],low_confidence,rejected,low,[],[],single/merged MUSIC peak with rank-1-like covariance; music evidence is too weak for coherent pair fallback; not_evaluated,0,1,0,0,1,0,NaN,NaN,NaN,NaN,0.0088346,ok,quick,198,902289,1,192
close_coherent_pair,8,32,2,[-0.5 0.5],[0 0],1,1,0,1,0,0,0,0,single_peak_in_scope,1,0,0,1,0,1,[65 32 32],low_confidence,rejected,low,[],[],single/merged MUSIC peak with rank-1-like covariance; music evidence is too weak for coherent pair fallback; not_evaluated,0,1,0,0,1,0,NaN,NaN,NaN,NaN,0.0099153,ok,quick,199,902290,1,192
close_coherent_pair,8,32,2,[-0.5 0.5],[0 0],1,1,0,1,0,0,0,0,single_peak_in_scope,1,0,0,1,0,1,[65 32 32],low_confidence,rejected,low,[],[],single/merged MUSIC peak with rank-1-like covariance; music evidence is too weak for coherent pair fallback; not_evaluated,0,1,0,0,1,0,NaN,NaN,NaN,NaN,0.0091573,ok,quick,200,902291,1,192
close_coherent_pair,8,32,2,[-0.5 0.5],[0 0],1,1,0,1,0,0,0,0,single_peak_in_scope,1,0,0,1,0,1,[65 32 32],low_confidence,rejected,low,[],[],single/merged MUSIC peak with rank-1-like covariance; music evidence is too weak for coherent pair fallback; not_evaluated,0,1,0,0,1,0,NaN,NaN,NaN,NaN,0.0093808,ok,quick,201,902292,1,192
close_coherent_pair,8,32,2,[-0.5 0.5],[0 0],1,1,0,1,0,0,0,0,single_peak_in_scope,1,0,0,1,0,1,[65 32 32],low_confidence,rejected,low,[],[],single/merged MUSIC peak with rank-1-like covariance; music evidence is too weak for coherent pair fallback; not_evaluated,0,1,0,0,1,0,NaN,NaN,NaN,NaN,0.0101115,ok,quick,202,902293,1,192
close_coherent_pair,8,32,2,[-0.5 0.5],[0 0],1,1,0,1,0,0,0,0,single_peak_in_scope,1,0,0,1,0,1,[65 32 32],low_confidence,rejected,low,[],[],single/merged MUSIC peak with rank-1-like covariance; music evidence is too weak for coherent pair fallback; not_evaluated,0,1,0,0,1,0,NaN,NaN,NaN,NaN,0.009161,ok,quick,203,902294,1,192
close_coherent_pair,8,32,2,[-0.5 0.5],[0 0],1,1,0,1,0,0,0,0,single_peak_in_scope,1,0,0,1,0,1,[65 32 32],low_confidence,rejected,low,[],[],single/merged MUSIC peak with rank-1-like covariance; music evidence is too weak for coherent pair fallback; not_evaluated,0,1,0,0,1,0,NaN,NaN,NaN,NaN,0.0093302,ok,quick,204,902295,1,192
close_coherent_pair,8,32,2,[-0.5 0.5],[0 0],1,1,0,1,0,0,0,0,single_peak_in_scope,1,0,0,1,0,1,[65 32 32],low_confidence,rejected,low,[],[],single/merged MUSIC peak with rank-1-like covariance; music evidence is too weak for coherent pair fallback; not_evaluated,0,1,0,0,1,0,NaN,NaN,NaN,NaN,0.010279,ok,quick,205,902296,1,192
close_coherent_pair,8,32,2,[-0.5 0.5],[0 0],1,1,0,1,0,0,0,0,single_peak_in_scope,1,0,0,1,0,1,[65 32 32],low_confidence,rejected,low,[],[],single/merged MUSIC peak with rank-1-like covariance; music evidence is too weak for coherent pair fallback; not_evaluated,0,1,0,0,1,0,NaN,NaN,NaN,NaN,0.0103576,ok,quick,206,902297,1,192
close_coherent_pair,8,32,2,[-0.5 0.5],[0 0],1,1,0,1,0,0,0,0,single_peak_in_scope,1,0,0,1,0,1,[65 32 32],low_confidence,rejected,low,[],[],single/merged MUSIC peak with rank-1-like covariance; music evidence is too weak for coherent pair fallback; not_evaluated,0,1,0,0,1,0,NaN,NaN,NaN,NaN,0.0106008,ok,quick,207,902298,1,192
close_coherent_pair,8,32,2,[-0.5 0.5],[0 0],1,1,0,1,0,0,0,0,single_peak_in_scope,1,0,0,1,0,1,[65 32 32],low_confidence,rejected,low,[],[],single/merged MUSIC peak with rank-1-like covariance; music evidence is too weak for coherent pair fallback; not_evaluated,0,1,0,0,1,0,NaN,NaN,NaN,NaN,0.0094082,ok,quick,208,902299,1,192
close_coherent_pair,8,32,2,[-0.5 0.5],[0 0],1,1,0,1,0,0,0,0,single_peak_in_scope,1,0,0,1,0,1,[65 32 32],low_confidence,rejected,low,[],[],single/merged MUSIC peak with rank-1-like covariance; music evidence is too weak for coherent pair fallback; not_evaluated,0,1,0,0,1,0,NaN,NaN,NaN,NaN,0.0089461,ok,quick,209,902300,1,192
close_coherent_pair,8,32,2,[-0.5 0.5],[0 0],1,1,0,1,0,0,0,0,single_peak_in_scope,1,0,0,1,0,1,[65 32 32],low_confidence,rejected,low,[],[],single/merged MUSIC peak with rank-1-like covariance; music evidence is too weak for coherent pair fallback; not_evaluated,0,1,0,0,1,0,NaN,NaN,NaN,NaN,0.0119252,ok,quick,210,902301,1,192
medium_beta_pair,8,32,2,[-0.25 0.25],[0 0],0.8,1,0,0.5,0,0,0,0,single_peak_in_scope,1,0,0,1,0,1,[65 32 32],low_confidence,rejected,low,[],[],single/merged MUSIC peak with rank-1-like covariance; music evidence is too weak for coherent pair fallback; not_evaluated,0,1,0,0,1,0,NaN,NaN,NaN,NaN,0.0109019,ok,quick,211,902302,1,192
medium_beta_pair,8,32,2,[-0.25 0.25],[0 0],0.8,1,0,0.5,0,0,0,0,single_peak_in_scope,1,0,0,1,0,1,[65 32 32],low_confidence,rejected,low,[],[],single/merged MUSIC peak with rank-1-like covariance; music evidence is too weak for coherent pair fallback; not_evaluated,0,1,0,0,1,0,NaN,NaN,NaN,NaN,0.0097412,ok,quick,212,902303,1,192
medium_beta_pair,8,32,2,[-0.25 0.25],[0 0],0.8,1,0,0.5,0,0,0,0,single_peak_in_scope,1,0,0,1,0,1,[65 32 32],low_confidence,rejected,low,[],[],single/merged MUSIC peak with rank-1-like covariance; music evidence is too weak for coherent pair fallback; not_evaluated,0,1,0,0,1,0,NaN,NaN,NaN,NaN,0.009312,ok,quick,213,902304,1,192
medium_beta_pair,8,32,2,[-0.25 0.25],[0 0],0.8,1,0,0.5,0,0,0,0,single_peak_in_scope,1,0,0,1,0,1,[65 32 32],low_confidence,rejected,low,[],[],single/merged MUSIC peak with rank-1-like covariance; music evidence is too weak for coherent pair fallback; not_evaluated,0,1,0,0,1,0,NaN,NaN,NaN,NaN,0.0107439,ok,quick,214,902305,1,192
medium_beta_pair,8,32,2,[-0.25 0.25],[0 0],0.8,1,0,0.5,0,0,0,0,single_peak_in_scope,1,0,0,1,0,1,[65 32 32],low_confidence,rejected,low,[],[],single/merged MUSIC peak with rank-1-like covariance; music evidence is too weak for coherent pair fallback; not_evaluated,0,1,0,0,1,0,NaN,NaN,NaN,NaN,0.0108675,ok,quick,215,902306,1,192
medium_beta_pair,8,32,2,[-0.25 0.25],[0 0],0.8,1,0,0.5,0,0,0,0,single_peak_in_scope,1,0,0,1,0,1,[65 32 32],low_confidence,rejected,low,[],[],single/merged MUSIC peak with rank-1-like covariance; music evidence is too weak for coherent pair fallback; not_evaluated,0,1,0,0,1,0,NaN,NaN,NaN,NaN,0.0087356,ok,quick,216,902307,1,192
medium_beta_pair,8,32,2,[-0.25 0.25],[0 0],0.8,1,0,0.5,0,0,0,0,single_peak_in_scope,1,0,0,1,0,1,[65 32 32],low_confidence,rejected,low,[],[],single/merged MUSIC peak with rank-1-like covariance; music evidence is too weak for coherent pair fallback; not_evaluated,0,1,0,0,1,0,NaN,NaN,NaN,NaN,0.0103384,ok,quick,217,902308,1,192
medium_beta_pair,8,32,2,[-0.25 0.25],[0 0],0.8,1,0,0.5,0,0,0,0,single_peak_in_scope,1,0,0,1,0,1,[65 32 32],low_confidence,rejected,low,[],[],single/merged MUSIC peak with rank-1-like covariance; music evidence is too weak for coherent pair fallback; not_evaluated,0,1,0,0,1,0,NaN,NaN,NaN,NaN,0.0093239,ok,quick,218,902309,1,192
medium_beta_pair,8,32,2,[-0.25 0.25],[0 0],0.8,1,0,0.5,0,0,0,0,single_peak_in_scope,1,0,0,1,0,1,[65 32 32],low_confidence,rejected,low,[],[],single/merged MUSIC peak with rank-1-like covariance; music evidence is too weak for coherent pair fallback; not_evaluated,0,1,0,0,1,0,NaN,NaN,NaN,NaN,0.0096628,ok,quick,219,902310,1,192
medium_beta_pair,8,32,2,[-0.25 0.25],[0 0],0.8,1,0,0.5,0,0,0,0,single_peak_in_scope,1,0,0,1,0,1,[65 32 32],low_confidence,rejected,low,[],[],single/merged MUSIC peak with rank-1-like covariance; music evidence is too weak for coherent pair fallback; not_evaluated,0,1,0,0,1,0,NaN,NaN,NaN,NaN,0.0101603,ok,quick,220,902311,1,192
medium_beta_pair,8,32,2,[-0.25 0.25],[0 0],0.8,1,0,0.5,0,0,0,0,single_peak_in_scope,1,0,0,1,0,1,[65 32 32],low_confidence,rejected,low,[],[],single/merged MUSIC peak with rank-1-like covariance; music evidence is too weak for coherent pair fallback; not_evaluated,0,1,0,0,1,0,NaN,NaN,NaN,NaN,0.0104981,ok,quick,221,902312,1,192
medium_beta_pair,8,32,2,[-0.25 0.25],[0 0],0.8,1,0,0.5,0,0,0,0,single_peak_in_scope,1,0,0,1,0,1,[65 32 32],low_confidence,rejected,low,[],[],single/merged MUSIC peak with rank-1-like covariance; music evidence is too weak for coherent pair fallback; not_evaluated,0,1,0,0,1,0,NaN,NaN,NaN,NaN,0.009721,ok,quick,222,902313,1,192
medium_beta_pair,8,32,2,[-0.25 0.25],[0 0],0.8,1,0,0.5,0,0,0,0,single_peak_in_scope,1,0,0,1,0,1,[65 32 32],low_confidence,rejected,low,[],[],single/merged MUSIC peak with rank-1-like covariance; music evidence is too weak for coherent pair fallback; not_evaluated,0,1,0,0,1,0,NaN,NaN,NaN,NaN,0.0090701,ok,quick,223,902314,1,192
medium_beta_pair,8,32,2,[-0.25 0.25],[0 0],0.8,1,0,0.5,0,0,0,0,single_peak_in_scope,1,0,0,1,0,1,[65 32 32],low_confidence,rejected,low,[],[],single/merged MUSIC peak with rank-1-like covariance; music evidence is too weak for coherent pair fallback; not_evaluated,0,1,0,0,1,0,NaN,NaN,NaN,NaN,0.0089284,ok,quick,224,902315,1,192
medium_beta_pair,8,32,2,[-0.25 0.25],[0 0],0.8,1,0,0.5,0,0,0,0,single_peak_in_scope,1,0,0,1,0,1,[65 32 32],low_confidence,rejected,low,[],[],single/merged MUSIC peak with rank-1-like covariance; music evidence is too weak for coherent pair fallback; not_evaluated,0,1,0,0,1,0,NaN,NaN,NaN,NaN,0.0108228,ok,quick,225,902316,1,192
medium_beta_pair,8,32,2,[-0.25 0.25],[0 0],0.8,1,0,0.5,0,0,0,0,single_peak_in_scope,1,0,0,1,0,1,[65 32 32],low_confidence,rejected,low,[],[],single/merged MUSIC peak with rank-1-like covariance; music evidence is too weak for coherent pair fallback; not_evaluated,0,1,0,0,1,0,NaN,NaN,NaN,NaN,0.0096323,ok,quick,226,902317,1,192
medium_beta_pair,8,32,2,[-0.25 0.25],[0 0],0.8,1,0,0.5,0,0,0,0,single_peak_in_scope,1,0,0,1,0,1,[65 32 32],low_confidence,rejected,low,[],[],single/merged MUSIC peak with rank-1-like covariance; music evidence is too weak for coherent pair fallback; not_evaluated,0,1,0,0,1,0,NaN,NaN,NaN,NaN,0.0091119,ok,quick,227,902318,1,192
medium_beta_pair,8,32,2,[-0.25 0.25],[0 0],0.8,1,0,0.5,0,0,0,0,single_peak_in_scope,1,0,0,1,0,1,[65 32 32],low_confidence,rejected,low,[],[],single/merged MUSIC peak with rank-1-like covariance; music evidence is too weak for coherent pair fallback; not_evaluated,0,1,0,0,1,0,NaN,NaN,NaN,NaN,0.009303,ok,quick,228,902319,1,192
medium_beta_pair,8,32,2,[-0.25 0.25],[0 0],0.8,1,0,0.5,0,0,0,0,single_peak_in_scope,1,0,0,1,0,1,[65 32 32],low_confidence,rejected,low,[],[],single/merged MUSIC peak with rank-1-like covariance; music evidence is too weak for coherent pair fallback; not_evaluated,0,1,0,0,1,0,NaN,NaN,NaN,NaN,0.0085895,ok,quick,229,902320,1,192
medium_beta_pair,8,32,2,[-0.25 0.25],[0 0],0.8,1,0,0.5,0,0,0,0,single_peak_in_scope,1,0,0,1,0,1,[65 32 32],low_confidence,rejected,low,[],[],single/merged MUSIC peak with rank-1-like covariance; music evidence is too weak for coherent pair fallback; not_evaluated,0,1,0,0,1,0,NaN,NaN,NaN,NaN,0.0101246,ok,quick,230,902321,1,192
medium_beta_pair,8,32,2,[-0.25 0.25],[0 0],0.8,1,0,0.5,0,0,0,0,single_peak_in_scope,1,0,0,1,0,1,[65 32 32],low_confidence,rejected,low,[],[],single/merged MUSIC peak with rank-1-like covariance; music evidence is too weak for coherent pair fallback; not_evaluated,0,1,0,0,1,0,NaN,NaN,NaN,NaN,0.0109608,ok,quick,231,902322,1,192
medium_beta_pair,8,32,2,[-0.25 0.25],[0 0],0.8,1,0,0.5,0,0,0,0,single_peak_in_scope,1,0,0,1,0,1,[65 32 32],low_confidence,rejected,low,[],[],single/merged MUSIC peak with rank-1-like covariance; music evidence is too weak for coherent pair fallback; not_evaluated,0,1,0,0,1,0,NaN,NaN,NaN,NaN,0.0093778,ok,quick,232,902323,1,192
medium_beta_pair,8,32,2,[-0.25 0.25],[0 0],0.8,1,0,0.5,0,0,0,0,single_peak_in_scope,1,0,0,1,0,1,[65 32 32],low_confidence,rejected,low,[],[],single/merged MUSIC peak with rank-1-like covariance; music evidence is too weak for coherent pair fallback; not_evaluated,0,1,0,0,1,0,NaN,NaN,NaN,NaN,0.0092401,ok,quick,233,902324,1,192
medium_beta_pair,8,32,2,[-0.25 0.25],[0 0],0.8,1,0,0.5,0,0,0,0,single_peak_in_scope,1,0,0,1,0,1,[65 32 32],low_confidence,rejected,low,[],[],single/merged MUSIC peak with rank-1-like covariance; music evidence is too weak for coherent pair fallback; not_evaluated,0,1,0,0,1,0,NaN,NaN,NaN,NaN,0.0094033,ok,quick,234,902325,1,192
medium_beta_pair,8,32,2,[-0.25 0.25],[0 0],0.8,1,0,0.5,0,0,0,0,single_peak_in_scope,1,0,0,1,0,1,[65 32 32],low_confidence,rejected,low,[],[],single/merged MUSIC peak with rank-1-like covariance; music evidence is too weak for coherent pair fallback; not_evaluated,0,1,0,0,1,0,NaN,NaN,NaN,NaN,0.009224,ok,quick,235,902326,1,192
medium_beta_pair,8,32,2,[-0.25 0.25],[0 0],0.8,1,0,0.5,0,0,0,0,single_peak_in_scope,1,0,0,1,0,1,[65 32 32],low_confidence,rejected,low,[],[],single/merged MUSIC peak with rank-1-like covariance; music evidence is too weak for coherent pair fallback; not_evaluated,0,1,0,0,1,0,NaN,NaN,NaN,NaN,0.010265,ok,quick,236,902327,1,192
medium_beta_pair,8,32,2,[-0.25 0.25],[0 0],0.8,1,0,0.5,0,0,0,0,single_peak_in_scope,1,0,0,1,0,1,[65 32 32],low_confidence,rejected,low,[],[],single/merged MUSIC peak with rank-1-like covariance; music evidence is too weak for coherent pair fallback; not_evaluated,0,1,0,0,1,0,NaN,NaN,NaN,NaN,0.0086708,ok,quick,237,902328,1,192
medium_beta_pair,8,32,2,[-0.25 0.25],[0 0],0.8,1,0,0.5,0,0,0,0,single_peak_in_scope,1,0,0,1,0,1,[65 32 32],low_confidence,rejected,low,[],[],single/merged MUSIC peak with rank-1-like covariance; music evidence is too weak for coherent pair fallback; not_evaluated,0,1,0,0,1,0,NaN,NaN,NaN,NaN,0.0100663,ok,quick,238,902329,1,192
medium_beta_pair,8,32,2,[-0.25 0.25],[0 0],0.8,1,0,0.5,0,0,0,0,single_peak_in_scope,1,0,0,1,0,1,[65 32 32],low_confidence,rejected,low,[],[],single/merged MUSIC peak with rank-1-like covariance; music evidence is too weak for coherent pair fallback; not_evaluated,0,1,0,0,1,0,NaN,NaN,NaN,NaN,0.0092864,ok,quick,239,902330,1,192
medium_beta_pair,8,32,2,[-0.25 0.25],[0 0],0.8,1,0,0.5,0,0,0,0,single_peak_in_scope,1,0,0,1,0,1,[65 32 32],low_confidence,rejected,low,[],[],single/merged MUSIC peak with rank-1-like covariance; music evidence is too weak for coherent pair fallback; not_evaluated,0,1,0,0,1,0,NaN,NaN,NaN,NaN,0.0086779,ok,quick,240,902331,1,192
medium_beta_pair,8,32,2,[-0.25 0.25],[0 0],0.5,1,0,0.5,0,0,0,0,single_peak_in_scope,1,0,0,1,0,1,[65 32 32],low_confidence,rejected,low,[],[],single/merged MUSIC peak with rank-1-like covariance; music evidence is too weak for coherent pair fallback; not_evaluated,0,1,0,0,1,0,NaN,NaN,NaN,NaN,0.0093198,ok,quick,241,902332,1,192
medium_beta_pair,8,32,2,[-0.25 0.25],[0 0],0.5,1,0,0.5,0,0,0,0,single_peak_in_scope,1,0,0,1,0,1,[65 32 32],low_confidence,rejected,low,[],[],single/merged MUSIC peak with rank-1-like covariance; music evidence is too weak for coherent pair fallback; not_evaluated,0,1,0,0,1,0,NaN,NaN,NaN,NaN,0.0089661,ok,quick,242,902333,1,192
medium_beta_pair,8,32,2,[-0.25 0.25],[0 0],0.5,1,0,0.5,0,0,0,0,single_peak_in_scope,1,0,0,1,0,1,[65 32 32],low_confidence,rejected,low,[],[],single/merged MUSIC peak with rank-1-like covariance; music evidence is too weak for coherent pair fallback; not_evaluated,0,1,0,0,1,0,NaN,NaN,NaN,NaN,0.009441,ok,quick,243,902334,1,192
medium_beta_pair,8,32,2,[-0.25 0.25],[0 0],0.5,1,0,0.5,0,0,0,0,single_peak_in_scope,1,0,0,1,0,1,[65 32 32],low_confidence,rejected,low,[],[],single/merged MUSIC peak with rank-1-like covariance; music evidence is too weak for coherent pair fallback; not_evaluated,0,1,0,0,1,0,NaN,NaN,NaN,NaN,0.0092271,ok,quick,244,902335,1,192
medium_beta_pair,8,32,2,[-0.25 0.25],[0 0],0.5,1,0,0.5,0,0,0,0,single_peak_in_scope,1,0,0,1,0,1,[65 32 32],low_confidence,rejected,low,[],[],single/merged MUSIC peak with rank-1-like covariance; music evidence is too weak for coherent pair fallback; not_evaluated,0,1,0,0,1,0,NaN,NaN,NaN,NaN,0.0109416,ok,quick,245,902336,1,192
medium_beta_pair,8,32,2,[-0.25 0.25],[0 0],0.5,1,0,0.5,0,0,0,0,single_peak_in_scope,1,0,0,1,0,1,[65 32 32],low_confidence,rejected,low,[],[],single/merged MUSIC peak with rank-1-like covariance; music evidence is too weak for coherent pair fallback; not_evaluated,0,1,0,0,1,0,NaN,NaN,NaN,NaN,0.0102176,ok,quick,246,902337,1,192
medium_beta_pair,8,32,2,[-0.25 0.25],[0 0],0.5,1,0,0.5,0,0,0,0,single_peak_in_scope,1,0,0,1,0,1,[65 32 32],low_confidence,rejected,low,[],[],single/merged MUSIC peak with rank-1-like covariance; music evidence is too weak for coherent pair fallback; not_evaluated,0,1,0,0,1,0,NaN,NaN,NaN,NaN,0.0091092,ok,quick,247,902338,1,192
medium_beta_pair,8,32,2,[-0.25 0.25],[0 0],0.5,1,0,0.5,0,0,0,0,single_peak_in_scope,1,0,0,1,0,1,[65 32 32],low_confidence,rejected,low,[],[],single/merged MUSIC peak with rank-1-like covariance; music evidence is too weak for coherent pair fallback; not_evaluated,0,1,0,0,1,0,NaN,NaN,NaN,NaN,0.009445,ok,quick,248,902339,1,192
medium_beta_pair,8,32,2,[-0.25 0.25],[0 0],0.5,1,0,0.5,0,0,0,0,single_peak_in_scope,1,0,0,1,0,1,[65 32 32],low_confidence,rejected,low,[],[],single/merged MUSIC peak with rank-1-like covariance; music evidence is too weak for coherent pair fallback; not_evaluated,0,1,0,0,1,0,NaN,NaN,NaN,NaN,0.0091136,ok,quick,249,902340,1,192
medium_beta_pair,8,32,2,[-0.25 0.25],[0 0],0.5,1,0,0.5,0,0,0,0,single_peak_in_scope,1,0,0,1,0,1,[65 32 32],low_confidence,rejected,low,[],[],single/merged MUSIC peak with rank-1-like covariance; music evidence is too weak for coherent pair fallback; not_evaluated,0,1,0,0,1,0,NaN,NaN,NaN,NaN,0.0089455,ok,quick,250,902341,1,192
medium_beta_pair,8,32,2,[-0.25 0.25],[0 0],0.5,1,0,0.5,0,0,0,0,single_peak_in_scope,1,0,0,1,0,1,[65 32 32],low_confidence,rejected,low,[],[],single/merged MUSIC peak with rank-1-like covariance; music evidence is too weak for coherent pair fallback; not_evaluated,0,1,0,0,1,0,NaN,NaN,NaN,NaN,0.0090518,ok,quick,251,902342,1,192
medium_beta_pair,8,32,2,[-0.25 0.25],[0 0],0.5,1,0,0.5,0,0,0,0,single_peak_in_scope,1,0,0,1,0,1,[65 32 32],low_confidence,rejected,low,[],[],single/merged MUSIC peak with rank-1-like covariance; music evidence is too weak for coherent pair fallback; not_evaluated,0,1,0,0,1,0,NaN,NaN,NaN,NaN,0.0091041,ok,quick,252,902343,1,192
medium_beta_pair,8,32,2,[-0.25 0.25],[0 0],0.5,1,0,0.5,0,0,0,0,single_peak_in_scope,1,0,0,1,0,1,[65 32 32],low_confidence,rejected,low,[],[],single/merged MUSIC peak with rank-1-like covariance; music evidence is too weak for coherent pair fallback; not_evaluated,0,1,0,0,1,0,NaN,NaN,NaN,NaN,0.0085919,ok,quick,253,902344,1,192
medium_beta_pair,8,32,2,[-0.25 0.25],[0 0],0.5,1,0,0.5,0,0,0,0,single_peak_in_scope,1,0,0,1,0,1,[65 32 32],low_confidence,rejected,low,[],[],single/merged MUSIC peak with rank-1-like covariance; music evidence is too weak for coherent pair fallback; not_evaluated,0,1,0,0,1,0,NaN,NaN,NaN,NaN,0.0104262,ok,quick,254,902345,1,192
medium_beta_pair,8,32,2,[-0.25 0.25],[0 0],0.5,1,0,0.5,0,0,0,0,single_peak_in_scope,1,0,0,1,0,1,[65 32 32],low_confidence,rejected,low,[],[],single/merged MUSIC peak with rank-1-like covariance; music evidence is too weak for coherent pair fallback; not_evaluated,0,1,0,0,1,0,NaN,NaN,NaN,NaN,0.0093414,ok,quick,255,902346,1,192
medium_beta_pair,8,32,2,[-0.25 0.25],[0 0],0.5,1,0,0.5,0,0,0,0,single_peak_in_scope,1,0,0,1,0,1,[65 32 32],low_confidence,rejected,low,[],[],single/merged MUSIC peak with rank-1-like covariance; music evidence is too weak for coherent pair fallback; not_evaluated,0,1,0,0,1,0,NaN,NaN,NaN,NaN,0.0095212,ok,quick,256,902347,1,192
medium_beta_pair,8,32,2,[-0.25 0.25],[0 0],0.5,1,0,0.5,0,0,0,0,single_peak_in_scope,1,0,0,1,0,1,[65 32 32],low_confidence,rejected,low,[],[],single/merged MUSIC peak with rank-1-like covariance; music evidence is too weak for coherent pair fallback; not_evaluated,0,1,0,0,1,0,NaN,NaN,NaN,NaN,0.0084239,ok,quick,257,902348,1,192
medium_beta_pair,8,32,2,[-0.25 0.25],[0 0],0.5,1,0,0.5,0,0,0,0,single_peak_in_scope,1,0,0,1,0,1,[65 32 32],low_confidence,rejected,low,[],[],single/merged MUSIC peak with rank-1-like covariance; music evidence is too weak for coherent pair fallback; not_evaluated,0,1,0,0,1,0,NaN,NaN,NaN,NaN,0.0099717,ok,quick,258,902349,1,192
medium_beta_pair,8,32,2,[-0.25 0.25],[0 0],0.5,1,0,0.5,0,0,0,0,single_peak_in_scope,1,0,0,1,0,1,[65 32 32],low_confidence,rejected,low,[],[],single/merged MUSIC peak with rank-1-like covariance; music evidence is too weak for coherent pair fallback; not_evaluated,0,1,0,0,1,0,NaN,NaN,NaN,NaN,0.0093097,ok,quick,259,902350,1,192
medium_beta_pair,8,32,2,[-0.25 0.25],[0 0],0.5,1,0,0.5,0,0,0,0,single_peak_in_scope,1,0,0,1,0,1,[65 32 32],low_confidence,rejected,low,[],[],single/merged MUSIC peak with rank-1-like covariance; music evidence is too weak for coherent pair fallback; not_evaluated,0,1,0,0,1,0,NaN,NaN,NaN,NaN,0.0085934,ok,quick,260,902351,1,192
medium_beta_pair,8,32,2,[-0.25 0.25],[0 0],0.5,1,0,0.5,0,0,0,0,single_peak_in_scope,1,0,0,1,0,1,[65 32 32],low_confidence,rejected,low,[],[],single/merged MUSIC peak with rank-1-like covariance; music evidence is too weak for coherent pair fallback; not_evaluated,0,1,0,0,1,0,NaN,NaN,NaN,NaN,0.0090016,ok,quick,261,902352,1,192
medium_beta_pair,8,32,2,[-0.25 0.25],[0 0],0.5,1,0,0.5,0,0,0,0,single_peak_in_scope,1,0,0,1,0,1,[65 32 32],low_confidence,rejected,low,[],[],single/merged MUSIC peak with rank-1-like covariance; music evidence is too weak for coherent pair fallback; not_evaluated,0,1,0,0,1,0,NaN,NaN,NaN,NaN,0.0086781,ok,quick,262,902353,1,192
medium_beta_pair,8,32,2,[-0.25 0.25],[0 0],0.5,1,0,0.5,0,0,0,0,single_peak_in_scope,1,0,0,1,0,1,[65 32 32],low_confidence,rejected,low,[],[],single/merged MUSIC peak with rank-1-like covariance; music evidence is too weak for coherent pair fallback; not_evaluated,0,1,0,0,1,0,NaN,NaN,NaN,NaN,0.0085814,ok,quick,263,902354,1,192
medium_beta_pair,8,32,2,[-0.25 0.25],[0 0],0.5,1,0,0.5,0,0,0,0,single_peak_in_scope,1,0,0,1,0,1,[65 32 32],low_confidence,rejected,low,[],[],single/merged MUSIC peak with rank-1-like covariance; music evidence is too weak for coherent pair fallback; not_evaluated,0,1,0,0,1,0,NaN,NaN,NaN,NaN,0.0081356,ok,quick,264,902355,1,192
medium_beta_pair,8,32,2,[-0.25 0.25],[0 0],0.5,1,0,0.5,0,0,0,0,single_peak_in_scope,1,0,0,1,0,1,[65 32 32],low_confidence,rejected,low,[],[],single/merged MUSIC peak with rank-1-like covariance; music evidence is too weak for coherent pair fallback; not_evaluated,0,1,0,0,1,0,NaN,NaN,NaN,NaN,0.0090986,ok,quick,265,902356,1,192
medium_beta_pair,8,32,2,[-0.25 0.25],[0 0],0.5,1,0,0.5,0,0,0,0,single_peak_in_scope,1,0,0,1,0,1,[65 32 32],low_confidence,rejected,low,[],[],single/merged MUSIC peak with rank-1-like covariance; music evidence is too weak for coherent pair fallback; not_evaluated,0,1,0,0,1,0,NaN,NaN,NaN,NaN,0.0090553,ok,quick,266,902357,1,192
medium_beta_pair,8,32,2,[-0.25 0.25],[0 0],0.5,1,0,0.5,0,0,0,0,single_peak_in_scope,1,0,0,1,0,1,[65 32 32],low_confidence,rejected,low,[],[],single/merged MUSIC peak with rank-1-like covariance; music evidence is too weak for coherent pair fallback; not_evaluated,0,1,0,0,1,0,NaN,NaN,NaN,NaN,0.0093079,ok,quick,267,902358,1,192
medium_beta_pair,8,32,2,[-0.25 0.25],[0 0],0.5,1,0,0.5,0,0,0,0,single_peak_in_scope,1,0,0,1,0,1,[65 32 32],low_confidence,rejected,low,[],[],single/merged MUSIC peak with rank-1-like covariance; music evidence is too weak for coherent pair fallback; not_evaluated,0,1,0,0,1,0,NaN,NaN,NaN,NaN,0.0096201,ok,quick,268,902359,1,192
medium_beta_pair,8,32,2,[-0.25 0.25],[0 0],0.5,1,0,0.5,0,0,0,0,single_peak_in_scope,1,0,0,1,0,1,[65 32 32],low_confidence,rejected,low,[],[],single/merged MUSIC peak with rank-1-like covariance; music evidence is too weak for coherent pair fallback; not_evaluated,0,1,0,0,1,0,NaN,NaN,NaN,NaN,0.0094385,ok,quick,269,902360,1,192
medium_beta_pair,8,32,2,[-0.25 0.25],[0 0],0.5,1,0,0.5,0,0,0,0,single_peak_in_scope,1,0,0,1,0,1,[65 32 32],low_confidence,rejected,low,[],[],single/merged MUSIC peak with rank-1-like covariance; music evidence is too weak for coherent pair fallback; not_evaluated,0,1,0,0,1,0,NaN,NaN,NaN,NaN,0.0090612,ok,quick,270,902361,1,192
medium_beta_pair,8,32,2,[-0.25 0.25],[0 0],0.3,1,0,0.5,0,0,0,0,single_peak_in_scope,1,0,0,1,0,1,[65 32 32],low_confidence,rejected,low,[],[],single/merged MUSIC peak with rank-1-like covariance; music evidence is too weak for coherent pair fallback; not_evaluated,0,1,0,0,1,0,NaN,NaN,NaN,NaN,0.0092906,ok,quick,271,902362,1,192
medium_beta_pair,8,32,2,[-0.25 0.25],[0 0],0.3,1,0,0.5,0,0,0,0,single_peak_in_scope,1,0,0,1,0,1,[65 32 32],low_confidence,rejected,low,[],[],single/merged MUSIC peak with rank-1-like covariance; music evidence is too weak for coherent pair fallback; not_evaluated,0,1,0,0,1,0,NaN,NaN,NaN,NaN,0.0097405,ok,quick,272,902363,1,192
medium_beta_pair,8,32,2,[-0.25 0.25],[0 0],0.3,1,0,0.5,0,0,0,0,single_peak_in_scope,1,0,0,1,0,1,[65 32 32],low_confidence,rejected,low,[],[],single/merged MUSIC peak with rank-1-like covariance; music evidence is too weak for coherent pair fallback; not_evaluated,0,1,0,0,1,0,NaN,NaN,NaN,NaN,0.0099665,ok,quick,273,902364,1,192
medium_beta_pair,8,32,2,[-0.25 0.25],[0 0],0.3,1,0,0.5,0,0,0,0,single_peak_in_scope,1,0,0,1,0,1,[65 32 32],low_confidence,rejected,low,[],[],single/merged MUSIC peak with rank-1-like covariance; music evidence is too weak for coherent pair fallback; not_evaluated,0,1,0,0,1,0,NaN,NaN,NaN,NaN,0.0096556,ok,quick,274,902365,1,192
medium_beta_pair,8,32,2,[-0.25 0.25],[0 0],0.3,1,0,0.5,0,0,0,0,single_peak_in_scope,1,0,0,1,0,1,[65 32 32],low_confidence,rejected,low,[],[],single/merged MUSIC peak with rank-1-like covariance; music evidence is too weak for coherent pair fallback; not_evaluated,0,1,0,0,1,0,NaN,NaN,NaN,NaN,0.0092506,ok,quick,275,902366,1,192
medium_beta_pair,8,32,2,[-0.25 0.25],[0 0],0.3,1,0,0.5,0,0,0,0,single_peak_in_scope,1,0,0,1,0,1,[65 32 32],low_confidence,rejected,low,[],[],single/merged MUSIC peak with rank-1-like covariance; music evidence is too weak for coherent pair fallback; not_evaluated,0,1,0,0,1,0,NaN,NaN,NaN,NaN,0.0083229,ok,quick,276,902367,1,192
medium_beta_pair,8,32,2,[-0.25 0.25],[0 0],0.3,1,0,0.5,0,0,0,0,single_peak_in_scope,1,0,0,1,0,1,[65 32 32],low_confidence,rejected,low,[],[],single/merged MUSIC peak with rank-1-like covariance; music evidence is too weak for coherent pair fallback; not_evaluated,0,1,0,0,1,0,NaN,NaN,NaN,NaN,0.0100064,ok,quick,277,902368,1,192
medium_beta_pair,8,32,2,[-0.25 0.25],[0 0],0.3,1,0,0.5,0,0,0,0,single_peak_in_scope,1,0,0,1,0,1,[65 32 32],low_confidence,rejected,low,[],[],single/merged MUSIC peak with rank-1-like covariance; music evidence is too weak for coherent pair fallback; not_evaluated,0,1,0,0,1,0,NaN,NaN,NaN,NaN,0.0095589,ok,quick,278,902369,1,192
medium_beta_pair,8,32,2,[-0.25 0.25],[0 0],0.3,1,0,0.5,0,0,0,0,single_peak_in_scope,1,0,0,1,0,1,[65 32 32],low_confidence,rejected,low,[],[],single/merged MUSIC peak with rank-1-like covariance; music evidence is too weak for coherent pair fallback; not_evaluated,0,1,0,0,1,0,NaN,NaN,NaN,NaN,0.009087,ok,quick,279,902370,1,192
medium_beta_pair,8,32,2,[-0.25 0.25],[0 0],0.3,1,0,0.5,0,0,0,0,single_peak_in_scope,1,0,0,1,0,1,[65 32 32],low_confidence,rejected,low,[],[],single/merged MUSIC peak with rank-1-like covariance; music evidence is too weak for coherent pair fallback; not_evaluated,0,1,0,0,1,0,NaN,NaN,NaN,NaN,0.0102577,ok,quick,280,902371,1,192
medium_beta_pair,8,32,2,[-0.25 0.25],[0 0],0.3,1,0,0.5,0,0,0,0,single_peak_in_scope,1,0,0,1,0,1,[65 32 32],low_confidence,rejected,low,[],[],single/merged MUSIC peak with rank-1-like covariance; music evidence is too weak for coherent pair fallback; not_evaluated,0,1,0,0,1,0,NaN,NaN,NaN,NaN,0.009451,ok,quick,281,902372,1,192
medium_beta_pair,8,32,2,[-0.25 0.25],[0 0],0.3,1,0,0.5,0,0,0,0,single_peak_in_scope,1,0,0,1,0,1,[65 32 32],low_confidence,rejected,low,[],[],single/merged MUSIC peak with rank-1-like covariance; music evidence is too weak for coherent pair fallback; not_evaluated,0,1,0,0,1,0,NaN,NaN,NaN,NaN,0.0100215,ok,quick,282,902373,1,192
medium_beta_pair,8,32,2,[-0.25 0.25],[0 0],0.3,1,0,0.5,0,0,0,0,single_peak_in_scope,1,0,0,1,0,1,[65 32 32],low_confidence,rejected,low,[],[],single/merged MUSIC peak with rank-1-like covariance; music evidence is too weak for coherent pair fallback; not_evaluated,0,1,0,0,1,0,NaN,NaN,NaN,NaN,0.0094863,ok,quick,283,902374,1,192
medium_beta_pair,8,32,2,[-0.25 0.25],[0 0],0.3,1,0,0.5,0,0,0,0,single_peak_in_scope,1,0,0,1,0,1,[65 32 32],low_confidence,rejected,low,[],[],single/merged MUSIC peak with rank-1-like covariance; music evidence is too weak for coherent pair fallback; not_evaluated,0,1,0,0,1,0,NaN,NaN,NaN,NaN,0.009702,ok,quick,284,902375,1,192
medium_beta_pair,8,32,2,[-0.25 0.25],[0 0],0.3,1,0,0.5,0,0,0,0,single_peak_in_scope,1,0,0,1,0,1,[65 32 32],low_confidence,rejected,low,[],[],single/merged MUSIC peak with rank-1-like covariance; music evidence is too weak for coherent pair fallback; not_evaluated,0,1,0,0,1,0,NaN,NaN,NaN,NaN,0.0096429,ok,quick,285,902376,1,192
medium_beta_pair,8,32,2,[-0.25 0.25],[0 0],0.3,1,0,0.5,0,0,0,0,single_peak_in_scope,1,0,0,1,0,1,[65 32 32],low_confidence,rejected,low,[],[],single/merged MUSIC peak with rank-1-like covariance; music evidence is too weak for coherent pair fallback; not_evaluated,0,1,0,0,1,0,NaN,NaN,NaN,NaN,0.008735,ok,quick,286,902377,1,192
medium_beta_pair,8,32,2,[-0.25 0.25],[0 0],0.3,1,0,0.5,0,0,0,0,single_peak_in_scope,1,0,0,1,0,1,[65 32 32],low_confidence,rejected,low,[],[],single/merged MUSIC peak with rank-1-like covariance; music evidence is too weak for coherent pair fallback; not_evaluated,0,1,0,0,1,0,NaN,NaN,NaN,NaN,0.0092797,ok,quick,287,902378,1,192
medium_beta_pair,8,32,2,[-0.25 0.25],[0 0],0.3,1,0,0.5,0,0,0,0,single_peak_in_scope,1,0,0,1,0,1,[65 32 32],low_confidence,rejected,low,[],[],single/merged MUSIC peak with rank-1-like covariance; music evidence is too weak for coherent pair fallback; not_evaluated,0,1,0,0,1,0,NaN,NaN,NaN,NaN,0.009617,ok,quick,288,902379,1,192
medium_beta_pair,8,32,2,[-0.25 0.25],[0 0],0.3,1,0,0.5,0,0,0,0,single_peak_in_scope,1,0,0,1,0,1,[65 32 32],low_confidence,rejected,low,[],[],single/merged MUSIC peak with rank-1-like covariance; music evidence is too weak for coherent pair fallback; not_evaluated,0,1,0,0,1,0,NaN,NaN,NaN,NaN,0.0091874,ok,quick,289,902380,1,192
medium_beta_pair,8,32,2,[-0.25 0.25],[0 0],0.3,1,0,0.5,0,0,0,0,single_peak_in_scope,1,0,0,1,0,1,[65 32 32],low_confidence,rejected,low,[],[],single/merged MUSIC peak with rank-1-like covariance; music evidence is too weak for coherent pair fallback; not_evaluated,0,1,0,0,1,0,NaN,NaN,NaN,NaN,0.0088435,ok,quick,290,902381,1,192
medium_beta_pair,8,32,2,[-0.25 0.25],[0 0],0.3,1,0,0.5,0,0,0,0,single_peak_in_scope,1,0,0,1,0,1,[65 32 32],low_confidence,rejected,low,[],[],single/merged MUSIC peak with rank-1-like covariance; music evidence is too weak for coherent pair fallback; not_evaluated,0,1,0,0,1,0,NaN,NaN,NaN,NaN,0.0091035,ok,quick,291,902382,1,192
medium_beta_pair,8,32,2,[-0.25 0.25],[0 0],0.3,1,0,0.5,0,0,0,0,single_peak_in_scope,1,0,0,1,0,1,[65 32 32],low_confidence,rejected,low,[],[],single/merged MUSIC peak with rank-1-like covariance; music evidence is too weak for coherent pair fallback; not_evaluated,0,1,0,0,1,0,NaN,NaN,NaN,NaN,0.0086482,ok,quick,292,902383,1,192
medium_beta_pair,8,32,2,[-0.25 0.25],[0 0],0.3,1,0,0.5,0,0,0,0,single_peak_in_scope,1,0,0,1,0,1,[65 32 32],low_confidence,rejected,low,[],[],single/merged MUSIC peak with rank-1-like covariance; music evidence is too weak for coherent pair fallback; not_evaluated,0,1,0,0,1,0,NaN,NaN,NaN,NaN,0.0082451,ok,quick,293,902384,1,192
medium_beta_pair,8,32,2,[-0.25 0.25],[0 0],0.3,1,0,0.5,0,0,0,0,single_peak_in_scope,1,0,0,1,0,1,[65 32 32],low_confidence,rejected,low,[],[],single/merged MUSIC peak with rank-1-like covariance; music evidence is too weak for coherent pair fallback; not_evaluated,0,1,0,0,1,0,NaN,NaN,NaN,NaN,0.0094567,ok,quick,294,902385,1,192
medium_beta_pair,8,32,2,[-0.25 0.25],[0 0],0.3,1,0,0.5,0,0,0,0,single_peak_in_scope,1,0,0,1,0,1,[65 32 32],low_confidence,rejected,low,[],[],single/merged MUSIC peak with rank-1-like covariance; music evidence is too weak for coherent pair fallback; not_evaluated,0,1,0,0,1,0,NaN,NaN,NaN,NaN,0.0090263,ok,quick,295,902386,1,192
medium_beta_pair,8,32,2,[-0.25 0.25],[0 0],0.3,1,0,0.5,0,0,0,0,single_peak_in_scope,1,0,0,1,0,1,[65 32 32],low_confidence,rejected,low,[],[],single/merged MUSIC peak with rank-1-like covariance; music evidence is too weak for coherent pair fallback; not_evaluated,0,1,0,0,1,0,NaN,NaN,NaN,NaN,0.0101247,ok,quick,296,902387,1,192
medium_beta_pair,8,32,2,[-0.25 0.25],[0 0],0.3,1,0,0.5,0,0,0,0,single_peak_in_scope,1,0,0,1,0,1,[65 32 32],low_confidence,rejected,low,[],[],single/merged MUSIC peak with rank-1-like covariance; music evidence is too weak for coherent pair fallback; not_evaluated,0,1,0,0,1,0,NaN,NaN,NaN,NaN,0.0096043,ok,quick,297,902388,1,192
medium_beta_pair,8,32,2,[-0.25 0.25],[0 0],0.3,1,0,0.5,0,0,0,0,single_peak_in_scope,1,0,0,1,0,1,[65 32 32],low_confidence,rejected,low,[],[],single/merged MUSIC peak with rank-1-like covariance; music evidence is too weak for coherent pair fallback; not_evaluated,0,1,0,0,1,0,NaN,NaN,NaN,NaN,0.009097,ok,quick,298,902389,1,192
medium_beta_pair,8,32,2,[-0.25 0.25],[0 0],0.3,1,0,0.5,0,0,0,0,single_peak_in_scope,1,0,0,1,0,1,[65 32 32],low_confidence,rejected,low,[],[],single/merged MUSIC peak with rank-1-like covariance; music evidence is too weak for coherent pair fallback; not_evaluated,0,1,0,0,1,0,NaN,NaN,NaN,NaN,0.0092197,ok,quick,299,902390,1,192
medium_beta_pair,8,32,2,[-0.25 0.25],[0 0],0.3,1,0,0.5,0,0,0,0,single_peak_in_scope,1,0,0,1,0,1,[65 32 32],low_confidence,rejected,low,[],[],single/merged MUSIC peak with rank-1-like covariance; music evidence is too weak for coherent pair fallback; not_evaluated,0,1,0,0,1,0,NaN,NaN,NaN,NaN,0.0096755,ok,quick,300,902391,1,192
weak_target_boundary,8,32,2,[-0.25 0.25],[0 0],0.1,1,0,0.5,0,0,0,0,single_peak_in_scope,1,0,0,1,0,1,[65 32 32],low_confidence,rejected,low,[],[],single/merged MUSIC peak with rank-1-like covariance; music evidence is too weak for coherent pair fallback; not_evaluated,0,1,0,0,1,0,NaN,NaN,NaN,NaN,0.009104,ok,quick,301,902392,1,192
weak_target_boundary,8,32,2,[-0.25 0.25],[0 0],0.1,1,0,0.5,0,0,0,0,single_peak_in_scope,1,0,0,1,0,1,[65 32 32],low_confidence,rejected,low,[],[],single/merged MUSIC peak with rank-1-like covariance; music evidence is too weak for coherent pair fallback; not_evaluated,0,1,0,0,1,0,NaN,NaN,NaN,NaN,0.0097279,ok,quick,302,902393,1,192
weak_target_boundary,8,32,2,[-0.25 0.25],[0 0],0.1,1,0,0.5,0,0,0,0,single_peak_in_scope,1,0,0,1,0,1,[65 32 32],low_confidence,rejected,low,[],[],single/merged MUSIC peak with rank-1-like covariance; music evidence is too weak for coherent pair fallback; not_evaluated,0,1,0,0,1,0,NaN,NaN,NaN,NaN,0.0093466,ok,quick,303,902394,1,192
weak_target_boundary,8,32,2,[-0.25 0.25],[0 0],0.1,1,0,0.5,0,0,0,0,single_peak_in_scope,1,0,0,1,0,1,[65 32 32],low_confidence,rejected,low,[],[],single/merged MUSIC peak with rank-1-like covariance; music evidence is too weak for coherent pair fallback; not_evaluated,0,1,0,0,1,0,NaN,NaN,NaN,NaN,0.0104088,ok,quick,304,902395,1,192
weak_target_boundary,8,32,2,[-0.25 0.25],[0 0],0.1,1,0,0.5,0,0,0,0,single_peak_in_scope,1,0,0,1,0,1,[65 32 32],low_confidence,rejected,low,[],[],single/merged MUSIC peak with rank-1-like covariance; music evidence is too weak for coherent pair fallback; not_evaluated,0,1,0,0,1,0,NaN,NaN,NaN,NaN,0.0099601,ok,quick,305,902396,1,192
weak_target_boundary,8,32,2,[-0.25 0.25],[0 0],0.1,1,0,0.5,0,0,0,0,single_peak_in_scope,1,0,0,1,0,1,[65 32 32],low_confidence,rejected,low,[],[],single/merged MUSIC peak with rank-1-like covariance; music evidence is too weak for coherent pair fallback; not_evaluated,0,1,0,0,1,0,NaN,NaN,NaN,NaN,0.0103472,ok,quick,306,902397,1,192
weak_target_boundary,8,32,2,[-0.25 0.25],[0 0],0.1,1,0,0.5,0,0,0,0,single_peak_in_scope,1,0,0,1,0,1,[65 32 32],low_confidence,rejected,low,[],[],single/merged MUSIC peak with rank-1-like covariance; music evidence is too weak for coherent pair fallback; not_evaluated,0,1,0,0,1,0,NaN,NaN,NaN,NaN,0.0111328,ok,quick,307,902398,1,192
weak_target_boundary,8,32,2,[-0.25 0.25],[0 0],0.1,1,0,0.5,0,0,0,0,single_peak_in_scope,1,0,0,1,0,1,[65 32 32],low_confidence,rejected,low,[],[],single/merged MUSIC peak with rank-1-like covariance; music evidence is too weak for coherent pair fallback; not_evaluated,0,1,0,0,1,0,NaN,NaN,NaN,NaN,0.0107824,ok,quick,308,902399,1,192
weak_target_boundary,8,32,2,[-0.25 0.25],[0 0],0.1,1,0,0.5,0,0,0,0,single_peak_in_scope,1,0,0,1,0,1,[65 32 32],low_confidence,rejected,low,[],[],single/merged MUSIC peak with rank-1-like covariance; music evidence is too weak for coherent pair fallback; not_evaluated,0,1,0,0,1,0,NaN,NaN,NaN,NaN,0.0122869,ok,quick,309,902400,1,192
weak_target_boundary,8,32,2,[-0.25 0.25],[0 0],0.1,1,0,0.5,0,0,0,0,single_peak_in_scope,1,0,0,1,0,1,[65 32 32],low_confidence,rejected,low,[],[],single/merged MUSIC peak with rank-1-like covariance; music evidence is too weak for coherent pair fallback; not_evaluated,0,1,0,0,1,0,NaN,NaN,NaN,NaN,0.0100771,ok,quick,310,902401,1,192
weak_target_boundary,8,32,2,[-0.25 0.25],[0 0],0.1,1,0,0.5,0,0,0,0,single_peak_in_scope,1,0,0,1,0,1,[65 32 32],low_confidence,rejected,low,[],[],single/merged MUSIC peak with rank-1-like covariance; music evidence is too weak for coherent pair fallback; not_evaluated,0,1,0,0,1,0,NaN,NaN,NaN,NaN,0.0176561,ok,quick,311,902402,1,192
weak_target_boundary,8,32,2,[-0.25 0.25],[0 0],0.1,1,0,0.5,0,0,0,0,single_peak_in_scope,1,0,0,1,0,1,[65 32 32],low_confidence,rejected,low,[],[],single/merged MUSIC peak with rank-1-like covariance; music evidence is too weak for coherent pair fallback; not_evaluated,0,1,0,0,1,0,NaN,NaN,NaN,NaN,0.0101854,ok,quick,312,902403,1,192
weak_target_boundary,8,32,2,[-0.25 0.25],[0 0],0.1,1,0,0.5,0,0,0,0,single_peak_in_scope,1,0,0,1,0,1,[65 32 32],low_confidence,rejected,low,[],[],single/merged MUSIC peak with rank-1-like covariance; music evidence is too weak for coherent pair fallback; not_evaluated,0,1,0,0,1,0,NaN,NaN,NaN,NaN,0.0089113,ok,quick,313,902404,1,192
weak_target_boundary,8,32,2,[-0.25 0.25],[0 0],0.1,1,0,0.5,0,0,0,0,single_peak_in_scope,1,0,0,1,0,1,[65 32 32],low_confidence,rejected,low,[],[],single/merged MUSIC peak with rank-1-like covariance; music evidence is too weak for coherent pair fallback; not_evaluated,0,1,0,0,1,0,NaN,NaN,NaN,NaN,0.0093813,ok,quick,314,902405,1,192
weak_target_boundary,8,32,2,[-0.25 0.25],[0 0],0.1,1,0,0.5,0,0,0,0,single_peak_in_scope,1,0,0,1,0,1,[65 32 32],low_confidence,rejected,low,[],[],single/merged MUSIC peak with rank-1-like covariance; music evidence is too weak for coherent pair fallback; not_evaluated,0,1,0,0,1,0,NaN,NaN,NaN,NaN,0.0091471,ok,quick,315,902406,1,192
weak_target_boundary,8,32,2,[-0.25 0.25],[0 0],0.1,1,0,0.5,0,0,0,0,single_peak_in_scope,1,0,0,1,0,1,[65 32 32],low_confidence,rejected,low,[],[],single/merged MUSIC peak with rank-1-like covariance; music evidence is too weak for coherent pair fallback; not_evaluated,0,1,0,0,1,0,NaN,NaN,NaN,NaN,0.0098987,ok,quick,316,902407,1,192
weak_target_boundary,8,32,2,[-0.25 0.25],[0 0],0.1,1,0,0.5,0,0,0,0,single_peak_in_scope,1,0,0,1,0,1,[65 32 32],low_confidence,rejected,low,[],[],single/merged MUSIC peak with rank-1-like covariance; music evidence is too weak for coherent pair fallback; not_evaluated,0,1,0,0,1,0,NaN,NaN,NaN,NaN,0.0106085,ok,quick,317,902408,1,192
weak_target_boundary,8,32,2,[-0.25 0.25],[0 0],0.1,1,0,0.5,0,0,0,0,single_peak_in_scope,1,0,0,1,0,1,[65 32 32],low_confidence,rejected,low,[],[],single/merged MUSIC peak with rank-1-like covariance; music evidence is too weak for coherent pair fallback; not_evaluated,0,1,0,0,1,0,NaN,NaN,NaN,NaN,0.0087806,ok,quick,318,902409,1,192
weak_target_boundary,8,32,2,[-0.25 0.25],[0 0],0.1,1,0,0.5,0,0,0,0,single_peak_in_scope,1,0,0,1,0,1,[65 32 32],low_confidence,rejected,low,[],[],single/merged MUSIC peak with rank-1-like covariance; music evidence is too weak for coherent pair fallback; not_evaluated,0,1,0,0,1,0,NaN,NaN,NaN,NaN,0.0096118,ok,quick,319,902410,1,192
weak_target_boundary,8,32,2,[-0.25 0.25],[0 0],0.1,1,0,0.5,0,0,0,0,single_peak_in_scope,1,0,0,1,0,1,[65 32 32],low_confidence,rejected,low,[],[],single/merged MUSIC peak with rank-1-like covariance; music evidence is too weak for coherent pair fallback; not_evaluated,0,1,0,0,1,0,NaN,NaN,NaN,NaN,0.0082712,ok,quick,320,902411,1,192
weak_target_boundary,8,32,2,[-0.25 0.25],[0 0],0.1,1,0,0.5,0,0,0,0,single_peak_in_scope,1,0,0,1,0,1,[65 32 32],low_confidence,rejected,low,[],[],single/merged MUSIC peak with rank-1-like covariance; music evidence is too weak for coherent pair fallback; not_evaluated,0,1,0,0,1,0,NaN,NaN,NaN,NaN,0.0090003,ok,quick,321,902412,1,192
weak_target_boundary,8,32,2,[-0.25 0.25],[0 0],0.1,1,0,0.5,0,0,0,0,single_peak_in_scope,1,0,0,1,0,1,[65 32 32],low_confidence,rejected,low,[],[],single/merged MUSIC peak with rank-1-like covariance; music evidence is too weak for coherent pair fallback; not_evaluated,0,1,0,0,1,0,NaN,NaN,NaN,NaN,0.0081457,ok,quick,322,902413,1,192
weak_target_boundary,8,32,2,[-0.25 0.25],[0 0],0.1,1,0,0.5,0,0,0,0,single_peak_in_scope,1,0,0,1,0,1,[65 32 32],low_confidence,rejected,low,[],[],single/merged MUSIC peak with rank-1-like covariance; music evidence is too weak for coherent pair fallback; not_evaluated,0,1,0,0,1,0,NaN,NaN,NaN,NaN,0.0086685,ok,quick,323,902414,1,192
weak_target_boundary,8,32,2,[-0.25 0.25],[0 0],0.1,1,0,0.5,0,0,0,0,single_peak_in_scope,1,0,0,1,0,1,[65 32 32],low_confidence,rejected,low,[],[],single/merged MUSIC peak with rank-1-like covariance; music evidence is too weak for coherent pair fallback; not_evaluated,0,1,0,0,1,0,NaN,NaN,NaN,NaN,0.009115,ok,quick,324,902415,1,192
weak_target_boundary,8,32,2,[-0.25 0.25],[0 0],0.1,1,0,0.5,0,0,0,0,single_peak_in_scope,1,0,0,1,0,1,[65 32 32],low_confidence,rejected,low,[],[],single/merged MUSIC peak with rank-1-like covariance; music evidence is too weak for coherent pair fallback; not_evaluated,0,1,0,0,1,0,NaN,NaN,NaN,NaN,0.009153,ok,quick,325,902416,1,192
weak_target_boundary,8,32,2,[-0.25 0.25],[0 0],0.1,1,0,0.5,0,0,0,0,single_peak_in_scope,1,0,0,1,0,1,[65 32 32],low_confidence,rejected,low,[],[],single/merged MUSIC peak with rank-1-like covariance; music evidence is too weak for coherent pair fallback; not_evaluated,0,1,0,0,1,0,NaN,NaN,NaN,NaN,0.0105337,ok,quick,326,902417,1,192
weak_target_boundary,8,32,2,[-0.25 0.25],[0 0],0.1,1,0,0.5,0,0,0,0,single_peak_in_scope,1,0,0,1,0,1,[65 32 32],low_confidence,rejected,low,[],[],single/merged MUSIC peak with rank-1-like covariance; music evidence is too weak for coherent pair fallback; not_evaluated,0,1,0,0,1,0,NaN,NaN,NaN,NaN,0.0107276,ok,quick,327,902418,1,192
weak_target_boundary,8,32,2,[-0.25 0.25],[0 0],0.1,1,0,0.5,0,0,0,0,single_peak_in_scope,1,0,0,1,0,1,[65 32 32],low_confidence,rejected,low,[],[],single/merged MUSIC peak with rank-1-like covariance; music evidence is too weak for coherent pair fallback; not_evaluated,0,1,0,0,1,0,NaN,NaN,NaN,NaN,0.0098892,ok,quick,328,902419,1,192
weak_target_boundary,8,32,2,[-0.25 0.25],[0 0],0.1,1,0,0.5,0,0,0,0,single_peak_in_scope,1,0,0,1,0,1,[65 32 32],low_confidence,rejected,low,[],[],single/merged MUSIC peak with rank-1-like covariance; music evidence is too weak for coherent pair fallback; not_evaluated,0,1,0,0,1,0,NaN,NaN,NaN,NaN,0.0108292,ok,quick,329,902420,1,192
weak_target_boundary,8,32,2,[-0.25 0.25],[0 0],0.1,1,0,0.5,0,0,0,0,single_peak_in_scope,1,0,0,1,0,1,[65 32 32],low_confidence,rejected,low,[],[],single/merged MUSIC peak with rank-1-like covariance; music evidence is too weak for coherent pair fallback; not_evaluated,0,1,0,0,1,0,NaN,NaN,NaN,NaN,0.0089238,ok,quick,330,902421,1,192
near_antiphase_boundary,8,32,2,[-0.25 0.25],[0 0],1,1,150,0.5,0,0,0,0,single_peak_in_scope,1,0,1,1,0,1,[65 32 32],boundary_unreliable,rejected,low,[],[],boundary evidence has higher priority than success,0,1,0,0,1,0,NaN,NaN,NaN,NaN,0.0142803,ok,quick,331,902422,1,192
near_antiphase_boundary,8,32,2,[-0.25 0.25],[0 0],1,1,150,0.5,0,0,0,0,single_peak_in_scope,1,0,1,1,0,1,[65 32 32],boundary_unreliable,rejected,low,[],[],boundary evidence has higher priority than success,0,1,0,0,1,0,NaN,NaN,NaN,NaN,0.0101633,ok,quick,332,902423,1,192
near_antiphase_boundary,8,32,2,[-0.25 0.25],[0 0],1,1,150,0.5,0,0,0,0,single_peak_in_scope,1,0,1,1,0,1,[65 32 32],boundary_unreliable,rejected,low,[],[],boundary evidence has higher priority than success,0,1,0,0,1,0,NaN,NaN,NaN,NaN,0.0108571,ok,quick,333,902424,1,192
near_antiphase_boundary,8,32,2,[-0.25 0.25],[0 0],1,1,150,0.5,0,0,0,0,single_peak_in_scope,1,0,1,1,0,1,[65 32 32],boundary_unreliable,rejected,low,[],[],boundary evidence has higher priority than success,0,1,0,0,1,0,NaN,NaN,NaN,NaN,0.0105703,ok,quick,334,902425,1,192
near_antiphase_boundary,8,32,2,[-0.25 0.25],[0 0],1,1,150,0.5,0,0,0,0,single_peak_in_scope,1,0,1,1,0,1,[65 32 32],boundary_unreliable,rejected,low,[],[],boundary evidence has higher priority than success,0,1,0,0,1,0,NaN,NaN,NaN,NaN,0.0104489,ok,quick,335,902426,1,192
near_antiphase_boundary,8,32,2,[-0.25 0.25],[0 0],1,1,150,0.5,0,0,0,0,single_peak_in_scope,1,0,1,1,0,1,[65 32 32],boundary_unreliable,rejected,low,[],[],boundary evidence has higher priority than success,0,1,0,0,1,0,NaN,NaN,NaN,NaN,0.0104313,ok,quick,336,902427,1,192
near_antiphase_boundary,8,32,2,[-0.25 0.25],[0 0],1,1,150,0.5,0,0,0,0,single_peak_in_scope,1,0,1,1,0,1,[65 32 32],boundary_unreliable,rejected,low,[],[],boundary evidence has higher priority than success,0,1,0,0,1,0,NaN,NaN,NaN,NaN,0.0101024,ok,quick,337,902428,1,192
near_antiphase_boundary,8,32,2,[-0.25 0.25],[0 0],1,1,150,0.5,0,0,0,0,single_peak_in_scope,1,0,1,1,0,1,[65 32 32],boundary_unreliable,rejected,low,[],[],boundary evidence has higher priority than success,0,1,0,0,1,0,NaN,NaN,NaN,NaN,0.008837,ok,quick,338,902429,1,192
near_antiphase_boundary,8,32,2,[-0.25 0.25],[0 0],1,1,150,0.5,0,0,0,0,single_peak_in_scope,1,0,1,1,0,1,[65 32 32],boundary_unreliable,rejected,low,[],[],boundary evidence has higher priority than success,0,1,0,0,1,0,NaN,NaN,NaN,NaN,0.0089558,ok,quick,339,902430,1,192
near_antiphase_boundary,8,32,2,[-0.25 0.25],[0 0],1,1,150,0.5,0,0,0,0,single_peak_in_scope,1,0,1,1,0,1,[65 32 32],boundary_unreliable,rejected,low,[],[],boundary evidence has higher priority than success,0,1,0,0,1,0,NaN,NaN,NaN,NaN,0.0090412,ok,quick,340,902431,1,192
near_antiphase_boundary,8,32,2,[-0.25 0.25],[0 0],1,1,150,0.5,0,0,0,0,single_peak_in_scope,1,0,1,1,0,1,[65 32 32],boundary_unreliable,rejected,low,[],[],boundary evidence has higher priority than success,0,1,0,0,1,0,NaN,NaN,NaN,NaN,0.0091611,ok,quick,341,902432,1,192
near_antiphase_boundary,8,32,2,[-0.25 0.25],[0 0],1,1,150,0.5,0,0,0,0,single_peak_in_scope,1,0,1,1,0,1,[65 32 32],boundary_unreliable,rejected,low,[],[],boundary evidence has higher priority than success,0,1,0,0,1,0,NaN,NaN,NaN,NaN,0.0096948,ok,quick,342,902433,1,192
near_antiphase_boundary,8,32,2,[-0.25 0.25],[0 0],1,1,150,0.5,0,0,0,0,single_peak_in_scope,1,0,1,1,0,1,[65 32 32],boundary_unreliable,rejected,low,[],[],boundary evidence has higher priority than success,0,1,0,0,1,0,NaN,NaN,NaN,NaN,0.0096734,ok,quick,343,902434,1,192
near_antiphase_boundary,8,32,2,[-0.25 0.25],[0 0],1,1,150,0.5,0,0,0,0,single_peak_in_scope,1,0,1,1,0,1,[65 32 32],boundary_unreliable,rejected,low,[],[],boundary evidence has higher priority than success,0,1,0,0,1,0,NaN,NaN,NaN,NaN,0.0098151,ok,quick,344,902435,1,192
near_antiphase_boundary,8,32,2,[-0.25 0.25],[0 0],1,1,150,0.5,0,0,0,0,single_peak_in_scope,1,0,1,1,0,1,[65 32 32],boundary_unreliable,rejected,low,[],[],boundary evidence has higher priority than success,0,1,0,0,1,0,NaN,NaN,NaN,NaN,0.0097801,ok,quick,345,902436,1,192
near_antiphase_boundary,8,32,2,[-0.25 0.25],[0 0],1,1,150,0.5,0,0,0,0,single_peak_in_scope,1,0,1,1,0,1,[65 32 32],boundary_unreliable,rejected,low,[],[],boundary evidence has higher priority than success,0,1,0,0,1,0,NaN,NaN,NaN,NaN,0.0086841,ok,quick,346,902437,1,192
near_antiphase_boundary,8,32,2,[-0.25 0.25],[0 0],1,1,150,0.5,0,0,0,0,single_peak_in_scope,1,0,1,1,0,1,[65 32 32],boundary_unreliable,rejected,low,[],[],boundary evidence has higher priority than success,0,1,0,0,1,0,NaN,NaN,NaN,NaN,0.0106511,ok,quick,347,902438,1,192
near_antiphase_boundary,8,32,2,[-0.25 0.25],[0 0],1,1,150,0.5,0,0,0,0,single_peak_in_scope,1,0,1,1,0,1,[65 32 32],boundary_unreliable,rejected,low,[],[],boundary evidence has higher priority than success,0,1,0,0,1,0,NaN,NaN,NaN,NaN,0.0094158,ok,quick,348,902439,1,192
near_antiphase_boundary,8,32,2,[-0.25 0.25],[0 0],1,1,150,0.5,0,0,0,0,single_peak_in_scope,1,0,1,1,0,1,[65 32 32],boundary_unreliable,rejected,low,[],[],boundary evidence has higher priority than success,0,1,0,0,1,0,NaN,NaN,NaN,NaN,0.0101183,ok,quick,349,902440,1,192
near_antiphase_boundary,8,32,2,[-0.25 0.25],[0 0],1,1,150,0.5,0,0,0,0,single_peak_in_scope,1,0,1,1,0,1,[65 32 32],boundary_unreliable,rejected,low,[],[],boundary evidence has higher priority than success,0,1,0,0,1,0,NaN,NaN,NaN,NaN,0.0099601,ok,quick,350,902441,1,192
near_antiphase_boundary,8,32,2,[-0.25 0.25],[0 0],1,1,150,0.5,0,0,0,0,single_peak_in_scope,1,0,1,1,0,1,[65 32 32],boundary_unreliable,rejected,low,[],[],boundary evidence has higher priority than success,0,1,0,0,1,0,NaN,NaN,NaN,NaN,0.0091913,ok,quick,351,902442,1,192
near_antiphase_boundary,8,32,2,[-0.25 0.25],[0 0],1,1,150,0.5,0,0,0,0,single_peak_in_scope,1,0,1,1,0,1,[65 32 32],boundary_unreliable,rejected,low,[],[],boundary evidence has higher priority than success,0,1,0,0,1,0,NaN,NaN,NaN,NaN,0.0096695,ok,quick,352,902443,1,192
near_antiphase_boundary,8,32,2,[-0.25 0.25],[0 0],1,1,150,0.5,0,0,0,0,single_peak_in_scope,1,0,1,1,0,1,[65 32 32],boundary_unreliable,rejected,low,[],[],boundary evidence has higher priority than success,0,1,0,0,1,0,NaN,NaN,NaN,NaN,0.0090773,ok,quick,353,902444,1,192
near_antiphase_boundary,8,32,2,[-0.25 0.25],[0 0],1,1,150,0.5,0,0,0,0,single_peak_in_scope,1,0,1,1,0,1,[65 32 32],boundary_unreliable,rejected,low,[],[],boundary evidence has higher priority than success,0,1,0,0,1,0,NaN,NaN,NaN,NaN,0.0088838,ok,quick,354,902445,1,192
near_antiphase_boundary,8,32,2,[-0.25 0.25],[0 0],1,1,150,0.5,0,0,0,0,single_peak_in_scope,1,0,1,1,0,1,[65 32 32],boundary_unreliable,rejected,low,[],[],boundary evidence has higher priority than success,0,1,0,0,1,0,NaN,NaN,NaN,NaN,0.0091888,ok,quick,355,902446,1,192
near_antiphase_boundary,8,32,2,[-0.25 0.25],[0 0],1,1,150,0.5,0,0,0,0,single_peak_in_scope,1,0,1,1,0,1,[65 32 32],boundary_unreliable,rejected,low,[],[],boundary evidence has higher priority than success,0,1,0,0,1,0,NaN,NaN,NaN,NaN,0.00839,ok,quick,356,902447,1,192
near_antiphase_boundary,8,32,2,[-0.25 0.25],[0 0],1,1,150,0.5,0,0,0,0,single_peak_in_scope,1,0,1,1,0,1,[65 32 32],boundary_unreliable,rejected,low,[],[],boundary evidence has higher priority than success,0,1,0,0,1,0,NaN,NaN,NaN,NaN,0.0084478,ok,quick,357,902448,1,192
near_antiphase_boundary,8,32,2,[-0.25 0.25],[0 0],1,1,150,0.5,0,0,0,0,single_peak_in_scope,1,0,1,1,0,1,[65 32 32],boundary_unreliable,rejected,low,[],[],boundary evidence has higher priority than success,0,1,0,0,1,0,NaN,NaN,NaN,NaN,0.0094271,ok,quick,358,902449,1,192
near_antiphase_boundary,8,32,2,[-0.25 0.25],[0 0],1,1,150,0.5,0,0,0,0,single_peak_in_scope,1,0,1,1,0,1,[65 32 32],boundary_unreliable,rejected,low,[],[],boundary evidence has higher priority than success,0,1,0,0,1,0,NaN,NaN,NaN,NaN,0.0099013,ok,quick,359,902450,1,192
near_antiphase_boundary,8,32,2,[-0.25 0.25],[0 0],1,1,150,0.5,0,0,0,0,single_peak_in_scope,1,0,1,1,0,1,[65 32 32],boundary_unreliable,rejected,low,[],[],boundary evidence has higher priority than success,0,1,0,0,1,0,NaN,NaN,NaN,NaN,0.0079327,ok,quick,360,902451,1,192
near_antiphase_boundary,8,32,2,[-0.25 0.25],[0 0],1,1,180,0.5,0,0,0,0,single_peak_in_scope,1,0,1,1,0,1,[65 32 32],boundary_unreliable,rejected,low,[],[],boundary evidence has higher priority than success,0,1,0,0,1,0,NaN,NaN,NaN,NaN,0.0090316,ok,quick,361,902452,1,192
near_antiphase_boundary,8,32,2,[-0.25 0.25],[0 0],1,1,180,0.5,0,0,0,0,single_peak_in_scope,1,0,1,1,0,1,[65 32 32],boundary_unreliable,rejected,low,[],[],boundary evidence has higher priority than success,0,1,0,0,1,0,NaN,NaN,NaN,NaN,0.008754,ok,quick,362,902453,1,192
near_antiphase_boundary,8,32,2,[-0.25 0.25],[0 0],1,1,180,0.5,0,0,0,0,single_peak_in_scope,1,0,1,1,0,1,[65 32 32],boundary_unreliable,rejected,low,[],[],boundary evidence has higher priority than success,0,1,0,0,1,0,NaN,NaN,NaN,NaN,0.0084137,ok,quick,363,902454,1,192
near_antiphase_boundary,8,32,2,[-0.25 0.25],[0 0],1,1,180,0.5,0,0,0,0,single_peak_in_scope,1,0,1,1,0,1,[65 32 32],boundary_unreliable,rejected,low,[],[],boundary evidence has higher priority than success,0,1,0,0,1,0,NaN,NaN,NaN,NaN,0.0089827,ok,quick,364,902455,1,192
near_antiphase_boundary,8,32,2,[-0.25 0.25],[0 0],1,1,180,0.5,0,0,0,0,single_peak_in_scope,1,0,1,1,0,1,[65 32 32],boundary_unreliable,rejected,low,[],[],boundary evidence has higher priority than success,0,1,0,0,1,0,NaN,NaN,NaN,NaN,0.0086646,ok,quick,365,902456,1,192
near_antiphase_boundary,8,32,2,[-0.25 0.25],[0 0],1,1,180,0.5,0,0,0,0,single_peak_in_scope,1,0,1,1,0,1,[65 32 32],boundary_unreliable,rejected,low,[],[],boundary evidence has higher priority than success,0,1,0,0,1,0,NaN,NaN,NaN,NaN,0.0086217,ok,quick,366,902457,1,192
near_antiphase_boundary,8,32,2,[-0.25 0.25],[0 0],1,1,180,0.5,0,0,0,0,single_peak_in_scope,1,0,1,1,0,1,[65 32 32],boundary_unreliable,rejected,low,[],[],boundary evidence has higher priority than success,0,1,0,0,1,0,NaN,NaN,NaN,NaN,0.0083073,ok,quick,367,902458,1,192
near_antiphase_boundary,8,32,2,[-0.25 0.25],[0 0],1,1,180,0.5,0,0,0,0,single_peak_in_scope,1,0,1,1,0,1,[65 32 32],boundary_unreliable,rejected,low,[],[],boundary evidence has higher priority than success,0,1,0,0,1,0,NaN,NaN,NaN,NaN,0.0084861,ok,quick,368,902459,1,192
near_antiphase_boundary,8,32,2,[-0.25 0.25],[0 0],1,1,180,0.5,0,0,0,0,single_peak_in_scope,1,0,1,1,0,1,[65 32 32],boundary_unreliable,rejected,low,[],[],boundary evidence has higher priority than success,0,1,0,0,1,0,NaN,NaN,NaN,NaN,0.0089306,ok,quick,369,902460,1,192
near_antiphase_boundary,8,32,2,[-0.25 0.25],[0 0],1,1,180,0.5,0,0,0,0,single_peak_in_scope,1,0,1,1,0,1,[65 32 32],boundary_unreliable,rejected,low,[],[],boundary evidence has higher priority than success,0,1,0,0,1,0,NaN,NaN,NaN,NaN,0.0097195,ok,quick,370,902461,1,192
near_antiphase_boundary,8,32,2,[-0.25 0.25],[0 0],1,1,180,0.5,0,0,0,0,single_peak_in_scope,1,0,1,1,0,1,[65 32 32],boundary_unreliable,rejected,low,[],[],boundary evidence has higher priority than success,0,1,0,0,1,0,NaN,NaN,NaN,NaN,0.0091266,ok,quick,371,902462,1,192
near_antiphase_boundary,8,32,2,[-0.25 0.25],[0 0],1,1,180,0.5,0,0,0,0,single_peak_in_scope,1,0,1,1,0,1,[65 32 32],boundary_unreliable,rejected,low,[],[],boundary evidence has higher priority than success,0,1,0,0,1,0,NaN,NaN,NaN,NaN,0.0092707,ok,quick,372,902463,1,192
near_antiphase_boundary,8,32,2,[-0.25 0.25],[0 0],1,1,180,0.5,0,0,0,0,single_peak_in_scope,1,0,1,1,0,1,[65 32 32],boundary_unreliable,rejected,low,[],[],boundary evidence has higher priority than success,0,1,0,0,1,0,NaN,NaN,NaN,NaN,0.0086541,ok,quick,373,902464,1,192
near_antiphase_boundary,8,32,2,[-0.25 0.25],[0 0],1,1,180,0.5,0,0,0,0,single_peak_in_scope,1,0,1,1,0,1,[65 32 32],boundary_unreliable,rejected,low,[],[],boundary evidence has higher priority than success,0,1,0,0,1,0,NaN,NaN,NaN,NaN,0.0084955,ok,quick,374,902465,1,192
near_antiphase_boundary,8,32,2,[-0.25 0.25],[0 0],1,1,180,0.5,0,0,0,0,single_peak_in_scope,1,0,1,1,0,1,[65 32 32],boundary_unreliable,rejected,low,[],[],boundary evidence has higher priority than success,0,1,0,0,1,0,NaN,NaN,NaN,NaN,0.0087958,ok,quick,375,902466,1,192
near_antiphase_boundary,8,32,2,[-0.25 0.25],[0 0],1,1,180,0.5,0,0,0,0,single_peak_in_scope,1,0,1,1,0,1,[65 32 32],boundary_unreliable,rejected,low,[],[],boundary evidence has higher priority than success,0,1,0,0,1,0,NaN,NaN,NaN,NaN,0.0097158,ok,quick,376,902467,1,192
near_antiphase_boundary,8,32,2,[-0.25 0.25],[0 0],1,1,180,0.5,0,0,0,0,single_peak_in_scope,1,0,1,1,0,1,[65 32 32],boundary_unreliable,rejected,low,[],[],boundary evidence has higher priority than success,0,1,0,0,1,0,NaN,NaN,NaN,NaN,0.0092622,ok,quick,377,902468,1,192
near_antiphase_boundary,8,32,2,[-0.25 0.25],[0 0],1,1,180,0.5,0,0,0,0,single_peak_in_scope,1,0,1,1,0,1,[65 32 32],boundary_unreliable,rejected,low,[],[],boundary evidence has higher priority than success,0,1,0,0,1,0,NaN,NaN,NaN,NaN,0.0086043,ok,quick,378,902469,1,192
near_antiphase_boundary,8,32,2,[-0.25 0.25],[0 0],1,1,180,0.5,0,0,0,0,single_peak_in_scope,1,0,1,1,0,1,[65 32 32],boundary_unreliable,rejected,low,[],[],boundary evidence has higher priority than success,0,1,0,0,1,0,NaN,NaN,NaN,NaN,0.0098038,ok,quick,379,902470,1,192
near_antiphase_boundary,8,32,2,[-0.25 0.25],[0 0],1,1,180,0.5,0,0,0,0,single_peak_in_scope,1,0,1,1,0,1,[65 32 32],boundary_unreliable,rejected,low,[],[],boundary evidence has higher priority than success,0,1,0,0,1,0,NaN,NaN,NaN,NaN,0.0103884,ok,quick,380,902471,1,192
near_antiphase_boundary,8,32,2,[-0.25 0.25],[0 0],1,1,180,0.5,0,0,0,0,single_peak_in_scope,1,0,1,1,0,1,[65 32 32],boundary_unreliable,rejected,low,[],[],boundary evidence has higher priority than success,0,1,0,0,1,0,NaN,NaN,NaN,NaN,0.0088128,ok,quick,381,902472,1,192
near_antiphase_boundary,8,32,2,[-0.25 0.25],[0 0],1,1,180,0.5,0,0,0,0,single_peak_in_scope,1,0,1,1,0,1,[65 32 32],boundary_unreliable,rejected,low,[],[],boundary evidence has higher priority than success,0,1,0,0,1,0,NaN,NaN,NaN,NaN,0.009585,ok,quick,382,902473,1,192
near_antiphase_boundary,8,32,2,[-0.25 0.25],[0 0],1,1,180,0.5,0,0,0,0,single_peak_in_scope,1,0,1,1,0,1,[65 32 32],boundary_unreliable,rejected,low,[],[],boundary evidence has higher priority than success,0,1,0,0,1,0,NaN,NaN,NaN,NaN,0.008432,ok,quick,383,902474,1,192
near_antiphase_boundary,8,32,2,[-0.25 0.25],[0 0],1,1,180,0.5,0,0,0,0,single_peak_in_scope,1,0,1,1,0,1,[65 32 32],boundary_unreliable,rejected,low,[],[],boundary evidence has higher priority than success,0,1,0,0,1,0,NaN,NaN,NaN,NaN,0.008302,ok,quick,384,902475,1,192
near_antiphase_boundary,8,32,2,[-0.25 0.25],[0 0],1,1,180,0.5,0,0,0,0,single_peak_in_scope,1,0,1,1,0,1,[65 32 32],boundary_unreliable,rejected,low,[],[],boundary evidence has higher priority than success,0,1,0,0,1,0,NaN,NaN,NaN,NaN,0.0086806,ok,quick,385,902476,1,192
near_antiphase_boundary,8,32,2,[-0.25 0.25],[0 0],1,1,180,0.5,0,0,0,0,single_peak_in_scope,1,0,1,1,0,1,[65 32 32],boundary_unreliable,rejected,low,[],[],boundary evidence has higher priority than success,0,1,0,0,1,0,NaN,NaN,NaN,NaN,0.0092745,ok,quick,386,902477,1,192
near_antiphase_boundary,8,32,2,[-0.25 0.25],[0 0],1,1,180,0.5,0,0,0,0,single_peak_in_scope,1,0,1,1,0,1,[65 32 32],boundary_unreliable,rejected,low,[],[],boundary evidence has higher priority than success,0,1,0,0,1,0,NaN,NaN,NaN,NaN,0.0092117,ok,quick,387,902478,1,192
near_antiphase_boundary,8,32,2,[-0.25 0.25],[0 0],1,1,180,0.5,0,0,0,0,single_peak_in_scope,1,0,1,1,0,1,[65 32 32],boundary_unreliable,rejected,low,[],[],boundary evidence has higher priority than success,0,1,0,0,1,0,NaN,NaN,NaN,NaN,0.0089369,ok,quick,388,902479,1,192
near_antiphase_boundary,8,32,2,[-0.25 0.25],[0 0],1,1,180,0.5,0,0,0,0,single_peak_in_scope,1,0,1,1,0,1,[65 32 32],boundary_unreliable,rejected,low,[],[],boundary evidence has higher priority than success,0,1,0,0,1,0,NaN,NaN,NaN,NaN,0.0086663,ok,quick,389,902480,1,192
near_antiphase_boundary,8,32,2,[-0.25 0.25],[0 0],1,1,180,0.5,0,0,0,0,single_peak_in_scope,1,0,1,1,0,1,[65 32 32],boundary_unreliable,rejected,low,[],[],boundary evidence has higher priority than success,0,1,0,0,1,0,NaN,NaN,NaN,NaN,0.0094467,ok,quick,390,902481,1,192
large_el_pair,8,32,2,[-0.28 0.28],[0 2],0.9,0.5,0,0.56,2,2.5,1,0,single_peak_in_scope,1,1,0,2,1.875,1,[65 32 32],local_2d_pair_refinement,success,medium,[2.775 3.025],[-0.5 -6.5],,0,0,1,0,0,0,2.90000000000001,4.5,3.05500000000001,8.5,0.1300263,false_high_or_wrong_pair,quick,391,902482,1,192
large_el_pair,8,32,2,[-0.28 0.28],[0 2],0.9,0.5,0,0.56,2,2.5,1,0,single_peak_in_scope,1,1,0,2,1.875,1,[65 32 32],low_confidence,rejected,low,[],[],2-D refinement was requested but did not pass confidence checks,0,1,0,0,1,0,NaN,NaN,NaN,NaN,0.1473082,ok,quick,392,902483,1,192
large_el_pair,8,32,2,[-0.28 0.28],[0 2],0.9,0.5,0,0.56,2,2.5,1,0,single_peak_in_scope,1,1,0,2,1.875,1,[65 32 32],low_confidence,rejected,low,[],[],2-D refinement was requested but did not pass confidence checks,0,1,0,0,1,0,NaN,NaN,NaN,NaN,0.1370977,ok,quick,393,902484,1,192
large_el_pair,8,32,2,[-0.28 0.28],[0 2],0.9,0.5,0,0.56,2,2.5,1,0,single_peak_in_scope,1,1,0,2,1.875,1,[65 32 32],low_confidence,rejected,low,[],[],2-D refinement was requested but did not pass confidence checks,0,1,0,0,1,0,NaN,NaN,NaN,NaN,0.145596,ok,quick,394,902485,1,192
large_el_pair,8,32,2,[-0.28 0.28],[0 2],0.9,0.5,0,0.56,2,2.5,1,0,single_peak_in_scope,1,1,0,2,1.875,1,[65 32 32],low_confidence,rejected,low,[],[],2-D refinement was requested but did not pass confidence checks,0,1,0,0,1,0,NaN,NaN,NaN,NaN,0.1378886,ok,quick,395,902486,1,192
large_el_pair,8,32,2,[-0.28 0.28],[0 2],0.9,0.5,0,0.56,2,2.5,1,0,single_peak_in_scope,1,1,0,2,1.875,1,[65 32 32],low_confidence,rejected,low,[],[],2-D refinement was requested but did not pass confidence checks,0,1,0,0,1,0,NaN,NaN,NaN,NaN,0.1284165,ok,quick,396,902487,1,192
large_el_pair,8,32,2,[-0.28 0.28],[0 2],0.9,0.5,0,0.56,2,2.5,1,0,single_peak_in_scope,1,1,0,2,1.875,1,[65 32 32],low_confidence,rejected,low,[],[],2-D refinement was requested but did not pass confidence checks,0,1,0,0,1,0,NaN,NaN,NaN,NaN,0.1351698,ok,quick,397,902488,1,192
large_el_pair,8,32,2,[-0.28 0.28],[0 2],0.9,0.5,0,0.56,2,2.5,1,0,single_peak_in_scope,1,1,0,2,1.875,1,[65 32 32],low_confidence,rejected,low,[],[],2-D refinement was requested but did not pass confidence checks,0,1,0,0,1,0,NaN,NaN,NaN,NaN,0.1317353,ok,quick,398,902489,1,192
large_el_pair,8,32,2,[-0.28 0.28],[0 2],0.9,0.5,0,0.56,2,2.5,1,0,single_peak_in_scope,1,1,0,2,1.875,1,[65 32 32],low_confidence,rejected,low,[],[],2-D refinement was requested but did not pass confidence checks,0,1,0,0,1,0,NaN,NaN,NaN,NaN,0.1347398,ok,quick,399,902490,1,192
large_el_pair,8,32,2,[-0.28 0.28],[0 2],0.9,0.5,0,0.56,2,2.5,1,0,single_peak_in_scope,1,1,0,2,1.875,1,[65 32 32],local_2d_pair_refinement,success,medium,[2.775 2.925],[0 -6],,0,0,1,0,0,0,2.85000000000001,4,3.05500000000001,8,0.1323137,false_high_or_wrong_pair,quick,400,902491,1,192
large_el_pair,8,32,2,[-0.28 0.28],[0 2],0.9,0.5,0,0.56,2,2.5,1,0,single_peak_in_scope,1,1,0,2,1.875,1,[65 32 32],low_confidence,rejected,low,[],[],2-D refinement was requested but did not pass confidence checks,0,1,0,0,1,0,NaN,NaN,NaN,NaN,0.1346936,ok,quick,401,902492,1,192
large_el_pair,8,32,2,[-0.28 0.28],[0 2],0.9,0.5,0,0.56,2,2.5,1,0,single_peak_in_scope,1,1,0,2,1.875,1,[65 32 32],low_confidence,rejected,low,[],[],2-D refinement was requested but did not pass confidence checks,0,1,0,0,1,0,NaN,NaN,NaN,NaN,0.1455802,ok,quick,402,902493,1,192
large_el_pair,8,32,2,[-0.28 0.28],[0 2],0.9,0.5,0,0.56,2,2.5,1,0,single_peak_in_scope,1,1,0,2,1.875,1,[65 32 32],low_confidence,rejected,low,[],[],2-D refinement was requested but did not pass confidence checks,0,1,0,0,1,0,NaN,NaN,NaN,NaN,0.149223,ok,quick,403,902494,1,192
large_el_pair,8,32,2,[-0.28 0.28],[0 2],0.9,0.5,0,0.56,2,2.5,1,0,single_peak_in_scope,1,1,0,2,1.875,1,[65 32 32],low_confidence,rejected,low,[],[],2-D refinement was requested but did not pass confidence checks,0,1,0,0,1,0,NaN,NaN,NaN,NaN,0.1425355,ok,quick,404,902495,1,192
large_el_pair,8,32,2,[-0.28 0.28],[0 2],0.9,0.5,0,0.56,2,2.5,1,0,single_peak_in_scope,1,1,0,2,1.875,1,[65 32 32],low_confidence,rejected,low,[],[],2-D refinement was requested but did not pass confidence checks,0,1,0,0,1,0,NaN,NaN,NaN,NaN,0.1363336,ok,quick,405,902496,1,192
large_el_pair,8,32,2,[-0.28 0.28],[0 2],0.9,0.5,0,0.56,2,2.5,1,0,single_peak_in_scope,1,1,0,2,1.875,1,[65 32 32],local_2d_pair_refinement,success,medium,[2.725 2.875],[-0.5 -6],,0,0,1,0,0,0,2.8,4.25,3.005,8,0.1400293,false_high_or_wrong_pair,quick,406,902497,1,192
large_el_pair,8,32,2,[-0.28 0.28],[0 2],0.9,0.5,0,0.56,2,2.5,1,0,single_peak_in_scope,1,1,0,2,1.875,1,[65 32 32],low_confidence,rejected,low,[],[],2-D refinement was requested but did not pass confidence checks,0,1,0,0,1,0,NaN,NaN,NaN,NaN,0.1310016,ok,quick,407,902498,1,192
large_el_pair,8,32,2,[-0.28 0.28],[0 2],0.9,0.5,0,0.56,2,2.5,1,0,single_peak_in_scope,1,1,0,2,1.875,1,[65 32 32],low_confidence,rejected,low,[],[],2-D refinement was requested but did not pass confidence checks,0,1,0,0,1,0,NaN,NaN,NaN,NaN,0.1306497,ok,quick,408,902499,1,192
large_el_pair,8,32,2,[-0.28 0.28],[0 2],0.9,0.5,0,0.56,2,2.5,1,0,single_peak_in_scope,1,1,0,2,1.875,1,[65 32 32],local_2d_pair_refinement,success,medium,[2.775 2.975],[-0.5 -6.5],,0,0,1,0,0,0,2.875,4.5,3.05500000000001,8.5,0.1336171,false_high_or_wrong_pair,quick,409,902500,1,192
large_el_pair,8,32,2,[-0.28 0.28],[0 2],0.9,0.5,0,0.56,2,2.5,1,0,single_peak_in_scope,1,1,0,2,1.875,1,[65 32 32],low_confidence,rejected,low,[],[],2-D refinement was requested but did not pass confidence checks,0,1,0,0,1,0,NaN,NaN,NaN,NaN,0.1333815,ok,quick,410,902501,1,192
large_el_pair,8,32,2,[-0.28 0.28],[0 2],0.9,0.5,0,0.56,2,2.5,1,0,single_peak_in_scope,1,1,0,2,1.875,1,[65 32 32],local_2d_pair_refinement,success,medium,[2.775 3.025],[-0.5 -6.5],,0,0,1,0,0,0,2.90000000000001,4.5,3.05500000000001,8.5,0.1273799,false_high_or_wrong_pair,quick,411,902502,1,192
large_el_pair,8,32,2,[-0.28 0.28],[0 2],0.9,0.5,0,0.56,2,2.5,1,0,single_peak_in_scope,1,1,0,2,1.875,1,[65 32 32],local_2d_pair_refinement,success,medium,[2.775 3.025],[-0.5 -6.5],,0,0,1,0,0,0,2.90000000000001,4.5,3.05500000000001,8.5,0.1301004,false_high_or_wrong_pair,quick,412,902503,1,192
large_el_pair,8,32,2,[-0.28 0.28],[0 2],0.9,0.5,0,0.56,2,2.5,1,0,single_peak_in_scope,1,1,0,2,1.875,1,[65 32 32],low_confidence,rejected,low,[],[],2-D refinement was requested but did not pass confidence checks,0,1,0,0,1,0,NaN,NaN,NaN,NaN,0.1328779,ok,quick,413,902504,1,192
large_el_pair,8,32,2,[-0.28 0.28],[0 2],0.9,0.5,0,0.56,2,2.5,1,0,single_peak_in_scope,1,1,0,2,1.875,1,[65 32 32],low_confidence,rejected,low,[],[],2-D refinement was requested but did not pass confidence checks,0,1,0,0,1,0,NaN,NaN,NaN,NaN,0.129962,ok,quick,414,902505,1,192
large_el_pair,8,32,2,[-0.28 0.28],[0 2],0.9,0.5,0,0.56,2,2.5,1,0,single_peak_in_scope,1,1,0,2,1.875,1,[65 32 32],local_2d_pair_refinement,success,medium,[2.775 3.325],[0 8.5],,0,0,1,0,0,0,3.05,3.25,3.05500000000001,6.5,0.1314028,false_high_or_wrong_pair,quick,415,902506,1,192
large_el_pair,8,32,2,[-0.28 0.28],[0 2],0.9,0.5,0,0.56,2,2.5,1,0,single_peak_in_scope,1,1,0,2,1.875,1,[65 32 32],low_confidence,rejected,low,[],[],2-D refinement was requested but did not pass confidence checks,0,1,0,0,1,0,NaN,NaN,NaN,NaN,0.1291998,ok,quick,416,902507,1,192
large_el_pair,8,32,2,[-0.28 0.28],[0 2],0.9,0.5,0,0.56,2,2.5,1,0,single_peak_in_scope,1,1,0,2,1.875,1,[65 32 32],local_2d_pair_refinement,success,medium,[2.775 3.325],[-0.5 8.5],,0,0,1,0,0,0,3.05,3.5,3.05500000000001,6.5,0.1302222,false_high_or_wrong_pair,quick,417,902508,1,192
large_el_pair,8,32,2,[-0.28 0.28],[0 2],0.9,0.5,0,0.56,2,2.5,1,0,single_peak_in_scope,1,1,0,2,1.875,1,[65 32 32],low_confidence,rejected,low,[],[],2-D refinement was requested but did not pass confidence checks,0,1,0,0,1,0,NaN,NaN,NaN,NaN,0.1307529,ok,quick,418,902509,1,192
large_el_pair,8,32,2,[-0.28 0.28],[0 2],0.9,0.5,0,0.56,2,2.5,1,0,single_peak_in_scope,1,1,0,2,1.875,1,[65 32 32],local_2d_pair_refinement,success,medium,[2.775 3.275],[-0.5 8.5],,0,0,1,0,0,0,3.02500000000001,3.5,3.05500000000001,6.5,0.130476,false_high_or_wrong_pair,quick,419,902510,1,192
large_el_pair,8,32,2,[-0.28 0.28],[0 2],0.9,0.5,0,0.56,2,2.5,1,0,single_peak_in_scope,1,1,0,2,1.875,1,[65 32 32],low_confidence,rejected,low,[],[],2-D refinement was requested but did not pass confidence checks,0,1,0,0,1,0,NaN,NaN,NaN,NaN,0.128915,ok,quick,420,902511,1,192
large_el_pair,8,32,2,[-0.28 0.28],[0 3],0.9,0.5,0,0.56,3,2.5,1.5,0,single_peak_in_scope,1,1,0,2,1.875,1,[65 32 32],local_2d_pair_refinement,success,medium,[2.875 3.325],[0 9],,0,0,1,0,0,0,3.09999999999999,3,3.155,6,0.1254574,false_high_or_wrong_pair,quick,421,902512,1,192
large_el_pair,8,32,2,[-0.28 0.28],[0 3],0.9,0.5,0,0.56,3,2.5,1.5,0,single_peak_in_scope,1,1,0,2,1.875,1,[65 32 32],local_2d_pair_refinement,success,medium,[2.875 3.325],[0 9],,0,0,1,0,0,0,3.09999999999999,3,3.155,6,0.1280275,false_high_or_wrong_pair,quick,422,902513,1,192
large_el_pair,8,32,2,[-0.28 0.28],[0 3],0.9,0.5,0,0.56,3,2.5,1.5,0,single_peak_in_scope,1,1,0,2,1.875,1,[65 32 32],local_2d_pair_refinement,success,medium,[2.875 3.275],[0 9],,0,0,1,0,0,0,3.075,3,3.155,6,0.1350583,false_high_or_wrong_pair,quick,423,902514,1,192
large_el_pair,8,32,2,[-0.28 0.28],[0 3],0.9,0.5,0,0.56,3,2.5,1.5,0,single_peak_in_scope,1,1,0,2,1.875,1,[65 32 32],local_2d_pair_refinement,success,medium,[2.875 3.025],[0 -6],,0,0,1,0,0,0,2.95,4.5,3.155,9,0.1646722,false_high_or_wrong_pair,quick,424,902515,1,192
large_el_pair,8,32,2,[-0.28 0.28],[0 3],0.9,0.5,0,0.56,3,2.5,1.5,0,single_peak_in_scope,1,1,0,2,1.875,1,[65 32 32],local_2d_pair_refinement,success,medium,[2.875 3.275],[0 9],,0,0,1,0,0,0,3.075,3,3.155,6,0.1747479,false_high_or_wrong_pair,quick,425,902516,1,192
large_el_pair,8,32,2,[-0.28 0.28],[0 3],0.9,0.5,0,0.56,3,2.5,1.5,0,single_peak_in_scope,1,1,0,2,1.875,1,[65 32 32],local_2d_pair_refinement,success,medium,[2.825 3.325],[0 9],,0,0,1,0,0,0,3.07499999999999,3,3.10499999999999,6,0.1333445,false_high_or_wrong_pair,quick,426,902517,1,192
large_el_pair,8,32,2,[-0.28 0.28],[0 3],0.9,0.5,0,0.56,3,2.5,1.5,0,single_peak_in_scope,1,1,0,2,1.875,1,[65 32 32],local_2d_pair_refinement,success,medium,[2.875 3.325],[0 9],,0,0,1,0,0,0,3.09999999999999,3,3.155,6,0.131173,false_high_or_wrong_pair,quick,427,902518,1,192
large_el_pair,8,32,2,[-0.28 0.28],[0 3],0.9,0.5,0,0.56,3,2.5,1.5,0,single_peak_in_scope,1,1,0,2,1.875,1,[65 32 32],local_2d_pair_refinement,success,medium,[2.825 3.325],[0 9],,0,0,1,0,0,0,3.07499999999999,3,3.10499999999999,6,0.1333461,false_high_or_wrong_pair,quick,428,902519,1,192
large_el_pair,8,32,2,[-0.28 0.28],[0 3],0.9,0.5,0,0.56,3,2.5,1.5,0,single_peak_in_scope,1,1,0,2,1.875,1,[65 32 32],local_2d_pair_refinement,success,medium,[2.875 3.025],[0 -6],,0,0,1,0,0,0,2.95,4.5,3.155,9,0.1350283,false_high_or_wrong_pair,quick,429,902520,1,192
large_el_pair,8,32,2,[-0.28 0.28],[0 3],0.9,0.5,0,0.56,3,2.5,1.5,0,single_peak_in_scope,1,1,0,2,1.875,1,[65 32 32],local_2d_pair_refinement,success,medium,[2.875 3.025],[0 -6],,0,0,1,0,0,0,2.95,4.5,3.155,9,0.1296448,false_high_or_wrong_pair,quick,430,902521,1,192
large_el_pair,8,32,2,[-0.28 0.28],[0 3],0.9,0.5,0,0.56,3,2.5,1.5,0,single_peak_in_scope,1,1,0,2,1.875,1,[65 32 32],local_2d_pair_refinement,success,medium,[2.875 3.325],[0 9],,0,0,1,0,0,0,3.09999999999999,3,3.155,6,0.1263287,false_high_or_wrong_pair,quick,431,902522,1,192
large_el_pair,8,32,2,[-0.28 0.28],[0 3],0.9,0.5,0,0.56,3,2.5,1.5,0,single_peak_in_scope,1,1,0,2,1.875,1,[65 32 32],local_2d_pair_refinement,success,medium,[2.875 3.325],[0 9],,0,0,1,0,0,0,3.09999999999999,3,3.155,6,0.1257444,false_high_or_wrong_pair,quick,432,902523,1,192
large_el_pair,8,32,2,[-0.28 0.28],[0 3],0.9,0.5,0,0.56,3,2.5,1.5,0,single_peak_in_scope,1,1,0,2,1.875,1,[65 32 32],low_confidence,rejected,low,[],[],2-D refinement was requested but did not pass confidence checks,0,1,0,0,1,0,NaN,NaN,NaN,NaN,0.123643,ok,quick,433,902524,1,192
large_el_pair,8,32,2,[-0.28 0.28],[0 3],0.9,0.5,0,0.56,3,2.5,1.5,0,single_peak_in_scope,1,1,0,2,1.875,1,[65 32 32],local_2d_pair_refinement,success,medium,[2.825 3.325],[0 9],,0,0,1,0,0,0,3.07499999999999,3,3.10499999999999,6,0.1255431,false_high_or_wrong_pair,quick,434,902525,1,192
large_el_pair,8,32,2,[-0.28 0.28],[0 3],0.9,0.5,0,0.56,3,2.5,1.5,0,single_peak_in_scope,1,1,0,2,1.875,1,[65 32 32],local_2d_pair_refinement,success,medium,[2.825 3.325],[0 9],,0,0,1,0,0,0,3.07499999999999,3,3.10499999999999,6,0.130048,false_high_or_wrong_pair,quick,435,902526,1,192
large_el_pair,8,32,2,[-0.28 0.28],[0 3],0.9,0.5,0,0.56,3,2.5,1.5,0,single_peak_in_scope,1,1,0,2,1.875,1,[65 32 32],local_2d_pair_refinement,success,medium,[2.875 3.325],[0 9],,0,0,1,0,0,0,3.09999999999999,3,3.155,6,0.134199,false_high_or_wrong_pair,quick,436,902527,1,192
large_el_pair,8,32,2,[-0.28 0.28],[0 3],0.9,0.5,0,0.56,3,2.5,1.5,0,single_peak_in_scope,1,1,0,2,1.875,1,[65 32 32],local_2d_pair_refinement,success,medium,[2.875 3.325],[0 9],,0,0,1,0,0,0,3.09999999999999,3,3.155,6,0.1258025,false_high_or_wrong_pair,quick,437,902528,1,192
large_el_pair,8,32,2,[-0.28 0.28],[0 3],0.9,0.5,0,0.56,3,2.5,1.5,0,single_peak_in_scope,1,1,0,2,1.875,1,[65 32 32],local_2d_pair_refinement,success,medium,[2.875 3.275],[0 9],,0,0,1,0,0,0,3.075,3,3.155,6,0.1356538,false_high_or_wrong_pair,quick,438,902529,1,192
large_el_pair,8,32,2,[-0.28 0.28],[0 3],0.9,0.5,0,0.56,3,2.5,1.5,0,single_peak_in_scope,1,1,0,2,1.875,1,[65 32 32],local_2d_pair_refinement,success,medium,[2.875 3.325],[0 9],,0,0,1,0,0,0,3.09999999999999,3,3.155,6,0.1365084,false_high_or_wrong_pair,quick,439,902530,1,192
large_el_pair,8,32,2,[-0.28 0.28],[0 3],0.9,0.5,0,0.56,3,2.5,1.5,0,single_peak_in_scope,1,1,0,2,1.875,1,[65 32 32],local_2d_pair_refinement,success,medium,[2.875 3.025],[0 -6],,0,0,1,0,0,0,2.95,4.5,3.155,9,0.1323652,false_high_or_wrong_pair,quick,440,902531,1,192
large_el_pair,8,32,2,[-0.28 0.28],[0 3],0.9,0.5,0,0.56,3,2.5,1.5,0,single_peak_in_scope,1,1,0,2,1.875,1,[65 32 32],local_2d_pair_refinement,success,medium,[2.875 3.325],[0 9],,0,0,1,0,0,0,3.09999999999999,3,3.155,6,0.1406089,false_high_or_wrong_pair,quick,441,902532,1,192
large_el_pair,8,32,2,[-0.28 0.28],[0 3],0.9,0.5,0,0.56,3,2.5,1.5,0,single_peak_in_scope,1,1,0,2,1.875,1,[65 32 32],local_2d_pair_refinement,success,medium,[2.875 3.325],[0 9],,0,0,1,0,0,0,3.09999999999999,3,3.155,6,0.1352325,false_high_or_wrong_pair,quick,442,902533,1,192
large_el_pair,8,32,2,[-0.28 0.28],[0 3],0.9,0.5,0,0.56,3,2.5,1.5,0,single_peak_in_scope,1,1,0,2,1.875,1,[65 32 32],local_2d_pair_refinement,success,medium,[2.875 3.325],[0 9],,0,0,1,0,0,0,3.09999999999999,3,3.155,6,0.1407371,false_high_or_wrong_pair,quick,443,902534,1,192
large_el_pair,8,32,2,[-0.28 0.28],[0 3],0.9,0.5,0,0.56,3,2.5,1.5,0,single_peak_in_scope,1,1,0,2,1.875,1,[65 32 32],local_2d_pair_refinement,success,medium,[2.875 3.325],[0 9],,0,0,1,0,0,0,3.09999999999999,3,3.155,6,0.1341127,false_high_or_wrong_pair,quick,444,902535,1,192
large_el_pair,8,32,2,[-0.28 0.28],[0 3],0.9,0.5,0,0.56,3,2.5,1.5,0,single_peak_in_scope,1,1,0,2,1.875,1,[65 32 32],local_2d_pair_refinement,success,medium,[2.875 3.325],[0 9],,0,0,1,0,0,0,3.09999999999999,3,3.155,6,0.1433663,false_high_or_wrong_pair,quick,445,902536,1,192
large_el_pair,8,32,2,[-0.28 0.28],[0 3],0.9,0.5,0,0.56,3,2.5,1.5,0,single_peak_in_scope,1,1,0,2,1.875,1,[65 32 32],local_2d_pair_refinement,success,medium,[2.875 3.325],[0 9],,0,0,1,0,0,0,3.09999999999999,3,3.155,6,0.1382643,false_high_or_wrong_pair,quick,446,902537,1,192
large_el_pair,8,32,2,[-0.28 0.28],[0 3],0.9,0.5,0,0.56,3,2.5,1.5,0,single_peak_in_scope,1,1,0,2,1.875,1,[65 32 32],local_2d_pair_refinement,success,medium,[2.875 3.025],[0 -6],,0,0,1,0,0,0,2.95,4.5,3.155,9,0.1296942,false_high_or_wrong_pair,quick,447,902538,1,192
large_el_pair,8,32,2,[-0.28 0.28],[0 3],0.9,0.5,0,0.56,3,2.5,1.5,0,single_peak_in_scope,1,1,0,2,1.875,1,[65 32 32],local_2d_pair_refinement,success,medium,[2.875 3.275],[0 9],,0,0,1,0,0,0,3.075,3,3.155,6,0.1267105,false_high_or_wrong_pair,quick,448,902539,1,192
large_el_pair,8,32,2,[-0.28 0.28],[0 3],0.9,0.5,0,0.56,3,2.5,1.5,0,single_peak_in_scope,1,1,0,2,1.875,1,[65 32 32],local_2d_pair_refinement,success,medium,[2.875 3.325],[0 9],,0,0,1,0,0,0,3.09999999999999,3,3.155,6,0.120917,false_high_or_wrong_pair,quick,449,902540,1,192
large_el_pair,8,32,2,[-0.28 0.28],[0 3],0.9,0.5,0,0.56,3,2.5,1.5,0,single_peak_in_scope,1,1,0,2,1.875,1,[65 32 32],local_2d_pair_refinement,success,medium,[2.875 3.325],[0 9],,0,0,1,0,0,0,3.09999999999999,3,3.155,6,0.1239065,false_high_or_wrong_pair,quick,450,902541,1,192
large_el_pair,8,32,2,[-0.28 0.28],[0 5],0.9,0.5,0,0.56,5,2.5,2.5,0,single_peak_in_scope,1,1,0,2,1.875,1,[65 32 32],low_confidence,rejected,low,[],[],2-D refinement was requested but did not pass confidence checks,0,1,0,0,1,0,NaN,NaN,NaN,NaN,0.1296379,ok,quick,451,902542,1,192
large_el_pair,8,32,2,[-0.28 0.28],[0 5],0.9,0.5,0,0.56,5,2.5,2.5,0,single_peak_in_scope,1,1,0,2,1.875,1,[65 32 32],local_2d_pair_refinement,success,medium,[2.875 3.325],[0 10.5],,0,0,1,0,0,0,3.09999999999999,2.75,3.155,5.5,0.1256048,false_high_or_wrong_pair,quick,452,902543,1,192
large_el_pair,8,32,2,[-0.28 0.28],[0 5],0.9,0.5,0,0.56,5,2.5,2.5,0,single_peak_in_scope,1,1,0,2,1.875,1,[65 32 32],low_confidence,rejected,low,[],[],2-D refinement was requested but did not pass confidence checks,0,1,0,0,1,0,NaN,NaN,NaN,NaN,0.1307193,ok,quick,453,902544,1,192
large_el_pair,8,32,2,[-0.28 0.28],[0 5],0.9,0.5,0,0.56,5,2.5,2.5,0,single_peak_in_scope,1,1,0,2,1.875,1,[65 32 32],local_2d_pair_refinement,success,medium,[2.875 3.325],[0 10.5],,0,0,1,0,0,0,3.09999999999999,2.75,3.155,5.5,0.1376237,false_high_or_wrong_pair,quick,454,902545,1,192
large_el_pair,8,32,2,[-0.28 0.28],[0 5],0.9,0.5,0,0.56,5,2.5,2.5,0,single_peak_in_scope,1,1,0,2,1.875,1,[65 32 32],low_confidence,rejected,low,[],[],2-D refinement was requested but did not pass confidence checks,0,1,0,0,1,0,NaN,NaN,NaN,NaN,0.1285679,ok,quick,455,902546,1,192
large_el_pair,8,32,2,[-0.28 0.28],[0 5],0.9,0.5,0,0.56,5,2.5,2.5,0,single_peak_in_scope,1,1,0,2,1.875,1,[65 32 32],low_confidence,rejected,low,[],[],2-D refinement was requested but did not pass confidence checks,0,1,0,0,1,0,NaN,NaN,NaN,NaN,0.1268988,ok,quick,456,902547,1,192
large_el_pair,8,32,2,[-0.28 0.28],[0 5],0.9,0.5,0,0.56,5,2.5,2.5,0,single_peak_in_scope,1,1,0,2,1.875,1,[65 32 32],low_confidence,rejected,low,[],[],2-D refinement was requested but did not pass confidence checks,0,1,0,0,1,0,NaN,NaN,NaN,NaN,0.1278398,ok,quick,457,902548,1,192
large_el_pair,8,32,2,[-0.28 0.28],[0 5],0.9,0.5,0,0.56,5,2.5,2.5,0,single_peak_in_scope,1,1,0,2,1.875,1,[65 32 32],low_confidence,rejected,low,[],[],2-D refinement was requested but did not pass confidence checks,0,1,0,0,1,0,NaN,NaN,NaN,NaN,0.1276925,ok,quick,458,902549,1,192
large_el_pair,8,32,2,[-0.28 0.28],[0 5],0.9,0.5,0,0.56,5,2.5,2.5,0,single_peak_in_scope,1,1,0,2,1.875,1,[65 32 32],low_confidence,rejected,low,[],[],2-D refinement was requested but did not pass confidence checks,0,1,0,0,1,0,NaN,NaN,NaN,NaN,0.1320618,ok,quick,459,902550,1,192
large_el_pair,8,32,2,[-0.28 0.28],[0 5],0.9,0.5,0,0.56,5,2.5,2.5,0,single_peak_in_scope,1,1,0,2,1.875,1,[65 32 32],low_confidence,rejected,low,[],[],2-D refinement was requested but did not pass confidence checks,0,1,0,0,1,0,NaN,NaN,NaN,NaN,0.1264175,ok,quick,460,902551,1,192
large_el_pair,8,32,2,[-0.28 0.28],[0 5],0.9,0.5,0,0.56,5,2.5,2.5,0,single_peak_in_scope,1,1,0,2,1.875,1,[65 32 32],low_confidence,rejected,low,[],[],2-D refinement was requested but did not pass confidence checks,0,1,0,0,1,0,NaN,NaN,NaN,NaN,0.1295191,ok,quick,461,902552,1,192
large_el_pair,8,32,2,[-0.28 0.28],[0 5],0.9,0.5,0,0.56,5,2.5,2.5,0,single_peak_in_scope,1,1,0,2,1.875,1,[65 32 32],low_confidence,rejected,low,[],[],2-D refinement was requested but did not pass confidence checks,0,1,0,0,1,0,NaN,NaN,NaN,NaN,0.1276641,ok,quick,462,902553,1,192
large_el_pair,8,32,2,[-0.28 0.28],[0 5],0.9,0.5,0,0.56,5,2.5,2.5,0,single_peak_in_scope,1,1,0,2,1.875,1,[65 32 32],low_confidence,rejected,low,[],[],2-D refinement was requested but did not pass confidence checks,0,1,0,0,1,0,NaN,NaN,NaN,NaN,0.135169,ok,quick,463,902554,1,192
large_el_pair,8,32,2,[-0.28 0.28],[0 5],0.9,0.5,0,0.56,5,2.5,2.5,0,single_peak_in_scope,1,1,0,2,1.875,1,[65 32 32],local_2d_pair_refinement,success,medium,[2.875 3.325],[0 10.5],,0,0,1,0,0,0,3.09999999999999,2.75,3.155,5.5,0.1371956,false_high_or_wrong_pair,quick,464,902555,1,192
large_el_pair,8,32,2,[-0.28 0.28],[0 5],0.9,0.5,0,0.56,5,2.5,2.5,0,single_peak_in_scope,1,1,0,2,1.875,1,[65 32 32],low_confidence,rejected,low,[],[],2-D refinement was requested but did not pass confidence checks,0,1,0,0,1,0,NaN,NaN,NaN,NaN,0.1312783,ok,quick,465,902556,1,192
large_el_pair,8,32,2,[-0.28 0.28],[0 5],0.9,0.5,0,0.56,5,2.5,2.5,0,single_peak_in_scope,1,1,0,2,1.875,1,[65 32 32],low_confidence,rejected,low,[],[],2-D refinement was requested but did not pass confidence checks,0,1,0,0,1,0,NaN,NaN,NaN,NaN,0.1406066,ok,quick,466,902557,1,192
large_el_pair,8,32,2,[-0.28 0.28],[0 5],0.9,0.5,0,0.56,5,2.5,2.5,0,single_peak_in_scope,1,1,0,2,1.875,1,[65 32 32],local_2d_pair_refinement,success,medium,[2.875 3.325],[0 10.5],,0,0,1,0,0,0,3.09999999999999,2.75,3.155,5.5,0.1328252,false_high_or_wrong_pair,quick,467,902558,1,192
large_el_pair,8,32,2,[-0.28 0.28],[0 5],0.9,0.5,0,0.56,5,2.5,2.5,0,single_peak_in_scope,1,1,0,2,1.875,1,[65 32 32],low_confidence,rejected,low,[],[],2-D refinement was requested but did not pass confidence checks,0,1,0,0,1,0,NaN,NaN,NaN,NaN,0.1357107,ok,quick,468,902559,1,192
large_el_pair,8,32,2,[-0.28 0.28],[0 5],0.9,0.5,0,0.56,5,2.5,2.5,0,single_peak_in_scope,1,1,0,2,1.875,1,[65 32 32],low_confidence,rejected,low,[],[],2-D refinement was requested but did not pass confidence checks,0,1,0,0,1,0,NaN,NaN,NaN,NaN,0.1331387,ok,quick,469,902560,1,192
large_el_pair,8,32,2,[-0.28 0.28],[0 5],0.9,0.5,0,0.56,5,2.5,2.5,0,single_peak_in_scope,1,1,0,2,1.875,1,[65 32 32],low_confidence,rejected,low,[],[],2-D refinement was requested but did not pass confidence checks,0,1,0,0,1,0,NaN,NaN,NaN,NaN,0.1307582,ok,quick,470,902561,1,192
large_el_pair,8,32,2,[-0.28 0.28],[0 5],0.9,0.5,0,0.56,5,2.5,2.5,0,single_peak_in_scope,1,1,0,2,1.875,1,[65 32 32],low_confidence,rejected,low,[],[],2-D refinement was requested but did not pass confidence checks,0,1,0,0,1,0,NaN,NaN,NaN,NaN,0.1307151,ok,quick,471,902562,1,192
large_el_pair,8,32,2,[-0.28 0.28],[0 5],0.9,0.5,0,0.56,5,2.5,2.5,0,single_peak_in_scope,1,1,0,2,1.875,1,[65 32 32],low_confidence,rejected,low,[],[],2-D refinement was requested but did not pass confidence checks,0,1,0,0,1,0,NaN,NaN,NaN,NaN,0.1328598,ok,quick,472,902563,1,192
large_el_pair,8,32,2,[-0.28 0.28],[0 5],0.9,0.5,0,0.56,5,2.5,2.5,0,single_peak_in_scope,1,1,0,2,1.875,1,[65 32 32],low_confidence,rejected,low,[],[],2-D refinement was requested but did not pass confidence checks,0,1,0,0,1,0,NaN,NaN,NaN,NaN,0.1246719,ok,quick,473,902564,1,192
large_el_pair,8,32,2,[-0.28 0.28],[0 5],0.9,0.5,0,0.56,5,2.5,2.5,0,single_peak_in_scope,1,1,0,2,1.875,1,[65 32 32],low_confidence,rejected,low,[],[],2-D refinement was requested but did not pass confidence checks,0,1,0,0,1,0,NaN,NaN,NaN,NaN,0.1390115,ok,quick,474,902565,1,192
large_el_pair,8,32,2,[-0.28 0.28],[0 5],0.9,0.5,0,0.56,5,2.5,2.5,0,single_peak_in_scope,1,1,0,2,1.875,1,[65 32 32],low_confidence,rejected,low,[],[],2-D refinement was requested but did not pass confidence checks,0,1,0,0,1,0,NaN,NaN,NaN,NaN,0.1366659,ok,quick,475,902566,1,192
large_el_pair,8,32,2,[-0.28 0.28],[0 5],0.9,0.5,0,0.56,5,2.5,2.5,0,single_peak_in_scope,1,1,0,2,1.875,1,[65 32 32],low_confidence,rejected,low,[],[],2-D refinement was requested but did not pass confidence checks,0,1,0,0,1,0,NaN,NaN,NaN,NaN,0.1287099,ok,quick,476,902567,1,192
large_el_pair,8,32,2,[-0.28 0.28],[0 5],0.9,0.5,0,0.56,5,2.5,2.5,0,single_peak_in_scope,1,1,0,2,1.875,1,[65 32 32],local_2d_pair_refinement,success,medium,[2.875 3.325],[0 10.5],,0,0,1,0,0,0,3.09999999999999,2.75,3.155,5.5,0.1306175,false_high_or_wrong_pair,quick,477,902568,1,192
large_el_pair,8,32,2,[-0.28 0.28],[0 5],0.9,0.5,0,0.56,5,2.5,2.5,0,single_peak_in_scope,1,1,0,2,1.875,1,[65 32 32],low_confidence,rejected,low,[],[],2-D refinement was requested but did not pass confidence checks,0,1,0,0,1,0,NaN,NaN,NaN,NaN,0.131213,ok,quick,478,902569,1,192
large_el_pair,8,32,2,[-0.28 0.28],[0 5],0.9,0.5,0,0.56,5,2.5,2.5,0,single_peak_in_scope,1,1,0,2,1.875,1,[65 32 32],low_confidence,rejected,low,[],[],2-D refinement was requested but did not pass confidence checks,0,1,0,0,1,0,NaN,NaN,NaN,NaN,0.1394585,ok,quick,479,902570,1,192
large_el_pair,8,32,2,[-0.28 0.28],[0 5],0.9,0.5,0,0.56,5,2.5,2.5,0,single_peak_in_scope,1,1,0,2,1.875,1,[65 32 32],local_2d_pair_refinement,success,medium,[2.875 3.325],[0 10.5],,0,0,1,0,0,0,3.09999999999999,2.75,3.155,5.5,0.1309586,false_high_or_wrong_pair,quick,480,902571,1,192
large_el_pair,8,32,2,[-0.28 0.28],[0 8],0.9,0.5,0,0.56,8,2.5,4,0,single_peak_in_scope,1,1,0,2,1.875,1,[65 32 32],low_confidence,rejected,low,[],[],2-D refinement was requested but did not pass confidence checks,0,1,0,0,1,0,NaN,NaN,NaN,NaN,0.1302514,ok,quick,481,902572,1,192
large_el_pair,8,32,2,[-0.28 0.28],[0 8],0.9,0.5,0,0.56,8,2.5,4,0,single_peak_in_scope,1,1,0,2,1.875,1,[65 32 32],low_confidence,rejected,low,[],[],2-D refinement was requested but did not pass confidence checks,0,1,0,0,1,0,NaN,NaN,NaN,NaN,0.127917,ok,quick,482,902573,1,192
large_el_pair,8,32,2,[-0.28 0.28],[0 8],0.9,0.5,0,0.56,8,2.5,4,0,single_peak_in_scope,1,1,0,2,1.875,1,[65 32 32],low_confidence,rejected,low,[],[],2-D refinement was requested but did not pass confidence checks,0,1,0,0,1,0,NaN,NaN,NaN,NaN,0.1392978,ok,quick,483,902574,1,192
large_el_pair,8,32,2,[-0.28 0.28],[0 8],0.9,0.5,0,0.56,8,2.5,4,0,single_peak_in_scope,1,1,0,2,1.875,1,[65 32 32],low_confidence,rejected,low,[],[],2-D refinement was requested but did not pass confidence checks,0,1,0,0,1,0,NaN,NaN,NaN,NaN,0.145443,ok,quick,484,902575,1,192
large_el_pair,8,32,2,[-0.28 0.28],[0 8],0.9,0.5,0,0.56,8,2.5,4,0,single_peak_in_scope,1,1,0,2,1.875,1,[65 32 32],low_confidence,rejected,low,[],[],2-D refinement was requested but did not pass confidence checks,0,1,0,0,1,0,NaN,NaN,NaN,NaN,0.1564164,ok,quick,485,902576,1,192
large_el_pair,8,32,2,[-0.28 0.28],[0 8],0.9,0.5,0,0.56,8,2.5,4,0,single_peak_in_scope,1,1,0,2,1.875,1,[65 32 32],low_confidence,rejected,low,[],[],2-D refinement was requested but did not pass confidence checks,0,1,0,0,1,0,NaN,NaN,NaN,NaN,0.1353502,ok,quick,486,902577,1,192
large_el_pair,8,32,2,[-0.28 0.28],[0 8],0.9,0.5,0,0.56,8,2.5,4,0,single_peak_in_scope,1,1,0,2,1.875,1,[65 32 32],low_confidence,rejected,low,[],[],2-D refinement was requested but did not pass confidence checks,0,1,0,0,1,0,NaN,NaN,NaN,NaN,0.1366775,ok,quick,487,902578,1,192
large_el_pair,8,32,2,[-0.28 0.28],[0 8],0.9,0.5,0,0.56,8,2.5,4,0,single_peak_in_scope,1,1,0,2,1.875,1,[65 32 32],low_confidence,rejected,low,[],[],2-D refinement was requested but did not pass confidence checks,0,1,0,0,1,0,NaN,NaN,NaN,NaN,0.1330098,ok,quick,488,902579,1,192
large_el_pair,8,32,2,[-0.28 0.28],[0 8],0.9,0.5,0,0.56,8,2.5,4,0,single_peak_in_scope,1,1,0,2,1.875,1,[65 32 32],low_confidence,rejected,low,[],[],2-D refinement was requested but did not pass confidence checks,0,1,0,0,1,0,NaN,NaN,NaN,NaN,0.1310022,ok,quick,489,902580,1,192
large_el_pair,8,32,2,[-0.28 0.28],[0 8],0.9,0.5,0,0.56,8,2.5,4,0,single_peak_in_scope,1,1,0,2,1.875,1,[65 32 32],low_confidence,rejected,low,[],[],2-D refinement was requested but did not pass confidence checks,0,1,0,0,1,0,NaN,NaN,NaN,NaN,0.134423,ok,quick,490,902581,1,192
large_el_pair,8,32,2,[-0.28 0.28],[0 8],0.9,0.5,0,0.56,8,2.5,4,0,single_peak_in_scope,1,1,0,2,1.875,1,[65 32 32],low_confidence,rejected,low,[],[],2-D refinement was requested but did not pass confidence checks,0,1,0,0,1,0,NaN,NaN,NaN,NaN,0.1269413,ok,quick,491,902582,1,192
large_el_pair,8,32,2,[-0.28 0.28],[0 8],0.9,0.5,0,0.56,8,2.5,4,0,single_peak_in_scope,1,1,0,2,1.875,1,[65 32 32],low_confidence,rejected,low,[],[],2-D refinement was requested but did not pass confidence checks,0,1,0,0,1,0,NaN,NaN,NaN,NaN,0.1330897,ok,quick,492,902583,1,192
large_el_pair,8,32,2,[-0.28 0.28],[0 8],0.9,0.5,0,0.56,8,2.5,4,0,single_peak_in_scope,1,1,0,2,1.875,1,[65 32 32],low_confidence,rejected,low,[],[],2-D refinement was requested but did not pass confidence checks,0,1,0,0,1,0,NaN,NaN,NaN,NaN,0.1321532,ok,quick,493,902584,1,192
large_el_pair,8,32,2,[-0.28 0.28],[0 8],0.9,0.5,0,0.56,8,2.5,4,0,single_peak_in_scope,1,1,0,2,1.875,1,[65 32 32],low_confidence,rejected,low,[],[],2-D refinement was requested but did not pass confidence checks,0,1,0,0,1,0,NaN,NaN,NaN,NaN,0.1287432,ok,quick,494,902585,1,192
large_el_pair,8,32,2,[-0.28 0.28],[0 8],0.9,0.5,0,0.56,8,2.5,4,0,single_peak_in_scope,1,1,0,2,1.875,1,[65 32 32],low_confidence,rejected,low,[],[],2-D refinement was requested but did not pass confidence checks,0,1,0,0,1,0,NaN,NaN,NaN,NaN,0.1350862,ok,quick,495,902586,1,192
large_el_pair,8,32,2,[-0.28 0.28],[0 8],0.9,0.5,0,0.56,8,2.5,4,0,single_peak_in_scope,1,1,0,2,1.875,1,[65 32 32],low_confidence,rejected,low,[],[],2-D refinement was requested but did not pass confidence checks,0,1,0,0,1,0,NaN,NaN,NaN,NaN,0.1291039,ok,quick,496,902587,1,192
large_el_pair,8,32,2,[-0.28 0.28],[0 8],0.9,0.5,0,0.56,8,2.5,4,0,single_peak_in_scope,1,1,0,2,1.875,1,[65 32 32],low_confidence,rejected,low,[],[],2-D refinement was requested but did not pass confidence checks,0,1,0,0,1,0,NaN,NaN,NaN,NaN,0.136406,ok,quick,497,902588,1,192
large_el_pair,8,32,2,[-0.28 0.28],[0 8],0.9,0.5,0,0.56,8,2.5,4,0,single_peak_in_scope,1,1,0,2,1.875,1,[65 32 32],low_confidence,rejected,low,[],[],2-D refinement was requested but did not pass confidence checks,0,1,0,0,1,0,NaN,NaN,NaN,NaN,0.1323125,ok,quick,498,902589,1,192
large_el_pair,8,32,2,[-0.28 0.28],[0 8],0.9,0.5,0,0.56,8,2.5,4,0,single_peak_in_scope,1,1,0,2,1.875,1,[65 32 32],low_confidence,rejected,low,[],[],2-D refinement was requested but did not pass confidence checks,0,1,0,0,1,0,NaN,NaN,NaN,NaN,0.1351556,ok,quick,499,902590,1,192
large_el_pair,8,32,2,[-0.28 0.28],[0 8],0.9,0.5,0,0.56,8,2.5,4,0,single_peak_in_scope,1,1,0,2,1.875,1,[65 32 32],low_confidence,rejected,low,[],[],2-D refinement was requested but did not pass confidence checks,0,1,0,0,1,0,NaN,NaN,NaN,NaN,0.1380981,ok,quick,500,902591,1,192
large_el_pair,8,32,2,[-0.28 0.28],[0 8],0.9,0.5,0,0.56,8,2.5,4,0,single_peak_in_scope,1,1,0,2,1.875,1,[65 32 32],low_confidence,rejected,low,[],[],2-D refinement was requested but did not pass confidence checks,0,1,0,0,1,0,NaN,NaN,NaN,NaN,0.1278143,ok,quick,501,902592,1,192
large_el_pair,8,32,2,[-0.28 0.28],[0 8],0.9,0.5,0,0.56,8,2.5,4,0,single_peak_in_scope,1,1,0,2,1.875,1,[65 32 32],low_confidence,rejected,low,[],[],2-D refinement was requested but did not pass confidence checks,0,1,0,0,1,0,NaN,NaN,NaN,NaN,0.1361089,ok,quick,502,902593,1,192
large_el_pair,8,32,2,[-0.28 0.28],[0 8],0.9,0.5,0,0.56,8,2.5,4,0,single_peak_in_scope,1,1,0,2,1.875,1,[65 32 32],low_confidence,rejected,low,[],[],2-D refinement was requested but did not pass confidence checks,0,1,0,0,1,0,NaN,NaN,NaN,NaN,0.1321031,ok,quick,503,902594,1,192
large_el_pair,8,32,2,[-0.28 0.28],[0 8],0.9,0.5,0,0.56,8,2.5,4,0,single_peak_in_scope,1,1,0,2,1.875,1,[65 32 32],low_confidence,rejected,low,[],[],2-D refinement was requested but did not pass confidence checks,0,1,0,0,1,0,NaN,NaN,NaN,NaN,0.1343024,ok,quick,504,902595,1,192
large_el_pair,8,32,2,[-0.28 0.28],[0 8],0.9,0.5,0,0.56,8,2.5,4,0,single_peak_in_scope,1,1,0,2,1.875,1,[65 32 32],low_confidence,rejected,low,[],[],2-D refinement was requested but did not pass confidence checks,0,1,0,0,1,0,NaN,NaN,NaN,NaN,0.1316493,ok,quick,505,902596,1,192
large_el_pair,8,32,2,[-0.28 0.28],[0 8],0.9,0.5,0,0.56,8,2.5,4,0,single_peak_in_scope,1,1,0,2,1.875,1,[65 32 32],low_confidence,rejected,low,[],[],2-D refinement was requested but did not pass confidence checks,0,1,0,0,1,0,NaN,NaN,NaN,NaN,0.1301846,ok,quick,506,902597,1,192
large_el_pair,8,32,2,[-0.28 0.28],[0 8],0.9,0.5,0,0.56,8,2.5,4,0,single_peak_in_scope,1,1,0,2,1.875,1,[65 32 32],low_confidence,rejected,low,[],[],2-D refinement was requested but did not pass confidence checks,0,1,0,0,1,0,NaN,NaN,NaN,NaN,0.1409984,ok,quick,507,902598,1,192
large_el_pair,8,32,2,[-0.28 0.28],[0 8],0.9,0.5,0,0.56,8,2.5,4,0,single_peak_in_scope,1,1,0,2,1.875,1,[65 32 32],low_confidence,rejected,low,[],[],2-D refinement was requested but did not pass confidence checks,0,1,0,0,1,0,NaN,NaN,NaN,NaN,0.1264794,ok,quick,508,902599,1,192
large_el_pair,8,32,2,[-0.28 0.28],[0 8],0.9,0.5,0,0.56,8,2.5,4,0,single_peak_in_scope,1,1,0,2,1.875,1,[65 32 32],low_confidence,rejected,low,[],[],2-D refinement was requested but did not pass confidence checks,0,1,0,0,1,0,NaN,NaN,NaN,NaN,0.1262988,ok,quick,509,902600,1,192
large_el_pair,8,32,2,[-0.28 0.28],[0 8],0.9,0.5,0,0.56,8,2.5,4,0,single_peak_in_scope,1,1,0,2,1.875,1,[65 32 32],low_confidence,rejected,low,[],[],2-D refinement was requested but did not pass confidence checks,0,1,0,0,1,0,NaN,NaN,NaN,NaN,0.138299,ok,quick,510,902601,1,192
two_separated_coarse_peaks,8,32,2,[-2 2],[0 0],1,0,0,4,0,0,0,0,two_separated_peaks_out_of_scope,0,0,0,NaN,NaN,0,[],frontend_reject,rejected,low,[],[],front-end resolved two separated coarse peaks; route is out of current scope,1,1,0,0,1,1,NaN,NaN,NaN,NaN,0.0005283,ok,quick,511,902602,NaN,NaN
two_separated_coarse_peaks,8,32,2,[-2 2],[0 0],1,0,0,4,0,0,0,0,two_separated_peaks_out_of_scope,0,0,0,NaN,NaN,0,[],frontend_reject,rejected,low,[],[],front-end resolved two separated coarse peaks; route is out of current scope,1,1,0,0,1,1,NaN,NaN,NaN,NaN,0.0005069,ok,quick,512,902603,NaN,NaN
two_separated_coarse_peaks,8,32,2,[-2 2],[0 0],1,0,0,4,0,0,0,0,two_separated_peaks_out_of_scope,0,0,0,NaN,NaN,0,[],frontend_reject,rejected,low,[],[],front-end resolved two separated coarse peaks; route is out of current scope,1,1,0,0,1,1,NaN,NaN,NaN,NaN,0.0027802,ok,quick,513,902604,NaN,NaN
two_separated_coarse_peaks,8,32,2,[-2 2],[0 0],1,0,0,4,0,0,0,0,two_separated_peaks_out_of_scope,0,0,0,NaN,NaN,0,[],frontend_reject,rejected,low,[],[],front-end resolved two separated coarse peaks; route is out of current scope,1,1,0,0,1,1,NaN,NaN,NaN,NaN,0.0002428,ok,quick,514,902605,NaN,NaN
two_separated_coarse_peaks,8,32,2,[-2 2],[0 0],1,0,0,4,0,0,0,0,two_separated_peaks_out_of_scope,0,0,0,NaN,NaN,0,[],frontend_reject,rejected,low,[],[],front-end resolved two separated coarse peaks; route is out of current scope,1,1,0,0,1,1,NaN,NaN,NaN,NaN,0.0002023,ok,quick,515,902606,NaN,NaN
two_separated_coarse_peaks,8,32,2,[-2 2],[0 0],1,0,0,4,0,0,0,0,two_separated_peaks_out_of_scope,0,0,0,NaN,NaN,0,[],frontend_reject,rejected,low,[],[],front-end resolved two separated coarse peaks; route is out of current scope,1,1,0,0,1,1,NaN,NaN,NaN,NaN,0.0002283,ok,quick,516,902607,NaN,NaN
two_separated_coarse_peaks,8,32,2,[-2 2],[0 0],1,0,0,4,0,0,0,0,two_separated_peaks_out_of_scope,0,0,0,NaN,NaN,0,[],frontend_reject,rejected,low,[],[],front-end resolved two separated coarse peaks; route is out of current scope,1,1,0,0,1,1,NaN,NaN,NaN,NaN,0.0002176,ok,quick,517,902608,NaN,NaN
two_separated_coarse_peaks,8,32,2,[-2 2],[0 0],1,0,0,4,0,0,0,0,two_separated_peaks_out_of_scope,0,0,0,NaN,NaN,0,[],frontend_reject,rejected,low,[],[],front-end resolved two separated coarse peaks; route is out of current scope,1,1,0,0,1,1,NaN,NaN,NaN,NaN,0.0001583,ok,quick,518,902609,NaN,NaN
two_separated_coarse_peaks,8,32,2,[-2 2],[0 0],1,0,0,4,0,0,0,0,two_separated_peaks_out_of_scope,0,0,0,NaN,NaN,0,[],frontend_reject,rejected,low,[],[],front-end resolved two separated coarse peaks; route is out of current scope,1,1,0,0,1,1,NaN,NaN,NaN,NaN,0.000163,ok,quick,519,902610,NaN,NaN
two_separated_coarse_peaks,8,32,2,[-2 2],[0 0],1,0,0,4,0,0,0,0,two_separated_peaks_out_of_scope,0,0,0,NaN,NaN,0,[],frontend_reject,rejected,low,[],[],front-end resolved two separated coarse peaks; route is out of current scope,1,1,0,0,1,1,NaN,NaN,NaN,NaN,0.0002238,ok,quick,520,902611,NaN,NaN
two_separated_coarse_peaks,8,32,2,[-2 2],[0 0],1,0,0,4,0,0,0,0,two_separated_peaks_out_of_scope,0,0,0,NaN,NaN,0,[],frontend_reject,rejected,low,[],[],front-end resolved two separated coarse peaks; route is out of current scope,1,1,0,0,1,1,NaN,NaN,NaN,NaN,0.0002084,ok,quick,521,902612,NaN,NaN
two_separated_coarse_peaks,8,32,2,[-2 2],[0 0],1,0,0,4,0,0,0,0,two_separated_peaks_out_of_scope,0,0,0,NaN,NaN,0,[],frontend_reject,rejected,low,[],[],front-end resolved two separated coarse peaks; route is out of current scope,1,1,0,0,1,1,NaN,NaN,NaN,NaN,0.000226,ok,quick,522,902613,NaN,NaN
two_separated_coarse_peaks,8,32,2,[-2 2],[0 0],1,0,0,4,0,0,0,0,two_separated_peaks_out_of_scope,0,0,0,NaN,NaN,0,[],frontend_reject,rejected,low,[],[],front-end resolved two separated coarse peaks; route is out of current scope,1,1,0,0,1,1,NaN,NaN,NaN,NaN,0.0002155,ok,quick,523,902614,NaN,NaN
two_separated_coarse_peaks,8,32,2,[-2 2],[0 0],1,0,0,4,0,0,0,0,two_separated_peaks_out_of_scope,0,0,0,NaN,NaN,0,[],frontend_reject,rejected,low,[],[],front-end resolved two separated coarse peaks; route is out of current scope,1,1,0,0,1,1,NaN,NaN,NaN,NaN,0.000289,ok,quick,524,902615,NaN,NaN
two_separated_coarse_peaks,8,32,2,[-2 2],[0 0],1,0,0,4,0,0,0,0,two_separated_peaks_out_of_scope,0,0,0,NaN,NaN,0,[],frontend_reject,rejected,low,[],[],front-end resolved two separated coarse peaks; route is out of current scope,1,1,0,0,1,1,NaN,NaN,NaN,NaN,0.0002111,ok,quick,525,902616,NaN,NaN
two_separated_coarse_peaks,8,32,2,[-2 2],[0 0],1,0,0,4,0,0,0,0,two_separated_peaks_out_of_scope,0,0,0,NaN,NaN,0,[],frontend_reject,rejected,low,[],[],front-end resolved two separated coarse peaks; route is out of current scope,1,1,0,0,1,1,NaN,NaN,NaN,NaN,0.0002163,ok,quick,526,902617,NaN,NaN
two_separated_coarse_peaks,8,32,2,[-2 2],[0 0],1,0,0,4,0,0,0,0,two_separated_peaks_out_of_scope,0,0,0,NaN,NaN,0,[],frontend_reject,rejected,low,[],[],front-end resolved two separated coarse peaks; route is out of current scope,1,1,0,0,1,1,NaN,NaN,NaN,NaN,0.000174,ok,quick,527,902618,NaN,NaN
two_separated_coarse_peaks,8,32,2,[-2 2],[0 0],1,0,0,4,0,0,0,0,two_separated_peaks_out_of_scope,0,0,0,NaN,NaN,0,[],frontend_reject,rejected,low,[],[],front-end resolved two separated coarse peaks; route is out of current scope,1,1,0,0,1,1,NaN,NaN,NaN,NaN,0.00016,ok,quick,528,902619,NaN,NaN
two_separated_coarse_peaks,8,32,2,[-2 2],[0 0],1,0,0,4,0,0,0,0,two_separated_peaks_out_of_scope,0,0,0,NaN,NaN,0,[],frontend_reject,rejected,low,[],[],front-end resolved two separated coarse peaks; route is out of current scope,1,1,0,0,1,1,NaN,NaN,NaN,NaN,0.0002206,ok,quick,529,902620,NaN,NaN
two_separated_coarse_peaks,8,32,2,[-2 2],[0 0],1,0,0,4,0,0,0,0,two_separated_peaks_out_of_scope,0,0,0,NaN,NaN,0,[],frontend_reject,rejected,low,[],[],front-end resolved two separated coarse peaks; route is out of current scope,1,1,0,0,1,1,NaN,NaN,NaN,NaN,0.0002159,ok,quick,530,902621,NaN,NaN
two_separated_coarse_peaks,8,32,2,[-2 2],[0 0],1,0,0,4,0,0,0,0,two_separated_peaks_out_of_scope,0,0,0,NaN,NaN,0,[],frontend_reject,rejected,low,[],[],front-end resolved two separated coarse peaks; route is out of current scope,1,1,0,0,1,1,NaN,NaN,NaN,NaN,0.0002035,ok,quick,531,902622,NaN,NaN
two_separated_coarse_peaks,8,32,2,[-2 2],[0 0],1,0,0,4,0,0,0,0,two_separated_peaks_out_of_scope,0,0,0,NaN,NaN,0,[],frontend_reject,rejected,low,[],[],front-end resolved two separated coarse peaks; route is out of current scope,1,1,0,0,1,1,NaN,NaN,NaN,NaN,0.0002177,ok,quick,532,902623,NaN,NaN
two_separated_coarse_peaks,8,32,2,[-2 2],[0 0],1,0,0,4,0,0,0,0,two_separated_peaks_out_of_scope,0,0,0,NaN,NaN,0,[],frontend_reject,rejected,low,[],[],front-end resolved two separated coarse peaks; route is out of current scope,1,1,0,0,1,1,NaN,NaN,NaN,NaN,0.000224,ok,quick,533,902624,NaN,NaN
two_separated_coarse_peaks,8,32,2,[-2 2],[0 0],1,0,0,4,0,0,0,0,two_separated_peaks_out_of_scope,0,0,0,NaN,NaN,0,[],frontend_reject,rejected,low,[],[],front-end resolved two separated coarse peaks; route is out of current scope,1,1,0,0,1,1,NaN,NaN,NaN,NaN,0.000195,ok,quick,534,902625,NaN,NaN
two_separated_coarse_peaks,8,32,2,[-2 2],[0 0],1,0,0,4,0,0,0,0,two_separated_peaks_out_of_scope,0,0,0,NaN,NaN,0,[],frontend_reject,rejected,low,[],[],front-end resolved two separated coarse peaks; route is out of current scope,1,1,0,0,1,1,NaN,NaN,NaN,NaN,0.0002223,ok,quick,535,902626,NaN,NaN
two_separated_coarse_peaks,8,32,2,[-2 2],[0 0],1,0,0,4,0,0,0,0,two_separated_peaks_out_of_scope,0,0,0,NaN,NaN,0,[],frontend_reject,rejected,low,[],[],front-end resolved two separated coarse peaks; route is out of current scope,1,1,0,0,1,1,NaN,NaN,NaN,NaN,0.0001692,ok,quick,536,902627,NaN,NaN
two_separated_coarse_peaks,8,32,2,[-2 2],[0 0],1,0,0,4,0,0,0,0,two_separated_peaks_out_of_scope,0,0,0,NaN,NaN,0,[],frontend_reject,rejected,low,[],[],front-end resolved two separated coarse peaks; route is out of current scope,1,1,0,0,1,1,NaN,NaN,NaN,NaN,0.0001929,ok,quick,537,902628,NaN,NaN
two_separated_coarse_peaks,8,32,2,[-2 2],[0 0],1,0,0,4,0,0,0,0,two_separated_peaks_out_of_scope,0,0,0,NaN,NaN,0,[],frontend_reject,rejected,low,[],[],front-end resolved two separated coarse peaks; route is out of current scope,1,1,0,0,1,1,NaN,NaN,NaN,NaN,0.000159,ok,quick,538,902629,NaN,NaN
two_separated_coarse_peaks,8,32,2,[-2 2],[0 0],1,0,0,4,0,0,0,0,two_separated_peaks_out_of_scope,0,0,0,NaN,NaN,0,[],frontend_reject,rejected,low,[],[],front-end resolved two separated coarse peaks; route is out of current scope,1,1,0,0,1,1,NaN,NaN,NaN,NaN,0.0001642,ok,quick,539,902630,NaN,NaN
two_separated_coarse_peaks,8,32,2,[-2 2],[0 0],1,0,0,4,0,0,0,0,two_separated_peaks_out_of_scope,0,0,0,NaN,NaN,0,[],frontend_reject,rejected,low,[],[],front-end resolved two separated coarse peaks; route is out of current scope,1,1,0,0,1,1,NaN,NaN,NaN,NaN,0.0002141,ok,quick,540,902631,NaN,NaN
coarseAz_bias_sweep,8,32,2,[-0.25 0.25],[0 0],1,1,0,0.5,0,-1,0,-1,single_peak_in_scope,1,0,0,192,358.125,1,[65 32 32],low_confidence,rejected,low,[],[],single/merged MUSIC peak with rank-1-like covariance; music evidence is too weak for coherent pair fallback; not_evaluated,0,1,0,0,1,0,NaN,NaN,NaN,NaN,0.0107081,ok,quick,541,902632,1,192
coarseAz_bias_sweep,8,32,2,[-0.25 0.25],[0 0],1,1,0,0.5,0,-1,0,-1,single_peak_in_scope,1,0,0,192,358.125,1,[65 32 32],low_confidence,rejected,low,[],[],single/merged MUSIC peak with rank-1-like covariance; music evidence is too weak for coherent pair fallback; not_evaluated,0,1,0,0,1,0,NaN,NaN,NaN,NaN,0.0094882,ok,quick,542,902633,1,192
coarseAz_bias_sweep,8,32,2,[-0.25 0.25],[0 0],1,1,0,0.5,0,-1,0,-1,single_peak_in_scope,1,0,0,192,358.125,1,[65 32 32],low_confidence,rejected,low,[],[],single/merged MUSIC peak with rank-1-like covariance; music evidence is too weak for coherent pair fallback; not_evaluated,0,1,0,0,1,0,NaN,NaN,NaN,NaN,0.0096751,ok,quick,543,902634,1,192
coarseAz_bias_sweep,8,32,2,[-0.25 0.25],[0 0],1,1,0,0.5,0,-1,0,-1,single_peak_in_scope,1,0,0,192,358.125,1,[65 32 32],low_confidence,rejected,low,[],[],single/merged MUSIC peak with rank-1-like covariance; music evidence is too weak for coherent pair fallback; not_evaluated,0,1,0,0,1,0,NaN,NaN,NaN,NaN,0.0105571,ok,quick,544,902635,1,192
coarseAz_bias_sweep,8,32,2,[-0.25 0.25],[0 0],1,1,0,0.5,0,-1,0,-1,single_peak_in_scope,1,0,0,192,358.125,1,[65 32 32],low_confidence,rejected,low,[],[],single/merged MUSIC peak with rank-1-like covariance; music evidence is too weak for coherent pair fallback; not_evaluated,0,1,0,0,1,0,NaN,NaN,NaN,NaN,0.0096977,ok,quick,545,902636,1,192
coarseAz_bias_sweep,8,32,2,[-0.25 0.25],[0 0],1,1,0,0.5,0,-1,0,-1,single_peak_in_scope,1,0,0,192,358.125,1,[65 32 32],low_confidence,rejected,low,[],[],single/merged MUSIC peak with rank-1-like covariance; music evidence is too weak for coherent pair fallback; not_evaluated,0,1,0,0,1,0,NaN,NaN,NaN,NaN,0.0099313,ok,quick,546,902637,1,192
coarseAz_bias_sweep,8,32,2,[-0.25 0.25],[0 0],1,1,0,0.5,0,-1,0,-1,single_peak_in_scope,1,0,0,192,358.125,1,[65 32 32],low_confidence,rejected,low,[],[],single/merged MUSIC peak with rank-1-like covariance; music evidence is too weak for coherent pair fallback; not_evaluated,0,1,0,0,1,0,NaN,NaN,NaN,NaN,0.0107285,ok,quick,547,902638,1,192
coarseAz_bias_sweep,8,32,2,[-0.25 0.25],[0 0],1,1,0,0.5,0,-1,0,-1,single_peak_in_scope,1,0,0,192,358.125,1,[65 32 32],low_confidence,rejected,low,[],[],single/merged MUSIC peak with rank-1-like covariance; music evidence is too weak for coherent pair fallback; not_evaluated,0,1,0,0,1,0,NaN,NaN,NaN,NaN,0.0101103,ok,quick,548,902639,1,192
coarseAz_bias_sweep,8,32,2,[-0.25 0.25],[0 0],1,1,0,0.5,0,-1,0,-1,single_peak_in_scope,1,0,0,192,358.125,1,[65 32 32],low_confidence,rejected,low,[],[],single/merged MUSIC peak with rank-1-like covariance; music evidence is too weak for coherent pair fallback; not_evaluated,0,1,0,0,1,0,NaN,NaN,NaN,NaN,0.0095941,ok,quick,549,902640,1,192
coarseAz_bias_sweep,8,32,2,[-0.25 0.25],[0 0],1,1,0,0.5,0,-1,0,-1,single_peak_in_scope,1,0,0,192,358.125,1,[65 32 32],low_confidence,rejected,low,[],[],single/merged MUSIC peak with rank-1-like covariance; music evidence is too weak for coherent pair fallback; not_evaluated,0,1,0,0,1,0,NaN,NaN,NaN,NaN,0.0107458,ok,quick,550,902641,1,192
coarseAz_bias_sweep,8,32,2,[-0.25 0.25],[0 0],1,1,0,0.5,0,-1,0,-1,single_peak_in_scope,1,0,0,192,358.125,1,[65 32 32],low_confidence,rejected,low,[],[],single/merged MUSIC peak with rank-1-like covariance; music evidence is too weak for coherent pair fallback; not_evaluated,0,1,0,0,1,0,NaN,NaN,NaN,NaN,0.0093574,ok,quick,551,902642,1,192
coarseAz_bias_sweep,8,32,2,[-0.25 0.25],[0 0],1,1,0,0.5,0,-1,0,-1,single_peak_in_scope,1,0,0,192,358.125,1,[65 32 32],low_confidence,rejected,low,[],[],single/merged MUSIC peak with rank-1-like covariance; music evidence is too weak for coherent pair fallback; not_evaluated,0,1,0,0,1,0,NaN,NaN,NaN,NaN,0.0090939,ok,quick,552,902643,1,192
coarseAz_bias_sweep,8,32,2,[-0.25 0.25],[0 0],1,1,0,0.5,0,-1,0,-1,single_peak_in_scope,1,0,0,192,358.125,1,[65 32 32],low_confidence,rejected,low,[],[],single/merged MUSIC peak with rank-1-like covariance; music evidence is too weak for coherent pair fallback; not_evaluated,0,1,0,0,1,0,NaN,NaN,NaN,NaN,0.0110589,ok,quick,553,902644,1,192
coarseAz_bias_sweep,8,32,2,[-0.25 0.25],[0 0],1,1,0,0.5,0,-1,0,-1,single_peak_in_scope,1,0,0,192,358.125,1,[65 32 32],low_confidence,rejected,low,[],[],single/merged MUSIC peak with rank-1-like covariance; music evidence is too weak for coherent pair fallback; not_evaluated,0,1,0,0,1,0,NaN,NaN,NaN,NaN,0.00874,ok,quick,554,902645,1,192
coarseAz_bias_sweep,8,32,2,[-0.25 0.25],[0 0],1,1,0,0.5,0,-1,0,-1,single_peak_in_scope,1,0,0,192,358.125,1,[65 32 32],low_confidence,rejected,low,[],[],single/merged MUSIC peak with rank-1-like covariance; music evidence is too weak for coherent pair fallback; not_evaluated,0,1,0,0,1,0,NaN,NaN,NaN,NaN,0.0087357,ok,quick,555,902646,1,192
coarseAz_bias_sweep,8,32,2,[-0.25 0.25],[0 0],1,1,0,0.5,0,-1,0,-1,single_peak_in_scope,1,0,0,192,358.125,1,[65 32 32],low_confidence,rejected,low,[],[],single/merged MUSIC peak with rank-1-like covariance; music evidence is too weak for coherent pair fallback; not_evaluated,0,1,0,0,1,0,NaN,NaN,NaN,NaN,0.01077,ok,quick,556,902647,1,192
coarseAz_bias_sweep,8,32,2,[-0.25 0.25],[0 0],1,1,0,0.5,0,-1,0,-1,single_peak_in_scope,1,0,0,192,358.125,1,[65 32 32],low_confidence,rejected,low,[],[],single/merged MUSIC peak with rank-1-like covariance; music evidence is too weak for coherent pair fallback; not_evaluated,0,1,0,0,1,0,NaN,NaN,NaN,NaN,0.0101112,ok,quick,557,902648,1,192
coarseAz_bias_sweep,8,32,2,[-0.25 0.25],[0 0],1,1,0,0.5,0,-1,0,-1,single_peak_in_scope,1,0,0,192,358.125,1,[65 32 32],low_confidence,rejected,low,[],[],single/merged MUSIC peak with rank-1-like covariance; music evidence is too weak for coherent pair fallback; not_evaluated,0,1,0,0,1,0,NaN,NaN,NaN,NaN,0.0097436,ok,quick,558,902649,1,192
coarseAz_bias_sweep,8,32,2,[-0.25 0.25],[0 0],1,1,0,0.5,0,-1,0,-1,single_peak_in_scope,1,0,0,192,358.125,1,[65 32 32],low_confidence,rejected,low,[],[],single/merged MUSIC peak with rank-1-like covariance; music evidence is too weak for coherent pair fallback; not_evaluated,0,1,0,0,1,0,NaN,NaN,NaN,NaN,0.011134,ok,quick,559,902650,1,192
coarseAz_bias_sweep,8,32,2,[-0.25 0.25],[0 0],1,1,0,0.5,0,-1,0,-1,single_peak_in_scope,1,0,0,192,358.125,1,[65 32 32],low_confidence,rejected,low,[],[],single/merged MUSIC peak with rank-1-like covariance; music evidence is too weak for coherent pair fallback; not_evaluated,0,1,0,0,1,0,NaN,NaN,NaN,NaN,0.0115288,ok,quick,560,902651,1,192
coarseAz_bias_sweep,8,32,2,[-0.25 0.25],[0 0],1,1,0,0.5,0,-1,0,-1,single_peak_in_scope,1,0,0,192,358.125,1,[65 32 32],low_confidence,rejected,low,[],[],single/merged MUSIC peak with rank-1-like covariance; music evidence is too weak for coherent pair fallback; not_evaluated,0,1,0,0,1,0,NaN,NaN,NaN,NaN,0.0096098,ok,quick,561,902652,1,192
coarseAz_bias_sweep,8,32,2,[-0.25 0.25],[0 0],1,1,0,0.5,0,-1,0,-1,single_peak_in_scope,1,0,0,192,358.125,1,[65 32 32],low_confidence,rejected,low,[],[],single/merged MUSIC peak with rank-1-like covariance; music evidence is too weak for coherent pair fallback; not_evaluated,0,1,0,0,1,0,NaN,NaN,NaN,NaN,0.0110907,ok,quick,562,902653,1,192
coarseAz_bias_sweep,8,32,2,[-0.25 0.25],[0 0],1,1,0,0.5,0,-1,0,-1,single_peak_in_scope,1,0,0,192,358.125,1,[65 32 32],low_confidence,rejected,low,[],[],single/merged MUSIC peak with rank-1-like covariance; music evidence is too weak for coherent pair fallback; not_evaluated,0,1,0,0,1,0,NaN,NaN,NaN,NaN,0.0099564,ok,quick,563,902654,1,192
coarseAz_bias_sweep,8,32,2,[-0.25 0.25],[0 0],1,1,0,0.5,0,-1,0,-1,single_peak_in_scope,1,0,0,192,358.125,1,[65 32 32],low_confidence,rejected,low,[],[],single/merged MUSIC peak with rank-1-like covariance; music evidence is too weak for coherent pair fallback; not_evaluated,0,1,0,0,1,0,NaN,NaN,NaN,NaN,0.0114078,ok,quick,564,902655,1,192
coarseAz_bias_sweep,8,32,2,[-0.25 0.25],[0 0],1,1,0,0.5,0,-1,0,-1,single_peak_in_scope,1,0,0,192,358.125,1,[65 32 32],low_confidence,rejected,low,[],[],single/merged MUSIC peak with rank-1-like covariance; music evidence is too weak for coherent pair fallback; not_evaluated,0,1,0,0,1,0,NaN,NaN,NaN,NaN,0.0108673,ok,quick,565,902656,1,192
coarseAz_bias_sweep,8,32,2,[-0.25 0.25],[0 0],1,1,0,0.5,0,-1,0,-1,single_peak_in_scope,1,0,0,192,358.125,1,[65 32 32],low_confidence,rejected,low,[],[],single/merged MUSIC peak with rank-1-like covariance; music evidence is too weak for coherent pair fallback; not_evaluated,0,1,0,0,1,0,NaN,NaN,NaN,NaN,0.0113868,ok,quick,566,902657,1,192
coarseAz_bias_sweep,8,32,2,[-0.25 0.25],[0 0],1,1,0,0.5,0,-1,0,-1,single_peak_in_scope,1,0,0,192,358.125,1,[65 32 32],low_confidence,rejected,low,[],[],single/merged MUSIC peak with rank-1-like covariance; music evidence is too weak for coherent pair fallback; not_evaluated,0,1,0,0,1,0,NaN,NaN,NaN,NaN,0.0134213,ok,quick,567,902658,1,192
coarseAz_bias_sweep,8,32,2,[-0.25 0.25],[0 0],1,1,0,0.5,0,-1,0,-1,single_peak_in_scope,1,0,0,192,358.125,1,[65 32 32],low_confidence,rejected,low,[],[],single/merged MUSIC peak with rank-1-like covariance; music evidence is too weak for coherent pair fallback; not_evaluated,0,1,0,0,1,0,NaN,NaN,NaN,NaN,0.0097967,ok,quick,568,902659,1,192
coarseAz_bias_sweep,8,32,2,[-0.25 0.25],[0 0],1,1,0,0.5,0,-1,0,-1,single_peak_in_scope,1,0,0,192,358.125,1,[65 32 32],low_confidence,rejected,low,[],[],single/merged MUSIC peak with rank-1-like covariance; music evidence is too weak for coherent pair fallback; not_evaluated,0,1,0,0,1,0,NaN,NaN,NaN,NaN,0.0094816,ok,quick,569,902660,1,192
coarseAz_bias_sweep,8,32,2,[-0.25 0.25],[0 0],1,1,0,0.5,0,-1,0,-1,single_peak_in_scope,1,0,0,192,358.125,1,[65 32 32],low_confidence,rejected,low,[],[],single/merged MUSIC peak with rank-1-like covariance; music evidence is too weak for coherent pair fallback; not_evaluated,0,1,0,0,1,0,NaN,NaN,NaN,NaN,0.0093979,ok,quick,570,902661,1,192
coarseAz_bias_sweep,8,32,2,[-0.25 0.25],[0 0],1,1,0,0.5,0,-0.5,0,-0.5,single_peak_in_scope,1,0,0,1,0,1,[65 32 32],low_confidence,rejected,low,[],[],single/merged MUSIC peak with rank-1-like covariance; music evidence is too weak for coherent pair fallback; not_evaluated,0,1,0,0,1,0,NaN,NaN,NaN,NaN,0.008908,ok,quick,571,902662,1,192
coarseAz_bias_sweep,8,32,2,[-0.25 0.25],[0 0],1,1,0,0.5,0,-0.5,0,-0.5,single_peak_in_scope,1,0,0,1,0,1,[65 32 32],low_confidence,rejected,low,[],[],single/merged MUSIC peak with rank-1-like covariance; music evidence is too weak for coherent pair fallback; not_evaluated,0,1,0,0,1,0,NaN,NaN,NaN,NaN,0.0086229,ok,quick,572,902663,1,192
coarseAz_bias_sweep,8,32,2,[-0.25 0.25],[0 0],1,1,0,0.5,0,-0.5,0,-0.5,single_peak_in_scope,1,0,0,1,0,1,[65 32 32],low_confidence,rejected,low,[],[],single/merged MUSIC peak with rank-1-like covariance; music evidence is too weak for coherent pair fallback; not_evaluated,0,1,0,0,1,0,NaN,NaN,NaN,NaN,0.0084922,ok,quick,573,902664,1,192
coarseAz_bias_sweep,8,32,2,[-0.25 0.25],[0 0],1,1,0,0.5,0,-0.5,0,-0.5,single_peak_in_scope,1,0,0,1,0,1,[65 32 32],low_confidence,rejected,low,[],[],single/merged MUSIC peak with rank-1-like covariance; music evidence is too weak for coherent pair fallback; not_evaluated,0,1,0,0,1,0,NaN,NaN,NaN,NaN,0.0092572,ok,quick,574,902665,1,192
coarseAz_bias_sweep,8,32,2,[-0.25 0.25],[0 0],1,1,0,0.5,0,-0.5,0,-0.5,single_peak_in_scope,1,0,0,1,0,1,[65 32 32],low_confidence,rejected,low,[],[],single/merged MUSIC peak with rank-1-like covariance; music evidence is too weak for coherent pair fallback; not_evaluated,0,1,0,0,1,0,NaN,NaN,NaN,NaN,0.0094197,ok,quick,575,902666,1,192
coarseAz_bias_sweep,8,32,2,[-0.25 0.25],[0 0],1,1,0,0.5,0,-0.5,0,-0.5,single_peak_in_scope,1,0,0,1,0,1,[65 32 32],low_confidence,rejected,low,[],[],single/merged MUSIC peak with rank-1-like covariance; music evidence is too weak for coherent pair fallback; not_evaluated,0,1,0,0,1,0,NaN,NaN,NaN,NaN,0.0097977,ok,quick,576,902667,1,192
coarseAz_bias_sweep,8,32,2,[-0.25 0.25],[0 0],1,1,0,0.5,0,-0.5,0,-0.5,single_peak_in_scope,1,0,0,1,0,1,[65 32 32],low_confidence,rejected,low,[],[],single/merged MUSIC peak with rank-1-like covariance; music evidence is too weak for coherent pair fallback; not_evaluated,0,1,0,0,1,0,NaN,NaN,NaN,NaN,0.0107951,ok,quick,577,902668,1,192
coarseAz_bias_sweep,8,32,2,[-0.25 0.25],[0 0],1,1,0,0.5,0,-0.5,0,-0.5,single_peak_in_scope,1,0,0,1,0,1,[65 32 32],low_confidence,rejected,low,[],[],single/merged MUSIC peak with rank-1-like covariance; music evidence is too weak for coherent pair fallback; not_evaluated,0,1,0,0,1,0,NaN,NaN,NaN,NaN,0.0099514,ok,quick,578,902669,1,192
coarseAz_bias_sweep,8,32,2,[-0.25 0.25],[0 0],1,1,0,0.5,0,-0.5,0,-0.5,single_peak_in_scope,1,0,0,1,0,1,[65 32 32],low_confidence,rejected,low,[],[],single/merged MUSIC peak with rank-1-like covariance; music evidence is too weak for coherent pair fallback; not_evaluated,0,1,0,0,1,0,NaN,NaN,NaN,NaN,0.0094417,ok,quick,579,902670,1,192
coarseAz_bias_sweep,8,32,2,[-0.25 0.25],[0 0],1,1,0,0.5,0,-0.5,0,-0.5,single_peak_in_scope,1,0,0,1,0,1,[65 32 32],low_confidence,rejected,low,[],[],single/merged MUSIC peak with rank-1-like covariance; music evidence is too weak for coherent pair fallback; not_evaluated,0,1,0,0,1,0,NaN,NaN,NaN,NaN,0.0100173,ok,quick,580,902671,1,192
coarseAz_bias_sweep,8,32,2,[-0.25 0.25],[0 0],1,1,0,0.5,0,-0.5,0,-0.5,single_peak_in_scope,1,0,0,1,0,1,[65 32 32],low_confidence,rejected,low,[],[],single/merged MUSIC peak with rank-1-like covariance; music evidence is too weak for coherent pair fallback; not_evaluated,0,1,0,0,1,0,NaN,NaN,NaN,NaN,0.0112408,ok,quick,581,902672,1,192
coarseAz_bias_sweep,8,32,2,[-0.25 0.25],[0 0],1,1,0,0.5,0,-0.5,0,-0.5,single_peak_in_scope,1,0,0,1,0,1,[65 32 32],low_confidence,rejected,low,[],[],single/merged MUSIC peak with rank-1-like covariance; music evidence is too weak for coherent pair fallback; not_evaluated,0,1,0,0,1,0,NaN,NaN,NaN,NaN,0.0109112,ok,quick,582,902673,1,192
coarseAz_bias_sweep,8,32,2,[-0.25 0.25],[0 0],1,1,0,0.5,0,-0.5,0,-0.5,single_peak_in_scope,1,0,0,1,0,1,[65 32 32],low_confidence,rejected,low,[],[],single/merged MUSIC peak with rank-1-like covariance; music evidence is too weak for coherent pair fallback; not_evaluated,0,1,0,0,1,0,NaN,NaN,NaN,NaN,0.0097543,ok,quick,583,902674,1,192
coarseAz_bias_sweep,8,32,2,[-0.25 0.25],[0 0],1,1,0,0.5,0,-0.5,0,-0.5,single_peak_in_scope,1,0,0,1,0,1,[65 32 32],low_confidence,rejected,low,[],[],single/merged MUSIC peak with rank-1-like covariance; music evidence is too weak for coherent pair fallback; not_evaluated,0,1,0,0,1,0,NaN,NaN,NaN,NaN,0.0112006,ok,quick,584,902675,1,192
coarseAz_bias_sweep,8,32,2,[-0.25 0.25],[0 0],1,1,0,0.5,0,-0.5,0,-0.5,single_peak_in_scope,1,0,0,1,0,1,[65 32 32],low_confidence,rejected,low,[],[],single/merged MUSIC peak with rank-1-like covariance; music evidence is too weak for coherent pair fallback; not_evaluated,0,1,0,0,1,0,NaN,NaN,NaN,NaN,0.0100054,ok,quick,585,902676,1,192
coarseAz_bias_sweep,8,32,2,[-0.25 0.25],[0 0],1,1,0,0.5,0,-0.5,0,-0.5,single_peak_in_scope,1,0,0,1,0,1,[65 32 32],low_confidence,rejected,low,[],[],single/merged MUSIC peak with rank-1-like covariance; music evidence is too weak for coherent pair fallback; not_evaluated,0,1,0,0,1,0,NaN,NaN,NaN,NaN,0.0112886,ok,quick,586,902677,1,192
coarseAz_bias_sweep,8,32,2,[-0.25 0.25],[0 0],1,1,0,0.5,0,-0.5,0,-0.5,single_peak_in_scope,1,0,0,1,0,1,[65 32 32],low_confidence,rejected,low,[],[],single/merged MUSIC peak with rank-1-like covariance; music evidence is too weak for coherent pair fallback; not_evaluated,0,1,0,0,1,0,NaN,NaN,NaN,NaN,0.0227903,ok,quick,587,902678,1,192
coarseAz_bias_sweep,8,32,2,[-0.25 0.25],[0 0],1,1,0,0.5,0,-0.5,0,-0.5,single_peak_in_scope,1,0,0,1,0,1,[65 32 32],low_confidence,rejected,low,[],[],single/merged MUSIC peak with rank-1-like covariance; music evidence is too weak for coherent pair fallback; not_evaluated,0,1,0,0,1,0,NaN,NaN,NaN,NaN,0.0102121,ok,quick,588,902679,1,192
coarseAz_bias_sweep,8,32,2,[-0.25 0.25],[0 0],1,1,0,0.5,0,-0.5,0,-0.5,single_peak_in_scope,1,0,0,1,0,1,[65 32 32],low_confidence,rejected,low,[],[],single/merged MUSIC peak with rank-1-like covariance; music evidence is too weak for coherent pair fallback; not_evaluated,0,1,0,0,1,0,NaN,NaN,NaN,NaN,0.0095667,ok,quick,589,902680,1,192
coarseAz_bias_sweep,8,32,2,[-0.25 0.25],[0 0],1,1,0,0.5,0,-0.5,0,-0.5,single_peak_in_scope,1,0,0,1,0,1,[65 32 32],low_confidence,rejected,low,[],[],single/merged MUSIC peak with rank-1-like covariance; music evidence is too weak for coherent pair fallback; not_evaluated,0,1,0,0,1,0,NaN,NaN,NaN,NaN,0.0094337,ok,quick,590,902681,1,192
coarseAz_bias_sweep,8,32,2,[-0.25 0.25],[0 0],1,1,0,0.5,0,-0.5,0,-0.5,single_peak_in_scope,1,0,0,1,0,1,[65 32 32],low_confidence,rejected,low,[],[],single/merged MUSIC peak with rank-1-like covariance; music evidence is too weak for coherent pair fallback; not_evaluated,0,1,0,0,1,0,NaN,NaN,NaN,NaN,0.0109899,ok,quick,591,902682,1,192
coarseAz_bias_sweep,8,32,2,[-0.25 0.25],[0 0],1,1,0,0.5,0,-0.5,0,-0.5,single_peak_in_scope,1,0,0,1,0,1,[65 32 32],low_confidence,rejected,low,[],[],single/merged MUSIC peak with rank-1-like covariance; music evidence is too weak for coherent pair fallback; not_evaluated,0,1,0,0,1,0,NaN,NaN,NaN,NaN,0.0097076,ok,quick,592,902683,1,192
coarseAz_bias_sweep,8,32,2,[-0.25 0.25],[0 0],1,1,0,0.5,0,-0.5,0,-0.5,single_peak_in_scope,1,0,0,1,0,1,[65 32 32],low_confidence,rejected,low,[],[],single/merged MUSIC peak with rank-1-like covariance; music evidence is too weak for coherent pair fallback; not_evaluated,0,1,0,0,1,0,NaN,NaN,NaN,NaN,0.0085038,ok,quick,593,902684,1,192
coarseAz_bias_sweep,8,32,2,[-0.25 0.25],[0 0],1,1,0,0.5,0,-0.5,0,-0.5,single_peak_in_scope,1,0,0,1,0,1,[65 32 32],low_confidence,rejected,low,[],[],single/merged MUSIC peak with rank-1-like covariance; music evidence is too weak for coherent pair fallback; not_evaluated,0,1,0,0,1,0,NaN,NaN,NaN,NaN,0.009531,ok,quick,594,902685,1,192
coarseAz_bias_sweep,8,32,2,[-0.25 0.25],[0 0],1,1,0,0.5,0,-0.5,0,-0.5,single_peak_in_scope,1,0,0,1,0,1,[65 32 32],low_confidence,rejected,low,[],[],single/merged MUSIC peak with rank-1-like covariance; music evidence is too weak for coherent pair fallback; not_evaluated,0,1,0,0,1,0,NaN,NaN,NaN,NaN,0.0092724,ok,quick,595,902686,1,192
coarseAz_bias_sweep,8,32,2,[-0.25 0.25],[0 0],1,1,0,0.5,0,-0.5,0,-0.5,single_peak_in_scope,1,0,0,1,0,1,[65 32 32],low_confidence,rejected,low,[],[],single/merged MUSIC peak with rank-1-like covariance; music evidence is too weak for coherent pair fallback; not_evaluated,0,1,0,0,1,0,NaN,NaN,NaN,NaN,0.008841,ok,quick,596,902687,1,192
coarseAz_bias_sweep,8,32,2,[-0.25 0.25],[0 0],1,1,0,0.5,0,-0.5,0,-0.5,single_peak_in_scope,1,0,0,1,0,1,[65 32 32],low_confidence,rejected,low,[],[],single/merged MUSIC peak with rank-1-like covariance; music evidence is too weak for coherent pair fallback; not_evaluated,0,1,0,0,1,0,NaN,NaN,NaN,NaN,0.0091504,ok,quick,597,902688,1,192
coarseAz_bias_sweep,8,32,2,[-0.25 0.25],[0 0],1,1,0,0.5,0,-0.5,0,-0.5,single_peak_in_scope,1,0,0,1,0,1,[65 32 32],low_confidence,rejected,low,[],[],single/merged MUSIC peak with rank-1-like covariance; music evidence is too weak for coherent pair fallback; not_evaluated,0,1,0,0,1,0,NaN,NaN,NaN,NaN,0.0097749,ok,quick,598,902689,1,192
coarseAz_bias_sweep,8,32,2,[-0.25 0.25],[0 0],1,1,0,0.5,0,-0.5,0,-0.5,single_peak_in_scope,1,0,0,1,0,1,[65 32 32],low_confidence,rejected,low,[],[],single/merged MUSIC peak with rank-1-like covariance; music evidence is too weak for coherent pair fallback; not_evaluated,0,1,0,0,1,0,NaN,NaN,NaN,NaN,0.0090131,ok,quick,599,902690,1,192
coarseAz_bias_sweep,8,32,2,[-0.25 0.25],[0 0],1,1,0,0.5,0,-0.5,0,-0.5,single_peak_in_scope,1,0,0,1,0,1,[65 32 32],low_confidence,rejected,low,[],[],single/merged MUSIC peak with rank-1-like covariance; music evidence is too weak for coherent pair fallback; not_evaluated,0,1,0,0,1,0,NaN,NaN,NaN,NaN,0.0089917,ok,quick,600,902691,1,192
coarseAz_bias_sweep,8,32,2,[-0.25 0.25],[0 0],1,1,0,0.5,0,0,0,0,single_peak_in_scope,1,0,0,1,0,1,[65 32 32],low_confidence,rejected,low,[],[],single/merged MUSIC peak with rank-1-like covariance; music evidence is too weak for coherent pair fallback; not_evaluated,0,1,0,0,1,0,NaN,NaN,NaN,NaN,0.0110561,ok,quick,601,902692,1,192
coarseAz_bias_sweep,8,32,2,[-0.25 0.25],[0 0],1,1,0,0.5,0,0,0,0,single_peak_in_scope,1,0,0,1,0,1,[65 32 32],low_confidence,rejected,low,[],[],single/merged MUSIC peak with rank-1-like covariance; music evidence is too weak for coherent pair fallback; not_evaluated,0,1,0,0,1,0,NaN,NaN,NaN,NaN,0.0095003,ok,quick,602,902693,1,192
coarseAz_bias_sweep,8,32,2,[-0.25 0.25],[0 0],1,1,0,0.5,0,0,0,0,single_peak_in_scope,1,0,0,1,0,1,[65 32 32],low_confidence,rejected,low,[],[],single/merged MUSIC peak with rank-1-like covariance; music evidence is too weak for coherent pair fallback; not_evaluated,0,1,0,0,1,0,NaN,NaN,NaN,NaN,0.0094706,ok,quick,603,902694,1,192
coarseAz_bias_sweep,8,32,2,[-0.25 0.25],[0 0],1,1,0,0.5,0,0,0,0,single_peak_in_scope,1,0,0,1,0,1,[65 32 32],low_confidence,rejected,low,[],[],single/merged MUSIC peak with rank-1-like covariance; music evidence is too weak for coherent pair fallback; not_evaluated,0,1,0,0,1,0,NaN,NaN,NaN,NaN,0.0109449,ok,quick,604,902695,1,192
coarseAz_bias_sweep,8,32,2,[-0.25 0.25],[0 0],1,1,0,0.5,0,0,0,0,single_peak_in_scope,1,0,0,1,0,1,[65 32 32],low_confidence,rejected,low,[],[],single/merged MUSIC peak with rank-1-like covariance; music evidence is too weak for coherent pair fallback; not_evaluated,0,1,0,0,1,0,NaN,NaN,NaN,NaN,0.008655,ok,quick,605,902696,1,192
coarseAz_bias_sweep,8,32,2,[-0.25 0.25],[0 0],1,1,0,0.5,0,0,0,0,single_peak_in_scope,1,0,0,1,0,1,[65 32 32],low_confidence,rejected,low,[],[],single/merged MUSIC peak with rank-1-like covariance; music evidence is too weak for coherent pair fallback; not_evaluated,0,1,0,0,1,0,NaN,NaN,NaN,NaN,0.0092608,ok,quick,606,902697,1,192
coarseAz_bias_sweep,8,32,2,[-0.25 0.25],[0 0],1,1,0,0.5,0,0,0,0,single_peak_in_scope,1,0,0,1,0,1,[65 32 32],low_confidence,rejected,low,[],[],single/merged MUSIC peak with rank-1-like covariance; music evidence is too weak for coherent pair fallback; not_evaluated,0,1,0,0,1,0,NaN,NaN,NaN,NaN,0.0094451,ok,quick,607,902698,1,192
coarseAz_bias_sweep,8,32,2,[-0.25 0.25],[0 0],1,1,0,0.5,0,0,0,0,single_peak_in_scope,1,0,0,1,0,1,[65 32 32],low_confidence,rejected,low,[],[],single/merged MUSIC peak with rank-1-like covariance; music evidence is too weak for coherent pair fallback; not_evaluated,0,1,0,0,1,0,NaN,NaN,NaN,NaN,0.00879,ok,quick,608,902699,1,192
coarseAz_bias_sweep,8,32,2,[-0.25 0.25],[0 0],1,1,0,0.5,0,0,0,0,single_peak_in_scope,1,0,0,1,0,1,[65 32 32],low_confidence,rejected,low,[],[],single/merged MUSIC peak with rank-1-like covariance; music evidence is too weak for coherent pair fallback; not_evaluated,0,1,0,0,1,0,NaN,NaN,NaN,NaN,0.0101703,ok,quick,609,902700,1,192
coarseAz_bias_sweep,8,32,2,[-0.25 0.25],[0 0],1,1,0,0.5,0,0,0,0,single_peak_in_scope,1,0,0,1,0,1,[65 32 32],low_confidence,rejected,low,[],[],single/merged MUSIC peak with rank-1-like covariance; music evidence is too weak for coherent pair fallback; not_evaluated,0,1,0,0,1,0,NaN,NaN,NaN,NaN,0.0100351,ok,quick,610,902701,1,192
coarseAz_bias_sweep,8,32,2,[-0.25 0.25],[0 0],1,1,0,0.5,0,0,0,0,single_peak_in_scope,1,0,0,1,0,1,[65 32 32],low_confidence,rejected,low,[],[],single/merged MUSIC peak with rank-1-like covariance; music evidence is too weak for coherent pair fallback; not_evaluated,0,1,0,0,1,0,NaN,NaN,NaN,NaN,0.0106162,ok,quick,611,902702,1,192
coarseAz_bias_sweep,8,32,2,[-0.25 0.25],[0 0],1,1,0,0.5,0,0,0,0,single_peak_in_scope,1,0,0,1,0,1,[65 32 32],low_confidence,rejected,low,[],[],single/merged MUSIC peak with rank-1-like covariance; music evidence is too weak for coherent pair fallback; not_evaluated,0,1,0,0,1,0,NaN,NaN,NaN,NaN,0.0089963,ok,quick,612,902703,1,192
coarseAz_bias_sweep,8,32,2,[-0.25 0.25],[0 0],1,1,0,0.5,0,0,0,0,single_peak_in_scope,1,0,0,1,0,1,[65 32 32],low_confidence,rejected,low,[],[],single/merged MUSIC peak with rank-1-like covariance; music evidence is too weak for coherent pair fallback; not_evaluated,0,1,0,0,1,0,NaN,NaN,NaN,NaN,0.0100358,ok,quick,613,902704,1,192
coarseAz_bias_sweep,8,32,2,[-0.25 0.25],[0 0],1,1,0,0.5,0,0,0,0,single_peak_in_scope,1,0,0,1,0,1,[65 32 32],low_confidence,rejected,low,[],[],single/merged MUSIC peak with rank-1-like covariance; music evidence is too weak for coherent pair fallback; not_evaluated,0,1,0,0,1,0,NaN,NaN,NaN,NaN,0.0089211,ok,quick,614,902705,1,192
coarseAz_bias_sweep,8,32,2,[-0.25 0.25],[0 0],1,1,0,0.5,0,0,0,0,single_peak_in_scope,1,0,0,1,0,1,[65 32 32],low_confidence,rejected,low,[],[],single/merged MUSIC peak with rank-1-like covariance; music evidence is too weak for coherent pair fallback; not_evaluated,0,1,0,0,1,0,NaN,NaN,NaN,NaN,0.0096592,ok,quick,615,902706,1,192
coarseAz_bias_sweep,8,32,2,[-0.25 0.25],[0 0],1,1,0,0.5,0,0,0,0,single_peak_in_scope,1,0,0,1,0,1,[65 32 32],low_confidence,rejected,low,[],[],single/merged MUSIC peak with rank-1-like covariance; music evidence is too weak for coherent pair fallback; not_evaluated,0,1,0,0,1,0,NaN,NaN,NaN,NaN,0.0089583,ok,quick,616,902707,1,192
coarseAz_bias_sweep,8,32,2,[-0.25 0.25],[0 0],1,1,0,0.5,0,0,0,0,single_peak_in_scope,1,0,0,1,0,1,[65 32 32],low_confidence,rejected,low,[],[],single/merged MUSIC peak with rank-1-like covariance; music evidence is too weak for coherent pair fallback; not_evaluated,0,1,0,0,1,0,NaN,NaN,NaN,NaN,0.0085029,ok,quick,617,902708,1,192
coarseAz_bias_sweep,8,32,2,[-0.25 0.25],[0 0],1,1,0,0.5,0,0,0,0,single_peak_in_scope,1,0,0,1,0,1,[65 32 32],low_confidence,rejected,low,[],[],single/merged MUSIC peak with rank-1-like covariance; music evidence is too weak for coherent pair fallback; not_evaluated,0,1,0,0,1,0,NaN,NaN,NaN,NaN,0.0093809,ok,quick,618,902709,1,192
coarseAz_bias_sweep,8,32,2,[-0.25 0.25],[0 0],1,1,0,0.5,0,0,0,0,single_peak_in_scope,1,0,0,1,0,1,[65 32 32],low_confidence,rejected,low,[],[],single/merged MUSIC peak with rank-1-like covariance; music evidence is too weak for coherent pair fallback; not_evaluated,0,1,0,0,1,0,NaN,NaN,NaN,NaN,0.0108297,ok,quick,619,902710,1,192
coarseAz_bias_sweep,8,32,2,[-0.25 0.25],[0 0],1,1,0,0.5,0,0,0,0,single_peak_in_scope,1,0,0,1,0,1,[65 32 32],low_confidence,rejected,low,[],[],single/merged MUSIC peak with rank-1-like covariance; music evidence is too weak for coherent pair fallback; not_evaluated,0,1,0,0,1,0,NaN,NaN,NaN,NaN,0.0089999,ok,quick,620,902711,1,192
coarseAz_bias_sweep,8,32,2,[-0.25 0.25],[0 0],1,1,0,0.5,0,0,0,0,single_peak_in_scope,1,0,0,1,0,1,[65 32 32],low_confidence,rejected,low,[],[],single/merged MUSIC peak with rank-1-like covariance; music evidence is too weak for coherent pair fallback; not_evaluated,0,1,0,0,1,0,NaN,NaN,NaN,NaN,0.0085154,ok,quick,621,902712,1,192
coarseAz_bias_sweep,8,32,2,[-0.25 0.25],[0 0],1,1,0,0.5,0,0,0,0,single_peak_in_scope,1,0,0,1,0,1,[65 32 32],low_confidence,rejected,low,[],[],single/merged MUSIC peak with rank-1-like covariance; music evidence is too weak for coherent pair fallback; not_evaluated,0,1,0,0,1,0,NaN,NaN,NaN,NaN,0.0098631,ok,quick,622,902713,1,192
coarseAz_bias_sweep,8,32,2,[-0.25 0.25],[0 0],1,1,0,0.5,0,0,0,0,single_peak_in_scope,1,0,0,1,0,1,[65 32 32],low_confidence,rejected,low,[],[],single/merged MUSIC peak with rank-1-like covariance; music evidence is too weak for coherent pair fallback; not_evaluated,0,1,0,0,1,0,NaN,NaN,NaN,NaN,0.0094788,ok,quick,623,902714,1,192
coarseAz_bias_sweep,8,32,2,[-0.25 0.25],[0 0],1,1,0,0.5,0,0,0,0,single_peak_in_scope,1,0,0,1,0,1,[65 32 32],low_confidence,rejected,low,[],[],single/merged MUSIC peak with rank-1-like covariance; music evidence is too weak for coherent pair fallback; not_evaluated,0,1,0,0,1,0,NaN,NaN,NaN,NaN,0.0100765,ok,quick,624,902715,1,192
coarseAz_bias_sweep,8,32,2,[-0.25 0.25],[0 0],1,1,0,0.5,0,0,0,0,single_peak_in_scope,1,0,0,1,0,1,[65 32 32],low_confidence,rejected,low,[],[],single/merged MUSIC peak with rank-1-like covariance; music evidence is too weak for coherent pair fallback; not_evaluated,0,1,0,0,1,0,NaN,NaN,NaN,NaN,0.0092929,ok,quick,625,902716,1,192
coarseAz_bias_sweep,8,32,2,[-0.25 0.25],[0 0],1,1,0,0.5,0,0,0,0,single_peak_in_scope,1,0,0,1,0,1,[65 32 32],low_confidence,rejected,low,[],[],single/merged MUSIC peak with rank-1-like covariance; music evidence is too weak for coherent pair fallback; not_evaluated,0,1,0,0,1,0,NaN,NaN,NaN,NaN,0.0097087,ok,quick,626,902717,1,192
coarseAz_bias_sweep,8,32,2,[-0.25 0.25],[0 0],1,1,0,0.5,0,0,0,0,single_peak_in_scope,1,0,0,1,0,1,[65 32 32],low_confidence,rejected,low,[],[],single/merged MUSIC peak with rank-1-like covariance; music evidence is too weak for coherent pair fallback; not_evaluated,0,1,0,0,1,0,NaN,NaN,NaN,NaN,0.0104411,ok,quick,627,902718,1,192
coarseAz_bias_sweep,8,32,2,[-0.25 0.25],[0 0],1,1,0,0.5,0,0,0,0,single_peak_in_scope,1,0,0,1,0,1,[65 32 32],low_confidence,rejected,low,[],[],single/merged MUSIC peak with rank-1-like covariance; music evidence is too weak for coherent pair fallback; not_evaluated,0,1,0,0,1,0,NaN,NaN,NaN,NaN,0.0094759,ok,quick,628,902719,1,192
coarseAz_bias_sweep,8,32,2,[-0.25 0.25],[0 0],1,1,0,0.5,0,0,0,0,single_peak_in_scope,1,0,0,1,0,1,[65 32 32],low_confidence,rejected,low,[],[],single/merged MUSIC peak with rank-1-like covariance; music evidence is too weak for coherent pair fallback; not_evaluated,0,1,0,0,1,0,NaN,NaN,NaN,NaN,0.0094756,ok,quick,629,902720,1,192
coarseAz_bias_sweep,8,32,2,[-0.25 0.25],[0 0],1,1,0,0.5,0,0,0,0,single_peak_in_scope,1,0,0,1,0,1,[65 32 32],low_confidence,rejected,low,[],[],single/merged MUSIC peak with rank-1-like covariance; music evidence is too weak for coherent pair fallback; not_evaluated,0,1,0,0,1,0,NaN,NaN,NaN,NaN,0.0097636,ok,quick,630,902721,1,192
coarseAz_bias_sweep,8,32,2,[-0.25 0.25],[0 0],1,1,0,0.5,0,0.5,0,0.5,single_peak_in_scope,1,0,0,1,0,1,[65 32 32],low_confidence,rejected,low,[],[],single/merged MUSIC peak with rank-1-like covariance; music evidence is too weak for coherent pair fallback; not_evaluated,0,1,0,0,1,0,NaN,NaN,NaN,NaN,0.0093448,ok,quick,631,902722,1,192
coarseAz_bias_sweep,8,32,2,[-0.25 0.25],[0 0],1,1,0,0.5,0,0.5,0,0.5,single_peak_in_scope,1,0,0,1,0,1,[65 32 32],low_confidence,rejected,low,[],[],single/merged MUSIC peak with rank-1-like covariance; music evidence is too weak for coherent pair fallback; not_evaluated,0,1,0,0,1,0,NaN,NaN,NaN,NaN,0.0096943,ok,quick,632,902723,1,192
coarseAz_bias_sweep,8,32,2,[-0.25 0.25],[0 0],1,1,0,0.5,0,0.5,0,0.5,single_peak_in_scope,1,0,0,1,0,1,[65 32 32],low_confidence,rejected,low,[],[],single/merged MUSIC peak with rank-1-like covariance; music evidence is too weak for coherent pair fallback; not_evaluated,0,1,0,0,1,0,NaN,NaN,NaN,NaN,0.0103921,ok,quick,633,902724,1,192
coarseAz_bias_sweep,8,32,2,[-0.25 0.25],[0 0],1,1,0,0.5,0,0.5,0,0.5,single_peak_in_scope,1,0,0,1,0,1,[65 32 32],low_confidence,rejected,low,[],[],single/merged MUSIC peak with rank-1-like covariance; music evidence is too weak for coherent pair fallback; not_evaluated,0,1,0,0,1,0,NaN,NaN,NaN,NaN,0.0092757,ok,quick,634,902725,1,192
coarseAz_bias_sweep,8,32,2,[-0.25 0.25],[0 0],1,1,0,0.5,0,0.5,0,0.5,single_peak_in_scope,1,0,0,1,0,1,[65 32 32],low_confidence,rejected,low,[],[],single/merged MUSIC peak with rank-1-like covariance; music evidence is too weak for coherent pair fallback; not_evaluated,0,1,0,0,1,0,NaN,NaN,NaN,NaN,0.0098898,ok,quick,635,902726,1,192
coarseAz_bias_sweep,8,32,2,[-0.25 0.25],[0 0],1,1,0,0.5,0,0.5,0,0.5,single_peak_in_scope,1,0,0,1,0,1,[65 32 32],low_confidence,rejected,low,[],[],single/merged MUSIC peak with rank-1-like covariance; music evidence is too weak for coherent pair fallback; not_evaluated,0,1,0,0,1,0,NaN,NaN,NaN,NaN,0.0091874,ok,quick,636,902727,1,192
coarseAz_bias_sweep,8,32,2,[-0.25 0.25],[0 0],1,1,0,0.5,0,0.5,0,0.5,single_peak_in_scope,1,0,0,1,0,1,[65 32 32],low_confidence,rejected,low,[],[],single/merged MUSIC peak with rank-1-like covariance; music evidence is too weak for coherent pair fallback; not_evaluated,0,1,0,0,1,0,NaN,NaN,NaN,NaN,0.0104839,ok,quick,637,902728,1,192
coarseAz_bias_sweep,8,32,2,[-0.25 0.25],[0 0],1,1,0,0.5,0,0.5,0,0.5,single_peak_in_scope,1,0,0,1,0,1,[65 32 32],low_confidence,rejected,low,[],[],single/merged MUSIC peak with rank-1-like covariance; music evidence is too weak for coherent pair fallback; not_evaluated,0,1,0,0,1,0,NaN,NaN,NaN,NaN,0.0100937,ok,quick,638,902729,1,192
coarseAz_bias_sweep,8,32,2,[-0.25 0.25],[0 0],1,1,0,0.5,0,0.5,0,0.5,single_peak_in_scope,1,0,0,1,0,1,[65 32 32],low_confidence,rejected,low,[],[],single/merged MUSIC peak with rank-1-like covariance; music evidence is too weak for coherent pair fallback; not_evaluated,0,1,0,0,1,0,NaN,NaN,NaN,NaN,0.0094235,ok,quick,639,902730,1,192
coarseAz_bias_sweep,8,32,2,[-0.25 0.25],[0 0],1,1,0,0.5,0,0.5,0,0.5,single_peak_in_scope,1,0,0,1,0,1,[65 32 32],low_confidence,rejected,low,[],[],single/merged MUSIC peak with rank-1-like covariance; music evidence is too weak for coherent pair fallback; not_evaluated,0,1,0,0,1,0,NaN,NaN,NaN,NaN,0.0094558,ok,quick,640,902731,1,192
coarseAz_bias_sweep,8,32,2,[-0.25 0.25],[0 0],1,1,0,0.5,0,0.5,0,0.5,single_peak_in_scope,1,0,0,1,0,1,[65 32 32],low_confidence,rejected,low,[],[],single/merged MUSIC peak with rank-1-like covariance; music evidence is too weak for coherent pair fallback; not_evaluated,0,1,0,0,1,0,NaN,NaN,NaN,NaN,0.010025,ok,quick,641,902732,1,192
coarseAz_bias_sweep,8,32,2,[-0.25 0.25],[0 0],1,1,0,0.5,0,0.5,0,0.5,single_peak_in_scope,1,0,0,1,0,1,[65 32 32],low_confidence,rejected,low,[],[],single/merged MUSIC peak with rank-1-like covariance; music evidence is too weak for coherent pair fallback; not_evaluated,0,1,0,0,1,0,NaN,NaN,NaN,NaN,0.0107718,ok,quick,642,902733,1,192
coarseAz_bias_sweep,8,32,2,[-0.25 0.25],[0 0],1,1,0,0.5,0,0.5,0,0.5,single_peak_in_scope,1,0,0,1,0,1,[65 32 32],low_confidence,rejected,low,[],[],single/merged MUSIC peak with rank-1-like covariance; music evidence is too weak for coherent pair fallback; not_evaluated,0,1,0,0,1,0,NaN,NaN,NaN,NaN,0.0112704,ok,quick,643,902734,1,192
coarseAz_bias_sweep,8,32,2,[-0.25 0.25],[0 0],1,1,0,0.5,0,0.5,0,0.5,single_peak_in_scope,1,0,0,1,0,1,[65 32 32],low_confidence,rejected,low,[],[],single/merged MUSIC peak with rank-1-like covariance; music evidence is too weak for coherent pair fallback; not_evaluated,0,1,0,0,1,0,NaN,NaN,NaN,NaN,0.0106289,ok,quick,644,902735,1,192
coarseAz_bias_sweep,8,32,2,[-0.25 0.25],[0 0],1,1,0,0.5,0,0.5,0,0.5,single_peak_in_scope,1,0,0,1,0,1,[65 32 32],low_confidence,rejected,low,[],[],single/merged MUSIC peak with rank-1-like covariance; music evidence is too weak for coherent pair fallback; not_evaluated,0,1,0,0,1,0,NaN,NaN,NaN,NaN,0.0093328,ok,quick,645,902736,1,192
coarseAz_bias_sweep,8,32,2,[-0.25 0.25],[0 0],1,1,0,0.5,0,0.5,0,0.5,single_peak_in_scope,1,0,0,1,0,1,[65 32 32],low_confidence,rejected,low,[],[],single/merged MUSIC peak with rank-1-like covariance; music evidence is too weak for coherent pair fallback; not_evaluated,0,1,0,0,1,0,NaN,NaN,NaN,NaN,0.0100014,ok,quick,646,902737,1,192
coarseAz_bias_sweep,8,32,2,[-0.25 0.25],[0 0],1,1,0,0.5,0,0.5,0,0.5,single_peak_in_scope,1,0,0,1,0,1,[65 32 32],low_confidence,rejected,low,[],[],single/merged MUSIC peak with rank-1-like covariance; music evidence is too weak for coherent pair fallback; not_evaluated,0,1,0,0,1,0,NaN,NaN,NaN,NaN,0.009914,ok,quick,647,902738,1,192
coarseAz_bias_sweep,8,32,2,[-0.25 0.25],[0 0],1,1,0,0.5,0,0.5,0,0.5,single_peak_in_scope,1,0,0,1,0,1,[65 32 32],low_confidence,rejected,low,[],[],single/merged MUSIC peak with rank-1-like covariance; music evidence is too weak for coherent pair fallback; not_evaluated,0,1,0,0,1,0,NaN,NaN,NaN,NaN,0.0106694,ok,quick,648,902739,1,192
coarseAz_bias_sweep,8,32,2,[-0.25 0.25],[0 0],1,1,0,0.5,0,0.5,0,0.5,single_peak_in_scope,1,0,0,1,0,1,[65 32 32],low_confidence,rejected,low,[],[],single/merged MUSIC peak with rank-1-like covariance; music evidence is too weak for coherent pair fallback; not_evaluated,0,1,0,0,1,0,NaN,NaN,NaN,NaN,0.0121973,ok,quick,649,902740,1,192
coarseAz_bias_sweep,8,32,2,[-0.25 0.25],[0 0],1,1,0,0.5,0,0.5,0,0.5,single_peak_in_scope,1,0,0,1,0,1,[65 32 32],low_confidence,rejected,low,[],[],single/merged MUSIC peak with rank-1-like covariance; music evidence is too weak for coherent pair fallback; not_evaluated,0,1,0,0,1,0,NaN,NaN,NaN,NaN,0.0097294,ok,quick,650,902741,1,192
coarseAz_bias_sweep,8,32,2,[-0.25 0.25],[0 0],1,1,0,0.5,0,0.5,0,0.5,single_peak_in_scope,1,0,0,1,0,1,[65 32 32],low_confidence,rejected,low,[],[],single/merged MUSIC peak with rank-1-like covariance; music evidence is too weak for coherent pair fallback; not_evaluated,0,1,0,0,1,0,NaN,NaN,NaN,NaN,0.0094802,ok,quick,651,902742,1,192
coarseAz_bias_sweep,8,32,2,[-0.25 0.25],[0 0],1,1,0,0.5,0,0.5,0,0.5,single_peak_in_scope,1,0,0,1,0,1,[65 32 32],low_confidence,rejected,low,[],[],single/merged MUSIC peak with rank-1-like covariance; music evidence is too weak for coherent pair fallback; not_evaluated,0,1,0,0,1,0,NaN,NaN,NaN,NaN,0.0128162,ok,quick,652,902743,1,192
coarseAz_bias_sweep,8,32,2,[-0.25 0.25],[0 0],1,1,0,0.5,0,0.5,0,0.5,single_peak_in_scope,1,0,0,1,0,1,[65 32 32],low_confidence,rejected,low,[],[],single/merged MUSIC peak with rank-1-like covariance; music evidence is too weak for coherent pair fallback; not_evaluated,0,1,0,0,1,0,NaN,NaN,NaN,NaN,0.0122365,ok,quick,653,902744,1,192
coarseAz_bias_sweep,8,32,2,[-0.25 0.25],[0 0],1,1,0,0.5,0,0.5,0,0.5,single_peak_in_scope,1,0,0,1,0,1,[65 32 32],low_confidence,rejected,low,[],[],single/merged MUSIC peak with rank-1-like covariance; music evidence is too weak for coherent pair fallback; not_evaluated,0,1,0,0,1,0,NaN,NaN,NaN,NaN,0.0128492,ok,quick,654,902745,1,192
coarseAz_bias_sweep,8,32,2,[-0.25 0.25],[0 0],1,1,0,0.5,0,0.5,0,0.5,single_peak_in_scope,1,0,0,1,0,1,[65 32 32],low_confidence,rejected,low,[],[],single/merged MUSIC peak with rank-1-like covariance; music evidence is too weak for coherent pair fallback; not_evaluated,0,1,0,0,1,0,NaN,NaN,NaN,NaN,0.0103912,ok,quick,655,902746,1,192
coarseAz_bias_sweep,8,32,2,[-0.25 0.25],[0 0],1,1,0,0.5,0,0.5,0,0.5,single_peak_in_scope,1,0,0,1,0,1,[65 32 32],low_confidence,rejected,low,[],[],single/merged MUSIC peak with rank-1-like covariance; music evidence is too weak for coherent pair fallback; not_evaluated,0,1,0,0,1,0,NaN,NaN,NaN,NaN,0.0118478,ok,quick,656,902747,1,192
coarseAz_bias_sweep,8,32,2,[-0.25 0.25],[0 0],1,1,0,0.5,0,0.5,0,0.5,single_peak_in_scope,1,0,0,1,0,1,[65 32 32],low_confidence,rejected,low,[],[],single/merged MUSIC peak with rank-1-like covariance; music evidence is too weak for coherent pair fallback; not_evaluated,0,1,0,0,1,0,NaN,NaN,NaN,NaN,0.009789,ok,quick,657,902748,1,192
coarseAz_bias_sweep,8,32,2,[-0.25 0.25],[0 0],1,1,0,0.5,0,0.5,0,0.5,single_peak_in_scope,1,0,0,1,0,1,[65 32 32],low_confidence,rejected,low,[],[],single/merged MUSIC peak with rank-1-like covariance; music evidence is too weak for coherent pair fallback; not_evaluated,0,1,0,0,1,0,NaN,NaN,NaN,NaN,0.0117956,ok,quick,658,902749,1,192
coarseAz_bias_sweep,8,32,2,[-0.25 0.25],[0 0],1,1,0,0.5,0,0.5,0,0.5,single_peak_in_scope,1,0,0,1,0,1,[65 32 32],low_confidence,rejected,low,[],[],single/merged MUSIC peak with rank-1-like covariance; music evidence is too weak for coherent pair fallback; not_evaluated,0,1,0,0,1,0,NaN,NaN,NaN,NaN,0.0104953,ok,quick,659,902750,1,192
coarseAz_bias_sweep,8,32,2,[-0.25 0.25],[0 0],1,1,0,0.5,0,0.5,0,0.5,single_peak_in_scope,1,0,0,1,0,1,[65 32 32],low_confidence,rejected,low,[],[],single/merged MUSIC peak with rank-1-like covariance; music evidence is too weak for coherent pair fallback; not_evaluated,0,1,0,0,1,0,NaN,NaN,NaN,NaN,0.0125551,ok,quick,660,902751,1,192
coarseAz_bias_sweep,8,32,2,[-0.25 0.25],[0 0],1,1,0,0.5,0,1,0,1,single_peak_in_scope,1,0,0,2,1.875,1,[65 32 32],low_confidence,rejected,low,[],[],single/merged MUSIC peak with rank-1-like covariance; music evidence is too weak for coherent pair fallback; not_evaluated,0,1,0,0,1,0,NaN,NaN,NaN,NaN,0.0107392,ok,quick,661,902752,1,192
coarseAz_bias_sweep,8,32,2,[-0.25 0.25],[0 0],1,1,0,0.5,0,1,0,1,single_peak_in_scope,1,0,0,2,1.875,1,[65 32 32],low_confidence,rejected,low,[],[],single/merged MUSIC peak with rank-1-like covariance; music evidence is too weak for coherent pair fallback; not_evaluated,0,1,0,0,1,0,NaN,NaN,NaN,NaN,0.0109859,ok,quick,662,902753,1,192
coarseAz_bias_sweep,8,32,2,[-0.25 0.25],[0 0],1,1,0,0.5,0,1,0,1,single_peak_in_scope,1,0,0,2,1.875,1,[65 32 32],low_confidence,rejected,low,[],[],single/merged MUSIC peak with rank-1-like covariance; music evidence is too weak for coherent pair fallback; not_evaluated,0,1,0,0,1,0,NaN,NaN,NaN,NaN,0.0181719,ok,quick,663,902754,1,192
coarseAz_bias_sweep,8,32,2,[-0.25 0.25],[0 0],1,1,0,0.5,0,1,0,1,single_peak_in_scope,1,0,0,2,1.875,1,[65 32 32],low_confidence,rejected,low,[],[],single/merged MUSIC peak with rank-1-like covariance; music evidence is too weak for coherent pair fallback; not_evaluated,0,1,0,0,1,0,NaN,NaN,NaN,NaN,0.0097882,ok,quick,664,902755,1,192
coarseAz_bias_sweep,8,32,2,[-0.25 0.25],[0 0],1,1,0,0.5,0,1,0,1,single_peak_in_scope,1,0,0,2,1.875,1,[65 32 32],low_confidence,rejected,low,[],[],single/merged MUSIC peak with rank-1-like covariance; music evidence is too weak for coherent pair fallback; not_evaluated,0,1,0,0,1,0,NaN,NaN,NaN,NaN,0.0098737,ok,quick,665,902756,1,192
coarseAz_bias_sweep,8,32,2,[-0.25 0.25],[0 0],1,1,0,0.5,0,1,0,1,single_peak_in_scope,1,0,0,2,1.875,1,[65 32 32],low_confidence,rejected,low,[],[],single/merged MUSIC peak with rank-1-like covariance; music evidence is too weak for coherent pair fallback; not_evaluated,0,1,0,0,1,0,NaN,NaN,NaN,NaN,0.0092371,ok,quick,666,902757,1,192
coarseAz_bias_sweep,8,32,2,[-0.25 0.25],[0 0],1,1,0,0.5,0,1,0,1,single_peak_in_scope,1,0,0,2,1.875,1,[65 32 32],low_confidence,rejected,low,[],[],single/merged MUSIC peak with rank-1-like covariance; music evidence is too weak for coherent pair fallback; not_evaluated,0,1,0,0,1,0,NaN,NaN,NaN,NaN,0.0098004,ok,quick,667,902758,1,192
coarseAz_bias_sweep,8,32,2,[-0.25 0.25],[0 0],1,1,0,0.5,0,1,0,1,single_peak_in_scope,1,0,0,2,1.875,1,[65 32 32],low_confidence,rejected,low,[],[],single/merged MUSIC peak with rank-1-like covariance; music evidence is too weak for coherent pair fallback; not_evaluated,0,1,0,0,1,0,NaN,NaN,NaN,NaN,0.0096099,ok,quick,668,902759,1,192
coarseAz_bias_sweep,8,32,2,[-0.25 0.25],[0 0],1,1,0,0.5,0,1,0,1,single_peak_in_scope,1,0,0,2,1.875,1,[65 32 32],low_confidence,rejected,low,[],[],single/merged MUSIC peak with rank-1-like covariance; music evidence is too weak for coherent pair fallback; not_evaluated,0,1,0,0,1,0,NaN,NaN,NaN,NaN,0.009444,ok,quick,669,902760,1,192
coarseAz_bias_sweep,8,32,2,[-0.25 0.25],[0 0],1,1,0,0.5,0,1,0,1,single_peak_in_scope,1,0,0,2,1.875,1,[65 32 32],low_confidence,rejected,low,[],[],single/merged MUSIC peak with rank-1-like covariance; music evidence is too weak for coherent pair fallback; not_evaluated,0,1,0,0,1,0,NaN,NaN,NaN,NaN,0.0104241,ok,quick,670,902761,1,192
coarseAz_bias_sweep,8,32,2,[-0.25 0.25],[0 0],1,1,0,0.5,0,1,0,1,single_peak_in_scope,1,0,0,2,1.875,1,[65 32 32],low_confidence,rejected,low,[],[],single/merged MUSIC peak with rank-1-like covariance; music evidence is too weak for coherent pair fallback; not_evaluated,0,1,0,0,1,0,NaN,NaN,NaN,NaN,0.0094612,ok,quick,671,902762,1,192
coarseAz_bias_sweep,8,32,2,[-0.25 0.25],[0 0],1,1,0,0.5,0,1,0,1,single_peak_in_scope,1,0,0,2,1.875,1,[65 32 32],low_confidence,rejected,low,[],[],single/merged MUSIC peak with rank-1-like covariance; music evidence is too weak for coherent pair fallback; not_evaluated,0,1,0,0,1,0,NaN,NaN,NaN,NaN,0.0098294,ok,quick,672,902763,1,192
coarseAz_bias_sweep,8,32,2,[-0.25 0.25],[0 0],1,1,0,0.5,0,1,0,1,single_peak_in_scope,1,0,0,2,1.875,1,[65 32 32],low_confidence,rejected,low,[],[],single/merged MUSIC peak with rank-1-like covariance; music evidence is too weak for coherent pair fallback; not_evaluated,0,1,0,0,1,0,NaN,NaN,NaN,NaN,0.0089666,ok,quick,673,902764,1,192
coarseAz_bias_sweep,8,32,2,[-0.25 0.25],[0 0],1,1,0,0.5,0,1,0,1,single_peak_in_scope,1,0,0,2,1.875,1,[65 32 32],low_confidence,rejected,low,[],[],single/merged MUSIC peak with rank-1-like covariance; music evidence is too weak for coherent pair fallback; not_evaluated,0,1,0,0,1,0,NaN,NaN,NaN,NaN,0.0090266,ok,quick,674,902765,1,192
coarseAz_bias_sweep,8,32,2,[-0.25 0.25],[0 0],1,1,0,0.5,0,1,0,1,single_peak_in_scope,1,0,0,2,1.875,1,[65 32 32],low_confidence,rejected,low,[],[],single/merged MUSIC peak with rank-1-like covariance; music evidence is too weak for coherent pair fallback; not_evaluated,0,1,0,0,1,0,NaN,NaN,NaN,NaN,0.0081631,ok,quick,675,902766,1,192
coarseAz_bias_sweep,8,32,2,[-0.25 0.25],[0 0],1,1,0,0.5,0,1,0,1,single_peak_in_scope,1,0,0,2,1.875,1,[65 32 32],low_confidence,rejected,low,[],[],single/merged MUSIC peak with rank-1-like covariance; music evidence is too weak for coherent pair fallback; not_evaluated,0,1,0,0,1,0,NaN,NaN,NaN,NaN,0.0093802,ok,quick,676,902767,1,192
coarseAz_bias_sweep,8,32,2,[-0.25 0.25],[0 0],1,1,0,0.5,0,1,0,1,single_peak_in_scope,1,0,0,2,1.875,1,[65 32 32],low_confidence,rejected,low,[],[],single/merged MUSIC peak with rank-1-like covariance; music evidence is too weak for coherent pair fallback; not_evaluated,0,1,0,0,1,0,NaN,NaN,NaN,NaN,0.008392,ok,quick,677,902768,1,192
coarseAz_bias_sweep,8,32,2,[-0.25 0.25],[0 0],1,1,0,0.5,0,1,0,1,single_peak_in_scope,1,0,0,2,1.875,1,[65 32 32],low_confidence,rejected,low,[],[],single/merged MUSIC peak with rank-1-like covariance; music evidence is too weak for coherent pair fallback; not_evaluated,0,1,0,0,1,0,NaN,NaN,NaN,NaN,0.008686,ok,quick,678,902769,1,192
coarseAz_bias_sweep,8,32,2,[-0.25 0.25],[0 0],1,1,0,0.5,0,1,0,1,single_peak_in_scope,1,0,0,2,1.875,1,[65 32 32],low_confidence,rejected,low,[],[],single/merged MUSIC peak with rank-1-like covariance; music evidence is too weak for coherent pair fallback; not_evaluated,0,1,0,0,1,0,NaN,NaN,NaN,NaN,0.0089626,ok,quick,679,902770,1,192
coarseAz_bias_sweep,8,32,2,[-0.25 0.25],[0 0],1,1,0,0.5,0,1,0,1,single_peak_in_scope,1,0,0,2,1.875,1,[65 32 32],low_confidence,rejected,low,[],[],single/merged MUSIC peak with rank-1-like covariance; music evidence is too weak for coherent pair fallback; not_evaluated,0,1,0,0,1,0,NaN,NaN,NaN,NaN,0.0088993,ok,quick,680,902771,1,192
coarseAz_bias_sweep,8,32,2,[-0.25 0.25],[0 0],1,1,0,0.5,0,1,0,1,single_peak_in_scope,1,0,0,2,1.875,1,[65 32 32],low_confidence,rejected,low,[],[],single/merged MUSIC peak with rank-1-like covariance; music evidence is too weak for coherent pair fallback; not_evaluated,0,1,0,0,1,0,NaN,NaN,NaN,NaN,0.0081932,ok,quick,681,902772,1,192
coarseAz_bias_sweep,8,32,2,[-0.25 0.25],[0 0],1,1,0,0.5,0,1,0,1,single_peak_in_scope,1,0,0,2,1.875,1,[65 32 32],low_confidence,rejected,low,[],[],single/merged MUSIC peak with rank-1-like covariance; music evidence is too weak for coherent pair fallback; not_evaluated,0,1,0,0,1,0,NaN,NaN,NaN,NaN,0.0089504,ok,quick,682,902773,1,192
coarseAz_bias_sweep,8,32,2,[-0.25 0.25],[0 0],1,1,0,0.5,0,1,0,1,single_peak_in_scope,1,0,0,2,1.875,1,[65 32 32],low_confidence,rejected,low,[],[],single/merged MUSIC peak with rank-1-like covariance; music evidence is too weak for coherent pair fallback; not_evaluated,0,1,0,0,1,0,NaN,NaN,NaN,NaN,0.0087062,ok,quick,683,902774,1,192
coarseAz_bias_sweep,8,32,2,[-0.25 0.25],[0 0],1,1,0,0.5,0,1,0,1,single_peak_in_scope,1,0,0,2,1.875,1,[65 32 32],low_confidence,rejected,low,[],[],single/merged MUSIC peak with rank-1-like covariance; music evidence is too weak for coherent pair fallback; not_evaluated,0,1,0,0,1,0,NaN,NaN,NaN,NaN,0.0095005,ok,quick,684,902775,1,192
coarseAz_bias_sweep,8,32,2,[-0.25 0.25],[0 0],1,1,0,0.5,0,1,0,1,single_peak_in_scope,1,0,0,2,1.875,1,[65 32 32],low_confidence,rejected,low,[],[],single/merged MUSIC peak with rank-1-like covariance; music evidence is too weak for coherent pair fallback; not_evaluated,0,1,0,0,1,0,NaN,NaN,NaN,NaN,0.0097186,ok,quick,685,902776,1,192
coarseAz_bias_sweep,8,32,2,[-0.25 0.25],[0 0],1,1,0,0.5,0,1,0,1,single_peak_in_scope,1,0,0,2,1.875,1,[65 32 32],low_confidence,rejected,low,[],[],single/merged MUSIC peak with rank-1-like covariance; music evidence is too weak for coherent pair fallback; not_evaluated,0,1,0,0,1,0,NaN,NaN,NaN,NaN,0.0094676,ok,quick,686,902777,1,192
coarseAz_bias_sweep,8,32,2,[-0.25 0.25],[0 0],1,1,0,0.5,0,1,0,1,single_peak_in_scope,1,0,0,2,1.875,1,[65 32 32],low_confidence,rejected,low,[],[],single/merged MUSIC peak with rank-1-like covariance; music evidence is too weak for coherent pair fallback; not_evaluated,0,1,0,0,1,0,NaN,NaN,NaN,NaN,0.0097267,ok,quick,687,902778,1,192
coarseAz_bias_sweep,8,32,2,[-0.25 0.25],[0 0],1,1,0,0.5,0,1,0,1,single_peak_in_scope,1,0,0,2,1.875,1,[65 32 32],low_confidence,rejected,low,[],[],single/merged MUSIC peak with rank-1-like covariance; music evidence is too weak for coherent pair fallback; not_evaluated,0,1,0,0,1,0,NaN,NaN,NaN,NaN,0.0088515,ok,quick,688,902779,1,192
coarseAz_bias_sweep,8,32,2,[-0.25 0.25],[0 0],1,1,0,0.5,0,1,0,1,single_peak_in_scope,1,0,0,2,1.875,1,[65 32 32],low_confidence,rejected,low,[],[],single/merged MUSIC peak with rank-1-like covariance; music evidence is too weak for coherent pair fallback; not_evaluated,0,1,0,0,1,0,NaN,NaN,NaN,NaN,0.009243,ok,quick,689,902780,1,192
coarseAz_bias_sweep,8,32,2,[-0.25 0.25],[0 0],1,1,0,0.5,0,1,0,1,single_peak_in_scope,1,0,0,2,1.875,1,[65 32 32],low_confidence,rejected,low,[],[],single/merged MUSIC peak with rank-1-like covariance; music evidence is too weak for coherent pair fallback; not_evaluated,0,1,0,0,1,0,NaN,NaN,NaN,NaN,0.0084636,ok,quick,690,902781,1,192
center_wraparound_case,8,32,2,[-0.2 0.2],[0 0],1,1,0,0.4,0,0,0,0,single_peak_in_scope,1,0,0,1,0,1,[65 32 32],low_confidence,rejected,low,[],[],single/merged MUSIC peak with rank-1-like covariance; music evidence is too weak for coherent pair fallback; not_evaluated,0,1,0,0,1,0,NaN,NaN,NaN,NaN,0.0087843,ok,quick,691,902782,1,192
center_wraparound_case,8,32,2,[-0.2 0.2],[0 0],1,1,0,0.4,0,0,0,0,single_peak_in_scope,1,0,0,1,0,1,[65 32 32],low_confidence,rejected,low,[],[],single/merged MUSIC peak with rank-1-like covariance; music evidence is too weak for coherent pair fallback; not_evaluated,0,1,0,0,1,0,NaN,NaN,NaN,NaN,0.0092678,ok,quick,692,902783,1,192
center_wraparound_case,8,32,2,[-0.2 0.2],[0 0],1,1,0,0.4,0,0,0,0,single_peak_in_scope,1,0,0,1,0,1,[65 32 32],low_confidence,rejected,low,[],[],single/merged MUSIC peak with rank-1-like covariance; music evidence is too weak for coherent pair fallback; not_evaluated,0,1,0,0,1,0,NaN,NaN,NaN,NaN,0.0099519,ok,quick,693,902784,1,192
center_wraparound_case,8,32,2,[-0.2 0.2],[0 0],1,1,0,0.4,0,0,0,0,single_peak_in_scope,1,0,0,1,0,1,[65 32 32],low_confidence,rejected,low,[],[],single/merged MUSIC peak with rank-1-like covariance; music evidence is too weak for coherent pair fallback; not_evaluated,0,1,0,0,1,0,NaN,NaN,NaN,NaN,0.0090501,ok,quick,694,902785,1,192
center_wraparound_case,8,32,2,[-0.2 0.2],[0 0],1,1,0,0.4,0,0,0,0,single_peak_in_scope,1,0,0,1,0,1,[65 32 32],low_confidence,rejected,low,[],[],single/merged MUSIC peak with rank-1-like covariance; music evidence is too weak for coherent pair fallback; not_evaluated,0,1,0,0,1,0,NaN,NaN,NaN,NaN,0.0090612,ok,quick,695,902786,1,192
center_wraparound_case,8,32,2,[-0.2 0.2],[0 0],1,1,0,0.4,0,0,0,0,single_peak_in_scope,1,0,0,1,0,1,[65 32 32],low_confidence,rejected,low,[],[],single/merged MUSIC peak with rank-1-like covariance; music evidence is too weak for coherent pair fallback; not_evaluated,0,1,0,0,1,0,NaN,NaN,NaN,NaN,0.0083581,ok,quick,696,902787,1,192
center_wraparound_case,8,32,2,[-0.2 0.2],[0 0],1,1,0,0.4,0,0,0,0,single_peak_in_scope,1,0,0,1,0,1,[65 32 32],low_confidence,rejected,low,[],[],single/merged MUSIC peak with rank-1-like covariance; music evidence is too weak for coherent pair fallback; not_evaluated,0,1,0,0,1,0,NaN,NaN,NaN,NaN,0.0091271,ok,quick,697,902788,1,192
center_wraparound_case,8,32,2,[-0.2 0.2],[0 0],1,1,0,0.4,0,0,0,0,single_peak_in_scope,1,0,0,1,0,1,[65 32 32],low_confidence,rejected,low,[],[],single/merged MUSIC peak with rank-1-like covariance; music evidence is too weak for coherent pair fallback; not_evaluated,0,1,0,0,1,0,NaN,NaN,NaN,NaN,0.008911,ok,quick,698,902789,1,192
center_wraparound_case,8,32,2,[-0.2 0.2],[0 0],1,1,0,0.4,0,0,0,0,single_peak_in_scope,1,0,0,1,0,1,[65 32 32],low_confidence,rejected,low,[],[],single/merged MUSIC peak with rank-1-like covariance; music evidence is too weak for coherent pair fallback; not_evaluated,0,1,0,0,1,0,NaN,NaN,NaN,NaN,0.0094639,ok,quick,699,902790,1,192
center_wraparound_case,8,32,2,[-0.2 0.2],[0 0],1,1,0,0.4,0,0,0,0,single_peak_in_scope,1,0,0,1,0,1,[65 32 32],low_confidence,rejected,low,[],[],single/merged MUSIC peak with rank-1-like covariance; music evidence is too weak for coherent pair fallback; not_evaluated,0,1,0,0,1,0,NaN,NaN,NaN,NaN,0.0102556,ok,quick,700,902791,1,192
center_wraparound_case,8,32,2,[-0.2 0.2],[0 0],1,1,0,0.4,0,0,0,0,single_peak_in_scope,1,0,0,1,0,1,[65 32 32],low_confidence,rejected,low,[],[],single/merged MUSIC peak with rank-1-like covariance; music evidence is too weak for coherent pair fallback; not_evaluated,0,1,0,0,1,0,NaN,NaN,NaN,NaN,0.0092276,ok,quick,701,902792,1,192
center_wraparound_case,8,32,2,[-0.2 0.2],[0 0],1,1,0,0.4,0,0,0,0,single_peak_in_scope,1,0,0,1,0,1,[65 32 32],low_confidence,rejected,low,[],[],single/merged MUSIC peak with rank-1-like covariance; music evidence is too weak for coherent pair fallback; not_evaluated,0,1,0,0,1,0,NaN,NaN,NaN,NaN,0.0082193,ok,quick,702,902793,1,192
center_wraparound_case,8,32,2,[-0.2 0.2],[0 0],1,1,0,0.4,0,0,0,0,single_peak_in_scope,1,0,0,1,0,1,[65 32 32],low_confidence,rejected,low,[],[],single/merged MUSIC peak with rank-1-like covariance; music evidence is too weak for coherent pair fallback; not_evaluated,0,1,0,0,1,0,NaN,NaN,NaN,NaN,0.0089437,ok,quick,703,902794,1,192
center_wraparound_case,8,32,2,[-0.2 0.2],[0 0],1,1,0,0.4,0,0,0,0,single_peak_in_scope,1,0,0,1,0,1,[65 32 32],low_confidence,rejected,low,[],[],single/merged MUSIC peak with rank-1-like covariance; music evidence is too weak for coherent pair fallback; not_evaluated,0,1,0,0,1,0,NaN,NaN,NaN,NaN,0.0096816,ok,quick,704,902795,1,192
center_wraparound_case,8,32,2,[-0.2 0.2],[0 0],1,1,0,0.4,0,0,0,0,single_peak_in_scope,1,0,0,1,0,1,[65 32 32],low_confidence,rejected,low,[],[],single/merged MUSIC peak with rank-1-like covariance; music evidence is too weak for coherent pair fallback; not_evaluated,0,1,0,0,1,0,NaN,NaN,NaN,NaN,0.0088026,ok,quick,705,902796,1,192
center_wraparound_case,8,32,2,[-0.2 0.2],[0 0],1,1,0,0.4,0,0,0,0,single_peak_in_scope,1,0,0,1,0,1,[65 32 32],low_confidence,rejected,low,[],[],single/merged MUSIC peak with rank-1-like covariance; music evidence is too weak for coherent pair fallback; not_evaluated,0,1,0,0,1,0,NaN,NaN,NaN,NaN,0.0092145,ok,quick,706,902797,1,192
center_wraparound_case,8,32,2,[-0.2 0.2],[0 0],1,1,0,0.4,0,0,0,0,single_peak_in_scope,1,0,0,1,0,1,[65 32 32],low_confidence,rejected,low,[],[],single/merged MUSIC peak with rank-1-like covariance; music evidence is too weak for coherent pair fallback; not_evaluated,0,1,0,0,1,0,NaN,NaN,NaN,NaN,0.0091388,ok,quick,707,902798,1,192
center_wraparound_case,8,32,2,[-0.2 0.2],[0 0],1,1,0,0.4,0,0,0,0,single_peak_in_scope,1,0,0,1,0,1,[65 32 32],low_confidence,rejected,low,[],[],single/merged MUSIC peak with rank-1-like covariance; music evidence is too weak for coherent pair fallback; not_evaluated,0,1,0,0,1,0,NaN,NaN,NaN,NaN,0.0097647,ok,quick,708,902799,1,192
center_wraparound_case,8,32,2,[-0.2 0.2],[0 0],1,1,0,0.4,0,0,0,0,single_peak_in_scope,1,0,0,1,0,1,[65 32 32],low_confidence,rejected,low,[],[],single/merged MUSIC peak with rank-1-like covariance; music evidence is too weak for coherent pair fallback; not_evaluated,0,1,0,0,1,0,NaN,NaN,NaN,NaN,0.0090513,ok,quick,709,902800,1,192
center_wraparound_case,8,32,2,[-0.2 0.2],[0 0],1,1,0,0.4,0,0,0,0,single_peak_in_scope,1,0,0,1,0,1,[65 32 32],low_confidence,rejected,low,[],[],single/merged MUSIC peak with rank-1-like covariance; music evidence is too weak for coherent pair fallback; not_evaluated,0,1,0,0,1,0,NaN,NaN,NaN,NaN,0.0090723,ok,quick,710,902801,1,192
center_wraparound_case,8,32,2,[-0.2 0.2],[0 0],1,1,0,0.4,0,0,0,0,single_peak_in_scope,1,0,0,1,0,1,[65 32 32],low_confidence,rejected,low,[],[],single/merged MUSIC peak with rank-1-like covariance; music evidence is too weak for coherent pair fallback; not_evaluated,0,1,0,0,1,0,NaN,NaN,NaN,NaN,0.0091097,ok,quick,711,902802,1,192
center_wraparound_case,8,32,2,[-0.2 0.2],[0 0],1,1,0,0.4,0,0,0,0,single_peak_in_scope,1,0,0,1,0,1,[65 32 32],low_confidence,rejected,low,[],[],single/merged MUSIC peak with rank-1-like covariance; music evidence is too weak for coherent pair fallback; not_evaluated,0,1,0,0,1,0,NaN,NaN,NaN,NaN,0.009874,ok,quick,712,902803,1,192
center_wraparound_case,8,32,2,[-0.2 0.2],[0 0],1,1,0,0.4,0,0,0,0,single_peak_in_scope,1,0,0,1,0,1,[65 32 32],low_confidence,rejected,low,[],[],single/merged MUSIC peak with rank-1-like covariance; music evidence is too weak for coherent pair fallback; not_evaluated,0,1,0,0,1,0,NaN,NaN,NaN,NaN,0.008572,ok,quick,713,902804,1,192
center_wraparound_case,8,32,2,[-0.2 0.2],[0 0],1,1,0,0.4,0,0,0,0,single_peak_in_scope,1,0,0,1,0,1,[65 32 32],low_confidence,rejected,low,[],[],single/merged MUSIC peak with rank-1-like covariance; music evidence is too weak for coherent pair fallback; not_evaluated,0,1,0,0,1,0,NaN,NaN,NaN,NaN,0.0093534,ok,quick,714,902805,1,192
center_wraparound_case,8,32,2,[-0.2 0.2],[0 0],1,1,0,0.4,0,0,0,0,single_peak_in_scope,1,0,0,1,0,1,[65 32 32],low_confidence,rejected,low,[],[],single/merged MUSIC peak with rank-1-like covariance; music evidence is too weak for coherent pair fallback; not_evaluated,0,1,0,0,1,0,NaN,NaN,NaN,NaN,0.0089547,ok,quick,715,902806,1,192
center_wraparound_case,8,32,2,[-0.2 0.2],[0 0],1,1,0,0.4,0,0,0,0,single_peak_in_scope,1,0,0,1,0,1,[65 32 32],low_confidence,rejected,low,[],[],single/merged MUSIC peak with rank-1-like covariance; music evidence is too weak for coherent pair fallback; not_evaluated,0,1,0,0,1,0,NaN,NaN,NaN,NaN,0.010611,ok,quick,716,902807,1,192
center_wraparound_case,8,32,2,[-0.2 0.2],[0 0],1,1,0,0.4,0,0,0,0,single_peak_in_scope,1,0,0,1,0,1,[65 32 32],low_confidence,rejected,low,[],[],single/merged MUSIC peak with rank-1-like covariance; music evidence is too weak for coherent pair fallback; not_evaluated,0,1,0,0,1,0,NaN,NaN,NaN,NaN,0.0099279,ok,quick,717,902808,1,192
center_wraparound_case,8,32,2,[-0.2 0.2],[0 0],1,1,0,0.4,0,0,0,0,single_peak_in_scope,1,0,0,1,0,1,[65 32 32],low_confidence,rejected,low,[],[],single/merged MUSIC peak with rank-1-like covariance; music evidence is too weak for coherent pair fallback; not_evaluated,0,1,0,0,1,0,NaN,NaN,NaN,NaN,0.0096124,ok,quick,718,902809,1,192
center_wraparound_case,8,32,2,[-0.2 0.2],[0 0],1,1,0,0.4,0,0,0,0,single_peak_in_scope,1,0,0,1,0,1,[65 32 32],low_confidence,rejected,low,[],[],single/merged MUSIC peak with rank-1-like covariance; music evidence is too weak for coherent pair fallback; not_evaluated,0,1,0,0,1,0,NaN,NaN,NaN,NaN,0.0091317,ok,quick,719,902810,1,192
center_wraparound_case,8,32,2,[-0.2 0.2],[0 0],1,1,0,0.4,0,0,0,0,single_peak_in_scope,1,0,0,1,0,1,[65 32 32],low_confidence,rejected,low,[],[],single/merged MUSIC peak with rank-1-like covariance; music evidence is too weak for coherent pair fallback; not_evaluated,0,1,0,0,1,0,NaN,NaN,NaN,NaN,0.00866,ok,quick,720,902811,1,192
center_wraparound_case,8,32,2,[-1.2 -0.8],[0 0],1,1,0,0.4,0,359,0,0,single_peak_in_scope,1,0,0,192,358.125,1,[65 32 32],low_confidence,rejected,low,[],[],single/merged MUSIC peak with rank-1-like covariance; music evidence is too weak for coherent pair fallback; not_evaluated,0,1,0,0,1,0,NaN,NaN,NaN,NaN,0.0082942,ok,quick,721,902812,1,192
center_wraparound_case,8,32,2,[-1.2 -0.8],[0 0],1,1,0,0.4,0,359,0,0,single_peak_in_scope,1,0,0,192,358.125,1,[65 32 32],low_confidence,rejected,low,[],[],single/merged MUSIC peak with rank-1-like covariance; music evidence is too weak for coherent pair fallback; not_evaluated,0,1,0,0,1,0,NaN,NaN,NaN,NaN,0.0088407,ok,quick,722,902813,1,192
center_wraparound_case,8,32,2,[-1.2 -0.8],[0 0],1,1,0,0.4,0,359,0,0,single_peak_in_scope,1,0,0,192,358.125,1,[65 32 32],low_confidence,rejected,low,[],[],single/merged MUSIC peak with rank-1-like covariance; music evidence is too weak for coherent pair fallback; not_evaluated,0,1,0,0,1,0,NaN,NaN,NaN,NaN,0.0086273,ok,quick,723,902814,1,192
center_wraparound_case,8,32,2,[-1.2 -0.8],[0 0],1,1,0,0.4,0,359,0,0,single_peak_in_scope,1,0,0,192,358.125,1,[65 32 32],low_confidence,rejected,low,[],[],single/merged MUSIC peak with rank-1-like covariance; music evidence is too weak for coherent pair fallback; not_evaluated,0,1,0,0,1,0,NaN,NaN,NaN,NaN,0.0093657,ok,quick,724,902815,1,192
center_wraparound_case,8,32,2,[-1.2 -0.8],[0 0],1,1,0,0.4,0,359,0,0,single_peak_in_scope,1,0,0,192,358.125,1,[65 32 32],low_confidence,rejected,low,[],[],single/merged MUSIC peak with rank-1-like covariance; music evidence is too weak for coherent pair fallback; not_evaluated,0,1,0,0,1,0,NaN,NaN,NaN,NaN,0.0085093,ok,quick,725,902816,1,192
center_wraparound_case,8,32,2,[-1.2 -0.8],[0 0],1,1,0,0.4,0,359,0,0,single_peak_in_scope,1,0,0,192,358.125,1,[65 32 32],low_confidence,rejected,low,[],[],single/merged MUSIC peak with rank-1-like covariance; music evidence is too weak for coherent pair fallback; not_evaluated,0,1,0,0,1,0,NaN,NaN,NaN,NaN,0.0098791,ok,quick,726,902817,1,192
center_wraparound_case,8,32,2,[-1.2 -0.8],[0 0],1,1,0,0.4,0,359,0,0,single_peak_in_scope,1,0,0,192,358.125,1,[65 32 32],low_confidence,rejected,low,[],[],single/merged MUSIC peak with rank-1-like covariance; music evidence is too weak for coherent pair fallback; not_evaluated,0,1,0,0,1,0,NaN,NaN,NaN,NaN,0.0082209,ok,quick,727,902818,1,192
center_wraparound_case,8,32,2,[-1.2 -0.8],[0 0],1,1,0,0.4,0,359,0,0,single_peak_in_scope,1,0,0,192,358.125,1,[65 32 32],low_confidence,rejected,low,[],[],single/merged MUSIC peak with rank-1-like covariance; music evidence is too weak for coherent pair fallback; not_evaluated,0,1,0,0,1,0,NaN,NaN,NaN,NaN,0.0090092,ok,quick,728,902819,1,192
center_wraparound_case,8,32,2,[-1.2 -0.8],[0 0],1,1,0,0.4,0,359,0,0,single_peak_in_scope,1,0,0,192,358.125,1,[65 32 32],low_confidence,rejected,low,[],[],single/merged MUSIC peak with rank-1-like covariance; music evidence is too weak for coherent pair fallback; not_evaluated,0,1,0,0,1,0,NaN,NaN,NaN,NaN,0.0084086,ok,quick,729,902820,1,192
center_wraparound_case,8,32,2,[-1.2 -0.8],[0 0],1,1,0,0.4,0,359,0,0,single_peak_in_scope,1,0,0,192,358.125,1,[65 32 32],low_confidence,rejected,low,[],[],single/merged MUSIC peak with rank-1-like covariance; music evidence is too weak for coherent pair fallback; not_evaluated,0,1,0,0,1,0,NaN,NaN,NaN,NaN,0.0087275,ok,quick,730,902821,1,192
center_wraparound_case,8,32,2,[-1.2 -0.8],[0 0],1,1,0,0.4,0,359,0,0,single_peak_in_scope,1,0,0,192,358.125,1,[65 32 32],low_confidence,rejected,low,[],[],single/merged MUSIC peak with rank-1-like covariance; music evidence is too weak for coherent pair fallback; not_evaluated,0,1,0,0,1,0,NaN,NaN,NaN,NaN,0.0084534,ok,quick,731,902822,1,192
center_wraparound_case,8,32,2,[-1.2 -0.8],[0 0],1,1,0,0.4,0,359,0,0,single_peak_in_scope,1,0,0,192,358.125,1,[65 32 32],low_confidence,rejected,low,[],[],single/merged MUSIC peak with rank-1-like covariance; music evidence is too weak for coherent pair fallback; not_evaluated,0,1,0,0,1,0,NaN,NaN,NaN,NaN,0.0095753,ok,quick,732,902823,1,192
center_wraparound_case,8,32,2,[-1.2 -0.8],[0 0],1,1,0,0.4,0,359,0,0,single_peak_in_scope,1,0,0,192,358.125,1,[65 32 32],low_confidence,rejected,low,[],[],single/merged MUSIC peak with rank-1-like covariance; music evidence is too weak for coherent pair fallback; not_evaluated,0,1,0,0,1,0,NaN,NaN,NaN,NaN,0.008469,ok,quick,733,902824,1,192
center_wraparound_case,8,32,2,[-1.2 -0.8],[0 0],1,1,0,0.4,0,359,0,0,single_peak_in_scope,1,0,0,192,358.125,1,[65 32 32],low_confidence,rejected,low,[],[],single/merged MUSIC peak with rank-1-like covariance; music evidence is too weak for coherent pair fallback; not_evaluated,0,1,0,0,1,0,NaN,NaN,NaN,NaN,0.0094627,ok,quick,734,902825,1,192
center_wraparound_case,8,32,2,[-1.2 -0.8],[0 0],1,1,0,0.4,0,359,0,0,single_peak_in_scope,1,0,0,192,358.125,1,[65 32 32],low_confidence,rejected,low,[],[],single/merged MUSIC peak with rank-1-like covariance; music evidence is too weak for coherent pair fallback; not_evaluated,0,1,0,0,1,0,NaN,NaN,NaN,NaN,0.0088065,ok,quick,735,902826,1,192
center_wraparound_case,8,32,2,[-1.2 -0.8],[0 0],1,1,0,0.4,0,359,0,0,single_peak_in_scope,1,0,0,192,358.125,1,[65 32 32],low_confidence,rejected,low,[],[],single/merged MUSIC peak with rank-1-like covariance; music evidence is too weak for coherent pair fallback; not_evaluated,0,1,0,0,1,0,NaN,NaN,NaN,NaN,0.008509,ok,quick,736,902827,1,192
center_wraparound_case,8,32,2,[-1.2 -0.8],[0 0],1,1,0,0.4,0,359,0,0,single_peak_in_scope,1,0,0,192,358.125,1,[65 32 32],low_confidence,rejected,low,[],[],single/merged MUSIC peak with rank-1-like covariance; music evidence is too weak for coherent pair fallback; not_evaluated,0,1,0,0,1,0,NaN,NaN,NaN,NaN,0.0100037,ok,quick,737,902828,1,192
center_wraparound_case,8,32,2,[-1.2 -0.8],[0 0],1,1,0,0.4,0,359,0,0,single_peak_in_scope,1,0,0,192,358.125,1,[65 32 32],low_confidence,rejected,low,[],[],single/merged MUSIC peak with rank-1-like covariance; music evidence is too weak for coherent pair fallback; not_evaluated,0,1,0,0,1,0,NaN,NaN,NaN,NaN,0.008998,ok,quick,738,902829,1,192
center_wraparound_case,8,32,2,[-1.2 -0.8],[0 0],1,1,0,0.4,0,359,0,0,single_peak_in_scope,1,0,0,192,358.125,1,[65 32 32],low_confidence,rejected,low,[],[],single/merged MUSIC peak with rank-1-like covariance; music evidence is too weak for coherent pair fallback; not_evaluated,0,1,0,0,1,0,NaN,NaN,NaN,NaN,0.0090529,ok,quick,739,902830,1,192
center_wraparound_case,8,32,2,[-1.2 -0.8],[0 0],1,1,0,0.4,0,359,0,0,single_peak_in_scope,1,0,0,192,358.125,1,[65 32 32],low_confidence,rejected,low,[],[],single/merged MUSIC peak with rank-1-like covariance; music evidence is too weak for coherent pair fallback; not_evaluated,0,1,0,0,1,0,NaN,NaN,NaN,NaN,0.009108,ok,quick,740,902831,1,192
center_wraparound_case,8,32,2,[-1.2 -0.8],[0 0],1,1,0,0.4,0,359,0,0,single_peak_in_scope,1,0,0,192,358.125,1,[65 32 32],low_confidence,rejected,low,[],[],single/merged MUSIC peak with rank-1-like covariance; music evidence is too weak for coherent pair fallback; not_evaluated,0,1,0,0,1,0,NaN,NaN,NaN,NaN,0.0082006,ok,quick,741,902832,1,192
center_wraparound_case,8,32,2,[-1.2 -0.8],[0 0],1,1,0,0.4,0,359,0,0,single_peak_in_scope,1,0,0,192,358.125,1,[65 32 32],low_confidence,rejected,low,[],[],single/merged MUSIC peak with rank-1-like covariance; music evidence is too weak for coherent pair fallback; not_evaluated,0,1,0,0,1,0,NaN,NaN,NaN,NaN,0.0088233,ok,quick,742,902833,1,192
center_wraparound_case,8,32,2,[-1.2 -0.8],[0 0],1,1,0,0.4,0,359,0,0,single_peak_in_scope,1,0,0,192,358.125,1,[65 32 32],low_confidence,rejected,low,[],[],single/merged MUSIC peak with rank-1-like covariance; music evidence is too weak for coherent pair fallback; not_evaluated,0,1,0,0,1,0,NaN,NaN,NaN,NaN,0.0090856,ok,quick,743,902834,1,192
center_wraparound_case,8,32,2,[-1.2 -0.8],[0 0],1,1,0,0.4,0,359,0,0,single_peak_in_scope,1,0,0,192,358.125,1,[65 32 32],low_confidence,rejected,low,[],[],single/merged MUSIC peak with rank-1-like covariance; music evidence is too weak for coherent pair fallback; not_evaluated,0,1,0,0,1,0,NaN,NaN,NaN,NaN,0.0095653,ok,quick,744,902835,1,192
center_wraparound_case,8,32,2,[-1.2 -0.8],[0 0],1,1,0,0.4,0,359,0,0,single_peak_in_scope,1,0,0,192,358.125,1,[65 32 32],low_confidence,rejected,low,[],[],single/merged MUSIC peak with rank-1-like covariance; music evidence is too weak for coherent pair fallback; not_evaluated,0,1,0,0,1,0,NaN,NaN,NaN,NaN,0.0102776,ok,quick,745,902836,1,192
center_wraparound_case,8,32,2,[-1.2 -0.8],[0 0],1,1,0,0.4,0,359,0,0,single_peak_in_scope,1,0,0,192,358.125,1,[65 32 32],low_confidence,rejected,low,[],[],single/merged MUSIC peak with rank-1-like covariance; music evidence is too weak for coherent pair fallback; not_evaluated,0,1,0,0,1,0,NaN,NaN,NaN,NaN,0.0097305,ok,quick,746,902837,1,192
center_wraparound_case,8,32,2,[-1.2 -0.8],[0 0],1,1,0,0.4,0,359,0,0,single_peak_in_scope,1,0,0,192,358.125,1,[65 32 32],low_confidence,rejected,low,[],[],single/merged MUSIC peak with rank-1-like covariance; music evidence is too weak for coherent pair fallback; not_evaluated,0,1,0,0,1,0,NaN,NaN,NaN,NaN,0.0086829,ok,quick,747,902838,1,192
center_wraparound_case,8,32,2,[-1.2 -0.8],[0 0],1,1,0,0.4,0,359,0,0,single_peak_in_scope,1,0,0,192,358.125,1,[65 32 32],low_confidence,rejected,low,[],[],single/merged MUSIC peak with rank-1-like covariance; music evidence is too weak for coherent pair fallback; not_evaluated,0,1,0,0,1,0,NaN,NaN,NaN,NaN,0.0096579,ok,quick,748,902839,1,192
center_wraparound_case,8,32,2,[-1.2 -0.8],[0 0],1,1,0,0.4,0,359,0,0,single_peak_in_scope,1,0,0,192,358.125,1,[65 32 32],low_confidence,rejected,low,[],[],single/merged MUSIC peak with rank-1-like covariance; music evidence is too weak for coherent pair fallback; not_evaluated,0,1,0,0,1,0,NaN,NaN,NaN,NaN,0.0089797,ok,quick,749,902840,1,192
center_wraparound_case,8,32,2,[-1.2 -0.8],[0 0],1,1,0,0.4,0,359,0,0,single_peak_in_scope,1,0,0,192,358.125,1,[65 32 32],low_confidence,rejected,low,[],[],single/merged MUSIC peak with rank-1-like covariance; music evidence is too weak for coherent pair fallback; not_evaluated,0,1,0,0,1,0,NaN,NaN,NaN,NaN,0.0094461,ok,quick,750,902841,1,192
single_target_sanity,16,32,1,0,0,NaN,NaN,NaN,0,0,0,0,0,single_peak_in_scope,1,0,0,1,0,1,[65 32 32],low_confidence,rejected,low,[],[],single/merged MUSIC peak with rank-1-like covariance; music evidence is too weak for coherent pair fallback; not_evaluated,0,1,0,0,1,0,NaN,NaN,NaN,NaN,0.010327,,quick,751,902842,1,192
single_target_sanity,16,32,1,0,0,NaN,NaN,NaN,0,0,0,0,0,single_peak_in_scope,1,0,0,1,0,1,[65 32 32],low_confidence,rejected,low,[],[],single/merged MUSIC peak with rank-1-like covariance; music evidence is too weak for coherent pair fallback; not_evaluated,0,1,0,0,1,0,NaN,NaN,NaN,NaN,0.0098617,,quick,752,902843,1,192
single_target_sanity,16,32,1,0,0,NaN,NaN,NaN,0,0,0,0,0,single_peak_in_scope,1,0,0,1,0,1,[65 32 32],low_confidence,rejected,low,[],[],single/merged MUSIC peak with rank-1-like covariance; music evidence is too weak for coherent pair fallback; not_evaluated,0,1,0,0,1,0,NaN,NaN,NaN,NaN,0.0094296,,quick,753,902844,1,192
single_target_sanity,16,32,1,0,0,NaN,NaN,NaN,0,0,0,0,0,single_peak_in_scope,1,0,0,1,0,1,[65 32 32],low_confidence,rejected,low,[],[],single/merged MUSIC peak with rank-1-like covariance; music evidence is too weak for coherent pair fallback; not_evaluated,0,1,0,0,1,0,NaN,NaN,NaN,NaN,0.0094228,,quick,754,902845,1,192
single_target_sanity,16,32,1,0,0,NaN,NaN,NaN,0,0,0,0,0,single_peak_in_scope,1,0,0,1,0,1,[65 32 32],low_confidence,rejected,low,[],[],single/merged MUSIC peak with rank-1-like covariance; music evidence is too weak for coherent pair fallback; not_evaluated,0,1,0,0,1,0,NaN,NaN,NaN,NaN,0.0096111,,quick,755,902846,1,192
single_target_sanity,16,32,1,0,0,NaN,NaN,NaN,0,0,0,0,0,single_peak_in_scope,1,0,0,1,0,1,[65 32 32],low_confidence,rejected,low,[],[],single/merged MUSIC peak with rank-1-like covariance; music evidence is too weak for coherent pair fallback; not_evaluated,0,1,0,0,1,0,NaN,NaN,NaN,NaN,0.0106877,,quick,756,902847,1,192
single_target_sanity,16,32,1,0,0,NaN,NaN,NaN,0,0,0,0,0,single_peak_in_scope,1,0,0,1,0,1,[65 32 32],low_confidence,rejected,low,[],[],single/merged MUSIC peak with rank-1-like covariance; music evidence is too weak for coherent pair fallback; not_evaluated,0,1,0,0,1,0,NaN,NaN,NaN,NaN,0.0096978,,quick,757,902848,1,192
single_target_sanity,16,32,1,0,0,NaN,NaN,NaN,0,0,0,0,0,single_peak_in_scope,1,0,0,1,0,1,[65 32 32],low_confidence,rejected,low,[],[],single/merged MUSIC peak with rank-1-like covariance; music evidence is too weak for coherent pair fallback; not_evaluated,0,1,0,0,1,0,NaN,NaN,NaN,NaN,0.0094921,,quick,758,902849,1,192
single_target_sanity,16,32,1,0,0,NaN,NaN,NaN,0,0,0,0,0,single_peak_in_scope,1,0,0,1,0,1,[65 32 32],low_confidence,rejected,low,[],[],single/merged MUSIC peak with rank-1-like covariance; music evidence is too weak for coherent pair fallback; not_evaluated,0,1,0,0,1,0,NaN,NaN,NaN,NaN,0.0092479,,quick,759,902850,1,192
single_target_sanity,16,32,1,0,0,NaN,NaN,NaN,0,0,0,0,0,single_peak_in_scope,1,0,0,1,0,1,[65 32 32],low_confidence,rejected,low,[],[],single/merged MUSIC peak with rank-1-like covariance; music evidence is too weak for coherent pair fallback; not_evaluated,0,1,0,0,1,0,NaN,NaN,NaN,NaN,0.0080808,,quick,760,902851,1,192
single_target_sanity,16,32,1,0,0,NaN,NaN,NaN,0,0,0,0,0,single_peak_in_scope,1,0,0,1,0,1,[65 32 32],low_confidence,rejected,low,[],[],single/merged MUSIC peak with rank-1-like covariance; music evidence is too weak for coherent pair fallback; not_evaluated,0,1,0,0,1,0,NaN,NaN,NaN,NaN,0.0090573,,quick,761,902852,1,192
single_target_sanity,16,32,1,0,0,NaN,NaN,NaN,0,0,0,0,0,single_peak_in_scope,1,0,0,1,0,1,[65 32 32],low_confidence,rejected,low,[],[],single/merged MUSIC peak with rank-1-like covariance; music evidence is too weak for coherent pair fallback; not_evaluated,0,1,0,0,1,0,NaN,NaN,NaN,NaN,0.0086313,,quick,762,902853,1,192
single_target_sanity,16,32,1,0,0,NaN,NaN,NaN,0,0,0,0,0,single_peak_in_scope,1,0,0,1,0,1,[65 32 32],low_confidence,rejected,low,[],[],single/merged MUSIC peak with rank-1-like covariance; music evidence is too weak for coherent pair fallback; not_evaluated,0,1,0,0,1,0,NaN,NaN,NaN,NaN,0.0084066,,quick,763,902854,1,192
single_target_sanity,16,32,1,0,0,NaN,NaN,NaN,0,0,0,0,0,single_peak_in_scope,1,0,0,1,0,1,[65 32 32],low_confidence,rejected,low,[],[],single/merged MUSIC peak with rank-1-like covariance; music evidence is too weak for coherent pair fallback; not_evaluated,0,1,0,0,1,0,NaN,NaN,NaN,NaN,0.0098406,,quick,764,902855,1,192
single_target_sanity,16,32,1,0,0,NaN,NaN,NaN,0,0,0,0,0,single_peak_in_scope,1,0,0,1,0,1,[65 32 32],low_confidence,rejected,low,[],[],single/merged MUSIC peak with rank-1-like covariance; music evidence is too weak for coherent pair fallback; not_evaluated,0,1,0,0,1,0,NaN,NaN,NaN,NaN,0.0086901,,quick,765,902856,1,192
single_target_sanity,16,32,1,0,0,NaN,NaN,NaN,0,0,0,0,0,single_peak_in_scope,1,0,0,1,0,1,[65 32 32],low_confidence,rejected,low,[],[],single/merged MUSIC peak with rank-1-like covariance; music evidence is too weak for coherent pair fallback; not_evaluated,0,1,0,0,1,0,NaN,NaN,NaN,NaN,0.0095034,,quick,766,902857,1,192
single_target_sanity,16,32,1,0,0,NaN,NaN,NaN,0,0,0,0,0,single_peak_in_scope,1,0,0,1,0,1,[65 32 32],low_confidence,rejected,low,[],[],single/merged MUSIC peak with rank-1-like covariance; music evidence is too weak for coherent pair fallback; not_evaluated,0,1,0,0,1,0,NaN,NaN,NaN,NaN,0.0091347,,quick,767,902858,1,192
single_target_sanity,16,32,1,0,0,NaN,NaN,NaN,0,0,0,0,0,single_peak_in_scope,1,0,0,1,0,1,[65 32 32],low_confidence,rejected,low,[],[],single/merged MUSIC peak with rank-1-like covariance; music evidence is too weak for coherent pair fallback; not_evaluated,0,1,0,0,1,0,NaN,NaN,NaN,NaN,0.0091383,,quick,768,902859,1,192
single_target_sanity,16,32,1,0,0,NaN,NaN,NaN,0,0,0,0,0,single_peak_in_scope,1,0,0,1,0,1,[65 32 32],low_confidence,rejected,low,[],[],single/merged MUSIC peak with rank-1-like covariance; music evidence is too weak for coherent pair fallback; not_evaluated,0,1,0,0,1,0,NaN,NaN,NaN,NaN,0.0086722,,quick,769,902860,1,192
single_target_sanity,16,32,1,0,0,NaN,NaN,NaN,0,0,0,0,0,single_peak_in_scope,1,0,0,1,0,1,[65 32 32],low_confidence,rejected,low,[],[],single/merged MUSIC peak with rank-1-like covariance; music evidence is too weak for coherent pair fallback; not_evaluated,0,1,0,0,1,0,NaN,NaN,NaN,NaN,0.0089422,,quick,770,902861,1,192
single_target_sanity,16,32,1,0,0,NaN,NaN,NaN,0,0,0,0,0,single_peak_in_scope,1,0,0,1,0,1,[65 32 32],low_confidence,rejected,low,[],[],single/merged MUSIC peak with rank-1-like covariance; music evidence is too weak for coherent pair fallback; not_evaluated,0,1,0,0,1,0,NaN,NaN,NaN,NaN,0.0090059,,quick,771,902862,1,192
single_target_sanity,16,32,1,0,0,NaN,NaN,NaN,0,0,0,0,0,single_peak_in_scope,1,0,0,1,0,1,[65 32 32],low_confidence,rejected,low,[],[],single/merged MUSIC peak with rank-1-like covariance; music evidence is too weak for coherent pair fallback; not_evaluated,0,1,0,0,1,0,NaN,NaN,NaN,NaN,0.0090813,,quick,772,902863,1,192
single_target_sanity,16,32,1,0,0,NaN,NaN,NaN,0,0,0,0,0,single_peak_in_scope,1,0,0,1,0,1,[65 32 32],low_confidence,rejected,low,[],[],single/merged MUSIC peak with rank-1-like covariance; music evidence is too weak for coherent pair fallback; not_evaluated,0,1,0,0,1,0,NaN,NaN,NaN,NaN,0.009213,,quick,773,902864,1,192
single_target_sanity,16,32,1,0,0,NaN,NaN,NaN,0,0,0,0,0,single_peak_in_scope,1,0,0,1,0,1,[65 32 32],low_confidence,rejected,low,[],[],single/merged MUSIC peak with rank-1-like covariance; music evidence is too weak for coherent pair fallback; not_evaluated,0,1,0,0,1,0,NaN,NaN,NaN,NaN,0.0108368,,quick,774,902865,1,192
single_target_sanity,16,32,1,0,0,NaN,NaN,NaN,0,0,0,0,0,single_peak_in_scope,1,0,0,1,0,1,[65 32 32],low_confidence,rejected,low,[],[],single/merged MUSIC peak with rank-1-like covariance; music evidence is too weak for coherent pair fallback; not_evaluated,0,1,0,0,1,0,NaN,NaN,NaN,NaN,0.0100197,,quick,775,902866,1,192
single_target_sanity,16,32,1,0,0,NaN,NaN,NaN,0,0,0,0,0,single_peak_in_scope,1,0,0,1,0,1,[65 32 32],low_confidence,rejected,low,[],[],single/merged MUSIC peak with rank-1-like covariance; music evidence is too weak for coherent pair fallback; not_evaluated,0,1,0,0,1,0,NaN,NaN,NaN,NaN,0.0094686,,quick,776,902867,1,192
single_target_sanity,16,32,1,0,0,NaN,NaN,NaN,0,0,0,0,0,single_peak_in_scope,1,0,0,1,0,1,[65 32 32],low_confidence,rejected,low,[],[],single/merged MUSIC peak with rank-1-like covariance; music evidence is too weak for coherent pair fallback; not_evaluated,0,1,0,0,1,0,NaN,NaN,NaN,NaN,0.0096647,,quick,777,902868,1,192
single_target_sanity,16,32,1,0,0,NaN,NaN,NaN,0,0,0,0,0,single_peak_in_scope,1,0,0,1,0,1,[65 32 32],low_confidence,rejected,low,[],[],single/merged MUSIC peak with rank-1-like covariance; music evidence is too weak for coherent pair fallback; not_evaluated,0,1,0,0,1,0,NaN,NaN,NaN,NaN,0.0091077,,quick,778,902869,1,192
single_target_sanity,16,32,1,0,0,NaN,NaN,NaN,0,0,0,0,0,single_peak_in_scope,1,0,0,1,0,1,[65 32 32],low_confidence,rejected,low,[],[],single/merged MUSIC peak with rank-1-like covariance; music evidence is too weak for coherent pair fallback; not_evaluated,0,1,0,0,1,0,NaN,NaN,NaN,NaN,0.0092523,,quick,779,902870,1,192
single_target_sanity,16,32,1,0,0,NaN,NaN,NaN,0,0,0,0,0,single_peak_in_scope,1,0,0,1,0,1,[65 32 32],low_confidence,rejected,low,[],[],single/merged MUSIC peak with rank-1-like covariance; music evidence is too weak for coherent pair fallback; not_evaluated,0,1,0,0,1,0,NaN,NaN,NaN,NaN,0.0099579,,quick,780,902871,1,192
close_coherent_pair,16,32,2,[-0.075 0.075],[0 0],0.8,1,60,0.15,0,0,0,0,single_peak_in_scope,1,0,0,1,0,1,[65 32 32],low_confidence,rejected,low,[],[],single/merged MUSIC peak with rank-1-like covariance; music evidence is too weak for coherent pair fallback; not_evaluated,0,1,0,0,1,0,NaN,NaN,NaN,NaN,0.0093383,ok,quick,781,902872,1,192
close_coherent_pair,16,32,2,[-0.075 0.075],[0 0],0.8,1,60,0.15,0,0,0,0,single_peak_in_scope,1,0,0,1,0,1,[65 32 32],low_confidence,rejected,low,[],[],single/merged MUSIC peak with rank-1-like covariance; music evidence is too weak for coherent pair fallback; not_evaluated,0,1,0,0,1,0,NaN,NaN,NaN,NaN,0.0100307,ok,quick,782,902873,1,192
close_coherent_pair,16,32,2,[-0.075 0.075],[0 0],0.8,1,60,0.15,0,0,0,0,single_peak_in_scope,1,0,0,1,0,1,[65 32 32],low_confidence,rejected,low,[],[],single/merged MUSIC peak with rank-1-like covariance; music evidence is too weak for coherent pair fallback; not_evaluated,0,1,0,0,1,0,NaN,NaN,NaN,NaN,0.010243,ok,quick,783,902874,1,192
close_coherent_pair,16,32,2,[-0.075 0.075],[0 0],0.8,1,60,0.15,0,0,0,0,single_peak_in_scope,1,0,0,1,0,1,[65 32 32],low_confidence,rejected,low,[],[],single/merged MUSIC peak with rank-1-like covariance; music evidence is too weak for coherent pair fallback; not_evaluated,0,1,0,0,1,0,NaN,NaN,NaN,NaN,0.0092313,ok,quick,784,902875,1,192
close_coherent_pair,16,32,2,[-0.075 0.075],[0 0],0.8,1,60,0.15,0,0,0,0,single_peak_in_scope,1,0,0,1,0,1,[65 32 32],low_confidence,rejected,low,[],[],single/merged MUSIC peak with rank-1-like covariance; music evidence is too weak for coherent pair fallback; not_evaluated,0,1,0,0,1,0,NaN,NaN,NaN,NaN,0.0101956,ok,quick,785,902876,1,192
close_coherent_pair,16,32,2,[-0.075 0.075],[0 0],0.8,1,60,0.15,0,0,0,0,single_peak_in_scope,1,0,0,1,0,1,[65 32 32],low_confidence,rejected,low,[],[],single/merged MUSIC peak with rank-1-like covariance; music evidence is too weak for coherent pair fallback; not_evaluated,0,1,0,0,1,0,NaN,NaN,NaN,NaN,0.0089527,ok,quick,786,902877,1,192
close_coherent_pair,16,32,2,[-0.075 0.075],[0 0],0.8,1,60,0.15,0,0,0,0,single_peak_in_scope,1,0,0,1,0,1,[65 32 32],low_confidence,rejected,low,[],[],single/merged MUSIC peak with rank-1-like covariance; music evidence is too weak for coherent pair fallback; not_evaluated,0,1,0,0,1,0,NaN,NaN,NaN,NaN,0.0089835,ok,quick,787,902878,1,192
close_coherent_pair,16,32,2,[-0.075 0.075],[0 0],0.8,1,60,0.15,0,0,0,0,single_peak_in_scope,1,0,0,1,0,1,[65 32 32],low_confidence,rejected,low,[],[],single/merged MUSIC peak with rank-1-like covariance; music evidence is too weak for coherent pair fallback; not_evaluated,0,1,0,0,1,0,NaN,NaN,NaN,NaN,0.009597,ok,quick,788,902879,1,192
close_coherent_pair,16,32,2,[-0.075 0.075],[0 0],0.8,1,60,0.15,0,0,0,0,single_peak_in_scope,1,0,0,1,0,1,[65 32 32],low_confidence,rejected,low,[],[],single/merged MUSIC peak with rank-1-like covariance; music evidence is too weak for coherent pair fallback; not_evaluated,0,1,0,0,1,0,NaN,NaN,NaN,NaN,0.010051,ok,quick,789,902880,1,192
close_coherent_pair,16,32,2,[-0.075 0.075],[0 0],0.8,1,60,0.15,0,0,0,0,single_peak_in_scope,1,0,0,1,0,1,[65 32 32],low_confidence,rejected,low,[],[],single/merged MUSIC peak with rank-1-like covariance; music evidence is too weak for coherent pair fallback; not_evaluated,0,1,0,0,1,0,NaN,NaN,NaN,NaN,0.0080939,ok,quick,790,902881,1,192
close_coherent_pair,16,32,2,[-0.075 0.075],[0 0],0.8,1,60,0.15,0,0,0,0,single_peak_in_scope,1,0,0,1,0,1,[65 32 32],low_confidence,rejected,low,[],[],single/merged MUSIC peak with rank-1-like covariance; music evidence is too weak for coherent pair fallback; not_evaluated,0,1,0,0,1,0,NaN,NaN,NaN,NaN,0.0087467,ok,quick,791,902882,1,192
close_coherent_pair,16,32,2,[-0.075 0.075],[0 0],0.8,1,60,0.15,0,0,0,0,single_peak_in_scope,1,0,0,1,0,1,[65 32 32],low_confidence,rejected,low,[],[],single/merged MUSIC peak with rank-1-like covariance; music evidence is too weak for coherent pair fallback; not_evaluated,0,1,0,0,1,0,NaN,NaN,NaN,NaN,0.0096265,ok,quick,792,902883,1,192
close_coherent_pair,16,32,2,[-0.075 0.075],[0 0],0.8,1,60,0.15,0,0,0,0,single_peak_in_scope,1,0,0,1,0,1,[65 32 32],low_confidence,rejected,low,[],[],single/merged MUSIC peak with rank-1-like covariance; music evidence is too weak for coherent pair fallback; not_evaluated,0,1,0,0,1,0,NaN,NaN,NaN,NaN,0.0108522,ok,quick,793,902884,1,192
close_coherent_pair,16,32,2,[-0.075 0.075],[0 0],0.8,1,60,0.15,0,0,0,0,single_peak_in_scope,1,0,0,1,0,1,[65 32 32],low_confidence,rejected,low,[],[],single/merged MUSIC peak with rank-1-like covariance; music evidence is too weak for coherent pair fallback; not_evaluated,0,1,0,0,1,0,NaN,NaN,NaN,NaN,0.0089709,ok,quick,794,902885,1,192
close_coherent_pair,16,32,2,[-0.075 0.075],[0 0],0.8,1,60,0.15,0,0,0,0,single_peak_in_scope,1,0,0,1,0,1,[65 32 32],low_confidence,rejected,low,[],[],single/merged MUSIC peak with rank-1-like covariance; music evidence is too weak for coherent pair fallback; not_evaluated,0,1,0,0,1,0,NaN,NaN,NaN,NaN,0.0090204,ok,quick,795,902886,1,192
close_coherent_pair,16,32,2,[-0.075 0.075],[0 0],0.8,1,60,0.15,0,0,0,0,single_peak_in_scope,1,0,0,1,0,1,[65 32 32],low_confidence,rejected,low,[],[],single/merged MUSIC peak with rank-1-like covariance; music evidence is too weak for coherent pair fallback; not_evaluated,0,1,0,0,1,0,NaN,NaN,NaN,NaN,0.0089498,ok,quick,796,902887,1,192
close_coherent_pair,16,32,2,[-0.075 0.075],[0 0],0.8,1,60,0.15,0,0,0,0,single_peak_in_scope,1,0,0,1,0,1,[65 32 32],low_confidence,rejected,low,[],[],single/merged MUSIC peak with rank-1-like covariance; music evidence is too weak for coherent pair fallback; not_evaluated,0,1,0,0,1,0,NaN,NaN,NaN,NaN,0.0094128,ok,quick,797,902888,1,192
close_coherent_pair,16,32,2,[-0.075 0.075],[0 0],0.8,1,60,0.15,0,0,0,0,single_peak_in_scope,1,0,0,1,0,1,[65 32 32],low_confidence,rejected,low,[],[],single/merged MUSIC peak with rank-1-like covariance; music evidence is too weak for coherent pair fallback; not_evaluated,0,1,0,0,1,0,NaN,NaN,NaN,NaN,0.0091594,ok,quick,798,902889,1,192
close_coherent_pair,16,32,2,[-0.075 0.075],[0 0],0.8,1,60,0.15,0,0,0,0,single_peak_in_scope,1,0,0,1,0,1,[65 32 32],low_confidence,rejected,low,[],[],single/merged MUSIC peak with rank-1-like covariance; music evidence is too weak for coherent pair fallback; not_evaluated,0,1,0,0,1,0,NaN,NaN,NaN,NaN,0.0102581,ok,quick,799,902890,1,192
close_coherent_pair,16,32,2,[-0.075 0.075],[0 0],0.8,1,60,0.15,0,0,0,0,single_peak_in_scope,1,0,0,1,0,1,[65 32 32],low_confidence,rejected,low,[],[],single/merged MUSIC peak with rank-1-like covariance; music evidence is too weak for coherent pair fallback; not_evaluated,0,1,0,0,1,0,NaN,NaN,NaN,NaN,0.0085936,ok,quick,800,902891,1,192
close_coherent_pair,16,32,2,[-0.075 0.075],[0 0],0.8,1,60,0.15,0,0,0,0,single_peak_in_scope,1,0,0,1,0,1,[65 32 32],low_confidence,rejected,low,[],[],single/merged MUSIC peak with rank-1-like covariance; music evidence is too weak for coherent pair fallback; not_evaluated,0,1,0,0,1,0,NaN,NaN,NaN,NaN,0.0090987,ok,quick,801,902892,1,192
close_coherent_pair,16,32,2,[-0.075 0.075],[0 0],0.8,1,60,0.15,0,0,0,0,single_peak_in_scope,1,0,0,1,0,1,[65 32 32],low_confidence,rejected,low,[],[],single/merged MUSIC peak with rank-1-like covariance; music evidence is too weak for coherent pair fallback; not_evaluated,0,1,0,0,1,0,NaN,NaN,NaN,NaN,0.0097144,ok,quick,802,902893,1,192
close_coherent_pair,16,32,2,[-0.075 0.075],[0 0],0.8,1,60,0.15,0,0,0,0,single_peak_in_scope,1,0,0,1,0,1,[65 32 32],low_confidence,rejected,low,[],[],single/merged MUSIC peak with rank-1-like covariance; music evidence is too weak for coherent pair fallback; not_evaluated,0,1,0,0,1,0,NaN,NaN,NaN,NaN,0.0093997,ok,quick,803,902894,1,192
close_coherent_pair,16,32,2,[-0.075 0.075],[0 0],0.8,1,60,0.15,0,0,0,0,single_peak_in_scope,1,0,0,1,0,1,[65 32 32],low_confidence,rejected,low,[],[],single/merged MUSIC peak with rank-1-like covariance; music evidence is too weak for coherent pair fallback; not_evaluated,0,1,0,0,1,0,NaN,NaN,NaN,NaN,0.0104003,ok,quick,804,902895,1,192
close_coherent_pair,16,32,2,[-0.075 0.075],[0 0],0.8,1,60,0.15,0,0,0,0,single_peak_in_scope,1,0,0,1,0,1,[65 32 32],low_confidence,rejected,low,[],[],single/merged MUSIC peak with rank-1-like covariance; music evidence is too weak for coherent pair fallback; not_evaluated,0,1,0,0,1,0,NaN,NaN,NaN,NaN,0.009565,ok,quick,805,902896,1,192
close_coherent_pair,16,32,2,[-0.075 0.075],[0 0],0.8,1,60,0.15,0,0,0,0,single_peak_in_scope,1,0,0,1,0,1,[65 32 32],low_confidence,rejected,low,[],[],single/merged MUSIC peak with rank-1-like covariance; music evidence is too weak for coherent pair fallback; not_evaluated,0,1,0,0,1,0,NaN,NaN,NaN,NaN,0.0089636,ok,quick,806,902897,1,192
close_coherent_pair,16,32,2,[-0.075 0.075],[0 0],0.8,1,60,0.15,0,0,0,0,single_peak_in_scope,1,0,0,1,0,1,[65 32 32],low_confidence,rejected,low,[],[],single/merged MUSIC peak with rank-1-like covariance; music evidence is too weak for coherent pair fallback; not_evaluated,0,1,0,0,1,0,NaN,NaN,NaN,NaN,0.0082862,ok,quick,807,902898,1,192
close_coherent_pair,16,32,2,[-0.075 0.075],[0 0],0.8,1,60,0.15,0,0,0,0,single_peak_in_scope,1,0,0,1,0,1,[65 32 32],low_confidence,rejected,low,[],[],single/merged MUSIC peak with rank-1-like covariance; music evidence is too weak for coherent pair fallback; not_evaluated,0,1,0,0,1,0,NaN,NaN,NaN,NaN,0.0092468,ok,quick,808,902899,1,192
close_coherent_pair,16,32,2,[-0.075 0.075],[0 0],0.8,1,60,0.15,0,0,0,0,single_peak_in_scope,1,0,0,1,0,1,[65 32 32],low_confidence,rejected,low,[],[],single/merged MUSIC peak with rank-1-like covariance; music evidence is too weak for coherent pair fallback; not_evaluated,0,1,0,0,1,0,NaN,NaN,NaN,NaN,0.0084399,ok,quick,809,902900,1,192
close_coherent_pair,16,32,2,[-0.075 0.075],[0 0],0.8,1,60,0.15,0,0,0,0,single_peak_in_scope,1,0,0,1,0,1,[65 32 32],low_confidence,rejected,low,[],[],single/merged MUSIC peak with rank-1-like covariance; music evidence is too weak for coherent pair fallback; not_evaluated,0,1,0,0,1,0,NaN,NaN,NaN,NaN,0.0086263,ok,quick,810,902901,1,192
close_coherent_pair,16,32,2,[-0.125 0.125],[0 0],1,1,0,0.25,0,0,0,0,single_peak_in_scope,1,0,0,1,0,1,[65 32 32],low_confidence,rejected,low,[],[],single/merged MUSIC peak with rank-1-like covariance; music evidence is too weak for coherent pair fallback; not_evaluated,0,1,0,0,1,0,NaN,NaN,NaN,NaN,0.0098354,ok,quick,811,902902,1,192
close_coherent_pair,16,32,2,[-0.125 0.125],[0 0],1,1,0,0.25,0,0,0,0,single_peak_in_scope,1,0,0,1,0,1,[65 32 32],low_confidence,rejected,low,[],[],single/merged MUSIC peak with rank-1-like covariance; music evidence is too weak for coherent pair fallback; not_evaluated,0,1,0,0,1,0,NaN,NaN,NaN,NaN,0.0092332,ok,quick,812,902903,1,192
close_coherent_pair,16,32,2,[-0.125 0.125],[0 0],1,1,0,0.25,0,0,0,0,single_peak_in_scope,1,0,0,1,0,1,[65 32 32],low_confidence,rejected,low,[],[],single/merged MUSIC peak with rank-1-like covariance; music evidence is too weak for coherent pair fallback; not_evaluated,0,1,0,0,1,0,NaN,NaN,NaN,NaN,0.0091934,ok,quick,813,902904,1,192
close_coherent_pair,16,32,2,[-0.125 0.125],[0 0],1,1,0,0.25,0,0,0,0,single_peak_in_scope,1,0,0,1,0,1,[65 32 32],low_confidence,rejected,low,[],[],single/merged MUSIC peak with rank-1-like covariance; music evidence is too weak for coherent pair fallback; not_evaluated,0,1,0,0,1,0,NaN,NaN,NaN,NaN,0.0085419,ok,quick,814,902905,1,192
close_coherent_pair,16,32,2,[-0.125 0.125],[0 0],1,1,0,0.25,0,0,0,0,single_peak_in_scope,1,0,0,1,0,1,[65 32 32],low_confidence,rejected,low,[],[],single/merged MUSIC peak with rank-1-like covariance; music evidence is too weak for coherent pair fallback; not_evaluated,0,1,0,0,1,0,NaN,NaN,NaN,NaN,0.0089743,ok,quick,815,902906,1,192
close_coherent_pair,16,32,2,[-0.125 0.125],[0 0],1,1,0,0.25,0,0,0,0,single_peak_in_scope,1,0,0,1,0,1,[65 32 32],low_confidence,rejected,low,[],[],single/merged MUSIC peak with rank-1-like covariance; music evidence is too weak for coherent pair fallback; not_evaluated,0,1,0,0,1,0,NaN,NaN,NaN,NaN,0.008762,ok,quick,816,902907,1,192
close_coherent_pair,16,32,2,[-0.125 0.125],[0 0],1,1,0,0.25,0,0,0,0,single_peak_in_scope,1,0,0,1,0,1,[65 32 32],low_confidence,rejected,low,[],[],single/merged MUSIC peak with rank-1-like covariance; music evidence is too weak for coherent pair fallback; not_evaluated,0,1,0,0,1,0,NaN,NaN,NaN,NaN,0.0126521,ok,quick,817,902908,1,192
close_coherent_pair,16,32,2,[-0.125 0.125],[0 0],1,1,0,0.25,0,0,0,0,single_peak_in_scope,1,0,0,1,0,1,[65 32 32],low_confidence,rejected,low,[],[],single/merged MUSIC peak with rank-1-like covariance; music evidence is too weak for coherent pair fallback; not_evaluated,0,1,0,0,1,0,NaN,NaN,NaN,NaN,0.0117677,ok,quick,818,902909,1,192
close_coherent_pair,16,32,2,[-0.125 0.125],[0 0],1,1,0,0.25,0,0,0,0,single_peak_in_scope,1,0,0,1,0,1,[65 32 32],low_confidence,rejected,low,[],[],single/merged MUSIC peak with rank-1-like covariance; music evidence is too weak for coherent pair fallback; not_evaluated,0,1,0,0,1,0,NaN,NaN,NaN,NaN,0.0088539,ok,quick,819,902910,1,192
close_coherent_pair,16,32,2,[-0.125 0.125],[0 0],1,1,0,0.25,0,0,0,0,single_peak_in_scope,1,0,0,1,0,1,[65 32 32],low_confidence,rejected,low,[],[],single/merged MUSIC peak with rank-1-like covariance; music evidence is too weak for coherent pair fallback; not_evaluated,0,1,0,0,1,0,NaN,NaN,NaN,NaN,0.009733,ok,quick,820,902911,1,192
close_coherent_pair,16,32,2,[-0.125 0.125],[0 0],1,1,0,0.25,0,0,0,0,single_peak_in_scope,1,0,0,1,0,1,[65 32 32],low_confidence,rejected,low,[],[],single/merged MUSIC peak with rank-1-like covariance; music evidence is too weak for coherent pair fallback; not_evaluated,0,1,0,0,1,0,NaN,NaN,NaN,NaN,0.0103296,ok,quick,821,902912,1,192
close_coherent_pair,16,32,2,[-0.125 0.125],[0 0],1,1,0,0.25,0,0,0,0,single_peak_in_scope,1,0,0,1,0,1,[65 32 32],low_confidence,rejected,low,[],[],single/merged MUSIC peak with rank-1-like covariance; music evidence is too weak for coherent pair fallback; not_evaluated,0,1,0,0,1,0,NaN,NaN,NaN,NaN,0.0097207,ok,quick,822,902913,1,192
close_coherent_pair,16,32,2,[-0.125 0.125],[0 0],1,1,0,0.25,0,0,0,0,single_peak_in_scope,1,0,0,1,0,1,[65 32 32],low_confidence,rejected,low,[],[],single/merged MUSIC peak with rank-1-like covariance; music evidence is too weak for coherent pair fallback; not_evaluated,0,1,0,0,1,0,NaN,NaN,NaN,NaN,0.0094881,ok,quick,823,902914,1,192
close_coherent_pair,16,32,2,[-0.125 0.125],[0 0],1,1,0,0.25,0,0,0,0,single_peak_in_scope,1,0,0,1,0,1,[65 32 32],low_confidence,rejected,low,[],[],single/merged MUSIC peak with rank-1-like covariance; music evidence is too weak for coherent pair fallback; not_evaluated,0,1,0,0,1,0,NaN,NaN,NaN,NaN,0.0096046,ok,quick,824,902915,1,192
close_coherent_pair,16,32,2,[-0.125 0.125],[0 0],1,1,0,0.25,0,0,0,0,single_peak_in_scope,1,0,0,1,0,1,[65 32 32],low_confidence,rejected,low,[],[],single/merged MUSIC peak with rank-1-like covariance; music evidence is too weak for coherent pair fallback; not_evaluated,0,1,0,0,1,0,NaN,NaN,NaN,NaN,0.010165,ok,quick,825,902916,1,192
close_coherent_pair,16,32,2,[-0.125 0.125],[0 0],1,1,0,0.25,0,0,0,0,single_peak_in_scope,1,0,0,1,0,1,[65 32 32],low_confidence,rejected,low,[],[],single/merged MUSIC peak with rank-1-like covariance; music evidence is too weak for coherent pair fallback; not_evaluated,0,1,0,0,1,0,NaN,NaN,NaN,NaN,0.0107642,ok,quick,826,902917,1,192
close_coherent_pair,16,32,2,[-0.125 0.125],[0 0],1,1,0,0.25,0,0,0,0,single_peak_in_scope,1,0,0,1,0,1,[65 32 32],low_confidence,rejected,low,[],[],single/merged MUSIC peak with rank-1-like covariance; music evidence is too weak for coherent pair fallback; not_evaluated,0,1,0,0,1,0,NaN,NaN,NaN,NaN,0.0095522,ok,quick,827,902918,1,192
close_coherent_pair,16,32,2,[-0.125 0.125],[0 0],1,1,0,0.25,0,0,0,0,single_peak_in_scope,1,0,0,1,0,1,[65 32 32],low_confidence,rejected,low,[],[],single/merged MUSIC peak with rank-1-like covariance; music evidence is too weak for coherent pair fallback; not_evaluated,0,1,0,0,1,0,NaN,NaN,NaN,NaN,0.0098724,ok,quick,828,902919,1,192
close_coherent_pair,16,32,2,[-0.125 0.125],[0 0],1,1,0,0.25,0,0,0,0,single_peak_in_scope,1,0,0,1,0,1,[65 32 32],low_confidence,rejected,low,[],[],single/merged MUSIC peak with rank-1-like covariance; music evidence is too weak for coherent pair fallback; not_evaluated,0,1,0,0,1,0,NaN,NaN,NaN,NaN,0.0089382,ok,quick,829,902920,1,192
close_coherent_pair,16,32,2,[-0.125 0.125],[0 0],1,1,0,0.25,0,0,0,0,single_peak_in_scope,1,0,0,1,0,1,[65 32 32],low_confidence,rejected,low,[],[],single/merged MUSIC peak with rank-1-like covariance; music evidence is too weak for coherent pair fallback; not_evaluated,0,1,0,0,1,0,NaN,NaN,NaN,NaN,0.0087189,ok,quick,830,902921,1,192
close_coherent_pair,16,32,2,[-0.125 0.125],[0 0],1,1,0,0.25,0,0,0,0,single_peak_in_scope,1,0,0,1,0,1,[65 32 32],low_confidence,rejected,low,[],[],single/merged MUSIC peak with rank-1-like covariance; music evidence is too weak for coherent pair fallback; not_evaluated,0,1,0,0,1,0,NaN,NaN,NaN,NaN,0.0092229,ok,quick,831,902922,1,192
close_coherent_pair,16,32,2,[-0.125 0.125],[0 0],1,1,0,0.25,0,0,0,0,single_peak_in_scope,1,0,0,1,0,1,[65 32 32],low_confidence,rejected,low,[],[],single/merged MUSIC peak with rank-1-like covariance; music evidence is too weak for coherent pair fallback; not_evaluated,0,1,0,0,1,0,NaN,NaN,NaN,NaN,0.0087488,ok,quick,832,902923,1,192
close_coherent_pair,16,32,2,[-0.125 0.125],[0 0],1,1,0,0.25,0,0,0,0,single_peak_in_scope,1,0,0,1,0,1,[65 32 32],low_confidence,rejected,low,[],[],single/merged MUSIC peak with rank-1-like covariance; music evidence is too weak for coherent pair fallback; not_evaluated,0,1,0,0,1,0,NaN,NaN,NaN,NaN,0.0101832,ok,quick,833,902924,1,192
close_coherent_pair,16,32,2,[-0.125 0.125],[0 0],1,1,0,0.25,0,0,0,0,single_peak_in_scope,1,0,0,1,0,1,[65 32 32],low_confidence,rejected,low,[],[],single/merged MUSIC peak with rank-1-like covariance; music evidence is too weak for coherent pair fallback; not_evaluated,0,1,0,0,1,0,NaN,NaN,NaN,NaN,0.0089985,ok,quick,834,902925,1,192
close_coherent_pair,16,32,2,[-0.125 0.125],[0 0],1,1,0,0.25,0,0,0,0,single_peak_in_scope,1,0,0,1,0,1,[65 32 32],low_confidence,rejected,low,[],[],single/merged MUSIC peak with rank-1-like covariance; music evidence is too weak for coherent pair fallback; not_evaluated,0,1,0,0,1,0,NaN,NaN,NaN,NaN,0.0093249,ok,quick,835,902926,1,192
close_coherent_pair,16,32,2,[-0.125 0.125],[0 0],1,1,0,0.25,0,0,0,0,single_peak_in_scope,1,0,0,1,0,1,[65 32 32],low_confidence,rejected,low,[],[],single/merged MUSIC peak with rank-1-like covariance; music evidence is too weak for coherent pair fallback; not_evaluated,0,1,0,0,1,0,NaN,NaN,NaN,NaN,0.0105583,ok,quick,836,902927,1,192
close_coherent_pair,16,32,2,[-0.125 0.125],[0 0],1,1,0,0.25,0,0,0,0,single_peak_in_scope,1,0,0,1,0,1,[65 32 32],low_confidence,rejected,low,[],[],single/merged MUSIC peak with rank-1-like covariance; music evidence is too weak for coherent pair fallback; not_evaluated,0,1,0,0,1,0,NaN,NaN,NaN,NaN,0.0095557,ok,quick,837,902928,1,192
close_coherent_pair,16,32,2,[-0.125 0.125],[0 0],1,1,0,0.25,0,0,0,0,single_peak_in_scope,1,0,0,1,0,1,[65 32 32],low_confidence,rejected,low,[],[],single/merged MUSIC peak with rank-1-like covariance; music evidence is too weak for coherent pair fallback; not_evaluated,0,1,0,0,1,0,NaN,NaN,NaN,NaN,0.0095022,ok,quick,838,902929,1,192
close_coherent_pair,16,32,2,[-0.125 0.125],[0 0],1,1,0,0.25,0,0,0,0,single_peak_in_scope,1,0,0,1,0,1,[65 32 32],low_confidence,rejected,low,[],[],single/merged MUSIC peak with rank-1-like covariance; music evidence is too weak for coherent pair fallback; not_evaluated,0,1,0,0,1,0,NaN,NaN,NaN,NaN,0.0097851,ok,quick,839,902930,1,192
close_coherent_pair,16,32,2,[-0.125 0.125],[0 0],1,1,0,0.25,0,0,0,0,single_peak_in_scope,1,0,0,1,0,1,[65 32 32],low_confidence,rejected,low,[],[],single/merged MUSIC peak with rank-1-like covariance; music evidence is too weak for coherent pair fallback; not_evaluated,0,1,0,0,1,0,NaN,NaN,NaN,NaN,0.0089192,ok,quick,840,902931,1,192
close_coherent_pair,16,32,2,[-0.2 0.2],[0 0],0.8,1,60,0.4,0,0,0,0,single_peak_in_scope,1,0,0,1,0,1,[65 32 32],low_confidence,rejected,low,[],[],single/merged MUSIC peak with rank-1-like covariance; music evidence is too weak for coherent pair fallback; not_evaluated,0,1,0,0,1,0,NaN,NaN,NaN,NaN,0.0085201,ok,quick,841,902932,1,192
close_coherent_pair,16,32,2,[-0.2 0.2],[0 0],0.8,1,60,0.4,0,0,0,0,single_peak_in_scope,1,0,0,1,0,1,[65 32 32],low_confidence,rejected,low,[],[],single/merged MUSIC peak with rank-1-like covariance; music evidence is too weak for coherent pair fallback; not_evaluated,0,1,0,0,1,0,NaN,NaN,NaN,NaN,0.0092903,ok,quick,842,902933,1,192
close_coherent_pair,16,32,2,[-0.2 0.2],[0 0],0.8,1,60,0.4,0,0,0,0,single_peak_in_scope,1,0,0,1,0,1,[65 32 32],low_confidence,rejected,low,[],[],single/merged MUSIC peak with rank-1-like covariance; music evidence is too weak for coherent pair fallback; not_evaluated,0,1,0,0,1,0,NaN,NaN,NaN,NaN,0.0093771,ok,quick,843,902934,1,192
close_coherent_pair,16,32,2,[-0.2 0.2],[0 0],0.8,1,60,0.4,0,0,0,0,single_peak_in_scope,1,0,0,1,0,1,[65 32 32],low_confidence,rejected,low,[],[],single/merged MUSIC peak with rank-1-like covariance; music evidence is too weak for coherent pair fallback; not_evaluated,0,1,0,0,1,0,NaN,NaN,NaN,NaN,0.0085994,ok,quick,844,902935,1,192
close_coherent_pair,16,32,2,[-0.2 0.2],[0 0],0.8,1,60,0.4,0,0,0,0,single_peak_in_scope,1,0,0,1,0,1,[65 32 32],low_confidence,rejected,low,[],[],single/merged MUSIC peak with rank-1-like covariance; music evidence is too weak for coherent pair fallback; not_evaluated,0,1,0,0,1,0,NaN,NaN,NaN,NaN,0.0089173,ok,quick,845,902936,1,192
close_coherent_pair,16,32,2,[-0.2 0.2],[0 0],0.8,1,60,0.4,0,0,0,0,single_peak_in_scope,1,0,0,1,0,1,[65 32 32],low_confidence,rejected,low,[],[],single/merged MUSIC peak with rank-1-like covariance; music evidence is too weak for coherent pair fallback; not_evaluated,0,1,0,0,1,0,NaN,NaN,NaN,NaN,0.009039,ok,quick,846,902937,1,192
close_coherent_pair,16,32,2,[-0.2 0.2],[0 0],0.8,1,60,0.4,0,0,0,0,single_peak_in_scope,1,0,0,1,0,1,[65 32 32],low_confidence,rejected,low,[],[],single/merged MUSIC peak with rank-1-like covariance; music evidence is too weak for coherent pair fallback; not_evaluated,0,1,0,0,1,0,NaN,NaN,NaN,NaN,0.0092873,ok,quick,847,902938,1,192
close_coherent_pair,16,32,2,[-0.2 0.2],[0 0],0.8,1,60,0.4,0,0,0,0,single_peak_in_scope,1,0,0,1,0,1,[65 32 32],low_confidence,rejected,low,[],[],single/merged MUSIC peak with rank-1-like covariance; music evidence is too weak for coherent pair fallback; not_evaluated,0,1,0,0,1,0,NaN,NaN,NaN,NaN,0.0081038,ok,quick,848,902939,1,192
close_coherent_pair,16,32,2,[-0.2 0.2],[0 0],0.8,1,60,0.4,0,0,0,0,single_peak_in_scope,1,0,0,1,0,1,[65 32 32],low_confidence,rejected,low,[],[],single/merged MUSIC peak with rank-1-like covariance; music evidence is too weak for coherent pair fallback; not_evaluated,0,1,0,0,1,0,NaN,NaN,NaN,NaN,0.0095074,ok,quick,849,902940,1,192
close_coherent_pair,16,32,2,[-0.2 0.2],[0 0],0.8,1,60,0.4,0,0,0,0,single_peak_in_scope,1,0,0,1,0,1,[65 32 32],low_confidence,rejected,low,[],[],single/merged MUSIC peak with rank-1-like covariance; music evidence is too weak for coherent pair fallback; not_evaluated,0,1,0,0,1,0,NaN,NaN,NaN,NaN,0.0094003,ok,quick,850,902941,1,192
close_coherent_pair,16,32,2,[-0.2 0.2],[0 0],0.8,1,60,0.4,0,0,0,0,single_peak_in_scope,1,0,0,1,0,1,[65 32 32],low_confidence,rejected,low,[],[],single/merged MUSIC peak with rank-1-like covariance; music evidence is too weak for coherent pair fallback; not_evaluated,0,1,0,0,1,0,NaN,NaN,NaN,NaN,0.0094972,ok,quick,851,902942,1,192
close_coherent_pair,16,32,2,[-0.2 0.2],[0 0],0.8,1,60,0.4,0,0,0,0,single_peak_in_scope,1,0,0,1,0,1,[65 32 32],low_confidence,rejected,low,[],[],single/merged MUSIC peak with rank-1-like covariance; music evidence is too weak for coherent pair fallback; not_evaluated,0,1,0,0,1,0,NaN,NaN,NaN,NaN,0.0094338,ok,quick,852,902943,1,192
close_coherent_pair,16,32,2,[-0.2 0.2],[0 0],0.8,1,60,0.4,0,0,0,0,single_peak_in_scope,1,0,0,1,0,1,[65 32 32],low_confidence,rejected,low,[],[],single/merged MUSIC peak with rank-1-like covariance; music evidence is too weak for coherent pair fallback; not_evaluated,0,1,0,0,1,0,NaN,NaN,NaN,NaN,0.0109264,ok,quick,853,902944,1,192
close_coherent_pair,16,32,2,[-0.2 0.2],[0 0],0.8,1,60,0.4,0,0,0,0,single_peak_in_scope,1,0,0,1,0,1,[65 32 32],low_confidence,rejected,low,[],[],single/merged MUSIC peak with rank-1-like covariance; music evidence is too weak for coherent pair fallback; not_evaluated,0,1,0,0,1,0,NaN,NaN,NaN,NaN,0.0104086,ok,quick,854,902945,1,192
close_coherent_pair,16,32,2,[-0.2 0.2],[0 0],0.8,1,60,0.4,0,0,0,0,single_peak_in_scope,1,0,0,1,0,1,[65 32 32],low_confidence,rejected,low,[],[],single/merged MUSIC peak with rank-1-like covariance; music evidence is too weak for coherent pair fallback; not_evaluated,0,1,0,0,1,0,NaN,NaN,NaN,NaN,0.0098687,ok,quick,855,902946,1,192
close_coherent_pair,16,32,2,[-0.2 0.2],[0 0],0.8,1,60,0.4,0,0,0,0,single_peak_in_scope,1,0,0,1,0,1,[65 32 32],low_confidence,rejected,low,[],[],single/merged MUSIC peak with rank-1-like covariance; music evidence is too weak for coherent pair fallback; not_evaluated,0,1,0,0,1,0,NaN,NaN,NaN,NaN,0.0095109,ok,quick,856,902947,1,192
close_coherent_pair,16,32,2,[-0.2 0.2],[0 0],0.8,1,60,0.4,0,0,0,0,single_peak_in_scope,1,0,0,1,0,1,[65 32 32],low_confidence,rejected,low,[],[],single/merged MUSIC peak with rank-1-like covariance; music evidence is too weak for coherent pair fallback; not_evaluated,0,1,0,0,1,0,NaN,NaN,NaN,NaN,0.0104321,ok,quick,857,902948,1,192
close_coherent_pair,16,32,2,[-0.2 0.2],[0 0],0.8,1,60,0.4,0,0,0,0,single_peak_in_scope,1,0,0,1,0,1,[65 32 32],low_confidence,rejected,low,[],[],single/merged MUSIC peak with rank-1-like covariance; music evidence is too weak for coherent pair fallback; not_evaluated,0,1,0,0,1,0,NaN,NaN,NaN,NaN,0.0091104,ok,quick,858,902949,1,192
close_coherent_pair,16,32,2,[-0.2 0.2],[0 0],0.8,1,60,0.4,0,0,0,0,single_peak_in_scope,1,0,0,1,0,1,[65 32 32],low_confidence,rejected,low,[],[],single/merged MUSIC peak with rank-1-like covariance; music evidence is too weak for coherent pair fallback; not_evaluated,0,1,0,0,1,0,NaN,NaN,NaN,NaN,0.0081531,ok,quick,859,902950,1,192
close_coherent_pair,16,32,2,[-0.2 0.2],[0 0],0.8,1,60,0.4,0,0,0,0,single_peak_in_scope,1,0,0,1,0,1,[65 32 32],low_confidence,rejected,low,[],[],single/merged MUSIC peak with rank-1-like covariance; music evidence is too weak for coherent pair fallback; not_evaluated,0,1,0,0,1,0,NaN,NaN,NaN,NaN,0.0098887,ok,quick,860,902951,1,192
close_coherent_pair,16,32,2,[-0.2 0.2],[0 0],0.8,1,60,0.4,0,0,0,0,single_peak_in_scope,1,0,0,1,0,1,[65 32 32],low_confidence,rejected,low,[],[],single/merged MUSIC peak with rank-1-like covariance; music evidence is too weak for coherent pair fallback; not_evaluated,0,1,0,0,1,0,NaN,NaN,NaN,NaN,0.0095878,ok,quick,861,902952,1,192
close_coherent_pair,16,32,2,[-0.2 0.2],[0 0],0.8,1,60,0.4,0,0,0,0,single_peak_in_scope,1,0,0,1,0,1,[65 32 32],low_confidence,rejected,low,[],[],single/merged MUSIC peak with rank-1-like covariance; music evidence is too weak for coherent pair fallback; not_evaluated,0,1,0,0,1,0,NaN,NaN,NaN,NaN,0.0089968,ok,quick,862,902953,1,192
close_coherent_pair,16,32,2,[-0.2 0.2],[0 0],0.8,1,60,0.4,0,0,0,0,single_peak_in_scope,1,0,0,1,0,1,[65 32 32],low_confidence,rejected,low,[],[],single/merged MUSIC peak with rank-1-like covariance; music evidence is too weak for coherent pair fallback; not_evaluated,0,1,0,0,1,0,NaN,NaN,NaN,NaN,0.008731,ok,quick,863,902954,1,192
close_coherent_pair,16,32,2,[-0.2 0.2],[0 0],0.8,1,60,0.4,0,0,0,0,single_peak_in_scope,1,0,0,1,0,1,[65 32 32],low_confidence,rejected,low,[],[],single/merged MUSIC peak with rank-1-like covariance; music evidence is too weak for coherent pair fallback; not_evaluated,0,1,0,0,1,0,NaN,NaN,NaN,NaN,0.0082818,ok,quick,864,902955,1,192
close_coherent_pair,16,32,2,[-0.2 0.2],[0 0],0.8,1,60,0.4,0,0,0,0,single_peak_in_scope,1,0,0,1,0,1,[65 32 32],low_confidence,rejected,low,[],[],single/merged MUSIC peak with rank-1-like covariance; music evidence is too weak for coherent pair fallback; not_evaluated,0,1,0,0,1,0,NaN,NaN,NaN,NaN,0.0087886,ok,quick,865,902956,1,192
close_coherent_pair,16,32,2,[-0.2 0.2],[0 0],0.8,1,60,0.4,0,0,0,0,single_peak_in_scope,1,0,0,1,0,1,[65 32 32],low_confidence,rejected,low,[],[],single/merged MUSIC peak with rank-1-like covariance; music evidence is too weak for coherent pair fallback; not_evaluated,0,1,0,0,1,0,NaN,NaN,NaN,NaN,0.0088507,ok,quick,866,902957,1,192
close_coherent_pair,16,32,2,[-0.2 0.2],[0 0],0.8,1,60,0.4,0,0,0,0,single_peak_in_scope,1,0,0,1,0,1,[65 32 32],low_confidence,rejected,low,[],[],single/merged MUSIC peak with rank-1-like covariance; music evidence is too weak for coherent pair fallback; not_evaluated,0,1,0,0,1,0,NaN,NaN,NaN,NaN,0.0089369,ok,quick,867,902958,1,192
close_coherent_pair,16,32,2,[-0.2 0.2],[0 0],0.8,1,60,0.4,0,0,0,0,single_peak_in_scope,1,0,0,1,0,1,[65 32 32],low_confidence,rejected,low,[],[],single/merged MUSIC peak with rank-1-like covariance; music evidence is too weak for coherent pair fallback; not_evaluated,0,1,0,0,1,0,NaN,NaN,NaN,NaN,0.0092327,ok,quick,868,902959,1,192
close_coherent_pair,16,32,2,[-0.2 0.2],[0 0],0.8,1,60,0.4,0,0,0,0,single_peak_in_scope,1,0,0,1,0,1,[65 32 32],low_confidence,rejected,low,[],[],single/merged MUSIC peak with rank-1-like covariance; music evidence is too weak for coherent pair fallback; not_evaluated,0,1,0,0,1,0,NaN,NaN,NaN,NaN,0.008957,ok,quick,869,902960,1,192
close_coherent_pair,16,32,2,[-0.2 0.2],[0 0],0.8,1,60,0.4,0,0,0,0,single_peak_in_scope,1,0,0,1,0,1,[65 32 32],low_confidence,rejected,low,[],[],single/merged MUSIC peak with rank-1-like covariance; music evidence is too weak for coherent pair fallback; not_evaluated,0,1,0,0,1,0,NaN,NaN,NaN,NaN,0.0086449,ok,quick,870,902961,1,192
close_coherent_pair,16,32,2,[-0.3 0.3],[0 0],1,1,0,0.6,0,0,0,0,single_peak_in_scope,1,0,0,1,0,1,[65 32 32],low_confidence,rejected,low,[],[],single/merged MUSIC peak with rank-1-like covariance; music evidence is too weak for coherent pair fallback; not_evaluated,0,1,0,0,1,0,NaN,NaN,NaN,NaN,0.0090888,ok,quick,871,902962,1,192
close_coherent_pair,16,32,2,[-0.3 0.3],[0 0],1,1,0,0.6,0,0,0,0,single_peak_in_scope,1,0,0,1,0,1,[65 32 32],low_confidence,rejected,low,[],[],single/merged MUSIC peak with rank-1-like covariance; music evidence is too weak for coherent pair fallback; not_evaluated,0,1,0,0,1,0,NaN,NaN,NaN,NaN,0.0099604,ok,quick,872,902963,1,192
close_coherent_pair,16,32,2,[-0.3 0.3],[0 0],1,1,0,0.6,0,0,0,0,single_peak_in_scope,1,0,0,1,0,1,[65 32 32],low_confidence,rejected,low,[],[],single/merged MUSIC peak with rank-1-like covariance; music evidence is too weak for coherent pair fallback; not_evaluated,0,1,0,0,1,0,NaN,NaN,NaN,NaN,0.0094983,ok,quick,873,902964,1,192
close_coherent_pair,16,32,2,[-0.3 0.3],[0 0],1,1,0,0.6,0,0,0,0,single_peak_in_scope,1,0,0,1,0,1,[65 32 32],low_confidence,rejected,low,[],[],single/merged MUSIC peak with rank-1-like covariance; music evidence is too weak for coherent pair fallback; not_evaluated,0,1,0,0,1,0,NaN,NaN,NaN,NaN,0.0088877,ok,quick,874,902965,1,192
close_coherent_pair,16,32,2,[-0.3 0.3],[0 0],1,1,0,0.6,0,0,0,0,single_peak_in_scope,1,0,0,1,0,1,[65 32 32],low_confidence,rejected,low,[],[],single/merged MUSIC peak with rank-1-like covariance; music evidence is too weak for coherent pair fallback; not_evaluated,0,1,0,0,1,0,NaN,NaN,NaN,NaN,0.0091345,ok,quick,875,902966,1,192
close_coherent_pair,16,32,2,[-0.3 0.3],[0 0],1,1,0,0.6,0,0,0,0,single_peak_in_scope,1,0,0,1,0,1,[65 32 32],low_confidence,rejected,low,[],[],single/merged MUSIC peak with rank-1-like covariance; music evidence is too weak for coherent pair fallback; not_evaluated,0,1,0,0,1,0,NaN,NaN,NaN,NaN,0.0095391,ok,quick,876,902967,1,192
close_coherent_pair,16,32,2,[-0.3 0.3],[0 0],1,1,0,0.6,0,0,0,0,single_peak_in_scope,1,0,0,1,0,1,[65 32 32],low_confidence,rejected,low,[],[],single/merged MUSIC peak with rank-1-like covariance; music evidence is too weak for coherent pair fallback; not_evaluated,0,1,0,0,1,0,NaN,NaN,NaN,NaN,0.0090822,ok,quick,877,902968,1,192
close_coherent_pair,16,32,2,[-0.3 0.3],[0 0],1,1,0,0.6,0,0,0,0,single_peak_in_scope,1,0,0,1,0,1,[65 32 32],low_confidence,rejected,low,[],[],single/merged MUSIC peak with rank-1-like covariance; music evidence is too weak for coherent pair fallback; not_evaluated,0,1,0,0,1,0,NaN,NaN,NaN,NaN,0.0091816,ok,quick,878,902969,1,192
close_coherent_pair,16,32,2,[-0.3 0.3],[0 0],1,1,0,0.6,0,0,0,0,single_peak_in_scope,1,0,0,1,0,1,[65 32 32],low_confidence,rejected,low,[],[],single/merged MUSIC peak with rank-1-like covariance; music evidence is too weak for coherent pair fallback; not_evaluated,0,1,0,0,1,0,NaN,NaN,NaN,NaN,0.0101287,ok,quick,879,902970,1,192
close_coherent_pair,16,32,2,[-0.3 0.3],[0 0],1,1,0,0.6,0,0,0,0,single_peak_in_scope,1,0,0,1,0,1,[65 32 32],low_confidence,rejected,low,[],[],single/merged MUSIC peak with rank-1-like covariance; music evidence is too weak for coherent pair fallback; not_evaluated,0,1,0,0,1,0,NaN,NaN,NaN,NaN,0.0087443,ok,quick,880,902971,1,192
close_coherent_pair,16,32,2,[-0.3 0.3],[0 0],1,1,0,0.6,0,0,0,0,single_peak_in_scope,1,0,0,1,0,1,[65 32 32],low_confidence,rejected,low,[],[],single/merged MUSIC peak with rank-1-like covariance; music evidence is too weak for coherent pair fallback; not_evaluated,0,1,0,0,1,0,NaN,NaN,NaN,NaN,0.0090577,ok,quick,881,902972,1,192
close_coherent_pair,16,32,2,[-0.3 0.3],[0 0],1,1,0,0.6,0,0,0,0,single_peak_in_scope,1,0,0,1,0,1,[65 32 32],low_confidence,rejected,low,[],[],single/merged MUSIC peak with rank-1-like covariance; music evidence is too weak for coherent pair fallback; not_evaluated,0,1,0,0,1,0,NaN,NaN,NaN,NaN,0.0093399,ok,quick,882,902973,1,192
close_coherent_pair,16,32,2,[-0.3 0.3],[0 0],1,1,0,0.6,0,0,0,0,single_peak_in_scope,1,0,0,1,0,1,[65 32 32],low_confidence,rejected,low,[],[],single/merged MUSIC peak with rank-1-like covariance; music evidence is too weak for coherent pair fallback; not_evaluated,0,1,0,0,1,0,NaN,NaN,NaN,NaN,0.0099757,ok,quick,883,902974,1,192
close_coherent_pair,16,32,2,[-0.3 0.3],[0 0],1,1,0,0.6,0,0,0,0,single_peak_in_scope,1,0,0,1,0,1,[65 32 32],low_confidence,rejected,low,[],[],single/merged MUSIC peak with rank-1-like covariance; music evidence is too weak for coherent pair fallback; not_evaluated,0,1,0,0,1,0,NaN,NaN,NaN,NaN,0.0095879,ok,quick,884,902975,1,192
close_coherent_pair,16,32,2,[-0.3 0.3],[0 0],1,1,0,0.6,0,0,0,0,single_peak_in_scope,1,0,0,1,0,1,[65 32 32],low_confidence,rejected,low,[],[],single/merged MUSIC peak with rank-1-like covariance; music evidence is too weak for coherent pair fallback; not_evaluated,0,1,0,0,1,0,NaN,NaN,NaN,NaN,0.009553,ok,quick,885,902976,1,192
close_coherent_pair,16,32,2,[-0.3 0.3],[0 0],1,1,0,0.6,0,0,0,0,single_peak_in_scope,1,0,0,1,0,1,[65 32 32],low_confidence,rejected,low,[],[],single/merged MUSIC peak with rank-1-like covariance; music evidence is too weak for coherent pair fallback; not_evaluated,0,1,0,0,1,0,NaN,NaN,NaN,NaN,0.0091777,ok,quick,886,902977,1,192
close_coherent_pair,16,32,2,[-0.3 0.3],[0 0],1,1,0,0.6,0,0,0,0,single_peak_in_scope,1,0,0,1,0,1,[65 32 32],low_confidence,rejected,low,[],[],single/merged MUSIC peak with rank-1-like covariance; music evidence is too weak for coherent pair fallback; not_evaluated,0,1,0,0,1,0,NaN,NaN,NaN,NaN,0.0092114,ok,quick,887,902978,1,192
close_coherent_pair,16,32,2,[-0.3 0.3],[0 0],1,1,0,0.6,0,0,0,0,single_peak_in_scope,1,0,0,1,0,1,[65 32 32],low_confidence,rejected,low,[],[],single/merged MUSIC peak with rank-1-like covariance; music evidence is too weak for coherent pair fallback; not_evaluated,0,1,0,0,1,0,NaN,NaN,NaN,NaN,0.0081446,ok,quick,888,902979,1,192
close_coherent_pair,16,32,2,[-0.3 0.3],[0 0],1,1,0,0.6,0,0,0,0,single_peak_in_scope,1,0,0,1,0,1,[65 32 32],low_confidence,rejected,low,[],[],single/merged MUSIC peak with rank-1-like covariance; music evidence is too weak for coherent pair fallback; not_evaluated,0,1,0,0,1,0,NaN,NaN,NaN,NaN,0.0088148,ok,quick,889,902980,1,192
close_coherent_pair,16,32,2,[-0.3 0.3],[0 0],1,1,0,0.6,0,0,0,0,single_peak_in_scope,1,0,0,1,0,1,[65 32 32],low_confidence,rejected,low,[],[],single/merged MUSIC peak with rank-1-like covariance; music evidence is too weak for coherent pair fallback; not_evaluated,0,1,0,0,1,0,NaN,NaN,NaN,NaN,0.0088503,ok,quick,890,902981,1,192
close_coherent_pair,16,32,2,[-0.3 0.3],[0 0],1,1,0,0.6,0,0,0,0,single_peak_in_scope,1,0,0,1,0,1,[65 32 32],low_confidence,rejected,low,[],[],single/merged MUSIC peak with rank-1-like covariance; music evidence is too weak for coherent pair fallback; not_evaluated,0,1,0,0,1,0,NaN,NaN,NaN,NaN,0.0091038,ok,quick,891,902982,1,192
close_coherent_pair,16,32,2,[-0.3 0.3],[0 0],1,1,0,0.6,0,0,0,0,single_peak_in_scope,1,0,0,1,0,1,[65 32 32],low_confidence,rejected,low,[],[],single/merged MUSIC peak with rank-1-like covariance; music evidence is too weak for coherent pair fallback; not_evaluated,0,1,0,0,1,0,NaN,NaN,NaN,NaN,0.0088406,ok,quick,892,902983,1,192
close_coherent_pair,16,32,2,[-0.3 0.3],[0 0],1,1,0,0.6,0,0,0,0,single_peak_in_scope,1,0,0,1,0,1,[65 32 32],low_confidence,rejected,low,[],[],single/merged MUSIC peak with rank-1-like covariance; music evidence is too weak for coherent pair fallback; not_evaluated,0,1,0,0,1,0,NaN,NaN,NaN,NaN,0.0094389,ok,quick,893,902984,1,192
close_coherent_pair,16,32,2,[-0.3 0.3],[0 0],1,1,0,0.6,0,0,0,0,single_peak_in_scope,1,0,0,1,0,1,[65 32 32],low_confidence,rejected,low,[],[],single/merged MUSIC peak with rank-1-like covariance; music evidence is too weak for coherent pair fallback; not_evaluated,0,1,0,0,1,0,NaN,NaN,NaN,NaN,0.0087444,ok,quick,894,902985,1,192
close_coherent_pair,16,32,2,[-0.3 0.3],[0 0],1,1,0,0.6,0,0,0,0,single_peak_in_scope,1,0,0,1,0,1,[65 32 32],low_confidence,rejected,low,[],[],single/merged MUSIC peak with rank-1-like covariance; music evidence is too weak for coherent pair fallback; not_evaluated,0,1,0,0,1,0,NaN,NaN,NaN,NaN,0.0097573,ok,quick,895,902986,1,192
close_coherent_pair,16,32,2,[-0.3 0.3],[0 0],1,1,0,0.6,0,0,0,0,single_peak_in_scope,1,0,0,1,0,1,[65 32 32],low_confidence,rejected,low,[],[],single/merged MUSIC peak with rank-1-like covariance; music evidence is too weak for coherent pair fallback; not_evaluated,0,1,0,0,1,0,NaN,NaN,NaN,NaN,0.0086183,ok,quick,896,902987,1,192
close_coherent_pair,16,32,2,[-0.3 0.3],[0 0],1,1,0,0.6,0,0,0,0,single_peak_in_scope,1,0,0,1,0,1,[65 32 32],low_confidence,rejected,low,[],[],single/merged MUSIC peak with rank-1-like covariance; music evidence is too weak for coherent pair fallback; not_evaluated,0,1,0,0,1,0,NaN,NaN,NaN,NaN,0.0088712,ok,quick,897,902988,1,192
close_coherent_pair,16,32,2,[-0.3 0.3],[0 0],1,1,0,0.6,0,0,0,0,single_peak_in_scope,1,0,0,1,0,1,[65 32 32],low_confidence,rejected,low,[],[],single/merged MUSIC peak with rank-1-like covariance; music evidence is too weak for coherent pair fallback; not_evaluated,0,1,0,0,1,0,NaN,NaN,NaN,NaN,0.0095422,ok,quick,898,902989,1,192
close_coherent_pair,16,32,2,[-0.3 0.3],[0 0],1,1,0,0.6,0,0,0,0,single_peak_in_scope,1,0,0,1,0,1,[65 32 32],low_confidence,rejected,low,[],[],single/merged MUSIC peak with rank-1-like covariance; music evidence is too weak for coherent pair fallback; not_evaluated,0,1,0,0,1,0,NaN,NaN,NaN,NaN,0.0088542,ok,quick,899,902990,1,192
close_coherent_pair,16,32,2,[-0.3 0.3],[0 0],1,1,0,0.6,0,0,0,0,single_peak_in_scope,1,0,0,1,0,1,[65 32 32],low_confidence,rejected,low,[],[],single/merged MUSIC peak with rank-1-like covariance; music evidence is too weak for coherent pair fallback; not_evaluated,0,1,0,0,1,0,NaN,NaN,NaN,NaN,0.0089522,ok,quick,900,902991,1,192
close_coherent_pair,16,32,2,[-0.4 0.4],[0 0],0.8,1,60,0.8,0,0,0,0,single_peak_in_scope,1,0,0,1,0,1,[65 32 32],low_confidence,rejected,low,[],[],single/merged MUSIC peak with rank-1-like covariance; music evidence is too weak for coherent pair fallback; not_evaluated,0,1,0,0,1,0,NaN,NaN,NaN,NaN,0.0093347,ok,quick,901,902992,1,192
close_coherent_pair,16,32,2,[-0.4 0.4],[0 0],0.8,1,60,0.8,0,0,0,0,single_peak_in_scope,1,0,0,1,0,1,[65 32 32],low_confidence,rejected,low,[],[],single/merged MUSIC peak with rank-1-like covariance; music evidence is too weak for coherent pair fallback; not_evaluated,0,1,0,0,1,0,NaN,NaN,NaN,NaN,0.0087012,ok,quick,902,902993,1,192
close_coherent_pair,16,32,2,[-0.4 0.4],[0 0],0.8,1,60,0.8,0,0,0,0,single_peak_in_scope,1,0,0,1,0,1,[65 32 32],low_confidence,rejected,low,[],[],single/merged MUSIC peak with rank-1-like covariance; music evidence is too weak for coherent pair fallback; not_evaluated,0,1,0,0,1,0,NaN,NaN,NaN,NaN,0.0088334,ok,quick,903,902994,1,192
close_coherent_pair,16,32,2,[-0.4 0.4],[0 0],0.8,1,60,0.8,0,0,0,0,single_peak_in_scope,1,0,0,1,0,1,[65 32 32],low_confidence,rejected,low,[],[],single/merged MUSIC peak with rank-1-like covariance; music evidence is too weak for coherent pair fallback; not_evaluated,0,1,0,0,1,0,NaN,NaN,NaN,NaN,0.0093085,ok,quick,904,902995,1,192
close_coherent_pair,16,32,2,[-0.4 0.4],[0 0],0.8,1,60,0.8,0,0,0,0,single_peak_in_scope,1,0,0,1,0,1,[65 32 32],low_confidence,rejected,low,[],[],single/merged MUSIC peak with rank-1-like covariance; music evidence is too weak for coherent pair fallback; not_evaluated,0,1,0,0,1,0,NaN,NaN,NaN,NaN,0.0090779,ok,quick,905,902996,1,192
close_coherent_pair,16,32,2,[-0.4 0.4],[0 0],0.8,1,60,0.8,0,0,0,0,single_peak_in_scope,1,0,0,1,0,1,[65 32 32],low_confidence,rejected,low,[],[],single/merged MUSIC peak with rank-1-like covariance; music evidence is too weak for coherent pair fallback; not_evaluated,0,1,0,0,1,0,NaN,NaN,NaN,NaN,0.0089565,ok,quick,906,902997,1,192
close_coherent_pair,16,32,2,[-0.4 0.4],[0 0],0.8,1,60,0.8,0,0,0,0,single_peak_in_scope,1,0,0,1,0,1,[65 32 32],low_confidence,rejected,low,[],[],single/merged MUSIC peak with rank-1-like covariance; music evidence is too weak for coherent pair fallback; not_evaluated,0,1,0,0,1,0,NaN,NaN,NaN,NaN,0.0092578,ok,quick,907,902998,1,192
close_coherent_pair,16,32,2,[-0.4 0.4],[0 0],0.8,1,60,0.8,0,0,0,0,single_peak_in_scope,1,0,0,1,0,1,[65 32 32],low_confidence,rejected,low,[],[],single/merged MUSIC peak with rank-1-like covariance; music evidence is too weak for coherent pair fallback; not_evaluated,0,1,0,0,1,0,NaN,NaN,NaN,NaN,0.0081727,ok,quick,908,902999,1,192
close_coherent_pair,16,32,2,[-0.4 0.4],[0 0],0.8,1,60,0.8,0,0,0,0,single_peak_in_scope,1,0,0,1,0,1,[65 32 32],low_confidence,rejected,low,[],[],single/merged MUSIC peak with rank-1-like covariance; music evidence is too weak for coherent pair fallback; not_evaluated,0,1,0,0,1,0,NaN,NaN,NaN,NaN,0.0094778,ok,quick,909,903000,1,192
close_coherent_pair,16,32,2,[-0.4 0.4],[0 0],0.8,1,60,0.8,0,0,0,0,single_peak_in_scope,1,0,0,1,0,1,[65 32 32],low_confidence,rejected,low,[],[],single/merged MUSIC peak with rank-1-like covariance; music evidence is too weak for coherent pair fallback; not_evaluated,0,1,0,0,1,0,NaN,NaN,NaN,NaN,0.0099594,ok,quick,910,903001,1,192
close_coherent_pair,16,32,2,[-0.4 0.4],[0 0],0.8,1,60,0.8,0,0,0,0,single_peak_in_scope,1,0,0,1,0,1,[65 32 32],low_confidence,rejected,low,[],[],single/merged MUSIC peak with rank-1-like covariance; music evidence is too weak for coherent pair fallback; not_evaluated,0,1,0,0,1,0,NaN,NaN,NaN,NaN,0.0108102,ok,quick,911,903002,1,192
close_coherent_pair,16,32,2,[-0.4 0.4],[0 0],0.8,1,60,0.8,0,0,0,0,single_peak_in_scope,1,0,0,1,0,1,[65 32 32],low_confidence,rejected,low,[],[],single/merged MUSIC peak with rank-1-like covariance; music evidence is too weak for coherent pair fallback; not_evaluated,0,1,0,0,1,0,NaN,NaN,NaN,NaN,0.0095005,ok,quick,912,903003,1,192
close_coherent_pair,16,32,2,[-0.4 0.4],[0 0],0.8,1,60,0.8,0,0,0,0,single_peak_in_scope,1,0,0,1,0,1,[65 32 32],low_confidence,rejected,low,[],[],single/merged MUSIC peak with rank-1-like covariance; music evidence is too weak for coherent pair fallback; not_evaluated,0,1,0,0,1,0,NaN,NaN,NaN,NaN,0.0085639,ok,quick,913,903004,1,192
close_coherent_pair,16,32,2,[-0.4 0.4],[0 0],0.8,1,60,0.8,0,0,0,0,single_peak_in_scope,1,0,0,1,0,1,[65 32 32],low_confidence,rejected,low,[],[],single/merged MUSIC peak with rank-1-like covariance; music evidence is too weak for coherent pair fallback; not_evaluated,0,1,0,0,1,0,NaN,NaN,NaN,NaN,0.0098306,ok,quick,914,903005,1,192
close_coherent_pair,16,32,2,[-0.4 0.4],[0 0],0.8,1,60,0.8,0,0,0,0,single_peak_in_scope,1,0,0,1,0,1,[65 32 32],low_confidence,rejected,low,[],[],single/merged MUSIC peak with rank-1-like covariance; music evidence is too weak for coherent pair fallback; not_evaluated,0,1,0,0,1,0,NaN,NaN,NaN,NaN,0.0099797,ok,quick,915,903006,1,192
close_coherent_pair,16,32,2,[-0.4 0.4],[0 0],0.8,1,60,0.8,0,0,0,0,single_peak_in_scope,1,0,0,1,0,1,[65 32 32],low_confidence,rejected,low,[],[],single/merged MUSIC peak with rank-1-like covariance; music evidence is too weak for coherent pair fallback; not_evaluated,0,1,0,0,1,0,NaN,NaN,NaN,NaN,0.0100865,ok,quick,916,903007,1,192
close_coherent_pair,16,32,2,[-0.4 0.4],[0 0],0.8,1,60,0.8,0,0,0,0,single_peak_in_scope,1,0,0,1,0,1,[65 32 32],low_confidence,rejected,low,[],[],single/merged MUSIC peak with rank-1-like covariance; music evidence is too weak for coherent pair fallback; not_evaluated,0,1,0,0,1,0,NaN,NaN,NaN,NaN,0.0096451,ok,quick,917,903008,1,192
close_coherent_pair,16,32,2,[-0.4 0.4],[0 0],0.8,1,60,0.8,0,0,0,0,single_peak_in_scope,1,0,0,1,0,1,[65 32 32],low_confidence,rejected,low,[],[],single/merged MUSIC peak with rank-1-like covariance; music evidence is too weak for coherent pair fallback; not_evaluated,0,1,0,0,1,0,NaN,NaN,NaN,NaN,0.0101543,ok,quick,918,903009,1,192
close_coherent_pair,16,32,2,[-0.4 0.4],[0 0],0.8,1,60,0.8,0,0,0,0,single_peak_in_scope,1,0,0,1,0,1,[65 32 32],low_confidence,rejected,low,[],[],single/merged MUSIC peak with rank-1-like covariance; music evidence is too weak for coherent pair fallback; not_evaluated,0,1,0,0,1,0,NaN,NaN,NaN,NaN,0.0098568,ok,quick,919,903010,1,192
close_coherent_pair,16,32,2,[-0.4 0.4],[0 0],0.8,1,60,0.8,0,0,0,0,single_peak_in_scope,1,0,0,1,0,1,[65 32 32],low_confidence,rejected,low,[],[],single/merged MUSIC peak with rank-1-like covariance; music evidence is too weak for coherent pair fallback; not_evaluated,0,1,0,0,1,0,NaN,NaN,NaN,NaN,0.009091,ok,quick,920,903011,1,192
close_coherent_pair,16,32,2,[-0.4 0.4],[0 0],0.8,1,60,0.8,0,0,0,0,single_peak_in_scope,1,0,0,1,0,1,[65 32 32],low_confidence,rejected,low,[],[],single/merged MUSIC peak with rank-1-like covariance; music evidence is too weak for coherent pair fallback; not_evaluated,0,1,0,0,1,0,NaN,NaN,NaN,NaN,0.0103683,ok,quick,921,903012,1,192
close_coherent_pair,16,32,2,[-0.4 0.4],[0 0],0.8,1,60,0.8,0,0,0,0,single_peak_in_scope,1,0,0,1,0,1,[65 32 32],low_confidence,rejected,low,[],[],single/merged MUSIC peak with rank-1-like covariance; music evidence is too weak for coherent pair fallback; not_evaluated,0,1,0,0,1,0,NaN,NaN,NaN,NaN,0.009185,ok,quick,922,903013,1,192
close_coherent_pair,16,32,2,[-0.4 0.4],[0 0],0.8,1,60,0.8,0,0,0,0,single_peak_in_scope,1,0,0,1,0,1,[65 32 32],low_confidence,rejected,low,[],[],single/merged MUSIC peak with rank-1-like covariance; music evidence is too weak for coherent pair fallback; not_evaluated,0,1,0,0,1,0,NaN,NaN,NaN,NaN,0.0091089,ok,quick,923,903014,1,192
close_coherent_pair,16,32,2,[-0.4 0.4],[0 0],0.8,1,60,0.8,0,0,0,0,single_peak_in_scope,1,0,0,1,0,1,[65 32 32],low_confidence,rejected,low,[],[],single/merged MUSIC peak with rank-1-like covariance; music evidence is too weak for coherent pair fallback; not_evaluated,0,1,0,0,1,0,NaN,NaN,NaN,NaN,0.0106365,ok,quick,924,903015,1,192
close_coherent_pair,16,32,2,[-0.4 0.4],[0 0],0.8,1,60,0.8,0,0,0,0,single_peak_in_scope,1,0,0,1,0,1,[65 32 32],low_confidence,rejected,low,[],[],single/merged MUSIC peak with rank-1-like covariance; music evidence is too weak for coherent pair fallback; not_evaluated,0,1,0,0,1,0,NaN,NaN,NaN,NaN,0.0097747,ok,quick,925,903016,1,192
close_coherent_pair,16,32,2,[-0.4 0.4],[0 0],0.8,1,60,0.8,0,0,0,0,single_peak_in_scope,1,0,0,1,0,1,[65 32 32],low_confidence,rejected,low,[],[],single/merged MUSIC peak with rank-1-like covariance; music evidence is too weak for coherent pair fallback; not_evaluated,0,1,0,0,1,0,NaN,NaN,NaN,NaN,0.0100495,ok,quick,926,903017,1,192
close_coherent_pair,16,32,2,[-0.4 0.4],[0 0],0.8,1,60,0.8,0,0,0,0,single_peak_in_scope,1,0,0,1,0,1,[65 32 32],low_confidence,rejected,low,[],[],single/merged MUSIC peak with rank-1-like covariance; music evidence is too weak for coherent pair fallback; not_evaluated,0,1,0,0,1,0,NaN,NaN,NaN,NaN,0.0090617,ok,quick,927,903018,1,192
close_coherent_pair,16,32,2,[-0.4 0.4],[0 0],0.8,1,60,0.8,0,0,0,0,single_peak_in_scope,1,0,0,1,0,1,[65 32 32],low_confidence,rejected,low,[],[],single/merged MUSIC peak with rank-1-like covariance; music evidence is too weak for coherent pair fallback; not_evaluated,0,1,0,0,1,0,NaN,NaN,NaN,NaN,0.0105294,ok,quick,928,903019,1,192
close_coherent_pair,16,32,2,[-0.4 0.4],[0 0],0.8,1,60,0.8,0,0,0,0,single_peak_in_scope,1,0,0,1,0,1,[65 32 32],low_confidence,rejected,low,[],[],single/merged MUSIC peak with rank-1-like covariance; music evidence is too weak for coherent pair fallback; not_evaluated,0,1,0,0,1,0,NaN,NaN,NaN,NaN,0.0111848,ok,quick,929,903020,1,192
close_coherent_pair,16,32,2,[-0.4 0.4],[0 0],0.8,1,60,0.8,0,0,0,0,single_peak_in_scope,1,0,0,1,0,1,[65 32 32],low_confidence,rejected,low,[],[],single/merged MUSIC peak with rank-1-like covariance; music evidence is too weak for coherent pair fallback; not_evaluated,0,1,0,0,1,0,NaN,NaN,NaN,NaN,0.0095584,ok,quick,930,903021,1,192
close_coherent_pair,16,32,2,[-0.5 0.5],[0 0],1,1,0,1,0,0,0,0,single_peak_in_scope,1,0,0,1,0,1,[65 32 32],low_confidence,rejected,low,[],[],single/merged MUSIC peak with rank-1-like covariance; music evidence is too weak for coherent pair fallback; not_evaluated,0,1,0,0,1,0,NaN,NaN,NaN,NaN,0.0090875,ok,quick,931,903022,1,192
close_coherent_pair,16,32,2,[-0.5 0.5],[0 0],1,1,0,1,0,0,0,0,single_peak_in_scope,1,0,0,1,0,1,[65 32 32],low_confidence,rejected,low,[],[],single/merged MUSIC peak with rank-1-like covariance; music evidence is too weak for coherent pair fallback; not_evaluated,0,1,0,0,1,0,NaN,NaN,NaN,NaN,0.0097851,ok,quick,932,903023,1,192
close_coherent_pair,16,32,2,[-0.5 0.5],[0 0],1,1,0,1,0,0,0,0,single_peak_in_scope,1,0,0,1,0,1,[65 32 32],low_confidence,rejected,low,[],[],single/merged MUSIC peak with rank-1-like covariance; music evidence is too weak for coherent pair fallback; not_evaluated,0,1,0,0,1,0,NaN,NaN,NaN,NaN,0.0101612,ok,quick,933,903024,1,192
close_coherent_pair,16,32,2,[-0.5 0.5],[0 0],1,1,0,1,0,0,0,0,single_peak_in_scope,1,0,0,1,0,1,[65 32 32],low_confidence,rejected,low,[],[],single/merged MUSIC peak with rank-1-like covariance; music evidence is too weak for coherent pair fallback; not_evaluated,0,1,0,0,1,0,NaN,NaN,NaN,NaN,0.0093056,ok,quick,934,903025,1,192
close_coherent_pair,16,32,2,[-0.5 0.5],[0 0],1,1,0,1,0,0,0,0,single_peak_in_scope,1,0,0,1,0,1,[65 32 32],low_confidence,rejected,low,[],[],single/merged MUSIC peak with rank-1-like covariance; music evidence is too weak for coherent pair fallback; not_evaluated,0,1,0,0,1,0,NaN,NaN,NaN,NaN,0.0102709,ok,quick,935,903026,1,192
close_coherent_pair,16,32,2,[-0.5 0.5],[0 0],1,1,0,1,0,0,0,0,single_peak_in_scope,1,0,0,1,0,1,[65 32 32],low_confidence,rejected,low,[],[],single/merged MUSIC peak with rank-1-like covariance; music evidence is too weak for coherent pair fallback; not_evaluated,0,1,0,0,1,0,NaN,NaN,NaN,NaN,0.0091701,ok,quick,936,903027,1,192
close_coherent_pair,16,32,2,[-0.5 0.5],[0 0],1,1,0,1,0,0,0,0,single_peak_in_scope,1,0,0,1,0,1,[65 32 32],low_confidence,rejected,low,[],[],single/merged MUSIC peak with rank-1-like covariance; music evidence is too weak for coherent pair fallback; not_evaluated,0,1,0,0,1,0,NaN,NaN,NaN,NaN,0.0100982,ok,quick,937,903028,1,192
close_coherent_pair,16,32,2,[-0.5 0.5],[0 0],1,1,0,1,0,0,0,0,single_peak_in_scope,1,0,0,1,0,1,[65 32 32],low_confidence,rejected,low,[],[],single/merged MUSIC peak with rank-1-like covariance; music evidence is too weak for coherent pair fallback; not_evaluated,0,1,0,0,1,0,NaN,NaN,NaN,NaN,0.0094065,ok,quick,938,903029,1,192
close_coherent_pair,16,32,2,[-0.5 0.5],[0 0],1,1,0,1,0,0,0,0,single_peak_in_scope,1,0,0,1,0,1,[65 32 32],low_confidence,rejected,low,[],[],single/merged MUSIC peak with rank-1-like covariance; music evidence is too weak for coherent pair fallback; not_evaluated,0,1,0,0,1,0,NaN,NaN,NaN,NaN,0.0101882,ok,quick,939,903030,1,192
close_coherent_pair,16,32,2,[-0.5 0.5],[0 0],1,1,0,1,0,0,0,0,single_peak_in_scope,1,0,0,1,0,1,[65 32 32],low_confidence,rejected,low,[],[],single/merged MUSIC peak with rank-1-like covariance; music evidence is too weak for coherent pair fallback; not_evaluated,0,1,0,0,1,0,NaN,NaN,NaN,NaN,0.0100311,ok,quick,940,903031,1,192
close_coherent_pair,16,32,2,[-0.5 0.5],[0 0],1,1,0,1,0,0,0,0,single_peak_in_scope,1,0,0,1,0,1,[65 32 32],low_confidence,rejected,low,[],[],single/merged MUSIC peak with rank-1-like covariance; music evidence is too weak for coherent pair fallback; not_evaluated,0,1,0,0,1,0,NaN,NaN,NaN,NaN,0.0085219,ok,quick,941,903032,1,192
close_coherent_pair,16,32,2,[-0.5 0.5],[0 0],1,1,0,1,0,0,0,0,single_peak_in_scope,1,0,0,1,0,1,[65 32 32],low_confidence,rejected,low,[],[],single/merged MUSIC peak with rank-1-like covariance; music evidence is too weak for coherent pair fallback; not_evaluated,0,1,0,0,1,0,NaN,NaN,NaN,NaN,0.009349,ok,quick,942,903033,1,192
close_coherent_pair,16,32,2,[-0.5 0.5],[0 0],1,1,0,1,0,0,0,0,single_peak_in_scope,1,0,0,1,0,1,[65 32 32],low_confidence,rejected,low,[],[],single/merged MUSIC peak with rank-1-like covariance; music evidence is too weak for coherent pair fallback; not_evaluated,0,1,0,0,1,0,NaN,NaN,NaN,NaN,0.0089867,ok,quick,943,903034,1,192
close_coherent_pair,16,32,2,[-0.5 0.5],[0 0],1,1,0,1,0,0,0,0,single_peak_in_scope,1,0,0,1,0,1,[65 32 32],low_confidence,rejected,low,[],[],single/merged MUSIC peak with rank-1-like covariance; music evidence is too weak for coherent pair fallback; not_evaluated,0,1,0,0,1,0,NaN,NaN,NaN,NaN,0.0086306,ok,quick,944,903035,1,192
close_coherent_pair,16,32,2,[-0.5 0.5],[0 0],1,1,0,1,0,0,0,0,single_peak_in_scope,1,0,0,1,0,1,[65 32 32],low_confidence,rejected,low,[],[],single/merged MUSIC peak with rank-1-like covariance; music evidence is too weak for coherent pair fallback; not_evaluated,0,1,0,0,1,0,NaN,NaN,NaN,NaN,0.0092546,ok,quick,945,903036,1,192
close_coherent_pair,16,32,2,[-0.5 0.5],[0 0],1,1,0,1,0,0,0,0,single_peak_in_scope,1,0,0,1,0,1,[65 32 32],low_confidence,rejected,low,[],[],single/merged MUSIC peak with rank-1-like covariance; music evidence is too weak for coherent pair fallback; not_evaluated,0,1,0,0,1,0,NaN,NaN,NaN,NaN,0.0097178,ok,quick,946,903037,1,192
close_coherent_pair,16,32,2,[-0.5 0.5],[0 0],1,1,0,1,0,0,0,0,single_peak_in_scope,1,0,0,1,0,1,[65 32 32],low_confidence,rejected,low,[],[],single/merged MUSIC peak with rank-1-like covariance; music evidence is too weak for coherent pair fallback; not_evaluated,0,1,0,0,1,0,NaN,NaN,NaN,NaN,0.008728,ok,quick,947,903038,1,192
close_coherent_pair,16,32,2,[-0.5 0.5],[0 0],1,1,0,1,0,0,0,0,single_peak_in_scope,1,0,0,1,0,1,[65 32 32],low_confidence,rejected,low,[],[],single/merged MUSIC peak with rank-1-like covariance; music evidence is too weak for coherent pair fallback; not_evaluated,0,1,0,0,1,0,NaN,NaN,NaN,NaN,0.0084381,ok,quick,948,903039,1,192
close_coherent_pair,16,32,2,[-0.5 0.5],[0 0],1,1,0,1,0,0,0,0,single_peak_in_scope,1,0,0,1,0,1,[65 32 32],low_confidence,rejected,low,[],[],single/merged MUSIC peak with rank-1-like covariance; music evidence is too weak for coherent pair fallback; not_evaluated,0,1,0,0,1,0,NaN,NaN,NaN,NaN,0.0092157,ok,quick,949,903040,1,192
close_coherent_pair,16,32,2,[-0.5 0.5],[0 0],1,1,0,1,0,0,0,0,single_peak_in_scope,1,0,0,1,0,1,[65 32 32],low_confidence,rejected,low,[],[],single/merged MUSIC peak with rank-1-like covariance; music evidence is too weak for coherent pair fallback; not_evaluated,0,1,0,0,1,0,NaN,NaN,NaN,NaN,0.0086757,ok,quick,950,903041,1,192
close_coherent_pair,16,32,2,[-0.5 0.5],[0 0],1,1,0,1,0,0,0,0,single_peak_in_scope,1,0,0,1,0,1,[65 32 32],low_confidence,rejected,low,[],[],single/merged MUSIC peak with rank-1-like covariance; music evidence is too weak for coherent pair fallback; not_evaluated,0,1,0,0,1,0,NaN,NaN,NaN,NaN,0.0094616,ok,quick,951,903042,1,192
close_coherent_pair,16,32,2,[-0.5 0.5],[0 0],1,1,0,1,0,0,0,0,single_peak_in_scope,1,0,0,1,0,1,[65 32 32],low_confidence,rejected,low,[],[],single/merged MUSIC peak with rank-1-like covariance; music evidence is too weak for coherent pair fallback; not_evaluated,0,1,0,0,1,0,NaN,NaN,NaN,NaN,0.0094645,ok,quick,952,903043,1,192
close_coherent_pair,16,32,2,[-0.5 0.5],[0 0],1,1,0,1,0,0,0,0,single_peak_in_scope,1,0,0,1,0,1,[65 32 32],low_confidence,rejected,low,[],[],single/merged MUSIC peak with rank-1-like covariance; music evidence is too weak for coherent pair fallback; not_evaluated,0,1,0,0,1,0,NaN,NaN,NaN,NaN,0.0103491,ok,quick,953,903044,1,192
close_coherent_pair,16,32,2,[-0.5 0.5],[0 0],1,1,0,1,0,0,0,0,single_peak_in_scope,1,0,0,1,0,1,[65 32 32],low_confidence,rejected,low,[],[],single/merged MUSIC peak with rank-1-like covariance; music evidence is too weak for coherent pair fallback; not_evaluated,0,1,0,0,1,0,NaN,NaN,NaN,NaN,0.0094464,ok,quick,954,903045,1,192
close_coherent_pair,16,32,2,[-0.5 0.5],[0 0],1,1,0,1,0,0,0,0,single_peak_in_scope,1,0,0,1,0,1,[65 32 32],low_confidence,rejected,low,[],[],single/merged MUSIC peak with rank-1-like covariance; music evidence is too weak for coherent pair fallback; not_evaluated,0,1,0,0,1,0,NaN,NaN,NaN,NaN,0.009268,ok,quick,955,903046,1,192
close_coherent_pair,16,32,2,[-0.5 0.5],[0 0],1,1,0,1,0,0,0,0,single_peak_in_scope,1,0,0,1,0,1,[65 32 32],low_confidence,rejected,low,[],[],single/merged MUSIC peak with rank-1-like covariance; music evidence is too weak for coherent pair fallback; not_evaluated,0,1,0,0,1,0,NaN,NaN,NaN,NaN,0.0094015,ok,quick,956,903047,1,192
close_coherent_pair,16,32,2,[-0.5 0.5],[0 0],1,1,0,1,0,0,0,0,single_peak_in_scope,1,0,0,1,0,1,[65 32 32],low_confidence,rejected,low,[],[],single/merged MUSIC peak with rank-1-like covariance; music evidence is too weak for coherent pair fallback; not_evaluated,0,1,0,0,1,0,NaN,NaN,NaN,NaN,0.009239,ok,quick,957,903048,1,192
close_coherent_pair,16,32,2,[-0.5 0.5],[0 0],1,1,0,1,0,0,0,0,single_peak_in_scope,1,0,0,1,0,1,[65 32 32],low_confidence,rejected,low,[],[],single/merged MUSIC peak with rank-1-like covariance; music evidence is too weak for coherent pair fallback; not_evaluated,0,1,0,0,1,0,NaN,NaN,NaN,NaN,0.0095971,ok,quick,958,903049,1,192
close_coherent_pair,16,32,2,[-0.5 0.5],[0 0],1,1,0,1,0,0,0,0,single_peak_in_scope,1,0,0,1,0,1,[65 32 32],low_confidence,rejected,low,[],[],single/merged MUSIC peak with rank-1-like covariance; music evidence is too weak for coherent pair fallback; not_evaluated,0,1,0,0,1,0,NaN,NaN,NaN,NaN,0.0094951,ok,quick,959,903050,1,192
close_coherent_pair,16,32,2,[-0.5 0.5],[0 0],1,1,0,1,0,0,0,0,single_peak_in_scope,1,0,0,1,0,1,[65 32 32],low_confidence,rejected,low,[],[],single/merged MUSIC peak with rank-1-like covariance; music evidence is too weak for coherent pair fallback; not_evaluated,0,1,0,0,1,0,NaN,NaN,NaN,NaN,0.0088542,ok,quick,960,903051,1,192
medium_beta_pair,16,32,2,[-0.25 0.25],[0 0],0.8,1,0,0.5,0,0,0,0,single_peak_in_scope,1,0,0,1,0,1,[65 32 32],low_confidence,rejected,low,[],[],single/merged MUSIC peak with rank-1-like covariance; music evidence is too weak for coherent pair fallback; not_evaluated,0,1,0,0,1,0,NaN,NaN,NaN,NaN,0.009895,ok,quick,961,903052,1,192
medium_beta_pair,16,32,2,[-0.25 0.25],[0 0],0.8,1,0,0.5,0,0,0,0,single_peak_in_scope,1,0,0,1,0,1,[65 32 32],low_confidence,rejected,low,[],[],single/merged MUSIC peak with rank-1-like covariance; music evidence is too weak for coherent pair fallback; not_evaluated,0,1,0,0,1,0,NaN,NaN,NaN,NaN,0.0108249,ok,quick,962,903053,1,192
medium_beta_pair,16,32,2,[-0.25 0.25],[0 0],0.8,1,0,0.5,0,0,0,0,single_peak_in_scope,1,0,0,1,0,1,[65 32 32],low_confidence,rejected,low,[],[],single/merged MUSIC peak with rank-1-like covariance; music evidence is too weak for coherent pair fallback; not_evaluated,0,1,0,0,1,0,NaN,NaN,NaN,NaN,0.0092577,ok,quick,963,903054,1,192
medium_beta_pair,16,32,2,[-0.25 0.25],[0 0],0.8,1,0,0.5,0,0,0,0,single_peak_in_scope,1,0,0,1,0,1,[65 32 32],low_confidence,rejected,low,[],[],single/merged MUSIC peak with rank-1-like covariance; music evidence is too weak for coherent pair fallback; not_evaluated,0,1,0,0,1,0,NaN,NaN,NaN,NaN,0.0092298,ok,quick,964,903055,1,192
medium_beta_pair,16,32,2,[-0.25 0.25],[0 0],0.8,1,0,0.5,0,0,0,0,single_peak_in_scope,1,0,0,1,0,1,[65 32 32],low_confidence,rejected,low,[],[],single/merged MUSIC peak with rank-1-like covariance; music evidence is too weak for coherent pair fallback; not_evaluated,0,1,0,0,1,0,NaN,NaN,NaN,NaN,0.0085584,ok,quick,965,903056,1,192
medium_beta_pair,16,32,2,[-0.25 0.25],[0 0],0.8,1,0,0.5,0,0,0,0,single_peak_in_scope,1,0,0,1,0,1,[65 32 32],low_confidence,rejected,low,[],[],single/merged MUSIC peak with rank-1-like covariance; music evidence is too weak for coherent pair fallback; not_evaluated,0,1,0,0,1,0,NaN,NaN,NaN,NaN,0.0105548,ok,quick,966,903057,1,192
medium_beta_pair,16,32,2,[-0.25 0.25],[0 0],0.8,1,0,0.5,0,0,0,0,single_peak_in_scope,1,0,0,1,0,1,[65 32 32],low_confidence,rejected,low,[],[],single/merged MUSIC peak with rank-1-like covariance; music evidence is too weak for coherent pair fallback; not_evaluated,0,1,0,0,1,0,NaN,NaN,NaN,NaN,0.0089694,ok,quick,967,903058,1,192
medium_beta_pair,16,32,2,[-0.25 0.25],[0 0],0.8,1,0,0.5,0,0,0,0,single_peak_in_scope,1,0,0,1,0,1,[65 32 32],low_confidence,rejected,low,[],[],single/merged MUSIC peak with rank-1-like covariance; music evidence is too weak for coherent pair fallback; not_evaluated,0,1,0,0,1,0,NaN,NaN,NaN,NaN,0.0088028,ok,quick,968,903059,1,192
medium_beta_pair,16,32,2,[-0.25 0.25],[0 0],0.8,1,0,0.5,0,0,0,0,single_peak_in_scope,1,0,0,1,0,1,[65 32 32],low_confidence,rejected,low,[],[],single/merged MUSIC peak with rank-1-like covariance; music evidence is too weak for coherent pair fallback; not_evaluated,0,1,0,0,1,0,NaN,NaN,NaN,NaN,0.0101333,ok,quick,969,903060,1,192
medium_beta_pair,16,32,2,[-0.25 0.25],[0 0],0.8,1,0,0.5,0,0,0,0,single_peak_in_scope,1,0,0,1,0,1,[65 32 32],low_confidence,rejected,low,[],[],single/merged MUSIC peak with rank-1-like covariance; music evidence is too weak for coherent pair fallback; not_evaluated,0,1,0,0,1,0,NaN,NaN,NaN,NaN,0.0098099,ok,quick,970,903061,1,192
medium_beta_pair,16,32,2,[-0.25 0.25],[0 0],0.8,1,0,0.5,0,0,0,0,single_peak_in_scope,1,0,0,1,0,1,[65 32 32],low_confidence,rejected,low,[],[],single/merged MUSIC peak with rank-1-like covariance; music evidence is too weak for coherent pair fallback; not_evaluated,0,1,0,0,1,0,NaN,NaN,NaN,NaN,0.0103399,ok,quick,971,903062,1,192
medium_beta_pair,16,32,2,[-0.25 0.25],[0 0],0.8,1,0,0.5,0,0,0,0,single_peak_in_scope,1,0,0,1,0,1,[65 32 32],low_confidence,rejected,low,[],[],single/merged MUSIC peak with rank-1-like covariance; music evidence is too weak for coherent pair fallback; not_evaluated,0,1,0,0,1,0,NaN,NaN,NaN,NaN,0.0089205,ok,quick,972,903063,1,192
medium_beta_pair,16,32,2,[-0.25 0.25],[0 0],0.8,1,0,0.5,0,0,0,0,single_peak_in_scope,1,0,0,1,0,1,[65 32 32],low_confidence,rejected,low,[],[],single/merged MUSIC peak with rank-1-like covariance; music evidence is too weak for coherent pair fallback; not_evaluated,0,1,0,0,1,0,NaN,NaN,NaN,NaN,0.0087923,ok,quick,973,903064,1,192
medium_beta_pair,16,32,2,[-0.25 0.25],[0 0],0.8,1,0,0.5,0,0,0,0,single_peak_in_scope,1,0,0,1,0,1,[65 32 32],low_confidence,rejected,low,[],[],single/merged MUSIC peak with rank-1-like covariance; music evidence is too weak for coherent pair fallback; not_evaluated,0,1,0,0,1,0,NaN,NaN,NaN,NaN,0.0085776,ok,quick,974,903065,1,192
medium_beta_pair,16,32,2,[-0.25 0.25],[0 0],0.8,1,0,0.5,0,0,0,0,single_peak_in_scope,1,0,0,1,0,1,[65 32 32],low_confidence,rejected,low,[],[],single/merged MUSIC peak with rank-1-like covariance; music evidence is too weak for coherent pair fallback; not_evaluated,0,1,0,0,1,0,NaN,NaN,NaN,NaN,0.0079391,ok,quick,975,903066,1,192
medium_beta_pair,16,32,2,[-0.25 0.25],[0 0],0.8,1,0,0.5,0,0,0,0,single_peak_in_scope,1,0,0,1,0,1,[65 32 32],low_confidence,rejected,low,[],[],single/merged MUSIC peak with rank-1-like covariance; music evidence is too weak for coherent pair fallback; not_evaluated,0,1,0,0,1,0,NaN,NaN,NaN,NaN,0.0093119,ok,quick,976,903067,1,192
medium_beta_pair,16,32,2,[-0.25 0.25],[0 0],0.8,1,0,0.5,0,0,0,0,single_peak_in_scope,1,0,0,1,0,1,[65 32 32],low_confidence,rejected,low,[],[],single/merged MUSIC peak with rank-1-like covariance; music evidence is too weak for coherent pair fallback; not_evaluated,0,1,0,0,1,0,NaN,NaN,NaN,NaN,0.0090055,ok,quick,977,903068,1,192
medium_beta_pair,16,32,2,[-0.25 0.25],[0 0],0.8,1,0,0.5,0,0,0,0,single_peak_in_scope,1,0,0,1,0,1,[65 32 32],low_confidence,rejected,low,[],[],single/merged MUSIC peak with rank-1-like covariance; music evidence is too weak for coherent pair fallback; not_evaluated,0,1,0,0,1,0,NaN,NaN,NaN,NaN,0.0091911,ok,quick,978,903069,1,192
medium_beta_pair,16,32,2,[-0.25 0.25],[0 0],0.8,1,0,0.5,0,0,0,0,single_peak_in_scope,1,0,0,1,0,1,[65 32 32],low_confidence,rejected,low,[],[],single/merged MUSIC peak with rank-1-like covariance; music evidence is too weak for coherent pair fallback; not_evaluated,0,1,0,0,1,0,NaN,NaN,NaN,NaN,0.0087021,ok,quick,979,903070,1,192
medium_beta_pair,16,32,2,[-0.25 0.25],[0 0],0.8,1,0,0.5,0,0,0,0,single_peak_in_scope,1,0,0,1,0,1,[65 32 32],low_confidence,rejected,low,[],[],single/merged MUSIC peak with rank-1-like covariance; music evidence is too weak for coherent pair fallback; not_evaluated,0,1,0,0,1,0,NaN,NaN,NaN,NaN,0.009954,ok,quick,980,903071,1,192
medium_beta_pair,16,32,2,[-0.25 0.25],[0 0],0.8,1,0,0.5,0,0,0,0,single_peak_in_scope,1,0,0,1,0,1,[65 32 32],low_confidence,rejected,low,[],[],single/merged MUSIC peak with rank-1-like covariance; music evidence is too weak for coherent pair fallback; not_evaluated,0,1,0,0,1,0,NaN,NaN,NaN,NaN,0.0096267,ok,quick,981,903072,1,192
medium_beta_pair,16,32,2,[-0.25 0.25],[0 0],0.8,1,0,0.5,0,0,0,0,single_peak_in_scope,1,0,0,1,0,1,[65 32 32],low_confidence,rejected,low,[],[],single/merged MUSIC peak with rank-1-like covariance; music evidence is too weak for coherent pair fallback; not_evaluated,0,1,0,0,1,0,NaN,NaN,NaN,NaN,0.0099427,ok,quick,982,903073,1,192
medium_beta_pair,16,32,2,[-0.25 0.25],[0 0],0.8,1,0,0.5,0,0,0,0,single_peak_in_scope,1,0,0,1,0,1,[65 32 32],low_confidence,rejected,low,[],[],single/merged MUSIC peak with rank-1-like covariance; music evidence is too weak for coherent pair fallback; not_evaluated,0,1,0,0,1,0,NaN,NaN,NaN,NaN,0.0095764,ok,quick,983,903074,1,192
medium_beta_pair,16,32,2,[-0.25 0.25],[0 0],0.8,1,0,0.5,0,0,0,0,single_peak_in_scope,1,0,0,1,0,1,[65 32 32],low_confidence,rejected,low,[],[],single/merged MUSIC peak with rank-1-like covariance; music evidence is too weak for coherent pair fallback; not_evaluated,0,1,0,0,1,0,NaN,NaN,NaN,NaN,0.0087535,ok,quick,984,903075,1,192
medium_beta_pair,16,32,2,[-0.25 0.25],[0 0],0.8,1,0,0.5,0,0,0,0,single_peak_in_scope,1,0,0,1,0,1,[65 32 32],low_confidence,rejected,low,[],[],single/merged MUSIC peak with rank-1-like covariance; music evidence is too weak for coherent pair fallback; not_evaluated,0,1,0,0,1,0,NaN,NaN,NaN,NaN,0.0101103,ok,quick,985,903076,1,192
medium_beta_pair,16,32,2,[-0.25 0.25],[0 0],0.8,1,0,0.5,0,0,0,0,single_peak_in_scope,1,0,0,1,0,1,[65 32 32],low_confidence,rejected,low,[],[],single/merged MUSIC peak with rank-1-like covariance; music evidence is too weak for coherent pair fallback; not_evaluated,0,1,0,0,1,0,NaN,NaN,NaN,NaN,0.0105123,ok,quick,986,903077,1,192
medium_beta_pair,16,32,2,[-0.25 0.25],[0 0],0.8,1,0,0.5,0,0,0,0,single_peak_in_scope,1,0,0,1,0,1,[65 32 32],low_confidence,rejected,low,[],[],single/merged MUSIC peak with rank-1-like covariance; music evidence is too weak for coherent pair fallback; not_evaluated,0,1,0,0,1,0,NaN,NaN,NaN,NaN,0.0100622,ok,quick,987,903078,1,192
medium_beta_pair,16,32,2,[-0.25 0.25],[0 0],0.8,1,0,0.5,0,0,0,0,single_peak_in_scope,1,0,0,1,0,1,[65 32 32],low_confidence,rejected,low,[],[],single/merged MUSIC peak with rank-1-like covariance; music evidence is too weak for coherent pair fallback; not_evaluated,0,1,0,0,1,0,NaN,NaN,NaN,NaN,0.0096517,ok,quick,988,903079,1,192
medium_beta_pair,16,32,2,[-0.25 0.25],[0 0],0.8,1,0,0.5,0,0,0,0,single_peak_in_scope,1,0,0,1,0,1,[65 32 32],low_confidence,rejected,low,[],[],single/merged MUSIC peak with rank-1-like covariance; music evidence is too weak for coherent pair fallback; not_evaluated,0,1,0,0,1,0,NaN,NaN,NaN,NaN,0.0100734,ok,quick,989,903080,1,192
medium_beta_pair,16,32,2,[-0.25 0.25],[0 0],0.8,1,0,0.5,0,0,0,0,single_peak_in_scope,1,0,0,1,0,1,[65 32 32],low_confidence,rejected,low,[],[],single/merged MUSIC peak with rank-1-like covariance; music evidence is too weak for coherent pair fallback; not_evaluated,0,1,0,0,1,0,NaN,NaN,NaN,NaN,0.0090009,ok,quick,990,903081,1,192
medium_beta_pair,16,32,2,[-0.25 0.25],[0 0],0.5,1,0,0.5,0,0,0,0,single_peak_in_scope,1,0,0,1,0,1,[65 32 32],low_confidence,rejected,low,[],[],single/merged MUSIC peak with rank-1-like covariance; music evidence is too weak for coherent pair fallback; not_evaluated,0,1,0,0,1,0,NaN,NaN,NaN,NaN,0.0090575,ok,quick,991,903082,1,192
medium_beta_pair,16,32,2,[-0.25 0.25],[0 0],0.5,1,0,0.5,0,0,0,0,single_peak_in_scope,1,0,0,1,0,1,[65 32 32],low_confidence,rejected,low,[],[],single/merged MUSIC peak with rank-1-like covariance; music evidence is too weak for coherent pair fallback; not_evaluated,0,1,0,0,1,0,NaN,NaN,NaN,NaN,0.0088113,ok,quick,992,903083,1,192
medium_beta_pair,16,32,2,[-0.25 0.25],[0 0],0.5,1,0,0.5,0,0,0,0,single_peak_in_scope,1,0,0,1,0,1,[65 32 32],low_confidence,rejected,low,[],[],single/merged MUSIC peak with rank-1-like covariance; music evidence is too weak for coherent pair fallback; not_evaluated,0,1,0,0,1,0,NaN,NaN,NaN,NaN,0.0087077,ok,quick,993,903084,1,192
medium_beta_pair,16,32,2,[-0.25 0.25],[0 0],0.5,1,0,0.5,0,0,0,0,single_peak_in_scope,1,0,0,1,0,1,[65 32 32],low_confidence,rejected,low,[],[],single/merged MUSIC peak with rank-1-like covariance; music evidence is too weak for coherent pair fallback; not_evaluated,0,1,0,0,1,0,NaN,NaN,NaN,NaN,0.0094503,ok,quick,994,903085,1,192
medium_beta_pair,16,32,2,[-0.25 0.25],[0 0],0.5,1,0,0.5,0,0,0,0,single_peak_in_scope,1,0,0,1,0,1,[65 32 32],low_confidence,rejected,low,[],[],single/merged MUSIC peak with rank-1-like covariance; music evidence is too weak for coherent pair fallback; not_evaluated,0,1,0,0,1,0,NaN,NaN,NaN,NaN,0.0085974,ok,quick,995,903086,1,192
medium_beta_pair,16,32,2,[-0.25 0.25],[0 0],0.5,1,0,0.5,0,0,0,0,single_peak_in_scope,1,0,0,1,0,1,[65 32 32],low_confidence,rejected,low,[],[],single/merged MUSIC peak with rank-1-like covariance; music evidence is too weak for coherent pair fallback; not_evaluated,0,1,0,0,1,0,NaN,NaN,NaN,NaN,0.0105053,ok,quick,996,903087,1,192
medium_beta_pair,16,32,2,[-0.25 0.25],[0 0],0.5,1,0,0.5,0,0,0,0,single_peak_in_scope,1,0,0,1,0,1,[65 32 32],low_confidence,rejected,low,[],[],single/merged MUSIC peak with rank-1-like covariance; music evidence is too weak for coherent pair fallback; not_evaluated,0,1,0,0,1,0,NaN,NaN,NaN,NaN,0.0095213,ok,quick,997,903088,1,192
medium_beta_pair,16,32,2,[-0.25 0.25],[0 0],0.5,1,0,0.5,0,0,0,0,single_peak_in_scope,1,0,0,1,0,1,[65 32 32],low_confidence,rejected,low,[],[],single/merged MUSIC peak with rank-1-like covariance; music evidence is too weak for coherent pair fallback; not_evaluated,0,1,0,0,1,0,NaN,NaN,NaN,NaN,0.0094912,ok,quick,998,903089,1,192
medium_beta_pair,16,32,2,[-0.25 0.25],[0 0],0.5,1,0,0.5,0,0,0,0,single_peak_in_scope,1,0,0,1,0,1,[65 32 32],low_confidence,rejected,low,[],[],single/merged MUSIC peak with rank-1-like covariance; music evidence is too weak for coherent pair fallback; not_evaluated,0,1,0,0,1,0,NaN,NaN,NaN,NaN,0.0102933,ok,quick,999,903090,1,192
medium_beta_pair,16,32,2,[-0.25 0.25],[0 0],0.5,1,0,0.5,0,0,0,0,single_peak_in_scope,1,0,0,1,0,1,[65 32 32],low_confidence,rejected,low,[],[],single/merged MUSIC peak with rank-1-like covariance; music evidence is too weak for coherent pair fallback; not_evaluated,0,1,0,0,1,0,NaN,NaN,NaN,NaN,0.0102888,ok,quick,1000,903091,1,192
medium_beta_pair,16,32,2,[-0.25 0.25],[0 0],0.5,1,0,0.5,0,0,0,0,single_peak_in_scope,1,0,0,1,0,1,[65 32 32],low_confidence,rejected,low,[],[],single/merged MUSIC peak with rank-1-like covariance; music evidence is too weak for coherent pair fallback; not_evaluated,0,1,0,0,1,0,NaN,NaN,NaN,NaN,0.0088643,ok,quick,1001,903092,1,192
medium_beta_pair,16,32,2,[-0.25 0.25],[0 0],0.5,1,0,0.5,0,0,0,0,single_peak_in_scope,1,0,0,1,0,1,[65 32 32],low_confidence,rejected,low,[],[],single/merged MUSIC peak with rank-1-like covariance; music evidence is too weak for coherent pair fallback; not_evaluated,0,1,0,0,1,0,NaN,NaN,NaN,NaN,0.0106908,ok,quick,1002,903093,1,192
medium_beta_pair,16,32,2,[-0.25 0.25],[0 0],0.5,1,0,0.5,0,0,0,0,single_peak_in_scope,1,0,0,1,0,1,[65 32 32],low_confidence,rejected,low,[],[],single/merged MUSIC peak with rank-1-like covariance; music evidence is too weak for coherent pair fallback; not_evaluated,0,1,0,0,1,0,NaN,NaN,NaN,NaN,0.0080697,ok,quick,1003,903094,1,192
medium_beta_pair,16,32,2,[-0.25 0.25],[0 0],0.5,1,0,0.5,0,0,0,0,single_peak_in_scope,1,0,0,1,0,1,[65 32 32],low_confidence,rejected,low,[],[],single/merged MUSIC peak with rank-1-like covariance; music evidence is too weak for coherent pair fallback; not_evaluated,0,1,0,0,1,0,NaN,NaN,NaN,NaN,0.0091329,ok,quick,1004,903095,1,192
medium_beta_pair,16,32,2,[-0.25 0.25],[0 0],0.5,1,0,0.5,0,0,0,0,single_peak_in_scope,1,0,0,1,0,1,[65 32 32],low_confidence,rejected,low,[],[],single/merged MUSIC peak with rank-1-like covariance; music evidence is too weak for coherent pair fallback; not_evaluated,0,1,0,0,1,0,NaN,NaN,NaN,NaN,0.0093398,ok,quick,1005,903096,1,192
medium_beta_pair,16,32,2,[-0.25 0.25],[0 0],0.5,1,0,0.5,0,0,0,0,single_peak_in_scope,1,0,0,1,0,1,[65 32 32],low_confidence,rejected,low,[],[],single/merged MUSIC peak with rank-1-like covariance; music evidence is too weak for coherent pair fallback; not_evaluated,0,1,0,0,1,0,NaN,NaN,NaN,NaN,0.0090127,ok,quick,1006,903097,1,192
medium_beta_pair,16,32,2,[-0.25 0.25],[0 0],0.5,1,0,0.5,0,0,0,0,single_peak_in_scope,1,0,0,1,0,1,[65 32 32],low_confidence,rejected,low,[],[],single/merged MUSIC peak with rank-1-like covariance; music evidence is too weak for coherent pair fallback; not_evaluated,0,1,0,0,1,0,NaN,NaN,NaN,NaN,0.0112589,ok,quick,1007,903098,1,192
medium_beta_pair,16,32,2,[-0.25 0.25],[0 0],0.5,1,0,0.5,0,0,0,0,single_peak_in_scope,1,0,0,1,0,1,[65 32 32],low_confidence,rejected,low,[],[],single/merged MUSIC peak with rank-1-like covariance; music evidence is too weak for coherent pair fallback; not_evaluated,0,1,0,0,1,0,NaN,NaN,NaN,NaN,0.0107276,ok,quick,1008,903099,1,192
medium_beta_pair,16,32,2,[-0.25 0.25],[0 0],0.5,1,0,0.5,0,0,0,0,single_peak_in_scope,1,0,0,1,0,1,[65 32 32],low_confidence,rejected,low,[],[],single/merged MUSIC peak with rank-1-like covariance; music evidence is too weak for coherent pair fallback; not_evaluated,0,1,0,0,1,0,NaN,NaN,NaN,NaN,0.0093942,ok,quick,1009,903100,1,192
medium_beta_pair,16,32,2,[-0.25 0.25],[0 0],0.5,1,0,0.5,0,0,0,0,single_peak_in_scope,1,0,0,1,0,1,[65 32 32],low_confidence,rejected,low,[],[],single/merged MUSIC peak with rank-1-like covariance; music evidence is too weak for coherent pair fallback; not_evaluated,0,1,0,0,1,0,NaN,NaN,NaN,NaN,0.009119,ok,quick,1010,903101,1,192
medium_beta_pair,16,32,2,[-0.25 0.25],[0 0],0.5,1,0,0.5,0,0,0,0,single_peak_in_scope,1,0,0,1,0,1,[65 32 32],low_confidence,rejected,low,[],[],single/merged MUSIC peak with rank-1-like covariance; music evidence is too weak for coherent pair fallback; not_evaluated,0,1,0,0,1,0,NaN,NaN,NaN,NaN,0.0094054,ok,quick,1011,903102,1,192
medium_beta_pair,16,32,2,[-0.25 0.25],[0 0],0.5,1,0,0.5,0,0,0,0,single_peak_in_scope,1,0,0,1,0,1,[65 32 32],low_confidence,rejected,low,[],[],single/merged MUSIC peak with rank-1-like covariance; music evidence is too weak for coherent pair fallback; not_evaluated,0,1,0,0,1,0,NaN,NaN,NaN,NaN,0.0103321,ok,quick,1012,903103,1,192
medium_beta_pair,16,32,2,[-0.25 0.25],[0 0],0.5,1,0,0.5,0,0,0,0,single_peak_in_scope,1,0,0,1,0,1,[65 32 32],low_confidence,rejected,low,[],[],single/merged MUSIC peak with rank-1-like covariance; music evidence is too weak for coherent pair fallback; not_evaluated,0,1,0,0,1,0,NaN,NaN,NaN,NaN,0.0094964,ok,quick,1013,903104,1,192
medium_beta_pair,16,32,2,[-0.25 0.25],[0 0],0.5,1,0,0.5,0,0,0,0,single_peak_in_scope,1,0,0,1,0,1,[65 32 32],low_confidence,rejected,low,[],[],single/merged MUSIC peak with rank-1-like covariance; music evidence is too weak for coherent pair fallback; not_evaluated,0,1,0,0,1,0,NaN,NaN,NaN,NaN,0.0094627,ok,quick,1014,903105,1,192
medium_beta_pair,16,32,2,[-0.25 0.25],[0 0],0.5,1,0,0.5,0,0,0,0,single_peak_in_scope,1,0,0,1,0,1,[65 32 32],low_confidence,rejected,low,[],[],single/merged MUSIC peak with rank-1-like covariance; music evidence is too weak for coherent pair fallback; not_evaluated,0,1,0,0,1,0,NaN,NaN,NaN,NaN,0.0085605,ok,quick,1015,903106,1,192
medium_beta_pair,16,32,2,[-0.25 0.25],[0 0],0.5,1,0,0.5,0,0,0,0,single_peak_in_scope,1,0,0,1,0,1,[65 32 32],low_confidence,rejected,low,[],[],single/merged MUSIC peak with rank-1-like covariance; music evidence is too weak for coherent pair fallback; not_evaluated,0,1,0,0,1,0,NaN,NaN,NaN,NaN,0.0096738,ok,quick,1016,903107,1,192
medium_beta_pair,16,32,2,[-0.25 0.25],[0 0],0.5,1,0,0.5,0,0,0,0,single_peak_in_scope,1,0,0,1,0,1,[65 32 32],low_confidence,rejected,low,[],[],single/merged MUSIC peak with rank-1-like covariance; music evidence is too weak for coherent pair fallback; not_evaluated,0,1,0,0,1,0,NaN,NaN,NaN,NaN,0.0088924,ok,quick,1017,903108,1,192
medium_beta_pair,16,32,2,[-0.25 0.25],[0 0],0.5,1,0,0.5,0,0,0,0,single_peak_in_scope,1,0,0,1,0,1,[65 32 32],low_confidence,rejected,low,[],[],single/merged MUSIC peak with rank-1-like covariance; music evidence is too weak for coherent pair fallback; not_evaluated,0,1,0,0,1,0,NaN,NaN,NaN,NaN,0.0099482,ok,quick,1018,903109,1,192
medium_beta_pair,16,32,2,[-0.25 0.25],[0 0],0.5,1,0,0.5,0,0,0,0,single_peak_in_scope,1,0,0,1,0,1,[65 32 32],low_confidence,rejected,low,[],[],single/merged MUSIC peak with rank-1-like covariance; music evidence is too weak for coherent pair fallback; not_evaluated,0,1,0,0,1,0,NaN,NaN,NaN,NaN,0.0090711,ok,quick,1019,903110,1,192
medium_beta_pair,16,32,2,[-0.25 0.25],[0 0],0.5,1,0,0.5,0,0,0,0,single_peak_in_scope,1,0,0,1,0,1,[65 32 32],low_confidence,rejected,low,[],[],single/merged MUSIC peak with rank-1-like covariance; music evidence is too weak for coherent pair fallback; not_evaluated,0,1,0,0,1,0,NaN,NaN,NaN,NaN,0.0102345,ok,quick,1020,903111,1,192
medium_beta_pair,16,32,2,[-0.25 0.25],[0 0],0.3,1,0,0.5,0,0,0,0,single_peak_in_scope,1,0,0,1,0,1,[65 32 32],low_confidence,rejected,low,[],[],single/merged MUSIC peak with rank-1-like covariance; music evidence is too weak for coherent pair fallback; not_evaluated,0,1,0,0,1,0,NaN,NaN,NaN,NaN,0.008724,ok,quick,1021,903112,1,192
medium_beta_pair,16,32,2,[-0.25 0.25],[0 0],0.3,1,0,0.5,0,0,0,0,single_peak_in_scope,1,0,0,1,0,1,[65 32 32],low_confidence,rejected,low,[],[],single/merged MUSIC peak with rank-1-like covariance; music evidence is too weak for coherent pair fallback; not_evaluated,0,1,0,0,1,0,NaN,NaN,NaN,NaN,0.0101071,ok,quick,1022,903113,1,192
medium_beta_pair,16,32,2,[-0.25 0.25],[0 0],0.3,1,0,0.5,0,0,0,0,single_peak_in_scope,1,0,0,1,0,1,[65 32 32],low_confidence,rejected,low,[],[],single/merged MUSIC peak with rank-1-like covariance; music evidence is too weak for coherent pair fallback; not_evaluated,0,1,0,0,1,0,NaN,NaN,NaN,NaN,0.0087651,ok,quick,1023,903114,1,192
medium_beta_pair,16,32,2,[-0.25 0.25],[0 0],0.3,1,0,0.5,0,0,0,0,single_peak_in_scope,1,0,0,1,0,1,[65 32 32],low_confidence,rejected,low,[],[],single/merged MUSIC peak with rank-1-like covariance; music evidence is too weak for coherent pair fallback; not_evaluated,0,1,0,0,1,0,NaN,NaN,NaN,NaN,0.008521,ok,quick,1024,903115,1,192
medium_beta_pair,16,32,2,[-0.25 0.25],[0 0],0.3,1,0,0.5,0,0,0,0,single_peak_in_scope,1,0,0,1,0,1,[65 32 32],low_confidence,rejected,low,[],[],single/merged MUSIC peak with rank-1-like covariance; music evidence is too weak for coherent pair fallback; not_evaluated,0,1,0,0,1,0,NaN,NaN,NaN,NaN,0.0085853,ok,quick,1025,903116,1,192
medium_beta_pair,16,32,2,[-0.25 0.25],[0 0],0.3,1,0,0.5,0,0,0,0,single_peak_in_scope,1,0,0,1,0,1,[65 32 32],low_confidence,rejected,low,[],[],single/merged MUSIC peak with rank-1-like covariance; music evidence is too weak for coherent pair fallback; not_evaluated,0,1,0,0,1,0,NaN,NaN,NaN,NaN,0.008772,ok,quick,1026,903117,1,192
medium_beta_pair,16,32,2,[-0.25 0.25],[0 0],0.3,1,0,0.5,0,0,0,0,single_peak_in_scope,1,0,0,1,0,1,[65 32 32],low_confidence,rejected,low,[],[],single/merged MUSIC peak with rank-1-like covariance; music evidence is too weak for coherent pair fallback; not_evaluated,0,1,0,0,1,0,NaN,NaN,NaN,NaN,0.0089175,ok,quick,1027,903118,1,192
medium_beta_pair,16,32,2,[-0.25 0.25],[0 0],0.3,1,0,0.5,0,0,0,0,single_peak_in_scope,1,0,0,1,0,1,[65 32 32],low_confidence,rejected,low,[],[],single/merged MUSIC peak with rank-1-like covariance; music evidence is too weak for coherent pair fallback; not_evaluated,0,1,0,0,1,0,NaN,NaN,NaN,NaN,0.0093073,ok,quick,1028,903119,1,192
medium_beta_pair,16,32,2,[-0.25 0.25],[0 0],0.3,1,0,0.5,0,0,0,0,single_peak_in_scope,1,0,0,1,0,1,[65 32 32],low_confidence,rejected,low,[],[],single/merged MUSIC peak with rank-1-like covariance; music evidence is too weak for coherent pair fallback; not_evaluated,0,1,0,0,1,0,NaN,NaN,NaN,NaN,0.009489,ok,quick,1029,903120,1,192
medium_beta_pair,16,32,2,[-0.25 0.25],[0 0],0.3,1,0,0.5,0,0,0,0,single_peak_in_scope,1,0,0,1,0,1,[65 32 32],low_confidence,rejected,low,[],[],single/merged MUSIC peak with rank-1-like covariance; music evidence is too weak for coherent pair fallback; not_evaluated,0,1,0,0,1,0,NaN,NaN,NaN,NaN,0.0101874,ok,quick,1030,903121,1,192
medium_beta_pair,16,32,2,[-0.25 0.25],[0 0],0.3,1,0,0.5,0,0,0,0,single_peak_in_scope,1,0,0,1,0,1,[65 32 32],low_confidence,rejected,low,[],[],single/merged MUSIC peak with rank-1-like covariance; music evidence is too weak for coherent pair fallback; not_evaluated,0,1,0,0,1,0,NaN,NaN,NaN,NaN,0.0098808,ok,quick,1031,903122,1,192
medium_beta_pair,16,32,2,[-0.25 0.25],[0 0],0.3,1,0,0.5,0,0,0,0,single_peak_in_scope,1,0,0,1,0,1,[65 32 32],low_confidence,rejected,low,[],[],single/merged MUSIC peak with rank-1-like covariance; music evidence is too weak for coherent pair fallback; not_evaluated,0,1,0,0,1,0,NaN,NaN,NaN,NaN,0.0112152,ok,quick,1032,903123,1,192
medium_beta_pair,16,32,2,[-0.25 0.25],[0 0],0.3,1,0,0.5,0,0,0,0,single_peak_in_scope,1,0,0,1,0,1,[65 32 32],low_confidence,rejected,low,[],[],single/merged MUSIC peak with rank-1-like covariance; music evidence is too weak for coherent pair fallback; not_evaluated,0,1,0,0,1,0,NaN,NaN,NaN,NaN,0.0099117,ok,quick,1033,903124,1,192
medium_beta_pair,16,32,2,[-0.25 0.25],[0 0],0.3,1,0,0.5,0,0,0,0,single_peak_in_scope,1,0,0,1,0,1,[65 32 32],low_confidence,rejected,low,[],[],single/merged MUSIC peak with rank-1-like covariance; music evidence is too weak for coherent pair fallback; not_evaluated,0,1,0,0,1,0,NaN,NaN,NaN,NaN,0.0107168,ok,quick,1034,903125,1,192
medium_beta_pair,16,32,2,[-0.25 0.25],[0 0],0.3,1,0,0.5,0,0,0,0,single_peak_in_scope,1,0,0,1,0,1,[65 32 32],low_confidence,rejected,low,[],[],single/merged MUSIC peak with rank-1-like covariance; music evidence is too weak for coherent pair fallback; not_evaluated,0,1,0,0,1,0,NaN,NaN,NaN,NaN,0.0095826,ok,quick,1035,903126,1,192
medium_beta_pair,16,32,2,[-0.25 0.25],[0 0],0.3,1,0,0.5,0,0,0,0,single_peak_in_scope,1,0,0,1,0,1,[65 32 32],low_confidence,rejected,low,[],[],single/merged MUSIC peak with rank-1-like covariance; music evidence is too weak for coherent pair fallback; not_evaluated,0,1,0,0,1,0,NaN,NaN,NaN,NaN,0.0104399,ok,quick,1036,903127,1,192
medium_beta_pair,16,32,2,[-0.25 0.25],[0 0],0.3,1,0,0.5,0,0,0,0,single_peak_in_scope,1,0,0,1,0,1,[65 32 32],low_confidence,rejected,low,[],[],single/merged MUSIC peak with rank-1-like covariance; music evidence is too weak for coherent pair fallback; not_evaluated,0,1,0,0,1,0,NaN,NaN,NaN,NaN,0.0093724,ok,quick,1037,903128,1,192
medium_beta_pair,16,32,2,[-0.25 0.25],[0 0],0.3,1,0,0.5,0,0,0,0,single_peak_in_scope,1,0,0,1,0,1,[65 32 32],low_confidence,rejected,low,[],[],single/merged MUSIC peak with rank-1-like covariance; music evidence is too weak for coherent pair fallback; not_evaluated,0,1,0,0,1,0,NaN,NaN,NaN,NaN,0.0103108,ok,quick,1038,903129,1,192
medium_beta_pair,16,32,2,[-0.25 0.25],[0 0],0.3,1,0,0.5,0,0,0,0,single_peak_in_scope,1,0,0,1,0,1,[65 32 32],low_confidence,rejected,low,[],[],single/merged MUSIC peak with rank-1-like covariance; music evidence is too weak for coherent pair fallback; not_evaluated,0,1,0,0,1,0,NaN,NaN,NaN,NaN,0.0097523,ok,quick,1039,903130,1,192
medium_beta_pair,16,32,2,[-0.25 0.25],[0 0],0.3,1,0,0.5,0,0,0,0,single_peak_in_scope,1,0,0,1,0,1,[65 32 32],low_confidence,rejected,low,[],[],single/merged MUSIC peak with rank-1-like covariance; music evidence is too weak for coherent pair fallback; not_evaluated,0,1,0,0,1,0,NaN,NaN,NaN,NaN,0.0102591,ok,quick,1040,903131,1,192
medium_beta_pair,16,32,2,[-0.25 0.25],[0 0],0.3,1,0,0.5,0,0,0,0,single_peak_in_scope,1,0,0,1,0,1,[65 32 32],low_confidence,rejected,low,[],[],single/merged MUSIC peak with rank-1-like covariance; music evidence is too weak for coherent pair fallback; not_evaluated,0,1,0,0,1,0,NaN,NaN,NaN,NaN,0.0096118,ok,quick,1041,903132,1,192
medium_beta_pair,16,32,2,[-0.25 0.25],[0 0],0.3,1,0,0.5,0,0,0,0,single_peak_in_scope,1,0,0,1,0,1,[65 32 32],low_confidence,rejected,low,[],[],single/merged MUSIC peak with rank-1-like covariance; music evidence is too weak for coherent pair fallback; not_evaluated,0,1,0,0,1,0,NaN,NaN,NaN,NaN,0.0090198,ok,quick,1042,903133,1,192
medium_beta_pair,16,32,2,[-0.25 0.25],[0 0],0.3,1,0,0.5,0,0,0,0,single_peak_in_scope,1,0,0,1,0,1,[65 32 32],low_confidence,rejected,low,[],[],single/merged MUSIC peak with rank-1-like covariance; music evidence is too weak for coherent pair fallback; not_evaluated,0,1,0,0,1,0,NaN,NaN,NaN,NaN,0.0098603,ok,quick,1043,903134,1,192
medium_beta_pair,16,32,2,[-0.25 0.25],[0 0],0.3,1,0,0.5,0,0,0,0,single_peak_in_scope,1,0,0,1,0,1,[65 32 32],low_confidence,rejected,low,[],[],single/merged MUSIC peak with rank-1-like covariance; music evidence is too weak for coherent pair fallback; not_evaluated,0,1,0,0,1,0,NaN,NaN,NaN,NaN,0.0087744,ok,quick,1044,903135,1,192
medium_beta_pair,16,32,2,[-0.25 0.25],[0 0],0.3,1,0,0.5,0,0,0,0,single_peak_in_scope,1,0,0,1,0,1,[65 32 32],low_confidence,rejected,low,[],[],single/merged MUSIC peak with rank-1-like covariance; music evidence is too weak for coherent pair fallback; not_evaluated,0,1,0,0,1,0,NaN,NaN,NaN,NaN,0.0097183,ok,quick,1045,903136,1,192
medium_beta_pair,16,32,2,[-0.25 0.25],[0 0],0.3,1,0,0.5,0,0,0,0,single_peak_in_scope,1,0,0,1,0,1,[65 32 32],low_confidence,rejected,low,[],[],single/merged MUSIC peak with rank-1-like covariance; music evidence is too weak for coherent pair fallback; not_evaluated,0,1,0,0,1,0,NaN,NaN,NaN,NaN,0.0096679,ok,quick,1046,903137,1,192
medium_beta_pair,16,32,2,[-0.25 0.25],[0 0],0.3,1,0,0.5,0,0,0,0,single_peak_in_scope,1,0,0,1,0,1,[65 32 32],low_confidence,rejected,low,[],[],single/merged MUSIC peak with rank-1-like covariance; music evidence is too weak for coherent pair fallback; not_evaluated,0,1,0,0,1,0,NaN,NaN,NaN,NaN,0.0118665,ok,quick,1047,903138,1,192
medium_beta_pair,16,32,2,[-0.25 0.25],[0 0],0.3,1,0,0.5,0,0,0,0,single_peak_in_scope,1,0,0,1,0,1,[65 32 32],low_confidence,rejected,low,[],[],single/merged MUSIC peak with rank-1-like covariance; music evidence is too weak for coherent pair fallback; not_evaluated,0,1,0,0,1,0,NaN,NaN,NaN,NaN,0.0093413,ok,quick,1048,903139,1,192
medium_beta_pair,16,32,2,[-0.25 0.25],[0 0],0.3,1,0,0.5,0,0,0,0,single_peak_in_scope,1,0,0,1,0,1,[65 32 32],low_confidence,rejected,low,[],[],single/merged MUSIC peak with rank-1-like covariance; music evidence is too weak for coherent pair fallback; not_evaluated,0,1,0,0,1,0,NaN,NaN,NaN,NaN,0.0091482,ok,quick,1049,903140,1,192
medium_beta_pair,16,32,2,[-0.25 0.25],[0 0],0.3,1,0,0.5,0,0,0,0,single_peak_in_scope,1,0,0,1,0,1,[65 32 32],low_confidence,rejected,low,[],[],single/merged MUSIC peak with rank-1-like covariance; music evidence is too weak for coherent pair fallback; not_evaluated,0,1,0,0,1,0,NaN,NaN,NaN,NaN,0.0091635,ok,quick,1050,903141,1,192
weak_target_boundary,16,32,2,[-0.25 0.25],[0 0],0.1,1,0,0.5,0,0,0,0,single_peak_in_scope,1,0,0,1,0,1,[65 32 32],low_confidence,rejected,low,[],[],single/merged MUSIC peak with rank-1-like covariance; music evidence is too weak for coherent pair fallback; not_evaluated,0,1,0,0,1,0,NaN,NaN,NaN,NaN,0.0107962,ok,quick,1051,903142,1,192
weak_target_boundary,16,32,2,[-0.25 0.25],[0 0],0.1,1,0,0.5,0,0,0,0,single_peak_in_scope,1,0,0,1,0,1,[65 32 32],low_confidence,rejected,low,[],[],single/merged MUSIC peak with rank-1-like covariance; music evidence is too weak for coherent pair fallback; not_evaluated,0,1,0,0,1,0,NaN,NaN,NaN,NaN,0.0098942,ok,quick,1052,903143,1,192
weak_target_boundary,16,32,2,[-0.25 0.25],[0 0],0.1,1,0,0.5,0,0,0,0,single_peak_in_scope,1,0,0,1,0,1,[65 32 32],low_confidence,rejected,low,[],[],single/merged MUSIC peak with rank-1-like covariance; music evidence is too weak for coherent pair fallback; not_evaluated,0,1,0,0,1,0,NaN,NaN,NaN,NaN,0.0102342,ok,quick,1053,903144,1,192
weak_target_boundary,16,32,2,[-0.25 0.25],[0 0],0.1,1,0,0.5,0,0,0,0,single_peak_in_scope,1,0,0,1,0,1,[65 32 32],low_confidence,rejected,low,[],[],single/merged MUSIC peak with rank-1-like covariance; music evidence is too weak for coherent pair fallback; not_evaluated,0,1,0,0,1,0,NaN,NaN,NaN,NaN,0.0184391,ok,quick,1054,903145,1,192
weak_target_boundary,16,32,2,[-0.25 0.25],[0 0],0.1,1,0,0.5,0,0,0,0,single_peak_in_scope,1,0,0,1,0,1,[65 32 32],low_confidence,rejected,low,[],[],single/merged MUSIC peak with rank-1-like covariance; music evidence is too weak for coherent pair fallback; not_evaluated,0,1,0,0,1,0,NaN,NaN,NaN,NaN,0.0123616,ok,quick,1055,903146,1,192
weak_target_boundary,16,32,2,[-0.25 0.25],[0 0],0.1,1,0,0.5,0,0,0,0,single_peak_in_scope,1,0,0,1,0,1,[65 32 32],low_confidence,rejected,low,[],[],single/merged MUSIC peak with rank-1-like covariance; music evidence is too weak for coherent pair fallback; not_evaluated,0,1,0,0,1,0,NaN,NaN,NaN,NaN,0.0163644,ok,quick,1056,903147,1,192
weak_target_boundary,16,32,2,[-0.25 0.25],[0 0],0.1,1,0,0.5,0,0,0,0,single_peak_in_scope,1,0,0,1,0,1,[65 32 32],low_confidence,rejected,low,[],[],single/merged MUSIC peak with rank-1-like covariance; music evidence is too weak for coherent pair fallback; not_evaluated,0,1,0,0,1,0,NaN,NaN,NaN,NaN,0.0127032,ok,quick,1057,903148,1,192
weak_target_boundary,16,32,2,[-0.25 0.25],[0 0],0.1,1,0,0.5,0,0,0,0,single_peak_in_scope,1,0,0,1,0,1,[65 32 32],low_confidence,rejected,low,[],[],single/merged MUSIC peak with rank-1-like covariance; music evidence is too weak for coherent pair fallback; not_evaluated,0,1,0,0,1,0,NaN,NaN,NaN,NaN,0.0107318,ok,quick,1058,903149,1,192
weak_target_boundary,16,32,2,[-0.25 0.25],[0 0],0.1,1,0,0.5,0,0,0,0,single_peak_in_scope,1,0,0,1,0,1,[65 32 32],low_confidence,rejected,low,[],[],single/merged MUSIC peak with rank-1-like covariance; music evidence is too weak for coherent pair fallback; not_evaluated,0,1,0,0,1,0,NaN,NaN,NaN,NaN,0.0122679,ok,quick,1059,903150,1,192
weak_target_boundary,16,32,2,[-0.25 0.25],[0 0],0.1,1,0,0.5,0,0,0,0,single_peak_in_scope,1,0,0,1,0,1,[65 32 32],low_confidence,rejected,low,[],[],single/merged MUSIC peak with rank-1-like covariance; music evidence is too weak for coherent pair fallback; not_evaluated,0,1,0,0,1,0,NaN,NaN,NaN,NaN,0.0121563,ok,quick,1060,903151,1,192
weak_target_boundary,16,32,2,[-0.25 0.25],[0 0],0.1,1,0,0.5,0,0,0,0,single_peak_in_scope,1,0,0,1,0,1,[65 32 32],low_confidence,rejected,low,[],[],single/merged MUSIC peak with rank-1-like covariance; music evidence is too weak for coherent pair fallback; not_evaluated,0,1,0,0,1,0,NaN,NaN,NaN,NaN,0.0102978,ok,quick,1061,903152,1,192
weak_target_boundary,16,32,2,[-0.25 0.25],[0 0],0.1,1,0,0.5,0,0,0,0,single_peak_in_scope,1,0,0,1,0,1,[65 32 32],low_confidence,rejected,low,[],[],single/merged MUSIC peak with rank-1-like covariance; music evidence is too weak for coherent pair fallback; not_evaluated,0,1,0,0,1,0,NaN,NaN,NaN,NaN,0.0102343,ok,quick,1062,903153,1,192
weak_target_boundary,16,32,2,[-0.25 0.25],[0 0],0.1,1,0,0.5,0,0,0,0,single_peak_in_scope,1,0,0,1,0,1,[65 32 32],low_confidence,rejected,low,[],[],single/merged MUSIC peak with rank-1-like covariance; music evidence is too weak for coherent pair fallback; not_evaluated,0,1,0,0,1,0,NaN,NaN,NaN,NaN,0.0094234,ok,quick,1063,903154,1,192
weak_target_boundary,16,32,2,[-0.25 0.25],[0 0],0.1,1,0,0.5,0,0,0,0,single_peak_in_scope,1,0,0,1,0,1,[65 32 32],low_confidence,rejected,low,[],[],single/merged MUSIC peak with rank-1-like covariance; music evidence is too weak for coherent pair fallback; not_evaluated,0,1,0,0,1,0,NaN,NaN,NaN,NaN,0.0109915,ok,quick,1064,903155,1,192
weak_target_boundary,16,32,2,[-0.25 0.25],[0 0],0.1,1,0,0.5,0,0,0,0,single_peak_in_scope,1,0,0,1,0,1,[65 32 32],low_confidence,rejected,low,[],[],single/merged MUSIC peak with rank-1-like covariance; music evidence is too weak for coherent pair fallback; not_evaluated,0,1,0,0,1,0,NaN,NaN,NaN,NaN,0.0101276,ok,quick,1065,903156,1,192
weak_target_boundary,16,32,2,[-0.25 0.25],[0 0],0.1,1,0,0.5,0,0,0,0,single_peak_in_scope,1,0,0,1,0,1,[65 32 32],low_confidence,rejected,low,[],[],single/merged MUSIC peak with rank-1-like covariance; music evidence is too weak for coherent pair fallback; not_evaluated,0,1,0,0,1,0,NaN,NaN,NaN,NaN,0.0109868,ok,quick,1066,903157,1,192
weak_target_boundary,16,32,2,[-0.25 0.25],[0 0],0.1,1,0,0.5,0,0,0,0,single_peak_in_scope,1,0,0,1,0,1,[65 32 32],low_confidence,rejected,low,[],[],single/merged MUSIC peak with rank-1-like covariance; music evidence is too weak for coherent pair fallback; not_evaluated,0,1,0,0,1,0,NaN,NaN,NaN,NaN,0.0108838,ok,quick,1067,903158,1,192
weak_target_boundary,16,32,2,[-0.25 0.25],[0 0],0.1,1,0,0.5,0,0,0,0,single_peak_in_scope,1,0,0,1,0,1,[65 32 32],low_confidence,rejected,low,[],[],single/merged MUSIC peak with rank-1-like covariance; music evidence is too weak for coherent pair fallback; not_evaluated,0,1,0,0,1,0,NaN,NaN,NaN,NaN,0.0093571,ok,quick,1068,903159,1,192
weak_target_boundary,16,32,2,[-0.25 0.25],[0 0],0.1,1,0,0.5,0,0,0,0,single_peak_in_scope,1,0,0,1,0,1,[65 32 32],low_confidence,rejected,low,[],[],single/merged MUSIC peak with rank-1-like covariance; music evidence is too weak for coherent pair fallback; not_evaluated,0,1,0,0,1,0,NaN,NaN,NaN,NaN,0.0097674,ok,quick,1069,903160,1,192
weak_target_boundary,16,32,2,[-0.25 0.25],[0 0],0.1,1,0,0.5,0,0,0,0,single_peak_in_scope,1,0,0,1,0,1,[65 32 32],low_confidence,rejected,low,[],[],single/merged MUSIC peak with rank-1-like covariance; music evidence is too weak for coherent pair fallback; not_evaluated,0,1,0,0,1,0,NaN,NaN,NaN,NaN,0.0100016,ok,quick,1070,903161,1,192
weak_target_boundary,16,32,2,[-0.25 0.25],[0 0],0.1,1,0,0.5,0,0,0,0,single_peak_in_scope,1,0,0,1,0,1,[65 32 32],low_confidence,rejected,low,[],[],single/merged MUSIC peak with rank-1-like covariance; music evidence is too weak for coherent pair fallback; not_evaluated,0,1,0,0,1,0,NaN,NaN,NaN,NaN,0.013008,ok,quick,1071,903162,1,192
weak_target_boundary,16,32,2,[-0.25 0.25],[0 0],0.1,1,0,0.5,0,0,0,0,single_peak_in_scope,1,0,0,1,0,1,[65 32 32],low_confidence,rejected,low,[],[],single/merged MUSIC peak with rank-1-like covariance; music evidence is too weak for coherent pair fallback; not_evaluated,0,1,0,0,1,0,NaN,NaN,NaN,NaN,0.0099363,ok,quick,1072,903163,1,192
weak_target_boundary,16,32,2,[-0.25 0.25],[0 0],0.1,1,0,0.5,0,0,0,0,single_peak_in_scope,1,0,0,1,0,1,[65 32 32],low_confidence,rejected,low,[],[],single/merged MUSIC peak with rank-1-like covariance; music evidence is too weak for coherent pair fallback; not_evaluated,0,1,0,0,1,0,NaN,NaN,NaN,NaN,0.0116804,ok,quick,1073,903164,1,192
weak_target_boundary,16,32,2,[-0.25 0.25],[0 0],0.1,1,0,0.5,0,0,0,0,single_peak_in_scope,1,0,0,1,0,1,[65 32 32],low_confidence,rejected,low,[],[],single/merged MUSIC peak with rank-1-like covariance; music evidence is too weak for coherent pair fallback; not_evaluated,0,1,0,0,1,0,NaN,NaN,NaN,NaN,0.0101623,ok,quick,1074,903165,1,192
weak_target_boundary,16,32,2,[-0.25 0.25],[0 0],0.1,1,0,0.5,0,0,0,0,single_peak_in_scope,1,0,0,1,0,1,[65 32 32],low_confidence,rejected,low,[],[],single/merged MUSIC peak with rank-1-like covariance; music evidence is too weak for coherent pair fallback; not_evaluated,0,1,0,0,1,0,NaN,NaN,NaN,NaN,0.0094509,ok,quick,1075,903166,1,192
weak_target_boundary,16,32,2,[-0.25 0.25],[0 0],0.1,1,0,0.5,0,0,0,0,single_peak_in_scope,1,0,0,1,0,1,[65 32 32],low_confidence,rejected,low,[],[],single/merged MUSIC peak with rank-1-like covariance; music evidence is too weak for coherent pair fallback; not_evaluated,0,1,0,0,1,0,NaN,NaN,NaN,NaN,0.0105866,ok,quick,1076,903167,1,192
weak_target_boundary,16,32,2,[-0.25 0.25],[0 0],0.1,1,0,0.5,0,0,0,0,single_peak_in_scope,1,0,0,1,0,1,[65 32 32],low_confidence,rejected,low,[],[],single/merged MUSIC peak with rank-1-like covariance; music evidence is too weak for coherent pair fallback; not_evaluated,0,1,0,0,1,0,NaN,NaN,NaN,NaN,0.0096277,ok,quick,1077,903168,1,192
weak_target_boundary,16,32,2,[-0.25 0.25],[0 0],0.1,1,0,0.5,0,0,0,0,single_peak_in_scope,1,0,0,1,0,1,[65 32 32],low_confidence,rejected,low,[],[],single/merged MUSIC peak with rank-1-like covariance; music evidence is too weak for coherent pair fallback; not_evaluated,0,1,0,0,1,0,NaN,NaN,NaN,NaN,0.0095341,ok,quick,1078,903169,1,192
weak_target_boundary,16,32,2,[-0.25 0.25],[0 0],0.1,1,0,0.5,0,0,0,0,single_peak_in_scope,1,0,0,1,0,1,[65 32 32],low_confidence,rejected,low,[],[],single/merged MUSIC peak with rank-1-like covariance; music evidence is too weak for coherent pair fallback; not_evaluated,0,1,0,0,1,0,NaN,NaN,NaN,NaN,0.0093658,ok,quick,1079,903170,1,192
weak_target_boundary,16,32,2,[-0.25 0.25],[0 0],0.1,1,0,0.5,0,0,0,0,single_peak_in_scope,1,0,0,1,0,1,[65 32 32],low_confidence,rejected,low,[],[],single/merged MUSIC peak with rank-1-like covariance; music evidence is too weak for coherent pair fallback; not_evaluated,0,1,0,0,1,0,NaN,NaN,NaN,NaN,0.0092743,ok,quick,1080,903171,1,192
near_antiphase_boundary,16,32,2,[-0.25 0.25],[0 0],1,1,150,0.5,0,0,0,0,single_peak_in_scope,1,0,1,1,0,1,[65 32 32],boundary_unreliable,rejected,low,[],[],boundary evidence has higher priority than success,0,1,0,0,1,0,NaN,NaN,NaN,NaN,0.0104224,ok,quick,1081,903172,1,192
near_antiphase_boundary,16,32,2,[-0.25 0.25],[0 0],1,1,150,0.5,0,0,0,0,single_peak_in_scope,1,0,1,1,0,1,[65 32 32],boundary_unreliable,rejected,low,[],[],boundary evidence has higher priority than success,0,1,0,0,1,0,NaN,NaN,NaN,NaN,0.0092671,ok,quick,1082,903173,1,192
near_antiphase_boundary,16,32,2,[-0.25 0.25],[0 0],1,1,150,0.5,0,0,0,0,single_peak_in_scope,1,0,1,1,0,1,[65 32 32],boundary_unreliable,rejected,low,[],[],boundary evidence has higher priority than success,0,1,0,0,1,0,NaN,NaN,NaN,NaN,0.0089374,ok,quick,1083,903174,1,192
near_antiphase_boundary,16,32,2,[-0.25 0.25],[0 0],1,1,150,0.5,0,0,0,0,single_peak_in_scope,1,0,1,1,0,1,[65 32 32],boundary_unreliable,rejected,low,[],[],boundary evidence has higher priority than success,0,1,0,0,1,0,NaN,NaN,NaN,NaN,0.0092799,ok,quick,1084,903175,1,192
near_antiphase_boundary,16,32,2,[-0.25 0.25],[0 0],1,1,150,0.5,0,0,0,0,single_peak_in_scope,1,0,1,1,0,1,[65 32 32],boundary_unreliable,rejected,low,[],[],boundary evidence has higher priority than success,0,1,0,0,1,0,NaN,NaN,NaN,NaN,0.0094951,ok,quick,1085,903176,1,192
near_antiphase_boundary,16,32,2,[-0.25 0.25],[0 0],1,1,150,0.5,0,0,0,0,single_peak_in_scope,1,0,1,1,0,1,[65 32 32],boundary_unreliable,rejected,low,[],[],boundary evidence has higher priority than success,0,1,0,0,1,0,NaN,NaN,NaN,NaN,0.008148,ok,quick,1086,903177,1,192
near_antiphase_boundary,16,32,2,[-0.25 0.25],[0 0],1,1,150,0.5,0,0,0,0,single_peak_in_scope,1,0,1,1,0,1,[65 32 32],boundary_unreliable,rejected,low,[],[],boundary evidence has higher priority than success,0,1,0,0,1,0,NaN,NaN,NaN,NaN,0.0100066,ok,quick,1087,903178,1,192
near_antiphase_boundary,16,32,2,[-0.25 0.25],[0 0],1,1,150,0.5,0,0,0,0,single_peak_in_scope,1,0,1,1,0,1,[65 32 32],boundary_unreliable,rejected,low,[],[],boundary evidence has higher priority than success,0,1,0,0,1,0,NaN,NaN,NaN,NaN,0.0095906,ok,quick,1088,903179,1,192
near_antiphase_boundary,16,32,2,[-0.25 0.25],[0 0],1,1,150,0.5,0,0,0,0,single_peak_in_scope,1,0,1,1,0,1,[65 32 32],boundary_unreliable,rejected,low,[],[],boundary evidence has higher priority than success,0,1,0,0,1,0,NaN,NaN,NaN,NaN,0.0096933,ok,quick,1089,903180,1,192
near_antiphase_boundary,16,32,2,[-0.25 0.25],[0 0],1,1,150,0.5,0,0,0,0,single_peak_in_scope,1,0,1,1,0,1,[65 32 32],boundary_unreliable,rejected,low,[],[],boundary evidence has higher priority than success,0,1,0,0,1,0,NaN,NaN,NaN,NaN,0.0089313,ok,quick,1090,903181,1,192
near_antiphase_boundary,16,32,2,[-0.25 0.25],[0 0],1,1,150,0.5,0,0,0,0,single_peak_in_scope,1,0,1,1,0,1,[65 32 32],boundary_unreliable,rejected,low,[],[],boundary evidence has higher priority than success,0,1,0,0,1,0,NaN,NaN,NaN,NaN,0.0086887,ok,quick,1091,903182,1,192
near_antiphase_boundary,16,32,2,[-0.25 0.25],[0 0],1,1,150,0.5,0,0,0,0,single_peak_in_scope,1,0,1,1,0,1,[65 32 32],boundary_unreliable,rejected,low,[],[],boundary evidence has higher priority than success,0,1,0,0,1,0,NaN,NaN,NaN,NaN,0.0089505,ok,quick,1092,903183,1,192
near_antiphase_boundary,16,32,2,[-0.25 0.25],[0 0],1,1,150,0.5,0,0,0,0,single_peak_in_scope,1,0,1,1,0,1,[65 32 32],boundary_unreliable,rejected,low,[],[],boundary evidence has higher priority than success,0,1,0,0,1,0,NaN,NaN,NaN,NaN,0.0087036,ok,quick,1093,903184,1,192
near_antiphase_boundary,16,32,2,[-0.25 0.25],[0 0],1,1,150,0.5,0,0,0,0,single_peak_in_scope,1,0,1,1,0,1,[65 32 32],boundary_unreliable,rejected,low,[],[],boundary evidence has higher priority than success,0,1,0,0,1,0,NaN,NaN,NaN,NaN,0.0089875,ok,quick,1094,903185,1,192
near_antiphase_boundary,16,32,2,[-0.25 0.25],[0 0],1,1,150,0.5,0,0,0,0,single_peak_in_scope,1,0,1,1,0,1,[65 32 32],boundary_unreliable,rejected,low,[],[],boundary evidence has higher priority than success,0,1,0,0,1,0,NaN,NaN,NaN,NaN,0.0096506,ok,quick,1095,903186,1,192
near_antiphase_boundary,16,32,2,[-0.25 0.25],[0 0],1,1,150,0.5,0,0,0,0,single_peak_in_scope,1,0,1,1,0,1,[65 32 32],boundary_unreliable,rejected,low,[],[],boundary evidence has higher priority than success,0,1,0,0,1,0,NaN,NaN,NaN,NaN,0.0086181,ok,quick,1096,903187,1,192
near_antiphase_boundary,16,32,2,[-0.25 0.25],[0 0],1,1,150,0.5,0,0,0,0,single_peak_in_scope,1,0,1,1,0,1,[65 32 32],boundary_unreliable,rejected,low,[],[],boundary evidence has higher priority than success,0,1,0,0,1,0,NaN,NaN,NaN,NaN,0.0085016,ok,quick,1097,903188,1,192
near_antiphase_boundary,16,32,2,[-0.25 0.25],[0 0],1,1,150,0.5,0,0,0,0,single_peak_in_scope,1,0,1,1,0,1,[65 32 32],boundary_unreliable,rejected,low,[],[],boundary evidence has higher priority than success,0,1,0,0,1,0,NaN,NaN,NaN,NaN,0.0087237,ok,quick,1098,903189,1,192
near_antiphase_boundary,16,32,2,[-0.25 0.25],[0 0],1,1,150,0.5,0,0,0,0,single_peak_in_scope,1,0,1,1,0,1,[65 32 32],boundary_unreliable,rejected,low,[],[],boundary evidence has higher priority than success,0,1,0,0,1,0,NaN,NaN,NaN,NaN,0.0092958,ok,quick,1099,903190,1,192
near_antiphase_boundary,16,32,2,[-0.25 0.25],[0 0],1,1,150,0.5,0,0,0,0,single_peak_in_scope,1,0,1,1,0,1,[65 32 32],boundary_unreliable,rejected,low,[],[],boundary evidence has higher priority than success,0,1,0,0,1,0,NaN,NaN,NaN,NaN,0.0096732,ok,quick,1100,903191,1,192
near_antiphase_boundary,16,32,2,[-0.25 0.25],[0 0],1,1,150,0.5,0,0,0,0,single_peak_in_scope,1,0,1,1,0,1,[65 32 32],boundary_unreliable,rejected,low,[],[],boundary evidence has higher priority than success,0,1,0,0,1,0,NaN,NaN,NaN,NaN,0.0099395,ok,quick,1101,903192,1,192
near_antiphase_boundary,16,32,2,[-0.25 0.25],[0 0],1,1,150,0.5,0,0,0,0,single_peak_in_scope,1,0,1,1,0,1,[65 32 32],boundary_unreliable,rejected,low,[],[],boundary evidence has higher priority than success,0,1,0,0,1,0,NaN,NaN,NaN,NaN,0.0092433,ok,quick,1102,903193,1,192
near_antiphase_boundary,16,32,2,[-0.25 0.25],[0 0],1,1,150,0.5,0,0,0,0,single_peak_in_scope,1,0,1,1,0,1,[65 32 32],boundary_unreliable,rejected,low,[],[],boundary evidence has higher priority than success,0,1,0,0,1,0,NaN,NaN,NaN,NaN,0.0085049,ok,quick,1103,903194,1,192
near_antiphase_boundary,16,32,2,[-0.25 0.25],[0 0],1,1,150,0.5,0,0,0,0,single_peak_in_scope,1,0,1,1,0,1,[65 32 32],boundary_unreliable,rejected,low,[],[],boundary evidence has higher priority than success,0,1,0,0,1,0,NaN,NaN,NaN,NaN,0.0090856,ok,quick,1104,903195,1,192
near_antiphase_boundary,16,32,2,[-0.25 0.25],[0 0],1,1,150,0.5,0,0,0,0,single_peak_in_scope,1,0,1,1,0,1,[65 32 32],boundary_unreliable,rejected,low,[],[],boundary evidence has higher priority than success,0,1,0,0,1,0,NaN,NaN,NaN,NaN,0.0091653,ok,quick,1105,903196,1,192
near_antiphase_boundary,16,32,2,[-0.25 0.25],[0 0],1,1,150,0.5,0,0,0,0,single_peak_in_scope,1,0,1,1,0,1,[65 32 32],boundary_unreliable,rejected,low,[],[],boundary evidence has higher priority than success,0,1,0,0,1,0,NaN,NaN,NaN,NaN,0.0092113,ok,quick,1106,903197,1,192
near_antiphase_boundary,16,32,2,[-0.25 0.25],[0 0],1,1,150,0.5,0,0,0,0,single_peak_in_scope,1,0,1,1,0,1,[65 32 32],boundary_unreliable,rejected,low,[],[],boundary evidence has higher priority than success,0,1,0,0,1,0,NaN,NaN,NaN,NaN,0.0091609,ok,quick,1107,903198,1,192
near_antiphase_boundary,16,32,2,[-0.25 0.25],[0 0],1,1,150,0.5,0,0,0,0,single_peak_in_scope,1,0,1,1,0,1,[65 32 32],boundary_unreliable,rejected,low,[],[],boundary evidence has higher priority than success,0,1,0,0,1,0,NaN,NaN,NaN,NaN,0.0094869,ok,quick,1108,903199,1,192
near_antiphase_boundary,16,32,2,[-0.25 0.25],[0 0],1,1,150,0.5,0,0,0,0,single_peak_in_scope,1,0,1,1,0,1,[65 32 32],boundary_unreliable,rejected,low,[],[],boundary evidence has higher priority than success,0,1,0,0,1,0,NaN,NaN,NaN,NaN,0.010203,ok,quick,1109,903200,1,192
near_antiphase_boundary,16,32,2,[-0.25 0.25],[0 0],1,1,150,0.5,0,0,0,0,single_peak_in_scope,1,0,1,1,0,1,[65 32 32],boundary_unreliable,rejected,low,[],[],boundary evidence has higher priority than success,0,1,0,0,1,0,NaN,NaN,NaN,NaN,0.0089605,ok,quick,1110,903201,1,192
near_antiphase_boundary,16,32,2,[-0.25 0.25],[0 0],1,1,180,0.5,0,0,0,0,single_peak_in_scope,1,0,1,1,0,1,[65 32 32],boundary_unreliable,rejected,low,[],[],boundary evidence has higher priority than success,0,1,0,0,1,0,NaN,NaN,NaN,NaN,0.0084182,ok,quick,1111,903202,1,192
near_antiphase_boundary,16,32,2,[-0.25 0.25],[0 0],1,1,180,0.5,0,0,0,0,single_peak_in_scope,1,0,1,1,0,1,[65 32 32],boundary_unreliable,rejected,low,[],[],boundary evidence has higher priority than success,0,1,0,0,1,0,NaN,NaN,NaN,NaN,0.0099223,ok,quick,1112,903203,1,192
near_antiphase_boundary,16,32,2,[-0.25 0.25],[0 0],1,1,180,0.5,0,0,0,0,single_peak_in_scope,1,0,1,1,0,1,[65 32 32],boundary_unreliable,rejected,low,[],[],boundary evidence has higher priority than success,0,1,0,0,1,0,NaN,NaN,NaN,NaN,0.0094563,ok,quick,1113,903204,1,192
near_antiphase_boundary,16,32,2,[-0.25 0.25],[0 0],1,1,180,0.5,0,0,0,0,single_peak_in_scope,1,0,1,1,0,1,[65 32 32],boundary_unreliable,rejected,low,[],[],boundary evidence has higher priority than success,0,1,0,0,1,0,NaN,NaN,NaN,NaN,0.009475,ok,quick,1114,903205,1,192
near_antiphase_boundary,16,32,2,[-0.25 0.25],[0 0],1,1,180,0.5,0,0,0,0,single_peak_in_scope,1,0,1,1,0,1,[65 32 32],boundary_unreliable,rejected,low,[],[],boundary evidence has higher priority than success,0,1,0,0,1,0,NaN,NaN,NaN,NaN,0.0095125,ok,quick,1115,903206,1,192
near_antiphase_boundary,16,32,2,[-0.25 0.25],[0 0],1,1,180,0.5,0,0,0,0,single_peak_in_scope,1,0,1,1,0,1,[65 32 32],boundary_unreliable,rejected,low,[],[],boundary evidence has higher priority than success,0,1,0,0,1,0,NaN,NaN,NaN,NaN,0.0089992,ok,quick,1116,903207,1,192
near_antiphase_boundary,16,32,2,[-0.25 0.25],[0 0],1,1,180,0.5,0,0,0,0,single_peak_in_scope,1,0,1,1,0,1,[65 32 32],boundary_unreliable,rejected,low,[],[],boundary evidence has higher priority than success,0,1,0,0,1,0,NaN,NaN,NaN,NaN,0.0089247,ok,quick,1117,903208,1,192
near_antiphase_boundary,16,32,2,[-0.25 0.25],[0 0],1,1,180,0.5,0,0,0,0,single_peak_in_scope,1,0,1,1,0,1,[65 32 32],boundary_unreliable,rejected,low,[],[],boundary evidence has higher priority than success,0,1,0,0,1,0,NaN,NaN,NaN,NaN,0.0093064,ok,quick,1118,903209,1,192
near_antiphase_boundary,16,32,2,[-0.25 0.25],[0 0],1,1,180,0.5,0,0,0,0,single_peak_in_scope,1,0,1,1,0,1,[65 32 32],boundary_unreliable,rejected,low,[],[],boundary evidence has higher priority than success,0,1,0,0,1,0,NaN,NaN,NaN,NaN,0.0088034,ok,quick,1119,903210,1,192
near_antiphase_boundary,16,32,2,[-0.25 0.25],[0 0],1,1,180,0.5,0,0,0,0,single_peak_in_scope,1,0,1,1,0,1,[65 32 32],boundary_unreliable,rejected,low,[],[],boundary evidence has higher priority than success,0,1,0,0,1,0,NaN,NaN,NaN,NaN,0.0093168,ok,quick,1120,903211,1,192
near_antiphase_boundary,16,32,2,[-0.25 0.25],[0 0],1,1,180,0.5,0,0,0,0,single_peak_in_scope,1,0,1,1,0,1,[65 32 32],boundary_unreliable,rejected,low,[],[],boundary evidence has higher priority than success,0,1,0,0,1,0,NaN,NaN,NaN,NaN,0.0096516,ok,quick,1121,903212,1,192
near_antiphase_boundary,16,32,2,[-0.25 0.25],[0 0],1,1,180,0.5,0,0,0,0,single_peak_in_scope,1,0,1,1,0,1,[65 32 32],boundary_unreliable,rejected,low,[],[],boundary evidence has higher priority than success,0,1,0,0,1,0,NaN,NaN,NaN,NaN,0.0093666,ok,quick,1122,903213,1,192
near_antiphase_boundary,16,32,2,[-0.25 0.25],[0 0],1,1,180,0.5,0,0,0,0,single_peak_in_scope,1,0,1,1,0,1,[65 32 32],boundary_unreliable,rejected,low,[],[],boundary evidence has higher priority than success,0,1,0,0,1,0,NaN,NaN,NaN,NaN,0.0089707,ok,quick,1123,903214,1,192
near_antiphase_boundary,16,32,2,[-0.25 0.25],[0 0],1,1,180,0.5,0,0,0,0,single_peak_in_scope,1,0,1,1,0,1,[65 32 32],boundary_unreliable,rejected,low,[],[],boundary evidence has higher priority than success,0,1,0,0,1,0,NaN,NaN,NaN,NaN,0.0095296,ok,quick,1124,903215,1,192
near_antiphase_boundary,16,32,2,[-0.25 0.25],[0 0],1,1,180,0.5,0,0,0,0,single_peak_in_scope,1,0,1,1,0,1,[65 32 32],boundary_unreliable,rejected,low,[],[],boundary evidence has higher priority than success,0,1,0,0,1,0,NaN,NaN,NaN,NaN,0.0086875,ok,quick,1125,903216,1,192
near_antiphase_boundary,16,32,2,[-0.25 0.25],[0 0],1,1,180,0.5,0,0,0,0,single_peak_in_scope,1,0,1,1,0,1,[65 32 32],boundary_unreliable,rejected,low,[],[],boundary evidence has higher priority than success,0,1,0,0,1,0,NaN,NaN,NaN,NaN,0.008199,ok,quick,1126,903217,1,192
near_antiphase_boundary,16,32,2,[-0.25 0.25],[0 0],1,1,180,0.5,0,0,0,0,single_peak_in_scope,1,0,1,1,0,1,[65 32 32],boundary_unreliable,rejected,low,[],[],boundary evidence has higher priority than success,0,1,0,0,1,0,NaN,NaN,NaN,NaN,0.0088134,ok,quick,1127,903218,1,192
near_antiphase_boundary,16,32,2,[-0.25 0.25],[0 0],1,1,180,0.5,0,0,0,0,single_peak_in_scope,1,0,1,1,0,1,[65 32 32],boundary_unreliable,rejected,low,[],[],boundary evidence has higher priority than success,0,1,0,0,1,0,NaN,NaN,NaN,NaN,0.0085593,ok,quick,1128,903219,1,192
near_antiphase_boundary,16,32,2,[-0.25 0.25],[0 0],1,1,180,0.5,0,0,0,0,single_peak_in_scope,1,0,1,1,0,1,[65 32 32],boundary_unreliable,rejected,low,[],[],boundary evidence has higher priority than success,0,1,0,0,1,0,NaN,NaN,NaN,NaN,0.0085696,ok,quick,1129,903220,1,192
near_antiphase_boundary,16,32,2,[-0.25 0.25],[0 0],1,1,180,0.5,0,0,0,0,single_peak_in_scope,1,0,1,1,0,1,[65 32 32],boundary_unreliable,rejected,low,[],[],boundary evidence has higher priority than success,0,1,0,0,1,0,NaN,NaN,NaN,NaN,0.0088858,ok,quick,1130,903221,1,192
near_antiphase_boundary,16,32,2,[-0.25 0.25],[0 0],1,1,180,0.5,0,0,0,0,single_peak_in_scope,1,0,1,1,0,1,[65 32 32],boundary_unreliable,rejected,low,[],[],boundary evidence has higher priority than success,0,1,0,0,1,0,NaN,NaN,NaN,NaN,0.0084899,ok,quick,1131,903222,1,192
near_antiphase_boundary,16,32,2,[-0.25 0.25],[0 0],1,1,180,0.5,0,0,0,0,single_peak_in_scope,1,0,1,1,0,1,[65 32 32],boundary_unreliable,rejected,low,[],[],boundary evidence has higher priority than success,0,1,0,0,1,0,NaN,NaN,NaN,NaN,0.0092724,ok,quick,1132,903223,1,192
near_antiphase_boundary,16,32,2,[-0.25 0.25],[0 0],1,1,180,0.5,0,0,0,0,single_peak_in_scope,1,0,1,1,0,1,[65 32 32],boundary_unreliable,rejected,low,[],[],boundary evidence has higher priority than success,0,1,0,0,1,0,NaN,NaN,NaN,NaN,0.0089337,ok,quick,1133,903224,1,192
near_antiphase_boundary,16,32,2,[-0.25 0.25],[0 0],1,1,180,0.5,0,0,0,0,single_peak_in_scope,1,0,1,1,0,1,[65 32 32],boundary_unreliable,rejected,low,[],[],boundary evidence has higher priority than success,0,1,0,0,1,0,NaN,NaN,NaN,NaN,0.0085957,ok,quick,1134,903225,1,192
near_antiphase_boundary,16,32,2,[-0.25 0.25],[0 0],1,1,180,0.5,0,0,0,0,single_peak_in_scope,1,0,1,1,0,1,[65 32 32],boundary_unreliable,rejected,low,[],[],boundary evidence has higher priority than success,0,1,0,0,1,0,NaN,NaN,NaN,NaN,0.008818,ok,quick,1135,903226,1,192
near_antiphase_boundary,16,32,2,[-0.25 0.25],[0 0],1,1,180,0.5,0,0,0,0,single_peak_in_scope,1,0,1,1,0,1,[65 32 32],boundary_unreliable,rejected,low,[],[],boundary evidence has higher priority than success,0,1,0,0,1,0,NaN,NaN,NaN,NaN,0.0086892,ok,quick,1136,903227,1,192
near_antiphase_boundary,16,32,2,[-0.25 0.25],[0 0],1,1,180,0.5,0,0,0,0,single_peak_in_scope,1,0,1,1,0,1,[65 32 32],boundary_unreliable,rejected,low,[],[],boundary evidence has higher priority than success,0,1,0,0,1,0,NaN,NaN,NaN,NaN,0.0086107,ok,quick,1137,903228,1,192
near_antiphase_boundary,16,32,2,[-0.25 0.25],[0 0],1,1,180,0.5,0,0,0,0,single_peak_in_scope,1,0,1,1,0,1,[65 32 32],boundary_unreliable,rejected,low,[],[],boundary evidence has higher priority than success,0,1,0,0,1,0,NaN,NaN,NaN,NaN,0.0082947,ok,quick,1138,903229,1,192
near_antiphase_boundary,16,32,2,[-0.25 0.25],[0 0],1,1,180,0.5,0,0,0,0,single_peak_in_scope,1,0,1,1,0,1,[65 32 32],boundary_unreliable,rejected,low,[],[],boundary evidence has higher priority than success,0,1,0,0,1,0,NaN,NaN,NaN,NaN,0.0090749,ok,quick,1139,903230,1,192
near_antiphase_boundary,16,32,2,[-0.25 0.25],[0 0],1,1,180,0.5,0,0,0,0,single_peak_in_scope,1,0,1,1,0,1,[65 32 32],boundary_unreliable,rejected,low,[],[],boundary evidence has higher priority than success,0,1,0,0,1,0,NaN,NaN,NaN,NaN,0.0091945,ok,quick,1140,903231,1,192
large_el_pair,16,32,2,[-0.28 0.28],[0 2],0.9,0.5,0,0.56,2,2.5,1,0,single_peak_in_scope,1,1,0,2,1.875,1,[65 32 32],low_confidence,rejected,low,[],[],2-D refinement was requested but did not pass confidence checks,0,1,0,0,1,0,NaN,NaN,NaN,NaN,0.1325325,ok,quick,1141,903232,1,192
large_el_pair,16,32,2,[-0.28 0.28],[0 2],0.9,0.5,0,0.56,2,2.5,1,0,single_peak_in_scope,1,1,0,2,1.875,1,[65 32 32],low_confidence,rejected,low,[],[],2-D refinement was requested but did not pass confidence checks,0,1,0,0,1,0,NaN,NaN,NaN,NaN,0.1315211,ok,quick,1142,903233,1,192
large_el_pair,16,32,2,[-0.28 0.28],[0 2],0.9,0.5,0,0.56,2,2.5,1,0,single_peak_in_scope,1,1,0,2,1.875,1,[65 32 32],low_confidence,rejected,low,[],[],2-D refinement was requested but did not pass confidence checks,0,1,0,0,1,0,NaN,NaN,NaN,NaN,0.1328646,ok,quick,1143,903234,1,192
large_el_pair,16,32,2,[-0.28 0.28],[0 2],0.9,0.5,0,0.56,2,2.5,1,0,single_peak_in_scope,1,1,0,2,1.875,1,[65 32 32],low_confidence,rejected,low,[],[],2-D refinement was requested but did not pass confidence checks,0,1,0,0,1,0,NaN,NaN,NaN,NaN,0.1366441,ok,quick,1144,903235,1,192
large_el_pair,16,32,2,[-0.28 0.28],[0 2],0.9,0.5,0,0.56,2,2.5,1,0,single_peak_in_scope,1,1,0,2,1.875,1,[65 32 32],low_confidence,rejected,low,[],[],2-D refinement was requested but did not pass confidence checks,0,1,0,0,1,0,NaN,NaN,NaN,NaN,0.1342053,ok,quick,1145,903236,1,192
large_el_pair,16,32,2,[-0.28 0.28],[0 2],0.9,0.5,0,0.56,2,2.5,1,0,single_peak_in_scope,1,1,0,2,1.875,1,[65 32 32],low_confidence,rejected,low,[],[],2-D refinement was requested but did not pass confidence checks,0,1,0,0,1,0,NaN,NaN,NaN,NaN,0.1288761,ok,quick,1146,903237,1,192
large_el_pair,16,32,2,[-0.28 0.28],[0 2],0.9,0.5,0,0.56,2,2.5,1,0,single_peak_in_scope,1,1,0,2,1.875,1,[65 32 32],low_confidence,rejected,low,[],[],2-D refinement was requested but did not pass confidence checks,0,1,0,0,1,0,NaN,NaN,NaN,NaN,0.1317666,ok,quick,1147,903238,1,192
large_el_pair,16,32,2,[-0.28 0.28],[0 2],0.9,0.5,0,0.56,2,2.5,1,0,single_peak_in_scope,1,1,0,2,1.875,1,[65 32 32],local_2d_pair_refinement,success,medium,[2.775 3.325],[-0.5 8.5],,0,0,1,0,0,0,3.05,3.5,3.05500000000001,6.5,0.1349406,false_high_or_wrong_pair,quick,1148,903239,1,192
large_el_pair,16,32,2,[-0.28 0.28],[0 2],0.9,0.5,0,0.56,2,2.5,1,0,single_peak_in_scope,1,1,0,2,1.875,1,[65 32 32],low_confidence,rejected,low,[],[],2-D refinement was requested but did not pass confidence checks,0,1,0,0,1,0,NaN,NaN,NaN,NaN,0.1448697,ok,quick,1149,903240,1,192
large_el_pair,16,32,2,[-0.28 0.28],[0 2],0.9,0.5,0,0.56,2,2.5,1,0,single_peak_in_scope,1,1,0,2,1.875,1,[65 32 32],low_confidence,rejected,low,[],[],2-D refinement was requested but did not pass confidence checks,0,1,0,0,1,0,NaN,NaN,NaN,NaN,0.1710678,ok,quick,1150,903241,1,192
large_el_pair,16,32,2,[-0.28 0.28],[0 2],0.9,0.5,0,0.56,2,2.5,1,0,single_peak_in_scope,1,1,0,2,1.875,1,[65 32 32],local_2d_pair_refinement,success,medium,[2.775 3.325],[-0.5 8.5],,0,0,1,0,0,0,3.05,3.5,3.05500000000001,6.5,0.1384012,false_high_or_wrong_pair,quick,1151,903242,1,192
large_el_pair,16,32,2,[-0.28 0.28],[0 2],0.9,0.5,0,0.56,2,2.5,1,0,single_peak_in_scope,1,1,0,2,1.875,1,[65 32 32],low_confidence,rejected,low,[],[],2-D refinement was requested but did not pass confidence checks,0,1,0,0,1,0,NaN,NaN,NaN,NaN,0.1368483,ok,quick,1152,903243,1,192
large_el_pair,16,32,2,[-0.28 0.28],[0 2],0.9,0.5,0,0.56,2,2.5,1,0,single_peak_in_scope,1,1,0,2,1.875,1,[65 32 32],low_confidence,rejected,low,[],[],2-D refinement was requested but did not pass confidence checks,0,1,0,0,1,0,NaN,NaN,NaN,NaN,0.126263,ok,quick,1153,903244,1,192
large_el_pair,16,32,2,[-0.28 0.28],[0 2],0.9,0.5,0,0.56,2,2.5,1,0,single_peak_in_scope,1,1,0,2,1.875,1,[65 32 32],low_confidence,rejected,low,[],[],2-D refinement was requested but did not pass confidence checks,0,1,0,0,1,0,NaN,NaN,NaN,NaN,0.1298556,ok,quick,1154,903245,1,192
large_el_pair,16,32,2,[-0.28 0.28],[0 2],0.9,0.5,0,0.56,2,2.5,1,0,single_peak_in_scope,1,1,0,2,1.875,1,[65 32 32],low_confidence,rejected,low,[],[],2-D refinement was requested but did not pass confidence checks,0,1,0,0,1,0,NaN,NaN,NaN,NaN,0.1286312,ok,quick,1155,903246,1,192
large_el_pair,16,32,2,[-0.28 0.28],[0 2],0.9,0.5,0,0.56,2,2.5,1,0,single_peak_in_scope,1,1,0,2,1.875,1,[65 32 32],local_2d_pair_refinement,success,medium,[2.775 3.325],[-0.5 8.5],,0,0,1,0,0,0,3.05,3.5,3.05500000000001,6.5,0.1369329,false_high_or_wrong_pair,quick,1156,903247,1,192
large_el_pair,16,32,2,[-0.28 0.28],[0 2],0.9,0.5,0,0.56,2,2.5,1,0,single_peak_in_scope,1,1,0,2,1.875,1,[65 32 32],low_confidence,rejected,low,[],[],2-D refinement was requested but did not pass confidence checks,0,1,0,0,1,0,NaN,NaN,NaN,NaN,0.136408,ok,quick,1157,903248,1,192
large_el_pair,16,32,2,[-0.28 0.28],[0 2],0.9,0.5,0,0.56,2,2.5,1,0,single_peak_in_scope,1,1,0,2,1.875,1,[65 32 32],local_2d_pair_refinement,success,medium,[2.775 3.325],[-0.5 8.5],,0,0,1,0,0,0,3.05,3.5,3.05500000000001,6.5,0.1291616,false_high_or_wrong_pair,quick,1158,903249,1,192
large_el_pair,16,32,2,[-0.28 0.28],[0 2],0.9,0.5,0,0.56,2,2.5,1,0,single_peak_in_scope,1,1,0,2,1.875,1,[65 32 32],low_confidence,rejected,low,[],[],2-D refinement was requested but did not pass confidence checks,0,1,0,0,1,0,NaN,NaN,NaN,NaN,0.1404226,ok,quick,1159,903250,1,192
large_el_pair,16,32,2,[-0.28 0.28],[0 2],0.9,0.5,0,0.56,2,2.5,1,0,single_peak_in_scope,1,1,0,2,1.875,1,[65 32 32],low_confidence,rejected,low,[],[],2-D refinement was requested but did not pass confidence checks,0,1,0,0,1,0,NaN,NaN,NaN,NaN,0.1383325,ok,quick,1160,903251,1,192
large_el_pair,16,32,2,[-0.28 0.28],[0 2],0.9,0.5,0,0.56,2,2.5,1,0,single_peak_in_scope,1,1,0,2,1.875,1,[65 32 32],low_confidence,rejected,low,[],[],2-D refinement was requested but did not pass confidence checks,0,1,0,0,1,0,NaN,NaN,NaN,NaN,0.1383326,ok,quick,1161,903252,1,192
large_el_pair,16,32,2,[-0.28 0.28],[0 2],0.9,0.5,0,0.56,2,2.5,1,0,single_peak_in_scope,1,1,0,2,1.875,1,[65 32 32],low_confidence,rejected,low,[],[],2-D refinement was requested but did not pass confidence checks,0,1,0,0,1,0,NaN,NaN,NaN,NaN,0.1269241,ok,quick,1162,903253,1,192
large_el_pair,16,32,2,[-0.28 0.28],[0 2],0.9,0.5,0,0.56,2,2.5,1,0,single_peak_in_scope,1,1,0,2,1.875,1,[65 32 32],low_confidence,rejected,low,[],[],2-D refinement was requested but did not pass confidence checks,0,1,0,0,1,0,NaN,NaN,NaN,NaN,0.1270358,ok,quick,1163,903254,1,192
large_el_pair,16,32,2,[-0.28 0.28],[0 2],0.9,0.5,0,0.56,2,2.5,1,0,single_peak_in_scope,1,1,0,2,1.875,1,[65 32 32],low_confidence,rejected,low,[],[],2-D refinement was requested but did not pass confidence checks,0,1,0,0,1,0,NaN,NaN,NaN,NaN,0.1279154,ok,quick,1164,903255,1,192
large_el_pair,16,32,2,[-0.28 0.28],[0 2],0.9,0.5,0,0.56,2,2.5,1,0,single_peak_in_scope,1,1,0,2,1.875,1,[65 32 32],local_2d_pair_refinement,success,medium,[2.775 3.325],[-0.5 8.5],,0,0,1,0,0,0,3.05,3.5,3.05500000000001,6.5,0.1339135,false_high_or_wrong_pair,quick,1165,903256,1,192
large_el_pair,16,32,2,[-0.28 0.28],[0 2],0.9,0.5,0,0.56,2,2.5,1,0,single_peak_in_scope,1,1,0,2,1.875,1,[65 32 32],low_confidence,rejected,low,[],[],2-D refinement was requested but did not pass confidence checks,0,1,0,0,1,0,NaN,NaN,NaN,NaN,0.1344059,ok,quick,1166,903257,1,192
large_el_pair,16,32,2,[-0.28 0.28],[0 2],0.9,0.5,0,0.56,2,2.5,1,0,single_peak_in_scope,1,1,0,2,1.875,1,[65 32 32],low_confidence,rejected,low,[],[],2-D refinement was requested but did not pass confidence checks,0,1,0,0,1,0,NaN,NaN,NaN,NaN,0.1242973,ok,quick,1167,903258,1,192
large_el_pair,16,32,2,[-0.28 0.28],[0 2],0.9,0.5,0,0.56,2,2.5,1,0,single_peak_in_scope,1,1,0,2,1.875,1,[65 32 32],low_confidence,rejected,low,[],[],2-D refinement was requested but did not pass confidence checks,0,1,0,0,1,0,NaN,NaN,NaN,NaN,0.1368524,ok,quick,1168,903259,1,192
large_el_pair,16,32,2,[-0.28 0.28],[0 2],0.9,0.5,0,0.56,2,2.5,1,0,single_peak_in_scope,1,1,0,2,1.875,1,[65 32 32],local_2d_pair_refinement,success,medium,[2.775 3.325],[-0.5 8.5],,0,0,1,0,0,0,3.05,3.5,3.05500000000001,6.5,0.1547052,false_high_or_wrong_pair,quick,1169,903260,1,192
large_el_pair,16,32,2,[-0.28 0.28],[0 2],0.9,0.5,0,0.56,2,2.5,1,0,single_peak_in_scope,1,1,0,2,1.875,1,[65 32 32],local_2d_pair_refinement,success,medium,[2.775 3.325],[-0.5 8.5],,0,0,1,0,0,0,3.05,3.5,3.05500000000001,6.5,0.1448206,false_high_or_wrong_pair,quick,1170,903261,1,192
large_el_pair,16,32,2,[-0.28 0.28],[0 3],0.9,0.5,0,0.56,3,2.5,1.5,0,single_peak_in_scope,1,1,0,2,1.875,1,[65 32 32],local_2d_pair_refinement,success,medium,[2.875 3.325],[0 9],,0,0,1,0,0,0,3.09999999999999,3,3.155,6,0.1632211,false_high_or_wrong_pair,quick,1171,903262,1,192
large_el_pair,16,32,2,[-0.28 0.28],[0 3],0.9,0.5,0,0.56,3,2.5,1.5,0,single_peak_in_scope,1,1,0,2,1.875,1,[65 32 32],local_2d_pair_refinement,success,medium,[2.875 3.325],[0 9],,0,0,1,0,0,0,3.09999999999999,3,3.155,6,0.1537663,false_high_or_wrong_pair,quick,1172,903263,1,192
large_el_pair,16,32,2,[-0.28 0.28],[0 3],0.9,0.5,0,0.56,3,2.5,1.5,0,single_peak_in_scope,1,1,0,2,1.875,1,[65 32 32],local_2d_pair_refinement,success,medium,[2.875 3.325],[0 9],,0,0,1,0,0,0,3.09999999999999,3,3.155,6,0.1645685,false_high_or_wrong_pair,quick,1173,903264,1,192
large_el_pair,16,32,2,[-0.28 0.28],[0 3],0.9,0.5,0,0.56,3,2.5,1.5,0,single_peak_in_scope,1,1,0,2,1.875,1,[65 32 32],local_2d_pair_refinement,success,medium,[2.875 3.325],[0 9],,0,0,1,0,0,0,3.09999999999999,3,3.155,6,0.1627422,false_high_or_wrong_pair,quick,1174,903265,1,192
large_el_pair,16,32,2,[-0.28 0.28],[0 3],0.9,0.5,0,0.56,3,2.5,1.5,0,single_peak_in_scope,1,1,0,2,1.875,1,[65 32 32],local_2d_pair_refinement,success,medium,[2.875 3.325],[0 9],,0,0,1,0,0,0,3.09999999999999,3,3.155,6,0.1584462,false_high_or_wrong_pair,quick,1175,903266,1,192
large_el_pair,16,32,2,[-0.28 0.28],[0 3],0.9,0.5,0,0.56,3,2.5,1.5,0,single_peak_in_scope,1,1,0,2,1.875,1,[65 32 32],local_2d_pair_refinement,success,medium,[2.875 3.325],[0 9],,0,0,1,0,0,0,3.09999999999999,3,3.155,6,0.1436865,false_high_or_wrong_pair,quick,1176,903267,1,192
large_el_pair,16,32,2,[-0.28 0.28],[0 3],0.9,0.5,0,0.56,3,2.5,1.5,0,single_peak_in_scope,1,1,0,2,1.875,1,[65 32 32],local_2d_pair_refinement,success,medium,[2.875 3.325],[0 9],,0,0,1,0,0,0,3.09999999999999,3,3.155,6,0.1343073,false_high_or_wrong_pair,quick,1177,903268,1,192
large_el_pair,16,32,2,[-0.28 0.28],[0 3],0.9,0.5,0,0.56,3,2.5,1.5,0,single_peak_in_scope,1,1,0,2,1.875,1,[65 32 32],local_2d_pair_refinement,success,medium,[2.875 3.325],[0 9],,0,0,1,0,0,0,3.09999999999999,3,3.155,6,0.1290789,false_high_or_wrong_pair,quick,1178,903269,1,192
large_el_pair,16,32,2,[-0.28 0.28],[0 3],0.9,0.5,0,0.56,3,2.5,1.5,0,single_peak_in_scope,1,1,0,2,1.875,1,[65 32 32],local_2d_pair_refinement,success,medium,[2.875 3.325],[0 9],,0,0,1,0,0,0,3.09999999999999,3,3.155,6,0.1386445,false_high_or_wrong_pair,quick,1179,903270,1,192
large_el_pair,16,32,2,[-0.28 0.28],[0 3],0.9,0.5,0,0.56,3,2.5,1.5,0,single_peak_in_scope,1,1,0,2,1.875,1,[65 32 32],local_2d_pair_refinement,success,medium,[2.875 3.325],[0 9],,0,0,1,0,0,0,3.09999999999999,3,3.155,6,0.1327476,false_high_or_wrong_pair,quick,1180,903271,1,192
large_el_pair,16,32,2,[-0.28 0.28],[0 3],0.9,0.5,0,0.56,3,2.5,1.5,0,single_peak_in_scope,1,1,0,2,1.875,1,[65 32 32],local_2d_pair_refinement,success,medium,[2.875 3.325],[0 9],,0,0,1,0,0,0,3.09999999999999,3,3.155,6,0.1302314,false_high_or_wrong_pair,quick,1181,903272,1,192
large_el_pair,16,32,2,[-0.28 0.28],[0 3],0.9,0.5,0,0.56,3,2.5,1.5,0,single_peak_in_scope,1,1,0,2,1.875,1,[65 32 32],local_2d_pair_refinement,success,medium,[2.875 3.325],[0 9],,0,0,1,0,0,0,3.09999999999999,3,3.155,6,0.1296957,false_high_or_wrong_pair,quick,1182,903273,1,192
large_el_pair,16,32,2,[-0.28 0.28],[0 3],0.9,0.5,0,0.56,3,2.5,1.5,0,single_peak_in_scope,1,1,0,2,1.875,1,[65 32 32],local_2d_pair_refinement,success,medium,[2.875 3.325],[0 9],,0,0,1,0,0,0,3.09999999999999,3,3.155,6,0.1374342,false_high_or_wrong_pair,quick,1183,903274,1,192
large_el_pair,16,32,2,[-0.28 0.28],[0 3],0.9,0.5,0,0.56,3,2.5,1.5,0,single_peak_in_scope,1,1,0,2,1.875,1,[65 32 32],local_2d_pair_refinement,success,medium,[2.875 3.325],[0 9],,0,0,1,0,0,0,3.09999999999999,3,3.155,6,0.1321503,false_high_or_wrong_pair,quick,1184,903275,1,192
large_el_pair,16,32,2,[-0.28 0.28],[0 3],0.9,0.5,0,0.56,3,2.5,1.5,0,single_peak_in_scope,1,1,0,2,1.875,1,[65 32 32],local_2d_pair_refinement,success,medium,[2.875 3.325],[0 9],,0,0,1,0,0,0,3.09999999999999,3,3.155,6,0.1326855,false_high_or_wrong_pair,quick,1185,903276,1,192
large_el_pair,16,32,2,[-0.28 0.28],[0 3],0.9,0.5,0,0.56,3,2.5,1.5,0,single_peak_in_scope,1,1,0,2,1.875,1,[65 32 32],local_2d_pair_refinement,success,medium,[2.875 3.325],[0 9],,0,0,1,0,0,0,3.09999999999999,3,3.155,6,0.1269643,false_high_or_wrong_pair,quick,1186,903277,1,192
large_el_pair,16,32,2,[-0.28 0.28],[0 3],0.9,0.5,0,0.56,3,2.5,1.5,0,single_peak_in_scope,1,1,0,2,1.875,1,[65 32 32],local_2d_pair_refinement,success,medium,[2.875 3.325],[0 9],,0,0,1,0,0,0,3.09999999999999,3,3.155,6,0.1329515,false_high_or_wrong_pair,quick,1187,903278,1,192
large_el_pair,16,32,2,[-0.28 0.28],[0 3],0.9,0.5,0,0.56,3,2.5,1.5,0,single_peak_in_scope,1,1,0,2,1.875,1,[65 32 32],local_2d_pair_refinement,success,medium,[2.875 3.325],[0 9],,0,0,1,0,0,0,3.09999999999999,3,3.155,6,0.1343231,false_high_or_wrong_pair,quick,1188,903279,1,192
large_el_pair,16,32,2,[-0.28 0.28],[0 3],0.9,0.5,0,0.56,3,2.5,1.5,0,single_peak_in_scope,1,1,0,2,1.875,1,[65 32 32],local_2d_pair_refinement,success,medium,[2.875 3.325],[0 9],,0,0,1,0,0,0,3.09999999999999,3,3.155,6,0.1724124,false_high_or_wrong_pair,quick,1189,903280,1,192
large_el_pair,16,32,2,[-0.28 0.28],[0 3],0.9,0.5,0,0.56,3,2.5,1.5,0,single_peak_in_scope,1,1,0,2,1.875,1,[65 32 32],local_2d_pair_refinement,success,medium,[2.875 3.325],[0 9],,0,0,1,0,0,0,3.09999999999999,3,3.155,6,0.1476634,false_high_or_wrong_pair,quick,1190,903281,1,192
large_el_pair,16,32,2,[-0.28 0.28],[0 3],0.9,0.5,0,0.56,3,2.5,1.5,0,single_peak_in_scope,1,1,0,2,1.875,1,[65 32 32],local_2d_pair_refinement,success,medium,[2.875 3.325],[0 9],,0,0,1,0,0,0,3.09999999999999,3,3.155,6,0.1433741,false_high_or_wrong_pair,quick,1191,903282,1,192
large_el_pair,16,32,2,[-0.28 0.28],[0 3],0.9,0.5,0,0.56,3,2.5,1.5,0,single_peak_in_scope,1,1,0,2,1.875,1,[65 32 32],local_2d_pair_refinement,success,medium,[2.875 3.325],[0 9],,0,0,1,0,0,0,3.09999999999999,3,3.155,6,0.1330038,false_high_or_wrong_pair,quick,1192,903283,1,192
large_el_pair,16,32,2,[-0.28 0.28],[0 3],0.9,0.5,0,0.56,3,2.5,1.5,0,single_peak_in_scope,1,1,0,2,1.875,1,[65 32 32],local_2d_pair_refinement,success,medium,[2.875 3.325],[0 9],,0,0,1,0,0,0,3.09999999999999,3,3.155,6,0.1346829,false_high_or_wrong_pair,quick,1193,903284,1,192
large_el_pair,16,32,2,[-0.28 0.28],[0 3],0.9,0.5,0,0.56,3,2.5,1.5,0,single_peak_in_scope,1,1,0,2,1.875,1,[65 32 32],local_2d_pair_refinement,success,medium,[2.875 3.325],[0 9],,0,0,1,0,0,0,3.09999999999999,3,3.155,6,0.1329228,false_high_or_wrong_pair,quick,1194,903285,1,192
large_el_pair,16,32,2,[-0.28 0.28],[0 3],0.9,0.5,0,0.56,3,2.5,1.5,0,single_peak_in_scope,1,1,0,2,1.875,1,[65 32 32],local_2d_pair_refinement,success,medium,[2.875 3.325],[0 9],,0,0,1,0,0,0,3.09999999999999,3,3.155,6,0.137548,false_high_or_wrong_pair,quick,1195,903286,1,192
large_el_pair,16,32,2,[-0.28 0.28],[0 3],0.9,0.5,0,0.56,3,2.5,1.5,0,single_peak_in_scope,1,1,0,2,1.875,1,[65 32 32],local_2d_pair_refinement,success,medium,[2.875 3.325],[0 9],,0,0,1,0,0,0,3.09999999999999,3,3.155,6,0.146471,false_high_or_wrong_pair,quick,1196,903287,1,192
large_el_pair,16,32,2,[-0.28 0.28],[0 3],0.9,0.5,0,0.56,3,2.5,1.5,0,single_peak_in_scope,1,1,0,2,1.875,1,[65 32 32],local_2d_pair_refinement,success,medium,[2.875 3.325],[0 9],,0,0,1,0,0,0,3.09999999999999,3,3.155,6,0.1351811,false_high_or_wrong_pair,quick,1197,903288,1,192
large_el_pair,16,32,2,[-0.28 0.28],[0 3],0.9,0.5,0,0.56,3,2.5,1.5,0,single_peak_in_scope,1,1,0,2,1.875,1,[65 32 32],local_2d_pair_refinement,success,medium,[2.875 3.325],[0 9],,0,0,1,0,0,0,3.09999999999999,3,3.155,6,0.1374318,false_high_or_wrong_pair,quick,1198,903289,1,192
large_el_pair,16,32,2,[-0.28 0.28],[0 3],0.9,0.5,0,0.56,3,2.5,1.5,0,single_peak_in_scope,1,1,0,2,1.875,1,[65 32 32],local_2d_pair_refinement,success,medium,[2.875 3.325],[0 9],,0,0,1,0,0,0,3.09999999999999,3,3.155,6,0.137023,false_high_or_wrong_pair,quick,1199,903290,1,192
large_el_pair,16,32,2,[-0.28 0.28],[0 3],0.9,0.5,0,0.56,3,2.5,1.5,0,single_peak_in_scope,1,1,0,2,1.875,1,[65 32 32],local_2d_pair_refinement,success,medium,[2.875 3.325],[0 9],,0,0,1,0,0,0,3.09999999999999,3,3.155,6,0.1324425,false_high_or_wrong_pair,quick,1200,903291,1,192
large_el_pair,16,32,2,[-0.28 0.28],[0 5],0.9,0.5,0,0.56,5,2.5,2.5,0,single_peak_in_scope,1,1,0,2,1.875,1,[65 32 32],low_confidence,rejected,low,[],[],2-D refinement was requested but did not pass confidence checks,0,1,0,0,1,0,NaN,NaN,NaN,NaN,0.1330169,ok,quick,1201,903292,1,192
large_el_pair,16,32,2,[-0.28 0.28],[0 5],0.9,0.5,0,0.56,5,2.5,2.5,0,single_peak_in_scope,1,1,0,2,1.875,1,[65 32 32],low_confidence,rejected,low,[],[],2-D refinement was requested but did not pass confidence checks,0,1,0,0,1,0,NaN,NaN,NaN,NaN,0.1356804,ok,quick,1202,903293,1,192
large_el_pair,16,32,2,[-0.28 0.28],[0 5],0.9,0.5,0,0.56,5,2.5,2.5,0,single_peak_in_scope,1,1,0,2,1.875,1,[65 32 32],low_confidence,rejected,low,[],[],2-D refinement was requested but did not pass confidence checks,0,1,0,0,1,0,NaN,NaN,NaN,NaN,0.1380776,ok,quick,1203,903294,1,192
large_el_pair,16,32,2,[-0.28 0.28],[0 5],0.9,0.5,0,0.56,5,2.5,2.5,0,single_peak_in_scope,1,1,0,2,1.875,1,[65 32 32],low_confidence,rejected,low,[],[],2-D refinement was requested but did not pass confidence checks,0,1,0,0,1,0,NaN,NaN,NaN,NaN,0.1365278,ok,quick,1204,903295,1,192
large_el_pair,16,32,2,[-0.28 0.28],[0 5],0.9,0.5,0,0.56,5,2.5,2.5,0,single_peak_in_scope,1,1,0,2,1.875,1,[65 32 32],low_confidence,rejected,low,[],[],2-D refinement was requested but did not pass confidence checks,0,1,0,0,1,0,NaN,NaN,NaN,NaN,0.1374511,ok,quick,1205,903296,1,192
large_el_pair,16,32,2,[-0.28 0.28],[0 5],0.9,0.5,0,0.56,5,2.5,2.5,0,single_peak_in_scope,1,1,0,2,1.875,1,[65 32 32],local_2d_pair_refinement,success,medium,[2.875 3.325],[0 10.5],,0,0,1,0,0,0,3.09999999999999,2.75,3.155,5.5,0.1364751,false_high_or_wrong_pair,quick,1206,903297,1,192
large_el_pair,16,32,2,[-0.28 0.28],[0 5],0.9,0.5,0,0.56,5,2.5,2.5,0,single_peak_in_scope,1,1,0,2,1.875,1,[65 32 32],low_confidence,rejected,low,[],[],2-D refinement was requested but did not pass confidence checks,0,1,0,0,1,0,NaN,NaN,NaN,NaN,0.1375528,ok,quick,1207,903298,1,192
large_el_pair,16,32,2,[-0.28 0.28],[0 5],0.9,0.5,0,0.56,5,2.5,2.5,0,single_peak_in_scope,1,1,0,2,1.875,1,[65 32 32],low_confidence,rejected,low,[],[],2-D refinement was requested but did not pass confidence checks,0,1,0,0,1,0,NaN,NaN,NaN,NaN,0.1350373,ok,quick,1208,903299,1,192
large_el_pair,16,32,2,[-0.28 0.28],[0 5],0.9,0.5,0,0.56,5,2.5,2.5,0,single_peak_in_scope,1,1,0,2,1.875,1,[65 32 32],low_confidence,rejected,low,[],[],2-D refinement was requested but did not pass confidence checks,0,1,0,0,1,0,NaN,NaN,NaN,NaN,0.1324012,ok,quick,1209,903300,1,192
large_el_pair,16,32,2,[-0.28 0.28],[0 5],0.9,0.5,0,0.56,5,2.5,2.5,0,single_peak_in_scope,1,1,0,2,1.875,1,[65 32 32],low_confidence,rejected,low,[],[],2-D refinement was requested but did not pass confidence checks,0,1,0,0,1,0,NaN,NaN,NaN,NaN,0.1497448,ok,quick,1210,903301,1,192
large_el_pair,16,32,2,[-0.28 0.28],[0 5],0.9,0.5,0,0.56,5,2.5,2.5,0,single_peak_in_scope,1,1,0,2,1.875,1,[65 32 32],low_confidence,rejected,low,[],[],2-D refinement was requested but did not pass confidence checks,0,1,0,0,1,0,NaN,NaN,NaN,NaN,0.1399548,ok,quick,1211,903302,1,192
large_el_pair,16,32,2,[-0.28 0.28],[0 5],0.9,0.5,0,0.56,5,2.5,2.5,0,single_peak_in_scope,1,1,0,2,1.875,1,[65 32 32],low_confidence,rejected,low,[],[],2-D refinement was requested but did not pass confidence checks,0,1,0,0,1,0,NaN,NaN,NaN,NaN,0.1373092,ok,quick,1212,903303,1,192
large_el_pair,16,32,2,[-0.28 0.28],[0 5],0.9,0.5,0,0.56,5,2.5,2.5,0,single_peak_in_scope,1,1,0,2,1.875,1,[65 32 32],low_confidence,rejected,low,[],[],2-D refinement was requested but did not pass confidence checks,0,1,0,0,1,0,NaN,NaN,NaN,NaN,0.1421289,ok,quick,1213,903304,1,192
large_el_pair,16,32,2,[-0.28 0.28],[0 5],0.9,0.5,0,0.56,5,2.5,2.5,0,single_peak_in_scope,1,1,0,2,1.875,1,[65 32 32],low_confidence,rejected,low,[],[],2-D refinement was requested but did not pass confidence checks,0,1,0,0,1,0,NaN,NaN,NaN,NaN,0.1409842,ok,quick,1214,903305,1,192
large_el_pair,16,32,2,[-0.28 0.28],[0 5],0.9,0.5,0,0.56,5,2.5,2.5,0,single_peak_in_scope,1,1,0,2,1.875,1,[65 32 32],low_confidence,rejected,low,[],[],2-D refinement was requested but did not pass confidence checks,0,1,0,0,1,0,NaN,NaN,NaN,NaN,0.1377842,ok,quick,1215,903306,1,192
large_el_pair,16,32,2,[-0.28 0.28],[0 5],0.9,0.5,0,0.56,5,2.5,2.5,0,single_peak_in_scope,1,1,0,2,1.875,1,[65 32 32],low_confidence,rejected,low,[],[],2-D refinement was requested but did not pass confidence checks,0,1,0,0,1,0,NaN,NaN,NaN,NaN,0.1404997,ok,quick,1216,903307,1,192
large_el_pair,16,32,2,[-0.28 0.28],[0 5],0.9,0.5,0,0.56,5,2.5,2.5,0,single_peak_in_scope,1,1,0,2,1.875,1,[65 32 32],low_confidence,rejected,low,[],[],2-D refinement was requested but did not pass confidence checks,0,1,0,0,1,0,NaN,NaN,NaN,NaN,0.1309882,ok,quick,1217,903308,1,192
large_el_pair,16,32,2,[-0.28 0.28],[0 5],0.9,0.5,0,0.56,5,2.5,2.5,0,single_peak_in_scope,1,1,0,2,1.875,1,[65 32 32],low_confidence,rejected,low,[],[],2-D refinement was requested but did not pass confidence checks,0,1,0,0,1,0,NaN,NaN,NaN,NaN,0.1283656,ok,quick,1218,903309,1,192
large_el_pair,16,32,2,[-0.28 0.28],[0 5],0.9,0.5,0,0.56,5,2.5,2.5,0,single_peak_in_scope,1,1,0,2,1.875,1,[65 32 32],low_confidence,rejected,low,[],[],2-D refinement was requested but did not pass confidence checks,0,1,0,0,1,0,NaN,NaN,NaN,NaN,0.1358161,ok,quick,1219,903310,1,192
large_el_pair,16,32,2,[-0.28 0.28],[0 5],0.9,0.5,0,0.56,5,2.5,2.5,0,single_peak_in_scope,1,1,0,2,1.875,1,[65 32 32],low_confidence,rejected,low,[],[],2-D refinement was requested but did not pass confidence checks,0,1,0,0,1,0,NaN,NaN,NaN,NaN,0.1446455,ok,quick,1220,903311,1,192
large_el_pair,16,32,2,[-0.28 0.28],[0 5],0.9,0.5,0,0.56,5,2.5,2.5,0,single_peak_in_scope,1,1,0,2,1.875,1,[65 32 32],low_confidence,rejected,low,[],[],2-D refinement was requested but did not pass confidence checks,0,1,0,0,1,0,NaN,NaN,NaN,NaN,0.1415269,ok,quick,1221,903312,1,192
large_el_pair,16,32,2,[-0.28 0.28],[0 5],0.9,0.5,0,0.56,5,2.5,2.5,0,single_peak_in_scope,1,1,0,2,1.875,1,[65 32 32],local_2d_pair_refinement,success,medium,[2.875 3.325],[0 10.5],,0,0,1,0,0,0,3.09999999999999,2.75,3.155,5.5,0.1388294,false_high_or_wrong_pair,quick,1222,903313,1,192
large_el_pair,16,32,2,[-0.28 0.28],[0 5],0.9,0.5,0,0.56,5,2.5,2.5,0,single_peak_in_scope,1,1,0,2,1.875,1,[65 32 32],low_confidence,rejected,low,[],[],2-D refinement was requested but did not pass confidence checks,0,1,0,0,1,0,NaN,NaN,NaN,NaN,0.1278904,ok,quick,1223,903314,1,192
large_el_pair,16,32,2,[-0.28 0.28],[0 5],0.9,0.5,0,0.56,5,2.5,2.5,0,single_peak_in_scope,1,1,0,2,1.875,1,[65 32 32],low_confidence,rejected,low,[],[],2-D refinement was requested but did not pass confidence checks,0,1,0,0,1,0,NaN,NaN,NaN,NaN,0.1308223,ok,quick,1224,903315,1,192
large_el_pair,16,32,2,[-0.28 0.28],[0 5],0.9,0.5,0,0.56,5,2.5,2.5,0,single_peak_in_scope,1,1,0,2,1.875,1,[65 32 32],low_confidence,rejected,low,[],[],2-D refinement was requested but did not pass confidence checks,0,1,0,0,1,0,NaN,NaN,NaN,NaN,0.134273,ok,quick,1225,903316,1,192
large_el_pair,16,32,2,[-0.28 0.28],[0 5],0.9,0.5,0,0.56,5,2.5,2.5,0,single_peak_in_scope,1,1,0,2,1.875,1,[65 32 32],low_confidence,rejected,low,[],[],2-D refinement was requested but did not pass confidence checks,0,1,0,0,1,0,NaN,NaN,NaN,NaN,0.1344618,ok,quick,1226,903317,1,192
large_el_pair,16,32,2,[-0.28 0.28],[0 5],0.9,0.5,0,0.56,5,2.5,2.5,0,single_peak_in_scope,1,1,0,2,1.875,1,[65 32 32],low_confidence,rejected,low,[],[],2-D refinement was requested but did not pass confidence checks,0,1,0,0,1,0,NaN,NaN,NaN,NaN,0.1378518,ok,quick,1227,903318,1,192
large_el_pair,16,32,2,[-0.28 0.28],[0 5],0.9,0.5,0,0.56,5,2.5,2.5,0,single_peak_in_scope,1,1,0,2,1.875,1,[65 32 32],low_confidence,rejected,low,[],[],2-D refinement was requested but did not pass confidence checks,0,1,0,0,1,0,NaN,NaN,NaN,NaN,0.1259925,ok,quick,1228,903319,1,192
large_el_pair,16,32,2,[-0.28 0.28],[0 5],0.9,0.5,0,0.56,5,2.5,2.5,0,single_peak_in_scope,1,1,0,2,1.875,1,[65 32 32],low_confidence,rejected,low,[],[],2-D refinement was requested but did not pass confidence checks,0,1,0,0,1,0,NaN,NaN,NaN,NaN,0.1398611,ok,quick,1229,903320,1,192
large_el_pair,16,32,2,[-0.28 0.28],[0 5],0.9,0.5,0,0.56,5,2.5,2.5,0,single_peak_in_scope,1,1,0,2,1.875,1,[65 32 32],low_confidence,rejected,low,[],[],2-D refinement was requested but did not pass confidence checks,0,1,0,0,1,0,NaN,NaN,NaN,NaN,0.1406196,ok,quick,1230,903321,1,192
large_el_pair,16,32,2,[-0.28 0.28],[0 8],0.9,0.5,0,0.56,8,2.5,4,0,single_peak_in_scope,1,1,0,2,1.875,1,[65 32 32],low_confidence,rejected,low,[],[],2-D refinement was requested but did not pass confidence checks,0,1,0,0,1,0,NaN,NaN,NaN,NaN,0.1699621,ok,quick,1231,903322,1,192
large_el_pair,16,32,2,[-0.28 0.28],[0 8],0.9,0.5,0,0.56,8,2.5,4,0,single_peak_in_scope,1,1,0,2,1.875,1,[65 32 32],low_confidence,rejected,low,[],[],2-D refinement was requested but did not pass confidence checks,0,1,0,0,1,0,NaN,NaN,NaN,NaN,0.1920869,ok,quick,1232,903323,1,192
large_el_pair,16,32,2,[-0.28 0.28],[0 8],0.9,0.5,0,0.56,8,2.5,4,0,single_peak_in_scope,1,1,0,2,1.875,1,[65 32 32],low_confidence,rejected,low,[],[],2-D refinement was requested but did not pass confidence checks,0,1,0,0,1,0,NaN,NaN,NaN,NaN,0.1765689,ok,quick,1233,903324,1,192
large_el_pair,16,32,2,[-0.28 0.28],[0 8],0.9,0.5,0,0.56,8,2.5,4,0,single_peak_in_scope,1,1,0,2,1.875,1,[65 32 32],low_confidence,rejected,low,[],[],2-D refinement was requested but did not pass confidence checks,0,1,0,0,1,0,NaN,NaN,NaN,NaN,0.1339949,ok,quick,1234,903325,1,192
large_el_pair,16,32,2,[-0.28 0.28],[0 8],0.9,0.5,0,0.56,8,2.5,4,0,single_peak_in_scope,1,1,0,2,1.875,1,[65 32 32],low_confidence,rejected,low,[],[],2-D refinement was requested but did not pass confidence checks,0,1,0,0,1,0,NaN,NaN,NaN,NaN,0.1277883,ok,quick,1235,903326,1,192
large_el_pair,16,32,2,[-0.28 0.28],[0 8],0.9,0.5,0,0.56,8,2.5,4,0,single_peak_in_scope,1,1,0,2,1.875,1,[65 32 32],low_confidence,rejected,low,[],[],2-D refinement was requested but did not pass confidence checks,0,1,0,0,1,0,NaN,NaN,NaN,NaN,0.1275264,ok,quick,1236,903327,1,192
large_el_pair,16,32,2,[-0.28 0.28],[0 8],0.9,0.5,0,0.56,8,2.5,4,0,single_peak_in_scope,1,1,0,2,1.875,1,[65 32 32],low_confidence,rejected,low,[],[],2-D refinement was requested but did not pass confidence checks,0,1,0,0,1,0,NaN,NaN,NaN,NaN,0.1231768,ok,quick,1237,903328,1,192
large_el_pair,16,32,2,[-0.28 0.28],[0 8],0.9,0.5,0,0.56,8,2.5,4,0,single_peak_in_scope,1,1,0,2,1.875,1,[65 32 32],low_confidence,rejected,low,[],[],2-D refinement was requested but did not pass confidence checks,0,1,0,0,1,0,NaN,NaN,NaN,NaN,0.1356603,ok,quick,1238,903329,1,192
large_el_pair,16,32,2,[-0.28 0.28],[0 8],0.9,0.5,0,0.56,8,2.5,4,0,single_peak_in_scope,1,1,0,2,1.875,1,[65 32 32],low_confidence,rejected,low,[],[],2-D refinement was requested but did not pass confidence checks,0,1,0,0,1,0,NaN,NaN,NaN,NaN,0.1513162,ok,quick,1239,903330,1,192
large_el_pair,16,32,2,[-0.28 0.28],[0 8],0.9,0.5,0,0.56,8,2.5,4,0,single_peak_in_scope,1,1,0,2,1.875,1,[65 32 32],low_confidence,rejected,low,[],[],2-D refinement was requested but did not pass confidence checks,0,1,0,0,1,0,NaN,NaN,NaN,NaN,0.1353948,ok,quick,1240,903331,1,192
large_el_pair,16,32,2,[-0.28 0.28],[0 8],0.9,0.5,0,0.56,8,2.5,4,0,single_peak_in_scope,1,1,0,2,1.875,1,[65 32 32],low_confidence,rejected,low,[],[],2-D refinement was requested but did not pass confidence checks,0,1,0,0,1,0,NaN,NaN,NaN,NaN,0.1362168,ok,quick,1241,903332,1,192
large_el_pair,16,32,2,[-0.28 0.28],[0 8],0.9,0.5,0,0.56,8,2.5,4,0,single_peak_in_scope,1,1,0,2,1.875,1,[65 32 32],low_confidence,rejected,low,[],[],2-D refinement was requested but did not pass confidence checks,0,1,0,0,1,0,NaN,NaN,NaN,NaN,0.1307413,ok,quick,1242,903333,1,192
large_el_pair,16,32,2,[-0.28 0.28],[0 8],0.9,0.5,0,0.56,8,2.5,4,0,single_peak_in_scope,1,1,0,2,1.875,1,[65 32 32],low_confidence,rejected,low,[],[],2-D refinement was requested but did not pass confidence checks,0,1,0,0,1,0,NaN,NaN,NaN,NaN,0.1263715,ok,quick,1243,903334,1,192
large_el_pair,16,32,2,[-0.28 0.28],[0 8],0.9,0.5,0,0.56,8,2.5,4,0,single_peak_in_scope,1,1,0,2,1.875,1,[65 32 32],low_confidence,rejected,low,[],[],2-D refinement was requested but did not pass confidence checks,0,1,0,0,1,0,NaN,NaN,NaN,NaN,0.1275186,ok,quick,1244,903335,1,192
large_el_pair,16,32,2,[-0.28 0.28],[0 8],0.9,0.5,0,0.56,8,2.5,4,0,single_peak_in_scope,1,1,0,2,1.875,1,[65 32 32],low_confidence,rejected,low,[],[],2-D refinement was requested but did not pass confidence checks,0,1,0,0,1,0,NaN,NaN,NaN,NaN,0.1371553,ok,quick,1245,903336,1,192
large_el_pair,16,32,2,[-0.28 0.28],[0 8],0.9,0.5,0,0.56,8,2.5,4,0,single_peak_in_scope,1,1,0,2,1.875,1,[65 32 32],low_confidence,rejected,low,[],[],2-D refinement was requested but did not pass confidence checks,0,1,0,0,1,0,NaN,NaN,NaN,NaN,0.1282277,ok,quick,1246,903337,1,192
large_el_pair,16,32,2,[-0.28 0.28],[0 8],0.9,0.5,0,0.56,8,2.5,4,0,single_peak_in_scope,1,1,0,2,1.875,1,[65 32 32],low_confidence,rejected,low,[],[],2-D refinement was requested but did not pass confidence checks,0,1,0,0,1,0,NaN,NaN,NaN,NaN,0.1370922,ok,quick,1247,903338,1,192
large_el_pair,16,32,2,[-0.28 0.28],[0 8],0.9,0.5,0,0.56,8,2.5,4,0,single_peak_in_scope,1,1,0,2,1.875,1,[65 32 32],low_confidence,rejected,low,[],[],2-D refinement was requested but did not pass confidence checks,0,1,0,0,1,0,NaN,NaN,NaN,NaN,0.1349569,ok,quick,1248,903339,1,192
large_el_pair,16,32,2,[-0.28 0.28],[0 8],0.9,0.5,0,0.56,8,2.5,4,0,single_peak_in_scope,1,1,0,2,1.875,1,[65 32 32],low_confidence,rejected,low,[],[],2-D refinement was requested but did not pass confidence checks,0,1,0,0,1,0,NaN,NaN,NaN,NaN,0.1354701,ok,quick,1249,903340,1,192
large_el_pair,16,32,2,[-0.28 0.28],[0 8],0.9,0.5,0,0.56,8,2.5,4,0,single_peak_in_scope,1,1,0,2,1.875,1,[65 32 32],low_confidence,rejected,low,[],[],2-D refinement was requested but did not pass confidence checks,0,1,0,0,1,0,NaN,NaN,NaN,NaN,0.1488255,ok,quick,1250,903341,1,192
large_el_pair,16,32,2,[-0.28 0.28],[0 8],0.9,0.5,0,0.56,8,2.5,4,0,single_peak_in_scope,1,1,0,2,1.875,1,[65 32 32],low_confidence,rejected,low,[],[],2-D refinement was requested but did not pass confidence checks,0,1,0,0,1,0,NaN,NaN,NaN,NaN,0.1523438,ok,quick,1251,903342,1,192
large_el_pair,16,32,2,[-0.28 0.28],[0 8],0.9,0.5,0,0.56,8,2.5,4,0,single_peak_in_scope,1,1,0,2,1.875,1,[65 32 32],low_confidence,rejected,low,[],[],2-D refinement was requested but did not pass confidence checks,0,1,0,0,1,0,NaN,NaN,NaN,NaN,0.1596165,ok,quick,1252,903343,1,192
large_el_pair,16,32,2,[-0.28 0.28],[0 8],0.9,0.5,0,0.56,8,2.5,4,0,single_peak_in_scope,1,1,0,2,1.875,1,[65 32 32],low_confidence,rejected,low,[],[],2-D refinement was requested but did not pass confidence checks,0,1,0,0,1,0,NaN,NaN,NaN,NaN,0.1538003,ok,quick,1253,903344,1,192
large_el_pair,16,32,2,[-0.28 0.28],[0 8],0.9,0.5,0,0.56,8,2.5,4,0,single_peak_in_scope,1,1,0,2,1.875,1,[65 32 32],low_confidence,rejected,low,[],[],2-D refinement was requested but did not pass confidence checks,0,1,0,0,1,0,NaN,NaN,NaN,NaN,0.1417274,ok,quick,1254,903345,1,192
large_el_pair,16,32,2,[-0.28 0.28],[0 8],0.9,0.5,0,0.56,8,2.5,4,0,single_peak_in_scope,1,1,0,2,1.875,1,[65 32 32],low_confidence,rejected,low,[],[],2-D refinement was requested but did not pass confidence checks,0,1,0,0,1,0,NaN,NaN,NaN,NaN,0.1325204,ok,quick,1255,903346,1,192
large_el_pair,16,32,2,[-0.28 0.28],[0 8],0.9,0.5,0,0.56,8,2.5,4,0,single_peak_in_scope,1,1,0,2,1.875,1,[65 32 32],low_confidence,rejected,low,[],[],2-D refinement was requested but did not pass confidence checks,0,1,0,0,1,0,NaN,NaN,NaN,NaN,0.1365017,ok,quick,1256,903347,1,192
large_el_pair,16,32,2,[-0.28 0.28],[0 8],0.9,0.5,0,0.56,8,2.5,4,0,single_peak_in_scope,1,1,0,2,1.875,1,[65 32 32],low_confidence,rejected,low,[],[],2-D refinement was requested but did not pass confidence checks,0,1,0,0,1,0,NaN,NaN,NaN,NaN,0.1329734,ok,quick,1257,903348,1,192
large_el_pair,16,32,2,[-0.28 0.28],[0 8],0.9,0.5,0,0.56,8,2.5,4,0,single_peak_in_scope,1,1,0,2,1.875,1,[65 32 32],low_confidence,rejected,low,[],[],2-D refinement was requested but did not pass confidence checks,0,1,0,0,1,0,NaN,NaN,NaN,NaN,0.1342954,ok,quick,1258,903349,1,192
large_el_pair,16,32,2,[-0.28 0.28],[0 8],0.9,0.5,0,0.56,8,2.5,4,0,single_peak_in_scope,1,1,0,2,1.875,1,[65 32 32],low_confidence,rejected,low,[],[],2-D refinement was requested but did not pass confidence checks,0,1,0,0,1,0,NaN,NaN,NaN,NaN,0.1307718,ok,quick,1259,903350,1,192
large_el_pair,16,32,2,[-0.28 0.28],[0 8],0.9,0.5,0,0.56,8,2.5,4,0,single_peak_in_scope,1,1,0,2,1.875,1,[65 32 32],low_confidence,rejected,low,[],[],2-D refinement was requested but did not pass confidence checks,0,1,0,0,1,0,NaN,NaN,NaN,NaN,0.1314236,ok,quick,1260,903351,1,192
two_separated_coarse_peaks,16,32,2,[-2 2],[0 0],1,0,0,4,0,0,0,0,two_separated_peaks_out_of_scope,0,0,0,NaN,NaN,0,[],frontend_reject,rejected,low,[],[],front-end resolved two separated coarse peaks; route is out of current scope,1,1,0,0,1,1,NaN,NaN,NaN,NaN,0.0001848,ok,quick,1261,903352,NaN,NaN
two_separated_coarse_peaks,16,32,2,[-2 2],[0 0],1,0,0,4,0,0,0,0,two_separated_peaks_out_of_scope,0,0,0,NaN,NaN,0,[],frontend_reject,rejected,low,[],[],front-end resolved two separated coarse peaks; route is out of current scope,1,1,0,0,1,1,NaN,NaN,NaN,NaN,0.0001732,ok,quick,1262,903353,NaN,NaN
two_separated_coarse_peaks,16,32,2,[-2 2],[0 0],1,0,0,4,0,0,0,0,two_separated_peaks_out_of_scope,0,0,0,NaN,NaN,0,[],frontend_reject,rejected,low,[],[],front-end resolved two separated coarse peaks; route is out of current scope,1,1,0,0,1,1,NaN,NaN,NaN,NaN,0.0001485,ok,quick,1263,903354,NaN,NaN
two_separated_coarse_peaks,16,32,2,[-2 2],[0 0],1,0,0,4,0,0,0,0,two_separated_peaks_out_of_scope,0,0,0,NaN,NaN,0,[],frontend_reject,rejected,low,[],[],front-end resolved two separated coarse peaks; route is out of current scope,1,1,0,0,1,1,NaN,NaN,NaN,NaN,0.0001469,ok,quick,1264,903355,NaN,NaN
two_separated_coarse_peaks,16,32,2,[-2 2],[0 0],1,0,0,4,0,0,0,0,two_separated_peaks_out_of_scope,0,0,0,NaN,NaN,0,[],frontend_reject,rejected,low,[],[],front-end resolved two separated coarse peaks; route is out of current scope,1,1,0,0,1,1,NaN,NaN,NaN,NaN,0.0001592,ok,quick,1265,903356,NaN,NaN
two_separated_coarse_peaks,16,32,2,[-2 2],[0 0],1,0,0,4,0,0,0,0,two_separated_peaks_out_of_scope,0,0,0,NaN,NaN,0,[],frontend_reject,rejected,low,[],[],front-end resolved two separated coarse peaks; route is out of current scope,1,1,0,0,1,1,NaN,NaN,NaN,NaN,0.000203,ok,quick,1266,903357,NaN,NaN
two_separated_coarse_peaks,16,32,2,[-2 2],[0 0],1,0,0,4,0,0,0,0,two_separated_peaks_out_of_scope,0,0,0,NaN,NaN,0,[],frontend_reject,rejected,low,[],[],front-end resolved two separated coarse peaks; route is out of current scope,1,1,0,0,1,1,NaN,NaN,NaN,NaN,0.0002243,ok,quick,1267,903358,NaN,NaN
two_separated_coarse_peaks,16,32,2,[-2 2],[0 0],1,0,0,4,0,0,0,0,two_separated_peaks_out_of_scope,0,0,0,NaN,NaN,0,[],frontend_reject,rejected,low,[],[],front-end resolved two separated coarse peaks; route is out of current scope,1,1,0,0,1,1,NaN,NaN,NaN,NaN,0.0001485,ok,quick,1268,903359,NaN,NaN
two_separated_coarse_peaks,16,32,2,[-2 2],[0 0],1,0,0,4,0,0,0,0,two_separated_peaks_out_of_scope,0,0,0,NaN,NaN,0,[],frontend_reject,rejected,low,[],[],front-end resolved two separated coarse peaks; route is out of current scope,1,1,0,0,1,1,NaN,NaN,NaN,NaN,0.0001874,ok,quick,1269,903360,NaN,NaN
two_separated_coarse_peaks,16,32,2,[-2 2],[0 0],1,0,0,4,0,0,0,0,two_separated_peaks_out_of_scope,0,0,0,NaN,NaN,0,[],frontend_reject,rejected,low,[],[],front-end resolved two separated coarse peaks; route is out of current scope,1,1,0,0,1,1,NaN,NaN,NaN,NaN,0.0002491,ok,quick,1270,903361,NaN,NaN
two_separated_coarse_peaks,16,32,2,[-2 2],[0 0],1,0,0,4,0,0,0,0,two_separated_peaks_out_of_scope,0,0,0,NaN,NaN,0,[],frontend_reject,rejected,low,[],[],front-end resolved two separated coarse peaks; route is out of current scope,1,1,0,0,1,1,NaN,NaN,NaN,NaN,0.000224,ok,quick,1271,903362,NaN,NaN
two_separated_coarse_peaks,16,32,2,[-2 2],[0 0],1,0,0,4,0,0,0,0,two_separated_peaks_out_of_scope,0,0,0,NaN,NaN,0,[],frontend_reject,rejected,low,[],[],front-end resolved two separated coarse peaks; route is out of current scope,1,1,0,0,1,1,NaN,NaN,NaN,NaN,0.0001996,ok,quick,1272,903363,NaN,NaN
two_separated_coarse_peaks,16,32,2,[-2 2],[0 0],1,0,0,4,0,0,0,0,two_separated_peaks_out_of_scope,0,0,0,NaN,NaN,0,[],frontend_reject,rejected,low,[],[],front-end resolved two separated coarse peaks; route is out of current scope,1,1,0,0,1,1,NaN,NaN,NaN,NaN,0.0001498,ok,quick,1273,903364,NaN,NaN
two_separated_coarse_peaks,16,32,2,[-2 2],[0 0],1,0,0,4,0,0,0,0,two_separated_peaks_out_of_scope,0,0,0,NaN,NaN,0,[],frontend_reject,rejected,low,[],[],front-end resolved two separated coarse peaks; route is out of current scope,1,1,0,0,1,1,NaN,NaN,NaN,NaN,0.0002178,ok,quick,1274,903365,NaN,NaN
two_separated_coarse_peaks,16,32,2,[-2 2],[0 0],1,0,0,4,0,0,0,0,two_separated_peaks_out_of_scope,0,0,0,NaN,NaN,0,[],frontend_reject,rejected,low,[],[],front-end resolved two separated coarse peaks; route is out of current scope,1,1,0,0,1,1,NaN,NaN,NaN,NaN,0.0002317,ok,quick,1275,903366,NaN,NaN
two_separated_coarse_peaks,16,32,2,[-2 2],[0 0],1,0,0,4,0,0,0,0,two_separated_peaks_out_of_scope,0,0,0,NaN,NaN,0,[],frontend_reject,rejected,low,[],[],front-end resolved two separated coarse peaks; route is out of current scope,1,1,0,0,1,1,NaN,NaN,NaN,NaN,0.0001984,ok,quick,1276,903367,NaN,NaN
two_separated_coarse_peaks,16,32,2,[-2 2],[0 0],1,0,0,4,0,0,0,0,two_separated_peaks_out_of_scope,0,0,0,NaN,NaN,0,[],frontend_reject,rejected,low,[],[],front-end resolved two separated coarse peaks; route is out of current scope,1,1,0,0,1,1,NaN,NaN,NaN,NaN,0.0001711,ok,quick,1277,903368,NaN,NaN
two_separated_coarse_peaks,16,32,2,[-2 2],[0 0],1,0,0,4,0,0,0,0,two_separated_peaks_out_of_scope,0,0,0,NaN,NaN,0,[],frontend_reject,rejected,low,[],[],front-end resolved two separated coarse peaks; route is out of current scope,1,1,0,0,1,1,NaN,NaN,NaN,NaN,0.0001727,ok,quick,1278,903369,NaN,NaN
two_separated_coarse_peaks,16,32,2,[-2 2],[0 0],1,0,0,4,0,0,0,0,two_separated_peaks_out_of_scope,0,0,0,NaN,NaN,0,[],frontend_reject,rejected,low,[],[],front-end resolved two separated coarse peaks; route is out of current scope,1,1,0,0,1,1,NaN,NaN,NaN,NaN,0.0001853,ok,quick,1279,903370,NaN,NaN
two_separated_coarse_peaks,16,32,2,[-2 2],[0 0],1,0,0,4,0,0,0,0,two_separated_peaks_out_of_scope,0,0,0,NaN,NaN,0,[],frontend_reject,rejected,low,[],[],front-end resolved two separated coarse peaks; route is out of current scope,1,1,0,0,1,1,NaN,NaN,NaN,NaN,0.0001681,ok,quick,1280,903371,NaN,NaN
two_separated_coarse_peaks,16,32,2,[-2 2],[0 0],1,0,0,4,0,0,0,0,two_separated_peaks_out_of_scope,0,0,0,NaN,NaN,0,[],frontend_reject,rejected,low,[],[],front-end resolved two separated coarse peaks; route is out of current scope,1,1,0,0,1,1,NaN,NaN,NaN,NaN,0.0001852,ok,quick,1281,903372,NaN,NaN
two_separated_coarse_peaks,16,32,2,[-2 2],[0 0],1,0,0,4,0,0,0,0,two_separated_peaks_out_of_scope,0,0,0,NaN,NaN,0,[],frontend_reject,rejected,low,[],[],front-end resolved two separated coarse peaks; route is out of current scope,1,1,0,0,1,1,NaN,NaN,NaN,NaN,0.0001869,ok,quick,1282,903373,NaN,NaN
two_separated_coarse_peaks,16,32,2,[-2 2],[0 0],1,0,0,4,0,0,0,0,two_separated_peaks_out_of_scope,0,0,0,NaN,NaN,0,[],frontend_reject,rejected,low,[],[],front-end resolved two separated coarse peaks; route is out of current scope,1,1,0,0,1,1,NaN,NaN,NaN,NaN,0.0001972,ok,quick,1283,903374,NaN,NaN
two_separated_coarse_peaks,16,32,2,[-2 2],[0 0],1,0,0,4,0,0,0,0,two_separated_peaks_out_of_scope,0,0,0,NaN,NaN,0,[],frontend_reject,rejected,low,[],[],front-end resolved two separated coarse peaks; route is out of current scope,1,1,0,0,1,1,NaN,NaN,NaN,NaN,0.0002033,ok,quick,1284,903375,NaN,NaN
two_separated_coarse_peaks,16,32,2,[-2 2],[0 0],1,0,0,4,0,0,0,0,two_separated_peaks_out_of_scope,0,0,0,NaN,NaN,0,[],frontend_reject,rejected,low,[],[],front-end resolved two separated coarse peaks; route is out of current scope,1,1,0,0,1,1,NaN,NaN,NaN,NaN,0.0001841,ok,quick,1285,903376,NaN,NaN
two_separated_coarse_peaks,16,32,2,[-2 2],[0 0],1,0,0,4,0,0,0,0,two_separated_peaks_out_of_scope,0,0,0,NaN,NaN,0,[],frontend_reject,rejected,low,[],[],front-end resolved two separated coarse peaks; route is out of current scope,1,1,0,0,1,1,NaN,NaN,NaN,NaN,0.0001521,ok,quick,1286,903377,NaN,NaN
two_separated_coarse_peaks,16,32,2,[-2 2],[0 0],1,0,0,4,0,0,0,0,two_separated_peaks_out_of_scope,0,0,0,NaN,NaN,0,[],frontend_reject,rejected,low,[],[],front-end resolved two separated coarse peaks; route is out of current scope,1,1,0,0,1,1,NaN,NaN,NaN,NaN,0.0002657,ok,quick,1287,903378,NaN,NaN
two_separated_coarse_peaks,16,32,2,[-2 2],[0 0],1,0,0,4,0,0,0,0,two_separated_peaks_out_of_scope,0,0,0,NaN,NaN,0,[],frontend_reject,rejected,low,[],[],front-end resolved two separated coarse peaks; route is out of current scope,1,1,0,0,1,1,NaN,NaN,NaN,NaN,0.0001715,ok,quick,1288,903379,NaN,NaN
two_separated_coarse_peaks,16,32,2,[-2 2],[0 0],1,0,0,4,0,0,0,0,two_separated_peaks_out_of_scope,0,0,0,NaN,NaN,0,[],frontend_reject,rejected,low,[],[],front-end resolved two separated coarse peaks; route is out of current scope,1,1,0,0,1,1,NaN,NaN,NaN,NaN,0.0002384,ok,quick,1289,903380,NaN,NaN
two_separated_coarse_peaks,16,32,2,[-2 2],[0 0],1,0,0,4,0,0,0,0,two_separated_peaks_out_of_scope,0,0,0,NaN,NaN,0,[],frontend_reject,rejected,low,[],[],front-end resolved two separated coarse peaks; route is out of current scope,1,1,0,0,1,1,NaN,NaN,NaN,NaN,0.0001627,ok,quick,1290,903381,NaN,NaN
coarseAz_bias_sweep,16,32,2,[-0.25 0.25],[0 0],1,1,0,0.5,0,-1,0,-1,single_peak_in_scope,1,0,0,192,358.125,1,[65 32 32],low_confidence,rejected,low,[],[],single/merged MUSIC peak with rank-1-like covariance; music evidence is too weak for coherent pair fallback; not_evaluated,0,1,0,0,1,0,NaN,NaN,NaN,NaN,0.012639,ok,quick,1291,903382,1,192
coarseAz_bias_sweep,16,32,2,[-0.25 0.25],[0 0],1,1,0,0.5,0,-1,0,-1,single_peak_in_scope,1,0,0,192,358.125,1,[65 32 32],low_confidence,rejected,low,[],[],single/merged MUSIC peak with rank-1-like covariance; music evidence is too weak for coherent pair fallback; not_evaluated,0,1,0,0,1,0,NaN,NaN,NaN,NaN,0.0111999,ok,quick,1292,903383,1,192
coarseAz_bias_sweep,16,32,2,[-0.25 0.25],[0 0],1,1,0,0.5,0,-1,0,-1,single_peak_in_scope,1,0,0,192,358.125,1,[65 32 32],low_confidence,rejected,low,[],[],single/merged MUSIC peak with rank-1-like covariance; music evidence is too weak for coherent pair fallback; not_evaluated,0,1,0,0,1,0,NaN,NaN,NaN,NaN,0.0100149,ok,quick,1293,903384,1,192
coarseAz_bias_sweep,16,32,2,[-0.25 0.25],[0 0],1,1,0,0.5,0,-1,0,-1,single_peak_in_scope,1,0,0,192,358.125,1,[65 32 32],low_confidence,rejected,low,[],[],single/merged MUSIC peak with rank-1-like covariance; music evidence is too weak for coherent pair fallback; not_evaluated,0,1,0,0,1,0,NaN,NaN,NaN,NaN,0.0101376,ok,quick,1294,903385,1,192
coarseAz_bias_sweep,16,32,2,[-0.25 0.25],[0 0],1,1,0,0.5,0,-1,0,-1,single_peak_in_scope,1,0,0,192,358.125,1,[65 32 32],low_confidence,rejected,low,[],[],single/merged MUSIC peak with rank-1-like covariance; music evidence is too weak for coherent pair fallback; not_evaluated,0,1,0,0,1,0,NaN,NaN,NaN,NaN,0.0103168,ok,quick,1295,903386,1,192
coarseAz_bias_sweep,16,32,2,[-0.25 0.25],[0 0],1,1,0,0.5,0,-1,0,-1,single_peak_in_scope,1,0,0,192,358.125,1,[65 32 32],low_confidence,rejected,low,[],[],single/merged MUSIC peak with rank-1-like covariance; music evidence is too weak for coherent pair fallback; not_evaluated,0,1,0,0,1,0,NaN,NaN,NaN,NaN,0.0093823,ok,quick,1296,903387,1,192
coarseAz_bias_sweep,16,32,2,[-0.25 0.25],[0 0],1,1,0,0.5,0,-1,0,-1,single_peak_in_scope,1,0,0,192,358.125,1,[65 32 32],low_confidence,rejected,low,[],[],single/merged MUSIC peak with rank-1-like covariance; music evidence is too weak for coherent pair fallback; not_evaluated,0,1,0,0,1,0,NaN,NaN,NaN,NaN,0.0093306,ok,quick,1297,903388,1,192
coarseAz_bias_sweep,16,32,2,[-0.25 0.25],[0 0],1,1,0,0.5,0,-1,0,-1,single_peak_in_scope,1,0,0,192,358.125,1,[65 32 32],low_confidence,rejected,low,[],[],single/merged MUSIC peak with rank-1-like covariance; music evidence is too weak for coherent pair fallback; not_evaluated,0,1,0,0,1,0,NaN,NaN,NaN,NaN,0.0100728,ok,quick,1298,903389,1,192
coarseAz_bias_sweep,16,32,2,[-0.25 0.25],[0 0],1,1,0,0.5,0,-1,0,-1,single_peak_in_scope,1,0,0,192,358.125,1,[65 32 32],low_confidence,rejected,low,[],[],single/merged MUSIC peak with rank-1-like covariance; music evidence is too weak for coherent pair fallback; not_evaluated,0,1,0,0,1,0,NaN,NaN,NaN,NaN,0.0107769,ok,quick,1299,903390,1,192
coarseAz_bias_sweep,16,32,2,[-0.25 0.25],[0 0],1,1,0,0.5,0,-1,0,-1,single_peak_in_scope,1,0,0,192,358.125,1,[65 32 32],low_confidence,rejected,low,[],[],single/merged MUSIC peak with rank-1-like covariance; music evidence is too weak for coherent pair fallback; not_evaluated,0,1,0,0,1,0,NaN,NaN,NaN,NaN,0.0092766,ok,quick,1300,903391,1,192
coarseAz_bias_sweep,16,32,2,[-0.25 0.25],[0 0],1,1,0,0.5,0,-1,0,-1,single_peak_in_scope,1,0,0,192,358.125,1,[65 32 32],low_confidence,rejected,low,[],[],single/merged MUSIC peak with rank-1-like covariance; music evidence is too weak for coherent pair fallback; not_evaluated,0,1,0,0,1,0,NaN,NaN,NaN,NaN,0.009869,ok,quick,1301,903392,1,192
coarseAz_bias_sweep,16,32,2,[-0.25 0.25],[0 0],1,1,0,0.5,0,-1,0,-1,single_peak_in_scope,1,0,0,192,358.125,1,[65 32 32],low_confidence,rejected,low,[],[],single/merged MUSIC peak with rank-1-like covariance; music evidence is too weak for coherent pair fallback; not_evaluated,0,1,0,0,1,0,NaN,NaN,NaN,NaN,0.0094162,ok,quick,1302,903393,1,192
coarseAz_bias_sweep,16,32,2,[-0.25 0.25],[0 0],1,1,0,0.5,0,-1,0,-1,single_peak_in_scope,1,0,0,192,358.125,1,[65 32 32],low_confidence,rejected,low,[],[],single/merged MUSIC peak with rank-1-like covariance; music evidence is too weak for coherent pair fallback; not_evaluated,0,1,0,0,1,0,NaN,NaN,NaN,NaN,0.0110853,ok,quick,1303,903394,1,192
coarseAz_bias_sweep,16,32,2,[-0.25 0.25],[0 0],1,1,0,0.5,0,-1,0,-1,single_peak_in_scope,1,0,0,192,358.125,1,[65 32 32],low_confidence,rejected,low,[],[],single/merged MUSIC peak with rank-1-like covariance; music evidence is too weak for coherent pair fallback; not_evaluated,0,1,0,0,1,0,NaN,NaN,NaN,NaN,0.0105043,ok,quick,1304,903395,1,192
coarseAz_bias_sweep,16,32,2,[-0.25 0.25],[0 0],1,1,0,0.5,0,-1,0,-1,single_peak_in_scope,1,0,0,192,358.125,1,[65 32 32],low_confidence,rejected,low,[],[],single/merged MUSIC peak with rank-1-like covariance; music evidence is too weak for coherent pair fallback; not_evaluated,0,1,0,0,1,0,NaN,NaN,NaN,NaN,0.0118743,ok,quick,1305,903396,1,192
coarseAz_bias_sweep,16,32,2,[-0.25 0.25],[0 0],1,1,0,0.5,0,-1,0,-1,single_peak_in_scope,1,0,0,192,358.125,1,[65 32 32],low_confidence,rejected,low,[],[],single/merged MUSIC peak with rank-1-like covariance; music evidence is too weak for coherent pair fallback; not_evaluated,0,1,0,0,1,0,NaN,NaN,NaN,NaN,0.0099159,ok,quick,1306,903397,1,192
coarseAz_bias_sweep,16,32,2,[-0.25 0.25],[0 0],1,1,0,0.5,0,-1,0,-1,single_peak_in_scope,1,0,0,192,358.125,1,[65 32 32],low_confidence,rejected,low,[],[],single/merged MUSIC peak with rank-1-like covariance; music evidence is too weak for coherent pair fallback; not_evaluated,0,1,0,0,1,0,NaN,NaN,NaN,NaN,0.0097731,ok,quick,1307,903398,1,192
coarseAz_bias_sweep,16,32,2,[-0.25 0.25],[0 0],1,1,0,0.5,0,-1,0,-1,single_peak_in_scope,1,0,0,192,358.125,1,[65 32 32],low_confidence,rejected,low,[],[],single/merged MUSIC peak with rank-1-like covariance; music evidence is too weak for coherent pair fallback; not_evaluated,0,1,0,0,1,0,NaN,NaN,NaN,NaN,0.0098861,ok,quick,1308,903399,1,192
coarseAz_bias_sweep,16,32,2,[-0.25 0.25],[0 0],1,1,0,0.5,0,-1,0,-1,single_peak_in_scope,1,0,0,192,358.125,1,[65 32 32],low_confidence,rejected,low,[],[],single/merged MUSIC peak with rank-1-like covariance; music evidence is too weak for coherent pair fallback; not_evaluated,0,1,0,0,1,0,NaN,NaN,NaN,NaN,0.0100525,ok,quick,1309,903400,1,192
coarseAz_bias_sweep,16,32,2,[-0.25 0.25],[0 0],1,1,0,0.5,0,-1,0,-1,single_peak_in_scope,1,0,0,192,358.125,1,[65 32 32],low_confidence,rejected,low,[],[],single/merged MUSIC peak with rank-1-like covariance; music evidence is too weak for coherent pair fallback; not_evaluated,0,1,0,0,1,0,NaN,NaN,NaN,NaN,0.0093608,ok,quick,1310,903401,1,192
coarseAz_bias_sweep,16,32,2,[-0.25 0.25],[0 0],1,1,0,0.5,0,-1,0,-1,single_peak_in_scope,1,0,0,192,358.125,1,[65 32 32],low_confidence,rejected,low,[],[],single/merged MUSIC peak with rank-1-like covariance; music evidence is too weak for coherent pair fallback; not_evaluated,0,1,0,0,1,0,NaN,NaN,NaN,NaN,0.0106638,ok,quick,1311,903402,1,192
coarseAz_bias_sweep,16,32,2,[-0.25 0.25],[0 0],1,1,0,0.5,0,-1,0,-1,single_peak_in_scope,1,0,0,192,358.125,1,[65 32 32],low_confidence,rejected,low,[],[],single/merged MUSIC peak with rank-1-like covariance; music evidence is too weak for coherent pair fallback; not_evaluated,0,1,0,0,1,0,NaN,NaN,NaN,NaN,0.0097198,ok,quick,1312,903403,1,192
coarseAz_bias_sweep,16,32,2,[-0.25 0.25],[0 0],1,1,0,0.5,0,-1,0,-1,single_peak_in_scope,1,0,0,192,358.125,1,[65 32 32],low_confidence,rejected,low,[],[],single/merged MUSIC peak with rank-1-like covariance; music evidence is too weak for coherent pair fallback; not_evaluated,0,1,0,0,1,0,NaN,NaN,NaN,NaN,0.0106828,ok,quick,1313,903404,1,192
coarseAz_bias_sweep,16,32,2,[-0.25 0.25],[0 0],1,1,0,0.5,0,-1,0,-1,single_peak_in_scope,1,0,0,192,358.125,1,[65 32 32],low_confidence,rejected,low,[],[],single/merged MUSIC peak with rank-1-like covariance; music evidence is too weak for coherent pair fallback; not_evaluated,0,1,0,0,1,0,NaN,NaN,NaN,NaN,0.0112538,ok,quick,1314,903405,1,192
coarseAz_bias_sweep,16,32,2,[-0.25 0.25],[0 0],1,1,0,0.5,0,-1,0,-1,single_peak_in_scope,1,0,0,192,358.125,1,[65 32 32],low_confidence,rejected,low,[],[],single/merged MUSIC peak with rank-1-like covariance; music evidence is too weak for coherent pair fallback; not_evaluated,0,1,0,0,1,0,NaN,NaN,NaN,NaN,0.0096518,ok,quick,1315,903406,1,192
coarseAz_bias_sweep,16,32,2,[-0.25 0.25],[0 0],1,1,0,0.5,0,-1,0,-1,single_peak_in_scope,1,0,0,192,358.125,1,[65 32 32],low_confidence,rejected,low,[],[],single/merged MUSIC peak with rank-1-like covariance; music evidence is too weak for coherent pair fallback; not_evaluated,0,1,0,0,1,0,NaN,NaN,NaN,NaN,0.0103231,ok,quick,1316,903407,1,192
coarseAz_bias_sweep,16,32,2,[-0.25 0.25],[0 0],1,1,0,0.5,0,-1,0,-1,single_peak_in_scope,1,0,0,192,358.125,1,[65 32 32],low_confidence,rejected,low,[],[],single/merged MUSIC peak with rank-1-like covariance; music evidence is too weak for coherent pair fallback; not_evaluated,0,1,0,0,1,0,NaN,NaN,NaN,NaN,0.010295,ok,quick,1317,903408,1,192
coarseAz_bias_sweep,16,32,2,[-0.25 0.25],[0 0],1,1,0,0.5,0,-1,0,-1,single_peak_in_scope,1,0,0,192,358.125,1,[65 32 32],low_confidence,rejected,low,[],[],single/merged MUSIC peak with rank-1-like covariance; music evidence is too weak for coherent pair fallback; not_evaluated,0,1,0,0,1,0,NaN,NaN,NaN,NaN,0.0102194,ok,quick,1318,903409,1,192
coarseAz_bias_sweep,16,32,2,[-0.25 0.25],[0 0],1,1,0,0.5,0,-1,0,-1,single_peak_in_scope,1,0,0,192,358.125,1,[65 32 32],low_confidence,rejected,low,[],[],single/merged MUSIC peak with rank-1-like covariance; music evidence is too weak for coherent pair fallback; not_evaluated,0,1,0,0,1,0,NaN,NaN,NaN,NaN,0.0119376,ok,quick,1319,903410,1,192
coarseAz_bias_sweep,16,32,2,[-0.25 0.25],[0 0],1,1,0,0.5,0,-1,0,-1,single_peak_in_scope,1,0,0,192,358.125,1,[65 32 32],low_confidence,rejected,low,[],[],single/merged MUSIC peak with rank-1-like covariance; music evidence is too weak for coherent pair fallback; not_evaluated,0,1,0,0,1,0,NaN,NaN,NaN,NaN,0.0116873,ok,quick,1320,903411,1,192
coarseAz_bias_sweep,16,32,2,[-0.25 0.25],[0 0],1,1,0,0.5,0,-0.5,0,-0.5,single_peak_in_scope,1,0,0,1,0,1,[65 32 32],low_confidence,rejected,low,[],[],single/merged MUSIC peak with rank-1-like covariance; music evidence is too weak for coherent pair fallback; not_evaluated,0,1,0,0,1,0,NaN,NaN,NaN,NaN,0.0105975,ok,quick,1321,903412,1,192
coarseAz_bias_sweep,16,32,2,[-0.25 0.25],[0 0],1,1,0,0.5,0,-0.5,0,-0.5,single_peak_in_scope,1,0,0,1,0,1,[65 32 32],low_confidence,rejected,low,[],[],single/merged MUSIC peak with rank-1-like covariance; music evidence is too weak for coherent pair fallback; not_evaluated,0,1,0,0,1,0,NaN,NaN,NaN,NaN,0.0095973,ok,quick,1322,903413,1,192
coarseAz_bias_sweep,16,32,2,[-0.25 0.25],[0 0],1,1,0,0.5,0,-0.5,0,-0.5,single_peak_in_scope,1,0,0,1,0,1,[65 32 32],low_confidence,rejected,low,[],[],single/merged MUSIC peak with rank-1-like covariance; music evidence is too weak for coherent pair fallback; not_evaluated,0,1,0,0,1,0,NaN,NaN,NaN,NaN,0.0098589,ok,quick,1323,903414,1,192
coarseAz_bias_sweep,16,32,2,[-0.25 0.25],[0 0],1,1,0,0.5,0,-0.5,0,-0.5,single_peak_in_scope,1,0,0,1,0,1,[65 32 32],low_confidence,rejected,low,[],[],single/merged MUSIC peak with rank-1-like covariance; music evidence is too weak for coherent pair fallback; not_evaluated,0,1,0,0,1,0,NaN,NaN,NaN,NaN,0.0112079,ok,quick,1324,903415,1,192
coarseAz_bias_sweep,16,32,2,[-0.25 0.25],[0 0],1,1,0,0.5,0,-0.5,0,-0.5,single_peak_in_scope,1,0,0,1,0,1,[65 32 32],low_confidence,rejected,low,[],[],single/merged MUSIC peak with rank-1-like covariance; music evidence is too weak for coherent pair fallback; not_evaluated,0,1,0,0,1,0,NaN,NaN,NaN,NaN,0.0107401,ok,quick,1325,903416,1,192
coarseAz_bias_sweep,16,32,2,[-0.25 0.25],[0 0],1,1,0,0.5,0,-0.5,0,-0.5,single_peak_in_scope,1,0,0,1,0,1,[65 32 32],low_confidence,rejected,low,[],[],single/merged MUSIC peak with rank-1-like covariance; music evidence is too weak for coherent pair fallback; not_evaluated,0,1,0,0,1,0,NaN,NaN,NaN,NaN,0.009148,ok,quick,1326,903417,1,192
coarseAz_bias_sweep,16,32,2,[-0.25 0.25],[0 0],1,1,0,0.5,0,-0.5,0,-0.5,single_peak_in_scope,1,0,0,1,0,1,[65 32 32],low_confidence,rejected,low,[],[],single/merged MUSIC peak with rank-1-like covariance; music evidence is too weak for coherent pair fallback; not_evaluated,0,1,0,0,1,0,NaN,NaN,NaN,NaN,0.0105437,ok,quick,1327,903418,1,192
coarseAz_bias_sweep,16,32,2,[-0.25 0.25],[0 0],1,1,0,0.5,0,-0.5,0,-0.5,single_peak_in_scope,1,0,0,1,0,1,[65 32 32],low_confidence,rejected,low,[],[],single/merged MUSIC peak with rank-1-like covariance; music evidence is too weak for coherent pair fallback; not_evaluated,0,1,0,0,1,0,NaN,NaN,NaN,NaN,0.0113164,ok,quick,1328,903419,1,192
coarseAz_bias_sweep,16,32,2,[-0.25 0.25],[0 0],1,1,0,0.5,0,-0.5,0,-0.5,single_peak_in_scope,1,0,0,1,0,1,[65 32 32],low_confidence,rejected,low,[],[],single/merged MUSIC peak with rank-1-like covariance; music evidence is too weak for coherent pair fallback; not_evaluated,0,1,0,0,1,0,NaN,NaN,NaN,NaN,0.022643,ok,quick,1329,903420,1,192
coarseAz_bias_sweep,16,32,2,[-0.25 0.25],[0 0],1,1,0,0.5,0,-0.5,0,-0.5,single_peak_in_scope,1,0,0,1,0,1,[65 32 32],low_confidence,rejected,low,[],[],single/merged MUSIC peak with rank-1-like covariance; music evidence is too weak for coherent pair fallback; not_evaluated,0,1,0,0,1,0,NaN,NaN,NaN,NaN,0.0131374,ok,quick,1330,903421,1,192
coarseAz_bias_sweep,16,32,2,[-0.25 0.25],[0 0],1,1,0,0.5,0,-0.5,0,-0.5,single_peak_in_scope,1,0,0,1,0,1,[65 32 32],low_confidence,rejected,low,[],[],single/merged MUSIC peak with rank-1-like covariance; music evidence is too weak for coherent pair fallback; not_evaluated,0,1,0,0,1,0,NaN,NaN,NaN,NaN,0.0092691,ok,quick,1331,903422,1,192
coarseAz_bias_sweep,16,32,2,[-0.25 0.25],[0 0],1,1,0,0.5,0,-0.5,0,-0.5,single_peak_in_scope,1,0,0,1,0,1,[65 32 32],low_confidence,rejected,low,[],[],single/merged MUSIC peak with rank-1-like covariance; music evidence is too weak for coherent pair fallback; not_evaluated,0,1,0,0,1,0,NaN,NaN,NaN,NaN,0.0094894,ok,quick,1332,903423,1,192
coarseAz_bias_sweep,16,32,2,[-0.25 0.25],[0 0],1,1,0,0.5,0,-0.5,0,-0.5,single_peak_in_scope,1,0,0,1,0,1,[65 32 32],low_confidence,rejected,low,[],[],single/merged MUSIC peak with rank-1-like covariance; music evidence is too weak for coherent pair fallback; not_evaluated,0,1,0,0,1,0,NaN,NaN,NaN,NaN,0.0098949,ok,quick,1333,903424,1,192
coarseAz_bias_sweep,16,32,2,[-0.25 0.25],[0 0],1,1,0,0.5,0,-0.5,0,-0.5,single_peak_in_scope,1,0,0,1,0,1,[65 32 32],low_confidence,rejected,low,[],[],single/merged MUSIC peak with rank-1-like covariance; music evidence is too weak for coherent pair fallback; not_evaluated,0,1,0,0,1,0,NaN,NaN,NaN,NaN,0.0093629,ok,quick,1334,903425,1,192
coarseAz_bias_sweep,16,32,2,[-0.25 0.25],[0 0],1,1,0,0.5,0,-0.5,0,-0.5,single_peak_in_scope,1,0,0,1,0,1,[65 32 32],low_confidence,rejected,low,[],[],single/merged MUSIC peak with rank-1-like covariance; music evidence is too weak for coherent pair fallback; not_evaluated,0,1,0,0,1,0,NaN,NaN,NaN,NaN,0.0095596,ok,quick,1335,903426,1,192
coarseAz_bias_sweep,16,32,2,[-0.25 0.25],[0 0],1,1,0,0.5,0,-0.5,0,-0.5,single_peak_in_scope,1,0,0,1,0,1,[65 32 32],low_confidence,rejected,low,[],[],single/merged MUSIC peak with rank-1-like covariance; music evidence is too weak for coherent pair fallback; not_evaluated,0,1,0,0,1,0,NaN,NaN,NaN,NaN,0.0103675,ok,quick,1336,903427,1,192
coarseAz_bias_sweep,16,32,2,[-0.25 0.25],[0 0],1,1,0,0.5,0,-0.5,0,-0.5,single_peak_in_scope,1,0,0,1,0,1,[65 32 32],low_confidence,rejected,low,[],[],single/merged MUSIC peak with rank-1-like covariance; music evidence is too weak for coherent pair fallback; not_evaluated,0,1,0,0,1,0,NaN,NaN,NaN,NaN,0.010089,ok,quick,1337,903428,1,192
coarseAz_bias_sweep,16,32,2,[-0.25 0.25],[0 0],1,1,0,0.5,0,-0.5,0,-0.5,single_peak_in_scope,1,0,0,1,0,1,[65 32 32],low_confidence,rejected,low,[],[],single/merged MUSIC peak with rank-1-like covariance; music evidence is too weak for coherent pair fallback; not_evaluated,0,1,0,0,1,0,NaN,NaN,NaN,NaN,0.009011,ok,quick,1338,903429,1,192
coarseAz_bias_sweep,16,32,2,[-0.25 0.25],[0 0],1,1,0,0.5,0,-0.5,0,-0.5,single_peak_in_scope,1,0,0,1,0,1,[65 32 32],low_confidence,rejected,low,[],[],single/merged MUSIC peak with rank-1-like covariance; music evidence is too weak for coherent pair fallback; not_evaluated,0,1,0,0,1,0,NaN,NaN,NaN,NaN,0.009674,ok,quick,1339,903430,1,192
coarseAz_bias_sweep,16,32,2,[-0.25 0.25],[0 0],1,1,0,0.5,0,-0.5,0,-0.5,single_peak_in_scope,1,0,0,1,0,1,[65 32 32],low_confidence,rejected,low,[],[],single/merged MUSIC peak with rank-1-like covariance; music evidence is too weak for coherent pair fallback; not_evaluated,0,1,0,0,1,0,NaN,NaN,NaN,NaN,0.0093152,ok,quick,1340,903431,1,192
coarseAz_bias_sweep,16,32,2,[-0.25 0.25],[0 0],1,1,0,0.5,0,-0.5,0,-0.5,single_peak_in_scope,1,0,0,1,0,1,[65 32 32],low_confidence,rejected,low,[],[],single/merged MUSIC peak with rank-1-like covariance; music evidence is too weak for coherent pair fallback; not_evaluated,0,1,0,0,1,0,NaN,NaN,NaN,NaN,0.0099469,ok,quick,1341,903432,1,192
coarseAz_bias_sweep,16,32,2,[-0.25 0.25],[0 0],1,1,0,0.5,0,-0.5,0,-0.5,single_peak_in_scope,1,0,0,1,0,1,[65 32 32],low_confidence,rejected,low,[],[],single/merged MUSIC peak with rank-1-like covariance; music evidence is too weak for coherent pair fallback; not_evaluated,0,1,0,0,1,0,NaN,NaN,NaN,NaN,0.0124983,ok,quick,1342,903433,1,192
coarseAz_bias_sweep,16,32,2,[-0.25 0.25],[0 0],1,1,0,0.5,0,-0.5,0,-0.5,single_peak_in_scope,1,0,0,1,0,1,[65 32 32],low_confidence,rejected,low,[],[],single/merged MUSIC peak with rank-1-like covariance; music evidence is too weak for coherent pair fallback; not_evaluated,0,1,0,0,1,0,NaN,NaN,NaN,NaN,0.0105285,ok,quick,1343,903434,1,192
coarseAz_bias_sweep,16,32,2,[-0.25 0.25],[0 0],1,1,0,0.5,0,-0.5,0,-0.5,single_peak_in_scope,1,0,0,1,0,1,[65 32 32],low_confidence,rejected,low,[],[],single/merged MUSIC peak with rank-1-like covariance; music evidence is too weak for coherent pair fallback; not_evaluated,0,1,0,0,1,0,NaN,NaN,NaN,NaN,0.0105846,ok,quick,1344,903435,1,192
coarseAz_bias_sweep,16,32,2,[-0.25 0.25],[0 0],1,1,0,0.5,0,-0.5,0,-0.5,single_peak_in_scope,1,0,0,1,0,1,[65 32 32],low_confidence,rejected,low,[],[],single/merged MUSIC peak with rank-1-like covariance; music evidence is too weak for coherent pair fallback; not_evaluated,0,1,0,0,1,0,NaN,NaN,NaN,NaN,0.0103781,ok,quick,1345,903436,1,192
coarseAz_bias_sweep,16,32,2,[-0.25 0.25],[0 0],1,1,0,0.5,0,-0.5,0,-0.5,single_peak_in_scope,1,0,0,1,0,1,[65 32 32],low_confidence,rejected,low,[],[],single/merged MUSIC peak with rank-1-like covariance; music evidence is too weak for coherent pair fallback; not_evaluated,0,1,0,0,1,0,NaN,NaN,NaN,NaN,0.0091493,ok,quick,1346,903437,1,192
coarseAz_bias_sweep,16,32,2,[-0.25 0.25],[0 0],1,1,0,0.5,0,-0.5,0,-0.5,single_peak_in_scope,1,0,0,1,0,1,[65 32 32],low_confidence,rejected,low,[],[],single/merged MUSIC peak with rank-1-like covariance; music evidence is too weak for coherent pair fallback; not_evaluated,0,1,0,0,1,0,NaN,NaN,NaN,NaN,0.0093004,ok,quick,1347,903438,1,192
coarseAz_bias_sweep,16,32,2,[-0.25 0.25],[0 0],1,1,0,0.5,0,-0.5,0,-0.5,single_peak_in_scope,1,0,0,1,0,1,[65 32 32],low_confidence,rejected,low,[],[],single/merged MUSIC peak with rank-1-like covariance; music evidence is too weak for coherent pair fallback; not_evaluated,0,1,0,0,1,0,NaN,NaN,NaN,NaN,0.0102255,ok,quick,1348,903439,1,192
coarseAz_bias_sweep,16,32,2,[-0.25 0.25],[0 0],1,1,0,0.5,0,-0.5,0,-0.5,single_peak_in_scope,1,0,0,1,0,1,[65 32 32],low_confidence,rejected,low,[],[],single/merged MUSIC peak with rank-1-like covariance; music evidence is too weak for coherent pair fallback; not_evaluated,0,1,0,0,1,0,NaN,NaN,NaN,NaN,0.009164,ok,quick,1349,903440,1,192
coarseAz_bias_sweep,16,32,2,[-0.25 0.25],[0 0],1,1,0,0.5,0,-0.5,0,-0.5,single_peak_in_scope,1,0,0,1,0,1,[65 32 32],low_confidence,rejected,low,[],[],single/merged MUSIC peak with rank-1-like covariance; music evidence is too weak for coherent pair fallback; not_evaluated,0,1,0,0,1,0,NaN,NaN,NaN,NaN,0.0094479,ok,quick,1350,903441,1,192
coarseAz_bias_sweep,16,32,2,[-0.25 0.25],[0 0],1,1,0,0.5,0,0,0,0,single_peak_in_scope,1,0,0,1,0,1,[65 32 32],low_confidence,rejected,low,[],[],single/merged MUSIC peak with rank-1-like covariance; music evidence is too weak for coherent pair fallback; not_evaluated,0,1,0,0,1,0,NaN,NaN,NaN,NaN,0.0090636,ok,quick,1351,903442,1,192
coarseAz_bias_sweep,16,32,2,[-0.25 0.25],[0 0],1,1,0,0.5,0,0,0,0,single_peak_in_scope,1,0,0,1,0,1,[65 32 32],low_confidence,rejected,low,[],[],single/merged MUSIC peak with rank-1-like covariance; music evidence is too weak for coherent pair fallback; not_evaluated,0,1,0,0,1,0,NaN,NaN,NaN,NaN,0.0104661,ok,quick,1352,903443,1,192
coarseAz_bias_sweep,16,32,2,[-0.25 0.25],[0 0],1,1,0,0.5,0,0,0,0,single_peak_in_scope,1,0,0,1,0,1,[65 32 32],low_confidence,rejected,low,[],[],single/merged MUSIC peak with rank-1-like covariance; music evidence is too weak for coherent pair fallback; not_evaluated,0,1,0,0,1,0,NaN,NaN,NaN,NaN,0.0102605,ok,quick,1353,903444,1,192
coarseAz_bias_sweep,16,32,2,[-0.25 0.25],[0 0],1,1,0,0.5,0,0,0,0,single_peak_in_scope,1,0,0,1,0,1,[65 32 32],low_confidence,rejected,low,[],[],single/merged MUSIC peak with rank-1-like covariance; music evidence is too weak for coherent pair fallback; not_evaluated,0,1,0,0,1,0,NaN,NaN,NaN,NaN,0.0107828,ok,quick,1354,903445,1,192
coarseAz_bias_sweep,16,32,2,[-0.25 0.25],[0 0],1,1,0,0.5,0,0,0,0,single_peak_in_scope,1,0,0,1,0,1,[65 32 32],low_confidence,rejected,low,[],[],single/merged MUSIC peak with rank-1-like covariance; music evidence is too weak for coherent pair fallback; not_evaluated,0,1,0,0,1,0,NaN,NaN,NaN,NaN,0.0099942,ok,quick,1355,903446,1,192
coarseAz_bias_sweep,16,32,2,[-0.25 0.25],[0 0],1,1,0,0.5,0,0,0,0,single_peak_in_scope,1,0,0,1,0,1,[65 32 32],low_confidence,rejected,low,[],[],single/merged MUSIC peak with rank-1-like covariance; music evidence is too weak for coherent pair fallback; not_evaluated,0,1,0,0,1,0,NaN,NaN,NaN,NaN,0.0099825,ok,quick,1356,903447,1,192
coarseAz_bias_sweep,16,32,2,[-0.25 0.25],[0 0],1,1,0,0.5,0,0,0,0,single_peak_in_scope,1,0,0,1,0,1,[65 32 32],low_confidence,rejected,low,[],[],single/merged MUSIC peak with rank-1-like covariance; music evidence is too weak for coherent pair fallback; not_evaluated,0,1,0,0,1,0,NaN,NaN,NaN,NaN,0.0100072,ok,quick,1357,903448,1,192
coarseAz_bias_sweep,16,32,2,[-0.25 0.25],[0 0],1,1,0,0.5,0,0,0,0,single_peak_in_scope,1,0,0,1,0,1,[65 32 32],low_confidence,rejected,low,[],[],single/merged MUSIC peak with rank-1-like covariance; music evidence is too weak for coherent pair fallback; not_evaluated,0,1,0,0,1,0,NaN,NaN,NaN,NaN,0.0093966,ok,quick,1358,903449,1,192
coarseAz_bias_sweep,16,32,2,[-0.25 0.25],[0 0],1,1,0,0.5,0,0,0,0,single_peak_in_scope,1,0,0,1,0,1,[65 32 32],low_confidence,rejected,low,[],[],single/merged MUSIC peak with rank-1-like covariance; music evidence is too weak for coherent pair fallback; not_evaluated,0,1,0,0,1,0,NaN,NaN,NaN,NaN,0.0106943,ok,quick,1359,903450,1,192
coarseAz_bias_sweep,16,32,2,[-0.25 0.25],[0 0],1,1,0,0.5,0,0,0,0,single_peak_in_scope,1,0,0,1,0,1,[65 32 32],low_confidence,rejected,low,[],[],single/merged MUSIC peak with rank-1-like covariance; music evidence is too weak for coherent pair fallback; not_evaluated,0,1,0,0,1,0,NaN,NaN,NaN,NaN,0.0106022,ok,quick,1360,903451,1,192
coarseAz_bias_sweep,16,32,2,[-0.25 0.25],[0 0],1,1,0,0.5,0,0,0,0,single_peak_in_scope,1,0,0,1,0,1,[65 32 32],low_confidence,rejected,low,[],[],single/merged MUSIC peak with rank-1-like covariance; music evidence is too weak for coherent pair fallback; not_evaluated,0,1,0,0,1,0,NaN,NaN,NaN,NaN,0.0090014,ok,quick,1361,903452,1,192
coarseAz_bias_sweep,16,32,2,[-0.25 0.25],[0 0],1,1,0,0.5,0,0,0,0,single_peak_in_scope,1,0,0,1,0,1,[65 32 32],low_confidence,rejected,low,[],[],single/merged MUSIC peak with rank-1-like covariance; music evidence is too weak for coherent pair fallback; not_evaluated,0,1,0,0,1,0,NaN,NaN,NaN,NaN,0.0098264,ok,quick,1362,903453,1,192
coarseAz_bias_sweep,16,32,2,[-0.25 0.25],[0 0],1,1,0,0.5,0,0,0,0,single_peak_in_scope,1,0,0,1,0,1,[65 32 32],low_confidence,rejected,low,[],[],single/merged MUSIC peak with rank-1-like covariance; music evidence is too weak for coherent pair fallback; not_evaluated,0,1,0,0,1,0,NaN,NaN,NaN,NaN,0.0087376,ok,quick,1363,903454,1,192
coarseAz_bias_sweep,16,32,2,[-0.25 0.25],[0 0],1,1,0,0.5,0,0,0,0,single_peak_in_scope,1,0,0,1,0,1,[65 32 32],low_confidence,rejected,low,[],[],single/merged MUSIC peak with rank-1-like covariance; music evidence is too weak for coherent pair fallback; not_evaluated,0,1,0,0,1,0,NaN,NaN,NaN,NaN,0.0104148,ok,quick,1364,903455,1,192
coarseAz_bias_sweep,16,32,2,[-0.25 0.25],[0 0],1,1,0,0.5,0,0,0,0,single_peak_in_scope,1,0,0,1,0,1,[65 32 32],low_confidence,rejected,low,[],[],single/merged MUSIC peak with rank-1-like covariance; music evidence is too weak for coherent pair fallback; not_evaluated,0,1,0,0,1,0,NaN,NaN,NaN,NaN,0.0091041,ok,quick,1365,903456,1,192
coarseAz_bias_sweep,16,32,2,[-0.25 0.25],[0 0],1,1,0,0.5,0,0,0,0,single_peak_in_scope,1,0,0,1,0,1,[65 32 32],low_confidence,rejected,low,[],[],single/merged MUSIC peak with rank-1-like covariance; music evidence is too weak for coherent pair fallback; not_evaluated,0,1,0,0,1,0,NaN,NaN,NaN,NaN,0.0096432,ok,quick,1366,903457,1,192
coarseAz_bias_sweep,16,32,2,[-0.25 0.25],[0 0],1,1,0,0.5,0,0,0,0,single_peak_in_scope,1,0,0,1,0,1,[65 32 32],low_confidence,rejected,low,[],[],single/merged MUSIC peak with rank-1-like covariance; music evidence is too weak for coherent pair fallback; not_evaluated,0,1,0,0,1,0,NaN,NaN,NaN,NaN,0.0095882,ok,quick,1367,903458,1,192
coarseAz_bias_sweep,16,32,2,[-0.25 0.25],[0 0],1,1,0,0.5,0,0,0,0,single_peak_in_scope,1,0,0,1,0,1,[65 32 32],low_confidence,rejected,low,[],[],single/merged MUSIC peak with rank-1-like covariance; music evidence is too weak for coherent pair fallback; not_evaluated,0,1,0,0,1,0,NaN,NaN,NaN,NaN,0.0100126,ok,quick,1368,903459,1,192
coarseAz_bias_sweep,16,32,2,[-0.25 0.25],[0 0],1,1,0,0.5,0,0,0,0,single_peak_in_scope,1,0,0,1,0,1,[65 32 32],low_confidence,rejected,low,[],[],single/merged MUSIC peak with rank-1-like covariance; music evidence is too weak for coherent pair fallback; not_evaluated,0,1,0,0,1,0,NaN,NaN,NaN,NaN,0.0091918,ok,quick,1369,903460,1,192
coarseAz_bias_sweep,16,32,2,[-0.25 0.25],[0 0],1,1,0,0.5,0,0,0,0,single_peak_in_scope,1,0,0,1,0,1,[65 32 32],low_confidence,rejected,low,[],[],single/merged MUSIC peak with rank-1-like covariance; music evidence is too weak for coherent pair fallback; not_evaluated,0,1,0,0,1,0,NaN,NaN,NaN,NaN,0.013259,ok,quick,1370,903461,1,192
coarseAz_bias_sweep,16,32,2,[-0.25 0.25],[0 0],1,1,0,0.5,0,0,0,0,single_peak_in_scope,1,0,0,1,0,1,[65 32 32],low_confidence,rejected,low,[],[],single/merged MUSIC peak with rank-1-like covariance; music evidence is too weak for coherent pair fallback; not_evaluated,0,1,0,0,1,0,NaN,NaN,NaN,NaN,0.0089784,ok,quick,1371,903462,1,192
coarseAz_bias_sweep,16,32,2,[-0.25 0.25],[0 0],1,1,0,0.5,0,0,0,0,single_peak_in_scope,1,0,0,1,0,1,[65 32 32],low_confidence,rejected,low,[],[],single/merged MUSIC peak with rank-1-like covariance; music evidence is too weak for coherent pair fallback; not_evaluated,0,1,0,0,1,0,NaN,NaN,NaN,NaN,0.0099294,ok,quick,1372,903463,1,192
coarseAz_bias_sweep,16,32,2,[-0.25 0.25],[0 0],1,1,0,0.5,0,0,0,0,single_peak_in_scope,1,0,0,1,0,1,[65 32 32],low_confidence,rejected,low,[],[],single/merged MUSIC peak with rank-1-like covariance; music evidence is too weak for coherent pair fallback; not_evaluated,0,1,0,0,1,0,NaN,NaN,NaN,NaN,0.0098955,ok,quick,1373,903464,1,192
coarseAz_bias_sweep,16,32,2,[-0.25 0.25],[0 0],1,1,0,0.5,0,0,0,0,single_peak_in_scope,1,0,0,1,0,1,[65 32 32],low_confidence,rejected,low,[],[],single/merged MUSIC peak with rank-1-like covariance; music evidence is too weak for coherent pair fallback; not_evaluated,0,1,0,0,1,0,NaN,NaN,NaN,NaN,0.0107371,ok,quick,1374,903465,1,192
coarseAz_bias_sweep,16,32,2,[-0.25 0.25],[0 0],1,1,0,0.5,0,0,0,0,single_peak_in_scope,1,0,0,1,0,1,[65 32 32],low_confidence,rejected,low,[],[],single/merged MUSIC peak with rank-1-like covariance; music evidence is too weak for coherent pair fallback; not_evaluated,0,1,0,0,1,0,NaN,NaN,NaN,NaN,0.0090025,ok,quick,1375,903466,1,192
coarseAz_bias_sweep,16,32,2,[-0.25 0.25],[0 0],1,1,0,0.5,0,0,0,0,single_peak_in_scope,1,0,0,1,0,1,[65 32 32],low_confidence,rejected,low,[],[],single/merged MUSIC peak with rank-1-like covariance; music evidence is too weak for coherent pair fallback; not_evaluated,0,1,0,0,1,0,NaN,NaN,NaN,NaN,0.0098898,ok,quick,1376,903467,1,192
coarseAz_bias_sweep,16,32,2,[-0.25 0.25],[0 0],1,1,0,0.5,0,0,0,0,single_peak_in_scope,1,0,0,1,0,1,[65 32 32],low_confidence,rejected,low,[],[],single/merged MUSIC peak with rank-1-like covariance; music evidence is too weak for coherent pair fallback; not_evaluated,0,1,0,0,1,0,NaN,NaN,NaN,NaN,0.0093651,ok,quick,1377,903468,1,192
coarseAz_bias_sweep,16,32,2,[-0.25 0.25],[0 0],1,1,0,0.5,0,0,0,0,single_peak_in_scope,1,0,0,1,0,1,[65 32 32],low_confidence,rejected,low,[],[],single/merged MUSIC peak with rank-1-like covariance; music evidence is too weak for coherent pair fallback; not_evaluated,0,1,0,0,1,0,NaN,NaN,NaN,NaN,0.0095867,ok,quick,1378,903469,1,192
coarseAz_bias_sweep,16,32,2,[-0.25 0.25],[0 0],1,1,0,0.5,0,0,0,0,single_peak_in_scope,1,0,0,1,0,1,[65 32 32],low_confidence,rejected,low,[],[],single/merged MUSIC peak with rank-1-like covariance; music evidence is too weak for coherent pair fallback; not_evaluated,0,1,0,0,1,0,NaN,NaN,NaN,NaN,0.0107396,ok,quick,1379,903470,1,192
coarseAz_bias_sweep,16,32,2,[-0.25 0.25],[0 0],1,1,0,0.5,0,0,0,0,single_peak_in_scope,1,0,0,1,0,1,[65 32 32],low_confidence,rejected,low,[],[],single/merged MUSIC peak with rank-1-like covariance; music evidence is too weak for coherent pair fallback; not_evaluated,0,1,0,0,1,0,NaN,NaN,NaN,NaN,0.0100518,ok,quick,1380,903471,1,192
coarseAz_bias_sweep,16,32,2,[-0.25 0.25],[0 0],1,1,0,0.5,0,0.5,0,0.5,single_peak_in_scope,1,0,0,1,0,1,[65 32 32],low_confidence,rejected,low,[],[],single/merged MUSIC peak with rank-1-like covariance; music evidence is too weak for coherent pair fallback; not_evaluated,0,1,0,0,1,0,NaN,NaN,NaN,NaN,0.0102508,ok,quick,1381,903472,1,192
coarseAz_bias_sweep,16,32,2,[-0.25 0.25],[0 0],1,1,0,0.5,0,0.5,0,0.5,single_peak_in_scope,1,0,0,1,0,1,[65 32 32],low_confidence,rejected,low,[],[],single/merged MUSIC peak with rank-1-like covariance; music evidence is too weak for coherent pair fallback; not_evaluated,0,1,0,0,1,0,NaN,NaN,NaN,NaN,0.009341,ok,quick,1382,903473,1,192
coarseAz_bias_sweep,16,32,2,[-0.25 0.25],[0 0],1,1,0,0.5,0,0.5,0,0.5,single_peak_in_scope,1,0,0,1,0,1,[65 32 32],low_confidence,rejected,low,[],[],single/merged MUSIC peak with rank-1-like covariance; music evidence is too weak for coherent pair fallback; not_evaluated,0,1,0,0,1,0,NaN,NaN,NaN,NaN,0.0105262,ok,quick,1383,903474,1,192
coarseAz_bias_sweep,16,32,2,[-0.25 0.25],[0 0],1,1,0,0.5,0,0.5,0,0.5,single_peak_in_scope,1,0,0,1,0,1,[65 32 32],low_confidence,rejected,low,[],[],single/merged MUSIC peak with rank-1-like covariance; music evidence is too weak for coherent pair fallback; not_evaluated,0,1,0,0,1,0,NaN,NaN,NaN,NaN,0.0106005,ok,quick,1384,903475,1,192
coarseAz_bias_sweep,16,32,2,[-0.25 0.25],[0 0],1,1,0,0.5,0,0.5,0,0.5,single_peak_in_scope,1,0,0,1,0,1,[65 32 32],low_confidence,rejected,low,[],[],single/merged MUSIC peak with rank-1-like covariance; music evidence is too weak for coherent pair fallback; not_evaluated,0,1,0,0,1,0,NaN,NaN,NaN,NaN,0.0107613,ok,quick,1385,903476,1,192
coarseAz_bias_sweep,16,32,2,[-0.25 0.25],[0 0],1,1,0,0.5,0,0.5,0,0.5,single_peak_in_scope,1,0,0,1,0,1,[65 32 32],low_confidence,rejected,low,[],[],single/merged MUSIC peak with rank-1-like covariance; music evidence is too weak for coherent pair fallback; not_evaluated,0,1,0,0,1,0,NaN,NaN,NaN,NaN,0.0095091,ok,quick,1386,903477,1,192
coarseAz_bias_sweep,16,32,2,[-0.25 0.25],[0 0],1,1,0,0.5,0,0.5,0,0.5,single_peak_in_scope,1,0,0,1,0,1,[65 32 32],low_confidence,rejected,low,[],[],single/merged MUSIC peak with rank-1-like covariance; music evidence is too weak for coherent pair fallback; not_evaluated,0,1,0,0,1,0,NaN,NaN,NaN,NaN,0.0100322,ok,quick,1387,903478,1,192
coarseAz_bias_sweep,16,32,2,[-0.25 0.25],[0 0],1,1,0,0.5,0,0.5,0,0.5,single_peak_in_scope,1,0,0,1,0,1,[65 32 32],low_confidence,rejected,low,[],[],single/merged MUSIC peak with rank-1-like covariance; music evidence is too weak for coherent pair fallback; not_evaluated,0,1,0,0,1,0,NaN,NaN,NaN,NaN,0.0105641,ok,quick,1388,903479,1,192
coarseAz_bias_sweep,16,32,2,[-0.25 0.25],[0 0],1,1,0,0.5,0,0.5,0,0.5,single_peak_in_scope,1,0,0,1,0,1,[65 32 32],low_confidence,rejected,low,[],[],single/merged MUSIC peak with rank-1-like covariance; music evidence is too weak for coherent pair fallback; not_evaluated,0,1,0,0,1,0,NaN,NaN,NaN,NaN,0.0110917,ok,quick,1389,903480,1,192
coarseAz_bias_sweep,16,32,2,[-0.25 0.25],[0 0],1,1,0,0.5,0,0.5,0,0.5,single_peak_in_scope,1,0,0,1,0,1,[65 32 32],low_confidence,rejected,low,[],[],single/merged MUSIC peak with rank-1-like covariance; music evidence is too weak for coherent pair fallback; not_evaluated,0,1,0,0,1,0,NaN,NaN,NaN,NaN,0.0095389,ok,quick,1390,903481,1,192
coarseAz_bias_sweep,16,32,2,[-0.25 0.25],[0 0],1,1,0,0.5,0,0.5,0,0.5,single_peak_in_scope,1,0,0,1,0,1,[65 32 32],low_confidence,rejected,low,[],[],single/merged MUSIC peak with rank-1-like covariance; music evidence is too weak for coherent pair fallback; not_evaluated,0,1,0,0,1,0,NaN,NaN,NaN,NaN,0.0096337,ok,quick,1391,903482,1,192
coarseAz_bias_sweep,16,32,2,[-0.25 0.25],[0 0],1,1,0,0.5,0,0.5,0,0.5,single_peak_in_scope,1,0,0,1,0,1,[65 32 32],low_confidence,rejected,low,[],[],single/merged MUSIC peak with rank-1-like covariance; music evidence is too weak for coherent pair fallback; not_evaluated,0,1,0,0,1,0,NaN,NaN,NaN,NaN,0.0105364,ok,quick,1392,903483,1,192
coarseAz_bias_sweep,16,32,2,[-0.25 0.25],[0 0],1,1,0,0.5,0,0.5,0,0.5,single_peak_in_scope,1,0,0,1,0,1,[65 32 32],low_confidence,rejected,low,[],[],single/merged MUSIC peak with rank-1-like covariance; music evidence is too weak for coherent pair fallback; not_evaluated,0,1,0,0,1,0,NaN,NaN,NaN,NaN,0.0103799,ok,quick,1393,903484,1,192
coarseAz_bias_sweep,16,32,2,[-0.25 0.25],[0 0],1,1,0,0.5,0,0.5,0,0.5,single_peak_in_scope,1,0,0,1,0,1,[65 32 32],low_confidence,rejected,low,[],[],single/merged MUSIC peak with rank-1-like covariance; music evidence is too weak for coherent pair fallback; not_evaluated,0,1,0,0,1,0,NaN,NaN,NaN,NaN,0.009865,ok,quick,1394,903485,1,192
coarseAz_bias_sweep,16,32,2,[-0.25 0.25],[0 0],1,1,0,0.5,0,0.5,0,0.5,single_peak_in_scope,1,0,0,1,0,1,[65 32 32],low_confidence,rejected,low,[],[],single/merged MUSIC peak with rank-1-like covariance; music evidence is too weak for coherent pair fallback; not_evaluated,0,1,0,0,1,0,NaN,NaN,NaN,NaN,0.0113738,ok,quick,1395,903486,1,192
coarseAz_bias_sweep,16,32,2,[-0.25 0.25],[0 0],1,1,0,0.5,0,0.5,0,0.5,single_peak_in_scope,1,0,0,1,0,1,[65 32 32],low_confidence,rejected,low,[],[],single/merged MUSIC peak with rank-1-like covariance; music evidence is too weak for coherent pair fallback; not_evaluated,0,1,0,0,1,0,NaN,NaN,NaN,NaN,0.0110795,ok,quick,1396,903487,1,192
coarseAz_bias_sweep,16,32,2,[-0.25 0.25],[0 0],1,1,0,0.5,0,0.5,0,0.5,single_peak_in_scope,1,0,0,1,0,1,[65 32 32],low_confidence,rejected,low,[],[],single/merged MUSIC peak with rank-1-like covariance; music evidence is too weak for coherent pair fallback; not_evaluated,0,1,0,0,1,0,NaN,NaN,NaN,NaN,0.0095979,ok,quick,1397,903488,1,192
coarseAz_bias_sweep,16,32,2,[-0.25 0.25],[0 0],1,1,0,0.5,0,0.5,0,0.5,single_peak_in_scope,1,0,0,1,0,1,[65 32 32],low_confidence,rejected,low,[],[],single/merged MUSIC peak with rank-1-like covariance; music evidence is too weak for coherent pair fallback; not_evaluated,0,1,0,0,1,0,NaN,NaN,NaN,NaN,0.0084829,ok,quick,1398,903489,1,192
coarseAz_bias_sweep,16,32,2,[-0.25 0.25],[0 0],1,1,0,0.5,0,0.5,0,0.5,single_peak_in_scope,1,0,0,1,0,1,[65 32 32],low_confidence,rejected,low,[],[],single/merged MUSIC peak with rank-1-like covariance; music evidence is too weak for coherent pair fallback; not_evaluated,0,1,0,0,1,0,NaN,NaN,NaN,NaN,0.0094887,ok,quick,1399,903490,1,192
coarseAz_bias_sweep,16,32,2,[-0.25 0.25],[0 0],1,1,0,0.5,0,0.5,0,0.5,single_peak_in_scope,1,0,0,1,0,1,[65 32 32],low_confidence,rejected,low,[],[],single/merged MUSIC peak with rank-1-like covariance; music evidence is too weak for coherent pair fallback; not_evaluated,0,1,0,0,1,0,NaN,NaN,NaN,NaN,0.0113643,ok,quick,1400,903491,1,192
coarseAz_bias_sweep,16,32,2,[-0.25 0.25],[0 0],1,1,0,0.5,0,0.5,0,0.5,single_peak_in_scope,1,0,0,1,0,1,[65 32 32],low_confidence,rejected,low,[],[],single/merged MUSIC peak with rank-1-like covariance; music evidence is too weak for coherent pair fallback; not_evaluated,0,1,0,0,1,0,NaN,NaN,NaN,NaN,0.0095062,ok,quick,1401,903492,1,192
coarseAz_bias_sweep,16,32,2,[-0.25 0.25],[0 0],1,1,0,0.5,0,0.5,0,0.5,single_peak_in_scope,1,0,0,1,0,1,[65 32 32],low_confidence,rejected,low,[],[],single/merged MUSIC peak with rank-1-like covariance; music evidence is too weak for coherent pair fallback; not_evaluated,0,1,0,0,1,0,NaN,NaN,NaN,NaN,0.0093694,ok,quick,1402,903493,1,192
coarseAz_bias_sweep,16,32,2,[-0.25 0.25],[0 0],1,1,0,0.5,0,0.5,0,0.5,single_peak_in_scope,1,0,0,1,0,1,[65 32 32],low_confidence,rejected,low,[],[],single/merged MUSIC peak with rank-1-like covariance; music evidence is too weak for coherent pair fallback; not_evaluated,0,1,0,0,1,0,NaN,NaN,NaN,NaN,0.0094022,ok,quick,1403,903494,1,192
coarseAz_bias_sweep,16,32,2,[-0.25 0.25],[0 0],1,1,0,0.5,0,0.5,0,0.5,single_peak_in_scope,1,0,0,1,0,1,[65 32 32],low_confidence,rejected,low,[],[],single/merged MUSIC peak with rank-1-like covariance; music evidence is too weak for coherent pair fallback; not_evaluated,0,1,0,0,1,0,NaN,NaN,NaN,NaN,0.0098964,ok,quick,1404,903495,1,192
coarseAz_bias_sweep,16,32,2,[-0.25 0.25],[0 0],1,1,0,0.5,0,0.5,0,0.5,single_peak_in_scope,1,0,0,1,0,1,[65 32 32],low_confidence,rejected,low,[],[],single/merged MUSIC peak with rank-1-like covariance; music evidence is too weak for coherent pair fallback; not_evaluated,0,1,0,0,1,0,NaN,NaN,NaN,NaN,0.0093741,ok,quick,1405,903496,1,192
coarseAz_bias_sweep,16,32,2,[-0.25 0.25],[0 0],1,1,0,0.5,0,0.5,0,0.5,single_peak_in_scope,1,0,0,1,0,1,[65 32 32],low_confidence,rejected,low,[],[],single/merged MUSIC peak with rank-1-like covariance; music evidence is too weak for coherent pair fallback; not_evaluated,0,1,0,0,1,0,NaN,NaN,NaN,NaN,0.0104368,ok,quick,1406,903497,1,192
coarseAz_bias_sweep,16,32,2,[-0.25 0.25],[0 0],1,1,0,0.5,0,0.5,0,0.5,single_peak_in_scope,1,0,0,1,0,1,[65 32 32],low_confidence,rejected,low,[],[],single/merged MUSIC peak with rank-1-like covariance; music evidence is too weak for coherent pair fallback; not_evaluated,0,1,0,0,1,0,NaN,NaN,NaN,NaN,0.0111638,ok,quick,1407,903498,1,192
coarseAz_bias_sweep,16,32,2,[-0.25 0.25],[0 0],1,1,0,0.5,0,0.5,0,0.5,single_peak_in_scope,1,0,0,1,0,1,[65 32 32],low_confidence,rejected,low,[],[],single/merged MUSIC peak with rank-1-like covariance; music evidence is too weak for coherent pair fallback; not_evaluated,0,1,0,0,1,0,NaN,NaN,NaN,NaN,0.0099697,ok,quick,1408,903499,1,192
coarseAz_bias_sweep,16,32,2,[-0.25 0.25],[0 0],1,1,0,0.5,0,0.5,0,0.5,single_peak_in_scope,1,0,0,1,0,1,[65 32 32],low_confidence,rejected,low,[],[],single/merged MUSIC peak with rank-1-like covariance; music evidence is too weak for coherent pair fallback; not_evaluated,0,1,0,0,1,0,NaN,NaN,NaN,NaN,0.0097099,ok,quick,1409,903500,1,192
coarseAz_bias_sweep,16,32,2,[-0.25 0.25],[0 0],1,1,0,0.5,0,0.5,0,0.5,single_peak_in_scope,1,0,0,1,0,1,[65 32 32],low_confidence,rejected,low,[],[],single/merged MUSIC peak with rank-1-like covariance; music evidence is too weak for coherent pair fallback; not_evaluated,0,1,0,0,1,0,NaN,NaN,NaN,NaN,0.0106561,ok,quick,1410,903501,1,192
coarseAz_bias_sweep,16,32,2,[-0.25 0.25],[0 0],1,1,0,0.5,0,1,0,1,single_peak_in_scope,1,0,0,2,1.875,1,[65 32 32],low_confidence,rejected,low,[],[],single/merged MUSIC peak with rank-1-like covariance; music evidence is too weak for coherent pair fallback; not_evaluated,0,1,0,0,1,0,NaN,NaN,NaN,NaN,0.0105558,ok,quick,1411,903502,1,192
coarseAz_bias_sweep,16,32,2,[-0.25 0.25],[0 0],1,1,0,0.5,0,1,0,1,single_peak_in_scope,1,0,0,2,1.875,1,[65 32 32],low_confidence,rejected,low,[],[],single/merged MUSIC peak with rank-1-like covariance; music evidence is too weak for coherent pair fallback; not_evaluated,0,1,0,0,1,0,NaN,NaN,NaN,NaN,0.0122165,ok,quick,1412,903503,1,192
coarseAz_bias_sweep,16,32,2,[-0.25 0.25],[0 0],1,1,0,0.5,0,1,0,1,single_peak_in_scope,1,0,0,2,1.875,1,[65 32 32],low_confidence,rejected,low,[],[],single/merged MUSIC peak with rank-1-like covariance; music evidence is too weak for coherent pair fallback; not_evaluated,0,1,0,0,1,0,NaN,NaN,NaN,NaN,0.0104615,ok,quick,1413,903504,1,192
coarseAz_bias_sweep,16,32,2,[-0.25 0.25],[0 0],1,1,0,0.5,0,1,0,1,single_peak_in_scope,1,0,0,2,1.875,1,[65 32 32],low_confidence,rejected,low,[],[],single/merged MUSIC peak with rank-1-like covariance; music evidence is too weak for coherent pair fallback; not_evaluated,0,1,0,0,1,0,NaN,NaN,NaN,NaN,0.0095297,ok,quick,1414,903505,1,192
coarseAz_bias_sweep,16,32,2,[-0.25 0.25],[0 0],1,1,0,0.5,0,1,0,1,single_peak_in_scope,1,0,0,2,1.875,1,[65 32 32],low_confidence,rejected,low,[],[],single/merged MUSIC peak with rank-1-like covariance; music evidence is too weak for coherent pair fallback; not_evaluated,0,1,0,0,1,0,NaN,NaN,NaN,NaN,0.010503,ok,quick,1415,903506,1,192
coarseAz_bias_sweep,16,32,2,[-0.25 0.25],[0 0],1,1,0,0.5,0,1,0,1,single_peak_in_scope,1,0,0,2,1.875,1,[65 32 32],low_confidence,rejected,low,[],[],single/merged MUSIC peak with rank-1-like covariance; music evidence is too weak for coherent pair fallback; not_evaluated,0,1,0,0,1,0,NaN,NaN,NaN,NaN,0.0116064,ok,quick,1416,903507,1,192
coarseAz_bias_sweep,16,32,2,[-0.25 0.25],[0 0],1,1,0,0.5,0,1,0,1,single_peak_in_scope,1,0,0,2,1.875,1,[65 32 32],low_confidence,rejected,low,[],[],single/merged MUSIC peak with rank-1-like covariance; music evidence is too weak for coherent pair fallback; not_evaluated,0,1,0,0,1,0,NaN,NaN,NaN,NaN,0.0102292,ok,quick,1417,903508,1,192
coarseAz_bias_sweep,16,32,2,[-0.25 0.25],[0 0],1,1,0,0.5,0,1,0,1,single_peak_in_scope,1,0,0,2,1.875,1,[65 32 32],low_confidence,rejected,low,[],[],single/merged MUSIC peak with rank-1-like covariance; music evidence is too weak for coherent pair fallback; not_evaluated,0,1,0,0,1,0,NaN,NaN,NaN,NaN,0.0100896,ok,quick,1418,903509,1,192
coarseAz_bias_sweep,16,32,2,[-0.25 0.25],[0 0],1,1,0,0.5,0,1,0,1,single_peak_in_scope,1,0,0,2,1.875,1,[65 32 32],low_confidence,rejected,low,[],[],single/merged MUSIC peak with rank-1-like covariance; music evidence is too weak for coherent pair fallback; not_evaluated,0,1,0,0,1,0,NaN,NaN,NaN,NaN,0.0100438,ok,quick,1419,903510,1,192
coarseAz_bias_sweep,16,32,2,[-0.25 0.25],[0 0],1,1,0,0.5,0,1,0,1,single_peak_in_scope,1,0,0,2,1.875,1,[65 32 32],low_confidence,rejected,low,[],[],single/merged MUSIC peak with rank-1-like covariance; music evidence is too weak for coherent pair fallback; not_evaluated,0,1,0,0,1,0,NaN,NaN,NaN,NaN,0.009344,ok,quick,1420,903511,1,192
coarseAz_bias_sweep,16,32,2,[-0.25 0.25],[0 0],1,1,0,0.5,0,1,0,1,single_peak_in_scope,1,0,0,2,1.875,1,[65 32 32],low_confidence,rejected,low,[],[],single/merged MUSIC peak with rank-1-like covariance; music evidence is too weak for coherent pair fallback; not_evaluated,0,1,0,0,1,0,NaN,NaN,NaN,NaN,0.0106879,ok,quick,1421,903512,1,192
coarseAz_bias_sweep,16,32,2,[-0.25 0.25],[0 0],1,1,0,0.5,0,1,0,1,single_peak_in_scope,1,0,0,2,1.875,1,[65 32 32],low_confidence,rejected,low,[],[],single/merged MUSIC peak with rank-1-like covariance; music evidence is too weak for coherent pair fallback; not_evaluated,0,1,0,0,1,0,NaN,NaN,NaN,NaN,0.0094826,ok,quick,1422,903513,1,192
coarseAz_bias_sweep,16,32,2,[-0.25 0.25],[0 0],1,1,0,0.5,0,1,0,1,single_peak_in_scope,1,0,0,2,1.875,1,[65 32 32],low_confidence,rejected,low,[],[],single/merged MUSIC peak with rank-1-like covariance; music evidence is too weak for coherent pair fallback; not_evaluated,0,1,0,0,1,0,NaN,NaN,NaN,NaN,0.0098244,ok,quick,1423,903514,1,192
coarseAz_bias_sweep,16,32,2,[-0.25 0.25],[0 0],1,1,0,0.5,0,1,0,1,single_peak_in_scope,1,0,0,2,1.875,1,[65 32 32],low_confidence,rejected,low,[],[],single/merged MUSIC peak with rank-1-like covariance; music evidence is too weak for coherent pair fallback; not_evaluated,0,1,0,0,1,0,NaN,NaN,NaN,NaN,0.0097199,ok,quick,1424,903515,1,192
coarseAz_bias_sweep,16,32,2,[-0.25 0.25],[0 0],1,1,0,0.5,0,1,0,1,single_peak_in_scope,1,0,0,2,1.875,1,[65 32 32],low_confidence,rejected,low,[],[],single/merged MUSIC peak with rank-1-like covariance; music evidence is too weak for coherent pair fallback; not_evaluated,0,1,0,0,1,0,NaN,NaN,NaN,NaN,0.0110491,ok,quick,1425,903516,1,192
coarseAz_bias_sweep,16,32,2,[-0.25 0.25],[0 0],1,1,0,0.5,0,1,0,1,single_peak_in_scope,1,0,0,2,1.875,1,[65 32 32],low_confidence,rejected,low,[],[],single/merged MUSIC peak with rank-1-like covariance; music evidence is too weak for coherent pair fallback; not_evaluated,0,1,0,0,1,0,NaN,NaN,NaN,NaN,0.0106731,ok,quick,1426,903517,1,192
coarseAz_bias_sweep,16,32,2,[-0.25 0.25],[0 0],1,1,0,0.5,0,1,0,1,single_peak_in_scope,1,0,0,2,1.875,1,[65 32 32],low_confidence,rejected,low,[],[],single/merged MUSIC peak with rank-1-like covariance; music evidence is too weak for coherent pair fallback; not_evaluated,0,1,0,0,1,0,NaN,NaN,NaN,NaN,0.008876,ok,quick,1427,903518,1,192
coarseAz_bias_sweep,16,32,2,[-0.25 0.25],[0 0],1,1,0,0.5,0,1,0,1,single_peak_in_scope,1,0,0,2,1.875,1,[65 32 32],low_confidence,rejected,low,[],[],single/merged MUSIC peak with rank-1-like covariance; music evidence is too weak for coherent pair fallback; not_evaluated,0,1,0,0,1,0,NaN,NaN,NaN,NaN,0.0097881,ok,quick,1428,903519,1,192
coarseAz_bias_sweep,16,32,2,[-0.25 0.25],[0 0],1,1,0,0.5,0,1,0,1,single_peak_in_scope,1,0,0,2,1.875,1,[65 32 32],low_confidence,rejected,low,[],[],single/merged MUSIC peak with rank-1-like covariance; music evidence is too weak for coherent pair fallback; not_evaluated,0,1,0,0,1,0,NaN,NaN,NaN,NaN,0.0091861,ok,quick,1429,903520,1,192
coarseAz_bias_sweep,16,32,2,[-0.25 0.25],[0 0],1,1,0,0.5,0,1,0,1,single_peak_in_scope,1,0,0,2,1.875,1,[65 32 32],low_confidence,rejected,low,[],[],single/merged MUSIC peak with rank-1-like covariance; music evidence is too weak for coherent pair fallback; not_evaluated,0,1,0,0,1,0,NaN,NaN,NaN,NaN,0.0093925,ok,quick,1430,903521,1,192
coarseAz_bias_sweep,16,32,2,[-0.25 0.25],[0 0],1,1,0,0.5,0,1,0,1,single_peak_in_scope,1,0,0,2,1.875,1,[65 32 32],low_confidence,rejected,low,[],[],single/merged MUSIC peak with rank-1-like covariance; music evidence is too weak for coherent pair fallback; not_evaluated,0,1,0,0,1,0,NaN,NaN,NaN,NaN,0.0089835,ok,quick,1431,903522,1,192
coarseAz_bias_sweep,16,32,2,[-0.25 0.25],[0 0],1,1,0,0.5,0,1,0,1,single_peak_in_scope,1,0,0,2,1.875,1,[65 32 32],low_confidence,rejected,low,[],[],single/merged MUSIC peak with rank-1-like covariance; music evidence is too weak for coherent pair fallback; not_evaluated,0,1,0,0,1,0,NaN,NaN,NaN,NaN,0.009669,ok,quick,1432,903523,1,192
coarseAz_bias_sweep,16,32,2,[-0.25 0.25],[0 0],1,1,0,0.5,0,1,0,1,single_peak_in_scope,1,0,0,2,1.875,1,[65 32 32],low_confidence,rejected,low,[],[],single/merged MUSIC peak with rank-1-like covariance; music evidence is too weak for coherent pair fallback; not_evaluated,0,1,0,0,1,0,NaN,NaN,NaN,NaN,0.0098784,ok,quick,1433,903524,1,192
coarseAz_bias_sweep,16,32,2,[-0.25 0.25],[0 0],1,1,0,0.5,0,1,0,1,single_peak_in_scope,1,0,0,2,1.875,1,[65 32 32],low_confidence,rejected,low,[],[],single/merged MUSIC peak with rank-1-like covariance; music evidence is too weak for coherent pair fallback; not_evaluated,0,1,0,0,1,0,NaN,NaN,NaN,NaN,0.0093345,ok,quick,1434,903525,1,192
coarseAz_bias_sweep,16,32,2,[-0.25 0.25],[0 0],1,1,0,0.5,0,1,0,1,single_peak_in_scope,1,0,0,2,1.875,1,[65 32 32],low_confidence,rejected,low,[],[],single/merged MUSIC peak with rank-1-like covariance; music evidence is too weak for coherent pair fallback; not_evaluated,0,1,0,0,1,0,NaN,NaN,NaN,NaN,0.0085477,ok,quick,1435,903526,1,192
coarseAz_bias_sweep,16,32,2,[-0.25 0.25],[0 0],1,1,0,0.5,0,1,0,1,single_peak_in_scope,1,0,0,2,1.875,1,[65 32 32],low_confidence,rejected,low,[],[],single/merged MUSIC peak with rank-1-like covariance; music evidence is too weak for coherent pair fallback; not_evaluated,0,1,0,0,1,0,NaN,NaN,NaN,NaN,0.0094313,ok,quick,1436,903527,1,192
coarseAz_bias_sweep,16,32,2,[-0.25 0.25],[0 0],1,1,0,0.5,0,1,0,1,single_peak_in_scope,1,0,0,2,1.875,1,[65 32 32],low_confidence,rejected,low,[],[],single/merged MUSIC peak with rank-1-like covariance; music evidence is too weak for coherent pair fallback; not_evaluated,0,1,0,0,1,0,NaN,NaN,NaN,NaN,0.009596,ok,quick,1437,903528,1,192
coarseAz_bias_sweep,16,32,2,[-0.25 0.25],[0 0],1,1,0,0.5,0,1,0,1,single_peak_in_scope,1,0,0,2,1.875,1,[65 32 32],low_confidence,rejected,low,[],[],single/merged MUSIC peak with rank-1-like covariance; music evidence is too weak for coherent pair fallback; not_evaluated,0,1,0,0,1,0,NaN,NaN,NaN,NaN,0.0095097,ok,quick,1438,903529,1,192
coarseAz_bias_sweep,16,32,2,[-0.25 0.25],[0 0],1,1,0,0.5,0,1,0,1,single_peak_in_scope,1,0,0,2,1.875,1,[65 32 32],low_confidence,rejected,low,[],[],single/merged MUSIC peak with rank-1-like covariance; music evidence is too weak for coherent pair fallback; not_evaluated,0,1,0,0,1,0,NaN,NaN,NaN,NaN,0.0109982,ok,quick,1439,903530,1,192
coarseAz_bias_sweep,16,32,2,[-0.25 0.25],[0 0],1,1,0,0.5,0,1,0,1,single_peak_in_scope,1,0,0,2,1.875,1,[65 32 32],low_confidence,rejected,low,[],[],single/merged MUSIC peak with rank-1-like covariance; music evidence is too weak for coherent pair fallback; not_evaluated,0,1,0,0,1,0,NaN,NaN,NaN,NaN,0.0099838,ok,quick,1440,903531,1,192
center_wraparound_case,16,32,2,[-0.2 0.2],[0 0],1,1,0,0.4,0,0,0,0,single_peak_in_scope,1,0,0,1,0,1,[65 32 32],low_confidence,rejected,low,[],[],single/merged MUSIC peak with rank-1-like covariance; music evidence is too weak for coherent pair fallback; not_evaluated,0,1,0,0,1,0,NaN,NaN,NaN,NaN,0.0096566,ok,quick,1441,903532,1,192
center_wraparound_case,16,32,2,[-0.2 0.2],[0 0],1,1,0,0.4,0,0,0,0,single_peak_in_scope,1,0,0,1,0,1,[65 32 32],low_confidence,rejected,low,[],[],single/merged MUSIC peak with rank-1-like covariance; music evidence is too weak for coherent pair fallback; not_evaluated,0,1,0,0,1,0,NaN,NaN,NaN,NaN,0.0094662,ok,quick,1442,903533,1,192
center_wraparound_case,16,32,2,[-0.2 0.2],[0 0],1,1,0,0.4,0,0,0,0,single_peak_in_scope,1,0,0,1,0,1,[65 32 32],low_confidence,rejected,low,[],[],single/merged MUSIC peak with rank-1-like covariance; music evidence is too weak for coherent pair fallback; not_evaluated,0,1,0,0,1,0,NaN,NaN,NaN,NaN,0.0099947,ok,quick,1443,903534,1,192
center_wraparound_case,16,32,2,[-0.2 0.2],[0 0],1,1,0,0.4,0,0,0,0,single_peak_in_scope,1,0,0,1,0,1,[65 32 32],low_confidence,rejected,low,[],[],single/merged MUSIC peak with rank-1-like covariance; music evidence is too weak for coherent pair fallback; not_evaluated,0,1,0,0,1,0,NaN,NaN,NaN,NaN,0.0100347,ok,quick,1444,903535,1,192
center_wraparound_case,16,32,2,[-0.2 0.2],[0 0],1,1,0,0.4,0,0,0,0,single_peak_in_scope,1,0,0,1,0,1,[65 32 32],low_confidence,rejected,low,[],[],single/merged MUSIC peak with rank-1-like covariance; music evidence is too weak for coherent pair fallback; not_evaluated,0,1,0,0,1,0,NaN,NaN,NaN,NaN,0.0084936,ok,quick,1445,903536,1,192
center_wraparound_case,16,32,2,[-0.2 0.2],[0 0],1,1,0,0.4,0,0,0,0,single_peak_in_scope,1,0,0,1,0,1,[65 32 32],low_confidence,rejected,low,[],[],single/merged MUSIC peak with rank-1-like covariance; music evidence is too weak for coherent pair fallback; not_evaluated,0,1,0,0,1,0,NaN,NaN,NaN,NaN,0.0095646,ok,quick,1446,903537,1,192
center_wraparound_case,16,32,2,[-0.2 0.2],[0 0],1,1,0,0.4,0,0,0,0,single_peak_in_scope,1,0,0,1,0,1,[65 32 32],low_confidence,rejected,low,[],[],single/merged MUSIC peak with rank-1-like covariance; music evidence is too weak for coherent pair fallback; not_evaluated,0,1,0,0,1,0,NaN,NaN,NaN,NaN,0.0096696,ok,quick,1447,903538,1,192
center_wraparound_case,16,32,2,[-0.2 0.2],[0 0],1,1,0,0.4,0,0,0,0,single_peak_in_scope,1,0,0,1,0,1,[65 32 32],low_confidence,rejected,low,[],[],single/merged MUSIC peak with rank-1-like covariance; music evidence is too weak for coherent pair fallback; not_evaluated,0,1,0,0,1,0,NaN,NaN,NaN,NaN,0.0095608,ok,quick,1448,903539,1,192
center_wraparound_case,16,32,2,[-0.2 0.2],[0 0],1,1,0,0.4,0,0,0,0,single_peak_in_scope,1,0,0,1,0,1,[65 32 32],low_confidence,rejected,low,[],[],single/merged MUSIC peak with rank-1-like covariance; music evidence is too weak for coherent pair fallback; not_evaluated,0,1,0,0,1,0,NaN,NaN,NaN,NaN,0.0089756,ok,quick,1449,903540,1,192
center_wraparound_case,16,32,2,[-0.2 0.2],[0 0],1,1,0,0.4,0,0,0,0,single_peak_in_scope,1,0,0,1,0,1,[65 32 32],low_confidence,rejected,low,[],[],single/merged MUSIC peak with rank-1-like covariance; music evidence is too weak for coherent pair fallback; not_evaluated,0,1,0,0,1,0,NaN,NaN,NaN,NaN,0.0106308,ok,quick,1450,903541,1,192
center_wraparound_case,16,32,2,[-0.2 0.2],[0 0],1,1,0,0.4,0,0,0,0,single_peak_in_scope,1,0,0,1,0,1,[65 32 32],low_confidence,rejected,low,[],[],single/merged MUSIC peak with rank-1-like covariance; music evidence is too weak for coherent pair fallback; not_evaluated,0,1,0,0,1,0,NaN,NaN,NaN,NaN,0.0094659,ok,quick,1451,903542,1,192
center_wraparound_case,16,32,2,[-0.2 0.2],[0 0],1,1,0,0.4,0,0,0,0,single_peak_in_scope,1,0,0,1,0,1,[65 32 32],low_confidence,rejected,low,[],[],single/merged MUSIC peak with rank-1-like covariance; music evidence is too weak for coherent pair fallback; not_evaluated,0,1,0,0,1,0,NaN,NaN,NaN,NaN,0.0090464,ok,quick,1452,903543,1,192
center_wraparound_case,16,32,2,[-0.2 0.2],[0 0],1,1,0,0.4,0,0,0,0,single_peak_in_scope,1,0,0,1,0,1,[65 32 32],low_confidence,rejected,low,[],[],single/merged MUSIC peak with rank-1-like covariance; music evidence is too weak for coherent pair fallback; not_evaluated,0,1,0,0,1,0,NaN,NaN,NaN,NaN,0.0086515,ok,quick,1453,903544,1,192
center_wraparound_case,16,32,2,[-0.2 0.2],[0 0],1,1,0,0.4,0,0,0,0,single_peak_in_scope,1,0,0,1,0,1,[65 32 32],low_confidence,rejected,low,[],[],single/merged MUSIC peak with rank-1-like covariance; music evidence is too weak for coherent pair fallback; not_evaluated,0,1,0,0,1,0,NaN,NaN,NaN,NaN,0.0092419,ok,quick,1454,903545,1,192
center_wraparound_case,16,32,2,[-0.2 0.2],[0 0],1,1,0,0.4,0,0,0,0,single_peak_in_scope,1,0,0,1,0,1,[65 32 32],low_confidence,rejected,low,[],[],single/merged MUSIC peak with rank-1-like covariance; music evidence is too weak for coherent pair fallback; not_evaluated,0,1,0,0,1,0,NaN,NaN,NaN,NaN,0.0105412,ok,quick,1455,903546,1,192
center_wraparound_case,16,32,2,[-0.2 0.2],[0 0],1,1,0,0.4,0,0,0,0,single_peak_in_scope,1,0,0,1,0,1,[65 32 32],low_confidence,rejected,low,[],[],single/merged MUSIC peak with rank-1-like covariance; music evidence is too weak for coherent pair fallback; not_evaluated,0,1,0,0,1,0,NaN,NaN,NaN,NaN,0.0108205,ok,quick,1456,903547,1,192
center_wraparound_case,16,32,2,[-0.2 0.2],[0 0],1,1,0,0.4,0,0,0,0,single_peak_in_scope,1,0,0,1,0,1,[65 32 32],low_confidence,rejected,low,[],[],single/merged MUSIC peak with rank-1-like covariance; music evidence is too weak for coherent pair fallback; not_evaluated,0,1,0,0,1,0,NaN,NaN,NaN,NaN,0.01048,ok,quick,1457,903548,1,192
center_wraparound_case,16,32,2,[-0.2 0.2],[0 0],1,1,0,0.4,0,0,0,0,single_peak_in_scope,1,0,0,1,0,1,[65 32 32],low_confidence,rejected,low,[],[],single/merged MUSIC peak with rank-1-like covariance; music evidence is too weak for coherent pair fallback; not_evaluated,0,1,0,0,1,0,NaN,NaN,NaN,NaN,0.0102696,ok,quick,1458,903549,1,192
center_wraparound_case,16,32,2,[-0.2 0.2],[0 0],1,1,0,0.4,0,0,0,0,single_peak_in_scope,1,0,0,1,0,1,[65 32 32],low_confidence,rejected,low,[],[],single/merged MUSIC peak with rank-1-like covariance; music evidence is too weak for coherent pair fallback; not_evaluated,0,1,0,0,1,0,NaN,NaN,NaN,NaN,0.0093997,ok,quick,1459,903550,1,192
center_wraparound_case,16,32,2,[-0.2 0.2],[0 0],1,1,0,0.4,0,0,0,0,single_peak_in_scope,1,0,0,1,0,1,[65 32 32],low_confidence,rejected,low,[],[],single/merged MUSIC peak with rank-1-like covariance; music evidence is too weak for coherent pair fallback; not_evaluated,0,1,0,0,1,0,NaN,NaN,NaN,NaN,0.0097667,ok,quick,1460,903551,1,192
center_wraparound_case,16,32,2,[-0.2 0.2],[0 0],1,1,0,0.4,0,0,0,0,single_peak_in_scope,1,0,0,1,0,1,[65 32 32],low_confidence,rejected,low,[],[],single/merged MUSIC peak with rank-1-like covariance; music evidence is too weak for coherent pair fallback; not_evaluated,0,1,0,0,1,0,NaN,NaN,NaN,NaN,0.008597,ok,quick,1461,903552,1,192
center_wraparound_case,16,32,2,[-0.2 0.2],[0 0],1,1,0,0.4,0,0,0,0,single_peak_in_scope,1,0,0,1,0,1,[65 32 32],low_confidence,rejected,low,[],[],single/merged MUSIC peak with rank-1-like covariance; music evidence is too weak for coherent pair fallback; not_evaluated,0,1,0,0,1,0,NaN,NaN,NaN,NaN,0.0091591,ok,quick,1462,903553,1,192
center_wraparound_case,16,32,2,[-0.2 0.2],[0 0],1,1,0,0.4,0,0,0,0,single_peak_in_scope,1,0,0,1,0,1,[65 32 32],low_confidence,rejected,low,[],[],single/merged MUSIC peak with rank-1-like covariance; music evidence is too weak for coherent pair fallback; not_evaluated,0,1,0,0,1,0,NaN,NaN,NaN,NaN,0.0098591,ok,quick,1463,903554,1,192
center_wraparound_case,16,32,2,[-0.2 0.2],[0 0],1,1,0,0.4,0,0,0,0,single_peak_in_scope,1,0,0,1,0,1,[65 32 32],low_confidence,rejected,low,[],[],single/merged MUSIC peak with rank-1-like covariance; music evidence is too weak for coherent pair fallback; not_evaluated,0,1,0,0,1,0,NaN,NaN,NaN,NaN,0.0089433,ok,quick,1464,903555,1,192
center_wraparound_case,16,32,2,[-0.2 0.2],[0 0],1,1,0,0.4,0,0,0,0,single_peak_in_scope,1,0,0,1,0,1,[65 32 32],low_confidence,rejected,low,[],[],single/merged MUSIC peak with rank-1-like covariance; music evidence is too weak for coherent pair fallback; not_evaluated,0,1,0,0,1,0,NaN,NaN,NaN,NaN,0.0091817,ok,quick,1465,903556,1,192
center_wraparound_case,16,32,2,[-0.2 0.2],[0 0],1,1,0,0.4,0,0,0,0,single_peak_in_scope,1,0,0,1,0,1,[65 32 32],low_confidence,rejected,low,[],[],single/merged MUSIC peak with rank-1-like covariance; music evidence is too weak for coherent pair fallback; not_evaluated,0,1,0,0,1,0,NaN,NaN,NaN,NaN,0.0106929,ok,quick,1466,903557,1,192
center_wraparound_case,16,32,2,[-0.2 0.2],[0 0],1,1,0,0.4,0,0,0,0,single_peak_in_scope,1,0,0,1,0,1,[65 32 32],low_confidence,rejected,low,[],[],single/merged MUSIC peak with rank-1-like covariance; music evidence is too weak for coherent pair fallback; not_evaluated,0,1,0,0,1,0,NaN,NaN,NaN,NaN,0.0121185,ok,quick,1467,903558,1,192
center_wraparound_case,16,32,2,[-0.2 0.2],[0 0],1,1,0,0.4,0,0,0,0,single_peak_in_scope,1,0,0,1,0,1,[65 32 32],low_confidence,rejected,low,[],[],single/merged MUSIC peak with rank-1-like covariance; music evidence is too weak for coherent pair fallback; not_evaluated,0,1,0,0,1,0,NaN,NaN,NaN,NaN,0.0109264,ok,quick,1468,903559,1,192
center_wraparound_case,16,32,2,[-0.2 0.2],[0 0],1,1,0,0.4,0,0,0,0,single_peak_in_scope,1,0,0,1,0,1,[65 32 32],low_confidence,rejected,low,[],[],single/merged MUSIC peak with rank-1-like covariance; music evidence is too weak for coherent pair fallback; not_evaluated,0,1,0,0,1,0,NaN,NaN,NaN,NaN,0.010628,ok,quick,1469,903560,1,192
center_wraparound_case,16,32,2,[-0.2 0.2],[0 0],1,1,0,0.4,0,0,0,0,single_peak_in_scope,1,0,0,1,0,1,[65 32 32],low_confidence,rejected,low,[],[],single/merged MUSIC peak with rank-1-like covariance; music evidence is too weak for coherent pair fallback; not_evaluated,0,1,0,0,1,0,NaN,NaN,NaN,NaN,0.0105204,ok,quick,1470,903561,1,192
center_wraparound_case,16,32,2,[-1.2 -0.8],[0 0],1,1,0,0.4,0,359,0,0,single_peak_in_scope,1,0,0,192,358.125,1,[65 32 32],low_confidence,rejected,low,[],[],single/merged MUSIC peak with rank-1-like covariance; music evidence is too weak for coherent pair fallback; not_evaluated,0,1,0,0,1,0,NaN,NaN,NaN,NaN,0.0098131,ok,quick,1471,903562,1,192
center_wraparound_case,16,32,2,[-1.2 -0.8],[0 0],1,1,0,0.4,0,359,0,0,single_peak_in_scope,1,0,0,192,358.125,1,[65 32 32],low_confidence,rejected,low,[],[],single/merged MUSIC peak with rank-1-like covariance; music evidence is too weak for coherent pair fallback; not_evaluated,0,1,0,0,1,0,NaN,NaN,NaN,NaN,0.0095127,ok,quick,1472,903563,1,192
center_wraparound_case,16,32,2,[-1.2 -0.8],[0 0],1,1,0,0.4,0,359,0,0,single_peak_in_scope,1,0,0,192,358.125,1,[65 32 32],low_confidence,rejected,low,[],[],single/merged MUSIC peak with rank-1-like covariance; music evidence is too weak for coherent pair fallback; not_evaluated,0,1,0,0,1,0,NaN,NaN,NaN,NaN,0.0094783,ok,quick,1473,903564,1,192
center_wraparound_case,16,32,2,[-1.2 -0.8],[0 0],1,1,0,0.4,0,359,0,0,single_peak_in_scope,1,0,0,192,358.125,1,[65 32 32],low_confidence,rejected,low,[],[],single/merged MUSIC peak with rank-1-like covariance; music evidence is too weak for coherent pair fallback; not_evaluated,0,1,0,0,1,0,NaN,NaN,NaN,NaN,0.0099858,ok,quick,1474,903565,1,192
center_wraparound_case,16,32,2,[-1.2 -0.8],[0 0],1,1,0,0.4,0,359,0,0,single_peak_in_scope,1,0,0,192,358.125,1,[65 32 32],low_confidence,rejected,low,[],[],single/merged MUSIC peak with rank-1-like covariance; music evidence is too weak for coherent pair fallback; not_evaluated,0,1,0,0,1,0,NaN,NaN,NaN,NaN,0.0115645,ok,quick,1475,903566,1,192
center_wraparound_case,16,32,2,[-1.2 -0.8],[0 0],1,1,0,0.4,0,359,0,0,single_peak_in_scope,1,0,0,192,358.125,1,[65 32 32],low_confidence,rejected,low,[],[],single/merged MUSIC peak with rank-1-like covariance; music evidence is too weak for coherent pair fallback; not_evaluated,0,1,0,0,1,0,NaN,NaN,NaN,NaN,0.0102362,ok,quick,1476,903567,1,192
center_wraparound_case,16,32,2,[-1.2 -0.8],[0 0],1,1,0,0.4,0,359,0,0,single_peak_in_scope,1,0,0,192,358.125,1,[65 32 32],low_confidence,rejected,low,[],[],single/merged MUSIC peak with rank-1-like covariance; music evidence is too weak for coherent pair fallback; not_evaluated,0,1,0,0,1,0,NaN,NaN,NaN,NaN,0.0096992,ok,quick,1477,903568,1,192
center_wraparound_case,16,32,2,[-1.2 -0.8],[0 0],1,1,0,0.4,0,359,0,0,single_peak_in_scope,1,0,0,192,358.125,1,[65 32 32],low_confidence,rejected,low,[],[],single/merged MUSIC peak with rank-1-like covariance; music evidence is too weak for coherent pair fallback; not_evaluated,0,1,0,0,1,0,NaN,NaN,NaN,NaN,0.011441,ok,quick,1478,903569,1,192
center_wraparound_case,16,32,2,[-1.2 -0.8],[0 0],1,1,0,0.4,0,359,0,0,single_peak_in_scope,1,0,0,192,358.125,1,[65 32 32],low_confidence,rejected,low,[],[],single/merged MUSIC peak with rank-1-like covariance; music evidence is too weak for coherent pair fallback; not_evaluated,0,1,0,0,1,0,NaN,NaN,NaN,NaN,0.0107375,ok,quick,1479,903570,1,192
center_wraparound_case,16,32,2,[-1.2 -0.8],[0 0],1,1,0,0.4,0,359,0,0,single_peak_in_scope,1,0,0,192,358.125,1,[65 32 32],low_confidence,rejected,low,[],[],single/merged MUSIC peak with rank-1-like covariance; music evidence is too weak for coherent pair fallback; not_evaluated,0,1,0,0,1,0,NaN,NaN,NaN,NaN,0.0113634,ok,quick,1480,903571,1,192
center_wraparound_case,16,32,2,[-1.2 -0.8],[0 0],1,1,0,0.4,0,359,0,0,single_peak_in_scope,1,0,0,192,358.125,1,[65 32 32],low_confidence,rejected,low,[],[],single/merged MUSIC peak with rank-1-like covariance; music evidence is too weak for coherent pair fallback; not_evaluated,0,1,0,0,1,0,NaN,NaN,NaN,NaN,0.010306,ok,quick,1481,903572,1,192
center_wraparound_case,16,32,2,[-1.2 -0.8],[0 0],1,1,0,0.4,0,359,0,0,single_peak_in_scope,1,0,0,192,358.125,1,[65 32 32],low_confidence,rejected,low,[],[],single/merged MUSIC peak with rank-1-like covariance; music evidence is too weak for coherent pair fallback; not_evaluated,0,1,0,0,1,0,NaN,NaN,NaN,NaN,0.0108528,ok,quick,1482,903573,1,192
center_wraparound_case,16,32,2,[-1.2 -0.8],[0 0],1,1,0,0.4,0,359,0,0,single_peak_in_scope,1,0,0,192,358.125,1,[65 32 32],low_confidence,rejected,low,[],[],single/merged MUSIC peak with rank-1-like covariance; music evidence is too weak for coherent pair fallback; not_evaluated,0,1,0,0,1,0,NaN,NaN,NaN,NaN,0.009438,ok,quick,1483,903574,1,192
center_wraparound_case,16,32,2,[-1.2 -0.8],[0 0],1,1,0,0.4,0,359,0,0,single_peak_in_scope,1,0,0,192,358.125,1,[65 32 32],low_confidence,rejected,low,[],[],single/merged MUSIC peak with rank-1-like covariance; music evidence is too weak for coherent pair fallback; not_evaluated,0,1,0,0,1,0,NaN,NaN,NaN,NaN,0.0108938,ok,quick,1484,903575,1,192
center_wraparound_case,16,32,2,[-1.2 -0.8],[0 0],1,1,0,0.4,0,359,0,0,single_peak_in_scope,1,0,0,192,358.125,1,[65 32 32],low_confidence,rejected,low,[],[],single/merged MUSIC peak with rank-1-like covariance; music evidence is too weak for coherent pair fallback; not_evaluated,0,1,0,0,1,0,NaN,NaN,NaN,NaN,0.0097675,ok,quick,1485,903576,1,192
center_wraparound_case,16,32,2,[-1.2 -0.8],[0 0],1,1,0,0.4,0,359,0,0,single_peak_in_scope,1,0,0,192,358.125,1,[65 32 32],low_confidence,rejected,low,[],[],single/merged MUSIC peak with rank-1-like covariance; music evidence is too weak for coherent pair fallback; not_evaluated,0,1,0,0,1,0,NaN,NaN,NaN,NaN,0.0098142,ok,quick,1486,903577,1,192
center_wraparound_case,16,32,2,[-1.2 -0.8],[0 0],1,1,0,0.4,0,359,0,0,single_peak_in_scope,1,0,0,192,358.125,1,[65 32 32],low_confidence,rejected,low,[],[],single/merged MUSIC peak with rank-1-like covariance; music evidence is too weak for coherent pair fallback; not_evaluated,0,1,0,0,1,0,NaN,NaN,NaN,NaN,0.0111374,ok,quick,1487,903578,1,192
center_wraparound_case,16,32,2,[-1.2 -0.8],[0 0],1,1,0,0.4,0,359,0,0,single_peak_in_scope,1,0,0,192,358.125,1,[65 32 32],low_confidence,rejected,low,[],[],single/merged MUSIC peak with rank-1-like covariance; music evidence is too weak for coherent pair fallback; not_evaluated,0,1,0,0,1,0,NaN,NaN,NaN,NaN,0.0090086,ok,quick,1488,903579,1,192
center_wraparound_case,16,32,2,[-1.2 -0.8],[0 0],1,1,0,0.4,0,359,0,0,single_peak_in_scope,1,0,0,192,358.125,1,[65 32 32],low_confidence,rejected,low,[],[],single/merged MUSIC peak with rank-1-like covariance; music evidence is too weak for coherent pair fallback; not_evaluated,0,1,0,0,1,0,NaN,NaN,NaN,NaN,0.0099241,ok,quick,1489,903580,1,192
center_wraparound_case,16,32,2,[-1.2 -0.8],[0 0],1,1,0,0.4,0,359,0,0,single_peak_in_scope,1,0,0,192,358.125,1,[65 32 32],low_confidence,rejected,low,[],[],single/merged MUSIC peak with rank-1-like covariance; music evidence is too weak for coherent pair fallback; not_evaluated,0,1,0,0,1,0,NaN,NaN,NaN,NaN,0.0095606,ok,quick,1490,903581,1,192
center_wraparound_case,16,32,2,[-1.2 -0.8],[0 0],1,1,0,0.4,0,359,0,0,single_peak_in_scope,1,0,0,192,358.125,1,[65 32 32],low_confidence,rejected,low,[],[],single/merged MUSIC peak with rank-1-like covariance; music evidence is too weak for coherent pair fallback; not_evaluated,0,1,0,0,1,0,NaN,NaN,NaN,NaN,0.0097373,ok,quick,1491,903582,1,192
center_wraparound_case,16,32,2,[-1.2 -0.8],[0 0],1,1,0,0.4,0,359,0,0,single_peak_in_scope,1,0,0,192,358.125,1,[65 32 32],low_confidence,rejected,low,[],[],single/merged MUSIC peak with rank-1-like covariance; music evidence is too weak for coherent pair fallback; not_evaluated,0,1,0,0,1,0,NaN,NaN,NaN,NaN,0.0108271,ok,quick,1492,903583,1,192
center_wraparound_case,16,32,2,[-1.2 -0.8],[0 0],1,1,0,0.4,0,359,0,0,single_peak_in_scope,1,0,0,192,358.125,1,[65 32 32],low_confidence,rejected,low,[],[],single/merged MUSIC peak with rank-1-like covariance; music evidence is too weak for coherent pair fallback; not_evaluated,0,1,0,0,1,0,NaN,NaN,NaN,NaN,0.0101286,ok,quick,1493,903584,1,192
center_wraparound_case,16,32,2,[-1.2 -0.8],[0 0],1,1,0,0.4,0,359,0,0,single_peak_in_scope,1,0,0,192,358.125,1,[65 32 32],low_confidence,rejected,low,[],[],single/merged MUSIC peak with rank-1-like covariance; music evidence is too weak for coherent pair fallback; not_evaluated,0,1,0,0,1,0,NaN,NaN,NaN,NaN,0.01064,ok,quick,1494,903585,1,192
center_wraparound_case,16,32,2,[-1.2 -0.8],[0 0],1,1,0,0.4,0,359,0,0,single_peak_in_scope,1,0,0,192,358.125,1,[65 32 32],low_confidence,rejected,low,[],[],single/merged MUSIC peak with rank-1-like covariance; music evidence is too weak for coherent pair fallback; not_evaluated,0,1,0,0,1,0,NaN,NaN,NaN,NaN,0.0107858,ok,quick,1495,903586,1,192
center_wraparound_case,16,32,2,[-1.2 -0.8],[0 0],1,1,0,0.4,0,359,0,0,single_peak_in_scope,1,0,0,192,358.125,1,[65 32 32],low_confidence,rejected,low,[],[],single/merged MUSIC peak with rank-1-like covariance; music evidence is too weak for coherent pair fallback; not_evaluated,0,1,0,0,1,0,NaN,NaN,NaN,NaN,0.0106938,ok,quick,1496,903587,1,192
center_wraparound_case,16,32,2,[-1.2 -0.8],[0 0],1,1,0,0.4,0,359,0,0,single_peak_in_scope,1,0,0,192,358.125,1,[65 32 32],low_confidence,rejected,low,[],[],single/merged MUSIC peak with rank-1-like covariance; music evidence is too weak for coherent pair fallback; not_evaluated,0,1,0,0,1,0,NaN,NaN,NaN,NaN,0.0106742,ok,quick,1497,903588,1,192
center_wraparound_case,16,32,2,[-1.2 -0.8],[0 0],1,1,0,0.4,0,359,0,0,single_peak_in_scope,1,0,0,192,358.125,1,[65 32 32],low_confidence,rejected,low,[],[],single/merged MUSIC peak with rank-1-like covariance; music evidence is too weak for coherent pair fallback; not_evaluated,0,1,0,0,1,0,NaN,NaN,NaN,NaN,0.0103167,ok,quick,1498,903589,1,192
center_wraparound_case,16,32,2,[-1.2 -0.8],[0 0],1,1,0,0.4,0,359,0,0,single_peak_in_scope,1,0,0,192,358.125,1,[65 32 32],low_confidence,rejected,low,[],[],single/merged MUSIC peak with rank-1-like covariance; music evidence is too weak for coherent pair fallback; not_evaluated,0,1,0,0,1,0,NaN,NaN,NaN,NaN,0.0104034,ok,quick,1499,903590,1,192
center_wraparound_case,16,32,2,[-1.2 -0.8],[0 0],1,1,0,0.4,0,359,0,0,single_peak_in_scope,1,0,0,192,358.125,1,[65 32 32],low_confidence,rejected,low,[],[],single/merged MUSIC peak with rank-1-like covariance; music evidence is too weak for coherent pair fallback; not_evaluated,0,1,0,0,1,0,NaN,NaN,NaN,NaN,0.0112222,ok,quick,1500,903591,1,192
