scenario_name,snr_db,mc,target_count,beta,rho,phase,pair_sep,true_az1,true_az2,true_el1,true_el2,coarse_peak_count,coarseAz,coarseEl,selectedCenterAz,selectedCenterColumn,center_error_to_pair_center,center_error_to_strong_target,delta_theta1,delta_theta2,target1_inside_R15,target2_inside_R15,both_inside_R15,target1_inside_R20,target2_inside_R20,both_inside_R20,rangeIdx,dopplerIdx,cfar_detected_flag,cfarCount,cfarBestMetric,two_coarse_peaks_out_of_scope,route_used,confidence_flag,success,false_high,boundary_missed,low_confidence,boundary_unreliable,center_selection_success,runtime_sec,executed_level2_music,executed_refocus,executed_level2_rank1,executed_2dmusic,executed_pair_local,enhance_thetaCenter_deg,enhance_elAssumed_deg,weak_target_truth_flag,anti_phase_truth_flag,large_el_truth_flag
single_target_sanity,8,1,1,1,NaN,0,NaN,0,NaN,0,NaN,1,8.38663828725953e-05,0.00687319265448709,0,1,0,0,0,NaN,1,1,1,1,1,1,48,12,1,11,32739.9213658217,0,level2_rank1_fallback,medium,1,0,0,0,0,1,0.0597339,1,1,1,0,0,0,0.00687319265448709,0,0,0
single_target_sanity,8,2,1,1,NaN,0,NaN,0,NaN,0,NaN,1,-0.000428176261639381,0.00172091264673605,0,1,0,0,0,NaN,1,1,1,1,1,1,48,12,1,12,32665.5613673161,0,level2_rank1_fallback,medium,1,0,0,0,0,1,0.0597346,1,1,1,0,0,0,0.00172091264673605,0,0,0
single_target_sanity,8,3,1,1,NaN,0,NaN,0,NaN,0,NaN,1,0.00150285189380244,0.00126673759697638,0,1,0,0,0,NaN,1,1,1,1,1,1,48,12,1,12,32685.9342154819,0,level2_rank1_fallback,medium,1,0,0,0,0,1,0.0491361,1,1,1,0,0,0,0.00126673759697638,0,0,0
single_target_sanity,8,4,1,1,NaN,0,NaN,0,NaN,0,NaN,1,-0.00229487040410559,-0.00577568704511364,0,1,0,0,0,NaN,1,1,1,1,1,1,48,12,1,11,32716.2412970773,0,level2_rank1_fallback,medium,1,0,0,0,0,1,0.0521682,1,1,1,0,0,0,-0.00577568704511364,0,0,0
single_target_sanity,8,5,1,1,NaN,0,NaN,0,NaN,0,NaN,1,-0.00166028319031381,-0.000745847472955248,0,1,0,0,0,NaN,1,1,1,1,1,1,48,12,1,12,32816.2997203035,0,level2_rank1_fallback,medium,1,0,0,0,0,1,0.0649574,1,1,1,0,0,0,-0.000745847472955248,0,0,0
single_target_sanity,8,6,1,1,NaN,0,NaN,0,NaN,0,NaN,1,0.000501807022208776,-0.000640030209227874,0,1,0,0,0,NaN,1,1,1,1,1,1,48,12,1,11,32742.4934264916,0,level2_rank1_fallback,medium,1,0,0,0,0,1,0.0520367,1,1,1,0,0,0,-0.000640030209227874,0,0,0
single_target_sanity,8,7,1,1,NaN,0,NaN,0,NaN,0,NaN,1,0.000698752579689485,0.00119464408006119,0,1,0,0,0,NaN,1,1,1,1,1,1,48,12,1,12,32675.9616918479,0,level2_rank1_fallback,medium,1,0,0,0,0,1,0.051233,1,1,1,0,0,0,0.00119464408006119,0,0,0
single_target_sanity,8,8,1,1,NaN,0,NaN,0,NaN,0,NaN,1,-0.000499094783188086,5.21991357220354e-05,0,1,0,0,0,NaN,1,1,1,1,1,1,48,12,1,12,32659.0949979508,0,level2_rank1_fallback,medium,1,0,0,0,0,1,0.0501708,1,1,1,0,0,0,5.21991357220354e-05,0,0,0
single_target_sanity,8,9,1,1,NaN,0,NaN,0,NaN,0,NaN,1,-0.00121996030614505,-0.000644574047962147,0,1,0,0,0,NaN,1,1,1,1,1,1,48,12,1,11,32577.0427366468,0,level2_rank1_fallback,medium,1,0,0,0,0,1,0.0498875,1,1,1,0,0,0,-0.000644574047962147,0,0,0
single_target_sanity,8,10,1,1,NaN,0,NaN,0,NaN,0,NaN,1,-0.00106342904228978,0.00407459679759205,0,1,0,0,0,NaN,1,1,1,1,1,1,48,12,1,12,32717.692189579,0,low_confidence,low,1,0,0,1,0,1,0.3391974,1,1,1,1,0,0,0.00407459679759205,0,0,0
single_target_sanity,8,11,1,1,NaN,0,NaN,0,NaN,0,NaN,1,0.00269428043403437,-0.00296159718977832,0,1,0,0,0,NaN,1,1,1,1,1,1,48,12,1,12,32772.9997857943,0,level2_rank1_fallback,medium,1,0,0,0,0,1,0.0571495,1,1,1,0,0,0,-0.00296159718977832,0,0,0
single_target_sanity,8,12,1,1,NaN,0,NaN,0,NaN,0,NaN,1,-0.000178472777962167,0.00207267686874769,0,1,0,0,0,NaN,1,1,1,1,1,1,48,12,1,12,32716.8439542194,0,level2_rank1_fallback,medium,1,0,0,0,0,1,0.0514916,1,1,1,0,0,0,0.00207267686874769,0,0,0
single_target_sanity,8,13,1,1,NaN,0,NaN,0,NaN,0,NaN,1,-0.00158605584282425,0.000734168588683312,0,1,0,0,0,NaN,1,1,1,1,1,1,48,12,1,11,32549.5282593489,0,level2_rank1_fallback,medium,1,0,0,0,0,1,0.0471294,1,1,1,0,0,0,0.000734168588683312,0,0,0
single_target_sanity,8,14,1,1,NaN,0,NaN,0,NaN,0,NaN,1,0.00175932222993034,0.0043036316003484,0,1,0,0,0,NaN,1,1,1,1,1,1,48,12,1,12,32654.0343258313,0,level2_rank1_fallback,medium,1,0,0,0,0,1,0.0532116,1,1,1,0,0,0,0.0043036316003484,0,0,0
single_target_sanity,8,15,1,1,NaN,0,NaN,0,NaN,0,NaN,1,-0.000663533690489063,0.00143573247999588,0,1,0,0,0,NaN,1,1,1,1,1,1,48,12,1,12,32726.5241421863,0,level2_rank1_fallback,medium,1,0,0,0,0,1,0.0492515,1,1,1,0,0,0,0.00143573247999588,0,0,0
single_target_sanity,8,16,1,1,NaN,0,NaN,0,NaN,0,NaN,1,-0.000732737256473271,-8.89545249574328e-05,0,1,0,0,0,NaN,1,1,1,1,1,1,48,12,1,11,32708.0477963891,0,level2_rank1_fallback,medium,1,0,0,0,0,1,0.0516858,1,1,1,0,0,0,-8.89545249574328e-05,0,0,0
single_target_sanity,8,17,1,1,NaN,0,NaN,0,NaN,0,NaN,1,-0.000404162843777721,0.00169709080245644,0,1,0,0,0,NaN,1,1,1,1,1,1,48,12,1,12,32886.225350814,0,level2_rank1_fallback,medium,1,0,0,0,0,1,0.0508525,1,1,1,0,0,0,0.00169709080245644,0,0,0
single_target_sanity,8,18,1,1,NaN,0,NaN,0,NaN,0,NaN,1,0.000598627743334183,0.00205662589166473,0,1,0,0,0,NaN,1,1,1,1,1,1,48,12,1,12,32587.5713857815,0,level2_rank1_fallback,medium,1,0,0,0,0,1,0.043954,1,1,1,0,0,0,0.00205662589166473,0,0,0
single_target_sanity,8,19,1,1,NaN,0,NaN,0,NaN,0,NaN,1,-0.00193513902642448,-0.00166288110153361,0,1,0,0,0,NaN,1,1,1,1,1,1,48,12,1,10,32631.1940755151,0,level2_rank1_fallback,medium,1,0,0,0,0,1,0.0764683,1,1,1,0,0,0,-0.00166288110153361,0,0,0
single_target_sanity,8,20,1,1,NaN,0,NaN,0,NaN,0,NaN,1,0.00397262169661812,0.000591029550710564,0,1,0,0,0,NaN,1,1,1,1,1,1,48,12,1,10,32736.8753294192,0,level2_rank1_fallback,medium,1,0,0,0,0,1,0.0556345,1,1,1,0,0,0,0.000591029550710564,0,0,0
single_target_sanity,8,21,1,1,NaN,0,NaN,0,NaN,0,NaN,1,1.71835706160102e-05,-0.00241501970710693,0,1,0,0,0,NaN,1,1,1,1,1,1,48,12,1,12,32753.4718575945,0,level2_rank1_fallback,medium,1,0,0,0,0,1,0.0565883,1,1,1,0,0,0,-0.00241501970710693,0,0,0
single_target_sanity,8,22,1,1,NaN,0,NaN,0,NaN,0,NaN,1,0.000600430734786968,-0.00280128888576456,0,1,0,0,0,NaN,1,1,1,1,1,1,48,12,1,12,32782.5905765105,0,level2_rank1_fallback,medium,1,0,0,0,0,1,0.0600348,1,1,1,0,0,0,-0.00280128888576456,0,0,0
single_target_sanity,8,23,1,1,NaN,0,NaN,0,NaN,0,NaN,1,-0.00141477279037264,0.00344993351451429,0,1,0,0,0,NaN,1,1,1,1,1,1,48,12,1,12,32622.7497169923,0,level2_rank1_fallback,medium,1,0,0,0,0,1,0.0521628,1,1,1,0,0,0,0.00344993351451429,0,0,0
single_target_sanity,8,24,1,1,NaN,0,NaN,0,NaN,0,NaN,1,0.000275958270621693,-0.00570567433403237,0,1,0,0,0,NaN,1,1,1,1,1,1,48,12,1,12,32966.2645022504,0,level2_rank1_fallback,medium,1,0,0,0,0,1,0.0536622,1,1,1,0,0,0,-0.00570567433403237,0,0,0
single_target_sanity,8,25,1,1,NaN,0,NaN,0,NaN,0,NaN,1,-0.00177832126716562,0.00295114066322066,0,1,0,0,0,NaN,1,1,1,1,1,1,48,12,1,12,32623.5397081494,0,low_confidence,low,1,0,0,1,0,1,0.2963134,1,1,1,1,0,0,0.00295114066322066,0,0,0
single_target_sanity,8,26,1,1,NaN,0,NaN,0,NaN,0,NaN,1,-0.000548676139996349,-0.00017764834472012,0,1,0,0,0,NaN,1,1,1,1,1,1,48,12,1,12,32825.270530097,0,level2_rank1_fallback,medium,1,0,0,0,0,1,0.0579171,1,1,1,0,0,0,-0.00017764834472012,0,0,0
single_target_sanity,8,27,1,1,NaN,0,NaN,0,NaN,0,NaN,1,0.00170208737346893,0.00252542259072074,0,1,0,0,0,NaN,1,1,1,1,1,1,48,12,1,12,32691.9188614129,0,level2_rank1_fallback,medium,1,0,0,0,0,1,0.0544471,1,1,1,0,0,0,0.00252542259072074,0,0,0
single_target_sanity,8,28,1,1,NaN,0,NaN,0,NaN,0,NaN,1,0.00186219430881008,-0.00483739464718332,0,1,0,0,0,NaN,1,1,1,1,1,1,48,12,1,12,32710.4887408408,0,level2_rank1_fallback,medium,1,0,0,0,0,1,0.0479287,1,1,1,0,0,0,-0.00483739464718332,0,0,0
single_target_sanity,8,29,1,1,NaN,0,NaN,0,NaN,0,NaN,1,-0.000440867759188871,0.000832309159928896,0,1,0,0,0,NaN,1,1,1,1,1,1,48,12,1,13,32633.2008701649,0,level2_rank1_fallback,medium,1,0,0,0,0,1,0.0489004,1,1,1,0,0,0,0.000832309159928896,0,0,0
single_target_sanity,8,30,1,1,NaN,0,NaN,0,NaN,0,NaN,1,-0.00335967713951294,0.000897975413583348,0,1,0,0,0,NaN,1,1,1,1,1,1,48,12,1,12,32640.8343770813,0,level2_rank1_fallback,medium,1,0,0,0,0,1,0.0430389,1,1,1,0,0,0,0.000897975413583348,0,0,0
single_target_sanity,16,1,1,1,NaN,0,NaN,0,NaN,0,NaN,1,-0.00177818204044013,-0.000753520900054668,0,1,0,0,0,NaN,1,1,1,1,1,1,48,12,1,17,32713.4728579068,0,level2_rank1_fallback,medium,1,0,0,0,0,1,0.0426508,1,1,1,0,0,0,-0.000753520900054668,0,0,0
single_target_sanity,16,2,1,1,NaN,0,NaN,0,NaN,0,NaN,1,-0.000733476965613241,0.000577199416434284,0,1,0,0,0,NaN,1,1,1,1,1,1,48,12,1,17,32723.4718242289,0,level2_rank1_fallback,medium,1,0,0,0,0,1,0.0508552,1,1,1,0,0,0,0.000577199416434284,0,0,0
single_target_sanity,16,3,1,1,NaN,0,NaN,0,NaN,0,NaN,1,0.000743947789898888,5.41601035304079e-05,0,1,0,0,0,NaN,1,1,1,1,1,1,48,12,1,18,32676.5406340635,0,low_confidence,low,1,0,0,1,0,1,0.3100195,1,1,1,1,0,0,5.41601035304079e-05,0,0,0
single_target_sanity,16,4,1,1,NaN,0,NaN,0,NaN,0,NaN,1,0.00199982191615129,0.000740770632431703,0,1,0,0,0,NaN,1,1,1,1,1,1,48,12,1,20,32726.5208718062,0,level2_rank1_fallback,medium,1,0,0,0,0,1,0.0453161,1,1,1,0,0,0,0.000740770632431703,0,0,0
single_target_sanity,16,5,1,1,NaN,0,NaN,0,NaN,0,NaN,1,0.000549679280145878,0.000334081424631528,0,1,0,0,0,NaN,1,1,1,1,1,1,48,12,1,18,32727.0905031109,0,level2_rank1_fallback,medium,1,0,0,0,0,1,0.0434316,1,1,1,0,0,0,0.000334081424631528,0,0,0
single_target_sanity,16,6,1,1,NaN,0,NaN,0,NaN,0,NaN,1,-0.000280393169656094,0.00176008878307658,0,1,0,0,0,NaN,1,1,1,1,1,1,48,12,1,18,32734.6080349203,0,level2_rank1_fallback,medium,1,0,0,0,0,1,0.0547964,1,1,1,0,0,0,0.00176008878307658,0,0,0
single_target_sanity,16,7,1,1,NaN,0,NaN,0,NaN,0,NaN,1,-0.00029610363128219,-0.000366077887243509,0,1,0,0,0,NaN,1,1,1,1,1,1,48,12,1,17,32705.9945714512,0,low_confidence,low,1,0,0,1,0,1,0.3244339,1,1,1,1,0,0,-0.000366077887243509,0,0,0
single_target_sanity,16,8,1,1,NaN,0,NaN,0,NaN,0,NaN,1,-2.15033329752495e-05,-0.000413176175768599,0,1,0,0,0,NaN,1,1,1,1,1,1,48,12,1,21,32705.9012188991,0,level2_rank1_fallback,medium,1,0,0,0,0,1,0.0520906,1,1,1,0,0,0,-0.000413176175768599,0,0,0
single_target_sanity,16,9,1,1,NaN,0,NaN,0,NaN,0,NaN,1,0.000269400408087856,-0.000639104848626566,0,1,0,0,0,NaN,1,1,1,1,1,1,48,12,1,19,32648.5939573105,0,low_confidence,low,1,0,0,1,0,1,0.3009963,1,1,1,1,0,0,-0.000639104848626566,0,0,0
single_target_sanity,16,10,1,1,NaN,0,NaN,0,NaN,0,NaN,1,0.000418739385434951,0.00211981804288254,0,1,0,0,0,NaN,1,1,1,1,1,1,48,12,1,20,32721.4586465019,0,level2_rank1_fallback,medium,1,0,0,0,0,1,0.0416661,1,1,1,0,0,0,0.00211981804288254,0,0,0
single_target_sanity,16,11,1,1,NaN,0,NaN,0,NaN,0,NaN,1,0.000998980253225608,-0.00102531200955243,0,1,0,0,0,NaN,1,1,1,1,1,1,48,12,1,17,32736.0810748381,0,low_confidence,low,1,0,0,1,0,1,0.3061873,1,1,1,1,0,0,-0.00102531200955243,0,0,0
single_target_sanity,16,12,1,1,NaN,0,NaN,0,NaN,0,NaN,1,-0.00117435745650748,-0.000622003550531548,0,1,0,0,0,NaN,1,1,1,1,1,1,48,12,1,19,32709.0906041783,0,level2_rank1_fallback,medium,1,0,0,0,0,1,0.0415359,1,1,1,0,0,0,-0.000622003550531548,0,0,0
single_target_sanity,16,13,1,1,NaN,0,NaN,0,NaN,0,NaN,1,-0.000471107481513217,0.00054309782317348,0,1,0,0,0,NaN,1,1,1,1,1,1,48,12,1,16,32740.9248484251,0,low_confidence,low,1,0,0,1,0,1,0.2958395,1,1,1,1,0,0,0.00054309782317348,0,0,0
single_target_sanity,16,14,1,1,NaN,0,NaN,0,NaN,0,NaN,1,-0.00124969595897896,-0.0003615087083799,0,1,0,0,0,NaN,1,1,1,1,1,1,48,12,1,20,32698.0906293386,0,level2_rank1_fallback,medium,1,0,0,0,0,1,0.0439312,1,1,1,0,0,0,-0.0003615087083799,0,0,0
single_target_sanity,16,15,1,1,NaN,0,NaN,0,NaN,0,NaN,1,0.00035848356240695,0.000519891052643954,0,1,0,0,0,NaN,1,1,1,1,1,1,48,12,1,18,32714.4067447485,0,level2_rank1_fallback,medium,1,0,0,0,0,1,0.0475985,1,1,1,0,0,0,0.000519891052643954,0,0,0
single_target_sanity,16,16,1,1,NaN,0,NaN,0,NaN,0,NaN,1,0.000180375706293697,0.000430309326755036,0,1,0,0,0,NaN,1,1,1,1,1,1,48,12,1,17,32650.5084892827,0,low_confidence,low,1,0,0,1,0,1,0.3046029,1,1,1,1,0,0,0.000430309326755036,0,0,0
single_target_sanity,16,17,1,1,NaN,0,NaN,0,NaN,0,NaN,1,-0.00153044280322327,0.000121402465235026,0,1,0,0,0,NaN,1,1,1,1,1,1,48,12,1,23,32691.3647750483,0,level2_rank1_fallback,medium,1,0,0,0,0,1,0.0460349,1,1,1,0,0,0,0.000121402465235026,0,0,0
single_target_sanity,16,18,1,1,NaN,0,NaN,0,NaN,0,NaN,1,-0.00050979778187222,-0.00165803468207757,0,1,0,0,0,NaN,1,1,1,1,1,1,48,12,1,18,32758.6026056938,0,low_confidence,low,1,0,0,1,0,1,0.3008347,1,1,1,1,0,0,-0.00165803468207757,0,0,0
single_target_sanity,16,19,1,1,NaN,0,NaN,0,NaN,0,NaN,1,0.000111255306134167,-0.000676484703397273,0,1,0,0,0,NaN,1,1,1,1,1,1,48,12,1,19,32746.591111957,0,low_confidence,low,1,0,0,1,0,1,0.3026073,1,1,1,1,0,0,-0.000676484703397273,0,0,0
single_target_sanity,16,20,1,1,NaN,0,NaN,0,NaN,0,NaN,1,-0.000461765491593232,0.0016936984836161,0,1,0,0,0,NaN,1,1,1,1,1,1,48,12,1,20,32753.3244665667,0,low_confidence,low,1,0,0,1,0,1,0.2859483,1,1,1,1,0,0,0.0016936984836161,0,0,0
single_target_sanity,16,21,1,1,NaN,0,NaN,0,NaN,0,NaN,1,-0.000101412781937339,-0.00114535432777434,0,1,0,0,0,NaN,1,1,1,1,1,1,48,12,1,17,32618.0344998464,0,low_confidence,low,1,0,0,1,0,1,0.2884401,1,1,1,1,0,0,-0.00114535432777434,0,0,0
single_target_sanity,16,22,1,1,NaN,0,NaN,0,NaN,0,NaN,1,0.000787105635209505,0.00138110505213948,0,1,0,0,0,NaN,1,1,1,1,1,1,48,12,1,19,32715.5242841139,0,level2_rank1_fallback,medium,1,0,0,0,0,1,0.046299,1,1,1,0,0,0,0.00138110505213948,0,0,0
single_target_sanity,16,23,1,1,NaN,0,NaN,0,NaN,0,NaN,1,4.32765605714619e-05,0.000463210246635729,0,1,0,0,0,NaN,1,1,1,1,1,1,48,12,1,21,32688.1254373622,0,level2_rank1_fallback,medium,1,0,0,0,0,1,0.0553043,1,1,1,0,0,0,0.000463210246635729,0,0,0
single_target_sanity,16,24,1,1,NaN,0,NaN,0,NaN,0,NaN,1,-0.000193190303542058,0.001352128652302,0,1,0,0,0,NaN,1,1,1,1,1,1,48,12,1,21,32669.0115012718,0,level2_rank1_fallback,medium,1,0,0,0,0,1,0.0509391,1,1,1,0,0,0,0.001352128652302,0,0,0
single_target_sanity,16,25,1,1,NaN,0,NaN,0,NaN,0,NaN,1,-0.000542226320453753,-2.1581279462116e-05,0,1,0,0,0,NaN,1,1,1,1,1,1,48,12,1,19,32637.9016635231,0,level2_rank1_fallback,medium,1,0,0,0,0,1,0.0498095,1,1,1,0,0,0,-2.1581279462116e-05,0,0,0
single_target_sanity,16,26,1,1,NaN,0,NaN,0,NaN,0,NaN,1,0.000243022394160694,0.000822280971384944,0,1,0,0,0,NaN,1,1,1,1,1,1,48,12,1,22,32704.2293618309,0,level2_rank1_fallback,medium,1,0,0,0,0,1,0.0490244,1,1,1,0,0,0,0.000822280971384944,0,0,0
single_target_sanity,16,27,1,1,NaN,0,NaN,0,NaN,0,NaN,1,0.00135869538367067,-0.000341495625147944,0,1,0,0,0,NaN,1,1,1,1,1,1,48,12,1,20,32833.9158456805,0,low_confidence,low,1,0,0,1,0,1,0.2913877,1,1,1,1,0,0,-0.000341495625147944,0,0,0
single_target_sanity,16,28,1,1,NaN,0,NaN,0,NaN,0,NaN,1,0.000184210563629629,-0.0022380249157163,0,1,0,0,0,NaN,1,1,1,1,1,1,48,12,1,19,32699.2513996624,0,low_confidence,low,1,0,0,1,0,1,0.28571,1,1,1,1,0,0,-0.0022380249157163,0,0,0
single_target_sanity,16,29,1,1,NaN,0,NaN,0,NaN,0,NaN,1,-0.000340752462750939,-0.000846873801018762,0,1,0,0,0,NaN,1,1,1,1,1,1,48,12,1,19,32675.8828588929,0,low_confidence,low,1,0,0,1,0,1,0.2983935,1,1,1,1,0,0,-0.000846873801018762,0,0,0
single_target_sanity,16,30,1,1,NaN,0,NaN,0,NaN,0,NaN,1,0.000129770649626648,0.000458395877079343,0,1,0,0,0,NaN,1,1,1,1,1,1,48,12,1,23,32721.1030153001,0,low_confidence,low,1,0,0,1,0,1,0.2878007,1,1,1,1,0,0,0.000458395877079343,0,0,0
close_coherent_pair,8,1,2,1,1,0,0.263775444933353,-0.600637722466676,-0.336862277533324,0,0,1,-0.466232572925792,0.00577425481087514,0,1,0.46875,0.600637722466672,-0.600637722466672,-0.336862277533328,1,1,1,1,1,1,48,12,1,12,129462.099265906,0,level2_rank1_fallback,medium,1,0,0,0,0,1,0.0421441,1,1,1,0,0,0,0.00577425481087514,0,0,0
close_coherent_pair,8,2,2,1,1,0,0.263775444933353,-0.600637722466676,-0.336862277533324,0,0,1,-0.465960258730371,-0.00470729903244346,0,1,0.46875,0.600637722466672,-0.600637722466672,-0.336862277533328,1,1,1,1,1,1,48,12,1,12,129612.518055865,0,level2_rank1_fallback,medium,1,0,0,0,0,1,0.045774,1,1,1,0,0,0,-0.00470729903244346,0,0,0
close_coherent_pair,8,3,2,1,1,0,0.263775444933353,-0.600637722466676,-0.336862277533324,0,0,1,-0.468974902556426,-0.000283336059867972,0,1,0.46875,0.600637722466672,-0.600637722466672,-0.336862277533328,1,1,1,1,1,1,48,12,1,12,130088.264297782,0,low_confidence,low,0,0,0,1,0,1,0.3030291,1,1,1,1,0,0,-0.000283336059867972,0,0,0
close_coherent_pair,8,4,2,1,1,0,0.263775444933353,-0.600637722466676,-0.336862277533324,0,0,1,-0.466452136975895,0.00386023730880957,0,1,0.46875,0.600637722466672,-0.600637722466672,-0.336862277533328,1,1,1,1,1,1,48,12,1,12,130208.594799106,0,low_confidence,low,0,0,0,1,0,1,0.296637,1,1,1,1,0,0,0.00386023730880957,0,0,0
close_coherent_pair,8,5,2,1,1,0,0.263775444933353,-0.600637722466676,-0.336862277533324,0,0,1,-0.468873973475875,0.00211748077924458,0,1,0.46875,0.600637722466672,-0.600637722466672,-0.336862277533328,1,1,1,1,1,1,48,12,1,13,129480.111037801,0,low_confidence,low,0,0,0,1,0,1,0.3085251,1,1,1,1,0,0,0.00211748077924458,0,0,0
close_coherent_pair,8,6,2,1,1,0,0.263775444933353,-0.600637722466676,-0.336862277533324,0,0,1,-0.470716241784699,-0.00284859603138702,0,1,0.46875,0.600637722466672,-0.600637722466672,-0.336862277533328,1,1,1,1,1,1,48,12,1,13,129626.745716211,0,level2_rank1_fallback,medium,0,0,0,0,0,1,0.0435934,1,1,1,0,0,0,-0.00284859603138702,0,0,0
close_coherent_pair,8,7,2,1,1,0,0.263775444933353,-0.600637722466676,-0.336862277533324,0,0,1,-0.469722458476396,0.000740456461948345,0,1,0.46875,0.600637722466672,-0.600637722466672,-0.336862277533328,1,1,1,1,1,1,48,12,1,12,129792.121381767,0,level2_rank1_fallback,medium,1,0,0,0,0,1,0.0455869,1,1,1,0,0,0,0.000740456461948345,0,0,0
close_coherent_pair,8,8,2,1,1,0,0.263775444933353,-0.600637722466676,-0.336862277533324,0,0,1,-0.468105086417355,-0.000206425665585216,0,1,0.46875,0.600637722466672,-0.600637722466672,-0.336862277533328,1,1,1,1,1,1,48,12,1,11,129663.449318175,0,level2_rank1_fallback,medium,1,0,0,0,0,1,0.0464584,1,1,1,0,0,0,-0.000206425665585216,0,0,0
close_coherent_pair,8,9,2,1,1,0,0.263775444933353,-0.600637722466676,-0.336862277533324,0,0,1,-0.469872592461225,0.0028938160871472,0,1,0.46875,0.600637722466672,-0.600637722466672,-0.336862277533328,1,1,1,1,1,1,48,12,1,12,129906.779606828,0,low_confidence,low,0,0,0,1,0,1,0.3021331,1,1,1,1,0,0,0.0028938160871472,0,0,0
close_coherent_pair,8,10,2,1,1,0,0.263775444933353,-0.600637722466676,-0.336862277533324,0,0,1,-0.46899355639616,0.00421012414583662,0,1,0.46875,0.600637722466672,-0.600637722466672,-0.336862277533328,1,1,1,1,1,1,48,12,1,12,130193.359174642,0,level2_rank1_fallback,medium,0,0,0,0,0,1,0.0527565,1,1,1,0,0,0,0.00421012414583662,0,0,0
close_coherent_pair,8,11,2,1,1,0,0.263775444933353,-0.600637722466676,-0.336862277533324,0,0,1,-0.468139669234475,0.00170226136479941,0,1,0.46875,0.600637722466672,-0.600637722466672,-0.336862277533328,1,1,1,1,1,1,48,12,1,13,129794.477085037,0,level2_rank1_fallback,medium,1,0,0,0,0,1,0.0569901,1,1,1,0,0,0,0.00170226136479941,0,0,0
close_coherent_pair,8,12,2,1,1,0,0.263775444933353,-0.600637722466676,-0.336862277533324,0,0,1,-0.472484083333734,0.00328383638760717,0,1,0.46875,0.600637722466672,-0.600637722466672,-0.336862277533328,1,1,1,1,1,1,48,12,1,12,129129.655946051,0,low_confidence,low,0,0,0,1,0,1,0.3624228,1,1,1,1,0,0,0.00328383638760717,0,0,0
close_coherent_pair,8,13,2,1,1,0,0.263775444933353,-0.600637722466676,-0.336862277533324,0,0,1,-0.469879816015356,-0.00161769269166984,0,1,0.46875,0.600637722466672,-0.600637722466672,-0.336862277533328,1,1,1,1,1,1,48,12,1,12,129932.858756059,0,level2_rank1_fallback,medium,1,0,0,0,0,1,0.045492,1,1,1,0,0,0,-0.00161769269166984,0,0,0
close_coherent_pair,8,14,2,1,1,0,0.263775444933353,-0.600637722466676,-0.336862277533324,0,0,1,-0.46735100831362,-0.00412127632456469,0,1,0.46875,0.600637722466672,-0.600637722466672,-0.336862277533328,1,1,1,1,1,1,48,12,1,10,129775.14772996,0,low_confidence,low,0,0,0,1,0,1,0.3109576,1,1,1,1,0,0,-0.00412127632456469,0,0,0
close_coherent_pair,8,15,2,1,1,0,0.263775444933353,-0.600637722466676,-0.336862277533324,0,0,1,-0.470410320555248,7.42048233477153e-06,0,1,0.46875,0.600637722466672,-0.600637722466672,-0.336862277533328,1,1,1,1,1,1,48,12,1,12,129969.584817368,0,low_confidence,low,0,0,0,1,0,1,0.3206561,1,1,1,1,0,0,7.42048233477153e-06,0,0,0
close_coherent_pair,8,16,2,1,1,0,0.263775444933353,-0.600637722466676,-0.336862277533324,0,0,1,-0.472635004365972,-0.00225314006384573,0,1,0.46875,0.600637722466672,-0.600637722466672,-0.336862277533328,1,1,1,1,1,1,48,12,1,12,129978.590499746,0,level2_rank1_fallback,medium,1,0,0,0,0,1,0.0444961,1,1,1,0,0,0,-0.00225314006384573,0,0,0
close_coherent_pair,8,17,2,1,1,0,0.263775444933353,-0.600637722466676,-0.336862277533324,0,0,1,-0.463966020268633,0.00338785212001633,0,1,0.46875,0.600637722466672,-0.600637722466672,-0.336862277533328,1,1,1,1,1,1,48,12,1,11,130000.717353303,0,level2_rank1_fallback,medium,1,0,0,0,0,1,0.0494453,1,1,1,0,0,0,0.00338785212001633,0,0,0
close_coherent_pair,8,18,2,1,1,0,0.263775444933353,-0.600637722466676,-0.336862277533324,0,0,1,-0.466440873036771,-0.00224812772836965,0,1,0.46875,0.600637722466672,-0.600637722466672,-0.336862277533328,1,1,1,1,1,1,48,12,1,12,130092.07058875,0,level2_rank1_fallback,medium,1,0,0,0,0,1,0.0458771,1,1,1,0,0,0,-0.00224812772836965,0,0,0
close_coherent_pair,8,19,2,1,1,0,0.263775444933353,-0.600637722466676,-0.336862277533324,0,0,1,-0.469815234818861,-0.00109939651399626,0,1,0.46875,0.600637722466672,-0.600637722466672,-0.336862277533328,1,1,1,1,1,1,48,12,1,12,129137.95178588,0,low_confidence,low,0,0,0,1,0,1,0.2877544,1,1,1,1,0,0,-0.00109939651399626,0,0,0
close_coherent_pair,8,20,2,1,1,0,0.263775444933353,-0.600637722466676,-0.336862277533324,0,0,1,-0.466745946688652,-0.00298860250223626,0,1,0.46875,0.600637722466672,-0.600637722466672,-0.336862277533328,1,1,1,1,1,1,48,12,1,12,129256.922318675,0,level2_rank1_fallback,medium,1,0,0,0,0,1,0.0446008,1,1,1,0,0,0,-0.00298860250223626,0,0,0
close_coherent_pair,8,21,2,1,1,0,0.263775444933353,-0.600637722466676,-0.336862277533324,0,0,1,-0.466762267798905,0.00192113988689661,0,1,0.46875,0.600637722466672,-0.600637722466672,-0.336862277533328,1,1,1,1,1,1,48,12,1,12,130722.845761235,0,level2_rank1_fallback,medium,1,0,0,0,0,1,0.0469712,1,1,1,0,0,0,0.00192113988689661,0,0,0
close_coherent_pair,8,22,2,1,1,0,0.263775444933353,-0.600637722466676,-0.336862277533324,0,0,1,-0.469417611649946,5.60343921120124e-05,0,1,0.46875,0.600637722466672,-0.600637722466672,-0.336862277533328,1,1,1,1,1,1,48,12,1,12,129742.385706983,0,low_confidence,low,0,0,0,1,0,1,0.3149156,1,1,1,1,0,0,5.60343921120124e-05,0,0,0
close_coherent_pair,8,23,2,1,1,0,0.263775444933353,-0.600637722466676,-0.336862277533324,0,0,1,-0.466366315944412,-0.00229030755550661,0,1,0.46875,0.600637722466672,-0.600637722466672,-0.336862277533328,1,1,1,1,1,1,48,12,1,12,129594.715719843,0,level2_rank1_fallback,medium,1,0,0,0,0,1,0.0591851,1,1,1,0,0,0,-0.00229030755550661,0,0,0
close_coherent_pair,8,24,2,1,1,0,0.263775444933353,-0.600637722466676,-0.336862277533324,0,0,1,-0.466912918292269,0.00405124327042034,0,1,0.46875,0.600637722466672,-0.600637722466672,-0.336862277533328,1,1,1,1,1,1,48,12,1,12,129627.072113697,0,level2_rank1_fallback,medium,1,0,0,0,0,1,0.0542714,1,1,1,0,0,0,0.00405124327042034,0,0,0
close_coherent_pair,8,25,2,1,1,0,0.263775444933353,-0.600637722466676,-0.336862277533324,0,0,1,-0.465666511391217,0.0054955981309944,0,1,0.46875,0.600637722466672,-0.600637722466672,-0.336862277533328,1,1,1,1,1,1,48,12,1,11,129616.739073187,0,level2_rank1_fallback,medium,0,0,0,0,0,1,0.0539746,1,1,1,0,0,0,0.0054955981309944,0,0,0
close_coherent_pair,8,26,2,1,1,0,0.263775444933353,-0.600637722466676,-0.336862277533324,0,0,1,-0.470254210416884,0.00219397510507063,0,1,0.46875,0.600637722466672,-0.600637722466672,-0.336862277533328,1,1,1,1,1,1,48,12,1,12,130493.408027736,0,level2_rank1_fallback,medium,1,0,0,0,0,1,0.0580592,1,1,1,0,0,0,0.00219397510507063,0,0,0
close_coherent_pair,8,27,2,1,1,0,0.263775444933353,-0.600637722466676,-0.336862277533324,0,0,1,-0.471755631719802,-0.00435976257594674,0,1,0.46875,0.600637722466672,-0.600637722466672,-0.336862277533328,1,1,1,1,1,1,48,12,1,12,129632.645247684,0,low_confidence,low,0,0,0,1,0,1,0.33255,1,1,1,1,0,0,-0.00435976257594674,0,0,0
close_coherent_pair,8,28,2,1,1,0,0.263775444933353,-0.600637722466676,-0.336862277533324,0,0,1,-0.469625054937854,0.00220064613534641,0,1,0.46875,0.600637722466672,-0.600637722466672,-0.336862277533328,1,1,1,1,1,1,48,12,1,11,129633.60305852,0,low_confidence,low,0,0,0,1,0,1,0.3180655,1,1,1,1,0,0,0.00220064613534641,0,0,0
close_coherent_pair,8,29,2,1,1,0,0.263775444933353,-0.600637722466676,-0.336862277533324,0,0,1,-0.466208882280691,-0.00597443405652361,0,1,0.46875,0.600637722466672,-0.600637722466672,-0.336862277533328,1,1,1,1,1,1,48,12,1,12,130319.037221051,0,level2_rank1_fallback,medium,0,0,0,0,0,1,0.0489008,1,1,1,0,0,0,-0.00597443405652361,0,0,0
close_coherent_pair,8,30,2,1,1,0,0.263775444933353,-0.600637722466676,-0.336862277533324,0,0,1,-0.468162213253706,-0.000193372358367115,0,1,0.46875,0.600637722466672,-0.600637722466672,-0.336862277533328,1,1,1,1,1,1,48,12,1,12,130607.508921223,0,level2_rank1_fallback,medium,1,0,0,0,0,1,0.0477933,1,1,1,0,0,0,-0.000193372358367115,0,0,0
close_coherent_pair,16,1,2,1,1,0,0.263775444933353,-0.600637722466676,-0.336862277533324,0,0,1,-0.468582097625805,0.000957707265658096,0,1,0.46875,0.600637722466672,-0.600637722466672,-0.336862277533328,1,1,1,1,1,1,48,12,1,19,129871.670581315,0,low_confidence,low,0,0,0,1,0,1,0.3010073,1,1,1,1,0,0,0.000957707265658096,0,0,0
close_coherent_pair,16,2,2,1,1,0,0.263775444933353,-0.600637722466676,-0.336862277533324,0,0,1,-0.467795203252416,0.000900059424939925,0,1,0.46875,0.600637722466672,-0.600637722466672,-0.336862277533328,1,1,1,1,1,1,48,12,1,21,129922.597240444,0,low_confidence,low,0,0,0,1,0,1,0.3184003,1,1,1,1,0,0,0.000900059424939925,0,0,0
close_coherent_pair,16,3,2,1,1,0,0.263775444933353,-0.600637722466676,-0.336862277533324,0,0,1,-0.468123187705653,0.000789096488507896,0,1,0.46875,0.600637722466672,-0.600637722466672,-0.336862277533328,1,1,1,1,1,1,48,12,1,22,129997.153064224,0,boundary_unreliable,low,0,0,0,1,1,1,0.3411907,1,1,1,1,0,0,0.000789096488507896,0,0,0
close_coherent_pair,16,4,2,1,1,0,0.263775444933353,-0.600637722466676,-0.336862277533324,0,0,1,-0.469197786306758,-0.00102521075220434,0,1,0.46875,0.600637722466672,-0.600637722466672,-0.336862277533328,1,1,1,1,1,1,48,12,1,19,129693.80059011,0,low_confidence,low,0,0,0,1,0,1,0.3240204,1,1,1,1,0,0,-0.00102521075220434,0,0,0
close_coherent_pair,16,5,2,1,1,0,0.263775444933353,-0.600637722466676,-0.336862277533324,0,0,1,-0.469249770202555,0.000426592466766624,0,1,0.46875,0.600637722466672,-0.600637722466672,-0.336862277533328,1,1,1,1,1,1,48,12,1,20,129751.903866885,0,low_confidence,low,0,0,0,1,0,1,0.3101895,1,1,1,1,0,0,0.000426592466766624,0,0,0
close_coherent_pair,16,6,2,1,1,0,0.263775444933353,-0.600637722466676,-0.336862277533324,0,0,1,-0.467078338274746,0.000381933515606821,0,1,0.46875,0.600637722466672,-0.600637722466672,-0.336862277533328,1,1,1,1,1,1,48,12,1,18,129722.90082191,0,boundary_unreliable,low,0,0,0,1,1,1,0.3232975,1,1,1,1,0,0,0.000381933515606821,0,0,0
close_coherent_pair,16,7,2,1,1,0,0.263775444933353,-0.600637722466676,-0.336862277533324,0,0,1,-0.46801029459238,-0.000108876501524094,0,1,0.46875,0.600637722466672,-0.600637722466672,-0.336862277533328,1,1,1,1,1,1,48,12,1,21,129828.205585478,0,boundary_unreliable,low,0,0,0,1,1,1,0.3101873,1,1,1,1,0,0,-0.000108876501524094,0,0,0
close_coherent_pair,16,8,2,1,1,0,0.263775444933353,-0.600637722466676,-0.336862277533324,0,0,1,-0.467881641891475,-0.00164807013766694,0,1,0.46875,0.600637722466672,-0.600637722466672,-0.336862277533328,1,1,1,1,1,1,48,12,1,17,129660.036369661,0,low_confidence,low,0,0,0,1,0,1,0.3058267,1,1,1,1,0,0,-0.00164807013766694,0,0,0
close_coherent_pair,16,9,2,1,1,0,0.263775444933353,-0.600637722466676,-0.336862277533324,0,0,1,-0.468874096773001,-0.00123159995414247,0,1,0.46875,0.600637722466672,-0.600637722466672,-0.336862277533328,1,1,1,1,1,1,48,12,1,19,129962.988052545,0,low_confidence,low,0,0,0,1,0,1,0.3105974,1,1,1,1,0,0,-0.00123159995414247,0,0,0
close_coherent_pair,16,10,2,1,1,0,0.263775444933353,-0.600637722466676,-0.336862277533324,0,0,1,-0.467746080105829,0.00179427364151945,0,1,0.46875,0.600637722466672,-0.600637722466672,-0.336862277533328,1,1,1,1,1,1,48,12,1,20,129719.993231722,0,boundary_unreliable,low,0,0,0,1,1,1,0.3535313,1,1,1,1,0,0,0.00179427364151945,0,0,0
close_coherent_pair,16,11,2,1,1,0,0.263775444933353,-0.600637722466676,-0.336862277533324,0,0,1,-0.468860463803272,-0.000580192200639262,0,1,0.46875,0.600637722466672,-0.600637722466672,-0.336862277533328,1,1,1,1,1,1,48,12,1,20,130053.840005564,0,boundary_unreliable,low,0,0,0,1,1,1,0.3284053,1,1,1,1,0,0,-0.000580192200639262,0,0,0
close_coherent_pair,16,12,2,1,1,0,0.263775444933353,-0.600637722466676,-0.336862277533324,0,0,1,-0.468016320400655,-0.000892167380332736,0,1,0.46875,0.600637722466672,-0.600637722466672,-0.336862277533328,1,1,1,1,1,1,48,12,1,18,129922.020738714,0,common_el_refocus_power_rank1,medium,1,0,0,0,0,1,0.0395259,1,1,0,0,0,0,-0.000892167380332736,0,0,0
close_coherent_pair,16,13,2,1,1,0,0.263775444933353,-0.600637722466676,-0.336862277533324,0,0,1,-0.468211832697965,-0.00109144347681179,0,1,0.46875,0.600637722466672,-0.600637722466672,-0.336862277533328,1,1,1,1,1,1,48,12,1,18,129792.848521877,0,common_el_refocus_power_rank1,medium,1,0,0,0,0,1,0.0527485,1,1,0,0,0,0,-0.00109144347681179,0,0,0
close_coherent_pair,16,14,2,1,1,0,0.263775444933353,-0.600637722466676,-0.336862277533324,0,0,1,-0.469535343461119,-0.000386847208912889,0,1,0.46875,0.600637722466672,-0.600637722466672,-0.336862277533328,1,1,1,1,1,1,48,12,1,18,129710.410255298,0,boundary_unreliable,low,0,0,0,1,1,1,0.3168163,1,1,1,1,0,0,-0.000386847208912889,0,0,0
close_coherent_pair,16,15,2,1,1,0,0.263775444933353,-0.600637722466676,-0.336862277533324,0,0,1,-0.467956964531624,-0.000296056709828945,0,1,0.46875,0.600637722466672,-0.600637722466672,-0.336862277533328,1,1,1,1,1,1,48,12,1,21,130011.315155975,0,level2_rank1_fallback,medium,1,0,0,0,0,1,0.0494949,1,1,1,0,0,0,-0.000296056709828945,0,0,0
close_coherent_pair,16,16,2,1,1,0,0.263775444933353,-0.600637722466676,-0.336862277533324,0,0,1,-0.46730319374784,-0.00192740869468192,0,1,0.46875,0.600637722466672,-0.600637722466672,-0.336862277533328,1,1,1,1,1,1,48,12,1,18,130070.28822992,0,common_el_refocus_power_rank1,medium,1,0,0,0,0,1,0.0429016,1,1,0,0,0,0,-0.00192740869468192,0,0,0
close_coherent_pair,16,17,2,1,1,0,0.263775444933353,-0.600637722466676,-0.336862277533324,0,0,1,-0.468484443928457,-0.000403651524143039,0,1,0.46875,0.600637722466672,-0.600637722466672,-0.336862277533328,1,1,1,1,1,1,48,12,1,22,129547.854963908,0,level2_rank1_fallback,medium,1,0,0,0,0,1,0.0466338,1,1,1,0,0,0,-0.000403651524143039,0,0,0
close_coherent_pair,16,18,2,1,1,0,0.263775444933353,-0.600637722466676,-0.336862277533324,0,0,1,-0.469515355188508,0.000430378076678107,0,1,0.46875,0.600637722466672,-0.600637722466672,-0.336862277533328,1,1,1,1,1,1,48,12,1,18,129762.993247086,0,boundary_unreliable,low,0,0,0,1,1,1,0.3127418,1,1,1,1,0,0,0.000430378076678107,0,0,0
close_coherent_pair,16,19,2,1,1,0,0.263775444933353,-0.600637722466676,-0.336862277533324,0,0,1,-0.468997741864932,0.000764563900831626,0,1,0.46875,0.600637722466672,-0.600637722466672,-0.336862277533328,1,1,1,1,1,1,48,12,1,19,129880.39528522,0,level2_rank1_fallback,medium,1,0,0,0,0,1,0.0466364,1,1,1,0,0,0,0.000764563900831626,0,0,0
close_coherent_pair,16,20,2,1,1,0,0.263775444933353,-0.600637722466676,-0.336862277533324,0,0,1,-0.466981228049434,-0.00101194577644686,0,1,0.46875,0.600637722466672,-0.600637722466672,-0.336862277533328,1,1,1,1,1,1,48,12,1,19,129616.664974485,0,common_el_refocus_power_rank1,medium,1,0,0,0,0,1,0.0520824,1,1,0,0,0,0,-0.00101194577644686,0,0,0
close_coherent_pair,16,21,2,1,1,0,0.263775444933353,-0.600637722466676,-0.336862277533324,0,0,1,-0.468009418079889,-0.00039954928734883,0,1,0.46875,0.600637722466672,-0.600637722466672,-0.336862277533328,1,1,1,1,1,1,48,12,1,16,129697.479826254,0,level2_rank1_fallback,medium,0,0,0,0,0,1,0.0521269,1,1,1,0,0,0,-0.00039954928734883,0,0,0
close_coherent_pair,16,22,2,1,1,0,0.263775444933353,-0.600637722466676,-0.336862277533324,0,0,1,-0.467602835287598,0.00211301890445121,0,1,0.46875,0.600637722466672,-0.600637722466672,-0.336862277533328,1,1,1,1,1,1,48,12,1,18,129762.495020665,0,low_confidence,low,0,0,0,1,0,1,0.3304941,1,1,1,1,0,0,0.00211301890445121,0,0,0
close_coherent_pair,16,23,2,1,1,0,0.263775444933353,-0.600637722466676,-0.336862277533324,0,0,1,-0.468703247340122,-0.0014376405082436,0,1,0.46875,0.600637722466672,-0.600637722466672,-0.336862277533328,1,1,1,1,1,1,48,12,1,18,129653.506166814,0,low_confidence,low,0,0,0,1,0,1,0.3256667,1,1,1,1,0,0,-0.0014376405082436,0,0,0
close_coherent_pair,16,24,2,1,1,0,0.263775444933353,-0.600637722466676,-0.336862277533324,0,0,1,-0.470823593988527,0.000652166884993156,0,1,0.46875,0.600637722466672,-0.600637722466672,-0.336862277533328,1,1,1,1,1,1,48,12,1,18,130000.051770234,0,low_confidence,low,0,0,0,1,0,1,0.3282279,1,1,1,1,0,0,0.000652166884993156,0,0,0
close_coherent_pair,16,25,2,1,1,0,0.263775444933353,-0.600637722466676,-0.336862277533324,0,0,1,-0.469628075075979,0.000841389935371619,0,1,0.46875,0.600637722466672,-0.600637722466672,-0.336862277533328,1,1,1,1,1,1,48,12,1,17,130107.461540438,0,level2_rank1_fallback,medium,1,0,0,0,0,1,0.0499428,1,1,1,0,0,0,0.000841389935371619,0,0,0
close_coherent_pair,16,26,2,1,1,0,0.263775444933353,-0.600637722466676,-0.336862277533324,0,0,1,-0.46790251472535,0.00027268485284913,0,1,0.46875,0.600637722466672,-0.600637722466672,-0.336862277533328,1,1,1,1,1,1,48,12,1,18,130057.68394346,0,common_el_refocus_power_rank1,medium,1,0,0,0,0,1,0.0441232,1,1,0,0,0,0,0.00027268485284913,0,0,0
close_coherent_pair,16,27,2,1,1,0,0.263775444933353,-0.600637722466676,-0.336862277533324,0,0,1,-0.468205966697817,0.000166081009083808,0,1,0.46875,0.600637722466672,-0.600637722466672,-0.336862277533328,1,1,1,1,1,1,48,12,1,22,129766.12018611,0,low_confidence,low,0,0,0,1,0,1,0.3126778,1,1,1,1,0,0,0.000166081009083808,0,0,0
close_coherent_pair,16,28,2,1,1,0,0.263775444933353,-0.600637722466676,-0.336862277533324,0,0,1,-0.467275235807859,-0.000120216925684639,0,1,0.46875,0.600637722466672,-0.600637722466672,-0.336862277533328,1,1,1,1,1,1,48,12,1,21,129756.345857558,0,common_el_refocus_power_rank1,medium,1,0,0,0,0,1,0.0442246,1,1,0,0,0,0,-0.000120216925684639,0,0,0
close_coherent_pair,16,29,2,1,1,0,0.263775444933353,-0.600637722466676,-0.336862277533324,0,0,1,-0.468785084849299,0.00165712781698486,0,1,0.46875,0.600637722466672,-0.600637722466672,-0.336862277533328,1,1,1,1,1,1,48,12,1,23,129780.332328919,0,boundary_unreliable,low,0,0,0,1,1,1,0.3153861,1,1,1,1,0,0,0.00165712781698486,0,0,0
close_coherent_pair,16,30,2,1,1,0,0.263775444933353,-0.600637722466676,-0.336862277533324,0,0,1,-0.468024111729715,-0.00115433132554708,0,1,0.46875,0.600637722466672,-0.600637722466672,-0.336862277533328,1,1,1,1,1,1,48,12,1,18,129560.209746529,0,low_confidence,low,0,0,0,1,0,1,0.3202004,1,1,1,1,0,0,-0.00115433132554708,0,0,0
close_coherent_pair,8,1,2,1,1,0,0.263775444933353,-0.131887722466676,0.131887722466676,0,0,1,0.000805242813916356,-0.000518224863136805,0,1,0,0.131887722466672,-0.131887722466672,0.131887722466672,1,1,1,1,1,1,48,12,1,12,128969.624316963,0,level2_rank1_fallback,medium,1,0,0,0,0,1,0.0525509,1,1,1,0,0,0,-0.000518224863136805,0,0,0
close_coherent_pair,8,2,2,1,1,0,0.263775444933353,-0.131887722466676,0.131887722466676,0,0,1,8.10352054737539e-05,-0.00315399953792559,0,1,0,0.131887722466672,-0.131887722466672,0.131887722466672,1,1,1,1,1,1,48,12,1,12,130012.985351966,0,level2_rank1_fallback,medium,1,0,0,0,0,1,0.0554759,1,1,1,0,0,0,-0.00315399953792559,0,0,0
close_coherent_pair,8,3,2,1,1,0,0.263775444933353,-0.131887722466676,0.131887722466676,0,0,1,0.00057409115313937,-0.00184304907282723,0,1,0,0.131887722466672,-0.131887722466672,0.131887722466672,1,1,1,1,1,1,48,12,1,12,129817.171735375,0,level2_rank1_fallback,medium,1,0,0,0,0,1,0.0481489,1,1,1,0,0,0,-0.00184304907282723,0,0,0
close_coherent_pair,8,4,2,1,1,0,0.263775444933353,-0.131887722466676,0.131887722466676,0,0,1,0.00547987757614412,-0.00147264535773761,0,1,0,0.131887722466672,-0.131887722466672,0.131887722466672,1,1,1,1,1,1,48,12,1,10,130206.312768566,0,level2_rank1_fallback,medium,1,0,0,0,0,1,0.0538105,1,1,1,0,0,0,-0.00147264535773761,0,0,0
close_coherent_pair,8,5,2,1,1,0,0.263775444933353,-0.131887722466676,0.131887722466676,0,0,1,0.000655210557559332,-0.000233356595741531,0,1,0,0.131887722466672,-0.131887722466672,0.131887722466672,1,1,1,1,1,1,48,12,1,12,130223.970808325,0,level2_rank1_fallback,medium,1,0,0,0,0,1,0.054473,1,1,1,0,0,0,-0.000233356595741531,0,0,0
close_coherent_pair,8,6,2,1,1,0,0.263775444933353,-0.131887722466676,0.131887722466676,0,0,1,-0.00017942037731128,-0.00519373872586924,0,1,0,0.131887722466672,-0.131887722466672,0.131887722466672,1,1,1,1,1,1,48,12,1,12,130044.254488895,0,level2_rank1_fallback,medium,1,0,0,0,0,1,0.0582257,1,1,1,0,0,0,-0.00519373872586924,0,0,0
close_coherent_pair,8,7,2,1,1,0,0.263775444933353,-0.131887722466676,0.131887722466676,0,0,1,0.00153047849090117,-0.00115905307263965,0,1,0,0.131887722466672,-0.131887722466672,0.131887722466672,1,1,1,1,1,1,48,12,1,12,130119.860055603,0,level2_rank1_fallback,medium,1,0,0,0,0,1,0.0518238,1,1,1,0,0,0,-0.00115905307263965,0,0,0
close_coherent_pair,8,8,2,1,1,0,0.263775444933353,-0.131887722466676,0.131887722466676,0,0,1,0.00458875014609194,0.00221807586694413,0,1,0,0.131887722466672,-0.131887722466672,0.131887722466672,1,1,1,1,1,1,48,12,1,12,129756.921406057,0,level2_rank1_fallback,medium,1,0,0,0,0,1,0.0508328,1,1,1,0,0,0,0.00221807586694413,0,0,0
close_coherent_pair,8,9,2,1,1,0,0.263775444933353,-0.131887722466676,0.131887722466676,0,0,1,0.00214988233169194,0.00695585994528126,0,1,0,0.131887722466672,-0.131887722466672,0.131887722466672,1,1,1,1,1,1,48,12,1,12,130140.158694495,0,level2_rank1_fallback,medium,1,0,0,0,0,1,0.0469154,1,1,1,0,0,0,0.00695585994528126,0,0,0
close_coherent_pair,8,10,2,1,1,0,0.263775444933353,-0.131887722466676,0.131887722466676,0,0,1,0.00216600366500289,-0.00159739140288956,0,1,0,0.131887722466672,-0.131887722466672,0.131887722466672,1,1,1,1,1,1,48,12,1,12,129719.624538292,0,level2_rank1_fallback,medium,1,0,0,0,0,1,0.0502321,1,1,1,0,0,0,-0.00159739140288956,0,0,0
close_coherent_pair,8,11,2,1,1,0,0.263775444933353,-0.131887722466676,0.131887722466676,0,0,1,-0.00170676963715172,-0.00165288560263269,0,1,0,0.131887722466672,-0.131887722466672,0.131887722466672,1,1,1,1,1,1,48,12,1,12,130395.844476416,0,level2_rank1_fallback,medium,1,0,0,0,0,1,0.0485181,1,1,1,0,0,0,-0.00165288560263269,0,0,0
close_coherent_pair,8,12,2,1,1,0,0.263775444933353,-0.131887722466676,0.131887722466676,0,0,1,0.000847930552632717,0.000731823082525473,0,1,0,0.131887722466672,-0.131887722466672,0.131887722466672,1,1,1,1,1,1,48,12,1,12,129613.891627016,0,level2_rank1_fallback,medium,1,0,0,0,0,1,0.0635875,1,1,1,0,0,0,0.000731823082525473,0,0,0
close_coherent_pair,8,13,2,1,1,0,0.263775444933353,-0.131887722466676,0.131887722466676,0,0,1,-0.0011507942778313,-0.00365493202414515,0,1,0,0.131887722466672,-0.131887722466672,0.131887722466672,1,1,1,1,1,1,48,12,1,12,130144.027425161,0,level2_rank1_fallback,medium,1,0,0,0,0,1,0.048812,1,1,1,0,0,0,-0.00365493202414515,0,0,0
close_coherent_pair,8,14,2,1,1,0,0.263775444933353,-0.131887722466676,0.131887722466676,0,0,1,0.0018238905816575,-0.00160406406926153,0,1,0,0.131887722466672,-0.131887722466672,0.131887722466672,1,1,1,1,1,1,48,12,1,12,128926.140196172,0,level2_rank1_fallback,medium,1,0,0,0,0,1,0.0445646,1,1,1,0,0,0,-0.00160406406926153,0,0,0
close_coherent_pair,8,15,2,1,1,0,0.263775444933353,-0.131887722466676,0.131887722466676,0,0,1,8.71743268613505e-05,-0.00158509686886397,0,1,0,0.131887722466672,-0.131887722466672,0.131887722466672,1,1,1,1,1,1,48,12,1,12,129909.048666216,0,level2_rank1_fallback,medium,1,0,0,0,0,1,0.0470887,1,1,1,0,0,0,-0.00158509686886397,0,0,0
close_coherent_pair,8,16,2,1,1,0,0.263775444933353,-0.131887722466676,0.131887722466676,0,0,1,-0.00197269165057534,-0.00280573845567057,0,1,0,0.131887722466672,-0.131887722466672,0.131887722466672,1,1,1,1,1,1,48,12,1,12,129973.641822078,0,level2_rank1_fallback,medium,1,0,0,0,0,1,0.0433815,1,1,1,0,0,0,-0.00280573845567057,0,0,0
close_coherent_pair,8,17,2,1,1,0,0.263775444933353,-0.131887722466676,0.131887722466676,0,0,1,0.000428260930482631,0.00373531661142203,0,1,0,0.131887722466672,-0.131887722466672,0.131887722466672,1,1,1,1,1,1,48,12,1,11,129802.233323974,0,level2_rank1_fallback,medium,1,0,0,0,0,1,0.0446313,1,1,1,0,0,0,0.00373531661142203,0,0,0
close_coherent_pair,8,18,2,1,1,0,0.263775444933353,-0.131887722466676,0.131887722466676,0,0,1,-0.00323531784027781,0.00222037528438671,0,1,0,0.131887722466672,-0.131887722466672,0.131887722466672,1,1,1,1,1,1,48,12,1,11,129576.141408047,0,level2_rank1_fallback,medium,1,0,0,0,0,1,0.0426693,1,1,1,0,0,0,0.00222037528438671,0,0,0
close_coherent_pair,8,19,2,1,1,0,0.263775444933353,-0.131887722466676,0.131887722466676,0,0,1,-0.00295155175591476,-0.000116956418391329,0,1,0,0.131887722466672,-0.131887722466672,0.131887722466672,1,1,1,1,1,1,48,12,1,12,130699.730553534,0,level2_rank1_fallback,medium,1,0,0,0,0,1,0.061051,1,1,1,0,0,0,-0.000116956418391329,0,0,0
close_coherent_pair,8,20,2,1,1,0,0.263775444933353,-0.131887722466676,0.131887722466676,0,0,1,0.00122770573037558,-0.000516960897397857,0,1,0,0.131887722466672,-0.131887722466672,0.131887722466672,1,1,1,1,1,1,48,12,1,12,130482.221373737,0,level2_rank1_fallback,medium,1,0,0,0,0,1,0.0525963,1,1,1,0,0,0,-0.000516960897397857,0,0,0
close_coherent_pair,8,21,2,1,1,0,0.263775444933353,-0.131887722466676,0.131887722466676,0,0,1,0.000420128882791218,0.00526311940529783,0,1,0,0.131887722466672,-0.131887722466672,0.131887722466672,1,1,1,1,1,1,48,12,1,12,130041.908043887,0,level2_rank1_fallback,medium,1,0,0,0,0,1,0.0503947,1,1,1,0,0,0,0.00526311940529783,0,0,0
close_coherent_pair,8,22,2,1,1,0,0.263775444933353,-0.131887722466676,0.131887722466676,0,0,1,-0.00550713482384403,-0.00181812808573166,0,1,0,0.131887722466672,-0.131887722466672,0.131887722466672,1,1,1,1,1,1,48,12,1,12,129152.071187001,0,level2_rank1_fallback,medium,1,0,0,0,0,1,0.0497666,1,1,1,0,0,0,-0.00181812808573166,0,0,0
close_coherent_pair,8,23,2,1,1,0,0.263775444933353,-0.131887722466676,0.131887722466676,0,0,1,0.00276493151913108,-0.000145704294325896,0,1,0,0.131887722466672,-0.131887722466672,0.131887722466672,1,1,1,1,1,1,48,12,1,12,129693.117129285,0,level2_rank1_fallback,medium,1,0,0,0,0,1,0.0498419,1,1,1,0,0,0,-0.000145704294325896,0,0,0
close_coherent_pair,8,24,2,1,1,0,0.263775444933353,-0.131887722466676,0.131887722466676,0,0,1,-0.000996894225826143,-0.00349681539918817,0,1,0,0.131887722466672,-0.131887722466672,0.131887722466672,1,1,1,1,1,1,48,12,1,10,129948.44907021,0,low_confidence,low,0,0,0,1,0,1,0.2998517,1,1,1,1,0,0,-0.00349681539918817,0,0,0
close_coherent_pair,8,25,2,1,1,0,0.263775444933353,-0.131887722466676,0.131887722466676,0,0,1,0.000630470414917781,0.00227275983899444,0,1,0,0.131887722466672,-0.131887722466672,0.131887722466672,1,1,1,1,1,1,48,12,1,12,129703.751295951,0,level2_rank1_fallback,medium,1,0,0,0,0,1,0.0448269,1,1,1,0,0,0,0.00227275983899444,0,0,0
close_coherent_pair,8,26,2,1,1,0,0.263775444933353,-0.131887722466676,0.131887722466676,0,0,1,0.00147589019217955,-0.00164425928585986,0,1,0,0.131887722466672,-0.131887722466672,0.131887722466672,1,1,1,1,1,1,48,12,1,12,129084.162897269,0,level2_rank1_fallback,medium,1,0,0,0,0,1,0.0412125,1,1,1,0,0,0,-0.00164425928585986,0,0,0
close_coherent_pair,8,27,2,1,1,0,0.263775444933353,-0.131887722466676,0.131887722466676,0,0,1,-0.00341703026569451,0.00355936270279008,0,1,0,0.131887722466672,-0.131887722466672,0.131887722466672,1,1,1,1,1,1,48,12,1,12,130371.934533155,0,level2_rank1_fallback,medium,1,0,0,0,0,1,0.0422035,1,1,1,0,0,0,0.00355936270279008,0,0,0
close_coherent_pair,8,28,2,1,1,0,0.263775444933353,-0.131887722466676,0.131887722466676,0,0,1,0.00206226905624885,0.00120029093610969,0,1,0,0.131887722466672,-0.131887722466672,0.131887722466672,1,1,1,1,1,1,48,12,1,12,130611.854926091,0,level2_rank1_fallback,medium,1,0,0,0,0,1,0.0442322,1,1,1,0,0,0,0.00120029093610969,0,0,0
close_coherent_pair,8,29,2,1,1,0,0.263775444933353,-0.131887722466676,0.131887722466676,0,0,1,0.00433269259443658,-0.0010733245324871,0,1,0,0.131887722466672,-0.131887722466672,0.131887722466672,1,1,1,1,1,1,48,12,1,11,129829.463109113,0,level2_rank1_fallback,medium,1,0,0,0,0,1,0.0521933,1,1,1,0,0,0,-0.0010733245324871,0,0,0
close_coherent_pair,8,30,2,1,1,0,0.263775444933353,-0.131887722466676,0.131887722466676,0,0,1,-0.00482077016584966,0.000311278928348012,0,1,0,0.131887722466672,-0.131887722466672,0.131887722466672,1,1,1,1,1,1,48,12,1,12,129598.345407585,0,level2_rank1_fallback,medium,1,0,0,0,0,1,0.0557554,1,1,1,0,0,0,0.000311278928348012,0,0,0
close_coherent_pair,16,1,2,1,1,0,0.263775444933353,-0.131887722466676,0.131887722466676,0,0,1,-0.000872978675495924,-0.00143814111825549,0,1,0,0.131887722466672,-0.131887722466672,0.131887722466672,1,1,1,1,1,1,48,12,1,21,129914.678501797,0,level2_rank1_fallback,medium,1,0,0,0,0,1,0.0442264,1,1,1,0,0,0,-0.00143814111825549,0,0,0
close_coherent_pair,16,2,2,1,1,0,0.263775444933353,-0.131887722466676,0.131887722466676,0,0,1,0.00124844143670505,-0.00156054326968929,0,1,0,0.131887722466672,-0.131887722466672,0.131887722466672,1,1,1,1,1,1,48,12,1,21,130004.866183285,0,low_confidence,low,0,0,0,1,0,1,0.2917329,1,1,1,1,0,0,-0.00156054326968929,0,0,0
close_coherent_pair,16,3,2,1,1,0,0.263775444933353,-0.131887722466676,0.131887722466676,0,0,1,-0.000421380541303826,-0.00114724176705255,0,1,0,0.131887722466672,-0.131887722466672,0.131887722466672,1,1,1,1,1,1,48,12,1,18,129924.264370194,0,low_confidence,low,0,0,0,1,0,1,0.2824945,1,1,1,1,0,0,-0.00114724176705255,0,0,0
close_coherent_pair,16,4,2,1,1,0,0.263775444933353,-0.131887722466676,0.131887722466676,0,0,1,-0.000684213771596792,-0.000219756540150172,0,1,0,0.131887722466672,-0.131887722466672,0.131887722466672,1,1,1,1,1,1,48,12,1,17,129973.196294511,0,level2_rank1_fallback,medium,1,0,0,0,0,1,0.0441478,1,1,1,0,0,0,-0.000219756540150172,0,0,0
close_coherent_pair,16,5,2,1,1,0,0.263775444933353,-0.131887722466676,0.131887722466676,0,0,1,-0.0010037516616457,0.000214134978389979,0,1,0,0.131887722466672,-0.131887722466672,0.131887722466672,1,1,1,1,1,1,48,12,1,17,130087.68506113,0,level2_rank1_fallback,medium,1,0,0,0,0,1,0.041037,1,1,1,0,0,0,0.000214134978389979,0,0,0
close_coherent_pair,16,6,2,1,1,0,0.263775444933353,-0.131887722466676,0.131887722466676,0,0,1,-0.000524981054349633,-0.00161123683657287,0,1,0,0.131887722466672,-0.131887722466672,0.131887722466672,1,1,1,1,1,1,48,12,1,18,129918.980532089,0,level2_rank1_fallback,medium,1,0,0,0,0,1,0.0428295,1,1,1,0,0,0,-0.00161123683657287,0,0,0
close_coherent_pair,16,7,2,1,1,0,0.263775444933353,-0.131887722466676,0.131887722466676,0,0,1,0.000618861851741913,0.00140132843300267,0,1,0,0.131887722466672,-0.131887722466672,0.131887722466672,1,1,1,1,1,1,48,12,1,18,129934.539828367,0,low_confidence,low,0,0,0,1,0,1,0.3048288,1,1,1,1,0,0,0.00140132843300267,0,0,0
close_coherent_pair,16,8,2,1,1,0,0.263775444933353,-0.131887722466676,0.131887722466676,0,0,1,-0.0017574187768219,8.47532651988873e-05,0,1,0,0.131887722466672,-0.131887722466672,0.131887722466672,1,1,1,1,1,1,48,12,1,20,129759.992021996,0,low_confidence,low,0,0,0,1,0,1,0.3070898,1,1,1,1,0,0,8.47532651988873e-05,0,0,0
close_coherent_pair,16,9,2,1,1,0,0.263775444933353,-0.131887722466676,0.131887722466676,0,0,1,0.00104896718806018,-0.000331201883553876,0,1,0,0.131887722466672,-0.131887722466672,0.131887722466672,1,1,1,1,1,1,48,12,1,19,130095.438426132,0,low_confidence,low,0,0,0,1,0,1,0.2838855,1,1,1,1,0,0,-0.000331201883553876,0,0,0
close_coherent_pair,16,10,2,1,1,0,0.263775444933353,-0.131887722466676,0.131887722466676,0,0,1,-0.00149463685821013,-6.0571062686227e-05,0,1,0,0.131887722466672,-0.131887722466672,0.131887722466672,1,1,1,1,1,1,48,12,1,19,129803.245590979,0,level2_rank1_fallback,medium,1,0,0,0,0,1,0.0520946,1,1,1,0,0,0,-6.0571062686227e-05,0,0,0
close_coherent_pair,16,11,2,1,1,0,0.263775444933353,-0.131887722466676,0.131887722466676,0,0,1,-0.0011461523644978,0.00128700403536279,0,1,0,0.131887722466672,-0.131887722466672,0.131887722466672,1,1,1,1,1,1,48,12,1,23,129864.457163988,0,level2_rank1_fallback,medium,1,0,0,0,0,1,0.0482481,1,1,1,0,0,0,0.00128700403536279,0,0,0
close_coherent_pair,16,12,2,1,1,0,0.263775444933353,-0.131887722466676,0.131887722466676,0,0,1,0.000216516921556676,-0.0018530218354767,0,1,0,0.131887722466672,-0.131887722466672,0.131887722466672,1,1,1,1,1,1,48,12,1,21,129827.440687095,0,low_confidence,low,0,0,0,1,0,1,0.3188945,1,1,1,1,0,0,-0.0018530218354767,0,0,0
close_coherent_pair,16,13,2,1,1,0,0.263775444933353,-0.131887722466676,0.131887722466676,0,0,1,0.00044609841530506,-0.000850176773266231,0,1,0,0.131887722466672,-0.131887722466672,0.131887722466672,1,1,1,1,1,1,48,12,1,19,129786.867090944,0,low_confidence,low,0,0,0,1,0,1,0.3252341,1,1,1,1,0,0,-0.000850176773266231,0,0,0
close_coherent_pair,16,14,2,1,1,0,0.263775444933353,-0.131887722466676,0.131887722466676,0,0,1,0.000725353386310009,0.00170368849163726,0,1,0,0.131887722466672,-0.131887722466672,0.131887722466672,1,1,1,1,1,1,48,12,1,20,130259.83973789,0,low_confidence,low,0,0,0,1,0,1,0.322002,1,1,1,1,0,0,0.00170368849163726,0,0,0
close_coherent_pair,16,15,2,1,1,0,0.263775444933353,-0.131887722466676,0.131887722466676,0,0,1,-0.000486907748007333,0.000593337365026522,0,1,0,0.131887722466672,-0.131887722466672,0.131887722466672,1,1,1,1,1,1,48,12,1,20,129836.251798709,0,low_confidence,low,0,0,0,1,0,1,0.2907705,1,1,1,1,0,0,0.000593337365026522,0,0,0
close_coherent_pair,16,16,2,1,1,0,0.263775444933353,-0.131887722466676,0.131887722466676,0,0,1,-0.000490987775584995,0.000179976801751869,0,1,0,0.131887722466672,-0.131887722466672,0.131887722466672,1,1,1,1,1,1,48,12,1,18,129596.897522602,0,level2_rank1_fallback,medium,1,0,0,0,0,1,0.0442423,1,1,1,0,0,0,0.000179976801751869,0,0,0
close_coherent_pair,16,17,2,1,1,0,0.263775444933353,-0.131887722466676,0.131887722466676,0,0,1,-0.000845776438998327,0.00112902546203783,0,1,0,0.131887722466672,-0.131887722466672,0.131887722466672,1,1,1,1,1,1,48,12,1,23,129825.227876281,0,level2_rank1_fallback,medium,1,0,0,0,0,1,0.043055,1,1,1,0,0,0,0.00112902546203783,0,0,0
close_coherent_pair,16,18,2,1,1,0,0.263775444933353,-0.131887722466676,0.131887722466676,0,0,1,-0.000946940188469392,0.00131727590142353,0,1,0,0.131887722466672,-0.131887722466672,0.131887722466672,1,1,1,1,1,1,48,12,1,20,129690.875646301,0,low_confidence,low,0,0,0,1,0,1,0.3133431,1,1,1,1,0,0,0.00131727590142353,0,0,0
close_coherent_pair,16,19,2,1,1,0,0.263775444933353,-0.131887722466676,0.131887722466676,0,0,1,0.000383930891435243,0.0010535579506348,0,1,0,0.131887722466672,-0.131887722466672,0.131887722466672,1,1,1,1,1,1,48,12,1,22,129817.770688491,0,level2_rank1_fallback,medium,1,0,0,0,0,1,0.0449961,1,1,1,0,0,0,0.0010535579506348,0,0,0
close_coherent_pair,16,20,2,1,1,0,0.263775444933353,-0.131887722466676,0.131887722466676,0,0,1,0.000413770866611168,0.000677633863902709,0,1,0,0.131887722466672,-0.131887722466672,0.131887722466672,1,1,1,1,1,1,48,12,1,17,129811.040042848,0,level2_rank1_fallback,medium,1,0,0,0,0,1,0.0472267,1,1,1,0,0,0,0.000677633863902709,0,0,0
close_coherent_pair,16,21,2,1,1,0,0.263775444933353,-0.131887722466676,0.131887722466676,0,0,1,0.000470757964089239,-0.000592469462448394,0,1,0,0.131887722466672,-0.131887722466672,0.131887722466672,1,1,1,1,1,1,48,12,1,20,129953.88829127,0,level2_rank1_fallback,medium,1,0,0,0,0,1,0.0447522,1,1,1,0,0,0,-0.000592469462448394,0,0,0
close_coherent_pair,16,22,2,1,1,0,0.263775444933353,-0.131887722466676,0.131887722466676,0,0,1,-0.00144536078474739,-0.00123231326943866,0,1,0,0.131887722466672,-0.131887722466672,0.131887722466672,1,1,1,1,1,1,48,12,1,20,130005.4450428,0,low_confidence,low,0,0,0,1,0,1,0.301512,1,1,1,1,0,0,-0.00123231326943866,0,0,0
close_coherent_pair,16,23,2,1,1,0,0.263775444933353,-0.131887722466676,0.131887722466676,0,0,1,-0.00119585129946147,-0.000163669551624079,0,1,0,0.131887722466672,-0.131887722466672,0.131887722466672,1,1,1,1,1,1,48,12,1,22,129653.014689329,0,low_confidence,low,0,0,0,1,0,1,0.2914737,1,1,1,1,0,0,-0.000163669551624079,0,0,0
close_coherent_pair,16,24,2,1,1,0,0.263775444933353,-0.131887722466676,0.131887722466676,0,0,1,-0.000349275934443876,-0.000714365529909633,0,1,0,0.131887722466672,-0.131887722466672,0.131887722466672,1,1,1,1,1,1,48,12,1,20,129695.941141154,0,low_confidence,low,0,0,0,1,0,1,0.290192,1,1,1,1,0,0,-0.000714365529909633,0,0,0
close_coherent_pair,16,25,2,1,1,0,0.263775444933353,-0.131887722466676,0.131887722466676,0,0,1,0.00191018802614442,-0.000569922052475629,0,1,0,0.131887722466672,-0.131887722466672,0.131887722466672,1,1,1,1,1,1,48,12,1,21,129732.123878503,0,level2_rank1_fallback,medium,1,0,0,0,0,1,0.0405784,1,1,1,0,0,0,-0.000569922052475629,0,0,0
close_coherent_pair,16,26,2,1,1,0,0.263775444933353,-0.131887722466676,0.131887722466676,0,0,1,0.000549478530915759,0.000863127939934909,0,1,0,0.131887722466672,-0.131887722466672,0.131887722466672,1,1,1,1,1,1,48,12,1,19,129673.407008914,0,level2_rank1_fallback,medium,1,0,0,0,0,1,0.0422484,1,1,1,0,0,0,0.000863127939934909,0,0,0
close_coherent_pair,16,27,2,1,1,0,0.263775444933353,-0.131887722466676,0.131887722466676,0,0,1,0.000216237595628483,-0.000294931274160711,0,1,0,0.131887722466672,-0.131887722466672,0.131887722466672,1,1,1,1,1,1,48,12,1,21,129969.580878258,0,low_confidence,low,0,0,0,1,0,1,0.3383908,1,1,1,1,0,0,-0.000294931274160711,0,0,0
close_coherent_pair,16,28,2,1,1,0,0.263775444933353,-0.131887722466676,0.131887722466676,0,0,1,-0.00100413698252201,0.000335013067509399,0,1,0,0.131887722466672,-0.131887722466672,0.131887722466672,1,1,1,1,1,1,48,12,1,19,129774.905857478,0,low_confidence,low,0,0,0,1,0,1,0.2873022,1,1,1,1,0,0,0.000335013067509399,0,0,0
close_coherent_pair,16,29,2,1,1,0,0.263775444933353,-0.131887722466676,0.131887722466676,0,0,1,-0.00061804609439032,0.000241986776287755,0,1,0,0.131887722466672,-0.131887722466672,0.131887722466672,1,1,1,1,1,1,48,12,1,20,130167.72170321,0,level2_rank1_fallback,medium,1,0,0,0,0,1,0.0440771,1,1,1,0,0,0,0.000241986776287755,0,0,0
close_coherent_pair,16,30,2,1,1,0,0.263775444933353,-0.131887722466676,0.131887722466676,0,0,1,0.000439639269465388,0.000703422773267973,0,1,0,0.131887722466672,-0.131887722466672,0.131887722466672,1,1,1,1,1,1,48,12,1,21,129861.639518399,0,level2_rank1_fallback,medium,1,0,0,0,0,1,0.0406252,1,1,1,0,0,0,0.000703422773267973,0,0,0
close_coherent_pair,8,1,2,1,1,0,0.263775444933353,0.336862277533324,0.600637722466676,0,0,1,0.468127129064395,-0.000187417506358265,0,1,-0.46875,-0.336862277533328,0.336862277533328,0.600637722466672,1,1,1,1,1,1,48,12,1,12,129632.010322439,0,low_confidence,low,0,0,0,1,0,1,0.2868072,1,1,1,1,0,0,-0.000187417506358265,0,0,0
close_coherent_pair,8,2,2,1,1,0,0.263775444933353,0.336862277533324,0.600637722466676,0,0,1,0.468710754293663,0.00424029426207372,0,1,-0.46875,-0.336862277533328,0.336862277533328,0.600637722466672,1,1,1,1,1,1,48,12,1,12,130278.669779964,0,low_confidence,low,0,0,0,1,0,1,0.2831204,1,1,1,1,0,0,0.00424029426207372,0,0,0
close_coherent_pair,8,3,2,1,1,0,0.263775444933353,0.336862277533324,0.600637722466676,0,0,1,0.467468064116342,-0.00150416873130543,0,1,-0.46875,-0.336862277533328,0.336862277533328,0.600637722466672,1,1,1,1,1,1,48,12,1,12,129707.539132916,0,level2_rank1_fallback,medium,1,0,0,0,0,1,0.0405649,1,1,1,0,0,0,-0.00150416873130543,0,0,0
close_coherent_pair,8,4,2,1,1,0,0.263775444933353,0.336862277533324,0.600637722466676,0,0,1,0.468858796499899,-0.00283683404875399,0,1,-0.46875,-0.336862277533328,0.336862277533328,0.600637722466672,1,1,1,1,1,1,48,12,1,12,129852.802147244,0,level2_rank1_fallback,medium,1,0,0,0,0,1,0.0427578,1,1,1,0,0,0,-0.00283683404875399,0,0,0
close_coherent_pair,8,5,2,1,1,0,0.263775444933353,0.336862277533324,0.600637722466676,0,0,1,0.467757524234696,-0.0013490535178774,0,1,-0.46875,-0.336862277533328,0.336862277533328,0.600637722466672,1,1,1,1,1,1,48,12,1,12,129427.85487897,0,level2_rank1_fallback,medium,1,0,0,0,0,1,0.0415513,1,1,1,0,0,0,-0.0013490535178774,0,0,0
close_coherent_pair,8,6,2,1,1,0,0.263775444933353,0.336862277533324,0.600637722466676,0,0,1,0.465167600707998,-0.00227173551316144,0,1,-0.46875,-0.336862277533328,0.336862277533328,0.600637722466672,1,1,1,1,1,1,48,12,1,12,130243.072430011,0,low_confidence,low,0,0,0,1,0,1,0.2807272,1,1,1,1,0,0,-0.00227173551316144,0,0,0
close_coherent_pair,8,7,2,1,1,0,0.263775444933353,0.336862277533324,0.600637722466676,0,0,1,0.468863143617192,0.00133722229089131,0,1,-0.46875,-0.336862277533328,0.336862277533328,0.600637722466672,1,1,1,1,1,1,48,12,1,12,128839.05229709,0,level2_rank1_fallback,medium,0,0,0,0,0,1,0.0404067,1,1,1,0,0,0,0.00133722229089131,0,0,0
close_coherent_pair,8,8,2,1,1,0,0.263775444933353,0.336862277533324,0.600637722466676,0,0,1,0.469380742025129,0.000245632954420158,0,1,-0.46875,-0.336862277533328,0.336862277533328,0.600637722466672,1,1,1,1,1,1,48,12,1,12,129641.760904192,0,level2_rank1_fallback,medium,1,0,0,0,0,1,0.0463281,1,1,1,0,0,0,0.000245632954420158,0,0,0
close_coherent_pair,8,9,2,1,1,0,0.263775444933353,0.336862277533324,0.600637722466676,0,0,1,0.467175875238257,0.00532329314970175,0,1,-0.46875,-0.336862277533328,0.336862277533328,0.600637722466672,1,1,1,1,1,1,48,12,1,12,129667.617082875,0,level2_rank1_fallback,medium,1,0,0,0,0,1,0.0419667,1,1,1,0,0,0,0.00532329314970175,0,0,0
close_coherent_pair,8,10,2,1,1,0,0.263775444933353,0.336862277533324,0.600637722466676,0,0,1,0.470013601470496,0.00259109240932897,0,1,-0.46875,-0.336862277533328,0.336862277533328,0.600637722466672,1,1,1,1,1,1,48,12,1,11,129676.121360136,0,level2_rank1_fallback,medium,1,0,0,0,0,1,0.0454515,1,1,1,0,0,0,0.00259109240932897,0,0,0
close_coherent_pair,8,11,2,1,1,0,0.263775444933353,0.336862277533324,0.600637722466676,0,0,1,0.468357825021041,0.000140467386298153,0,1,-0.46875,-0.336862277533328,0.336862277533328,0.600637722466672,1,1,1,1,1,1,48,12,1,11,130224.925131786,0,low_confidence,low,0,0,0,1,0,1,0.3147343,1,1,1,1,0,0,0.000140467386298153,0,0,0
close_coherent_pair,8,12,2,1,1,0,0.263775444933353,0.336862277533324,0.600637722466676,0,0,1,0.467811965901312,-0.000388452956922214,0,1,-0.46875,-0.336862277533328,0.336862277533328,0.600637722466672,1,1,1,1,1,1,48,12,1,12,129718.124482906,0,level2_rank1_fallback,medium,1,0,0,0,0,1,0.052097,1,1,1,0,0,0,-0.000388452956922214,0,0,0
close_coherent_pair,8,13,2,1,1,0,0.263775444933353,0.336862277533324,0.600637722466676,0,0,1,0.467444607082129,-0.00137358473372034,0,1,-0.46875,-0.336862277533328,0.336862277533328,0.600637722466672,1,1,1,1,1,1,48,12,1,12,129919.662602925,0,level2_rank1_fallback,medium,1,0,0,0,0,1,0.0611714,1,1,1,0,0,0,-0.00137358473372034,0,0,0
close_coherent_pair,8,14,2,1,1,0,0.263775444933353,0.336862277533324,0.600637722466676,0,0,1,0.46809987959355,-0.000498681043121322,0,1,-0.46875,-0.336862277533328,0.336862277533328,0.600637722466672,1,1,1,1,1,1,48,12,1,12,129620.470559948,0,level2_rank1_fallback,medium,1,0,0,0,0,1,0.0597952,1,1,1,0,0,0,-0.000498681043121322,0,0,0
close_coherent_pair,8,15,2,1,1,0,0.263775444933353,0.336862277533324,0.600637722466676,0,0,1,0.466266030843771,-0.0001648416487189,0,1,-0.46875,-0.336862277533328,0.336862277533328,0.600637722466672,1,1,1,1,1,1,48,12,1,12,130772.063460159,0,level2_rank1_fallback,medium,1,0,0,0,0,1,0.0515076,1,1,1,0,0,0,-0.0001648416487189,0,0,0
close_coherent_pair,8,16,2,1,1,0,0.263775444933353,0.336862277533324,0.600637722466676,0,0,1,0.468454787961201,0.00119754582981121,0,1,-0.46875,-0.336862277533328,0.336862277533328,0.600637722466672,1,1,1,1,1,1,48,12,1,12,129856.979619811,0,low_confidence,low,0,0,0,1,0,1,0.3513569,1,1,1,1,0,0,0.00119754582981121,0,0,0
close_coherent_pair,8,17,2,1,1,0,0.263775444933353,0.336862277533324,0.600637722466676,0,0,1,0.471113454465267,0.00556944651503618,0,1,-0.46875,-0.336862277533328,0.336862277533328,0.600637722466672,1,1,1,1,1,1,48,12,1,12,130249.788607842,0,level2_rank1_fallback,medium,1,0,0,0,0,1,0.0502727,1,1,1,0,0,0,0.00556944651503618,0,0,0
close_coherent_pair,8,18,2,1,1,0,0.263775444933353,0.336862277533324,0.600637722466676,0,0,1,0.468543131804991,-0.000979179358300643,0,1,-0.46875,-0.336862277533328,0.336862277533328,0.600637722466672,1,1,1,1,1,1,48,12,1,12,130024.63954794,0,level2_rank1_fallback,medium,1,0,0,0,0,1,0.0580258,1,1,1,0,0,0,-0.000979179358300643,0,0,0
close_coherent_pair,8,19,2,1,1,0,0.263775444933353,0.336862277533324,0.600637722466676,0,0,1,0.469290093094402,-0.00481901123448366,0,1,-0.46875,-0.336862277533328,0.336862277533328,0.600637722466672,1,1,1,1,1,1,48,12,1,11,129975.593541467,0,level2_rank1_fallback,medium,1,0,0,0,0,1,0.0562455,1,1,1,0,0,0,-0.00481901123448366,0,0,0
close_coherent_pair,8,20,2,1,1,0,0.263775444933353,0.336862277533324,0.600637722466676,0,0,1,0.468447710893888,-0.000378306012352563,0,1,-0.46875,-0.336862277533328,0.336862277533328,0.600637722466672,1,1,1,1,1,1,48,12,1,12,129925.698085651,0,level2_rank1_fallback,medium,1,0,0,0,0,1,0.0566378,1,1,1,0,0,0,-0.000378306012352563,0,0,0
close_coherent_pair,8,21,2,1,1,0,0.263775444933353,0.336862277533324,0.600637722466676,0,0,1,0.470402931730889,-0.00180893231988942,0,1,-0.46875,-0.336862277533328,0.336862277533328,0.600637722466672,1,1,1,1,1,1,48,12,1,12,129452.333133116,0,low_confidence,low,0,0,0,1,0,1,0.3404083,1,1,1,1,0,0,-0.00180893231988942,0,0,0
close_coherent_pair,8,22,2,1,1,0,0.263775444933353,0.336862277533324,0.600637722466676,0,0,1,0.468205181390448,-0.00535398654730928,0,1,-0.46875,-0.336862277533328,0.336862277533328,0.600637722466672,1,1,1,1,1,1,48,12,1,12,129571.607274082,0,level2_rank1_fallback,medium,1,0,0,0,0,1,0.0488504,1,1,1,0,0,0,-0.00535398654730928,0,0,0
close_coherent_pair,8,23,2,1,1,0,0.263775444933353,0.336862277533324,0.600637722466676,0,0,1,0.467414380356631,0.00196325686513882,0,1,-0.46875,-0.336862277533328,0.336862277533328,0.600637722466672,1,1,1,1,1,1,48,12,1,12,129592.220564906,0,level2_rank1_fallback,medium,1,0,0,0,0,1,0.0577691,1,1,1,0,0,0,0.00196325686513882,0,0,0
close_coherent_pair,8,24,2,1,1,0,0.263775444933353,0.336862277533324,0.600637722466676,0,0,1,0.46934756599395,0.00130572721990412,0,1,-0.46875,-0.336862277533328,0.336862277533328,0.600637722466672,1,1,1,1,1,1,48,12,1,11,130029.037873305,0,low_confidence,low,0,0,0,1,0,1,0.3226509,1,1,1,1,0,0,0.00130572721990412,0,0,0
close_coherent_pair,8,25,2,1,1,0,0.263775444933353,0.336862277533324,0.600637722466676,0,0,1,0.468416146560724,-0.000320145012362122,0,1,-0.46875,-0.336862277533328,0.336862277533328,0.600637722466672,1,1,1,1,1,1,48,12,1,12,129259.011626613,0,level2_rank1_fallback,medium,1,0,0,0,0,1,0.0483614,1,1,1,0,0,0,-0.000320145012362122,0,0,0
close_coherent_pair,8,26,2,1,1,0,0.263775444933353,0.336862277533324,0.600637722466676,0,0,1,0.469820178482619,-0.00208196956702184,0,1,-0.46875,-0.336862277533328,0.336862277533328,0.600637722466672,1,1,1,1,1,1,48,12,1,12,129522.723906873,0,low_confidence,low,0,0,0,1,0,1,0.3080266,1,1,1,1,0,0,-0.00208196956702184,0,0,0
close_coherent_pair,8,27,2,1,1,0,0.263775444933353,0.336862277533324,0.600637722466676,0,0,1,0.465651716357723,-0.00495207181999838,0,1,-0.46875,-0.336862277533328,0.336862277533328,0.600637722466672,1,1,1,1,1,1,48,12,1,12,129118.459643033,0,level2_rank1_fallback,medium,1,0,0,0,0,1,0.0411999,1,1,1,0,0,0,-0.00495207181999838,0,0,0
close_coherent_pair,8,28,2,1,1,0,0.263775444933353,0.336862277533324,0.600637722466676,0,0,1,0.469888731595925,-0.000311383698832262,0,1,-0.46875,-0.336862277533328,0.336862277533328,0.600637722466672,1,1,1,1,1,1,48,12,1,12,129881.976624098,0,level2_rank1_fallback,medium,1,0,0,0,0,1,0.0520742,1,1,1,0,0,0,-0.000311383698832262,0,0,0
close_coherent_pair,8,29,2,1,1,0,0.263775444933353,0.336862277533324,0.600637722466676,0,0,1,0.465306883108837,0.00159937341141822,0,1,-0.46875,-0.336862277533328,0.336862277533328,0.600637722466672,1,1,1,1,1,1,48,12,1,12,129704.055657158,0,level2_rank1_fallback,medium,1,0,0,0,0,1,0.0455645,1,1,1,0,0,0,0.00159937341141822,0,0,0
close_coherent_pair,8,30,2,1,1,0,0.263775444933353,0.336862277533324,0.600637722466676,0,0,1,0.467913580487382,0.00833473611409945,0,1,-0.46875,-0.336862277533328,0.336862277533328,0.600637722466672,1,1,1,1,1,1,48,12,1,12,130450.051010685,0,level2_rank1_fallback,medium,1,0,0,0,0,1,0.047504,1,1,1,0,0,0,0.00833473611409945,0,0,0
close_coherent_pair,16,1,2,1,1,0,0.263775444933353,0.336862277533324,0.600637722466676,0,0,1,0.468618058399447,0.00119303650301383,0,1,-0.46875,-0.336862277533328,0.336862277533328,0.600637722466672,1,1,1,1,1,1,48,12,1,18,129764.236056383,0,common_el_refocus_power_rank1,medium,0,0,0,0,0,1,0.0396166,1,1,0,0,0,0,0.00119303650301383,0,0,0
close_coherent_pair,16,2,2,1,1,0,0.263775444933353,0.336862277533324,0.600637722466676,0,0,1,0.468599086070761,-0.000671350969791669,0,1,-0.46875,-0.336862277533328,0.336862277533328,0.600637722466672,1,1,1,1,1,1,48,12,1,20,130095.098846046,0,level2_rank1_fallback,medium,1,0,0,0,0,1,0.0425606,1,1,1,0,0,0,-0.000671350969791669,0,0,0
close_coherent_pair,16,3,2,1,1,0,0.263775444933353,0.336862277533324,0.600637722466676,0,0,1,0.469075317834713,-0.000406354908086715,0,1,-0.46875,-0.336862277533328,0.336862277533328,0.600637722466672,1,1,1,1,1,1,48,12,1,17,129674.602911368,0,common_el_refocus_power_rank1,medium,1,0,0,0,0,1,0.0415765,1,1,0,0,0,0,-0.000406354908086715,0,0,0
close_coherent_pair,16,4,2,1,1,0,0.263775444933353,0.336862277533324,0.600637722466676,0,0,1,0.468469719655508,0.000120649586468092,0,1,-0.46875,-0.336862277533328,0.336862277533328,0.600637722466672,1,1,1,1,1,1,48,12,1,18,129790.33294504,0,level2_rank1_fallback,medium,1,0,0,0,0,1,0.046958,1,1,1,0,0,0,0.000120649586468092,0,0,0
close_coherent_pair,16,5,2,1,1,0,0.263775444933353,0.336862277533324,0.600637722466676,0,0,1,0.468096891434714,-0.00038791397005261,0,1,-0.46875,-0.336862277533328,0.336862277533328,0.600637722466672,1,1,1,1,1,1,48,12,1,17,129892.392876983,0,low_confidence,low,0,0,0,1,0,1,0.2855999,1,1,1,1,0,0,-0.00038791397005261,0,0,0
close_coherent_pair,16,6,2,1,1,0,0.263775444933353,0.336862277533324,0.600637722466676,0,0,1,0.469943388157537,-0.0010998412867288,0,1,-0.46875,-0.336862277533328,0.336862277533328,0.600637722466672,1,1,1,1,1,1,48,12,1,19,129853.087602296,0,common_el_refocus_power_rank1,medium,1,0,0,0,0,1,0.0445057,1,1,0,0,0,0,-0.0010998412867288,0,0,0
close_coherent_pair,16,7,2,1,1,0,0.263775444933353,0.336862277533324,0.600637722466676,0,0,1,0.46781583356329,0.00179093108409239,0,1,-0.46875,-0.336862277533328,0.336862277533328,0.600637722466672,1,1,1,1,1,1,48,12,1,18,129932.075579068,0,boundary_unreliable,low,0,0,0,1,1,1,0.3155067,1,1,1,1,0,0,0.00179093108409239,0,0,0
close_coherent_pair,16,8,2,1,1,0,0.263775444933353,0.336862277533324,0.600637722466676,0,0,1,0.468718897888387,-0.000311442049131999,0,1,-0.46875,-0.336862277533328,0.336862277533328,0.600637722466672,1,1,1,1,1,1,48,12,1,21,129842.709453788,0,boundary_unreliable,low,0,0,0,1,1,1,0.2897193,1,1,1,1,0,0,-0.000311442049131999,0,0,0
close_coherent_pair,16,9,2,1,1,0,0.263775444933353,0.336862277533324,0.600637722466676,0,0,1,0.468882899970362,0.00137930306217987,0,1,-0.46875,-0.336862277533328,0.336862277533328,0.600637722466672,1,1,1,1,1,1,48,12,1,21,129900.28874142,0,boundary_unreliable,low,0,0,0,1,1,1,0.3344498,1,1,1,1,0,0,0.00137930306217987,0,0,0
close_coherent_pair,16,10,2,1,1,0,0.263775444933353,0.336862277533324,0.600637722466676,0,0,1,0.467652905509663,0.00317683996255528,0,1,-0.46875,-0.336862277533328,0.336862277533328,0.600637722466672,1,1,1,1,1,1,48,12,1,21,129562.098485331,0,common_el_refocus_power_rank1,medium,1,0,0,0,0,1,0.0420013,1,1,0,0,0,0,0.00317683996255528,0,0,0
close_coherent_pair,16,11,2,1,1,0,0.263775444933353,0.336862277533324,0.600637722466676,0,0,1,0.467728085315714,-0.00154466815637974,0,1,-0.46875,-0.336862277533328,0.336862277533328,0.600637722466672,1,1,1,1,1,1,48,12,1,21,129609.379717848,0,boundary_unreliable,low,0,0,0,1,1,1,0.2845701,1,1,1,1,0,0,-0.00154466815637974,0,0,0
close_coherent_pair,16,12,2,1,1,0,0.263775444933353,0.336862277533324,0.600637722466676,0,0,1,0.46972564869562,0.000672386466633192,0,1,-0.46875,-0.336862277533328,0.336862277533328,0.600637722466672,1,1,1,1,1,1,48,12,1,23,130160.394872586,0,boundary_unreliable,low,0,0,0,1,1,1,0.2911345,1,1,1,1,0,0,0.000672386466633192,0,0,0
close_coherent_pair,16,13,2,1,1,0,0.263775444933353,0.336862277533324,0.600637722466676,0,0,1,0.467812647078362,0.00054751027547116,0,1,-0.46875,-0.336862277533328,0.336862277533328,0.600637722466672,1,1,1,1,1,1,48,12,1,16,129844.946310116,0,boundary_unreliable,low,0,0,0,1,1,1,0.2862003,1,1,1,1,0,0,0.00054751027547116,0,0,0
close_coherent_pair,16,14,2,1,1,0,0.263775444933353,0.336862277533324,0.600637722466676,0,0,1,0.468519999346983,0.000505425381878673,0,1,-0.46875,-0.336862277533328,0.336862277533328,0.600637722466672,1,1,1,1,1,1,48,12,1,17,129641.209387685,0,level2_rank1_fallback,medium,1,0,0,0,0,1,0.0448705,1,1,1,0,0,0,0.000505425381878673,0,0,0
close_coherent_pair,16,15,2,1,1,0,0.263775444933353,0.336862277533324,0.600637722466676,0,0,1,0.468810561362893,-0.00239809924637139,0,1,-0.46875,-0.336862277533328,0.336862277533328,0.600637722466672,1,1,1,1,1,1,48,12,1,18,129863.020180731,0,boundary_unreliable,low,0,0,0,1,1,1,0.2943056,1,1,1,1,0,0,-0.00239809924637139,0,0,0
close_coherent_pair,16,16,2,1,1,0,0.263775444933353,0.336862277533324,0.600637722466676,0,0,1,0.468354403087512,-0.000673083701116943,0,1,-0.46875,-0.336862277533328,0.336862277533328,0.600637722466672,1,1,1,1,1,1,48,12,1,19,129645.120466595,0,low_confidence,low,0,0,0,1,0,1,0.2999206,1,1,1,1,0,0,-0.000673083701116943,0,0,0
close_coherent_pair,16,17,2,1,1,0,0.263775444933353,0.336862277533324,0.600637722466676,0,0,1,0.468724624377541,-0.00327125017874502,0,1,-0.46875,-0.336862277533328,0.336862277533328,0.600637722466672,1,1,1,1,1,1,48,12,1,21,129877.402746858,0,low_confidence,low,0,0,0,1,0,1,0.2823442,1,1,1,1,0,0,-0.00327125017874502,0,0,0
close_coherent_pair,16,18,2,1,1,0,0.263775444933353,0.336862277533324,0.600637722466676,0,0,1,0.469475521410209,-0.00053395389513105,0,1,-0.46875,-0.336862277533328,0.336862277533328,0.600637722466672,1,1,1,1,1,1,48,12,1,18,129800.133102735,0,boundary_unreliable,low,0,0,0,1,1,1,0.2995587,1,1,1,1,0,0,-0.00053395389513105,0,0,0
close_coherent_pair,16,19,2,1,1,0,0.263775444933353,0.336862277533324,0.600637722466676,0,0,1,0.468272065297436,0.00107394967511866,0,1,-0.46875,-0.336862277533328,0.336862277533328,0.600637722466672,1,1,1,1,1,1,48,12,1,19,129704.308892903,0,boundary_unreliable,low,0,0,0,1,1,1,0.2924379,1,1,1,1,0,0,0.00107394967511866,0,0,0
close_coherent_pair,16,20,2,1,1,0,0.263775444933353,0.336862277533324,0.600637722466676,0,0,1,0.468027084675475,0.00216501553738505,0,1,-0.46875,-0.336862277533328,0.336862277533328,0.600637722466672,1,1,1,1,1,1,48,12,1,22,129550.491845073,0,low_confidence,low,0,0,0,1,0,1,0.2858636,1,1,1,1,0,0,0.00216501553738505,0,0,0
close_coherent_pair,16,21,2,1,1,0,0.263775444933353,0.336862277533324,0.600637722466676,0,0,1,0.468011120557277,0.00117305164120841,0,1,-0.46875,-0.336862277533328,0.336862277533328,0.600637722466672,1,1,1,1,1,1,48,12,1,18,130024.769994466,0,level2_rank1_fallback,medium,1,0,0,0,0,1,0.0452446,1,1,1,0,0,0,0.00117305164120841,0,0,0
close_coherent_pair,16,22,2,1,1,0,0.263775444933353,0.336862277533324,0.600637722466676,0,0,1,0.467240645334113,-0.00119392531573477,0,1,-0.46875,-0.336862277533328,0.336862277533328,0.600637722466672,1,1,1,1,1,1,48,12,1,18,129756.93845598,0,boundary_unreliable,low,0,0,0,1,1,1,0.3042253,1,1,1,1,0,0,-0.00119392531573477,0,0,0
close_coherent_pair,16,23,2,1,1,0,0.263775444933353,0.336862277533324,0.600637722466676,0,0,1,0.467308602319622,0.00033197763901022,0,1,-0.46875,-0.336862277533328,0.336862277533328,0.600637722466672,1,1,1,1,1,1,48,12,1,22,129741.829804257,0,level2_rank1_fallback,medium,1,0,0,0,0,1,0.047367,1,1,1,0,0,0,0.00033197763901022,0,0,0
close_coherent_pair,16,24,2,1,1,0,0.263775444933353,0.336862277533324,0.600637722466676,0,0,1,0.468597275822617,-5.29188913355975e-05,0,1,-0.46875,-0.336862277533328,0.336862277533328,0.600637722466672,1,1,1,1,1,1,48,12,1,18,130156.039812156,0,boundary_unreliable,low,0,0,0,1,1,1,0.2865376,1,1,1,1,0,0,-5.29188913355975e-05,0,0,0
close_coherent_pair,16,25,2,1,1,0,0.263775444933353,0.336862277533324,0.600637722466676,0,0,1,0.468205857352231,0.000195500971314648,0,1,-0.46875,-0.336862277533328,0.336862277533328,0.600637722466672,1,1,1,1,1,1,48,12,1,20,130092.430494534,0,boundary_unreliable,low,0,0,0,1,1,1,0.2846655,1,1,1,1,0,0,0.000195500971314648,0,0,0
close_coherent_pair,16,26,2,1,1,0,0.263775444933353,0.336862277533324,0.600637722466676,0,0,1,0.46812997210596,-0.00144184781185978,0,1,-0.46875,-0.336862277533328,0.336862277533328,0.600637722466672,1,1,1,1,1,1,48,12,1,18,129625.224770758,0,boundary_unreliable,low,0,0,0,1,1,1,0.2911066,1,1,1,1,0,0,-0.00144184781185978,0,0,0
close_coherent_pair,16,27,2,1,1,0,0.263775444933353,0.336862277533324,0.600637722466676,0,0,1,0.469175547745758,-0.000993005297718379,0,1,-0.46875,-0.336862277533328,0.336862277533328,0.600637722466672,1,1,1,1,1,1,48,12,1,23,129819.816406082,0,boundary_unreliable,low,0,0,0,1,1,1,0.3583572,1,1,1,1,0,0,-0.000993005297718379,0,0,0
close_coherent_pair,16,28,2,1,1,0,0.263775444933353,0.336862277533324,0.600637722466676,0,0,1,0.468529645775084,-0.000786839858268707,0,1,-0.46875,-0.336862277533328,0.336862277533328,0.600637722466672,1,1,1,1,1,1,48,12,1,19,129791.190982634,0,boundary_unreliable,low,0,0,0,1,1,1,0.3120149,1,1,1,1,0,0,-0.000786839858268707,0,0,0
close_coherent_pair,16,29,2,1,1,0,0.263775444933353,0.336862277533324,0.600637722466676,0,0,1,0.468191784639399,0.00226072051738254,0,1,-0.46875,-0.336862277533328,0.336862277533328,0.600637722466672,1,1,1,1,1,1,48,12,1,22,129650.060557882,0,boundary_unreliable,low,0,0,0,1,1,1,0.3006598,1,1,1,1,0,0,0.00226072051738254,0,0,0
close_coherent_pair,16,30,2,1,1,0,0.263775444933353,0.336862277533324,0.600637722466676,0,0,1,0.46810673934469,0.000265460738408084,0,1,-0.46875,-0.336862277533328,0.336862277533328,0.600637722466672,1,1,1,1,1,1,48,12,1,19,129798.637317511,0,low_confidence,low,0,0,0,1,0,1,0.2848308,1,1,1,1,0,0,0.000265460738408084,0,0,0
close_coherent_pair,8,1,2,1,1,0,0.5,-0.71875,-0.21875,0,0,1,-0.470420059449284,-0.00440282614357672,0,1,0.46875,0.71875,-0.71875,-0.21875,1,1,1,1,1,1,48,12,1,12,127352.545902345,0,level2_rank1_fallback,medium,1,0,0,0,0,1,0.0434721,1,1,1,0,0,0,-0.00440282614357672,0,0,0
close_coherent_pair,8,2,2,1,1,0,0.5,-0.71875,-0.21875,0,0,1,-0.470296604885097,0.000124676372426859,0,1,0.46875,0.71875,-0.71875,-0.21875,1,1,1,1,1,1,48,12,1,12,127002.755562156,0,level2_rank1_fallback,medium,1,0,0,0,0,1,0.0469724,1,1,1,0,0,0,0.000124676372426859,0,0,0
close_coherent_pair,8,3,2,1,1,0,0.5,-0.71875,-0.21875,0,0,1,-0.469138958177172,0.00377567210664874,0,1,0.46875,0.71875,-0.71875,-0.21875,1,1,1,1,1,1,48,12,1,12,127223.812150719,0,low_confidence,low,0,0,0,1,0,1,0.3036898,1,1,1,1,0,0,0.00377567210664874,0,0,0
close_coherent_pair,8,4,2,1,1,0,0.5,-0.71875,-0.21875,0,0,1,-0.468290891866069,-0.00280356688539143,0,1,0.46875,0.71875,-0.71875,-0.21875,1,1,1,1,1,1,48,12,1,12,126825.515278131,0,level2_rank1_fallback,medium,1,0,0,0,0,1,0.0494538,1,1,1,0,0,0,-0.00280356688539143,0,0,0
close_coherent_pair,8,5,2,1,1,0,0.5,-0.71875,-0.21875,0,0,1,-0.471683328463176,0.0031933160660636,0,1,0.46875,0.71875,-0.71875,-0.21875,1,1,1,1,1,1,48,12,1,12,127301.493144701,0,level2_rank1_fallback,medium,1,0,0,0,0,1,0.0467747,1,1,1,0,0,0,0.0031933160660636,0,0,0
close_coherent_pair,8,6,2,1,1,0,0.5,-0.71875,-0.21875,0,0,1,-0.467895168221727,-0.000185995165432009,0,1,0.46875,0.71875,-0.71875,-0.21875,1,1,1,1,1,1,48,12,1,12,126636.076094311,0,level2_rank1_fallback,medium,1,0,0,0,0,1,0.0405829,1,1,1,0,0,0,-0.000185995165432009,0,0,0
close_coherent_pair,8,7,2,1,1,0,0.5,-0.71875,-0.21875,0,0,1,-0.467719423799521,0.00283368935887055,0,1,0.46875,0.71875,-0.71875,-0.21875,1,1,1,1,1,1,48,12,1,12,126942.14752948,0,level2_rank1_fallback,medium,1,0,0,0,0,1,0.0415074,1,1,1,0,0,0,0.00283368935887055,0,0,0
close_coherent_pair,8,8,2,1,1,0,0.5,-0.71875,-0.21875,0,0,1,-0.468060422266059,0.00511213653686008,0,1,0.46875,0.71875,-0.71875,-0.21875,1,1,1,1,1,1,48,12,1,12,126827.260944647,0,low_confidence,low,0,0,0,1,0,1,0.3281898,1,1,1,1,0,0,0.00511213653686008,0,0,0
close_coherent_pair,8,9,2,1,1,0,0.5,-0.71875,-0.21875,0,0,1,-0.469277288759398,0.000394749922638963,0,1,0.46875,0.71875,-0.71875,-0.21875,1,1,1,1,1,1,48,12,1,12,127726.374499899,0,low_confidence,low,0,0,0,1,0,1,0.314832,1,1,1,1,0,0,0.000394749922638963,0,0,0
close_coherent_pair,8,10,2,1,1,0,0.5,-0.71875,-0.21875,0,0,1,-0.470503534933265,0.00213621550734774,0,1,0.46875,0.71875,-0.71875,-0.21875,1,1,1,1,1,1,48,12,1,12,127743.069048333,0,low_confidence,low,0,0,0,1,0,1,0.2896713,1,1,1,1,0,0,0.00213621550734774,0,0,0
close_coherent_pair,8,11,2,1,1,0,0.5,-0.71875,-0.21875,0,0,1,-0.465986982163769,-0.00313929525767046,0,1,0.46875,0.71875,-0.71875,-0.21875,1,1,1,1,1,1,48,12,1,12,127185.839019483,0,level2_rank1_fallback,medium,1,0,0,0,0,1,0.05424,1,1,1,0,0,0,-0.00313929525767046,0,0,0
close_coherent_pair,8,12,2,1,1,0,0.5,-0.71875,-0.21875,0,0,1,-0.466815473702609,-0.00430290386283353,0,1,0.46875,0.71875,-0.71875,-0.21875,1,1,1,1,1,1,48,12,1,12,127525.403925999,0,level2_rank1_fallback,medium,1,0,0,0,0,1,0.0506887,1,1,1,0,0,0,-0.00430290386283353,0,0,0
close_coherent_pair,8,13,2,1,1,0,0.5,-0.71875,-0.21875,0,0,1,-0.467635132447244,0.00171988553951645,0,1,0.46875,0.71875,-0.71875,-0.21875,1,1,1,1,1,1,48,12,1,12,127427.848324823,0,level2_rank1_fallback,medium,0,0,0,0,0,1,0.0459912,1,1,1,0,0,0,0.00171988553951645,0,0,0
close_coherent_pair,8,14,2,1,1,0,0.5,-0.71875,-0.21875,0,0,1,-0.469347992510128,-0.000708757738593748,0,1,0.46875,0.71875,-0.71875,-0.21875,1,1,1,1,1,1,48,12,1,12,128107.778418964,0,level2_rank1_fallback,medium,1,0,0,0,0,1,0.0447985,1,1,1,0,0,0,-0.000708757738593748,0,0,0
close_coherent_pair,8,15,2,1,1,0,0.5,-0.71875,-0.21875,0,0,1,-0.46717086143151,7.42657621926109e-05,0,1,0.46875,0.71875,-0.71875,-0.21875,1,1,1,1,1,1,48,12,1,12,127027.484348573,0,level2_rank1_fallback,medium,1,0,0,0,0,1,0.0414394,1,1,1,0,0,0,7.42657621926109e-05,0,0,0
close_coherent_pair,8,16,2,1,1,0,0.5,-0.71875,-0.21875,0,0,1,-0.47319084399356,-0.00138175448842133,0,1,0.46875,0.71875,-0.71875,-0.21875,1,1,1,1,1,1,48,12,1,12,127535.159026078,0,level2_rank1_fallback,medium,1,0,0,0,0,1,0.0438365,1,1,1,0,0,0,-0.00138175448842133,0,0,0
close_coherent_pair,8,17,2,1,1,0,0.5,-0.71875,-0.21875,0,0,1,-0.470753197967171,0.00138092580787534,0,1,0.46875,0.71875,-0.71875,-0.21875,1,1,1,1,1,1,48,12,1,12,127492.213931716,0,level2_rank1_fallback,medium,1,0,0,0,0,1,0.0534861,1,1,1,0,0,0,0.00138092580787534,0,0,0
close_coherent_pair,8,18,2,1,1,0,0.5,-0.71875,-0.21875,0,0,1,-0.468200702086316,-0.00259183378888495,0,1,0.46875,0.71875,-0.71875,-0.21875,1,1,1,1,1,1,48,12,1,12,127355.985262519,0,level2_rank1_fallback,medium,1,0,0,0,0,1,0.0474004,1,1,1,0,0,0,-0.00259183378888495,0,0,0
close_coherent_pair,8,19,2,1,1,0,0.5,-0.71875,-0.21875,0,0,1,-0.468902679551898,0.00180570108942719,0,1,0.46875,0.71875,-0.71875,-0.21875,1,1,1,1,1,1,48,12,1,12,127291.341546662,0,level2_rank1_fallback,medium,1,0,0,0,0,1,0.0431521,1,1,1,0,0,0,0.00180570108942719,0,0,0
close_coherent_pair,8,20,2,1,1,0,0.5,-0.71875,-0.21875,0,0,1,-0.465387214847379,0.000749862196201823,0,1,0.46875,0.71875,-0.71875,-0.21875,1,1,1,1,1,1,48,12,1,13,127190.453454911,0,level2_rank1_fallback,medium,1,0,0,0,0,1,0.0473734,1,1,1,0,0,0,0.000749862196201823,0,0,0
close_coherent_pair,8,21,2,1,1,0,0.5,-0.71875,-0.21875,0,0,1,-0.468073321739851,-0.000324499491820493,0,1,0.46875,0.71875,-0.71875,-0.21875,1,1,1,1,1,1,48,12,1,13,126860.996383396,0,level2_rank1_fallback,medium,1,0,0,0,0,1,0.0446923,1,1,1,0,0,0,-0.000324499491820493,0,0,0
close_coherent_pair,8,22,2,1,1,0,0.5,-0.71875,-0.21875,0,0,1,-0.467448699848694,-0.00680750234186095,0,1,0.46875,0.71875,-0.71875,-0.21875,1,1,1,1,1,1,48,12,1,12,127523.603736264,0,low_confidence,low,0,0,0,1,0,1,0.3191454,1,1,1,1,0,0,-0.00680750234186095,0,0,0
close_coherent_pair,8,23,2,1,1,0,0.5,-0.71875,-0.21875,0,0,1,-0.468684740503857,-0.00437022916852415,0,1,0.46875,0.71875,-0.71875,-0.21875,1,1,1,1,1,1,48,12,1,12,127457.136615354,0,low_confidence,low,0,0,0,1,0,1,0.3022953,1,1,1,1,0,0,-0.00437022916852415,0,0,0
close_coherent_pair,8,24,2,1,1,0,0.5,-0.71875,-0.21875,0,0,1,-0.470179131942086,0.00316263396263439,0,1,0.46875,0.71875,-0.71875,-0.21875,1,1,1,1,1,1,48,12,1,11,126809.765884845,0,low_confidence,low,0,0,0,1,0,1,0.342313,1,1,1,1,0,0,0.00316263396263439,0,0,0
close_coherent_pair,8,25,2,1,1,0,0.5,-0.71875,-0.21875,0,0,1,-0.466298693240445,-0.0047063220127924,0,1,0.46875,0.71875,-0.71875,-0.21875,1,1,1,1,1,1,48,12,1,12,127442.525993594,0,level2_rank1_fallback,medium,1,0,0,0,0,1,0.0470791,1,1,1,0,0,0,-0.0047063220127924,0,0,0
close_coherent_pair,8,26,2,1,1,0,0.5,-0.71875,-0.21875,0,0,1,-0.467791736480178,0.0010672689692728,0,1,0.46875,0.71875,-0.71875,-0.21875,1,1,1,1,1,1,48,12,1,11,126964.993617127,0,level2_rank1_fallback,medium,1,0,0,0,0,1,0.050855,1,1,1,0,0,0,0.0010672689692728,0,0,0
close_coherent_pair,8,27,2,1,1,0,0.5,-0.71875,-0.21875,0,0,1,-0.468468710628592,0.00117063510834575,0,1,0.46875,0.71875,-0.71875,-0.21875,1,1,1,1,1,1,48,12,1,11,127390.309495768,0,level2_rank1_fallback,medium,1,0,0,0,0,1,0.0486752,1,1,1,0,0,0,0.00117063510834575,0,0,0
close_coherent_pair,8,28,2,1,1,0,0.5,-0.71875,-0.21875,0,0,1,-0.468864742981515,0.00109293906516487,0,1,0.46875,0.71875,-0.71875,-0.21875,1,1,1,1,1,1,48,12,1,12,127097.029572315,0,low_confidence,low,0,0,0,1,0,1,0.3221997,1,1,1,1,0,0,0.00109293906516487,0,0,0
close_coherent_pair,8,29,2,1,1,0,0.5,-0.71875,-0.21875,0,0,1,-0.4730099703932,-0.0047775798654812,0,1,0.46875,0.71875,-0.71875,-0.21875,1,1,1,1,1,1,48,12,1,12,126822.485257427,0,level2_rank1_fallback,medium,1,0,0,0,0,1,0.0494941,1,1,1,0,0,0,-0.0047775798654812,0,0,0
close_coherent_pair,8,30,2,1,1,0,0.5,-0.71875,-0.21875,0,0,1,-0.467248570292613,-0.00505357462660563,0,1,0.46875,0.71875,-0.71875,-0.21875,1,1,1,1,1,1,48,12,1,12,127222.627544983,0,level2_rank1_fallback,medium,1,0,0,0,0,1,0.045726,1,1,1,0,0,0,-0.00505357462660563,0,0,0
close_coherent_pair,16,1,2,1,1,0,0.5,-0.71875,-0.21875,0,0,1,-0.469027715253612,-0.000228774719424705,0,1,0.46875,0.71875,-0.71875,-0.21875,1,1,1,1,1,1,48,12,1,16,127076.602138617,0,low_confidence,low,0,0,0,1,0,1,0.3597197,1,1,1,1,0,0,-0.000228774719424705,0,0,0
close_coherent_pair,16,2,2,1,1,0,0.5,-0.71875,-0.21875,0,0,1,-0.469576169488913,-0.00144504669538533,0,1,0.46875,0.71875,-0.71875,-0.21875,1,1,1,1,1,1,48,12,1,18,126905.1634915,0,low_confidence,low,0,0,0,1,0,1,0.3268478,1,1,1,1,0,0,-0.00144504669538533,0,0,0
close_coherent_pair,16,3,2,1,1,0,0.5,-0.71875,-0.21875,0,0,1,-0.467972594276257,-0.000225885105869842,0,1,0.46875,0.71875,-0.71875,-0.21875,1,1,1,1,1,1,48,12,1,17,127150.651936214,0,level2_rank1_fallback,medium,1,0,0,0,0,1,0.0512863,1,1,1,0,0,0,-0.000225885105869842,0,0,0
close_coherent_pair,16,4,2,1,1,0,0.5,-0.71875,-0.21875,0,0,1,-0.467523274609403,-0.000947701028567535,0,1,0.46875,0.71875,-0.71875,-0.21875,1,1,1,1,1,1,48,12,1,22,127234.671670209,0,level2_rank1_fallback,medium,1,0,0,0,0,1,0.0500828,1,1,1,0,0,0,-0.000947701028567535,0,0,0
close_coherent_pair,16,5,2,1,1,0,0.5,-0.71875,-0.21875,0,0,1,-0.469596105721502,-0.000737339781680694,0,1,0.46875,0.71875,-0.71875,-0.21875,1,1,1,1,1,1,48,12,1,18,127573.213695862,0,level2_rank1_fallback,medium,1,0,0,0,0,1,0.0581482,1,1,1,0,0,0,-0.000737339781680694,0,0,0
close_coherent_pair,16,6,2,1,1,0,0.5,-0.71875,-0.21875,0,0,1,-0.468428634110604,-0.000623919919177131,0,1,0.46875,0.71875,-0.71875,-0.21875,1,1,1,1,1,1,48,12,1,24,127478.571869092,0,level2_rank1_fallback,medium,1,0,0,0,0,1,0.0487302,1,1,1,0,0,0,-0.000623919919177131,0,0,0
close_coherent_pair,16,7,2,1,1,0,0.5,-0.71875,-0.21875,0,0,1,-0.46742816051787,-0.00120319061612357,0,1,0.46875,0.71875,-0.71875,-0.21875,1,1,1,1,1,1,48,12,1,20,127549.510178773,0,level2_rank1_fallback,medium,1,0,0,0,0,1,0.0447372,1,1,1,0,0,0,-0.00120319061612357,0,0,0
close_coherent_pair,16,8,2,1,1,0,0.5,-0.71875,-0.21875,0,0,1,-0.46828330417659,-0.000909905137232504,0,1,0.46875,0.71875,-0.71875,-0.21875,1,1,1,1,1,1,48,12,1,17,127467.047497289,0,low_confidence,low,0,0,0,1,0,1,0.3144033,1,1,1,1,0,0,-0.000909905137232504,0,0,0
close_coherent_pair,16,9,2,1,1,0,0.5,-0.71875,-0.21875,0,0,1,-0.466596106745705,-0.000113427480330638,0,1,0.46875,0.71875,-0.71875,-0.21875,1,1,1,1,1,1,48,12,1,21,127350.728321286,0,level2_rank1_fallback,medium,1,0,0,0,0,1,0.058673,1,1,1,0,0,0,-0.000113427480330638,0,0,0
close_coherent_pair,16,10,2,1,1,0,0.5,-0.71875,-0.21875,0,0,1,-0.467332993579615,0.00196895050259249,0,1,0.46875,0.71875,-0.71875,-0.21875,1,1,1,1,1,1,48,12,1,19,127359.97160017,0,level2_rank1_fallback,medium,1,0,0,0,0,1,0.0533528,1,1,1,0,0,0,0.00196895050259249,0,0,0
close_coherent_pair,16,11,2,1,1,0,0.5,-0.71875,-0.21875,0,0,1,-0.470053426784076,-0.000351898902914843,0,1,0.46875,0.71875,-0.71875,-0.21875,1,1,1,1,1,1,48,12,1,23,127513.177878704,0,low_confidence,low,0,0,0,1,0,1,0.3287908,1,1,1,1,0,0,-0.000351898902914843,0,0,0
close_coherent_pair,16,12,2,1,1,0,0.5,-0.71875,-0.21875,0,0,1,-0.469018311451398,0.00149970254452449,0,1,0.46875,0.71875,-0.71875,-0.21875,1,1,1,1,1,1,48,12,1,21,127257.976070422,0,low_confidence,low,0,0,0,1,0,1,0.3021627,1,1,1,1,0,0,0.00149970254452449,0,0,0
close_coherent_pair,16,13,2,1,1,0,0.5,-0.71875,-0.21875,0,0,1,-0.468443897828855,0.00128169641786914,0,1,0.46875,0.71875,-0.71875,-0.21875,1,1,1,1,1,1,48,12,1,20,127264.570882563,0,level2_rank1_fallback,medium,1,0,0,0,0,1,0.069979,1,1,1,0,0,0,0.00128169641786914,0,0,0
close_coherent_pair,16,14,2,1,1,0,0.5,-0.71875,-0.21875,0,0,1,-0.467897257083276,-0.00174234457211966,0,1,0.46875,0.71875,-0.71875,-0.21875,1,1,1,1,1,1,48,12,1,20,127185.923566164,0,low_confidence,low,0,0,0,1,0,1,0.3178781,1,1,1,1,0,0,-0.00174234457211966,0,0,0
close_coherent_pair,16,15,2,1,1,0,0.5,-0.71875,-0.21875,0,0,1,-0.468445018775219,0.000138584643888426,0,1,0.46875,0.71875,-0.71875,-0.21875,1,1,1,1,1,1,48,12,1,21,127596.960951776,0,level2_rank1_fallback,medium,1,0,0,0,0,1,0.0503611,1,1,1,0,0,0,0.000138584643888426,0,0,0
close_coherent_pair,16,16,2,1,1,0,0.5,-0.71875,-0.21875,0,0,1,-0.468094947206402,-0.000106241407505656,0,1,0.46875,0.71875,-0.71875,-0.21875,1,1,1,1,1,1,48,12,1,24,127470.369414307,0,low_confidence,low,0,0,0,1,0,1,0.3083257,1,1,1,1,0,0,-0.000106241407505656,0,0,0
close_coherent_pair,16,17,2,1,1,0,0.5,-0.71875,-0.21875,0,0,1,-0.468371497239279,0.000508117330555488,0,1,0.46875,0.71875,-0.71875,-0.21875,1,1,1,1,1,1,48,12,1,23,127366.892027287,0,level2_rank1_fallback,medium,1,0,0,0,0,1,0.0499426,1,1,1,0,0,0,0.000508117330555488,0,0,0
close_coherent_pair,16,18,2,1,1,0,0.5,-0.71875,-0.21875,0,0,1,-0.468301509493359,-0.000858317538545388,0,1,0.46875,0.71875,-0.71875,-0.21875,1,1,1,1,1,1,48,12,1,18,127465.819916707,0,low_confidence,low,0,0,0,1,0,1,0.3364042,1,1,1,1,0,0,-0.000858317538545388,0,0,0
close_coherent_pair,16,19,2,1,1,0,0.5,-0.71875,-0.21875,0,0,1,-0.46961555637453,0.00186863897852265,0,1,0.46875,0.71875,-0.71875,-0.21875,1,1,1,1,1,1,48,12,1,24,127304.333646638,0,level2_rank1_fallback,medium,1,0,0,0,0,1,0.0563684,1,1,1,0,0,0,0.00186863897852265,0,0,0
close_coherent_pair,16,20,2,1,1,0,0.5,-0.71875,-0.21875,0,0,1,-0.469534794882639,-0.00207454301793407,0,1,0.46875,0.71875,-0.71875,-0.21875,1,1,1,1,1,1,48,12,1,21,127613.227249021,0,low_confidence,low,0,0,0,1,0,1,0.3149196,1,1,1,1,0,0,-0.00207454301793407,0,0,0
close_coherent_pair,16,21,2,1,1,0,0.5,-0.71875,-0.21875,0,0,1,-0.469429130493785,-7.53381231699349e-05,0,1,0.46875,0.71875,-0.71875,-0.21875,1,1,1,1,1,1,48,12,1,18,127244.821772159,0,level2_rank1_fallback,medium,1,0,0,0,0,1,0.0608019,1,1,1,0,0,0,-7.53381231699349e-05,0,0,0
close_coherent_pair,16,22,2,1,1,0,0.5,-0.71875,-0.21875,0,0,1,-0.470109347915817,0.000456698441256379,0,1,0.46875,0.71875,-0.71875,-0.21875,1,1,1,1,1,1,48,12,1,22,127264.642307715,0,low_confidence,low,0,0,0,1,0,1,0.3092127,1,1,1,1,0,0,0.000456698441256379,0,0,0
close_coherent_pair,16,23,2,1,1,0,0.5,-0.71875,-0.21875,0,0,1,-0.468587295522756,-0.000255945848855352,0,1,0.46875,0.71875,-0.71875,-0.21875,1,1,1,1,1,1,48,12,1,20,127257.100645776,0,level2_rank1_fallback,medium,1,0,0,0,0,1,0.0428222,1,1,1,0,0,0,-0.000255945848855352,0,0,0
close_coherent_pair,16,24,2,1,1,0,0.5,-0.71875,-0.21875,0,0,1,-0.469145120269616,-0.000142329229108796,0,1,0.46875,0.71875,-0.71875,-0.21875,1,1,1,1,1,1,48,12,1,22,127263.796522464,0,level2_rank1_fallback,medium,1,0,0,0,0,1,0.0425091,1,1,1,0,0,0,-0.000142329229108796,0,0,0
close_coherent_pair,16,25,2,1,1,0,0.5,-0.71875,-0.21875,0,0,1,-0.467623273956195,0.000592203055041581,0,1,0.46875,0.71875,-0.71875,-0.21875,1,1,1,1,1,1,48,12,1,22,127488.088979385,0,low_confidence,low,0,0,0,1,0,1,0.2931326,1,1,1,1,0,0,0.000592203055041581,0,0,0
close_coherent_pair,16,26,2,1,1,0,0.5,-0.71875,-0.21875,0,0,1,-0.470006064299395,0.000175503153914531,0,1,0.46875,0.71875,-0.71875,-0.21875,1,1,1,1,1,1,48,12,1,21,127292.324228252,0,low_confidence,low,0,0,0,1,0,1,0.2948857,1,1,1,1,0,0,0.000175503153914531,0,0,0
close_coherent_pair,16,27,2,1,1,0,0.5,-0.71875,-0.21875,0,0,1,-0.468860003592223,0.00103666213356515,0,1,0.46875,0.71875,-0.71875,-0.21875,1,1,1,1,1,1,48,12,1,19,127319.747835457,0,level2_rank1_fallback,medium,1,0,0,0,0,1,0.0891596,1,1,1,0,0,0,0.00103666213356515,0,0,0
close_coherent_pair,16,28,2,1,1,0,0.5,-0.71875,-0.21875,0,0,1,-0.468627161402005,-0.000772754170655105,0,1,0.46875,0.71875,-0.71875,-0.21875,1,1,1,1,1,1,48,12,1,18,127193.86082016,0,level2_rank1_fallback,medium,1,0,0,0,0,1,0.0608873,1,1,1,0,0,0,-0.000772754170655105,0,0,0
close_coherent_pair,16,29,2,1,1,0,0.5,-0.71875,-0.21875,0,0,1,-0.468338386032907,-2.33765966042404e-05,0,1,0.46875,0.71875,-0.71875,-0.21875,1,1,1,1,1,1,48,12,1,22,127372.525922184,0,low_confidence,low,0,0,0,1,0,1,0.3225059,1,1,1,1,0,0,-2.33765966042404e-05,0,0,0
close_coherent_pair,16,30,2,1,1,0,0.5,-0.71875,-0.21875,0,0,1,-0.470048164037213,0.00246582187320138,0,1,0.46875,0.71875,-0.71875,-0.21875,1,1,1,1,1,1,48,12,1,18,127282.129202774,0,level2_rank1_fallback,medium,1,0,0,0,0,1,0.0465427,1,1,1,0,0,0,0.00246582187320138,0,0,0
close_coherent_pair,8,1,2,1,1,0,0.5,-0.25,0.25,0,0,1,0.00151548517428851,-0.00115946779947203,0,1,0,0.25,-0.25,0.25,1,1,1,1,1,1,48,12,1,12,127181.123932314,0,level2_rank1_fallback,medium,1,0,0,0,0,1,0.0504793,1,1,1,0,0,0,-0.00115946779947203,0,0,0
close_coherent_pair,8,2,2,1,1,0,0.5,-0.25,0.25,0,0,1,0.000757912738968529,0.000104517268868803,0,1,0,0.25,-0.25,0.25,1,1,1,1,1,1,48,12,1,12,126919.254823235,0,level2_rank1_fallback,medium,1,0,0,0,0,1,0.0450876,1,1,1,0,0,0,0.000104517268868803,0,0,0
close_coherent_pair,8,3,2,1,1,0,0.5,-0.25,0.25,0,0,1,0.00273029981090766,-0.00283870364776916,0,1,0,0.25,-0.25,0.25,1,1,1,1,1,1,48,12,1,11,127698.446814714,0,level2_rank1_fallback,medium,1,0,0,0,0,1,0.0523554,1,1,1,0,0,0,-0.00283870364776916,0,0,0
close_coherent_pair,8,4,2,1,1,0,0.5,-0.25,0.25,0,0,1,0.00133531442491615,-0.000882466463021491,0,1,0,0.25,-0.25,0.25,1,1,1,1,1,1,48,12,1,12,127044.482172809,0,level2_rank1_fallback,medium,1,0,0,0,0,1,0.048929,1,1,1,0,0,0,-0.000882466463021491,0,0,0
close_coherent_pair,8,5,2,1,1,0,0.5,-0.25,0.25,0,0,1,0.00220600199352523,-0.00668283039503469,0,1,0,0.25,-0.25,0.25,1,1,1,1,1,1,48,12,1,12,127267.051026308,0,level2_rank1_fallback,medium,1,0,0,0,0,1,0.0629877,1,1,1,0,0,0,-0.00668283039503469,0,0,0
close_coherent_pair,8,6,2,1,1,0,0.5,-0.25,0.25,0,0,1,-0.000132132040791312,0.00253084826765868,0,1,0,0.25,-0.25,0.25,1,1,1,1,1,1,48,12,1,12,127713.847627807,0,level2_rank1_fallback,medium,1,0,0,0,0,1,0.0525013,1,1,1,0,0,0,0.00253084826765868,0,0,0
close_coherent_pair,8,7,2,1,1,0,0.5,-0.25,0.25,0,0,1,-0.00271803146679709,-0.00285853869786646,0,1,0,0.25,-0.25,0.25,1,1,1,1,1,1,48,12,1,12,127497.472912293,0,level2_rank1_fallback,medium,1,0,0,0,0,1,0.06245,1,1,1,0,0,0,-0.00285853869786646,0,0,0
close_coherent_pair,8,8,2,1,1,0,0.5,-0.25,0.25,0,0,1,0.000954561816720181,-0.00335005278958507,0,1,0,0.25,-0.25,0.25,1,1,1,1,1,1,48,12,1,12,127962.235188523,0,level2_rank1_fallback,medium,1,0,0,0,0,1,0.0585363,1,1,1,0,0,0,-0.00335005278958507,0,0,0
close_coherent_pair,8,9,2,1,1,0,0.5,-0.25,0.25,0,0,1,-0.00058424285193718,-0.0024891286541247,0,1,0,0.25,-0.25,0.25,1,1,1,1,1,1,48,12,1,12,127952.883881579,0,low_confidence,low,0,0,0,1,0,1,0.3110578,1,1,1,1,0,0,-0.0024891286541247,0,0,0
close_coherent_pair,8,10,2,1,1,0,0.5,-0.25,0.25,0,0,1,-0.00130476812984771,0.00143143912788843,0,1,0,0.25,-0.25,0.25,1,1,1,1,1,1,48,12,1,12,128087.997499382,0,level2_rank1_fallback,medium,1,0,0,0,0,1,0.0466689,1,1,1,0,0,0,0.00143143912788843,0,0,0
close_coherent_pair,8,11,2,1,1,0,0.5,-0.25,0.25,0,0,1,0.00163529359732449,-0.0037165961910765,0,1,0,0.25,-0.25,0.25,1,1,1,1,1,1,48,12,1,12,127671.09550999,0,level2_rank1_fallback,medium,1,0,0,0,0,1,0.048922,1,1,1,0,0,0,-0.0037165961910765,0,0,0
close_coherent_pair,8,12,2,1,1,0,0.5,-0.25,0.25,0,0,1,0.00382334330078934,0.00380619995052467,0,1,0,0.25,-0.25,0.25,1,1,1,1,1,1,48,12,1,12,127772.08360485,0,level2_rank1_fallback,medium,1,0,0,0,0,1,0.0453989,1,1,1,0,0,0,0.00380619995052467,0,0,0
close_coherent_pair,8,13,2,1,1,0,0.5,-0.25,0.25,0,0,1,0.000788589515198971,0.00866794417735697,0,1,0,0.25,-0.25,0.25,1,1,1,1,1,1,48,12,1,11,127084.780408648,0,level2_rank1_fallback,medium,1,0,0,0,0,1,0.0431975,1,1,1,0,0,0,0.00866794417735697,0,0,0
close_coherent_pair,8,14,2,1,1,0,0.5,-0.25,0.25,0,0,1,-0.00245774866428047,-0.00136526073425023,0,1,0,0.25,-0.25,0.25,1,1,1,1,1,1,48,12,1,12,127570.39927101,0,low_confidence,low,0,0,0,1,0,1,0.2921856,1,1,1,1,0,0,-0.00136526073425023,0,0,0
close_coherent_pair,8,15,2,1,1,0,0.5,-0.25,0.25,0,0,1,0.00386426831566641,0.000413245883252738,0,1,0,0.25,-0.25,0.25,1,1,1,1,1,1,48,12,1,12,127400.239422486,0,level2_rank1_fallback,medium,1,0,0,0,0,1,0.0515803,1,1,1,0,0,0,0.000413245883252738,0,0,0
close_coherent_pair,8,16,2,1,1,0,0.5,-0.25,0.25,0,0,1,0.000530217913448706,0.00298918044472579,0,1,0,0.25,-0.25,0.25,1,1,1,1,1,1,48,12,1,10,126819.75011736,0,level2_rank1_fallback,medium,1,0,0,0,0,1,0.047776,1,1,1,0,0,0,0.00298918044472579,0,0,0
close_coherent_pair,8,17,2,1,1,0,0.5,-0.25,0.25,0,0,1,-0.00116183089217737,0.00555320430624808,0,1,0,0.25,-0.25,0.25,1,1,1,1,1,1,48,12,1,12,127180.87793309,0,level2_rank1_fallback,medium,1,0,0,0,0,1,0.0410489,1,1,1,0,0,0,0.00555320430624808,0,0,0
close_coherent_pair,8,18,2,1,1,0,0.5,-0.25,0.25,0,0,1,-0.000295676605240764,-0.00687333213629578,0,1,0,0.25,-0.25,0.25,1,1,1,1,1,1,48,12,1,12,127329.928495661,0,level2_rank1_fallback,medium,1,0,0,0,0,1,0.0446995,1,1,1,0,0,0,-0.00687333213629578,0,0,0
close_coherent_pair,8,19,2,1,1,0,0.5,-0.25,0.25,0,0,1,0.00171160196114355,-0.00095747436854884,0,1,0,0.25,-0.25,0.25,1,1,1,1,1,1,48,12,1,12,127680.333183835,0,level2_rank1_fallback,medium,1,0,0,0,0,1,0.0539649,1,1,1,0,0,0,-0.00095747436854884,0,0,0
close_coherent_pair,8,20,2,1,1,0,0.5,-0.25,0.25,0,0,1,0.00202125417517897,0.00383433732175368,0,1,0,0.25,-0.25,0.25,1,1,1,1,1,1,48,12,1,12,128560.67153484,0,level2_rank1_fallback,medium,1,0,0,0,0,1,0.0664071,1,1,1,0,0,0,0.00383433732175368,0,0,0
close_coherent_pair,8,21,2,1,1,0,0.5,-0.25,0.25,0,0,1,0.000401074724189792,0.000833890130174006,0,1,0,0.25,-0.25,0.25,1,1,1,1,1,1,48,12,1,12,127219.126805663,0,level2_rank1_fallback,medium,1,0,0,0,0,1,0.0544716,1,1,1,0,0,0,0.000833890130174006,0,0,0
close_coherent_pair,8,22,2,1,1,0,0.5,-0.25,0.25,0,0,1,0.00160121010831978,0.00275790578379222,0,1,0,0.25,-0.25,0.25,1,1,1,1,1,1,48,12,1,12,127280.313456923,0,level2_rank1_fallback,medium,1,0,0,0,0,1,0.0486381,1,1,1,0,0,0,0.00275790578379222,0,0,0
close_coherent_pair,8,23,2,1,1,0,0.5,-0.25,0.25,0,0,1,0.00062129053740741,-0.000626554815555682,0,1,0,0.25,-0.25,0.25,1,1,1,1,1,1,48,12,1,12,128092.088003597,0,level2_rank1_fallback,medium,1,0,0,0,0,1,0.0523114,1,1,1,0,0,0,-0.000626554815555682,0,0,0
close_coherent_pair,8,24,2,1,1,0,0.5,-0.25,0.25,0,0,1,0.000293389099546862,-0.00466329737809402,0,1,0,0.25,-0.25,0.25,1,1,1,1,1,1,48,12,1,12,126948.29619726,0,level2_rank1_fallback,medium,1,0,0,0,0,1,0.0501758,1,1,1,0,0,0,-0.00466329737809402,0,0,0
close_coherent_pair,8,25,2,1,1,0,0.5,-0.25,0.25,0,0,1,0.00416033948015011,0.000805483690535608,0,1,0,0.25,-0.25,0.25,1,1,1,1,1,1,48,12,1,11,127181.106067555,0,level2_rank1_fallback,medium,1,0,0,0,0,1,0.0502479,1,1,1,0,0,0,0.000805483690535608,0,0,0
close_coherent_pair,8,26,2,1,1,0,0.5,-0.25,0.25,0,0,1,0.000851737034886235,0.00269699264031541,0,1,0,0.25,-0.25,0.25,1,1,1,1,1,1,48,12,1,11,127709.456983151,0,level2_rank1_fallback,medium,1,0,0,0,0,1,0.0551784,1,1,1,0,0,0,0.00269699264031541,0,0,0
close_coherent_pair,8,27,2,1,1,0,0.5,-0.25,0.25,0,0,1,-0.00434138825402339,0.0033764980086081,0,1,0,0.25,-0.25,0.25,1,1,1,1,1,1,48,12,1,12,127482.795154401,0,level2_rank1_fallback,medium,1,0,0,0,0,1,0.0470654,1,1,1,0,0,0,0.0033764980086081,0,0,0
close_coherent_pair,8,28,2,1,1,0,0.5,-0.25,0.25,0,0,1,-0.00242996142819017,-0.00532098396414639,0,1,0,0.25,-0.25,0.25,1,1,1,1,1,1,48,12,1,12,127284.501885439,0,level2_rank1_fallback,medium,1,0,0,0,0,1,0.0461747,1,1,1,0,0,0,-0.00532098396414639,0,0,0
close_coherent_pair,8,29,2,1,1,0,0.5,-0.25,0.25,0,0,1,-0.000470092620474081,-0.00511838040972581,0,1,0,0.25,-0.25,0.25,1,1,1,1,1,1,48,12,1,11,126956.630773049,0,level2_rank1_fallback,medium,1,0,0,0,0,1,0.0586006,1,1,1,0,0,0,-0.00511838040972581,0,0,0
close_coherent_pair,8,30,2,1,1,0,0.5,-0.25,0.25,0,0,1,-0.000571179596703634,-0.00409345542412672,0,1,0,0.25,-0.25,0.25,1,1,1,1,1,1,48,12,1,11,127096.254012073,0,level2_rank1_fallback,medium,1,0,0,0,0,1,0.0526691,1,1,1,0,0,0,-0.00409345542412672,0,0,0
close_coherent_pair,16,1,2,1,1,0,0.5,-0.25,0.25,0,0,1,0.000968937114774909,0.00117296094298749,0,1,0,0.25,-0.25,0.25,1,1,1,1,1,1,48,12,1,23,127466.869911041,0,level2_rank1_fallback,medium,1,0,0,0,0,1,0.0420278,1,1,1,0,0,0,0.00117296094298749,0,0,0
close_coherent_pair,16,2,2,1,1,0,0.5,-0.25,0.25,0,0,1,-0.000596679943695661,-0.000488223657488253,0,1,0,0.25,-0.25,0.25,1,1,1,1,1,1,48,12,1,22,127169.182691612,0,level2_music_or_center_real,medium,0,0,0,0,0,1,0.0497504,1,1,0,0,0,0,-0.000488223657488253,0,0,0
close_coherent_pair,16,3,2,1,1,0,0.5,-0.25,0.25,0,0,1,0.00150794094069919,-0.00228400520976866,0,1,0,0.25,-0.25,0.25,1,1,1,1,1,1,48,12,1,20,127291.334396677,0,level2_rank1_fallback,medium,1,0,0,0,0,1,0.0485584,1,1,1,0,0,0,-0.00228400520976866,0,0,0
close_coherent_pair,16,4,2,1,1,0,0.5,-0.25,0.25,0,0,1,0.000357827001271416,3.72118771323022e-05,0,1,0,0.25,-0.25,0.25,1,1,1,1,1,1,48,12,1,23,127216.992470247,0,level2_rank1_fallback,medium,1,0,0,0,0,1,0.0526908,1,1,1,0,0,0,3.72118771323022e-05,0,0,0
close_coherent_pair,16,5,2,1,1,0,0.5,-0.25,0.25,0,0,1,-0.000265982311866762,-0.000153814318075659,0,1,0,0.25,-0.25,0.25,1,1,1,1,1,1,48,12,1,19,127281.365844035,0,common_el_refocus_power_rank1,medium,1,0,0,0,0,1,0.0467616,1,1,0,0,0,0,-0.000153814318075659,0,0,0
close_coherent_pair,16,6,2,1,1,0,0.5,-0.25,0.25,0,0,1,-0.000370591725256069,0.00076747229576412,0,1,0,0.25,-0.25,0.25,1,1,1,1,1,1,48,12,1,20,127305.502485514,0,level2_rank1_fallback,medium,1,0,0,0,0,1,0.0501091,1,1,1,0,0,0,0.00076747229576412,0,0,0
close_coherent_pair,16,7,2,1,1,0,0.5,-0.25,0.25,0,0,1,0.000528507883423955,0.00160157819793815,0,1,0,0.25,-0.25,0.25,1,1,1,1,1,1,48,12,1,21,127313.934356976,0,common_el_refocus_power_rank1,medium,1,0,0,0,0,1,0.0496732,1,1,0,0,0,0,0.00160157819793815,0,0,0
close_coherent_pair,16,8,2,1,1,0,0.5,-0.25,0.25,0,0,1,0.000824941343284016,0.00135691642257633,0,1,0,0.25,-0.25,0.25,1,1,1,1,1,1,48,12,1,21,127303.820111339,0,common_el_refocus_power_rank1,medium,1,0,0,0,0,1,0.0447786,1,1,0,0,0,0,0.00135691642257633,0,0,0
close_coherent_pair,16,9,2,1,1,0,0.5,-0.25,0.25,0,0,1,-0.00204678224737807,-0.000719235189675685,0,1,0,0.25,-0.25,0.25,1,1,1,1,1,1,48,12,1,20,127462.84291213,0,level2_rank1_fallback,medium,1,0,0,0,0,1,0.0483795,1,1,1,0,0,0,-0.000719235189675685,0,0,0
close_coherent_pair,16,10,2,1,1,0,0.5,-0.25,0.25,0,0,1,-3.80597819302824e-05,-0.000707806371326505,0,1,0,0.25,-0.25,0.25,1,1,1,1,1,1,48,12,1,20,127349.637693173,0,level2_rank1_fallback,medium,1,0,0,0,0,1,0.0539452,1,1,1,0,0,0,-0.000707806371326505,0,0,0
close_coherent_pair,16,11,2,1,1,0,0.5,-0.25,0.25,0,0,1,-0.000347879919706008,0.00105704539960724,0,1,0,0.25,-0.25,0.25,1,1,1,1,1,1,48,12,1,19,127238.492496843,0,common_el_refocus_power_rank1,medium,1,0,0,0,0,1,0.0498223,1,1,0,0,0,0,0.00105704539960724,0,0,0
close_coherent_pair,16,12,2,1,1,0,0.5,-0.25,0.25,0,0,1,1.14426851731174e-05,-0.00128917526455866,0,1,0,0.25,-0.25,0.25,1,1,1,1,1,1,48,12,1,23,127447.256504195,0,level2_rank1_fallback,medium,1,0,0,0,0,1,0.0472722,1,1,1,0,0,0,-0.00128917526455866,0,0,0
close_coherent_pair,16,13,2,1,1,0,0.5,-0.25,0.25,0,0,1,-0.0007746692917522,-0.000100214310747956,0,1,0,0.25,-0.25,0.25,1,1,1,1,1,1,48,12,1,22,127362.332516296,0,level2_rank1_fallback,medium,1,0,0,0,0,1,0.063988,1,1,1,0,0,0,-0.000100214310747956,0,0,0
close_coherent_pair,16,14,2,1,1,0,0.5,-0.25,0.25,0,0,1,-0.000934464883504085,7.68943280755631e-06,0,1,0,0.25,-0.25,0.25,1,1,1,1,1,1,48,12,1,24,127347.370678771,0,level2_rank1_fallback,medium,1,0,0,0,0,1,0.044938,1,1,1,0,0,0,7.68943280755631e-06,0,0,0
close_coherent_pair,16,15,2,1,1,0,0.5,-0.25,0.25,0,0,1,-0.000368390013050898,-0.000321834836112193,0,1,0,0.25,-0.25,0.25,1,1,1,1,1,1,48,12,1,17,127381.911799054,0,level2_music_or_center_real,medium,0,0,0,0,0,1,0.041678,1,1,0,0,0,0,-0.000321834836112193,0,0,0
close_coherent_pair,16,16,2,1,1,0,0.5,-0.25,0.25,0,0,1,-0.000470807988132339,-1.53024803575204e-05,0,1,0,0.25,-0.25,0.25,1,1,1,1,1,1,48,12,1,20,127465.58956305,0,low_confidence,low,0,0,0,1,0,1,0.3173098,1,1,1,1,0,0,-1.53024803575204e-05,0,0,0
close_coherent_pair,16,17,2,1,1,0,0.5,-0.25,0.25,0,0,1,-0.000492047802289076,0.00119601332709138,0,1,0,0.25,-0.25,0.25,1,1,1,1,1,1,48,12,1,22,127405.522866338,0,level2_rank1_fallback,medium,1,0,0,0,0,1,0.0458239,1,1,1,0,0,0,0.00119601332709138,0,0,0
close_coherent_pair,16,18,2,1,1,0,0.5,-0.25,0.25,0,0,1,7.51652097836491e-05,0.000237892857425063,0,1,0,0.25,-0.25,0.25,1,1,1,1,1,1,48,12,1,25,126932.709274814,0,common_el_refocus_power_rank1,medium,1,0,0,0,0,1,0.0423244,1,1,0,0,0,0,0.000237892857425063,0,0,0
close_coherent_pair,16,19,2,1,1,0,0.5,-0.25,0.25,0,0,1,-0.000586805033293294,-7.01005183145105e-05,0,1,0,0.25,-0.25,0.25,1,1,1,1,1,1,48,12,1,21,127154.121425734,0,level2_rank1_fallback,medium,1,0,0,0,0,1,0.0478236,1,1,1,0,0,0,-7.01005183145105e-05,0,0,0
close_coherent_pair,16,20,2,1,1,0,0.5,-0.25,0.25,0,0,1,0.000549558868065286,-0.000334756616196807,0,1,0,0.25,-0.25,0.25,1,1,1,1,1,1,48,12,1,17,127412.777817756,0,level2_rank1_fallback,medium,1,0,0,0,0,1,0.04539,1,1,1,0,0,0,-0.000334756616196807,0,0,0
close_coherent_pair,16,21,2,1,1,0,0.5,-0.25,0.25,0,0,1,0.00033832904448652,-0.000582969944341913,0,1,0,0.25,-0.25,0.25,1,1,1,1,1,1,48,12,1,20,127317.583881431,0,low_confidence,low,0,0,0,1,0,1,0.3176254,1,1,1,1,0,0,-0.000582969944341913,0,0,0
close_coherent_pair,16,22,2,1,1,0,0.5,-0.25,0.25,0,0,1,-0.000855552843569353,-3.95655480464359e-05,0,1,0,0.25,-0.25,0.25,1,1,1,1,1,1,48,12,1,20,127409.371596865,0,level2_rank1_fallback,medium,1,0,0,0,0,1,0.0436586,1,1,1,0,0,0,-3.95655480464359e-05,0,0,0
close_coherent_pair,16,23,2,1,1,0,0.5,-0.25,0.25,0,0,1,0.000992401365153654,0.003039668416815,0,1,0,0.25,-0.25,0.25,1,1,1,1,1,1,48,12,1,19,127313.597450455,0,level2_rank1_fallback,medium,1,0,0,0,0,1,0.0455227,1,1,1,0,0,0,0.003039668416815,0,0,0
close_coherent_pair,16,24,2,1,1,0,0.5,-0.25,0.25,0,0,1,7.38953715293267e-05,-0.00069230465432181,0,1,0,0.25,-0.25,0.25,1,1,1,1,1,1,48,12,1,19,127651.213029999,0,low_confidence,low,0,0,0,1,0,1,0.3082014,1,1,1,1,0,0,-0.00069230465432181,0,0,0
close_coherent_pair,16,25,2,1,1,0,0.5,-0.25,0.25,0,0,1,0.000424292237342537,9.1421320069727e-05,0,1,0,0.25,-0.25,0.25,1,1,1,1,1,1,48,12,1,22,127440.73850373,0,level2_rank1_fallback,medium,1,0,0,0,0,1,0.0537025,1,1,1,0,0,0,9.1421320069727e-05,0,0,0
close_coherent_pair,16,26,2,1,1,0,0.5,-0.25,0.25,0,0,1,0.00010116538044227,-0.00184634947282511,0,1,0,0.25,-0.25,0.25,1,1,1,1,1,1,48,12,1,22,127217.113742537,0,level2_rank1_fallback,medium,1,0,0,0,0,1,0.0516478,1,1,1,0,0,0,-0.00184634947282511,0,0,0
close_coherent_pair,16,27,2,1,1,0,0.5,-0.25,0.25,0,0,1,0.000563751238117161,-0.000684268134319982,0,1,0,0.25,-0.25,0.25,1,1,1,1,1,1,48,12,1,20,126978.212364256,0,level2_rank1_fallback,medium,1,0,0,0,0,1,0.0476763,1,1,1,0,0,0,-0.000684268134319982,0,0,0
close_coherent_pair,16,28,2,1,1,0,0.5,-0.25,0.25,0,0,1,0.000344928432494205,-0.000650465194362099,0,1,0,0.25,-0.25,0.25,1,1,1,1,1,1,48,12,1,21,127313.30589786,0,level2_rank1_fallback,medium,1,0,0,0,0,1,0.0476722,1,1,1,0,0,0,-0.000650465194362099,0,0,0
close_coherent_pair,16,29,2,1,1,0,0.5,-0.25,0.25,0,0,1,0.000520348532965551,-0.000581955762663108,0,1,0,0.25,-0.25,0.25,1,1,1,1,1,1,48,12,1,21,127513.511433925,0,level2_rank1_fallback,medium,1,0,0,0,0,1,0.0515832,1,1,1,0,0,0,-0.000581955762663108,0,0,0
close_coherent_pair,16,30,2,1,1,0,0.5,-0.25,0.25,0,0,1,1.49515931263494e-05,-0.000842214552192118,0,1,0,0.25,-0.25,0.25,1,1,1,1,1,1,48,12,1,20,127435.188079401,0,level2_music_or_center_real,medium,0,0,0,0,0,1,0.0447023,1,1,0,0,0,0,-0.000842214552192118,0,0,0
close_coherent_pair,8,1,2,1,1,0,0.5,0.21875,0.71875,0,0,1,0.471392968832228,0.00199045657235821,0,1,-0.46875,-0.21875,0.21875,0.71875,1,1,1,1,1,1,48,12,1,12,127343.5566033,0,level2_rank1_fallback,medium,1,0,0,0,0,1,0.0456543,1,1,1,0,0,0,0.00199045657235821,0,0,0
close_coherent_pair,8,2,2,1,1,0,0.5,0.21875,0.71875,0,0,1,0.469381199139971,0.00506290044127243,0,1,-0.46875,-0.21875,0.21875,0.71875,1,1,1,1,1,1,48,12,1,12,127131.310536211,0,level2_rank1_fallback,medium,1,0,0,0,0,1,0.0481136,1,1,1,0,0,0,0.00506290044127243,0,0,0
close_coherent_pair,8,3,2,1,1,0,0.5,0.21875,0.71875,0,0,1,0.470386623683444,-0.00325811274862502,0,1,-0.46875,-0.21875,0.21875,0.71875,1,1,1,1,1,1,48,12,1,12,127258.868343838,0,low_confidence,low,0,0,0,1,0,1,0.3275854,1,1,1,1,0,0,-0.00325811274862502,0,0,0
close_coherent_pair,8,4,2,1,1,0,0.5,0.21875,0.71875,0,0,1,0.46829180999418,-0.00253561937180821,0,1,-0.46875,-0.21875,0.21875,0.71875,1,1,1,1,1,1,48,12,1,12,127790.905296803,0,level2_rank1_fallback,medium,1,0,0,0,0,1,0.0489236,1,1,1,0,0,0,-0.00253561937180821,0,0,0
close_coherent_pair,8,5,2,1,1,0,0.5,0.21875,0.71875,0,0,1,0.467645488990028,0.00149362455178182,0,1,-0.46875,-0.21875,0.21875,0.71875,1,1,1,1,1,1,48,12,1,12,127230.51995296,0,level2_rank1_fallback,medium,1,0,0,0,0,1,0.0434569,1,1,1,0,0,0,0.00149362455178182,0,0,0
close_coherent_pair,8,6,2,1,1,0,0.5,0.21875,0.71875,0,0,1,0.469032105863841,-3.50501188208725e-05,0,1,-0.46875,-0.21875,0.21875,0.71875,1,1,1,1,1,1,48,12,1,11,126934.886672386,0,low_confidence,low,0,0,0,1,0,1,0.2996375,1,1,1,1,0,0,-3.50501188208725e-05,0,0,0
close_coherent_pair,8,7,2,1,1,0,0.5,0.21875,0.71875,0,0,1,0.466266485254701,-0.00402546945600521,0,1,-0.46875,-0.21875,0.21875,0.71875,1,1,1,1,1,1,48,12,1,12,127262.212076814,0,level2_rank1_fallback,medium,1,0,0,0,0,1,0.0456012,1,1,1,0,0,0,-0.00402546945600521,0,0,0
close_coherent_pair,8,8,2,1,1,0,0.5,0.21875,0.71875,0,0,1,0.467612547632522,0.00104137118569664,0,1,-0.46875,-0.21875,0.21875,0.71875,1,1,1,1,1,1,48,12,1,12,127512.475724983,0,low_confidence,low,0,0,0,1,0,1,0.3152141,1,1,1,1,0,0,0.00104137118569664,0,0,0
close_coherent_pair,8,9,2,1,1,0,0.5,0.21875,0.71875,0,0,1,0.469668122458647,0.0071712641934725,0,1,-0.46875,-0.21875,0.21875,0.71875,1,1,1,1,1,1,48,12,1,12,128485.258007612,0,level2_rank1_fallback,medium,1,0,0,0,0,1,0.04921,1,1,1,0,0,0,0.0071712641934725,0,0,0
close_coherent_pair,8,10,2,1,1,0,0.5,0.21875,0.71875,0,0,1,0.467627887524976,-0.003792699056518,0,1,-0.46875,-0.21875,0.21875,0.71875,1,1,1,1,1,1,48,12,1,12,127559.96570134,0,level2_rank1_fallback,medium,1,0,0,0,0,1,0.0530606,1,1,1,0,0,0,-0.003792699056518,0,0,0
close_coherent_pair,8,11,2,1,1,0,0.5,0.21875,0.71875,0,0,1,0.464581014005524,0.00286016657460209,0,1,-0.46875,-0.21875,0.21875,0.71875,1,1,1,1,1,1,48,12,1,12,127223.873836066,0,level2_rank1_fallback,medium,1,0,0,0,0,1,0.0545719,1,1,1,0,0,0,0.00286016657460209,0,0,0
close_coherent_pair,8,12,2,1,1,0,0.5,0.21875,0.71875,0,0,1,0.467566091879791,0.00402803000997774,0,1,-0.46875,-0.21875,0.21875,0.71875,1,1,1,1,1,1,48,12,1,12,126878.650349645,0,level2_rank1_fallback,medium,1,0,0,0,0,1,0.0473179,1,1,1,0,0,0,0.00402803000997774,0,0,0
close_coherent_pair,8,13,2,1,1,0,0.5,0.21875,0.71875,0,0,1,0.466468502782685,0.00418374580648626,0,1,-0.46875,-0.21875,0.21875,0.71875,1,1,1,1,1,1,48,12,1,12,127247.467996449,0,level2_rank1_fallback,medium,1,0,0,0,0,1,0.0494488,1,1,1,0,0,0,0.00418374580648626,0,0,0
close_coherent_pair,8,14,2,1,1,0,0.5,0.21875,0.71875,0,0,1,0.470549722217951,0.00213227787603489,0,1,-0.46875,-0.21875,0.21875,0.71875,1,1,1,1,1,1,48,12,1,12,127715.833492958,0,level2_rank1_fallback,medium,1,0,0,0,0,1,0.0469546,1,1,1,0,0,0,0.00213227787603489,0,0,0
close_coherent_pair,8,15,2,1,1,0,0.5,0.21875,0.71875,0,0,1,0.466710637212308,0.00397444519299989,0,1,-0.46875,-0.21875,0.21875,0.71875,1,1,1,1,1,1,48,12,1,12,126828.735284832,0,low_confidence,low,0,0,0,1,0,1,0.3267214,1,1,1,1,0,0,0.00397444519299989,0,0,0
close_coherent_pair,8,16,2,1,1,0,0.5,0.21875,0.71875,0,0,1,0.469579300485624,-0.00511983610406285,0,1,-0.46875,-0.21875,0.21875,0.71875,1,1,1,1,1,1,48,12,1,12,127640.789831404,0,low_confidence,low,0,0,0,1,0,1,0.3049323,1,1,1,1,0,0,-0.00511983610406285,0,0,0
close_coherent_pair,8,17,2,1,1,0,0.5,0.21875,0.71875,0,0,1,0.469903687182464,0.000650241481910445,0,1,-0.46875,-0.21875,0.21875,0.71875,1,1,1,1,1,1,48,12,1,11,127138.297177567,0,low_confidence,low,0,0,0,1,0,1,0.423652,1,1,1,1,0,0,0.000650241481910445,0,0,0
close_coherent_pair,8,18,2,1,1,0,0.5,0.21875,0.71875,0,0,1,0.467033417461386,0.00218695377115052,0,1,-0.46875,-0.21875,0.21875,0.71875,1,1,1,1,1,1,48,12,1,11,126605.464604822,0,low_confidence,low,0,0,0,1,0,1,0.3602989,1,1,1,1,0,0,0.00218695377115052,0,0,0
close_coherent_pair,8,19,2,1,1,0,0.5,0.21875,0.71875,0,0,1,0.465473360708233,-0.0056643556082673,0,1,-0.46875,-0.21875,0.21875,0.71875,1,1,1,1,1,1,48,12,1,11,127157.243758036,0,low_confidence,low,0,0,0,1,0,1,0.461557,1,1,1,1,0,0,-0.0056643556082673,0,0,0
close_coherent_pair,8,20,2,1,1,0,0.5,0.21875,0.71875,0,0,1,0.468588433404642,0.00400689264795747,0,1,-0.46875,-0.21875,0.21875,0.71875,1,1,1,1,1,1,48,12,1,12,127395.516121857,0,level2_rank1_fallback,medium,1,0,0,0,0,1,0.0572238,1,1,1,0,0,0,0.00400689264795747,0,0,0
close_coherent_pair,8,21,2,1,1,0,0.5,0.21875,0.71875,0,0,1,0.467109628925162,0.00111670788800039,0,1,-0.46875,-0.21875,0.21875,0.71875,1,1,1,1,1,1,48,12,1,12,126933.44019324,0,level2_rank1_fallback,medium,1,0,0,0,0,1,0.0600755,1,1,1,0,0,0,0.00111670788800039,0,0,0
close_coherent_pair,8,22,2,1,1,0,0.5,0.21875,0.71875,0,0,1,0.471382262718677,-0.00274735748272977,0,1,-0.46875,-0.21875,0.21875,0.71875,1,1,1,1,1,1,48,12,1,11,127138.800084845,0,level2_rank1_fallback,medium,1,0,0,0,0,1,0.0615397,1,1,1,0,0,0,-0.00274735748272977,0,0,0
close_coherent_pair,8,23,2,1,1,0,0.5,0.21875,0.71875,0,0,1,0.465939569124887,0.00167664020336792,0,1,-0.46875,-0.21875,0.21875,0.71875,1,1,1,1,1,1,48,12,1,12,127496.947710328,0,level2_rank1_fallback,medium,1,0,0,0,0,1,0.0677048,1,1,1,0,0,0,0.00167664020336792,0,0,0
close_coherent_pair,8,24,2,1,1,0,0.5,0.21875,0.71875,0,0,1,0.466785699181613,0.00296839252688439,0,1,-0.46875,-0.21875,0.21875,0.71875,1,1,1,1,1,1,48,12,1,11,127638.370870841,0,level2_rank1_fallback,medium,1,0,0,0,0,1,0.0794494,1,1,1,0,0,0,0.00296839252688439,0,0,0
close_coherent_pair,8,25,2,1,1,0,0.5,0.21875,0.71875,0,0,1,0.471701110066883,0.00110987789415205,0,1,-0.46875,-0.21875,0.21875,0.71875,1,1,1,1,1,1,48,12,1,12,127342.747025444,0,level2_rank1_fallback,medium,1,0,0,0,0,1,0.06437,1,1,1,0,0,0,0.00110987789415205,0,0,0
close_coherent_pair,8,26,2,1,1,0,0.5,0.21875,0.71875,0,0,1,0.468017522811197,0.00516713522351956,0,1,-0.46875,-0.21875,0.21875,0.71875,1,1,1,1,1,1,48,12,1,12,127245.263324534,0,level2_rank1_fallback,medium,1,0,0,0,0,1,0.0564756,1,1,1,0,0,0,0.00516713522351956,0,0,0
close_coherent_pair,8,27,2,1,1,0,0.5,0.21875,0.71875,0,0,1,0.470084236828293,-0.00526167936320949,0,1,-0.46875,-0.21875,0.21875,0.71875,1,1,1,1,1,1,48,12,1,12,127719.486471773,0,level2_rank1_fallback,medium,1,0,0,0,0,1,0.0612993,1,1,1,0,0,0,-0.00526167936320949,0,0,0
close_coherent_pair,8,28,2,1,1,0,0.5,0.21875,0.71875,0,0,1,0.471370819477799,-0.00179597294523938,0,1,-0.46875,-0.21875,0.21875,0.71875,1,1,1,1,1,1,48,12,1,12,127311.0666331,0,level2_rank1_fallback,medium,1,0,0,0,0,1,0.052544,1,1,1,0,0,0,-0.00179597294523938,0,0,0
close_coherent_pair,8,29,2,1,1,0,0.5,0.21875,0.71875,0,0,1,0.470723150867692,-0.00547910787427674,0,1,-0.46875,-0.21875,0.21875,0.71875,1,1,1,1,1,1,48,12,1,12,127286.155471588,0,level2_rank1_fallback,medium,1,0,0,0,0,1,0.058515,1,1,1,0,0,0,-0.00547910787427674,0,0,0
close_coherent_pair,8,30,2,1,1,0,0.5,0.21875,0.71875,0,0,1,0.46828596998133,0.000784055156102268,0,1,-0.46875,-0.21875,0.21875,0.71875,1,1,1,1,1,1,48,12,1,11,127531.037095069,0,low_confidence,low,0,0,0,1,0,1,0.3396499,1,1,1,1,0,0,0.000784055156102268,0,0,0
close_coherent_pair,16,1,2,1,1,0,0.5,0.21875,0.71875,0,0,1,0.468518039238655,0.00073065596878479,0,1,-0.46875,-0.21875,0.21875,0.71875,1,1,1,1,1,1,48,12,1,20,127613.955637244,0,level2_rank1_fallback,medium,1,0,0,0,0,1,0.0476242,1,1,1,0,0,0,0.00073065596878479,0,0,0
close_coherent_pair,16,2,2,1,1,0,0.5,0.21875,0.71875,0,0,1,0.469285881687581,0.000235415998416431,0,1,-0.46875,-0.21875,0.21875,0.71875,1,1,1,1,1,1,48,12,1,25,127576.758153478,0,level2_rank1_fallback,medium,1,0,0,0,0,1,0.06151,1,1,1,0,0,0,0.000235415998416431,0,0,0
close_coherent_pair,16,3,2,1,1,0,0.5,0.21875,0.71875,0,0,1,0.467742606865183,-0.00171822291952316,0,1,-0.46875,-0.21875,0.21875,0.71875,1,1,1,1,1,1,48,12,1,21,127409.217963578,0,level2_rank1_fallback,medium,1,0,0,0,0,1,0.0764421,1,1,1,0,0,0,-0.00171822291952316,0,0,0
close_coherent_pair,16,4,2,1,1,0,0.5,0.21875,0.71875,0,0,1,0.468215692474933,0.000804792693031092,0,1,-0.46875,-0.21875,0.21875,0.71875,1,1,1,1,1,1,48,12,1,22,127276.914795683,0,level2_rank1_fallback,medium,1,0,0,0,0,1,0.0685771,1,1,1,0,0,0,0.000804792693031092,0,0,0
close_coherent_pair,16,5,2,1,1,0,0.5,0.21875,0.71875,0,0,1,0.469402269796833,0.000673234759604073,0,1,-0.46875,-0.21875,0.21875,0.71875,1,1,1,1,1,1,48,12,1,20,127288.334584526,0,level2_rank1_fallback,medium,1,0,0,0,0,1,0.0669919,1,1,1,0,0,0,0.000673234759604073,0,0,0
close_coherent_pair,16,6,2,1,1,0,0.5,0.21875,0.71875,0,0,1,0.467377430881111,0.0010200438278418,0,1,-0.46875,-0.21875,0.21875,0.71875,1,1,1,1,1,1,48,12,1,20,127270.007710549,0,level2_rank1_fallback,medium,1,0,0,0,0,1,0.0571577,1,1,1,0,0,0,0.0010200438278418,0,0,0
close_coherent_pair,16,7,2,1,1,0,0.5,0.21875,0.71875,0,0,1,0.468402527709576,0.00103641596601858,0,1,-0.46875,-0.21875,0.21875,0.71875,1,1,1,1,1,1,48,12,1,21,127298.473556431,0,level2_rank1_fallback,medium,1,0,0,0,0,1,0.0714256,1,1,1,0,0,0,0.00103641596601858,0,0,0
close_coherent_pair,16,8,2,1,1,0,0.5,0.21875,0.71875,0,0,1,0.467868729463227,0.0018965408307208,0,1,-0.46875,-0.21875,0.21875,0.71875,1,1,1,1,1,1,48,12,1,22,127653.955799459,0,level2_rank1_fallback,medium,1,0,0,0,0,1,0.0564947,1,1,1,0,0,0,0.0018965408307208,0,0,0
close_coherent_pair,16,9,2,1,1,0,0.5,0.21875,0.71875,0,0,1,0.467403047367578,9.35271682246738e-05,0,1,-0.46875,-0.21875,0.21875,0.71875,1,1,1,1,1,1,48,12,1,23,127369.712681329,0,low_confidence,low,0,0,0,1,0,1,0.416058,1,1,1,1,0,0,9.35271682246738e-05,0,0,0
close_coherent_pair,16,10,2,1,1,0,0.5,0.21875,0.71875,0,0,1,0.468074540680479,-0.000899384512566407,0,1,-0.46875,-0.21875,0.21875,0.71875,1,1,1,1,1,1,48,12,1,23,127425.428759111,0,level2_rank1_fallback,medium,1,0,0,0,0,1,0.0489602,1,1,1,0,0,0,-0.000899384512566407,0,0,0
close_coherent_pair,16,11,2,1,1,0,0.5,0.21875,0.71875,0,0,1,0.469630072968218,-8.48639642200122e-06,0,1,-0.46875,-0.21875,0.21875,0.71875,1,1,1,1,1,1,48,12,1,19,127247.068269407,0,low_confidence,low,0,0,0,1,0,1,0.3208877,1,1,1,1,0,0,-8.48639642200122e-06,0,0,0
close_coherent_pair,16,12,2,1,1,0,0.5,0.21875,0.71875,0,0,1,0.469883534407981,0.00191435611598825,0,1,-0.46875,-0.21875,0.21875,0.71875,1,1,1,1,1,1,48,12,1,19,127295.887572747,0,low_confidence,low,0,0,0,1,0,1,0.3161768,1,1,1,1,0,0,0.00191435611598825,0,0,0
close_coherent_pair,16,13,2,1,1,0,0.5,0.21875,0.71875,0,0,1,0.4696310783507,0.00109380918556047,0,1,-0.46875,-0.21875,0.21875,0.71875,1,1,1,1,1,1,48,12,1,24,127215.516811832,0,level2_rank1_fallback,medium,1,0,0,0,0,1,0.0473219,1,1,1,0,0,0,0.00109380918556047,0,0,0
close_coherent_pair,16,14,2,1,1,0,0.5,0.21875,0.71875,0,0,1,0.46784914874681,0.00132285493321276,0,1,-0.46875,-0.21875,0.21875,0.71875,1,1,1,1,1,1,48,12,1,22,127229.911684208,0,level2_rank1_fallback,medium,1,0,0,0,0,1,0.0512288,1,1,1,0,0,0,0.00132285493321276,0,0,0
close_coherent_pair,16,15,2,1,1,0,0.5,0.21875,0.71875,0,0,1,0.466970489396846,-0.00153623090959499,0,1,-0.46875,-0.21875,0.21875,0.71875,1,1,1,1,1,1,48,12,1,24,127699.262297004,0,level2_rank1_fallback,medium,1,0,0,0,0,1,0.050532,1,1,1,0,0,0,-0.00153623090959499,0,0,0
close_coherent_pair,16,16,2,1,1,0,0.5,0.21875,0.71875,0,0,1,0.466469836915793,-0.000592114086066453,0,1,-0.46875,-0.21875,0.21875,0.71875,1,1,1,1,1,1,48,12,1,21,127387.836474665,0,level2_rank1_fallback,medium,1,0,0,0,0,1,0.0584976,1,1,1,0,0,0,-0.000592114086066453,0,0,0
close_coherent_pair,16,17,2,1,1,0,0.5,0.21875,0.71875,0,0,1,0.468315679454699,0.000551988201417867,0,1,-0.46875,-0.21875,0.21875,0.71875,1,1,1,1,1,1,48,12,1,16,127430.71696119,0,low_confidence,low,0,0,0,1,0,1,0.303322,1,1,1,1,0,0,0.000551988201417867,0,0,0
close_coherent_pair,16,18,2,1,1,0,0.5,0.21875,0.71875,0,0,1,0.469167193902607,0.000259257053151663,0,1,-0.46875,-0.21875,0.21875,0.71875,1,1,1,1,1,1,48,12,1,21,127398.309174718,0,low_confidence,low,0,0,0,1,0,1,0.649832,1,1,1,1,0,0,0.000259257053151663,0,0,0
close_coherent_pair,16,19,2,1,1,0,0.5,0.21875,0.71875,0,0,1,0.468262611655405,0.00021933413828906,0,1,-0.46875,-0.21875,0.21875,0.71875,1,1,1,1,1,1,48,12,1,18,127026.217742283,0,level2_rank1_fallback,medium,1,0,0,0,0,1,0.0722348,1,1,1,0,0,0,0.00021933413828906,0,0,0
close_coherent_pair,16,20,2,1,1,0,0.5,0.21875,0.71875,0,0,1,0.470399810126406,-0.000138180422897357,0,1,-0.46875,-0.21875,0.21875,0.71875,1,1,1,1,1,1,48,12,1,20,127440.374038228,0,low_confidence,low,0,0,0,1,0,1,0.473228,1,1,1,1,0,0,-0.000138180422897357,0,0,0
close_coherent_pair,16,21,2,1,1,0,0.5,0.21875,0.71875,0,0,1,0.469044934733951,-0.000724900815373656,0,1,-0.46875,-0.21875,0.21875,0.71875,1,1,1,1,1,1,48,12,1,21,127404.593795775,0,level2_rank1_fallback,medium,1,0,0,0,0,1,0.0519129,1,1,1,0,0,0,-0.000724900815373656,0,0,0
close_coherent_pair,16,22,2,1,1,0,0.5,0.21875,0.71875,0,0,1,0.468274204765567,-0.000782547693959917,0,1,-0.46875,-0.21875,0.21875,0.71875,1,1,1,1,1,1,48,12,1,19,127413.274914578,0,level2_rank1_fallback,medium,1,0,0,0,0,1,0.0548518,1,1,1,0,0,0,-0.000782547693959917,0,0,0
close_coherent_pair,16,23,2,1,1,0,0.5,0.21875,0.71875,0,0,1,0.467486201100184,0.00281413204350292,0,1,-0.46875,-0.21875,0.21875,0.71875,1,1,1,1,1,1,48,12,1,20,127324.640155759,0,low_confidence,low,0,0,0,1,0,1,0.377911,1,1,1,1,0,0,0.00281413204350292,0,0,0
close_coherent_pair,16,24,2,1,1,0,0.5,0.21875,0.71875,0,0,1,0.469228905649256,-0.000431019378684434,0,1,-0.46875,-0.21875,0.21875,0.71875,1,1,1,1,1,1,48,12,1,21,127349.277701577,0,level2_rank1_fallback,medium,1,0,0,0,0,1,0.0488571,1,1,1,0,0,0,-0.000431019378684434,0,0,0
close_coherent_pair,16,25,2,1,1,0,0.5,0.21875,0.71875,0,0,1,0.468035777306022,9.11985284875675e-05,0,1,-0.46875,-0.21875,0.21875,0.71875,1,1,1,1,1,1,48,12,1,20,127321.753144737,0,low_confidence,low,0,0,0,1,0,1,0.314505,1,1,1,1,0,0,9.11985284875675e-05,0,0,0
close_coherent_pair,16,26,2,1,1,0,0.5,0.21875,0.71875,0,0,1,0.468602602549768,0.000859931200704388,0,1,-0.46875,-0.21875,0.21875,0.71875,1,1,1,1,1,1,48,12,1,21,127452.959455089,0,low_confidence,low,0,0,0,1,0,1,0.3221836,1,1,1,1,0,0,0.000859931200704388,0,0,0
close_coherent_pair,16,27,2,1,1,0,0.5,0.21875,0.71875,0,0,1,0.468364017131617,-0.000382697995582083,0,1,-0.46875,-0.21875,0.21875,0.71875,1,1,1,1,1,1,48,12,1,22,127269.864791818,0,low_confidence,low,0,0,0,1,0,1,0.3404992,1,1,1,1,0,0,-0.000382697995582083,0,0,0
close_coherent_pair,16,28,2,1,1,0,0.5,0.21875,0.71875,0,0,1,0.469166636908869,-0.000401748281021823,0,1,-0.46875,-0.21875,0.21875,0.71875,1,1,1,1,1,1,48,12,1,21,127238.099889972,0,low_confidence,low,0,0,0,1,0,1,0.3550155,1,1,1,1,0,0,-0.000401748281021823,0,0,0
close_coherent_pair,16,29,2,1,1,0,0.5,0.21875,0.71875,0,0,1,0.469098457991395,-8.43861935410949e-05,0,1,-0.46875,-0.21875,0.21875,0.71875,1,1,1,1,1,1,48,12,1,21,127035.897858475,0,level2_rank1_fallback,medium,1,0,0,0,0,1,0.0763545,1,1,1,0,0,0,-8.43861935410949e-05,0,0,0
close_coherent_pair,16,30,2,1,1,0,0.5,0.21875,0.71875,0,0,1,0.470227633941038,-0.000176858526773716,0,1,-0.46875,-0.21875,0.21875,0.71875,1,1,1,1,1,1,48,12,1,20,127183.392463215,0,low_confidence,low,0,0,0,1,0,1,0.5069561,1,1,1,1,0,0,-0.000176858526773716,0,0,0
close_coherent_pair,8,1,2,1,1,0,0.8,-0.86875,-0.06875,0,0,1,-0.467974829696124,-0.00568676801530691,0,1,0.46875,0.868750000000006,-0.868750000000006,-0.0687499999999943,1,1,1,1,1,1,48,12,1,12,122032.924509973,0,level2_rank1_fallback,medium,1,0,0,0,0,1,0.0647714,1,1,1,0,0,0,-0.00568676801530691,0,0,0
close_coherent_pair,8,2,2,1,1,0,0.8,-0.86875,-0.06875,0,0,1,-0.469784249715455,0.00244777395405718,0,1,0.46875,0.868750000000006,-0.868750000000006,-0.0687499999999943,1,1,1,1,1,1,48,12,1,12,122210.807771265,0,level2_rank1_fallback,medium,1,0,0,0,0,1,0.2070325,1,1,1,0,0,0,0.00244777395405718,0,0,0
close_coherent_pair,8,3,2,1,1,0,0.8,-0.86875,-0.06875,0,0,1,-0.463794499390868,0.000529840951370775,0,1,0.46875,0.868750000000006,-0.868750000000006,-0.0687499999999943,1,1,1,1,1,1,48,12,1,12,121552.520015972,0,level2_rank1_fallback,medium,1,0,0,0,0,1,0.103894,1,1,1,0,0,0,0.000529840951370775,0,0,0
close_coherent_pair,8,4,2,1,1,0,0.8,-0.86875,-0.06875,0,0,1,-0.468336912050024,-0.000513460219550473,0,1,0.46875,0.868750000000006,-0.868750000000006,-0.0687499999999943,1,1,1,1,1,1,48,12,1,12,122605.963811183,0,level2_rank1_fallback,medium,1,0,0,0,0,1,0.0551021,1,1,1,0,0,0,-0.000513460219550473,0,0,0
close_coherent_pair,8,5,2,1,1,0,0.8,-0.86875,-0.06875,0,0,1,-0.467081531517717,-0.00279604775595618,0,1,0.46875,0.868750000000006,-0.868750000000006,-0.0687499999999943,1,1,1,1,1,1,48,12,1,12,121517.794350036,0,level2_rank1_fallback,medium,1,0,0,0,0,1,0.0590912,1,1,1,0,0,0,-0.00279604775595618,0,0,0
close_coherent_pair,8,6,2,1,1,0,0.8,-0.86875,-0.06875,0,0,1,-0.470809561867494,-0.00644032036503396,0,1,0.46875,0.868750000000006,-0.868750000000006,-0.0687499999999943,1,1,1,1,1,1,48,12,1,12,121361.527090971,0,level2_rank1_fallback,medium,1,0,0,0,0,1,0.0502037,1,1,1,0,0,0,-0.00644032036503396,0,0,0
close_coherent_pair,8,7,2,1,1,0,0.8,-0.86875,-0.06875,0,0,1,-0.466781247737357,0.00114584988285296,0,1,0.46875,0.868750000000006,-0.868750000000006,-0.0687499999999943,1,1,1,1,1,1,48,12,1,11,121984.451099647,0,low_confidence,low,0,0,0,1,0,1,0.3074,1,1,1,1,0,0,0.00114584988285296,0,0,0
close_coherent_pair,8,8,2,1,1,0,0.8,-0.86875,-0.06875,0,0,1,-0.467695660019706,-0.00333055400007006,0,1,0.46875,0.868750000000006,-0.868750000000006,-0.0687499999999943,1,1,1,1,1,1,48,12,1,11,122179.727962593,0,level2_rank1_fallback,medium,1,0,0,0,0,1,0.0471244,1,1,1,0,0,0,-0.00333055400007006,0,0,0
close_coherent_pair,8,9,2,1,1,0,0.8,-0.86875,-0.06875,0,0,1,-0.470847437481528,0.00204203805945036,0,1,0.46875,0.868750000000006,-0.868750000000006,-0.0687499999999943,1,1,1,1,1,1,48,12,1,12,122294.575850047,0,level2_rank1_fallback,medium,1,0,0,0,0,1,0.0383619,1,1,1,0,0,0,0.00204203805945036,0,0,0
close_coherent_pair,8,10,2,1,1,0,0.8,-0.86875,-0.06875,0,0,1,-0.468557381017987,-0.00186437529468233,0,1,0.46875,0.868750000000006,-0.868750000000006,-0.0687499999999943,1,1,1,1,1,1,48,12,1,12,122386.583266068,0,level2_rank1_fallback,medium,1,0,0,0,0,1,0.0408822,1,1,1,0,0,0,-0.00186437529468233,0,0,0
close_coherent_pair,8,11,2,1,1,0,0.8,-0.86875,-0.06875,0,0,1,-0.467512327371925,-0.00414563506487382,0,1,0.46875,0.868750000000006,-0.868750000000006,-0.0687499999999943,1,1,1,1,1,1,48,12,1,12,121713.164057505,0,level2_rank1_fallback,medium,1,0,0,0,0,1,0.0586595,1,1,1,0,0,0,-0.00414563506487382,0,0,0
close_coherent_pair,8,12,2,1,1,0,0.8,-0.86875,-0.06875,0,0,1,-0.468302458276822,-0.00270346546408244,0,1,0.46875,0.868750000000006,-0.868750000000006,-0.0687499999999943,1,1,1,1,1,1,48,12,1,12,121717.368188872,0,level2_rank1_fallback,medium,1,0,0,0,0,1,0.0423604,1,1,1,0,0,0,-0.00270346546408244,0,0,0
close_coherent_pair,8,13,2,1,1,0,0.8,-0.86875,-0.06875,0,0,1,-0.465864771174904,-0.0019163551551662,0,1,0.46875,0.868750000000006,-0.868750000000006,-0.0687499999999943,1,1,1,1,1,1,48,12,1,11,122567.569451721,0,level2_rank1_fallback,medium,1,0,0,0,0,1,0.0355909,1,1,1,0,0,0,-0.0019163551551662,0,0,0
close_coherent_pair,8,14,2,1,1,0,0.8,-0.86875,-0.06875,0,0,1,-0.466637350076904,-0.00440794547847354,0,1,0.46875,0.868750000000006,-0.868750000000006,-0.0687499999999943,1,1,1,1,1,1,48,12,1,11,122127.532645208,0,level2_rank1_fallback,medium,1,0,0,0,0,1,0.0439793,1,1,1,0,0,0,-0.00440794547847354,0,0,0
close_coherent_pair,8,15,2,1,1,0,0.8,-0.86875,-0.06875,0,0,1,-0.468832277294718,-0.00686378649891569,0,1,0.46875,0.868750000000006,-0.868750000000006,-0.0687499999999943,1,1,1,1,1,1,48,12,1,12,121874.574304395,0,level2_rank1_fallback,medium,1,0,0,0,0,1,0.0403241,1,1,1,0,0,0,-0.00686378649891569,0,0,0
close_coherent_pair,8,16,2,1,1,0,0.8,-0.86875,-0.06875,0,0,1,-0.464772620369662,0.00167659376617443,0,1,0.46875,0.868750000000006,-0.868750000000006,-0.0687499999999943,1,1,1,1,1,1,48,12,1,12,122035.90204005,0,level2_rank1_fallback,medium,1,0,0,0,0,1,0.1028322,1,1,1,0,0,0,0.00167659376617443,0,0,0
close_coherent_pair,8,17,2,1,1,0,0.8,-0.86875,-0.06875,0,0,1,-0.470290578790404,0.000271524952254148,0,1,0.46875,0.868750000000006,-0.868750000000006,-0.0687499999999943,1,1,1,1,1,1,48,12,1,12,122448.578749995,0,level2_rank1_fallback,medium,1,0,0,0,0,1,0.0435817,1,1,1,0,0,0,0.000271524952254148,0,0,0
close_coherent_pair,8,18,2,1,1,0,0.8,-0.86875,-0.06875,0,0,1,-0.47076401234084,-0.000470595422852204,0,1,0.46875,0.868750000000006,-0.868750000000006,-0.0687499999999943,1,1,1,1,1,1,48,12,1,12,121864.054226646,0,level2_rank1_fallback,medium,1,0,0,0,0,1,0.0448197,1,1,1,0,0,0,-0.000470595422852204,0,0,0
close_coherent_pair,8,19,2,1,1,0,0.8,-0.86875,-0.06875,0,0,1,-0.467112951930385,4.12921338769957e-05,0,1,0.46875,0.868750000000006,-0.868750000000006,-0.0687499999999943,1,1,1,1,1,1,48,12,1,12,122537.754920692,0,level2_rank1_fallback,medium,1,0,0,0,0,1,0.0532624,1,1,1,0,0,0,4.12921338769957e-05,0,0,0
close_coherent_pair,8,20,2,1,1,0,0.8,-0.86875,-0.06875,0,0,1,-0.46742832681706,0.00129833365054389,0,1,0.46875,0.868750000000006,-0.868750000000006,-0.0687499999999943,1,1,1,1,1,1,48,12,1,12,122423.645374522,0,level2_rank1_fallback,medium,1,0,0,0,0,1,0.0561948,1,1,1,0,0,0,0.00129833365054389,0,0,0
close_coherent_pair,8,21,2,1,1,0,0.8,-0.86875,-0.06875,0,0,1,-0.470044279734814,0.0047887418390233,0,1,0.46875,0.868750000000006,-0.868750000000006,-0.0687499999999943,1,1,1,1,1,1,48,12,1,12,122132.960288331,0,level2_rank1_fallback,medium,1,0,0,0,0,1,0.0492478,1,1,1,0,0,0,0.0047887418390233,0,0,0
close_coherent_pair,8,22,2,1,1,0,0.8,-0.86875,-0.06875,0,0,1,-0.469458853408386,0.00157918481132027,0,1,0.46875,0.868750000000006,-0.868750000000006,-0.0687499999999943,1,1,1,1,1,1,48,12,1,12,122474.297337309,0,level2_rank1_fallback,medium,1,0,0,0,0,1,0.0406317,1,1,1,0,0,0,0.00157918481132027,0,0,0
close_coherent_pair,8,23,2,1,1,0,0.8,-0.86875,-0.06875,0,0,1,-0.4669485771064,0.000951727003385724,0,1,0.46875,0.868750000000006,-0.868750000000006,-0.0687499999999943,1,1,1,1,1,1,48,12,1,12,122127.276132739,0,level2_rank1_fallback,medium,1,0,0,0,0,1,0.0429547,1,1,1,0,0,0,0.000951727003385724,0,0,0
close_coherent_pair,8,24,2,1,1,0,0.8,-0.86875,-0.06875,0,0,1,-0.466411488988422,0.00192233554956016,0,1,0.46875,0.868750000000006,-0.868750000000006,-0.0687499999999943,1,1,1,1,1,1,48,12,1,13,121966.71472704,0,level2_rank1_fallback,medium,1,0,0,0,0,1,0.039937,1,1,1,0,0,0,0.00192233554956016,0,0,0
close_coherent_pair,8,25,2,1,1,0,0.8,-0.86875,-0.06875,0,0,1,-0.468286620885653,0.00644533166329033,0,1,0.46875,0.868750000000006,-0.868750000000006,-0.0687499999999943,1,1,1,1,1,1,48,12,1,12,122320.753049328,0,level2_rank1_fallback,medium,1,0,0,0,0,1,0.0423056,1,1,1,0,0,0,0.00644533166329033,0,0,0
close_coherent_pair,8,26,2,1,1,0,0.8,-0.86875,-0.06875,0,0,1,-0.467305064542682,-0.000661884105581517,0,1,0.46875,0.868750000000006,-0.868750000000006,-0.0687499999999943,1,1,1,1,1,1,48,12,1,12,121871.042297716,0,level2_rank1_fallback,medium,1,0,0,0,0,1,0.0421962,1,1,1,0,0,0,-0.000661884105581517,0,0,0
close_coherent_pair,8,27,2,1,1,0,0.8,-0.86875,-0.06875,0,0,1,-0.468116723085624,-0.000511559652803056,0,1,0.46875,0.868750000000006,-0.868750000000006,-0.0687499999999943,1,1,1,1,1,1,48,12,1,10,122163.629248865,0,level2_rank1_fallback,medium,1,0,0,0,0,1,0.0388353,1,1,1,0,0,0,-0.000511559652803056,0,0,0
close_coherent_pair,8,28,2,1,1,0,0.8,-0.86875,-0.06875,0,0,1,-0.467580042689192,-0.00266941038460219,0,1,0.46875,0.868750000000006,-0.868750000000006,-0.0687499999999943,1,1,1,1,1,1,48,12,1,12,122043.780943801,0,level2_rank1_fallback,medium,1,0,0,0,0,1,0.039079,1,1,1,0,0,0,-0.00266941038460219,0,0,0
close_coherent_pair,8,29,2,1,1,0,0.8,-0.86875,-0.06875,0,0,1,-0.467034002872354,-0.00106554073445891,0,1,0.46875,0.868750000000006,-0.868750000000006,-0.0687499999999943,1,1,1,1,1,1,48,12,1,10,121870.143956269,0,level2_rank1_fallback,medium,1,0,0,0,0,1,0.0401184,1,1,1,0,0,0,-0.00106554073445891,0,0,0
close_coherent_pair,8,30,2,1,1,0,0.8,-0.86875,-0.06875,0,0,1,-0.469596643710984,0.00482008966314744,0,1,0.46875,0.868750000000006,-0.868750000000006,-0.0687499999999943,1,1,1,1,1,1,48,12,1,12,122115.226976003,0,level2_rank1_fallback,medium,1,0,0,0,0,1,0.0512252,1,1,1,0,0,0,0.00482008966314744,0,0,0
close_coherent_pair,16,1,2,1,1,0,0.8,-0.86875,-0.06875,0,0,1,-0.471344773553761,0.00168034534831004,0,1,0.46875,0.868750000000006,-0.868750000000006,-0.0687499999999943,1,1,1,1,1,1,48,12,1,21,122000.79646953,0,level2_rank1_fallback,medium,1,0,0,0,0,1,0.0482895,1,1,1,0,0,0,0.00168034534831004,0,0,0
close_coherent_pair,16,2,2,1,1,0,0.8,-0.86875,-0.06875,0,0,1,-0.468116792694878,0.000619930800824017,0,1,0.46875,0.868750000000006,-0.868750000000006,-0.0687499999999943,1,1,1,1,1,1,48,12,1,19,122146.052109443,0,level2_rank1_fallback,medium,1,0,0,0,0,1,0.0389068,1,1,1,0,0,0,0.000619930800824017,0,0,0
close_coherent_pair,16,3,2,1,1,0,0.8,-0.86875,-0.06875,0,0,1,-0.468706925234108,-0.000380023436593968,0,1,0.46875,0.868750000000006,-0.868750000000006,-0.0687499999999943,1,1,1,1,1,1,48,12,1,19,121974.435443776,0,level2_rank1_fallback,medium,1,0,0,0,0,1,0.045595,1,1,1,0,0,0,-0.000380023436593968,0,0,0
close_coherent_pair,16,4,2,1,1,0,0.8,-0.86875,-0.06875,0,0,1,-0.467705111892672,-0.00148718500687543,0,1,0.46875,0.868750000000006,-0.868750000000006,-0.0687499999999943,1,1,1,1,1,1,48,12,1,21,122156.987446091,0,level2_rank1_fallback,medium,1,0,0,0,0,1,0.0400138,1,1,1,0,0,0,-0.00148718500687543,0,0,0
close_coherent_pair,16,5,2,1,1,0,0.8,-0.86875,-0.06875,0,0,1,-0.46783015894303,-0.0018386882168582,0,1,0.46875,0.868750000000006,-0.868750000000006,-0.0687499999999943,1,1,1,1,1,1,48,12,1,19,122075.046227986,0,level2_rank1_fallback,medium,1,0,0,0,0,1,0.0395754,1,1,1,0,0,0,-0.0018386882168582,0,0,0
close_coherent_pair,16,6,2,1,1,0,0.8,-0.86875,-0.06875,0,0,1,-0.467708062539943,0.000908086047946976,0,1,0.46875,0.868750000000006,-0.868750000000006,-0.0687499999999943,1,1,1,1,1,1,48,12,1,25,121797.248019968,0,level2_rank1_fallback,medium,1,0,0,0,0,1,0.0599121,1,1,1,0,0,0,0.000908086047946976,0,0,0
close_coherent_pair,16,7,2,1,1,0,0.8,-0.86875,-0.06875,0,0,1,-0.467223735050174,0.00110269051429003,0,1,0.46875,0.868750000000006,-0.868750000000006,-0.0687499999999943,1,1,1,1,1,1,48,12,1,21,122005.962087175,0,low_confidence,low,0,0,0,1,0,1,0.2721245,1,1,1,1,0,0,0.00110269051429003,0,0,0
close_coherent_pair,16,8,2,1,1,0,0.8,-0.86875,-0.06875,0,0,1,-0.467558031099572,-0.00048462587262417,0,1,0.46875,0.868750000000006,-0.868750000000006,-0.0687499999999943,1,1,1,1,1,1,48,12,1,23,122071.53141035,0,level2_rank1_fallback,medium,1,0,0,0,0,1,0.0404673,1,1,1,0,0,0,-0.00048462587262417,0,0,0
close_coherent_pair,16,9,2,1,1,0,0.8,-0.86875,-0.06875,0,0,1,-0.468350320612891,-6.35263880844316e-05,0,1,0.46875,0.868750000000006,-0.868750000000006,-0.0687499999999943,1,1,1,1,1,1,48,12,1,19,122372.26499994,0,level2_rank1_fallback,medium,1,0,0,0,0,1,0.0400051,1,1,1,0,0,0,-6.35263880844316e-05,0,0,0
close_coherent_pair,16,10,2,1,1,0,0.8,-0.86875,-0.06875,0,0,1,-0.467468355070376,-0.000991712590659551,0,1,0.46875,0.868750000000006,-0.868750000000006,-0.0687499999999943,1,1,1,1,1,1,48,12,1,18,122080.087077893,0,level2_rank1_fallback,medium,1,0,0,0,0,1,0.0424297,1,1,1,0,0,0,-0.000991712590659551,0,0,0
close_coherent_pair,16,11,2,1,1,0,0.8,-0.86875,-0.06875,0,0,1,-0.468754562353731,-0.00115296467734635,0,1,0.46875,0.868750000000006,-0.868750000000006,-0.0687499999999943,1,1,1,1,1,1,48,12,1,25,122215.961244254,0,level2_rank1_fallback,medium,1,0,0,0,0,1,0.039262,1,1,1,0,0,0,-0.00115296467734635,0,0,0
close_coherent_pair,16,12,2,1,1,0,0.8,-0.86875,-0.06875,0,0,1,-0.469438304521327,0.00256890453901444,0,1,0.46875,0.868750000000006,-0.868750000000006,-0.0687499999999943,1,1,1,1,1,1,48,12,1,22,121956.758902492,0,level2_rank1_fallback,medium,1,0,0,0,0,1,0.0939579,1,1,1,0,0,0,0.00256890453901444,0,0,0
close_coherent_pair,16,13,2,1,1,0,0.8,-0.86875,-0.06875,0,0,1,-0.468749121582581,0.00038349052614138,0,1,0.46875,0.868750000000006,-0.868750000000006,-0.0687499999999943,1,1,1,1,1,1,48,12,1,20,122035.654329637,0,level2_rank1_fallback,medium,1,0,0,0,0,1,0.0437659,1,1,1,0,0,0,0.00038349052614138,0,0,0
close_coherent_pair,16,14,2,1,1,0,0.8,-0.86875,-0.06875,0,0,1,-0.468652443107471,-0.00152389345542376,0,1,0.46875,0.868750000000006,-0.868750000000006,-0.0687499999999943,1,1,1,1,1,1,48,12,1,22,122116.031348082,0,level2_rank1_fallback,medium,1,0,0,0,0,1,0.0495882,1,1,1,0,0,0,-0.00152389345542376,0,0,0
close_coherent_pair,16,15,2,1,1,0,0.8,-0.86875,-0.06875,0,0,1,-0.46827702309745,-0.00145145596165312,0,1,0.46875,0.868750000000006,-0.868750000000006,-0.0687499999999943,1,1,1,1,1,1,48,12,1,21,122152.334342135,0,level2_rank1_fallback,medium,1,0,0,0,0,1,0.0428008,1,1,1,0,0,0,-0.00145145596165312,0,0,0
close_coherent_pair,16,16,2,1,1,0,0.8,-0.86875,-0.06875,0,0,1,-0.468621636460838,-0.00186205830063957,0,1,0.46875,0.868750000000006,-0.868750000000006,-0.0687499999999943,1,1,1,1,1,1,48,12,1,20,122169.635077018,0,low_confidence,low,0,0,0,1,0,1,0.2538941,1,1,1,1,0,0,-0.00186205830063957,0,0,0
close_coherent_pair,16,17,2,1,1,0,0.8,-0.86875,-0.06875,0,0,1,-0.467983765706786,-0.00134776204071731,0,1,0.46875,0.868750000000006,-0.868750000000006,-0.0687499999999943,1,1,1,1,1,1,48,12,1,20,122225.10766943,0,level2_rank1_fallback,medium,1,0,0,0,0,1,0.0380049,1,1,1,0,0,0,-0.00134776204071731,0,0,0
close_coherent_pair,16,18,2,1,1,0,0.8,-0.86875,-0.06875,0,0,1,-0.467814934694741,-0.00011349957980359,0,1,0.46875,0.868750000000006,-0.868750000000006,-0.0687499999999943,1,1,1,1,1,1,48,12,1,20,122275.033130855,0,level2_rank1_fallback,medium,1,0,0,0,0,1,0.047405,1,1,1,0,0,0,-0.00011349957980359,0,0,0
close_coherent_pair,16,19,2,1,1,0,0.8,-0.86875,-0.06875,0,0,1,-0.466044536206854,-0.00101871043199632,0,1,0.46875,0.868750000000006,-0.868750000000006,-0.0687499999999943,1,1,1,1,1,1,48,12,1,20,122150.948554357,0,level2_rank1_fallback,medium,1,0,0,0,0,1,0.0437198,1,1,1,0,0,0,-0.00101871043199632,0,0,0
close_coherent_pair,16,20,2,1,1,0,0.8,-0.86875,-0.06875,0,0,1,-0.470159447559557,-0.000264955605093367,0,1,0.46875,0.868750000000006,-0.868750000000006,-0.0687499999999943,1,1,1,1,1,1,48,12,1,19,122144.007864965,0,level2_rank1_fallback,medium,1,0,0,0,0,1,0.0449404,1,1,1,0,0,0,-0.000264955605093367,0,0,0
close_coherent_pair,16,21,2,1,1,0,0.8,-0.86875,-0.06875,0,0,1,-0.468405854695762,0.00110915135317736,0,1,0.46875,0.868750000000006,-0.868750000000006,-0.0687499999999943,1,1,1,1,1,1,48,12,1,17,122164.058146463,0,level2_rank1_fallback,medium,1,0,0,0,0,1,0.0417436,1,1,1,0,0,0,0.00110915135317736,0,0,0
close_coherent_pair,16,22,2,1,1,0,0.8,-0.86875,-0.06875,0,0,1,-0.468410882645136,0.000989711906627751,0,1,0.46875,0.868750000000006,-0.868750000000006,-0.0687499999999943,1,1,1,1,1,1,48,12,1,19,122195.760939396,0,level2_rank1_fallback,medium,1,0,0,0,0,1,0.0727169,1,1,1,0,0,0,0.000989711906627751,0,0,0
close_coherent_pair,16,23,2,1,1,0,0.8,-0.86875,-0.06875,0,0,1,-0.468809371858524,0.000391089352349285,0,1,0.46875,0.868750000000006,-0.868750000000006,-0.0687499999999943,1,1,1,1,1,1,48,12,1,21,121906.898485057,0,level2_rank1_fallback,medium,1,0,0,0,0,1,0.0671879,1,1,1,0,0,0,0.000391089352349285,0,0,0
close_coherent_pair,16,24,2,1,1,0,0.8,-0.86875,-0.06875,0,0,1,-0.46732168491235,-0.00256350143936403,0,1,0.46875,0.868750000000006,-0.868750000000006,-0.0687499999999943,1,1,1,1,1,1,48,12,1,20,122200.884165513,0,level2_rank1_fallback,medium,1,0,0,0,0,1,0.0457133,1,1,1,0,0,0,-0.00256350143936403,0,0,0
close_coherent_pair,16,25,2,1,1,0,0.8,-0.86875,-0.06875,0,0,1,-0.467411304871691,7.91849639187733e-05,0,1,0.46875,0.868750000000006,-0.868750000000006,-0.0687499999999943,1,1,1,1,1,1,48,12,1,20,121973.539156623,0,level2_rank1_fallback,medium,1,0,0,0,0,1,0.0488553,1,1,1,0,0,0,7.91849639187733e-05,0,0,0
close_coherent_pair,16,26,2,1,1,0,0.8,-0.86875,-0.06875,0,0,1,-0.466909154470735,0.000821980895971554,0,1,0.46875,0.868750000000006,-0.868750000000006,-0.0687499999999943,1,1,1,1,1,1,48,12,1,23,121921.700744739,0,level2_rank1_fallback,medium,1,0,0,0,0,1,0.0446563,1,1,1,0,0,0,0.000821980895971554,0,0,0
close_coherent_pair,16,27,2,1,1,0,0.8,-0.86875,-0.06875,0,0,1,-0.469111656287413,0.0015770952574422,0,1,0.46875,0.868750000000006,-0.868750000000006,-0.0687499999999943,1,1,1,1,1,1,48,12,1,18,122108.692821631,0,level2_rank1_fallback,medium,1,0,0,0,0,1,0.0450772,1,1,1,0,0,0,0.0015770952574422,0,0,0
close_coherent_pair,16,28,2,1,1,0,0.8,-0.86875,-0.06875,0,0,1,-0.467624953785779,0.000113904536711127,0,1,0.46875,0.868750000000006,-0.868750000000006,-0.0687499999999943,1,1,1,1,1,1,48,12,1,28,122259.891439931,0,level2_rank1_fallback,medium,1,0,0,0,0,1,0.0403748,1,1,1,0,0,0,0.000113904536711127,0,0,0
close_coherent_pair,16,29,2,1,1,0,0.8,-0.86875,-0.06875,0,0,1,-0.466863633758694,0.000321163310440411,0,1,0.46875,0.868750000000006,-0.868750000000006,-0.0687499999999943,1,1,1,1,1,1,48,12,1,24,122029.164665799,0,level2_rank1_fallback,medium,1,0,0,0,0,1,0.0390383,1,1,1,0,0,0,0.000321163310440411,0,0,0
close_coherent_pair,16,30,2,1,1,0,0.8,-0.86875,-0.06875,0,0,1,-0.467472863750521,-0.00025302906795586,0,1,0.46875,0.868750000000006,-0.868750000000006,-0.0687499999999943,1,1,1,1,1,1,48,12,1,21,122142.505053086,0,level2_rank1_fallback,medium,1,0,0,0,0,1,0.0430531,1,1,1,0,0,0,-0.00025302906795586,0,0,0
close_coherent_pair,8,1,2,1,1,0,0.8,-0.4,0.4,0,0,1,-0.000511841741974221,-0.00345377030876346,0,1,0,0.400000000000006,-0.400000000000006,0.400000000000006,1,1,1,1,1,1,48,12,1,12,122155.205795211,0,common_el_refocus_power_rank1,medium,1,0,0,0,0,1,0.0398396,1,1,0,0,0,0,-0.00345377030876346,0,0,0
close_coherent_pair,8,2,2,1,1,0,0.8,-0.4,0.4,0,0,1,0.00181812432472825,0.00296242869539706,0,1,0,0.400000000000006,-0.400000000000006,0.400000000000006,1,1,1,1,1,1,48,12,1,12,121760.31923268,0,common_el_refocus_power_rank1,medium,1,0,0,0,0,1,0.0386435,1,1,0,0,0,0,0.00296242869539706,0,0,0
close_coherent_pair,8,3,2,1,1,0,0.8,-0.4,0.4,0,0,1,0.0011465553005033,-0.00188224198607418,0,1,0,0.400000000000006,-0.400000000000006,0.400000000000006,1,1,1,1,1,1,48,12,1,12,121660.461647219,0,common_el_refocus_power_rank1,medium,1,0,0,0,0,1,0.0343297,1,1,0,0,0,0,-0.00188224198607418,0,0,0
close_coherent_pair,8,4,2,1,1,0,0.8,-0.4,0.4,0,0,1,0.000731795217749901,-0.000732773628653405,0,1,0,0.400000000000006,-0.400000000000006,0.400000000000006,1,1,1,1,1,1,48,12,1,12,122019.807519023,0,common_el_refocus_power_rank1,medium,1,0,0,0,0,1,0.0325437,1,1,0,0,0,0,-0.000732773628653405,0,0,0
close_coherent_pair,8,5,2,1,1,0,0.8,-0.4,0.4,0,0,1,-0.00122508250374973,-0.00203823074641896,0,1,0,0.400000000000006,-0.400000000000006,0.400000000000006,1,1,1,1,1,1,48,12,1,12,122224.483259394,0,common_el_refocus_power_rank1,medium,1,0,0,0,0,1,0.0365386,1,1,0,0,0,0,-0.00203823074641896,0,0,0
close_coherent_pair,8,6,2,1,1,0,0.8,-0.4,0.4,0,0,1,0.00112818097473863,-0.000292960120581317,0,1,0,0.400000000000006,-0.400000000000006,0.400000000000006,1,1,1,1,1,1,48,12,1,12,121322.173075699,0,common_el_refocus_power_rank1,medium,1,0,0,0,0,1,0.0473417,1,1,0,0,0,0,-0.000292960120581317,0,0,0
close_coherent_pair,8,7,2,1,1,0,0.8,-0.4,0.4,0,0,1,0.000997465723259531,0.00174072591546752,0,1,0,0.400000000000006,-0.400000000000006,0.400000000000006,1,1,1,1,1,1,48,12,1,12,122196.497615898,0,common_el_refocus_power_rank1,medium,1,0,0,0,0,1,0.0400871,1,1,0,0,0,0,0.00174072591546752,0,0,0
close_coherent_pair,8,8,2,1,1,0,0.8,-0.4,0.4,0,0,1,-0.00289554344063416,-0.00187892009792122,0,1,0,0.400000000000006,-0.400000000000006,0.400000000000006,1,1,1,1,1,1,48,12,1,11,122663.139252587,0,common_el_refocus_power_rank1,medium,1,0,0,0,0,1,0.0568756,1,1,0,0,0,0,-0.00187892009792122,0,0,0
close_coherent_pair,8,9,2,1,1,0,0.8,-0.4,0.4,0,0,1,-0.00134513786772044,-0.000307836418737566,0,1,0,0.400000000000006,-0.400000000000006,0.400000000000006,1,1,1,1,1,1,48,12,1,11,122202.352516159,0,common_el_refocus_power_rank1,medium,1,0,0,0,0,1,0.0421592,1,1,0,0,0,0,-0.000307836418737566,0,0,0
close_coherent_pair,8,10,2,1,1,0,0.8,-0.4,0.4,0,0,1,-0.00174832019799484,-0.00140333691126217,0,1,0,0.400000000000006,-0.400000000000006,0.400000000000006,1,1,1,1,1,1,48,12,1,12,122321.382907327,0,common_el_refocus_power_rank1,medium,1,0,0,0,0,1,0.0373353,1,1,0,0,0,0,-0.00140333691126217,0,0,0
close_coherent_pair,8,11,2,1,1,0,0.8,-0.4,0.4,0,0,1,-0.00146145271788104,-0.00133169305074206,0,1,0,0.400000000000006,-0.400000000000006,0.400000000000006,1,1,1,1,1,1,48,12,1,11,121909.279117991,0,common_el_refocus_power_rank1,medium,1,0,0,0,0,1,0.0376921,1,1,0,0,0,0,-0.00133169305074206,0,0,0
close_coherent_pair,8,12,2,1,1,0,0.8,-0.4,0.4,0,0,1,0.00111991115933664,-0.00360054556154646,0,1,0,0.400000000000006,-0.400000000000006,0.400000000000006,1,1,1,1,1,1,48,12,1,12,121486.6343354,0,common_el_refocus_power_rank1,medium,1,0,0,0,0,1,0.0333924,1,1,0,0,0,0,-0.00360054556154646,0,0,0
close_coherent_pair,8,13,2,1,1,0,0.8,-0.4,0.4,0,0,1,0.00122786808304301,0.00274752142538985,0,1,0,0.400000000000006,-0.400000000000006,0.400000000000006,1,1,1,1,1,1,48,12,1,11,122329.670522448,0,common_el_refocus_power_rank1,medium,1,0,0,0,0,1,0.0340828,1,1,0,0,0,0,0.00274752142538985,0,0,0
close_coherent_pair,8,14,2,1,1,0,0.8,-0.4,0.4,0,0,1,-0.00158224970781215,-0.00424339760217192,0,1,0,0.400000000000006,-0.400000000000006,0.400000000000006,1,1,1,1,1,1,48,12,1,11,121539.632775286,0,level2_rank1_fallback,medium,1,0,0,0,0,1,0.0429765,1,1,1,0,0,0,-0.00424339760217192,0,0,0
close_coherent_pair,8,15,2,1,1,0,0.8,-0.4,0.4,0,0,1,-0.00202197089961157,-0.00124004017329162,0,1,0,0.400000000000006,-0.400000000000006,0.400000000000006,1,1,1,1,1,1,48,12,1,12,122340.207011041,0,common_el_refocus_power_rank1,medium,1,0,0,0,0,1,0.0357171,1,1,0,0,0,0,-0.00124004017329162,0,0,0
close_coherent_pair,8,16,2,1,1,0,0.8,-0.4,0.4,0,0,1,0.00288310029026303,0.000390926800783893,0,1,0,0.400000000000006,-0.400000000000006,0.400000000000006,1,1,1,1,1,1,48,12,1,11,122004.846866291,0,common_el_refocus_power_rank1,medium,1,0,0,0,0,1,0.0352947,1,1,0,0,0,0,0.000390926800783893,0,0,0
close_coherent_pair,8,17,2,1,1,0,0.8,-0.4,0.4,0,0,1,0.000584086158325582,-0.00420910484826926,0,1,0,0.400000000000006,-0.400000000000006,0.400000000000006,1,1,1,1,1,1,48,12,1,12,122539.532549808,0,common_el_refocus_power_rank1,medium,1,0,0,0,0,1,0.0438222,1,1,0,0,0,0,-0.00420910484826926,0,0,0
close_coherent_pair,8,18,2,1,1,0,0.8,-0.4,0.4,0,0,1,-0.00199049129381878,-0.00266203394822772,0,1,0,0.400000000000006,-0.400000000000006,0.400000000000006,1,1,1,1,1,1,48,12,1,13,121812.97057708,0,common_el_refocus_power_rank1,medium,1,0,0,0,0,1,0.0453086,1,1,0,0,0,0,-0.00266203394822772,0,0,0
close_coherent_pair,8,19,2,1,1,0,0.8,-0.4,0.4,0,0,1,-0.000835648437457629,-0.00174500166419598,0,1,0,0.400000000000006,-0.400000000000006,0.400000000000006,1,1,1,1,1,1,48,12,1,10,121622.269776464,0,common_el_refocus_power_rank1,medium,1,0,0,0,0,1,0.0484049,1,1,0,0,0,0,-0.00174500166419598,0,0,0
close_coherent_pair,8,20,2,1,1,0,0.8,-0.4,0.4,0,0,1,0.00171113764880662,-0.00283486734604521,0,1,0,0.400000000000006,-0.400000000000006,0.400000000000006,1,1,1,1,1,1,48,12,1,12,122566.613453912,0,common_el_refocus_power_rank1,medium,1,0,0,0,0,1,0.0527323,1,1,0,0,0,0,-0.00283486734604521,0,0,0
close_coherent_pair,8,21,2,1,1,0,0.8,-0.4,0.4,0,0,1,-2.43425699702544e-05,0.00267148222755439,0,1,0,0.400000000000006,-0.400000000000006,0.400000000000006,1,1,1,1,1,1,48,12,1,11,121343.618564729,0,level2_rank1_fallback,medium,1,0,0,0,0,1,0.0392237,1,1,1,0,0,0,0.00267148222755439,0,0,0
close_coherent_pair,8,22,2,1,1,0,0.8,-0.4,0.4,0,0,1,0.000293343223926937,-0.000762721818797539,0,1,0,0.400000000000006,-0.400000000000006,0.400000000000006,1,1,1,1,1,1,48,12,1,11,121862.452335406,0,common_el_refocus_power_rank1,medium,1,0,0,0,0,1,0.0388284,1,1,0,0,0,0,-0.000762721818797539,0,0,0
close_coherent_pair,8,23,2,1,1,0,0.8,-0.4,0.4,0,0,1,-0.00164608459092403,-0.00407525569246021,0,1,0,0.400000000000006,-0.400000000000006,0.400000000000006,1,1,1,1,1,1,48,12,1,10,122650.409196225,0,common_el_refocus_power_rank1,medium,1,0,0,0,0,1,0.0429267,1,1,0,0,0,0,-0.00407525569246021,0,0,0
close_coherent_pair,8,24,2,1,1,0,0.8,-0.4,0.4,0,0,1,-0.00312309607011493,-0.00127441619199866,0,1,0,0.400000000000006,-0.400000000000006,0.400000000000006,1,1,1,1,1,1,48,12,1,12,122067.238584721,0,common_el_refocus_power_rank1,medium,1,0,0,0,0,1,0.0436356,1,1,0,0,0,0,-0.00127441619199866,0,0,0
close_coherent_pair,8,25,2,1,1,0,0.8,-0.4,0.4,0,0,1,-0.00185297873736638,-0.00388954974897943,0,1,0,0.400000000000006,-0.400000000000006,0.400000000000006,1,1,1,1,1,1,48,12,1,12,122294.482660272,0,common_el_refocus_power_rank1,medium,1,0,0,0,0,1,0.0479625,1,1,0,0,0,0,-0.00388954974897943,0,0,0
close_coherent_pair,8,26,2,1,1,0,0.8,-0.4,0.4,0,0,1,-0.00142336202185956,-0.00318702756231131,0,1,0,0.400000000000006,-0.400000000000006,0.400000000000006,1,1,1,1,1,1,48,12,1,10,122183.138826774,0,common_el_refocus_power_rank1,medium,1,0,0,0,0,1,0.0394198,1,1,0,0,0,0,-0.00318702756231131,0,0,0
close_coherent_pair,8,27,2,1,1,0,0.8,-0.4,0.4,0,0,1,-0.000948068824007109,0.000566881561781762,0,1,0,0.400000000000006,-0.400000000000006,0.400000000000006,1,1,1,1,1,1,48,12,1,12,122852.731986352,0,common_el_refocus_power_rank1,medium,1,0,0,0,0,1,0.0357245,1,1,0,0,0,0,0.000566881561781762,0,0,0
close_coherent_pair,8,28,2,1,1,0,0.8,-0.4,0.4,0,0,1,-0.00225867464597329,-0.00252828028756367,0,1,0,0.400000000000006,-0.400000000000006,0.400000000000006,1,1,1,1,1,1,48,12,1,11,121606.948446946,0,common_el_refocus_power_rank1,medium,1,0,0,0,0,1,0.0324798,1,1,0,0,0,0,-0.00252828028756367,0,0,0
close_coherent_pair,8,29,2,1,1,0,0.8,-0.4,0.4,0,0,1,-0.0032584094872942,0.00143863256131146,0,1,0,0.400000000000006,-0.400000000000006,0.400000000000006,1,1,1,1,1,1,48,12,1,12,121920.338630489,0,common_el_refocus_power_rank1,medium,1,0,0,0,0,1,0.0370576,1,1,0,0,0,0,0.00143863256131146,0,0,0
close_coherent_pair,8,30,2,1,1,0,0.8,-0.4,0.4,0,0,1,-0.00345703929705178,-0.00664992158740677,0,1,0,0.400000000000006,-0.400000000000006,0.400000000000006,1,1,1,1,1,1,48,12,1,11,122069.044434027,0,common_el_refocus_power_rank1,medium,1,0,0,0,0,1,0.0821887,1,1,0,0,0,0,-0.00664992158740677,0,0,0
close_coherent_pair,16,1,2,1,1,0,0.8,-0.4,0.4,0,0,1,0.0008072720456641,0.000179616483501746,0,1,0,0.400000000000006,-0.400000000000006,0.400000000000006,1,1,1,1,1,1,48,12,1,20,122205.623985236,0,low_confidence,low,1,0,0,1,0,1,0.2953872,1,1,1,1,0,0,0.000179616483501746,0,0,0
close_coherent_pair,16,2,2,1,1,0,0.8,-0.4,0.4,0,0,1,-7.29106630890035e-05,0.000150413532557965,0,1,0,0.400000000000006,-0.400000000000006,0.400000000000006,1,1,1,1,1,1,48,12,1,26,122045.910712288,0,common_el_refocus_power_rank1,medium,1,0,0,0,0,1,0.0462821,1,1,0,0,0,0,0.000150413532557965,0,0,0
close_coherent_pair,16,3,2,1,1,0,0.8,-0.4,0.4,0,0,1,0.000156244122843328,0.000157661623780259,0,1,0,0.400000000000006,-0.400000000000006,0.400000000000006,1,1,1,1,1,1,48,12,1,19,122161.84186797,0,common_el_refocus_power_rank1,medium,1,0,0,0,0,1,0.0454744,1,1,0,0,0,0,0.000157661623780259,0,0,0
close_coherent_pair,16,4,2,1,1,0,0.8,-0.4,0.4,0,0,1,-0.000225391238816055,0.000371990639823243,0,1,0,0.400000000000006,-0.400000000000006,0.400000000000006,1,1,1,1,1,1,48,12,1,21,122106.75709905,0,common_el_refocus_power_rank1,medium,1,0,0,0,0,1,0.0470585,1,1,0,0,0,0,0.000371990639823243,0,0,0
close_coherent_pair,16,5,2,1,1,0,0.8,-0.4,0.4,0,0,1,-0.00155241385438342,-0.000973428516588161,0,1,0,0.400000000000006,-0.400000000000006,0.400000000000006,1,1,1,1,1,1,48,12,1,24,122263.595246664,0,common_el_refocus_power_rank1,medium,1,0,0,0,0,1,0.038226,1,1,0,0,0,0,-0.000973428516588161,0,0,0
close_coherent_pair,16,6,2,1,1,0,0.8,-0.4,0.4,0,0,1,0.000162078013474786,0.00231962329460295,0,1,0,0.400000000000006,-0.400000000000006,0.400000000000006,1,1,1,1,1,1,48,12,1,17,122012.299088457,0,common_el_refocus_power_rank1,medium,1,0,0,0,0,1,0.0387775,1,1,0,0,0,0,0.00231962329460295,0,0,0
close_coherent_pair,16,7,2,1,1,0,0.8,-0.4,0.4,0,0,1,-0.000630672999080559,0.000106587124658542,0,1,0,0.400000000000006,-0.400000000000006,0.400000000000006,1,1,1,1,1,1,48,12,1,20,122339.398289242,0,common_el_refocus_power_rank1,medium,1,0,0,0,0,1,0.0407104,1,1,0,0,0,0,0.000106587124658542,0,0,0
close_coherent_pair,16,8,2,1,1,0,0.8,-0.4,0.4,0,0,1,-5.4029011018594e-05,0.000649382781176511,0,1,0,0.400000000000006,-0.400000000000006,0.400000000000006,1,1,1,1,1,1,48,12,1,23,122134.635894247,0,common_el_refocus_power_rank1,medium,1,0,0,0,0,1,0.0364593,1,1,0,0,0,0,0.000649382781176511,0,0,0
close_coherent_pair,16,9,2,1,1,0,0.8,-0.4,0.4,0,0,1,-0.000182665261980179,0.00166809918135754,0,1,0,0.400000000000006,-0.400000000000006,0.400000000000006,1,1,1,1,1,1,48,12,1,21,122278.098333864,0,common_el_refocus_power_rank1,medium,1,0,0,0,0,1,0.0374544,1,1,0,0,0,0,0.00166809918135754,0,0,0
close_coherent_pair,16,10,2,1,1,0,0.8,-0.4,0.4,0,0,1,0.00119186375016144,0.00122091010956073,0,1,0,0.400000000000006,-0.400000000000006,0.400000000000006,1,1,1,1,1,1,48,12,1,21,121952.697336353,0,common_el_refocus_power_rank1,medium,1,0,0,0,0,1,0.0351489,1,1,0,0,0,0,0.00122091010956073,0,0,0
close_coherent_pair,16,11,2,1,1,0,0.8,-0.4,0.4,0,0,1,-0.000114824224719727,0.000321923625584298,0,1,0,0.400000000000006,-0.400000000000006,0.400000000000006,1,1,1,1,1,1,48,12,1,21,121882.811501407,0,common_el_refocus_power_rank1,medium,1,0,0,0,0,1,0.0333844,1,1,0,0,0,0,0.000321923625584298,0,0,0
close_coherent_pair,16,12,2,1,1,0,0.8,-0.4,0.4,0,0,1,-7.23041467004263e-05,0.000604140777033319,0,1,0,0.400000000000006,-0.400000000000006,0.400000000000006,1,1,1,1,1,1,48,12,1,24,122223.680165113,0,common_el_refocus_power_rank1,medium,1,0,0,0,0,1,0.0331681,1,1,0,0,0,0,0.000604140777033319,0,0,0
close_coherent_pair,16,13,2,1,1,0,0.8,-0.4,0.4,0,0,1,-0.00074424994475273,0.00175743903732849,0,1,0,0.400000000000006,-0.400000000000006,0.400000000000006,1,1,1,1,1,1,48,12,1,20,122249.727224802,0,common_el_refocus_power_rank1,medium,1,0,0,0,0,1,0.0342512,1,1,0,0,0,0,0.00175743903732849,0,0,0
close_coherent_pair,16,14,2,1,1,0,0.8,-0.4,0.4,0,0,1,-0.000771717050261387,1.15596109090137e-05,0,1,0,0.400000000000006,-0.400000000000006,0.400000000000006,1,1,1,1,1,1,48,12,1,23,121998.088513194,0,common_el_refocus_power_rank1,medium,1,0,0,0,0,1,0.0340713,1,1,0,0,0,0,1.15596109090137e-05,0,0,0
close_coherent_pair,16,15,2,1,1,0,0.8,-0.4,0.4,0,0,1,0.000380972119262347,-0.000781769633890659,0,1,0,0.400000000000006,-0.400000000000006,0.400000000000006,1,1,1,1,1,1,48,12,1,21,122005.325500581,0,common_el_refocus_power_rank1,medium,1,0,0,0,0,1,0.0332769,1,1,0,0,0,0,-0.000781769633890659,0,0,0
close_coherent_pair,16,16,2,1,1,0,0.8,-0.4,0.4,0,0,1,-0.00143715248564966,-0.000988963926047248,0,1,0,0.400000000000006,-0.400000000000006,0.400000000000006,1,1,1,1,1,1,48,12,1,17,122317.401783139,0,common_el_refocus_power_rank1,medium,1,0,0,0,0,1,0.0318106,1,1,0,0,0,0,-0.000988963926047248,0,0,0
close_coherent_pair,16,17,2,1,1,0,0.8,-0.4,0.4,0,0,1,-0.000626161769407196,-0.000441005175864225,0,1,0,0.400000000000006,-0.400000000000006,0.400000000000006,1,1,1,1,1,1,48,12,1,21,122241.823979097,0,common_el_refocus_power_rank1,medium,1,0,0,0,0,1,0.0330578,1,1,0,0,0,0,-0.000441005175864225,0,0,0
close_coherent_pair,16,18,2,1,1,0,0.8,-0.4,0.4,0,0,1,7.82889548753274e-05,-0.000460050335930824,0,1,0,0.400000000000006,-0.400000000000006,0.400000000000006,1,1,1,1,1,1,48,12,1,20,122171.627925912,0,common_el_refocus_power_rank1,medium,1,0,0,0,0,1,0.0331885,1,1,0,0,0,0,-0.000460050335930824,0,0,0
close_coherent_pair,16,19,2,1,1,0,0.8,-0.4,0.4,0,0,1,0.000668983221709916,-0.000178700908740734,0,1,0,0.400000000000006,-0.400000000000006,0.400000000000006,1,1,1,1,1,1,48,12,1,21,122095.309627536,0,common_el_refocus_power_rank1,medium,1,0,0,0,0,1,0.03266,1,1,0,0,0,0,-0.000178700908740734,0,0,0
close_coherent_pair,16,20,2,1,1,0,0.8,-0.4,0.4,0,0,1,-0.000927319046437727,0.000338625404432088,0,1,0,0.400000000000006,-0.400000000000006,0.400000000000006,1,1,1,1,1,1,48,12,1,22,122201.172304327,0,common_el_refocus_power_rank1,medium,1,0,0,0,0,1,0.0331277,1,1,0,0,0,0,0.000338625404432088,0,0,0
close_coherent_pair,16,21,2,1,1,0,0.8,-0.4,0.4,0,0,1,0.000369705973171838,-0.00100702257090575,0,1,0,0.400000000000006,-0.400000000000006,0.400000000000006,1,1,1,1,1,1,48,12,1,23,121879.292310484,0,common_el_refocus_power_rank1,medium,1,0,0,0,0,1,0.0330405,1,1,0,0,0,0,-0.00100702257090575,0,0,0
close_coherent_pair,16,22,2,1,1,0,0.8,-0.4,0.4,0,0,1,0.000127008932593751,-0.000950904162371224,0,1,0,0.400000000000006,-0.400000000000006,0.400000000000006,1,1,1,1,1,1,48,12,1,20,122106.313471682,0,common_el_refocus_power_rank1,medium,1,0,0,0,0,1,0.0318576,1,1,0,0,0,0,-0.000950904162371224,0,0,0
close_coherent_pair,16,23,2,1,1,0,0.8,-0.4,0.4,0,0,1,0.000259169967900814,-0.000468382774492733,0,1,0,0.400000000000006,-0.400000000000006,0.400000000000006,1,1,1,1,1,1,48,12,1,18,122138.793390183,0,common_el_refocus_power_rank1,medium,1,0,0,0,0,1,0.0405307,1,1,0,0,0,0,-0.000468382774492733,0,0,0
close_coherent_pair,16,24,2,1,1,0,0.8,-0.4,0.4,0,0,1,0.00255303975685474,0.00112452248196865,0,1,0,0.400000000000006,-0.400000000000006,0.400000000000006,1,1,1,1,1,1,48,12,1,20,121813.350472823,0,common_el_refocus_power_rank1,medium,1,0,0,0,0,1,0.0397209,1,1,0,0,0,0,0.00112452248196865,0,0,0
close_coherent_pair,16,25,2,1,1,0,0.8,-0.4,0.4,0,0,1,-7.10637483924867e-06,-0.000205078287096923,0,1,0,0.400000000000006,-0.400000000000006,0.400000000000006,1,1,1,1,1,1,48,12,1,21,122104.543010172,0,common_el_refocus_power_rank1,medium,1,0,0,0,0,1,0.0368978,1,1,0,0,0,0,-0.000205078287096923,0,0,0
close_coherent_pair,16,26,2,1,1,0,0.8,-0.4,0.4,0,0,1,0.0013963060481772,0.000262443078195936,0,1,0,0.400000000000006,-0.400000000000006,0.400000000000006,1,1,1,1,1,1,48,12,1,20,122046.344592408,0,common_el_refocus_power_rank1,medium,1,0,0,0,0,1,0.0363045,1,1,0,0,0,0,0.000262443078195936,0,0,0
close_coherent_pair,16,27,2,1,1,0,0.8,-0.4,0.4,0,0,1,0.000315428744749396,0.00173265289428809,0,1,0,0.400000000000006,-0.400000000000006,0.400000000000006,1,1,1,1,1,1,48,12,1,20,122237.224354712,0,common_el_refocus_power_rank1,medium,1,0,0,0,0,1,0.0360838,1,1,0,0,0,0,0.00173265289428809,0,0,0
close_coherent_pair,16,28,2,1,1,0,0.8,-0.4,0.4,0,0,1,-0.000659132026897303,-0.00103366143989532,0,1,0,0.400000000000006,-0.400000000000006,0.400000000000006,1,1,1,1,1,1,48,12,1,18,122085.821028644,0,common_el_refocus_power_rank1,medium,1,0,0,0,0,1,0.0363006,1,1,0,0,0,0,-0.00103366143989532,0,0,0
close_coherent_pair,16,29,2,1,1,0,0.8,-0.4,0.4,0,0,1,-0.000401245854275055,0.000886019741495628,0,1,0,0.400000000000006,-0.400000000000006,0.400000000000006,1,1,1,1,1,1,48,12,1,20,122163.66850402,0,common_el_refocus_power_rank1,medium,1,0,0,0,0,1,0.0363422,1,1,0,0,0,0,0.000886019741495628,0,0,0
close_coherent_pair,16,30,2,1,1,0,0.8,-0.4,0.4,0,0,1,-4.55595297435635e-05,0.000261167155582784,0,1,0,0.400000000000006,-0.400000000000006,0.400000000000006,1,1,1,1,1,1,48,12,1,21,122373.24299823,0,common_el_refocus_power_rank1,medium,1,0,0,0,0,1,0.0372035,1,1,0,0,0,0,0.000261167155582784,0,0,0
close_coherent_pair,8,1,2,1,1,0,0.8,0.06875,0.86875,0,0,1,0.468312074815408,0.00150010630498932,0,1,-0.46875,-0.0687499999999943,0.0687499999999943,0.868750000000006,1,1,1,1,1,1,48,12,1,10,121641.045714974,0,level2_rank1_fallback,medium,1,0,0,0,0,1,0.037783,1,1,1,0,0,0,0.00150010630498932,0,0,0
close_coherent_pair,8,2,2,1,1,0,0.8,0.06875,0.86875,0,0,1,0.46837435470765,0.00133735284133076,0,1,-0.46875,-0.0687499999999943,0.0687499999999943,0.868750000000006,1,1,1,1,1,1,48,12,1,12,121568.542654604,0,level2_rank1_fallback,medium,1,0,0,0,0,1,0.0346591,1,1,1,0,0,0,0.00133735284133076,0,0,0
close_coherent_pair,8,3,2,1,1,0,0.8,0.06875,0.86875,0,0,1,0.474568459096482,0.000834548807394511,0,1,-0.46875,-0.0687499999999943,0.0687499999999943,0.868750000000006,1,1,1,1,1,1,48,12,1,12,121711.81108657,0,level2_rank1_fallback,medium,1,0,0,0,0,1,0.0424492,1,1,1,0,0,0,0.000834548807394511,0,0,0
close_coherent_pair,8,4,2,1,1,0,0.8,0.06875,0.86875,0,0,1,0.467792008970062,0.00181479467764616,0,1,-0.46875,-0.0687499999999943,0.0687499999999943,0.868750000000006,1,1,1,1,1,1,48,12,1,11,122141.774987949,0,level2_rank1_fallback,medium,1,0,0,0,0,1,0.0439223,1,1,1,0,0,0,0.00181479467764616,0,0,0
close_coherent_pair,8,5,2,1,1,0,0.8,0.06875,0.86875,0,0,1,0.469760910264676,-0.00107058597806259,0,1,-0.46875,-0.0687499999999943,0.0687499999999943,0.868750000000006,1,1,1,1,1,1,48,12,1,12,121820.108137456,0,level2_rank1_fallback,medium,1,0,0,0,0,1,0.0384711,1,1,1,0,0,0,-0.00107058597806259,0,0,0
close_coherent_pair,8,6,2,1,1,0,0.8,0.06875,0.86875,0,0,1,0.468437187753766,0.00182827561815262,0,1,-0.46875,-0.0687499999999943,0.0687499999999943,0.868750000000006,1,1,1,1,1,1,48,12,1,12,121630.585947475,0,level2_rank1_fallback,medium,1,0,0,0,0,1,0.0392031,1,1,1,0,0,0,0.00182827561815262,0,0,0
close_coherent_pair,8,7,2,1,1,0,0.8,0.06875,0.86875,0,0,1,0.467847961149736,-0.000330955927435217,0,1,-0.46875,-0.0687499999999943,0.0687499999999943,0.868750000000006,1,1,1,1,1,1,48,12,1,11,122090.649905889,0,level2_rank1_fallback,medium,1,0,0,0,0,1,0.0439894,1,1,1,0,0,0,-0.000330955927435217,0,0,0
close_coherent_pair,8,8,2,1,1,0,0.8,0.06875,0.86875,0,0,1,0.46649489881909,0.00390803203893176,0,1,-0.46875,-0.0687499999999943,0.0687499999999943,0.868750000000006,1,1,1,1,1,1,48,12,1,11,121937.341944331,0,level2_rank1_fallback,medium,1,0,0,0,0,1,0.0364523,1,1,1,0,0,0,0.00390803203893176,0,0,0
close_coherent_pair,8,9,2,1,1,0,0.8,0.06875,0.86875,0,0,1,0.467979172905491,0.00427601646585165,0,1,-0.46875,-0.0687499999999943,0.0687499999999943,0.868750000000006,1,1,1,1,1,1,48,12,1,12,121842.538195825,0,level2_rank1_fallback,medium,1,0,0,0,0,1,0.0350865,1,1,1,0,0,0,0.00427601646585165,0,0,0
close_coherent_pair,8,10,2,1,1,0,0.8,0.06875,0.86875,0,0,1,0.466854133406358,0.000709354631738775,0,1,-0.46875,-0.0687499999999943,0.0687499999999943,0.868750000000006,1,1,1,1,1,1,48,12,1,12,121414.464975269,0,level2_rank1_fallback,medium,1,0,0,0,0,1,0.0345996,1,1,1,0,0,0,0.000709354631738775,0,0,0
close_coherent_pair,8,11,2,1,1,0,0.8,0.06875,0.86875,0,0,1,0.471476967437978,-0.00319085358821113,0,1,-0.46875,-0.0687499999999943,0.0687499999999943,0.868750000000006,1,1,1,1,1,1,48,12,1,12,121927.913988912,0,level2_rank1_fallback,medium,1,0,0,0,0,1,0.0368734,1,1,1,0,0,0,-0.00319085358821113,0,0,0
close_coherent_pair,8,12,2,1,1,0,0.8,0.06875,0.86875,0,0,1,0.468605157098375,-0.00282593741910153,0,1,-0.46875,-0.0687499999999943,0.0687499999999943,0.868750000000006,1,1,1,1,1,1,48,12,1,12,122295.29916339,0,level2_rank1_fallback,medium,1,0,0,0,0,1,0.0380929,1,1,1,0,0,0,-0.00282593741910153,0,0,0
close_coherent_pair,8,13,2,1,1,0,0.8,0.06875,0.86875,0,0,1,0.469775974767696,0.000365620993756969,0,1,-0.46875,-0.0687499999999943,0.0687499999999943,0.868750000000006,1,1,1,1,1,1,48,12,1,12,122387.161931123,0,low_confidence,low,0,0,0,1,0,1,0.2259301,1,1,1,1,0,0,0.000365620993756969,0,0,0
close_coherent_pair,8,14,2,1,1,0,0.8,0.06875,0.86875,0,0,1,0.468087941710203,-0.00324826751927706,0,1,-0.46875,-0.0687499999999943,0.0687499999999943,0.868750000000006,1,1,1,1,1,1,48,12,1,10,122053.966069329,0,level2_rank1_fallback,medium,1,0,0,0,0,1,0.0348353,1,1,1,0,0,0,-0.00324826751927706,0,0,0
close_coherent_pair,8,15,2,1,1,0,0.8,0.06875,0.86875,0,0,1,0.468995262071287,-2.91363646577836e-05,0,1,-0.46875,-0.0687499999999943,0.0687499999999943,0.868750000000006,1,1,1,1,1,1,48,12,1,12,121666.761996097,0,level2_rank1_fallback,medium,1,0,0,0,0,1,0.0356279,1,1,1,0,0,0,-2.91363646577836e-05,0,0,0
close_coherent_pair,8,16,2,1,1,0,0.8,0.06875,0.86875,0,0,1,0.467458196543739,-0.00458206282083133,0,1,-0.46875,-0.0687499999999943,0.0687499999999943,0.868750000000006,1,1,1,1,1,1,48,12,1,12,122186.963349025,0,level2_rank1_fallback,medium,1,0,0,0,0,1,0.0368881,1,1,1,0,0,0,-0.00458206282083133,0,0,0
close_coherent_pair,8,17,2,1,1,0,0.8,0.06875,0.86875,0,0,1,0.469774500946182,-0.0029115043588103,0,1,-0.46875,-0.0687499999999943,0.0687499999999943,0.868750000000006,1,1,1,1,1,1,48,12,1,11,122366.219478303,0,level2_rank1_fallback,medium,1,0,0,0,0,1,0.0381987,1,1,1,0,0,0,-0.0029115043588103,0,0,0
close_coherent_pair,8,18,2,1,1,0,0.8,0.06875,0.86875,0,0,1,0.467429445208178,-0.00164354779902978,0,1,-0.46875,-0.0687499999999943,0.0687499999999943,0.868750000000006,1,1,1,1,1,1,48,12,1,12,122238.085654815,0,level2_rank1_fallback,medium,1,0,0,0,0,1,0.0364384,1,1,1,0,0,0,-0.00164354779902978,0,0,0
close_coherent_pair,8,19,2,1,1,0,0.8,0.06875,0.86875,0,0,1,0.468154048606362,-0.00371266845316607,0,1,-0.46875,-0.0687499999999943,0.0687499999999943,0.868750000000006,1,1,1,1,1,1,48,12,1,12,122022.389945282,0,level2_rank1_fallback,medium,1,0,0,0,0,1,0.0349412,1,1,1,0,0,0,-0.00371266845316607,0,0,0
close_coherent_pair,8,20,2,1,1,0,0.8,0.06875,0.86875,0,0,1,0.469494333303088,0.00331384660747217,0,1,-0.46875,-0.0687499999999943,0.0687499999999943,0.868750000000006,1,1,1,1,1,1,48,12,1,12,121939.625736423,0,level2_rank1_fallback,medium,1,0,0,0,0,1,0.0353613,1,1,1,0,0,0,0.00331384660747217,0,0,0
close_coherent_pair,8,21,2,1,1,0,0.8,0.06875,0.86875,0,0,1,0.468849944221173,-0.000606956129888569,0,1,-0.46875,-0.0687499999999943,0.0687499999999943,0.868750000000006,1,1,1,1,1,1,48,12,1,12,121822.578516086,0,level2_rank1_fallback,medium,1,0,0,0,0,1,0.0356268,1,1,1,0,0,0,-0.000606956129888569,0,0,0
close_coherent_pair,8,22,2,1,1,0,0.8,0.06875,0.86875,0,0,1,0.469842851561323,-0.00216610014202208,0,1,-0.46875,-0.0687499999999943,0.0687499999999943,0.868750000000006,1,1,1,1,1,1,48,12,1,11,122394.118224712,0,level2_rank1_fallback,medium,1,0,0,0,0,1,0.0354326,1,1,1,0,0,0,-0.00216610014202208,0,0,0
close_coherent_pair,8,23,2,1,1,0,0.8,0.06875,0.86875,0,0,1,0.47075552044424,0.000240954200982731,0,1,-0.46875,-0.0687499999999943,0.0687499999999943,0.868750000000006,1,1,1,1,1,1,48,12,1,12,122383.980479993,0,level2_rank1_fallback,medium,1,0,0,0,0,1,0.0359666,1,1,1,0,0,0,0.000240954200982731,0,0,0
close_coherent_pair,8,24,2,1,1,0,0.8,0.06875,0.86875,0,0,1,0.471586495413643,-0.00169160199025385,0,1,-0.46875,-0.0687499999999943,0.0687499999999943,0.868750000000006,1,1,1,1,1,1,48,12,1,11,122480.586507594,0,level2_rank1_fallback,medium,1,0,0,0,0,1,0.0365359,1,1,1,0,0,0,-0.00169160199025385,0,0,0
close_coherent_pair,8,25,2,1,1,0,0.8,0.06875,0.86875,0,0,1,0.468435765727098,0.00524705345998962,0,1,-0.46875,-0.0687499999999943,0.0687499999999943,0.868750000000006,1,1,1,1,1,1,48,12,1,13,121805.867290516,0,low_confidence,low,0,0,0,1,0,1,0.2379568,1,1,1,1,0,0,0.00524705345998962,0,0,0
close_coherent_pair,8,26,2,1,1,0,0.8,0.06875,0.86875,0,0,1,0.469356605561486,-0.00201099525122968,0,1,-0.46875,-0.0687499999999943,0.0687499999999943,0.868750000000006,1,1,1,1,1,1,48,12,1,12,121923.77613631,0,level2_rank1_fallback,medium,1,0,0,0,0,1,0.0362648,1,1,1,0,0,0,-0.00201099525122968,0,0,0
close_coherent_pair,8,27,2,1,1,0,0.8,0.06875,0.86875,0,0,1,0.468476849246837,-0.00034656022719356,0,1,-0.46875,-0.0687499999999943,0.0687499999999943,0.868750000000006,1,1,1,1,1,1,48,12,1,13,122017.435614313,0,level2_rank1_fallback,medium,1,0,0,0,0,1,0.0402894,1,1,1,0,0,0,-0.00034656022719356,0,0,0
close_coherent_pair,8,28,2,1,1,0,0.8,0.06875,0.86875,0,0,1,0.466776770673258,-0.00171056721228919,0,1,-0.46875,-0.0687499999999943,0.0687499999999943,0.868750000000006,1,1,1,1,1,1,48,12,1,12,122472.766115162,0,level2_rank1_fallback,medium,1,0,0,0,0,1,0.0357687,1,1,1,0,0,0,-0.00171056721228919,0,0,0
close_coherent_pair,8,29,2,1,1,0,0.8,0.06875,0.86875,0,0,1,0.467879015868492,-0.00602998896028495,0,1,-0.46875,-0.0687499999999943,0.0687499999999943,0.868750000000006,1,1,1,1,1,1,48,12,1,12,122088.181523748,0,level2_rank1_fallback,medium,1,0,0,0,0,1,0.0350316,1,1,1,0,0,0,-0.00602998896028495,0,0,0
close_coherent_pair,8,30,2,1,1,0,0.8,0.06875,0.86875,0,0,1,0.470000946646939,-0.00228699777337475,0,1,-0.46875,-0.0687499999999943,0.0687499999999943,0.868750000000006,1,1,1,1,1,1,48,12,1,12,122139.275613232,0,low_confidence,low,0,0,0,1,0,1,0.2221257,1,1,1,1,0,0,-0.00228699777337475,0,0,0
close_coherent_pair,16,1,2,1,1,0,0.8,0.06875,0.86875,0,0,1,0.469774083558095,-0.000345060023627633,0,1,-0.46875,-0.0687499999999943,0.0687499999999943,0.868750000000006,1,1,1,1,1,1,48,12,1,19,121947.214114443,0,level2_rank1_fallback,medium,1,0,0,0,0,1,0.0375256,1,1,1,0,0,0,-0.000345060023627633,0,0,0
close_coherent_pair,16,2,2,1,1,0,0.8,0.06875,0.86875,0,0,1,0.468528100252214,-2.14054547584006e-05,0,1,-0.46875,-0.0687499999999943,0.0687499999999943,0.868750000000006,1,1,1,1,1,1,48,12,1,22,121796.522912165,0,level2_rank1_fallback,medium,1,0,0,0,0,1,0.0359369,1,1,1,0,0,0,-2.14054547584006e-05,0,0,0
close_coherent_pair,16,3,2,1,1,0,0.8,0.06875,0.86875,0,0,1,0.468567338724596,-0.00139998001628309,0,1,-0.46875,-0.0687499999999943,0.0687499999999943,0.868750000000006,1,1,1,1,1,1,48,12,1,20,121980.058848917,0,level2_rank1_fallback,medium,1,0,0,0,0,1,0.0364132,1,1,1,0,0,0,-0.00139998001628309,0,0,0
close_coherent_pair,16,4,2,1,1,0,0.8,0.06875,0.86875,0,0,1,0.46727862733144,-0.00124134431423353,0,1,-0.46875,-0.0687499999999943,0.0687499999999943,0.868750000000006,1,1,1,1,1,1,48,12,1,21,122395.446155238,0,level2_rank1_fallback,medium,1,0,0,0,0,1,0.0379968,1,1,1,0,0,0,-0.00124134431423353,0,0,0
close_coherent_pair,16,5,2,1,1,0,0.8,0.06875,0.86875,0,0,1,0.467812268181231,-0.000211973655519,0,1,-0.46875,-0.0687499999999943,0.0687499999999943,0.868750000000006,1,1,1,1,1,1,48,12,1,19,122081.209405099,0,level2_rank1_fallback,medium,1,0,0,0,0,1,0.036419,1,1,1,0,0,0,-0.000211973655519,0,0,0
close_coherent_pair,16,6,2,1,1,0,0.8,0.06875,0.86875,0,0,1,0.468365750568601,0.00170611575600094,0,1,-0.46875,-0.0687499999999943,0.0687499999999943,0.868750000000006,1,1,1,1,1,1,48,12,1,21,122145.192826862,0,level2_rank1_fallback,medium,1,0,0,0,0,1,0.0345629,1,1,1,0,0,0,0.00170611575600094,0,0,0
close_coherent_pair,16,7,2,1,1,0,0.8,0.06875,0.86875,0,0,1,0.467879802844098,-0.000210703906781085,0,1,-0.46875,-0.0687499999999943,0.0687499999999943,0.868750000000006,1,1,1,1,1,1,48,12,1,23,122621.491717568,0,level2_rank1_fallback,medium,1,0,0,0,0,1,0.0364504,1,1,1,0,0,0,-0.000210703906781085,0,0,0
close_coherent_pair,16,8,2,1,1,0,0.8,0.06875,0.86875,0,0,1,0.467344094933681,-0.00127323616945607,0,1,-0.46875,-0.0687499999999943,0.0687499999999943,0.868750000000006,1,1,1,1,1,1,48,12,1,16,122228.092740463,0,level2_rank1_fallback,medium,1,0,0,0,0,1,0.0362077,1,1,1,0,0,0,-0.00127323616945607,0,0,0
close_coherent_pair,16,9,2,1,1,0,0.8,0.06875,0.86875,0,0,1,0.46896038177797,0.00129667343551166,0,1,-0.46875,-0.0687499999999943,0.0687499999999943,0.868750000000006,1,1,1,1,1,1,48,12,1,26,122145.288439769,0,low_confidence,low,0,0,0,1,0,1,0.2212947,1,1,1,1,0,0,0.00129667343551166,0,0,0
close_coherent_pair,16,10,2,1,1,0,0.8,0.06875,0.86875,0,0,1,0.468640885155505,-0.000526048856185123,0,1,-0.46875,-0.0687499999999943,0.0687499999999943,0.868750000000006,1,1,1,1,1,1,48,12,1,23,122426.656185979,0,level2_rank1_fallback,medium,1,0,0,0,0,1,0.0402575,1,1,1,0,0,0,-0.000526048856185123,0,0,0
close_coherent_pair,16,11,2,1,1,0,0.8,0.06875,0.86875,0,0,1,0.468467146423165,-0.000277218961339433,0,1,-0.46875,-0.0687499999999943,0.0687499999999943,0.868750000000006,1,1,1,1,1,1,48,12,1,23,122110.986705398,0,level2_rank1_fallback,medium,1,0,0,0,0,1,0.037652,1,1,1,0,0,0,-0.000277218961339433,0,0,0
close_coherent_pair,16,12,2,1,1,0,0.8,0.06875,0.86875,0,0,1,0.467946550282792,-0.00150968112275919,0,1,-0.46875,-0.0687499999999943,0.0687499999999943,0.868750000000006,1,1,1,1,1,1,48,12,1,20,121728.981384934,0,level2_rank1_fallback,medium,1,0,0,0,0,1,0.0371781,1,1,1,0,0,0,-0.00150968112275919,0,0,0
close_coherent_pair,16,13,2,1,1,0,0.8,0.06875,0.86875,0,0,1,0.467742813584994,0.000879365168864908,0,1,-0.46875,-0.0687499999999943,0.0687499999999943,0.868750000000006,1,1,1,1,1,1,48,12,1,20,122179.323513619,0,level2_rank1_fallback,medium,1,0,0,0,0,1,0.035338,1,1,1,0,0,0,0.000879365168864908,0,0,0
close_coherent_pair,16,14,2,1,1,0,0.8,0.06875,0.86875,0,0,1,0.469450899664183,0.000218418964876687,0,1,-0.46875,-0.0687499999999943,0.0687499999999943,0.868750000000006,1,1,1,1,1,1,48,12,1,18,122068.809052739,0,level2_rank1_fallback,medium,1,0,0,0,0,1,0.0367293,1,1,1,0,0,0,0.000218418964876687,0,0,0
close_coherent_pair,16,15,2,1,1,0,0.8,0.06875,0.86875,0,0,1,0.468677225816781,-0.000471737708257286,0,1,-0.46875,-0.0687499999999943,0.0687499999999943,0.868750000000006,1,1,1,1,1,1,48,12,1,21,122336.142524384,0,level2_rank1_fallback,medium,1,0,0,0,0,1,0.0378433,1,1,1,0,0,0,-0.000471737708257286,0,0,0
close_coherent_pair,16,16,2,1,1,0,0.8,0.06875,0.86875,0,0,1,0.46777941636022,-0.000487269166492441,0,1,-0.46875,-0.0687499999999943,0.0687499999999943,0.868750000000006,1,1,1,1,1,1,48,12,1,22,122110.723695427,0,level2_rank1_fallback,medium,1,0,0,0,0,1,0.0362505,1,1,1,0,0,0,-0.000487269166492441,0,0,0
close_coherent_pair,16,17,2,1,1,0,0.8,0.06875,0.86875,0,0,1,0.467923389825271,0.000296684355890165,0,1,-0.46875,-0.0687499999999943,0.0687499999999943,0.868750000000006,1,1,1,1,1,1,48,12,1,21,122194.970124712,0,level2_rank1_fallback,medium,1,0,0,0,0,1,0.0338906,1,1,1,0,0,0,0.000296684355890165,0,0,0
close_coherent_pair,16,18,2,1,1,0,0.8,0.06875,0.86875,0,0,1,0.46852897855794,-3.58184874314626e-05,0,1,-0.46875,-0.0687499999999943,0.0687499999999943,0.868750000000006,1,1,1,1,1,1,48,12,1,19,122220.020912891,0,level2_rank1_fallback,medium,1,0,0,0,0,1,0.0356573,1,1,1,0,0,0,-3.58184874314626e-05,0,0,0
close_coherent_pair,16,19,2,1,1,0,0.8,0.06875,0.86875,0,0,1,0.47084937556588,0.00321113642919035,0,1,-0.46875,-0.0687499999999943,0.0687499999999943,0.868750000000006,1,1,1,1,1,1,48,12,1,18,122151.561783784,0,level2_rank1_fallback,medium,1,0,0,0,0,1,0.0475015,1,1,1,0,0,0,0.00321113642919035,0,0,0
close_coherent_pair,16,20,2,1,1,0,0.8,0.06875,0.86875,0,0,1,0.468460384350947,-0.000687648008792167,0,1,-0.46875,-0.0687499999999943,0.0687499999999943,0.868750000000006,1,1,1,1,1,1,48,12,1,20,122005.791856708,0,level2_rank1_fallback,medium,1,0,0,0,0,1,0.0369408,1,1,1,0,0,0,-0.000687648008792167,0,0,0
close_coherent_pair,16,21,2,1,1,0,0.8,0.06875,0.86875,0,0,1,0.471312808507893,0.000331705677160674,0,1,-0.46875,-0.0687499999999943,0.0687499999999943,0.868750000000006,1,1,1,1,1,1,48,12,1,15,122167.702495733,0,level2_rank1_fallback,medium,1,0,0,0,0,1,0.0377915,1,1,1,0,0,0,0.000331705677160674,0,0,0
close_coherent_pair,16,22,2,1,1,0,0.8,0.06875,0.86875,0,0,1,0.468273321956227,-0.000398446215112575,0,1,-0.46875,-0.0687499999999943,0.0687499999999943,0.868750000000006,1,1,1,1,1,1,48,12,1,18,121941.022571663,0,low_confidence,low,0,0,0,1,0,1,0.234302,1,1,1,1,0,0,-0.000398446215112575,0,0,0
close_coherent_pair,16,23,2,1,1,0,0.8,0.06875,0.86875,0,0,1,0.467871252384811,-0.000585796091121978,0,1,-0.46875,-0.0687499999999943,0.0687499999999943,0.868750000000006,1,1,1,1,1,1,48,12,1,19,121868.883515737,0,level2_rank1_fallback,medium,1,0,0,0,0,1,0.0369584,1,1,1,0,0,0,-0.000585796091121978,0,0,0
close_coherent_pair,16,24,2,1,1,0,0.8,0.06875,0.86875,0,0,1,0.469056935041274,0.00144191391651566,0,1,-0.46875,-0.0687499999999943,0.0687499999999943,0.868750000000006,1,1,1,1,1,1,48,12,1,18,121974.220756575,0,level2_rank1_fallback,medium,1,0,0,0,0,1,0.0346112,1,1,1,0,0,0,0.00144191391651566,0,0,0
close_coherent_pair,16,25,2,1,1,0,0.8,0.06875,0.86875,0,0,1,0.467403351316512,0.000630800787807663,0,1,-0.46875,-0.0687499999999943,0.0687499999999943,0.868750000000006,1,1,1,1,1,1,48,12,1,19,122179.102326408,0,level2_rank1_fallback,medium,1,0,0,0,0,1,0.0352033,1,1,1,0,0,0,0.000630800787807663,0,0,0
close_coherent_pair,16,26,2,1,1,0,0.8,0.06875,0.86875,0,0,1,0.467162100403444,-0.000597594100961972,0,1,-0.46875,-0.0687499999999943,0.0687499999999943,0.868750000000006,1,1,1,1,1,1,48,12,1,18,122049.13605537,0,level2_rank1_fallback,medium,1,0,0,0,0,1,0.0340309,1,1,1,0,0,0,-0.000597594100961972,0,0,0
close_coherent_pair,16,27,2,1,1,0,0.8,0.06875,0.86875,0,0,1,0.469522553783876,0.000172979979135274,0,1,-0.46875,-0.0687499999999943,0.0687499999999943,0.868750000000006,1,1,1,1,1,1,48,12,1,22,121836.0456492,0,level2_rank1_fallback,medium,1,0,0,0,0,1,0.0422384,1,1,1,0,0,0,0.000172979979135274,0,0,0
close_coherent_pair,16,28,2,1,1,0,0.8,0.06875,0.86875,0,0,1,0.468631042939838,0.00196968877041287,0,1,-0.46875,-0.0687499999999943,0.0687499999999943,0.868750000000006,1,1,1,1,1,1,48,12,1,23,122130.911107473,0,level2_rank1_fallback,medium,1,0,0,0,0,1,0.0363738,1,1,1,0,0,0,0.00196968877041287,0,0,0
close_coherent_pair,16,29,2,1,1,0,0.8,0.06875,0.86875,0,0,1,0.469816131902703,0.00164044892796875,0,1,-0.46875,-0.0687499999999943,0.0687499999999943,0.868750000000006,1,1,1,1,1,1,48,12,1,19,121953.583552666,0,level2_rank1_fallback,medium,1,0,0,0,0,1,0.0367709,1,1,1,0,0,0,0.00164044892796875,0,0,0
close_coherent_pair,16,30,2,1,1,0,0.8,0.06875,0.86875,0,0,1,0.468533559797704,-0.00087566721852113,0,1,-0.46875,-0.0687499999999943,0.0687499999999943,0.868750000000006,1,1,1,1,1,1,48,12,1,17,122099.18561224,0,level2_rank1_fallback,medium,1,0,0,0,0,1,0.03676,1,1,1,0,0,0,-0.00087566721852113,0,0,0
medium_beta_pair,8,1,2,0.5,1,0,0.5,-0.71875,-0.21875,0,0,1,-0.553604031514763,-0.00184640955798163,0,1,0.46875,0.71875,-0.71875,-0.21875,1,1,1,1,1,1,48,12,1,12,71837.6595021784,0,level2_rank1_fallback,medium,0,0,0,0,0,1,0.0349955,1,1,1,0,0,0,-0.00184640955798163,0,0,0
medium_beta_pair,8,2,2,0.5,1,0,0.5,-0.71875,-0.21875,0,0,1,-0.551116651873277,-0.00236534900490088,0,1,0.46875,0.71875,-0.71875,-0.21875,1,1,1,1,1,1,48,12,1,11,71717.2554597185,0,level2_rank1_fallback,medium,0,0,0,0,0,1,0.0350072,1,1,1,0,0,0,-0.00236534900490088,0,0,0
medium_beta_pair,8,3,2,0.5,1,0,0.5,-0.71875,-0.21875,0,0,1,-0.554853341934043,-0.00333537177686558,0,1,0.46875,0.71875,-0.71875,-0.21875,1,1,1,1,1,1,48,12,1,12,72086.5436417193,0,level2_rank1_fallback,medium,0,0,0,0,0,1,0.035312,1,1,1,0,0,0,-0.00333537177686558,0,0,0
medium_beta_pair,8,4,2,0.5,1,0,0.5,-0.71875,-0.21875,0,0,1,-0.550828441510816,0.00531446309624979,0,1,0.46875,0.71875,-0.71875,-0.21875,1,1,1,1,1,1,48,12,1,11,72121.5855989747,0,level2_rank1_fallback,medium,0,0,0,0,0,1,0.034724,1,1,1,0,0,0,0.00531446309624979,0,0,0
medium_beta_pair,8,5,2,0.5,1,0,0.5,-0.71875,-0.21875,0,0,1,-0.551325643646366,-9.51926499866337e-07,0,1,0.46875,0.71875,-0.71875,-0.21875,1,1,1,1,1,1,48,12,1,12,71703.0388022185,0,level2_rank1_fallback,medium,0,0,0,0,0,1,0.0356238,1,1,1,0,0,0,-9.51926499866337e-07,0,0,0
medium_beta_pair,8,6,2,0.5,1,0,0.5,-0.71875,-0.21875,0,0,1,-0.550499789738973,-0.00279974376247494,0,1,0.46875,0.71875,-0.71875,-0.21875,1,1,1,1,1,1,48,12,1,12,71778.9310058712,0,level2_rank1_fallback,medium,0,0,0,0,0,1,0.0359831,1,1,1,0,0,0,-0.00279974376247494,0,0,0
medium_beta_pair,8,7,2,0.5,1,0,0.5,-0.71875,-0.21875,0,0,1,-0.552896986653385,0.00441736808007327,0,1,0.46875,0.71875,-0.71875,-0.21875,1,1,1,1,1,1,48,12,1,12,72106.524241806,0,level2_rank1_fallback,medium,1,0,0,0,0,1,0.0357308,1,1,1,0,0,0,0.00441736808007327,0,0,0
medium_beta_pair,8,8,2,0.5,1,0,0.5,-0.71875,-0.21875,0,0,1,-0.557655297955991,-0.00382393670577398,0,1,0.46875,0.71875,-0.71875,-0.21875,1,1,1,1,1,1,48,12,1,12,72083.6858321383,0,level2_rank1_fallback,medium,0,0,0,0,0,1,0.0365029,1,1,1,0,0,0,-0.00382393670577398,0,0,0
medium_beta_pair,8,9,2,0.5,1,0,0.5,-0.71875,-0.21875,0,0,1,-0.552160816201992,-0.00117843360381091,0,1,0.46875,0.71875,-0.71875,-0.21875,1,1,1,1,1,1,48,12,1,11,71837.3033951585,0,level2_rank1_fallback,medium,0,0,0,0,0,1,0.0359572,1,1,1,0,0,0,-0.00117843360381091,0,0,0
medium_beta_pair,8,10,2,0.5,1,0,0.5,-0.71875,-0.21875,0,0,1,-0.553078407806863,0.00207946067944767,0,1,0.46875,0.71875,-0.71875,-0.21875,1,1,1,1,1,1,48,12,1,11,71857.291153484,0,level2_rank1_fallback,medium,0,0,0,0,0,1,0.035328,1,1,1,0,0,0,0.00207946067944767,0,0,0
medium_beta_pair,8,11,2,0.5,1,0,0.5,-0.71875,-0.21875,0,0,1,-0.553243184038147,-0.00246066426146762,0,1,0.46875,0.71875,-0.71875,-0.21875,1,1,1,1,1,1,48,12,1,12,71787.8610395827,0,level2_rank1_fallback,medium,0,0,0,0,0,1,0.0350213,1,1,1,0,0,0,-0.00246066426146762,0,0,0
medium_beta_pair,8,12,2,0.5,1,0,0.5,-0.71875,-0.21875,0,0,1,-0.556968911574875,0.000880905542045674,0,1,0.46875,0.71875,-0.71875,-0.21875,1,1,1,1,1,1,48,12,1,11,72054.481040345,0,level2_rank1_fallback,medium,0,0,0,0,0,1,0.0356424,1,1,1,0,0,0,0.000880905542045674,0,0,0
medium_beta_pair,8,13,2,0.5,1,0,0.5,-0.71875,-0.21875,0,0,1,-0.552398148011138,-0.00117701578051114,0,1,0.46875,0.71875,-0.71875,-0.21875,1,1,1,1,1,1,48,12,1,12,71889.1787519701,0,level2_rank1_fallback,medium,0,0,0,0,0,1,0.0357221,1,1,1,0,0,0,-0.00117701578051114,0,0,0
medium_beta_pair,8,14,2,0.5,1,0,0.5,-0.71875,-0.21875,0,0,1,-0.555512529454679,-0.00109487890112947,0,1,0.46875,0.71875,-0.71875,-0.21875,1,1,1,1,1,1,48,12,1,12,72073.1380951122,0,level2_rank1_fallback,medium,0,0,0,0,0,1,0.0412593,1,1,1,0,0,0,-0.00109487890112947,0,0,0
medium_beta_pair,8,15,2,0.5,1,0,0.5,-0.71875,-0.21875,0,0,1,-0.552131252284221,0.00325831277211829,0,1,0.46875,0.71875,-0.71875,-0.21875,1,1,1,1,1,1,48,12,1,11,72169.1218635224,0,level2_rank1_fallback,medium,0,0,0,0,0,1,0.0384152,1,1,1,0,0,0,0.00325831277211829,0,0,0
medium_beta_pair,8,16,2,0.5,1,0,0.5,-0.71875,-0.21875,0,0,1,-0.558562922542147,-0.00527711818053657,0,1,0.46875,0.71875,-0.71875,-0.21875,1,1,1,1,1,1,48,12,1,11,71595.0029990992,0,level2_rank1_fallback,medium,0,0,0,0,0,1,0.0503214,1,1,1,0,0,0,-0.00527711818053657,0,0,0
medium_beta_pair,8,17,2,0.5,1,0,0.5,-0.71875,-0.21875,0,0,1,-0.559623454459327,0.00178315872723321,0,1,0.46875,0.71875,-0.71875,-0.21875,1,1,1,1,1,1,48,12,1,12,71950.0995582537,0,level2_rank1_fallback,medium,0,0,0,0,0,1,0.0384489,1,1,1,0,0,0,0.00178315872723321,0,0,0
medium_beta_pair,8,18,2,0.5,1,0,0.5,-0.71875,-0.21875,0,0,1,-0.548040076138323,0.00245160037829484,0,1,0.46875,0.71875,-0.71875,-0.21875,1,1,1,1,1,1,48,12,1,11,71705.6784959041,0,low_confidence,low,0,0,0,1,0,1,0.2375009,1,1,1,1,0,0,0.00245160037829484,0,0,0
medium_beta_pair,8,19,2,0.5,1,0,0.5,-0.71875,-0.21875,0,0,1,-0.552894520128443,0.00245000666051469,0,1,0.46875,0.71875,-0.71875,-0.21875,1,1,1,1,1,1,48,12,1,11,71940.6293519932,0,level2_rank1_fallback,medium,0,0,0,0,0,1,0.0471703,1,1,1,0,0,0,0.00245000666051469,0,0,0
medium_beta_pair,8,20,2,0.5,1,0,0.5,-0.71875,-0.21875,0,0,1,-0.54938234560695,0.000207882653251013,0,1,0.46875,0.71875,-0.71875,-0.21875,1,1,1,1,1,1,48,12,1,11,71550.7712466292,0,level2_rank1_fallback,medium,0,0,0,0,0,1,0.0502303,1,1,1,0,0,0,0.000207882653251013,0,0,0
medium_beta_pair,8,21,2,0.5,1,0,0.5,-0.71875,-0.21875,0,0,1,-0.554792079193133,0.000555291927409275,0,1,0.46875,0.71875,-0.71875,-0.21875,1,1,1,1,1,1,48,12,1,12,71825.5336322123,0,common_el_refocus_power_rank1,medium,1,0,0,0,0,1,0.043384,1,1,0,0,0,0,0.000555291927409275,0,0,0
medium_beta_pair,8,22,2,0.5,1,0,0.5,-0.71875,-0.21875,0,0,1,-0.553369227490186,0.00416829283373391,0,1,0.46875,0.71875,-0.71875,-0.21875,1,1,1,1,1,1,48,12,1,11,72019.8753814669,0,level2_rank1_fallback,medium,0,0,0,0,0,1,0.0459414,1,1,1,0,0,0,0.00416829283373391,0,0,0
medium_beta_pair,8,23,2,0.5,1,0,0.5,-0.71875,-0.21875,0,0,1,-0.554460901371375,-0.00211570177959101,0,1,0.46875,0.71875,-0.71875,-0.21875,1,1,1,1,1,1,48,12,1,13,71786.9371861091,0,level2_rank1_fallback,medium,0,0,0,0,0,1,0.0375749,1,1,1,0,0,0,-0.00211570177959101,0,0,0
medium_beta_pair,8,24,2,0.5,1,0,0.5,-0.71875,-0.21875,0,0,1,-0.553448568299667,-0.000647072034979333,0,1,0.46875,0.71875,-0.71875,-0.21875,1,1,1,1,1,1,48,12,1,12,71946.6320862553,0,level2_rank1_fallback,medium,0,0,0,0,0,1,0.0410298,1,1,1,0,0,0,-0.000647072034979333,0,0,0
medium_beta_pair,8,25,2,0.5,1,0,0.5,-0.71875,-0.21875,0,0,1,-0.553964074762921,0.00275442047004587,0,1,0.46875,0.71875,-0.71875,-0.21875,1,1,1,1,1,1,48,12,1,12,71870.4855836664,0,level2_rank1_fallback,medium,0,0,0,0,0,1,0.0388413,1,1,1,0,0,0,0.00275442047004587,0,0,0
medium_beta_pair,8,26,2,0.5,1,0,0.5,-0.71875,-0.21875,0,0,1,-0.55175452425644,-0.00318268708348899,0,1,0.46875,0.71875,-0.71875,-0.21875,1,1,1,1,1,1,48,12,1,12,71773.130529799,0,level2_rank1_fallback,medium,0,0,0,0,0,1,0.0377747,1,1,1,0,0,0,-0.00318268708348899,0,0,0
medium_beta_pair,8,27,2,0.5,1,0,0.5,-0.71875,-0.21875,0,0,1,-0.554398972358383,-0.00499779263184258,0,1,0.46875,0.71875,-0.71875,-0.21875,1,1,1,1,1,1,48,12,1,10,72102.6564490906,0,level2_rank1_fallback,medium,0,0,0,0,0,1,0.0372683,1,1,1,0,0,0,-0.00499779263184258,0,0,0
medium_beta_pair,8,28,2,0.5,1,0,0.5,-0.71875,-0.21875,0,0,1,-0.554763293156297,-1.42650260958278e-05,0,1,0.46875,0.71875,-0.71875,-0.21875,1,1,1,1,1,1,48,12,1,11,71635.5627205559,0,level2_rank1_fallback,medium,0,0,0,0,0,1,0.0374465,1,1,1,0,0,0,-1.42650260958278e-05,0,0,0
medium_beta_pair,8,29,2,0.5,1,0,0.5,-0.71875,-0.21875,0,0,1,-0.549884799192133,0.00155676066750909,0,1,0.46875,0.71875,-0.71875,-0.21875,1,1,1,1,1,1,48,12,1,12,71594.1377009713,0,level2_rank1_fallback,medium,0,0,0,0,0,1,0.0366111,1,1,1,0,0,0,0.00155676066750909,0,0,0
medium_beta_pair,8,30,2,0.5,1,0,0.5,-0.71875,-0.21875,0,0,1,-0.554258948303086,-0.00382218295125094,0,1,0.46875,0.71875,-0.71875,-0.21875,1,1,1,1,1,1,48,12,1,12,72236.8110630185,0,level2_rank1_fallback,medium,1,0,0,0,0,1,0.039463,1,1,1,0,0,0,-0.00382218295125094,0,0,0
medium_beta_pair,16,1,2,0.5,1,0,0.5,-0.71875,-0.21875,0,0,1,-0.55309741979471,-0.000174452773850711,0,1,0.46875,0.71875,-0.71875,-0.21875,1,1,1,1,1,1,48,12,1,18,71796.7339448967,0,level2_rank1_fallback,medium,0,0,0,0,0,1,0.0391368,1,1,1,0,0,0,-0.000174452773850711,0,0,0
medium_beta_pair,16,2,2,0.5,1,0,0.5,-0.71875,-0.21875,0,0,1,-0.553173037611432,0.00310240250382864,0,1,0.46875,0.71875,-0.71875,-0.21875,1,1,1,1,1,1,48,12,1,18,71843.1330899346,0,level2_rank1_fallback,medium,0,0,0,0,0,1,0.0349916,1,1,1,0,0,0,0.00310240250382864,0,0,0
medium_beta_pair,16,3,2,0.5,1,0,0.5,-0.71875,-0.21875,0,0,1,-0.554090246707384,-0.00128054265836556,0,1,0.46875,0.71875,-0.71875,-0.21875,1,1,1,1,1,1,48,12,1,22,71950.8565585729,0,level2_rank1_fallback,medium,1,0,0,0,0,1,0.0354572,1,1,1,0,0,0,-0.00128054265836556,0,0,0
medium_beta_pair,16,4,2,0.5,1,0,0.5,-0.71875,-0.21875,0,0,1,-0.553268495865122,-0.000103109896750808,0,1,0.46875,0.71875,-0.71875,-0.21875,1,1,1,1,1,1,48,12,1,17,71877.238207104,0,level2_rank1_fallback,medium,1,0,0,0,0,1,0.0408889,1,1,1,0,0,0,-0.000103109896750808,0,0,0
medium_beta_pair,16,5,2,0.5,1,0,0.5,-0.71875,-0.21875,0,0,1,-0.553255990534965,-0.000366506398952367,0,1,0.46875,0.71875,-0.71875,-0.21875,1,1,1,1,1,1,48,12,1,19,71786.263770484,0,level2_rank1_fallback,medium,0,0,0,0,0,1,0.0377285,1,1,1,0,0,0,-0.000366506398952367,0,0,0
medium_beta_pair,16,6,2,0.5,1,0,0.5,-0.71875,-0.21875,0,0,1,-0.554760799241303,1.99790471679937e-05,0,1,0.46875,0.71875,-0.71875,-0.21875,1,1,1,1,1,1,48,12,1,20,71796.1843102467,0,level2_rank1_fallback,medium,0,0,0,0,0,1,0.0401635,1,1,1,0,0,0,1.99790471679937e-05,0,0,0
medium_beta_pair,16,7,2,0.5,1,0,0.5,-0.71875,-0.21875,0,0,1,-0.553858469048123,-0.000895103219862955,0,1,0.46875,0.71875,-0.71875,-0.21875,1,1,1,1,1,1,48,12,1,20,71907.0436709034,0,level2_rank1_fallback,medium,0,0,0,0,0,1,0.0365072,1,1,1,0,0,0,-0.000895103219862955,0,0,0
medium_beta_pair,16,8,2,0.5,1,0,0.5,-0.71875,-0.21875,0,0,1,-0.55312563748086,0.00121914784222842,0,1,0.46875,0.71875,-0.71875,-0.21875,1,1,1,1,1,1,48,12,1,18,71865.6423722575,0,level2_rank1_fallback,medium,0,0,0,0,0,1,0.0371606,1,1,1,0,0,0,0.00121914784222842,0,0,0
medium_beta_pair,16,9,2,0.5,1,0,0.5,-0.71875,-0.21875,0,0,1,-0.553626938411535,-0.000440298915002655,0,1,0.46875,0.71875,-0.71875,-0.21875,1,1,1,1,1,1,48,12,1,18,71840.321257976,0,level2_rank1_fallback,medium,0,0,0,0,0,1,0.0357431,1,1,1,0,0,0,-0.000440298915002655,0,0,0
medium_beta_pair,16,10,2,0.5,1,0,0.5,-0.71875,-0.21875,0,0,1,-0.551790890379837,0.00291338295894609,0,1,0.46875,0.71875,-0.71875,-0.21875,1,1,1,1,1,1,48,12,1,19,71804.8170920488,0,level2_rank1_fallback,medium,0,0,0,0,0,1,0.0417321,1,1,1,0,0,0,0.00291338295894609,0,0,0
medium_beta_pair,16,11,2,0.5,1,0,0.5,-0.71875,-0.21875,0,0,1,-0.553007085286168,-0.000523089827111197,0,1,0.46875,0.71875,-0.71875,-0.21875,1,1,1,1,1,1,48,12,1,20,71916.6510937016,0,level2_rank1_fallback,medium,0,0,0,0,0,1,0.0361753,1,1,1,0,0,0,-0.000523089827111197,0,0,0
medium_beta_pair,16,12,2,0.5,1,0,0.5,-0.71875,-0.21875,0,0,1,-0.555598311392881,0.000577640293533715,0,1,0.46875,0.71875,-0.71875,-0.21875,1,1,1,1,1,1,48,12,1,22,71890.2267315514,0,level2_rank1_fallback,medium,0,0,0,0,0,1,0.0351279,1,1,1,0,0,0,0.000577640293533715,0,0,0
medium_beta_pair,16,13,2,0.5,1,0,0.5,-0.71875,-0.21875,0,0,1,-0.553227315714557,-5.50364367425819e-05,0,1,0.46875,0.71875,-0.71875,-0.21875,1,1,1,1,1,1,48,12,1,20,71671.4713365766,0,level2_rank1_fallback,medium,0,0,0,0,0,1,0.0346804,1,1,1,0,0,0,-5.50364367425819e-05,0,0,0
medium_beta_pair,16,14,2,0.5,1,0,0.5,-0.71875,-0.21875,0,0,1,-0.551505912813697,-0.0017779816937167,0,1,0.46875,0.71875,-0.71875,-0.21875,1,1,1,1,1,1,48,12,1,19,71709.3060873195,0,level2_rank1_fallback,medium,1,0,0,0,0,1,0.0357754,1,1,1,0,0,0,-0.0017779816937167,0,0,0
medium_beta_pair,16,15,2,0.5,1,0,0.5,-0.71875,-0.21875,0,0,1,-0.554511474830092,-0.000178571408469154,0,1,0.46875,0.71875,-0.71875,-0.21875,1,1,1,1,1,1,48,12,1,15,71717.5110230365,0,level2_rank1_fallback,medium,0,0,0,0,0,1,0.0381534,1,1,1,0,0,0,-0.000178571408469154,0,0,0
medium_beta_pair,16,16,2,0.5,1,0,0.5,-0.71875,-0.21875,0,0,1,-0.553483372691867,-0.000243841355765664,0,1,0.46875,0.71875,-0.71875,-0.21875,1,1,1,1,1,1,48,12,1,19,71789.2827294454,0,level2_rank1_fallback,medium,0,0,0,0,0,1,0.0396457,1,1,1,0,0,0,-0.000243841355765664,0,0,0
medium_beta_pair,16,17,2,0.5,1,0,0.5,-0.71875,-0.21875,0,0,1,-0.553337425241958,-0.000322858529919941,0,1,0.46875,0.71875,-0.71875,-0.21875,1,1,1,1,1,1,48,12,1,21,71798.6400334319,0,level2_rank1_fallback,medium,0,0,0,0,0,1,0.0425342,1,1,1,0,0,0,-0.000322858529919941,0,0,0
medium_beta_pair,16,18,2,0.5,1,0,0.5,-0.71875,-0.21875,0,0,1,-0.554371483200377,-0.000567315592076272,0,1,0.46875,0.71875,-0.71875,-0.21875,1,1,1,1,1,1,48,12,1,17,71771.1290594979,0,level2_rank1_fallback,medium,0,0,0,0,0,1,0.0379312,1,1,1,0,0,0,-0.000567315592076272,0,0,0
medium_beta_pair,16,19,2,0.5,1,0,0.5,-0.71875,-0.21875,0,0,1,-0.55300692439792,0.000286920643301761,0,1,0.46875,0.71875,-0.71875,-0.21875,1,1,1,1,1,1,48,12,1,19,71903.329355497,0,level2_rank1_fallback,medium,0,0,0,0,0,1,0.037811,1,1,1,0,0,0,0.000286920643301761,0,0,0
medium_beta_pair,16,20,2,0.5,1,0,0.5,-0.71875,-0.21875,0,0,1,-0.553560266876539,0.0015430203609215,0,1,0.46875,0.71875,-0.71875,-0.21875,1,1,1,1,1,1,48,12,1,19,71988.4752727271,0,level2_rank1_fallback,medium,1,0,0,0,0,1,0.0377795,1,1,1,0,0,0,0.0015430203609215,0,0,0
medium_beta_pair,16,21,2,0.5,1,0,0.5,-0.71875,-0.21875,0,0,1,-0.552752650348339,-6.0230723704853e-05,0,1,0.46875,0.71875,-0.71875,-0.21875,1,1,1,1,1,1,48,12,1,19,71748.3857044233,0,level2_rank1_fallback,medium,0,0,0,0,0,1,0.035054,1,1,1,0,0,0,-6.0230723704853e-05,0,0,0
medium_beta_pair,16,22,2,0.5,1,0,0.5,-0.71875,-0.21875,0,0,1,-0.553959105375906,-3.08269037484453e-05,0,1,0.46875,0.71875,-0.71875,-0.21875,1,1,1,1,1,1,48,12,1,21,71856.4852364185,0,level2_rank1_fallback,medium,0,0,0,0,0,1,0.0398922,1,1,1,0,0,0,-3.08269037484453e-05,0,0,0
medium_beta_pair,16,23,2,0.5,1,0,0.5,-0.71875,-0.21875,0,0,1,-0.553887480409743,0.00121594186973768,0,1,0.46875,0.71875,-0.71875,-0.21875,1,1,1,1,1,1,48,12,1,20,71735.4127628843,0,level2_rank1_fallback,medium,0,0,0,0,0,1,0.0364493,1,1,1,0,0,0,0.00121594186973768,0,0,0
medium_beta_pair,16,24,2,0.5,1,0,0.5,-0.71875,-0.21875,0,0,1,-0.55288180428234,-0.00149737073805988,0,1,0.46875,0.71875,-0.71875,-0.21875,1,1,1,1,1,1,48,12,1,20,71876.4313231731,0,level2_rank1_fallback,medium,0,0,0,0,0,1,0.0415298,1,1,1,0,0,0,-0.00149737073805988,0,0,0
medium_beta_pair,16,25,2,0.5,1,0,0.5,-0.71875,-0.21875,0,0,1,-0.553496507570429,-0.00121392555206409,0,1,0.46875,0.71875,-0.71875,-0.21875,1,1,1,1,1,1,48,12,1,20,71787.5813906412,0,level2_rank1_fallback,medium,0,0,0,0,0,1,0.0346145,1,1,1,0,0,0,-0.00121392555206409,0,0,0
medium_beta_pair,16,26,2,0.5,1,0,0.5,-0.71875,-0.21875,0,0,1,-0.553959944975346,-0.00178639882494509,0,1,0.46875,0.71875,-0.71875,-0.21875,1,1,1,1,1,1,48,12,1,22,72022.8365659792,0,level2_rank1_fallback,medium,0,0,0,0,0,1,0.0347298,1,1,1,0,0,0,-0.00178639882494509,0,0,0
medium_beta_pair,16,27,2,0.5,1,0,0.5,-0.71875,-0.21875,0,0,1,-0.553325520178024,0.00289783106813806,0,1,0.46875,0.71875,-0.71875,-0.21875,1,1,1,1,1,1,48,12,1,23,71829.9074311604,0,level2_rank1_fallback,medium,0,0,0,0,0,1,0.0367862,1,1,1,0,0,0,0.00289783106813806,0,0,0
medium_beta_pair,16,28,2,0.5,1,0,0.5,-0.71875,-0.21875,0,0,1,-0.554292676736957,-0.00119184527328319,0,1,0.46875,0.71875,-0.71875,-0.21875,1,1,1,1,1,1,48,12,1,17,71782.3492815544,0,level2_rank1_fallback,medium,0,0,0,0,0,1,0.0355161,1,1,1,0,0,0,-0.00119184527328319,0,0,0
medium_beta_pair,16,29,2,0.5,1,0,0.5,-0.71875,-0.21875,0,0,1,-0.5523588851903,-0.00183740792259603,0,1,0.46875,0.71875,-0.71875,-0.21875,1,1,1,1,1,1,48,12,1,19,71821.5489643312,0,level2_rank1_fallback,medium,0,0,0,0,0,1,0.0346691,1,1,1,0,0,0,-0.00183740792259603,0,0,0
medium_beta_pair,16,30,2,0.5,1,0,0.5,-0.71875,-0.21875,0,0,1,-0.553363797013956,-0.000282992422729591,0,1,0.46875,0.71875,-0.71875,-0.21875,1,1,1,1,1,1,48,12,1,18,71826.9482998092,0,level2_rank1_fallback,medium,0,0,0,0,0,1,0.0380708,1,1,1,0,0,0,-0.000282992422729591,0,0,0
medium_beta_pair,8,1,2,0.5,1,0,0.5,-0.25,0.25,0,0,1,-0.0883534336708958,-0.0030392782285145,0,1,0,0.25,-0.25,0.25,1,1,1,1,1,1,48,12,1,12,71788.8132479829,0,level2_rank1_fallback,medium,1,0,0,0,0,1,0.0395177,1,1,1,0,0,0,-0.0030392782285145,0,0,0
medium_beta_pair,8,2,2,0.5,1,0,0.5,-0.25,0.25,0,0,1,-0.0796118373069838,-0.0031396062782999,0,1,0,0.25,-0.25,0.25,1,1,1,1,1,1,48,12,1,12,71861.4143507194,0,level2_rank1_fallback,medium,1,0,0,0,0,1,0.0348923,1,1,1,0,0,0,-0.0031396062782999,0,0,0
medium_beta_pair,8,3,2,0.5,1,0,0.5,-0.25,0.25,0,0,1,-0.0851885387393017,0.00250612682852035,0,1,0,0.25,-0.25,0.25,1,1,1,1,1,1,48,12,1,12,71972.8521574723,0,level2_rank1_fallback,medium,1,0,0,0,0,1,0.037034,1,1,1,0,0,0,0.00250612682852035,0,0,0
medium_beta_pair,8,4,2,0.5,1,0,0.5,-0.25,0.25,0,0,1,-0.0865257625449854,-0.00263245363733586,0,1,0,0.25,-0.25,0.25,1,1,1,1,1,1,48,12,1,11,72104.9845110886,0,level2_rank1_fallback,medium,0,0,0,0,0,1,0.0348851,1,1,1,0,0,0,-0.00263245363733586,0,0,0
medium_beta_pair,8,5,2,0.5,1,0,0.5,-0.25,0.25,0,0,1,-0.0845484218033274,0.00120759887436823,0,1,0,0.25,-0.25,0.25,1,1,1,1,1,1,48,12,1,12,71941.6259217124,0,level2_rank1_fallback,medium,1,0,0,0,0,1,0.0398466,1,1,1,0,0,0,0.00120759887436823,0,0,0
medium_beta_pair,8,6,2,0.5,1,0,0.5,-0.25,0.25,0,0,1,-0.0827670275552031,-0.000847692643142125,0,1,0,0.25,-0.25,0.25,1,1,1,1,1,1,48,12,1,13,71923.0128160492,0,level2_rank1_fallback,medium,1,0,0,0,0,1,0.0359353,1,1,1,0,0,0,-0.000847692643142125,0,0,0
medium_beta_pair,8,7,2,0.5,1,0,0.5,-0.25,0.25,0,0,1,-0.0872492090690152,0.000881446908010689,0,1,0,0.25,-0.25,0.25,1,1,1,1,1,1,48,12,1,11,71620.0818313196,0,low_confidence,low,0,0,0,1,0,1,0.2280936,1,1,1,1,0,0,0.000881446908010689,0,0,0
medium_beta_pair,8,8,2,0.5,1,0,0.5,-0.25,0.25,0,0,1,-0.0871466600244833,-0.00052607707233503,0,1,0,0.25,-0.25,0.25,1,1,1,1,1,1,48,12,1,12,71755.6688553558,0,level2_rank1_fallback,medium,0,0,0,0,0,1,0.0350776,1,1,1,0,0,0,-0.00052607707233503,0,0,0
medium_beta_pair,8,9,2,0.5,1,0,0.5,-0.25,0.25,0,0,1,-0.08006976469395,-0.00171375289617839,0,1,0,0.25,-0.25,0.25,1,1,1,1,1,1,48,12,1,12,71660.4424483892,0,level2_rank1_fallback,medium,1,0,0,0,0,1,0.034873,1,1,1,0,0,0,-0.00171375289617839,0,0,0
medium_beta_pair,8,10,2,0.5,1,0,0.5,-0.25,0.25,0,0,1,-0.080204642975362,-0.00137144439382785,0,1,0,0.25,-0.25,0.25,1,1,1,1,1,1,48,12,1,11,71916.5472757054,0,level2_rank1_fallback,medium,1,0,0,0,0,1,0.035184,1,1,1,0,0,0,-0.00137144439382785,0,0,0
medium_beta_pair,8,11,2,0.5,1,0,0.5,-0.25,0.25,0,0,1,-0.0814701596206435,-0.000839280898298931,0,1,0,0.25,-0.25,0.25,1,1,1,1,1,1,48,12,1,12,71733.3723408119,0,level2_rank1_fallback,medium,0,0,0,0,0,1,0.0362495,1,1,1,0,0,0,-0.000839280898298931,0,0,0
medium_beta_pair,8,12,2,0.5,1,0,0.5,-0.25,0.25,0,0,1,-0.0831088942356318,0.00323192773714404,0,1,0,0.25,-0.25,0.25,1,1,1,1,1,1,48,12,1,12,71499.5599076369,0,level2_rank1_fallback,medium,0,0,0,0,0,1,0.0353058,1,1,1,0,0,0,0.00323192773714404,0,0,0
medium_beta_pair,8,13,2,0.5,1,0,0.5,-0.25,0.25,0,0,1,-0.0850070779088794,0.00136167066183757,0,1,0,0.25,-0.25,0.25,1,1,1,1,1,1,48,12,1,12,71844.9177380594,0,level2_rank1_fallback,medium,0,0,0,0,0,1,0.0374811,1,1,1,0,0,0,0.00136167066183757,0,0,0
medium_beta_pair,8,14,2,0.5,1,0,0.5,-0.25,0.25,0,0,1,-0.0867727980017244,-0.000133751239330006,0,1,0,0.25,-0.25,0.25,1,1,1,1,1,1,48,12,1,12,71624.4969451428,0,level2_rank1_fallback,medium,0,0,0,0,0,1,0.0355016,1,1,1,0,0,0,-0.000133751239330006,0,0,0
medium_beta_pair,8,15,2,0.5,1,0,0.5,-0.25,0.25,0,0,1,-0.0829363627006257,-0.00396292803750331,0,1,0,0.25,-0.25,0.25,1,1,1,1,1,1,48,12,1,12,72405.6596359494,0,level2_rank1_fallback,medium,1,0,0,0,0,1,0.0353538,1,1,1,0,0,0,-0.00396292803750331,0,0,0
medium_beta_pair,8,16,2,0.5,1,0,0.5,-0.25,0.25,0,0,1,-0.0877009538251412,0.000805363199968249,0,1,0,0.25,-0.25,0.25,1,1,1,1,1,1,48,12,1,12,71814.108125754,0,level2_rank1_fallback,medium,0,0,0,0,0,1,0.0342347,1,1,1,0,0,0,0.000805363199968249,0,0,0
medium_beta_pair,8,17,2,0.5,1,0,0.5,-0.25,0.25,0,0,1,-0.0838082074029686,0.0025943035102708,0,1,0,0.25,-0.25,0.25,1,1,1,1,1,1,48,12,1,12,72202.9125534711,0,level2_rank1_fallback,medium,0,0,0,0,0,1,0.0368176,1,1,1,0,0,0,0.0025943035102708,0,0,0
medium_beta_pair,8,18,2,0.5,1,0,0.5,-0.25,0.25,0,0,1,-0.0829990921750154,0.00246027709488864,0,1,0,0.25,-0.25,0.25,1,1,1,1,1,1,48,12,1,11,71929.7372121959,0,level2_rank1_fallback,medium,1,0,0,0,0,1,0.035127,1,1,1,0,0,0,0.00246027709488864,0,0,0
medium_beta_pair,8,19,2,0.5,1,0,0.5,-0.25,0.25,0,0,1,-0.0842728632200647,-0.00737820985058264,0,1,0,0.25,-0.25,0.25,1,1,1,1,1,1,48,12,1,12,71662.4359143163,0,level2_rank1_fallback,medium,0,0,0,0,0,1,0.0366752,1,1,1,0,0,0,-0.00737820985058264,0,0,0
medium_beta_pair,8,20,2,0.5,1,0,0.5,-0.25,0.25,0,0,1,-0.0875727325317318,-0.00233239348328733,0,1,0,0.25,-0.25,0.25,1,1,1,1,1,1,48,12,1,11,71758.4544069121,0,level2_rank1_fallback,medium,1,0,0,0,0,1,0.0357682,1,1,1,0,0,0,-0.00233239348328733,0,0,0
medium_beta_pair,8,21,2,0.5,1,0,0.5,-0.25,0.25,0,0,1,-0.08867392305394,0.00443602223402911,0,1,0,0.25,-0.25,0.25,1,1,1,1,1,1,48,12,1,11,71595.5334040984,0,level2_rank1_fallback,medium,0,0,0,0,0,1,0.0384851,1,1,1,0,0,0,0.00443602223402911,0,0,0
medium_beta_pair,8,22,2,0.5,1,0,0.5,-0.25,0.25,0,0,1,-0.0815451600311984,-0.00309980635647535,0,1,0,0.25,-0.25,0.25,1,1,1,1,1,1,48,12,1,13,71902.0878422481,0,level2_rank1_fallback,medium,0,0,0,0,0,1,0.039533,1,1,1,0,0,0,-0.00309980635647535,0,0,0
medium_beta_pair,8,23,2,0.5,1,0,0.5,-0.25,0.25,0,0,1,-0.0853684896909405,0.00671648749165751,0,1,0,0.25,-0.25,0.25,1,1,1,1,1,1,48,12,1,11,71793.1541554695,0,level2_rank1_fallback,medium,0,0,0,0,0,1,0.0364704,1,1,1,0,0,0,0.00671648749165751,0,0,0
medium_beta_pair,8,24,2,0.5,1,0,0.5,-0.25,0.25,0,0,1,-0.0858563640696956,0.0028159522225248,0,1,0,0.25,-0.25,0.25,1,1,1,1,1,1,48,12,1,11,71923.8263394565,0,level2_rank1_fallback,medium,0,0,0,0,0,1,0.0401477,1,1,1,0,0,0,0.0028159522225248,0,0,0
medium_beta_pair,8,25,2,0.5,1,0,0.5,-0.25,0.25,0,0,1,-0.0820759208753207,-0.00661344602935052,0,1,0,0.25,-0.25,0.25,1,1,1,1,1,1,48,12,1,11,71837.8740523061,0,level2_rank1_fallback,medium,1,0,0,0,0,1,0.0389639,1,1,1,0,0,0,-0.00661344602935052,0,0,0
medium_beta_pair,8,26,2,0.5,1,0,0.5,-0.25,0.25,0,0,1,-0.083693374201554,-0.00150559612823123,0,1,0,0.25,-0.25,0.25,1,1,1,1,1,1,48,12,1,11,71641.6723353077,0,level2_rank1_fallback,medium,0,0,0,0,0,1,0.0360737,1,1,1,0,0,0,-0.00150559612823123,0,0,0
medium_beta_pair,8,27,2,0.5,1,0,0.5,-0.25,0.25,0,0,1,-0.0866320183673496,0.00229704109730853,0,1,0,0.25,-0.25,0.25,1,1,1,1,1,1,48,12,1,12,72135.5727319891,0,level2_rank1_fallback,medium,0,0,0,0,0,1,0.035544,1,1,1,0,0,0,0.00229704109730853,0,0,0
medium_beta_pair,8,28,2,0.5,1,0,0.5,-0.25,0.25,0,0,1,-0.0874535819961805,0.00490123652921388,0,1,0,0.25,-0.25,0.25,1,1,1,1,1,1,48,12,1,12,71658.4740345428,0,level2_rank1_fallback,medium,0,0,0,0,0,1,0.0352243,1,1,1,0,0,0,0.00490123652921388,0,0,0
medium_beta_pair,8,29,2,0.5,1,0,0.5,-0.25,0.25,0,0,1,-0.0849416690024049,0.00107301508161735,0,1,0,0.25,-0.25,0.25,1,1,1,1,1,1,48,12,1,12,71709.4553317779,0,level2_rank1_fallback,medium,0,0,0,0,0,1,0.0352001,1,1,1,0,0,0,0.00107301508161735,0,0,0
medium_beta_pair,8,30,2,0.5,1,0,0.5,-0.25,0.25,0,0,1,-0.0840066074794748,-0.00158501903414617,0,1,0,0.25,-0.25,0.25,1,1,1,1,1,1,48,12,1,12,72307.8190260112,0,level2_rank1_fallback,medium,1,0,0,0,0,1,0.0366196,1,1,1,0,0,0,-0.00158501903414617,0,0,0
medium_beta_pair,16,1,2,0.5,1,0,0.5,-0.25,0.25,0,0,1,-0.0831001250166813,-0.000894516007066468,0,1,0,0.25,-0.25,0.25,1,1,1,1,1,1,48,12,1,20,71699.3032955379,0,common_el_refocus_power_rank1,medium,0,0,0,0,0,1,0.0352118,1,1,0,0,0,0,-0.000894516007066468,0,0,0
medium_beta_pair,16,2,2,0.5,1,0,0.5,-0.25,0.25,0,0,1,-0.0849764890005147,8.81875476591411e-05,0,1,0,0.25,-0.25,0.25,1,1,1,1,1,1,48,12,1,22,71761.3944864873,0,common_el_refocus_power_rank1,medium,0,0,0,0,0,1,0.0358148,1,1,0,0,0,0,8.81875476591411e-05,0,0,0
medium_beta_pair,16,3,2,0.5,1,0,0.5,-0.25,0.25,0,0,1,-0.0844156615266367,0.000486397727440681,0,1,0,0.25,-0.25,0.25,1,1,1,1,1,1,48,12,1,21,71806.5080031414,0,common_el_refocus_power_rank1,medium,0,0,0,0,0,1,0.0337512,1,1,0,0,0,0,0.000486397727440681,0,0,0
medium_beta_pair,16,4,2,0.5,1,0,0.5,-0.25,0.25,0,0,1,-0.0849139363558287,-0.000229667429989597,0,1,0,0.25,-0.25,0.25,1,1,1,1,1,1,48,12,1,22,71915.5496277986,0,common_el_refocus_power_rank1,medium,0,0,0,0,0,1,0.0334132,1,1,0,0,0,0,-0.000229667429989597,0,0,0
medium_beta_pair,16,5,2,0.5,1,0,0.5,-0.25,0.25,0,0,1,-0.0834715691640295,-0.000998318472494138,0,1,0,0.25,-0.25,0.25,1,1,1,1,1,1,48,12,1,20,71815.3134997419,0,level2_rank1_fallback,medium,0,0,0,0,0,1,0.0370198,1,1,1,0,0,0,-0.000998318472494138,0,0,0
medium_beta_pair,16,6,2,0.5,1,0,0.5,-0.25,0.25,0,0,1,-0.0860372889214694,0.000851900674045044,0,1,0,0.25,-0.25,0.25,1,1,1,1,1,1,48,12,1,23,71817.1193592801,0,common_el_refocus_power_rank1,medium,0,0,0,0,0,1,0.0321322,1,1,0,0,0,0,0.000851900674045044,0,0,0
medium_beta_pair,16,7,2,0.5,1,0,0.5,-0.25,0.25,0,0,1,-0.0846971812872372,0.0017787548561187,0,1,0,0.25,-0.25,0.25,1,1,1,1,1,1,48,12,1,19,72023.4307903492,0,level2_rank1_fallback,medium,0,0,0,0,0,1,0.0376404,1,1,1,0,0,0,0.0017787548561187,0,0,0
medium_beta_pair,16,8,2,0.5,1,0,0.5,-0.25,0.25,0,0,1,-0.0834082811913198,0.000971816328792902,0,1,0,0.25,-0.25,0.25,1,1,1,1,1,1,48,12,1,18,71967.2900321146,0,common_el_refocus_power_rank1,medium,0,0,0,0,0,1,0.0330301,1,1,0,0,0,0,0.000971816328792902,0,0,0
medium_beta_pair,16,9,2,0.5,1,0,0.5,-0.25,0.25,0,0,1,-0.084554842025761,-0.000643300003543546,0,1,0,0.25,-0.25,0.25,1,1,1,1,1,1,48,12,1,22,71830.4675973815,0,common_el_refocus_power_rank1,medium,0,0,0,0,0,1,0.0340988,1,1,0,0,0,0,-0.000643300003543546,0,0,0
medium_beta_pair,16,10,2,0.5,1,0,0.5,-0.25,0.25,0,0,1,-0.08385697029709,0.00183349126786887,0,1,0,0.25,-0.25,0.25,1,1,1,1,1,1,48,12,1,19,71781.8316030622,0,common_el_refocus_power_rank1,medium,0,0,0,0,0,1,0.0341161,1,1,0,0,0,0,0.00183349126786887,0,0,0
medium_beta_pair,16,11,2,0.5,1,0,0.5,-0.25,0.25,0,0,1,-0.085067443508528,-0.00173844298375904,0,1,0,0.25,-0.25,0.25,1,1,1,1,1,1,48,12,1,20,72021.1953580379,0,common_el_refocus_power_rank1,medium,0,0,0,0,0,1,0.0332021,1,1,0,0,0,0,-0.00173844298375904,0,0,0
medium_beta_pair,16,12,2,0.5,1,0,0.5,-0.25,0.25,0,0,1,-0.0845816477704146,-0.00215244078744354,0,1,0,0.25,-0.25,0.25,1,1,1,1,1,1,48,12,1,18,71878.760761444,0,common_el_refocus_power_rank1,medium,0,0,0,0,0,1,0.0335655,1,1,0,0,0,0,-0.00215244078744354,0,0,0
medium_beta_pair,16,13,2,0.5,1,0,0.5,-0.25,0.25,0,0,1,-0.084296771908946,-0.000521662583065225,0,1,0,0.25,-0.25,0.25,1,1,1,1,1,1,48,12,1,21,71959.3221954993,0,common_el_refocus_power_rank1,medium,0,0,0,0,0,1,0.031619,1,1,0,0,0,0,-0.000521662583065225,0,0,0
medium_beta_pair,16,14,2,0.5,1,0,0.5,-0.25,0.25,0,0,1,-0.0853492129213358,-0.000327221085261892,0,1,0,0.25,-0.25,0.25,1,1,1,1,1,1,48,12,1,23,71758.8144834806,0,common_el_refocus_power_rank1,medium,0,0,0,0,0,1,0.0322037,1,1,0,0,0,0,-0.000327221085261892,0,0,0
medium_beta_pair,16,15,2,0.5,1,0,0.5,-0.25,0.25,0,0,1,-0.0846900556394704,-0.0021669599462715,0,1,0,0.25,-0.25,0.25,1,1,1,1,1,1,48,12,1,19,71866.7390980242,0,level2_rank1_fallback,medium,1,0,0,0,0,1,0.0357785,1,1,1,0,0,0,-0.0021669599462715,0,0,0
medium_beta_pair,16,16,2,0.5,1,0,0.5,-0.25,0.25,0,0,1,-0.0839502397232258,-0.00170620378548478,0,1,0,0.25,-0.25,0.25,1,1,1,1,1,1,48,12,1,22,71697.2964509053,0,level2_rank1_fallback,medium,0,0,0,0,0,1,0.0362432,1,1,1,0,0,0,-0.00170620378548478,0,0,0
medium_beta_pair,16,17,2,0.5,1,0,0.5,-0.25,0.25,0,0,1,-0.0847174121291983,3.03165839317609e-06,0,1,0,0.25,-0.25,0.25,1,1,1,1,1,1,48,12,1,19,71999.138530325,0,level2_rank1_fallback,medium,0,0,0,0,0,1,0.0353632,1,1,1,0,0,0,3.03165839317609e-06,0,0,0
medium_beta_pair,16,18,2,0.5,1,0,0.5,-0.25,0.25,0,0,1,-0.0858638665764381,0.000819009320545241,0,1,0,0.25,-0.25,0.25,1,1,1,1,1,1,48,12,1,21,71865.9134486049,0,common_el_refocus_power_rank1,medium,0,0,0,0,0,1,0.0340531,1,1,0,0,0,0,0.000819009320545241,0,0,0
medium_beta_pair,16,19,2,0.5,1,0,0.5,-0.25,0.25,0,0,1,-0.084573707075927,-0.000242419978737963,0,1,0,0.25,-0.25,0.25,1,1,1,1,1,1,48,12,1,19,71944.148171286,0,common_el_refocus_power_rank1,medium,1,0,0,0,0,1,0.0313322,1,1,0,0,0,0,-0.000242419978737963,0,0,0
medium_beta_pair,16,20,2,0.5,1,0,0.5,-0.25,0.25,0,0,1,-0.0856321458085594,-0.000698540666612165,0,1,0,0.25,-0.25,0.25,1,1,1,1,1,1,48,12,1,21,71956.4925760207,0,common_el_refocus_power_rank1,medium,1,0,0,0,0,1,0.0332088,1,1,0,0,0,0,-0.000698540666612165,0,0,0
medium_beta_pair,16,21,2,0.5,1,0,0.5,-0.25,0.25,0,0,1,-0.0847582142210464,-0.000185442646676825,0,1,0,0.25,-0.25,0.25,1,1,1,1,1,1,48,12,1,16,71882.2353409676,0,common_el_refocus_power_rank1,medium,1,0,0,0,0,1,0.0360886,1,1,0,0,0,0,-0.000185442646676825,0,0,0
medium_beta_pair,16,22,2,0.5,1,0,0.5,-0.25,0.25,0,0,1,-0.0853255588225238,-0.00111422664404756,0,1,0,0.25,-0.25,0.25,1,1,1,1,1,1,48,12,1,18,71886.1497874206,0,common_el_refocus_power_rank1,medium,0,0,0,0,0,1,0.0358989,1,1,0,0,0,0,-0.00111422664404756,0,0,0
medium_beta_pair,16,23,2,0.5,1,0,0.5,-0.25,0.25,0,0,1,-0.0835705576333886,-0.000535138438345135,0,1,0,0.25,-0.25,0.25,1,1,1,1,1,1,48,12,1,20,71811.6098459798,0,common_el_refocus_power_rank1,medium,0,0,0,0,0,1,0.0322507,1,1,0,0,0,0,-0.000535138438345135,0,0,0
medium_beta_pair,16,24,2,0.5,1,0,0.5,-0.25,0.25,0,0,1,-0.0843644586299999,5.55175457150146e-06,0,1,0,0.25,-0.25,0.25,1,1,1,1,1,1,48,12,1,21,71824.5296482427,0,level2_rank1_fallback,medium,1,0,0,0,0,1,0.0355024,1,1,1,0,0,0,5.55175457150146e-06,0,0,0
medium_beta_pair,16,25,2,0.5,1,0,0.5,-0.25,0.25,0,0,1,-0.0847005000799439,-0.0011707164602818,0,1,0,0.25,-0.25,0.25,1,1,1,1,1,1,48,12,1,18,71951.184938128,0,low_confidence,low,0,0,0,1,0,1,0.2229185,1,1,1,1,0,0,-0.0011707164602818,0,0,0
medium_beta_pair,16,26,2,0.5,1,0,0.5,-0.25,0.25,0,0,1,-0.0844152758757501,0.00124299883738475,0,1,0,0.25,-0.25,0.25,1,1,1,1,1,1,48,12,1,20,71815.8599139581,0,level2_rank1_fallback,medium,0,0,0,0,0,1,0.0367773,1,1,1,0,0,0,0.00124299883738475,0,0,0
medium_beta_pair,16,27,2,0.5,1,0,0.5,-0.25,0.25,0,0,1,-0.085015661774846,0.000944416655921207,0,1,0,0.25,-0.25,0.25,1,1,1,1,1,1,48,12,1,19,71847.6720308756,0,level2_rank1_fallback,medium,1,0,0,0,0,1,0.0363187,1,1,1,0,0,0,0.000944416655921207,0,0,0
medium_beta_pair,16,28,2,0.5,1,0,0.5,-0.25,0.25,0,0,1,-0.0846919145329462,0.000698043231641596,0,1,0,0.25,-0.25,0.25,1,1,1,1,1,1,48,12,1,17,71928.3144414948,0,level2_rank1_fallback,medium,0,0,0,0,0,1,0.0369031,1,1,1,0,0,0,0.000698043231641596,0,0,0
medium_beta_pair,16,29,2,0.5,1,0,0.5,-0.25,0.25,0,0,1,-0.0857670147535289,0.000157314433741155,0,1,0,0.25,-0.25,0.25,1,1,1,1,1,1,48,12,1,23,71916.9162126572,0,common_el_refocus_power_rank1,medium,0,0,0,0,0,1,0.0330948,1,1,0,0,0,0,0.000157314433741155,0,0,0
medium_beta_pair,16,30,2,0.5,1,0,0.5,-0.25,0.25,0,0,1,-0.0836869942549998,-0.000688734786014456,0,1,0,0.25,-0.25,0.25,1,1,1,1,1,1,48,12,1,21,71830.381415794,0,common_el_refocus_power_rank1,medium,0,0,0,0,0,1,0.032603,1,1,0,0,0,0,-0.000688734786014456,0,0,0
medium_beta_pair,8,1,2,0.5,1,0,0.5,0.21875,0.71875,0,0,1,0.382341621581337,0.00263864520220423,0,1,-0.46875,-0.21875,0.21875,0.71875,1,1,1,1,1,1,48,12,1,11,71632.1910540072,0,level2_rank1_fallback,medium,1,0,0,0,0,1,0.0352879,1,1,1,0,0,0,0.00263864520220423,0,0,0
medium_beta_pair,8,2,2,0.5,1,0,0.5,0.21875,0.71875,0,0,1,0.38419188413479,0.00459383185756277,0,1,-0.46875,-0.21875,0.21875,0.71875,1,1,1,1,1,1,48,12,1,12,71545.4103205406,0,low_confidence,low,0,0,0,1,0,1,0.2226488,1,1,1,1,0,0,0.00459383185756277,0,0,0
medium_beta_pair,8,3,2,0.5,1,0,0.5,0.21875,0.71875,0,0,1,0.383058054395397,0.00392513381340825,0,1,-0.46875,-0.21875,0.21875,0.71875,1,1,1,1,1,1,48,12,1,12,71878.8325150047,0,level2_rank1_fallback,medium,0,0,0,0,0,1,0.037242,1,1,1,0,0,0,0.00392513381340825,0,0,0
medium_beta_pair,8,4,2,0.5,1,0,0.5,0.21875,0.71875,0,0,1,0.384826308394467,-0.000342338372065904,0,1,-0.46875,-0.21875,0.21875,0.71875,1,1,1,1,1,1,48,12,1,12,71887.1543350657,0,level2_rank1_fallback,medium,1,0,0,0,0,1,0.0358945,1,1,1,0,0,0,-0.000342338372065904,0,0,0
medium_beta_pair,8,5,2,0.5,1,0,0.5,0.21875,0.71875,0,0,1,0.385996158237273,0.00478901067786763,0,1,-0.46875,-0.21875,0.21875,0.71875,1,1,1,1,1,1,48,12,1,12,71594.2622541529,0,level2_rank1_fallback,medium,1,0,0,0,0,1,0.0408906,1,1,1,0,0,0,0.00478901067786763,0,0,0
medium_beta_pair,8,6,2,0.5,1,0,0.5,0.21875,0.71875,0,0,1,0.383089013496679,0.00304015208076256,0,1,-0.46875,-0.21875,0.21875,0.71875,1,1,1,1,1,1,48,12,1,12,71312.130759272,0,level2_rank1_fallback,medium,0,0,0,0,0,1,0.0454926,1,1,1,0,0,0,0.00304015208076256,0,0,0
medium_beta_pair,8,7,2,0.5,1,0,0.5,0.21875,0.71875,0,0,1,0.384105300241224,0.0038834969105366,0,1,-0.46875,-0.21875,0.21875,0.71875,1,1,1,1,1,1,48,12,1,12,72008.9182639078,0,level2_rank1_fallback,medium,0,0,0,0,0,1,0.0406237,1,1,1,0,0,0,0.0038834969105366,0,0,0
medium_beta_pair,8,8,2,0.5,1,0,0.5,0.21875,0.71875,0,0,1,0.381521060577193,0.00523832931911584,0,1,-0.46875,-0.21875,0.21875,0.71875,1,1,1,1,1,1,48,12,1,12,71789.291424546,0,level2_rank1_fallback,medium,1,0,0,0,0,1,0.0371368,1,1,1,0,0,0,0.00523832931911584,0,0,0
medium_beta_pair,8,9,2,0.5,1,0,0.5,0.21875,0.71875,0,0,1,0.385584944029218,0.0016272855266921,0,1,-0.46875,-0.21875,0.21875,0.71875,1,1,1,1,1,1,48,12,1,11,71512.9135927516,0,level2_rank1_fallback,medium,1,0,0,0,0,1,0.0369671,1,1,1,0,0,0,0.0016272855266921,0,0,0
medium_beta_pair,8,10,2,0.5,1,0,0.5,0.21875,0.71875,0,0,1,0.384466593815991,0.00501047483567359,0,1,-0.46875,-0.21875,0.21875,0.71875,1,1,1,1,1,1,48,12,1,12,72125.4806238054,0,level2_rank1_fallback,medium,1,0,0,0,0,1,0.0384321,1,1,1,0,0,0,0.00501047483567359,0,0,0
medium_beta_pair,8,11,2,0.5,1,0,0.5,0.21875,0.71875,0,0,1,0.38911469658475,-0.00261530869680756,0,1,-0.46875,-0.21875,0.21875,0.71875,1,1,1,1,1,1,48,12,1,12,71870.7068294441,0,level2_rank1_fallback,medium,1,0,0,0,0,1,0.0413866,1,1,1,0,0,0,-0.00261530869680756,0,0,0
medium_beta_pair,8,12,2,0.5,1,0,0.5,0.21875,0.71875,0,0,1,0.381403737836972,0.00621405456477319,0,1,-0.46875,-0.21875,0.21875,0.71875,1,1,1,1,1,1,48,12,1,12,71929.2633713207,0,level2_rank1_fallback,medium,1,0,0,0,0,1,0.0361616,1,1,1,0,0,0,0.00621405456477319,0,0,0
medium_beta_pair,8,13,2,0.5,1,0,0.5,0.21875,0.71875,0,0,1,0.388294200946092,-0.00339794367390944,0,1,-0.46875,-0.21875,0.21875,0.71875,1,1,1,1,1,1,48,12,1,12,72245.1485707244,0,level2_rank1_fallback,medium,0,0,0,0,0,1,0.0394069,1,1,1,0,0,0,-0.00339794367390944,0,0,0
medium_beta_pair,8,14,2,0.5,1,0,0.5,0.21875,0.71875,0,0,1,0.383533574413775,-0.00136881616983849,0,1,-0.46875,-0.21875,0.21875,0.71875,1,1,1,1,1,1,48,12,1,12,71902.1903636991,0,level2_rank1_fallback,medium,1,0,0,0,0,1,0.0414065,1,1,1,0,0,0,-0.00136881616983849,0,0,0
medium_beta_pair,8,15,2,0.5,1,0,0.5,0.21875,0.71875,0,0,1,0.384294386240422,-0.00200157639789221,0,1,-0.46875,-0.21875,0.21875,0.71875,1,1,1,1,1,1,48,12,1,12,71890.9692234378,0,level2_rank1_fallback,medium,0,0,0,0,0,1,0.0354119,1,1,1,0,0,0,-0.00200157639789221,0,0,0
medium_beta_pair,8,16,2,0.5,1,0,0.5,0.21875,0.71875,0,0,1,0.379626287091319,-0.0030532312244078,0,1,-0.46875,-0.21875,0.21875,0.71875,1,1,1,1,1,1,48,12,1,12,71382.0917282787,0,level2_rank1_fallback,medium,0,0,0,0,0,1,0.0359395,1,1,1,0,0,0,-0.0030532312244078,0,0,0
medium_beta_pair,8,17,2,0.5,1,0,0.5,0.21875,0.71875,0,0,1,0.384138217148945,0.00159817915264978,0,1,-0.46875,-0.21875,0.21875,0.71875,1,1,1,1,1,1,48,12,1,11,71321.0507100854,0,level2_rank1_fallback,medium,1,0,0,0,0,1,0.0354152,1,1,1,0,0,0,0.00159817915264978,0,0,0
medium_beta_pair,8,18,2,0.5,1,0,0.5,0.21875,0.71875,0,0,1,0.387923278346214,0.00192884729857046,0,1,-0.46875,-0.21875,0.21875,0.71875,1,1,1,1,1,1,48,12,1,11,71564.8198434438,0,level2_rank1_fallback,medium,0,0,0,0,0,1,0.037958,1,1,1,0,0,0,0.00192884729857046,0,0,0
medium_beta_pair,8,19,2,0.5,1,0,0.5,0.21875,0.71875,0,0,1,0.382634292416228,-0.000828492520803638,0,1,-0.46875,-0.21875,0.21875,0.71875,1,1,1,1,1,1,48,12,1,12,71961.4321493479,0,level2_rank1_fallback,medium,0,0,0,0,0,1,0.0353899,1,1,1,0,0,0,-0.000828492520803638,0,0,0
medium_beta_pair,8,20,2,0.5,1,0,0.5,0.21875,0.71875,0,0,1,0.381070431954644,-0.00330022169880006,0,1,-0.46875,-0.21875,0.21875,0.71875,1,1,1,1,1,1,48,12,1,12,71961.7541192056,0,level2_rank1_fallback,medium,0,0,0,0,0,1,0.0401938,1,1,1,0,0,0,-0.00330022169880006,0,0,0
medium_beta_pair,8,21,2,0.5,1,0,0.5,0.21875,0.71875,0,0,1,0.384652554560726,0.00151643680770832,0,1,-0.46875,-0.21875,0.21875,0.71875,1,1,1,1,1,1,48,12,1,12,71799.7439392846,0,level2_rank1_fallback,medium,0,0,0,0,0,1,0.0389648,1,1,1,0,0,0,0.00151643680770832,0,0,0
medium_beta_pair,8,22,2,0.5,1,0,0.5,0.21875,0.71875,0,0,1,0.384910519287995,0.000140577444051527,0,1,-0.46875,-0.21875,0.21875,0.71875,1,1,1,1,1,1,48,12,1,12,72027.593810028,0,level2_rank1_fallback,medium,0,0,0,0,0,1,0.0383837,1,1,1,0,0,0,0.000140577444051527,0,0,0
medium_beta_pair,8,23,2,0.5,1,0,0.5,0.21875,0.71875,0,0,1,0.385272358350694,-0.00354118288707118,0,1,-0.46875,-0.21875,0.21875,0.71875,1,1,1,1,1,1,48,12,1,11,71881.7276910881,0,level2_rank1_fallback,medium,1,0,0,0,0,1,0.0401626,1,1,1,0,0,0,-0.00354118288707118,0,0,0
medium_beta_pair,8,24,2,0.5,1,0,0.5,0.21875,0.71875,0,0,1,0.384259435764138,0.00599152372811002,0,1,-0.46875,-0.21875,0.21875,0.71875,1,1,1,1,1,1,48,12,1,11,71396.3668294912,0,level2_rank1_fallback,medium,1,0,0,0,0,1,0.0391292,1,1,1,0,0,0,0.00599152372811002,0,0,0
medium_beta_pair,8,25,2,0.5,1,0,0.5,0.21875,0.71875,0,0,1,0.382784851057269,-0.00157186254332683,0,1,-0.46875,-0.21875,0.21875,0.71875,1,1,1,1,1,1,48,12,1,12,72019.0661521114,0,level2_rank1_fallback,medium,0,0,0,0,0,1,0.0357034,1,1,1,0,0,0,-0.00157186254332683,0,0,0
medium_beta_pair,8,26,2,0.5,1,0,0.5,0.21875,0.71875,0,0,1,0.384042561995642,0.00057526290879811,0,1,-0.46875,-0.21875,0.21875,0.71875,1,1,1,1,1,1,48,12,1,12,72041.9681130091,0,level2_rank1_fallback,medium,1,0,0,0,0,1,0.0376496,1,1,1,0,0,0,0.00057526290879811,0,0,0
medium_beta_pair,8,27,2,0.5,1,0,0.5,0.21875,0.71875,0,0,1,0.38,0.000368823104136661,0,1,-0.46875,-0.21875,0.21875,0.71875,1,1,1,1,1,1,48,12,1,12,72134.2139816225,0,low_confidence,low,0,0,0,1,0,1,0.2290691,1,1,1,1,0,0,0.000368823104136661,0,0,0
medium_beta_pair,8,28,2,0.5,1,0,0.5,0.21875,0.71875,0,0,1,0.386518572735292,-0.00102134912098398,0,1,-0.46875,-0.21875,0.21875,0.71875,1,1,1,1,1,1,48,12,1,12,71952.4858886041,0,level2_rank1_fallback,medium,0,0,0,0,0,1,0.0354138,1,1,1,0,0,0,-0.00102134912098398,0,0,0
medium_beta_pair,8,29,2,0.5,1,0,0.5,0.21875,0.71875,0,0,1,0.382442473530754,-0.00160908433051511,0,1,-0.46875,-0.21875,0.21875,0.71875,1,1,1,1,1,1,48,12,1,12,71816.0905482023,0,level2_rank1_fallback,medium,0,0,0,0,0,1,0.0363156,1,1,1,0,0,0,-0.00160908433051511,0,0,0
medium_beta_pair,8,30,2,0.5,1,0,0.5,0.21875,0.71875,0,0,1,0.382191628775987,0.00347632391829262,0,1,-0.46875,-0.21875,0.21875,0.71875,1,1,1,1,1,1,48,12,1,12,71771.1568298296,0,level2_rank1_fallback,medium,1,0,0,0,0,1,0.0398941,1,1,1,0,0,0,0.00347632391829262,0,0,0
medium_beta_pair,16,1,2,0.5,1,0,0.5,0.21875,0.71875,0,0,1,0.385166264646448,0.000957398916082421,0,1,-0.46875,-0.21875,0.21875,0.71875,1,1,1,1,1,1,48,12,1,19,71914.4896080315,0,level2_rank1_fallback,medium,1,0,0,0,0,1,0.0352364,1,1,1,0,0,0,0.000957398916082421,0,0,0
medium_beta_pair,16,2,2,0.5,1,0,0.5,0.21875,0.71875,0,0,1,0.38585915934006,0.000966014179449501,0,1,-0.46875,-0.21875,0.21875,0.71875,1,1,1,1,1,1,48,12,1,23,71833.1618318809,0,level2_rank1_fallback,medium,1,0,0,0,0,1,0.0356714,1,1,1,0,0,0,0.000966014179449501,0,0,0
medium_beta_pair,16,3,2,0.5,1,0,0.5,0.21875,0.71875,0,0,1,0.385106296842272,4.13817260221437e-05,0,1,-0.46875,-0.21875,0.21875,0.71875,1,1,1,1,1,1,48,12,1,18,71992.7624250518,0,level2_rank1_fallback,medium,1,0,0,0,0,1,0.0378626,1,1,1,0,0,0,4.13817260221437e-05,0,0,0
medium_beta_pair,16,4,2,0.5,1,0,0.5,0.21875,0.71875,0,0,1,0.384950013228683,0.00145457687221027,0,1,-0.46875,-0.21875,0.21875,0.71875,1,1,1,1,1,1,48,12,1,25,71950.6776594812,0,level2_rank1_fallback,medium,1,0,0,0,0,1,0.0357708,1,1,1,0,0,0,0.00145457687221027,0,0,0
medium_beta_pair,16,5,2,0.5,1,0,0.5,0.21875,0.71875,0,0,1,0.384816507078615,0.000507857809907303,0,1,-0.46875,-0.21875,0.21875,0.71875,1,1,1,1,1,1,48,12,1,20,71877.844260406,0,level2_rank1_fallback,medium,1,0,0,0,0,1,0.0355894,1,1,1,0,0,0,0.000507857809907303,0,0,0
medium_beta_pair,16,6,2,0.5,1,0,0.5,0.21875,0.71875,0,0,1,0.383725102411001,-0.000671097054274751,0,1,-0.46875,-0.21875,0.21875,0.71875,1,1,1,1,1,1,48,12,1,19,71900.6092172038,0,level2_rank1_fallback,medium,1,0,0,0,0,1,0.0356414,1,1,1,0,0,0,-0.000671097054274751,0,0,0
medium_beta_pair,16,7,2,0.5,1,0,0.5,0.21875,0.71875,0,0,1,0.384263597327285,0.000896117242970041,0,1,-0.46875,-0.21875,0.21875,0.71875,1,1,1,1,1,1,48,12,1,20,71789.1501763095,0,level2_rank1_fallback,medium,1,0,0,0,0,1,0.0407409,1,1,1,0,0,0,0.000896117242970041,0,0,0
medium_beta_pair,16,8,2,0.5,1,0,0.5,0.21875,0.71875,0,0,1,0.383299803656549,-0.00204644216694123,0,1,-0.46875,-0.21875,0.21875,0.71875,1,1,1,1,1,1,48,12,1,18,71768.0339075815,0,level2_rank1_fallback,medium,1,0,0,0,0,1,0.0409533,1,1,1,0,0,0,-0.00204644216694123,0,0,0
medium_beta_pair,16,9,2,0.5,1,0,0.5,0.21875,0.71875,0,0,1,0.383704121168497,0.00192485378107841,0,1,-0.46875,-0.21875,0.21875,0.71875,1,1,1,1,1,1,48,12,1,17,71924.2328010668,0,level2_rank1_fallback,medium,1,0,0,0,0,1,0.0351682,1,1,1,0,0,0,0.00192485378107841,0,0,0
medium_beta_pair,16,10,2,0.5,1,0,0.5,0.21875,0.71875,0,0,1,0.383637008753441,0.00163592831456943,0,1,-0.46875,-0.21875,0.21875,0.71875,1,1,1,1,1,1,48,12,1,22,71668.3706038251,0,level2_rank1_fallback,medium,1,0,0,0,0,1,0.0371354,1,1,1,0,0,0,0.00163592831456943,0,0,0
medium_beta_pair,16,11,2,0.5,1,0,0.5,0.21875,0.71875,0,0,1,0.383924463828374,-0.0011771380865662,0,1,-0.46875,-0.21875,0.21875,0.71875,1,1,1,1,1,1,48,12,1,22,71806.2050044284,0,level2_rank1_fallback,medium,0,0,0,0,0,1,0.0433077,1,1,1,0,0,0,-0.0011771380865662,0,0,0
medium_beta_pair,16,12,2,0.5,1,0,0.5,0.21875,0.71875,0,0,1,0.384698129692265,0.000836979255835624,0,1,-0.46875,-0.21875,0.21875,0.71875,1,1,1,1,1,1,48,12,1,20,71892.5659499388,0,level2_rank1_fallback,medium,0,0,0,0,0,1,0.0424143,1,1,1,0,0,0,0.000836979255835624,0,0,0
medium_beta_pair,16,13,2,0.5,1,0,0.5,0.21875,0.71875,0,0,1,0.385497261239995,-0.000206162121143994,0,1,-0.46875,-0.21875,0.21875,0.71875,1,1,1,1,1,1,48,12,1,21,71904.8933259442,0,level2_rank1_fallback,medium,0,0,0,0,0,1,0.0420926,1,1,1,0,0,0,-0.000206162121143994,0,0,0
medium_beta_pair,16,14,2,0.5,1,0,0.5,0.21875,0.71875,0,0,1,0.382697983207297,-0.00127059576847779,0,1,-0.46875,-0.21875,0.21875,0.71875,1,1,1,1,1,1,48,12,1,21,72044.4622948828,0,level2_rank1_fallback,medium,1,0,0,0,0,1,0.0452101,1,1,1,0,0,0,-0.00127059576847779,0,0,0
medium_beta_pair,16,15,2,0.5,1,0,0.5,0.21875,0.71875,0,0,1,0.384452000272297,-0.000204117882097478,0,1,-0.46875,-0.21875,0.21875,0.71875,1,1,1,1,1,1,48,12,1,18,71828.8049656315,0,level2_rank1_fallback,medium,0,0,0,0,0,1,0.0450579,1,1,1,0,0,0,-0.000204117882097478,0,0,0
medium_beta_pair,16,16,2,0.5,1,0,0.5,0.21875,0.71875,0,0,1,0.38460584621029,-0.00161324286331023,0,1,-0.46875,-0.21875,0.21875,0.71875,1,1,1,1,1,1,48,12,1,23,71905.2982387927,0,level2_rank1_fallback,medium,1,0,0,0,0,1,0.0990185,1,1,1,0,0,0,-0.00161324286331023,0,0,0
medium_beta_pair,16,17,2,0.5,1,0,0.5,0.21875,0.71875,0,0,1,0.383801878309105,-0.000972023033240522,0,1,-0.46875,-0.21875,0.21875,0.71875,1,1,1,1,1,1,48,12,1,22,71779.6472217766,0,level2_rank1_fallback,medium,1,0,0,0,0,1,0.0472458,1,1,1,0,0,0,-0.000972023033240522,0,0,0
medium_beta_pair,16,18,2,0.5,1,0,0.5,0.21875,0.71875,0,0,1,0.383281569742165,0.000783898756644196,0,1,-0.46875,-0.21875,0.21875,0.71875,1,1,1,1,1,1,48,12,1,16,71899.9522897437,0,low_confidence,low,0,0,0,1,0,1,0.2751805,1,1,1,1,0,0,0.000783898756644196,0,0,0
medium_beta_pair,16,19,2,0.5,1,0,0.5,0.21875,0.71875,0,0,1,0.38379147489731,-0.000299976129529566,0,1,-0.46875,-0.21875,0.21875,0.71875,1,1,1,1,1,1,48,12,1,22,71757.1930030694,0,level2_rank1_fallback,medium,1,0,0,0,0,1,0.0589184,1,1,1,0,0,0,-0.000299976129529566,0,0,0
medium_beta_pair,16,20,2,0.5,1,0,0.5,0.21875,0.71875,0,0,1,0.383448538370388,-6.40945158334045e-05,0,1,-0.46875,-0.21875,0.21875,0.71875,1,1,1,1,1,1,48,12,1,18,71711.187864094,0,level2_rank1_fallback,medium,0,0,0,0,0,1,0.0479365,1,1,1,0,0,0,-6.40945158334045e-05,0,0,0
medium_beta_pair,16,21,2,0.5,1,0,0.5,0.21875,0.71875,0,0,1,0.38475294328992,-2.78451765164658e-05,0,1,-0.46875,-0.21875,0.21875,0.71875,1,1,1,1,1,1,48,12,1,21,71977.2267494499,0,level2_rank1_fallback,medium,0,0,0,0,0,1,0.0414119,1,1,1,0,0,0,-2.78451765164658e-05,0,0,0
medium_beta_pair,16,22,2,0.5,1,0,0.5,0.21875,0.71875,0,0,1,0.383519375130509,-0.000742558615303459,0,1,-0.46875,-0.21875,0.21875,0.71875,1,1,1,1,1,1,48,12,1,18,72013.9262588528,0,level2_rank1_fallback,medium,1,0,0,0,0,1,0.0381237,1,1,1,0,0,0,-0.000742558615303459,0,0,0
medium_beta_pair,16,23,2,0.5,1,0,0.5,0.21875,0.71875,0,0,1,0.384438480325587,-0.0020913435313256,0,1,-0.46875,-0.21875,0.21875,0.71875,1,1,1,1,1,1,48,12,1,18,71719.9661447454,0,level2_rank1_fallback,medium,1,0,0,0,0,1,0.0546448,1,1,1,0,0,0,-0.0020913435313256,0,0,0
medium_beta_pair,16,24,2,0.5,1,0,0.5,0.21875,0.71875,0,0,1,0.38285456054222,-0.000830512544884526,0,1,-0.46875,-0.21875,0.21875,0.71875,1,1,1,1,1,1,48,12,1,18,71895.701067483,0,level2_rank1_fallback,medium,0,0,0,0,0,1,0.0430114,1,1,1,0,0,0,-0.000830512544884526,0,0,0
medium_beta_pair,16,25,2,0.5,1,0,0.5,0.21875,0.71875,0,0,1,0.384020113109057,0.000375111348329443,0,1,-0.46875,-0.21875,0.21875,0.71875,1,1,1,1,1,1,48,12,1,20,71722.0946117389,0,level2_rank1_fallback,medium,0,0,0,0,0,1,0.0420661,1,1,1,0,0,0,0.000375111348329443,0,0,0
medium_beta_pair,16,26,2,0.5,1,0,0.5,0.21875,0.71875,0,0,1,0.383924581351811,0.00149223224508448,0,1,-0.46875,-0.21875,0.21875,0.71875,1,1,1,1,1,1,48,12,1,22,71994.4151005293,0,level2_rank1_fallback,medium,1,0,0,0,0,1,0.0551288,1,1,1,0,0,0,0.00149223224508448,0,0,0
medium_beta_pair,16,27,2,0.5,1,0,0.5,0.21875,0.71875,0,0,1,0.383428800382004,0.000413862822286861,0,1,-0.46875,-0.21875,0.21875,0.71875,1,1,1,1,1,1,48,12,1,17,71865.9427684937,0,level2_rank1_fallback,medium,0,0,0,0,0,1,0.0398593,1,1,1,0,0,0,0.000413862822286861,0,0,0
medium_beta_pair,16,28,2,0.5,1,0,0.5,0.21875,0.71875,0,0,1,0.384076346609884,-4.4608817692117e-05,0,1,-0.46875,-0.21875,0.21875,0.71875,1,1,1,1,1,1,48,12,1,22,71874.6148040055,0,level2_rank1_fallback,medium,1,0,0,0,0,1,0.0389589,1,1,1,0,0,0,-4.4608817692117e-05,0,0,0
medium_beta_pair,16,29,2,0.5,1,0,0.5,0.21875,0.71875,0,0,1,0.384202515793332,-0.00102890868337176,0,1,-0.46875,-0.21875,0.21875,0.71875,1,1,1,1,1,1,48,12,1,23,71928.0065679166,0,level2_rank1_fallback,medium,1,0,0,0,0,1,0.0380285,1,1,1,0,0,0,-0.00102890868337176,0,0,0
medium_beta_pair,16,30,2,0.5,1,0,0.5,0.21875,0.71875,0,0,1,0.384716845278977,0.00173989625919526,0,1,-0.46875,-0.21875,0.21875,0.71875,1,1,1,1,1,1,48,12,1,18,71765.3835438652,0,level2_rank1_fallback,medium,0,0,0,0,0,1,0.0405069,1,1,1,0,0,0,0.00173989625919526,0,0,0
medium_beta_pair,8,1,2,0.5,1,0,0.8,-0.86875,-0.06875,0,0,1,-0.606286635018171,-0.00237961636960424,0,1,0.46875,0.868750000000006,-0.868750000000006,-0.0687499999999943,1,1,1,1,1,1,48,12,1,12,69335.1935543597,0,level2_rank1_fallback,medium,0,0,0,0,0,1,0.0378862,1,1,1,0,0,0,-0.00237961636960424,0,0,0
medium_beta_pair,8,2,2,0.5,1,0,0.8,-0.86875,-0.06875,0,0,1,-0.609796669366153,-0.00438655538285531,0,1,0.46875,0.868750000000006,-0.868750000000006,-0.0687499999999943,1,1,1,1,1,1,48,12,1,11,69296.2133935479,0,level2_rank1_fallback,medium,0,0,0,0,0,1,0.0381657,1,1,1,0,0,0,-0.00438655538285531,0,0,0
medium_beta_pair,8,3,2,0.5,1,0,0.8,-0.86875,-0.06875,0,0,1,-0.604903631823036,0.00468594954040322,0,1,0.46875,0.868750000000006,-0.868750000000006,-0.0687499999999943,1,1,1,1,1,1,48,12,1,12,69296.8886019231,0,level2_rank1_fallback,medium,0,0,0,0,0,1,0.0362274,1,1,1,0,0,0,0.00468594954040322,0,0,0
medium_beta_pair,8,4,2,0.5,1,0,0.8,-0.86875,-0.06875,0,0,1,-0.605890197189109,0.00315423249066507,0,1,0.46875,0.868750000000006,-0.868750000000006,-0.0687499999999943,1,1,1,1,1,1,48,12,1,12,69357.2190255515,0,level2_rank1_fallback,medium,0,0,0,0,0,1,0.0443438,1,1,1,0,0,0,0.00315423249066507,0,0,0
medium_beta_pair,8,5,2,0.5,1,0,0.8,-0.86875,-0.06875,0,0,1,-0.605641878899706,-0.00415824377259074,0,1,0.46875,0.868750000000006,-0.868750000000006,-0.0687499999999943,1,1,1,1,1,1,48,12,1,12,69106.4681431794,0,level2_rank1_fallback,medium,0,0,0,0,0,1,0.0435077,1,1,1,0,0,0,-0.00415824377259074,0,0,0
medium_beta_pair,8,6,2,0.5,1,0,0.8,-0.86875,-0.06875,0,0,1,-0.608476934709104,0.00105738217418451,0,1,0.46875,0.868750000000006,-0.868750000000006,-0.0687499999999943,1,1,1,1,1,1,48,12,1,12,68971.9732895336,0,level2_rank1_fallback,medium,0,0,0,0,0,1,0.0419415,1,1,1,0,0,0,0.00105738217418451,0,0,0
medium_beta_pair,8,7,2,0.5,1,0,0.8,-0.86875,-0.06875,0,0,1,-0.606478803623463,-0.0021657271968686,0,1,0.46875,0.868750000000006,-0.868750000000006,-0.0687499999999943,1,1,1,1,1,1,48,12,1,12,69206.2467949477,0,level2_rank1_fallback,medium,0,0,0,0,0,1,0.0427983,1,1,1,0,0,0,-0.0021657271968686,0,0,0
medium_beta_pair,8,8,2,0.5,1,0,0.8,-0.86875,-0.06875,0,0,1,-0.608614878481175,-0.00321287587216823,0,1,0.46875,0.868750000000006,-0.868750000000006,-0.0687499999999943,1,1,1,1,1,1,48,12,1,12,69262.319738752,0,level2_rank1_fallback,medium,0,0,0,0,0,1,0.0441832,1,1,1,0,0,0,-0.00321287587216823,0,0,0
medium_beta_pair,8,9,2,0.5,1,0,0.8,-0.86875,-0.06875,0,0,1,-0.60547383889102,0.00232124610088533,0,1,0.46875,0.868750000000006,-0.868750000000006,-0.0687499999999943,1,1,1,1,1,1,48,12,1,12,68803.8866842447,0,level2_rank1_fallback,medium,0,0,0,0,0,1,0.0359877,1,1,1,0,0,0,0.00232124610088533,0,0,0
medium_beta_pair,8,10,2,0.5,1,0,0.8,-0.86875,-0.06875,0,0,1,-0.608632105929398,-0.00092355775354978,0,1,0.46875,0.868750000000006,-0.868750000000006,-0.0687499999999943,1,1,1,1,1,1,48,12,1,12,69268.2255315473,0,level2_rank1_fallback,medium,0,0,0,0,0,1,0.039103,1,1,1,0,0,0,-0.00092355775354978,0,0,0
medium_beta_pair,8,11,2,0.5,1,0,0.8,-0.86875,-0.06875,0,0,1,-0.605177699497482,-0.00152234544284093,0,1,0.46875,0.868750000000006,-0.868750000000006,-0.0687499999999943,1,1,1,1,1,1,48,12,1,11,69221.5430490989,0,level2_rank1_fallback,medium,0,0,0,0,0,1,0.043321,1,1,1,0,0,0,-0.00152234544284093,0,0,0
medium_beta_pair,8,12,2,0.5,1,0,0.8,-0.86875,-0.06875,0,0,1,-0.607545891784793,0.00558697151813027,0,1,0.46875,0.868750000000006,-0.868750000000006,-0.0687499999999943,1,1,1,1,1,1,48,12,1,12,69223.804486226,0,level2_rank1_fallback,medium,0,0,0,0,0,1,0.037994,1,1,1,0,0,0,0.00558697151813027,0,0,0
medium_beta_pair,8,13,2,0.5,1,0,0.8,-0.86875,-0.06875,0,0,1,-0.606776982280562,0.00377698966295497,0,1,0.46875,0.868750000000006,-0.868750000000006,-0.0687499999999943,1,1,1,1,1,1,48,12,1,10,69457.1392498105,0,level2_rank1_fallback,medium,0,0,0,0,0,1,0.0354712,1,1,1,0,0,0,0.00377698966295497,0,0,0
medium_beta_pair,8,14,2,0.5,1,0,0.8,-0.86875,-0.06875,0,0,1,-0.60903990331869,-0.000134297334309823,0,1,0.46875,0.868750000000006,-0.868750000000006,-0.0687499999999943,1,1,1,1,1,1,48,12,1,12,69391.5333953849,0,level2_rank1_fallback,medium,0,0,0,0,0,1,0.0666056,1,1,1,0,0,0,-0.000134297334309823,0,0,0
medium_beta_pair,8,15,2,0.5,1,0,0.8,-0.86875,-0.06875,0,0,1,-0.607100846851975,-0.00296484367514429,0,1,0.46875,0.868750000000006,-0.868750000000006,-0.0687499999999943,1,1,1,1,1,1,48,12,1,11,69016.5401958099,0,level2_rank1_fallback,medium,0,0,0,0,0,1,0.0443418,1,1,1,0,0,0,-0.00296484367514429,0,0,0
medium_beta_pair,8,16,2,0.5,1,0,0.8,-0.86875,-0.06875,0,0,1,-0.604948503800338,-0.000740925107243868,0,1,0.46875,0.868750000000006,-0.868750000000006,-0.0687499999999943,1,1,1,1,1,1,48,12,1,13,69142.3104896388,0,level2_rank1_fallback,medium,0,0,0,0,0,1,0.0361791,1,1,1,0,0,0,-0.000740925107243868,0,0,0
medium_beta_pair,8,17,2,0.5,1,0,0.8,-0.86875,-0.06875,0,0,1,-0.60978411735756,-0.0020816937111733,0,1,0.46875,0.868750000000006,-0.868750000000006,-0.0687499999999943,1,1,1,1,1,1,48,12,1,12,69303.5539174794,0,level2_rank1_fallback,medium,0,0,0,0,0,1,0.0372165,1,1,1,0,0,0,-0.0020816937111733,0,0,0
medium_beta_pair,8,18,2,0.5,1,0,0.8,-0.86875,-0.06875,0,0,1,-0.6061003568154,-0.00308452827596261,0,1,0.46875,0.868750000000006,-0.868750000000006,-0.0687499999999943,1,1,1,1,1,1,48,12,1,10,69468.8471355511,0,level2_rank1_fallback,medium,0,0,0,0,0,1,0.0348624,1,1,1,0,0,0,-0.00308452827596261,0,0,0
medium_beta_pair,8,19,2,0.5,1,0,0.8,-0.86875,-0.06875,0,0,1,-0.603795739480069,0.00312345138486578,0,1,0.46875,0.868750000000006,-0.868750000000006,-0.0687499999999943,1,1,1,1,1,1,48,12,1,11,69301.6256587128,0,level2_rank1_fallback,medium,0,0,0,0,0,1,0.0469088,1,1,1,0,0,0,0.00312345138486578,0,0,0
medium_beta_pair,8,20,2,0.5,1,0,0.8,-0.86875,-0.06875,0,0,1,-0.607849863405777,0.00289569795340339,0,1,0.46875,0.868750000000006,-0.868750000000006,-0.0687499999999943,1,1,1,1,1,1,48,12,1,12,69317.3443782369,0,level2_rank1_fallback,medium,0,0,0,0,0,1,0.049272,1,1,1,0,0,0,0.00289569795340339,0,0,0
medium_beta_pair,8,21,2,0.5,1,0,0.8,-0.86875,-0.06875,0,0,1,-0.607972167168312,-0.000764027606093713,0,1,0.46875,0.868750000000006,-0.868750000000006,-0.0687499999999943,1,1,1,1,1,1,48,12,1,12,68751.7540953913,0,level2_rank1_fallback,medium,0,0,0,0,0,1,0.0489638,1,1,1,0,0,0,-0.000764027606093713,0,0,0
medium_beta_pair,8,22,2,0.5,1,0,0.8,-0.86875,-0.06875,0,0,1,-0.607704370798941,0.000598405842457147,0,1,0.46875,0.868750000000006,-0.868750000000006,-0.0687499999999943,1,1,1,1,1,1,48,12,1,12,69527.9198645471,0,low_confidence,low,0,0,0,1,0,1,0.3038062,1,1,1,1,0,0,0.000598405842457147,0,0,0
medium_beta_pair,8,23,2,0.5,1,0,0.8,-0.86875,-0.06875,0,0,1,-0.607924504259842,-0.00177313206561806,0,1,0.46875,0.868750000000006,-0.868750000000006,-0.0687499999999943,1,1,1,1,1,1,48,12,1,12,69268.3405935725,0,level2_rank1_fallback,medium,0,0,0,0,0,1,0.043196,1,1,1,0,0,0,-0.00177313206561806,0,0,0
medium_beta_pair,8,24,2,0.5,1,0,0.8,-0.86875,-0.06875,0,0,1,-0.609081536904211,0.0048557939254424,0,1,0.46875,0.868750000000006,-0.868750000000006,-0.0687499999999943,1,1,1,1,1,1,48,12,1,12,69119.7165084068,0,level2_rank1_fallback,medium,0,0,0,0,0,1,0.0442682,1,1,1,0,0,0,0.0048557939254424,0,0,0
medium_beta_pair,8,25,2,0.5,1,0,0.8,-0.86875,-0.06875,0,0,1,-0.605588419990542,0.00509872765016623,0,1,0.46875,0.868750000000006,-0.868750000000006,-0.0687499999999943,1,1,1,1,1,1,48,12,1,12,69019.4237111335,0,level2_rank1_fallback,medium,0,0,0,0,0,1,0.0500042,1,1,1,0,0,0,0.00509872765016623,0,0,0
medium_beta_pair,8,26,2,0.5,1,0,0.8,-0.86875,-0.06875,0,0,1,-0.604145007472404,0.00302019862224209,0,1,0.46875,0.868750000000006,-0.868750000000006,-0.0687499999999943,1,1,1,1,1,1,48,12,1,12,69287.6307854568,0,level2_rank1_fallback,medium,0,0,0,0,0,1,0.0468013,1,1,1,0,0,0,0.00302019862224209,0,0,0
medium_beta_pair,8,27,2,0.5,1,0,0.8,-0.86875,-0.06875,0,0,1,-0.609529319094569,0.000552088655715581,0,1,0.46875,0.868750000000006,-0.868750000000006,-0.0687499999999943,1,1,1,1,1,1,48,12,1,12,69147.2894444762,0,level2_rank1_fallback,medium,0,0,0,0,0,1,0.0937989,1,1,1,0,0,0,0.000552088655715581,0,0,0
medium_beta_pair,8,28,2,0.5,1,0,0.8,-0.86875,-0.06875,0,0,1,-0.607968378415555,-0.00280968558368603,0,1,0.46875,0.868750000000006,-0.868750000000006,-0.0687499999999943,1,1,1,1,1,1,48,12,1,13,69072.603702473,0,level2_rank1_fallback,medium,0,0,0,0,0,1,0.0597109,1,1,1,0,0,0,-0.00280968558368603,0,0,0
medium_beta_pair,8,29,2,0.5,1,0,0.8,-0.86875,-0.06875,0,0,1,-0.608344757924732,0.000303316555041012,0,1,0.46875,0.868750000000006,-0.868750000000006,-0.0687499999999943,1,1,1,1,1,1,48,12,1,12,68914.2043533609,0,low_confidence,low,0,0,0,1,0,1,0.3293475,1,1,1,1,0,0,0.000303316555041012,0,0,0
medium_beta_pair,8,30,2,0.5,1,0,0.8,-0.86875,-0.06875,0,0,1,-0.60867813752236,0.000361157500719434,0,1,0.46875,0.868750000000006,-0.868750000000006,-0.0687499999999943,1,1,1,1,1,1,48,12,1,12,69009.7772746176,0,low_confidence,low,0,0,0,1,0,1,0.3416891,1,1,1,1,0,0,0.000361157500719434,0,0,0
medium_beta_pair,16,1,2,0.5,1,0,0.8,-0.86875,-0.06875,0,0,1,-0.607722214448885,-0.000926162997049828,0,1,0.46875,0.868750000000006,-0.868750000000006,-0.0687499999999943,1,1,1,1,1,1,48,12,1,20,69203.4745632375,0,level2_rank1_fallback,medium,0,0,0,0,0,1,0.0502351,1,1,1,0,0,0,-0.000926162997049828,0,0,0
medium_beta_pair,16,2,2,0.5,1,0,0.8,-0.86875,-0.06875,0,0,1,-0.6071868458949,-0.000457563236170486,0,1,0.46875,0.868750000000006,-0.868750000000006,-0.0687499999999943,1,1,1,1,1,1,48,12,1,21,69294.4701218164,0,level2_rank1_fallback,medium,0,0,0,0,0,1,0.0498739,1,1,1,0,0,0,-0.000457563236170486,0,0,0
medium_beta_pair,16,3,2,0.5,1,0,0.8,-0.86875,-0.06875,0,0,1,-0.60645033516307,0.000188621161880214,0,1,0.46875,0.868750000000006,-0.868750000000006,-0.0687499999999943,1,1,1,1,1,1,48,12,1,21,69366.8203900383,0,level2_rank1_fallback,medium,0,0,0,0,0,1,0.056338,1,1,1,0,0,0,0.000188621161880214,0,0,0
medium_beta_pair,16,4,2,0.5,1,0,0.8,-0.86875,-0.06875,0,0,1,-0.607195529994761,0.00182847343935433,0,1,0.46875,0.868750000000006,-0.868750000000006,-0.0687499999999943,1,1,1,1,1,1,48,12,1,17,69245.4469002619,0,level2_rank1_fallback,medium,0,0,0,0,0,1,0.0558816,1,1,1,0,0,0,0.00182847343935433,0,0,0
medium_beta_pair,16,5,2,0.5,1,0,0.8,-0.86875,-0.06875,0,0,1,-0.60769984022698,0.00155508631767733,0,1,0.46875,0.868750000000006,-0.868750000000006,-0.0687499999999943,1,1,1,1,1,1,48,12,1,20,69321.4680688052,0,level2_rank1_fallback,medium,0,0,0,0,0,1,0.0555151,1,1,1,0,0,0,0.00155508631767733,0,0,0
medium_beta_pair,16,6,2,0.5,1,0,0.8,-0.86875,-0.06875,0,0,1,-0.606268254187136,0.000213300248217176,0,1,0.46875,0.868750000000006,-0.868750000000006,-0.0687499999999943,1,1,1,1,1,1,48,12,1,20,69403.9420498722,0,level2_rank1_fallback,medium,0,0,0,0,0,1,0.0452033,1,1,1,0,0,0,0.000213300248217176,0,0,0
medium_beta_pair,16,7,2,0.5,1,0,0.8,-0.86875,-0.06875,0,0,1,-0.606048792711038,0.000154805168218558,0,1,0.46875,0.868750000000006,-0.868750000000006,-0.0687499999999943,1,1,1,1,1,1,48,12,1,18,69279.8945634174,0,level2_rank1_fallback,medium,0,0,0,0,0,1,0.0691591,1,1,1,0,0,0,0.000154805168218558,0,0,0
medium_beta_pair,16,8,2,0.5,1,0,0.8,-0.86875,-0.06875,0,0,1,-0.607925006787284,-0.00139054827566031,0,1,0.46875,0.868750000000006,-0.868750000000006,-0.0687499999999943,1,1,1,1,1,1,48,12,1,20,69159.137684611,0,low_confidence,low,0,0,0,1,0,1,0.3407696,1,1,1,1,0,0,-0.00139054827566031,0,0,0
medium_beta_pair,16,9,2,0.5,1,0,0.8,-0.86875,-0.06875,0,0,1,-0.607475668172811,-8.29392053809153e-05,0,1,0.46875,0.868750000000006,-0.868750000000006,-0.0687499999999943,1,1,1,1,1,1,48,12,1,21,69141.8248533426,0,level2_rank1_fallback,medium,0,0,0,0,0,1,0.0620023,1,1,1,0,0,0,-8.29392053809153e-05,0,0,0
medium_beta_pair,16,10,2,0.5,1,0,0.8,-0.86875,-0.06875,0,0,1,-0.606899963177079,0.000905772042028694,0,1,0.46875,0.868750000000006,-0.868750000000006,-0.0687499999999943,1,1,1,1,1,1,48,12,1,20,69289.0420288586,0,level2_rank1_fallback,medium,0,0,0,0,0,1,0.0515525,1,1,1,0,0,0,0.000905772042028694,0,0,0
medium_beta_pair,16,11,2,0.5,1,0,0.8,-0.86875,-0.06875,0,0,1,-0.607038267166769,-0.00157136228069861,0,1,0.46875,0.868750000000006,-0.868750000000006,-0.0687499999999943,1,1,1,1,1,1,48,12,1,19,69130.5200853963,0,level2_rank1_fallback,medium,0,0,0,0,0,1,0.06185,1,1,1,0,0,0,-0.00157136228069861,0,0,0
medium_beta_pair,16,12,2,0.5,1,0,0.8,-0.86875,-0.06875,0,0,1,-0.609269503847154,0.00018140624462034,0,1,0.46875,0.868750000000006,-0.868750000000006,-0.0687499999999943,1,1,1,1,1,1,48,12,1,21,69284.4217540696,0,level2_rank1_fallback,medium,0,0,0,0,0,1,0.0671175,1,1,1,0,0,0,0.00018140624462034,0,0,0
medium_beta_pair,16,13,2,0.5,1,0,0.8,-0.86875,-0.06875,0,0,1,-0.607263709202827,-0.00109584414415501,0,1,0.46875,0.868750000000006,-0.868750000000006,-0.0687499999999943,1,1,1,1,1,1,48,12,1,25,69142.0152626707,0,level2_rank1_fallback,medium,0,0,0,0,0,1,0.0470289,1,1,1,0,0,0,-0.00109584414415501,0,0,0
medium_beta_pair,16,14,2,0.5,1,0,0.8,-0.86875,-0.06875,0,0,1,-0.606364475258007,0.00104869099264067,0,1,0.46875,0.868750000000006,-0.868750000000006,-0.0687499999999943,1,1,1,1,1,1,48,12,1,23,69251.5278931637,0,level2_rank1_fallback,medium,0,0,0,0,0,1,0.0495942,1,1,1,0,0,0,0.00104869099264067,0,0,0
medium_beta_pair,16,15,2,0.5,1,0,0.8,-0.86875,-0.06875,0,0,1,-0.607141873363753,-0.000483011727905136,0,1,0.46875,0.868750000000006,-0.868750000000006,-0.0687499999999943,1,1,1,1,1,1,48,12,1,20,69257.7026231241,0,level2_rank1_fallback,medium,0,0,0,0,0,1,0.0539482,1,1,1,0,0,0,-0.000483011727905136,0,0,0
medium_beta_pair,16,16,2,0.5,1,0,0.8,-0.86875,-0.06875,0,0,1,-0.607919053642685,-0.000551768055506828,0,1,0.46875,0.868750000000006,-0.868750000000006,-0.0687499999999943,1,1,1,1,1,1,48,12,1,20,69185.7344626652,0,level2_rank1_fallback,medium,0,0,0,0,0,1,0.0441797,1,1,1,0,0,0,-0.000551768055506828,0,0,0
medium_beta_pair,16,17,2,0.5,1,0,0.8,-0.86875,-0.06875,0,0,1,-0.606382655815128,0.00141784850262907,0,1,0.46875,0.868750000000006,-0.868750000000006,-0.0687499999999943,1,1,1,1,1,1,48,12,1,19,69454.5166987658,0,level2_rank1_fallback,medium,0,0,0,0,0,1,0.0444778,1,1,1,0,0,0,0.00141784850262907,0,0,0
medium_beta_pair,16,18,2,0.5,1,0,0.8,-0.86875,-0.06875,0,0,1,-0.608476861952477,0.000948994212031707,0,1,0.46875,0.868750000000006,-0.868750000000006,-0.0687499999999943,1,1,1,1,1,1,48,12,1,21,69278.4305431741,0,level2_rank1_fallback,medium,0,0,0,0,0,1,0.0430558,1,1,1,0,0,0,0.000948994212031707,0,0,0
medium_beta_pair,16,19,2,0.5,1,0,0.8,-0.86875,-0.06875,0,0,1,-0.607216056379333,0.00134736330739863,0,1,0.46875,0.868750000000006,-0.868750000000006,-0.0687499999999943,1,1,1,1,1,1,48,12,1,18,69230.7042764146,0,level2_rank1_fallback,medium,0,0,0,0,0,1,0.0539558,1,1,1,0,0,0,0.00134736330739863,0,0,0
medium_beta_pair,16,20,2,0.5,1,0,0.8,-0.86875,-0.06875,0,0,1,-0.606382045468151,5.72105170583084e-05,0,1,0.46875,0.868750000000006,-0.868750000000006,-0.0687499999999943,1,1,1,1,1,1,48,12,1,19,69054.7856466261,0,level2_rank1_fallback,medium,0,0,0,0,0,1,0.062775,1,1,1,0,0,0,5.72105170583084e-05,0,0,0
medium_beta_pair,16,21,2,0.5,1,0,0.8,-0.86875,-0.06875,0,0,1,-0.606821258272748,0.00127212064192271,0,1,0.46875,0.868750000000006,-0.868750000000006,-0.0687499999999943,1,1,1,1,1,1,48,12,1,20,69195.4282156677,0,level2_rank1_fallback,medium,0,0,0,0,0,1,0.0609162,1,1,1,0,0,0,0.00127212064192271,0,0,0
medium_beta_pair,16,22,2,0.5,1,0,0.8,-0.86875,-0.06875,0,0,1,-0.606773721267192,1.56330115022871e-05,0,1,0.46875,0.868750000000006,-0.868750000000006,-0.0687499999999943,1,1,1,1,1,1,48,12,1,19,69170.0667862916,0,level2_rank1_fallback,medium,0,0,0,0,0,1,0.051317,1,1,1,0,0,0,1.56330115022871e-05,0,0,0
medium_beta_pair,16,23,2,0.5,1,0,0.8,-0.86875,-0.06875,0,0,1,-0.607077448474482,-4.39548210806248e-05,0,1,0.46875,0.868750000000006,-0.868750000000006,-0.0687499999999943,1,1,1,1,1,1,48,12,1,21,69120.1848855638,0,level2_rank1_fallback,medium,0,0,0,0,0,1,0.047676,1,1,1,0,0,0,-4.39548210806248e-05,0,0,0
medium_beta_pair,16,24,2,0.5,1,0,0.8,-0.86875,-0.06875,0,0,1,-0.607954921677326,-0.000914382297450682,0,1,0.46875,0.868750000000006,-0.868750000000006,-0.0687499999999943,1,1,1,1,1,1,48,12,1,20,69312.3282768368,0,low_confidence,low,0,0,0,1,0,1,0.2945783,1,1,1,1,0,0,-0.000914382297450682,0,0,0
medium_beta_pair,16,25,2,0.5,1,0,0.8,-0.86875,-0.06875,0,0,1,-0.607482586985246,-0.000267805442906136,0,1,0.46875,0.868750000000006,-0.868750000000006,-0.0687499999999943,1,1,1,1,1,1,48,12,1,26,69244.3781450418,0,level2_rank1_fallback,medium,0,0,0,0,0,1,0.0543806,1,1,1,0,0,0,-0.000267805442906136,0,0,0
medium_beta_pair,16,26,2,0.5,1,0,0.8,-0.86875,-0.06875,0,0,1,-0.607990863370402,-0.000587441268021351,0,1,0.46875,0.868750000000006,-0.868750000000006,-0.0687499999999943,1,1,1,1,1,1,48,12,1,20,69446.1867735881,0,level2_rank1_fallback,medium,0,0,0,0,0,1,0.0624866,1,1,1,0,0,0,-0.000587441268021351,0,0,0
medium_beta_pair,16,27,2,0.5,1,0,0.8,-0.86875,-0.06875,0,0,1,-0.60796773415231,-0.00051503470483672,0,1,0.46875,0.868750000000006,-0.868750000000006,-0.0687499999999943,1,1,1,1,1,1,48,12,1,17,69267.3896904014,0,level2_rank1_fallback,medium,0,0,0,0,0,1,0.0428616,1,1,1,0,0,0,-0.00051503470483672,0,0,0
medium_beta_pair,16,28,2,0.5,1,0,0.8,-0.86875,-0.06875,0,0,1,-0.6074310569441,-5.41264690049966e-05,0,1,0.46875,0.868750000000006,-0.868750000000006,-0.0687499999999943,1,1,1,1,1,1,48,12,1,21,69097.2229207313,0,level2_rank1_fallback,medium,0,0,0,0,0,1,0.0418634,1,1,1,0,0,0,-5.41264690049966e-05,0,0,0
medium_beta_pair,16,29,2,0.5,1,0,0.8,-0.86875,-0.06875,0,0,1,-0.607332420575148,0.00154777901955701,0,1,0.46875,0.868750000000006,-0.868750000000006,-0.0687499999999943,1,1,1,1,1,1,48,12,1,24,69091.3946971668,0,level2_rank1_fallback,medium,0,0,0,0,0,1,0.0493155,1,1,1,0,0,0,0.00154777901955701,0,0,0
medium_beta_pair,16,30,2,0.5,1,0,0.8,-0.86875,-0.06875,0,0,1,-0.606321808472447,-0.000821429779540951,0,1,0.46875,0.868750000000006,-0.868750000000006,-0.0687499999999943,1,1,1,1,1,1,48,12,1,15,69370.6156907611,0,low_confidence,low,0,0,0,1,0,1,0.3122149,1,1,1,1,0,0,-0.000821429779540951,0,0,0
medium_beta_pair,8,1,2,0.5,1,0,0.8,-0.4,0.4,0,0,1,-0.139810870488775,0.00178141320896254,0,1,0,0.400000000000006,-0.400000000000006,0.400000000000006,1,1,1,1,1,1,48,12,1,12,69319.0599645104,0,boundary_unreliable,low,0,0,0,1,1,1,0.2965805,1,1,1,1,0,0,0.00178141320896254,0,0,0
medium_beta_pair,8,2,2,0.5,1,0,0.8,-0.4,0.4,0,0,1,-0.136846186350166,-0.000286892476345055,0,1,0,0.400000000000006,-0.400000000000006,0.400000000000006,1,1,1,1,1,1,48,12,1,12,69486.3561060757,0,common_el_refocus_power_rank1,medium,0,0,0,0,0,1,0.0378368,1,1,0,0,0,0,-0.000286892476345055,0,0,0
medium_beta_pair,8,3,2,0.5,1,0,0.8,-0.4,0.4,0,0,1,-0.138303434716858,0.00867956648249246,0,1,0,0.400000000000006,-0.400000000000006,0.400000000000006,1,1,1,1,1,1,48,12,1,11,69255.4159524787,0,common_el_refocus_power_rank1,medium,0,0,0,0,0,1,0.0453981,1,1,0,0,0,0,0.00867956648249246,0,0,0
medium_beta_pair,8,4,2,0.5,1,0,0.8,-0.4,0.4,0,0,1,-0.137903298923362,-0.00490983040755575,0,1,0,0.400000000000006,-0.400000000000006,0.400000000000006,1,1,1,1,1,1,48,12,1,10,69098.2938989431,0,boundary_unreliable,low,0,0,0,1,1,1,0.3033245,1,1,1,1,0,0,-0.00490983040755575,0,0,0
medium_beta_pair,8,5,2,0.5,1,0,0.8,-0.4,0.4,0,0,1,-0.137573303059122,-0.00235368164305913,0,1,0,0.400000000000006,-0.400000000000006,0.400000000000006,1,1,1,1,1,1,48,12,1,12,69495.721126891,0,level2_rank1_fallback,medium,0,0,0,0,0,1,0.0486909,1,1,1,0,0,0,-0.00235368164305913,0,0,0
medium_beta_pair,8,6,2,0.5,1,0,0.8,-0.4,0.4,0,0,1,-0.136095769040582,-0.00398586597032171,0,1,0,0.400000000000006,-0.400000000000006,0.400000000000006,1,1,1,1,1,1,48,12,1,12,68720.8557875286,0,boundary_unreliable,low,0,0,0,1,1,1,0.3131156,1,1,1,1,0,0,-0.00398586597032171,0,0,0
medium_beta_pair,8,7,2,0.5,1,0,0.8,-0.4,0.4,0,0,1,-0.138432404311088,-0.00466924018485427,0,1,0,0.400000000000006,-0.400000000000006,0.400000000000006,1,1,1,1,1,1,48,12,1,12,69064.4616072574,0,boundary_unreliable,low,0,0,0,1,1,1,0.3055029,1,1,1,1,0,0,-0.00466924018485427,0,0,0
medium_beta_pair,8,8,2,0.5,1,0,0.8,-0.4,0.4,0,0,1,-0.141195366982021,-0.00234077951607929,0,1,0,0.400000000000006,-0.400000000000006,0.400000000000006,1,1,1,1,1,1,48,12,1,12,69194.0680175003,0,common_el_refocus_power_rank1,medium,0,0,0,0,0,1,0.0423571,1,1,0,0,0,0,-0.00234077951607929,0,0,0
medium_beta_pair,8,9,2,0.5,1,0,0.8,-0.4,0.4,0,0,1,-0.138285604323994,0.000368682152757093,0,1,0,0.400000000000006,-0.400000000000006,0.400000000000006,1,1,1,1,1,1,48,12,1,10,69217.8975598449,0,common_el_refocus_power_rank1,medium,0,0,0,0,0,1,0.0438467,1,1,0,0,0,0,0.000368682152757093,0,0,0
medium_beta_pair,8,10,2,0.5,1,0,0.8,-0.4,0.4,0,0,1,-0.139492035728678,0.00374791369756036,0,1,0,0.400000000000006,-0.400000000000006,0.400000000000006,1,1,1,1,1,1,48,12,1,12,68894.8936088993,0,boundary_unreliable,low,0,0,0,1,1,1,0.2937785,1,1,1,1,0,0,0.00374791369756036,0,0,0
medium_beta_pair,8,11,2,0.5,1,0,0.8,-0.4,0.4,0,0,1,-0.142493825605836,0.0015930289986656,0,1,0,0.400000000000006,-0.400000000000006,0.400000000000006,1,1,1,1,1,1,48,12,1,12,69240.2087565855,0,boundary_unreliable,low,0,0,0,1,1,1,0.2825254,1,1,1,1,0,0,0.0015930289986656,0,0,0
medium_beta_pair,8,12,2,0.5,1,0,0.8,-0.4,0.4,0,0,1,-0.140113946266268,0.00135322795425543,0,1,0,0.400000000000006,-0.400000000000006,0.400000000000006,1,1,1,1,1,1,48,12,1,12,69360.5361897957,0,level2_rank1_fallback,medium,0,0,0,0,0,1,0.0424018,1,1,1,0,0,0,0.00135322795425543,0,0,0
medium_beta_pair,8,13,2,0.5,1,0,0.8,-0.4,0.4,0,0,1,-0.137042223982307,-0.00151909611695957,0,1,0,0.400000000000006,-0.400000000000006,0.400000000000006,1,1,1,1,1,1,48,12,1,12,68979.7572273665,0,common_el_refocus_power_rank1,medium,0,0,0,0,0,1,0.0388952,1,1,0,0,0,0,-0.00151909611695957,0,0,0
medium_beta_pair,8,14,2,0.5,1,0,0.8,-0.4,0.4,0,0,1,-0.138469794608581,-0.00390400992719371,0,1,0,0.400000000000006,-0.400000000000006,0.400000000000006,1,1,1,1,1,1,48,12,1,12,69542.9588819696,0,level2_rank1_fallback,medium,0,0,0,0,0,1,0.047665,1,1,1,0,0,0,-0.00390400992719371,0,0,0
medium_beta_pair,8,15,2,0.5,1,0,0.8,-0.4,0.4,0,0,1,-0.13764551886873,-0.00379798517691444,0,1,0,0.400000000000006,-0.400000000000006,0.400000000000006,1,1,1,1,1,1,48,12,1,12,69338.7055015789,0,boundary_unreliable,low,0,0,0,1,1,1,0.3238022,1,1,1,1,0,0,-0.00379798517691444,0,0,0
medium_beta_pair,8,16,2,0.5,1,0,0.8,-0.4,0.4,0,0,1,-0.138655789597382,0.00532536349157236,0,1,0,0.400000000000006,-0.400000000000006,0.400000000000006,1,1,1,1,1,1,48,12,1,11,69348.0109446611,0,boundary_unreliable,low,0,0,0,1,1,1,0.2856854,1,1,1,1,0,0,0.00532536349157236,0,0,0
medium_beta_pair,8,17,2,0.5,1,0,0.8,-0.4,0.4,0,0,1,-0.137928715442853,-0.00292025798931449,0,1,0,0.400000000000006,-0.400000000000006,0.400000000000006,1,1,1,1,1,1,48,12,1,12,69517.2535734368,0,common_el_refocus_power_rank1,medium,0,0,0,0,0,1,0.0379797,1,1,0,0,0,0,-0.00292025798931449,0,0,0
medium_beta_pair,8,18,2,0.5,1,0,0.8,-0.4,0.4,0,0,1,-0.136616785533746,0.00259105577830851,0,1,0,0.400000000000006,-0.400000000000006,0.400000000000006,1,1,1,1,1,1,48,12,1,12,69024.2521270896,0,boundary_unreliable,low,0,0,0,1,1,1,0.288838,1,1,1,1,0,0,0.00259105577830851,0,0,0
medium_beta_pair,8,19,2,0.5,1,0,0.8,-0.4,0.4,0,0,1,-0.13931588856061,-0.00407648240522784,0,1,0,0.400000000000006,-0.400000000000006,0.400000000000006,1,1,1,1,1,1,48,12,1,11,69462.9030455588,0,boundary_unreliable,low,0,0,0,1,1,1,0.2883156,1,1,1,1,0,0,-0.00407648240522784,0,0,0
medium_beta_pair,8,20,2,0.5,1,0,0.8,-0.4,0.4,0,0,1,-0.13769256422573,0.00232425526473846,0,1,0,0.400000000000006,-0.400000000000006,0.400000000000006,1,1,1,1,1,1,48,12,1,10,69554.367332332,0,level2_rank1_fallback,medium,0,0,0,0,0,1,0.0422337,1,1,1,0,0,0,0.00232425526473846,0,0,0
medium_beta_pair,8,21,2,0.5,1,0,0.8,-0.4,0.4,0,0,1,-0.141438597124473,-0.00325207837261898,0,1,0,0.400000000000006,-0.400000000000006,0.400000000000006,1,1,1,1,1,1,48,12,1,12,69287.134689963,0,boundary_unreliable,low,0,0,0,1,1,1,0.2880206,1,1,1,1,0,0,-0.00325207837261898,0,0,0
medium_beta_pair,8,22,2,0.5,1,0,0.8,-0.4,0.4,0,0,1,-0.140536884478712,0.000141266327440661,0,1,0,0.400000000000006,-0.400000000000006,0.400000000000006,1,1,1,1,1,1,48,12,1,11,68903.3417664921,0,level2_rank1_fallback,medium,0,0,0,0,0,1,0.0490024,1,1,1,0,0,0,0.000141266327440661,0,0,0
medium_beta_pair,8,23,2,0.5,1,0,0.8,-0.4,0.4,0,0,1,-0.140786172378018,-0.000734463558814453,0,1,0,0.400000000000006,-0.400000000000006,0.400000000000006,1,1,1,1,1,1,48,12,1,11,69177.3218276819,0,boundary_unreliable,low,0,0,0,1,1,1,0.3127962,1,1,1,1,0,0,-0.000734463558814453,0,0,0
medium_beta_pair,8,24,2,0.5,1,0,0.8,-0.4,0.4,0,0,1,-0.140511378942958,0.000487325377341129,0,1,0,0.400000000000006,-0.400000000000006,0.400000000000006,1,1,1,1,1,1,48,12,1,12,69369.5701223154,0,boundary_unreliable,low,0,0,0,1,1,1,0.2941651,1,1,1,1,0,0,0.000487325377341129,0,0,0
medium_beta_pair,8,25,2,0.5,1,0,0.8,-0.4,0.4,0,0,1,-0.139216946994656,0.00178649397892491,0,1,0,0.400000000000006,-0.400000000000006,0.400000000000006,1,1,1,1,1,1,48,12,1,12,68958.268343736,0,common_el_refocus_power_rank1,medium,0,0,0,0,0,1,0.0391256,1,1,0,0,0,0,0.00178649397892491,0,0,0
medium_beta_pair,8,26,2,0.5,1,0,0.8,-0.4,0.4,0,0,1,-0.136113712533407,0.00186387959634437,0,1,0,0.400000000000006,-0.400000000000006,0.400000000000006,1,1,1,1,1,1,48,12,1,12,69233.7168996547,0,level2_rank1_fallback,medium,0,0,0,0,0,1,0.044952,1,1,1,0,0,0,0.00186387959634437,0,0,0
medium_beta_pair,8,27,2,0.5,1,0,0.8,-0.4,0.4,0,0,1,-0.140289654137677,0.000268049790507456,0,1,0,0.400000000000006,-0.400000000000006,0.400000000000006,1,1,1,1,1,1,48,12,1,11,68703.773371967,0,common_el_refocus_power_rank1,medium,0,0,0,0,0,1,0.0400064,1,1,0,0,0,0,0.000268049790507456,0,0,0
medium_beta_pair,8,28,2,0.5,1,0,0.8,-0.4,0.4,0,0,1,-0.138810852466706,0.000165967440784354,0,1,0,0.400000000000006,-0.400000000000006,0.400000000000006,1,1,1,1,1,1,48,12,1,13,69198.9329313142,0,common_el_refocus_power_rank1,medium,0,0,0,0,0,1,0.0440281,1,1,0,0,0,0,0.000165967440784354,0,0,0
medium_beta_pair,8,29,2,0.5,1,0,0.8,-0.4,0.4,0,0,1,-0.140894871508343,-0.00183602288498641,0,1,0,0.400000000000006,-0.400000000000006,0.400000000000006,1,1,1,1,1,1,48,12,1,13,69215.8251196877,0,level2_rank1_fallback,medium,0,0,0,0,0,1,0.0516381,1,1,1,0,0,0,-0.00183602288498641,0,0,0
medium_beta_pair,8,30,2,0.5,1,0,0.8,-0.4,0.4,0,0,1,-0.138080677614435,0.00285919705138172,0,1,0,0.400000000000006,-0.400000000000006,0.400000000000006,1,1,1,1,1,1,48,12,1,12,68859.9106665751,0,common_el_refocus_power_rank1,medium,0,0,0,0,0,1,0.0428723,1,1,0,0,0,0,0.00285919705138172,0,0,0
medium_beta_pair,16,1,2,0.5,1,0,0.8,-0.4,0.4,0,0,1,-0.137806790076647,0.0021072756017891,0,1,0,0.400000000000006,-0.400000000000006,0.400000000000006,1,1,1,1,1,1,48,12,1,18,69267.4111245386,0,boundary_unreliable,low,0,0,0,1,1,1,0.3080062,1,1,1,1,0,0,0.0021072756017891,0,0,0
medium_beta_pair,16,2,2,0.5,1,0,0.8,-0.4,0.4,0,0,1,-0.137070641669706,0.00113965421795674,0,1,0,0.400000000000006,-0.400000000000006,0.400000000000006,1,1,1,1,1,1,48,12,1,17,69347.061472827,0,boundary_unreliable,low,0,0,0,1,1,1,0.2931981,1,1,1,1,0,0,0.00113965421795674,0,0,0
medium_beta_pair,16,3,2,0.5,1,0,0.8,-0.4,0.4,0,0,1,-0.138975521567497,0.000255169243909785,0,1,0,0.400000000000006,-0.400000000000006,0.400000000000006,1,1,1,1,1,1,48,12,1,23,69197.6068242595,0,boundary_unreliable,low,0,0,0,1,1,1,0.3055845,1,1,1,1,0,0,0.000255169243909785,0,0,0
medium_beta_pair,16,4,2,0.5,1,0,0.8,-0.4,0.4,0,0,1,-0.137496678914579,0.000929617363531799,0,1,0,0.400000000000006,-0.400000000000006,0.400000000000006,1,1,1,1,1,1,48,12,1,23,69208.7237970692,0,boundary_unreliable,low,0,0,0,1,1,1,0.2967812,1,1,1,1,0,0,0.000929617363531799,0,0,0
medium_beta_pair,16,5,2,0.5,1,0,0.8,-0.4,0.4,0,0,1,-0.139613021122248,-0.00267150847384718,0,1,0,0.400000000000006,-0.400000000000006,0.400000000000006,1,1,1,1,1,1,48,12,1,21,69229.7042665452,0,boundary_unreliable,low,0,0,0,1,1,1,0.3006847,1,1,1,1,0,0,-0.00267150847384718,0,0,0
medium_beta_pair,16,6,2,0.5,1,0,0.8,-0.4,0.4,0,0,1,-0.140145665933958,-0.00105064766735402,0,1,0,0.400000000000006,-0.400000000000006,0.400000000000006,1,1,1,1,1,1,48,12,1,22,69355.5198190219,0,boundary_unreliable,low,0,0,0,1,1,1,0.2889647,1,1,1,1,0,0,-0.00105064766735402,0,0,0
medium_beta_pair,16,7,2,0.5,1,0,0.8,-0.4,0.4,0,0,1,-0.138334034824996,-0.00209139185653509,0,1,0,0.400000000000006,-0.400000000000006,0.400000000000006,1,1,1,1,1,1,48,12,1,20,69198.2791405255,0,boundary_unreliable,low,0,0,0,1,1,1,0.3007614,1,1,1,1,0,0,-0.00209139185653509,0,0,0
medium_beta_pair,16,8,2,0.5,1,0,0.8,-0.4,0.4,0,0,1,-0.139084298091878,0.00209863225155435,0,1,0,0.400000000000006,-0.400000000000006,0.400000000000006,1,1,1,1,1,1,48,12,1,22,69352.2672862296,0,common_el_refocus_power_rank1,medium,0,0,0,0,0,1,0.0452522,1,1,0,0,0,0,0.00209863225155435,0,0,0
medium_beta_pair,16,9,2,0.5,1,0,0.8,-0.4,0.4,0,0,1,-0.138955260075631,-0.00122109427418287,0,1,0,0.400000000000006,-0.400000000000006,0.400000000000006,1,1,1,1,1,1,48,12,1,18,69148.5476606723,0,common_el_refocus_power_rank1,medium,0,0,0,0,0,1,0.0401732,1,1,0,0,0,0,-0.00122109427418287,0,0,0
medium_beta_pair,16,10,2,0.5,1,0,0.8,-0.4,0.4,0,0,1,-0.138694292107314,0.000317679134038995,0,1,0,0.400000000000006,-0.400000000000006,0.400000000000006,1,1,1,1,1,1,48,12,1,20,69194.6207840007,0,common_el_refocus_power_rank1,medium,0,0,0,0,0,1,0.0400642,1,1,0,0,0,0,0.000317679134038995,0,0,0
medium_beta_pair,16,11,2,0.5,1,0,0.8,-0.4,0.4,0,0,1,-0.13840097478579,-0.000202068501915747,0,1,0,0.400000000000006,-0.400000000000006,0.400000000000006,1,1,1,1,1,1,48,12,1,21,69158.0535304279,0,boundary_unreliable,low,0,0,0,1,1,1,0.3176729,1,1,1,1,0,0,-0.000202068501915747,0,0,0
medium_beta_pair,16,12,2,0.5,1,0,0.8,-0.4,0.4,0,0,1,-0.138212718920903,0.000955416898223292,0,1,0,0.400000000000006,-0.400000000000006,0.400000000000006,1,1,1,1,1,1,48,12,1,19,69153.5596080104,0,boundary_unreliable,low,0,0,0,1,1,1,0.3065679,1,1,1,1,0,0,0.000955416898223292,0,0,0
medium_beta_pair,16,13,2,0.5,1,0,0.8,-0.4,0.4,0,0,1,-0.138477037196088,0.000590014422449733,0,1,0,0.400000000000006,-0.400000000000006,0.400000000000006,1,1,1,1,1,1,48,12,1,19,69312.9212091516,0,common_el_refocus_power_rank1,medium,0,0,0,0,0,1,0.0442745,1,1,0,0,0,0,0.000590014422449733,0,0,0
medium_beta_pair,16,14,2,0.5,1,0,0.8,-0.4,0.4,0,0,1,-0.138787378470658,0.000660635373058488,0,1,0,0.400000000000006,-0.400000000000006,0.400000000000006,1,1,1,1,1,1,48,12,1,23,69179.8451465011,0,common_el_refocus_power_rank1,medium,0,0,0,0,0,1,0.0468981,1,1,0,0,0,0,0.000660635373058488,0,0,0
medium_beta_pair,16,15,2,0.5,1,0,0.8,-0.4,0.4,0,0,1,-0.139526895354028,-0.00229721408802709,0,1,0,0.400000000000006,-0.400000000000006,0.400000000000006,1,1,1,1,1,1,48,12,1,23,69132.9046509435,0,boundary_unreliable,low,0,0,0,1,1,1,0.3003589,1,1,1,1,0,0,-0.00229721408802709,0,0,0
medium_beta_pair,16,16,2,0.5,1,0,0.8,-0.4,0.4,0,0,1,-0.136911670449622,-0.00121174433913366,0,1,0,0.400000000000006,-0.400000000000006,0.400000000000006,1,1,1,1,1,1,48,12,1,17,69121.6963247455,0,boundary_unreliable,low,0,0,0,1,1,1,0.2956221,1,1,1,1,0,0,-0.00121174433913366,0,0,0
medium_beta_pair,16,17,2,0.5,1,0,0.8,-0.4,0.4,0,0,1,-0.138110513142915,-0.000636764814979749,0,1,0,0.400000000000006,-0.400000000000006,0.400000000000006,1,1,1,1,1,1,48,12,1,22,69162.4268820935,0,boundary_unreliable,low,0,0,0,1,1,1,0.2907854,1,1,1,1,0,0,-0.000636764814979749,0,0,0
medium_beta_pair,16,18,2,0.5,1,0,0.8,-0.4,0.4,0,0,1,-0.139862109768128,0.00167305579018599,0,1,0,0.400000000000006,-0.400000000000006,0.400000000000006,1,1,1,1,1,1,48,12,1,20,69176.5991822563,0,boundary_unreliable,low,0,0,0,1,1,1,0.3087429,1,1,1,1,0,0,0.00167305579018599,0,0,0
medium_beta_pair,16,19,2,0.5,1,0,0.8,-0.4,0.4,0,0,1,-0.138436493527827,0.00161052373508648,0,1,0,0.400000000000006,-0.400000000000006,0.400000000000006,1,1,1,1,1,1,48,12,1,20,69144.3705846708,0,boundary_unreliable,low,0,0,0,1,1,1,0.294517,1,1,1,1,0,0,0.00161052373508648,0,0,0
medium_beta_pair,16,20,2,0.5,1,0,0.8,-0.4,0.4,0,0,1,-0.138912523318673,0.000667501492790228,0,1,0,0.400000000000006,-0.400000000000006,0.400000000000006,1,1,1,1,1,1,48,12,1,21,69066.5266755426,0,boundary_unreliable,low,0,0,0,1,1,1,0.2920919,1,1,1,1,0,0,0.000667501492790228,0,0,0
medium_beta_pair,16,21,2,0.5,1,0,0.8,-0.4,0.4,0,0,1,-0.14009376211487,-0.00096530768149859,0,1,0,0.400000000000006,-0.400000000000006,0.400000000000006,1,1,1,1,1,1,48,12,1,21,69329.7854437103,0,boundary_unreliable,low,0,0,0,1,1,1,0.3209991,1,1,1,1,0,0,-0.00096530768149859,0,0,0
medium_beta_pair,16,22,2,0.5,1,0,0.8,-0.4,0.4,0,0,1,-0.13898440105346,0.000913200218241851,0,1,0,0.400000000000006,-0.400000000000006,0.400000000000006,1,1,1,1,1,1,48,12,1,19,69286.2299308496,0,boundary_unreliable,low,0,0,0,1,1,1,0.2890205,1,1,1,1,0,0,0.000913200218241851,0,0,0
medium_beta_pair,16,23,2,0.5,1,0,0.8,-0.4,0.4,0,0,1,-0.138159330340162,-0.00106534859068024,0,1,0,0.400000000000006,-0.400000000000006,0.400000000000006,1,1,1,1,1,1,48,12,1,21,69177.825505593,0,common_el_refocus_power_rank1,medium,0,0,0,0,0,1,0.0410512,1,1,0,0,0,0,-0.00106534859068024,0,0,0
medium_beta_pair,16,24,2,0.5,1,0,0.8,-0.4,0.4,0,0,1,-0.140580269324232,-0.000544002332257985,0,1,0,0.400000000000006,-0.400000000000006,0.400000000000006,1,1,1,1,1,1,48,12,1,21,69276.417299991,0,boundary_unreliable,low,0,0,0,1,1,1,0.2953165,1,1,1,1,0,0,-0.000544002332257985,0,0,0
medium_beta_pair,16,25,2,0.5,1,0,0.8,-0.4,0.4,0,0,1,-0.13834656535218,0.00125113504198351,0,1,0,0.400000000000006,-0.400000000000006,0.400000000000006,1,1,1,1,1,1,48,12,1,20,69342.8930487566,0,boundary_unreliable,low,0,0,0,1,1,1,0.2877353,1,1,1,1,0,0,0.00125113504198351,0,0,0
medium_beta_pair,16,26,2,0.5,1,0,0.8,-0.4,0.4,0,0,1,-0.139259266457221,-0.000304815448617591,0,1,0,0.400000000000006,-0.400000000000006,0.400000000000006,1,1,1,1,1,1,48,12,1,19,69390.4942500102,0,boundary_unreliable,low,0,0,0,1,1,1,0.3046426,1,1,1,1,0,0,-0.000304815448617591,0,0,0
medium_beta_pair,16,27,2,0.5,1,0,0.8,-0.4,0.4,0,0,1,-0.138896518621879,-0.00154042027527387,0,1,0,0.400000000000006,-0.400000000000006,0.400000000000006,1,1,1,1,1,1,48,12,1,23,69220.1643879806,0,boundary_unreliable,low,0,0,0,1,1,1,0.285621,1,1,1,1,0,0,-0.00154042027527387,0,0,0
medium_beta_pair,16,28,2,0.5,1,0,0.8,-0.4,0.4,0,0,1,-0.138321817631936,0.0005271597517679,0,1,0,0.400000000000006,-0.400000000000006,0.400000000000006,1,1,1,1,1,1,48,12,1,21,69245.1963448186,0,boundary_unreliable,low,0,0,0,1,1,1,0.309028,1,1,1,1,0,0,0.0005271597517679,0,0,0
medium_beta_pair,16,29,2,0.5,1,0,0.8,-0.4,0.4,0,0,1,-0.138648432840067,3.43764341524552e-05,0,1,0,0.400000000000006,-0.400000000000006,0.400000000000006,1,1,1,1,1,1,48,12,1,21,69355.1365621725,0,boundary_unreliable,low,0,0,0,1,1,1,0.2893195,1,1,1,1,0,0,3.43764341524552e-05,0,0,0
medium_beta_pair,16,30,2,0.5,1,0,0.8,-0.4,0.4,0,0,1,-0.13820951113218,-0.00138051871381071,0,1,0,0.400000000000006,-0.400000000000006,0.400000000000006,1,1,1,1,1,1,48,12,1,23,69501.6771502467,0,boundary_unreliable,low,0,0,0,1,1,1,0.2826564,1,1,1,1,0,0,-0.00138051871381071,0,0,0
medium_beta_pair,8,1,2,0.5,1,0,0.8,0.06875,0.86875,0,0,1,0.331870911834648,-0.000895721524255643,0,1,-0.46875,-0.0687499999999943,0.0687499999999943,0.868750000000006,1,1,1,1,1,1,48,12,1,12,69635.0427389764,0,level2_rank1_fallback,medium,0,0,0,0,0,1,0.0428546,1,1,1,0,0,0,-0.000895721524255643,0,0,0
medium_beta_pair,8,2,2,0.5,1,0,0.8,0.06875,0.86875,0,0,1,0.331228043565418,-0.00535106894657025,0,1,-0.46875,-0.0687499999999943,0.0687499999999943,0.868750000000006,1,1,1,1,1,1,48,12,1,12,69444.0593607537,0,level2_rank1_fallback,medium,0,0,0,0,0,1,0.0517565,1,1,1,0,0,0,-0.00535106894657025,0,0,0
medium_beta_pair,8,3,2,0.5,1,0,0.8,0.06875,0.86875,0,0,1,0.329358369514625,-0.00192756200131134,0,1,-0.46875,-0.0687499999999943,0.0687499999999943,0.868750000000006,1,1,1,1,1,1,48,12,1,12,69217.211639065,0,common_el_refocus_power_rank1,medium,0,0,0,0,0,1,0.0439245,1,1,0,0,0,0,-0.00192756200131134,0,0,0
medium_beta_pair,8,4,2,0.5,1,0,0.8,0.06875,0.86875,0,0,1,0.330435388776933,6.55925422559889e-05,0,1,-0.46875,-0.0687499999999943,0.0687499999999943,0.868750000000006,1,1,1,1,1,1,48,12,1,11,69080.4770232298,0,level2_rank1_fallback,medium,0,0,0,0,0,1,0.0444651,1,1,1,0,0,0,6.55925422559889e-05,0,0,0
medium_beta_pair,8,5,2,0.5,1,0,0.8,0.06875,0.86875,0,0,1,0.328712980780849,-0.00183331328804751,0,1,-0.46875,-0.0687499999999943,0.0687499999999943,0.868750000000006,1,1,1,1,1,1,48,12,1,12,69019.821439528,0,level2_rank1_fallback,medium,0,0,0,0,0,1,0.0435819,1,1,1,0,0,0,-0.00183331328804751,0,0,0
medium_beta_pair,8,6,2,0.5,1,0,0.8,0.06875,0.86875,0,0,1,0.331731536138581,-0.0045719767517316,0,1,-0.46875,-0.0687499999999943,0.0687499999999943,0.868750000000006,1,1,1,1,1,1,48,12,1,12,69087.4439282763,0,level2_rank1_fallback,medium,0,0,0,0,0,1,0.043529,1,1,1,0,0,0,-0.0045719767517316,0,0,0
medium_beta_pair,8,7,2,0.5,1,0,0.8,0.06875,0.86875,0,0,1,0.331759352139679,0.0017980874168475,0,1,-0.46875,-0.0687499999999943,0.0687499999999943,0.868750000000006,1,1,1,1,1,1,48,12,1,12,69188.5829513115,0,level2_rank1_fallback,medium,0,0,0,0,0,1,0.0418779,1,1,1,0,0,0,0.0017980874168475,0,0,0
medium_beta_pair,8,8,2,0.5,1,0,0.8,0.06875,0.86875,0,0,1,0.329015828762962,-0.00356112603970445,0,1,-0.46875,-0.0687499999999943,0.0687499999999943,0.868750000000006,1,1,1,1,1,1,48,12,1,13,69336.3313594622,0,boundary_unreliable,low,0,0,0,1,1,1,0.2956296,1,1,1,1,0,0,-0.00356112603970445,0,0,0
medium_beta_pair,8,9,2,0.5,1,0,0.8,0.06875,0.86875,0,0,1,0.33464972873975,0.00260680249375233,0,1,-0.46875,-0.0687499999999943,0.0687499999999943,0.868750000000006,1,1,1,1,1,1,48,12,1,13,69043.7685671651,0,level2_rank1_fallback,medium,0,0,0,0,0,1,0.0416385,1,1,1,0,0,0,0.00260680249375233,0,0,0
medium_beta_pair,8,10,2,0.5,1,0,0.8,0.06875,0.86875,0,0,1,0.330011673525985,-0.00562568371035501,0,1,-0.46875,-0.0687499999999943,0.0687499999999943,0.868750000000006,1,1,1,1,1,1,48,12,1,12,69175.2162106605,0,level2_rank1_fallback,medium,0,0,0,0,0,1,0.0421501,1,1,1,0,0,0,-0.00562568371035501,0,0,0
medium_beta_pair,8,11,2,0.5,1,0,0.8,0.06875,0.86875,0,0,1,0.331144850399934,0.000971821454004294,0,1,-0.46875,-0.0687499999999943,0.0687499999999943,0.868750000000006,1,1,1,1,1,1,48,12,1,11,68928.4251684213,0,low_confidence,low,0,0,0,1,0,1,0.2835812,1,1,1,1,0,0,0.000971821454004294,0,0,0
medium_beta_pair,8,12,2,0.5,1,0,0.8,0.06875,0.86875,0,0,1,0.330927038574968,0.00217817331300174,0,1,-0.46875,-0.0687499999999943,0.0687499999999943,0.868750000000006,1,1,1,1,1,1,48,12,1,11,69105.2963062119,0,level2_rank1_fallback,medium,0,0,0,0,0,1,0.0469449,1,1,1,0,0,0,0.00217817331300174,0,0,0
medium_beta_pair,8,13,2,0.5,1,0,0.8,0.06875,0.86875,0,0,1,0.334642859155327,-0.00508596011953482,0,1,-0.46875,-0.0687499999999943,0.0687499999999943,0.868750000000006,1,1,1,1,1,1,48,12,1,12,69575.6067978492,0,level2_rank1_fallback,medium,0,0,0,0,0,1,0.0438337,1,1,1,0,0,0,-0.00508596011953482,0,0,0
medium_beta_pair,8,14,2,0.5,1,0,0.8,0.06875,0.86875,0,0,1,0.329979077147202,-0.000129613798966033,0,1,-0.46875,-0.0687499999999943,0.0687499999999943,0.868750000000006,1,1,1,1,1,1,48,12,1,12,69306.1567547458,0,level2_rank1_fallback,medium,0,0,0,0,0,1,0.0460494,1,1,1,0,0,0,-0.000129613798966033,0,0,0
medium_beta_pair,8,15,2,0.5,1,0,0.8,0.06875,0.86875,0,0,1,0.328355256742422,-0.00645620573813398,0,1,-0.46875,-0.0687499999999943,0.0687499999999943,0.868750000000006,1,1,1,1,1,1,48,12,1,12,69200.9952026577,0,level2_rank1_fallback,medium,0,0,0,0,0,1,0.0435259,1,1,1,0,0,0,-0.00645620573813398,0,0,0
medium_beta_pair,8,16,2,0.5,1,0,0.8,0.06875,0.86875,0,0,1,0.329695120833717,0.00407026919532504,0,1,-0.46875,-0.0687499999999943,0.0687499999999943,0.868750000000006,1,1,1,1,1,1,48,12,1,13,69397.1060762865,0,common_el_refocus_power_rank1,medium,0,0,0,0,0,1,0.0392334,1,1,0,0,0,0,0.00407026919532504,0,0,0
medium_beta_pair,8,17,2,0.5,1,0,0.8,0.06875,0.86875,0,0,1,0.33186301199014,-0.00400778154427735,0,1,-0.46875,-0.0687499999999943,0.0687499999999943,0.868750000000006,1,1,1,1,1,1,48,12,1,12,69280.0166465586,0,level2_rank1_fallback,medium,0,0,0,0,0,1,0.0433833,1,1,1,0,0,0,-0.00400778154427735,0,0,0
medium_beta_pair,8,18,2,0.5,1,0,0.8,0.06875,0.86875,0,0,1,0.327087646853892,-0.00462506790056408,0,1,-0.46875,-0.0687499999999943,0.0687499999999943,0.868750000000006,1,1,1,1,1,1,48,12,1,12,69382.8708712398,0,common_el_refocus_power_rank1,medium,0,0,0,0,0,1,0.0405375,1,1,0,0,0,0,-0.00462506790056408,0,0,0
medium_beta_pair,8,19,2,0.5,1,0,0.8,0.06875,0.86875,0,0,1,0.328795903031318,0.000631647873709706,0,1,-0.46875,-0.0687499999999943,0.0687499999999943,0.868750000000006,1,1,1,1,1,1,48,12,1,12,69131.9584514934,0,level2_rank1_fallback,medium,0,0,0,0,0,1,0.0442796,1,1,1,0,0,0,0.000631647873709706,0,0,0
medium_beta_pair,8,20,2,0.5,1,0,0.8,0.06875,0.86875,0,0,1,0.326006477727237,0.00265345368554964,0,1,-0.46875,-0.0687499999999943,0.0687499999999943,0.868750000000006,1,1,1,1,1,1,48,12,1,12,69473.9856434319,0,level2_rank1_fallback,medium,0,0,0,0,0,1,0.0526657,1,1,1,0,0,0,0.00265345368554964,0,0,0
medium_beta_pair,8,21,2,0.5,1,0,0.8,0.06875,0.86875,0,0,1,0.326379997016851,-0.00314752110865753,0,1,-0.46875,-0.0687499999999943,0.0687499999999943,0.868750000000006,1,1,1,1,1,1,48,12,1,12,68945.433266142,0,level2_rank1_fallback,medium,0,0,0,0,0,1,0.0493368,1,1,1,0,0,0,-0.00314752110865753,0,0,0
medium_beta_pair,8,22,2,0.5,1,0,0.8,0.06875,0.86875,0,0,1,0.329530652289582,0.000960896304506112,0,1,-0.46875,-0.0687499999999943,0.0687499999999943,0.868750000000006,1,1,1,1,1,1,48,12,1,10,69164.2400987044,0,level2_rank1_fallback,medium,0,0,0,0,0,1,0.0534095,1,1,1,0,0,0,0.000960896304506112,0,0,0
medium_beta_pair,8,23,2,0.5,1,0,0.8,0.06875,0.86875,0,0,1,0.330617271584634,0.00337660494721094,0,1,-0.46875,-0.0687499999999943,0.0687499999999943,0.868750000000006,1,1,1,1,1,1,48,12,1,12,69148.7220672767,0,level2_rank1_fallback,medium,0,0,0,0,0,1,0.0487309,1,1,1,0,0,0,0.00337660494721094,0,0,0
medium_beta_pair,8,24,2,0.5,1,0,0.8,0.06875,0.86875,0,0,1,0.332836747537629,0.000969052534808791,0,1,-0.46875,-0.0687499999999943,0.0687499999999943,0.868750000000006,1,1,1,1,1,1,48,12,1,12,69147.4676748655,0,low_confidence,low,0,0,0,1,0,1,0.3219465,1,1,1,1,0,0,0.000969052534808791,0,0,0
medium_beta_pair,8,25,2,0.5,1,0,0.8,0.06875,0.86875,0,0,1,0.325838265160383,0.00105060815061345,0,1,-0.46875,-0.0687499999999943,0.0687499999999943,0.868750000000006,1,1,1,1,1,1,48,12,1,11,69163.6284388425,0,level2_rank1_fallback,medium,0,0,0,0,0,1,0.0611245,1,1,1,0,0,0,0.00105060815061345,0,0,0
medium_beta_pair,8,26,2,0.5,1,0,0.8,0.06875,0.86875,0,0,1,0.332870355933941,0.00230125057875432,0,1,-0.46875,-0.0687499999999943,0.0687499999999943,0.868750000000006,1,1,1,1,1,1,48,12,1,11,69128.5725512608,0,low_confidence,low,0,0,0,1,0,1,0.2976671,1,1,1,1,0,0,0.00230125057875432,0,0,0
medium_beta_pair,8,27,2,0.5,1,0,0.8,0.06875,0.86875,0,0,1,0.332411388922346,0.00245147030466266,0,1,-0.46875,-0.0687499999999943,0.0687499999999943,0.868750000000006,1,1,1,1,1,1,48,12,1,12,69212.3624541971,0,common_el_refocus_power_rank1,medium,0,0,0,0,0,1,0.0399548,1,1,0,0,0,0,0.00245147030466266,0,0,0
medium_beta_pair,8,28,2,0.5,1,0,0.8,0.06875,0.86875,0,0,1,0.329141024989769,-0.00163780105156472,0,1,-0.46875,-0.0687499999999943,0.0687499999999943,0.868750000000006,1,1,1,1,1,1,48,12,1,12,69539.3033572544,0,level2_rank1_fallback,medium,0,0,0,0,0,1,0.0444331,1,1,1,0,0,0,-0.00163780105156472,0,0,0
medium_beta_pair,8,29,2,0.5,1,0,0.8,0.06875,0.86875,0,0,1,0.33186281084388,0.00253468086285079,0,1,-0.46875,-0.0687499999999943,0.0687499999999943,0.868750000000006,1,1,1,1,1,1,48,12,1,12,69216.1673135205,0,level2_rank1_fallback,medium,0,0,0,0,0,1,0.0450119,1,1,1,0,0,0,0.00253468086285079,0,0,0
medium_beta_pair,8,30,2,0.5,1,0,0.8,0.06875,0.86875,0,0,1,0.329845834670859,0.00233156424088692,0,1,-0.46875,-0.0687499999999943,0.0687499999999943,0.868750000000006,1,1,1,1,1,1,48,12,1,13,69257.2004944662,0,low_confidence,low,0,0,0,1,0,1,0.3142277,1,1,1,1,0,0,0.00233156424088692,0,0,0
medium_beta_pair,16,1,2,0.5,1,0,0.8,0.06875,0.86875,0,0,1,0.328474601454688,-0.000955856844830068,0,1,-0.46875,-0.0687499999999943,0.0687499999999943,0.868750000000006,1,1,1,1,1,1,48,12,1,21,69231.5761138789,0,level2_rank1_fallback,medium,0,0,0,0,0,1,0.0514949,1,1,1,0,0,0,-0.000955856844830068,0,0,0
medium_beta_pair,16,2,2,0.5,1,0,0.8,0.06875,0.86875,0,0,1,0.32932974500223,-0.00211925136479957,0,1,-0.46875,-0.0687499999999943,0.0687499999999943,0.868750000000006,1,1,1,1,1,1,48,12,1,20,69323.8766741858,0,level2_rank1_fallback,medium,0,0,0,0,0,1,0.0442586,1,1,1,0,0,0,-0.00211925136479957,0,0,0
medium_beta_pair,16,3,2,0.5,1,0,0.8,0.06875,0.86875,0,0,1,0.330513226593104,-0.000270550188790442,0,1,-0.46875,-0.0687499999999943,0.0687499999999943,0.868750000000006,1,1,1,1,1,1,48,12,1,21,69183.5159540837,0,low_confidence,low,0,0,0,1,0,1,0.2888553,1,1,1,1,0,0,-0.000270550188790442,0,0,0
medium_beta_pair,16,4,2,0.5,1,0,0.8,0.06875,0.86875,0,0,1,0.329846552147305,0.000740091963660706,0,1,-0.46875,-0.0687499999999943,0.0687499999999943,0.868750000000006,1,1,1,1,1,1,48,12,1,19,69166.8116316131,0,level2_rank1_fallback,medium,0,0,0,0,0,1,0.0430596,1,1,1,0,0,0,0.000740091963660706,0,0,0
medium_beta_pair,16,5,2,0.5,1,0,0.8,0.06875,0.86875,0,0,1,0.328786392965201,0.00149853446625958,0,1,-0.46875,-0.0687499999999943,0.0687499999999943,0.868750000000006,1,1,1,1,1,1,48,12,1,21,69098.0041529585,0,level2_rank1_fallback,medium,0,0,0,0,0,1,0.0415388,1,1,1,0,0,0,0.00149853446625958,0,0,0
medium_beta_pair,16,6,2,0.5,1,0,0.8,0.06875,0.86875,0,0,1,0.33153266619956,-0.000447876305726271,0,1,-0.46875,-0.0687499999999943,0.0687499999999943,0.868750000000006,1,1,1,1,1,1,48,12,1,18,69377.7025265503,0,level2_rank1_fallback,medium,0,0,0,0,0,1,0.0523544,1,1,1,0,0,0,-0.000447876305726271,0,0,0
medium_beta_pair,16,7,2,0.5,1,0,0.8,0.06875,0.86875,0,0,1,0.330433926566849,0.00160101373798828,0,1,-0.46875,-0.0687499999999943,0.0687499999999943,0.868750000000006,1,1,1,1,1,1,48,12,1,20,69235.5817217974,0,level2_rank1_fallback,medium,0,0,0,0,0,1,0.0484051,1,1,1,0,0,0,0.00160101373798828,0,0,0
medium_beta_pair,16,8,2,0.5,1,0,0.8,0.06875,0.86875,0,0,1,0.330473203149556,0.00103287948478022,0,1,-0.46875,-0.0687499999999943,0.0687499999999943,0.868750000000006,1,1,1,1,1,1,48,12,1,17,69066.9112823782,0,level2_rank1_fallback,medium,0,0,0,0,0,1,0.0532327,1,1,1,0,0,0,0.00103287948478022,0,0,0
medium_beta_pair,16,9,2,0.5,1,0,0.8,0.06875,0.86875,0,0,1,0.329146396242248,0.00127221732588202,0,1,-0.46875,-0.0687499999999943,0.0687499999999943,0.868750000000006,1,1,1,1,1,1,48,12,1,19,69098.9963810701,0,level2_rank1_fallback,medium,0,0,0,0,0,1,0.045791,1,1,1,0,0,0,0.00127221732588202,0,0,0
medium_beta_pair,16,10,2,0.5,1,0,0.8,0.06875,0.86875,0,0,1,0.329647056137213,0.000445503803966015,0,1,-0.46875,-0.0687499999999943,0.0687499999999943,0.868750000000006,1,1,1,1,1,1,48,12,1,20,69237.1970382654,0,level2_rank1_fallback,medium,0,0,0,0,0,1,0.0489188,1,1,1,0,0,0,0.000445503803966015,0,0,0
medium_beta_pair,16,11,2,0.5,1,0,0.8,0.06875,0.86875,0,0,1,0.329246055536633,0.000794165140566414,0,1,-0.46875,-0.0687499999999943,0.0687499999999943,0.868750000000006,1,1,1,1,1,1,48,12,1,20,69398.566693273,0,level2_rank1_fallback,medium,0,0,0,0,0,1,0.0477129,1,1,1,0,0,0,0.000794165140566414,0,0,0
medium_beta_pair,16,12,2,0.5,1,0,0.8,0.06875,0.86875,0,0,1,0.328049358979481,-0.00163212726433261,0,1,-0.46875,-0.0687499999999943,0.0687499999999943,0.868750000000006,1,1,1,1,1,1,48,12,1,19,69255.3867327005,0,level2_rank1_fallback,medium,0,0,0,0,0,1,0.0441559,1,1,1,0,0,0,-0.00163212726433261,0,0,0
medium_beta_pair,16,13,2,0.5,1,0,0.8,0.06875,0.86875,0,0,1,0.329443285753016,-0.000193564459635624,0,1,-0.46875,-0.0687499999999943,0.0687499999999943,0.868750000000006,1,1,1,1,1,1,48,12,1,20,69060.9651008433,0,level2_rank1_fallback,medium,0,0,0,0,0,1,0.0491494,1,1,1,0,0,0,-0.000193564459635624,0,0,0
medium_beta_pair,16,14,2,0.5,1,0,0.8,0.06875,0.86875,0,0,1,0.330496405910918,-4.09214741204932e-05,0,1,-0.46875,-0.0687499999999943,0.0687499999999943,0.868750000000006,1,1,1,1,1,1,48,12,1,16,69130.9207399386,0,level2_rank1_fallback,medium,0,0,0,0,0,1,0.0517738,1,1,1,0,0,0,-4.09214741204932e-05,0,0,0
medium_beta_pair,16,15,2,0.5,1,0,0.8,0.06875,0.86875,0,0,1,0.328993362579069,-0.000203726318275473,0,1,-0.46875,-0.0687499999999943,0.0687499999999943,0.868750000000006,1,1,1,1,1,1,48,12,1,21,69202.1325002955,0,level2_rank1_fallback,medium,0,0,0,0,0,1,0.0469537,1,1,1,0,0,0,-0.000203726318275473,0,0,0
medium_beta_pair,16,16,2,0.5,1,0,0.8,0.06875,0.86875,0,0,1,0.331569245687485,0.000604652546535036,0,1,-0.46875,-0.0687499999999943,0.0687499999999943,0.868750000000006,1,1,1,1,1,1,48,12,1,21,69313.4774199763,0,level2_rank1_fallback,medium,0,0,0,0,0,1,0.053255,1,1,1,0,0,0,0.000604652546535036,0,0,0
medium_beta_pair,16,17,2,0.5,1,0,0.8,0.06875,0.86875,0,0,1,0.329243693469254,0.000412785416926228,0,1,-0.46875,-0.0687499999999943,0.0687499999999943,0.868750000000006,1,1,1,1,1,1,48,12,1,21,69261.5348616996,0,low_confidence,low,0,0,0,1,0,1,0.5208356,1,1,1,1,0,0,0.000412785416926228,0,0,0
medium_beta_pair,16,18,2,0.5,1,0,0.8,0.06875,0.86875,0,0,1,0.330355002098566,0.000781466448563278,0,1,-0.46875,-0.0687499999999943,0.0687499999999943,0.868750000000006,1,1,1,1,1,1,48,12,1,18,69191.2166054266,0,level2_rank1_fallback,medium,0,0,0,0,0,1,0.0583325,1,1,1,0,0,0,0.000781466448563278,0,0,0
medium_beta_pair,16,19,2,0.5,1,0,0.8,0.06875,0.86875,0,0,1,0.329188889085591,-0.00132290184580817,0,1,-0.46875,-0.0687499999999943,0.0687499999999943,0.868750000000006,1,1,1,1,1,1,48,12,1,22,69274.345988846,0,level2_rank1_fallback,medium,0,0,0,0,0,1,0.0459844,1,1,1,0,0,0,-0.00132290184580817,0,0,0
medium_beta_pair,16,20,2,0.5,1,0,0.8,0.06875,0.86875,0,0,1,0.32970056384199,-0.000409284906812883,0,1,-0.46875,-0.0687499999999943,0.0687499999999943,0.868750000000006,1,1,1,1,1,1,48,12,1,20,69285.4989803122,0,level2_rank1_fallback,medium,0,0,0,0,0,1,0.0961936,1,1,1,0,0,0,-0.000409284906812883,0,0,0
medium_beta_pair,16,21,2,0.5,1,0,0.8,0.06875,0.86875,0,0,1,0.32907246499322,0.00167922205249467,0,1,-0.46875,-0.0687499999999943,0.0687499999999943,0.868750000000006,1,1,1,1,1,1,48,12,1,19,69231.2161527007,0,low_confidence,low,0,0,0,1,0,1,0.3804707,1,1,1,1,0,0,0.00167922205249467,0,0,0
medium_beta_pair,16,22,2,0.5,1,0,0.8,0.06875,0.86875,0,0,1,0.329515223125497,-0.000400538135539547,0,1,-0.46875,-0.0687499999999943,0.0687499999999943,0.868750000000006,1,1,1,1,1,1,48,12,1,19,69144.2265795054,0,level2_rank1_fallback,medium,0,0,0,0,0,1,0.0518139,1,1,1,0,0,0,-0.000400538135539547,0,0,0
medium_beta_pair,16,23,2,0.5,1,0,0.8,0.06875,0.86875,0,0,1,0.330448802743211,0.00152687905085242,0,1,-0.46875,-0.0687499999999943,0.0687499999999943,0.868750000000006,1,1,1,1,1,1,48,12,1,19,69297.116559475,0,level2_rank1_fallback,medium,0,0,0,0,0,1,0.0575286,1,1,1,0,0,0,0.00152687905085242,0,0,0
medium_beta_pair,16,24,2,0.5,1,0,0.8,0.06875,0.86875,0,0,1,0.329894448415486,0.00023850625698993,0,1,-0.46875,-0.0687499999999943,0.0687499999999943,0.868750000000006,1,1,1,1,1,1,48,12,1,17,69124.6463166426,0,level2_rank1_fallback,medium,0,0,0,0,0,1,0.0622491,1,1,1,0,0,0,0.00023850625698993,0,0,0
medium_beta_pair,16,25,2,0.5,1,0,0.8,0.06875,0.86875,0,0,1,0.328527949752247,0.00173343103039419,0,1,-0.46875,-0.0687499999999943,0.0687499999999943,0.868750000000006,1,1,1,1,1,1,48,12,1,22,69244.3737360737,0,level2_rank1_fallback,medium,0,0,0,0,0,1,0.0519907,1,1,1,0,0,0,0.00173343103039419,0,0,0
medium_beta_pair,16,26,2,0.5,1,0,0.8,0.06875,0.86875,0,0,1,0.328730460039486,-7.93764467918208e-05,0,1,-0.46875,-0.0687499999999943,0.0687499999999943,0.868750000000006,1,1,1,1,1,1,48,12,1,21,69119.7642530811,0,level2_rank1_fallback,medium,0,0,0,0,0,1,0.05185,1,1,1,0,0,0,-7.93764467918208e-05,0,0,0
medium_beta_pair,16,27,2,0.5,1,0,0.8,0.06875,0.86875,0,0,1,0.329396911690107,-0.0033534776673096,0,1,-0.46875,-0.0687499999999943,0.0687499999999943,0.868750000000006,1,1,1,1,1,1,48,12,1,22,69288.3411046212,0,level2_rank1_fallback,medium,0,0,0,0,0,1,0.0625516,1,1,1,0,0,0,-0.0033534776673096,0,0,0
medium_beta_pair,16,28,2,0.5,1,0,0.8,0.06875,0.86875,0,0,1,0.329860071970872,0.00200243423164946,0,1,-0.46875,-0.0687499999999943,0.0687499999999943,0.868750000000006,1,1,1,1,1,1,48,12,1,20,69209.4864781599,0,level2_rank1_fallback,medium,0,0,0,0,0,1,0.0714862,1,1,1,0,0,0,0.00200243423164946,0,0,0
medium_beta_pair,16,29,2,0.5,1,0,0.8,0.06875,0.86875,0,0,1,0.331485910883996,-0.000359293131383964,0,1,-0.46875,-0.0687499999999943,0.0687499999999943,0.868750000000006,1,1,1,1,1,1,48,12,1,21,69125.0195622865,0,low_confidence,low,0,0,0,1,0,1,0.3475064,1,1,1,1,0,0,-0.000359293131383964,0,0,0
medium_beta_pair,16,30,2,0.5,1,0,0.8,0.06875,0.86875,0,0,1,0.329049888196595,0.000953892231241486,0,1,-0.46875,-0.0687499999999943,0.0687499999999943,0.868750000000006,1,1,1,1,1,1,48,12,1,25,69274.4581957635,0,low_confidence,low,0,0,0,1,0,1,0.3338373,1,1,1,1,0,0,0.000953892231241486,0,0,0
weak_target_boundary,8,1,2,0.3,1,0,0.5,-0.25,0.25,0,0,1,-0.137059533729295,0.00300194635166242,0,1,0,0.25,-0.25,0.25,1,1,1,1,1,1,48,12,1,12,54306.8565429981,0,level2_rank1_fallback,medium,0,0,0,0,0,1,0.0507796,1,1,1,0,0,0,0.00300194635166242,1,0,0
weak_target_boundary,8,2,2,0.3,1,0,0.5,-0.25,0.25,0,0,1,-0.135105174794478,-0.00478869784798646,0,1,0,0.25,-0.25,0.25,1,1,1,1,1,1,48,12,1,11,54380.7958521546,0,level2_rank1_fallback,medium,0,0,0,0,0,1,0.0524903,1,1,1,0,0,0,-0.00478869784798646,1,0,0
weak_target_boundary,8,3,2,0.3,1,0,0.5,-0.25,0.25,0,0,1,-0.13893775027558,0.00109498881926038,0,1,0,0.25,-0.25,0.25,1,1,1,1,1,1,48,12,1,13,54248.3855453007,0,level2_rank1_fallback,medium,0,0,0,0,0,1,0.0423123,1,1,1,0,0,0,0.00109498881926038,1,0,0
weak_target_boundary,8,4,2,0.3,1,0,0.5,-0.25,0.25,0,0,1,-0.134625097539984,0.000391622493343943,0,1,0,0.25,-0.25,0.25,1,1,1,1,1,1,48,12,1,12,54001.8146419081,0,level2_rank1_fallback,medium,0,0,0,0,0,1,0.0496011,1,1,1,0,0,0,0.000391622493343943,1,0,0
weak_target_boundary,8,5,2,0.3,1,0,0.5,-0.25,0.25,0,0,1,-0.140058328481203,0.00155915741171878,0,1,0,0.25,-0.25,0.25,1,1,1,1,1,1,48,12,1,13,53886.3651308099,0,level2_rank1_fallback,medium,0,0,0,0,0,1,0.0642521,1,1,1,0,0,0,0.00155915741171878,1,0,0
weak_target_boundary,8,6,2,0.3,1,0,0.5,-0.25,0.25,0,0,1,-0.131788548674851,-8.12956559213498e-05,0,1,0,0.25,-0.25,0.25,1,1,1,1,1,1,48,12,1,12,53976.0302802584,0,level2_rank1_fallback,medium,0,0,0,0,0,1,0.0495536,1,1,1,0,0,0,-8.12956559213498e-05,1,0,0
weak_target_boundary,8,7,2,0.3,1,0,0.5,-0.25,0.25,0,0,1,-0.135916180039493,-0.00168373566410807,0,1,0,0.25,-0.25,0.25,1,1,1,1,1,1,48,12,1,12,54053.119217583,0,level2_rank1_fallback,medium,0,0,0,0,0,1,0.0631443,1,1,1,0,0,0,-0.00168373566410807,1,0,0
weak_target_boundary,8,8,2,0.3,1,0,0.5,-0.25,0.25,0,0,1,-0.135647862384376,-0.000426515416226749,0,1,0,0.25,-0.25,0.25,1,1,1,1,1,1,48,12,1,12,54300.6947456574,0,level2_rank1_fallback,medium,0,0,0,0,0,1,0.0533065,1,1,1,0,0,0,-0.000426515416226749,1,0,0
weak_target_boundary,8,9,2,0.3,1,0,0.5,-0.25,0.25,0,0,1,-0.137187514445625,0.00274444776969288,0,1,0,0.25,-0.25,0.25,1,1,1,1,1,1,48,12,1,12,54262.3915450916,0,level2_rank1_fallback,medium,0,0,0,0,0,1,0.0588985,1,1,1,0,0,0,0.00274444776969288,1,0,0
weak_target_boundary,8,10,2,0.3,1,0,0.5,-0.25,0.25,0,0,1,-0.136646993586257,-0.000885178895792685,0,1,0,0.25,-0.25,0.25,1,1,1,1,1,1,48,12,1,11,54268.6246457107,0,level2_rank1_fallback,medium,0,0,0,0,0,1,0.0673034,1,1,1,0,0,0,-0.000885178895792685,1,0,0
weak_target_boundary,8,11,2,0.3,1,0,0.5,-0.25,0.25,0,0,1,-0.133845749920586,0.00105213675864682,0,1,0,0.25,-0.25,0.25,1,1,1,1,1,1,48,12,1,11,54339.7303321646,0,level2_rank1_fallback,medium,0,0,0,0,0,1,0.0601154,1,1,1,0,0,0,0.00105213675864682,1,0,0
weak_target_boundary,8,12,2,0.3,1,0,0.5,-0.25,0.25,0,0,1,-0.136437085356121,-0.000358727090357362,0,1,0,0.25,-0.25,0.25,1,1,1,1,1,1,48,12,1,12,54136.8330353542,0,level2_rank1_fallback,medium,0,0,0,0,0,1,0.0506103,1,1,1,0,0,0,-0.000358727090357362,1,0,0
weak_target_boundary,8,13,2,0.3,1,0,0.5,-0.25,0.25,0,0,1,-0.137149714879026,-0.000908797033002032,0,1,0,0.25,-0.25,0.25,1,1,1,1,1,1,48,12,1,12,54302.5825838982,0,low_confidence,low,0,0,0,1,0,1,0.3844823,1,1,1,1,0,0,-0.000908797033002032,1,0,0
weak_target_boundary,8,14,2,0.3,1,0,0.5,-0.25,0.25,0,0,1,-0.136614042945314,0.00197098584432175,0,1,0,0.25,-0.25,0.25,1,1,1,1,1,1,48,12,1,12,54394.2929342465,0,level2_rank1_fallback,medium,0,0,0,0,0,1,0.0584197,1,1,1,0,0,0,0.00197098584432175,1,0,0
weak_target_boundary,8,15,2,0.3,1,0,0.5,-0.25,0.25,0,0,1,-0.138574184279237,-0.00107507808100409,0,1,0,0.25,-0.25,0.25,1,1,1,1,1,1,48,12,1,11,54263.3061925851,0,level2_rank1_fallback,medium,0,0,0,0,0,1,0.0587133,1,1,1,0,0,0,-0.00107507808100409,1,0,0
weak_target_boundary,8,16,2,0.3,1,0,0.5,-0.25,0.25,0,0,1,-0.137295983031793,-0.000143847429297503,0,1,0,0.25,-0.25,0.25,1,1,1,1,1,1,48,12,1,11,54015.575979844,0,level2_rank1_fallback,medium,0,0,0,0,0,1,0.0485809,1,1,1,0,0,0,-0.000143847429297503,1,0,0
weak_target_boundary,8,17,2,0.3,1,0,0.5,-0.25,0.25,0,0,1,-0.135129861314647,0.00086730051981203,0,1,0,0.25,-0.25,0.25,1,1,1,1,1,1,48,12,1,12,54099.0163355998,0,level2_rank1_fallback,medium,0,0,0,0,0,1,0.0527456,1,1,1,0,0,0,0.00086730051981203,1,0,0
weak_target_boundary,8,18,2,0.3,1,0,0.5,-0.25,0.25,0,0,1,-0.136521027506747,0.00199906808399387,0,1,0,0.25,-0.25,0.25,1,1,1,1,1,1,48,12,1,11,54134.0178524409,0,level2_rank1_fallback,medium,0,0,0,0,0,1,0.056773,1,1,1,0,0,0,0.00199906808399387,1,0,0
weak_target_boundary,8,19,2,0.3,1,0,0.5,-0.25,0.25,0,0,1,-0.138461931544502,-0.00170605004799104,0,1,0,0.25,-0.25,0.25,1,1,1,1,1,1,48,12,1,12,53999.6169472991,0,level2_rank1_fallback,medium,0,0,0,0,0,1,0.0571964,1,1,1,0,0,0,-0.00170605004799104,1,0,0
weak_target_boundary,8,20,2,0.3,1,0,0.5,-0.25,0.25,0,0,1,-0.137682535552966,0.0031851851247974,0,1,0,0.25,-0.25,0.25,1,1,1,1,1,1,48,12,1,12,54277.4535462429,0,level2_rank1_fallback,medium,0,0,0,0,0,1,0.0554178,1,1,1,0,0,0,0.0031851851247974,1,0,0
weak_target_boundary,8,21,2,0.3,1,0,0.5,-0.25,0.25,0,0,1,-0.133256331817598,-0.000172191213122126,0,1,0,0.25,-0.25,0.25,1,1,1,1,1,1,48,12,1,11,54135.5596603933,0,level2_rank1_fallback,medium,0,0,0,0,0,1,0.046123,1,1,1,0,0,0,-0.000172191213122126,1,0,0
weak_target_boundary,8,22,2,0.3,1,0,0.5,-0.25,0.25,0,0,1,-0.138695799308327,0.00163225624764094,0,1,0,0.25,-0.25,0.25,1,1,1,1,1,1,48,12,1,11,54288.8486051578,0,low_confidence,low,0,0,0,1,0,1,0.3235355,1,1,1,1,0,0,0.00163225624764094,1,0,0
weak_target_boundary,8,23,2,0.3,1,0,0.5,-0.25,0.25,0,0,1,-0.136301768675989,9.70898598427281e-05,0,1,0,0.25,-0.25,0.25,1,1,1,1,1,1,48,12,1,12,54241.0499172468,0,level2_rank1_fallback,medium,0,0,0,0,0,1,0.0538321,1,1,1,0,0,0,9.70898598427281e-05,1,0,0
weak_target_boundary,8,24,2,0.3,1,0,0.5,-0.25,0.25,0,0,1,-0.136116237235496,-0.000618158002572096,0,1,0,0.25,-0.25,0.25,1,1,1,1,1,1,48,12,1,11,54102.33707954,0,level2_rank1_fallback,medium,0,0,0,0,0,1,0.0508763,1,1,1,0,0,0,-0.000618158002572096,1,0,0
weak_target_boundary,8,25,2,0.3,1,0,0.5,-0.25,0.25,0,0,1,-0.134368248609068,0.000367754108672115,0,1,0,0.25,-0.25,0.25,1,1,1,1,1,1,48,12,1,12,54085.0343194359,0,level2_rank1_fallback,medium,0,0,0,0,0,1,0.0430677,1,1,1,0,0,0,0.000367754108672115,1,0,0
weak_target_boundary,8,26,2,0.3,1,0,0.5,-0.25,0.25,0,0,1,-0.138573134211895,0.00144920356635066,0,1,0,0.25,-0.25,0.25,1,1,1,1,1,1,48,12,1,11,54243.4457241457,0,level2_rank1_fallback,medium,0,0,0,0,0,1,0.0435442,1,1,1,0,0,0,0.00144920356635066,1,0,0
weak_target_boundary,8,27,2,0.3,1,0,0.5,-0.25,0.25,0,0,1,-0.137176700156501,-0.000944314991764649,0,1,0,0.25,-0.25,0.25,1,1,1,1,1,1,48,12,1,11,54339.7732738201,0,level2_rank1_fallback,medium,0,0,0,0,0,1,0.0424265,1,1,1,0,0,0,-0.000944314991764649,1,0,0
weak_target_boundary,8,28,2,0.3,1,0,0.5,-0.25,0.25,0,0,1,-0.132931256107265,-0.00452616944327064,0,1,0,0.25,-0.25,0.25,1,1,1,1,1,1,48,12,1,11,54148.6557570169,0,level2_rank1_fallback,medium,0,0,0,0,0,1,0.0483864,1,1,1,0,0,0,-0.00452616944327064,1,0,0
weak_target_boundary,8,29,2,0.3,1,0,0.5,-0.25,0.25,0,0,1,-0.135845787838583,0.00242714196268996,0,1,0,0.25,-0.25,0.25,1,1,1,1,1,1,48,12,1,11,54518.5443204383,0,level2_rank1_fallback,medium,0,0,0,0,0,1,0.043498,1,1,1,0,0,0,0.00242714196268996,1,0,0
weak_target_boundary,8,30,2,0.3,1,0,0.5,-0.25,0.25,0,0,1,-0.134266362788814,0.00201156994281008,0,1,0,0.25,-0.25,0.25,1,1,1,1,1,1,48,12,1,12,54236.7218845337,0,level2_rank1_fallback,medium,0,0,0,0,0,1,0.0480377,1,1,1,0,0,0,0.00201156994281008,1,0,0
weak_target_boundary,16,1,2,0.3,1,0,0.5,-0.25,0.25,0,0,1,-0.13745125559511,0.000394429548988034,0,1,0,0.25,-0.25,0.25,1,1,1,1,1,1,48,12,1,21,54214.7661747231,0,common_el_refocus_power_rank1,medium,0,0,0,0,0,1,0.0398896,1,1,0,0,0,0,0.000394429548988034,1,0,0
weak_target_boundary,16,2,2,0.3,1,0,0.5,-0.25,0.25,0,0,1,-0.13621640289788,0.00214631359593095,0,1,0,0.25,-0.25,0.25,1,1,1,1,1,1,48,12,1,20,54248.5780786009,0,level2_rank1_fallback,medium,0,0,0,0,0,1,0.0436321,1,1,1,0,0,0,0.00214631359593095,1,0,0
weak_target_boundary,16,3,2,0.3,1,0,0.5,-0.25,0.25,0,0,1,-0.13638934448971,0.000158825893536055,0,1,0,0.25,-0.25,0.25,1,1,1,1,1,1,48,12,1,19,54258.9333634405,0,common_el_refocus_power_rank1,medium,0,0,0,0,0,1,0.0425119,1,1,0,0,0,0,0.000158825893536055,1,0,0
weak_target_boundary,16,4,2,0.3,1,0,0.5,-0.25,0.25,0,0,1,-0.136497549568698,-0.000793545664549159,0,1,0,0.25,-0.25,0.25,1,1,1,1,1,1,48,12,1,18,54278.0862040515,0,level2_rank1_fallback,medium,0,0,0,0,0,1,0.0561118,1,1,1,0,0,0,-0.000793545664549159,1,0,0
weak_target_boundary,16,5,2,0.3,1,0,0.5,-0.25,0.25,0,0,1,-0.136440989305642,0.00135561230996504,0,1,0,0.25,-0.25,0.25,1,1,1,1,1,1,48,12,1,21,54183.3195433871,0,common_el_refocus_power_rank1,medium,0,0,0,0,0,1,0.0469028,1,1,0,0,0,0,0.00135561230996504,1,0,0
weak_target_boundary,16,6,2,0.3,1,0,0.5,-0.25,0.25,0,0,1,-0.136058098208148,0.0010543484713911,0,1,0,0.25,-0.25,0.25,1,1,1,1,1,1,48,12,1,21,54127.068415943,0,level2_rank1_fallback,medium,0,0,0,0,0,1,0.0537045,1,1,1,0,0,0,0.0010543484713911,1,0,0
weak_target_boundary,16,7,2,0.3,1,0,0.5,-0.25,0.25,0,0,1,-0.136221840484265,-0.000134745520853164,0,1,0,0.25,-0.25,0.25,1,1,1,1,1,1,48,12,1,23,54190.6221718832,0,level2_rank1_fallback,medium,0,0,0,0,0,1,0.0519011,1,1,1,0,0,0,-0.000134745520853164,1,0,0
weak_target_boundary,16,8,2,0.3,1,0,0.5,-0.25,0.25,0,0,1,-0.135678493225741,-0.000641251424586015,0,1,0,0.25,-0.25,0.25,1,1,1,1,1,1,48,12,1,18,54186.7921884833,0,level2_rank1_fallback,medium,0,0,0,0,0,1,0.0397264,1,1,1,0,0,0,-0.000641251424586015,1,0,0
weak_target_boundary,16,9,2,0.3,1,0,0.5,-0.25,0.25,0,0,1,-0.135706395669595,-0.00057800938069221,0,1,0,0.25,-0.25,0.25,1,1,1,1,1,1,48,12,1,19,54248.4380356369,0,common_el_refocus_power_rank1,medium,0,0,0,0,0,1,0.0384604,1,1,0,0,0,0,-0.00057800938069221,1,0,0
weak_target_boundary,16,10,2,0.3,1,0,0.5,-0.25,0.25,0,0,1,-0.136286862219005,0.000382048723149856,0,1,0,0.25,-0.25,0.25,1,1,1,1,1,1,48,12,1,21,54234.0142314032,0,level2_rank1_fallback,medium,0,0,0,0,0,1,0.0466694,1,1,1,0,0,0,0.000382048723149856,1,0,0
weak_target_boundary,16,11,2,0.3,1,0,0.5,-0.25,0.25,0,0,1,-0.136302683571611,0.00163054412711133,0,1,0,0.25,-0.25,0.25,1,1,1,1,1,1,48,12,1,19,54305.9606220143,0,level2_rank1_fallback,medium,0,0,0,0,0,1,0.0520953,1,1,1,0,0,0,0.00163054412711133,1,0,0
weak_target_boundary,16,12,2,0.3,1,0,0.5,-0.25,0.25,0,0,1,-0.136718113438346,-4.3785665715012e-05,0,1,0,0.25,-0.25,0.25,1,1,1,1,1,1,48,12,1,20,54071.5027886381,0,level2_rank1_fallback,medium,0,0,0,0,0,1,0.0525292,1,1,1,0,0,0,-4.3785665715012e-05,1,0,0
weak_target_boundary,16,13,2,0.3,1,0,0.5,-0.25,0.25,0,0,1,-0.13731074412869,0.00089868925011723,0,1,0,0.25,-0.25,0.25,1,1,1,1,1,1,48,12,1,17,54291.435938479,0,level2_rank1_fallback,medium,0,0,0,0,0,1,0.0442612,1,1,1,0,0,0,0.00089868925011723,1,0,0
weak_target_boundary,16,14,2,0.3,1,0,0.5,-0.25,0.25,0,0,1,-0.136467887556056,0.00198131427029923,0,1,0,0.25,-0.25,0.25,1,1,1,1,1,1,48,12,1,22,54246.2156858074,0,common_el_refocus_power_rank1,medium,0,0,0,0,0,1,0.0443375,1,1,0,0,0,0,0.00198131427029923,1,0,0
weak_target_boundary,16,15,2,0.3,1,0,0.5,-0.25,0.25,0,0,1,-0.136663337734783,-0.00125801359048564,0,1,0,0.25,-0.25,0.25,1,1,1,1,1,1,48,12,1,19,54311.2131492113,0,common_el_refocus_power_rank1,medium,0,0,0,0,0,1,0.0407959,1,1,0,0,0,0,-0.00125801359048564,1,0,0
weak_target_boundary,16,16,2,0.3,1,0,0.5,-0.25,0.25,0,0,1,-0.134540766925355,-0.000851917227140871,0,1,0,0.25,-0.25,0.25,1,1,1,1,1,1,48,12,1,20,54135.7912586268,0,level2_rank1_fallback,medium,0,0,0,0,0,1,0.0428055,1,1,1,0,0,0,-0.000851917227140871,1,0,0
weak_target_boundary,16,17,2,0.3,1,0,0.5,-0.25,0.25,0,0,1,-0.136286734926798,-0.00138095006998057,0,1,0,0.25,-0.25,0.25,1,1,1,1,1,1,48,12,1,18,54239.9650580789,0,common_el_refocus_power_rank1,medium,0,0,0,0,0,1,0.0397687,1,1,0,0,0,0,-0.00138095006998057,1,0,0
weak_target_boundary,16,18,2,0.3,1,0,0.5,-0.25,0.25,0,0,1,-0.136261447921801,0.000127056969334604,0,1,0,0.25,-0.25,0.25,1,1,1,1,1,1,48,12,1,19,54219.2543620891,0,level2_rank1_fallback,medium,0,0,0,0,0,1,0.0448824,1,1,1,0,0,0,0.000127056969334604,1,0,0
weak_target_boundary,16,19,2,0.3,1,0,0.5,-0.25,0.25,0,0,1,-0.135555826333347,-0.000617043718196176,0,1,0,0.25,-0.25,0.25,1,1,1,1,1,1,48,12,1,19,54172.6084850125,0,level2_rank1_fallback,medium,0,0,0,0,0,1,0.0526048,1,1,1,0,0,0,-0.000617043718196176,1,0,0
weak_target_boundary,16,20,2,0.3,1,0,0.5,-0.25,0.25,0,0,1,-0.13632570575266,0.000359345798220751,0,1,0,0.25,-0.25,0.25,1,1,1,1,1,1,48,12,1,18,54178.7476719041,0,level2_rank1_fallback,medium,0,0,0,0,0,1,0.0466385,1,1,1,0,0,0,0.000359345798220751,1,0,0
weak_target_boundary,16,21,2,0.3,1,0,0.5,-0.25,0.25,0,0,1,-0.135904907262939,-0.00164959327604456,0,1,0,0.25,-0.25,0.25,1,1,1,1,1,1,48,12,1,20,54167.7352340036,0,level2_rank1_fallback,medium,0,0,0,0,0,1,0.0447253,1,1,1,0,0,0,-0.00164959327604456,1,0,0
weak_target_boundary,16,22,2,0.3,1,0,0.5,-0.25,0.25,0,0,1,-0.136336529918662,0.0018611870156329,0,1,0,0.25,-0.25,0.25,1,1,1,1,1,1,48,12,1,24,54304.533627335,0,common_el_refocus_power_rank1,medium,0,0,0,0,0,1,0.042135,1,1,0,0,0,0,0.0018611870156329,1,0,0
weak_target_boundary,16,23,2,0.3,1,0,0.5,-0.25,0.25,0,0,1,-0.135874156796854,0.00157709267803751,0,1,0,0.25,-0.25,0.25,1,1,1,1,1,1,48,12,1,19,54193.6460208865,0,level2_rank1_fallback,medium,0,0,0,0,0,1,0.0440117,1,1,1,0,0,0,0.00157709267803751,1,0,0
weak_target_boundary,16,24,2,0.3,1,0,0.5,-0.25,0.25,0,0,1,-0.136522244670805,0.000307320187837054,0,1,0,0.25,-0.25,0.25,1,1,1,1,1,1,48,12,1,19,54202.0892576785,0,common_el_refocus_power_rank1,medium,0,0,0,0,0,1,0.0401314,1,1,0,0,0,0,0.000307320187837054,1,0,0
weak_target_boundary,16,25,2,0.3,1,0,0.5,-0.25,0.25,0,0,1,-0.136301126709261,0.000226850852226669,0,1,0,0.25,-0.25,0.25,1,1,1,1,1,1,48,12,1,20,54357.2306767863,0,level2_rank1_fallback,medium,0,0,0,0,0,1,0.0437698,1,1,1,0,0,0,0.000226850852226669,1,0,0
weak_target_boundary,16,26,2,0.3,1,0,0.5,-0.25,0.25,0,0,1,-0.1363826215288,0.000245284413304351,0,1,0,0.25,-0.25,0.25,1,1,1,1,1,1,48,12,1,17,54245.245971286,0,level2_rank1_fallback,medium,0,0,0,0,0,1,0.044448,1,1,1,0,0,0,0.000245284413304351,1,0,0
weak_target_boundary,16,27,2,0.3,1,0,0.5,-0.25,0.25,0,0,1,-0.137528033173242,0.000664662483140921,0,1,0,0.25,-0.25,0.25,1,1,1,1,1,1,48,12,1,21,54311.1443720973,0,level2_rank1_fallback,medium,0,0,0,0,0,1,0.0435417,1,1,1,0,0,0,0.000664662483140921,1,0,0
weak_target_boundary,16,28,2,0.3,1,0,0.5,-0.25,0.25,0,0,1,-0.136458323007618,-2.62647864427185e-05,0,1,0,0.25,-0.25,0.25,1,1,1,1,1,1,48,12,1,21,54301.5208137996,0,level2_rank1_fallback,medium,0,0,0,0,0,1,0.0430996,1,1,1,0,0,0,-2.62647864427185e-05,1,0,0
weak_target_boundary,16,29,2,0.3,1,0,0.5,-0.25,0.25,0,0,1,-0.137033236161283,-0.00101949476799511,0,1,0,0.25,-0.25,0.25,1,1,1,1,1,1,48,12,1,20,54258.8233783285,0,level2_rank1_fallback,medium,0,0,0,0,0,1,0.0427162,1,1,1,0,0,0,-0.00101949476799511,1,0,0
weak_target_boundary,16,30,2,0.3,1,0,0.5,-0.25,0.25,0,0,1,-0.135527249539173,-0.000908983817079739,0,1,0,0.25,-0.25,0.25,1,1,1,1,1,1,48,12,1,21,54222.1091995431,0,level2_rank1_fallback,medium,0,0,0,0,0,1,0.0477424,1,1,1,0,0,0,-0.000908983817079739,1,0,0
weak_target_boundary,8,1,2,0.3,1,0,0.8,-0.4,0.4,0,0,1,-0.220988919815601,0.00127902894273855,0,1,0,0.400000000000006,-0.400000000000006,0.400000000000006,1,1,1,1,1,1,48,12,1,12,52754.6349439211,0,level2_rank1_fallback,medium,0,0,0,0,0,1,0.0547658,1,1,1,0,0,0,0.00127902894273855,1,0,0
weak_target_boundary,8,2,2,0.3,1,0,0.8,-0.4,0.4,0,0,1,-0.224145374828425,-0.00501938972139245,0,1,0,0.400000000000006,-0.400000000000006,0.400000000000006,1,1,1,1,1,1,48,12,1,12,52543.8967309142,0,level2_rank1_fallback,medium,0,0,0,0,0,1,0.0500371,1,1,1,0,0,0,-0.00501938972139245,1,0,0
weak_target_boundary,8,3,2,0.3,1,0,0.8,-0.4,0.4,0,0,1,-0.220197167381455,0.0014513131098634,0,1,0,0.400000000000006,-0.400000000000006,0.400000000000006,1,1,1,1,1,1,48,12,1,12,52529.9271684976,0,level2_rank1_fallback,medium,0,0,0,0,0,1,0.0450248,1,1,1,0,0,0,0.0014513131098634,1,0,0
weak_target_boundary,8,4,2,0.3,1,0,0.8,-0.4,0.4,0,0,1,-0.225137543906739,-3.03612464562165e-05,0,1,0,0.400000000000006,-0.400000000000006,0.400000000000006,1,1,1,1,1,1,48,12,1,11,52889.926811369,0,level2_rank1_fallback,medium,0,0,0,0,0,1,0.044972,1,1,1,0,0,0,-3.03612464562165e-05,1,0,0
weak_target_boundary,8,5,2,0.3,1,0,0.8,-0.4,0.4,0,0,1,-0.222383457171271,0.00454273580069026,0,1,0,0.400000000000006,-0.400000000000006,0.400000000000006,1,1,1,1,1,1,48,12,1,10,52581.7571852895,0,common_el_refocus_power_rank1,medium,0,0,0,0,0,1,0.04201,1,1,0,0,0,0,0.00454273580069026,1,0,0
weak_target_boundary,8,6,2,0.3,1,0,0.8,-0.4,0.4,0,0,1,-0.220946668940582,0.00375186485803592,0,1,0,0.400000000000006,-0.400000000000006,0.400000000000006,1,1,1,1,1,1,48,12,1,13,52524.0780123454,0,level2_rank1_fallback,medium,0,0,0,0,0,1,0.0452652,1,1,1,0,0,0,0.00375186485803592,1,0,0
weak_target_boundary,8,7,2,0.3,1,0,0.8,-0.4,0.4,0,0,1,-0.221503023836942,-0.00303824177353666,0,1,0,0.400000000000006,-0.400000000000006,0.400000000000006,1,1,1,1,1,1,48,12,1,12,52946.8761763509,0,level2_rank1_fallback,medium,0,0,0,0,0,1,0.0470184,1,1,1,0,0,0,-0.00303824177353666,1,0,0
weak_target_boundary,8,8,2,0.3,1,0,0.8,-0.4,0.4,0,0,1,-0.224383277069688,-0.00266653066982226,0,1,0,0.400000000000006,-0.400000000000006,0.400000000000006,1,1,1,1,1,1,48,12,1,13,52802.9634257039,0,common_el_refocus_power_rank1,medium,0,0,0,0,0,1,0.0415574,1,1,0,0,0,0,-0.00266653066982226,1,0,0
weak_target_boundary,8,9,2,0.3,1,0,0.8,-0.4,0.4,0,0,1,-0.221537175662945,0.00309005222290318,0,1,0,0.400000000000006,-0.400000000000006,0.400000000000006,1,1,1,1,1,1,48,12,1,12,52649.0863340855,0,level2_rank1_fallback,medium,0,0,0,0,0,1,0.044117,1,1,1,0,0,0,0.00309005222290318,1,0,0
weak_target_boundary,8,10,2,0.3,1,0,0.8,-0.4,0.4,0,0,1,-0.225126834854735,-0.00187636494538436,0,1,0,0.400000000000006,-0.400000000000006,0.400000000000006,1,1,1,1,1,1,48,12,1,12,52397.3048349886,0,common_el_refocus_power_rank1,medium,0,0,0,0,0,1,0.0427371,1,1,0,0,0,0,-0.00187636494538436,1,0,0
weak_target_boundary,8,11,2,0.3,1,0,0.8,-0.4,0.4,0,0,1,-0.223667618676457,0.00386650627784806,0,1,0,0.400000000000006,-0.400000000000006,0.400000000000006,1,1,1,1,1,1,48,12,1,12,52580.11388866,0,level2_rank1_fallback,medium,0,0,0,0,0,1,0.0467509,1,1,1,0,0,0,0.00386650627784806,1,0,0
weak_target_boundary,8,12,2,0.3,1,0,0.8,-0.4,0.4,0,0,1,-0.221054231243881,-0.00108113556195833,0,1,0,0.400000000000006,-0.400000000000006,0.400000000000006,1,1,1,1,1,1,48,12,1,12,52800.1425619897,0,level2_rank1_fallback,medium,0,0,0,0,0,1,0.0500741,1,1,1,0,0,0,-0.00108113556195833,1,0,0
weak_target_boundary,8,13,2,0.3,1,0,0.8,-0.4,0.4,0,0,1,-0.221290111305971,-0.00745145530882303,0,1,0,0.400000000000006,-0.400000000000006,0.400000000000006,1,1,1,1,1,1,48,12,1,12,52725.5064868774,0,common_el_refocus_power_rank1,medium,0,0,0,0,0,1,0.0436838,1,1,0,0,0,0,-0.00745145530882303,1,0,0
weak_target_boundary,8,14,2,0.3,1,0,0.8,-0.4,0.4,0,0,1,-0.222490096475002,0.00348892349214255,0,1,0,0.400000000000006,-0.400000000000006,0.400000000000006,1,1,1,1,1,1,48,12,1,12,52725.4041603324,0,level2_rank1_fallback,medium,0,0,0,0,0,1,0.0498778,1,1,1,0,0,0,0.00348892349214255,1,0,0
weak_target_boundary,8,15,2,0.3,1,0,0.8,-0.4,0.4,0,0,1,-0.219036016355008,0.00119664255629398,0,1,0,0.400000000000006,-0.400000000000006,0.400000000000006,1,1,1,1,1,1,48,12,1,13,52617.5523029663,0,level2_rank1_fallback,medium,0,0,0,0,0,1,0.0490478,1,1,1,0,0,0,0.00119664255629398,1,0,0
weak_target_boundary,8,16,2,0.3,1,0,0.8,-0.4,0.4,0,0,1,-0.22020170870806,-0.000401582348655672,0,1,0,0.400000000000006,-0.400000000000006,0.400000000000006,1,1,1,1,1,1,48,12,1,12,52599.5236446341,0,common_el_refocus_power_rank1,medium,0,0,0,0,0,1,0.0385552,1,1,0,0,0,0,-0.000401582348655672,1,0,0
weak_target_boundary,8,17,2,0.3,1,0,0.8,-0.4,0.4,0,0,1,-0.222079971384443,0.00478800432449583,0,1,0,0.400000000000006,-0.400000000000006,0.400000000000006,1,1,1,1,1,1,48,12,1,12,52910.796597518,0,common_el_refocus_power_rank1,medium,0,0,0,0,0,1,0.0431236,1,1,0,0,0,0,0.00478800432449583,1,0,0
weak_target_boundary,8,18,2,0.3,1,0,0.8,-0.4,0.4,0,0,1,-0.222931443526667,0.000668153748465263,0,1,0,0.400000000000006,-0.400000000000006,0.400000000000006,1,1,1,1,1,1,48,12,1,12,52685.7073990392,0,level2_rank1_fallback,medium,0,0,0,0,0,1,0.0423217,1,1,1,0,0,0,0.000668153748465263,1,0,0
weak_target_boundary,8,19,2,0.3,1,0,0.8,-0.4,0.4,0,0,1,-0.220997632639867,0.000331100638075016,0,1,0,0.400000000000006,-0.400000000000006,0.400000000000006,1,1,1,1,1,1,48,12,1,12,52659.7281532426,0,level2_rank1_fallback,medium,0,0,0,0,0,1,0.0420469,1,1,1,0,0,0,0.000331100638075016,1,0,0
weak_target_boundary,8,20,2,0.3,1,0,0.8,-0.4,0.4,0,0,1,-0.221854607744462,0.000500838842831784,0,1,0,0.400000000000006,-0.400000000000006,0.400000000000006,1,1,1,1,1,1,48,12,1,12,52634.8492640867,0,common_el_refocus_power_rank1,medium,0,0,0,0,0,1,0.0396157,1,1,0,0,0,0,0.000500838842831784,1,0,0
weak_target_boundary,8,21,2,0.3,1,0,0.8,-0.4,0.4,0,0,1,-0.219689405761363,-0.000443987186423456,0,1,0,0.400000000000006,-0.400000000000006,0.400000000000006,1,1,1,1,1,1,48,12,1,11,52787.8490184248,0,level2_rank1_fallback,medium,0,0,0,0,0,1,0.0495914,1,1,1,0,0,0,-0.000443987186423456,1,0,0
weak_target_boundary,8,22,2,0.3,1,0,0.8,-0.4,0.4,0,0,1,-0.222289081158902,0.000504192621784708,0,1,0,0.400000000000006,-0.400000000000006,0.400000000000006,1,1,1,1,1,1,48,12,1,12,52742.2494589969,0,level2_rank1_fallback,medium,0,0,0,0,0,1,0.0480454,1,1,1,0,0,0,0.000504192621784708,1,0,0
weak_target_boundary,8,23,2,0.3,1,0,0.8,-0.4,0.4,0,0,1,-0.219562352583095,-0.0013058893560485,0,1,0,0.400000000000006,-0.400000000000006,0.400000000000006,1,1,1,1,1,1,48,12,1,12,52797.3044465988,0,level2_rank1_fallback,medium,0,0,0,0,0,1,0.0431115,1,1,1,0,0,0,-0.0013058893560485,1,0,0
weak_target_boundary,8,24,2,0.3,1,0,0.8,-0.4,0.4,0,0,1,-0.218423714153077,-0.00278305229617658,0,1,0,0.400000000000006,-0.400000000000006,0.400000000000006,1,1,1,1,1,1,48,12,1,11,52752.1416705758,0,common_el_refocus_power_rank1,medium,0,0,0,0,0,1,0.0402545,1,1,0,0,0,0,-0.00278305229617658,1,0,0
weak_target_boundary,8,25,2,0.3,1,0,0.8,-0.4,0.4,0,0,1,-0.220738120251356,-0.000182885732104769,0,1,0,0.400000000000006,-0.400000000000006,0.400000000000006,1,1,1,1,1,1,48,12,1,11,52854.5848985337,0,level2_rank1_fallback,medium,0,0,0,0,0,1,0.0431529,1,1,1,0,0,0,-0.000182885732104769,1,0,0
weak_target_boundary,8,26,2,0.3,1,0,0.8,-0.4,0.4,0,0,1,-0.22338738689907,-0.0034357092180047,0,1,0,0.400000000000006,-0.400000000000006,0.400000000000006,1,1,1,1,1,1,48,12,1,12,52720.5887302373,0,level2_rank1_fallback,medium,0,0,0,0,0,1,0.0447513,1,1,1,0,0,0,-0.0034357092180047,1,0,0
weak_target_boundary,8,27,2,0.3,1,0,0.8,-0.4,0.4,0,0,1,-0.22180751594004,-0.00335851436737465,0,1,0,0.400000000000006,-0.400000000000006,0.400000000000006,1,1,1,1,1,1,48,12,1,12,52966.5192128719,0,level2_rank1_fallback,medium,0,0,0,0,0,1,0.0432956,1,1,1,0,0,0,-0.00335851436737465,1,0,0
weak_target_boundary,8,28,2,0.3,1,0,0.8,-0.4,0.4,0,0,1,-0.220331574276547,-0.000819848747222479,0,1,0,0.400000000000006,-0.400000000000006,0.400000000000006,1,1,1,1,1,1,48,12,1,14,52481.198437199,0,level2_rank1_fallback,medium,0,0,0,0,0,1,0.0424626,1,1,1,0,0,0,-0.000819848747222479,1,0,0
weak_target_boundary,8,29,2,0.3,1,0,0.8,-0.4,0.4,0,0,1,-0.222843651427047,-0.000218728993463315,0,1,0,0.400000000000006,-0.400000000000006,0.400000000000006,1,1,1,1,1,1,48,12,1,12,52421.1317530446,0,level2_rank1_fallback,medium,0,0,0,0,0,1,0.0416151,1,1,1,0,0,0,-0.000218728993463315,1,0,0
weak_target_boundary,8,30,2,0.3,1,0,0.8,-0.4,0.4,0,0,1,-0.220746900881005,-0.00685797879096507,0,1,0,0.400000000000006,-0.400000000000006,0.400000000000006,1,1,1,1,1,1,48,12,1,12,52684.7511165276,0,level2_rank1_fallback,medium,0,0,0,0,0,1,0.0421903,1,1,1,0,0,0,-0.00685797879096507,1,0,0
weak_target_boundary,16,1,2,0.3,1,0,0.8,-0.4,0.4,0,0,1,-0.221109180186346,-0.00035833725899761,0,1,0,0.400000000000006,-0.400000000000006,0.400000000000006,1,1,1,1,1,1,48,12,1,22,52556.4393341917,0,common_el_refocus_power_rank1,medium,0,0,0,0,0,1,0.0401647,1,1,0,0,0,0,-0.00035833725899761,1,0,0
weak_target_boundary,16,2,2,0.3,1,0,0.8,-0.4,0.4,0,0,1,-0.22257655337815,0.00160258183654332,0,1,0,0.400000000000006,-0.400000000000006,0.400000000000006,1,1,1,1,1,1,48,12,1,19,52654.3167226995,0,common_el_refocus_power_rank1,medium,0,0,0,0,0,1,0.039775,1,1,0,0,0,0,0.00160258183654332,1,0,0
weak_target_boundary,16,3,2,0.3,1,0,0.8,-0.4,0.4,0,0,1,-0.223991598779448,0.00149516981225811,0,1,0,0.400000000000006,-0.400000000000006,0.400000000000006,1,1,1,1,1,1,48,12,1,20,52785.30654711,0,common_el_refocus_power_rank1,medium,0,0,0,0,0,1,0.042571,1,1,0,0,0,0,0.00149516981225811,1,0,0
weak_target_boundary,16,4,2,0.3,1,0,0.8,-0.4,0.4,0,0,1,-0.222626955016089,-0.000442696373753741,0,1,0,0.400000000000006,-0.400000000000006,0.400000000000006,1,1,1,1,1,1,48,12,1,19,52723.3394856027,0,common_el_refocus_power_rank1,medium,0,0,0,0,0,1,0.0375399,1,1,0,0,0,0,-0.000442696373753741,1,0,0
weak_target_boundary,16,5,2,0.3,1,0,0.8,-0.4,0.4,0,0,1,-0.222652904433624,-0.0008413148693924,0,1,0,0.400000000000006,-0.400000000000006,0.400000000000006,1,1,1,1,1,1,48,12,1,15,52514.7863445281,0,common_el_refocus_power_rank1,medium,0,0,0,0,0,1,0.0399648,1,1,0,0,0,0,-0.0008413148693924,1,0,0
weak_target_boundary,16,6,2,0.3,1,0,0.8,-0.4,0.4,0,0,1,-0.222582046315273,-7.374832168008e-05,0,1,0,0.400000000000006,-0.400000000000006,0.400000000000006,1,1,1,1,1,1,48,12,1,17,52663.3748094234,0,common_el_refocus_power_rank1,medium,0,0,0,0,0,1,0.0379341,1,1,0,0,0,0,-7.374832168008e-05,1,0,0
weak_target_boundary,16,7,2,0.3,1,0,0.8,-0.4,0.4,0,0,1,-0.221041425329952,0.000684742070510417,0,1,0,0.400000000000006,-0.400000000000006,0.400000000000006,1,1,1,1,1,1,48,12,1,21,52520.6772835934,0,common_el_refocus_power_rank1,medium,0,0,0,0,0,1,0.0397494,1,1,0,0,0,0,0.000684742070510417,1,0,0
weak_target_boundary,16,8,2,0.3,1,0,0.8,-0.4,0.4,0,0,1,-0.221347921820684,-0.00176187406231619,0,1,0,0.400000000000006,-0.400000000000006,0.400000000000006,1,1,1,1,1,1,48,12,1,19,52679.1508600307,0,common_el_refocus_power_rank1,medium,0,0,0,0,0,1,0.0420367,1,1,0,0,0,0,-0.00176187406231619,1,0,0
weak_target_boundary,16,9,2,0.3,1,0,0.8,-0.4,0.4,0,0,1,-0.222268062350632,-0.000213859286334625,0,1,0,0.400000000000006,-0.400000000000006,0.400000000000006,1,1,1,1,1,1,48,12,1,19,52724.3127498903,0,common_el_refocus_power_rank1,medium,0,0,0,0,0,1,0.0376589,1,1,0,0,0,0,-0.000213859286334625,1,0,0
weak_target_boundary,16,10,2,0.3,1,0,0.8,-0.4,0.4,0,0,1,-0.223356414780305,0.000333279262849993,0,1,0,0.400000000000006,-0.400000000000006,0.400000000000006,1,1,1,1,1,1,48,12,1,20,52671.1898519558,0,common_el_refocus_power_rank1,medium,0,0,0,0,0,1,0.0419835,1,1,0,0,0,0,0.000333279262849993,1,0,0
weak_target_boundary,16,11,2,0.3,1,0,0.8,-0.4,0.4,0,0,1,-0.221211409329483,-0.00102451012610728,0,1,0,0.400000000000006,-0.400000000000006,0.400000000000006,1,1,1,1,1,1,48,12,1,20,52649.6054538287,0,common_el_refocus_power_rank1,medium,0,0,0,0,0,1,0.0460042,1,1,0,0,0,0,-0.00102451012610728,1,0,0
weak_target_boundary,16,12,2,0.3,1,0,0.8,-0.4,0.4,0,0,1,-0.222844794588022,0.000673419388674205,0,1,0,0.400000000000006,-0.400000000000006,0.400000000000006,1,1,1,1,1,1,48,12,1,21,52610.112913033,0,common_el_refocus_power_rank1,medium,0,0,0,0,0,1,0.040281,1,1,0,0,0,0,0.000673419388674205,1,0,0
weak_target_boundary,16,13,2,0.3,1,0,0.8,-0.4,0.4,0,0,1,-0.221697697542946,0.00199194227462086,0,1,0,0.400000000000006,-0.400000000000006,0.400000000000006,1,1,1,1,1,1,48,12,1,20,52627.9073120939,0,common_el_refocus_power_rank1,medium,0,0,0,0,0,1,0.0425453,1,1,0,0,0,0,0.00199194227462086,1,0,0
weak_target_boundary,16,14,2,0.3,1,0,0.8,-0.4,0.4,0,0,1,-0.221081745201464,-0.000359066367628428,0,1,0,0.400000000000006,-0.400000000000006,0.400000000000006,1,1,1,1,1,1,48,12,1,23,52660.7757516977,0,common_el_refocus_power_rank1,medium,0,0,0,0,0,1,0.0414107,1,1,0,0,0,0,-0.000359066367628428,1,0,0
weak_target_boundary,16,15,2,0.3,1,0,0.8,-0.4,0.4,0,0,1,-0.223596306092204,0.00025329939868447,0,1,0,0.400000000000006,-0.400000000000006,0.400000000000006,1,1,1,1,1,1,48,12,1,21,52707.9994457662,0,common_el_refocus_power_rank1,medium,0,0,0,0,0,1,0.0451807,1,1,0,0,0,0,0.00025329939868447,1,0,0
weak_target_boundary,16,16,2,0.3,1,0,0.8,-0.4,0.4,0,0,1,-0.221893474248396,-0.000799454702225281,0,1,0,0.400000000000006,-0.400000000000006,0.400000000000006,1,1,1,1,1,1,48,12,1,17,52558.1534508832,0,common_el_refocus_power_rank1,medium,0,0,0,0,0,1,0.0413322,1,1,0,0,0,0,-0.000799454702225281,1,0,0
weak_target_boundary,16,17,2,0.3,1,0,0.8,-0.4,0.4,0,0,1,-0.22407711561302,0.000526259107515146,0,1,0,0.400000000000006,-0.400000000000006,0.400000000000006,1,1,1,1,1,1,48,12,1,19,52578.5667137816,0,common_el_refocus_power_rank1,medium,0,0,0,0,0,1,0.0398846,1,1,0,0,0,0,0.000526259107515146,1,0,0
weak_target_boundary,16,18,2,0.3,1,0,0.8,-0.4,0.4,0,0,1,-0.222616860349493,0.000341122020566647,0,1,0,0.400000000000006,-0.400000000000006,0.400000000000006,1,1,1,1,1,1,48,12,1,20,52658.5476468436,0,common_el_refocus_power_rank1,medium,0,0,0,0,0,1,0.0396239,1,1,0,0,0,0,0.000341122020566647,1,0,0
weak_target_boundary,16,19,2,0.3,1,0,0.8,-0.4,0.4,0,0,1,-0.222874697878008,-6.07493135586398e-06,0,1,0,0.400000000000006,-0.400000000000006,0.400000000000006,1,1,1,1,1,1,48,12,1,21,52586.8388575701,0,common_el_refocus_power_rank1,medium,0,0,0,0,0,1,0.040258,1,1,0,0,0,0,-6.07493135586398e-06,1,0,0
weak_target_boundary,16,20,2,0.3,1,0,0.8,-0.4,0.4,0,0,1,-0.223941077313779,9.51284958587344e-05,0,1,0,0.400000000000006,-0.400000000000006,0.400000000000006,1,1,1,1,1,1,48,12,1,20,52713.5839436506,0,common_el_refocus_power_rank1,medium,0,0,0,0,0,1,0.0391966,1,1,0,0,0,0,9.51284958587344e-05,1,0,0
weak_target_boundary,16,21,2,0.3,1,0,0.8,-0.4,0.4,0,0,1,-0.222716276063192,-0.00120892902130549,0,1,0,0.400000000000006,-0.400000000000006,0.400000000000006,1,1,1,1,1,1,48,12,1,19,52598.2354081518,0,common_el_refocus_power_rank1,medium,0,0,0,0,0,1,0.0395481,1,1,0,0,0,0,-0.00120892902130549,1,0,0
weak_target_boundary,16,22,2,0.3,1,0,0.8,-0.4,0.4,0,0,1,-0.223548446934969,-0.000153128060821595,0,1,0,0.400000000000006,-0.400000000000006,0.400000000000006,1,1,1,1,1,1,48,12,1,18,52633.2910850991,0,common_el_refocus_power_rank1,medium,0,0,0,0,0,1,0.0431333,1,1,0,0,0,0,-0.000153128060821595,1,0,0
weak_target_boundary,16,23,2,0.3,1,0,0.8,-0.4,0.4,0,0,1,-0.221508487578783,-0.000530868946563882,0,1,0,0.400000000000006,-0.400000000000006,0.400000000000006,1,1,1,1,1,1,48,12,1,17,52631.229788869,0,common_el_refocus_power_rank1,medium,0,0,0,0,0,1,0.040177,1,1,0,0,0,0,-0.000530868946563882,1,0,0
weak_target_boundary,16,24,2,0.3,1,0,0.8,-0.4,0.4,0,0,1,-0.221239575063993,0.000950773359904034,0,1,0,0.400000000000006,-0.400000000000006,0.400000000000006,1,1,1,1,1,1,48,12,1,22,52710.615714439,0,common_el_refocus_power_rank1,medium,0,0,0,0,0,1,0.0403415,1,1,0,0,0,0,0.000950773359904034,1,0,0
weak_target_boundary,16,25,2,0.3,1,0,0.8,-0.4,0.4,0,0,1,-0.223074616497993,-0.000392783339303066,0,1,0,0.400000000000006,-0.400000000000006,0.400000000000006,1,1,1,1,1,1,48,12,1,20,52698.2638142277,0,common_el_refocus_power_rank1,medium,0,0,0,0,0,1,0.0431299,1,1,0,0,0,0,-0.000392783339303066,1,0,0
weak_target_boundary,16,26,2,0.3,1,0,0.8,-0.4,0.4,0,0,1,-0.222205092827842,-3.01090761652034e-05,0,1,0,0.400000000000006,-0.400000000000006,0.400000000000006,1,1,1,1,1,1,48,12,1,25,52593.8693296997,0,common_el_refocus_power_rank1,medium,0,0,0,0,0,1,0.0392344,1,1,0,0,0,0,-3.01090761652034e-05,1,0,0
weak_target_boundary,16,27,2,0.3,1,0,0.8,-0.4,0.4,0,0,1,-0.223567626728114,-0.000565593185256584,0,1,0,0.400000000000006,-0.400000000000006,0.400000000000006,1,1,1,1,1,1,48,12,1,21,52648.8852762616,0,common_el_refocus_power_rank1,medium,0,0,0,0,0,1,0.0427537,1,1,0,0,0,0,-0.000565593185256584,1,0,0
weak_target_boundary,16,28,2,0.3,1,0,0.8,-0.4,0.4,0,0,1,-0.221624639116469,0.000675193077485261,0,1,0,0.400000000000006,-0.400000000000006,0.400000000000006,1,1,1,1,1,1,48,12,1,21,52605.743194922,0,common_el_refocus_power_rank1,medium,0,0,0,0,0,1,0.0439238,1,1,0,0,0,0,0.000675193077485261,1,0,0
weak_target_boundary,16,29,2,0.3,1,0,0.8,-0.4,0.4,0,0,1,-0.220628614968115,0.00237710745761148,0,1,0,0.400000000000006,-0.400000000000006,0.400000000000006,1,1,1,1,1,1,48,12,1,19,52653.744922017,0,common_el_refocus_power_rank1,medium,0,0,0,0,0,1,0.0388253,1,1,0,0,0,0,0.00237710745761148,1,0,0
weak_target_boundary,16,30,2,0.3,1,0,0.8,-0.4,0.4,0,0,1,-0.222270097749575,0.00102126458547768,0,1,0,0.400000000000006,-0.400000000000006,0.400000000000006,1,1,1,1,1,1,48,12,1,21,52567.6709411274,0,common_el_refocus_power_rank1,medium,0,0,0,0,0,1,0.0407409,1,1,0,0,0,0,0.00102126458547768,1,0,0
near_antiphase_boundary,8,1,2,1,1,150,0.5,-0.25,0.25,0,0,1,-0.000897654789263709,-0.00311301044401573,0,1,0,0.25,-0.25,0.25,1,1,1,1,1,1,48,12,1,11,8527.07063968617,0,common_el_refocus_power_rank1,medium,0,0,0,0,0,1,0.0392988,1,1,0,0,0,0,-0.00311301044401573,0,1,0
near_antiphase_boundary,8,2,2,1,1,150,0.5,-0.25,0.25,0,0,1,-0.0044167485143036,0.00253212797192402,0,1,0,0.25,-0.25,0.25,1,1,1,1,1,1,48,12,1,11,8467.49955523403,0,common_el_refocus_power_rank1,medium,0,0,0,0,0,1,0.0387543,1,1,0,0,0,0,0.00253212797192402,0,1,0
near_antiphase_boundary,8,3,2,1,1,150,0.5,-0.25,0.25,0,0,1,-0.0027553334148534,0.0091451166722873,0,1,0,0.25,-0.25,0.25,1,1,1,1,1,1,48,12,1,12,8528.71340756587,0,common_el_refocus_power_rank1,medium,0,0,0,0,0,1,0.0380327,1,1,0,0,0,0,0.0091451166722873,0,1,0
near_antiphase_boundary,8,4,2,1,1,150,0.5,-0.25,0.25,0,0,1,-0.00562686615962156,-0.00231130621118761,0,1,0,0.25,-0.25,0.25,1,1,1,1,1,1,48,12,1,12,8502.80547940349,0,common_el_refocus_power_rank1,medium,0,0,0,0,0,1,0.0388924,1,1,0,0,0,0,-0.00231130621118761,0,1,0
near_antiphase_boundary,8,5,2,1,1,150,0.5,-0.25,0.25,0,0,1,-0.00302771225864511,-0.00279857950763848,0,1,0,0.25,-0.25,0.25,1,1,1,1,1,1,48,12,1,11,8467.83394645945,0,common_el_refocus_power_rank1,medium,0,0,0,0,0,1,0.0493056,1,1,0,0,0,0,-0.00279857950763848,0,1,0
near_antiphase_boundary,8,6,2,1,1,150,0.5,-0.25,0.25,0,0,1,-0.00109212607495105,-0.00562040191669247,0,1,0,0.25,-0.25,0.25,1,1,1,1,1,1,48,12,1,12,8551.27450434768,0,common_el_refocus_power_rank1,medium,0,0,0,0,0,1,0.0450427,1,1,0,0,0,0,-0.00562040191669247,0,1,0
near_antiphase_boundary,8,7,2,1,1,150,0.5,-0.25,0.25,0,0,1,-0.00159526598795166,0.0018200384661557,0,1,0,0.25,-0.25,0.25,1,1,1,1,1,1,48,12,1,11,8517.20390419487,0,common_el_refocus_power_rank1,medium,0,0,0,0,0,1,0.0407298,1,1,0,0,0,0,0.0018200384661557,0,1,0
near_antiphase_boundary,8,8,2,1,1,150,0.5,-0.25,0.25,0,0,1,0.00115979178909806,0.00102088387469357,0,1,0,0.25,-0.25,0.25,1,1,1,1,1,1,48,12,1,11,8523.27772947633,0,low_confidence,low,0,0,0,1,0,1,0.2967458,1,1,1,1,0,0,0.00102088387469357,0,1,0
near_antiphase_boundary,8,9,2,1,1,150,0.5,-0.25,0.25,0,0,1,0.000714336690373264,0.00661052645821253,0,1,0,0.25,-0.25,0.25,1,1,1,1,1,1,48,12,1,11,8504.23398428353,0,common_el_refocus_power_rank1,medium,0,0,0,0,0,1,0.0395738,1,1,0,0,0,0,0.00661052645821253,0,1,0
near_antiphase_boundary,8,10,2,1,1,150,0.5,-0.25,0.25,0,0,1,-0.00302869521058709,0.00196276235773951,0,1,0,0.25,-0.25,0.25,1,1,1,1,1,1,48,12,1,11,8588.91601955491,0,common_el_refocus_power_rank1,medium,0,0,0,0,0,1,0.041351,1,1,0,0,0,0,0.00196276235773951,0,1,0
near_antiphase_boundary,8,11,2,1,1,150,0.5,-0.25,0.25,0,0,1,0.000234989626074934,0.00259690440214689,0,1,0,0.25,-0.25,0.25,1,1,1,1,1,1,48,12,1,10,8546.86600414194,0,common_el_refocus_power_rank1,medium,0,0,0,0,0,1,0.0415151,1,1,0,0,0,0,0.00259690440214689,0,1,0
near_antiphase_boundary,8,12,2,1,1,150,0.5,-0.25,0.25,0,0,1,-0.000904330954848615,0.00644713129581484,0,1,0,0.25,-0.25,0.25,1,1,1,1,1,1,48,12,1,12,8469.26887422426,0,common_el_refocus_power_rank1,medium,0,0,0,0,0,1,0.0417497,1,1,0,0,0,0,0.00644713129581484,0,1,0
near_antiphase_boundary,8,13,2,1,1,150,0.5,-0.25,0.25,0,0,1,-0.00444119021271737,0.00314174748455747,0,1,0,0.25,-0.25,0.25,1,1,1,1,1,1,48,12,1,12,8539.42194813465,0,common_el_refocus_power_rank1,medium,0,0,0,0,0,1,0.0431158,1,1,0,0,0,0,0.00314174748455747,0,1,0
near_antiphase_boundary,8,14,2,1,1,150,0.5,-0.25,0.25,0,0,1,-0.00144275433187845,0.000871319084170533,0,1,0,0.25,-0.25,0.25,1,1,1,1,1,1,48,12,1,11,8513.65626605197,0,common_el_refocus_power_rank1,medium,0,0,0,0,0,1,0.0419644,1,1,0,0,0,0,0.000871319084170533,0,1,0
near_antiphase_boundary,8,15,2,1,1,150,0.5,-0.25,0.25,0,0,1,-0.000212300554968496,-0.0101672186178345,0,1,0,0.25,-0.25,0.25,1,1,1,1,1,1,48,12,1,11,8549.59258723605,0,common_el_refocus_power_rank1,medium,0,0,0,0,0,1,0.0419264,1,1,0,0,0,0,-0.0101672186178345,0,1,0
near_antiphase_boundary,8,16,2,1,1,150,0.5,-0.25,0.25,0,0,1,-0.00020932204718881,-0.000254611895681814,0,1,0,0.25,-0.25,0.25,1,1,1,1,1,1,48,12,1,12,8523.72138530807,0,common_el_refocus_power_rank1,medium,0,0,0,0,0,1,0.0425822,1,1,0,0,0,0,-0.000254611895681814,0,1,0
near_antiphase_boundary,8,17,2,1,1,150,0.5,-0.25,0.25,0,0,1,0.000469105033643982,-0.0052482810240414,0,1,0,0.25,-0.25,0.25,1,1,1,1,1,1,48,12,1,12,8575.11397049903,0,common_el_refocus_power_rank1,medium,0,0,0,0,0,1,0.040476,1,1,0,0,0,0,-0.0052482810240414,0,1,0
near_antiphase_boundary,8,18,2,1,1,150,0.5,-0.25,0.25,0,0,1,-0.00532386592642143,0.000285653610591,0,1,0,0.25,-0.25,0.25,1,1,1,1,1,1,48,12,1,12,8495.18336402462,0,common_el_refocus_power_rank1,medium,0,0,0,0,0,1,0.0405061,1,1,0,0,0,0,0.000285653610591,0,1,0
near_antiphase_boundary,8,19,2,1,1,150,0.5,-0.25,0.25,0,0,1,-0.00214182365450232,0.00599647852406265,0,1,0,0.25,-0.25,0.25,1,1,1,1,1,1,48,12,1,11,8586.79132424032,0,common_el_refocus_power_rank1,medium,0,0,0,0,0,1,0.044812,1,1,0,0,0,0,0.00599647852406265,0,1,0
near_antiphase_boundary,8,20,2,1,1,150,0.5,-0.25,0.25,0,0,1,-0.00262378104253527,0.00152576209104412,0,1,0,0.25,-0.25,0.25,1,1,1,1,1,1,48,12,1,11,8469.90041810324,0,common_el_refocus_power_rank1,medium,0,0,0,0,0,1,0.0416616,1,1,0,0,0,0,0.00152576209104412,0,1,0
near_antiphase_boundary,8,21,2,1,1,150,0.5,-0.25,0.25,0,0,1,-0.00521571123786947,0.00172746415878126,0,1,0,0.25,-0.25,0.25,1,1,1,1,1,1,48,12,1,12,8487.8604614787,0,common_el_refocus_power_rank1,medium,0,0,0,0,0,1,0.0398433,1,1,0,0,0,0,0.00172746415878126,0,1,0
near_antiphase_boundary,8,22,2,1,1,150,0.5,-0.25,0.25,0,0,1,-0.00284146617410468,-0.00269172248117298,0,1,0,0.25,-0.25,0.25,1,1,1,1,1,1,48,12,1,11,8556.13581260602,0,common_el_refocus_power_rank1,medium,0,0,0,0,0,1,0.0402972,1,1,0,0,0,0,-0.00269172248117298,0,1,0
near_antiphase_boundary,8,23,2,1,1,150,0.5,-0.25,0.25,0,0,1,-0.0021727340198968,0.000760482849503594,0,1,0,0.25,-0.25,0.25,1,1,1,1,1,1,48,12,1,12,8508.90291026921,0,common_el_refocus_power_rank1,medium,0,0,0,0,0,1,0.0398118,1,1,0,0,0,0,0.000760482849503594,0,1,0
near_antiphase_boundary,8,24,2,1,1,150,0.5,-0.25,0.25,0,0,1,-0.0021135938673338,0.00752512054078732,0,1,0,0.25,-0.25,0.25,1,1,1,1,1,1,48,12,1,10,8460.0214036683,0,common_el_refocus_power_rank1,medium,0,0,0,0,0,1,0.0392557,1,1,0,0,0,0,0.00752512054078732,0,1,0
near_antiphase_boundary,8,25,2,1,1,150,0.5,-0.25,0.25,0,0,1,-0.00478160244841247,0.00110990429141374,0,1,0,0.25,-0.25,0.25,1,1,1,1,1,1,48,12,1,11,8483.83346663717,0,common_el_refocus_power_rank1,medium,0,0,0,0,0,1,0.0419894,1,1,0,0,0,0,0.00110990429141374,0,1,0
near_antiphase_boundary,8,26,2,1,1,150,0.5,-0.25,0.25,0,0,1,-0.00282935506816081,-0.00905635477279479,0,1,0,0.25,-0.25,0.25,1,1,1,1,1,1,48,12,1,11,8518.38956437633,0,common_el_refocus_power_rank1,medium,0,0,0,0,0,1,0.0391085,1,1,0,0,0,0,-0.00905635477279479,0,1,0
near_antiphase_boundary,8,27,2,1,1,150,0.5,-0.25,0.25,0,0,1,-0.00517369760742593,0.0016021559232138,0,1,0,0.25,-0.25,0.25,1,1,1,1,1,1,48,12,1,12,8463.92171515936,0,common_el_refocus_power_rank1,medium,0,0,0,0,0,1,0.0461311,1,1,0,0,0,0,0.0016021559232138,0,1,0
near_antiphase_boundary,8,28,2,1,1,150,0.5,-0.25,0.25,0,0,1,-0.00537183482479643,0.00908456263470008,0,1,0,0.25,-0.25,0.25,1,1,1,1,1,1,48,12,1,11,8544.39655420333,0,common_el_refocus_power_rank1,medium,0,0,0,0,0,1,0.0415192,1,1,0,0,0,0,0.00908456263470008,0,1,0
near_antiphase_boundary,8,29,2,1,1,150,0.5,-0.25,0.25,0,0,1,-0.00236928354798523,-0.00421682409286659,0,1,0,0.25,-0.25,0.25,1,1,1,1,1,1,48,12,1,11,8551.35626225775,0,common_el_refocus_power_rank1,medium,0,0,0,0,0,1,0.0445752,1,1,0,0,0,0,-0.00421682409286659,0,1,0
near_antiphase_boundary,8,30,2,1,1,150,0.5,-0.25,0.25,0,0,1,-0.000656573168127838,0.000544261113699841,0,1,0,0.25,-0.25,0.25,1,1,1,1,1,1,48,12,1,12,8572.23300627894,0,common_el_refocus_power_rank1,medium,0,0,0,0,0,1,0.0511342,1,1,0,0,0,0,0.000544261113699841,0,1,0
near_antiphase_boundary,16,1,2,1,1,150,0.5,-0.25,0.25,0,0,1,-0.00252241142884856,-0.00157178234045855,0,1,0,0.25,-0.25,0.25,1,1,1,1,1,1,48,12,1,13,8513.94020678643,0,common_el_refocus_power_rank1,medium,0,0,0,0,0,1,0.0404177,1,1,0,0,0,0,-0.00157178234045855,0,1,0
near_antiphase_boundary,16,2,2,1,1,150,0.5,-0.25,0.25,0,0,1,-0.00247344159771185,0.00242501935205308,0,1,0,0.25,-0.25,0.25,1,1,1,1,1,1,48,12,1,15,8544.76263074522,0,common_el_refocus_power_rank1,medium,0,0,0,0,0,1,0.03994,1,1,0,0,0,0,0.00242501935205308,0,1,0
near_antiphase_boundary,16,3,2,1,1,150,0.5,-0.25,0.25,0,0,1,-0.00292479513501087,0.00184927428935154,0,1,0,0.25,-0.25,0.25,1,1,1,1,1,1,48,12,1,14,8548.37130334615,0,common_el_refocus_power_rank1,medium,0,0,0,0,0,1,0.0456723,1,1,0,0,0,0,0.00184927428935154,0,1,0
near_antiphase_boundary,16,4,2,1,1,150,0.5,-0.25,0.25,0,0,1,-0.00249081530765012,-0.0012395057925116,0,1,0,0.25,-0.25,0.25,1,1,1,1,1,1,48,12,1,17,8550.63533314306,0,common_el_refocus_power_rank1,medium,0,0,0,0,0,1,0.0458173,1,1,0,0,0,0,-0.0012395057925116,0,1,0
near_antiphase_boundary,16,5,2,1,1,150,0.5,-0.25,0.25,0,0,1,-0.00366668621313715,0.000294855019357404,0,1,0,0.25,-0.25,0.25,1,1,1,1,1,1,48,12,1,13,8517.66811263461,0,common_el_refocus_power_rank1,medium,0,0,0,0,0,1,0.0678796,1,1,0,0,0,0,0.000294855019357404,0,1,0
near_antiphase_boundary,16,6,2,1,1,150,0.5,-0.25,0.25,0,0,1,-0.00212507531906069,-0.000811986056832043,0,1,0,0.25,-0.25,0.25,1,1,1,1,1,1,48,12,1,12,8516.43895279457,0,common_el_refocus_power_rank1,medium,0,0,0,0,0,1,0.05587,1,1,0,0,0,0,-0.000811986056832043,0,1,0
near_antiphase_boundary,16,7,2,1,1,150,0.5,-0.25,0.25,0,0,1,-0.00231547413158434,-0.000605903935469146,0,1,0,0.25,-0.25,0.25,1,1,1,1,1,1,48,12,1,16,8528.08417647691,0,common_el_refocus_power_rank1,medium,0,0,0,0,0,1,0.0591805,1,1,0,0,0,0,-0.000605903935469146,0,1,0
near_antiphase_boundary,16,8,2,1,1,150,0.5,-0.25,0.25,0,0,1,-0.000805534895173027,0.00013402780975456,0,1,0,0.25,-0.25,0.25,1,1,1,1,1,1,48,12,1,15,8545.75986536532,0,common_el_refocus_power_rank1,medium,0,0,0,0,0,1,0.0579815,1,1,0,0,0,0,0.00013402780975456,0,1,0
near_antiphase_boundary,16,9,2,1,1,150,0.5,-0.25,0.25,0,0,1,-0.0032711058090728,0.000692876513196616,0,1,0,0.25,-0.25,0.25,1,1,1,1,1,1,48,12,1,15,8503.06006641925,0,common_el_refocus_power_rank1,medium,0,0,0,0,0,1,0.0404667,1,1,0,0,0,0,0.000692876513196616,0,1,0
near_antiphase_boundary,16,10,2,1,1,150,0.5,-0.25,0.25,0,0,1,-0.000463762359667905,0.00012148889733483,0,1,0,0.25,-0.25,0.25,1,1,1,1,1,1,48,12,1,13,8518.40256121607,0,common_el_refocus_power_rank1,medium,0,0,0,0,0,1,0.0375933,1,1,0,0,0,0,0.00012148889733483,0,1,0
near_antiphase_boundary,16,11,2,1,1,150,0.5,-0.25,0.25,0,0,1,-0.00231963946265504,0.000177513016982886,0,1,0,0.25,-0.25,0.25,1,1,1,1,1,1,48,12,1,14,8528.48728397638,0,common_el_refocus_power_rank1,medium,0,0,0,0,0,1,0.0389316,1,1,0,0,0,0,0.000177513016982886,0,1,0
near_antiphase_boundary,16,12,2,1,1,150,0.5,-0.25,0.25,0,0,1,-0.00342932445860588,0.000806798672337224,0,1,0,0.25,-0.25,0.25,1,1,1,1,1,1,48,12,1,14,8513.5263922,0,common_el_refocus_power_rank1,medium,0,0,0,0,0,1,0.0491202,1,1,0,0,0,0,0.000806798672337224,0,1,0
near_antiphase_boundary,16,13,2,1,1,150,0.5,-0.25,0.25,0,0,1,-0.00135334803209699,-0.000956414759783383,0,1,0,0.25,-0.25,0.25,1,1,1,1,1,1,48,12,1,14,8512.97216464588,0,common_el_refocus_power_rank1,medium,0,0,0,0,0,1,0.0531314,1,1,0,0,0,0,-0.000956414759783383,0,1,0
near_antiphase_boundary,16,14,2,1,1,150,0.5,-0.25,0.25,0,0,1,-0.00151887164936842,0.00104760788571609,0,1,0,0.25,-0.25,0.25,1,1,1,1,1,1,48,12,1,16,8516.38381072794,0,common_el_refocus_power_rank1,medium,0,0,0,0,0,1,0.0487179,1,1,0,0,0,0,0.00104760788571609,0,1,0
near_antiphase_boundary,16,15,2,1,1,150,0.5,-0.25,0.25,0,0,1,0.000967346383182336,0.00258010005290759,0,1,0,0.25,-0.25,0.25,1,1,1,1,1,1,48,12,1,15,8548.19283274472,0,common_el_refocus_power_rank1,medium,0,0,0,0,0,1,0.0394877,1,1,0,0,0,0,0.00258010005290759,0,1,0
near_antiphase_boundary,16,16,2,1,1,150,0.5,-0.25,0.25,0,0,1,-0.00220678205026554,0.00173643537743846,0,1,0,0.25,-0.25,0.25,1,1,1,1,1,1,48,12,1,15,8523.55908968171,0,common_el_refocus_power_rank1,medium,0,0,0,0,0,1,0.0775368,1,1,0,0,0,0,0.00173643537743846,0,1,0
near_antiphase_boundary,16,17,2,1,1,150,0.5,-0.25,0.25,0,0,1,-0.000794957220135327,-0.00337308337261146,0,1,0,0.25,-0.25,0.25,1,1,1,1,1,1,48,12,1,13,8510.67078193531,0,common_el_refocus_power_rank1,medium,0,0,0,0,0,1,0.0391815,1,1,0,0,0,0,-0.00337308337261146,0,1,0
near_antiphase_boundary,16,18,2,1,1,150,0.5,-0.25,0.25,0,0,1,0.00123052880662205,0.00062195899088125,0,1,0,0.25,-0.25,0.25,1,1,1,1,1,1,48,12,1,15,8527.60819895152,0,common_el_refocus_power_rank1,medium,0,0,0,0,0,1,0.0480725,1,1,0,0,0,0,0.00062195899088125,0,1,0
near_antiphase_boundary,16,19,2,1,1,150,0.5,-0.25,0.25,0,0,1,-0.00385674092092145,0.000546158345780577,0,1,0,0.25,-0.25,0.25,1,1,1,1,1,1,48,12,1,16,8529.42834838657,0,common_el_refocus_power_rank1,medium,0,0,0,0,0,1,0.0518972,1,1,0,0,0,0,0.000546158345780577,0,1,0
near_antiphase_boundary,16,20,2,1,1,150,0.5,-0.25,0.25,0,0,1,-0.00268889264367193,0.000548309942549167,0,1,0,0.25,-0.25,0.25,1,1,1,1,1,1,48,12,1,12,8534.4832554222,0,common_el_refocus_power_rank1,medium,0,0,0,0,0,1,0.0423332,1,1,0,0,0,0,0.000548309942549167,0,1,0
near_antiphase_boundary,16,21,2,1,1,150,0.5,-0.25,0.25,0,0,1,-0.00386259774929995,-0.000906868590579451,0,1,0,0.25,-0.25,0.25,1,1,1,1,1,1,48,12,1,15,8529.76773261406,0,common_el_refocus_power_rank1,medium,0,0,0,0,0,1,0.045328,1,1,0,0,0,0,-0.000906868590579451,0,1,0
near_antiphase_boundary,16,22,2,1,1,150,0.5,-0.25,0.25,0,0,1,-0.00188142672789059,0.00127424167103071,0,1,0,0.25,-0.25,0.25,1,1,1,1,1,1,48,12,1,15,8522.6637586918,0,common_el_refocus_power_rank1,medium,0,0,0,0,0,1,0.0522208,1,1,0,0,0,0,0.00127424167103071,0,1,0
near_antiphase_boundary,16,23,2,1,1,150,0.5,-0.25,0.25,0,0,1,-0.00278737378320486,0.00149792129585866,0,1,0,0.25,-0.25,0.25,1,1,1,1,1,1,48,12,1,15,8527.82059128003,0,common_el_refocus_power_rank1,medium,0,0,0,0,0,1,0.0469127,1,1,0,0,0,0,0.00149792129585866,0,1,0
near_antiphase_boundary,16,24,2,1,1,150,0.5,-0.25,0.25,0,0,1,-0.00351572974312345,0.000677546493725778,0,1,0,0.25,-0.25,0.25,1,1,1,1,1,1,48,12,1,15,8521.33157408,0,common_el_refocus_power_rank1,medium,0,0,0,0,0,1,0.0509578,1,1,0,0,0,0,0.000677546493725778,0,1,0
near_antiphase_boundary,16,25,2,1,1,150,0.5,-0.25,0.25,0,0,1,-0.00410270922128228,0.00149057877685037,0,1,0,0.25,-0.25,0.25,1,1,1,1,1,1,48,12,1,15,8528.26202657251,0,common_el_refocus_power_rank1,medium,0,0,0,0,0,1,0.0471572,1,1,0,0,0,0,0.00149057877685037,0,1,0
near_antiphase_boundary,16,26,2,1,1,150,0.5,-0.25,0.25,0,0,1,-0.0036635756919456,-0.00268941851678882,0,1,0,0.25,-0.25,0.25,1,1,1,1,1,1,48,12,1,12,8525.1534928309,0,common_el_refocus_power_rank1,medium,0,0,0,0,0,1,0.0457874,1,1,0,0,0,0,-0.00268941851678882,0,1,0
near_antiphase_boundary,16,27,2,1,1,150,0.5,-0.25,0.25,0,0,1,-0.00186611084762436,-0.00272915711508042,0,1,0,0.25,-0.25,0.25,1,1,1,1,1,1,48,12,1,13,8532.81260633388,0,common_el_refocus_power_rank1,medium,0,0,0,0,0,1,0.0443395,1,1,0,0,0,0,-0.00272915711508042,0,1,0
near_antiphase_boundary,16,28,2,1,1,150,0.5,-0.25,0.25,0,0,1,-0.00405334763339385,0.00122354030377099,0,1,0,0.25,-0.25,0.25,1,1,1,1,1,1,48,12,1,14,8516.50271714189,0,common_el_refocus_power_rank1,medium,0,0,0,0,0,1,0.0472769,1,1,0,0,0,0,0.00122354030377099,0,1,0
near_antiphase_boundary,16,29,2,1,1,150,0.5,-0.25,0.25,0,0,1,-0.00199453896042291,-0.000258471128380931,0,1,0,0.25,-0.25,0.25,1,1,1,1,1,1,48,12,1,16,8523.00304233834,0,common_el_refocus_power_rank1,medium,0,0,0,0,0,1,0.0436108,1,1,0,0,0,0,-0.000258471128380931,0,1,0
near_antiphase_boundary,16,30,2,1,1,150,0.5,-0.25,0.25,0,0,1,-0.00197470961162184,-0.00123150855937468,0,1,0,0.25,-0.25,0.25,1,1,1,1,1,1,48,12,1,14,8543.49201896111,0,common_el_refocus_power_rank1,medium,0,0,0,0,0,1,0.0643456,1,1,0,0,0,0,-0.00123150855937468,0,1,0
near_antiphase_boundary,8,1,2,1,1,150,0.8,-0.4,0.4,0,0,1,0.168940754260049,-0.0031844855528899,0,1,0,0.400000000000006,-0.400000000000006,0.400000000000006,1,1,1,1,1,1,48,12,1,11,8207.68388758634,0,boundary_unreliable,low,0,0,0,1,1,1,0.3464893,1,1,1,1,0,0,-0.0031844855528899,0,1,0
near_antiphase_boundary,8,2,2,1,1,150,0.8,-0.4,0.4,0,0,1,-0.251561847078209,-0.00568709766563826,0,1,0,0.400000000000006,-0.400000000000006,0.400000000000006,1,1,1,1,1,1,48,12,1,11,8201.15255730382,0,boundary_unreliable,low,0,0,0,1,1,1,0.3118861,1,1,1,1,0,0,-0.00568709766563826,0,1,0
near_antiphase_boundary,8,3,2,1,1,150,0.8,-0.4,0.4,0,0,1,-0.333424820649098,0.00201684961519383,0,1,0,0.400000000000006,-0.400000000000006,0.400000000000006,1,1,1,1,1,1,48,12,1,12,8206.75274417182,0,boundary_unreliable,low,0,0,0,1,1,1,0.3444054,1,1,1,1,0,0,0.00201684961519383,0,1,0
near_antiphase_boundary,8,4,2,1,1,150,0.8,-0.4,0.4,0,0,1,-0.313614233379699,-0.00252487377173503,0,1,0,0.400000000000006,-0.400000000000006,0.400000000000006,1,1,1,1,1,1,48,12,1,10,8256.10442561364,0,boundary_unreliable,low,0,0,0,1,1,1,0.3280985,1,1,1,1,0,0,-0.00252487377173503,0,1,0
near_antiphase_boundary,8,5,2,1,1,150,0.8,-0.4,0.4,0,0,1,-0.319430462346252,0.00361761381191445,0,1,0,0.400000000000006,-0.400000000000006,0.400000000000006,1,1,1,1,1,1,48,12,1,12,8209.0716659892,0,boundary_unreliable,low,0,0,0,1,1,1,0.3296335,1,1,1,1,0,0,0.00361761381191445,0,1,0
near_antiphase_boundary,8,6,2,1,1,150,0.8,-0.4,0.4,0,0,1,-0.238795494861204,0.00938515767149806,0,1,0,0.400000000000006,-0.400000000000006,0.400000000000006,1,1,1,1,1,1,48,12,1,11,8170.6525500014,0,boundary_unreliable,low,0,0,0,1,1,1,0.3210956,1,1,1,1,0,0,0.00938515767149806,0,1,0
near_antiphase_boundary,8,7,2,1,1,150,0.8,-0.4,0.4,0,0,1,-0.298965150137862,-0.00816738290151879,0,1,0,0.400000000000006,-0.400000000000006,0.400000000000006,1,1,1,1,1,1,48,12,1,12,8117.40716951245,0,boundary_unreliable,low,0,0,0,1,1,1,0.3338636,1,1,1,1,0,0,-0.00816738290151879,0,1,0
near_antiphase_boundary,8,8,2,1,1,150,0.8,-0.4,0.4,0,0,1,-0.220730399109151,-0.00645226492938868,0,1,0,0.400000000000006,-0.400000000000006,0.400000000000006,1,1,1,1,1,1,48,12,1,10,8177.08390432667,0,boundary_unreliable,low,0,0,0,1,1,1,0.3230089,1,1,1,1,0,0,-0.00645226492938868,0,1,0
near_antiphase_boundary,8,9,2,1,1,150,0.8,-0.4,0.4,0,0,1,-0.299173731230949,0.000716997438201611,0,1,0,0.400000000000006,-0.400000000000006,0.400000000000006,1,1,1,1,1,1,48,12,1,10,8164.8733926494,0,boundary_unreliable,low,0,0,0,1,1,1,0.3421769,1,1,1,1,0,0,0.000716997438201611,0,1,0
near_antiphase_boundary,8,10,2,1,1,150,0.8,-0.4,0.4,0,0,1,-0.255660130692299,-0.0105856786167005,0,1,0,0.400000000000006,-0.400000000000006,0.400000000000006,1,1,1,1,1,1,48,12,1,10,8172.7498920251,0,boundary_unreliable,low,0,0,0,1,1,1,0.3479652,1,1,1,1,0,0,-0.0105856786167005,0,1,0
near_antiphase_boundary,8,11,2,1,1,150,0.8,-0.4,0.4,0,0,1,0.225864946532749,0.00900884815774398,0,1,0,0.400000000000006,-0.400000000000006,0.400000000000006,1,1,1,1,1,1,48,12,1,11,8228.59518806548,0,boundary_unreliable,low,0,0,0,1,1,1,0.3310687,1,1,1,1,0,0,0.00900884815774398,0,1,0
near_antiphase_boundary,8,12,2,1,1,150,0.8,-0.4,0.4,0,0,1,-0.314976356700141,0.00062740846347742,0,1,0,0.400000000000006,-0.400000000000006,0.400000000000006,1,1,1,1,1,1,48,12,1,11,8169.31419509958,0,boundary_unreliable,low,0,0,0,1,1,1,0.3278245,1,1,1,1,0,0,0.00062740846347742,0,1,0
near_antiphase_boundary,8,13,2,1,1,150,0.8,-0.4,0.4,0,0,1,0.230157576632479,0.000401279264868948,0,1,0,0.400000000000006,-0.400000000000006,0.400000000000006,1,1,1,1,1,1,48,12,1,11,8134.85103504376,0,boundary_unreliable,low,0,0,0,1,1,1,0.3209635,1,1,1,1,0,0,0.000401279264868948,0,1,0
near_antiphase_boundary,8,14,2,1,1,150,0.8,-0.4,0.4,0,0,1,0.230646881411464,8.0910999665539e-07,0,1,0,0.400000000000006,-0.400000000000006,0.400000000000006,1,1,1,1,1,1,48,12,1,11,8238.22133387688,0,boundary_unreliable,low,0,0,0,1,1,1,0.3207501,1,1,1,1,0,0,8.0910999665539e-07,0,1,0
near_antiphase_boundary,8,15,2,1,1,150,0.8,-0.4,0.4,0,0,1,0.184813878945358,0.0042038073373153,0,1,0,0.400000000000006,-0.400000000000006,0.400000000000006,1,1,1,1,1,1,48,12,1,10,8214.97751405374,0,boundary_unreliable,low,0,0,0,1,1,1,0.3259532,1,1,1,1,0,0,0.0042038073373153,0,1,0
near_antiphase_boundary,8,16,2,1,1,150,0.8,-0.4,0.4,0,0,1,0.184846768777942,0.00280249449974763,0,1,0,0.400000000000006,-0.400000000000006,0.400000000000006,1,1,1,1,1,1,48,12,1,10,8264.10941327767,0,boundary_unreliable,low,0,0,0,1,1,1,0.3282845,1,1,1,1,0,0,0.00280249449974763,0,1,0
near_antiphase_boundary,8,17,2,1,1,150,0.8,-0.4,0.4,0,0,1,-0.218611816057152,-0.00718028081865736,0,1,0,0.400000000000006,-0.400000000000006,0.400000000000006,1,1,1,1,1,1,48,12,1,10,8161.74672497787,0,boundary_unreliable,low,0,0,0,1,1,1,0.3550269,1,1,1,1,0,0,-0.00718028081865736,0,1,0
near_antiphase_boundary,8,18,2,1,1,150,0.8,-0.4,0.4,0,0,1,-0.267446507619513,0.000126294411890866,0,1,0,0.400000000000006,-0.400000000000006,0.400000000000006,1,1,1,1,1,1,48,12,1,12,8219.99192380528,0,boundary_unreliable,low,0,0,0,1,1,1,0.3353321,1,1,1,1,0,0,0.000126294411890866,0,1,0
near_antiphase_boundary,8,19,2,1,1,150,0.8,-0.4,0.4,0,0,1,0.229057625983462,0.00532836438652954,0,1,0,0.400000000000006,-0.400000000000006,0.400000000000006,1,1,1,1,1,1,48,12,1,10,8141.02982771549,0,boundary_unreliable,low,0,0,0,1,1,1,0.3066824,1,1,1,1,0,0,0.00532836438652954,0,1,0
near_antiphase_boundary,8,20,2,1,1,150,0.8,-0.4,0.4,0,0,1,-0.285683133315522,0.00909532720291118,0,1,0,0.400000000000006,-0.400000000000006,0.400000000000006,1,1,1,1,1,1,48,12,1,11,8218.49017454032,0,boundary_unreliable,low,0,0,0,1,1,1,0.3738643,1,1,1,1,0,0,0.00909532720291118,0,1,0
near_antiphase_boundary,8,21,2,1,1,150,0.8,-0.4,0.4,0,0,1,0.230047141723581,0.00117141471496177,0,1,0,0.400000000000006,-0.400000000000006,0.400000000000006,1,1,1,1,1,1,48,12,1,11,8212.40011249375,0,boundary_unreliable,low,0,0,0,1,1,1,0.3525814,1,1,1,1,0,0,0.00117141471496177,0,1,0
near_antiphase_boundary,8,22,2,1,1,150,0.8,-0.4,0.4,0,0,1,-0.302711394738876,-0.00837954867329609,0,1,0,0.400000000000006,-0.400000000000006,0.400000000000006,1,1,1,1,1,1,48,12,1,11,8167.2969743035,0,boundary_unreliable,low,0,0,0,1,1,1,0.3412351,1,1,1,1,0,0,-0.00837954867329609,0,1,0
near_antiphase_boundary,8,23,2,1,1,150,0.8,-0.4,0.4,0,0,1,0.226635197269736,0.00385833457075906,0,1,0,0.400000000000006,-0.400000000000006,0.400000000000006,1,1,1,1,1,1,48,12,1,11,8225.19819736543,0,boundary_unreliable,low,0,0,0,1,1,1,0.3008306,1,1,1,1,0,0,0.00385833457075906,0,1,0
near_antiphase_boundary,8,24,2,1,1,150,0.8,-0.4,0.4,0,0,1,0.263877465142209,-0.00051416506885537,0,1,0,0.400000000000006,-0.400000000000006,0.400000000000006,1,1,1,1,1,1,48,12,1,11,8213.46923634747,0,boundary_unreliable,low,0,0,0,1,1,1,0.312544,1,1,1,1,0,0,-0.00051416506885537,0,1,0
near_antiphase_boundary,8,25,2,1,1,150,0.8,-0.4,0.4,0,0,1,-0.247249457126799,0.000720803414019199,0,1,0,0.400000000000006,-0.400000000000006,0.400000000000006,1,1,1,1,1,1,48,12,1,12,8206.64702497795,0,boundary_unreliable,low,0,0,0,1,1,1,0.2965916,1,1,1,1,0,0,0.000720803414019199,0,1,0
near_antiphase_boundary,8,26,2,1,1,150,0.8,-0.4,0.4,0,0,1,-0.249608162151133,0.00133787895446275,0,1,0,0.400000000000006,-0.400000000000006,0.400000000000006,1,1,1,1,1,1,48,12,1,10,8221.21542473546,0,boundary_unreliable,low,0,0,0,1,1,1,0.306559,1,1,1,1,0,0,0.00133787895446275,0,1,0
near_antiphase_boundary,8,27,2,1,1,150,0.8,-0.4,0.4,0,0,1,0.280147512659273,0.00543422430374564,0,1,0,0.400000000000006,-0.400000000000006,0.400000000000006,1,1,1,1,1,1,48,12,1,12,8147.99175979434,0,boundary_unreliable,low,0,0,0,1,1,1,0.2950087,1,1,1,1,0,0,0.00543422430374564,0,1,0
near_antiphase_boundary,8,28,2,1,1,150,0.8,-0.4,0.4,0,0,1,0.264730542999476,-0.00464436999928049,0,1,0,0.400000000000006,-0.400000000000006,0.400000000000006,1,1,1,1,1,1,48,12,1,10,8190.2486826289,0,boundary_unreliable,low,0,0,0,1,1,1,0.2977678,1,1,1,1,0,0,-0.00464436999928049,0,1,0
near_antiphase_boundary,8,29,2,1,1,150,0.8,-0.4,0.4,0,0,1,0.214845269223102,-0.000203651037848484,0,1,0,0.400000000000006,-0.400000000000006,0.400000000000006,1,1,1,1,1,1,48,12,1,11,8183.65202087832,0,boundary_unreliable,low,0,0,0,1,1,1,0.3014456,1,1,1,1,0,0,-0.000203651037848484,0,1,0
near_antiphase_boundary,8,30,2,1,1,150,0.8,-0.4,0.4,0,0,1,-0.270017103271741,0.00487714663814362,0,1,0,0.400000000000006,-0.400000000000006,0.400000000000006,1,1,1,1,1,1,48,12,1,11,8180.17972494569,0,boundary_unreliable,low,0,0,0,1,1,1,0.2875389,1,1,1,1,0,0,0.00487714663814362,0,1,0
near_antiphase_boundary,16,1,2,1,1,150,0.8,-0.4,0.4,0,0,1,0.230282411409708,-0.00491473180473124,0,1,0,0.400000000000006,-0.400000000000006,0.400000000000006,1,1,1,1,1,1,48,12,1,12,8177.54304675304,0,boundary_unreliable,low,0,0,0,1,1,1,0.2965815,1,1,1,1,0,0,-0.00491473180473124,0,1,0
near_antiphase_boundary,16,2,2,1,1,150,0.8,-0.4,0.4,0,0,1,-0.235644126237971,-0.00205703281337174,0,1,0,0.400000000000006,-0.400000000000006,0.400000000000006,1,1,1,1,1,1,48,12,1,12,8184.02203060497,0,boundary_unreliable,low,0,0,0,1,1,1,0.3508601,1,1,1,1,0,0,-0.00205703281337174,0,1,0
near_antiphase_boundary,16,3,2,1,1,150,0.8,-0.4,0.4,0,0,1,0.216792444558332,5.87878549928827e-05,0,1,0,0.400000000000006,-0.400000000000006,0.400000000000006,1,1,1,1,1,1,48,12,1,13,8165.41430453673,0,boundary_unreliable,low,0,0,0,1,1,1,0.3344341,1,1,1,1,0,0,5.87878549928827e-05,0,1,0
near_antiphase_boundary,16,4,2,1,1,150,0.8,-0.4,0.4,0,0,1,-0.220049885106886,-0.00538308066646129,0,1,0,0.400000000000006,-0.400000000000006,0.400000000000006,1,1,1,1,1,1,48,12,1,11,8183.431070626,0,boundary_unreliable,low,0,0,0,1,1,1,0.3328709,1,1,1,1,0,0,-0.00538308066646129,0,1,0
near_antiphase_boundary,16,5,2,1,1,150,0.8,-0.4,0.4,0,0,1,-0.206466988850607,0.00112831783707613,0,1,0,0.400000000000006,-0.400000000000006,0.400000000000006,1,1,1,1,1,1,48,12,1,13,8208.65743706036,0,boundary_unreliable,low,0,0,0,1,1,1,0.3203267,1,1,1,1,0,0,0.00112831783707613,0,1,0
near_antiphase_boundary,16,6,2,1,1,150,0.8,-0.4,0.4,0,0,1,0.214837317960798,-0.002527519244224,0,1,0,0.400000000000006,-0.400000000000006,0.400000000000006,1,1,1,1,1,1,48,12,1,13,8179.26533242718,0,boundary_unreliable,low,0,0,0,1,1,1,0.3052651,1,1,1,1,0,0,-0.002527519244224,0,1,0
near_antiphase_boundary,16,7,2,1,1,150,0.8,-0.4,0.4,0,0,1,0.245669110361166,0.000562662366651773,0,1,0,0.400000000000006,-0.400000000000006,0.400000000000006,1,1,1,1,1,1,48,12,1,12,8152.46441720381,0,boundary_unreliable,low,0,0,0,1,1,1,0.3253164,1,1,1,1,0,0,0.000562662366651773,0,1,0
near_antiphase_boundary,16,8,2,1,1,150,0.8,-0.4,0.4,0,0,1,0.183292933939481,0.000429013767334779,0,1,0,0.400000000000006,-0.400000000000006,0.400000000000006,1,1,1,1,1,1,48,12,1,13,8214.16815054468,0,boundary_unreliable,low,0,0,0,1,1,1,0.3445573,1,1,1,1,0,0,0.000429013767334779,0,1,0
near_antiphase_boundary,16,9,2,1,1,150,0.8,-0.4,0.4,0,0,1,-0.236127121609796,-4.35051195301121e-05,0,1,0,0.400000000000006,-0.400000000000006,0.400000000000006,1,1,1,1,1,1,48,12,1,12,8182.16252052221,0,boundary_unreliable,low,0,0,0,1,1,1,0.2959086,1,1,1,1,0,0,-4.35051195301121e-05,0,1,0
near_antiphase_boundary,16,10,2,1,1,150,0.8,-0.4,0.4,0,0,1,-0.21823153460304,-0.00189956819306539,0,1,0,0.400000000000006,-0.400000000000006,0.400000000000006,1,1,1,1,1,1,48,12,1,12,8192.17486025783,0,boundary_unreliable,low,0,0,0,1,1,1,0.2978464,1,1,1,1,0,0,-0.00189956819306539,0,1,0
near_antiphase_boundary,16,11,2,1,1,150,0.8,-0.4,0.4,0,0,1,-0.25192688040121,-0.000194712958912167,0,1,0,0.400000000000006,-0.400000000000006,0.400000000000006,1,1,1,1,1,1,48,12,1,12,8180.13292088921,0,boundary_unreliable,low,0,0,0,1,1,1,0.2987755,1,1,1,1,0,0,-0.000194712958912167,0,1,0
near_antiphase_boundary,16,12,2,1,1,150,0.8,-0.4,0.4,0,0,1,-0.236526498431162,0.000988807986771005,0,1,0,0.400000000000006,-0.400000000000006,0.400000000000006,1,1,1,1,1,1,48,12,1,12,8199.09080215566,0,boundary_unreliable,low,0,0,0,1,1,1,0.2818594,1,1,1,1,0,0,0.000988807986771005,0,1,0
near_antiphase_boundary,16,13,2,1,1,150,0.8,-0.4,0.4,0,0,1,-0.204637335112557,0.00259257653599956,0,1,0,0.400000000000006,-0.400000000000006,0.400000000000006,1,1,1,1,1,1,48,12,1,12,8149.07549633722,0,boundary_unreliable,low,0,0,0,1,1,1,0.2837198,1,1,1,1,0,0,0.00259257653599956,0,1,0
near_antiphase_boundary,16,14,2,1,1,150,0.8,-0.4,0.4,0,0,1,-0.218804546204553,-4.95547358311295e-05,0,1,0,0.400000000000006,-0.400000000000006,0.400000000000006,1,1,1,1,1,1,48,12,1,13,8171.07806794015,0,boundary_unreliable,low,0,0,0,1,1,1,0.3040329,1,1,1,1,0,0,-4.95547358311295e-05,0,1,0
near_antiphase_boundary,16,15,2,1,1,150,0.8,-0.4,0.4,0,0,1,-0.250925615127282,0.000348132909817005,0,1,0,0.400000000000006,-0.400000000000006,0.400000000000006,1,1,1,1,1,1,48,12,1,12,8150.25599983836,0,boundary_unreliable,low,0,0,0,1,1,1,0.2946404,1,1,1,1,0,0,0.000348132909817005,0,1,0
near_antiphase_boundary,16,16,2,1,1,150,0.8,-0.4,0.4,0,0,1,0.215928614730838,0.00490429181167485,0,1,0,0.400000000000006,-0.400000000000006,0.400000000000006,1,1,1,1,1,1,48,12,1,13,8194.90893076838,0,boundary_unreliable,low,0,0,0,1,1,1,0.2942883,1,1,1,1,0,0,0.00490429181167485,0,1,0
near_antiphase_boundary,16,17,2,1,1,150,0.8,-0.4,0.4,0,0,1,-0.205222447210869,-0.00195267849572897,0,1,0,0.400000000000006,-0.400000000000006,0.400000000000006,1,1,1,1,1,1,48,12,1,13,8175.85892077876,0,boundary_unreliable,low,0,0,0,1,1,1,0.2902403,1,1,1,1,0,0,-0.00195267849572897,0,1,0
near_antiphase_boundary,16,18,2,1,1,150,0.8,-0.4,0.4,0,0,1,-0.219628888265535,-0.00367201501811812,0,1,0,0.400000000000006,-0.400000000000006,0.400000000000006,1,1,1,1,1,1,48,12,1,13,8182.38905950278,0,boundary_unreliable,low,0,0,0,1,1,1,0.2859249,1,1,1,1,0,0,-0.00367201501811812,0,1,0
near_antiphase_boundary,16,19,2,1,1,150,0.8,-0.4,0.4,0,0,1,0.216136627725269,0.000886445258016319,0,1,0,0.400000000000006,-0.400000000000006,0.400000000000006,1,1,1,1,1,1,48,12,1,13,8173.55964470856,0,boundary_unreliable,low,0,0,0,1,1,1,0.2909531,1,1,1,1,0,0,0.000886445258016319,0,1,0
near_antiphase_boundary,16,20,2,1,1,150,0.8,-0.4,0.4,0,0,1,0.215921141452038,0.00531552242486526,0,1,0,0.400000000000006,-0.400000000000006,0.400000000000006,1,1,1,1,1,1,48,12,1,12,8192.10359229533,0,boundary_unreliable,low,0,0,0,1,1,1,0.285865,1,1,1,1,0,0,0.00531552242486526,0,1,0
near_antiphase_boundary,16,21,2,1,1,150,0.8,-0.4,0.4,0,0,1,-0.202911191770026,0.000793227417913962,0,1,0,0.400000000000006,-0.400000000000006,0.400000000000006,1,1,1,1,1,1,48,12,1,13,8169.37049091277,0,boundary_unreliable,low,0,0,0,1,1,1,0.2806121,1,1,1,1,0,0,0.000793227417913962,0,1,0
near_antiphase_boundary,16,22,2,1,1,150,0.8,-0.4,0.4,0,0,1,-0.188764347094613,0.00516079101744798,0,1,0,0.400000000000006,-0.400000000000006,0.400000000000006,1,1,1,1,1,1,48,12,1,11,8183.69468264399,0,boundary_unreliable,low,0,0,0,1,1,1,0.2879374,1,1,1,1,0,0,0.00516079101744798,0,1,0
near_antiphase_boundary,16,23,2,1,1,150,0.8,-0.4,0.4,0,0,1,-0.220143111188625,0.00361179111094714,0,1,0,0.400000000000006,-0.400000000000006,0.400000000000006,1,1,1,1,1,1,48,12,1,12,8173.12535763977,0,boundary_unreliable,low,0,0,0,1,1,1,0.3108144,1,1,1,1,0,0,0.00361179111094714,0,1,0
near_antiphase_boundary,16,24,2,1,1,150,0.8,-0.4,0.4,0,0,1,-0.252570599376652,-9.84086401917707e-05,0,1,0,0.400000000000006,-0.400000000000006,0.400000000000006,1,1,1,1,1,1,48,12,1,12,8179.76505338955,0,boundary_unreliable,low,0,0,0,1,1,1,0.2807509,1,1,1,1,0,0,-9.84086401917707e-05,0,1,0
near_antiphase_boundary,16,25,2,1,1,150,0.8,-0.4,0.4,0,0,1,-0.219775240867739,-0.00137990347517693,0,1,0,0.400000000000006,-0.400000000000006,0.400000000000006,1,1,1,1,1,1,48,12,1,12,8178.17247512728,0,boundary_unreliable,low,0,0,0,1,1,1,0.2868708,1,1,1,1,0,0,-0.00137990347517693,0,1,0
near_antiphase_boundary,16,26,2,1,1,150,0.8,-0.4,0.4,0,0,1,0.200114276838451,0.00221908362630166,0,1,0,0.400000000000006,-0.400000000000006,0.400000000000006,1,1,1,1,1,1,48,12,1,12,8185.53079327583,0,boundary_unreliable,low,0,0,0,1,1,1,0.2911316,1,1,1,1,0,0,0.00221908362630166,0,1,0
near_antiphase_boundary,16,27,2,1,1,150,0.8,-0.4,0.4,0,0,1,0.247543525687847,0.00404519410020372,0,1,0,0.400000000000006,-0.400000000000006,0.400000000000006,1,1,1,1,1,1,48,12,1,13,8198.14731546856,0,boundary_unreliable,low,0,0,0,1,1,1,0.2909638,1,1,1,1,0,0,0.00404519410020372,0,1,0
near_antiphase_boundary,16,28,2,1,1,150,0.8,-0.4,0.4,0,0,1,0.200587254055236,0.00295250960830184,0,1,0,0.400000000000006,-0.400000000000006,0.400000000000006,1,1,1,1,1,1,48,12,1,12,8191.30963626768,0,boundary_unreliable,low,0,0,0,1,1,1,0.3028916,1,1,1,1,0,0,0.00295250960830184,0,1,0
near_antiphase_boundary,16,29,2,1,1,150,0.8,-0.4,0.4,0,0,1,-0.252687357724576,-0.00252672959309546,0,1,0,0.400000000000006,-0.400000000000006,0.400000000000006,1,1,1,1,1,1,48,12,1,12,8190.00785074985,0,boundary_unreliable,low,0,0,0,1,1,1,0.2940487,1,1,1,1,0,0,-0.00252672959309546,0,1,0
near_antiphase_boundary,16,30,2,1,1,150,0.8,-0.4,0.4,0,0,1,-0.218995508916947,0.000828407401910471,0,1,0,0.400000000000006,-0.400000000000006,0.400000000000006,1,1,1,1,1,1,48,12,1,13,8156.29798527508,0,boundary_unreliable,low,0,0,0,1,1,1,0.2875659,1,1,1,1,0,0,0.000828407401910471,0,1,0
near_antiphase_boundary,8,1,2,1,1,180,0.5,-0.25,0.25,0,0,2,1.88713421573726,0.0015000646969396,1.875,2,1.875,2.125,-2.125,-1.625,0,0,0,0,1,0,48,12,1,10,1750.05412300117,1,two_coarse_peaks_out_of_scope,low,0,0,0,1,0,0,0,0,0,0,0,0,1.875,0.0015000646969396,0,1,0
near_antiphase_boundary,8,2,2,1,1,180,0.5,-0.25,0.25,0,0,2,-1.88921274500084,0.00387986833744706,-1.875,192,-1.875,-1.625,1.625,2.125,0,0,0,1,0,0,48,12,1,11,1755.95696397559,1,two_coarse_peaks_out_of_scope,low,0,0,0,1,0,0,0,0,0,0,0,0,-1.875,0.00387986833744706,0,1,0
near_antiphase_boundary,8,3,2,1,1,180,0.5,-0.25,0.25,0,0,2,-1.88010254739396,-0.00350475631557821,-1.875,192,-1.875,-1.625,1.625,2.125,0,0,0,1,0,0,48,12,1,11,1756.58965021233,1,two_coarse_peaks_out_of_scope,low,0,0,0,1,0,0,0,0,0,0,0,0,-1.875,-0.00350475631557821,0,1,0
near_antiphase_boundary,8,4,2,1,1,180,0.5,-0.25,0.25,0,0,2,-1.88696581441377,0.00522198242850334,-1.875,192,-1.875,-1.625,1.625,2.125,0,0,0,1,0,0,48,12,1,12,1751.13757189635,1,two_coarse_peaks_out_of_scope,low,0,0,0,1,0,0,0,0,0,0,0,0,-1.875,0.00522198242850334,0,1,0
near_antiphase_boundary,8,5,2,1,1,180,0.5,-0.25,0.25,0,0,2,-1.86570060896532,0.00647538009916402,-1.875,192,-1.875,-1.625,1.625,2.125,0,0,0,1,0,0,48,12,1,10,1769.12218132995,1,two_coarse_peaks_out_of_scope,low,0,0,0,1,0,0,0,0,0,0,0,0,-1.875,0.00647538009916402,0,1,0
near_antiphase_boundary,8,6,2,1,1,180,0.5,-0.25,0.25,0,0,2,1.87905874399624,-0.000233898144504767,1.875,2,1.875,2.125,-2.125,-1.625,0,0,0,0,1,0,48,12,1,9,1752.11068861639,1,two_coarse_peaks_out_of_scope,low,0,0,0,1,0,0,0,0,0,0,0,0,1.875,-0.000233898144504767,0,1,0
near_antiphase_boundary,8,7,2,1,1,180,0.5,-0.25,0.25,0,0,2,-1.88326883469798,-0.00863988453275455,-1.875,192,-1.875,-1.625,1.625,2.125,0,0,0,1,0,0,48,12,1,10,1759.77531957789,1,two_coarse_peaks_out_of_scope,low,0,0,0,1,0,0,0,0,0,0,0,0,-1.875,-0.00863988453275455,0,1,0
near_antiphase_boundary,8,8,2,1,1,180,0.5,-0.25,0.25,0,0,2,-1.8807930301449,0.0112918773362928,-1.875,192,-1.875,-1.625,1.625,2.125,0,0,0,1,0,0,48,12,1,10,1745.41569769304,1,two_coarse_peaks_out_of_scope,low,0,0,0,1,0,0,0,0,0,0,0,0,-1.875,0.0112918773362928,0,1,0
near_antiphase_boundary,8,9,2,1,1,180,0.5,-0.25,0.25,0,0,2,1.87591662523106,0.00079500428542241,1.875,2,1.875,2.125,-2.125,-1.625,0,0,0,0,1,0,48,12,1,10,1748.55217688943,1,two_coarse_peaks_out_of_scope,low,0,0,0,1,0,0,0,0,0,0,0,0,1.875,0.00079500428542241,0,1,0
near_antiphase_boundary,8,10,2,1,1,180,0.5,-0.25,0.25,0,0,2,-1.89173558175808,0.00619907252289787,-1.875,192,-1.875,-1.625,1.625,2.125,0,0,0,1,0,0,48,12,1,11,1761.43466765128,1,two_coarse_peaks_out_of_scope,low,0,0,0,1,0,0,0,0,0,0,0,0,-1.875,0.00619907252289787,0,1,0
near_antiphase_boundary,8,11,2,1,1,180,0.5,-0.25,0.25,0,0,2,1.87562695866924,-3.08655492895784e-05,1.875,2,1.875,2.125,-2.125,-1.625,0,0,0,0,1,0,48,12,1,10,1752.20822182988,1,two_coarse_peaks_out_of_scope,low,0,0,0,1,0,0,0,0,0,0,0,0,1.875,-3.08655492895784e-05,0,1,0
near_antiphase_boundary,8,12,2,1,1,180,0.5,-0.25,0.25,0,0,2,-1.88480955024079,0.000384679547278079,-1.875,192,-1.875,-1.625,1.625,2.125,0,0,0,1,0,0,48,12,1,10,1753.47579656259,1,two_coarse_peaks_out_of_scope,low,0,0,0,1,0,0,0,0,0,0,0,0,-1.875,0.000384679547278079,0,1,0
near_antiphase_boundary,8,13,2,1,1,180,0.5,-0.25,0.25,0,0,2,-1.88494045921531,-0.00208926631243657,-1.875,192,-1.875,-1.625,1.625,2.125,0,0,0,1,0,0,48,12,1,11,1764.20747029567,1,two_coarse_peaks_out_of_scope,low,0,0,0,1,0,0,0,0,0,0,0,0,-1.875,-0.00208926631243657,0,1,0
near_antiphase_boundary,8,14,2,1,1,180,0.5,-0.25,0.25,0,0,2,1.88740004542766,-0.00335919301596836,1.875,2,1.875,2.125,-2.125,-1.625,0,0,0,0,1,0,48,12,1,12,1766.27281384479,1,two_coarse_peaks_out_of_scope,low,0,0,0,1,0,0,0,0,0,0,0,0,1.875,-0.00335919301596836,0,1,0
near_antiphase_boundary,8,15,2,1,1,180,0.5,-0.25,0.25,0,0,2,-1.88337527664985,0.00304907564924313,-1.875,192,-1.875,-1.625,1.625,2.125,0,0,0,1,0,0,48,12,1,10,1759.82805970823,1,two_coarse_peaks_out_of_scope,low,0,0,0,1,0,0,0,0,0,0,0,0,-1.875,0.00304907564924313,0,1,0
near_antiphase_boundary,8,16,2,1,1,180,0.5,-0.25,0.25,0,0,2,1.87981172165629,0.000811119125579101,1.875,2,1.875,2.125,-2.125,-1.625,0,0,0,0,1,0,48,12,1,10,1751.46981407217,1,two_coarse_peaks_out_of_scope,low,0,0,0,1,0,0,0,0,0,0,0,0,1.875,0.000811119125579101,0,1,0
near_antiphase_boundary,8,17,2,1,1,180,0.5,-0.25,0.25,0,0,2,-1.88096161810464,-0.00672002254697444,-1.875,192,-1.875,-1.625,1.625,2.125,0,0,0,1,0,0,48,12,1,11,1749.79104744588,1,two_coarse_peaks_out_of_scope,low,0,0,0,1,0,0,0,0,0,0,0,0,-1.875,-0.00672002254697444,0,1,0
near_antiphase_boundary,8,18,2,1,1,180,0.5,-0.25,0.25,0,0,2,-1.88136953008556,0.00272937521044526,-1.875,192,-1.875,-1.625,1.625,2.125,0,0,0,1,0,0,48,12,1,12,1752.13186787759,1,two_coarse_peaks_out_of_scope,low,0,0,0,1,0,0,0,0,0,0,0,0,-1.875,0.00272937521044526,0,1,0
near_antiphase_boundary,8,19,2,1,1,180,0.5,-0.25,0.25,0,0,2,-1.87473644886891,-0.000322433367529852,-1.875,192,-1.875,-1.625,1.625,2.125,0,0,0,1,0,0,48,12,1,11,1749.78485510709,1,two_coarse_peaks_out_of_scope,low,0,0,0,1,0,0,0,0,0,0,0,0,-1.875,-0.000322433367529852,0,1,0
near_antiphase_boundary,8,20,2,1,1,180,0.5,-0.25,0.25,0,0,2,1.88552293286596,0.000952386605036959,1.875,2,1.875,2.125,-2.125,-1.625,0,0,0,0,1,0,48,12,1,11,1753.29219380968,1,two_coarse_peaks_out_of_scope,low,0,0,0,1,0,0,0,0,0,0,0,0,1.875,0.000952386605036959,0,1,0
near_antiphase_boundary,8,21,2,1,1,180,0.5,-0.25,0.25,0,0,2,1.88077751644431,-0.00209310486119914,1.875,2,1.875,2.125,-2.125,-1.625,0,0,0,0,1,0,48,12,1,11,1771.19630378399,1,two_coarse_peaks_out_of_scope,low,0,0,0,1,0,0,0,0,0,0,0,0,1.875,-0.00209310486119914,0,1,0
near_antiphase_boundary,8,22,2,1,1,180,0.5,-0.25,0.25,0,0,2,1.89153254805027,-0.0225208109281523,1.875,2,1.875,2.125,-2.125,-1.625,0,0,0,0,1,0,48,12,1,10,1756.34119360349,1,two_coarse_peaks_out_of_scope,low,0,0,0,1,0,0,0,0,0,0,0,0,1.875,-0.0225208109281523,0,1,0
near_antiphase_boundary,8,23,2,1,1,180,0.5,-0.25,0.25,0,0,2,1.88317907782152,-0.000500365851370446,1.875,2,1.875,2.125,-2.125,-1.625,0,0,0,0,1,0,48,12,1,10,1764.212661787,1,two_coarse_peaks_out_of_scope,low,0,0,0,1,0,0,0,0,0,0,0,0,1.875,-0.000500365851370446,0,1,0
near_antiphase_boundary,8,24,2,1,1,180,0.5,-0.25,0.25,0,0,2,-1.88373230138032,-0.00269761793470256,-1.875,192,-1.875,-1.625,1.625,2.125,0,0,0,1,0,0,48,12,1,10,1762.42403051293,1,two_coarse_peaks_out_of_scope,low,0,0,0,1,0,0,0,0,0,0,0,0,-1.875,-0.00269761793470256,0,1,0
near_antiphase_boundary,8,25,2,1,1,180,0.5,-0.25,0.25,0,0,2,-1.86937195491022,0.00810944402888087,-1.875,192,-1.875,-1.625,1.625,2.125,0,0,0,1,0,0,48,12,1,10,1749.9009674945,1,two_coarse_peaks_out_of_scope,low,0,0,0,1,0,0,0,0,0,0,0,0,-1.875,0.00810944402888087,0,1,0
near_antiphase_boundary,8,26,2,1,1,180,0.5,-0.25,0.25,0,0,2,-1.87745227155626,0.00377020842935929,-1.875,192,-1.875,-1.625,1.625,2.125,0,0,0,1,0,0,48,12,1,11,1754.94991387295,1,two_coarse_peaks_out_of_scope,low,0,0,0,1,0,0,0,0,0,0,0,0,-1.875,0.00377020842935929,0,1,0
near_antiphase_boundary,8,27,2,1,1,180,0.5,-0.25,0.25,0,0,2,1.87730733288436,0.00591148097620648,1.875,2,1.875,2.125,-2.125,-1.625,0,0,0,0,1,0,48,12,1,12,1758.60493287515,1,two_coarse_peaks_out_of_scope,low,0,0,0,1,0,0,0,0,0,0,0,0,1.875,0.00591148097620648,0,1,0
near_antiphase_boundary,8,28,2,1,1,180,0.5,-0.25,0.25,0,0,2,1.88802797058597,-0.00231020780927062,1.875,2,1.875,2.125,-2.125,-1.625,0,0,0,0,1,0,48,12,1,10,1762.8463455966,1,two_coarse_peaks_out_of_scope,low,0,0,0,1,0,0,0,0,0,0,0,0,1.875,-0.00231020780927062,0,1,0
near_antiphase_boundary,8,29,2,1,1,180,0.5,-0.25,0.25,0,0,2,1.88537744718792,-0.00717302765133142,1.875,2,1.875,2.125,-2.125,-1.625,0,0,0,0,1,0,48,12,1,10,1749.49379786861,1,two_coarse_peaks_out_of_scope,low,0,0,0,1,0,0,0,0,0,0,0,0,1.875,-0.00717302765133142,0,1,0
near_antiphase_boundary,8,30,2,1,1,180,0.5,-0.25,0.25,0,0,2,-1.89360777641322,0.00162471662449081,-1.875,192,-1.875,-1.625,1.625,2.125,0,0,0,1,0,0,48,12,1,10,1756.08402881355,1,two_coarse_peaks_out_of_scope,low,0,0,0,1,0,0,0,0,0,0,0,0,-1.875,0.00162471662449081,0,1,0
near_antiphase_boundary,16,1,2,1,1,180,0.5,-0.25,0.25,0,0,2,1.88464159390704,0.000194496533173946,1.875,2,1.875,2.125,-2.125,-1.625,0,0,0,0,1,0,48,12,1,11,1767.41818483911,1,two_coarse_peaks_out_of_scope,low,0,0,0,1,0,0,0,0,0,0,0,0,1.875,0.000194496533173946,0,1,0
near_antiphase_boundary,16,2,2,1,1,180,0.5,-0.25,0.25,0,0,2,-1.88149890629925,0.00158566946758231,-1.875,192,-1.875,-1.625,1.625,2.125,0,0,0,1,0,0,48,12,1,13,1751.14866118685,1,two_coarse_peaks_out_of_scope,low,0,0,0,1,0,0,0,0,0,0,0,0,-1.875,0.00158566946758231,0,1,0
near_antiphase_boundary,16,3,2,1,1,180,0.5,-0.25,0.25,0,0,2,1.87689616504481,-0.00316256925932979,1.875,2,1.875,2.125,-2.125,-1.625,0,0,0,0,1,0,48,12,1,12,1758.76379259591,1,two_coarse_peaks_out_of_scope,low,0,0,0,1,0,0,0,0,0,0,0,0,1.875,-0.00316256925932979,0,1,0
near_antiphase_boundary,16,4,2,1,1,180,0.5,-0.25,0.25,0,0,2,-1.88685311815597,0.000565585954903995,-1.875,192,-1.875,-1.625,1.625,2.125,0,0,0,1,0,0,48,12,1,13,1744.02533280952,1,two_coarse_peaks_out_of_scope,low,0,0,0,1,0,0,0,0,0,0,0,0,-1.875,0.000565585954903995,0,1,0
near_antiphase_boundary,16,5,2,1,1,180,0.5,-0.25,0.25,0,0,2,-1.88185652919347,-0.0002217518236747,-1.875,192,-1.875,-1.625,1.625,2.125,0,0,0,1,0,0,48,12,1,12,1748.40831061429,1,two_coarse_peaks_out_of_scope,low,0,0,0,1,0,0,0,0,0,0,0,0,-1.875,-0.0002217518236747,0,1,0
near_antiphase_boundary,16,6,2,1,1,180,0.5,-0.25,0.25,0,0,2,1.88202471847426,0.00459989049335313,1.875,2,1.875,2.125,-2.125,-1.625,0,0,0,0,1,0,48,12,1,12,1756.94469352318,1,two_coarse_peaks_out_of_scope,low,0,0,0,1,0,0,0,0,0,0,0,0,1.875,0.00459989049335313,0,1,0
near_antiphase_boundary,16,7,2,1,1,180,0.5,-0.25,0.25,0,0,2,-1.88252812351862,0.000882103005432555,-1.875,192,-1.875,-1.625,1.625,2.125,0,0,0,1,0,0,48,12,1,12,1751.57014818877,1,two_coarse_peaks_out_of_scope,low,0,0,0,1,0,0,0,0,0,0,0,0,-1.875,0.000882103005432555,0,1,0
near_antiphase_boundary,16,8,2,1,1,180,0.5,-0.25,0.25,0,0,2,-1.8858498664773,0.00132720318445404,-1.875,192,-1.875,-1.625,1.625,2.125,0,0,0,1,0,0,48,12,1,12,1747.65215319979,1,two_coarse_peaks_out_of_scope,low,0,0,0,1,0,0,0,0,0,0,0,0,-1.875,0.00132720318445404,0,1,0
near_antiphase_boundary,16,9,2,1,1,180,0.5,-0.25,0.25,0,0,2,1.88604011628967,0.00367917996295152,1.875,2,1.875,2.125,-2.125,-1.625,0,0,0,0,1,0,48,12,1,11,1753.17458887335,1,two_coarse_peaks_out_of_scope,low,0,0,0,1,0,0,0,0,0,0,0,0,1.875,0.00367917996295152,0,1,0
near_antiphase_boundary,16,10,2,1,1,180,0.5,-0.25,0.25,0,0,2,-1.88554885064237,0.00126917555748659,-1.875,192,-1.875,-1.625,1.625,2.125,0,0,0,1,0,0,48,12,1,12,1750.82790718878,1,two_coarse_peaks_out_of_scope,low,0,0,0,1,0,0,0,0,0,0,0,0,-1.875,0.00126917555748659,0,1,0
near_antiphase_boundary,16,11,2,1,1,180,0.5,-0.25,0.25,0,0,2,1.88346703691524,-0.00221866569417469,1.875,2,1.875,2.125,-2.125,-1.625,0,0,0,0,1,0,48,12,1,12,1754.13157755813,1,two_coarse_peaks_out_of_scope,low,0,0,0,1,0,0,0,0,0,0,0,0,1.875,-0.00221866569417469,0,1,0
near_antiphase_boundary,16,12,2,1,1,180,0.5,-0.25,0.25,0,0,2,-1.8813195785933,0.00270832972617716,-1.875,192,-1.875,-1.625,1.625,2.125,0,0,0,1,0,0,48,12,1,12,1755.29315160177,1,two_coarse_peaks_out_of_scope,low,0,0,0,1,0,0,0,0,0,0,0,0,-1.875,0.00270832972617716,0,1,0
near_antiphase_boundary,16,13,2,1,1,180,0.5,-0.25,0.25,0,0,2,1.88028974333081,3.7199951708911e-05,1.875,2,1.875,2.125,-2.125,-1.625,0,0,0,0,1,0,48,12,1,12,1754.42069071253,1,two_coarse_peaks_out_of_scope,low,0,0,0,1,0,0,0,0,0,0,0,0,1.875,3.7199951708911e-05,0,1,0
near_antiphase_boundary,16,14,2,1,1,180,0.5,-0.25,0.25,0,0,2,1.88212390455557,0.00251282559338784,1.875,2,1.875,2.125,-2.125,-1.625,0,0,0,0,1,0,48,12,1,12,1759.40956759426,1,two_coarse_peaks_out_of_scope,low,0,0,0,1,0,0,0,0,0,0,0,0,1.875,0.00251282559338784,0,1,0
near_antiphase_boundary,16,15,2,1,1,180,0.5,-0.25,0.25,0,0,2,1.88096602736306,0.000732920535614523,1.875,2,1.875,2.125,-2.125,-1.625,0,0,0,0,1,0,48,12,1,11,1759.18016894967,1,two_coarse_peaks_out_of_scope,low,0,0,0,1,0,0,0,0,0,0,0,0,1.875,0.000732920535614523,0,1,0
near_antiphase_boundary,16,16,2,1,1,180,0.5,-0.25,0.25,0,0,2,1.88272835592875,0.00143155039284119,1.875,2,1.875,2.125,-2.125,-1.625,0,0,0,0,1,0,48,12,1,11,1749.02675877301,1,two_coarse_peaks_out_of_scope,low,0,0,0,1,0,0,0,0,0,0,0,0,1.875,0.00143155039284119,0,1,0
near_antiphase_boundary,16,17,2,1,1,180,0.5,-0.25,0.25,0,0,2,-1.88236324996945,0.00137835383109144,-1.875,192,-1.875,-1.625,1.625,2.125,0,0,0,1,0,0,48,12,1,12,1754.74561770013,1,two_coarse_peaks_out_of_scope,low,0,0,0,1,0,0,0,0,0,0,0,0,-1.875,0.00137835383109144,0,1,0
near_antiphase_boundary,16,18,2,1,1,180,0.5,-0.25,0.25,0,0,2,-1.87928524743535,0.0047737302675407,-1.875,192,-1.875,-1.625,1.625,2.125,0,0,0,1,0,0,48,12,1,12,1755.65301033177,1,two_coarse_peaks_out_of_scope,low,0,0,0,1,0,0,0,0,0,0,0,0,-1.875,0.0047737302675407,0,1,0
near_antiphase_boundary,16,19,2,1,1,180,0.5,-0.25,0.25,0,0,2,1.87743910366647,0.00159053615004916,1.875,2,1.875,2.125,-2.125,-1.625,0,0,0,0,1,0,48,12,1,12,1759.38638361671,1,two_coarse_peaks_out_of_scope,low,0,0,0,1,0,0,0,0,0,0,0,0,1.875,0.00159053615004916,0,1,0
near_antiphase_boundary,16,20,2,1,1,180,0.5,-0.25,0.25,0,0,2,-1.88454498296652,-0.00206414838941887,-1.875,192,-1.875,-1.625,1.625,2.125,0,0,0,1,0,0,48,12,1,10,1756.66584943603,1,two_coarse_peaks_out_of_scope,low,0,0,0,1,0,0,0,0,0,0,0,0,-1.875,-0.00206414838941887,0,1,0
near_antiphase_boundary,16,21,2,1,1,180,0.5,-0.25,0.25,0,0,2,1.88428856653464,-0.000253564366072539,1.875,2,1.875,2.125,-2.125,-1.625,0,0,0,0,1,0,48,12,1,12,1755.51049899108,1,two_coarse_peaks_out_of_scope,low,0,0,0,1,0,0,0,0,0,0,0,0,1.875,-0.000253564366072539,0,1,0
near_antiphase_boundary,16,22,2,1,1,180,0.5,-0.25,0.25,0,0,2,1.88309710708224,-0.00138221871733516,1.875,2,1.875,2.125,-2.125,-1.625,0,0,0,0,1,0,48,12,1,12,1755.06521343851,1,two_coarse_peaks_out_of_scope,low,0,0,0,1,0,0,0,0,0,0,0,0,1.875,-0.00138221871733516,0,1,0
near_antiphase_boundary,16,23,2,1,1,180,0.5,-0.25,0.25,0,0,2,1.88070798964683,0.000920099618753124,1.875,2,1.875,2.125,-2.125,-1.625,0,0,0,0,1,0,48,12,1,12,1752.9199184651,1,two_coarse_peaks_out_of_scope,low,0,0,0,1,0,0,0,0,0,0,0,0,1.875,0.000920099618753124,0,1,0
near_antiphase_boundary,16,24,2,1,1,180,0.5,-0.25,0.25,0,0,2,1.88622421595242,-0.000330050771532572,1.875,2,1.875,2.125,-2.125,-1.625,0,0,0,0,1,0,48,12,1,13,1748.55576186915,1,two_coarse_peaks_out_of_scope,low,0,0,0,1,0,0,0,0,0,0,0,0,1.875,-0.000330050771532572,0,1,0
near_antiphase_boundary,16,25,2,1,1,180,0.5,-0.25,0.25,0,0,2,-1.88273001901697,0.000514189513286755,-1.875,192,-1.875,-1.625,1.625,2.125,0,0,0,1,0,0,48,12,1,12,1749.16585199729,1,two_coarse_peaks_out_of_scope,low,0,0,0,1,0,0,0,0,0,0,0,0,-1.875,0.000514189513286755,0,1,0
near_antiphase_boundary,16,26,2,1,1,180,0.5,-0.25,0.25,0,0,2,1.88173524468241,-0.000998349070730855,1.875,2,1.875,2.125,-2.125,-1.625,0,0,0,0,1,0,48,12,1,12,1751.8252006669,1,two_coarse_peaks_out_of_scope,low,0,0,0,1,0,0,0,0,0,0,0,0,1.875,-0.000998349070730855,0,1,0
near_antiphase_boundary,16,27,2,1,1,180,0.5,-0.25,0.25,0,0,2,-1.88345890279735,-0.00141838693092819,-1.875,192,-1.875,-1.625,1.625,2.125,0,0,0,1,0,0,48,12,1,11,1761.20076724865,1,two_coarse_peaks_out_of_scope,low,0,0,0,1,0,0,0,0,0,0,0,0,-1.875,-0.00141838693092819,0,1,0
near_antiphase_boundary,16,28,2,1,1,180,0.5,-0.25,0.25,0,0,2,1.88073286979426,0.00309226644254489,1.875,2,1.875,2.125,-2.125,-1.625,0,0,0,0,1,0,48,12,1,12,1757.96553097221,1,two_coarse_peaks_out_of_scope,low,0,0,0,1,0,0,0,0,0,0,0,0,1.875,0.00309226644254489,0,1,0
near_antiphase_boundary,16,29,2,1,1,180,0.5,-0.25,0.25,0,0,2,1.88348302762895,-0.00623847111456979,1.875,2,1.875,2.125,-2.125,-1.625,0,0,0,0,1,0,48,12,1,12,1764.84847447759,1,two_coarse_peaks_out_of_scope,low,0,0,0,1,0,0,0,0,0,0,0,0,1.875,-0.00623847111456979,0,1,0
near_antiphase_boundary,16,30,2,1,1,180,0.5,-0.25,0.25,0,0,2,1.87797506408552,-0.00273414870379713,1.875,2,1.875,2.125,-2.125,-1.625,0,0,0,0,1,0,48,12,1,12,1747.79091561433,1,two_coarse_peaks_out_of_scope,low,0,0,0,1,0,0,0,0,0,0,0,0,1.875,-0.00273414870379713,0,1,0
near_antiphase_boundary,8,1,2,1,1,180,0.8,-0.4,0.4,0,0,2,-1.89029352619701,0.00534074632866403,-1.875,192,-1.875,-1.47499999999999,1.47499999999999,2.27500000000001,1,0,0,1,0,0,48,12,1,11,4395.39278742206,1,two_coarse_peaks_out_of_scope,low,0,0,0,1,0,0,0,0,0,0,0,0,-1.875,0.00534074632866403,0,1,0
near_antiphase_boundary,8,2,2,1,1,180,0.8,-0.4,0.4,0,0,2,1.89103546357377,0.00668923178367377,1.875,2,1.875,2.27500000000001,-2.27500000000001,-1.47499999999999,0,1,0,0,1,0,48,12,1,11,4408.15291204799,1,two_coarse_peaks_out_of_scope,low,0,0,0,1,0,0,0,0,0,0,0,0,1.875,0.00668923178367377,0,1,0
near_antiphase_boundary,8,3,2,1,1,180,0.8,-0.4,0.4,0,0,2,-1.8923578776546,8.26442388639793e-05,-1.875,192,-1.875,-1.47499999999999,1.47499999999999,2.27500000000001,1,0,0,1,0,0,48,12,1,9,4314.47598270323,1,two_coarse_peaks_out_of_scope,low,0,0,0,1,0,0,0,0,0,0,0,0,-1.875,8.26442388639793e-05,0,1,0
near_antiphase_boundary,8,4,2,1,1,180,0.8,-0.4,0.4,0,0,2,-1.89683110591359,-0.00431874516217796,-1.875,192,-1.875,-1.47499999999999,1.47499999999999,2.27500000000001,1,0,0,1,0,0,48,12,1,10,4401.45793459108,1,two_coarse_peaks_out_of_scope,low,0,0,0,1,0,0,0,0,0,0,0,0,-1.875,-0.00431874516217796,0,1,0
near_antiphase_boundary,8,5,2,1,1,180,0.8,-0.4,0.4,0,0,2,1.89183125986983,0.0129932628391427,1.875,2,1.875,2.27500000000001,-2.27500000000001,-1.47499999999999,0,1,0,0,1,0,48,12,1,10,4391.98921508068,1,two_coarse_peaks_out_of_scope,low,0,0,0,1,0,0,0,0,0,0,0,0,1.875,0.0129932628391427,0,1,0
near_antiphase_boundary,8,6,2,1,1,180,0.8,-0.4,0.4,0,0,2,-1.90550732031067,-0.00183942934120763,-1.875,192,-1.875,-1.47499999999999,1.47499999999999,2.27500000000001,1,0,0,1,0,0,48,12,1,10,4421.24498029165,1,two_coarse_peaks_out_of_scope,low,0,0,0,1,0,0,0,0,0,0,0,0,-1.875,-0.00183942934120763,0,1,0
near_antiphase_boundary,8,7,2,1,1,180,0.8,-0.4,0.4,0,0,2,-1.89657160629687,0.0028972413264639,-1.875,192,-1.875,-1.47499999999999,1.47499999999999,2.27500000000001,1,0,0,1,0,0,48,12,1,11,4345.71937475569,1,two_coarse_peaks_out_of_scope,low,0,0,0,1,0,0,0,0,0,0,0,0,-1.875,0.0028972413264639,0,1,0
near_antiphase_boundary,8,8,2,1,1,180,0.8,-0.4,0.4,0,0,2,-1.89017077417641,-0.00194932441643498,-1.875,192,-1.875,-1.47499999999999,1.47499999999999,2.27500000000001,1,0,0,1,0,0,48,12,1,11,4405.52185188009,1,two_coarse_peaks_out_of_scope,low,0,0,0,1,0,0,0,0,0,0,0,0,-1.875,-0.00194932441643498,0,1,0
near_antiphase_boundary,8,9,2,1,1,180,0.8,-0.4,0.4,0,0,2,1.88886422975014,-0.00137144889556937,1.875,2,1.875,2.27500000000001,-2.27500000000001,-1.47499999999999,0,1,0,0,1,0,48,12,1,10,4401.09117631518,1,two_coarse_peaks_out_of_scope,low,0,0,0,1,0,0,0,0,0,0,0,0,1.875,-0.00137144889556937,0,1,0
near_antiphase_boundary,8,10,2,1,1,180,0.8,-0.4,0.4,0,0,2,-1.88868070946555,0.00900659606215638,-1.875,192,-1.875,-1.47499999999999,1.47499999999999,2.27500000000001,1,0,0,1,0,0,48,12,1,10,4376.54570935356,1,two_coarse_peaks_out_of_scope,low,0,0,0,1,0,0,0,0,0,0,0,0,-1.875,0.00900659606215638,0,1,0
near_antiphase_boundary,8,11,2,1,1,180,0.8,-0.4,0.4,0,0,2,1.88231470971594,-0.0072887626420685,1.875,2,1.875,2.27500000000001,-2.27500000000001,-1.47499999999999,0,1,0,0,1,0,48,12,1,10,4403.79826621284,1,two_coarse_peaks_out_of_scope,low,0,0,0,1,0,0,0,0,0,0,0,0,1.875,-0.0072887626420685,0,1,0
near_antiphase_boundary,8,12,2,1,1,180,0.8,-0.4,0.4,0,0,2,1.9037262825184,0.00859511941289857,1.875,2,1.875,2.27500000000001,-2.27500000000001,-1.47499999999999,0,1,0,0,1,0,48,12,1,9,4389.24227576358,1,two_coarse_peaks_out_of_scope,low,0,0,0,1,0,0,0,0,0,0,0,0,1.875,0.00859511941289857,0,1,0
near_antiphase_boundary,8,13,2,1,1,180,0.8,-0.4,0.4,0,0,2,1.89657710525704,0.0106744062597304,1.875,2,1.875,2.27500000000001,-2.27500000000001,-1.47499999999999,0,1,0,0,1,0,48,12,1,10,4426.01449230934,1,two_coarse_peaks_out_of_scope,low,0,0,0,1,0,0,0,0,0,0,0,0,1.875,0.0106744062597304,0,1,0
near_antiphase_boundary,8,14,2,1,1,180,0.8,-0.4,0.4,0,0,2,-1.88754796705269,0.00503481713206733,-1.875,192,-1.875,-1.47499999999999,1.47499999999999,2.27500000000001,1,0,0,1,0,0,48,12,1,9,4378.36755491033,1,two_coarse_peaks_out_of_scope,low,0,0,0,1,0,0,0,0,0,0,0,0,-1.875,0.00503481713206733,0,1,0
near_antiphase_boundary,8,15,2,1,1,180,0.8,-0.4,0.4,0,0,2,-1.91061524438395,-0.00249176963314468,-1.875,192,-1.875,-1.47499999999999,1.47499999999999,2.27500000000001,1,0,0,1,0,0,48,12,1,10,4359.1568690222,1,two_coarse_peaks_out_of_scope,low,0,0,0,1,0,0,0,0,0,0,0,0,-1.875,-0.00249176963314468,0,1,0
near_antiphase_boundary,8,16,2,1,1,180,0.8,-0.4,0.4,0,0,2,1.89848201205487,0.00521266637999182,1.875,2,1.875,2.27500000000001,-2.27500000000001,-1.47499999999999,0,1,0,0,1,0,48,12,1,11,4384.85008191276,1,two_coarse_peaks_out_of_scope,low,0,0,0,1,0,0,0,0,0,0,0,0,1.875,0.00521266637999182,0,1,0
near_antiphase_boundary,8,17,2,1,1,180,0.8,-0.4,0.4,0,0,2,1.89277215726205,0.0106854685393881,1.875,2,1.875,2.27500000000001,-2.27500000000001,-1.47499999999999,0,1,0,0,1,0,48,12,1,10,4394.96489004125,1,two_coarse_peaks_out_of_scope,low,0,0,0,1,0,0,0,0,0,0,0,0,1.875,0.0106854685393881,0,1,0
near_antiphase_boundary,8,18,2,1,1,180,0.8,-0.4,0.4,0,0,2,-1.8911335903658,-0.00614530387344386,-1.875,192,-1.875,-1.47499999999999,1.47499999999999,2.27500000000001,1,0,0,1,0,0,48,12,1,11,4351.02934860645,1,two_coarse_peaks_out_of_scope,low,0,0,0,1,0,0,0,0,0,0,0,0,-1.875,-0.00614530387344386,0,1,0
near_antiphase_boundary,8,19,2,1,1,180,0.8,-0.4,0.4,0,0,2,1.89642130297143,-0.0106146241116384,1.875,2,1.875,2.27500000000001,-2.27500000000001,-1.47499999999999,0,1,0,0,1,0,48,12,1,10,4435.0390850256,1,two_coarse_peaks_out_of_scope,low,0,0,0,1,0,0,0,0,0,0,0,0,1.875,-0.0106146241116384,0,1,0
near_antiphase_boundary,8,20,2,1,1,180,0.8,-0.4,0.4,0,0,2,-1.88204066466452,-0.00210833904323709,-1.875,192,-1.875,-1.47499999999999,1.47499999999999,2.27500000000001,1,0,0,1,0,0,48,12,1,10,4387.07829257304,1,two_coarse_peaks_out_of_scope,low,0,0,0,1,0,0,0,0,0,0,0,0,-1.875,-0.00210833904323709,0,1,0
near_antiphase_boundary,8,21,2,1,1,180,0.8,-0.4,0.4,0,0,2,1.88754648479859,0.000191684023994944,1.875,2,1.875,2.27500000000001,-2.27500000000001,-1.47499999999999,0,1,0,0,1,0,48,12,1,11,4397.45252711595,1,two_coarse_peaks_out_of_scope,low,0,0,0,1,0,0,0,0,0,0,0,0,1.875,0.000191684023994944,0,1,0
near_antiphase_boundary,8,22,2,1,1,180,0.8,-0.4,0.4,0,0,2,1.88562926788586,-0.00297282141022345,1.875,2,1.875,2.27500000000001,-2.27500000000001,-1.47499999999999,0,1,0,0,1,0,48,12,1,11,4432.33417426596,1,two_coarse_peaks_out_of_scope,low,0,0,0,1,0,0,0,0,0,0,0,0,1.875,-0.00297282141022345,0,1,0
near_antiphase_boundary,8,23,2,1,1,180,0.8,-0.4,0.4,0,0,2,-1.88868591357496,0.0201101130033265,-1.875,192,-1.875,-1.47499999999999,1.47499999999999,2.27500000000001,1,0,0,1,0,0,48,12,1,10,4428.1312974665,1,two_coarse_peaks_out_of_scope,low,0,0,0,1,0,0,0,0,0,0,0,0,-1.875,0.0201101130033265,0,1,0
near_antiphase_boundary,8,24,2,1,1,180,0.8,-0.4,0.4,0,0,2,1.89576026417389,0.00654861513564815,1.875,2,1.875,2.27500000000001,-2.27500000000001,-1.47499999999999,0,1,0,0,1,0,48,12,1,11,4422.27762172153,1,two_coarse_peaks_out_of_scope,low,0,0,0,1,0,0,0,0,0,0,0,0,1.875,0.00654861513564815,0,1,0
near_antiphase_boundary,8,25,2,1,1,180,0.8,-0.4,0.4,0,0,2,1.8841400407364,-0.00985368775293944,1.875,2,1.875,2.27500000000001,-2.27500000000001,-1.47499999999999,0,1,0,0,1,0,48,12,1,11,4354.17936269232,1,two_coarse_peaks_out_of_scope,low,0,0,0,1,0,0,0,0,0,0,0,0,1.875,-0.00985368775293944,0,1,0
near_antiphase_boundary,8,26,2,1,1,180,0.8,-0.4,0.4,0,0,2,-1.88835949945997,-0.00627711847651181,-1.875,192,-1.875,-1.47499999999999,1.47499999999999,2.27500000000001,1,0,0,1,0,0,48,12,1,10,4358.07432900179,1,two_coarse_peaks_out_of_scope,low,0,0,0,1,0,0,0,0,0,0,0,0,-1.875,-0.00627711847651181,0,1,0
near_antiphase_boundary,8,27,2,1,1,180,0.8,-0.4,0.4,0,0,2,1.89682078277159,0.0017051485083934,1.875,2,1.875,2.27500000000001,-2.27500000000001,-1.47499999999999,0,1,0,0,1,0,48,12,1,11,4373.29385907587,1,two_coarse_peaks_out_of_scope,low,0,0,0,1,0,0,0,0,0,0,0,0,1.875,0.0017051485083934,0,1,0
near_antiphase_boundary,8,28,2,1,1,180,0.8,-0.4,0.4,0,0,2,1.89486605460742,0.00712775792549323,1.875,2,1.875,2.27500000000001,-2.27500000000001,-1.47499999999999,0,1,0,0,1,0,48,12,1,10,4370.97899167459,1,two_coarse_peaks_out_of_scope,low,0,0,0,1,0,0,0,0,0,0,0,0,1.875,0.00712775792549323,0,1,0
near_antiphase_boundary,8,29,2,1,1,180,0.8,-0.4,0.4,0,0,2,1.89814393203335,-0.00479400724017323,1.875,2,1.875,2.27500000000001,-2.27500000000001,-1.47499999999999,0,1,0,0,1,0,48,12,1,10,4380.00972171113,1,two_coarse_peaks_out_of_scope,low,0,0,0,1,0,0,0,0,0,0,0,0,1.875,-0.00479400724017323,0,1,0
near_antiphase_boundary,8,30,2,1,1,180,0.8,-0.4,0.4,0,0,2,-1.89052415569843,-0.00547616744801047,-1.875,192,-1.875,-1.47499999999999,1.47499999999999,2.27500000000001,1,0,0,1,0,0,48,12,1,10,4400.34008640986,1,two_coarse_peaks_out_of_scope,low,0,0,0,1,0,0,0,0,0,0,0,0,-1.875,-0.00547616744801047,0,1,0
near_antiphase_boundary,16,1,2,1,1,180,0.8,-0.4,0.4,0,0,2,-1.89108789177622,-0.00190416072494828,-1.875,192,-1.875,-1.47499999999999,1.47499999999999,2.27500000000001,1,0,0,1,0,0,48,12,1,12,4398.36660855215,1,two_coarse_peaks_out_of_scope,low,0,0,0,1,0,0,0,0,0,0,0,0,-1.875,-0.00190416072494828,0,1,0
near_antiphase_boundary,16,2,2,1,1,180,0.8,-0.4,0.4,0,0,2,1.89066865241103,0.00071601096745115,1.875,2,1.875,2.27500000000001,-2.27500000000001,-1.47499999999999,0,1,0,0,1,0,48,12,1,11,4360.74030415066,1,two_coarse_peaks_out_of_scope,low,0,0,0,1,0,0,0,0,0,0,0,0,1.875,0.00071601096745115,0,1,0
near_antiphase_boundary,16,3,2,1,1,180,0.8,-0.4,0.4,0,0,2,1.89137565547036,-0.0014164746852209,1.875,2,1.875,2.27500000000001,-2.27500000000001,-1.47499999999999,0,1,0,0,1,0,48,12,1,12,4371.88730982836,1,two_coarse_peaks_out_of_scope,low,0,0,0,1,0,0,0,0,0,0,0,0,1.875,-0.0014164746852209,0,1,0
near_antiphase_boundary,16,4,2,1,1,180,0.8,-0.4,0.4,0,0,2,-1.89480752564819,0.00213694727403205,-1.875,192,-1.875,-1.47499999999999,1.47499999999999,2.27500000000001,1,0,0,1,0,0,48,12,1,12,4376.59451109658,1,two_coarse_peaks_out_of_scope,low,0,0,0,1,0,0,0,0,0,0,0,0,-1.875,0.00213694727403205,0,1,0
near_antiphase_boundary,16,5,2,1,1,180,0.8,-0.4,0.4,0,0,2,1.89100080286234,-0.000343443975892467,1.875,2,1.875,2.27500000000001,-2.27500000000001,-1.47499999999999,0,1,0,0,1,0,48,12,1,13,4387.36940449161,1,two_coarse_peaks_out_of_scope,low,0,0,0,1,0,0,0,0,0,0,0,0,1.875,-0.000343443975892467,0,1,0
near_antiphase_boundary,16,6,2,1,1,180,0.8,-0.4,0.4,0,0,2,-1.89191990134755,0.00106655823430874,-1.875,192,-1.875,-1.47499999999999,1.47499999999999,2.27500000000001,1,0,0,1,0,0,48,12,1,12,4357.51978589881,1,two_coarse_peaks_out_of_scope,low,0,0,0,1,0,0,0,0,0,0,0,0,-1.875,0.00106655823430874,0,1,0
near_antiphase_boundary,16,7,2,1,1,180,0.8,-0.4,0.4,0,0,2,1.89325376943763,-0.00125681775468166,1.875,2,1.875,2.27500000000001,-2.27500000000001,-1.47499999999999,0,1,0,0,1,0,48,12,1,13,4359.27233986641,1,two_coarse_peaks_out_of_scope,low,0,0,0,1,0,0,0,0,0,0,0,0,1.875,-0.00125681775468166,0,1,0
near_antiphase_boundary,16,8,2,1,1,180,0.8,-0.4,0.4,0,0,2,1.89348571260952,-0.00228091469714884,1.875,2,1.875,2.27500000000001,-2.27500000000001,-1.47499999999999,0,1,0,0,1,0,48,12,1,12,4381.94258778863,1,two_coarse_peaks_out_of_scope,low,0,0,0,1,0,0,0,0,0,0,0,0,1.875,-0.00228091469714884,0,1,0
near_antiphase_boundary,16,9,2,1,1,180,0.8,-0.4,0.4,0,0,2,-1.88962245825609,-0.00206474289122871,-1.875,192,-1.875,-1.47499999999999,1.47499999999999,2.27500000000001,1,0,0,1,0,0,48,12,1,12,4386.67897170655,1,two_coarse_peaks_out_of_scope,low,0,0,0,1,0,0,0,0,0,0,0,0,-1.875,-0.00206474289122871,0,1,0
near_antiphase_boundary,16,10,2,1,1,180,0.8,-0.4,0.4,0,0,2,1.89556002602992,0.00569344486043156,1.875,2,1.875,2.27500000000001,-2.27500000000001,-1.47499999999999,0,1,0,0,1,0,48,12,1,13,4386.38271174315,1,two_coarse_peaks_out_of_scope,low,0,0,0,1,0,0,0,0,0,0,0,0,1.875,0.00569344486043156,0,1,0
near_antiphase_boundary,16,11,2,1,1,180,0.8,-0.4,0.4,0,0,2,1.89393452009672,-0.000709248632271473,1.875,2,1.875,2.27500000000001,-2.27500000000001,-1.47499999999999,0,1,0,0,1,0,48,12,1,12,4376.48882343368,1,two_coarse_peaks_out_of_scope,low,0,0,0,1,0,0,0,0,0,0,0,0,1.875,-0.000709248632271473,0,1,0
near_antiphase_boundary,16,12,2,1,1,180,0.8,-0.4,0.4,0,0,2,1.89472281980667,0.00102980221309236,1.875,2,1.875,2.27500000000001,-2.27500000000001,-1.47499999999999,0,1,0,0,1,0,48,12,1,11,4400.09674763071,1,two_coarse_peaks_out_of_scope,low,0,0,0,1,0,0,0,0,0,0,0,0,1.875,0.00102980221309236,0,1,0
near_antiphase_boundary,16,13,2,1,1,180,0.8,-0.4,0.4,0,0,2,-1.89373799592008,-0.00164226099712721,-1.875,192,-1.875,-1.47499999999999,1.47499999999999,2.27500000000001,1,0,0,1,0,0,48,12,1,12,4372.09038318534,1,two_coarse_peaks_out_of_scope,low,0,0,0,1,0,0,0,0,0,0,0,0,-1.875,-0.00164226099712721,0,1,0
near_antiphase_boundary,16,14,2,1,1,180,0.8,-0.4,0.4,0,0,2,1.88762581497423,0.00186820807532606,1.875,2,1.875,2.27500000000001,-2.27500000000001,-1.47499999999999,0,1,0,0,1,0,48,12,1,12,4364.00307131128,1,two_coarse_peaks_out_of_scope,low,0,0,0,1,0,0,0,0,0,0,0,0,1.875,0.00186820807532606,0,1,0
near_antiphase_boundary,16,15,2,1,1,180,0.8,-0.4,0.4,0,0,2,1.88968156478424,-0.00155113533750401,1.875,2,1.875,2.27500000000001,-2.27500000000001,-1.47499999999999,0,1,0,0,1,0,48,12,1,12,4382.416153151,1,two_coarse_peaks_out_of_scope,low,0,0,0,1,0,0,0,0,0,0,0,0,1.875,-0.00155113533750401,0,1,0
near_antiphase_boundary,16,16,2,1,1,180,0.8,-0.4,0.4,0,0,2,1.88973270789284,0.00233752307325092,1.875,2,1.875,2.27500000000001,-2.27500000000001,-1.47499999999999,0,1,0,0,1,0,48,12,1,13,4364.64413181769,1,two_coarse_peaks_out_of_scope,low,0,0,0,1,0,0,0,0,0,0,0,0,1.875,0.00233752307325092,0,1,0
near_antiphase_boundary,16,17,2,1,1,180,0.8,-0.4,0.4,0,0,2,-1.89150119333291,-0.00513934148489039,-1.875,192,-1.875,-1.47499999999999,1.47499999999999,2.27500000000001,1,0,0,1,0,0,48,12,1,12,4369.97837041844,1,two_coarse_peaks_out_of_scope,low,0,0,0,1,0,0,0,0,0,0,0,0,-1.875,-0.00513934148489039,0,1,0
near_antiphase_boundary,16,18,2,1,1,180,0.8,-0.4,0.4,0,0,2,1.89108667488967,-0.000935221848234793,1.875,2,1.875,2.27500000000001,-2.27500000000001,-1.47499999999999,0,1,0,0,1,0,48,12,1,12,4375.72458964261,1,two_coarse_peaks_out_of_scope,low,0,0,0,1,0,0,0,0,0,0,0,0,1.875,-0.000935221848234793,0,1,0
near_antiphase_boundary,16,19,2,1,1,180,0.8,-0.4,0.4,0,0,2,1.89215996025517,-0.00366581973675499,1.875,2,1.875,2.27500000000001,-2.27500000000001,-1.47499999999999,0,1,0,0,1,0,48,12,1,12,4378.00616364145,1,two_coarse_peaks_out_of_scope,low,0,0,0,1,0,0,0,0,0,0,0,0,1.875,-0.00366581973675499,0,1,0
near_antiphase_boundary,16,20,2,1,1,180,0.8,-0.4,0.4,0,0,2,1.88903766721556,-0.000928168433120843,1.875,2,1.875,2.27500000000001,-2.27500000000001,-1.47499999999999,0,1,0,0,1,0,48,12,1,11,4377.35500536106,1,two_coarse_peaks_out_of_scope,low,0,0,0,1,0,0,0,0,0,0,0,0,1.875,-0.000928168433120843,0,1,0
near_antiphase_boundary,16,21,2,1,1,180,0.8,-0.4,0.4,0,0,2,-1.89430084011165,-0.00585786209467864,-1.875,192,-1.875,-1.47499999999999,1.47499999999999,2.27500000000001,1,0,0,1,0,0,48,12,1,11,4374.93841626539,1,two_coarse_peaks_out_of_scope,low,0,0,0,1,0,0,0,0,0,0,0,0,-1.875,-0.00585786209467864,0,1,0
near_antiphase_boundary,16,22,2,1,1,180,0.8,-0.4,0.4,0,0,2,1.89369780570069,-0.00466760025221444,1.875,2,1.875,2.27500000000001,-2.27500000000001,-1.47499999999999,0,1,0,0,1,0,48,12,1,12,4362.44436367709,1,two_coarse_peaks_out_of_scope,low,0,0,0,1,0,0,0,0,0,0,0,0,1.875,-0.00466760025221444,0,1,0
near_antiphase_boundary,16,23,2,1,1,180,0.8,-0.4,0.4,0,0,2,1.88712390042357,0.00138142464205195,1.875,2,1.875,2.27500000000001,-2.27500000000001,-1.47499999999999,0,1,0,0,1,0,48,12,1,12,4353.82456588156,1,two_coarse_peaks_out_of_scope,low,0,0,0,1,0,0,0,0,0,0,0,0,1.875,0.00138142464205195,0,1,0
near_antiphase_boundary,16,24,2,1,1,180,0.8,-0.4,0.4,0,0,2,-1.88717031281385,-0.00174770994470334,-1.875,192,-1.875,-1.47499999999999,1.47499999999999,2.27500000000001,1,0,0,1,0,0,48,12,1,12,4387.72202884145,1,two_coarse_peaks_out_of_scope,low,0,0,0,1,0,0,0,0,0,0,0,0,-1.875,-0.00174770994470334,0,1,0
near_antiphase_boundary,16,25,2,1,1,180,0.8,-0.4,0.4,0,0,2,1.89071914276604,0.00360246651496554,1.875,2,1.875,2.27500000000001,-2.27500000000001,-1.47499999999999,0,1,0,0,1,0,48,12,1,12,4378.9991280621,1,two_coarse_peaks_out_of_scope,low,0,0,0,1,0,0,0,0,0,0,0,0,1.875,0.00360246651496554,0,1,0
near_antiphase_boundary,16,26,2,1,1,180,0.8,-0.4,0.4,0,0,2,-1.89136019477539,-0.000849489610262552,-1.875,192,-1.875,-1.47499999999999,1.47499999999999,2.27500000000001,1,0,0,1,0,0,48,12,1,12,4382.62999519061,1,two_coarse_peaks_out_of_scope,low,0,0,0,1,0,0,0,0,0,0,0,0,-1.875,-0.000849489610262552,0,1,0
near_antiphase_boundary,16,27,2,1,1,180,0.8,-0.4,0.4,0,0,2,-1.89195395132945,0.000564696444757723,-1.875,192,-1.875,-1.47499999999999,1.47499999999999,2.27500000000001,1,0,0,1,0,0,48,12,1,12,4379.16026207143,1,two_coarse_peaks_out_of_scope,low,0,0,0,1,0,0,0,0,0,0,0,0,-1.875,0.000564696444757723,0,1,0
near_antiphase_boundary,16,28,2,1,1,180,0.8,-0.4,0.4,0,0,2,-1.88822780653188,0.00140989191011079,-1.875,192,-1.875,-1.47499999999999,1.47499999999999,2.27500000000001,1,0,0,1,0,0,48,12,1,13,4372.17684790738,1,two_coarse_peaks_out_of_scope,low,0,0,0,1,0,0,0,0,0,0,0,0,-1.875,0.00140989191011079,0,1,0
near_antiphase_boundary,16,29,2,1,1,180,0.8,-0.4,0.4,0,0,2,1.889847369212,0.00652223876696789,1.875,2,1.875,2.27500000000001,-2.27500000000001,-1.47499999999999,0,1,0,0,1,0,48,12,1,12,4385.91089683444,1,two_coarse_peaks_out_of_scope,low,0,0,0,1,0,0,0,0,0,0,0,0,1.875,0.00652223876696789,0,1,0
near_antiphase_boundary,16,30,2,1,1,180,0.8,-0.4,0.4,0,0,2,-1.89103548730838,-0.00133161755078019,-1.875,192,-1.875,-1.47499999999999,1.47499999999999,2.27500000000001,1,0,0,1,0,0,48,12,1,12,4376.99775322939,1,two_coarse_peaks_out_of_scope,low,0,0,0,1,0,0,0,0,0,0,0,0,-1.875,-0.00133161755078019,0,1,0
large_el_pair,8,1,2,1,1,0,0.263775444933353,-0.131887722466676,0.131887722466676,0,5,1,-0.1323487298564,-0.00400311540109491,0,1,0,0.131887722466672,-0.131887722466672,0.131887722466672,1,1,1,1,1,1,48,12,1,12,33089.9428135497,0,pair_el_local_covfit,medium,1,0,0,0,0,1,0.350902,1,1,1,1,1,0,-0.00400311540109491,0,0,1
large_el_pair,8,2,2,1,1,0,0.263775444933353,-0.131887722466676,0.131887722466676,0,5,1,-0.132444838653746,-0.00382836557416804,0,1,0,0.131887722466672,-0.131887722466672,0.131887722466672,1,1,1,1,1,1,48,12,1,10,32960.7785221289,0,pair_el_local_covfit,medium,1,0,0,0,0,1,0.4511665,1,1,1,1,1,0,-0.00382836557416804,0,0,1
large_el_pair,8,3,2,1,1,0,0.263775444933353,-0.131887722466676,0.131887722466676,0,5,1,-0.129464539385123,-0.0066964222319991,0,1,0,0.131887722466672,-0.131887722466672,0.131887722466672,1,1,1,1,1,1,48,12,1,12,32776.3991658216,0,pair_el_local_covfit,medium,1,0,0,0,0,1,0.3746735,1,1,1,1,1,0,-0.0066964222319991,0,0,1
large_el_pair,8,4,2,1,1,0,0.263775444933353,-0.131887722466676,0.131887722466676,0,5,1,-0.12886961998726,-0.00241064488543598,0,1,0,0.131887722466672,-0.131887722466672,0.131887722466672,1,1,1,1,1,1,48,12,1,10,32854.5734816921,0,pair_el_local_covfit,medium,1,0,0,0,0,1,0.3804306,1,1,1,1,1,0,-0.00241064488543598,0,0,1
large_el_pair,8,5,2,1,1,0,0.263775444933353,-0.131887722466676,0.131887722466676,0,5,1,-0.129475479018057,-0.010404618849936,0,1,0,0.131887722466672,-0.131887722466672,0.131887722466672,1,1,1,1,1,1,48,12,1,11,32819.5443322869,0,pair_el_local_covfit,medium,1,0,0,0,0,1,0.3716939,1,1,1,1,1,0,-0.010404618849936,0,0,1
large_el_pair,8,6,2,1,1,0,0.263775444933353,-0.131887722466676,0.131887722466676,0,5,1,-0.130721317352011,-0.0104912420573308,0,1,0,0.131887722466672,-0.131887722466672,0.131887722466672,1,1,1,1,1,1,48,12,1,12,32718.6181029564,0,pair_el_local_covfit,medium,1,0,0,0,0,1,0.3575985,1,1,1,1,1,0,-0.0104912420573308,0,0,1
large_el_pair,8,7,2,1,1,0,0.263775444933353,-0.131887722466676,0.131887722466676,0,5,1,-0.128818377594709,-0.00678495902540123,0,1,0,0.131887722466672,-0.131887722466672,0.131887722466672,1,1,1,1,1,1,48,12,1,10,32823.1363147753,0,pair_el_local_covfit,medium,1,0,0,0,0,1,0.3492227,1,1,1,1,1,0,-0.00678495902540123,0,0,1
large_el_pair,8,8,2,1,1,0,0.263775444933353,-0.131887722466676,0.131887722466676,0,5,1,-0.131020046059826,-0.0181987962360413,0,1,0,0.131887722466672,-0.131887722466672,0.131887722466672,1,1,1,1,1,1,48,12,1,11,33103.738966518,0,pair_el_local_covfit,medium,1,0,0,0,0,1,0.3796293,1,1,1,1,1,0,-0.0181987962360413,0,0,1
large_el_pair,8,9,2,1,1,0,0.263775444933353,-0.131887722466676,0.131887722466676,0,5,1,-0.127992904152634,-0.0115282829369529,0,1,0,0.131887722466672,-0.131887722466672,0.131887722466672,1,1,1,1,1,1,48,12,1,11,32921.5749700695,0,pair_el_local_covfit,medium,1,0,0,0,0,1,0.3451781,1,1,1,1,1,0,-0.0115282829369529,0,0,1
large_el_pair,8,10,2,1,1,0,0.263775444933353,-0.131887722466676,0.131887722466676,0,5,1,-0.133003445724515,-0.0131053670694636,0,1,0,0.131887722466672,-0.131887722466672,0.131887722466672,1,1,1,1,1,1,48,12,1,12,32876.4679037494,0,pair_el_local_covfit,medium,1,0,0,0,0,1,0.354522,1,1,1,1,1,0,-0.0131053670694636,0,0,1
large_el_pair,8,11,2,1,1,0,0.263775444933353,-0.131887722466676,0.131887722466676,0,5,1,-0.125467873264844,-0.00854558547315922,0,1,0,0.131887722466672,-0.131887722466672,0.131887722466672,1,1,1,1,1,1,48,12,1,12,32936.0533484082,0,pair_el_local_covfit,medium,1,0,0,0,0,1,0.336417,1,1,1,1,1,0,-0.00854558547315922,0,0,1
large_el_pair,8,12,2,1,1,0,0.263775444933353,-0.131887722466676,0.131887722466676,0,5,1,-0.133586588812683,-0.00910222205870144,0,1,0,0.131887722466672,-0.131887722466672,0.131887722466672,1,1,1,1,1,1,48,12,1,12,33107.0983436097,0,pair_el_local_covfit,medium,1,0,0,0,0,1,0.3463369,1,1,1,1,1,0,-0.00910222205870144,0,0,1
large_el_pair,8,13,2,1,1,0,0.263775444933353,-0.131887722466676,0.131887722466676,0,5,1,-0.136425398793241,-0.010966759452906,0,1,0,0.131887722466672,-0.131887722466672,0.131887722466672,1,1,1,1,1,1,48,12,1,12,32730.5698249634,0,pair_el_local_covfit,medium,1,0,0,0,0,1,0.3421464,1,1,1,1,1,0,-0.010966759452906,0,0,1
large_el_pair,8,14,2,1,1,0,0.263775444933353,-0.131887722466676,0.131887722466676,0,5,1,-0.133674238389931,-0.0112044730381161,0,1,0,0.131887722466672,-0.131887722466672,0.131887722466672,1,1,1,1,1,1,48,12,1,11,33051.7509757418,0,pair_el_local_covfit,medium,1,0,0,0,0,1,0.3382869,1,1,1,1,1,0,-0.0112044730381161,0,0,1
large_el_pair,8,15,2,1,1,0,0.263775444933353,-0.131887722466676,0.131887722466676,0,5,1,-0.131576615577256,-0.00862221465415075,0,1,0,0.131887722466672,-0.131887722466672,0.131887722466672,1,1,1,1,1,1,48,12,1,12,32925.0374121331,0,pair_el_local_covfit,medium,1,0,0,0,0,1,0.3326543,1,1,1,1,1,0,-0.00862221465415075,0,0,1
large_el_pair,8,16,2,1,1,0,0.263775444933353,-0.131887722466676,0.131887722466676,0,5,1,-0.137625052290171,-0.0110673352527588,0,1,0,0.131887722466672,-0.131887722466672,0.131887722466672,1,1,1,1,1,1,48,12,1,12,33001.5057508569,0,pair_el_local_covfit,medium,1,0,0,0,0,1,0.3393547,1,1,1,1,1,0,-0.0110673352527588,0,0,1
large_el_pair,8,17,2,1,1,0,0.263775444933353,-0.131887722466676,0.131887722466676,0,5,1,-0.133019985167227,-0.0105582069771237,0,1,0,0.131887722466672,-0.131887722466672,0.131887722466672,1,1,1,1,1,1,48,12,1,10,32868.5372206013,0,pair_el_local_covfit,medium,1,0,0,0,0,1,0.3326642,1,1,1,1,1,0,-0.0105582069771237,0,0,1
large_el_pair,8,18,2,1,1,0,0.263775444933353,-0.131887722466676,0.131887722466676,0,5,1,-0.133443719610685,-0.0120977442609412,0,1,0,0.131887722466672,-0.131887722466672,0.131887722466672,1,1,1,1,1,1,48,12,1,12,32987.3652208629,0,pair_el_local_covfit,medium,1,0,0,0,0,1,0.33506,1,1,1,1,1,0,-0.0120977442609412,0,0,1
large_el_pair,8,19,2,1,1,0,0.263775444933353,-0.131887722466676,0.131887722466676,0,5,1,-0.130927552053945,-0.00693724850080099,0,1,0,0.131887722466672,-0.131887722466672,0.131887722466672,1,1,1,1,1,1,48,12,1,12,33097.0186526459,0,pair_el_local_covfit,medium,1,0,0,0,0,1,0.3334678,1,1,1,1,1,0,-0.00693724850080099,0,0,1
large_el_pair,8,20,2,1,1,0,0.263775444933353,-0.131887722466676,0.131887722466676,0,5,1,-0.130163780385617,-0.00714973200105717,0,1,0,0.131887722466672,-0.131887722466672,0.131887722466672,1,1,1,1,1,1,48,12,1,10,32819.3045735162,0,pair_el_local_covfit,medium,1,0,0,0,0,1,0.3592386,1,1,1,1,1,0,-0.00714973200105717,0,0,1
large_el_pair,8,21,2,1,1,0,0.263775444933353,-0.131887722466676,0.131887722466676,0,5,1,-0.127749370503679,-0.00809917832079424,0,1,0,0.131887722466672,-0.131887722466672,0.131887722466672,1,1,1,1,1,1,48,12,1,11,32882.8986233507,0,pair_el_local_covfit,medium,1,0,0,0,0,1,0.342723,1,1,1,1,1,0,-0.00809917832079424,0,0,1
large_el_pair,8,22,2,1,1,0,0.263775444933353,-0.131887722466676,0.131887722466676,0,5,1,-0.135601944581502,-0.00265543612660941,0,1,0,0.131887722466672,-0.131887722466672,0.131887722466672,1,1,1,1,1,1,48,12,1,10,33139.4852047395,0,pair_el_local_covfit,medium,1,0,0,0,0,1,0.3728425,1,1,1,1,1,0,-0.00265543612660941,0,0,1
large_el_pair,8,23,2,1,1,0,0.263775444933353,-0.131887722466676,0.131887722466676,0,5,1,-0.130746611830377,-0.00258642055377348,0,1,0,0.131887722466672,-0.131887722466672,0.131887722466672,1,1,1,1,1,1,48,12,1,10,32848.607514079,0,pair_el_local_covfit,medium,1,0,0,0,0,1,0.330689,1,1,1,1,1,0,-0.00258642055377348,0,0,1
large_el_pair,8,24,2,1,1,0,0.263775444933353,-0.131887722466676,0.131887722466676,0,5,1,-0.134605258337861,-0.010098445988977,0,1,0,0.131887722466672,-0.131887722466672,0.131887722466672,1,1,1,1,1,1,48,12,1,10,32773.9327003038,0,pair_el_local_covfit,medium,1,0,0,0,0,1,0.3227146,1,1,1,1,1,0,-0.010098445988977,0,0,1
large_el_pair,8,25,2,1,1,0,0.263775444933353,-0.131887722466676,0.131887722466676,0,5,1,-0.133401046861943,-0.00792616089713047,0,1,0,0.131887722466672,-0.131887722466672,0.131887722466672,1,1,1,1,1,1,48,12,1,10,32926.2766754509,0,pair_el_local_covfit,medium,1,0,0,0,0,1,0.3410604,1,1,1,1,1,0,-0.00792616089713047,0,0,1
large_el_pair,8,26,2,1,1,0,0.263775444933353,-0.131887722466676,0.131887722466676,0,5,1,-0.132493438011991,-0.0104045683986221,0,1,0,0.131887722466672,-0.131887722466672,0.131887722466672,1,1,1,1,1,1,48,12,1,10,32907.3363881782,0,pair_el_local_covfit,medium,1,0,0,0,0,1,0.3492299,1,1,1,1,1,0,-0.0104045683986221,0,0,1
large_el_pair,8,27,2,1,1,0,0.263775444933353,-0.131887722466676,0.131887722466676,0,5,1,-0.135817249643825,-0.00297585107442971,0,1,0,0.131887722466672,-0.131887722466672,0.131887722466672,1,1,1,1,1,1,48,12,1,12,32761.8098707148,0,pair_el_local_covfit,medium,1,0,0,0,0,1,0.4074662,1,1,1,1,1,0,-0.00297585107442971,0,0,1
large_el_pair,8,28,2,1,1,0,0.263775444933353,-0.131887722466676,0.131887722466676,0,5,1,-0.1305480593988,-0.013263083064331,0,1,0,0.131887722466672,-0.131887722466672,0.131887722466672,1,1,1,1,1,1,48,12,1,10,32854.5206398953,0,pair_el_local_covfit,medium,1,0,0,0,0,1,0.3500796,1,1,1,1,1,0,-0.013263083064331,0,0,1
large_el_pair,8,29,2,1,1,0,0.263775444933353,-0.131887722466676,0.131887722466676,0,5,1,-0.130427217943953,-0.00177158613461562,0,1,0,0.131887722466672,-0.131887722466672,0.131887722466672,1,1,1,1,1,1,48,12,1,12,32990.3336048375,0,pair_el_local_covfit,medium,1,0,0,0,0,1,0.3537689,1,1,1,1,1,0,-0.00177158613461562,0,0,1
large_el_pair,8,30,2,1,1,0,0.263775444933353,-0.131887722466676,0.131887722466676,0,5,1,-0.13940005120818,-0.00920780604755436,0,1,0,0.131887722466672,-0.131887722466672,0.131887722466672,1,1,1,1,1,1,48,12,1,12,32751.9523057081,0,pair_el_local_covfit,medium,1,0,0,0,0,1,0.328143,1,1,1,1,1,0,-0.00920780604755436,0,0,1
large_el_pair,16,1,2,1,1,0,0.263775444933353,-0.131887722466676,0.131887722466676,0,5,1,-0.130057085932896,-0.0100926149927162,0,1,0,0.131887722466672,-0.131887722466672,0.131887722466672,1,1,1,1,1,1,48,12,1,14,32866.71785431,0,pair_el_local_covfit,medium,1,0,0,0,0,1,0.3344459,1,1,1,1,1,0,-0.0100926149927162,0,0,1
large_el_pair,16,2,2,1,1,0,0.263775444933353,-0.131887722466676,0.131887722466676,0,5,1,-0.12984896350154,-0.00894221576928744,0,1,0,0.131887722466672,-0.131887722466672,0.131887722466672,1,1,1,1,1,1,48,12,1,13,32814.460154895,0,pair_el_local_covfit,medium,1,0,0,0,0,1,0.3325531,1,1,1,1,1,0,-0.00894221576928744,0,0,1
large_el_pair,16,3,2,1,1,0,0.263775444933353,-0.131887722466676,0.131887722466676,0,5,1,-0.131008501219778,-0.0105271130173174,0,1,0,0.131887722466672,-0.131887722466672,0.131887722466672,1,1,1,1,1,1,48,12,1,15,32909.5694229077,0,pair_el_local_covfit,medium,1,0,0,0,0,1,0.3380085,1,1,1,1,1,0,-0.0105271130173174,0,0,1
large_el_pair,16,4,2,1,1,0,0.263775444933353,-0.131887722466676,0.131887722466676,0,5,1,-0.133726646358562,-0.00819393065094959,0,1,0,0.131887722466672,-0.131887722466672,0.131887722466672,1,1,1,1,1,1,48,12,1,15,32827.2411349854,0,pair_el_local_covfit,medium,1,0,0,0,0,1,0.3386598,1,1,1,1,1,0,-0.00819393065094959,0,0,1
large_el_pair,16,5,2,1,1,0,0.263775444933353,-0.131887722466676,0.131887722466676,0,5,1,-0.131195083834057,-0.0101144311066972,0,1,0,0.131887722466672,-0.131887722466672,0.131887722466672,1,1,1,1,1,1,48,12,1,14,32841.1743648575,0,pair_el_local_covfit,medium,1,0,0,0,0,1,0.3508514,1,1,1,1,1,0,-0.0101144311066972,0,0,1
large_el_pair,16,6,2,1,1,0,0.263775444933353,-0.131887722466676,0.131887722466676,0,5,1,-0.132627885275084,-0.00783224231104193,0,1,0,0.131887722466672,-0.131887722466672,0.131887722466672,1,1,1,1,1,1,48,12,1,15,32854.3863812801,0,pair_el_local_covfit,medium,1,0,0,0,0,1,0.3299128,1,1,1,1,1,0,-0.00783224231104193,0,0,1
large_el_pair,16,7,2,1,1,0,0.263775444933353,-0.131887722466676,0.131887722466676,0,5,1,-0.131463099447831,-0.00847880797719337,0,1,0,0.131887722466672,-0.131887722466672,0.131887722466672,1,1,1,1,1,1,48,12,1,14,32915.5642107402,0,pair_el_local_covfit,medium,1,0,0,0,0,1,0.3478632,1,1,1,1,1,0,-0.00847880797719337,0,0,1
large_el_pair,16,8,2,1,1,0,0.263775444933353,-0.131887722466676,0.131887722466676,0,5,1,-0.129868292339949,-0.0105497460888814,0,1,0,0.131887722466672,-0.131887722466672,0.131887722466672,1,1,1,1,1,1,48,12,1,14,32759.3195186568,0,pair_el_local_covfit,medium,1,0,0,0,0,1,0.3416511,1,1,1,1,1,0,-0.0105497460888814,0,0,1
large_el_pair,16,9,2,1,1,0,0.263775444933353,-0.131887722466676,0.131887722466676,0,5,1,-0.133525894257307,-0.00867562441116775,0,1,0,0.131887722466672,-0.131887722466672,0.131887722466672,1,1,1,1,1,1,48,12,1,12,32857.6768637023,0,pair_el_local_covfit,medium,1,0,0,0,0,1,0.3521824,1,1,1,1,1,0,-0.00867562441116775,0,0,1
large_el_pair,16,10,2,1,1,0,0.263775444933353,-0.131887722466676,0.131887722466676,0,5,1,-0.130053880910957,-0.00763437581243733,0,1,0,0.131887722466672,-0.131887722466672,0.131887722466672,1,1,1,1,1,1,48,12,1,13,32928.5986683803,0,pair_el_local_covfit,medium,1,0,0,0,0,1,0.3187026,1,1,1,1,1,0,-0.00763437581243733,0,0,1
large_el_pair,16,11,2,1,1,0,0.263775444933353,-0.131887722466676,0.131887722466676,0,5,1,-0.129837054058619,-0.00823224202155863,0,1,0,0.131887722466672,-0.131887722466672,0.131887722466672,1,1,1,1,1,1,48,12,1,13,32855.3991707268,0,pair_el_local_covfit,medium,1,0,0,0,0,1,0.330392,1,1,1,1,1,0,-0.00823224202155863,0,0,1
large_el_pair,16,12,2,1,1,0,0.263775444933353,-0.131887722466676,0.131887722466676,0,5,1,-0.132838914044164,-0.00554489300889281,0,1,0,0.131887722466672,-0.131887722466672,0.131887722466672,1,1,1,1,1,1,48,12,1,13,32931.2349497113,0,pair_el_local_covfit,medium,1,0,0,0,0,1,0.3535055,1,1,1,1,1,0,-0.00554489300889281,0,0,1
large_el_pair,16,13,2,1,1,0,0.263775444933353,-0.131887722466676,0.131887722466676,0,5,1,-0.133483843570433,-0.0097501744957838,0,1,0,0.131887722466672,-0.131887722466672,0.131887722466672,1,1,1,1,1,1,48,12,1,15,32846.838301936,0,pair_el_local_covfit,medium,1,0,0,0,0,1,0.3397042,1,1,1,1,1,0,-0.0097501744957838,0,0,1
large_el_pair,16,14,2,1,1,0,0.263775444933353,-0.131887722466676,0.131887722466676,0,5,1,-0.133445305663679,-0.00729171440058544,0,1,0,0.131887722466672,-0.131887722466672,0.131887722466672,1,1,1,1,1,1,48,12,1,14,33026.8749997286,0,pair_el_local_covfit,medium,1,0,0,0,0,1,0.3299686,1,1,1,1,1,0,-0.00729171440058544,0,0,1
large_el_pair,16,15,2,1,1,0,0.263775444933353,-0.131887722466676,0.131887722466676,0,5,1,-0.132810845400713,-0.010734616144347,0,1,0,0.131887722466672,-0.131887722466672,0.131887722466672,1,1,1,1,1,1,48,12,1,14,32849.5239866048,0,pair_el_local_covfit,medium,1,0,0,0,0,1,0.3255971,1,1,1,1,1,0,-0.010734616144347,0,0,1
large_el_pair,16,16,2,1,1,0,0.263775444933353,-0.131887722466676,0.131887722466676,0,5,1,-0.131796415209404,-0.007371779456014,0,1,0,0.131887722466672,-0.131887722466672,0.131887722466672,1,1,1,1,1,1,48,12,1,13,32955.9985799672,0,pair_el_local_covfit,medium,1,0,0,0,0,1,0.3356208,1,1,1,1,1,0,-0.007371779456014,0,0,1
large_el_pair,16,17,2,1,1,0,0.263775444933353,-0.131887722466676,0.131887722466676,0,5,1,-0.13187902827035,-0.0108239149597008,0,1,0,0.131887722466672,-0.131887722466672,0.131887722466672,1,1,1,1,1,1,48,12,1,16,32885.1877513713,0,pair_el_local_covfit,medium,1,0,0,0,0,1,0.3339867,1,1,1,1,1,0,-0.0108239149597008,0,0,1
large_el_pair,16,18,2,1,1,0,0.263775444933353,-0.131887722466676,0.131887722466676,0,5,1,-0.132364708451373,-0.00803698071566428,0,1,0,0.131887722466672,-0.131887722466672,0.131887722466672,1,1,1,1,1,1,48,12,1,13,32996.4665377121,0,pair_el_local_covfit,medium,1,0,0,0,0,1,0.3322966,1,1,1,1,1,0,-0.00803698071566428,0,0,1
large_el_pair,16,19,2,1,1,0,0.263775444933353,-0.131887722466676,0.131887722466676,0,5,1,-0.134041136006666,-0.00745212619785234,0,1,0,0.131887722466672,-0.131887722466672,0.131887722466672,1,1,1,1,1,1,48,12,1,13,32751.180971179,0,pair_el_local_covfit,medium,1,0,0,0,0,1,0.347688,1,1,1,1,1,0,-0.00745212619785234,0,0,1
large_el_pair,16,20,2,1,1,0,0.263775444933353,-0.131887722466676,0.131887722466676,0,5,1,-0.131481437697185,-0.00941165053516257,0,1,0,0.131887722466672,-0.131887722466672,0.131887722466672,1,1,1,1,1,1,48,12,1,15,32836.2289059232,0,pair_el_local_covfit,medium,1,0,0,0,0,1,0.3179136,1,1,1,1,1,0,-0.00941165053516257,0,0,1
large_el_pair,16,21,2,1,1,0,0.263775444933353,-0.131887722466676,0.131887722466676,0,5,1,-0.13090863182406,-0.0100339376519992,0,1,0,0.131887722466672,-0.131887722466672,0.131887722466672,1,1,1,1,1,1,48,12,1,13,32894.5944539467,0,pair_el_local_covfit,medium,1,0,0,0,0,1,0.3363417,1,1,1,1,1,0,-0.0100339376519992,0,0,1
large_el_pair,16,22,2,1,1,0,0.263775444933353,-0.131887722466676,0.131887722466676,0,5,1,-0.132458153522227,-0.00843758441793184,0,1,0,0.131887722466672,-0.131887722466672,0.131887722466672,1,1,1,1,1,1,48,12,1,15,33002.789873207,0,pair_el_local_covfit,medium,1,0,0,0,0,1,0.3357881,1,1,1,1,1,0,-0.00843758441793184,0,0,1
large_el_pair,16,23,2,1,1,0,0.263775444933353,-0.131887722466676,0.131887722466676,0,5,1,-0.130193881429897,-0.00782035986537613,0,1,0,0.131887722466672,-0.131887722466672,0.131887722466672,1,1,1,1,1,1,48,12,1,15,32884.5476589322,0,pair_el_local_covfit,medium,1,0,0,0,0,1,0.3195152,1,1,1,1,1,0,-0.00782035986537613,0,0,1
large_el_pair,16,24,2,1,1,0,0.263775444933353,-0.131887722466676,0.131887722466676,0,5,1,-0.132822495124635,-0.00816566741797325,0,1,0,0.131887722466672,-0.131887722466672,0.131887722466672,1,1,1,1,1,1,48,12,1,13,32967.3609427304,0,pair_el_local_covfit,medium,1,0,0,0,0,1,0.3302717,1,1,1,1,1,0,-0.00816566741797325,0,0,1
large_el_pair,16,25,2,1,1,0,0.263775444933353,-0.131887722466676,0.131887722466676,0,5,1,-0.13167669925361,-0.0100063054351499,0,1,0,0.131887722466672,-0.131887722466672,0.131887722466672,1,1,1,1,1,1,48,12,1,13,32898.7091746327,0,pair_el_local_covfit,medium,1,0,0,0,0,1,0.33248,1,1,1,1,1,0,-0.0100063054351499,0,0,1
large_el_pair,16,26,2,1,1,0,0.263775444933353,-0.131887722466676,0.131887722466676,0,5,1,-0.130045011005322,-0.0077162017325115,0,1,0,0.131887722466672,-0.131887722466672,0.131887722466672,1,1,1,1,1,1,48,12,1,16,32976.9633754472,0,pair_el_local_covfit,medium,1,0,0,0,0,1,0.3510076,1,1,1,1,1,0,-0.0077162017325115,0,0,1
large_el_pair,16,27,2,1,1,0,0.263775444933353,-0.131887722466676,0.131887722466676,0,5,1,-0.131323003179728,-0.00921536498855589,0,1,0,0.131887722466672,-0.131887722466672,0.131887722466672,1,1,1,1,1,1,48,12,1,14,32887.6456010295,0,pair_el_local_covfit,medium,1,0,0,0,0,1,0.3217946,1,1,1,1,1,0,-0.00921536498855589,0,0,1
large_el_pair,16,28,2,1,1,0,0.263775444933353,-0.131887722466676,0.131887722466676,0,5,1,-0.132176638939631,-0.00781076825551664,0,1,0,0.131887722466672,-0.131887722466672,0.131887722466672,1,1,1,1,1,1,48,12,1,13,33026.5179463894,0,pair_el_local_covfit,medium,1,0,0,0,0,1,0.3426494,1,1,1,1,1,0,-0.00781076825551664,0,0,1
large_el_pair,16,29,2,1,1,0,0.263775444933353,-0.131887722466676,0.131887722466676,0,5,1,-0.131093408468623,-0.0059230217303184,0,1,0,0.131887722466672,-0.131887722466672,0.131887722466672,1,1,1,1,1,1,48,12,1,14,32844.035034009,0,pair_el_local_covfit,medium,1,0,0,0,0,1,0.3543373,1,1,1,1,1,0,-0.0059230217303184,0,0,1
large_el_pair,16,30,2,1,1,0,0.263775444933353,-0.131887722466676,0.131887722466676,0,5,1,-0.131835770541216,-0.0080178025852124,0,1,0,0.131887722466672,-0.131887722466672,0.131887722466672,1,1,1,1,1,1,48,12,1,15,32955.9177862054,0,pair_el_local_covfit,medium,1,0,0,0,0,1,0.3579024,1,1,1,1,1,0,-0.0080178025852124,0,0,1
large_el_pair,8,1,2,1,1,0,0.5,-0.25,0.25,0,5,1,-0.245756318159287,-0.0131335062081502,0,1,0,0.25,-0.25,0.25,1,1,1,1,1,1,48,12,1,10,32739.1554967726,0,pair_el_local_covfit,medium,1,0,0,0,0,1,0.3359226,1,1,1,1,1,0,-0.0131335062081502,0,0,1
large_el_pair,8,2,2,1,1,0,0.5,-0.25,0.25,0,5,1,-0.252492147245896,-0.0188934047838283,0,1,0,0.25,-0.25,0.25,1,1,1,1,1,1,48,12,1,12,32891.0452934208,0,pair_el_local_covfit,medium,1,0,0,0,0,1,0.341206,1,1,1,1,1,0,-0.0188934047838283,0,0,1
large_el_pair,8,3,2,1,1,0,0.5,-0.25,0.25,0,5,1,-0.246693832085588,-0.0176598907562496,0,1,0,0.25,-0.25,0.25,1,1,1,1,1,1,48,12,1,11,32862.2343612296,0,pair_el_local_covfit,medium,1,0,0,0,0,1,0.3291923,1,1,1,1,1,0,-0.0176598907562496,0,0,1
large_el_pair,8,4,2,1,1,0,0.5,-0.25,0.25,0,5,1,-0.255570040605328,-0.0103380028145179,0,1,0,0.25,-0.25,0.25,1,1,1,1,1,1,48,12,1,10,32985.3779009145,0,pair_el_local_covfit,medium,1,0,0,0,0,1,0.3523436,1,1,1,1,1,0,-0.0103380028145179,0,0,1
large_el_pair,8,5,2,1,1,0,0.5,-0.25,0.25,0,5,1,-0.249928735725149,-0.0175175400812612,0,1,0,0.25,-0.25,0.25,1,1,1,1,1,1,48,12,1,11,32891.4538101669,0,pair_el_local_covfit,medium,1,0,0,0,0,1,0.3227756,1,1,1,1,1,0,-0.0175175400812612,0,0,1
large_el_pair,8,6,2,1,1,0,0.5,-0.25,0.25,0,5,1,-0.25039004782616,-0.00873198273387098,0,1,0,0.25,-0.25,0.25,1,1,1,1,1,1,48,12,1,11,32936.8368283614,0,pair_el_local_covfit,medium,1,0,0,0,0,1,0.3478127,1,1,1,1,1,0,-0.00873198273387098,0,0,1
large_el_pair,8,7,2,1,1,0,0.5,-0.25,0.25,0,5,1,-0.252763315250048,-0.00862900636965679,0,1,0,0.25,-0.25,0.25,1,1,1,1,1,1,48,12,1,10,32832.4101009191,0,pair_el_local_covfit,medium,1,0,0,0,0,1,0.3263462,1,1,1,1,1,0,-0.00862900636965679,0,0,1
large_el_pair,8,8,2,1,1,0,0.5,-0.25,0.25,0,5,1,-0.252113149549734,-0.0112211989308516,0,1,0,0.25,-0.25,0.25,1,1,1,1,1,1,48,12,1,10,33067.4799554955,0,pair_el_local_covfit,medium,1,0,0,0,0,1,0.3348643,1,1,1,1,1,0,-0.0112211989308516,0,0,1
large_el_pair,8,9,2,1,1,0,0.5,-0.25,0.25,0,5,1,-0.249432728069381,-0.00817542130351328,0,1,0,0.25,-0.25,0.25,1,1,1,1,1,1,48,12,1,11,32688.1323201599,0,pair_el_local_covfit,medium,1,0,0,0,0,1,0.3226631,1,1,1,1,1,0,-0.00817542130351328,0,0,1
large_el_pair,8,10,2,1,1,0,0.5,-0.25,0.25,0,5,1,-0.247452678817586,-0.0159848263872881,0,1,0,0.25,-0.25,0.25,1,1,1,1,1,1,48,12,1,12,33144.8807084641,0,pair_el_local_covfit,medium,1,0,0,0,0,1,0.3225098,1,1,1,1,1,0,-0.0159848263872881,0,0,1
large_el_pair,8,11,2,1,1,0,0.5,-0.25,0.25,0,5,1,-0.248452416537745,-0.0101613550588148,0,1,0,0.25,-0.25,0.25,1,1,1,1,1,1,48,12,1,12,32810.4403492579,0,pair_el_local_covfit,medium,1,0,0,0,0,1,0.3290323,1,1,1,1,1,0,-0.0101613550588148,0,0,1
large_el_pair,8,12,2,1,1,0,0.5,-0.25,0.25,0,5,1,-0.249111615312409,-0.0127685922977745,0,1,0,0.25,-0.25,0.25,1,1,1,1,1,1,48,12,1,11,32874.0256304521,0,pair_el_local_covfit,medium,1,0,0,0,0,1,0.3863346,1,1,1,1,1,0,-0.0127685922977745,0,0,1
large_el_pair,8,13,2,1,1,0,0.5,-0.25,0.25,0,5,1,-0.243675541634045,-0.0138815657204943,0,1,0,0.25,-0.25,0.25,1,1,1,1,1,1,48,12,1,12,32619.3224850144,0,pair_el_local_covfit,medium,1,0,0,0,0,1,0.3539331,1,1,1,1,1,0,-0.0138815657204943,0,0,1
large_el_pair,8,14,2,1,1,0,0.5,-0.25,0.25,0,5,1,-0.247789519349367,-0.012897272280518,0,1,0,0.25,-0.25,0.25,1,1,1,1,1,1,48,12,1,12,32868.4224715415,0,pair_el_local_covfit,medium,1,0,0,0,0,1,0.3475526,1,1,1,1,1,0,-0.012897272280518,0,0,1
large_el_pair,8,15,2,1,1,0,0.5,-0.25,0.25,0,5,1,-0.247654418933963,-0.00741526855877202,0,1,0,0.25,-0.25,0.25,1,1,1,1,1,1,48,12,1,12,32844.01561924,0,pair_el_local_covfit,medium,1,0,0,0,0,1,0.3321903,1,1,1,1,1,0,-0.00741526855877202,0,0,1
large_el_pair,8,16,2,1,1,0,0.5,-0.25,0.25,0,5,1,-0.250013472715061,-0.0135002114544517,0,1,0,0.25,-0.25,0.25,1,1,1,1,1,1,48,12,1,11,32948.7198658419,0,pair_el_local_covfit,medium,1,0,0,0,0,1,0.327045,1,1,1,1,1,0,-0.0135002114544517,0,0,1
large_el_pair,8,17,2,1,1,0,0.5,-0.25,0.25,0,5,1,-0.249643897479838,-0.00978718760764374,0,1,0,0.25,-0.25,0.25,1,1,1,1,1,1,48,12,1,11,32854.8479323151,0,pair_el_local_covfit,medium,1,0,0,0,0,1,0.3427573,1,1,1,1,1,0,-0.00978718760764374,0,0,1
large_el_pair,8,18,2,1,1,0,0.5,-0.25,0.25,0,5,1,-0.249858242878848,-0.0118188499102147,0,1,0,0.25,-0.25,0.25,1,1,1,1,1,1,48,12,1,11,32823.3608584212,0,pair_el_local_covfit,medium,1,0,0,0,0,1,0.3609087,1,1,1,1,1,0,-0.0118188499102147,0,0,1
large_el_pair,8,19,2,1,1,0,0.5,-0.25,0.25,0,5,1,-0.246574952258076,-0.00383888652043504,0,1,0,0.25,-0.25,0.25,1,1,1,1,1,1,48,12,1,10,32917.2202191339,0,pair_el_local_covfit,medium,1,0,0,0,0,1,0.5076682,1,1,1,1,1,0,-0.00383888652043504,0,0,1
large_el_pair,8,20,2,1,1,0,0.5,-0.25,0.25,0,5,1,-0.250739127105074,-0.0172457921596522,0,1,0,0.25,-0.25,0.25,1,1,1,1,1,1,48,12,1,10,32772.5205582396,0,pair_el_local_covfit,medium,1,0,0,0,0,1,0.3701354,1,1,1,1,1,0,-0.0172457921596522,0,0,1
large_el_pair,8,21,2,1,1,0,0.5,-0.25,0.25,0,5,1,-0.251616662971079,-0.011976435884306,0,1,0,0.25,-0.25,0.25,1,1,1,1,1,1,48,12,1,12,32756.3511084753,0,pair_el_local_covfit,medium,1,0,0,0,0,1,0.3948297,1,1,1,1,1,0,-0.011976435884306,0,0,1
large_el_pair,8,22,2,1,1,0,0.5,-0.25,0.25,0,5,1,-0.240556234991612,-0.0115437452942458,0,1,0,0.25,-0.25,0.25,1,1,1,1,1,1,48,12,1,11,33035.1182006773,0,pair_el_local_covfit,medium,1,0,0,0,0,1,0.3759508,1,1,1,1,1,0,-0.0115437452942458,0,0,1
large_el_pair,8,23,2,1,1,0,0.5,-0.25,0.25,0,5,1,-0.246459798312384,-0.011641821396606,0,1,0,0.25,-0.25,0.25,1,1,1,1,1,1,48,12,1,10,33032.0846178189,0,pair_el_local_covfit,medium,1,0,0,0,0,1,0.3596035,1,1,1,1,1,0,-0.011641821396606,0,0,1
large_el_pair,8,24,2,1,1,0,0.5,-0.25,0.25,0,5,1,-0.250774483905689,-0.02202550004406,0,1,0,0.25,-0.25,0.25,1,1,1,1,1,1,48,12,1,11,32876.9108371059,0,pair_el_local_covfit,medium,1,0,0,0,0,1,0.3961398,1,1,1,1,1,0,-0.02202550004406,0,0,1
large_el_pair,8,25,2,1,1,0,0.5,-0.25,0.25,0,5,1,-0.251720266172719,-0.0116228429989896,0,1,0,0.25,-0.25,0.25,1,1,1,1,1,1,48,12,1,10,32899.9323420832,0,pair_el_local_covfit,medium,1,0,0,0,0,1,0.3684564,1,1,1,1,1,0,-0.0116228429989896,0,0,1
large_el_pair,8,26,2,1,1,0,0.5,-0.25,0.25,0,5,1,-0.249964577081296,-0.0102877583540533,0,1,0,0.25,-0.25,0.25,1,1,1,1,1,1,48,12,1,10,32880.3305367445,0,pair_el_local_covfit,medium,1,0,0,0,0,1,0.3556608,1,1,1,1,1,0,-0.0102877583540533,0,0,1
large_el_pair,8,27,2,1,1,0,0.5,-0.25,0.25,0,5,1,-0.24319216134608,-0.00819783099684747,0,1,0,0.25,-0.25,0.25,1,1,1,1,1,1,48,12,1,10,32705.4009751186,0,pair_el_local_covfit,medium,1,0,0,0,0,1,0.3758991,1,1,1,1,1,0,-0.00819783099684747,0,0,1
large_el_pair,8,28,2,1,1,0,0.5,-0.25,0.25,0,5,1,-0.246117539856079,-0.0109107816700717,0,1,0,0.25,-0.25,0.25,1,1,1,1,1,1,48,12,1,12,32884.482749126,0,pair_el_local_covfit,medium,1,0,0,0,0,1,0.3648896,1,1,1,1,1,0,-0.0109107816700717,0,0,1
large_el_pair,8,29,2,1,1,0,0.5,-0.25,0.25,0,5,1,-0.247714771808008,-0.0105549261074025,0,1,0,0.25,-0.25,0.25,1,1,1,1,1,1,48,12,1,11,32878.0493267481,0,pair_el_local_covfit,medium,1,0,0,0,0,1,0.3874909,1,1,1,1,1,0,-0.0105549261074025,0,0,1
large_el_pair,8,30,2,1,1,0,0.5,-0.25,0.25,0,5,1,-0.248118860580276,-0.00915430263079993,0,1,0,0.25,-0.25,0.25,1,1,1,1,1,1,48,12,1,11,33114.3086259967,0,pair_el_local_covfit,medium,1,0,0,0,0,1,0.4718379,1,1,1,1,1,0,-0.00915430263079993,0,0,1
large_el_pair,16,1,2,1,1,0,0.5,-0.25,0.25,0,5,1,-0.248700219383839,-0.0111445953095487,0,1,0,0.25,-0.25,0.25,1,1,1,1,1,1,48,12,1,14,32864.8725136569,0,pair_el_local_covfit,medium,1,0,0,0,0,1,0.3685741,1,1,1,1,1,0,-0.0111445953095487,0,0,1
large_el_pair,16,2,2,1,1,0,0.5,-0.25,0.25,0,5,1,-0.250192328760458,-0.00828090842026971,0,1,0,0.25,-0.25,0.25,1,1,1,1,1,1,48,12,1,14,32982.1466818343,0,pair_el_local_covfit,medium,1,0,0,0,0,1,0.4055257,1,1,1,1,1,0,-0.00828090842026971,0,0,1
large_el_pair,16,3,2,1,1,0,0.5,-0.25,0.25,0,5,1,-0.250012495795597,-0.0126312679823781,0,1,0,0.25,-0.25,0.25,1,1,1,1,1,1,48,12,1,15,32852.5981569093,0,pair_el_local_covfit,medium,1,0,0,0,0,1,0.4003007,1,1,1,1,1,0,-0.0126312679823781,0,0,1
large_el_pair,16,4,2,1,1,0,0.5,-0.25,0.25,0,5,1,-0.248236074319341,-0.00878864623105558,0,1,0,0.25,-0.25,0.25,1,1,1,1,1,1,48,12,1,15,32870.2765881311,0,pair_el_local_covfit,medium,1,0,0,0,0,1,0.3433956,1,1,1,1,1,0,-0.00878864623105558,0,0,1
large_el_pair,16,5,2,1,1,0,0.5,-0.25,0.25,0,5,1,-0.24638931128087,-0.0104424470341077,0,1,0,0.25,-0.25,0.25,1,1,1,1,1,1,48,12,1,15,32926.7605297609,0,pair_el_local_covfit,medium,1,0,0,0,0,1,0.3507409,1,1,1,1,1,0,-0.0104424470341077,0,0,1
large_el_pair,16,6,2,1,1,0,0.5,-0.25,0.25,0,5,1,-0.249605336690419,-0.0121237559980063,0,1,0,0.25,-0.25,0.25,1,1,1,1,1,1,48,12,1,17,32891.2572512607,0,pair_el_local_covfit,medium,1,0,0,0,0,1,0.3411074,1,1,1,1,1,0,-0.0121237559980063,0,0,1
large_el_pair,16,7,2,1,1,0,0.5,-0.25,0.25,0,5,1,-0.24807243740611,-0.0157122738104302,0,1,0,0.25,-0.25,0.25,1,1,1,1,1,1,48,12,1,14,32861.2794511035,0,pair_el_local_covfit,medium,1,0,0,0,0,1,0.3417763,1,1,1,1,1,0,-0.0157122738104302,0,0,1
large_el_pair,16,8,2,1,1,0,0.5,-0.25,0.25,0,5,1,-0.248690163045898,-0.010236223454478,0,1,0,0.25,-0.25,0.25,1,1,1,1,1,1,48,12,1,15,32849.9951798486,0,pair_el_local_covfit,medium,1,0,0,0,0,1,0.3352543,1,1,1,1,1,0,-0.010236223454478,0,0,1
large_el_pair,16,9,2,1,1,0,0.5,-0.25,0.25,0,5,1,-0.248254937698447,-0.0130420501384227,0,1,0,0.25,-0.25,0.25,1,1,1,1,1,1,48,12,1,17,32863.1437379169,0,pair_el_local_covfit,medium,1,0,0,0,0,1,0.3352234,1,1,1,1,1,0,-0.0130420501384227,0,0,1
large_el_pair,16,10,2,1,1,0,0.5,-0.25,0.25,0,5,1,-0.248670017796883,-0.00946402167733697,0,1,0,0.25,-0.25,0.25,1,1,1,1,1,1,48,12,1,14,32837.6688009269,0,pair_el_local_covfit,medium,1,0,0,0,0,1,0.3311808,1,1,1,1,1,0,-0.00946402167733697,0,0,1
large_el_pair,16,11,2,1,1,0,0.5,-0.25,0.25,0,5,1,-0.247658516757203,-0.0105288809460751,0,1,0,0.25,-0.25,0.25,1,1,1,1,1,1,48,12,1,15,32818.2986050297,0,pair_el_local_covfit,medium,1,0,0,0,0,1,0.3236236,1,1,1,1,1,0,-0.0105288809460751,0,0,1
large_el_pair,16,12,2,1,1,0,0.5,-0.25,0.25,0,5,1,-0.248104311547197,-0.013113372381443,0,1,0,0.25,-0.25,0.25,1,1,1,1,1,1,48,12,1,14,32850.27545175,0,pair_el_local_covfit,medium,1,0,0,0,0,1,0.3316292,1,1,1,1,1,0,-0.013113372381443,0,0,1
large_el_pair,16,13,2,1,1,0,0.5,-0.25,0.25,0,5,1,-0.248629909814119,-0.0114252460600055,0,1,0,0.25,-0.25,0.25,1,1,1,1,1,1,48,12,1,13,32815.5501433731,0,pair_el_local_covfit,medium,1,0,0,0,0,1,0.3255596,1,1,1,1,1,0,-0.0114252460600055,0,0,1
large_el_pair,16,14,2,1,1,0,0.5,-0.25,0.25,0,5,1,-0.24927783367098,-0.00777912671525807,0,1,0,0.25,-0.25,0.25,1,1,1,1,1,1,48,12,1,14,32873.6897264264,0,pair_el_local_covfit,medium,1,0,0,0,0,1,0.3421887,1,1,1,1,1,0,-0.00777912671525807,0,0,1
large_el_pair,16,15,2,1,1,0,0.5,-0.25,0.25,0,5,1,-0.250223597399464,-0.010351488586128,0,1,0,0.25,-0.25,0.25,1,1,1,1,1,1,48,12,1,14,32851.0497387742,0,pair_el_local_covfit,medium,1,0,0,0,0,1,0.3413578,1,1,1,1,1,0,-0.010351488586128,0,0,1
large_el_pair,16,16,2,1,1,0,0.5,-0.25,0.25,0,5,1,-0.248450668350706,-0.00770664321658862,0,1,0,0.25,-0.25,0.25,1,1,1,1,1,1,48,12,1,15,32872.1091190437,0,pair_el_local_covfit,medium,1,0,0,0,0,1,0.3358761,1,1,1,1,1,0,-0.00770664321658862,0,0,1
large_el_pair,16,17,2,1,1,0,0.5,-0.25,0.25,0,5,1,-0.249327880368549,-0.0122234999927435,0,1,0,0.25,-0.25,0.25,1,1,1,1,1,1,48,12,1,16,32905.8243750182,0,pair_el_local_covfit,medium,1,0,0,0,0,1,0.3453721,1,1,1,1,1,0,-0.0122234999927435,0,0,1
large_el_pair,16,18,2,1,1,0,0.5,-0.25,0.25,0,5,1,-0.24734592801006,-0.0122634922692218,0,1,0,0.25,-0.25,0.25,1,1,1,1,1,1,48,12,1,14,32896.1938259886,0,pair_el_local_covfit,medium,1,0,0,0,0,1,0.3371469,1,1,1,1,1,0,-0.0122634922692218,0,0,1
large_el_pair,16,19,2,1,1,0,0.5,-0.25,0.25,0,5,1,-0.247360939526914,-0.0122998374558064,0,1,0,0.25,-0.25,0.25,1,1,1,1,1,1,48,12,1,15,32804.7296718722,0,pair_el_local_covfit,medium,1,0,0,0,0,1,0.3431642,1,1,1,1,1,0,-0.0122998374558064,0,0,1
large_el_pair,16,20,2,1,1,0,0.5,-0.25,0.25,0,5,1,-0.247336894662583,-0.00785855333971783,0,1,0,0.25,-0.25,0.25,1,1,1,1,1,1,48,12,1,17,32884.7813436159,0,pair_el_local_covfit,medium,1,0,0,0,0,1,0.3387682,1,1,1,1,1,0,-0.00785855333971783,0,0,1
large_el_pair,16,21,2,1,1,0,0.5,-0.25,0.25,0,5,1,-0.249461525802551,-0.0111833537906189,0,1,0,0.25,-0.25,0.25,1,1,1,1,1,1,48,12,1,13,32856.7175794587,0,pair_el_local_covfit,medium,1,0,0,0,0,1,0.3552523,1,1,1,1,1,0,-0.0111833537906189,0,0,1
large_el_pair,16,22,2,1,1,0,0.5,-0.25,0.25,0,5,1,-0.249141464237585,-0.00839580090621999,0,1,0,0.25,-0.25,0.25,1,1,1,1,1,1,48,12,1,12,32928.5772170528,0,pair_el_local_covfit,medium,1,0,0,0,0,1,0.3418097,1,1,1,1,1,0,-0.00839580090621999,0,0,1
large_el_pair,16,23,2,1,1,0,0.5,-0.25,0.25,0,5,1,-0.248416391235031,-0.0108081177177214,0,1,0,0.25,-0.25,0.25,1,1,1,1,1,1,48,12,1,13,33027.3770881965,0,pair_el_local_covfit,medium,1,0,0,0,0,1,0.3718129,1,1,1,1,1,0,-0.0108081177177214,0,0,1
large_el_pair,16,24,2,1,1,0,0.5,-0.25,0.25,0,5,1,-0.248958201749362,-0.0128355490214143,0,1,0,0.25,-0.25,0.25,1,1,1,1,1,1,48,12,1,15,32861.3050429912,0,pair_el_local_covfit,medium,1,0,0,0,0,1,0.357461,1,1,1,1,1,0,-0.0128355490214143,0,0,1
large_el_pair,16,25,2,1,1,0,0.5,-0.25,0.25,0,5,1,-0.248305295469096,-0.0128001298543276,0,1,0,0.25,-0.25,0.25,1,1,1,1,1,1,48,12,1,13,32746.8723186202,0,pair_el_local_covfit,medium,1,0,0,0,0,1,0.336778,1,1,1,1,1,0,-0.0128001298543276,0,0,1
large_el_pair,16,26,2,1,1,0,0.5,-0.25,0.25,0,5,1,-0.249509038151726,-0.00717208760766528,0,1,0,0.25,-0.25,0.25,1,1,1,1,1,1,48,12,1,15,32796.7886183533,0,pair_el_local_covfit,medium,1,0,0,0,0,1,0.3223218,1,1,1,1,1,0,-0.00717208760766528,0,0,1
large_el_pair,16,27,2,1,1,0,0.5,-0.25,0.25,0,5,1,-0.250013068860274,-0.0114996637005872,0,1,0,0.25,-0.25,0.25,1,1,1,1,1,1,48,12,1,12,32939.7236986577,0,pair_el_local_covfit,medium,1,0,0,0,0,1,0.3233488,1,1,1,1,1,0,-0.0114996637005872,0,0,1
large_el_pair,16,28,2,1,1,0,0.5,-0.25,0.25,0,5,1,-0.251039631365341,-0.0104010522515347,0,1,0,0.25,-0.25,0.25,1,1,1,1,1,1,48,12,1,13,32731.7621553522,0,pair_el_local_covfit,medium,1,0,0,0,0,1,0.3375531,1,1,1,1,1,0,-0.0104010522515347,0,0,1
large_el_pair,16,29,2,1,1,0,0.5,-0.25,0.25,0,5,1,-0.2488577088305,-0.0116083929253048,0,1,0,0.25,-0.25,0.25,1,1,1,1,1,1,48,12,1,15,32967.4517812963,0,pair_el_local_covfit,medium,1,0,0,0,0,1,0.323908,1,1,1,1,1,0,-0.0116083929253048,0,0,1
large_el_pair,16,30,2,1,1,0,0.5,-0.25,0.25,0,5,1,-0.250030081762575,-0.0122516849601649,0,1,0,0.25,-0.25,0.25,1,1,1,1,1,1,48,12,1,13,32852.8633413473,0,pair_el_local_covfit,medium,1,0,0,0,0,1,0.329088,1,1,1,1,1,0,-0.0122516849601649,0,0,1
